ring,cx,cy,cz,Tx,Ty,Tz,Bx,By,Bz,Nx,Ny,Nz,hw,obl,dN,dB,kappa,sx_c,sy_c,sx_L,sy_L,sx_R,sy_R,pose_ring,pose_dist,iv
0,-72.027,-386.235,149.752,0.554,0.8325,-0.0004,0.9705,-0.2394,0.0276,0.0243,-0.0166,-0.9996,27.3,0.3383,0.0,0.0,0.0,116.4,843.3,87.6,836.0,145.3,850.6,0,0.0,0
1,-71.087,-384.818,149.751,0.5518,0.834,-0.0006,0.9647,-0.2618,0.0282,0.0246,-0.017,-0.9996,27.304,0.314,0.029,1.326,0.08996,117.5,841.8,88.8,833.8,146.2,849.8,1,0.479,0
2,-70.149,-383.399,149.75,0.5515,0.8342,-0.0007,0.9585,-0.2837,0.0288,0.0249,-0.0173,-0.9995,27.308,0.2919,0.024,1.305,0.01261,118.5,840.2,90.0,831.6,147.0,848.9,3,0.274,0
3,-69.21,-381.981,149.749,0.5531,0.8331,-0.0005,0.9519,-0.3048,0.0294,0.0253,-0.0174,-0.9995,27.312,0.2726,0.024,1.267,0.06576,119.5,838.7,91.2,829.4,147.8,847.9,4,0.151,0
4,-68.267,-380.566,149.748,0.5565,0.8309,-0.0001,0.9453,-0.3248,0.0299,0.0257,-0.0173,-0.9995,27.315,0.2562,0.024,1.207,0.1371,120.5,837.1,92.4,827.2,148.7,847.0,5,0.518,0
5,-67.317,-379.156,149.749,0.5612,0.8277,0.0005,0.9388,-0.3432,0.0305,0.0262,-0.0171,-0.9995,27.319,0.2428,0.031,1.119,0.19262,121.6,835.6,93.6,825.1,149.5,846.0,7,0.711,0
6,-66.363,-377.749,149.749,0.5613,0.8276,0.0001,0.9325,-0.3599,0.031,0.0263,-0.0177,-0.9995,27.322,0.2256,0.035,1.023,0.01427,122.6,834.0,94.9,823.1,150.4,845.0,8,0.647,0
7,-65.407,-376.342,149.75,0.5632,0.8263,0.0002,0.9265,-0.3751,0.0314,0.0267,-0.0179,-0.9995,27.325,0.2119,0.026,0.937,0.07764,123.7,832.5,96.1,821.1,151.2,843.9,9,0.724,0
8,-64.446,-374.939,149.75,0.5667,0.8239,0.0008,0.9207,-0.3889,0.0319,0.0272,-0.0177,-0.9995,27.328,0.2014,0.031,0.858,0.1444,124.7,831.0,97.3,819.2,152.1,842.8,10,0.941,0
9,-63.479,-373.541,149.753,0.5719,0.8203,0.0019,0.9153,-0.4015,0.0323,0.0278,-0.0171,-0.9995,27.33,0.1942,0.049,0.786,0.2163,125.8,829.5,98.5,817.3,153.0,841.6,10,0.76,0
10,-62.5,-372.15,149.757,0.5788,0.8154,0.0035,0.91,-0.4132,0.0328,0.0287,-0.0161,-0.9995,27.333,0.1899,0.077,0.737,0.2902,126.8,827.9,99.7,815.4,153.9,840.5,11,0.412,0
11,-61.509,-370.768,149.765,0.5861,0.8102,0.0052,0.9049,-0.4242,0.0332,0.0296,-0.015,-0.9994,27.336,0.1868,0.081,0.695,0.30738,127.9,826.4,101.0,813.6,154.9,839.3,12,0.058,0
12,-60.509,-369.393,149.774,0.5904,0.8071,0.006,0.9,-0.4346,0.0336,0.0302,-0.0146,-0.9994,27.338,0.1808,0.041,0.659,0.18064,129.0,824.9,102.2,811.8,155.8,838.1,13,0.639,0
13,-59.5,-368.024,149.786,0.596,0.803,0.0072,0.8952,-0.4444,0.034,0.031,-0.014,-0.9994,27.34,0.1769,0.057,0.626,0.23732,130.1,823.4,103.4,810.0,156.8,836.9,13,1.061,0
14,-58.482,-366.662,149.799,0.6027,0.7979,0.0088,0.8905,-0.4538,0.0344,0.0319,-0.013,-0.9994,27.343,0.1749,0.077,0.603,0.28878,131.2,822.0,104.7,808.2,157.7,835.7,14,0.377,0
15,-57.45,-365.31,149.816,0.6105,0.792,0.0108,0.8859,-0.4626,0.0347,0.033,-0.0118,-0.9994,27.345,0.1748,0.093,0.569,0.33635,132.3,820.5,106.0,806.5,158.7,834.5,15,0.401,0
16,-56.405,-363.969,149.836,0.6191,0.7852,0.013,0.8815,-0.4709,0.0351,0.0342,-0.0104,-0.9994,27.348,0.1764,0.106,0.539,0.37675,133.5,819.0,107.2,804.8,159.7,833.3,16,1.264,0
17,-55.344,-362.64,149.86,0.6276,0.7784,0.0156,0.8772,-0.4788,0.0354,0.0356,-0.0086,-0.9993,27.35,0.1784,0.131,0.516,0.37709,134.6,817.6,108.5,803.1,160.8,832.1,16,0.437,0
18,-54.271,-361.322,149.889,0.6352,0.7722,0.0181,0.873,-0.4864,0.0357,0.037,-0.007,-0.9993,27.352,0.1796,0.122,0.498,0.34103,135.8,816.2,109.8,801.4,161.8,830.9,17,0.502,0
19,-53.184,-360.014,149.921,0.6423,0.7662,0.0199,0.869,-0.4935,0.036,0.0381,-0.0059,-0.9993,27.355,0.1808,0.089,0.467,0.31901,137.0,814.7,111.1,799.8,162.9,829.7,17,1.199,0
20,-52.087,-358.716,149.956,0.649,0.7605,0.0212,0.8651,-0.5003,0.0363,0.0389,-0.0053,-0.9992,27.357,0.1817,0.057,0.449,0.29963,138.2,813.3,112.4,798.2,164.0,828.5,18,0.199,0
21,-50.978,-357.427,149.993,0.655,0.7553,0.0219,0.8613,-0.5068,0.0366,0.0394,-0.0052,-0.9992,27.36,0.1822,0.029,0.432,0.26858,139.4,811.9,113.7,796.6,165.1,827.3,19,0.841,0
22,-49.86,-356.147,150.031,0.6603,0.7506,0.0221,0.8576,-0.513,0.0369,0.0397,-0.0055,-0.9992,27.362,0.182,0.024,0.414,0.23879,140.6,810.5,115.1,795.0,166.2,826.1,19,0.859,0
23,-48.732,-354.874,150.068,0.6654,0.7462,0.0228,0.854,-0.5189,0.0371,0.0402,-0.0054,-0.9992,27.364,0.1819,0.029,0.396,0.22811,141.8,809.2,116.4,793.4,167.3,824.9,20,0.199,0
24,-47.596,-353.61,150.109,0.6706,0.7414,0.0246,0.8505,-0.5246,0.0374,0.0413,-0.0042,-0.9991,27.366,0.1823,0.093,0.384,0.24606,143.1,807.8,117.7,791.9,168.4,823.7,21,1.253,0
25,-46.452,-352.352,150.152,0.6754,0.737,0.0256,0.8471,-0.5301,0.0377,0.042,-0.0038,-0.9991,27.369,0.1824,0.046,0.371,0.22197,144.3,806.4,119.1,790.4,169.6,822.5,21,0.448,0
26,-45.299,-351.103,150.196,0.6799,0.7328,0.0259,0.8438,-0.5353,0.0379,0.0423,-0.004,-0.9991,27.371,0.1824,0.021,0.353,0.20764,145.6,805.1,120.4,788.9,170.8,821.3,22,0.58,0
27,-44.14,-349.86,150.239,0.6842,0.7289,0.0254,0.8406,-0.5404,0.0382,0.0422,-0.0049,-0.9991,27.373,0.1822,0.052,0.345,0.19629,146.8,803.7,121.8,787.4,171.9,820.1,22,1.121,0
28,-42.972,-348.624,150.281,0.6883,0.725,0.0242,0.8374,-0.5453,0.0384,0.0417,-0.0063,-0.9991,27.375,0.182,0.085,0.335,0.19489,148.1,802.4,123.1,785.9,173.1,818.9,23,0.141,0
29,-41.799,-347.394,150.321,0.6923,0.7213,0.0223,0.8343,-0.55,0.0387,0.0408,-0.0083,-0.9991,27.377,0.1817,0.126,0.323,0.19442,149.4,801.1,124.5,784.4,174.3,817.7,24,0.768,0
30,-40.618,-346.17,150.357,0.6961,0.7176,0.0197,0.8312,-0.5546,0.039,0.0395,-0.0109,-0.9992,27.379,0.1814,0.167,0.318,0.199,150.7,799.7,125.9,782.9,175.5,816.6,24,0.933,0
31,-39.43,-344.954,150.39,0.7014,0.7125,0.0194,0.8282,-0.559,0.0392,0.0395,-0.0117,-0.9992,27.381,0.1834,0.046,0.305,0.24805,152.0,798.4,127.3,781.5,176.7,815.4,25,0.117,0
32,-38.233,-343.747,150.422,0.7062,0.7077,0.019,0.8252,-0.5634,0.0395,0.0393,-0.0124,-0.9991,27.383,0.1848,0.042,0.306,0.22913,153.3,797.1,128.7,780.0,177.9,814.2,26,0.592,0
33,-37.029,-342.547,150.454,0.7102,0.7038,0.018,0.8223,-0.5676,0.0398,0.0389,-0.0137,-0.9991,27.385,0.1852,0.078,0.293,0.19122,154.6,795.8,130.1,778.6,179.2,813.0,26,1.109,0
34,-35.818,-341.353,150.483,0.7134,0.7006,0.0164,0.8194,-0.5718,0.0401,0.0381,-0.0155,-0.9992,27.386,0.1846,0.113,0.293,0.16173,155.9,794.5,131.5,777.2,180.4,811.9,27,0.506,0
35,-34.603,-340.164,150.509,0.7158,0.6982,0.0142,0.8165,-0.5759,0.0405,0.037,-0.0177,-0.9992,27.388,0.1829,0.141,0.289,0.13628,157.2,793.2,132.9,775.8,181.6,810.7,28,0.019,0
36,-33.384,-338.978,150.531,0.7174,0.6965,0.0115,0.8137,-0.5799,0.0408,0.0356,-0.0203,-0.9992,27.39,0.1803,0.169,0.28,0.12024,158.6,791.9,134.3,774.4,182.9,809.5,29,0.408,0
37,-32.164,-337.795,150.548,0.7184,0.6956,0.0082,0.8108,-0.5838,0.0412,0.034,-0.0233,-0.9992,27.391,0.1767,0.195,0.279,0.12006,159.9,790.6,135.7,772.9,184.1,808.4,30,0.728,0
38,-30.942,-336.612,150.559,0.7186,0.6954,0.0045,0.808,-0.5877,0.0415,0.032,-0.0266,-0.9991,27.392,0.1721,0.221,0.276,0.12503,161.2,789.4,137.1,771.5,185.4,807.2,31,0.964,0
39,-29.719,-335.43,150.564,0.7195,0.6944,0.0012,0.8052,-0.5916,0.0419,0.0303,-0.0296,-0.9991,27.393,0.1686,0.198,0.276,0.12006,162.6,788.1,138.5,770.1,186.6,806.0,31,0.737,0
40,-28.494,-334.251,150.563,0.7209,0.6931,-0.0016,0.8023,-0.5954,0.0424,0.0288,-0.0323,-0.9991,27.394,0.1656,0.177,0.275,0.11418,163.9,786.8,140.0,768.7,187.9,804.8,32,0.581,0
41,-27.267,-333.073,150.558,0.7222,0.6917,-0.0041,0.7995,-0.5992,0.0428,0.0275,-0.0346,-0.999,27.395,0.1628,0.151,0.271,0.106,165.2,785.5,141.4,767.3,189.1,803.7,33,0.5,0
42,-26.038,-331.898,150.549,0.7236,0.6902,-0.0063,0.7966,-0.6029,0.0433,0.0264,-0.0368,-0.999,27.396,0.16,0.141,0.271,0.10136,166.6,784.2,142.8,765.9,190.4,802.5,34,0.488,0
43,-24.806,-330.726,150.537,0.725,0.6887,-0.0084,0.7937,-0.6067,0.0438,0.0254,-0.0389,-0.9989,27.396,0.1572,0.133,0.275,0.09892,167.9,782.9,144.2,764.5,191.7,801.3,35,0.537,0
44,-23.572,-329.556,150.521,0.7265,0.6871,-0.0103,0.7908,-0.6105,0.0443,0.0244,-0.0408,-0.9989,27.397,0.1546,0.123,0.275,0.09776,169.3,781.6,145.7,763.1,192.9,800.2,36,0.638,0
45,-22.335,-328.389,150.502,0.7281,0.6853,-0.0121,0.7878,-0.6143,0.0448,0.0236,-0.0427,-0.9988,27.398,0.1521,0.118,0.279,0.10128,170.6,780.4,147.1,761.7,194.2,799.0,38,0.734,0
46,-21.096,-327.225,150.48,0.7299,0.6835,-0.0138,0.7847,-0.6182,0.0454,0.0227,-0.0444,-0.9988,27.398,0.1496,0.11,0.288,0.10309,172.0,779.1,148.6,760.4,195.4,797.9,39,0.523,0
47,-19.853,-326.064,150.455,0.7318,0.6814,-0.0154,0.7816,-0.6221,0.0459,0.022,-0.0461,-0.9987,27.398,0.1474,0.105,0.287,0.10957,173.3,777.8,150.0,759.0,196.7,796.7,40,0.292,0
48,-18.607,-324.907,150.427,0.7331,0.6799,-0.0183,0.7784,-0.6261,0.0465,0.0204,-0.0489,-0.9986,27.398,0.1441,0.185,0.295,0.11841,174.7,776.6,151.5,757.6,198.0,795.6,41,0.05,0
49,-17.36,-323.752,150.393,0.7341,0.6787,-0.0219,0.7751,-0.6301,0.0471,0.0183,-0.0521,-0.9985,27.398,0.1403,0.219,0.299,0.13223,176.1,775.3,152.9,756.2,199.2,794.4,42,0.196,0
50,-16.11,-322.6,150.353,0.7356,0.677,-0.0247,0.7717,-0.6341,0.0477,0.0168,-0.0546,-0.9984,27.398,0.1372,0.167,0.303,0.1214,177.4,774.0,154.4,754.8,200.5,793.3,43,0.44,0
51,-14.858,-321.45,150.309,0.7375,0.6748,-0.0266,0.7683,-0.6383,0.0483,0.0158,-0.0565,-0.9983,27.398,0.1346,0.123,0.311,0.117,178.8,772.8,155.8,753.4,201.8,792.1,44,0.68,0
52,-13.602,-320.305,150.263,0.7399,0.6722,-0.0275,0.7648,-0.6424,0.0489,0.0153,-0.0578,-0.9982,27.398,0.1327,0.08,0.311,0.12301,180.2,771.5,157.3,752.0,203.0,791.0,46,0.557,0
53,-12.341,-319.164,150.216,0.7427,0.6691,-0.0276,0.7612,-0.6467,0.0495,0.0154,-0.0583,-0.9982,27.398,0.1313,0.029,0.323,0.14078,181.5,770.2,158.8,750.6,204.3,789.9,47,0.339,0
54,-11.076,-318.03,150.17,0.746,0.6655,-0.0266,0.7575,-0.6509,0.0502,0.0162,-0.0581,-0.9982,27.398,0.1306,0.047,0.323,0.16796,182.9,769.0,160.3,749.3,205.6,788.8,48,0.133,0
55,-9.804,-316.901,150.126,0.7496,0.6614,-0.0247,0.7537,-0.6552,0.0508,0.0175,-0.0572,-0.9982,27.398,0.1304,0.091,0.331,0.19464,184.3,767.8,161.8,747.9,206.8,787.6,49,0.06,0
56,-8.526,-315.78,150.086,0.7535,0.657,-0.0228,0.7499,-0.6596,0.0514,0.0189,-0.0563,-0.9982,27.398,0.1305,0.095,0.335,0.2082,185.7,766.5,163.3,746.5,208.1,786.5,50,0.236,0
57,-7.242,-314.666,150.047,0.7568,0.6532,-0.0232,0.746,-0.6639,0.052,0.0187,-0.0571,-0.9982,27.398,0.1297,0.047,0.334,0.17011,187.1,765.3,164.8,745.2,209.4,785.5,51,0.396,0
58,-5.952,-313.559,150.008,0.76,0.6495,-0.0231,0.742,-0.6683,0.0526,0.0189,-0.0576,-0.9982,27.398,0.1286,0.031,0.342,0.16486,188.5,764.1,166.4,743.8,210.7,784.4,52,0.54,0
59,-4.657,-312.457,149.969,0.763,0.646,-0.0226,0.7379,-0.6728,0.0532,0.0193,-0.0577,-0.9981,27.398,0.1272,0.024,0.35,0.15623,189.9,762.9,167.9,742.5,212.0,783.3,53,0.672,0
60,-3.357,-311.362,149.931,0.7659,0.6426,-0.0216,0.7338,-0.6773,0.0537,0.02,-0.0575,-0.9981,27.399,0.1256,0.042,0.35,0.15429,191.3,761.7,169.4,741.1,213.3,782.2,54,0.791,0
61,-2.052,-310.272,149.895,0.7686,0.6394,-0.0202,0.7295,-0.6819,0.0543,0.0211,-0.0569,-0.9982,27.399,0.1236,0.072,0.362,0.14875,192.8,760.5,171.0,739.8,214.6,781.2,56,0.7,0
62,-0.743,-309.187,149.862,0.7713,0.6362,-0.0183,0.7251,-0.6865,0.0549,0.0225,-0.056,-0.9982,27.399,0.1215,0.095,0.366,0.15492,194.2,759.3,172.5,738.5,215.9,780.1,57,0.606,0
63,0.57,-308.108,149.833,0.7738,0.6332,-0.0159,0.7205,-0.6912,0.0554,0.0243,-0.0547,-0.9982,27.4,0.119,0.127,0.378,0.15445,195.6,758.1,174.1,737.1,217.2,779.1,58,0.518,0
64,1.888,-307.034,149.809,0.7762,0.6303,-0.0131,0.7159,-0.696,0.0559,0.0263,-0.0532,-0.9982,27.4,0.1163,0.143,0.382,0.15808,197.1,756.9,175.7,735.8,218.5,778.1,59,0.433,0
65,3.21,-305.964,149.788,0.7788,0.6272,-0.0109,0.7111,-0.7009,0.0565,0.028,-0.052,-0.9983,27.401,0.1136,0.119,0.394,0.15517,198.5,755.7,177.3,734.5,219.8,777.0,60,0.351,0
66,4.537,-304.901,149.772,0.7815,0.6238,-0.0088,0.7061,-0.7058,0.057,0.0295,-0.0511,-0.9983,27.402,0.111,0.1,0.402,0.1625,199.9,754.6,178.9,733.2,221.1,776.0,61,0.269,0
67,5.868,-303.843,149.758,0.7844,0.6203,-0.007,0.701,-0.7109,0.0575,0.0309,-0.0503,-0.9983,27.402,0.1085,0.092,0.414,0.16469,201.4,753.4,180.5,731.9,222.4,775.0,62,0.187,0
68,7.205,-302.791,149.748,0.7874,0.6165,-0.0053,0.6956,-0.716,0.058,0.0321,-0.0496,-0.9983,27.403,0.106,0.08,0.426,0.17288,202.9,752.3,182.1,730.6,223.7,774.0,63,0.103,0
69,8.546,-301.746,149.74,0.7906,0.6124,-0.0038,0.6902,-0.7213,0.0585,0.0333,-0.0491,-0.9982,27.404,0.1037,0.075,0.434,0.18239,204.3,751.1,183.7,729.3,225.0,773.0,64,0.015,0
70,9.894,-300.709,149.735,0.7939,0.608,-0.0025,0.6845,-0.7266,0.059,0.0342,-0.0487,-0.9982,27.405,0.1015,0.056,0.447,0.19039,205.8,750.0,185.3,728.0,226.3,772.1,65,0.079,0
71,11.247,-299.679,149.732,0.7975,0.6033,-0.0013,0.6786,-0.7321,0.0594,0.0351,-0.0485,-0.9982,27.407,0.0994,0.053,0.463,0.20353,207.3,748.9,187.0,726.7,227.6,771.1,66,0.179,0
72,12.606,-298.657,149.731,0.8009,0.5988,0.0011,0.6725,-0.7377,0.0599,0.0368,-0.0475,-0.9982,27.408,0.0969,0.113,0.475,0.20654,208.7,747.8,188.7,725.4,228.9,770.2,67,0.287,0
73,13.971,-297.642,149.735,0.8043,0.5943,0.0032,0.6662,-0.7433,0.0603,0.0384,-0.0466,-0.9982,27.409,0.0943,0.105,0.483,0.20275,210.2,746.7,190.3,724.1,230.2,769.2,68,0.405,0
74,15.341,-296.636,149.742,0.8078,0.5895,0.0048,0.6597,-0.7491,0.0608,0.0396,-0.0461,-0.9982,27.411,0.0916,0.074,0.5,0.20729,211.7,745.6,192.0,722.9,231.5,768.3,69,0.533,0
75,16.718,-295.638,149.751,0.8114,0.5845,0.0058,0.6529,-0.755,0.0612,0.0403,-0.0461,-0.9981,27.412,0.0888,0.04,0.516,0.21031,213.2,744.5,193.7,721.6,232.8,767.4,70,0.673,0
76,18.101,-294.648,149.761,0.8151,0.5793,0.0062,0.646,-0.7609,0.0617,0.0406,-0.0464,-0.9981,27.414,0.0861,0.024,0.521,0.21545,214.7,743.4,195.4,720.3,234.1,766.5,72,0.704,0
77,19.49,-293.668,149.772,0.8188,0.574,0.006,0.6388,-0.7669,0.0621,0.0404,-0.0472,-0.9981,27.415,0.0832,0.047,0.537,0.21789,216.3,742.3,197.2,719.1,235.4,765.6,73,0.519,0
78,20.886,-292.696,149.781,0.8226,0.5685,0.0057,0.6314,-0.7729,0.0625,0.0401,-0.048,-0.998,27.417,0.0804,0.049,0.546,0.22547,217.8,741.3,198.9,717.9,236.7,764.7,74,0.316,0
79,22.288,-291.734,149.792,0.8264,0.563,0.0067,0.6238,-0.779,0.063,0.0408,-0.048,-0.998,27.419,0.0774,0.04,0.559,0.22776,219.3,740.2,200.6,716.6,238.0,763.9,75,0.094,0
80,23.696,-290.781,149.804,0.8303,0.5573,0.0072,0.616,-0.7852,0.0634,0.0411,-0.0483,-0.998,27.42,0.0743,0.024,0.571,0.23332,220.8,739.2,202.4,715.4,239.3,763.0,76,0.148,0
81,25.111,-289.839,149.816,0.8341,0.5516,0.0073,0.6081,-0.7913,0.0638,0.0411,-0.0489,-0.998,27.422,0.0712,0.034,0.572,0.23085,222.4,738.2,204.2,714.2,240.6,762.2,77,0.411,0
82,26.533,-288.906,149.828,0.8378,0.5459,0.0068,0.5999,-0.7975,0.0643,0.0406,-0.0499,-0.9979,27.423,0.0677,0.064,0.59,0.22959,223.9,737.1,206.0,713.0,241.9,761.4,78,0.695,0
83,27.961,-287.982,149.839,0.8414,0.5404,0.0058,0.5916,-0.8036,0.0647,0.0397,-0.0511,-0.9979,27.425,0.0639,0.086,0.591,0.22403,225.5,736.1,207.8,711.8,243.3,760.5,80,0.37,0
84,29.394,-287.067,149.848,0.8448,0.5351,0.0043,0.5832,-0.8097,0.0652,0.0384,-0.0526,-0.9979,27.426,0.0597,0.114,0.596,0.21809,227.1,735.1,209.6,710.6,244.6,759.7,81,0.016,0
85,30.833,-286.161,149.854,0.8476,0.5306,0.0036,0.5746,-0.8158,0.0656,0.0378,-0.0536,-0.9978,27.428,0.0544,0.067,0.605,0.18013,228.6,734.2,211.4,709.4,245.9,758.9,82,0.361,0
86,32.277,-285.263,149.86,0.851,0.5252,0.0029,0.5661,-0.8217,0.0661,0.0371,-0.0547,-0.9978,27.429,0.0504,0.075,0.594,0.21629,230.2,733.2,213.3,708.3,247.2,758.1,84,0.509,0
87,33.727,-284.375,149.864,0.8546,0.5193,0.0022,0.5577,-0.8274,0.0666,0.0364,-0.0557,-0.9978,27.43,0.0471,0.07,0.582,0.23409,231.8,732.2,215.1,707.1,248.5,757.3,85,0.059,0
88,35.184,-283.498,149.868,0.8584,0.5131,0.0016,0.5496,-0.8328,0.067,0.0358,-0.0567,-0.9977,27.431,0.0446,0.067,0.558,0.24585,233.4,731.3,216.9,706.0,249.9,756.6,86,0.413,0
89,36.647,-282.63,149.87,0.8621,0.5068,0.001,0.542,-0.8377,0.0675,0.0351,-0.0577,-0.9977,27.431,0.0428,0.07,0.519,0.24696,235.0,730.3,218.7,704.9,251.3,755.8,88,0.289,0
90,38.115,-281.774,149.871,0.8656,0.5007,0.0006,0.535,-0.8421,0.068,0.0345,-0.0586,-0.9977,27.432,0.0415,0.062,0.475,0.23738,236.6,729.4,220.5,703.9,252.7,755.0,89,0.233,0
91,39.59,-280.928,149.872,0.8688,0.4952,-0.0003,0.5288,-0.846,0.0684,0.0336,-0.0597,-0.9976,27.432,0.0405,0.082,0.42,0.21653,238.2,728.5,222.3,702.8,254.1,754.1,91,0.385,0
92,41.07,-280.09,149.87,0.8715,0.4905,-0.0012,0.5235,-0.8493,0.0689,0.0328,-0.0607,-0.9976,27.432,0.0396,0.073,0.359,0.18513,239.8,727.5,224.1,701.8,255.5,753.3,92,0.17,0
93,42.554,-279.259,149.868,0.874,0.486,-0.0018,0.519,-0.852,0.0694,0.0322,-0.0616,-0.9976,27.432,0.0394,0.062,0.302,0.17462,241.4,726.6,225.9,700.8,257.0,752.5,94,0.424,0
94,44.042,-278.437,149.864,0.8763,0.4817,-0.0021,0.5153,-0.8542,0.0698,0.0319,-0.0623,-0.9975,27.432,0.0399,0.044,0.248,0.16458,243.0,725.7,227.6,699.9,258.5,751.7,95,0.115,0
95,45.535,-277.621,149.861,0.8786,0.4775,-0.0021,0.5125,-0.8558,0.0703,0.0318,-0.0629,-0.9975,27.431,0.0415,0.035,0.187,0.16132,244.7,724.8,229.3,698.9,260.1,750.8,97,0.581,0
96,47.031,-276.813,149.857,0.8809,0.4733,-0.002,0.5105,-0.857,0.0707,0.0318,-0.0633,-0.9975,27.431,0.0439,0.023,0.136,0.16139,246.3,724.0,231.0,698.0,261.7,750.0,98,0.127,0
97,48.531,-276.011,149.854,0.8832,0.4691,-0.0016,0.5093,-0.8577,0.0711,0.032,-0.0637,-0.9975,27.43,0.0474,0.026,0.083,0.16188,247.9,723.1,232.7,697.1,263.3,749.1,99,0.287,0
98,50.034,-275.217,149.852,0.8855,0.4647,-0.001,0.5088,-0.8579,0.0715,0.0324,-0.0639,-0.9974,27.43,0.0518,0.026,0.038,0.16849,249.6,722.2,234.3,696.2,264.9,748.3,100,0.65,0
99,51.542,-274.431,149.851,0.8878,0.4602,-0.0002,0.5092,-0.8576,0.0719,0.0329,-0.064,-0.9974,27.429,0.0574,0.029,0.037,0.17238,251.2,721.4,235.9,695.4,266.5,747.4,102,0.501,0
100,53.055,-273.655,149.852,0.8919,0.4523,0.0017,0.5103,-0.857,0.0722,0.0342,-0.0636,-0.9974,27.428,0.0676,0.078,0.074,0.30675,252.9,720.5,237.6,694.5,268.2,746.5,103,0.329,0
101,54.575,-272.892,149.856,0.8951,0.4458,0.003,0.5121,-0.8559,0.0725,0.035,-0.0635,-0.9974,27.428,0.077,0.046,0.122,0.24796,254.5,719.7,239.2,693.8,269.9,745.7,104,0.234,0
102,56.099,-272.138,149.862,0.8976,0.4409,0.0037,0.5145,-0.8544,0.0728,0.0354,-0.0636,-0.9973,27.427,0.0854,0.024,0.163,0.18684,256.2,718.9,240.7,693.0,271.7,744.8,105,0.226,0
103,57.627,-271.392,149.868,0.8993,0.4373,0.0038,0.5175,-0.8526,0.073,0.0353,-0.064,-0.9973,27.426,0.0928,0.024,0.201,0.13416,257.9,718.1,242.3,692.2,273.4,744.0,106,0.31,0
104,59.157,-270.65,149.874,0.9003,0.4352,0.0032,0.5209,-0.8505,0.0732,0.0348,-0.0646,-0.9973,27.425,0.0991,0.045,0.229,0.08093,259.5,717.2,243.9,691.5,275.2,743.1,107,0.492,0
105,60.689,-269.911,149.879,0.9008,0.4343,0.0021,0.5247,-0.8481,0.0734,0.0339,-0.0654,-0.9973,27.425,0.1045,0.069,0.258,0.05073,261.2,716.4,245.4,690.7,277.0,742.2,108,0.782,0
106,62.22,-269.172,149.881,0.9005,0.4348,0.0003,0.5288,-0.8456,0.0736,0.0325,-0.0665,-0.9973,27.424,0.1085,0.102,0.275,0.06372,262.9,715.6,247.0,690.0,278.8,741.3,108,0.92,0
107,63.751,-268.431,149.88,0.8996,0.4367,-0.0021,0.5332,-0.8428,0.0737,0.0306,-0.0679,-0.9972,27.423,0.1115,0.135,0.299,0.1075,264.5,714.8,248.5,689.3,280.6,740.4,109,0.523,0
108,65.28,-267.686,149.874,0.8979,0.4402,-0.0054,0.5377,-0.8399,0.0739,0.0282,-0.0697,-0.9972,27.422,0.1127,0.172,0.307,0.17191,266.2,714.0,250.1,688.6,282.4,739.5,110,0.02,0
109,66.805,-266.935,149.862,0.8977,0.4406,-0.0077,0.5423,-0.8369,0.074,0.0264,-0.071,-0.9971,27.422,0.1175,0.127,0.315,0.07895,267.9,713.2,251.6,687.8,284.2,738.6,111,0.589,0
110,68.333,-266.188,149.848,0.8986,0.4387,-0.0089,0.547,-0.8338,0.074,0.0252,-0.072,-0.9971,27.421,0.1251,0.089,0.323,0.08156,269.5,712.4,253.1,687.1,286.0,737.7,111,1.112,0
111,69.861,-265.443,149.831,0.8989,0.438,-0.0106,0.5518,-0.8307,0.0741,0.0238,-0.0731,-0.997,27.42,0.1314,0.102,0.327,0.06276,271.2,711.6,254.6,686.4,287.8,736.8,112,0.407,0
112,71.39,-264.698,149.811,0.8985,0.4388,-0.0128,0.5567,-0.8274,0.0741,0.0221,-0.0744,-0.997,27.419,0.1362,0.123,0.338,0.08002,272.9,710.7,256.1,685.7,289.6,735.9,113,0.398,0
113,72.917,-263.95,149.788,0.8974,0.441,-0.0154,0.5616,-0.8241,0.0741,0.0202,-0.0759,-0.9969,27.418,0.1394,0.139,0.338,0.12059,274.5,709.9,257.7,684.9,291.5,735.0,114,1.294,0
114,74.441,-263.197,149.759,0.8955,0.4448,-0.0185,0.5666,-0.8207,0.074,0.0179,-0.0776,-0.9968,27.417,0.141,0.164,0.346,0.1772,276.2,709.1,259.2,684.2,293.3,734.0,114,0.407,0
115,75.962,-262.436,149.724,0.8926,0.4502,-0.0222,0.5716,-0.8172,0.074,0.0153,-0.0795,-0.9967,27.416,0.1407,0.185,0.35,0.2412,277.9,708.3,260.7,683.5,295.1,733.1,115,0.581,0
116,77.476,-261.665,149.683,0.8888,0.4575,-0.0265,0.5767,-0.8136,0.0739,0.0123,-0.0817,-0.9966,27.416,0.1384,0.213,0.358,0.31286,279.5,707.4,262.2,682.8,296.9,732.1,115,1.12,0
117,78.984,-260.88,149.634,0.8852,0.4643,-0.0305,0.5818,-0.8099,0.0738,0.0097,-0.0838,-0.9964,27.414,0.1367,0.192,0.361,0.29218,281.1,706.5,263.7,682.0,298.7,731.1,116,0.044,0
118,80.487,-260.087,149.58,0.8826,0.4689,-0.0337,0.5871,-0.8062,0.0736,0.0074,-0.0856,-0.9963,27.413,0.1377,0.167,0.37,0.20815,282.8,705.7,265.1,681.2,300.5,730.2,117,1.116,0
119,81.986,-259.285,149.519,0.8797,0.4741,-0.0376,0.5923,-0.8024,0.0734,0.0047,-0.0877,-0.9961,27.412,0.1379,0.196,0.369,0.23978,284.4,704.8,266.6,680.5,302.3,729.1,117,0.585,0
120,83.479,-258.474,149.452,0.8764,0.4798,-0.042,0.5976,-0.7984,0.0732,0.0016,-0.0901,-0.9959,27.411,0.1376,0.225,0.381,0.2669,286.0,703.9,268.1,679.7,304.0,728.1,118,0.647,0
121,84.966,-257.653,149.376,0.8727,0.486,-0.0471,0.6029,-0.7944,0.0729,-0.002,-0.0929,-0.9957,27.41,0.1366,0.262,0.381,0.29784,287.7,703.0,269.5,678.9,305.8,727.1,118,1.054,0
122,86.446,-256.821,149.291,0.8686,0.4927,-0.0529,0.6083,-0.7904,0.0726,-0.0061,-0.0961,-0.9953,27.408,0.1351,0.299,0.385,0.32901,289.3,702.1,271.0,678.1,307.6,726.0,119,0.239,0
123,87.92,-255.977,149.196,0.864,0.4999,-0.0593,0.6137,-0.7862,0.0723,-0.0106,-0.0998,-0.995,27.407,0.1329,0.334,0.392,0.35967,290.9,701.1,272.4,677.3,309.3,725.0,119,1.462,0
124,89.385,-255.121,149.09,0.8597,0.5066,-0.065,0.6191,-0.782,0.072,-0.0145,-0.103,-0.9946,27.405,0.1314,0.29,0.392,0.32992,292.5,700.2,273.9,676.5,311.1,723.9,120,0.119,0
125,90.844,-254.254,148.974,0.8553,0.5134,-0.0706,0.6244,-0.7778,0.0716,-0.0183,-0.1062,-0.9942,27.403,0.1297,0.286,0.388,0.33177,294.0,699.2,275.3,675.7,312.8,722.8,121,1.265,0
126,92.294,-253.375,148.849,0.8503,0.5207,-0.077,0.6298,-0.7735,0.0712,-0.0227,-0.1099,-0.9937,27.401,0.1273,0.331,0.396,0.36792,295.6,698.2,276.7,674.8,314.6,721.7,121,0.436,0
127,93.735,-252.483,148.712,0.8447,0.5286,-0.0842,0.6352,-0.7691,0.0707,-0.0276,-0.1141,-0.9931,27.399,0.1241,0.371,0.4,0.40658,297.2,697.2,278.1,674.0,316.3,720.6,122,0.978,0
128,95.166,-251.577,148.562,0.8385,0.5371,-0.0923,0.6406,-0.7647,0.0702,-0.0331,-0.1189,-0.9924,27.397,0.1199,0.42,0.4,0.44739,298.7,696.2,279.5,673.1,318.0,719.4,122,0.723,0
129,96.586,-250.656,148.398,0.8316,0.5461,-0.1013,0.6459,-0.7602,0.0697,-0.0392,-0.1242,-0.9915,27.394,0.1149,0.466,0.399,0.48783,300.3,695.2,280.9,672.2,319.7,718.2,123,0.711,0
130,97.994,-249.72,148.218,0.8246,0.555,-0.1097,0.6513,-0.7557,0.0691,-0.0449,-0.1292,-0.9906,27.392,0.1101,0.437,0.404,0.47501,301.8,694.1,282.2,671.3,321.4,717.0,123,0.99,0
131,99.39,-248.768,148.024,0.8173,0.5639,-0.1183,0.6566,-0.7511,0.0685,-0.0506,-0.1344,-0.9896,27.388,0.105,0.446,0.404,0.48414,303.3,693.1,283.6,670.4,323.0,715.8,124,0.455,0
132,100.774,-247.802,147.815,0.8096,0.573,-0.1275,0.6619,-0.7465,0.0678,-0.0566,-0.14,-0.9885,27.385,0.0995,0.474,0.404,0.50738,304.8,692.0,284.9,669.4,324.7,714.6,124,1.245,0
133,102.143,-246.82,147.59,0.8014,0.5822,-0.1371,0.6672,-0.7419,0.0671,-0.0629,-0.1459,-0.9873,27.382,0.0936,0.499,0.404,0.52638,306.3,690.9,286.3,668.5,326.3,713.3,125,0.202,0
134,103.499,-245.822,147.349,0.7929,0.5913,-0.1471,0.6724,-0.7372,0.0664,-0.0695,-0.1521,-0.9859,27.378,0.0875,0.525,0.404,0.53812,307.7,689.7,287.6,667.5,327.9,712.1,125,1.498,0
135,104.84,-244.808,147.09,0.7841,0.6005,-0.157,0.6776,-0.7325,0.0656,-0.0759,-0.1584,-0.9845,27.374,0.0811,0.521,0.404,0.54338,309.2,688.6,288.9,666.5,329.5,710.8,126,0.059,0
136,106.166,-243.78,146.815,0.7749,0.6096,-0.1668,0.6827,-0.7278,0.0648,-0.0822,-0.1646,-0.9829,27.37,0.0745,0.515,0.4,0.54694,310.6,687.4,290.2,665.5,331.1,709.4,127,1.364,0
137,107.475,-242.735,146.522,0.7654,0.6187,-0.1771,0.6878,-0.723,0.0639,-0.0887,-0.1711,-0.9813,27.365,0.0678,0.535,0.405,0.563,312.0,686.3,291.4,664.5,332.6,708.1,127,0.337,0
138,108.768,-241.675,146.212,0.7554,0.6278,-0.1878,0.6929,-0.7183,0.063,-0.0955,-0.1781,-0.9794,27.36,0.0606,0.57,0.401,0.58095,313.4,685.1,292.7,663.4,334.2,706.7,128,1.059,0
139,110.044,-240.6,145.883,0.7448,0.6369,-0.1991,0.6979,-0.7135,0.0621,-0.1027,-0.1855,-0.9773,27.354,0.053,0.604,0.4,0.60542,314.8,683.8,293.9,662.3,335.7,705.4,128,0.641,0
140,111.301,-239.51,145.535,0.7342,0.6457,-0.21,0.7028,-0.7087,0.0611,-0.1094,-0.1927,-0.9751,27.348,0.0456,0.577,0.397,0.59193,316.1,682.6,295.1,661.3,337.2,704.0,129,0.719,0
141,112.54,-238.404,145.169,0.723,0.6546,-0.2209,0.7077,-0.7039,0.0602,-0.1162,-0.2,-0.9729,27.342,0.0376,0.585,0.396,0.60598,317.4,681.3,296.3,660.2,338.6,702.5,129,0.982,0
142,113.76,-237.283,144.783,0.7105,0.664,-0.2332,0.7125,-0.6992,0.0591,-0.1238,-0.2082,-0.9702,27.336,0.0282,0.659,0.39,0.67036,318.7,680.0,297.4,659.0,340.0,701.1,130,0.334,0
143,114.956,-236.146,144.375,0.6962,0.674,-0.2469,0.7172,-0.6944,0.0581,-0.1323,-0.2176,-0.967,27.328,0.0169,0.749,0.389,0.74754,320.0,678.7,298.6,657.9,341.4,699.6,130,1.367,0
144,116.126,-234.99,143.942,0.6799,0.6847,-0.2625,0.7219,-0.6897,0.057,-0.142,-0.2282,-0.9632,27.321,0.0036,0.852,0.386,0.84143,321.2,677.4,299.7,656.7,342.8,698.2,131,0.104,0
145,117.268,-233.817,143.483,0.663,0.6953,-0.2774,0.7264,-0.685,0.0559,-0.1512,-0.2386,-0.9593,27.312,0.0102,0.826,0.378,0.83898,322.4,676.1,300.8,655.5,344.1,696.7,132,1.099,1
146,118.381,-232.626,142.999,0.6454,0.7055,-0.2928,0.7308,-0.6804,0.0548,-0.1606,-0.2494,-0.955,27.304,0.0244,0.857,0.37,0.85973,323.6,674.7,301.8,654.3,345.4,695.1,132,0.602,1
147,119.463,-231.418,142.488,0.6276,0.715,-0.3082,0.7351,-0.6758,0.0537,-0.17,-0.2604,-0.9504,27.294,0.0384,0.87,0.366,0.85524,324.7,673.3,302.9,653.1,346.7,693.6,133,0.534,1
148,120.515,-230.195,141.951,0.6098,0.7235,-0.3234,0.7393,-0.6713,0.0525,-0.1793,-0.2715,-0.9456,27.284,0.0518,0.874,0.359,0.83913,325.8,671.9,303.8,651.8,347.9,692.0,133,1.166,1
149,121.537,-228.957,141.389,0.5916,0.7321,-0.3377,0.7434,-0.6669,0.0514,-0.188,-0.282,-0.9408,27.274,0.0658,0.828,0.35,0.83203,326.9,670.5,304.8,650.6,349.0,690.5,134,0.101,1
150,122.526,-227.705,140.801,0.5719,0.7404,-0.3532,0.7473,-0.6626,0.0502,-0.1975,-0.2936,-0.9353,27.263,0.0809,0.915,0.34,0.88973,327.9,669.0,305.7,649.3,350.2,688.9,135,0.893,1
151,123.481,-226.439,140.187,0.5506,0.7483,-0.37,0.7511,-0.6584,0.0491,-0.2079,-0.3064,-0.9289,27.251,0.0973,1.014,0.331,0.95206,328.9,667.6,306.6,647.9,351.2,687.2,135,0.807,1
152,124.398,-225.16,139.542,0.5276,0.7557,-0.388,0.7547,-0.6543,0.0479,-0.2191,-0.3203,-0.9216,27.239,0.1149,1.105,0.32,1.01526,329.9,666.1,307.5,646.6,352.3,685.6,136,0.113,1
153,125.275,-223.869,138.868,0.5043,0.7629,-0.4045,0.7581,-0.6504,0.0468,-0.2294,-0.3332,-0.9145,27.226,0.1328,1.03,0.303,0.99217,330.8,664.6,308.3,645.2,353.2,684.0,137,0.955,1
154,126.113,-222.566,138.166,0.4811,0.7689,-0.4211,0.7614,-0.6466,0.0458,-0.2398,-0.3466,-0.9069,27.212,0.1501,1.065,0.294,0.98229,331.6,663.1,309.1,643.9,354.2,682.3,137,0.746,1
155,126.911,-221.255,137.436,0.4575,0.7738,-0.4381,0.7645,-0.6431,0.0448,-0.2506,-0.3605,-0.8985,27.198,0.1675,1.117,0.274,0.99386,332.4,661.6,309.8,642.5,355.0,680.7,138,0.02,1
156,127.669,-219.935,136.676,0.4332,0.7778,-0.4554,0.7674,-0.6396,0.0438,-0.2617,-0.3749,-0.8894,27.183,0.185,1.165,0.267,1.0141,333.2,660.0,310.5,641.0,355.9,679.0,139,0.693,1
157,128.384,-218.609,135.888,0.4077,0.7817,-0.4719,0.7702,-0.6364,0.0429,-0.2725,-0.3891,-0.88,27.168,0.2037,1.155,0.249,1.03188,333.9,658.5,311.2,639.6,356.6,677.3,139,1.007,1
158,129.054,-217.278,135.07,0.3802,0.7844,-0.49,0.7727,-0.6334,0.0422,-0.2845,-0.4049,-0.869,27.152,0.2237,1.3,0.227,1.11311,334.5,656.9,311.8,638.2,357.3,675.7,140,0.418,1
159,129.676,-215.942,134.221,0.3505,0.7859,-0.5095,0.775,-0.6306,0.0415,-0.2977,-0.4223,-0.8562,27.135,0.2451,1.45,0.211,1.19833,335.1,655.4,312.3,636.7,358.0,674.0,141,0.08,1
160,130.246,-214.605,133.338,0.3198,0.7866,-0.5283,0.7771,-0.6281,0.041,-0.3108,-0.4396,-0.8427,27.118,0.2672,1.464,0.189,1.21323,335.7,653.8,312.8,635.2,358.5,672.3,142,0.485,1
161,130.762,-213.268,132.424,0.2879,0.7861,-0.5469,0.7789,-0.6258,0.0407,-0.3243,-0.4574,-0.828,27.101,0.29,1.532,0.168,1.24441,336.2,652.2,313.3,633.8,359.0,670.7,143,0.803,1
162,131.224,-211.933,131.478,0.2548,0.7841,-0.566,0.7805,-0.6238,0.0405,-0.3383,-0.476,-0.8118,27.083,0.3132,1.625,0.147,1.28953,336.6,650.6,313.7,632.3,359.5,669.0,143,0.897,1
163,131.629,-210.602,130.499,0.221,0.7808,-0.5844,0.7818,-0.6222,0.0406,-0.3525,-0.4948,-0.7943,27.065,0.3368,1.682,0.118,1.30158,336.9,649.1,314.0,630.8,359.8,667.4,144,0.663,1
164,131.976,-209.278,129.491,0.1874,0.7767,-0.6013,0.7829,-0.6208,0.0409,-0.3661,-0.5128,-0.7765,27.046,0.3601,1.647,0.103,1.27491,337.2,647.5,314.3,629.3,360.1,665.8,145,0.511,1
165,132.267,-207.962,128.454,0.1554,0.771,-0.6176,0.7836,-0.6198,0.0416,-0.3795,-0.5306,-0.7579,27.027,0.3818,1.663,0.081,1.22532,337.4,646.0,314.5,627.8,360.4,664.2,146,0.438,1
166,132.505,-206.656,127.391,0.1249,0.7636,-0.6335,0.7841,-0.6192,0.0426,-0.3928,-0.5482,-0.7383,27.007,0.4019,1.691,0.073,1.18554,337.6,644.4,314.7,626.3,360.5,662.6,147,0.444,1
167,132.69,-205.364,126.301,0.0925,0.7564,-0.6476,0.7842,-0.6189,0.044,-0.4058,-0.5653,-0.7182,26.987,0.4241,1.686,0.082,1.21512,337.7,642.9,314.9,624.8,360.6,661.0,148,0.528,1
168,132.822,-204.085,125.189,0.0627,0.7476,-0.6612,0.7841,-0.619,0.046,-0.4184,-0.5818,-0.6975,26.966,0.444,1.68,0.115,1.14293,337.8,641.3,314.9,623.3,360.6,659.5,149,0.691,1
169,132.904,-202.823,124.052,0.0346,0.7367,-0.6753,0.7835,-0.6195,0.0485,-0.4314,-0.5985,-0.675,26.944,0.462,1.77,0.15,1.12122,337.7,639.8,315.0,621.8,360.5,658.0,151,0.451,1
170,132.938,-201.581,122.891,0.0029,0.7241,-0.6897,0.7826,-0.6204,0.0518,-0.4458,-0.6164,-0.6491,26.921,0.4827,1.984,0.203,1.24773,337.7,638.4,315.0,620.3,360.4,656.5,152,0.061,1
171,132.914,-200.36,121.707,-0.0294,0.7107,-0.7029,0.7811,-0.6219,0.0559,-0.4602,-0.6339,-0.6216,26.895,0.5042,2.042,0.264,1.25953,337.6,636.9,314.9,618.8,360.2,655.0,153,0.4,1
172,132.842,-199.165,120.5,-0.0542,0.6953,-0.7167,0.7791,-0.6239,0.0611,-0.4737,-0.6498,-0.5945,26.865,0.5198,1.959,0.339,1.08807,337.4,635.5,314.8,617.3,360.0,653.7,155,0.176,1
173,132.734,-197.997,119.269,-0.0722,0.6774,-0.7321,0.7765,-0.6265,0.0679,-0.4866,-0.6646,-0.567,26.83,0.5302,1.936,0.443,1.00046,337.2,634.1,314.7,615.8,359.6,652.3,156,0.484,1
174,132.592,-196.864,118.009,-0.095,0.656,-0.7487,0.7731,-0.6297,0.0764,-0.502,-0.6811,-0.533,26.786,0.5437,2.338,0.556,1.19299,336.9,632.7,314.6,614.4,359.3,651.0,158,0.293,1
175,132.411,-195.762,116.727,-0.1184,0.6423,-0.7572,0.7688,-0.6335,0.0872,-0.5131,-0.6925,-0.5071,26.725,0.564,1.742,0.701,0.95755,336.6,631.3,314.5,613.0,358.8,649.8,160,0.324,1
176,132.188,-194.675,115.438,-0.1436,0.6365,-0.7578,0.7633,-0.6381,0.1007,-0.5205,-0.6998,-0.4892,26.636,0.5921,1.186,0.876,0.87156,336.3,630.0,314.3,611.6,358.2,648.5,163,0.18,1
177,131.921,-193.604,114.145,-0.1711,0.6239,-0.7626,0.7566,-0.6433,0.1171,-0.5321,-0.7099,-0.4614,26.513,0.6201,1.82,1.058,1.03202,335.9,628.7,314.2,610.2,357.6,647.3,165,0.174,1
178,131.607,-192.552,112.846,-0.1973,0.6131,-0.765,0.7488,-0.6487,0.1358,-0.543,-0.718,-0.4354,26.351,0.6493,1.681,1.201,0.95828,335.4,627.4,314.1,608.8,356.8,646.2,168,0.088,1
179,131.252,-191.517,111.545,-0.2207,0.6052,-0.7649,0.7403,-0.6539,0.1559,-0.5523,-0.7239,-0.4134,26.15,0.6784,1.41,1.285,0.83218,334.9,626.2,314.0,607.5,356.0,644.9,170,0.299,1
180,130.855,-190.496,110.244,-0.2454,0.5954,-0.7651,0.7315,-0.6586,0.1765,-0.5636,-0.7297,-0.3871,25.912,0.7067,1.674,1.311,0.89541,334.4,624.9,313.9,606.3,355.0,643.7,173,0.057,1
181,130.418,-189.492,108.943,-0.2692,0.5845,-0.7654,0.7224,-0.6628,0.1971,-0.5762,-0.7346,-0.3583,25.643,0.7327,1.823,1.313,0.88213,333.8,623.7,313.7,605.1,354.0,642.5,175,0.179,1
182,129.941,-188.508,107.641,-0.2907,0.5718,-0.7672,0.7132,-0.6664,0.2174,-0.5903,-0.7382,-0.3265,25.355,0.7552,2.004,1.294,0.84358,333.2,622.5,313.6,603.9,353.0,641.2,177,0.318,1
183,129.429,-187.548,106.335,-0.3117,0.5595,-0.768,0.7039,-0.6696,0.2369,-0.6052,-0.74,-0.2934,25.055,0.776,2.082,1.251,0.82048,332.6,621.3,313.4,602.9,351.9,639.9,179,0.35,1
184,128.879,-186.603,105.032,-0.3355,0.5527,-0.7629,0.6945,-0.6725,0.2557,-0.6192,-0.7397,-0.2636,24.748,0.7998,1.887,1.216,0.85151,331.9,620.2,313.2,601.8,350.7,638.7,181,0.268,1
185,128.287,-185.665,103.743,-0.3604,0.549,-0.7542,0.6849,-0.6753,0.2738,-0.6335,-0.7375,-0.2341,24.438,0.8241,1.883,1.185,0.89742,331.1,619.0,312.9,600.8,349.5,637.4,183,0.062,1
186,127.655,-184.738,102.466,-0.3828,0.5424,-0.7478,0.6749,-0.678,0.2912,-0.6506,-0.733,-0.1986,24.129,0.8439,2.272,1.16,0.81587,330.4,617.9,312.6,599.8,348.3,636.1,185,0.282,1
187,126.985,-183.82,101.201,-0.4057,0.5377,-0.7391,0.6647,-0.6808,0.3078,-0.6689,-0.7258,-0.1608,23.826,0.8632,2.441,1.128,0.8405,329.6,616.8,312.3,598.8,347.0,634.9,186,0.341,1
188,126.275,-182.908,99.953,-0.4285,0.5345,-0.7284,0.6541,-0.6837,0.3236,-0.6884,-0.7153,-0.1199,23.53,0.8814,2.665,1.103,0.85557,328.7,615.7,311.9,597.8,345.7,633.6,188,0.235,1
189,125.529,-182.003,98.722,-0.4491,0.53,-0.7193,0.6431,-0.6869,0.3385,-0.7099,-0.7006,-0.073,23.246,0.8964,3.074,1.077,0.77384,327.8,614.6,311.5,596.9,344.3,632.4,189,0.264,1
190,124.748,-181.105,97.507,-0.4688,0.5258,-0.7098,0.6318,-0.6904,0.3525,-0.7323,-0.6807,-0.0206,22.975,0.9094,3.459,1.05,0.75035,326.9,613.5,311.0,595.9,342.9,631.2,191,0.577,1
191,123.935,-180.215,96.308,-0.488,0.5218,-0.6997,0.62,-0.6941,0.3658,-0.7553,-0.6543,0.0388,22.715,0.9207,3.951,1.041,0.74333,325.9,612.4,310.5,594.9,341.5,630.1,192,0.216,1
192,123.089,-179.331,95.127,-0.5061,0.5178,-0.6898,0.6079,-0.6981,0.3784,-0.7774,-0.6202,0.1047,22.467,0.9302,4.437,1.027,0.70808,325.0,611.3,310.0,593.9,340.1,628.9,193,0.104,1
193,122.214,-178.454,93.962,-0.5233,0.5136,-0.6799,0.5953,-0.7023,0.3903,-0.7972,-0.5769,0.1779,22.231,0.9376,5.005,1.022,0.6835,323.9,610.3,309.4,592.9,338.6,627.8,194,0.386,1
194,121.309,-177.584,92.815,-0.5411,0.509,-0.6694,0.5822,-0.707,0.4016,-0.8127,-0.5212,0.2606,22.007,0.9437,5.784,1.027,0.71341,322.9,609.2,308.8,592.0,337.2,626.7,195,0.632,1
195,120.373,-176.723,91.686,-0.5597,0.5038,-0.658,0.5686,-0.7119,0.4122,-0.8201,-0.451,0.3523,21.796,0.9481,6.634,1.027,0.75567,321.8,608.2,308.2,591.0,335.6,625.6,197,0.669,1
196,119.406,-175.871,90.578,-0.5783,0.498,-0.6462,0.5544,-0.7172,0.4222,-0.8157,-0.3677,0.4466,21.596,0.9506,7.218,1.04,0.76752,320.7,607.2,307.5,590.0,334.1,624.6,198,0.51,1
197,118.407,-175.029,89.489,-0.5958,0.4925,-0.6345,0.5397,-0.7229,0.4315,-0.7984,-0.2768,0.5348,21.409,0.9514,7.329,1.049,0.73305,319.6,606.2,306.8,589.0,332.5,623.6,199,0.375,1
198,117.38,-174.196,88.42,-0.6121,0.4874,-0.6227,0.5244,-0.7288,0.4403,-0.769,-0.1833,0.6124,21.234,0.9504,7.167,1.066,0.69948,318.4,605.2,306.1,588.0,330.9,622.6,200,0.259,1
199,116.326,-173.371,87.371,-0.627,0.4831,-0.6111,0.5085,-0.735,0.4485,-0.7307,-0.0928,0.6763,21.07,0.948,6.72,1.085,0.65255,317.3,604.2,305.4,587.0,329.3,621.6,201,0.161,1
200,115.247,-172.554,86.341,-0.6422,0.4776,-0.5995,0.4921,-0.7415,0.4561,-0.6849,-0.0063,0.7286,20.917,0.9436,6.362,1.101,0.67043,316.1,603.3,304.6,586.0,327.6,620.7,202,0.075,1
201,114.143,-171.746,85.332,-0.6561,0.4728,-0.5882,0.4751,-0.7482,0.4631,-0.6373,0.0703,0.7674,20.775,0.9379,5.627,1.121,0.62492,314.8,602.3,303.9,585.1,325.9,619.7,203,0.003,1
202,113.016,-170.946,84.341,-0.6687,0.4687,-0.5771,0.4576,-0.755,0.4696,-0.5905,0.1368,0.7953,20.644,0.9309,4.927,1.138,0.58242,313.6,601.4,303.1,584.1,324.2,618.8,204,0.076,1
203,111.869,-170.151,83.369,-0.6804,0.4655,-0.5661,0.4395,-0.762,0.4756,-0.5454,0.1943,0.8153,20.523,0.923,4.342,1.164,0.55171,312.3,600.4,302.2,583.1,322.5,617.9,205,0.148,1
204,110.703,-169.362,82.416,-0.6915,0.4625,-0.5549,0.4208,-0.7691,0.4811,-0.5024,0.244,0.8295,20.412,0.9137,3.853,1.189,0.54083,311.0,599.5,301.4,582.1,320.7,617.1,206,0.223,1
205,109.517,-168.579,81.482,-0.703,0.4587,-0.5435,0.4016,-0.7762,0.486,-0.4619,0.2866,0.8394,20.311,0.9025,3.416,1.206,0.56046,309.7,598.6,300.6,581.1,319.0,616.2,207,0.306,1
206,108.312,-167.803,80.567,-0.7147,0.4541,-0.532,0.382,-0.7833,0.4904,-0.4247,0.3225,0.8459,20.22,0.8896,2.986,1.221,0.57409,308.4,597.7,299.7,580.2,317.2,615.4,208,0.395,1
207,107.086,-167.035,79.673,-0.7265,0.4487,-0.5205,0.3622,-0.7902,0.4943,-0.3915,0.3523,0.8501,20.139,0.875,2.568,1.222,0.58422,307.0,596.8,298.8,579.2,315.4,614.5,209,0.483,1
208,105.841,-166.277,78.797,-0.738,0.4433,-0.5087,0.3423,-0.797,0.4976,-0.3611,0.3774,0.8528,20.067,0.8591,2.264,1.22,0.58422,305.7,595.9,297.9,578.3,313.6,613.7,210,0.56,1
209,104.577,-165.527,77.942,-0.749,0.4385,-0.4967,0.3224,-0.8035,0.5005,-0.3334,0.3984,0.8544,20.006,0.8424,1.994,1.211,0.57188,304.3,595.0,297.0,577.3,311.7,612.9,211,0.617,1
210,103.294,-164.786,77.107,-0.7591,0.4331,-0.4861,0.3028,-0.8096,0.5028,-0.3109,0.4149,0.8551,19.952,0.8249,1.599,1.184,0.52579,302.9,594.2,296.0,576.4,309.9,612.1,212,0.647,1
211,101.996,-164.054,76.289,-0.7681,0.4274,-0.4769,0.2834,-0.8154,0.5048,-0.293,0.4276,0.8552,19.907,0.8069,1.258,1.166,0.47426,301.5,593.3,295.0,575.5,308.1,611.4,213,0.639,1
212,100.683,-163.332,75.484,-0.7759,0.4215,-0.4693,0.2646,-0.8207,0.5064,-0.2794,0.4373,0.8548,19.867,0.7889,0.957,1.123,0.41731,300.1,592.5,294.0,574.6,306.2,610.6,214,0.586,1
213,99.357,-162.621,74.692,-0.7835,0.4157,-0.4618,0.2463,-0.8256,0.5077,-0.2671,0.4457,0.8544,19.834,0.7706,0.854,1.088,0.40948,298.7,591.7,293.0,573.7,304.4,609.8,215,0.478,1
214,98.018,-161.918,73.914,-0.7907,0.4105,-0.4542,0.2287,-0.83,0.5087,-0.2553,0.4532,0.8541,19.805,0.7526,0.801,1.041,0.39383,297.2,590.9,291.9,572.8,302.6,609.1,216,0.309,1
215,96.668,-161.224,73.148,-0.7974,0.4059,-0.4466,0.2117,-0.834,0.5095,-0.2442,0.4597,0.8538,19.78,0.7349,0.737,1.002,0.37494,295.8,590.1,290.8,572.0,300.7,608.3,217,0.073,1
216,95.307,-160.538,72.395,-0.8037,0.4017,-0.4391,0.1953,-0.8376,0.5102,-0.2337,0.4654,0.8537,19.759,0.7175,0.685,0.963,0.35905,294.3,589.3,289.7,571.2,298.9,607.6,218,0.232,1
217,93.935,-159.858,71.654,-0.8096,0.398,-0.4315,0.1795,-0.8409,0.5106,-0.2237,0.4706,0.8535,19.741,0.7003,0.646,0.925,0.3473,292.8,588.5,288.6,570.3,297.1,606.9,219,0.611,1
218,92.554,-159.184,70.927,-0.8153,0.3941,-0.4242,0.1642,-0.8438,0.5109,-0.2144,0.475,0.8535,19.726,0.6831,0.589,0.892,0.33863,291.4,587.7,287.4,569.5,295.3,606.1,220,1.067,1
219,91.163,-158.518,70.212,-0.8208,0.3899,-0.4175,0.1495,-0.8464,0.5111,-0.2066,0.4787,0.8533,19.714,0.6661,0.495,0.855,0.32453,289.9,587.0,286.3,568.7,293.5,605.4,220,0.633,1
220,89.762,-157.858,69.507,-0.8259,0.3862,-0.4108,0.1353,-0.8488,0.5111,-0.199,0.4821,0.8532,19.703,0.6495,0.477,0.825,0.30987,288.4,586.2,285.1,568.0,291.7,604.7,221,0.097,1
221,88.354,-157.204,68.814,-0.8306,0.3829,-0.4043,0.1215,-0.8509,0.5111,-0.1916,0.4852,0.8532,19.694,0.6334,0.46,0.8,0.29226,286.9,585.5,283.9,567.2,289.9,603.9,222,0.525,1
222,86.938,-156.555,68.132,-0.8351,0.3801,-0.3977,0.1083,-0.8527,0.511,-0.1843,0.4879,0.8532,19.687,0.6178,0.446,0.763,0.28522,285.4,584.7,282.6,566.4,288.1,603.2,222,1.176,1
223,85.514,-155.911,67.462,-0.8392,0.3776,-0.3912,0.0954,-0.8543,0.5109,-0.1771,0.4904,0.8533,19.682,0.6025,0.437,0.745,0.27227,283.8,584.0,281.4,565.7,286.3,602.5,223,0.467,1
224,84.084,-155.27,66.802,-0.8432,0.3755,-0.3847,0.083,-0.8558,0.5106,-0.1699,0.4927,0.8534,19.677,0.5878,0.433,0.716,0.26671,282.3,583.3,280.1,564.9,284.5,601.8,224,0.333,1
225,82.647,-154.634,66.152,-0.8471,0.3727,-0.379,0.071,-0.857,0.5104,-0.1642,0.4946,0.8534,19.673,0.573,0.344,0.691,0.25112,280.8,582.5,278.9,564.2,282.8,601.1,225,1.212,1
226,81.203,-154.003,65.513,-0.8507,0.37,-0.3732,0.0593,-0.8581,0.5101,-0.1585,0.4964,0.8535,19.67,0.5583,0.343,0.674,0.24729,279.3,581.8,277.6,563.5,281.0,600.4,225,0.488,1
227,79.753,-153.376,64.883,-0.8543,0.3676,-0.3675,0.0479,-0.859,0.5097,-0.1529,0.498,0.8536,19.669,0.544,0.334,0.656,0.24109,277.7,581.1,276.3,562.8,279.2,599.7,226,0.455,2
228,78.297,-152.753,64.263,-0.8578,0.3653,-0.3615,0.0367,-0.8598,0.5093,-0.1471,0.4995,0.8537,19.668,0.5297,0.343,0.644,0.24654,276.2,580.4,275.0,562.1,277.4,599.0,226,1.245,2
229,76.836,-152.133,63.654,-0.8613,0.3631,-0.3554,0.0258,-0.8604,0.5089,-0.1412,0.5008,0.8539,19.667,0.5155,0.346,0.626,0.24827,274.7,579.7,273.7,561.4,275.6,598.3,227,0.254,2
230,75.368,-151.518,63.055,-0.8648,0.361,-0.3489,0.0151,-0.861,0.5085,-0.135,0.5021,0.8542,19.668,0.5013,0.363,0.614,0.25862,273.1,579.0,272.4,560.7,273.9,597.6,228,0.77,2
231,73.894,-150.905,62.467,-0.8684,0.3589,-0.342,0.0045,-0.8614,0.508,-0.1285,0.5033,0.8545,19.67,0.4868,0.379,0.608,0.27159,271.6,578.3,271.0,560.0,272.1,596.9,228,0.93,2
232,72.415,-150.297,61.891,-0.8717,0.3566,-0.336,-0.006,-0.8617,0.5074,-0.1232,0.5042,0.8548,19.672,0.4725,0.308,0.603,0.24342,270.0,577.7,269.7,559.3,270.3,596.2,229,0.111,2
233,70.93,-149.692,61.325,-0.875,0.3543,-0.33,-0.0164,-0.8619,0.5068,-0.1179,0.505,0.855,19.675,0.4583,0.307,0.597,0.24338,268.4,577.0,268.3,558.6,268.5,595.5,230,1.152,2
234,69.439,-149.092,60.769,-0.8784,0.352,-0.3234,-0.0268,-0.862,0.5062,-0.1123,0.5057,0.8553,19.679,0.4436,0.324,0.597,0.26187,266.9,576.3,267.0,558.0,266.7,594.9,230,0.549,2
235,67.942,-148.495,60.225,-0.8818,0.3497,-0.3165,-0.037,-0.862,0.5055,-0.1064,0.5064,0.8557,19.684,0.4288,0.341,0.586,0.27051,265.3,575.6,265.6,557.3,264.9,594.2,231,0.478,2
236,66.44,-147.903,59.693,-0.8853,0.3473,-0.3092,-0.0472,-0.862,0.5048,-0.1001,0.5069,0.8562,19.69,0.4137,0.363,0.586,0.2845,263.7,575.0,264.3,556.7,263.1,593.5,231,1.222,2
237,64.931,-147.314,59.174,-0.8889,0.345,-0.3014,-0.0574,-0.8618,0.504,-0.0936,0.5072,0.8567,19.697,0.3982,0.374,0.586,0.29965,262.1,574.3,262.9,556.0,261.3,592.9,232,0.225,2
238,63.417,-146.729,58.668,-0.8925,0.3427,-0.2932,-0.0675,-0.8616,0.5031,-0.0868,0.5074,0.8573,19.705,0.3825,0.391,0.581,0.31154,260.6,573.7,261.6,555.4,259.5,592.2,233,0.732,2
239,61.896,-146.149,58.176,-0.8963,0.3399,-0.2849,-0.0776,-0.8612,0.5023,-0.0802,0.5075,0.8579,19.714,0.3663,0.38,0.581,0.32171,259.0,573.0,260.2,554.7,257.7,591.5,233,0.968,2
240,60.369,-145.573,57.699,-0.8998,0.3372,-0.2769,-0.0877,-0.8608,0.5013,-0.074,0.5075,0.8585,19.725,0.3502,0.357,0.582,0.30796,257.4,572.4,258.8,554.1,255.9,590.9,234,0.06,2
241,58.836,-145.002,57.234,-0.903,0.3347,-0.2693,-0.0977,-0.8603,0.5003,-0.0681,0.5073,0.8591,19.736,0.3345,0.34,0.577,0.29033,255.8,571.8,257.4,553.5,254.1,590.3,235,0.794,2
242,57.298,-144.434,56.783,-0.906,0.3325,-0.2619,-0.1078,-0.8597,0.4992,-0.0624,0.507,0.8597,19.749,0.3189,0.329,0.583,0.27908,254.2,571.1,256.0,552.9,252.3,589.6,235,0.907,2
243,55.755,-143.871,56.344,-0.9087,0.3306,-0.2549,-0.1179,-0.8591,0.4981,-0.057,0.5066,0.8603,19.763,0.3038,0.312,0.583,0.26078,252.6,570.5,254.6,552.3,250.5,589.0,236,0.116,2
244,54.207,-143.31,55.916,-0.9112,0.3289,-0.2481,-0.128,-0.8583,0.4969,-0.0517,0.5061,0.8609,19.778,0.2889,0.307,0.585,0.25074,250.9,569.9,253.2,551.7,248.6,588.4,237,0.604,2
245,52.656,-142.752,55.5,-0.9134,0.3275,-0.2417,-0.1382,-0.8575,0.4956,-0.0467,0.5055,0.8616,19.794,0.2744,0.291,0.591,0.23286,249.3,569.3,251.8,551.1,246.8,587.7,237,1.096,2
246,51.101,-142.196,55.095,-0.9155,0.3272,-0.2343,-0.1484,-0.8566,0.4943,-0.0403,0.5046,0.8624,19.812,0.2602,0.373,0.591,0.25937,247.7,568.7,250.4,550.5,245.0,587.1,238,0.454,2
247,49.542,-141.64,54.703,-0.9176,0.3266,-0.2267,-0.1586,-0.8555,0.4928,-0.034,0.5036,0.8633,19.832,0.2456,0.369,0.594,0.26643,246.1,568.1,249.0,549.9,243.1,586.5,239,0.102,2
248,47.98,-141.086,54.323,-0.9199,0.325,-0.2197,-0.1689,-0.8545,0.4913,-0.0288,0.5025,0.8641,19.854,0.2303,0.308,0.599,0.25402,244.5,567.5,247.6,549.3,241.3,585.9,240,0.564,2
249,46.414,-140.535,53.955,-0.9224,0.3222,-0.2131,-0.1792,-0.8533,0.4896,-0.0246,0.5014,0.8648,19.877,0.214,0.252,0.602,0.25582,242.8,566.9,246.2,548.7,239.4,585.3,241,0.929,2
250,44.843,-139.99,53.598,-0.9251,0.3184,-0.207,-0.1896,-0.8521,0.4879,-0.0214,0.5004,0.8655,19.902,0.1969,0.196,0.608,0.25867,241.2,566.3,244.8,548.1,237.6,584.7,241,0.772,2
251,43.268,-139.453,53.251,-0.928,0.3134,-0.2013,-0.1999,-0.8508,0.486,-0.0192,0.4993,0.8662,19.93,0.179,0.147,0.605,0.27353,239.6,565.7,243.4,547.5,235.7,584.1,242,0.497,2
252,41.687,-138.925,52.914,-0.9312,0.3073,-0.1959,-0.2102,-0.8494,0.484,-0.0179,0.4983,0.8668,19.96,0.1601,0.1,0.607,0.2949,237.9,565.1,242.0,547.0,233.8,583.5,243,0.306,2
253,40.101,-138.408,52.585,-0.9341,0.302,-0.1904,-0.2205,-0.8481,0.4818,-0.0161,0.4971,0.8675,19.993,0.1419,0.13,0.608,0.27529,236.3,564.6,240.6,546.4,232.0,582.9,244,0.193,2
254,38.51,-137.897,52.266,-0.9368,0.2977,-0.1841,-0.2307,-0.8466,0.4796,-0.0132,0.4955,0.8685,20.029,0.1242,0.198,0.604,0.2726,234.7,564.0,239.2,545.9,230.1,582.4,245,0.15,2
255,36.915,-137.396,51.959,-0.9396,0.2927,-0.1775,-0.2407,-0.8452,0.4772,-0.0104,0.4939,0.8695,20.066,0.1059,0.193,0.595,0.29452,233.0,563.5,237.8,545.3,228.2,581.8,246,0.17,2
256,35.315,-136.902,51.663,-0.9425,0.2873,-0.171,-0.2502,-0.8438,0.4747,-0.008,0.4921,0.8705,20.106,0.0878,0.181,0.569,0.30104,231.4,562.9,236.3,544.8,226.4,581.3,247,0.246,2
257,33.71,-136.419,51.377,-0.9452,0.2817,-0.1648,-0.2593,-0.8425,0.4721,-0.0058,0.4902,0.8716,20.146,0.07,0.178,0.547,0.29586,229.7,562.4,234.9,544.3,224.5,580.8,248,0.37,2
258,32.1,-135.944,51.102,-0.9478,0.2762,-0.1591,-0.2677,-0.8414,0.4695,-0.0042,0.4883,0.8727,20.188,0.0534,0.156,0.508,0.28087,228.0,561.9,233.4,543.8,222.6,580.3,249,0.536,2
259,30.486,-135.479,50.836,-0.9502,0.2709,-0.154,-0.2753,-0.8404,0.4669,-0.003,0.4864,0.8737,20.23,0.038,0.141,0.464,0.26074,226.4,561.4,231.9,543.3,220.8,579.8,250,0.734,2
260,28.868,-135.025,50.577,-0.9529,0.2632,-0.1507,-0.282,-0.8396,0.4642,-0.0043,0.485,0.8745,20.273,0.0222,0.119,0.416,0.29658,224.7,560.9,230.4,542.8,219.0,579.3,252,0.516,2
261,27.246,-134.583,50.324,-0.9552,0.2566,-0.1472,-0.2878,-0.8391,0.4616,-0.0051,0.4833,0.8754,20.316,0.0084,0.119,0.365,0.26328,223.0,560.5,228.9,542.3,217.1,578.8,253,0.284,2
262,25.62,-134.151,50.077,-0.9571,0.2519,-0.1433,-0.2927,-0.8388,0.459,-0.0046,0.4813,0.8766,20.358,0.0031,0.137,0.318,0.21555,221.4,560.0,227.3,541.8,215.3,578.4,254,0.071,2
263,23.991,-133.725,49.837,-0.9586,0.2487,-0.1388,-0.2968,-0.8388,0.4565,-0.0029,0.4788,0.8779,20.401,0.0125,0.189,0.275,0.19278,219.7,559.5,225.7,541.3,213.5,578.0,255,0.145,2
264,22.36,-133.304,49.605,-0.9598,0.2468,-0.1338,-0.2999,-0.839,0.454,-0.0002,0.476,0.8795,20.443,0.02,0.241,0.228,0.18467,218.0,559.1,224.1,540.8,211.8,577.5,256,0.313,2
265,20.726,-132.885,49.382,-0.9608,0.2461,-0.1281,-0.3022,-0.8395,0.4516,0.0036,0.4727,0.8812,20.484,0.0259,0.304,0.193,0.19639,216.3,558.6,222.5,540.3,210.0,577.1,257,0.442,2
266,19.092,-132.467,49.17,-0.9615,0.2466,-0.1215,-0.3037,-0.8402,0.4492,0.0086,0.469,0.8831,20.524,0.0302,0.373,0.167,0.22422,214.6,558.2,220.9,539.8,208.3,576.7,258,0.529,2
267,17.457,-132.046,48.969,-0.9619,0.2483,-0.114,-0.3044,-0.8412,0.4469,0.0151,0.4649,0.8853,20.564,0.033,0.458,0.149,0.25949,212.9,557.7,219.3,539.3,206.6,576.3,259,0.576,2
268,15.82,-131.621,48.782,-0.9621,0.2515,-0.1053,-0.3043,-0.8424,0.4447,0.0232,0.4602,0.8875,20.602,0.0341,0.551,0.144,0.31233,211.3,557.3,217.6,538.8,204.9,575.9,260,0.586,2
269,14.184,-131.193,48.61,-0.9626,0.2525,-0.0983,-0.3034,-0.8438,0.4426,0.0288,0.4561,0.8895,20.639,0.0355,0.414,0.154,0.23893,209.6,556.8,215.9,538.3,203.2,575.5,261,0.558,2
270,12.547,-130.763,48.448,-0.9631,0.253,-0.0917,-0.3018,-0.8455,0.4405,0.034,0.4522,0.8913,20.675,0.0364,0.386,0.18,0.22364,207.9,556.4,214.2,537.8,201.5,575.1,262,0.498,2
271,10.909,-130.332,48.298,-0.9637,0.2531,-0.085,-0.2995,-0.8474,0.4385,0.039,0.4484,0.893,20.71,0.0369,0.373,0.206,0.22667,206.2,555.9,212.5,537.3,199.9,574.8,263,0.406,2
272,9.269,-129.902,48.159,-0.9643,0.253,-0.0782,-0.2965,-0.8494,0.4366,0.044,0.4445,0.8947,20.744,0.0369,0.376,0.234,0.23003,204.5,555.5,210.8,536.8,198.2,574.4,264,0.285,2
273,7.629,-129.472,48.032,-0.965,0.2525,-0.0712,-0.2929,-0.8517,0.4346,0.0491,0.4406,0.8964,20.778,0.0367,0.381,0.27,0.23761,202.8,555.0,209.0,536.3,196.6,574.0,265,0.137,2
274,5.987,-129.044,47.917,-0.9657,0.2516,-0.0639,-0.2886,-0.8541,0.4327,0.0544,0.4366,0.898,20.811,0.0362,0.391,0.302,0.24892,201.2,554.6,207.3,535.7,195.0,573.6,266,0.038,2
275,4.344,-128.617,47.815,-0.9665,0.2504,-0.0561,-0.2838,-0.8566,0.4308,0.0598,0.4326,0.8996,20.845,0.0356,0.396,0.329,0.26727,199.5,554.1,205.5,535.2,193.4,573.2,267,0.232,2
276,2.7,-128.192,47.726,-0.9674,0.2487,-0.0478,-0.2785,-0.8594,0.4289,0.0657,0.4285,0.9012,20.879,0.0352,0.422,0.36,0.28707,197.8,553.7,203.7,534.7,191.8,572.9,268,0.444,2
277,1.054,-127.771,47.653,-0.9682,0.247,-0.0387,-0.2726,-0.8622,0.427,0.0722,0.4242,0.9027,20.914,0.0344,0.455,0.39,0.31311,196.1,553.2,201.9,534.2,190.2,572.5,269,0.67,2
278,-0.593,-127.352,47.595,-0.9689,0.2458,-0.0293,-0.2663,-0.8652,0.425,0.0791,0.4198,0.9042,20.95,0.0329,0.477,0.416,0.32019,194.4,552.8,200.1,533.6,188.6,572.2,270,0.906,2
279,-2.241,-126.935,47.553,-0.9695,0.2444,-0.0198,-0.2595,-0.8682,0.4229,0.0862,0.4153,0.9056,20.986,0.031,0.488,0.442,0.32417,192.7,552.4,198.3,533.1,187.1,571.9,270,0.794,2
280,-3.89,-126.521,47.528,-0.97,0.243,-0.0102,-0.2522,-0.8714,0.4208,0.0934,0.4109,0.9069,21.024,0.0286,0.489,0.472,0.32731,191.0,552.0,196.4,532.6,185.5,571.5,271,0.551,2
281,-5.539,-126.109,47.519,-0.9704,0.2416,-0.0007,-0.2444,-0.8747,0.4186,0.1005,0.4065,0.9081,21.063,0.0255,0.483,0.501,0.32383,189.3,551.5,194.6,532.1,184.0,571.2,272,0.304,2
282,-7.19,-125.699,47.525,-0.9707,0.2401,0.0087,-0.2361,-0.878,0.4163,0.1076,0.4022,0.9092,21.104,0.022,0.48,0.528,0.32089,187.6,551.1,192.7,531.5,182.4,570.9,273,0.057,2
283,-8.841,-125.292,47.548,-0.971,0.2385,0.0179,-0.2273,-0.8815,0.4139,0.1146,0.3979,0.9102,21.147,0.0179,0.474,0.56,0.3148,185.9,550.7,190.9,531.0,180.9,570.6,274,0.188,2
284,-10.492,-124.888,47.587,-0.9711,0.2372,0.0281,-0.2181,-0.885,0.4114,0.1225,0.3934,0.9112,21.191,0.0134,0.524,0.582,0.34645,184.2,550.3,189.0,530.5,179.4,570.3,275,0.427,2
285,-12.143,-124.486,47.644,-0.971,0.2357,0.0391,-0.2084,-0.8885,0.4088,0.1312,0.3889,0.9119,21.237,0.0089,0.563,0.609,0.37408,182.5,549.9,187.1,530.0,177.9,570.0,276,0.658,2
286,-13.794,-124.086,47.72,-0.971,0.2339,0.0499,-0.1981,-0.8921,0.4061,0.1395,0.3844,0.9126,21.286,0.004,0.542,0.644,0.36893,180.8,549.5,185.2,529.4,176.4,569.7,277,0.88,2
287,-15.445,-123.69,47.814,-0.9709,0.2317,0.0603,-0.1875,-0.8957,0.4032,0.1475,0.3802,0.9131,21.337,0.0012,0.518,0.663,0.35818,179.1,549.1,183.3,528.9,174.9,569.4,277,0.82,2
288,-17.096,-123.298,47.925,-0.9708,0.2292,0.0704,-0.1763,-0.8993,0.4002,0.155,0.3761,0.9135,21.391,0.0068,0.49,0.696,0.35059,177.4,548.7,181.4,528.4,173.5,569.2,278,0.611,2
289,-18.747,-122.911,48.053,-0.9708,0.2262,0.08,-0.1647,-0.9029,0.397,0.162,0.3722,0.9139,21.448,0.0126,0.46,0.72,0.3389,175.7,548.3,179.4,527.9,172.0,568.9,279,0.416,2
290,-20.398,-122.529,48.197,-0.9705,0.2235,0.0907,-0.1527,-0.9065,0.3936,0.1702,0.3682,0.914,21.508,0.0187,0.523,0.744,0.37195,174.0,547.9,177.5,527.4,170.5,568.6,280,0.238,2
291,-22.048,-122.151,48.361,-0.9699,0.2209,0.1022,-0.1402,-0.9101,0.39,0.1792,0.364,0.914,21.571,0.0252,0.569,0.773,0.39778,172.3,547.5,175.5,526.8,169.1,568.4,281,0.078,2
292,-23.697,-121.778,48.545,-0.9694,0.2178,0.1133,-0.1273,-0.9136,0.3862,0.1877,0.3601,0.9138,21.637,0.0318,0.536,0.796,0.38869,170.6,547.2,173.6,526.3,167.7,568.2,282,0.06,2
293,-25.345,-121.41,48.746,-0.9689,0.2143,0.1237,-0.1139,-0.917,0.3822,0.1955,0.3565,0.9136,21.707,0.0389,0.492,0.825,0.37011,168.9,546.8,171.6,525.8,166.3,567.9,283,0.175,2
294,-26.992,-121.049,48.965,-0.9685,0.2104,0.1335,-0.1001,-0.9204,0.3779,0.2026,0.353,0.9134,21.781,0.0463,0.454,0.851,0.35564,167.3,546.4,169.6,525.3,164.9,567.7,284,0.263,2
295,-28.638,-120.695,49.2,-0.968,0.2063,0.1431,-0.0859,-0.9237,0.3734,0.2095,0.3497,0.9131,21.859,0.054,0.439,0.874,0.35212,165.6,546.1,167.6,524.8,163.5,567.5,285,0.324,2
296,-30.284,-120.347,49.454,-0.9669,0.2028,0.1547,-0.0712,-0.9268,0.3687,0.2186,0.3461,0.9124,21.941,0.0621,0.562,0.902,0.40991,163.9,545.7,165.6,524.4,162.1,567.3,286,0.355,2
297,-31.927,-120.006,49.726,-0.966,0.1987,0.1655,-0.0561,-0.9298,0.3637,0.2267,0.3429,0.9116,22.028,0.0704,0.501,0.927,0.39042,162.2,545.4,163.6,523.9,160.7,567.1,287,0.352,2
298,-33.569,-119.672,50.016,-0.9652,0.1939,0.1756,-0.0405,-0.9327,0.3584,0.234,0.3398,0.9109,22.119,0.0788,0.456,0.959,0.37775,160.5,545.1,161.5,523.4,159.4,567.0,288,0.315,2
299,-35.21,-119.346,50.322,-0.9645,0.1885,0.1848,-0.0244,-0.9354,0.3527,0.2403,0.337,0.9103,22.215,0.0876,0.397,0.991,0.36021,158.8,544.8,159.5,523.0,158.1,566.8,289,0.24,3
300,-36.849,-119.031,50.644,-0.9638,0.1826,0.194,-0.0079,-0.9379,0.3468,0.2465,0.3343,0.9097,22.316,0.0964,0.389,1.014,0.36902,157.1,544.5,157.4,522.5,156.7,566.7,290,0.125,3
301,-38.487,-118.724,50.984,-0.9624,0.1778,0.2055,0.0092,-0.9402,0.3404,0.2552,0.3314,0.9083,22.422,0.1061,0.532,1.054,0.42252,155.4,544.2,155.4,522.1,155.4,566.5,291,0.031,3
302,-40.122,-118.427,51.343,-0.9612,0.1718,0.2157,0.0267,-0.9423,0.3338,0.2623,0.3288,0.9072,22.534,0.1156,0.438,1.078,0.40076,153.7,543.9,153.3,521.6,154.1,566.4,292,0.229,3
303,-41.756,-118.141,51.717,-0.9605,0.1644,0.2245,0.0448,-0.9441,0.3267,0.2677,0.3264,0.9065,22.652,0.1249,0.341,1.119,0.38813,152.0,543.6,151.1,521.2,152.9,566.3,293,0.471,3
304,-43.389,-117.869,52.105,-0.9602,0.1556,0.2318,0.0634,-0.9455,0.3193,0.2713,0.3242,0.9062,22.775,0.134,0.242,1.15,0.38539,150.3,543.4,149.0,520.8,151.6,566.2,295,0.614,3
305,-45.022,-117.612,52.506,-0.9596,0.1456,0.2406,0.0826,-0.9467,0.3114,0.2759,0.322,0.9057,22.903,0.1422,0.294,1.192,0.44929,148.6,543.1,146.9,520.4,150.4,566.1,296,0.238,3
306,-46.653,-117.373,52.923,-0.9586,0.1364,0.25,0.1024,-0.9474,0.3031,0.2814,0.3199,0.9047,23.037,0.1516,0.342,1.231,0.44446,146.9,542.9,144.7,520.1,149.2,566.0,297,0.185,3
307,-48.282,-117.148,53.356,-0.9575,0.1285,0.2583,0.1229,-0.9478,0.2943,0.2865,0.3178,0.9038,23.178,0.1635,0.32,1.278,0.38787,145.2,542.7,142.5,519.7,148.0,565.9,299,0.528,3
308,-49.909,-116.935,53.801,-0.9563,0.1223,0.2655,0.1444,-0.9476,0.2848,0.2911,0.3158,0.9031,23.327,0.1784,0.29,1.347,0.3227,143.6,542.5,140.3,519.4,146.8,565.9,300,0.036,3
309,-51.535,-116.735,54.259,-0.9554,0.1099,0.2742,0.1669,-0.9469,0.2747,0.2951,0.3138,0.9025,23.484,0.1882,0.259,1.414,0.51126,141.9,542.4,138.0,519.1,145.7,565.8,302,0.409,3
310,-53.158,-116.558,54.733,-0.954,0.1004,0.2826,0.1901,-0.9456,0.2638,0.2999,0.3119,0.9015,23.648,0.2017,0.301,1.471,0.42988,140.2,542.2,135.7,518.8,144.6,565.8,303,0.279,3
311,-54.779,-116.388,55.219,-0.9522,0.1013,0.2883,0.2135,-0.9437,0.2526,0.3056,0.3101,0.9002,23.815,0.2261,0.351,1.49,0.20367,138.5,542.1,133.5,518.6,143.6,565.8,305,0.068,3
312,-56.396,-116.207,55.712,-0.95,0.1126,0.2911,0.2364,-0.9412,0.2412,0.3119,0.3086,0.8986,23.98,0.2603,0.382,1.473,0.39919,136.8,541.9,131.2,518.3,142.5,565.7,307,0.013,3
313,-58.009,-116.004,56.212,-0.946,0.1239,0.2997,0.2583,-0.9383,0.2297,0.3238,0.3081,0.8945,24.14,0.2918,0.722,1.427,0.49707,135.1,541.7,128.9,518.1,141.4,565.6,309,0.016,3
314,-59.614,-115.788,56.728,-0.9433,0.1304,0.3053,0.2788,-0.9352,0.2186,0.3312,0.3073,0.8921,24.292,0.3182,0.448,1.347,0.30306,133.4,541.6,126.7,517.8,140.3,565.5,311,0.033,3
315,-61.218,-115.562,57.246,-0.9436,0.1347,0.3023,0.2974,-0.9318,0.208,0.3298,0.3047,0.8935,24.432,0.3433,0.187,1.242,0.17695,131.8,541.4,124.5,517.6,139.1,565.3,313,0.14,3
316,-62.825,-115.331,57.752,-0.9466,0.1366,0.2922,0.3139,-0.9285,0.1983,0.3206,0.3002,0.8984,24.557,0.366,0.651,1.113,0.36077,130.1,541.2,122.3,517.3,137.9,565.1,315,0.445,3
317,-64.436,-115.096,58.24,-0.9477,0.143,0.2853,0.3278,-0.9255,0.1897,0.3161,0.2967,0.9012,24.665,0.3889,0.364,0.952,0.31927,128.4,540.9,120.3,517.1,136.6,564.9,316,0.16,3
318,-66.048,-114.846,58.724,-0.9476,0.1494,0.2825,0.3394,-0.9228,0.1824,0.3154,0.2943,0.9022,24.755,0.408,0.154,0.8,0.23536,126.7,540.7,118.2,516.9,135.3,564.7,318,0.518,3
319,-67.66,-114.591,59.2,-0.949,0.1502,0.2773,0.3489,-0.9205,0.1761,0.3105,0.2908,0.905,24.831,0.4205,0.38,0.666,0.18341,125.0,540.5,116.3,516.6,133.8,564.5,319,0.102,3
320,-69.276,-114.338,59.666,-0.9518,0.1462,0.2697,0.3567,-0.9185,0.1706,0.3017,0.2861,0.9095,24.894,0.4278,0.627,0.559,0.30434,123.3,540.3,114.4,516.4,132.4,564.3,320,0.256,3
321,-70.898,-114.096,60.116,-0.9558,0.1378,0.2596,0.3632,-0.9168,0.1659,0.289,0.2802,0.9154,24.948,0.4304,0.871,0.47,0.46268,121.7,540.0,112.5,516.2,130.9,564.0,321,0.548,3
322,-72.528,-113.872,60.547,-0.9612,0.1243,0.2463,0.3689,-0.9153,0.1617,0.2718,0.2726,0.9229,24.995,0.4285,1.16,0.415,0.66391,119.9,539.8,110.6,515.9,129.3,563.8,323,0.759,3
323,-74.166,-113.67,60.957,-0.9644,0.115,0.2379,0.3739,-0.9139,0.1579,0.2607,0.267,0.9278,25.038,0.4281,0.766,0.369,0.43586,118.2,539.7,108.7,515.8,127.8,563.7,324,0.659,3
324,-75.808,-113.48,61.355,-0.9673,0.1077,0.2296,0.3786,-0.9126,0.1544,0.2504,0.2616,0.9322,25.077,0.4291,0.712,0.344,0.38505,116.5,539.5,106.9,515.6,126.2,563.5,325,0.623,3
325,-77.455,-113.304,61.737,-0.9704,0.1004,0.2195,0.3827,-0.9114,0.1512,0.2384,0.2555,0.937,25.112,0.4297,0.819,0.306,0.43271,114.8,539.3,105.0,515.4,124.6,563.3,326,0.652,3
326,-79.108,-113.139,62.101,-0.9737,0.0933,0.2077,0.3865,-0.9103,0.1482,0.2248,0.2488,0.9421,25.145,0.4305,0.916,0.284,0.47716,113.1,539.2,103.2,515.3,123.0,563.2,327,0.745,3
327,-80.767,-112.986,62.442,-0.9772,0.0863,0.1942,0.3898,-0.9093,0.1455,0.2096,0.2415,0.9475,25.174,0.4311,1.014,0.251,0.52575,111.3,539.0,101.4,515.1,121.3,563.1,328,0.904,3
328,-82.432,-112.845,62.76,-0.9806,0.0795,0.179,0.3928,-0.9085,0.143,0.1929,0.2334,0.953,25.201,0.4318,1.109,0.228,0.57264,109.6,538.9,99.5,515.0,119.7,562.9,328,0.797,3
329,-84.102,-112.717,63.054,-0.9833,0.0716,0.1673,0.3953,-0.9077,0.1408,0.1794,0.2266,0.9573,25.225,0.4301,0.9,0.196,0.48429,107.8,538.8,97.7,514.9,118.0,562.8,329,0.572,3
330,-85.776,-112.601,63.329,-0.9857,0.0642,0.1558,0.3975,-0.907,0.1387,0.1662,0.2199,0.9613,25.246,0.4284,0.879,0.179,0.46783,106.1,538.7,95.9,514.8,116.3,562.7,330,0.28,3
331,-87.454,-112.498,63.583,-0.988,0.0577,0.1432,0.3994,-0.9065,0.1368,0.1523,0.2128,0.9652,25.266,0.4273,0.922,0.157,0.48397,104.3,538.6,94.1,514.7,114.6,562.6,331,0.079,3
332,-89.136,-112.405,63.815,-0.9902,0.052,0.1296,0.401,-0.906,0.1351,0.1376,0.2054,0.969,25.283,0.4267,0.968,0.137,0.50236,102.6,538.5,92.3,514.6,112.9,562.6,332,0.508,3
333,-90.822,-112.321,64.023,-0.9923,0.047,0.1149,0.4024,-0.9057,0.1335,0.122,0.1976,0.9727,25.298,0.4265,1.022,0.123,0.52793,100.8,538.5,90.5,514.5,111.2,562.5,333,1.017,3
334,-92.511,-112.244,64.205,-0.9941,0.0429,0.0992,0.4036,-0.9054,0.1321,0.1056,0.1895,0.9762,25.312,0.427,1.067,0.107,0.55008,99.1,538.4,88.7,514.5,109.5,562.4,333,0.684,3
335,-94.203,-112.175,64.36,-0.9958,0.0379,0.0838,0.4045,-0.9051,0.1307,0.0894,0.1814,0.9793,25.325,0.4262,1.053,0.097,0.54854,97.3,538.3,86.9,514.4,107.8,562.4,334,0.088,3
336,-95.897,-112.116,64.491,-0.997,0.0318,0.07,0.4054,-0.9049,0.1294,0.0744,0.1738,0.982,25.337,0.4239,0.976,0.091,0.50998,95.5,538.3,85.1,514.3,106.0,562.3,335,0.604,3
337,-97.593,-112.066,64.598,-0.9981,0.0267,0.056,0.4061,-0.9048,0.1283,0.0596,0.1663,0.9843,25.347,0.4223,0.96,0.075,0.50343,93.8,538.2,83.3,514.3,104.3,562.3,335,1.097,3
338,-99.291,-112.024,64.682,-0.9989,0.0227,0.042,0.4067,-0.9047,0.1271,0.0451,0.1589,0.9863,25.357,0.4215,0.94,0.077,0.49132,92.0,538.2,81.5,514.2,102.5,562.3,336,0.299,3
339,-100.99,-111.989,64.741,-0.9994,0.0197,0.0282,0.4072,-0.9046,0.1261,0.0309,0.1516,0.988,25.366,0.4212,0.92,0.064,0.47614,90.2,538.2,79.7,514.2,100.8,562.2,337,0.612,3
340,-102.69,-111.957,64.778,-0.9997,0.0177,0.0148,0.4075,-0.9046,0.1251,0.0172,0.1446,0.9893,25.373,0.4215,0.885,0.06,0.45665,88.5,538.1,78.0,514.2,99.0,562.2,337,1.088,3
341,-104.39,-111.928,64.792,-0.9999,0.0166,0.0017,0.4078,-0.9046,0.1242,0.004,0.1377,0.9905,25.38,0.4226,0.856,0.054,0.44298,86.7,538.1,76.2,514.1,97.3,562.2,338,0.054,3
342,-106.091,-111.902,64.784,-0.9999,0.0129,-0.0114,0.4081,-0.9046,0.1233,-0.0096,0.1308,0.9914,25.386,0.4211,0.875,0.054,0.45858,84.9,538.1,74.4,514.1,95.5,562.2,339,1.114,3
343,-107.791,-111.884,64.754,-0.9997,0.0086,-0.0239,0.4082,-0.9046,0.1224,-0.0226,0.124,0.992,25.392,0.4188,0.841,0.052,0.44547,83.2,538.1,72.7,514.1,93.8,562.1,339,0.587,3
344,-109.49,-111.872,64.703,-0.9993,0.0059,-0.0356,0.4083,-0.9047,0.1216,-0.0347,0.1177,0.9924,25.397,0.4177,0.782,0.047,0.40482,81.4,538.0,70.9,514.0,92.0,562.1,340,0.721,3
345,-111.189,-111.863,64.633,-0.9989,0.0047,-0.0467,0.4084,-0.9048,0.1208,-0.0458,0.1118,0.9927,25.402,0.4178,0.72,0.047,0.37643,79.7,538.0,69.1,514.0,90.2,562.1,340,0.98,3
346,-112.887,-111.855,64.544,-0.9984,0.0048,-0.0571,0.4084,-0.9049,0.12,-0.0563,0.1063,0.9927,25.406,0.4189,0.679,0.046,0.35082,77.9,538.0,67.4,514.0,88.5,562.1,341,0.467,3
347,-114.585,-111.846,64.439,-0.9977,0.0063,-0.067,0.4084,-0.905,0.1193,-0.0661,0.101,0.9927,25.409,0.4212,0.638,0.041,0.33818,76.2,538.0,65.6,514.0,86.7,562.1,341,1.234,3
348,-116.281,-111.833,64.317,-0.997,0.0091,-0.0765,0.4084,-0.9051,0.1186,-0.0753,0.096,0.9925,25.412,0.4245,0.6,0.041,0.33454,74.4,538.0,63.9,514.0,85.0,562.1,342,0.349,3
349,-117.976,-111.814,64.179,-0.9962,0.0132,-0.0857,0.4083,-0.9052,0.1179,-0.0841,0.0912,0.9923,25.414,0.4288,0.574,0.041,0.34045,72.7,538.0,62.1,513.9,83.2,562.0,342,1.352,3
350,-119.669,-111.79,64.025,-0.9953,0.0137,-0.0958,0.4083,-0.9053,0.1172,-0.0943,0.0858,0.9918,25.417,0.43,0.662,0.041,0.34208,70.9,537.9,60.4,513.9,81.5,562.0,343,0.363,3
351,-121.36,-111.767,63.853,-0.9943,0.0137,-0.1056,0.4082,-0.9054,0.1165,-0.1042,0.0806,0.9913,25.419,0.4306,0.641,0.041,0.33193,69.2,537.9,58.6,513.9,79.7,562.0,343,1.337,3
352,-123.05,-111.743,63.666,-0.9933,0.0145,-0.1148,0.4081,-0.9056,0.1158,-0.1134,0.0756,0.9907,25.42,0.4318,0.601,0.042,0.31298,67.4,537.8,56.9,513.8,78.0,561.9,344,0.508,3
353,-124.739,-111.717,63.463,-0.9922,0.0162,-0.1234,0.4081,-0.9057,0.1152,-0.1219,0.071,0.99,25.421,0.4338,0.555,0.035,0.29767,65.7,537.8,55.2,513.8,76.3,561.9,344,1.193,3
354,-126.425,-111.688,63.246,-0.9911,0.0189,-0.1316,0.408,-0.9058,0.1145,-0.1301,0.0665,0.9893,25.422,0.4366,0.537,0.041,0.29323,64.0,537.8,53.5,513.7,74.5,561.9,345,0.779,3
355,-128.11,-111.653,63.016,-0.99,0.0224,-0.1395,0.4079,-0.9059,0.1139,-0.1379,0.0622,0.9885,25.423,0.44,0.512,0.035,0.29347,62.2,537.7,51.7,513.7,72.8,561.8,345,0.922,3
356,-129.792,-111.611,62.772,-0.9888,0.0268,-0.1471,0.4079,-0.906,0.1132,-0.1454,0.058,0.9877,25.423,0.4443,0.495,0.041,0.29862,60.5,537.6,50.0,513.6,71.1,561.7,346,1.175,3
357,-131.472,-111.561,62.516,-0.9874,0.0323,-0.1547,0.4078,-0.9061,0.1126,-0.1528,0.0539,0.9868,25.424,0.4493,0.487,0.035,0.31958,58.8,537.6,48.3,513.6,69.3,561.7,346,0.526,3
358,-133.15,-111.5,62.246,-0.986,0.0388,-0.1622,0.4078,-0.9062,0.112,-0.1602,0.0498,0.9858,25.424,0.4554,0.488,0.035,0.33778,57.1,537.5,46.6,513.5,67.6,561.6,347,1.694,3
359,-134.825,-111.433,61.963,-0.9845,0.0404,-0.1708,0.4077,-0.9063,0.1114,-0.1689,0.045,0.9846,25.423,0.457,0.573,0.035,0.29904,55.4,537.4,44.9,513.4,65.9,561.5,347,0.013,3
360,-136.498,-111.362,61.666,-0.9829,0.043,-0.1789,0.4077,-0.9064,0.1107,-0.1772,0.0404,0.9833,25.423,0.4595,0.549,0.041,0.29164,53.7,537.3,43.2,513.3,64.2,561.4,347,1.708,3
361,-138.168,-111.286,61.355,-0.9813,0.0468,-0.1867,0.4077,-0.9064,0.1101,-0.1852,0.036,0.982,25.422,0.4631,0.528,0.034,0.29725,52.0,537.2,41.5,513.2,62.5,561.3,348,0.626,3
362,-139.836,-111.203,61.031,-0.9795,0.0517,-0.1945,0.4077,-0.9065,0.1095,-0.1931,0.0316,0.9807,25.421,0.4675,0.523,0.035,0.31621,50.3,537.1,39.8,513.1,60.8,561.2,348,1.075,3
363,-141.5,-111.11,60.693,-0.9776,0.0579,-0.2024,0.4078,-0.9066,0.1088,-0.2012,0.0271,0.9792,25.42,0.4732,0.538,0.041,0.34438,48.6,537.0,38.1,513.0,59.1,561.1,349,1.325,3
364,-143.16,-111.005,60.342,-0.9753,0.0658,-0.2107,0.4079,-0.9066,0.1082,-0.2096,0.0223,0.9775,25.419,0.4803,0.563,0.035,0.39384,46.9,536.9,36.4,512.9,57.4,560.9,349,0.376,3
365,-144.817,-110.885,59.976,-0.9727,0.0758,-0.2195,0.4079,-0.9067,0.1075,-0.2188,0.0172,0.9756,25.417,0.4891,0.612,0.041,0.45725,45.2,536.7,34.7,512.7,55.7,560.8,350,2.021,3
366,-146.468,-110.746,59.595,-0.9693,0.0884,-0.2293,0.4081,-0.9067,0.1068,-0.2292,0.0115,0.9733,25.416,0.5002,0.692,0.042,0.54994,43.5,536.5,33.0,512.6,54.0,560.6,350,0.321,3
367,-148.113,-110.585,59.196,-0.9655,0.0995,-0.2405,0.4082,-0.9067,0.1061,-0.2412,0.005,0.9705,25.414,0.5099,0.798,0.04,0.54648,41.8,536.3,31.4,512.4,52.4,560.4,350,1.38,3
368,-149.752,-110.407,58.777,-0.9615,0.1098,-0.252,0.4084,-0.9067,0.1054,-0.2538,-0.0018,0.9673,25.412,0.5188,0.841,0.042,0.53733,40.2,536.1,29.7,512.2,50.7,560.2,351,0.949,3
369,-151.383,-110.211,58.338,-0.9568,0.1218,-0.2638,0.4086,-0.9067,0.1047,-0.2669,-0.009,0.9637,25.41,0.529,0.881,0.042,0.58878,38.5,535.9,28.1,512.0,49.1,559.9,351,0.752,3
370,-153.006,-109.992,57.879,-0.9514,0.136,-0.2762,0.4089,-0.9066,0.1039,-0.281,-0.0168,0.9596,25.407,0.541,0.953,0.049,0.66076,36.9,535.6,26.4,511.7,47.4,559.7,352,1.444,3
371,-154.618,-109.746,57.398,-0.9448,0.1533,-0.2896,0.4092,-0.9066,0.1031,-0.2968,-0.0254,0.9546,25.405,0.5555,1.07,0.049,0.77008,35.3,535.4,24.8,511.4,45.8,559.4,352,0.258,3
372,-156.218,-109.468,56.894,-0.9363,0.1749,-0.3046,0.4096,-0.9065,0.1022,-0.3152,-0.0354,0.9484,25.402,0.5732,1.251,0.057,0.93136,33.7,535.0,23.2,511.1,44.2,559.0,353,1.749,3
373,-157.8,-109.15,56.36,-0.9249,0.1997,-0.3235,0.4101,-0.9064,0.1014,-0.339,-0.0483,0.9395,25.4,0.5931,1.633,0.054,1.11875,32.1,534.7,21.6,510.8,42.6,558.6,353,0.057,3
374,-159.362,-108.788,55.793,-0.9112,0.2268,-0.344,0.4106,-0.9063,0.1004,-0.3662,-0.0631,0.9284,25.397,0.6142,1.885,0.064,1.23453,30.5,534.3,20.0,510.4,41.1,558.2,353,1.654,3
375,-160.898,-108.376,55.189,-0.8942,0.2577,-0.3659,0.4112,-0.9061,0.0994,-0.3972,-0.08,0.9143,25.394,0.6376,2.178,0.068,1.39907,29.0,533.8,18.5,509.9,39.6,557.7,354,0.118,3
376,-162.4,-107.908,54.547,-0.8724,0.2945,-0.39,0.412,-0.9059,0.0983,-0.4341,-0.1002,0.8953,25.391,0.6646,2.645,0.079,1.65463,27.5,533.3,17.0,509.4,38.1,557.2,354,1.592,3
377,-163.857,-107.367,53.857,-0.839,0.3428,-0.4226,0.4128,-0.9056,0.0971,-0.4878,-0.1298,0.8632,25.387,0.6978,3.966,0.084,2.2641,26.1,532.7,15.5,508.9,36.7,556.6,355,0.117,3
378,-165.248,-106.738,53.109,-0.796,0.3975,-0.4565,0.4139,-0.9053,0.0959,-0.5516,-0.1656,0.8175,25.384,0.7331,4.944,0.095,2.60891,24.7,532.0,14.2,508.2,35.3,555.8,356,1.075,3
379,-166.552,-106.007,52.3,-0.7325,0.4655,-0.4967,0.4151,-0.9048,0.0944,-0.6382,-0.2157,0.739,25.38,0.7721,7.291,0.114,3.41818,23.5,531.2,12.9,507.4,34.1,555.0,356,0.628,3
380,-167.734,-105.156,51.424,-0.6567,0.5338,-0.5327,0.4167,-0.9043,0.0929,-0.7298,-0.2718,0.6274,25.376,0.8059,8.884,0.129,3.64927,22.3,530.3,11.7,506.5,33.0,554.1,357,0.296,3
381,-168.768,-104.186,50.487,-0.5588,0.6057,-0.5665,0.4184,-0.9037,0.0911,-0.825,-0.3362,0.4543,25.372,0.8328,11.926,0.146,4.25376,21.4,529.2,10.7,505.5,32.1,553.0,358,1.022,3
382,-169.629,-103.101,49.503,-0.45,0.6701,-0.5902,0.4206,-0.9029,0.0893,-0.8899,-0.3914,0.2342,25.367,0.847,13.554,0.169,4.34002,20.6,528.0,9.8,504.4,31.3,551.7,358,0.682,3
383,-170.296,-101.913,48.487,-0.3319,0.7255,-0.6029,0.423,-0.9019,0.0873,-0.9048,-0.4257,-0.0142,25.363,0.8474,14.431,0.188,4.42266,20.0,526.7,9.2,503.1,30.8,550.4,359,0.093,3
384,-170.755,-100.64,47.46,-0.2084,0.7697,-0.6035,0.4257,-0.9008,0.0852,-0.8652,-0.4328,-0.2533,25.359,0.8335,13.926,0.206,4.42609,19.6,525.4,8.8,501.8,30.5,549.0,360,0.444,3
385,-171.004,-99.303,46.441,-0.0849,0.8013,-0.5922,0.4288,-0.8996,0.083,-0.7884,-0.4175,-0.4518,25.356,0.8064,12.249,0.228,4.31771,19.5,523.9,8.5,500.4,30.4,547.5,361,0.942,3
386,-171.047,-97.923,45.45,0.0325,0.8199,-0.5716,0.4322,-0.8981,0.0808,-0.6988,-0.3902,-0.5995,25.353,0.7685,10.034,0.247,4.06963,19.5,522.5,8.5,499.0,30.6,546.0,361,0.763,3
387,-170.898,-96.52,44.502,0.1409,0.828,-0.5428,0.4359,-0.8966,0.0786,-0.6107,-0.3588,-0.7059,25.35,0.7236,8.124,0.261,3.79298,19.8,521.0,8.6,497.6,30.9,544.4,362,0.26,3
388,-170.575,-95.111,43.608,0.2368,0.8281,-0.508,0.4398,-0.8948,0.0764,-0.5309,-0.3276,-0.7816,25.348,0.6757,6.554,0.276,3.44048,20.2,519.5,9.0,496.1,31.4,542.9,363,0.273,3
389,-170.097,-93.708,42.776,0.3258,0.8213,-0.4684,0.444,-0.893,0.0742,-0.457,-0.2969,-0.8385,25.346,0.6235,5.628,0.291,3.29265,20.8,518.0,9.4,494.7,32.1,541.3,364,0.831,3
390,-169.47,-92.322,42.018,0.4088,0.8082,-0.4239,0.4484,-0.8909,0.0721,-0.3878,-0.2666,-0.8823,25.344,0.5673,5.005,0.304,3.20623,21.5,516.5,10.0,493.3,32.9,539.8,364,0.87,3
391,-168.715,-90.96,41.335,0.4763,0.7927,-0.3805,0.453,-0.8888,0.0701,-0.3298,-0.2401,-0.913,25.344,0.5155,4.056,0.312,2.75533,22.3,515.1,10.8,492.0,33.9,538.3,365,0.276,3
392,-167.856,-89.628,40.721,0.5326,0.7745,-0.3414,0.4577,-0.8865,0.0682,-0.2824,-0.2177,-0.9343,25.343,0.4661,3.243,0.319,2.39051,23.3,513.7,11.6,490.6,35.0,536.8,366,0.358,3
393,-166.909,-88.326,40.173,0.5788,0.7572,-0.3027,0.4626,-0.8841,0.0664,-0.2397,-0.1968,-0.9507,25.343,0.4218,2.882,0.329,2.11329,24.3,512.3,12.5,489.4,36.1,535.4,367,1.026,3
394,-165.891,-87.054,39.688,0.6178,0.7389,-0.2692,0.4676,-0.8816,0.0646,-0.2049,-0.1792,-0.9622,25.343,0.3799,2.33,0.336,1.83927,25.4,511.0,13.4,488.1,37.3,534.0,367,0.676,3
395,-164.812,-85.812,39.259,0.6507,0.7221,-0.2349,0.4726,-0.879,0.063,-0.1713,-0.1618,-0.9718,25.343,0.342,2.237,0.336,1.69866,26.5,509.7,14.4,486.9,38.6,532.6,368,0.026,3
396,-163.68,-84.598,38.89,0.6804,0.7048,-0.2007,0.4778,-0.8763,0.0615,-0.1392,-0.1446,-0.9796,25.344,0.3049,2.134,0.347,1.63405,27.7,508.5,15.5,485.7,39.9,531.3,369,0.714,3
397,-162.501,-83.414,38.574,0.7053,0.688,-0.1708,0.483,-0.8735,0.06,-0.112,-0.1297,-0.9852,25.345,0.2706,1.806,0.349,1.42824,28.9,507.2,16.6,484.6,41.3,530.0,369,0.987,3
398,-161.284,-82.256,38.31,0.7252,0.6744,-0.1389,0.4883,-0.8707,0.0587,-0.0838,-0.1138,-0.99,25.346,0.2412,1.875,0.351,1.34732,30.2,506.0,17.7,483.4,42.7,528.7,370,0.303,3
399,-160.036,-81.12,38.102,0.7441,0.6594,-0.1071,0.4937,-0.8677,0.0575,-0.0563,-0.0978,-0.9936,25.347,0.211,1.835,0.361,1.34518,31.5,504.9,18.9,482.4,44.2,527.4,371,0.344,3
400,-158.755,-80.013,37.944,0.7613,0.6438,-0.0773,0.4992,-0.8647,0.0563,-0.0311,-0.0828,-0.9961,25.349,0.181,1.686,0.365,1.27309,32.8,503.7,20.0,481.3,45.6,526.2,372,0.927,3
401,-157.45,-78.928,37.842,0.7725,0.6337,-0.0423,0.5048,-0.8615,0.0553,-0.0014,-0.0648,-0.9979,25.351,0.1583,1.993,0.374,1.2842,34.2,502.6,21.2,480.3,47.1,525.0,372,0.774,3
402,-156.13,-77.856,37.804,0.7814,0.624,-0.0019,0.5104,-0.8582,0.0543,0.0326,-0.0438,-0.9985,25.353,0.1368,2.29,0.377,1.43193,35.5,501.5,22.4,479.3,48.6,523.8,373,0.275,3
403,-154.789,-76.811,37.832,0.7934,0.6077,0.0344,0.5162,-0.8548,0.0535,0.0623,-0.0248,-0.9977,25.356,0.1081,2.021,0.388,1.40048,36.9,500.5,23.6,478.3,50.1,522.7,374,0.137,3
404,-153.439,-75.782,37.92,0.7929,0.6054,0.0684,0.522,-0.8513,0.0528,0.0906,-0.0062,-0.9959,25.359,0.0979,1.943,0.39,1.14848,38.3,499.4,24.9,477.3,51.7,521.5,375,0.466,3
405,-152.099,-74.744,38.065,0.7798,0.6176,0.1021,0.5278,-0.8477,0.0522,0.1195,0.0132,-0.9928,25.363,0.1066,2.002,0.393,1.28585,39.6,498.4,26.1,476.4,53.2,520.4,376,0.717,3
406,-150.776,-73.698,38.274,0.7767,0.6133,0.1431,0.5336,-0.8441,0.0517,0.1532,0.0363,-0.9875,25.367,0.0958,2.361,0.392,1.39331,40.9,497.3,27.2,475.4,54.7,519.2,377,0.891,3
407,-149.465,-72.649,38.546,0.7625,0.623,0.1747,0.5394,-0.8405,0.0513,0.1797,0.0554,-0.9822,25.372,0.1034,1.896,0.392,1.21227,42.3,496.2,28.4,474.4,56.1,518.1,377,0.81,3
408,-148.193,-71.567,38.865,0.7295,0.6541,0.2002,0.5452,-0.8368,0.051,0.2028,0.0726,-0.9765,25.376,0.1394,1.682,0.395,1.75315,43.5,495.1,29.5,473.4,57.6,516.9,378,0.711,3
409,-146.984,-70.432,39.241,0.6915,0.6805,0.2426,0.5508,-0.8331,0.0507,0.2403,0.1,-0.9655,25.382,0.1737,2.735,0.385,2.11518,44.7,494.0,30.6,472.3,58.9,515.7,379,0.685,3
410,-145.852,-69.241,39.677,0.6373,0.7233,0.2658,0.5563,-0.8295,0.0505,0.2643,0.1189,-0.9571,25.388,0.232,1.815,0.377,2.45583,45.9,492.8,31.5,471.2,60.2,514.4,380,0.728,3
411,-144.828,-67.968,40.146,0.5647,0.773,0.2891,0.5616,-0.8259,0.0503,0.2917,0.1407,-0.9461,25.394,0.3067,2.103,0.367,3.06885,46.9,491.5,32.4,470.0,61.4,513.0,382,0.733,3
412,-143.929,-66.611,40.639,0.4951,0.8213,0.2833,0.5666,-0.8225,0.0502,0.2966,0.1467,-0.9437,25.401,0.3808,0.465,0.346,2.863,47.7,490.2,33.1,468.7,62.4,511.6,383,0.587,3
413,-143.146,-65.182,41.123,0.4266,0.8593,0.282,0.5712,-0.8193,0.05,0.3062,0.1561,-0.9391,25.407,0.4463,0.814,0.321,2.64122,48.5,488.7,33.8,467.4,63.3,510.1,384,0.463,3
414,-142.468,-63.69,41.575,0.3742,0.8944,0.2448,0.5754,-0.8163,0.0499,0.2827,0.1413,-0.9487,25.413,0.5026,1.684,0.296,2.46839,49.2,487.2,34.3,465.9,64.0,508.5,385,0.389,3
415,-141.881,-62.147,41.979,0.3215,0.9197,0.2255,0.5792,-0.8137,0.0497,0.2746,0.1373,-0.9517,25.419,0.5509,0.545,0.264,2.07488,49.7,485.6,34.8,464.4,64.7,506.9,386,0.39,3
416,-141.361,-60.566,42.33,0.2928,0.9382,0.1846,0.5825,-0.8113,0.0495,0.2412,0.1143,-0.9637,25.423,0.5815,2.423,0.234,1.7957,50.2,484.0,35.2,462.9,65.3,505.2,387,0.491,3
417,-140.882,-58.958,42.605,0.2669,0.9527,0.1452,0.5854,-0.8093,0.0493,0.2071,0.0904,-0.9741,25.427,0.6076,2.459,0.202,1.66241,50.7,482.4,35.6,461.3,65.9,503.5,388,0.718,4
418,-140.448,-57.329,42.827,0.2465,0.9623,0.1145,0.5879,-0.8075,0.0491,0.1792,0.0708,-0.9813,25.43,0.6265,1.997,0.177,1.28357,51.1,480.7,35.9,459.7,66.4,501.8,388,0.983,4
419,-140.034,-55.688,42.992,0.2417,0.9671,0.0789,0.59,-0.8059,0.0488,0.1432,0.0449,-0.9887,25.433,0.6329,2.576,0.152,1.22125,51.5,479.1,36.3,458.0,66.8,500.1,389,0.608,4
420,-139.619,-54.042,43.092,0.2461,0.9685,0.0381,0.5919,-0.8045,0.0485,0.1002,0.0137,-0.9949,25.434,0.6316,3.065,0.136,1.38384,52.0,477.4,36.6,456.4,67.3,498.4,390,0.075,4
421,-139.208,-52.393,43.128,0.238,0.9712,0.0059,0.5936,-0.8033,0.0483,0.067,-0.0104,-0.9977,25.435,0.6386,2.356,0.12,1.12245,52.4,475.7,37.0,454.7,67.8,496.7,391,0.605,4
422,-138.805,-50.741,43.113,0.2379,0.971,-0.0244,0.595,-0.8023,0.048,0.0351,-0.0337,-0.9988,25.435,0.6387,2.264,0.1,1.02107,52.8,474.0,37.4,453.1,68.2,494.9,391,1.096,4
423,-138.395,-49.092,43.045,0.2449,0.968,-0.055,0.5962,-0.8014,0.0477,0.0027,-0.0574,-0.9983,25.434,0.6324,2.3,0.088,1.06249,53.2,472.3,37.8,451.4,68.7,493.2,392,0.279,4
424,-137.968,-47.45,42.924,0.258,0.9622,-0.0878,0.5972,-0.8007,0.0474,-0.0314,-0.0825,-0.9961,25.433,0.6205,2.43,0.072,1.20608,53.7,470.6,38.2,449.7,69.1,491.5,393,0.669,4
425,-137.526,-45.818,42.748,0.262,0.9577,-0.1191,0.5981,-0.8,0.0472,-0.0636,-0.106,-0.9923,25.431,0.6151,2.295,0.066,1.07401,54.1,468.9,38.7,448.1,69.6,489.8,393,1.032,4
426,-137.074,-44.195,42.519,0.2697,0.9511,-0.1504,0.5989,-0.7995,0.0469,-0.095,-0.1291,-0.9871,25.428,0.6059,2.253,0.057,1.10867,54.6,467.3,39.1,446.4,70.1,488.1,394,0.042,4
427,-136.607,-42.584,42.237,0.2812,0.9423,-0.1819,0.5995,-0.799,0.0467,-0.1258,-0.1517,-0.9804,25.424,0.5928,2.222,0.046,1.16824,55.1,465.6,39.6,444.8,70.6,486.5,395,1.231,4
428,-136.116,-40.991,41.9,0.2962,0.9308,-0.2142,0.5999,-0.7987,0.0465,-0.1562,-0.174,-0.9723,25.419,0.5757,2.21,0.031,1.26095,55.6,464.0,40.1,443.2,71.2,484.8,395,0.47,4
429,-135.604,-39.418,41.508,0.3065,0.9191,-0.2476,0.6003,-0.7984,0.0463,-0.1874,-0.1968,-0.9624,25.414,0.5613,2.286,0.031,1.24208,56.2,462.3,40.7,441.6,71.7,483.2,396,0.841,4
430,-135.073,-37.867,41.059,0.3183,0.9058,-0.2796,0.6005,-0.7983,0.0462,-0.2163,-0.2177,-0.9517,25.407,0.5449,2.134,0.014,1.23375,56.8,460.8,41.3,440.0,72.3,481.5,396,0.86,4
431,-134.521,-36.338,40.559,0.3306,0.8923,-0.3073,0.6006,-0.7982,0.0461,-0.2405,-0.2353,-0.9417,25.4,0.5278,1.808,0.01,1.11811,57.4,459.2,41.9,438.4,72.9,480.0,397,0.572,4
432,-133.949,-34.831,40.017,0.3421,0.8797,-0.3303,0.6006,-0.7982,0.046,-0.2598,-0.2492,-0.9329,25.392,0.5119,1.453,0.006,0.96476,58.0,457.6,42.5,436.9,73.5,478.4,397,1.13,4
433,-133.36,-33.348,39.431,0.3508,0.8653,-0.3582,0.6005,-0.7983,0.0459,-0.2837,-0.2663,-0.9212,25.384,0.4966,1.812,0.01,1.09794,58.7,456.1,43.2,435.4,74.2,476.8,398,0.423,4
434,-132.756,-31.888,38.803,0.3598,0.8525,-0.3792,0.6003,-0.7985,0.0458,-0.301,-0.2787,-0.912,25.374,0.4821,1.329,0.017,0.88252,59.3,454.6,43.9,433.9,74.8,475.3,398,1.278,4
435,-132.136,-30.447,38.145,0.3685,0.8425,-0.393,0.6,-0.7987,0.0458,-0.3118,-0.2862,-0.906,25.365,0.4698,0.828,0.021,0.64472,60.0,453.1,44.6,432.4,75.5,473.8,399,0.377,4
436,-131.503,-29.021,37.47,0.3766,0.8354,-0.4002,0.5996,-0.799,0.0458,-0.317,-0.2897,-0.9031,25.355,0.46,0.396,0.029,0.43658,60.7,451.6,45.3,430.9,76.1,472.4,399,1.324,4
437,-130.856,-27.604,36.787,0.3838,0.8309,-0.4027,0.5992,-0.7993,0.0459,-0.3183,-0.2904,-0.9024,25.344,0.4526,0.094,0.029,0.29822,61.4,450.2,46.0,429.5,76.8,470.9,400,0.405,4
438,-130.196,-26.202,36.086,0.391,0.8188,-0.4202,0.5986,-0.7997,0.0459,-0.3324,-0.3001,-0.8941,25.334,0.44,1.09,0.041,0.75682,62.1,448.7,46.8,428.1,77.5,469.4,400,1.296,4
439,-129.527,-24.817,35.362,0.3961,0.8113,-0.43,0.598,-0.8002,0.046,-0.3401,-0.3053,-0.8894,25.323,0.4321,0.597,0.045,0.4501,62.9,447.3,47.5,426.6,78.2,468.0,401,0.478,4
440,-128.85,-23.442,34.626,0.4,0.8067,-0.435,0.5973,-0.8007,0.0461,-0.3441,-0.3077,-0.8871,25.312,0.4271,0.298,0.05,0.26394,63.6,445.9,48.3,425.2,79.0,466.6,401,1.223,4
441,-128.167,-22.072,33.884,0.4033,0.8042,-0.4366,0.5965,-0.8013,0.0462,-0.3453,-0.3081,-0.8865,25.3,0.424,0.08,0.058,0.14949,64.4,444.5,49.1,423.8,79.7,465.2,402,0.561,4
442,-127.479,-20.705,33.142,0.4062,0.8035,-0.4352,0.5956,-0.802,0.0463,-0.3441,-0.3068,-0.8874,25.289,0.4226,0.114,0.066,0.11102,65.1,443.1,49.9,422.4,80.4,463.8,402,1.141,4
443,-126.786,-19.338,32.406,0.4089,0.8045,-0.4309,0.5946,-0.8027,0.0465,-0.3404,-0.3036,-0.8899,25.278,0.4227,0.315,0.071,0.17433,65.9,441.7,50.7,421.0,81.1,462.4,403,0.621,4
444,-126.088,-17.967,31.679,0.4116,0.8073,-0.4229,0.5935,-0.8035,0.0467,-0.3337,-0.2984,-0.8942,25.266,0.4241,0.545,0.079,0.29965,66.7,440.3,51.5,419.6,81.8,461.0,403,1.081,4
445,-125.385,-16.59,30.969,0.4144,0.8124,-0.4101,0.5922,-0.8044,0.0469,-0.3228,-0.2902,-0.9009,25.255,0.4273,0.871,0.091,0.47351,67.4,438.9,52.3,418.2,82.6,459.6,404,0.624,4
446,-124.678,-15.203,30.288,0.4179,0.8194,-0.3924,0.5909,-0.8054,0.0471,-0.3075,-0.2789,-0.9098,25.244,0.4315,1.203,0.095,0.65253,68.2,437.5,53.1,416.8,83.3,458.2,404,1.076,4
447,-123.963,-13.81,29.626,0.4235,0.8195,-0.3861,0.5895,-0.8064,0.0474,-0.3018,-0.2743,-0.9131,25.233,0.4295,0.46,0.1,0.28407,69.0,436.0,53.9,415.4,84.0,456.8,405,0.54,4
448,-123.238,-12.415,28.977,0.4285,0.8212,-0.3768,0.5879,-0.8075,0.0477,-0.2935,-0.2679,-0.9176,25.223,0.4292,0.654,0.113,0.3604,69.7,434.6,54.8,413.9,84.7,455.3,405,1.162,4
449,-122.506,-11.016,28.346,0.4324,0.8249,-0.3642,0.5862,-0.8087,0.048,-0.2826,-0.2596,-0.9234,25.212,0.4311,0.852,0.12,0.4616,70.5,433.2,55.6,412.5,85.5,453.9,406,0.34,4
450,-121.769,-9.609,27.74,0.4349,0.8305,-0.3481,0.5844,-0.81,0.0484,-0.2686,-0.2494,-0.9304,25.202,0.4354,1.07,0.129,0.58047,71.3,431.8,56.5,411.0,86.2,452.5,406,1.364,4
451,-121.028,-8.19,27.164,0.4356,0.8381,-0.3285,0.5825,-0.8114,0.0487,-0.2517,-0.237,-0.9383,25.192,0.4423,1.284,0.136,0.70872,72.1,430.3,57.3,409.6,86.9,451.1,407,0.03,4
452,-120.288,-6.758,26.624,0.4346,0.847,-0.3061,0.5804,-0.8128,0.0491,-0.2321,-0.223,-0.9468,25.183,0.4512,1.464,0.146,0.81276,72.9,428.9,58.2,408.1,87.7,449.7,408,1.307,4
453,-119.547,-5.312,26.122,0.4375,0.8529,-0.285,0.5782,-0.8144,0.0496,-0.2133,-0.2095,-0.9543,25.174,0.4558,1.394,0.158,0.74474,73.7,427.4,59.0,406.6,88.4,448.2,408,0.394,4
454,-118.802,-3.857,25.656,0.4388,0.8591,-0.2633,0.5759,-0.816,0.05,-0.1937,-0.1956,-0.9613,25.165,0.4615,1.434,0.162,0.76166,74.5,425.9,59.9,405.1,89.1,446.8,409,0.798,4
455,-118.055,-2.39,25.226,0.4386,0.8657,-0.2414,0.5735,-0.8177,0.0505,-0.174,-0.1817,-0.9678,25.156,0.4685,1.431,0.171,0.77074,75.3,424.4,60.7,403.6,89.8,445.3,409,0.903,4
456,-117.311,-0.913,24.834,0.4366,0.8724,-0.2199,0.5709,-0.8194,0.0509,-0.1545,-0.1681,-0.9736,25.149,0.4768,1.402,0.179,0.7618,76.0,422.9,61.6,402.0,90.5,443.8,410,0.208,4
457,-116.572,0.577,24.478,0.4329,0.8791,-0.1994,0.5682,-0.8213,0.0514,-0.1358,-0.1552,-0.9785,25.141,0.4863,1.332,0.191,0.73731,76.8,421.4,62.4,400.5,91.2,442.4,411,1.245,4
458,-115.836,2.076,24.158,0.4318,0.8845,-0.1765,0.5655,-0.8231,0.0519,-0.1143,-0.1405,-0.9835,25.134,0.493,1.52,0.188,0.79369,77.6,419.9,63.3,398.9,91.9,440.9,411,0.456,4
459,-115.104,3.585,23.878,0.4294,0.89,-0.1535,0.5626,-0.8251,0.0523,-0.0925,-0.1257,-0.9877,25.128,0.5008,1.529,0.203,0.80092,78.3,418.4,64.1,397.4,92.6,439.4,412,0.52,4
460,-114.377,5.103,23.636,0.4256,0.8954,-0.1308,0.5597,-0.827,0.0528,-0.0708,-0.1112,-0.9913,25.122,0.5092,1.51,0.201,0.79659,79.1,416.8,64.9,395.8,93.3,437.9,412,1.181,4
461,-113.657,6.63,23.432,0.4204,0.9008,-0.1088,0.5568,-0.829,0.0532,-0.0494,-0.097,-0.9941,25.117,0.5185,1.48,0.203,0.78316,79.8,415.3,65.8,394.2,93.9,436.4,413,0.259,4
462,-112.948,8.166,23.266,0.4139,0.9061,-0.0876,0.5538,-0.8309,0.0536,-0.0285,-0.0833,-0.9961,25.112,0.5284,1.436,0.205,0.76819,80.6,413.7,66.6,392.6,94.6,434.9,414,0.617,4
463,-112.249,9.711,23.135,0.4075,0.9108,-0.0662,0.5508,-0.8329,0.054,-0.007,-0.0693,-0.9976,25.108,0.5377,1.473,0.208,0.7691,81.3,412.2,67.4,391.0,95.2,433.4,414,1.083,4
464,-111.561,11.264,23.041,0.4022,0.9145,-0.0442,0.5478,-0.8348,0.0544,0.0153,-0.055,-0.9984,25.104,0.5455,1.519,0.205,0.77261,82.0,410.6,68.2,389.4,95.8,431.8,415,0.248,4
465,-110.881,12.821,22.985,0.3982,0.917,-0.0218,0.5449,-0.8367,0.0547,0.0382,-0.0404,-0.9985,25.102,0.5515,1.556,0.199,0.77137,82.7,409.0,68.9,387.8,96.5,430.3,416,0.546,4
466,-110.206,14.382,22.966,0.3954,0.9185,0.0007,0.542,-0.8386,0.0551,0.0615,-0.0257,-0.9978,25.099,0.5559,1.579,0.2,0.76566,83.4,407.4,69.7,386.1,97.1,428.8,416,1.154,4
467,-109.536,15.944,22.987,0.3913,0.92,0.0227,0.5393,-0.8403,0.0554,0.0845,-0.0114,-0.9964,25.097,0.5608,1.554,0.184,0.75577,84.0,405.8,70.4,384.5,97.7,427.2,417,0.401,4
468,-108.877,17.511,23.043,0.3847,0.922,0.0436,0.5367,-0.842,0.0557,0.107,0.0024,-0.9943,25.096,0.5674,1.517,0.179,0.74157,84.7,404.3,71.2,382.9,98.3,425.7,418,0.31,4
469,-108.226,19.079,23.135,0.3812,0.9222,0.0646,0.5342,-0.8435,0.056,0.1293,0.016,-0.9915,25.095,0.5706,1.505,0.168,0.71741,85.4,402.7,71.9,381.3,98.9,424.1,419,0.979,4
470,-107.578,20.646,23.263,0.3809,0.9207,0.0855,0.5319,-0.8449,0.0564,0.1511,0.0292,-0.9881,25.094,0.5705,1.473,0.156,0.70611,86.0,401.1,72.6,379.6,99.5,422.6,419,0.722,4
471,-106.929,22.209,23.426,0.3834,0.9175,0.1061,0.5299,-0.8462,0.0567,0.1722,0.0419,-0.9842,25.094,0.5672,1.429,0.138,0.70741,86.7,399.5,73.3,378.0,100.1,421.0,420,0.098,4
472,-106.273,23.766,23.623,0.3869,0.9133,0.1272,0.528,-0.8473,0.0571,0.1934,0.0545,-0.9796,25.094,0.5623,1.437,0.128,0.73453,87.3,397.9,74.0,376.4,100.7,419.5,421,0.481,4
473,-105.621,25.318,23.862,0.381,0.9119,0.1525,0.5265,-0.8482,0.0575,0.2202,0.0707,-0.9729,25.095,0.5641,1.835,0.103,0.87662,88.0,396.3,74.7,374.8,101.3,417.9,422,1.011,4
474,-104.975,26.866,24.139,0.3802,0.9088,0.1719,0.5252,-0.849,0.0579,0.2401,0.0825,-0.9672,25.095,0.5619,1.365,0.09,0.66251,88.6,394.8,75.3,373.2,101.9,416.4,422,0.69,4
475,-104.326,28.408,24.444,0.3842,0.9043,0.1863,0.5242,-0.8496,0.0584,0.254,0.0905,-0.963,25.096,0.556,0.95,0.073,0.52587,89.2,393.2,76.0,371.6,102.5,414.8,423,0.208,4
476,-103.666,29.941,24.77,0.3929,0.8984,0.1961,0.5235,-0.85,0.059,0.2623,0.0949,-0.9603,25.097,0.5464,0.56,0.058,0.48421,89.9,391.6,76.7,370.1,103.1,413.3,424,0.241,4
477,-102.987,31.463,25.109,0.4064,0.8912,0.2016,0.5232,-0.8501,0.0596,0.2654,0.0961,-0.9594,25.098,0.533,0.197,0.039,0.54782,90.6,390.1,77.3,368.5,103.8,411.7,425,0.653,4
478,-102.281,32.971,25.454,0.4213,0.8827,0.2083,0.5232,-0.8501,0.0602,0.269,0.0977,-0.9582,25.098,0.5174,0.236,0.034,0.62051,91.3,388.6,78.0,367.0,104.5,410.2,426,1.041,4
479,-101.56,34.465,25.825,0.4278,0.8752,0.2259,0.5236,-0.8498,0.061,0.2844,0.1069,-0.9527,25.098,0.506,1.075,0.054,0.68081,92.0,387.0,78.7,365.4,105.2,408.7,426,0.66,4
480,-100.825,35.948,26.218,0.4364,0.8682,0.236,0.5244,-0.8492,0.0618,0.2922,0.1113,-0.9499,25.098,0.4938,0.538,0.073,0.50538,92.7,385.5,79.4,363.9,106.0,407.1,427,0.291,4
481,-100.074,37.419,26.623,0.4474,0.8618,0.239,0.5256,-0.8484,0.0627,0.2929,0.1113,-0.9496,25.098,0.481,0.043,0.097,0.44054,93.4,384.0,80.1,362.5,106.7,405.6,428,0.078,4
482,-99.302,38.879,27.027,0.4612,0.8556,0.2351,0.5272,-0.8474,0.0636,0.2868,0.107,-0.952,25.097,0.4669,0.449,0.12,0.5264,94.2,382.5,80.9,361.0,107.5,404.1,429,0.425,4
483,-98.503,40.329,27.418,0.4783,0.8493,0.2234,0.5292,-0.8461,0.0646,0.2733,0.0978,-0.9569,25.096,0.451,0.977,0.148,0.72965,95.0,381.0,81.6,359.5,108.4,402.6,430,0.782,4
484,-97.673,41.767,27.783,0.4993,0.8413,0.2071,0.5315,-0.8445,0.0657,0.2551,0.0856,-0.9631,25.094,0.4315,1.305,0.172,0.93549,95.8,379.6,82.4,358.1,109.3,401.1,430,0.919,4
485,-96.805,43.187,28.132,0.5205,0.8294,0.2029,0.5342,-0.8427,0.0668,0.2479,0.0806,-0.9654,25.091,0.4073,0.519,0.196,0.83133,96.7,378.1,83.1,356.7,110.2,399.6,431,0.553,4
486,-95.905,44.589,28.471,0.5383,0.82,0.1947,0.5373,-0.8406,0.068,0.238,0.0738,-0.9685,25.088,0.3868,0.711,0.225,0.73241,97.6,376.7,84.0,355.3,111.2,398.1,432,0.174,4
487,-94.977,45.978,28.792,0.5517,0.8138,0.1827,0.5407,-0.8384,0.0692,0.2256,0.0653,-0.972,25.084,0.3713,0.884,0.242,0.64109,98.5,375.3,84.8,354.0,112.2,396.6,433,0.22,4
488,-94.031,47.359,29.09,0.5601,0.8114,0.1672,0.5443,-0.8359,0.0704,0.2112,0.0553,-0.9759,25.079,0.3616,1.029,0.26,0.59955,99.4,373.9,85.7,352.6,113.2,395.1,434,0.632,4
489,-93.075,48.739,29.359,0.5635,0.8126,0.1491,0.5482,-0.8332,0.0717,0.1953,0.0443,-0.9797,25.074,0.3575,1.129,0.282,0.6218,100.4,372.5,86.5,351.3,114.3,393.7,435,1.062,4
490,-92.104,50.114,29.601,0.5777,0.8049,0.136,0.5524,-0.8304,0.0729,0.1824,0.0351,-0.9826,25.068,0.3394,0.923,0.297,0.70073,101.4,371.0,87.4,350.0,115.4,392.2,435,0.639,4
491,-91.113,51.478,29.821,0.5874,0.8,0.1224,0.5567,-0.8274,0.0741,0.1698,0.026,-0.9851,25.062,0.3258,0.902,0.308,0.58656,102.4,369.7,88.3,348.6,116.5,390.7,436,0.188,4
492,-90.109,52.836,30.017,0.5926,0.7982,0.1083,0.5611,-0.8243,0.0753,0.1575,0.017,-0.9874,25.056,0.3173,0.883,0.316,0.50999,103.4,368.3,89.2,347.3,117.6,389.2,437,0.288,4
493,-89.1,54.194,30.189,0.5934,0.7994,0.0941,0.5657,-0.8211,0.0765,0.1457,0.0082,-0.9893,25.05,0.3135,0.85,0.328,0.48094,104.4,366.9,90.1,346.0,118.7,387.8,438,0.787,4
494,-88.094,55.557,30.337,0.5901,0.8034,0.0797,0.5704,-0.8177,0.0777,0.1344,-0.0004,-0.9909,25.043,0.3142,0.819,0.339,0.51569,105.4,365.5,91.0,344.7,119.8,386.3,438,0.914,4
495,-87.094,56.926,30.46,0.5892,0.8055,0.0629,0.5752,-0.8142,0.0788,0.1207,-0.0108,-0.9926,25.036,0.312,0.99,0.346,0.57129,106.4,364.1,91.9,343.4,121.0,384.8,439,0.387,4
496,-86.088,58.295,30.552,0.5926,0.8042,0.046,0.5801,-0.8106,0.0799,0.1066,-0.0217,-0.9941,25.028,0.3044,1.025,0.354,0.5825,107.4,362.7,92.8,342.1,122.1,383.3,440,0.174,4
497,-85.08,59.663,30.618,0.5926,0.8048,0.0333,0.585,-0.807,0.081,0.0965,-0.0299,-0.9949,25.021,0.3001,0.747,0.354,0.42838,108.4,361.3,93.7,340.9,123.3,381.8,441,0.774,4
498,-84.074,61.033,30.667,0.5895,0.8074,0.0243,0.5898,-0.8033,0.082,0.0899,-0.0356,-0.9953,25.013,0.2989,0.5,0.352,0.33247,109.5,359.9,94.6,339.6,124.4,380.3,441,0.927,4
499,-83.077,62.41,30.703,0.5836,0.8118,0.0189,0.5947,-0.7997,0.0831,0.0866,-0.0391,-0.9955,25.005,0.3006,0.276,0.354,0.30758,110.5,358.5,95.5,338.3,125.5,378.8,442,0.281,4
500,-82.091,63.795,30.733,0.5747,0.8182,0.0168,0.5994,-0.796,0.0841,0.0863,-0.0402,-0.9955,24.997,0.3054,0.065,0.347,0.37608,111.5,357.1,96.4,337.0,126.6,377.3,443,0.42,4
501,-81.124,65.193,30.762,0.5637,0.8258,0.0165,0.6041,-0.7924,0.0851,0.0877,-0.0401,-0.9953,24.989,0.3124,0.081,0.344,0.45065,112.5,355.7,97.2,335.6,127.7,375.8,444,1.179,4
502,-80.17,66.601,30.78,0.5578,0.8299,0.0059,0.6086,-0.7888,0.0862,0.0802,-0.0469,-0.9957,24.981,0.3146,0.58,0.336,0.43146,113.4,354.2,98.1,334.3,128.8,374.2,444,0.521,4
503,-79.227,68.016,30.784,0.5517,0.8341,-0.0008,0.613,-0.7853,0.0872,0.076,-0.0513,-0.9958,24.972,0.3169,0.349,0.327,0.33648,114.4,352.8,98.9,333.0,129.9,372.7,445,0.305,4
504,-78.294,69.438,30.78,0.5453,0.8383,-0.0039,0.6173,-0.7818,0.0882,0.0748,-0.0533,-0.9958,24.964,0.3191,0.134,0.323,0.27826,115.3,351.4,99.8,331.6,130.9,371.1,446,1.203,4
505,-77.372,70.867,30.773,0.5385,0.8426,-0.0035,0.6214,-0.7784,0.0892,0.0765,-0.0531,-0.9957,24.955,0.3216,0.098,0.311,0.27139,116.3,349.9,100.6,330.3,132.0,369.6,446,0.498,4
506,-76.463,72.304,30.77,0.5312,0.8472,0.0003,0.6254,-0.775,0.0903,0.0811,-0.0505,-0.9954,24.946,0.3243,0.303,0.307,0.31767,117.2,348.4,101.5,328.9,133.0,368.0,447,0.481,4
507,-75.566,73.748,30.776,0.5234,0.852,0.0076,0.6294,-0.7717,0.0914,0.0886,-0.0455,-0.995,24.937,0.3274,0.517,0.304,0.39463,118.1,347.0,102.3,327.5,134.0,366.5,447,1.22,4
508,-74.683,75.201,30.797,0.5146,0.8573,0.0159,0.6332,-0.7684,0.0924,0.0969,-0.0398,-0.9945,24.928,0.3314,0.578,0.294,0.44507,119.0,345.5,103.1,326.1,135.0,364.9,448,0.167,4
509,-73.816,76.664,30.823,0.505,0.863,0.015,0.6369,-0.7652,0.0936,0.098,-0.04,-0.9944,24.918,0.3373,0.064,0.289,0.37735,119.9,344.0,103.9,324.7,136.0,363.3,449,0.942,4
510,-72.965,78.136,30.85,0.4968,0.8677,0.017,0.6406,-0.762,0.0947,0.1012,-0.0384,-0.9941,24.909,0.3413,0.206,0.287,0.32551,120.8,342.5,104.6,323.3,136.9,361.7,449,0.759,4
511,-72.126,79.615,30.882,0.4899,0.8715,0.0218,0.6441,-0.7589,0.0959,0.1066,-0.0351,-0.9937,24.899,0.3437,0.363,0.277,0.3108,121.6,341.0,105.4,321.9,137.9,360.1,450,0.391,4
512,-71.298,81.1,30.926,0.484,0.8746,0.0295,0.6476,-0.7557,0.0971,0.1142,-0.0297,-0.993,24.889,0.3446,0.536,0.28,0.34308,122.5,339.5,106.2,320.5,138.8,358.5,450,1.31,4
513,-70.479,82.589,30.985,0.4791,0.8768,0.0406,0.6511,-0.7526,0.0983,0.1243,-0.022,-0.992,24.878,0.3439,0.73,0.277,0.4155,123.3,338.0,106.9,319.1,139.7,356.9,451,0.136,4
514,-69.668,84.082,31.066,0.4749,0.8783,0.0556,0.6544,-0.7495,0.0996,0.1375,-0.0116,-0.9904,24.868,0.342,0.967,0.27,0.5272,124.1,336.4,107.7,317.6,140.6,355.3,452,1.046,4
515,-68.864,85.576,31.176,0.4705,0.8794,0.0725,0.6577,-0.7464,0.1009,0.1519,0.0002,-0.9884,24.857,0.3396,1.073,0.27,0.58969,124.9,334.9,108.4,316.2,141.5,353.7,452,0.654,4
516,-68.07,87.073,31.309,0.4637,0.8819,0.0844,0.661,-0.7434,0.1023,0.1627,0.0089,-0.9866,24.846,0.3405,0.801,0.268,0.46942,125.7,333.4,109.1,314.7,142.4,352.1,453,0.521,4
517,-67.287,88.575,31.464,0.4568,0.8841,0.0985,0.6642,-0.7403,0.1038,0.1752,0.0191,-0.9844,24.834,0.3409,0.933,0.269,0.53412,126.5,331.8,109.9,313.3,143.2,350.5,453,1.18,4
518,-66.516,90.08,31.645,0.4499,0.8857,0.1147,0.6674,-0.7372,0.1053,0.1892,0.031,-0.9815,24.822,0.3406,1.066,0.269,0.59579,127.3,330.3,110.6,311.8,144.1,348.8,454,0.031,4
519,-65.757,91.586,31.856,0.443,0.8866,0.1331,0.6705,-0.7342,0.1069,0.2047,0.0445,-0.9778,24.81,0.3397,1.197,0.264,0.66283,128.1,328.8,111.2,310.4,144.9,347.2,455,1.092,4
520,-65.009,93.094,32.099,0.4361,0.8867,0.1534,0.6735,-0.7311,0.1086,0.2215,0.0594,-0.9733,24.797,0.3379,1.312,0.266,0.72245,128.8,327.2,111.9,308.9,145.7,345.6,455,0.609,4
521,-64.272,94.601,32.378,0.4306,0.8854,0.1751,0.6765,-0.7281,0.1104,0.239,0.0752,-0.9681,24.784,0.334,1.383,0.264,0.75555,129.5,325.7,112.6,307.5,146.5,343.9,456,0.466,4
522,-63.546,96.106,32.694,0.4231,0.8846,0.1961,0.6795,-0.7251,0.1123,0.256,0.0909,-0.9624,24.77,0.3319,1.366,0.266,0.75186,130.3,324.1,113.3,306.0,147.3,342.3,456,1.235,4
523,-62.835,97.61,33.044,0.413,0.8847,0.2159,0.6823,-0.722,0.1143,0.2725,0.1062,-0.9563,24.754,0.3323,1.336,0.265,0.749,131.0,322.6,113.9,304.5,148.1,340.6,457,0.205,4
524,-62.143,99.116,33.427,0.4003,0.886,0.2342,0.6852,-0.719,0.1164,0.2882,0.1208,-0.9499,24.738,0.3355,1.282,0.268,0.75183,131.7,321.0,114.5,303.1,148.9,339.0,458,0.779,4
525,-61.475,100.624,33.84,0.3849,0.8883,0.2505,0.688,-0.7159,0.1187,0.303,0.1347,-0.9434,24.721,0.3414,1.222,0.273,0.75957,132.3,319.4,115.1,301.6,149.6,337.3,458,0.922,4
526,-60.831,102.134,34.283,0.3734,0.8872,0.2709,0.6908,-0.7128,0.1211,0.3198,0.151,-0.9354,24.702,0.3416,1.417,0.276,0.78997,133.0,317.9,115.7,300.1,150.3,335.7,459,0.019,4
527,-60.207,103.642,34.76,0.3601,0.8868,0.2897,0.6936,-0.7097,0.1236,0.3357,0.1666,-0.9271,24.682,0.3438,1.362,0.279,0.77607,133.6,316.3,116.3,298.7,151.0,334.0,460,0.9,4
528,-59.608,105.151,35.267,0.3434,0.8878,0.3063,0.6963,-0.7065,0.1263,0.3507,0.1814,-0.9188,24.66,0.3494,1.298,0.285,0.79412,134.2,314.7,116.8,297.2,151.6,332.4,460,0.801,4
529,-59.041,106.663,35.8,0.3228,0.8904,0.3208,0.6991,-0.7033,0.1291,0.365,0.1956,-0.9102,24.637,0.3591,1.255,0.292,0.85342,134.8,313.2,117.3,295.7,152.3,330.7,461,0.036,4
530,-58.512,108.18,36.357,0.2994,0.8934,0.3349,0.7018,-0.7,0.1321,0.3796,0.2105,-0.9009,24.612,0.371,1.309,0.299,0.92605,135.3,311.6,117.8,294.2,152.8,329.0,462,0.816,4
531,-58.021,109.699,36.942,0.2778,0.8936,0.3526,0.7045,-0.6967,0.1353,0.3961,0.2279,-0.8895,24.585,0.3792,1.521,0.305,0.94107,135.8,310.0,118.2,292.8,153.4,327.3,462,0.884,4
532,-57.569,111.219,37.555,0.254,0.8943,0.3683,0.7071,-0.6934,0.1385,0.4118,0.2446,-0.8778,24.556,0.3895,1.475,0.303,0.96103,136.2,308.4,118.6,291.3,153.9,325.6,463,0.157,4
533,-57.158,112.741,38.192,0.2291,0.8958,0.381,0.7097,-0.69,0.1419,0.4258,0.2597,-0.8667,24.525,0.4014,1.34,0.313,0.94329,136.6,306.8,119.0,289.8,154.3,323.9,464,0.517,4
534,-56.79,114.266,38.849,0.2045,0.8975,0.3908,0.7123,-0.6867,0.1454,0.4381,0.2731,-0.8564,24.493,0.4138,1.198,0.313,0.89397,137.0,305.2,119.3,288.3,154.7,322.2,465,1.127,4
535,-56.463,115.792,39.525,0.1794,0.8971,0.4038,0.7147,-0.6834,0.149,0.4524,0.2893,-0.8436,24.459,0.4247,1.439,0.312,0.95258,137.3,303.6,119.6,286.8,155.1,320.5,465,0.573,4
536,-56.178,117.317,40.221,0.1561,0.8966,0.4144,0.7171,-0.68,0.1528,0.4649,0.3034,-0.8317,24.423,0.4344,1.277,0.323,0.86278,137.5,302.0,119.8,285.3,155.4,318.8,466,0.032,4
537,-55.931,118.841,40.932,0.1355,0.8963,0.4222,0.7195,-0.6765,0.1569,0.4754,0.3151,-0.8214,24.381,0.4426,1.077,0.338,0.74225,137.8,300.4,120.0,283.8,155.6,317.0,467,0.431,4
538,-55.716,120.365,41.655,0.1179,0.8963,0.4275,0.7219,-0.6729,0.1614,0.4838,0.3241,-0.8129,24.334,0.449,0.857,0.358,0.6194,138.0,298.8,120.1,282.3,155.9,315.3,468,0.804,4
539,-55.532,121.889,42.388,0.0981,0.8951,0.4349,0.7243,-0.6692,0.1663,0.4941,0.3355,-0.802,24.28,0.4556,1.079,0.378,0.71341,138.1,297.2,120.3,280.9,156.0,313.6,468,0.896,4
540,-55.38,123.41,43.133,0.0812,0.8937,0.4412,0.7266,-0.6652,0.1717,0.5033,0.3453,-0.7921,24.218,0.4597,0.957,0.407,0.60952,138.3,295.6,120.4,279.4,156.2,311.8,469,0.623,4
541,-55.254,124.929,43.887,0.0676,0.8929,0.4451,0.729,-0.6611,0.1775,0.5105,0.3524,-0.7843,24.149,0.462,0.732,0.43,0.47743,138.4,293.9,120.5,277.9,156.3,310.0,470,0.462,4
542,-55.149,126.447,44.646,0.0558,0.8926,0.4474,0.7314,-0.6567,0.1838,0.5165,0.3576,-0.778,24.075,0.4631,0.581,0.461,0.40513,138.4,292.3,120.6,276.5,156.4,308.3,471,0.426,4
543,-55.063,127.965,45.408,0.0449,0.8929,0.448,0.7339,-0.652,0.1903,0.5216,0.3615,-0.7728,23.994,0.464,0.473,0.481,0.36792,138.5,290.7,120.6,275.1,156.5,306.5,472,0.526,4
544,-54.997,129.484,46.168,0.0316,0.8944,0.4462,0.7365,-0.6471,0.1972,0.5261,0.3647,-0.7683,23.909,0.4675,0.408,0.507,0.45515,138.6,289.1,120.7,273.6,156.5,304.7,474,0.573,4
545,-54.958,131.006,46.926,0.0147,0.8953,0.4452,0.7392,-0.6416,0.2048,0.5321,0.37,-0.7616,23.812,0.4724,0.598,0.559,0.5712,138.6,287.5,120.7,272.2,156.5,302.8,475,0.085,4
546,-54.946,132.528,47.685,-0.0004,0.8938,0.4484,0.7424,-0.6347,0.2144,0.5401,0.3776,-0.7522,23.681,0.4715,0.831,0.702,0.52258,138.6,285.9,120.7,270.9,156.5,301.0,477,0.465,4
547,-54.959,134.044,48.454,-0.0149,0.889,0.4576,0.7462,-0.6257,0.2273,0.5512,0.3892,-0.738,23.495,0.4634,1.228,0.927,0.60076,138.5,284.2,120.7,269.6,156.4,299.0,478,0.354,4
548,-55.001,135.548,49.247,-0.0451,0.8781,0.4764,0.7507,-0.6136,0.2449,0.5701,0.4143,-0.7095,23.232,0.456,2.431,1.251,1.25361,138.5,282.6,120.8,268.5,156.3,296.9,481,0.044,4
549,-55.117,137.029,50.074,-0.0774,0.8656,0.4947,0.7555,-0.5984,0.2667,0.5882,0.4403,-0.6784,22.895,0.4445,2.544,1.547,1.32025,138.3,281.0,120.8,267.5,156.0,294.7,484,0.133,5
550,-55.2,138.5,50.922,-0.0043,0.8651,0.5015,0.7599,-0.5819,0.2895,0.5817,0.4101,-0.7025,22.533,0.3615,2.245,1.632,2.47476,138.2,279.5,120.8,266.6,155.7,292.5,488,0.006,5
551,-55.166,139.961,51.792,0.0491,0.8562,0.5142,0.7635,-0.5661,0.3107,0.5817,0.394,-0.7116,22.189,0.2874,1.06,1.529,1.87434,138.2,277.9,121.0,265.6,155.5,290.3,491,0.019,5
552,-55.022,141.424,52.646,0.1185,0.8654,0.4868,0.7667,-0.5507,0.3301,0.5683,0.3429,-0.748,21.868,0.225,3.676,1.431,2.53434,138.3,276.3,121.4,264.6,155.4,288.2,494,0.311,5
553,-54.771,142.897,53.456,0.1776,0.8657,0.468,0.7697,-0.5351,0.3482,0.5594,0.3024,-0.7718,21.568,0.1636,2.74,1.38,2.09039,138.6,274.7,121.8,263.5,155.5,286.0,496,0.165,5
554,-54.416,144.361,54.244,0.2395,0.8554,0.4592,0.7724,-0.5199,0.3649,0.5532,0.2685,-0.7886,21.289,0.0922,2.197,1.303,2.13576,138.9,273.2,122.3,262.4,155.7,283.9,498,0.188,5
555,-53.962,145.81,55.009,0.2959,0.8458,0.4438,0.7748,-0.5052,0.3802,0.546,0.2315,-0.8052,21.033,0.0293,2.36,1.223,1.99691,139.3,271.6,122.9,261.4,156.0,281.9,500,0.379,5
556,-53.408,147.228,55.767,0.3566,0.8182,0.4509,0.7768,-0.4911,0.3942,0.5448,0.21,-0.8119,20.798,0.0529,1.292,1.144,2.26034,139.9,270.1,123.5,260.3,156.4,279.9,501,0.311,5
557,-52.751,148.595,56.536,0.4143,0.7898,0.4522,0.7785,-0.4776,0.4072,0.5422,0.1849,-0.8197,20.582,0.1295,1.513,1.078,2.16815,140.5,268.6,124.3,259.2,156.9,278.0,503,0.146,5
558,-51.999,149.908,57.31,0.47,0.7535,0.4597,0.78,-0.4647,0.4192,0.5415,0.1652,-0.8243,20.384,0.2092,1.16,1.013,2.25521,141.3,267.2,125.2,258.2,157.5,276.2,504,0.404,5
559,-51.155,151.155,58.099,0.5216,0.7142,0.4668,0.7812,-0.4524,0.4302,0.5409,0.1464,-0.8283,20.204,0.2852,1.102,0.948,2.19928,142.1,265.8,126.2,257.2,158.3,274.5,506,0.348,5
560,-50.227,152.335,58.898,0.5696,0.6721,0.4731,0.7823,-0.4409,0.44,0.54,0.1279,-0.8319,20.044,0.3574,1.081,0.868,2.16231,143.1,264.5,127.2,256.2,159.1,272.9,507,0.058,5
561,-49.218,153.436,59.71,0.6169,0.6224,0.4817,0.7833,-0.4304,0.4485,0.5392,0.1115,-0.8347,19.908,0.4314,0.954,0.776,2.33087,144.1,263.3,128.3,255.3,160.0,271.4,508,0.424,5
562,-48.132,154.454,60.533,0.6594,0.5735,0.4861,0.7843,-0.4211,0.4555,0.537,0.0932,-0.8384,19.797,0.4971,1.077,0.669,2.18868,145.2,262.2,129.5,254.4,161.1,270.0,510,0.651,5
563,-46.975,155.381,61.364,0.7021,0.5151,0.4917,0.7854,-0.413,0.461,0.5341,0.0758,-0.842,19.713,0.5654,1.032,0.565,2.44592,146.4,261.1,130.7,253.6,162.2,268.8,511,0.388,5
564,-45.746,156.203,62.204,0.7417,0.4529,0.4947,0.7867,-0.4062,0.4649,0.5296,0.0571,-0.8463,19.655,0.6295,1.129,0.455,2.48767,147.6,260.2,131.9,252.8,163.5,267.7,512,0.157,5
565,-44.455,156.919,63.046,0.7767,0.3888,0.4955,0.7882,-0.4004,0.4673,0.5238,0.038,-0.851,19.623,0.6881,1.175,0.37,2.46195,148.9,259.4,133.2,252.1,164.8,266.7,513,0.041,5
566,-43.107,157.523,63.888,0.8081,0.3201,0.4945,0.7902,-0.3954,0.4682,0.5165,0.0185,-0.8561,19.616,0.7435,1.228,0.313,2.54658,150.3,258.7,134.6,251.5,166.2,265.9,514,0.205,5
567,-41.71,158.01,64.726,0.8334,0.2545,0.4906,0.7926,-0.3912,0.4676,0.5076,-0.0014,-0.8616,19.636,0.7904,1.288,0.279,2.37354,151.7,258.1,135.9,251.0,167.7,265.2,515,0.339,5
568,-40.276,158.39,65.556,0.8529,0.1926,0.4852,0.7958,-0.3875,0.4654,0.4977,-0.0194,-0.8671,19.683,0.8299,1.219,0.307,2.19507,153.2,257.6,137.3,250.6,169.3,264.7,516,0.445,5
569,-38.811,158.662,66.374,0.8698,0.1253,0.4772,0.7997,-0.3841,0.4615,0.485,-0.0399,-0.8736,19.759,0.8677,1.431,0.371,2.3545,154.7,257.3,138.6,250.3,171.0,264.3,517,0.525,5
570,-37.32,158.82,67.178,0.8819,0.0607,0.4674,0.8046,-0.3808,0.4556,0.4707,-0.0589,-0.8803,19.869,0.8994,1.416,0.478,2.23978,156.2,257.0,139.9,250.1,172.7,264.1,518,0.582,5
571,-35.814,158.87,67.964,0.8897,-0.002,0.4565,0.8106,-0.3777,0.4476,0.4551,-0.0749,-0.8873,20.018,0.9263,1.342,0.6,2.1611,157.8,256.9,141.2,249.9,174.5,263.9,519,0.617,5
572,-34.295,158.804,68.726,0.8947,-0.074,0.4405,0.8177,-0.3746,0.4371,0.4328,-0.1005,-0.8959,20.211,0.9519,2.007,0.748,2.49205,159.3,256.9,142.4,249.9,176.4,264.0,520,0.63,5
573,-32.775,158.623,69.464,0.8929,-0.1368,0.4289,0.8257,-0.3716,0.4244,0.4179,-0.1023,-0.9027,20.444,0.9701,0.944,0.877,2.15341,160.9,257.0,143.6,250.0,178.4,264.1,521,0.622,5
574,-31.26,158.337,70.181,0.8884,-0.201,0.4128,0.8344,-0.3688,0.4097,0.398,-0.1111,-0.9106,20.713,0.9845,1.326,0.992,2.23609,162.5,257.2,144.7,250.1,180.4,264.4,522,0.594,5
575,-29.758,157.944,70.873,0.877,-0.2608,0.4036,0.8434,-0.3658,0.3935,0.407,-0.0431,-0.9124,21.009,0.9939,3.932,1.076,2.075,164.0,257.6,145.8,250.4,182.4,264.8,523,0.548,5
576,-28.279,157.453,71.555,0.862,-0.3171,0.3955,0.8525,-0.3626,0.3765,0.4784,0.2508,-0.8416,21.322,0.9987,17.87,1.12,1.98262,165.5,258.0,146.8,250.8,184.4,265.3,524,0.488,5
577,-26.829,156.867,72.221,0.8425,-0.3719,0.3898,0.8615,-0.359,0.3592,0.1654,0.8671,0.4698,21.64,0.9993,95.669,1.136,1.96976,167.0,258.6,147.8,251.2,186.4,266.0,525,0.419,5
578,-25.418,156.189,72.885,0.8173,-0.4253,0.3887,0.8701,-0.3546,0.3422,-0.077,0.5879,0.8052,21.954,0.995,28.909,1.12,1.99049,168.5,259.2,148.8,251.8,188.4,266.7,526,0.345,5
579,-24.051,155.421,73.543,0.7891,-0.4774,0.3865,0.8785,-0.3494,0.3259,-0.1232,0.4933,0.8611,22.253,0.986,6.834,1.092,1.99801,169.9,260.0,149.7,252.6,190.3,267.4,527,0.272,5
580,-22.739,154.565,74.205,0.7524,-0.5294,0.3919,0.8865,-0.343,0.3106,-0.124,0.4705,0.8736,22.535,0.9703,1.491,1.055,2.15298,171.3,260.8,150.6,253.4,192.1,268.2,528,0.203,5
581,-21.494,153.62,74.872,0.712,-0.5815,0.3935,0.8944,-0.3351,0.2962,-0.1273,0.4442,0.8868,22.797,0.9482,1.697,1.044,2.22286,172.6,261.7,151.5,254.4,193.8,269.1,529,0.143,5
582,-20.32,152.59,75.545,0.6672,-0.6294,0.3984,0.9021,-0.3258,0.2829,-0.123,0.4344,0.8923,23.039,0.9196,0.689,1.029,2.21685,173.8,262.7,152.3,255.5,195.5,270.0,530,0.094,5
583,-19.227,151.48,76.224,0.619,-0.6758,0.4003,0.9097,-0.3151,0.2706,-0.1215,0.4211,0.8988,23.263,0.8844,0.853,1.031,2.25585,174.9,263.8,153.0,256.8,197.0,270.9,531,0.054,5
584,-18.214,150.295,76.904,0.5718,-0.7171,0.3986,0.917,-0.3032,0.2592,-0.1216,0.4064,0.9056,23.467,0.8451,0.928,1.033,2.11466,176.0,265.0,153.6,258.1,198.5,271.9,532,0.022,5
585,-17.284,149.043,77.58,0.5228,-0.755,0.3958,0.924,-0.2904,0.2488,-0.1217,0.3934,0.9113,23.653,0.8008,0.813,1.027,2.08989,176.9,266.2,154.2,259.6,199.8,272.9,533,0.007,5
586,-16.436,147.729,78.248,0.4736,-0.7902,0.3889,0.9306,-0.2769,0.2393,-0.1236,0.3776,0.9177,23.822,0.7526,0.983,1.019,2.05229,177.8,267.6,154.8,261.2,201.0,274.0,534,0.023,5
587,-15.674,146.358,78.904,0.4233,-0.8216,0.3817,0.9369,-0.2629,0.2307,-0.125,0.3644,0.9228,23.974,0.7006,0.815,1.008,2.01323,178.6,268.9,155.2,262.8,202.1,275.0,535,0.034,5
588,-14.997,144.935,79.543,0.3717,-0.8517,0.3694,0.9427,-0.2484,0.2228,-0.1281,0.347,0.9291,24.112,0.6443,1.075,1.003,2.05565,179.3,270.4,155.7,264.6,203.1,276.2,536,0.037,5
589,-14.412,143.464,80.163,0.3169,-0.8782,0.3582,0.9482,-0.2334,0.2155,-0.13,0.3339,0.9336,24.237,0.5826,0.801,1.006,2.086,179.9,271.8,156.0,266.4,204.0,277.3,537,0.031,5
590,-13.914,141.95,80.756,0.271,-0.9015,0.3376,0.9533,-0.2182,0.2089,-0.1348,0.3117,0.9406,24.35,0.5256,1.362,0.993,1.86871,180.4,273.4,156.2,268.3,204.8,278.5,538,0.015,5
591,-13.496,140.401,81.317,0.2219,-0.9201,0.3228,0.958,-0.2029,0.2029,-0.1368,0.2984,0.9446,24.454,0.4648,0.804,0.979,1.83843,180.9,275.0,156.4,270.2,205.4,279.7,539,0.009,5
592,-13.146,138.823,81.845,0.1946,-0.935,0.2964,0.9622,-0.1876,0.1973,-0.1421,0.2721,0.9517,24.547,0.4211,1.59,0.964,1.37476,181.2,276.6,156.6,272.2,206.0,281.0,540,0.013,5
593,-12.827,137.222,82.323,0.1741,-0.9475,0.2684,0.9661,-0.1725,0.1923,-0.1472,0.2444,0.9584,24.63,0.3833,1.659,0.938,1.24289,181.6,278.2,156.7,274.2,206.5,282.3,541,0.022,5
594,-12.55,135.603,82.762,0.1555,-0.9564,0.2473,0.9694,-0.1578,0.1879,-0.1501,0.2246,0.9628,24.704,0.3481,1.174,0.899,0.99412,181.8,279.9,156.8,276.2,207.0,283.6,542,0.092,5
595,-12.286,133.972,83.162,0.1581,-0.9618,0.2235,0.9724,-0.1436,0.184,-0.1537,0.1997,0.9677,24.768,0.333,1.469,0.861,0.82693,182.1,281.5,157.0,278.2,207.4,284.9,543,0.219,5
596,-12.003,132.334,83.519,0.1747,-0.965,0.1956,0.9749,-0.1299,0.1806,-0.1578,0.1687,0.973,24.825,0.331,1.817,0.821,1.09919,182.4,283.2,157.1,280.2,207.8,286.3,544,0.415,5
597,-11.706,130.688,83.83,0.1761,-0.9695,0.1705,0.9771,-0.1168,0.1777,-0.1605,0.1426,0.9767,24.874,0.3156,1.518,0.779,0.86058,182.7,284.9,157.3,282.2,208.2,287.6,545,0.693,5
598,-11.399,129.038,84.101,0.1863,-0.9712,0.1489,0.979,-0.1042,0.1751,-0.1625,0.119,0.9795,24.916,0.3097,1.367,0.745,0.80695,183.0,286.6,157.5,284.3,208.7,289.0,545,1.008,5
599,-11.068,127.387,84.339,0.2034,-0.9702,0.1317,0.9806,-0.0921,0.1729,-0.1638,0.0989,0.9815,24.953,0.3116,1.16,0.711,0.81795,183.4,288.3,157.8,286.3,209.1,290.4,546,0.635,5
600,-10.706,125.739,84.55,0.2212,-0.9685,0.1148,0.982,-0.0806,0.171,-0.1647,0.079,0.9832,24.985,0.3149,1.146,0.673,0.82899,183.8,290.1,158.1,288.3,209.5,291.8,547,0.163,5
601,-10.319,124.093,84.73,0.2338,-0.9673,0.0982,0.9831,-0.0694,0.1694,-0.1654,0.06,0.9844,25.013,0.3136,1.092,0.651,0.70334,184.2,291.8,158.5,290.3,210.0,293.3,548,0.396,5
602,-9.912,122.45,84.886,0.2447,-0.9658,0.0861,0.9841,-0.0587,0.1679,-0.1654,0.046,0.9852,25.038,0.312,0.803,0.622,0.55102,184.6,293.5,158.8,292.3,210.5,294.7,549,1.029,5
603,-9.488,120.809,85.026,0.2539,-0.9641,0.0781,0.9848,-0.0483,0.1667,-0.165,0.0364,0.9856,25.06,0.3096,0.551,0.601,0.41474,185.0,295.2,159.2,294.2,211.0,296.2,549,0.672,5
604,-9.049,119.171,85.154,0.2616,-0.9624,0.0736,0.9855,-0.0381,0.1655,-0.1644,0.0307,0.9859,25.079,0.3067,0.329,0.59,0.30594,185.5,296.9,159.6,296.2,211.5,297.6,550,0.021,5
605,-8.597,117.536,85.273,0.2698,-0.9607,0.0656,0.986,-0.0283,0.1645,-0.164,0.0213,0.9862,25.097,0.304,0.539,0.565,0.39018,186.0,298.6,160.1,298.2,212.0,299.1,551,0.759,5
606,-8.132,115.904,85.378,0.2771,-0.9591,0.0583,0.9863,-0.0187,0.1636,-0.1634,0.0127,0.9865,25.114,0.3008,0.494,0.553,0.35204,186.5,300.3,160.5,300.1,212.5,300.5,551,0.941,5
607,-7.656,114.274,85.473,0.2832,-0.9576,0.0533,0.9866,-0.0093,0.1628,-0.1627,0.0067,0.9866,25.129,0.297,0.346,0.541,0.27051,187.0,302.0,161.0,302.1,213.0,302.0,552,0.173,5
608,-7.17,112.647,85.561,0.2883,-0.9562,0.0502,0.9868,-0.0001,0.162,-0.162,0.0029,0.9868,25.143,0.2927,0.222,0.529,0.20652,187.5,303.7,161.5,304.0,213.6,303.4,553,0.611,5
609,-6.676,111.022,85.644,0.2926,-0.955,0.0487,0.9869,0.0089,0.1614,-0.1614,0.0009,0.9869,25.156,0.2881,0.12,0.517,0.15869,188.0,305.4,162.0,305.9,214.1,304.9,553,1.089,5
610,-6.175,109.399,85.727,0.2962,-0.9539,0.0488,0.9868,0.0177,0.1607,-0.1607,0.0006,0.987,25.169,0.2832,0.044,0.506,0.12687,188.5,307.1,162.5,307.9,214.6,306.4,554,0.305,5
611,-5.669,107.778,85.811,0.3,-0.9527,0.0494,0.9867,0.0264,0.1601,-0.1602,0.0008,0.9871,25.18,0.2788,0.031,0.5,0.13581,189.0,308.8,163.0,309.8,215.2,307.9,555,0.468,6
612,-5.153,106.16,85.893,0.3062,-0.9508,0.0475,0.9866,0.0349,0.1595,-0.1596,-0.0021,0.9872,25.192,0.2765,0.17,0.488,0.22766,189.6,310.5,163.6,311.7,215.7,309.3,556,1.223,6
613,-4.628,104.544,85.973,0.3108,-0.9494,0.046,0.9863,0.0432,0.159,-0.159,-0.0042,0.9873,25.202,0.2728,0.125,0.477,0.1697,190.1,312.2,164.1,313.6,216.3,310.8,556,0.477,6
614,-4.097,102.93,86.05,0.3141,-0.9483,0.0449,0.986,0.0513,0.1585,-0.1584,-0.0057,0.9874,25.212,0.2682,0.093,0.465,0.1229,190.7,313.9,164.7,315.5,216.9,312.3,557,0.256,6
615,-3.561,101.318,86.126,0.3161,-0.9477,0.0441,0.9857,0.0593,0.158,-0.1579,-0.0067,0.9874,25.222,0.2623,0.064,0.46,0.07533,191.3,315.6,165.2,317.4,217.4,313.8,558,0.964,6
616,-3.022,99.707,86.2,0.3171,-0.9474,0.0437,0.9852,0.0671,0.1575,-0.1574,-0.0072,0.9875,25.231,0.2557,0.041,0.449,0.03766,191.8,317.3,165.8,319.3,218.0,315.2,558,0.737,6
617,-2.483,98.096,86.274,0.317,-0.9474,0.0435,0.9848,0.0747,0.1571,-0.157,-0.0072,0.9876,25.24,0.2482,0.024,0.437,0.00741,192.4,319.0,166.3,321.2,218.6,316.7,559,0.061,6
618,-1.945,96.484,86.348,0.3159,-0.9478,0.0436,0.9842,0.082,0.1567,-0.1567,-0.0067,0.9876,25.249,0.24,0.033,0.42,0.03957,193.0,320.7,166.9,323.1,219.1,318.2,560,0.584,6
619,-1.409,94.872,86.423,0.3139,-0.9484,0.044,0.9837,0.0892,0.1563,-0.1564,-0.0059,0.9877,25.257,0.2311,0.049,0.414,0.07162,193.5,322.3,167.5,324.9,219.7,319.7,560,1.116,6
620,-0.875,93.26,86.499,0.3151,-0.9479,0.0463,0.9831,0.0962,0.1559,-0.1563,-0.0037,0.9877,25.265,0.2258,0.126,0.403,0.08902,194.1,324.0,168.1,326.8,220.2,321.2,561,0.511,6
621,-0.338,91.649,86.58,0.3165,-0.9474,0.048,0.9825,0.1029,0.1555,-0.1561,-0.0022,0.9877,25.273,0.2209,0.087,0.386,0.07608,194.6,325.7,168.6,328.7,220.8,322.8,562,0.054,6
622,0.201,90.038,86.662,0.3172,-0.9471,0.0486,0.9818,0.1093,0.1551,-0.1559,-0.0015,0.9878,25.28,0.2154,0.042,0.37,0.03264,195.2,327.4,169.2,330.5,221.3,324.3,563,0.569,6
623,0.741,88.427,86.744,0.3172,-0.9471,0.0483,0.9812,0.1155,0.1548,-0.1556,-0.0018,0.9878,25.288,0.2093,0.024,0.357,0.0101,195.8,329.1,169.8,332.4,221.9,325.8,564,1.044,6
624,1.28,86.816,86.826,0.3166,-0.9474,0.047,0.9805,0.1213,0.1545,-0.1553,-0.0028,0.9879,25.294,0.2028,0.06,0.335,0.04927,196.3,330.8,170.3,334.2,222.5,327.3,564,0.657,6
625,1.817,85.205,86.904,0.3154,-0.9479,0.0449,0.9799,0.1268,0.1542,-0.1548,-0.0047,0.9879,25.301,0.1958,0.112,0.317,0.08321,196.9,332.5,170.9,336.0,223.0,328.9,565,0.221,6
626,2.352,83.592,86.978,0.3136,-0.9486,0.0419,0.9792,0.132,0.1539,-0.1543,-0.0073,0.988,25.307,0.1883,0.152,0.301,0.12021,197.5,334.2,171.5,337.9,223.6,330.4,566,0.187,6
627,2.883,81.978,87.046,0.311,-0.9496,0.0379,0.9786,0.1368,0.1536,-0.1536,-0.0108,0.9881,25.313,0.1803,0.205,0.278,0.16424,198.0,335.9,172.1,339.7,224.1,332.0,567,0.567,6
628,3.41,80.362,87.106,0.3078,-0.9509,0.0329,0.978,0.1412,0.1534,-0.1528,-0.0152,0.9881,25.318,0.1718,0.256,0.255,0.20473,198.6,337.5,172.6,341.5,224.7,333.6,568,0.927,6
629,3.93,78.744,87.157,0.3039,-0.9523,0.027,0.9775,0.1451,0.1532,-0.1518,-0.0205,0.9882,25.322,0.163,0.309,0.226,0.24296,199.1,339.2,173.2,343.3,225.2,335.2,568,0.773,6
630,4.445,77.124,87.203,0.3022,-0.9529,0.0264,0.977,0.1487,0.153,-0.1516,-0.0207,0.9882,25.327,0.1576,0.016,0.209,0.064,199.7,340.9,173.7,345.1,225.7,336.8,569,0.426,6
631,4.957,75.504,87.247,0.3003,-0.9535,0.0248,0.9765,0.1518,0.1528,-0.1512,-0.0219,0.9883,25.33,0.1523,0.073,0.18,0.08609,200.2,342.6,174.3,346.9,226.3,338.4,570,0.09,6
632,5.466,73.881,87.287,0.2983,-0.9542,0.0221,0.9761,0.1545,0.1526,-0.1507,-0.0242,0.9883,25.334,0.1471,0.135,0.157,0.11564,200.7,344.4,174.8,348.6,226.8,340.1,571,0.249,6
633,5.972,72.258,87.321,0.2961,-0.955,0.0184,0.9758,0.1567,0.1525,-0.15,-0.0275,0.9883,25.337,0.1421,0.193,0.127,0.14752,201.3,346.1,175.3,350.4,227.3,341.7,572,0.586,6
634,6.474,70.634,87.348,0.2937,-0.9558,0.0134,0.9755,0.1586,0.1524,-0.1492,-0.032,0.9883,25.339,0.137,0.262,0.11,0.18879,201.8,347.8,175.9,352.1,227.9,343.4,573,0.929,6
635,6.971,69.007,87.366,0.2911,-0.9567,0.0073,0.9753,0.16,0.1523,-0.1482,-0.0375,0.9883,25.341,0.1319,0.32,0.081,0.22546,202.3,349.5,176.4,353.9,228.4,345.0,573,0.772,6
636,7.463,67.38,87.373,0.2882,-0.9576,-0.0001,0.9751,0.1611,0.1522,-0.1469,-0.0443,0.9882,25.343,0.1267,0.397,0.064,0.26949,202.8,351.2,176.9,355.6,228.9,346.7,574,0.421,6
637,7.951,65.751,87.365,0.285,-0.9585,-0.0088,0.975,0.1618,0.1522,-0.1455,-0.0523,0.988,25.344,0.1215,0.465,0.041,0.31379,203.4,352.9,177.4,357.3,229.4,348.4,575,0.059,6
638,8.432,64.12,87.342,0.2815,-0.9594,-0.019,0.975,0.1621,0.1521,-0.1438,-0.0618,0.9877,25.345,0.1161,0.553,0.018,0.36466,203.9,354.6,177.9,359.1,229.9,350.1,576,0.318,6
639,8.908,62.488,87.301,0.2777,-0.9603,-0.028,0.975,0.162,0.1521,-0.1423,-0.07,0.9873,25.345,0.1109,0.478,0.006,0.33053,204.4,356.3,178.4,360.8,230.4,351.9,577,0.712,6
640,9.377,60.854,87.247,0.2739,-0.9611,-0.0357,0.9751,0.1616,0.152,-0.1411,-0.0769,0.987,25.345,0.1063,0.402,0.024,0.29055,204.9,358.0,178.9,362.5,230.9,353.6,577,0.989,6
641,9.84,59.219,87.179,0.2704,-0.9618,-0.0437,0.9752,0.1609,0.152,-0.1399,-0.0842,0.9866,25.345,0.1023,0.424,0.041,0.29518,205.3,359.8,179.4,364.2,231.4,355.3,578,0.573,6
642,10.297,57.584,87.098,0.267,-0.9623,-0.052,0.9754,0.1598,0.1519,-0.1386,-0.0917,0.9861,25.345,0.0988,0.437,0.064,0.30267,205.8,361.5,179.9,365.9,231.9,357.1,579,0.135,6
643,10.748,55.947,87.002,0.2639,-0.9627,-0.0605,0.9756,0.1585,0.1519,-0.1373,-0.0995,0.9855,25.344,0.0957,0.454,0.075,0.30516,206.3,363.2,180.3,367.6,232.4,358.8,580,0.331,6
644,11.194,54.31,86.892,0.261,-0.9629,-0.0692,0.9759,0.157,0.1519,-0.1359,-0.1077,0.9848,25.343,0.093,0.478,0.088,0.30903,206.8,364.9,180.8,369.2,232.8,360.6,581,0.82,6
645,11.636,52.672,86.767,0.2583,-0.9629,-0.0783,0.9761,0.1552,0.1518,-0.1346,-0.1161,0.9841,25.342,0.0908,0.489,0.104,0.31981,207.2,366.7,181.3,370.9,233.3,362.4,581,0.88,6
646,12.073,51.035,86.626,0.2558,-0.9628,-0.0876,0.9765,0.1532,0.1518,-0.1332,-0.1248,0.9832,25.341,0.089,0.508,0.117,0.32449,207.7,368.4,181.7,372.6,233.8,364.2,582,0.368,6
647,12.506,49.398,86.469,0.2532,-0.9625,-0.0971,0.9768,0.1511,0.1517,-0.1318,-0.1337,0.9822,25.34,0.0872,0.519,0.122,0.33199,208.1,370.1,182.2,374.2,234.2,366.0,583,0.167,6
648,12.933,47.761,86.296,0.2494,-0.9625,-0.1068,0.9772,0.1488,0.1516,-0.1305,-0.1426,0.9811,25.338,0.0843,0.519,0.134,0.35103,208.6,371.8,182.6,375.9,234.7,367.8,584,0.721,6
649,13.354,46.125,86.106,0.2458,-0.9623,-0.1166,0.9776,0.1464,0.1515,-0.1292,-0.1517,0.98,25.337,0.0817,0.53,0.14,0.35185,209.0,373.6,183.0,377.6,235.1,369.5,584,0.979,6
650,13.769,44.489,85.899,0.2426,-0.9619,-0.1264,0.978,0.1438,0.1514,-0.1279,-0.1608,0.9787,25.335,0.0798,0.532,0.151,0.34762,209.5,375.3,183.5,379.2,235.6,371.3,585,0.406,6
651,14.179,42.854,85.676,0.2398,-0.9612,-0.1361,0.9784,0.1411,0.1513,-0.1266,-0.1699,0.9773,25.334,0.0784,0.533,0.156,0.34099,209.9,377.0,183.9,380.8,236.0,373.1,586,0.184,6
652,14.585,41.22,85.437,0.2375,-0.9604,-0.1456,0.9788,0.1384,0.1511,-0.1254,-0.1789,0.9758,25.332,0.0775,0.527,0.157,0.33045,210.3,378.7,184.3,382.5,236.4,374.9,587,0.791,6
653,14.987,39.587,85.181,0.2356,-0.9594,-0.1548,0.9792,0.1355,0.151,-0.1242,-0.1877,0.9743,25.33,0.0773,0.516,0.168,0.31833,210.7,380.4,184.7,384.1,236.9,376.7,587,0.91,6
654,15.387,37.957,84.91,0.2343,-0.9583,-0.1637,0.9796,0.1326,0.1508,-0.1232,-0.1962,0.9728,25.329,0.0778,0.498,0.168,0.30532,211.1,382.2,185.1,385.8,237.3,378.5,588,0.289,6
655,15.784,36.328,84.625,0.2321,-0.9572,-0.1727,0.9801,0.1296,0.1506,-0.1221,-0.2048,0.9711,25.327,0.0774,0.506,0.175,0.31435,211.6,383.9,185.5,387.4,237.7,380.3,589,0.341,6
656,16.176,34.701,84.323,0.2291,-0.9562,-0.1821,0.9805,0.1265,0.1504,-0.1211,-0.2136,0.9694,25.325,0.0763,0.517,0.179,0.33417,212.0,385.6,185.9,389.0,238.1,382.1,590,0.975,6
657,16.564,33.076,84.005,0.2267,-0.955,-0.1913,0.9809,0.1234,0.1501,-0.1201,-0.2223,0.9676,25.324,0.0758,0.512,0.18,0.3229,212.4,387.3,186.3,390.7,238.5,383.9,590,0.725,6
658,16.947,31.453,83.672,0.2247,-0.9536,-0.2002,0.9814,0.1203,0.1499,-0.1192,-0.2308,0.9657,25.322,0.0758,0.502,0.18,0.31095,212.8,389.0,186.7,392.3,238.9,385.7,591,0.092,6
659,17.328,29.833,83.325,0.2232,-0.9521,-0.2089,0.9818,0.1171,0.1496,-0.1183,-0.2392,0.9637,25.32,0.0764,0.497,0.186,0.30173,213.2,390.7,187.1,393.9,239.3,387.5,592,0.535,6
660,17.707,28.215,82.962,0.2222,-0.9505,-0.2173,0.9822,0.1139,0.1493,-0.1176,-0.2474,0.9618,25.318,0.0775,0.484,0.186,0.29008,213.6,392.4,187.5,395.5,239.7,389.3,593,1.15,6
661,18.084,26.601,82.586,0.2216,-0.9487,-0.2256,0.9826,0.1107,0.1491,-0.1168,-0.2555,0.9597,25.316,0.0791,0.482,0.185,0.28688,214.0,394.1,187.9,397.1,240.1,391.1,593,0.55,6
662,18.461,24.989,82.195,0.2215,-0.9468,-0.2336,0.983,0.1074,0.1487,-0.1161,-0.2634,0.9577,25.314,0.0813,0.469,0.192,0.27705,214.3,395.8,188.3,398.7,240.5,392.9,594,0.048,6
663,18.836,23.381,81.791,0.22,-0.945,-0.2421,0.9834,0.1041,0.1484,-0.1154,-0.2717,0.9554,25.312,0.082,0.495,0.191,0.29709,214.7,397.5,188.7,400.3,240.9,394.7,595,0.625,6
664,19.209,21.775,81.372,0.2182,-0.9431,-0.2507,0.9838,0.1009,0.1481,-0.1148,-0.2799,0.9531,25.31,0.0824,0.489,0.186,0.30288,215.1,399.2,189.1,401.9,241.3,396.5,595,1.076,6
665,19.579,20.173,80.938,0.217,-0.9412,-0.259,0.9842,0.0976,0.1477,-0.1142,-0.288,0.9508,25.308,0.0835,0.484,0.192,0.28972,215.5,400.9,189.4,403.5,241.7,398.2,596,0.526,6
666,19.947,18.574,80.491,0.2162,-0.9391,-0.267,0.9846,0.0943,0.1474,-0.1136,-0.2959,0.9484,25.306,0.085,0.474,0.191,0.27999,215.9,402.6,189.8,405.1,242.1,400.0,597,0.009,6
667,20.315,16.979,80.03,0.216,-0.9369,-0.2748,0.985,0.0909,0.147,-0.1131,-0.3035,0.9461,25.304,0.0872,0.456,0.197,0.27316,216.3,404.2,190.2,406.7,242.4,401.8,598,0.478,6
668,20.682,15.388,79.557,0.2164,-0.9346,-0.2822,0.9853,0.0876,0.1466,-0.1127,-0.3111,0.9437,25.302,0.09,0.457,0.191,0.26145,216.6,405.9,190.6,408.2,242.8,403.5,599,0.926,6
669,21.051,13.801,79.071,0.2172,-0.9322,-0.2894,0.9857,0.0842,0.1461,-0.1123,-0.3184,0.9413,25.301,0.0933,0.441,0.198,0.25714,217.0,407.6,190.9,409.8,243.2,405.3,599,0.774,6
670,21.421,12.218,78.573,0.2186,-0.9297,-0.2963,0.986,0.0809,0.1457,-0.112,-0.3255,0.9389,25.299,0.0972,0.43,0.191,0.25175,217.4,409.2,191.3,411.4,243.6,407.1,600,0.364,6
671,21.794,10.639,78.062,0.2188,-0.9273,-0.3038,0.9864,0.0775,0.1452,-0.1117,-0.3331,0.9363,25.297,0.0998,0.461,0.198,0.2654,217.8,410.9,191.7,412.9,244.0,408.8,601,0.005,6
672,22.165,9.064,77.539,0.2186,-0.9248,-0.3114,0.9867,0.074,0.1447,-0.1114,-0.3407,0.9336,25.295,0.1022,0.462,0.203,0.26964,218.2,412.5,192.1,414.5,244.4,410.5,602,0.326,6
673,22.537,7.493,77.004,0.2188,-0.9223,-0.3186,0.987,0.0706,0.1442,-0.1111,-0.3479,0.9309,25.294,0.1049,0.441,0.198,0.2569,218.5,414.2,192.5,416.0,244.7,412.3,603,0.601,6
674,22.91,5.927,76.456,0.2192,-0.9198,-0.3256,0.9874,0.0671,0.1437,-0.1109,-0.355,0.9283,25.292,0.1079,0.433,0.204,0.2508,218.9,415.8,192.8,417.6,245.1,414.0,604,0.826,6
675,23.283,4.365,75.897,0.2201,-0.9172,-0.3323,0.9877,0.0635,0.1431,-0.1108,-0.3619,0.9256,25.291,0.1116,0.425,0.21,0.24402,219.3,417.4,193.2,419.1,245.5,415.8,604,0.875,6
676,23.658,2.808,75.326,0.2212,-0.9145,-0.3387,0.988,0.0599,0.1424,-0.1107,-0.3686,0.923,25.29,0.1155,0.412,0.211,0.23694,219.7,419.1,193.6,420.7,245.9,417.5,605,0.702,6
677,24.036,1.255,74.745,0.2227,-0.9118,-0.345,0.9883,0.0562,0.1418,-0.1107,-0.3753,0.9203,25.289,0.1199,0.414,0.215,0.23641,220.1,420.7,194.0,422.2,246.3,419.2,606,0.578,6
678,24.416,-0.293,74.153,0.2245,-0.909,-0.3511,0.9886,0.0525,0.1411,-0.1107,-0.3818,0.9176,25.289,0.1247,0.403,0.216,0.23414,220.5,422.3,194.4,423.7,246.6,420.9,607,0.502,6
679,24.799,-1.836,73.55,0.2263,-0.9059,-0.3579,0.9889,0.0486,0.1403,-0.1107,-0.3889,0.9146,25.289,0.1295,0.442,0.229,0.25902,220.9,423.9,194.8,425.2,247.0,422.6,608,0.471,6
680,25.185,-3.374,72.936,0.2278,-0.9027,-0.365,0.9892,0.0447,0.1395,-0.1106,-0.3964,0.9114,25.289,0.1341,0.467,0.229,0.26723,221.2,425.5,195.2,426.7,247.4,424.3,609,0.485,6
681,25.574,-4.906,72.309,0.229,-0.8997,-0.3717,0.9895,0.0406,0.1386,-0.1107,-0.4034,0.9083,25.29,0.1386,0.439,0.241,0.25062,221.6,427.1,195.6,428.2,247.8,426.1,610,0.54,6
682,25.964,-6.434,71.672,0.2302,-0.8967,-0.378,0.9898,0.0363,0.1377,-0.1109,-0.4101,0.9053,25.291,0.1433,0.421,0.252,0.23854,222.0,428.7,196.0,429.6,248.2,427.8,611,0.635,6
683,26.356,-7.956,71.024,0.2312,-0.8939,-0.384,0.9901,0.0319,0.1366,-0.1111,-0.4163,0.9024,25.293,0.1479,0.392,0.26,0.22563,222.4,430.3,196.4,431.1,248.6,429.5,613,0.761,6
684,26.75,-9.474,70.366,0.2321,-0.8913,-0.3895,0.9904,0.0274,0.1355,-0.1114,-0.4222,0.8996,25.296,0.1527,0.375,0.266,0.20721,222.8,431.9,196.8,432.6,249.0,431.2,614,0.558,6
685,27.146,-10.988,69.699,0.2328,-0.8888,-0.3948,0.9907,0.0226,0.1342,-0.1118,-0.4277,0.897,25.3,0.1576,0.349,0.285,0.19885,223.2,433.4,197.2,434.0,249.4,432.9,615,0.325,6
686,27.542,-12.497,69.024,0.2334,-0.8864,-0.3997,0.991,0.0176,0.1328,-0.1122,-0.4329,0.8944,25.304,0.1626,0.334,0.298,0.18494,223.6,435.0,197.6,435.4,249.8,434.6,616,0.064,6
687,27.94,-14.002,68.34,0.2347,-0.8835,-0.4054,0.9913,0.0123,0.1313,-0.1126,-0.4389,0.8914,25.31,0.1686,0.385,0.316,0.21989,224.0,436.6,198.0,436.9,250.2,436.3,617,0.221,6
688,28.34,-15.502,67.645,0.2364,-0.88,-0.4119,0.9915,0.0068,0.1296,-0.113,-0.4459,0.8879,25.317,0.175,0.449,0.33,0.25525,224.4,438.1,198.4,438.3,250.6,438.0,618,0.527,6
689,28.743,-16.996,66.939,0.2375,-0.8769,-0.4179,0.9918,0.001,0.1277,-0.1134,-0.4523,0.8846,25.326,0.1813,0.413,0.35,0.23055,224.9,439.7,198.8,439.6,251.0,439.7,620,0.508,6
690,29.148,-18.484,66.224,0.2381,-0.8741,-0.4233,0.9921,-0.005,0.1257,-0.114,-0.458,0.8816,25.335,0.1874,0.371,0.363,0.20595,225.3,441.2,199.2,441.0,251.5,441.4,621,0.156,6
691,29.553,-19.968,65.5,0.2382,-0.8717,-0.4283,0.9923,-0.0113,0.1235,-0.1147,-0.4631,0.8788,25.345,0.1933,0.336,0.382,0.18689,225.7,442.7,199.6,442.4,251.9,443.1,622,0.206,6
692,29.958,-21.449,64.767,0.2377,-0.8696,-0.4327,0.9925,-0.0178,0.1212,-0.1154,-0.4676,0.8764,25.357,0.199,0.295,0.395,0.16513,226.1,444.2,200.0,443.7,252.3,444.8,623,0.572,6
693,30.361,-22.926,64.028,0.2366,-0.868,-0.4366,0.9926,-0.0247,0.1186,-0.1162,-0.4714,0.8742,25.369,0.2045,0.256,0.422,0.14678,226.5,445.8,200.4,445.1,252.7,446.5,625,0.392,6
694,30.762,-24.401,63.283,0.235,-0.8668,-0.4399,0.9928,-0.0318,0.1159,-0.117,-0.4745,0.8724,25.383,0.2099,0.21,0.435,0.13001,226.9,447.3,200.8,446.4,253.1,448.2,626,0.03,6
695,31.162,-25.873,62.531,0.2353,-0.8639,-0.4453,0.9928,-0.0392,0.1129,-0.1178,-0.4801,0.8692,25.397,0.2172,0.372,0.457,0.20675,227.3,448.8,201.2,447.7,253.5,449.9,627,0.324,6
696,31.562,-27.34,61.769,0.2356,-0.861,-0.4507,0.9929,-0.0468,0.1098,-0.1187,-0.4858,0.866,25.412,0.2247,0.378,0.47,0.20677,227.7,450.3,201.5,449.0,253.9,451.6,628,0.666,6
697,31.962,-28.802,60.998,0.2352,-0.8587,-0.4553,0.9928,-0.0547,0.1065,-0.1196,-0.4905,0.8632,25.428,0.232,0.318,0.491,0.17382,228.1,451.8,201.9,450.3,254.3,453.3,630,0.398,6
698,32.361,-30.26,60.221,0.2339,-0.857,-0.4591,0.9927,-0.0629,0.103,-0.1206,-0.4941,0.861,25.444,0.2388,0.248,0.511,0.14694,228.5,453.3,202.3,451.6,254.7,455.0,631,0.106,6
699,32.757,-31.717,59.437,0.2317,-0.856,-0.4621,0.9925,-0.0712,0.0993,-0.1216,-0.4968,0.8593,25.461,0.245,0.192,0.521,0.1298,228.9,454.8,202.7,452.9,255.1,456.7,632,0.168,6
700,33.149,-33.172,58.65,0.2287,-0.8557,-0.4642,0.9922,-0.0799,0.0955,-0.1227,-0.4984,0.8582,25.477,0.251,0.128,0.544,0.12379,229.3,456.3,203.1,454.1,255.5,458.4,633,0.423,6
701,33.535,-34.627,57.859,0.2249,-0.856,-0.4655,0.9918,-0.0887,0.0915,-0.1237,-0.4989,0.8578,25.494,0.2564,0.068,0.554,0.1357,229.6,457.8,203.5,455.4,255.9,460.2,634,0.658,6
702,33.914,-36.083,57.066,0.2209,-0.8558,-0.4677,0.9914,-0.0977,0.0873,-0.1248,-0.5004,0.8567,25.51,0.2618,0.124,0.57,0.15395,230.0,459.3,203.9,456.6,256.2,461.9,636,0.634,6
703,34.287,-37.537,56.268,0.218,-0.8543,-0.4719,0.9908,-0.107,0.083,-0.126,-0.5041,0.8544,25.525,0.2682,0.259,0.588,0.17924,230.4,460.7,204.3,457.9,256.6,463.6,637,0.463,6
704,34.655,-38.989,55.462,0.2151,-0.8534,-0.4749,0.9901,-0.1164,0.0786,-0.1273,-0.5066,0.8527,25.54,0.275,0.189,0.596,0.14382,230.8,462.2,204.7,459.1,256.9,465.3,638,0.311,6
705,35.018,-40.44,54.653,0.2122,-0.853,-0.4768,0.9892,-0.1262,0.0739,-0.1285,-0.508,0.8517,25.553,0.2823,0.12,0.625,0.11757,231.1,463.7,205.0,460.3,257.3,467.1,639,0.178,6
706,35.377,-41.891,53.842,0.2094,-0.8533,-0.4776,0.9883,-0.1362,0.0692,-0.1296,-0.5083,0.8514,25.566,0.2901,0.068,0.635,0.09863,231.5,465.2,205.4,461.6,257.6,468.8,640,0.06,6
707,35.73,-43.342,53.03,0.2065,-0.8542,-0.4771,0.9871,-0.1465,0.0642,-0.1307,-0.5074,0.8518,25.578,0.2983,0.085,0.66,0.10365,231.8,466.7,205.8,462.8,257.9,470.6,641,0.047,6
708,36.079,-44.796,52.219,0.2035,-0.8558,-0.4755,0.9858,-0.1571,0.0591,-0.1316,-0.5052,0.8529,25.588,0.307,0.15,0.678,0.12662,232.2,468.1,206.2,464.0,258.2,472.3,642,0.145,6
709,36.422,-46.253,51.412,0.2,-0.8573,-0.4744,0.9843,-0.1681,0.0537,-0.1326,-0.5034,0.8538,25.597,0.3155,0.129,0.707,0.13353,232.5,469.6,206.5,465.2,258.5,474.1,643,0.237,6
710,36.759,-47.711,50.605,0.1959,-0.8579,-0.4751,0.9826,-0.1794,0.0482,-0.1338,-0.5033,0.8537,25.604,0.3235,0.069,0.727,0.14159,232.8,471.1,206.9,466.3,258.8,475.9,644,0.327,6
711,37.089,-49.171,49.797,0.1925,-0.8586,-0.4751,0.9807,-0.1911,0.0425,-0.135,-0.5027,0.8539,25.609,0.3327,0.078,0.754,0.11694,233.1,472.6,207.3,467.5,259.0,477.6,645,0.416,6
712,37.414,-50.632,48.99,0.1898,-0.8597,-0.4743,0.9785,-0.2032,0.0367,-0.1361,-0.5014,0.8544,25.612,0.343,0.102,0.779,0.10184,233.5,474.0,207.7,468.7,259.3,479.4,646,0.508,6
713,37.735,-52.095,48.184,0.1879,-0.861,-0.4727,0.976,-0.2156,0.0306,-0.1372,-0.4995,0.8554,25.612,0.3546,0.138,0.805,0.09446,233.8,475.5,208.1,469.8,259.5,481.2,647,0.602,6
714,38.053,-53.56,47.383,0.1868,-0.8626,-0.4702,0.9732,-0.2285,0.0244,-0.1381,-0.4969,0.8567,25.61,0.3674,0.174,0.836,0.10666,234.1,477.0,208.5,471.0,259.7,483.0,648,0.698,6
715,38.37,-55.028,46.586,0.1865,-0.8645,-0.4668,0.9702,-0.2417,0.018,-0.1389,-0.4936,0.8585,25.604,0.3815,0.22,0.858,0.13162,234.4,478.5,208.9,472.1,259.9,484.9,649,0.794,6
716,38.684,-56.5,45.794,0.1828,-0.8663,-0.4649,0.9668,-0.2553,0.0114,-0.1399,-0.491,0.8599,25.595,0.3926,0.179,0.888,0.1527,234.7,480.0,209.3,473.3,260.1,486.7,651,0.714,6
717,38.993,-57.974,45.005,0.1803,-0.8679,-0.4629,0.963,-0.2694,0.0048,-0.1409,-0.4885,0.8611,25.582,0.4052,0.169,0.918,0.12059,235.0,481.5,209.7,474.4,260.3,488.5,652,0.619,6
718,39.298,-59.452,44.22,0.1793,-0.8693,-0.4606,0.9589,-0.2837,-0.002,-0.142,-0.4861,0.8623,25.566,0.4195,0.166,0.937,0.09677,235.3,482.9,210.2,475.5,260.4,490.4,653,0.526,6
719,39.603,-60.931,43.438,0.1797,-0.8706,-0.458,0.9544,-0.2983,-0.0089,-0.1432,-0.4838,0.8634,25.546,0.4353,0.161,0.961,0.09887,235.6,484.4,210.6,476.6,260.6,492.2,654,0.436,6
720,39.91,-62.412,42.662,0.1818,-0.8716,-0.4553,0.9495,-0.3132,-0.0158,-0.1445,-0.4816,0.8644,25.523,0.4528,0.157,0.982,0.12007,235.9,485.9,211.1,477.8,260.7,494.1,655,0.351,6
721,40.222,-63.895,41.89,0.1847,-0.8726,-0.4522,0.9443,-0.3284,-0.0227,-0.1459,-0.4794,0.8654,25.495,0.4712,0.16,1.002,0.14694,236.2,487.4,211.5,478.9,260.8,496.0,656,0.276,6
722,40.536,-65.38,41.124,0.1841,-0.8744,-0.449,0.9386,-0.3437,-0.0296,-0.147,-0.4762,0.867,25.464,0.4866,0.214,1.016,0.12535,236.5,488.9,212.0,480.0,260.9,497.8,657,0.214,6
723,40.849,-66.869,40.363,0.185,-0.8757,-0.4461,0.9326,-0.3591,-0.0365,-0.1484,-0.4736,0.8681,25.428,0.5033,0.181,1.026,0.11128,236.8,490.4,212.5,481.1,261.0,499.7,658,0.168,6
724,41.166,-68.358,39.607,0.1875,-0.8765,-0.4435,0.9262,-0.3745,-0.0432,-0.1502,-0.4717,0.8689,25.39,0.5211,0.157,1.03,0.12448,237.1,491.9,213.1,482.2,261.1,501.6,659,0.144,7
725,41.488,-69.849,38.855,0.1915,-0.8767,-0.4412,0.9195,-0.39,-0.0499,-0.1525,-0.4706,0.8691,25.349,0.54,0.147,1.041,0.15559,237.4,493.4,213.6,483.3,261.2,503.4,660,0.144,7
726,41.818,-71.34,38.106,0.1972,-0.8765,-0.4393,0.9124,-0.4054,-0.0564,-0.1553,-0.4703,0.8687,25.306,0.56,0.163,1.041,0.20253,237.7,494.9,214.2,484.5,261.3,505.3,661,0.172,7
727,42.157,-72.83,37.361,0.2009,-0.8769,-0.4366,0.9051,-0.4206,-0.0627,-0.1577,-0.4689,0.8691,25.26,0.578,0.161,1.031,0.15488,238.1,496.4,214.7,485.6,261.3,507.1,662,0.231,7
728,42.502,-74.322,36.621,0.2043,-0.8774,-0.434,0.8974,-0.4357,-0.0687,-0.1603,-0.4673,0.8694,25.212,0.5954,0.176,1.03,0.14519,238.4,497.9,215.3,486.7,261.4,509.0,663,0.321,7
729,42.853,-75.814,35.885,0.2091,-0.8774,-0.4318,0.8895,-0.4507,-0.0746,-0.1636,-0.4667,0.8691,25.164,0.6137,0.193,1.029,0.17791,238.7,499.4,215.9,487.9,261.5,510.8,664,0.438,7
730,43.214,-77.306,35.152,0.2153,-0.8767,-0.4301,0.8813,-0.4656,-0.0802,-0.1678,-0.4671,0.8681,25.114,0.6324,0.248,1.026,0.21789,239.1,500.8,216.5,489.0,261.6,512.7,665,0.576,7
731,43.586,-78.796,34.422,0.2231,-0.8754,-0.4288,0.8729,-0.4804,-0.0855,-0.173,-0.4685,0.8664,25.065,0.6519,0.324,1.021,0.27001,239.4,502.3,217.2,490.1,261.7,514.5,666,0.733,7
732,43.972,-80.283,33.694,0.2303,-0.8743,-0.4274,0.8641,-0.4951,-0.0905,-0.1785,-0.4697,0.8646,25.015,0.6705,0.339,1.023,0.24989,239.8,503.8,217.8,491.3,261.8,516.3,667,0.904,7
733,44.369,-81.769,32.969,0.2367,-0.8735,-0.4254,0.855,-0.5098,-0.0953,-0.1842,-0.4703,0.8631,24.966,0.6882,0.339,1.028,0.22751,240.2,505.3,218.5,492.4,261.9,518.1,667,0.796,7
734,44.778,-83.253,32.247,0.2442,-0.8722,-0.4237,0.8456,-0.5244,-0.0997,-0.1909,-0.4717,0.8609,24.918,0.7061,0.412,1.026,0.26279,240.6,506.8,219.2,493.6,262.0,519.9,668,0.616,7
735,45.201,-84.735,31.528,0.2529,-0.8704,-0.4223,0.836,-0.5389,-0.1039,-0.199,-0.474,0.8577,24.872,0.7244,0.516,1.025,0.30307,241.0,508.2,219.9,494.7,262.1,521.7,669,0.429,7
736,45.639,-86.213,30.81,0.2628,-0.868,-0.4212,0.826,-0.5534,-0.1076,-0.2086,-0.4774,0.8536,24.828,0.7427,0.629,1.031,0.34523,241.4,509.7,220.6,495.8,262.2,523.5,670,0.241,7
737,46.094,-87.687,30.095,0.2722,-0.8658,-0.4198,0.8156,-0.5678,-0.111,-0.219,-0.4806,0.8491,24.786,0.7602,0.675,1.036,0.3287,241.9,511.2,221.4,497.0,262.3,525.3,671,0.054,7
738,46.565,-89.158,29.383,0.2813,-0.8637,-0.4182,0.805,-0.5822,-0.1139,-0.2305,-0.4839,0.8442,24.747,0.7769,0.741,1.038,0.31925,242.3,512.6,222.1,498.1,262.5,527.1,672,0.127,7
739,47.052,-90.624,28.673,0.2912,-0.8611,-0.4168,0.794,-0.5966,-0.1164,-0.2439,-0.4881,0.838,24.712,0.7935,0.88,1.048,0.34809,242.8,514.1,222.9,499.2,262.6,528.9,673,0.299,7
740,47.556,-92.086,27.965,0.3018,-0.8581,-0.4155,0.7828,-0.611,-0.1184,-0.2595,-0.4933,0.8303,24.681,0.8097,1.04,1.051,0.37375,243.3,515.5,223.7,500.4,262.8,530.7,674,0.459,7
741,48.078,-93.542,27.26,0.3133,-0.8546,-0.4143,0.7712,-0.6253,-0.1197,-0.2776,-0.4996,0.8206,24.656,0.8256,1.231,1.058,0.40704,243.8,517.0,224.6,501.5,263.0,532.5,675,0.604,7
742,48.62,-94.993,26.557,0.3235,-0.8518,-0.4121,0.7592,-0.6396,-0.1205,-0.2966,-0.5048,0.8107,24.636,0.8401,1.263,1.071,0.36399,244.3,518.4,225.4,502.6,263.2,534.2,676,0.729,7
743,49.179,-96.439,25.858,0.3346,-0.8483,-0.4105,0.747,-0.6538,-0.1206,-0.3193,-0.5119,0.7975,24.624,0.8541,1.559,1.073,0.39583,244.9,519.8,226.3,503.6,263.4,536.0,677,0.833,7
744,49.758,-97.878,25.16,0.3467,-0.8438,-0.4096,0.7345,-0.668,-0.1199,-0.3465,-0.521,0.7801,24.618,0.8674,1.922,1.085,0.43603,245.5,521.3,227.2,504.7,263.7,537.8,677,0.868,7
745,50.359,-99.308,24.464,0.36,-0.8384,-0.4093,0.7216,-0.6821,-0.1184,-0.3789,-0.5323,0.757,24.62,0.8801,2.37,1.098,0.48374,246.1,522.7,228.1,505.8,264.0,539.5,678,0.79,7
746,50.983,-100.729,23.769,0.3738,-0.8332,-0.4074,0.7085,-0.6961,-0.116,-0.4137,-0.5429,0.7308,24.63,0.8921,2.569,1.107,0.501,246.7,524.1,229.0,506.8,264.2,541.3,679,0.739,7
747,51.63,-102.142,23.078,0.3875,-0.8277,-0.4059,0.6952,-0.7099,-0.1127,-0.4531,-0.5545,0.6981,24.649,0.9027,3.008,1.114,0.5,247.3,525.5,230.0,507.9,264.6,543.0,680,0.71,7
748,52.301,-103.543,22.387,0.4012,-0.8207,-0.4067,0.6816,-0.7236,-0.1085,-0.4991,-0.5682,0.6543,24.675,0.9114,3.723,1.132,0.51908,248.0,526.8,231.0,508.9,264.9,544.7,681,0.699,7
749,52.995,-104.932,21.694,0.4147,-0.8124,-0.4099,0.668,-0.737,-0.1033,-0.5504,-0.5826,0.598,24.709,0.9181,4.442,1.134,0.54478,248.6,528.2,232.0,509.9,265.2,546.5,682,0.698,7
750,53.711,-106.306,20.994,0.4284,-0.8039,-0.4127,0.6542,-0.75,-0.0972,-0.6024,-0.5945,0.5326,24.748,0.9233,4.837,1.141,0.55137,249.3,529.6,233.0,510.9,265.6,548.2,683,0.702,7
751,54.452,-107.666,20.29,0.4422,-0.7954,-0.4145,0.6404,-0.7627,-0.0902,-0.6526,-0.6024,0.4597,24.793,0.9272,5.093,1.147,0.54945,250.1,530.9,234.1,511.9,266.0,549.9,684,0.705,7
752,55.215,-109.011,19.583,0.4557,-0.7865,-0.4168,0.6267,-0.7749,-0.0824,-0.6996,-0.606,0.3787,24.841,0.9294,5.371,1.142,0.5503,250.8,532.2,235.1,512.9,266.5,551.5,685,0.702,7
753,56.001,-110.341,18.872,0.4689,-0.7773,-0.4195,0.6129,-0.7867,-0.0738,-0.7409,-0.6047,0.2923,24.89,0.9298,5.489,1.151,0.54971,251.6,533.5,236.2,513.8,266.9,553.2,686,0.687,7
754,56.809,-111.654,18.155,0.481,-0.7671,-0.4246,0.5993,-0.7979,-0.0644,-0.7749,-0.5984,0.2033,24.939,0.9277,5.473,1.144,0.56023,252.4,534.8,237.3,514.8,267.4,554.8,687,0.654,7
755,57.638,-112.95,17.43,0.4942,-0.7573,-0.427,0.5857,-0.8087,-0.0545,-0.8007,-0.5877,0.1157,24.987,0.9252,5.27,1.145,0.55981,253.2,536.1,238.5,515.7,267.9,556.4,688,0.595,7
756,58.49,-114.23,16.705,0.509,-0.7483,-0.4254,0.5722,-0.8189,-0.044,-0.8186,-0.5736,0.0294,25.03,0.9228,5.116,1.141,0.58612,254.0,537.3,239.6,516.7,268.4,557.9,689,0.503,7
757,59.37,-115.495,15.986,0.5254,-0.7402,-0.4197,0.5588,-0.8286,-0.0333,-0.8288,-0.5567,-0.0559,25.068,0.9209,5.018,1.129,0.64551,254.9,538.5,240.8,517.6,269.0,559.4,690,0.367,7
758,60.276,-116.745,15.273,0.5407,-0.7298,-0.4184,0.5454,-0.8379,-0.0223,-0.8319,-0.5379,-0.1368,25.099,0.9157,4.763,1.127,0.62485,255.8,539.7,242.0,518.6,269.6,560.9,691,0.181,7
759,61.208,-117.978,14.565,0.5556,-0.7206,-0.4147,0.5321,-0.8466,-0.0112,-0.829,-0.5183,-0.21,25.122,0.9103,4.346,1.111,0.60311,256.7,540.9,243.2,519.5,270.2,562.4,692,0.066,7
760,62.166,-119.197,13.865,0.57,-0.7132,-0.4079,0.5188,-0.8549,0.0,-0.8216,-0.4986,-0.2763,25.137,0.9054,3.986,1.104,0.59169,257.6,542.1,244.5,520.5,270.8,563.8,693,0.381,7
761,63.147,-120.405,13.179,0.584,-0.7068,-0.3993,0.5056,-0.8627,0.011,-0.8104,-0.4793,-0.3369,25.144,0.9006,3.701,1.081,0.59412,258.6,543.3,245.8,521.4,271.4,565.2,694,0.774,7
762,64.152,-121.598,12.504,0.5981,-0.6977,-0.3944,0.4924,-0.8701,0.022,-0.7961,-0.4605,-0.3927,25.142,0.8929,3.472,1.072,0.58905,259.6,544.4,247.1,522.4,272.1,566.5,694,0.926,7
763,65.18,-122.779,11.839,0.6107,-0.6911,-0.3866,0.4792,-0.8771,0.0329,-0.7805,-0.4429,-0.4412,25.133,0.8861,3.089,1.06,0.54657,260.6,545.6,248.5,523.4,272.8,567.8,695,0.447,7
764,66.228,-123.95,11.19,0.6221,-0.6869,-0.3758,0.4659,-0.8838,0.0436,-0.7637,-0.4265,-0.4846,25.115,0.8805,2.827,1.051,0.54771,261.6,546.7,249.8,524.3,273.5,569.2,696,0.121,7
765,67.295,-125.116,10.563,0.6328,-0.684,-0.3629,0.4526,-0.8901,0.0541,-0.7453,-0.4108,-0.5252,25.091,0.8756,2.708,1.036,0.57311,262.7,547.9,251.2,525.3,274.2,570.4,697,0.772,7
766,68.381,-126.274,9.953,0.6445,-0.678,-0.3534,0.4391,-0.8961,0.0644,-0.7253,-0.3959,-0.5633,25.059,0.8678,2.609,1.032,0.54659,263.8,549.0,252.6,526.3,274.9,571.7,697,0.929,7
767,69.486,-127.423,9.362,0.6551,-0.6739,-0.3416,0.4255,-0.9019,0.0746,-0.7047,-0.3819,-0.5979,25.022,0.8611,2.443,1.029,0.55202,264.8,550.1,254.1,527.3,275.6,572.9,698,0.201,7
768,70.608,-128.567,8.793,0.6645,-0.6718,-0.3273,0.4117,-0.9074,0.0846,-0.6832,-0.3688,-0.6302,24.978,0.8555,2.347,1.026,0.58092,266.0,551.2,255.5,528.3,276.4,574.2,699,0.601,7
769,71.746,-129.709,8.25,0.6732,-0.6709,-0.3109,0.3978,-0.9126,0.0943,-0.6603,-0.3561,-0.6612,24.93,0.8507,2.325,1.016,0.6263,267.1,552.3,257.0,529.3,277.1,575.4,699,1.1,7
770,72.899,-130.846,7.733,0.6829,-0.6675,-0.2969,0.3836,-0.9176,0.1039,-0.6365,-0.3442,-0.6902,24.876,0.8436,2.255,1.023,0.58519,268.2,553.4,258.5,530.3,277.9,576.6,700,0.23,7
771,74.068,-131.979,7.242,0.6919,-0.6651,-0.281,0.3693,-0.9224,0.1132,-0.6115,-0.3329,-0.7178,24.819,0.8372,2.23,1.015,0.62088,269.4,554.5,260.1,531.4,278.7,577.7,701,0.705,7
772,75.252,-133.109,6.779,0.7001,-0.6637,-0.2634,0.3547,-0.927,0.1222,-0.5852,-0.322,-0.7442,24.758,0.8314,2.225,1.017,0.65592,270.5,555.6,261.6,532.4,279.5,578.9,701,0.996,7
773,76.449,-134.237,6.347,0.7078,-0.6628,-0.2444,0.3398,-0.9313,0.131,-0.5576,-0.3117,-0.7694,24.694,0.8258,2.221,1.022,0.69145,271.7,556.7,263.2,533.4,280.3,580.1,702,0.006,7
774,77.659,-135.362,5.947,0.7156,-0.6608,-0.2262,0.3248,-0.9354,0.1395,-0.5295,-0.3021,-0.7927,24.629,0.819,2.163,1.015,0.6706,272.9,557.8,264.8,534.5,281.1,581.2,703,1.058,7
775,78.882,-136.484,5.578,0.7234,-0.6585,-0.2075,0.3095,-0.9394,0.1477,-0.5004,-0.293,-0.8147,24.561,0.8118,2.154,1.021,0.68714,274.1,558.9,266.4,535.5,281.9,582.4,703,0.642,7
776,80.119,-137.602,5.241,0.731,-0.6558,-0.1886,0.2939,-0.9431,0.1557,-0.4708,-0.2846,-0.8351,24.493,0.804,2.115,1.027,0.69239,275.4,560.0,268.0,536.6,282.8,583.5,704,0.47,7
777,81.368,-138.715,4.937,0.7379,-0.6533,-0.1694,0.2781,-0.9466,0.1633,-0.4411,-0.2769,-0.8537,24.424,0.796,2.056,1.024,0.6926,276.6,561.1,269.6,537.7,283.6,584.6,704,1.23,7
778,82.629,-139.823,4.665,0.7446,-0.6503,-0.1504,0.2621,-0.9498,0.1706,-0.4116,-0.2699,-0.8705,24.355,0.7872,1.986,1.024,0.68631,277.8,562.2,271.3,538.7,284.5,585.8,705,0.068,7
779,83.901,-140.926,4.425,0.7515,-0.6464,-0.132,0.2459,-0.9529,0.1776,-0.3824,-0.2637,-0.8856,24.286,0.7773,1.917,1.027,0.67509,279.1,563.3,272.9,539.8,285.3,586.9,706,1.139,7
780,85.185,-142.021,4.216,0.7585,-0.6416,-0.1142,0.2295,-0.9557,0.1842,-0.3537,-0.2582,-0.899,24.218,0.7662,1.842,1.026,0.66443,280.4,564.4,274.6,540.9,286.2,588.0,706,0.562,7
781,86.48,-143.108,4.037,0.7648,-0.6371,-0.0962,0.2128,-0.9583,0.1906,-0.3258,-0.2535,-0.9108,24.152,0.7549,1.757,1.036,0.66023,281.7,565.4,276.3,541.9,287.1,589.1,707,0.682,7
782,87.786,-144.187,3.888,0.7709,-0.6321,-0.0781,0.1961,-0.9607,0.1966,-0.2978,-0.2493,-0.9215,24.088,0.7431,1.734,1.026,0.66527,283.0,566.5,278.0,543.0,288.0,590.1,707,1.019,7
783,89.102,-145.257,3.771,0.7774,-0.6262,-0.0597,0.1791,-0.9628,0.2022,-0.2694,-0.2457,-0.9312,24.025,0.7301,1.732,1.033,0.68693,284.3,567.6,279.7,544.1,288.9,591.2,708,0.257,7
784,90.43,-146.316,3.686,0.7842,-0.6191,-0.0409,0.162,-0.9647,0.2075,-0.2405,-0.2426,-0.9398,23.966,0.7158,1.737,1.032,0.71481,285.6,568.6,281.5,545.1,289.8,592.3,708,1.445,7
785,91.768,-147.364,3.632,0.7898,-0.6129,-0.0222,0.1448,-0.9664,0.2125,-0.213,-0.2401,-0.9471,23.909,0.702,1.637,1.031,0.69019,287.0,569.7,283.2,546.2,290.7,593.3,709,0.144,7
786,93.116,-148.4,3.61,0.7957,-0.6057,-0.0035,0.1275,-0.9678,0.217,-0.1855,-0.2382,-0.9533,23.856,0.6869,1.619,1.027,0.70383,288.3,570.7,285.0,547.2,291.6,594.3,710,1.18,7
787,94.475,-149.423,3.62,0.8021,-0.597,0.0156,0.1101,-0.969,0.2212,-0.1576,-0.2367,-0.9587,23.806,0.6703,1.631,1.028,0.73931,289.7,571.7,286.8,548.2,292.6,595.3,710,0.521,7
788,95.844,-150.43,3.663,0.8085,-0.5875,0.0351,0.0927,-0.97,0.2249,-0.1294,-0.2357,-0.9632,23.761,0.6527,1.637,1.021,0.76202,291.0,572.7,288.6,549.3,293.5,596.4,711,0.82,7
789,97.223,-151.422,3.74,0.8131,-0.5795,0.0551,0.0753,-0.9707,0.2282,-0.1021,-0.2352,-0.9666,23.72,0.6363,1.577,1.016,0.74218,292.4,573.7,290.3,550.3,294.5,597.3,711,0.881,7
790,98.61,-152.399,3.85,0.8191,-0.5688,0.0739,0.0579,-0.9712,0.2312,-0.0759,-0.2352,-0.969,23.684,0.6169,1.507,1.012,0.7564,293.8,574.7,292.2,551.3,295.5,598.3,712,0.473,7
791,100.01,-153.356,3.991,0.8266,-0.5552,0.0915,0.0405,-0.9715,0.2337,-0.0508,-0.2356,-0.9705,23.653,0.5942,1.441,1.007,0.79095,295.2,575.7,294.0,552.3,296.5,599.3,712,1.228,7
792,101.422,-154.287,4.161,0.8335,-0.5415,0.1096,0.0231,-0.9715,0.2358,-0.0259,-0.2364,-0.9713,23.626,0.5712,1.428,1.004,0.7995,296.7,576.6,295.8,553.2,297.5,600.2,713,0.13,7
793,102.844,-155.197,4.364,0.8392,-0.5285,0.128,0.0059,-0.9713,0.2376,-0.0014,-0.2376,-0.9714,23.604,0.5487,1.405,0.991,0.78307,298.1,577.6,297.6,554.2,298.6,601.1,714,1.481,7
794,104.277,-156.082,4.596,0.8467,-0.512,0.1448,-0.0113,-0.971,0.239,0.0214,-0.2392,-0.9707,23.586,0.5222,1.31,0.989,0.83272,299.5,578.5,299.5,555.1,299.6,602.0,714,0.22,7
795,105.725,-156.936,4.855,0.8561,-0.4914,0.1601,-0.0284,-0.9704,0.24,0.043,-0.241,-0.9696,23.573,0.491,1.244,0.982,0.92078,301.0,579.4,301.3,556.0,300.7,602.9,715,1.119,7
796,107.187,-157.755,5.142,0.8635,-0.4721,0.1774,-0.0453,-0.9696,0.2406,0.0658,-0.2432,-0.9677,23.565,0.4613,1.317,0.97,0.90829,302.5,580.2,303.2,556.9,301.8,603.7,715,0.582,7
797,108.662,-158.54,5.458,0.8711,-0.4512,0.1938,-0.0621,-0.9686,0.2409,0.0875,-0.2457,-0.9654,23.561,0.4296,1.259,0.964,0.93109,304.0,581.0,305.1,557.7,302.9,604.5,716,0.735,7
798,110.151,-159.287,5.8,0.8803,-0.4262,0.2086,-0.0787,-0.9674,0.2409,0.1078,-0.2485,-0.9626,23.561,0.3933,1.185,0.954,1.02685,305.5,581.8,307.0,558.5,304.0,605.2,716,0.966,7
799,111.656,-159.987,6.166,0.8899,-0.3978,0.2232,-0.0951,-0.966,0.2405,0.1282,-0.2515,-0.9593,23.566,0.3533,1.196,0.943,1.12363,307.0,582.5,308.9,559.3,305.1,606.0,717,0.323,7
800,113.176,-160.64,6.56,0.8977,-0.3699,0.2394,-0.1113,-0.9644,0.2398,0.1497,-0.2548,-0.9553,23.574,0.3142,1.267,0.934,1.1184,308.6,583.2,310.9,560.0,306.3,606.6,717,1.378,7
801,114.71,-161.243,6.979,0.9062,-0.3386,0.2533,-0.1272,-0.9627,0.2388,0.1693,-0.2583,-0.9511,23.587,0.2712,1.166,0.918,1.18907,310.2,583.9,312.8,560.6,307.5,607.2,718,0.124,7
802,116.259,-161.79,7.42,0.915,-0.3038,0.2655,-0.143,-0.9608,0.2375,0.1877,-0.2619,-0.9467,23.604,0.2241,1.103,0.915,1.27752,311.7,584.5,314.8,561.3,308.7,607.8,719,1.101,7
803,117.82,-162.276,7.884,0.9218,-0.2682,0.28,-0.1584,-0.9588,0.2359,0.2085,-0.266,-0.9412,23.624,0.1772,1.255,0.894,1.31549,313.3,585.0,316.7,561.8,309.9,608.3,719,0.601,7
804,119.394,-162.699,8.371,0.9287,-0.2288,0.2919,-0.1736,-0.9566,0.234,0.2275,-0.2701,-0.9356,23.648,0.126,1.159,0.887,1.40625,315.0,585.5,318.7,562.3,311.2,608.8,720,0.591,7
805,120.978,-163.053,8.876,0.9347,-0.1872,0.3022,-0.1885,-0.9543,0.2318,0.2456,-0.2744,-0.9297,23.675,0.0725,1.118,0.873,1.45826,316.6,585.9,320.7,562.7,312.5,609.1,720,1.111,7
806,122.571,-163.336,9.399,0.9386,-0.145,0.3132,-0.203,-0.9519,0.2294,0.2649,-0.279,-0.923,23.705,0.0193,1.2,0.853,1.47547,318.2,586.2,322.7,563.1,313.7,609.4,721,0.054,7
807,124.17,-163.544,9.939,0.9421,-0.0995,0.3203,-0.2173,-0.9494,0.2268,0.2817,-0.2834,-0.9167,23.737,0.0376,1.059,0.845,1.55629,319.9,586.5,324.7,563.4,315.0,609.7,722,1.193,7
808,125.774,-163.672,10.488,0.9438,-0.0508,0.3266,-0.2311,-0.9468,0.224,0.2993,-0.2882,-0.9096,23.772,0.0969,1.122,0.82,1.6559,321.5,586.6,326.6,563.6,316.3,609.8,722,0.508,7
809,127.379,-163.719,11.048,0.9434,-0.0044,0.3317,-0.2446,-0.9441,0.221,0.3159,-0.2931,-0.9024,23.809,0.1533,1.074,0.807,1.57309,323.2,586.7,328.6,563.7,317.7,609.9,723,0.616,7
810,128.982,-163.689,11.614,0.9423,0.0387,0.3324,-0.2578,-0.9413,0.2178,0.3284,-0.2974,-0.8965,23.847,0.207,0.829,0.795,1.4531,324.8,586.8,330.6,563.7,319.0,609.9,723,1.086,7
811,130.582,-163.589,12.18,0.9391,0.08,0.3341,-0.2706,-0.9385,0.2146,0.3423,-0.3022,-0.8897,23.885,0.2575,0.928,0.773,1.3972,326.5,586.7,332.6,563.7,320.3,609.8,724,0.036,7
812,132.176,-163.414,12.748,0.9344,0.1271,0.3328,-0.2832,-0.9355,0.2113,0.3561,-0.3071,-0.8826,23.925,0.3132,0.932,0.766,1.59575,328.1,586.6,334.5,563.6,321.7,609.7,725,1.137,7
813,133.759,-163.152,13.309,0.9273,0.1807,0.3277,-0.2953,-0.9325,0.2079,0.3701,-0.3122,-0.875,23.965,0.3742,0.958,0.74,1.83035,329.8,586.4,336.5,563.5,323.0,609.4,725,0.563,7
814,135.328,-162.801,13.864,0.9174,0.2318,0.3235,-0.3071,-0.9295,0.2044,0.3857,-0.3179,-0.8661,24.004,0.4311,1.08,0.726,1.75982,331.4,586.1,338.4,563.2,324.3,609.1,726,0.552,7
815,136.879,-162.367,14.407,0.9072,0.2781,0.3156,-0.3185,-0.9264,0.2009,0.3977,-0.323,-0.8588,24.044,0.4832,0.856,0.706,1.61978,333.0,585.7,340.3,562.8,325.6,608.6,726,1.15,7
816,138.412,-161.857,14.936,0.8957,0.3223,0.3064,-0.3296,-0.9232,0.1974,0.4093,-0.3282,-0.8513,24.083,0.5323,0.846,0.692,1.57004,334.6,585.2,342.2,562.4,326.9,608.1,727,0.034,7
817,139.924,-161.271,15.449,0.8817,0.3671,0.2965,-0.3405,-0.92,0.194,0.4224,-0.334,-0.8427,24.121,0.5804,0.957,0.679,1.61656,336.1,584.7,344.0,561.9,328.2,607.5,728,1.13,7
818,141.41,-160.609,15.942,0.8664,0.4108,0.2839,-0.351,-0.9168,0.1905,0.4344,-0.3397,-0.8342,24.158,0.6266,0.904,0.66,1.61708,337.7,584.0,345.8,561.3,329.5,606.9,728,0.571,7
819,142.87,-159.875,16.415,0.8496,0.4518,0.2722,-0.3612,-0.9135,0.1871,0.4481,-0.346,-0.8243,24.194,0.6687,1.034,0.644,1.54435,339.2,583.3,347.6,560.7,330.7,606.1,729,0.612,7
820,144.299,-159.073,16.867,0.8312,0.4919,0.2589,-0.3711,-0.9102,0.1838,0.4621,-0.3527,-0.8136,24.229,0.7086,1.08,0.627,1.55298,340.7,582.6,349.4,560.0,331.9,605.3,729,1.089,7
821,145.696,-158.203,17.295,0.8113,0.5311,0.2442,-0.3808,-0.9069,0.1805,0.4769,-0.3599,-0.8019,24.262,0.7465,1.157,0.617,1.56219,342.1,581.7,351.1,559.2,333.1,604.4,730,0.128,7
822,147.058,-157.268,17.698,0.7906,0.5674,0.2304,-0.3902,-0.9035,0.1773,0.4936,-0.3678,-0.7881,24.294,0.7803,1.321,0.601,1.48299,343.5,580.8,352.7,558.3,334.3,603.4,731,1.376,7
823,148.385,-156.276,18.078,0.7706,0.5994,0.2165,-0.3994,-0.9001,0.1742,0.5097,-0.3759,-0.7739,24.325,0.8096,1.315,0.589,1.35512,344.9,579.9,354.3,557.4,335.4,602.4,731,0.326,7
824,149.679,-155.231,18.434,0.751,0.6285,0.2025,-0.4084,-0.8966,0.1711,0.5263,-0.3844,-0.7584,24.354,0.8356,1.389,0.581,1.27298,346.2,578.8,355.9,556.5,336.5,601.3,732,0.953,7
825,150.938,-154.138,18.768,0.7303,0.6564,0.1891,-0.4172,-0.8931,0.1681,0.5457,-0.3941,-0.7395,24.382,0.8591,1.648,0.569,1.2547,347.5,577.8,357.4,555.5,337.6,600.2,732,0.749,7
826,152.162,-153.0,19.077,0.7091,0.6831,0.1747,-0.4259,-0.8896,0.1652,0.5665,-0.4045,-0.7179,24.408,0.8808,1.819,0.562,1.24716,348.8,576.6,358.9,554.4,338.6,599.0,733,0.556,7
827,153.349,-151.816,19.361,0.6869,0.7092,0.159,-0.4344,-0.886,0.1623,0.5897,-0.416,-0.6922,24.434,0.9009,2.09,0.554,1.27004,350.0,575.5,360.4,553.3,339.6,597.7,733,1.145,7
828,154.498,-150.589,19.619,0.6643,0.7333,0.1446,-0.4428,-0.8823,0.1596,0.6172,-0.429,-0.6596,24.457,0.9181,2.555,0.548,1.21449,351.2,574.2,361.8,552.1,340.6,596.4,734,0.183,7
829,155.608,-149.322,19.852,0.6415,0.7561,0.1294,-0.451,-0.8786,0.1569,0.6474,-0.4431,-0.6201,24.479,0.9333,2.962,0.538,1.20124,352.3,573.0,363.1,551.0,341.5,595.1,734,1.52,7
830,156.68,-148.018,20.059,0.6179,0.778,0.1131,-0.4592,-0.8748,0.1544,0.6816,-0.4584,-0.5703,24.5,0.9469,3.571,0.537,1.21602,353.4,571.7,364.5,549.7,342.4,593.7,735,0.177,7
831,157.71,-146.677,20.237,0.5939,0.7987,0.0971,-0.4673,-0.8709,0.152,0.7212,-0.4749,-0.5043,24.519,0.9584,4.511,0.533,1.19643,354.5,570.3,365.7,548.5,343.2,592.3,736,1.178,7
832,158.699,-145.302,20.389,0.5692,0.8182,0.0811,-0.4753,-0.867,0.1496,0.7655,-0.4913,-0.4155,24.536,0.9678,5.765,0.528,1.18955,355.5,569.0,367.0,547.2,344.0,590.8,736,0.522,7
833,159.645,-143.895,20.513,0.5438,0.8367,0.0649,-0.4832,-0.863,0.1474,0.8117,-0.5047,-0.2939,24.552,0.9753,7.498,0.523,1.19137,356.5,567.6,368.1,545.9,344.8,589.3,737,0.838,7
834,160.548,-142.457,20.609,0.5176,0.8542,0.0483,-0.4911,-0.8589,0.1453,0.8513,-0.5086,-0.1289,24.566,0.9808,9.737,0.524,1.20008,357.4,566.1,369.3,544.5,345.5,587.8,737,0.862,7
835,161.406,-140.991,20.678,0.4917,0.8702,0.0324,-0.4989,-0.8547,0.1433,0.8666,-0.4927,0.079,24.579,0.9844,12.001,0.52,1.15732,358.3,564.6,370.3,543.1,346.2,586.2,738,0.499,7
836,162.22,-139.498,20.72,0.4658,0.8847,0.0172,-0.5067,-0.8504,0.1414,0.838,-0.4473,0.3126,24.591,0.9859,13.766,0.522,1.12373,359.1,563.1,371.4,541.7,346.8,584.6,738,1.201,7
837,162.99,-137.982,20.737,0.4396,0.8982,0.0026,-0.5144,-0.8461,0.1396,0.7579,-0.3725,0.5356,24.602,0.9857,14.273,0.516,1.10831,359.9,561.6,372.4,540.3,347.4,583.0,739,0.154,7
838,163.715,-136.444,20.728,0.4132,0.9106,-0.0125,-0.5221,-0.8417,0.1378,0.6421,-0.2815,0.713,24.611,0.9839,13.24,0.518,1.10676,360.6,560.0,373.3,538.9,347.9,581.3,740,1.497,7
839,164.395,-134.886,20.694,0.3865,0.9219,-0.027,-0.5298,-0.8371,0.1362,0.5196,-0.1935,0.8322,24.62,0.9802,11.032,0.522,1.09225,361.3,558.5,374.2,537.4,348.4,579.6,740,0.204,7
840,165.029,-133.309,20.636,0.359,0.9324,-0.0413,-0.5373,-0.8326,0.1346,0.408,-0.117,0.9054,24.627,0.9748,8.823,0.509,1.10276,361.9,556.9,375.0,535.9,348.8,577.9,741,1.119,7
841,165.616,-131.716,20.554,0.3307,0.9421,-0.0558,-0.5449,-0.8279,0.133,0.3132,-0.0538,0.9482,24.634,0.9676,6.978,0.52,1.12032,362.5,555.2,375.8,534.4,349.2,576.2,741,0.581,7
842,166.154,-130.106,20.447,0.3023,0.9506,-0.0701,-0.5524,-0.8231,0.1315,0.2366,-0.0035,0.9716,24.64,0.9586,5.421,0.517,1.10907,363.1,553.6,376.5,532.9,349.6,574.4,742,0.713,7
843,166.643,-128.483,20.315,0.2728,0.9584,-0.0844,-0.5598,-0.8183,0.13,0.1746,0.0369,0.9839,24.646,0.9479,4.299,0.513,1.13552,363.5,552.0,377.2,531.4,349.9,572.6,742,0.987,7
844,167.081,-126.847,20.16,0.2413,0.9654,-0.0987,-0.5672,-0.8135,0.1286,0.1236,0.0703,0.9898,24.65,0.9349,3.51,0.512,1.18931,364.0,550.3,377.8,529.8,350.1,570.8,743,0.272,7
845,167.465,-125.2,19.978,0.2098,0.971,-0.1142,-0.5745,-0.8085,0.1273,0.0799,0.0993,0.9918,24.654,0.9201,3.008,0.512,1.19799,364.3,548.6,378.3,528.3,350.3,569.0,743,1.429,7
846,167.794,-123.545,19.772,0.1769,0.9758,-0.1284,-0.5818,-0.8035,0.1259,0.0459,0.1221,0.9915,24.658,0.9031,2.346,0.513,1.2183,364.7,546.9,378.8,526.7,350.4,567.2,744,0.214,7
847,168.065,-121.882,19.543,0.1424,0.9797,-0.1414,-0.589,-0.7985,0.1246,0.0195,0.1401,0.9899,24.661,0.8838,1.833,0.508,1.24931,364.9,545.2,379.3,525.1,350.5,565.4,745,0.953,7
848,168.278,-120.214,19.29,0.1074,0.9819,-0.1559,-0.596,-0.7934,0.1233,-0.0051,0.1573,0.9875,24.663,0.8623,1.725,0.502,1.27877,365.1,543.5,379.6,523.6,350.5,563.5,745,0.748,7
849,168.43,-118.543,19.014,0.0716,0.983,-0.169,-0.603,-0.7884,0.1221,-0.0242,0.1711,0.985,24.665,0.8388,1.358,0.498,1.28517,365.2,541.8,379.9,522.0,350.5,561.7,746,0.372,7
850,168.52,-116.871,18.717,0.0344,0.9832,-0.1791,-0.6098,-0.7833,0.1209,-0.0368,0.1803,0.9829,24.667,0.8128,0.902,0.492,1.29894,365.3,540.1,380.2,520.4,350.4,559.9,746,1.329,7
851,168.547,-115.2,18.405,-0.0031,0.982,-0.1891,-0.6166,-0.7781,0.1197,-0.0478,0.1887,0.9809,24.668,0.7848,0.801,0.495,1.30849,365.3,538.4,380.3,518.8,350.2,558.0,747,0.251,7
852,168.51,-113.533,18.075,-0.0406,0.9791,-0.1992,-0.6232,-0.773,0.1186,-0.0578,0.1967,0.9788,24.669,0.7552,0.744,0.482,1.31234,365.2,536.7,380.4,517.3,349.9,556.2,748,0.79,7
853,168.408,-111.871,17.73,-0.0794,0.9754,-0.2058,-0.6296,-0.768,0.1175,-0.0629,0.2011,0.9775,24.67,0.7233,0.393,0.47,1.33204,365.1,535.0,380.5,515.7,349.6,554.3,748,0.911,7
854,168.239,-110.216,17.376,-0.1194,0.9702,-0.2109,-0.636,-0.7629,0.1164,-0.0662,0.2042,0.9767,24.67,0.6888,0.263,0.473,1.37006,364.9,533.3,380.4,514.1,349.3,552.5,749,0.098,7
855,168.002,-108.572,17.012,-0.1585,0.9631,-0.2173,-0.6421,-0.7579,0.1154,-0.0708,0.2085,0.9755,24.669,0.6532,0.367,0.456,1.35644,364.6,531.6,380.3,512.6,348.9,550.7,750,1.075,7
856,167.699,-106.941,16.639,-0.1985,0.9552,-0.2197,-0.6481,-0.7529,0.1144,-0.0712,0.2095,0.9752,24.669,0.6157,0.064,0.451,1.37635,364.3,529.9,380.1,511.1,348.4,548.9,750,0.626,7
857,167.327,-105.324,16.266,-0.2397,0.9458,-0.2193,-0.654,-0.748,0.1135,-0.0693,0.2086,0.9755,24.668,0.5756,0.122,0.442,1.42408,363.9,528.3,379.8,509.5,347.8,547.1,751,0.327,7
858,166.885,-103.726,15.891,-0.2802,0.9341,-0.2213,-0.6596,-0.7431,0.1126,-0.0701,0.21,0.9752,24.667,0.5342,0.094,0.429,1.4222,363.4,526.7,379.5,508.0,347.2,545.3,752,1.258,7
859,166.374,-102.148,15.516,-0.3204,0.9217,-0.2187,-0.6651,-0.7384,0.1118,-0.0671,0.2082,0.9758,24.666,0.4919,0.203,0.417,1.42032,362.8,525.0,379.1,506.5,346.5,543.6,752,0.443,7
860,165.796,-100.592,15.15,-0.3593,0.9087,-0.2125,-0.6703,-0.7337,0.111,-0.0616,0.2041,0.977,24.664,0.4495,0.399,0.404,1.39782,362.2,523.4,378.6,505.1,345.8,541.9,753,0.471,7
861,165.153,-99.059,14.79,-0.3968,0.8935,-0.2104,-0.6754,-0.7292,0.1103,-0.0601,0.2034,0.9772,24.663,0.4067,0.096,0.392,1.36536,361.5,521.9,378.0,503.6,345.0,540.2,753,1.23,7
862,164.447,-97.553,14.438,-0.4326,0.8786,-0.2024,-0.6803,-0.7247,0.1096,-0.0541,0.1988,0.9786,24.661,0.3646,0.441,0.383,1.33427,360.8,520.3,377.4,502.2,344.1,538.5,754,0.325,7
863,163.683,-96.071,14.104,-0.4651,0.8648,-0.1894,-0.6849,-0.7204,0.109,-0.0446,0.1908,0.9806,24.66,0.3251,0.721,0.362,1.26785,360.0,518.8,376.7,500.8,343.2,536.9,755,0.583,7
864,162.865,-94.614,13.788,-0.4965,0.8486,-0.1827,-0.6893,-0.7163,0.1085,-0.0405,0.1876,0.9814,24.658,0.2854,0.302,0.346,1.21182,359.1,517.3,376.0,499.4,342.2,535.3,755,1.117,7
865,161.998,-93.183,13.486,-0.5235,0.8345,-0.1722,-0.6936,-0.7122,0.108,-0.0336,0.1817,0.9828,24.656,0.2498,0.526,0.342,1.08563,358.2,515.9,375.2,498.1,341.2,533.7,756,0.2,7
866,161.088,-91.774,13.206,-0.5461,0.8229,-0.1568,-0.6976,-0.7083,0.1076,-0.0231,0.1723,0.9848,24.654,0.2188,0.816,0.321,1.00102,357.3,514.5,374.3,496.8,340.2,532.2,757,0.735,7
867,160.143,-90.383,12.955,-0.5655,0.813,-0.1387,-0.7015,-0.7046,0.1072,-0.0108,0.1609,0.9869,24.651,0.191,0.968,0.309,0.95428,356.3,513.0,373.5,495.4,339.1,530.7,757,0.965,7
868,159.162,-89.012,12.726,-0.5866,0.7995,-0.129,-0.7052,-0.7009,0.1069,-0.005,0.1557,0.9878,24.649,0.1605,0.449,0.3,0.90508,355.3,511.6,372.5,494.1,338.0,529.2,758,0.016,7
869,158.15,-87.662,12.518,-0.6033,0.7892,-0.115,-0.7087,-0.6974,0.1066,0.004,0.1472,0.9891,24.647,0.1351,0.713,0.284,0.8122,354.3,510.3,371.6,492.9,336.9,527.7,759,0.97,7
870,157.113,-86.327,12.338,-0.6163,0.7815,-0.0972,-0.7121,-0.694,0.1064,0.0159,0.1357,0.9906,24.645,0.1138,0.952,0.276,0.78669,353.2,508.9,370.6,491.6,335.7,526.3,759,0.731,7
871,156.056,-85.003,12.19,-0.6261,0.7761,-0.0754,-0.7153,-0.6907,0.1063,0.0306,0.1211,0.9922,24.643,0.0962,1.191,0.263,0.82566,352.1,507.6,369.6,490.3,334.6,524.9,760,0.276,7
872,154.983,-83.688,12.08,-0.6364,0.7693,-0.0558,-0.7183,-0.6875,0.1062,0.0435,0.108,0.9932,24.641,0.0777,1.055,0.251,0.78044,351.0,506.3,368.6,489.1,333.4,523.5,761,1.311,7
873,153.892,-82.387,12.0,-0.6469,0.7616,-0.0391,-0.7213,-0.6845,0.1062,0.0543,0.0971,0.9938,24.639,0.0589,0.88,0.243,0.71359,349.9,504.9,367.6,487.9,332.2,522.1,761,0.389,7
874,152.784,-81.097,11.948,-0.6555,0.7549,-0.022,-0.724,-0.6815,0.1063,0.0653,0.0857,0.9942,24.637,0.0422,0.908,0.231,0.68328,348.8,503.6,366.5,486.6,331.0,520.7,762,0.677,7
875,151.663,-79.819,11.925,-0.6626,0.749,-0.0045,-0.7267,-0.6787,0.1064,0.0767,0.0738,0.9943,24.635,0.0273,0.944,0.223,0.66664,347.7,502.4,365.4,485.4,329.9,519.3,762,1.024,7
876,150.532,-78.55,11.932,-0.6682,0.7438,0.0135,-0.7292,-0.676,0.1065,0.0884,0.0613,0.9942,24.633,0.0141,0.981,0.211,0.65892,346.5,501.1,364.4,484.2,328.7,518.0,763,0.075,7
877,149.391,-77.289,11.971,-0.6734,0.7386,0.0311,-0.7316,-0.6734,0.1067,0.0998,0.0492,0.9938,24.631,0.0014,0.953,0.203,0.6427,345.4,499.8,363.3,483.0,327.4,516.6,764,1.208,7
878,148.241,-76.038,12.037,-0.679,0.7326,0.0471,-0.7339,-0.6708,0.107,0.11,0.0381,0.9932,24.629,0.0119,0.864,0.2,0.60593,344.2,498.6,362.2,481.8,326.2,515.3,764,0.493,7
879,147.082,-74.797,12.131,-0.6841,0.7267,0.0628,-0.736,-0.6684,0.1073,0.12,0.0272,0.9924,24.627,0.0245,0.849,0.184,0.59067,343.1,497.3,361.1,480.6,325.0,514.0,765,0.677,8
880,145.915,-73.566,12.251,-0.6886,0.7209,0.0781,-0.7381,-0.666,0.1076,0.1297,0.0165,0.9914,24.626,0.0365,0.829,0.184,0.57182,341.9,496.1,360.0,479.5,323.8,512.7,765,1.023,8
881,144.74,-72.345,12.396,-0.6927,0.7152,0.093,-0.7401,-0.6638,0.108,0.1391,0.006,0.9903,24.624,0.048,0.81,0.172,0.55499,340.7,494.8,358.9,478.3,322.6,511.4,766,0.186,8
882,143.559,-71.134,12.567,-0.6963,0.7097,0.1074,-0.742,-0.6616,0.1084,0.1482,-0.0042,0.9889,24.623,0.0588,0.787,0.168,0.53336,339.6,493.6,357.7,477.1,321.4,510.2,767,1.434,8
883,142.373,-69.932,12.763,-0.6993,0.704,0.1244,-0.7438,-0.6595,0.1088,0.159,-0.0165,0.9871,24.621,0.0694,0.944,0.16,0.61248,338.4,492.4,356.6,476.0,320.1,508.9,767,0.267,8
884,141.181,-68.74,12.989,-0.702,0.6981,0.1411,-0.7455,-0.6575,0.1092,0.1695,-0.0286,0.9851,24.62,0.0797,0.925,0.152,0.60367,337.2,491.2,355.5,474.9,318.9,507.7,768,1.023,8
885,139.985,-67.558,13.24,-0.7049,0.6923,0.1544,-0.7471,-0.6556,0.1096,0.1779,-0.0382,0.9833,24.619,0.0897,0.738,0.144,0.4986,336.0,490.1,354.3,473.7,317.7,506.4,768,0.678,8
886,138.784,-66.385,13.512,-0.7079,0.687,0.1642,-0.7487,-0.6537,0.1101,0.1839,-0.0453,0.9819,24.618,0.099,0.539,0.145,0.38877,334.8,488.9,353.2,472.6,316.4,505.2,769,0.654,8
887,137.578,-65.221,13.797,-0.711,0.6822,0.1707,-0.7502,-0.6519,0.1106,0.1878,-0.0497,0.9809,24.618,0.1075,0.342,0.137,0.29161,333.6,487.7,352.0,471.5,315.2,504.0,769,1.048,8
888,136.366,-64.065,14.091,-0.7141,0.678,0.1741,-0.7516,-0.6502,0.1111,0.1898,-0.0519,0.9805,24.617,0.1152,0.172,0.129,0.20992,332.4,486.6,350.9,470.4,314.0,502.8,770,0.326,8
889,135.149,-62.915,14.388,-0.7173,0.6745,0.1748,-0.753,-0.6485,0.1116,0.19,-0.052,0.9804,24.617,0.1222,0.014,0.129,0.16147,331.2,485.4,349.7,469.3,312.7,501.6,770,1.376,8
890,133.928,-61.772,14.691,-0.7197,0.6693,0.1847,-0.7543,-0.6469,0.112,0.1961,-0.0592,0.9788,24.617,0.1306,0.548,0.12,0.38558,330.0,484.3,348.5,468.2,311.5,500.5,771,0.033,8
891,132.702,-60.638,15.014,-0.7215,0.6644,0.195,-0.7556,-0.6453,0.1126,0.2026,-0.0668,0.977,24.617,0.1384,0.582,0.123,0.38905,328.8,483.1,347.3,467.1,310.2,499.3,772,1.462,8
892,131.474,-59.512,15.352,-0.7232,0.6607,0.2012,-0.7567,-0.6439,0.1131,0.2064,-0.0713,0.9759,24.617,0.1446,0.343,0.106,0.24986,327.6,482.0,346.2,466.0,309.0,498.1,772,0.241,8
893,130.242,-58.39,15.697,-0.725,0.6578,0.2042,-0.7579,-0.6424,0.1136,0.2082,-0.0733,0.9753,24.617,0.1501,0.158,0.114,0.15308,326.4,480.9,345.0,464.9,307.7,497.0,773,1.206,8
894,129.008,-57.274,16.045,-0.7269,0.6556,0.2044,-0.759,-0.6411,0.1141,0.2083,-0.0731,0.9753,24.616,0.1547,0.013,0.102,0.09817,325.2,479.8,343.8,463.8,306.5,495.8,773,0.496,8
895,127.77,-56.16,16.39,-0.729,0.654,0.2019,-0.76,-0.6397,0.1146,0.2067,-0.0708,0.9758,24.616,0.1588,0.163,0.103,0.12249,323.9,478.7,342.6,462.7,305.2,494.7,774,0.955,8
896,126.528,-55.048,16.73,-0.7315,0.6529,0.1966,-0.761,-0.6385,0.1151,0.2033,-0.0663,0.9769,24.616,0.1624,0.329,0.094,0.20083,322.7,477.6,341.4,461.6,304.0,493.5,774,0.746,8
897,125.281,-53.939,17.057,-0.7343,0.6523,0.1879,-0.7619,-0.6373,0.1156,0.1979,-0.0591,0.9784,24.616,0.1655,0.523,0.091,0.30855,321.5,476.5,340.2,460.6,302.7,492.4,775,0.699,8
898,124.03,-52.829,17.367,-0.7376,0.6522,0.1752,-0.7628,-0.6361,0.1161,0.1899,-0.0486,0.9806,24.616,0.1681,0.767,0.091,0.44209,320.2,475.3,339.0,459.5,301.4,491.3,775,1.002,8
899,122.772,-51.72,17.65,-0.7415,0.6525,0.1565,-0.7636,-0.635,0.1166,0.1781,-0.0335,0.9834,24.615,0.1701,1.11,0.083,0.64368,319.0,474.2,337.7,458.4,300.2,490.1,776,0.429,8
900,121.509,-50.613,17.908,-0.7453,0.65,0.1488,-0.7644,-0.634,0.1172,0.1732,-0.0268,0.9845,24.614,0.175,0.48,0.081,0.30148,317.7,473.1,336.5,457.3,298.9,489.0,776,1.271,8
901,120.238,-49.51,18.154,-0.7491,0.6476,0.1399,-0.7651,-0.633,0.1177,0.1675,-0.0192,0.9857,24.613,0.1797,0.549,0.076,0.33586,316.5,472.0,335.3,456.2,297.6,487.9,777,0.138,8
902,118.961,-48.411,18.383,-0.7527,0.6456,0.1288,-0.7658,-0.6321,0.1182,0.1604,-0.0098,0.987,24.611,0.1836,0.679,0.071,0.39896,315.2,470.9,334.0,455.1,296.3,486.7,778,1.51,8
903,117.678,-47.314,18.591,-0.7561,0.6442,0.1153,-0.7664,-0.6313,0.1187,0.1519,0.0014,0.9884,24.61,0.1865,0.81,0.064,0.47145,313.9,469.8,332.7,454.1,295.0,485.6,778,0.193,8
904,116.39,-46.219,18.774,-0.7589,0.6435,0.0998,-0.767,-0.6305,0.1192,0.1422,0.0142,0.9897,24.608,0.1882,0.923,0.064,0.53129,312.6,468.7,331.5,453.0,293.7,484.5,779,1.145,8
905,115.098,-45.125,18.929,-0.7611,0.6433,0.0826,-0.7675,-0.6298,0.1197,0.1314,0.0282,0.9909,24.605,0.1889,1.015,0.057,0.58435,311.3,467.6,330.2,451.9,292.4,483.4,779,0.555,8
906,113.802,-44.031,19.054,-0.7625,0.6438,0.0644,-0.7679,-0.6291,0.1202,0.1201,0.043,0.9918,24.603,0.1883,1.068,0.054,0.61525,310.0,466.5,328.9,450.8,291.1,482.2,780,0.737,8
907,112.503,-42.938,19.15,-0.765,0.6422,0.0481,-0.7683,-0.6286,0.1208,0.1098,0.0564,0.9923,24.6,0.1899,0.969,0.05,0.55825,308.7,465.4,327.6,449.7,289.8,481.1,780,0.964,8
908,111.201,-41.847,19.218,-0.7671,0.6407,0.0318,-0.7686,-0.6281,0.1213,0.0995,0.0699,0.9926,24.596,0.191,0.973,0.044,0.55606,307.4,464.3,326.3,448.6,288.4,480.0,781,0.279,8
909,109.895,-40.758,19.258,-0.7688,0.6393,0.0152,-0.7688,-0.6278,0.1218,0.0891,0.0835,0.9925,24.593,0.1916,0.981,0.035,0.56426,306.1,463.2,325.0,447.6,287.1,478.9,781,1.421,8
910,108.586,-39.672,19.27,-0.77,0.638,-0.0017,-0.7689,-0.6275,0.1224,0.0785,0.0973,0.9922,24.588,0.1915,0.997,0.039,0.5725,304.8,462.1,323.7,446.5,285.8,477.8,782,0.235,8
911,107.276,-38.588,19.252,-0.7708,0.6368,-0.0191,-0.769,-0.6274,0.1229,0.0676,0.1114,0.9915,24.584,0.1909,1.022,0.029,0.58828,303.4,461.0,322.3,445.4,284.5,476.7,783,0.89,8
912,105.965,-37.506,19.205,-0.7711,0.6356,-0.0371,-0.7689,-0.6273,0.1235,0.0562,0.1261,0.9904,24.578,0.1896,1.068,0.035,0.60795,302.1,459.9,321.0,444.3,283.2,475.6,783,0.811,8
913,104.654,-36.427,19.126,-0.7711,0.6342,-0.0561,-0.7688,-0.6274,0.1241,0.0443,0.1413,0.989,24.572,0.188,1.109,0.035,0.64196,300.8,458.8,319.7,443.2,281.8,474.5,784,0.246,8
914,103.343,-35.35,19.014,-0.771,0.6323,-0.0755,-0.7685,-0.6276,0.1247,0.032,0.157,0.9871,24.565,0.1863,1.148,0.04,0.65684,299.4,457.7,318.3,442.1,280.5,473.4,785,1.228,8
915,102.032,-34.276,18.868,-0.7708,0.6299,-0.0952,-0.7681,-0.6279,0.1254,0.0195,0.1728,0.9848,24.558,0.1846,1.162,0.049,0.66875,298.1,456.6,317.0,441.0,279.2,472.3,785,0.473,8
916,100.721,-33.208,18.69,-0.7705,0.627,-0.115,-0.7677,-0.6283,0.1261,0.007,0.1887,0.982,24.55,0.1831,1.17,0.052,0.67436,296.8,455.6,315.6,439.9,277.9,471.2,786,0.429,8
917,99.411,-32.144,18.478,-0.7701,0.6236,-0.1346,-0.767,-0.6289,0.1269,-0.0056,0.2044,0.9789,24.54,0.1814,1.167,0.07,0.67044,295.4,454.5,314.3,438.9,276.6,470.2,787,1.246,8
918,98.102,-31.087,18.232,-0.7695,0.6198,-0.1539,-0.7663,-0.6297,0.1278,-0.018,0.2198,0.9754,24.53,0.1797,1.15,0.08,0.6631,294.1,453.4,312.9,437.8,275.3,469.1,787,0.454,8
919,96.796,-30.035,17.952,-0.7668,0.6173,-0.1759,-0.7654,-0.6306,0.1287,-0.032,0.2369,0.971,24.519,0.175,1.291,0.089,0.75159,292.8,452.3,311.5,436.7,274.0,468.0,788,0.273,8
920,95.494,-28.988,17.635,-0.7645,0.6139,-0.1968,-0.7643,-0.6316,0.1296,-0.0454,0.2532,0.9663,24.507,0.1711,1.239,0.099,0.71765,291.4,451.3,310.2,435.6,272.7,467.0,789,0.907,8
921,94.195,-27.949,17.284,-0.7634,0.6089,-0.2158,-0.7631,-0.6329,0.1307,-0.0579,0.2683,0.9616,24.493,0.169,1.155,0.119,0.663,290.1,450.2,308.8,434.5,271.4,466.0,789,0.794,8
922,92.897,-26.918,16.902,-0.7634,0.6023,-0.2333,-0.7617,-0.6344,0.1319,-0.0695,0.2824,0.9568,24.478,0.1686,1.082,0.136,0.63015,288.8,449.2,307.4,433.5,270.1,464.9,790,0.261,8
923,91.598,-25.901,16.491,-0.7648,0.5941,-0.2493,-0.76,-0.6361,0.1332,-0.0806,0.2956,0.9519,24.461,0.1701,1.027,0.157,0.60763,287.4,448.1,306.0,432.4,268.8,463.9,791,0.167,8
924,90.296,-24.899,16.054,-0.7667,0.5845,-0.2657,-0.7581,-0.6381,0.1347,-0.0922,0.3093,0.9465,24.443,0.1725,1.074,0.18,0.64353,286.1,447.1,304.6,431.4,267.5,462.9,792,0.483,8
925,88.992,-23.913,15.586,-0.7664,0.5757,-0.285,-0.7559,-0.6403,0.1363,-0.1056,0.3247,0.9399,24.422,0.1719,1.229,0.2,0.71477,284.8,446.1,303.2,430.3,266.3,462.0,793,0.68,8
926,87.689,-22.941,15.086,-0.766,0.5671,-0.3027,-0.7533,-0.643,0.1382,-0.118,0.3389,0.9334,24.398,0.1705,1.143,0.241,0.66317,283.4,445.1,301.8,429.3,265.0,461.0,794,0.752,8
927,86.387,-21.984,14.557,-0.7656,0.5585,-0.3193,-0.7503,-0.646,0.1403,-0.1298,0.3521,0.9269,24.372,0.1688,1.081,0.271,0.63007,282.1,444.2,300.3,428.3,263.8,460.1,795,0.696,8
928,85.086,-21.042,14.0,-0.7651,0.5497,-0.3353,-0.7468,-0.6496,0.1428,-0.1413,0.3647,0.9203,24.342,0.1664,1.048,0.321,0.61553,280.8,443.2,298.9,427.3,262.6,459.2,796,0.518,8
929,83.785,-20.115,13.416,-0.7653,0.5385,-0.3527,-0.7426,-0.6537,0.1457,-0.1543,0.3786,0.9126,24.308,0.1649,1.176,0.375,0.69727,279.4,442.3,297.4,426.2,261.4,458.3,797,0.224,8
930,82.482,-19.213,12.797,-0.7656,0.5227,-0.375,-0.7376,-0.6586,0.1491,-0.1714,0.3961,0.9021,24.268,0.1645,1.526,0.446,0.92091,278.1,441.4,295.9,425.2,260.2,457.5,798,0.181,8
931,81.182,-18.334,12.143,-0.7632,0.5124,-0.3938,-0.7313,-0.6646,0.1533,-0.1855,0.41,0.893,24.219,0.1572,1.249,0.554,0.72678,276.7,440.5,294.4,424.2,259.0,456.7,800,0.404,8
932,79.889,-17.467,11.46,-0.7578,0.5085,-0.4088,-0.7233,-0.6721,0.1586,-0.196,0.4201,0.886,24.155,0.1415,0.926,0.698,0.553,275.4,439.6,292.8,423.2,258.0,456.0,801,0.299,8
933,78.607,-16.6,10.755,-0.748,0.5128,-0.4213,-0.713,-0.6813,0.1655,-0.2035,0.427,0.8811,24.073,0.1142,0.648,0.885,0.55443,274.1,438.7,291.1,422.2,256.9,455.3,803,0.259,8
934,77.352,-15.722,10.016,-0.7299,0.5174,-0.4466,-0.7003,-0.6923,0.174,-0.2198,0.441,0.8702,23.972,0.0752,1.38,1.079,1.05976,272.8,437.8,289.4,421.1,256.0,454.6,806,0.264,8
935,76.113,-14.85,9.244,-0.7312,0.5053,-0.4583,-0.6861,-0.704,0.1831,-0.2305,0.4492,0.8632,23.859,0.062,0.87,1.176,0.56887,271.5,436.9,287.7,420.0,255.2,453.9,808,0.051,8
936,74.854,-14.013,8.467,-0.7528,0.4774,-0.4532,-0.6719,-0.7153,0.1922,-0.2331,0.4505,0.8618,23.746,0.0772,0.185,1.163,1.20143,270.2,436.1,286.0,419.0,254.3,453.2,810,0.051,8
937,73.559,-13.224,7.698,-0.767,0.4526,-0.4549,-0.6589,-0.7251,0.2002,-0.2402,0.4549,0.8575,23.643,0.0861,0.538,1.039,0.96457,268.9,435.3,284.3,418.1,253.4,452.6,812,0.43,8
938,72.245,-12.472,6.923,-0.7783,0.4328,-0.4549,-0.6473,-0.7335,0.2071,-0.2451,0.4576,0.8547,23.55,0.0921,0.358,0.911,0.76815,267.5,434.5,282.6,417.2,252.4,451.9,813,0.075,8
939,70.91,-11.751,6.155,-0.7922,0.4148,-0.4476,-0.6368,-0.741,0.2132,-0.2445,0.4563,0.8556,23.466,0.1017,0.097,0.818,0.80481,266.2,433.8,280.9,416.4,251.3,451.3,814,0.476,9
940,69.55,-11.06,5.404,-0.8081,0.3985,-0.4337,-0.6269,-0.7478,0.2188,-0.2387,0.4516,0.8597,23.388,0.1137,0.488,0.759,0.89895,264.8,433.1,279.2,415.6,250.2,450.7,816,0.733,9
941,68.165,-10.399,4.672,-0.8205,0.3797,-0.4274,-0.6171,-0.7543,0.2241,-0.2392,0.4511,0.8598,23.313,0.1241,0.041,0.739,0.78804,263.3,432.4,277.5,414.8,249.1,450.1,817,0.643,9
942,66.76,-9.767,3.952,-0.8317,0.3643,-0.4191,-0.6075,-0.7606,0.2291,-0.2374,0.4491,0.8614,23.24,0.1322,0.179,0.718,0.69988,261.9,431.8,275.8,414.1,247.9,449.6,818,0.657,9
943,65.337,-9.158,3.248,-0.842,0.352,-0.4088,-0.5979,-0.7667,0.2339,-0.2333,0.4457,0.8642,23.171,0.1379,0.345,0.707,0.64235,260.5,431.2,274.1,413.4,246.7,449.1,819,0.775,9
944,63.897,-8.568,2.562,-0.8515,0.3426,-0.3969,-0.5885,-0.7725,0.2385,-0.2272,0.4411,0.8682,23.104,0.1418,0.494,0.686,0.60296,259.0,430.6,272.4,412.7,245.5,448.5,819,0.926,9
945,62.441,-7.995,1.896,-0.8606,0.33,-0.3879,-0.5792,-0.7782,0.2429,-0.2241,0.4385,0.8704,23.04,0.1474,0.264,0.674,0.60523,257.5,430.0,270.6,412.1,244.3,448.0,820,0.712,9
946,60.97,-7.444,1.244,-0.8687,0.3187,-0.3793,-0.5699,-0.7837,0.2471,-0.2211,0.4358,0.8725,22.979,0.1516,0.261,0.664,0.55078,256.0,429.4,268.9,411.5,243.1,447.6,821,0.421,9
947,59.487,-6.91,0.607,-0.8761,0.3107,-0.3688,-0.5606,-0.7891,0.2511,-0.2156,0.4318,0.8758,22.919,0.1534,0.433,0.657,0.50986,254.5,428.9,267.1,410.9,241.8,447.1,822,0.07,9
948,57.991,-6.386,-0.009,-0.8833,0.3054,-0.3558,-0.5512,-0.7945,0.2549,-0.2073,0.4263,0.8805,22.862,0.1535,0.631,0.658,0.53154,253.0,428.4,265.4,410.3,240.5,446.6,823,0.323,9
949,56.483,-5.869,-0.601,-0.8906,0.3026,-0.3394,-0.5416,-0.7998,0.2586,-0.1954,0.4191,0.8867,22.806,0.1526,0.872,0.663,0.61212,251.5,427.9,263.6,409.7,239.3,446.2,824,0.739,9
950,54.962,-5.359,-1.164,-0.8983,0.2966,-0.3243,-0.5318,-0.8052,0.2623,-0.1855,0.413,0.8917,22.751,0.1538,0.725,0.675,0.60593,249.9,427.4,261.8,409.1,238.0,445.7,824,0.961,9
951,53.428,-4.86,-1.703,-0.9057,0.29,-0.3092,-0.5217,-0.8106,0.2658,-0.1757,0.407,0.8964,22.698,0.1552,0.711,0.686,0.60868,248.4,426.9,260.0,408.5,236.7,445.3,825,0.539,9
952,51.882,-4.371,-2.214,-0.9129,0.2855,-0.2918,-0.5113,-0.8161,0.2692,-0.1632,0.3998,0.9019,22.647,0.1552,0.885,0.702,0.65235,246.8,426.4,258.2,408.0,235.4,444.9,826,0.128,9
953,50.324,-3.888,-2.694,-0.9198,0.2833,-0.2717,-0.5005,-0.8217,0.2726,-0.1478,0.3913,0.9083,22.597,0.1535,1.073,0.724,0.71983,245.2,425.9,256.3,407.4,234.1,444.5,827,0.257,9
954,48.754,-3.407,-3.137,-0.9265,0.2819,-0.2492,-0.4893,-0.8274,0.2758,-0.1299,0.3818,0.9151,22.549,0.1514,1.225,0.743,0.79248,243.7,425.4,254.5,406.8,232.8,444.1,828,0.602,9
955,47.172,-2.932,-3.542,-0.9339,0.2763,-0.227,-0.4776,-0.8332,0.2789,-0.1134,0.3732,0.9208,22.503,0.1525,1.115,0.769,0.81075,242.1,424.9,252.6,406.3,231.5,443.7,829,0.907,9
956,45.579,-2.465,-3.909,-0.9397,0.274,-0.2049,-0.4654,-0.839,0.2818,-0.0958,0.3643,0.9263,22.459,0.1497,1.173,0.792,0.77374,240.5,424.5,250.7,405.7,230.2,443.3,829,0.794,9
957,43.977,-1.999,-4.239,-0.9437,0.275,-0.1836,-0.4528,-0.845,0.2846,-0.0776,0.3553,0.9315,22.418,0.1427,1.201,0.816,0.73102,238.9,424.0,248.8,405.2,228.9,443.0,830,0.53,9
958,42.37,-1.528,-4.534,-0.9463,0.2791,-0.1635,-0.4396,-0.851,0.2872,-0.0595,0.3467,0.9361,22.379,0.1315,1.178,0.844,0.69676,237.3,423.5,246.9,404.6,227.6,442.6,831,0.309,9
959,40.758,-1.055,-4.793,-0.9502,0.2777,-0.1415,-0.426,-0.8571,0.2896,-0.0412,0.3382,0.9402,22.344,0.1258,1.18,0.865,0.7543,235.6,423.1,245.0,404.0,226.3,442.2,832,0.131,9
960,39.139,-0.582,-5.016,-0.9526,0.2791,-0.1207,-0.4118,-0.8633,0.2918,-0.0229,0.3299,0.9437,22.312,0.1161,1.169,0.897,0.70707,234.0,422.6,243.0,403.4,225.0,441.9,833,0.005,9
961,37.518,-0.104,-5.204,-0.9537,0.2834,-0.1009,-0.3971,-0.8695,0.2937,-0.0045,0.3219,0.9468,22.283,0.1027,1.163,0.921,0.6837,232.4,422.1,241.1,402.9,223.7,441.5,834,0.088,9
962,35.897,0.384,-5.36,-0.9533,0.2906,-0.0817,-0.3818,-0.8758,0.2954,0.0143,0.3139,0.9493,22.26,0.0853,1.179,0.953,0.69109,230.8,421.6,239.1,402.3,222.4,441.1,835,0.126,9
963,34.277,0.888,-5.48,-0.9513,0.3022,-0.0605,-0.3659,-0.8821,0.2967,0.0363,0.305,0.9517,22.241,0.0636,1.367,0.983,0.8171,229.2,421.1,237.1,401.6,221.2,440.7,836,0.113,9
964,32.66,1.407,-5.566,-0.951,0.3064,-0.0404,-0.3496,-0.8884,0.2977,0.0554,0.2976,0.9531,22.228,0.0482,1.176,1.003,0.692,227.6,420.6,235.2,401.0,219.9,440.4,837,0.058,9
965,31.042,1.926,-5.618,-0.9528,0.3028,-0.0214,-0.3329,-0.8945,0.2983,0.0713,0.2916,0.9539,22.22,0.0399,0.975,1.019,0.6544,225.9,420.1,233.2,400.3,218.7,440.0,838,0.038,9
966,29.418,2.432,-5.639,-0.9568,0.2909,-0.0033,-0.3159,-0.9006,0.2986,0.084,0.2869,0.9543,22.217,0.0393,0.776,1.035,0.74221,224.3,419.6,231.2,399.7,217.4,439.6,839,0.16,9
967,27.79,2.923,-5.628,-0.9576,0.2876,0.0168,-0.2989,-0.9064,0.2985,0.1011,0.281,0.9544,22.22,0.0306,1.036,1.029,0.68684,222.7,419.1,229.2,399.1,216.2,439.2,840,0.308,9
968,26.161,3.407,-5.582,-0.9592,0.2803,0.0367,-0.2819,-0.912,0.2981,0.1171,0.2757,0.9541,22.228,0.0257,0.966,1.026,0.71628,221.1,418.6,227.2,398.5,214.9,438.9,841,0.473,9
969,24.527,3.872,-5.504,-0.9623,0.2662,0.0554,-0.2651,-0.9172,0.2973,0.13,0.2716,0.9536,22.241,0.0274,0.776,1.009,0.79608,219.5,418.1,225.2,397.9,213.6,438.5,842,0.648,9
970,22.887,4.308,-5.395,-0.9666,0.2459,0.0721,-0.2489,-0.9221,0.2964,0.1394,0.2687,0.9531,22.258,0.0352,0.564,0.971,0.89754,217.8,417.7,223.2,397.3,212.4,438.2,844,0.7,9
971,21.239,4.703,-5.262,-0.9718,0.2196,0.0857,-0.2332,-0.9265,0.2951,0.1444,0.2671,0.9528,22.278,0.0485,0.301,0.937,1.01293,216.2,417.3,221.3,396.8,211.1,437.9,845,0.538,9
972,19.584,5.063,-5.101,-0.973,0.2065,0.1033,-0.2184,-0.9306,0.2937,0.157,0.2636,0.9518,22.301,0.0507,0.751,0.884,0.74037,214.5,417.0,219.3,396.3,209.7,437.7,846,0.4,9
973,17.932,5.412,-4.908,-0.9705,0.2065,0.1245,-0.2045,-0.9342,0.2922,0.1768,0.2583,0.9497,22.326,0.0419,1.181,0.827,0.71929,212.9,416.6,217.4,395.9,208.4,437.5,847,0.296,9
974,16.286,5.772,-4.676,-0.9643,0.2187,0.1491,-0.1916,-0.9375,0.2906,0.2034,0.2517,0.9462,22.353,0.0231,1.583,0.768,0.94858,211.2,416.2,215.4,395.4,207.0,437.2,848,0.236,9
975,14.649,6.144,-4.405,-0.9614,0.2177,0.1685,-0.1798,-0.9403,0.2889,0.2214,0.2474,0.9433,22.381,0.0168,1.073,0.702,0.6618,209.6,415.9,213.6,395.0,205.6,436.9,849,0.231,9
976,13.017,6.515,-4.102,-0.9574,0.2195,0.1879,-0.1692,-0.9428,0.2872,0.2402,0.2431,0.9398,22.409,0.009,1.123,0.632,0.67012,208.0,415.5,211.7,394.5,204.2,436.6,850,0.292,9
977,11.394,6.894,-3.765,-0.9514,0.2263,0.2088,-0.1596,-0.945,0.2855,0.2619,0.2383,0.9352,22.437,0.0024,1.3,0.573,0.76766,206.4,415.1,209.9,394.1,202.8,436.3,851,0.43,9
978,9.783,7.288,-3.391,-0.9431,0.2383,0.2318,-0.151,-0.9469,0.2838,0.2871,0.2327,0.9292,22.464,0.0175,1.519,0.514,0.91778,204.8,414.7,208.1,393.6,201.4,436.0,852,0.656,9
979,8.188,7.707,-2.977,-0.9333,0.2541,0.2537,-0.1434,-0.9486,0.2822,0.3126,0.2272,0.9223,22.492,0.0356,1.546,0.456,0.96804,203.2,414.3,206.4,393.1,200.0,435.7,853,0.975,9
980,6.608,8.149,-2.529,-0.9243,0.266,0.2736,-0.1366,-0.95,0.2807,0.335,0.2224,0.9156,22.517,0.0496,1.368,0.407,0.83811,201.6,413.9,204.6,392.6,198.5,435.3,853,0.725,9
981,5.044,8.609,-2.044,-0.9146,0.2737,0.2976,-0.1306,-0.9513,0.2793,0.3601,0.2169,0.9073,22.542,0.0578,1.547,0.361,0.91004,200.0,413.4,203.0,392.1,197.1,434.9,854,0.317,9
982,3.498,9.078,-1.514,-0.9038,0.2773,0.3261,-0.1253,-0.9524,0.278,0.3883,0.2108,0.8971,22.566,0.0602,1.753,0.319,1.03405,198.5,412.9,201.3,391.6,195.7,434.4,855,0.179,9
983,1.972,9.549,-0.932,-0.8911,0.2767,0.3598,-0.1206,-0.9533,0.2768,0.4203,0.2036,0.8843,22.588,0.0567,2.017,0.283,1.21371,197.0,412.5,199.7,391.0,194.2,434.0,856,0.76,9
984,0.468,10.025,-0.296,-0.8771,0.2821,0.3887,-0.1164,-0.9541,0.2758,0.4494,0.197,0.8713,22.608,0.0599,1.865,0.252,1.09728,195.5,412.0,198.1,390.5,192.8,433.6,856,0.941,9
985,-1.011,10.507,0.391,-0.8621,0.2846,0.4192,-0.1128,-0.9549,0.2748,0.4794,0.19,0.8568,22.627,0.0593,1.951,0.219,1.14848,194.0,411.5,196.5,390.0,191.4,433.1,857,0.275,9
986,-2.463,10.991,1.131,-0.8462,0.2839,0.451,-0.1095,-0.9555,0.2741,0.5095,0.1828,0.8409,22.644,0.055,1.994,0.196,1.19826,192.5,411.0,195.0,389.5,190.0,432.7,858,0.481,9
987,-3.888,11.471,1.925,-0.8295,0.2801,0.4832,-0.1067,-0.956,0.2734,0.5391,0.1755,0.8238,22.66,0.0472,2.003,0.168,1.22903,191.1,410.5,193.5,388.9,188.7,432.2,858,1.22,9
988,-5.284,11.945,2.772,-0.812,0.2777,0.5134,-0.1043,-0.9564,0.2729,0.5672,0.1682,0.8062,22.674,0.0408,1.945,0.142,1.17886,189.7,410.0,192.1,388.4,187.3,431.8,859,0.372,10
989,-6.648,12.416,3.671,-0.7927,0.2754,0.5439,-0.1022,-0.9567,0.2726,0.5957,0.1606,0.787,22.687,0.0342,2.017,0.123,1.21881,188.3,409.6,190.7,387.9,186.0,431.3,860,0.577,10
990,-7.979,12.882,4.621,-0.7727,0.2731,0.573,-0.1004,-0.9569,0.2724,0.623,0.153,0.7671,22.698,0.0277,1.984,0.104,1.19242,187.0,409.1,189.3,387.4,184.7,430.9,860,1.124,10
991,-9.277,13.344,5.618,-0.7532,0.271,0.5994,-0.0989,-0.9571,0.2723,0.6476,0.1459,0.7479,22.707,0.0217,1.834,0.087,1.10814,185.7,408.6,188.0,386.9,183.4,430.4,861,0.071,10
992,-10.542,13.802,6.658,-0.7347,0.2666,0.6238,-0.0976,-0.9572,0.2724,0.6698,0.1393,0.7294,22.715,0.0136,1.698,0.075,1.04242,184.4,408.1,186.7,386.4,182.1,430.0,862,1.088,10
993,-11.776,14.252,7.738,-0.7167,0.2637,0.6456,-0.0966,-0.9573,0.2726,0.6899,0.133,0.7116,22.722,0.0072,1.58,0.059,0.9576,183.2,407.7,185.4,386.0,180.9,429.6,862,0.613,10
994,-12.979,14.7,8.853,-0.699,0.2624,0.6652,-0.0958,-0.9573,0.2729,0.7084,0.1271,0.6943,22.727,0.0027,1.49,0.049,0.89091,182.0,407.2,184.2,385.5,179.7,429.1,863,0.647,10
995,-14.153,15.146,10.0,-0.6815,0.2627,0.683,-0.0951,-0.9572,0.2733,0.7256,0.1213,0.6773,22.73,0.0,1.425,0.046,0.84123,180.8,406.8,183.0,385.0,178.5,428.7,863,1.054,10
996,-15.297,15.594,11.175,-0.664,0.2644,0.6994,-0.0946,-0.9571,0.2739,0.7418,0.1157,0.6606,22.732,0.0013,1.371,0.045,0.81019,179.6,406.3,181.8,384.5,177.4,428.2,864,0.304,10
997,-16.412,16.042,12.378,-0.6472,0.2626,0.7156,-0.0943,-0.957,0.2745,0.7569,0.1102,0.6441,22.733,0.0062,1.32,0.039,0.78878,178.5,405.8,180.7,384.1,176.3,427.8,864,1.397,10
998,-17.499,16.488,13.608,-0.6311,0.2615,0.7303,-0.0941,-0.9568,0.2753,0.7707,0.105,0.6285,22.732,0.0102,1.23,0.049,0.73556,177.4,405.4,179.6,383.6,175.1,427.3,865,0.054,10
999,-18.559,16.932,14.861,-0.6156,0.2618,0.7433,-0.094,-0.9565,0.2761,0.7834,0.1001,0.6135,22.73,0.0127,1.161,0.049,0.68167,176.3,404.9,178.5,383.1,174.1,426.9,866,1.592,10
1000,-19.593,17.379,16.135,-0.6005,0.2633,0.7551,-0.094,-0.9562,0.2771,0.7951,0.0954,0.599,22.727,0.0139,1.101,0.06,0.64769,175.2,404.5,177.4,382.7,173.0,426.4,866,0.109,10
1001,-20.601,17.828,17.428,-0.5857,0.2659,0.7657,-0.094,-0.9559,0.2781,0.806,0.0909,0.585,22.722,0.0138,1.049,0.06,0.61957,174.2,404.0,176.4,382.2,172.0,425.9,867,1.512,10
1002,-21.585,18.284,18.738,-0.5712,0.2697,0.7752,-0.0942,-0.9556,0.2793,0.8162,0.0865,0.5713,22.716,0.0126,1.011,0.072,0.59799,173.2,403.5,175.4,381.7,170.9,425.5,867,0.189,10
1003,-22.539,18.742,20.069,-0.5512,0.2691,0.7898,-0.0944,-0.9552,0.2805,0.83,0.08,0.5519,22.708,0.0165,1.414,0.073,0.83458,172.2,403.0,174.4,381.3,169.9,425.0,868,1.508,10
1004,-23.461,19.2,21.422,-0.5342,0.2693,0.8013,-0.0947,-0.9548,0.2819,0.8411,0.0747,0.5357,22.699,0.0193,1.165,0.085,0.69163,171.3,402.6,173.5,380.8,169.0,424.5,868,0.194,10
1005,-24.358,19.659,22.792,-0.5212,0.271,0.8092,-0.0951,-0.9543,0.2833,0.8492,0.0707,0.5233,22.689,0.0202,0.879,0.088,0.51574,170.3,402.1,172.6,380.3,168.0,424.0,869,1.572,10
1006,-25.236,20.122,24.173,-0.5122,0.274,0.814,-0.0955,-0.9538,0.2849,0.8546,0.0681,0.5148,22.677,0.0195,0.596,0.099,0.35828,169.4,401.6,171.7,379.8,167.1,423.5,869,0.135,10
1007,-26.102,20.592,25.559,-0.5067,0.2783,0.8159,-0.096,-0.9533,0.2865,0.8577,0.0668,0.5098,22.664,0.0171,0.345,0.1,0.24375,168.5,401.1,170.8,379.4,166.2,423.0,870,1.681,10
1008,-26.962,21.069,26.946,-0.5047,0.2838,0.8153,-0.0966,-0.9527,0.2882,0.8586,0.0667,0.5083,22.649,0.0133,0.1,0.109,0.19824,167.6,400.6,169.9,378.9,165.3,422.5,870,0.04,10
1009,-27.82,21.557,28.331,-0.5058,0.2903,0.8124,-0.0972,-0.9521,0.29,0.8576,0.0677,0.5098,22.633,0.0084,0.118,0.114,0.24266,166.7,400.1,169.1,378.4,164.4,422.0,870,1.72,10
1010,-28.671,22.054,29.715,-0.4944,0.2934,0.8182,-0.0978,-0.9515,0.2918,0.8641,0.0642,0.4992,22.616,0.0079,0.74,0.114,0.44368,165.8,399.6,168.2,377.9,163.5,421.5,871,0.108,10
1011,-29.504,22.555,31.112,-0.4855,0.296,0.8226,-0.0986,-0.9508,0.2938,0.8691,0.0615,0.4908,22.597,0.0081,0.581,0.13,0.34561,165.0,399.0,167.3,377.4,162.6,420.9,871,1.596,10
1012,-30.325,23.061,32.512,-0.4803,0.2989,0.8246,-0.0994,-0.9501,0.2958,0.8719,0.0601,0.486,22.576,0.0077,0.328,0.13,0.21163,164.1,398.5,166.5,376.8,161.7,420.4,872,0.216,10
1013,-31.14,23.572,33.915,-0.4782,0.3022,0.8246,-0.1002,-0.9493,0.2979,0.8729,0.0598,0.4843,22.554,0.0067,0.114,0.137,0.13177,163.3,398.0,165.7,376.3,160.8,419.8,872,1.489,10
1014,-31.953,24.089,35.316,-0.479,0.3061,0.8227,-0.1012,-0.9485,0.3002,0.8722,0.0605,0.4854,22.529,0.0051,0.085,0.151,0.14864,162.4,397.4,164.8,375.8,159.9,419.2,873,0.272,10
1015,-32.771,24.614,36.713,-0.4829,0.3109,0.8186,-0.1023,-0.9476,0.3025,0.8698,0.0624,0.4894,22.503,0.0024,0.289,0.155,0.24989,161.5,396.9,164.0,375.3,159.1,418.6,873,1.431,10
1016,-33.598,25.148,38.1,-0.4906,0.3169,0.8117,-0.1034,-0.9467,0.305,0.8651,0.0657,0.4972,22.474,0.0017,0.555,0.165,0.40271,160.7,396.3,163.2,374.8,158.2,418.0,874,0.247,10
1017,-34.443,25.693,39.471,-0.5034,0.325,0.8006,-0.1047,-0.9457,0.3076,0.8571,0.071,0.5102,22.442,0.0084,0.926,0.176,0.63278,159.8,395.7,162.3,374.2,157.2,417.4,874,1.453,10
1018,-35.315,26.254,40.818,-0.523,0.3361,0.7832,-0.1061,-0.9447,0.3104,0.8444,0.0792,0.5299,22.408,0.0189,1.423,0.188,0.95931,158.9,395.1,161.4,373.7,156.3,416.8,875,0.114,10
1019,-36.211,26.835,42.14,-0.5319,0.3475,0.7722,-0.1077,-0.9435,0.3133,0.8378,0.0835,0.5395,22.372,0.0287,0.711,0.202,0.61252,157.9,394.5,160.5,373.1,155.3,416.1,876,1.541,10
1020,-37.126,27.436,43.442,-0.545,0.3596,0.7574,-0.1094,-0.9423,0.3163,0.8281,0.0896,0.5534,22.332,0.0397,1.032,0.209,0.78082,157.0,393.9,159.6,372.5,154.3,415.4,876,0.163,10
1021,-38.067,28.058,44.714,-0.5628,0.3711,0.7386,-0.1112,-0.941,0.3195,0.8147,0.0978,0.5716,22.289,0.0506,1.378,0.223,0.9547,156.0,393.2,158.7,371.9,153.3,414.7,877,1.103,10
1022,-39.042,28.698,45.952,-0.5842,0.3807,0.7168,-0.1133,-0.9396,0.3229,0.7979,0.1076,0.5932,22.242,0.0601,1.665,0.243,1.07899,154.9,392.6,157.7,371.3,152.2,414.0,877,0.599,10
1023,-40.055,29.352,47.151,-0.6064,0.3899,0.693,-0.1155,-0.9381,0.3264,0.7793,0.1182,0.6154,22.192,0.0695,1.767,0.252,1.1397,153.9,391.9,156.7,370.7,151.1,413.2,878,0.503,10
1024,-41.105,30.026,48.306,-0.6284,0.4026,0.6657,-0.118,-0.9365,0.3301,0.7589,0.1294,0.6382,22.138,0.0831,1.867,0.272,1.2565,152.8,391.1,155.6,370.1,149.9,412.4,878,1.198,10
1025,-42.193,30.719,49.414,-0.6518,0.4118,0.6369,-0.1206,-0.9348,0.3341,0.7361,0.1415,0.6619,22.08,0.0936,2.008,0.29,1.28828,151.6,390.4,154.5,369.4,148.7,411.6,879,0.242,10
1026,-43.321,31.424,50.473,-0.6753,0.4165,0.6087,-0.1236,-0.9329,0.3382,0.7122,0.1539,0.6849,22.018,0.0992,2.029,0.311,1.24712,150.4,389.7,153.4,368.8,147.4,410.8,880,0.582,10
1027,-44.489,32.136,51.484,-0.6972,0.4235,0.5785,-0.1269,-0.9309,0.3424,0.6875,0.1663,0.7069,21.953,0.1077,2.024,0.327,1.2789,149.2,388.9,152.3,368.1,146.1,409.9,880,1.119,10
1028,-45.692,32.862,52.44,-0.7186,0.4296,0.5469,-0.1304,-0.9288,0.3469,0.6614,0.1792,0.7284,21.883,0.1156,2.074,0.348,1.30242,147.9,388.2,151.1,367.5,144.8,409.0,881,0.416,10
1029,-46.933,33.592,53.345,-0.7402,0.428,0.5186,-0.1344,-0.9265,0.3515,0.6351,0.1918,0.7483,21.811,0.1148,2.023,0.373,1.20087,146.6,387.4,149.9,366.8,143.4,408.1,882,0.176,10
1030,-48.21,34.313,54.206,-0.7618,0.4188,0.4942,-0.1387,-0.924,0.3563,0.6092,0.204,0.7663,21.735,0.1052,1.938,0.396,1.14098,145.3,386.6,148.6,366.2,141.9,407.3,883,0.665,10
1031,-49.522,35.022,55.022,-0.781,0.416,0.4658,-0.1434,-0.9214,0.3612,0.5825,0.2165,0.7835,21.656,0.1031,1.956,0.417,1.15902,143.9,385.9,147.3,365.5,140.5,406.4,883,1.036,10
1032,-50.866,35.725,55.791,-0.7997,0.4096,0.439,-0.1486,-0.9186,0.3662,0.5558,0.2287,0.7992,21.575,0.0967,1.907,0.443,1.12212,142.5,385.1,146.0,364.9,138.9,405.5,884,0.644,10
1033,-52.242,36.412,56.517,-0.8186,0.3977,0.4144,-0.1542,-0.9156,0.3713,0.529,0.2409,0.8137,21.491,0.084,1.881,0.467,1.11961,141.1,384.4,144.7,364.4,137.4,404.6,885,0.344,10
1034,-53.65,37.074,57.202,-0.838,0.3801,0.3914,-0.1604,-0.9124,0.3765,0.5013,0.2533,0.8274,21.406,0.065,1.908,0.499,1.17461,139.6,383.7,143.4,363.8,135.8,403.8,886,0.132,10
1035,-55.092,37.705,57.846,-0.857,0.3625,0.3664,-0.1672,-0.909,0.3818,0.472,0.2662,0.8405,21.32,0.0463,1.982,0.531,1.21306,138.1,383.0,142.0,363.3,134.1,403.0,887,0.004,10
1036,-56.563,38.31,58.447,-0.8725,0.3506,0.3404,-0.1745,-0.9054,0.3871,0.4441,0.2785,0.8516,21.233,0.0334,1.859,0.557,1.09596,136.5,382.4,140.6,362.8,132.4,402.2,888,0.059,10
1037,-58.057,38.901,59.004,-0.8843,0.345,0.3144,-0.1823,-0.9016,0.3923,0.419,0.2897,0.8605,21.146,0.0265,1.655,0.58,0.98044,135.0,381.8,139.2,362.4,130.7,401.4,889,0.046,10
1038,-59.569,39.487,59.517,-0.8941,0.3423,0.2888,-0.1907,-0.8975,0.3976,0.3954,0.3005,0.868,21.059,0.0219,1.548,0.616,0.92817,133.4,381.2,137.8,361.9,128.9,400.6,890,0.032,10
1039,-61.098,40.063,59.987,-0.9042,0.3356,0.2643,-0.1996,-0.8933,0.4028,0.3713,0.3115,0.8747,20.973,0.0129,1.566,0.638,0.92105,131.8,380.6,136.4,361.5,127.1,399.8,891,0.171,10
1040,-62.643,40.629,60.418,-0.9122,0.3302,0.2427,-0.209,-0.8888,0.4079,0.3504,0.3213,0.8798,20.889,0.0038,1.354,0.665,0.79708,130.2,380.0,135.0,361.0,125.3,399.1,892,0.366,10
1041,-64.2,41.186,60.813,-0.9188,0.3258,0.2229,-0.2188,-0.8842,0.4128,0.3316,0.3305,0.8836,20.808,0.005,1.219,0.681,0.71867,128.6,379.4,133.6,360.6,123.5,398.3,893,0.614,10
1042,-65.767,41.737,61.176,-0.9243,0.3225,0.2039,-0.2291,-0.8793,0.4175,0.314,0.3392,0.8868,20.73,0.0133,1.14,0.707,0.67573,126.9,378.8,132.1,360.2,121.6,397.5,895,0.45,10
1043,-67.341,42.294,61.5,-0.927,0.3298,0.1784,-0.2397,-0.8744,0.4219,0.2952,0.3484,0.8897,20.657,0.0091,1.211,0.715,0.89843,125.3,378.2,130.7,359.8,119.8,396.8,896,0.081,10
1044,-68.922,42.852,61.786,-0.9327,0.324,0.1585,-0.2504,-0.8694,0.4261,0.2759,0.3578,0.8921,20.59,0.0194,1.238,0.718,0.72432,123.6,377.6,129.3,359.4,117.9,396.0,897,0.311,10
1045,-70.514,43.388,62.042,-0.9414,0.305,0.1437,-0.261,-0.8644,0.4298,0.2555,0.3675,0.8942,20.529,0.0438,1.3,0.704,0.86289,122.0,377.1,127.9,359.0,116.0,395.3,899,0.582,10
1046,-72.125,43.881,62.277,-0.953,0.2719,0.1338,-0.2713,-0.8595,0.4331,0.2335,0.3777,0.896,20.475,0.0828,1.393,0.68,1.228,120.3,376.5,126.4,358.6,114.1,394.6,900,0.185,10
1047,-73.754,44.315,62.497,-0.9624,0.2416,0.1239,-0.2811,-0.855,0.4359,0.2127,0.3874,0.897,20.43,0.118,1.316,0.638,1.1199,118.6,376.1,124.9,358.3,112.2,394.0,901,0.193,10
1048,-75.398,44.703,62.696,-0.9705,0.2146,0.1095,-0.2903,-0.8507,0.4383,0.1893,0.3979,0.8977,20.394,0.1472,1.47,0.598,1.06671,116.9,375.7,123.4,358.0,110.3,393.5,902,0.543,10
1049,-77.054,45.045,62.868,-0.9778,0.1882,0.0925,-0.2988,-0.8467,0.4402,0.1636,0.409,0.8977,20.364,0.1735,1.604,0.549,1.08636,115.2,375.3,121.8,357.8,108.4,393.0,904,0.561,10
1050,-78.722,45.344,63.01,-0.9836,0.1645,0.0744,-0.3066,-0.8431,0.4418,0.1381,0.4199,0.897,20.34,0.1958,1.59,0.501,1.02362,113.4,375.0,120.3,357.6,106.5,392.6,905,0.322,10
1051,-80.399,45.605,63.124,-0.988,0.1415,0.0612,-0.3138,-0.8397,0.4431,0.1169,0.429,0.8957,20.322,0.2183,1.324,0.462,0.90588,111.7,374.7,118.7,357.4,104.6,392.3,906,0.127,10
1052,-82.082,45.827,63.218,-0.9915,0.1207,0.0488,-0.3204,-0.8367,0.4441,0.0972,0.4373,0.894,20.308,0.2384,1.229,0.419,0.82436,109.9,374.5,117.1,357.2,102.7,392.0,907,0.024,10
1053,-83.77,46.017,63.289,-0.9941,0.1027,0.0342,-0.3264,-0.834,0.4449,0.0768,0.4458,0.8919,20.298,0.254,1.272,0.38,0.78587,108.2,374.3,115.5,357.1,100.8,391.7,908,0.118,10
1054,-85.463,46.178,63.333,-0.9961,0.0866,0.0173,-0.3319,-0.8315,0.4455,0.055,0.4544,0.8891,20.291,0.2663,1.352,0.348,0.78936,106.4,374.1,113.8,357.0,98.9,391.5,909,0.16,10
1055,-87.158,46.312,63.346,-0.9974,0.0717,-0.0025,-0.3368,-0.8293,0.4459,0.0311,0.4635,0.8856,20.288,0.2753,1.479,0.309,0.83607,104.7,374.0,112.2,356.9,97.1,391.3,910,0.144,10
1056,-88.854,46.422,63.325,-0.9981,0.0579,-0.0216,-0.3412,-0.8274,0.4461,0.0083,0.472,0.8816,20.286,0.283,1.413,0.275,0.79446,102.9,373.9,110.5,356.8,95.2,391.1,911,0.071,11
1057,-90.552,46.509,63.274,-0.9983,0.0439,-0.0377,-0.3452,-0.8256,0.4463,-0.012,0.4794,0.8775,20.287,0.2915,1.26,0.252,0.7189,101.1,373.8,108.9,356.8,93.4,391.0,912,0.058,11
1058,-92.25,46.571,63.196,-0.9981,0.0289,-0.0539,-0.3488,-0.8241,0.4463,-0.0331,0.4867,0.8729,20.289,0.3003,1.306,0.223,0.74394,99.4,373.7,107.2,356.7,91.5,390.9,913,0.236,11
1059,-93.946,46.606,63.09,-0.9974,0.0124,-0.0708,-0.3519,-0.8228,0.4462,-0.0554,0.4942,0.8676,20.292,0.3092,1.382,0.193,0.79616,97.6,373.7,105.5,356.7,89.7,390.8,914,0.463,11
1060,-95.642,46.612,62.955,-0.996,-0.0059,-0.0887,-0.3548,-0.8217,0.4461,-0.0797,0.502,0.8612,20.297,0.3187,1.508,0.178,0.86384,95.9,373.7,103.8,356.8,87.9,390.8,915,0.737,11
1061,-97.333,46.585,62.788,-0.9938,-0.0266,-0.1082,-0.3573,-0.8207,0.4459,-0.1066,0.5101,0.8535,20.302,0.3287,1.669,0.155,0.96122,94.1,373.7,102.1,356.8,86.1,390.8,915,0.963,11
1062,-99.021,46.524,62.589,-0.9911,-0.045,-0.1255,-0.3596,-0.8198,0.4456,-0.1306,0.5171,0.8459,20.308,0.3374,1.497,0.143,0.85579,92.4,373.8,100.5,356.9,84.3,390.9,916,0.645,11
1063,-100.704,46.432,62.36,-0.9876,-0.0635,-0.1436,-0.3616,-0.8191,0.4453,-0.1554,0.5239,0.8375,20.315,0.3452,1.55,0.123,0.88006,90.7,373.9,98.8,357.0,82.5,391.0,917,0.283,11
1064,-102.379,46.308,62.1,-0.9833,-0.0823,-0.1625,-0.3634,-0.8185,0.445,-0.1813,0.5306,0.828,20.322,0.3524,1.627,0.11,0.90982,89.0,374.0,97.1,357.1,80.7,391.1,918,0.121,11
1065,-104.047,46.152,61.807,-0.978,-0.1016,-0.1824,-0.3649,-0.818,0.4446,-0.2082,0.5372,0.8174,20.33,0.3589,1.699,0.093,0.95099,87.3,374.2,95.5,357.3,79.0,391.3,919,0.563,11
1066,-105.705,45.962,61.479,-0.9715,-0.1214,-0.2034,-0.3662,-0.8176,0.4443,-0.2365,0.5435,0.8054,20.337,0.3646,1.798,0.08,0.99686,85.6,374.4,93.8,357.5,77.2,391.5,920,1.041,11
1067,-107.351,45.738,61.116,-0.9643,-0.1422,-0.2234,-0.3672,-0.8174,0.4439,-0.2646,0.5494,0.7926,20.344,0.3712,1.801,0.063,1.00221,83.9,374.7,92.1,357.8,75.5,391.7,920,0.66,11
1068,-108.984,45.479,60.72,-0.9564,-0.1623,-0.243,-0.3681,-0.8172,0.4436,-0.2921,0.5545,0.7792,20.35,0.3769,1.777,0.056,0.98274,82.2,374.9,90.5,358.1,73.8,392.0,921,0.152,11
1069,-110.603,45.186,60.289,-0.9474,-0.1816,-0.2635,-0.3687,-0.8171,0.4432,-0.3199,0.5592,0.7648,20.356,0.3809,1.814,0.042,0.99595,80.6,375.2,88.9,358.4,72.2,392.3,922,0.383,11
1070,-112.206,44.862,59.823,-0.9373,-0.2004,-0.2852,-0.3692,-0.817,0.4429,-0.3484,0.5635,0.7491,20.362,0.3835,1.881,0.034,1.02555,78.9,375.6,87.3,358.7,70.5,392.7,923,0.939,11
1071,-113.79,44.505,59.318,-0.9256,-0.219,-0.3086,-0.3694,-0.8171,0.4426,-0.3781,0.5673,0.7316,20.367,0.3843,1.987,0.021,1.0817,77.3,376.0,85.7,359.1,68.9,393.0,923,0.761,11
1072,-115.353,44.116,58.773,-0.9127,-0.2385,-0.3318,-0.3695,-0.8172,0.4423,-0.4082,0.5704,0.7128,20.372,0.3854,2.041,0.019,1.10993,75.8,376.4,84.1,359.5,67.3,393.5,924,0.184,11
1073,-116.893,43.694,58.189,-0.8984,-0.2587,-0.3549,-0.3695,-0.8174,0.4421,-0.4385,0.5728,0.6926,20.375,0.3865,2.091,0.016,1.14078,74.2,376.8,82.6,360.0,65.8,393.9,925,0.412,11
1074,-118.407,43.237,57.566,-0.8826,-0.2785,-0.3787,-0.3692,-0.8176,0.4419,-0.4691,0.5744,0.6708,20.378,0.3862,2.155,0.024,1.17128,72.7,377.3,81.0,360.4,64.2,394.4,926,1.025,11
1075,-119.894,42.747,56.901,-0.8656,-0.2974,-0.4028,-0.3689,-0.8178,0.4417,-0.4992,0.5751,0.6481,20.38,0.3846,2.161,0.024,1.18044,71.2,377.9,79.6,361.0,62.7,394.9,926,0.676,11
1076,-121.351,42.226,56.196,-0.8477,-0.3151,-0.4267,-0.3683,-0.8181,0.4416,-0.5282,0.575,0.6248,20.381,0.3816,2.132,0.039,1.16975,69.7,378.4,78.1,361.5,61.3,395.5,927,0.048,11
1077,-122.776,41.674,55.45,-0.8282,-0.334,-0.4501,-0.3677,-0.8185,0.4415,-0.5575,0.574,0.5998,20.38,0.3792,2.208,0.042,1.20788,68.3,379.0,76.7,362.1,59.9,396.1,928,0.593,11
1078,-124.167,41.091,54.666,-0.8088,-0.3512,-0.4718,-0.3669,-0.8188,0.4415,-0.5842,0.5721,0.5756,20.379,0.376,2.068,0.049,1.13925,66.9,379.6,75.3,362.7,58.5,396.7,928,1.107,11
1079,-125.526,40.481,53.846,-0.7896,-0.3667,-0.492,-0.3661,-0.8192,0.4415,-0.6087,0.5696,0.5523,20.376,0.3723,1.943,0.051,1.0745,65.6,380.3,73.9,363.4,57.2,397.4,929,0.46,11
1080,-126.853,39.845,52.993,-0.7707,-0.3807,-0.5109,-0.3651,-0.8196,0.4416,-0.6311,0.5666,0.5298,20.372,0.3678,1.827,0.062,1.01677,64.3,380.9,72.6,364.0,55.9,398.0,930,0.19,11
1081,-128.148,39.187,52.109,-0.7519,-0.3936,-0.5289,-0.364,-0.82,0.4417,-0.652,0.563,0.5079,20.367,0.3628,1.747,0.067,0.97888,63.0,381.6,71.3,364.7,54.7,398.7,931,0.835,11
1082,-129.409,38.506,51.195,-0.7318,-0.407,-0.5466,-0.3629,-0.8204,0.4419,-0.6728,0.5588,0.4848,20.361,0.3579,1.797,0.068,1.00909,61.8,382.4,70.0,365.5,53.5,399.4,931,0.866,11
1083,-130.636,37.803,50.25,-0.7113,-0.4198,-0.5638,-0.3616,-0.8208,0.4422,-0.6928,0.554,0.4616,20.353,0.3525,1.777,0.08,0.99956,60.6,383.1,68.8,366.2,52.3,400.2,932,0.231,11
1084,-131.828,37.078,49.278,-0.6902,-0.4321,-0.5804,-0.3603,-0.8212,0.4426,-0.712,0.5486,0.4383,20.343,0.3466,1.757,0.081,0.99503,59.5,383.9,67.7,367.0,51.2,400.9,933,0.388,11
1085,-132.984,36.334,48.277,-0.6687,-0.4439,-0.5965,-0.3588,-0.8215,0.4432,-0.7303,0.5427,0.4149,20.329,0.3402,1.735,0.094,0.98863,58.3,384.7,66.5,367.8,50.1,401.7,934,0.983,11
1086,-134.102,35.569,47.249,-0.6464,-0.4549,-0.6126,-0.3571,-0.8218,0.444,-0.748,0.5363,0.391,20.312,0.3327,1.743,0.109,0.99807,57.3,385.5,65.4,368.6,49.1,402.5,934,0.718,11
1087,-135.18,34.787,46.192,-0.6217,-0.465,-0.6303,-0.3553,-0.822,0.445,-0.766,0.5289,0.3654,20.291,0.3226,1.843,0.119,1.07905,56.3,386.3,64.3,369.4,48.1,403.3,935,0.152,11
1088,-136.218,33.988,45.108,-0.5992,-0.475,-0.6444,-0.3533,-0.8222,0.4462,-0.7816,0.5216,0.3422,20.267,0.3147,1.656,0.134,0.95613,55.3,387.1,63.3,370.3,47.2,404.1,936,0.376,11
1089,-137.219,33.171,44.002,-0.5794,-0.4851,-0.655,-0.3513,-0.8224,0.4475,-0.7947,0.5146,0.3218,20.241,0.3094,1.446,0.137,0.82981,54.3,388.0,62.3,371.2,46.3,405.0,937,0.852,11
1090,-138.19,32.338,42.882,-0.5627,-0.4949,-0.6622,-0.3493,-0.8226,0.4487,-0.8055,0.5082,0.3046,20.216,0.3065,1.22,0.134,0.69603,53.4,388.9,61.4,372.1,45.4,405.8,937,0.849,11
1091,-139.135,31.488,41.752,-0.5492,-0.5045,-0.6663,-0.3474,-0.8228,0.4498,-0.8142,0.5026,0.2906,20.193,0.3062,0.997,0.126,0.57501,52.6,389.8,60.4,373.0,44.6,406.7,938,0.437,11
1092,-140.051,30.624,40.611,-0.5276,-0.5125,-0.6774,-0.3455,-0.8231,0.4507,-0.8264,0.4944,0.2695,20.172,0.2988,1.473,0.122,0.86159,51.7,390.7,59.5,373.9,43.8,407.6,939,0.102,11
1093,-140.933,29.746,39.451,-0.5101,-0.5195,-0.6855,-0.3435,-0.8233,0.4518,-0.8359,0.4873,0.2526,20.15,0.2932,1.183,0.131,0.69125,50.9,391.6,58.7,374.9,43.0,408.5,940,0.141,11
1094,-141.789,28.857,38.281,-0.4975,-0.5262,-0.6897,-0.3412,-0.8234,0.4534,-0.8428,0.4816,0.2404,20.118,0.2903,0.867,0.161,0.50116,50.1,392.5,57.9,375.8,42.3,409.4,941,0.277,11
1095,-142.627,27.956,37.107,-0.4888,-0.5333,-0.6905,-0.3384,-0.8231,0.456,-0.8478,0.477,0.2317,20.07,0.2895,0.632,0.22,0.37927,49.4,393.5,57.0,376.8,41.6,410.3,942,0.291,11
1096,-143.453,27.042,35.934,-0.4835,-0.5413,-0.688,-0.3349,-0.8223,0.46,-0.8515,0.4732,0.226,19.999,0.2906,0.446,0.308,0.33405,48.6,394.4,56.2,377.9,41.0,411.1,943,0.168,11
1097,-144.274,26.114,34.769,-0.4817,-0.5509,-0.6815,-0.3305,-0.8209,0.4657,-0.8538,0.4703,0.2232,19.898,0.2941,0.266,0.42,0.39519,47.9,395.4,55.3,378.9,40.4,412.0,944,0.097,11
1098,-145.092,25.166,33.619,-0.478,-0.5662,-0.6715,-0.3248,-0.8187,0.4736,-0.8576,0.4661,0.2175,19.76,0.3008,0.46,0.572,0.62857,47.1,396.4,54.4,380.1,39.8,412.8,945,0.489,11
1099,-145.895,24.188,32.484,-0.4668,-0.5838,-0.6643,-0.3179,-0.8154,0.4838,-0.8647,0.4586,0.2047,19.582,0.303,0.942,0.73,0.74363,46.4,397.4,53.5,381.3,39.2,413.6,947,0.083,11
1100,-146.682,23.185,31.358,-0.4597,-0.5941,-0.6601,-0.3097,-0.8109,0.4964,-0.8693,0.453,0.1976,19.367,0.2965,0.581,0.899,0.44467,45.7,398.4,52.6,382.6,38.8,414.3,949,0.256,11
1101,-147.461,22.172,30.237,-0.4579,-0.5956,-0.66,-0.3005,-0.8051,0.5113,-0.8707,0.4504,0.1976,19.117,0.2797,0.169,1.057,0.07902,45.0,399.4,51.7,384.0,38.3,415.1,951,0.121,11
1102,-148.243,21.165,29.111,-0.4622,-0.5872,-0.6645,-0.2901,-0.7978,0.5285,-0.8684,0.4515,0.205,18.835,0.2514,0.448,1.225,0.35226,44.3,400.5,50.7,385.4,37.9,415.7,953,0.226,11
1103,-149.037,20.178,27.977,-0.4732,-0.5744,-0.668,-0.2787,-0.7888,0.5478,-0.8625,0.4565,0.2185,18.524,0.219,0.891,1.384,0.58073,43.6,401.5,49.7,386.9,37.5,416.3,956,0.148,11
1104,-149.847,19.207,26.84,-0.4773,-0.5693,-0.6694,-0.2667,-0.7782,0.5685,-0.8602,0.4582,0.2237,18.195,0.1898,0.34,1.499,0.22547,42.9,402.5,48.7,388.3,37.0,416.8,958,0.149,11
1105,-150.654,18.237,25.7,-0.4702,-0.5729,-0.6713,-0.2546,-0.7665,0.5896,-0.8639,0.4542,0.2175,17.864,0.163,0.473,1.547,0.27575,42.2,403.5,47.7,389.8,36.6,417.4,959,0.533,11
1106,-151.44,17.254,24.557,-0.4513,-0.5853,-0.6737,-0.243,-0.7544,0.6098,-0.8737,0.4433,0.2002,17.548,0.1404,1.299,1.504,0.76597,41.5,404.5,46.7,391.3,36.2,417.9,961,0.24,11
1107,-152.184,16.244,23.409,-0.4276,-0.5995,-0.6766,-0.2325,-0.7424,0.6284,-0.8853,0.4291,0.1793,17.262,0.1193,1.593,1.404,0.93601,40.8,405.5,45.8,392.7,35.8,418.5,962,0.016,11
1108,-152.899,15.219,22.256,-0.4126,-0.6065,-0.6796,-0.2234,-0.7309,0.6449,-0.8921,0.4199,0.1669,17.015,0.0972,0.967,1.265,0.56683,40.2,406.6,45.0,394.2,35.4,419.2,963,0.127,11
1109,-153.585,14.178,21.099,-0.3934,-0.6188,-0.6799,-0.2155,-0.7199,0.6598,-0.9008,0.4075,0.1504,16.796,0.0817,1.283,1.154,0.7684,39.6,407.7,44.2,395.6,34.9,419.9,964,0.105,11
1110,-154.235,13.112,19.945,-0.3704,-0.6358,-0.6772,-0.2084,-0.7089,0.6738,-0.9108,0.3917,0.1304,16.597,0.0716,1.569,1.098,0.96804,39.0,408.7,43.5,397.0,34.5,420.6,965,0.052,11
1111,-154.843,12.014,18.798,-0.3446,-0.6549,-0.6726,-0.2018,-0.6976,0.6874,-0.9213,0.3734,0.1085,16.407,0.0641,1.742,1.081,1.09278,38.5,409.9,42.8,398.4,34.2,421.4,966,0.34,11
1112,-155.409,10.889,17.656,-0.3215,-0.6686,-0.6705,-0.1955,-0.6858,0.701,-0.9298,0.3569,0.0899,16.22,0.0514,1.506,1.093,0.90773,38.1,411.0,42.2,399.9,33.8,422.2,967,0.761,11
1113,-155.937,9.739,16.519,-0.2995,-0.6832,-0.666,-0.1894,-0.6735,0.7145,-0.9375,0.3404,0.0724,16.036,0.041,1.447,1.103,0.90252,37.6,412.2,41.7,401.4,33.5,423.1,967,0.94,11
1114,-156.428,8.565,15.392,-0.2787,-0.6984,-0.6592,-0.1836,-0.6608,0.7278,-0.9444,0.324,0.0559,15.856,0.0329,1.39,1.105,0.89775,37.2,413.4,41.2,402.9,33.2,423.9,968,0.386,11
1115,-156.885,7.364,14.278,-0.2588,-0.7145,-0.6501,-0.1781,-0.6476,0.7409,-0.9506,0.3076,0.0403,15.681,0.0271,1.345,1.111,0.91539,36.9,414.6,40.7,404.5,33.0,424.8,969,0.286,11
1116,-157.307,6.138,13.178,-0.2377,-0.7268,-0.6444,-0.173,-0.634,0.7538,-0.9565,0.2907,0.0249,15.513,0.0162,1.353,1.113,0.84506,36.5,415.8,40.2,406.0,32.8,425.7,970,1.057,11
1117,-157.694,4.891,12.088,-0.2178,-0.7397,-0.6367,-0.1683,-0.62,0.7664,-0.9617,0.2741,0.0106,15.351,0.0073,1.29,1.112,0.8402,36.2,417.1,39.9,407.6,32.6,426.7,970,0.644,11
1118,-158.048,3.621,11.014,-0.1986,-0.7539,-0.6263,-0.1638,-0.6055,0.7788,-0.9663,0.2573,-0.0033,15.194,0.0013,1.277,1.123,0.87757,36.0,418.4,39.5,409.2,32.4,427.7,971,0.206,11
1119,-158.37,2.326,9.96,-0.1795,-0.7699,-0.6124,-0.1598,-0.5905,0.7911,-0.9707,0.2399,-0.017,15.043,0.0012,1.294,1.135,0.96136,35.7,419.7,39.2,410.8,32.2,428.6,972,1.115,11
1120,-158.658,1.002,8.933,-0.1595,-0.7861,-0.5971,-0.156,-0.5748,0.8033,-0.9747,0.2213,-0.0309,14.895,0.0029,1.35,1.16,1.009,35.5,421.0,38.9,412.5,32.1,429.6,972,0.585,11
1121,-158.912,-0.346,7.928,-0.139,-0.7999,-0.5838,-0.1526,-0.5586,0.8153,-0.9783,0.2024,-0.0444,14.75,0.0079,1.347,1.171,0.94564,35.4,422.3,38.7,414.1,32.0,430.7,973,0.367,11
1122,-159.131,-1.719,6.948,-0.1182,-0.8146,-0.5679,-0.1495,-0.5416,0.8272,-0.9815,0.1826,-0.0577,14.61,0.0109,1.379,1.202,1.01178,35.3,423.7,38.5,415.8,32.0,431.7,973,1.334,11
1123,-159.314,-3.117,5.998,-0.0967,-0.8303,-0.5488,-0.1467,-0.524,0.839,-0.9843,0.1617,-0.0711,14.473,0.0112,1.432,1.225,1.10401,35.2,425.1,38.3,417.5,31.9,432.8,974,0.356,11
1124,-159.459,-4.543,5.084,-0.0742,-0.8472,-0.5261,-0.1444,-0.5055,0.8507,-0.9866,0.1391,-0.0848,14.34,0.0086,1.52,1.261,1.21834,35.1,426.6,38.2,419.3,31.9,433.9,975,0.634,11
1125,-159.566,-5.997,4.208,-0.0511,-0.8622,-0.5039,-0.1424,-0.4863,0.8621,-0.9884,0.1159,-0.0979,14.21,0.0078,1.53,1.285,1.19206,35.1,428.0,38.2,421.1,31.9,435.0,975,1.067,11
1126,-159.632,-7.475,3.371,-0.0269,-0.8766,-0.4805,-0.1409,-0.4662,0.8734,-0.9896,0.0912,-0.111,14.085,0.0072,1.603,1.324,1.23385,35.1,429.5,38.1,422.9,32.0,436.2,976,0.078,11
1127,-159.657,-8.977,2.574,-0.0021,-0.8897,-0.4566,-0.1398,-0.4454,0.8844,-0.9902,0.0657,-0.1234,13.964,0.0073,1.625,1.35,1.24173,35.1,431.0,38.1,424.7,32.0,437.3,977,0.913,11
1128,-159.64,-10.5,1.818,0.0224,-0.9013,-0.4327,-0.1392,-0.4237,0.895,-0.99,0.0401,-0.1349,13.849,0.0085,1.608,1.384,1.21774,35.2,432.5,38.2,426.6,32.1,438.5,977,0.788,11
1129,-159.582,-12.042,1.104,0.046,-0.9123,-0.4068,-0.139,-0.4013,0.9053,-0.9893,0.0149,-0.1453,13.739,0.0086,1.563,1.413,1.23751,35.3,434.0,38.3,428.5,32.3,439.7,978,0.201,11
1130,-159.483,-13.602,0.433,0.0699,-0.9213,-0.3826,-0.1393,-0.3781,0.9152,-0.9879,-0.0107,-0.1548,13.635,0.0115,1.567,1.445,1.18561,35.5,435.6,38.5,430.4,32.5,440.9,979,1.191,11
1131,-159.344,-15.174,-0.198,0.0941,-0.9282,-0.3599,-0.1401,-0.3542,0.9246,-0.9859,-0.0366,-0.1634,13.537,0.0172,1.568,1.472,1.14198,35.7,437.2,38.7,432.3,32.6,442.1,979,0.51,11
1132,-159.163,-16.758,-0.792,0.1186,-0.9333,-0.3388,-0.1415,-0.3296,0.9335,-0.9832,-0.0628,-0.1712,13.446,0.0254,1.574,1.501,1.10309,35.9,438.8,38.9,434.2,32.9,443.3,980,0.482,11
1133,-158.942,-18.349,-1.347,0.1415,-0.9387,-0.3145,-0.1433,-0.3044,0.9417,-0.9801,-0.0882,-0.1777,13.362,0.0307,1.513,1.522,1.13977,36.2,440.3,39.2,436.2,33.1,444.6,980,1.219,11
1134,-158.682,-19.949,-1.862,0.1641,-0.9421,-0.2925,-0.1457,-0.2787,0.9493,-0.9765,-0.1132,-0.1832,13.286,0.039,1.481,1.542,1.06887,36.5,441.9,39.5,438.1,33.4,445.8,981,0.225,11
1135,-158.384,-21.553,-2.343,0.1867,-0.9439,-0.2725,-0.1487,-0.2524,0.9561,-0.9725,-0.1381,-0.1877,13.218,0.0501,1.468,1.566,1.01867,36.8,443.5,39.9,440.1,33.7,447.0,982,0.769,11
1136,-158.047,-23.158,-2.79,0.2096,-0.9441,-0.2543,-0.1522,-0.2257,0.9622,-0.9678,-0.1633,-0.1914,13.158,0.0635,1.484,1.582,0.98568,37.2,445.1,40.3,442.0,34.1,448.3,982,0.932,11
1137,-157.671,-24.763,-3.206,0.2315,-0.9441,-0.2346,-0.1563,-0.1986,0.9675,-0.9628,-0.1878,-0.1941,13.107,0.0757,1.441,1.6,0.99266,37.6,446.7,40.7,444.0,34.4,449.5,983,0.063,11
1138,-157.26,-26.368,-3.588,0.2528,-0.9433,-0.2151,-0.161,-0.1712,0.972,-0.9574,-0.2119,-0.1959,13.063,0.0883,1.419,1.614,0.97344,38.1,448.3,41.2,445.9,34.8,450.8,984,1.05,11
1139,-156.811,-27.971,-3.938,0.2744,-0.9413,-0.1966,-0.1662,-0.1436,0.9756,-0.9515,-0.2362,-0.1969,13.029,0.1022,1.434,1.622,0.96066,38.5,449.9,41.8,447.9,35.2,452.0,984,0.651,11
1140,-156.326,-29.569,-4.258,0.2965,-0.9381,-0.1791,-0.172,-0.1157,0.9783,-0.945,-0.2611,-0.1971,13.003,0.1177,1.475,1.64,0.95596,39.0,451.5,42.4,449.8,35.7,453.2,985,0.334,11
1141,-155.803,-31.161,-4.548,0.3189,-0.9339,-0.1616,-0.1784,-0.0878,0.98,-0.9378,-0.2863,-0.1963,12.986,0.1333,1.502,1.643,0.96825,39.6,453.1,43.0,451.7,36.2,454.4,986,1.312,11
1142,-155.242,-32.745,-4.807,0.34,-0.9295,-0.1431,-0.1852,-0.0599,0.9809,-0.9305,-0.3104,-0.1947,12.978,0.1477,1.446,1.646,0.95709,40.2,454.7,43.6,453.7,36.7,455.7,986,0.389,11
1143,-154.646,-34.321,-5.035,0.3608,-0.9242,-0.1256,-0.1926,-0.0321,0.9808,-0.9227,-0.3341,-0.1921,12.979,0.163,1.437,1.648,0.93314,40.8,456.2,44.3,455.6,37.2,456.9,987,0.584,11
1144,-154.015,-35.888,-5.234,0.3816,-0.9179,-0.1087,-0.2004,-0.0045,0.9797,-0.9145,-0.3578,-0.1887,12.99,0.1788,1.45,1.645,0.92762,41.4,457.8,45.1,457.5,37.7,458.1,987,1.117,11
1145,-153.349,-37.443,-5.405,0.4027,-0.9107,-0.0924,-0.2086,0.0229,0.9777,-0.9057,-0.3818,-0.1843,13.009,0.1952,1.486,1.643,0.9306,42.1,459.3,45.9,459.4,38.3,459.3,988,0.148,11
1146,-152.646,-38.985,-5.548,0.4231,-0.903,-0.0749,-0.2172,0.0498,0.9749,-0.8965,-0.4053,-0.179,13.037,0.2099,1.478,1.626,0.94208,42.8,460.9,46.7,461.2,38.9,460.5,989,0.815,11
1147,-151.91,-40.513,-5.66,0.4432,-0.8946,-0.0577,-0.2261,0.0763,0.9711,-0.887,-0.4283,-0.1729,13.074,0.2245,1.468,1.616,0.93523,43.6,462.4,47.6,463.1,39.5,461.7,989,0.885,11
1148,-151.139,-42.027,-5.744,0.4632,-0.8853,-0.0412,-0.2354,0.1023,0.9665,-0.8769,-0.4511,-0.1658,13.119,0.2394,1.486,1.604,0.92818,44.3,463.9,48.4,464.9,40.2,462.8,990,0.073,11
1149,-150.334,-43.523,-5.801,0.4835,-0.875,-0.0255,-0.2449,0.1276,0.9611,-0.8663,-0.474,-0.1578,13.172,0.2546,1.517,1.579,0.93177,45.1,465.4,49.4,466.7,40.9,464.0,991,1.026,11
1150,-149.495,-45.002,-5.831,0.5035,-0.8639,-0.0098,-0.2547,0.1523,0.955,-0.8551,-0.4967,-0.1489,13.233,0.2692,1.537,1.562,0.93484,46.0,466.9,50.4,468.5,41.6,465.1,991,0.675,11
1151,-148.622,-46.462,-5.834,0.5223,-0.8527,0.0067,-0.2647,0.1761,0.9481,-0.8439,-0.518,-0.1394,13.302,0.2821,1.482,1.531,0.92353,46.9,468.3,51.4,470.3,42.3,466.3,992,0.272,11
1152,-147.718,-47.901,-5.808,0.5416,-0.8403,0.0226,-0.275,0.1991,0.9406,-0.832,-0.5396,-0.129,13.377,0.295,1.534,1.507,0.94053,47.8,469.7,52.4,472.1,43.0,467.4,993,1.212,11
1153,-146.78,-49.319,-5.757,0.5615,-0.8266,0.038,-0.2854,0.2213,0.9325,-0.819,-0.5617,-0.1174,13.46,0.3077,1.612,1.479,0.96538,48.7,471.2,53.5,473.8,43.8,468.5,993,0.489,11
1154,-145.808,-50.712,-5.679,0.5822,-0.8113,0.0531,-0.296,0.2426,0.9239,-0.8048,-0.5843,-0.1044,13.548,0.3201,1.701,1.45,1.00561,49.7,472.6,54.6,475.5,44.6,469.6,994,0.443,11
1155,-144.801,-52.078,-5.576,0.6015,-0.7958,0.0692,-0.3067,0.2629,0.9148,-0.7906,-0.6055,-0.091,13.643,0.3304,1.651,1.414,0.99503,50.6,473.9,55.8,477.1,45.4,470.7,994,1.258,11
1156,-143.762,-53.418,-5.444,0.6205,-0.7796,0.0849,-0.3174,0.2824,0.9053,-0.776,-0.626,-0.0768,13.744,0.3402,1.656,1.386,0.99387,51.7,475.3,57.0,478.7,46.3,471.7,995,0.337,11
1157,-142.69,-54.729,-5.287,0.64,-0.7619,0.0999,-0.3283,0.3009,0.8954,-0.7603,-0.6467,-0.0614,13.85,0.3499,1.73,1.355,1.02122,52.7,476.6,58.2,480.3,47.2,472.8,996,0.57,11
1158,-141.585,-56.008,-5.105,0.6602,-0.7423,0.1145,-0.3391,0.3185,0.8852,-0.7431,-0.6677,-0.0445,13.96,0.3589,1.832,1.32,1.06839,53.8,477.8,59.5,481.9,48.1,473.8,996,1.13,11
1159,-140.445,-57.252,-4.898,0.68,-0.7217,0.1295,-0.35,0.3352,0.8747,-0.7252,-0.6881,-0.0265,14.074,0.3666,1.866,1.291,1.08744,54.9,479.1,60.8,483.4,49.0,474.8,997,0.238,11
1160,-139.273,-58.462,-4.664,0.6986,-0.7007,0.145,-0.3609,0.3509,0.8641,-0.7073,-0.7069,-0.0083,14.192,0.3727,1.816,1.252,1.07999,56.1,480.3,62.1,484.9,50.0,475.7,998,0.639,11
1161,-138.069,-59.634,-4.405,0.7177,-0.6778,0.1596,-0.3717,0.3658,0.8533,-0.6879,-0.7257,0.0115,14.314,0.3785,1.919,1.223,1.11877,57.3,481.5,63.5,486.3,51.0,476.6,998,1.062,11
1162,-136.832,-60.766,-4.122,0.7375,-0.6527,0.1736,-0.3824,0.3798,0.8423,-0.6667,-0.7446,0.033,14.438,0.3837,2.041,1.19,1.17602,58.5,482.6,64.9,487.7,52.0,477.5,999,0.202,11
1163,-135.56,-61.853,-3.815,0.7572,-0.6256,0.188,-0.3931,0.3928,0.8314,-0.6442,-0.7628,0.0558,14.564,0.3871,2.111,1.149,1.22878,59.7,483.7,66.3,489.0,53.1,478.4,1000,0.642,11
1164,-134.258,-62.894,-3.481,0.7748,-0.5984,0.204,-0.4037,0.4049,0.8204,-0.6222,-0.7789,0.0783,14.691,0.3877,2.025,1.117,1.21758,61.0,484.8,67.8,490.3,54.1,479.2,1000,1.059,11
1165,-132.925,-63.887,-3.123,0.7928,-0.5696,0.2168,-0.4142,0.4161,0.8095,-0.5987,-0.7945,0.1021,14.82,0.3899,2.115,1.079,1.22308,62.3,485.8,69.3,491.5,55.2,480.0,1001,0.231,11
1166,-131.562,-64.83,-2.746,0.8111,-0.5393,0.2263,-0.4245,0.4265,0.7987,-0.5735,-0.8092,0.1272,14.95,0.3936,2.205,1.042,1.23503,63.6,486.7,70.8,492.6,56.4,480.8,1002,0.582,11
1167,-130.167,-65.72,-2.355,0.8288,-0.508,0.2345,-0.4347,0.436,0.788,-0.5476,-0.8226,0.1531,15.08,0.397,2.235,1.007,1.24285,65.0,487.6,72.4,493.7,57.6,481.5,1002,1.119,11
1168,-128.745,-66.558,-1.945,0.8436,-0.477,0.2465,-0.4448,0.4447,0.7774,-0.5232,-0.8335,0.1775,15.209,0.3957,2.074,0.976,1.22616,66.4,488.5,73.9,494.8,58.7,482.1,1003,0.324,11
1169,-127.297,-67.342,-1.52,0.8589,-0.4452,0.2534,-0.4548,0.4527,0.767,-0.4972,-0.8435,0.2031,15.339,0.3978,2.168,0.945,1.21159,67.8,489.3,75.6,495.7,60.0,482.7,1004,0.456,11
1170,-125.823,-68.071,-1.086,0.8748,-0.4118,0.2553,-0.4645,0.46,0.7567,-0.4687,-0.8527,0.2306,15.468,0.4026,2.33,0.912,1.24817,69.3,490.0,77.2,496.7,61.2,483.3,1005,1.216,11
1171,-124.322,-68.742,-0.654,0.891,-0.3763,0.254,-0.4741,0.4665,0.7467,-0.4376,-0.8608,0.2599,15.596,0.4083,2.492,0.877,1.31565,70.7,490.7,78.9,497.5,62.5,483.8,1005,0.485,11
1172,-122.796,-69.352,-0.217,0.9037,-0.3411,0.2587,-0.4836,0.4724,0.7369,-0.4091,-0.8662,0.2869,15.722,0.4075,2.271,0.852,1.27096,72.2,491.3,80.6,498.3,63.8,484.3,1006,0.255,11
1173,-121.248,-69.902,0.223,0.9166,-0.3054,0.2579,-0.4928,0.4777,0.7273,-0.3786,-0.8703,0.3151,15.848,0.41,2.392,0.82,1.27945,73.7,491.9,82.3,499.0,65.1,484.7,1007,0.973,11
1174,-119.678,-70.39,0.657,0.9299,-0.2685,0.2515,-0.5019,0.4824,0.7179,-0.3453,-0.8727,0.3451,15.971,0.4157,2.572,0.797,1.33917,75.3,492.4,84.0,499.6,66.4,485.1,1007,0.728,11
1175,-118.086,-70.814,1.075,0.943,-0.2295,0.241,-0.5107,0.4866,0.7088,-0.3089,-0.8732,0.3769,16.092,0.4224,2.77,0.764,1.43088,76.8,492.9,85.8,500.2,67.8,485.4,1008,0.035,11
1176,-116.473,-71.169,1.481,0.9534,-0.1888,0.2354,-0.5193,0.4902,0.7001,-0.2732,-0.8714,0.4075,16.21,0.4228,2.696,0.731,1.42815,78.4,493.2,87.5,500.7,69.2,485.7,1009,0.635,11
1177,-114.844,-71.457,1.874,0.9625,-0.1498,0.2262,-0.5277,0.4933,0.6916,-0.2377,-0.8673,0.4373,16.325,0.4254,2.666,0.707,1.38465,80.0,493.5,89.3,501.1,70.6,485.9,1009,1.066,11
1178,-113.2,-71.68,2.248,0.9702,-0.1138,0.214,-0.5358,0.4959,0.6834,-0.2037,-0.8613,0.4654,16.438,0.43,2.551,0.677,1.30693,81.7,493.8,91.1,501.4,72.1,486.0,1010,0.422,11
1179,-111.545,-71.846,2.601,0.9762,-0.08,0.2015,-0.5437,0.4981,0.6754,-0.1715,-0.8538,0.4916,16.548,0.4345,2.417,0.656,1.23113,83.3,493.9,92.9,501.7,73.5,486.1,1011,0.2,11
1180,-109.882,-71.952,2.936,0.9804,-0.0451,0.1919,-0.5514,0.5,0.6678,-0.14,-0.8446,0.5167,16.654,0.435,2.367,0.629,1.22792,84.9,494.1,94.8,501.9,75.0,486.1,1012,0.796,11
1181,-108.211,-72.001,3.252,0.9837,-0.0136,0.1794,-0.5589,0.5015,0.6604,-0.1101,-0.8343,0.5403,16.758,0.4381,2.261,0.61,1.14731,86.6,494.1,96.6,502.1,76.5,486.1,1012,0.905,11
1182,-106.536,-72.0,3.544,0.9863,0.0147,0.1644,-0.5662,0.5026,0.6533,-0.0815,-0.8228,0.5624,16.858,0.4437,2.173,0.587,1.08284,88.3,494.1,98.4,502.1,78.0,486.0,1013,0.335,11
1183,-104.857,-71.953,3.81,0.9883,0.0401,0.1472,-0.5733,0.5035,0.6464,-0.054,-0.8104,0.5834,16.956,0.4513,2.106,0.57,1.03582,89.9,494.1,100.2,502.2,79.5,485.9,1014,0.203,11
1184,-103.177,-71.86,4.05,0.9884,0.0685,0.1354,-0.5802,0.5041,0.6398,-0.0274,-0.7971,0.6032,17.051,0.4523,2.047,0.548,1.03628,91.6,494.0,102.1,502.1,81.0,485.8,1015,0.706,11
1185,-101.496,-71.722,4.269,0.9881,0.093,0.1221,-0.5868,0.5045,0.6333,-0.003,-0.7836,0.6213,17.144,0.4556,1.905,0.531,0.93945,93.3,493.9,103.9,502.1,82.5,485.6,1015,0.994,11
1186,-99.816,-71.545,4.464,0.9876,0.1146,0.1072,-0.5933,0.5047,0.6271,0.02,-0.7696,0.6382,17.234,0.4609,1.821,0.515,0.88438,94.9,493.7,105.7,502.0,84.0,485.4,1016,0.533,11
1187,-98.137,-71.333,4.633,0.9869,0.1338,0.0905,-0.5996,0.5047,0.6211,0.0424,-0.755,0.6544,17.322,0.468,1.791,0.498,0.85776,96.6,493.5,107.5,501.8,85.5,485.1,1017,0.12,11
1188,-96.46,-71.091,4.771,0.9859,0.1514,0.0716,-0.6057,0.5046,0.6153,0.0648,-0.7393,0.6702,17.407,0.4767,1.81,0.482,0.87088,98.3,493.3,109.4,501.6,87.1,484.8,1018,0.238,11
1189,-94.785,-70.818,4.877,0.984,0.1696,0.054,-0.6115,0.5044,0.6096,0.087,-0.7229,0.6854,17.49,0.4833,1.805,0.466,0.85545,100.0,493.0,111.2,501.4,88.6,484.5,1019,0.538,11
1190,-93.114,-70.514,4.956,0.9815,0.1877,0.0385,-0.6172,0.5041,0.604,0.1077,-0.7064,0.6996,17.572,0.4879,1.721,0.458,0.80734,101.6,492.7,113.0,501.1,90.1,484.2,1020,0.78,11
1191,-91.447,-70.179,5.009,0.9782,0.2063,0.0246,-0.6228,0.5038,0.5986,0.1275,-0.6895,0.7129,17.652,0.4906,1.675,0.446,0.79024,103.3,492.4,114.8,500.8,91.7,483.8,1020,0.921,11
1192,-89.787,-69.812,5.04,0.9741,0.2256,0.012,-0.6282,0.5033,0.5933,0.1467,-0.6722,0.7257,17.731,0.4913,1.653,0.434,0.78882,105.0,492.0,116.6,500.5,93.2,483.4,1021,0.74,11
1193,-88.135,-69.411,5.051,0.9692,0.2461,0.0005,-0.6336,0.5027,0.588,0.1657,-0.6542,0.7379,17.81,0.4901,1.655,0.435,0.80903,106.6,491.6,118.4,500.1,94.7,483.0,1022,0.622,11
1194,-86.49,-68.978,5.035,0.9647,0.2626,-0.0194,-0.639,0.5021,0.5828,0.1874,-0.6331,0.751,17.888,0.4959,1.89,0.431,0.88426,108.3,491.2,120.2,499.7,96.2,482.5,1023,0.569,11
1195,-84.854,-68.517,4.988,0.9591,0.2809,-0.0346,-0.6443,0.5013,0.5776,0.207,-0.6127,0.7627,17.966,0.4971,1.754,0.428,0.82351,109.9,490.7,121.9,499.3,97.7,482.0,1024,0.586,11
1196,-83.229,-68.021,4.921,0.9523,0.302,-0.0436,-0.6495,0.5005,0.5724,0.2237,-0.5938,0.7729,18.043,0.4923,1.559,0.424,0.80618,111.5,490.2,123.7,498.8,99.2,481.5,1025,0.674,11
1197,-81.616,-67.488,4.843,0.9443,0.3258,-0.0463,-0.6547,0.4995,0.5673,0.2373,-0.5768,0.7817,18.12,0.4818,1.345,0.421,0.85096,113.2,489.7,125.5,498.3,100.7,480.9,1027,0.643,11
1198,-80.018,-66.912,4.767,0.9349,0.3523,-0.0427,-0.6598,0.4985,0.5623,0.2479,-0.562,0.7891,18.196,0.4652,1.126,0.413,0.9552,114.8,489.1,127.2,497.8,102.2,480.3,1028,0.377,11
1199,-78.438,-66.288,4.69,0.9228,0.3816,-0.052,-0.6648,0.4974,0.5574,0.2675,-0.5381,0.7993,18.27,0.4527,1.865,0.406,1.11319,116.4,488.5,128.9,497.1,103.7,479.7,1029,0.087,11
1200,-76.879,-65.616,4.594,0.9112,0.4077,-0.0592,-0.6696,0.4963,0.5525,0.2837,-0.5167,0.8078,18.344,0.4405,1.613,0.398,0.99257,117.9,487.8,130.6,496.5,105.1,479.0,1030,0.214,11
1201,-75.338,-64.904,4.494,0.9017,0.4286,-0.0561,-0.6744,0.4951,0.5478,0.2903,-0.5044,0.8132,18.416,0.4266,0.858,0.391,0.78064,119.5,487.1,132.3,495.8,106.5,478.2,1031,0.503,11
1202,-73.811,-64.162,4.409,0.8951,0.4438,-0.0432,-0.6789,0.4939,0.5432,0.288,-0.5014,0.8159,18.486,0.412,0.266,0.375,0.70768,121.0,486.3,133.9,495.1,107.9,477.5,1033,0.719,11
1203,-72.293,-63.398,4.352,0.8911,0.4533,-0.0221,-0.6833,0.4927,0.5388,0.278,-0.5068,0.816,18.554,0.3975,0.651,0.363,0.79116,122.5,485.6,135.6,494.3,109.3,476.7,1034,0.562,11
1204,-70.781,-62.619,4.332,0.8847,0.4662,-0.0063,-0.6875,0.4915,0.5345,0.273,-0.5071,0.8175,18.62,0.3825,0.3,0.351,0.72038,124.0,484.8,137.2,493.5,110.7,475.9,1035,0.477,11
1205,-69.284,-61.813,4.328,0.8767,0.4811,0.0027,-0.6916,0.4903,0.5304,0.2731,-0.5023,0.8204,18.684,0.369,0.321,0.339,0.64543,125.5,484.0,138.8,492.8,112.1,475.1,1036,0.465,11
1206,-67.799,-60.986,4.342,0.8708,0.4914,0.0136,-0.6954,0.4891,0.5265,0.27,-0.5011,0.8222,18.745,0.3581,0.217,0.319,0.54304,127.0,483.1,140.4,491.9,113.5,474.2,1037,0.528,11
1207,-66.321,-60.144,4.376,0.8669,0.4978,0.0265,-0.6991,0.488,0.5226,0.2639,-0.5032,0.8229,18.805,0.3493,0.372,0.314,0.50267,128.5,482.3,142.0,491.1,114.9,473.4,1038,0.668,11
1208,-64.849,-59.294,4.433,0.8645,0.5009,0.0416,-0.7026,0.4869,0.5189,0.255,-0.5085,0.8224,18.863,0.3419,0.594,0.299,0.52562,130.0,481.4,143.6,490.3,116.3,472.5,1039,0.888,11
1209,-63.38,-58.442,4.518,0.8637,0.5006,0.0591,-0.7061,0.4858,0.5152,0.2434,-0.5168,0.8208,18.92,0.3362,0.822,0.299,0.59033,131.5,480.6,145.1,489.4,117.6,471.6,1039,0.812,11
1210,-61.911,-57.594,4.636,0.8638,0.4976,0.0789,-0.7094,0.4847,0.5117,0.2293,-0.5278,0.8179,18.976,0.3312,1.038,0.283,0.67484,132.9,479.7,146.7,488.6,119.0,470.8,1040,0.509,11
1211,-60.444,-56.747,4.783,0.8619,0.4982,0.0947,-0.7126,0.4837,0.5081,0.2193,-0.5345,0.8162,19.032,0.3251,0.696,0.282,0.53654,134.4,478.9,148.2,487.8,120.4,469.9,1041,0.12,11
1212,-58.98,-55.899,4.957,0.8593,0.4995,0.1099,-0.7158,0.4827,0.5047,0.21,-0.5405,0.8147,19.087,0.3185,0.64,0.274,0.52146,135.9,478.1,149.8,486.9,121.8,469.1,1042,0.358,11
1213,-57.522,-55.048,5.157,0.8562,0.5015,0.1246,-0.7188,0.4817,0.5013,0.2014,-0.5458,0.8133,19.141,0.3114,0.584,0.266,0.51062,137.3,477.2,151.3,486.1,123.1,468.2,1043,0.926,11
1214,-56.069,-54.193,5.381,0.8524,0.5041,0.1388,-0.7218,0.4807,0.4979,0.1934,-0.5506,0.812,19.194,0.3038,0.54,0.266,0.50298,138.8,476.4,152.9,485.3,124.5,467.3,1043,0.775,11
1215,-54.623,-53.333,5.628,0.8481,0.5073,0.1526,-0.7247,0.4798,0.4946,0.186,-0.5549,0.8109,19.247,0.2957,0.494,0.257,0.49882,140.2,475.5,154.4,484.4,125.8,466.5,1044,0.114,11
1216,-53.185,-52.467,5.9,0.8432,0.5112,0.1661,-0.7274,0.479,0.4914,0.1791,-0.5587,0.8098,19.299,0.2869,0.456,0.244,0.50145,141.6,474.6,155.9,483.6,127.2,465.6,1045,0.644,11
1217,-51.755,-51.594,6.194,0.8384,0.5144,0.1801,-0.7301,0.4782,0.4882,0.1718,-0.563,0.8084,19.35,0.2782,0.492,0.244,0.51021,143.1,473.8,157.4,482.7,128.5,464.7,1045,1.057,11
1218,-50.333,-50.719,6.513,0.8345,0.5151,0.1955,-0.7326,0.4775,0.4851,0.1626,-0.5693,0.8059,19.4,0.2706,0.655,0.232,0.53581,144.5,472.9,158.9,481.9,129.9,463.8,1046,0.202,11
1219,-48.918,-49.842,6.858,0.8299,0.517,0.2097,-0.7351,0.4768,0.482,0.1546,-0.5743,0.8039,19.45,0.2625,0.553,0.232,0.50702,145.9,472.0,160.4,481.0,131.2,462.9,1047,0.753,11
1220,-47.511,-48.96,7.225,0.8245,0.5202,0.2226,-0.7374,0.4762,0.479,0.148,-0.578,0.8025,19.498,0.2536,0.441,0.219,0.48338,147.3,471.2,161.9,480.2,132.5,462.0,1047,0.948,11
1221,-46.114,-48.072,7.614,0.8187,0.5245,0.2339,-0.7397,0.4756,0.4761,0.1428,-0.5804,0.8017,19.546,0.2448,0.331,0.215,0.45187,148.7,470.3,163.4,479.3,133.9,461.1,1048,0.112,11
1222,-44.727,-47.176,8.02,0.8124,0.5298,0.2435,-0.7418,0.4752,0.4732,0.1389,-0.5815,0.8016,19.592,0.2357,0.232,0.206,0.42608,150.1,469.4,164.8,478.4,135.2,460.2,1049,1.275,11
1223,-43.351,-46.27,8.441,0.8059,0.536,0.2515,-0.7438,0.4747,0.4704,0.1363,-0.5813,0.8022,19.638,0.2267,0.153,0.199,0.40533,151.4,468.5,166.3,477.6,136.5,459.3,1049,0.426,11
1224,-41.986,-45.353,8.874,0.7991,0.5423,0.2596,-0.7458,0.4744,0.4677,0.1337,-0.5812,0.8027,19.683,0.2173,0.152,0.193,0.41487,152.8,467.6,167.7,476.7,137.8,458.4,1050,0.85,11
1225,-40.634,-44.428,9.331,0.7911,0.5457,0.2763,-0.7476,0.4741,0.4651,0.1254,-0.5869,0.7999,19.727,0.2042,0.599,0.182,0.63426,154.2,466.7,169.1,475.8,139.0,457.4,1050,0.851,11
1226,-39.294,-43.497,9.811,0.7845,0.5491,0.2883,-0.7494,0.4739,0.4625,0.1196,-0.5901,0.7984,19.77,0.1943,0.389,0.182,0.47535,155.5,465.7,170.5,474.9,140.3,456.5,1051,0.535,11
1227,-37.966,-42.56,10.309,0.7789,0.5527,0.2964,-0.751,0.4737,0.46,0.1158,-0.5913,0.7981,19.812,0.1868,0.229,0.17,0.35332,156.8,464.8,171.9,474.0,141.6,455.5,1051,1.165,11
1228,-36.645,-41.617,10.817,0.7745,0.5565,0.3008,-0.7526,0.4737,0.4575,0.114,-0.5905,0.7989,19.854,0.1817,0.122,0.17,0.24566,158.1,463.9,173.3,473.1,142.8,454.6,1052,0.322,11
1229,-35.331,-40.667,11.33,0.7709,0.5607,0.302,-0.754,0.4737,0.4551,0.1139,-0.588,0.8008,19.894,0.1782,0.18,0.159,0.19069,159.4,462.9,174.6,472.2,144.1,453.6,1052,1.38,11
1230,-34.022,-39.71,11.843,0.7683,0.5653,0.3001,-0.7554,0.4737,0.4527,0.1156,-0.5837,0.8037,19.933,0.1767,0.313,0.159,0.1892,160.8,462.0,176.0,471.2,145.3,452.6,1053,0.196,11
1231,-32.717,-38.744,12.349,0.7666,0.5704,0.2949,-0.7567,0.4738,0.4505,0.1191,-0.5776,0.8076,19.972,0.177,0.461,0.147,0.252,162.1,461.0,177.4,470.3,146.6,451.6,1053,1.508,11
1232,-31.415,-37.769,12.844,0.7656,0.576,0.2864,-0.7579,0.474,0.4482,0.1244,-0.5694,0.8126,20.01,0.1789,0.629,0.149,0.34461,163.4,460.0,178.7,469.4,147.8,450.6,1054,0.137,11
1233,-30.114,-36.785,13.323,0.7636,0.5817,0.2802,-0.759,0.4743,0.4461,0.1286,-0.5624,0.8168,20.047,0.1787,0.526,0.137,0.29171,164.7,459.1,180.1,468.4,149.1,449.6,1054,1.564,11
1234,-28.819,-35.792,13.802,0.7591,0.5865,0.2825,-0.76,0.4747,0.4439,0.1282,-0.5602,0.8184,20.083,0.1731,0.158,0.14,0.23486,166.0,458.1,181.4,467.4,150.4,448.6,1055,0.141,11
1235,-27.531,-34.791,14.282,0.7555,0.5911,0.2825,-0.761,0.4751,0.4419,0.1288,-0.5569,0.8206,20.118,0.1693,0.23,0.13,0.1968,167.2,457.1,182.7,466.5,151.6,447.6,1055,1.564,11
1236,-26.249,-33.782,14.761,0.7528,0.5956,0.2802,-0.7618,0.4756,0.4398,0.1305,-0.5524,0.8233,20.152,0.167,0.316,0.132,0.19305,168.5,456.1,184.1,465.5,152.8,446.5,1056,0.185,11
1237,-24.97,-32.765,15.234,0.7509,0.6,0.2757,-0.7626,0.4761,0.4379,0.1333,-0.5467,0.8267,20.186,0.1662,0.413,0.122,0.22149,169.8,455.0,185.4,464.5,154.1,445.5,1056,1.523,11
1238,-23.694,-31.741,15.698,0.7499,0.6045,0.2689,-0.7633,0.4768,0.436,0.1373,-0.5397,0.8306,20.218,0.1669,0.513,0.123,0.27678,171.1,454.0,186.7,463.5,155.3,444.4,1057,0.25,11
1239,-22.42,-30.709,16.147,0.7495,0.609,0.2595,-0.7639,0.4775,0.4341,0.1425,-0.5312,0.8352,20.25,0.1691,0.629,0.121,0.35143,172.4,453.0,188.0,462.5,156.6,443.3,1057,1.453,11
1240,-21.145,-29.67,16.579,0.7499,0.6136,0.2472,-0.7644,0.4783,0.4323,0.1492,-0.521,0.8404,20.281,0.1729,0.76,0.116,0.44261,173.7,451.9,189.3,461.5,157.8,442.3,1058,0.33,11
1241,-19.868,-28.622,16.986,0.7511,0.6181,0.2318,-0.7649,0.4792,0.4305,0.1576,-0.5088,0.8463,20.311,0.1785,0.914,0.119,0.54209,174.9,450.9,190.6,460.5,159.1,441.2,1058,1.372,11
1242,-18.591,-27.567,17.366,0.7512,0.6236,0.2165,-0.7652,0.4802,0.4288,0.1662,-0.4961,0.8522,20.34,0.1825,0.942,0.114,0.5479,176.2,449.8,192.0,459.5,160.3,440.1,1059,0.413,11
1243,-17.315,-26.501,17.725,0.7492,0.6298,0.2051,-0.7655,0.4813,0.4271,0.1732,-0.4851,0.8571,20.369,0.1828,0.798,0.117,0.4424,177.5,448.8,193.3,458.5,161.6,438.9,1059,1.288,11
1244,-16.042,-25.425,18.063,0.7478,0.6352,0.1931,-0.7657,0.4824,0.4254,0.1802,-0.4741,0.8619,20.396,0.184,0.796,0.117,0.44589,178.8,447.7,194.6,457.4,162.9,437.8,1060,0.488,11
1245,-14.772,-24.341,18.381,0.747,0.6399,0.1805,-0.7658,0.4836,0.4238,0.1872,-0.4629,0.8664,20.423,0.1861,0.799,0.115,0.45394,180.1,446.6,195.9,456.4,164.1,436.7,1060,1.213,11
1246,-13.502,-23.25,18.677,0.7468,0.6436,0.1675,-0.7658,0.485,0.4223,0.194,-0.4518,0.8708,20.449,0.189,0.787,0.118,0.45548,181.4,445.5,197.2,455.4,165.4,435.5,1061,0.549,11
1247,-12.231,-22.153,18.95,0.7474,0.6463,0.1542,-0.7658,0.4864,0.4208,0.2007,-0.4408,0.8749,20.474,0.1931,0.774,0.118,0.45772,182.6,444.4,198.5,454.3,166.7,434.4,1061,1.152,11
1248,-10.959,-21.052,19.201,0.7486,0.648,0.1407,-0.7656,0.4879,0.4193,0.2071,-0.4301,0.8787,20.499,0.198,0.747,0.122,0.46022,183.9,443.3,199.8,453.2,167.9,433.2,1062,0.588,11
1249,-9.685,-19.95,19.429,0.7505,0.6485,0.1271,-0.7654,0.4895,0.4178,0.2132,-0.4197,0.8823,20.523,0.2039,0.721,0.126,0.463,185.2,442.2,201.1,452.2,169.2,432.1,1062,1.113,11
1250,-8.409,-18.845,19.634,0.7501,0.6514,0.1139,-0.7651,0.4911,0.4164,0.22,-0.4083,0.8859,20.547,0.2066,0.788,0.123,0.45555,186.5,441.1,202.4,451.1,170.5,430.9,1063,0.599,11
1251,-7.134,-17.735,19.816,0.7496,0.6542,0.1004,-0.7648,0.4929,0.4149,0.227,-0.3966,0.8895,20.57,0.2092,0.808,0.135,0.46489,187.8,439.9,203.7,450.0,171.8,429.7,1063,1.102,11
1252,-5.859,-16.62,19.975,0.7495,0.6563,0.0865,-0.7643,0.4947,0.4136,0.234,-0.3849,0.8928,20.593,0.2124,0.804,0.13,0.47368,189.1,438.8,204.9,449.0,173.1,428.5,1064,0.575,11
1253,-4.584,-15.503,20.11,0.7499,0.6576,0.0722,-0.7638,0.4967,0.4122,0.2409,-0.3731,0.896,20.615,0.2164,0.804,0.143,0.484,190.4,437.7,206.2,447.9,174.3,427.3,1064,1.126,11
1254,-3.308,-14.384,20.22,0.7508,0.6581,0.0574,-0.7632,0.4987,0.4108,0.2479,-0.3612,0.8989,20.637,0.2212,0.808,0.144,0.49989,191.7,436.5,207.5,446.8,175.6,426.2,1065,0.509,11
1255,-2.031,-13.266,20.305,0.7521,0.6577,0.0422,-0.7626,0.5008,0.4095,0.2548,-0.3493,0.9017,20.658,0.2269,0.804,0.146,0.51416,192.9,435.4,208.8,445.8,176.9,425.0,1065,1.192,11
1256,-0.75,-12.148,20.364,0.7539,0.6564,0.0265,-0.7618,0.5031,0.4081,0.2618,-0.3372,0.9043,20.679,0.2333,0.815,0.161,0.53429,194.2,434.3,210.1,444.7,178.2,423.8,1066,0.394,11
1257,0.534,-11.034,20.394,0.7563,0.6542,0.0092,-0.761,0.5054,0.4068,0.2694,-0.3242,0.9068,20.7,0.2412,0.875,0.158,0.59314,195.5,433.2,211.4,443.6,179.5,422.6,1066,1.306,11
1258,1.821,-9.923,20.395,0.7579,0.6523,-0.0085,-0.7601,0.5078,0.4055,0.2775,-0.3106,0.9091,20.721,0.2483,0.917,0.165,0.60221,196.8,432.0,212.7,442.6,180.8,421.4,1067,0.225,12
1259,3.111,-8.815,20.366,0.7584,0.6513,-0.025,-0.7591,0.5103,0.4042,0.2853,-0.2972,0.9112,20.741,0.2534,0.896,0.171,0.55727,198.1,430.9,214.0,441.5,182.2,420.2,1067,1.476,12
1260,4.4,-7.707,20.311,0.7578,0.6513,-0.0399,-0.758,0.5129,0.4028,0.2926,-0.2846,0.9129,20.761,0.2564,0.84,0.181,0.50248,199.5,429.8,215.3,440.5,183.5,419.0,1068,0.019,12
1261,5.687,-6.599,20.232,0.7562,0.6522,-0.0527,-0.7569,0.5156,0.4015,0.2991,-0.273,0.9143,20.782,0.2573,0.766,0.183,0.43567,200.8,428.7,216.6,439.4,184.8,417.8,1069,1.415,12
1262,6.971,-5.489,20.133,0.7538,0.6541,-0.0632,-0.7557,0.5184,0.4002,0.3047,-0.2627,0.9155,20.801,0.2559,0.675,0.19,0.36859,202.0,427.6,217.8,438.4,186.1,416.6,1069,0.286,12
1263,8.25,-4.374,20.018,0.7507,0.6568,-0.0714,-0.7545,0.5212,0.3989,0.3092,-0.2538,0.9165,20.821,0.2526,0.574,0.19,0.30905,203.3,426.4,219.1,437.3,187.4,415.4,1070,1.074,12
1264,9.526,-3.257,19.886,0.7499,0.656,-0.0859,-0.7532,0.5241,0.3976,0.3163,-0.2415,0.9174,20.841,0.2552,0.815,0.197,0.49,204.6,425.3,220.4,436.3,188.7,414.2,1070,0.627,12
1265,10.801,-2.143,19.727,0.7495,0.6543,-0.1009,-0.7518,0.527,0.3963,0.3235,-0.2289,0.9181,20.86,0.2586,0.832,0.199,0.50882,205.9,424.2,221.7,435.2,190.0,413.0,1071,0.674,12
1266,12.074,-1.031,19.546,0.748,0.6542,-0.112,-0.7504,0.53,0.395,0.3289,-0.2189,0.9186,20.88,0.2588,0.652,0.204,0.37742,207.2,423.0,222.9,434.2,191.3,411.8,1071,1.027,12
1267,13.344,0.082,19.348,0.7456,0.6556,-0.1195,-0.749,0.533,0.3937,0.3329,-0.2111,0.919,20.899,0.2561,0.503,0.204,0.26948,208.5,421.9,224.2,433.1,192.7,410.6,1072,0.214,12
1268,14.609,1.199,19.141,0.7424,0.6584,-0.1239,-0.7475,0.536,0.3924,0.3354,-0.2053,0.9194,20.918,0.2507,0.363,0.206,0.20616,209.8,420.8,225.4,432.1,194.0,409.4,1073,1.389,12
1269,15.869,2.323,18.929,0.7383,0.6628,-0.1252,-0.746,0.539,0.3911,0.3367,-0.2013,0.9198,20.938,0.2425,0.242,0.206,0.20729,211.0,419.7,226.7,431.0,195.3,408.2,1073,0.313,12
1270,17.12,3.454,18.717,0.7333,0.6686,-0.1236,-0.7444,0.5421,0.3898,0.3368,-0.1992,0.9203,20.957,0.2316,0.124,0.213,0.26358,212.3,418.5,227.9,430.0,196.5,407.0,1074,0.8,12
1271,18.362,4.597,18.51,0.7273,0.6759,-0.1191,-0.7429,0.5452,0.3885,0.3356,-0.1988,0.9208,20.976,0.2181,0.078,0.211,0.35263,213.6,417.4,229.1,428.9,197.8,405.7,1074,0.901,12
1272,19.592,5.754,18.312,0.7197,0.6845,-0.1159,-0.7413,0.5482,0.3872,0.3356,-0.1968,0.9212,20.996,0.2031,0.117,0.209,0.40152,214.8,416.2,230.4,427.8,199.1,404.5,1075,0.143,12
1273,20.809,6.924,18.11,0.7119,0.6916,-0.1219,-0.7398,0.5512,0.3859,0.3404,-0.188,0.9213,21.015,0.1925,0.574,0.206,0.40886,216.0,415.0,231.6,426.7,200.3,403.2,1076,1.118,12
1274,22.014,8.106,17.899,0.7056,0.6974,-0.1251,-0.7382,0.5542,0.3846,0.3433,-0.1821,0.9214,21.035,0.1825,0.377,0.209,0.30801,217.2,413.8,232.7,425.6,201.6,401.9,1076,0.584,12
1275,23.21,9.296,17.686,0.7009,0.7021,-0.1256,-0.7366,0.5572,0.3833,0.3443,-0.1789,0.9217,21.054,0.1732,0.193,0.209,0.22458,218.4,412.6,233.9,424.4,202.8,400.7,1077,0.329,12
1276,24.399,10.493,17.474,0.6977,0.7057,-0.1234,-0.7351,0.5601,0.382,0.3434,-0.1782,0.9221,21.073,0.1648,0.069,0.201,0.17841,219.6,411.4,235.1,423.3,204.0,399.4,1078,1.176,12
1277,25.584,11.695,17.267,0.6959,0.7083,-0.1186,-0.7336,0.5629,0.3808,0.3407,-0.1802,0.9227,21.092,0.157,0.196,0.195,0.19366,220.8,410.2,236.3,422.2,205.3,398.1,1078,0.526,12
1278,26.767,12.901,17.072,0.6955,0.7099,-0.1111,-0.7322,0.5656,0.3795,0.336,-0.1847,0.9236,21.11,0.1499,0.376,0.19,0.25873,222.0,409.0,237.4,421.0,206.5,396.8,1079,0.268,12
1279,27.95,14.109,16.891,0.6966,0.7104,-0.1005,-0.7308,0.5682,0.3783,0.3293,-0.1921,0.9245,21.129,0.1434,0.574,0.183,0.35951,223.2,407.8,238.6,419.9,207.7,395.5,1080,1.003,12
1280,29.137,15.317,16.732,0.6992,0.7097,-0.0865,-0.7294,0.5707,0.3772,0.3201,-0.2025,0.9255,21.147,0.1376,0.798,0.176,0.48029,224.4,406.5,239.8,418.7,208.9,394.2,1080,0.698,12
1281,30.326,16.524,16.596,0.6983,0.7118,-0.0763,-0.7282,0.5731,0.376,0.314,-0.2088,0.9262,21.164,0.1293,0.504,0.168,0.35219,225.6,405.3,241.0,417.6,210.1,393.0,1081,0.02,12
1282,31.511,17.738,16.472,0.6952,0.7155,-0.0695,-0.727,0.5753,0.3749,0.3104,-0.2116,0.9267,21.181,0.1198,0.263,0.157,0.28098,226.8,404.1,242.1,416.4,211.3,391.7,1082,0.629,12
1283,32.692,18.956,16.36,0.6937,0.7177,-0.0611,-0.7259,0.5774,0.3738,0.3055,-0.2163,0.9273,21.198,0.112,0.391,0.15,0.29691,228.0,402.9,243.3,415.3,212.5,390.4,1082,1.073,12
1284,33.871,20.178,16.264,0.6938,0.7184,-0.0512,-0.7249,0.5793,0.3728,0.2991,-0.2228,0.9278,21.214,0.1059,0.523,0.136,0.33442,229.2,401.6,244.5,414.1,213.7,389.1,1083,0.479,12
1285,35.052,21.398,16.187,0.6955,0.7174,-0.0397,-0.724,0.5811,0.3718,0.2913,-0.231,0.9283,21.23,0.1014,0.649,0.129,0.39312,230.4,400.4,245.7,412.9,214.9,387.8,1084,0.084,12
1286,36.238,22.616,16.13,0.6989,0.7147,-0.0266,-0.7232,0.5827,0.3708,0.2819,-0.2411,0.9287,21.245,0.0989,0.791,0.117,0.46501,231.6,399.2,246.8,411.7,216.2,386.5,1085,0.594,12
1287,37.43,23.828,16.097,0.704,0.7101,-0.0121,-0.7225,0.5841,0.3698,0.271,-0.2528,0.9288,21.26,0.0983,0.916,0.106,0.54061,232.8,398.0,248.0,410.5,217.4,385.3,1086,1.07,12
1288,38.632,25.03,16.09,0.7105,0.7037,0.0039,-0.722,0.5854,0.3689,0.2586,-0.2662,0.9286,21.275,0.0996,1.046,0.095,0.6206,234.0,396.7,249.2,409.4,218.6,384.0,1086,0.631,12
1289,39.844,26.224,16.109,0.7137,0.7003,0.0179,-0.7215,0.5865,0.368,0.2483,-0.2769,0.9283,21.29,0.0976,0.851,0.086,0.49723,235.2,395.5,250.5,408.2,219.8,382.8,1087,0.196,12
1290,41.06,27.412,16.151,0.7164,0.697,0.0317,-0.7212,0.5874,0.3671,0.2383,-0.2871,0.9278,21.304,0.0956,0.819,0.075,0.48666,236.4,394.3,251.7,407.0,221.0,381.5,1088,0.196,12
1291,42.28,28.594,16.217,0.7193,0.6932,0.0454,-0.7211,0.5882,0.3662,0.2281,-0.2975,0.9271,21.319,0.0943,0.836,0.069,0.48891,237.7,393.1,252.9,405.9,222.3,380.3,1089,0.545,12
1292,43.506,29.769,16.305,0.7224,0.689,0.0591,-0.721,0.5888,0.3653,0.2178,-0.3079,0.9262,21.333,0.0936,0.84,0.062,0.49396,238.9,392.0,254.2,404.7,223.5,379.1,1090,0.85,12
1293,44.737,30.937,16.418,0.7255,0.6844,0.0726,-0.7211,0.5893,0.3645,0.2075,-0.3182,0.925,21.347,0.0934,0.837,0.054,0.49178,240.1,390.8,255.4,403.6,224.7,377.9,1090,0.85,12
1294,45.974,32.096,16.552,0.7288,0.6794,0.0858,-0.7212,0.5896,0.3636,0.1973,-0.3283,0.9237,21.362,0.0938,0.826,0.054,0.48842,241.4,389.6,256.7,402.4,226.0,376.7,1091,0.591,12
1295,47.216,33.247,16.709,0.7321,0.6741,0.0986,-0.7215,0.5898,0.3628,0.1872,-0.3382,0.9223,21.376,0.0949,0.814,0.05,0.47984,242.7,388.4,258.0,401.3,227.2,375.5,1092,0.378,12
1296,48.463,34.389,16.888,0.7345,0.6692,0.1126,-0.7219,0.5898,0.3619,0.1766,-0.3487,0.9205,21.39,0.0948,0.861,0.056,0.50625,243.9,387.3,259.2,400.1,228.5,374.3,1093,0.214,12
1297,49.714,35.523,17.092,0.7363,0.6646,0.1271,-0.7224,0.5898,0.3611,0.1657,-0.3593,0.9184,21.405,0.094,0.879,0.054,0.51613,245.2,386.1,260.5,399.0,229.7,373.2,1094,0.099,12
1298,50.967,36.649,17.32,0.7384,0.6596,0.1404,-0.723,0.5896,0.3602,0.1555,-0.3691,0.9163,21.42,0.0944,0.819,0.063,0.48395,246.5,385.0,261.8,397.9,231.0,372.0,1095,0.037,12
1299,52.225,37.766,17.569,0.7409,0.6541,0.1525,-0.7237,0.5892,0.3593,0.1458,-0.3783,0.9141,21.436,0.096,0.776,0.069,0.45569,247.7,383.9,263.1,396.7,232.2,370.9,1096,0.03,12
1300,53.487,38.873,17.837,0.7438,0.6482,0.1632,-0.7246,0.5887,0.3583,0.1368,-0.3866,0.912,21.452,0.0989,0.712,0.082,0.42315,249.0,382.7,264.4,395.6,233.5,369.8,1097,0.077,12
1301,54.755,39.97,18.123,0.747,0.642,0.1727,-0.7256,0.5881,0.3572,0.1285,-0.3942,0.91,21.471,0.1028,0.655,0.092,0.39715,250.3,381.6,265.7,394.5,234.7,368.6,1098,0.183,12
1302,56.028,41.057,18.424,0.7506,0.6355,0.1809,-0.7268,0.5873,0.3561,0.1208,-0.4011,0.908,21.49,0.1079,0.603,0.104,0.37287,251.6,380.5,267.1,393.4,236.0,367.5,1099,0.351,12
1303,57.308,42.132,18.738,0.7546,0.6287,0.1878,-0.7282,0.5864,0.3548,0.1137,-0.4072,0.9062,21.512,0.1142,0.546,0.121,0.35315,252.9,379.4,268.4,392.3,237.3,366.4,1100,0.582,12
1304,58.595,43.192,19.067,0.7596,0.6188,0.2003,-0.7297,0.5853,0.3535,0.1023,-0.4177,0.9028,21.535,0.1213,0.909,0.13,0.56312,254.2,378.3,269.8,391.2,238.5,365.4,1102,0.463,13
1305,59.89,44.237,19.417,0.7635,0.6101,0.2117,-0.7313,0.5841,0.352,0.0918,-0.4271,0.8995,21.56,0.1275,0.829,0.143,0.50072,255.5,377.3,271.2,390.1,239.8,364.3,1103,0.05,13
1306,61.191,45.269,19.786,0.7663,0.6033,0.2209,-0.7328,0.5831,0.3506,0.0835,-0.4343,0.8969,21.584,0.1323,0.647,0.131,0.39682,256.9,376.2,272.5,389.1,241.1,363.3,1104,0.448,13
1307,62.496,46.29,20.167,0.7682,0.5983,0.2279,-0.7341,0.5824,0.3492,0.0769,-0.4397,0.8949,21.608,0.1359,0.502,0.117,0.29682,258.2,375.2,273.9,388.1,242.4,362.2,1106,0.126,13
1308,63.803,47.304,20.56,0.7692,0.595,0.2331,-0.7349,0.582,0.348,0.0721,-0.4432,0.8935,21.629,0.1379,0.35,0.086,0.21022,259.5,374.1,275.3,387.0,243.7,361.2,1108,0.426,13
1309,65.112,48.315,20.959,0.7694,0.5934,0.2364,-0.7352,0.5823,0.347,0.069,-0.4451,0.8928,21.647,0.1381,0.212,0.062,0.12374,260.9,373.1,276.6,386.0,245.0,360.1,1109,0.369,13
1310,66.42,49.324,21.363,0.7688,0.5936,0.2379,-0.7347,0.5833,0.3464,0.0675,-0.4452,0.8929,21.66,0.1362,0.086,0.073,0.05484,262.2,372.1,278.0,385.0,246.3,359.0,1111,0.358,13
1311,67.726,50.335,21.767,0.7674,0.5955,0.2374,-0.7333,0.5852,0.3461,0.0678,-0.4436,0.8937,21.667,0.1321,0.104,0.136,0.08125,263.6,371.0,279.3,384.0,247.7,357.9,1114,0.286,13
1312,69.03,51.348,22.171,0.7668,0.5951,0.2406,-0.7309,0.5881,0.3462,0.0651,-0.445,0.8932,21.668,0.1272,0.177,0.216,0.11052,264.9,370.0,280.6,383.1,249.1,356.8,1116,0.091,13
1313,70.334,52.357,22.586,0.7673,0.5918,0.247,-0.7274,0.5921,0.3468,0.0594,-0.4492,0.8915,21.661,0.1221,0.417,0.306,0.2432,266.2,369.0,281.8,382.1,250.5,355.7,1118,0.101,13
1314,71.64,53.362,23.01,0.7675,0.5897,0.2513,-0.7228,0.5971,0.3479,0.0554,-0.4517,0.8905,21.648,0.1152,0.276,0.394,0.16139,267.6,367.9,283.0,381.2,252.0,354.6,1120,0.206,13
1315,72.944,54.363,23.44,0.7674,0.5889,0.2536,-0.7171,0.6031,0.3493,0.0531,-0.4525,0.8902,21.629,0.1066,0.141,0.481,0.08212,268.9,366.9,284.2,380.3,253.4,353.4,1122,0.218,13
1316,74.249,55.365,23.871,0.7669,0.5895,0.2537,-0.7105,0.6099,0.3511,0.0525,-0.4516,0.8907,21.605,0.0963,0.068,0.553,0.02653,270.2,365.9,285.4,379.4,254.9,352.2,1124,0.104,13
1317,75.553,56.369,24.301,0.7661,0.5915,0.2515,-0.7029,0.6174,0.3532,0.0538,-0.4489,0.8919,21.576,0.0845,0.185,0.623,0.10373,271.6,364.9,286.6,378.5,256.5,351.1,1126,0.195,13
1318,76.854,57.378,24.725,0.7648,0.5951,0.2468,-0.6944,0.6257,0.3555,0.0573,-0.4444,0.894,21.543,0.071,0.348,0.693,0.20422,272.9,363.8,287.7,377.7,258.0,349.8,1127,0.465,13
1319,78.153,58.394,25.139,0.7631,0.6002,0.2395,-0.685,0.6345,0.3581,0.0631,-0.438,0.8968,21.506,0.0561,0.52,0.753,0.30552,274.3,362.8,288.8,376.8,259.6,348.6,1129,0.011,13
1320,79.449,59.419,25.544,0.7607,0.6047,0.236,-0.6747,0.6439,0.3609,0.0663,-0.434,0.8985,21.467,0.0387,0.309,0.815,0.20838,275.6,361.7,289.9,375.9,261.2,347.4,1131,0.569,13
1321,80.741,60.45,25.942,0.759,0.608,0.2327,-0.6635,0.6538,0.3638,0.069,-0.4307,0.8999,21.426,0.0214,0.257,0.872,0.16735,276.9,360.7,290.9,375.1,262.8,346.1,1132,0.023,13
1322,82.031,61.486,26.335,0.7582,0.6102,0.2299,-0.6515,0.664,0.3668,0.0711,-0.4279,0.901,21.382,0.0045,0.21,0.919,0.12295,278.2,359.6,292.0,374.2,264.4,344.9,1133,0.528,13
1323,83.32,62.524,26.724,0.7582,0.611,0.2276,-0.6387,0.6747,0.37,0.0725,-0.4259,0.9019,21.337,0.0122,0.149,0.973,0.08204,279.6,358.5,293.0,373.4,266.1,343.6,1135,0.099,13
1324,84.61,63.563,27.11,0.7592,0.6105,0.2258,-0.625,0.6856,0.3732,0.0731,-0.4246,0.9024,21.292,0.0283,0.087,1.02,0.07138,280.9,357.5,294.0,372.5,267.7,342.3,1136,0.426,13
1325,85.902,64.6,27.492,0.7611,0.6085,0.2246,-0.6104,0.6969,0.3765,0.0727,-0.4241,0.9027,21.246,0.0441,0.04,1.075,0.10135,282.2,356.4,295.0,371.7,269.4,341.0,1138,0.266,13
1326,87.199,65.633,27.873,0.7629,0.6068,0.2231,-0.595,0.7083,0.3798,0.0726,-0.4233,0.9031,21.2,0.0606,0.052,1.114,0.09753,283.6,355.3,295.9,370.8,271.1,339.7,1139,0.214,13
1327,88.497,66.664,28.251,0.764,0.6062,0.2211,-0.5788,0.7198,0.3832,0.0734,-0.422,0.9036,21.154,0.0789,0.092,1.155,0.07952,284.9,354.3,296.9,370.0,272.8,338.4,1141,0.592,14
1328,89.797,67.694,28.625,0.7648,0.6059,0.2191,-0.5621,0.7313,0.3864,0.0742,-0.4207,0.9042,21.11,0.0979,0.094,1.176,0.07327,286.2,353.2,297.8,369.1,274.6,337.1,1142,0.184,14
1329,91.098,68.725,28.996,0.7653,0.6059,0.2171,-0.545,0.7425,0.3895,0.0753,-0.4193,0.9047,21.068,0.1174,0.106,1.185,0.06944,287.6,352.1,298.8,368.3,276.3,335.9,1143,0.189,14
1330,92.399,69.755,29.364,0.7656,0.6062,0.2153,-0.5277,0.7533,0.3924,0.0764,-0.418,0.9052,21.029,0.1371,0.102,1.18,0.06231,288.9,351.1,299.7,367.4,278.0,334.6,1144,0.517,14
1331,93.701,70.786,29.728,0.7656,0.6069,0.2135,-0.5106,0.7637,0.395,0.0777,-0.4166,0.9058,20.994,0.1569,0.115,1.156,0.06506,290.3,350.0,300.7,366.6,279.8,333.3,1146,0.699,14
1332,95.002,71.82,30.091,0.7642,0.6086,0.2137,-0.4937,0.7735,0.3975,0.0778,-0.4159,0.9061,20.963,0.1784,0.044,1.128,0.07451,291.6,349.0,301.6,365.7,281.5,332.0,1147,0.561,14
1333,96.3,72.856,30.455,0.7626,0.6102,0.2145,-0.4773,0.7826,0.3996,0.0775,-0.4155,0.9063,20.936,0.1993,0.031,1.081,0.08082,293.0,347.9,302.6,364.8,283.2,330.8,1148,0.505,14
1334,97.597,73.894,30.819,0.7626,0.6107,0.2132,-0.4613,0.7912,0.4015,0.0784,-0.4144,0.9067,20.914,0.217,0.085,1.046,0.04692,294.3,346.8,303.6,363.9,284.9,329.5,1149,0.541,14
1335,98.895,74.933,31.179,0.764,0.6101,0.2097,-0.4456,0.7993,0.4032,0.0806,-0.4127,0.9073,20.896,0.2318,0.163,1.017,0.12861,295.6,345.7,304.6,363.0,286.6,328.3,1150,0.675,14
1336,100.196,75.969,31.531,0.767,0.6084,0.2039,-0.4302,0.8069,0.4047,0.0842,-0.4105,0.908,20.881,0.2435,0.245,0.988,0.22732,297.0,344.7,305.6,362.1,288.3,327.1,1151,0.902,14
1337,101.505,77.001,31.871,0.7717,0.6052,0.1953,-0.4152,0.8142,0.4059,0.0895,-0.4075,0.9088,20.87,0.2516,0.352,0.958,0.34735,298.3,343.6,306.6,361.2,290.0,325.9,1151,0.799,14
1338,102.822,78.026,32.193,0.7778,0.6009,0.1843,-0.4004,0.821,0.407,0.0964,-0.4039,0.9097,20.862,0.2569,0.449,0.935,0.44793,299.7,342.6,307.7,360.3,291.7,324.6,1152,0.492,14
1339,104.146,79.047,32.503,0.7797,0.6,0.1791,-0.3858,0.8276,0.4078,0.1001,-0.4019,0.9102,20.857,0.2688,0.243,0.919,0.18901,301.1,341.5,308.7,359.4,293.3,323.4,1153,0.119,14
1340,105.475,80.066,32.801,0.7837,0.5972,0.1709,-0.3713,0.8338,0.4085,0.1056,-0.3992,0.9108,20.855,0.2768,0.353,0.904,0.32151,302.4,340.4,309.8,358.5,295.0,322.3,1154,0.311,14
1341,106.813,81.077,33.082,0.7899,0.5923,0.1593,-0.357,0.8398,0.409,0.113,-0.3958,0.9114,20.856,0.2806,0.468,0.889,0.47293,303.8,339.4,310.8,357.6,296.7,321.1,1155,0.782,14
1342,108.163,82.078,33.34,0.7984,0.5847,0.1439,-0.3427,0.8456,0.4093,0.1225,-0.3918,0.9119,20.86,0.2797,0.591,0.884,0.64567,305.2,338.4,311.9,356.7,298.4,319.9,1155,0.918,14
1343,109.529,83.064,33.569,0.8092,0.5742,0.1244,-0.3284,0.8512,0.4095,0.1344,-0.387,0.9122,20.866,0.274,0.735,0.88,0.83029,306.6,337.4,313.0,355.8,300.1,318.8,1156,0.413,14
1344,110.912,84.034,33.766,0.8171,0.5664,0.1073,-0.314,0.8566,0.4095,0.1455,-0.3828,0.9123,20.876,0.2725,0.68,0.881,0.6869,308.0,336.4,314.1,354.9,301.9,317.6,1157,0.112,14
1345,112.309,84.989,33.933,0.826,0.5566,0.0889,-0.2996,0.8618,0.4093,0.157,-0.3786,0.9121,20.888,0.2686,0.702,0.877,0.76383,309.5,335.4,315.3,354.1,303.6,316.5,1158,0.649,14
1346,113.721,85.926,34.068,0.8355,0.545,0.0697,-0.2852,0.8669,0.4089,0.1684,-0.3747,0.9117,20.902,0.2627,0.691,0.876,0.82085,310.9,334.4,316.4,353.2,305.4,315.4,1158,1.052,14
1347,115.15,86.842,34.17,0.8453,0.532,0.0505,-0.2707,0.8717,0.4084,0.1792,-0.3712,0.9111,20.92,0.2555,0.651,0.876,0.84825,312.4,333.5,317.6,352.4,307.1,314.4,1159,0.51,14
1348,116.595,87.736,34.239,0.8539,0.5196,0.0303,-0.2563,0.8764,0.4077,0.1913,-0.3675,0.9101,20.939,0.2489,0.727,0.869,0.84957,313.9,332.6,318.7,351.6,308.9,313.3,1160,0.034,14
1349,118.054,88.608,34.274,0.8623,0.5063,0.0104,-0.2418,0.8809,0.4069,0.2029,-0.3642,0.909,20.961,0.2417,0.694,0.871,0.8547,315.3,331.7,319.9,350.8,310.7,312.3,1161,0.574,14
1350,119.528,89.457,34.275,0.8709,0.4914,-0.009,-0.2274,0.8852,0.4059,0.2133,-0.3615,0.9077,20.986,0.2333,0.62,0.863,0.8737,316.8,330.8,321.1,350.1,312.6,311.3,1162,1.111,14
1351,121.017,90.279,34.244,0.8798,0.4745,-0.0279,-0.2129,0.8893,0.4048,0.2225,-0.3593,0.9063,21.013,0.2234,0.548,0.866,0.9054,318.4,330.0,322.3,349.4,314.4,310.4,1162,0.59,14
1352,122.52,91.071,34.18,0.8877,0.4579,-0.0477,-0.1984,0.8932,0.4035,0.2328,-0.357,0.9046,21.042,0.2136,0.612,0.864,0.91043,319.9,329.2,323.5,348.7,316.2,309.5,1163,0.063,14
1353,124.036,91.835,34.081,0.8951,0.4406,-0.0678,-0.184,0.8969,0.4021,0.243,-0.3549,0.9028,21.073,0.2032,0.606,0.856,0.9278,321.4,328.4,324.8,348.0,318.1,308.6,1164,0.456,14
1354,125.564,92.568,33.949,0.9026,0.4214,-0.0876,-0.1695,0.9005,0.4005,0.2523,-0.3532,0.9009,21.107,0.1914,0.553,0.861,0.9631,323.0,327.7,326.0,347.4,319.9,307.7,1165,0.96,14
1355,127.105,93.267,33.784,0.9102,0.3999,-0.1073,-0.1549,0.9038,0.3988,0.2606,-0.352,0.899,21.143,0.1776,0.493,0.863,1.01551,324.5,326.9,327.2,346.8,321.8,306.9,1165,0.741,14
1356,128.659,93.929,33.583,0.9168,0.3782,-0.1281,-0.1403,0.907,0.397,0.2699,-0.3507,0.8967,21.181,0.1635,0.554,0.863,1.037,326.1,326.3,328.5,346.2,323.7,306.2,1166,0.253,14
1357,130.223,94.553,33.348,0.9227,0.3556,-0.149,-0.1257,0.9101,0.3949,0.2791,-0.3496,0.8944,21.221,0.1488,0.547,0.864,1.05616,327.7,325.7,329.8,345.7,325.6,305.4,1167,0.218,14
1358,131.797,95.138,33.077,0.9279,0.3318,-0.17,-0.111,0.9129,0.3928,0.2881,-0.3487,0.8918,21.264,0.1331,0.539,0.866,1.08381,329.3,325.1,331.0,345.2,327.5,304.8,1168,0.665,14
1359,133.379,95.68,32.77,0.9324,0.3068,-0.1912,-0.0964,0.9155,0.3906,0.2969,-0.3481,0.8892,21.307,0.1163,0.527,0.859,1.11485,330.9,324.5,332.3,344.8,329.4,304.1,1168,1.036,14
1360,134.967,96.181,32.426,0.9357,0.2814,-0.2126,-0.0818,0.9179,0.3882,0.3059,-0.3476,0.8863,21.352,0.0992,0.543,0.859,1.12472,332.4,324.1,333.6,344.4,331.3,303.5,1169,0.615,14
1361,136.56,96.636,32.046,0.9382,0.2537,-0.2354,-0.0672,0.9202,0.3857,0.3154,-0.3472,0.8832,21.399,0.0796,0.573,0.859,1.21187,334.0,323.6,334.8,344.0,333.2,303.0,1170,0.226,14
1362,138.157,97.042,31.625,0.9396,0.2224,-0.2603,-0.0526,0.9222,0.3832,0.3258,-0.3468,0.8795,21.447,0.0559,0.633,0.856,1.34857,335.6,323.2,336.1,343.7,335.1,302.5,1171,0.13,14
1363,139.755,97.391,31.16,0.9393,0.1888,-0.2864,-0.0381,0.924,0.3805,0.3366,-0.3467,0.8755,21.496,0.0297,0.66,0.851,1.43381,337.2,322.9,337.4,343.5,337.0,302.1,1172,0.447,14
1364,141.351,97.684,30.651,0.9374,0.1549,-0.3119,-0.0234,0.9256,0.3777,0.3472,-0.3468,0.8713,21.546,0.0036,0.653,0.862,1.43098,338.8,322.6,338.7,343.3,339.0,301.8,1173,0.723,14
1365,142.942,97.917,30.099,0.9337,0.1197,-0.3375,-0.0087,0.927,0.3749,0.3578,-0.3472,0.8669,21.597,0.0237,0.658,0.861,1.47199,340.4,322.4,339.9,343.1,340.9,301.5,1174,0.956,14
1366,144.525,98.089,29.503,0.9278,0.0822,-0.364,0.0062,0.9283,0.3719,0.3689,-0.3478,0.8619,21.65,0.0533,0.698,0.874,1.56009,341.9,322.3,341.1,343.1,342.7,301.3,1174,0.745,14
1367,146.096,98.194,28.86,0.9189,0.04,-0.3925,0.0212,0.9293,0.3688,0.3809,-0.3486,0.8564,21.704,0.0881,0.758,0.879,1.74215,343.5,322.2,342.3,343.1,344.6,301.2,1175,0.557,14
1368,147.648,98.222,28.167,0.9059,-0.0082,-0.4233,0.0364,0.9301,0.3656,0.394,-0.3495,0.85,21.759,0.1294,0.837,0.891,1.9771,345.0,322.2,343.5,343.1,346.5,301.1,1176,0.415,14
1369,149.175,98.166,27.42,0.8892,-0.0579,-0.4539,0.0517,0.9306,0.3623,0.4075,-0.3508,0.8431,21.815,0.1724,0.872,0.897,2.04608,346.5,322.3,344.7,343.3,348.3,301.2,1177,0.32,14
1370,150.67,98.025,26.624,0.8694,-0.1076,-0.4823,0.067,0.931,0.3589,0.4202,-0.3526,0.8361,21.871,0.215,0.837,0.898,2.04138,347.9,322.5,345.8,343.5,350.1,301.3,1178,0.272,14
1371,152.128,97.797,25.78,0.8442,-0.1612,-0.5112,0.0824,0.9311,0.3554,0.4339,-0.3546,0.8282,21.928,0.2622,0.913,0.905,2.22125,349.3,322.8,346.8,343.8,351.9,301.5,1179,0.272,14
1372,153.538,97.475,24.886,0.8128,-0.2189,-0.5399,0.0979,0.9309,0.3519,0.4483,-0.357,0.8195,21.985,0.3142,0.974,0.911,2.41638,350.7,323.2,347.8,344.3,353.6,301.9,1180,0.319,14
1373,154.887,97.049,23.943,0.7723,-0.2827,-0.5689,0.1135,0.9305,0.3484,0.4645,-0.3596,0.8093,22.042,0.3736,1.107,0.916,2.72883,352.0,323.6,348.8,344.8,355.2,302.3,1181,0.413,14
1374,156.16,96.512,22.953,0.7239,-0.3489,-0.5951,0.1291,0.9298,0.3447,0.4812,-0.3627,0.798,22.098,0.4361,1.169,0.919,2.9024,353.2,324.2,349.6,345.4,356.8,302.9,1182,0.55,14
1375,157.343,95.86,21.92,0.6651,-0.4181,-0.6188,0.1448,0.9288,0.3411,0.5,-0.3662,0.7848,22.154,0.5031,1.331,0.925,3.16455,354.3,325.0,350.4,346.1,358.2,303.6,1183,0.729,14
1376,158.42,95.092,20.853,0.6014,-0.4838,-0.6358,0.1607,0.9276,0.3374,0.5176,-0.3702,0.7714,22.21,0.5666,1.288,0.938,3.13827,355.3,325.8,351.0,347.0,359.6,304.5,1185,0.509,14
1377,159.384,94.216,19.76,0.5314,-0.5464,-0.6474,0.1766,0.926,0.3336,0.5361,-0.3747,0.7564,22.266,0.6281,1.389,0.941,3.19054,356.2,326.7,351.5,347.9,360.8,305.4,1186,0.236,14
1378,160.225,93.236,18.655,0.4573,-0.6046,-0.6522,0.1927,0.9242,0.3297,0.5542,-0.3798,0.7407,22.324,0.6857,1.404,0.955,3.18116,356.9,327.8,351.9,348.9,361.9,306.5,1187,0.064,14
1379,160.938,92.163,17.547,0.3806,-0.6577,-0.6501,0.2088,0.9221,0.3256,0.5716,-0.3853,0.7244,22.382,0.7387,1.402,0.96,3.14622,357.5,328.9,352.2,350.1,362.9,307.6,1188,0.382,14
1380,161.517,91.003,16.447,0.3001,-0.7056,-0.642,0.2247,0.9199,0.3215,0.5906,-0.391,0.7059,22.441,0.7881,1.554,0.949,3.17019,358.0,330.2,352.3,351.3,363.8,308.9,1190,0.623,14
1381,161.959,89.766,15.368,0.2202,-0.7473,-0.627,0.2401,0.9174,0.3172,0.6089,-0.3969,0.6868,22.501,0.8316,1.553,0.927,3.08037,358.4,331.5,352.3,352.6,364.5,310.2,1191,0.247,14
1382,162.266,88.465,14.317,0.1404,-0.7819,-0.6074,0.2547,0.915,0.3129,0.6303,-0.4025,0.6639,22.561,0.8697,1.824,0.883,3.00609,358.6,332.8,352.2,353.9,365.0,311.6,1192,0.148,14
1383,162.438,87.111,13.305,0.064,-0.8096,-0.5835,0.2685,0.9125,0.3085,0.6537,-0.4078,0.6375,22.622,0.9016,2.044,0.842,2.85582,358.6,334.2,351.9,355.3,365.4,313.0,1193,0.559,14
1384,162.488,85.716,12.334,-0.0035,-0.8296,-0.5583,0.2814,0.9102,0.3038,0.6775,-0.4127,0.6089,22.686,0.9257,2.15,0.798,2.5207,358.6,335.7,351.6,356.7,365.7,314.5,1195,0.265,14
1385,162.431,84.293,11.406,-0.0633,-0.8434,-0.5336,0.2934,0.9082,0.2986,0.7043,-0.4166,0.5749,22.756,0.9439,2.491,0.758,2.22977,358.5,337.2,351.2,358.2,365.8,316.0,1196,0.207,14
1386,162.277,82.85,10.52,-0.117,-0.854,-0.507,0.304,0.9065,0.2929,0.7324,-0.419,0.5367,22.832,0.9582,2.721,0.696,2.05112,358.2,338.7,350.7,359.7,365.9,317.5,1198,0.464,14
1387,162.034,81.389,9.684,-0.1709,-0.8628,-0.4758,0.3122,0.9057,0.2868,0.7705,-0.418,0.4813,22.912,0.9713,3.853,0.587,2.11995,357.9,340.2,350.1,361.3,365.7,318.9,1199,0.104,14
1388,161.699,79.918,8.899,-0.218,-0.8669,-0.4483,0.3162,0.9064,0.2802,0.8269,-0.4081,0.387,22.998,0.9803,6.324,0.444,1.8432,357.5,341.7,349.6,362.8,365.4,320.4,1201,0.336,14
1389,161.306,78.438,8.16,-0.2409,-0.8749,-0.4202,0.3112,0.9105,0.2723,0.8643,-0.3903,0.3173,23.097,0.986,4.647,0.585,1.25078,357.0,343.2,349.3,364.5,364.9,321.7,1202,0.351,14
1390,160.876,76.943,7.475,-0.2731,-0.8822,-0.3836,0.2928,0.9195,0.2624,0.9465,-0.3176,0.0566,23.218,0.9918,16.261,1.303,1.66127,356.5,344.7,349.2,366.4,363.9,323.0,1204,0.125,14
1391,160.396,75.436,6.851,-0.2828,-0.8918,-0.3531,0.2625,0.9321,0.2496,0.9451,-0.1961,-0.2614,23.37,0.9936,19.601,2.018,1.12591,356.0,346.3,349.3,368.3,362.7,324.1,1206,0.027,14
1392,159.941,73.904,6.269,-0.2546,-0.9094,-0.329,0.2269,0.9456,0.2333,0.9345,-0.1439,-0.3256,23.56,0.9945,4.781,2.373,1.38361,355.5,347.8,349.7,370.4,361.4,325.2,1208,0.046,14
1393,159.522,72.345,5.736,-0.2357,-0.9244,-0.2999,0.1909,0.9583,0.2128,0.8761,-0.0686,-0.4772,23.791,0.9947,10.273,2.483,1.27391,355.0,349.4,350.0,372.4,360.1,326.3,1210,0.186,14
1394,159.148,70.761,5.243,-0.2003,-0.9394,-0.2783,0.1564,0.9698,0.1872,0.892,-0.0573,-0.4483,24.061,0.9945,1.998,2.548,1.48609,354.6,351.0,350.4,374.6,358.8,327.4,1213,0.198,14
1395,158.832,69.153,4.791,-0.1776,-0.9505,-0.2549,0.1231,0.9799,0.1567,0.8699,-0.0305,-0.4923,24.35,0.9932,3.212,2.652,1.16046,354.3,352.7,350.9,376.7,357.6,328.5,1216,0.225,14
1396,158.534,67.531,4.374,-0.1653,-0.9583,-0.2333,0.0876,0.9886,0.1224,0.8185,-0.0014,-0.5745,24.613,0.9904,5.802,2.872,0.87783,353.9,354.3,351.5,378.8,356.4,329.8,1219,0.03,14
1397,158.252,65.899,3.99,-0.1752,-0.9592,-0.2219,0.0502,0.9949,0.0872,0.7357,0.0222,-0.6769,24.817,0.9825,7.671,2.965,0.50965,353.6,356.0,352.2,380.7,355.0,331.1,1222,0.223,14
1398,157.92,64.275,3.611,-0.2112,-0.9518,-0.2222,0.016,0.9983,0.0557,0.6532,0.0317,-0.7565,24.944,0.9659,6.595,2.671,1.23855,353.2,357.6,352.7,382.6,353.8,332.6,1225,0.012,14
1399,157.545,62.66,3.235,-0.2291,-0.9482,-0.2202,-0.0129,0.9995,0.0296,0.6225,0.0312,-0.782,24.996,0.9513,2.287,2.232,0.61892,352.8,359.2,353.1,384.3,352.6,334.2,1227,0.038,14
1400,157.146,61.05,2.86,-0.2393,-0.9453,-0.2218,-0.0381,0.9992,0.0074,0.6148,0.0293,-0.7881,24.995,0.9371,0.573,1.924,0.36133,352.4,360.9,353.3,385.9,351.5,335.8,1229,0.227,14
1401,156.733,59.444,2.481,-0.2455,-0.9435,-0.2225,-0.0611,0.9981,-0.0127,0.6114,0.0274,-0.7908,24.967,0.9239,0.272,1.751,0.2188,351.9,362.5,353.5,387.4,350.4,337.5,1230,0.366,14
1402,156.31,57.841,2.103,-0.2529,-0.9414,-0.2231,-0.0827,0.9961,-0.0314,0.6066,0.0253,-0.7946,24.921,0.9098,0.371,1.641,0.25996,351.5,364.1,353.6,388.9,349.4,339.3,1232,0.409,15
1403,155.872,56.243,1.721,-0.2624,-0.9382,-0.2256,-0.103,0.9935,-0.0489,0.6028,0.0232,-0.7976,24.86,0.894,0.302,1.543,0.3481,351.0,365.7,353.7,390.4,348.4,341.0,1233,0.081,15
1404,155.416,54.651,1.334,-0.2747,-0.9336,-0.2302,-0.122,0.9904,-0.0652,0.5989,0.0211,-0.8005,24.789,0.8761,0.303,1.445,0.46881,350.5,367.3,353.7,391.9,347.4,342.8,1234,0.153,15
1405,154.939,53.067,0.939,-0.2852,-0.9295,-0.2337,-0.1399,0.9869,-0.0802,0.5956,0.0191,-0.803,24.708,0.8587,0.263,1.353,0.3977,350.0,368.9,353.7,393.3,346.4,344.6,1235,0.291,15
1406,154.445,51.49,0.539,-0.2962,-0.9252,-0.2372,-0.1567,0.9832,-0.0942,0.5918,0.0171,-0.8059,24.62,0.8409,0.297,1.271,0.41507,349.5,370.5,353.6,394.7,345.4,346.4,1236,0.33,15
1407,153.93,49.922,0.132,-0.3099,-0.9195,-0.2419,-0.1725,0.9792,-0.1071,0.5873,0.015,-0.8092,24.528,0.821,0.342,1.191,0.52447,348.9,372.1,353.4,396.1,344.5,348.2,1237,0.267,15
1408,153.39,48.364,-0.284,-0.3259,-0.9124,-0.2476,-0.1875,0.975,-0.1192,0.5823,0.0126,-0.8129,24.433,0.799,0.382,1.13,0.6203,348.4,373.6,353.2,397.4,343.5,349.9,1238,0.099,15
1409,152.824,46.818,-0.711,-0.338,-0.9061,-0.2545,-0.2018,0.9707,-0.1305,0.5815,0.0116,-0.8135,24.338,0.7781,0.081,1.073,0.51512,347.8,375.2,353.0,398.8,342.6,351.7,1239,0.179,15
1410,152.239,45.282,-1.148,-0.3509,-0.8998,-0.2591,-0.2155,0.9663,-0.1411,0.5778,0.0097,-0.8161,24.243,0.7573,0.281,1.024,0.50792,347.1,376.7,352.7,400.1,341.6,353.5,1240,0.568,15
1411,151.63,43.758,-1.591,-0.3665,-0.8929,-0.2615,-0.2285,0.9618,-0.151,0.5703,0.0065,-0.8214,24.149,0.7356,0.557,0.971,0.58043,346.5,378.3,352.3,401.4,340.7,355.2,1241,1.073,15
1412,150.991,42.246,-2.037,-0.3856,-0.8848,-0.2617,-0.241,0.9572,-0.1603,0.5588,0.0018,-0.8293,24.057,0.7121,0.844,0.931,0.69905,345.8,379.8,351.9,402.8,339.7,356.9,1241,0.628,15
1413,150.319,40.749,-2.482,-0.4026,-0.8764,-0.2641,-0.2529,0.9526,-0.1691,0.5512,-0.0017,-0.8344,23.968,0.6884,0.561,0.888,0.64407,345.1,381.3,351.5,404.1,338.7,358.6,1242,0.019,15
1414,149.62,39.266,-2.934,-0.42,-0.8677,-0.2659,-0.2644,0.948,-0.1773,0.5431,-0.0055,-0.8397,23.881,0.6644,0.596,0.851,0.6583,344.4,382.8,351.0,405.4,337.7,360.3,1243,0.701,15
1415,148.888,37.799,-3.385,-0.4414,-0.8575,-0.2642,-0.2755,0.9433,-0.185,0.5299,-0.0115,-0.848,23.796,0.6384,0.957,0.82,0.80084,343.6,384.3,350.5,406.6,336.7,362.0,1243,1.0,15
1416,148.116,36.35,-3.83,-0.4672,-0.8455,-0.2585,-0.2863,0.9387,-0.1923,0.5115,-0.02,-0.859,23.714,0.6102,1.321,0.792,0.97782,342.8,385.7,350.0,407.9,335.7,363.7,1244,0.19,15
1417,147.3,34.924,-4.265,-0.4919,-0.8327,-0.2544,-0.2967,0.934,-0.1991,0.4957,-0.0276,-0.8681,23.636,0.5811,1.132,0.761,0.94754,342.0,387.2,349.4,409.1,334.6,365.3,1245,0.712,15
1418,146.443,33.519,-4.694,-0.5164,-0.819,-0.2499,-0.3068,0.9293,-0.2056,0.4802,-0.0354,-0.8764,23.56,0.5513,1.102,0.739,0.95795,341.1,388.6,348.7,410.4,333.5,366.9,1245,0.989,15
1419,145.543,32.139,-5.114,-0.5424,-0.8041,-0.2432,-0.3166,0.9247,-0.2117,0.4627,-0.0443,-0.8854,23.488,0.5203,1.238,0.712,1.03473,340.1,390.0,348.0,411.6,332.3,368.4,1246,0.016,15
1420,144.598,30.785,-5.52,-0.5692,-0.788,-0.2346,-0.3261,0.92,-0.2174,0.4436,-0.0541,-0.8946,23.419,0.4883,1.338,0.69,1.09264,339.2,391.3,347.2,412.8,331.2,370.0,1247,1.082,15
1421,143.608,29.46,-5.914,-0.595,-0.7708,-0.2278,-0.3354,0.9154,-0.2227,0.427,-0.063,-0.902,23.353,0.4553,1.16,0.668,1.06975,338.1,392.6,346.4,413.9,329.9,371.5,1247,0.62,15
1422,142.574,28.164,-6.294,-0.6208,-0.7528,-0.2189,-0.3444,0.9108,-0.2277,0.409,-0.0728,-0.9096,23.291,0.422,1.252,0.646,1.10166,337.1,393.9,345.5,415.1,328.7,372.9,1248,0.552,15
1423,141.497,26.899,-6.657,-0.6453,-0.735,-0.2083,-0.3533,0.9062,-0.2324,0.3904,-0.0829,-0.9169,23.232,0.3897,1.283,0.634,1.08112,336.0,395.2,344.6,416.2,327.4,374.4,1248,1.149,15
1424,140.38,25.665,-7.003,-0.6687,-0.7163,-0.1995,-0.3618,0.9017,-0.2367,0.374,-0.0922,-0.9228,23.177,0.3567,1.132,0.604,1.05198,334.8,396.4,343.6,417.2,326.1,375.8,1249,0.12,15
1425,139.224,24.463,-7.335,-0.6904,-0.6979,-0.1904,-0.3702,0.8972,-0.2408,0.3583,-0.1013,-0.9281,23.126,0.3247,1.083,0.594,1.00655,333.7,397.6,342.6,418.3,324.7,377.1,1250,1.481,15
1426,138.034,23.29,-7.649,-0.7088,-0.6825,-0.1786,-0.3783,0.8928,-0.2446,0.3418,-0.1108,-0.9332,23.077,0.2975,1.129,0.571,0.90094,332.4,398.8,341.6,419.3,323.4,378.4,1250,0.22,15
1427,136.816,22.14,-7.941,-0.7234,-0.6704,-0.1649,-0.3863,0.8884,-0.2481,0.3254,-0.1204,-0.9379,23.032,0.2752,1.122,0.56,0.78829,331.2,400.0,340.5,420.3,322.0,379.7,1251,1.225,15
1428,135.574,21.01,-8.212,-0.7382,-0.6566,-0.1548,-0.394,0.8841,-0.2514,0.3119,-0.1287,-0.9414,22.99,0.2507,0.93,0.54,0.76206,330.0,401.1,339.4,421.3,320.5,381.0,1251,0.476,15
1429,134.307,19.906,-8.467,-0.7514,-0.6436,-0.1456,-0.4015,0.8798,-0.2544,0.2997,-0.1363,-0.9442,22.95,0.2275,0.839,0.524,0.69695,328.7,402.2,338.3,422.3,319.1,382.2,1252,1.039,15
1430,133.02,18.82,-8.706,-0.7614,-0.6341,-0.1345,-0.4088,0.8756,-0.2573,0.2873,-0.1441,-0.947,22.913,0.2094,0.855,0.51,0.59654,327.4,403.3,337.2,423.2,317.7,383.4,1252,0.662,15
1431,131.719,17.747,-8.924,-0.769,-0.6276,-0.1213,-0.4159,0.8715,-0.2599,0.2741,-0.1524,-0.9495,22.878,0.1956,0.905,0.493,0.55804,326.1,404.3,336.0,424.2,316.2,384.6,1253,0.906,15
1432,130.406,16.684,-9.117,-0.7745,-0.6237,-0.106,-0.4229,0.8674,-0.2624,0.2601,-0.1612,-0.952,22.846,0.1856,0.958,0.486,0.56333,324.7,405.4,334.8,425.1,314.7,385.8,1253,0.795,15
1433,129.083,15.628,-9.286,-0.7823,-0.6158,-0.0941,-0.4297,0.8633,-0.2647,0.2478,-0.1691,-0.9539,22.816,0.1706,0.845,0.474,0.54834,323.4,406.5,333.6,426.1,313.3,387.0,1254,0.811,15
1434,127.746,14.588,-9.437,-0.7896,-0.6079,-0.0833,-0.4364,0.8593,-0.2668,0.2367,-0.1765,-0.9554,22.788,0.1556,0.769,0.463,0.5136,322.1,407.5,332.4,427.0,311.8,388.1,1254,0.89,15
1435,126.399,13.559,-9.568,-0.7946,-0.6029,-0.071,-0.4429,0.8553,-0.2688,0.2252,-0.1841,-0.9568,22.762,0.1446,0.794,0.452,0.47806,320.7,408.5,331.2,427.9,310.3,389.3,1255,0.736,15
1436,125.045,12.536,-9.678,-0.7976,-0.6005,-0.0571,-0.4492,0.8514,-0.2707,0.2132,-0.1921,-0.9579,22.739,0.1375,0.829,0.438,0.4859,319.4,409.5,330.0,428.8,308.8,390.4,1255,0.965,15
1437,123.688,11.516,-9.762,-0.7985,-0.6005,-0.0412,-0.4555,0.8475,-0.2724,0.2004,-0.2006,-0.959,22.717,0.134,0.883,0.436,0.53659,318.0,410.5,328.8,429.7,307.3,391.5,1256,0.664,15
1438,122.33,10.493,-9.817,-0.7976,-0.6028,-0.0233,-0.4615,0.8437,-0.274,0.1866,-0.2097,-0.9598,22.696,0.1341,0.948,0.417,0.60886,316.7,411.6,327.5,430.6,305.9,392.6,1256,1.036,15
1439,120.97,9.472,-9.842,-0.8013,-0.5982,-0.007,-0.4675,0.84,-0.2755,0.1721,-0.2192,-0.9604,22.678,0.126,0.994,0.413,0.58413,315.3,412.6,326.3,431.6,304.4,393.7,1257,0.579,15
1440,119.606,8.457,-9.841,-0.8032,-0.5957,0.0083,-0.4733,0.8363,-0.2769,0.1591,-0.228,-0.9606,22.662,0.1203,0.9,0.402,0.52626,314.0,413.6,325.1,432.5,302.9,394.8,1257,1.122,15
1441,118.24,7.445,-9.815,-0.8032,-0.5953,0.0224,-0.479,0.8326,-0.2781,0.1479,-0.2357,-0.9605,22.647,0.1171,0.779,0.395,0.47531,312.6,414.6,323.8,433.4,301.4,395.9,1258,0.467,15
1442,116.876,6.431,-9.766,-0.8014,-0.5971,0.035,-0.4846,0.829,-0.2792,0.1387,-0.2424,-0.9602,22.634,0.1164,0.652,0.387,0.43314,311.2,415.6,322.6,434.3,300.0,397.0,1258,1.234,15
1443,115.515,5.413,-9.697,-0.7981,-0.6008,0.0459,-0.4901,0.8254,-0.2803,0.1314,-0.2479,-0.9598,22.622,0.1176,0.524,0.382,0.40347,309.9,416.6,321.4,435.2,298.5,398.1,1259,0.322,15
1444,114.162,4.387,-9.61,-0.7938,-0.6056,0.0557,-0.4954,0.8219,-0.2812,0.1254,-0.2527,-0.9594,22.612,0.1202,0.441,0.368,0.39523,308.6,417.6,320.1,436.2,297.1,399.2,1259,1.379,15
1445,112.812,3.36,-9.501,-0.794,-0.6036,0.0718,-0.5007,0.8183,-0.2821,0.1123,-0.2617,-0.9586,22.603,0.1166,0.912,0.371,0.54671,307.2,418.7,318.9,437.1,295.6,400.3,1260,0.135,15
1446,111.462,2.333,-9.369,-0.7927,-0.6038,0.0837,-0.506,0.8149,-0.2829,0.1033,-0.2683,-0.9578,22.595,0.1146,0.641,0.364,0.40334,305.9,419.7,317.7,438.1,294.2,401.4,1260,1.566,15
1447,110.116,1.305,-9.219,-0.7901,-0.606,0.0923,-0.5111,0.8114,-0.2836,0.0976,-0.273,-0.9571,22.588,0.1141,0.425,0.357,0.31168,304.6,420.7,316.5,439.0,292.7,402.5,1261,0.105,15
1448,108.776,0.271,-9.056,-0.7861,-0.6102,0.098,-0.5161,0.808,-0.2842,0.0948,-0.2759,-0.9565,22.583,0.1152,0.233,0.348,0.27397,303.2,421.7,315.3,439.9,291.3,403.6,1262,1.298,15
1449,107.443,-0.772,-8.887,-0.7809,-0.6164,0.1011,-0.5211,0.8046,-0.2848,0.0949,-0.277,-0.9562,22.578,0.1178,0.066,0.348,0.29197,301.9,422.8,314.0,440.9,289.9,404.8,1262,0.404,15
1450,106.121,-1.827,-8.714,-0.7741,-0.6248,0.1016,-0.526,0.8012,-0.2853,0.0976,-0.2764,-0.9561,22.573,0.1224,0.159,0.343,0.36451,300.6,423.8,312.8,441.9,288.5,405.9,1263,0.927,15
1451,104.812,-2.899,-8.543,-0.7655,-0.6358,0.0993,-0.5308,0.7979,-0.2858,0.1034,-0.2738,-0.9562,22.57,0.1294,0.364,0.335,0.47679,299.3,424.9,311.7,442.9,287.1,407.0,1263,0.773,15
1452,103.515,-3.985,-8.367,-0.7596,-0.6414,0.1073,-0.5355,0.7945,-0.2863,0.0993,-0.2774,-0.9556,22.567,0.1335,0.315,0.334,0.38444,298.0,426.0,310.5,443.9,285.7,408.2,1264,0.476,15
1453,102.228,-5.08,-8.179,-0.7535,-0.6477,0.1129,-0.5402,0.7912,-0.2867,0.0973,-0.2797,-0.9551,22.564,0.1378,0.177,0.33,0.35058,296.8,427.1,309.3,444.9,284.3,409.3,1264,1.225,15
1454,100.953,-6.188,-7.985,-0.747,-0.6548,0.1151,-0.5448,0.7879,-0.2872,0.0984,-0.28,-0.9549,22.562,0.142,0.066,0.326,0.3327,295.5,428.2,308.1,445.9,283.0,410.5,1265,0.076,15
1455,99.688,-7.308,-7.79,-0.74,-0.6629,0.1139,-0.5493,0.7846,-0.2876,0.1024,-0.2783,-0.955,22.559,0.1464,0.249,0.321,0.36299,294.3,429.3,307.0,447.0,281.6,411.7,1266,0.989,15
1456,98.436,-8.443,-7.6,-0.7327,-0.6718,0.1092,-0.5538,0.7813,-0.2879,0.1093,-0.2746,-0.9553,22.557,0.1505,0.449,0.32,0.41892,293.0,430.4,305.9,448.1,280.3,412.9,1266,0.712,15
1457,97.197,-9.593,-7.42,-0.725,-0.6813,0.1012,-0.5582,0.778,-0.2883,0.1191,-0.2687,-0.9558,22.556,0.1545,0.656,0.316,0.49237,291.8,431.6,304.7,449.1,279.0,414.1,1267,0.259,15
1458,95.971,-10.76,-7.257,-0.7162,-0.6917,0.0926,-0.5625,0.7748,-0.2887,0.1296,-0.2622,-0.9563,22.554,0.1598,0.708,0.308,0.54282,290.6,432.7,303.6,450.2,277.7,415.3,1268,1.153,15
1459,94.762,-11.946,-7.1,-0.7053,-0.703,0.0917,-0.5667,0.7716,-0.289,0.1344,-0.2595,-0.9563,22.551,0.1692,0.316,0.303,0.52989,289.4,433.9,302.5,451.3,276.4,416.6,1268,0.547,15
1460,93.571,-13.15,-6.947,-0.6964,-0.7122,0.0883,-0.5709,0.7683,-0.2894,0.1404,-0.2559,-0.9564,22.549,0.1752,0.401,0.307,0.44625,288.2,435.1,301.4,452.5,275.1,417.9,1269,0.284,15
1461,92.393,-14.367,-6.801,-0.6896,-0.7194,0.0827,-0.5749,0.7652,-0.2898,0.1476,-0.2514,-0.9566,22.547,0.178,0.487,0.291,0.38334,287.0,436.3,300.3,453.6,273.8,419.1,1270,1.065,15
1462,91.224,-15.595,-6.667,-0.685,-0.7247,0.0747,-0.5789,0.762,-0.2902,0.1558,-0.2459,-0.9567,22.544,0.1774,0.566,0.294,0.35859,285.9,437.5,299.3,454.8,272.6,420.4,1270,0.636,15
1463,90.062,-16.831,-6.548,-0.6824,-0.7281,0.0645,-0.5827,0.759,-0.2905,0.1651,-0.2395,-0.9568,22.542,0.1737,0.647,0.278,0.37269,284.7,438.8,298.2,455.9,271.4,421.7,1271,0.106,15
1464,88.902,-18.07,-6.448,-0.6819,-0.7296,0.0523,-0.5864,0.7559,-0.2909,0.1751,-0.2323,-0.9567,22.538,0.1669,0.706,0.277,0.41453,283.6,440.0,297.1,457.1,270.1,423.0,1272,0.819,15
1465,87.742,-19.311,-6.371,-0.6822,-0.7301,0.0397,-0.59,0.753,-0.2913,0.1852,-0.225,-0.9566,22.535,0.1588,0.714,0.266,0.42499,282.4,441.2,296.0,458.3,268.9,424.3,1272,0.881,15
1466,86.584,-20.555,-6.311,-0.6796,-0.7329,0.0308,-0.5935,0.7502,-0.2917,0.193,-0.2192,-0.9564,22.532,0.1555,0.557,0.258,0.32633,281.3,442.5,295.0,459.5,267.7,425.6,1273,0.185,15
1467,85.431,-21.804,-6.266,-0.6769,-0.7358,0.0218,-0.5968,0.7474,-0.2921,0.2009,-0.2132,-0.9561,22.528,0.1523,0.569,0.249,0.33133,280.1,443.7,293.9,460.6,266.5,426.9,1274,0.508,15
1468,84.282,-23.057,-6.237,-0.674,-0.7387,0.0127,-0.5999,0.7447,-0.2925,0.209,-0.207,-0.9558,22.523,0.1495,0.585,0.237,0.33631,279.0,445.0,292.8,461.8,265.3,428.2,1274,1.193,15
1469,83.139,-24.316,-6.223,-0.6708,-0.7416,0.0033,-0.6029,0.7421,-0.2929,0.2171,-0.2007,-0.9553,22.519,0.1469,0.589,0.229,0.34853,277.9,446.2,291.7,463.0,264.1,429.6,1275,0.5,15
1470,82.001,-25.58,-6.226,-0.6675,-0.7446,-0.0062,-0.6058,0.7396,-0.2933,0.2254,-0.194,-0.9548,22.514,0.1445,0.612,0.221,0.3536,276.7,447.5,290.7,464.2,262.9,430.9,1276,0.202,15
1471,80.869,-26.849,-6.244,-0.6639,-0.7477,-0.016,-0.6086,0.7372,-0.2937,0.2338,-0.1872,-0.9541,22.509,0.1425,0.621,0.213,0.36693,275.6,448.8,289.6,465.5,261.7,432.2,1277,0.914,15
1472,79.743,-28.123,-6.28,-0.66,-0.7508,-0.026,-0.6112,0.7348,-0.2941,0.2423,-0.1801,-0.9533,22.504,0.1406,0.636,0.204,0.37644,274.5,450.0,288.5,466.7,260.5,433.5,1277,0.787,15
1473,78.623,-29.401,-6.334,-0.6571,-0.7528,-0.0384,-0.6136,0.7326,-0.2945,0.2522,-0.1716,-0.9523,22.498,0.137,0.75,0.188,0.43432,273.3,451.3,287.4,467.9,259.4,434.8,1278,0.058,15
1474,77.509,-30.683,-6.41,-0.654,-0.7548,-0.0503,-0.616,0.7305,-0.295,0.2617,-0.1634,-0.9512,22.493,0.1337,0.722,0.185,0.4198,272.2,452.6,286.4,469.1,258.2,436.1,1279,0.695,15
1475,76.4,-31.968,-6.504,-0.6505,-0.7571,-0.0604,-0.6182,0.7284,-0.2954,0.27,-0.1562,-0.9501,22.487,0.1315,0.633,0.176,0.36845,271.1,453.9,285.3,470.4,257.0,437.5,1279,1.006,15
1476,75.297,-33.258,-6.614,-0.6465,-0.7598,-0.0684,-0.6203,0.7265,-0.2958,0.2768,-0.1501,-0.9491,22.481,0.1307,0.527,0.164,0.31481,270.0,455.1,284.2,471.6,255.9,438.8,1280,0.228,15
1477,74.201,-34.553,-6.736,-0.6423,-0.7629,-0.0744,-0.6223,0.7246,-0.2962,0.2823,-0.1452,-0.9483,22.475,0.1311,0.425,0.16,0.26798,268.9,456.4,283.2,472.8,254.8,440.1,1281,0.587,15
1478,73.113,-35.853,-6.866,-0.6379,-0.7661,-0.0783,-0.6242,0.7228,-0.2966,0.2863,-0.1416,-0.9476,22.469,0.1323,0.311,0.152,0.22554,267.8,457.7,282.1,474.1,253.6,441.5,1281,1.115,15
1479,72.032,-37.158,-7.001,-0.6334,-0.7696,-0.0803,-0.626,0.7211,-0.297,0.2891,-0.1391,-0.9471,22.463,0.1346,0.217,0.144,0.20358,266.8,459.0,281.1,475.3,252.5,442.8,1282,0.266,15
1480,70.958,-38.47,-7.138,-0.629,-0.7732,-0.0805,-0.6276,0.7195,-0.2974,0.2906,-0.1378,-0.9469,22.457,0.1376,0.114,0.132,0.19166,265.7,460.3,280.0,476.6,251.4,444.1,1283,0.616,15
1481,69.894,-39.788,-7.279,-0.6225,-0.7776,-0.0883,-0.6292,0.7179,-0.2977,0.2979,-0.131,-0.9456,22.452,0.1403,0.576,0.131,0.37308,264.6,461.6,279.0,477.9,250.3,445.5,1283,1.083,15
1482,68.84,-41.115,-7.437,-0.6165,-0.7814,-0.0969,-0.6307,0.7165,-0.2981,0.3054,-0.1239,-0.9441,22.446,0.1422,0.598,0.12,0.37553,263.6,462.9,278.0,479.2,249.3,446.8,1284,0.191,15
1483,67.796,-42.446,-7.607,-0.612,-0.7842,-0.1024,-0.6322,0.7151,-0.2984,0.3105,-0.1191,-0.9431,22.441,0.1433,0.405,0.119,0.25742,262.5,464.3,276.9,480.5,248.2,448.2,1285,0.701,15
1484,66.759,-43.781,-7.784,-0.6087,-0.7864,-0.1055,-0.6336,0.7137,-0.2987,0.3135,-0.1162,-0.9425,22.435,0.1441,0.242,0.115,0.1696,261.5,465.6,275.9,481.8,247.1,449.5,1285,1.0,15
1485,65.726,-45.12,-7.965,-0.6064,-0.788,-0.1064,-0.6349,0.7124,-0.299,0.3147,-0.115,-0.9422,22.43,0.1446,0.099,0.107,0.09912,260.4,466.9,274.9,483.1,246.1,450.9,1286,0.134,15
1486,64.695,-46.461,-8.145,-0.6051,-0.7892,-0.1052,-0.6362,0.7111,-0.2993,0.3143,-0.1154,-0.9423,22.426,0.1447,0.033,0.107,0.07201,259.4,468.3,273.9,484.4,245.0,452.3,1287,0.693,15
1487,63.667,-47.804,-8.322,-0.6046,-0.7899,-0.102,-0.6375,0.7098,-0.2996,0.3123,-0.1173,-0.9427,22.421,0.1447,0.16,0.107,0.11161,258.4,469.6,272.9,485.7,244.0,453.6,1287,1.008,15
1488,62.638,-49.148,-8.491,-0.6051,-0.7903,-0.0965,-0.6388,0.7086,-0.2998,0.3085,-0.1211,-0.9435,22.417,0.1445,0.311,0.102,0.18651,257.3,470.9,271.9,487.0,242.9,455.0,1288,0.242,15
1489,61.608,-50.492,-8.648,-0.6066,-0.7901,-0.0884,-0.6401,0.7073,-0.3,0.3027,-0.1268,-0.9446,22.413,0.144,0.47,0.106,0.27759,256.3,472.3,270.9,488.3,241.9,456.3,1289,0.449,15
1490,60.575,-51.835,-8.789,-0.6091,-0.7893,-0.0771,-0.6414,0.706,-0.3003,0.2945,-0.1349,-0.9461,22.41,0.1434,0.666,0.107,0.39097,255.3,473.6,269.9,489.6,240.8,457.7,1290,1.046,15
1491,59.536,-53.176,-8.908,-0.6126,-0.788,-0.0621,-0.6427,0.7047,-0.3005,0.2835,-0.1456,-0.9479,22.406,0.1429,0.885,0.106,0.52078,254.2,474.9,268.8,490.9,239.7,459.1,1290,0.655,15
1492,58.494,-54.516,-9.002,-0.6133,-0.7883,-0.0492,-0.6441,0.7034,-0.3007,0.2745,-0.1543,-0.9491,22.404,0.1447,0.72,0.11,0.43549,253.2,476.2,267.8,492.2,238.7,460.4,1291,0.168,15
1493,57.45,-55.856,-9.076,-0.6139,-0.7884,-0.0381,-0.6454,0.7021,-0.3008,0.2668,-0.1618,-0.9501,22.401,0.1459,0.619,0.105,0.37464,252.2,477.6,266.8,493.5,237.6,461.8,1292,0.218,15
1494,56.406,-57.197,-9.134,-0.6143,-0.7885,-0.0293,-0.6469,0.7007,-0.301,0.2607,-0.1677,-0.9507,22.399,0.1463,0.487,0.118,0.29685,251.1,478.9,265.8,494.8,236.5,463.1,1293,0.482,15
1495,55.361,-58.538,-9.178,-0.6146,-0.7885,-0.0234,-0.6483,0.6993,-0.3011,0.2566,-0.1717,-0.9511,22.397,0.1459,0.329,0.114,0.19904,250.1,480.2,264.8,496.1,235.5,464.5,1294,0.63,15
1496,54.316,-59.879,-9.215,-0.6147,-0.7885,-0.0206,-0.6498,0.6979,-0.3013,0.2546,-0.1736,-0.9513,22.395,0.1447,0.158,0.118,0.0944,249.0,481.6,263.8,497.4,234.4,465.9,1295,0.66,15
1497,53.271,-61.22,-9.25,-0.6147,-0.7885,-0.0212,-0.6512,0.6965,-0.3014,0.255,-0.1732,-0.9513,22.394,0.1425,0.032,0.114,0.02021,248.0,482.9,262.8,498.7,233.3,467.2,1296,0.567,15
1498,52.226,-62.56,-9.289,-0.6145,-0.7885,-0.025,-0.6527,0.695,-0.3015,0.2577,-0.1706,-0.951,22.392,0.1394,0.215,0.122,0.12821,247.0,484.2,261.7,500.0,232.3,468.6,1297,0.348,15
1499,51.181,-63.901,-9.337,-0.6142,-0.7885,-0.032,-0.6542,0.6936,-0.3017,0.2625,-0.1659,-0.9506,22.391,0.1354,0.386,0.118,0.23608,245.9,485.6,260.7,501.3,231.2,469.9,1298,0.0,15
