ring,cx,cy,cz,Tx,Ty,Tz,Bx,By,Bz,Nx,Ny,Nz,hw,obl,dN,dB,kappa,sx_c,sy_c,sx_L,sy_L,sx_R,sy_R,pose_ring,pose_dist,iv
0,-68.535,-359.314,260.0,0.6432,0.7657,0.0,-0.7285,0.6071,0.3174,0.243,-0.2042,0.9483,25.5,0.0037,0.0,0.0,0.0,114.9,842.0,136.9,857.8,92.6,826.0,0,0.0,0
1,-67.355,-357.907,260.0,0.6421,0.7667,0.0,-0.7281,0.6075,0.3174,0.2434,-0.2038,0.9483,25.5,0.0017,0.032,0.032,0.04635,116.3,840.4,138.3,856.2,94.0,824.4,2,0.439,0
2,-66.177,-356.498,260.0,0.6412,0.7674,0.0,-0.7277,0.608,0.3174,0.2436,-0.2035,0.9483,25.5,0.0,0.021,0.037,0.03554,117.6,838.7,139.6,854.6,95.4,822.7,3,0.246,0
3,-64.999,-355.088,260.0,0.6406,0.7679,0.0,-0.7273,0.6085,0.3174,0.2437,-0.2033,0.9483,25.5,0.0014,0.013,0.037,0.02436,119.0,837.1,141.0,852.9,96.8,821.0,5,0.35,0
4,-63.823,-353.677,260.0,0.6403,0.7681,0.0,-0.7269,0.609,0.3174,0.2438,-0.2032,0.9483,25.5,0.0023,0.008,0.037,0.01118,120.4,835.4,142.3,851.3,98.2,819.4,6,0.169,0
5,-62.647,-352.266,260.0,0.6402,0.7682,0.0,-0.7264,0.6096,0.3174,0.2438,-0.2032,0.9483,25.5,0.0033,0.0,0.045,0.00439,121.8,833.8,143.7,849.7,99.6,817.7,7,0.593,0
6,-61.471,-350.855,260.0,0.6404,0.768,0.0,-0.7258,0.6103,0.3174,0.2438,-0.2033,0.9483,25.5,0.0039,0.006,0.053,0.00879,123.1,832.1,145.0,848.1,101.0,816.0,9,0.752,0
7,-60.294,-349.445,260.0,0.6409,0.7676,0.0,-0.7252,0.611,0.3174,0.2437,-0.2034,0.9483,25.5,0.0042,0.008,0.053,0.01997,124.5,830.5,146.4,846.5,102.4,814.3,10,0.703,0
8,-59.116,-348.035,260.0,0.6417,0.7669,0.0,-0.7246,0.6117,0.3174,0.2434,-0.2037,0.9483,25.5,0.0041,0.024,0.053,0.03315,125.9,828.8,147.7,844.8,103.8,812.6,11,0.774,0
9,-57.936,-346.627,260.0,0.6428,0.766,0.0,-0.7238,0.6126,0.3174,0.2432,-0.204,0.9483,25.5,0.004,0.021,0.069,0.04433,127.3,827.2,149.1,843.2,105.2,811.0,12,0.959,0
10,-56.754,-345.222,260.0,0.6442,0.7649,0.0,-0.723,0.6136,0.3174,0.2428,-0.2045,0.9483,25.5,0.0036,0.037,0.073,0.05552,128.7,825.5,150.4,841.6,106.6,809.3,12,0.877,0
11,-55.57,-343.818,260.0,0.6459,0.7634,0.0,-0.7221,0.6147,0.3174,0.2423,-0.205,0.9483,25.5,0.0029,0.04,0.081,0.0707,130.0,823.9,151.8,840.0,108.1,807.6,13,0.589,0
12,-54.381,-342.417,260.0,0.648,0.7616,0.0,-0.7211,0.6159,0.3174,0.2418,-0.2057,0.9483,25.5,0.0018,0.049,0.089,0.08625,131.4,822.3,153.1,838.4,109.5,805.9,14,0.207,0
13,-53.188,-341.02,260.0,0.6506,0.7595,0.0,-0.7199,0.6172,0.3174,0.2411,-0.2065,0.9483,25.5,0.0004,0.061,0.101,0.1042,132.8,820.6,154.5,836.8,110.9,804.2,15,0.262,0
14,-51.991,-339.627,260.0,0.6532,0.7572,0.0,-0.7187,0.6187,0.3174,0.2404,-0.2074,0.9483,25.5,0.001,0.065,0.11,0.1083,134.2,819.0,155.9,835.3,112.4,802.6,16,0.808,0
15,-50.79,-338.237,260.0,0.6543,0.7562,0.0,-0.7172,0.6203,0.3174,0.2401,-0.2077,0.9483,25.5,0.0002,0.024,0.126,0.04636,135.6,817.4,157.2,833.7,113.8,800.9,16,1.029,0
16,-49.588,-336.849,260.0,0.6556,0.7551,0.0,-0.7157,0.6221,0.3174,0.2397,-0.2081,0.9483,25.5,0.0005,0.032,0.134,0.05312,137.0,815.7,158.6,832.1,115.3,799.2,17,0.414,0
17,-48.382,-335.464,260.0,0.6572,0.7537,0.0,-0.714,0.624,0.3174,0.2393,-0.2086,0.9483,25.5,0.0011,0.037,0.146,0.06633,138.4,814.1,159.9,830.6,116.8,797.5,18,0.257,0
18,-47.174,-334.081,260.0,0.659,0.7522,0.0,-0.7123,0.626,0.3174,0.2388,-0.2092,0.9483,25.5,0.0015,0.045,0.15,0.07308,139.9,812.5,161.3,829.0,118.2,795.8,19,0.963,0
19,-45.961,-332.701,260.0,0.6611,0.7503,0.0,-0.7104,0.6282,0.3175,0.2382,-0.2099,0.9483,25.5,0.0017,0.053,0.167,0.08831,141.3,810.9,162.6,827.5,119.7,794.1,19,0.874,0
20,-44.745,-331.324,260.0,0.6634,0.7482,0.0,-0.7084,0.6304,0.3175,0.2375,-0.2106,0.9483,25.5,0.0017,0.057,0.17,0.09714,142.7,809.3,164.0,826.0,121.2,792.4,20,0.152,0
21,-43.524,-329.952,260.0,0.666,0.7459,0.0,-0.7063,0.6328,0.3175,0.2368,-0.2114,0.9483,25.5,0.0016,0.061,0.183,0.1083,144.1,807.7,165.3,824.4,122.7,790.8,21,0.566,0
22,-42.298,-328.584,260.0,0.6689,0.7434,0.0,-0.7041,0.6352,0.3175,0.236,-0.2123,0.9483,25.5,0.0012,0.069,0.187,0.11941,145.6,806.1,166.7,822.9,124.2,789.1,22,1.259,0
23,-41.067,-327.222,260.0,0.672,0.7406,0.0,-0.7018,0.6378,0.3175,0.2351,-0.2133,0.9483,25.5,0.0007,0.077,0.199,0.1303,147.0,804.5,168.1,821.4,125.7,787.4,22,0.578,0
24,-39.829,-325.864,260.0,0.6753,0.7376,0.0,-0.6994,0.6404,0.3175,0.2341,-0.2144,0.9483,25.5,0.0001,0.085,0.203,0.13912,148.4,802.9,169.4,819.9,127.2,785.7,23,0.071,0
25,-38.586,-324.512,260.0,0.6784,0.7347,0.0,-0.6969,0.643,0.3175,0.2332,-0.2154,0.9483,25.5,0.0004,0.077,0.207,0.13241,149.9,801.3,170.8,818.4,128.8,784.1,24,0.654,0
26,-37.337,-323.165,260.0,0.6811,0.7322,0.0,-0.6944,0.6458,0.3175,0.2324,-0.2162,0.9483,25.5,0.0001,0.065,0.215,0.11477,151.4,799.8,172.2,816.9,130.3,782.4,25,1.152,0
27,-36.084,-321.822,260.0,0.684,0.7295,0.0,-0.6918,0.6486,0.3175,0.2316,-0.2171,0.9483,25.5,0.0,0.069,0.219,0.12361,152.8,798.2,173.6,815.4,131.9,780.7,25,0.685,0
28,-34.825,-320.485,260.0,0.687,0.7267,0.0,-0.6891,0.6515,0.3175,0.2307,-0.2181,0.9483,25.5,0.0,0.077,0.227,0.128,154.3,796.6,174.9,814.0,133.4,779.1,26,0.286,0
29,-33.56,-319.153,260.0,0.6901,0.7237,0.0,-0.6863,0.6544,0.3175,0.2297,-0.2191,0.9483,25.5,0.0,0.081,0.231,0.13457,155.8,795.1,176.3,812.5,135.0,777.4,27,0.017,0
30,-32.289,-317.827,260.0,0.6933,0.7206,0.0,-0.6835,0.6574,0.3175,0.2288,-0.2201,0.9483,25.5,0.0001,0.077,0.235,0.13898,157.3,793.5,177.7,811.1,136.6,775.8,28,0.228,0
31,-31.013,-316.506,260.0,0.6966,0.7174,0.0,-0.6805,0.6604,0.3175,0.2278,-0.2211,0.9483,25.5,0.0003,0.081,0.243,0.1434,158.7,792.0,179.1,809.6,138.2,774.1,29,0.352,0
32,-29.73,-315.191,260.0,0.7,0.7141,0.0,-0.6775,0.6635,0.3175,0.2267,-0.2222,0.9483,25.5,0.0004,0.089,0.247,0.14781,160.2,790.4,180.5,808.2,139.8,772.5,30,0.393,0
33,-28.441,-313.882,260.0,0.7035,0.7107,0.0,-0.6744,0.6666,0.3175,0.2256,-0.2233,0.9483,25.5,0.0007,0.089,0.251,0.1522,161.8,788.9,181.9,806.7,141.4,770.9,31,0.357,0
34,-27.146,-312.58,260.0,0.7069,0.7073,0.0,-0.6712,0.6699,0.3175,0.2245,-0.2244,0.9483,25.5,0.0007,0.089,0.263,0.15,163.3,787.4,183.3,805.3,143.0,769.2,32,0.247,0
35,-25.845,-311.284,260.0,0.7102,0.704,0.0,-0.6679,0.6731,0.3175,0.2235,-0.2255,0.9483,25.5,0.0005,0.085,0.263,0.14557,164.8,785.9,184.8,803.9,144.6,767.6,33,0.069,0
36,-24.537,-309.994,260.0,0.7136,0.7006,0.0,-0.6646,0.6764,0.3175,0.2224,-0.2265,0.9483,25.5,0.0004,0.085,0.267,0.14998,166.3,784.4,186.2,802.5,146.3,766.0,34,0.173,0
37,-23.223,-308.71,260.0,0.717,0.6971,0.0,-0.6611,0.6798,0.3174,0.2213,-0.2276,0.9483,25.5,0.0001,0.089,0.28,0.15221,167.9,782.9,187.6,801.1,147.9,764.4,35,0.472,0
38,-21.903,-307.434,260.0,0.7205,0.6935,0.0,-0.6576,0.6832,0.3174,0.2201,-0.2287,0.9483,25.5,0.0,0.093,0.28,0.15663,169.4,781.4,189.0,799.7,149.6,762.8,37,0.629,0
39,-20.576,-306.163,260.0,0.7241,0.6897,0.0,-0.654,0.6866,0.3174,0.219,-0.2299,0.9483,25.5,0.0,0.093,0.284,0.16327,170.9,779.9,190.5,798.4,151.2,761.2,38,0.206,0
40,-19.243,-304.9,260.0,0.7277,0.6859,0.0,-0.6504,0.6901,0.3174,0.2177,-0.231,0.9483,25.5,0.0,0.098,0.288,0.16329,172.5,778.4,191.9,797.0,152.9,759.6,39,0.242,0
41,-17.903,-303.644,260.0,0.7315,0.6819,0.0,-0.6466,0.6936,0.3174,0.2165,-0.2322,0.9483,25.5,0.0,0.097,0.296,0.17209,174.1,776.9,193.4,795.6,154.6,758.0,41,0.652,0
42,-16.556,-302.395,260.0,0.7352,0.6778,0.0,-0.6428,0.6972,0.3174,0.2152,-0.2334,0.9483,25.5,0.0,0.101,0.3,0.17227,175.6,775.5,194.8,794.3,156.3,756.5,42,0.172,0
43,-15.202,-301.154,260.0,0.739,0.6737,0.0,-0.6389,0.7007,0.3174,0.2139,-0.2346,0.9483,25.5,0.0001,0.101,0.3,0.17437,177.2,774.0,196.3,793.0,158.0,754.9,43,0.307,0
44,-13.841,-299.92,260.0,0.7426,0.6697,0.0,-0.6349,0.7043,0.3174,0.2126,-0.2357,0.9483,25.5,0.0002,0.098,0.308,0.16787,178.8,772.6,197.7,791.6,159.7,753.3,45,0.584,0
45,-12.474,-298.694,260.0,0.7463,0.6656,0.0,-0.6309,0.7079,0.3174,0.2113,-0.2369,0.9483,25.5,0.0003,0.101,0.308,0.17227,180.4,771.1,199.2,790.3,161.4,751.8,46,0.121,0
46,-11.1,-297.475,260.0,0.7501,0.6614,0.0,-0.6268,0.7116,0.3174,0.2099,-0.2381,0.9483,25.5,0.0005,0.106,0.316,0.17667,182.0,769.7,200.7,789.0,163.2,750.2,47,0.334,0
47,-9.718,-296.264,260.0,0.7539,0.657,0.0,-0.6226,0.7152,0.3174,0.2086,-0.2393,0.9483,25.5,0.0005,0.101,0.317,0.18134,183.6,768.3,202.2,787.7,164.9,748.7,49,0.629,0
48,-8.33,-295.062,260.0,0.7578,0.6525,0.0,-0.6183,0.7189,0.3174,0.2071,-0.2406,0.9483,25.5,0.0005,0.114,0.325,0.18576,185.3,766.9,203.6,786.4,166.7,747.2,50,0.213,0
49,-6.934,-293.867,260.0,0.7618,0.6478,0.0,-0.614,0.7227,0.3174,0.2057,-0.2418,0.9483,25.5,0.0004,0.106,0.329,0.19251,186.9,765.5,205.1,785.1,168.5,745.7,51,0.188,0
50,-5.532,-292.682,260.0,0.7658,0.643,0.0,-0.6095,0.7264,0.3175,0.2041,-0.2431,0.9483,25.5,0.0003,0.118,0.334,0.19491,188.5,764.1,206.6,783.9,170.2,744.2,52,0.575,0
51,-4.121,-291.505,260.0,0.7699,0.6381,0.0,-0.605,0.7302,0.3175,0.2026,-0.2444,0.9483,25.5,0.0002,0.114,0.337,0.1993,190.2,762.7,208.1,782.6,172.0,742.7,54,0.524,0
52,-2.703,-290.337,260.0,0.7739,0.6334,0.0,-0.6003,0.7341,0.3175,0.2011,-0.2457,0.9483,25.5,0.0004,0.114,0.35,0.19249,191.8,761.4,209.7,781.4,173.8,741.2,55,0.169,0
53,-1.278,-289.178,260.0,0.7778,0.6285,0.0,-0.5956,0.7379,0.3175,0.1995,-0.2469,0.9483,25.5,0.0005,0.115,0.346,0.19533,193.5,760.0,211.2,780.1,175.7,739.7,56,0.177,0
54,0.154,-288.029,260.0,0.7819,0.6235,0.0,-0.5908,0.7418,0.3175,0.1979,-0.2482,0.9483,25.5,0.0006,0.118,0.354,0.20168,195.2,758.7,212.7,778.9,177.5,738.2,57,0.517,0
55,1.594,-286.888,260.0,0.7859,0.6183,0.0,-0.5859,0.7456,0.3175,0.1963,-0.2495,0.9483,25.5,0.0005,0.118,0.355,0.20462,196.9,757.3,214.2,777.7,179.3,736.8,59,0.652,0
56,3.041,-285.757,260.0,0.79,0.6131,0.0,-0.5809,0.7495,0.3175,0.1946,-0.2508,0.9483,25.5,0.0006,0.123,0.363,0.20658,198.6,756.0,215.8,776.5,181.2,735.3,60,0.322,0
57,4.496,-284.636,260.0,0.7942,0.6077,0.0,-0.576,0.7533,0.3175,0.1929,-0.2521,0.9483,25.5,0.0003,0.123,0.355,0.21339,200.3,754.7,217.3,775.3,183.0,733.9,61,0.008,0
58,5.959,-283.525,260.0,0.7983,0.6022,0.0,-0.5709,0.7571,0.3175,0.1912,-0.2534,0.9483,25.5,0.0002,0.123,0.364,0.21398,202.0,753.4,218.9,774.1,184.9,732.5,62,0.338,0
59,7.429,-282.424,260.0,0.8024,0.5968,-0.0001,-0.5659,0.7609,0.3175,0.1895,-0.2547,0.9483,25.5,0.0,0.123,0.36,0.2115,203.7,752.1,220.4,773.0,186.8,731.1,63,0.67,0
60,8.906,-281.333,260.0,0.8064,0.5914,-0.0003,-0.5609,0.7646,0.3174,0.1879,-0.2558,0.9483,25.5,0.0002,0.111,0.356,0.20973,205.4,750.9,222.0,771.8,188.7,729.7,65,0.492,0
61,10.391,-280.252,259.999,0.8105,0.5858,-0.0003,-0.5558,0.7683,0.3174,0.1862,-0.2571,0.9483,25.5,0.0005,0.123,0.361,0.2165,207.1,749.6,223.6,770.7,190.6,728.3,66,0.147,0
62,11.884,-279.181,259.998,0.8145,0.5801,-0.0003,-0.5506,0.772,0.3174,0.1844,-0.2584,0.9483,25.5,0.0007,0.127,0.366,0.2172,208.9,748.3,225.1,769.5,192.5,726.9,67,0.206,0
63,13.383,-278.12,259.998,0.8186,0.5744,-0.0002,-0.5454,0.7757,0.3174,0.1825,-0.2597,0.9483,25.5,0.001,0.132,0.366,0.21905,210.6,747.1,226.7,768.4,194.4,725.6,68,0.566,0
64,14.891,-277.071,259.998,0.8226,0.5686,0.0001,-0.5401,0.7794,0.3174,0.1804,-0.2611,0.9483,25.5,0.0011,0.145,0.37,0.21997,212.4,745.9,228.3,767.3,196.3,724.2,70,0.519,0
65,16.405,-276.032,259.998,0.8266,0.5628,0.0004,-0.5346,0.7832,0.3174,0.1783,-0.2626,0.9483,25.5,0.001,0.148,0.383,0.21998,214.2,744.7,229.9,766.2,198.3,722.9,71,0.126,0
66,17.927,-275.003,260.0,0.8304,0.5572,0.0009,-0.529,0.787,0.3174,0.1762,-0.2641,0.9483,25.5,0.0005,0.148,0.388,0.21168,216.0,743.5,231.5,765.1,200.2,721.6,72,0.28,0
67,19.456,-273.986,260.0,0.8349,0.5504,-0.0013,-0.5232,0.7908,0.3175,0.1758,-0.2644,0.9483,25.5,0.002,0.029,0.397,0.26347,217.7,742.3,233.1,764.0,202.2,720.3,73,0.7,0
68,20.994,-272.981,259.995,0.8393,0.5437,-0.0038,-0.5174,0.7947,0.3175,0.1756,-0.2645,0.9482,25.5,0.0034,0.013,0.4,0.2619,219.5,741.1,234.8,763.0,204.2,719.0,75,0.249,0
69,22.539,-271.988,259.987,0.8429,0.538,-0.0045,-0.5116,0.7984,0.3176,0.1744,-0.2654,0.9482,25.5,0.0031,0.086,0.394,0.21141,221.3,739.9,236.4,761.9,206.2,717.7,76,0.222,0
70,24.09,-271.004,259.979,0.8461,0.5331,-0.0036,-0.5061,0.8018,0.3176,0.1722,-0.2668,0.9482,25.5,0.0019,0.149,0.37,0.18467,223.2,738.8,238.0,760.9,208.1,716.4,78,0.621,0
71,25.647,-270.029,259.975,0.8487,0.5289,-0.0011,-0.5012,0.805,0.3176,0.1689,-0.269,0.9482,25.5,0.0,0.227,0.335,0.17267,225.0,737.6,239.7,759.9,210.1,715.2,79,0.1,0
72,27.208,-269.061,259.976,0.851,0.5252,0.0031,-0.4969,0.8076,0.3176,0.1643,-0.2718,0.9482,25.5,0.0023,0.309,0.288,0.18874,226.8,736.5,241.4,758.8,212.1,714.0,80,0.455,0
73,28.773,-268.099,259.988,0.8529,0.522,0.0094,-0.4935,0.8097,0.3175,0.1581,-0.2755,0.9482,25.5,0.0047,0.414,0.229,0.22823,228.6,735.4,243.1,757.8,214.0,712.8,82,0.228,0
74,30.341,-267.143,260.012,0.8544,0.5193,0.0182,-0.4912,0.8111,0.3174,0.1501,-0.2802,0.9481,25.5,0.0073,0.532,0.154,0.29089,230.5,734.3,244.8,756.7,215.9,711.6,83,0.387,0
75,31.912,-266.192,260.053,0.8572,0.5144,0.0224,-0.4902,0.8118,0.3173,0.1451,-0.283,0.9481,25.5,0.0045,0.328,0.07,0.21948,232.3,733.2,246.6,755.6,217.8,710.5,85,0.163,0
76,33.491,-265.254,260.093,0.8613,0.5075,0.0225,-0.4905,0.8117,0.3172,0.1428,-0.2842,0.9481,25.5,0.0034,0.149,0.019,0.25041,234.2,732.1,248.5,754.5,219.7,709.4,86,0.51,0
77,35.076,-264.327,260.139,0.8643,0.5021,0.0282,-0.4919,0.8109,0.317,0.1363,-0.2878,0.9479,25.5,0.0091,0.426,0.093,0.26223,236.0,731.0,250.4,753.4,221.5,708.3,88,0.071,0
78,36.665,-263.408,260.201,0.8659,0.4986,0.0402,-0.4943,0.8096,0.3167,0.1254,-0.2941,0.9475,25.5,0.0116,0.722,0.157,0.39315,237.9,729.9,252.3,752.3,223.3,707.3,90,0.331,0
79,38.255,-262.494,260.29,0.8658,0.4971,0.0584,-0.4974,0.8078,0.3163,0.11,-0.3029,0.9466,25.5,0.0106,1.018,0.207,0.56966,239.7,728.9,254.2,751.2,225.1,706.3,91,0.404,0
80,39.844,-261.581,260.419,0.8635,0.4975,0.0826,-0.5011,0.8057,0.3159,0.0906,-0.3141,0.945,25.5,0.0058,1.287,0.245,0.75842,241.6,727.9,256.2,750.2,226.8,705.3,93,0.043,0
81,41.426,-260.666,260.597,0.8593,0.4989,0.1129,-0.5052,0.8034,0.3153,0.0666,-0.328,0.9423,25.5,0.0023,1.597,0.272,0.95512,243.4,726.8,258.2,749.1,228.6,704.3,95,0.355,0
82,43.001,-259.751,260.836,0.8555,0.4967,0.1465,-0.5094,0.8009,0.3146,0.0389,-0.3438,0.9382,25.5,0.0081,1.842,0.283,1.05715,245.3,725.8,260.1,748.0,230.3,703.4,96,0.333,0
83,44.569,-258.841,261.129,0.8524,0.4944,0.1705,-0.5136,0.7986,0.3139,0.0191,-0.3551,0.9346,25.5,0.0106,1.322,0.277,0.75832,247.1,724.8,262.1,746.9,232.0,702.4,98,0.233,0
84,46.133,-257.935,261.456,0.8506,0.4926,0.184,-0.5172,0.7965,0.3133,0.0077,-0.3617,0.9323,25.5,0.0101,0.766,0.241,0.42854,249.0,723.8,264.0,745.9,233.7,701.5,99,0.345,0
85,47.695,-257.031,261.799,0.8506,0.4914,0.1872,-0.5201,0.7948,0.3127,0.0049,-0.3633,0.9317,25.5,0.0067,0.188,0.196,0.10661,250.8,722.8,266.0,744.8,235.5,700.5,101,0.52,0
86,49.259,-256.129,262.138,0.8523,0.491,0.1803,-0.522,0.7937,0.3123,0.0102,-0.3602,0.9328,25.5,0.0011,0.357,0.128,0.22203,252.7,721.8,267.9,743.8,237.3,699.6,102,0.13,0
87,50.827,-255.227,262.455,0.8555,0.4911,0.1644,-0.5224,0.7935,0.3121,0.0228,-0.3529,0.9354,25.5,0.0059,0.848,0.028,0.50589,254.5,720.8,269.7,742.8,239.1,698.6,103,0.197,0
88,52.397,-254.327,262.767,0.8548,0.4891,0.1738,-0.5213,0.7943,0.3122,0.0146,-0.3574,0.9338,25.5,0.0029,0.544,0.078,0.30063,256.4,719.8,271.5,741.9,241.0,697.5,104,0.441,0
89,53.967,-253.43,263.09,0.8548,0.4878,0.1772,-0.5187,0.7958,0.3125,0.0115,-0.359,0.9333,25.5,0.0002,0.202,0.173,0.11351,258.2,718.8,273.3,740.9,243.0,696.5,105,0.601,0
90,55.538,-252.535,263.415,0.8555,0.4873,0.1753,-0.515,0.798,0.3131,0.0126,-0.3581,0.9336,25.5,0.0032,0.083,0.249,0.06505,260.1,717.8,275.0,740.0,244.9,695.4,106,0.67,0
91,57.111,-251.64,263.731,0.8569,0.4873,0.1684,-0.5104,0.8007,0.3137,0.018,-0.3547,0.9348,25.5,0.0056,0.372,0.308,0.21959,261.9,716.9,276.7,739.1,246.9,694.4,107,0.643,0
92,58.686,-250.744,264.03,0.8589,0.4878,0.1558,-0.5053,0.8037,0.3144,0.0282,-0.3487,0.9368,25.5,0.007,0.688,0.341,0.39824,263.8,715.9,278.4,738.2,249.0,693.3,108,0.515,0
93,60.267,-249.847,264.299,0.8616,0.4889,0.1361,-0.4999,0.8068,0.315,0.0442,-0.3395,0.9396,25.5,0.0066,1.07,0.358,0.6211,265.6,714.9,280.1,737.3,251.0,692.2,109,0.286,0
94,61.852,-248.948,264.524,0.8649,0.4902,0.108,-0.4945,0.8099,0.3156,0.0672,-0.3263,0.9429,25.5,0.0034,1.531,0.358,0.88371,267.5,713.9,281.8,736.4,253.0,691.1,110,0.042,0
95,63.443,-248.049,264.706,0.8676,0.489,0.09,-0.4894,0.8128,0.316,0.0814,-0.3182,0.9445,25.5,0.0013,0.941,0.337,0.56903,269.4,712.8,283.6,735.5,255.1,689.9,111,0.463,0
96,65.039,-247.151,264.853,0.8696,0.4888,0.0695,-0.4845,0.8156,0.3163,0.0979,-0.3087,0.9461,25.5,0.0007,1.095,0.324,0.64261,271.3,711.8,285.3,734.6,257.1,688.8,112,0.976,0
97,66.637,-246.252,264.961,0.8705,0.4899,0.0474,-0.48,0.8182,0.3165,0.1163,-0.2982,0.9474,25.5,0.002,1.216,0.298,0.69089,273.1,710.8,287.0,733.6,259.1,687.7,112,0.86,0
98,68.236,-245.351,265.027,0.8701,0.4922,0.0247,-0.4758,0.8206,0.3165,0.1355,-0.2872,0.9482,25.5,0.0023,1.269,0.277,0.7119,275.0,709.7,288.8,732.6,261.1,686.6,113,0.258,0
99,69.833,-244.444,265.052,0.8685,0.4957,0.0029,-0.4718,0.8229,0.3165,0.1545,-0.2762,0.9486,25.5,0.0009,1.258,0.264,0.69063,276.9,708.7,290.5,731.7,263.1,685.5,114,0.431,0
100,71.428,-243.532,265.038,0.868,0.4962,-0.0186,-0.4682,0.8251,0.3163,0.1723,-0.2658,0.9485,25.5,0.0029,1.181,0.242,0.67096,278.8,707.6,292.3,730.7,265.1,684.3,115,1.204,0
101,73.021,-242.62,264.983,0.8667,0.4971,-0.0406,-0.4649,0.8271,0.316,0.1907,-0.255,0.9479,25.5,0.0046,1.223,0.222,0.68807,280.6,706.5,294.0,729.6,267.1,683.2,115,0.633,0
102,74.611,-241.705,264.888,0.8642,0.4992,-0.0631,-0.4619,0.8289,0.3157,0.2099,-0.2436,0.9469,25.5,0.0053,1.281,0.201,0.70925,282.5,705.4,295.8,728.6,269.1,682.0,116,0.224,0
103,76.195,-240.786,264.751,0.8603,0.5026,-0.0859,-0.4592,0.8305,0.3152,0.2298,-0.2317,0.9452,25.5,0.0047,1.332,0.182,0.72932,284.3,704.3,297.5,727.6,271.0,680.9,117,1.16,0
104,77.77,-239.858,264.572,0.855,0.507,-0.109,-0.457,0.8319,0.3148,0.2502,-0.2194,0.943,25.5,0.0033,1.371,0.151,0.75196,286.2,703.2,299.3,726.5,272.9,679.7,117,0.677,0
105,79.336,-238.924,264.351,0.8505,0.5092,-0.1313,-0.4551,0.8331,0.3143,0.2695,-0.2075,0.9404,25.5,0.0041,1.308,0.132,0.71302,288.0,702.1,301.1,725.4,274.8,678.5,118,0.332,0
106,80.894,-237.988,264.09,0.8458,0.5111,-0.1532,-0.4537,0.8341,0.3138,0.2882,-0.1959,0.9373,25.5,0.0055,1.273,0.103,0.7012,289.8,700.9,302.8,724.3,276.7,677.3,119,1.402,0
107,82.442,-237.046,263.789,0.8398,0.5139,-0.1751,-0.4526,0.8349,0.3133,0.3072,-0.1838,0.9337,25.5,0.0059,1.307,0.083,0.71369,291.6,699.8,304.6,723.2,278.5,676.1,119,0.435,0
108,83.978,-236.099,263.446,0.8325,0.5176,-0.1974,-0.4518,0.8355,0.3128,0.3269,-0.1712,0.9294,25.5,0.0054,1.362,0.064,0.741,293.4,698.6,306.3,722.0,280.3,675.0,120,0.691,0
109,85.5,-235.144,263.063,0.8238,0.5224,-0.2204,-0.4515,0.8358,0.3124,0.3474,-0.1578,0.9243,25.5,0.0042,1.433,0.033,0.78154,295.1,697.4,308.0,720.8,282.1,673.8,120,1.146,0
110,87.004,-234.18,262.636,0.8144,0.5264,-0.2442,-0.4514,0.836,0.312,0.3684,-0.1439,0.9185,25.5,0.0037,1.481,0.026,0.80797,296.9,696.2,309.8,719.6,283.9,672.5,121,0.031,0
111,88.492,-233.211,262.166,0.8054,0.529,-0.2673,-0.4517,0.836,0.3117,0.3884,-0.1304,0.9122,25.5,0.0049,1.429,0.024,0.77761,298.6,695.0,311.5,718.4,285.6,671.3,122,1.241,0
112,89.962,-232.237,261.655,0.7955,0.5322,-0.2897,-0.4522,0.8357,0.3116,0.408,-0.1169,0.9055,25.5,0.0052,1.417,0.034,0.7705,300.3,693.8,313.2,717.2,287.3,670.1,122,0.596,0
113,91.414,-231.256,261.102,0.7847,0.5358,-0.3118,-0.453,0.8353,0.3115,0.4274,-0.1032,0.8982,25.5,0.005,1.424,0.052,0.77548,301.9,692.5,314.8,715.9,288.9,668.9,123,0.65,0
114,92.844,-230.268,260.51,0.7726,0.5401,-0.3337,-0.4539,0.8348,0.3116,0.4468,-0.0893,0.8901,25.5,0.0038,1.444,0.059,0.79194,303.6,691.3,316.5,714.6,290.5,667.6,123,1.187,0
115,94.251,-229.271,259.876,0.7594,0.5443,-0.3563,-0.4551,0.834,0.3119,0.4669,-0.0747,0.8811,25.5,0.0028,1.514,0.084,0.82693,305.2,690.0,318.1,713.3,292.1,666.4,124,0.087,0
116,95.634,-228.269,259.2,0.7459,0.5473,-0.3796,-0.4565,0.8331,0.3122,0.4872,-0.0596,0.8713,25.5,0.0031,1.555,0.097,0.84524,306.7,688.7,319.7,712.0,293.6,665.1,125,1.379,0
117,96.991,-227.261,258.482,0.7317,0.5503,-0.4021,-0.458,0.8321,0.3128,0.5068,-0.0447,0.8609,25.5,0.003,1.531,0.109,0.8353,308.3,687.4,321.2,710.7,295.1,663.9,125,0.458,0
118,98.321,-226.247,257.724,0.717,0.5533,-0.4239,-0.4596,0.831,0.3134,0.5257,-0.0299,0.8501,25.5,0.0026,1.508,0.116,0.82557,309.8,686.1,322.8,709.3,296.6,662.6,126,0.849,0
119,99.624,-225.228,256.926,0.7017,0.5565,-0.4449,-0.4612,0.8298,0.3142,0.544,-0.0153,0.8389,25.5,0.0016,1.487,0.123,0.81666,311.2,684.7,324.3,707.9,298.0,661.3,126,0.989,0
120,100.899,-224.203,256.089,0.6856,0.5593,-0.466,-0.4629,0.8285,0.3152,0.5623,-0.0004,0.8269,25.5,0.0009,1.517,0.135,0.83256,312.6,683.4,325.7,706.6,299.4,660.0,127,0.324,0
121,102.143,-223.174,255.214,0.6687,0.5614,-0.4875,-0.4645,0.8272,0.3162,0.5808,0.015,0.8139,25.5,0.0004,1.568,0.131,0.85561,314.0,682.1,327.1,705.2,300.8,658.7,127,1.513,0
122,103.355,-222.141,254.299,0.6513,0.5631,-0.5086,-0.4661,0.8258,0.3174,0.5987,0.0304,0.8004,25.5,0.0,1.558,0.14,0.85479,315.4,680.7,328.5,703.8,302.1,657.4,128,0.202,0
123,104.535,-221.106,253.345,0.6334,0.5643,-0.5294,-0.4677,0.8244,0.3187,0.6163,0.0458,0.7862,25.5,0.0002,1.568,0.143,0.85695,316.7,679.3,329.8,702.3,303.4,656.1,129,1.104,0
124,105.682,-220.068,252.354,0.6151,0.5652,-0.5498,-0.4692,0.8231,0.32,0.6334,0.0612,0.7714,25.5,0.0007,1.568,0.136,0.85535,317.9,678.0,331.1,700.9,304.6,654.8,129,0.733,0
125,106.794,-219.029,251.326,0.5963,0.566,-0.5692,-0.4706,0.8217,0.3214,0.6496,0.0762,0.7564,25.5,0.0015,1.529,0.139,0.84313,319.1,676.6,332.4,699.5,305.8,653.5,130,0.559,0
126,107.872,-217.99,250.263,0.5768,0.566,-0.589,-0.4719,0.8204,0.3228,0.6659,0.0918,0.7403,25.5,0.002,1.588,0.132,0.86691,320.3,675.2,333.5,698.0,306.9,652.1,130,1.278,0
127,108.913,-216.95,249.162,0.5564,0.5652,-0.6091,-0.4731,0.8192,0.3242,0.6822,0.1078,0.7231,25.5,0.0023,1.638,0.126,0.89376,321.4,673.8,334.7,696.6,308.0,650.8,131,0.007,0
128,109.916,-215.914,248.025,0.5352,0.5633,-0.6295,-0.474,0.8181,0.3256,0.6984,0.1242,0.7048,25.5,0.0022,1.687,0.114,0.91973,322.5,672.4,335.8,695.2,309.1,649.5,132,1.244,1
129,110.878,-214.882,246.85,0.5132,0.561,-0.6496,-0.4749,0.817,0.327,0.7141,0.1407,0.6857,25.5,0.0022,1.703,0.114,0.93237,323.5,671.1,336.8,693.7,310.1,648.1,132,0.593,1
130,111.801,-213.853,245.64,0.4912,0.5587,-0.6683,-0.4756,0.8161,0.3283,0.7288,0.1566,0.6666,25.5,0.0029,1.654,0.099,0.90354,324.5,669.7,337.8,692.3,311.1,646.8,133,0.627,1
131,112.683,-212.83,244.395,0.4694,0.5555,-0.6863,-0.4761,0.8154,0.3295,0.7426,0.1721,0.6472,25.5,0.0033,1.628,0.085,0.88758,325.4,668.3,338.7,690.9,312.0,645.4,133,1.21,1
132,113.526,-211.813,243.119,0.4482,0.5515,-0.7035,-0.4764,0.8147,0.3305,0.7555,0.187,0.6279,25.5,0.0033,1.581,0.072,0.86076,326.3,666.9,339.5,689.5,312.9,644.1,134,0.023,1
133,114.33,-210.804,241.811,0.4275,0.5467,-0.72,-0.4766,0.8143,0.3314,0.7674,0.2014,0.6086,25.5,0.0028,1.539,0.057,0.83926,327.1,665.5,340.3,688.1,313.7,642.7,135,1.131,1
134,115.096,-209.804,240.475,0.4063,0.5425,-0.7353,-0.4766,0.814,0.3321,0.7787,0.2155,0.5892,25.5,0.0038,1.519,0.044,0.82605,327.9,664.2,341.1,686.7,314.5,641.4,135,0.706,1
135,115.823,-208.812,239.111,0.3854,0.5379,-0.7498,-0.4765,0.8138,0.3327,0.7891,0.2291,0.5699,25.5,0.0046,1.478,0.037,0.80635,328.6,662.8,341.8,685.3,315.2,640.1,136,0.409,1
136,116.512,-207.829,237.72,0.3652,0.5321,-0.7639,-0.4762,0.8138,0.333,0.7989,0.2422,0.5506,25.5,0.0047,1.45,0.024,0.78943,329.2,661.5,342.4,684.0,315.9,638.7,136,1.428,1
137,117.164,-206.858,236.305,0.3452,0.5251,-0.7778,-0.4759,0.814,0.333,0.8081,0.2552,0.531,25.5,0.0041,1.447,0.021,0.79055,329.9,660.1,343.0,682.6,316.6,637.4,137,0.354,1
138,117.78,-205.901,234.863,0.3253,0.5169,-0.7919,-0.4754,0.8144,0.3327,0.8169,0.2682,0.5106,25.5,0.0029,1.475,0.041,0.80264,330.5,658.8,343.6,681.3,317.2,636.1,138,0.675,1
139,118.358,-204.958,233.396,0.3034,0.5095,-0.8052,-0.4748,0.815,0.3321,0.8255,0.2816,0.4892,25.5,0.0038,1.528,0.06,0.83196,331.0,657.5,344.1,680.0,317.8,634.8,138,1.162,1
140,118.895,-204.03,231.905,0.2821,0.5017,-0.8178,-0.4742,0.8158,0.3312,0.8333,0.2943,0.468,25.5,0.0047,1.485,0.077,0.80941,331.5,656.2,344.6,678.7,318.3,633.5,139,0.184,1
141,119.395,-203.116,230.392,0.2624,0.4929,-0.8296,-0.4735,0.8167,0.33,0.8401,0.3062,0.4477,25.5,0.0045,1.403,0.095,0.76717,331.9,654.9,345.0,677.5,318.7,632.2,140,0.738,1
142,119.86,-202.22,228.858,0.2444,0.4832,-0.8407,-0.4727,0.8177,0.3285,0.8462,0.3171,0.4283,25.5,0.0034,1.322,0.113,0.72576,332.3,653.7,345.3,676.2,319.2,630.9,140,1.099,1
143,120.294,-201.341,227.304,0.2281,0.4728,-0.8511,-0.472,0.8188,0.3267,0.8514,0.3272,0.4099,25.5,0.0014,1.239,0.127,0.68489,332.7,652.5,345.7,675.0,319.6,629.7,141,0.238,1
144,120.697,-200.482,225.732,0.21,0.4626,-0.8613,-0.4712,0.8201,0.3247,0.8565,0.3377,0.3902,25.5,0.0008,1.312,0.144,0.72201,333.0,651.2,346.0,673.8,319.9,628.4,142,0.56,1
145,121.066,-199.642,224.141,0.1921,0.4527,-0.8707,-0.4706,0.8214,0.3224,0.8611,0.3478,0.3708,25.5,0.0007,1.281,0.155,0.70225,333.3,650.1,346.2,672.7,320.2,627.2,142,1.277,1
146,121.404,-198.82,222.534,0.1756,0.4428,-0.8793,-0.4699,0.8227,0.3199,0.865,0.357,0.3525,25.5,0.0005,1.195,0.166,0.65749,333.5,648.9,346.4,671.5,320.5,626.0,143,0.546,1
147,121.712,-198.015,220.911,0.1604,0.433,-0.887,-0.4693,0.8241,0.3172,0.8683,0.3654,0.3354,25.5,0.0002,1.108,0.178,0.61314,333.7,647.7,346.6,670.4,320.7,624.8,144,0.118,1
148,121.994,-197.229,219.276,0.1466,0.4234,-0.894,-0.4688,0.8255,0.3144,0.8711,0.373,0.3195,25.5,0.0003,1.022,0.182,0.56808,333.9,646.6,346.8,669.3,321.0,623.7,145,0.711,1
149,122.251,-196.46,217.627,0.1322,0.414,-0.9006,-0.4683,0.8268,0.3114,0.8736,0.3806,0.3032,25.5,0.0001,1.04,0.189,0.57461,334.1,645.5,346.9,668.2,321.1,622.5,145,1.126,1
150,122.479,-195.708,215.967,0.1168,0.4048,-0.9069,-0.4679,0.8282,0.3084,0.8759,0.3884,0.2862,25.5,0.0009,1.08,0.191,0.59307,334.2,644.4,347.0,667.2,321.3,621.4,146,0.605,1
151,122.681,-194.973,214.296,0.1034,0.3956,-0.9126,-0.4676,0.8296,0.3051,0.8778,0.3952,0.2708,25.5,0.0014,0.971,0.206,0.53728,334.3,643.3,347.1,666.2,321.4,620.3,147,0.16,1
152,122.86,-194.255,212.615,0.0917,0.3862,-0.9179,-0.4674,0.831,0.3015,0.8792,0.4014,0.2567,25.5,0.0013,0.886,0.222,0.4965,334.3,642.3,347.1,665.1,321.4,619.2,148,0.209,1
153,123.019,-193.554,210.924,0.0813,0.3764,-0.9229,-0.4673,0.8325,0.2976,0.8803,0.4071,0.2436,25.5,0.0007,0.821,0.239,0.47222,334.4,641.3,347.1,664.1,321.5,618.1,149,0.498,1
154,123.159,-192.872,209.225,0.072,0.3661,-0.9278,-0.4672,0.8341,0.2932,0.8812,0.4123,0.2311,25.5,0.0003,0.777,0.268,0.45906,334.4,640.3,347.1,663.2,321.5,617.1,150,0.708,1
155,123.282,-192.209,207.516,0.0602,0.357,-0.9322,-0.4672,0.8358,0.2884,0.8821,0.4181,0.2171,25.5,0.0014,0.87,0.292,0.4847,334.4,639.3,347.1,662.2,321.5,616.1,151,0.838,1
156,123.381,-191.561,205.8,0.0476,0.3477,-0.9364,-0.4673,0.8376,0.283,0.8827,0.4241,0.2024,25.5,0.004,0.91,0.326,0.50577,334.3,638.3,347.1,661.3,321.4,615.1,152,0.888,1
157,123.458,-190.932,204.076,0.037,0.337,-0.9408,-0.4674,0.8395,0.2772,0.8832,0.4295,0.1886,25.5,0.0048,0.85,0.35,0.48948,334.3,637.4,347.0,660.4,321.4,614.1,153,0.859,1
158,123.518,-190.324,202.344,0.0286,0.3249,-0.9453,-0.4677,0.8414,0.2708,0.8834,0.4343,0.176,25.5,0.004,0.773,0.383,0.48043,334.2,636.4,346.9,659.6,321.3,613.1,154,0.753,1
159,123.564,-189.739,200.604,0.0224,0.3116,-0.9499,-0.468,0.8434,0.264,0.8834,0.4387,0.1647,25.5,0.0015,0.695,0.406,0.47975,334.1,635.5,346.9,658.8,321.2,612.1,155,0.573,1
160,123.602,-189.18,198.855,0.0183,0.2974,-0.9546,-0.4685,0.8454,0.2567,0.8833,0.4425,0.1548,25.5,0.0022,0.608,0.435,0.48381,334.0,634.7,346.8,658.0,321.0,611.2,156,0.32,1
161,123.631,-188.651,197.096,0.0136,0.2778,-0.9606,-0.469,0.8473,0.2491,0.8831,0.4472,0.1418,25.5,0.0103,0.792,0.45,0.65593,333.8,633.9,346.7,657.2,320.9,610.3,157,0.012,1
162,123.651,-188.157,195.327,0.0076,0.2618,-0.9651,-0.4697,0.8492,0.2414,0.8828,0.4515,0.1294,25.5,0.0142,0.752,0.456,0.55123,333.7,633.1,346.6,656.5,320.8,609.5,158,0.391,1
163,123.659,-187.686,193.552,0.0008,0.2511,-0.968,-0.4704,0.8508,0.2343,0.8824,0.4552,0.1188,25.5,0.0135,0.644,0.419,0.40569,333.6,632.3,346.4,655.8,320.6,608.7,160,0.497,1
164,123.654,-187.231,191.772,-0.0065,0.2457,-0.9693,-0.4711,0.8521,0.2281,0.882,0.4582,0.1102,25.5,0.0087,0.522,0.365,0.28614,333.4,631.6,346.3,655.0,320.4,607.9,161,0.075,1
165,123.634,-186.781,189.992,-0.0143,0.2454,-0.9693,-0.4718,0.8529,0.2234,0.8816,0.4605,0.1036,25.5,0.0005,0.401,0.276,0.24349,333.2,630.8,346.1,654.3,320.2,607.2,163,0.551,1
166,123.601,-186.327,188.212,-0.0223,0.2496,-0.9681,-0.4724,0.8533,0.2208,0.8812,0.4623,0.0989,25.5,0.0098,0.289,0.155,0.28432,333.0,630.1,346.0,653.6,320.0,606.4,164,0.114,1
167,123.554,-185.867,186.435,-0.0277,0.249,-0.9681,-0.4729,0.853,0.2206,0.8808,0.464,0.0941,25.5,0.0119,0.293,0.035,0.16951,332.8,629.4,345.8,652.8,319.8,605.7,166,0.328,1
168,123.499,-185.412,184.656,-0.0328,0.2463,-0.9687,-0.4734,0.8523,0.2227,0.8804,0.4658,0.0886,25.5,0.0097,0.332,0.13,0.18095,332.6,628.6,345.5,652.0,319.6,605.0,167,0.395,1
169,123.433,-184.962,182.876,-0.0385,0.2445,-0.9689,-0.4737,0.851,0.2266,0.88,0.4677,0.083,25.5,0.0068,0.34,0.236,0.18654,332.4,627.9,345.3,651.2,319.4,604.4,169,0.05,1
170,123.357,-184.514,181.096,-0.045,0.2435,-0.9688,-0.4739,0.8495,0.2319,0.8795,0.4696,0.0772,25.5,0.0035,0.351,0.316,0.20514,332.2,627.2,345.1,650.4,319.2,603.7,171,0.389,1
171,123.268,-184.067,179.317,-0.0521,0.2434,-0.9685,-0.4741,0.8477,0.2381,0.8789,0.4716,0.0712,25.5,0.0004,0.364,0.37,0.22169,331.9,626.4,344.8,649.6,318.9,603.1,172,0.317,1
172,123.165,-183.619,177.538,-0.06,0.244,-0.9679,-0.4742,0.8457,0.2447,0.8783,0.4737,0.0649,25.5,0.002,0.382,0.395,0.24785,331.6,625.7,344.5,648.8,318.7,602.5,174,0.183,1
173,123.046,-183.17,175.761,-0.0687,0.2452,-0.967,-0.4742,0.8438,0.2512,0.8776,0.4758,0.0583,25.5,0.0034,0.399,0.388,0.27539,331.4,625.0,344.2,648.0,318.5,601.9,175,0.448,1
174,122.912,-182.718,173.986,-0.0781,0.2471,-0.9658,-0.4742,0.842,0.2571,0.8768,0.4781,0.0514,25.5,0.0032,0.419,0.353,0.30154,331.1,624.3,343.9,647.1,318.2,601.2,177,0.233,1
175,122.762,-182.264,172.213,-0.0852,0.2476,-0.9651,-0.4742,0.8405,0.2622,0.8761,0.48,0.0458,25.5,0.0045,0.341,0.305,0.22307,330.8,623.6,343.5,646.3,317.9,600.6,178,0.286,1
176,122.599,-181.808,170.441,-0.092,0.248,-0.9644,-0.4742,0.8392,0.2664,0.8753,0.4818,0.0404,25.5,0.0052,0.329,0.252,0.21362,330.4,622.8,343.2,645.5,317.6,599.9,180,0.651,1
177,122.424,-181.353,168.67,-0.0988,0.2483,-0.9636,-0.4742,0.838,0.2699,0.8746,0.4836,0.0349,25.5,0.0051,0.334,0.212,0.21378,330.1,622.1,342.8,644.8,317.3,599.3,181,0.277,1
178,122.236,-180.896,166.901,-0.1057,0.2486,-0.9628,-0.4741,0.8371,0.273,0.8738,0.4853,0.0294,25.5,0.0046,0.333,0.185,0.21688,329.7,621.4,342.4,644.0,316.9,598.6,182,0.046,1
179,122.035,-180.44,165.133,-0.1126,0.2488,-0.962,-0.474,0.8362,0.2757,0.873,0.4871,0.0238,25.5,0.0038,0.34,0.163,0.21675,329.4,620.7,342.0,643.2,316.6,598.0,183,0.303,1
180,121.822,-179.983,163.367,-0.1198,0.2489,-0.9611,-0.4739,0.8355,0.2783,0.8722,0.4888,0.0179,25.5,0.0027,0.355,0.154,0.22636,329.0,620.0,341.6,642.4,316.2,597.3,184,0.502,1
181,121.595,-179.525,161.602,-0.1273,0.249,-0.9601,-0.4737,0.8347,0.2808,0.8713,0.4905,0.0117,25.5,0.0015,0.372,0.151,0.23602,328.6,619.2,341.2,641.7,315.9,596.6,185,0.637,1
182,121.354,-179.068,159.84,-0.1352,0.249,-0.959,-0.4734,0.8339,0.2836,0.8704,0.4924,0.0051,25.5,0.0003,0.397,0.168,0.24879,328.2,618.5,340.8,640.9,315.5,596.0,186,0.706,1
183,121.098,-178.611,158.079,-0.1432,0.2493,-0.9578,-0.4731,0.8331,0.2867,0.8694,0.4942,-0.0014,25.5,0.0008,0.391,0.184,0.25253,327.8,617.8,340.3,640.1,315.1,595.3,187,0.705,1
184,120.828,-178.152,156.321,-0.151,0.2497,-0.9565,-0.4727,0.8321,0.2901,0.8683,0.4959,-0.0076,25.5,0.0017,0.374,0.204,0.24698,327.3,617.1,339.9,639.4,314.7,594.6,188,0.633,1
185,120.544,-177.693,154.566,-0.159,0.2499,-0.9551,-0.4721,0.8311,0.2939,0.8672,0.4977,-0.0141,25.5,0.0021,0.392,0.228,0.25343,326.9,616.4,339.4,638.6,314.2,594.0,189,0.489,1
186,120.244,-177.234,152.813,-0.167,0.2499,-0.9537,-0.4716,0.83,0.2978,0.8661,0.4995,-0.0208,25.5,0.0022,0.402,0.234,0.25336,326.4,615.7,338.9,637.8,313.8,593.3,190,0.271,1
187,119.93,-176.776,151.062,-0.1751,0.2497,-0.9524,-0.4709,0.8289,0.3019,0.8648,0.5014,-0.0275,25.5,0.0019,0.406,0.247,0.25597,325.9,615.0,338.4,637.0,313.4,592.7,191,0.024,1
188,119.601,-176.317,149.314,-0.183,0.2492,-0.951,-0.4703,0.8278,0.306,0.8635,0.5032,-0.0343,25.5,0.0013,0.41,0.246,0.25075,325.4,614.3,337.8,636.3,312.9,592.1,192,0.387,1
189,119.258,-175.86,147.569,-0.1907,0.2484,-0.9497,-0.4696,0.8267,0.31,0.8621,0.505,-0.041,25.5,0.0005,0.406,0.241,0.24488,324.9,613.6,337.3,635.5,312.4,591.4,193,0.825,1
190,118.901,-175.405,145.826,-0.1981,0.2475,-0.9484,-0.4688,0.8257,0.3138,0.8607,0.5068,-0.0475,25.5,0.0004,0.395,0.23,0.23605,324.4,612.9,336.7,634.8,311.9,590.8,193,1.011,1
191,118.53,-174.951,144.085,-0.2055,0.2467,-0.9471,-0.4681,0.8247,0.3174,0.8593,0.5085,-0.054,25.5,0.001,0.393,0.218,0.23567,323.8,612.2,336.1,634.0,311.4,590.1,194,0.503,1
192,118.146,-174.498,142.346,-0.213,0.2462,-0.9455,-0.4674,0.8238,0.3207,0.8579,0.5102,-0.0604,25.5,0.0008,0.388,0.2,0.23972,323.3,611.5,335.5,633.3,310.9,589.5,195,0.074,1
193,117.748,-174.047,140.611,-0.2201,0.2457,-0.944,-0.4667,0.823,0.3238,0.8565,0.5118,-0.0665,25.5,0.0007,0.37,0.188,0.22691,322.7,610.8,334.9,632.5,310.4,588.9,196,0.715,1
194,117.338,-173.596,138.878,-0.2269,0.2451,-0.9426,-0.4659,0.8223,0.3267,0.8552,0.5133,-0.0724,25.5,0.0007,0.357,0.177,0.21735,322.2,610.1,334.3,631.8,309.9,588.2,196,1.122,1
195,116.915,-173.146,137.148,-0.2335,0.2444,-0.9411,-0.4651,0.8216,0.3295,0.8538,0.5147,-0.0782,25.5,0.0007,0.351,0.172,0.21224,321.6,609.4,333.7,631.1,309.3,587.6,197,0.421,1
196,116.48,-172.698,135.421,-0.24,0.2437,-0.9397,-0.4643,0.821,0.3322,0.8524,0.5161,-0.0839,25.5,0.0007,0.346,0.165,0.20854,321.0,608.8,333.1,630.3,308.7,587.0,198,0.337,1
197,116.033,-172.251,133.696,-0.2465,0.2429,-0.9382,-0.4635,0.8204,0.3348,0.851,0.5174,-0.0897,25.5,0.0006,0.35,0.16,0.20956,320.3,608.1,332.4,629.6,308.2,586.3,199,1.144,1
198,115.574,-171.806,131.974,-0.2531,0.242,-0.9367,-0.4626,0.8198,0.3375,0.8496,0.5188,-0.0956,25.5,0.0007,0.357,0.167,0.21298,319.7,607.4,331.7,628.9,307.6,585.7,199,0.693,1
199,115.103,-171.362,130.255,-0.2599,0.2409,-0.9351,-0.4617,0.8192,0.3402,0.848,0.5201,-0.1016,25.5,0.0008,0.363,0.167,0.22062,319.1,606.7,331.1,628.2,307.0,585.1,200,0.159,1
200,114.619,-170.921,128.54,-0.2676,0.2391,-0.9334,-0.4607,0.8186,0.3431,0.8461,0.5218,-0.1089,25.5,0.0012,0.443,0.179,0.25232,318.4,606.1,330.4,627.5,306.4,584.4,201,1.045,1
201,114.12,-170.484,126.827,-0.2751,0.2374,-0.9316,-0.4596,0.8179,0.3461,0.8442,0.5234,-0.1159,25.5,0.0018,0.426,0.187,0.24637,317.8,605.4,329.7,626.8,305.8,583.8,201,0.792,1
202,113.608,-170.049,125.117,-0.2822,0.2362,-0.9298,-0.4583,0.8172,0.3494,0.8424,0.5248,-0.1224,25.5,0.0025,0.395,0.207,0.23152,317.1,604.8,328.9,626.1,305.1,583.2,202,0.121,1
203,113.084,-169.616,123.411,-0.289,0.2354,-0.9279,-0.4568,0.8165,0.3531,0.8408,0.526,-0.1284,25.5,0.0034,0.362,0.232,0.22164,316.4,604.1,328.2,625.4,304.5,582.6,203,1.05,1
204,112.547,-169.184,121.708,-0.2957,0.2351,-0.9259,-0.4551,0.8156,0.3573,0.8392,0.527,-0.1342,25.5,0.0045,0.349,0.265,0.21828,315.7,603.5,327.4,624.7,303.9,582.0,203,0.788,1
205,111.997,-168.752,120.009,-0.3025,0.2353,-0.9236,-0.453,0.8147,0.362,0.8377,0.5279,-0.1399,25.5,0.0056,0.342,0.299,0.224,315.0,602.8,326.7,624.0,303.2,581.4,204,0.147,1
206,111.435,-168.319,118.315,-0.3096,0.2361,-0.9211,-0.4506,0.8137,0.3673,0.8362,0.5287,-0.1455,25.5,0.0067,0.335,0.338,0.23612,314.3,602.2,325.8,623.3,302.6,580.8,205,1.075,1
207,110.86,-167.884,116.626,-0.3172,0.2377,-0.9181,-0.4477,0.8125,0.3734,0.8347,0.5295,-0.1513,25.5,0.0077,0.346,0.393,0.25978,313.5,601.5,325.0,622.5,301.9,580.3,205,0.761,1
208,110.269,-167.447,114.942,-0.3261,0.237,-0.9151,-0.4443,0.8111,0.3804,0.8325,0.5307,-0.1592,25.5,0.011,0.475,0.453,0.29377,312.8,600.9,324.2,621.8,301.3,579.7,206,0.149,1
209,109.661,-167.013,113.265,-0.3358,0.2363,-0.9118,-0.4402,0.8096,0.3883,0.83,0.5319,-0.1679,25.5,0.0149,0.523,0.517,0.32039,312.0,600.2,323.3,621.1,300.7,579.1,207,1.028,1
210,109.035,-166.578,111.593,-0.3462,0.2372,-0.9077,-0.4353,0.8078,0.3975,0.8276,0.5329,-0.1765,25.5,0.0185,0.515,0.606,0.34981,311.2,599.6,322.3,620.4,300.0,578.6,207,0.809,1
211,108.388,-166.14,109.931,-0.3578,0.24,-0.9024,-0.4294,0.8056,0.4081,0.8252,0.5336,-0.1852,25.5,0.0213,0.519,0.706,0.40725,310.4,599.0,321.3,619.6,299.4,578.0,208,0.029,1
212,107.72,-165.695,108.279,-0.371,0.2455,-0.8956,-0.4222,0.8031,0.4205,0.8227,0.5342,-0.1943,25.5,0.0228,0.542,0.834,0.49393,309.6,598.3,320.3,618.8,298.8,577.5,209,0.816,1
213,107.024,-165.236,106.642,-0.3869,0.2531,-0.8867,-0.4135,0.8001,0.4346,0.8196,0.535,-0.205,25.5,0.0229,0.64,0.965,0.61592,308.8,597.6,319.2,618.1,298.2,577.0,209,1.021,1
214,106.296,-164.766,105.023,-0.4066,0.2591,-0.8761,-0.4031,0.7964,0.4508,0.8148,0.5366,-0.2195,25.5,0.0247,0.88,1.123,0.72254,307.9,597.0,318.0,617.2,297.7,576.5,210,0.29,1
215,105.529,-164.283,103.426,-0.4287,0.2678,-0.8628,-0.3908,0.792,0.4691,0.8093,0.5384,-0.235,25.5,0.0251,0.948,1.288,0.84929,307.0,596.3,316.7,616.4,297.1,576.0,211,0.381,1
216,104.721,-163.781,101.854,-0.4514,0.2793,-0.8475,-0.3763,0.7867,0.4894,0.8036,0.54,-0.2501,25.5,0.0252,0.929,1.461,0.92628,306.0,595.6,315.3,615.5,296.6,575.5,212,0.989,1
217,103.866,-163.257,100.316,-0.4798,0.2919,-0.8274,-0.3596,0.7802,0.5118,0.7952,0.5432,-0.2695,25.5,0.0232,1.225,1.644,1.15445,305.0,594.9,313.8,614.5,296.1,575.0,212,0.848,1
218,102.957,-162.708,98.817,-0.5096,0.3055,-0.8044,-0.3406,0.7725,0.5359,0.7853,0.5472,-0.2897,25.5,0.0215,1.309,1.813,1.2487,303.9,594.2,312.2,613.5,295.6,574.5,213,0.302,1
219,101.995,-162.134,97.362,-0.5395,0.3194,-0.7791,-0.3192,0.7634,0.5616,0.7743,0.5518,-0.3099,25.5,0.0215,1.344,1.986,1.29654,302.8,593.4,310.5,612.4,295.1,574.1,214,0.189,1
220,100.972,-161.533,95.96,-0.5751,0.3354,-0.7462,-0.2957,0.7526,0.5883,0.759,0.5591,-0.3337,25.5,0.0165,1.674,2.13,1.59263,301.7,592.6,308.6,611.2,294.6,573.7,215,0.63,1
221,99.879,-160.901,94.626,-0.6153,0.3532,-0.7047,-0.27,0.7402,0.6158,0.7392,0.5692,-0.3601,25.5,0.0064,1.977,2.271,1.88645,300.4,591.8,306.7,610.0,294.1,573.3,216,1.035,1
222,98.715,-160.238,93.37,-0.6505,0.3679,-0.6644,-0.2425,0.7263,0.6432,0.7192,0.5795,-0.3833,25.5,0.0024,1.852,2.363,1.73149,299.1,591.0,304.6,608.7,293.5,572.9,216,0.803,1
223,97.494,-159.552,92.181,-0.6798,0.3798,-0.6275,-0.2137,0.711,0.6699,0.7005,0.5895,-0.4022,25.5,0.0051,1.628,2.415,1.51616,297.8,590.2,302.4,607.4,293.0,572.6,217,0.423,1
224,96.212,-158.842,91.075,-0.7181,0.3932,-0.5743,-0.1843,0.6949,0.695,0.6724,0.6049,-0.4266,25.5,0.0064,2.308,2.4,2.08783,296.3,589.3,300.2,606.1,292.4,572.2,218,0.051,1
225,94.859,-158.108,90.073,-0.7524,0.4049,-0.5195,-0.1547,0.6787,0.718,0.6434,0.6207,-0.4481,25.5,0.0182,2.258,2.34,2.05012,294.9,588.4,297.9,604.7,291.7,571.8,219,0.326,1
226,93.456,-157.359,89.156,-0.7743,0.4107,-0.4814,-0.1255,0.6625,0.7385,0.6223,0.6323,-0.4615,25.5,0.0137,1.579,2.245,1.38295,293.3,587.6,295.6,603.3,291.0,571.4,220,0.726,1
227,92.013,-156.599,88.309,-0.7969,0.4158,-0.4382,-0.0972,0.6467,0.7565,0.598,0.6455,-0.475,25.5,0.0149,1.763,2.124,1.52944,291.8,586.7,293.3,602.0,290.2,571.0,220,1.112,1
228,90.527,-155.832,87.551,-0.8205,0.4192,-0.3886,-0.0705,0.632,0.7717,0.5693,0.6608,-0.4892,25.5,0.0229,2.033,1.952,1.71718,290.2,585.8,290.9,600.7,289.4,570.6,221,0.674,1
229,89.003,-155.06,86.876,-0.8383,0.4206,-0.3471,-0.0461,0.619,0.7841,0.5448,0.6735,-0.4996,25.5,0.0268,1.69,1.736,1.4095,288.5,584.9,288.7,599.4,288.4,570.1,222,0.183,1
230,87.45,-154.29,86.271,-0.8522,0.4187,-0.3138,-0.024,0.6074,0.794,0.5233,0.6844,-0.5077,25.5,0.0256,1.457,1.538,1.12728,286.9,584.1,286.4,598.2,287.3,569.5,223,0.374,1
231,85.876,-153.52,85.72,-0.8622,0.4188,-0.2851,-0.0041,0.5973,0.802,0.5063,0.6928,-0.5134,25.5,0.025,1.135,1.358,0.94805,285.2,583.2,284.2,597.1,286.1,569.0,224,1.005,1
232,84.282,-152.754,85.223,-0.8729,0.4145,-0.2572,0.0136,0.5885,0.8084,0.4866,0.7024,-0.5195,25.5,0.0241,1.303,1.19,0.94184,283.5,582.3,282.1,596.0,284.9,568.4,224,0.831,1
233,82.67,-151.999,84.774,-0.8826,0.4085,-0.2327,0.0289,0.5812,0.8132,0.4675,0.7112,-0.5249,25.5,0.0227,1.244,1.01,0.84313,281.8,581.5,280.0,595.0,283.6,567.7,225,0.128,1
234,81.043,-151.249,84.366,-0.8883,0.4073,-0.2122,0.0421,0.5752,0.8169,0.4549,0.7169,-0.5282,25.5,0.0235,0.815,0.857,0.66479,280.0,580.7,277.9,594.0,282.2,567.1,226,0.637,2
235,79.406,-150.504,83.992,-0.8941,0.4029,-0.1958,0.0532,0.5705,0.8196,0.442,0.7225,-0.5316,25.5,0.0218,0.829,0.708,0.55975,278.3,579.9,275.9,593.1,280.8,566.4,226,1.2,2
236,77.759,-149.77,83.644,-0.8998,0.3963,-0.1828,0.0625,0.5668,0.8215,0.4292,0.7278,-0.5349,25.5,0.0182,0.816,0.584,0.48832,276.6,579.1,273.9,592.2,279.3,565.7,227,0.388,2
237,76.101,-149.05,83.318,-0.9052,0.3883,-0.1726,0.0703,0.5641,0.8227,0.4169,0.7327,-0.538,25.5,0.0134,0.779,0.478,0.43803,274.8,578.3,272.0,591.3,277.7,565.0,228,0.459,2
238,74.435,-148.344,83.01,-0.91,0.3818,-0.1619,0.0768,0.562,0.8235,0.4054,0.737,-0.5408,25.5,0.0114,0.721,0.394,0.41846,273.0,577.5,270.1,590.5,276.1,564.2,229,1.326,2
239,72.76,-147.646,82.723,-0.9133,0.3781,-0.1511,0.0822,0.5607,0.824,0.3963,0.7402,-0.5432,25.5,0.0124,0.57,0.319,0.37065,271.3,576.8,268.2,589.7,274.4,563.5,229,0.511,2
240,71.079,-146.955,82.453,-0.9161,0.3743,-0.1436,0.0864,0.5599,0.8241,0.3889,0.7426,-0.5453,25.5,0.0121,0.462,0.245,0.2764,269.5,576.0,266.3,588.9,272.8,562.8,230,0.361,2
241,69.394,-146.271,82.194,-0.9185,0.3704,-0.1383,0.0897,0.5596,0.8239,0.3825,0.7444,-0.5472,25.5,0.0109,0.396,0.19,0.21846,267.7,575.3,264.5,588.2,271.0,562.0,231,1.223,2
242,67.705,-145.594,81.944,-0.9208,0.3662,-0.1346,0.0922,0.5597,0.8235,0.3769,0.7459,-0.5491,25.5,0.0092,0.35,0.145,0.18872,265.9,574.5,262.6,587.5,269.3,561.3,231,0.615,2
243,66.011,-144.926,81.699,-0.9229,0.3616,-0.1324,0.0938,0.5603,0.823,0.3718,0.7471,-0.551,25.5,0.0071,0.319,0.102,0.17198,264.2,573.8,260.8,586.8,267.5,560.5,232,0.224,2
244,64.314,-144.266,81.457,-0.925,0.3565,-0.1313,0.0947,0.5613,0.8222,0.3669,0.7481,-0.5529,25.5,0.0046,0.307,0.09,0.17542,262.4,573.1,259.1,586.1,265.8,559.8,233,1.027,2
245,62.613,-143.616,81.216,-0.9272,0.3509,-0.1314,0.0951,0.5625,0.8213,0.3621,0.749,-0.5549,25.5,0.0013,0.302,0.089,0.18767,260.6,572.4,257.3,585.4,264.0,559.1,233,0.81,2
246,60.908,-142.978,80.974,-0.9295,0.3446,-0.1317,0.0949,0.564,0.8203,0.3569,0.75,-0.5569,25.5,0.0019,0.324,0.104,0.20948,258.8,571.7,255.5,584.8,262.1,558.3,234,0.051,2
247,59.198,-142.349,80.736,-0.9319,0.3396,-0.1273,0.0943,0.5656,0.8193,0.3502,0.7515,-0.5591,25.5,0.0001,0.413,0.113,0.22079,257.0,571.0,253.7,584.2,260.3,557.6,235,0.656,2
248,57.485,-141.73,80.505,-0.9341,0.3349,-0.1241,0.0932,0.5675,0.8181,0.3444,0.7526,-0.5613,25.5,0.0015,0.361,0.143,0.19019,255.2,570.4,252.0,583.6,258.4,556.9,235,1.18,2
249,55.767,-141.119,80.279,-0.9359,0.3304,-0.122,0.0919,0.5694,0.8169,0.3394,0.7533,-0.5633,25.5,0.0025,0.311,0.149,0.16472,253.4,569.7,250.2,583.0,256.6,556.1,236,0.534,2
250,54.047,-140.516,80.056,-0.9375,0.3262,-0.121,0.0901,0.5715,0.8156,0.3352,0.7538,-0.5652,25.5,0.0033,0.266,0.175,0.14363,251.6,569.1,248.5,582.4,254.7,555.4,237,0.047,2
251,52.323,-139.92,79.834,-0.9389,0.3221,-0.121,0.0881,0.5738,0.8143,0.3317,0.7539,-0.5671,25.5,0.0036,0.228,0.19,0.13514,249.8,568.4,246.8,581.8,252.8,554.7,238,0.546,2
252,50.598,-139.332,79.611,-0.9402,0.3181,-0.1219,0.0859,0.5761,0.8129,0.3288,0.7538,-0.5689,25.5,0.0034,0.196,0.199,0.13416,247.9,567.8,245.0,581.2,250.9,554.0,239,0.962,2
253,48.87,-138.752,79.386,-0.9412,0.3143,-0.1237,0.0834,0.5784,0.8114,0.3266,0.7534,-0.5707,25.5,0.0029,0.164,0.213,0.13481,246.1,567.2,243.3,580.7,249.0,553.3,239,0.875,2
254,47.14,-138.178,79.156,-0.9421,0.3105,-0.1266,0.0808,0.5809,0.81,0.325,0.7529,-0.5724,25.5,0.0017,0.137,0.222,0.15172,244.3,566.5,241.6,580.1,247.1,552.6,240,0.551,2
255,45.409,-137.611,78.92,-0.9428,0.3067,-0.1304,0.078,0.5834,0.8084,0.324,0.7521,-0.574,25.5,0.0,0.117,0.234,0.16905,242.5,565.9,239.9,579.6,245.2,551.9,241,0.324,2
256,43.676,-137.052,78.677,-0.9436,0.3025,-0.1347,0.0752,0.5859,0.8069,0.323,0.7512,-0.5756,25.5,0.0024,0.12,0.232,0.18915,240.7,565.3,238.2,579.1,243.3,551.2,242,0.186,2
257,41.942,-136.5,78.426,-0.9445,0.2981,-0.1381,0.0722,0.5884,0.8053,0.3214,0.7507,-0.5773,25.5,0.004,0.137,0.242,0.17572,238.9,564.7,236.4,578.5,241.3,550.6,243,0.133,2
258,40.207,-135.956,78.17,-0.9454,0.2939,-0.1407,0.0693,0.5909,0.8038,0.3194,0.7501,-0.579,25.5,0.0049,0.154,0.236,0.15663,237.0,564.1,234.7,578.0,239.4,549.9,244,0.156,2
259,38.469,-135.42,77.91,-0.9464,0.2898,-0.1425,0.0665,0.5934,0.8022,0.317,0.7497,-0.5809,25.5,0.0053,0.177,0.234,0.14312,235.2,563.5,233.0,577.5,237.5,549.2,245,0.249,2
260,36.73,-134.891,77.647,-0.9474,0.286,-0.1434,0.0637,0.5958,0.8006,0.3144,0.7494,-0.5828,25.5,0.0048,0.185,0.23,0.12575,233.4,563.0,231.3,577.0,235.6,548.6,246,0.405,2
261,34.989,-134.37,77.383,-0.9485,0.2823,-0.1435,0.0612,0.5982,0.799,0.3114,0.7491,-0.5847,25.5,0.0038,0.204,0.219,0.12046,231.6,562.4,229.5,576.5,233.6,548.0,247,0.617,2
262,33.246,-133.854,77.12,-0.9496,0.2789,-0.1428,0.0589,0.6005,0.7974,0.3082,0.7489,-0.5867,25.5,0.0023,0.217,0.208,0.1136,229.7,561.8,227.8,576.0,231.7,547.3,249,0.654,2
263,31.5,-133.345,76.859,-0.9508,0.2758,-0.1414,0.0568,0.6027,0.7959,0.3047,0.7487,-0.5887,25.5,0.0003,0.231,0.194,0.11249,227.9,561.3,226.0,575.5,229.8,546.7,250,0.316,2
264,29.753,-132.841,76.601,-0.9519,0.2729,-0.1391,0.0551,0.6049,0.7944,0.301,0.7486,-0.5908,25.5,0.0021,0.244,0.181,0.12042,226.1,560.7,224.3,575.1,227.9,546.1,251,0.048,2
265,28.004,-132.342,76.348,-0.9531,0.2703,-0.1362,0.0539,0.6069,0.793,0.297,0.7485,-0.593,25.5,0.0047,0.262,0.156,0.12715,224.2,560.2,222.5,574.6,226.0,545.5,252,0.415,2
266,26.252,-131.848,76.1,-0.9541,0.2674,-0.1349,0.053,0.6087,0.7916,0.2938,0.7481,-0.595,25.5,0.0054,0.217,0.14,0.10392,222.4,559.7,220.7,574.1,224.2,544.9,254,0.687,2
267,24.498,-131.36,75.853,-0.955,0.2645,-0.134,0.0526,0.6105,0.7903,0.2908,0.7477,-0.597,25.5,0.0053,0.208,0.129,0.09878,220.6,559.1,218.9,573.6,222.3,544.3,255,0.345,2
268,22.743,-130.877,75.607,-0.956,0.2616,-0.1331,0.0525,0.6122,0.789,0.2879,0.7473,-0.5989,25.5,0.0049,0.2,0.123,0.0997,218.7,558.6,217.1,573.1,220.4,543.7,256,0.047,2
269,20.987,-130.399,75.364,-0.9569,0.2587,-0.1323,0.0527,0.6138,0.7877,0.285,0.7468,-0.6009,25.5,0.0041,0.204,0.119,0.09794,216.9,558.1,215.3,572.7,218.6,543.2,257,0.246,2
270,19.228,-129.926,75.121,-0.9578,0.2558,-0.1314,0.053,0.6153,0.7865,0.2821,0.7463,-0.6029,25.5,0.0033,0.204,0.111,0.09879,215.1,557.6,213.4,572.2,216.7,542.6,258,0.476,2
271,17.468,-129.459,74.881,-0.9586,0.2529,-0.1305,0.0535,0.6168,0.7853,0.2791,0.7459,-0.6048,25.5,0.0022,0.205,0.114,0.09791,213.2,557.1,211.6,571.8,214.9,542.1,259,0.668,2
272,15.706,-128.997,74.642,-0.9595,0.25,-0.1296,0.054,0.6183,0.7841,0.2761,0.7454,-0.6067,25.5,0.0011,0.205,0.114,0.09879,211.4,556.6,209.8,571.3,213.0,541.5,260,0.822,2
273,13.943,-128.541,74.405,-0.9604,0.247,-0.1287,0.0545,0.6197,0.7829,0.2731,0.7449,-0.6087,25.5,0.0,0.209,0.109,0.10165,209.5,556.1,207.9,570.8,211.2,541.0,262,0.811,2
274,12.178,-128.09,74.169,-0.9614,0.2439,-0.1277,0.0548,0.6212,0.7817,0.27,0.7445,-0.6106,25.5,0.001,0.21,0.111,0.10626,207.7,555.6,206.1,570.4,209.3,540.4,263,0.756,2
275,10.411,-127.645,73.936,-0.9623,0.2407,-0.1267,0.055,0.6228,0.7805,0.2668,0.7441,-0.6125,25.5,0.0019,0.214,0.115,0.10827,205.9,555.1,204.3,570.0,207.5,539.9,264,0.73,2
276,8.643,-127.206,73.704,-0.9632,0.2374,-0.1256,0.0549,0.6244,0.7792,0.2634,0.7437,-0.6145,25.5,0.0025,0.227,0.118,0.11207,204.0,554.6,202.5,569.5,205.6,539.4,265,0.732,2
277,6.873,-126.772,73.475,-0.9642,0.2346,-0.1238,0.0545,0.626,0.7779,0.26,0.7433,-0.6164,25.5,0.002,0.224,0.12,0.1084,202.2,554.2,200.7,569.1,203.7,538.9,266,0.758,2
278,5.101,-126.344,73.249,-0.9651,0.2318,-0.1222,0.0538,0.6278,0.7765,0.2567,0.7428,-0.6183,25.5,0.0013,0.22,0.137,0.10443,200.3,553.7,198.8,568.7,201.8,538.4,267,0.805,2
279,3.328,-125.921,73.026,-0.9659,0.2288,-0.1209,0.0528,0.6296,0.7751,0.2535,0.7424,-0.6202,25.5,0.0007,0.214,0.143,0.10497,198.5,553.2,197.0,568.3,199.9,537.8,268,0.87,2
280,1.553,-125.504,72.805,-0.9668,0.2256,-0.1199,0.0516,0.6314,0.7737,0.2503,0.7418,-0.6221,25.5,0.0002,0.216,0.148,0.10828,196.6,552.8,195.2,567.9,198.0,537.3,269,0.949,2
281,-0.224,-125.092,72.585,-0.9676,0.2224,-0.1192,0.0502,0.6333,0.7723,0.2472,0.7413,-0.624,25.5,0.0002,0.21,0.157,0.10518,194.8,552.4,193.5,567.5,196.1,536.8,269,0.888,2
282,-2.002,-124.686,72.367,-0.9685,0.219,-0.1187,0.0485,0.6352,0.7708,0.2442,0.7407,-0.6258,25.5,0.0006,0.203,0.169,0.11079,192.9,551.9,191.7,567.1,194.2,536.3,270,0.799,2
283,-3.782,-124.288,72.149,-0.9693,0.2155,-0.1186,0.0467,0.6372,0.7693,0.2413,0.7401,-0.6277,25.5,0.0008,0.202,0.176,0.11204,191.1,551.5,189.9,566.8,192.3,535.8,271,0.702,2
284,-5.563,-123.895,71.931,-0.9701,0.2118,-0.1187,0.0447,0.6391,0.7678,0.2385,0.7395,-0.6295,25.5,0.0009,0.194,0.18,0.11813,189.2,551.1,188.1,566.4,190.3,535.4,272,0.601,2
285,-7.345,-123.51,71.712,-0.9709,0.2079,-0.1191,0.0427,0.6411,0.7663,0.2357,0.7389,-0.6313,25.5,0.0006,0.194,0.183,0.1248,187.3,550.6,186.3,566.0,188.4,534.9,273,0.5,2
286,-9.13,-123.131,71.493,-0.9716,0.2039,-0.1198,0.0405,0.6431,0.7647,0.233,0.7382,-0.6331,25.5,0.0002,0.19,0.193,0.12852,185.5,550.2,184.5,565.7,186.5,534.4,274,0.402,2
287,-10.915,-122.761,71.272,-0.9724,0.1999,-0.1203,0.0383,0.645,0.7632,0.2302,0.7375,-0.6349,25.5,0.0001,0.195,0.187,0.12821,183.6,549.8,182.8,565.3,184.5,534.0,275,0.308,2
288,-12.702,-122.397,71.051,-0.9732,0.1963,-0.1202,0.036,0.6469,0.7617,0.2273,0.7369,-0.6367,25.5,0.0004,0.199,0.191,0.11506,181.8,549.4,181.0,565.0,182.6,533.5,276,0.222,2
289,-14.49,-122.04,70.831,-0.9739,0.1925,-0.1201,0.0338,0.6489,0.7602,0.2243,0.7363,-0.6384,25.5,0.0007,0.201,0.191,0.12055,179.9,549.0,179.2,564.7,180.7,533.1,277,0.145,2
290,-16.279,-121.69,70.61,-0.9747,0.1886,-0.1201,0.0315,0.6508,0.7586,0.2212,0.7356,-0.6402,25.5,0.0009,0.209,0.194,0.12418,178.1,548.7,177.4,564.3,178.7,532.6,278,0.08,2
291,-18.07,-121.347,70.389,-0.9754,0.1846,-0.1201,0.0291,0.6526,0.7571,0.2182,0.735,-0.642,25.5,0.0012,0.203,0.192,0.12666,176.2,548.3,175.6,564.0,176.8,532.2,279,0.029,2
292,-19.863,-121.012,70.169,-0.9762,0.1805,-0.1202,0.0268,0.6545,0.7556,0.2151,0.7344,-0.6438,25.5,0.0012,0.208,0.191,0.13034,174.3,547.9,173.9,563.7,174.8,531.8,280,0.006,2
293,-21.656,-120.684,69.948,-0.977,0.1763,-0.1204,0.0245,0.6564,0.7541,0.2119,0.7337,-0.6455,25.5,0.001,0.211,0.191,0.1335,172.5,547.6,172.1,563.4,172.9,531.4,281,0.022,2
294,-23.452,-120.364,69.726,-0.9777,0.1719,-0.1206,0.0222,0.6582,0.7525,0.2087,0.7331,-0.6473,25.5,0.0007,0.213,0.191,0.13911,170.6,547.2,170.3,563.1,170.9,531.0,282,0.017,2
295,-25.248,-120.053,69.505,-0.9785,0.1674,-0.1208,0.0199,0.66,0.751,0.2055,0.7324,-0.6491,25.5,0.0003,0.214,0.188,0.1427,168.7,546.9,168.5,562.8,169.0,530.6,283,0.012,2
296,-27.046,-119.749,69.283,-0.9792,0.1628,-0.1211,0.0176,0.6618,0.7495,0.2022,0.7318,-0.6509,25.5,0.0003,0.218,0.188,0.14544,166.9,546.5,166.7,562.5,167.0,530.2,284,0.067,2
297,-28.845,-119.455,69.06,-0.98,0.158,-0.1207,0.0153,0.6635,0.748,0.1982,0.7312,-0.6527,25.5,0.0004,0.254,0.185,0.15232,165.0,546.2,164.9,562.3,165.1,529.8,285,0.149,2
298,-30.646,-119.169,68.839,-0.9809,0.1531,-0.1199,0.013,0.6653,0.7465,0.194,0.7307,-0.6546,25.5,0.0004,0.266,0.188,0.15739,163.1,545.9,163.1,562.0,163.1,529.5,286,0.261,2
299,-32.449,-118.892,68.619,-0.9817,0.1484,-0.1195,0.0107,0.667,0.745,0.1903,0.73,-0.6564,25.5,0.0005,0.239,0.185,0.14923,161.3,545.6,161.4,561.8,161.2,529.1,287,0.406,2
300,-34.252,-118.624,68.4,-0.9823,0.1438,-0.1196,0.0082,0.6688,0.7434,0.1869,0.7293,-0.6581,25.5,0.0008,0.221,0.199,0.14473,159.4,545.3,159.6,561.5,159.2,528.8,288,0.585,2
301,-36.058,-118.364,68.18,-0.9829,0.1394,-0.1202,0.0054,0.6705,0.7419,0.184,0.7285,-0.6598,25.5,0.001,0.198,0.206,0.13976,157.5,545.0,157.8,561.3,157.3,528.4,290,0.779,3
302,-37.863,-118.112,67.958,-0.9834,0.135,-0.1213,0.0024,0.6723,0.7403,0.1815,0.7277,-0.6615,25.5,0.0014,0.179,0.22,0.14234,155.7,544.7,156.0,561.0,155.3,528.1,291,0.482,3
303,-39.67,-117.868,67.734,-0.9838,0.1307,-0.1229,-0.001,0.6741,0.7386,0.1793,0.7268,-0.663,25.5,0.0017,0.161,0.241,0.14364,153.8,544.5,154.2,560.8,153.3,527.8,292,0.144,3
304,-41.477,-117.632,67.506,-0.9841,0.1263,-0.125,-0.0049,0.6759,0.737,0.1776,0.7258,-0.6645,25.5,0.0019,0.142,0.263,0.15237,151.9,544.2,152.5,560.6,151.3,527.5,293,0.238,3
305,-43.285,-117.404,67.274,-0.9843,0.122,-0.1278,-0.0093,0.6778,0.7352,0.1763,0.7248,-0.666,25.5,0.0021,0.127,0.293,0.16019,150.0,544.0,150.8,560.4,149.3,527.1,294,0.662,3
306,-45.093,-117.184,67.036,-0.9844,0.1174,-0.131,-0.0142,0.6797,0.7334,0.1751,0.7238,-0.6674,25.5,0.0023,0.12,0.318,0.17478,148.2,543.7,149.0,560.2,147.3,526.8,296,0.192,3
307,-46.902,-116.973,66.793,-0.9847,0.1119,-0.1337,-0.0198,0.6816,0.7315,0.173,0.7229,-0.6689,25.5,0.002,0.157,0.356,0.19136,146.3,543.5,147.3,560.0,145.2,526.6,297,0.368,3
308,-48.71,-116.773,66.546,-0.985,0.1063,-0.1361,-0.0257,0.6835,0.7295,0.1706,0.722,-0.6705,25.5,0.0013,0.173,0.373,0.1903,144.4,543.3,145.6,559.9,143.2,526.3,299,0.212,3
309,-50.52,-116.582,66.293,-0.9852,0.1008,-0.1383,-0.0318,0.6854,0.7275,0.1681,0.7211,-0.6721,25.5,0.0002,0.178,0.384,0.18489,142.5,543.0,143.9,559.7,141.1,526.0,300,0.488,3
310,-52.33,-116.402,66.038,-0.9855,0.0956,-0.1401,-0.0379,0.6872,0.7254,0.1656,0.7202,-0.6737,25.5,0.0014,0.178,0.384,0.17192,140.7,542.8,142.2,559.6,139.1,525.8,302,0.177,3
311,-54.14,-116.231,65.779,-0.9858,0.0907,-0.1415,-0.0436,0.6891,0.7234,0.1631,0.7193,-0.6753,25.5,0.0031,0.178,0.363,0.15924,138.8,542.6,140.5,559.4,137.0,525.5,304,0.047,3
312,-55.951,-116.068,65.518,-0.986,0.0865,-0.1424,-0.0489,0.6908,0.7214,0.1608,0.7183,-0.6769,25.5,0.0052,0.17,0.339,0.13413,136.9,542.5,138.8,559.3,135.0,525.3,306,0.038,3
313,-57.762,-115.913,65.256,-0.9863,0.0829,-0.1428,-0.0534,0.6924,0.7195,0.1586,0.7173,-0.6785,25.5,0.0073,0.166,0.294,0.11338,135.1,542.3,137.1,559.1,133.0,525.0,308,0.09,3
314,-59.574,-115.764,64.994,-0.9867,0.0787,-0.1421,-0.0569,0.694,0.7177,0.1552,0.7163,-0.6803,25.5,0.0088,0.228,0.243,0.13339,133.2,542.1,135.3,559.0,131.0,524.8,310,0.212,3
315,-61.386,-115.624,64.734,-0.9873,0.0737,-0.1411,-0.0596,0.6955,0.716,0.1509,0.7153,-0.6823,25.5,0.0091,0.278,0.202,0.16017,131.3,541.9,133.5,558.9,129.1,524.6,312,0.278,3
316,-63.2,-115.493,64.475,-0.9876,0.0696,-0.141,-0.0616,0.697,0.7145,0.1479,0.7143,-0.684,25.5,0.0086,0.206,0.167,0.12824,129.5,541.8,131.7,558.8,127.1,524.4,314,0.194,3
317,-65.015,-115.368,64.216,-0.9877,0.0661,-0.1417,-0.0633,0.6984,0.7129,0.1461,0.7131,-0.6856,25.5,0.0077,0.154,0.156,0.11135,127.6,541.6,129.9,558.7,125.2,524.2,316,0.157,3
318,-66.829,-115.25,63.954,-0.9877,0.0631,-0.1433,-0.0651,0.6998,0.7113,0.1452,0.7119,-0.6871,25.5,0.0065,0.122,0.16,0.10603,125.7,541.5,128.1,558.6,123.2,524.1,317,0.516,3
319,-68.643,-115.136,63.689,-0.9875,0.0605,-0.1458,-0.0673,0.7013,0.7097,0.1452,0.7106,-0.6885,25.5,0.0054,0.109,0.178,0.1127,123.8,541.4,126.3,558.5,121.3,523.9,319,0.224,3
320,-70.457,-115.027,63.418,-0.9871,0.0581,-0.1495,-0.0701,0.7028,0.7079,0.1462,0.7092,-0.6897,25.5,0.0042,0.12,0.209,0.13806,122.0,541.2,124.6,558.4,119.3,523.7,320,0.235,3
321,-72.27,-114.922,63.139,-0.9864,0.056,-0.1545,-0.074,0.7044,0.7059,0.1484,0.7078,-0.6907,25.5,0.0034,0.16,0.267,0.17053,120.1,541.1,122.8,558.3,117.3,523.5,321,0.611,3
322,-74.08,-114.821,62.849,-0.9854,0.054,-0.1618,-0.0793,0.7061,0.7037,0.1522,0.7062,-0.6915,25.5,0.0024,0.241,0.343,0.2382,118.2,541.0,121.1,558.2,115.3,523.4,323,0.69,3
323,-75.889,-114.724,62.544,-0.9844,0.0508,-0.1686,-0.0862,0.7078,0.7011,0.155,0.7047,-0.6924,25.5,0.0026,0.189,0.434,0.23648,116.4,540.9,119.4,558.2,113.3,523.2,324,0.534,3
324,-77.697,-114.636,62.231,-0.9839,0.0457,-0.1727,-0.0949,0.7096,0.6982,0.1545,0.7034,-0.6939,25.5,0.0052,0.117,0.535,0.20474,114.5,540.7,117.8,558.1,111.2,523.0,325,0.456,3
325,-79.502,-114.556,61.907,-0.9828,0.0412,-0.1802,-0.1051,0.7114,0.6949,0.1569,0.7018,-0.6949,25.5,0.0074,0.175,0.623,0.27505,112.7,540.6,116.2,558.0,109.0,522.9,326,0.458,3
326,-81.306,-114.484,61.566,-0.9807,0.0377,-0.1919,-0.1164,0.7133,0.6911,0.1629,0.7002,-0.6951,25.5,0.0084,0.356,0.692,0.38648,110.8,540.5,114.7,558.0,106.8,522.7,327,0.541,3
327,-83.104,-114.417,61.2,-0.9775,0.0356,-0.2077,-0.1285,0.7151,0.6871,0.173,0.6984,-0.6945,25.5,0.0084,0.589,0.737,0.50719,109.0,540.4,113.2,558.0,104.7,522.6,328,0.71,3
328,-84.896,-114.352,60.801,-0.9732,0.0353,-0.2271,-0.1412,0.717,0.6826,0.1869,0.6965,-0.6928,25.5,0.0077,0.81,0.78,0.62,107.1,540.4,111.7,557.9,102.5,522.4,329,0.966,3
329,-86.68,-114.29,60.369,-0.9694,0.0318,-0.2433,-0.154,0.7188,0.6779,0.1965,0.6947,-0.692,25.5,0.0072,0.561,0.788,0.53039,105.3,540.3,110.2,557.9,100.3,522.3,329,0.871,3
330,-88.457,-114.235,59.906,-0.9647,0.0289,-0.2618,-0.1669,0.7207,0.6729,0.2081,0.6928,-0.6904,25.5,0.0057,0.68,0.8,0.60228,103.5,540.2,108.7,557.8,98.1,522.1,330,0.522,3
331,-90.224,-114.184,59.407,-0.9591,0.0269,-0.2817,-0.1797,0.7225,0.6676,0.2215,0.6909,-0.6882,25.5,0.0037,0.786,0.8,0.64794,101.7,540.1,107.3,557.8,96.0,522.0,331,0.078,3
332,-91.98,-114.135,58.871,-0.9531,0.0261,-0.3017,-0.1922,0.7244,0.662,0.2358,0.689,-0.6854,25.5,0.0024,0.842,0.792,0.65182,99.9,540.0,105.8,557.8,93.9,521.9,332,0.469,3
333,-93.725,-114.088,58.299,-0.9469,0.0243,-0.3205,-0.2043,0.7263,0.6563,0.2487,0.687,-0.6828,25.5,0.0008,0.763,0.774,0.62002,98.1,539.9,104.4,557.7,91.8,521.7,333,1.131,3
334,-95.458,-114.046,57.693,-0.9404,0.0224,-0.3395,-0.2159,0.7282,0.6505,0.2618,0.685,-0.6799,25.5,0.0015,0.777,0.751,0.62923,96.4,539.8,102.9,557.7,89.7,521.6,333,0.706,3
335,-97.179,-114.005,57.052,-0.9334,0.0217,-0.3582,-0.2269,0.7301,0.6446,0.2755,0.683,-0.6765,25.5,0.0033,0.817,0.723,0.62328,94.6,539.7,101.5,557.7,87.7,521.4,334,0.084,3
336,-98.887,-113.965,56.378,-0.9265,0.0221,-0.3757,-0.2371,0.7319,0.6388,0.2891,0.6809,-0.6729,25.5,0.0041,0.815,0.68,0.58692,92.9,539.7,100.0,557.7,85.7,521.3,335,1.014,3
337,-100.583,-113.924,55.673,-0.9198,0.0227,-0.3917,-0.2466,0.7338,0.6331,0.3017,0.6789,-0.6693,25.5,0.0045,0.76,0.644,0.5414,91.2,539.6,98.6,557.6,83.7,521.2,335,0.823,3
338,-102.266,-113.884,54.94,-0.9133,0.0212,-0.4067,-0.2553,0.7355,0.6275,0.3125,0.677,-0.6664,25.5,0.0064,0.65,0.601,0.51212,89.5,539.5,97.1,557.6,81.8,521.0,336,0.258,3
339,-103.938,-113.845,54.179,-0.9068,0.0213,-0.4211,-0.2631,0.7373,0.6223,0.3237,0.6751,-0.663,25.5,0.0078,0.679,0.547,0.49282,87.8,539.4,95.7,557.5,79.9,520.9,337,1.5,3
340,-105.597,-113.805,53.394,-0.9003,0.0227,-0.4346,-0.2703,0.7389,0.6173,0.3352,0.6732,-0.6591,25.5,0.0082,0.704,0.511,0.46946,86.2,539.3,94.2,557.5,78.0,520.8,337,0.337,3
341,-107.245,-113.761,52.583,-0.8941,0.0255,-0.4472,-0.2767,0.7403,0.6126,0.3467,0.6715,-0.6549,25.5,0.0077,0.708,0.462,0.44662,84.5,539.2,92.7,557.4,76.2,520.6,338,1.073,3
342,-108.882,-113.711,51.751,-0.888,0.0292,-0.4588,-0.2826,0.7416,0.6084,0.3581,0.6699,-0.6504,25.5,0.0065,0.708,0.422,0.42487,82.9,539.1,91.2,557.3,74.4,520.5,338,0.763,3
343,-110.508,-113.656,50.898,-0.8824,0.0292,-0.4696,-0.2878,0.7427,0.6046,0.3665,0.6687,-0.647,25.5,0.0083,0.524,0.374,0.37944,81.3,539.0,89.8,557.3,72.6,520.3,339,0.821,3
344,-112.123,-113.603,50.027,-0.877,0.0297,-0.4795,-0.2926,0.7436,0.6012,0.3745,0.6676,-0.6435,25.5,0.0096,0.504,0.341,0.35219,79.7,538.9,88.3,557.2,70.9,520.2,339,1.015,3
345,-113.73,-113.546,49.137,-0.8718,0.0318,-0.4888,-0.2969,0.7443,0.5982,0.3828,0.6667,-0.6395,25.5,0.0099,0.53,0.303,0.33872,78.1,538.7,86.8,557.1,69.2,520.1,340,0.744,3
346,-115.326,-113.485,48.231,-0.8667,0.0352,-0.4977,-0.3008,0.7448,0.5956,0.3916,0.6659,-0.635,25.5,0.0095,0.568,0.27,0.33709,76.5,538.6,85.3,557.0,67.5,519.9,340,1.093,3
347,-116.914,-113.416,47.309,-0.8615,0.0399,-0.5063,-0.3043,0.7451,0.5935,0.4009,0.6653,-0.6298,25.5,0.0086,0.611,0.234,0.34604,74.9,538.5,83.9,556.8,65.8,519.8,341,0.831,3
348,-118.491,-113.338,46.371,-0.8561,0.0458,-0.5148,-0.3074,0.7453,0.5917,0.4108,0.6648,-0.6239,25.5,0.0073,0.661,0.206,0.36405,73.4,538.3,82.4,556.7,64.2,519.7,341,1.006,3
349,-120.058,-113.247,45.418,-0.8504,0.0532,-0.5234,-0.3102,0.7452,0.5903,0.4214,0.6644,-0.6173,25.5,0.0055,0.716,0.179,0.39605,71.8,538.2,80.9,556.5,62.6,519.5,342,1.068,3
350,-121.615,-113.147,44.448,-0.8448,0.0557,-0.5322,-0.3127,0.745,0.5892,0.4293,0.6642,-0.612,25.5,0.0079,0.545,0.157,0.33463,70.3,538.0,79.5,556.3,61.0,519.4,342,0.769,3
351,-123.162,-113.042,43.463,-0.8395,0.0587,-0.5402,-0.315,0.7446,0.5885,0.4368,0.6642,-0.6067,25.5,0.0098,0.526,0.14,0.3136,68.8,537.8,78.0,556.2,59.4,519.2,343,1.435,3
352,-124.699,-112.93,42.464,-0.8345,0.0628,-0.5475,-0.3171,0.7441,0.588,0.4443,0.6643,-0.601,25.5,0.0106,0.54,0.127,0.30419,67.3,537.7,76.6,556.0,57.8,519.1,343,0.403,3
353,-126.227,-112.81,41.452,-0.8295,0.0681,-0.5543,-0.319,0.7434,0.5878,0.4522,0.6645,-0.595,25.5,0.0106,0.568,0.117,0.31088,65.8,537.5,75.1,555.7,56.3,518.9,344,1.91,3
354,-127.746,-112.679,40.428,-0.8245,0.0747,-0.5609,-0.3208,0.7427,0.5878,0.4605,0.6646,-0.5884,25.5,0.0097,0.608,0.111,0.33029,64.3,537.3,73.7,555.5,54.8,518.7,344,0.075,3
355,-129.256,-112.535,39.392,-0.8193,0.0827,-0.5673,-0.3224,0.7418,0.588,0.4695,0.6647,-0.5811,25.5,0.0081,0.664,0.106,0.35837,62.9,537.1,72.3,555.3,53.2,518.5,344,1.764,3
356,-130.756,-112.374,38.344,-0.8138,0.0924,-0.5737,-0.3239,0.7409,0.5884,0.4794,0.6647,-0.573,25.5,0.0055,0.733,0.103,0.40102,61.4,536.8,70.9,555.0,51.7,518.3,345,0.633,3
357,-132.245,-112.194,37.284,-0.8078,0.1035,-0.5803,-0.3254,0.7399,0.5888,0.4903,0.6645,-0.564,25.5,0.0022,0.81,0.106,0.44432,60.0,536.6,69.5,554.7,50.2,518.1,345,1.204,3
358,-133.724,-111.997,36.212,-0.8019,0.1114,-0.587,-0.3269,0.7388,0.5893,0.4994,0.6645,-0.556,25.5,0.0015,0.694,0.11,0.37184,58.5,536.3,68.1,554.4,48.8,517.9,346,1.25,3
359,-135.191,-111.785,35.128,-0.7957,0.1197,-0.5938,-0.3284,0.7377,0.5898,0.5086,0.6643,-0.5477,25.5,0.0006,0.71,0.11,0.38653,57.1,536.0,66.8,554.1,47.3,517.6,346,0.587,3
360,-136.647,-111.557,34.031,-0.7891,0.1285,-0.6007,-0.33,0.7367,0.5903,0.5184,0.664,-0.5389,25.5,0.0005,0.755,0.112,0.405,55.7,535.7,65.4,553.7,45.9,517.4,347,1.893,3
361,-138.09,-111.312,32.921,-0.7819,0.1382,-0.6079,-0.3318,0.7356,0.5906,0.5288,0.6635,-0.5293,25.5,0.0021,0.811,0.122,0.43871,54.3,535.4,64.1,553.4,44.4,517.1,347,0.06,3
362,-139.519,-111.048,31.797,-0.7738,0.1491,-0.6157,-0.3338,0.7346,0.5907,0.5404,0.6625,-0.5187,25.5,0.0041,0.902,0.128,0.48842,53.0,535.0,62.8,553.0,43.0,516.8,347,1.781,3
363,-140.932,-110.763,30.658,-0.7643,0.1616,-0.6243,-0.3361,0.7337,0.5905,0.5535,0.6611,-0.5065,25.5,0.0068,1.029,0.142,0.55839,51.6,534.7,61.5,552.6,41.6,516.5,348,0.693,3
364,-142.325,-110.453,29.503,-0.7532,0.1768,-0.6336,-0.3387,0.7329,0.59,0.5687,0.659,-0.4922,25.5,0.0109,1.202,0.158,0.655,50.3,534.3,60.2,552.2,40.2,516.1,348,1.144,3
365,-143.698,-110.113,28.331,-0.7415,0.1933,-0.6425,-0.3418,0.7322,0.5891,0.5844,0.6565,-0.4769,25.5,0.0165,1.264,0.189,0.68937,49.0,533.9,59.0,551.7,38.8,515.7,349,1.267,3
366,-145.048,-109.744,27.142,-0.7283,0.2088,-0.6526,-0.3453,0.7317,0.5877,0.6003,0.6535,-0.461,25.5,0.0207,1.3,0.218,0.70893,47.7,533.4,57.8,551.3,37.5,515.3,349,0.571,3
367,-146.373,-109.347,25.933,-0.7136,0.2229,-0.6641,-0.3493,0.7314,0.5856,0.6165,0.6501,-0.4442,25.5,0.0234,1.351,0.259,0.72973,46.5,532.9,56.7,550.8,36.1,514.8,350,1.719,3
368,-147.669,-108.926,24.702,-0.6971,0.2355,-0.6772,-0.3539,0.7314,0.5829,0.6327,0.6462,-0.4267,25.5,0.0242,1.385,0.306,0.76579,45.3,532.4,55.6,550.3,34.8,514.3,350,0.123,3
369,-148.932,-108.483,23.444,-0.6784,0.2487,-0.6913,-0.359,0.7317,0.5794,0.6502,0.6415,-0.4072,25.5,0.025,1.525,0.355,0.83866,44.1,531.9,54.5,549.8,33.5,513.8,350,1.956,3
370,-150.159,-108.009,22.162,-0.6565,0.2672,-0.7054,-0.3648,0.7323,0.575,0.6705,0.6351,-0.3835,25.5,0.0296,1.825,0.419,0.99676,43.0,531.4,53.6,549.2,32.2,513.2,351,0.171,3
371,-151.342,-107.503,20.852,-0.6319,0.2829,-0.7216,-0.3711,0.7334,0.5696,0.6907,0.628,-0.3586,25.5,0.031,1.882,0.48,1.04121,41.9,530.8,52.6,548.6,31.0,512.6,351,1.668,3
372,-152.478,-106.972,19.51,-0.6049,0.2945,-0.7399,-0.378,0.735,0.5629,0.7099,0.6204,-0.3334,25.5,0.0286,1.867,0.559,1.08002,40.9,530.1,51.8,548.1,29.8,511.9,352,0.266,3
373,-153.562,-106.42,18.133,-0.5731,0.3096,-0.7588,-0.3855,0.7372,0.5549,0.7314,0.6108,-0.3032,25.5,0.0281,2.194,0.641,1.24645,39.9,529.5,50.9,547.5,28.6,511.2,352,1.571,3
374,-154.582,-105.836,16.722,-0.5383,0.324,-0.778,-0.3934,0.74,0.5456,0.7527,0.6,-0.271,25.5,0.0271,2.297,0.717,1.31881,39.0,528.8,50.2,546.9,27.5,510.5,353,0.161,3
375,-155.54,-105.235,15.275,-0.5051,0.3289,-0.7979,-0.4016,0.7434,0.535,0.7693,0.5907,-0.2434,25.5,0.0205,1.921,0.792,1.21727,38.1,528.1,49.6,546.3,26.5,509.7,353,1.677,3
376,-156.437,-104.629,13.791,-0.4701,0.3337,-0.8171,-0.4097,0.7473,0.5232,0.7853,0.5808,-0.2146,25.5,0.0145,1.971,0.85,1.25438,37.4,527.4,49.0,545.7,25.6,508.9,354,0.152,3
377,-157.265,-104.012,12.273,-0.4316,0.3372,-0.8367,-0.4176,0.7516,0.5105,0.8011,0.5698,-0.1836,25.5,0.0065,2.091,0.892,1.35226,36.7,526.7,48.4,545.1,24.7,508.1,355,1.183,3
378,-158.025,-103.397,10.718,-0.3961,0.331,-0.8565,-0.4251,0.7564,0.4972,0.8124,0.561,-0.1589,25.5,0.0071,1.636,0.917,1.28285,36.0,526.0,48.0,544.6,23.9,507.2,355,0.655,3
379,-158.722,-102.797,9.128,-0.3615,0.3233,-0.8745,-0.4319,0.7613,0.4836,0.8223,0.5526,-0.1356,25.5,0.0206,1.528,0.915,1.24018,35.5,525.3,47.6,544.0,23.2,506.4,356,0.498,3
380,-159.35,-102.206,7.506,-0.3239,0.3202,-0.8902,-0.4378,0.7663,0.4703,0.8332,0.5423,-0.1081,25.5,0.0315,1.795,0.881,1.27503,35.0,524.6,47.2,543.4,22.6,505.6,356,1.339,3
381,-159.916,-101.618,5.861,-0.2933,0.3212,-0.9005,-0.4424,0.7708,0.4584,0.8419,0.5331,-0.084,25.5,0.0355,1.56,0.775,1.00775,34.6,523.9,46.8,542.9,22.1,504.8,357,0.336,3
382,-160.426,-101.042,4.194,-0.2651,0.3085,-0.9135,-0.4455,0.7748,0.4486,0.8473,0.5267,-0.0681,25.5,0.0527,1.03,0.632,1.0468,34.2,523.3,46.5,542.3,21.7,504.0,358,0.549,3
383,-160.895,-100.477,2.51,-0.2463,0.3085,-0.9188,-0.4473,0.7779,0.4413,0.8522,0.5205,-0.0537,25.5,0.0553,0.941,0.466,0.60918,33.9,522.6,46.2,541.7,21.4,503.3,358,1.288,3
384,-161.334,-99.903,0.821,-0.2313,0.3181,-0.9194,-0.4479,0.7801,0.4368,0.8573,0.5135,-0.038,25.5,0.0498,1.027,0.289,0.55579,33.6,521.9,45.9,541.1,21.1,502.5,359,0.495,3
385,-161.746,-99.301,-0.865,-0.2173,0.3389,-0.9154,-0.4475,0.7811,0.4354,0.8632,0.5046,-0.0181,25.5,0.0366,1.294,0.101,0.79194,33.3,521.3,45.7,540.4,20.9,501.8,360,0.23,3
386,-162.13,-98.653,-2.54,-0.2003,0.3628,-0.9101,-0.4462,0.7808,0.4373,0.8696,0.4938,0.0054,25.5,0.0253,1.527,0.133,0.9299,33.1,520.5,45.4,539.7,20.7,501.1,361,0.905,3
387,-162.481,-97.972,-4.209,-0.1814,0.3801,-0.907,-0.4442,0.7791,0.4424,0.875,0.4833,0.0275,25.5,0.0245,1.436,0.329,0.80508,32.9,519.7,45.1,538.8,20.5,500.4,361,0.932,3
388,-162.797,-97.253,-5.87,-0.162,0.4032,-0.9007,-0.4418,0.7762,0.4499,0.8806,0.4709,0.0524,25.5,0.0207,1.626,0.481,0.96126,32.7,518.9,44.9,537.9,20.4,499.7,362,0.294,3
389,-163.075,-96.486,-7.515,-0.1412,0.4339,-0.8898,-0.4394,0.7721,0.4592,0.8863,0.4559,0.0817,25.5,0.0115,1.914,0.598,1.20587,32.6,518.1,44.7,536.9,20.3,499.0,363,0.325,3
390,-163.314,-95.656,-9.136,-0.1179,0.4696,-0.875,-0.4372,0.767,0.4696,0.8916,0.4379,0.1149,25.5,0.0008,2.185,0.676,1.40787,32.5,517.2,44.6,535.9,20.3,498.2,364,0.933,3
391,-163.505,-94.762,-10.729,-0.0896,0.5033,-0.8595,-0.4354,0.7613,0.4805,0.8962,0.4173,0.1509,25.5,0.0092,2.391,0.712,1.45571,32.5,516.2,44.5,534.7,20.2,497.4,364,0.904,3
392,-163.642,-93.812,-12.295,-0.0598,0.5295,-0.8462,-0.434,0.7552,0.4912,0.8992,0.3967,0.1847,25.5,0.0102,2.275,0.71,1.30559,32.5,515.2,44.5,533.5,20.3,496.6,365,0.297,3
393,-163.729,-92.817,-13.836,-0.0345,0.555,-0.8312,-0.4331,0.7493,0.501,0.9009,0.3773,0.2145,25.5,0.0144,2.04,0.657,1.21437,32.5,514.1,44.5,532.3,20.3,495.7,366,0.318,3
394,-163.765,-91.774,-15.348,-0.004,0.5795,-0.815,-0.4327,0.7436,0.5097,0.9015,0.3548,0.2478,25.5,0.0172,2.303,0.596,1.32102,32.6,513.0,44.6,531.0,20.4,494.7,367,0.946,3
395,-163.742,-90.692,-16.831,0.0294,0.5986,-0.8005,-0.4327,0.7386,0.517,0.9008,0.3312,0.2807,25.5,0.0155,2.32,0.507,1.28279,32.8,511.9,44.8,529.7,20.6,493.7,367,0.891,3
396,-163.662,-89.575,-18.287,0.0552,0.6176,-0.7846,-0.4329,0.7343,0.5229,0.8992,0.3108,0.3079,25.5,0.0193,1.95,0.418,1.11591,33.0,510.7,45.0,528.4,20.8,492.7,368,0.247,3
397,-163.537,-88.426,-19.715,0.0812,0.6322,-0.7705,-0.4333,0.7309,0.5273,0.8967,0.2911,0.3334,25.5,0.0206,1.852,0.319,1.02897,33.2,509.5,45.3,527.1,21.0,491.5,369,0.409,3
398,-163.363,-87.257,-21.12,0.1081,0.6403,-0.7605,-0.4338,0.7284,0.5304,0.8936,0.2726,0.3565,25.5,0.0161,1.705,0.23,0.93035,33.5,508.2,45.6,525.8,21.3,490.4,370,1.07,3
399,-163.141,-86.078,-22.511,0.1333,0.6428,-0.7543,-0.4343,0.7267,0.5322,0.8903,0.2567,0.3761,25.5,0.0078,1.458,0.145,0.81319,33.9,507.0,45.9,524.6,21.6,489.2,370,0.768,3
400,-162.875,-84.893,-23.888,0.1559,0.6483,-0.7452,-0.4347,0.726,0.5329,0.8865,0.2409,0.3951,25.5,0.0058,1.433,0.061,0.77954,34.3,505.8,46.3,523.3,22.0,488.0,371,0.116,3
401,-162.572,-83.698,-25.25,0.1728,0.6523,-0.738,-0.435,0.726,0.5326,0.8832,0.229,0.4092,25.5,0.0053,1.074,0.024,0.58637,34.7,504.5,46.7,522.1,22.5,486.8,372,0.51,3
402,-162.242,-82.497,-26.601,0.186,0.6544,-0.7329,-0.4352,0.7267,0.5315,0.8804,0.2201,0.42,25.5,0.0051,0.818,0.076,0.44612,35.1,503.3,47.2,520.8,22.9,485.5,373,1.088,3
403,-161.89,-81.294,-27.944,0.1971,0.6552,-0.7293,-0.4353,0.7277,0.53,0.878,0.213,0.4287,25.5,0.0045,0.658,0.103,0.3649,35.6,502.1,47.6,519.6,23.4,484.2,373,0.75,3
404,-161.519,-80.091,-29.281,0.2068,0.6549,-0.7269,-0.4354,0.7291,0.5281,0.8758,0.2072,0.4359,25.5,0.0036,0.545,0.135,0.31179,36.1,500.8,48.1,518.4,23.9,483.0,374,0.226,3
405,-161.131,-78.889,-30.615,0.2158,0.6534,-0.7256,-0.4353,0.7306,0.5261,0.8739,0.2023,0.4421,25.5,0.0017,0.466,0.143,0.28747,36.6,499.6,48.6,517.2,24.4,481.7,375,0.24,3
406,-160.725,-77.692,-31.946,0.2278,0.6497,-0.7253,-0.4352,0.732,0.5242,0.8715,0.1962,0.4495,25.5,0.0038,0.566,0.135,0.39213,37.1,498.3,49.0,516.0,24.9,480.4,376,0.64,3
407,-160.294,-76.502,-33.278,0.2406,0.6461,-0.7244,-0.4351,0.733,0.5228,0.8688,0.1894,0.4575,25.5,0.0098,0.621,0.099,0.41554,37.6,497.1,49.6,514.8,25.5,479.2,377,0.967,3
408,-159.843,-75.317,-34.608,0.25,0.6447,-0.7224,-0.4355,0.7332,0.5223,0.8664,0.1841,0.4641,25.5,0.0135,0.504,0.038,0.30285,38.2,495.9,50.1,513.6,26.1,478.0,377,0.871,3
409,-159.377,-74.132,-35.932,0.2572,0.6452,-0.7194,-0.4367,0.7318,0.5233,0.8642,0.1796,0.4701,25.5,0.0166,0.448,0.12,0.24376,38.7,494.7,50.7,512.3,26.6,476.8,378,0.62,3
410,-158.899,-72.945,-37.25,0.2631,0.6478,-0.7149,-0.439,0.7283,0.5262,0.8617,0.1754,0.4761,25.5,0.0199,0.443,0.292,0.24517,39.3,493.5,51.3,511.0,27.1,475.7,379,0.449,3
411,-158.411,-71.751,-38.557,0.268,0.6534,-0.708,-0.4427,0.722,0.5317,0.8588,0.171,0.4829,25.5,0.0233,0.493,0.524,0.31672,39.9,492.2,52.0,509.6,27.6,474.6,380,0.356,3
412,-157.914,-70.541,-39.848,0.2722,0.6646,-0.6958,-0.4481,0.7124,0.5401,0.8549,0.1649,0.4919,25.5,0.0243,0.662,0.794,0.53261,40.5,491.0,52.8,508.1,28.1,473.6,381,0.34,3
413,-157.41,-69.305,-41.108,0.2804,0.68,-0.6775,-0.4555,0.6986,0.5518,0.8488,0.154,0.5058,25.5,0.0265,1.071,1.12,0.78926,41.1,489.8,53.5,506.5,28.5,472.7,382,0.381,3
414,-156.88,-68.04,-42.329,0.2969,0.7005,-0.6489,-0.4648,0.6807,0.5663,0.8387,0.1335,0.5279,25.5,0.0286,1.822,1.423,1.21246,41.7,488.5,54.4,504.8,28.8,471.9,383,0.458,3
415,-156.321,-66.725,-43.483,0.3101,0.731,-0.6078,-0.4756,0.6592,0.5825,0.8267,0.1084,0.5522,25.5,0.0197,2.117,1.662,1.64948,42.4,487.2,55.3,502.9,29.2,471.1,384,0.541,3
416,-155.736,-65.352,-44.553,0.3272,0.7645,-0.5554,-0.4874,0.6351,0.5993,0.8109,0.0746,0.5805,25.5,0.0068,2.683,1.814,2.01264,43.0,485.8,56.3,500.9,29.5,470.4,385,0.602,3
417,-155.119,-63.922,-45.526,0.3435,0.7909,-0.5064,-0.4996,0.6098,0.6152,0.7954,0.0416,0.6046,25.5,0.0009,2.504,1.849,1.80969,43.7,484.3,57.3,498.9,29.9,469.6,386,0.608,3
418,-154.475,-62.446,-46.41,0.3584,0.8149,-0.4555,-0.5114,0.585,0.6294,0.7794,0.0074,0.6265,25.5,0.0067,2.501,1.772,1.81649,44.4,482.9,58.3,496.8,30.3,468.7,387,0.527,3
419,-153.804,-60.931,-47.201,0.3709,0.8344,-0.4077,-0.5224,0.5619,0.6413,0.7643,-0.0249,0.6444,25.5,0.0136,2.286,1.617,1.65728,45.1,481.4,59.3,494.7,30.7,467.8,388,0.327,4
420,-153.114,-59.384,-47.911,0.3807,0.8491,-0.3663,-0.5323,0.5412,0.6509,0.751,-0.0528,0.6582,25.5,0.0185,1.939,1.425,1.40433,45.9,479.8,60.3,492.7,31.2,466.8,389,0.024,4
421,-152.407,-57.815,-48.552,0.388,0.8595,-0.3328,-0.5412,0.5231,0.6584,0.7402,-0.0753,0.6682,25.5,0.0205,1.541,1.233,1.1178,46.6,478.3,61.3,490.7,31.7,465.7,390,0.542,4
422,-151.69,-56.229,-49.139,0.3931,0.8667,-0.3071,-0.549,0.5073,0.6643,0.7317,-0.0926,0.6754,25.5,0.0199,1.179,1.065,0.84754,47.3,476.7,62.2,488.7,32.2,464.5,391,1.222,4
423,-150.964,-54.632,-49.683,0.3972,0.8722,-0.2855,-0.5559,0.4936,0.6688,0.7244,-0.107,0.681,25.5,0.0188,0.979,0.916,0.70709,48.1,475.2,63.1,486.8,32.8,463.3,391,0.614,4
424,-150.231,-53.026,-50.19,0.4004,0.8763,-0.268,-0.562,0.4819,0.6722,0.7183,-0.1186,0.6856,25.5,0.0171,0.796,0.781,0.56948,48.8,473.6,64.0,485.0,33.4,462.0,392,0.222,4
425,-149.494,-51.413,-50.669,0.4028,0.8794,-0.2539,-0.5675,0.4719,0.6747,0.7132,-0.1277,0.6892,25.5,0.0151,0.632,0.669,0.45653,49.6,472.0,64.9,483.1,34.0,460.7,393,1.204,4
426,-148.752,-49.796,-51.124,0.405,0.8821,-0.2406,-0.5724,0.4633,0.6766,0.7083,-0.1363,0.6926,25.5,0.0141,0.6,0.577,0.42888,50.4,470.4,65.8,481.4,34.7,459.3,393,0.632,4
427,-148.006,-48.173,-51.554,0.4068,0.8843,-0.229,-0.5768,0.4559,0.6779,0.7039,-0.1437,0.6956,25.5,0.0133,0.522,0.499,0.37256,51.1,468.8,66.6,479.6,35.3,457.9,394,0.485,4
428,-147.258,-46.548,-51.966,0.4082,0.886,-0.2201,-0.5807,0.4496,0.6787,0.7003,-0.1493,0.6981,25.5,0.0119,0.407,0.427,0.28602,51.9,467.2,67.5,477.9,36.0,456.4,394,1.352,4
429,-146.507,-44.919,-52.364,0.4092,0.8872,-0.2132,-0.5843,0.4442,0.6792,0.6973,-0.1534,0.7002,25.5,0.0102,0.315,0.373,0.22068,52.6,465.6,68.3,476.1,36.7,455.0,395,0.112,4
430,-145.754,-43.288,-52.751,0.41,0.888,-0.208,-0.5875,0.4398,0.6793,0.6947,-0.1563,0.7021,25.5,0.0084,0.248,0.312,0.16596,53.4,464.1,69.1,474.5,37.4,453.5,396,1.239,4
431,-145.0,-41.656,-53.129,0.4106,0.8887,-0.204,-0.5905,0.4361,0.6791,0.6925,-0.1584,0.7038,25.5,0.0066,0.2,0.273,0.12802,54.2,462.5,70.0,472.8,38.1,451.9,396,0.598,4
432,-144.246,-40.024,-53.501,0.411,0.8892,-0.2011,-0.5932,0.4329,0.6787,0.6906,-0.1597,0.7054,25.5,0.0046,0.161,0.241,0.09264,54.9,460.9,70.8,471.1,38.8,450.4,397,0.853,4
433,-143.491,-38.391,-53.867,0.4116,0.8898,-0.1971,-0.5957,0.4303,0.6782,0.6883,-0.1617,0.7072,25.5,0.004,0.203,0.209,0.12765,55.7,459.3,71.6,469.5,39.5,448.9,397,0.983,4
434,-142.734,-36.755,-54.224,0.4125,0.8907,-0.1909,-0.598,0.4281,0.6776,0.6853,-0.1653,0.7093,25.5,0.0053,0.294,0.186,0.1973,56.4,457.7,72.4,467.8,40.2,447.3,398,0.552,4
435,-141.976,-35.118,-54.57,0.4131,0.8914,-0.1863,-0.6002,0.4262,0.6768,0.6827,-0.1678,0.7111,25.5,0.0059,0.231,0.173,0.14635,57.2,456.1,73.2,466.2,40.9,445.8,398,1.284,4
436,-141.216,-33.48,-54.908,0.4136,0.8919,-0.1829,-0.6022,0.4247,0.6759,0.6806,-0.1694,0.7128,25.5,0.0061,0.18,0.152,0.10833,58.0,454.5,74.0,464.6,41.6,444.2,399,0.319,4
437,-140.456,-31.842,-55.242,0.4139,0.8923,-0.1804,-0.6041,0.4236,0.675,0.6787,-0.1704,0.7144,25.5,0.0062,0.153,0.136,0.07952,58.7,452.9,74.8,463.0,42.4,442.6,399,1.518,4
438,-139.696,-30.202,-55.572,0.4141,0.8925,-0.1788,-0.6059,0.4227,0.674,0.6771,-0.1708,0.7158,25.5,0.0058,0.124,0.129,0.05067,59.5,451.3,75.6,461.4,43.1,441.0,400,0.13,4
439,-138.935,-28.563,-55.9,0.4142,0.8926,-0.178,-0.6075,0.422,0.6729,0.6757,-0.1706,0.7171,25.5,0.0053,0.11,0.118,0.02534,60.3,449.7,76.4,459.8,43.8,439.4,400,1.707,4
440,-138.174,-26.924,-56.226,0.4143,0.8926,-0.1777,-0.6091,0.4217,0.6717,0.6746,-0.17,0.7184,25.5,0.0047,0.103,0.116,0.00986,61.0,448.1,77.2,458.2,44.6,437.8,401,0.037,4
441,-137.413,-25.284,-56.553,0.4142,0.8926,-0.1781,-0.6105,0.4215,0.6705,0.6736,-0.169,0.7195,25.5,0.0039,0.103,0.106,0.01283,61.8,446.5,77.9,456.6,45.3,436.2,402,1.638,4
442,-136.652,-23.644,-56.881,0.4141,0.8924,-0.1792,-0.6119,0.4215,0.6692,0.6728,-0.1675,0.7206,25.5,0.0028,0.116,0.109,0.035,62.5,444.9,78.7,455.0,46.0,434.6,402,0.2,4
443,-135.892,-22.005,-57.212,0.4138,0.8922,-0.1809,-0.6132,0.4217,0.6679,0.6722,-0.1655,0.7216,25.5,0.0017,0.133,0.106,0.0542,63.3,443.3,79.5,453.5,46.8,433.0,403,1.453,4
444,-135.132,-20.366,-57.546,0.4135,0.8919,-0.1832,-0.6145,0.422,0.6666,0.6718,-0.163,0.7225,25.5,0.0002,0.154,0.107,0.07294,64.1,441.7,80.3,451.9,47.5,431.4,403,0.385,4
445,-134.373,-18.729,-57.885,0.4132,0.8915,-0.1856,-0.6157,0.4225,0.6652,0.6714,-0.1606,0.7235,25.5,0.0012,0.151,0.109,0.0765,64.8,440.1,81.1,450.3,48.3,429.8,404,1.226,4
446,-133.614,-17.092,-58.226,0.4132,0.8915,-0.1859,-0.6168,0.423,0.6638,0.6704,-0.1596,0.7247,25.5,0.0012,0.106,0.106,0.0092,65.6,438.6,81.8,448.8,49.0,428.2,404,0.611,4
447,-132.855,-15.454,-58.568,0.4131,0.8914,-0.1863,-0.6179,0.4236,0.6623,0.6693,-0.1585,0.7259,25.5,0.001,0.113,0.112,0.01312,66.3,437.0,82.6,447.2,49.8,426.5,405,0.936,4
448,-132.097,-13.817,-58.91,0.4131,0.8914,-0.1867,-0.619,0.4243,0.6609,0.6683,-0.1574,0.7271,25.5,0.0009,0.109,0.11,0.01226,67.1,435.4,83.4,445.6,50.5,424.9,405,0.901,4
449,-131.338,-12.18,-59.254,0.413,0.8913,-0.1871,-0.6201,0.425,0.6594,0.6673,-0.1563,0.7282,25.5,0.0007,0.106,0.114,0.01312,67.8,433.8,84.2,444.1,51.2,423.3,406,0.566,4
450,-130.579,-10.543,-59.598,0.4129,0.8912,-0.1876,-0.6212,0.4258,0.6579,0.6662,-0.1551,0.7294,25.5,0.0004,0.116,0.116,0.01617,68.6,432.2,84.9,442.5,52.0,421.7,406,1.272,4
451,-129.821,-8.906,-59.943,0.4129,0.8912,-0.1881,-0.6222,0.4266,0.6564,0.6652,-0.154,0.7306,25.5,0.0002,0.109,0.113,0.01532,69.4,430.6,85.7,441.0,52.7,420.1,407,0.119,4
452,-129.063,-7.269,-60.289,0.4128,0.8911,-0.1887,-0.6232,0.4274,0.6549,0.6642,-0.1528,0.7318,25.5,0.0,0.113,0.113,0.01922,70.1,429.0,86.5,439.4,53.5,418.5,408,1.426,4
453,-128.305,-5.632,-60.636,0.4127,0.891,-0.1893,-0.6242,0.4283,0.6534,0.6632,-0.1515,0.7329,25.5,0.0003,0.113,0.115,0.01922,70.9,427.4,87.2,437.9,54.2,416.8,408,0.412,4
454,-127.547,-3.996,-60.984,0.4126,0.8909,-0.1899,-0.6253,0.4291,0.6519,0.6622,-0.1502,0.7341,25.5,0.0005,0.116,0.116,0.01922,71.6,425.9,88.0,436.3,55.0,415.2,409,0.831,4
455,-126.789,-2.36,-61.334,0.4125,0.8908,-0.1906,-0.6263,0.4299,0.6504,0.6613,-0.1489,0.7352,25.5,0.0006,0.11,0.113,0.02228,72.4,424.3,88.8,434.8,55.7,413.6,409,1.006,4
456,-126.031,-0.724,-61.684,0.4124,0.8907,-0.1913,-0.6273,0.4307,0.6488,0.6603,-0.1476,0.7364,25.5,0.0008,0.116,0.117,0.02228,73.1,422.7,89.5,433.2,56.4,412.0,410,0.171,4
457,-125.274,0.912,-62.036,0.4123,0.8906,-0.192,-0.6284,0.4314,0.6473,0.6593,-0.1463,0.7375,25.5,0.0008,0.113,0.114,0.02228,73.9,421.1,90.3,431.7,57.2,410.4,411,1.289,4
458,-124.517,2.548,-62.389,0.4122,0.8905,-0.1926,-0.6294,0.4321,0.6458,0.6583,-0.145,0.7386,25.5,0.001,0.113,0.111,0.01922,74.7,419.5,91.1,430.1,57.9,408.8,411,0.548,4
459,-123.76,4.184,-62.744,0.4122,0.8904,-0.193,-0.6305,0.4328,0.6443,0.6573,-0.1439,0.7398,25.5,0.0011,0.109,0.114,0.01286,75.4,418.0,91.9,428.6,58.7,407.2,412,0.517,4
460,-123.003,5.819,-63.099,0.4121,0.8903,-0.1935,-0.6316,0.4334,0.6429,0.6562,-0.1427,0.7409,25.5,0.0012,0.112,0.108,0.01617,76.2,416.4,92.6,427.0,59.4,405.6,412,1.32,4
461,-122.246,7.454,-63.454,0.412,0.8903,-0.194,-0.6327,0.4339,0.6414,0.6552,-0.1415,0.7421,25.5,0.0012,0.113,0.11,0.01581,76.9,414.8,93.4,425.5,60.2,404.0,413,0.304,4
462,-121.489,9.09,-63.812,0.412,0.8902,-0.1946,-0.6338,0.4345,0.6399,0.6542,-0.1403,0.7432,25.5,0.0011,0.109,0.112,0.01895,77.7,413.2,94.2,423.9,60.9,402.3,414,0.67,4
463,-120.732,10.725,-64.169,0.4119,0.8901,-0.1952,-0.6349,0.435,0.6385,0.6532,-0.139,0.7443,25.5,0.001,0.113,0.106,0.01922,78.4,411.6,94.9,422.4,61.6,400.7,414,1.167,4
464,-119.976,12.36,-64.528,0.4118,0.89,-0.1958,-0.6361,0.4355,0.637,0.6522,-0.1378,0.7454,25.5,0.0009,0.109,0.114,0.01922,79.2,410.1,95.7,420.8,62.4,399.1,415,0.236,4
465,-119.22,13.994,-64.889,0.4117,0.8899,-0.1965,-0.6372,0.4359,0.6355,0.6512,-0.1365,0.7465,25.5,0.0007,0.113,0.109,0.02227,79.9,408.5,96.5,419.2,63.1,397.6,416,0.654,4
466,-118.464,15.629,-65.25,0.4116,0.8898,-0.1972,-0.6384,0.4364,0.6341,0.6502,-0.1351,0.7476,25.5,0.0005,0.117,0.109,0.02227,80.7,406.9,97.2,417.7,63.8,396.0,416,1.184,4
467,-117.708,17.263,-65.613,0.4115,0.8897,-0.1979,-0.6395,0.4369,0.6326,0.6493,-0.1337,0.7487,25.5,0.0004,0.114,0.11,0.02227,81.4,405.3,98.0,416.1,64.6,394.4,417,0.342,4
468,-116.952,18.897,-65.978,0.4114,0.8895,-0.1987,-0.6406,0.4373,0.6311,0.6483,-0.1323,0.7498,25.5,0.0,0.117,0.109,0.02584,82.2,403.8,98.8,414.6,65.3,392.8,418,0.453,4
469,-116.196,20.531,-66.343,0.4112,0.8894,-0.1996,-0.6417,0.4378,0.6297,0.6474,-0.1309,0.7508,25.5,0.0002,0.111,0.106,0.02893,82.9,402.2,99.5,413.0,66.0,391.2,419,1.196,4
470,-115.441,22.164,-66.711,0.4111,0.8893,-0.2005,-0.6429,0.4383,0.6282,0.6465,-0.1294,0.7519,25.5,0.0005,0.118,0.114,0.02838,83.7,400.6,100.3,411.5,66.8,389.6,419,0.641,4
471,-114.686,23.798,-67.08,0.411,0.8891,-0.2015,-0.644,0.4388,0.6267,0.6456,-0.1278,0.7529,25.5,0.0008,0.12,0.11,0.03196,84.4,399.1,101.1,409.9,67.5,388.0,420,0.049,4
472,-113.931,25.43,-67.452,0.4107,0.8888,-0.2033,-0.645,0.4394,0.6252,0.645,-0.1257,0.7538,25.5,0.0015,0.135,0.109,0.05768,85.2,397.5,101.8,408.4,68.2,386.4,421,0.682,4
473,-113.177,27.063,-67.826,0.4105,0.8886,-0.2048,-0.6461,0.44,0.6237,0.6443,-0.1237,0.7547,25.5,0.002,0.132,0.112,0.04759,85.9,395.9,102.6,406.9,69.0,384.8,421,1.155,4
474,-112.423,28.695,-68.204,0.4103,0.8883,-0.2062,-0.6472,0.4406,0.6221,0.6435,-0.1218,0.7557,25.5,0.0024,0.131,0.116,0.04506,86.7,394.4,103.4,405.3,69.7,383.2,422,0.582,4
475,-111.67,30.326,-68.584,0.4101,0.8882,-0.2072,-0.6482,0.4412,0.6206,0.6426,-0.1202,0.7567,25.5,0.0025,0.12,0.109,0.03195,87.4,392.8,104.1,403.8,70.5,381.6,423,0.069,4
476,-110.917,31.957,-68.965,0.41,0.888,-0.208,-0.6493,0.4418,0.6191,0.6416,-0.1188,0.7577,25.5,0.0027,0.114,0.112,0.02586,88.2,391.2,104.9,402.2,71.2,380.0,424,0.401,4
477,-110.164,33.588,-69.347,0.4099,0.888,-0.2085,-0.6504,0.4423,0.6175,0.6406,-0.1176,0.7588,25.5,0.0026,0.109,0.115,0.01578,88.9,389.7,105.6,400.7,71.9,378.4,425,0.828,4
478,-109.411,35.219,-69.731,0.4099,0.8879,-0.2087,-0.6514,0.4429,0.616,0.6394,-0.1165,0.76,25.5,0.0023,0.116,0.109,0.00682,89.7,388.1,106.4,399.2,72.7,376.8,425,1.01,4
479,-108.658,36.85,-70.114,0.4099,0.8879,-0.2087,-0.6525,0.4434,0.6145,0.6382,-0.1157,0.7612,25.5,0.002,0.107,0.11,0.0,90.4,386.5,107.2,397.6,73.4,375.3,426,0.615,4
480,-107.905,38.481,-70.497,0.41,0.888,-0.2084,-0.6536,0.4439,0.613,0.6368,-0.1151,0.7624,25.5,0.0015,0.111,0.11,0.01013,91.2,385.0,107.9,396.1,74.1,373.7,427,0.241,4
481,-107.152,40.112,-70.879,0.4101,0.8881,-0.2077,-0.6547,0.4444,0.6115,0.6353,-0.1147,0.7637,25.5,0.0008,0.116,0.11,0.02227,91.9,383.4,108.7,394.5,74.8,372.1,428,0.122,4
482,-106.399,41.744,-71.26,0.4102,0.8882,-0.2068,-0.6558,0.4448,0.61,0.6338,-0.1145,0.765,25.5,0.0001,0.114,0.109,0.02836,92.7,381.8,109.5,393.0,75.6,370.5,429,0.48,4
483,-105.645,43.375,-71.639,0.4104,0.8884,-0.2057,-0.657,0.4451,0.6085,0.6321,-0.1146,0.7663,25.5,0.0006,0.123,0.111,0.03541,93.4,380.3,110.2,391.5,76.3,368.9,430,0.847,4
484,-104.891,45.007,-72.016,0.4105,0.8886,-0.2045,-0.6582,0.4454,0.607,0.6305,-0.1146,0.7677,25.5,0.0015,0.122,0.111,0.03807,94.1,378.7,111.0,389.9,77.0,367.4,430,0.99,4
485,-104.137,46.64,-72.392,0.4105,0.8886,-0.2048,-0.6594,0.4455,0.6056,0.6294,-0.1135,0.7688,25.5,0.0012,0.109,0.106,0.00916,94.9,377.2,111.7,388.4,77.8,365.8,431,0.606,4
486,-103.383,48.272,-72.768,0.4105,0.8885,-0.205,-0.6606,0.4456,0.6042,0.6282,-0.1126,0.7699,25.5,0.0009,0.107,0.106,0.00681,95.6,375.6,112.5,386.8,78.5,364.2,432,0.201,4
487,-102.629,49.904,-73.144,0.4105,0.8885,-0.2049,-0.6619,0.4456,0.6028,0.6269,-0.1118,0.771,25.5,0.0007,0.108,0.109,0.00305,96.4,374.0,113.3,385.3,79.2,362.6,433,0.229,4
488,-101.875,51.536,-73.52,0.4105,0.8886,-0.2047,-0.6632,0.4456,0.6014,0.6256,-0.1111,0.7722,25.5,0.0006,0.109,0.109,0.00681,97.1,372.5,114.0,383.7,79.9,361.1,434,0.687,4
489,-101.121,53.168,-73.896,0.4106,0.8886,-0.2043,-0.6645,0.4455,0.6,0.6242,-0.1105,0.7734,25.5,0.0004,0.111,0.11,0.0128,97.9,370.9,114.8,382.2,80.7,359.5,434,1.15,4
490,-100.367,54.8,-74.271,0.4106,0.8887,-0.2038,-0.6658,0.4453,0.5986,0.6228,-0.1101,0.7746,25.5,0.0004,0.108,0.11,0.0159,98.6,369.4,115.6,380.6,81.4,357.9,435,0.662,4
491,-99.612,56.433,-74.645,0.4107,0.8889,-0.203,-0.6672,0.4451,0.5973,0.6213,-0.1099,0.7759,25.5,0.0004,0.114,0.11,0.02585,99.4,367.8,116.3,379.1,82.1,356.4,436,0.142,4
492,-98.858,58.066,-75.017,0.4109,0.889,-0.2021,-0.6686,0.4448,0.5959,0.6197,-0.1097,0.7771,25.5,0.0003,0.115,0.115,0.02892,100.1,366.3,117.1,377.5,82.8,354.8,437,0.412,4
493,-98.103,59.699,-75.387,0.411,0.8892,-0.201,-0.67,0.4444,0.5946,0.6181,-0.1097,0.7784,25.5,0.0003,0.118,0.112,0.03501,100.8,364.7,117.9,376.0,83.5,353.3,438,1.002,4
494,-97.348,61.332,-75.755,0.4112,0.8894,-0.1997,-0.6715,0.444,0.5933,0.6164,-0.1099,0.7798,25.5,0.0003,0.127,0.116,0.0415,101.6,363.1,118.6,374.4,84.3,351.7,438,0.835,4
495,-96.592,62.966,-76.121,0.4114,0.8896,-0.1982,-0.6729,0.4435,0.592,0.6146,-0.1102,0.7811,25.5,0.0004,0.128,0.113,0.0476,102.3,361.6,119.4,372.8,85.0,350.2,439,0.207,4
496,-95.836,64.6,-76.483,0.4117,0.8899,-0.1965,-0.6744,0.443,0.5907,0.6127,-0.1107,0.7825,25.5,0.0005,0.138,0.117,0.05463,103.1,360.0,120.2,371.3,85.7,348.6,440,0.464,4
497,-95.08,66.235,-76.842,0.412,0.8902,-0.1945,-0.6759,0.4425,0.5894,0.6108,-0.1113,0.7839,25.5,0.0008,0.14,0.117,0.06378,103.8,358.5,120.9,369.7,86.4,347.1,441,1.184,4
498,-94.323,67.87,-77.199,0.4121,0.8903,-0.1935,-0.6774,0.4419,0.5881,0.6092,-0.1113,0.7852,25.5,0.0005,0.118,0.119,0.03144,104.6,356.9,121.7,368.2,87.1,345.5,441,0.653,4
499,-93.566,69.506,-77.553,0.4123,0.8905,-0.1925,-0.6789,0.4413,0.5869,0.6075,-0.1113,0.7865,25.5,0.0001,0.123,0.115,0.03235,105.3,355.4,122.5,366.6,87.8,344.0,442,0.123,4
500,-92.809,71.142,-77.906,0.4124,0.8907,-0.1913,-0.6804,0.4406,0.5856,0.6059,-0.1113,0.7877,25.5,0.0002,0.115,0.121,0.03807,106.0,353.8,123.2,365.0,88.6,342.4,443,0.96,4
501,-92.051,72.778,-78.256,0.4126,0.8909,-0.19,-0.6819,0.44,0.5843,0.6041,-0.1115,0.789,25.5,0.0004,0.128,0.119,0.0415,106.8,352.3,124.0,363.5,89.3,340.9,443,0.877,4
502,-91.293,74.414,-78.604,0.4128,0.8911,-0.1887,-0.6834,0.4393,0.583,0.6024,-0.1117,0.7903,25.5,0.0007,0.123,0.121,0.0415,107.5,350.7,124.8,361.9,90.0,339.3,444,0.037,4
503,-90.535,76.051,-78.949,0.413,0.8913,-0.1873,-0.685,0.4387,0.5817,0.6006,-0.1119,0.7916,25.5,0.0008,0.128,0.123,0.04455,108.3,349.1,125.6,360.3,90.7,337.8,445,1.012,4
504,-89.776,77.688,-79.292,0.4132,0.8915,-0.1858,-0.6865,0.438,0.5804,0.5988,-0.1123,0.793,25.5,0.001,0.133,0.121,0.04761,109.0,347.6,126.3,358.8,91.4,336.2,445,0.826,4
505,-89.017,79.326,-79.632,0.4134,0.8917,-0.1843,-0.688,0.4374,0.5791,0.597,-0.1126,0.7943,25.5,0.0011,0.128,0.119,0.04761,109.8,346.0,127.1,357.2,92.1,334.7,446,0.241,4
506,-88.258,80.964,-79.969,0.4136,0.8919,-0.1827,-0.6894,0.4368,0.5778,0.5952,-0.113,0.7956,25.5,0.0011,0.129,0.115,0.05068,110.5,344.5,127.9,355.7,92.9,333.1,447,1.394,4
507,-87.498,82.603,-80.303,0.4138,0.8922,-0.1811,-0.6909,0.4362,0.5765,0.5934,-0.1135,0.7969,25.5,0.0011,0.13,0.119,0.05113,111.2,342.9,128.6,354.1,93.6,331.6,447,0.443,4
508,-86.737,84.242,-80.634,0.414,0.8924,-0.1794,-0.6923,0.4357,0.5752,0.5915,-0.1139,0.7982,25.5,0.001,0.134,0.113,0.05374,112.0,341.4,129.4,352.5,94.3,330.0,448,0.796,4
509,-85.977,85.881,-80.962,0.4143,0.8926,-0.1778,-0.6937,0.4353,0.5739,0.5896,-0.1144,0.7995,25.5,0.0009,0.135,0.112,0.05116,112.7,339.8,130.2,351.0,95.0,328.5,448,1.041,4
510,-85.216,87.52,-81.287,0.4145,0.8929,-0.1761,-0.695,0.4349,0.5725,0.5878,-0.1149,0.8008,25.5,0.0006,0.13,0.112,0.0542,113.5,338.3,130.9,349.4,95.7,326.9,449,0.263,4
511,-84.454,89.16,-81.609,0.4147,0.8931,-0.1746,-0.6964,0.4346,0.5712,0.586,-0.1153,0.8021,25.5,0.0004,0.129,0.111,0.04761,114.2,336.7,131.7,347.9,96.5,325.4,449,1.574,4
512,-83.692,90.801,-81.928,0.4149,0.8933,-0.1732,-0.6976,0.4343,0.5698,0.5842,-0.1156,0.8033,25.5,0.0002,0.125,0.107,0.04454,115.0,335.2,132.4,346.3,97.2,323.8,450,0.225,4
513,-82.93,92.442,-82.245,0.415,0.8934,-0.1718,-0.6989,0.434,0.5684,0.5824,-0.1158,0.8046,25.5,0.0,0.128,0.111,0.04375,115.7,333.6,133.2,344.8,97.9,322.2,451,1.152,4
514,-82.168,94.084,-82.56,0.4152,0.8936,-0.1705,-0.7002,0.4338,0.5671,0.5807,-0.1161,0.8058,25.5,0.0002,0.12,0.106,0.04149,116.4,332.0,134.0,343.2,98.6,320.7,451,0.685,4
515,-81.405,95.725,-82.872,0.4154,0.8938,-0.1692,-0.7015,0.4336,0.5657,0.5789,-0.1163,0.807,25.5,0.0004,0.124,0.11,0.04148,117.2,330.5,134.7,341.7,99.3,319.1,452,0.701,4
516,-80.641,97.367,-83.181,0.4155,0.8939,-0.1679,-0.7027,0.4333,0.5643,0.5772,-0.1165,0.8083,25.5,0.0006,0.123,0.107,0.04069,117.9,328.9,135.5,340.1,100.1,317.6,452,1.137,4
517,-79.878,99.009,-83.488,0.4157,0.8941,-0.1666,-0.704,0.4331,0.5629,0.5755,-0.1167,0.8095,25.5,0.0008,0.12,0.11,0.04148,118.7,327.4,136.3,338.6,100.8,316.0,453,0.239,4
518,-79.114,100.652,-83.793,0.4159,0.8943,-0.1653,-0.7053,0.4328,0.5615,0.5737,-0.117,0.8107,25.5,0.0009,0.125,0.111,0.04148,119.4,325.8,137.0,337.0,101.5,314.5,454,1.58,4
519,-78.35,102.295,-84.096,0.416,0.8944,-0.164,-0.7065,0.4324,0.5602,0.572,-0.1172,0.8119,25.5,0.001,0.12,0.104,0.0407,120.1,324.3,137.8,335.5,102.2,312.9,454,0.259,4
520,-77.586,103.938,-84.396,0.4162,0.8946,-0.1626,-0.7079,0.432,0.5588,0.5702,-0.1175,0.8131,25.5,0.001,0.125,0.116,0.04453,120.9,322.7,138.6,333.9,103.0,311.4,455,1.035,4
521,-76.821,105.582,-84.693,0.4164,0.8948,-0.1612,-0.7092,0.4315,0.5575,0.5684,-0.1179,0.8143,25.5,0.0009,0.126,0.109,0.04453,121.6,321.2,139.3,332.3,103.7,309.8,455,0.803,4
522,-76.056,107.226,-84.988,0.4166,0.895,-0.1596,-0.7106,0.431,0.5562,0.5666,-0.1183,0.8155,25.5,0.0009,0.126,0.113,0.05068,122.4,319.6,140.1,330.8,104.4,308.3,456,0.424,4
523,-75.291,108.868,-85.28,0.4166,0.8949,-0.1599,-0.712,0.4303,0.5549,0.5654,-0.1173,0.8164,25.5,0.0003,0.103,0.117,0.00979,123.1,318.1,140.9,329.2,105.1,306.7,456,1.411,4
524,-74.526,110.512,-85.575,0.4165,0.8949,-0.1603,-0.7135,0.4295,0.5536,0.5643,-0.1162,0.8174,25.5,0.0016,0.106,0.123,0.01284,123.9,316.5,141.6,327.7,105.8,305.2,457,0.255,4
525,-73.761,112.156,-85.869,0.4166,0.8949,-0.1598,-0.7151,0.4285,0.5524,0.5628,-0.1158,0.8184,25.5,0.0027,0.106,0.128,0.01586,124.6,315.0,142.4,326.1,106.5,303.6,458,0.825,4
526,-72.995,113.8,-86.161,0.4167,0.8951,-0.1585,-0.7168,0.4272,0.5511,0.561,-0.1161,0.8196,25.5,0.0037,0.125,0.143,0.04114,125.3,313.4,143.2,324.5,107.2,302.1,458,1.012,4
527,-72.23,115.445,-86.45,0.417,0.8954,-0.1563,-0.7186,0.4256,0.5499,0.5589,-0.117,0.8209,25.5,0.0045,0.151,0.154,0.06986,126.1,311.8,143.9,322.9,108.0,300.6,459,0.018,4
528,-71.463,117.089,-86.734,0.4174,0.8957,-0.153,-0.7207,0.4237,0.5487,0.5563,-0.1188,0.8224,25.5,0.0053,0.201,0.176,0.10411,126.8,310.3,144.7,321.3,108.7,299.1,460,0.903,4
529,-70.696,118.736,-87.012,0.418,0.8963,-0.1484,-0.723,0.4213,0.5476,0.5533,-0.1216,0.8241,25.5,0.0059,0.254,0.201,0.14584,127.6,308.7,145.5,319.7,109.3,297.6,460,0.934,4
530,-69.927,120.383,-87.279,0.4187,0.8969,-0.1422,-0.7255,0.4184,0.5464,0.5496,-0.1256,0.8259,25.5,0.0062,0.329,0.23,0.19548,128.3,307.2,146.3,318.1,110.0,296.1,461,0.107,4
531,-69.158,122.031,-87.533,0.4197,0.8978,-0.1339,-0.7283,0.415,0.5453,0.5451,-0.1314,0.828,25.5,0.0061,0.437,0.26,0.26227,129.1,305.6,147.1,316.5,110.7,294.6,462,0.629,4
532,-68.386,123.68,-87.769,0.4209,0.8988,-0.1225,-0.7313,0.411,0.5442,0.5395,-0.1395,0.8303,25.5,0.0051,0.579,0.293,0.35904,129.8,304.1,147.9,314.9,111.4,293.1,462,1.207,4
533,-67.611,125.332,-87.982,0.4221,0.8997,-0.1115,-0.7347,0.4064,0.5432,0.534,-0.1474,0.8326,25.5,0.005,0.567,0.333,0.34628,130.5,302.5,148.7,313.2,112.1,291.7,463,0.563,4
534,-66.835,126.985,-88.178,0.4232,0.9004,-0.1009,-0.7386,0.4008,0.5421,0.5285,-0.1549,0.8347,25.5,0.0064,0.546,0.396,0.33314,131.3,300.9,149.6,311.5,112.7,290.2,464,0.018,4
535,-66.057,128.639,-88.352,0.4244,0.9012,-0.0879,-0.743,0.3941,0.541,0.5222,-0.1643,0.8368,25.5,0.0077,0.659,0.464,0.40814,132.0,299.4,150.4,309.8,113.4,288.8,465,0.436,4
536,-65.276,130.296,-88.499,0.4258,0.9019,-0.0719,-0.7481,0.3858,0.5399,0.5147,-0.1761,0.8391,25.5,0.0094,0.812,0.562,0.50135,132.8,297.8,151.3,308.0,114.0,287.5,466,0.781,4
537,-64.492,131.953,-88.614,0.4275,0.9025,-0.052,-0.7541,0.3756,0.5388,0.5058,-0.1911,0.8412,25.5,0.0114,1.007,0.681,0.62334,133.5,296.2,152.2,306.2,114.6,286.1,467,1.015,4
538,-63.706,133.611,-88.687,0.4298,0.9025,-0.0264,-0.761,0.3632,0.5376,0.4948,-0.211,0.843,25.5,0.0135,1.307,0.816,0.80194,134.3,294.7,153.1,304.3,115.2,284.8,467,0.822,4
539,-62.914,135.268,-88.707,0.4322,0.9018,0.0054,-0.7691,0.3478,0.5362,0.4817,-0.2359,0.844,25.5,0.0159,1.613,1.0,0.99529,135.0,293.1,154.0,302.4,115.8,283.6,468,0.704,4
540,-62.119,136.923,-88.664,0.432,0.9009,0.042,-0.7789,0.3278,0.5346,0.4679,-0.2637,0.8435,25.5,0.0187,1.779,1.279,1.14198,135.8,291.5,155.0,300.4,116.3,282.5,469,0.709,4
541,-61.328,138.577,-88.547,0.4303,0.8982,0.0897,-0.7909,0.3016,0.5325,0.4513,-0.3002,0.8404,25.5,0.0217,2.304,1.656,1.4916,136.5,289.9,156.1,298.1,116.8,281.6,471,0.731,4
542,-60.543,140.221,-88.324,0.4226,0.8932,0.1539,-0.8052,0.2675,0.5292,0.4316,-0.3476,0.8324,25.5,0.0199,2.977,2.127,2.02379,137.3,288.3,157.1,295.7,117.2,280.8,472,0.331,4
543,-59.786,141.858,-87.975,0.4003,0.8863,0.233,-0.8221,0.2238,0.5235,0.4118,-0.4011,0.8182,25.5,0.0088,3.369,2.705,2.57395,138.0,286.8,158.2,293.1,117.5,280.3,473,0.196,4
544,-59.071,143.464,-87.448,0.375,0.8588,0.3491,-0.8423,0.1693,0.5117,0.3804,-0.486,0.7869,25.5,0.0082,5.49,3.399,3.80932,138.7,285.2,159.4,290.2,117.6,280.1,475,0.257,4
545,-58.397,144.992,-86.688,0.3587,0.7987,0.4831,-0.8657,0.1065,0.4892,0.3393,-0.5937,0.7297,25.5,0.0109,7.378,4.051,4.61757,139.3,283.7,160.6,287.2,117.7,280.1,477,0.355,4
546,-57.745,146.356,-85.65,0.3542,0.6796,0.6424,-0.8917,0.0434,0.4505,0.2783,-0.7324,0.6214,25.5,0.0031,10.686,4.496,6.22711,139.9,282.3,161.8,284.2,117.7,280.4,479,0.191,4
547,-57.113,147.451,-84.324,0.3247,0.5094,0.7969,-0.9174,-0.0076,0.3978,0.2087,-0.8604,0.4649,25.5,0.0153,12.275,4.454,7.26292,140.4,281.2,163.0,281.7,117.7,280.6,481,0.146,4
548,-56.564,148.278,-82.78,0.2867,0.4062,0.8676,-0.9364,-0.0356,0.3491,0.1727,-0.9127,0.3703,25.5,0.02,6.531,3.398,4.08521,140.9,280.2,163.9,280.0,117.7,280.4,484,0.132,5
549,-56.064,148.975,-81.157,0.2671,0.3657,0.8916,-0.9436,-0.044,0.3282,0.1593,-0.9292,0.3334,25.5,0.0245,2.44,1.355,1.59117,141.4,279.5,164.5,279.0,118.0,279.9,486,0.288,5
550,-55.563,149.644,-79.521,0.2813,0.3655,0.8873,-0.9431,-0.0403,0.3302,0.1565,-0.9297,0.3334,25.5,0.013,0.163,0.243,0.46279,141.8,278.7,165.0,278.3,118.4,279.0,489,0.148,5
551,-55.021,150.328,-77.905,0.3094,0.382,0.8708,-0.9392,-0.0323,0.3419,0.1587,-0.9237,0.3488,25.5,0.0052,0.955,0.842,1.13957,142.3,277.9,165.4,277.8,119.0,278.0,491,0.018,5
552,-54.439,151.044,-76.316,0.3227,0.3951,0.8601,-0.9351,-0.0253,0.3536,0.1615,-0.9184,0.3613,25.5,0.0076,0.794,0.816,0.67118,142.8,277.1,165.8,277.2,119.5,277.0,493,0.031,5
553,-53.837,151.772,-74.741,0.3326,0.3956,0.8561,-0.9312,-0.0199,0.3639,0.161,-0.9183,0.3617,25.5,0.0061,0.037,0.703,0.33343,143.3,276.3,166.3,276.5,120.1,276.0,495,0.139,5
554,-53.218,152.492,-73.169,0.3411,0.3872,0.8566,-0.9278,-0.0157,0.3728,0.1578,-0.9219,0.3539,25.5,0.0032,0.525,0.597,0.37307,143.9,275.5,166.7,275.8,120.8,275.1,497,0.503,5
555,-52.584,153.189,-71.592,0.3491,0.3704,0.8608,-0.9247,-0.0122,0.3805,0.1514,-0.9288,0.3382,25.5,0.0002,1.049,0.516,0.59501,144.4,274.7,167.2,275.1,121.4,274.2,498,0.156,5
556,-51.936,153.846,-70.004,0.3578,0.3462,0.8672,-0.9221,-0.0092,0.387,0.1419,-0.9381,0.3159,25.5,0.0025,1.488,0.436,0.82682,145.0,273.9,167.8,274.5,122.0,273.4,500,0.525,5
557,-51.269,154.474,-68.412,0.3674,0.3361,0.8672,-0.9199,-0.0063,0.3922,0.1373,-0.9418,0.3068,25.5,0.0,0.622,0.364,0.43464,145.6,273.2,168.3,273.8,122.6,272.5,501,0.031,5
558,-50.587,155.079,-66.818,0.3753,0.3229,0.8688,-0.9181,-0.0036,0.3964,0.1312,-0.9464,0.2951,25.5,0.0013,0.801,0.304,0.48247,146.2,272.5,168.9,273.2,123.3,271.7,502,0.416,5
559,-49.891,155.658,-65.219,0.3818,0.3064,0.872,-0.9166,-0.0011,0.3998,0.1235,-0.9519,0.2804,25.5,0.0017,1.002,0.257,0.56211,146.9,271.8,169.5,272.6,123.9,271.0,504,0.699,5
560,-49.185,156.203,-63.613,0.3868,0.2862,0.8766,-0.9154,0.0012,0.4025,0.1141,-0.9582,0.2624,25.5,0.0009,1.218,0.215,0.66479,147.5,271.1,170.2,272.0,124.6,270.3,505,0.422,5
561,-48.471,156.706,-61.998,0.3905,0.2617,0.8826,-0.9145,0.0033,0.4046,0.103,-0.9651,0.2406,25.5,0.0009,1.456,0.178,0.79535,148.1,270.5,170.8,271.4,125.2,269.6,506,0.199,5
562,-47.749,157.166,-60.372,0.3959,0.2397,0.8864,-0.9137,0.0051,0.4064,0.0929,-0.9708,0.221,25.5,0.0003,1.305,0.153,0.71654,148.8,269.9,171.5,270.9,125.9,269.0,507,0.029,5
563,-47.017,157.587,-58.742,0.4012,0.2185,0.8895,-0.913,0.0066,0.4079,0.0832,-0.9758,0.2022,25.5,0.002,1.246,0.128,0.68859,149.5,269.4,172.1,270.4,126.5,268.4,508,0.095,5
564,-46.276,157.968,-57.105,0.4053,0.1964,0.8928,-0.9124,0.008,0.4093,0.0732,-0.9805,0.1825,25.5,0.0028,1.294,0.119,0.70868,150.1,268.9,172.8,269.9,127.2,267.8,509,0.168,5
565,-45.529,158.308,-55.462,0.408,0.1736,0.8963,-0.9118,0.0093,0.4104,0.063,-0.9848,0.1621,25.5,0.0026,1.33,0.103,0.72452,150.8,268.4,173.5,269.5,127.9,267.3,510,0.193,5
566,-44.778,158.606,-53.812,0.4094,0.1504,0.8999,-0.9113,0.0104,0.4115,0.0526,-0.9886,0.1413,25.5,0.0012,1.35,0.094,0.73369,151.5,268.0,174.2,269.1,128.6,266.9,511,0.174,5
567,-44.026,158.861,-52.156,0.4103,0.1274,0.903,-0.9109,0.0115,0.4125,0.0422,-0.9918,0.1207,25.5,0.0002,1.335,0.088,0.72451,152.2,267.6,174.9,268.8,129.3,266.4,512,0.109,5
568,-43.271,159.074,-50.495,0.4118,0.1052,0.9052,-0.9104,0.0125,0.4136,0.0322,-0.9944,0.1009,25.5,0.0008,1.28,0.09,0.6975,152.9,267.3,175.6,268.5,130.0,266.1,513,0.006,5
569,-42.513,159.247,-48.831,0.4133,0.0834,0.9068,-0.9099,0.0135,0.4146,0.0223,-0.9964,0.0815,25.5,0.001,1.253,0.086,0.68345,153.6,267.0,176.3,268.2,130.7,265.7,514,0.154,5
570,-41.752,159.381,-47.164,0.415,0.0619,0.9077,-0.9094,0.0145,0.4158,0.0126,-0.998,0.0623,25.5,0.0009,1.236,0.094,0.67335,154.3,266.7,177.0,267.9,131.4,265.4,515,0.35,5
571,-40.988,159.475,-45.497,0.4167,0.0405,0.9082,-0.9088,0.0154,0.417,0.0029,-0.9991,0.0432,25.5,0.0006,1.229,0.093,0.66982,155.0,266.5,177.7,267.7,132.1,265.2,516,0.587,5
572,-40.221,159.53,-43.829,0.4184,0.0191,0.908,-0.9082,0.0162,0.4183,-0.0067,-0.9997,0.0242,25.5,0.0001,1.22,0.094,0.66969,155.7,266.3,178.4,267.6,132.8,265.0,517,0.864,5
573,-39.452,159.545,-42.161,0.4197,-0.002,0.9076,-0.9075,0.017,0.4197,-0.0162,-0.9999,0.0053,25.5,0.0,1.212,0.101,0.65964,156.5,266.1,179.2,267.4,133.5,264.8,517,0.973,5
574,-38.68,159.522,-40.494,0.4208,-0.023,0.9069,-0.9068,0.0177,0.4212,-0.0257,-0.9996,-0.0134,25.5,0.0,1.202,0.103,0.65631,157.2,266.0,179.9,267.3,134.2,264.6,518,0.657,5
575,-37.906,159.461,-38.83,0.4215,-0.044,0.9058,-0.9061,0.0183,0.4226,-0.0352,-0.9989,-0.0321,25.5,0.0001,1.202,0.096,0.65634,157.9,265.9,180.6,267.3,134.9,264.5,519,0.305,5
576,-37.131,159.361,-37.167,0.422,-0.065,0.9043,-0.9055,0.0189,0.4238,-0.0447,-0.9977,-0.0509,25.5,0.0001,1.209,0.084,0.65691,158.6,265.9,181.3,267.2,135.6,264.5,520,0.085,5
577,-36.356,159.222,-35.508,0.4222,-0.0862,0.9024,-0.905,0.0195,0.4249,-0.0543,-0.9961,-0.0698,25.5,0.0003,1.218,0.077,0.66398,159.3,265.9,182.1,267.3,136.4,264.4,521,0.508,5
578,-35.58,159.044,-33.853,0.4236,-0.108,0.8994,-0.9047,0.0201,0.4256,-0.0641,-0.9939,-0.0892,25.5,0.0026,1.252,0.056,0.68786,160.1,265.9,182.8,267.3,137.1,264.5,522,0.966,5
579,-34.8,158.825,-32.205,0.4253,-0.1296,0.8957,-0.9045,0.0208,0.426,-0.0738,-0.9914,-0.1084,25.5,0.0058,1.241,0.048,0.68568,160.8,266.0,183.5,267.4,137.8,264.5,522,0.871,5
580,-34.018,158.568,-30.562,0.425,-0.15,0.8927,-0.9045,0.0214,0.4259,-0.083,-0.9885,-0.1266,25.5,0.0074,1.18,0.035,0.64329,161.5,266.1,184.3,267.5,138.5,264.6,523,0.381,5
581,-33.24,158.275,-28.925,0.4226,-0.1694,0.8903,-0.9047,0.0222,0.4255,-0.0918,-0.9853,-0.1439,25.5,0.0073,1.127,0.052,0.61435,162.3,266.2,185.1,267.7,139.3,264.7,524,0.138,5
582,-32.467,157.947,-27.291,0.4183,-0.1878,0.8887,-0.9051,0.023,0.4246,-0.1002,-0.982,-0.1604,25.5,0.0056,1.078,0.073,0.59156,163.0,266.4,185.8,267.9,140.0,264.9,525,0.682,5
583,-31.704,157.585,-25.66,0.412,-0.2054,0.8877,-0.9057,0.024,0.4232,-0.1082,-0.9784,-0.1761,25.5,0.0024,1.03,0.104,0.58397,163.7,266.6,186.6,268.1,140.6,265.1,525,1.155,5
584,-30.952,157.191,-24.031,0.4079,-0.2245,0.885,-0.9066,0.0252,0.4213,-0.1168,-0.9742,-0.1933,25.5,0.0026,1.128,0.139,0.6152,164.5,266.9,187.3,268.4,141.3,265.3,526,0.588,5
585,-30.206,156.761,-22.409,0.4041,-0.2436,0.8817,-0.9076,0.0265,0.4189,-0.1254,-0.9695,-0.2104,25.5,0.0039,1.129,0.167,0.61614,165.2,267.2,188.1,268.7,142.0,265.6,527,0.009,5
586,-29.468,156.297,-20.792,0.3991,-0.2615,0.8788,-0.9088,0.028,0.4162,-0.1334,-0.9648,-0.2265,25.5,0.0043,1.065,0.19,0.58678,165.9,267.5,188.8,269.1,142.7,265.9,528,0.606,5
587,-28.74,155.801,-19.18,0.3931,-0.2778,0.8765,-0.9101,0.0296,0.4132,-0.1408,-0.9602,-0.2412,25.5,0.0038,0.979,0.209,0.54657,166.6,267.8,189.6,269.5,143.3,266.2,529,1.225,5
588,-28.025,155.277,-17.572,0.3861,-0.2925,0.8749,-0.9115,0.0314,0.4101,-0.1474,-0.9558,-0.2545,25.5,0.0023,0.887,0.22,0.51035,167.2,268.2,190.3,269.9,143.9,266.5,529,0.612,5
589,-27.323,154.728,-15.966,0.3783,-0.3053,0.8739,-0.9129,0.0333,0.4068,-0.1533,-0.9517,-0.2662,25.5,0.0,0.787,0.232,0.46862,167.9,268.6,191.0,270.3,144.6,266.9,530,0.02,5
590,-26.635,154.154,-14.362,0.3707,-0.3193,0.8721,-0.9143,0.0352,0.4036,-0.1596,-0.947,-0.2789,25.5,0.0018,0.856,0.228,0.50007,168.6,269.1,191.7,270.8,145.2,267.3,531,0.664,5
591,-25.96,153.555,-12.762,0.364,-0.3328,0.8699,-0.9156,0.0372,0.4004,-0.1656,-0.9422,-0.2912,25.5,0.0026,0.831,0.229,0.47509,169.2,269.5,192.4,271.3,145.8,267.7,531,1.173,5
592,-25.297,152.932,-11.166,0.3581,-0.3456,0.8674,-0.9168,0.0392,0.3974,-0.1714,-0.9375,-0.3028,25.5,0.0029,0.79,0.218,0.44651,169.9,270.0,193.1,271.8,146.4,268.2,532,0.517,5
593,-24.644,152.286,-9.576,0.3528,-0.3579,0.8645,-0.9178,0.0411,0.3948,-0.1769,-0.9328,-0.314,25.5,0.0028,0.764,0.193,0.42748,170.5,270.5,193.8,272.4,146.9,268.6,533,0.153,5
594,-24.001,151.618,-7.991,0.3481,-0.37,0.8614,-0.9187,0.043,0.3926,-0.1822,-0.928,-0.3249,25.5,0.0025,0.747,0.174,0.41627,171.1,271.1,194.4,273.0,147.5,269.1,534,0.836,5
595,-23.365,150.927,-6.412,0.344,-0.3819,0.8578,-0.9194,0.0446,0.3909,-0.1875,-0.9231,-0.3357,25.5,0.002,0.744,0.14,0.40835,171.7,271.6,195.1,273.6,148.1,269.6,534,1.001,5
596,-22.738,150.215,-4.84,0.338,-0.3945,0.8545,-0.9198,0.046,0.3898,-0.1931,-0.9177,-0.3473,25.5,0.004,0.8,0.105,0.44744,172.3,272.2,195.7,274.2,148.7,270.2,535,0.305,5
597,-22.125,149.478,-3.273,0.3299,-0.4069,0.8518,-0.9198,0.0471,0.3895,-0.1986,-0.912,-0.3588,25.5,0.0092,0.8,0.065,0.46961,172.9,272.8,196.3,274.8,149.3,270.8,536,0.403,5
598,-21.524,148.721,-1.711,0.3244,-0.4179,0.8486,-0.9196,0.0478,0.39,-0.2035,-0.9069,-0.3688,25.5,0.0127,0.702,0.051,0.39634,173.5,273.4,196.9,275.4,149.8,271.4,537,1.12,5
599,-20.932,147.943,-0.155,0.321,-0.4282,0.8447,-0.9189,0.0479,0.3915,-0.2081,-0.902,-0.3782,25.5,0.0152,0.662,0.095,0.3595,174.1,274.1,197.5,276.1,150.4,272.0,537,0.717,5
600,-20.344,147.148,1.392,0.3196,-0.4384,0.84,-0.9178,0.0473,0.3941,-0.2126,-0.8971,-0.3873,25.5,0.017,0.646,0.165,0.35311,174.6,274.7,198.0,276.8,151.0,272.7,538,0.026,5
601,-19.756,146.332,2.93,0.3204,-0.4492,0.834,-0.9162,0.0459,0.398,-0.2171,-0.8918,-0.397,25.5,0.0178,0.684,0.255,0.38603,175.2,275.4,198.6,277.4,151.6,273.4,539,0.747,5
602,-19.165,145.496,4.455,0.324,-0.4615,0.8258,-0.9141,0.0436,0.4032,-0.2221,-0.8856,-0.4078,25.5,0.0167,0.769,0.347,0.47459,175.8,276.1,199.1,278.1,152.2,274.2,539,1.091,5
603,-18.57,144.634,5.963,0.3201,-0.4792,0.8173,-0.9112,0.0402,0.4099,-0.2293,-0.8762,-0.4239,25.5,0.0241,1.145,0.461,0.62472,176.4,276.9,199.7,278.7,152.8,275.0,540,0.337,5
604,-17.988,143.735,7.456,0.315,-0.4987,0.8075,-0.9078,0.0359,0.4178,-0.2375,-0.8652,-0.4417,25.5,0.0335,1.288,0.551,0.69913,176.9,277.7,200.2,279.4,153.4,275.9,541,0.435,5
605,-17.405,142.803,8.927,0.3218,-0.5154,0.7942,-0.9041,0.0309,0.4263,-0.2444,-0.8556,-0.4563,25.5,0.0317,1.076,0.603,0.69901,177.5,278.5,200.6,280.1,154.1,276.8,542,1.232,5
606,-16.797,141.845,10.371,0.343,-0.5267,0.7778,-0.9002,0.0256,0.4348,-0.2489,-0.8494,-0.4654,25.5,0.0159,0.682,0.616,0.90745,178.1,279.3,201.2,280.9,154.8,277.8,542,0.606,5
607,-16.137,140.873,11.783,0.3788,-0.5298,0.7588,-0.8964,0.0202,0.4429,-0.25,-0.848,-0.4673,25.5,0.0142,0.149,0.599,1.26802,178.8,280.2,201.7,281.6,155.5,278.8,543,0.234,5
608,-15.409,139.897,13.158,0.4101,-0.5359,0.738,-0.8929,0.0151,0.45,-0.2525,-0.8443,-0.4727,25.5,0.0422,0.401,0.54,1.18789,179.5,281.1,202.4,282.4,156.3,279.8,544,1.13,5
609,-14.643,138.897,14.495,0.4196,-0.5552,0.7181,-0.89,0.0106,0.4559,-0.2611,-0.8315,-0.4904,25.5,0.0519,1.345,0.456,0.91415,180.2,282.0,203.1,283.2,157.1,280.8,544,0.707,5
610,-13.882,137.849,15.797,0.405,-0.5881,0.7001,-0.8877,0.0072,0.4604,-0.276,-0.8086,-0.5196,25.5,0.0414,2.291,0.349,1.25557,181.0,282.9,203.8,284.0,157.9,281.8,545,0.239,5
611,-13.155,136.737,17.065,0.3944,-0.6193,0.6789,-0.8861,0.0051,0.4634,-0.2907,-0.785,-0.5471,25.5,0.038,2.241,0.229,1.22236,181.7,284.0,204.5,285.0,158.7,282.9,546,1.226,5
612,-12.435,135.575,18.292,0.3872,-0.6459,0.6579,-0.8853,0.0045,0.4649,-0.3035,-0.7631,-0.5706,25.5,0.0398,1.981,0.103,1.08087,182.4,285.0,205.2,286.1,159.4,284.0,546,0.613,5
613,-11.74,134.362,19.483,0.3677,-0.6749,0.6398,-0.8851,0.0052,0.4654,-0.3176,-0.7378,-0.5957,25.5,0.0312,2.196,0.05,1.22775,183.1,286.2,205.9,287.2,160.1,285.1,547,0.415,5
614,-11.093,133.094,20.644,0.335,-0.7064,0.6235,-0.8851,0.0071,0.4654,-0.3332,-0.7078,-0.6229,25.5,0.0113,2.487,0.109,1.50497,183.8,287.4,206.5,288.4,160.7,286.3,547,1.424,5
615,-10.504,131.768,21.77,0.3062,-0.7373,0.6022,-0.8852,0.01,0.4651,-0.3489,-0.6755,-0.6496,25.5,0.0017,2.564,0.167,1.47611,184.4,288.6,207.1,289.8,161.3,287.5,548,0.362,5
616,-9.966,130.387,22.855,0.2808,-0.7653,0.5792,-0.8852,0.0135,0.465,-0.3637,-0.6433,-0.6737,25.5,0.0104,2.456,0.201,1.38061,184.9,289.9,207.7,291.2,161.8,288.7,549,0.736,5
617,-9.468,128.961,23.899,0.2627,-0.7867,0.5586,-0.8849,0.0172,0.4654,-0.3758,-0.6167,-0.6917,25.5,0.014,1.967,0.214,1.08525,185.4,291.3,208.2,292.6,162.3,290.0,549,1.102,5
618,-9.006,127.498,24.909,0.2381,-0.8063,0.5415,-0.8843,0.0207,0.4665,-0.3875,-0.5901,-0.7083,25.5,0.0254,1.918,0.213,1.11693,185.9,292.7,208.6,294.1,162.8,291.3,550,0.033,5
619,-8.587,126.002,25.888,0.2204,-0.8227,0.524,-0.8831,0.0238,0.4685,-0.3981,-0.5663,-0.7216,25.5,0.0313,1.676,0.222,0.92976,186.3,294.2,209.0,295.6,163.2,292.7,551,1.18,5
620,-8.19,124.478,26.834,0.2137,-0.8355,0.5063,-0.8816,0.0262,0.4713,-0.4072,-0.5473,-0.7312,25.5,0.0283,1.327,0.228,0.71278,186.7,295.6,209.4,297.2,163.7,294.1,551,0.658,5
621,-7.796,122.934,27.748,0.2161,-0.8454,0.4885,-0.8797,0.0277,0.4748,-0.415,-0.5324,-0.7378,25.5,0.0184,1.035,0.244,0.63971,187.1,297.1,209.8,298.7,164.1,295.6,552,0.508,5
622,-7.394,121.374,28.629,0.2192,-0.8543,0.4712,-0.8774,0.0283,0.4789,-0.4225,-0.5185,-0.7434,25.5,0.0092,0.96,0.272,0.6146,187.5,298.7,210.1,300.2,164.5,297.1,552,1.329,5
623,-6.994,119.796,29.48,0.2163,-0.8632,0.4562,-0.8749,0.0277,0.4836,-0.4301,-0.5037,-0.7492,25.5,0.0075,1.01,0.307,0.55158,187.9,300.2,210.5,301.8,165.0,298.6,553,0.167,5
624,-6.598,118.204,30.306,0.2152,-0.8705,0.4426,-0.8721,0.0262,0.4886,-0.437,-0.4911,-0.7536,25.5,0.0058,0.861,0.339,0.48269,188.3,301.8,210.8,303.3,165.5,300.2,554,0.979,5
625,-6.203,116.599,31.107,0.2156,-0.8767,0.4299,-0.8692,0.0239,0.4939,-0.4433,-0.4802,-0.7569,25.5,0.004,0.746,0.37,0.44103,188.7,303.3,211.1,304.8,165.9,301.9,554,0.858,5
626,-5.805,114.983,31.885,0.2175,-0.882,0.418,-0.8662,0.021,0.4992,-0.4491,-0.4707,-0.7595,25.5,0.0017,0.655,0.386,0.41066,189.1,304.9,211.5,306.3,166.4,303.5,555,0.259,6
627,-5.403,113.359,32.642,0.2207,-0.8866,0.4065,-0.8633,0.0177,0.5044,-0.4544,-0.4622,-0.7615,25.5,0.0012,0.585,0.39,0.39903,189.5,306.5,211.8,307.8,166.9,305.2,556,1.343,6
628,-4.995,111.726,33.378,0.2229,-0.8917,0.3939,-0.8605,0.014,0.5093,-0.4597,-0.4525,-0.7642,25.5,0.0037,0.652,0.387,0.42954,189.9,308.2,212.1,309.4,167.3,307.0,556,0.494,6
629,-4.584,110.083,34.09,0.2243,-0.8966,0.3817,-0.8578,0.0102,0.5139,-0.4647,-0.4427,-0.7668,25.5,0.0054,0.648,0.375,0.41248,190.3,309.8,212.5,310.9,167.8,308.7,557,0.553,6
630,-4.171,108.432,34.781,0.2256,-0.9009,0.3708,-0.8552,0.0063,0.5182,-0.4692,-0.434,-0.7691,25.5,0.0065,0.576,0.364,0.36777,190.7,311.4,212.9,312.4,168.3,310.4,557,1.284,6
631,-3.756,106.774,35.453,0.2266,-0.9044,0.3615,-0.8528,0.0024,0.5223,-0.4732,-0.4266,-0.7707,25.5,0.0066,0.491,0.352,0.31153,191.2,313.1,213.2,314.0,168.8,312.2,558,0.278,6
632,-3.339,105.111,36.11,0.2274,-0.9072,0.3539,-0.8505,-0.0013,0.526,-0.4767,-0.4206,-0.7719,25.5,0.0061,0.404,0.327,0.25394,191.6,314.7,213.6,315.5,169.3,313.9,559,0.686,6
633,-2.921,103.442,36.754,0.228,-0.9093,0.348,-0.8483,-0.0048,0.5295,-0.4798,-0.416,-0.7725,25.5,0.0048,0.32,0.31,0.19624,192.0,316.4,214.0,317.1,169.7,315.7,559,1.151,6
634,-2.501,101.77,37.389,0.2285,-0.9109,0.3436,-0.8462,-0.008,0.5327,-0.4825,-0.4125,-0.7727,25.5,0.003,0.254,0.286,0.14686,192.4,318.1,214.3,318.7,170.2,317.5,560,0.235,6
635,-2.081,100.095,38.012,0.2293,-0.9137,0.3354,-0.8443,-0.0108,0.5357,-0.4859,-0.406,-0.774,25.5,0.0041,0.427,0.259,0.27156,192.9,319.7,214.7,320.3,170.7,319.2,561,0.632,6
636,-1.659,98.414,38.622,0.23,-0.916,0.3288,-0.8425,-0.0132,0.5385,-0.4889,-0.4009,-0.7748,25.5,0.0046,0.342,0.235,0.219,193.3,321.4,215.1,321.9,171.2,321.0,561,1.206,6
637,-1.236,96.731,39.221,0.2305,-0.9177,0.3236,-0.8408,-0.0153,0.5411,-0.4916,-0.3968,-0.7751,25.5,0.0047,0.282,0.215,0.17141,193.7,323.1,215.5,323.5,171.6,322.7,562,0.394,6
638,-0.812,95.043,39.812,0.2309,-0.9191,0.3194,-0.8392,-0.017,0.5435,-0.4941,-0.3936,-0.7752,25.5,0.0046,0.233,0.192,0.13862,194.2,324.8,215.9,325.1,172.1,324.5,563,0.36,6
639,-0.388,93.354,40.395,0.2312,-0.9201,0.3161,-0.8377,-0.0184,0.5458,-0.4963,-0.391,-0.7751,25.5,0.0042,0.195,0.177,0.10794,194.6,326.5,216.3,326.8,172.6,326.2,564,1.061,6
640,0.037,91.663,40.974,0.2314,-0.9209,0.3136,-0.8363,-0.0196,0.5479,-0.4984,-0.3891,-0.7747,25.5,0.0036,0.164,0.16,0.08213,195.0,328.2,216.7,328.4,173.0,328.0,564,0.776,6
641,0.462,89.971,41.548,0.2316,-0.9215,0.3118,-0.835,-0.0205,0.5499,-0.5003,-0.3877,-0.7742,25.5,0.003,0.138,0.146,0.0595,195.5,329.9,217.1,330.1,173.5,329.7,565,0.121,6
642,0.888,88.278,42.12,0.2317,-0.9218,0.3107,-0.8337,-0.0212,0.5518,-0.5021,-0.3869,-0.7734,25.5,0.0022,0.122,0.138,0.03567,195.9,331.6,217.5,331.8,174.0,331.4,566,0.493,6
643,1.314,86.585,42.69,0.2318,-0.922,0.3101,-0.8324,-0.0218,0.5537,-0.5038,-0.3865,-0.7726,25.5,0.0011,0.11,0.136,0.01996,196.3,333.3,217.9,333.5,174.4,333.2,567,1.074,6
644,1.739,84.891,43.259,0.2318,-0.922,0.3101,-0.8312,-0.0222,0.5555,-0.5053,-0.3865,-0.7716,25.5,0.0001,0.103,0.126,0.0,196.8,335.0,218.3,335.1,174.9,334.9,567,0.763,6
645,2.165,83.198,43.828,0.2319,-0.9224,0.3089,-0.83,-0.0225,0.5573,-0.5071,-0.3856,-0.7708,25.5,0.0004,0.124,0.125,0.03959,197.2,336.7,218.7,336.8,175.4,336.6,568,0.207,6
646,2.591,81.503,44.394,0.2321,-0.9229,0.3072,-0.8288,-0.0228,0.559,-0.509,-0.3843,-0.7702,25.5,0.0004,0.136,0.12,0.05562,197.7,338.4,219.1,338.5,175.8,338.4,569,0.327,6
647,3.018,79.807,44.956,0.2322,-0.9234,0.3056,-0.8277,-0.0229,0.5608,-0.5108,-0.3831,-0.7696,25.5,0.0003,0.129,0.121,0.05238,198.1,340.1,219.5,340.2,176.3,340.1,570,0.847,6
648,3.444,78.11,45.516,0.2323,-0.9239,0.3041,-0.8265,-0.023,0.5625,-0.5127,-0.382,-0.7689,25.5,0.0003,0.132,0.119,0.04941,198.5,341.9,220.0,341.9,176.8,341.8,570,0.99,6
649,3.871,76.413,46.074,0.2325,-0.9243,0.3027,-0.8253,-0.0231,0.5642,-0.5145,-0.381,-0.7682,25.5,0.0003,0.125,0.119,0.04584,199.0,343.6,220.4,343.6,177.2,343.5,571,0.478,6
650,4.298,74.715,46.628,0.2326,-0.9247,0.3014,-0.8241,-0.023,0.5659,-0.5163,-0.38,-0.7674,25.5,0.0001,0.127,0.119,0.04254,199.4,345.3,220.8,345.3,177.7,345.3,572,0.033,6
651,4.726,73.016,47.181,0.2327,-0.9251,0.3002,-0.823,-0.023,0.5676,-0.5182,-0.3791,-0.7667,25.5,0.0002,0.127,0.116,0.03957,199.9,347.0,221.2,347.0,178.2,347.0,573,0.542,6
652,5.153,71.316,47.731,0.2328,-0.9254,0.299,-0.8218,-0.0229,0.5693,-0.52,-0.3783,-0.7659,25.5,0.0001,0.122,0.119,0.03866,200.3,348.7,221.6,348.7,178.6,348.7,574,1.054,6
653,5.581,69.616,48.279,0.2329,-0.9258,0.2979,-0.8207,-0.0228,0.5709,-0.5218,-0.3774,-0.7651,25.5,0.0,0.124,0.111,0.03659,200.7,350.5,222.0,350.5,179.1,350.5,574,0.783,6
654,6.009,67.916,48.825,0.233,-0.9261,0.2968,-0.8195,-0.0227,0.5726,-0.5235,-0.3767,-0.7642,25.5,0.0,0.117,0.119,0.03569,201.2,352.2,222.4,352.2,179.6,352.2,575,0.264,6
655,6.437,66.214,49.37,0.2331,-0.9264,0.2958,-0.8184,-0.0225,0.5743,-0.5253,-0.3759,-0.7634,25.5,0.0,0.122,0.117,0.03271,201.6,353.9,222.8,353.9,180.0,353.9,576,0.265,6
656,6.865,64.512,49.912,0.2332,-0.9267,0.2948,-0.8172,-0.0224,0.5759,-0.5271,-0.3752,-0.7625,25.5,0.0,0.122,0.115,0.03271,202.1,355.6,223.3,355.6,180.5,355.7,577,0.805,6
657,7.293,62.81,50.453,0.2333,-0.9269,0.2939,-0.816,-0.0223,0.5776,-0.5288,-0.3745,-0.7616,25.5,0.0001,0.117,0.119,0.02888,202.5,357.4,223.7,357.3,181.0,357.4,577,1.031,6
658,7.722,61.107,50.991,0.2334,-0.9274,0.2922,-0.8149,-0.0222,0.5792,-0.5307,-0.3733,-0.7609,25.5,0.0004,0.135,0.111,0.05537,202.9,359.1,224.1,359.1,181.4,359.2,578,0.476,6
659,8.151,59.403,51.526,0.2335,-0.9279,0.2906,-0.8137,-0.0222,0.5809,-0.5326,-0.3722,-0.7602,25.5,0.0006,0.132,0.119,0.05238,203.4,360.8,224.5,360.8,181.9,360.9,579,0.098,6
660,8.58,57.698,52.059,0.2337,-0.9283,0.2892,-0.8125,-0.0221,0.5825,-0.5344,-0.3711,-0.7594,25.5,0.0009,0.129,0.115,0.04584,203.8,362.6,224.9,362.5,182.4,362.7,580,0.691,6
661,9.009,55.993,52.589,0.2338,-0.9287,0.288,-0.8113,-0.022,0.5842,-0.5362,-0.3702,-0.7586,25.5,0.001,0.124,0.119,0.03955,204.3,364.3,225.3,364.2,182.9,364.4,580,1.145,6
662,9.439,54.287,53.117,0.2339,-0.929,0.2869,-0.8101,-0.022,0.5858,-0.5379,-0.3694,-0.7577,25.5,0.001,0.119,0.115,0.0357,204.7,366.1,225.7,366.0,183.3,366.2,581,0.535,6
663,9.868,52.58,53.643,0.234,-0.9292,0.286,-0.8089,-0.0219,0.5875,-0.5397,-0.3688,-0.7568,25.5,0.0009,0.12,0.119,0.02889,205.2,367.8,226.2,367.7,183.8,367.9,582,0.091,6
664,10.298,50.873,54.167,0.234,-0.9295,0.2852,-0.8078,-0.0218,0.5891,-0.5414,-0.3682,-0.7559,25.5,0.0008,0.115,0.111,0.0266,205.6,369.5,226.6,369.4,184.3,369.7,583,0.729,6
665,10.728,49.166,54.691,0.2341,-0.9297,0.2845,-0.8066,-0.0217,0.5907,-0.543,-0.3678,-0.7549,25.5,0.0006,0.11,0.115,0.02292,206.1,371.3,227.0,371.2,184.8,371.4,583,1.108,6
666,11.158,47.458,55.213,0.2341,-0.9298,0.284,-0.8054,-0.0215,0.5924,-0.5447,-0.3674,-0.7539,25.5,0.0003,0.115,0.12,0.01583,206.5,373.0,227.4,372.9,185.2,373.2,584,0.459,6
667,11.588,45.75,55.734,0.2341,-0.9299,0.2837,-0.8042,-0.0213,0.5939,-0.5463,-0.3672,-0.7528,25.5,0.0,0.112,0.111,0.00986,207.0,374.8,227.8,374.6,185.7,374.9,585,0.199,6
668,12.018,44.042,56.255,0.2342,-0.9299,0.2835,-0.8031,-0.0211,0.5955,-0.5478,-0.3671,-0.7517,25.5,0.0004,0.107,0.112,0.0069,207.4,376.5,228.3,376.4,186.2,376.7,586,0.863,6
669,12.448,42.334,56.776,0.2342,-0.9299,0.2835,-0.8019,-0.0208,0.5971,-0.5494,-0.3671,-0.7506,25.5,0.0008,0.111,0.116,0.0,207.9,378.3,228.7,378.1,186.7,378.5,586,0.973,6
670,12.878,40.626,57.296,0.2342,-0.93,0.2832,-0.8008,-0.0204,0.5986,-0.5509,-0.367,-0.7495,25.5,0.0009,0.107,0.109,0.00986,208.3,380.0,229.1,379.9,187.1,380.2,587,0.305,6
671,13.309,38.918,57.815,0.2343,-0.9305,0.2816,-0.7996,-0.02,0.6001,-0.5528,-0.3658,-0.7487,25.5,0.0003,0.137,0.112,0.05236,208.8,381.8,229.5,381.6,187.6,382.0,588,0.365,6
672,13.739,37.208,58.331,0.2344,-0.9309,0.2802,-0.7985,-0.0196,0.6016,-0.5546,-0.3648,-0.7479,25.5,0.0004,0.127,0.109,0.04552,209.2,383.5,229.9,383.4,188.1,383.7,589,1.032,6
673,14.17,35.498,58.845,0.2345,-0.9311,0.2792,-0.7974,-0.019,0.6031,-0.5563,-0.3641,-0.747,25.5,0.0009,0.117,0.112,0.03189,209.6,385.3,230.4,385.1,188.6,385.5,589,0.805,6
674,14.601,33.788,59.357,0.2346,-0.9313,0.2785,-0.7963,-0.0184,0.6046,-0.5579,-0.3636,-0.746,25.5,0.0013,0.112,0.112,0.02292,210.1,387.1,230.8,386.9,189.0,387.2,590,0.147,6
675,15.032,32.077,59.868,0.2346,-0.9314,0.2782,-0.7953,-0.0177,0.606,-0.5595,-0.3634,-0.7449,25.5,0.0015,0.112,0.106,0.00986,210.5,388.8,231.2,388.6,189.5,389.0,591,0.496,6
676,15.463,30.366,60.379,0.2346,-0.9315,0.2781,-0.7942,-0.017,0.6074,-0.5611,-0.3634,-0.7437,25.5,0.0016,0.115,0.11,0.00391,211.0,390.6,231.6,390.4,190.0,390.8,592,1.119,6
677,15.894,28.655,60.89,0.2346,-0.9314,0.2783,-0.7931,-0.0161,0.6088,-0.5626,-0.3636,-0.7425,25.5,0.0016,0.111,0.114,0.00688,211.5,392.3,232.1,392.2,190.5,392.5,592,0.718,6
678,16.324,26.944,61.402,0.2346,-0.9312,0.2788,-0.7921,-0.0152,0.6102,-0.564,-0.364,-0.7412,25.5,0.0015,0.112,0.111,0.01673,211.9,394.1,232.5,394.0,191.0,394.3,593,0.12,6
679,16.755,25.234,61.915,0.2345,-0.931,0.2797,-0.7911,-0.0142,0.6115,-0.5653,-0.3647,-0.7399,25.5,0.0013,0.113,0.11,0.0289,212.4,395.9,232.9,395.7,191.4,396.0,594,0.448,6
680,17.186,23.524,62.429,0.2344,-0.9307,0.2809,-0.7901,-0.0132,0.6128,-0.5667,-0.3656,-0.7384,25.5,0.0008,0.128,0.11,0.0387,212.8,397.6,233.3,397.5,191.9,397.8,595,0.981,6
681,17.616,21.815,62.946,0.2343,-0.9303,0.2824,-0.7891,-0.012,0.6141,-0.5679,-0.3667,-0.7369,25.5,0.0003,0.127,0.116,0.04852,213.3,399.4,233.8,399.3,192.4,399.5,595,0.856,6
682,18.046,20.106,63.467,0.2341,-0.9297,0.2842,-0.7881,-0.0108,0.6154,-0.5691,-0.3681,-0.7353,25.5,0.0004,0.14,0.116,0.05943,213.7,401.2,234.2,401.1,192.9,401.3,596,0.364,6
683,18.476,18.399,63.991,0.2339,-0.9291,0.2865,-0.7872,-0.0095,0.6166,-0.5702,-0.3698,-0.7336,25.5,0.0014,0.151,0.114,0.07438,214.2,402.9,234.6,402.8,193.3,403.0,597,0.085,6
684,18.906,16.693,64.518,0.2338,-0.9288,0.2874,-0.7863,-0.0081,0.6179,-0.5716,-0.3704,-0.7322,25.5,0.0013,0.119,0.121,0.02973,214.6,404.7,235.0,404.6,193.8,404.7,598,0.488,6
685,19.335,14.987,65.047,0.2338,-0.9287,0.288,-0.7853,-0.0066,0.619,-0.573,-0.3709,-0.7308,25.5,0.0008,0.117,0.121,0.01881,215.1,406.5,235.5,406.4,194.3,406.5,599,0.843,6
686,19.765,13.282,65.576,0.2337,-0.9284,0.2888,-0.7844,-0.005,0.6202,-0.5744,-0.3715,-0.7295,25.5,0.0004,0.115,0.126,0.02674,215.5,408.2,235.9,408.2,194.8,408.2,599,0.993,6
687,20.194,11.576,66.108,0.2336,-0.9282,0.2897,-0.7835,-0.0034,0.6213,-0.5757,-0.3722,-0.728,25.5,0.0001,0.12,0.123,0.02888,216.0,410.0,236.3,410.0,195.2,410.0,600,0.689,6
688,20.623,9.872,66.641,0.2335,-0.9278,0.2909,-0.7827,-0.0016,0.6225,-0.5771,-0.373,-0.7265,25.5,0.0002,0.126,0.132,0.03956,216.4,411.7,236.8,411.8,195.7,411.7,601,0.436,6
689,21.052,8.168,67.176,0.2334,-0.9274,0.2922,-0.7818,0.0001,0.6235,-0.5783,-0.374,-0.725,25.5,0.0004,0.124,0.124,0.04254,216.9,413.5,237.2,413.6,196.2,413.4,602,0.238,6
690,21.48,6.465,67.714,0.2333,-0.927,0.2937,-0.7809,0.002,0.6246,-0.5796,-0.375,-0.7235,25.5,0.0006,0.127,0.136,0.04851,217.3,415.3,237.6,415.4,196.6,415.2,603,0.097,6
691,21.908,4.763,68.255,0.2331,-0.9265,0.2953,-0.7801,0.0039,0.6257,-0.5808,-0.3762,-0.7219,25.5,0.0007,0.134,0.134,0.05265,217.8,417.0,238.1,417.2,197.1,416.9,604,0.018,6
692,22.337,3.062,68.799,0.233,-0.926,0.2971,-0.7793,0.0059,0.6267,-0.582,-0.3775,-0.7202,25.5,0.0008,0.141,0.136,0.05834,218.2,418.8,238.5,419.0,197.6,418.6,605,0.018,6
693,22.764,1.362,69.346,0.2328,-0.9254,0.299,-0.7784,0.0079,0.6277,-0.5832,-0.3789,-0.7186,25.5,0.0008,0.14,0.138,0.06246,218.7,420.6,238.9,420.8,198.1,420.4,606,0.019,6
694,23.192,-0.338,69.898,0.2326,-0.9248,0.301,-0.7776,0.0099,0.6286,-0.5843,-0.3803,-0.7169,25.5,0.0008,0.141,0.134,0.06544,219.1,422.4,239.3,422.6,198.5,422.1,607,0.101,6
695,23.619,-2.036,70.452,0.2324,-0.9242,0.3032,-0.7768,0.012,0.6296,-0.5855,-0.3819,-0.7151,25.5,0.0007,0.154,0.141,0.07138,219.6,424.1,239.8,424.4,199.0,423.8,608,0.237,6
696,24.045,-3.731,71.012,0.2321,-0.9229,0.3072,-0.7761,0.0141,0.6305,-0.5862,-0.3847,-0.713,25.5,0.0005,0.205,0.137,0.13158,220.0,425.9,240.2,426.2,199.5,425.5,609,0.421,6
697,24.471,-5.426,71.58,0.2317,-0.9218,0.3108,-0.7753,0.0163,0.6314,-0.5871,-0.3873,-0.7109,25.5,0.0016,0.198,0.144,0.11806,220.5,427.7,240.6,428.0,199.9,427.3,610,0.653,6
698,24.897,-7.118,72.154,0.2314,-0.9209,0.3136,-0.7745,0.0184,0.6323,-0.5881,-0.3893,-0.709,25.5,0.0021,0.168,0.139,0.0922,220.9,429.4,241.1,429.8,200.4,429.0,612,0.588,6
699,25.322,-8.81,72.732,0.2313,-0.9202,0.3157,-0.7736,0.0204,0.6333,-0.5892,-0.3907,-0.7072,25.5,0.0022,0.145,0.138,0.06911,221.4,431.2,241.5,431.6,200.9,430.7,613,0.23,6
700,25.746,-10.5,73.314,0.2311,-0.9198,0.3172,-0.7728,0.0222,0.6343,-0.5904,-0.3917,-0.7056,25.5,0.0022,0.128,0.127,0.04879,221.8,432.9,241.9,433.4,201.4,432.5,614,0.168,6
701,26.171,-12.189,73.897,0.231,-0.9195,0.318,-0.7719,0.0239,0.6353,-0.5918,-0.3923,-0.7042,25.5,0.0017,0.118,0.124,0.02679,222.3,434.7,242.4,435.2,201.8,434.2,615,0.596,6
702,26.595,-13.878,74.482,0.231,-0.9194,0.3183,-0.7709,0.0253,0.6365,-0.5933,-0.3924,-0.7029,25.5,0.0013,0.114,0.12,0.00986,222.7,436.5,242.8,437.0,202.3,435.9,617,0.296,6
703,27.02,-15.567,75.066,0.231,-0.9195,0.3179,-0.7698,0.0265,0.6377,-0.5948,-0.3921,-0.7017,25.5,0.0005,0.111,0.116,0.01281,223.2,438.2,243.2,438.8,202.8,437.7,618,0.221,6
704,27.444,-17.257,75.65,0.2311,-0.9199,0.3169,-0.7686,0.0274,0.6391,-0.5966,-0.3913,-0.7007,25.5,0.0003,0.127,0.118,0.03366,223.6,440.0,243.6,440.6,203.3,439.4,620,0.534,6
705,27.869,-18.947,76.23,0.2313,-0.9205,0.315,-0.7674,0.0278,0.6406,-0.5984,-0.3899,-0.6999,25.5,0.0013,0.138,0.112,0.06245,224.1,441.8,244.1,442.3,203.8,441.2,621,0.048,6
706,28.294,-20.639,76.806,0.2316,-0.9214,0.3121,-0.766,0.0279,0.6422,-0.6005,-0.3878,-0.6993,25.5,0.0027,0.174,0.122,0.09515,224.6,443.6,244.5,444.1,204.2,443.0,622,0.615,6
707,28.72,-22.333,77.376,0.232,-0.9227,0.3079,-0.7645,0.0275,0.6441,-0.6028,-0.3848,-0.699,25.5,0.0044,0.217,0.141,0.13768,225.0,445.3,244.9,445.8,204.7,444.8,624,0.04,6
708,29.146,-24.027,77.937,0.2323,-0.9237,0.3046,-0.7628,0.0266,0.6461,-0.6049,-0.3824,-0.6984,25.5,0.005,0.186,0.159,0.10812,225.5,447.1,245.3,447.6,205.2,446.6,625,0.556,6
709,29.572,-25.723,78.497,0.2322,-0.9235,0.3055,-0.761,0.0251,0.6483,-0.6063,-0.383,-0.6969,25.5,0.0018,0.122,0.184,0.02885,225.9,448.9,245.7,449.3,205.7,448.5,627,0.091,6
710,29.999,-27.42,79.058,0.2323,-0.9237,0.3046,-0.7589,0.0225,0.6508,-0.608,-0.3823,-0.6958,25.5,0.0012,0.123,0.239,0.02885,226.4,450.7,246.1,451.0,206.2,450.4,628,0.5,6
711,30.426,-29.118,79.615,0.2326,-0.9247,0.3015,-0.7565,0.0184,0.6537,-0.61,-0.3801,-0.6952,25.5,0.0041,0.174,0.319,0.102,226.8,452.5,246.5,452.7,206.8,452.3,630,0.191,6
712,30.854,-30.818,80.164,0.2331,-0.9264,0.2956,-0.7537,0.0124,0.6571,-0.6124,-0.376,-0.6954,25.5,0.0071,0.272,0.426,0.19217,227.3,454.3,246.9,454.3,207.3,454.2,631,0.369,6
713,31.283,-32.522,80.699,0.234,-0.9293,0.2859,-0.7504,0.0042,0.6609,-0.6154,-0.3692,-0.6964,25.5,0.0095,0.43,0.551,0.31697,227.8,456.0,247.3,455.8,207.8,456.3,633,0.385,6
714,31.714,-34.232,81.21,0.2353,-0.9336,0.2701,-0.7465,-0.0066,0.6653,-0.6194,-0.3582,-0.6986,25.5,0.0102,0.682,0.705,0.51245,228.2,457.9,247.6,457.3,208.4,458.4,634,0.14,6
715,32.147,-35.952,81.686,0.2372,-0.9393,0.248,-0.7419,-0.0205,0.6702,-0.6245,-0.343,-0.7017,25.5,0.0095,0.936,0.885,0.71464,228.7,459.7,248.0,458.7,209.0,460.6,635,0.652,6
716,32.585,-37.682,82.12,0.2391,-0.9449,0.2238,-0.7364,-0.0378,0.6755,-0.6298,-0.3263,-0.7049,25.5,0.0108,1.02,1.084,0.7771,229.1,461.5,248.3,460.1,209.6,462.9,637,0.191,6
717,33.026,-39.424,82.503,0.2407,-0.9514,0.1922,-0.73,-0.0591,0.6809,-0.6365,-0.3043,-0.7087,25.5,0.0114,1.336,1.311,1.00777,229.6,463.3,248.6,461.3,210.3,465.3,638,0.291,6
718,33.468,-41.177,82.825,0.2422,-0.9575,0.1568,-0.7226,-0.0846,0.6861,-0.6437,-0.2795,-0.7124,25.5,0.0136,1.495,1.55,1.1216,230.1,465.2,248.9,462.5,210.9,467.9,640,0.603,6
719,33.916,-42.941,83.07,0.2436,-0.9638,0.1084,-0.7142,-0.1149,0.6905,-0.6531,-0.2456,-0.7164,25.5,0.0116,2.029,1.819,1.52339,230.6,467.0,249.1,463.5,211.6,470.6,641,0.137,6
720,34.358,-44.717,83.219,0.2365,-0.9702,0.052,-0.7047,-0.1504,0.6934,-0.665,-0.2006,-0.7194,25.5,0.0153,2.673,2.112,1.78494,231.0,468.9,249.3,464.4,212.4,473.4,642,0.327,6
721,34.785,-46.503,83.249,0.2288,-0.9733,-0.0185,-0.694,-0.1915,0.6941,-0.6792,-0.1459,-0.7193,25.5,0.0148,3.238,2.434,2.21534,231.5,470.8,249.5,465.2,213.1,476.4,644,0.592,6
722,35.197,-48.29,83.153,0.2189,-0.9717,-0.0892,-0.682,-0.2375,0.6917,-0.6934,-0.0906,-0.7148,25.5,0.0198,3.282,2.727,2.22842,231.9,472.6,249.6,465.8,213.9,479.6,645,0.141,6
723,35.594,-50.066,82.911,0.2134,-0.9609,-0.1765,-0.6691,-0.2875,0.6853,-0.7093,-0.0282,-0.7043,25.5,0.0125,3.739,2.982,2.75095,232.3,474.5,249.6,466.3,214.6,482.8,646,0.3,6
724,35.981,-51.815,82.505,0.2111,-0.9418,-0.2617,-0.6555,-0.3397,0.6745,-0.7241,0.0291,-0.6891,25.5,0.005,3.501,3.152,2.72642,232.7,476.3,249.7,466.8,215.4,486.0,648,0.716,6
725,36.37,-53.523,81.955,0.213,-0.9169,-0.3376,-0.642,-0.3908,0.6596,-0.7367,0.0762,-0.6719,25.5,0.0011,2.963,3.147,2.49361,233.1,478.1,249.7,467.2,216.2,489.2,649,0.351,6
726,36.768,-55.18,81.271,0.2194,-0.8872,-0.4059,-0.6291,-0.4387,0.6416,-0.7474,0.1146,-0.6544,25.5,0.0092,2.495,3.024,2.33289,233.5,479.8,249.8,467.6,216.9,492.2,650,0.029,6
727,37.169,-56.78,80.463,0.2166,-0.8544,-0.4724,-0.6176,-0.4815,0.6218,-0.7589,0.1571,-0.632,25.5,0.0161,2.831,2.782,2.31574,233.9,481.4,249.9,468.2,217.6,495.0,651,0.244,6
728,37.565,-58.32,79.544,0.2137,-0.8234,-0.5257,-0.608,-0.518,0.6017,-0.7679,0.1911,-0.6114,25.5,0.0197,2.336,2.45,1.926,234.3,483.0,250.0,468.8,218.3,497.5,652,0.461,6
729,37.954,-59.808,78.54,0.2099,-0.7973,-0.5659,-0.6002,-0.5485,0.5822,-0.7747,0.2175,-0.5937,25.5,0.0181,1.862,2.122,1.50012,234.7,484.5,250.2,469.5,218.9,499.8,653,0.617,6
730,38.336,-61.249,77.468,0.2072,-0.7722,-0.6006,-0.5939,-0.5736,0.5642,-0.7803,0.2398,-0.5776,25.5,0.019,1.608,1.806,1.33887,235.1,486.0,250.4,470.3,219.4,502.0,654,0.71,6
731,38.716,-62.646,76.338,0.2046,-0.7503,-0.6287,-0.589,-0.594,0.548,-0.7847,0.2582,-0.5635,25.5,0.0194,1.352,1.519,1.11429,235.4,487.4,250.7,471.2,219.9,503.9,655,0.737,6
732,39.088,-64.007,75.162,0.2017,-0.7324,-0.6503,-0.5852,-0.6103,0.534,-0.7881,0.2729,-0.5518,25.5,0.0183,1.094,1.25,0.87993,235.8,488.8,250.9,472.2,220.4,505.7,656,0.696,6
733,39.459,-65.34,73.954,0.2034,-0.7194,-0.6642,-0.5823,-0.6232,0.522,-0.7896,0.2806,-0.5457,25.5,0.0168,0.569,1.023,0.59601,236.2,490.1,251.2,473.2,220.9,507.4,657,0.589,6
734,39.836,-66.653,72.726,0.2075,-0.711,-0.6719,-0.5801,-0.6335,0.5119,-0.7897,0.2836,-0.544,25.5,0.0139,0.198,0.836,0.37782,236.5,491.5,251.5,474.2,221.3,509.0,658,0.415,6
735,40.218,-67.95,71.485,0.2071,-0.7015,-0.6819,-0.5783,-0.6419,0.5035,-0.791,0.2901,-0.5387,25.5,0.0128,0.486,0.688,0.43076,236.9,492.8,251.8,475.3,221.7,510.5,659,0.177,7
736,40.598,-69.232,70.224,0.2065,-0.6943,-0.6894,-0.5767,-0.6487,0.4965,-0.792,0.2951,-0.5344,25.5,0.011,0.382,0.567,0.32471,237.2,494.0,252.1,476.4,222.1,511.9,660,0.119,7
737,40.978,-70.503,68.954,0.2075,-0.6899,-0.6936,-0.5753,-0.6542,0.4909,-0.7924,0.2972,-0.5327,25.5,0.0085,0.156,0.457,0.19223,237.6,495.3,252.5,477.6,222.6,513.3,661,0.471,7
738,41.361,-71.767,67.678,0.2097,-0.6871,-0.6957,-0.5741,-0.6586,0.4864,-0.7924,0.2974,-0.5326,25.5,0.0063,0.013,0.367,0.12894,238.0,496.6,252.8,478.7,223.0,514.7,662,0.876,7
739,41.749,-73.028,66.399,0.213,-0.6855,-0.6962,-0.5731,-0.6621,0.483,-0.792,0.2961,-0.5339,25.5,0.0045,0.108,0.285,0.11544,238.3,497.8,253.1,479.9,223.4,516.0,662,0.961,7
740,42.144,-74.287,65.12,0.2174,-0.685,-0.6954,-0.5721,-0.6649,0.4803,-0.7913,0.2934,-0.5364,25.5,0.0029,0.215,0.23,0.14033,238.7,499.1,253.5,481.1,223.8,517.3,663,0.509,7
741,42.548,-75.545,63.845,0.2229,-0.6853,-0.6933,-0.5712,-0.6671,0.4782,-0.7903,0.2894,-0.5401,25.5,0.0017,0.317,0.182,0.18385,239.1,500.3,253.8,482.3,224.2,518.6,664,0.021,7
742,42.964,-76.805,62.574,0.23,-0.6865,-0.6897,-0.5702,-0.6691,0.4766,-0.7887,0.2837,-0.5454,25.5,0.0005,0.455,0.158,0.25113,239.5,501.6,254.2,483.5,224.7,519.9,665,0.502,7
743,43.392,-78.066,61.31,0.2349,-0.6867,-0.688,-0.5692,-0.671,0.4752,-0.7879,0.2799,-0.5484,25.5,0.0001,0.281,0.147,0.16195,239.9,502.8,254.5,484.7,225.1,521.2,666,1.047,7
744,43.826,-79.327,60.047,0.2381,-0.6859,-0.6877,-0.568,-0.6728,0.474,-0.7878,0.2778,-0.5497,25.5,0.0003,0.142,0.142,0.10329,240.3,504.1,254.9,485.9,225.6,522.5,666,0.791,7
745,44.267,-80.586,58.784,0.2415,-0.6852,-0.6872,-0.5668,-0.6746,0.4729,-0.7876,0.2752,-0.5513,25.5,0.0004,0.175,0.139,0.1094,240.8,505.3,255.3,487.1,226.0,523.8,667,0.232,7
746,44.714,-81.844,57.522,0.2453,-0.6846,-0.6864,-0.5654,-0.6765,0.4719,-0.7874,0.2724,-0.553,25.5,0.0005,0.188,0.147,0.12255,241.2,506.5,255.7,488.3,226.5,525.1,668,0.34,7
747,45.168,-83.101,56.262,0.2494,-0.684,-0.6855,-0.564,-0.6783,0.471,-0.7871,0.2691,-0.555,25.5,0.0004,0.222,0.14,0.13227,241.6,507.8,256.1,489.5,227.0,526.4,669,0.913,7
748,45.63,-84.357,55.004,0.254,-0.6836,-0.6843,-0.5624,-0.6802,0.4701,-0.7868,0.2654,-0.5573,25.5,0.0004,0.25,0.151,0.1488,242.1,509.0,256.4,490.7,227.5,527.6,669,0.924,7
749,46.102,-85.612,53.749,0.2592,-0.6831,-0.6828,-0.5608,-0.6822,0.4692,-0.7863,0.2613,-0.5599,25.5,0.0003,0.28,0.156,0.16951,242.5,510.2,256.8,491.8,228.0,528.9,670,0.353,7
750,46.583,-86.866,52.496,0.2649,-0.6827,-0.681,-0.5591,-0.6842,0.4683,-0.7856,0.2567,-0.5629,25.5,0.0001,0.317,0.159,0.1869,243.0,511.5,257.2,493.0,228.5,530.2,671,0.214,7
751,47.076,-88.12,51.247,0.2714,-0.6822,-0.6789,-0.5573,-0.6864,0.4673,-0.7848,0.2515,-0.5665,25.5,0.0002,0.365,0.173,0.21357,243.5,512.7,257.7,494.2,229.1,531.5,672,0.766,7
752,47.581,-89.373,50.003,0.2789,-0.6818,-0.6763,-0.5553,-0.6887,0.4662,-0.7836,0.2456,-0.5707,25.5,0.0006,0.421,0.186,0.248,243.9,513.9,258.1,495.4,229.6,532.7,672,1.07,7
753,48.098,-90.625,48.762,0.2846,-0.6814,-0.6743,-0.5533,-0.6911,0.465,-0.7829,0.2408,-0.5737,25.5,0.0001,0.327,0.192,0.18883,244.4,515.1,258.5,496.5,230.2,534.0,673,0.532,7
754,48.626,-91.876,47.525,0.2905,-0.6808,-0.6723,-0.5512,-0.6937,0.4637,-0.7821,0.2359,-0.5768,25.5,0.0004,0.335,0.205,0.19522,244.9,516.4,259.0,497.7,230.8,535.3,674,0.016,7
755,49.166,-93.126,46.292,0.2966,-0.6802,-0.6703,-0.549,-0.6963,0.4623,-0.7812,0.2309,-0.58,25.5,0.0009,0.344,0.211,0.20113,245.5,517.6,259.4,498.8,231.3,536.6,675,0.483,7
756,49.716,-94.374,45.063,0.3029,-0.6794,-0.6683,-0.5467,-0.6991,0.4609,-0.7804,0.2258,-0.5832,25.5,0.0014,0.348,0.223,0.2077,246.0,518.8,259.9,500.0,231.9,537.9,676,0.952,7
757,50.278,-95.622,43.837,0.3094,-0.6785,-0.6663,-0.5443,-0.7018,0.4596,-0.7794,0.2205,-0.5864,25.5,0.0015,0.359,0.22,0.21398,246.5,520.0,260.3,501.1,232.6,539.1,676,0.885,7
758,50.853,-96.867,42.615,0.3161,-0.6774,-0.6642,-0.5417,-0.7047,0.4582,-0.7785,0.215,-0.5897,25.5,0.0018,0.371,0.237,0.22168,247.1,521.2,260.8,502.3,233.2,540.4,677,0.445,7
759,51.44,-98.11,41.397,0.323,-0.6762,-0.6621,-0.539,-0.7075,0.457,-0.7775,0.2093,-0.593,25.5,0.0017,0.382,0.233,0.22808,247.7,522.4,261.3,503.4,233.8,541.7,678,0.038,7
760,52.039,-99.351,40.183,0.3301,-0.6749,-0.66,-0.5363,-0.7103,0.4559,-0.7765,0.2034,-0.5964,25.5,0.0015,0.394,0.232,0.23448,248.2,523.6,261.8,504.5,234.5,542.9,679,0.34,7
761,52.652,-100.589,38.972,0.3373,-0.6725,-0.6588,-0.5333,-0.7132,0.4549,-0.7758,0.1979,-0.5992,25.5,0.0001,0.356,0.246,0.23971,248.8,524.8,262.3,505.7,235.2,544.2,680,0.685,7
762,53.278,-101.821,37.763,0.3441,-0.6696,-0.6582,-0.5303,-0.7159,0.4542,-0.7753,0.1927,-0.6015,25.5,0.0021,0.327,0.235,0.23135,249.4,526.0,262.8,506.8,235.9,545.5,681,1.004,7
763,53.917,-103.049,36.555,0.3513,-0.6676,-0.6564,-0.5271,-0.7185,0.4537,-0.7746,0.1867,-0.6043,25.5,0.0033,0.381,0.238,0.23976,250.0,527.2,263.3,507.9,236.6,546.7,681,0.833,7
764,54.569,-104.274,35.352,0.3587,-0.6664,-0.6536,-0.5239,-0.721,0.4535,-0.7735,0.1797,-0.6078,25.5,0.0039,0.453,0.233,0.24963,250.7,528.4,263.8,509.0,237.3,547.9,682,0.538,7
765,55.235,-105.498,34.155,0.3666,-0.6661,-0.6495,-0.5205,-0.7233,0.4537,-0.7721,0.1717,-0.6119,25.5,0.0037,0.521,0.235,0.2778,251.3,529.5,264.4,510.2,238.1,549.2,683,0.262,7
766,55.916,-106.722,32.966,0.3752,-0.6667,-0.644,-0.517,-0.7254,0.4544,-0.7701,0.1625,-0.6169,25.5,0.003,0.611,0.237,0.31899,252.0,530.7,264.9,511.3,238.8,550.4,684,0.005,7
767,56.614,-107.948,31.79,0.3845,-0.6683,-0.6368,-0.5135,-0.7272,0.4556,-0.7675,0.1518,-0.6228,25.5,0.0016,0.716,0.236,0.37029,252.6,531.9,265.5,512.4,239.6,551.6,685,0.251,7
768,57.329,-109.178,30.628,0.3949,-0.6711,-0.6275,-0.5098,-0.7286,0.4574,-0.7641,0.1393,-0.6299,25.5,0.0006,0.846,0.249,0.44375,253.3,533.1,266.1,513.6,240.4,552.8,686,0.495,7
769,58.064,-110.411,29.483,0.4053,-0.671,-0.6209,-0.5061,-0.7297,0.4598,-0.7616,0.1279,-0.6353,25.5,0.001,0.737,0.26,0.38432,254.0,534.3,266.7,514.7,241.2,554.0,687,0.738,7
770,58.819,-111.643,28.348,0.4162,-0.6709,-0.6137,-0.5023,-0.7304,0.4628,-0.7588,0.1157,-0.641,25.5,0.0031,0.788,0.28,0.4075,254.8,535.4,267.3,515.9,242.1,555.2,688,0.985,7
771,59.594,-112.876,27.229,0.4279,-0.6718,-0.6047,-0.4985,-0.7307,0.4664,-0.7552,0.1019,-0.6476,25.5,0.0045,0.9,0.3,0.46131,255.5,536.6,267.9,517.1,242.9,556.4,688,0.852,7
772,60.391,-114.112,26.128,0.4402,-0.6738,-0.5934,-0.4947,-0.7307,0.4705,-0.7507,0.0864,-0.655,25.5,0.0046,1.017,0.32,0.52474,256.3,537.8,268.6,518.2,243.8,557.6,689,0.592,7
773,61.211,-115.352,25.051,0.4533,-0.677,-0.5798,-0.4908,-0.7303,0.4751,-0.7451,0.0692,-0.6633,25.5,0.0035,1.14,0.346,0.59746,257.1,539.0,269.3,519.4,244.7,558.8,690,0.311,7
774,62.056,-116.599,24.0,0.4669,-0.6814,-0.5636,-0.487,-0.7297,0.4801,-0.7384,0.0503,-0.6725,25.5,0.0007,1.264,0.361,0.67402,257.9,540.2,270.0,520.6,245.7,560.0,691,0.001,7
775,62.927,-117.854,22.979,0.4811,-0.6844,-0.5478,-0.4831,-0.7287,0.4854,-0.7314,0.0311,-0.6813,25.5,0.0004,1.275,0.381,0.66924,258.7,541.4,270.7,521.9,246.6,561.2,692,0.349,7
776,63.824,-119.113,21.989,0.4965,-0.6869,-0.5306,-0.4793,-0.7275,0.491,-0.7233,0.0105,-0.6904,25.5,0.0012,1.371,0.394,0.72449,259.6,542.6,271.4,523.1,247.6,562.4,693,0.746,7
777,64.751,-120.377,21.03,0.5125,-0.6887,-0.5128,-0.4754,-0.7261,0.4967,-0.7145,-0.0108,-0.6996,25.5,0.0017,1.422,0.404,0.74875,260.5,543.8,272.2,524.3,248.6,563.5,693,1.091,7
778,65.707,-121.643,20.105,0.5283,-0.6896,-0.4953,-0.4715,-0.7247,0.5026,-0.7055,-0.032,-0.708,25.5,0.0017,1.405,0.413,0.73608,261.4,545.0,273.0,525.6,249.7,564.7,694,0.64,7
779,66.692,-122.91,19.21,0.5432,-0.6905,-0.4776,-0.4675,-0.7232,0.5083,-0.6965,-0.0528,-0.7156,25.5,0.0027,1.37,0.408,0.72228,262.4,546.2,273.9,526.8,250.8,565.9,695,0.124,7
780,67.703,-124.18,18.351,0.5578,-0.6919,-0.4584,-0.4634,-0.7219,0.514,-0.6865,-0.0743,-0.7233,25.5,0.0054,1.428,0.409,0.7537,263.4,547.5,274.8,528.1,251.9,567.1,696,0.458,7
781,68.741,-125.45,17.526,0.5729,-0.6914,-0.4402,-0.4591,-0.7206,0.5195,-0.6764,-0.0956,-0.7303,25.5,0.0065,1.409,0.407,0.73789,264.4,548.7,275.6,529.3,253.0,568.3,697,1.107,7
782,69.808,-126.718,16.733,0.5885,-0.689,-0.4231,-0.4547,-0.7195,0.525,-0.6661,-0.1166,-0.7367,25.5,0.006,1.389,0.408,0.72591,265.5,549.9,276.6,530.6,254.2,569.5,697,0.73,7
783,70.903,-127.98,15.971,0.6043,-0.6849,-0.4072,-0.4501,-0.7185,0.5303,-0.6557,-0.1372,-0.7424,25.5,0.0042,1.362,0.406,0.71082,266.5,551.1,277.5,531.8,255.4,570.7,698,0.017,7
784,72.027,-129.235,15.239,0.6192,-0.6819,-0.3895,-0.4452,-0.7176,0.5356,-0.6447,-0.1582,-0.7479,25.5,0.005,1.394,0.417,0.72775,267.6,552.3,278.5,533.0,256.7,571.9,699,0.76,7
785,73.177,-130.484,14.54,0.6335,-0.6784,-0.372,-0.4402,-0.7168,0.5408,-0.6335,-0.1789,-0.7528,25.5,0.0062,1.377,0.416,0.71337,268.8,553.5,279.4,534.3,257.9,573.1,699,1.077,7
786,74.354,-131.726,13.872,0.6479,-0.6736,-0.3555,-0.4349,-0.7161,0.5459,-0.6223,-0.1991,-0.757,25.5,0.0065,1.345,0.423,0.69941,269.9,554.7,280.4,535.5,259.3,574.3,700,0.241,7
787,75.558,-132.958,13.233,0.6627,-0.6674,-0.3398,-0.4294,-0.7155,0.551,-0.6109,-0.2193,-0.7608,25.5,0.0057,1.347,0.431,0.70029,271.1,555.9,281.5,536.7,260.6,575.5,701,0.654,7
788,76.789,-134.177,12.623,0.6778,-0.66,-0.3241,-0.4237,-0.715,0.5561,-0.5987,-0.2396,-0.7643,25.5,0.0045,1.372,0.439,0.71765,272.3,557.1,282.5,537.8,262.0,576.7,701,1.183,7
789,78.047,-135.384,12.045,0.692,-0.6537,-0.3063,-0.4177,-0.7145,0.5612,-0.5857,-0.2604,-0.7675,25.5,0.0061,1.417,0.452,0.73701,273.6,558.3,283.6,539.0,263.4,577.9,702,0.234,7
790,79.331,-136.578,11.498,0.7062,-0.6462,-0.2894,-0.4115,-0.714,0.5664,-0.5726,-0.2809,-0.7702,25.5,0.0069,1.403,0.465,0.72721,274.8,559.5,284.7,540.2,264.8,579.0,703,0.769,7
791,80.641,-137.757,10.981,0.7205,-0.6373,-0.2733,-0.4051,-0.7135,0.5716,-0.5593,-0.3012,-0.7723,25.5,0.0066,1.396,0.473,0.72686,276.1,560.6,285.8,541.3,266.3,580.2,703,1.068,7
792,81.978,-138.918,10.493,0.7351,-0.627,-0.2578,-0.3984,-0.713,0.577,-0.5456,-0.3215,-0.7739,25.5,0.0054,1.406,0.494,0.73788,277.5,561.7,286.9,542.5,267.8,581.3,704,0.021,7
793,83.342,-140.06,10.035,0.7496,-0.6167,-0.2406,-0.3914,-0.7124,0.5824,-0.5306,-0.3424,-0.7754,25.5,0.0058,1.477,0.508,0.77182,278.8,562.8,288.1,543.6,269.4,582.4,705,1.07,7
794,84.731,-141.183,9.609,0.7635,-0.606,-0.2232,-0.3842,-0.7117,0.5881,-0.5153,-0.3633,-0.7762,25.5,0.0067,1.485,0.528,0.77075,280.2,563.9,289.2,544.7,271.0,583.5,705,0.767,7
795,86.147,-142.286,9.215,0.7774,-0.5941,-0.2067,-0.3767,-0.7109,0.5939,-0.4998,-0.3838,-0.7764,25.5,0.0067,1.473,0.545,0.76858,281.6,565.0,290.4,545.7,272.6,584.6,706,0.35,7
796,87.587,-143.365,8.85,0.7913,-0.5808,-0.1909,-0.3689,-0.7099,0.5999,-0.484,-0.4044,-0.7761,25.5,0.0059,1.488,0.567,0.77661,283.0,566.1,291.6,546.8,274.2,585.7,707,1.485,7
797,89.054,-144.419,8.514,0.8054,-0.5666,-0.174,-0.3609,-0.7087,0.6062,-0.4668,-0.4255,-0.7753,25.5,0.0054,1.56,0.587,0.81711,284.5,567.1,292.9,547.9,275.9,586.7,707,0.352,7
798,90.546,-145.446,8.211,0.819,-0.5521,-0.1561,-0.3527,-0.7072,0.6128,-0.4487,-0.4469,-0.7739,25.5,0.0059,1.608,0.609,0.83452,286.0,568.1,294.1,548.9,277.6,587.7,708,0.792,7
799,92.062,-146.446,7.94,0.8324,-0.5365,-0.1387,-0.3442,-0.7053,0.6197,-0.4303,-0.4681,-0.7718,25.5,0.0059,1.613,0.637,0.84039,287.5,569.1,295.4,549.9,279.4,588.6,708,1.045,7
800,93.604,-147.416,7.701,0.8457,-0.5196,-0.1219,-0.3355,-0.7031,0.6269,-0.4114,-0.4893,-0.769,25.5,0.0052,1.635,0.659,0.85124,289.0,570.1,296.7,550.9,281.2,589.6,709,0.101,7
801,95.169,-148.354,7.493,0.859,-0.5015,-0.1037,-0.3267,-0.7005,0.6345,-0.3908,-0.5112,-0.7655,25.5,0.0049,1.734,0.683,0.90184,290.6,571.0,298.0,551.9,283.0,590.4,710,1.238,7
802,96.759,-149.258,7.32,0.8718,-0.4826,-0.0848,-0.3178,-0.6973,0.6425,-0.3691,-0.5332,-0.7612,25.5,0.005,1.788,0.71,0.92445,292.2,571.9,299.3,552.8,284.8,591.3,710,0.599,7
803,98.371,-150.126,7.181,0.8841,-0.4626,-0.0664,-0.3088,-0.6936,0.6508,-0.3471,-0.5549,-0.756,25.5,0.0046,1.796,0.733,0.93055,293.8,572.7,300.7,553.8,286.7,592.1,711,0.524,7
804,100.006,-150.957,7.076,0.896,-0.4415,-0.0484,-0.2998,-0.6892,0.6596,-0.3246,-0.5765,-0.7499,25.5,0.0037,1.821,0.764,0.94143,295.4,573.6,302.1,554.7,288.6,592.8,711,1.314,7
805,101.662,-151.747,7.006,0.9076,-0.4189,-0.0284,-0.2908,-0.6842,0.6688,-0.2996,-0.5988,-0.7428,25.5,0.0037,1.962,0.791,1.00863,297.1,574.3,303.5,555.6,290.5,593.5,712,0.215,7
806,103.34,-152.495,6.972,0.9186,-0.3952,-0.0084,-0.2821,-0.6784,0.6784,-0.2738,-0.6208,-0.7346,25.5,0.0033,1.999,0.813,1.02641,298.7,575.1,304.9,556.4,292.5,594.1,713,0.851,7
807,105.037,-153.198,6.975,0.929,-0.3699,0.0119,-0.2735,-0.6717,0.6885,-0.2467,-0.6428,-0.7252,25.5,0.0026,2.071,0.851,1.06266,300.4,575.8,306.4,557.3,294.4,594.7,713,0.986,7
808,106.752,-153.853,7.016,0.9389,-0.3427,0.0333,-0.2654,-0.6641,0.699,-0.2174,-0.6651,-0.7144,25.5,0.0017,2.199,0.876,1.12295,302.2,576.5,307.8,558.1,296.4,595.2,714,0.04,7
809,108.485,-154.456,7.098,0.9477,-0.3143,0.0554,-0.2577,-0.6555,0.7098,-0.1868,-0.687,-0.7023,25.5,0.0011,2.265,0.906,1.15576,303.9,577.1,309.4,558.9,298.4,595.6,715,1.003,7
810,110.233,-155.007,7.22,0.9554,-0.2848,0.0779,-0.2506,-0.6459,0.7211,-0.1551,-0.7084,-0.6885,25.5,0.0007,2.33,0.942,1.1821,305.7,577.6,310.9,559.7,300.3,596.0,715,0.835,7
811,111.994,-155.501,7.385,0.9621,-0.2529,0.1017,-0.2444,-0.6353,0.7326,-0.1207,-0.7297,-0.673,25.5,0.0,2.483,0.964,1.25918,307.5,578.1,312.5,560.4,302.3,596.2,716,0.076,7
812,113.766,-155.935,7.594,0.9673,-0.22,0.126,-0.239,-0.6235,0.7444,-0.0852,-0.7502,-0.6557,25.5,0.0002,2.55,1.005,1.28638,309.2,578.6,314.1,561.2,304.3,596.4,717,0.919,7
813,115.547,-156.309,7.848,0.9708,-0.1864,0.1508,-0.2347,-0.6106,0.7563,-0.0489,-0.7697,-0.6366,25.5,0.0,2.602,1.035,1.30743,311.1,579.0,315.8,561.8,306.2,596.5,717,0.919,7
814,117.332,-156.618,8.148,0.9728,-0.1501,0.1767,-0.2316,-0.5967,0.7683,-0.0099,-0.7883,-0.6152,25.5,0.0,2.763,1.067,1.39261,312.9,579.3,317.5,562.5,308.2,596.5,718,0.138,7
815,119.119,-156.86,8.497,0.9726,-0.113,0.203,-0.2298,-0.5818,0.7802,0.0299,-0.8055,-0.5918,25.5,0.0006,2.823,1.097,1.41877,314.7,579.6,319.2,563.1,310.1,596.4,719,0.583,7
816,120.904,-157.032,8.894,0.9704,-0.0751,0.2296,-0.2294,-0.5659,0.7919,0.0705,-0.8211,-0.5664,25.5,0.0017,2.886,1.131,1.44634,316.5,579.8,321.0,563.7,311.9,596.3,720,1.247,7
817,122.682,-157.134,9.341,0.9659,-0.035,0.2567,-0.2304,-0.5492,0.8033,0.1129,-0.835,-0.5385,25.5,0.0029,3.016,1.16,1.51647,318.3,580.0,322.8,564.2,313.8,596.0,720,0.59,7
818,124.45,-157.16,9.837,0.9588,0.0075,0.2838,-0.2328,-0.5319,0.8142,0.1571,-0.8468,-0.5082,25.5,0.0039,3.144,1.18,1.58813,320.1,580.0,324.6,564.7,315.6,595.7,721,0.027,7
819,126.202,-157.106,10.385,0.9489,0.0506,0.3115,-0.2365,-0.514,0.8245,0.2019,-0.8561,-0.4758,25.5,0.0064,3.213,1.202,1.62817,321.9,580.0,326.5,565.2,317.3,595.2,722,0.608,7
820,127.936,-156.975,10.979,0.938,0.0915,0.3344,-0.2414,-0.4958,0.8342,0.2421,-0.8632,-0.443,25.5,0.0072,3.001,1.215,1.50144,323.7,579.9,328.3,565.5,319.0,594.7,723,1.163,7
821,129.647,-156.771,11.613,0.9251,0.1308,0.3566,-0.2471,-0.4774,0.8432,0.2805,-0.8682,-0.4093,25.5,0.0096,2.942,1.218,1.46456,325.5,579.8,330.2,565.8,320.7,594.1,723,0.674,7
822,131.333,-156.494,12.286,0.9106,0.1712,0.3761,-0.2536,-0.4589,0.8515,0.3184,-0.8709,-0.3745,25.5,0.0108,2.952,1.22,1.4709,327.2,579.6,332.1,566.0,322.3,593.4,724,0.135,7
823,132.992,-156.142,12.992,0.8948,0.2115,0.3932,-0.2605,-0.4403,0.8592,0.3549,-0.8713,-0.3389,25.5,0.0116,2.922,1.219,1.45208,329.0,579.3,333.9,566.2,323.8,592.7,725,0.403,7
824,134.619,-155.718,13.73,0.8774,0.2505,0.4091,-0.2678,-0.4217,0.8663,0.3895,-0.8698,-0.303,25.5,0.0138,2.858,1.215,1.42171,330.7,578.9,335.8,566.3,325.4,591.9,726,0.945,7
825,136.215,-155.221,14.492,0.8602,0.2906,0.4191,-0.2754,-0.4031,0.8727,0.4226,-0.8662,-0.2667,25.5,0.0117,2.822,1.208,1.39662,332.3,578.5,337.6,566.3,326.9,591.0,726,0.892,7
826,137.778,-154.652,15.271,0.8409,0.3286,0.4301,-0.2832,-0.3846,0.8786,0.4541,-0.8606,-0.2304,25.5,0.0134,2.773,1.199,1.37323,334.0,578.0,339.4,566.3,328.3,590.0,727,0.333,7
827,139.304,-154.014,16.068,0.8217,0.3664,0.4365,-0.2912,-0.3661,0.8838,0.4837,-0.8534,-0.1942,25.5,0.0124,2.711,1.193,1.33766,335.6,577.4,341.2,566.2,329.8,588.9,728,0.255,7
828,140.796,-153.305,16.872,0.8019,0.4046,0.4396,-0.2995,-0.3477,0.8885,0.5124,-0.8442,-0.1577,25.5,0.0097,2.712,1.188,1.34584,337.1,576.8,343.0,566.0,331.1,587.8,729,0.875,7
829,142.249,-152.529,17.683,0.7807,0.4408,0.443,-0.308,-0.3295,0.8925,0.5394,-0.8332,-0.1215,25.5,0.0097,2.663,1.174,1.31308,338.7,576.0,344.7,565.7,332.5,586.6,729,0.962,7
830,143.664,-151.686,18.497,0.7592,0.477,0.4428,-0.3169,-0.3113,0.8959,0.5652,-0.8205,-0.0852,25.5,0.0076,2.654,1.177,1.31349,340.2,575.3,346.4,565.4,333.8,585.4,730,0.306,7
831,145.037,-150.777,19.31,0.7362,0.5124,0.4421,-0.3263,-0.2934,0.8986,0.5902,-0.8058,-0.0488,25.5,0.0067,2.667,1.169,1.31728,341.6,574.4,348.1,565.0,335.0,584.1,731,0.385,7
832,146.368,-149.804,20.12,0.7124,0.5466,0.4401,-0.3363,-0.2758,0.9005,0.6136,-0.7895,-0.0127,25.5,0.006,2.636,1.165,1.30141,343.0,573.5,349.7,564.5,336.2,582.7,732,1.108,7
833,147.654,-148.769,20.925,0.6881,0.5801,0.436,-0.3468,-0.2585,0.9016,0.6357,-0.7716,0.0233,25.5,0.0045,2.629,1.161,1.29743,344.4,572.5,351.3,564.0,337.3,581.2,732,0.729,7
834,148.895,-147.675,21.722,0.6624,0.612,0.432,-0.3581,-0.2416,0.9019,0.6564,-0.7521,0.0591,25.5,0.0046,2.62,1.165,1.28408,345.7,571.5,352.9,563.4,338.3,579.8,733,0.024,7
835,150.086,-146.52,22.51,0.6347,0.6448,0.4259,-0.37,-0.2252,0.9013,0.6771,-0.7297,0.0956,25.5,0.0038,2.726,1.161,1.35285,347.0,570.4,354.5,562.7,339.3,578.2,734,0.8,7
836,151.225,-145.306,23.286,0.6046,0.6777,0.4185,-0.3826,-0.2096,0.8998,0.6975,-0.7042,0.1326,25.5,0.0032,2.828,1.152,1.41029,348.2,569.2,356.0,562.0,340.2,576.6,734,1.037,7
837,152.308,-144.033,24.047,0.5747,0.7079,0.4106,-0.396,-0.1946,0.8974,0.7152,-0.6783,0.1685,25.5,0.0031,2.732,1.161,1.34855,349.4,568.0,357.5,561.2,341.0,575.0,735,0.241,7
838,153.337,-142.706,24.793,0.5454,0.7358,0.4015,-0.41,-0.1805,0.8941,0.7303,-0.6522,0.2032,25.5,0.0026,2.634,1.154,1.29374,350.5,566.7,359.0,560.3,341.8,573.3,736,0.57,7
839,154.31,-141.33,25.522,0.5144,0.7627,0.3919,-0.4246,-0.1672,0.8898,0.7442,-0.6241,0.2378,25.5,0.0028,2.675,1.158,1.315,351.5,565.4,360.4,559.3,342.4,571.6,736,1.268,7
840,155.226,-139.906,26.232,0.4832,0.7881,0.3813,-0.4396,-0.1548,0.8847,0.7563,-0.5951,0.2717,25.5,0.0029,2.649,1.153,1.29805,352.5,564.0,361.8,558.2,343.0,569.9,737,0.45,7
841,156.085,-138.436,26.922,0.4513,0.8122,0.3696,-0.4552,-0.1434,0.8788,0.7668,-0.5648,0.305,25.5,0.0029,2.649,1.158,1.29966,353.5,562.5,363.1,557.1,343.6,568.1,738,0.372,7
842,156.884,-136.923,27.59,0.4186,0.8349,0.3574,-0.4711,-0.133,0.872,0.7756,-0.5334,0.3377,25.5,0.0034,2.646,1.156,1.29894,354.3,561.1,364.4,555.9,344.0,566.3,739,1.188,7
843,157.622,-135.369,28.234,0.3856,0.8562,0.3438,-0.4873,-0.1236,0.8644,0.7826,-0.5008,0.3696,25.5,0.0035,2.644,1.158,1.29676,355.1,559.5,365.6,554.7,344.4,564.5,739,0.65,7
844,158.3,-133.778,28.853,0.3515,0.8762,0.3298,-0.5038,-0.1151,0.8561,0.7881,-0.467,0.4009,25.5,0.0044,2.659,1.165,1.30833,355.9,558.0,366.8,553.4,344.7,562.7,740,0.157,7
845,158.914,-132.152,29.445,0.3173,0.8946,0.3146,-0.5204,-0.1077,0.8471,0.7917,-0.4325,0.4314,25.5,0.005,2.647,1.162,1.3011,356.6,556.4,367.9,552.0,344.9,560.8,741,0.943,7
846,159.465,-130.492,30.007,0.2826,0.9118,0.2979,-0.5371,-0.1011,0.8374,0.7937,-0.3966,0.4611,25.5,0.0055,2.672,1.169,1.31581,357.2,554.7,369.0,550.5,345.1,559.0,741,0.894,7
847,159.951,-128.803,30.54,0.2472,0.9272,0.2813,-0.5538,-0.0955,0.8272,0.7939,-0.3603,0.4899,25.5,0.0072,2.655,1.166,1.31106,357.7,553.0,370.0,549.0,345.1,557.1,742,0.133,7
848,160.373,-127.087,31.039,0.2116,0.9416,0.262,-0.5705,-0.0908,0.8163,0.7924,-0.3222,0.518,25.5,0.0077,2.714,1.174,1.34087,358.2,551.3,370.9,547.5,345.2,555.2,743,0.596,7
849,160.727,-125.345,31.501,0.1745,0.9545,0.242,-0.5872,-0.0868,0.8048,0.7892,-0.2825,0.5453,25.5,0.0094,2.767,1.184,1.37514,358.6,549.6,371.8,545.9,345.1,553.4,743,1.241,7
850,161.014,-123.581,31.927,0.1382,0.9655,0.2205,-0.6037,-0.0836,0.7928,0.784,-0.2427,0.5714,25.5,0.0107,2.743,1.183,1.36027,358.9,547.8,372.6,544.2,345.0,551.5,744,0.552,7
851,161.236,-121.799,32.309,0.103,0.9754,0.1951,-0.6202,-0.081,0.7803,0.7769,-0.2014,0.5966,25.5,0.0093,2.802,1.195,1.38896,359.2,546.0,373.3,542.6,344.8,549.6,745,0.092,7
852,161.39,-120.0,32.646,0.0655,0.9831,0.1711,-0.6364,-0.0791,0.7673,0.7679,-0.1591,0.6205,25.5,0.0118,2.831,1.195,1.40967,359.4,544.2,373.9,540.8,344.5,547.7,746,0.693,7
853,161.478,-118.188,32.935,0.031,0.9892,0.1433,-0.6525,-0.0778,0.7538,0.7569,-0.1168,0.643,25.5,0.0108,2.817,1.206,1.3953,359.5,542.4,374.5,539.1,344.2,545.8,746,1.144,7
854,161.504,-116.367,33.171,-0.0036,0.9934,0.1143,-0.6682,-0.077,0.7399,0.7439,-0.0737,0.6642,25.5,0.0105,2.851,1.202,1.41462,359.5,540.6,375.0,537.3,343.8,543.9,747,0.58,7
855,161.466,-114.54,33.354,-0.0379,0.9957,0.0841,-0.6837,-0.077,0.7257,0.7291,-0.03,0.6837,25.5,0.0103,2.87,1.204,1.42767,359.5,538.7,375.4,535.5,343.3,542.0,748,0.049,7
856,161.366,-112.71,33.478,-0.0703,0.9962,0.0506,-0.6988,-0.0776,0.7111,0.7124,0.0146,0.7016,25.5,0.0078,2.915,1.204,1.45411,359.4,536.8,375.7,533.7,342.8,540.1,749,0.462,7
857,161.206,-110.882,33.542,-0.1038,0.9944,0.0184,-0.7134,-0.0789,0.6963,0.6939,0.0591,0.7176,25.5,0.0084,2.91,1.193,1.45084,359.3,535.0,376.0,531.8,342.2,538.2,750,0.954,7
858,160.986,-109.058,33.544,-0.1349,0.9907,-0.0164,-0.7274,-0.0811,0.6814,0.6737,0.1038,0.7316,25.5,0.0066,2.923,1.178,1.46076,359.0,533.1,376.2,530.0,341.6,536.4,750,0.883,7
859,160.711,-107.243,33.482,-0.1652,0.9849,-0.0509,-0.7409,-0.0841,0.6664,0.6521,0.1478,0.7436,25.5,0.0056,2.892,1.169,1.44398,358.8,531.3,376.3,528.1,340.9,534.5,751,0.4,7
860,160.38,-105.441,33.356,-0.1945,0.9772,-0.0856,-0.7536,-0.088,0.6515,0.6291,0.1912,0.7535,25.5,0.0048,2.871,1.144,1.43712,358.4,529.4,376.3,526.2,340.2,532.8,752,0.086,7
861,159.998,-103.655,33.167,-0.2215,0.9677,-0.1206,-0.7654,-0.0929,0.6368,0.605,0.2333,0.7613,25.5,0.0028,2.815,1.116,1.41062,358.0,527.6,376.2,524.2,339.4,531.0,753,0.579,7
862,159.567,-101.887,32.915,-0.2477,0.9566,-0.1536,-0.7763,-0.0987,0.6225,0.5803,0.2734,0.7671,25.5,0.0023,2.719,1.083,1.35937,357.5,525.8,376.1,522.3,338.7,529.3,754,1.095,7
863,159.089,-100.142,32.603,-0.2722,0.9441,-0.1857,-0.7863,-0.1054,0.6088,0.5552,0.3118,0.7711,25.5,0.0015,2.639,1.045,1.3188,357.0,524.0,375.9,520.4,337.9,527.7,754,0.742,7
864,158.568,-98.419,32.234,-0.2945,0.931,-0.2157,-0.7952,-0.1128,0.5957,0.5303,0.3469,0.7736,25.5,0.0007,2.47,1.002,1.23578,356.5,522.2,375.6,518.5,337.0,526.0,755,0.189,7
865,158.008,-96.722,31.812,-0.3157,0.917,-0.2439,-0.8031,-0.1208,0.5834,0.5055,0.3801,0.7746,25.5,0.0005,2.375,0.955,1.18406,355.9,520.5,375.2,516.5,336.2,524.5,756,0.414,7
866,157.409,-95.051,31.339,-0.336,0.902,-0.271,-0.81,-0.1294,0.5719,0.4808,0.4117,0.7742,25.5,0.0005,2.298,0.913,1.15541,355.2,518.7,374.7,514.6,335.3,522.9,757,1.073,7
867,156.774,-93.408,30.818,-0.3544,0.8871,-0.2958,-0.816,-0.1383,0.5613,0.457,0.4403,0.7729,25.5,0.0005,2.133,0.864,1.06962,354.5,517.0,374.2,512.7,334.5,521.4,757,0.764,7
868,156.108,-91.793,30.253,-0.3713,0.8721,-0.3187,-0.821,-0.1474,0.5515,0.434,0.4665,0.7708,25.5,0.0005,2.001,0.818,1.00366,353.8,515.4,373.7,510.8,333.6,520.0,758,0.04,7
869,155.411,-90.205,29.648,-0.3874,0.8568,-0.3403,-0.8253,-0.1567,0.5426,0.4116,0.4911,0.7678,25.5,0.0008,1.914,0.778,0.96654,353.0,513.7,373.0,509.0,332.7,518.5,759,0.755,7
870,154.685,-88.645,29.004,-0.4023,0.8416,-0.3604,-0.8287,-0.1659,0.5345,0.39,0.5137,0.7642,25.5,0.0011,1.803,0.729,0.91324,352.2,512.1,372.3,507.1,331.8,517.1,759,1.082,7
871,153.934,-87.113,28.325,-0.4156,0.8269,-0.3787,-0.8315,-0.1751,0.5271,0.3696,0.534,0.7604,25.5,0.0012,1.663,0.695,0.84164,351.4,510.5,371.6,505.3,330.9,515.8,760,0.215,7
872,153.159,-85.607,27.613,-0.4281,0.8125,-0.3957,-0.8337,-0.1842,0.5205,0.35,0.5527,0.7563,25.5,0.0013,1.57,0.656,0.79691,350.5,508.9,370.8,503.6,330.0,514.4,761,0.728,7
873,152.362,-84.128,26.872,-0.4397,0.7983,-0.4116,-0.8354,-0.1931,0.5146,0.3313,0.5701,0.7518,25.5,0.0014,1.486,0.62,0.75711,349.7,507.4,370.0,501.8,329.0,513.1,761,1.109,7
874,151.544,-82.675,26.102,-0.4503,0.7844,-0.4265,-0.8366,-0.2017,0.5093,0.3135,0.5861,0.7471,25.5,0.0013,1.398,0.583,0.71652,348.8,505.9,369.1,500.1,328.1,511.8,762,0.091,7
875,150.708,-81.246,25.306,-0.46,0.7712,-0.4401,-0.8375,-0.2101,0.5045,0.2966,0.6007,0.7425,25.5,0.0012,1.306,0.557,0.66416,347.9,504.4,368.3,498.4,327.2,510.5,763,1.006,7
876,149.855,-79.841,24.486,-0.4691,0.7583,-0.4527,-0.8379,-0.2182,0.5003,0.2806,0.614,0.7378,25.5,0.0011,1.222,0.523,0.63003,346.9,502.9,367.3,496.8,326.2,509.2,763,0.831,7
877,148.985,-78.46,23.643,-0.4776,0.7459,-0.4643,-0.8381,-0.226,0.4965,0.2654,0.6263,0.7331,25.5,0.0012,1.152,0.497,0.59235,346.0,501.5,366.4,495.1,325.2,508.0,764,0.345,7
878,148.1,-77.101,22.781,-0.4856,0.7338,-0.475,-0.838,-0.2335,0.4932,0.251,0.6376,0.7284,25.5,0.0013,1.083,0.47,0.56228,345.0,500.1,365.4,493.6,324.3,506.7,764,1.492,7
879,147.202,-75.764,21.898,-0.4928,0.7222,-0.4854,-0.8377,-0.2408,0.4902,0.2372,0.6482,0.7236,25.5,0.001,1.034,0.453,0.53543,344.0,498.7,364.4,492.0,323.3,505.5,765,0.237,8
880,146.29,-74.448,20.998,-0.4995,0.711,-0.495,-0.8371,-0.2478,0.4877,0.2241,0.6579,0.719,25.5,0.0005,0.97,0.427,0.50532,343.0,497.3,363.4,490.5,322.3,504.3,766,1.097,8
881,145.367,-73.152,20.081,-0.5059,0.7003,-0.5036,-0.8364,-0.2544,0.4855,0.2119,0.6668,0.7145,25.5,0.0005,0.903,0.401,0.47251,342.0,496.0,362.4,489.0,321.3,503.1,766,0.74,8
882,144.432,-71.875,19.149,-0.5121,0.6901,-0.5114,-0.8355,-0.2609,0.4836,0.2003,0.6749,0.7102,25.5,0.0005,0.847,0.391,0.44482,341.0,494.6,361.4,487.5,320.3,501.9,767,0.672,8
883,143.486,-70.617,18.203,-0.5182,0.6802,-0.5185,-0.8345,-0.267,0.4819,0.1894,0.6824,0.706,25.5,0.001,0.795,0.367,0.425,340.0,493.3,360.3,486.0,319.3,500.8,767,1.164,8
884,142.529,-69.376,17.244,-0.5239,0.6705,-0.5253,-0.8334,-0.2729,0.4806,0.1789,0.6896,0.7018,25.5,0.0012,0.768,0.352,0.41008,338.9,492.0,359.2,484.6,318.3,499.6,768,0.325,8
885,141.562,-68.154,16.273,-0.529,0.6608,-0.5324,-0.8322,-0.2785,0.4794,0.1685,0.6967,0.6973,25.5,0.001,0.766,0.335,0.40734,337.9,490.8,358.1,483.2,317.3,498.5,768,1.512,8
886,140.585,-66.948,15.289,-0.5339,0.6518,-0.5386,-0.8309,-0.284,0.4785,0.159,0.703,0.6932,25.5,0.0008,0.694,0.328,0.37358,336.8,489.5,357.1,481.8,316.3,497.3,769,0.053,8
887,139.601,-65.759,14.294,-0.5385,0.6434,-0.5442,-0.8295,-0.2891,0.4778,0.1501,0.7087,0.6894,25.5,0.0007,0.643,0.306,0.34608,335.7,488.3,355.9,480.5,315.2,496.2,770,1.689,8
888,138.607,-64.584,13.29,-0.5429,0.6354,-0.5491,-0.8281,-0.2941,0.4773,0.1418,0.7138,0.6859,25.5,0.0006,0.593,0.299,0.3232,334.6,487.1,354.8,479.1,314.2,495.1,770,0.149,8
889,137.606,-63.424,12.278,-0.5472,0.6279,-0.5534,-0.8266,-0.2989,0.4769,0.1341,0.7184,0.6826,25.5,0.0007,0.548,0.289,0.30121,333.6,485.9,353.7,477.8,313.1,494.0,771,1.554,8
890,136.597,-62.277,11.258,-0.5514,0.6208,-0.5573,-0.825,-0.3035,0.4767,0.1268,0.7226,0.6795,25.5,0.0008,0.514,0.279,0.28461,332.5,484.7,352.6,476.5,312.1,492.9,771,0.284,8
891,135.581,-61.144,10.23,-0.5554,0.6134,-0.5615,-0.8234,-0.3079,0.4767,0.1195,0.7271,0.6761,25.5,0.0008,0.529,0.268,0.29333,331.4,483.5,351.4,475.2,311.0,491.9,772,1.478,8
892,134.557,-60.024,9.195,-0.559,0.6058,-0.5661,-0.8217,-0.3122,0.4767,0.1121,0.7317,0.6724,25.5,0.0003,0.542,0.265,0.299,330.2,482.3,350.3,474.0,310.0,490.8,772,0.359,8
893,133.527,-58.918,8.151,-0.5625,0.5988,-0.5701,-0.8201,-0.3163,0.4769,0.1052,0.7358,0.669,25.5,0.0,0.499,0.252,0.27417,329.1,481.2,349.1,472.7,308.9,489.7,773,1.454,8
894,132.491,-57.824,7.101,-0.566,0.5922,-0.5735,-0.8183,-0.3203,0.4772,0.0989,0.7394,0.6659,25.5,0.0002,0.452,0.252,0.25604,328.0,480.1,347.9,471.5,307.8,488.7,773,0.383,8
895,131.448,-56.742,6.045,-0.5695,0.586,-0.5764,-0.8166,-0.3241,0.4776,0.0931,0.7427,0.6631,25.5,0.0002,0.415,0.24,0.23981,326.9,478.9,346.8,470.3,306.8,487.7,774,1.472,8
896,130.399,-55.671,4.984,-0.5729,0.5803,-0.5788,-0.8148,-0.3278,0.4782,0.0877,0.7456,0.6606,25.5,0.0002,0.379,0.238,0.22015,325.8,477.8,345.6,469.1,305.7,486.6,774,0.365,8
897,129.343,-54.61,3.918,-0.5764,0.5748,-0.5808,-0.813,-0.3314,0.4788,0.0827,0.7482,0.6584,25.5,0.0,0.347,0.233,0.21271,324.6,476.7,344.4,467.9,304.6,485.6,775,1.524,8
898,128.281,-53.559,2.85,-0.5799,0.5697,-0.5824,-0.8111,-0.3349,0.4795,0.0781,0.7504,0.6563,25.5,0.0003,0.316,0.232,0.19929,323.5,475.6,343.2,466.8,303.5,484.6,775,0.313,8
899,127.213,-52.518,1.779,-0.5832,0.5639,-0.5847,-0.8092,-0.3383,0.4803,0.073,0.7533,0.6536,25.5,0.0003,0.37,0.228,0.2202,322.3,474.6,342.0,465.6,302.4,483.6,776,1.6,8
900,126.139,-51.488,0.702,-0.586,0.5578,-0.5877,-0.8073,-0.3416,0.4812,0.0677,0.7564,0.6506,25.5,0.0003,0.392,0.224,0.22933,321.2,473.5,340.8,464.5,301.3,482.6,776,0.237,8
901,125.06,-50.468,-0.38,-0.589,0.5522,-0.59,-0.8053,-0.3448,0.4822,0.0628,0.7592,0.6478,25.5,0.0006,0.361,0.224,0.21074,320.0,472.5,339.6,463.4,300.2,481.7,777,1.688,8
902,123.975,-49.458,-1.465,-0.5919,0.5471,-0.5919,-0.8033,-0.348,0.4833,0.0584,0.7615,0.6455,25.5,0.001,0.314,0.225,0.19237,318.9,471.4,338.4,462.3,299.1,480.7,777,0.149,8
903,122.885,-48.458,-2.554,-0.595,0.5423,-0.5932,-0.8013,-0.351,0.4845,0.0545,0.7636,0.6434,25.5,0.001,0.281,0.218,0.1828,317.7,470.4,337.1,461.2,298.0,479.7,778,1.778,8
904,121.79,-47.466,-3.644,-0.5981,0.5379,-0.5941,-0.7992,-0.3541,0.4857,0.0509,0.7653,0.6416,25.5,0.001,0.25,0.225,0.17021,316.5,469.4,335.9,460.1,296.9,478.8,778,0.06,8
905,120.688,-46.482,-4.736,-0.6014,0.5337,-0.5945,-0.797,-0.3571,0.4871,0.0477,0.7668,0.6401,25.5,0.0008,0.22,0.228,0.16709,315.4,468.4,334.7,459.0,295.8,477.8,779,1.854,8
906,119.58,-45.505,-5.828,-0.6048,0.5299,-0.5945,-0.7948,-0.36,0.4886,0.0448,0.768,0.6389,25.5,0.0005,0.193,0.226,0.15904,314.2,467.4,333.4,458.0,294.7,476.9,779,0.019,8
907,118.466,-44.535,-6.92,-0.6084,0.5263,-0.5941,-0.7924,-0.363,0.4902,0.0423,0.769,0.6379,25.5,0.0002,0.165,0.238,0.15929,313.0,466.4,332.2,456.9,293.6,476.0,779,1.819,8
908,117.346,-43.573,-8.012,-0.6114,0.5215,-0.5952,-0.79,-0.3659,0.4919,0.0387,0.771,0.6357,25.5,0.0006,0.268,0.237,0.17988,311.8,465.4,330.9,455.9,292.4,475.0,780,0.067,8
909,116.22,-42.619,-9.106,-0.6142,0.5166,-0.5966,-0.7875,-0.3688,0.4937,0.035,0.7731,0.6334,25.5,0.0014,0.277,0.242,0.18139,310.6,464.4,329.7,454.8,291.3,474.1,780,1.77,8
910,115.089,-41.675,-10.203,-0.6172,0.5121,-0.5974,-0.785,-0.3717,0.4956,0.0318,0.7748,0.6314,25.5,0.0019,0.237,0.245,0.17052,309.4,463.4,328.4,453.8,290.2,473.2,781,0.074,8
911,113.953,-40.738,-11.3,-0.6203,0.508,-0.5976,-0.7823,-0.3746,0.4976,0.0289,0.7762,0.6298,25.5,0.0024,0.206,0.254,0.16045,308.2,462.5,327.1,452.8,289.1,472.3,781,1.763,8
912,112.81,-39.808,-12.398,-0.6236,0.5042,-0.5974,-0.7796,-0.3775,0.4997,0.0265,0.7774,0.6285,25.5,0.0027,0.171,0.257,0.15712,307.0,461.5,325.9,451.8,287.9,471.4,782,0.025,8
913,111.662,-38.886,-13.495,-0.6271,0.5007,-0.5966,-0.7768,-0.3803,0.5019,0.0244,0.7782,0.6275,25.5,0.0027,0.141,0.26,0.1564,305.8,460.6,324.6,450.8,286.8,470.6,783,1.74,8
914,110.506,-37.969,-14.589,-0.6309,0.4976,-0.5953,-0.774,-0.3831,0.5042,0.0228,0.7788,0.6268,25.5,0.0025,0.106,0.262,0.15826,304.6,459.7,323.3,449.8,285.7,469.7,783,0.097,8
915,109.344,-37.057,-15.681,-0.635,0.4947,-0.5933,-0.771,-0.3859,0.5065,0.0216,0.7791,0.6265,25.5,0.0018,0.073,0.269,0.1686,303.4,458.7,322.0,448.8,284.5,468.8,784,1.533,8
916,108.173,-36.151,-16.769,-0.6394,0.4921,-0.5907,-0.7681,-0.3887,0.5089,0.0208,0.7792,0.6265,25.5,0.0008,0.046,0.269,0.17886,302.2,457.8,320.7,447.8,283.4,468.0,784,0.303,8
917,106.995,-35.251,-17.853,-0.6431,0.4879,-0.5902,-0.7651,-0.3914,0.5114,0.0185,0.7804,0.625,25.5,0.0008,0.172,0.272,0.17532,300.9,456.9,319.4,446.8,282.3,467.1,785,1.227,8
918,105.811,-34.359,-18.936,-0.6468,0.4837,-0.5897,-0.7619,-0.3941,0.5139,0.0162,0.7817,0.6235,25.5,0.0009,0.174,0.279,0.17528,299.7,456.0,318.0,445.9,281.1,466.3,785,0.61,8
919,104.619,-33.474,-20.019,-0.6507,0.4799,-0.5885,-0.7586,-0.397,0.5166,0.0143,0.7826,0.6224,25.5,0.0009,0.136,0.295,0.17393,298.5,455.1,316.7,444.9,280.0,465.4,786,0.809,8
920,103.42,-32.596,-21.098,-0.6549,0.4764,-0.5866,-0.7551,-0.4,0.5194,0.0127,0.7831,0.6217,25.5,0.0007,0.104,0.309,0.18054,297.2,454.2,315.4,444.0,278.8,464.6,786,1.028,8
921,102.213,-31.724,-22.173,-0.6595,0.4732,-0.5841,-0.7513,-0.4033,0.5223,0.0116,0.7833,0.6215,25.5,0.0004,0.065,0.333,0.19139,296.0,453.3,314.0,443.0,277.6,463.8,787,0.266,8
922,100.997,-30.857,-23.243,-0.6644,0.4703,-0.5808,-0.7472,-0.407,0.5254,0.0108,0.7831,0.6218,25.5,0.0001,0.05,0.363,0.20529,294.7,452.5,312.7,442.1,276.5,463.0,788,1.427,8
923,99.772,-29.996,-24.306,-0.6698,0.4678,-0.5767,-0.7426,-0.411,0.5288,0.0104,0.7824,0.6227,25.5,0.0002,0.069,0.4,0.2254,293.4,451.6,311.3,441.1,275.4,462.2,788,0.409,8
924,98.536,-29.138,-25.361,-0.6756,0.4657,-0.5716,-0.7375,-0.4155,0.5323,0.0104,0.7812,0.6242,25.5,0.0005,0.11,0.438,0.24966,292.2,450.7,309.9,440.2,274.2,461.5,789,0.611,8
925,97.29,-28.285,-26.406,-0.6815,0.4629,-0.5668,-0.7319,-0.4206,0.5361,0.0098,0.7802,0.6254,25.5,0.0002,0.096,0.486,0.25282,290.9,449.9,308.4,439.2,273.1,460.7,789,1.226,8
926,96.033,-27.438,-27.444,-0.6873,0.4597,-0.5624,-0.7259,-0.426,0.5399,0.0086,0.7793,0.6265,25.5,0.0006,0.107,0.511,0.24808,289.6,449.0,307.0,438.2,271.9,460.0,790,0.354,8
927,94.765,-26.597,-28.473,-0.6931,0.4562,-0.5581,-0.7199,-0.4317,0.5435,0.007,0.7785,0.6276,25.5,0.0013,0.12,0.517,0.25028,288.3,448.2,305.5,437.2,270.8,459.3,791,0.363,8
928,93.487,-25.762,-29.494,-0.6986,0.4526,-0.5542,-0.714,-0.4374,0.5467,0.0051,0.7776,0.6287,25.5,0.0021,0.136,0.505,0.23844,287.0,447.3,304.1,436.3,269.6,458.6,792,0.921,8
929,92.199,-24.934,-30.508,-0.704,0.4488,-0.5505,-0.7087,-0.4428,0.5492,0.0027,0.7768,0.6298,25.5,0.0021,0.158,0.457,0.23609,285.7,446.5,302.6,435.3,268.5,457.9,792,0.916,8
930,90.902,-24.114,-31.517,-0.709,0.4448,-0.5473,-0.7043,-0.4479,0.5508,-0.0001,0.7759,0.6308,25.5,0.0013,0.178,0.397,0.22329,284.3,445.7,301.2,434.4,267.2,457.2,793,0.52,8
931,89.595,-23.3,-32.519,-0.7136,0.4408,-0.5445,-0.701,-0.4524,0.5513,-0.0033,0.7751,0.6318,25.5,0.0006,0.197,0.321,0.20925,283.0,444.9,299.8,433.5,266.0,456.5,794,0.291,8
932,88.278,-22.496,-33.514,-0.7211,0.4355,-0.5389,-0.6991,-0.4562,0.5506,-0.0061,0.7738,0.6334,25.5,0.0087,0.199,0.247,0.33558,281.7,444.1,298.4,432.6,264.7,455.8,795,0.227,8
933,86.947,-21.7,-34.5,-0.7269,0.4311,-0.5346,-0.6978,-0.4599,0.5492,-0.0091,0.7723,0.6352,25.5,0.0154,0.218,0.239,0.26373,280.3,443.3,297.0,431.7,263.4,455.1,796,0.319,8
934,85.608,-20.911,-35.479,-0.7314,0.4276,-0.5313,-0.6961,-0.464,0.548,-0.0122,0.7707,0.637,25.5,0.0196,0.225,0.263,0.20545,279.0,442.5,295.6,430.8,262.1,454.4,797,0.558,8
935,84.26,-20.128,-36.453,-0.7349,0.4244,-0.5289,-0.6929,-0.4691,0.5476,-0.0157,0.7691,0.6389,25.5,0.0205,0.246,0.346,0.1657,277.6,441.7,294.2,429.9,260.8,453.7,799,0.398,8
936,82.908,-19.352,-37.422,-0.7379,0.4214,-0.5272,-0.6871,-0.4759,0.549,-0.0196,0.7674,0.6408,25.5,0.017,0.267,0.518,0.1426,276.2,441.0,292.6,429.0,259.5,453.1,800,0.228,8
937,81.55,-18.581,-38.39,-0.7403,0.4182,-0.5263,-0.6777,-0.485,0.5527,-0.0241,0.7659,0.6425,25.5,0.008,0.289,0.779,0.12788,274.8,440.2,291.0,428.0,258.4,452.5,802,0.054,8
938,80.189,-17.817,-39.359,-0.7402,0.4103,-0.5326,-0.6633,-0.4969,0.5595,-0.0351,0.7675,0.6401,25.5,0.0109,0.652,1.139,0.3152,273.5,439.4,289.3,427.0,257.4,452.1,804,0.02,8
939,78.828,-17.076,-40.343,-0.7462,0.399,-0.533,-0.6437,-0.5115,0.5692,-0.0456,0.7681,0.6387,25.5,0.0271,0.608,1.507,0.39935,272.1,438.7,287.4,425.9,256.5,451.7,806,0.259,8
940,77.434,-16.34,-41.284,-0.7755,0.4069,-0.4828,-0.6195,-0.528,0.5809,-0.0185,0.7496,0.6616,25.5,0.0149,2.293,1.807,1.83056,270.7,438.0,285.4,424.8,255.7,451.4,809,0.344,8
941,75.978,-15.579,-42.105,-0.8096,0.4184,-0.4116,-0.5921,-0.5454,0.5933,0.0238,0.7241,0.6893,25.5,0.007,3.245,1.991,2.48982,269.2,437.2,283.3,423.6,255.0,451.1,811,0.416,8
942,74.467,-14.812,-42.815,-0.8306,0.4147,-0.3717,-0.5653,-0.5615,0.6043,0.0419,0.7121,0.7008,25.5,0.0121,1.408,1.899,1.41142,267.7,436.5,281.1,422.5,254.2,450.7,812,0.331,8
943,72.933,-14.048,-43.474,-0.8408,0.4165,-0.3459,-0.5433,-0.5743,0.6123,0.0564,0.7028,0.7092,25.5,0.0058,1.098,1.529,0.86752,266.2,435.7,279.0,421.4,253.2,450.3,814,0.3,9
944,71.38,-13.286,-44.092,-0.8495,0.4128,-0.3285,-0.5265,-0.5843,0.6176,0.063,0.6976,0.7137,25.5,0.0032,0.546,1.161,0.61765,264.7,435.0,277.1,420.4,252.1,449.7,815,0.156,9
945,69.812,-12.534,-44.684,-0.8575,0.4052,-0.317,-0.5135,-0.5923,0.6209,0.0638,0.6952,0.716,25.5,0.0035,0.196,0.895,0.49718,263.1,434.2,275.2,419.5,250.8,449.2,816,0.511,9
946,68.231,-11.8,-45.258,-0.8654,0.3959,-0.3072,-0.5029,-0.5991,0.623,0.0626,0.6936,0.7176,25.5,0.0066,0.147,0.732,0.48851,261.6,433.5,273.4,418.6,249.5,448.6,817,0.762,9
947,66.635,-11.077,-45.81,-0.8718,0.3914,-0.2946,-0.4936,-0.6053,0.6245,0.0661,0.6899,0.7209,25.5,0.0094,0.348,0.646,0.46258,260.0,432.8,271.6,417.8,248.2,448.1,819,0.88,9
948,65.029,-10.361,-46.344,-0.8759,0.3875,-0.2874,-0.4855,-0.6106,0.6256,0.0669,0.6876,0.723,25.5,0.0088,0.184,0.558,0.28551,258.4,432.1,269.8,417.0,246.8,447.5,820,0.933,9
949,63.417,-9.653,-46.867,-0.8789,0.3839,-0.2833,-0.4784,-0.615,0.6268,0.0664,0.6864,0.7242,25.5,0.0068,0.101,0.484,0.19422,256.8,431.4,268.1,416.2,245.4,446.9,820,0.905,9
950,61.8,-8.951,-47.386,-0.8811,0.38,-0.2814,-0.4722,-0.6182,0.6284,0.0648,0.6865,0.7242,25.5,0.0043,0.092,0.41,0.15167,255.2,430.7,266.3,415.4,243.9,446.3,821,0.77,9
951,60.18,-8.256,-47.903,-0.8829,0.3757,-0.2815,-0.4669,-0.62,0.6306,0.0624,0.6882,0.7228,25.5,0.0018,0.187,0.345,0.14541,253.6,430.0,264.6,414.7,242.4,445.6,822,0.568,9
952,58.556,-7.571,-48.422,-0.8844,0.3703,-0.2839,-0.4622,-0.6202,0.6338,0.0586,0.6918,0.7197,25.5,0.0008,0.349,0.326,0.19018,252.0,429.4,262.9,414.0,240.9,445.0,823,0.315,9
953,56.931,-6.898,-48.946,-0.8869,0.3627,-0.286,-0.4582,-0.6186,0.6383,0.0546,0.6971,0.7148,25.5,0.0005,0.473,0.357,0.25813,250.4,428.7,261.2,413.4,239.4,444.3,824,0.026,9
954,55.298,-6.238,-49.47,-0.8904,0.3553,-0.2846,-0.4547,-0.6146,0.6446,0.0541,0.7034,0.7087,25.5,0.003,0.503,0.472,0.25903,248.8,428.1,259.5,412.9,237.9,443.5,825,0.283,9
955,53.66,-5.591,-49.992,-0.8927,0.3495,-0.2843,-0.4516,-0.6072,0.6537,0.0558,0.712,0.6999,25.5,0.0051,0.712,0.695,0.19483,247.2,427.4,257.8,412.5,236.4,442.7,826,0.595,9
956,52.019,-4.954,-50.515,-0.8942,0.3451,-0.2851,-0.4487,-0.5955,0.6663,0.0602,0.7238,0.6874,25.5,0.0058,1.017,0.999,0.1471,245.6,426.8,256.2,412.1,234.8,441.8,827,0.895,9
957,50.376,-4.323,-51.041,-0.8946,0.3421,-0.2874,-0.4458,-0.5784,0.6832,0.0675,0.7393,0.6699,25.5,0.0046,1.403,1.388,0.11861,244.0,426.2,254.5,412.0,233.3,440.7,827,0.941,9
958,48.734,-3.696,-51.573,-0.8935,0.3409,-0.2923,-0.4426,-0.5544,0.7048,0.0782,0.7591,0.6462,25.5,0.0005,1.873,1.859,0.16107,242.4,425.6,252.8,411.9,231.8,439.5,828,0.663,9
959,47.091,-3.077,-52.114,-0.8947,0.3333,-0.2974,-0.4385,-0.5222,0.7315,0.0885,0.7848,0.6133,25.5,0.0007,2.464,2.408,0.28791,240.8,425.0,251.1,412.1,230.3,438.1,829,0.411,9
960,45.447,-2.47,-52.664,-0.8954,0.3281,-0.3011,-0.4329,-0.4806,0.7626,0.1055,0.8132,0.5724,25.5,0.0003,3.015,2.994,0.20028,239.2,424.4,249.3,412.6,228.8,436.5,830,0.189,9
961,43.803,-1.868,-53.219,-0.8953,0.3271,-0.3024,-0.4251,-0.4283,0.7974,0.1313,0.8425,0.5225,25.5,0.0006,3.631,3.628,0.05125,237.5,423.8,247.5,413.3,227.4,434.6,831,0.001,9
962,42.158,-1.271,-53.777,-0.8957,0.323,-0.3056,-0.414,-0.364,0.8343,0.1582,0.8738,0.4598,25.5,0.0017,4.302,4.296,0.16271,235.9,423.2,245.6,414.3,226.0,432.4,832,0.151,9
963,40.512,-0.68,-54.34,-0.8959,0.3211,-0.307,-0.3984,-0.2872,0.8711,0.1916,0.9027,0.3852,25.5,0.0027,4.969,4.962,0.07389,234.3,422.7,243.6,415.6,224.8,429.9,833,0.264,9
964,38.867,-0.093,-54.906,-0.8961,0.3185,-0.309,-0.3767,-0.1977,0.905,0.2272,0.9274,0.2971,25.5,0.0051,5.628,5.625,0.10251,232.7,422.1,241.5,417.3,223.8,427.0,834,0.332,9
965,37.22,0.491,-55.474,-0.8963,0.3168,-0.3102,-0.3476,-0.0959,0.9327,0.2658,0.9439,0.1961,25.5,0.0082,6.27,6.274,0.06521,231.1,421.5,239.1,419.2,222.9,423.9,835,0.354,9
966,35.573,1.071,-56.043,-0.8972,0.3157,-0.3087,-0.3096,0.0172,0.9507,0.3054,0.9486,0.0823,25.5,0.0103,6.913,6.918,0.06446,229.5,421.0,236.6,421.4,222.2,420.5,836,0.326,9
967,33.925,1.65,-56.61,-0.8984,0.3146,-0.3065,-0.261,0.1396,0.9552,0.3433,0.9382,-0.0433,25.5,0.0144,7.546,7.555,0.08536,227.9,420.4,233.8,423.8,221.8,416.9,837,0.252,9
968,32.272,2.228,-57.167,-0.9007,0.3144,-0.2997,-0.2013,0.2678,0.9422,0.3765,0.9091,-0.1779,25.5,0.0169,8.123,8.144,0.224,226.3,419.8,230.8,426.4,221.6,413.1,838,0.138,9
969,30.615,2.806,-57.707,-0.904,0.315,-0.289,-0.1313,0.3966,0.9085,0.4009,0.8594,-0.3173,25.5,0.0189,8.602,8.627,0.34979,224.7,419.3,227.5,429.0,221.8,409.3,839,0.012,9
970,28.95,3.385,-58.224,-0.9086,0.3162,-0.273,-0.0531,0.5206,0.8522,0.4116,0.7889,-0.4563,25.5,0.0198,8.96,9.007,0.52069,223.0,418.7,224.0,431.5,222.0,405.7,840,0.193,9
971,27.276,3.968,-58.705,-0.9143,0.3182,-0.2506,0.0298,0.6343,0.7725,0.4048,0.699,-0.5895,25.5,0.019,9.226,9.276,0.72372,221.4,418.2,220.4,433.7,222.4,402.3,841,0.399,9
972,25.591,4.555,-59.139,-0.921,0.3207,-0.2213,0.1124,0.7329,0.671,0.3774,0.5932,-0.7111,25.5,0.017,9.378,9.398,0.94082,219.8,417.6,216.8,435.6,222.8,399.3,842,0.626,9
973,23.892,5.147,-59.511,-0.9281,0.3238,-0.1839,0.1886,0.8127,0.5513,0.3279,0.477,-0.8154,25.5,0.0133,9.396,9.338,1.19151,218.1,417.0,213.3,437.0,223.0,396.8,844,0.722,9
974,22.181,5.744,-59.806,-0.935,0.3271,-0.1372,0.2522,0.8721,0.4194,0.2569,0.3575,-0.8979,25.5,0.0081,9.272,9.063,1.47641,216.5,416.4,210.2,437.9,222.9,394.8,845,0.477,9
975,20.459,6.348,-60.012,-0.94,0.3301,-0.0863,0.2984,0.9116,0.2828,0.172,0.2401,-0.9554,25.5,0.004,8.94,8.574,1.59847,214.8,415.9,207.4,438.3,222.3,393.2,846,0.247,9
976,18.729,6.957,-60.121,-0.9426,0.3325,-0.0316,0.3257,0.9336,0.1496,0.0793,0.1307,-0.9882,25.5,0.0013,8.436,7.898,1.71023,213.1,415.3,205.1,438.3,221.2,392.2,847,0.043,9
977,16.998,7.569,-60.128,-0.9422,0.3343,0.0232,0.3352,0.9418,0.0264,-0.013,0.0327,-0.9994,25.5,0.0004,7.746,7.1,1.71076,211.4,414.7,203.2,437.9,219.7,391.4,848,0.123,9
978,15.27,8.184,-60.037,-0.9391,0.3353,0.0749,0.3301,0.9404,-0.082,-0.0979,-0.0523,-0.9938,25.5,0.0008,6.895,6.221,1.61623,209.8,414.1,201.6,437.3,217.9,390.9,849,0.236,9
979,13.549,8.8,-59.858,-0.9344,0.3357,0.1195,0.3151,0.9329,-0.1744,-0.17,-0.1253,-0.9774,25.5,0.0021,5.956,5.383,1.39925,208.1,413.5,200.3,436.5,215.8,390.5,850,0.281,9
980,11.84,9.418,-59.593,-0.9268,0.3361,0.1673,0.2942,0.9226,-0.2496,-0.2382,-0.1821,-0.954,25.5,0.0043,5.261,4.512,1.5101,206.5,412.9,199.2,435.7,213.7,390.2,851,0.244,9
981,10.144,10.035,-59.249,-0.9189,0.3363,0.2061,0.2709,0.9122,-0.3076,-0.2915,-0.2268,-0.9293,25.5,0.0056,4.23,3.631,1.23542,204.8,412.3,198.1,434.9,211.4,389.9,852,0.112,9
982,8.464,10.653,-58.841,-0.9118,0.3363,0.2355,0.2476,0.9026,-0.352,-0.331,-0.2626,-0.9063,25.5,0.0051,3.327,2.925,0.94358,203.2,411.7,197.1,434.0,209.2,389.6,853,0.122,9
983,6.796,11.271,-58.381,-0.9032,0.3367,0.266,0.2261,0.8945,-0.3856,-0.3678,-0.2882,-0.8841,25.5,0.0056,2.867,2.332,0.98863,201.6,411.1,196.0,433.2,207.1,389.2,854,0.448,9
984,5.146,11.89,-57.864,-0.8942,0.3371,0.2945,0.2068,0.8882,-0.4102,-0.3998,-0.3059,-0.864,25.5,0.0063,2.391,1.828,0.93251,200.0,410.5,194.9,432.5,205.0,388.7,855,0.862,9
985,3.51,12.509,-57.305,-0.8876,0.3369,0.3142,0.1903,0.8838,-0.4274,-0.4217,-0.3196,-0.8486,25.5,0.0054,1.723,1.389,0.64819,198.4,409.9,193.7,431.8,203.1,388.2,855,0.975,9
986,1.887,13.129,-56.708,-0.8789,0.3377,0.3369,0.1763,0.8811,-0.4387,-0.445,-0.3262,-0.834,25.5,0.0052,1.62,1.042,0.75876,196.8,409.3,192.5,431.1,201.2,387.7,856,0.481,9
987,0.282,13.75,-56.067,-0.8687,0.3391,0.361,0.1648,0.8799,-0.4457,-0.4688,-0.3277,-0.8203,25.5,0.0057,1.576,0.774,0.81755,195.3,408.7,191.2,430.5,199.3,387.1,857,0.083,9
988,-1.306,14.373,-55.386,-0.8612,0.3391,0.3787,0.1555,0.8795,-0.4497,-0.4856,-0.3284,-0.8101,25.5,0.006,1.127,0.581,0.5997,193.7,408.1,189.9,429.9,197.6,386.5,858,0.708,9
989,-2.882,14.996,-54.677,-0.8546,0.3393,0.3932,0.148,0.8799,-0.4515,-0.4992,-0.3276,-0.8022,25.5,0.0055,0.902,0.443,0.49699,192.2,407.4,188.5,429.3,195.9,385.9,858,1.129,9
990,-4.445,15.62,-53.942,-0.848,0.3399,0.4067,0.1421,0.8809,-0.4515,-0.5117,-0.3251,-0.7953,25.5,0.0047,0.831,0.343,0.46909,190.7,406.8,187.1,428.7,194.2,385.3,859,0.452,10
991,-5.997,16.245,-53.183,-0.8412,0.3409,0.4197,0.1375,0.8822,-0.4503,-0.5237,-0.3211,-0.7891,25.5,0.0039,0.807,0.282,0.45865,189.2,406.2,185.7,428.1,192.6,384.6,860,0.267,10
992,-7.536,16.872,-52.401,-0.8342,0.3422,0.4325,0.1339,0.8838,-0.4483,-0.5356,-0.316,-0.7831,25.5,0.0032,0.818,0.253,0.45688,187.7,405.6,184.3,427.5,191.0,383.9,861,1.018,10
993,-9.061,17.502,-51.594,-0.827,0.3435,0.4451,0.1309,0.8854,-0.4459,-0.5473,-0.3105,-0.7772,25.5,0.0026,0.814,0.238,0.45452,186.2,405.0,182.9,427.0,189.5,383.3,861,0.819,10
994,-10.574,18.134,-50.767,-0.8206,0.3442,0.4563,0.1284,0.887,-0.4436,-0.5574,-0.3054,-0.772,25.5,0.0025,0.713,0.215,0.40301,184.7,404.4,181.4,426.4,187.9,382.6,862,0.044,10
995,-12.076,18.766,-49.919,-0.8147,0.3448,0.4662,0.1262,0.8884,-0.4413,-0.5664,-0.3007,-0.7673,25.5,0.0022,0.641,0.199,0.36,183.3,403.7,180.0,425.8,186.4,381.9,863,0.748,10
996,-13.567,19.4,-49.055,-0.8093,0.3453,0.4751,0.1244,0.8898,-0.4391,-0.5744,-0.2963,-0.7631,25.5,0.002,0.576,0.182,0.3251,181.8,403.1,178.6,425.2,184.9,381.3,863,1.089,10
997,-15.049,20.035,-48.174,-0.8044,0.3459,0.483,0.1229,0.891,-0.437,-0.5815,-0.2922,-0.7593,25.5,0.0017,0.518,0.163,0.29057,180.3,402.5,177.2,424.6,183.5,380.6,864,0.29,10
998,-16.523,20.671,-47.281,-0.8,0.3463,0.4899,0.1216,0.8922,-0.435,-0.5878,-0.2884,-0.7559,25.5,0.0014,0.464,0.153,0.25557,178.9,401.9,175.8,424.0,182.0,379.9,865,0.511,10
999,-17.989,21.307,-46.375,-0.796,0.3468,0.496,0.1206,0.8932,-0.4331,-0.5933,-0.285,-0.7529,25.5,0.0011,0.408,0.136,0.22809,177.5,401.2,174.3,423.4,180.5,379.3,866,1.304,10
1000,-19.447,21.945,-45.459,-0.7925,0.3472,0.5014,0.1197,0.8942,-0.4314,-0.5982,-0.2819,-0.7502,25.5,0.0007,0.366,0.124,0.20113,176.0,400.6,172.9,422.8,179.1,378.6,866,0.533,10
1001,-20.897,22.582,-44.532,-0.7864,0.3481,0.5104,0.1191,0.895,-0.4299,-0.6064,-0.2773,-0.7452,25.5,0.0015,0.61,0.103,0.34056,174.6,400.0,171.5,422.2,177.7,378.0,867,0.248,10
1002,-22.336,23.223,-43.586,-0.78,0.3489,0.5195,0.1185,0.8957,-0.4286,-0.6148,-0.2727,-0.74,25.5,0.0026,0.624,0.091,0.34786,173.2,399.3,170.1,421.6,176.3,377.3,868,1.007,10
1003,-23.764,23.864,-42.624,-0.7753,0.3494,0.5262,0.118,0.8963,-0.4274,-0.621,-0.2692,-0.7361,25.5,0.0032,0.465,0.082,0.25567,171.8,398.7,168.7,421.0,174.8,376.6,868,0.831,10
1004,-25.186,24.507,-41.653,-0.7719,0.3497,0.531,0.1177,0.8969,-0.4264,-0.6253,-0.2666,-0.7334,25.5,0.0036,0.327,0.069,0.18367,170.4,398.0,167.3,420.4,173.4,376.0,869,0.101,10
1005,-26.601,25.149,-40.674,-0.7696,0.3498,0.5342,0.1174,0.8973,-0.4255,-0.6282,-0.2648,-0.7316,25.5,0.0038,0.221,0.059,0.12295,169.0,397.4,165.9,419.8,172.0,375.3,870,0.614,10
1006,-28.013,25.792,-39.691,-0.7683,0.3497,0.5361,0.1171,0.8977,-0.4248,-0.6298,-0.2637,-0.7306,25.5,0.0038,0.125,0.049,0.07188,167.6,396.8,164.5,419.1,170.7,374.6,870,1.224,10
1007,-29.424,26.434,-38.706,-0.768,0.3495,0.5367,0.1168,0.898,-0.4243,-0.6302,-0.2632,-0.7304,25.5,0.0036,0.038,0.038,0.02182,166.2,396.1,163.1,418.5,169.3,374.0,871,0.531,10
1008,-30.835,27.075,-37.72,-0.7686,0.3491,0.5361,0.1165,0.8982,-0.424,-0.6295,-0.2634,-0.731,25.5,0.0033,0.054,0.027,0.02926,164.8,395.5,161.7,417.9,167.9,373.3,872,0.156,10
1009,-32.249,27.716,-36.737,-0.7701,0.3485,0.5343,0.1161,0.8983,-0.4237,-0.6276,-0.2643,-0.7323,25.5,0.0027,0.142,0.029,0.07544,163.4,394.8,160.3,417.3,166.5,372.7,873,0.824,10
1010,-33.666,28.356,-35.758,-0.7727,0.3477,0.5311,0.1157,0.8984,-0.4237,-0.6245,-0.2659,-0.7344,25.5,0.0021,0.233,0.023,0.13099,162.0,394.2,158.9,416.6,165.1,372.0,873,1.014,10
1011,-35.088,28.994,-34.786,-0.7763,0.3468,0.5264,0.1152,0.8984,-0.4238,-0.6199,-0.2683,-0.7374,25.5,0.001,0.343,0.029,0.18676,160.6,393.6,157.5,416.0,163.6,371.4,874,0.347,10
1012,-36.517,29.629,-33.825,-0.7796,0.3464,0.5217,0.1146,0.8984,-0.424,-0.6156,-0.2708,-0.7401,25.5,0.0007,0.324,0.036,0.17969,159.2,392.9,156.1,415.4,162.2,370.7,875,0.319,10
1013,-37.949,30.267,-32.868,-0.7797,0.3478,0.5207,0.1138,0.8983,-0.4244,-0.6153,-0.2716,-0.74,25.5,0.0027,0.049,0.052,0.05374,157.7,392.3,154.6,414.7,160.8,370.1,876,0.982,10
1014,-39.382,30.906,-31.913,-0.7802,0.3484,0.5195,0.1129,0.8982,-0.4248,-0.6147,-0.2728,-0.7401,25.5,0.0042,0.077,0.057,0.04465,156.3,391.6,153.2,414.1,159.3,369.4,876,0.856,10
1015,-40.816,31.546,-30.96,-0.781,0.3484,0.5183,0.1117,0.8981,-0.4254,-0.6137,-0.2743,-0.7403,25.5,0.0052,0.104,0.077,0.04499,154.9,391.0,151.8,413.5,157.9,368.8,877,0.196,10
1016,-42.251,32.186,-30.009,-0.7822,0.3477,0.517,0.1103,0.8979,-0.4261,-0.6124,-0.2762,-0.7407,25.5,0.0056,0.134,0.09,0.05934,153.4,390.3,150.4,412.8,156.4,368.1,878,0.472,10
1017,-43.689,32.823,-29.06,-0.7838,0.3463,0.5156,0.1086,0.8978,-0.4268,-0.6107,-0.2785,-0.7413,25.5,0.0057,0.167,0.105,0.0794,152.0,389.7,149.0,412.2,155.0,367.5,879,1.117,10
1018,-45.131,33.458,-28.115,-0.7858,0.3441,0.514,0.1066,0.8977,-0.4275,-0.6085,-0.2811,-0.7421,25.5,0.0054,0.2,0.122,0.1053,150.6,389.1,147.6,411.5,153.5,366.8,879,0.721,10
1019,-46.576,34.087,-27.172,-0.7882,0.3411,0.5122,0.1042,0.8976,-0.4283,-0.6059,-0.2842,-0.7431,25.5,0.0047,0.239,0.145,0.13231,149.1,388.4,146.2,410.9,152.0,366.2,880,0.101,10
1020,-48.026,34.71,-26.233,-0.7912,0.3371,0.5102,0.1015,0.8975,-0.4291,-0.6026,-0.2877,-0.7443,25.5,0.0033,0.284,0.161,0.16803,147.7,387.8,144.8,410.3,150.5,365.6,881,0.491,10
1021,-49.484,35.325,-25.298,-0.7948,0.3321,0.508,0.0983,0.8975,-0.4299,-0.5987,-0.2917,-0.746,25.5,0.0015,0.335,0.189,0.204,146.2,387.2,143.4,409.7,149.0,364.9,882,1.036,10
1022,-50.947,35.929,-24.367,-0.7991,0.3257,0.5054,0.0946,0.8976,-0.4306,-0.5938,-0.2963,-0.748,25.5,0.0009,0.402,0.216,0.25383,144.7,386.6,142.0,409.1,147.4,364.3,882,0.801,10
1023,-52.416,36.522,-23.439,-0.8012,0.3204,0.5054,0.0904,0.8977,-0.4313,-0.5919,-0.2998,-0.7482,25.5,0.0028,0.228,0.244,0.17788,143.3,385.9,140.7,408.5,145.8,363.7,883,0.307,10
1024,-53.89,37.107,-22.511,-0.8035,0.3157,0.5047,0.0859,0.8978,-0.432,-0.5895,-0.3038,-0.7485,25.5,0.0036,0.268,0.261,0.16466,141.8,385.4,139.3,407.9,144.2,363.1,884,0.126,10
1025,-55.369,37.682,-21.586,-0.8065,0.3112,0.5027,0.0812,0.8978,-0.4328,-0.586,-0.3083,-0.7494,25.5,0.0037,0.331,0.273,0.17985,140.3,384.8,137.9,407.3,142.7,362.5,885,0.486,10
1026,-56.854,38.25,-20.665,-0.8103,0.3068,0.4994,0.0765,0.8977,-0.4339,-0.5814,-0.3134,-0.7509,25.5,0.0033,0.403,0.277,0.2085,138.8,384.2,136.5,406.7,141.0,361.9,886,0.773,10
1027,-58.346,38.809,-19.752,-0.815,0.3024,0.4943,0.072,0.8974,-0.4353,-0.5753,-0.3192,-0.7531,25.5,0.0025,0.498,0.271,0.25616,137.3,383.6,135.1,406.2,139.4,361.3,887,0.985,10
1028,-59.849,39.361,-18.85,-0.821,0.298,0.4871,0.0679,0.8968,-0.4372,-0.5671,-0.3258,-0.7565,25.5,0.0015,0.634,0.261,0.32294,135.8,383.0,133.7,405.6,137.8,360.8,887,0.852,10
1029,-61.363,39.904,-17.965,-0.8287,0.2932,0.4768,0.0643,0.8959,-0.4395,-0.556,-0.3336,-0.7613,25.5,0.0002,0.825,0.25,0.42831,134.2,382.5,132.2,405.0,136.2,360.3,888,0.712,10
1030,-62.894,40.438,-17.102,-0.8386,0.2872,0.4629,0.0614,0.8946,-0.4426,-0.5412,-0.3427,-0.7679,25.5,0.0006,1.065,0.254,0.56421,132.7,381.9,130.7,404.4,134.6,359.7,889,0.647,10
1031,-64.443,40.955,-16.261,-0.8478,0.2767,0.4524,0.0595,0.8928,-0.4465,-0.5274,-0.3517,-0.7734,25.5,0.0054,0.995,0.269,0.54492,131.1,381.4,129.2,403.9,133.0,359.2,890,0.655,10
1032,-66.009,41.455,-15.443,-0.8584,0.2679,0.4375,0.0587,0.8901,-0.452,-0.5106,-0.3623,-0.7798,25.5,0.0097,1.196,0.354,0.63315,129.6,380.9,127.6,403.3,131.4,358.8,891,0.737,10
1033,-67.597,41.941,-14.657,-0.8708,0.2614,0.4164,0.0594,0.8861,-0.4597,-0.4892,-0.3756,-0.7872,25.5,0.0115,1.505,0.499,0.78978,127.9,380.4,126.0,402.7,129.9,358.4,893,0.72,10
1034,-69.21,42.417,-13.919,-0.8858,0.2584,0.3855,0.0619,0.8802,-0.4705,-0.4609,-0.3929,-0.7958,25.5,0.0088,1.963,0.72,1.07572,126.3,379.9,124.3,402.0,128.3,358.1,894,0.426,10
1035,-70.854,42.885,-13.249,-0.9063,0.2489,0.3417,0.0665,0.8721,-0.4847,-0.4187,-0.4166,-0.807,25.5,0.0088,2.847,0.973,1.53773,124.7,379.4,122.5,401.4,126.8,357.8,895,0.074,10
1036,-72.539,43.332,-12.67,-0.927,0.2394,0.2888,0.0736,0.8614,-0.5025,-0.3691,-0.4446,-0.8162,25.5,0.0071,3.306,1.258,1.79709,123.0,379.0,120.6,400.6,125.3,357.6,896,0.329,10
1037,-74.257,43.767,-12.189,-0.9449,0.2321,0.2308,0.0839,0.8479,-0.5234,-0.3172,-0.4752,-0.8207,25.5,0.0033,3.462,1.543,1.9076,121.2,378.5,118.6,399.8,123.9,357.5,898,0.601,10
1038,-76.009,44.182,-11.829,-0.9619,0.2202,0.1622,0.0972,0.832,-0.5461,-0.2552,-0.5095,-0.8217,25.5,0.0011,4.061,1.761,2.23679,119.5,378.1,116.4,399.0,122.5,357.5,899,0.122,10
1039,-77.787,44.577,-11.59,-0.9733,0.2085,0.096,0.113,0.8151,-0.5682,-0.1968,-0.5422,-0.8169,25.5,0.0054,3.846,1.833,2.1277,117.7,377.7,114.2,398.2,121.2,357.6,900,0.358,10
1040,-79.582,44.945,-11.474,-0.9808,0.1923,0.0324,0.1299,0.7982,-0.5883,-0.139,-0.5728,-0.8078,25.5,0.007,3.784,1.789,2.0613,115.9,377.3,111.9,397.4,119.8,357.6,902,0.576,10
1041,-81.386,45.288,-11.466,-0.9836,0.1789,-0.0239,0.1465,0.7823,-0.6054,-0.0896,-0.599,-0.7957,25.5,0.0103,3.279,1.642,1.80796,114.1,377.0,109.7,396.6,118.5,357.7,903,0.174,10
1042,-83.194,45.597,-11.559,-0.9845,0.158,-0.0762,0.1617,0.7679,-0.6198,-0.0394,-0.6225,-0.7816,25.5,0.0094,3.277,1.456,1.75754,112.3,376.7,107.5,395.9,117.1,357.8,904,0.185,10
1043,-85.0,45.877,-11.739,-0.9823,0.1446,-0.1189,0.1749,0.7553,-0.6316,-0.0015,-0.6413,-0.7673,25.5,0.0125,2.559,1.245,1.39788,110.6,376.4,105.3,395.3,115.7,357.9,905,0.496,10
1044,-86.803,46.124,-11.992,-0.9799,0.1236,-0.1563,0.1858,0.7442,-0.6415,0.037,-0.6577,-0.7523,25.5,0.0102,2.547,1.057,1.34038,108.8,376.2,103.2,394.8,114.2,357.9,906,0.753,10
1045,-88.6,46.33,-12.31,-0.9764,0.104,-0.1891,0.1947,0.7345,-0.6501,0.0713,-0.6716,-0.7375,25.5,0.0092,2.284,0.901,1.19716,107.0,376.0,101.2,394.3,112.7,358.0,908,0.747,10
1046,-90.389,46.508,-12.683,-0.9724,0.0883,-0.2161,0.2016,0.7259,-0.6576,0.0988,-0.6831,-0.7237,25.5,0.0102,1.882,0.764,0.98224,105.2,375.8,99.3,393.9,111.1,358.0,909,0.677,10
1047,-92.172,46.653,-13.102,-0.9685,0.0692,-0.239,0.2069,0.7181,-0.6645,0.1256,-0.693,-0.7099,25.5,0.0081,1.818,0.669,0.93814,103.5,375.7,97.3,393.6,109.5,358.1,910,0.677,10
1048,-93.947,46.76,-13.56,-0.9645,0.0465,-0.2599,0.211,0.711,-0.6708,0.1536,-0.7018,-0.6956,25.5,0.0039,1.871,0.592,0.97073,101.8,375.6,95.5,393.3,107.9,358.2,911,0.747,11
1049,-95.714,46.83,-14.056,-0.9595,0.0303,-0.28,0.2142,0.7043,-0.6768,0.1767,-0.7094,-0.6823,25.5,0.0053,1.588,0.547,0.82027,100.0,375.5,93.6,393.1,106.3,358.3,912,0.883,11
1050,-97.472,46.87,-14.587,-0.9545,0.013,-0.2978,0.2168,0.698,-0.6825,0.199,-0.7161,-0.6691,25.5,0.0054,1.534,0.509,0.78988,98.3,375.5,91.8,392.9,104.7,358.5,912,0.954,11
1051,-99.221,46.877,-15.15,-0.9493,-0.0059,-0.3142,0.2188,0.6918,-0.6881,0.2214,-0.722,-0.6555,25.5,0.0044,1.539,0.492,0.7973,96.6,375.5,90.1,392.7,103.0,358.6,913,0.754,11
1052,-100.96,46.847,-15.741,-0.9436,-0.0273,-0.3299,0.2205,0.6859,-0.6935,0.2452,-0.7271,-0.6412,25.5,0.002,1.618,0.468,0.84684,94.9,375.6,88.3,392.6,101.4,358.8,914,0.495,11
1053,-102.687,46.78,-16.362,-0.9372,-0.0454,-0.3459,0.2219,0.68,-0.6988,0.267,-0.7317,-0.6272,25.5,0.0029,1.508,0.461,0.77965,93.2,375.6,86.6,392.5,99.8,359.1,915,0.178,11
1054,-104.402,46.68,-17.011,-0.9305,-0.0637,-0.3607,0.2233,0.6742,-0.704,0.288,-0.7356,-0.6132,25.5,0.0032,1.463,0.453,0.76336,91.6,375.8,84.8,392.5,98.2,359.3,916,0.192,11
1055,-106.105,46.546,-17.686,-0.9236,-0.0825,-0.3743,0.2246,0.6685,-0.709,0.3087,-0.7389,-0.5989,25.5,0.0028,1.454,0.441,0.75516,89.9,375.9,83.1,392.5,96.6,359.6,917,0.614,11
1056,-107.795,46.376,-18.386,-0.9163,-0.1023,-0.3872,0.2259,0.6628,-0.7139,0.3296,-0.7417,-0.5842,25.5,0.0016,1.473,0.437,0.77155,88.3,376.1,81.5,392.5,95.0,360.0,918,1.085,11
1057,-109.471,46.17,-19.108,-0.9084,-0.1219,-0.3998,0.2274,0.6571,-0.7187,0.3504,-0.7438,-0.5692,25.5,0.0007,1.474,0.436,0.76756,86.7,376.3,79.8,392.6,93.4,360.4,918,0.752,11
1058,-111.132,45.929,-19.854,-0.9001,-0.1406,-0.4123,0.229,0.6514,-0.7234,0.3703,-0.7455,-0.5541,25.5,0.0005,1.435,0.433,0.74791,85.1,376.6,78.1,392.7,91.9,360.8,919,0.237,11
1059,-112.777,45.654,-20.623,-0.8915,-0.159,-0.4242,0.2308,0.6457,-0.7278,0.3897,-0.7468,-0.539,25.5,0.0003,1.411,0.425,0.73433,83.5,376.9,76.5,392.8,90.4,361.2,920,0.315,11
1060,-114.407,45.345,-21.413,-0.8824,-0.1773,-0.4358,0.2328,0.6401,-0.7322,0.4087,-0.7475,-0.5236,25.5,0.0002,1.402,0.424,0.73309,81.9,377.2,74.8,393.0,88.9,361.7,921,0.898,11
1061,-116.019,45.002,-22.223,-0.8728,-0.1956,-0.4471,0.2351,0.6345,-0.7363,0.4277,-0.7478,-0.5079,25.5,0.0001,1.412,0.419,0.73476,80.4,377.5,73.2,393.2,87.4,362.2,921,0.939,11
1062,-117.613,44.626,-23.055,-0.8628,-0.2137,-0.4581,0.2376,0.629,-0.7402,0.4463,-0.7476,-0.4919,25.5,0.0003,1.406,0.412,0.73068,78.9,377.9,71.6,393.5,86.0,362.7,922,0.332,11
1063,-119.188,44.218,-23.906,-0.8524,-0.2314,-0.4688,0.2405,0.6235,-0.7439,0.4645,-0.7469,-0.4758,25.5,0.0005,1.393,0.415,0.72219,77.4,378.4,70.0,393.8,84.6,363.3,923,0.291,11
1064,-120.744,43.776,-24.777,-0.8415,-0.2489,-0.4794,0.2436,0.6181,-0.7474,0.4824,-0.7458,-0.4595,25.5,0.0005,1.389,0.409,0.72321,75.9,378.8,68.4,394.1,83.2,363.9,924,0.925,11
1065,-122.279,43.303,-25.667,-0.8302,-0.2662,-0.4898,0.2469,0.6127,-0.7507,0.5,-0.7442,-0.4429,25.5,0.0004,1.389,0.409,0.72166,74.4,379.3,66.9,394.4,81.8,364.5,924,0.912,11
1066,-123.793,42.799,-26.576,-0.8184,-0.2833,-0.4999,0.2505,0.6075,-0.7538,0.5173,-0.7422,-0.4262,25.5,0.0003,1.382,0.404,0.72065,73.0,379.8,65.3,394.8,80.5,365.2,925,0.275,11
1067,-125.286,42.263,-27.504,-0.8063,-0.3002,-0.5096,0.2544,0.6023,-0.7566,0.5341,-0.7397,-0.4093,25.5,0.0004,1.373,0.406,0.71554,71.6,380.4,63.8,395.2,79.2,365.8,926,0.36,11
1068,-126.755,41.696,-28.448,-0.794,-0.3166,-0.519,0.2585,0.5973,-0.7592,0.5504,-0.7369,-0.3924,25.5,0.0003,1.355,0.399,0.70352,70.2,381.0,62.3,395.7,77.9,366.5,927,0.984,11
1069,-128.202,41.1,-29.41,-0.7812,-0.3328,-0.5281,0.2629,0.5925,-0.7615,0.5663,-0.7338,-0.3754,25.5,0.0004,1.345,0.396,0.70385,68.9,381.6,60.8,396.2,76.7,367.3,927,0.853,11
1070,-129.625,40.474,-30.388,-0.7681,-0.3487,-0.5371,0.2675,0.5878,-0.7635,0.5819,-0.7302,-0.3582,25.5,0.0004,1.346,0.394,0.70131,67.5,382.2,59.4,396.7,75.5,368.0,928,0.243,11
1071,-131.024,39.819,-31.382,-0.7547,-0.3648,-0.5454,0.2723,0.5832,-0.7653,0.5972,-0.7261,-0.3408,25.5,0.0009,1.348,0.395,0.70285,66.2,382.9,57.9,397.2,74.3,368.8,929,0.346,11
1072,-132.397,39.134,-32.392,-0.7411,-0.3802,-0.5535,0.2774,0.5789,-0.7668,0.6119,-0.7218,-0.3235,25.5,0.0013,1.324,0.392,0.68886,64.9,383.6,56.5,397.8,73.2,369.6,930,0.905,11
1073,-133.746,38.422,-33.416,-0.7272,-0.3948,-0.5615,0.2827,0.5748,-0.7679,0.6259,-0.7172,-0.3064,25.5,0.0013,1.293,0.389,0.67652,63.7,384.3,55.1,398.4,72.1,370.4,930,0.931,11
1074,-135.069,37.684,-34.454,-0.7131,-0.4088,-0.5696,0.2882,0.5709,-0.7688,0.6394,-0.7123,-0.2893,25.5,0.001,1.28,0.39,0.66932,62.5,385.0,53.7,399.1,71.0,371.3,931,0.406,11
1075,-136.365,36.921,-35.508,-0.6983,-0.4228,-0.5776,0.2939,0.5673,-0.7693,0.6529,-0.707,-0.2719,25.5,0.0007,1.298,0.387,0.68277,61.3,385.8,52.4,399.7,70.0,372.1,932,0.078,11
1076,-137.634,36.13,-36.575,-0.683,-0.4378,-0.5847,0.2999,0.564,-0.7694,0.6666,-0.7008,-0.254,25.5,0.0019,1.339,0.392,0.70413,60.1,386.6,51.1,400.5,69.0,373.0,933,0.514,11
1077,-138.874,35.314,-37.656,-0.6682,-0.4509,-0.5918,0.3062,0.5611,-0.769,0.6789,-0.695,-0.2369,25.5,0.0025,1.252,0.398,0.65511,59.0,387.4,49.8,401.2,68.0,373.9,934,0.896,11
1078,-140.088,34.475,-38.75,-0.6535,-0.4627,-0.5991,0.3128,0.5587,-0.7681,0.6901,-0.6893,-0.2204,25.5,0.0028,1.188,0.406,0.63055,57.9,388.3,48.5,402.0,67.0,374.8,934,0.941,11
1079,-141.275,33.615,-39.857,-0.6386,-0.4732,-0.6069,0.3197,0.5567,-0.7667,0.7007,-0.6836,-0.2042,25.5,0.0023,1.156,0.419,0.61847,56.8,389.1,47.2,402.8,66.1,375.7,935,0.62,11
1080,-142.433,32.736,-40.979,-0.6218,-0.4861,-0.6141,0.327,0.5553,-0.7647,0.7127,-0.6762,-0.1863,25.5,0.0037,1.306,0.441,0.6979,55.7,390.0,46.0,403.6,65.3,376.6,936,0.364,11
1081,-143.559,31.83,-42.113,-0.6045,-0.4997,-0.6204,0.3348,0.5546,-0.7618,0.7248,-0.6682,-0.168,25.5,0.0069,1.338,0.478,0.71398,54.7,390.9,44.8,404.5,64.4,377.5,937,0.178,11
1082,-144.655,30.903,-43.259,-0.5886,-0.509,-0.6281,0.3433,0.555,-0.7577,0.7343,-0.6616,-0.1519,25.5,0.0087,1.136,0.541,0.62276,53.7,391.8,43.6,405.5,63.7,378.5,938,0.066,11
1083,-145.722,29.962,-44.422,-0.5731,-0.5144,-0.6379,0.3528,0.5567,-0.7521,0.742,-0.6561,-0.1376,25.5,0.0088,0.982,0.639,0.59627,52.8,392.8,42.4,406.5,62.9,379.3,939,0.033,11
1084,-146.76,29.016,-45.605,-0.5568,-0.5156,-0.6513,0.3633,0.5601,-0.7445,0.7487,-0.6511,-0.1245,25.5,0.0062,0.89,0.768,0.65938,51.9,393.7,41.3,407.5,62.3,380.2,940,0.08,11
1085,-147.76,28.057,-46.81,-0.5324,-0.5273,-0.6622,0.3752,0.5654,-0.7345,0.7618,-0.6396,-0.1032,25.5,0.0115,1.577,0.941,0.91004,51.0,394.7,40.1,408.6,61.7,381.0,941,0.217,11
1086,-148.717,27.084,-48.04,-0.5102,-0.5301,-0.6773,0.3884,0.573,-0.7217,0.7707,-0.6313,-0.0865,25.5,0.0131,1.184,1.14,0.84205,50.2,395.6,38.9,409.7,61.1,381.8,942,0.445,11
1087,-149.636,26.116,-49.302,-0.4911,-0.5212,-0.698,0.4031,0.583,-0.7054,0.7746,-0.6278,-0.0762,25.5,0.0095,0.662,1.382,0.9214,49.4,396.6,37.8,410.9,60.7,382.5,944,0.652,11
1088,-150.514,25.167,-50.606,-0.4633,-0.5142,-0.7218,0.4193,0.5958,-0.685,0.7823,-0.62,-0.0604,25.5,0.0062,1.102,1.663,1.16248,48.6,397.5,36.7,412.2,60.3,383.1,945,0.149,11
1089,-151.339,24.234,-51.955,-0.4358,-0.5001,-0.7483,0.4368,0.6114,-0.6599,0.7875,-0.6144,-0.048,25.5,0.0023,0.835,1.968,1.27011,47.9,398.4,35.6,413.5,60.0,383.6,946,0.434,11
1090,-152.118,23.335,-53.355,-0.4102,-0.4786,-0.7763,0.4553,0.6296,-0.6296,0.79,-0.6117,-0.0404,25.5,0.0007,0.484,2.286,1.36052,47.3,399.3,34.6,414.9,59.7,384.1,948,0.028,11
1091,-152.841,22.478,-54.81,-0.3781,-0.455,-0.8062,0.472,0.6471,-0.5988,0.7942,-0.607,-0.0299,25.5,0.0099,0.702,2.244,1.55436,46.7,400.2,33.7,416.2,59.5,384.5,950,0.266,11
1092,-153.51,21.667,-56.315,-0.3486,-0.4238,-0.836,0.4825,0.6583,-0.5777,0.7957,-0.6052,-0.025,25.5,0.0358,0.311,1.495,1.63109,46.1,401.0,32.9,417.2,59.2,385.0,952,0.354,11
1093,-154.135,20.903,-57.864,-0.3343,-0.4136,-0.8469,0.4857,0.661,-0.572,0.7973,-0.6033,-0.0201,25.5,0.0487,0.315,0.405,0.64465,45.7,401.7,32.4,418.0,58.7,385.7,954,0.394,11
1094,-154.748,20.13,-59.414,-0.3367,-0.4331,-0.8361,0.4826,0.655,-0.5814,0.8001,-0.5997,-0.0115,25.5,0.0399,0.558,0.663,0.69917,45.2,402.5,32.0,418.7,58.2,386.6,955,0.485,11
1095,-155.381,19.289,-60.919,-0.3491,-0.4783,-0.8059,0.4737,0.6399,-0.6051,0.8052,-0.5931,0.0032,25.5,0.0162,0.968,1.689,1.74011,44.7,403.3,31.7,419.1,57.5,387.8,957,0.293,11
1096,-156.028,18.367,-62.369,-0.3554,-0.5277,-0.7715,0.4615,0.618,-0.6365,0.8127,-0.5823,0.0239,25.5,0.0009,1.405,2.302,1.88873,44.2,404.2,31.4,419.5,56.8,389.3,959,0.151,11
1097,-156.689,17.359,-63.755,-0.3647,-0.5687,-0.7373,0.4504,0.5954,-0.6654,0.8174,-0.5747,0.039,25.5,0.0123,1.005,2.196,1.69081,43.7,405.2,31.1,419.9,56.0,390.9,960,0.414,11
1098,-157.356,16.28,-65.083,-0.3587,-0.6041,-0.7116,0.4421,0.5749,-0.6885,0.8251,-0.5616,0.0609,25.5,0.0159,1.527,1.832,1.37773,43.1,406.3,30.7,420.4,55.3,392.4,962,0.594,11
1099,-158.004,15.147,-66.374,-0.3511,-0.6288,-0.6938,0.4365,0.5566,-0.7069,0.8307,-0.551,0.079,25.5,0.0128,1.244,1.521,0.97899,42.6,407.4,30.3,421.1,54.7,394.0,963,0.333,11
1100,-158.644,13.973,-67.634,-0.3443,-0.649,-0.6784,0.433,0.5404,-0.7215,0.8349,-0.5421,0.0949,25.5,0.0103,1.071,1.265,0.82018,42.1,408.5,29.8,421.8,54.1,395.5,964,0.179,11
1101,-159.265,12.762,-68.868,-0.3308,-0.6694,-0.6652,0.4313,0.5261,-0.7329,0.8406,-0.5294,0.1147,25.5,0.0073,1.387,1.052,0.8671,41.6,409.7,29.4,422.6,53.6,397.0,965,0.131,11
1102,-159.857,11.513,-70.078,-0.3156,-0.6895,-0.6519,0.4311,0.5134,-0.742,0.8463,-0.5152,0.1353,25.5,0.0063,1.47,0.895,0.88893,41.1,410.9,28.9,423.5,53.2,398.6,966,0.194,11
1103,-160.428,10.232,-71.263,-0.3056,-0.7057,-0.6392,0.4321,0.5018,-0.7493,0.8496,-0.5052,0.1515,25.5,0.0072,1.107,0.787,0.71395,40.7,412.2,28.4,424.5,52.7,400.1,967,0.367,11
1104,-160.977,8.921,-72.427,-0.2912,-0.7214,-0.6283,0.434,0.4915,-0.755,0.8535,-0.4926,0.17,25.5,0.0066,1.302,0.683,0.74648,40.3,413.4,27.9,425.5,52.4,401.6,968,0.652,11
1105,-161.495,7.581,-73.572,-0.2723,-0.7373,-0.6183,0.4369,0.4821,-0.7594,0.858,-0.4769,0.1908,25.5,0.0049,1.515,0.617,0.83121,39.8,414.7,27.4,426.6,52.0,403.1,969,1.046,11
1106,-161.976,6.212,-74.698,-0.2526,-0.7531,-0.6074,0.4404,0.4736,-0.7627,0.8621,-0.4602,0.2121,25.5,0.0046,1.569,0.56,0.85808,39.5,416.0,27.0,427.7,51.8,404.6,969,0.791,11
1107,-162.426,4.816,-75.803,-0.2369,-0.7669,-0.5964,0.4446,0.4659,-0.765,0.8646,-0.4464,0.2306,25.5,0.0064,1.33,0.52,0.73683,39.1,417.4,26.5,428.9,51.5,406.1,970,0.297,11
1108,-162.845,3.396,-76.89,-0.22,-0.7791,-0.587,0.4493,0.4589,-0.7665,0.8666,-0.4324,0.2491,25.5,0.0064,1.334,0.491,0.71328,38.8,418.7,26.1,430.0,51.3,407.7,971,0.288,11
1109,-163.233,1.954,-77.96,-0.2012,-0.7903,-0.5787,0.4545,0.4525,-0.7673,0.8683,-0.4174,0.2681,25.5,0.005,1.39,0.475,0.7301,38.5,420.1,25.7,431.3,51.2,409.2,972,0.954,11
1110,-163.583,0.493,-79.016,-0.1799,-0.8008,-0.5713,0.46,0.4467,-0.7674,0.8697,-0.4009,0.288,25.5,0.0021,1.483,0.458,0.77594,38.3,421.5,25.3,432.5,51.0,410.7,972,0.883,11
1111,-163.896,-0.988,-80.057,-0.1609,-0.8113,-0.562,0.4659,0.4413,-0.767,0.8703,-0.3852,0.307,25.5,0.0019,1.413,0.459,0.73674,38.1,422.9,24.9,433.8,51.0,412.3,973,0.145,11
1112,-164.174,-2.487,-81.081,-0.1416,-0.8212,-0.5528,0.472,0.4363,-0.766,0.8703,-0.3694,0.3259,25.5,0.0017,1.411,0.455,0.73496,37.9,424.4,24.6,435.2,50.9,413.8,974,0.658,11
1113,-164.416,-4.004,-82.088,-0.1216,-0.8306,-0.5434,0.4785,0.4317,-0.7647,0.8697,-0.353,0.3449,25.5,0.0012,1.438,0.462,0.74914,37.8,425.8,24.3,436.5,50.9,415.4,974,1.179,11
1114,-164.62,-5.538,-83.077,-0.1006,-0.8397,-0.5337,0.4851,0.4275,-0.7628,0.8687,-0.3357,0.3643,25.5,0.0007,1.49,0.461,0.77545,37.6,427.3,24.1,437.9,51.0,416.9,975,0.321,11
1115,-164.785,-7.088,-84.048,-0.0791,-0.8484,-0.5234,0.492,0.4236,-0.7606,0.867,-0.3177,0.3839,25.5,0.0002,1.528,0.471,0.79163,37.6,428.8,23.8,439.3,51.0,418.5,976,0.584,11
1116,-164.91,-8.654,-85.0,-0.0576,-0.8567,-0.5126,0.4991,0.4199,-0.758,0.8647,-0.2994,0.4034,25.5,0.0001,1.538,0.482,0.79398,37.5,430.3,23.6,440.7,51.2,420.1,976,1.253,11
1117,-164.996,-10.235,-85.931,-0.0354,-0.8647,-0.5011,0.5063,0.4166,-0.755,0.8616,-0.2804,0.4231,25.5,0.0002,1.578,0.485,0.81889,37.5,431.8,23.5,442.1,51.3,421.6,977,0.308,11
1118,-165.04,-11.831,-86.84,-0.0123,-0.8723,-0.4888,0.5137,0.4136,-0.7517,0.8579,-0.2603,0.4431,25.5,0.0003,1.638,0.495,0.8501,37.6,433.3,23.3,443.6,51.5,423.2,978,0.668,11
1119,-165.04,-13.44,-87.726,0.0123,-0.8797,-0.4754,0.5213,0.4109,-0.7479,0.8533,-0.2386,0.4637,25.5,0.0005,1.734,0.511,0.90386,37.6,434.8,23.2,445.0,51.8,424.8,978,1.169,11
1120,-164.995,-15.062,-88.586,0.0369,-0.8864,-0.4615,0.5291,0.4085,-0.7438,0.8478,-0.2167,0.484,25.5,0.0007,1.74,0.523,0.90585,37.7,436.4,23.2,446.5,52.0,426.4,979,0.172,11
1121,-164.905,-16.695,-89.421,0.0608,-0.8922,-0.4475,0.5369,0.4065,-0.7392,0.8414,-0.1953,0.5038,25.5,0.0008,1.71,0.531,0.88284,37.9,437.9,23.1,448.0,52.4,428.0,980,0.838,11
1122,-164.772,-18.339,-90.23,0.0843,-0.8974,-0.4332,0.5449,0.4048,-0.7343,0.8343,-0.1742,0.5231,25.5,0.0008,1.688,0.546,0.8733,38.1,439.5,23.2,449.6,52.7,429.6,980,0.999,11
1123,-164.596,-19.992,-91.012,0.1079,-0.9017,-0.4186,0.553,0.4034,-0.729,0.8262,-0.1529,0.5422,25.5,0.0011,1.704,0.56,0.87604,38.3,441.0,23.2,451.1,53.1,431.1,981,0.021,11
1124,-164.375,-21.651,-91.767,0.1326,-0.9056,-0.4029,0.5612,0.4023,-0.7234,0.8171,-0.1301,0.5616,25.5,0.0016,1.793,0.572,0.92112,38.6,442.6,23.3,452.7,53.6,432.7,982,1.025,11
1125,-164.107,-23.318,-92.491,0.1588,-0.909,-0.3853,0.5694,0.4016,-0.7173,0.8068,-0.1055,0.5814,25.5,0.0017,1.903,0.587,0.9903,38.9,444.2,23.4,454.2,54.1,434.3,982,0.812,11
1126,-163.79,-24.99,-93.181,0.1867,-0.9119,-0.3654,0.5777,0.4013,-0.7108,0.7948,-0.0784,0.6017,25.5,0.0016,2.058,0.604,1.07294,39.3,445.8,23.6,455.8,54.6,435.9,983,0.187,11
1127,-163.42,-26.667,-93.833,0.2162,-0.9135,-0.3446,0.586,0.4015,-0.7039,0.7813,-0.0497,0.6221,25.5,0.0025,2.161,0.619,1.12719,39.7,447.3,23.9,457.4,55.2,437.5,984,1.167,11
1128,-162.997,-28.346,-94.446,0.2445,-0.9142,-0.3233,0.5943,0.4021,-0.6965,0.7667,-0.0218,0.6416,25.5,0.0029,2.122,0.638,1.10524,40.1,448.9,24.1,459.0,55.8,439.0,984,0.67,11
1129,-162.523,-30.025,-95.02,0.2716,-0.9141,-0.3012,0.6026,0.4033,-0.6887,0.751,0.0056,0.6603,25.5,0.0024,2.103,0.656,1.09084,40.6,450.5,24.5,460.6,56.5,440.6,985,0.286,11
1130,-161.999,-31.703,-95.552,0.2993,-0.9127,-0.2781,0.6107,0.4049,-0.6805,0.7337,0.0338,0.6786,25.5,0.0025,2.166,0.667,1.12604,41.2,452.1,24.8,462.3,57.2,442.1,986,1.214,11
1131,-161.423,-33.377,-96.041,0.328,-0.9101,-0.2535,0.6187,0.4071,-0.6719,0.7146,0.0635,0.6966,25.5,0.0028,2.271,0.685,1.18202,41.8,453.7,25.2,463.9,58.0,443.6,986,0.623,11
1132,-160.794,-35.046,-96.482,0.3565,-0.9063,-0.227,0.6265,0.4099,-0.6629,0.6938,0.0942,0.714,25.5,0.0023,2.347,0.701,1.21984,42.4,455.3,25.7,465.6,58.8,445.1,987,0.278,11
1133,-160.113,-36.706,-96.873,0.3856,-0.901,-0.1987,0.634,0.4133,-0.6536,0.671,0.126,0.7307,25.5,0.002,2.438,0.712,1.27712,43.1,456.8,26.2,467.2,59.6,446.6,988,1.152,11
1134,-159.378,-38.354,-97.212,0.4151,-0.8939,-0.1695,0.6412,0.4174,-0.6439,0.6463,0.1586,0.7464,25.5,0.0022,2.51,0.731,1.31377,43.8,458.4,26.8,468.9,60.5,448.1,988,0.685,11
1135,-158.589,-39.989,-97.495,0.4438,-0.8853,-0.1387,0.6479,0.4222,-0.634,0.6199,0.1915,0.761,25.5,0.0017,2.558,0.738,1.34056,44.6,459.9,27.5,470.6,61.4,449.5,989,0.165,11
1136,-157.748,-41.606,-97.72,0.4726,-0.8748,-0.1066,0.6541,0.4277,-0.6239,0.5914,0.2251,0.7743,25.5,0.0015,2.637,0.749,1.38475,45.4,461.5,28.2,472.2,62.3,450.9,990,0.989,11
1137,-156.853,-43.201,-97.886,0.5011,-0.8623,-0.0736,0.6596,0.434,-0.6136,0.5611,0.2589,0.7862,25.5,0.0014,2.689,0.76,1.41511,46.2,463.0,28.9,473.9,63.3,452.2,990,0.848,11
1138,-155.908,-44.772,-97.99,0.5284,-0.8481,-0.0396,0.6644,0.441,-0.6034,0.5292,0.2925,0.7965,25.5,0.001,2.72,0.76,1.4307,47.1,464.5,29.7,475.6,64.3,453.5,991,0.044,11
1139,-154.912,-46.315,-98.031,0.555,-0.8319,-0.0054,0.6684,0.4487,-0.5931,0.4958,0.3256,0.8051,25.5,0.0009,2.739,0.772,1.44309,48.1,465.9,30.6,477.2,65.3,454.8,992,0.747,11
1140,-153.869,-47.827,-98.009,0.5811,-0.8132,0.0303,0.6716,0.4571,-0.5831,0.4603,0.3592,0.8118,25.5,0.0009,2.827,0.77,1.49802,49.1,467.4,31.6,478.9,66.3,456.0,992,1.09,11
1141,-152.778,-49.301,-97.919,0.6067,-0.792,0.0677,0.6738,0.4661,-0.5733,0.4225,0.3935,0.8165,25.5,0.0008,2.937,0.773,1.56117,50.1,468.8,32.6,480.5,67.4,457.2,993,0.313,11
1142,-151.641,-50.735,-97.76,0.6309,-0.7688,0.1047,0.675,0.4757,-0.564,0.3838,0.4265,0.819,25.5,0.0011,2.918,0.769,1.55778,51.2,470.1,33.6,482.1,68.5,458.3,994,0.456,11
1143,-150.462,-52.125,-97.535,0.6526,-0.7446,0.1403,0.6752,0.4857,-0.5552,0.3453,0.457,0.8197,25.5,0.0011,2.815,0.763,1.50402,52.3,471.4,34.7,483.7,69.5,459.4,995,1.219,11
1144,-149.245,-53.47,-97.246,0.6723,-0.7192,0.1752,0.6743,0.4961,-0.547,0.3065,0.4859,0.8185,25.5,0.0007,2.773,0.761,1.48033,53.4,472.7,35.9,485.2,70.6,460.4,995,0.618,11
1145,-147.993,-54.766,-96.892,0.6905,-0.6923,0.2093,0.6725,0.5066,-0.5396,0.2675,0.5133,0.8154,25.5,0.0007,2.737,0.743,1.46935,54.6,474.0,37.2,486.7,71.7,461.4,996,0.144,11
1146,-146.71,-56.013,-96.477,0.7068,-0.6647,0.2421,0.6697,0.5173,-0.5329,0.229,0.5388,0.8108,25.5,0.0005,2.659,0.741,1.43087,55.8,475.2,38.4,488.2,72.8,462.4,997,0.905,11
1147,-145.398,-57.208,-96.003,0.7212,-0.6363,0.2739,0.6659,0.528,-0.527,0.1907,0.5625,0.8045,25.5,0.0001,2.606,0.733,1.40395,57.0,476.3,39.7,489.6,73.9,463.2,997,0.932,11
1148,-144.061,-58.35,-95.472,0.7341,-0.6073,0.304,0.6613,0.5386,-0.522,0.1533,0.5842,0.797,25.5,0.0003,2.515,0.721,1.36467,58.2,477.4,41.1,490.9,75.1,464.1,998,0.168,11
1149,-142.702,-59.438,-94.888,0.7455,-0.5779,0.3322,0.6559,0.549,-0.518,0.117,0.604,0.7884,25.5,0.0004,2.42,0.709,1.31976,59.4,478.5,42.5,492.2,76.2,464.9,999,0.605,11
1150,-141.324,-60.473,-94.252,0.7547,-0.5487,0.3595,0.6498,0.5592,-0.5148,0.0815,0.6222,0.7786,25.5,0.0015,2.354,0.705,1.27971,60.7,479.5,43.9,493.5,77.3,465.6,999,1.232,11
1151,-139.93,-61.454,-93.569,0.7633,-0.5194,0.3841,0.6429,0.5691,-0.5126,0.0477,0.6382,0.7684,25.5,0.0018,2.221,0.703,1.22335,62.0,480.4,45.4,494.7,78.4,466.3,1000,0.452,11
1152,-138.52,-62.381,-92.843,0.7712,-0.4901,0.4063,0.6354,0.5786,-0.5113,0.0155,0.6525,0.7576,25.5,0.0013,2.112,0.698,1.17306,63.3,481.3,46.8,495.9,79.5,467.0,1001,0.337,11
1153,-137.099,-63.255,-92.075,0.7765,-0.4618,0.4287,0.6273,0.5877,-0.5109,-0.016,0.6657,0.746,25.5,0.0033,2.067,0.698,1.13797,64.6,482.2,48.3,496.9,80.6,467.6,1002,1.136,11
1154,-135.668,-64.078,-91.27,0.7822,-0.4338,0.4472,0.6187,0.5964,-0.5115,-0.0448,0.6767,0.7349,25.5,0.0035,1.878,0.702,1.06195,65.9,483.0,49.9,498.0,81.7,468.2,1002,0.7,11
1155,-134.225,-64.849,-90.434,0.7883,-0.4061,0.4623,0.6095,0.6046,-0.5128,-0.0713,0.686,0.7241,25.5,0.0021,1.724,0.71,1.00239,67.2,483.7,51.4,499.0,82.8,468.7,1003,0.109,11
1156,-132.774,-65.569,-89.57,0.792,-0.378,0.4794,0.5998,0.6124,-0.515,-0.0989,0.6954,0.7118,25.5,0.0033,1.813,0.724,1.03268,68.5,484.5,53.0,499.9,83.9,469.3,1004,0.927,11
1157,-131.315,-66.239,-88.676,0.7958,-0.3522,0.4926,0.5896,0.6198,-0.5179,-0.1229,0.7026,0.7009,25.5,0.0042,1.566,0.741,0.91178,69.9,485.1,54.5,500.7,85.0,469.7,1004,0.91,11
1158,-129.85,-66.864,-87.763,0.8004,-0.3284,0.5015,0.5789,0.6269,-0.5214,-0.1432,0.7077,0.6919,25.5,0.004,1.305,0.763,0.80556,71.2,485.8,56.1,501.6,86.0,470.2,1005,0.088,11
1159,-128.375,-67.446,-86.836,0.8051,-0.3054,0.5085,0.5677,0.6337,-0.5254,-0.1618,0.7117,0.6836,25.5,0.0036,1.189,0.785,0.76418,72.5,486.3,57.8,502.3,87.1,470.6,1006,0.739,11
1160,-126.894,-67.985,-85.893,0.8076,-0.2819,0.518,0.556,0.6404,-0.5299,-0.1824,0.716,0.6739,25.5,0.006,1.328,0.814,0.79454,73.9,486.9,59.4,503.1,88.2,471.0,1006,1.098,11
1161,-125.407,-68.482,-84.936,0.8115,-0.2596,0.5234,0.5438,0.647,-0.5345,-0.1999,0.7185,0.6662,25.5,0.0064,1.105,0.837,0.72602,75.2,487.4,61.0,503.7,89.3,471.3,1007,0.273,11
1162,-123.912,-68.939,-83.972,0.817,-0.2379,0.5252,0.5309,0.6537,-0.5393,-0.215,0.7195,0.6604,25.5,0.005,0.929,0.877,0.70061,76.6,487.9,62.7,504.4,90.3,471.6,1008,0.547,11
1163,-122.405,-69.356,-83.007,0.8221,-0.2152,0.5272,0.5173,0.6606,-0.5441,-0.2311,0.72,0.6543,25.5,0.0037,0.987,0.916,0.72845,78.0,488.3,64.4,505.0,91.4,471.8,1008,1.29,11
1164,-120.892,-69.73,-82.035,0.8258,-0.1926,0.53,0.5029,0.6678,-0.5488,-0.2482,0.7198,0.6483,25.5,0.0042,1.038,0.961,0.71971,79.4,488.7,66.2,505.6,92.4,472.0,1009,0.479,11
1165,-119.371,-70.065,-81.062,0.8306,-0.1717,0.5297,0.4878,0.6752,-0.5532,-0.2627,0.7179,0.6447,25.5,0.0038,0.863,0.996,0.66902,80.8,489.0,67.9,506.2,93.4,472.2,1010,0.321,11
1166,-117.84,-70.362,-80.092,0.8366,-0.1522,0.5262,0.472,0.6831,-0.5573,-0.2746,0.7146,0.6433,25.5,0.0023,0.712,1.039,0.64575,82.2,489.4,69.7,506.7,94.5,472.3,1011,1.106,11
1167,-116.298,-70.623,-79.128,0.842,-0.1312,0.5233,0.4555,0.6912,-0.561,-0.2881,0.7107,0.6418,25.5,0.0007,0.81,1.074,0.68243,83.6,489.6,71.5,507.2,95.5,472.4,1011,0.731,11
1168,-114.747,-70.844,-78.17,0.8467,-0.11,0.5205,0.4382,0.6997,-0.5643,-0.3022,0.7059,0.6406,25.5,0.0003,0.856,1.12,0.68301,85.0,489.9,73.4,507.7,96.5,472.4,1012,0.035,11
1169,-113.187,-71.028,-77.217,0.8514,-0.09,0.5167,0.4204,0.7082,-0.5672,-0.3149,0.7001,0.6409,25.5,0.0011,0.8,1.142,0.65176,86.5,490.1,75.3,508.1,97.5,472.4,1013,0.774,11
1170,-111.619,-71.176,-76.272,0.8562,-0.0714,0.5117,0.4021,0.7168,-0.5697,-0.3261,0.6935,0.6424,25.5,0.0016,0.75,1.167,0.61919,87.9,490.3,77.2,508.5,98.5,472.4,1013,1.063,11
1171,-110.042,-71.289,-75.337,0.8606,-0.0519,0.5067,0.3834,0.7252,-0.5719,-0.3377,0.6864,0.644,25.5,0.0025,0.785,1.181,0.64279,89.4,490.4,79.1,508.8,99.5,472.3,1014,0.353,11
1172,-108.458,-71.366,-74.411,0.8642,-0.0316,0.5021,0.3646,0.7334,-0.5738,-0.3501,0.6789,0.6453,25.5,0.0038,0.834,1.18,0.65896,90.8,490.5,81.0,509.2,100.5,472.2,1015,0.32,11
1173,-106.868,-71.405,-73.492,0.867,-0.0109,0.4982,0.3456,0.7412,-0.5754,-0.363,0.6711,0.6464,25.5,0.0049,0.866,1.18,0.66288,92.3,490.6,83.0,509.4,101.5,472.1,1016,0.95,11
1174,-105.273,-71.406,-72.581,0.8698,0.0092,0.4932,0.3267,0.7487,-0.5769,-0.3746,0.6629,0.6482,25.5,0.0065,0.82,1.168,0.65198,93.8,490.6,84.9,509.7,102.5,471.9,1016,0.887,11
1175,-103.673,-71.371,-71.68,0.8722,0.029,0.4882,0.308,0.7556,-0.5781,-0.3857,0.6546,0.6502,25.5,0.0083,0.802,1.144,0.64149,95.3,490.6,86.9,509.9,103.6,471.7,1017,0.307,11
1176,-102.07,-71.3,-70.786,0.8729,0.0489,0.4854,0.2897,0.7621,-0.5791,-0.3982,0.6461,0.6511,25.5,0.0091,0.868,1.114,0.62728,96.8,490.6,88.8,510.0,104.6,471.5,1018,0.217,11
1177,-100.467,-71.192,-69.896,0.872,0.0685,0.4846,0.2718,0.7681,-0.5798,-0.412,0.6373,0.6512,25.5,0.0087,0.938,1.082,0.61258,98.3,490.5,90.8,510.1,105.7,471.3,1019,0.683,11
1178,-98.865,-71.048,-69.008,0.8729,0.0874,0.48,0.2546,0.7737,-0.5802,-0.4221,0.6287,0.6531,25.5,0.0114,0.768,1.037,0.60747,99.8,490.4,92.7,510.1,106.7,471.0,1020,1.088,11
1179,-97.262,-70.871,-68.13,0.8723,0.1053,0.4774,0.2381,0.7789,-0.5802,-0.433,0.6199,0.6544,25.5,0.0127,0.806,0.991,0.56454,101.3,490.3,94.6,510.1,107.8,470.8,1020,0.749,11
1180,-95.662,-70.662,-67.252,0.8691,0.1226,0.4793,0.2225,0.7837,-0.5799,-0.4467,0.6106,0.6539,25.5,0.0115,0.949,0.935,0.55199,102.8,490.1,96.5,510.1,108.9,470.5,1021,0.406,11
1181,-94.071,-70.421,-66.367,0.8631,0.1393,0.4854,0.2078,0.7883,-0.5791,-0.4633,0.6007,0.6515,25.5,0.0081,1.116,0.884,0.58532,104.3,489.9,98.4,510.0,110.1,470.1,1022,0.128,11
1182,-92.491,-70.15,-65.47,0.8581,0.1562,0.4892,0.1941,0.7928,-0.5778,-0.478,0.5908,0.65,25.5,0.0077,1.019,0.83,0.56242,105.8,489.7,100.2,509.9,111.2,469.8,1023,0.086,11
1183,-90.919,-69.848,-64.569,0.8535,0.1724,0.4917,0.1813,0.7971,-0.576,-0.4912,0.5808,0.6491,25.5,0.0089,0.95,0.78,0.53107,107.2,489.4,102.0,509.7,112.3,469.4,1024,0.231,11
1184,-89.357,-69.518,-63.662,0.8474,0.1874,0.4967,0.169,0.8012,-0.5741,-0.5056,0.5705,0.6473,25.5,0.0082,1.02,0.751,0.52868,108.7,489.1,103.8,509.6,113.5,469.0,1025,0.308,11
1185,-87.807,-69.16,-62.743,0.8398,0.2014,0.5041,0.157,0.805,-0.5721,-0.521,0.5597,0.6445,25.5,0.0056,1.09,0.73,0.54794,110.2,488.8,105.6,509.3,114.7,468.6,1026,0.316,11
1186,-86.273,-68.778,-61.809,0.83,0.2146,0.5149,0.1448,0.8085,-0.5704,-0.5387,0.548,0.64,25.5,0.0,1.243,0.734,0.61362,111.6,488.5,107.3,509.1,115.8,468.2,1027,0.268,11
1187,-84.759,-68.372,-60.852,0.8192,0.2278,0.5263,0.1322,0.8116,-0.569,-0.5568,0.5357,0.6348,25.5,0.0063,1.289,0.748,0.63994,113.0,488.1,109.1,508.8,116.9,467.8,1028,0.182,11
1188,-83.26,-67.942,-59.88,0.8125,0.2404,0.5311,0.1192,0.8143,-0.5681,-0.5691,0.5249,0.633,25.5,0.0091,0.943,0.762,0.46964,114.4,487.8,110.8,508.5,118.0,467.3,1029,0.075,11
1189,-81.771,-67.489,-58.904,0.8095,0.253,0.5298,0.1057,0.8165,-0.5677,-0.5762,0.5155,0.6342,25.5,0.0086,0.678,0.784,0.40604,115.8,487.3,112.6,508.2,119.0,466.8,1030,0.038,11
1190,-80.284,-67.012,-57.937,0.8102,0.2657,0.5225,0.0917,0.818,-0.5679,-0.5783,0.508,0.6384,25.5,0.0051,0.507,0.807,0.45746,117.2,486.9,114.3,507.8,120.1,466.4,1031,0.135,11
1191,-78.794,-66.512,-56.986,0.8109,0.2785,0.5147,0.0772,0.8189,-0.5688,-0.5798,0.5009,0.6425,25.5,0.0021,0.478,0.834,0.46807,118.6,486.5,116.1,507.4,121.1,465.9,1032,0.201,11
1192,-77.307,-65.989,-56.044,0.8088,0.2913,0.5109,0.0623,0.8191,-0.5703,-0.5846,0.493,0.6443,25.5,0.0024,0.54,0.858,0.42164,120.0,486.0,117.9,506.9,122.1,465.4,1033,0.221,11
1193,-75.823,-65.442,-55.11,0.807,0.3047,0.5059,0.0472,0.8188,-0.5722,-0.5886,0.4856,0.6463,25.5,0.0019,0.495,0.872,0.44968,121.4,485.5,119.7,506.4,123.2,464.9,1034,0.175,11
1194,-74.342,-64.87,-54.186,0.8056,0.3179,0.4999,0.0323,0.818,-0.5743,-0.5915,0.4788,0.6487,25.5,0.001,0.445,0.863,0.4544,122.8,485.0,121.5,505.9,124.2,464.4,1035,0.053,11
1195,-72.863,-64.274,-53.274,0.8047,0.3305,0.4932,0.0179,0.817,-0.5764,-0.5934,0.4726,0.6516,25.5,0.0001,0.407,0.836,0.44607,124.2,484.4,123.2,505.3,125.2,463.9,1036,0.148,11
1196,-71.386,-63.656,-52.376,0.8046,0.342,0.4855,0.0041,0.8158,-0.5782,-0.5939,0.4672,0.655,25.5,0.0016,0.367,0.8,0.43172,125.6,483.9,125.0,504.7,126.3,463.3,1037,0.432,11
1197,-69.908,-63.018,-51.49,0.8034,0.3531,0.4794,-0.0089,0.8146,-0.5799,-0.5953,0.4616,0.6577,25.5,0.0025,0.365,0.754,0.39686,127.0,483.3,126.7,504.1,127.4,462.7,1038,0.801,11
1198,-68.435,-62.36,-50.614,0.8013,0.3639,0.4749,-0.0212,0.8134,-0.5813,-0.5978,0.4557,0.6595,25.5,0.0029,0.381,0.713,0.37079,128.4,482.7,128.4,503.5,128.4,462.2,1038,1.036,11
1199,-66.966,-61.682,-49.744,0.7982,0.3743,0.4721,-0.033,0.8121,-0.5826,-0.6014,0.4494,0.6605,25.5,0.0026,0.42,0.684,0.34961,129.8,482.0,130.1,502.8,129.5,461.6,1039,0.578,11
1200,-65.503,-60.985,-48.879,0.7942,0.3844,0.4707,-0.0441,0.8107,-0.5837,-0.606,0.4428,0.6608,25.5,0.0019,0.461,0.644,0.34165,131.2,481.4,131.8,502.1,130.7,460.9,1040,0.029,11
1201,-64.048,-60.27,-48.015,0.7904,0.3941,0.469,-0.0548,0.8094,-0.5847,-0.61,0.4364,0.6613,25.5,0.0014,0.433,0.62,0.32926,132.6,480.7,133.5,501.4,131.8,460.3,1041,0.616,11
1202,-62.599,-59.537,-47.156,0.7875,0.4032,0.4661,-0.0651,0.808,-0.5856,-0.6127,0.4308,0.6625,25.5,0.0016,0.363,0.598,0.31135,134.0,480.0,135.1,500.7,132.9,459.6,1041,1.221,11
1203,-61.156,-58.789,-46.302,0.7844,0.4119,0.4637,-0.0749,0.8065,-0.5864,-0.6156,0.4252,0.6635,25.5,0.0015,0.366,0.57,0.29769,135.4,479.3,136.8,500.0,134.0,459.0,1042,0.48,11
1204,-59.718,-58.024,-45.452,0.781,0.4204,0.4618,-0.0844,0.8051,-0.5871,-0.6186,0.4196,0.6643,25.5,0.0014,0.367,0.552,0.29166,136.8,478.6,138.4,499.2,135.1,458.3,1043,0.359,11
1205,-58.286,-57.244,-44.606,0.7775,0.4286,0.4603,-0.0935,0.8036,-0.5878,-0.6218,0.414,0.6648,25.5,0.0012,0.371,0.53,0.28201,138.1,477.9,140.0,498.5,136.3,457.6,1044,1.298,11
1206,-56.862,-56.45,-43.761,0.7737,0.4365,0.4592,-0.1022,0.8021,-0.5884,-0.6252,0.4083,0.6652,25.5,0.0009,0.381,0.507,0.27558,139.5,477.1,141.6,497.7,137.4,456.9,1044,0.539,11
1207,-55.444,-55.641,-42.918,0.7697,0.4443,0.4584,-0.1107,0.8005,-0.589,-0.6286,0.4026,0.6654,25.5,0.0005,0.38,0.497,0.27459,140.8,476.3,143.2,496.9,138.6,456.1,1045,0.501,11
1208,-54.034,-54.818,-42.078,0.7661,0.4519,0.457,-0.1189,0.7989,-0.5895,-0.6315,0.3973,0.6658,25.5,0.0005,0.347,0.48,0.26594,142.2,475.6,144.8,496.1,139.7,455.4,1045,1.336,11
1209,-52.63,-53.981,-41.24,0.7626,0.4592,0.4556,-0.1269,0.7973,-0.5901,-0.6342,0.3922,0.6663,25.5,0.0005,0.332,0.469,0.25628,143.5,474.8,146.3,495.2,140.8,454.6,1046,0.197,11
1210,-51.232,-53.131,-40.404,0.7592,0.4662,0.4542,-0.1345,0.7957,-0.5906,-0.6367,0.3873,0.6668,25.5,0.0006,0.316,0.446,0.24665,144.9,474.0,147.9,494.4,142.0,453.9,1047,1.044,11
1211,-49.841,-52.269,-39.571,0.7559,0.4729,0.4527,-0.142,0.794,-0.5911,-0.639,0.3825,0.6673,25.5,0.0006,0.306,0.442,0.23762,146.2,473.1,149.4,493.5,143.1,453.1,1047,0.793,11
1212,-48.455,-51.394,-38.741,0.7527,0.4794,0.4513,-0.1492,0.7923,-0.5916,-0.6412,0.3779,0.6679,25.5,0.0005,0.294,0.425,0.23015,147.6,472.3,150.9,492.7,144.3,452.3,1048,0.549,11
1213,-47.076,-50.508,-37.913,0.7495,0.4857,0.4498,-0.1562,0.7906,-0.592,-0.6432,0.3735,0.6684,25.5,0.0006,0.278,0.413,0.22535,148.9,471.5,152.4,491.8,145.4,451.5,1048,1.288,11
1214,-45.702,-49.61,-37.088,0.7464,0.4919,0.4483,-0.1629,0.7889,-0.5925,-0.6451,0.3692,0.669,25.5,0.0009,0.272,0.397,0.22123,150.2,470.6,154.0,490.9,146.5,450.7,1049,0.156,11
1215,-44.334,-48.701,-36.267,0.7433,0.4982,0.4464,-0.1695,0.7872,-0.5929,-0.6468,0.3651,0.6696,25.5,0.0015,0.257,0.391,0.22689,151.5,469.7,155.5,490.0,147.7,449.8,1049,1.681,11
1216,-42.971,-47.78,-35.448,0.7403,0.5041,0.4448,-0.1758,0.7855,-0.5933,-0.6485,0.361,0.6701,25.5,0.0019,0.256,0.375,0.21241,152.9,468.9,156.9,489.1,148.8,449.0,1050,0.136,11
1217,-41.614,-46.849,-34.632,0.7372,0.5098,0.4435,-0.1819,0.7838,-0.5937,-0.6503,0.357,0.6706,25.5,0.0022,0.253,0.364,0.20641,154.2,468.0,158.4,488.1,150.0,448.1,1051,1.51,11
1218,-40.263,-45.907,-33.819,0.7341,0.5152,0.4423,-0.1878,0.7822,-0.5941,-0.6521,0.3531,0.6709,25.5,0.0024,0.247,0.351,0.19779,155.5,467.1,159.9,487.2,151.1,447.3,1051,0.327,11
1219,-38.918,-44.956,-33.007,0.731,0.5204,0.4414,-0.1935,0.7805,-0.5945,-0.6539,0.3491,0.6712,25.5,0.0023,0.252,0.342,0.19091,156.8,466.1,161.4,486.2,152.3,446.4,1052,1.413,11
1220,-37.578,-43.996,-32.197,0.7279,0.5253,0.4407,-0.199,0.7789,-0.5948,-0.6557,0.3453,0.6715,25.5,0.0022,0.241,0.329,0.18219,158.1,465.2,162.8,485.3,153.4,445.5,1052,0.424,11
1221,-36.244,-43.027,-31.388,0.7249,0.5299,0.4401,-0.2043,0.7773,-0.5951,-0.6574,0.3415,0.6717,25.5,0.0019,0.239,0.318,0.17233,159.4,464.3,164.2,484.3,154.6,444.6,1053,1.4,11
1222,-34.915,-42.049,-30.581,0.7219,0.5346,0.4394,-0.2094,0.7757,-0.5954,-0.6591,0.3378,0.6719,25.5,0.0019,0.234,0.307,0.17531,160.7,463.3,165.7,483.3,155.7,443.7,1053,0.437,11
1223,-33.592,-41.063,-29.775,0.719,0.5396,0.4381,-0.2143,0.7741,-0.5956,-0.6605,0.3344,0.6722,25.5,0.0027,0.211,0.296,0.18482,162.0,462.4,167.1,482.3,156.9,442.8,1054,1.463,11
1224,-32.274,-40.067,-28.971,0.7162,0.5442,0.437,-0.219,0.7727,-0.5958,-0.6619,0.331,0.6725,25.5,0.0033,0.211,0.281,0.17144,163.2,461.4,168.5,481.3,158.0,441.9,1054,0.374,11
1225,-30.961,-39.064,-28.169,0.7134,0.5485,0.4361,-0.2236,0.7712,-0.596,-0.6633,0.3277,0.6728,25.5,0.0036,0.206,0.277,0.16247,164.5,460.5,169.9,480.3,159.2,440.9,1055,1.59,11
1226,-29.653,-38.052,-27.369,0.7106,0.5526,0.4356,-0.2279,0.7698,-0.5962,-0.6647,0.3244,0.673,25.5,0.0037,0.206,0.259,0.15567,165.8,459.5,171.3,479.3,160.4,440.0,1055,0.247,11
1227,-28.35,-37.034,-26.569,0.7079,0.5563,0.4352,-0.2321,0.7684,-0.5964,-0.6662,0.3211,0.6731,25.5,0.0036,0.208,0.254,0.14341,167.1,458.5,172.7,478.3,161.5,439.0,1056,1.772,11
1228,-27.052,-36.009,-25.77,0.7052,0.5598,0.4351,-0.2362,0.7671,-0.5965,-0.6676,0.3179,0.6732,25.5,0.0033,0.2,0.246,0.13791,168.3,457.5,174.1,477.2,162.7,438.1,1056,0.065,11
1229,-25.76,-34.978,-24.971,0.7026,0.563,0.4352,-0.24,0.7658,-0.5966,-0.6691,0.3147,0.6732,25.5,0.0029,0.202,0.23,0.12867,169.6,456.5,175.5,476.2,163.8,437.1,1056,1.902,11
1230,-24.471,-33.941,-24.171,0.7001,0.5659,0.4354,-0.2438,0.7646,-0.5967,-0.6706,0.3116,0.6732,25.5,0.0022,0.197,0.228,0.11959,170.9,455.5,176.8,475.2,165.0,436.1,1057,0.161,11
1231,-23.188,-32.899,-23.371,0.6975,0.569,0.4356,-0.2474,0.7633,-0.5967,-0.6721,0.3084,0.6732,25.5,0.0018,0.202,0.219,0.12637,172.1,454.5,178.2,474.1,166.1,435.2,1057,1.676,11
1232,-21.909,-31.85,-22.571,0.6948,0.5726,0.4352,-0.2509,0.7622,-0.5968,-0.6734,0.3055,0.6732,25.5,0.0024,0.182,0.21,0.14091,173.4,453.5,179.6,473.1,167.3,434.2,1058,0.419,11
1233,-20.635,-30.796,-21.772,0.6923,0.5759,0.4349,-0.2542,0.761,-0.5968,-0.6747,0.3026,0.6732,25.5,0.0027,0.182,0.201,0.12949,174.6,452.4,180.9,472.0,168.4,433.2,1058,1.417,11
1234,-19.366,-29.735,-20.974,0.6898,0.579,0.4347,-0.2574,0.76,-0.5968,-0.6759,0.2998,0.6733,25.5,0.0031,0.175,0.192,0.12437,175.9,451.4,182.2,471.0,169.6,432.2,1059,0.699,11
1235,-18.101,-28.669,-20.175,0.6875,0.5818,0.4346,-0.2605,0.7589,-0.5968,-0.6771,0.2971,0.6733,25.5,0.0031,0.169,0.188,0.11307,177.1,450.4,183.6,469.9,170.7,431.1,1059,1.138,11
1236,-16.84,-27.598,-19.377,0.6853,0.5844,0.4346,-0.2635,0.7579,-0.5968,-0.6782,0.2945,0.6733,25.5,0.003,0.162,0.181,0.10625,178.3,449.3,184.9,468.8,171.9,430.1,1060,0.988,11
1237,-15.584,-26.522,-18.579,0.6831,0.5868,0.4347,-0.2663,0.7569,-0.5968,-0.6793,0.2919,0.6733,25.5,0.0028,0.162,0.17,0.10159,179.6,448.3,186.2,467.7,173.0,429.1,1060,0.849,11
1238,-14.331,-25.442,-17.78,0.6811,0.589,0.435,-0.269,0.756,-0.5968,-0.6803,0.2894,0.6733,25.5,0.0025,0.154,0.163,0.09319,180.8,447.2,187.5,466.7,174.2,428.1,1061,1.274,11
1239,-13.082,-24.358,-16.981,0.6791,0.591,0.4353,-0.2716,0.7551,-0.5967,-0.6814,0.287,0.6733,25.5,0.0021,0.151,0.158,0.08872,182.0,446.1,188.9,465.6,175.3,427.0,1061,0.562,11
1240,-11.836,-23.271,-16.181,0.6772,0.5929,0.4357,-0.2741,0.7542,-0.5967,-0.6824,0.2846,0.6733,25.5,0.0016,0.149,0.152,0.08474,183.3,445.1,190.2,464.5,176.5,426.0,1062,1.548,11
1241,-10.594,-22.18,-15.38,0.6754,0.5945,0.4363,-0.2765,0.7534,-0.5966,-0.6834,0.2823,0.6732,25.5,0.0009,0.144,0.145,0.07742,184.5,444.0,191.5,463.4,177.7,424.9,1062,0.289,11
1242,-9.356,-21.086,-14.578,0.6727,0.5974,0.4367,-0.2788,0.7526,-0.5966,-0.685,0.2796,0.6728,25.5,0.0015,0.181,0.14,0.1242,185.7,442.9,192.8,462.3,178.8,423.9,1063,1.797,11
1243,-8.122,-19.986,-13.776,0.6702,0.5999,0.437,-0.281,0.7518,-0.5965,-0.6864,0.277,0.6724,25.5,0.002,0.171,0.134,0.11066,186.9,441.8,194.0,461.2,180.0,422.8,1063,0.04,11
1244,-6.893,-18.882,-12.973,0.6681,0.6021,0.4372,-0.2831,0.7511,-0.5964,-0.6875,0.2747,0.6722,25.5,0.0024,0.147,0.127,0.09508,188.2,440.7,195.3,460.1,181.1,421.7,1063,1.877,11
1245,-5.668,-17.774,-12.17,0.6662,0.604,0.4374,-0.2852,0.7504,-0.5963,-0.6884,0.2726,0.6722,25.5,0.0024,0.131,0.127,0.08404,189.4,439.7,196.6,459.0,182.3,420.7,1064,0.173,11
1246,-4.446,-16.663,-11.366,0.6646,0.6057,0.4375,-0.2872,0.7498,-0.5961,-0.6891,0.2705,0.6723,25.5,0.0025,0.127,0.12,0.07289,190.6,438.6,197.9,457.9,183.4,419.6,1064,1.664,11
1247,-3.226,-15.55,-10.562,0.6632,0.6071,0.4377,-0.2893,0.7491,-0.5959,-0.6897,0.2686,0.6725,25.5,0.0021,0.115,0.127,0.06207,191.8,437.5,199.2,456.7,184.5,418.5,1065,0.338,11
1248,-2.009,-14.433,-9.758,0.662,0.6084,0.4377,-0.2913,0.7486,-0.5956,-0.6901,0.2668,0.6728,25.5,0.0019,0.107,0.119,0.05518,193.0,436.4,200.4,455.6,185.7,417.4,1065,1.499,11
1249,-0.794,-13.314,-8.954,0.6609,0.6096,0.4378,-0.2934,0.748,-0.5953,-0.6903,0.265,0.6732,25.5,0.0015,0.106,0.126,0.05085,194.2,435.2,201.7,454.5,186.8,416.3,1066,0.446,11
1250,0.419,-12.193,-8.15,0.66,0.6106,0.4378,-0.2956,0.7476,-0.5948,-0.6904,0.2632,0.6738,25.5,0.001,0.109,0.131,0.04195,195.4,434.1,203.0,453.4,188.0,415.2,1066,1.392,11
1251,1.631,-11.071,-7.346,0.6592,0.6114,0.4377,-0.2978,0.7471,-0.5943,-0.6904,0.2614,0.6746,25.5,0.0003,0.113,0.132,0.03533,196.6,433.0,204.3,452.3,189.1,414.1,1067,0.483,12
1252,2.842,-9.947,-6.542,0.6586,0.6121,0.4377,-0.3001,0.7467,-0.5936,-0.6902,0.2596,0.6755,25.5,0.0004,0.116,0.14,0.02873,197.8,431.9,205.5,451.1,190.2,413.0,1067,1.354,12
1253,4.05,-8.823,-5.738,0.6574,0.6133,0.4378,-0.3025,0.7463,-0.5928,-0.6903,0.2573,0.6762,25.5,0.0007,0.138,0.147,0.05307,199.0,430.8,206.8,450.0,191.4,411.9,1068,0.448,12
1254,5.255,-7.694,-4.934,0.6552,0.6154,0.4382,-0.3053,0.7461,-0.5918,-0.6911,0.254,0.6767,25.5,0.0002,0.197,0.171,0.09568,200.2,429.7,208.1,448.9,192.5,410.8,1068,1.389,12
1255,6.457,-6.562,-4.129,0.6534,0.6172,0.4385,-0.3087,0.746,-0.5901,-0.6913,0.2502,0.6779,25.5,0.0,0.229,0.218,0.07992,201.4,428.5,209.4,447.7,193.6,409.7,1069,0.331,12
1256,7.655,-5.427,-3.323,0.6519,0.6187,0.4385,-0.3132,0.7463,-0.5873,-0.6906,0.2455,0.6803,25.5,0.0,0.305,0.304,0.06616,202.6,427.4,210.7,446.6,194.7,408.5,1069,1.505,12
1257,8.852,-4.289,-2.518,0.6507,0.62,0.4384,-0.3191,0.7472,-0.583,-0.689,0.2395,0.684,25.5,0.0,0.414,0.421,0.05526,203.8,426.3,212.1,445.5,195.7,407.4,1070,0.133,12
1258,10.047,-3.149,-1.713,0.6499,0.6211,0.438,-0.3269,0.7486,-0.5769,-0.6862,0.2318,0.6895,25.5,0.0002,0.565,0.573,0.04421,205.0,425.1,213.5,444.4,196.7,406.2,1071,1.687,12
1259,11.24,-2.007,-0.909,0.6496,0.622,0.4372,-0.3369,0.7506,-0.5684,-0.6817,0.2219,0.6972,25.5,0.0005,0.763,0.761,0.0387,206.2,424.0,215.0,443.3,197.6,405.0,1071,0.15,12
1260,12.433,-0.865,-0.107,0.6498,0.6226,0.4361,-0.3496,0.7534,-0.557,-0.6753,0.2095,0.7072,25.5,0.001,0.984,0.991,0.03958,207.4,422.9,216.5,442.2,198.5,403.8,1072,1.319,12
1261,13.628,0.279,0.692,0.6507,0.6229,0.4342,-0.3652,0.7567,-0.5422,-0.6663,0.1943,0.7199,25.5,0.0017,1.247,1.246,0.06623,208.6,421.7,218.1,441.2,199.3,402.6,1072,0.517,12
1262,14.822,1.425,1.488,0.6498,0.6251,0.4325,-0.3839,0.7606,-0.5235,-0.6562,0.1741,0.7342,25.5,0.0004,1.532,1.532,0.09116,209.8,420.6,219.8,440.1,200.0,401.3,1073,0.864,12
1263,16.014,2.575,2.281,0.6491,0.627,0.4307,-0.406,0.7649,-0.5001,-0.643,0.1497,0.7511,25.5,0.0007,1.861,1.861,0.0845,211.0,419.4,221.6,439.1,200.6,400.0,1073,0.972,12
1264,17.206,3.728,3.071,0.6491,0.6282,0.4291,-0.4316,0.7691,-0.4714,-0.6261,0.1208,0.7703,25.5,0.0007,2.211,2.217,0.06236,212.2,418.3,223.5,438.0,201.2,398.8,1074,0.321,12
1265,18.399,4.882,3.858,0.6498,0.6283,0.4277,-0.4606,0.7728,-0.4366,-0.6049,0.0867,0.7916,25.5,0.0005,2.604,2.604,0.04886,213.4,417.1,225.4,436.9,201.6,397.5,1074,1.516,12
1266,19.593,6.037,4.641,0.6499,0.6297,0.4255,-0.4931,0.7754,-0.3945,-0.5784,0.0466,0.8144,25.5,0.0001,3.048,3.051,0.08141,214.6,415.9,227.4,435.8,202.0,396.3,1075,0.311,12
1267,20.787,7.195,5.42,0.6504,0.6309,0.4229,-0.5291,0.7759,-0.3435,-0.5449,-0.0004,0.8385,25.5,0.0001,3.584,3.577,0.09068,215.8,414.8,229.6,434.7,202.3,395.1,1076,0.808,12
1268,21.982,8.355,6.195,0.6512,0.6322,0.4197,-0.5683,0.7732,-0.2815,-0.5025,-0.0552,0.8628,25.5,0.0006,4.208,4.207,0.1106,217.1,413.6,231.7,433.4,202.5,393.9,1076,1.029,12
1269,23.179,9.517,6.962,0.6521,0.6335,0.4165,-0.6091,0.7653,-0.2081,-0.4505,-0.118,0.8849,25.5,0.0009,4.842,4.834,0.11132,218.3,412.4,234.0,432.1,202.7,392.9,1077,0.007,12
1270,24.378,10.682,7.725,0.653,0.6346,0.4134,-0.649,0.7506,-0.1243,-0.3892,-0.1871,0.902,25.5,0.0011,5.384,5.386,0.10638,219.5,411.3,236.2,430.5,202.8,392.1,1078,0.967,12
1271,25.578,11.848,8.481,0.6542,0.6357,0.4099,-0.6856,0.7273,-0.0305,-0.3175,-0.2611,0.9116,25.5,0.0013,5.932,5.924,0.1204,220.7,410.1,238.3,428.7,203.1,391.5,1078,0.87,12
1272,26.781,13.017,9.23,0.6554,0.6369,0.4059,-0.7167,0.6936,0.0729,-0.2351,-0.3387,0.9111,25.5,0.0016,6.489,6.484,0.13552,221.9,408.9,240.2,426.7,203.6,391.1,1079,0.017,12
1273,27.986,14.188,9.972,0.6569,0.638,0.4018,-0.7393,0.6477,0.1842,-0.1427,-0.4181,0.8971,25.5,0.0016,7.03,7.023,0.14044,223.1,407.7,242.0,424.3,204.2,391.0,1080,0.837,12
1274,29.194,15.361,10.706,0.6584,0.6391,0.3976,-0.7505,0.5885,0.3008,-0.0417,-0.4964,0.8671,25.5,0.0016,7.527,7.525,0.14328,224.4,406.5,243.4,421.6,205.2,391.3,1080,1.0,12
1275,30.405,16.536,11.432,0.6601,0.6401,0.3932,-0.7474,0.5155,0.4191,0.0656,-0.5705,0.8187,25.5,0.0014,7.976,7.973,0.1504,225.6,405.4,244.5,418.6,206.5,391.9,1081,0.243,12
1276,31.619,17.712,12.15,0.6618,0.6411,0.3885,-0.7279,0.4288,0.535,0.1764,-0.6369,0.7505,25.5,0.001,8.377,8.376,0.15898,226.8,404.2,245.1,415.2,208.2,392.9,1082,0.458,12
1277,32.837,18.891,12.859,0.6641,0.6422,0.3828,-0.6903,0.3293,0.6443,0.2877,-0.6921,0.662,25.5,0.0003,8.748,8.747,0.19477,228.1,403.0,245.3,411.5,210.5,394.3,1083,1.105,12
1278,34.058,20.071,13.558,0.6661,0.643,0.378,-0.6342,0.2196,0.7413,0.3937,-0.7335,0.554,25.5,0.001,8.998,8.994,0.16411,229.3,401.8,245.1,407.6,213.2,395.9,1083,0.732,12
1279,35.284,21.253,14.248,0.668,0.6436,0.3736,-0.5611,0.1032,0.8213,0.49,-0.7582,0.4301,25.5,0.0016,9.112,9.122,0.15067,230.6,400.6,244.4,403.4,216.4,397.6,1084,0.132,12
1280,36.512,22.436,14.93,0.6699,0.644,0.3694,-0.4732,-0.0163,0.8808,0.5733,-0.7649,0.2938,25.5,0.0021,9.17,9.168,0.14433,231.8,399.4,243.4,399.2,220.0,399.5,1085,0.42,12
1281,37.744,23.619,15.605,0.6718,0.6443,0.3654,-0.3735,-0.135,0.9177,0.6406,-0.7531,0.15,25.5,0.0026,9.131,9.14,0.13846,233.1,398.2,242.1,395.1,223.8,401.4,1086,0.925,12
1282,38.98,24.802,16.273,0.6738,0.6444,0.3617,-0.2662,-0.2488,0.9312,0.6901,-0.7237,0.0039,25.5,0.0029,9.007,9.005,0.13122,234.3,397.0,240.6,391.0,227.9,403.1,1086,0.912,12
1283,40.22,25.986,16.934,0.6757,0.6442,0.3583,-0.1558,-0.3541,0.9221,0.7209,-0.679,-0.1389,25.5,0.003,8.762,8.766,0.12163,235.6,395.8,239.0,387.1,232.1,404.7,1087,0.455,12
1284,41.463,27.169,17.589,0.6777,0.6439,0.3552,-0.0472,-0.4476,0.893,0.734,-0.6219,-0.2729,25.5,0.003,8.387,8.386,0.11545,236.9,394.6,237.5,383.5,236.2,405.9,1088,0.046,12
1285,42.709,28.351,18.239,0.6796,0.6434,0.3525,0.0552,-0.5273,0.8479,0.7314,-0.5567,-0.3938,25.5,0.0029,7.878,7.877,0.10415,238.1,393.4,236.2,380.3,240.1,406.8,1089,0.314,12
1286,43.959,29.532,18.884,0.6814,0.6427,0.3502,0.1479,-0.5924,0.7919,0.7165,-0.4878,-0.4988,25.5,0.0026,7.251,7.245,0.09368,239.4,392.2,235.2,377.4,243.8,407.3,1090,0.625,12
1287,45.212,30.712,19.526,0.6831,0.6419,0.3484,0.2294,-0.6438,0.73,0.6929,-0.4187,-0.587,25.5,0.0022,6.564,6.565,0.08116,240.7,391.0,234.4,374.8,247.2,407.4,1091,0.885,12
1288,46.468,31.89,20.164,0.6847,0.641,0.3468,0.2988,-0.683,0.6665,0.6641,-0.3527,-0.6592,25.5,0.0021,5.845,5.841,0.07595,242.0,389.7,233.9,372.6,250.2,407.2,1091,0.952,12
1289,47.728,33.066,20.8,0.6864,0.6403,0.3448,0.3546,-0.7111,0.6071,0.6339,-0.2944,-0.7152,25.5,0.0026,4.946,4.941,0.08473,243.3,388.5,233.8,370.6,252.9,406.8,1092,0.743,12
1290,48.99,34.241,21.432,0.6883,0.6386,0.344,0.3967,-0.7304,0.556,0.6064,-0.2462,-0.7561,25.5,0.0021,3.951,3.952,0.08335,244.6,387.3,234.0,368.9,255.3,406.1,1093,0.588,12
1291,50.256,35.411,22.065,0.6911,0.6349,0.3453,0.4276,-0.7433,0.5145,0.5833,-0.2079,-0.7852,25.5,0.0013,3.058,3.056,0.15033,245.9,386.1,234.5,367.4,257.4,405.2,1094,0.486,12
1292,51.528,36.577,22.695,0.6931,0.6349,0.3413,0.4492,-0.7518,0.4827,0.5631,-0.1813,-0.8063,25.5,0.0012,2.264,2.256,0.13954,247.2,385.0,235.3,365.9,259.2,404.2,1095,0.441,12
1293,52.802,37.742,23.321,0.6942,0.634,0.3408,0.4633,-0.7574,0.4601,0.5498,-0.1615,-0.8195,25.5,0.0018,1.562,1.56,0.04699,248.5,383.8,236.3,364.6,260.9,403.2,1096,0.455,12
1294,54.078,38.906,23.948,0.6948,0.6323,0.3426,0.4714,-0.7614,0.445,0.5423,-0.1477,-0.8271,25.5,0.0014,1.0,1.008,0.07943,249.8,382.6,237.4,363.3,262.4,402.1,1097,0.53,12
1295,55.355,40.065,24.581,0.6952,0.6298,0.3464,0.4748,-0.7646,0.4359,0.5394,-0.1386,-0.8306,25.5,0.0005,0.583,0.586,0.14243,251.1,381.4,238.6,362.0,263.8,401.0,1098,0.667,12
1296,56.632,41.22,25.222,0.6954,0.6264,0.3522,0.4746,-0.7676,0.4308,0.5401,-0.1324,-0.8311,25.5,0.0009,0.359,0.339,0.20976,252.4,380.2,239.9,360.7,265.1,399.9,1100,0.702,12
1297,57.91,42.366,25.876,0.6954,0.6215,0.3607,0.4719,-0.7709,0.4279,0.544,-0.1274,-0.8294,25.5,0.0034,0.376,0.295,0.30601,253.8,379.0,241.3,359.5,266.4,398.8,1101,0.366,12
1298,59.186,43.503,26.547,0.6949,0.6175,0.3686,0.4675,-0.7749,0.4255,0.5484,-0.1233,-0.8271,25.5,0.0032,0.369,0.367,0.27674,255.1,377.8,242.7,358.2,267.6,397.8,1102,0.038,13
1299,60.462,44.634,27.23,0.6946,0.6141,0.3747,0.4621,-0.7794,0.4231,0.5518,-0.1207,-0.8252,25.5,0.0009,0.268,0.426,0.21805,256.4,376.7,244.1,356.9,268.8,396.7,1103,0.503,13
1300,61.738,45.759,27.922,0.6949,0.6109,0.3794,0.4563,-0.784,0.4209,0.5546,-0.1193,-0.8235,25.5,0.0022,0.204,0.442,0.17761,257.7,375.5,245.6,355.6,270.0,395.7,1105,0.219,13
1301,63.015,46.878,28.623,0.6956,0.6078,0.383,0.4503,-0.7885,0.419,0.5566,-0.119,-0.8222,25.5,0.0055,0.138,0.443,0.14978,259.0,374.4,247.1,354.3,271.2,394.6,1106,0.453,13
1302,64.294,47.992,29.328,0.6968,0.6049,0.3854,0.4448,-0.7924,0.4175,0.5579,-0.1195,-0.8212,25.5,0.0085,0.098,0.396,0.12325,260.4,373.2,248.5,353.1,272.4,393.6,1108,0.126,13
1303,65.575,49.1,30.038,0.6986,0.602,0.3867,0.4401,-0.7954,0.4166,0.5584,-0.1208,-0.8207,25.5,0.0103,0.085,0.324,0.11393,261.7,372.1,249.9,351.9,273.6,392.5,1110,0.047,13
1304,66.86,50.204,30.749,0.6996,0.5991,0.3894,0.4369,-0.7973,0.4165,0.56,-0.1213,-0.8196,25.5,0.0098,0.115,0.213,0.12746,263.0,370.9,251.3,350.7,274.8,391.4,1112,0.023,13
1305,68.143,51.301,31.473,0.6978,0.5954,0.3982,0.4352,-0.7978,0.4172,0.5661,-0.1178,-0.8159,25.5,0.0052,0.455,0.109,0.30305,264.4,369.8,252.7,349.5,276.1,390.3,1114,0.174,13
1306,69.425,52.392,32.209,0.6978,0.5922,0.4028,0.4348,-0.7974,0.4185,0.5691,-0.1169,-0.8139,25.5,0.0002,0.213,0.081,0.17479,265.7,368.7,254.0,348.4,277.5,389.2,1116,0.356,13
1307,70.708,53.477,32.95,0.6999,0.5896,0.4032,0.4351,-0.7963,0.4203,0.5689,-0.1187,-0.8138,25.5,0.0045,0.104,0.122,0.10497,267.0,367.5,255.4,347.3,278.8,388.0,1119,0.38,13
1308,71.997,54.558,33.688,0.7037,0.5875,0.3995,0.4358,-0.7949,0.4222,0.5656,-0.123,-0.8154,25.5,0.0083,0.324,0.141,0.17794,268.4,366.4,256.7,346.2,280.2,386.8,1121,0.327,13
1309,73.294,55.635,34.415,0.7092,0.586,0.3921,0.4365,-0.7935,0.4241,0.5597,-0.1297,-0.8185,25.5,0.0109,0.541,0.141,0.29136,269.7,365.3,258.0,345.1,281.6,385.7,1123,0.383,13
1310,74.602,56.71,35.126,0.7158,0.5849,0.3814,0.4366,-0.7925,0.4259,0.5514,-0.1384,-0.8227,25.5,0.0114,0.73,0.118,0.39371,271.1,364.2,259.3,344.0,283.0,384.5,1124,0.456,13
1311,75.923,57.783,35.815,0.7227,0.5841,0.3694,0.4358,-0.7922,0.4272,0.5422,-0.1478,-0.8271,25.5,0.01,0.795,0.089,0.43277,272.5,363.0,260.7,342.9,284.4,383.4,1126,0.149,13
1312,77.255,58.856,36.487,0.7269,0.5832,0.3626,0.4338,-0.7929,0.428,0.5371,-0.1538,-0.8294,25.5,0.0081,0.47,0.13,0.25085,273.9,361.9,262.1,341.8,285.7,382.3,1128,0.309,13
1313,78.594,59.926,37.148,0.7306,0.5821,0.357,0.4308,-0.7943,0.4283,0.5329,-0.1591,-0.8311,25.5,0.0053,0.4,0.19,0.21205,275.3,360.8,263.6,340.6,287.0,381.2,1129,0.354,13
1314,79.939,60.995,37.799,0.7339,0.5809,0.3521,0.4272,-0.7962,0.4284,0.5292,-0.164,-0.8325,25.5,0.0018,0.361,0.233,0.18805,276.7,359.7,265.1,339.5,288.4,380.2,1131,0.289,13
1315,81.29,62.06,38.441,0.7372,0.5794,0.3476,0.4232,-0.7984,0.4283,0.5257,-0.1686,-0.8338,25.5,0.0017,0.339,0.262,0.18022,278.1,358.6,266.6,338.3,289.7,379.1,1132,0.349,13
1316,82.648,63.123,39.076,0.7405,0.5777,0.3434,0.4191,-0.8006,0.4282,0.5223,-0.1732,-0.835,25.5,0.0051,0.335,0.267,0.17483,279.5,357.5,268.1,337.1,291.0,378.1,1134,0.374,13
1317,84.012,64.183,39.703,0.7441,0.5756,0.3392,0.4151,-0.8027,0.4283,0.5188,-0.1779,-0.8362,25.5,0.0079,0.343,0.259,0.1845,280.9,356.4,269.6,336.0,292.3,377.0,1135,0.232,13
1318,85.382,65.238,40.322,0.7481,0.573,0.3348,0.4115,-0.8043,0.4287,0.5149,-0.1829,-0.8375,25.5,0.0095,0.371,0.227,0.20245,282.3,355.3,271.1,334.8,293.7,376.0,1137,0.537,13
1319,86.76,66.287,40.932,0.7528,0.5696,0.3299,0.4087,-0.8053,0.4294,0.5103,-0.1885,-0.8391,25.5,0.0094,0.425,0.175,0.23696,283.8,354.2,272.6,333.7,295.1,374.9,1138,0.028,13
1320,88.148,67.329,41.534,0.7578,0.5646,0.3271,0.4069,-0.8055,0.4308,0.5067,-0.1934,-0.8402,25.5,0.0055,0.354,0.131,0.23717,285.2,353.1,274.1,332.6,296.5,373.8,1139,0.498,13
1321,89.543,68.361,42.135,0.762,0.5591,0.3267,0.4062,-0.8048,0.4327,0.5049,-0.197,-0.8404,25.5,0.0009,0.231,0.123,0.21624,286.7,352.0,275.6,331.6,297.9,372.7,1141,0.386,14
1322,90.948,69.384,42.73,0.7681,0.5545,0.3203,0.4065,-0.8034,0.4351,0.4986,-0.204,-0.8425,25.5,0.0061,0.553,0.16,0.31088,288.2,350.9,277.0,330.5,299.4,371.6,1142,0.071,14
1323,92.366,70.399,43.308,0.7761,0.551,0.3067,0.4076,-0.8014,0.4377,0.487,-0.2147,-0.8466,25.5,0.009,0.934,0.198,0.5042,289.6,349.9,278.5,329.5,301.0,370.5,1143,0.471,14
1324,93.8,71.409,43.852,0.7859,0.5489,0.2846,0.4093,-0.7991,0.4404,0.4691,-0.2296,-0.8528,25.5,0.0084,1.381,0.225,0.75706,291.1,348.8,279.9,328.5,302.5,369.4,1145,0.674,14
1325,95.254,72.416,44.347,0.7971,0.5482,0.2532,0.4115,-0.7966,0.4429,0.4445,-0.2488,-0.8605,25.5,0.0035,1.842,0.239,1.04024,292.7,347.8,281.3,327.5,304.1,368.2,1146,0.408,14
1326,96.727,73.422,44.782,0.807,0.5471,0.2222,0.4141,-0.794,0.445,0.4199,-0.2672,-0.8673,25.5,0.0013,1.803,0.243,1.01576,294.2,346.7,282.8,326.6,305.7,367.1,1147,0.208,14
1327,98.219,74.424,45.162,0.8175,0.5433,0.1913,0.4167,-0.7916,0.4468,0.3942,-0.2856,-0.8735,25.5,0.004,1.846,0.227,1.02501,295.7,345.7,284.3,325.6,307.4,366.0,1148,0.082,14
1328,99.73,75.416,45.485,0.8283,0.5368,0.1604,0.4193,-0.7895,0.4481,0.3672,-0.3039,-0.8791,25.5,0.0046,1.896,0.205,1.04117,297.3,344.6,285.8,324.6,309.0,364.9,1149,0.039,14
1329,101.261,76.395,45.754,0.8384,0.5285,0.1334,0.4215,-0.7879,0.449,0.3424,-0.3202,-0.8833,25.5,0.0031,1.717,0.164,0.93592,298.9,343.6,287.3,323.6,310.7,363.8,1150,0.085,14
1330,102.809,77.358,45.978,0.8466,0.5211,0.1088,0.4232,-0.7867,0.4493,0.3197,-0.3343,-0.8866,25.5,0.0028,1.543,0.12,0.84119,300.5,342.6,288.8,322.7,312.3,362.8,1151,0.213,14
1331,104.37,78.31,46.154,0.8534,0.5146,0.0835,0.4243,-0.7862,0.4492,0.2968,-0.3479,-0.8893,25.5,0.005,1.534,0.069,0.84196,302.1,341.6,290.4,321.7,314.0,361.8,1152,0.409,14
1332,105.944,79.248,46.286,0.8601,0.5065,0.0603,0.4248,-0.7863,0.4487,0.2747,-0.3603,-0.8915,25.5,0.0058,1.457,0.041,0.7945,303.7,340.7,292.0,320.7,315.6,360.8,1153,0.661,14
1333,107.53,80.169,46.376,0.8673,0.4963,0.0377,0.4247,-0.7868,0.4479,0.252,-0.3725,-0.8932,25.5,0.0053,1.48,0.054,0.80542,305.4,339.7,293.6,319.8,317.3,359.9,1154,0.955,14
1334,109.131,81.069,46.424,0.8753,0.4833,0.0141,0.424,-0.7877,0.447,0.2272,-0.3853,-0.8944,25.5,0.0033,1.601,0.083,0.87677,307.0,338.8,295.3,318.8,318.9,359.0,1154,0.883,14
1335,110.746,81.944,46.426,0.8829,0.4695,-0.0122,0.4227,-0.7888,0.4461,0.1998,-0.399,-0.8949,25.5,0.0026,1.756,0.11,0.95644,308.7,337.9,297.0,317.9,320.6,358.1,1155,0.56,14
1336,112.373,82.794,46.379,0.8892,0.456,-0.0386,0.421,-0.7903,0.4453,0.1725,-0.4122,-0.8946,25.5,0.0032,1.738,0.138,0.94559,310.3,337.0,298.7,317.0,322.2,357.3,1156,0.222,14
1337,114.012,83.618,46.284,0.8951,0.4412,-0.0648,0.4187,-0.7919,0.4445,0.1448,-0.425,-0.8935,25.5,0.0034,1.75,0.167,0.95649,312.0,336.2,300.4,316.1,323.8,356.5,1157,0.121,14
1338,115.661,84.413,46.141,0.9008,0.4246,-0.0913,0.416,-0.7937,0.4439,0.116,-0.4378,-0.8915,25.5,0.0028,1.81,0.189,0.99157,313.7,335.4,302.1,315.3,325.4,355.7,1158,0.456,14
1339,117.321,85.176,45.948,0.9061,0.4057,-0.12,0.4127,-0.7956,0.4435,0.0845,-0.4513,-0.8884,25.5,0.002,1.972,0.219,1.0847,315.4,334.6,303.9,314.5,327.0,355.0,1159,0.775,14
1340,118.989,85.903,45.699,0.9102,0.3856,-0.151,0.4091,-0.7976,0.4433,0.0505,-0.4653,-0.8837,25.5,0.0021,2.124,0.236,1.15979,317.1,333.9,305.7,313.7,328.7,354.3,1159,1.062,14
1341,120.664,86.592,45.393,0.9134,0.3641,-0.1822,0.405,-0.7996,0.4434,0.0157,-0.4788,-0.8778,25.5,0.002,2.165,0.261,1.18621,318.8,333.2,307.5,313.0,330.3,353.6,1160,0.762,14
1342,122.344,87.24,45.029,0.9154,0.3414,-0.2134,0.4006,-0.8016,0.4438,-0.0196,-0.4918,-0.8705,25.5,0.0017,2.196,0.278,1.20529,320.5,332.5,309.3,312.3,331.8,353.0,1161,0.485,14
1343,124.026,87.844,44.607,0.9159,0.3161,-0.2473,0.3958,-0.8035,0.4446,-0.0581,-0.5051,-0.8611,25.5,0.0014,2.395,0.299,1.3198,322.2,331.9,311.1,311.6,333.4,352.5,1162,0.235,14
1344,125.708,88.4,44.121,0.9148,0.2892,-0.2821,0.3907,-0.8053,0.4458,-0.0983,-0.5181,-0.8497,25.5,0.0012,2.507,0.317,1.37264,323.9,331.4,312.9,311.0,335.0,352.0,1163,0.018,14
1345,127.385,88.906,43.57,0.9118,0.2609,-0.3169,0.3855,-0.8069,0.4475,-0.139,-0.5302,-0.8364,25.5,0.0008,2.55,0.327,1.40258,325.5,330.9,314.7,310.5,336.5,351.5,1164,0.178,14
1346,129.056,89.358,42.956,0.907,0.2309,-0.3522,0.3801,-0.8083,0.4495,-0.1809,-0.5416,-0.8209,25.5,0.0002,2.642,0.34,1.45313,327.2,330.5,316.5,310.1,338.1,351.1,1165,0.337,14
1347,130.715,89.753,42.275,0.8994,0.1986,-0.3893,0.3748,-0.8095,0.452,-0.2254,-0.5525,-0.8025,25.5,0.0004,2.829,0.343,1.55293,328.9,330.1,318.3,309.7,339.6,350.8,1166,0.463,14
1348,132.358,90.086,41.525,0.8887,0.164,-0.4281,0.3697,-0.8102,0.4548,-0.2723,-0.5625,-0.7807,25.5,0.001,3.018,0.336,1.65611,330.5,329.8,320.0,309.4,341.1,350.5,1167,0.557,14
1349,133.978,90.353,40.702,0.875,0.1264,-0.4673,0.365,-0.8106,0.4579,-0.3209,-0.5712,-0.7554,25.5,0.0029,3.179,0.323,1.74794,332.1,329.6,321.7,309.2,342.6,350.2,1168,0.617,14
1350,135.571,90.551,39.809,0.858,0.0894,-0.5058,0.361,-0.8106,0.4611,-0.3688,-0.5782,-0.7278,25.5,0.004,3.193,0.293,1.74847,333.6,329.4,323.4,309.0,344.0,350.1,1169,0.641,14
1351,137.128,90.683,38.845,0.8378,0.054,-0.5433,0.3577,-0.8103,0.4642,-0.4151,-0.5832,-0.6982,25.5,0.0037,3.162,0.26,1.72812,335.2,329.3,325.0,309.0,345.5,350.0,1170,0.631,14
1352,138.648,90.747,37.815,0.8155,0.0165,-0.5786,0.3554,-0.8097,0.4671,-0.4608,-0.5865,-0.6661,25.5,0.0062,3.206,0.215,1.75102,336.6,329.3,326.5,309.0,346.9,349.9,1171,0.585,14
1353,140.121,90.744,36.719,0.7881,-0.0194,-0.6153,0.3542,-0.8089,0.4694,-0.5068,-0.5878,-0.6306,25.5,0.006,3.33,0.156,1.81568,338.0,329.4,327.9,309.1,348.3,349.9,1172,0.505,14
1354,141.54,90.676,35.554,0.7565,-0.0562,-0.6515,0.3542,-0.808,0.4708,-0.5529,-0.587,-0.5914,25.5,0.0066,3.468,0.095,1.88858,339.4,329.5,329.3,309.2,349.7,350.0,1173,0.391,14
1355,142.899,90.54,34.327,0.7233,-0.091,-0.6846,0.3556,-0.8071,0.4712,-0.5954,-0.5843,-0.5514,25.5,0.0081,3.348,0.098,1.82176,340.7,329.7,330.5,309.5,351.0,350.2,1174,0.245,14
1356,144.195,90.345,33.04,0.6867,-0.1198,-0.717,0.3582,-0.8065,0.4703,-0.6346,-0.5798,-0.511,25.5,0.0054,3.236,0.161,1.77012,341.9,330.0,331.7,309.8,352.3,350.4,1175,0.069,14
1357,145.42,90.096,31.695,0.6474,-0.1517,-0.7469,0.3619,-0.8063,0.4679,-0.6732,-0.5732,-0.4671,25.5,0.0071,3.371,0.253,1.83434,343.0,330.3,332.7,310.1,353.5,350.7,1176,0.138,14
1358,146.572,89.793,30.298,0.6072,-0.1771,-0.7746,0.3664,-0.8066,0.4639,-0.7069,-0.5655,-0.4248,25.5,0.006,3.13,0.345,1.7171,344.1,330.7,333.7,310.5,354.7,351.1,1177,0.372,14
1359,147.652,89.451,28.851,0.5684,-0.1949,-0.7994,0.3715,-0.8073,0.4585,-0.7347,-0.5575,-0.3865,25.5,0.002,2.75,0.427,1.54014,345.1,331.1,334.5,310.9,355.7,351.5,1178,0.631,14
1360,148.659,89.074,27.363,0.5286,-0.2151,-0.8212,0.3767,-0.8086,0.4519,-0.7612,-0.5482,-0.3464,25.5,0.002,2.805,0.487,1.54987,346.0,331.6,335.3,311.3,356.8,352.0,1180,0.615,14
1361,149.593,88.664,25.836,0.4885,-0.2308,-0.8415,0.3816,-0.8103,0.4448,-0.7845,-0.5384,-0.3078,25.5,0.0009,2.644,0.504,1.48537,346.8,332.0,336.0,311.8,357.7,352.6,1181,0.288,14
1362,150.457,88.23,24.274,0.4519,-0.2395,-0.8593,0.3857,-0.8121,0.438,-0.8027,-0.5294,-0.2747,25.5,0.0076,2.225,0.466,1.29851,347.5,332.6,336.7,312.3,358.5,353.1,1182,0.058,14
1363,151.257,87.784,22.682,0.4207,-0.2471,-0.8729,0.3887,-0.8137,0.4322,-0.8172,-0.5211,-0.2464,25.5,0.0127,1.883,0.385,1.08789,348.2,333.1,337.3,312.8,359.2,353.7,1183,0.42,14
1364,152.006,87.32,21.071,0.3962,-0.2594,-0.8808,0.3905,-0.8151,0.4279,-0.829,-0.5135,-0.2216,25.5,0.0107,1.633,0.279,0.88997,348.8,333.6,337.9,313.3,359.9,354.3,1185,0.657,14
1365,152.715,86.828,19.448,0.3756,-0.2763,-0.8847,0.3913,-0.8158,0.4258,-0.8394,-0.5061,-0.1983,25.5,0.0043,1.522,0.135,0.83995,349.4,334.2,338.4,313.9,360.5,354.8,1186,0.265,14
1366,153.387,86.304,17.822,0.3555,-0.2923,-0.8878,0.3909,-0.8157,0.4264,-0.8488,-0.4986,-0.1757,25.5,0.0012,1.467,0.042,0.80728,349.9,334.8,339.0,314.5,361.0,355.4,1187,0.132,14
1367,154.021,85.757,16.187,0.3353,-0.3035,-0.8919,0.3895,-0.8147,0.4296,-0.857,-0.4914,-0.1549,25.5,0.0053,1.346,0.208,0.73178,350.4,335.5,339.5,315.2,361.5,356.0,1188,0.53,14
1368,154.62,85.187,14.547,0.3169,-0.3176,-0.8937,0.3875,-0.813,0.4346,-0.8646,-0.484,-0.1346,25.5,0.0074,1.312,0.324,0.72527,350.9,336.1,340.0,315.9,361.9,356.6,1190,0.508,14
1369,155.186,84.588,12.905,0.2996,-0.3349,-0.8934,0.3852,-0.8109,0.4406,-0.872,-0.4761,-0.1139,25.5,0.0067,1.338,0.387,0.76325,351.3,336.8,340.5,316.6,362.3,357.2,1191,0.11,14
1370,155.72,83.955,11.266,0.2827,-0.3556,-0.8909,0.383,-0.8086,0.4465,-0.8792,-0.4674,-0.0924,25.5,0.002,1.391,0.384,0.83718,351.7,337.5,340.9,317.4,362.6,357.9,1192,0.287,14
1371,156.226,83.28,9.634,0.2678,-0.3782,-0.8861,0.3813,-0.8066,0.4518,-0.8856,-0.4588,-0.0717,25.5,0.0068,1.336,0.339,0.85765,352.1,338.3,341.3,318.3,362.9,358.5,1193,0.682,14
1372,156.702,82.568,8.009,0.2511,-0.3963,-0.8831,0.3801,-0.8047,0.456,-0.8915,-0.4502,-0.0514,25.5,0.0117,1.308,0.273,0.77393,352.4,339.1,341.7,319.1,363.2,359.3,1195,0.364,14
1373,157.147,81.828,6.389,0.2324,-0.4092,-0.8823,0.3793,-0.8032,0.4594,-0.8967,-0.4414,-0.0315,25.5,0.0115,1.282,0.218,0.70918,352.7,339.9,342.0,320.0,363.5,360.0,1196,0.039,14
1374,157.555,81.068,4.767,0.2123,-0.417,-0.8838,0.3789,-0.802,0.4617,-0.9014,-0.4329,-0.0123,25.5,0.0068,1.233,0.15,0.67422,353.0,340.7,342.3,320.9,363.8,360.8,1197,0.443,14
1375,157.926,80.299,3.141,0.1915,-0.42,-0.8871,0.3788,-0.8012,0.4632,-0.9053,-0.4247,0.0057,25.5,0.0019,1.155,0.098,0.6636,353.2,341.6,342.6,321.8,364.0,361.6,1199,0.548,14
1376,158.257,79.518,1.512,0.1692,-0.4306,-0.8865,0.3789,-0.8009,0.4637,-0.9097,-0.4144,0.0277,25.5,0.0021,1.414,0.034,0.77058,353.4,342.4,342.7,322.6,364.2,362.5,1200,0.103,14
1377,158.551,78.719,-0.116,0.1518,-0.4382,-0.886,0.3793,-0.8011,0.4631,-0.9126,-0.4064,0.0446,25.5,0.0017,1.084,0.043,0.59241,353.5,343.3,342.9,323.5,364.3,363.3,1201,0.363,14
1378,158.817,77.91,-1.744,0.1378,-0.4424,-0.8861,0.3799,-0.802,0.461,-0.9146,-0.4001,0.0576,25.5,0.0013,0.836,0.135,0.4559,353.7,344.2,343.0,324.4,364.4,364.2,1203,0.484,14
1379,159.059,77.096,-3.372,0.1258,-0.444,-0.8872,0.3806,-0.8037,0.4573,-0.9161,-0.3952,0.0679,25.5,0.001,0.659,0.237,0.37913,353.8,345.0,343.1,325.2,364.5,365.1,1204,0.053,14
1380,159.28,76.281,-5.004,0.1149,-0.4427,-0.8893,0.3815,-0.8065,0.4517,-0.9172,-0.3911,0.0762,25.5,0.0008,0.534,0.362,0.34861,353.8,345.9,343.2,326.0,364.6,366.1,1205,0.6,14
1381,159.481,75.471,-6.64,0.1038,-0.4384,-0.8927,0.3824,-0.8104,0.4439,-0.9181,-0.3875,0.0835,25.5,0.0013,0.469,0.502,0.38622,353.9,346.8,343.2,326.8,364.7,367.1,1207,0.054,14
1382,159.649,74.655,-8.277,0.0806,-0.4482,-0.8903,0.3835,-0.8154,0.4336,-0.9204,-0.3764,0.1062,25.5,0.0103,1.454,0.659,0.78915,353.9,347.7,343.3,327.6,364.7,368.1,1208,0.577,14
1383,159.781,73.831,-9.913,0.0637,-0.4473,-0.8921,0.3847,-0.8217,0.4205,-0.9213,-0.37,0.1198,25.5,0.0169,0.863,0.836,0.53096,353.9,348.6,343.3,328.3,364.7,369.1,1210,0.082,14
1384,159.888,73.02,-11.558,0.0545,-0.433,-0.8998,0.3859,-0.8292,0.4044,-0.9213,-0.3693,0.1219,25.5,0.0162,0.127,1.02,0.58228,353.9,349.4,343.2,329.0,364.6,370.2,1212,0.309,14
1385,159.987,72.252,-13.223,0.0554,-0.4005,-0.9146,0.3872,-0.8378,0.3848,-0.9204,-0.3755,0.1086,25.5,0.0051,0.842,1.229,1.11435,353.8,350.3,343.2,329.6,364.5,371.2,1213,0.45,14
1386,160.085,71.559,-14.921,0.0493,-0.3549,-0.9336,0.3885,-0.8473,0.3622,-0.9197,-0.3806,0.0961,25.5,0.0183,0.775,1.407,1.55312,353.8,351.0,343.2,330.1,364.5,372.2,1215,0.192,14
1387,160.167,70.933,-16.646,0.0397,-0.3336,-0.9419,0.3894,-0.8556,0.3412,-0.9198,-0.3804,0.0959,25.5,0.0205,0.017,1.295,0.77349,353.7,351.7,343.2,330.5,364.3,373.1,1217,0.044,14
1388,160.233,70.31,-18.372,0.0334,-0.3486,-0.9367,0.3895,-0.8606,0.328,-0.9205,-0.3758,0.107,25.5,0.0058,0.69,0.809,0.53281,353.6,352.4,343.1,331.1,364.2,373.9,1219,0.251,14
1389,160.294,69.689,-20.099,0.0319,-0.3322,-0.9427,0.3887,-0.8612,0.3274,-0.9207,-0.3769,0.1017,25.5,0.0101,0.31,0.067,0.54677,353.5,353.1,343.0,331.8,364.1,374.6,1220,0.523,14
1390,160.348,69.078,-21.831,0.0257,-0.3359,-0.9415,0.3874,-0.8582,0.3369,-0.9213,-0.3735,0.1081,25.5,0.019,0.417,0.576,0.22827,353.4,353.8,343.0,332.6,364.0,375.2,1222,0.13,14
1391,160.386,68.444,-23.555,0.0149,-0.3563,-0.9343,0.3858,-0.8527,0.3522,-0.9223,-0.3658,0.1248,25.5,0.0195,1.055,0.936,0.75424,353.3,354.4,342.9,333.4,363.9,375.7,1224,0.504,14
1392,160.399,67.757,-25.258,-0.0024,-0.3963,-0.9181,0.3843,-0.8461,0.3693,-0.9232,-0.352,0.1543,25.5,0.0047,1.867,1.054,1.45057,353.2,355.2,342.8,334.4,363.7,376.2,1225,0.004,14
1393,160.384,67.001,-26.932,-0.0137,-0.4259,-0.9047,0.3832,-0.8397,0.3847,-0.9235,-0.3414,0.1747,25.5,0.0043,1.317,0.958,1.07313,353.0,356.0,342.6,335.4,363.6,376.8,1226,0.414,14
1394,160.346,66.195,-28.582,-0.0283,-0.4505,-0.8923,0.3827,-0.8337,0.3981,-0.9233,-0.3302,0.196,25.5,0.0095,1.379,0.842,0.97269,352.8,356.8,342.4,336.4,363.4,377.5,1227,0.741,14
1395,160.28,65.352,-30.212,-0.0442,-0.4669,-0.8832,0.3824,-0.8282,0.4096,-0.9228,-0.3196,0.2152,25.5,0.008,1.257,0.731,0.76715,352.6,357.7,342.2,337.4,363.2,378.2,1229,0.728,14
1396,160.185,64.485,-31.828,-0.0583,-0.4772,-0.8769,0.3825,-0.8232,0.4196,-0.9221,-0.3109,0.2305,25.5,0.0026,1.009,0.641,0.57909,352.4,358.6,342.0,338.5,363.0,379.0,1230,0.697,14
1397,160.068,63.596,-33.432,-0.0688,-0.4898,-0.8691,0.3828,-0.8185,0.4284,-0.9212,-0.3032,0.2438,25.5,0.0022,0.882,0.572,0.56651,352.1,359.6,341.7,339.6,362.7,379.8,1231,0.772,15
1398,159.932,62.686,-35.021,-0.08,-0.5009,-0.8618,0.3832,-0.8142,0.4361,-0.9201,-0.2954,0.2571,25.5,0.0013,0.886,0.506,0.54198,351.9,360.5,341.4,340.6,362.5,380.6,1232,0.956,15
1399,159.773,61.756,-36.598,-0.0927,-0.5114,-0.8543,0.384,-0.8101,0.443,-0.9187,-0.287,0.2715,25.5,0.0002,0.959,0.462,0.56475,351.6,361.5,341.1,341.7,362.2,381.5,1232,0.881,15
1400,159.59,60.807,-38.16,-0.1075,-0.5219,-0.8462,0.385,-0.8062,0.4493,-0.9167,-0.2774,0.2876,25.5,0.0008,1.08,0.428,0.6199,351.3,362.5,340.8,342.8,361.9,382.3,1233,0.588,15
1401,159.377,59.839,-39.705,-0.1236,-0.5327,-0.8372,0.3862,-0.8022,0.4554,-0.9142,-0.267,0.3049,25.5,0.0017,1.165,0.424,0.66682,350.9,363.5,340.4,343.9,361.6,383.2,1234,0.187,15
1402,159.137,58.851,-41.235,-0.1372,-0.5428,-0.8286,0.3877,-0.7981,0.4613,-0.9117,-0.258,0.3199,25.5,0.0022,1.012,0.421,0.59264,350.6,364.5,340.0,345.1,361.3,384.1,1235,0.322,15
1403,158.873,57.845,-42.749,-0.151,-0.5527,-0.8196,0.3895,-0.7938,0.467,-0.9088,-0.2487,0.3351,25.5,0.0028,1.034,0.422,0.59955,350.2,365.5,339.5,346.2,361.0,385.0,1236,0.935,15
1404,158.582,56.821,-44.246,-0.1654,-0.5627,-0.81,0.3915,-0.7895,0.4727,-0.9054,-0.2389,0.3509,25.5,0.0034,1.083,0.425,0.6235,349.8,366.5,339.1,347.4,360.6,386.0,1236,0.902,15
1405,158.264,55.778,-45.724,-0.181,-0.573,-0.7993,0.3939,-0.785,0.4782,-0.9014,-0.2283,0.3678,25.5,0.0037,1.166,0.43,0.67189,349.3,367.6,338.6,348.6,360.2,386.9,1237,0.188,15
1406,157.916,54.715,-47.181,-0.1976,-0.5838,-0.7875,0.3966,-0.7803,0.4836,-0.8968,-0.2167,0.3857,25.5,0.0037,1.25,0.438,0.71916,348.9,368.7,338.1,349.8,359.8,387.8,1238,0.623,15
1407,157.539,53.633,-48.617,-0.214,-0.5944,-0.7752,0.3996,-0.7754,0.4889,-0.8917,-0.2052,0.4034,25.5,0.0036,1.244,0.448,0.71987,348.4,369.8,337.5,351.0,359.4,388.8,1238,1.214,15
1408,157.13,52.532,-50.029,-0.2307,-0.6049,-0.7622,0.403,-0.7703,0.4941,-0.886,-0.1932,0.4215,25.5,0.0036,1.286,0.461,0.73695,347.9,370.9,336.9,352.3,359.0,389.8,1239,0.312,15
1409,156.691,51.411,-51.416,-0.2477,-0.6152,-0.7484,0.4067,-0.7651,0.4992,-0.8798,-0.1807,0.4397,25.5,0.0037,1.314,0.468,0.75487,347.3,372.0,336.3,353.5,358.5,390.8,1240,0.678,15
1410,156.22,50.272,-52.778,-0.265,-0.6253,-0.734,0.4107,-0.7598,0.504,-0.8728,-0.1679,0.4582,25.5,0.0037,1.35,0.469,0.76963,346.8,373.2,335.6,354.8,358.1,391.8,1240,1.16,15
1411,155.718,49.114,-54.112,-0.2821,-0.6354,-0.7188,0.4151,-0.7543,0.5087,-0.8654,-0.1549,0.4765,25.5,0.0035,1.354,0.485,0.78018,346.2,374.3,334.9,356.1,357.6,392.8,1241,0.09,15
1412,155.183,47.938,-55.417,-0.3001,-0.6453,-0.7025,0.4198,-0.7486,0.5131,-0.8571,-0.141,0.4956,25.5,0.0034,1.435,0.493,0.81809,345.5,375.5,334.2,357.4,357.1,393.8,1242,1.052,15
1413,154.615,46.743,-56.692,-0.319,-0.6551,-0.6849,0.4249,-0.7429,0.5173,-0.8477,-0.126,0.5153,25.5,0.0032,1.517,0.5,0.86171,344.9,376.7,333.4,358.8,356.5,394.9,1242,0.785,15
1414,154.011,45.531,-57.933,-0.339,-0.6646,-0.6659,0.4303,-0.737,0.5212,-0.8371,-0.1098,0.5358,25.5,0.0031,1.616,0.51,0.91012,344.2,377.9,332.6,360.1,356.0,395.9,1243,0.418,15
1415,153.369,44.302,-59.137,-0.3594,-0.6739,-0.6456,0.4361,-0.7311,0.5248,-0.8256,-0.0929,0.5566,25.5,0.0029,1.671,0.517,0.94347,343.5,379.1,331.7,361.5,355.4,397.0,1243,1.418,15
1416,152.691,43.056,-60.304,-0.3791,-0.6826,-0.6248,0.4421,-0.7251,0.528,-0.8134,-0.0761,0.5767,25.5,0.0025,1.656,0.52,0.93401,342.7,380.3,330.8,362.9,354.8,398.1,1244,0.163,15
1417,151.977,41.795,-61.432,-0.3983,-0.6906,-0.6036,0.4485,-0.719,0.5309,-0.8007,-0.0592,0.5961,25.5,0.0025,1.644,0.533,0.92651,342.0,381.6,329.9,364.3,354.2,399.1,1245,1.139,15
1418,151.228,40.52,-62.521,-0.4171,-0.6981,-0.582,0.4549,-0.713,0.5336,-0.7874,-0.0422,0.615,25.5,0.0025,1.644,0.526,0.92341,341.1,382.8,329.0,365.7,353.5,400.3,1245,0.698,15
1419,150.444,39.231,-63.57,-0.436,-0.705,-0.5593,0.4615,-0.7069,0.5359,-0.7733,-0.0245,0.6336,25.5,0.0026,1.678,0.532,0.9463,340.3,384.1,328.0,367.1,352.8,401.4,1246,0.648,15
1420,149.626,37.93,-64.575,-0.4553,-0.7116,-0.5351,0.4681,-0.701,0.538,-0.758,-0.0056,0.6523,25.5,0.0022,1.758,0.521,0.98736,339.4,385.4,326.9,368.5,352.1,402.5,1246,1.19,15
1421,148.772,36.617,-65.534,-0.4746,-0.7178,-0.5094,0.4747,-0.6951,0.5399,-0.7416,0.0144,0.6706,25.5,0.0014,1.815,0.519,1.02115,338.5,386.7,325.9,370.0,351.4,403.6,1247,0.202,15
1422,147.882,35.293,-66.446,-0.4937,-0.7233,-0.4828,0.4811,-0.6893,0.5417,-0.7246,0.0351,0.6883,25.5,0.0005,1.84,0.506,1.03585,337.6,388.0,324.8,371.4,350.6,404.8,1247,1.636,15
1423,146.959,33.96,-67.308,-0.512,-0.7281,-0.4558,0.4873,-0.6837,0.5433,-0.7072,0.056,0.7048,25.5,0.0007,1.823,0.487,1.02853,336.7,389.3,323.7,372.8,349.8,406.0,1248,0.196,15
1424,146.002,32.619,-68.12,-0.5302,-0.7319,-0.4281,0.4932,-0.6782,0.5448,-0.6891,0.0777,0.7205,25.5,0.0017,1.852,0.47,1.04076,335.7,390.6,322.6,374.3,348.9,407.1,1249,1.309,15
1425,145.012,31.272,-68.88,-0.5477,-0.7346,-0.4004,0.4988,-0.6728,0.5464,-0.6708,0.0996,0.7349,25.5,0.0023,1.832,0.455,1.02561,334.7,391.9,321.5,375.7,348.1,408.3,1249,0.529,15
1426,143.99,29.921,-69.591,-0.564,-0.7367,-0.3731,0.5039,-0.6676,0.548,-0.6528,0.1211,0.7478,25.5,0.0032,1.769,0.427,0.99408,333.6,393.2,320.3,377.1,347.1,409.5,1250,1.041,15
1427,142.94,28.567,-70.251,-0.5794,-0.7379,-0.3461,0.5087,-0.6626,0.5497,-0.635,0.1424,0.7593,25.5,0.0039,1.722,0.409,0.97036,332.6,394.5,319.2,378.6,346.2,410.7,1250,0.797,15
1428,141.862,27.211,-70.863,-0.5939,-0.7382,-0.32,0.5132,-0.6577,0.5514,-0.6175,0.1633,0.7694,25.5,0.0043,1.666,0.393,0.93146,331.5,395.8,318.0,380.0,345.2,411.9,1251,0.836,15
1429,140.759,25.855,-71.427,-0.6076,-0.7375,-0.2949,0.5173,-0.6529,0.5533,-0.6006,0.1836,0.7782,25.5,0.004,1.595,0.378,0.89228,330.4,397.1,316.8,381.4,344.2,413.1,1251,1.002,15
1430,139.631,24.502,-71.947,-0.6201,-0.7364,-0.2707,0.5211,-0.6483,0.5552,-0.5843,0.2032,0.7857,25.5,0.004,1.523,0.359,0.8504,329.3,398.4,315.6,382.8,343.2,414.3,1252,0.686,15
1431,138.482,23.151,-72.422,-0.6316,-0.7349,-0.2471,0.5246,-0.6437,0.5572,-0.5685,0.2223,0.7921,25.5,0.004,1.467,0.35,0.82027,328.1,399.7,314.4,384.3,342.1,415.5,1252,1.152,15
1432,137.312,21.803,-72.855,-0.6423,-0.7328,-0.2244,0.5279,-0.6393,0.5591,-0.5532,0.2407,0.7975,25.5,0.0039,1.406,0.333,0.78559,327.0,401.0,313.1,385.7,341.0,416.7,1253,0.581,15
1433,136.122,20.459,-73.247,-0.6523,-0.7304,-0.2025,0.5311,-0.6349,0.5611,-0.5384,0.2585,0.8021,25.5,0.0037,1.352,0.332,0.75477,325.8,402.3,311.9,387.1,339.9,417.9,1253,1.256,15
1434,134.916,19.12,-73.599,-0.6616,-0.7276,-0.1814,0.5341,-0.6307,0.563,-0.524,0.2757,0.8059,25.5,0.0034,1.304,0.315,0.72464,324.6,403.6,310.6,388.4,338.8,419.1,1254,0.51,15
1435,133.692,17.786,-73.914,-0.6703,-0.7244,-0.161,0.537,-0.6266,0.5648,-0.51,0.2922,0.809,25.5,0.003,1.253,0.306,0.69896,323.4,404.9,309.4,389.8,337.7,420.2,1254,1.328,15
1436,132.454,16.458,-74.191,-0.678,-0.7213,-0.1417,0.5399,-0.6226,0.5665,-0.4968,0.3076,0.8115,25.5,0.0028,1.171,0.299,0.65535,322.2,406.2,308.1,391.2,336.5,421.4,1255,0.456,15
1437,131.202,15.136,-74.435,-0.6847,-0.7183,-0.1234,0.5427,-0.6187,0.5681,-0.4844,0.322,0.8134,25.5,0.0027,1.094,0.29,0.6151,321.0,407.5,306.8,392.5,335.4,422.6,1255,1.381,15
1438,129.939,13.82,-74.645,-0.6907,-0.7154,-0.1061,0.5455,-0.6149,0.5695,-0.4727,0.3355,0.8149,25.5,0.0027,1.027,0.282,0.57829,319.8,408.7,305.5,393.9,334.2,423.8,1256,0.403,15
1439,128.665,12.508,-74.825,-0.6962,-0.7123,-0.0895,0.5482,-0.6112,0.5708,-0.4613,0.3484,0.816,25.5,0.0026,0.988,0.273,0.55398,318.5,410.0,304.3,395.2,333.0,425.0,1256,1.434,15
1440,127.381,11.204,-74.974,-0.702,-0.7084,-0.073,0.551,-0.6077,0.5719,-0.4495,0.3613,0.8169,25.5,0.0019,1.003,0.264,0.55898,317.3,411.2,303.0,396.6,331.8,426.2,1257,0.332,15
1441,126.087,9.906,-75.094,-0.7068,-0.7051,-0.0576,0.5538,-0.6042,0.5729,-0.4388,0.373,0.8175,25.5,0.0016,0.909,0.263,0.51361,316.0,412.5,301.6,397.9,330.6,427.3,1257,1.505,15
1442,124.785,8.613,-75.186,-0.7107,-0.7022,-0.0433,0.5567,-0.6008,0.5737,-0.4289,0.3836,0.8179,25.5,0.0014,0.831,0.26,0.47112,314.8,413.7,300.3,399.2,329.5,428.5,1258,0.229,15
1443,123.477,7.326,-75.253,-0.7138,-0.6997,-0.0299,0.5595,-0.5976,0.5744,-0.4198,0.3932,0.818,25.5,0.0016,0.758,0.247,0.43608,313.5,415.0,299.0,400.5,328.3,429.7,1258,1.608,15
1444,122.164,6.043,-75.297,-0.7161,-0.6978,-0.0175,0.5623,-0.5944,0.5749,-0.4115,0.4019,0.818,25.5,0.002,0.689,0.245,0.39782,312.3,416.2,297.7,401.8,327.1,430.8,1259,0.084,15
1445,120.846,4.763,-75.318,-0.7185,-0.6955,-0.0054,0.5651,-0.5913,0.5754,-0.4033,0.4104,0.8179,25.5,0.0021,0.677,0.241,0.39142,311.0,417.4,296.4,403.1,325.8,432.0,1260,1.724,15
1446,119.524,3.488,-75.316,-0.7218,-0.6921,0.0072,0.5679,-0.5883,0.5757,-0.3941,0.4196,0.8177,25.5,0.0014,0.746,0.236,0.41996,309.7,418.7,295.0,404.4,324.6,433.1,1260,0.113,15
1447,118.196,2.22,-75.292,-0.7242,-0.6893,0.0188,0.5707,-0.5853,0.5759,-0.386,0.4278,0.8173,25.5,0.001,0.661,0.235,0.37967,308.4,419.9,293.7,405.7,323.4,434.3,1261,1.467,15
1448,116.864,0.956,-75.248,-0.7258,-0.6872,0.0292,0.5736,-0.5825,0.576,-0.3788,0.4348,0.8169,25.5,0.0008,0.576,0.231,0.3347,307.2,421.1,292.4,406.9,322.2,435.4,1261,0.37,15
1449,115.53,-0.305,-75.185,-0.7267,-0.6858,0.0387,0.5764,-0.5796,0.576,-0.3726,0.441,0.8165,25.5,0.0009,0.503,0.231,0.3009,305.9,422.3,291.0,408.2,321.0,436.6,1262,1.14,15
1450,114.194,-1.564,-75.106,-0.727,-0.685,0.0473,0.5792,-0.5769,0.576,-0.3673,0.4462,0.8161,25.5,0.0013,0.426,0.223,0.26958,304.6,423.5,289.7,409.5,319.8,437.7,1262,0.697,15
1451,112.859,-2.822,-75.012,-0.7267,-0.6847,0.055,0.582,-0.5741,0.5759,-0.3628,0.4506,0.8157,25.5,0.0018,0.361,0.227,0.24053,303.3,424.7,288.4,410.7,318.6,438.9,1263,0.732,15
1452,111.525,-4.08,-74.904,-0.7261,-0.6848,0.0623,0.5847,-0.5714,0.5758,-0.3587,0.4545,0.8153,25.5,0.0026,0.325,0.219,0.22852,302.1,425.9,287.0,412.0,317.3,440.0,1263,1.105,15
1453,110.19,-5.335,-74.78,-0.7275,-0.6822,0.0726,0.5875,-0.5688,0.5756,-0.3514,0.4615,0.8146,25.5,0.0024,0.581,0.219,0.33421,300.8,427.1,285.7,413.3,316.1,441.2,1264,0.233,15
1454,108.853,-6.586,-74.639,-0.7283,-0.6804,0.0814,0.5902,-0.5661,0.5754,-0.3454,0.4671,0.8139,25.5,0.0022,0.472,0.219,0.28132,299.5,428.3,284.4,414.5,314.9,442.3,1265,1.471,15
1455,107.515,-7.835,-74.482,-0.7285,-0.6793,0.0888,0.5929,-0.5635,0.5752,-0.3407,0.4717,0.8133,25.5,0.0019,0.378,0.215,0.23347,298.2,429.5,283.0,415.8,313.7,443.5,1265,0.365,15
1456,106.177,-9.082,-74.313,-0.7281,-0.6789,0.0948,0.5956,-0.561,0.5749,-0.3372,0.4751,0.8128,25.5,0.0017,0.281,0.212,0.188,297.0,430.7,281.7,417.0,312.5,444.6,1266,0.768,15
1457,104.84,-10.33,-74.135,-0.7272,-0.6792,0.0995,0.5982,-0.5585,0.5747,-0.3348,0.4774,0.8124,25.5,0.0015,0.192,0.207,0.14955,295.7,431.9,280.4,418.3,311.3,445.8,1266,1.069,15
1458,103.506,-11.578,-73.948,-0.7258,-0.6801,0.103,0.6007,-0.5561,0.5744,-0.3334,0.4788,0.8122,25.5,0.0014,0.114,0.199,0.12088,294.4,433.1,279.0,419.5,310.0,446.9,1267,0.036,15
1459,102.174,-12.828,-73.757,-0.7241,-0.6816,0.1053,0.6031,-0.5538,0.5742,-0.333,0.4793,0.812,25.5,0.0012,0.038,0.191,0.10075,293.2,434.3,277.7,420.8,308.8,448.1,1268,0.929,15
1460,100.846,-14.082,-73.562,-0.722,-0.6836,0.1066,0.6053,-0.5515,0.5739,-0.3335,0.4789,0.812,25.5,0.0012,0.037,0.183,0.09911,291.9,435.5,276.4,422.0,307.6,449.3,1268,0.908,15
1461,99.523,-15.339,-73.366,-0.72,-0.6854,0.1086,0.6075,-0.5493,0.5737,-0.3336,0.4791,0.8119,25.5,0.0014,0.014,0.179,0.10463,290.6,436.7,275.1,423.3,306.4,450.4,1269,0.017,15
1462,98.2,-16.598,-73.161,-0.7193,-0.6852,0.1143,0.6095,-0.5473,0.5735,-0.3304,0.4822,0.8113,25.5,0.0021,0.258,0.162,0.17922,289.4,437.9,273.8,424.5,305.2,451.6,1270,0.818,15
1463,96.88,-17.857,-72.946,-0.7185,-0.6853,0.1188,0.6114,-0.5453,0.5734,-0.3282,0.4846,0.8108,25.5,0.0025,0.189,0.158,0.14258,288.1,439.2,272.5,425.8,303.9,452.8,1270,1.019,15
1464,95.561,-19.116,-72.725,-0.7175,-0.6858,0.1221,0.6132,-0.5435,0.5732,-0.3268,0.4862,0.8105,25.5,0.0027,0.123,0.146,0.10867,286.8,440.4,271.2,427.0,302.7,453.9,1271,0.228,15
1465,94.244,-20.377,-72.498,-0.7164,-0.6865,0.1244,0.6149,-0.5417,0.5731,-0.3261,0.4871,0.8102,25.5,0.0027,0.068,0.142,0.08248,285.6,441.6,269.9,428.3,301.5,455.1,1272,0.534,15
1466,92.929,-21.638,-72.268,-0.7152,-0.6875,0.1259,0.6164,-0.54,0.5731,-0.326,0.4874,0.81,25.5,0.0026,0.021,0.13,0.06755,284.3,442.8,268.7,429.5,300.3,456.3,1273,1.276,15
1467,91.617,-22.902,-72.036,-0.7139,-0.6888,0.1264,0.6179,-0.5384,0.573,-0.3266,0.4872,0.8099,25.5,0.0022,0.037,0.126,0.05942,283.1,444.0,267.4,430.8,299.1,457.5,1273,0.561,15
1468,90.307,-24.169,-71.804,-0.7124,-0.6903,0.1262,0.6192,-0.5369,0.5729,-0.3277,0.4864,0.81,25.5,0.0018,0.078,0.114,0.06643,281.8,445.2,266.1,432.0,297.8,458.7,1274,0.172,15
1469,89.0,-25.438,-71.573,-0.7109,-0.6921,0.1252,0.6205,-0.5355,0.5729,-0.3295,0.485,0.8101,25.5,0.0012,0.131,0.109,0.07945,280.6,446.5,264.8,433.2,296.6,459.9,1275,0.903,15
1470,87.695,-26.712,-71.345,-0.7092,-0.6941,0.1234,0.6217,-0.5341,0.5729,-0.3318,0.483,0.8103,25.5,0.0005,0.175,0.106,0.09927,279.4,447.7,263.6,434.5,295.4,461.1,1275,0.934,15
1471,86.394,-27.989,-71.12,-0.7073,-0.6965,0.1208,0.6227,-0.5329,0.5729,-0.3347,0.4805,0.8106,25.5,0.0001,0.22,0.089,0.12527,278.1,448.9,262.3,435.7,294.2,462.3,1276,0.199,15
1472,85.097,-29.27,-70.902,-0.7053,-0.6991,0.1174,0.6237,-0.5317,0.5729,-0.3382,0.4773,0.8111,25.5,0.0009,0.273,0.089,0.14736,276.9,450.2,261.1,437.0,292.9,463.5,1277,0.543,15
1473,83.803,-30.557,-70.688,-0.7033,-0.7014,0.1159,0.6247,-0.5306,0.573,-0.3404,0.4753,0.8113,25.5,0.0008,0.171,0.085,0.10598,275.6,451.4,259.8,438.3,291.7,464.8,1277,1.293,15
1474,82.514,-31.847,-70.476,-0.7014,-0.7034,0.1152,0.6255,-0.5295,0.573,-0.3421,0.474,0.8114,25.5,0.0003,0.123,0.078,0.08878,274.4,452.6,258.6,439.5,290.5,466.0,1278,0.537,15
1475,81.227,-33.141,-70.265,-0.6996,-0.7053,0.1144,0.6263,-0.5285,0.5731,-0.3437,0.4726,0.8115,25.5,0.0002,0.122,0.074,0.08537,273.2,453.9,257.3,440.8,289.3,467.2,1279,0.236,15
1476,79.943,-34.438,-70.055,-0.698,-0.707,0.1136,0.627,-0.5276,0.5731,-0.3453,0.4713,0.8116,25.5,0.0005,0.118,0.065,0.07698,271.9,455.1,256.1,442.0,288.1,468.5,1280,1.032,15
1477,78.663,-35.738,-69.847,-0.6965,-0.7086,0.1128,0.6277,-0.5267,0.5732,-0.3468,0.47,0.8117,25.5,0.0007,0.114,0.066,0.07282,270.7,456.4,254.8,443.3,286.8,469.7,1280,0.806,15
1478,77.385,-37.041,-69.641,-0.6951,-0.7101,0.1119,0.6283,-0.5259,0.5733,-0.3483,0.4688,0.8117,25.5,0.0009,0.11,0.058,0.06989,269.5,457.7,253.6,444.6,285.6,471.0,1281,0.033,15
1479,76.109,-38.346,-69.436,-0.6939,-0.7115,0.1109,0.6288,-0.5252,0.5734,-0.3497,0.4676,0.8118,25.5,0.0009,0.106,0.05,0.06541,268.3,458.9,252.4,445.8,284.4,472.2,1282,0.875,15
1480,74.835,-39.654,-69.234,-0.6928,-0.7127,0.1099,0.6293,-0.5245,0.5735,-0.3511,0.4664,0.8119,25.5,0.0009,0.106,0.05,0.05959,267.1,460.2,251.2,447.1,283.2,473.5,1282,0.963,15
1481,73.564,-40.965,-69.033,-0.6918,-0.7138,0.1088,0.6297,-0.5239,0.5735,-0.3524,0.4653,0.812,25.5,0.0007,0.098,0.041,0.05768,265.8,461.5,250.0,448.4,282.0,474.7,1283,0.084,15
1482,72.294,-42.276,-68.834,-0.691,-0.7148,0.1077,0.6301,-0.5234,0.5736,-0.3536,0.4642,0.812,25.5,0.0005,0.093,0.037,0.05265,264.6,462.7,248.7,449.6,280.8,476.0,1284,0.808,15
1483,71.025,-43.59,-68.637,-0.6903,-0.7156,0.1065,0.6304,-0.5229,0.5737,-0.3549,0.4632,0.8121,25.5,0.0001,0.094,0.034,0.05,263.4,464.0,247.5,450.9,279.6,477.3,1284,1.029,15
1484,69.758,-44.905,-68.443,-0.6897,-0.7164,0.1054,0.6307,-0.5224,0.5738,-0.356,0.4622,0.8122,25.5,0.0003,0.085,0.034,0.04636,262.2,465.3,246.3,452.2,278.3,478.5,1285,0.15,15
1485,68.492,-46.221,-68.25,-0.6889,-0.7174,0.104,0.631,-0.522,0.5739,-0.3574,0.4609,0.8123,25.5,0.0005,0.11,0.029,0.05919,261.0,466.5,245.1,453.5,277.1,479.8,1286,0.701,15
1486,67.228,-47.541,-68.061,-0.6872,-0.7192,0.1022,0.6312,-0.5217,0.5739,-0.3595,0.4589,0.8125,25.5,0.0001,0.167,0.021,0.09545,259.8,467.8,243.9,454.7,275.9,481.1,1286,1.136,15
1487,65.967,-48.864,-67.875,-0.6858,-0.7208,0.1007,0.6314,-0.5214,0.574,-0.3612,0.4572,0.8127,25.5,0.0006,0.138,0.021,0.08114,258.6,469.1,242.7,456.0,274.7,482.4,1287,0.332,15
1488,64.708,-50.189,-67.691,-0.6846,-0.7221,0.0994,0.6316,-0.5211,0.5741,-0.3627,0.4558,0.8128,25.5,0.001,0.118,0.021,0.06849,257.4,470.4,241.5,457.3,273.5,483.7,1288,0.41,15
1489,63.452,-51.516,-67.51,-0.6836,-0.7232,0.0983,0.6317,-0.5209,0.5741,-0.364,0.4546,0.8129,25.5,0.0013,0.102,0.013,0.05769,256.2,471.7,240.3,458.6,272.3,484.9,1289,1.069,15
1490,62.196,-52.845,-67.33,-0.6828,-0.724,0.0975,0.6318,-0.5208,0.5742,-0.365,0.4536,0.813,25.5,0.0017,0.081,0.009,0.04319,255.0,472.9,239.1,459.8,271.1,486.2,1289,0.768,15
1491,60.943,-54.176,-67.151,-0.6822,-0.7247,0.0968,0.6318,-0.5206,0.5742,-0.3658,0.4529,0.8131,25.5,0.0018,0.061,0.01,0.0361,253.8,474.2,237.9,461.1,269.9,487.5,1290,0.206,15
1492,59.69,-55.508,-66.974,-0.6818,-0.7252,0.0963,0.6319,-0.5205,0.5743,-0.3663,0.4524,0.8131,25.5,0.0019,0.04,0.009,0.02531,252.5,475.5,236.7,462.4,268.7,488.8,1291,0.243,15
1493,58.438,-56.84,-66.798,-0.6815,-0.7255,0.096,0.6319,-0.5204,0.5743,-0.3667,0.452,0.8131,25.5,0.002,0.032,0.005,0.0162,251.3,476.8,235.5,463.7,267.5,490.1,1292,0.578,15
1494,57.187,-58.173,-66.621,-0.6814,-0.7257,0.0959,0.632,-0.5203,0.5743,-0.3669,0.4519,0.8131,25.5,0.002,0.013,0.008,0.00735,250.1,478.1,234.3,465.0,266.2,491.4,1293,0.795,15
1495,55.935,-59.506,-66.445,-0.6814,-0.7256,0.0959,0.632,-0.5203,0.5744,-0.3669,0.452,0.8131,25.5,0.002,0.005,0.005,0.00215,248.9,479.4,233.1,466.2,265.0,492.7,1294,0.89,15
1496,54.683,-60.838,-66.269,-0.6816,-0.7254,0.0962,0.632,-0.5203,0.5744,-0.3666,0.4523,0.813,25.5,0.0019,0.025,0.0,0.01285,247.7,480.7,231.9,467.5,263.8,494.0,1295,0.862,15
1497,53.431,-62.17,-66.092,-0.682,-0.7249,0.0966,0.6319,-0.5202,0.5745,-0.3662,0.4528,0.8129,25.5,0.0016,0.037,0.009,0.02349,246.5,482.0,230.7,468.8,262.6,495.3,1296,0.706,15
1498,52.178,-63.501,-65.914,-0.6826,-0.7243,0.0972,0.6319,-0.5202,0.5745,-0.3656,0.4535,0.8128,25.5,0.0013,0.053,0.0,0.0324,245.3,483.3,229.5,470.1,261.4,496.6,1297,0.419,15
1499,50.924,-64.831,-65.735,-0.6833,-0.7235,0.098,0.6319,-0.5202,0.5745,-0.3647,0.4545,0.8127,25.5,0.0009,0.077,0.0,0.0415,244.1,484.5,228.3,471.4,260.2,497.9,1298,0.0,15
