ring,cx,cy,cz,Tx,Ty,Tz,Bx,By,Bz,Nx,Ny,Nz,hw,obl,dN,dB,kappa,sx_c,sy_c,sx_L,sy_L,sx_R,sy_R,pose_ring,pose_dist,iv
0,-67.224,-360.416,260.002,0.5687,0.8225,0.0042,0.8335,-0.5488,0.0638,0.0548,-0.0328,-0.998,25.5,0.0229,0.0,0.0,0.0,116.4,843.3,91.7,826.5,141.2,860.1,0,0.0,0
1,-66.101,-358.78,260.008,0.5637,0.826,0.0017,0.8308,-0.5529,0.0646,0.0543,-0.035,-0.9979,25.5,0.0117,0.129,0.285,0.19045,117.7,841.4,93.1,824.5,142.4,858.3,2,0.294,0
2,-64.986,-357.138,260.01,0.5603,0.8283,0.0001,0.8279,-0.557,0.0653,0.0542,-0.0365,-0.9979,25.5,0.0025,0.086,0.29,0.12719,119.0,839.5,94.5,822.4,143.7,856.5,3,0.543,0
3,-63.876,-355.493,260.009,0.5584,0.8296,-0.0008,0.8251,-0.5612,0.0661,0.0543,-0.0376,-0.9978,25.5,0.0049,0.063,0.293,0.07135,120.3,837.5,95.8,820.4,144.9,854.7,5,0.118,0
4,-62.769,-353.846,260.007,0.558,0.8298,-0.001,0.822,-0.5655,0.0668,0.0549,-0.0381,-0.9978,25.5,0.0106,0.045,0.306,0.01405,121.6,835.6,97.2,818.3,146.1,853.0,7,0.664,0
5,-61.66,-352.199,260.005,0.559,0.8291,-0.0005,0.8188,-0.57,0.0675,0.0557,-0.0381,-0.9977,25.5,0.0149,0.046,0.319,0.03808,122.9,833.7,98.6,816.3,147.3,851.2,8,0.214,0
6,-60.549,-350.555,260.005,0.5616,0.8274,0.0007,0.8155,-0.5748,0.0681,0.0568,-0.0377,-0.9977,25.5,0.0176,0.067,0.335,0.09613,124.2,831.8,100.0,814.2,148.5,849.4,9,0.138,0
7,-59.43,-348.916,260.009,0.5657,0.8246,0.0027,0.8118,-0.5798,0.0687,0.0583,-0.0367,-0.9976,25.5,0.0187,0.103,0.358,0.15454,125.5,829.9,101.4,812.1,149.7,847.6,10,0.322,0
8,-58.302,-347.283,260.017,0.5715,0.8206,0.0055,0.8079,-0.5852,0.0693,0.0601,-0.0352,-0.9976,25.5,0.0181,0.134,0.383,0.21891,126.8,828.0,102.9,810.1,150.9,845.9,11,0.391,0
9,-57.16,-345.66,260.031,0.5793,0.8151,0.0093,0.8037,-0.591,0.0698,0.0624,-0.033,-0.9975,25.5,0.0155,0.182,0.411,0.29652,128.2,826.1,104.3,808.0,152.1,844.2,12,0.347,0
10,-56.001,-344.049,260.054,0.5893,0.8078,0.0142,0.799,-0.5972,0.0702,0.0652,-0.03,-0.9974,25.5,0.0106,0.235,0.446,0.3843,129.5,824.2,105.8,805.9,153.3,842.5,13,0.199,0
11,-54.819,-342.454,260.089,0.602,0.7982,0.0206,0.794,-0.6039,0.0706,0.0688,-0.0262,-0.9973,25.5,0.0026,0.3,0.48,0.49538,130.9,822.3,107.4,803.9,154.5,840.8,14,0.047,0
12,-53.615,-340.878,260.136,0.6109,0.7913,0.0273,0.7884,-0.611,0.0708,0.0727,-0.0218,-0.9971,25.5,0.0001,0.337,0.518,0.37834,132.3,820.5,108.9,801.8,155.8,839.2,15,0.381,0
13,-52.395,-339.315,260.196,0.6195,0.7843,0.0334,0.7825,-0.6186,0.0711,0.0764,-0.0179,-0.9969,25.5,0.002,0.308,0.552,0.36545,133.7,818.7,110.5,799.8,157.0,837.6,16,0.797,0
14,-51.157,-337.766,260.268,0.6284,0.7769,0.0386,0.7762,-0.6264,0.0712,0.0795,-0.0148,-0.9967,25.5,0.0039,0.251,0.575,0.36642,135.2,816.9,112.1,797.8,158.3,836.1,16,1.188,0
15,-49.901,-336.232,260.349,0.6374,0.7694,0.0425,0.7697,-0.6344,0.0714,0.0819,-0.0128,-0.9966,25.5,0.0055,0.179,0.591,0.35652,136.7,815.1,113.8,795.8,159.6,834.5,17,0.7,0
16,-48.628,-334.712,260.436,0.6459,0.7621,0.0448,0.763,-0.6424,0.0716,0.0833,-0.0121,-0.9964,25.5,0.0065,0.09,0.598,0.33029,138.1,813.4,115.5,793.8,160.9,833.0,18,0.156,0
17,-47.339,-333.206,260.525,0.6535,0.7556,0.0453,0.7562,-0.6503,0.0718,0.0837,-0.0127,-0.9964,25.5,0.0061,0.041,0.597,0.28913,139.6,811.6,117.2,791.8,162.2,831.5,19,0.434,0
18,-46.035,-331.713,260.614,0.66,0.75,0.0442,0.7495,-0.658,0.0721,0.0832,-0.0145,-0.9964,25.5,0.0044,0.107,0.585,0.24977,141.2,809.9,118.9,789.8,163.5,830.0,20,1.036,0
19,-44.72,-330.229,260.7,0.6652,0.7455,0.0417,0.7429,-0.6654,0.0726,0.0819,-0.0173,-0.9965,25.5,0.0011,0.177,0.569,0.21128,142.7,808.2,120.6,787.9,164.8,828.5,20,0.949,0
20,-43.393,-328.755,260.786,0.672,0.7391,0.0464,0.7366,-0.6724,0.0731,0.0852,-0.015,-0.9963,25.5,0.0014,0.231,0.54,0.30168,144.3,806.5,122.4,786.0,166.2,827.0,21,0.351,0
21,-42.053,-327.295,260.883,0.6789,0.7325,0.0511,0.7305,-0.6789,0.0738,0.0888,-0.0127,-0.996,25.5,0.0024,0.245,0.512,0.30731,145.8,804.8,124.1,784.1,167.6,825.5,22,0.226,0
22,-40.699,-325.847,260.987,0.6849,0.7267,0.0535,0.7247,-0.685,0.0746,0.0909,-0.0123,-0.9958,25.5,0.0025,0.123,0.484,0.25064,147.4,803.1,125.9,782.3,169.0,824.1,23,0.754,0
23,-39.335,-324.41,261.094,0.6903,0.7216,0.0537,0.7193,-0.6906,0.0756,0.0917,-0.0136,-0.9957,25.5,0.0023,0.088,0.449,0.21453,149.0,801.5,127.6,780.4,170.4,822.6,24,1.216,0
24,-37.96,-322.983,261.199,0.695,0.7171,0.0517,0.7142,-0.6958,0.0768,0.0911,-0.0164,-0.9957,25.5,0.0014,0.164,0.423,0.19651,150.6,799.8,129.4,778.6,171.9,821.1,24,0.77,0
25,-36.577,-321.564,261.298,0.6992,0.7133,0.0478,0.7094,-0.7004,0.0781,0.0892,-0.0207,-0.9958,25.5,0.0002,0.269,0.388,0.19854,152.2,798.2,131.1,776.8,173.3,819.6,25,0.397,0
26,-35.185,-320.151,261.387,0.7028,0.7101,0.042,0.7051,-0.7047,0.0795,0.0861,-0.0263,-0.9959,25.5,0.0015,0.367,0.358,0.21767,153.8,796.6,132.9,775.1,174.8,818.1,26,0.13,0
27,-33.787,-318.745,261.464,0.706,0.7074,0.0344,0.7011,-0.7084,0.0812,0.0818,-0.0332,-0.9961,25.5,0.0034,0.466,0.327,0.25049,155.5,794.9,134.6,773.3,176.4,816.6,27,0.06,0
28,-32.384,-317.343,261.523,0.7086,0.7052,0.0249,0.6976,-0.7116,0.0829,0.0762,-0.0414,-0.9962,25.5,0.0054,0.569,0.289,0.29138,157.1,793.3,136.4,771.6,177.9,815.1,28,0.129,0
29,-30.975,-315.946,261.561,0.7107,0.7033,0.0137,0.6946,-0.7144,0.0849,0.0695,-0.0508,-0.9963,25.5,0.0076,0.661,0.262,0.33353,158.8,791.7,138.1,769.9,179.5,813.6,29,0.115,0
30,-29.562,-314.553,261.579,0.7135,0.7006,0.0046,0.692,-0.7166,0.087,0.0642,-0.0589,-0.9962,25.5,0.0079,0.555,0.229,0.28577,160.4,790.1,139.8,768.2,181.0,812.0,30,0.033,0
31,-28.143,-313.165,261.58,0.7164,0.6977,-0.003,0.6898,-0.7185,0.0892,0.0601,-0.066,-0.996,25.5,0.0074,0.47,0.209,0.24929,162.1,788.4,141.6,766.5,182.6,810.5,31,0.168,0
32,-26.719,-311.783,261.568,0.7191,0.6948,-0.0094,0.6879,-0.72,0.0916,0.0569,-0.0724,-0.9958,25.5,0.0064,0.41,0.195,0.21732,163.7,786.8,143.3,764.8,184.2,808.9,32,0.419,0
33,-25.289,-310.407,261.543,0.7218,0.6919,-0.015,0.6863,-0.7212,0.094,0.0543,-0.0782,-0.9955,25.5,0.005,0.365,0.179,0.19806,165.4,785.2,145.0,763.2,185.9,807.3,33,0.74,0
34,-23.854,-309.037,261.509,0.7245,0.689,-0.0197,0.6849,-0.7223,0.0965,0.0523,-0.0835,-0.9951,25.5,0.0034,0.325,0.176,0.17748,167.1,783.6,146.7,761.5,187.5,805.8,35,0.442,0
35,-22.413,-307.672,261.466,0.7272,0.686,-0.0237,0.6835,-0.7232,0.099,0.0508,-0.0882,-0.9948,25.5,0.0014,0.283,0.172,0.16406,168.8,782.0,148.5,759.9,189.2,804.2,36,0.159,0
36,-20.968,-306.314,261.415,0.7299,0.683,-0.027,0.6821,-0.7241,0.1015,0.0498,-0.0925,-0.9945,25.5,0.0006,0.254,0.172,0.15051,170.5,780.4,150.2,758.2,190.8,802.6,37,0.629,0
37,-19.516,-304.961,261.359,0.7327,0.6799,-0.0295,0.6807,-0.7251,0.104,0.0493,-0.0963,-0.9941,25.5,0.0027,0.221,0.174,0.14054,172.2,778.8,151.9,756.6,192.5,801.1,39,0.232,0
38,-18.059,-303.615,261.298,0.7356,0.6767,-0.0314,0.6791,-0.7263,0.1064,0.0491,-0.0996,-0.9938,25.5,0.0047,0.19,0.179,0.1362,173.9,777.2,153.7,754.9,194.1,799.5,40,0.43,0
39,-16.596,-302.275,261.235,0.7386,0.6733,-0.0327,0.6773,-0.7277,0.1086,0.0494,-0.1024,-0.9935,25.5,0.0067,0.162,0.182,0.13618,175.6,775.6,155.5,753.3,195.8,798.0,42,0.313,0
40,-15.127,-300.942,261.169,0.7418,0.6698,-0.0332,0.6751,-0.7294,0.1108,0.0499,-0.1046,-0.9933,25.5,0.0086,0.13,0.203,0.13766,177.3,774.0,157.2,751.7,197.4,796.5,43,0.324,0
41,-13.652,-299.617,261.102,0.7449,0.6663,-0.036,0.6725,-0.7314,0.1127,0.0488,-0.1082,-0.9929,25.5,0.0096,0.217,0.217,0.15737,179.0,772.5,159.0,750.0,199.1,795.0,45,0.414,0
42,-12.172,-298.298,261.023,0.7474,0.663,-0.0435,0.6695,-0.7339,0.1145,0.044,-0.1147,-0.9924,25.5,0.0088,0.464,0.246,0.24732,180.8,770.9,160.9,748.4,200.7,793.5,46,0.205,0
43,-10.686,-296.986,260.931,0.75,0.6596,-0.0492,0.6661,-0.7368,0.1161,0.0403,-0.1199,-0.992,25.5,0.0079,0.366,0.272,0.20579,182.5,769.4,162.7,746.8,202.4,792.0,48,0.588,0
44,-9.195,-295.68,260.829,0.7527,0.6562,-0.0532,0.6623,-0.74,0.1176,0.0378,-0.1237,-0.9916,25.5,0.0067,0.262,0.297,0.17043,184.2,767.8,164.6,745.1,204.0,790.6,49,0.073,0
45,-7.698,-294.381,260.721,0.7556,0.6527,-0.0556,0.6582,-0.7434,0.1189,0.0363,-0.1264,-0.9913,25.5,0.0055,0.178,0.314,0.14839,186.0,766.3,166.4,743.5,205.6,789.2,50,0.568,0
46,-6.195,-293.09,260.61,0.7586,0.6491,-0.0562,0.6537,-0.7471,0.12,0.0359,-0.1278,-0.9911,25.5,0.0042,0.084,0.34,0.13639,187.8,764.7,168.3,741.8,207.3,787.7,52,0.341,0
47,-4.687,-291.805,260.499,0.7618,0.6454,-0.0551,0.649,-0.7511,0.1211,0.0368,-0.128,-0.9911,25.5,0.003,0.053,0.359,0.14476,189.5,763.2,170.2,740.2,208.9,786.3,53,0.197,0
48,-3.172,-290.528,260.392,0.7652,0.6416,-0.0522,0.6441,-0.7551,0.1221,0.0389,-0.127,-0.9911,25.5,0.002,0.133,0.367,0.16938,191.3,761.7,172.1,738.5,210.5,784.9,54,0.703,0
49,-1.649,-289.259,260.293,0.7688,0.6377,-0.0475,0.639,-0.7593,0.1229,0.0424,-0.1249,-0.9913,25.5,0.0012,0.234,0.381,0.20469,193.1,760.2,174.1,736.9,212.2,783.6,56,0.286,0
50,-0.12,-287.997,260.205,0.7726,0.6336,-0.0408,0.6338,-0.7635,0.1238,0.0472,-0.1215,-0.9915,25.5,0.0009,0.337,0.386,0.25189,194.9,758.7,176.0,735.3,213.8,782.2,57,0.204,0
51,1.418,-286.744,260.132,0.7765,0.6293,-0.0322,0.6285,-0.7678,0.1245,0.0536,-0.1169,-0.9917,25.5,0.0008,0.452,0.393,0.29955,196.7,757.2,178.0,733.7,215.4,780.8,58,0.686,0
52,2.962,-285.5,260.078,0.7802,0.6251,-0.0227,0.6231,-0.7721,0.1253,0.0607,-0.1119,-0.9919,25.5,0.0007,0.498,0.398,0.31836,198.5,755.7,179.9,732.1,217.1,779.5,60,0.343,0
53,4.514,-284.262,260.04,0.7832,0.6216,-0.016,0.6177,-0.7763,0.126,0.0659,-0.1085,-0.9919,25.5,0.0008,0.356,0.394,0.23481,200.3,754.3,181.9,730.5,218.7,778.2,61,0.132,0
54,6.071,-283.033,260.014,0.7864,0.6177,-0.0101,0.6122,-0.7805,0.1267,0.0703,-0.1058,-0.9919,25.5,0.002,0.296,0.399,0.2241,202.1,752.8,183.9,728.9,220.4,776.9,62,0.608,0
55,7.635,-281.811,259.999,0.7898,0.6133,-0.0051,0.6067,-0.7846,0.1274,0.0741,-0.1037,-0.9918,25.5,0.0027,0.249,0.395,0.2159,203.9,751.4,185.9,727.4,222.1,775.5,64,0.42,0
56,9.206,-280.599,259.993,0.7935,0.6085,-0.0009,0.6012,-0.7888,0.1281,0.0772,-0.1022,-0.9918,25.5,0.003,0.197,0.399,0.21289,205.8,750.0,187.9,725.8,223.7,774.3,65,0.071,0
57,10.785,-279.396,259.995,0.7975,0.6033,0.0023,0.5955,-0.7929,0.1288,0.0795,-0.1014,-0.9917,25.5,0.0031,0.14,0.404,0.21074,207.6,748.6,189.9,724.3,225.4,773.0,66,0.558,0
58,12.372,-278.205,260.002,0.8018,0.5976,0.0045,0.5898,-0.7971,0.1296,0.081,-0.1012,-0.9916,25.5,0.0029,0.087,0.408,0.21572,209.5,747.2,191.9,722.8,227.1,771.7,68,0.424,0
59,13.967,-277.024,260.012,0.8063,0.5915,0.0058,0.584,-0.8012,0.1304,0.0818,-0.1018,-0.9914,25.5,0.0023,0.058,0.41,0.22203,211.3,745.8,193.9,721.3,228.8,770.5,69,0.099,0
60,15.572,-275.857,260.024,0.811,0.585,0.006,0.578,-0.8054,0.1313,0.0816,-0.103,-0.9913,25.5,0.0016,0.07,0.423,0.23167,213.2,744.5,196.0,719.8,230.5,769.2,70,0.623,0
61,17.186,-274.703,260.035,0.816,0.578,0.0052,0.572,-0.8095,0.1323,0.0807,-0.105,-0.9912,25.5,0.0005,0.126,0.42,0.24942,215.1,743.1,198.0,718.3,232.2,768.0,72,0.268,0
62,18.811,-273.563,260.044,0.8209,0.5711,0.0053,0.5657,-0.8137,0.1334,0.0805,-0.1065,-0.9911,25.5,0.0004,0.087,0.438,0.24434,217.0,741.8,200.1,716.9,233.9,766.8,73,0.302,0
63,20.444,-272.436,260.058,0.8252,0.5648,0.0086,0.5593,-0.818,0.1345,0.083,-0.1062,-0.9909,25.5,0.0007,0.145,0.446,0.23993,218.9,740.5,202.2,715.4,235.7,765.6,75,0.494,0
64,22.086,-271.322,260.078,0.8296,0.5582,0.0112,0.5528,-0.8222,0.1357,0.085,-0.1064,-0.9907,25.5,0.0012,0.116,0.449,0.24103,220.8,739.2,204.3,714.0,237.4,764.4,76,0.132,0
65,23.737,-270.22,260.102,0.8341,0.5514,0.0129,0.5461,-0.8264,0.137,0.0862,-0.1072,-0.9905,25.5,0.0016,0.083,0.459,0.24048,222.7,737.9,206.4,712.6,239.1,763.3,78,0.554,0
66,25.397,-269.133,260.129,0.8386,0.5446,0.0138,0.5393,-0.8306,0.1383,0.0868,-0.1086,-0.9903,25.5,0.0018,0.088,0.464,0.23686,224.7,736.6,208.6,711.2,240.9,762.2,79,0.134,0
67,27.065,-268.059,260.156,0.8431,0.5376,0.0137,0.5324,-0.8349,0.1397,0.0866,-0.1105,-0.9901,25.5,0.0019,0.11,0.473,0.24028,226.6,735.4,210.7,709.8,242.6,761.0,81,0.426,0
68,28.743,-266.999,260.183,0.8475,0.5306,0.0128,0.5254,-0.8391,0.1411,0.0856,-0.1128,-0.9899,25.5,0.0019,0.144,0.475,0.24013,228.6,734.1,212.9,708.5,244.4,759.9,82,0.325,0
69,30.429,-265.953,260.206,0.8518,0.5237,0.0111,0.5182,-0.8433,0.1424,0.0839,-0.1156,-0.9897,25.5,0.0013,0.188,0.483,0.23982,230.6,732.9,215.1,707.1,246.1,758.9,84,0.093,0
70,32.124,-264.921,260.226,0.856,0.5169,0.0085,0.511,-0.8475,0.1438,0.0815,-0.1188,-0.9896,25.5,0.0006,0.229,0.484,0.24268,232.6,731.7,217.3,705.8,247.9,757.8,86,0.421,0
71,33.826,-263.901,260.24,0.86,0.5103,0.0052,0.5037,-0.8516,0.1451,0.0785,-0.1222,-0.9894,25.5,0.0006,0.26,0.485,0.2423,234.5,730.5,219.5,704.5,249.7,756.7,87,0.435,0
72,35.538,-262.897,260.249,0.8651,0.5016,0.0044,0.4963,-0.8557,0.1464,0.0772,-0.1245,-0.9892,25.5,0.0008,0.152,0.49,0.29206,236.5,729.4,221.7,703.2,251.5,755.7,89,0.207,0
73,37.26,-261.91,260.257,0.8697,0.4936,0.0035,0.4889,-0.8598,0.1477,0.0759,-0.1267,-0.989,25.5,0.0013,0.147,0.49,0.2677,238.6,728.2,223.9,701.9,253.3,754.6,91,0.037,0
74,38.99,-260.938,260.263,0.8737,0.4864,0.0025,0.4816,-0.8637,0.1489,0.0746,-0.1289,-0.9889,25.5,0.001,0.146,0.479,0.23953,240.6,727.1,226.1,700.6,255.1,753.6,93,0.133,0
75,40.727,-259.979,260.267,0.8773,0.48,0.0014,0.4745,-0.8674,0.15,0.0732,-0.131,-0.9887,25.5,0.0001,0.145,0.463,0.21438,242.6,725.9,228.4,699.4,256.9,752.6,95,0.306,0
76,42.471,-259.032,260.268,0.8803,0.4743,0.0001,0.4676,-0.8709,0.1511,0.0718,-0.133,-0.9885,25.5,0.0014,0.14,0.448,0.18969,244.7,724.8,230.6,698.2,258.8,751.6,97,0.555,0
77,44.221,-258.096,260.267,0.8829,0.4696,-0.0013,0.4611,-0.8742,0.1522,0.0703,-0.135,-0.9883,25.5,0.0036,0.144,0.422,0.16026,246.7,723.7,232.9,697.0,260.6,750.6,98,0.286,0
78,45.975,-257.168,260.263,0.885,0.4656,-0.0029,0.4551,-0.8771,0.1533,0.0688,-0.137,-0.9882,25.5,0.0061,0.143,0.387,0.13837,248.8,722.7,235.1,695.8,262.5,749.6,100,0.207,0
79,47.734,-256.247,260.256,0.8867,0.4624,-0.0045,0.4496,-0.8798,0.1543,0.0674,-0.1389,-0.988,25.5,0.0089,0.136,0.356,0.11434,250.8,721.6,237.3,694.7,264.4,748.6,101,0.496,0
80,49.494,-255.332,260.245,0.8879,0.46,-0.0063,0.4448,-0.8821,0.1553,0.0659,-0.1407,-0.9879,25.5,0.0118,0.134,0.31,0.09329,252.9,720.5,239.5,693.5,266.3,747.6,103,0.312,0
81,51.257,-254.421,260.231,0.8888,0.4583,-0.0081,0.4407,-0.884,0.1563,0.0645,-0.1425,-0.9877,25.5,0.0147,0.131,0.265,0.07605,254.9,719.4,241.7,692.4,268.3,746.6,104,0.175,0
82,53.024,-253.519,260.216,0.8929,0.4502,-0.0059,0.4374,-0.8854,0.1572,0.0656,-0.143,-0.9876,25.5,0.009,0.069,0.212,0.26982,257.0,718.4,243.8,691.3,270.2,745.6,105,0.581,0
83,54.8,-252.633,260.207,0.8966,0.4428,-0.0041,0.435,-0.8864,0.1582,0.0664,-0.1436,-0.9874,25.5,0.0031,0.058,0.16,0.24441,259.1,717.3,246.0,690.2,272.2,744.6,107,0.859,0
84,56.582,-251.76,260.199,0.8993,0.4373,-0.0035,0.4334,-0.887,0.1591,0.0665,-0.1446,-0.9873,25.5,0.0013,0.058,0.111,0.17771,261.1,716.3,248.1,689.2,274.3,743.6,108,0.732,0
85,58.369,-250.896,260.192,0.9012,0.4334,-0.0041,0.4327,-0.8872,0.1601,0.0657,-0.146,-0.9871,25.5,0.0048,0.093,0.071,0.12642,263.2,715.3,250.2,688.2,276.4,742.6,109,0.706,0
86,60.159,-250.039,260.182,0.9024,0.4309,-0.0057,0.4329,-0.8869,0.161,0.0643,-0.1478,-0.9869,25.5,0.0076,0.131,0.056,0.09242,265.3,714.3,252.3,687.2,278.5,741.6,110,0.777,0
87,61.951,-249.185,260.168,0.9029,0.4299,-0.0085,0.4339,-0.8863,0.162,0.0621,-0.1499,-0.9867,25.5,0.0094,0.175,0.088,0.08702,267.4,713.3,254.3,686.2,280.6,740.6,111,0.942,0
88,63.743,-248.332,260.148,0.9027,0.4301,-0.0124,0.4358,-0.8852,0.163,0.0592,-0.1525,-0.9865,25.5,0.0107,0.223,0.138,0.11285,269.5,712.3,256.4,685.2,282.7,739.6,111,1.049,0
89,65.534,-247.476,260.118,0.9018,0.4319,-0.0176,0.4386,-0.8836,0.164,0.0553,-0.1556,-0.9863,25.5,0.011,0.286,0.193,0.16094,271.6,711.3,258.4,684.2,284.9,738.5,112,0.789,0
90,67.322,-246.616,260.077,0.9,0.4352,-0.0245,0.4422,-0.8816,0.1651,0.0503,-0.1594,-0.9859,25.5,0.0103,0.361,0.244,0.22681,273.7,710.3,260.3,683.3,287.1,737.4,113,0.439,0
91,69.106,-245.748,260.02,0.8972,0.4404,-0.0333,0.4466,-0.8792,0.1662,0.0439,-0.164,-0.9855,25.5,0.008,0.452,0.294,0.30596,275.8,709.3,262.3,682.3,289.4,736.3,114,0.02,0
92,70.882,-244.867,259.943,0.8929,0.448,-0.0449,0.4519,-0.8762,0.1673,0.0356,-0.1697,-0.9849,25.5,0.0035,0.578,0.355,0.41933,277.9,708.2,264.2,681.4,291.6,735.2,115,0.525,0
93,72.648,-243.968,259.84,0.8869,0.4581,-0.0595,0.458,-0.8728,0.1685,0.0253,-0.1767,-0.9839,25.5,0.0037,0.716,0.406,0.54107,279.9,707.1,266.1,680.4,293.8,734.0,116,1.132,0
94,74.406,-243.055,259.713,0.8843,0.4618,-0.0684,0.4649,-0.8689,0.1697,0.0189,-0.1819,-0.9831,25.5,0.0018,0.475,0.459,0.28824,282.0,706.1,267.9,679.4,296.1,732.8,116,0.852,0
95,76.158,-242.134,259.567,0.8812,0.4662,-0.0788,0.4727,-0.8645,0.171,0.0116,-0.1879,-0.9821,25.5,0.0,0.544,0.518,0.33807,284.0,705.0,269.7,678.5,298.4,731.6,117,0.167,0
96,77.903,-241.204,259.399,0.8773,0.4712,-0.0907,0.4811,-0.8596,0.1722,0.0032,-0.1947,-0.9809,25.5,0.0014,0.623,0.561,0.38931,286.0,703.8,271.5,677.5,300.7,730.3,118,0.589,0
97,79.639,-240.264,259.206,0.8728,0.4769,-0.104,0.4902,-0.8542,0.1732,-0.0062,-0.2022,-0.9793,25.5,0.0025,0.695,0.609,0.43759,288.0,702.7,273.2,676.5,303.0,729.0,118,1.396,0
98,81.366,-239.312,258.985,0.8674,0.4832,-0.1188,0.4998,-0.8484,0.1741,-0.0167,-0.2104,-0.9775,25.5,0.0029,0.77,0.645,0.48986,290.0,701.6,274.9,675.5,305.3,727.7,119,0.58,0
99,83.082,-238.346,258.734,0.8613,0.4899,-0.1349,0.5101,-0.8422,0.1749,-0.0279,-0.2194,-0.9752,25.5,0.0032,0.834,0.69,0.53341,292.0,700.4,276.6,674.6,307.6,726.3,120,0.289,0
100,84.784,-237.367,258.449,0.8543,0.4971,-0.1519,0.5208,-0.8355,0.1753,-0.0398,-0.2289,-0.9726,25.5,0.003,0.885,0.724,0.57011,294.0,699.2,278.3,673.6,309.8,724.9,121,1.201,0
101,86.472,-236.373,258.131,0.8466,0.5045,-0.1694,0.5319,-0.8284,0.1754,-0.0518,-0.2387,-0.9697,25.5,0.0027,0.903,0.755,0.59188,296.0,698.0,279.9,672.6,312.1,723.5,121,0.784,0
102,88.144,-235.364,257.776,0.838,0.5121,-0.1883,0.5435,-0.8209,0.1752,-0.0648,-0.2492,-0.9663,25.5,0.0021,0.977,0.792,0.63841,297.9,696.7,281.5,671.6,314.4,722.0,122,0.166,0
103,89.797,-234.34,257.382,0.8286,0.5196,-0.2085,0.5554,-0.813,0.1746,-0.0788,-0.2605,-0.9623,25.5,0.0014,1.056,0.819,0.67878,299.8,695.5,283.0,670.5,316.7,720.5,123,1.147,0
104,91.432,-233.302,256.948,0.8185,0.5267,-0.2296,0.5677,-0.8047,0.1736,-0.0933,-0.2724,-0.9576,25.5,0.001,1.108,0.852,0.70584,301.7,694.2,284.5,669.5,318.9,719.0,123,0.838,0
105,93.046,-232.25,256.471,0.8079,0.5332,-0.2511,0.5803,-0.796,0.1721,-0.1081,-0.2847,-0.9525,25.5,0.0012,1.141,0.882,0.71709,303.5,692.9,286.0,668.5,321.1,717.4,124,0.17,0
106,94.638,-231.186,255.951,0.7966,0.5394,-0.2729,0.5932,-0.7869,0.17,-0.123,-0.2973,-0.9468,25.5,0.0017,1.165,0.912,0.73121,305.3,691.5,287.4,667.4,323.3,715.7,125,1.198,0
107,96.206,-230.109,255.387,0.7835,0.5464,-0.2959,0.6064,-0.7773,0.1675,-0.1385,-0.3106,-0.9404,25.5,0.0008,1.226,0.946,0.79054,307.1,690.2,288.8,666.4,325.5,714.1,125,0.787,0
108,97.748,-229.018,254.777,0.7698,0.5527,-0.3193,0.6197,-0.7674,0.1643,-0.1542,-0.3243,-0.9333,25.5,0.0004,1.261,0.968,0.80373,308.9,688.8,290.2,665.3,327.6,712.4,126,0.258,0
109,99.261,-227.916,254.12,0.7556,0.5582,-0.3427,0.6332,-0.7571,0.1606,-0.1698,-0.3383,-0.9256,25.5,0.0008,1.279,0.996,0.80609,310.6,687.4,291.5,664.3,329.7,710.6,127,1.313,0
110,100.746,-226.803,253.417,0.7411,0.563,-0.3659,0.6467,-0.7466,0.1563,-0.1852,-0.3525,-0.9173,25.5,0.0017,1.291,1.01,0.80197,312.3,686.0,292.8,663.2,331.8,708.9,127,0.672,0
111,102.202,-225.682,252.668,0.7259,0.5673,-0.389,0.6602,-0.7357,0.1514,-0.2003,-0.3666,-0.9085,25.5,0.003,1.287,1.033,0.80799,313.9,684.6,294.1,662.1,333.8,707.1,128,0.389,0
112,103.626,-224.551,251.873,0.7093,0.5717,-0.4124,0.6735,-0.7247,0.1459,-0.2154,-0.3812,-0.899,25.5,0.0032,1.321,1.038,0.83801,315.5,683.1,295.3,661.0,335.8,705.3,129,1.449,0
113,105.017,-223.413,251.031,0.6918,0.5754,-0.4362,0.6867,-0.7134,0.1397,-0.2308,-0.3962,-0.8887,25.5,0.0036,1.366,1.057,0.85961,317.0,681.6,296.5,659.9,337.7,703.4,129,0.536,0
114,106.372,-222.268,250.141,0.6733,0.5783,-0.4607,0.6996,-0.7021,0.133,-0.2465,-0.4119,-0.8773,25.5,0.0037,1.43,1.055,0.89039,318.5,680.2,297.6,658.8,339.6,701.6,130,0.521,0
115,107.688,-221.118,249.202,0.6534,0.5805,-0.486,0.7122,-0.6906,0.1256,-0.2627,-0.4282,-0.8647,25.5,0.0034,1.502,1.065,0.93157,320.0,678.7,298.7,657.7,341.4,699.7,130,1.464,0
116,108.964,-219.964,248.212,0.6323,0.5825,-0.5108,0.7244,-0.6792,0.1176,-0.2784,-0.4444,-0.8515,25.5,0.0023,1.498,1.061,0.94186,321.4,677.2,299.8,656.6,343.1,697.8,131,0.416,0
117,110.197,-218.807,247.174,0.6101,0.5838,-0.5357,0.7362,-0.6679,0.1089,-0.2942,-0.4609,-0.8373,25.5,0.0009,1.541,1.061,0.96395,322.7,675.7,300.8,655.5,344.8,695.9,132,0.625,1
118,111.385,-217.648,246.086,0.5871,0.584,-0.5606,0.7476,-0.6567,0.0996,-0.31,-0.4776,-0.8221,25.5,0.0004,1.579,1.059,0.97879,324.0,674.1,301.8,654.4,346.4,694.0,132,1.361,1
119,112.527,-216.49,244.949,0.5637,0.5832,-0.585,0.7583,-0.6456,0.0898,-0.3253,-0.4942,-0.8062,25.5,0.0016,1.582,1.047,0.97637,325.3,672.6,302.7,653.2,347.9,692.1,133,0.333,1
120,113.622,-215.333,243.765,0.5396,0.582,-0.6083,0.7686,-0.6348,0.0793,-0.34,-0.5103,-0.7899,25.5,0.003,1.56,1.046,0.96849,326.4,671.1,303.6,652.1,349.3,690.2,134,0.683,1
121,114.669,-214.18,242.536,0.5152,0.5803,-0.6307,0.7782,-0.6243,0.0683,-0.3541,-0.526,-0.7733,25.5,0.0044,1.538,1.03,0.95769,327.5,669.5,304.5,650.9,350.6,688.2,134,1.302,1
122,115.667,-213.031,241.262,0.4912,0.5775,-0.6521,0.7872,-0.6141,0.0569,-0.3676,-0.5413,-0.7563,25.5,0.0051,1.522,1.017,0.93194,328.6,668.0,305.3,649.7,351.9,686.4,135,0.302,1
123,116.619,-211.888,239.948,0.4676,0.5736,-0.6725,0.7956,-0.6041,0.045,-0.3805,-0.5561,-0.7389,25.5,0.0048,1.503,1.012,0.90772,329.6,666.5,306.1,648.6,353.1,684.5,136,0.678,1
124,117.524,-210.755,238.594,0.4444,0.569,-0.6919,0.8034,-0.5946,0.0328,-0.3927,-0.5705,-0.7213,25.5,0.004,1.479,0.992,0.8833,330.5,665.0,306.8,647.4,354.2,682.6,136,1.307,1
125,118.382,-209.629,237.203,0.4209,0.565,-0.7097,0.8105,-0.5854,0.0203,-0.404,-0.5838,-0.7043,25.5,0.004,1.396,0.978,0.85896,331.4,663.5,307.5,646.2,355.2,680.7,137,0.353,1
126,119.194,-208.513,235.777,0.3977,0.5598,-0.727,0.817,-0.5766,0.0076,-0.415,-0.597,-0.6866,25.5,0.0034,1.413,0.96,0.84893,332.2,662.0,308.2,645.0,356.2,678.9,138,0.572,1
127,119.96,-207.408,234.318,0.3744,0.5534,-0.744,0.8228,-0.5683,-0.0053,-0.4258,-0.6102,-0.6681,25.5,0.0025,1.442,0.94,0.85301,332.9,660.5,308.8,643.8,357.0,677.1,138,1.413,1
128,120.68,-206.317,232.824,0.3508,0.5459,-0.7609,0.8279,-0.5606,-0.0183,-0.4365,-0.6235,-0.6486,25.5,0.0017,1.485,0.914,0.86563,333.6,659.0,309.4,642.6,357.8,675.3,139,0.526,1
129,121.353,-205.242,231.298,0.3274,0.5382,-0.7766,0.8323,-0.5534,-0.0314,-0.4466,-0.6361,-0.6292,25.5,0.001,1.446,0.893,0.84347,334.3,657.5,310.0,641.4,358.5,673.6,140,0.318,1
130,121.98,-204.181,229.743,0.3042,0.5308,-0.791,0.8361,-0.5468,-0.0444,-0.4561,-0.6479,-0.6101,25.5,0.0008,1.397,0.863,0.81686,334.8,656.1,310.5,640.2,359.2,671.9,141,1.109,1
131,122.56,-203.136,228.158,0.2806,0.5223,-0.8053,0.8392,-0.5408,-0.0574,-0.4655,-0.6597,-0.59,25.5,0.0008,1.44,0.839,0.83366,335.4,654.6,311.0,639.0,359.7,670.2,141,0.876,1
132,123.093,-202.109,226.547,0.257,0.5129,-0.8191,0.8416,-0.5354,-0.0702,-0.4746,-0.6713,-0.5693,25.5,0.0008,1.456,0.808,0.83469,335.8,653.2,311.4,637.8,360.2,668.6,142,0.141,1
133,123.58,-201.101,224.908,0.2337,0.5028,-0.8322,0.8435,-0.5307,-0.0829,-0.4833,-0.6826,-0.5481,25.5,0.0007,1.464,0.784,0.82504,336.2,651.8,311.8,636.7,360.6,667.0,143,0.537,1
134,124.021,-200.113,223.245,0.2112,0.4935,-0.8437,0.8448,-0.5266,-0.0954,-0.4913,-0.6926,-0.5281,25.5,0.001,1.361,0.757,0.77745,336.6,650.5,312.2,635.5,360.9,665.4,144,1.155,1
135,124.419,-199.142,221.56,0.1896,0.4845,-0.854,0.8455,-0.523,-0.1076,-0.4988,-0.7017,-0.5088,25.5,0.0012,1.296,0.73,0.73816,336.9,649.1,312.5,634.3,361.2,663.9,144,0.83,1
136,124.774,-198.19,219.855,0.1688,0.4749,-0.8637,0.8457,-0.5201,-0.1193,-0.5059,-0.7103,-0.4894,25.5,0.0012,1.282,0.691,0.71826,337.1,647.8,312.8,633.1,361.4,662.4,145,0.277,1
137,125.09,-197.258,218.132,0.149,0.4647,-0.8729,0.8455,-0.5178,-0.1305,-0.5126,-0.7185,-0.47,25.5,0.0007,1.266,0.655,0.69581,337.3,646.5,313.1,631.9,361.5,661.0,146,0.209,1
138,125.366,-196.346,216.392,0.1302,0.4541,-0.8814,0.8448,-0.5162,-0.141,-0.519,-0.7262,-0.4509,25.5,0.0001,1.236,0.61,0.66971,337.5,645.2,313.3,630.7,361.6,659.6,147,0.621,1
139,125.607,-195.456,214.634,0.1126,0.4433,-0.8893,0.8437,-0.5152,-0.1507,-0.5249,-0.7334,-0.432,25.5,0.0006,1.207,0.562,0.63833,337.6,643.9,313.5,629.5,361.6,658.3,148,0.954,1
140,125.812,-194.584,212.863,0.0942,0.4352,-0.8954,0.8423,-0.5148,-0.1594,-0.5304,-0.7392,-0.4151,25.5,0.002,1.071,0.505,0.60658,337.7,642.7,313.6,628.3,361.6,657.0,148,1.031,1
141,125.982,-193.729,211.081,0.0775,0.4267,-0.9011,0.8407,-0.515,-0.1674,-0.5355,-0.7445,-0.3986,25.5,0.0038,1.035,0.468,0.56544,337.7,641.5,313.8,627.2,361.6,655.7,149,0.783,1
142,126.121,-192.891,209.287,0.0624,0.4175,-0.9065,0.8388,-0.5157,-0.1746,-0.5404,-0.7495,-0.3824,25.5,0.0047,1.011,0.429,0.53379,337.7,640.3,313.9,626.0,361.5,654.5,150,0.626,1
143,126.231,-192.072,207.483,0.0486,0.4077,-0.9118,0.8367,-0.5168,-0.1812,-0.5451,-0.7542,-0.3662,25.5,0.0048,1.003,0.402,0.51209,337.7,639.1,313.9,624.8,361.3,653.3,151,0.558,1
144,126.314,-191.273,205.668,0.0358,0.3971,-0.9171,0.8345,-0.5182,-0.1873,-0.5496,-0.7586,-0.3499,25.5,0.0041,1.001,0.38,0.50361,337.6,638.0,313.9,623.6,361.1,652.2,152,0.579,1
145,126.374,-190.496,203.843,0.0239,0.3857,-0.9223,0.8322,-0.5198,-0.193,-0.5538,-0.763,-0.3334,25.5,0.0026,1.008,0.364,0.49891,337.5,636.8,314.0,622.5,360.9,651.1,153,0.687,1
146,126.41,-189.743,202.007,0.0128,0.3734,-0.9276,0.8299,-0.5214,-0.1984,-0.5578,-0.7672,-0.3166,25.5,0.0,1.018,0.349,0.5022,337.4,635.7,313.9,621.4,360.7,650.0,155,0.819,1
147,126.423,-189.017,200.16,0.0007,0.3587,-0.9335,0.8275,-0.5232,-0.2037,-0.5614,-0.7723,-0.2972,25.5,0.0031,1.168,0.349,0.57552,337.2,634.7,313.9,620.3,360.5,649.0,156,0.449,1
148,126.413,-188.318,198.303,-0.0107,0.3465,-0.938,0.8251,-0.525,-0.2088,-0.5648,-0.7762,-0.2803,25.5,0.0051,1.013,0.339,0.49924,337.1,633.6,313.8,619.3,360.2,647.9,157,0.025,1
149,126.381,-187.64,196.438,-0.0214,0.3366,-0.9414,0.8226,-0.5269,-0.2138,-0.568,-0.779,-0.2656,25.5,0.0063,0.877,0.338,0.43218,336.9,632.6,313.7,618.2,359.9,647.0,158,0.551,1
150,126.328,-186.98,194.567,-0.0318,0.3287,-0.9439,0.8198,-0.5291,-0.2189,-0.5714,-0.7808,-0.2527,25.5,0.0066,0.771,0.356,0.38391,336.6,631.7,313.6,617.2,359.5,646.0,160,0.127,1
151,126.255,-186.334,192.692,-0.042,0.3227,-0.9456,0.8168,-0.5316,-0.2241,-0.575,-0.7818,-0.2413,25.5,0.0061,0.687,0.373,0.34514,336.4,630.7,313.5,616.2,359.1,645.1,162,0.551,1
152,126.162,-185.698,190.814,-0.0522,0.3184,-0.9465,0.8135,-0.5344,-0.2293,-0.5789,-0.782,-0.2312,25.5,0.0044,0.62,0.388,0.32063,336.1,629.7,313.4,615.2,358.7,644.2,163,0.297,1
153,126.048,-185.069,188.935,-0.0625,0.3158,-0.9468,0.8098,-0.5377,-0.2348,-0.5833,-0.7813,-0.2222,25.5,0.0019,0.575,0.424,0.30679,335.8,628.8,313.2,614.2,358.3,643.3,165,0.101,1
154,125.914,-184.444,187.057,-0.0732,0.315,-0.9463,0.8055,-0.5415,-0.2406,-0.5882,-0.7799,-0.2141,25.5,0.0019,0.548,0.467,0.31008,335.5,627.8,313.0,613.2,357.8,642.4,167,0.027,1
155,125.757,-183.824,185.178,-0.085,0.3087,-0.9473,0.8007,-0.5459,-0.2466,-0.5933,-0.7795,-0.2008,25.5,0.003,0.816,0.507,0.38737,335.2,626.9,312.9,612.1,357.3,641.6,169,0.143,1
156,125.577,-183.218,183.297,-0.0962,0.3026,-0.9483,0.7954,-0.5507,-0.253,-0.5988,-0.7786,-0.1877,25.5,0.0032,0.816,0.55,0.36931,334.8,626.0,312.7,611.1,356.8,640.8,171,0.297,1
157,125.375,-182.622,181.415,-0.1068,0.2975,-0.9487,0.7896,-0.5559,-0.2597,-0.6047,-0.7769,-0.1756,25.5,0.0033,0.777,0.589,0.33979,334.4,625.1,312.5,610.1,356.2,640.0,173,0.541,1
158,125.153,-182.036,179.532,-0.1169,0.2935,-0.9488,0.7835,-0.5613,-0.2667,-0.6108,-0.7745,-0.1643,25.5,0.0033,0.748,0.615,0.31363,334.0,624.2,312.3,609.1,355.5,639.2,174,0.283,1
159,124.912,-181.457,177.649,-0.1267,0.2904,-0.9485,0.7769,-0.5668,-0.2741,-0.6172,-0.7716,-0.1538,25.5,0.003,0.724,0.65,0.29687,333.6,623.3,312.1,608.1,354.9,638.4,176,0.185,1
160,124.65,-180.883,175.767,-0.1364,0.2883,-0.9478,0.7701,-0.5723,-0.2817,-0.6236,-0.7683,-0.144,25.5,0.003,0.697,0.664,0.28723,333.1,622.5,311.9,607.1,354.2,637.7,177,0.518,1
161,124.37,-180.312,173.887,-0.1459,0.2872,-0.9467,0.7632,-0.5777,-0.2896,-0.6301,-0.7647,-0.1349,25.5,0.0031,0.673,0.676,0.27793,332.7,621.6,311.7,606.1,353.5,636.9,179,0.198,1
162,124.071,-179.742,172.01,-0.1555,0.2872,-0.9452,0.7561,-0.5829,-0.2977,-0.6364,-0.7609,-0.1265,25.5,0.0036,0.64,0.685,0.28056,332.2,620.7,311.4,605.2,352.8,636.2,180,0.37,1
163,123.75,-179.177,170.135,-0.1687,0.2823,-0.9444,0.7488,-0.5878,-0.3062,-0.6415,-0.7588,-0.1123,25.5,0.0031,0.873,0.701,0.40715,331.7,619.9,311.1,604.2,352.0,635.4,182,0.617,1
164,123.403,-178.621,168.262,-0.1806,0.2787,-0.9433,0.7411,-0.5929,-0.315,-0.6471,-0.7559,-0.0995,25.5,0.0019,0.818,0.731,0.36033,331.1,619.0,310.9,603.3,351.2,634.7,183,0.19,1
165,123.033,-178.07,166.391,-0.1915,0.2762,-0.9418,0.7323,-0.5988,-0.3241,-0.6535,-0.7518,-0.0876,25.5,0.0004,0.809,0.8,0.32571,330.6,618.2,310.6,602.3,350.4,634.0,184,0.191,1
166,122.643,-177.524,164.524,-0.2016,0.2749,-0.9401,0.7221,-0.6061,-0.3336,-0.6615,-0.7461,-0.0763,25.5,0.0014,0.858,0.902,0.29808,330.0,617.4,310.3,601.3,349.4,633.3,185,0.519,1
167,122.233,-176.978,162.66,-0.2113,0.2749,-0.938,0.7097,-0.6151,-0.3435,-0.6714,-0.7382,-0.0651,25.5,0.0032,0.969,1.045,0.28648,329.4,616.6,310.1,600.3,348.5,632.7,186,0.796,1
168,121.805,-176.432,160.801,-0.2208,0.2766,-0.9353,0.6945,-0.6265,-0.3537,-0.6838,-0.7277,-0.0538,25.5,0.0042,1.134,1.236,0.28936,328.8,615.7,309.9,599.2,347.4,632.1,188,0.795,1
169,121.357,-175.88,158.948,-0.2323,0.2791,-0.9317,0.676,-0.6406,-0.3642,-0.6986,-0.7144,-0.0398,25.5,0.0035,1.394,1.462,0.35531,328.1,614.9,309.9,598.0,346.2,631.7,189,0.681,1
170,120.879,-175.326,157.104,-0.2489,0.2792,-0.9274,0.6535,-0.6576,-0.3748,-0.7146,-0.6993,-0.0188,25.5,0.0013,1.743,1.726,0.49513,327.4,614.1,309.9,596.7,344.8,631.3,190,0.624,1
171,120.37,-174.771,155.268,-0.2637,0.2795,-0.9232,0.6269,-0.6774,-0.3849,-0.733,-0.6802,0.0034,25.5,0.0007,1.982,1.986,0.44428,326.7,613.3,309.9,595.4,343.3,630.9,191,0.624,1
172,119.834,-174.216,153.439,-0.2757,0.2801,-0.9195,0.5959,-0.6998,-0.3939,-0.7538,-0.6566,0.026,25.5,0.0019,2.219,2.251,0.36301,326.0,612.5,310.1,594.0,341.7,630.7,192,0.677,1
173,119.279,-173.659,151.618,-0.2836,0.2811,-0.9168,0.5604,-0.7245,-0.4013,-0.7771,-0.6276,0.0479,25.5,0.0053,2.474,2.514,0.24277,325.3,611.6,310.4,592.5,340.0,630.5,193,0.778,1
174,118.705,-173.1,149.802,-0.296,0.2819,-0.9126,0.5201,-0.7512,-0.4064,-0.8002,-0.595,0.0758,25.5,0.0052,2.792,2.785,0.37868,324.5,610.8,310.7,591.0,338.1,630.4,194,0.922,1
175,118.104,-172.54,147.995,-0.3098,0.2827,-0.9078,0.4747,-0.7794,-0.4088,-0.8231,-0.5576,0.1073,25.5,0.0037,3.094,3.066,0.4225,323.7,610.0,311.2,589.4,336.0,630.3,194,1.063,1
176,117.476,-171.979,146.198,-0.3221,0.2836,-0.9032,0.4242,-0.8084,-0.4081,-0.8459,-0.5146,0.1401,25.5,0.0027,3.363,3.337,0.38004,322.9,609.2,311.8,587.8,333.8,630.3,195,0.882,1
177,116.826,-171.415,144.41,-0.3343,0.2847,-0.8985,0.3683,-0.8374,-0.4038,-0.8673,-0.4659,0.1751,25.5,0.0013,3.649,3.617,0.3788,322.0,608.4,312.5,586.2,331.4,630.3,196,0.671,1
178,116.148,-170.849,142.633,-0.3489,0.2857,-0.8926,0.307,-0.8656,-0.3955,-0.8856,-0.412,0.2143,25.5,0.0014,3.961,3.896,0.45553,321.1,607.6,313.4,584.6,328.8,630.3,197,0.434,1
179,115.443,-170.281,140.867,-0.3616,0.2867,-0.8872,0.2404,-0.8921,-0.3827,-0.9011,-0.3516,0.2536,25.5,0.0032,4.224,4.173,0.39948,320.2,606.7,314.3,583.0,326.1,630.2,198,0.176,1
180,114.713,-169.711,139.112,-0.3745,0.2877,-0.8814,0.1683,-0.9157,-0.365,-0.9121,-0.2851,0.2945,25.5,0.0048,4.519,4.464,0.40936,319.3,605.9,315.3,581.5,323.3,630.1,199,0.097,1
181,113.956,-169.139,137.369,-0.3884,0.2888,-0.8751,0.0915,-0.9352,-0.3421,-0.9172,-0.213,0.3368,25.5,0.0063,4.8,4.727,0.44175,318.4,605.1,316.5,580.1,320.2,629.8,200,0.379,1
182,113.173,-168.565,135.638,-0.4001,0.2897,-0.8695,0.0111,-0.9494,-0.3138,-0.9164,-0.1352,0.3767,25.5,0.0066,5.011,4.953,0.3754,317.4,604.3,317.7,578.9,317.1,629.5,201,0.665,1
183,112.366,-167.989,133.919,-0.4134,0.2906,-0.8629,-0.0716,-0.9573,-0.2801,-0.9075,-0.054,0.4166,25.5,0.0069,5.211,5.138,0.42946,316.4,603.5,318.9,577.8,313.9,629.0,202,0.948,1
184,111.533,-167.411,132.213,-0.4257,0.2916,-0.8566,-0.1545,-0.958,-0.2416,-0.8911,0.0294,0.4529,25.5,0.0066,5.297,5.239,0.40004,315.4,602.7,320.1,576.9,310.7,628.3,202,1.036,1
185,110.677,-166.832,130.519,-0.4367,0.2923,-0.8508,-0.2351,-0.9513,-0.1992,-0.8676,0.113,0.4842,25.5,0.0059,5.291,5.234,0.35958,314.3,601.9,321.2,576.2,307.5,627.4,203,0.762,1
186,109.798,-166.251,128.837,-0.4493,0.2933,-0.8439,-0.3113,-0.9377,-0.1541,-0.8365,0.1935,0.5126,25.5,0.0051,5.207,5.135,0.41576,313.3,601.1,322.1,575.7,304.5,626.3,204,0.502,1
187,108.894,-165.668,127.17,-0.4616,0.2942,-0.8369,-0.3812,-0.9182,-0.1077,-0.8001,0.2693,0.536,25.5,0.004,5.003,4.937,0.40941,312.2,600.3,322.8,575.3,301.5,625.1,205,0.263,1
188,107.967,-165.083,125.515,-0.4729,0.295,-0.8302,-0.4433,-0.8943,-0.0613,-0.7605,0.3391,0.5537,25.5,0.0033,4.71,4.649,0.38001,311.1,599.5,323.3,575.1,298.8,623.8,206,0.051,1
189,107.015,-164.497,123.876,-0.487,0.2958,-0.8218,-0.4974,-0.8674,-0.0156,-0.7174,0.4011,0.5696,25.5,0.0015,4.422,4.341,0.47443,309.9,598.7,323.6,574.9,296.3,622.4,207,0.128,1
190,106.036,-163.909,122.252,-0.4982,0.2967,-0.8147,-0.5434,-0.839,0.0284,-0.6751,0.4569,0.5792,25.5,0.0013,4.05,3.994,0.38373,308.8,597.9,323.6,574.8,293.9,620.9,208,0.273,1
191,105.036,-163.32,120.643,-0.5105,0.2972,-0.8069,-0.5816,-0.8104,0.0705,-0.633,0.5053,0.5866,25.5,0.0008,3.7,3.647,0.42076,307.6,597.1,323.3,574.7,291.8,619.4,209,0.397,1
192,104.008,-162.73,119.052,-0.5262,0.2971,-0.7968,-0.6127,-0.7826,0.1102,-0.5908,0.5462,0.5938,25.5,0.0021,3.393,3.3,0.53902,306.4,596.3,322.9,574.6,289.8,618.0,210,0.513,1
193,102.948,-162.14,117.48,-0.5392,0.2971,-0.788,-0.6372,-0.7564,0.1474,-0.5523,0.5817,0.5972,25.5,0.0027,3.007,2.961,0.4532,305.1,595.5,322.2,574.5,288.0,616.5,211,0.632,1
194,101.868,-161.551,115.924,-0.5504,0.2971,-0.7802,-0.656,-0.7325,0.1821,-0.5174,0.612,0.5981,25.5,0.0014,2.649,2.644,0.39409,303.9,594.7,321.4,574.3,286.3,615.2,212,0.767,1
195,100.762,-160.962,114.384,-0.5637,0.2964,-0.771,-0.6699,-0.711,0.2139,-0.4847,0.6371,0.5993,25.5,0.002,2.363,2.339,0.46736,302.6,593.9,320.4,574.0,284.7,613.9,213,0.93,1
196,99.63,-160.375,112.864,-0.5778,0.2952,-0.7609,-0.6798,-0.692,0.243,-0.4548,0.6577,0.6005,25.5,0.0036,2.082,2.071,0.50196,301.3,593.1,319.3,573.7,283.1,612.6,213,1.054,1
197,98.471,-159.79,111.363,-0.5887,0.2938,-0.7531,-0.6865,-0.6755,0.2692,-0.4296,0.6754,0.5994,25.5,0.0029,1.766,1.815,0.38911,300.0,592.3,318.1,573.4,281.7,611.5,214,0.85,1
198,97.295,-159.208,109.875,-0.5969,0.2929,-0.747,-0.6907,-0.6614,0.2925,-0.4084,0.6905,0.5971,25.5,0.0001,1.497,1.579,0.2962,298.6,591.6,316.8,572.9,280.2,610.4,215,0.592,1
199,96.101,-158.628,108.399,-0.6058,0.2921,-0.7401,-0.6928,-0.6496,0.3132,-0.3892,0.7024,0.5959,25.5,0.0018,1.296,1.37,0.32592,297.3,590.8,315.5,572.5,278.9,609.3,216,0.27,1
200,94.89,-158.049,106.938,-0.6154,0.2915,-0.7323,-0.6933,-0.6397,0.3318,-0.3717,0.7119,0.5958,25.5,0.0028,1.141,1.208,0.35751,295.9,590.0,314.1,571.9,277.5,608.3,217,0.119,1
201,93.658,-157.471,105.493,-0.6258,0.2909,-0.7237,-0.6927,-0.6315,0.3485,-0.3556,0.7194,0.5967,25.5,0.0024,1.019,1.067,0.39001,294.5,589.3,312.6,571.4,276.2,607.4,218,0.579,1
202,92.405,-156.894,104.066,-0.6371,0.2904,-0.714,-0.6912,-0.6245,0.3636,-0.3403,0.7252,0.5986,25.5,0.0006,0.944,0.957,0.43021,293.1,588.5,311.2,570.8,274.8,606.4,219,1.112,1
203,91.13,-156.318,102.658,-0.6468,0.2895,-0.7056,-0.6893,-0.6184,0.3774,-0.3271,0.7304,0.5995,25.5,0.0005,0.815,0.871,0.37138,291.6,587.8,309.6,570.2,273.4,605.5,219,0.872,1
204,89.839,-155.745,101.265,-0.6546,0.2886,-0.6987,-0.6871,-0.6131,0.3899,-0.3159,0.7353,0.5996,25.5,0.0004,0.7,0.788,0.30182,290.2,587.0,308.1,569.6,272.1,604.7,220,0.264,1
205,88.533,-155.173,99.885,-0.662,0.2879,-0.692,-0.6845,-0.6084,0.4016,-0.3054,0.7395,0.5998,25.5,0.0001,0.648,0.738,0.28891,288.7,586.3,306.5,569.0,270.7,603.8,221,0.424,1
206,87.212,-154.602,98.518,-0.6692,0.2875,-0.6853,-0.6818,-0.6042,0.4125,-0.2955,0.7432,0.6003,25.5,0.0001,0.606,0.687,0.28415,287.3,585.6,305.0,568.4,269.3,603.0,222,1.192,1
207,85.876,-154.032,97.165,-0.6763,0.2872,-0.6783,-0.6787,-0.6005,0.4228,-0.2859,0.7463,0.601,25.5,0.0002,0.579,0.652,0.28796,285.8,584.8,303.4,567.7,267.9,602.2,222,0.793,1
208,84.527,-153.462,95.826,-0.6836,0.287,-0.671,-0.6754,-0.5971,0.4328,-0.2765,0.7491,0.602,25.5,0.0001,0.565,0.634,0.2981,284.3,584.1,301.8,567.1,266.6,601.3,223,0.061,1
209,83.163,-152.892,94.502,-0.6912,0.287,-0.6632,-0.6718,-0.5939,0.4426,-0.2669,0.7515,0.6034,25.5,0.0004,0.573,0.626,0.3144,282.8,583.4,300.2,566.4,265.2,600.5,224,0.998,1
210,81.783,-152.322,93.194,-0.6993,0.2872,-0.6547,-0.668,-0.5909,0.4524,-0.2569,0.7537,0.605,25.5,0.0012,0.594,0.626,0.33901,281.3,582.6,298.5,565.8,263.8,599.7,224,0.986,1
211,80.388,-151.753,91.902,-0.7062,0.2866,-0.6474,-0.6639,-0.5878,0.4624,-0.248,0.7563,0.6053,25.5,0.001,0.531,0.644,0.29056,279.7,581.9,296.9,565.1,262.3,598.9,225,0.026,1
212,78.98,-151.185,90.624,-0.713,0.2861,-0.6401,-0.6594,-0.5847,0.4725,-0.2391,0.759,0.6056,25.5,0.0004,0.533,0.658,0.2884,278.2,581.2,295.2,564.5,260.9,598.1,226,1.092,2
213,77.558,-150.618,89.362,-0.7199,0.2857,-0.6326,-0.6547,-0.5816,0.4828,-0.23,0.7617,0.6058,25.5,0.0003,0.544,0.673,0.29444,276.6,580.5,293.5,563.9,259.5,597.4,226,0.892,2
214,76.123,-150.051,88.114,-0.7268,0.2855,-0.6247,-0.6497,-0.5786,0.4931,-0.2207,0.7642,0.6061,25.5,0.001,0.552,0.678,0.30288,275.0,579.8,291.8,563.2,258.1,596.6,227,0.209,2
215,74.674,-149.484,86.882,-0.7339,0.2855,-0.6164,-0.6443,-0.5757,0.5034,-0.2111,0.7666,0.6065,25.5,0.0018,0.567,0.687,0.31534,273.5,579.1,290.0,562.6,256.7,595.8,228,1.328,2
216,73.21,-148.918,85.668,-0.7412,0.2856,-0.6074,-0.6387,-0.5729,0.5137,-0.2012,0.7688,0.6071,25.5,0.0022,0.582,0.691,0.33458,271.9,578.4,288.3,562.0,255.2,595.0,228,0.657,2
217,71.731,-148.35,84.472,-0.749,0.2859,-0.5977,-0.6327,-0.5702,0.524,-0.191,0.7707,0.6079,25.5,0.0023,0.596,0.7,0.35945,270.3,577.7,286.5,561.3,253.8,594.3,229,0.459,2
218,70.237,-147.783,83.296,-0.7571,0.2863,-0.5872,-0.6264,-0.5676,0.5342,-0.1804,0.7723,0.6091,25.5,0.0019,0.618,0.703,0.38304,268.6,577.0,284.7,560.7,252.4,593.5,229,1.526,2
219,68.727,-147.215,82.14,-0.7644,0.2859,-0.578,-0.6199,-0.5653,0.5443,-0.1711,0.7743,0.6093,25.5,0.0024,0.545,0.701,0.33925,267.0,576.3,282.9,560.0,250.9,592.7,230,0.431,2
220,67.203,-146.648,81.003,-0.7719,0.2857,-0.5679,-0.613,-0.5631,0.5542,-0.1615,0.7759,0.6098,25.5,0.0024,0.558,0.703,0.36327,265.4,575.6,281.0,559.4,249.5,592.0,231,0.626,2
221,65.663,-146.081,79.886,-0.7798,0.2856,-0.5571,-0.6058,-0.5612,0.5639,-0.1516,0.7772,0.6107,25.5,0.002,0.574,0.701,0.38633,263.7,574.9,279.2,558.7,248.0,591.3,231,1.359,2
222,64.108,-145.514,78.792,-0.7879,0.2856,-0.5456,-0.5984,-0.5596,0.5734,-0.1416,0.7783,0.6118,25.5,0.0012,0.58,0.696,0.40613,262.0,574.2,277.3,558.1,246.5,590.5,232,0.361,2
223,62.536,-144.948,77.721,-0.796,0.2857,-0.5336,-0.5906,-0.5583,0.5827,-0.1314,0.779,0.6131,25.5,0.0003,0.59,0.699,0.41801,260.4,573.5,275.4,557.4,245.1,589.8,233,0.57,2
224,60.948,-144.38,76.674,-0.8041,0.286,-0.5211,-0.5825,-0.5573,0.5917,-0.1212,0.7794,0.6147,25.5,0.0007,0.592,0.696,0.43014,258.7,572.8,273.5,556.8,243.6,589.1,233,1.414,2
225,59.344,-143.812,75.653,-0.8121,0.2864,-0.5083,-0.5742,-0.5566,0.6004,-0.111,0.7795,0.6165,25.5,0.0017,0.593,0.69,0.43597,256.9,572.1,271.6,556.1,242.1,588.4,234,0.557,2
226,57.725,-143.244,74.657,-0.82,0.2865,-0.4955,-0.5655,-0.5563,0.6089,-0.1012,0.7795,0.6182,25.5,0.0026,0.57,0.697,0.43429,255.2,571.4,269.6,555.4,240.6,587.7,235,0.221,2
227,56.09,-142.675,73.686,-0.8275,0.2865,-0.4829,-0.5566,-0.5563,0.617,-0.0919,0.7793,0.6198,25.5,0.0033,0.541,0.69,0.42335,253.5,570.8,267.6,554.8,239.1,587.1,236,0.914,2
228,54.44,-142.107,72.74,-0.8347,0.2864,-0.4704,-0.5474,-0.5568,0.6248,-0.083,0.779,0.6215,25.5,0.0035,0.519,0.692,0.41648,251.7,570.1,265.6,554.1,237.6,586.4,236,1.07,2
229,52.777,-141.539,71.819,-0.8416,0.2861,-0.4581,-0.5378,-0.5576,0.6324,-0.0745,0.7786,0.6231,25.5,0.0034,0.496,0.703,0.40726,250.0,569.4,263.6,553.4,236.1,585.8,237,0.468,2
230,51.1,-140.971,70.922,-0.8483,0.2857,-0.4459,-0.5279,-0.5588,0.6396,-0.0664,0.778,0.6248,25.5,0.003,0.475,0.705,0.40203,248.2,568.8,261.6,552.7,234.6,585.1,238,0.039,2
231,49.41,-140.405,70.049,-0.8548,0.2851,-0.4336,-0.5177,-0.5603,0.6466,-0.0586,0.7772,0.6266,25.5,0.0024,0.461,0.714,0.40201,246.4,568.1,259.5,552.0,233.0,584.5,239,0.441,2
232,47.708,-139.84,69.201,-0.8611,0.2845,-0.4214,-0.5071,-0.5622,0.6532,-0.0511,0.7762,0.6284,25.5,0.0015,0.446,0.724,0.3968,244.6,567.4,257.5,551.3,231.5,583.9,240,0.735,2
233,45.993,-139.272,68.379,-0.867,0.2877,-0.4069,-0.4962,-0.5645,0.6596,-0.0399,0.7738,0.6322,25.5,0.0006,0.691,0.736,0.46129,242.8,566.8,255.4,550.6,230.0,583.3,241,0.917,2
234,44.266,-138.699,67.585,-0.8731,0.2888,-0.3929,-0.4849,-0.5672,0.6657,-0.0306,0.7717,0.6352,25.5,0.002,0.573,0.752,0.44206,241.0,566.1,253.3,549.8,228.5,582.7,242,0.995,2
235,42.528,-138.127,66.819,-0.8793,0.2876,-0.3798,-0.4735,-0.5702,0.6714,-0.0235,0.7701,0.6375,25.5,0.0026,0.437,0.75,0.41986,239.2,565.5,251.2,549.1,226.9,582.1,243,0.979,2
236,40.776,-137.56,66.078,-0.8856,0.284,-0.3676,-0.4619,-0.5735,0.6766,-0.0186,0.769,0.639,25.5,0.0025,0.3,0.752,0.40981,237.3,564.8,249.0,548.4,225.4,581.6,244,0.876,2
237,39.013,-137.001,65.359,-0.8919,0.2782,-0.3566,-0.4502,-0.5771,0.6814,-0.0162,0.7683,0.6399,25.5,0.002,0.152,0.753,0.40248,235.5,564.2,246.9,547.6,223.9,581.0,245,0.696,2
238,37.237,-136.457,64.661,-0.8981,0.2703,-0.3468,-0.4385,-0.581,0.6857,-0.0161,0.7679,0.6403,25.5,0.001,0.033,0.748,0.40512,233.6,563.5,244.7,546.9,222.3,580.5,246,0.445,2
239,35.448,-135.93,63.982,-0.9044,0.2603,-0.3382,-0.4269,-0.5852,0.6894,-0.0184,0.7679,0.6403,25.5,0.0006,0.132,0.738,0.42204,231.8,562.9,242.6,546.2,220.7,580.0,247,0.134,2
240,33.647,-135.423,63.32,-0.9104,0.2506,-0.3291,-0.4155,-0.5896,0.6927,-0.0205,0.7674,0.6409,25.5,0.0025,0.128,0.725,0.42121,229.9,562.4,240.4,545.5,219.1,579.5,248,0.231,2
241,31.835,-134.933,62.676,-0.9158,0.2434,-0.3194,-0.4042,-0.5942,0.6954,-0.0206,0.7659,0.6426,25.5,0.0034,0.13,0.716,0.38205,228.0,561.8,238.2,544.8,217.5,579.1,249,0.639,2
242,30.013,-134.455,62.052,-0.9206,0.2386,-0.309,-0.3932,-0.599,0.6976,-0.0187,0.7637,0.6453,25.5,0.0035,0.227,0.699,0.35856,226.1,561.3,236.0,544.2,215.9,578.7,251,0.438,2
243,28.181,-133.985,61.45,-0.925,0.236,-0.2978,-0.3823,-0.6038,0.6994,-0.0148,0.7608,0.6488,25.5,0.0028,0.343,0.69,0.35543,224.2,560.7,233.9,543.5,214.3,578.3,252,0.057,2
244,26.342,-133.517,60.871,-0.9289,0.2357,-0.2857,-0.3718,-0.6087,0.7009,-0.0087,0.7573,0.653,25.5,0.0016,0.469,0.669,0.36714,222.3,560.2,231.7,542.9,212.6,577.9,253,0.528,2
245,24.494,-133.048,60.317,-0.9324,0.2375,-0.2725,-0.3615,-0.6135,0.7021,-0.0004,0.7531,0.6579,25.5,0.0,0.602,0.655,0.39766,220.3,559.7,229.5,542.2,211.0,577.5,255,0.526,2
246,22.641,-132.573,59.79,-0.9354,0.2417,-0.258,-0.3515,-0.6182,0.7031,0.0104,0.7484,0.6632,25.5,0.002,0.74,0.636,0.44436,218.4,559.1,227.4,541.6,209.3,577.0,256,0.097,2
247,20.782,-132.093,59.29,-0.9387,0.2416,-0.2458,-0.3419,-0.6227,0.7038,0.017,0.7447,0.6672,25.5,0.0025,0.49,0.609,0.36494,216.5,558.6,225.2,540.9,207.6,576.6,257,0.293,2
248,18.915,-131.614,58.815,-0.9419,0.2412,-0.2337,-0.3324,-0.6271,0.7044,0.0234,0.7412,0.6709,25.5,0.0028,0.469,0.601,0.36156,214.6,558.1,223.0,540.3,205.9,576.2,258,0.643,2
249,17.043,-131.135,58.363,-0.945,0.241,-0.2211,-0.323,-0.6316,0.7048,0.0303,0.7375,0.6747,25.5,0.0028,0.499,0.598,0.37465,212.6,557.5,220.9,539.7,204.2,575.8,260,0.755,2
250,15.164,-130.657,57.938,-0.948,0.2411,-0.2077,-0.3135,-0.6361,0.7051,0.0379,0.7335,0.6786,25.5,0.0026,0.54,0.603,0.39647,210.7,557.0,218.7,539.0,202.5,575.3,261,0.512,2
251,13.28,-130.178,57.54,-0.951,0.2415,-0.1932,-0.3037,-0.6407,0.7051,0.0465,0.7293,0.6827,25.5,0.0021,0.597,0.62,0.42764,208.7,556.5,216.5,538.4,200.8,574.9,262,0.3,2
252,11.39,-129.698,57.172,-0.9539,0.2421,-0.1772,-0.2935,-0.6456,0.705,0.0562,0.7246,0.6869,25.5,0.0013,0.663,0.648,0.46974,206.8,556.0,214.3,537.8,199.1,574.5,263,0.117,2
253,9.494,-129.217,56.838,-0.9569,0.243,-0.1593,-0.2826,-0.6508,0.7047,0.0676,0.7193,0.6914,25.5,0.0,0.765,0.692,0.52471,204.8,555.4,212.1,537.1,197.4,574.1,264,0.039,2
254,7.592,-128.734,56.54,-0.9595,0.2438,-0.1409,-0.2709,-0.6563,0.7042,0.0792,0.7138,0.6958,25.5,0.0007,0.778,0.741,0.53703,202.8,554.9,209.8,536.5,195.7,573.8,265,0.17,2
255,5.686,-128.25,56.279,-0.962,0.2442,-0.1223,-0.2585,-0.6622,0.7034,0.0908,0.7082,0.7001,25.5,0.0009,0.778,0.788,0.54197,200.9,554.4,207.5,535.8,194.1,573.4,266,0.28,2
256,3.774,-127.765,56.055,-0.9642,0.2444,-0.103,-0.2453,-0.6683,0.7022,0.1028,0.7024,0.7044,25.5,0.0009,0.802,0.836,0.56087,198.9,553.9,205.2,535.1,192.4,573.0,267,0.371,2
257,1.859,-127.28,55.87,-0.9661,0.2442,-0.0833,-0.2316,-0.6747,0.7008,0.115,0.6963,0.7084,25.5,0.0006,0.814,0.87,0.57147,196.9,553.4,202.9,534.4,190.8,572.7,268,0.446,2
258,-0.06,-126.796,55.725,-0.9678,0.2438,-0.0631,-0.2174,-0.6813,0.699,0.1274,0.6901,0.7124,25.5,0.0002,0.827,0.903,0.5854,194.9,552.8,200.6,533.8,189.2,572.3,269,0.509,2
259,-1.982,-126.312,55.62,-0.9691,0.243,-0.0426,-0.2027,-0.6881,0.6967,0.14,0.6838,0.7161,25.5,0.0005,0.835,0.937,0.59348,193.0,552.3,198.3,533.1,187.5,572.0,270,0.563,2
260,-3.906,-125.83,55.557,-0.9699,0.2426,-0.021,-0.1878,-0.695,0.6941,0.1538,0.6771,0.7196,25.5,0.001,0.902,0.953,0.62413,191.0,551.8,195.9,532.4,185.9,571.6,271,0.611,2
261,-5.832,-125.35,55.537,-0.9703,0.2419,0.0017,-0.1726,-0.702,0.691,0.1683,0.6702,0.7229,25.5,0.0012,0.939,0.975,0.65584,189.0,551.3,193.5,531.8,184.3,571.3,272,0.656,2
262,-7.757,-124.871,55.564,-0.9702,0.2408,0.025,-0.1573,-0.709,0.6874,0.1833,0.663,0.7258,25.5,0.0009,0.968,0.986,0.67351,187.0,550.8,191.2,531.1,182.7,571.0,273,0.701,2
263,-9.682,-124.394,55.637,-0.9697,0.2394,0.0486,-0.1418,-0.7161,0.6834,0.1984,0.6558,0.7284,25.5,0.0007,0.97,1.003,0.68277,185.0,550.4,188.8,530.4,181.1,570.7,274,0.748,2
264,-11.606,-123.921,55.757,-0.9687,0.2375,0.0721,-0.1263,-0.7232,0.679,0.2134,0.6486,0.7306,25.5,0.0005,0.962,1.009,0.68136,183.0,549.9,186.4,529.8,179.5,570.4,275,0.798,2
265,-13.526,-123.451,55.923,-0.967,0.2361,0.0958,-0.1108,-0.7303,0.674,0.2291,0.6412,0.7324,25.5,0.0007,1.0,1.018,0.6872,181.0,549.4,184.1,529.1,178.0,570.1,276,0.854,2
266,-15.443,-122.984,56.137,-0.9647,0.2346,0.1198,-0.0953,-0.7374,0.6687,0.2452,0.6336,0.7337,25.5,0.0009,1.023,1.023,0.69745,179.1,548.9,181.7,528.5,176.4,569.8,277,0.917,2
267,-17.355,-122.52,56.399,-0.962,0.2322,0.1438,-0.0799,-0.7445,0.6628,0.261,0.6261,0.7347,25.5,0.0007,1.004,1.029,0.70075,177.1,548.5,179.3,527.9,174.8,569.5,279,0.916,2
268,-19.261,-122.063,56.708,-0.9589,0.2291,0.1677,-0.0645,-0.7516,0.6565,0.2764,0.6187,0.7354,25.5,0.0002,0.98,1.037,0.70156,175.1,548.0,177.0,527.2,173.2,569.2,280,0.823,2
269,-21.161,-121.612,57.064,-0.9553,0.2251,0.1914,-0.0491,-0.7586,0.6497,0.2915,0.6112,0.7358,25.5,0.0005,0.966,1.045,0.70168,173.1,547.6,174.6,526.6,171.6,569.0,281,0.716,2
270,-23.052,-121.169,57.468,-0.951,0.2218,0.2155,-0.0338,-0.7657,0.6423,0.3074,0.6036,0.7357,25.5,0.0007,1.01,1.055,0.7132,171.2,547.2,172.3,526.0,170.1,568.7,282,0.595,2
271,-24.935,-120.732,57.919,-0.946,0.2186,0.2394,-0.0187,-0.7727,0.6345,0.3237,0.5958,0.735,25.5,0.0007,1.036,1.053,0.71103,169.2,546.7,170.0,525.4,168.5,568.5,283,0.457,2
272,-26.807,-120.302,58.417,-0.9408,0.2144,0.2625,-0.0037,-0.7795,0.6264,0.3389,0.5883,0.7342,25.5,0.0008,0.972,1.052,0.6943,167.3,546.3,167.6,524.9,166.9,568.2,284,0.299,2
273,-28.669,-119.881,58.96,-0.9355,0.2094,0.2845,0.011,-0.7861,0.618,0.353,0.5812,0.7332,25.5,0.0009,0.906,1.041,0.66915,165.4,545.9,165.3,524.3,165.4,568.0,285,0.12,2
274,-30.52,-119.471,59.546,-0.9303,0.2036,0.3052,0.0252,-0.7925,0.6094,0.366,0.5746,0.7321,25.5,0.0012,0.838,1.019,0.63859,163.4,545.6,163.1,523.8,163.8,567.8,286,0.083,2
275,-32.361,-119.073,60.171,-0.9242,0.199,0.3259,0.039,-0.7984,0.6008,0.3798,0.568,0.7302,25.5,0.0009,0.883,0.991,0.63704,161.5,545.2,160.8,523.2,162.3,567.5,287,0.312,2
276,-34.188,-118.681,60.839,-0.9175,0.195,0.3467,0.0523,-0.8041,0.5923,0.3943,0.5615,0.7275,25.5,0.0006,0.923,0.962,0.64141,159.6,544.8,158.6,522.7,160.7,567.3,288,0.571,2
277,-36.003,-118.3,61.547,-0.9111,0.1894,0.3661,0.0654,-0.8095,0.5835,0.4069,0.5556,0.7251,25.5,0.0007,0.809,0.956,0.61156,157.7,544.5,156.3,522.3,159.1,567.1,290,0.799,3
278,-37.805,-117.931,62.292,-0.905,0.1822,0.3843,0.0785,-0.8148,0.5745,0.4178,0.5501,0.7231,25.5,0.0013,0.709,0.96,0.59192,155.8,544.2,154.1,521.8,157.6,566.9,291,0.438,3
279,-39.595,-117.578,63.071,-0.8994,0.1735,0.4013,0.0919,-0.82,0.5649,0.4271,0.5449,0.7216,25.5,0.0018,0.617,0.99,0.57457,154.0,543.8,151.9,521.4,156.1,566.7,292,0.04,3
280,-41.375,-117.243,63.884,-0.894,0.1632,0.4173,0.1058,-0.8253,0.5547,0.4349,0.54,0.7206,25.5,0.0022,0.531,1.033,0.57103,152.1,543.6,149.7,520.9,154.6,566.6,293,0.398,3
281,-43.143,-116.931,64.729,-0.8877,0.1518,0.4347,0.1202,-0.8306,0.5437,0.4436,0.5349,0.7191,25.5,0.0036,0.584,1.082,0.62758,150.2,543.3,147.4,520.5,153.1,566.4,295,0.591,3
282,-44.897,-116.639,65.608,-0.8809,0.143,0.4513,0.1346,-0.8357,0.5324,0.4533,0.5297,0.7169,25.5,0.0022,0.643,1.089,0.57691,148.4,543.1,145.2,520.2,151.6,566.3,296,0.041,3
283,-46.639,-116.362,66.519,-0.874,0.137,0.4662,0.1481,-0.8405,0.5212,0.4633,0.5246,0.7143,25.5,0.0016,0.66,1.042,0.5047,146.6,542.8,143.0,519.8,150.1,566.2,297,0.58,3
284,-48.366,-116.093,67.458,-0.8674,0.1339,0.4792,0.1602,-0.8447,0.5107,0.4732,0.5197,0.7113,25.5,0.0073,0.656,0.949,0.43037,144.7,542.6,140.9,519.5,148.6,566.1,299,0.066,3
285,-50.082,-115.828,68.42,-0.8615,0.1334,0.49,0.1699,-0.8484,0.5014,0.4826,0.5152,0.7083,25.5,0.0139,0.621,0.799,0.3556,142.9,542.4,138.8,519.2,147.1,566.0,301,0.501,3
286,-51.785,-115.563,69.401,-0.8538,0.1331,0.5033,0.1766,-0.8514,0.4938,0.4943,0.5106,0.7035,25.5,0.0156,0.771,0.605,0.444,141.1,542.2,136.9,518.9,145.5,565.8,302,0.33,3
287,-53.467,-115.303,70.423,-0.8419,0.1287,0.524,0.1801,-0.8538,0.4884,0.5103,0.5056,0.6957,25.5,0.0056,1.059,0.394,0.70082,139.4,542.0,135.0,518.6,143.8,565.7,304,0.139,3
288,-55.13,-115.051,71.476,-0.8343,0.126,0.5366,0.1805,-0.8558,0.4848,0.5203,0.5014,0.6913,25.5,0.0017,0.671,0.237,0.43191,137.6,541.8,133.2,518.4,142.0,565.6,306,0.123,3
289,-56.781,-114.802,72.549,-0.8302,0.1244,0.5433,0.1784,-0.8574,0.4827,0.5259,0.4978,0.6897,25.5,0.0075,0.392,0.193,0.23144,135.8,541.6,131.5,518.2,140.2,565.4,308,0.197,3
290,-58.428,-114.556,73.63,-0.8291,0.1239,0.5452,0.1742,-0.8588,0.4818,0.5279,0.4945,0.6905,25.5,0.0118,0.226,0.259,0.06497,134.1,541.4,129.9,517.9,138.3,565.3,310,0.292,3
291,-60.074,-114.31,74.71,-0.8308,0.1243,0.5425,0.1684,-0.8601,0.4816,0.5265,0.4915,0.6937,25.5,0.0145,0.264,0.341,0.09282,132.3,541.3,128.3,517.7,136.4,565.2,312,0.318,3
292,-61.728,-114.062,75.78,-0.8355,0.1258,0.5348,0.1612,-0.8613,0.4819,0.5213,0.4889,0.6994,25.5,0.0147,0.467,0.419,0.26401,130.6,541.1,126.8,517.5,134.4,565.0,314,0.184,3
293,-63.393,-113.81,76.829,-0.8437,0.1284,0.5212,0.1533,-0.8626,0.4822,0.5115,0.4867,0.7081,25.5,0.0112,0.761,0.459,0.4646,128.8,540.9,125.2,517.2,132.4,564.9,316,0.249,3
294,-65.079,-113.551,77.843,-0.8551,0.133,0.5011,0.145,-0.864,0.4821,0.4971,0.4849,0.7195,25.5,0.0027,1.057,0.482,0.68047,127.0,540.7,123.6,517.0,130.4,564.7,317,0.454,3
295,-66.776,-113.279,78.835,-0.856,0.141,0.4975,0.1366,-0.8657,0.4815,0.4985,0.4801,0.7218,25.5,0.0006,0.315,0.492,0.2546,125.2,540.5,122.0,516.7,128.3,564.6,319,0.318,3
296,-68.478,-112.994,79.816,-0.8592,0.1452,0.4905,0.1284,-0.8679,0.4799,0.4954,0.4753,0.7271,25.5,0.0009,0.447,0.495,0.25309,123.3,540.2,120.4,516.4,126.3,564.4,320,0.226,3
297,-70.188,-112.705,80.779,-0.8652,0.1455,0.4798,0.1204,-0.8705,0.4771,0.4872,0.4706,0.7357,25.5,0.0019,0.732,0.508,0.35431,121.5,540.0,118.8,516.1,124.2,564.3,321,0.692,3
298,-71.914,-112.42,81.717,-0.8742,0.1413,0.4646,0.1127,-0.8739,0.4729,0.4728,0.4657,0.748,25.5,0.0023,1.121,0.539,0.52429,119.7,539.8,117.2,515.8,122.2,564.1,323,0.491,3
299,-73.66,-112.148,82.619,-0.8867,0.1315,0.4433,0.1055,-0.878,0.4668,0.4506,0.4607,0.7647,25.5,0.0021,1.617,0.59,0.76707,117.8,539.5,115.5,515.4,120.1,564.0,324,0.163,3
300,-75.436,-111.902,83.471,-0.9031,0.1145,0.4138,0.0988,-0.8831,0.4587,0.4179,0.4552,0.7862,25.5,0.0005,2.264,0.669,1.09131,115.9,539.3,113.8,515.1,118.0,563.9,325,0.1,3
301,-77.246,-111.693,84.257,-0.9203,0.0982,0.3786,0.0928,-0.8891,0.4482,0.3806,0.4476,0.8092,25.5,0.003,2.548,0.773,1.22534,114.0,539.2,112.0,514.8,115.9,563.9,326,0.274,3
302,-79.087,-111.512,84.974,-0.9352,0.0837,0.3441,0.0879,-0.8961,0.435,0.3448,0.4371,0.8307,25.5,0.0075,2.467,0.901,1.16299,112.0,539.0,110.2,514.5,113.8,563.9,327,0.346,3
303,-80.955,-111.36,85.626,-0.9469,0.0703,0.3137,0.0848,-0.9042,0.4186,0.3131,0.423,0.8503,25.5,0.0125,2.283,1.063,1.01709,110.0,538.9,108.3,514.1,111.8,564.0,328,0.299,3
304,-82.843,-111.232,86.225,-0.9547,0.0595,0.2914,0.084,-0.9133,0.3986,0.2899,0.4051,0.8671,25.5,0.0184,1.935,1.26,0.75007,108.0,538.8,106.3,513.8,109.7,564.1,329,0.115,3
305,-84.744,-111.122,86.784,-0.9624,0.05,0.267,0.0861,-0.9232,0.3745,0.2653,0.3836,0.8846,25.5,0.029,2.124,1.498,0.78803,106.0,538.8,104.2,513.5,107.8,564.3,330,0.228,3
306,-86.663,-111.035,87.282,-0.9708,0.0377,0.2369,0.0911,-0.9336,0.3465,0.2345,0.3583,0.9037,25.5,0.0416,2.533,1.735,0.96965,103.9,538.7,102.0,513.2,105.9,564.5,331,0.747,3
307,-88.595,-110.974,87.728,-0.9766,0.0238,0.2136,0.0985,-0.9439,0.3152,0.2094,0.3293,0.9207,25.5,0.0513,2.404,1.935,0.80108,101.9,538.7,99.7,512.9,104.1,564.6,331,1.238,3
308,-90.537,-110.942,88.136,-0.9802,0.0083,0.1979,0.1076,-0.9535,0.2814,0.1913,0.2977,0.9353,25.5,0.0577,2.248,2.08,0.64543,99.8,538.7,97.3,512.7,102.3,564.8,332,0.532,3
309,-92.486,-110.94,88.512,-0.9838,-0.0058,0.1792,0.1181,-0.9621,0.2459,0.1714,0.2636,0.9493,25.5,0.0665,2.4,2.178,0.68413,97.7,538.7,94.9,512.5,100.6,565.0,333,0.358,3
310,-94.442,-110.966,88.847,-0.9871,-0.0215,0.1584,0.1294,-0.9693,0.2091,0.1495,0.2275,0.9622,25.5,0.0738,2.53,2.244,0.75845,95.7,538.7,92.5,512.4,98.8,565.2,334,1.43,3
311,-96.403,-111.027,89.143,-0.9892,-0.0404,0.1409,0.1412,-0.975,0.1715,0.1309,0.1901,0.973,25.5,0.0761,2.472,2.282,0.74617,93.6,538.8,90.1,512.4,97.1,565.3,334,0.555,3
312,-98.367,-111.128,89.409,-0.99,-0.0618,0.127,0.1534,-0.9791,0.1334,0.1164,0.152,0.9815,25.5,0.0744,2.386,2.304,0.73711,91.5,538.9,87.6,512.5,95.4,565.5,335,0.699,3
313,-100.333,-111.269,89.643,-0.9908,-0.0802,0.1094,0.1655,-0.9816,0.0954,0.1,0.1129,0.9886,25.5,0.0748,2.463,2.29,0.73552,89.4,539.1,85.1,512.6,93.7,565.7,335,1.286,3
314,-102.299,-111.448,89.844,-0.9906,-0.1004,0.0931,0.1775,-0.9824,0.0575,0.086,0.0737,0.9936,25.5,0.0718,2.402,2.278,0.74942,87.3,539.3,82.7,512.9,92.0,565.8,336,0.15,3
315,-104.264,-111.669,90.014,-0.9894,-0.1221,0.0784,0.1892,-0.9817,0.0201,0.0746,0.0348,0.9966,25.5,0.0658,2.329,2.246,0.75758,85.2,539.5,80.2,513.2,90.3,565.9,337,1.77,3
316,-106.225,-111.933,90.156,-0.9875,-0.1438,0.0644,0.2005,-0.9796,-0.0166,0.0656,-0.0035,0.9978,25.5,0.0582,2.255,2.204,0.74764,83.2,539.8,77.8,513.6,88.6,566.1,337,0.216,3
317,-108.183,-112.239,90.269,-0.9851,-0.1644,0.0498,0.2113,-0.976,-0.0525,0.0573,-0.0412,0.9975,25.5,0.0503,2.212,2.158,0.73231,81.1,540.2,75.3,514.0,86.9,566.3,338,1.595,3
318,-110.135,-112.585,90.354,-0.9822,-0.1842,0.0354,0.2216,-0.9712,-0.0874,0.0506,-0.0781,0.9957,25.5,0.0419,2.151,2.103,0.71186,79.0,540.5,72.9,514.6,85.1,566.4,338,0.39,3
319,-112.081,-112.969,90.41,-0.979,-0.2029,0.0216,0.2313,-0.9653,-0.1214,0.0455,-0.1139,0.9925,25.5,0.0332,2.08,2.054,0.67735,77.0,540.9,70.6,515.2,83.4,566.6,339,1.618,3
320,-114.02,-113.393,90.441,-0.9744,-0.2247,0.0104,0.2404,-0.9583,-0.1543,0.0446,-0.1479,0.988,25.5,0.0205,1.966,1.997,0.71996,74.9,541.4,68.2,515.9,81.7,566.8,339,0.368,3
321,-115.949,-113.858,90.45,-0.9701,-0.2427,-0.0021,0.249,-0.9505,-0.1861,0.0432,-0.181,0.9825,25.5,0.0105,1.924,1.94,0.64477,72.9,541.9,65.9,516.6,79.9,567.0,340,1.835,3
322,-117.871,-114.352,90.431,-0.9669,-0.2546,-0.0169,0.2571,-0.9418,-0.2167,0.0393,-0.2139,0.9761,25.5,0.0051,1.933,1.881,0.55604,70.9,542.4,63.6,517.4,78.2,567.2,340,0.151,3
323,-119.787,-114.864,90.382,-0.9648,-0.2607,-0.0335,0.2647,-0.9324,-0.2462,0.0329,-0.2464,0.9686,25.5,0.0041,1.946,1.827,0.51424,68.9,542.9,61.3,518.3,76.4,567.4,340,2.134,3
324,-121.7,-115.389,90.3,-0.9616,-0.2706,-0.0467,0.2719,-0.9224,-0.2744,0.0312,-0.2766,0.9605,25.5,0.001,1.794,1.763,0.48522,66.9,543.5,59.0,519.1,74.7,567.7,341,0.22,3
325,-123.604,-115.937,90.196,-0.958,-0.2808,-0.0586,0.2788,-0.9118,-0.3014,0.0312,-0.3051,0.9518,25.5,0.0066,1.707,1.708,0.46428,64.9,544.1,56.8,520.0,72.9,567.9,341,1.766,3
326,-125.503,-116.499,90.066,-0.9557,-0.2851,-0.0734,0.2853,-0.9008,-0.3272,0.0272,-0.3337,0.9423,25.5,0.0082,1.742,1.65,0.44988,62.9,544.6,54.5,520.9,71.1,568.1,342,0.683,3
327,-127.398,-117.065,89.902,-0.9544,-0.2841,-0.0915,0.2916,-0.8895,-0.3518,0.0185,-0.3625,0.9318,25.5,0.0066,1.826,1.593,0.52472,60.9,545.2,52.3,521.9,69.4,568.3,342,1.302,3
328,-129.292,-117.623,89.7,-0.9539,-0.2776,-0.1137,0.2976,-0.8779,-0.3752,0.0044,-0.3918,0.9201,25.5,0.0025,1.98,1.535,0.66804,58.9,545.8,50.1,522.8,67.6,568.5,343,1.185,3
329,-131.182,-118.174,89.456,-0.9512,-0.2795,-0.1305,0.3035,-0.866,-0.3974,-0.0019,-0.4177,0.9086,25.5,0.0052,1.663,1.482,0.49435,57.0,546.4,47.9,523.7,65.9,568.7,343,0.8,3
330,-133.067,-118.73,89.18,-0.9487,-0.2794,-0.1479,0.3093,-0.8539,-0.4185,-0.0094,-0.4428,0.8966,25.5,0.007,1.651,1.433,0.50756,55.0,546.9,45.8,524.7,64.1,568.9,344,1.672,3
331,-134.948,-119.279,88.867,-0.9469,-0.2735,-0.1688,0.315,-0.8417,-0.4385,-0.0222,-0.4684,0.8832,25.5,0.006,1.811,1.382,0.62916,53.0,547.5,43.6,525.6,62.4,569.1,344,0.313,3
332,-136.826,-119.811,88.507,-0.9454,-0.2614,-0.1944,0.3208,-0.8294,-0.4573,-0.0417,-0.4947,0.868,25.5,0.0024,2.068,1.329,0.81875,51.1,548.0,41.4,526.5,60.6,569.3,345,2.094,3
333,-138.701,-120.312,88.091,-0.9435,-0.2422,-0.2259,0.3265,-0.8171,-0.4751,-0.0695,-0.522,0.8501,25.5,0.0028,2.457,1.282,1.06665,49.2,548.5,39.3,527.3,58.9,569.4,345,0.11,3
334,-140.569,-120.784,87.616,-0.9392,-0.2328,-0.2525,0.3324,-0.8048,-0.4918,-0.0887,-0.5458,0.8332,25.5,0.0007,2.002,1.236,0.82397,47.2,549.0,37.2,528.2,57.2,569.5,345,1.875,3
335,-142.428,-121.232,87.086,-0.9344,-0.2175,-0.2822,0.3385,-0.7924,-0.5074,-0.1133,-0.5697,0.814,25.5,0.0008,2.252,1.194,0.97451,45.3,549.4,35.0,529.0,55.5,569.5,346,0.426,3
336,-144.277,-121.643,86.494,-0.9285,-0.195,-0.316,0.3449,-0.7801,-0.522,-0.1447,-0.5937,0.7916,25.5,0.0032,2.603,1.154,1.1847,43.4,549.8,32.9,529.7,53.8,569.5,346,1.559,3
337,-146.112,-122.0,85.829,-0.9204,-0.1633,-0.3552,0.3516,-0.7678,-0.5356,-0.1852,-0.6179,0.7642,25.5,0.008,3.126,1.119,1.47455,41.6,550.1,30.8,530.4,52.1,569.5,347,0.606,3
338,-147.927,-122.295,85.082,-0.9081,-0.1336,-0.3968,0.3588,-0.7556,-0.548,-0.2266,-0.6401,0.7341,25.5,0.0074,3.197,1.079,1.51823,39.7,550.4,28.8,531.0,50.5,569.4,347,1.38,3
339,-149.715,-122.528,84.254,-0.8936,-0.1012,-0.4374,0.3665,-0.7434,-0.5595,-0.2685,-0.6603,0.7014,25.5,0.0075,3.258,1.057,1.55743,37.9,550.5,26.7,531.6,48.9,569.2,348,0.638,3
340,-151.472,-122.696,83.349,-0.8777,-0.0676,-0.4745,0.3747,-0.7313,-0.5699,-0.3085,-0.678,0.6672,25.5,0.009,3.182,1.028,1.51658,36.2,550.7,24.7,532.0,47.4,569.0,348,1.35,3
341,-153.197,-122.797,82.372,-0.8593,-0.0344,-0.5103,0.3834,-0.7193,-0.5794,-0.3472,-0.6935,0.6313,25.5,0.009,3.153,1.009,1.50665,34.5,550.7,22.7,532.4,46.0,568.6,349,0.541,3
342,-154.881,-122.831,81.323,-0.8374,0.0008,-0.5466,0.3927,-0.7073,-0.5878,-0.387,-0.7069,0.592,25.5,0.0081,3.296,0.994,1.59129,32.8,550.6,20.8,532.7,44.6,568.3,349,1.448,3
343,-156.519,-122.792,80.204,-0.8128,0.0384,-0.5813,0.4025,-0.6954,-0.5954,-0.427,-0.7179,0.5498,25.5,0.0077,3.391,0.985,1.6395,31.2,550.5,18.9,532.9,43.3,567.8,350,0.341,3
344,-158.105,-122.678,79.017,-0.7853,0.0761,-0.6145,0.4128,-0.6835,-0.6019,-0.4658,-0.7264,0.5054,25.5,0.0063,3.414,0.976,1.65386,29.6,550.3,17.0,533.1,42.0,567.2,350,1.647,3
345,-159.635,-122.491,77.767,-0.7557,0.1128,-0.6452,0.4238,-0.6718,-0.6075,-0.502,-0.7325,0.4599,25.5,0.0041,3.35,0.974,1.62469,28.2,550.0,15.2,533.1,40.8,566.6,351,0.062,3
346,-161.103,-122.228,76.458,-0.7236,0.152,-0.6733,0.4354,-0.6602,-0.6121,-0.5375,-0.736,0.4115,25.5,0.0033,3.445,0.976,1.6731,26.7,549.7,13.5,533.1,39.7,565.9,352,1.696,3
347,-162.504,-121.885,75.096,-0.6872,0.1938,-0.7002,0.4476,-0.6486,-0.6156,-0.5734,-0.7364,0.359,25.5,0.0022,3.645,0.985,1.77925,25.4,549.2,11.8,532.9,38.8,565.2,352,0.289,3
348,-163.829,-121.462,73.681,-0.6487,0.2329,-0.7245,0.4606,-0.6372,-0.618,-0.6056,-0.7346,0.306,25.5,0.0005,3.555,1.0,1.73314,24.2,548.6,10.2,532.7,37.9,564.3,353,1.29,3
349,-165.08,-120.962,72.224,-0.6119,0.2704,-0.7433,0.4742,-0.6258,-0.6193,-0.6326,-0.7314,0.2547,25.5,0.0009,3.327,1.019,1.61153,23.0,548.0,8.7,532.4,37.1,563.4,353,0.696,3
350,-166.258,-120.389,70.734,-0.5752,0.3075,-0.758,0.4884,-0.6146,-0.6194,-0.6564,-0.7265,0.2033,25.5,0.0004,3.258,1.036,1.56563,21.9,547.3,7.3,532.0,36.4,562.3,354,0.83,3
351,-167.358,-119.742,69.214,-0.5338,0.3439,-0.7725,0.5033,-0.6036,-0.6184,-0.6789,-0.7189,0.149,25.5,0.0015,3.396,1.063,1.64615,20.9,546.5,5.9,531.5,35.7,561.3,354,1.158,3
352,-168.377,-119.024,67.67,-0.4928,0.3799,-0.7828,0.5189,-0.5926,-0.616,-0.698,-0.7098,0.0949,25.5,0.0014,3.329,1.102,1.60351,20.0,545.7,4.6,531.0,35.2,560.1,355,0.318,3
353,-169.314,-118.234,66.11,-0.4513,0.4167,-0.7891,0.5352,-0.5819,-0.6123,-0.7143,-0.6987,0.0396,25.5,0.0008,3.364,1.137,1.61217,19.2,544.7,3.3,530.3,34.8,558.9,355,1.671,3
354,-170.163,-117.371,64.538,-0.4049,0.4525,-0.7945,0.5521,-0.5715,-0.6071,-0.7288,-0.6845,-0.0185,25.5,0.0002,3.527,1.175,1.69973,18.5,543.7,2.2,529.6,34.5,557.6,356,0.252,3
355,-170.922,-116.439,62.959,-0.3603,0.4862,-0.7961,0.5698,-0.5613,-0.6003,-0.7387,-0.6699,-0.0748,25.5,0.0003,3.381,1.234,1.61494,17.9,542.7,1.1,528.8,34.4,556.3,357,1.127,3
356,-171.594,-115.442,61.38,-0.3171,0.5184,-0.7942,0.588,-0.5513,-0.5918,-0.7446,-0.6547,-0.13,25.5,0.0022,3.298,1.286,1.55695,17.3,541.5,0.1,527.9,34.3,554.9,357,0.859,3
357,-172.177,-114.382,59.807,-0.2702,0.5493,-0.7908,0.6069,-0.5416,-0.5816,-0.7477,-0.6371,-0.187,25.5,0.0016,3.423,1.35,1.62484,16.9,540.3,-0.8,526.9,34.3,553.5,358,0.48,3
358,-172.668,-113.263,58.244,-0.2245,0.5787,-0.784,0.6265,-0.5322,-0.5695,-0.7468,-0.619,-0.2431,25.5,0.0021,3.378,1.425,1.58149,16.6,539.1,-1.6,525.9,34.4,552.0,358,1.506,3
359,-173.068,-112.085,56.698,-0.1782,0.6079,-0.7737,0.6466,-0.5231,-0.5552,-0.7423,-0.5993,-0.2999,25.5,0.0037,3.455,1.506,1.6086,16.3,537.7,-2.3,524.8,34.6,550.5,359,0.202,3
360,-173.369,-110.85,55.174,-0.1271,0.6361,-0.7611,0.6674,-0.5144,-0.5385,-0.7341,-0.5764,-0.3591,25.5,0.0022,3.668,1.608,1.72433,16.1,536.4,-3.0,523.6,35.0,548.9,360,1.065,3
361,-173.576,-109.563,53.678,-0.0818,0.6606,-0.7463,0.6886,-0.506,-0.5194,-0.7207,-0.5564,-0.4135,25.5,0.003,3.409,1.704,1.54737,16.1,534.9,-3.5,522.4,35.4,547.3,360,0.92,3
362,-173.696,-108.23,52.214,-0.039,0.6832,-0.7291,0.7102,-0.4981,-0.4975,-0.7031,-0.5373,-0.4658,25.5,0.0053,3.346,1.82,1.48333,16.1,533.5,-4.0,521.1,35.9,545.6,361,0.309,3
363,-173.725,-106.851,50.786,0.0091,0.7053,-0.7088,0.732,-0.4906,-0.4727,-0.6812,-0.5146,-0.5208,25.5,0.0043,3.633,1.94,1.63735,16.2,532.0,-4.4,519.8,36.5,544.0,362,1.49,3
364,-173.664,-105.432,49.401,0.0518,0.7247,-0.6871,0.7538,-0.4836,-0.4448,-0.6547,-0.4949,-0.5713,25.5,0.0058,3.458,2.068,1.4923,16.4,530.4,-4.6,518.4,37.2,542.3,362,0.497,3
365,-173.521,-103.976,48.06,0.0939,0.7422,-0.6636,0.7753,-0.4771,-0.4139,-0.6238,-0.4756,-0.6202,25.5,0.0066,3.494,2.189,1.48121,16.7,528.8,-4.8,516.9,38.0,540.6,363,0.635,3
366,-173.29,-102.486,46.77,0.1392,0.7591,-0.6359,0.7962,-0.4712,-0.3796,-0.5878,-0.4535,-0.67,25.5,0.0055,3.742,2.326,1.60914,17.1,527.2,-4.9,515.4,38.8,538.9,363,1.352,3
367,-172.968,-100.963,45.54,0.1849,0.7765,-0.6024,0.8162,-0.4661,-0.3415,-0.5459,-0.4285,-0.7199,25.5,0.0053,4.0,2.483,1.7118,17.5,525.6,-4.8,513.8,39.7,537.2,364,0.28,3
368,-172.548,-99.407,44.383,0.2367,0.7913,-0.5637,0.8349,-0.4621,-0.2991,-0.4972,-0.3998,-0.77,25.5,0.0006,4.329,2.665,1.9158,18.1,523.9,-4.6,512.2,40.6,535.5,365,0.733,3
369,-172.037,-97.824,43.301,0.2756,0.8035,-0.5277,0.8517,-0.459,-0.2528,-0.4453,-0.3798,-0.8108,25.5,0.0007,3.953,2.828,1.57067,18.7,522.2,-4.3,510.6,41.5,533.8,365,1.252,3
370,-171.457,-96.219,42.288,0.3115,0.813,-0.492,0.8663,-0.4566,-0.2027,-0.3894,-0.3631,-0.8465,25.5,0.0016,3.92,2.993,1.48751,19.4,520.5,-3.8,508.9,42.5,532.1,366,0.294,3
371,-170.804,-94.597,41.35,0.3459,0.822,-0.4525,0.878,-0.4548,-0.1491,-0.3284,-0.3457,-0.879,25.5,0.0027,4.085,3.145,1.5347,20.2,518.8,-3.2,507.1,43.4,530.5,367,0.616,3
372,-170.088,-92.957,40.493,0.3773,0.83,-0.4108,0.8863,-0.4538,-0.0922,-0.263,-0.3293,-0.9069,25.5,0.0044,4.182,3.296,1.52502,21.0,517.1,-2.4,505.4,44.3,528.8,367,1.37,3
373,-169.308,-91.304,39.721,0.407,0.8363,-0.3674,0.8908,-0.4533,-0.0327,-0.1939,-0.314,-0.9294,25.5,0.0045,4.256,3.419,1.52946,21.9,515.4,-1.5,503.6,45.2,527.1,368,0.511,3
374,-168.478,-89.636,39.037,0.4292,0.844,-0.3217,0.8909,-0.4534,0.0285,-0.1218,-0.2989,-0.9465,25.5,0.0095,4.334,3.507,1.48394,22.8,513.6,-0.4,501.8,45.9,525.5,369,0.294,3
375,-167.601,-87.958,38.444,0.4526,0.8482,-0.2753,0.8864,-0.454,0.0902,-0.0485,-0.2849,-0.9573,25.5,0.0087,4.321,3.545,1.50552,23.7,511.9,0.9,499.9,46.6,523.8,370,1.036,3
376,-166.688,-86.268,37.945,0.4657,0.8551,-0.2277,0.8775,-0.455,0.1513,0.0257,-0.2703,-0.9624,25.5,0.0149,4.344,3.539,1.43949,24.7,510.1,2.3,498.1,47.3,522.2,370,0.95,3
377,-165.749,-84.569,37.535,0.4806,0.8576,-0.1831,0.8645,-0.4565,0.2105,0.097,-0.2595,-0.9609,25.5,0.0146,4.134,3.474,1.35984,25.7,508.4,3.8,496.3,47.8,520.6,371,0.278,3
378,-164.787,-82.861,37.227,0.4876,0.864,-0.1257,0.8478,-0.4585,0.2664,0.1726,-0.2365,-0.9562,25.5,0.0162,4.537,3.345,1.68013,26.7,506.6,5.4,494.4,48.2,518.9,372,0.316,3
379,-163.814,-81.142,37.036,0.4936,0.867,-0.0682,0.8283,-0.4616,0.3176,0.2439,-0.2133,-0.9461,25.5,0.013,4.336,3.145,1.67178,27.7,504.8,7.0,492.5,48.6,517.3,373,0.823,3
380,-162.833,-79.419,36.959,0.4933,0.8698,-0.0089,0.807,-0.4655,0.3633,0.3119,-0.1865,-0.9316,25.5,0.01,4.27,2.898,1.71449,28.8,503.1,8.7,490.6,49.0,515.7,373,1.162,3
381,-161.859,-77.691,36.999,0.4904,0.8702,0.0475,0.7851,-0.4701,0.4033,0.3733,-0.1605,-0.9137,25.5,0.0049,3.957,2.626,1.631,29.7,501.3,10.4,488.7,49.3,514.1,374,0.729,3
382,-160.89,-75.966,37.146,0.4842,0.8691,0.1008,0.7634,-0.475,0.4377,0.4283,-0.1351,-0.8935,25.5,0.0009,3.66,2.347,1.54997,30.7,499.6,12.0,486.8,49.7,512.5,375,0.357,3
383,-159.943,-74.24,37.399,0.468,0.8703,0.1537,0.7426,-0.4801,0.4669,0.4801,-0.1044,-0.871,25.5,0.0015,3.684,2.075,1.59806,31.7,497.8,13.5,484.9,50.0,510.9,376,0.036,3
384,-159.02,-72.519,37.75,0.4631,0.8636,0.1994,0.7235,-0.4849,0.4914,0.5211,-0.0833,-0.8494,25.5,0.0143,2.918,1.801,1.34121,32.6,496.1,15.0,483.0,50.4,509.3,377,0.243,3
385,-158.117,-70.807,38.188,0.4437,0.8633,0.2405,0.7064,-0.4889,0.5119,0.5595,-0.0572,-0.8268,25.5,0.0145,2.959,1.547,1.31251,33.5,494.3,16.4,481.2,50.8,507.7,378,0.485,3
386,-157.266,-69.089,38.699,0.4129,0.8687,0.2736,0.6917,-0.4914,0.5291,0.5941,-0.0292,-0.8038,25.5,0.0035,2.871,1.304,1.31495,34.3,492.6,17.6,479.4,51.2,506.1,379,0.694,3
387,-156.484,-67.362,39.283,0.3756,0.8699,0.3196,0.6798,-0.4919,0.544,0.6304,0.013,-0.7761,25.5,0.0013,3.563,1.093,1.71088,35.0,490.9,18.7,477.6,51.6,504.3,380,0.873,3
388,-155.764,-65.637,39.95,0.3529,0.8683,0.3485,0.6707,-0.49,0.5568,0.6543,0.0373,-0.7554,25.5,0.0053,2.285,0.906,1.06204,35.7,489.1,19.6,475.9,52.0,502.6,381,1.021,3
389,-155.075,-63.914,40.653,0.3425,0.869,0.3571,0.6643,-0.4863,0.5677,0.667,0.0428,-0.7438,25.5,0.0077,1.035,0.755,0.3901,36.3,487.4,20.4,474.3,52.5,500.7,381,0.971,3
390,-154.398,-62.186,41.358,0.3413,0.8722,0.3504,0.6603,-0.4808,0.577,0.6717,0.0345,-0.74,25.5,0.0082,0.588,0.66,0.21711,37.0,485.6,21.2,472.7,53.0,498.8,382,0.843,3
391,-153.715,-60.45,42.033,0.349,0.8783,0.3269,0.6585,-0.4739,0.5847,0.6684,0.0112,-0.7437,25.5,0.0047,1.365,0.601,0.73546,37.6,483.9,21.9,471.1,53.6,496.9,383,0.712,3
392,-153.01,-58.699,42.646,0.3551,0.8858,0.2989,0.6587,-0.4657,0.591,0.6627,-0.013,-0.7488,25.5,0.002,1.454,0.593,0.85525,38.3,482.1,22.6,469.6,54.3,494.9,384,0.567,3
393,-152.313,-56.936,43.233,0.3488,0.891,0.2905,0.6606,-0.4566,0.5959,0.6637,-0.016,-0.7479,25.5,0.0033,0.188,0.602,0.33828,38.9,480.3,23.2,468.0,55.0,492.9,385,0.404,3
394,-151.617,-55.163,43.791,0.355,0.8952,0.2694,0.6639,-0.4468,0.5996,0.6571,-0.034,-0.753,25.5,0.0028,1.137,0.629,0.64642,39.6,478.5,23.7,466.5,55.7,490.8,386,0.197,3
395,-150.895,-53.384,44.292,0.3752,0.8973,0.2326,0.6685,-0.4367,0.602,0.6417,-0.0704,-0.7637,25.5,0.001,2.346,0.651,1.21364,40.3,476.7,24.3,464.9,56.6,488.7,387,0.108,3
396,-150.117,-51.604,44.7,0.4118,0.8943,0.175,0.6741,-0.4266,0.603,0.614,-0.1303,-0.7785,25.5,0.0016,3.876,0.664,1.97284,41.1,474.9,24.9,463.4,57.5,486.6,388,0.48,4
397,-149.267,-49.835,44.99,0.4425,0.889,0.1177,0.6803,-0.4167,0.6029,0.585,-0.1867,-0.7892,25.5,0.0015,3.686,0.669,1.88396,41.9,473.1,25.6,461.9,58.5,484.6,389,0.986,4
398,-148.362,-48.078,45.168,0.4687,0.8812,0.0621,0.6872,-0.4071,0.6016,0.5554,-0.2393,-0.7964,25.5,0.0007,3.483,0.681,1.78929,42.8,471.3,26.3,460.3,59.6,482.5,389,0.999,4
399,-147.411,-46.339,45.24,0.4894,0.872,0.0123,0.6947,-0.3977,0.5994,0.5275,-0.2848,-0.8004,25.5,0.0006,3.067,0.7,1.57993,43.8,469.5,27.1,458.8,60.8,480.4,390,0.356,4
400,-146.423,-44.618,45.221,0.5072,0.8612,-0.0323,0.7025,-0.3885,0.5963,0.501,-0.3251,-0.8021,25.5,0.0025,2.765,0.714,1.42135,44.8,467.8,27.9,457.3,62.0,478.4,391,0.412,4
401,-145.398,-42.922,45.109,0.5252,0.8471,-0.0807,0.7107,-0.3794,0.5924,0.4712,-0.3685,-0.8014,25.5,0.0041,3.017,0.737,1.54584,45.9,466.0,28.7,455.8,63.3,476.4,392,1.294,4
402,-144.34,-41.256,44.9,0.5401,0.8314,-0.1307,0.7193,-0.3705,0.5877,0.4402,-0.4114,-0.7981,25.5,0.0036,3.039,0.759,1.57336,47.0,464.3,29.6,454.3,64.7,474.4,392,0.692,4
403,-143.256,-39.624,44.588,0.5521,0.8131,-0.1843,0.7281,-0.3618,0.5822,0.4068,-0.4556,-0.7918,25.5,0.0005,3.195,0.776,1.67192,48.1,462.6,30.5,452.9,66.1,472.5,393,0.299,4
404,-142.148,-38.032,44.17,0.5644,0.7907,-0.2372,0.7371,-0.3535,0.576,0.3716,-0.4999,-0.7823,25.5,0.0001,3.288,0.786,1.69678,49.3,461.0,31.4,451.5,67.5,470.6,394,1.397,4
405,-141.018,-36.486,43.648,0.5733,0.7669,-0.2883,0.7462,-0.3455,0.569,0.3368,-0.5414,-0.7704,25.5,0.0012,3.178,0.802,1.64809,50.5,459.4,32.3,450.1,68.9,468.8,394,0.588,4
406,-139.874,-34.989,43.026,0.5791,0.7416,-0.3386,0.7555,-0.3379,0.5613,0.3019,-0.5809,-0.756,25.5,0.0031,3.131,0.817,1.63462,51.7,457.8,33.3,448.8,70.4,467.0,395,0.622,4
407,-138.721,-33.545,42.305,0.5839,0.713,-0.3881,0.7647,-0.3309,0.553,0.2658,-0.6197,-0.7385,25.5,0.004,3.198,0.815,1.65679,52.9,456.4,34.3,447.5,71.9,465.3,395,1.362,4
408,-137.559,-32.161,41.485,0.5863,0.6819,-0.4374,0.7738,-0.3246,0.544,0.2289,-0.6574,-0.718,25.5,0.0056,3.243,0.817,1.68485,54.2,454.9,35.3,446.3,73.4,463.7,396,0.03,4
409,-136.396,-30.838,40.571,0.5848,0.6513,-0.4836,0.7827,-0.3192,0.5343,0.1936,-0.691,-0.6964,25.5,0.0086,3.055,0.815,1.6009,55.5,453.5,36.3,445.0,74.9,462.2,397,1.443,4
410,-135.239,-29.575,39.569,0.5822,0.6196,-0.5265,0.7914,-0.3147,0.5241,0.1591,-0.7218,-0.6735,25.5,0.0102,2.957,0.81,1.54213,56.7,452.2,37.3,443.9,76.5,460.7,397,0.541,4
411,-134.085,-28.382,38.482,0.5801,0.5849,-0.567,0.7997,-0.3113,0.5134,0.1238,-0.7512,-0.6483,25.5,0.0093,3.003,0.8,1.54119,58.0,451.0,38.3,442.7,78.0,459.4,398,1.086,4
412,-132.94,-27.246,37.325,0.5727,0.5615,-0.5973,0.8078,-0.3088,0.5021,0.0975,-0.7701,-0.6305,25.5,0.0107,2.118,0.809,1.12592,59.2,449.8,39.3,441.6,79.4,458.1,398,0.899,4
413,-131.814,-26.146,36.118,0.562,0.5494,-0.6183,0.8157,-0.3072,0.4901,0.0793,-0.7799,-0.6209,25.5,0.0134,1.306,0.828,0.76491,60.5,448.7,40.4,440.6,80.9,456.9,399,0.861,4
414,-130.711,-25.062,34.875,0.5521,0.5384,-0.6366,0.8234,-0.3065,0.4776,0.0621,-0.788,-0.6126,25.5,0.0145,1.189,0.842,0.67977,61.7,447.6,41.4,439.5,82.3,455.8,399,1.123,4
415,-129.62,-24.016,33.589,0.5465,0.5181,-0.6579,0.8309,-0.3064,0.4644,0.039,-0.8005,-0.598,25.5,0.0102,1.722,0.87,0.86475,62.9,446.5,42.3,438.4,83.8,454.7,400,0.733,4
416,-128.542,-22.998,32.269,0.5393,0.5083,-0.6714,0.8383,-0.3071,0.4505,0.0228,-0.8058,-0.5917,25.5,0.0065,1.041,0.903,0.5245,64.1,445.4,43.3,437.3,85.2,453.6,400,1.253,4
417,-127.48,-21.993,30.927,0.5304,0.5064,-0.6799,0.8456,-0.3085,0.4357,0.0109,-0.806,-0.5918,25.5,0.004,0.682,0.949,0.35949,65.3,444.4,44.3,436.3,86.5,452.6,401,0.653,4
418,-126.438,-20.984,29.573,0.5192,0.5117,-0.6845,0.8527,-0.3105,0.4201,0.0024,-0.8018,-0.5976,25.5,0.0037,0.637,0.989,0.3816,66.4,443.3,45.2,435.2,87.9,451.6,401,1.333,4
419,-125.422,-19.956,28.212,0.5045,0.5253,-0.6852,0.8596,-0.3133,0.4036,-0.0027,-0.7927,-0.6096,25.5,0.0075,0.911,1.037,0.57846,67.6,442.3,46.2,434.1,89.2,450.6,402,0.569,4
420,-124.437,-18.902,26.85,0.489,0.5314,-0.6918,0.8664,-0.3168,0.386,-0.0141,-0.7881,-0.6153,25.5,0.0117,0.776,1.1,0.51741,68.7,441.2,47.1,432.9,90.5,449.5,402,1.415,4
421,-123.48,-17.848,25.468,0.4756,0.5324,-0.7003,0.873,-0.3209,0.3674,-0.0291,-0.7861,-0.6174,25.5,0.0129,0.875,1.155,0.45899,69.7,440.1,47.9,431.8,91.8,448.5,403,0.432,4
422,-122.55,-16.784,24.074,0.4614,0.5412,-0.703,0.8792,-0.3255,0.3479,-0.0405,-0.7787,-0.6261,25.5,0.0151,0.925,1.202,0.48858,70.8,439.0,48.8,430.6,93.0,447.6,403,1.555,4
423,-121.65,-15.693,22.681,0.4453,0.5591,-0.6994,0.8852,-0.3304,0.3276,-0.0479,-0.7651,-0.6421,25.5,0.0197,1.276,1.245,0.70274,71.8,437.9,49.6,429.3,94.2,446.5,404,0.185,4
424,-120.785,-14.556,21.304,0.4253,0.5889,-0.6872,0.8908,-0.3355,0.3066,-0.05,-0.7428,-0.6676,25.5,0.0294,1.945,1.279,1.09445,72.8,436.7,50.4,428.0,95.3,445.5,405,1.766,4
425,-119.966,-13.353,19.956,0.3986,0.621,-0.6749,0.8959,-0.3408,0.285,-0.053,-0.719,-0.693,25.5,0.0469,2.002,1.307,1.25701,73.7,435.5,51.2,426.7,96.4,444.4,405,0.22,4
426,-119.204,-12.091,18.627,0.3692,0.6517,-0.6625,0.9006,-0.346,0.2632,-0.0578,-0.6954,-0.7163,25.5,0.0674,1.92,1.312,1.27866,74.5,434.2,51.9,425.3,97.4,443.2,406,1.184,4
427,-118.499,-10.763,17.332,0.3422,0.687,-0.641,0.9047,-0.3511,0.2414,-0.0595,-0.665,-0.7444,25.5,0.0864,2.374,1.304,1.42579,75.3,432.9,52.5,423.8,98.3,442.0,406,0.802,4
428,-117.842,-9.365,16.087,0.32,0.7209,-0.6147,0.9082,-0.356,0.2201,-0.0604,-0.6319,-0.7727,25.5,0.1013,2.496,1.268,1.39503,76.1,431.4,53.2,422.3,99.2,440.7,407,0.437,4
429,-117.239,-7.905,14.886,0.2883,0.751,-0.594,0.9111,-0.3606,0.1998,-0.0647,-0.6037,-0.7946,25.5,0.1268,2.061,1.204,1.39675,76.8,430.0,53.8,420.7,99.9,439.3,408,1.54,4
430,-116.691,-6.382,13.738,0.2657,0.784,-0.5611,0.9134,-0.3648,0.1808,-0.0636,-0.5665,-0.8216,25.5,0.1448,2.635,1.123,1.49557,77.4,428.4,54.3,419.1,100.6,437.8,408,0.445,4
431,-116.178,-4.793,12.666,0.2531,0.8173,-0.5177,0.915,-0.3686,0.1638,-0.0576,-0.5214,-0.8513,25.5,0.1545,3.114,1.002,1.62109,78.0,426.8,54.8,417.4,101.3,436.3,409,0.546,4
432,-115.698,-3.141,11.677,0.2272,0.8467,-0.4811,0.9161,-0.3721,0.1493,-0.0535,-0.4825,-0.8743,25.5,0.1787,2.6,0.857,1.54835,78.5,425.2,55.3,415.6,101.9,434.7,409,1.438,4
433,-115.266,-1.436,10.758,0.212,0.8705,-0.4442,0.9167,-0.3752,0.1375,-0.0479,-0.4447,-0.8944,25.5,0.1933,2.474,0.7,1.34168,79.0,423.4,55.8,413.8,102.4,433.1,410,0.542,4
434,-114.846,0.312,9.918,0.2138,0.8908,-0.401,0.9168,-0.378,0.1285,-0.0378,-0.4026,-0.9146,25.5,0.1922,2.738,0.54,1.37927,79.5,421.7,56.3,412.0,102.9,431.4,411,0.279,4
435,-114.406,2.098,9.172,0.232,0.9079,-0.3491,0.9166,-0.3806,0.1225,-0.022,-0.3539,-0.935,25.5,0.1757,3.158,0.375,1.66325,80.0,419.9,56.8,410.2,103.3,429.7,412,1.034,4
436,-113.949,3.918,8.529,0.2296,0.9258,-0.3003,0.9161,-0.3828,0.1195,-0.0044,-0.3076,-0.9515,25.5,0.1799,2.992,0.215,1.50271,80.5,418.1,57.3,408.3,103.8,427.9,412,0.952,4
437,-113.489,5.768,7.978,0.2353,0.9378,-0.2553,0.9151,-0.385,0.1196,0.0141,-0.266,-0.9639,25.5,0.1763,2.704,0.139,1.35488,81.0,416.2,57.8,406.4,104.3,426.1,413,0.253,4
438,-113.008,7.637,7.516,0.2506,0.9449,-0.2104,0.9138,-0.3872,0.1229,0.0351,-0.226,-0.9735,25.5,0.1627,2.646,0.239,1.38502,81.5,414.3,58.4,404.4,104.8,424.2,414,0.42,4
439,-112.486,9.515,7.145,0.2769,0.9473,-0.1611,0.9119,-0.3896,0.1292,0.0602,-0.1844,-0.981,25.5,0.1374,2.817,0.401,1.61508,82.1,412.4,59.0,402.5,105.2,422.4,415,1.055,4
440,-111.916,11.398,6.884,0.297,0.9493,-0.1033,0.9093,-0.3924,0.1386,0.0917,-0.136,-0.9865,25.5,0.1168,3.324,0.581,1.76825,82.7,410.6,59.6,400.6,105.8,420.6,415,0.93,4
441,-111.31,13.281,6.731,0.3133,0.9483,-0.0516,0.9058,-0.3958,0.1512,0.1235,-0.0945,-0.9878,25.5,0.0994,2.997,0.774,1.5657,83.3,408.7,60.4,398.6,106.3,418.8,416,0.321,4
442,-110.675,15.16,6.675,0.3258,0.9454,-0.0066,0.9011,-0.4003,0.1668,0.1556,-0.0605,-0.986,25.5,0.086,2.681,0.968,1.35123,83.9,406.8,61.2,396.6,106.8,417.0,417,0.262,4
443,-110.016,17.032,6.706,0.3394,0.9397,0.0411,0.8948,-0.4063,0.1853,0.1913,-0.0262,-0.9812,25.5,0.0705,2.85,1.171,1.44174,84.6,404.9,62.0,394.6,107.2,415.3,418,0.813,4
444,-109.33,18.889,6.838,0.3519,0.9315,0.0914,0.8867,-0.4138,0.2062,0.2303,0.0085,-0.9731,25.5,0.0546,3.027,1.354,1.51547,85.3,403.0,62.9,392.5,107.7,413.6,418,1.172,4
445,-108.623,20.729,7.066,0.36,0.9228,0.1376,0.8769,-0.423,0.2285,0.2693,0.0385,-0.9623,25.5,0.0432,2.887,1.492,1.37757,85.9,401.2,63.9,390.5,108.1,412.0,419,0.654,4
446,-107.903,22.551,7.382,0.3651,0.9131,0.1813,0.8652,-0.434,0.251,0.3081,0.0653,-0.9491,25.5,0.0349,2.806,1.584,1.30091,86.7,399.4,65.0,388.4,108.5,410.4,420,0.177,4
447,-107.172,24.35,7.789,0.3715,0.8998,0.2286,0.852,-0.4468,0.2727,0.3476,0.0935,-0.933,25.5,0.0232,2.93,1.63,1.43094,87.4,397.5,66.0,386.2,108.8,408.9,421,0.255,4
448,-106.429,26.121,8.288,0.3777,0.8843,0.2744,0.8379,-0.4611,0.2921,0.3849,0.1196,-0.9152,25.5,0.0111,2.801,1.6,1.40784,88.1,395.8,67.1,384.1,109.2,407.5,422,0.634,4
449,-105.675,27.86,8.875,0.3797,0.8685,0.3188,0.8235,-0.4765,0.3079,0.4193,0.1456,-0.8961,25.5,0.003,2.702,1.51,1.36195,88.8,394.0,68.3,382.0,109.5,406.1,423,0.96,4
450,-104.924,29.567,9.553,0.3788,0.8517,0.362,0.8096,-0.4927,0.3191,0.4502,0.1722,-0.8762,25.5,0.0026,2.6,1.381,1.33881,89.5,392.3,69.3,379.8,109.9,404.8,423,1.026,4
451,-104.165,31.241,10.301,0.3879,0.8358,0.3885,0.7965,-0.5093,0.326,0.4703,0.183,-0.8633,25.5,0.0099,1.502,1.274,0.9302,90.2,390.6,70.4,377.7,110.3,403.6,424,0.74,4
452,-103.379,32.886,11.085,0.4048,0.8223,0.4,0.7846,-0.5258,0.3285,0.4805,0.1809,-0.8581,25.5,0.0166,0.667,1.174,0.70728,91.0,388.9,71.4,375.6,110.7,402.3,425,0.482,4
453,-102.56,34.503,11.891,0.4167,0.8058,0.4207,0.7744,-0.5417,0.3269,0.4914,0.1897,-0.85,25.5,0.0237,0.927,1.086,0.8383,91.8,387.3,72.5,373.6,111.2,401.1,426,0.243,4
454,-101.727,36.087,12.751,0.4229,0.7911,0.4419,0.7659,-0.5568,0.3216,0.5006,0.2025,-0.8417,25.5,0.0255,1.021,1.038,0.76582,92.5,385.7,73.4,371.6,111.8,399.9,427,0.036,4
455,-100.879,37.648,13.635,0.4328,0.7828,0.4471,0.759,-0.5707,0.3135,0.5007,0.2037,-0.8413,25.5,0.0219,0.073,1.003,0.40209,93.4,384.1,74.4,369.6,112.5,398.6,428,0.2,4
456,-100.007,39.198,14.517,0.4465,0.7795,0.4393,0.7534,-0.5834,0.3034,0.4929,0.1955,-0.8479,25.5,0.0149,0.751,0.984,0.46497,94.2,382.5,75.3,367.7,113.2,397.4,429,0.411,4
457,-99.103,40.745,15.37,0.4649,0.7803,0.4184,0.749,-0.5946,0.2922,0.4768,0.1775,-0.8609,25.5,0.0065,1.571,0.942,0.80429,95.0,380.9,76.3,365.8,114.0,396.1,430,0.627,4
458,-98.158,42.297,16.167,0.4885,0.7827,0.3856,0.7457,-0.6043,0.2808,0.4528,0.1504,-0.8788,25.5,0.0004,2.314,0.878,1.16893,96.0,379.3,77.2,364.0,114.8,394.8,431,0.85,4
459,-97.168,43.842,16.923,0.5085,0.7752,0.3748,0.7433,-0.6121,0.2699,0.4386,0.1414,-0.8875,25.5,0.0046,1.085,0.78,0.69106,96.9,377.7,78.2,362.2,115.7,393.4,432,1.081,4
460,-96.142,45.376,17.651,0.5253,0.7717,0.3585,0.7419,-0.6182,0.2595,0.4218,0.1297,-0.8973,25.5,0.0057,1.301,0.695,0.68334,97.9,376.2,79.2,360.5,116.7,392.0,432,0.905,4
461,-95.085,46.908,18.342,0.5392,0.7721,0.3363,0.7417,-0.6225,0.2497,0.4021,0.1148,-0.9084,25.5,0.0033,1.552,0.613,0.75633,98.9,374.6,80.2,358.8,117.8,390.5,433,0.667,4
462,-94.004,48.444,18.982,0.55,0.7764,0.3076,0.7427,-0.6249,0.2405,0.379,0.0962,-0.9204,25.5,0.0027,1.833,0.548,0.8941,100.0,373.0,81.2,357.2,118.9,389.0,434,0.423,4
463,-92.904,49.992,19.558,0.5576,0.7844,0.2717,0.745,-0.6254,0.2321,0.352,0.073,-0.9331,25.5,0.0121,2.166,0.5,1.08442,101.1,371.5,82.2,355.6,120.0,387.5,435,0.172,4
464,-91.783,51.549,20.064,0.573,0.7837,0.2396,0.7486,-0.6239,0.2243,0.3254,0.0508,-0.9442,25.5,0.0063,2.085,0.5,1.02822,102.2,369.9,83.2,354.0,121.2,385.8,436,0.086,4
465,-90.633,53.104,20.508,0.5847,0.7842,0.2075,0.7534,-0.6207,0.2173,0.2992,0.0293,-0.9537,25.5,0.0012,2.017,0.52,0.98668,103.3,368.3,84.2,352.5,122.5,384.2,437,0.348,4
466,-89.466,54.663,20.888,0.5903,0.7878,0.1758,0.7593,-0.6157,0.2108,0.2743,0.0091,-0.9616,25.5,0.0002,1.892,0.579,0.93534,104.5,366.7,85.2,351.0,123.9,382.5,438,0.619,4
467,-88.294,56.233,21.208,0.5899,0.7941,0.1464,0.7661,-0.6092,0.2049,0.2519,-0.0088,-0.9677,25.5,0.0018,1.68,0.636,0.86822,105.7,365.1,86.2,349.6,125.2,380.7,439,0.899,4
468,-87.129,57.817,21.472,0.584,0.8028,0.1203,0.7736,-0.6014,0.1995,0.2326,-0.0234,-0.9723,25.5,0.007,1.411,0.693,0.81244,106.8,363.5,87.2,348.2,126.6,378.9,439,1.086,4
469,-85.962,59.41,21.67,0.5906,0.8029,0.0807,0.7817,-0.5925,0.1946,0.204,-0.0519,-0.9776,25.5,0.0017,2.333,0.744,1.15917,108.0,361.9,88.1,346.8,128.0,377.0,440,0.787,4
470,-84.788,61.005,21.799,0.5915,0.8047,0.0516,0.7901,-0.5827,0.1903,0.1832,-0.0719,-0.9804,25.5,0.0083,1.661,0.78,0.84227,109.2,360.2,89.1,345.4,129.4,375.2,441,0.456,4
471,-83.618,62.605,21.882,0.5872,0.8088,0.0333,0.7984,-0.5724,0.1868,0.1702,-0.0832,-0.9819,25.5,0.0121,0.991,0.784,0.55551,110.4,358.6,90.0,344.1,130.8,373.3,442,0.091,4
472,-82.461,64.216,21.938,0.5786,0.8153,0.0249,0.8063,-0.562,0.1843,0.1643,-0.0866,-0.9826,25.5,0.0129,0.392,0.762,0.39456,111.5,357.0,91.0,342.7,132.2,371.4,443,0.337,4
473,-81.324,65.842,21.986,0.5663,0.8238,0.0253,0.8136,-0.5519,0.183,0.1647,-0.0831,-0.9828,25.5,0.0107,0.202,0.718,0.43182,112.7,355.3,91.9,341.3,133.5,369.5,444,0.814,4
474,-80.216,67.486,22.043,0.5514,0.8337,0.0307,0.8199,-0.5425,0.183,0.1692,-0.0757,-0.9827,25.5,0.0054,0.496,0.648,0.5397,113.8,353.7,92.9,339.9,134.8,367.5,444,1.171,4
475,-79.132,69.148,22.084,0.5413,0.8408,0.0125,0.8251,-0.5341,0.1845,0.1617,-0.0895,-0.9828,25.5,0.0001,0.9,0.573,0.63493,114.9,352.0,93.9,338.4,136.0,365.6,445,0.626,4
476,-78.066,70.823,22.098,0.5332,0.846,0.0028,0.8291,-0.5267,0.1873,0.16,-0.0975,-0.9823,25.5,0.003,0.469,0.508,0.39445,116.0,350.3,94.8,336.9,137.2,363.7,446,0.06,4
477,-77.014,72.506,22.099,0.5263,0.8503,-0.0005,0.8322,-0.5204,0.1915,0.1625,-0.1012,-0.9815,25.5,0.0046,0.26,0.469,0.25326,117.0,348.6,95.8,335.4,138.4,361.9,447,0.7,4
478,-75.976,74.198,22.1,0.5203,0.854,0.0016,0.8343,-0.515,0.1967,0.1688,-0.101,-0.9805,25.5,0.0054,0.366,0.446,0.21232,118.1,346.9,96.8,333.8,139.5,360.0,447,1.29,4
479,-74.948,75.896,22.109,0.5148,0.8573,0.0092,0.8355,-0.5106,0.203,0.1788,-0.0968,-0.9791,25.5,0.0058,0.627,0.446,0.28707,119.1,345.2,97.8,332.2,140.5,358.2,448,0.512,4
480,-73.932,77.601,22.14,0.5092,0.8603,0.0232,0.8359,-0.5071,0.2102,0.1926,-0.0877,-0.9774,25.5,0.0057,0.952,0.459,0.44381,120.1,343.4,98.9,330.6,141.6,356.3,449,0.332,4
481,-72.927,79.311,22.207,0.5033,0.8629,0.0455,0.8354,-0.5045,0.218,0.2111,-0.0717,-0.9748,25.5,0.005,1.409,0.472,0.67008,121.2,341.7,99.9,329.0,142.6,354.5,450,1.213,4
482,-71.936,81.025,22.328,0.4953,0.8654,0.0755,0.8343,-0.5027,0.2265,0.234,-0.0492,-0.971,25.5,0.0047,1.852,0.502,0.89969,122.2,340.0,100.9,327.3,143.5,352.7,450,0.771,4
483,-70.965,82.748,22.491,0.4834,0.8708,0.0893,0.8324,-0.5016,0.2354,0.2498,-0.0395,-0.9675,25.5,0.0134,1.081,0.525,0.54877,123.1,338.2,102.0,325.6,144.5,350.9,451,0.143,4
484,-70.016,84.48,22.686,0.4729,0.8745,0.1082,0.8299,-0.5014,0.2448,0.2683,-0.026,-0.963,25.5,0.0195,1.337,0.557,0.63339,124.1,336.4,103.0,323.8,145.3,349.1,452,1.065,4
485,-69.087,86.217,22.924,0.464,0.8758,0.1331,0.8267,-0.5018,0.2544,0.2896,-0.008,-0.9571,25.5,0.022,1.633,0.58,0.76426,125.0,334.7,104.0,322.1,146.2,347.4,452,0.921,4
486,-68.173,87.954,23.219,0.4569,0.8741,0.1647,0.8229,-0.5029,0.2642,0.3139,0.0148,-0.9493,25.5,0.0201,1.961,0.606,0.9365,125.9,332.9,105.0,320.3,147.0,345.6,453,0.017,4
487,-67.272,89.684,23.583,0.4521,0.8684,0.204,0.8186,-0.5047,0.2742,0.3411,0.043,-0.939,25.5,0.0123,2.321,0.632,1.15494,126.8,331.1,106.0,318.5,147.8,343.9,454,0.928,4
488,-66.38,91.4,24.03,0.4451,0.861,0.2461,0.8136,-0.5071,0.2843,0.3695,0.0737,-0.9263,25.5,0.0045,2.505,0.66,1.25064,127.7,329.4,107.1,316.7,148.6,342.1,454,1.056,4
489,-65.507,93.1,24.562,0.4339,0.8531,0.2896,0.8082,-0.5101,0.2943,0.3988,0.1064,-0.9109,25.5,0.0007,2.666,0.673,1.31714,128.6,327.6,108.1,314.9,149.3,340.5,455,0.146,4
490,-64.66,94.785,25.179,0.4203,0.8443,0.3323,0.8024,-0.5135,0.3041,0.4274,0.1388,-0.8933,25.5,0.0048,2.674,0.681,1.31892,129.4,325.9,109.0,313.1,150.0,338.8,456,0.754,4
491,-63.84,96.452,25.877,0.406,0.8359,0.3693,0.7962,-0.5173,0.3138,0.4534,0.1667,-0.8756,25.5,0.0067,2.409,0.695,1.17094,130.2,324.1,110.0,311.3,150.6,337.1,456,1.231,4
492,-63.046,98.102,26.642,0.3947,0.8253,0.4038,0.7898,-0.5213,0.3232,0.4772,0.1913,-0.8577,25.5,0.012,2.213,0.691,1.09195,131.0,322.4,111.0,309.5,151.2,335.5,457,0.339,4
493,-62.274,99.727,27.479,0.3822,0.8132,0.439,0.7833,-0.5254,0.3323,0.5009,0.2169,-0.8379,25.5,0.018,2.298,0.682,1.13374,131.8,320.7,111.9,307.7,151.8,333.9,458,0.549,4
494,-61.532,101.33,28.383,0.3652,0.8029,0.4711,0.7767,-0.5296,0.341,0.5234,0.2414,-0.8172,25.5,0.0191,2.245,0.67,1.09017,132.5,319.0,112.8,305.9,152.4,332.3,459,1.43,4
495,-60.828,102.915,29.347,0.3443,0.7946,0.5,0.7702,-0.5336,0.3495,0.5446,0.2648,-0.7958,25.5,0.0159,2.186,0.655,1.05733,133.2,317.4,113.6,304.1,152.9,330.8,459,0.554,4
496,-60.168,104.486,30.365,0.3211,0.7874,0.5263,0.7638,-0.5373,0.3577,0.5644,0.2871,-0.774,25.5,0.0104,2.117,0.633,1.03377,133.8,315.7,114.4,302.4,153.4,329.2,460,0.321,4
497,-59.546,106.035,31.437,0.3055,0.775,0.5533,0.7577,-0.5406,0.3656,0.5825,0.3075,-0.7524,25.5,0.0148,1.993,0.602,0.96892,134.4,314.1,115.2,300.7,153.8,327.6,461,1.186,4
498,-58.958,107.563,32.559,0.2864,0.7647,0.5773,0.7519,-0.5435,0.3732,0.5992,0.3272,-0.7307,25.5,0.0152,1.933,0.572,0.93418,135.0,312.5,115.9,299.0,154.3,326.1,461,0.799,4
499,-58.411,109.072,33.726,0.2643,0.7563,0.5984,0.7464,-0.5461,0.3803,0.6144,0.3462,-0.709,25.5,0.0118,1.868,0.536,0.9149,135.5,310.8,116.5,297.3,154.6,324.5,462,0.055,4
500,-57.91,110.566,34.932,0.2398,0.7499,0.6166,0.7414,-0.5484,0.3868,0.6282,0.3644,-0.6875,25.5,0.005,1.797,0.488,0.90052,135.9,309.2,117.1,295.7,155.0,323.0,463,0.887,4
501,-57.46,112.049,36.172,0.2133,0.7448,0.6322,0.7368,-0.5505,0.3926,0.6405,0.382,-0.6662,25.5,0.0047,1.733,0.441,0.89998,136.4,307.7,117.6,294.1,155.3,321.4,463,1.098,4
502,-57.06,113.517,37.446,0.1904,0.7347,0.6511,0.7327,-0.5522,0.3978,0.6518,0.4013,-0.6435,25.5,0.0072,1.826,0.392,0.90556,136.7,306.1,118.1,292.4,155.6,319.9,464,0.29,4
503,-56.703,114.966,38.754,0.1695,0.7262,0.6663,0.7291,-0.5534,0.4027,0.6612,0.4175,-0.6233,25.5,0.01,1.578,0.355,0.7855,137.0,304.5,118.5,290.8,155.8,318.3,465,0.482,4
504,-56.386,116.4,40.088,0.1506,0.7194,0.6781,0.726,-0.5538,0.4078,0.6689,0.4309,-0.6057,25.5,0.0125,1.342,0.343,0.67259,137.3,302.9,118.8,289.3,156.0,316.8,466,1.2,4
505,-56.104,117.823,41.443,0.1337,0.7143,0.6869,0.7233,-0.5531,0.4135,0.6754,0.4416,-0.5907,25.5,0.0143,1.119,0.364,0.56944,137.6,301.4,119.1,287.8,156.2,315.2,466,0.785,4
506,-55.854,119.237,42.813,0.1186,0.7109,0.6932,0.721,-0.551,0.4203,0.6808,0.45,-0.578,25.5,0.0148,0.926,0.429,0.48256,137.8,299.9,119.4,286.3,156.4,313.6,467,0.138,4
507,-55.632,120.645,44.193,0.1054,0.7091,0.6972,0.7189,-0.5472,0.4286,0.6855,0.4561,-0.5675,25.5,0.0134,0.746,0.537,0.40162,138.0,298.3,119.6,284.9,156.5,311.9,468,0.422,4
508,-55.44,122.048,45.582,0.0878,0.7046,0.7042,0.7171,-0.5416,0.4387,0.6905,0.4665,-0.5528,25.5,0.0097,1.071,0.67,0.5624,138.1,296.8,119.8,283.5,156.6,310.2,469,0.875,4
509,-55.281,123.442,46.986,0.0737,0.7004,0.71,0.7153,-0.5346,0.45,0.6947,0.4747,-0.5404,25.5,0.0022,0.885,0.769,0.45642,138.2,295.2,120.0,282.2,156.7,308.5,469,1.11,4
510,-55.146,124.829,48.4,0.0625,0.6968,0.7145,0.7135,-0.5271,0.4616,0.6983,0.4809,-0.5301,25.5,0.0071,0.719,0.798,0.36353,138.3,293.7,120.1,280.9,156.8,306.8,470,0.789,4
511,-55.031,126.209,49.822,0.0531,0.6936,0.7184,0.7113,-0.5201,0.4727,0.7016,0.486,-0.5211,25.5,0.0166,0.622,0.762,0.30795,138.4,292.2,120.3,279.5,156.8,305.0,471,0.617,4
512,-54.934,127.582,51.252,0.0447,0.6905,0.7219,0.709,-0.5144,0.4824,0.7047,0.4904,-0.5127,25.5,0.0247,0.572,0.658,0.27749,138.5,290.7,120.4,278.2,156.8,303.3,472,0.614,4
513,-54.854,128.95,52.688,0.0368,0.6873,0.7254,0.7063,-0.5111,0.4898,0.7078,0.4945,-0.5045,25.5,0.03,0.554,0.489,0.26593,138.5,289.2,120.5,276.8,156.8,301.7,473,0.778,4
514,-54.788,130.311,54.132,0.0288,0.6838,0.7291,0.7032,-0.5111,0.4942,0.7109,0.4987,-0.4958,25.5,0.0311,0.581,0.308,0.27372,138.5,287.6,120.6,275.3,156.7,300.2,475,0.404,4
515,-54.74,131.664,55.583,0.0198,0.6795,0.7334,0.6998,-0.5153,0.4947,0.7143,0.5037,-0.4859,25.5,0.0265,0.665,0.311,0.31365,138.5,286.1,120.6,273.7,156.7,298.8,476,0.22,4
516,-54.724,133.005,57.044,-0.0105,0.6723,0.7402,0.6959,-0.5245,0.4905,0.718,0.5202,-0.4623,25.5,0.0031,1.664,0.621,0.92074,138.5,284.6,120.7,271.9,156.5,297.6,478,0.124,4
517,-54.777,134.33,58.52,-0.0389,0.6631,0.7475,0.6914,-0.5378,0.4825,0.7221,0.5357,-0.4377,25.5,0.0228,1.683,0.926,0.88752,138.4,283.2,120.7,270.1,156.3,296.4,480,0.067,4
518,-54.862,135.638,60.011,-0.041,0.6548,0.7546,0.6863,-0.5531,0.4722,0.7271,0.5376,-0.427,25.5,0.034,0.685,1.096,0.32115,138.2,281.7,120.7,268.2,156.1,295.4,483,0.145,4
519,-54.915,136.931,61.514,-0.0063,0.6493,0.7605,0.6809,-0.5685,0.4618,0.7324,0.5208,-0.4386,25.5,0.0222,1.209,1.109,1.02883,138.1,280.2,120.7,266.3,155.9,294.4,486,0.124,5
520,-54.874,138.212,63.03,0.0379,0.6374,0.7696,0.6752,-0.5821,0.453,0.7368,0.5025,-0.4524,25.5,0.0032,1.337,0.984,1.34757,138.1,278.8,120.8,264.4,155.7,293.3,489,0.195,5
521,-54.773,139.463,64.567,0.0652,0.6254,0.7776,0.6682,-0.5954,0.4462,0.7421,0.4905,-0.4568,25.5,0.0182,0.793,0.945,0.89148,138.2,277.3,121.0,262.6,155.6,292.2,492,0.167,5
522,-54.61,140.704,66.107,0.1014,0.6279,0.7717,0.6569,-0.6126,0.4395,0.7488,0.4625,-0.4747,25.5,0.0211,1.943,1.24,1.06141,138.3,275.9,121.4,260.8,155.4,291.3,494,0.053,5
523,-54.363,141.967,67.617,0.1495,0.6476,0.7471,0.6381,-0.638,0.4309,0.7558,0.4123,-0.5087,25.5,0.0042,3.498,1.877,1.66077,138.5,274.5,122.1,258.6,155.2,290.6,496,0.053,5
524,-54.013,143.269,69.073,0.2031,0.6609,0.7225,0.6101,-0.6728,0.4184,0.7628,0.3559,-0.5399,25.5,0.0184,3.715,2.658,1.74608,138.8,273.0,123.1,256.2,154.8,290.0,498,0.118,5
525,-53.56,144.571,70.5,0.252,0.6464,0.7202,0.5778,-0.7106,0.4015,0.7715,0.315,-0.5527,25.5,0.0246,2.506,3.009,1.47441,139.3,271.5,124.3,253.7,154.4,289.6,500,0.483,5
526,-53.019,145.83,71.935,0.294,0.6278,0.7207,0.5478,-0.7449,0.3808,0.7763,0.283,-0.5632,25.5,0.0322,1.949,2.868,1.32644,139.8,270.1,125.6,251.3,154.1,289.1,501,0.246,5
527,-52.392,147.057,73.363,0.3373,0.6064,0.7201,0.5227,-0.7737,0.358,0.7747,0.2557,-0.5783,25.5,0.0351,1.79,2.549,1.39488,140.4,268.7,126.8,249.0,154.1,288.6,503,0.455,5
528,-51.683,148.227,74.8,0.3772,0.5701,0.7299,0.5011,-0.7976,0.3357,0.7738,0.2392,-0.5866,25.5,0.0207,1.06,2.245,1.58325,141.1,267.3,128.1,247.0,154.2,287.9,504,0.091,5
529,-50.893,149.328,76.25,0.4169,0.5402,0.731,0.4814,-0.8175,0.316,0.7684,0.2202,-0.6009,25.5,0.0099,1.397,1.962,1.43554,141.9,266.1,129.3,245.1,154.5,287.2,505,0.567,5
530,-50.035,150.37,77.704,0.4464,0.5096,0.7355,0.4607,-0.8357,0.2988,0.767,0.2055,-0.6079,25.5,0.0004,0.936,1.862,1.23411,142.7,264.8,130.7,243.4,154.8,286.5,507,0.662,5
531,-49.124,151.346,79.173,0.471,0.4717,0.7454,0.4354,-0.8546,0.283,0.7706,0.1913,-0.608,25.5,0.0129,0.839,2.023,1.33572,143.6,263.7,132.3,241.6,155.1,285.9,508,0.375,5
532,-48.155,152.239,80.657,0.5037,0.4283,0.7502,0.4023,-0.8755,0.2678,0.7718,0.167,-0.6136,25.5,0.0286,1.43,2.406,1.5754,144.6,262.6,134.1,240.0,155.2,285.4,509,0.143,5
533,-47.131,153.048,82.151,0.5272,0.3878,0.7561,0.361,-0.8976,0.2531,0.7772,0.1396,-0.6135,25.5,0.0336,1.6,2.813,1.36276,145.6,261.6,136.2,238.3,155.1,285.1,510,0.038,5
534,-46.067,153.777,83.659,0.5471,0.3448,0.7628,0.3117,-0.9196,0.2392,0.7844,0.1069,-0.611,25.5,0.0359,1.924,3.194,1.38183,146.7,260.7,138.6,236.8,154.9,284.8,511,0.164,5
535,-44.958,154.414,85.177,0.569,0.2968,0.7669,0.2549,-0.9404,0.2251,0.7886,0.0674,-0.6112,25.5,0.0386,2.276,3.559,1.52818,147.8,259.9,141.2,235.4,154.5,284.6,512,0.242,5
536,-43.812,154.958,86.702,0.5862,0.2507,0.7704,0.1912,-0.9593,0.208,0.7916,0.0254,-0.6105,25.5,0.0318,2.413,3.932,1.42445,149.0,259.2,144.0,234.1,154.0,284.5,513,0.271,5
537,-42.63,155.404,88.233,0.6044,0.2,0.7712,0.1224,-0.975,0.1855,0.7892,-0.0178,-0.6139,25.5,0.022,2.487,4.245,1.5558,150.2,258.6,147.0,233.0,153.3,284.3,514,0.253,5
538,-41.414,155.757,89.76,0.6204,0.157,0.7684,0.0524,-0.9863,0.1566,0.7824,-0.0569,-0.6201,25.5,0.002,2.302,4.388,1.32732,151.4,258.1,150.1,232.0,152.7,284.2,515,0.195,5
539,-40.169,156.025,91.282,0.6355,0.1119,0.764,-0.0136,-0.9926,0.1205,0.7721,-0.087,-0.6295,25.5,0.0277,1.901,4.326,1.37918,152.7,257.6,153.1,231.3,152.2,284.1,516,0.104,5
540,-38.891,156.201,92.79,0.6523,0.0653,0.7552,-0.0689,-0.9946,0.0775,0.7572,-0.1027,-0.6451,25.5,0.0514,1.529,4.016,1.45292,154.0,257.3,155.9,230.8,152.1,283.9,517,0.015,5
541,-37.584,156.288,94.28,0.6649,0.0243,0.7466,-0.1049,-0.9941,0.0277,0.7448,-0.097,-0.6602,25.5,0.0732,1.166,3.521,1.26302,155.3,257.1,158.2,230.4,152.5,283.8,518,0.151,5
542,-36.251,156.297,95.751,0.6784,-0.0168,0.7345,-0.1094,-0.9936,-0.0294,0.7325,-0.0606,-0.678,25.5,0.0791,2.426,3.282,1.29709,156.7,256.9,159.6,230.1,153.8,283.7,519,0.303,5
543,-34.888,156.206,97.189,0.6951,-0.0746,0.715,-0.0715,-0.9929,-0.0949,0.7177,0.0148,-0.6962,25.5,0.0435,4.526,4.337,1.82661,158.1,256.9,160.0,229.8,156.2,283.8,520,0.465,5
544,-33.497,156.018,98.593,0.705,-0.1108,0.7005,0.0034,-0.9854,-0.1701,0.7091,0.1223,-0.6944,25.5,0.0076,6.183,6.099,1.16173,159.6,256.9,159.4,229.9,159.7,283.9,521,0.631,5
545,-32.086,155.747,99.961,0.7157,-0.1603,0.6797,0.1061,-0.9605,-0.2574,0.6952,0.2567,-0.6715,25.5,0.0549,7.858,7.86,1.58107,161.0,257.1,158.0,230.4,164.0,283.6,522,0.8,5
546,-30.66,155.382,101.291,0.7212,-0.21,0.6601,0.2366,-0.9028,-0.3591,0.6765,0.4183,-0.6061,25.5,0.1232,10.058,10.052,1.55101,162.5,257.3,155.9,231.9,169.0,282.5,523,0.972,5
547,-29.23,154.92,102.588,0.7191,-0.2563,0.6459,0.3913,-0.7928,-0.4672,0.6427,0.5988,-0.4779,25.5,0.1828,12.859,12.541,1.39986,164.0,257.7,153.1,235.0,174.7,280.1,523,1.012,5
548,-27.81,154.372,103.861,0.7115,-0.2974,0.6366,0.5498,-0.6207,-0.559,0.5755,0.7665,-0.2851,25.5,0.2199,15.183,14.439,1.23644,165.5,258.2,150.2,239.8,180.5,276.2,524,0.839,5
549,-26.409,153.744,105.118,0.6995,-0.3361,0.6307,0.6827,-0.4011,-0.6107,0.4705,0.8808,-0.0525,25.5,0.2272,16.074,15.046,1.18233,167.0,258.7,148.0,246.2,185.5,271.0,525,0.665,5
550,-25.036,153.039,106.365,0.682,-0.3759,0.6274,0.7726,-0.1646,-0.6132,0.341,0.9223,0.182,25.5,0.2041,15.58,14.536,1.25897,168.4,259.3,147.0,253.3,189.4,265.3,526,0.493,5
551,-23.703,152.255,107.608,0.6574,-0.4169,0.6276,0.8181,0.0509,-0.5728,0.2095,0.9013,0.3793,25.5,0.1571,13.67,12.857,1.3808,169.8,260.1,147.2,260.0,192.0,260.1,527,0.326,5
552,-22.424,151.39,108.855,0.6267,-0.4564,0.6316,0.8322,0.2229,-0.5076,0.0914,0.848,0.5221,25.5,0.0992,11.065,10.585,1.44931,171.1,260.9,148.2,265.7,193.7,256.1,528,0.165,5
553,-21.211,150.451,110.113,0.5936,-0.4916,0.6372,0.8293,0.3502,-0.4354,-0.0091,0.7876,0.6161,25.5,0.0427,8.619,8.395,1.40464,172.4,261.7,149.6,270.3,194.9,253.3,529,0.017,5
554,-20.074,149.439,111.386,0.5564,-0.5242,0.6447,0.8207,0.4383,-0.3666,-0.0904,0.7331,0.6741,25.5,0.0095,6.522,6.427,1.44469,173.6,262.7,151.0,273.8,195.9,251.7,530,0.134,5
555,-19.006,148.367,112.67,0.5174,-0.5583,0.6485,0.8162,0.4912,-0.3041,-0.149,0.6875,0.7107,25.5,0.0491,4.744,4.7,1.49998,174.7,263.7,152.3,276.4,196.9,251.1,531,0.269,5
556,-18.025,147.221,113.959,0.4743,-0.5928,0.6509,0.8235,0.5114,-0.2456,-0.1878,0.6542,0.7326,25.5,0.0724,3.187,3.571,1.59581,175.8,264.8,153.2,278.2,198.2,251.5,532,0.395,5
557,-17.118,146.017,115.25,0.4394,-0.6206,0.6495,0.8423,0.5048,-0.189,-0.2111,0.6315,0.7461,25.5,0.0659,2.018,3.439,1.28893,176.7,266.0,153.6,279.3,199.6,252.7,533,0.507,5
558,-16.284,144.756,116.535,0.4003,-0.6506,0.6453,0.8674,0.4797,-0.1324,-0.2238,0.6135,0.7573,25.5,0.0503,1.416,3.829,1.42832,177.6,267.2,153.9,280.0,201.2,254.5,534,0.603,5
559,-15.53,143.435,117.81,0.3597,-0.6807,0.6382,0.8933,0.4431,-0.0756,-0.2314,0.5975,0.7677,25.5,0.0285,1.177,4.147,1.47386,178.4,268.5,154.0,280.4,202.7,256.6,535,0.679,5
560,-14.854,142.055,119.065,0.3218,-0.7081,0.6285,0.9158,0.401,-0.0207,-0.2374,0.5823,0.7776,25.5,0.0023,1.095,4.169,1.37917,179.1,269.9,154.1,280.8,204.1,259.0,536,0.73,5
561,-14.255,140.623,120.301,0.2821,-0.7366,0.6147,0.933,0.3585,0.0307,-0.243,0.5649,0.7885,25.5,0.018,1.219,3.947,1.46652,179.7,271.3,154.2,281.2,205.2,261.4,537,0.752,5
562,-13.734,139.13,121.499,0.2423,-0.7646,0.5972,0.9446,0.319,0.078,-0.2503,0.5454,0.7999,25.5,0.0316,1.36,3.593,1.49333,180.3,272.8,154.5,281.7,206.1,263.9,538,0.742,5
563,-13.291,137.592,122.672,0.2064,-0.7883,0.5797,0.9508,0.2856,0.1203,-0.2606,0.5267,0.8091,25.5,0.0408,1.332,3.109,1.34109,180.7,274.3,154.8,282.4,206.8,266.2,539,0.706,5
564,-12.905,135.993,123.782,0.1847,-0.8241,0.5355,0.9526,0.2611,0.156,-0.2687,0.4818,0.8341,25.5,0.0443,2.981,2.483,1.75816,181.1,276.0,155.2,283.4,207.3,268.4,540,0.657,5
565,-12.567,134.329,124.809,0.1543,-0.8496,0.5044,0.9512,0.2477,0.1838,-0.2812,0.4516,0.8467,25.5,0.029,2.007,1.77,1.4559,181.5,277.7,155.5,284.8,207.6,270.4,541,0.607,5
566,-12.277,132.623,125.78,0.1418,-0.8698,0.4726,0.948,0.2442,0.204,-0.2929,0.4192,0.8594,25.5,0.0184,2.104,1.189,1.146,181.8,279.4,155.9,286.5,207.8,272.2,542,0.567,5
567,-11.991,130.876,126.678,0.1489,-0.8907,0.4296,0.944,0.2476,0.2178,-0.3004,0.3731,0.8778,25.5,0.0136,2.876,0.846,1.39563,182.1,281.2,156.3,288.4,208.0,273.9,543,0.55,5
568,-11.677,129.087,127.476,0.1627,-0.9117,0.3772,0.9401,0.255,0.2264,-0.3026,0.3177,0.8986,25.5,0.0059,3.393,0.687,1.67826,182.4,283.1,156.8,290.5,208.3,275.6,544,0.57,5
569,-11.356,127.26,128.181,0.1634,-0.9286,0.3333,0.9365,0.2639,0.2311,-0.3026,0.2744,0.9128,25.5,0.015,2.611,0.612,1.35855,182.8,285.0,157.2,292.7,208.5,277.2,545,0.64,5
570,-11.021,125.405,128.8,0.1758,-0.9404,0.291,0.9331,0.2732,0.234,-0.2996,0.2304,0.9258,25.5,0.0248,2.635,0.591,1.31777,183.1,286.9,157.6,294.9,208.8,278.9,546,0.773,5
571,-10.652,123.531,129.339,0.197,-0.9471,0.2533,0.9297,0.282,0.237,-0.296,0.1889,0.9363,25.5,0.0239,2.462,0.567,1.26393,183.5,288.9,158.1,297.1,209.1,280.6,547,0.978,5
572,-10.239,121.648,129.808,0.2167,-0.9519,0.2168,0.9261,0.2893,0.2423,-0.2934,0.1483,0.9444,25.5,0.0222,2.377,0.556,1.20546,184.0,290.9,158.6,299.3,209.5,282.4,547,1.007,5
573,-9.796,119.754,130.201,0.2291,-0.9565,0.1808,0.9222,0.2946,0.2505,-0.2929,0.1094,0.9499,25.5,0.0252,2.251,0.602,1.10753,184.4,292.9,159.2,301.5,209.8,284.3,548,0.734,5
574,-9.329,117.854,130.532,0.2418,-0.9579,0.1546,0.9182,0.2984,0.2605,-0.2958,0.079,0.952,25.5,0.0235,1.754,0.654,0.84168,184.9,294.9,159.8,303.6,210.2,286.2,549,0.404,5
575,-8.837,115.953,130.821,0.2538,-0.9573,0.138,0.9141,0.3012,0.2714,-0.3015,0.0573,0.9518,25.5,0.0189,1.286,0.686,0.5918,185.5,297.0,160.5,305.7,210.7,288.1,550,0.033,5
576,-8.322,114.055,131.085,0.2647,-0.9556,0.1294,0.9101,0.3034,0.2821,-0.3089,0.0431,0.9501,25.5,0.0125,0.923,0.667,0.40389,186.0,299.0,161.1,307.8,211.1,290.1,551,0.388,5
577,-7.788,112.161,131.338,0.2742,-0.9533,0.1269,0.9065,0.3054,0.2915,-0.3167,0.0351,0.9479,25.5,0.0056,0.652,0.588,0.29132,186.6,301.0,161.8,309.9,211.6,292.0,552,0.826,5
578,-7.231,110.271,131.582,0.2861,-0.951,0.1169,0.9034,0.3077,0.2988,-0.3201,0.0201,0.9472,25.5,0.0008,0.882,0.473,0.45337,187.2,303.0,162.5,312.0,212.1,294.0,552,1.16,5
579,-6.655,108.387,131.805,0.2949,-0.9494,0.1084,0.9008,0.3103,0.3038,-0.3221,0.008,0.9467,25.5,0.004,0.703,0.356,0.3566,187.8,305.0,163.2,314.1,212.7,295.9,553,0.708,5
580,-6.063,106.504,132.013,0.301,-0.9481,0.102,0.8987,0.3132,0.3069,-0.3229,-0.0007,0.9464,25.5,0.0049,0.501,0.271,0.25801,188.5,307.1,163.9,316.2,213.3,297.9,554,0.265,5
581,-5.461,104.623,132.21,0.3054,-0.9472,0.0972,0.8972,0.3161,0.3083,-0.3228,-0.007,0.9464,25.5,0.0046,0.361,0.204,0.18975,189.1,309.1,164.6,318.3,213.9,299.8,555,0.2,6
582,-4.852,102.743,132.399,0.3085,-0.9466,0.0934,0.8962,0.3191,0.3084,-0.3217,-0.0115,0.9468,25.5,0.0032,0.266,0.181,0.1426,189.8,311.1,165.2,320.4,214.5,301.7,556,0.608,6
583,-4.237,100.865,132.582,0.3107,-0.9462,0.0904,0.8955,0.3219,0.3073,-0.3199,-0.0146,0.9473,25.5,0.0014,0.207,0.177,0.108,190.4,313.1,165.9,322.4,215.2,303.7,557,1.005,6
584,-3.619,98.987,132.759,0.312,-0.946,0.088,0.8952,0.3246,0.3054,-0.3175,-0.0165,0.9481,25.5,0.0009,0.181,0.19,0.079,191.1,315.1,166.6,324.5,215.8,305.6,557,0.989,6
585,-2.999,97.109,132.931,0.3125,-0.946,0.0862,0.8952,0.3269,0.303,-0.3148,-0.0175,0.949,25.5,0.0034,0.173,0.19,0.05393,191.8,317.1,167.2,326.6,216.5,307.6,558,0.617,6
586,-2.379,95.232,133.101,0.3122,-0.9462,0.0849,0.8954,0.3287,0.3002,-0.312,-0.0177,0.9499,25.5,0.006,0.169,0.191,0.03894,192.4,319.2,167.9,328.6,217.2,309.6,559,0.276,6
587,-1.76,93.353,133.269,0.3112,-0.9466,0.0841,0.8959,0.33,0.2974,-0.3093,-0.0173,0.9508,25.5,0.0086,0.165,0.179,0.03873,193.1,321.2,168.5,330.7,217.9,311.6,560,0.07,6
588,-1.144,91.473,133.435,0.3093,-0.9473,0.0837,0.8965,0.3307,0.2949,-0.3071,-0.0162,0.9516,25.5,0.0113,0.148,0.153,0.05956,193.8,323.2,169.2,332.7,218.6,313.6,561,0.319,6
589,-0.533,89.592,133.601,0.3063,-0.9482,0.0839,0.8972,0.3305,0.2929,-0.3055,-0.0144,0.9521,25.5,0.014,0.141,0.122,0.09059,194.4,325.2,169.8,334.7,219.2,315.6,562,0.549,6
590,0.076,87.712,133.771,0.3077,-0.9474,0.0875,0.898,0.3295,0.2917,-0.3053,-0.0112,0.9522,25.5,0.0103,0.184,0.101,0.11397,195.1,327.2,170.5,336.7,219.9,317.7,563,0.736,6
591,0.688,85.833,133.948,0.3091,-0.9468,0.0897,0.8988,0.3276,0.2913,-0.3052,-0.0094,0.9523,25.5,0.0062,0.103,0.12,0.07723,195.7,329.3,171.1,338.7,220.6,319.8,564,0.88,6
592,1.302,83.954,134.126,0.3099,-0.9465,0.0902,0.8997,0.325,0.2914,-0.3052,-0.0091,0.9523,25.5,0.0025,0.017,0.158,0.02858,196.4,331.3,171.7,340.6,221.3,321.9,565,0.986,6
593,1.918,82.076,134.305,0.3102,-0.9465,0.0891,0.9007,0.3216,0.2922,-0.3052,-0.0104,0.9522,25.5,0.001,0.075,0.208,0.03291,197.1,333.3,172.4,342.5,222.0,324.0,565,1.002,6
594,2.533,80.197,134.479,0.3101,-0.9468,0.0863,0.9017,0.3176,0.2934,-0.3052,-0.0131,0.9522,25.5,0.0042,0.155,0.246,0.08134,197.7,335.3,173.0,344.4,222.7,326.1,566,0.929,6
595,3.148,78.317,134.646,0.3095,-0.9474,0.0817,0.9028,0.3129,0.2949,-0.305,-0.0175,0.9522,25.5,0.0071,0.252,0.29,0.13503,198.4,337.3,173.6,346.3,223.4,328.3,567,0.882,6
596,3.761,76.436,134.802,0.3083,-0.9483,0.0752,0.904,0.3076,0.2968,-0.3046,-0.0235,0.9522,25.5,0.0093,0.345,0.33,0.19257,199.1,339.4,174.2,348.2,224.1,330.5,568,0.855,6
597,4.372,74.553,134.943,0.3065,-0.9496,0.0662,0.9053,0.3018,0.2988,-0.3037,-0.0316,0.9522,25.5,0.0107,0.467,0.359,0.26765,199.7,341.4,174.9,350.1,224.8,332.7,569,0.843,6
598,4.977,72.668,135.063,0.3038,-0.9512,0.0545,0.9067,0.2956,0.3008,-0.3023,-0.042,0.9523,25.5,0.0107,0.601,0.382,0.34981,200.4,343.4,175.5,351.9,225.5,334.9,570,0.84,6
599,5.577,70.777,135.157,0.3001,-0.9531,0.039,0.9082,0.289,0.3029,-0.3,-0.0555,0.9523,25.5,0.0089,0.785,0.406,0.46302,201.0,345.5,176.1,353.8,226.2,337.1,571,0.842,6
600,6.168,68.883,135.215,0.295,-0.9553,0.0188,0.9097,0.282,0.3048,-0.2965,-0.0729,0.9523,25.5,0.0047,1.017,0.424,0.60494,201.7,347.5,176.7,355.6,226.9,339.4,572,0.843,6
601,6.749,66.987,135.238,0.291,-0.9567,0.005,0.9114,0.2747,0.3065,-0.2946,-0.0846,0.9519,25.5,0.0039,0.68,0.44,0.41704,202.3,349.6,177.3,357.4,227.6,341.6,573,0.839,6
602,7.322,65.087,135.234,0.2869,-0.9579,-0.01,0.9131,0.2671,0.308,-0.2923,-0.0975,0.9513,25.5,0.003,0.752,0.454,0.45022,202.9,351.6,177.8,359.3,228.3,343.9,574,0.829,6
603,7.887,63.185,135.197,0.2827,-0.9588,-0.0275,0.915,0.2592,0.3092,-0.2894,-0.1126,0.9506,25.5,0.0016,0.882,0.471,0.52031,203.5,353.7,178.4,361.1,228.9,346.2,575,0.808,6
604,8.444,61.282,135.123,0.2785,-0.9593,-0.0471,0.917,0.2509,0.3102,-0.2858,-0.1295,0.9495,25.5,0.0001,0.992,0.493,0.57896,204.1,355.7,178.9,362.9,229.6,348.5,576,0.773,6
605,8.993,59.378,135.009,0.2745,-0.9592,-0.068,0.9191,0.2421,0.3109,-0.2818,-0.1478,0.948,25.5,0.0011,1.077,0.52,0.61446,204.7,357.8,179.5,364.8,230.2,350.8,577,0.721,6
606,9.534,57.476,134.853,0.2709,-0.9585,-0.0893,0.9213,0.2329,0.3114,-0.2776,-0.1666,0.9461,25.5,0.0015,1.109,0.543,0.62402,205.3,359.9,180.0,366.6,230.9,353.1,578,0.647,6
607,10.068,55.574,134.655,0.2676,-0.9572,-0.1101,0.9237,0.2232,0.3115,-0.2736,-0.185,0.9439,25.5,0.0008,1.086,0.573,0.60911,205.9,361.9,180.5,368.3,231.5,355.5,579,0.547,6
608,10.594,53.676,134.416,0.2624,-0.956,-0.1313,0.9261,0.213,0.3114,-0.2697,-0.2034,0.9412,25.5,0.0015,1.089,0.6,0.63123,206.4,364.0,181.0,370.1,232.1,357.8,580,0.419,6
609,11.11,51.781,134.133,0.2574,-0.954,-0.1537,0.9286,0.2025,0.311,-0.2655,-0.2228,0.938,25.5,0.002,1.152,0.619,0.66517,207.0,366.0,181.5,371.9,232.8,360.2,581,0.262,6
610,11.616,49.89,133.805,0.2528,-0.9513,-0.1766,0.9311,0.1918,0.3103,-0.2613,-0.2429,0.9342,25.5,0.0019,1.197,0.631,0.67888,207.5,368.1,182.0,373.6,233.4,362.5,582,0.078,6
611,12.113,48.006,133.432,0.2486,-0.9478,-0.1995,0.9335,0.1812,0.3093,-0.257,-0.2632,0.9299,25.5,0.0014,1.214,0.625,0.6798,208.1,370.1,182.4,375.4,234.0,364.9,583,0.135,6
612,12.603,46.128,133.014,0.245,-0.9438,-0.2219,0.9359,0.1709,0.3082,-0.253,-0.2831,0.9251,25.5,0.0004,1.195,0.609,0.66514,208.6,372.2,182.9,377.1,234.6,367.2,584,0.376,6
613,13.086,44.26,132.552,0.2421,-0.9393,-0.2431,0.9381,0.1609,0.3069,-0.2491,-0.3023,0.9201,25.5,0.0014,1.159,0.591,0.63127,209.1,374.2,183.4,378.9,235.1,369.5,585,0.644,6
614,13.562,42.4,132.049,0.2372,-0.935,-0.2637,0.9401,0.1515,0.3054,-0.2456,-0.3203,0.9149,25.5,0.0008,1.092,0.557,0.62384,209.6,376.2,183.8,380.6,235.7,371.8,586,0.941,6
615,14.028,40.549,131.505,0.2328,-0.93,-0.2843,0.942,0.1427,0.3037,-0.2419,-0.3385,0.9093,25.5,0.0002,1.111,0.525,0.62512,210.1,378.3,184.3,382.4,236.2,374.1,586,1.043,6
616,14.486,38.709,130.921,0.2289,-0.9245,-0.3047,0.9438,0.1345,0.302,-0.2382,-0.3567,0.9033,25.5,0.0003,1.118,0.491,0.62035,210.6,380.3,184.7,384.1,236.8,376.3,587,0.718,6
617,14.937,36.88,130.296,0.2255,-0.9186,-0.3247,0.9455,0.1267,0.3001,-0.2345,-0.3746,0.897,25.5,0.0006,1.108,0.47,0.60998,211.1,382.2,185.2,385.9,237.3,378.6,588,0.363,6
618,15.382,35.064,129.633,0.2226,-0.9122,-0.344,0.9471,0.1193,0.2981,-0.2309,-0.3921,0.8905,25.5,0.0005,1.089,0.449,0.59305,211.6,384.2,185.6,387.6,237.8,380.7,589,0.017,6
619,15.821,33.26,128.932,0.2202,-0.9056,-0.3625,0.9486,0.1122,0.296,-0.2274,-0.409,0.8837,25.5,0.0,1.063,0.433,0.57129,212.0,386.2,186.0,389.4,238.3,382.9,590,0.415,6
620,16.255,31.469,128.195,0.217,-0.8993,-0.3797,0.95,0.1055,0.2939,-0.2242,-0.4245,0.8772,25.5,0.0003,0.98,0.41,0.53691,212.5,388.1,186.5,391.2,238.8,385.1,591,0.83,6
621,16.682,29.69,127.425,0.2133,-0.8931,-0.396,0.9514,0.0991,0.2916,-0.2212,-0.439,0.8708,25.5,0.001,0.924,0.398,0.51469,213.0,390.0,186.9,392.9,239.3,387.2,591,1.155,6
622,17.102,27.924,126.623,0.2101,-0.8866,-0.412,0.9527,0.093,0.2894,-0.2183,-0.4533,0.8642,25.5,0.0015,0.918,0.379,0.50707,213.4,392.0,187.3,394.6,239.7,389.3,592,0.73,6
623,17.517,26.171,125.79,0.2076,-0.8799,-0.4275,0.9539,0.0872,0.2872,-0.2154,-0.4674,0.8574,25.5,0.0015,0.912,0.362,0.49286,213.8,393.9,187.7,396.4,240.2,391.3,593,0.299,6
624,17.926,24.432,124.927,0.2056,-0.8729,-0.4425,0.955,0.0817,0.285,-0.2126,-0.4812,0.8504,25.5,0.0011,0.901,0.345,0.4814,214.3,395.7,188.1,398.1,240.6,393.4,594,0.132,6
625,18.333,22.707,124.034,0.2041,-0.8657,-0.4571,0.9561,0.0766,0.2828,-0.2098,-0.4948,0.8433,25.5,0.0004,0.894,0.324,0.47199,214.7,397.6,188.5,399.8,241.1,395.4,595,0.558,6
626,18.737,20.996,123.113,0.203,-0.8583,-0.4713,0.9571,0.0718,0.2808,-0.2072,-0.5081,0.836,25.5,0.0003,0.882,0.303,0.46339,215.1,399.5,188.9,401.5,241.5,397.4,596,0.973,6
627,19.139,19.301,122.164,0.2025,-0.8507,-0.4851,0.958,0.0673,0.2789,-0.2046,-0.5212,0.8286,25.5,0.0014,0.875,0.285,0.45508,215.5,401.3,189.3,403.2,241.9,399.4,596,1.011,6
628,19.539,17.619,121.188,0.2001,-0.8437,-0.4982,0.9588,0.0631,0.2771,-0.2023,-0.5331,0.8215,25.5,0.0006,0.805,0.266,0.43434,216.0,403.1,189.8,404.9,242.4,401.3,597,0.61,6
629,19.934,15.952,120.187,0.1978,-0.8368,-0.5105,0.9595,0.0593,0.2755,-0.2003,-0.5443,0.8146,25.5,0.0005,0.762,0.24,0.41264,216.4,404.9,190.2,406.6,242.8,403.2,598,0.225,6
630,20.324,14.298,119.162,0.196,-0.8301,-0.5221,0.9601,0.0558,0.2741,-0.1984,-0.555,0.8079,25.5,0.0012,0.731,0.219,0.39019,216.8,406.7,190.6,408.3,243.2,405.1,599,0.137,6
631,20.712,12.658,118.115,0.1947,-0.8234,-0.5331,0.9606,0.0525,0.2728,-0.1966,-0.5652,0.8012,25.5,0.0016,0.707,0.205,0.37374,217.2,408.5,191.0,409.9,243.6,407.0,600,0.473,6
632,21.097,11.03,117.047,0.1939,-0.8167,-0.5435,0.9611,0.0495,0.2716,-0.1949,-0.575,0.7946,25.5,0.0017,0.684,0.187,0.35792,217.6,410.2,191.4,411.6,244.0,408.8,601,0.78,6
633,21.482,9.416,115.958,0.1935,-0.8101,-0.5535,0.9616,0.0468,0.2705,-0.1933,-0.5846,0.788,25.5,0.0016,0.674,0.169,0.34609,218.0,411.9,191.8,413.2,244.4,410.6,602,1.052,6
634,21.866,7.815,114.85,0.1936,-0.8034,-0.563,0.962,0.0442,0.2696,-0.1917,-0.5938,0.7814,25.5,0.0011,0.655,0.159,0.33564,218.4,413.7,192.2,414.9,244.8,412.4,602,0.932,6
635,22.25,6.227,113.723,0.1941,-0.7968,-0.5722,0.9623,0.0418,0.2688,-0.1902,-0.6028,0.7749,25.5,0.0003,0.642,0.146,0.32722,218.8,415.4,192.6,416.5,245.1,414.2,603,0.698,6
636,22.636,4.652,112.579,0.195,-0.7901,-0.5811,0.9626,0.0396,0.268,-0.1888,-0.6116,0.7683,25.5,0.0007,0.635,0.135,0.32266,219.1,417.0,193.0,418.1,245.5,415.9,604,0.507,6
637,23.024,3.091,111.417,0.196,-0.7833,-0.5899,0.9629,0.0375,0.2674,-0.1873,-0.6204,0.7616,25.5,0.0016,0.64,0.126,0.32247,219.5,418.7,193.4,419.7,245.9,417.7,605,0.359,6
638,23.413,1.544,110.237,0.196,-0.7762,-0.5992,0.9631,0.0356,0.2668,-0.1858,-0.6294,0.7546,25.5,0.0013,0.659,0.115,0.3378,219.9,420.4,193.8,421.3,246.3,419.4,606,0.256,6
639,23.802,0.01,109.039,0.196,-0.7695,-0.6078,0.9633,0.0337,0.2663,-0.1845,-0.6377,0.7479,25.5,0.001,0.616,0.113,0.31474,220.3,422.0,194.2,422.9,246.7,421.1,607,0.194,6
640,24.191,-1.511,107.825,0.1959,-0.7632,-0.6158,0.9635,0.0319,0.2659,-0.1833,-0.6454,0.7415,25.5,0.0007,0.578,0.106,0.29397,220.7,423.6,194.6,424.5,247.1,422.7,608,0.173,6
641,24.58,-3.02,106.595,0.1958,-0.7571,-0.6233,0.9636,0.0301,0.2655,-0.1823,-0.6526,0.7355,25.5,0.0004,0.54,0.106,0.27909,221.1,425.2,195.0,426.0,247.5,424.4,609,0.192,6
642,24.969,-4.516,105.352,0.1957,-0.7513,-0.6303,0.9638,0.0284,0.2652,-0.1814,-0.6593,0.7296,25.5,0.0001,0.514,0.1,0.26249,221.5,426.8,195.4,427.5,247.8,426.0,610,0.248,6
643,25.357,-6.002,104.094,0.1956,-0.7458,-0.6368,0.9639,0.0267,0.265,-0.1807,-0.6657,0.7241,25.5,0.0001,0.485,0.098,0.24585,221.9,428.4,195.8,429.1,248.2,427.7,611,0.342,6
644,25.745,-7.476,102.824,0.1954,-0.7405,-0.643,0.964,0.0249,0.2648,-0.18,-0.6716,0.7187,25.5,0.0003,0.46,0.104,0.23557,222.3,429.9,196.2,430.6,248.6,429.3,612,0.471,6
645,26.132,-8.941,101.542,0.1952,-0.7355,-0.6488,0.9641,0.0232,0.2646,-0.1796,-0.6772,0.7136,25.5,0.0005,0.435,0.098,0.22117,222.7,431.5,196.6,432.1,249.0,430.9,613,0.635,6
646,26.519,-10.396,100.249,0.195,-0.7306,-0.6544,0.9641,0.0214,0.2645,-0.1793,-0.6825,0.7086,25.5,0.0007,0.418,0.103,0.2149,223.1,433.0,197.0,433.5,249.3,432.5,614,0.83,6
647,26.906,-11.841,98.945,0.1947,-0.726,-0.6596,0.9642,0.0196,0.2645,-0.1791,-0.6875,0.7038,25.5,0.001,0.397,0.103,0.20062,223.5,434.5,197.4,435.0,249.7,434.0,616,0.683,6
648,27.292,-13.277,97.631,0.1944,-0.7215,-0.6646,0.9642,0.0177,0.2644,-0.179,-0.6922,0.6991,25.5,0.0011,0.381,0.109,0.19439,223.9,436.0,197.8,436.5,250.1,435.6,617,0.413,6
649,27.679,-14.703,96.306,0.1953,-0.715,-0.6713,0.9643,0.0157,0.2644,-0.1785,-0.699,0.6925,25.5,0.0004,0.544,0.115,0.27077,224.2,437.5,198.3,437.9,250.4,437.2,618,0.126,6
650,28.067,-16.115,94.967,0.1964,-0.708,-0.6784,0.9643,0.0136,0.2644,-0.178,-0.7061,0.6854,25.5,0.0004,0.576,0.12,0.2896,224.6,439.0,198.7,439.3,250.8,438.7,619,0.177,6
651,28.458,-17.514,93.614,0.197,-0.7017,-0.6847,0.9644,0.0114,0.2644,-0.1777,-0.7124,0.6789,25.5,0.001,0.519,0.126,0.25778,225.0,440.5,199.1,440.7,251.2,440.2,620,0.493,6
652,28.849,-18.901,92.25,0.1971,-0.6961,-0.6903,0.9644,0.0091,0.2643,-0.1777,-0.7179,0.6731,25.5,0.0013,0.458,0.132,0.22867,225.4,441.9,199.5,442.1,251.6,441.8,621,0.817,6
653,29.24,-20.277,90.875,0.1969,-0.6912,-0.6953,0.9644,0.0068,0.2643,-0.1779,-0.7226,0.668,25.5,0.0014,0.398,0.132,0.20223,225.8,443.4,199.9,443.5,251.9,443.3,623,0.511,6
654,29.63,-21.645,89.491,0.1962,-0.687,-0.6996,0.9645,0.0045,0.2641,-0.1783,-0.7266,0.6635,25.5,0.0014,0.346,0.132,0.17473,226.2,444.8,200.3,444.8,252.3,444.7,624,0.188,6
655,30.018,-23.004,88.098,0.1952,-0.6835,-0.7033,0.9645,0.0021,0.2639,-0.1789,-0.7299,0.6597,25.5,0.0012,0.29,0.138,0.14986,226.6,446.2,200.7,446.2,252.7,446.2,625,0.14,6
656,30.404,-24.358,86.699,0.1938,-0.6807,-0.7065,0.9646,-0.0003,0.2636,-0.1796,-0.7326,0.6566,25.5,0.0009,0.239,0.139,0.12922,226.9,447.6,201.1,447.5,253.0,447.7,626,0.442,6
657,30.787,-25.707,85.294,0.192,-0.6785,-0.709,0.9647,-0.0027,0.2632,-0.1805,-0.7346,0.6541,25.5,0.0004,0.191,0.14,0.10926,227.3,449.0,201.5,448.8,253.4,449.2,627,0.731,6
658,31.166,-27.052,83.885,0.1899,-0.677,-0.7111,0.9649,-0.0051,0.2627,-0.1814,-0.736,0.6522,25.5,0.0001,0.145,0.141,0.09604,227.7,450.4,201.9,450.1,253.7,450.6,629,0.743,6
659,31.541,-28.394,82.473,0.1875,-0.6761,-0.7126,0.965,-0.0075,0.262,-0.1825,-0.7368,0.651,25.5,0.0007,0.104,0.143,0.08575,228.1,451.8,202.2,451.4,254.1,452.1,630,0.525,6
660,31.91,-29.735,81.058,0.1848,-0.6757,-0.7136,0.9653,-0.0099,0.2611,-0.1835,-0.7371,0.6504,25.5,0.0012,0.069,0.148,0.08391,228.4,453.1,202.6,452.8,254.4,453.5,631,0.333,6
661,32.274,-31.076,79.641,0.1818,-0.676,-0.7141,0.9655,-0.0122,0.2601,-0.1845,-0.7368,0.6505,25.5,0.002,0.06,0.144,0.08823,228.8,454.5,203.0,454.1,254.8,455.0,632,0.17,6
662,32.632,-32.417,78.223,0.1791,-0.6752,-0.7156,0.9658,-0.0144,0.2589,-0.1851,-0.7375,0.6495,25.5,0.0026,0.078,0.145,0.09214,229.1,455.9,203.3,455.4,255.1,456.4,633,0.04,6
663,32.985,-33.755,76.801,0.1769,-0.6733,-0.7179,0.9661,-0.0166,0.2575,-0.1853,-0.7392,0.6475,25.5,0.0028,0.151,0.15,0.10707,229.5,457.3,203.7,456.7,255.4,457.8,634,0.075,6
664,33.334,-35.09,75.373,0.175,-0.6715,-0.72,0.9665,-0.0188,0.256,-0.1855,-0.7407,0.6457,25.5,0.0026,0.135,0.154,0.09679,229.8,458.6,204.0,458.0,255.7,459.3,635,0.15,6
665,33.68,-36.42,73.943,0.1733,-0.6698,-0.722,0.9669,-0.021,0.2544,-0.1856,-0.7422,0.644,25.5,0.002,0.13,0.158,0.09034,230.1,460.0,204.4,459.3,256.1,460.7,636,0.192,6
666,34.022,-37.749,72.507,0.1717,-0.6683,-0.7238,0.9672,-0.0231,0.2529,-0.1857,-0.7435,0.6424,25.5,0.0015,0.118,0.149,0.08187,230.5,461.3,204.7,460.6,256.4,462.1,637,0.205,6
667,34.362,-39.074,71.069,0.1703,-0.6667,-0.7256,0.9676,-0.0253,0.2513,-0.1859,-0.7448,0.6408,25.5,0.0007,0.119,0.158,0.08044,230.8,462.7,205.0,461.9,256.7,463.5,638,0.189,6
668,34.698,-40.395,69.627,0.1689,-0.6652,-0.7273,0.9679,-0.0275,0.2499,-0.1862,-0.7461,0.6392,25.5,0.0,0.119,0.15,0.07691,231.1,464.0,205.4,463.1,257.0,464.9,639,0.155,6
669,35.032,-41.714,68.182,0.1676,-0.6637,-0.7289,0.9681,-0.0297,0.2486,-0.1867,-0.7474,0.6376,25.5,0.0008,0.122,0.147,0.07358,231.4,465.4,205.7,464.4,257.3,466.3,640,0.122,6
670,35.364,-43.03,66.734,0.1663,-0.6622,-0.7306,0.9683,-0.032,0.2476,-0.1874,-0.7486,0.6359,25.5,0.0013,0.126,0.144,0.07546,231.7,466.7,206.0,465.7,257.6,467.7,641,0.135,6
671,35.693,-44.343,65.282,0.1651,-0.6607,-0.7323,0.9685,-0.0344,0.2468,-0.1882,-0.7499,0.6342,25.5,0.0019,0.131,0.145,0.07401,232.0,468.0,206.4,466.9,257.9,469.1,642,0.203,6
672,36.019,-45.652,63.828,0.1639,-0.6591,-0.734,0.9685,-0.0369,0.2463,-0.1894,-0.7512,0.6323,25.5,0.0023,0.149,0.146,0.07581,232.3,469.3,206.7,468.2,258.2,470.5,643,0.3,6
673,36.343,-46.96,62.368,0.1628,-0.6574,-0.7357,0.9684,-0.0394,0.2462,-0.1909,-0.7526,0.6302,25.5,0.0024,0.168,0.143,0.07626,232.6,470.6,207.0,469.4,258.5,471.9,644,0.405,6
674,36.665,-48.262,60.906,0.1616,-0.6556,-0.7376,0.9682,-0.0421,0.2466,-0.1927,-0.754,0.628,25.5,0.0022,0.182,0.157,0.08314,232.9,472.0,207.4,470.7,258.7,473.3,645,0.513,6
675,36.985,-49.562,59.441,0.1604,-0.6536,-0.7396,0.9679,-0.045,0.2474,-0.195,-0.7555,0.6254,25.5,0.0017,0.217,0.173,0.0887,233.2,473.3,207.7,471.9,259.0,474.6,646,0.616,6
676,37.302,-50.858,57.97,0.1591,-0.6514,-0.7418,0.9674,-0.048,0.2488,-0.1976,-0.7572,0.6226,25.5,0.0006,0.24,0.192,0.09728,233.5,474.6,208.0,473.1,259.3,476.0,647,0.71,6
677,37.616,-52.147,56.496,0.1575,-0.6493,-0.7441,0.9667,-0.0511,0.2507,-0.2008,-0.7588,0.6196,25.5,0.0011,0.268,0.212,0.10117,233.8,475.8,208.3,474.3,259.5,477.4,648,0.797,6
678,37.926,-53.435,55.019,0.1547,-0.649,-0.7449,0.9658,-0.0545,0.2533,-0.205,-0.7586,0.6184,25.5,0.0039,0.251,0.251,0.0845,234.1,477.1,208.7,475.5,259.8,478.8,649,0.866,6
679,38.23,-54.722,53.54,0.1521,-0.6479,-0.7464,0.9648,-0.058,0.2566,-0.2096,-0.7591,0.6163,25.5,0.0072,0.291,0.281,0.09232,234.4,478.4,209.0,476.7,260.0,480.1,650,0.919,6
680,38.529,-56.006,52.056,0.1496,-0.6459,-0.7486,0.9635,-0.0616,0.2606,-0.2145,-0.7603,0.6131,25.5,0.0112,0.342,0.317,0.11215,234.7,479.7,209.3,477.8,260.2,481.5,651,0.949,6
681,38.824,-57.285,50.568,0.1475,-0.6428,-0.7517,0.9619,-0.0654,0.2654,-0.2198,-0.7623,0.6087,25.5,0.0156,0.411,0.363,0.14032,234.9,480.9,209.7,479.0,260.4,482.9,652,0.955,6
682,39.115,-58.556,49.073,0.1457,-0.6385,-0.7557,0.9601,-0.0694,0.2709,-0.2254,-0.7652,0.603,25.5,0.0205,0.487,0.403,0.1774,235.2,482.2,210.0,480.1,260.6,484.3,653,0.936,6
683,39.403,-59.818,47.568,0.1443,-0.6328,-0.7607,0.958,-0.0734,0.2772,-0.2314,-0.769,0.5959,25.5,0.0262,0.575,0.444,0.22256,235.5,483.4,210.3,481.3,260.8,485.6,654,0.886,6
684,39.688,-61.067,46.053,0.1434,-0.6258,-0.7667,0.9556,-0.0776,0.2844,-0.2376,-0.7738,0.5872,25.5,0.0325,0.671,0.497,0.2675,235.7,484.7,210.7,482.4,261.0,487.0,655,0.812,6
685,39.972,-62.301,44.524,0.1431,-0.6173,-0.7736,0.9528,-0.0818,0.2925,-0.244,-0.7795,0.5769,25.5,0.0394,0.768,0.547,0.3162,236.0,485.9,211.0,483.5,261.2,488.3,656,0.719,6
686,40.256,-63.516,42.982,0.1433,-0.6074,-0.7814,0.9496,-0.0861,0.3014,-0.2507,-0.7861,0.5651,25.5,0.0471,0.865,0.595,0.36392,236.2,487.1,211.4,484.5,261.3,489.6,657,0.611,6
687,40.542,-64.71,41.422,0.1443,-0.5955,-0.7903,0.946,-0.0905,0.3113,-0.2573,-0.7938,0.5511,25.5,0.0556,0.99,0.654,0.42996,236.5,488.2,211.7,485.6,261.5,490.9,658,0.494,6
688,40.829,-65.88,39.845,0.1453,-0.5829,-0.7995,0.942,-0.0949,0.322,-0.2642,-0.8016,0.5364,25.5,0.0652,1.032,0.701,0.45133,236.8,489.4,212.1,486.6,261.6,492.2,659,0.374,7
689,41.118,-67.025,38.25,0.145,-0.5715,-0.8077,0.9375,-0.0994,0.3336,-0.2717,-0.8079,0.5229,25.5,0.0767,0.956,0.758,0.40552,237.0,490.5,212.5,487.6,261.8,493.4,660,0.254,7
690,41.404,-68.149,36.64,0.1434,-0.562,-0.8146,0.9325,-0.1038,0.3458,-0.28,-0.8125,0.5112,25.5,0.0896,0.863,0.796,0.34216,237.3,491.6,212.9,488.5,261.9,494.6,661,0.142,7
691,41.686,-69.257,35.018,0.1404,-0.5549,-0.82,0.9272,-0.1082,0.3586,-0.2893,-0.8151,0.502,25.5,0.1038,0.764,0.833,0.27175,237.5,492.6,213.3,489.5,262.0,495.8,662,0.045,7
692,41.96,-70.353,33.387,0.1359,-0.5505,-0.8237,0.9215,-0.1126,0.3718,-0.2995,-0.8153,0.4955,25.5,0.119,0.693,0.862,0.21079,237.8,493.7,213.7,490.4,262.1,497.0,663,0.057,7
693,42.224,-71.443,31.75,0.1303,-0.5491,-0.8256,0.9153,-0.1169,0.3854,-0.3109,-0.8133,0.4918,25.5,0.1347,0.696,0.891,0.17546,238.0,494.7,214.1,491.3,262.1,498.2,664,0.134,7
694,42.476,-72.534,30.111,0.1236,-0.5504,-0.8257,0.9089,-0.1211,0.3991,-0.3234,-0.809,0.4909,25.5,0.1505,0.759,0.899,0.19706,238.2,495.8,214.5,492.2,262.2,499.4,665,0.208,7
695,42.718,-73.617,28.466,0.1197,-0.5409,-0.8325,0.9021,-0.1252,0.4131,-0.3324,-0.812,0.4798,25.5,0.1682,0.837,0.922,0.35556,238.4,496.8,214.9,493.1,262.2,500.5,666,0.281,7
696,42.951,-74.683,26.808,0.1158,-0.5336,-0.8378,0.8949,-0.1292,0.4271,-0.342,-0.8133,0.4707,25.5,0.1853,0.762,0.931,0.28373,238.6,497.8,215.3,494.0,262.2,501.6,667,0.354,7
697,43.177,-75.737,25.142,0.1116,-0.5294,-0.841,0.8875,-0.1331,0.4412,-0.3528,-0.8122,0.4645,25.5,0.2015,0.716,0.939,0.19479,238.8,498.8,215.7,494.9,262.2,502.8,668,0.429,7
698,43.394,-76.787,23.471,0.1071,-0.5284,-0.8422,0.8797,-0.1371,0.4554,-0.3647,-0.8089,0.4611,25.5,0.2169,0.734,0.956,0.13752,239.0,499.8,216.1,495.8,262.1,503.9,669,0.51,7
699,43.602,-77.837,21.8,0.1022,-0.5304,-0.8416,0.8715,-0.141,0.4697,-0.378,-0.8033,0.4603,25.5,0.2314,0.828,0.971,0.15376,239.1,500.8,216.5,496.6,262.1,505.0,670,0.599,7
700,43.8,-78.894,20.132,0.0968,-0.5357,-0.8389,0.863,-0.1449,0.484,-0.3928,-0.795,0.4623,25.5,0.2449,0.979,0.979,0.23192,239.3,501.8,216.9,497.5,262.0,506.1,671,0.699,7
701,43.986,-79.965,18.472,0.0907,-0.5445,-0.8338,0.8541,-0.1489,0.4983,-0.4093,-0.7837,0.4673,25.5,0.2569,1.181,0.992,0.34241,239.4,502.8,217.3,498.4,261.9,507.2,672,0.812,7
702,44.158,-81.056,16.823,0.0818,-0.5523,-0.8296,0.8449,-0.153,0.5126,-0.4261,-0.7719,0.4719,25.5,0.2716,1.205,1.002,0.36258,239.6,503.8,217.7,499.3,261.8,508.4,674,0.905,7
703,44.309,-82.153,15.176,0.0708,-0.5532,-0.83,0.8352,-0.1572,0.527,-0.4411,-0.7637,0.4714,25.5,0.2913,0.98,1.023,0.31886,239.7,504.9,218.0,500.2,261.7,509.6,675,0.747,7
704,44.441,-83.254,13.53,0.0631,-0.557,-0.8281,0.8252,-0.1613,0.5413,-0.457,-0.7538,0.4721,25.5,0.3063,1.074,1.027,0.2539,239.8,505.9,218.4,501.1,261.5,510.7,676,0.571,7
705,44.562,-84.365,11.891,0.0588,-0.5638,-0.8238,0.8149,-0.1655,0.5555,-0.4739,-0.7421,0.474,25.5,0.3164,1.183,1.034,0.2634,239.9,506.9,218.8,502.0,261.3,511.9,677,0.376,7
706,44.677,-85.494,10.262,0.0582,-0.5739,-0.8168,0.8042,-0.1697,0.5696,-0.4915,-0.7287,0.477,25.5,0.3211,1.279,1.042,0.35522,239.9,508.0,219.1,503.0,261.1,513.1,678,0.161,7
707,44.795,-86.646,8.651,0.0616,-0.5875,-0.8069,0.7933,-0.1737,0.5835,-0.5098,-0.7135,0.4807,25.5,0.3199,1.379,1.038,0.49547,240.0,509.1,219.5,503.9,260.9,514.3,679,0.078,7
708,44.924,-87.828,7.062,0.0692,-0.6047,-0.7934,0.7822,-0.1776,0.5972,-0.5285,-0.6968,0.485,25.5,0.3123,1.457,1.035,0.66835,240.1,510.2,219.9,504.9,260.7,515.5,680,0.317,7
709,45.06,-89.043,5.499,0.0658,-0.6188,-0.7828,0.7708,-0.1814,0.6107,-0.5478,-0.6781,0.49,25.5,0.3151,1.566,1.036,0.51866,240.2,511.3,220.3,505.9,260.5,516.8,681,0.554,7
710,45.188,-90.284,3.956,0.0648,-0.6323,-0.772,0.7593,-0.185,0.6239,-0.5663,-0.6603,0.4933,25.5,0.3155,1.483,1.024,0.50004,240.3,512.5,220.7,507.0,260.3,518.1,682,0.771,7
711,45.321,-91.553,2.436,0.0692,-0.6459,-0.7602,0.7476,-0.1882,0.6369,-0.5834,-0.6444,0.4944,25.5,0.3109,1.339,1.019,0.53515,240.4,513.7,221.1,508.1,260.1,519.4,684,0.889,7
712,45.467,-92.848,0.939,0.0792,-0.6593,-0.7477,0.736,-0.1911,0.6495,-0.5989,-0.6311,0.493,25.5,0.3013,1.173,0.995,0.60276,240.5,514.9,221.5,509.2,259.9,520.7,685,0.81,7
713,45.639,-94.169,-0.532,0.095,-0.672,-0.7344,0.7244,-0.1935,0.6617,-0.6126,-0.621,0.489,25.5,0.2871,1.002,0.974,0.70003,240.6,516.1,221.9,510.4,259.7,522.0,686,0.804,7
714,45.846,-95.514,-1.976,0.1114,-0.6839,-0.7211,0.7128,-0.1954,0.6736,-0.6252,-0.6122,0.4841,25.5,0.2727,0.924,0.958,0.69979,240.8,517.4,222.4,511.6,259.6,523.4,687,0.886,7
715,46.077,-96.883,-3.394,0.1216,-0.696,-0.7077,0.7015,-0.1967,0.685,-0.6383,-0.6008,0.4812,25.5,0.2626,1.009,0.923,0.59867,241.0,518.7,222.9,512.8,259.5,524.7,688,1.063,7
716,46.33,-98.277,-4.784,0.1339,-0.7082,-0.6932,0.6902,-0.1974,0.6962,-0.6506,-0.5905,0.4776,25.5,0.2504,0.942,0.912,0.65226,241.2,520.0,223.4,514.1,259.4,526.1,688,0.922,7
717,46.609,-99.694,-6.144,0.1483,-0.7205,-0.6774,0.6791,-0.1975,0.707,-0.6619,-0.5813,0.4734,25.5,0.2359,0.869,0.887,0.71213,241.5,521.4,223.9,515.4,259.4,527.4,689,0.64,7
718,46.92,-101.136,-7.472,0.1648,-0.7327,-0.6603,0.668,-0.1971,0.7175,-0.6723,-0.5733,0.4684,25.5,0.2193,0.804,0.876,0.77121,241.7,522.7,224.5,516.8,259.3,528.8,690,0.245,7
719,47.265,-102.602,-8.764,0.1832,-0.7447,-0.6417,0.6571,-0.196,0.7279,-0.6818,-0.5665,0.4628,25.5,0.2008,0.742,0.866,0.83112,242.0,524.1,225.1,518.1,259.4,530.2,691,0.274,7
720,47.644,-104.092,-10.018,0.1995,-0.7567,-0.6226,0.6461,-0.1944,0.7381,-0.6913,-0.559,0.4579,25.5,0.1835,0.748,0.864,0.80354,242.4,525.5,225.7,519.6,259.4,531.6,692,0.927,7
721,48.056,-105.605,-11.235,0.2152,-0.7675,-0.6039,0.6352,-0.1922,0.748,-0.7001,-0.5524,0.4525,25.5,0.1675,0.702,0.853,0.77085,242.8,526.9,226.3,521.0,259.5,533.0,692,1.058,7
722,48.498,-107.138,-12.416,0.2304,-0.7771,-0.5858,0.6243,-0.1895,0.7578,-0.7082,-0.5467,0.4467,25.5,0.1528,0.658,0.854,0.73653,243.2,528.4,227.0,522.5,259.7,534.4,693,0.26,7
723,48.97,-108.688,-13.561,0.2448,-0.7854,-0.5685,0.6135,-0.1862,0.7674,-0.7156,-0.542,0.4406,25.5,0.1398,0.612,0.849,0.69268,243.6,529.9,227.7,524.1,259.8,535.8,694,0.697,7
724,49.47,-110.254,-14.673,0.2585,-0.7927,-0.5522,0.6027,-0.1824,0.7769,-0.7225,-0.538,0.4342,25.5,0.1286,0.586,0.852,0.64983,244.1,531.4,228.5,525.6,260.0,537.2,694,1.288,7
725,49.996,-111.835,-15.751,0.2718,-0.8003,-0.5345,0.5919,-0.178,0.7861,-0.7293,-0.5337,0.4282,25.5,0.1168,0.575,0.851,0.67588,244.6,532.9,229.2,527.2,260.2,538.7,695,0.161,7
726,50.548,-113.43,-16.795,0.2849,-0.8072,-0.5171,0.5811,-0.1732,0.7952,-0.7356,-0.5299,0.422,25.5,0.1058,0.551,0.855,0.65958,245.1,534.4,230.0,528.8,260.5,540.1,696,1.14,7
727,51.126,-115.038,-17.804,0.2978,-0.8131,-0.5001,0.5702,-0.1679,0.8042,-0.7413,-0.5271,0.4156,25.5,0.0959,0.517,0.865,0.63923,245.6,535.9,230.8,530.4,260.8,541.5,696,0.845,7
728,51.73,-116.657,-18.78,0.3108,-0.8183,-0.4835,0.5593,-0.1621,0.813,-0.7464,-0.525,0.4088,25.5,0.0866,0.502,0.869,0.62701,246.2,537.5,231.7,532.1,261.1,542.9,697,0.62,7
729,52.36,-118.286,-19.723,0.3241,-0.8228,-0.4668,0.5482,-0.1558,0.8217,-0.7511,-0.5239,0.4018,25.5,0.0777,0.487,0.885,0.62991,246.8,539.0,232.5,533.8,261.4,544.3,697,1.365,7
730,53.017,-119.922,-20.633,0.3379,-0.8269,-0.4495,0.5371,-0.1491,0.8303,-0.7553,-0.5231,0.3947,25.5,0.0684,0.475,0.891,0.64985,247.4,540.6,233.4,535.5,261.7,545.8,698,0.259,7
731,53.701,-121.568,-21.506,0.3512,-0.8313,-0.4309,0.5257,-0.1419,0.8388,-0.7597,-0.522,0.3878,25.5,0.0589,0.473,0.913,0.6723,248.1,542.1,234.4,537.2,262.1,547.2,698,1.726,7
732,54.41,-123.221,-22.343,0.364,-0.8348,-0.413,0.5141,-0.1342,0.8472,-0.7636,-0.5214,0.3808,25.5,0.0507,0.46,0.932,0.64333,248.7,543.7,235.3,538.9,262.5,548.6,699,0.052,7
733,55.145,-124.881,-23.146,0.3765,-0.8376,-0.3958,0.5023,-0.1261,0.8554,-0.7672,-0.5214,0.3736,25.5,0.0438,0.461,0.945,0.61919,249.4,545.3,236.3,540.7,262.9,550.0,699,1.935,7
734,55.905,-126.546,-23.914,0.3887,-0.8398,-0.379,0.4903,-0.1176,0.8636,-0.7704,-0.5219,0.3663,25.5,0.038,0.458,0.965,0.6028,250.2,546.9,237.3,542.5,263.3,551.4,700,0.025,7
735,56.688,-128.214,-24.65,0.4007,-0.8413,-0.3627,0.4781,-0.1087,0.8716,-0.7731,-0.5229,0.3589,25.5,0.0331,0.455,0.979,0.58602,250.9,548.5,238.4,544.3,263.8,552.8,700,1.997,7
736,57.495,-129.885,-25.353,0.4124,-0.8432,-0.3449,0.4656,-0.0994,0.8794,-0.7761,-0.5234,0.3518,25.5,0.0275,0.443,0.998,0.61748,251.7,550.1,239.4,546.1,264.3,554.2,701,0.076,7
737,58.325,-131.56,-26.02,0.4242,-0.8445,-0.3269,0.4529,-0.0897,0.887,-0.7786,-0.5244,0.3445,25.5,0.0221,0.446,1.014,0.62254,252.5,551.7,240.5,547.9,264.7,555.6,701,1.912,7
738,59.178,-133.237,-26.65,0.4363,-0.8451,-0.3091,0.4399,-0.0796,0.8945,-0.7806,-0.5263,0.3371,25.5,0.0173,0.453,1.037,0.62165,253.3,553.3,241.7,549.7,265.2,557.0,702,0.303,7
739,60.057,-134.914,-27.246,0.4487,-0.8448,-0.2916,0.4267,-0.0691,0.9017,-0.782,-0.5291,0.3295,25.5,0.0131,0.471,1.051,0.61927,254.2,554.9,242.8,551.5,265.8,558.4,702,1.682,7
740,60.96,-136.589,-27.808,0.4615,-0.8437,-0.2743,0.4133,-0.0583,0.9087,-0.7827,-0.5328,0.3218,25.5,0.0093,0.491,1.065,0.62214,255.0,556.5,244.0,553.4,266.3,559.7,703,0.677,7
741,61.888,-138.262,-28.335,0.4738,-0.8427,-0.2556,0.3995,-0.0472,0.9155,-0.7836,-0.5359,0.3144,25.5,0.0049,0.463,1.087,0.6469,255.9,558.1,245.3,555.2,266.9,561.1,703,1.307,7
742,62.84,-139.934,-28.822,0.4854,-0.8418,-0.2361,0.3855,-0.0357,0.922,-0.7846,-0.5386,0.3072,25.5,0.0005,0.444,1.103,0.65563,256.8,559.7,246.5,557.1,267.5,562.4,704,1.19,7
743,63.815,-141.602,-29.273,0.4975,-0.8396,-0.2183,0.3713,-0.0239,0.9282,-0.7845,-0.5428,0.2998,25.5,0.0022,0.488,1.116,0.62464,257.8,561.3,247.8,559.0,268.1,563.8,704,0.795,7
744,64.815,-143.265,-29.69,0.51,-0.8361,-0.202,0.3567,-0.0119,0.9341,-0.7834,-0.5485,0.2922,25.5,0.0032,0.548,1.134,0.6016,258.8,562.9,249.1,560.8,268.7,565.1,705,1.814,7
745,65.84,-144.92,-30.076,0.5233,-0.8313,-0.1872,0.3419,0.0004,0.9397,-0.7812,-0.5557,0.2844,25.5,0.0027,0.621,1.148,0.59095,259.8,564.5,250.5,562.7,269.3,566.4,705,0.173,7
746,66.892,-146.564,-30.433,0.5366,-0.826,-0.1727,0.3268,0.0128,0.945,-0.7784,-0.5635,0.2768,25.5,0.0016,0.644,1.16,0.58836,260.8,566.1,251.8,564.6,270.0,567.7,705,2.156,7
747,67.968,-148.199,-30.759,0.5483,-0.8216,-0.1558,0.3113,0.0254,0.95,-0.7766,-0.5694,0.2697,25.5,0.0018,0.539,1.18,0.60691,261.8,567.7,253.3,566.4,270.6,569.0,706,0.54,7
748,69.069,-149.824,-31.052,0.561,-0.816,-0.1395,0.2956,0.0381,0.9546,-0.7736,-0.5767,0.2626,25.5,0.0016,0.608,1.187,0.61811,262.9,569.3,254.7,568.3,271.3,570.3,706,1.446,7
749,70.196,-151.437,-31.313,0.5747,-0.809,-0.1237,0.2796,0.0509,0.9588,-0.7693,-0.5856,0.2554,25.5,0.0009,0.701,1.198,0.6367,264.0,570.8,256.2,570.1,272.0,571.6,707,1.312,7
750,71.351,-153.034,-31.543,0.5896,-0.8005,-0.1081,0.2632,0.0638,0.9626,-0.7636,-0.596,0.2483,25.5,0.0001,0.792,1.215,0.66942,265.1,572.4,257.7,572.0,272.8,572.8,707,0.675,7
751,72.536,-154.613,-31.743,0.605,-0.7909,-0.0923,0.2466,0.0768,0.9661,-0.7569,-0.6072,0.2415,25.5,0.0007,0.843,1.225,0.69471,266.3,573.9,259.2,573.8,273.5,574.1,708,2.125,7
752,73.75,-156.174,-31.909,0.6186,-0.7821,-0.0751,0.2297,0.0898,0.9691,-0.7512,-0.6168,0.2352,25.5,0.0009,0.735,1.234,0.68215,267.5,575.5,260.8,575.6,274.3,575.3,708,0.144,7
753,74.992,-157.716,-32.041,0.6331,-0.7719,-0.0582,0.2125,0.1028,0.9717,-0.7441,-0.6276,0.2291,25.5,0.0014,0.819,1.244,0.70717,268.7,577.0,262.4,577.4,275.1,576.5,708,1.846,7
754,76.264,-159.237,-32.14,0.6484,-0.7602,-0.0415,0.195,0.1157,0.974,-0.7356,-0.6396,0.2233,25.5,0.0019,0.906,1.253,0.736,269.9,578.4,264.1,579.2,275.9,577.7,709,0.977,7
755,77.567,-160.732,-32.206,0.6647,-0.7467,-0.0248,0.1773,0.1286,0.9757,-0.7254,-0.653,0.2178,25.5,0.0024,1.015,1.259,0.7784,271.2,579.9,265.8,581.0,276.8,578.8,709,1.01,7
756,78.902,-162.2,-32.238,0.6805,-0.7327,-0.0074,0.1593,0.1413,0.9771,-0.7148,-0.6661,0.2129,25.5,0.0024,1.006,1.265,0.7899,272.5,581.3,267.5,582.7,277.6,580.0,710,1.822,7
757,80.268,-163.64,-32.235,0.6957,-0.7183,0.0106,0.1411,0.154,0.978,-0.7041,-0.6788,0.2085,25.5,0.0021,0.984,1.273,0.79718,273.9,582.8,269.3,584.4,278.5,581.1,710,0.168,7
758,81.664,-165.05,-32.196,0.7114,-0.7022,0.0287,0.1227,0.1664,0.9784,-0.6918,-0.6925,0.2045,25.5,0.0015,1.08,1.271,0.83349,275.2,584.1,271.1,586.1,279.5,582.2,710,2.148,7
759,83.092,-166.426,-32.121,0.7278,-0.6842,0.0468,0.1041,0.1787,0.9784,-0.6778,-0.7072,0.2013,25.5,0.0007,1.177,1.278,0.87603,276.6,585.5,273.0,587.7,280.4,583.2,711,0.686,7
760,84.552,-167.764,-32.01,0.7441,-0.6649,0.0649,0.0853,0.1908,0.9779,-0.6626,-0.7222,0.1987,25.5,0.0001,1.233,1.281,0.89731,278.1,586.8,274.8,589.3,281.4,584.3,711,1.3,7
761,86.044,-169.065,-31.863,0.759,-0.6457,0.0838,0.0664,0.2025,0.977,-0.6478,-0.736,0.1966,25.5,0.0015,1.166,1.275,0.88892,279.5,588.1,276.8,590.9,282.4,585.3,712,1.533,7
762,87.565,-170.326,-31.678,0.774,-0.6249,0.1024,0.0473,0.214,0.9757,-0.6316,-0.7503,0.1952,25.5,0.0028,1.241,1.28,0.91469,281.0,589.4,278.7,592.4,283.4,586.2,712,0.452,7
763,89.116,-171.544,-31.457,0.7888,-0.6027,0.1205,0.0282,0.2252,0.9739,-0.6141,-0.7649,0.1946,25.5,0.0039,1.306,1.273,0.93093,282.6,590.6,280.7,593.9,284.5,587.2,713,2.377,7
764,90.696,-172.717,-31.2,0.8035,-0.5791,0.1379,0.0089,0.2361,0.9717,-0.5953,-0.7795,0.1949,25.5,0.0044,1.364,1.276,0.94707,284.1,591.8,282.7,595.3,285.6,588.1,713,0.393,7
765,92.304,-173.843,-30.908,0.8168,-0.5552,0.1567,-0.0104,0.2466,0.9691,-0.5767,-0.7932,0.1956,25.5,0.0065,1.324,1.268,0.95832,285.7,592.9,284.8,596.7,286.7,589.0,713,1.592,7
766,93.937,-174.921,-30.579,0.829,-0.5315,0.1739,-0.0298,0.2567,0.966,-0.5581,-0.8061,0.197,25.5,0.0068,1.299,1.266,0.91596,287.4,594.0,286.9,598.1,287.9,589.8,714,1.226,7
767,95.594,-175.952,-30.218,0.8404,-0.5078,0.1896,-0.0492,0.2664,0.9626,-0.5393,-0.8183,0.1989,25.5,0.0059,1.289,1.258,0.88432,289.0,595.0,289.0,599.3,289.0,590.6,714,0.76,7
768,97.272,-176.936,-29.828,0.8511,-0.4838,0.2039,-0.0686,0.2758,0.9588,-0.5201,-0.83,0.2015,25.5,0.0037,1.297,1.254,0.86379,290.7,596.1,291.1,600.6,290.2,591.4,715,2.042,7
769,98.971,-177.872,-29.408,0.8607,-0.4597,0.219,-0.088,0.2848,0.9545,-0.5012,-0.8408,0.2046,25.5,0.0024,1.26,1.25,0.86666,292.4,597.0,293.3,601.8,291.5,592.1,715,0.07,7
770,100.688,-178.76,-28.959,0.8696,-0.4348,0.2338,-0.1074,0.2933,0.95,-0.4816,-0.8512,0.2084,25.5,0.0012,1.29,1.241,0.87493,294.1,597.9,295.5,602.9,292.7,592.8,715,1.929,7
771,102.422,-179.598,-28.481,0.8783,-0.4088,0.2479,-0.1268,0.3015,0.945,-0.461,-0.8614,0.213,25.5,0.0004,1.343,1.24,0.89017,295.8,598.8,297.7,604.0,293.9,593.5,716,0.849,7
772,104.174,-180.382,-27.975,0.8867,-0.3812,0.2615,-0.1462,0.3092,0.9397,-0.4391,-0.8715,0.2185,25.5,0.0018,1.417,1.234,0.9209,297.6,599.6,299.9,605.0,295.2,594.1,716,1.139,7
773,105.941,-181.11,-27.443,0.894,-0.3536,0.2752,-0.1654,0.3165,0.934,-0.4174,-0.8806,0.2245,25.5,0.0027,1.391,1.221,0.91438,299.3,600.4,302.1,605.9,296.5,594.7,717,1.61,7
774,107.722,-181.785,-26.883,0.9003,-0.3259,0.2887,-0.1846,0.3234,0.9281,-0.3958,-0.8888,0.231,25.5,0.0036,1.375,1.217,0.90812,301.1,601.1,304.4,606.8,297.8,595.2,717,0.378,7
775,109.514,-182.402,-26.297,0.9062,-0.2962,0.3017,-0.2038,0.3298,0.9218,-0.3726,-0.8968,0.2385,25.5,0.0043,1.47,1.214,0.95142,302.9,601.8,306.6,607.7,299.2,595.7,718,2.338,7
776,111.318,-182.959,-25.686,0.9118,-0.2642,0.3144,-0.2228,0.3358,0.9152,-0.3474,-0.9045,0.2473,25.5,0.0041,1.592,1.203,1.00711,304.8,602.4,308.9,608.4,300.5,596.2,718,0.354,7
777,113.133,-183.45,-25.05,0.9163,-0.2311,0.3271,-0.2417,0.3413,0.9083,-0.3216,-0.9114,0.2569,25.5,0.0032,1.626,1.195,1.03191,306.6,602.9,311.2,609.1,301.9,596.6,718,1.633,7
778,114.954,-183.877,-24.388,0.9193,-0.1986,0.3397,-0.2605,0.3464,0.9012,-0.2967,-0.917,0.2667,25.5,0.0021,1.566,1.188,1.01019,308.4,603.4,313.5,609.8,303.2,596.9,719,1.045,7
779,116.781,-184.237,-23.702,0.9217,-0.1643,0.3512,-0.2792,0.351,0.8938,-0.2702,-0.9219,0.2776,25.5,0.0011,1.666,1.182,1.04693,310.3,603.8,315.8,610.3,304.6,597.2,719,0.94,7
780,118.612,-184.528,-22.994,0.9234,-0.1283,0.3617,-0.2977,0.3551,0.8862,-0.2421,-0.926,0.2897,25.5,0.0001,1.769,1.17,1.08393,312.1,604.2,318.1,610.8,306.0,597.4,720,1.704,7
781,120.446,-184.745,-22.267,0.9238,-0.0909,0.372,-0.3159,0.3587,0.8784,-0.2133,-0.9289,0.3026,25.5,0.0023,1.816,1.153,1.12019,314.0,604.5,320.4,611.2,307.4,597.6,720,0.282,7
782,122.278,-184.889,-21.518,0.9225,-0.0545,0.3822,-0.334,0.3618,0.8704,-0.1858,-0.9305,0.3156,25.5,0.0048,1.745,1.148,1.09211,315.8,604.7,322.7,611.5,308.8,597.7,720,2.266,7
783,124.106,-184.962,-20.751,0.9205,-0.0194,0.3903,-0.3517,0.3645,0.8622,-0.159,-0.931,0.3287,25.5,0.0057,1.709,1.128,1.0417,317.7,604.9,325.0,611.8,310.2,597.8,721,0.348,7
784,125.931,-184.967,-19.97,0.9181,0.0145,0.3961,-0.3692,0.3668,0.8539,-0.1329,-0.9302,0.3421,25.5,0.0046,1.682,1.118,0.99548,319.5,604.9,327.3,611.9,311.6,597.8,721,1.639,7
785,127.75,-184.906,-19.18,0.9148,0.0472,0.4012,-0.3863,0.3686,0.8455,-0.108,-0.9285,0.3554,25.5,0.0032,1.62,1.096,0.96032,321.4,605.0,329.6,612.0,313.1,597.7,722,0.947,7
786,129.561,-184.78,-18.378,0.91,0.0795,0.407,-0.4031,0.37,0.837,-0.084,-0.9257,0.3688,25.5,0.0033,1.583,1.082,0.9576,323.3,604.9,331.8,612.0,314.5,597.6,722,1.04,7
787,131.361,-184.59,-17.566,0.9047,0.1124,0.411,-0.4195,0.371,0.8285,-0.0594,-0.9219,0.3828,25.5,0.0027,1.636,1.06,0.96903,325.1,604.8,334.1,612.0,315.9,597.5,723,1.518,7
788,133.151,-184.333,-16.748,0.8989,0.146,0.4131,-0.4355,0.3717,0.8199,-0.0338,-0.9169,0.3977,25.5,0.0015,1.721,1.042,0.98635,326.9,604.6,336.3,611.8,317.3,597.3,723,0.469,7
789,134.929,-184.009,-15.927,0.8922,0.1806,0.414,-0.4511,0.3719,0.8113,-0.0075,-0.9106,0.4133,25.5,0.0006,1.789,1.021,1.01799,328.7,604.4,338.5,611.6,318.8,597.0,724,2.061,7
790,136.691,-183.619,-15.103,0.884,0.2125,0.4165,-0.4664,0.3718,0.8026,0.0157,-0.9037,0.4278,25.5,0.001,1.617,1.008,0.9537,330.6,604.1,340.7,611.4,320.2,596.7,724,0.087,7
791,138.437,-183.166,-14.276,0.8754,0.2446,0.4169,-0.4813,0.3713,0.794,0.0394,-0.8958,0.4428,25.5,0.0005,1.67,0.986,0.9596,332.3,603.7,342.9,611.0,321.6,596.3,724,1.911,7
792,140.165,-182.648,-13.449,0.8663,0.2775,0.4154,-0.4957,0.3705,0.7855,0.064,-0.8864,0.4585,25.5,0.0003,1.757,0.959,0.98653,334.1,603.3,345.0,610.6,323.0,595.8,725,0.585,7
793,141.875,-182.064,-12.628,0.8565,0.3115,0.4116,-0.5099,0.3694,0.7769,0.09,-0.8753,0.4752,25.5,0.0019,1.881,0.953,1.02755,335.9,602.8,347.1,610.1,324.4,595.3,725,1.402,7
794,143.563,-181.412,-11.814,0.845,0.3441,0.4095,-0.5236,0.3679,0.7684,0.1137,-0.8637,0.491,25.5,0.0012,1.762,0.928,0.99996,337.6,602.2,349.2,609.5,325.8,594.8,726,1.053,7
795,145.228,-180.698,-11.004,0.8328,0.3759,0.4063,-0.537,0.3661,0.76,0.137,-0.8511,0.5068,25.5,0.0008,1.767,0.912,0.98775,339.3,601.6,351.3,608.9,327.1,594.2,726,0.934,7
796,146.869,-179.92,-10.203,0.8202,0.4082,0.4009,-0.5501,0.364,0.7516,0.1608,-0.837,0.5231,25.5,0.0013,1.84,0.9,1.01311,341.0,600.9,353.3,608.2,328.5,593.5,727,1.477,7
797,148.483,-179.078,-9.414,0.8067,0.4411,0.3933,-0.5628,0.3617,0.7433,0.1857,-0.8209,0.54,25.5,0.0021,1.956,0.879,1.05003,342.7,600.1,355.3,607.4,329.8,592.8,727,0.511,7
798,150.07,-178.169,-8.643,0.7917,0.4742,0.3851,-0.5752,0.359,0.7351,0.2103,-0.8035,0.5569,25.5,0.0021,1.98,0.866,1.07567,344.4,599.3,357.3,606.5,331.2,592.0,728,1.851,7
799,151.625,-177.196,-7.886,0.7756,0.5057,0.3777,-0.5873,0.356,0.7269,0.2332,-0.7856,0.5731,25.5,0.0009,1.907,0.855,1.0436,346.0,598.4,359.2,605.6,332.5,591.1,728,0.141,7
800,153.148,-176.162,-7.145,0.759,0.5367,0.3685,-0.599,0.3527,0.7188,0.2558,-0.7664,0.5892,25.5,0.0005,1.933,0.837,1.04957,347.5,597.5,361.1,604.6,333.7,590.2,728,2.12,7
801,154.637,-175.066,-6.424,0.7421,0.567,0.3575,-0.6105,0.3492,0.7109,0.2782,-0.7458,0.6053,25.5,0.0009,1.973,0.824,1.0509,349.1,596.4,362.9,603.5,335.0,589.2,729,0.195,7
802,156.093,-173.912,-5.727,0.7245,0.5966,0.3451,-0.6216,0.3455,0.7031,0.3002,-0.7239,0.6211,25.5,0.0016,1.996,0.806,1.05691,350.6,595.4,364.7,602.4,336.2,588.2,729,1.794,7
803,157.512,-172.7,-5.052,0.7054,0.6248,0.3347,-0.6324,0.3415,0.6953,0.3202,-0.7021,0.636,25.5,0.0,1.898,0.797,1.02826,352.1,594.2,366.5,601.1,337.4,587.2,730,0.476,7
804,158.893,-171.433,-4.4,0.6864,0.6517,0.3228,-0.6428,0.3373,0.6878,0.3393,-0.6796,0.6504,25.5,0.0006,1.882,0.773,1.01107,353.5,593.0,368.2,599.9,338.5,586.0,730,1.511,7
805,160.236,-170.114,-3.772,0.6673,0.6775,0.3093,-0.6529,0.3329,0.6803,0.358,-0.656,0.6645,25.5,0.0003,1.905,0.764,1.00554,354.9,591.8,369.8,598.5,339.7,584.9,731,0.718,7
806,161.541,-168.744,-3.173,0.6479,0.7026,0.2942,-0.6628,0.3282,0.6731,0.3763,-0.6311,0.6783,25.5,0.0008,1.939,0.751,1.01442,356.3,590.4,371.4,597.1,340.8,583.6,731,1.269,7
807,162.807,-167.326,-2.604,0.6272,0.7268,0.2799,-0.6723,0.3234,0.6659,0.3935,-0.6059,0.6914,25.5,0.0002,1.903,0.736,1.00799,357.6,589.1,373.0,595.7,341.8,582.4,732,0.919,7
808,164.03,-165.86,-2.062,0.6063,0.7494,0.2659,-0.6814,0.3184,0.659,0.4092,-0.5808,0.7037,25.5,0.0007,1.837,0.714,0.97644,358.8,587.7,374.5,594.2,342.9,581.0,732,1.067,7
809,165.213,-164.352,-1.549,0.5856,0.771,0.2504,-0.6903,0.3132,0.6522,0.4244,-0.5547,0.7156,25.5,0.0005,1.86,0.708,0.97289,360.1,586.2,376.0,592.6,343.9,579.7,733,1.078,7
810,166.354,-162.801,-1.07,0.5646,0.7918,0.233,-0.6989,0.3078,0.6456,0.4395,-0.5273,0.7272,25.5,0.0005,1.912,0.694,0.9903,361.3,584.7,377.4,591.0,344.8,578.3,733,0.908,7
811,167.454,-161.209,-0.626,0.5429,0.8122,0.2134,-0.7072,0.3023,0.6391,0.4546,-0.4979,0.7385,25.5,0.002,2.001,0.681,1.02948,362.4,583.2,378.8,589.3,345.7,576.8,734,1.191,7
812,168.509,-159.579,-0.219,0.5206,0.8307,0.1972,-0.7152,0.2965,0.6329,0.4673,-0.4705,0.7485,25.5,0.0012,1.823,0.668,0.95852,363.5,581.6,380.1,587.6,346.6,575.4,734,0.794,7
813,169.52,-157.912,0.155,0.4977,0.8486,0.1793,-0.723,0.2906,0.6268,0.4798,-0.4416,0.7581,25.5,0.0008,1.886,0.66,0.98564,364.5,579.9,381.3,585.9,347.5,573.9,735,1.254,7
814,170.484,-156.211,0.492,0.474,0.866,0.1591,-0.7304,0.2844,0.6209,0.4925,-0.4105,0.7674,25.5,0.0011,1.997,0.648,1.02999,365.5,578.3,382.5,584.1,348.2,572.3,735,0.731,7
815,171.4,-154.475,0.785,0.4489,0.8831,0.1363,-0.7377,0.278,0.6153,0.5055,-0.3768,0.7762,25.5,0.0018,2.13,0.642,1.09661,366.5,576.5,383.6,582.2,349.0,570.7,736,1.261,7
816,172.264,-152.706,1.031,0.4219,0.8998,0.1115,-0.7446,0.2714,0.6098,0.5185,-0.3403,0.7845,25.5,0.0019,2.27,0.631,1.16329,367.4,574.8,384.7,580.3,349.7,569.1,736,0.724,7
817,173.074,-150.905,1.229,0.3944,0.9147,0.0882,-0.7513,0.2644,0.6047,0.5298,-0.3047,0.7915,25.5,0.0011,2.177,0.627,1.1261,368.2,573.0,385.7,578.4,350.4,567.5,737,1.21,7
818,173.83,-149.077,1.382,0.3679,0.9275,0.0659,-0.7578,0.2572,0.5997,0.5393,-0.2705,0.7975,25.5,0.0007,2.063,0.625,1.06616,369.0,571.2,386.7,576.4,351.0,565.9,737,0.775,7
819,174.535,-147.225,1.491,0.3422,0.9386,0.0444,-0.764,0.2497,0.5949,0.5473,-0.2375,0.8025,25.5,0.0007,1.967,0.622,1.01922,369.7,569.3,387.6,574.4,351.5,564.2,738,1.104,7
820,175.19,-145.352,1.558,0.3174,0.948,0.0238,-0.7701,0.2418,0.5904,0.5539,-0.2057,0.8068,25.5,0.0012,1.877,0.627,0.96958,370.3,567.5,388.4,572.4,352.0,562.5,738,0.882,7
821,175.794,-143.463,1.585,0.2919,0.9564,0.0027,-0.7759,0.2336,0.586,0.5599,-0.1731,0.8103,25.5,0.0015,1.91,0.628,0.98603,370.9,565.6,389.1,570.3,352.5,560.8,739,0.947,7
822,176.348,-141.557,1.569,0.2658,0.9638,-0.0184,-0.7815,0.225,0.5819,0.565,-0.1403,0.8131,25.5,0.0016,1.909,0.633,0.99237,371.5,563.7,389.8,568.2,352.9,559.1,739,1.039,7
823,176.849,-139.638,1.512,0.2393,0.9702,-0.0394,-0.787,0.2161,0.5779,0.5692,-0.1073,0.8152,25.5,0.0014,1.91,0.642,0.99361,372.0,561.8,390.5,566.1,353.2,557.3,740,0.739,7
824,177.297,-137.707,1.413,0.2118,0.9754,-0.0606,-0.7922,0.2066,0.5743,0.5727,-0.0736,0.8165,25.5,0.0011,1.943,0.654,1.01372,372.4,559.8,391.1,563.9,353.5,555.6,740,1.246,7
825,177.689,-135.767,1.271,0.1828,0.9797,-0.0826,-0.7972,0.1967,0.5708,0.5755,-0.0385,0.8169,25.5,0.0002,2.018,0.666,1.05845,372.8,557.9,391.6,561.8,353.8,553.9,741,0.482,7
826,178.022,-133.82,1.084,0.1533,0.9826,-0.1051,-0.8019,0.1862,0.5677,0.5774,-0.0027,0.8165,25.5,0.0004,2.054,0.683,1.07447,373.1,555.9,392.0,559.5,353.9,552.2,741,1.504,7
827,178.298,-131.868,0.854,0.1248,0.9841,-0.1263,-0.8064,0.1751,0.5649,0.578,0.0313,0.8154,25.5,0.0003,1.949,0.705,1.02651,373.4,553.9,392.4,557.3,354.1,550.5,742,0.172,7
828,178.518,-129.914,0.584,0.0968,0.9845,-0.1464,-0.8105,0.1635,0.5624,0.5776,0.0642,0.8138,25.5,0.0002,1.888,0.719,0.99525,373.6,552.0,392.7,555.1,354.2,548.8,743,1.789,7
829,178.682,-127.961,0.274,0.0688,0.9837,-0.1659,-0.8144,0.1512,0.5603,0.5762,0.0966,0.8116,25.5,0.0002,1.862,0.749,0.98543,373.7,550.0,392.9,552.8,354.2,547.1,743,0.198,7
830,178.79,-126.011,-0.076,0.0395,0.9815,-0.1873,-0.8179,0.1383,0.5585,0.5741,0.1311,0.8082,25.5,0.0012,1.99,0.773,1.04966,373.8,548.0,393.1,550.5,354.2,545.5,744,1.36,7
831,178.839,-124.066,-0.469,0.0097,0.9779,-0.2086,-0.821,0.1246,0.5572,0.5709,0.1659,0.8041,25.5,0.0023,2.016,0.808,1.06276,373.8,546.0,393.2,548.2,354.1,543.8,744,0.626,7
832,178.828,-122.13,-0.902,-0.0203,0.9736,-0.2275,-0.8236,0.1101,0.5564,0.5667,0.1987,0.7996,25.5,0.0027,1.912,0.845,1.03133,373.7,544.1,393.2,545.9,354.0,542.2,745,0.866,7
833,178.758,-120.203,-1.37,-0.0504,0.9684,-0.2441,-0.8258,0.0949,0.556,0.5616,0.2296,0.7949,25.5,0.0022,1.815,0.88,1.00377,373.6,542.1,393.1,543.6,353.8,540.6,745,1.12,7
834,178.628,-118.286,-1.87,-0.0814,0.9621,-0.2602,-0.8274,0.0787,0.5561,0.5555,0.2606,0.7896,25.5,0.0016,1.836,0.933,1.02495,373.4,540.2,393.0,541.2,353.6,539.1,746,0.311,7
835,178.435,-116.386,-2.406,-0.1131,0.9533,-0.2799,-0.8284,0.0616,0.5567,0.5479,0.2949,0.7828,25.5,0.0034,2.05,0.982,1.1073,373.2,538.2,392.7,538.9,353.3,537.6,746,1.675,7
836,178.18,-114.503,-2.978,-0.1439,0.9446,-0.2951,-0.8289,0.0434,0.5577,0.5397,0.3248,0.7767,25.5,0.0043,1.811,1.045,1.02299,372.9,536.3,392.4,536.5,353.0,536.1,747,0.303,7
837,177.864,-112.637,-3.575,-0.174,0.936,-0.3059,-0.8286,0.0243,0.5593,0.5309,0.3508,0.7714,25.5,0.0042,1.602,1.098,0.95617,372.5,534.4,392.0,534.1,352.7,534.7,748,1.016,7
838,177.489,-110.787,-4.189,-0.2043,0.9275,-0.313,-0.8277,0.004,0.5612,0.5218,0.3737,0.7669,25.5,0.0028,1.435,1.169,0.93153,372.1,532.5,391.6,531.8,352.3,533.3,748,0.969,7
839,177.052,-108.959,-4.825,-0.2363,0.915,-0.327,-0.8259,-0.0173,0.5636,0.51,0.4032,0.7598,25.5,0.005,1.865,1.232,1.07118,371.6,530.7,391.0,529.4,351.8,532.0,749,0.295,7
840,176.552,-107.155,-5.483,-0.2672,0.9032,-0.3358,-0.8233,-0.0399,0.5663,0.4981,0.4278,0.7543,25.5,0.0062,1.597,1.313,0.98826,371.0,528.8,390.4,527.0,351.3,530.7,750,1.503,7
841,175.991,-105.373,-6.154,-0.2974,0.8923,-0.3395,-0.8197,-0.0635,0.5693,0.4864,0.4476,0.7504,25.5,0.0062,1.337,1.379,0.93319,370.4,527.0,389.7,524.6,350.8,529.5,750,0.482,7
842,175.371,-103.613,-6.828,-0.3278,0.8817,-0.3395,-0.8151,-0.0883,0.5725,0.4748,0.4644,0.7476,25.5,0.005,1.181,1.457,0.92959,369.7,525.2,388.8,522.2,350.3,528.3,751,0.67,7
843,174.689,-101.878,-7.509,-0.3596,0.8666,-0.3459,-0.8095,-0.1141,0.5759,0.4596,0.4872,0.7426,25.5,0.007,1.596,1.525,1.0331,369.0,523.5,388.0,519.8,349.7,527.2,751,1.315,7
844,173.944,-100.172,-8.196,-0.3914,0.8527,-0.346,-0.8028,-0.141,0.5794,0.4453,0.5045,0.7397,25.5,0.0065,1.297,1.601,1.00209,368.2,521.7,387.0,517.4,349.0,526.1,752,0.223,7
845,173.136,-98.493,-8.878,-0.4226,0.8404,-0.3394,-0.7949,-0.1686,0.5828,0.4326,0.5161,0.7393,25.5,0.0036,0.986,1.656,0.98689,367.3,520.0,385.9,515.0,348.4,525.1,753,0.807,7
846,172.266,-96.838,-9.542,-0.4555,0.8256,-0.3331,-0.7858,-0.197,0.5862,0.4183,0.5288,0.7385,25.5,0.0,1.097,1.72,1.05741,366.4,518.3,384.7,512.6,347.7,524.2,753,1.178,7
847,171.329,-95.216,-10.2,-0.4876,0.809,-0.3283,-0.7756,-0.2259,0.5894,0.4027,0.542,0.7376,25.5,0.0019,1.172,1.766,1.05263,365.4,516.7,383.5,510.2,347.0,523.2,754,0.205,7
848,170.334,-93.624,-10.84,-0.5149,0.7969,-0.3159,-0.7643,-0.2551,0.5923,0.3914,0.5464,0.7404,25.5,0.0031,0.713,1.802,0.93357,364.3,515.1,382.1,507.9,346.2,522.4,755,0.721,7
849,169.289,-92.05,-11.448,-0.537,0.7898,-0.2963,-0.752,-0.2842,0.5947,0.3855,0.5422,0.7466,25.5,0.0032,0.546,1.815,0.87725,363.2,513.5,380.7,505.6,345.4,521.5,755,1.264,7
850,168.198,-90.496,-12.025,-0.5629,0.7756,-0.2857,-0.7389,-0.313,0.5967,0.3734,0.547,0.7493,25.5,0.0027,0.762,1.817,0.90606,362.1,511.9,379.2,503.3,344.6,520.7,756,0.375,7
851,167.058,-88.968,-12.577,-0.585,0.7652,-0.2687,-0.7251,-0.3414,0.5981,0.3659,0.5448,0.7546,25.5,0.0022,0.541,1.811,0.85925,360.9,510.4,377.7,501.0,343.8,519.8,757,0.485,7
852,165.879,-87.456,-13.086,-0.6027,0.7601,-0.2429,-0.7108,-0.3691,0.5988,0.3655,0.5335,0.7627,25.5,0.0024,0.797,1.787,0.91531,359.7,508.8,376.1,498.8,342.9,519.0,758,1.322,7
853,164.668,-85.948,-13.536,-0.6181,0.7571,-0.2114,-0.6961,-0.396,0.5989,0.3697,0.5173,0.7718,25.5,0.0038,1.092,1.756,1.01613,358.4,507.3,374.5,496.7,342.1,518.1,758,0.663,7
854,163.422,-84.456,-13.932,-0.6371,0.7477,-0.1874,-0.6811,-0.4221,0.5982,0.3682,0.5087,0.7782,25.5,0.0062,0.62,1.725,0.92458,357.2,505.8,372.9,494.5,341.2,517.3,759,0.16,7
855,162.144,-82.977,-14.276,-0.6498,0.7435,-0.1581,-0.6661,-0.4473,0.5968,0.3731,0.4931,0.7859,25.5,0.0059,1.036,1.682,0.92994,355.9,504.3,371.2,492.4,340.2,516.4,760,0.973,7
856,160.847,-81.502,-14.556,-0.6564,0.7443,-0.123,-0.6511,-0.4716,0.5947,0.3846,0.4705,0.7942,25.5,0.0032,1.529,1.641,1.03148,354.6,502.8,369.6,490.3,339.3,515.6,760,1.012,7
857,159.541,-80.022,-14.762,-0.6612,0.7452,-0.0866,-0.6363,-0.495,0.5917,0.398,0.4463,0.8015,25.5,0.0006,1.639,1.596,1.06047,353.2,501.4,367.9,488.3,338.3,514.7,761,0.199,7
858,158.222,-78.546,-14.9,-0.6677,0.7426,-0.0524,-0.6217,-0.5176,0.5879,0.4094,0.4251,0.8073,25.5,0.0001,1.419,1.557,1.00795,351.9,499.9,366.2,486.3,337.4,513.7,762,0.625,7
859,156.892,-77.075,-14.97,-0.6725,0.7399,-0.0171,-0.6074,-0.5393,0.5833,0.4224,0.4027,0.8121,25.5,0.0005,1.509,1.512,1.03161,350.6,498.4,364.6,484.3,336.4,512.8,762,1.36,7
860,155.554,-75.609,-14.968,-0.6756,0.7371,0.0187,-0.5933,-0.5602,0.578,0.4365,0.3794,0.8158,25.5,0.0013,1.575,1.476,1.04068,349.3,497.0,362.9,482.3,335.4,511.9,763,0.519,7
861,154.211,-74.15,-14.898,-0.6776,0.7336,0.0517,-0.5795,-0.5804,0.5722,0.4497,0.3578,0.8184,25.5,0.0035,1.458,1.441,0.95987,347.9,495.5,361.3,480.4,334.4,510.9,764,0.353,7
862,152.864,-72.698,-14.762,-0.6794,0.7288,0.0853,-0.566,-0.5997,0.5657,0.4634,0.3361,0.8199,25.5,0.0043,1.473,1.4,0.98139,346.6,494.1,359.6,478.5,333.4,510.0,765,1.264,8
863,151.515,-71.258,-14.559,-0.6807,0.7227,0.1198,-0.5529,-0.6181,0.5587,0.4778,0.3141,0.8204,25.5,0.0034,1.507,1.355,1.01232,345.3,492.7,358.0,476.6,332.4,509.0,765,0.721,8
864,150.163,-69.831,-14.287,-0.6815,0.7154,0.1543,-0.5404,-0.6356,0.5514,0.4925,0.2924,0.8197,25.5,0.0013,1.502,1.301,1.0185,344.0,491.3,356.4,474.8,331.4,508.0,766,0.24,8
865,148.812,-68.417,-13.949,-0.6799,0.7094,0.1857,-0.5284,-0.6519,0.5438,0.5069,0.2716,0.8181,25.5,0.0022,1.452,1.239,0.92413,342.7,489.9,354.8,473.0,330.3,507.0,767,1.26,8
866,147.464,-67.017,-13.55,-0.6789,0.7015,0.2168,-0.5172,-0.6672,0.5361,0.5207,0.2518,0.8158,25.5,0.0007,1.389,1.173,0.92702,341.4,488.5,353.3,471.3,329.3,506.0,767,0.725,8
867,146.117,-65.634,-13.091,-0.6789,0.6921,0.2451,-0.5067,-0.6813,0.5283,0.5326,0.2345,0.8132,25.5,0.002,1.212,1.102,0.861,340.1,487.2,351.7,469.6,328.2,505.0,768,0.364,8
868,144.769,-64.27,-12.58,-0.6796,0.6825,0.2688,-0.4971,-0.6942,0.5206,0.5419,0.2202,0.8111,25.5,0.004,0.985,1.022,0.73869,338.8,485.8,350.2,467.9,327.1,504.0,769,1.532,8
869,143.421,-62.925,-12.022,-0.6763,0.6736,0.298,-0.4883,-0.7059,0.5131,0.556,0.2015,0.8064,25.5,0.0076,1.369,0.942,0.88672,337.5,484.5,348.7,466.3,326.0,503.0,769,0.453,8
870,142.085,-61.596,-11.4,-0.6709,0.6658,0.3263,-0.4805,-0.7163,0.506,0.5707,0.1827,0.8006,25.5,0.0106,1.407,0.849,0.86187,336.2,483.2,347.3,464.8,324.9,501.9,770,0.797,8
871,140.755,-60.281,-10.735,-0.6695,0.659,0.3427,-0.4736,-0.7256,0.4991,0.5776,0.1719,0.798,25.5,0.0099,0.749,0.772,0.51398,334.9,481.9,345.9,463.2,323.8,500.9,770,1.19,8
872,139.425,-58.979,-10.046,-0.6715,0.653,0.3502,-0.4677,-0.7338,0.4927,0.5787,0.167,0.7983,25.5,0.0074,0.288,0.685,0.2833,333.7,480.7,344.5,461.8,322.7,499.8,771,0.144,8
873,138.088,-57.689,-9.35,-0.6766,0.6476,0.3504,-0.4628,-0.741,0.4865,0.5747,0.167,0.8011,25.5,0.0037,0.28,0.613,0.2145,332.4,479.4,343.1,460.3,321.5,498.7,772,1.49,8
874,136.737,-56.409,-8.66,-0.6849,0.6424,0.3438,-0.4588,-0.7473,0.4807,0.5658,0.1715,0.8065,25.5,0.0006,0.65,0.542,0.34098,331.1,478.1,341.7,458.9,320.3,497.6,772,0.501,8
875,135.367,-55.139,-7.989,-0.6964,0.6372,0.3302,-0.4557,-0.7527,0.4752,0.5514,0.1804,0.8145,25.5,0.0054,1.073,0.476,0.5356,329.8,476.9,340.4,457.5,319.0,496.5,773,0.889,8
876,133.975,-53.881,-7.344,-0.7043,0.6301,0.3271,-0.4535,-0.7572,0.4701,0.5438,0.1828,0.8191,25.5,0.0039,0.527,0.41,0.3196,328.4,475.7,339.0,456.2,317.7,495.4,773,1.095,8
877,132.574,-52.638,-6.689,-0.7081,0.6232,0.332,-0.4522,-0.761,0.4652,0.5426,0.1793,0.8207,25.5,0.0004,0.231,0.363,0.26778,327.1,474.4,337.6,454.9,316.4,494.3,774,0.301,8
878,131.163,-51.406,-6.03,-0.7133,0.6177,0.3313,-0.4518,-0.764,0.4607,0.5377,0.179,0.8239,25.5,0.003,0.336,0.311,0.21942,325.7,473.2,336.3,453.6,315.0,493.1,775,1.655,8
879,129.742,-50.185,-5.378,-0.7198,0.6132,0.3253,-0.4522,-0.7663,0.4565,0.5292,0.1815,0.8289,25.5,0.0041,0.583,0.275,0.28652,324.4,472.0,334.9,452.4,313.6,492.0,775,0.35,8
880,128.305,-48.972,-4.743,-0.7281,0.6096,0.3136,-0.4534,-0.7679,0.4525,0.5167,0.1872,0.8355,25.5,0.0039,0.873,0.256,0.42696,323.0,470.8,333.6,451.1,312.2,490.8,776,0.989,8
881,126.85,-47.765,-4.137,-0.7384,0.6063,0.2951,-0.4554,-0.769,0.4487,0.499,0.197,0.8439,25.5,0.0024,1.255,0.254,0.61856,321.6,469.7,332.3,449.9,310.7,489.6,776,1.004,8
882,125.372,-46.565,-3.577,-0.7515,0.6031,0.2673,-0.4581,-0.7694,0.4451,0.4741,0.2121,0.8545,25.5,0.0008,1.776,0.259,0.89194,320.1,468.5,330.9,448.7,309.2,488.5,777,0.262,8
883,123.865,-45.372,-3.086,-0.7682,0.5993,0.2254,-0.4615,-0.7694,0.4417,0.4381,0.2353,0.8676,25.5,0.007,2.566,0.275,1.30774,318.7,467.3,329.6,447.5,307.6,487.3,778,1.451,8
884,122.324,-44.192,-2.67,-0.7843,0.5895,0.1933,-0.4656,-0.7688,0.4384,0.4071,0.2538,0.8774,25.5,0.0033,2.143,0.303,1.07457,317.1,466.1,328.2,446.4,306.0,486.1,778,0.535,8
885,120.753,-43.032,-2.32,-0.799,0.5802,0.1581,-0.4704,-0.7677,0.4352,0.3739,0.2734,0.8863,25.5,0.0008,2.267,0.336,1.13391,315.6,465.0,326.8,445.3,304.3,484.9,779,0.589,8
886,119.155,-41.889,-2.043,-0.811,0.5722,0.1216,-0.4757,-0.7661,0.4321,0.3405,0.2926,0.8936,25.5,0.0,2.247,0.364,1.13335,314.0,463.8,325.3,444.2,302.6,483.7,779,1.395,8
887,117.537,-40.759,-1.837,-0.8192,0.5669,0.087,-0.4818,-0.7641,0.429,0.3096,0.3095,0.8991,25.5,0.0012,2.042,0.408,1.03808,312.4,462.7,323.9,443.1,300.8,482.5,780,0.337,8
888,115.907,-39.636,-1.695,-0.8232,0.5649,0.0569,-0.4884,-0.7617,0.4259,0.2839,0.3228,0.9029,25.5,0.004,1.672,0.44,0.87865,310.8,461.6,322.5,442.1,299.0,481.4,781,0.66,8
889,114.264,-38.526,-1.618,-0.8319,0.5545,0.0209,-0.4956,-0.7588,0.4227,0.2502,0.3413,0.906,25.5,0.0004,2.21,0.481,1.11073,309.2,460.5,321.0,441.0,297.1,480.2,781,1.325,8
890,112.607,-37.434,-1.611,-0.8375,0.5463,-0.0142,-0.5033,-0.7555,0.4194,0.2184,0.3584,0.9077,25.5,0.0028,2.071,0.516,1.05326,307.5,459.4,319.6,440.0,295.3,479.0,782,0.39,8
891,110.942,-36.356,-1.674,-0.8399,0.5405,-0.0488,-0.5117,-0.7518,0.416,0.1881,0.3743,0.908,25.5,0.0031,1.961,0.561,1.01536,305.8,458.3,318.1,439.1,293.4,477.8,783,0.484,8
892,109.275,-35.287,-1.805,-0.8394,0.5371,-0.0832,-0.5206,-0.7476,0.4123,0.1592,0.3894,0.9072,25.5,0.0012,1.869,0.602,0.99819,304.2,457.3,316.7,438.1,291.5,476.6,784,1.295,8
893,107.612,-34.223,-2.005,-0.8369,0.5342,-0.1192,-0.5301,-0.7431,0.4084,0.1296,0.4049,0.9051,25.5,0.002,1.918,0.642,1.04532,302.5,456.2,315.3,437.2,289.5,475.4,784,0.69,8
894,105.952,-33.171,-2.279,-0.8355,0.5265,-0.1572,-0.5402,-0.7382,0.4041,0.0967,0.4225,0.9012,25.5,0.0008,2.15,0.689,1.12031,300.8,455.1,313.9,436.2,287.6,474.2,785,0.058,8
895,104.297,-32.132,-2.627,-0.8319,0.5202,-0.1933,-0.5507,-0.7329,0.3995,0.0662,0.4388,0.8962,25.5,0.0004,2.002,0.724,1.06318,299.1,454.1,312.5,435.3,285.6,473.0,786,0.737,8
896,102.651,-31.105,-3.045,-0.8264,0.5152,-0.2273,-0.5618,-0.7272,0.3944,0.0379,0.4537,0.8904,25.5,0.0,1.862,0.772,1.00492,297.5,453.1,311.1,434.5,283.7,471.8,786,1.248,8
897,101.018,-30.086,-3.528,-0.8189,0.5119,-0.2595,-0.5734,-0.7211,0.389,0.012,0.4673,0.884,25.5,0.0005,1.716,0.812,0.95934,295.8,452.0,309.8,433.6,281.7,470.6,787,0.638,8
898,99.402,-29.075,-4.077,-0.8107,0.5064,-0.2938,-0.5854,-0.7146,0.383,-0.016,0.4825,0.8757,25.5,0.0002,1.886,0.854,1.03065,294.2,451.0,308.5,432.8,279.7,469.4,788,0.098,8
899,97.801,-28.077,-4.694,-0.8017,0.4999,-0.3278,-0.5977,-0.7078,0.3765,-0.0438,0.4978,0.8662,25.5,0.0019,1.898,0.887,1.03266,292.5,450.0,307.2,431.9,277.8,468.3,789,0.37,8
900,96.22,-27.092,-5.378,-0.7917,0.493,-0.3609,-0.6104,-0.7007,0.3694,-0.0707,0.5128,0.8556,25.5,0.0045,1.866,0.928,1.01802,290.9,449.0,305.9,431.1,275.8,467.1,790,0.762,8
901,94.66,-26.12,-6.126,-0.7807,0.4856,-0.3933,-0.6232,-0.6934,0.3618,-0.097,0.5276,0.8439,25.5,0.0075,1.855,0.95,1.01079,289.3,448.0,304.6,430.4,273.9,465.9,791,1.074,8
902,93.122,-25.165,-6.939,-0.7688,0.477,-0.4259,-0.6361,-0.6859,0.3535,-0.1235,0.5427,0.8308,25.5,0.0113,1.902,0.978,1.0324,287.8,447.1,303.4,429.6,272.0,464.7,791,0.911,8
903,91.61,-24.227,-7.817,-0.7555,0.4677,-0.4588,-0.649,-0.6782,0.3446,-0.15,0.5582,0.816,25.5,0.015,1.953,1.0,1.05925,286.2,446.1,302.2,428.9,270.1,463.5,792,0.684,8
904,90.125,-23.308,-8.76,-0.7404,0.4585,-0.4915,-0.6619,-0.6706,0.3351,-0.176,0.5735,0.8001,25.5,0.0179,1.954,1.016,1.07336,284.7,445.2,301.0,428.1,268.2,462.4,793,0.549,8
905,88.672,-22.407,-9.767,-0.7238,0.4496,-0.5235,-0.6745,-0.6629,0.325,-0.201,0.5884,0.7832,25.5,0.02,1.928,1.025,1.07217,283.2,444.3,299.8,427.4,266.4,461.3,794,0.511,8
906,87.252,-21.525,-10.837,-0.7071,0.4385,-0.5547,-0.6869,-0.6553,0.3143,-0.2258,0.6034,0.7648,25.5,0.024,1.967,1.035,1.0708,281.7,443.4,298.7,426.8,264.6,460.2,795,0.576,8
907,85.866,-20.668,-11.969,-0.6893,0.4259,-0.586,-0.6987,-0.648,0.3032,-0.2507,0.6187,0.7446,25.5,0.028,2.036,1.018,1.10161,280.3,442.5,297.6,426.1,262.9,459.1,796,0.742,8
908,84.518,-19.832,-13.161,-0.6691,0.4173,-0.6149,-0.7095,-0.6412,0.2924,-0.2724,0.6322,0.7254,25.5,0.0274,1.831,0.958,1.04802,278.9,441.7,296.4,425.4,261.2,458.1,798,0.602,8
909,83.211,-19.008,-14.406,-0.6488,0.4131,-0.6391,-0.7187,-0.6353,0.2825,-0.2894,0.6427,0.7093,25.5,0.0233,1.47,0.845,0.92024,277.5,440.9,295.3,424.8,259.6,457.1,799,0.125,8
910,81.943,-18.19,-15.694,-0.626,0.4134,-0.6612,-0.726,-0.6308,0.2739,-0.3039,0.6516,0.695,25.5,0.0126,1.273,0.696,0.91698,276.2,440.0,294.2,424.1,258.1,456.1,800,0.461,8
911,80.733,-17.368,-17.036,-0.5954,0.414,-0.6885,-0.7311,-0.6277,0.2674,-0.3216,0.6626,0.6764,25.5,0.0087,1.601,0.506,1.18386,275.0,439.2,293.1,423.3,256.7,455.2,802,0.028,8
912,79.57,-16.549,-18.42,-0.5789,0.4106,-0.7044,-0.7338,-0.6264,0.263,-0.3333,0.6693,0.664,25.5,0.0177,1.05,0.305,0.66884,273.8,438.4,291.9,422.6,255.5,454.3,804,0.085,8
913,78.428,-15.74,-19.827,-0.5731,0.4041,-0.7129,-0.7342,-0.6266,0.2612,-0.3412,0.6733,0.656,25.5,0.0186,0.684,0.106,0.35142,272.6,437.6,290.7,421.8,254.3,453.5,806,0.113,8
914,77.289,-14.947,-21.246,-0.5768,0.3945,-0.7153,-0.7323,-0.6285,0.2622,-0.3462,0.6751,0.6514,25.5,0.0131,0.403,0.164,0.30498,271.4,436.8,289.5,420.9,253.1,452.7,808,0.229,8
915,76.132,-14.177,-22.663,-0.5903,0.3808,-0.7117,-0.7279,-0.632,0.2662,-0.3484,0.6751,0.6502,25.5,0.0004,0.144,0.395,0.56491,270.2,436.0,288.2,420.1,252.1,452.0,810,0.071,8
916,74.939,-13.439,-24.066,-0.6094,0.3623,-0.7052,-0.7208,-0.6369,0.2733,-0.3502,0.675,0.6494,25.5,0.0158,0.113,0.64,0.79049,269.0,435.3,286.7,419.2,251.0,451.4,812,0.599,8
917,73.728,-12.736,-25.473,-0.6118,0.3463,-0.7111,-0.7113,-0.6432,0.2836,-0.3592,0.6794,0.6399,25.5,0.0108,0.791,0.88,0.49722,267.7,434.6,285.2,418.4,250.0,450.8,813,0.145,8
918,72.508,-12.063,-26.885,-0.6187,0.3325,-0.7118,-0.6996,-0.6503,0.2963,-0.3643,0.6812,0.6349,25.5,0.0057,0.422,1.07,0.44593,266.4,433.9,283.7,417.6,249.1,450.3,814,0.199,9
919,71.27,-11.415,-28.294,-0.6301,0.3213,-0.7069,-0.6863,-0.6578,0.3104,-0.3653,0.6807,0.635,25.5,0.0017,0.064,1.191,0.48262,265.2,433.2,282.0,416.7,248.2,449.9,815,0.403,9
920,70.004,-10.786,-29.687,-0.6459,0.3129,-0.6963,-0.672,-0.6654,0.325,-0.3616,0.6779,0.6401,25.5,0.0005,0.395,1.249,0.60052,263.9,432.6,280.3,415.9,247.2,449.4,816,0.49,9
921,68.704,-10.171,-31.054,-0.6655,0.3075,-0.6802,-0.6575,-0.6727,0.3395,-0.3532,0.6731,0.6498,25.5,0.0002,0.785,1.247,0.74876,262.5,432.0,278.6,415.2,246.3,449.0,817,0.459,9
922,67.367,-9.572,-32.393,-0.6807,0.2956,-0.6703,-0.6432,-0.6795,0.353,-0.3511,0.6714,0.6526,25.5,0.0004,0.223,1.192,0.62636,261.2,431.4,276.9,414.4,245.3,448.6,818,0.316,9
923,66.002,-8.996,-33.714,-0.6942,0.2854,-0.6607,-0.6294,-0.6858,0.3655,-0.3488,0.6696,0.6557,25.5,0.0003,0.244,1.126,0.56165,259.8,430.8,275.1,413.7,244.3,448.1,819,0.062,9
924,64.611,-8.437,-35.014,-0.7077,0.2782,-0.6495,-0.6158,-0.6918,0.3772,-0.3443,0.6668,0.6609,25.5,0.0016,0.425,1.084,0.54742,258.4,430.3,273.4,413.0,243.2,447.7,820,0.288,9
925,63.194,-7.889,-36.29,-0.7212,0.274,-0.6362,-0.6023,-0.6975,0.3882,-0.3374,0.6632,0.668,25.5,0.0037,0.604,1.05,0.56042,256.9,429.7,271.6,412.4,242.1,447.3,821,0.71,9
926,61.748,-7.348,-37.538,-0.7352,0.2726,-0.6206,-0.5889,-0.7029,0.3989,-0.3275,0.6587,0.6774,25.5,0.0062,0.824,1.03,0.60651,255.5,429.2,269.8,411.7,241.0,446.9,822,1.18,9
927,60.275,-6.807,-38.753,-0.749,0.2702,-0.6049,-0.5753,-0.7083,0.4092,-0.3179,0.6545,0.686,25.5,0.008,0.777,1.025,0.60756,254.0,428.7,268.0,411.0,239.9,446.5,822,0.805,9
928,58.776,-6.277,-39.94,-0.7619,0.2642,-0.5913,-0.5614,-0.7135,0.4192,-0.3112,0.6514,0.692,25.5,0.0086,0.545,1.025,0.56823,252.5,428.1,266.1,410.4,238.7,446.1,823,0.312,9
929,57.25,-5.757,-41.098,-0.7756,0.2606,-0.5749,-0.5471,-0.7187,0.4292,-0.3014,0.6474,0.7,25.5,0.0097,0.76,1.043,0.62568,251.0,427.6,264.2,409.8,237.6,445.7,824,0.18,9
930,55.696,-5.242,-42.22,-0.7907,0.2592,-0.5546,-0.5324,-0.7238,0.4389,-0.2877,0.6424,0.7104,25.5,0.0101,1.026,1.051,0.73161,249.4,427.1,262.3,409.2,236.4,445.3,825,0.649,9
931,54.11,-4.726,-43.296,-0.808,0.2603,-0.5286,-0.5173,-0.7289,0.4485,-0.2686,0.6358,0.7236,25.5,0.0088,1.383,1.066,0.90216,247.8,426.6,260.3,408.5,235.2,444.9,826,1.071,9
932,52.488,-4.208,-44.313,-0.8274,0.2611,-0.4972,-0.5016,-0.734,0.4579,-0.2453,0.6283,0.7383,25.5,0.0043,1.636,1.088,1.06606,246.2,426.1,258.3,407.9,234.0,444.5,826,0.913,9
933,50.827,-3.692,-45.268,-0.8466,0.2589,-0.4649,-0.4852,-0.7391,0.4672,-0.2226,0.6212,0.7514,25.5,0.0022,1.556,1.119,1.08689,244.6,425.6,256.3,407.3,232.8,444.1,827,0.558,9
934,49.128,-3.178,-46.156,-0.8651,0.2592,-0.4294,-0.4683,-0.7442,0.4763,-0.1961,0.6132,0.7652,25.5,0.0077,1.772,1.138,1.15597,242.9,425.1,254.2,406.7,231.5,443.7,828,0.282,9
935,47.394,-2.661,-46.972,-0.8815,0.2623,-0.3925,-0.4507,-0.7495,0.485,-0.167,0.6045,0.7789,25.5,0.0103,1.909,1.165,1.16954,241.2,424.6,252.0,406.1,230.2,443.4,829,0.082,9
936,45.63,-2.138,-47.714,-0.8973,0.2635,-0.3543,-0.4323,-0.7549,0.4932,-0.1375,0.5958,0.7913,25.5,0.0142,1.9,1.195,1.1941,239.5,424.1,249.8,405.4,228.9,443.0,830,0.048,9
937,43.834,-1.615,-48.377,-0.912,0.2641,-0.3139,-0.4132,-0.7605,0.5009,-0.1064,0.5866,0.8029,25.5,0.0188,1.974,1.223,1.24147,237.7,423.6,247.6,404.8,227.7,442.6,831,0.108,9
938,42.012,-1.087,-48.959,-0.9236,0.2691,-0.2729,-0.3932,-0.7666,0.5077,-0.0726,0.5763,0.814,25.5,0.0183,2.122,1.26,1.23885,235.9,423.1,245.3,404.2,226.4,442.2,832,0.104,9
939,40.17,-0.544,-49.459,-0.9321,0.279,-0.2311,-0.3721,-0.7733,0.5134,-0.0355,0.5646,0.8246,25.5,0.0124,2.31,1.31,1.26445,234.1,422.5,243.0,403.5,225.1,441.9,833,0.038,9
940,38.312,0.018,-49.872,-0.9401,0.2863,-0.1851,-0.3499,-0.7806,0.5179,0.0038,0.5517,0.8341,25.499,0.0096,2.432,1.364,1.3646,232.3,422.0,240.6,402.8,223.8,441.5,834,0.09,9
941,36.44,0.591,-50.195,-0.9462,0.2914,-0.1409,-0.3263,-0.7887,0.521,0.0407,0.5389,0.8414,25.499,0.0055,2.277,1.441,1.29677,230.5,421.4,238.2,402.0,222.6,441.1,835,0.276,9
942,34.558,1.173,-50.432,-0.9505,0.2947,-0.0985,-0.3015,-0.7975,0.5226,0.0755,0.5264,0.8469,25.499,0.0001,2.142,1.511,1.23423,228.6,420.9,235.8,401.2,221.3,440.8,836,0.519,9
943,32.67,1.766,-50.584,-0.9509,0.3048,-0.053,-0.2754,-0.8069,0.5225,0.1165,0.5115,0.8513,25.499,0.0118,2.512,1.59,1.346,226.8,420.3,233.3,400.4,220.1,440.4,837,0.812,9
944,30.783,2.375,-50.644,-0.9519,0.3062,-0.0075,-0.2483,-0.8166,0.521,0.1534,0.4979,0.8536,25.499,0.0176,2.257,1.652,1.31483,224.9,419.7,230.8,399.6,219.0,440.1,839,0.473,9
945,28.89,2.971,-50.618,-0.956,0.2915,0.0327,-0.2208,-0.8263,0.5182,0.1781,0.4883,0.8543,25.498,0.0128,1.519,1.679,1.24171,223.1,419.1,228.3,398.8,217.8,439.7,840,0.083,9
946,26.988,3.526,-50.518,-0.9603,0.2704,0.0682,-0.1933,-0.8354,0.5145,0.1961,0.4809,0.8546,25.498,0.0052,1.115,1.673,1.19889,221.3,418.6,225.8,398.0,216.6,439.4,841,0.323,9
947,25.081,4.048,-50.346,-0.9609,0.2561,0.1048,-0.1663,-0.844,0.51,0.2191,0.4726,0.8536,25.498,0.0029,1.402,1.644,1.13481,219.4,418.1,223.3,397.3,215.4,439.1,842,0.738,9
948,23.175,4.543,-50.102,-0.9598,0.2423,0.1419,-0.1404,-0.8518,0.5047,0.2432,0.4645,0.8515,25.498,0.0,1.462,1.579,1.1434,217.5,417.6,220.8,396.6,214.2,438.8,844,0.425,9
949,21.273,5.01,-49.783,-0.9568,0.2289,0.1794,-0.1159,-0.8589,0.4989,0.2683,0.4565,0.8483,25.498,0.0038,1.521,1.499,1.15309,215.7,417.1,218.4,396.0,212.9,438.5,845,0.033,9
950,19.374,5.436,-49.396,-0.9561,0.2032,0.2109,-0.0934,-0.8653,0.4924,0.2826,0.4512,0.8465,25.498,0.0173,0.88,1.391,1.17413,213.9,416.7,216.0,395.4,211.7,438.3,846,0.329,9
951,17.481,5.828,-48.944,-0.9501,0.1943,0.2441,-0.0729,-0.8713,0.4853,0.307,0.4433,0.8421,25.499,0.0184,1.491,1.29,1.00745,212.0,416.3,213.7,394.9,210.3,438.1,847,0.649,9
952,15.606,6.217,-48.425,-0.9389,0.2006,0.2796,-0.0544,-0.8771,0.4772,0.341,0.4328,0.8345,25.499,0.0086,2.085,1.204,1.09012,210.2,415.9,211.4,394.3,208.9,437.8,849,0.874,9
953,13.758,6.633,-47.833,-0.9233,0.2179,0.3164,-0.0379,-0.8829,0.468,0.3813,0.4202,0.8234,25.5,0.0093,2.502,1.132,1.25762,208.4,415.5,209.3,393.8,207.5,437.6,850,0.759,9
954,11.938,7.071,-47.174,-0.9107,0.2235,0.3474,-0.0232,-0.8888,0.4577,0.4111,0.4088,0.8148,25.5,0.0185,1.893,1.083,0.97962,206.6,415.1,207.1,393.2,206.1,437.3,851,0.74,9
955,10.144,7.52,-46.454,-0.8969,0.2288,0.3785,-0.0103,-0.8949,0.4462,0.441,0.3964,0.8052,25.501,0.0266,1.935,1.05,0.99424,204.9,414.7,205.1,392.6,204.7,437.0,852,0.831,9
956,8.38,7.98,-45.67,-0.8806,0.2342,0.4119,0.001,-0.901,0.4339,0.473,0.3827,0.7936,25.502,0.0332,2.102,1.019,1.08431,203.2,414.2,203.1,392.0,203.2,436.7,853,1.043,9
957,6.652,8.45,-44.816,-0.8603,0.2399,0.4498,0.0109,-0.9071,0.4207,0.5093,0.3671,0.7783,25.504,0.0378,2.428,1.008,1.25242,201.5,413.8,201.2,391.4,201.8,436.4,853,0.942,9
958,4.965,8.936,-43.89,-0.8387,0.249,0.4843,0.0196,-0.9132,0.407,0.5442,0.3513,0.7619,25.505,0.0467,2.388,0.993,1.20434,199.8,413.3,199.3,390.7,200.4,436.1,854,0.605,9
959,3.324,9.434,-42.893,-0.8154,0.2526,0.521,0.0272,-0.9192,0.3928,0.5788,0.3349,0.7435,25.507,0.0497,2.434,0.985,1.25958,198.2,412.8,197.6,390.1,198.9,435.8,855,0.133,9
960,1.73,9.934,-41.821,-0.7908,0.2503,0.5586,0.0338,-0.925,0.3785,0.6121,0.3185,0.7238,25.508,0.0468,2.408,0.962,1.29908,196.7,412.3,195.8,389.4,197.5,435.4,856,0.49,9
961,0.186,10.424,-40.676,-0.7657,0.2442,0.595,0.0395,-0.9305,0.3641,0.6431,0.3025,0.7035,25.51,0.0408,2.313,0.942,1.28885,195.2,411.8,194.2,388.8,196.2,435.1,857,1.274,9
962,-1.308,10.907,-39.462,-0.7392,0.2422,0.6285,0.0443,-0.9357,0.3499,0.6734,0.2867,0.6815,25.512,0.0395,2.329,0.909,1.23477,193.7,411.3,192.6,388.1,194.8,434.7,857,0.711,9
963,-2.747,11.384,-38.181,-0.7107,0.2375,0.6622,0.0484,-0.9406,0.3359,0.7031,0.2709,0.6575,25.514,0.0354,2.368,0.882,1.28162,192.3,410.9,191.1,387.5,193.5,434.4,858,0.257,9
964,-4.128,11.848,-36.835,-0.6815,0.2304,0.6946,0.0516,-0.9452,0.3224,0.7311,0.2557,0.6325,25.517,0.029,2.32,0.838,1.27613,191.0,410.4,189.7,386.9,192.2,434.1,859,1.431,10
965,-5.452,12.297,-35.426,-0.6526,0.2221,0.7244,0.0541,-0.9494,0.3094,0.7567,0.2411,0.6077,25.519,0.022,2.207,0.796,1.22236,189.7,409.9,188.3,386.3,191.0,433.8,859,0.554,10
966,-6.719,12.731,-33.961,-0.6243,0.2149,0.7511,0.0558,-0.9532,0.297,0.7799,0.2274,0.5832,25.522,0.0166,2.087,0.749,1.14246,188.4,409.5,187.0,385.8,189.8,433.4,860,0.85,10
967,-7.931,13.151,-32.447,-0.5977,0.2086,0.7741,0.057,-0.9568,0.2852,0.8002,0.2146,0.56,25.524,0.0129,1.913,0.71,1.03144,187.2,409.1,185.8,385.2,188.6,433.1,860,1.135,10
968,-9.093,13.559,-30.891,-0.5734,0.2031,0.7937,0.0576,-0.96,0.274,0.8177,0.2028,0.5388,25.527,0.0105,1.714,0.668,0.91532,186.1,408.7,184.7,384.7,187.5,432.8,861,0.522,10
969,-10.208,13.957,-29.299,-0.5517,0.1985,0.8101,0.0578,-0.9629,0.2635,0.8324,0.1921,0.5198,25.53,0.0096,1.507,0.624,0.79651,185.0,408.3,183.5,384.2,186.4,432.5,861,1.463,10
970,-11.284,14.347,-27.678,-0.532,0.1936,0.8243,0.0576,-0.9656,0.2535,0.8451,0.1823,0.5026,25.532,0.0086,1.348,0.594,0.71538,183.9,407.9,182.5,383.7,185.3,432.2,862,0.459,10
971,-12.32,14.726,-26.028,-0.513,0.1886,0.8374,0.0572,-0.9681,0.2441,0.8567,0.1731,0.4858,25.535,0.0075,1.283,0.558,0.6818,182.9,407.5,181.5,383.2,184.3,431.9,862,1.527,10
972,-13.32,15.096,-24.354,-0.4948,0.1845,0.8492,0.0565,-0.9703,0.2354,0.8674,0.1644,0.4697,25.537,0.0071,1.215,0.516,0.63728,181.9,407.1,180.5,382.8,183.2,431.6,863,0.666,10
973,-14.285,15.458,-22.658,-0.4773,0.1811,0.8599,0.0556,-0.9723,0.2272,0.8772,0.1563,0.454,25.54,0.0073,1.158,0.486,0.60031,180.9,406.7,179.5,382.3,182.3,431.3,863,1.32,10
974,-15.215,15.815,-20.942,-0.4605,0.1783,0.8696,0.0545,-0.9741,0.2196,0.8862,0.1486,0.4388,25.542,0.0078,1.104,0.452,0.56594,180.0,406.4,178.6,381.9,181.3,431.0,864,1.152,10
975,-16.113,16.166,-19.208,-0.4442,0.1761,0.8784,0.0533,-0.9757,0.2126,0.8945,0.1413,0.4241,25.544,0.0087,1.054,0.417,0.53853,179.1,406.0,177.8,381.5,180.4,430.7,864,0.833,10
976,-16.979,16.514,-17.456,-0.4287,0.174,0.8865,0.052,-0.9771,0.2062,0.9022,0.1345,0.4098,25.546,0.0095,1.009,0.383,0.50867,178.2,405.6,176.9,381.0,179.5,430.4,865,1.924,10
977,-17.815,16.856,-15.69,-0.4144,0.1707,0.8939,0.0507,-0.9784,0.2003,0.9089,0.1283,0.3968,25.548,0.009,0.91,0.354,0.47456,177.3,405.3,176.1,380.6,178.6,430.1,865,0.066,10
978,-18.624,17.192,-13.909,-0.4009,0.168,0.9006,0.0493,-0.9796,0.1949,0.915,0.1225,0.3844,25.55,0.0088,0.859,0.327,0.44204,176.5,404.9,175.3,380.2,177.7,429.8,865,2.046,10
979,-19.407,17.523,-12.115,-0.3881,0.1657,0.9066,0.0478,-0.9806,0.1901,0.9206,0.1171,0.3726,25.551,0.0087,0.81,0.294,0.41345,175.7,404.6,174.6,379.8,176.9,429.5,866,1.0,10
980,-20.165,17.85,-10.311,-0.3761,0.164,0.912,0.0463,-0.9815,0.1859,0.9256,0.1121,0.3615,25.553,0.0088,0.754,0.261,0.38309,175.0,404.3,173.8,379.4,176.1,429.2,866,0.985,10
981,-20.9,18.174,-8.496,-0.3648,0.1627,0.9168,0.0448,-0.9823,0.1821,0.9302,0.1075,0.351,25.554,0.0092,0.708,0.239,0.3565,174.2,403.9,173.1,379.0,175.3,428.9,867,2.357,10
982,-21.613,18.496,-6.672,-0.3542,0.1619,0.921,0.0434,-0.9829,0.1788,0.9343,0.1033,0.3412,25.555,0.0098,0.655,0.208,0.32993,173.5,403.6,172.4,378.7,174.5,428.6,867,0.373,10
983,-22.306,18.817,-4.841,-0.3443,0.1613,0.9249,0.0419,-0.9835,0.1761,0.9381,0.0994,0.3319,25.556,0.0102,0.617,0.18,0.30774,172.8,403.2,171.7,378.3,173.8,428.3,867,1.612,10
984,-22.98,19.137,-3.002,-0.3351,0.1611,0.9283,0.0405,-0.984,0.1738,0.9415,0.0958,0.3232,25.556,0.0108,0.574,0.157,0.28324,172.1,402.9,171.1,377.9,173.0,428.0,868,2.03,10
985,-23.635,19.456,-1.158,-0.3241,0.1602,0.9324,0.0391,-0.9843,0.172,0.9454,0.0922,0.3127,25.557,0.01,0.674,0.132,0.34021,171.4,402.6,170.4,377.5,172.3,427.7,868,0.047,10
986,-24.264,19.772,0.698,-0.3099,0.1576,0.9376,0.0377,-0.9846,0.1706,0.9501,0.0883,0.2992,25.557,0.0069,0.849,0.115,0.44292,170.7,402.2,169.8,377.2,171.6,427.4,868,1.938,10
987,-24.867,20.082,2.563,-0.2986,0.1557,0.9416,0.0365,-0.9848,0.1697,0.9537,0.085,0.2884,25.557,0.0044,0.679,0.087,0.35037,170.1,401.9,169.2,376.8,171.0,427.1,869,1.996,10
988,-25.451,20.39,4.436,-0.2896,0.1544,0.9446,0.0353,-0.985,0.1692,0.9565,0.0823,0.2798,25.557,0.0025,0.541,0.075,0.27638,169.5,401.6,168.6,376.4,170.3,426.8,869,0.022,10
989,-26.018,20.696,6.313,-0.2824,0.1536,0.9469,0.0341,-0.985,0.1691,0.9587,0.0801,0.273,25.557,0.0008,0.428,0.069,0.21936,168.9,401.2,168.1,376.1,169.7,426.5,869,1.974,10
990,-26.573,21.0,8.194,-0.2769,0.1533,0.9486,0.033,-0.985,0.1694,0.9603,0.0782,0.2676,25.557,0.0006,0.341,0.065,0.16642,168.3,400.9,167.5,375.7,169.1,426.2,870,2.184,10
991,-27.118,21.304,10.078,-0.2727,0.1534,0.9498,0.032,-0.9849,0.1702,0.9616,0.0768,0.2636,25.556,0.0018,0.254,0.074,0.12615,167.7,400.6,167.0,375.4,168.5,425.9,870,0.207,10
992,-27.656,21.609,11.964,-0.2697,0.1539,0.9506,0.031,-0.9847,0.1713,0.9624,0.0757,0.2609,25.556,0.0029,0.173,0.086,0.09078,167.2,400.2,166.4,375.0,167.9,425.6,870,1.787,10
993,-28.19,21.916,13.851,-0.268,0.1548,0.9509,0.0301,-0.9845,0.1727,0.9629,0.0749,0.2592,25.555,0.0038,0.111,0.096,0.05619,166.6,399.9,165.9,374.7,167.3,425.3,871,2.504,10
994,-28.721,22.224,15.738,-0.2674,0.1562,0.9508,0.0293,-0.9842,0.1745,0.9631,0.0745,0.2586,25.554,0.0043,0.043,0.114,0.04406,166.0,399.6,165.3,374.3,166.7,425.0,871,0.523,10
995,-29.252,22.536,17.625,-0.268,0.1579,0.9504,0.0285,-0.9839,0.1766,0.963,0.0744,0.2592,25.554,0.0048,0.035,0.13,0.05328,165.5,399.2,164.8,374.0,166.1,424.6,871,1.468,10
996,-29.786,22.852,19.511,-0.2698,0.1602,0.9495,0.0278,-0.9834,0.179,0.9625,0.0747,0.2609,25.553,0.0049,0.103,0.146,0.08821,164.9,398.9,164.2,373.6,165.5,424.3,872,2.861,10
997,-30.324,23.172,21.394,-0.273,0.163,0.9481,0.0272,-0.983,0.1818,0.9616,0.0754,0.2639,25.552,0.0047,0.184,0.166,0.12923,164.3,398.5,163.7,373.3,164.9,424.0,872,0.876,10
998,-30.869,23.499,23.272,-0.2767,0.1662,0.9465,0.0266,-0.9824,0.1848,0.9606,0.0763,0.2674,25.55,0.0043,0.215,0.179,0.14872,163.7,398.2,163.1,372.9,164.3,423.6,872,1.107,10
999,-31.412,23.828,25.153,-0.2707,0.1662,0.9482,0.0261,-0.9818,0.1881,0.9622,0.0756,0.2615,25.549,0.0081,0.353,0.194,0.18001,163.1,397.8,162.6,372.5,163.7,423.3,872,3.092,10
1000,-31.945,24.159,27.036,-0.2664,0.1665,0.9494,0.0256,-0.9811,0.1917,0.9634,0.0754,0.2571,25.548,0.0118,0.262,0.212,0.12917,162.6,397.5,162.0,372.2,163.1,422.9,873,1.18,10
1001,-32.471,24.49,28.921,-0.2635,0.1673,0.95,0.0253,-0.9804,0.1956,0.9642,0.0756,0.2541,25.547,0.0151,0.178,0.228,0.08855,162.0,397.1,161.4,371.8,162.6,422.6,873,0.808,10
1002,-32.992,24.823,30.807,-0.2619,0.1685,0.9503,0.0251,-0.9795,0.1998,0.9646,0.0762,0.2524,25.545,0.0183,0.106,0.246,0.05835,161.4,396.7,160.9,371.4,162.0,422.2,873,2.791,10
1003,-33.511,25.159,32.693,-0.2617,0.1701,0.95,0.025,-0.9786,0.2044,0.9647,0.0772,0.2519,25.544,0.0212,0.064,0.269,0.04731,160.9,396.4,160.3,371.1,161.4,421.8,874,1.329,10
1004,-34.032,25.498,34.578,-0.2629,0.1721,0.9493,0.025,-0.9775,0.2093,0.9643,0.0788,0.2528,25.542,0.0239,0.108,0.288,0.0703,160.3,396.0,159.8,370.7,160.8,421.5,874,0.66,10
1005,-34.556,25.843,36.461,-0.2656,0.1747,0.9481,0.0252,-0.9764,0.2147,0.9636,0.0809,0.255,25.541,0.0263,0.179,0.316,0.11361,159.7,395.6,159.2,370.3,160.3,421.1,874,2.643,10
1006,-35.087,26.192,38.341,-0.2699,0.1779,0.9463,0.0255,-0.9751,0.2205,0.9623,0.0837,0.2587,25.539,0.0283,0.276,0.341,0.16322,159.1,395.2,158.6,370.0,159.7,420.7,875,1.23,10
1007,-35.629,26.549,40.217,-0.2761,0.1819,0.9438,0.026,-0.9736,0.2267,0.9605,0.0872,0.2642,25.538,0.0297,0.388,0.367,0.22488,158.6,394.8,158.0,369.6,159.1,420.3,875,0.756,10
1008,-36.185,26.915,42.087,-0.2847,0.1868,0.9402,0.0268,-0.972,0.2334,0.958,0.0916,0.2719,25.536,0.0302,0.528,0.397,0.30403,157.9,394.4,157.4,369.2,158.5,419.8,875,2.741,10
1009,-36.761,27.292,43.948,-0.2964,0.193,0.9353,0.0277,-0.9703,0.2405,0.9544,0.0972,0.2824,25.534,0.0295,0.712,0.421,0.40762,157.3,394.0,156.7,368.8,157.9,419.4,876,0.793,10
1010,-37.364,27.682,45.797,-0.3122,0.2009,0.9285,0.0288,-0.9683,0.2481,0.9493,0.1043,0.2967,25.532,0.0268,0.96,0.455,0.54683,156.7,393.6,156.0,368.4,157.3,419.0,876,1.191,10
1011,-37.992,28.088,47.634,-0.3208,0.2078,0.9241,0.0302,-0.9661,0.2563,0.9464,0.1101,0.3037,25.531,0.0264,0.547,0.493,0.34292,156.0,393.1,155.3,368.0,156.6,418.5,877,1.922,10
1012,-38.638,28.507,49.464,-0.3306,0.215,0.919,0.0318,-0.9637,0.265,0.9429,0.1169,0.3119,25.529,0.0258,0.642,0.525,0.38058,155.3,392.7,154.6,367.6,156.0,418.0,877,0.07,10
1013,-39.305,28.941,51.282,-0.3424,0.2226,0.9128,0.0336,-0.9611,0.2743,0.9386,0.1246,0.3217,25.527,0.0249,0.755,0.563,0.44302,154.5,392.2,153.8,367.2,155.3,417.4,877,2.049,10
1014,-39.998,29.391,53.086,-0.3563,0.2304,0.9055,0.0357,-0.9581,0.2842,0.9333,0.1336,0.3332,25.525,0.0239,0.89,0.605,0.5062,153.8,391.7,153.0,366.7,154.6,416.9,878,0.629,10
1015,-40.72,29.856,54.875,-0.372,0.2382,0.8971,0.0379,-0.9548,0.2947,0.9271,0.1437,0.3463,25.523,0.0228,1.012,0.643,0.56137,153.0,391.2,152.2,366.3,153.8,416.3,878,1.356,10
1016,-41.476,30.336,56.646,-0.3893,0.2455,0.8878,0.0404,-0.9512,0.3059,0.9198,0.155,0.3605,25.521,0.0223,1.121,0.689,0.60495,152.2,390.7,151.3,365.9,153.1,415.7,879,0.922,10
1017,-42.266,30.83,58.398,-0.4074,0.2527,0.8776,0.0431,-0.9472,0.3178,0.9118,0.1674,0.3751,25.519,0.022,1.189,0.736,0.63482,151.3,390.1,150.4,365.4,152.3,415.1,879,1.063,10
1018,-43.092,31.342,60.128,-0.4254,0.2638,0.8657,0.046,-0.9427,0.3304,0.9034,0.1804,0.3889,25.517,0.0178,1.188,0.784,0.70073,150.4,389.6,149.4,365.0,151.4,414.4,880,0.852,10
1019,-43.956,31.876,61.833,-0.4454,0.2735,0.8525,0.049,-0.9378,0.3438,0.8936,0.1949,0.4043,25.515,0.0148,1.336,0.835,0.74634,149.5,389.0,148.4,364.5,150.5,413.7,880,1.133,10
1020,-44.861,32.427,63.511,-0.4672,0.2814,0.8382,0.052,-0.9323,0.3578,0.8822,0.2108,0.421,25.513,0.0133,1.474,0.879,0.78658,148.5,388.4,147.4,364.0,149.6,413.0,881,0.454,10
1021,-45.812,32.991,65.159,-0.4908,0.2869,0.8227,0.055,-0.9264,0.3725,0.8691,0.2281,0.4389,25.512,0.0137,1.612,0.924,0.83058,147.5,387.8,146.3,363.6,148.7,412.2,881,1.531,10
1022,-46.81,33.564,66.776,-0.5157,0.2901,0.8061,0.0577,-0.9199,0.388,0.8542,0.2467,0.4577,25.51,0.0161,1.739,0.975,0.869,146.4,387.1,145.1,363.1,147.6,411.5,882,0.24,10
1023,-47.858,34.15,68.355,-0.5407,0.3,0.7859,0.0602,-0.9128,0.404,0.8386,0.2658,0.4755,25.508,0.0111,1.743,1.013,0.97108,145.3,386.5,144.0,362.7,146.6,410.6,883,0.789,10
1024,-48.957,34.752,69.894,-0.5672,0.3057,0.7648,0.0621,-0.9051,0.4206,0.8208,0.286,0.4944,25.506,0.0098,1.885,1.054,0.9918,144.1,385.8,142.7,362.2,145.4,409.8,883,1.196,10
1025,-50.11,35.36,71.39,-0.595,0.3067,0.7429,0.0631,-0.897,0.4376,0.8006,0.3073,0.5144,25.505,0.0124,2.035,1.08,1.02227,142.8,385.2,141.5,361.7,144.2,408.9,884,0.401,10
1026,-51.32,35.966,72.842,-0.6243,0.3022,0.7203,0.0629,-0.8883,0.4549,0.7775,0.3294,0.5357,25.503,0.02,2.201,1.11,1.07638,141.5,384.5,140.2,361.3,142.8,408.0,885,0.188,10
1027,-52.589,36.561,74.247,-0.6545,0.2985,0.6947,0.0612,-0.8793,0.4724,0.7521,0.3518,0.5574,25.502,0.0256,2.305,1.132,1.14808,140.1,383.9,138.9,360.9,141.4,407.2,886,0.595,10
1028,-53.918,37.151,75.598,-0.6846,0.2967,0.6659,0.0579,-0.8698,0.49,0.7248,0.3742,0.5785,25.501,0.0286,2.357,1.161,1.204,138.7,383.2,137.6,360.5,139.9,406.3,887,0.836,10
1029,-55.306,37.739,76.888,-0.7148,0.296,0.6337,0.0531,-0.8599,0.5078,0.6954,0.3967,0.5991,25.5,0.0293,2.428,1.199,1.2748,137.2,382.6,136.3,360.1,138.2,405.4,888,0.928,10
1030,-56.755,38.326,78.11,-0.7458,0.2941,0.5978,0.0466,-0.8495,0.5256,0.6627,0.42,0.6201,25.499,0.0296,2.596,1.238,1.37067,135.7,381.9,134.9,359.8,136.5,404.4,889,0.887,10
1031,-58.267,38.904,79.258,-0.7778,0.2892,0.558,0.0386,-0.8386,0.5434,0.6254,0.4445,0.6414,25.499,0.0307,2.833,1.281,1.48156,134.0,381.3,133.5,359.4,134.6,403.5,890,0.727,10
1032,-59.839,39.48,80.322,-0.8059,0.2924,0.5148,0.0296,-0.8272,0.5611,0.59,0.4676,0.6582,25.498,0.0231,2.606,1.312,1.49111,132.4,380.7,132.1,359.1,132.6,402.6,891,0.462,10
1033,-61.462,40.07,81.301,-0.8278,0.3039,0.4717,0.02,-0.8154,0.5785,0.5604,0.4883,0.6689,25.498,0.0085,2.159,1.324,1.43498,130.6,380.0,130.6,358.8,130.6,401.6,892,0.103,10
1034,-63.123,40.686,82.194,-0.847,0.3153,0.428,0.0104,-0.8034,0.5954,0.5316,0.5088,0.6772,25.498,0.0073,2.081,1.309,1.41712,128.9,379.4,129.2,358.5,128.5,400.6,893,0.341,10
1035,-64.824,41.312,83.0,-0.8677,0.3137,0.3855,0.0014,-0.7913,0.6115,0.4969,0.5312,0.6863,25.498,0.0137,2.423,1.264,1.36586,127.0,378.7,127.6,358.1,126.5,399.6,895,0.553,10
1036,-66.568,41.923,83.725,-0.8896,0.2998,0.3445,-0.0065,-0.7795,0.6264,0.4564,0.555,0.6955,25.498,0.0121,2.743,1.179,1.40098,125.2,378.0,126.0,357.8,124.4,398.7,896,0.07,10
1037,-68.351,42.514,84.364,-0.9061,0.2992,0.2992,-0.0127,-0.7683,0.6399,0.4215,0.5762,0.7002,25.499,0.0269,2.355,1.066,1.39232,123.3,377.4,124.3,357.5,122.3,397.7,898,0.583,10
1038,-70.164,43.1,84.918,-0.9212,0.2887,0.2607,-0.0172,-0.7578,0.6522,0.3861,0.5967,0.7035,25.499,0.0329,2.352,0.962,1.23207,121.4,376.8,122.5,357.1,120.2,396.8,899,0.102,10
1039,-72.009,43.647,85.404,-0.9379,0.2593,0.2307,-0.0201,-0.7479,0.6635,0.3446,0.6178,0.7068,25.499,0.022,2.674,0.877,1.30524,119.4,376.2,120.7,356.8,118.1,395.9,901,0.543,10
1040,-73.887,44.117,85.838,-0.955,0.2118,0.2075,-0.0218,-0.7385,0.6739,0.296,0.6391,0.7099,25.499,0.0042,3.046,0.809,1.6045,117.4,375.7,118.8,356.6,116.0,395.2,902,0.089,10
1041,-75.795,44.503,86.226,-0.9669,0.1781,0.1828,-0.0226,-0.7295,0.6837,0.2551,0.657,0.7094,25.499,0.0169,2.558,0.764,1.25447,115.4,375.3,116.8,356.4,114.0,394.5,903,0.687,10
1042,-77.724,44.825,86.562,-0.977,0.1466,0.1545,-0.0234,-0.7213,0.6923,0.213,0.673,0.7083,25.5,0.0241,2.581,0.682,1.25705,113.3,374.9,114.8,356.3,111.9,393.9,905,0.219,10
1043,-79.672,45.086,86.837,-0.9857,0.1163,0.1219,-0.0251,-0.7144,0.6993,0.1685,0.6864,0.7074,25.5,0.0269,2.664,0.572,1.30949,111.3,374.6,112.8,356.2,109.7,393.5,906,0.255,10
1044,-81.635,45.286,87.042,-0.9928,0.0852,0.0843,-0.0289,-0.7095,0.7041,0.1198,0.6969,0.7071,25.5,0.0276,2.855,0.449,1.42402,109.2,374.4,110.9,356.1,107.5,393.1,907,0.678,10
1045,-83.61,45.418,87.176,-0.9975,0.0489,0.0518,-0.0353,-0.7068,0.7065,0.0712,0.7034,0.7073,25.5,0.0372,2.81,0.421,1.41339,107.1,374.3,109.0,356.0,105.2,392.9,909,0.629,10
1046,-85.592,45.486,87.247,-0.9996,0.021,0.0196,-0.0442,-0.7065,0.7063,0.0287,0.7058,0.7078,25.5,0.0432,2.439,0.51,1.23169,105.0,374.2,107.2,356.0,102.9,392.8,910,0.386,10
1047,-87.577,45.505,87.253,-0.9999,-0.0007,-0.0147,-0.0553,-0.7085,0.7035,-0.011,0.705,0.7092,25.5,0.0454,2.277,0.666,1.17194,103.0,374.2,105.4,355.9,100.5,392.9,911,0.207,11
1048,-89.56,45.486,87.186,-0.9984,-0.0175,-0.0543,-0.0681,-0.7128,0.6981,-0.0509,0.7013,0.7111,25.5,0.0426,2.299,0.833,1.24276,100.9,374.2,103.7,355.8,98.0,393.0,912,0.092,11
1049,-91.538,45.422,87.035,-0.9942,-0.0464,-0.0968,-0.0824,-0.7191,0.69,-0.1017,0.6948,0.712,25.5,0.0485,2.935,1.008,1.48918,98.8,374.3,102.0,355.7,95.6,393.2,913,0.038,11
1050,-93.505,45.307,86.802,-0.988,-0.0693,-0.1383,-0.0979,-0.7271,0.6795,-0.1479,0.6858,0.7126,25.5,0.0531,2.697,1.167,1.3804,96.8,374.4,100.3,355.6,93.1,393.6,914,0.041,11
1051,-95.458,45.152,86.487,-0.9803,-0.0848,-0.1786,-0.1143,-0.7364,0.6668,-0.1883,0.6751,0.7133,25.5,0.0554,2.395,1.302,1.26641,94.7,374.6,98.7,355.5,90.6,394.0,915,0.102,11
1052,-97.394,44.972,86.093,-0.9704,-0.1002,-0.2199,-0.1315,-0.7466,0.6521,-0.23,0.6629,0.7125,25.5,0.059,2.49,1.422,1.30441,92.7,374.8,97.2,355.4,88.2,394.5,916,0.219,11
1053,-99.307,44.754,85.613,-0.9572,-0.1188,-0.2639,-0.1492,-0.7573,0.6358,-0.276,0.6493,0.7087,25.5,0.065,2.757,1.509,1.43118,90.7,375.0,95.7,355.4,85.7,395.0,917,0.395,11
1054,-101.193,44.506,85.047,-0.9431,-0.1292,-0.3063,-0.1674,-0.7683,0.6178,-0.3159,0.6354,0.7046,25.5,0.0679,2.432,1.596,1.3248,88.8,375.3,94.2,355.3,83.3,395.6,918,0.632,11
1055,-103.05,44.245,84.399,-0.9282,-0.1361,-0.3464,-0.1859,-0.7794,0.5983,-0.3523,0.6213,0.6999,25.5,0.0714,2.253,1.666,1.25121,86.9,375.6,92.8,355.3,80.9,396.2,919,0.931,11
1056,-104.874,43.96,83.671,-0.91,-0.1485,-0.387,-0.2047,-0.7905,0.5773,-0.3929,0.6065,0.6912,25.5,0.0803,2.526,1.736,1.33371,85.0,375.9,91.4,355.3,78.5,396.8,919,1.054,11
1057,-106.663,43.665,82.863,-0.892,-0.1475,-0.4272,-0.2234,-0.8012,0.5551,-0.4255,0.5925,0.684,25.5,0.0803,2.074,1.773,1.27224,83.2,376.2,90.0,355.4,76.2,397.4,920,0.694,11
1058,-108.415,43.384,81.975,-0.8737,-0.1344,-0.4676,-0.242,-0.8116,0.5318,-0.4522,0.5792,0.6783,25.5,0.0718,1.74,1.809,1.33542,81.4,376.5,88.7,355.4,74.0,398.0,921,0.278,11
1059,-110.126,43.118,81.006,-0.8511,-0.1321,-0.5081,-0.2601,-0.8214,0.5076,-0.4856,0.5656,0.6665,25.5,0.072,2.174,1.82,1.34087,79.7,376.8,87.4,355.4,71.8,398.6,922,0.193,11
1060,-111.794,42.866,79.962,-0.8302,-0.1205,-0.5443,-0.2778,-0.8306,0.4826,-0.5115,0.5531,0.6576,25.5,0.068,1.725,1.833,1.25259,78.0,377.1,86.2,355.5,69.7,399.1,923,0.719,11
1061,-113.422,42.646,78.848,-0.8104,-0.0994,-0.5774,-0.295,-0.8392,0.4569,-0.5309,0.5415,0.6518,25.5,0.0587,1.337,1.839,1.26946,76.4,377.4,85.0,355.5,67.6,399.6,923,1.266,11
1062,-115.007,42.464,77.668,-0.7868,-0.0845,-0.6114,-0.3117,-0.847,0.4306,-0.5551,0.5301,0.641,25.5,0.0535,1.653,1.84,1.27021,74.8,377.6,83.8,355.5,65.7,400.1,924,0.686,11
1063,-116.544,42.315,76.422,-0.7622,-0.0643,-0.6441,-0.3278,-0.8542,0.4037,-0.5767,0.5193,0.6306,25.5,0.0448,1.507,1.843,1.31778,73.3,377.8,82.7,355.5,63.8,400.4,925,0.049,11
1064,-118.032,42.213,75.113,-0.7373,-0.0377,-0.6745,-0.3433,-0.8606,0.3762,-0.595,0.5092,0.6219,25.5,0.0318,1.297,1.846,1.37031,71.8,377.9,81.6,355.4,61.9,400.7,926,0.654,11
1065,-119.468,42.162,73.745,-0.7093,-0.0135,-0.7047,-0.3581,-0.8662,0.3484,-0.6153,0.4996,0.6097,25.5,0.0202,1.464,1.833,1.37934,70.4,378.0,80.5,355.3,60.2,401.0,926,1.331,11
1066,-120.849,42.16,72.319,-0.6824,0.0106,-0.7309,-0.3723,-0.8711,0.3204,-0.6333,0.4908,0.5984,25.5,0.0106,1.318,1.821,1.28853,69.1,378.1,79.5,355.2,58.6,401.1,927,0.562,11
1067,-122.179,42.204,70.848,-0.6592,0.0339,-0.7512,-0.3858,-0.875,0.2926,-0.6474,0.4827,0.5898,25.5,0.0049,1.054,1.785,1.1158,67.8,378.1,78.6,355.1,57.0,401.2,928,0.278,11
1068,-123.465,42.292,69.339,-0.6362,0.0542,-0.7697,-0.3986,-0.8779,0.2654,-0.6613,0.4756,0.5801,25.5,0.0017,1.053,1.73,1.03438,66.6,378.0,77.6,355.0,55.5,401.2,929,1.19,11
1069,-124.705,42.419,67.795,-0.6141,0.0737,-0.7858,-0.4107,-0.8799,0.2389,-0.6738,0.4695,0.5706,25.5,0.0004,0.965,1.673,0.9696,65.4,377.9,76.7,354.8,54.0,401.2,929,0.794,11
1070,-125.904,42.584,66.222,-0.5947,0.0928,-0.7986,-0.4221,-0.881,0.2135,-0.6838,0.4641,0.5631,25.5,0.0012,0.78,1.597,0.86863,64.3,377.8,75.8,354.7,52.7,401.0,930,0.19,11
1071,-127.067,42.786,64.627,-0.5779,0.1112,-0.8085,-0.4329,-0.8813,0.1893,-0.6915,0.4594,0.5575,25.5,0.0009,0.608,1.519,0.77411,63.2,377.6,75.0,354.5,51.3,400.9,931,1.241,11
1072,-128.197,43.021,63.013,-0.561,0.1251,-0.8183,-0.4431,-0.8809,0.1665,-0.7,0.456,0.5496,25.5,0.0021,0.693,1.431,0.69221,62.1,377.4,74.2,354.3,50.1,400.6,931,0.744,11
1073,-129.295,43.284,61.38,-0.545,0.1399,-0.8267,-0.4526,-0.8798,0.1451,-0.707,0.4533,0.5428,25.5,0.0036,0.58,1.343,0.67439,61.1,377.2,73.3,354.1,48.9,400.4,932,0.372,11
1074,-130.362,43.577,59.733,-0.5304,0.1555,-0.8334,-0.4617,-0.8781,0.1254,-0.7123,0.4513,0.5376,25.5,0.0038,0.441,1.247,0.64649,60.2,376.9,72.6,353.9,47.7,400.0,933,1.548,11
1075,-131.401,43.901,58.074,-0.5173,0.1714,-0.8385,-0.4703,-0.8759,0.1073,-0.7161,0.4499,0.5337,25.5,0.0032,0.322,1.155,0.61277,59.2,376.6,71.8,353.7,46.6,399.7,933,0.436,11
1076,-132.415,44.257,56.406,-0.5052,0.1867,-0.8426,-0.4786,-0.8733,0.0909,-0.7189,0.4491,0.5305,25.5,0.0022,0.248,1.064,0.57556,58.3,376.3,71.1,353.4,45.5,399.3,934,0.793,11
1077,-133.404,44.639,54.728,-0.4919,0.1988,-0.8477,-0.4865,-0.8704,0.0762,-0.7227,0.4498,0.5248,25.5,0.0017,0.395,0.97,0.53959,57.4,376.0,70.3,353.1,44.4,398.8,934,1.191,11
1078,-134.369,45.045,53.042,-0.4808,0.21,-0.8513,-0.494,-0.8672,0.0632,-0.7249,0.4509,0.5207,25.5,0.0016,0.274,0.879,0.4669,56.5,375.6,69.6,352.9,43.4,398.3,935,0.084,11
1079,-135.314,45.472,51.35,-0.4718,0.2205,-0.8537,-0.5012,-0.8638,0.0518,-0.726,0.4523,0.5181,25.5,0.0018,0.18,0.797,0.40533,55.7,375.2,69.0,352.6,42.4,397.8,936,1.38,11
1080,-136.243,45.92,49.654,-0.4646,0.2303,-0.855,-0.5081,-0.8603,0.0418,-0.7259,0.4539,0.5167,25.5,0.0022,0.122,0.724,0.35305,54.9,374.8,68.3,352.3,41.5,397.3,936,0.606,11
1081,-137.159,46.386,47.957,-0.4591,0.2394,-0.8555,-0.5146,-0.8568,0.0332,-0.7251,0.4555,0.5165,25.5,0.0027,0.103,0.649,0.30738,54.1,374.3,67.6,351.9,40.5,396.8,937,0.681,11
1082,-138.066,46.87,46.259,-0.4549,0.2479,-0.8554,-0.5208,-0.8533,0.0258,-0.7235,0.4572,0.5172,25.5,0.0033,0.14,0.588,0.27368,53.3,373.9,67.0,351.6,39.6,396.2,937,1.304,11
1083,-138.964,47.37,44.562,-0.4489,0.2561,-0.8561,-0.5266,-0.8499,0.0195,-0.7226,0.4596,0.5164,25.5,0.002,0.154,0.528,0.29408,52.5,373.4,66.3,351.2,38.7,395.6,938,0.06,11
1084,-139.846,47.885,42.862,-0.4402,0.2635,-0.8584,-0.5321,-0.8466,0.0142,-0.7229,0.463,0.5129,25.5,0.001,0.28,0.477,0.33656,51.7,372.9,65.7,350.8,37.8,395.1,939,1.11,11
1085,-140.713,48.415,41.156,-0.4341,0.2698,-0.8595,-0.5373,-0.8433,0.0098,-0.7222,0.4661,0.511,25.5,0.0027,0.212,0.434,0.255,51.0,372.5,65.0,350.5,36.9,394.5,939,0.876,11
1086,-141.57,48.956,39.45,-0.4298,0.2755,-0.8599,-0.5425,-0.84,0.0062,-0.7206,0.4692,0.5105,25.5,0.0036,0.202,0.409,0.20648,50.3,371.9,64.4,350.1,36.1,393.8,940,0.185,11
1087,-142.42,49.508,37.743,-0.427,0.2808,-0.8595,-0.5477,-0.8367,0.0034,-0.7182,0.4722,0.5111,25.5,0.004,0.223,0.388,0.17341,49.5,371.4,63.8,349.6,35.3,393.2,941,1.101,11
1088,-143.266,50.07,36.038,-0.4255,0.2859,-0.8586,-0.5531,-0.8331,0.0012,-0.715,0.4754,0.5127,25.5,0.0039,0.275,0.393,0.15564,48.8,370.9,63.2,349.2,34.4,392.6,941,0.883,11
1089,-144.11,50.643,34.335,-0.4252,0.2911,-0.857,-0.5587,-0.8294,-0.0005,-0.7109,0.4786,0.5153,25.5,0.0035,0.333,0.397,0.15729,48.1,370.4,62.6,348.8,33.6,391.9,942,0.143,11
1090,-144.955,51.226,32.636,-0.4261,0.2966,-0.8547,-0.5647,-0.8253,-0.0018,-0.7059,0.4819,0.5192,25.5,0.0026,0.41,0.423,0.17401,47.4,369.8,62.0,348.4,32.7,391.3,943,0.387,11
1091,-145.803,51.82,30.944,-0.4284,0.3025,-0.8515,-0.5712,-0.8208,-0.0027,-0.6997,0.4852,0.5244,25.5,0.0013,0.501,0.456,0.20488,46.6,369.3,61.5,348.0,31.8,390.6,944,0.7,11
1092,-146.657,52.428,29.257,-0.4324,0.3092,-0.847,-0.5783,-0.8158,-0.0034,-0.6921,0.4883,0.5315,25.5,0.0007,0.622,0.499,0.2599,45.9,368.7,60.9,347.6,30.9,389.9,945,0.807,11
1093,-147.52,53.049,27.583,-0.4391,0.319,-0.8399,-0.5861,-0.8103,-0.004,-0.6818,0.4905,0.5428,25.5,0.0022,0.885,0.548,0.39967,45.2,368.1,60.4,347.1,30.0,389.1,946,0.729,11
1094,-148.399,53.695,25.925,-0.4459,0.3315,-0.8314,-0.5945,-0.8041,-0.0045,-0.67,0.4923,0.5557,25.5,0.0023,1.007,0.599,0.47857,44.4,367.5,59.8,346.7,29.1,388.3,947,0.48,11
1095,-149.288,54.363,24.282,-0.4497,0.3417,-0.8252,-0.6034,-0.7974,-0.0049,-0.6597,0.4958,0.5648,25.5,0.0029,0.813,0.639,0.36166,43.7,366.9,59.3,346.3,28.1,387.5,948,0.103,11
1096,-150.182,55.049,22.648,-0.4501,0.3492,-0.8219,-0.6126,-0.7904,-0.0052,-0.6514,0.5011,0.5697,25.5,0.004,0.63,0.663,0.23683,42.9,366.2,58.7,345.8,27.1,386.7,949,0.486,11
1097,-151.073,55.747,21.018,-0.4468,0.3535,-0.8218,-0.6218,-0.7832,-0.0054,-0.6455,0.5086,0.5698,25.5,0.0054,0.547,0.669,0.15651,42.1,365.6,58.2,345.4,26.1,385.8,951,0.137,11
1098,-151.953,56.45,19.384,-0.4396,0.3545,-0.8253,-0.6308,-0.7759,-0.0054,-0.6422,0.5183,0.5647,25.5,0.0067,0.656,0.664,0.23293,41.4,364.9,57.6,344.9,25.1,384.9,953,0.304,11
1099,-152.815,57.152,17.74,-0.4282,0.3518,-0.8324,-0.6395,-0.7688,-0.0052,-0.6418,0.5301,0.5542,25.5,0.0077,0.905,0.643,0.39554,40.7,364.3,57.1,344.5,24.2,384.1,955,0.498,11
1100,-153.649,57.844,16.078,-0.4124,0.3452,-0.843,-0.6476,-0.762,-0.0047,-0.644,0.544,0.5379,25.5,0.008,1.234,0.607,0.58147,40.0,363.6,56.6,344.0,23.3,383.2,956,0.296,11
1101,-154.457,58.531,14.401,-0.4041,0.3506,-0.8449,-0.655,-0.7557,-0.0041,-0.6399,0.5517,0.535,25.5,0.0032,0.527,0.558,0.29111,39.3,363.0,56.1,343.6,22.5,382.4,958,0.512,11
1102,-155.253,59.234,12.724,-0.3973,0.3562,-0.8457,-0.6616,-0.7498,-0.0032,-0.6353,0.5583,0.5336,25.5,0.0015,0.468,0.51,0.25535,38.6,362.3,55.6,343.1,21.7,381.6,959,0.213,11
1103,-156.032,59.942,11.041,-0.388,0.3562,-0.85,-0.6677,-0.7444,-0.0022,-0.6336,0.5667,0.5267,25.5,0.0042,0.63,0.47,0.2958,38.0,361.7,55.1,342.6,20.9,380.8,960,0.148,11
1104,-156.79,60.644,9.347,-0.3755,0.3503,-0.8581,-0.6733,-0.7394,-0.0011,-0.6349,0.5773,0.5135,25.5,0.0052,0.973,0.435,0.46255,37.4,361.0,54.6,342.1,20.1,380.0,961,0.276,11
1105,-157.52,61.327,7.632,-0.3588,0.3372,-0.8704,-0.6785,-0.7346,-0.0001,-0.6394,0.5905,0.4924,25.5,0.0042,1.449,0.409,0.7082,36.8,360.4,54.2,341.6,19.4,379.2,962,0.592,11
1106,-158.211,61.976,5.889,-0.3363,0.3148,-0.8876,-0.6834,-0.73,0.001,-0.6477,0.607,0.4606,25.5,0.0009,2.107,0.39,1.04243,36.3,359.8,53.8,341.1,18.8,378.5,963,1.071,11
1107,-158.849,62.568,4.106,-0.306,0.2818,-0.9094,-0.6882,-0.7256,0.0019,-0.6593,0.6264,0.4159,25.5,0.0044,2.87,0.377,1.43891,35.8,359.3,53.4,340.7,18.2,377.8,963,0.914,11
1108,-159.428,63.104,2.285,-0.2771,0.2577,-0.9256,-0.6928,-0.7211,0.0027,-0.6668,0.642,0.3784,25.5,0.0036,2.367,0.372,1.18313,35.4,358.8,53.1,340.4,17.7,377.2,964,0.301,11
1109,-159.947,63.588,0.432,-0.2451,0.2296,-0.9419,-0.6973,-0.7167,0.0033,-0.6744,0.6576,0.3358,25.5,0.0032,2.636,0.362,1.31684,35.0,358.4,52.8,340.1,17.2,376.7,965,0.423,11
1110,-160.4,64.013,-1.452,-0.2112,0.1986,-0.957,-0.7019,-0.7123,0.0037,-0.681,0.6725,0.2899,25.5,0.0032,2.791,0.365,1.39635,34.7,358.0,52.6,339.9,16.8,376.2,966,1.242,11
1111,-160.785,64.376,-3.365,-0.1775,0.1664,-0.9699,-0.7064,-0.7078,0.0039,-0.6859,0.6859,0.2432,25.5,0.0038,2.798,0.365,1.39672,34.5,357.7,52.5,339.7,16.5,375.8,966,0.744,11
1112,-161.102,64.673,-5.301,-0.1403,0.1328,-0.9812,-0.711,-0.7032,0.004,-0.6894,0.6981,0.193,25.5,0.0024,2.967,0.373,1.48376,34.4,357.5,52.5,339.6,16.3,375.4,967,0.163,11
1113,-161.34,64.9,-7.258,-0.0995,0.095,-0.9905,-0.7156,-0.6985,0.0039,-0.6915,0.7092,0.1375,25.5,0.001,3.246,0.377,1.62862,34.3,357.4,52.5,339.6,16.1,375.1,968,1.15,11
1114,-161.498,65.049,-9.23,-0.0599,0.0558,-0.9966,-0.7202,-0.6938,0.0037,-0.6912,0.718,0.0817,25.5,0.0007,3.237,0.377,1.61881,34.3,357.3,52.6,339.7,16.0,374.9,968,0.835,11
1115,-161.581,65.122,-11.211,-0.0246,0.0183,-0.9995,-0.7248,-0.689,0.0033,-0.6886,0.7245,0.0302,25.5,0.0019,2.978,0.382,1.48973,34.4,357.3,52.8,339.8,16.0,374.7,969,0.229,11
1116,-161.591,65.123,-13.196,0.0134,-0.0175,-0.9998,-0.7293,-0.6842,0.003,-0.6841,0.7291,-0.0219,25.5,0.0008,3.008,0.377,1.50764,34.6,357.4,53.1,340.0,16.1,374.7,970,1.349,11
1117,-161.531,65.055,-15.178,0.0464,-0.0509,-0.9976,-0.7338,-0.6794,0.0026,-0.6779,0.7319,-0.0689,25.5,0.0021,2.721,0.378,1.35721,34.8,357.5,53.4,340.3,16.3,374.7,970,0.636,11
1118,-161.409,64.921,-17.154,0.0757,-0.0835,-0.9936,-0.7383,-0.6745,0.0022,-0.6704,0.7334,-0.1127,25.5,0.0018,2.548,0.382,1.27095,35.1,357.7,53.8,340.7,16.5,374.7,971,0.52,11
1119,-161.232,64.722,-19.121,0.1026,-0.1171,-0.9878,-0.7427,-0.6697,0.0018,-0.6617,0.7334,-0.1557,25.5,0.0004,2.514,0.374,1.25406,35.5,358.0,54.2,341.1,16.7,374.9,971,1.466,11
1120,-161.0,64.457,-21.073,0.1317,-0.1501,-0.9799,-0.7471,-0.6647,0.0015,-0.6516,0.7318,-0.1997,25.5,0.0001,2.588,0.382,1.29082,35.9,358.3,54.7,341.5,17.0,375.0,972,0.296,11
1121,-160.711,64.127,-23.009,0.1594,-0.1818,-0.9703,-0.7515,-0.6597,0.0012,-0.6404,0.729,-0.2418,25.5,0.001,2.501,0.382,1.24678,36.3,358.7,55.2,342.1,17.4,375.3,973,0.871,11
1122,-160.369,63.734,-24.924,0.1857,-0.2148,-0.9588,-0.7559,-0.6546,0.001,-0.6279,0.7246,-0.2839,25.5,0.0007,2.529,0.386,1.26295,36.8,359.1,55.8,342.7,17.8,375.6,973,1.115,11
1123,-159.974,63.272,-26.813,0.212,-0.2513,-0.9444,-0.7605,-0.6494,0.0009,-0.6135,0.718,-0.3288,25.5,0.0011,2.728,0.398,1.36393,37.4,359.7,56.5,343.3,18.3,376.0,974,0.038,11
1124,-159.525,62.734,-28.669,0.241,-0.2909,-0.9259,-0.7651,-0.6439,0.0008,-0.5964,0.7082,-0.3777,25.5,0.0022,3.021,0.411,1.51483,38.0,360.2,57.2,344.1,18.8,376.4,975,1.119,11
1125,-159.018,62.118,-30.486,0.2706,-0.3298,-0.9044,-0.7699,-0.6382,0.0008,-0.5775,0.6961,-0.4266,25.5,0.0014,3.083,0.427,1.54215,38.6,360.9,57.9,344.9,19.3,376.9,975,0.867,11
1126,-158.453,61.424,-32.257,0.2984,-0.3699,-0.8798,-0.7748,-0.6322,0.001,-0.5566,0.6814,-0.4753,25.5,0.0018,3.151,0.444,1.57811,39.3,361.7,58.7,345.8,19.9,377.5,976,0.169,11
1127,-157.835,60.65,-33.976,0.3239,-0.411,-0.8521,-0.7799,-0.6259,0.0012,-0.5338,0.6642,-0.5233,25.5,0.0036,3.201,0.465,1.60968,40.1,362.5,59.6,346.8,20.6,378.1,977,1.137,11
1128,-157.165,59.793,-35.636,0.3514,-0.4522,-0.8197,-0.7852,-0.6193,0.0015,-0.5083,0.6431,-0.5727,25.5,0.0029,3.408,0.485,1.70957,40.9,363.4,60.5,347.9,21.2,378.9,977,0.848,11
1129,-156.442,58.856,-37.228,0.3766,-0.4917,-0.7851,-0.7906,-0.6123,0.0019,-0.4817,0.62,-0.6193,25.5,0.0018,3.348,0.507,1.68211,41.7,364.3,61.5,349.0,22.0,379.6,978,0.07,11
1130,-155.673,57.842,-38.751,0.3974,-0.5292,-0.7496,-0.7962,-0.605,0.0024,-0.4548,0.5959,-0.6618,25.5,0.002,3.196,0.528,1.60766,42.6,365.4,62.5,350.3,22.7,380.5,979,0.934,11
1131,-154.867,56.756,-40.203,0.4155,-0.565,-0.7128,-0.8019,-0.5975,0.0029,-0.4276,0.5704,-0.7013,25.5,0.0023,3.113,0.54,1.5722,43.5,366.5,63.5,351.6,23.5,381.4,979,1.052,11
1132,-154.023,55.602,-41.578,0.4348,-0.5984,-0.6729,-0.8076,-0.5897,0.0035,-0.3989,0.5419,-0.7397,25.5,0.0006,3.196,0.555,1.60272,44.5,367.7,64.6,353.0,24.3,382.4,980,0.233,11
1133,-153.144,54.382,-42.874,0.4496,-0.6308,-0.6324,-0.8135,-0.5816,0.0042,-0.3704,0.5126,-0.7746,25.5,0.0015,3.08,0.576,1.55755,45.4,368.9,65.7,354.4,25.1,383.4,981,0.541,11
1134,-152.24,53.098,-44.087,0.4606,-0.6633,-0.5898,-0.8194,-0.5732,0.0048,-0.3413,0.4811,-0.8075,25.5,0.0,3.097,0.589,1.57961,46.4,370.2,66.8,355.9,26.0,384.4,982,1.268,11
1135,-151.316,51.75,-45.212,0.4719,-0.6944,-0.5432,-0.8254,-0.5646,0.0055,-0.3105,0.4458,-0.8396,25.5,0.0004,3.254,0.602,1.65061,47.4,371.5,67.9,357.5,26.8,385.6,982,0.718,11
1136,-150.37,50.343,-46.243,0.481,-0.7227,-0.4964,-0.8314,-0.5556,0.0061,-0.2802,0.4098,-0.8681,25.5,0.0014,3.152,0.621,1.60108,48.4,372.9,69.1,359.1,27.7,386.7,983,0.047,11
1137,-149.41,48.882,-47.182,0.4861,-0.7495,-0.4494,-0.8375,-0.5463,0.0068,-0.2506,0.3731,-0.8933,25.5,0.0007,3.063,0.639,1.56924,49.4,374.4,70.2,360.8,28.6,387.9,984,0.582,11
1138,-148.443,47.369,-48.026,0.4879,-0.7756,-0.4005,-0.8437,-0.5368,0.0074,-0.2207,0.3343,-0.9163,25.5,0.0017,3.101,0.651,1.60168,50.4,375.9,71.4,362.5,29.4,389.2,985,1.149,11
1139,-147.472,45.806,-48.77,0.4901,-0.7987,-0.349,-0.8499,-0.5269,0.008,-0.1903,0.2926,-0.9371,25.5,0.0015,3.188,0.67,1.63126,51.4,377.4,72.5,364.3,30.3,390.5,985,0.837,11
1140,-146.499,44.2,-49.411,0.4898,-0.8197,-0.2969,-0.8562,-0.5166,0.0086,-0.1604,0.25,-0.9549,25.5,0.0015,3.152,0.693,1.62226,52.4,379.0,73.7,366.2,31.1,391.8,986,0.321,11
1141,-145.53,42.554,-49.947,0.4868,-0.8389,-0.2436,-0.8625,-0.5059,0.0092,-0.1309,0.2056,-0.9698,25.5,0.0023,3.172,0.712,1.63833,53.4,380.6,74.8,368.1,32.0,393.1,987,0.148,11
1142,-144.568,40.872,-50.375,0.483,-0.8552,-0.188,-0.8689,-0.4949,0.0097,-0.1013,0.1587,-0.9821,25.5,0.0017,3.255,0.73,1.67686,54.4,382.2,75.9,370.0,32.8,394.5,988,0.572,11
1143,-143.614,39.161,-50.695,0.4772,-0.8685,-0.1341,-0.8753,-0.4834,0.0102,-0.0737,0.1125,-0.9909,25.5,0.0008,3.125,0.755,1.61189,55.3,383.9,77.0,371.9,33.6,395.9,989,0.951,11
1144,-142.675,37.427,-50.908,0.4691,-0.8794,-0.0808,-0.8818,-0.4715,0.0106,-0.0475,0.0663,-0.9967,25.5,0.0001,3.062,0.777,1.58847,56.3,385.6,78.1,373.9,34.4,397.3,989,1.033,11
1145,-141.754,35.672,-51.015,0.4592,-0.8879,-0.0259,-0.8882,-0.4593,0.011,-0.0217,0.0179,-0.9996,25.5,0.0003,3.147,0.79,1.62968,57.2,387.3,79.2,375.9,35.1,398.7,990,0.699,11
1146,-140.853,33.904,-51.011,0.4482,-0.8935,0.029,-0.8946,-0.4468,0.0114,0.0028,-0.0311,-0.9995,25.5,0.0014,3.139,0.805,1.62497,58.0,389.0,80.2,378.0,35.8,400.1,991,0.411,11
1147,-139.976,32.128,-50.9,0.435,-0.8966,0.0829,-0.9008,-0.434,0.0117,0.0255,-0.0798,-0.9965,25.5,0.0018,3.084,0.815,1.60505,58.9,390.8,81.2,380.0,36.5,401.5,992,0.174,11
1148,-139.128,30.347,-50.682,0.4195,-0.8973,0.1372,-0.907,-0.4211,0.0119,0.047,-0.1294,-0.9905,25.5,0.001,3.117,0.82,1.6309,59.7,392.5,82.2,382.0,37.2,402.9,993,0.012,11
1149,-138.312,28.568,-50.355,0.4031,-0.8949,0.1916,-0.9129,-0.4081,0.0121,0.0674,-0.1798,-0.9814,25.5,0.0005,3.159,0.818,1.64232,60.5,394.2,83.1,384.1,37.8,404.3,994,0.144,11
1150,-137.529,26.797,-49.923,0.3858,-0.8898,0.2438,-0.9187,-0.3948,0.0121,0.0855,-0.2286,-0.9698,25.5,0.0002,3.056,0.831,1.59484,61.2,395.9,84.0,386.1,38.4,405.7,995,0.231,11
1151,-136.781,25.038,-49.389,0.3673,-0.8823,0.2944,-0.9244,-0.3811,0.012,0.1016,-0.2765,-0.9556,25.5,0.0002,3.008,0.85,1.57083,61.9,397.6,84.8,388.2,38.9,407.1,996,0.271,11
1152,-136.072,23.298,-48.753,0.348,-0.8714,0.3459,-0.9302,-0.3669,0.0117,0.1167,-0.3258,-0.9382,25.5,0.0001,3.118,0.879,1.6191,62.5,399.3,85.6,390.2,39.4,408.4,997,0.267,11
1153,-135.401,21.581,-48.019,0.3277,-0.859,0.3934,-0.936,-0.3519,0.0112,0.1288,-0.3719,-0.9193,25.5,0.0,2.938,0.922,1.53404,63.1,401.0,86.4,392.2,39.8,409.7,998,0.216,11
1154,-134.772,19.889,-47.195,0.3065,-0.846,0.4362,-0.9418,-0.3359,0.0104,0.1377,-0.414,-0.8998,25.5,0.0,2.707,0.976,1.42945,63.7,402.6,87.1,394.3,40.2,411.0,999,0.117,11
1155,-134.183,18.226,-46.286,0.2873,-0.8267,0.4837,-0.9478,-0.3188,0.0093,0.1466,-0.4611,-0.8751,25.5,0.0043,3.09,1.04,1.58107,64.2,404.2,87.8,396.3,40.6,412.2,1000,0.036,11
1156,-133.633,16.607,-45.279,0.2662,-0.8067,0.5276,-0.9537,-0.3006,0.0077,0.1524,-0.5052,-0.8494,25.5,0.0073,2.944,1.1,1.52053,64.6,405.8,88.4,398.3,40.9,413.3,1001,0.24,11
1157,-133.129,15.015,-44.207,0.2414,-0.7996,0.5499,-0.9594,-0.2819,0.0055,0.1506,-0.5289,-0.8352,25.5,0.0032,1.586,1.127,0.9847,65.1,407.3,88.9,400.3,41.2,414.4,1002,0.486,11
1158,-132.675,13.425,-43.11,0.2165,-0.8046,0.5529,-0.9647,-0.2632,0.0025,0.1435,-0.534,-0.8332,25.5,0.0043,0.514,1.127,0.73838,65.4,408.9,89.5,402.3,41.4,415.4,1003,0.754,11
1159,-132.272,11.84,-41.987,0.1913,-0.7916,0.5803,-0.9695,-0.245,-0.0014,0.1433,-0.5624,-0.8144,25.5,0.0077,1.952,1.101,1.13879,65.7,410.4,89.9,404.3,41.6,416.5,1005,0.706,11
1160,-131.91,10.275,-40.82,0.1739,-0.7865,0.5926,-0.9738,-0.2272,-0.0063,0.1396,-0.576,-0.8054,25.5,0.0056,0.958,1.086,0.63244,66.0,412.0,90.3,406.3,41.7,417.6,1006,0.483,11
1161,-131.578,8.711,-39.644,0.1614,-0.7913,0.5898,-0.9776,-0.21,-0.0119,0.1333,-0.5747,-0.8074,25.5,0.0014,0.386,1.059,0.39491,66.3,413.5,90.6,408.2,41.9,418.7,1007,0.31,11
1162,-131.268,7.128,-38.488,0.1516,-0.8059,0.5723,-0.981,-0.1932,-0.0182,0.1252,-0.5587,-0.8199,25.5,0.0034,1.253,1.046,0.71621,66.5,415.0,90.9,410.2,42.0,419.8,1008,0.205,11
1163,-130.975,5.504,-37.386,0.1434,-0.8333,0.534,-0.9839,-0.1768,-0.0249,0.1152,-0.5218,-0.8452,25.5,0.0071,2.627,1.029,1.38034,66.7,416.6,91.2,412.2,42.2,421.0,1009,0.187,11
1164,-130.703,3.829,-36.357,0.1293,-0.8515,0.5082,-0.9865,-0.1607,-0.032,0.1089,-0.4972,-0.8608,25.5,0.007,1.708,1.019,0.99832,66.9,418.2,91.5,414.2,42.3,422.3,1010,0.284,11
1165,-130.462,2.121,-35.377,0.1138,-0.8711,0.4778,-0.9886,-0.1454,-0.0391,0.1035,-0.4679,-0.8777,25.5,0.0045,1.963,0.974,1.13639,67.1,419.9,91.7,416.3,42.4,423.6,1011,0.536,11
1166,-130.25,0.37,-34.469,0.1014,-0.8945,0.4355,-0.9903,-0.1314,-0.046,0.0984,-0.4265,-0.8991,25.5,0.0029,2.686,0.9,1.44124,67.2,421.6,91.9,418.3,42.5,424.9,1012,0.993,11
1167,-130.057,-1.428,-33.652,0.0937,-0.9167,0.3885,-0.9915,-0.1192,-0.0525,0.0944,-0.3803,-0.92,25.5,0.004,2.915,0.795,1.51764,67.3,423.4,92.1,420.4,42.6,426.4,1012,0.992,11
1168,-129.881,-3.264,-32.919,0.0831,-0.9328,0.3506,-0.9923,-0.1094,-0.0582,0.0926,-0.3431,-0.9347,25.5,0.0008,2.294,0.651,1.2275,67.5,425.2,92.2,422.5,42.7,427.9,1013,0.279,11
1169,-129.726,-5.13,-32.26,0.0735,-0.9468,0.3134,-0.9928,-0.1018,-0.0631,0.0917,-0.3065,-0.9474,25.5,0.0036,2.22,0.519,1.18074,67.6,427.0,92.3,424.5,42.8,429.6,1014,0.752,11
1170,-129.588,-7.02,-31.673,0.0663,-0.9581,0.2787,-0.9931,-0.0962,-0.0674,0.0914,-0.2723,-0.9579,25.5,0.0075,2.05,0.405,1.074,67.7,428.9,92.4,426.5,42.9,431.3,1014,1.234,11
1171,-129.461,-8.93,-31.151,0.0614,-0.9668,0.2482,-0.9932,-0.0925,-0.0711,0.0917,-0.2421,-0.9659,25.5,0.0108,1.79,0.3,0.9268,67.7,430.8,92.5,428.5,43.0,433.1,1015,0.171,11
1172,-129.343,-10.855,-30.685,0.0574,-0.9734,0.2218,-0.9931,-0.0903,-0.0743,0.0923,-0.2161,-0.972,25.5,0.0144,1.531,0.223,0.79442,67.8,432.7,92.6,430.4,43.1,434.9,1015,1.815,11
1173,-129.244,-12.794,-30.275,0.0432,-0.9802,0.1931,-0.993,-0.0895,-0.077,0.0928,-0.1885,-0.9777,25.5,0.03,1.615,0.161,0.94529,67.9,434.6,92.7,432.3,43.2,436.8,1016,0.039,11
1174,-129.167,-14.744,-29.914,0.0358,-0.9845,0.1717,-0.9928,-0.0898,-0.0793,0.0936,-0.1678,-0.9814,25.5,0.0393,1.206,0.133,0.66534,67.9,436.5,92.7,434.3,43.2,438.7,1016,1.963,11
1175,-129.099,-16.701,-29.59,0.0332,-0.9874,0.155,-0.9925,-0.091,-0.0815,0.0946,-0.1513,-0.9839,25.501,0.0443,0.958,0.145,0.495,68.0,438.4,92.8,436.2,43.3,440.7,1017,0.375,11
1176,-129.033,-18.663,-29.297,0.0344,-0.9894,0.1414,-0.9922,-0.0927,-0.0834,0.0958,-0.1376,-0.9859,25.501,0.0458,0.796,0.147,0.39827,68.0,440.4,92.8,438.1,43.3,442.7,1017,1.617,11
1177,-128.96,-20.628,-29.028,0.0389,-0.9908,0.1299,-0.9918,-0.0947,-0.0854,0.097,-0.1256,-0.9873,25.501,0.0442,0.696,0.164,0.35875,68.1,442.3,92.9,439.9,43.4,444.7,1018,1.231,11
1178,-128.876,-22.595,-28.78,0.047,-0.9917,0.1198,-0.9915,-0.0967,-0.0874,0.0984,-0.1148,-0.9885,25.5,0.0388,0.628,0.163,0.37467,68.2,444.2,92.9,441.8,43.5,446.6,1018,0.758,11
1179,-128.772,-24.564,-28.551,0.0589,-0.9921,0.1109,-0.9911,-0.0985,-0.0897,0.0999,-0.1046,-0.9895,25.5,0.0294,0.593,0.169,0.4291,68.2,446.2,93.0,443.7,43.6,448.6,1019,2.48,11
1180,-128.639,-26.533,-28.34,0.0759,-0.9918,0.1026,-0.9907,-0.0999,-0.0922,0.1017,-0.0947,-0.9903,25.5,0.0144,0.578,0.166,0.54616,68.4,448.1,93.1,445.6,43.7,450.6,1019,0.496,11
1181,-128.483,-28.502,-28.152,0.0802,-0.993,0.0867,-0.9904,-0.1005,-0.0951,0.1031,-0.0782,-0.9916,25.5,0.0121,0.952,0.171,0.47713,68.5,450.1,93.2,447.6,43.8,452.5,1019,1.488,11
1182,-128.319,-30.473,-27.994,0.0848,-0.9937,0.0729,-0.9901,-0.1001,-0.0983,0.105,-0.0639,-0.9924,25.5,0.0083,0.828,0.186,0.42042,68.6,452.0,93.4,449.5,44.0,454.5,1020,1.99,11
1183,-128.144,-32.446,-27.86,0.0916,-0.9939,0.0615,-0.9899,-0.0986,-0.1018,0.1073,-0.0516,-0.9929,25.5,0.0011,0.718,0.218,0.38322,68.8,454.0,93.5,451.5,44.2,456.4,1020,0.074,11
1184,-127.954,-34.418,-27.748,0.1009,-0.9935,0.052,-0.9898,-0.0958,-0.1055,0.1098,-0.0408,-0.9931,25.5,0.0102,0.635,0.266,0.38394,69.0,455.9,93.7,453.5,44.4,458.2,1020,1.983,11
1185,-127.742,-36.39,-27.653,0.1132,-0.9926,0.0438,-0.9898,-0.0914,-0.1092,0.1124,-0.031,-0.9932,25.5,0.0261,0.581,0.329,0.42754,69.2,457.8,93.9,455.6,44.6,460.1,1021,1.593,11
1186,-127.502,-38.358,-27.573,0.1295,-0.9909,0.0369,-0.9899,-0.0854,-0.1129,0.1151,-0.0219,-0.9931,25.5,0.0477,0.544,0.404,0.51332,69.4,459.8,94.1,457.7,44.8,461.9,1021,0.397,11
1187,-127.224,-40.322,-27.506,0.1518,-0.9879,0.0311,-0.9902,-0.0774,-0.1165,0.1178,-0.0132,-0.9929,25.5,0.0775,0.522,0.503,0.67076,69.7,461.7,94.4,459.8,45.1,463.6,1021,2.379,11
1188,-126.893,-42.277,-27.449,0.1836,-0.9826,0.0265,-0.9905,-0.0674,-0.1198,0.1204,-0.0043,-0.9927,25.5,0.1188,0.531,0.604,0.94091,70.0,463.6,94.7,462.0,45.4,465.3,1022,1.162,11
1189,-126.501,-44.222,-27.41,0.2124,-0.9771,0.0127,-0.9909,-0.0551,-0.1229,0.1223,0.0137,-0.9924,25.5,0.1582,1.037,0.727,0.93558,70.4,465.6,95.1,464.2,45.8,466.9,1022,0.825,11
1190,-126.048,-46.154,-27.398,0.2443,-0.9697,-0.0007,-0.9913,-0.0407,-0.1254,0.1241,0.0319,-0.9918,25.5,0.2026,1.048,0.838,1.02168,70.8,467.5,95.6,466.5,46.2,468.4,1023,2.563,11
1191,-125.53,-48.069,-27.412,0.2787,-0.9603,-0.0126,-0.9916,-0.0241,-0.1271,0.1258,0.0495,-0.9908,25.5,0.2516,1.015,0.956,1.08559,71.4,469.3,96.1,468.8,46.7,469.9,1023,0.581,11
1192,-124.941,-49.964,-27.446,0.3147,-0.9489,-0.0218,-0.9918,-0.0055,-0.1278,0.1272,0.065,-0.9898,25.5,0.3041,0.894,1.067,1.12226,71.9,471.2,96.7,471.2,47.3,471.3,1023,1.41,11
1193,-124.28,-51.834,-27.498,0.3537,-0.9348,-0.0314,-0.9918,0.015,-0.1272,0.128,0.0817,-0.9884,25.5,0.3608,0.961,1.175,1.2293,72.6,473.1,97.3,473.5,47.9,472.6,1024,1.737,11
1194,-123.532,-53.671,-27.574,0.401,-0.9149,-0.0457,-0.9914,0.0372,-0.1252,0.1285,0.1056,-0.9861,25.5,0.4259,1.376,1.277,1.53826,73.3,474.9,98.1,475.9,48.7,473.8,1024,0.264,11
1195,-122.683,-55.461,-27.679,0.4552,-0.8884,-0.0601,-0.9907,0.0609,-0.1215,0.1286,0.1324,-0.9828,25.5,0.4978,1.547,1.375,1.79143,74.2,476.6,98.9,478.2,49.5,475.0,1024,2.239,11
1196,-121.72,-57.191,-27.813,0.5172,-0.8525,-0.0756,-0.9896,0.0854,-0.1159,0.1288,0.1648,-0.9779,25.5,0.5759,1.878,1.441,2.11719,75.1,478.3,99.8,480.6,50.5,476.1,1025,0.628,11
1197,-120.626,-58.838,-27.981,0.585,-0.8056,-0.0938,-0.9879,0.1107,-0.1084,0.1296,0.207,-0.9697,25.5,0.6569,2.464,1.515,2.43888,76.2,479.9,100.9,482.8,51.6,477.1,1025,1.367,11
1198,-119.403,-60.386,-28.182,0.6462,-0.7554,-0.1081,-0.9857,0.1365,-0.0988,0.1307,0.2492,-0.9596,25.5,0.7294,2.487,1.582,2.32375,77.4,481.5,102.1,485.0,52.9,478.0,1026,1.256,11
1199,-118.058,-61.826,-28.413,0.7095,-0.6937,-0.1243,-0.9828,0.1627,-0.087,0.1341,0.306,-0.9425,25.5,0.7993,3.405,1.655,2.59637,78.8,482.9,103.3,487.0,54.3,478.7,1026,0.738,11
1200,-116.595,-63.141,-28.672,0.7623,-0.6328,-0.1358,-0.9793,0.189,-0.0729,0.139,0.3649,-0.9206,25.5,0.8562,3.612,1.722,2.35194,80.2,484.2,104.7,489.0,55.8,479.3,1027,1.765,11
1201,-115.037,-64.337,-28.951,0.8083,-0.5704,-0.1459,-0.975,0.2151,-0.0565,0.1477,0.4364,-0.8876,25.5,0.9025,4.54,1.783,2.25821,81.8,485.3,106.2,490.8,57.4,479.9,1027,0.236,11
1202,-113.392,-65.406,-29.249,0.8477,-0.508,-0.1531,-0.9698,0.2408,-0.0377,0.1624,0.5231,-0.8366,25.5,0.9387,5.827,1.849,2.14165,83.4,486.4,107.7,492.4,59.2,480.3,1027,2.212,11
1203,-111.677,-66.355,-29.557,0.8806,-0.4468,-0.158,-0.9639,0.2659,-0.0166,0.1883,0.6358,-0.7486,25.5,0.965,8.333,1.909,2.01186,85.1,487.3,109.3,494.0,61.0,480.6,1028,0.274,11
1204,-109.901,-67.181,-29.874,0.9078,-0.387,-0.1613,-0.957,0.2901,0.0068,0.2348,0.788,-0.5691,25.5,0.9821,13.778,1.969,1.8998,86.9,488.1,110.9,495.4,62.9,480.8,1028,1.722,11
1205,-108.078,-67.894,-30.194,0.9295,-0.3319,-0.1608,-0.9491,0.3133,0.0325,0.3026,0.9356,-0.1818,25.5,0.9914,24.244,2.035,1.7103,88.7,488.8,112.5,496.6,64.8,480.9,1029,0.787,11
1206,-106.214,-68.497,-30.515,0.9474,-0.2762,-0.1615,-0.9402,0.3353,0.0603,0.3199,0.8083,0.4943,25.5,0.9931,40.254,2.094,1.68978,90.6,489.4,114.2,497.7,66.9,481.0,1029,1.201,11
1207,-104.32,-68.993,-30.832,0.9617,-0.2242,-0.1576,-0.9302,0.3559,0.0901,0.2378,0.3971,0.8864,25.5,0.9886,33.362,2.153,1.5615,92.4,489.8,115.9,498.7,69.0,481.0,1030,1.344,11
1208,-102.399,-69.387,-31.14,0.9729,-0.1726,-0.1536,-0.919,0.375,0.1218,0.1735,0.1073,0.979,25.5,0.9775,17.889,2.216,1.52916,94.3,490.2,117.5,499.5,71.1,480.9,1030,0.642,11
1209,-100.46,-69.68,-31.44,0.9813,-0.1233,-0.1477,-0.9066,0.3925,0.1553,0.1403,-0.0667,0.9879,25.5,0.961,10.175,2.279,1.45423,96.3,490.5,119.2,500.2,73.3,480.8,1031,1.913,11
1210,-98.506,-69.878,-31.722,0.9877,-0.076,-0.1364,-0.8928,0.4082,0.1903,0.1198,-0.1921,0.974,25.5,0.9388,7.329,2.336,1.41645,98.2,490.7,120.8,500.7,75.5,480.6,1031,0.073,11
1211,-96.541,-69.978,-31.984,0.9915,-0.0258,-0.1278,-0.8778,0.422,0.2267,0.116,-0.2718,0.9553,25.501,0.9102,4.697,2.39,1.47484,100.1,490.8,122.4,501.1,77.8,480.4,1031,2.056,11
1212,-94.572,-69.985,-32.227,0.9931,0.0173,-0.1157,-0.8613,0.4341,0.264,0.1146,-0.3402,0.9334,25.501,0.8784,4.117,2.438,1.2935,102.1,490.8,123.9,501.3,80.1,480.1,1032,0.463,11
1213,-92.6,-69.913,-32.441,0.9934,0.0554,-0.1001,-0.8434,0.4445,0.3018,0.114,-0.4009,0.909,25.501,0.8434,3.749,2.47,1.18888,104.0,490.7,125.5,501.5,82.4,479.8,1032,1.524,11
1214,-90.63,-69.762,-32.627,0.9916,0.0964,-0.0867,-0.824,0.4534,0.3397,0.1209,-0.4451,0.8873,25.501,0.8028,2.849,2.492,1.24657,106.0,490.5,126.9,501.5,84.8,479.4,1033,0.899,11
1215,-88.665,-69.532,-32.782,0.9883,0.1358,-0.0687,-0.8032,0.461,0.3774,0.127,-0.4865,0.8644,25.501,0.7571,2.733,2.505,1.25445,107.9,490.3,128.4,501.4,87.2,479.0,1033,1.09,11
1216,-86.708,-69.224,-32.898,0.9835,0.1743,-0.049,-0.7809,0.4674,0.4144,0.1345,-0.522,0.8422,25.501,0.7069,2.437,2.502,1.25643,109.8,490.0,129.8,501.2,89.7,478.6,1034,1.174,11
1217,-84.763,-68.839,-32.976,0.9764,0.214,-0.0294,-0.7572,0.4728,0.4506,0.1454,-0.5506,0.822,25.501,0.6514,2.101,2.499,1.29484,111.8,489.6,131.1,500.9,92.2,478.1,1034,0.814,11
1218,-82.835,-68.374,-33.012,0.967,0.2546,-0.0061,-0.7324,0.4771,0.4857,0.1568,-0.576,0.8023,25.501,0.5897,1.954,2.475,1.37872,113.7,489.1,132.4,500.6,94.6,477.6,1035,1.281,11
1219,-80.927,-67.828,-33.001,0.9553,0.2951,0.0165,-0.7067,0.4804,0.5195,0.1707,-0.5967,0.7841,25.501,0.5248,1.769,2.44,1.38125,115.5,488.6,133.7,500.1,97.1,477.0,1035,0.705,11
1220,-79.043,-67.206,-32.946,0.9426,0.3316,0.0385,-0.6802,0.4826,0.5517,0.1851,-0.6152,0.7663,25.501,0.4599,1.687,2.393,1.28412,117.4,488.0,134.9,499.5,99.6,476.3,1036,1.25,11
1221,-77.186,-66.515,-32.848,0.9298,0.363,0.0601,-0.6533,0.4837,0.5824,0.1987,-0.6328,0.7484,25.501,0.3969,1.636,2.34,1.16095,119.2,487.3,136.0,498.8,102.1,475.6,1036,0.736,11
1222,-75.354,-65.764,-32.712,0.9158,0.394,0.0783,-0.6264,0.4836,0.6114,0.2155,-0.6463,0.732,25.501,0.3352,1.552,2.266,1.11395,121.0,486.6,137.2,498.1,104.5,474.9,1037,1.096,11
1223,-73.551,-64.954,-32.536,0.9013,0.4218,0.0991,-0.5997,0.4824,0.6385,0.2303,-0.6601,0.715,25.501,0.2738,1.514,2.181,1.08645,122.8,485.8,138.3,497.2,107.0,474.2,1037,0.889,11
1224,-71.776,-64.093,-32.317,0.8874,0.4449,0.121,-0.5738,0.4799,0.6636,0.2428,-0.6742,0.6975,25.501,0.2154,1.473,2.072,1.00281,124.5,485.0,139.4,496.3,109.3,473.4,1038,0.823,11
1225,-70.031,-63.184,-32.064,0.8721,0.4707,0.134,-0.5491,0.4763,0.6867,0.263,-0.6815,0.6829,25.501,0.1627,1.488,1.949,0.94391,126.2,484.1,140.5,495.3,111.6,472.6,1038,1.162,11
1226,-68.313,-62.231,-31.781,0.8593,0.4884,0.1519,-0.5266,0.4714,0.7074,0.2757,-0.6925,0.6667,25.501,0.1148,1.337,1.774,0.81536,127.9,483.2,141.6,494.3,113.9,471.8,1039,0.426,11
1227,-66.618,-61.252,-31.458,0.8498,0.4974,0.1743,-0.5071,0.4654,0.7254,0.2804,-0.7068,0.6495,25.501,0.073,1.31,1.559,0.74906,129.5,482.2,142.8,493.1,116.0,471.0,1039,1.56,11
1228,-64.938,-60.262,-31.088,0.8433,0.4992,0.1991,-0.4919,0.4583,0.7402,0.2785,-0.7227,0.6325,25.501,0.0387,1.338,1.282,0.74207,131.2,481.2,144.0,492.0,118.0,470.2,1040,0.111,11
1229,-63.276,-59.259,-30.68,0.8334,0.5103,0.2123,-0.4817,0.4503,0.7518,0.2881,-0.7288,0.6212,25.501,0.0121,0.919,0.997,0.57435,132.8,480.3,145.4,490.8,119.9,469.5,1041,1.179,11
1230,-61.629,-58.24,-30.245,0.8265,0.5159,0.2252,-0.4768,0.4416,0.76,0.2926,-0.7355,0.611,25.501,0.0049,0.745,0.74,0.45218,134.4,479.3,146.9,489.6,121.7,468.7,1041,0.808,11
1231,-59.993,-57.214,-29.785,0.8213,0.5178,0.2394,-0.4771,0.4325,0.7651,0.2926,-0.7427,0.6023,25.501,0.0153,0.647,0.598,0.43993,136.0,478.3,148.4,488.4,123.2,467.9,1042,0.299,11
1232,-58.367,-56.186,-29.293,0.8169,0.5165,0.2568,-0.4824,0.4231,0.767,0.2876,-0.7506,0.5949,25.501,0.0214,0.683,0.628,0.5194,137.6,477.3,150.2,487.2,124.7,467.2,1043,1.217,11
1233,-56.75,-55.166,-28.761,0.8125,0.5113,0.28,-0.4926,0.4136,0.7657,0.2758,-0.7603,0.5881,25.501,0.0256,0.958,0.802,0.69797,139.1,476.3,152.0,486.0,126.0,466.4,1043,0.769,11
1234,-55.143,-54.161,-28.175,0.8075,0.5011,0.3113,-0.5075,0.404,0.7611,0.2557,-0.7728,0.5808,25.501,0.0296,1.419,1.049,0.9616,140.7,475.3,153.9,484.8,127.2,465.6,1044,0.024,11
1235,-53.547,-53.175,-27.529,0.8002,0.4932,0.3412,-0.5263,0.3946,0.7532,0.2369,-0.7827,0.5756,25.5,0.0305,1.253,1.287,0.91762,142.3,474.4,155.9,483.6,128.3,464.9,1045,0.742,11
1236,-51.97,-52.202,-26.818,0.7882,0.4873,0.3757,-0.5475,0.3852,0.7429,0.2175,-0.7918,0.5708,25.5,0.0353,1.258,1.454,1.06856,143.8,473.4,157.9,482.5,129.4,464.2,1045,1.243,11
1237,-50.421,-51.238,-26.038,0.773,0.4851,0.4089,-0.5692,0.3759,0.7313,0.2012,-0.7987,0.5671,25.499,0.0414,1.036,1.507,1.05636,145.3,472.5,160.0,481.3,130.3,463.5,1046,0.535,11
1238,-48.902,-50.276,-25.199,0.7585,0.4833,0.4371,-0.5897,0.3669,0.7194,0.1875,-0.8043,0.5639,25.499,0.0445,0.868,1.453,0.9168,146.8,471.6,161.9,480.2,131.3,462.8,1047,0.222,11
1239,-47.41,-49.324,-24.301,0.7442,0.4768,0.4677,-0.6082,0.3583,0.7083,0.1703,-0.8126,0.5574,25.498,0.0495,1.156,1.331,0.99337,148.2,470.7,163.8,479.1,132.3,462.0,1048,1.09,11
1240,-45.95,-48.38,-23.345,0.728,0.4747,0.4946,-0.6247,0.3503,0.6979,0.1583,-0.8184,0.5525,25.497,0.0567,0.814,1.208,0.90871,149.6,469.8,165.6,478.0,133.3,461.3,1048,0.895,11
1241,-44.52,-47.437,-22.343,0.7132,0.4767,0.5139,-0.6392,0.3428,0.6884,0.1523,-0.821,0.5502,25.496,0.0613,0.397,1.082,0.70483,151.0,468.9,167.4,477.0,134.3,460.6,1049,0.148,11
1242,-43.117,-46.487,-21.311,0.7016,0.4811,0.5257,-0.652,0.3359,0.6798,0.1508,-0.8212,0.5503,25.495,0.0615,0.087,0.968,0.49433,152.4,467.9,169.1,475.9,135.4,459.8,1050,1.42,11
1243,-41.741,-45.534,-20.248,0.6864,0.4787,0.5475,-0.6629,0.3296,0.6722,0.1417,-0.8264,0.545,25.494,0.0708,0.673,0.843,0.77117,153.7,467.0,170.7,474.8,136.5,459.1,1050,0.562,11
1244,-40.39,-44.586,-19.145,0.6754,0.4769,0.5625,-0.6723,0.3241,0.6656,0.1355,-0.83,0.5411,25.492,0.0749,0.468,0.73,0.53923,155.0,466.1,172.2,473.8,137.5,458.3,1051,0.983,11
1245,-39.056,-43.639,-18.019,0.6682,0.4768,0.5711,-0.6802,0.3193,0.6598,0.1326,-0.8317,0.5392,25.491,0.0745,0.221,0.625,0.32373,156.3,465.2,173.7,472.8,138.6,457.5,1051,1.003,11
1246,-37.736,-42.692,-16.88,0.6635,0.478,0.5756,-0.6867,0.3153,0.655,0.1319,-0.832,0.5388,25.49,0.0721,0.049,0.517,0.19104,157.6,464.3,175.1,471.8,139.8,456.7,1052,0.782,11
1247,-36.422,-41.741,-15.736,0.6607,0.4802,0.577,-0.6919,0.3121,0.651,0.1329,-0.8313,0.5397,25.488,0.0684,0.087,0.418,0.11043,158.9,463.4,176.5,470.8,140.9,455.8,1052,1.205,11
1248,-35.112,-40.785,-14.592,0.6595,0.4837,0.5755,-0.6961,0.3096,0.6478,0.1354,-0.8295,0.5419,25.487,0.0635,0.217,0.335,0.11524,160.2,462.5,177.9,469.8,142.1,454.9,1053,0.766,11
1249,-33.803,-39.82,-13.453,0.6597,0.4883,0.5713,-0.6991,0.3079,0.6453,0.1394,-0.8265,0.5454,25.486,0.0578,0.35,0.244,0.17988,161.4,461.5,179.3,468.9,143.3,454.0,1053,1.223,11
1250,-32.492,-38.846,-12.326,0.6614,0.4945,0.564,-0.7012,0.3071,0.6435,0.1452,-0.8221,0.5505,25.484,0.051,0.509,0.165,0.28084,162.7,460.6,180.6,467.9,144.5,453.1,1054,0.877,11
1251,-31.176,-37.856,-11.216,0.6648,0.5026,0.5527,-0.7024,0.307,0.6422,0.1532,-0.8158,0.5576,25.483,0.0423,0.711,0.102,0.41302,164.0,459.6,181.9,467.0,145.8,452.1,1054,1.11,11
1252,-29.855,-36.851,-10.132,0.6655,0.51,0.545,-0.7028,0.3077,0.6414,0.1595,-0.8105,0.5636,25.482,0.0388,0.584,0.065,0.30929,165.3,458.6,183.2,466.0,147.1,451.1,1055,1.066,11
1253,-28.537,-35.834,-9.05,0.6626,0.5143,0.5445,-0.7024,0.3093,0.6411,0.1614,-0.8079,0.5667,25.48,0.0427,0.256,0.096,0.1504,166.6,457.7,184.5,465.1,148.4,450.1,1055,0.922,11
1254,-27.224,-34.809,-7.972,0.661,0.5189,0.542,-0.7012,0.3118,0.6412,0.1639,-0.8048,0.5705,25.479,0.0458,0.315,0.159,0.15805,167.9,456.7,185.8,464.2,149.7,449.0,1056,1.276,11
1255,-25.912,-33.774,-6.9,0.6608,0.5238,0.5376,-0.6991,0.3151,0.6418,0.1669,-0.8009,0.5751,25.478,0.0481,0.386,0.227,0.19019,169.2,455.6,187.0,463.3,151.0,447.9,1056,0.718,11
1256,-24.6,-32.73,-5.84,0.6618,0.5293,0.531,-0.6962,0.3195,0.6429,0.1708,-0.7961,0.5806,25.477,0.0497,0.474,0.308,0.24974,170.5,454.6,188.2,462.4,152.4,446.7,1057,1.454,11
1257,-23.285,-31.673,-4.794,0.6642,0.5355,0.5217,-0.6923,0.3248,0.6444,0.1759,-0.7901,0.5872,25.476,0.0503,0.589,0.387,0.32992,171.8,453.6,189.4,461.5,153.8,445.6,1057,0.542,11
1258,-21.962,-30.603,-3.771,0.6682,0.5428,0.5088,-0.6873,0.3312,0.6465,0.1826,-0.7827,0.5951,25.475,0.0495,0.729,0.481,0.44313,173.1,452.5,190.6,460.6,155.2,444.3,1058,1.55,11
1259,-20.631,-29.517,-2.777,0.6743,0.5516,0.491,-0.6813,0.3386,0.649,0.1919,-0.7729,0.6048,25.474,0.046,0.953,0.564,0.59962,174.4,451.5,191.8,459.7,156.7,443.1,1058,0.439,11
1260,-19.284,-28.412,-1.826,0.6832,0.5626,0.4655,-0.6742,0.3471,0.6519,0.2053,-0.7598,0.6169,25.473,0.0381,1.278,0.656,0.84192,175.7,450.4,192.9,458.9,158.2,441.7,1059,1.527,11
1261,-17.923,-27.284,-0.928,0.6886,0.5756,0.441,-0.6658,0.3568,0.6553,0.22,-0.7453,0.6294,25.472,0.0359,1.383,0.761,0.81649,177.1,449.3,194.0,458.0,159.8,440.4,1059,0.456,11
1262,-16.551,-26.128,-0.079,0.6942,0.5887,0.4141,-0.6563,0.3676,0.6589,0.2358,-0.7296,0.6419,25.472,0.0337,1.463,0.85,0.8788,178.4,448.1,195.2,457.2,161.4,438.9,1060,1.38,11
1263,-15.167,-24.948,0.714,0.7007,0.6008,0.3849,-0.6456,0.3794,0.6628,0.2523,-0.7132,0.654,25.471,0.0307,1.502,0.94,0.93179,179.8,447.0,196.3,456.3,163.1,437.4,1060,0.605,11
1264,-13.77,-23.745,1.448,0.7077,0.6105,0.3556,-0.6339,0.3921,0.6666,0.2676,-0.6975,0.6648,25.471,0.0278,1.4,1.013,0.91389,181.2,445.8,197.4,455.4,164.8,435.9,1061,1.11,11
1265,-12.358,-22.527,2.127,0.715,0.6168,0.3292,-0.6213,0.4058,0.6703,0.2799,-0.6841,0.6736,25.47,0.0267,1.158,1.087,0.81147,182.6,444.6,198.4,454.6,166.5,434.3,1061,0.876,11
1266,-10.934,-21.292,2.747,0.7204,0.6276,0.2952,-0.6077,0.4204,0.6738,0.2988,-0.665,0.6845,25.47,0.025,1.661,1.161,1.04178,184.0,443.3,199.5,453.7,168.3,432.7,1062,0.726,11
1267,-9.499,-20.037,3.298,0.7263,0.6367,0.259,-0.5934,0.4357,0.6768,0.3182,-0.6454,0.6944,25.47,0.0217,1.679,1.212,1.09119,185.5,442.1,200.6,452.9,170.1,431.0,1062,1.259,11
1268,-8.051,-18.766,3.774,0.7326,0.6437,0.2211,-0.5784,0.4517,0.6793,0.3374,-0.6256,0.7034,25.47,0.0172,1.662,1.265,1.12762,186.9,440.8,201.6,452.0,171.9,429.3,1063,0.242,11
1269,-6.59,-17.484,4.175,0.7391,0.6484,0.1824,-0.5631,0.4681,0.681,0.3562,-0.6061,0.7111,25.47,0.0115,1.614,1.289,1.14117,188.4,439.5,202.7,451.2,173.8,427.6,1064,1.653,11
1270,-5.12,-16.191,4.496,0.743,0.6543,0.1409,-0.5475,0.4849,0.682,0.378,-0.5838,0.7185,25.47,0.0066,1.837,1.315,1.2157,189.9,438.2,203.8,450.3,175.7,425.9,1064,0.334,11
1271,-3.642,-14.888,4.732,0.747,0.6579,0.0958,-0.532,0.5019,0.682,0.4006,-0.5604,0.7249,25.471,0.0019,1.9,1.318,1.31156,191.3,436.9,204.8,449.5,177.6,424.1,1065,1.007,11
1272,-2.155,-13.582,4.875,0.7509,0.6587,0.0482,-0.517,0.5189,0.6808,0.4235,-0.5362,0.7302,25.471,0.0136,1.933,1.301,1.37931,192.8,435.6,205.9,448.6,179.5,422.4,1065,0.979,11
1273,-0.662,-12.275,4.922,0.7533,0.6577,-0.0003,-0.5026,0.5357,0.6785,0.4465,-0.5111,0.7344,25.472,0.0265,1.965,1.275,1.40242,194.3,434.3,207.1,447.7,181.4,420.6,1066,0.307,11
1274,0.833,-10.972,4.872,0.7534,0.6556,-0.0504,-0.4893,0.5523,0.675,0.4707,-0.4843,0.7375,25.472,0.0406,2.077,1.235,1.44812,195.8,433.0,208.2,446.9,183.2,418.9,1067,1.555,12
1275,2.327,-9.674,4.724,0.7517,0.6521,-0.0984,-0.4771,0.5684,0.6703,0.4937,-0.4576,0.7394,25.473,0.0539,2.022,1.188,1.39073,197.3,431.7,209.4,446.0,185.1,417.1,1067,0.432,12
1276,3.816,-8.384,4.486,0.7496,0.6468,-0.1403,-0.4661,0.5839,0.6647,0.513,-0.4338,0.7407,25.474,0.065,1.757,1.135,1.22091,198.8,430.4,210.6,445.1,186.8,415.4,1068,0.8,12
1277,5.302,-7.109,4.166,0.7472,0.6393,-0.1816,-0.4566,0.5985,0.6582,0.5311,-0.4102,0.7414,25.474,0.0781,1.705,1.065,1.21416,200.3,429.1,211.8,444.2,188.6,413.8,1068,1.185,12
1278,6.779,-5.845,3.768,0.7408,0.6351,-0.2188,-0.4484,0.6123,0.6511,0.5495,-0.3857,0.7411,25.476,0.0858,1.756,1.006,1.09671,201.8,427.9,213.1,443.3,190.3,412.1,1069,0.039,12
1279,8.241,-4.586,3.304,0.7325,0.6341,-0.2478,-0.4416,0.6251,0.6436,0.5652,-0.3634,0.7406,25.477,0.0866,1.563,0.935,0.87161,203.3,426.6,214.4,442.4,192.0,410.5,1070,1.244,12
1280,9.685,-3.328,2.79,0.724,0.6333,-0.2732,-0.436,0.6367,0.636,0.5789,-0.3426,0.7399,25.478,0.0862,1.428,0.857,0.77419,204.7,425.3,215.6,441.4,193.6,409.0,1070,0.74,12
1281,11.116,-2.079,2.21,0.7172,0.6254,-0.3073,-0.4318,0.6471,0.6284,0.5947,-0.3196,0.7377,25.48,0.0981,1.604,0.776,1.02894,206.1,424.1,216.9,440.4,195.1,407.4,1071,0.448,12
1282,12.534,-0.842,1.58,0.7118,0.6219,-0.3263,-0.4287,0.6562,0.621,0.6033,-0.3037,0.7374,25.482,0.0997,1.036,0.695,0.5793,207.5,422.8,218.3,439.4,196.6,406.0,1071,1.537,12
1283,13.942,0.392,0.921,0.7075,0.6216,-0.3362,-0.427,0.6638,0.6141,0.6077,-0.2923,0.7384,25.483,0.0959,0.702,0.596,0.31169,208.9,421.6,219.6,438.4,198.1,404.5,1072,0.386,12
1284,15.343,1.627,0.249,0.7039,0.624,-0.3394,-0.4264,0.6699,0.6078,0.609,-0.2841,0.7405,25.485,0.0884,0.491,0.504,0.15533,210.3,420.4,221.0,437.3,199.5,403.1,1073,0.731,12
1285,16.737,2.87,-0.423,0.7007,0.6289,-0.3369,-0.4271,0.6744,0.6022,0.6078,-0.2789,0.7435,25.487,0.078,0.351,0.414,0.18369,211.7,419.1,222.4,436.2,200.9,401.8,1073,1.26,12
1286,18.124,4.126,-1.084,0.6976,0.6368,-0.3284,-0.4291,0.6772,0.5977,0.6042,-0.2766,0.7473,25.489,0.0644,0.328,0.325,0.3467,213.1,417.9,223.8,435.0,202.2,400.4,1074,0.221,12
1287,19.506,5.401,-1.722,0.6944,0.6483,-0.3123,-0.4323,0.6782,0.5943,0.5977,-0.2779,0.752,25.49,0.0461,0.466,0.274,0.57864,214.5,416.6,225.2,433.8,203.6,399.1,1075,0.747,12
1288,20.877,6.699,-2.329,0.6872,0.6591,-0.3057,-0.4367,0.6773,0.5921,0.5976,-0.2736,0.7537,25.492,0.0347,0.265,0.287,0.42058,215.9,415.3,226.7,432.5,204.8,397.9,1075,1.236,12
1289,22.234,8.014,-2.936,0.68,0.6665,-0.3055,-0.4422,0.6745,0.5912,0.6004,-0.2671,0.7538,25.494,0.0318,0.406,0.357,0.29812,217.2,414.0,228.2,431.1,206.0,396.6,1076,0.375,12
1290,23.578,9.344,-3.539,0.6753,0.6732,-0.3012,-0.4488,0.6699,0.5914,0.6002,-0.2644,0.7549,25.495,0.0302,0.167,0.461,0.26692,218.5,412.7,229.7,429.7,207.2,395.4,1077,0.409,12
1291,24.916,10.686,-4.128,0.673,0.6794,-0.2924,-0.4563,0.6638,0.5926,0.5969,-0.2655,0.7571,25.496,0.0294,0.236,0.558,0.31777,219.9,411.3,231.2,428.2,208.4,394.2,1078,1.093,12
1292,26.251,12.04,-4.696,0.6732,0.685,-0.2785,-0.4647,0.6562,0.5945,0.5903,-0.2709,0.7604,25.497,0.0289,0.524,0.658,0.4327,221.2,410.0,232.7,426.6,209.5,393.1,1078,0.894,12
1293,27.589,13.405,-5.23,0.6759,0.6902,-0.2582,-0.4739,0.6473,0.597,0.5794,-0.2813,0.7649,25.498,0.0277,0.901,0.747,0.60994,222.5,408.6,234.2,425.1,210.6,391.9,1079,0.285,12
1294,28.936,14.78,-5.715,0.6818,0.6947,-0.2291,-0.4838,0.6372,0.6,0.563,-0.2983,0.7708,25.499,0.0247,1.395,0.828,0.86726,223.8,407.3,235.8,423.5,211.7,390.8,1080,0.252,12
1295,30.29,16.166,-6.143,0.6812,0.7031,-0.2039,-0.4942,0.6261,0.6032,0.5518,-0.3102,0.7741,25.5,0.0194,0.955,0.891,0.76714,225.2,405.9,237.4,421.8,212.8,389.7,1081,0.72,12
1296,31.641,17.569,-6.522,0.6806,0.7109,-0.1774,-0.505,0.6142,0.6064,0.5401,-0.3232,0.7771,25.5,0.0146,1.017,0.939,0.79782,226.5,404.5,239.0,420.1,213.9,388.6,1082,1.128,12
1297,32.994,18.985,-6.844,0.6835,0.7151,-0.1464,-0.5158,0.6019,0.6096,0.5241,-0.3411,0.7803,25.5,0.0114,1.388,0.956,0.9072,227.9,403.1,240.6,418.4,214.9,387.5,1082,0.856,12
1298,34.356,20.404,-7.101,0.69,0.7149,-0.113,-0.5265,0.5896,0.6125,0.5045,-0.3631,0.7833,25.501,0.011,1.697,0.949,0.98261,229.2,401.7,242.2,416.7,216.0,386.4,1083,0.501,12
1299,35.734,21.819,-7.292,0.6997,0.7099,-0.0798,-0.5368,0.5777,0.6149,0.4827,-0.3875,0.7854,25.501,0.0146,1.879,0.912,1.0091,230.6,400.3,243.8,415.0,217.1,385.3,1084,0.192,12
1300,37.127,23.227,-7.418,0.7039,0.7088,-0.0463,-0.5466,0.5664,0.6168,0.4634,-0.4089,0.7862,25.501,0.0118,1.652,0.864,0.97534,232.0,398.9,245.4,413.3,218.3,384.2,1085,0.075,12
1301,38.528,24.631,-7.476,0.7078,0.7063,-0.0125,-0.5559,0.5559,0.6181,0.4435,-0.4305,0.7861,25.501,0.0086,1.683,0.807,0.98506,233.4,397.5,247.0,411.7,219.5,383.0,1086,0.299,12
1302,39.936,26.029,-7.467,0.7115,0.7023,0.0211,-0.565,0.5459,0.6187,0.423,-0.4522,0.7853,25.502,0.0056,1.711,0.775,0.98285,234.8,396.1,248.7,410.0,220.6,381.9,1087,0.482,12
1303,41.352,27.418,-7.392,0.715,0.697,0.0542,-0.5741,0.5365,0.6185,0.4021,-0.4734,0.7837,25.502,0.003,1.708,0.75,0.97323,236.2,394.7,250.3,408.4,221.8,380.7,1088,0.625,12
1304,42.774,28.795,-7.253,0.7175,0.6912,0.0864,-0.5833,0.5275,0.6177,0.3813,-0.4936,0.7816,25.502,0.0005,1.666,0.739,0.94742,237.6,393.3,251.9,406.9,223.0,379.6,1089,0.726,12
1305,44.199,30.161,-7.049,0.7188,0.685,0.1187,-0.5928,0.5188,0.616,0.3603,-0.5131,0.779,25.502,0.0024,1.649,0.744,0.95038,239.0,392.0,253.6,405.3,224.2,378.4,1090,0.786,12
1306,45.627,31.513,-6.782,0.7198,0.6776,0.1507,-0.6024,0.5105,0.6136,0.3388,-0.5324,0.7757,25.501,0.0048,1.666,0.74,0.94884,240.5,390.6,255.2,403.7,225.4,377.2,1091,0.804,12
1307,47.056,32.85,-6.452,0.7204,0.6693,0.1818,-0.6122,0.5025,0.6105,0.3172,-0.5511,0.7718,25.501,0.0063,1.652,0.746,0.92957,241.9,389.3,256.9,402.2,226.6,376.1,1092,0.779,12
1308,48.486,34.169,-6.061,0.7206,0.6602,0.2117,-0.6222,0.4946,0.6068,0.2959,-0.5691,0.7672,25.501,0.0066,1.619,0.76,0.90243,243.3,387.9,258.6,400.7,227.8,375.0,1093,0.71,12
1309,49.914,35.472,-5.613,0.7185,0.653,0.2395,-0.6322,0.4869,0.6027,0.2769,-0.5845,0.7627,25.501,0.0081,1.425,0.76,0.83133,244.8,386.6,260.3,399.2,229.0,373.9,1094,0.596,12
1310,51.338,36.759,-5.11,0.7165,0.6443,0.2675,-0.6421,0.4795,0.5981,0.2571,-0.6003,0.7573,25.501,0.0089,1.484,0.756,0.8486,246.2,385.3,262.0,397.7,230.2,372.7,1095,0.435,12
1311,52.759,38.028,-4.552,0.7154,0.6336,0.2944,-0.6516,0.4726,0.5934,0.2368,-0.6164,0.751,25.501,0.008,1.528,0.725,0.8365,247.6,384.1,263.6,396.3,231.4,371.6,1096,0.225,12
1312,54.178,39.274,-3.943,0.7153,0.6219,0.3188,-0.6604,0.4664,0.5885,0.2173,-0.6315,0.7443,25.501,0.0053,1.464,0.678,0.78141,249.1,382.8,265.3,394.9,232.6,370.5,1097,0.039,12
1313,55.598,40.496,-3.289,0.7159,0.61,0.3397,-0.6681,0.4613,0.5838,0.1994,-0.6449,0.7378,25.501,0.0014,1.334,0.594,0.69466,250.5,381.6,266.9,393.6,233.8,369.4,1098,0.353,12
1314,57.019,41.694,-2.596,0.7164,0.597,0.3612,-0.6746,0.4574,0.5794,0.1807,-0.6587,0.7304,25.5,0.0009,1.397,0.502,0.72563,251.9,380.4,268.5,392.3,235.1,368.3,1099,0.727,12
1315,58.44,42.866,-1.856,0.7155,0.5844,0.3828,-0.6797,0.4549,0.5754,0.1621,-0.6719,0.7227,25.5,0.0002,1.379,0.398,0.72245,253.4,379.2,270.1,391.0,236.4,367.1,1101,0.329,12
1316,59.859,44.016,-1.08,0.7143,0.5748,0.3991,-0.6836,0.4535,0.5719,0.1478,-0.6814,0.7169,25.5,0.0006,1.038,0.311,0.54724,254.8,378.0,271.6,389.8,237.7,366.0,1102,0.242,13
1317,61.275,45.149,-0.275,0.7131,0.5678,0.4112,-0.6865,0.453,0.5687,0.1367,-0.6879,0.7129,25.5,0.0015,0.772,0.249,0.40509,256.3,376.9,273.1,388.7,239.1,364.8,1104,0.458,13
1318,62.69,46.271,0.55,0.712,0.5629,0.4198,-0.6886,0.4533,0.566,0.1283,-0.692,0.7104,25.5,0.0025,0.554,0.197,0.28749,257.7,375.7,274.6,387.6,240.5,363.7,1105,0.318,13
1319,64.102,47.385,1.39,0.711,0.5599,0.4255,-0.69,0.4542,0.5636,0.1223,-0.6943,0.7092,25.5,0.0035,0.375,0.167,0.18816,259.2,374.6,276.1,386.5,241.9,362.5,1107,0.115,13
1320,65.512,48.494,2.238,0.7101,0.5585,0.4288,-0.6909,0.4554,0.5615,0.1183,-0.695,0.7092,25.5,0.0045,0.233,0.148,0.1067,260.6,373.4,277.6,385.4,243.3,361.3,1109,0.125,13
1321,66.92,49.602,3.09,0.7093,0.5587,0.4299,-0.6915,0.4567,0.5597,0.1163,-0.6943,0.7103,25.5,0.0053,0.137,0.132,0.03969,262.0,372.3,279.0,384.3,244.8,360.2,1111,0.083,13
1322,68.326,50.712,3.943,0.7083,0.5593,0.4306,-0.6919,0.4581,0.5581,0.115,-0.6933,0.7115,25.5,0.0065,0.116,0.124,0.03923,263.5,371.2,280.5,383.2,246.2,359.0,1113,0.335,13
1323,69.73,51.816,4.808,0.7059,0.5541,0.4412,-0.6921,0.4592,0.5569,0.106,-0.6985,0.7077,25.5,0.0116,0.634,0.094,0.34789,264.9,370.0,281.9,382.1,247.6,357.8,1116,0.157,13
1324,71.128,52.912,5.692,0.704,0.5503,0.449,-0.6924,0.4601,0.5558,0.0993,-0.7022,0.705,25.5,0.0153,0.465,0.083,0.25641,266.4,368.9,283.4,381.0,249.1,356.6,1118,0.229,13
1325,72.524,54.001,6.589,0.7027,0.5475,0.4543,-0.6927,0.4608,0.5549,0.0945,-0.7047,0.7031,25.5,0.0176,0.329,0.068,0.17704,267.8,367.8,284.8,379.9,250.5,355.5,1120,0.473,13
1326,73.918,55.086,7.494,0.7019,0.5458,0.4576,-0.6929,0.4613,0.5541,0.0913,-0.7062,0.7021,25.5,0.019,0.21,0.055,0.10962,269.2,366.7,286.3,378.8,251.9,354.3,1123,0.419,13
1327,75.311,56.168,8.404,0.7016,0.545,0.4591,-0.6932,0.4617,0.5535,0.0897,-0.7067,0.7018,25.5,0.0194,0.098,0.045,0.04982,270.7,365.6,287.7,377.7,253.4,353.2,1125,0.484,13
1328,76.704,57.25,9.315,0.7018,0.545,0.4588,-0.6935,0.4619,0.5529,0.0895,-0.7063,0.7022,25.5,0.0187,0.034,0.04,0.01041,272.1,364.5,289.1,376.6,254.8,352.1,1126,0.474,13
1329,78.097,58.332,10.224,0.7023,0.5458,0.4569,-0.6939,0.4619,0.5524,0.0905,-0.7051,0.7033,25.5,0.0172,0.109,0.037,0.0612,273.5,363.3,290.6,375.5,256.2,350.9,1128,0.197,13
1330,79.492,59.417,11.128,0.7033,0.5475,0.4535,-0.6943,0.4618,0.5519,0.0928,-0.7031,0.705,25.5,0.0148,0.2,0.037,0.11346,275.0,362.2,292.0,374.4,257.7,349.8,1130,0.292,13
1331,80.889,60.506,12.023,0.7047,0.5499,0.4484,-0.6949,0.4616,0.5514,0.0962,-0.7002,0.7074,25.5,0.0114,0.291,0.046,0.16766,276.4,361.1,293.5,373.3,259.1,348.7,1131,0.495,13
1332,82.289,61.6,12.906,0.7064,0.553,0.4417,-0.6955,0.4613,0.5509,0.1009,-0.6964,0.7106,25.5,0.0071,0.392,0.048,0.2187,277.9,360.0,295.0,372.2,260.5,347.5,1133,0.04,13
1333,83.693,62.701,13.775,0.7086,0.557,0.4333,-0.6963,0.4609,0.5502,0.1068,-0.6915,0.7144,25.5,0.0017,0.49,0.065,0.276,279.3,358.8,296.4,371.1,262.0,346.4,1135,0.5,13
1334,85.1,63.81,14.626,0.7096,0.5608,0.4266,-0.6972,0.4605,0.5495,0.1117,-0.6873,0.7177,25.5,0.0021,0.415,0.069,0.22437,280.8,357.7,297.9,369.9,263.4,345.2,1136,0.228,13
1335,86.508,64.925,15.47,0.7094,0.5632,0.4238,-0.6982,0.46,0.5486,0.1141,-0.685,0.7195,25.5,0.0037,0.217,0.082,0.10666,282.3,356.5,299.4,368.8,264.8,344.1,1138,0.337,13
1336,87.915,66.045,16.308,0.7094,0.5652,0.421,-0.699,0.4596,0.5479,0.1162,-0.683,0.7211,25.5,0.0054,0.19,0.065,0.09933,283.7,355.4,300.9,367.6,266.3,342.9,1139,0.352,13
1337,89.324,67.169,17.141,0.7097,0.5668,0.4183,-0.6996,0.4594,0.5474,0.1181,-0.6811,0.7226,25.5,0.0071,0.176,0.046,0.09099,285.2,354.2,302.4,366.4,267.7,341.7,1141,0.331,14
1338,90.734,68.296,17.969,0.7103,0.5682,0.4155,-0.6997,0.4594,0.5472,0.12,-0.6794,0.7239,25.5,0.0086,0.164,0.013,0.09198,286.6,353.0,303.8,365.3,269.2,340.5,1142,0.291,14
1339,92.144,69.424,18.791,0.7111,0.5693,0.4126,-0.6991,0.4599,0.5474,0.1219,-0.6778,0.7251,25.5,0.0095,0.158,0.046,0.09247,288.1,351.8,305.3,364.1,270.7,339.3,1144,0.596,14
1340,93.557,70.556,19.607,0.7122,0.5702,0.4094,-0.6977,0.4609,0.5484,0.1239,-0.6763,0.7262,25.5,0.0096,0.156,0.114,0.10104,289.6,350.7,306.7,363.0,272.2,338.1,1145,0.134,14
1341,94.972,71.688,20.416,0.7137,0.5709,0.4059,-0.6954,0.4626,0.55,0.1263,-0.6748,0.7271,25.5,0.009,0.17,0.188,0.11175,291.1,349.5,308.1,361.9,273.7,336.9,1146,0.295,14
1342,96.39,72.821,21.217,0.7156,0.5714,0.4018,-0.6918,0.4649,0.5526,0.129,-0.6734,0.728,25.5,0.0074,0.182,0.287,0.1313,292.5,348.3,309.5,360.8,275.3,335.6,1147,0.623,14
1343,97.812,73.955,22.01,0.718,0.5718,0.3969,-0.6868,0.468,0.5561,0.1322,-0.6719,0.7288,25.5,0.0048,0.208,0.392,0.158,294.0,347.1,310.8,359.7,276.9,334.3,1148,0.868,14
1344,99.24,75.091,22.792,0.7212,0.5719,0.3908,-0.6802,0.4721,0.5608,0.1363,-0.6703,0.7295,25.5,0.0014,0.255,0.52,0.19883,295.5,345.9,312.1,358.6,278.6,333.0,1150,0.915,14
1345,100.676,76.225,23.56,0.7257,0.5717,0.3827,-0.6718,0.4771,0.5667,0.1414,-0.6684,0.7303,25.5,0.0021,0.315,0.654,0.26765,297.0,344.8,313.4,357.6,280.3,331.7,1151,0.956,14
1346,102.125,77.362,24.31,0.7324,0.5709,0.371,-0.6613,0.4831,0.5739,0.1484,-0.6656,0.7314,25.5,0.0044,0.437,0.806,0.38909,298.5,343.6,314.6,356.6,282.1,330.3,1151,1.033,14
1347,103.581,78.493,25.032,0.7375,0.5718,0.3593,-0.6484,0.4902,0.5824,0.1569,-0.6626,0.7324,25.5,0.0114,0.52,0.974,0.37018,300.0,342.4,315.8,355.6,284.0,328.9,1152,0.912,14
1348,105.05,79.628,25.731,0.744,0.5729,0.3439,-0.6331,0.4986,0.5921,0.1678,-0.6584,0.7337,25.5,0.0182,0.673,1.144,0.48381,301.6,341.2,316.9,354.7,286.0,327.5,1153,0.736,14
1349,106.537,80.765,26.392,0.7545,0.5724,0.321,-0.6151,0.5083,0.6027,0.1818,-0.6524,0.7358,25.5,0.0203,0.881,1.32,0.72739,303.1,340.0,318.0,353.8,288.0,326.0,1154,0.516,14
1350,108.048,81.898,27.001,0.769,0.5691,0.2911,-0.5944,0.5196,0.6137,0.198,-0.6451,0.738,25.5,0.0173,1.026,1.491,0.96445,304.7,338.9,319.0,352.9,290.1,324.5,1155,0.266,14
1351,109.59,83.022,27.546,0.7852,0.5631,0.2577,-0.5707,0.5327,0.625,0.2147,-0.6378,0.7397,25.5,0.0129,1.049,1.681,1.08567,306.3,337.7,319.9,352.1,292.4,323.0,1156,0.006,14
1352,111.165,84.134,28.016,0.8021,0.557,0.2156,-0.5439,0.5475,0.636,0.2362,-0.6273,0.7421,25.5,0.0058,1.378,1.864,1.32169,307.9,336.5,320.9,351.4,294.7,321.4,1157,0.275,14
1353,112.773,85.231,28.401,0.8184,0.5483,0.172,-0.514,0.5639,0.6464,0.2575,-0.6174,0.7433,25.5,0.0003,1.348,2.043,1.36748,309.6,335.4,321.7,350.7,297.2,319.8,1158,0.547,14
1354,114.411,86.309,28.703,0.832,0.5386,0.1328,-0.4809,0.5817,0.656,0.2761,-0.6097,0.743,25.5,0.0003,1.154,2.223,1.23042,311.3,334.3,322.5,350.0,299.8,318.2,1159,0.812,14
1355,116.076,87.367,28.919,0.8458,0.5267,0.0848,-0.4449,0.6007,0.6643,0.299,-0.5996,0.7424,25.5,0.0036,1.434,2.38,1.48264,313.0,333.2,323.3,349.5,302.5,316.6,1160,1.074,14
1356,117.767,88.398,29.041,0.8583,0.5117,0.039,-0.4061,0.6204,0.671,0.3192,-0.5917,0.7403,25.5,0.0049,1.249,2.523,1.43773,314.7,332.2,324.0,348.9,305.2,315.0,1160,0.911,14
1357,119.481,89.397,29.075,0.8686,0.4954,-0.0058,-0.3651,0.6405,0.6756,0.3384,-0.5847,0.7373,25.5,0.0037,1.183,2.63,1.40844,316.4,331.1,324.6,348.5,308.1,313.5,1161,0.65,14
1358,121.214,90.362,29.017,0.8774,0.477,-0.0523,-0.3224,0.6607,0.6779,0.3579,-0.5779,0.7334,25.5,0.0032,1.204,2.71,1.46626,318.2,330.2,325.3,348.0,311.0,312.0,1162,0.391,14
1359,122.963,91.288,28.869,0.8849,0.4555,-0.0967,-0.2785,0.6805,0.6777,0.3745,-0.5728,0.7291,25.5,0.002,1.025,2.76,1.44096,320.0,329.2,325.9,347.6,313.9,310.5,1163,0.131,14
1360,124.724,92.171,28.631,0.8898,0.4336,-0.1425,-0.234,0.6998,0.6749,0.3923,-0.5672,0.7242,25.5,0.001,1.105,2.784,1.47287,321.7,328.3,326.5,347.2,316.9,309.1,1164,0.131,14
1361,126.494,93.007,28.305,0.8932,0.4093,-0.1861,-0.1896,0.7183,0.6694,0.4077,-0.5626,0.7192,25.5,0.0001,0.964,2.774,1.44472,323.5,327.5,327.2,346.8,319.8,307.8,1165,0.397,14
1362,128.268,93.794,27.894,0.8949,0.3835,-0.2283,-0.1458,0.7358,0.6613,0.4216,-0.5585,0.7144,25.5,0.0007,0.875,2.742,1.42911,325.3,326.7,327.8,346.5,322.7,306.6,1166,0.668,14
1363,130.044,94.529,27.399,0.8941,0.3573,-0.2699,-0.1029,0.7523,0.6507,0.4356,-0.554,0.7095,25.5,0.0012,0.888,2.703,1.41986,327.1,326.0,328.5,346.2,325.6,305.4,1167,0.946,14
1364,131.816,95.211,26.823,0.8916,0.3296,-0.3106,-0.0608,0.7679,0.6377,0.4487,-0.5496,0.7047,25.5,0.0008,0.838,2.678,1.42351,328.8,325.3,329.2,345.9,328.5,304.4,1167,1.039,14
1365,133.581,95.838,26.167,0.8868,0.3016,-0.3502,-0.0196,0.7825,0.6224,0.4617,-0.5451,0.6998,25.5,0.0007,0.837,2.654,1.40736,330.6,324.7,329.9,345.7,331.3,303.4,1168,0.755,14
1366,135.335,96.408,25.434,0.88,0.2731,-0.3885,0.0209,0.7961,0.6048,0.4745,-0.5404,0.6949,25.5,0.0008,0.83,2.648,1.39245,332.3,324.2,330.6,345.5,334.0,302.6,1169,0.465,14
1367,137.072,96.921,24.625,0.8712,0.2437,-0.4262,0.0609,0.8086,0.5852,0.4873,-0.5358,0.6896,25.5,0.0007,0.836,2.651,1.40385,334.0,323.7,331.3,345.3,336.7,301.8,1170,0.17,14
1368,138.791,97.375,23.743,0.8602,0.2138,-0.4629,0.1004,0.82,0.5635,0.5001,-0.5312,0.6839,25.5,0.0008,0.845,2.664,1.40332,335.6,323.3,331.9,345.1,339.4,301.2,1171,0.129,14
1369,140.485,97.768,22.787,0.8465,0.1817,-0.5004,0.1395,0.8302,0.5397,0.5135,-0.5266,0.6775,25.5,0.0011,0.891,2.687,1.47944,337.3,323.0,332.6,345.0,342.0,300.6,1172,0.432,14
1370,142.149,98.095,21.756,0.8299,0.1479,-0.538,0.1782,0.8391,0.5139,0.5274,-0.5224,0.67,25.5,0.0045,0.936,2.714,1.53668,338.9,322.7,333.3,344.9,344.6,300.1,1173,0.737,14
1371,143.778,98.355,20.654,0.8119,0.115,-0.5724,0.2166,0.8465,0.4862,0.5405,-0.5188,0.6624,25.5,0.0051,0.892,2.746,1.4695,340.4,322.5,333.9,344.9,347.1,299.8,1174,1.046,14
1372,145.37,98.552,19.486,0.7922,0.0825,-0.6047,0.2546,0.8524,0.4568,0.5531,-0.5158,0.6542,25.5,0.0042,0.878,2.774,1.44023,342.0,322.4,334.5,344.8,349.5,299.6,1174,0.939,14
1373,146.921,98.682,18.255,0.7702,0.0492,-0.6359,0.2921,0.8565,0.4256,0.5656,-0.5135,0.6453,25.5,0.0035,0.889,2.805,1.4629,343.4,322.3,335.0,344.8,351.9,299.5,1175,0.628,14
1374,148.426,98.747,16.964,0.7472,0.0164,-0.6644,0.3285,0.859,0.3927,0.5771,-0.5117,0.6365,25.5,0.0014,0.836,2.815,1.4197,344.8,322.3,335.6,344.9,354.2,299.5,1176,0.315,14
1375,149.885,98.748,15.619,0.7225,-0.016,-0.6911,0.3636,0.8599,0.3583,0.5886,-0.5102,0.6271,25.5,0.0013,0.855,2.817,1.40665,346.2,322.4,336.1,344.9,356.4,299.6,1177,0.015,14
1376,151.294,98.684,14.222,0.6966,-0.0485,-0.7158,0.397,0.8593,0.3224,0.5995,-0.5088,0.6179,25.5,0.0041,0.821,2.81,1.39602,347.5,322.5,336.6,345.0,358.5,299.9,1178,0.305,14
1377,152.649,98.555,12.779,0.6691,-0.0813,-0.7387,0.4285,0.8574,0.285,0.6102,-0.5073,0.6086,25.5,0.0065,0.817,2.804,1.40183,348.7,322.7,337.2,345.1,360.4,300.2,1179,0.606,14
1378,153.949,98.362,11.292,0.6403,-0.1135,-0.7597,0.4577,0.8543,0.2465,0.621,-0.5056,0.599,25.5,0.0088,0.834,2.774,1.38705,349.9,323.0,337.7,345.2,362.3,300.7,1180,0.897,14
1379,155.189,98.103,9.764,0.6092,-0.1472,-0.7793,0.4844,0.85,0.2069,0.632,-0.5035,0.5891,25.5,0.0087,0.856,2.748,1.44008,351.0,323.4,338.2,345.4,364.0,301.2,1180,1.088,14
1380,156.366,97.778,8.2,0.5766,-0.1801,-0.7969,0.5084,0.8449,0.1665,0.6433,-0.5012,0.5787,25.5,0.0083,0.89,2.708,1.43074,352.1,323.8,338.7,345.6,365.5,301.8,1181,0.81,14
1381,157.476,97.387,6.602,0.5417,-0.2141,-0.8128,0.5297,0.8389,0.1253,0.6551,-0.4984,0.5679,25.5,0.0055,0.93,2.68,1.48007,353.1,324.3,339.2,345.9,366.9,302.6,1182,0.547,14
1382,158.514,96.927,4.975,0.5038,-0.2495,-0.827,0.5482,0.8322,0.0835,0.6674,-0.4954,0.556,25.5,0.0005,0.996,2.647,1.55284,354.0,324.8,339.8,346.2,368.2,303.4,1183,0.303,14
1383,159.476,96.399,3.322,0.4659,-0.2828,-0.8384,0.564,0.8247,0.0412,0.6799,-0.4921,0.5437,25.5,0.005,1.022,2.623,1.49361,354.8,325.4,340.3,346.5,369.3,304.3,1184,0.079,14
1384,160.364,95.806,1.649,0.4291,-0.3145,-0.8467,0.5777,0.8163,-0.0017,0.6917,-0.4884,0.532,25.5,0.0074,0.975,2.625,1.42296,355.5,326.1,340.8,346.9,370.3,305.3,1185,0.124,14
1385,161.177,95.151,-0.038,0.3904,-0.3457,-0.8533,0.5895,0.8065,-0.045,0.7037,-0.4855,0.5187,25.5,0.0103,1.04,2.632,1.44809,356.2,326.9,341.2,347.4,371.1,306.4,1186,0.299,14
1386,161.915,94.435,-1.735,0.3534,-0.3749,-0.857,0.5999,0.7952,-0.0889,0.7149,-0.4827,0.506,25.5,0.0099,0.983,2.665,1.36525,356.8,327.7,341.7,347.8,371.8,307.5,1187,0.445,14
1387,162.581,93.663,-3.438,0.3175,-0.4028,-0.8584,0.6088,0.782,-0.1333,0.725,-0.4803,0.4936,25.5,0.0073,0.927,2.703,1.31361,357.3,328.5,342.1,348.3,372.4,308.8,1188,0.556,14
1388,163.174,92.837,-5.142,0.2797,-0.4303,-0.8583,0.6166,0.7668,-0.1782,0.7349,-0.4794,0.4798,25.5,0.0045,0.974,2.753,1.34983,357.7,329.4,342.4,348.7,372.9,310.2,1189,0.628,14
1389,163.689,91.954,-6.842,0.2385,-0.4603,-0.8551,0.6235,0.7491,-0.2237,0.7436,-0.4798,0.4657,25.5,0.0048,0.95,2.825,1.47461,358.1,330.4,342.7,349.2,373.3,311.7,1190,0.654,14
1390,164.117,91.008,-8.534,0.1928,-0.4917,-0.8491,0.6297,0.7285,-0.2699,0.7513,-0.4827,0.4501,25.5,0.0076,1.011,2.92,1.61065,358.3,331.4,342.9,349.6,373.6,313.3,1191,0.629,14
1391,164.456,90.004,-10.211,0.1494,-0.5202,-0.8409,0.6343,0.7054,-0.3162,0.7577,-0.4862,0.4354,25.5,0.0063,0.94,2.977,1.51802,358.5,332.5,343.1,350.1,373.8,315.1,1192,0.55,14
1392,164.713,88.946,-11.87,0.1098,-0.5454,-0.8309,0.6362,0.6813,-0.3621,0.7636,-0.4889,0.4218,25.5,0.0009,0.863,2.973,1.38586,358.6,333.6,343.3,350.5,373.8,316.9,1193,0.415,14
1393,164.891,87.84,-13.508,0.0692,-0.5696,-0.819,0.6341,0.6574,-0.407,0.7703,-0.4912,0.4067,25.5,0.0028,0.956,2.917,1.40744,358.7,334.8,343.5,351.0,373.7,318.8,1194,0.225,14
1394,164.988,86.686,-15.119,0.0287,-0.5933,-0.8045,0.6268,0.6352,-0.4512,0.7787,-0.4913,0.3901,25.5,0.0041,1.066,2.865,1.41825,358.6,336.0,343.7,351.7,373.3,320.6,1195,0.023,14
1395,165.0,85.484,-16.698,-0.0153,-0.6167,-0.787,0.6128,0.6161,-0.495,0.7901,-0.4898,0.3685,25.5,0.0002,1.402,2.853,1.52533,358.5,337.3,344.0,352.4,372.7,322.4,1196,0.33,14
1396,164.933,84.241,-18.244,-0.0511,-0.636,-0.77,0.5881,0.602,-0.5401,0.807,-0.4804,0.3433,25.5,0.003,1.82,3.055,1.27283,358.3,338.6,344.6,353.3,371.8,324.1,1197,0.702,14
1397,164.795,82.959,-19.752,-0.0926,-0.6568,-0.7484,0.5478,0.5946,-0.5886,0.8315,-0.4644,0.3047,25.5,0.0008,2.776,3.638,1.47851,358.0,339.9,345.4,354.4,370.4,325.7,1199,0.329,14
1398,164.57,81.634,-21.212,-0.1313,-0.6776,-0.7236,0.4873,0.5937,-0.6404,0.8635,-0.4366,0.2523,25.5,0.0029,3.863,4.565,1.45687,357.7,341.3,346.7,355.7,368.4,327.2,1200,0.26,14
1399,164.276,80.269,-22.622,-0.1691,-0.699,-0.6948,0.4028,0.5971,-0.6937,0.8998,-0.3972,0.1806,25.5,0.0035,5.13,5.73,1.50507,357.2,342.7,348.6,357.1,365.7,328.6,1202,0.34,14
1400,163.91,78.858,-23.968,-0.1935,-0.7234,-0.6627,0.2949,0.6,-0.7437,0.9356,-0.3393,0.0972,25.5,0.0017,6.171,6.82,1.36106,356.8,344.2,351.0,358.6,362.4,330.0,1203,0.447,14
1401,163.493,77.402,-25.25,-0.2183,-0.7482,-0.6265,0.1715,0.597,-0.7837,0.9604,-0.2785,-0.0021,25.5,0.0069,6.825,7.44,1.45556,356.2,345.7,353.7,360.0,358.7,331.6,1205,0.205,14
1402,163.064,75.884,-26.454,-0.2185,-0.7778,-0.5893,0.0541,0.5865,-0.8081,0.9742,-0.2084,-0.0861,25.5,0.0082,6.322,6.901,1.37278,355.7,347.2,356.2,361.3,355.3,333.5,1207,0.164,14
1403,162.642,74.311,-27.587,-0.2012,-0.8097,-0.5513,-0.0411,0.5671,-0.8226,0.9787,-0.1428,-0.1474,25.5,0.0026,5.153,5.631,1.51737,355.2,348.8,358.1,362.4,352.3,335.6,1209,0.302,14
1404,162.261,72.674,-28.643,-0.184,-0.8373,-0.5148,-0.1104,0.5366,-0.8366,0.9767,-0.0971,-0.1912,25.5,0.0017,3.629,4.413,1.41166,354.7,350.5,359.4,363.2,350.1,338.0,1212,0.151,14
1405,161.918,70.991,-29.636,-0.1597,-0.859,-0.4865,-0.1791,0.5016,-0.8463,0.9711,-0.048,-0.234,25.5,0.0095,3.746,4.454,1.24608,354.3,352.2,360.7,364.1,348.0,340.5,1215,0.194,14
1406,161.654,69.258,-30.566,-0.1198,-0.8851,-0.4498,-0.2724,0.4687,-0.8403,0.9546,0.0219,-0.2972,25.5,0.0042,5.483,5.681,1.73773,354.0,353.9,362.7,365.0,345.4,343.1,1218,0.14,14
1407,161.378,67.497,-31.435,-0.1574,-0.8903,-0.4273,-0.3619,0.4443,-0.8195,0.9195,0.0257,-0.3922,25.5,0.0116,5.809,5.449,1.27452,353.6,355.7,364.6,366.2,342.8,345.4,1222,0.049,14
1408,161.057,65.721,-32.261,-0.1669,-0.8973,-0.4085,-0.4195,0.4363,-0.796,0.8926,0.0385,-0.4492,25.5,0.0037,3.686,3.594,0.64085,353.2,357.4,365.6,367.8,341.1,347.3,1225,0.2,14
1409,160.711,63.94,-33.068,-0.182,-0.8956,-0.406,-0.4514,0.4419,-0.7752,0.8737,0.0422,-0.4847,25.5,0.0011,2.314,2.206,0.44458,352.8,359.2,366.0,369.7,339.9,348.9,1227,0.032,14
1410,160.332,62.169,-33.878,-0.2009,-0.8885,-0.4125,-0.4674,0.4553,-0.7578,0.8611,0.0406,-0.5067,25.5,0.002,1.456,1.557,0.61236,352.4,361.0,365.9,371.8,339.2,350.3,1229,0.195,14
1411,159.914,60.416,-34.706,-0.2189,-0.8813,-0.4189,-0.4757,0.4699,-0.7436,0.8521,0.0365,-0.5221,25.5,0.0015,1.049,1.26,0.58983,351.9,362.7,365.6,374.0,338.5,351.7,1230,0.585,14
1412,159.469,58.669,-35.537,-0.2291,-0.8789,-0.4184,-0.4814,0.482,-0.7321,0.8451,0.0337,-0.5335,25.5,0.007,0.783,1.011,0.30277,351.4,364.5,365.1,376.1,337.9,353.1,1232,0.104,15
1413,159.005,56.927,-36.369,-0.2382,-0.8757,-0.4201,-0.4851,0.4921,-0.7229,0.8398,0.0316,-0.5421,25.5,0.0117,0.591,0.811,0.28268,350.9,366.2,364.7,378.1,337.3,354.6,1233,0.414,15
1414,158.523,55.193,-37.206,-0.2472,-0.8716,-0.4233,-0.4872,0.5009,-0.7154,0.8356,0.0294,-0.5485,25.5,0.0133,0.456,0.673,0.30009,350.3,367.9,364.2,380.0,336.7,356.1,1234,0.828,15
1415,158.023,53.468,-38.05,-0.2569,-0.8664,-0.4282,-0.488,0.5092,-0.7089,0.8323,0.0269,-0.5537,25.5,0.0123,0.381,0.606,0.34777,349.8,369.6,363.6,382.0,336.2,357.6,1236,0.643,15
1416,157.502,51.755,-38.907,-0.2679,-0.8596,-0.4352,-0.4878,0.5177,-0.7029,0.8295,0.024,-0.558,25.5,0.0084,0.338,0.596,0.4245,349.2,371.3,363.0,383.9,335.6,359.0,1237,0.556,15
1417,156.958,50.058,-39.78,-0.2815,-0.8501,-0.445,-0.4868,0.5272,-0.6965,0.8267,0.0205,-0.5623,25.5,0.0012,0.356,0.659,0.55614,348.6,373.0,362.3,385.8,335.1,360.5,1238,0.592,15
1418,156.386,48.383,-40.676,-0.2932,-0.8391,-0.4582,-0.4853,0.5383,-0.689,0.8248,0.0204,-0.5651,25.5,0.0063,0.194,0.772,0.60045,347.9,374.7,361.6,387.8,334.5,361.8,1239,0.759,15
1419,155.794,46.727,-41.596,-0.3039,-0.8294,-0.4688,-0.4834,0.551,-0.6802,0.8225,0.0199,-0.5684,25.5,0.0088,0.232,0.892,0.51721,347.3,376.3,360.9,389.8,333.9,363.2,1240,1.061,15
1420,155.178,45.09,-42.534,-0.3169,-0.8207,-0.4755,-0.4813,0.5649,-0.6702,0.8187,0.0165,-0.574,25.5,0.0076,0.434,0.988,0.49129,346.6,378.0,360.1,391.7,333.3,364.4,1240,0.924,15
1421,154.534,43.469,-43.481,-0.3326,-0.8128,-0.4782,-0.4792,0.5795,-0.6593,0.813,0.0098,-0.5822,25.5,0.0036,0.689,1.051,0.51336,345.9,379.6,359.3,393.7,332.7,365.6,1241,0.482,15
1422,153.856,41.863,-44.429,-0.3515,-0.8059,-0.4765,-0.4771,0.5943,-0.6475,0.8049,-0.0003,-0.5934,25.5,0.0027,0.981,1.091,0.58298,345.1,381.1,358.5,395.7,332.0,366.9,1242,0.094,15
1423,153.137,40.27,-45.368,-0.3741,-0.7996,-0.4698,-0.4753,0.609,-0.635,0.7939,-0.0143,-0.6079,25.5,0.0108,1.316,1.11,0.70451,344.4,382.7,357.6,397.7,331.4,368.0,1243,0.784,15
1424,152.374,38.692,-46.299,-0.393,-0.7905,-0.4698,-0.474,0.6231,-0.6221,0.7846,-0.0218,-0.6196,25.5,0.014,0.958,1.098,0.60559,343.6,384.3,356.7,399.6,330.6,369.2,1243,1.201,15
1425,151.575,37.133,-47.231,-0.4136,-0.7801,-0.4695,-0.4732,0.6365,-0.6091,0.774,-0.0298,-0.6324,25.5,0.0148,1.057,1.071,0.66634,342.7,385.8,355.8,401.5,329.8,370.4,1244,0.407,15
1426,150.73,35.596,-48.159,-0.4386,-0.7695,-0.4642,-0.4726,0.6491,-0.5961,0.7601,-0.042,-0.6484,25.5,0.0155,1.401,1.038,0.79881,341.8,387.3,354.9,403.3,329.0,371.6,1245,0.481,15
1427,149.831,34.079,-49.07,-0.4675,-0.7588,-0.4534,-0.4722,0.6609,-0.5833,0.7424,-0.0586,-0.6674,25.5,0.0163,1.766,0.998,0.94295,340.9,388.8,353.9,405.1,328.1,372.8,1246,1.453,15
1428,148.872,32.584,-49.955,-0.4995,-0.748,-0.437,-0.4717,0.6718,-0.5711,0.7209,-0.0791,-0.6885,25.5,0.0173,2.088,0.938,1.08417,339.9,390.3,352.8,406.8,327.1,374.0,1246,0.532,15
1429,147.855,31.113,-50.814,-0.5258,-0.7344,-0.4291,-0.4712,0.6817,-0.5597,0.7036,-0.0921,-0.7046,25.5,0.0127,1.545,0.866,0.88477,338.8,391.7,351.7,408.5,326.1,375.2,1247,0.519,15
1430,146.783,29.669,-51.654,-0.5552,-0.7201,-0.4162,-0.4706,0.6907,-0.5491,0.6829,-0.109,-0.7223,25.5,0.0076,1.837,0.797,1.01485,337.7,393.2,350.5,410.2,325.0,376.4,1247,1.466,15
1431,145.65,28.255,-52.462,-0.5864,-0.7057,-0.3976,-0.47,0.6986,-0.5395,0.6585,-0.1295,-0.7413,25.5,0.0029,2.126,0.713,1.12828,336.5,394.5,349.3,411.8,323.9,377.6,1248,0.339,15
1432,144.456,26.868,-53.229,-0.6172,-0.692,-0.3745,-0.4694,0.7054,-0.531,0.6317,-0.152,-0.7602,25.5,0.0004,2.279,0.625,1.17995,335.3,395.9,348.0,413.3,322.7,378.7,1249,0.866,15
1433,143.202,25.509,-53.949,-0.647,-0.6753,-0.3542,-0.469,0.7111,-0.5238,0.6056,-0.1728,-0.7768,25.5,0.0088,2.136,0.527,1.14744,334.0,397.2,346.7,414.8,321.5,379.9,1249,1.118,15
1434,141.891,24.188,-54.637,-0.6732,-0.6573,-0.3388,-0.4688,0.7157,-0.5177,0.5829,-0.1897,-0.7901,25.5,0.0206,1.792,0.438,1.01987,332.7,398.5,345.4,416.2,320.2,381.1,1250,0.16,15
1435,140.533,22.897,-55.292,-0.6944,-0.6444,-0.3203,-0.4689,0.7192,-0.5127,0.5609,-0.2059,-0.8018,25.5,0.0264,1.703,0.35,0.89366,331.3,399.8,344.0,417.5,318.9,382.3,1251,1.499,15
1436,139.137,21.627,-55.906,-0.7119,-0.6357,-0.2984,-0.4694,0.7217,-0.5087,0.539,-0.2221,-0.8125,25.5,0.0272,1.677,0.272,0.84743,329.9,401.0,342.6,418.9,317.5,383.4,1251,0.487,15
1437,137.709,20.371,-56.474,-0.7264,-0.6308,-0.2728,-0.4704,0.7234,-0.5054,0.5163,-0.2389,-0.8224,25.5,0.0233,1.715,0.22,0.86116,328.5,402.2,341.2,420.1,316.0,384.6,1252,0.901,15
1438,136.256,19.121,-56.986,-0.7383,-0.6293,-0.2425,-0.4719,0.7242,-0.5028,0.4921,-0.2568,-0.8318,25.5,0.0146,1.807,0.178,0.94093,327.1,403.5,339.7,421.4,314.6,385.8,1252,1.084,15
1439,134.772,17.885,-57.444,-0.7562,-0.6165,-0.2193,-0.474,0.7243,-0.5007,0.4676,-0.2748,-0.8401,25.5,0.0217,1.806,0.17,0.92334,325.6,404.7,338.3,422.6,313.1,387.0,1253,0.339,15
1440,133.257,16.672,-57.857,-0.7699,-0.6072,-0.1966,-0.4768,0.7236,-0.499,0.4454,-0.2905,-0.8469,25.5,0.0258,1.606,0.192,0.81123,324.1,405.8,336.9,423.7,311.5,388.2,1253,1.648,15
1441,131.719,15.473,-58.224,-0.7799,-0.6015,-0.1728,-0.4804,0.7222,-0.4976,0.4243,-0.3052,-0.8525,25.5,0.0262,1.508,0.235,0.76329,322.6,407.0,335.4,424.9,309.9,389.4,1254,0.212,15
1442,130.163,14.282,-58.541,-0.787,-0.5992,-0.1469,-0.4849,0.7199,-0.4965,0.4034,-0.3196,-0.8574,25.5,0.0232,1.481,0.296,0.7782,321.1,408.2,334.0,426.0,308.3,390.6,1255,1.237,15
1443,128.597,13.092,-58.804,-0.7911,-0.6004,-0.1171,-0.4904,0.7169,-0.4955,0.3815,-0.3346,-0.8617,25.5,0.0156,1.541,0.364,0.86913,319.5,409.3,332.6,427.1,306.7,391.8,1255,0.749,15
1444,127.025,11.896,-59.002,-0.7929,-0.6038,-0.0816,-0.4969,0.7131,-0.4946,0.3568,-0.3516,-0.8655,25.5,0.0038,1.732,0.434,1.031,318.0,410.5,331.2,428.1,305.0,393.1,1256,0.689,15
1445,125.444,10.704,-59.127,-0.8002,-0.5982,-0.0437,-0.5046,0.7083,-0.4936,0.3262,-0.3729,-0.8686,25.5,0.0016,2.144,0.523,1.12624,316.5,411.6,329.8,429.2,303.3,394.3,1256,1.296,15
1446,123.852,9.521,-59.176,-0.804,-0.5946,-0.0067,-0.5132,0.7028,-0.4926,0.2976,-0.3926,-0.8702,25.5,0.002,1.992,0.588,1.07908,314.9,412.8,328.5,430.2,301.5,395.6,1257,0.127,15
1447,122.256,8.342,-59.156,-0.8042,-0.5938,0.0265,-0.5228,0.6965,-0.4915,0.2734,-0.4091,-0.8706,25.5,0.0062,1.678,0.661,0.95897,313.4,413.9,327.2,431.2,299.8,396.9,1258,1.523,15
1448,120.663,7.162,-59.075,-0.801,-0.5963,0.0537,-0.5332,0.6895,-0.4902,0.2553,-0.4213,-0.8702,25.5,0.0104,1.251,0.722,0.79408,311.8,415.1,325.9,432.2,298.0,398.2,1258,0.463,15
1449,119.078,5.975,-58.946,-0.7977,-0.5978,0.0795,-0.5442,0.6818,-0.4889,0.2381,-0.4333,-0.8693,25.5,0.0123,1.203,0.773,0.75212,310.3,416.2,324.6,433.1,296.2,399.5,1259,0.911,15
1450,117.495,4.793,-58.755,-0.7968,-0.5937,0.1121,-0.5558,0.6734,-0.4874,0.2139,-0.4507,-0.8667,25.5,0.0116,1.714,0.825,0.94904,308.8,417.4,323.4,434.1,294.4,400.9,1259,1.074,15
1451,115.917,3.616,-58.506,-0.793,-0.5934,0.1376,-0.5677,0.6646,-0.4858,0.1969,-0.4634,-0.864,25.5,0.011,1.226,0.853,0.74454,307.3,418.5,322.1,435.0,292.6,402.2,1260,0.271,15
1452,114.349,2.435,-58.214,-0.7869,-0.5971,0.1557,-0.5797,0.6553,-0.4842,0.1871,-0.4714,-0.8619,25.5,0.0105,0.735,0.875,0.56168,305.8,419.6,320.9,435.9,290.8,403.6,1261,1.575,15
1453,112.795,1.244,-57.892,-0.7792,-0.6042,0.1669,-0.5917,0.6457,-0.4826,0.1838,-0.4748,-0.8607,25.5,0.0096,0.28,0.885,0.44279,304.3,420.8,319.7,436.8,289.0,405.0,1261,0.411,15
1454,111.257,0.036,-57.556,-0.7703,-0.6141,0.1717,-0.6034,0.636,-0.4811,0.1862,-0.4742,-0.8605,25.5,0.0084,0.142,0.875,0.40859,302.8,422.0,318.5,437.8,287.3,406.4,1262,0.844,15
1455,109.734,-1.184,-57.193,-0.7649,-0.6141,0.1946,-0.6147,0.6262,-0.4796,0.1727,-0.4865,-0.8565,25.5,0.0077,1.071,0.861,0.67928,301.4,423.1,317.4,438.7,285.6,407.8,1262,1.14,15
1456,108.222,-2.404,-56.789,-0.7594,-0.6156,0.2106,-0.6253,0.6165,-0.4784,0.1647,-0.495,-0.8531,25.5,0.0054,0.697,0.826,0.49042,299.9,424.3,316.2,439.7,283.9,409.2,1263,0.057,15
1457,106.72,-3.63,-56.362,-0.7536,-0.6199,0.2188,-0.6351,0.6071,-0.4775,0.1632,-0.4988,-0.8512,25.5,0.0022,0.258,0.78,0.31536,298.5,425.5,315.0,440.7,282.2,410.6,1264,1.157,15
1458,105.231,-4.866,-55.926,-0.7474,-0.6268,0.2202,-0.6441,0.598,-0.477,0.1673,-0.4984,-0.8507,25.5,0.0015,0.238,0.734,0.27087,297.1,426.7,313.8,441.6,280.6,412.0,1264,0.829,15
1459,103.754,-6.119,-55.492,-0.7408,-0.6363,0.2155,-0.6519,0.5895,-0.477,0.1765,-0.4938,-0.8515,25.5,0.005,0.591,0.661,0.36045,295.6,427.9,312.5,442.7,279.0,413.4,1265,0.187,15
1460,102.291,-7.394,-55.074,-0.7333,-0.6484,0.2045,-0.6584,0.5817,-0.4776,0.1907,-0.4849,-0.8535,25.5,0.008,0.967,0.583,0.51938,294.3,429.2,311.3,443.7,277.4,414.8,1266,1.09,15
1461,100.844,-8.695,-54.685,-0.7246,-0.6633,0.1869,-0.6636,0.5747,-0.4789,0.2102,-0.471,-0.8567,25.5,0.0101,1.384,0.505,0.71159,292.9,430.4,310.0,444.8,275.9,416.3,1266,0.895,15
1462,99.418,-10.026,-54.323,-0.7125,-0.6775,0.1825,-0.6672,0.5688,-0.4809,0.222,-0.4644,-0.8573,25.5,0.0023,0.775,0.412,0.55357,291.5,431.7,308.8,446.0,274.5,417.7,1267,0.091,15
1463,98.014,-11.382,-53.962,-0.7021,-0.6888,0.1808,-0.6694,0.5639,-0.4837,0.2312,-0.4606,-0.857,25.5,0.0059,0.571,0.347,0.44607,290.2,433.1,307.5,447.2,273.1,419.1,1268,0.637,15
1464,96.629,-12.758,-53.607,-0.6941,-0.6982,0.1753,-0.6701,0.5601,-0.487,0.2419,-0.4555,-0.8567,25.5,0.0113,0.679,0.291,0.3901,288.8,434.4,306.2,448.4,271.7,420.5,1269,1.286,15
1465,95.258,-14.152,-53.268,-0.6884,-0.7061,0.1659,-0.6696,0.5574,-0.4908,0.2541,-0.449,-0.8566,25.5,0.0141,0.792,0.269,0.39083,287.5,435.7,304.8,449.7,270.4,421.9,1269,0.702,15
1466,93.896,-15.56,-52.952,-0.6847,-0.7127,0.1524,-0.6679,0.5558,-0.495,0.2681,-0.4407,-0.8567,25.5,0.0142,0.933,0.275,0.44682,286.2,437.1,303.5,451.1,269.2,423.3,1270,0.12,15
1467,92.539,-16.98,-52.666,-0.683,-0.718,0.1342,-0.6652,0.5552,-0.4993,0.284,-0.4303,-0.8569,25.5,0.0113,1.089,0.293,0.54944,284.9,438.5,302.1,452.5,267.9,424.7,1271,0.43,15
1468,91.183,-18.409,-52.423,-0.6833,-0.7218,0.1103,-0.6614,0.5558,-0.5036,0.3022,-0.417,-0.8572,25.5,0.0048,1.292,0.331,0.69864,283.6,439.9,300.7,453.9,266.7,426.1,1272,0.935,15
1469,89.825,-19.844,-52.233,-0.6842,-0.7246,0.0825,-0.6568,0.5575,-0.5078,0.3219,-0.4017,-0.8573,25.5,0.0035,1.429,0.37,0.80714,282.3,441.3,299.3,455.3,265.5,427.4,1272,1.05,15
1470,88.471,-21.287,-52.088,-0.6807,-0.7299,0.0625,-0.6514,0.5601,-0.5118,0.3386,-0.3891,-0.8567,25.5,0.0026,1.199,0.413,0.60588,281.0,442.7,297.8,456.8,264.3,428.8,1273,0.567,15
1471,87.124,-22.741,-51.987,-0.6766,-0.7353,0.0397,-0.6454,0.5636,-0.5156,0.3567,-0.3745,-0.8559,25.5,0.0018,1.333,0.454,0.68689,279.7,444.1,296.4,458.3,263.2,430.1,1274,0.099,15
1472,85.786,-24.205,-51.932,-0.672,-0.7404,0.0154,-0.6391,0.5677,-0.519,0.3755,-0.3586,-0.8546,25.5,0.0012,1.413,0.473,0.72915,278.4,445.5,294.9,459.9,262.1,431.4,1275,0.38,15
1473,84.458,-25.679,-51.926,-0.667,-0.745,-0.0092,-0.6326,0.5721,-0.5221,0.3942,-0.3424,-0.8529,25.5,0.0005,1.421,0.484,0.73691,277.1,447.0,293.5,461.4,260.9,432.7,1276,0.857,15
1474,83.139,-27.161,-51.968,-0.6621,-0.7487,-0.0327,-0.6262,0.5766,-0.5248,0.4117,-0.327,-0.8506,25.5,0.0001,1.342,0.474,0.70126,275.8,448.4,292.0,463.0,259.8,434.0,1276,1.128,15
1475,81.829,-28.65,-52.054,-0.6575,-0.7515,-0.054,-0.6202,0.581,-0.5271,0.4275,-0.3131,-0.8481,25.5,0.0004,1.214,0.446,0.63445,274.5,449.8,290.6,464.6,258.7,435.3,1277,0.637,15
1476,80.529,-30.143,-52.19,-0.653,-0.7528,-0.0829,-0.6147,0.5851,-0.529,0.4468,-0.2945,-0.8448,25.5,0.0048,1.547,0.408,0.84516,273.3,451.3,289.2,466.1,257.6,436.7,1278,0.129,15
1477,79.238,-31.638,-52.379,-0.6479,-0.7542,-0.1069,-0.6097,0.5888,-0.5306,0.4631,-0.2787,-0.8413,25.5,0.0077,1.316,0.368,0.70964,272.0,452.7,287.8,467.7,256.4,438.0,1279,0.411,15
1478,77.958,-33.136,-52.611,-0.6427,-0.7558,-0.1254,-0.6055,0.592,-0.5319,0.4763,-0.2659,-0.8381,25.5,0.0084,1.069,0.312,0.55678,270.7,454.2,286.4,469.2,255.3,439.4,1280,0.98,15
1479,76.687,-34.638,-52.874,-0.6374,-0.7579,-0.139,-0.6019,0.5947,-0.533,0.4866,-0.2561,-0.8352,25.5,0.007,0.831,0.265,0.42573,269.5,455.6,285.1,470.7,254.2,440.8,1280,1.011,15
1480,75.427,-36.145,-53.16,-0.6323,-0.7605,-0.148,-0.599,0.5968,-0.5339,0.4943,-0.2489,-0.8329,25.5,0.0039,0.618,0.212,0.30794,268.3,457.1,283.8,472.3,253.0,442.2,1281,0.411,15
1481,74.178,-37.657,-53.459,-0.6274,-0.7636,-0.1528,-0.5969,0.5982,-0.5347,0.4997,-0.2442,-0.8311,25.5,0.0006,0.423,0.152,0.21731,267.0,458.6,282.5,473.8,251.8,443.6,1282,0.263,15
1482,72.937,-39.176,-53.764,-0.6227,-0.7672,-0.1538,-0.5956,0.5989,-0.5354,0.5028,-0.2418,-0.8299,25.5,0.0063,0.235,0.094,0.17335,265.8,460.0,281.2,475.3,250.7,445.0,1283,0.943,15
1483,71.707,-40.701,-54.068,-0.6169,-0.7711,-0.1577,-0.5951,0.5988,-0.5361,0.5078,-0.2369,-0.8283,25.5,0.0101,0.411,0.05,0.23127,264.6,461.5,280.0,476.7,249.5,446.5,1283,1.041,15
1484,70.491,-42.236,-54.401,-0.6081,-0.7741,-0.1761,-0.5954,0.5978,-0.5368,0.5208,-0.2216,-0.8244,25.5,0.0062,1.172,0.072,0.59465,263.4,463.0,278.8,478.2,248.3,448.0,1284,0.336,15
1485,69.291,-43.774,-54.763,-0.6017,-0.7763,-0.1878,-0.5965,0.596,-0.5375,0.5292,-0.2114,-0.8218,25.5,0.0028,0.772,0.127,0.3904,262.2,464.5,277.6,479.7,247.1,449.5,1285,0.386,15
1486,68.102,-45.316,-55.143,-0.5973,-0.7781,-0.1945,-0.5984,0.5935,-0.5381,0.5342,-0.205,-0.8201,25.5,0.0003,0.475,0.183,0.23713,261.1,466.0,276.5,481.1,245.9,451.1,1286,1.069,15
1487,66.919,-46.862,-55.532,-0.5944,-0.7796,-0.1971,-0.601,0.5904,-0.5388,0.5364,-0.2018,-0.8195,25.5,0.0032,0.225,0.235,0.12045,259.9,467.5,275.4,482.5,244.7,452.6,1286,0.923,15
1488,65.741,-48.411,-55.923,-0.5929,-0.7811,-0.1959,-0.6042,0.5866,-0.5393,0.5362,-0.2014,-0.8197,25.5,0.0057,0.028,0.286,0.07034,258.8,469.0,274.3,483.9,243.5,454.2,1287,0.285,15
1489,64.564,-49.963,-56.307,-0.5928,-0.7824,-0.1908,-0.608,0.5823,-0.5397,0.5334,-0.2039,-0.8209,25.5,0.0078,0.226,0.33,0.15193,257.6,470.4,273.2,485.3,242.2,455.8,1288,0.311,15
1490,63.387,-51.517,-56.677,-0.5941,-0.7837,-0.1813,-0.6123,0.5775,-0.54,0.5279,-0.2098,-0.823,25.5,0.0091,0.478,0.37,0.27939,256.5,471.9,272.2,486.7,241.0,457.4,1289,0.804,15
1491,62.205,-53.074,-57.023,-0.5969,-0.7849,-0.1663,-0.6171,0.5723,-0.5401,0.5191,-0.2198,-0.826,25.5,0.009,0.782,0.406,0.44178,255.3,473.4,271.1,488.1,239.7,459.0,1289,1.183,15
1492,61.016,-54.633,-57.332,-0.6017,-0.7857,-0.1436,-0.6223,0.5668,-0.54,0.5056,-0.2356,-0.83,25.5,0.0066,1.213,0.434,0.67009,254.1,474.9,270.1,489.5,238.4,460.7,1290,0.788,15
1493,59.815,-56.192,-57.586,-0.6084,-0.786,-0.1103,-0.6278,0.5609,-0.5397,0.486,-0.2591,-0.8347,25.5,0.0006,1.774,0.462,0.98108,253.0,476.4,269.0,490.8,237.1,462.3,1291,0.509,15
1494,58.605,-57.753,-57.773,-0.6115,-0.7873,-0.0787,-0.6337,0.5548,-0.5391,0.4681,-0.2798,-0.8382,25.5,0.0069,1.581,0.487,0.91798,251.8,478.0,268.0,492.2,235.8,463.9,1292,0.349,15
1495,57.39,-59.316,-57.901,-0.6137,-0.7879,-0.0516,-0.6398,0.5485,-0.5383,0.4525,-0.2973,-0.8408,25.5,0.0117,1.351,0.505,0.78524,250.6,479.5,266.9,493.5,234.5,465.6,1293,0.316,15
1496,56.17,-60.879,-57.983,-0.6149,-0.7879,-0.0331,-0.6461,0.542,-0.5373,0.4413,-0.3091,-0.8424,25.5,0.012,0.937,0.522,0.53526,249.4,481.0,265.9,494.9,233.2,467.3,1294,0.406,15
1497,54.95,-62.443,-58.04,-0.6153,-0.7878,-0.0263,-0.6526,0.5354,-0.5362,0.4366,-0.3128,-0.8436,25.5,0.0061,0.35,0.534,0.19669,248.2,482.5,264.9,496.3,231.8,468.9,1295,0.613,15
1498,53.729,-64.006,-58.096,-0.6149,-0.7879,-0.0328,-0.6591,0.5286,-0.535,0.4388,-0.3074,-0.8444,25.5,0.0063,0.337,0.543,0.18805,247.0,484.0,263.8,497.6,230.5,470.6,1297,0.598,15
1499,52.509,-65.57,-58.178,-0.6137,-0.7879,-0.0511,-0.6655,0.5218,-0.5336,0.4472,-0.2936,-0.8449,25.5,0.0246,0.926,0.541,0.5295,245.9,485.5,262.8,499.0,229.2,472.3,1298,0.0,15
