ring,cx,cy,cz,Tx,Ty,Tz,Bx,By,Bz,Nx,Ny,Nz,hw,obl,dN,dB,kappa,sx_c,sy_c,sx_L,sy_L,sx_R,sy_R,pose_ring,pose_dist,iv
0,-67.225,-360.416,260.0,0.5575,0.8302,0.0,0.9708,-0.231,0.0647,0.0573,-0.0385,-0.9976,25.5,0.3494,0.0,0.0,0.0,116.4,843.3,87.6,836.0,145.3,850.6,0,0.0,0
1,-66.079,-358.698,259.998,0.5527,0.8334,-0.0023,0.9639,-0.2578,0.0664,0.0578,-0.0411,-0.9975,25.5,0.3177,0.152,1.589,0.17231,117.8,841.3,89.1,833.2,146.4,849.4,2,0.216,0
2,-64.94,-356.975,259.992,0.5509,0.8346,-0.0032,0.9564,-0.2841,0.0681,0.0585,-0.0424,-0.9974,25.5,0.2896,0.085,1.57,0.06501,119.1,839.3,90.7,830.3,147.5,848.2,4,0.491,0
3,-63.802,-355.253,259.986,0.5521,0.8337,-0.0026,0.9483,-0.3095,0.0698,0.0595,-0.0425,-0.9973,25.5,0.2653,0.058,1.531,0.04476,120.4,837.3,92.3,827.6,148.6,847.0,5,0.331,0
4,-62.658,-353.534,259.982,0.5564,0.8309,-0.0005,0.94,-0.3335,0.0713,0.061,-0.0414,-0.9973,25.5,0.2459,0.107,1.458,0.15384,121.8,835.2,93.9,824.8,149.7,845.7,7,0.335,0
5,-61.502,-351.822,259.985,0.5635,0.8261,0.0029,0.9317,-0.3559,0.0728,0.0629,-0.0393,-0.9972,25.5,0.2312,0.162,1.371,0.25584,123.1,833.2,95.5,822.2,150.8,844.4,8,0.204,0
6,-60.329,-350.123,259.995,0.5731,0.8195,0.0076,0.9235,-0.3763,0.0741,0.0652,-0.0363,-0.9972,25.5,0.2214,0.217,1.262,0.34856,124.5,831.3,97.1,819.6,152.0,843.0,9,0.608,0
7,-59.14,-348.436,260.014,0.5774,0.8164,0.0102,0.9158,-0.3944,0.0754,0.067,-0.035,-0.9971,25.5,0.2076,0.127,1.13,0.16382,125.9,829.3,98.7,817.0,153.1,841.6,10,0.88,0
8,-57.944,-346.752,260.037,0.5806,0.8141,0.0121,0.9087,-0.4103,0.0766,0.0686,-0.0341,-0.9971,25.5,0.1945,0.105,1.0,0.12138,127.3,827.3,100.3,814.6,154.3,840.1,12,1.004,0
9,-56.74,-345.074,260.065,0.5858,0.8103,0.0147,0.9021,-0.4245,0.0777,0.0704,-0.0328,-0.997,25.5,0.1856,0.127,0.899,0.19273,128.7,825.4,101.9,812.2,155.5,838.6,12,1.061,0
10,-55.524,-343.406,260.098,0.593,0.805,0.0181,0.896,-0.4371,0.0787,0.0724,-0.031,-0.9969,25.5,0.1809,0.154,0.804,0.2654,130.1,823.4,103.5,809.9,156.8,837.0,13,0.988,0
11,-54.29,-341.751,260.14,0.602,0.7982,0.0221,0.8903,-0.4484,0.0797,0.0747,-0.0288,-0.9968,25.5,0.1798,0.182,0.727,0.3321,131.5,821.5,105.1,807.6,158.0,835.4,14,0.818,0
12,-53.036,-340.111,260.19,0.6125,0.7901,0.0266,0.8849,-0.4588,0.0806,0.0772,-0.0263,-0.9967,25.5,0.1816,0.203,0.673,0.38855,133.0,819.6,106.7,805.4,159.3,833.8,15,0.559,0
13,-51.76,-338.489,260.25,0.6242,0.7806,0.0317,0.8797,-0.4685,0.0815,0.0799,-0.0234,-0.9965,25.5,0.186,0.227,0.633,0.44147,134.5,817.7,108.4,803.2,160.7,832.3,16,0.219,0
14,-50.46,-336.886,260.323,0.6343,0.7721,0.0398,0.8747,-0.4777,0.0824,0.0841,-0.0178,-0.9963,25.5,0.1893,0.401,0.602,0.42975,136.0,815.9,110.0,801.1,162.0,830.7,17,0.192,0
15,-49.141,-335.3,260.413,0.6428,0.7646,0.0466,0.8697,-0.4865,0.0832,0.0879,-0.0132,-0.996,25.5,0.1909,0.342,0.582,0.36678,137.5,814.0,111.7,799.0,163.4,829.1,18,0.661,0
16,-47.806,-333.728,260.514,0.6506,0.7577,0.0509,0.8648,-0.495,0.084,0.0905,-0.0108,-0.9958,25.5,0.1919,0.203,0.564,0.31262,139.1,812.2,113.4,796.9,164.8,827.6,19,1.168,0
17,-46.455,-332.17,260.622,0.6578,0.7513,0.0531,0.86,-0.5031,0.0847,0.0921,-0.0103,-0.9957,25.5,0.1922,0.096,0.541,0.27418,140.7,810.4,115.1,794.9,166.3,826.0,19,0.897,0
18,-45.089,-330.625,260.732,0.6645,0.7454,0.0531,0.8554,-0.5109,0.0855,0.0925,-0.0116,-0.9956,25.5,0.1921,0.078,0.521,0.24771,142.3,808.7,116.9,792.9,167.7,824.5,20,0.374,0
19,-43.71,-329.092,260.84,0.6707,0.74,0.0511,0.8509,-0.5183,0.0862,0.092,-0.0146,-0.9957,25.5,0.1916,0.174,0.498,0.23477,143.9,806.9,118.6,790.9,169.2,822.9,21,0.149,0
20,-42.319,-327.569,260.941,0.6765,0.735,0.0472,0.8464,-0.5253,0.0869,0.0903,-0.0191,-0.9957,25.5,0.1906,0.276,0.478,0.23843,145.5,805.1,120.4,788.9,170.7,821.4,22,0.642,0
21,-40.917,-326.056,261.033,0.6818,0.7304,0.0415,0.8422,-0.5321,0.0876,0.0876,-0.0252,-0.9958,25.5,0.1892,0.382,0.46,0.25085,147.1,803.4,122.1,787.0,172.2,819.8,23,1.089,0
22,-39.503,-324.554,261.116,0.6887,0.7239,0.0407,0.838,-0.5385,0.0883,0.0874,-0.0272,-0.9958,25.5,0.1909,0.115,0.44,0.264,148.8,801.7,123.9,785.1,173.8,818.3,23,0.975,0
23,-38.073,-323.066,261.202,0.6956,0.7172,0.042,0.834,-0.5445,0.089,0.0883,-0.0274,-0.9957,25.5,0.1934,0.053,0.415,0.26929,150.5,799.9,125.7,783.2,175.3,816.8,24,0.595,0
24,-36.63,-321.591,261.288,0.7015,0.7114,0.0416,0.8301,-0.5504,0.0897,0.0884,-0.029,-0.9957,25.5,0.1945,0.092,0.407,0.2298,152.1,798.2,127.5,781.3,176.9,815.2,25,0.306,0
25,-35.177,-320.127,261.372,0.7065,0.7066,0.0395,0.8263,-0.556,0.0904,0.0875,-0.0318,-0.9957,25.5,0.1945,0.169,0.39,0.20096,153.8,796.5,129.3,779.4,178.5,813.7,26,0.121,0
26,-33.713,-318.672,261.45,0.7106,0.7027,0.036,0.8225,-0.5614,0.0912,0.0859,-0.0359,-0.9957,25.5,0.1933,0.252,0.381,0.18461,155.6,794.9,131.1,777.6,180.1,812.2,27,0.047,0
27,-32.243,-317.225,261.52,0.7139,0.6996,0.0309,0.8188,-0.5666,0.092,0.0834,-0.0412,-0.9957,25.5,0.191,0.336,0.369,0.18923,157.3,793.2,132.9,775.7,181.7,810.7,28,0.049,0
28,-30.766,-315.782,261.577,0.7164,0.6973,0.0242,0.8152,-0.5717,0.0929,0.08,-0.0476,-0.9957,25.5,0.1876,0.415,0.361,0.20842,159.0,791.5,134.8,773.9,183.3,809.2,29,0.131,0
29,-29.284,-314.344,261.618,0.7181,0.6957,0.016,0.8115,-0.5768,0.0938,0.0758,-0.0553,-0.9956,25.5,0.183,0.503,0.365,0.23657,160.7,789.8,136.6,772.1,184.9,807.6,30,0.307,0
30,-27.8,-312.909,261.642,0.7191,0.6948,0.0061,0.8078,-0.5817,0.0948,0.0706,-0.0642,-0.9954,25.5,0.1773,0.591,0.356,0.27722,162.5,788.2,138.5,770.3,186.6,806.1,31,0.566,0
31,-26.315,-311.474,261.643,0.7197,0.6942,-0.0053,0.8041,-0.5867,0.0959,0.0644,-0.0744,-0.9952,25.5,0.1709,0.684,0.362,0.31723,164.2,786.5,140.3,768.4,188.2,804.6,33,0.759,0
32,-24.828,-310.042,261.62,0.7211,0.6927,-0.0159,0.8004,-0.5916,0.097,0.0586,-0.0839,-0.9948,25.5,0.1658,0.638,0.357,0.29958,165.9,784.8,142.1,766.6,189.8,803.1,34,0.29,0
33,-23.337,-308.614,261.578,0.7227,0.6907,-0.0248,0.7965,-0.5966,0.0982,0.0538,-0.0919,-0.9943,25.5,0.1611,0.535,0.37,0.25696,167.7,783.1,144.0,764.8,191.5,801.5,35,0.243,0
34,-21.843,-307.19,261.519,0.7247,0.6883,-0.0319,0.7926,-0.6015,0.0995,0.0499,-0.0986,-0.9939,25.5,0.1572,0.445,0.366,0.21524,169.4,781.4,145.9,762.9,193.1,800.0,37,0.63,0
35,-20.344,-305.772,261.448,0.7271,0.6855,-0.0374,0.7887,-0.6065,0.1008,0.047,-0.104,-0.9935,25.5,0.1539,0.352,0.371,0.18373,171.2,779.8,147.7,761.1,194.7,798.5,38,0.07,0
36,-18.84,-304.359,261.366,0.7298,0.6824,-0.0413,0.7846,-0.6115,0.1022,0.045,-0.1082,-0.9931,25.5,0.1511,0.268,0.379,0.15723,173.0,778.1,149.6,759.3,196.4,797.0,40,0.665,0
37,-17.329,-302.954,261.278,0.733,0.6789,-0.0435,0.7805,-0.6166,0.1036,0.044,-0.1111,-0.9928,25.5,0.149,0.177,0.383,0.14505,174.7,776.4,151.5,757.5,198.0,795.5,41,0.079,0
38,-15.812,-301.556,261.188,0.7366,0.6749,-0.0442,0.7762,-0.6217,0.105,0.0439,-0.1129,-0.9926,25.5,0.1475,0.104,0.391,0.15056,176.5,774.8,153.4,755.6,199.7,794.0,43,0.602,0
39,-14.287,-300.166,261.097,0.7406,0.6706,-0.0432,0.7719,-0.6268,0.1064,0.0447,-0.1134,-0.9925,25.5,0.1467,0.054,0.391,0.16529,178.3,773.1,155.3,753.8,201.3,792.5,44,0.112,0
40,-12.753,-298.786,261.01,0.745,0.6658,-0.0407,0.7674,-0.632,0.1078,0.0466,-0.1128,-0.9925,25.5,0.1465,0.114,0.402,0.19353,180.1,771.5,157.3,752.0,203.0,791.0,46,0.569,0
41,-11.211,-297.417,260.925,0.7488,0.6614,-0.044,0.7629,-0.6373,0.1092,0.0447,-0.1166,-0.9922,25.5,0.1449,0.244,0.406,0.1855,181.9,769.9,159.2,750.3,204.7,789.5,47,0.115,0
42,-9.661,-296.055,260.829,0.752,0.6573,-0.0487,0.7582,-0.6426,0.1106,0.0418,-0.1213,-0.9917,25.5,0.1424,0.318,0.414,0.19449,183.7,768.3,161.2,748.5,206.3,788.1,49,0.626,0
43,-8.105,-294.702,260.725,0.7553,0.6534,-0.0517,0.7533,-0.648,0.112,0.0401,-0.1247,-0.9914,25.5,0.1398,0.218,0.425,0.16437,185.5,766.6,163.1,746.7,208.0,786.6,50,0.053,0
44,-6.542,-293.357,260.616,0.7585,0.6495,-0.053,0.7484,-0.6535,0.1133,0.0393,-0.1268,-0.9911,25.5,0.1372,0.13,0.429,0.14454,187.3,765.0,165.1,745.0,209.7,785.2,51,0.646,0
45,-4.972,-292.02,260.507,0.7618,0.6456,-0.0526,0.7432,-0.6592,0.1146,0.0397,-0.1276,-0.991,25.5,0.1346,0.052,0.448,0.14218,189.2,763.5,167.1,743.2,211.4,783.8,53,0.215,0
46,-3.395,-290.69,260.4,0.7652,0.6418,-0.0505,0.7379,-0.6649,0.1159,0.0411,-0.1271,-0.991,25.5,0.1321,0.085,0.452,0.153,191.0,761.9,169.1,741.4,213.1,782.4,54,0.379,0
47,-1.812,-289.369,260.3,0.7687,0.6379,-0.0467,0.7323,-0.6708,0.1171,0.0438,-0.1253,-0.9912,25.5,0.1295,0.186,0.471,0.17961,192.9,760.3,171.1,739.7,214.8,781.0,56,0.54,0
48,-0.221,-288.056,260.209,0.7722,0.634,-0.0409,0.7266,-0.6768,0.1183,0.0477,-0.1221,-0.9914,25.5,0.1272,0.289,0.479,0.21687,194.7,758.8,173.1,738.0,216.4,779.6,57,0.027,0
49,1.378,-286.751,260.132,0.7759,0.63,-0.0331,0.7206,-0.6829,0.1194,0.0531,-0.1174,-0.9917,25.5,0.1249,0.411,0.494,0.26404,196.6,757.2,175.2,736.2,218.1,778.3,58,0.582,0
50,2.984,-285.454,260.074,0.7796,0.6258,-0.0237,0.7144,-0.6892,0.1205,0.0595,-0.1118,-0.992,25.5,0.1228,0.488,0.51,0.30355,198.5,755.7,177.2,734.5,219.8,776.9,60,0.374,0
51,4.597,-284.166,260.032,0.7829,0.622,-0.0167,0.708,-0.6957,0.1216,0.0644,-0.1078,-0.9921,25.5,0.1195,0.362,0.526,0.23921,200.4,754.2,179.3,732.8,221.5,775.6,61,0.179,0
52,6.217,-282.886,260.004,0.7863,0.6177,-0.0106,0.7012,-0.7023,0.1225,0.0687,-0.1045,-0.9921,25.5,0.1162,0.311,0.545,0.22756,202.3,752.7,181.4,731.1,223.2,774.3,62,0.733,0
53,7.844,-281.615,259.988,0.7901,0.613,-0.0054,0.6942,-0.7092,0.1234,0.0723,-0.1019,-0.9922,25.5,0.1131,0.254,0.565,0.22124,204.2,751.2,183.5,729.4,224.9,773.0,64,0.216,0
54,9.48,-280.355,259.981,0.7941,0.6078,-0.0012,0.6867,-0.7162,0.1243,0.0751,-0.1002,-0.9921,25.5,0.1099,0.188,0.59,0.21613,206.1,749.7,185.6,727.7,226.6,771.8,65,0.351,0
55,11.124,-279.105,259.982,0.7983,0.6022,0.0019,0.679,-0.7234,0.1251,0.0772,-0.0992,-0.9921,25.5,0.1067,0.133,0.606,0.21242,208.0,748.2,187.8,726.1,228.3,770.5,67,0.562,0
56,12.777,-277.868,259.988,0.8029,0.5961,0.0039,0.6707,-0.7309,0.1259,0.0784,-0.099,-0.992,25.5,0.1033,0.07,0.643,0.21913,209.9,746.8,190.0,724.4,230.0,769.3,68,0.035,0
57,14.44,-276.644,259.997,0.8077,0.5896,0.0048,0.6621,-0.7386,0.1266,0.0786,-0.0996,-0.9919,25.5,0.0999,0.037,0.663,0.22558,211.9,745.4,192.1,722.7,231.7,768.1,69,0.63,0
58,16.113,-275.433,260.007,0.8128,0.5825,0.0045,0.653,-0.7466,0.1273,0.0779,-0.101,-0.9918,25.5,0.0964,0.09,0.695,0.24271,213.8,744.0,194.4,721.1,233.4,766.9,71,0.197,0
59,17.796,-274.237,260.021,0.8172,0.5763,0.0097,0.6433,-0.7548,0.128,0.0814,-0.0988,-0.9918,25.5,0.092,0.237,0.729,0.25557,215.8,742.6,196.6,719.4,235.1,765.8,72,0.443,0
60,19.488,-273.054,260.046,0.8218,0.5696,0.014,0.6332,-0.7632,0.1286,0.0842,-0.0972,-0.9917,25.5,0.0874,0.185,0.753,0.25512,217.8,741.2,198.9,717.8,236.7,764.7,74,0.294,0
61,21.19,-271.885,260.078,0.8267,0.5624,0.0166,0.6227,-0.7717,0.1291,0.0858,-0.0967,-0.9916,25.5,0.0829,0.096,0.775,0.25218,219.8,739.8,201.2,716.2,238.4,763.6,75,0.397,0
62,22.903,-270.732,260.113,0.8317,0.5549,0.0174,0.6118,-0.7803,0.1297,0.0858,-0.0975,-0.9915,25.5,0.0781,0.046,0.796,0.25111,221.8,738.5,203.5,714.6,240.1,762.5,77,0.23,0
63,24.625,-269.594,260.148,0.8368,0.5473,0.0163,0.6007,-0.7888,0.1302,0.0843,-0.0994,-0.9915,25.5,0.0731,0.139,0.802,0.25579,223.8,737.2,205.9,713.0,241.8,761.4,78,0.519,0
64,26.358,-268.471,260.179,0.8418,0.5397,0.0134,0.5893,-0.7973,0.1307,0.0813,-0.1024,-0.9914,25.5,0.0675,0.243,0.815,0.26495,225.8,735.9,208.2,711.5,243.5,760.4,80,0.012,0
65,28.101,-267.365,260.202,0.8466,0.5321,0.0087,0.5777,-0.8056,0.1311,0.0769,-0.1062,-0.9914,25.5,0.0616,0.333,0.818,0.28147,227.9,734.6,210.6,709.9,245.2,759.3,82,0.41,0
66,29.855,-266.273,260.215,0.8509,0.5253,0.0039,0.5661,-0.8138,0.1316,0.0724,-0.1099,-0.9913,25.5,0.0547,0.334,0.814,0.25987,229.9,733.3,213.0,708.4,246.9,758.3,83,0.445,0
67,31.616,-265.195,260.22,0.8551,0.5185,0.0007,0.5546,-0.8216,0.132,0.0691,-0.1126,-0.9912,25.5,0.0483,0.244,0.796,0.2389,232.0,732.0,215.4,706.9,248.6,757.3,85,0.151,0
68,33.386,-264.132,260.218,0.8595,0.5112,-0.0017,0.5432,-0.8291,0.1325,0.0664,-0.1149,-0.9912,25.5,0.0428,0.203,0.782,0.24571,234.0,730.8,217.8,705.5,250.3,756.2,87,0.078,0
69,35.165,-263.084,260.213,0.864,0.5035,-0.0032,0.5324,-0.836,0.1329,0.0642,-0.1166,-0.9911,25.5,0.0386,0.159,0.735,0.25094,236.1,729.6,220.2,704.0,252.1,755.2,89,0.251,0
70,36.954,-262.053,260.206,0.8684,0.4959,-0.0039,0.5222,-0.8423,0.1332,0.0628,-0.1178,-0.9911,25.5,0.0353,0.106,0.687,0.24444,238.2,728.4,222.6,702.6,253.9,754.2,91,0.394,0
71,38.751,-261.036,260.198,0.8725,0.4885,-0.0037,0.5129,-0.848,0.1335,0.0622,-0.1184,-0.991,25.5,0.0328,0.049,0.625,0.2348,240.3,727.2,224.9,701.3,255.7,753.2,93,0.529,0
72,40.557,-260.035,260.191,0.8764,0.4816,-0.0027,0.5048,-0.8528,0.1337,0.0621,-0.1187,-0.991,25.5,0.0313,0.018,0.54,0.22165,242.4,726.0,227.3,700.0,257.6,752.2,94,0.423,0
73,42.37,-259.047,260.187,0.8799,0.4752,-0.0012,0.498,-0.8568,0.1339,0.0626,-0.1185,-0.991,25.5,0.0309,0.031,0.452,0.20669,244.5,724.8,229.6,698.7,259.5,751.1,96,0.197,0
74,44.19,-258.075,260.187,0.8849,0.4658,0.0021,0.4927,-0.8598,0.134,0.0643,-0.1176,-0.991,25.5,0.0358,0.11,0.349,0.30952,246.7,723.7,231.9,697.5,261.5,750.1,98,0.16,0
75,46.022,-257.123,260.195,0.8898,0.4564,0.0052,0.489,-0.8619,0.1341,0.0657,-0.1169,-0.991,25.5,0.0424,0.09,0.244,0.30643,248.8,722.6,234.1,696.3,263.5,749.0,99,0.628,0
76,47.864,-256.188,260.208,0.8933,0.4494,0.007,0.4868,-0.8632,0.1341,0.0664,-0.1165,-0.991,25.5,0.0479,0.046,0.146,0.22277,251.0,721.5,236.4,695.2,265.6,748.0,101,0.055,0
77,49.712,-255.266,260.223,0.8959,0.4442,0.0077,0.4859,-0.8637,0.134,0.0663,-0.1164,-0.991,25.5,0.0527,0.008,0.059,0.16244,253.1,720.4,238.5,694.1,267.8,746.9,102,0.579,0
78,51.564,-254.352,260.239,0.8977,0.4404,0.0076,0.4863,-0.8635,0.1338,0.0656,-0.1166,-0.991,25.5,0.0573,0.042,0.028,0.11666,255.3,719.4,240.7,693.0,269.9,745.8,104,0.512,0
79,53.42,-253.445,260.254,0.899,0.4379,0.0066,0.4877,-0.8627,0.1336,0.0643,-0.1171,-0.991,25.5,0.0615,0.08,0.093,0.08293,257.5,718.3,242.8,692.0,272.2,744.7,105,0.172,0
80,55.278,-252.542,260.266,0.8997,0.4365,0.0049,0.4901,-0.8614,0.1333,0.0625,-0.1178,-0.9911,25.5,0.0656,0.111,0.157,0.06411,259.6,717.3,244.9,691.0,274.4,743.6,106,0.178,0
81,57.136,-251.642,260.274,0.8999,0.4361,0.0022,0.4933,-0.8596,0.1329,0.0601,-0.1188,-0.9911,25.5,0.0693,0.149,0.212,0.07593,261.8,716.2,247.0,690.0,276.7,742.5,107,0.334,0
82,58.994,-250.74,260.275,0.8995,0.4369,-0.0013,0.4973,-0.8574,0.1325,0.0569,-0.1202,-0.9911,25.5,0.0726,0.2,0.263,0.10024,264.0,715.1,249.0,689.0,279.0,741.4,108,0.399,0
83,60.85,-249.837,260.267,0.8986,0.4388,-0.006,0.5017,-0.8549,0.132,0.0529,-0.122,-0.9911,25.5,0.0749,0.251,0.291,0.14286,266.1,714.1,251.1,688.0,281.3,740.3,109,0.361,0
84,62.704,-248.927,260.249,0.8969,0.4422,-0.0122,0.5066,-0.8521,0.1314,0.0479,-0.1244,-0.9911,25.5,0.076,0.318,0.325,0.20176,268.3,713.0,253.1,687.0,283.6,739.1,110,0.223,0
85,64.555,-248.009,260.216,0.8942,0.4473,-0.0203,0.5118,-0.8491,0.1307,0.0414,-0.1276,-0.991,25.5,0.0752,0.415,0.346,0.2758,270.5,711.9,255.1,686.1,285.9,737.9,111,0.019,0
86,66.398,-247.082,260.167,0.8936,0.4481,-0.0252,0.5172,-0.8459,0.13,0.0371,-0.1296,-0.9909,25.5,0.0798,0.272,0.362,0.1388,272.6,710.9,257.1,685.1,288.2,736.7,112,0.336,0
87,68.244,-246.159,260.112,0.8945,0.4463,-0.0281,0.5227,-0.8427,0.1291,0.0341,-0.1307,-0.9908,25.5,0.0878,0.183,0.368,0.09793,274.8,709.8,259.1,684.1,290.6,735.6,113,0.746,0
88,70.091,-245.239,260.05,0.8945,0.4459,-0.0323,0.5283,-0.8393,0.1282,0.0302,-0.1323,-0.9907,25.5,0.0942,0.242,0.379,0.11707,276.9,708.7,261.0,683.1,292.9,734.4,114,1.238,0
89,71.938,-244.317,259.978,0.8937,0.4471,-0.0381,0.534,-0.8359,0.1272,0.0251,-0.1347,-0.9906,25.5,0.0987,0.323,0.385,0.16579,279.1,707.6,263.0,682.1,295.2,733.2,114,0.832,0
90,73.782,-243.391,259.892,0.8918,0.4501,-0.0456,0.5399,-0.8322,0.126,0.0188,-0.1377,-0.9903,25.5,0.1012,0.4,0.405,0.23025,281.2,706.5,265.0,681.1,297.5,731.9,115,0.265,0
91,75.62,-242.456,259.788,0.8887,0.4551,-0.055,0.546,-0.8285,0.1247,0.0113,-0.1416,-0.9899,25.5,0.1013,0.485,0.415,0.30772,283.4,705.4,267.0,680.1,299.9,730.7,116,0.386,0
92,77.451,-241.51,259.663,0.8842,0.4623,-0.0665,0.5522,-0.8245,0.1233,0.0022,-0.1465,-0.9892,25.5,0.0989,0.594,0.43,0.39667,285.5,704.2,268.9,679.1,302.2,729.4,117,1.098,0
93,79.271,-240.546,259.512,0.8781,0.4717,-0.0802,0.5586,-0.8204,0.1218,-0.0084,-0.1524,-0.9883,25.5,0.0938,0.697,0.444,0.49115,287.6,703.1,270.8,678.1,304.5,728.2,117,0.967,0
94,81.076,-239.56,259.33,0.8701,0.4834,-0.096,0.5652,-0.8162,0.12,-0.0204,-0.1593,-0.987,25.5,0.0857,0.797,0.46,0.58896,289.7,701.9,272.7,677.1,306.8,726.8,118,0.193,0
95,82.867,-238.553,259.12,0.8642,0.4915,-0.1079,0.572,-0.8117,0.1182,-0.0296,-0.1644,-0.9859,25.5,0.0826,0.606,0.478,0.43166,291.8,700.7,274.6,676.0,309.1,725.5,119,0.631,0
96,84.644,-237.53,258.883,0.8576,0.4998,-0.1215,0.579,-0.807,0.1161,-0.0401,-0.1705,-0.9845,25.5,0.0791,0.7,0.498,0.4785,293.9,699.5,276.5,674.9,311.3,724.1,119,1.434,0
97,86.408,-236.489,258.617,0.8503,0.5082,-0.1369,0.5861,-0.8022,0.1139,-0.0521,-0.1776,-0.9827,25.5,0.0751,0.806,0.507,0.52728,295.9,698.2,278.3,673.8,313.6,722.6,120,0.568,0
98,88.155,-235.431,258.317,0.8422,0.5166,-0.1541,0.5934,-0.7972,0.1114,-0.0655,-0.1858,-0.9804,25.5,0.0708,0.91,0.527,0.57676,297.9,696.9,280.1,672.7,315.8,721.2,121,0.332,0
99,89.886,-234.356,257.979,0.8334,0.5248,-0.1732,0.6008,-0.792,0.1087,-0.0802,-0.1951,-0.9775,25.5,0.0662,1.01,0.541,0.62632,299.9,695.6,281.9,671.6,318.0,719.7,122,1.26,0
100,91.597,-233.264,257.6,0.8238,0.5326,-0.1939,0.6083,-0.7866,0.1059,-0.0963,-0.2056,-0.9739,25.5,0.0616,1.12,0.553,0.66913,301.9,694.2,283.6,670.4,320.2,718.2,122,0.806,0
101,93.287,-232.156,257.179,0.8131,0.5411,-0.2144,0.6159,-0.7811,0.1027,-0.1121,-0.2159,-0.97,25.5,0.0561,1.103,0.568,0.68371,303.8,692.9,285.4,669.2,322.4,716.6,123,0.145,0
102,94.954,-231.029,256.714,0.8012,0.55,-0.2357,0.6235,-0.7755,0.0994,-0.1283,-0.2268,-0.9654,25.5,0.0496,1.149,0.573,0.72065,305.8,691.5,287.1,668.0,324.5,715.0,124,1.11,0
103,96.595,-229.884,256.204,0.7882,0.5585,-0.2585,0.6312,-0.7697,0.0957,-0.1457,-0.2388,-0.9601,25.5,0.0429,1.249,0.592,0.76556,307.6,690.1,288.7,666.8,326.6,713.4,124,0.955,0
104,98.208,-228.723,255.646,0.7741,0.5666,-0.2825,0.6389,-0.7638,0.0918,-0.1639,-0.2517,-0.9538,25.5,0.0359,1.328,0.599,0.80445,309.5,688.6,290.3,665.5,328.7,711.7,125,0.025,0
105,99.792,-227.545,255.037,0.7591,0.5739,-0.3073,0.6467,-0.7577,0.0875,-0.1827,-0.2653,-0.9467,25.5,0.0292,1.39,0.619,0.82935,311.3,687.1,291.9,664.3,330.7,710.1,126,1.012,0
106,101.343,-226.353,254.376,0.7428,0.5811,-0.3325,0.6545,-0.7515,0.0829,-0.2017,-0.2793,-0.9388,25.5,0.0219,1.426,0.629,0.85643,313.0,685.6,293.5,663.0,332.7,708.3,126,1.053,0
107,102.858,-225.145,253.664,0.7252,0.5883,-0.3577,0.6623,-0.7452,0.078,-0.2206,-0.2935,-0.9302,25.5,0.014,1.441,0.639,0.87606,314.7,684.1,295.0,661.7,334.6,706.6,127,0.062,0
108,104.338,-223.924,252.9,0.7073,0.5944,-0.3825,0.67,-0.7388,0.0728,-0.2393,-0.3078,-0.9209,25.5,0.0069,1.45,0.646,0.86545,316.4,682.5,296.4,660.3,336.5,704.8,128,0.928,0
109,105.779,-222.691,252.084,0.6889,0.5996,-0.4074,0.6778,-0.7322,0.0672,-0.258,-0.3224,-0.9108,25.5,0.0005,1.477,0.668,0.87114,318.0,681.0,297.8,659.0,338.3,703.0,128,1.137,0
110,107.182,-221.448,251.217,0.6698,0.6037,-0.4324,0.6855,-0.7255,0.0612,-0.2767,-0.3374,-0.8998,25.5,0.0053,1.511,0.678,0.88037,319.6,679.4,299.2,657.6,340.0,701.2,129,0.153,0
111,108.544,-220.198,250.298,0.649,0.6078,-0.4576,0.6931,-0.7187,0.0549,-0.2956,-0.3529,-0.8878,25.5,0.0121,1.56,0.687,0.91388,321.1,677.8,300.5,656.3,341.7,699.3,130,0.824,0
112,109.862,-218.939,249.327,0.6266,0.6113,-0.4833,0.7007,-0.7118,0.0482,-0.3146,-0.3689,-0.8746,25.5,0.0194,1.612,0.702,0.95102,322.5,676.2,301.7,654.9,343.4,697.4,130,1.241,0
113,111.132,-217.674,248.302,0.6032,0.6138,-0.5093,0.7082,-0.7048,0.0411,-0.3339,-0.3856,-0.8601,25.5,0.0264,1.682,0.715,0.97314,323.9,674.5,302.9,653.5,345.0,695.6,131,0.276,0
114,112.352,-216.405,247.223,0.5786,0.6152,-0.5356,0.7155,-0.6978,0.0336,-0.3533,-0.4029,-0.8443,25.5,0.0333,1.743,0.721,1.00007,325.2,672.9,304.0,652.1,346.5,693.7,132,0.679,1
115,113.52,-215.134,246.09,0.5523,0.6157,-0.562,0.7227,-0.6907,0.0257,-0.3727,-0.4207,-0.8271,25.5,0.0406,1.802,0.735,1.03416,326.5,671.2,305.1,650.7,347.9,691.7,132,1.386,1
116,114.632,-213.862,244.902,0.5244,0.6158,-0.588,0.7296,-0.6836,0.0174,-0.3918,-0.4387,-0.8087,25.5,0.0486,1.837,0.74,1.05836,327.7,669.6,306.1,649.3,349.3,689.8,133,0.445,1
117,115.686,-212.592,243.662,0.4967,0.6145,-0.613,0.7364,-0.6765,0.0086,-0.41,-0.4564,-0.7897,25.5,0.0552,1.817,0.756,1.03605,328.8,667.9,307.1,647.9,350.5,687.9,134,0.483,1
118,116.684,-211.326,242.372,0.4698,0.6117,-0.6365,0.7429,-0.6694,-0.0005,-0.4271,-0.4735,-0.7703,25.5,0.0601,1.776,0.759,0.99424,329.8,666.2,308.0,646.5,351.7,686.0,135,1.394,1
119,117.627,-210.066,241.035,0.4435,0.608,-0.6586,0.7492,-0.6623,-0.0101,-0.4432,-0.4899,-0.7507,25.5,0.0638,1.731,0.774,0.95877,330.8,664.6,308.8,645.1,352.9,684.0,135,0.671,1
120,118.513,-208.815,239.652,0.415,0.6043,-0.6801,0.7552,-0.6551,-0.0202,-0.4589,-0.5065,-0.73,25.5,0.0687,1.767,0.789,0.99594,331.7,662.9,309.5,643.7,353.9,682.1,136,0.218,1
121,119.342,-207.572,238.227,0.3878,0.5994,-0.7002,0.761,-0.648,-0.0307,-0.4734,-0.5223,-0.7093,25.5,0.0718,1.708,0.799,0.94833,332.6,661.2,310.2,642.3,354.8,680.2,137,1.081,1
122,120.115,-206.34,236.761,0.3614,0.5932,-0.7194,0.7665,-0.6408,-0.0418,-0.4871,-0.5378,-0.6882,25.5,0.073,1.693,0.821,0.92203,333.3,659.6,310.9,640.9,355.7,678.2,137,0.984,1
123,120.834,-205.122,235.256,0.335,0.5856,-0.7382,0.7717,-0.6337,-0.0533,-0.5003,-0.5533,-0.666,25.5,0.0732,1.726,0.83,0.92371,334.0,658.0,311.5,639.6,356.5,676.3,138,0.153,1
124,121.497,-203.921,233.713,0.3063,0.5778,-0.7565,0.7767,-0.6265,-0.0654,-0.5132,-0.5691,-0.6425,25.5,0.0746,1.783,0.856,0.96904,334.6,656.4,312.0,638.2,357.2,674.5,139,0.64,1
125,122.1,-202.737,232.133,0.278,0.5693,-0.7737,0.7813,-0.6193,-0.078,-0.5251,-0.5845,-0.6186,25.5,0.075,1.766,0.872,0.94879,335.2,654.8,312.5,636.9,357.9,672.6,140,1.386,1
126,122.645,-201.571,230.518,0.2503,0.5595,-0.7901,0.7855,-0.6121,-0.0912,-0.5361,-0.5994,-0.5944,25.5,0.0738,1.746,0.894,0.93375,335.7,653.2,312.9,635.6,358.4,670.7,140,0.679,1
127,123.134,-200.427,228.87,0.2232,0.5486,-0.8057,0.7894,-0.6048,-0.1049,-0.5463,-0.6142,-0.5695,25.5,0.0711,1.76,0.917,0.91893,336.1,651.6,313.2,634.3,358.9,668.9,141,0.02,1
128,123.566,-199.306,227.191,0.1941,0.5367,-0.8212,0.7929,-0.5976,-0.1193,-0.556,-0.6295,-0.5428,25.5,0.0689,1.849,0.944,0.97272,336.4,650.1,313.5,633.1,359.2,667.1,142,0.651,1
129,123.936,-198.211,225.48,0.165,0.5244,-0.8353,0.796,-0.5902,-0.1343,-0.5647,-0.6442,-0.5159,25.5,0.066,1.826,0.975,0.96002,336.7,648.6,313.7,631.9,359.5,665.3,143,1.23,1
130,124.248,-197.14,223.742,0.138,0.5122,-0.8477,0.7986,-0.5828,-0.15,-0.572,-0.6575,-0.4904,25.5,0.0611,1.7,1.006,0.89129,336.9,647.1,313.9,630.7,359.8,663.5,143,0.836,1
131,124.508,-196.095,221.98,0.1134,0.5001,-0.8585,0.8008,-0.5754,-0.1664,-0.578,-0.6696,-0.4664,25.5,0.0541,1.578,1.039,0.81764,337.0,645.7,314.1,629.5,359.9,661.8,144,0.319,1
132,124.717,-195.075,220.197,0.0879,0.4874,-0.8687,0.8024,-0.5678,-0.1835,-0.5834,-0.6817,-0.4415,25.5,0.0468,1.616,1.076,0.83967,337.1,644.3,314.1,628.4,359.9,660.1,145,0.135,1
133,124.871,-194.083,218.393,0.0616,0.4741,-0.8783,0.8035,-0.5602,-0.2015,-0.5879,-0.6938,-0.4158,25.5,0.0391,1.648,1.121,0.8601,337.1,642.9,314.2,627.3,359.9,658.4,146,0.518,1
134,124.973,-193.117,216.571,0.038,0.4612,-0.8865,0.804,-0.5523,-0.2203,-0.5914,-0.7047,-0.392,25.5,0.0289,1.513,1.169,0.78023,337.1,641.5,314.2,626.3,359.8,656.7,147,0.827,1
135,125.029,-192.178,214.733,0.0166,0.4484,-0.8937,0.8039,-0.5442,-0.24,-0.5941,-0.7145,-0.3695,25.5,0.0162,1.415,1.22,0.72018,337.0,640.2,314.2,625.2,359.6,655.1,148,1.056,1
136,125.043,-191.266,212.88,-0.0047,0.435,-0.9004,0.803,-0.5359,-0.2607,-0.5959,-0.7243,-0.3468,25.5,0.0022,1.42,1.279,0.72261,336.8,638.9,314.1,624.3,359.4,653.5,148,1.009,1
137,125.008,-190.382,211.014,-0.0289,0.4206,-0.9068,0.8015,-0.5271,-0.2825,-0.5968,-0.735,-0.3219,25.5,0.0113,1.554,1.35,0.80135,336.6,637.7,314.0,623.4,359.0,651.9,149,0.868,1
138,124.925,-189.528,209.136,-0.0506,0.4065,-0.9123,0.799,-0.518,-0.3055,-0.5969,-0.7446,-0.2987,25.5,0.0277,1.439,1.424,0.73409,336.4,636.5,313.9,622.5,358.6,650.3,150,0.82,1
139,124.8,-188.703,207.247,-0.0703,0.3923,-0.9171,0.7955,-0.5084,-0.3298,-0.5963,-0.7536,-0.2767,25.5,0.0471,1.362,1.51,0.68687,336.0,635.3,313.7,621.7,358.1,648.7,151,0.862,1
140,124.636,-187.908,205.349,-0.0898,0.3774,-0.9217,0.7908,-0.4983,-0.3555,-0.5949,-0.7626,-0.2543,25.5,0.0686,1.385,1.605,0.69285,335.7,634.1,313.6,620.9,357.5,647.2,153,0.862,1
141,124.425,-187.147,203.441,-0.1134,0.3603,-0.9259,0.7846,-0.4876,-0.3828,-0.5918,-0.773,-0.2284,25.5,0.0898,1.609,1.717,0.81706,335.3,633.0,313.5,620.2,356.9,645.7,154,0.566,1
142,124.17,-186.419,201.525,-0.1334,0.3446,-0.9292,0.7769,-0.4764,-0.4117,-0.5884,-0.782,-0.2055,25.5,0.1147,1.423,1.83,0.71148,334.8,631.9,313.3,619.6,356.1,644.2,155,0.19,1
143,123.877,-185.723,199.604,-0.1495,0.3303,-0.9319,0.7672,-0.4646,-0.4421,-0.5851,-0.7893,-0.1859,25.5,0.1438,1.213,1.949,0.60222,334.3,630.9,313.2,619.0,355.2,642.7,156,0.264,1
144,123.554,-185.056,197.676,-0.1646,0.3132,-0.9353,0.7554,-0.4522,-0.4742,-0.5807,-0.7973,-0.1648,25.5,0.1776,1.317,2.085,0.64003,333.8,629.9,313.1,618.4,354.2,641.2,158,0.662,1
145,123.196,-184.428,195.742,-0.1824,0.2961,-0.9376,0.7411,-0.4391,-0.5078,-0.575,-0.8056,-0.1426,25.5,0.2109,1.397,2.223,0.68787,333.2,628.9,313.0,618.0,353.2,639.7,159,0.016,1
146,122.8,-183.829,193.806,-0.2006,0.2853,-0.9372,0.7243,-0.4253,-0.5426,-0.5704,-0.8118,-0.1251,25.5,0.2419,1.096,2.351,0.58734,332.6,628.0,312.9,617.6,352.0,638.3,161,0.514,1
147,122.367,-183.245,191.873,-0.2194,0.2815,-0.9342,0.7048,-0.4109,-0.5783,-0.5677,-0.8156,-0.1124,25.5,0.2699,0.775,2.473,0.53865,332.0,627.1,312.9,617.2,350.7,636.9,162,0.33,1
148,121.891,-182.674,189.947,-0.2406,0.2714,-0.9319,0.6825,-0.3956,-0.6146,-0.5616,-0.822,-0.0944,25.5,0.3012,1.149,2.594,0.65471,331.3,626.2,313.0,616.9,349.2,635.4,164,0.077,1
149,121.375,-182.123,188.025,-0.2586,0.263,-0.9295,0.6574,-0.3797,-0.6509,-0.5563,-0.8272,-0.0793,25.5,0.3351,0.964,2.688,0.55519,330.5,625.4,313.0,616.6,347.7,634.0,166,0.066,1
150,120.826,-181.587,186.108,-0.2727,0.2565,-0.9273,0.6296,-0.3632,-0.6868,-0.5527,-0.8307,-0.0673,25.5,0.372,0.745,2.768,0.43511,329.8,624.5,313.1,616.3,346.0,632.6,168,0.143,1
151,120.246,-181.06,184.197,-0.2909,0.2536,-0.9225,0.5991,-0.3463,-0.7219,-0.5494,-0.8337,-0.056,25.5,0.4039,0.696,2.835,0.52845,329.0,623.7,313.3,616.1,344.3,631.2,170,0.225,1
152,119.629,-180.544,182.296,-0.3051,0.246,-0.92,0.5665,-0.3291,-0.7555,-0.5445,-0.8377,-0.0434,25.5,0.4413,0.808,2.858,0.45226,328.1,622.9,313.5,615.9,342.4,629.8,172,0.372,1
153,118.992,-180.049,180.395,-0.3107,0.2321,-0.9217,0.5325,-0.3121,-0.7868,-0.5386,-0.842,-0.0305,25.5,0.4873,0.849,2.822,0.4185,327.3,622.1,313.6,615.7,340.5,628.4,173,0.542,1
154,118.35,-179.587,178.487,-0.3127,0.2157,-0.925,0.4978,-0.2957,-0.8153,-0.5318,-0.8467,-0.0176,25.5,0.5347,0.878,2.739,0.46748,326.4,621.4,313.8,615.5,338.6,627.1,175,0.182,1
155,117.697,-179.155,176.576,-0.3189,0.203,-0.9258,0.4631,-0.2802,-0.8408,-0.5252,-0.851,-0.0057,25.5,0.5738,0.818,2.623,0.39279,325.5,620.7,314.0,615.3,336.7,625.9,177,0.355,1
156,117.036,-178.748,174.663,-0.3212,0.1912,-0.9275,0.4286,-0.2657,-0.8636,-0.5206,-0.8538,0.0043,25.5,0.6125,0.651,2.511,0.3369,324.6,620.0,314.1,615.1,334.8,624.7,178,0.345,1
157,116.373,-178.365,172.745,-0.3199,0.1802,-0.9302,0.3942,-0.2522,-0.8838,-0.5185,-0.855,0.0127,25.5,0.6506,0.501,2.413,0.31631,323.7,619.3,314.3,614.9,332.9,623.6,180,0.446,1
158,115.714,-178.005,170.822,-0.3202,0.1679,-0.9323,0.3601,-0.2397,-0.9016,-0.5145,-0.8572,0.0224,25.5,0.685,0.614,2.317,0.34634,322.9,618.7,314.4,614.6,331.1,622.6,181,0.128,1
159,115.051,-177.671,168.895,-0.3215,0.1566,-0.9339,0.3263,-0.2282,-0.9173,-0.511,-0.859,0.0319,25.5,0.716,0.589,2.235,0.31872,322.0,618.1,314.5,614.4,329.2,621.6,182,0.663,1
160,114.389,-177.356,166.965,-0.3193,0.149,-0.9359,0.2931,-0.2178,-0.9309,-0.5137,-0.8571,0.0388,25.5,0.7452,0.438,2.14,0.22644,321.1,617.5,314.6,614.2,327.4,620.7,184,0.455,1
161,113.734,-177.053,165.03,-0.3141,0.1448,-0.9383,0.2606,-0.2086,-0.9426,-0.5231,-0.8512,0.0437,25.5,0.7724,0.695,2.048,0.19705,320.2,616.9,314.7,613.9,325.6,619.9,185,0.045,1
162,113.094,-176.756,163.09,-0.3062,0.1434,-0.9411,0.2289,-0.2005,-0.9526,-0.5393,-0.8408,0.0473,25.5,0.7977,1.122,1.96,0.23579,319.4,616.4,314.7,613.6,323.9,619.1,186,0.322,1
163,112.466,-176.47,161.143,-0.3022,0.1345,-0.9437,0.1983,-0.1936,-0.9608,-0.546,-0.8359,0.0557,25.5,0.8207,0.677,1.858,0.2802,318.5,615.8,314.8,613.3,322.2,618.3,187,0.644,1
164,111.846,-176.197,159.192,-0.298,0.1299,-0.9457,0.1687,-0.1879,-0.9676,-0.5598,-0.8263,0.0629,25.5,0.8404,1.048,1.771,0.18152,317.7,615.3,314.8,612.9,320.5,617.6,189,0.916,1
165,111.235,-175.93,157.238,-0.2938,0.1294,-0.9471,0.1402,-0.1834,-0.973,-0.5806,-0.8112,0.0693,25.5,0.8566,1.518,1.682,0.12362,316.9,614.8,314.8,612.5,318.9,617.0,190,0.736,1
166,110.633,-175.66,155.281,-0.2893,0.1324,-0.948,0.1127,-0.1801,-0.9772,-0.6085,-0.79,0.0754,25.5,0.8699,2.038,1.605,0.15211,316.1,614.3,314.8,612.1,317.4,616.3,191,0.605,1
167,110.04,-175.381,153.323,-0.2847,0.1387,-0.9485,0.0863,-0.1779,-0.9803,-0.6429,-0.7616,0.0816,25.5,0.8806,2.581,1.528,0.2169,315.3,613.7,314.7,611.6,315.9,615.7,192,0.518,1
168,109.458,-175.09,151.364,-0.2783,0.1406,-0.9502,0.061,-0.1767,-0.9824,-0.6758,-0.7316,0.0897,25.5,0.8917,2.593,1.456,0.19116,314.5,613.2,314.6,611.1,314.4,615.2,193,0.469,1
169,108.89,-174.801,149.4,-0.2725,0.1404,-0.9518,0.0367,-0.1767,-0.9836,-0.7074,-0.6998,0.0993,25.5,0.9014,2.627,1.394,0.167,313.8,612.6,314.5,610.6,313.0,614.6,194,0.453,1
170,108.331,-174.508,147.433,-0.2688,0.1432,-0.9525,0.0135,-0.1777,-0.984,-0.7409,-0.6626,0.1095,25.5,0.9082,2.928,1.331,0.13019,313.0,612.1,314.4,610.0,311.6,614.1,195,0.463,1
171,107.778,-174.207,145.466,-0.2669,0.1489,-0.9522,-0.0087,-0.1798,-0.9837,-0.775,-0.6204,0.1203,25.5,0.9122,3.17,1.278,0.16691,312.3,611.5,314.3,609.4,310.3,613.6,196,0.493,1
172,107.228,-173.891,143.501,-0.2667,0.1574,-0.9508,-0.0299,-0.183,-0.9827,-0.808,-0.5743,0.1315,25.5,0.9135,3.312,1.23,0.23908,311.5,611.0,314.2,608.7,309.0,613.1,197,0.536,1
173,106.676,-173.555,141.54,-0.2681,0.169,-0.9485,-0.0501,-0.1872,-0.981,-0.8383,-0.5261,0.1432,25.5,0.9123,3.331,1.186,0.33039,310.8,610.4,314.0,608.0,307.7,612.7,198,0.588,1
174,106.12,-173.192,139.585,-0.2687,0.1812,-0.946,-0.0692,-0.1926,-0.9788,-0.8659,-0.4757,0.1548,25.5,0.9096,3.359,1.144,0.34599,310.0,609.8,313.7,607.2,306.5,612.2,199,0.642,1
175,105.568,-172.81,137.632,-0.2661,0.1892,-0.9452,-0.0874,-0.1989,-0.9761,-0.8906,-0.4233,0.166,25.5,0.9082,3.381,1.114,0.23445,309.3,609.1,313.5,606.4,305.2,611.8,200,0.691,1
176,105.02,-172.41,135.682,-0.2654,0.1979,-0.9436,-0.1046,-0.2064,-0.9729,-0.91,-0.3748,0.1774,25.5,0.9049,3.064,1.091,0.24621,308.6,608.5,313.2,605.5,304.1,611.3,201,0.731,1
177,104.471,-171.992,133.736,-0.2666,0.2074,-0.9412,-0.1208,-0.215,-0.9691,-0.9243,-0.3316,0.1887,25.5,0.8997,2.687,1.073,0.27391,307.9,607.8,312.9,604.6,302.9,610.9,202,0.755,1
178,103.918,-171.553,131.795,-0.2696,0.2177,-0.938,-0.1359,-0.2247,-0.9649,-0.9344,-0.2946,0.2002,25.5,0.8928,2.294,1.056,0.31064,307.1,607.1,312.6,603.6,301.8,610.5,203,0.759,1
179,103.356,-171.092,129.862,-0.2747,0.2293,-0.9338,-0.1499,-0.2356,-0.9602,-0.9408,-0.2646,0.2118,25.5,0.8838,1.879,1.052,0.3704,306.4,606.4,312.2,602.6,300.7,610.1,204,0.735,1
180,102.782,-170.605,127.939,-0.2802,0.2423,-0.9288,-0.1628,-0.2477,-0.9551,-0.9452,-0.2385,0.223,25.5,0.8727,1.647,1.055,0.41553,305.7,605.7,311.8,601.5,299.7,609.7,205,0.679,1
181,102.205,-170.091,126.025,-0.2791,0.256,-0.9255,-0.1746,-0.261,-0.9494,-0.9516,-0.203,0.2308,25.5,0.8606,2.115,1.07,0.39222,304.9,604.9,311.4,600.3,298.6,609.3,206,0.584,1
182,101.627,-169.549,124.118,-0.282,0.2684,-0.9211,-0.1852,-0.2753,-0.9434,-0.9541,-0.1797,0.2398,25.5,0.8473,1.438,1.076,0.37386,304.2,604.1,310.9,599.1,297.6,609.0,207,0.445,1
183,101.038,-168.983,122.221,-0.2892,0.2793,-0.9156,-0.1945,-0.2905,-0.9369,-0.9536,-0.1678,0.25,25.5,0.8329,0.898,1.087,0.39328,303.4,603.3,310.4,597.9,296.6,608.6,208,0.264,1
184,100.429,-168.397,120.337,-0.3009,0.2886,-0.9089,-0.2025,-0.3066,-0.93,-0.9507,-0.1664,0.2619,25.5,0.8177,0.706,1.103,0.45449,302.6,602.5,309.8,596.6,295.7,608.2,209,0.054,1
185,99.792,-167.793,118.468,-0.3171,0.2962,-0.901,-0.2091,-0.3234,-0.9229,-0.9454,-0.1745,0.2754,25.5,0.802,0.952,1.111,0.54276,301.8,601.6,309.1,595.2,294.7,607.8,210,0.181,1
186,99.121,-167.172,116.617,-0.33,0.3073,-0.8926,-0.2143,-0.3407,-0.9154,-0.9413,-0.1783,0.2866,25.5,0.7831,0.717,1.121,0.52658,301.0,600.8,308.4,593.9,293.8,607.5,211,0.417,1
187,98.429,-166.524,114.782,-0.3406,0.3192,-0.8843,-0.218,-0.3583,-0.9078,-0.938,-0.1801,0.2963,25.5,0.7626,0.596,1.119,0.49857,300.1,599.9,307.6,592.5,292.9,607.1,212,0.645,1
188,97.712,-165.856,112.965,-0.3544,0.3275,-0.8759,-0.2203,-0.3761,-0.9,-0.9329,-0.1882,0.3071,25.5,0.7432,0.827,1.121,0.504,299.3,599.0,306.8,591.0,291.9,606.7,213,0.853,1
189,96.964,-165.174,111.165,-0.3711,0.3319,-0.8673,-0.2215,-0.3938,-0.8921,-0.926,-0.2018,0.319,25.5,0.7252,1.108,1.113,0.53533,298.3,598.1,305.9,589.6,291.0,606.3,215,0.91,1
190,96.178,-164.488,109.383,-0.3905,0.3321,-0.8586,-0.2217,-0.4112,-0.8842,-0.9172,-0.2198,0.3322,25.5,0.7092,1.375,1.095,0.58998,297.4,597.1,304.9,588.2,290.1,605.8,216,0.84,1
191,95.35,-163.804,107.619,-0.4093,0.3316,-0.85,-0.2209,-0.4279,-0.8764,-0.9082,-0.2373,0.3448,25.5,0.6935,1.339,1.057,0.57381,296.4,596.2,303.8,586.8,289.2,605.4,217,0.83,1
192,94.489,-163.116,105.873,-0.4251,0.3344,-0.8411,-0.2193,-0.444,-0.8688,-0.9005,-0.2507,0.3554,25.5,0.6755,1.074,1.024,0.50917,295.4,595.3,302.7,585.4,288.2,605.0,218,0.883,1
193,93.594,-162.424,104.146,-0.442,0.3366,-0.8315,-0.217,-0.4593,-0.8614,-0.8917,-0.2659,0.3664,25.5,0.6576,1.187,0.983,0.54273,294.3,594.4,301.6,584.1,287.3,604.5,219,1.001,1
194,92.663,-161.727,102.44,-0.4601,0.338,-0.821,-0.2141,-0.474,-0.8541,-0.8817,-0.2825,0.3778,25.5,0.6395,1.288,0.955,0.58193,293.3,593.5,300.4,582.7,286.3,604.0,219,1.064,1
195,91.693,-161.028,100.756,-0.4791,0.3388,-0.8098,-0.2106,-0.488,-0.8471,-0.8707,-0.3003,0.3895,25.5,0.6215,1.374,0.919,0.61238,292.1,592.6,299.1,581.4,285.3,603.5,220,0.88,1
196,90.684,-160.328,99.096,-0.4986,0.3389,-0.7979,-0.2067,-0.5014,-0.8402,-0.8588,-0.3185,0.4014,25.5,0.6035,1.42,0.892,0.63391,291.0,591.7,297.8,580.1,284.3,602.9,221,0.626,1
197,89.636,-159.628,97.46,-0.516,0.3393,-0.7865,-0.2025,-0.5141,-0.8335,-0.8477,-0.3341,0.412,25.5,0.5856,1.254,0.857,0.57728,289.8,590.8,296.5,578.9,283.2,602.4,222,0.301,1
198,88.553,-158.927,95.848,-0.5328,0.3398,-0.775,-0.198,-0.5262,-0.827,-0.8367,-0.3488,0.4223,25.5,0.5676,1.206,0.828,0.56509,288.5,589.9,295.1,577.6,282.1,601.8,223,0.099,1
199,87.436,-158.225,94.26,-0.5492,0.3402,-0.7634,-0.1932,-0.5379,-0.8206,-0.8255,-0.3629,0.4322,25.5,0.5496,1.177,0.812,0.55748,287.3,589.0,293.7,576.4,281.0,601.2,224,0.575,1
200,86.286,-157.522,92.696,-0.565,0.3406,-0.7515,-0.1881,-0.5489,-0.8144,-0.8144,-0.3763,0.4417,25.5,0.5313,1.136,0.78,0.54896,286.0,588.1,292.2,575.2,279.9,600.7,225,1.117,1
201,85.103,-156.818,91.156,-0.5805,0.341,-0.7394,-0.1828,-0.5596,-0.8084,-0.8031,-0.3893,0.4511,25.5,0.513,1.124,0.766,0.54571,284.6,587.2,290.7,574.0,278.7,600.1,225,0.949,1
202,83.889,-156.114,89.642,-0.5952,0.341,-0.7276,-0.1773,-0.5698,-0.8024,-0.7921,-0.4012,0.4599,25.5,0.4951,1.057,0.748,0.52312,283.3,586.3,289.2,572.8,277.5,599.5,226,0.357,2
203,82.645,-155.41,88.151,-0.6091,0.3407,-0.7162,-0.1716,-0.5796,-0.7966,-0.7814,-0.4124,0.4684,25.5,0.4776,1.012,0.73,0.49887,281.9,585.4,287.6,571.7,276.3,598.9,227,0.266,2
204,81.373,-154.706,86.684,-0.623,0.3407,-0.7041,-0.1658,-0.589,-0.7909,-0.7704,-0.4233,0.4767,25.5,0.4595,1.007,0.712,0.51132,280.5,584.5,286.0,570.5,275.1,598.2,228,0.905,2
205,80.072,-154.003,85.244,-0.6373,0.3408,-0.6912,-0.1597,-0.5982,-0.7853,-0.7587,-0.4345,0.4853,25.5,0.4407,1.051,0.709,0.53439,279.1,583.7,284.4,569.4,273.9,597.6,228,1.16,2
206,78.74,-153.298,83.831,-0.6524,0.3412,-0.6768,-0.1535,-0.607,-0.7797,-0.7461,-0.4462,0.4942,25.5,0.4207,1.109,0.695,0.57903,277.6,582.8,282.7,568.3,272.6,597.0,229,0.521,2
207,77.377,-152.593,82.45,-0.6686,0.3417,-0.6605,-0.1471,-0.6156,-0.7742,-0.732,-0.4587,0.5038,25.5,0.3994,1.212,0.69,0.63775,276.1,581.9,281.0,567.1,271.3,596.4,230,0.101,2
208,75.979,-151.888,81.104,-0.685,0.3411,-0.6438,-0.1405,-0.624,-0.7687,-0.7172,-0.4711,0.5135,25.5,0.3783,1.238,0.688,0.64974,274.6,581.1,279.3,566.0,270.0,595.7,231,0.69,2
209,74.548,-151.184,79.792,-0.7009,0.3404,-0.6268,-0.1336,-0.6322,-0.7632,-0.7023,-0.4829,0.523,25.5,0.3568,1.217,0.69,0.64617,273.0,580.2,277.5,564.9,268.6,595.1,232,1.231,2
210,73.085,-150.482,78.516,-0.7166,0.3403,-0.6088,-0.1266,-0.6402,-0.7577,-0.6871,-0.4943,0.5325,25.5,0.3341,1.217,0.686,0.66281,271.4,579.3,275.7,563.9,267.2,594.5,232,0.834,2
211,71.589,-149.779,77.278,-0.7319,0.3407,-0.5901,-0.1194,-0.648,-0.7522,-0.6719,-0.5051,0.5418,25.5,0.3105,1.194,0.685,0.67057,269.8,578.5,273.9,562.8,265.8,593.9,233,0.349,2
212,70.062,-149.074,76.079,-0.7464,0.3417,-0.571,-0.112,-0.6556,-0.7467,-0.657,-0.5149,0.5507,25.5,0.2859,1.142,0.685,0.666,268.2,577.7,272.0,561.7,264.4,593.2,234,0.078,2
213,68.507,-148.367,74.92,-0.7604,0.3425,-0.5518,-0.1045,-0.6631,-0.7412,-0.6421,-0.5242,0.5594,25.5,0.2613,1.123,0.685,0.65975,266.5,576.8,270.1,560.7,263.0,592.6,235,0.443,2
214,66.922,-147.661,73.801,-0.7745,0.3419,-0.5323,-0.0967,-0.6704,-0.7357,-0.6262,-0.5335,0.5685,25.5,0.2373,1.177,0.688,0.66793,264.8,576.0,268.2,559.6,261.5,592.0,236,0.743,2
215,65.309,-146.955,72.721,-0.7873,0.3418,-0.5132,-0.0887,-0.6775,-0.7301,-0.6113,-0.5417,0.577,25.5,0.213,1.089,0.692,0.63796,263.1,575.1,266.2,558.6,260.0,591.3,237,0.975,2
216,63.671,-146.249,71.681,-0.799,0.3424,-0.4944,-0.0806,-0.6845,-0.7245,-0.5971,-0.5489,0.585,25.5,0.1882,1.021,0.692,0.61466,261.3,574.3,264.2,557.6,258.5,590.7,237,1.09,2
217,62.01,-145.541,70.679,-0.8097,0.3435,-0.4759,-0.0722,-0.6914,-0.7189,-0.5838,-0.5551,0.5925,25.5,0.1631,0.944,0.701,0.59376,259.5,573.5,262.2,556.6,257.0,590.1,238,0.929,2
218,60.328,-144.83,69.716,-0.8194,0.3453,-0.4576,-0.0637,-0.6982,-0.7131,-0.5711,-0.5605,0.5997,25.5,0.1374,0.892,0.707,0.57686,257.8,572.7,260.1,555.6,255.4,589.4,239,0.845,2
219,58.627,-144.111,68.791,-0.828,0.3513,-0.4371,-0.0549,-0.7049,-0.7072,-0.5597,-0.5648,0.6064,25.5,0.1069,0.797,0.718,0.63893,256.0,571.8,258.1,554.5,253.9,588.8,240,0.843,2
220,56.908,-143.382,67.91,-0.837,0.3544,-0.417,-0.046,-0.7114,-0.7013,-0.5469,-0.5695,0.6136,25.5,0.0788,0.884,0.716,0.61712,254.1,571.0,256.0,553.5,252.3,588.1,241,0.921,2
221,55.17,-142.65,67.068,-0.8465,0.3531,-0.3985,-0.0371,-0.7178,-0.6953,-0.5324,-0.5746,0.6216,25.5,0.055,0.993,0.716,0.57818,252.3,570.2,253.9,552.5,250.8,587.5,243,0.779,2
222,53.412,-141.927,66.262,-0.8563,0.3475,-0.3821,-0.0282,-0.724,-0.6892,-0.5164,-0.5798,0.6302,25.5,0.0359,1.083,0.713,0.55241,250.5,569.4,251.8,551.5,249.2,586.8,244,0.513,2
223,51.634,-141.218,65.488,-0.8663,0.338,-0.3678,-0.0196,-0.73,-0.6832,-0.4995,-0.5848,0.6391,25.5,0.0215,1.131,0.692,0.55134,248.6,568.6,249.7,550.5,247.5,586.2,245,0.203,2
224,49.835,-140.533,64.742,-0.876,0.3258,-0.3558,-0.0112,-0.7357,-0.6773,-0.4824,-0.5893,0.6481,25.5,0.0111,1.137,0.673,0.54579,246.7,567.8,247.5,549.6,245.9,585.6,246,0.142,2
225,48.018,-139.869,64.02,-0.884,0.3173,-0.3433,-0.0031,-0.7411,-0.6714,-0.4675,-0.5925,0.6561,25.5,0.0019,0.986,0.652,0.47452,244.8,567.0,245.4,548.7,244.2,585.0,247,0.512,2
226,46.185,-139.222,63.324,-0.8914,0.3102,-0.3304,0.0045,-0.7462,-0.6657,-0.453,-0.595,0.6639,25.5,0.0155,0.954,0.618,0.45731,242.9,566.3,243.2,547.8,242.5,584.4,249,0.78,2
227,44.337,-138.587,62.656,-0.8984,0.3042,-0.3169,0.0116,-0.751,-0.6602,-0.439,-0.597,0.6715,25.5,0.0297,0.92,0.583,0.45358,240.9,565.6,241.1,547.0,240.8,583.9,250,0.392,2
228,42.475,-137.964,62.016,-0.9048,0.2992,-0.3029,0.0182,-0.7556,-0.6548,-0.4252,-0.5986,0.6789,25.5,0.0442,0.902,0.555,0.44907,239.0,564.9,238.9,546.1,239.0,583.3,251,0.048,2
229,40.6,-137.351,61.405,-0.9108,0.2953,-0.2885,0.0242,-0.7598,-0.6497,-0.4118,-0.5997,0.6861,25.5,0.059,0.874,0.511,0.44623,237.0,564.2,236.8,545.3,237.3,582.7,252,0.355,2
230,38.714,-136.744,60.825,-0.9163,0.2923,-0.2737,0.0295,-0.7638,-0.6447,-0.3986,-0.6005,0.6932,25.5,0.0738,0.86,0.476,0.44591,235.1,563.5,234.7,544.5,235.5,582.2,253,0.688,2
231,36.816,-136.144,60.274,-0.9214,0.2887,-0.2602,0.0341,-0.7675,-0.6401,-0.386,-0.6009,0.7,25.5,0.0864,0.821,0.429,0.41276,233.1,562.9,232.5,543.8,233.6,581.6,255,0.82,2
232,34.909,-135.553,59.748,-0.926,0.2837,-0.2492,0.038,-0.771,-0.6357,-0.3742,-0.6008,0.7064,25.5,0.0955,0.769,0.392,0.35873,231.1,562.2,230.4,543.0,231.8,581.1,256,0.615,2
233,32.992,-134.971,59.246,-0.9302,0.2796,-0.2378,0.0412,-0.7742,-0.6316,-0.3627,-0.6006,0.7126,25.5,0.1046,0.749,0.35,0.35576,229.1,561.6,228.3,542.3,229.9,580.5,257,0.468,2
234,31.067,-134.398,58.766,-0.9342,0.2762,-0.2259,0.0437,-0.7772,-0.6277,-0.3512,-0.6001,0.7187,25.5,0.1137,0.746,0.316,0.36086,227.1,560.9,226.3,541.5,228.0,580.0,258,0.381,2
235,29.134,-133.83,58.313,-0.938,0.2734,-0.2133,0.0457,-0.7801,-0.624,-0.3395,-0.5996,0.7247,25.5,0.123,0.754,0.293,0.37332,225.1,560.3,224.2,540.8,226.0,579.4,259,0.349,2
236,27.194,-133.268,57.886,-0.9416,0.2711,-0.1997,0.0472,-0.7828,-0.6205,-0.3274,-0.599,0.7308,25.5,0.1327,0.777,0.267,0.39552,223.1,559.7,222.1,540.1,224.1,578.9,260,0.368,2
237,25.245,-132.71,57.489,-0.9451,0.2693,-0.1849,0.0482,-0.7854,-0.6171,-0.3146,-0.5983,0.7369,25.5,0.143,0.813,0.252,0.42493,221.1,559.1,220.0,539.5,222.1,578.4,261,0.437,2
238,23.29,-132.156,57.124,-0.9486,0.2679,-0.1686,0.0488,-0.7879,-0.6139,-0.3009,-0.5977,0.7431,25.5,0.1539,0.862,0.235,0.46421,219.1,558.5,218.0,538.8,220.1,577.8,262,0.551,2
239,21.328,-131.604,56.794,-0.9518,0.2665,-0.1517,0.049,-0.7903,-0.6108,-0.2866,-0.5969,0.7494,25.5,0.1646,0.896,0.225,0.47889,217.0,557.9,215.9,538.1,218.1,577.3,263,0.707,2
240,19.36,-131.056,56.495,-0.9547,0.2641,-0.1371,0.0488,-0.7926,-0.6077,-0.2733,-0.5959,0.7552,25.5,0.1726,0.833,0.221,0.41836,215.0,557.3,213.9,537.5,216.1,576.8,264,0.902,2
241,17.385,-130.513,56.227,-0.9573,0.2617,-0.1225,0.0484,-0.7949,-0.6048,-0.2599,-0.5946,0.7608,25.5,0.1803,0.835,0.213,0.41684,212.9,556.7,211.8,536.8,214.1,576.3,265,1.132,2
242,15.406,-129.975,55.99,-0.9598,0.2592,-0.1078,0.0476,-0.7972,-0.6019,-0.2463,-0.5933,0.7664,25.5,0.1874,0.846,0.217,0.41952,210.9,556.2,209.8,536.2,212.0,575.8,265,0.933,2
243,13.422,-129.443,55.782,-0.962,0.2567,-0.0928,0.0466,-0.7994,-0.599,-0.2324,-0.5919,0.7718,25.5,0.1944,0.858,0.216,0.42634,208.9,555.6,207.7,535.5,209.9,575.3,266,0.672,2
244,11.433,-128.915,55.607,-0.9641,0.2541,-0.0775,0.0453,-0.8015,-0.5962,-0.2181,-0.5904,0.7771,25.5,0.2011,0.878,0.214,0.43453,206.8,555.0,205.7,534.9,207.9,574.8,267,0.384,2
245,9.44,-128.393,55.463,-0.9659,0.2515,-0.0618,0.0437,-0.8037,-0.5934,-0.2033,-0.5887,0.7823,25.5,0.2077,0.904,0.224,0.44436,204.7,554.5,203.7,534.3,205.8,574.3,268,0.074,2
246,7.444,-127.877,55.352,-0.9675,0.2487,-0.0456,0.042,-0.8058,-0.5907,-0.188,-0.587,0.7874,25.5,0.2141,0.929,0.219,0.45833,202.7,553.9,201.6,533.7,203.7,573.8,269,0.254,2
247,5.445,-127.366,55.275,-0.9689,0.2456,-0.029,0.0399,-0.8079,-0.588,-0.1721,-0.5852,0.7924,25.5,0.22,0.961,0.23,0.4702,200.6,553.4,199.6,533.1,201.6,573.4,270,0.594,2
248,3.443,-126.862,55.232,-0.9701,0.2424,-0.0125,0.0377,-0.8099,-0.5853,-0.156,-0.5833,0.7971,25.5,0.2256,0.967,0.23,0.46757,198.6,552.9,197.6,532.5,199.5,572.9,271,0.942,2
249,1.439,-126.365,55.223,-0.971,0.2392,0.004,0.0353,-0.812,-0.5826,-0.1399,-0.5813,0.8016,25.5,0.2308,0.965,0.239,0.46703,196.5,552.4,195.6,531.9,197.4,572.4,271,1.123,2
250,-0.567,-125.875,55.248,-0.9715,0.236,0.0206,0.0327,-0.814,-0.5799,-0.1236,-0.5791,0.8058,25.5,0.2358,0.973,0.243,0.46927,194.4,551.9,193.5,531.4,195.3,572.0,272,0.772,2
251,-2.574,-125.39,55.308,-0.9718,0.2329,0.0371,0.03,-0.816,-0.5772,-0.1073,-0.5768,0.8098,25.5,0.2406,0.971,0.247,0.46592,192.3,551.4,191.5,530.8,193.1,571.6,273,0.423,2
252,-4.58,-124.913,55.402,-0.9717,0.2299,0.0536,0.0271,-0.818,-0.5745,-0.091,-0.5744,0.8135,25.5,0.2452,0.968,0.254,0.46537,190.3,550.9,189.5,530.3,191.0,571.1,274,0.079,2
253,-6.586,-124.441,55.529,-0.9714,0.2269,0.07,0.0241,-0.82,-0.5718,-0.0747,-0.5719,0.8169,25.5,0.2495,0.965,0.258,0.46269,188.2,550.4,187.5,529.7,188.9,570.7,275,0.257,2
254,-8.592,-123.976,55.691,-0.9708,0.2241,0.0863,0.021,-0.822,-0.5691,-0.0585,-0.5692,0.8201,25.5,0.2537,0.959,0.262,0.45919,186.1,549.9,185.5,529.2,186.8,570.3,276,0.58,2
255,-10.595,-123.516,55.886,-0.9698,0.2211,0.1027,0.0178,-0.824,-0.5663,-0.042,-0.5665,0.823,25.5,0.2576,0.972,0.269,0.46344,184.1,549.5,183.5,528.7,184.6,569.9,277,0.887,2
256,-12.597,-123.062,56.115,-0.9687,0.218,0.1192,0.0145,-0.826,-0.5635,-0.0253,-0.5637,0.8256,25.5,0.2613,0.982,0.273,0.46682,182.0,549.0,181.5,528.2,182.5,569.5,278,1.174,2
257,-14.596,-122.616,56.378,-0.9672,0.2147,0.1354,0.0112,-0.828,-0.5606,-0.0085,-0.5607,0.828,25.5,0.2645,0.987,0.277,0.46062,179.9,548.6,179.5,527.7,180.3,569.2,278,0.891,2
258,-16.591,-122.176,56.674,-0.9656,0.2114,0.1516,0.0078,-0.83,-0.5578,0.0082,-0.5577,0.83,25.5,0.2676,0.979,0.277,0.46089,177.9,548.1,177.5,527.2,178.2,568.8,279,0.628,2
259,-18.583,-121.743,57.004,-0.9637,0.2079,0.1675,0.0045,-0.8319,-0.5549,0.0249,-0.5546,0.8317,25.5,0.2702,0.978,0.274,0.45482,175.8,547.7,175.5,526.7,176.1,568.4,280,0.393,2
260,-20.571,-121.317,57.366,-0.9616,0.2043,0.1834,0.0012,-0.8339,-0.552,0.0417,-0.5515,0.8332,25.5,0.2728,0.983,0.277,0.45607,173.8,547.3,173.5,526.2,174.0,568.1,281,0.188,2
261,-22.554,-120.899,57.761,-0.9592,0.2006,0.1991,-0.002,-0.8358,-0.5491,0.0585,-0.5482,0.8343,25.5,0.2751,0.983,0.27,0.45249,171.7,546.9,171.6,525.7,171.8,567.8,282,0.019,2
262,-24.532,-120.489,58.188,-0.9566,0.1968,0.2148,-0.005,-0.8377,-0.5462,0.0754,-0.5449,0.8351,25.5,0.2774,0.988,0.263,0.454,169.6,546.5,169.6,525.3,169.7,567.4,283,0.112,2
263,-26.505,-120.086,58.648,-0.9538,0.1933,0.2302,-0.008,-0.8395,-0.5432,0.0919,-0.5416,0.8356,25.5,0.2797,0.965,0.264,0.44507,167.6,546.1,167.6,524.8,167.6,567.1,284,0.206,2
264,-28.471,-119.69,59.139,-0.9507,0.1897,0.2455,-0.0108,-0.8414,-0.5403,0.1085,-0.5382,0.8358,25.5,0.282,0.971,0.255,0.44449,165.6,545.8,165.6,524.4,165.5,566.8,285,0.258,2
265,-30.431,-119.303,59.662,-0.9473,0.1859,0.2608,-0.0134,-0.8432,-0.5374,0.1252,-0.5346,0.8358,25.5,0.2842,0.979,0.246,0.44748,163.5,545.4,163.6,524.0,163.4,566.5,286,0.267,2
266,-32.383,-118.923,60.216,-0.9437,0.1819,0.2762,-0.0159,-0.845,-0.5345,0.1421,-0.531,0.8354,25.5,0.2863,0.99,0.242,0.45266,161.5,545.0,161.7,523.5,161.3,566.2,287,0.233,2
267,-34.328,-118.552,60.802,-0.9398,0.1778,0.2918,-0.0181,-0.8469,-0.5315,0.1594,-0.5272,0.8346,25.5,0.2887,1.016,0.239,0.46048,159.5,544.7,159.7,523.1,159.3,565.9,288,0.151,2
268,-36.264,-118.189,61.421,-0.9356,0.1734,0.3075,-0.0203,-0.8487,-0.5285,0.177,-0.5233,0.8336,25.5,0.2907,1.034,0.237,0.46718,157.5,544.4,157.7,522.7,157.2,565.7,289,0.022,3
269,-38.192,-117.835,62.073,-0.931,0.1689,0.3236,-0.0222,-0.8505,-0.5255,0.195,-0.5192,0.8321,25.5,0.293,1.061,0.228,0.4811,155.4,544.0,155.7,522.4,155.2,565.4,290,0.159,3
270,-40.109,-117.492,62.758,-0.926,0.1641,0.3401,-0.0239,-0.8524,-0.5224,0.2137,-0.5148,0.8302,25.5,0.2954,1.106,0.23,0.49664,153.4,543.7,153.8,522.0,153.1,565.2,291,0.39,3
271,-42.015,-117.157,63.478,-0.92,0.1599,0.3578,-0.0254,-0.8542,-0.5193,0.2333,-0.5102,0.8278,25.5,0.299,1.162,0.223,0.53149,151.4,543.4,151.8,521.6,151.1,564.9,292,0.674,3
272,-43.909,-116.831,64.234,-0.9143,0.1556,0.3739,-0.0264,-0.856,-0.5163,0.2515,-0.5056,0.8253,25.5,0.3021,1.085,0.208,0.48868,149.5,543.2,149.8,521.3,149.1,564.7,294,0.67,3
273,-45.791,-116.514,65.022,-0.9088,0.1512,0.3888,-0.0268,-0.8577,-0.5135,0.2687,-0.501,0.8227,25.5,0.305,1.031,0.189,0.4573,147.5,542.9,147.8,520.9,147.1,564.5,295,0.233,3
274,-47.662,-116.207,65.84,-0.9035,0.1464,0.4028,-0.0263,-0.8592,-0.511,0.2851,-0.4964,0.8199,25.5,0.3079,0.989,0.169,0.43617,145.5,542.6,145.9,520.6,145.2,564.3,296,0.26,3
275,-49.523,-115.91,66.685,-0.8983,0.1413,0.4161,-0.0246,-0.8604,-0.5089,0.3011,-0.4919,0.817,25.5,0.3112,0.967,0.169,0.42074,143.6,542.4,143.8,520.3,143.3,564.1,298,0.671,3
276,-51.372,-115.624,67.558,-0.8931,0.1358,0.4289,-0.0217,-0.8614,-0.5074,0.3167,-0.4873,0.8138,25.5,0.3152,0.95,0.196,0.4126,141.6,542.1,141.8,520.0,141.4,563.9,299,0.032,3
277,-53.211,-115.35,68.456,-0.8879,0.1296,0.4415,-0.0171,-0.862,-0.5066,0.3324,-0.4827,0.8102,25.5,0.3202,0.96,0.27,0.41554,139.7,541.9,139.7,519.8,139.6,563.7,301,0.631,3
278,-55.038,-115.088,69.383,-0.8802,0.1255,0.4576,-0.0108,-0.8622,-0.5065,0.3507,-0.4776,0.8056,25.5,0.3305,1.12,0.361,0.50797,137.8,541.7,137.6,519.6,137.9,563.5,302,0.18,3
279,-56.844,-114.83,70.349,-0.8697,0.1233,0.4779,-0.0027,-0.8618,-0.5072,0.3723,-0.4716,0.7994,25.5,0.3463,1.333,0.466,0.63731,135.8,541.5,135.5,519.4,136.2,563.3,304,0.096,3
280,-58.631,-114.581,71.354,-0.8609,0.1175,0.495,0.0067,-0.861,-0.5085,0.3926,-0.4654,0.7932,25.5,0.3586,1.267,0.546,0.55734,133.9,541.3,133.3,519.2,134.6,563.1,306,0.14,3
281,-60.401,-114.348,72.39,-0.8545,0.108,0.5081,0.017,-0.8598,-0.5104,0.4103,-0.4595,0.7877,25.5,0.3667,1.115,0.604,0.48289,132.1,541.1,131.1,519.0,133.0,562.9,308,0.037,3
282,-62.162,-114.137,73.449,-0.8511,0.0951,0.5164,0.0278,-0.8581,-0.5128,0.4245,-0.4543,0.7832,25.5,0.3701,0.904,0.641,0.43598,130.2,541.0,129.0,518.9,131.4,562.7,310,0.34,3
283,-63.918,-113.956,74.519,-0.8506,0.0797,0.5198,0.0386,-0.8561,-0.5154,0.4346,-0.4501,0.7801,25.5,0.369,0.651,0.647,0.43781,128.3,540.9,126.8,518.8,129.8,562.6,313,0.212,3
284,-65.676,-113.81,75.592,-0.8527,0.0624,0.5186,0.0491,-0.8537,-0.5184,0.4406,-0.4473,0.7783,25.5,0.364,0.393,0.641,0.48481,126.4,540.8,124.6,518.8,128.3,562.4,315,0.026,3
285,-67.43,-113.698,76.675,-0.8456,0.0467,0.5318,0.0588,-0.8512,-0.5215,0.4604,-0.4404,0.7707,25.5,0.3668,1.278,0.601,0.60225,124.6,540.8,122.4,518.8,126.7,562.3,317,0.084,3
286,-69.17,-113.615,77.785,-0.8398,0.0337,0.5419,0.0677,-0.8486,-0.5247,0.4759,-0.4348,0.7645,25.5,0.3698,1.009,0.562,0.48423,122.7,540.7,120.3,518.9,125.1,562.3,319,0.518,3
287,-70.901,-113.557,78.91,-0.8369,0.0227,0.5468,0.0758,-0.8458,-0.5281,0.4853,-0.4313,0.7606,25.5,0.3714,0.617,0.528,0.34365,120.8,540.8,118.2,519.0,123.4,562.2,320,0.149,3
288,-72.629,-113.52,80.04,-0.8369,0.013,0.5472,0.0832,-0.843,-0.5314,0.4894,-0.4299,0.7587,25.5,0.3714,0.271,0.491,0.26938,119.0,540.8,116.1,519.1,121.8,562.2,321,0.612,3
289,-74.359,-113.503,81.167,-0.8396,0.0043,0.5431,0.09,-0.8402,-0.5347,0.4887,-0.4306,0.7588,25.5,0.3696,0.057,0.462,0.27717,117.1,540.9,114.1,519.2,120.1,562.2,322,0.931,3
290,-76.099,-113.502,82.28,-0.8453,-0.0036,0.5343,0.0961,-0.8375,-0.5379,0.4828,-0.4333,0.761,25.5,0.3656,0.393,0.424,0.36421,115.3,540.9,112.0,519.3,118.4,562.2,324,1.048,3
291,-77.853,-113.517,83.37,-0.8543,-0.0111,0.5197,0.1018,-0.8348,-0.541,0.4713,-0.4385,0.7653,25.5,0.3589,0.764,0.403,0.51933,113.4,541.0,110.0,519.5,116.7,562.2,324,1.021,3
292,-79.628,-113.548,84.423,-0.8636,-0.0194,0.5037,0.107,-0.8323,-0.5439,0.4589,-0.444,0.7696,25.5,0.3502,0.815,0.37,0.56299,111.5,541.1,107.9,519.7,115.0,562.3,325,0.798,3
293,-81.413,-113.6,85.461,-0.8651,-0.0309,0.5006,0.1117,-0.8299,-0.5466,0.4606,-0.4442,0.7685,25.5,0.3446,0.117,0.34,0.33307,109.5,541.3,105.8,519.8,113.2,562.3,326,0.412,3
294,-83.203,-113.675,86.487,-0.8695,-0.0418,0.4922,0.1161,-0.8277,-0.5491,0.457,-0.4463,0.7694,25.5,0.3366,0.244,0.316,0.40088,107.6,541.4,103.7,520.0,111.4,562.4,327,0.164,3
295,-85.006,-113.772,87.489,-0.8768,-0.0518,0.4781,0.1202,-0.8255,-0.5514,0.4477,-0.4507,0.7723,25.5,0.3263,0.612,0.297,0.52068,105.6,541.6,101.7,520.3,109.6,562.6,328,0.865,3
296,-86.826,-113.888,88.456,-0.887,-0.0607,0.4577,0.124,-0.8235,-0.5536,0.4323,-0.4573,0.7771,25.5,0.3134,0.999,0.276,0.6794,103.7,541.8,99.6,520.5,107.7,562.7,328,1.204,3
297,-88.671,-114.022,89.375,-0.8998,-0.0683,0.4309,0.1278,-0.8215,-0.5557,0.4106,-0.4662,0.7836,25.5,0.2983,1.395,0.274,0.85073,101.7,542.0,97.5,520.8,105.9,562.9,329,0.328,3
298,-90.544,-114.17,90.232,-0.9146,-0.0744,0.3974,0.1314,-0.8196,-0.5577,0.3826,-0.4771,0.7912,25.5,0.2808,1.776,0.26,1.0303,99.7,542.2,95.3,521.0,104.0,563.0,330,0.71,3
299,-92.442,-114.339,91.025,-0.9243,-0.089,0.3711,0.135,-0.8176,-0.5597,0.3658,-0.4838,0.795,25.5,0.2597,1.059,0.262,0.87708,97.6,542.4,93.2,521.3,102.0,563.2,330,1.355,3
300,-94.361,-114.534,91.764,-0.9335,-0.0996,0.3446,0.1385,-0.8157,-0.5616,0.3473,-0.491,0.7989,25.5,0.2416,1.159,0.253,0.83209,95.6,542.7,91.0,521.6,100.1,563.4,331,0.157,3
301,-96.298,-114.747,92.447,-0.9424,-0.1059,0.3174,0.1421,-0.8139,-0.5634,0.3265,-0.4988,0.8029,25.5,0.2265,1.293,0.253,0.81311,93.5,543.0,88.8,521.9,98.1,563.6,332,1.196,3
302,-98.253,-114.969,93.074,-0.9511,-0.1078,0.2894,0.1456,-0.812,-0.5652,0.3029,-0.5073,0.8068,25.5,0.2145,1.454,0.25,0.81526,91.4,543.2,86.6,522.3,96.1,563.9,332,0.87,3
303,-100.226,-115.189,93.642,-0.9598,-0.1049,0.2602,0.1491,-0.8102,-0.5669,0.2762,-0.5164,0.8106,25.5,0.2056,1.631,0.246,0.84937,89.3,543.5,84.3,522.6,94.1,564.1,333,0.601,3
304,-102.216,-115.4,94.148,-0.968,-0.1015,0.2297,0.1526,-0.8084,-0.5685,0.2482,-0.5254,0.8138,25.5,0.1962,1.695,0.243,0.8815,87.1,543.8,82.1,522.9,92.1,564.3,333,1.464,3
305,-104.222,-115.614,94.59,-0.9744,-0.1054,0.1988,0.1561,-0.8067,-0.57,0.2241,-0.5331,0.8158,25.5,0.1804,1.454,0.239,0.88227,85.0,544.0,79.8,523.2,90.1,564.5,334,0.096,3
306,-106.24,-115.832,94.968,-0.9803,-0.1051,0.1671,0.1597,-0.805,-0.5714,0.1974,-0.5412,0.8174,25.5,0.1674,1.601,0.242,0.89471,82.8,544.3,77.5,523.5,88.1,564.7,335,1.702,3
307,-108.27,-116.045,95.279,-0.9859,-0.1006,0.1335,0.1632,-0.8033,-0.5728,0.1669,-0.5497,0.8185,25.5,0.1566,1.815,0.237,0.95357,80.7,544.5,75.3,523.8,86.0,564.9,335,0.364,3
308,-110.312,-116.244,95.517,-0.9912,-0.0912,0.0964,0.1668,-0.8017,-0.574,0.131,-0.559,0.8188,25.5,0.1476,2.125,0.236,1.07202,78.5,544.8,73.0,524.0,83.9,565.1,336,1.277,3
309,-112.363,-116.418,95.673,-0.9956,-0.077,0.0539,0.1705,-0.8001,-0.5752,0.0883,-0.569,0.8176,25.5,0.1391,2.514,0.241,1.24954,76.3,545.0,70.7,524.3,81.9,565.3,336,0.789,3
310,-114.421,-116.569,95.738,-0.9976,-0.0687,0.0084,0.1742,-0.7985,-0.5762,0.0467,-0.5778,0.8148,25.5,0.1238,2.442,0.238,1.28474,74.1,545.1,68.4,524.5,79.8,565.4,337,0.863,3
311,-116.482,-116.7,95.707,-0.9976,-0.0574,-0.0379,0.1781,-0.797,-0.5772,0.0029,-0.5861,0.8102,25.5,0.11,2.568,0.246,1.32271,72.0,545.3,66.1,524.7,77.8,565.5,337,1.204,3
312,-118.54,-116.803,95.58,-0.9955,-0.0426,-0.0851,0.182,-0.7955,-0.578,-0.0433,-0.5937,0.8035,25.5,0.0981,2.71,0.244,1.37398,69.8,545.4,63.8,524.8,75.7,565.5,338,0.447,3
313,-120.591,-116.873,95.356,-0.9909,-0.0239,-0.1326,0.186,-0.794,-0.5787,-0.0919,-0.6005,0.7944,25.5,0.0886,2.86,0.248,1.42243,67.7,545.4,61.5,524.9,73.7,565.6,338,1.621,3
314,-122.629,-116.905,95.026,-0.9823,-0.0074,-0.187,0.1902,-0.7926,-0.5793,-0.1443,-0.6062,0.7821,25.5,0.0726,3.101,0.256,1.59584,65.5,545.4,59.2,525.0,71.7,565.5,339,0.053,3
315,-124.646,-116.901,94.584,-0.9704,0.0118,-0.241,0.1944,-0.7913,-0.5797,-0.1979,-0.6105,0.7669,25.5,0.0583,3.202,0.253,1.62467,63.4,545.4,57.0,525.0,69.8,565.4,340,1.677,3
316,-126.635,-116.855,94.034,-0.9563,0.0329,-0.2905,0.1987,-0.79,-0.58,-0.2489,-0.6131,0.7498,25.5,0.0475,3.086,0.258,1.54397,61.4,545.3,54.8,524.9,67.8,565.3,340,0.392,3
317,-128.594,-116.765,93.388,-0.9404,0.053,-0.336,0.203,-0.7888,-0.5802,-0.296,-0.6142,0.7315,25.5,0.0378,2.896,0.256,1.44929,59.4,545.2,52.7,524.8,65.9,565.1,341,1.271,3
318,-130.517,-116.638,92.646,-0.9217,0.0711,-0.3814,0.2074,-0.7876,-0.5802,-0.3418,-0.6141,0.7114,25.5,0.0259,2.866,0.261,1.45229,57.4,545.0,50.6,524.7,64.1,564.9,341,0.796,3
319,-132.4,-116.47,91.816,-0.9019,0.0912,-0.4221,0.2119,-0.7865,-0.5802,-0.385,-0.6128,0.6901,25.5,0.0179,2.761,0.265,1.37439,55.5,544.7,48.5,524.5,62.3,564.6,342,0.867,3
320,-134.241,-116.259,90.906,-0.881,0.1136,-0.4593,0.2163,-0.7854,-0.58,-0.4266,-0.6104,0.6674,25.5,0.0134,2.719,0.26,1.33744,53.6,544.4,46.5,524.2,60.6,564.3,342,1.2,3
321,-136.037,-116.002,89.92,-0.8584,0.134,-0.4952,0.2207,-0.7843,-0.5798,-0.4661,-0.607,0.6437,25.5,0.0074,2.647,0.26,1.30634,51.8,544.1,44.6,523.9,58.9,563.9,343,0.452,3
322,-137.786,-115.707,88.862,-0.8348,0.1523,-0.529,0.2251,-0.7832,-0.5795,-0.5026,-0.6029,0.6196,25.5,0.0006,2.517,0.26,1.2517,50.1,543.7,42.7,523.6,57.3,563.5,343,1.615,3
323,-139.484,-115.37,87.737,-0.8099,0.174,-0.5602,0.2294,-0.7822,-0.5793,-0.539,-0.5977,0.5935,25.5,0.0026,2.584,0.253,1.26086,48.4,543.3,40.9,523.2,55.7,563.0,344,0.026,3
324,-141.128,-114.985,86.549,-0.7819,0.2001,-0.5904,0.2337,-0.7811,-0.579,-0.5771,-0.5907,0.564,25.5,0.0028,2.79,0.255,1.35304,46.7,542.8,39.1,522.7,54.2,562.5,345,1.582,3
325,-142.71,-114.542,85.298,-0.7496,0.2272,-0.6216,0.2378,-0.7801,-0.5787,-0.6164,-0.5816,0.5308,25.5,0.0042,2.994,0.242,1.45586,45.2,542.2,37.5,522.2,52.8,561.9,345,0.484,3
326,-144.224,-114.049,83.984,-0.7165,0.2508,-0.6509,0.2417,-0.779,-0.5785,-0.6522,-0.5719,0.4976,25.5,0.008,2.852,0.232,1.39071,43.7,541.6,35.9,521.7,51.4,561.3,346,1.022,3
327,-145.668,-113.504,82.613,-0.682,0.2772,-0.6767,0.2454,-0.7779,-0.5785,-0.6868,-0.5606,0.4625,25.5,0.0085,2.898,0.221,1.40225,42.3,541.0,34.4,521.0,50.1,560.6,346,1.044,3
328,-147.038,-112.901,81.191,-0.6443,0.3078,-0.7001,0.2489,-0.7767,-0.5785,-0.7219,-0.547,0.4238,25.5,0.0056,3.094,0.212,1.49598,41.0,540.2,33.0,520.3,48.9,559.8,347,0.373,3
329,-148.325,-112.231,79.722,-0.601,0.3403,-0.7232,0.2521,-0.7755,-0.5788,-0.7578,-0.5302,0.3803,25.5,0.0032,3.372,0.197,1.63366,39.8,539.4,31.7,519.6,47.8,559.0,348,1.685,3
330,-149.518,-111.497,78.205,-0.5546,0.3707,-0.745,0.2551,-0.7742,-0.5793,-0.7915,-0.5113,0.3348,25.5,0.0031,3.421,0.189,1.65428,38.7,538.6,30.5,518.8,46.8,558.0,348,0.382,3
331,-150.615,-110.7,76.648,-0.5072,0.4007,-0.763,0.2577,-0.7728,-0.58,-0.8221,-0.4908,0.2887,25.5,0.0022,3.381,0.174,1.63514,37.7,537.6,29.4,517.9,45.8,557.0,349,0.835,3
332,-151.613,-109.842,75.057,-0.4597,0.4299,-0.7771,0.2602,-0.7713,-0.5809,-0.8491,-0.4692,0.2427,25.5,0.0002,3.298,0.175,1.59623,36.8,536.6,28.4,516.9,45.0,556.0,349,1.232,3
333,-152.51,-108.926,73.438,-0.4087,0.4572,-0.7899,0.2624,-0.7697,-0.582,-0.8741,-0.4451,0.1946,25.5,0.0006,3.4,0.168,1.64438,36.0,535.6,27.6,515.9,44.3,554.9,350,0.102,3
334,-153.301,-107.955,71.797,-0.3575,0.4831,-0.7993,0.2644,-0.768,-0.5833,-0.8956,-0.4199,0.1468,25.5,0.0007,3.333,0.168,1.61373,35.3,534.4,26.9,514.8,43.7,553.7,351,0.97,3
335,-153.986,-106.932,70.14,-0.3055,0.508,-0.8054,0.2664,-0.7662,-0.5848,-0.9141,-0.3932,0.0987,25.5,0.0004,3.326,0.176,1.60902,34.8,533.3,26.2,513.7,43.1,552.5,351,1.097,3
336,-154.561,-105.858,68.473,-0.2518,0.5312,-0.809,0.2684,-0.7643,-0.5864,-0.9298,-0.3647,0.0499,25.5,0.0008,3.361,0.183,1.62668,34.3,532.0,25.7,512.6,42.8,551.2,352,0.095,3
337,-155.026,-104.74,66.801,-0.1987,0.552,-0.8098,0.2703,-0.7623,-0.588,-0.9419,-0.3358,0.0023,25.5,0.0017,3.266,0.183,1.5829,34.0,530.8,25.4,511.4,42.5,549.9,353,0.855,3
338,-155.382,-103.579,65.13,-0.1456,0.5718,-0.8074,0.2723,-0.7603,-0.5897,-0.9511,-0.3057,-0.045,25.5,0.0017,3.256,0.189,1.57424,33.8,529.5,25.1,510.1,42.3,548.5,353,1.211,3
339,-155.626,-102.378,63.469,-0.0903,0.5913,-0.8014,0.2745,-0.7583,-0.5914,-0.9573,-0.2734,-0.0938,25.5,0.0008,3.372,0.196,1.63584,33.7,528.1,25.0,508.8,42.3,547.1,354,0.322,3
340,-155.753,-101.14,61.822,-0.0338,0.608,-0.7932,0.2767,-0.7562,-0.593,-0.9604,-0.2395,-0.1427,25.5,0.0012,3.414,0.197,1.65114,33.7,526.7,24.9,507.5,42.3,545.6,355,0.507,3
341,-155.767,-99.869,60.195,0.0204,0.6225,-0.7823,0.2792,-0.7541,-0.5945,-0.96,-0.2062,-0.1892,25.5,0.0013,3.277,0.206,1.58629,33.8,525.3,25.0,506.2,42.5,544.2,356,1.269,3
342,-155.669,-98.57,58.593,0.0744,0.6355,-0.7685,0.2819,-0.7521,-0.5957,-0.9566,-0.1723,-0.2351,25.5,0.0008,3.276,0.204,1.5885,34.1,523.9,25.2,504.8,42.8,542.7,356,0.797,3
343,-155.458,-97.245,57.024,0.131,0.6473,-0.7509,0.2851,-0.7503,-0.5964,-0.9495,-0.1359,-0.2828,25.5,0.0005,3.462,0.214,1.67744,34.5,522.4,25.5,503.4,43.3,541.1,357,0.099,3
344,-155.129,-95.898,55.494,0.1867,0.6564,-0.731,0.2887,-0.7487,-0.5967,-0.939,-0.0996,-0.3293,25.5,0.0014,3.434,0.226,1.66097,34.9,521.0,25.9,501.9,43.8,539.6,358,0.549,3
345,-154.689,-94.536,54.006,0.2394,0.6627,-0.7096,0.2929,-0.7473,-0.5964,-0.9255,-0.065,-0.373,25.5,0.0019,3.286,0.254,1.58818,35.5,519.5,26.4,500.5,44.5,538.1,359,1.146,3
346,-154.141,-93.163,52.564,0.2907,0.6667,-0.6863,0.2977,-0.7462,-0.5955,-0.9091,-0.0312,-0.4154,25.5,0.0023,3.246,0.287,1.56766,36.2,518.0,26.9,499.0,45.3,536.6,359,0.92,3
347,-153.485,-91.784,51.175,0.3443,0.6688,-0.6589,0.3033,-0.7453,-0.5937,-0.8882,0.0046,-0.4595,25.5,0.0028,3.468,0.341,1.6719,37.0,516.5,27.6,497.6,46.3,535.1,360,0.363,3
348,-152.722,-90.402,49.844,0.3947,0.6684,-0.6304,0.3099,-0.7447,-0.5911,-0.8645,0.038,-0.5011,25.5,0.0028,3.345,0.408,1.60705,37.9,515.0,28.4,496.1,47.3,533.5,361,0.158,3
349,-151.856,-89.025,48.573,0.4441,0.6657,-0.5997,0.3177,-0.7443,-0.5874,-0.8374,0.0704,-0.542,25.5,0.0021,3.369,0.495,1.61596,38.9,513.5,29.2,494.6,48.5,532.1,362,0.643,3
350,-150.884,-87.656,47.371,0.4985,0.6586,-0.5636,0.3268,-0.7441,-0.5826,-0.8032,0.1062,-0.5862,25.5,0.0012,3.803,0.59,1.823,40.0,512.0,30.1,493.1,49.8,530.6,363,1.096,3
351,-149.803,-86.304,46.246,0.5467,0.651,-0.5266,0.3375,-0.7441,-0.5765,-0.7672,0.1374,-0.6265,25.5,0.0037,3.576,0.706,1.69971,41.2,510.6,31.0,491.7,51.3,529.2,363,0.969,3
352,-148.632,-84.966,45.196,0.5858,0.6453,-0.4904,0.3499,-0.7443,-0.5688,-0.732,0.1616,-0.6618,25.5,0.0036,3.176,0.836,1.48724,42.5,509.2,32.0,490.3,52.9,527.7,364,0.55,3
353,-147.384,-83.642,44.221,0.6259,0.6352,-0.4525,0.364,-0.7446,-0.5595,-0.6924,0.1854,-0.6973,25.5,0.008,3.339,0.968,1.55681,43.9,507.7,33.1,488.8,54.6,526.4,365,0.156,3
354,-146.05,-82.342,43.33,0.6644,0.6251,-0.4097,0.38,-0.7451,-0.5481,-0.648,0.2085,-0.7326,25.5,0.0113,3.51,1.126,1.62225,45.3,506.4,34.1,487.4,56.4,525.0,366,0.239,3
355,-144.647,-81.054,42.532,0.6929,0.623,-0.363,0.3978,-0.7458,-0.5344,-0.6037,0.2259,-0.7646,25.5,0.005,3.286,1.288,1.51949,46.9,505.0,35.2,486.0,58.3,523.7,367,0.655,3
356,-143.187,-79.771,41.835,0.7232,0.6166,-0.3109,0.4175,-0.7467,-0.5179,-0.5515,0.2447,-0.7975,25.5,0.0025,3.696,1.473,1.68229,48.4,503.7,36.3,484.6,60.3,522.4,368,1.12,3
357,-141.668,-78.505,41.243,0.7461,0.6114,-0.2636,0.4389,-0.7478,-0.4982,-0.5018,0.256,-0.8262,25.5,0.0016,3.352,1.668,1.46565,50.0,502.3,37.4,483.3,62.4,521.1,368,0.945,3
358,-140.115,-77.24,40.74,0.7557,0.6151,-0.2248,0.4618,-0.7489,-0.4754,-0.4607,0.2555,-0.85,25.5,0.0048,2.722,1.853,1.11395,51.6,501.0,38.5,481.9,64.6,519.9,369,0.411,3
359,-138.542,-75.97,40.321,0.7686,0.6137,-0.1807,0.4859,-0.7498,-0.4491,-0.4111,0.2574,-0.8745,25.5,0.0055,3.172,2.045,1.27574,53.3,499.7,39.6,480.5,66.8,518.6,370,0.216,3
360,-136.947,-74.702,39.989,0.7756,0.6149,-0.1425,0.511,-0.7504,-0.4192,-0.3648,0.2523,-0.8963,25.5,0.0054,2.947,2.237,1.07823,54.9,498.4,40.7,479.2,69.0,517.4,371,0.955,3
361,-135.345,-73.426,39.726,0.7743,0.6226,-0.113,0.5369,-0.7504,-0.3856,-0.3249,0.2379,-0.9153,25.5,0.0079,2.663,2.431,0.84681,56.6,497.1,41.7,477.8,71.3,516.1,371,1.111,3
362,-133.742,-72.139,39.533,0.778,0.6238,-0.0752,0.5632,-0.7494,-0.348,-0.2735,0.2284,-0.9344,25.5,0.0031,3.189,2.63,1.05454,58.3,495.8,42.8,476.5,73.6,514.8,372,0.238,3
363,-132.137,-70.845,39.408,0.7745,0.6308,-0.0472,0.5896,-0.7472,-0.3068,-0.2288,0.2098,-0.9506,25.5,0.0002,2.925,2.807,0.80671,59.9,494.4,43.9,475.2,75.8,513.5,373,0.783,3
364,-130.548,-69.53,39.331,0.7648,0.6436,-0.0279,0.6155,-0.7432,-0.2622,-0.1895,0.1833,-0.9646,25.5,0.0003,2.832,2.964,0.69675,61.5,493.1,44.9,473.9,78.0,512.1,373,1.283,3
365,-128.973,-68.194,39.302,0.7594,0.6506,-0.0017,0.6408,-0.7371,-0.2147,-0.1409,0.1619,-0.9767,25.5,0.0074,3.121,3.104,0.76728,63.1,491.7,46.0,472.7,80.2,510.7,374,0.129,3
366,-127.417,-66.837,39.32,0.7459,0.6658,0.018,0.6651,-0.7283,-0.1648,-0.0966,0.1349,-0.9861,25.5,0.0082,3.021,3.22,0.78555,64.7,490.3,47.0,471.5,82.3,509.1,375,1.138,3
367,-125.898,-65.44,39.373,0.7264,0.6863,0.0357,0.6883,-0.7166,-0.1131,-0.052,0.1067,-0.9929,25.5,0.0041,3.049,3.316,0.92614,66.3,488.9,48.1,470.3,84.4,507.4,375,0.927,3
368,-124.416,-64.005,39.468,0.7083,0.7037,0.0555,0.7099,-0.7017,-0.0602,-0.0034,0.082,-0.9966,25.5,0.0057,3.131,3.384,0.88729,67.8,487.4,49.2,469.2,86.4,505.7,376,0.434,3
369,-122.974,-62.532,39.597,0.6874,0.7232,0.0673,0.7299,-0.6836,-0.0066,0.0412,0.0537,-0.9977,25.5,0.0069,3.027,3.438,0.85809,69.3,485.9,50.2,468.1,88.3,503.8,376,1.632,3
370,-121.575,-61.021,39.746,0.6681,0.7399,0.0789,0.7477,-0.6623,0.0468,0.0869,0.0278,-0.9958,25.5,0.0132,3.012,3.449,0.77792,70.7,484.4,51.3,467.1,90.1,501.7,377,0.194,3
371,-120.222,-59.471,39.922,0.6408,0.7623,0.0914,0.7636,-0.638,0.0994,0.1341,0.0061,-0.9909,25.5,0.0121,2.99,3.443,1.03948,72.0,482.8,52.3,466.1,91.8,499.6,378,1.313,3
372,-118.937,-57.868,40.123,0.6034,0.7907,0.1038,0.7775,-0.6107,0.1505,0.1824,-0.0101,-0.9832,25.5,0.0019,2.952,3.414,1.34791,73.4,481.2,53.4,465.2,93.4,497.3,378,0.752,3
373,-117.728,-56.21,40.351,0.5675,0.8151,0.1161,0.7895,-0.5804,0.1995,0.23,-0.0215,-0.973,25.5,0.0019,2.865,3.372,1.25208,74.6,479.5,54.4,464.2,94.9,494.8,379,0.817,3
374,-116.593,-54.503,40.599,0.5322,0.8376,0.1231,0.7997,-0.5476,0.2461,0.2735,-0.0325,-0.9613,25.5,0.0028,2.657,3.317,1.17783,75.7,477.8,55.4,463.3,96.2,492.3,379,1.249,3
375,-115.53,-52.752,40.862,0.4959,0.8584,0.1314,0.8082,-0.5126,0.29,0.3163,-0.0376,-0.9479,25.5,0.0011,2.586,3.254,1.18366,76.8,476.0,56.3,462.4,97.5,489.6,380,0.386,3
376,-114.547,-50.958,41.139,0.4557,0.8795,0.137,0.815,-0.4756,0.3311,0.3564,-0.0392,-0.9335,25.5,0.0015,2.443,3.193,1.2695,77.8,474.1,57.2,461.5,98.6,486.9,380,1.683,3
377,-113.649,-49.121,41.427,0.4155,0.8984,0.1425,0.8202,-0.4369,0.3693,0.394,-0.0366,-0.9184,25.5,0.0009,2.326,3.13,1.24219,78.7,472.3,58.0,460.7,99.6,484.0,381,0.04,3
378,-112.835,-47.247,41.726,0.3712,0.9171,0.1457,0.8239,-0.3969,0.4046,0.4289,-0.0301,-0.9029,25.5,0.0008,2.22,3.064,1.33737,79.5,470.4,58.8,459.8,100.4,481.1,382,1.804,3
379,-112.121,-45.333,42.026,0.3199,0.9361,0.146,0.8261,-0.3556,0.4372,0.4612,-0.0193,-0.8871,25.5,0.0048,2.151,3.018,1.51828,80.2,468.4,59.5,458.9,101.2,478.1,382,0.261,3
380,-111.511,-43.384,42.329,0.2713,0.9513,0.1465,0.8267,-0.3133,0.4674,0.4906,-0.0057,-0.8714,25.5,0.0053,2.063,2.978,1.41332,80.8,466.4,60.1,458.0,101.8,475.0,383,1.577,3
381,-110.999,-41.406,42.628,0.2248,0.964,0.142,0.8255,-0.2701,0.4956,0.5161,0.0058,-0.8565,25.5,0.0044,1.816,2.957,1.34355,81.3,464.4,60.7,457.1,102.2,471.8,383,0.489,3
382,-110.585,-39.404,42.918,0.1768,0.9744,0.1388,0.8224,-0.2262,0.5219,0.54,0.0218,-0.8414,25.5,0.0026,1.861,2.938,1.36592,81.7,462.4,61.2,456.2,102.5,468.6,384,1.398,3
383,-110.268,-37.383,43.198,0.1296,0.9827,0.1323,0.8174,-0.1816,0.5467,0.5613,0.0373,-0.8268,25.5,0.0002,1.726,2.938,1.34219,82.0,460.3,61.7,455.3,102.6,465.4,384,0.67,3
384,-110.05,-35.347,43.463,0.0819,0.9888,0.1247,0.8102,-0.1366,0.57,0.5807,0.0543,-0.8123,25.5,0.0024,1.695,2.933,1.35116,82.2,458.2,62.2,454.4,102.6,462.1,385,1.259,3
385,-109.931,-33.301,43.712,0.033,0.9927,0.1159,0.8007,-0.0912,0.592,0.5983,0.0732,-0.7979,25.5,0.0045,1.694,2.942,1.38316,82.3,456.1,62.5,453.5,102.5,458.8,385,0.809,3
386,-109.915,-31.249,43.939,-0.0181,0.9944,0.1041,0.789,-0.0456,0.6127,0.614,0.0933,-0.7838,25.5,0.0042,1.67,2.947,1.45625,82.3,454.0,62.9,452.6,102.1,455.5,386,1.163,3
387,-110.006,-29.196,44.142,-0.0695,0.9933,0.0927,0.7748,0.0001,0.6322,0.628,0.1157,-0.7696,25.5,0.0049,1.718,2.961,1.46151,82.2,451.9,63.2,451.7,101.6,452.2,386,0.905,3
388,-110.203,-27.149,44.319,-0.1223,0.9895,0.0775,0.7581,0.0457,0.6506,0.6402,0.1383,-0.7557,25.5,0.0029,1.673,2.976,1.52852,82.0,449.8,63.4,450.8,100.9,448.9,387,1.119,3
389,-110.511,-25.112,44.464,-0.1756,0.9824,0.0631,0.7388,0.0911,0.6678,0.6503,0.1639,-0.7418,25.5,0.0019,1.767,2.994,1.54489,81.7,447.7,63.6,449.9,100.1,445.6,387,0.949,3
390,-110.928,-23.093,44.577,-0.2289,0.9724,0.0458,0.7168,0.136,0.6839,0.6588,0.1894,-0.7281,25.5,0.0005,1.729,3.01,1.57988,81.3,445.7,63.8,449.0,99.0,442.3,388,1.145,4
391,-111.457,-21.099,44.653,-0.283,0.9587,0.0279,0.6922,0.1802,0.6989,0.665,0.2171,-0.7146,25.5,0.0036,1.801,3.023,1.62662,80.7,443.6,63.9,448.1,97.8,439.1,388,0.921,4
392,-112.095,-19.136,44.692,-0.3344,0.9424,0.0093,0.6649,0.2234,0.7127,0.6696,0.2445,-0.7014,25.5,0.0052,1.762,3.033,1.58317,80.0,441.6,64.0,447.2,96.4,435.9,389,1.27,4
393,-112.837,-17.209,44.691,-0.3843,0.9231,-0.0096,0.6352,0.2654,0.7253,0.6721,0.2726,-0.6884,25.5,0.0061,1.78,3.035,1.57486,79.3,439.6,64.1,446.3,94.8,432.8,389,0.796,4
394,-113.68,-15.325,44.652,-0.4316,0.9016,-0.0283,0.6031,0.3059,0.7367,0.6729,0.3009,-0.6758,25.5,0.0053,1.776,3.032,1.53262,78.4,437.7,64.1,445.5,93.1,429.8,390,1.504,4
395,-114.617,-13.486,44.575,-0.4756,0.8785,-0.0465,0.5688,0.3446,0.7468,0.6721,0.3287,-0.6635,25.5,0.0025,1.742,3.019,1.46877,77.5,435.8,64.0,444.6,91.2,426.9,390,0.562,4
396,-115.643,-11.698,44.46,-0.5181,0.8529,-0.0646,0.5325,0.3811,0.7558,0.6692,0.3571,-0.6516,25.5,0.0003,1.772,2.995,1.46569,76.4,434.0,63.9,443.7,89.2,424.1,391,1.83,4
397,-116.756,-9.966,44.307,-0.5598,0.8244,-0.0835,0.4944,0.4154,0.7635,0.6642,0.3861,-0.6401,25.5,0.0019,1.81,2.971,1.49672,75.3,432.2,63.8,442.8,87.0,421.4,391,0.235,4
398,-117.953,-8.294,44.116,-0.5989,0.7944,-0.1015,0.4547,0.4472,0.7703,0.6573,0.4151,-0.629,25.5,0.0048,1.823,2.941,1.45609,74.1,430.5,63.7,442.0,84.7,418.8,392,2.23,4
399,-119.229,-6.688,43.887,-0.6373,0.7611,-0.1206,0.4135,0.4764,0.7759,0.6481,0.4446,-0.6183,25.5,0.0055,1.874,2.911,1.50701,72.8,428.9,63.5,441.1,82.3,416.3,392,0.166,4
400,-120.583,-5.152,43.619,-0.6738,0.7257,-0.1391,0.3711,0.5028,0.7807,0.6365,0.4744,-0.6081,25.5,0.0062,1.923,2.875,1.50164,71.4,427.3,63.2,440.2,79.8,414.1,392,1.899,4
401,-122.01,-3.692,43.312,-0.7079,0.6886,-0.1575,0.3276,0.5264,0.7846,0.6232,0.5038,-0.5982,25.5,0.007,1.934,2.845,1.48882,70.0,425.8,62.9,439.3,77.2,411.9,393,0.627,4
402,-123.506,-2.31,42.968,-0.7401,0.6492,-0.1757,0.2833,0.5472,0.7876,0.6075,0.5331,-0.5889,25.5,0.0072,1.978,2.81,1.49976,68.5,424.4,62.6,438.5,74.5,409.9,393,1.438,4
403,-125.065,-1.012,42.587,-0.7703,0.6075,-0.1937,0.2382,0.5652,0.7898,0.5894,0.5623,-0.5801,25.5,0.0069,2.032,2.785,1.51379,66.9,423.0,62.2,437.6,71.7,408.1,394,1.145,4
404,-126.686,0.196,42.168,-0.7991,0.5626,-0.2121,0.1926,0.5803,0.7913,0.5683,0.5915,-0.5721,25.5,0.0047,2.114,2.754,1.56607,65.3,421.8,61.8,436.8,68.9,406.5,394,0.92,4
405,-128.363,1.31,41.712,-0.8252,0.5161,-0.2297,0.1465,0.5926,0.7921,0.5449,0.6199,-0.5646,25.5,0.003,2.152,2.734,1.55849,63.6,420.7,61.3,436.0,65.9,405.0,395,1.728,4
406,-130.092,2.325,41.219,-0.8492,0.4664,-0.2476,0.1003,0.6019,0.7922,0.5185,0.6479,-0.558,25.5,0.0006,2.237,2.7,1.6103,61.9,419.6,60.8,435.2,63.0,403.7,395,0.338,4
407,-131.868,3.236,40.69,-0.8703,0.4156,-0.2643,0.054,0.6085,0.7917,0.4898,0.6748,-0.552,25.5,0.0033,2.28,2.68,1.59555,60.1,418.7,60.2,434.4,59.9,402.6,396,2.398,4
408,-133.685,4.04,40.128,-0.8889,0.3618,-0.281,0.0079,0.6123,0.7906,0.4581,0.7006,-0.5471,25.5,0.0077,2.359,2.651,1.6465,58.3,417.9,59.6,433.7,56.9,401.7,396,0.334,4
409,-135.537,4.73,39.531,-0.9044,0.3069,-0.2966,-0.038,0.6134,0.7889,0.424,0.7248,-0.5431,25.5,0.0114,2.407,2.633,1.64141,56.4,417.2,59.0,433.0,53.8,400.9,396,1.732,4
410,-137.418,5.305,38.903,-0.9168,0.2495,-0.3119,-0.0834,0.6118,0.7866,0.3872,0.7472,-0.5401,25.5,0.0162,2.475,2.606,1.68426,54.5,416.6,58.3,432.4,50.7,400.4,397,1.134,4
411,-139.321,5.758,38.243,-0.9261,0.1887,-0.3268,-0.1281,0.6077,0.7838,0.3466,0.7679,-0.5387,25.5,0.0228,2.613,2.577,1.7565,52.7,416.1,57.6,431.8,47.6,400.0,397,0.931,4
412,-141.239,6.088,37.555,-0.9312,0.1326,-0.3396,-0.1718,0.6011,0.7805,0.3077,0.7854,-0.5371,25.5,0.0254,2.446,2.539,1.6033,50.7,415.8,56.8,431.3,44.6,399.9,398,2.096,4
413,-143.164,6.311,36.842,-0.9327,0.0839,-0.3506,-0.2143,0.5924,0.7766,0.273,0.7997,-0.5347,25.5,0.0227,2.155,2.496,1.3863,48.8,415.6,56.0,430.9,41.5,399.9,398,0.037,4
414,-145.09,6.434,36.108,-0.9322,0.0353,-0.3603,-0.2555,0.5817,0.7722,0.2369,0.812,-0.5334,25.5,0.0195,2.187,2.452,1.37543,46.9,415.4,55.1,430.5,38.5,400.1,398,2.035,4
415,-147.012,6.457,35.354,-0.9289,-0.0127,-0.3702,-0.2952,0.5693,0.7673,0.201,0.8221,-0.5327,25.5,0.0171,2.137,2.4,1.36321,45.0,415.4,54.3,430.1,35.6,400.4,399,1.125,4
416,-148.925,6.382,34.58,-0.9236,-0.0591,-0.3787,-0.3332,0.5553,0.762,0.1653,0.8301,-0.5326,25.5,0.0136,2.096,2.34,1.31733,43.2,415.5,53.4,429.8,32.7,400.8,399,0.941,4
417,-150.825,6.213,33.79,-0.9162,-0.1045,-0.3868,-0.3696,0.5397,0.7564,0.1297,0.836,-0.5332,25.5,0.0103,2.068,2.292,1.29628,41.3,415.7,52.5,429.6,29.9,401.4,400,2.306,4
418,-152.707,5.949,32.982,-0.906,-0.1513,-0.3952,-0.4043,0.5228,0.7505,0.0931,0.8398,-0.5349,25.5,0.0094,2.111,2.237,1.34963,39.4,415.9,51.5,429.4,27.1,402.1,400,0.242,4
419,-154.567,5.593,32.16,-0.895,-0.1945,-0.4015,-0.4373,0.5047,0.7444,0.0579,0.8418,-0.5367,25.5,0.0057,2.023,2.185,1.24942,37.6,416.3,50.5,429.3,24.4,403.0,400,1.824,4
420,-156.401,5.144,31.324,-0.8804,-0.2408,-0.4086,-0.4685,0.4854,0.7381,0.0206,0.8413,-0.5402,25.5,0.006,2.147,2.133,1.36154,35.8,416.8,49.5,429.3,21.8,404.0,401,1.462,4
421,-158.2,4.596,30.472,-0.8623,-0.2896,-0.4155,-0.498,0.4651,0.7319,-0.0187,0.838,-0.5453,25.5,0.0094,2.279,2.082,1.45715,34.1,417.3,48.5,429.3,19.3,405.1,401,0.603,4
422,-159.961,3.95,29.609,-0.8428,-0.3356,-0.4208,-0.5257,0.4439,0.7257,-0.0567,0.8329,-0.5505,25.5,0.0113,2.217,2.03,1.39435,32.4,418.0,47.5,429.4,16.9,406.3,401,2.667,4
423,-161.678,3.209,28.734,-0.8195,-0.3828,-0.4264,-0.5518,0.4217,0.7195,-0.0957,0.8251,-0.5569,25.5,0.016,2.308,1.995,1.46913,30.7,418.7,46.5,429.6,14.5,407.7,402,0.613,4
424,-163.343,2.369,27.848,-0.7931,-0.4305,-0.4308,-0.5762,0.3986,0.7135,-0.1355,0.8144,-0.5643,25.5,0.022,2.399,1.956,1.51806,29.1,419.6,45.5,429.8,12.3,409.1,402,1.452,4
425,-164.952,1.432,26.955,-0.7642,-0.4769,-0.4342,-0.599,0.3747,0.7077,-0.1749,0.8012,-0.5722,25.5,0.0282,2.424,1.922,1.52013,27.5,420.5,44.6,430.2,10.2,410.7,403,1.795,4
426,-166.496,0.398,26.055,-0.7305,-0.5245,-0.4374,-0.6202,0.35,0.702,-0.2153,0.7846,-0.5814,25.5,0.0376,2.558,1.893,1.62106,26.1,421.6,43.6,430.6,8.1,412.4,403,0.272,4
427,-167.968,-0.733,25.151,-0.6943,-0.5707,-0.4384,-0.6399,0.3245,0.6966,-0.2556,0.765,-0.5911,25.5,0.0463,2.627,1.872,1.62931,24.7,422.7,42.7,431.0,6.2,414.3,403,2.336,4
428,-169.36,-1.959,24.245,-0.6533,-0.6171,-0.4387,-0.658,0.2983,0.6914,-0.2963,0.7416,-0.6019,25.5,0.0575,2.76,1.849,1.71862,23.3,424.0,41.9,431.6,4.4,416.2,404,0.873,4
429,-170.662,-3.281,23.34,-0.6081,-0.6624,-0.4375,-0.6746,0.2714,0.6865,-0.3369,0.7143,-0.6134,25.5,0.0699,2.88,1.833,1.77657,22.1,425.3,41.0,432.2,2.8,418.3,404,1.193,4
430,-171.867,-4.695,22.44,-0.5576,-0.7074,-0.4343,-0.6897,0.2437,0.6819,-0.3778,0.6822,-0.626,25.5,0.084,3.066,1.827,1.87961,21.0,426.8,40.3,432.9,1.3,420.4,405,2.01,4
431,-172.957,-6.204,21.548,-0.4957,-0.755,-0.4292,-0.7032,0.2154,0.6776,-0.4215,0.6412,-0.6412,25.5,0.1049,3.543,1.813,2.17242,19.9,428.3,39.6,433.7,-0.1,422.7,405,0.055,4
432,-173.911,-7.811,20.67,-0.4292,-0.7993,-0.4205,-0.715,0.1864,0.6739,-0.4639,0.5946,-0.6567,25.5,0.1255,3.718,1.806,2.23146,19.1,429.9,39.0,434.6,-1.3,425.1,405,2.119,4
433,-174.737,-9.496,19.81,-0.3725,-0.8309,-0.4132,-0.7252,0.1569,0.6704,-0.4969,0.5547,-0.6674,25.5,0.1372,3.03,1.8,1.81324,18.3,431.6,38.5,435.5,-2.3,427.6,406,1.143,4
434,-175.451,-11.24,18.965,-0.3179,-0.8575,-0.4045,-0.7341,0.127,0.6671,-0.5263,0.5145,-0.677,25.5,0.1454,2.906,1.797,1.70296,17.7,433.4,38.1,436.5,-3.1,430.2,406,0.926,4
435,-176.05,-13.034,18.139,-0.2623,-0.8802,-0.3955,-0.7415,0.0968,0.6639,-0.5526,0.473,-0.6862,25.5,0.1533,2.864,1.791,1.68552,17.2,435.2,37.8,437.5,-3.8,432.8,407,2.431,4
436,-176.535,-14.872,17.331,-0.2077,-0.8987,-0.3863,-0.7476,0.0665,0.6608,-0.5755,0.4316,-0.6946,25.5,0.1598,2.753,1.78,1.62028,16.7,437.0,37.5,438.6,-4.4,435.4,407,0.37,4
437,-176.909,-16.744,16.544,-0.1547,-0.9136,-0.376,-0.7524,0.0361,0.6577,-0.5953,0.3899,-0.7025,25.5,0.1639,2.684,1.772,1.55445,16.4,438.9,37.3,439.7,-4.8,438.1,407,1.704,4
438,-177.173,-18.642,15.778,-0.1012,-0.9249,-0.3665,-0.756,0.0057,0.6546,-0.6121,0.3483,-0.7099,25.5,0.1687,2.606,1.763,1.54037,16.3,440.8,37.2,440.8,-5.1,440.8,408,1.741,4
439,-177.327,-20.561,15.032,-0.0489,-0.9333,-0.3557,-0.7583,-0.0246,0.6515,-0.6261,0.3061,-0.7172,25.5,0.1717,2.582,1.75,1.50044,16.2,442.7,37.1,441.9,-5.2,443.6,408,0.334,4
440,-177.375,-22.495,14.308,0.0025,-0.9386,-0.3451,-0.7594,-0.0548,0.6484,-0.6372,0.2645,-0.7239,25.5,0.1742,2.497,1.741,1.46389,16.2,444.7,37.2,443.1,-5.2,446.3,408,2.394,4
441,-177.316,-24.435,13.606,0.0558,-0.9405,-0.3352,-0.7593,-0.0848,0.6452,-0.6456,0.2221,-0.7307,25.5,0.1789,2.507,1.729,1.50548,16.3,446.6,37.3,444.2,-5.0,449.0,409,1.106,4
442,-177.148,-26.378,12.926,0.1064,-0.9403,-0.3232,-0.7582,-0.1145,0.6419,-0.6513,0.1797,-0.7372,25.5,0.1805,2.48,1.713,1.44326,16.6,448.6,37.5,445.4,-4.7,451.8,409,0.965,4
443,-176.876,-28.316,12.271,0.1582,-0.9368,-0.3121,-0.756,-0.144,0.6386,-0.6543,0.1373,-0.7436,25.5,0.184,2.463,1.705,1.47346,16.9,450.5,37.8,446.6,-4.3,454.5,410,2.548,4
444,-176.493,-30.244,11.638,0.212,-0.9299,-0.3007,-0.7527,-0.1731,0.6352,-0.6546,0.0933,-0.7502,25.5,0.1896,2.55,1.689,1.53827,17.4,452.4,38.1,447.8,-3.8,457.2,410,0.485,4
445,-176.002,-32.155,11.03,0.2638,-0.9206,-0.2878,-0.7484,-0.2018,0.6318,-0.652,0.0497,-0.7565,25.5,0.1935,2.529,1.674,1.50389,17.9,454.4,38.5,448.9,-3.1,459.9,410,1.586,4
446,-175.402,-34.043,10.448,0.318,-0.9072,-0.2754,-0.7432,-0.23,0.6283,-0.6465,0.005,-0.7629,25.5,0.2007,2.607,1.655,1.58729,18.6,456.2,39.0,450.1,-2.3,462.5,411,1.9,4
447,-174.687,-35.899,9.893,0.3734,-0.89,-0.2617,-0.737,-0.2578,0.6248,-0.6376,-0.0413,-0.7692,25.5,0.2093,2.726,1.644,1.65439,19.3,458.1,39.6,451.2,-1.3,465.1,411,0.177,4
448,-173.86,-37.716,9.368,0.4278,-0.8694,-0.2472,-0.7299,-0.2851,0.6213,-0.6256,-0.0874,-0.7752,25.5,0.218,2.751,1.629,1.66393,20.2,459.9,40.3,452.3,-0.2,467.6,411,2.234,4
449,-172.918,-39.485,8.872,0.4853,-0.8428,-0.2326,-0.722,-0.3117,0.6177,-0.6097,-0.1355,-0.781,25.5,0.2314,2.922,1.603,1.80458,21.2,461.7,41.1,453.4,1.0,470.1,412,1.205,4
450,-171.857,-41.195,8.409,0.5419,-0.8123,-0.2157,-0.7132,-0.3378,0.6142,-0.5897,-0.1846,-0.7862,25.5,0.2446,3.053,1.591,1.84537,22.3,463.4,41.9,454.4,2.4,472.5,412,0.866,4
451,-170.68,-42.836,7.981,0.5977,-0.7767,-0.1987,-0.7036,-0.3631,0.6108,-0.566,-0.2333,-0.7907,25.5,0.2599,3.114,1.563,1.89679,23.6,465.0,42.9,455.4,3.9,474.8,413,2.536,4
452,-169.387,-44.397,7.589,0.6547,-0.7341,-0.1804,-0.6934,-0.3876,0.6074,-0.5372,-0.2839,-0.7943,25.5,0.279,3.343,1.533,2.03962,24.9,466.6,44.0,456.4,5.5,477.0,413,0.476,4
453,-167.98,-45.866,7.237,0.708,-0.6877,-0.1609,-0.6824,-0.4113,0.6042,-0.5045,-0.3331,-0.7966,25.5,0.2975,3.388,1.508,2.03498,26.3,468.1,45.1,457.2,7.3,479.1,413,1.604,4
454,-166.468,-47.236,6.924,0.7554,-0.6395,-0.1431,-0.6709,-0.4342,0.6011,-0.4705,-0.3773,-0.7976,25.5,0.3151,3.196,1.479,1.94036,27.9,469.4,46.3,458.0,9.1,481.0,414,1.816,4
455,-164.862,-48.504,6.648,0.7995,-0.5877,-0.1237,-0.6588,-0.4562,0.5982,-0.4326,-0.4208,-0.7974,25.5,0.3326,3.306,1.448,1.96375,29.5,470.7,47.6,458.7,11.1,482.9,414,0.28,4
456,-163.17,-49.663,6.412,0.838,-0.5352,-0.1059,-0.6462,-0.4774,0.5954,-0.394,-0.4594,-0.7961,25.5,0.3491,3.129,1.422,1.87349,31.2,471.8,49.0,459.3,13.2,484.6,414,2.327,4
457,-161.404,-50.714,6.21,0.8713,-0.4827,-0.0887,-0.6332,-0.4978,0.5926,-0.3546,-0.494,-0.7939,25.5,0.364,3.007,1.395,1.79052,33.0,472.9,50.5,459.8,15.3,486.2,415,1.182,4
458,-159.575,-51.657,6.045,0.8999,-0.4301,-0.072,-0.6198,-0.5174,0.59,-0.3143,-0.5252,-0.7908,25.5,0.3777,2.926,1.369,1.72527,34.9,473.8,51.9,460.3,17.5,487.6,415,0.899,4
459,-157.69,-52.49,5.912,0.9247,-0.3765,-0.057,-0.606,-0.5363,0.5874,-0.2736,-0.5528,-0.7871,25.5,0.3919,2.826,1.349,1.69119,36.8,474.7,53.5,460.6,19.8,488.9,416,2.725,4
460,-155.759,-53.212,5.81,0.9451,-0.3241,-0.0416,-0.5919,-0.5546,0.5849,-0.2324,-0.5774,-0.7827,25.5,0.404,2.761,1.331,1.61811,38.7,475.4,55.0,460.9,22.2,490.1,416,0.665,4
461,-153.79,-53.828,5.739,0.9618,-0.2722,-0.0277,-0.5775,-0.5721,0.5824,-0.1918,-0.5983,-0.778,25.5,0.4158,2.63,1.306,1.56163,40.7,476.0,56.6,461.0,24.5,491.2,416,1.417,4
462,-151.789,-54.335,5.694,0.9757,-0.2185,-0.015,-0.5628,-0.5891,0.5799,-0.1501,-0.617,-0.7725,25.5,0.4291,2.638,1.296,1.57948,42.7,476.5,58.3,461.1,26.9,492.2,417,2.313,4
463,-149.763,-54.733,5.678,0.9859,-0.1672,-0.0017,-0.5477,-0.6054,0.5774,-0.1086,-0.6329,-0.7666,25.5,0.4397,2.569,1.281,1.49784,44.8,476.9,59.9,461.1,29.4,493.0,417,0.266,4
464,-147.719,-55.025,5.686,0.9933,-0.1155,0.0099,-0.5325,-0.6212,0.5749,-0.0675,-0.6459,-0.7604,25.5,0.4515,2.495,1.264,1.48473,46.8,477.2,61.5,461.0,31.9,493.7,417,1.829,4
465,-145.662,-55.208,5.718,0.9979,-0.0618,0.0207,-0.517,-0.6365,0.5724,-0.025,-0.6571,-0.7533,25.5,0.4647,2.551,1.256,1.52552,48.9,477.4,63.2,460.8,34.3,494.3,418,1.986,4
466,-143.6,-55.283,5.773,0.9994,-0.0103,0.0321,-0.5013,-0.6512,0.5698,0.0172,-0.6658,-0.7459,25.5,0.476,2.505,1.241,1.46452,50.9,477.5,64.8,460.5,36.8,494.7,418,0.135,4
467,-141.537,-55.25,5.85,0.9982,0.0421,0.0421,-0.4854,-0.6654,0.5671,0.0595,-0.6723,-0.7379,25.5,0.4887,2.495,1.231,1.48088,53.0,477.4,66.5,460.1,39.3,495.0,418,2.154,4
468,-139.479,-55.107,5.946,0.994,0.0969,0.0512,-0.4694,-0.6791,0.5644,0.1035,-0.6771,-0.7286,25.5,0.5035,2.592,1.217,1.54619,55.1,477.3,68.1,459.6,41.8,495.3,419,1.722,4
469,-137.434,-54.853,6.062,0.9869,0.1495,0.061,-0.4533,-0.6922,0.5615,0.1474,-0.6795,-0.7187,25.5,0.5166,2.582,1.201,1.49793,57.1,477.0,69.7,459.0,44.3,495.3,419,0.363,4
470,-135.406,-54.489,6.197,0.9767,0.2031,0.0695,-0.4371,-0.7049,0.5586,0.1917,-0.6798,-0.7079,25.5,0.5313,2.613,1.191,1.53256,59.1,476.7,71.3,458.4,46.8,495.3,419,2.418,4
471,-133.403,-54.012,6.348,0.9628,0.2591,0.0771,-0.4208,-0.7171,0.5556,0.2383,-0.6783,-0.695,25.5,0.5481,2.772,1.179,1.61521,61.1,476.2,72.9,457.6,49.2,495.1,420,1.51,4
472,-131.432,-53.421,6.516,0.9459,0.313,0.0853,-0.4045,-0.7288,0.5525,0.2846,-0.6745,-0.6812,25.5,0.5636,2.777,1.163,1.5842,63.1,475.6,74.4,456.7,51.6,494.8,420,0.57,4
473,-129.499,-52.719,6.7,0.9255,0.3673,0.0922,-0.3884,-0.7399,0.5493,0.3316,-0.6683,-0.6659,25.5,0.5806,2.854,1.135,1.6213,65.0,474.9,75.9,455.7,54.0,494.4,420,2.63,4
474,-127.612,-51.903,6.896,0.9007,0.4232,0.0982,-0.3723,-0.7505,0.546,0.3807,-0.66,-0.6477,25.5,0.5993,3.038,1.121,1.70555,66.9,474.1,77.3,454.6,56.3,493.9,421,1.364,4
475,-125.781,-50.973,7.106,0.8725,0.4773,0.1045,-0.3564,-0.7607,0.5426,0.4302,-0.6491,-0.6274,25.5,0.6173,3.129,1.1,1.70239,68.7,473.2,78.7,453.5,58.5,493.2,421,0.718,4
476,-124.01,-49.934,7.327,0.842,0.5283,0.1095,-0.3407,-0.7703,0.5391,0.4777,-0.6357,-0.6064,25.5,0.6348,3.073,1.073,1.65508,70.5,472.1,80.1,452.2,60.7,492.4,421,2.779,4
477,-122.305,-48.793,7.557,0.8092,0.5765,0.1134,-0.3254,-0.7793,0.5355,0.5237,-0.6201,-0.5842,25.5,0.6519,3.06,1.038,1.62172,72.2,471.0,81.4,450.8,62.8,491.5,422,1.333,4
478,-120.671,-47.554,7.796,0.7737,0.6226,0.1174,-0.3104,-0.7879,0.5319,0.5694,-0.6021,-0.5597,25.5,0.6683,3.145,1.012,1.61873,73.8,469.8,82.6,449.4,64.9,490.5,422,0.749,4
479,-119.109,-46.227,8.041,0.7394,0.6624,0.1204,-0.2957,-0.796,0.5282,0.6097,-0.5829,-0.5372,25.5,0.6823,2.864,0.985,1.46056,75.4,468.4,83.8,447.9,66.8,489.3,422,2.81,4
480,-117.615,-44.823,8.292,0.7074,0.6961,0.1226,-0.2814,-0.8036,0.5245,0.6441,-0.5633,-0.5176,25.5,0.6941,2.531,0.952,1.29118,76.8,467.0,84.9,446.3,68.7,488.1,423,1.514,4
481,-116.189,-43.353,8.547,0.6747,0.7275,0.1246,-0.2674,-0.8108,0.5208,0.677,-0.5426,-0.4972,25.5,0.7054,2.515,0.927,1.25938,78.3,465.6,85.9,444.6,70.5,486.8,423,0.563,4
482,-114.828,-41.821,8.806,0.6432,0.7552,0.1262,-0.2537,-0.8175,0.5171,0.7065,-0.5217,-0.4782,25.5,0.7153,2.34,0.899,1.16493,79.6,464.0,86.9,442.9,72.2,485.4,423,2.624,4
483,-113.531,-40.236,9.068,0.6134,0.7795,0.1274,-0.2404,-0.8238,0.5133,0.7324,-0.501,-0.4611,25.5,0.7242,2.138,0.871,1.06749,80.9,462.4,87.8,441.2,73.8,484.0,424,1.979,4
484,-112.294,-38.604,9.332,0.5856,0.8004,0.1283,-0.2273,-0.8298,0.5097,0.7549,-0.4808,-0.4461,25.5,0.7319,1.934,0.851,0.9654,82.1,460.8,88.7,439.4,75.4,482.5,424,0.105,4
485,-111.112,-36.932,9.598,0.5589,0.8191,0.1291,-0.2145,-0.8354,0.506,0.7752,-0.4608,-0.4321,25.5,0.7388,1.819,0.828,0.9049,83.3,459.1,89.6,437.6,76.9,481.0,424,2.155,4
486,-109.985,-35.223,9.865,0.5329,0.8362,0.1296,-0.202,-0.8407,0.5024,0.7939,-0.441,-0.4187,25.5,0.7455,1.739,0.805,0.86364,84.4,457.4,90.3,435.8,78.4,479.4,425,2.724,4
487,-108.911,-33.48,10.133,0.5074,0.8518,0.1299,-0.1898,-0.8457,0.4988,0.8111,-0.4213,-0.4057,25.5,0.7519,1.673,0.783,0.82957,85.5,455.7,91.1,433.9,79.8,477.8,425,0.659,4
488,-107.889,-31.705,10.402,0.4818,0.8666,0.1301,-0.1778,-0.8504,0.4953,0.8278,-0.4013,-0.392,25.5,0.7582,1.687,0.765,0.82059,86.5,453.9,91.8,432.0,81.1,476.1,425,1.407,4
489,-106.92,-29.902,10.67,0.4576,0.8795,0.1302,-0.1659,-0.8548,0.4918,0.8425,-0.3821,-0.3798,25.5,0.7637,1.552,0.754,0.76102,87.4,452.1,92.4,430.1,82.4,474.4,425,3.472,4
490,-105.997,-28.074,10.939,0.4367,0.8901,0.1302,-0.1543,-0.8589,0.4884,0.8539,-0.3646,-0.3714,25.5,0.7683,1.29,0.731,0.65022,88.4,450.2,93.0,428.2,83.6,472.6,426,1.631,4
491,-105.115,-26.227,11.208,0.4184,0.8989,0.13,-0.1429,-0.8628,0.485,0.8628,-0.3486,-0.366,25.5,0.7723,1.094,0.717,0.56352,89.2,448.4,93.6,426.2,84.8,470.9,426,0.438,4
492,-104.268,-24.363,11.476,0.4022,0.9063,0.1298,-0.1316,-0.8664,0.4816,0.8698,-0.334,-0.3633,25.5,0.7756,0.941,0.707,0.49421,90.1,446.5,94.1,424.3,85.9,469.1,426,2.501,4
493,-103.452,-22.485,11.744,0.3878,0.9126,0.1294,-0.1204,-0.8699,0.4783,0.8752,-0.3204,-0.3625,25.5,0.7787,0.84,0.698,0.43629,90.9,444.6,94.6,422.3,87.0,467.3,427,2.742,4
494,-102.669,-20.593,12.011,0.3714,0.9194,0.1293,-0.1092,-0.8731,0.4751,0.8818,-0.3057,-0.3591,25.5,0.7819,0.944,0.692,0.49262,91.6,442.7,95.1,420.3,88.1,465.4,427,0.678,4
495,-101.918,-18.688,12.278,0.3561,0.9255,0.129,-0.0982,-0.8762,0.4719,0.8874,-0.2917,-0.357,25.5,0.785,0.872,0.68,0.45709,92.4,440.8,95.6,418.3,89.1,463.6,427,1.391,4
496,-101.197,-16.772,12.544,0.3418,0.9309,0.1286,-0.0872,-0.8791,0.4687,0.8921,-0.2783,-0.356,25.5,0.7879,0.816,0.677,0.42432,93.1,438.9,96.0,416.4,90.2,461.7,427,3.455,4
497,-100.506,-14.844,12.809,0.3281,0.9359,0.1281,-0.0763,-0.8817,0.4655,0.8961,-0.2654,-0.3558,25.5,0.7906,0.774,0.668,0.40492,93.8,437.0,96.4,414.4,91.1,459.8,428,1.823,4
498,-99.842,-12.907,13.073,0.315,0.9405,0.1275,-0.0654,-0.8842,0.4625,0.8995,-0.2529,-0.3564,25.5,0.7932,0.743,0.663,0.38559,94.4,435.0,96.8,412.4,92.1,458.0,428,0.248,4
499,-99.205,-10.96,13.335,0.3023,0.9447,0.1268,-0.0545,-0.8865,0.4594,0.9024,-0.2408,-0.3575,25.5,0.7957,0.716,0.663,0.37165,95.1,433.0,97.1,410.3,93.0,456.0,428,2.309,4
500,-98.594,-9.005,13.596,0.2888,0.949,0.1263,-0.0437,-0.8887,0.4564,0.9057,-0.2281,-0.3574,25.5,0.7984,0.752,0.654,0.39345,95.7,431.1,97.4,408.3,93.9,454.1,429,2.884,4
501,-98.011,-7.041,13.857,0.2759,0.9529,0.1258,-0.0329,-0.8907,0.4535,0.9085,-0.2158,-0.3579,25.5,0.8008,0.723,0.651,0.37415,96.2,429.1,97.7,406.3,94.7,452.2,429,0.819,4
502,-97.454,-5.07,14.116,0.2638,0.9564,0.1252,-0.022,-0.8924,0.4506,0.9105,-0.204,-0.3596,25.5,0.8029,0.693,0.654,0.34994,96.8,427.1,98.0,404.3,95.6,450.2,429,1.247,4
503,-96.921,-3.091,14.374,0.2524,0.9596,0.1246,-0.0111,-0.8941,0.4478,0.9119,-0.1928,-0.3623,25.5,0.805,0.665,0.652,0.32894,97.3,425.1,98.2,402.3,96.4,448.3,429,3.312,4
504,-96.411,-1.107,14.63,0.2416,0.9624,0.1238,-0.0002,-0.8955,0.445,0.9127,-0.182,-0.3658,25.5,0.8068,0.652,0.65,0.31036,97.8,423.1,98.4,400.2,97.2,446.3,430,1.664,4
505,-95.923,0.883,14.885,0.2313,0.9651,0.123,0.0107,-0.8968,0.4423,0.913,-0.1716,-0.3701,25.5,0.8086,0.645,0.648,0.29628,98.3,421.1,98.6,398.2,97.9,444.3,430,0.403,4
506,-95.456,2.879,15.138,0.2214,0.9675,0.1221,0.0217,-0.8979,0.4397,0.9129,-0.1615,-0.375,25.5,0.8102,0.643,0.651,0.28375,98.7,419.1,98.8,396.2,98.7,442.3,430,2.467,4
507,-95.01,4.879,15.39,0.2105,0.9701,0.1213,0.0328,-0.8988,0.4371,0.9132,-0.1508,-0.3786,25.5,0.812,0.647,0.655,0.31171,99.2,417.1,98.9,394.1,99.4,440.3,431,2.186,4
508,-94.587,6.885,15.639,0.1994,0.9725,0.1205,0.0439,-0.8995,0.4346,0.9135,-0.14,-0.3821,25.5,0.8136,0.651,0.653,0.31589,99.6,415.1,99.1,392.1,100.1,438.3,431,0.124,4
509,-94.186,8.895,15.887,0.1889,0.9747,0.1197,0.0551,-0.9001,0.4322,0.9132,-0.1296,-0.3864,25.5,0.8152,0.645,0.657,0.29849,100.0,413.0,99.1,390.1,100.8,436.3,431,1.944,4
510,-93.806,10.91,16.133,0.179,0.9766,0.1188,0.0664,-0.9004,0.4299,0.9124,-0.1196,-0.3915,25.5,0.8164,0.645,0.661,0.28082,100.3,411.0,99.2,388.0,101.5,434.2,432,2.364,4
511,-93.446,12.928,16.378,0.1697,0.9784,0.1179,0.0778,-0.9006,0.4277,0.911,-0.1101,-0.3975,25.5,0.8175,0.649,0.665,0.26403,100.7,409.0,99.3,386.0,102.1,432.2,432,0.3,4
512,-93.105,14.95,16.62,0.1609,0.98,0.117,0.0892,-0.9005,0.4256,0.9091,-0.101,-0.4042,25.5,0.8183,0.657,0.664,0.24944,101.0,406.9,99.3,384.0,102.8,430.1,432,1.766,4
513,-92.781,16.976,16.861,0.1527,0.9814,0.1161,0.1007,-0.9003,0.4236,0.9066,-0.0924,-0.4118,25.5,0.819,0.673,0.669,0.23218,101.3,404.9,99.3,381.9,103.4,428.1,433,2.189,4
514,-92.474,19.003,17.1,0.1432,0.983,0.1151,0.1122,-0.8997,0.4217,0.9048,-0.0829,-0.4177,25.5,0.8198,0.649,0.669,0.26877,101.6,402.8,99.3,379.9,104.0,426.0,433,0.124,4
515,-92.194,21.036,17.336,0.1291,0.9851,0.114,0.1239,-0.899,0.42,0.9058,-0.0704,-0.4178,25.5,0.8217,0.719,0.679,0.39669,101.9,400.8,99.3,377.9,104.6,423.9,433,1.941,4
516,-91.939,23.071,17.57,0.1182,0.9865,0.113,0.1356,-0.898,0.4185,0.9046,-0.0601,-0.422,25.5,0.8226,0.641,0.678,0.30618,102.2,398.7,99.2,375.9,105.1,421.8,434,1.651,4
517,-91.703,25.11,17.803,0.1103,0.9876,0.1121,0.1474,-0.8968,0.4172,0.9014,-0.0518,-0.43,25.5,0.8227,0.685,0.684,0.22269,102.4,396.6,99.2,373.8,105.6,419.7,434,0.415,4
518,-91.481,27.15,18.034,0.1051,0.9882,0.1114,0.1594,-0.8953,0.416,0.8961,-0.0456,-0.4414,25.5,0.8216,0.803,0.696,0.14652,102.6,394.6,99.1,371.8,106.2,417.6,434,2.48,4
519,-91.267,29.191,18.263,0.1026,0.9885,0.1107,0.1715,-0.8935,0.415,0.889,-0.0412,-0.4561,25.5,0.8197,0.969,0.703,0.0725,102.8,392.5,98.9,369.8,106.7,415.5,435,0.736,4
520,-91.056,31.232,18.491,0.1028,0.9886,0.1102,0.1838,-0.8914,0.4143,0.8799,-0.0387,-0.4737,25.5,0.8167,1.144,0.716,0.01509,103.0,390.4,98.8,367.8,107.2,413.4,435,1.332,4
521,-90.84,33.273,18.718,0.1058,0.9883,0.1097,0.1963,-0.889,0.4138,0.8686,-0.0382,-0.494,25.5,0.8124,1.331,0.73,0.08478,103.2,388.4,98.7,365.8,107.7,411.2,436,1.49,4
522,-90.617,35.313,18.944,0.1075,0.9882,0.1088,0.209,-0.8862,0.4135,0.8578,-0.0369,-0.5126,25.5,0.8083,1.235,0.745,0.05346,103.4,386.3,98.6,363.8,108.3,409.1,436,0.574,4
523,-90.405,37.355,19.166,0.0988,0.9894,0.1065,0.2219,-0.8831,0.4134,0.8534,-0.0292,-0.5205,25.5,0.8078,0.68,0.76,0.25187,103.6,384.2,98.5,361.8,108.8,406.9,437,1.836,4
524,-90.206,39.399,19.385,0.0946,0.9899,0.1052,0.2352,-0.8795,0.4137,0.8461,-0.0242,-0.5325,25.5,0.8048,0.854,0.79,0.12276,103.8,382.2,98.3,359.9,109.4,404.7,437,0.235,4
525,-90.012,41.444,19.601,0.0943,0.99,0.1047,0.2489,-0.8754,0.4144,0.8361,-0.0217,-0.5481,25.5,0.7998,1.071,0.82,0.01641,104.0,380.1,98.2,357.9,109.9,402.6,438,1.75,4
526,-89.814,43.488,19.818,0.0983,0.9896,0.1051,0.2631,-0.8707,0.4155,0.8235,-0.0216,-0.5668,25.5,0.7921,1.292,0.859,0.11207,104.2,378.0,98.0,356.0,110.5,400.3,438,0.319,4
527,-89.602,45.531,20.036,0.1072,0.9885,0.1064,0.2779,-0.8654,0.4171,0.808,-0.0242,-0.5886,25.5,0.7813,1.54,0.905,0.25138,104.4,376.0,97.8,354.0,111.1,398.1,439,1.223,4
528,-89.367,47.57,20.258,0.1224,0.9865,0.109,0.2933,-0.8592,0.4192,0.789,-0.03,-0.6136,25.5,0.766,1.83,0.959,0.43142,104.6,373.9,97.6,352.1,111.7,395.9,439,0.842,4
529,-89.091,49.604,20.488,0.1467,0.9827,0.1134,0.3094,-0.8522,0.422,0.7653,-0.0402,-0.6424,25.5,0.7442,2.216,1.019,0.69329,104.9,371.8,97.5,350.3,112.4,393.6,440,0.291,4
530,-88.763,51.628,20.72,0.1685,0.9794,0.1111,0.3264,-0.8441,0.4253,0.7404,-0.0514,-0.6702,25.5,0.7245,2.233,1.095,0.61535,105.2,369.8,97.4,348.4,113.1,391.4,441,1.071,4
531,-88.394,53.647,20.95,0.1899,0.9754,0.112,0.344,-0.835,0.4295,0.7186,-0.0603,-0.6928,25.5,0.701,1.87,1.16,0.6046,105.6,367.7,97.3,346.6,113.9,389.1,441,0.994,4
532,-87.978,55.655,21.189,0.2127,0.9696,0.1212,0.3622,-0.8246,0.4345,0.702,-0.0653,-0.7091,25.5,0.6698,1.363,1.235,0.70096,106.0,365.7,97.2,344.9,114.8,386.7,442,0.515,4
533,-87.516,57.65,21.457,0.2347,0.9619,0.14,0.3809,-0.8129,0.4407,0.6929,-0.0646,-0.7181,25.5,0.6308,0.734,1.313,0.83101,106.4,363.7,97.2,343.2,115.8,384.4,443,0.283,4
534,-87.008,59.627,21.769,0.2611,0.9522,0.1588,0.3999,-0.7996,0.448,0.683,-0.066,-0.7274,25.5,0.5858,0.782,1.393,0.93871,106.9,361.6,97.2,341.5,116.7,382.0,444,0.245,4
535,-86.436,61.581,22.11,0.2916,0.9407,0.1736,0.4189,-0.785,0.4564,0.6705,-0.0716,-0.7385,25.5,0.5371,1.01,1.455,0.99347,107.5,359.7,97.3,339.9,117.8,379.6,445,0.349,4
536,-85.813,63.512,22.495,0.3089,0.9297,0.2005,0.4376,-0.7691,0.4659,0.6722,-0.0643,-0.7375,25.5,0.4864,0.433,1.508,0.93848,108.1,357.7,97.5,338.4,118.9,377.2,446,0.543,4
537,-85.171,65.421,22.946,0.3105,0.9201,0.2386,0.4553,-0.7523,0.4761,0.6867,-0.0436,-0.7256,25.5,0.4372,1.601,1.515,1.09136,108.7,355.7,97.6,336.9,120.0,374.8,447,0.778,4
538,-84.524,67.31,23.474,0.3193,0.9082,0.2707,0.4718,-0.735,0.4869,0.6947,-0.0301,-0.7186,25.5,0.3851,0.985,1.503,0.98082,109.4,353.8,97.8,335.4,121.0,372.4,449,0.799,4
539,-83.855,69.172,24.067,0.3268,0.8948,0.3043,0.4869,-0.7176,0.4981,0.7038,-0.0155,-0.7103,25.5,0.3314,1.094,1.468,1.02517,110.0,351.9,98.1,334.0,122.1,370.1,450,0.573,4
540,-83.179,71.005,24.733,0.327,0.8814,0.341,0.5004,-0.7002,0.5092,0.7162,0.0043,-0.6979,25.5,0.2799,1.515,1.413,1.08422,110.7,350.0,98.4,332.6,123.1,367.7,451,0.377,4
541,-82.508,72.811,25.476,0.3243,0.8672,0.3779,0.5123,-0.6834,0.5201,0.7288,0.0256,-0.6842,25.5,0.23,1.621,1.335,1.09966,111.3,348.1,98.8,331.1,124.0,365.4,452,0.225,4
542,-81.836,74.585,26.292,0.3258,0.851,0.4119,0.5226,-0.6674,0.5305,0.7383,0.0431,-0.6731,25.5,0.1792,1.306,1.243,1.04597,112.0,346.3,99.2,329.7,124.9,363.1,453,0.131,4
543,-81.166,76.328,27.173,0.3223,0.8378,0.4407,0.5316,-0.652,0.5406,0.7472,0.0606,-0.6618,25.5,0.1367,1.298,1.174,0.88447,112.6,344.5,99.6,328.3,125.8,360.9,454,0.109,4
544,-80.508,78.048,28.107,0.3151,0.8287,0.4626,0.5394,-0.6373,0.5504,0.755,0.0765,-0.6513,25.5,0.1036,1.18,1.107,0.68779,113.2,342.7,100.0,327.0,126.6,358.7,455,0.171,4
545,-79.866,79.752,29.08,0.3085,0.8195,0.4829,0.5461,-0.623,0.56,0.7618,0.0912,-0.6414,25.5,0.0717,1.088,1.059,0.64506,113.8,340.9,100.4,325.6,127.4,356.6,456,0.322,4
546,-79.23,81.428,30.104,0.3071,0.8057,0.5064,0.552,-0.609,0.5695,0.7677,0.1047,-0.6321,25.5,0.0328,0.998,1.027,0.75731,114.4,339.2,100.9,324.2,128.2,354.4,457,0.545,4
547,-78.599,83.084,31.165,0.303,0.7982,0.5206,0.5571,-0.5955,0.5788,0.772,0.1146,-0.6252,25.5,0.0052,0.734,0.984,0.45985,115.0,337.5,101.3,322.8,128.9,352.3,458,0.82,4
548,-77.98,84.728,32.249,0.2967,0.7956,0.5282,0.5616,-0.5823,0.5879,0.7753,0.1222,-0.6196,25.5,0.0139,0.573,0.954,0.28323,115.6,335.7,101.8,321.5,129.6,350.2,459,1.127,4
549,-77.375,86.372,33.343,0.2881,0.7971,0.5306,0.5655,-0.5695,0.5966,0.778,0.1282,-0.615,25.5,0.0255,0.46,0.914,0.25119,116.2,334.0,102.3,320.1,130.3,348.2,459,0.939,4
550,-76.792,88.024,34.438,0.2769,0.8027,0.5282,0.569,-0.557,0.605,0.7802,0.1331,-0.6112,25.5,0.03,0.377,0.886,0.35376,116.7,332.3,102.7,318.7,130.9,346.1,460,0.621,4
551,-76.234,89.69,35.522,0.2638,0.8101,0.5236,0.5721,-0.545,0.6129,0.7822,0.138,-0.6075,25.5,0.0303,0.37,0.842,0.43663,117.2,330.5,103.2,317.3,131.6,344.0,461,0.31,4
552,-75.698,91.361,36.609,0.2557,0.8089,0.5294,0.5751,-0.5333,0.6204,0.7849,0.1459,-0.6021,25.5,0.0441,0.57,0.815,0.27842,117.7,328.7,103.6,315.8,132.1,341.9,462,0.046,4
553,-75.178,93.032,37.706,0.247,0.81,0.5319,0.578,-0.5217,0.6275,0.7869,0.1526,-0.5979,25.5,0.054,0.467,0.797,0.25299,118.2,327.0,104.0,314.4,132.7,339.8,463,0.207,4
554,-74.678,94.708,38.804,0.2375,0.8133,0.5312,0.581,-0.5101,0.6343,0.7882,0.1583,-0.5947,25.5,0.0601,0.382,0.789,0.27971,118.7,325.2,104.4,312.9,133.3,337.7,464,0.366,4
555,-74.198,96.393,39.898,0.2268,0.8188,0.5274,0.5842,-0.4982,0.6407,0.7889,0.1631,-0.5925,25.5,0.0625,0.305,0.796,0.35006,119.1,323.4,104.7,311.5,133.8,335.6,465,0.448,4
556,-73.742,98.091,40.98,0.2146,0.8267,0.5201,0.5879,-0.4858,0.6469,0.7889,0.1672,-0.5914,25.5,0.061,0.243,0.822,0.45126,119.5,321.6,105.0,310.0,134.3,333.5,466,0.443,4
557,-73.313,99.809,42.043,0.2004,0.8372,0.5088,0.592,-0.4727,0.6527,0.7882,0.1706,-0.5913,25.5,0.055,0.199,0.854,0.58181,119.9,319.8,105.3,308.5,134.8,331.3,467,0.34,4
558,-72.922,101.548,43.084,0.1769,0.8469,0.5015,0.5968,-0.4587,0.6583,0.7884,0.183,-0.5873,25.5,0.0472,0.747,0.907,0.73402,120.3,318.0,105.6,307.1,135.3,329.1,468,0.129,4
559,-72.578,103.305,44.114,0.1581,0.8545,0.4949,0.6024,-0.4446,0.6629,0.7872,0.1935,-0.5856,25.5,0.0434,0.613,0.908,0.59168,120.6,316.1,105.7,305.6,135.8,326.8,469,0.205,4
560,-72.264,105.076,45.127,0.1471,0.8611,0.4867,0.6089,-0.4313,0.6658,0.7839,0.1986,-0.5883,25.5,0.0422,0.381,0.864,0.42244,120.9,314.2,105.8,304.1,136.2,324.6,470,0.664,4
561,-71.965,106.86,46.122,0.1445,0.867,0.477,0.6165,-0.42,0.666,0.7784,0.198,-0.5957,25.5,0.0426,0.529,0.78,0.32318,121.1,312.3,105.9,302.5,136.7,322.4,472,0.096,4
562,-71.661,108.656,47.096,0.151,0.8721,0.4654,0.6254,-0.4118,0.6627,0.7704,0.1912,-0.6082,25.5,0.0437,0.935,0.719,0.39513,121.4,310.4,105.9,300.8,137.2,320.2,474,0.329,4
563,-71.335,110.462,48.042,0.1634,0.8781,0.4497,0.6359,-0.4077,0.6553,0.7594,0.179,-0.6255,25.5,0.0406,1.367,0.773,0.57961,121.7,308.5,105.9,299.0,137.8,318.2,476,0.477,4
564,-71.003,112.288,48.947,0.1588,0.8897,0.4281,0.6479,-0.4084,0.643,0.7469,0.1753,-0.6414,25.5,0.0148,1.178,0.985,0.69217,122.0,306.6,105.9,297.0,138.5,316.3,477,0.416,4
565,-70.674,114.132,49.816,0.1618,0.8954,0.4149,0.6613,-0.4132,0.626,0.732,0.1731,-0.659,25.5,0.0033,1.327,1.27,0.40755,122.3,304.6,105.8,294.9,139.1,314.5,479,0.242,4
566,-70.329,115.982,50.667,0.1736,0.895,0.411,0.6758,-0.4214,0.6047,0.7144,0.1728,-0.678,25.5,0.0113,1.484,1.549,0.345,122.6,302.7,105.7,292.7,139.9,312.8,480,0.207,4
567,-69.949,117.824,51.521,0.1962,0.887,0.4179,0.6911,-0.4323,0.5792,0.6945,0.1752,-0.6979,25.5,0.0058,1.618,1.815,0.69214,123.0,300.7,105.6,290.5,140.7,311.1,481,0.441,4
568,-69.514,119.643,52.395,0.2235,0.8775,0.4244,0.7069,-0.445,0.5498,0.6713,0.1771,-0.7197,25.5,0.0008,1.827,2.046,0.82221,123.4,298.8,105.6,288.2,141.5,309.6,482,0.499,4
569,-69.028,121.448,53.272,0.247,0.8707,0.4252,0.723,-0.459,0.5164,0.6448,0.1799,-0.7429,25.5,0.0015,2.024,2.271,0.67922,123.9,296.8,105.5,285.8,142.5,308.0,483,0.405,4
570,-68.494,123.237,54.154,0.2706,0.8614,0.4299,0.7391,-0.4739,0.4787,0.6161,0.1882,-0.7649,25.5,0.0024,2.126,2.499,0.71589,124.4,294.9,105.6,283.4,143.5,306.6,484,0.185,5
571,-67.911,125.003,55.05,0.2942,0.8494,0.4382,0.755,-0.4894,0.4364,0.5851,0.2025,-0.7853,25.5,0.0023,2.279,2.738,0.76986,124.9,293.1,105.7,281.1,144.5,305.2,485,0.137,5
572,-67.274,126.744,55.961,0.3227,0.8357,0.4444,0.7705,-0.5052,0.3888,0.5494,0.2169,-0.8069,25.5,0.0008,2.529,3.008,0.89422,125.6,291.2,105.8,278.7,145.6,303.8,486,0.537,5
573,-66.577,128.453,56.886,0.3533,0.8192,0.4517,0.7852,-0.5205,0.3355,0.5099,0.2361,-0.8272,25.5,0.0026,2.772,3.287,0.98576,126.2,289.4,106.0,276.4,146.7,302.5,487,0.995,5
574,-65.812,130.124,57.827,0.3888,0.7984,0.4598,0.7987,-0.535,0.2754,0.4659,0.2602,-0.8457,25.5,0.01,3.064,3.626,1.16373,127.0,287.6,106.3,274.1,147.9,301.2,487,1.07,5
575,-64.973,131.749,58.785,0.4234,0.7762,0.4672,0.8102,-0.5477,0.2086,0.4179,0.2902,-0.8609,25.5,0.0154,3.359,3.952,1.15921,127.8,285.8,106.7,271.8,149.1,299.9,488,0.575,5
576,-64.07,133.332,59.756,0.4524,0.7558,0.4734,0.8188,-0.5577,0.1362,0.367,0.326,-0.8712,25.5,0.0134,3.615,4.218,0.99887,128.7,284.1,107.3,269.7,150.2,298.6,489,0.058,5
577,-63.103,134.868,60.74,0.483,0.7328,0.4793,0.8234,-0.5644,0.0596,0.3142,0.3659,-0.876,25.5,0.0127,3.803,4.414,1.07479,129.7,282.4,108.0,267.7,151.4,297.2,490,0.471,5
578,-62.079,136.36,61.735,0.5076,0.7126,0.4843,0.8235,-0.567,-0.0189,0.2612,0.4084,-0.8746,25.5,0.0048,3.894,4.501,0.89409,130.7,280.8,108.9,265.8,152.5,295.8,491,0.997,5
579,-61.005,137.809,62.74,0.5333,0.6902,0.4892,0.819,-0.5656,-0.0967,0.2099,0.4522,-0.8669,25.5,0.0009,3.891,4.467,0.95577,131.8,279.2,110.0,264.0,153.5,294.3,491,1.068,5
580,-59.877,139.209,63.756,0.559,0.6656,0.4945,0.8103,-0.5603,-0.1716,0.1628,0.4966,-0.8526,25.5,0.0048,3.799,4.332,0.9981,132.9,277.7,111.3,262.5,154.4,292.8,492,0.555,5
581,-58.699,140.56,64.781,0.5824,0.6421,0.4986,0.7983,-0.5516,-0.2419,0.1197,0.5389,-0.8338,25.5,0.0099,3.624,4.117,0.92726,134.1,276.2,112.7,261.0,155.4,291.2,493,0.07,5
582,-57.471,141.858,65.816,0.6068,0.6145,0.5041,0.7837,-0.5402,-0.3066,0.0839,0.5812,-0.8094,25.5,0.011,3.47,3.857,1.03358,135.3,274.8,114.2,259.7,156.3,289.7,494,0.372,5
583,-56.197,143.102,66.86,0.6274,0.5907,0.5074,0.7675,-0.5267,-0.3653,0.0515,0.6187,-0.7839,25.5,0.0149,3.194,3.574,0.87828,136.6,273.4,115.9,258.5,157.2,288.0,495,0.759,5
584,-54.878,144.292,67.913,0.6504,0.5603,0.5129,0.7505,-0.5117,-0.4183,0.0281,0.657,-0.7534,25.5,0.0131,3.11,3.303,1.06877,138.0,272.0,117.6,257.5,158.1,286.4,496,1.074,5
585,-53.509,145.412,68.978,0.6745,0.5264,0.5176,0.7331,-0.4954,-0.4659,0.0112,0.6938,-0.7201,25.5,0.0075,3.004,3.051,1.16159,139.4,270.8,119.4,256.5,159.0,284.9,496,0.991,5
586,-52.094,146.466,70.051,0.6954,0.4936,0.5223,0.716,-0.4782,-0.5086,-0.0013,0.7277,-0.6859,25.5,0.0038,2.851,2.814,1.08716,140.8,269.6,121.2,255.7,160.1,283.3,497,0.757,5
587,-50.639,147.448,71.138,0.7142,0.4561,0.5309,0.6995,-0.4599,-0.5471,-0.0054,0.7621,-0.6475,25.5,0.0006,2.963,2.619,1.1884,142.3,268.5,123.1,254.9,161.1,281.8,498,0.601,5
588,-49.145,148.354,72.238,0.7323,0.4227,0.534,0.6839,-0.4405,-0.5816,-0.0107,0.7911,-0.6116,25.5,0.004,2.662,2.438,1.05766,143.8,267.4,125.0,254.3,162.2,280.4,499,0.514,5
589,-47.618,149.19,73.348,0.7461,0.3857,0.5428,0.6699,-0.4201,-0.6121,-0.0081,0.8203,-0.5718,25.5,0.0055,2.833,2.25,1.12276,145.4,266.5,126.9,253.8,163.5,278.9,500,0.489,5
590,-46.067,149.944,74.484,0.7547,0.3448,0.5582,0.6581,-0.399,-0.6385,0.0025,0.8492,-0.528,25.5,0.0027,3.068,2.051,1.23605,146.9,265.6,128.8,253.4,164.7,277.6,501,0.519,5
591,-44.496,150.622,75.64,0.7659,0.3115,0.5625,0.649,-0.3773,-0.6606,0.0065,0.871,-0.4912,25.5,0.008,2.462,1.85,0.98221,148.6,264.8,130.6,253.1,166.1,276.2,502,0.598,5
592,-42.909,151.23,76.813,0.7702,0.2767,0.5747,0.6429,-0.3557,-0.6784,0.0167,0.8919,-0.4519,25.5,0.0069,2.617,1.641,1.03018,150.2,264.0,132.4,252.9,167.6,275.0,503,0.721,5
593,-41.32,151.763,78.018,0.7679,0.2395,0.5942,0.6398,-0.3347,-0.6918,0.0332,0.9114,-0.4102,25.5,0.0001,2.802,1.438,1.16728,151.8,263.4,134.1,252.7,169.1,273.8,504,0.883,5
594,-39.738,152.222,79.264,0.7649,0.2065,0.6101,0.6398,-0.3151,-0.701,0.0475,0.9266,-0.3731,25.5,0.0034,2.439,1.241,1.01992,153.4,262.8,135.7,252.6,170.7,272.7,506,0.759,5
595,-38.161,152.615,80.538,0.7623,0.1738,0.6235,0.6423,-0.297,-0.7066,0.0624,0.9391,-0.338,25.5,0.0026,2.299,1.095,0.9833,155.1,262.2,137.3,252.5,172.4,271.7,507,0.512,5
596,-36.592,152.936,81.841,0.7572,0.1366,0.6387,0.6466,-0.2808,-0.7093,0.0825,0.9501,-0.301,25.5,0.0018,2.494,0.973,1.12407,156.7,261.8,138.8,252.5,174.2,270.9,508,0.249,5
597,-35.036,153.176,83.177,0.7493,0.0945,0.6555,0.6519,-0.2664,-0.7099,0.1076,0.9593,-0.2612,25.5,0.002,2.747,0.88,1.27692,158.3,261.4,140.3,252.5,175.9,270.1,509,0.02,5
598,-33.498,153.333,84.545,0.7409,0.0588,0.6691,0.6576,-0.254,-0.7093,0.1283,0.9654,-0.2269,25.5,0.0023,2.322,0.783,1.08544,159.9,261.1,141.7,252.5,177.6,269.5,510,0.287,5
599,-31.976,153.418,85.939,0.7324,0.0234,0.6805,0.6631,-0.2434,-0.7078,0.1491,0.9697,-0.1938,25.5,0.0017,2.253,0.69,1.0586,161.4,260.9,143.1,252.6,179.3,269.0,511,0.548,5
600,-30.473,153.428,87.354,0.7233,-0.0137,0.6904,0.6686,-0.2342,-0.7058,0.1714,0.9721,-0.1602,25.5,0.0005,2.315,0.625,1.09505,163.0,260.7,144.5,252.7,181.0,268.6,512,0.792,5
601,-28.99,153.36,88.789,0.7133,-0.0533,0.6988,0.6738,-0.2262,-0.7034,0.1956,0.9726,-0.1254,25.5,0.0011,2.429,0.564,1.15718,164.5,260.7,145.9,252.8,182.7,268.4,514,0.857,5
602,-27.529,153.211,90.24,0.7016,-0.0889,0.707,0.6786,-0.2191,-0.7011,0.2172,0.9716,-0.0935,25.5,0.0001,2.208,0.508,1.06453,166.0,260.7,147.3,253.0,184.3,268.2,515,0.691,5
603,-26.092,152.992,91.707,0.6898,-0.1238,0.7133,0.6829,-0.2128,-0.6988,0.2383,0.9692,-0.0623,25.5,0.001,2.163,0.456,1.03717,167.5,260.8,148.7,253.3,185.9,268.1,516,0.555,5
604,-24.68,152.698,93.185,0.6779,-0.1609,0.7174,0.6868,-0.2072,-0.6967,0.2607,0.965,-0.0299,25.5,0.0009,2.27,0.409,1.08716,169.0,261.0,150.0,253.6,187.5,268.1,517,0.452,5
605,-23.293,152.326,94.668,0.6653,-0.2009,0.719,0.6903,-0.2022,-0.6947,0.2849,0.9585,0.0041,25.5,0.0004,2.42,0.368,1.1646,170.4,261.2,151.4,254.0,189.1,268.3,518,0.383,5
606,-21.934,151.867,96.153,0.6513,-0.2416,0.7194,0.6934,-0.1978,-0.6929,0.3097,0.9501,0.0387,25.5,0.0009,2.486,0.325,1.19455,171.8,261.6,152.7,254.5,190.6,268.5,519,0.352,5
607,-20.604,151.331,97.639,0.6361,-0.278,0.7198,0.6961,-0.1939,-0.6913,0.3317,0.9408,0.0702,25.5,0.0009,2.265,0.287,1.09462,173.2,262.0,154.0,255.0,192.0,268.8,520,0.362,5
608,-19.306,150.719,99.124,0.621,-0.3148,0.7178,0.6984,-0.1905,-0.6899,0.3539,0.9297,0.1016,25.5,0.0015,2.293,0.248,1.10526,174.6,262.5,155.3,255.6,193.4,269.2,521,0.417,5
609,-18.04,150.03,100.602,0.6055,-0.3524,0.7136,0.7005,-0.1874,-0.6886,0.3764,0.9168,0.1334,25.5,0.0012,2.351,0.227,1.13458,175.9,263.1,156.6,256.3,194.8,269.7,522,0.519,5
610,-16.806,149.263,102.069,0.5894,-0.3912,0.7067,0.7022,-0.1847,-0.6876,0.3995,0.9016,0.1659,25.5,0.0002,2.445,0.192,1.18139,177.2,263.8,157.8,257.1,196.2,270.3,523,0.667,5
611,-15.607,148.416,103.521,0.5716,-0.4279,0.7002,0.7037,-0.1822,-0.6867,0.4214,0.8852,0.197,25.5,0.0006,2.373,0.175,1.14628,178.4,264.5,159.0,257.9,197.5,271.0,524,0.858,5
612,-14.445,147.497,104.96,0.5537,-0.4622,0.6926,0.705,-0.1798,-0.686,0.4417,0.8682,0.2263,25.5,0.0017,2.263,0.161,1.09414,179.7,265.4,160.2,258.8,198.7,271.8,525,1.089,5
613,-13.32,146.508,106.38,0.536,-0.4959,0.6832,0.7061,-0.1776,-0.6855,0.4613,0.8498,0.2549,25.5,0.0018,2.249,0.144,1.0881,180.8,266.3,161.4,259.8,199.9,272.6,525,0.976,5
614,-12.232,145.449,107.78,0.5179,-0.5297,0.6717,0.7069,-0.1755,-0.6852,0.4808,0.8297,0.2836,25.5,0.0012,2.298,0.13,1.11082,182.0,267.3,162.5,260.9,201.1,273.6,526,0.705,5
615,-11.182,144.32,109.153,0.499,-0.5641,0.6578,0.7077,-0.1733,-0.6849,0.5004,0.8073,0.3128,25.5,0.0004,2.389,0.135,1.15553,183.1,268.4,163.6,262.0,202.2,274.6,527,0.394,5
616,-10.174,143.12,110.498,0.4775,-0.5972,0.6445,0.7083,-0.1711,-0.6848,0.5192,0.7835,0.3413,25.5,0.001,2.385,0.131,1.15586,184.2,269.5,164.6,263.2,203.3,275.7,528,0.047,5
617,-9.209,141.854,111.814,0.4565,-0.6286,0.6296,0.7089,-0.1689,-0.6848,0.5368,0.7589,0.3685,25.5,0.0014,2.331,0.131,1.12692,185.2,270.7,165.6,264.5,204.4,276.8,529,0.343,5
618,-8.288,140.526,113.097,0.4362,-0.6582,0.6136,0.7093,-0.1665,-0.685,0.553,0.734,0.3942,25.5,0.0013,2.251,0.14,1.09051,186.2,272.0,166.6,265.9,205.3,278.1,530,0.77,5
619,-7.407,139.138,114.347,0.417,-0.6857,0.5966,0.7097,-0.164,-0.6852,0.5677,0.7091,0.4182,25.5,0.0004,2.153,0.146,1.04346,187.1,273.4,167.5,267.3,206.3,279.4,531,1.23,5
620,-6.565,137.695,115.561,0.3982,-0.7113,0.5792,0.71,-0.1614,-0.6855,0.5811,0.6842,0.4408,25.5,0.0005,2.074,0.151,1.005,188.0,274.9,168.4,268.9,207.2,280.7,531,0.835,5
621,-5.765,136.201,116.739,0.3773,-0.7358,0.5623,0.7103,-0.1585,-0.6859,0.5938,0.6582,0.4628,25.5,0.0011,2.083,0.169,1.00933,188.8,276.3,169.2,270.5,208.1,282.1,532,0.352,5
622,-5.005,134.658,117.883,0.3587,-0.7575,0.5455,0.7105,-0.1555,-0.6863,0.6047,0.6337,0.4824,25.5,0.0017,1.903,0.174,0.91985,189.6,277.9,170.0,272.1,208.9,283.6,533,0.142,5
623,-4.282,133.073,118.992,0.3414,-0.7775,0.5282,0.7107,-0.1522,-0.6869,0.6144,0.6098,0.5006,25.5,0.0019,1.809,0.192,0.87683,190.4,279.5,170.8,273.8,209.7,285.1,534,0.636,5
624,-3.595,131.448,120.064,0.3248,-0.7966,0.5098,0.7108,-0.1487,-0.6875,0.6235,0.5857,0.5179,25.5,0.0012,1.778,0.204,0.86822,191.1,281.2,171.5,275.6,210.4,286.6,535,1.12,5
625,-2.941,129.783,121.096,0.3084,-0.8155,0.4897,0.711,-0.1449,-0.6881,0.6321,0.5604,0.5351,25.5,0.0005,1.821,0.221,0.89058,191.8,282.9,172.2,277.4,211.1,288.2,535,0.946,5
626,-2.324,128.08,122.087,0.2888,-0.8341,0.4699,0.7111,-0.1409,-0.6888,0.6407,0.5331,0.5525,25.5,0.0008,1.919,0.233,0.9297,192.5,284.6,172.8,279.2,211.8,289.8,536,0.485,5
627,-1.748,126.339,123.036,0.2694,-0.852,0.4489,0.7113,-0.1365,-0.6895,0.6487,0.505,0.5693,25.5,0.0016,1.931,0.256,0.93602,193.1,286.4,173.4,281.2,212.4,291.5,537,0.06,5
628,-1.211,124.562,123.94,0.251,-0.8688,0.4268,0.7115,-0.1318,-0.6902,0.6559,0.477,0.5851,25.5,0.0015,1.888,0.273,0.92424,193.7,288.2,174.0,283.2,213.0,293.2,538,0.323,5
629,-0.71,122.752,124.798,0.2343,-0.8841,0.4043,0.7118,-0.1269,-0.6908,0.6621,0.4496,0.5996,25.5,0.0003,1.811,0.283,0.88592,194.2,290.1,174.5,285.2,213.5,294.9,539,0.652,5
630,-0.242,120.912,125.61,0.2194,-0.8978,0.3818,0.7121,-0.1217,-0.6914,0.6672,0.4236,0.6127,25.5,0.0015,1.694,0.3,0.83988,194.7,292.0,175.0,287.3,214.1,296.7,540,0.927,5
631,0.193,119.044,126.375,0.2002,-0.9116,0.3591,0.7126,-0.1162,-0.6919,0.6724,0.3944,0.6264,25.5,0.0001,1.872,0.318,0.9095,195.2,294.0,175.5,289.4,214.5,298.5,540,1.138,5
632,0.587,117.149,127.094,0.1822,-0.9237,0.3371,0.7132,-0.1104,-0.6923,0.6766,0.3666,0.6386,25.5,0.0015,1.756,0.335,0.85726,195.6,295.9,175.9,291.5,215.0,300.3,541,0.918,5
633,0.948,115.231,127.768,0.1682,-0.9335,0.3166,0.7138,-0.1042,-0.6925,0.6795,0.3425,0.6488,25.5,0.0019,1.509,0.357,0.74059,196.0,298.0,176.2,293.7,215.4,302.1,542,0.76,5
634,1.284,113.295,128.402,0.158,-0.9416,0.2974,0.7145,-0.0977,-0.6927,0.6813,0.3219,0.6574,25.5,0.0011,1.283,0.375,0.6438,196.4,300.0,176.6,296.0,215.8,303.9,543,0.666,5
635,1.603,111.343,128.997,0.1513,-0.9482,0.2795,0.7153,-0.0907,-0.6929,0.6823,0.3047,0.6645,25.5,0.0006,1.068,0.404,0.56105,196.7,302.1,176.9,298.3,216.2,305.8,544,0.644,5
636,1.911,109.38,129.557,0.1479,-0.9534,0.2628,0.7162,-0.0833,-0.6929,0.6826,0.2907,0.6705,25.5,0.0033,0.873,0.427,0.49439,197.1,304.1,177.2,300.6,216.5,307.6,545,0.698,5
637,2.204,107.404,130.079,0.1352,-0.9607,0.2426,0.717,-0.0753,-0.6929,0.684,0.2676,0.6787,25.5,0.0012,1.407,0.461,0.69244,197.4,306.2,177.5,302.9,216.9,309.5,546,0.836,5
638,2.472,105.414,130.56,0.1254,-0.9664,0.2246,0.7181,-0.067,-0.6927,0.6845,0.2481,0.6855,25.5,0.0008,1.184,0.48,0.59021,197.7,308.3,177.7,305.3,217.2,311.4,548,0.701,5
639,2.724,103.414,131.008,0.1191,-0.9706,0.2089,0.7195,-0.0585,-0.692,0.684,0.2328,0.6914,25.5,0.0021,0.94,0.495,0.48365,197.9,310.5,178.0,307.6,217.5,313.2,549,0.32,5
640,2.966,101.406,131.425,0.1162,-0.9738,0.1954,0.7214,-0.0499,-0.6908,0.6824,0.2212,0.6967,25.5,0.0026,0.736,0.509,0.3933,198.2,312.6,178.2,310.0,217.8,315.1,550,0.144,5
641,3.206,99.392,131.816,0.1164,-0.9761,0.1838,0.7239,-0.0413,-0.6886,0.6797,0.2132,0.7018,25.5,0.002,0.565,0.528,0.32814,198.5,314.8,178.4,312.5,218.1,317.0,551,0.663,5
642,3.449,97.375,132.185,0.1195,-0.9775,0.174,0.7273,-0.0328,-0.6855,0.6758,0.2085,0.707,25.5,0.0003,0.46,0.554,0.28784,198.7,316.9,178.5,314.9,218.5,318.9,553,0.171,5
643,3.7,95.356,132.535,0.1212,-0.9791,0.1636,0.7317,-0.0247,-0.6812,0.671,0.2022,0.7134,25.5,0.0014,0.583,0.583,0.29574,199.0,319.1,178.7,317.3,218.9,320.8,554,0.533,5
644,3.944,93.331,132.858,0.1159,-0.9819,0.1501,0.7371,-0.0171,-0.6756,0.6659,0.1889,0.7217,25.5,0.0008,0.945,0.623,0.40987,199.3,321.2,178.8,319.7,219.3,322.7,556,0.043,6
645,4.181,91.301,133.156,0.1139,-0.9838,0.1385,0.7434,-0.0102,-0.6688,0.6594,0.1792,0.7302,25.5,0.0021,0.827,0.662,0.33082,199.5,323.4,178.9,322.1,219.7,324.7,558,0.41,6
646,4.417,89.268,133.432,0.115,-0.985,0.1286,0.7504,-0.0041,-0.661,0.6516,0.1725,0.7386,25.5,0.0053,0.761,0.695,0.27836,199.8,325.6,178.9,324.5,220.2,326.7,559,0.433,6
647,4.658,87.234,133.688,0.1191,-0.9856,0.1201,0.7579,0.0009,-0.6524,0.6429,0.1688,0.7471,25.5,0.011,0.728,0.714,0.26238,200.0,327.8,179.0,326.8,220.7,328.7,561,0.072,6
648,4.911,85.198,133.928,0.1264,-0.9856,0.1128,0.7658,0.0047,-0.6431,0.6334,0.1677,0.7554,25.5,0.0196,0.726,0.732,0.28642,200.3,329.9,179.1,329.2,221.1,330.7,563,0.612,6
649,5.182,83.164,134.155,0.1371,-0.9848,0.1065,0.7739,0.0071,-0.6333,0.6233,0.1693,0.7635,25.5,0.0317,0.747,0.741,0.34522,200.6,332.1,179.1,331.5,221.7,332.8,564,0.056,6
650,5.48,81.132,134.369,0.1517,-0.9832,0.1012,0.782,0.0078,-0.6232,0.6126,0.1739,0.771,25.5,0.0479,0.794,0.743,0.43334,200.9,334.3,179.2,333.7,222.2,334.9,565,0.654,6
651,5.805,79.103,134.575,0.163,-0.9818,0.0977,0.7901,0.0068,-0.6129,0.6022,0.1775,0.7784,25.5,0.0622,0.76,0.753,0.3305,201.3,336.5,179.4,335.9,222.8,337.1,567,0.384,6
652,6.152,77.077,134.771,0.1728,-0.9807,0.0915,0.7981,0.0043,-0.6025,0.5923,0.1777,0.7859,25.5,0.0786,0.712,0.765,0.32322,201.7,338.7,179.5,338.0,223.4,339.3,568,0.037,6
653,6.518,75.053,134.95,0.181,-0.98,0.0823,0.8058,0.0005,-0.5921,0.583,0.1743,0.7936,25.5,0.0966,0.719,0.773,0.34252,202.0,340.9,179.7,340.1,224.0,341.6,569,0.381,6
654,6.898,73.029,135.108,0.1875,-0.9798,0.0701,0.8133,-0.0042,-0.5819,0.5742,0.1672,0.8014,25.5,0.1158,0.787,0.774,0.38359,202.5,343.0,179.9,342.2,224.6,343.9,570,0.658,6
655,7.291,71.006,135.238,0.1921,-0.9798,0.0549,0.8204,-0.0096,-0.5717,0.566,0.1563,0.8095,25.5,0.1356,0.909,0.776,0.44067,202.9,345.2,180.1,344.3,225.2,346.2,571,0.859,6
656,7.69,68.982,135.333,0.1947,-0.9802,0.0367,0.8271,-0.0155,-0.5618,0.5581,0.1415,0.8176,25.5,0.1556,1.067,0.764,0.51026,203.3,347.4,180.4,346.3,225.9,348.5,572,0.985,6
657,8.095,66.958,135.389,0.1984,-0.9799,0.0195,0.8334,-0.0215,-0.5523,0.5502,0.1278,0.8252,25.5,0.1756,1.005,0.738,0.48823,203.8,349.6,180.7,348.4,226.5,350.8,573,1.04,6
658,8.511,64.936,135.416,0.2048,-0.9788,0.0057,0.8392,-0.0275,-0.5432,0.5423,0.1183,0.8318,25.5,0.1957,0.803,0.707,0.4232,204.2,351.8,180.9,350.4,227.1,353.1,574,1.025,6
659,8.94,62.916,135.412,0.2098,-0.9777,-0.0098,0.8446,-0.0335,-0.5344,0.5347,0.1063,0.8383,25.5,0.2152,0.895,0.684,0.45294,204.7,354.0,181.3,352.5,227.7,355.4,575,0.943,6
660,9.377,60.898,135.374,0.2134,-0.9766,-0.0269,0.8496,-0.0395,-0.5259,0.5272,0.092,0.8447,25.5,0.234,0.995,0.661,0.48585,205.1,356.1,181.6,354.5,228.3,357.8,576,0.796,6
661,9.82,58.883,135.3,0.2156,-0.9754,-0.0454,0.8543,-0.0455,-0.5178,0.5198,0.0753,0.851,25.5,0.2521,1.107,0.637,0.51803,205.6,358.3,182.0,356.6,228.9,360.1,577,0.587,6
662,10.266,56.87,135.186,0.2162,-0.9742,-0.0651,0.8587,-0.0515,-0.5099,0.5122,0.0564,0.857,25.5,0.269,1.217,0.622,0.54791,206.1,360.5,182.3,358.6,229.5,362.4,578,0.318,6
663,10.712,54.86,135.03,0.2159,-0.9727,-0.0855,0.8629,-0.0576,-0.5022,0.5045,0.0362,0.8627,25.5,0.2853,1.281,0.612,0.56763,206.6,362.7,182.7,360.6,230.1,364.7,579,0.01,6
664,11.16,52.854,134.835,0.2182,-0.9704,-0.1037,0.8668,-0.0637,-0.4946,0.4966,0.019,0.8678,25.5,0.3022,1.123,0.601,0.51299,207.1,364.9,183.1,362.7,230.7,367.0,580,0.393,6
665,11.612,50.852,134.602,0.2198,-0.9679,-0.1218,0.8705,-0.0698,-0.4873,0.4885,0.0011,0.8726,25.5,0.3182,1.159,0.585,0.50895,207.6,367.0,183.5,364.7,231.3,369.4,581,0.829,6
666,12.068,48.856,134.332,0.2209,-0.9652,-0.14,0.874,-0.0759,-0.48,0.4802,-0.0173,0.877,25.5,0.3335,1.184,0.581,0.51142,208.0,369.2,183.9,366.7,231.9,371.7,581,1.237,6
667,12.524,46.866,134.024,0.2214,-0.9623,-0.1582,0.8773,-0.0819,-0.473,0.4716,-0.0363,0.8811,25.5,0.3479,1.218,0.561,0.51158,208.5,371.4,184.3,368.7,232.4,374.0,582,0.755,6
668,12.982,44.882,133.678,0.2213,-0.9591,-0.1764,0.8804,-0.0879,-0.466,0.4627,-0.0559,0.8847,25.5,0.3613,1.251,0.557,0.51274,209.0,373.5,184.7,370.7,233.0,376.3,583,0.233,6
669,13.438,42.905,133.295,0.2206,-0.9558,-0.1945,0.8834,-0.0938,-0.4592,0.4535,-0.076,0.888,25.5,0.3738,1.281,0.544,0.51088,209.5,375.7,185.1,372.7,233.6,378.6,584,0.325,6
670,13.893,40.936,132.875,0.2206,-0.952,-0.2122,0.8862,-0.0995,-0.4525,0.4441,-0.0956,0.8908,25.5,0.3862,1.256,0.529,0.50232,210.0,377.8,185.5,374.7,234.1,380.8,585,0.914,6
671,14.349,38.974,132.419,0.2207,-0.9479,-0.2296,0.8889,-0.1052,-0.4459,0.4345,-0.1152,0.8933,25.5,0.3983,1.259,0.523,0.49606,210.5,379.9,186.0,376.7,234.7,383.1,585,1.151,6
672,14.805,37.021,131.927,0.2205,-0.9436,-0.2468,0.8915,-0.1107,-0.4393,0.4245,-0.135,0.8953,25.5,0.4095,1.276,0.514,0.49198,211.0,382.0,186.4,378.7,235.2,385.3,586,0.536,6
673,15.26,35.077,131.4,0.2201,-0.9391,-0.2638,0.894,-0.116,-0.4329,0.4142,-0.1549,0.8969,25.5,0.4199,1.287,0.497,0.48813,211.5,384.2,186.8,380.7,235.8,387.6,587,0.101,6
674,15.713,33.143,130.838,0.2194,-0.9344,-0.2805,0.8963,-0.1212,-0.4265,0.4036,-0.1748,0.8981,25.5,0.4295,1.294,0.49,0.48181,211.9,386.3,187.2,382.7,236.3,389.8,588,0.755,6
675,16.166,31.218,130.242,0.2186,-0.9296,-0.2968,0.8987,-0.1263,-0.4201,0.3928,-0.1946,0.8988,25.5,0.4385,1.293,0.489,0.472,212.4,388.3,187.7,384.6,236.9,392.0,588,1.31,6
676,16.616,29.304,129.612,0.2175,-0.9246,-0.3128,0.9009,-0.1312,-0.4137,0.3817,-0.2144,0.8991,25.5,0.4467,1.301,0.479,0.46616,212.9,390.4,188.1,386.6,237.4,394.2,589,0.644,6
677,17.064,27.4,128.949,0.2166,-0.9191,-0.329,0.9031,-0.1359,-0.4074,0.3702,-0.2345,0.8989,25.5,0.4546,1.327,0.468,0.47536,213.4,392.5,188.5,388.5,237.9,396.4,590,0.029,6
678,17.511,25.508,128.254,0.2158,-0.9138,-0.3442,0.9052,-0.1405,-0.401,0.3586,-0.2537,0.8983,25.5,0.4618,1.286,0.467,0.4472,213.9,394.5,189.0,390.5,238.4,398.5,591,0.702,6
679,17.955,23.626,127.528,0.2149,-0.9084,-0.3587,0.9073,-0.1449,-0.3947,0.3469,-0.2723,0.8975,25.5,0.4682,1.26,0.456,0.43005,214.3,396.6,189.4,392.4,239.0,400.7,591,1.363,6
680,18.398,21.756,126.773,0.214,-0.903,-0.3725,0.9094,-0.1491,-0.3883,0.3351,-0.2904,0.8963,25.5,0.4739,1.24,0.455,0.41194,214.8,398.6,189.8,394.3,239.5,402.8,592,0.694,6
681,18.839,19.897,125.99,0.213,-0.8976,-0.3859,0.9115,-0.1532,-0.3818,0.3231,-0.308,0.8948,25.5,0.479,1.224,0.456,0.40181,215.3,400.6,190.2,396.3,240.0,404.9,593,0.036,6
682,19.278,18.049,125.18,0.2121,-0.8922,-0.3988,0.9135,-0.157,-0.3753,0.311,-0.3253,0.893,25.5,0.4835,1.214,0.446,0.38884,215.7,402.6,190.7,398.2,240.5,407.0,594,0.606,6
683,19.715,16.212,124.343,0.2111,-0.8867,-0.4114,0.9156,-0.1605,-0.3687,0.2987,-0.3423,0.8909,25.5,0.4873,1.208,0.445,0.38247,216.2,404.6,191.1,400.1,241.0,409.1,595,1.226,6
684,20.15,14.388,123.48,0.2101,-0.8805,-0.4249,0.9177,-0.1639,-0.362,0.2859,-0.3603,0.888,25.5,0.4909,1.276,0.447,0.41316,216.6,406.6,191.5,402.0,241.5,411.1,595,0.839,6
685,20.582,12.576,122.589,0.209,-0.8744,-0.4378,0.9198,-0.167,-0.3552,0.273,-0.3777,0.8847,25.5,0.4938,1.255,0.445,0.39711,217.1,408.5,191.9,403.8,242.0,413.1,596,0.247,6
686,21.013,10.776,121.672,0.2079,-0.8684,-0.4502,0.9219,-0.1699,-0.3482,0.2602,-0.3945,0.8813,25.5,0.496,1.226,0.45,0.38344,217.5,410.4,192.3,405.7,242.5,415.1,597,0.312,6
687,21.441,8.99,120.73,0.2068,-0.8624,-0.462,0.9241,-0.1725,-0.3411,0.2472,-0.4108,0.8775,25.5,0.4975,1.214,0.451,0.36858,218.0,412.4,192.7,407.6,243.0,417.1,598,0.836,6
688,21.867,7.215,119.764,0.2057,-0.8564,-0.4735,0.9263,-0.1749,-0.3338,0.2343,-0.4267,0.8735,25.5,0.4984,1.195,0.458,0.36121,218.4,414.3,193.1,409.4,243.5,419.1,598,1.229,6
689,22.29,5.452,118.775,0.2045,-0.8504,-0.4848,0.9285,-0.1769,-0.3264,0.2212,-0.4423,0.8691,25.5,0.4986,1.194,0.457,0.35655,218.9,416.2,193.5,411.3,244.0,421.0,599,0.744,6
690,22.711,3.703,117.762,0.2033,-0.8442,-0.496,0.9309,-0.1787,-0.3187,0.208,-0.4578,0.8644,25.5,0.4982,1.197,0.473,0.35676,219.3,418.0,193.9,413.1,244.5,422.9,600,0.301,6
691,23.13,1.966,116.726,0.202,-0.8376,-0.5076,0.9332,-0.1802,-0.3107,0.1945,-0.4736,0.859,25.5,0.4972,1.23,0.485,0.37209,219.7,419.9,194.3,415.0,244.9,424.8,601,0.098,6
692,23.546,0.244,115.665,0.2006,-0.8304,-0.5198,0.9357,-0.1814,-0.3025,0.1807,-0.4901,0.8527,25.5,0.4956,1.284,0.496,0.39498,220.2,421.7,194.7,416.8,245.4,426.7,602,0.447,6
693,23.958,-1.463,114.58,0.1992,-0.8234,-0.5314,0.9382,-0.1823,-0.2941,0.167,-0.5058,0.8463,25.5,0.4933,1.249,0.505,0.37792,220.6,423.6,195.0,418.6,245.9,428.5,603,0.745,6
694,24.368,-3.156,113.471,0.1978,-0.8163,-0.5426,0.9408,-0.1829,-0.2852,0.1533,-0.521,0.8397,25.5,0.4901,1.232,0.532,0.36999,221.0,425.4,195.4,420.4,246.4,430.3,604,0.986,6
695,24.775,-4.835,112.339,0.1965,-0.8093,-0.5535,0.9435,-0.1831,-0.2761,0.1397,-0.5356,0.8328,25.5,0.4864,1.21,0.544,0.36127,221.4,427.2,195.8,422.2,246.9,432.1,604,1.079,6
696,25.18,-6.499,111.185,0.1951,-0.8023,-0.5642,0.9463,-0.1829,-0.2665,0.1262,-0.5499,0.8256,25.5,0.4817,1.2,0.573,0.35687,221.8,428.9,196.1,424.0,247.3,433.9,605,0.894,6
697,25.581,-8.148,110.009,0.1937,-0.7951,-0.5747,0.9492,-0.1824,-0.2565,0.1127,-0.5639,0.8181,25.5,0.4763,1.194,0.597,0.35539,222.2,430.7,196.5,425.7,247.8,435.6,606,0.764,6
698,25.98,-9.782,108.812,0.1923,-0.7877,-0.5853,0.9521,-0.1815,-0.246,0.0992,-0.5778,0.8101,25.5,0.47,1.201,0.626,0.36082,222.7,432.4,196.8,427.5,248.3,437.3,607,0.689,6
699,26.375,-11.4,107.59,0.1903,-0.7788,-0.5977,0.9551,-0.1802,-0.235,0.0849,-0.5935,0.8004,25.5,0.4626,1.338,0.658,0.42711,223.1,434.1,197.2,429.3,248.8,439.0,608,0.667,6
700,26.766,-12.998,106.343,0.1885,-0.77,-0.6096,0.9582,-0.1785,-0.2235,0.071,-0.6084,0.7905,25.5,0.4543,1.298,0.689,0.41371,223.4,435.8,197.5,431.0,249.2,440.6,609,0.696,6
701,27.153,-14.579,105.073,0.1868,-0.7613,-0.6209,0.9613,-0.1764,-0.2114,0.0574,-0.6225,0.7805,25.5,0.4451,1.26,0.726,0.39851,223.8,437.5,197.8,432.7,249.7,442.2,610,0.775,6
702,27.538,-16.143,103.779,0.1853,-0.7526,-0.6318,0.9645,-0.1739,-0.1986,0.044,-0.636,0.7705,25.5,0.4351,1.231,0.769,0.38918,224.2,439.1,198.1,434.5,250.2,443.8,611,0.903,6
703,27.919,-17.688,102.464,0.184,-0.7441,-0.6423,0.9677,-0.1709,-0.1852,0.0309,-0.6487,0.7604,25.5,0.4242,1.195,0.808,0.37657,224.6,440.8,198.4,436.2,250.6,445.3,613,0.763,6
704,28.297,-19.216,101.127,0.1828,-0.7356,-0.6523,0.9709,-0.1675,-0.171,0.0182,-0.6608,0.7503,25.5,0.4122,1.16,0.856,0.3657,225.0,442.4,198.8,437.9,251.1,446.8,614,0.499,6
705,28.673,-20.725,99.77,0.1811,-0.7261,-0.6633,0.9741,-0.1636,-0.1561,0.0052,-0.6737,0.7389,25.5,0.3987,1.236,0.901,0.40604,225.4,443.9,199.1,439.6,251.5,448.3,615,0.195,6
706,29.045,-22.214,98.387,0.1789,-0.7155,-0.6753,0.9772,-0.1593,-0.1404,-0.0077,-0.6874,0.7262,25.5,0.3836,1.301,0.949,0.44845,225.7,445.5,199.4,441.2,252.0,449.7,616,0.143,6
707,29.412,-23.68,96.981,0.1772,-0.7051,-0.6867,0.9802,-0.1545,-0.1239,-0.0202,-0.7001,0.7137,25.5,0.3677,1.247,0.999,0.43074,226.1,447.0,199.7,442.9,252.4,451.1,617,0.512,6
708,29.777,-25.126,95.552,0.176,-0.6949,-0.6972,0.983,-0.1493,-0.1067,-0.032,-0.7119,0.7015,25.5,0.3511,1.184,1.042,0.40754,226.4,448.5,200.0,444.6,252.8,452.5,619,0.737,6
709,30.14,-26.551,94.102,0.1753,-0.6853,-0.7068,0.9856,-0.1437,-0.0887,-0.0433,-0.7226,0.6899,25.5,0.3339,1.112,1.09,0.37722,226.8,450.0,200.3,446.2,253.2,453.8,620,0.297,6
710,30.502,-27.956,92.634,0.1753,-0.6763,-0.7155,0.988,-0.1377,-0.0699,-0.054,-0.7323,0.6789,25.5,0.3163,1.04,1.139,0.34735,227.2,451.5,200.6,447.8,253.7,455.1,621,0.159,6
711,30.863,-29.342,91.146,0.1741,-0.6656,-0.7257,0.9901,-0.1313,-0.0504,-0.0646,-0.7431,0.666,25.5,0.2963,1.139,1.182,0.41151,227.5,452.9,200.9,449.4,254.1,456.4,622,0.628,6
712,31.221,-30.705,89.636,0.1728,-0.6544,-0.7361,0.9917,-0.1246,-0.0303,-0.0748,-0.7539,0.6527,25.5,0.2752,1.142,1.217,0.42563,227.9,454.3,201.2,451.0,254.4,457.6,624,0.476,6
713,31.577,-32.045,88.107,0.1722,-0.6438,-0.7456,0.993,-0.1176,-0.0096,-0.0843,-0.7637,0.64,25.5,0.2539,1.068,1.254,0.39533,228.2,455.7,201.6,452.5,254.8,458.8,625,0.01,6
714,31.932,-33.364,86.558,0.1722,-0.6338,-0.7541,0.9938,-0.1104,0.0117,-0.0932,-0.7726,0.6281,25.5,0.2323,0.992,1.289,0.36416,228.5,457.1,201.9,454.1,255.2,460.0,626,0.493,6
715,32.288,-34.664,84.993,0.1728,-0.6247,-0.7615,0.9941,-0.103,0.0333,-0.1015,-0.7803,0.617,25.5,0.2108,0.908,1.308,0.32587,228.9,458.4,202.3,455.6,255.5,461.2,628,0.623,6
716,32.646,-35.944,83.414,0.1735,-0.6154,-0.7689,0.9939,-0.0955,0.0553,-0.1094,-0.7879,0.606,25.5,0.1887,0.89,1.332,0.33034,229.2,459.7,202.7,457.1,255.9,462.3,629,0.164,6
717,33.004,-37.204,81.817,0.1734,-0.6048,-0.7773,0.9931,-0.0879,0.0775,-0.1168,-0.7963,0.5935,25.5,0.1651,0.961,1.345,0.37528,229.6,461.0,203.0,458.6,256.2,463.4,630,0.281,6
718,33.362,-38.443,80.204,0.1736,-0.5949,-0.7848,0.9917,-0.0802,0.1,-0.1237,-0.8038,0.5819,25.5,0.1414,0.885,1.365,0.34468,229.9,462.2,203.4,460.0,256.5,464.4,631,0.711,6
719,33.721,-39.662,78.576,0.174,-0.5859,-0.7915,0.9898,-0.0725,0.1226,-0.1302,-0.8104,0.5712,25.5,0.1177,0.811,1.372,0.31153,230.3,463.5,203.9,461.5,256.8,465.5,633,0.539,6
720,34.081,-40.863,76.936,0.1747,-0.5776,-0.7974,0.9872,-0.0649,0.1454,-0.1363,-0.8162,0.5614,25.5,0.094,0.74,1.385,0.28322,230.6,464.7,204.3,462.9,257.0,466.5,634,0.156,6
721,34.443,-42.048,75.284,0.1757,-0.5703,-0.8025,0.9841,-0.0572,0.1682,-0.1422,-0.8213,0.5525,25.5,0.0705,0.678,1.39,0.24864,230.9,465.9,204.7,464.3,257.3,467.5,635,0.21,6
722,34.806,-43.216,73.62,0.1756,-0.5608,-0.8091,0.9803,-0.0496,0.1911,-0.1474,-0.8276,0.5417,25.5,0.0453,0.776,1.4,0.32095,231.3,467.1,205.2,465.6,257.5,468.5,636,0.558,6
723,35.169,-44.365,71.943,0.1759,-0.552,-0.8151,0.9759,-0.042,0.214,-0.1524,-0.8333,0.5314,25.5,0.0204,0.733,1.405,0.29565,231.6,468.2,205.7,467.0,257.8,469.5,638,0.865,6
724,35.533,-45.496,70.255,0.1767,-0.5442,-0.8201,0.9709,-0.0345,0.2369,-0.1572,-0.8382,0.5223,25.5,0.0039,0.653,1.41,0.25803,232.0,469.3,206.2,468.3,258.0,470.4,639,0.57,6
725,35.899,-46.613,68.557,0.1781,-0.5374,-0.8243,0.9653,-0.027,0.2599,-0.162,-0.8423,0.5141,25.5,0.0278,0.593,1.423,0.22515,232.3,470.5,206.7,469.6,258.2,471.4,640,0.288,6
726,36.268,-47.716,66.851,0.1799,-0.5317,-0.8276,0.959,-0.0197,0.2828,-0.1669,-0.8456,0.507,25.5,0.051,0.529,1.424,0.18946,232.7,471.6,207.2,470.8,258.3,472.3,641,0.019,6
727,36.642,-48.809,65.139,0.1818,-0.5258,-0.8309,0.952,-0.0124,0.3058,-0.1715,-0.849,0.4997,25.5,0.0745,0.531,1.44,0.19484,233.0,472.6,207.8,472.1,258.5,473.2,642,0.24,6
728,37.018,-49.886,63.418,0.1824,-0.5172,-0.8362,0.9444,-0.0052,0.3288,-0.1753,-0.8539,0.49,25.5,0.1,0.66,1.448,0.2808,233.4,473.7,208.3,473.3,258.6,474.1,643,0.491,6
729,37.396,-50.946,61.687,0.1837,-0.5106,-0.84,0.9361,0.0019,0.3517,-0.1794,-0.8576,0.482,25.5,0.1244,0.557,1.454,0.21437,233.7,474.8,208.9,474.5,258.8,475.0,644,0.737,6
730,37.777,-51.996,59.95,0.1857,-0.5058,-0.8424,0.9271,0.0089,0.3746,-0.1841,-0.8601,0.4759,25.5,0.1479,0.464,1.466,0.1589,234.1,475.8,209.5,475.7,258.9,475.8,646,0.848,6
731,38.163,-53.037,58.209,0.1883,-0.503,-0.8435,0.9175,0.0157,0.3975,-0.1895,-0.8613,0.4714,25.5,0.1704,0.409,1.475,0.11033,234.4,476.8,210.2,476.9,259.0,476.7,647,0.61,6
732,38.556,-54.074,56.467,0.1915,-0.5021,-0.8433,0.9071,0.0224,0.4203,-0.1958,-0.8615,0.4685,25.5,0.192,0.398,1.486,0.09241,234.8,477.8,210.8,478.1,259.1,477.6,648,0.373,6
733,38.955,-55.111,54.726,0.1955,-0.5001,-0.8436,0.8961,0.0289,0.443,-0.2017,-0.8623,0.4644,25.5,0.213,0.414,1.493,0.12437,235.2,478.8,211.5,479.2,259.2,478.4,649,0.135,6
734,39.363,-56.137,52.981,0.1993,-0.4945,-0.846,0.8843,0.0353,0.4655,-0.2061,-0.8652,0.4571,25.5,0.235,0.516,1.501,0.19923,235.6,479.8,212.2,480.4,259.2,479.3,650,0.104,6
735,39.777,-57.155,51.233,0.202,-0.4916,-0.8471,0.8719,0.0414,0.4879,-0.2119,-0.8663,0.4523,25.5,0.2575,0.436,1.508,0.11409,235.9,480.8,212.9,481.5,259.3,480.2,651,0.345,6
736,40.196,-58.169,49.484,0.2038,-0.4913,-0.8468,0.8589,0.0473,0.5099,-0.2193,-0.8659,0.4496,25.5,0.28,0.452,1.503,0.0513,236.3,481.8,213.7,482.6,259.3,481.0,652,0.589,6
737,40.618,-59.186,47.737,0.2048,-0.4936,-0.8453,0.8454,0.0528,0.5316,-0.2284,-0.8638,0.4491,25.5,0.3023,0.536,1.498,0.08106,236.7,482.8,214.4,483.7,259.4,481.9,653,0.836,6
738,41.042,-60.209,45.994,0.2048,-0.4984,-0.8424,0.8313,0.058,0.5528,-0.2396,-0.86,0.4506,25.5,0.3243,0.683,1.489,0.15559,237.1,483.8,215.2,484.8,259.4,482.8,655,0.723,6
739,41.464,-61.246,44.259,0.2051,-0.5044,-0.8388,0.8168,0.0629,0.5735,-0.252,-0.8553,0.4527,25.5,0.3453,0.769,1.475,0.19432,237.5,484.8,216.0,485.9,259.4,483.7,656,0.469,6
740,41.892,-62.287,42.528,0.2091,-0.5045,-0.8377,0.8019,0.0673,0.5937,-0.261,-0.8544,0.4494,25.5,0.3636,0.552,1.46,0.11513,237.9,485.8,216.8,487.0,259.4,484.6,657,0.219,6
741,42.326,-63.33,40.799,0.2107,-0.5067,-0.836,0.7867,0.0712,0.6132,-0.2719,-0.8518,0.4478,25.5,0.383,0.649,1.434,0.089,238.3,486.8,217.6,488.1,259.4,485.5,658,0.029,6
742,42.76,-64.381,39.076,0.2098,-0.5112,-0.8335,0.7714,0.0747,0.632,-0.285,-0.8474,0.4479,25.5,0.4031,0.792,1.403,0.145,238.7,487.8,218.4,489.1,259.4,486.5,659,0.263,7
743,43.191,-65.443,37.358,0.2065,-0.5177,-0.8302,0.7559,0.0775,0.65,-0.3005,-0.8411,0.4498,25.5,0.4237,0.965,1.37,0.22202,239.1,488.8,219.2,490.2,259.4,487.4,660,0.487,7
744,43.612,-66.521,35.647,0.2005,-0.5265,-0.8262,0.7406,0.0798,0.6672,-0.3186,-0.8325,0.4532,25.5,0.4448,1.165,1.326,0.31568,239.5,489.9,220.0,491.3,259.4,488.4,661,0.698,7
745,44.017,-67.619,33.946,0.1927,-0.5365,-0.8216,0.7253,0.0814,0.6836,-0.3389,-0.8222,0.4574,25.5,0.4656,1.326,1.288,0.37435,239.9,490.9,220.8,492.3,259.4,489.5,662,0.892,7
746,44.412,-68.731,32.252,0.1896,-0.5414,-0.8191,0.7104,0.0823,0.699,-0.355,-0.8156,0.4568,25.5,0.4824,0.998,1.229,0.1752,240.2,492.0,221.5,493.4,259.3,490.5,664,0.831,7
747,44.8,-69.856,30.564,0.1855,-0.5479,-0.8157,0.6957,0.0825,0.7136,-0.3733,-0.8072,0.4573,25.5,0.4982,1.154,1.187,0.23317,240.6,493.1,222.2,494.5,259.3,491.6,665,0.679,7
748,45.178,-70.995,28.884,0.1805,-0.5563,-0.8112,0.6814,0.0819,0.7273,-0.3938,-0.7966,0.4587,25.5,0.5126,1.325,1.135,0.29859,240.9,494.2,223.0,495.5,259.2,492.8,666,0.535,7
749,45.544,-72.154,27.215,0.1744,-0.5664,-0.8055,0.6675,0.0806,0.7402,-0.4165,-0.7837,0.4609,25.5,0.5255,1.501,1.089,0.36356,241.2,495.3,223.7,496.6,259.2,493.9,667,0.398,7
750,45.897,-73.336,25.558,0.1674,-0.5783,-0.7985,0.654,0.0784,0.7524,-0.4414,-0.7681,0.4638,25.5,0.5367,1.692,1.05,0.42951,241.6,496.4,224.3,497.6,259.2,495.2,668,0.266,7
751,46.235,-74.544,23.918,0.1595,-0.5913,-0.7905,0.641,0.0754,0.7638,-0.4681,-0.7503,0.4668,25.5,0.5461,1.847,1.006,0.47693,241.9,497.5,225.0,498.7,259.1,496.4,669,0.135,7
752,46.558,-75.774,22.292,0.1536,-0.6005,-0.7848,0.6284,0.0715,0.7746,-0.4914,-0.7354,0.4665,25.5,0.5543,1.585,0.977,0.34201,242.1,498.7,225.6,499.7,259.1,497.7,670,0.009,7
753,46.869,-77.024,20.678,0.147,-0.6107,-0.7781,0.6164,0.0666,0.7846,-0.516,-0.7184,0.4664,25.5,0.5606,1.713,0.938,0.38494,242.4,499.9,226.2,500.8,259.0,499.1,671,0.129,7
754,47.165,-78.297,19.079,0.1398,-0.6222,-0.7703,0.6048,0.0609,0.794,-0.5419,-0.6992,0.4664,25.5,0.565,1.847,0.916,0.43426,242.7,501.1,226.7,501.8,259.0,500.5,672,0.26,7
755,47.446,-79.594,17.497,0.1318,-0.6348,-0.7614,0.5937,0.0544,0.8028,-0.5687,-0.6775,0.4664,25.5,0.5675,1.976,0.893,0.48216,242.9,502.4,227.3,502.8,258.9,501.9,673,0.389,7
756,47.709,-80.919,15.936,0.123,-0.6486,-0.7511,0.5832,0.0469,0.811,-0.5962,-0.6533,0.4665,25.5,0.5678,2.099,0.876,0.53658,243.1,503.6,227.8,503.9,258.9,503.4,674,0.513,7
757,47.953,-82.274,14.396,0.1121,-0.6623,-0.7408,0.5731,0.0385,0.8186,-0.6239,-0.6272,0.4663,25.5,0.5677,2.181,0.87,0.56364,243.3,504.9,228.2,505.0,258.8,504.9,675,0.631,7
758,48.171,-83.653,12.875,0.0998,-0.6739,-0.7321,0.5635,0.0293,0.8256,-0.6498,-0.6013,0.4649,25.5,0.5679,2.1,0.861,0.52757,243.5,506.3,228.6,506.0,258.7,506.5,676,0.739,7
759,48.367,-85.057,11.374,0.0908,-0.6865,-0.7214,0.5544,0.0194,0.832,-0.6743,-0.5754,0.4627,25.5,0.5632,2.047,0.853,0.52227,243.7,507.6,229.0,507.1,258.7,508.1,677,0.837,7
760,48.548,-86.489,9.897,0.0851,-0.7002,-0.7089,0.5457,0.009,0.838,-0.697,-0.5502,0.4598,25.5,0.5539,1.951,0.85,0.53836,243.8,509.0,229.4,508.2,258.6,509.8,678,0.922,7
761,48.721,-87.95,8.448,0.0828,-0.7147,-0.6945,0.5373,-0.0019,0.8434,-0.7177,-0.5263,0.4561,25.5,0.5399,1.824,0.847,0.57063,244.0,510.4,229.8,509.3,258.5,511.5,679,0.988,7
762,48.893,-89.441,7.03,0.084,-0.73,-0.6783,0.5294,-0.013,0.8483,-0.7361,-0.5043,0.4516,25.5,0.5214,1.663,0.83,0.61921,244.1,511.8,230.1,510.4,258.4,513.2,680,1.021,7
763,49.062,-90.964,5.646,0.077,-0.745,-0.6626,0.5217,-0.0243,0.8528,-0.7556,-0.4772,0.4487,25.5,0.5068,1.92,0.825,0.633,244.2,513.3,230.4,511.5,258.3,515.0,681,1.007,7
764,49.213,-92.517,4.293,0.0706,-0.7589,-0.6473,0.5144,-0.0355,0.8568,-0.773,-0.4518,0.4453,25.5,0.4913,1.775,0.8,0.60047,244.3,514.7,230.7,512.7,258.2,516.8,682,0.927,7
765,49.357,-94.098,2.972,0.07,-0.7717,-0.6321,0.5073,-0.0465,0.8605,-0.7869,-0.4321,0.4405,25.5,0.4725,1.409,0.78,0.55168,244.4,516.3,231.0,513.9,258.2,518.6,683,0.766,7
766,49.506,-95.703,1.683,0.0749,-0.7833,-0.6171,0.5004,-0.0572,0.8639,-0.7977,-0.4185,0.4343,25.5,0.4508,1.057,0.755,0.54345,244.6,517.8,231.3,515.2,258.1,520.5,684,0.507,7
767,49.67,-97.332,0.423,0.0852,-0.7934,-0.6027,0.4937,-0.0675,0.867,-0.8057,-0.4107,0.4268,25.5,0.4269,0.771,0.726,0.56559,244.7,519.4,231.6,516.5,258.0,522.3,685,0.132,7
768,49.861,-98.979,-0.807,0.0992,-0.8021,-0.5888,0.4872,-0.0772,0.8699,-0.8117,-0.4075,0.4184,25.5,0.4019,0.619,0.689,0.59834,244.8,520.9,232.0,517.8,258.0,524.2,686,0.377,7
769,50.064,-100.648,-2.006,0.0988,-0.8139,-0.5725,0.4808,-0.0862,0.8726,-0.8218,-0.3912,0.4142,25.5,0.3819,1.125,0.651,0.55845,245.0,522.5,232.3,519.1,258.0,526.0,687,1.033,7
770,50.272,-102.338,-3.173,0.103,-0.8232,-0.5583,0.4745,-0.0945,0.8752,-0.8294,-0.3809,0.4086,25.5,0.362,0.801,0.615,0.48525,245.2,524.2,232.6,520.5,258.0,527.9,687,1.032,7
771,50.493,-104.046,-4.313,0.1113,-0.8304,-0.5459,0.4683,-0.1021,0.8777,-0.835,-0.3761,0.4018,25.5,0.3422,0.575,0.58,0.4597,245.4,525.8,233.0,522.0,258.1,529.7,688,0.222,7
772,50.735,-105.767,-5.428,0.1238,-0.8358,-0.5349,0.4621,-0.109,0.8801,-0.8387,-0.3762,0.3938,25.5,0.3225,0.505,0.549,0.48569,245.6,527.4,233.4,523.4,258.1,531.6,689,0.748,7
773,51.007,-107.497,-6.522,0.1407,-0.8394,-0.5249,0.4559,-0.1154,0.8825,-0.8407,-0.3813,0.3845,25.5,0.3022,0.618,0.529,0.55396,245.8,529.1,233.8,524.9,258.2,533.4,689,1.317,7
774,51.319,-109.233,-7.597,0.1625,-0.8412,-0.5157,0.4497,-0.1211,0.8849,-0.8409,-0.3915,0.3737,25.5,0.2814,0.851,0.502,0.65844,246.1,530.8,234.2,526.4,258.3,535.3,690,0.187,7
775,51.676,-110.972,-8.651,0.1809,-0.8445,-0.5041,0.4434,-0.1262,0.8874,-0.8421,-0.3977,0.3642,25.5,0.2606,0.654,0.486,0.61055,246.4,532.4,234.7,527.9,258.5,537.1,691,1.111,7
776,52.065,-112.72,-9.678,0.1956,-0.8486,-0.4915,0.437,-0.1308,0.8899,-0.8443,-0.4007,0.3558,25.5,0.2409,0.526,0.474,0.54913,246.8,534.1,235.2,529.5,258.7,538.9,691,0.954,7
777,52.485,-114.476,-10.681,0.2116,-0.8514,-0.48,0.4305,-0.1348,0.8924,-0.8457,-0.4056,0.3467,25.5,0.2225,0.598,0.46,0.55223,247.2,535.8,235.7,531.0,258.9,540.7,692,0.517,7
778,52.94,-116.235,-11.661,0.2288,-0.8528,-0.4695,0.424,-0.1382,0.895,-0.8462,-0.4126,0.3371,25.5,0.2053,0.681,0.446,0.56048,247.6,537.5,236.3,532.6,259.1,542.5,692,1.549,7
779,53.431,-117.997,-12.621,0.2472,-0.8528,-0.46,0.4174,-0.1412,0.8977,-0.8458,-0.4215,0.327,25.5,0.1893,0.772,0.443,0.57462,248.1,539.2,237.0,534.2,259.4,544.3,693,0.103,7
780,53.961,-119.756,-13.562,0.2668,-0.8515,-0.4515,0.4106,-0.1437,0.9004,-0.8445,-0.4323,0.3162,25.5,0.1746,0.878,0.443,0.59388,248.6,540.9,237.6,535.8,259.8,546.1,694,1.944,7
781,54.533,-121.512,-14.486,0.287,-0.8495,-0.4428,0.4038,-0.1456,0.9032,-0.8426,-0.4437,0.3052,25.5,0.1604,0.914,0.435,0.6128,249.1,542.5,238.3,537.4,260.1,547.8,694,0.121,7
782,55.144,-123.266,-15.388,0.3047,-0.8492,-0.4313,0.3969,-0.1471,0.906,-0.8417,-0.452,0.2954,25.5,0.1449,0.738,0.435,0.58574,249.7,544.2,239.1,539.0,260.5,549.6,695,1.922,7
783,55.792,-125.019,-16.268,0.3223,-0.8479,-0.421,0.3899,-0.1481,0.9089,-0.8402,-0.4611,0.2853,25.5,0.1314,0.784,0.438,0.56697,250.3,545.9,239.9,540.6,261.0,551.3,695,0.143,7
784,56.476,-126.767,-17.127,0.3401,-0.8456,-0.4115,0.3828,-0.1487,0.9118,-0.8382,-0.471,0.275,25.5,0.1193,0.827,0.441,0.56346,250.9,547.6,240.7,542.3,261.5,553.0,696,2.088,7
785,57.197,-128.51,-17.968,0.3584,-0.8422,-0.4029,0.3754,-0.1489,0.9148,-0.8354,-0.482,0.2644,25.5,0.1086,0.89,0.458,0.56889,251.6,549.2,241.6,543.9,262.0,554.7,696,0.024,7
786,57.956,-130.245,-18.791,0.3775,-0.8376,-0.3948,0.3679,-0.1487,0.9179,-0.8316,-0.4942,0.2533,25.5,0.099,0.97,0.465,0.5896,252.4,550.9,242.5,545.6,262.5,556.4,696,2.042,7
787,58.757,-131.968,-19.599,0.3978,-0.8317,-0.3873,0.3601,-0.148,0.9211,-0.8268,-0.5079,0.2416,25.5,0.0904,1.068,0.485,0.62243,253.1,552.5,243.4,547.2,263.1,558.0,697,0.348,7
788,59.599,-133.68,-20.388,0.4184,-0.8264,-0.3769,0.3521,-0.147,0.9244,-0.8219,-0.5211,0.2301,25.5,0.0796,1.042,0.499,0.65707,253.9,554.2,244.4,548.8,263.7,559.7,697,1.717,7
789,60.484,-135.381,-21.155,0.4384,-0.8207,-0.3665,0.3437,-0.1457,0.9277,-0.8167,-0.534,0.2188,25.5,0.0697,1.027,0.522,0.64516,254.8,555.8,245.5,550.5,264.3,561.3,698,0.802,7
790,61.41,-137.069,-21.902,0.4581,-0.8142,-0.3567,0.3351,-0.144,0.9311,-0.811,-0.5471,0.2073,25.5,0.0614,1.051,0.539,0.6366,255.7,557.4,246.6,552.1,265.0,562.9,698,1.263,7
791,62.376,-138.743,-22.629,0.4777,-0.8068,-0.3475,0.3262,-0.1419,0.9346,-0.8046,-0.5607,0.1957,25.5,0.0545,1.088,0.561,0.63493,256.6,559.0,247.7,553.7,265.7,564.5,699,1.358,7
792,63.383,-140.4,-23.338,0.4975,-0.7985,-0.3389,0.317,-0.1396,0.9381,-0.7973,-0.5748,0.1839,25.5,0.0487,1.133,0.579,0.64176,257.6,560.6,248.9,555.3,266.5,566.0,699,0.708,7
793,64.431,-142.04,-24.029,0.5177,-0.7891,-0.3307,0.3074,-0.1369,0.9417,-0.7891,-0.5897,0.1719,25.5,0.0443,1.193,0.607,0.65879,258.6,562.2,250.1,556.9,267.3,567.5,700,1.995,7
794,65.521,-143.66,-24.701,0.5383,-0.7796,-0.3201,0.2975,-0.134,0.9453,-0.7804,-0.6045,0.1599,25.5,0.038,1.2,0.626,0.69477,259.6,563.7,251.4,558.5,268.1,569.0,700,0.079,7
795,66.654,-145.259,-25.351,0.5594,-0.769,-0.3093,0.2873,-0.1308,0.9489,-0.7705,-0.62,0.1478,25.5,0.0322,1.261,0.646,0.72056,260.7,565.2,252.7,560.1,268.9,570.5,700,2.136,7
796,67.832,-146.835,-25.978,0.5812,-0.7571,-0.2982,0.2767,-0.1274,0.9525,-0.7594,-0.6364,0.1355,25.5,0.0268,1.336,0.67,0.75485,261.9,566.7,254.1,561.7,269.8,571.9,701,0.63,7
797,69.055,-148.384,-26.582,0.6038,-0.7437,-0.2869,0.2657,-0.1236,0.9561,-0.7467,-0.6536,0.123,25.5,0.022,1.419,0.698,0.79369,263.0,568.2,255.6,563.2,270.7,573.4,701,1.437,7
798,70.326,-149.905,-27.163,0.6271,-0.7287,-0.2752,0.2543,-0.1196,0.9597,-0.7324,-0.6719,0.1103,25.5,0.0175,1.517,0.722,0.83466,264.3,569.7,257.1,564.8,271.7,574.7,702,1.381,7
799,71.646,-151.393,-27.718,0.6514,-0.7121,-0.262,0.2426,-0.1154,0.9632,-0.7162,-0.691,0.0976,25.5,0.0122,1.609,0.74,0.89504,265.6,571.1,258.6,566.3,272.7,576.1,702,0.685,7
800,73.016,-152.845,-28.244,0.6751,-0.6947,-0.2483,0.2304,-0.1109,0.9667,-0.6991,-0.7099,0.0852,25.5,0.0074,1.624,0.772,0.90004,266.9,572.5,260.2,567.7,273.7,577.4,703,2.179,7
801,74.433,-154.261,-28.743,0.6977,-0.6769,-0.2346,0.2179,-0.1063,0.9702,-0.6816,-0.728,0.0734,25.5,0.0036,1.593,0.789,0.8842,268.3,573.8,261.9,569.2,274.8,578.6,703,0.119,7
802,75.896,-155.641,-29.214,0.7188,-0.659,-0.2212,0.2051,-0.1014,0.9735,-0.664,-0.7451,0.0622,25.5,0.0011,1.546,0.808,0.85315,269.7,575.2,263.6,570.6,275.9,579.8,703,1.952,7
803,77.401,-156.983,-29.657,0.7389,-0.6409,-0.2081,0.1919,-0.0965,0.9767,-0.646,-0.7616,0.0517,25.5,0.0004,1.523,0.827,0.83398,271.1,576.4,265.4,572.0,277.1,581.0,704,0.955,7
804,78.948,-158.286,-30.072,0.7598,-0.6206,-0.1938,0.1783,-0.0914,0.9797,-0.6257,-0.7789,0.0412,25.5,0.0023,1.642,0.85,0.90062,272.7,577.7,267.2,573.3,278.3,582.2,704,1.112,7
805,80.538,-159.547,-30.457,0.7791,-0.6007,-0.1795,0.1644,-0.0862,0.9826,-0.6057,-0.7951,0.0316,25.5,0.0035,1.574,0.866,0.86556,274.2,578.9,269.1,574.6,279.5,583.3,705,1.825,7
806,82.165,-160.767,-30.813,0.7969,-0.5811,-0.1652,0.1502,-0.0809,0.9853,-0.5859,-0.81,0.0228,25.5,0.0039,1.507,0.882,0.83501,275.8,580.1,271.0,575.9,280.7,584.3,705,0.245,7
807,83.828,-161.947,-31.139,0.8134,-0.5618,-0.1509,0.1357,-0.0757,0.9879,-0.5664,-0.824,0.0147,25.5,0.0038,1.452,0.895,0.80863,277.4,581.2,272.9,577.2,282.0,585.3,705,2.307,7
808,85.524,-163.086,-31.436,0.8298,-0.5411,-0.1364,0.1209,-0.0704,0.9902,-0.5454,-0.8381,0.007,25.5,0.0034,1.515,0.91,0.83603,279.1,582.3,274.9,578.4,283.3,586.3,706,0.645,7
809,87.254,-164.181,-31.702,0.8454,-0.52,-0.1217,0.1058,-0.0651,0.9923,-0.5239,-0.8518,0.0,25.5,0.0025,1.515,0.925,0.83466,280.7,583.3,277.0,579.5,284.6,587.3,706,1.423,7
810,89.015,-165.233,-31.938,0.8601,-0.4989,-0.1067,0.0904,-0.0599,0.9941,-0.5023,-0.8646,-0.0064,25.5,0.0016,1.485,0.937,0.82608,282.5,584.4,279.0,580.7,286.0,588.2,707,1.526,7
811,90.806,-166.242,-32.143,0.8739,-0.4774,-0.0912,0.0748,-0.0547,0.9957,-0.4803,-0.877,-0.0121,25.5,0.0007,1.483,0.947,0.8292,284.2,585.3,281.1,581.7,287.4,589.0,707,0.543,7
812,92.624,-167.204,-32.315,0.8872,-0.4552,-0.0753,0.0588,-0.0496,0.997,-0.4576,-0.889,-0.0172,25.5,0.0003,1.5,0.965,0.84286,286.0,586.3,283.3,582.8,288.8,589.8,708,2.389,7
813,94.469,-168.121,-32.454,0.8998,-0.4322,-0.0597,0.0427,-0.0446,0.9981,-0.434,-0.9006,-0.0217,25.5,0.0019,1.529,0.968,0.84673,287.8,587.1,285.5,583.8,290.2,590.6,708,0.326,7
814,96.34,-168.989,-32.561,0.9117,-0.4086,-0.0433,0.0262,-0.0397,0.9989,-0.4098,-0.9118,-0.0255,25.5,0.0031,1.543,0.987,0.86313,289.6,588.0,287.7,584.7,291.6,591.3,708,1.742,7
815,98.234,-169.808,-32.632,0.923,-0.3839,-0.0259,0.0096,-0.0349,0.9993,-0.3845,-0.9227,-0.0285,25.5,0.0036,1.588,0.99,0.89512,291.5,588.8,289.9,585.6,293.1,592.0,709,1.156,7
816,100.151,-170.573,-32.667,0.9339,-0.3576,-0.0072,-0.0073,-0.0303,0.9995,-0.3576,-0.9334,-0.0309,25.5,0.0032,1.664,1.004,0.94522,293.4,589.5,292.2,586.5,294.6,592.7,709,0.91,7
817,102.09,-171.285,-32.664,0.9435,-0.3313,0.0105,-0.0243,-0.0258,0.9994,-0.3308,-0.9431,-0.0324,25.5,0.0039,1.635,1.008,0.91906,295.3,590.2,294.5,587.3,296.1,593.3,710,1.945,7
818,104.047,-171.94,-32.623,0.9524,-0.3036,0.0292,-0.0416,-0.0216,0.9989,-0.3026,-0.9525,-0.0332,25.5,0.0039,1.704,1.02,0.95972,297.2,590.9,296.8,588.0,297.6,593.8,710,0.123,7
819,106.022,-172.537,-32.542,0.9604,-0.2741,0.0491,-0.0591,-0.0175,0.9981,-0.2728,-0.9615,-0.033,25.5,0.003,1.784,1.031,1.0121,299.1,591.5,299.2,588.7,299.1,594.3,710,2.186,7
820,108.013,-173.071,-32.419,0.9676,-0.2426,0.0704,-0.0767,-0.0136,0.997,-0.2409,-0.97,-0.0318,25.5,0.0007,1.893,1.035,1.07397,301.1,592.0,301.5,589.3,300.6,594.7,711,0.615,7
821,110.017,-173.537,-32.25,0.9735,-0.209,0.093,-0.0945,-0.01,0.9955,-0.2071,-0.9779,-0.0295,25.5,0.0027,1.993,1.044,1.1356,303.1,592.5,303.9,589.9,302.2,595.1,711,1.451,7
822,112.032,-173.935,-32.036,0.9777,-0.1766,0.1139,-0.1124,-0.0067,0.9936,-0.1747,-0.9843,-0.0264,25.5,0.0045,1.901,1.049,1.07626,305.1,592.9,306.3,590.4,303.8,595.5,712,1.295,7
823,114.054,-174.268,-31.781,0.9804,-0.1459,0.1328,-0.1303,-0.0035,0.9915,-0.1442,-0.9893,-0.0225,25.5,0.0044,1.785,1.049,1.00317,307.1,593.2,308.8,590.8,305.3,595.7,712,0.772,7
824,116.08,-174.539,-31.49,0.9818,-0.1172,0.1498,-0.1482,-0.0007,0.989,-0.1158,-0.9931,-0.0181,25.5,0.0027,1.661,1.048,0.92642,309.1,593.5,311.2,591.2,306.9,596.0,713,1.925,7
825,118.108,-174.75,-31.161,0.9819,-0.0872,0.1682,-0.1661,0.0019,0.9861,-0.0863,-0.9962,-0.0126,25.5,0.0026,1.729,1.05,0.97656,311.1,593.8,313.6,591.5,308.5,596.1,713,0.15,7
826,120.134,-174.899,-30.795,0.9809,-0.0567,0.1859,-0.184,0.0042,0.9829,-0.0565,-0.9984,-0.0063,25.5,0.002,1.75,1.05,0.97899,313.1,594.0,316.1,591.7,310.1,596.2,713,2.208,7
827,122.158,-174.984,-30.394,0.9789,-0.0254,0.2029,-0.2017,0.0063,0.9794,-0.0262,-0.9997,0.001,25.5,0.0011,1.787,1.041,0.98998,315.1,594.1,318.5,591.9,311.7,596.3,714,0.448,7
828,124.176,-175.004,-29.958,0.9756,0.006,0.2194,-0.2192,0.0081,0.9756,0.004,-0.9999,0.0092,25.5,0.0002,1.793,1.031,0.98855,317.1,594.1,320.9,592.0,313.3,596.3,714,1.62,7
829,126.186,-174.961,-29.488,0.9712,0.0355,0.2357,-0.2366,0.0096,0.9715,0.0322,-0.9993,0.0177,25.5,0.0005,1.688,1.028,0.9432,319.2,594.1,323.3,592.1,314.8,596.3,715,0.995,7
830,128.186,-174.856,-28.985,0.9656,0.0668,0.2515,-0.2539,0.0107,0.9672,0.0619,-0.9977,0.0273,25.5,0.0012,1.791,1.023,0.98523,321.2,594.1,325.8,592.1,316.4,596.2,715,1.071,7
831,130.173,-174.684,-28.449,0.9584,0.1003,0.2671,-0.2709,0.0116,0.9625,0.0934,-0.9949,0.0383,25.5,0.0014,1.919,1.012,1.04477,323.1,594.0,328.2,592.0,318.0,596.0,716,1.504,7
832,132.143,-174.44,-27.881,0.9495,0.1356,0.283,-0.2877,0.0121,0.9577,0.1264,-0.9907,0.0505,25.5,0.0005,2.03,1.001,1.10246,325.1,593.8,330.5,591.8,319.6,595.8,716,0.561,7
833,134.094,-174.126,-27.281,0.9394,0.1688,0.2985,-0.3042,0.0124,0.9525,0.1571,-0.9856,0.063,25.5,0.0006,1.922,0.991,1.05463,327.1,593.5,332.9,591.6,321.1,595.5,717,1.972,7
834,136.022,-173.744,-26.65,0.9285,0.2009,0.3123,-0.3204,0.0123,0.9472,0.1865,-0.9795,0.0758,25.5,0.0008,1.87,0.977,1.01567,329.0,593.2,335.2,591.3,322.7,595.2,717,0.094,7
835,137.928,-173.296,-25.992,0.9168,0.2327,0.3245,-0.3365,0.0119,0.9416,0.2153,-0.9725,0.0892,25.5,0.0002,1.864,0.977,0.99936,331.0,592.8,337.5,590.9,324.2,594.8,717,2.158,7
836,139.808,-172.782,-25.31,0.904,0.2645,0.336,-0.3522,0.0111,0.9358,0.2438,-0.9643,0.1032,25.5,0.001,1.879,0.96,1.00334,332.9,592.4,339.8,590.5,325.7,594.4,718,0.329,7
837,141.66,-172.204,-24.604,0.8896,0.2957,0.3481,-0.3677,0.0101,0.9299,0.2714,-0.9552,0.1178,25.5,0.0004,1.864,0.952,1.01094,334.7,591.9,342.1,590.0,327.2,593.9,718,1.738,7
838,143.481,-171.561,-23.874,0.8742,0.3271,0.3589,-0.383,0.0089,0.9237,0.299,-0.9449,0.133,25.5,0.0004,1.899,0.948,1.01573,336.6,591.3,344.3,589.4,328.7,593.3,719,0.698,7
839,145.269,-170.853,-23.122,0.8575,0.3591,0.3683,-0.398,0.0073,0.9174,0.3268,-0.9333,0.1492,25.5,0.0008,1.96,0.937,1.03508,338.4,590.7,346.5,588.7,330.1,592.7,719,1.369,7
840,147.022,-170.078,-22.353,0.8395,0.3912,0.3772,-0.4127,0.0054,0.9108,0.3542,-0.9203,0.166,25.5,0.0008,1.986,0.93,1.05071,340.2,590.0,348.7,588.0,331.6,592.0,720,1.013,7
841,148.735,-169.238,-21.564,0.8203,0.4217,0.3864,-0.4271,0.0033,0.9042,0.38,-0.9067,0.1828,25.5,0.0004,1.929,0.916,1.03217,342.0,589.2,350.8,587.2,333.0,591.3,720,1.054,7
842,150.409,-168.336,-20.759,0.8003,0.4522,0.3938,-0.4412,0.0009,0.8974,0.4054,-0.8919,0.2003,25.5,0.0007,1.96,0.907,1.03272,343.7,588.4,352.8,586.4,334.3,590.5,721,1.28,7
843,152.04,-167.371,-19.94,0.7795,0.4827,0.3993,-0.455,-0.0017,0.8905,0.4305,-0.8758,0.2183,25.5,0.0001,1.996,0.896,1.03576,345.4,587.5,354.9,585.5,335.7,589.7,721,0.788,7
844,153.627,-166.343,-19.11,0.7577,0.5125,0.404,-0.4683,-0.0045,0.8835,0.4546,-0.8587,0.2366,25.5,0.0002,1.992,0.876,1.03286,347.0,586.6,356.8,584.5,337.0,588.8,722,1.503,7
845,155.169,-165.256,-18.27,0.7352,0.5402,0.4094,-0.4813,-0.0074,0.8765,0.4766,-0.8415,0.2545,25.5,0.001,1.901,0.862,1.0016,348.6,585.6,358.7,583.4,338.2,587.8,722,0.565,7
846,156.663,-164.112,-17.421,0.7123,0.5678,0.4126,-0.4939,-0.0106,0.8695,0.4981,-0.8231,0.2729,25.5,0.0009,1.934,0.846,0.99917,350.2,584.5,360.6,582.3,339.5,586.8,723,1.686,7
847,158.11,-162.911,-16.568,0.6886,0.5955,0.4138,-0.5061,-0.0139,0.8624,0.5193,-0.8032,0.2918,25.5,0.0001,1.987,0.831,1.01214,351.7,583.4,362.4,581.1,340.6,585.8,723,0.382,7
848,159.506,-161.652,-15.714,0.6638,0.6231,0.4137,-0.5178,-0.0174,0.8553,0.5402,-0.7819,0.3111,25.5,0.0007,2.036,0.809,1.02965,353.1,582.3,364.2,579.9,341.8,584.6,724,1.83,7
849,160.851,-160.34,-14.858,0.6385,0.6481,0.4151,-0.5292,-0.021,0.8482,0.5584,-0.7613,0.3295,25.5,0.0006,1.895,0.797,0.98778,354.5,581.0,365.9,578.6,342.9,583.5,724,0.24,7
850,162.143,-158.976,-14.001,0.6131,0.6727,0.4142,-0.5402,-0.0247,0.8412,0.5761,-0.7395,0.3482,25.5,0.0006,1.933,0.777,0.98154,355.9,579.7,367.5,577.3,344.0,582.3,725,1.933,7
851,163.383,-157.562,-13.149,0.587,0.6974,0.4111,-0.5508,-0.0286,0.8342,0.5936,-0.7161,0.3673,25.5,0.0003,2.0,0.761,1.00094,357.2,578.4,369.1,575.9,345.0,581.0,725,0.139,7
852,164.567,-156.096,-12.305,0.5598,0.7227,0.4055,-0.561,-0.0326,0.8272,0.611,-0.6905,0.3872,25.5,0.0022,2.108,0.745,1.04244,358.4,577.0,370.6,574.4,346.0,579.7,726,1.991,7
853,165.694,-154.58,-11.471,0.5317,0.7452,0.4024,-0.5708,-0.0367,0.8203,0.6261,-0.6658,0.4059,25.5,0.0008,1.975,0.726,1.00264,359.6,575.6,372.1,572.9,346.9,578.3,726,0.084,7
854,166.762,-153.018,-10.645,0.5034,0.7673,0.3973,-0.5803,-0.0408,0.8134,0.6403,-0.6401,0.4247,25.5,0.0003,1.998,0.713,1.00642,360.8,574.1,373.4,571.4,347.8,576.9,727,2.003,7
855,167.772,-151.411,-9.831,0.4747,0.7891,0.3899,-0.5894,-0.0451,0.8066,0.654,-0.6127,0.4437,25.5,0.0009,2.065,0.696,1.02098,361.9,572.6,374.8,569.8,348.7,575.5,727,0.073,7
856,168.722,-149.759,-9.036,0.4451,0.8108,0.3801,-0.5982,-0.0496,0.7998,0.6673,-0.5833,0.463,25.5,0.0025,2.154,0.687,1.05414,362.9,571.0,376.0,568.1,349.4,574.0,728,1.963,7
857,169.61,-148.064,-8.261,0.4145,0.8309,0.3711,-0.6067,-0.0541,0.7931,0.6791,-0.5539,0.4817,25.5,0.0021,2.108,0.672,1.04625,363.8,569.4,377.2,566.4,350.2,572.4,728,0.108,7
858,170.434,-146.328,-7.504,0.3837,0.8497,0.3617,-0.6149,-0.0587,0.7864,0.6895,-0.5241,0.5,25.5,0.0014,2.09,0.661,1.03475,364.7,567.7,378.3,564.6,350.8,570.9,729,1.874,7
859,171.194,-144.555,-6.769,0.3526,0.8677,0.3504,-0.6228,-0.0634,0.7798,0.6989,-0.4931,0.518,25.5,0.0014,2.123,0.648,1.04531,365.6,566.0,379.3,562.9,351.5,569.2,729,0.193,7
860,171.89,-142.745,-6.058,0.3211,0.885,0.3372,-0.6303,-0.0682,0.7733,0.7074,-0.4609,0.5359,25.5,0.002,2.166,0.632,1.06243,366.3,564.3,380.3,561.0,352.0,567.6,730,1.741,7
861,172.52,-140.901,-5.376,0.2891,0.9008,0.324,-0.6376,-0.0731,0.7669,0.7145,-0.4283,0.5532,25.5,0.0017,2.153,0.623,1.05597,367.0,562.5,381.2,559.1,352.5,565.9,730,0.325,7
862,173.084,-139.026,-4.72,0.2575,0.9147,0.3114,-0.6445,-0.0781,0.7606,0.7201,-0.3966,0.5694,25.5,0.0005,2.065,0.607,1.01975,367.6,560.7,382.0,557.2,352.9,564.2,731,1.567,7
863,173.584,-137.124,-4.092,0.2262,0.9276,0.2972,-0.6511,-0.0832,0.7544,0.7245,-0.3642,0.5852,25.5,0.0002,2.081,0.595,1.01879,368.2,558.8,382.8,555.3,353.3,562.4,731,0.499,7
864,174.018,-135.196,-3.494,0.1949,0.9396,0.2812,-0.6575,-0.0883,0.7483,0.7279,-0.3307,0.6006,25.5,0.0007,2.122,0.585,1.03076,368.7,556.9,383.4,553.3,353.6,560.6,732,1.353,7
865,174.388,-133.244,-2.931,0.1629,0.9508,0.2635,-0.6635,-0.0935,0.7423,0.7304,-0.2958,0.6157,25.5,0.0014,2.184,0.57,1.06142,369.1,555.0,384.0,551.3,353.9,558.8,732,0.712,7
866,174.69,-131.271,-2.403,0.13,0.9601,0.2478,-0.6693,-0.0988,0.7364,0.7315,-0.2616,0.6297,25.5,0.0006,2.118,0.563,1.04393,369.5,553.1,384.5,549.3,354.1,557.0,733,1.099,7
867,174.926,-129.28,-1.909,0.0989,0.9679,0.231,-0.6748,-0.1042,0.7306,0.7312,-0.2282,0.6428,25.5,0.0012,2.056,0.553,1.00447,369.7,551.1,385.0,547.2,354.2,555.2,733,0.967,7
868,175.1,-127.274,-1.45,0.0691,0.9746,0.2131,-0.68,-0.1096,0.725,0.7299,-0.195,0.6551,25.5,0.0007,2.03,0.536,0.98243,370.0,549.2,385.3,545.1,354.3,553.3,734,0.802,7
869,175.212,-125.256,-1.03,0.0399,0.9803,0.1935,-0.6849,-0.1152,0.7194,0.7275,-0.1612,0.6668,25.5,0.0011,2.054,0.534,0.98864,370.1,547.2,385.6,543.0,354.3,551.4,734,1.265,7
870,175.264,-123.227,-0.65,0.0109,0.9845,0.175,-0.6896,-0.1208,0.714,0.7241,-0.1284,0.6776,25.5,0.0015,1.988,0.521,0.96162,370.2,545.2,385.8,540.9,354.2,549.6,735,0.459,7
871,175.256,-121.191,-0.308,-0.0187,0.9875,0.1562,-0.6941,-0.1266,0.7087,0.7196,-0.0952,0.6878,25.5,0.0013,2.007,0.519,0.97667,370.2,543.2,386.0,538.8,354.1,547.7,735,1.608,7
872,175.186,-119.149,-0.006,-0.0493,0.9896,0.1355,-0.6982,-0.1324,0.7035,0.7141,-0.0599,0.6975,25.5,0.0013,2.121,0.504,1.02679,370.2,541.1,386.1,536.6,354.0,545.8,736,0.068,7
873,175.052,-117.105,0.25,-0.0811,0.9903,0.1124,-0.7021,-0.1384,0.6985,0.7073,-0.0223,0.7066,25.5,0.0016,2.251,0.5,1.0909,370.1,539.1,386.1,534.5,353.7,543.9,737,1.692,7
874,174.85,-115.06,0.456,-0.1144,0.9896,0.0872,-0.7057,-0.1446,0.6936,0.6989,0.0178,0.715,25.5,0.0019,2.396,0.498,1.15911,369.9,537.1,386.0,532.3,353.5,542.0,737,0.372,7
875,174.58,-113.019,0.611,-0.1472,0.9871,0.0633,-0.7091,-0.151,0.6888,0.6894,0.0565,0.7221,25.5,0.0011,2.319,0.498,1.12836,369.6,535.1,385.9,530.1,353.1,540.1,738,1.207,7
876,174.244,-110.984,0.718,-0.1777,0.9833,0.0406,-0.7121,-0.1575,0.6842,0.6791,0.0927,0.7282,25.5,0.0006,2.185,0.488,1.0603,369.3,533.0,385.6,528.0,352.7,538.2,738,0.858,7
877,173.847,-108.959,0.779,-0.2062,0.9783,0.0187,-0.7149,-0.1643,0.6797,0.668,0.1268,0.7333,25.5,0.0006,2.075,0.494,1.00698,368.9,531.0,385.3,525.8,352.2,536.3,739,0.678,7
878,173.393,-106.945,0.796,-0.2332,0.9724,-0.0026,-0.7174,-0.1713,0.6753,0.6562,0.1594,0.7375,25.5,0.001,2.001,0.495,0.96826,368.5,529.0,385.0,523.6,351.7,534.4,739,1.388,7
879,172.884,-104.944,0.768,-0.2606,0.9652,-0.0241,-0.7196,-0.1785,0.6711,0.6434,0.1922,0.741,25.5,0.0009,2.027,0.494,0.98693,368.0,527.0,384.5,521.5,351.1,532.6,740,0.11,7
880,172.318,-102.96,0.696,-0.2877,0.9567,-0.0455,-0.7215,-0.186,0.667,0.6296,0.2247,0.7437,25.5,0.0007,2.029,0.502,0.98678,367.4,525.0,384.0,519.3,350.4,530.8,741,1.559,7
881,171.696,-100.994,0.58,-0.3143,0.9469,-0.0671,-0.7231,-0.1937,0.6631,0.6149,0.257,0.7456,25.5,0.0006,2.036,0.503,0.98893,366.8,523.0,383.4,517.2,349.8,529.0,741,0.507,7
882,171.02,-99.05,0.419,-0.341,0.9358,-0.0894,-0.7243,-0.2018,0.6593,0.5989,0.2895,0.7466,25.5,0.0008,2.076,0.517,1.01332,366.1,521.1,382.8,515.1,349.0,527.2,742,0.903,7
883,170.288,-97.13,0.21,-0.368,0.923,-0.1126,-0.7252,-0.2101,0.6557,0.5816,0.3229,0.7467,25.5,0.0009,2.155,0.521,1.04981,365.3,519.1,382.1,512.9,348.2,525.5,742,1.162,7
884,169.5,-95.239,-0.046,-0.3945,0.9088,-0.1358,-0.7257,-0.2188,0.6523,0.5631,0.3559,0.7458,25.5,0.0011,2.168,0.536,1.05382,364.5,517.2,381.3,510.8,347.4,523.8,743,0.204,7
885,168.659,-93.378,-0.35,-0.4203,0.8936,-0.1579,-0.7257,-0.2278,0.6492,0.5441,0.3874,0.7442,25.5,0.0011,2.11,0.545,1.03273,363.6,515.4,380.4,508.8,346.5,522.1,744,1.521,7
886,167.765,-91.549,-0.697,-0.4453,0.8774,-0.1787,-0.7253,-0.2372,0.6463,0.5247,0.4174,0.742,25.5,0.0006,2.051,0.564,1.00824,362.7,513.5,379.5,506.7,345.6,520.5,744,0.544,7
887,166.821,-89.755,-1.086,-0.4693,0.8605,-0.1981,-0.7244,-0.2469,0.6436,0.505,0.4455,0.7393,25.5,0.0,1.972,0.579,0.97634,361.7,511.7,378.5,504.7,344.6,518.9,745,0.724,7
888,165.827,-87.997,-1.519,-0.4931,0.8414,-0.2213,-0.723,-0.257,0.6412,0.4827,0.4761,0.7351,25.5,0.0016,2.183,0.6,1.06376,360.7,509.9,377.5,502.6,343.6,517.3,745,1.341,7
889,164.786,-86.28,-1.997,-0.5154,0.8223,-0.2412,-0.7211,-0.2675,0.6391,0.461,0.5033,0.7308,25.5,0.0025,2.009,0.623,0.98429,359.6,508.2,376.3,500.7,342.6,515.8,746,0.12,7
890,163.699,-84.6,-2.512,-0.5362,0.8042,-0.2563,-0.7185,-0.2785,0.6373,0.4411,0.5259,0.7272,25.5,0.002,1.738,0.656,0.87235,358.5,506.5,375.1,498.7,341.5,514.4,747,1.053,7
891,162.572,-82.957,-3.052,-0.5556,0.7875,-0.2669,-0.7154,-0.2899,0.6357,0.4232,0.5441,0.7244,25.5,0.0005,1.471,0.683,0.7688,357.3,504.8,373.9,496.8,340.4,513.0,747,1.012,7
892,161.406,-81.348,-3.612,-0.5739,0.7708,-0.2766,-0.7118,-0.3017,0.6343,0.4055,0.5609,0.7218,25.5,0.0005,1.406,0.711,0.73824,356.1,503.2,372.6,494.9,339.3,511.7,748,0.112,7
893,160.202,-79.777,-4.2,-0.5918,0.7511,-0.2926,-0.7075,-0.314,0.6332,0.3837,0.5817,0.7172,25.5,0.0024,1.746,0.749,0.86178,354.8,501.6,371.2,493.0,338.1,510.4,749,1.182,7
894,158.963,-78.244,-4.816,-0.608,0.7342,-0.3021,-0.7025,-0.3268,0.6322,0.3654,0.5966,0.7145,25.5,0.0038,1.361,0.789,0.70107,353.5,500.0,369.8,491.1,336.9,509.1,749,0.883,7
895,157.691,-76.743,-5.444,-0.6234,0.7197,-0.3056,-0.6968,-0.3402,0.6315,0.3505,0.6066,0.7136,25.5,0.0034,1.029,0.835,0.5949,352.2,498.5,368.4,489.3,335.8,507.9,750,0.127,7
896,156.389,-75.27,-6.074,-0.6383,0.7074,-0.3035,-0.6903,-0.3542,0.6309,0.3388,0.6122,0.7144,25.5,0.0014,0.745,0.885,0.53927,350.9,497.0,366.9,487.4,334.6,506.8,751,1.064,7
897,155.055,-73.82,-6.694,-0.6536,0.6949,-0.2999,-0.683,-0.3688,0.6304,0.3275,0.6169,0.7157,25.5,0.0011,0.705,0.936,0.55727,349.5,495.5,365.3,485.6,333.4,505.7,751,1.001,7
898,153.689,-72.405,-7.322,-0.6694,0.6766,-0.3067,-0.6749,-0.3841,0.6301,0.3085,0.6288,0.7138,25.5,0.0014,1.289,0.992,0.6969,348.1,494.1,363.7,483.8,332.1,504.6,752,0.143,7
899,152.292,-71.023,-7.956,-0.6832,0.6628,-0.3065,-0.6659,-0.4,0.6298,0.2949,0.6344,0.7146,25.5,0.0032,0.844,1.047,0.54155,346.6,492.7,362.0,482.0,330.9,503.6,753,0.625,7
900,150.868,-69.665,-8.583,-0.6957,0.6531,-0.2993,-0.656,-0.4163,0.6296,0.2866,0.6343,0.718,25.5,0.0039,0.514,1.093,0.48232,345.2,491.3,360.3,480.3,329.7,502.6,754,1.304,7
901,149.42,-68.323,-9.187,-0.7071,0.6472,-0.2847,-0.6454,-0.433,0.6293,0.284,0.6287,0.7239,25.5,0.003,0.489,1.133,0.53936,343.7,490.0,358.6,478.5,328.5,501.7,754,0.761,7
902,147.948,-66.99,-9.753,-0.7184,0.6439,-0.2631,-0.634,-0.4501,0.6289,0.2865,0.6186,0.7316,25.5,0.0002,0.742,1.178,0.68268,342.2,488.6,356.8,476.7,327.2,500.7,755,0.16,7
903,146.447,-65.676,-10.288,-0.7347,0.6288,-0.2544,-0.6219,-0.4673,0.6284,0.2762,0.6199,0.7344,25.5,0.0032,0.616,1.205,0.66215,340.6,487.3,355.0,475.0,326.0,499.8,756,0.372,7
904,144.917,-64.388,-10.8,-0.7469,0.6202,-0.2396,-0.6092,-0.4847,0.6276,0.2731,0.6148,0.7399,25.5,0.004,0.465,1.235,0.58327,339.1,486.0,353.1,473.3,324.8,499.0,757,0.844,7
905,143.365,-63.11,-11.273,-0.755,0.6185,-0.218,-0.5962,-0.502,0.6266,0.2781,0.6031,0.7477,25.5,0.003,0.855,1.241,0.64187,337.5,484.7,351.2,471.6,323.5,498.1,757,1.222,7
906,141.802,-61.829,-11.695,-0.7584,0.624,-0.1884,-0.5828,-0.5191,0.6252,0.2923,0.584,0.7573,25.5,0.0003,1.47,1.247,0.84069,335.9,483.4,349.3,469.9,322.2,497.2,758,0.799,7
907,140.234,-60.533,-12.049,-0.7622,0.6279,-0.1573,-0.5695,-0.5359,0.6234,0.3072,0.5647,0.766,25.5,0.0005,1.483,1.232,0.87615,334.3,482.1,347.4,468.2,321.0,496.4,759,0.415,7
908,138.654,-59.237,-12.344,-0.7682,0.6273,-0.1275,-0.5562,-0.5523,0.621,0.3192,0.548,0.7732,25.5,0.0016,1.248,1.218,0.84371,332.7,480.8,345.5,466.5,319.7,495.5,760,0.06,7
909,137.064,-57.939,-12.572,-0.7704,0.6308,-0.0927,-0.543,-0.5683,0.6182,0.3373,0.5266,0.7803,25.5,0.0025,1.657,1.199,0.97253,331.1,479.5,343.6,464.8,318.4,494.6,761,0.285,7
910,135.475,-56.63,-12.724,-0.768,0.6381,-0.0544,-0.5301,-0.5839,0.6149,0.3606,0.5011,0.7867,25.5,0.0011,2.013,1.175,1.08409,329.5,478.2,341.7,463.1,317.2,493.6,762,0.623,7
911,133.894,-55.304,-12.797,-0.7639,0.6451,-0.0161,-0.5174,-0.5991,0.611,0.3845,0.4751,0.7915,25.5,0.0011,2.042,1.157,1.08638,327.9,476.9,339.8,461.4,315.9,492.7,763,0.967,7
912,132.32,-53.967,-12.791,-0.7606,0.6489,0.0216,-0.5051,-0.6139,0.6066,0.4069,0.4504,0.7947,25.5,0.0011,1.919,1.131,1.05546,326.4,475.6,338.0,459.7,314.6,491.7,763,1.098,7
913,130.753,-52.625,-12.708,-0.7569,0.6509,0.0583,-0.4932,-0.6282,0.6017,0.4283,0.4267,0.7966,25.5,0.0005,1.833,1.102,1.02516,324.8,474.3,336.1,458.0,313.3,490.7,764,0.739,7
914,129.194,-51.281,-12.552,-0.7533,0.6511,0.0926,-0.4817,-0.642,0.5965,0.4478,0.4047,0.7973,25.5,0.0001,1.685,1.072,0.95711,323.3,472.9,334.3,456.4,312.1,489.8,765,0.357,8
915,127.644,-49.934,-12.327,-0.7469,0.653,0.1251,-0.4707,-0.6552,0.5909,0.4679,0.3825,0.7967,25.5,0.0024,1.716,1.035,0.92058,321.8,471.6,332.6,454.7,310.8,488.7,766,0.058,8
916,126.108,-48.586,-12.035,-0.741,0.6526,0.158,-0.4602,-0.6677,0.5852,0.4874,0.3609,0.7951,25.5,0.0023,1.67,0.991,0.92769,320.3,470.3,330.8,453.1,309.6,487.7,767,0.512,8
917,124.582,-47.242,-11.677,-0.7374,0.6489,0.1875,-0.4504,-0.6793,0.5793,0.5033,0.3427,0.7932,25.5,0.0001,1.389,0.933,0.83119,318.8,468.9,329.1,451.5,308.3,486.7,768,1.016,8
918,123.061,-45.907,-11.264,-0.736,0.6432,0.2112,-0.4414,-0.6901,0.5735,0.5147,0.3289,0.7918,25.5,0.0021,1.029,0.871,0.67737,317.3,467.6,327.4,449.9,307.0,485.6,768,1.05,8
919,121.545,-44.586,-10.804,-0.7309,0.6388,0.2402,-0.4334,-0.6998,0.5679,0.5309,0.311,0.7883,25.5,0.0061,1.398,0.789,0.82687,315.8,466.3,325.8,448.4,305.7,484.6,769,0.488,8
920,120.044,-43.268,-10.274,-0.7225,0.6365,0.2699,-0.4263,-0.7084,0.5625,0.5493,0.2913,0.7832,25.5,0.0089,1.572,0.71,0.85818,314.4,465.0,324.1,446.9,304.4,483.5,770,0.131,8
921,118.557,-41.957,-9.698,-0.719,0.6334,0.2862,-0.4202,-0.7161,0.5574,0.558,0.2805,0.781,25.5,0.0081,0.805,0.634,0.47061,312.9,463.7,322.6,445.4,303.1,482.4,771,0.8,8
922,117.072,-40.653,-9.098,-0.7193,0.6297,0.2935,-0.4151,-0.7228,0.5525,0.5601,0.2756,0.7813,25.5,0.0056,0.306,0.558,0.22721,311.5,462.4,321.0,443.9,301.8,481.2,771,1.267,8
923,115.584,-39.356,-8.491,-0.723,0.6253,0.2937,-0.4109,-0.7286,0.548,0.5566,0.2755,0.7838,25.5,0.0024,0.246,0.485,0.15957,310.0,461.2,319.5,442.5,300.4,480.1,772,0.568,8
924,114.084,-38.07,-7.89,-0.7303,0.62,0.2868,-0.4076,-0.7336,0.5437,0.5475,0.2801,0.7885,25.5,0.0012,0.643,0.423,0.31509,308.6,459.9,318.0,441.1,299.0,479.0,773,0.168,8
925,112.565,-36.797,-7.312,-0.7419,0.613,0.2717,-0.4052,-0.7379,0.5397,0.5313,0.2903,0.7959,25.5,0.0051,1.176,0.364,0.56303,307.1,458.6,316.5,439.8,297.6,477.8,774,0.881,8
926,111.016,-35.541,-6.776,-0.7577,0.6033,0.2488,-0.4036,-0.7415,0.536,0.5079,0.3057,0.8053,25.5,0.0082,1.693,0.31,0.81759,305.6,457.4,314.9,438.4,296.1,476.7,774,1.184,8
927,109.446,-34.303,-6.26,-0.7636,0.5955,0.2496,-0.4028,-0.7444,0.5326,0.503,0.3061,0.8083,25.5,0.0028,0.33,0.26,0.27227,304.1,456.2,313.4,437.2,294.6,475.5,775,0.478,8
928,107.861,-33.082,-5.75,-0.7716,0.5876,0.2436,-0.4028,-0.7467,0.5294,0.4929,0.3104,0.8128,25.5,0.001,0.68,0.226,0.35362,302.5,455.0,311.9,435.9,293.0,474.3,776,0.226,8
929,106.257,-31.877,-5.26,-0.7819,0.5795,0.2299,-0.4035,-0.7483,0.5264,0.4771,0.3189,0.819,25.5,0.0029,1.088,0.199,0.52603,300.9,453.8,310.3,434.7,291.4,473.2,777,0.854,8
930,104.63,-30.689,-4.806,-0.7945,0.5708,0.2074,-0.4051,-0.7495,0.5237,0.4543,0.3321,0.8266,25.5,0.0027,1.571,0.192,0.75513,299.4,452.6,308.8,433.5,289.8,472.0,777,1.219,8
931,102.974,-29.52,-4.41,-0.8093,0.5609,0.1745,-0.4074,-0.75,0.5211,0.4231,0.3506,0.8355,25.5,0.0,2.14,0.201,1.03805,297.7,451.4,307.3,432.3,288.0,470.9,778,0.623,8
932,101.286,-28.374,-4.094,-0.8258,0.5483,0.1319,-0.4105,-0.7501,0.5186,0.3833,0.3741,0.8445,25.5,0.0039,2.698,0.228,1.31527,296.1,450.3,305.7,431.2,286.3,469.7,779,0.073,8
933,99.564,-27.26,-3.858,-0.8416,0.5314,0.0963,-0.4144,-0.7496,0.5161,0.3465,0.3945,0.8511,25.5,0.0001,2.44,0.267,1.17822,294.4,449.2,304.1,430.1,284.5,468.6,780,0.432,8
934,97.813,-26.178,-3.697,-0.8544,0.5162,0.0599,-0.4189,-0.7487,0.5137,0.31,0.4138,0.8559,25.5,0.0022,2.382,0.297,1.15097,292.6,448.1,302.5,429.0,282.6,467.5,781,0.895,8
935,96.039,-25.126,-3.61,-0.8635,0.5038,0.0242,-0.4242,-0.7474,0.5113,0.2756,0.4313,0.8591,25.5,0.0021,2.219,0.342,1.07871,290.8,447.1,300.9,428.0,280.7,466.4,781,1.17,8
936,94.249,-24.095,-3.595,-0.8688,0.4951,-0.0093,-0.4302,-0.7457,0.5088,0.245,0.4461,0.8608,25.5,0.0002,1.95,0.385,0.97163,289.1,446.0,299.3,427.0,278.7,465.3,782,0.75,8
937,92.452,-23.081,-3.648,-0.8737,0.4847,-0.0426,-0.4368,-0.7436,0.5062,0.2137,0.4608,0.8614,25.5,0.0004,1.982,0.424,0.97757,287.3,445.0,297.6,426.1,276.7,464.3,783,0.37,8
938,90.642,-22.096,-3.772,-0.879,0.4705,-0.0782,-0.444,-0.7413,0.5034,0.1789,0.4772,0.8604,25.5,0.0021,2.205,0.462,1.07364,285.5,444.0,296.0,425.2,274.7,463.2,784,0.031,8
939,88.824,-21.137,-3.971,-0.8813,0.4587,-0.1138,-0.4516,-0.7387,0.5005,0.1455,0.4924,0.8581,25.5,0.0022,2.107,0.489,1.04267,283.6,443.1,294.4,424.3,272.7,462.2,785,0.27,8
940,87.004,-20.2,-4.242,-0.8808,0.4494,-0.1495,-0.4595,-0.7359,0.4973,0.1135,0.5067,0.8546,25.5,0.0003,2.018,0.514,1.02377,281.8,442.2,292.8,423.4,270.6,461.1,786,0.529,8
941,85.188,-19.279,-4.588,-0.8775,0.4423,-0.1855,-0.4677,-0.733,0.494,0.0825,0.5202,0.85,25.5,0.0054,1.955,0.533,1.02237,280.0,441.2,291.2,422.6,268.6,460.1,787,0.745,8
942,83.378,-18.38,-5.009,-0.8756,0.4291,-0.2218,-0.4759,-0.73,0.4905,0.0485,0.535,0.8434,25.5,0.0053,2.158,0.539,1.07314,278.1,440.3,289.6,421.8,266.5,459.1,788,0.914,8
943,81.574,-17.505,-5.504,-0.8713,0.418,-0.2572,-0.4842,-0.7271,0.4868,0.0165,0.5487,0.8359,25.5,0.0072,2.04,0.547,1.03639,276.3,439.5,288.0,421.0,264.5,458.2,789,1.034,8
944,79.781,-16.652,-6.071,-0.8644,0.4087,-0.2928,-0.4925,-0.7241,0.4828,-0.0147,0.5616,0.8273,25.5,0.0116,1.996,0.555,1.03882,274.5,438.6,286.4,420.2,262.5,457.2,789,1.032,8
945,78.006,-15.817,-6.714,-0.8547,0.4008,-0.3299,-0.5008,-0.7213,0.4785,-0.0461,0.5743,0.8174,25.5,0.0189,2.022,0.559,1.08649,272.7,437.8,284.8,419.5,260.4,456.3,790,0.966,8
946,76.252,-15.0,-7.434,-0.8447,0.3888,-0.3679,-0.509,-0.7186,0.4739,-0.0801,0.5877,0.8051,25.5,0.0238,2.209,0.56,1.14018,270.9,436.9,283.3,418.7,258.4,455.4,791,0.96,8
947,74.519,-14.21,-8.234,-0.8324,0.3768,-0.4064,-0.5171,-0.716,0.469,-0.1143,0.6008,0.7912,25.5,0.03,2.245,0.562,1.16997,269.2,436.1,281.7,418.0,256.5,454.5,793,0.922,8
948,72.816,-13.442,-9.114,-0.8162,0.3675,-0.446,-0.5253,-0.7135,0.4636,-0.148,0.6131,0.776,25.5,0.0402,2.232,0.581,1.21503,267.4,435.4,280.2,417.3,254.5,453.7,794,0.723,8
949,71.152,-12.69,-10.076,-0.7956,0.3609,-0.4866,-0.5334,-0.7112,0.4578,-0.1812,0.6247,0.7595,25.5,0.0551,2.226,0.586,1.27661,265.8,434.6,278.7,416.6,252.6,452.9,795,0.447,8
950,69.531,-11.958,-11.126,-0.7739,0.3465,-0.53,-0.5417,-0.7091,0.4514,-0.2199,0.6379,0.7381,25.5,0.0657,2.644,0.612,1.40474,264.1,433.9,277.3,416.0,250.7,452.0,796,0.096,8
951,67.958,-11.255,-12.263,-0.7497,0.3358,-0.5703,-0.55,-0.7071,0.4444,-0.2548,0.6489,0.717,25.5,0.0786,2.42,0.633,1.33798,262.5,433.2,275.9,415.3,248.9,451.3,797,0.327,8
952,66.437,-10.565,-13.477,-0.7228,0.3339,-0.605,-0.5586,-0.7052,0.4366,-0.2822,0.6566,0.6995,25.5,0.0959,1.914,0.674,1.21959,260.9,432.5,274.6,414.7,247.1,450.5,799,0.675,8
953,64.973,-9.87,-14.757,-0.6942,0.3411,-0.6338,-0.5676,-0.7034,0.4279,-0.3019,0.6613,0.6867,25.5,0.1171,1.373,0.725,1.14389,259.4,431.8,273.3,414.0,245.4,449.7,800,0.034,8
954,63.58,-9.153,-16.101,-0.6567,0.351,-0.6675,-0.577,-0.7017,0.4181,-0.3251,0.6669,0.6705,25.5,0.1465,1.653,0.784,1.42611,258.0,431.1,272.1,413.4,243.7,449.0,802,0.594,8
955,62.253,-8.431,-17.509,-0.631,0.3456,-0.6945,-0.5863,-0.7001,0.4076,-0.3496,0.6726,0.6523,25.5,0.1551,1.779,0.809,1.04524,256.7,430.3,271.0,412.7,242.1,448.2,803,0.28,8
956,60.965,-7.735,-18.965,-0.6185,0.3269,-0.7145,-0.5953,-0.6987,0.3968,-0.3734,0.6778,0.6334,25.5,0.1437,1.767,0.809,0.83528,255.3,429.7,269.9,412.1,240.6,447.4,805,0.11,8
957,59.691,-7.088,-20.455,-0.6134,0.3,-0.7306,-0.6034,-0.6977,0.3861,-0.3968,0.6828,0.6135,25.5,0.1213,1.783,0.771,0.88143,254.0,429.0,268.8,411.5,239.0,446.7,807,0.008,8
958,58.46,-6.484,-21.998,-0.5827,0.2851,-0.761,-0.6105,-0.6971,0.3759,-0.4269,0.6894,0.5852,25.5,0.1291,2.397,0.713,1.26832,252.8,428.4,267.8,410.9,237.6,446.1,809,0.161,8
959,57.271,-5.91,-23.586,-0.5722,0.2703,-0.7743,-0.6165,-0.6969,0.3663,-0.4438,0.6919,0.5695,25.5,0.1192,1.329,0.649,0.62427,251.5,427.8,266.7,410.4,236.2,445.5,811,0.502,8
960,56.084,-5.367,-25.187,-0.5794,0.2556,-0.7739,-0.6215,-0.6971,0.3574,-0.4501,0.6912,0.5653,25.5,0.0947,0.436,0.585,0.4543,250.3,427.3,265.6,409.8,234.9,444.9,812,0.259,8
961,54.867,-4.854,-26.774,-0.6019,0.2409,-0.7614,-0.6257,-0.6975,0.3492,-0.4477,0.6877,0.5715,25.5,0.0573,0.43,0.528,0.82255,249.1,426.8,264.4,409.3,233.5,444.4,814,0.558,9
962,53.59,-4.372,-28.323,-0.6371,0.2256,-0.737,-0.629,-0.6981,0.3419,-0.4374,0.6815,0.5868,25.5,0.0087,1.115,0.46,1.26204,247.8,426.3,263.2,408.8,232.1,443.9,815,0.058,9
963,52.261,-3.932,-29.841,-0.6496,0.2027,-0.7327,-0.6316,-0.6989,0.3356,-0.4442,0.681,0.5822,25.5,0.0227,0.471,0.393,0.73385,246.4,425.9,261.9,408.4,230.7,443.5,816,0.352,9
964,50.907,-3.53,-31.347,-0.6617,0.1877,-0.7259,-0.6336,-0.6997,0.33,-0.4465,0.6791,0.5826,25.5,0.0484,0.172,0.344,0.56707,245.0,425.5,260.6,408.0,229.3,443.1,817,0.665,9
965,49.528,-3.152,-32.837,-0.6745,0.1786,-0.7164,-0.635,-0.7007,0.3252,-0.445,0.6759,0.5874,25.5,0.0702,0.342,0.292,0.50923,243.6,425.1,259.3,407.6,227.9,442.7,818,0.878,9
966,48.12,-2.789,-34.304,-0.6885,0.1744,-0.7039,-0.6359,-0.7018,0.321,-0.4398,0.6714,0.5965,25.5,0.0895,0.654,0.254,0.53361,242.2,424.7,257.9,407.2,226.4,442.4,819,0.987,9
967,46.682,-2.429,-35.742,-0.7046,0.175,-0.6877,-0.6365,-0.703,0.3173,-0.4304,0.6651,0.6102,25.5,0.1072,1.018,0.225,0.63388,240.8,424.4,256.4,406.9,225.0,442.0,820,1.001,9
968,45.208,-2.063,-37.141,-0.7236,0.1807,-0.6661,-0.6367,-0.7043,0.3139,-0.4157,0.6564,0.6296,25.5,0.1244,1.481,0.209,0.81373,239.3,424.0,254.9,406.5,223.5,441.7,821,0.942,9
969,43.693,-1.685,-38.491,-0.7427,0.1817,-0.6446,-0.6367,-0.7057,0.3108,-0.4026,0.648,0.6465,25.5,0.1443,1.316,0.195,0.79869,237.8,423.6,253.4,406.1,222.0,441.4,822,0.829,9
970,42.143,-1.314,-39.804,-0.7591,0.1777,-0.6262,-0.6365,-0.7072,0.3079,-0.3935,0.641,0.659,25.5,0.1647,0.972,0.187,0.69283,236.2,423.3,251.9,405.7,220.5,441.0,823,0.688,9
971,40.558,-0.948,-41.076,-0.776,0.1774,-0.6053,-0.636,-0.7088,0.3051,-0.3814,0.6324,0.6742,25.5,0.1831,1.217,0.187,0.74583,234.7,422.9,250.3,405.3,218.9,440.7,824,0.538,9
972,38.938,-0.579,-42.301,-0.7936,0.1809,-0.5809,-0.6352,-0.7106,0.3025,-0.3654,0.6216,0.6929,25.5,0.1998,1.54,0.187,0.84053,233.0,422.6,248.6,404.9,217.3,440.3,825,0.4,9
973,37.279,-0.198,-43.471,-0.8128,0.189,-0.551,-0.6341,-0.7127,0.3001,-0.344,0.6076,0.7159,25.5,0.2153,1.971,0.193,1.01114,231.4,422.2,247.0,404.5,215.7,440.0,826,0.293,9
974,35.579,0.206,-44.571,-0.8341,0.2029,-0.5129,-0.6326,-0.7149,0.2978,-0.3146,0.5886,0.7447,25.5,0.2299,2.597,0.202,1.27155,229.7,421.8,245.3,404.1,214.1,439.7,827,0.234,9
975,33.832,0.63,-45.586,-0.8578,0.2088,-0.4696,-0.6307,-0.7175,0.2958,-0.2843,0.5682,0.7722,25.5,0.2523,2.62,0.217,1.37957,228.0,421.4,243.5,403.6,212.4,439.3,828,0.236,9
976,32.038,1.07,-46.509,-0.8791,0.2179,-0.4238,-0.6283,-0.7203,0.2938,-0.2506,0.545,0.8001,25.5,0.2709,2.838,0.24,1.42457,226.2,421.0,241.7,403.1,210.7,438.9,829,0.295,9
977,30.204,1.533,-47.338,-0.896,0.2303,-0.3797,-0.6254,-0.7236,0.292,-0.2163,0.5204,0.8261,25.5,0.2828,2.841,0.272,1.35518,224.4,420.5,239.8,402.6,208.9,438.6,830,0.41,9
978,28.342,2.023,-48.081,-0.9073,0.2453,-0.3415,-0.622,-0.7272,0.2903,-0.1849,0.4967,0.848,25.5,0.2868,2.58,0.3,1.18136,222.6,420.0,237.9,402.0,207.2,438.2,831,0.579,9
979,26.455,2.543,-48.739,-0.9199,0.2574,-0.2958,-0.618,-0.7313,0.2886,-0.1486,0.4692,0.8705,25.5,0.2949,2.911,0.342,1.35772,220.8,419.5,235.9,401.4,205.5,437.7,832,0.798,9
980,24.544,3.086,-49.304,-0.9298,0.2688,-0.2514,-0.6134,-0.7358,0.2869,-0.1131,0.4414,0.8902,25.5,0.3004,2.819,0.381,1.30154,218.9,419.0,234.0,400.8,203.7,437.3,834,0.677,9
981,22.616,3.653,-49.778,-0.9372,0.2803,-0.2077,-0.608,-0.741,0.2852,-0.0776,0.413,0.9074,25.5,0.3029,2.785,0.44,1.2707,217.0,418.4,231.9,400.1,201.9,436.9,835,0.307,9
982,20.676,4.244,-50.161,-0.9421,0.2932,-0.163,-0.6018,-0.7467,0.2833,-0.0405,0.3828,0.9229,25.5,0.3018,2.882,0.495,1.29819,215.1,417.9,229.9,399.4,200.2,436.5,836,0.112,9
983,18.73,4.873,-50.446,-0.9428,0.3136,-0.1129,-0.5947,-0.7531,0.2812,0.0033,0.3475,0.9377,25.5,0.2928,3.333,0.561,1.50145,213.2,417.3,227.8,398.7,198.5,436.0,837,0.572,9
984,16.781,5.529,-50.629,-0.9454,0.3194,-0.0646,-0.5868,-0.7602,0.2788,0.0418,0.3154,0.948,25.5,0.2939,2.932,0.624,1.35205,211.3,416.6,225.8,397.9,196.8,435.5,839,0.478,9
985,14.824,6.182,-50.714,-0.9505,0.3102,-0.0188,-0.5782,-0.7678,0.276,0.0747,0.287,0.955,25.5,0.3062,2.523,0.677,1.30414,209.4,416.0,223.6,397.0,195.1,435.1,840,0.06,9
986,12.855,6.803,-50.707,-0.9556,0.2934,0.0264,-0.5688,-0.776,0.2726,0.1062,0.2594,0.9599,25.5,0.3231,2.416,0.741,1.3457,207.5,415.4,221.5,396.2,193.4,434.7,841,0.606,9
987,10.88,7.399,-50.605,-0.956,0.2842,0.0723,-0.5588,-0.7846,0.2687,0.141,0.2294,0.9631,25.5,0.3307,2.639,0.788,1.29927,205.6,414.8,219.4,395.4,191.7,434.3,843,0.371,9
988,8.908,7.979,-50.41,-0.9535,0.2777,0.1171,-0.5484,-0.7934,0.2642,0.1763,0.1991,0.964,25.5,0.3335,2.666,0.822,1.25816,203.7,414.2,217.2,394.7,190.0,434.0,844,0.161,9
989,6.944,8.548,-50.121,-0.948,0.2738,0.1625,-0.5377,-0.8024,0.259,0.2134,0.1676,0.9625,25.5,0.3321,2.79,0.855,1.27371,201.8,413.7,215.0,393.9,188.4,433.6,845,0.662,9
990,4.992,9.098,-49.737,-0.943,0.2584,0.2097,-0.5269,-0.8114,0.2531,0.2505,0.1363,0.9585,25.5,0.3403,2.791,0.874,1.38485,199.9,413.1,212.9,393.1,186.8,433.3,847,0.517,9
991,3.054,9.624,-49.255,-0.9325,0.2541,0.2568,-0.5161,-0.8202,0.2466,0.2902,0.1034,0.9514,25.5,0.3362,2.982,0.881,1.34454,198.0,412.6,210.7,392.4,185.1,433.0,848,0.161,9
992,1.145,10.157,-48.678,-0.9159,0.2648,0.3017,-0.5056,-0.8288,0.2395,0.3304,0.0705,0.9412,25.5,0.3159,3.033,0.878,1.36131,196.1,412.1,208.6,391.6,183.5,432.7,849,0.12,9
993,-0.725,10.725,-48.012,-0.8957,0.2826,0.3432,-0.4955,-0.8371,0.232,0.3683,0.0394,0.9289,25.5,0.2869,2.896,0.864,1.37301,194.3,411.6,206.6,390.9,181.9,432.4,850,0.308,9
994,-2.556,11.318,-47.262,-0.8771,0.2911,0.3821,-0.4858,-0.8449,0.224,0.4025,0.0112,0.9154,25.5,0.2657,2.655,0.848,1.21951,192.5,411.0,204.6,390.1,180.4,432.0,851,0.39,9
995,-4.347,11.925,-46.434,-0.8575,0.2969,0.4202,-0.4765,-0.8523,0.2156,0.4356,-0.0159,0.9,25.5,0.2461,2.605,0.834,1.19983,190.8,410.4,202.6,389.3,178.9,431.6,852,0.35,9
996,-6.095,12.542,-45.525,-0.8351,0.3002,0.4609,-0.4677,-0.8593,0.2069,0.4705,-0.0439,0.8813,25.5,0.228,2.779,0.815,1.29242,189.1,409.8,200.7,388.5,177.4,431.2,853,0.179,9
997,-7.793,13.167,-44.53,-0.8091,0.3064,0.5015,-0.4593,-0.866,0.1979,0.5057,-0.0717,0.8597,25.5,0.2055,2.853,0.803,1.34911,187.4,409.2,198.8,387.7,175.9,430.7,854,0.13,9
998,-9.435,13.804,-43.453,-0.7808,0.3096,0.5427,-0.4512,-0.8722,0.1887,0.5411,-0.0993,0.8351,25.5,0.1847,2.933,0.787,1.39003,185.8,408.5,197.0,386.9,174.5,430.3,855,0.58,9
999,-11.016,14.441,-42.288,-0.7505,0.3056,0.586,-0.4436,-0.8781,0.1792,0.5777,-0.1273,0.8062,25.5,0.1696,3.117,0.775,1.47091,184.2,407.9,195.3,386.1,173.1,429.8,856,1.189,9
1000,-12.533,15.062,-41.032,-0.7181,0.2963,0.6298,-0.4364,-0.8836,0.1697,0.6145,-0.1549,0.7735,25.5,0.1584,3.234,0.752,1.53386,182.7,407.3,193.6,385.3,171.8,429.3,856,0.876,9
1001,-13.979,15.668,-39.69,-0.6829,0.2905,0.6703,-0.4295,-0.8888,0.16,0.6488,-0.1805,0.7392,25.5,0.1424,3.143,0.744,1.49788,181.3,406.7,192.0,384.6,170.6,428.9,857,0.094,9
1002,-15.354,16.26,-38.267,-0.6487,0.2822,0.7068,-0.4231,-0.8936,0.1502,0.6796,-0.2033,0.7049,25.5,0.1285,2.947,0.725,1.40712,180.0,406.1,190.5,383.8,169.3,428.4,858,0.889,9
1003,-16.66,16.832,-36.774,-0.6169,0.2718,0.7386,-0.417,-0.898,0.1404,0.7063,-0.2229,0.6719,25.5,0.1169,2.679,0.708,1.28104,178.7,405.5,189.1,383.1,168.2,428.0,858,1.177,9
1004,-17.902,17.382,-35.219,-0.5858,0.2613,0.7672,-0.4113,-0.9021,0.1306,0.7303,-0.2403,0.6395,25.5,0.1054,2.516,0.691,1.20813,177.4,405.0,187.7,382.5,167.1,427.5,859,0.039,10
1005,-19.079,17.911,-33.607,-0.5539,0.2514,0.7937,-0.4059,-0.9059,0.1208,0.7527,-0.2563,0.6064,25.5,0.093,2.467,0.677,1.18326,176.3,404.4,186.4,381.8,166.1,427.1,860,1.484,10
1006,-20.191,18.42,-31.943,-0.5234,0.2418,0.8171,-0.4008,-0.9094,0.1111,0.7724,-0.2702,0.5747,25.5,0.0807,2.282,0.659,1.09954,175.2,403.9,185.2,381.2,165.1,426.7,860,0.581,10
1007,-21.242,18.911,-30.235,-0.4954,0.233,0.8369,-0.3959,-0.9127,0.1014,0.7892,-0.2818,0.5456,25.5,0.0683,2.037,0.651,0.98247,174.1,403.4,184.1,380.6,164.1,426.3,861,1.154,10
1008,-22.237,19.382,-28.488,-0.4681,0.2236,0.8549,-0.3914,-0.9156,0.0918,0.8046,-0.2921,0.517,25.5,0.057,1.953,0.63,0.94408,173.1,402.9,183.0,380.0,163.2,425.9,861,0.911,10
1009,-23.177,19.835,-26.707,-0.4432,0.2151,0.8702,-0.3871,-0.9184,0.0824,0.8177,-0.3007,0.4908,25.5,0.0457,1.749,0.614,0.84471,172.2,402.5,181.9,379.4,162.4,425.5,862,1.106,10
1010,-24.07,20.272,-24.896,-0.4216,0.2084,0.8825,-0.383,-0.9209,0.073,0.8283,-0.3074,0.4683,25.5,0.034,1.476,0.605,0.71429,171.3,402.0,180.9,378.9,161.6,425.2,862,0.959,10
1011,-24.92,20.697,-23.064,-0.4027,0.2032,0.8925,-0.3791,-0.9232,0.0637,0.8371,-0.3128,0.4489,25.5,0.0219,1.259,0.593,0.61065,170.4,401.6,180.0,378.4,160.8,424.8,863,1.338,10
1012,-25.734,21.112,-21.212,-0.386,0.1992,0.9007,-0.3754,-0.9253,0.0544,0.8443,-0.3171,0.432,25.5,0.0096,1.081,0.586,0.52798,169.6,401.1,179.0,377.8,160.1,424.5,863,0.728,10
1013,-26.516,21.52,-19.344,-0.3702,0.1954,0.9082,-0.3718,-0.9272,0.0453,0.8509,-0.3208,0.4159,25.5,0.0024,1.019,0.571,0.49663,168.8,400.7,178.2,377.3,159.4,424.1,864,1.846,10
1014,-27.263,21.918,-17.461,-0.3536,0.1902,0.9158,-0.3683,-0.929,0.0363,0.8578,-0.3245,0.3986,25.5,0.0132,1.088,0.563,0.52683,168.0,400.3,177.3,376.9,158.7,423.8,864,0.22,10
1015,-27.977,22.306,-15.563,-0.3386,0.1859,0.9224,-0.3649,-0.9307,0.0273,0.8637,-0.3274,0.3831,25.5,0.0243,0.965,0.56,0.47009,167.3,399.9,176.5,376.4,158.0,423.4,864,2.284,10
1016,-28.662,22.686,-13.652,-0.3249,0.1824,0.928,-0.3616,-0.9322,0.0185,0.8689,-0.3297,0.3691,25.5,0.0354,0.866,0.545,0.42198,166.6,399.5,175.7,375.9,157.4,423.1,865,0.561,10
1017,-29.32,23.06,-11.731,-0.3122,0.1796,0.9329,-0.3584,-0.9335,0.0097,0.8736,-0.3317,0.3562,25.5,0.0467,0.795,0.542,0.38562,165.9,399.1,175.0,375.4,156.8,422.7,865,1.505,10
1018,-29.952,23.428,-9.8,-0.3003,0.1773,0.9372,-0.3553,-0.9348,0.001,0.8777,-0.3332,0.3443,25.5,0.0581,0.726,0.534,0.35683,165.2,398.7,174.2,375.0,156.2,422.4,866,1.603,10
1019,-30.56,23.792,-7.86,-0.2891,0.1756,0.9411,-0.3522,-0.9359,-0.0076,0.8815,-0.3345,0.3332,25.5,0.0697,0.676,0.528,0.33241,164.6,398.3,173.5,374.5,155.6,422.1,866,0.463,10
1020,-31.146,24.153,-5.913,-0.2767,0.1733,0.9452,-0.3493,-0.9369,-0.0161,0.8857,-0.3357,0.3209,25.5,0.0809,0.748,0.518,0.36797,164.0,397.9,172.8,374.1,155.1,421.7,866,2.527,10
1021,-31.703,24.508,-3.957,-0.2633,0.1703,0.9496,-0.3463,-0.9378,-0.0245,0.8901,-0.3368,0.3072,25.5,0.0918,0.827,0.514,0.40012,163.4,397.5,172.2,373.7,154.6,421.4,867,0.836,10
1022,-32.234,24.857,-1.992,-0.2515,0.1677,0.9532,-0.3435,-0.9386,-0.0329,0.8938,-0.3375,0.2952,25.5,0.1024,0.721,0.509,0.34983,162.8,397.2,171.5,373.2,154.1,421.1,867,1.229,10
1023,-32.743,25.201,-0.021,-0.2415,0.1656,0.9562,-0.3407,-0.9393,-0.0411,0.897,-0.3379,0.2851,25.5,0.1126,0.607,0.498,0.2955,162.3,396.8,170.9,372.8,153.6,420.8,868,2.382,10
1024,-33.232,25.541,1.956,-0.2331,0.1641,0.9585,-0.338,-0.9399,-0.0494,0.8996,-0.338,0.2766,25.5,0.1228,0.509,0.501,0.2452,161.7,396.4,170.3,372.4,153.1,420.4,868,0.319,10
1025,-33.706,25.878,3.937,-0.2263,0.1629,0.9603,-0.3352,-0.9404,-0.0575,0.9017,-0.338,0.2698,25.5,0.1326,0.408,0.492,0.19799,161.2,396.1,169.8,372.0,152.7,420.1,868,1.749,10
1026,-34.168,26.214,5.922,-0.221,0.1623,0.9617,-0.3326,-0.9408,-0.0656,0.9033,-0.3378,0.2646,25.5,0.1423,0.312,0.488,0.15299,160.7,395.7,169.2,371.6,152.2,419.8,869,2.09,10
1027,-34.62,26.549,7.909,-0.2171,0.162,0.9626,-0.3299,-0.9411,-0.0737,0.9045,-0.3375,0.2608,25.5,0.1518,0.229,0.489,0.11138,160.2,395.3,168.6,371.2,151.8,419.4,869,0.034,10
1028,-35.065,26.883,9.896,-0.2121,0.1616,0.9638,-0.3273,-0.9414,-0.0817,0.906,-0.3372,0.2559,25.5,0.1615,0.294,0.482,0.14319,159.7,395.0,168.1,370.8,151.4,419.1,869,2.039,10
1029,-35.491,27.215,11.89,-0.2012,0.1597,0.9665,-0.3246,-0.9416,-0.0897,0.9092,-0.3368,0.2449,25.5,0.1718,0.657,0.484,0.31583,159.3,394.6,167.6,370.4,151.0,418.8,870,1.958,10
1030,-35.898,27.543,13.888,-0.1931,0.1583,0.9683,-0.322,-0.9417,-0.0977,0.9115,-0.3362,0.2367,25.5,0.1815,0.489,0.482,0.2335,158.8,394.2,167.1,370.0,150.6,418.4,870,0.106,10
1031,-36.29,27.869,15.888,-0.1873,0.1573,0.9696,-0.3193,-0.9417,-0.1056,0.9133,-0.3356,0.2309,25.5,0.1907,0.35,0.478,0.16725,158.4,393.9,166.6,369.6,150.2,418.1,870,2.171,10
1032,-36.673,28.193,17.892,-0.1835,0.1568,0.9704,-0.3167,-0.9417,-0.1136,0.9145,-0.3349,0.227,25.5,0.1998,0.237,0.482,0.10863,158.0,393.5,166.1,369.2,149.9,417.8,871,1.898,10
1033,-37.049,28.517,19.897,-0.1814,0.1565,0.9709,-0.314,-0.9416,-0.1215,0.9153,-0.3342,0.2249,25.5,0.2084,0.135,0.478,0.06044,157.5,393.2,165.6,368.8,149.5,417.5,871,0.169,10
1034,-37.423,28.84,21.902,-0.181,0.1566,0.9709,-0.3113,-0.9415,-0.1295,0.9156,-0.3336,0.2245,25.5,0.2168,0.045,0.484,0.01133,157.1,392.8,165.1,368.4,149.2,417.1,871,2.233,10
1035,-37.798,29.164,23.907,-0.1823,0.1571,0.9706,-0.3085,-0.9412,-0.1374,0.9155,-0.3331,0.2259,25.5,0.225,0.085,0.481,0.03952,156.7,392.4,164.6,368.0,148.8,416.8,872,1.818,10
1036,-38.178,29.489,25.91,-0.1853,0.1579,0.9699,-0.3057,-0.9409,-0.1454,0.9148,-0.3326,0.229,25.5,0.2329,0.184,0.486,0.0883,156.3,392.1,164.1,367.6,148.5,416.4,872,0.25,10
1037,-38.565,29.816,27.912,-0.1903,0.1591,0.9688,-0.3029,-0.9406,-0.1535,0.9136,-0.3324,0.234,25.5,0.2407,0.295,0.491,0.14589,155.8,391.7,163.6,367.2,148.1,416.1,872,2.313,10
1038,-38.965,30.146,29.911,-0.1975,0.1608,0.967,-0.3,-0.9402,-0.1616,0.9117,-0.3324,0.2414,25.5,0.2482,0.438,0.493,0.21127,155.4,391.3,163.1,366.8,147.7,415.7,873,1.63,10
1039,-39.377,30.479,31.906,-0.1987,0.1612,0.9667,-0.297,-0.9397,-0.1697,0.9115,-0.3319,0.2427,25.5,0.2565,0.081,0.496,0.03608,154.9,391.0,162.5,366.4,147.3,415.4,873,0.435,10
1040,-39.785,30.812,33.903,-0.1967,0.1611,0.9671,-0.2939,-0.9391,-0.1779,0.9124,-0.3311,0.2407,25.5,0.2655,0.134,0.503,0.05665,154.5,390.6,162.0,366.0,146.9,415.0,873,2.499,10
1041,-40.191,31.145,35.9,-0.1968,0.1613,0.9671,-0.2907,-0.9385,-0.1862,0.9126,-0.3305,0.2408,25.5,0.2742,0.037,0.511,0.00603,154.0,390.2,161.5,365.7,146.6,414.7,874,1.244,10
1042,-40.599,31.479,37.897,-0.199,0.162,0.9665,-0.2874,-0.9378,-0.1946,0.9122,-0.33,0.2431,25.5,0.2828,0.137,0.519,0.06618,153.5,389.8,160.9,365.3,146.2,414.3,874,0.823,10
1043,-41.014,31.814,39.892,-0.2034,0.1631,0.9654,-0.2839,-0.9371,-0.2031,0.911,-0.3297,0.2477,25.5,0.2912,0.273,0.528,0.12949,153.1,389.5,160.4,364.9,145.8,413.9,875,2.633,10
1044,-41.441,32.153,41.884,-0.2105,0.1647,0.9636,-0.2803,-0.9362,-0.2118,0.909,-0.3298,0.2549,25.5,0.2993,0.428,0.542,0.20799,152.6,389.1,159.8,364.5,145.4,413.5,875,0.568,10
1045,-41.885,32.495,43.871,-0.2205,0.167,0.961,-0.2764,-0.9353,-0.2207,0.9058,-0.3303,0.2653,25.5,0.3073,0.624,0.559,0.29378,152.1,388.7,159.2,364.1,145.0,413.2,875,1.498,10
1046,-42.354,32.843,45.852,-0.2345,0.17,0.9571,-0.2724,-0.9343,-0.2299,0.9011,-0.3315,0.2796,25.5,0.315,0.865,0.578,0.4117,151.5,388.3,158.5,363.7,144.6,412.8,876,1.582,10
1047,-42.857,33.198,47.823,-0.2536,0.1741,0.9515,-0.2681,-0.9332,-0.2392,0.894,-0.3335,0.2993,25.5,0.3221,1.205,0.59,0.56377,151.0,387.9,157.9,363.2,144.1,412.4,876,0.484,10
1048,-43.402,33.562,49.781,-0.2712,0.1776,0.946,-0.2635,-0.932,-0.2488,0.887,-0.3354,0.3173,25.5,0.3294,1.112,0.614,0.52092,150.4,387.5,157.1,362.8,143.6,412.0,877,2.145,10
1049,-43.977,33.932,51.729,-0.2868,0.1809,0.9408,-0.2585,-0.9307,-0.2587,0.8805,-0.3372,0.3333,25.5,0.3376,0.995,0.64,0.46536,149.7,387.1,156.4,362.4,143.1,411.5,877,0.084,10
1050,-44.588,34.309,53.665,-0.3059,0.1849,0.9339,-0.2532,-0.9293,-0.2689,0.8718,-0.3397,0.3529,25.5,0.3455,1.237,0.663,0.57437,149.0,386.6,155.5,362.0,142.6,411.1,877,1.986,10
1051,-45.243,34.696,55.584,-0.3286,0.1898,0.9252,-0.2475,-0.9277,-0.2795,0.8608,-0.3429,0.3761,25.5,0.3533,1.483,0.696,0.68825,148.3,386.2,154.7,361.5,142.0,410.7,878,0.186,10
1052,-45.948,35.094,57.484,-0.3547,0.1956,0.9143,-0.2412,-0.926,-0.2905,0.847,-0.347,0.4028,25.5,0.3612,1.738,0.733,0.80115,147.5,385.7,153.7,361.1,141.4,410.2,878,1.88,10
1053,-46.71,35.504,59.359,-0.3837,0.2019,0.9011,-0.2343,-0.9241,-0.302,0.8302,-0.3518,0.4324,25.5,0.3688,1.969,0.776,0.90127,146.7,385.3,152.7,360.6,140.8,409.7,879,0.121,10
1054,-47.535,35.927,61.204,-0.4153,0.2079,0.8856,-0.2268,-0.922,-0.3139,0.8105,-0.3574,0.464,25.5,0.3755,2.158,0.815,0.99092,145.8,384.8,151.6,360.2,140.1,409.2,880,1.269,10
1055,-48.426,36.363,63.015,-0.4476,0.2146,0.8681,-0.2185,-0.9196,-0.3264,0.7884,-0.3634,0.4964,25.5,0.3829,2.273,0.871,1.03628,144.8,384.3,150.4,359.7,139.3,408.7,880,0.796,10
1056,-49.383,36.813,64.788,-0.4795,0.2219,0.849,-0.2093,-0.9171,-0.3393,0.7643,-0.3699,0.5283,25.5,0.3912,2.321,0.919,1.05149,143.8,383.8,149.1,359.2,138.5,408.1,881,0.266,10
1057,-50.405,37.28,66.521,-0.5097,0.2297,0.8291,-0.1993,-0.9143,-0.3527,0.739,-0.3766,0.5587,25.5,0.4009,2.298,0.971,1.02671,142.7,383.3,147.7,358.8,137.7,407.6,882,1.039,10
1058,-51.495,37.761,68.206,-0.5462,0.237,0.8035,-0.1882,-0.9112,-0.3665,0.7066,-0.3848,0.5938,25.5,0.4076,2.777,1.03,1.25374,141.5,382.8,146.2,358.3,136.8,407.0,882,1.026,10
1059,-52.659,38.259,69.838,-0.5804,0.2451,0.7766,-0.1758,-0.9078,-0.3808,0.6727,-0.3932,0.6268,25.5,0.4162,2.753,1.102,1.22818,140.2,382.2,144.6,357.8,135.9,406.4,883,0.504,10
1060,-53.889,38.774,71.414,-0.6108,0.2538,0.75,-0.1621,-0.9041,-0.3954,0.6389,-0.4015,0.6562,25.5,0.427,2.611,1.167,1.1467,138.9,381.6,142.9,357.2,134.9,405.7,884,0.198,10
1061,-55.18,39.309,72.934,-0.6402,0.2651,0.721,-0.1468,-0.9001,-0.4102,0.6018,-0.4104,0.6852,25.5,0.4404,2.746,1.241,1.18812,137.5,381.0,141.1,356.7,134.0,405.1,885,0.08,10
1062,-56.533,39.866,74.391,-0.6702,0.2728,0.6902,-0.1296,-0.8958,-0.4252,0.5628,-0.4195,0.7122,25.5,0.451,2.768,1.331,1.21219,136.0,380.4,139.1,356.2,133.0,404.4,886,0.128,10
1063,-57.949,40.432,75.784,-0.7009,0.2743,0.6584,-0.1103,-0.8911,-0.4403,0.5237,-0.4286,0.7362,25.5,0.457,2.68,1.43,1.22728,134.5,379.8,137.1,355.6,132.0,403.6,887,0.325,10
1064,-59.43,40.998,77.106,-0.7349,0.279,0.6182,-0.0885,-0.8859,-0.4554,0.4747,-0.4394,0.7626,25.5,0.4637,3.249,1.548,1.46704,132.9,379.2,134.9,355.1,131.0,402.9,888,0.654,10
1065,-60.982,41.58,78.337,-0.7675,0.2801,0.5766,-0.0639,-0.8801,-0.4704,0.4253,-0.4505,0.785,25.5,0.4687,3.173,1.684,1.46714,131.2,378.5,132.5,354.6,130.0,402.1,890,0.409,10
1066,-62.596,42.138,79.497,-0.7948,0.2565,0.55,-0.0365,-0.8736,-0.4852,0.4015,-0.4575,0.7934,25.5,0.4619,1.501,1.823,1.24421,129.5,377.9,130.0,354.1,129.0,401.4,891,0.237,10
1067,-64.262,42.629,80.613,-0.8195,0.2223,0.5283,-0.0061,-0.8663,-0.4996,0.3884,-0.4624,0.7971,25.5,0.4515,0.829,1.972,1.31649,127.7,377.4,127.4,353.7,128.1,400.7,893,0.309,10
1068,-65.98,43.064,81.674,-0.8438,0.1997,0.4981,0.027,-0.8579,-0.513,0.3637,-0.4696,0.8045,25.5,0.4496,1.534,2.102,1.2452,125.9,376.9,124.6,353.4,127.1,400.0,894,0.545,10
1069,-67.746,43.46,82.667,-0.8665,0.186,0.4632,0.0622,-0.8488,-0.5251,0.3319,-0.4786,0.8129,25.5,0.455,1.954,2.196,1.21633,124.0,376.4,121.8,353.2,126.2,399.3,896,0.299,10
1070,-69.558,43.816,83.591,-0.8881,0.1587,0.4313,0.0986,-0.839,-0.5351,0.3104,-0.4849,0.8176,25.5,0.4515,1.312,2.235,1.31045,122.1,376.0,118.8,353.1,125.2,398.7,898,0.116,10
1071,-71.412,44.134,84.442,-0.9075,0.1548,0.3905,0.135,-0.829,-0.5427,0.2704,-0.4961,0.8251,25.5,0.4628,2.419,2.206,1.25843,120.1,375.7,115.8,353.0,124.3,398.1,900,0.119,10
1072,-73.303,44.473,85.199,-0.9224,0.1761,0.3436,0.1698,-0.8193,-0.5477,0.2122,-0.5123,0.8322,25.5,0.4891,3.486,2.09,1.48832,118.1,375.3,112.8,352.8,123.2,397.4,902,0.512,10
1073,-75.22,44.852,85.866,-0.9345,0.1876,0.3026,0.202,-0.8104,-0.55,0.1648,-0.5254,0.8347,25.5,0.5072,2.822,1.919,1.22844,116.0,374.9,109.9,352.6,122.0,396.8,903,0.239,10
1074,-77.164,45.236,86.447,-0.9487,0.1816,0.2587,0.2321,-0.8022,-0.55,0.125,-0.5362,0.8348,25.5,0.5082,2.363,1.788,1.2912,113.9,374.5,107.0,352.4,120.8,396.2,905,0.511,10
1075,-79.139,45.592,86.931,-0.9635,0.1653,0.2105,0.2607,-0.7947,-0.5482,0.0885,-0.5457,0.8333,25.5,0.4979,2.163,1.697,1.47079,111.8,374.1,104.1,352.2,119.4,395.6,906,0.047,10
1076,-81.139,45.926,87.318,-0.9739,0.1563,0.1644,0.2881,-0.7876,-0.5447,0.0509,-0.5554,0.83,25.5,0.4932,2.233,1.634,1.33508,109.7,373.7,101.2,352.1,118.1,395.1,907,0.533,10
1077,-83.16,46.231,87.611,-0.9832,0.1375,0.1199,0.3143,-0.7808,-0.54,0.0221,-0.5626,0.8264,25.5,0.4811,1.713,1.574,1.36533,107.6,373.4,98.4,351.9,116.6,394.6,909,0.794,10
1078,-85.199,46.488,87.814,-0.9906,0.1127,0.077,0.3392,-0.7743,-0.5342,-0.0007,-0.5681,0.823,25.5,0.4644,1.358,1.512,1.39052,105.4,373.1,95.5,351.8,115.2,394.1,910,0.553,10
1079,-87.249,46.701,87.93,-0.9951,0.0929,0.0352,0.3629,-0.7681,-0.5276,-0.0246,-0.5739,0.8186,25.5,0.451,1.431,1.454,1.28961,103.3,372.9,92.7,351.8,113.6,393.7,911,0.398,11
1080,-89.307,46.871,87.959,-0.9974,0.0716,-0.0074,0.3854,-0.7622,-0.5201,-0.0476,-0.5794,0.8137,25.5,0.4351,1.384,1.4,1.32331,101.1,372.7,90.0,351.7,112.1,393.4,912,0.322,11
1081,-91.367,46.995,87.898,-0.9975,0.0481,-0.0526,0.4071,-0.7564,-0.5119,-0.0709,-0.5849,0.808,25.5,0.4155,1.41,1.37,1.41387,98.9,372.6,87.2,351.8,110.5,393.1,913,0.319,11
1082,-93.424,47.071,87.744,-0.995,0.0255,-0.0965,0.4281,-0.7509,-0.5028,-0.0929,-0.59,0.802,25.5,0.3966,1.339,1.349,1.37202,96.8,372.5,84.5,351.9,108.9,392.9,914,0.384,11
1083,-95.474,47.1,87.498,-0.99,0.0027,-0.1411,0.4485,-0.7456,-0.4929,-0.115,-0.595,0.7955,25.5,0.3765,1.351,1.334,1.39699,94.6,372.5,81.8,352.0,107.3,392.7,915,0.515,11
1084,-97.511,47.081,87.159,-0.982,-0.0209,-0.1876,0.4684,-0.7404,-0.4822,-0.1377,-0.6002,0.7879,25.5,0.354,1.404,1.328,1.46417,92.5,372.5,79.1,352.2,105.7,392.6,916,0.708,11
1085,-99.528,47.013,86.724,-0.9713,-0.0449,-0.2337,0.4879,-0.7352,-0.4707,-0.1596,-0.6052,0.7799,25.5,0.3309,1.366,1.331,1.4727,90.4,372.6,76.5,352.4,104.1,392.5,917,0.964,11
1086,-101.52,46.896,86.194,-0.9576,-0.0687,-0.2797,0.507,-0.7299,-0.4585,-0.1814,-0.6104,0.7711,25.5,0.3071,1.38,1.334,1.48687,88.4,372.7,74.0,352.7,102.6,392.5,917,1.101,11
1087,-103.481,46.73,85.569,-0.9409,-0.0924,-0.3257,0.5258,-0.7245,-0.4457,-0.2031,-0.6158,0.7613,25.5,0.2826,1.399,1.339,1.50914,86.4,372.9,71.5,353.1,101.1,392.5,918,0.78,11
1088,-105.404,46.514,84.85,-0.9214,-0.1162,-0.3708,0.5443,-0.7188,-0.4325,-0.2238,-0.6213,0.7509,25.5,0.2576,1.364,1.342,1.51525,84.4,373.2,69.0,353.5,99.6,392.6,919,0.395,11
1089,-107.285,46.251,84.04,-0.9003,-0.138,-0.4128,0.5625,-0.7129,-0.4188,-0.2433,-0.6268,0.7402,25.5,0.2352,1.313,1.348,1.438,82.5,373.5,66.6,354.0,98.1,392.7,920,0.053,11
1090,-109.121,45.945,83.146,-0.8776,-0.1582,-0.4525,0.5802,-0.7069,-0.4045,-0.262,-0.6322,0.7292,25.5,0.2143,1.281,1.348,1.38748,80.6,373.8,64.3,354.5,96.7,392.9,921,0.547,11
1091,-110.908,45.598,82.172,-0.8529,-0.1784,-0.4907,0.5975,-0.7008,-0.3896,-0.2797,-0.6375,0.7179,25.5,0.1934,1.241,1.354,1.38134,78.8,374.2,62.0,355.1,95.3,393.1,922,1.093,11
1092,-112.642,45.209,81.12,-0.8251,-0.1982,-0.529,0.6143,-0.6947,-0.3742,-0.2977,-0.6433,0.7054,25.5,0.1712,1.299,1.352,1.42375,77.0,374.7,59.9,355.7,94.0,393.4,922,0.972,11
1093,-114.313,44.779,79.987,-0.7929,-0.2186,-0.5688,0.6306,-0.6885,-0.3581,-0.3168,-0.6496,0.6911,25.5,0.1458,1.414,1.36,1.52951,75.4,375.1,57.8,356.4,92.7,393.7,923,0.381,11
1094,-115.914,44.306,78.772,-0.7582,-0.2387,-0.6068,0.6465,-0.6823,-0.3413,-0.335,-0.6558,0.6765,25.5,0.1202,1.383,1.372,1.53328,73.8,375.7,55.8,357.1,91.5,394.0,924,0.254,11
1095,-117.444,43.794,77.483,-0.7229,-0.2567,-0.6415,0.662,-0.676,-0.3236,-0.3523,-0.6618,0.6618,25.5,0.0974,1.345,1.396,1.46175,72.3,376.2,54.0,357.9,90.4,394.4,925,0.93,11
1096,-118.899,43.247,76.125,-0.6863,-0.2734,-0.6739,0.6772,-0.6695,-0.3051,-0.3689,-0.6677,0.6466,25.5,0.0761,1.333,1.422,1.43361,70.8,376.8,52.2,358.7,89.4,394.8,925,1.135,11
1097,-120.275,42.664,74.7,-0.6457,-0.2911,-0.7059,0.6922,-0.6628,-0.2856,-0.3853,-0.674,0.6303,25.5,0.0524,1.373,1.461,1.51652,69.5,377.5,50.5,359.6,88.4,395.2,926,0.416,11
1098,-121.567,42.048,73.212,-0.6067,-0.3044,-0.7344,0.707,-0.6556,-0.2653,-0.401,-0.6805,0.6133,25.5,0.0345,1.377,1.497,1.3905,68.3,378.2,48.9,360.5,87.5,395.7,927,0.354,11
1099,-122.783,41.41,71.67,-0.5708,-0.3146,-0.7585,0.7213,-0.6481,-0.2443,-0.4148,-0.6867,0.597,25.5,0.0225,1.274,1.518,1.23279,67.1,378.9,47.4,361.4,86.7,396.2,928,1.169,11
1100,-123.923,40.748,70.081,-0.5338,-0.3258,-0.7804,0.7352,-0.6402,-0.2229,-0.427,-0.6927,0.5812,25.5,0.0099,1.194,1.531,1.23297,66.1,379.6,46.1,362.4,85.9,396.7,928,0.896,11
1101,-124.989,40.068,68.448,-0.4993,-0.3319,-0.8003,0.7485,-0.6318,-0.2013,-0.4389,-0.6996,0.5639,25.5,0.0029,1.266,1.531,1.11813,65.1,380.3,44.8,363.4,85.2,397.2,929,0.037,11
1102,-125.987,39.38,66.777,-0.468,-0.3335,-0.8184,0.7611,-0.6232,-0.1801,-0.4499,-0.7071,0.5455,25.5,0.001,1.301,1.496,1.00433,64.2,381.1,43.6,364.4,84.6,397.7,930,0.87,11
1103,-126.922,38.685,65.072,-0.4376,-0.3396,-0.8326,0.7728,-0.6143,-0.1594,-0.4573,-0.7132,0.5312,25.5,0.0032,0.987,1.455,0.94633,63.3,381.9,42.5,365.5,84.0,398.2,930,1.195,11
1104,-127.796,37.981,63.338,-0.4088,-0.3411,-0.8465,0.7837,-0.6052,-0.1397,-0.4647,-0.7205,0.5147,25.5,0.0043,1.117,1.391,0.88837,62.5,382.6,41.5,366.5,83.5,398.7,931,0.258,11
1105,-128.611,37.279,61.576,-0.3815,-0.3385,-0.8602,0.7937,-0.5961,-0.121,-0.4718,-0.7289,0.4961,25.5,0.0031,1.238,1.322,0.85062,61.8,383.4,40.6,367.6,83.0,399.2,932,0.704,11
1106,-129.372,36.585,59.786,-0.3559,-0.3334,-0.8731,0.8029,-0.5871,-0.1036,-0.478,-0.7378,0.4766,25.5,0.0004,1.279,1.24,0.8079,61.2,384.2,39.8,368.6,82.5,399.7,932,1.361,11
1107,-130.083,35.897,57.974,-0.3321,-0.3327,-0.8826,0.8112,-0.5782,-0.0876,-0.4812,-0.7451,0.4619,25.5,0.0003,0.958,1.152,0.71132,60.6,384.9,39.0,369.6,82.1,400.2,933,0.386,11
1108,-130.744,35.213,56.141,-0.3089,-0.3294,-0.8923,0.8188,-0.5694,-0.073,-0.484,-0.7531,0.4455,25.5,0.0002,1.058,1.069,0.70379,60.0,385.7,38.3,370.6,81.7,400.7,934,0.593,11
1109,-131.359,34.539,54.289,-0.2867,-0.3238,-0.9016,0.8257,-0.5609,-0.0599,-0.4864,-0.7617,0.4282,25.5,0.0011,1.115,0.978,0.68571,59.6,386.4,37.7,371.6,81.4,401.2,934,1.472,11
1110,-131.929,33.877,52.418,-0.266,-0.3164,-0.9106,0.832,-0.5526,-0.048,-0.488,-0.7704,0.4103,25.5,0.0028,1.144,0.906,0.65915,59.1,387.1,37.1,372.6,81.0,401.6,935,0.505,11
1111,-132.458,33.232,50.529,-0.2458,-0.3097,-0.9185,0.8379,-0.5446,-0.0375,-0.4886,-0.7788,0.3934,25.5,0.0028,1.082,0.828,0.62987,58.7,387.8,36.6,373.5,80.8,402.1,936,0.436,11
1112,-132.945,32.597,48.626,-0.2268,-0.3049,-0.925,0.8433,-0.5367,-0.0283,-0.4878,-0.7864,0.3789,25.5,0.0014,0.939,0.761,0.57291,58.4,388.5,36.2,374.4,80.5,402.6,937,1.33,11
1113,-133.396,31.973,46.71,-0.2105,-0.2998,-0.9305,0.8483,-0.5291,-0.0203,-0.4863,-0.7936,0.3657,25.5,0.0011,0.866,0.694,0.49789,58.0,389.2,35.8,375.3,80.3,403.0,937,0.735,11
1114,-133.816,31.359,44.784,-0.1968,-0.2945,-0.9352,0.853,-0.5218,-0.0135,-0.484,-0.8004,0.3538,25.5,0.0016,0.796,0.632,0.42797,57.8,389.8,35.4,376.2,80.1,403.5,938,0.094,11
1115,-134.211,30.757,42.848,-0.1854,-0.289,-0.9392,0.8574,-0.5146,-0.0078,-0.481,-0.8067,0.3432,25.5,0.0029,0.727,0.583,0.36832,57.5,390.5,35.1,377.0,79.9,403.9,939,0.83,11
1116,-134.584,30.166,40.905,-0.1761,-0.2836,-0.9427,0.8616,-0.5076,-0.0033,-0.4776,-0.8128,0.3337,25.5,0.0047,0.676,0.534,0.31374,57.3,391.1,34.8,377.9,79.8,404.4,939,1.235,11
1117,-134.939,29.586,38.956,-0.1676,-0.2781,-0.9458,0.8656,-0.5008,0.0002,-0.4737,-0.8187,0.3247,25.5,0.006,0.656,0.494,0.29393,57.1,391.8,34.5,378.7,79.6,404.8,940,0.607,11
1118,-135.271,29.017,36.998,-0.1546,-0.2728,-0.9496,0.8694,-0.4941,0.0027,-0.4699,-0.8252,0.3135,25.5,0.0022,0.773,0.464,0.40344,56.9,392.4,34.3,379.5,79.5,405.2,941,0.114,11
1119,-135.58,28.459,35.034,-0.1445,-0.2683,-0.9524,0.8731,-0.4875,0.0043,-0.4654,-0.831,0.3047,25.5,0.0005,0.657,0.443,0.31645,56.7,393.0,34.0,380.3,79.4,405.7,942,0.223,11
1120,-135.87,27.909,33.066,-0.1368,-0.2645,-0.9546,0.8767,-0.481,0.0052,-0.4605,-0.8362,0.2977,25.5,0.0023,0.573,0.429,0.246,56.6,393.6,33.8,381.1,79.4,406.1,943,0.38,11
1121,-136.146,27.366,31.092,-0.1309,-0.2612,-0.9564,0.8802,-0.4745,0.0054,-0.4552,-0.8411,0.2921,25.5,0.0036,0.523,0.423,0.19405,56.5,394.2,33.6,381.8,79.3,406.5,944,0.35,11
1122,-136.411,26.83,29.116,-0.1265,-0.2584,-0.9577,0.8836,-0.4681,0.005,-0.4496,-0.8457,0.2876,25.5,0.0044,0.489,0.416,0.14914,56.3,394.7,33.5,382.6,79.2,406.9,945,0.152,11
1123,-136.669,26.299,27.137,-0.1236,-0.2559,-0.9588,0.887,-0.4617,0.0043,-0.4438,-0.8499,0.284,25.5,0.0044,0.459,0.417,0.11052,56.2,395.3,33.3,383.3,79.2,407.3,946,0.216,11
1124,-136.922,25.773,25.156,-0.1219,-0.2536,-0.9596,0.8903,-0.4553,0.0033,-0.4377,-0.854,0.2813,25.5,0.0038,0.449,0.417,0.0824,56.1,395.9,33.1,384.1,79.2,407.6,948,0.715,11
1125,-137.174,25.251,23.174,-0.1215,-0.2516,-0.9602,0.8937,-0.4487,0.0022,-0.4314,-0.8578,0.2794,25.5,0.0022,0.435,0.43,0.05898,56.0,396.4,33.0,384.8,79.1,408.0,949,0.043,11
1126,-137.425,24.733,21.19,-0.1223,-0.2498,-0.9605,0.897,-0.4421,0.0011,-0.4249,-0.8614,0.2782,25.5,0.0003,0.431,0.427,0.05525,55.9,397.0,32.8,385.6,79.1,408.4,951,0.235,11
1127,-137.673,24.227,19.205,-0.1176,-0.2402,-0.9636,0.9002,-0.4354,0.0,-0.4195,-0.8675,0.2674,25.5,0.0013,0.775,0.43,0.30891,55.8,397.5,32.6,386.3,79.0,408.7,953,0.243,11
1128,-137.911,23.739,17.212,-0.1134,-0.2327,-0.9659,0.9035,-0.4285,-0.0009,-0.4137,-0.8728,0.2588,25.5,0.0019,0.667,0.441,0.2469,55.8,398.0,32.5,387.0,79.0,409.1,955,0.228,11
1129,-138.142,23.264,15.216,-0.1102,-0.228,-0.9674,0.9068,-0.4216,-0.0017,-0.4075,-0.8774,0.2533,25.5,0.0022,0.543,0.441,0.16314,55.7,398.5,32.4,387.7,79.0,409.4,957,0.449,11
1130,-138.367,22.796,13.217,-0.1081,-0.226,-0.9681,0.91,-0.4146,-0.0025,-0.4009,-0.8812,0.2505,25.5,0.0023,0.465,0.443,0.08278,55.6,399.0,32.2,388.4,79.0,409.7,958,0.303,11
1131,-138.589,22.329,11.218,-0.1068,-0.2266,-0.9681,0.9131,-0.4077,-0.0031,-0.394,-0.8843,0.2504,25.5,0.0021,0.433,0.435,0.03973,55.5,399.5,32.1,389.1,79.0,410.0,960,0.756,11
1132,-138.809,21.858,9.22,-0.1065,-0.2296,-0.9674,0.9162,-0.4007,-0.0037,-0.3869,-0.8867,0.2531,25.5,0.002,0.456,0.44,0.08588,55.5,400.0,32.0,389.8,79.0,410.3,961,0.534,11
1133,-139.029,21.379,7.223,-0.107,-0.2353,-0.966,0.9192,-0.3939,-0.0041,-0.3795,-0.8884,0.2585,25.5,0.0017,0.534,0.426,0.16343,55.4,400.5,31.9,390.4,79.0,410.6,962,0.499,11
1134,-139.251,20.884,5.23,-0.1085,-0.2438,-0.9637,0.922,-0.3871,-0.0045,-0.372,-0.8891,0.2668,25.5,0.0013,0.642,0.422,0.24785,55.3,401.1,31.8,391.2,78.9,411.0,963,0.651,11
1135,-139.478,20.37,3.243,-0.1109,-0.2553,-0.9605,0.9248,-0.3805,-0.0049,-0.3642,-0.8888,0.2783,25.5,0.0007,0.796,0.411,0.33784,55.3,401.6,31.6,391.9,78.9,411.3,964,0.988,11
1136,-139.71,19.828,1.264,-0.1145,-0.2701,-0.956,0.9274,-0.374,-0.0051,-0.3562,-0.8872,0.2933,25.5,0.0003,0.978,0.401,0.44061,55.2,402.2,31.5,392.6,78.9,411.7,964,1.077,11
1137,-139.948,19.261,-0.706,-0.1156,-0.2772,-0.9538,0.9299,-0.3678,-0.0054,-0.3493,-0.8876,0.3003,25.5,0.0004,0.564,0.383,0.20857,55.1,402.7,31.4,393.4,78.8,412.1,965,0.554,11
1138,-140.188,18.683,-2.674,-0.1162,-0.2831,-0.952,0.9323,-0.3617,-0.0055,-0.3428,-0.8882,0.306,25.5,0.0007,0.497,0.376,0.17196,55.0,403.3,31.3,394.1,78.8,412.6,966,0.154,11
1139,-140.429,18.091,-4.638,-0.117,-0.29,-0.9499,0.9346,-0.3558,-0.0057,-0.3363,-0.8884,0.3126,25.5,0.0008,0.531,0.363,0.20133,54.9,404.0,31.1,394.9,78.7,413.0,967,1.043,11
1140,-140.671,17.485,-6.597,-0.1181,-0.2978,-0.9473,0.9368,-0.3499,-0.0058,-0.3297,-0.8881,0.3203,25.5,0.0009,0.581,0.361,0.23016,54.8,404.6,31.0,395.7,78.7,413.5,967,1.023,11
1141,-140.916,16.86,-8.55,-0.1193,-0.307,-0.9442,0.9389,-0.3441,-0.0059,-0.3231,-0.8872,0.3293,25.5,0.0008,0.642,0.353,0.27141,54.7,405.2,30.9,396.5,78.6,414.0,968,0.051,11
1142,-141.164,16.216,-10.496,-0.1209,-0.3175,-0.9405,0.941,-0.3382,-0.006,-0.3162,-0.8858,0.3396,25.5,0.0007,0.715,0.359,0.31203,54.7,405.9,30.8,397.3,78.5,414.5,969,1.271,11
1143,-141.416,15.548,-12.434,-0.1227,-0.3297,-0.9361,0.9431,-0.3323,-0.0061,-0.3091,-0.8836,0.3517,25.5,0.0004,0.814,0.359,0.36331,54.6,406.6,30.7,398.1,78.4,415.0,969,0.794,11
1144,-141.671,14.853,-14.362,-0.1249,-0.3439,-0.9307,0.9452,-0.3263,-0.0062,-0.3016,-0.8805,0.3658,25.5,0.0001,0.932,0.364,0.42599,54.5,407.3,30.5,399.0,78.4,415.5,970,0.539,11
1145,-141.932,14.126,-16.276,-0.1275,-0.3606,-0.924,0.9474,-0.3201,-0.0063,-0.2935,-0.8761,0.3824,25.5,0.0005,1.088,0.377,0.50453,54.3,408.0,30.4,399.9,78.3,416.1,970,1.526,11
1146,-142.198,13.369,-18.179,-0.1298,-0.3731,-0.9187,0.9495,-0.3137,-0.0064,-0.2858,-0.8731,0.3949,25.5,0.0003,0.859,0.386,0.38203,54.2,408.8,30.2,400.8,78.2,416.7,971,0.13,11
1147,-142.468,12.584,-20.07,-0.132,-0.387,-0.9126,0.9516,-0.3071,-0.0066,-0.2777,-0.8693,0.4089,25.5,0.0007,0.952,0.397,0.42562,54.1,409.6,30.1,401.8,78.1,417.3,972,1.294,11
1148,-142.743,11.769,-21.947,-0.1342,-0.4029,-0.9054,0.9538,-0.3002,-0.0067,-0.2691,-0.8645,0.4246,25.5,0.001,1.062,0.415,0.48805,54.0,410.4,29.9,402.8,78.0,417.9,972,0.772,11
1149,-143.022,10.919,-23.808,-0.1364,-0.4211,-0.8967,0.9561,-0.293,-0.0068,-0.2599,-0.8583,0.4426,25.5,0.0009,1.211,0.433,0.5631,53.8,411.2,29.8,403.8,77.9,418.6,973,0.633,11
1150,-143.306,10.028,-25.649,-0.1387,-0.4424,-0.886,0.9584,-0.2855,-0.0069,-0.2499,-0.8501,0.4636,25.5,0.0005,1.413,0.449,0.66454,53.7,412.1,29.6,404.9,77.8,419.3,973,1.432,11
1151,-143.595,9.089,-27.466,-0.141,-0.4678,-0.8725,0.9607,-0.2776,-0.0069,-0.239,-0.8392,0.4885,25.5,0.0004,1.678,0.471,0.80064,53.6,413.0,29.4,406.1,77.7,420.0,974,0.085,11
1152,-143.889,8.093,-29.25,-0.1442,-0.4961,-0.8562,0.963,-0.2694,-0.0068,-0.2273,-0.8255,0.5166,25.5,0.0006,1.913,0.488,0.91057,53.4,414.0,29.2,407.3,77.6,420.8,975,1.176,11
1153,-144.191,7.039,-31.0,-0.1478,-0.5261,-0.8375,0.9654,-0.2607,-0.0066,-0.2148,-0.8095,0.5464,25.5,0.0,2.066,0.517,0.98611,53.3,415.1,29.0,408.5,77.5,421.6,975,0.89,11
1154,-144.498,5.919,-32.707,-0.1503,-0.5591,-0.8154,0.9678,-0.2515,-0.0063,-0.2015,-0.7901,0.5789,25.5,0.0003,2.299,0.545,1.10443,53.1,416.2,28.8,409.9,77.3,422.5,976,0.248,11
1155,-144.81,4.729,-34.365,-0.1513,-0.5939,-0.7902,0.9703,-0.2417,-0.0059,-0.1875,-0.7677,0.6128,25.5,0.0014,2.463,0.58,1.19278,52.9,417.4,28.6,411.3,77.2,423.4,977,1.252,11
1156,-145.122,3.466,-35.969,-0.1514,-0.6293,-0.7623,0.9729,-0.2312,-0.0053,-0.1729,-0.7424,0.6472,25.5,0.0022,2.586,0.621,1.25075,52.7,418.6,28.4,412.8,77.1,424.4,977,0.814,11
1157,-145.438,2.126,-37.507,-0.1538,-0.6684,-0.7278,0.9755,-0.2199,-0.0046,-0.157,-0.7107,0.6858,25.5,0.0003,3.004,0.666,1.44859,52.5,419.9,28.2,414.4,76.9,425.4,978,0.077,11
1158,-145.755,0.708,-38.974,-0.1525,-0.7053,-0.6923,0.9782,-0.2077,-0.0037,-0.1412,-0.6777,0.7216,25.5,0.0001,2.933,0.718,1.42157,52.3,421.3,27.9,416.1,76.8,426.5,979,0.863,11
1159,-146.065,-0.784,-40.367,-0.1471,-0.739,-0.6574,0.9809,-0.1947,-0.0026,-0.126,-0.6453,0.7535,25.5,0.0013,2.747,0.763,1.35475,52.1,422.8,27.7,417.9,76.6,427.6,979,1.202,11
1160,-146.363,-2.344,-41.687,-0.1428,-0.7725,-0.6188,0.9836,-0.1806,-0.0014,-0.1107,-0.6088,0.7856,25.5,0.0001,2.92,0.825,1.42348,52.0,424.3,27.4,419.8,76.5,428.8,980,0.503,11
1161,-146.652,-3.974,-42.921,-0.1371,-0.8054,-0.5766,0.9862,-0.1656,-0.0001,-0.0954,-0.5687,0.817,25.5,0.0018,3.047,0.875,1.49346,51.8,425.9,27.2,421.8,76.3,430.0,981,0.122,11
1162,-146.925,-5.668,-44.068,-0.1263,-0.8355,-0.5348,0.9888,-0.1495,0.0014,-0.0811,-0.5286,0.845,25.5,0.0007,2.92,0.938,1.46066,51.6,427.5,27.0,423.8,76.2,431.3,982,0.68,11
1163,-147.172,-7.422,-45.129,-0.1137,-0.8637,-0.4909,0.9912,-0.1323,0.0029,-0.0675,-0.4863,0.8712,25.5,0.0001,2.956,0.999,1.48981,51.4,429.2,26.8,425.9,76.1,432.5,983,1.187,11
1164,-147.395,-9.234,-46.094,-0.1021,-0.8902,-0.4439,0.9935,-0.1142,0.0045,-0.0547,-0.4405,0.8961,25.5,0.0018,3.076,1.049,1.53177,51.3,431.0,26.6,428.2,76.0,433.8,983,0.879,11
1165,-147.59,-11.096,-46.964,-0.0858,-0.913,-0.3988,0.9954,-0.0951,0.0061,-0.0435,-0.3965,0.917,25.5,0.001,2.864,1.104,1.47371,51.2,432.8,26.4,430.5,75.9,435.2,984,0.418,11
1166,-147.747,-13.003,-47.742,-0.0666,-0.9331,-0.3533,0.9971,-0.0752,0.0077,-0.0337,-0.3518,0.9355,25.5,0.001,2.828,1.148,1.47984,51.1,434.7,26.3,432.8,75.8,436.5,985,0.016,11
1167,-147.867,-14.949,-48.42,-0.0492,-0.9511,-0.3049,0.9985,-0.0545,0.0092,-0.0254,-0.304,0.9523,25.5,0.0001,2.942,1.192,1.51241,51.0,436.6,26.2,435.2,75.8,437.9,986,0.402,11
1168,-147.948,-16.928,-49.003,-0.029,-0.9653,-0.2594,0.9994,-0.0331,0.0106,-0.0188,-0.2589,0.9657,25.5,0.0002,2.722,1.23,1.43673,51.0,438.5,26.2,437.7,75.8,439.3,987,0.773,11
1169,-147.985,-18.933,-49.493,-0.0074,-0.9767,-0.2146,0.9999,-0.0109,0.012,-0.014,-0.2145,0.9766,25.5,0.0007,2.634,1.275,1.41611,51.0,440.4,26.2,440.2,75.8,440.7,988,1.127,11
1170,-147.98,-20.96,-49.887,0.0128,-0.9857,-0.1678,0.9998,0.012,0.0132,-0.011,-0.1679,0.9857,25.5,0.0012,2.726,1.314,1.43649,51.0,442.4,26.2,442.7,75.8,442.1,988,0.938,11
1171,-147.93,-23.002,-50.188,0.0364,-0.9917,-0.1235,0.9993,0.0356,0.0143,-0.0097,-0.1239,0.9922,25.5,0.0007,2.55,1.354,1.40299,51.1,444.4,26.3,445.3,75.9,443.5,989,0.596,11
1172,-147.828,-25.054,-50.398,0.0622,-0.9949,-0.0796,0.9981,0.0598,0.0152,-0.0103,-0.0803,0.9967,25.5,0.0014,2.512,1.389,1.41594,51.2,446.4,26.5,447.8,75.9,444.9,990,0.261,11
1173,-147.675,-27.109,-50.515,0.0858,-0.9957,-0.0348,0.9963,0.0846,0.0158,-0.0128,-0.036,0.9993,25.5,0.0007,2.547,1.425,1.40548,51.4,448.4,26.7,450.5,76.0,446.3,991,0.07,11
1174,-147.473,-29.164,-50.545,0.1101,-0.9939,0.0051,0.9938,0.1098,0.0163,-0.0168,0.0033,0.9999,25.5,0.0004,2.264,1.451,1.29742,51.6,450.4,26.9,453.1,76.2,447.6,992,0.397,11
1175,-147.219,-31.212,-50.497,0.1353,-0.9899,0.0419,0.9906,0.1354,0.0165,-0.022,0.0393,0.999,25.5,0.0007,2.085,1.478,1.24279,51.8,452.4,27.3,455.7,76.3,449.0,993,0.726,11
1176,-146.915,-33.251,-50.37,0.1593,-0.984,0.0803,0.9868,0.1613,0.0165,-0.0291,0.0766,0.9966,25.5,0.0002,2.18,1.5,1.26724,52.1,454.3,27.6,458.3,76.5,450.4,994,1.058,11
1177,-146.562,-35.275,-50.165,0.1833,-0.9759,0.1187,0.9822,0.1872,0.0161,-0.038,0.1136,0.9928,25.5,0.0007,2.191,1.507,1.27662,52.4,456.3,28.1,461.0,76.8,451.7,994,1.007,11
1178,-146.158,-37.279,-49.88,0.2079,-0.9653,0.1578,0.9769,0.2133,0.0156,-0.0487,0.1509,0.9874,25.5,0.0003,2.245,1.526,1.31531,52.8,458.3,28.6,463.6,77.0,453.0,995,0.668,11
1179,-145.704,-39.26,-49.514,0.2317,-0.9528,0.1962,0.9708,0.2393,0.0148,-0.061,0.1871,0.9805,25.5,0.0002,2.226,1.531,1.3009,53.2,460.2,29.1,466.1,77.3,454.3,996,0.318,11
1180,-145.201,-41.213,-49.07,0.2545,-0.9384,0.2338,0.9641,0.2652,0.0137,-0.0749,0.2219,0.9722,25.5,0.0003,2.199,1.534,1.28403,53.7,462.1,29.8,468.7,77.6,455.5,997,0.046,11
1181,-144.653,-43.134,-48.549,0.2763,-0.9221,0.2708,0.9566,0.291,0.0125,-0.0903,0.2556,0.9626,25.5,0.0006,2.193,1.541,1.2748,54.1,464.0,30.4,471.2,77.9,456.8,998,0.427,11
1182,-144.061,-45.02,-47.951,0.2975,-0.9035,0.3084,0.9485,0.3165,0.0112,-0.1078,0.2892,0.9512,25.5,0.0003,2.267,1.535,1.30441,54.7,465.9,31.1,473.7,78.2,458.0,999,0.83,11
1183,-143.425,-46.865,-47.278,0.3181,-0.8841,0.3424,0.9397,0.3418,0.0098,-0.1257,0.3186,0.9395,25.5,0.0001,2.083,1.537,1.22759,55.2,467.7,31.9,476.2,78.6,459.2,999,1.236,11
1184,-142.748,-48.671,-46.54,0.3378,-0.8646,0.372,0.9302,0.3668,0.0085,-0.1438,0.3432,0.9282,25.5,0.0002,1.866,1.534,1.12531,55.9,469.4,32.7,478.6,79.0,460.3,1000,0.808,11
1185,-142.034,-50.434,-45.736,0.3533,-0.8429,0.4059,0.9201,0.3916,0.0071,-0.165,0.371,0.9139,25.5,0.0021,2.164,1.536,1.19698,56.5,471.2,33.6,480.9,79.4,461.4,1001,0.35,11
1186,-141.286,-52.153,-44.87,0.3714,-0.8225,0.4308,0.9094,0.416,0.0059,-0.184,0.3895,0.9024,25.5,0.0019,1.656,1.528,1.02479,57.2,472.9,34.5,483.2,79.8,462.5,1002,0.136,11
1187,-140.498,-53.832,-43.964,0.3924,-0.8048,0.4454,0.8979,0.4401,0.0047,-0.1998,0.3981,0.8953,25.5,0.0002,1.108,1.532,0.86308,57.9,474.5,35.5,485.5,80.2,463.6,1003,0.644,11
1188,-139.666,-55.476,-43.033,0.4115,-0.7862,0.461,0.8859,0.4639,0.0036,-0.2167,0.4069,0.8874,25.5,0.0015,1.182,1.529,0.85719,58.6,476.2,36.5,487.7,80.7,464.6,1004,1.167,11
1189,-138.801,-57.08,-42.062,0.4271,-0.7679,0.4774,0.8731,0.4875,0.0025,-0.2346,0.4158,0.8787,25.5,0.0003,1.249,1.54,0.80765,59.4,477.8,37.6,489.9,81.1,465.6,1004,0.898,11
1190,-137.9,-58.651,-41.068,0.4454,-0.754,0.4828,0.8597,0.5107,0.0013,-0.2476,0.4145,0.8757,25.5,0.0015,0.768,1.537,0.65501,60.2,479.3,38.7,492.1,81.6,466.6,1005,0.37,11
1191,-136.958,-60.197,-40.074,0.4676,-0.7435,0.4781,0.8457,0.5337,0.0002,-0.2553,0.4042,0.8783,25.5,0.0013,0.752,1.544,0.69375,61.0,480.9,39.9,494.2,82.1,467.6,1006,0.156,11
1192,-135.968,-61.721,-39.096,0.4907,-0.7311,0.4741,0.8308,0.5565,-0.0011,-0.263,0.3945,0.8805,25.5,0.0003,0.721,1.562,0.73597,61.9,482.4,41.2,496.3,82.7,468.5,1007,0.668,11
1193,-134.934,-63.215,-38.115,0.511,-0.7167,0.4746,0.8153,0.579,-0.0025,-0.273,0.3882,0.8802,25.5,0.0005,0.677,1.568,0.69074,62.9,483.9,42.5,498.4,83.2,469.4,1008,1.157,11
1194,-133.856,-64.683,-37.142,0.5334,-0.7058,0.4662,0.7991,0.6012,-0.0041,-0.2774,0.3747,0.8847,25.5,0.0,0.853,1.577,0.72946,63.9,485.4,43.9,500.4,83.8,470.4,1008,0.909,11
1195,-132.728,-66.132,-36.196,0.5589,-0.6979,0.4479,0.7822,0.623,-0.0059,-0.275,0.3536,0.8941,25.5,0.0003,1.331,1.584,0.89808,64.9,486.8,45.3,502.4,84.5,471.3,1009,0.454,11
1196,-131.546,-67.564,-35.294,0.5858,-0.6877,0.4288,0.7646,0.6445,-0.0079,-0.2709,0.3325,0.9034,25.5,0.0013,1.342,1.596,0.95829,66.0,488.3,46.8,504.4,85.1,472.1,1010,0.038,11
1197,-130.31,-68.972,-34.426,0.6117,-0.6756,0.4115,0.7463,0.6655,-0.0103,-0.2669,0.3134,0.9113,25.5,0.0027,1.206,1.602,0.92722,67.1,489.7,48.4,506.3,85.8,473.0,1011,0.347,11
1198,-129.02,-70.356,-33.598,0.6376,-0.6651,0.3887,0.7276,0.6859,-0.0128,-0.2581,0.291,0.9213,25.5,0.0028,1.493,1.592,1.00093,68.3,491.1,50.1,508.3,86.6,473.9,1012,0.697,11
1199,-127.677,-71.72,-32.824,0.6632,-0.656,0.3604,0.7084,0.7057,-0.0156,-0.2441,0.2656,0.9327,25.5,0.0012,1.786,1.588,1.08866,69.6,492.4,51.8,510.1,87.4,474.8,1013,1.016,11
1200,-126.28,-73.06,-32.105,0.6891,-0.6424,0.3355,0.6888,0.7247,-0.0185,-0.2313,0.2438,0.9418,25.5,0.0029,1.539,1.573,1.066,70.9,493.8,53.6,512.0,88.2,475.6,1013,1.05,11
1201,-124.832,-74.374,-31.442,0.7136,-0.6301,0.3061,0.6688,0.7431,-0.0214,-0.2139,0.22,0.9518,25.5,0.0025,1.784,1.566,1.11554,72.3,495.1,55.5,513.7,89.1,476.5,1014,0.758,11
1202,-123.334,-75.663,-30.845,0.737,-0.619,0.2715,0.6484,0.7609,-0.0244,-0.1915,0.194,0.9621,25.5,0.0002,2.053,1.561,1.1994,73.7,496.4,57.4,515.5,90.0,477.3,1015,0.49,11
1203,-121.789,-76.929,-30.322,0.7597,-0.6062,0.2352,0.6274,0.7782,-0.0272,-0.1665,0.1683,0.9716,25.5,0.0015,2.125,1.567,1.24012,75.2,497.7,59.4,517.2,91.0,478.1,1016,0.242,11
1204,-120.197,-78.165,-29.874,0.7819,-0.5909,0.1989,0.6059,0.795,-0.0299,-0.1405,0.1439,0.9796,25.5,0.002,2.094,1.571,1.25479,76.8,498.9,61.5,518.9,92.0,478.9,1017,0.016,11
1205,-118.56,-79.368,-29.501,0.8028,-0.5737,0.1624,0.5837,0.8113,-0.0324,-0.1131,0.1208,0.9862,25.5,0.0021,2.088,1.585,1.2611,78.4,500.1,63.6,520.5,93.0,479.7,1018,0.215,11
1206,-116.883,-80.535,-29.205,0.8209,-0.5576,0.1231,0.5608,0.8272,-0.0346,-0.0826,0.0974,0.9918,25.5,0.0051,2.226,1.602,1.28123,80.0,501.2,65.8,522.1,94.1,480.5,1019,0.428,11
1207,-115.17,-81.667,-28.99,0.839,-0.5373,0.0865,0.5372,0.8427,-0.0365,-0.0533,0.0771,0.9956,25.5,0.0052,2.054,1.621,1.26539,81.7,502.4,68.1,523.6,95.2,481.2,1020,0.633,11
1208,-113.418,-82.75,-28.845,0.858,-0.5107,0.0543,0.513,0.8575,-0.0382,-0.0271,0.0606,0.9978,25.5,0.0002,1.779,1.628,1.27338,83.4,503.4,70.4,525.0,96.3,481.9,1021,0.831,11
1209,-111.628,-83.776,-28.767,0.8747,-0.4842,0.0199,0.4884,0.8717,-0.0396,0.0019,0.0443,0.999,25.5,0.0043,1.907,1.63,1.29118,85.1,504.5,72.8,526.4,97.4,482.5,1022,1.022,11
1210,-109.806,-84.747,-28.76,0.8898,-0.4561,-0.0121,0.4635,0.8852,-0.0408,0.0293,0.0307,0.9991,25.5,0.0092,1.753,1.624,1.25399,86.9,505.4,75.2,527.7,98.6,483.2,1022,1.043,11
1211,-107.952,-85.655,-28.812,0.9057,-0.4223,-0.0378,0.4384,0.8978,-0.0419,0.0516,0.0214,0.9984,25.5,0.0195,1.385,1.61,1.25828,88.7,506.3,77.7,528.9,99.8,483.7,1023,0.859,11
1212,-106.066,-86.49,-28.917,0.9194,-0.3879,-0.0659,0.4132,0.9096,-0.0429,0.0766,0.0122,0.997,25.5,0.0299,1.528,1.595,1.28993,90.6,507.1,80.2,530.0,101.0,484.3,1024,0.682,11
1213,-104.156,-87.255,-29.081,0.9314,-0.3523,-0.0917,0.388,0.9206,-0.0438,0.0999,0.0053,0.995,25.5,0.0411,1.397,1.576,1.26468,92.5,507.9,82.7,531.0,102.3,484.7,1025,0.511,11
1214,-102.219,-87.941,-29.288,0.9444,-0.3107,-0.1075,0.3629,0.9308,-0.0448,0.1142,0.0033,0.9935,25.5,0.0583,0.832,1.553,1.2866,94.4,508.5,85.2,532.0,103.6,485.1,1026,0.344,11
1215,-100.256,-88.537,-29.524,0.9554,-0.2676,-0.1247,0.3379,0.9401,-0.0458,0.1299,0.0016,0.9915,25.5,0.077,0.912,1.529,1.32358,96.4,509.1,87.8,532.8,104.9,485.5,1027,0.178,11
1216,-98.275,-89.046,-29.8,0.964,-0.2258,-0.1405,0.3131,0.9486,-0.047,0.1445,0.0013,0.9895,25.5,0.0942,0.845,1.504,1.26287,98.3,509.6,90.4,533.5,106.2,485.8,1028,0.017,11
1217,-96.275,-89.467,-30.095,0.9731,-0.1807,-0.1428,0.2885,0.9562,-0.0483,0.1462,0.0058,0.9892,25.5,0.1149,0.276,1.477,1.2784,100.3,510.0,93.0,534.1,107.6,486.0,1029,0.18,11
1218,-94.256,-89.79,-30.385,0.9809,-0.133,-0.1417,0.2642,0.9632,-0.0498,0.1445,0.0116,0.9894,25.5,0.1381,0.346,1.452,1.34179,102.3,510.3,95.6,534.5,109.0,486.1,1030,0.383,11
1219,-92.226,-90.018,-30.682,0.9857,-0.0873,-0.1442,0.2401,0.9694,-0.0516,0.1461,0.0165,0.9891,25.5,0.1595,0.296,1.43,1.27712,104.3,510.5,98.2,534.9,110.4,486.2,1031,0.612,11
1220,-90.186,-90.151,-30.972,0.99,-0.0422,-0.1348,0.2163,0.9748,-0.0538,0.1359,0.0245,0.9904,25.5,0.1803,0.746,1.404,1.28404,106.3,510.6,100.8,535.1,111.8,486.1,1032,0.873,11
1221,-88.138,-90.192,-31.232,0.9929,0.0031,-0.1191,0.1929,0.9796,-0.0563,0.1189,0.0336,0.9923,25.5,0.2013,1.11,1.376,1.33296,108.4,510.7,103.5,535.3,113.3,486.0,1033,1.175,11
1222,-86.088,-90.139,-31.47,0.9928,0.048,-0.1101,0.1698,0.9837,-0.0592,0.1082,0.0411,0.9933,25.5,0.2223,0.751,1.354,1.27079,110.4,510.6,106.1,535.3,114.7,485.9,1033,0.89,11
1223,-84.038,-89.995,-31.68,0.9917,0.0909,-0.0912,0.1471,0.9871,-0.0625,0.0869,0.05,0.995,25.5,0.2413,1.326,1.329,1.30127,112.4,510.4,108.7,535.3,116.2,485.6,1034,0.539,11
1224,-81.993,-89.764,-31.84,0.9892,0.1326,-0.0629,0.1249,0.99,-0.0663,0.0554,0.0597,0.9967,25.5,0.259,1.891,1.301,1.40034,114.4,510.2,111.2,535.1,117.6,485.3,1035,0.134,11
1225,-79.956,-89.444,-31.95,0.9834,0.1763,-0.0433,0.1031,0.9922,-0.0705,0.0318,0.0676,0.9972,25.5,0.2794,1.426,1.278,1.33885,116.4,509.9,113.8,534.9,119.1,485.0,1036,0.325,11
1226,-77.932,-89.04,-32.015,0.9766,0.2141,-0.0186,0.0818,0.9938,-0.0753,0.0025,0.0753,0.9972,25.5,0.2941,1.736,1.254,1.26726,118.4,509.5,116.3,534.5,120.6,484.5,1037,0.839,11
1227,-75.923,-88.564,-32.024,0.9689,0.247,0.0116,0.061,0.9949,-0.0805,-0.033,0.0826,0.996,25.5,0.3039,2.078,1.23,1.25767,120.4,509.0,118.8,534.1,122.0,484.0,1037,1.226,11
1228,-73.932,-88.019,-31.97,0.9589,0.2809,0.0386,0.0407,0.9954,-0.0862,-0.066,0.0887,0.9939,25.5,0.3153,1.927,1.208,1.23437,122.4,508.5,121.3,533.6,123.5,483.5,1038,0.655,11
1229,-71.964,-87.405,-31.862,0.9472,0.3135,0.067,0.0208,0.9955,-0.0923,-0.1011,0.0939,0.9904,25.5,0.3256,2.043,1.193,1.24308,124.3,507.9,123.7,533.0,124.9,482.9,1039,0.027,11
1230,-70.022,-86.726,-31.69,0.9339,0.3433,0.0998,0.0015,0.9951,-0.0989,-0.1414,0.0981,0.9851,25.5,0.3331,2.341,1.169,1.28406,126.2,507.2,126.1,532.3,126.3,482.2,1040,0.679,11
1231,-68.109,-85.988,-31.448,0.9184,0.3722,0.1344,-0.0174,0.9942,-0.1058,-0.184,0.1008,0.9777,25.5,0.3398,2.482,1.154,1.32299,128.1,506.5,128.4,531.6,127.7,481.5,1040,1.386,11
1232,-66.23,-85.19,-31.137,0.9011,0.4006,0.166,-0.0357,0.9929,-0.1131,-0.224,0.1024,0.9692,25.5,0.3468,2.345,1.131,1.27305,129.9,505.7,130.7,530.8,129.1,480.8,1041,0.613,11
1233,-64.388,-84.336,-30.762,0.8833,0.4254,0.1972,-0.0535,0.9912,-0.1208,-0.2636,0.1027,0.9592,25.5,0.3506,2.34,1.116,1.21135,131.7,504.9,132.9,530.0,130.5,480.0,1042,0.242,11
1234,-62.582,-83.435,-30.324,0.8653,0.4465,0.2276,-0.0707,0.9892,-0.1288,-0.3018,0.1018,0.9479,25.5,0.3512,2.283,1.093,1.14198,133.5,504.1,135.1,529.1,131.8,479.1,1043,1.184,11
1235,-60.815,-82.492,-29.824,0.8463,0.4671,0.256,-0.0874,0.9867,-0.137,-0.3382,0.0999,0.9357,25.5,0.3518,2.202,1.076,1.10721,135.2,503.1,137.3,528.1,133.1,478.3,1043,0.882,11
1236,-59.088,-81.507,-29.267,0.8267,0.4863,0.2828,-0.1035,0.9839,-0.1454,-0.3728,0.0971,0.9228,25.5,0.3518,2.122,1.053,1.06442,136.9,502.2,139.3,527.1,134.4,477.4,1044,0.155,11
1237,-57.401,-80.484,-28.657,0.8068,0.504,0.3082,-0.1191,0.9809,-0.1539,-0.4057,0.0934,0.9092,25.5,0.3509,2.051,1.032,1.02131,138.5,501.2,141.4,526.1,135.6,476.5,1045,1.287,11
1238,-55.756,-79.427,-27.996,0.7867,0.5204,0.3322,-0.1342,0.9775,-0.1627,-0.4369,0.089,0.8951,25.5,0.3491,1.978,1.02,0.98073,140.1,500.2,143.4,525.0,136.9,475.5,1045,0.778,11
1239,-54.152,-78.336,-27.286,0.7665,0.5354,0.3548,-0.1487,0.9739,-0.1716,-0.4663,0.0839,0.8806,25.5,0.3466,1.901,0.996,0.93847,141.7,499.2,145.3,523.9,138.1,474.6,1046,0.455,11
1240,-52.59,-77.216,-26.532,0.7467,0.549,0.3755,-0.1627,0.97,-0.1806,-0.4934,0.0785,0.8663,25.5,0.3432,1.783,0.979,0.87986,143.2,498.1,147.1,522.7,139.2,473.6,1046,1.61,11
1241,-51.068,-76.07,-25.736,0.7274,0.5614,0.3947,-0.1761,0.9659,-0.1896,-0.5185,0.0727,0.852,25.5,0.3393,1.688,0.954,0.83013,144.7,497.0,149.0,521.5,140.4,472.6,1047,0.274,11
1242,-49.586,-74.898,-24.902,0.7082,0.5729,0.4126,-0.1891,0.9617,-0.1987,-0.5419,0.0665,0.8378,25.5,0.3351,1.608,0.94,0.79516,146.1,495.9,150.7,520.3,141.5,471.5,1048,1.169,11
1243,-48.144,-73.705,-24.031,0.6884,0.5829,0.4318,-0.2015,0.9572,-0.2078,-0.566,0.0593,0.8223,25.5,0.3295,1.693,0.918,0.81408,147.5,494.7,152.4,519.1,142.6,470.5,1048,0.896,11
1244,-46.743,-72.491,-23.121,0.669,0.5926,0.4486,-0.2135,0.9526,-0.2169,-0.5876,0.0521,0.8075,25.5,0.3244,1.556,0.902,0.76132,148.9,493.6,154.1,517.8,143.6,469.4,1049,0.655,11
1245,-45.38,-71.258,-22.18,0.6509,0.6022,0.4623,-0.2251,0.9478,-0.2259,-0.606,0.0454,0.7941,25.5,0.3198,1.36,0.885,0.68389,150.2,492.4,155.7,516.6,144.7,468.4,1049,1.411,11
1246,-44.053,-70.004,-21.214,0.6343,0.6115,0.473,-0.2362,0.9429,-0.2349,-0.6214,0.0393,0.7825,25.5,0.3157,1.159,0.866,0.60572,151.5,491.2,157.3,515.3,145.7,467.3,1050,0.251,11
1247,-42.759,-68.732,-20.229,0.6195,0.6205,0.4808,-0.2469,0.9378,-0.2439,-0.6339,0.0341,0.7727,25.5,0.3117,0.958,0.853,0.52714,152.7,490.0,158.8,513.9,146.7,466.2,1050,1.816,11
1248,-41.5,-67.445,-19.218,0.6003,0.626,0.4978,-0.2572,0.9327,-0.2527,-0.6533,0.0248,0.7567,25.5,0.3037,1.536,0.829,0.72772,153.9,488.7,160.3,512.6,147.6,465.0,1051,0.048,11
1249,-40.277,-66.146,-18.178,0.5848,0.6321,0.5085,-0.2672,0.9275,-0.2615,-0.667,0.0178,0.7449,25.5,0.297,1.111,0.819,0.54931,155.1,487.5,161.7,511.2,148.6,463.9,1052,1.819,11
1250,-39.083,-64.834,-17.122,0.5726,0.639,0.5136,-0.2769,0.9221,-0.2702,-0.6757,0.0131,0.7371,25.5,0.2919,0.722,0.808,0.41386,156.3,486.2,163.2,509.8,149.5,462.8,1052,0.247,11
1251,-37.91,-63.507,-16.06,0.5635,0.6469,0.5139,-0.2862,0.9167,-0.2787,-0.6803,0.0104,0.7329,25.5,0.2885,0.389,0.785,0.33447,157.4,484.9,164.5,508.5,150.4,461.6,1053,1.695,11
1252,-36.754,-62.162,-15.002,0.557,0.6558,0.5096,-0.2953,0.9112,-0.2872,-0.6813,0.0099,0.7319,25.5,0.2867,0.086,0.78,0.32823,158.5,483.6,165.9,507.0,151.3,460.4,1053,0.372,11
1253,-35.608,-60.798,-13.958,0.5529,0.6658,0.501,-0.3041,0.9057,-0.2955,-0.679,0.0115,0.734,25.5,0.2868,0.201,0.761,0.38324,159.7,482.3,167.2,505.6,152.1,459.3,1054,1.623,11
1254,-34.478,-59.415,-12.922,0.5412,0.6728,0.5044,-0.3126,0.9,-0.3037,-0.6864,0.007,0.7272,25.5,0.2832,0.631,0.751,0.38991,160.8,481.0,168.6,504.1,153.0,458.1,1054,0.442,11
1255,-33.371,-58.02,-11.878,0.5317,0.6792,0.506,-0.321,0.8943,-0.3118,-0.6917,0.0035,0.7222,25.5,0.279,0.463,0.744,0.32095,161.8,479.6,169.9,502.6,153.9,456.8,1055,1.584,11
1256,-32.28,-56.61,-10.835,0.5251,0.686,0.5036,-0.3291,0.8885,-0.3197,-0.6937,0.0022,0.7203,25.5,0.2757,0.175,0.728,0.27122,162.9,478.3,171.1,501.1,154.8,455.6,1055,0.482,11
1257,-31.2,-55.186,-9.8,0.5211,0.6934,0.4976,-0.3371,0.8827,-0.3275,-0.6927,0.0031,0.7212,25.5,0.2734,0.093,0.721,0.28668,164.0,476.9,172.4,499.6,155.6,454.4,1056,1.553,11
1258,-30.126,-53.745,-8.782,0.5195,0.7017,0.4875,-0.3449,0.8768,-0.3351,-0.6887,0.0062,0.725,25.5,0.2727,0.363,0.71,0.36542,165.0,475.5,173.7,498.1,156.5,453.1,1056,0.513,11
1259,-29.053,-52.287,-7.79,0.5204,0.7112,0.4727,-0.3525,0.8708,-0.3426,-0.6814,0.0122,0.7318,25.5,0.2739,0.667,0.702,0.48867,166.1,474.1,174.9,496.5,157.3,451.8,1057,1.509,11
1260,-27.975,-50.807,-6.834,0.5238,0.7221,0.4518,-0.3599,0.8648,-0.35,-0.6699,0.0216,0.7422,25.5,0.2778,1.039,0.691,0.66062,167.1,472.6,176.2,494.9,158.2,450.5,1057,0.557,11
1261,-26.897,-49.305,-5.916,0.5202,0.7325,0.4392,-0.3673,0.8588,-0.3572,-0.6657,0.0255,0.7458,25.5,0.2811,0.388,0.684,0.46431,168.2,471.1,177.4,493.3,159.0,449.2,1058,1.432,11
1262,-25.826,-47.782,-5.022,0.5172,0.7425,0.4256,-0.3745,0.8527,-0.3642,-0.6607,0.0302,0.75,25.5,0.2844,0.461,0.673,0.47574,169.2,469.6,178.7,491.7,159.9,447.8,1058,0.634,11
1263,-24.759,-46.239,-4.16,0.5162,0.7524,0.4092,-0.3815,0.8466,-0.3711,-0.6534,0.037,0.7561,25.5,0.2882,0.67,0.663,0.5323,170.3,468.1,179.9,490.0,160.8,446.5,1059,1.306,11
1264,-23.693,-44.675,-3.334,0.5175,0.7617,0.3898,-0.3884,0.8405,-0.3778,-0.6435,0.0461,0.7641,25.5,0.2919,0.896,0.653,0.59809,171.4,466.6,181.2,488.3,161.6,445.1,1059,0.76,11
1265,-22.621,-43.093,-2.552,0.521,0.7704,0.3675,-0.3952,0.8343,-0.3843,-0.6309,0.0576,0.7737,25.5,0.2956,1.122,0.646,0.6713,172.4,465.0,182.4,486.6,162.5,443.7,1060,1.121,11
1266,-21.539,-41.494,-1.819,0.5267,0.7781,0.3423,-0.4018,0.8282,-0.3907,-0.6157,0.0715,0.7847,25.5,0.2991,1.338,0.632,0.74807,173.5,463.5,183.7,484.9,163.4,442.2,1060,0.945,11
1267,-20.452,-39.878,-1.134,0.5263,0.7874,0.3209,-0.4083,0.822,-0.3968,-0.6051,0.0817,0.7919,25.5,0.305,0.938,0.622,0.64755,174.6,461.9,184.9,483.1,164.3,440.8,1061,0.87,11
1268,-19.365,-38.243,-0.495,0.5274,0.7957,0.2979,-0.4147,0.8159,-0.4028,-0.5929,0.0935,0.7998,25.5,0.3105,1.073,0.612,0.67919,175.6,460.2,186.2,481.4,165.2,439.3,1061,1.195,11
1269,-18.273,-36.593,0.095,0.53,0.8027,0.2733,-0.4209,0.8099,-0.4086,-0.5788,0.107,0.8084,25.5,0.3154,1.222,0.596,0.71336,176.7,458.6,187.4,479.6,166.2,437.8,1062,0.548,11
1270,-17.175,-34.929,0.632,0.5342,0.8086,0.2465,-0.4269,0.8039,-0.4141,-0.5626,0.1224,0.8176,25.5,0.3199,1.385,0.579,0.77037,177.8,456.9,188.7,477.8,167.1,436.4,1062,1.518,11
1271,-16.066,-33.254,1.112,0.54,0.8131,0.2172,-0.4328,0.7979,-0.4195,-0.5437,0.1401,0.8275,25.5,0.3239,1.588,0.573,0.83817,178.9,455.3,189.9,476.0,168.0,434.8,1063,0.148,11
1272,-14.946,-31.57,1.53,0.543,0.8183,0.1885,-0.4385,0.7921,-0.4246,-0.5262,0.1567,0.8358,25.5,0.33,1.462,0.55,0.8137,180.0,453.6,191.2,474.1,169.0,433.3,1064,1.732,11
1273,-13.823,-29.875,1.889,0.5453,0.823,0.1591,-0.4441,0.7863,-0.4295,-0.5082,0.1737,0.8435,25.5,0.3366,1.486,0.541,0.82863,181.2,451.9,192.5,472.3,170.0,431.8,1064,0.334,11
1274,-12.693,-28.173,2.184,0.5494,0.8259,0.1267,-0.4494,0.7807,-0.4342,-0.4871,0.1933,0.8517,25.5,0.3429,1.716,0.517,0.90982,182.3,450.2,193.8,470.4,171.0,430.2,1065,1.166,11
1275,-11.553,-26.466,2.41,0.5552,0.8267,0.0911,-0.4546,0.7752,-0.4386,-0.4622,0.2156,0.8601,25.5,0.3485,1.975,0.502,1.00121,183.4,448.5,195.0,468.6,172.0,428.7,1065,0.899,11
1276,-10.399,-24.76,2.558,0.5628,0.825,0.0519,-0.4596,0.7699,-0.4428,-0.4332,0.2409,0.8685,25.5,0.3535,2.257,0.482,1.10907,184.6,446.8,196.3,466.7,173.0,427.1,1066,0.514,11
1277,-9.233,-23.057,2.624,0.5655,0.8246,0.0113,-0.4643,0.7647,-0.4468,-0.4047,0.2655,0.8751,25.5,0.363,2.19,0.462,1.12911,185.8,445.1,197.6,464.9,174.0,425.5,1066,1.551,11
1278,-8.062,-21.357,2.604,0.5692,0.8217,-0.0301,-0.4689,0.7597,-0.4505,-0.374,0.2913,0.8805,25.5,0.3709,2.318,0.443,1.15638,186.9,443.4,198.9,463.1,175.1,424.0,1067,0.223,12
1279,-6.881,-19.666,2.501,0.5752,0.8151,-0.0694,-0.4733,0.755,-0.454,-0.3425,0.3171,0.8844,25.5,0.3747,2.344,0.42,1.11838,188.1,441.7,200.2,461.2,176.1,422.4,1068,1.027,12
1280,-5.685,-17.993,2.321,0.5831,0.8057,-0.1039,-0.4773,0.7504,-0.4572,-0.3131,0.3409,0.8864,25.5,0.3738,2.17,0.394,1.01622,189.3,440.0,201.5,459.4,177.2,420.9,1068,1.038,12
1281,-4.474,-16.339,2.074,0.5865,0.7981,-0.1384,-0.4811,0.7461,-0.4602,-0.2851,0.3633,0.887,25.5,0.377,2.055,0.371,0.9848,190.5,438.4,202.9,457.6,178.3,419.3,1069,0.144,12
1282,-3.265,-14.697,1.75,0.5856,0.7917,-0.1739,-0.4847,0.7421,-0.4631,-0.2573,0.385,0.8863,25.5,0.3842,2.021,0.35,1.00139,191.7,436.7,204.2,455.9,179.5,417.8,1070,1.26,12
1283,-2.052,-13.072,1.361,0.5904,0.7817,-0.201,-0.4879,0.7383,-0.4657,-0.2334,0.4037,0.8846,25.5,0.3827,1.742,0.321,0.81247,192.9,435.1,205.5,454.1,180.6,416.3,1070,0.807,12
1284,-0.823,-11.47,0.925,0.6002,0.7689,-0.2204,-0.4908,0.7348,-0.4682,-0.2134,0.4196,0.8823,25.5,0.3736,1.47,0.297,0.69999,194.2,433.5,206.8,452.4,181.7,414.8,1071,0.252,12
1285,0.43,-9.898,0.455,0.6145,0.7537,-0.2331,-0.4933,0.7316,-0.4705,-0.1972,0.4328,0.8797,25.5,0.3579,1.207,0.267,0.67784,195.4,431.9,208.1,450.8,182.9,413.3,1072,1.235,12
1286,1.717,-8.359,-0.034,0.6324,0.7366,-0.2397,-0.4956,0.7287,-0.4727,-0.1843,0.4436,0.8771,25.5,0.3366,0.975,0.247,0.71086,196.7,430.4,209.5,449.1,184.2,411.8,1072,0.831,12
1287,3.028,-6.854,-0.561,0.6381,0.7214,-0.2691,-0.4975,0.726,-0.4748,-0.1561,0.4634,0.8723,25.5,0.3341,1.993,0.224,0.93228,198.0,428.9,210.8,447.5,185.4,410.4,1073,0.097,12
1288,4.353,-5.378,-1.137,0.6449,0.7085,-0.2865,-0.4991,0.7236,-0.4768,-0.1381,0.4768,0.8681,25.5,0.3274,1.308,0.201,0.62973,199.4,427.4,212.2,446.0,186.7,409.0,1074,0.928,12
1289,5.693,-3.927,-1.738,0.6532,0.6974,-0.2949,-0.5003,0.7215,-0.4787,-0.1277,0.4853,0.865,25.5,0.3175,0.79,0.176,0.44975,200.7,425.9,213.6,444.5,188.0,407.6,1074,1.142,12
1290,7.052,-2.497,-2.349,0.6633,0.6876,-0.2955,-0.5012,0.7196,-0.4806,-0.1237,0.4901,0.8629,25.5,0.3044,0.378,0.162,0.39079,202.0,424.5,214.9,443.0,189.3,406.3,1075,0.396,12
1291,8.434,-1.086,-2.954,0.6755,0.6785,-0.2886,-0.5017,0.7181,-0.4824,-0.1254,0.4914,0.8619,25.5,0.2876,0.135,0.137,0.46368,203.4,423.1,216.3,441.5,190.7,404.9,1076,0.283,12
1292,9.844,0.306,-3.536,0.6904,0.6697,-0.2736,-0.5019,0.7168,-0.4841,-0.1329,0.4892,0.862,25.5,0.266,0.448,0.123,0.63533,204.8,421.7,217.8,440.1,192.1,403.6,1077,0.855,12
1293,11.288,1.68,-4.077,0.7085,0.6604,-0.2488,-0.5017,0.7157,-0.4859,-0.147,0.483,0.8632,25.5,0.2381,0.885,0.121,0.89022,206.3,420.3,219.2,438.6,193.5,402.3,1077,1.211,12
1294,12.771,3.021,-4.589,0.7277,0.6396,-0.2477,-0.5011,0.7149,-0.4876,-0.1379,0.4903,0.8606,25.5,0.2134,0.685,0.113,0.7863,207.7,419.0,220.7,437.3,195.0,400.9,1078,0.711,12
1295,14.29,4.324,-5.096,0.743,0.6239,-0.2423,-0.5002,0.7144,-0.4893,-0.1346,0.494,0.859,25.5,0.1926,0.298,0.114,0.62644,209.2,417.7,222.2,435.9,196.5,399.7,1079,0.288,12
1296,15.838,5.601,-5.585,0.7551,0.6136,-0.2308,-0.4989,0.7141,-0.491,-0.1386,0.4935,0.8586,25.5,0.1748,0.232,0.124,0.54423,210.8,416.4,223.7,434.7,198.1,398.4,1080,0.092,12
1297,17.407,6.863,-6.044,0.7643,0.6089,-0.2124,-0.4973,0.7142,-0.4926,-0.1502,0.4884,0.8596,25.5,0.1594,0.728,0.13,0.5855,212.3,415.2,225.2,433.4,199.7,397.2,1081,0.372,12
1298,18.992,8.12,-6.457,0.7704,0.6099,-0.1857,-0.4953,0.7144,-0.4943,-0.1706,0.4779,0.8617,25.5,0.1459,1.32,0.151,0.7605,213.9,413.9,226.7,432.1,201.3,395.9,1082,0.607,12
1299,20.586,9.386,-6.804,0.7727,0.6173,-0.1482,-0.4929,0.7149,-0.4959,-0.202,0.4603,0.8645,25.5,0.1339,2.069,0.168,1.06269,215.5,412.6,228.3,430.9,202.9,394.7,1083,0.792,12
1300,22.183,10.669,-7.064,0.7766,0.6209,-0.1067,-0.4902,0.7157,-0.4975,-0.2341,0.4416,0.8661,25.5,0.1168,2.131,0.186,1.16085,217.1,411.4,229.8,429.6,204.6,393.4,1084,0.933,12
1301,23.794,11.947,-7.246,0.7838,0.6172,-0.069,-0.4871,0.7167,-0.499,-0.2597,0.4266,0.8663,25.5,0.095,1.7,0.205,1.07008,218.7,410.1,231.3,428.3,206.2,392.1,1085,1.03,12
1302,25.417,13.22,-7.348,0.7871,0.6161,-0.0293,-0.4838,0.718,-0.5005,-0.2881,0.4093,0.8657,25.5,0.0762,1.906,0.221,1.10599,220.3,408.8,232.9,427.1,207.9,390.8,1085,1.035,12
1303,27.042,14.493,-7.367,0.7861,0.618,0.0101,-0.4801,0.7194,-0.5019,-0.3181,0.3904,0.8639,25.5,0.0621,2.034,0.24,1.09509,221.9,407.6,234.4,425.9,209.6,389.5,1086,0.98,12
1304,28.66,15.774,-7.308,0.7807,0.6232,0.0469,-0.4762,0.7211,-0.5032,-0.3479,0.3711,0.861,25.5,0.054,2.041,0.255,1.04224,223.5,406.3,235.9,424.6,211.3,388.2,1087,0.968,12
1305,30.267,17.064,-7.173,0.7765,0.6244,0.0849,-0.4721,0.7229,-0.5045,-0.3767,0.352,0.8569,25.5,0.042,1.994,0.267,1.06136,225.1,405.0,237.4,423.4,213.0,386.9,1089,0.991,12
1306,31.866,18.352,-6.957,0.7715,0.624,0.1243,-0.4678,0.7249,-0.5057,-0.4058,0.3321,0.8515,25.5,0.0286,2.044,0.28,1.10221,226.7,403.7,238.9,422.1,214.7,385.6,1090,0.872,12
1307,33.452,19.641,-6.66,0.7642,0.624,0.1631,-0.4633,0.727,-0.5068,-0.4349,0.3118,0.8448,25.5,0.0169,2.069,0.291,1.09555,228.3,402.4,240.4,420.9,216.4,384.2,1091,0.706,12
1308,35.02,20.93,-6.284,0.7547,0.6246,0.2006,-0.4587,0.7291,-0.5079,-0.4635,0.2913,0.8369,25.5,0.0073,2.066,0.296,1.07373,229.9,401.1,241.9,419.7,218.1,382.9,1092,0.494,12
1309,36.568,22.221,-5.832,0.744,0.6249,0.2368,-0.454,0.7314,-0.5089,-0.4911,0.2711,0.8278,25.5,0.0012,2.028,0.305,1.04747,231.4,399.9,243.3,418.4,219.7,381.6,1093,0.233,12
1310,38.094,23.507,-5.305,0.7341,0.6214,0.2739,-0.4493,0.7337,-0.5098,-0.5178,0.2512,0.8178,25.5,0.0135,1.992,0.304,1.06997,233.0,398.6,244.8,417.2,221.4,380.2,1094,0.078,12
1311,39.598,24.788,-4.703,0.7222,0.6192,0.3081,-0.4444,0.736,-0.5107,-0.5431,0.232,0.807,25.5,0.0226,1.922,0.314,1.00674,234.5,397.3,246.2,416.0,223.0,378.9,1095,0.443,12
1312,41.076,26.065,-4.035,0.709,0.6184,0.3389,-0.4394,0.7385,-0.5115,-0.5668,0.2138,0.7956,25.5,0.0282,1.833,0.324,0.93021,236.0,396.0,247.5,414.7,224.6,377.5,1097,0.723,12
1313,42.525,27.343,-3.306,0.6948,0.619,0.3661,-0.4342,0.741,-0.5122,-0.5886,0.197,0.7841,25.5,0.0305,1.709,0.333,0.85165,237.4,394.7,248.9,413.5,226.2,376.2,1098,0.181,12
1314,43.945,28.622,-2.525,0.6806,0.6193,0.3916,-0.4289,0.7438,-0.5127,-0.6091,0.1811,0.7722,25.5,0.032,1.635,0.345,0.80987,238.9,393.4,250.2,412.3,227.7,374.8,1099,0.428,12
1315,45.336,29.897,-1.687,0.667,0.6157,0.4195,-0.4233,0.7466,-0.5132,-0.6296,0.1649,0.7592,25.5,0.0379,1.672,0.36,0.86708,240.3,392.1,251.5,411.1,229.3,373.5,1101,0.205,12
1316,46.7,31.166,-0.796,0.6535,0.6137,0.443,-0.4178,0.7493,-0.5138,-0.6478,0.1508,0.7467,25.5,0.0408,1.501,0.353,0.75415,241.7,390.8,252.7,409.9,230.8,372.1,1103,0.562,13
1317,48.036,32.433,0.14,0.6405,0.6134,0.4621,-0.4125,0.7517,-0.5145,-0.6635,0.139,0.7352,25.5,0.0409,1.304,0.336,0.6412,243.0,389.6,254.0,408.6,232.2,370.8,1104,0.389,13
1318,49.345,33.7,1.11,0.6283,0.6146,0.477,-0.4076,0.7537,-0.5156,-0.6768,0.1296,0.7246,25.5,0.0388,1.113,0.31,0.53539,244.4,388.3,255.2,407.4,233.7,369.4,1106,0.394,13
1319,50.631,34.972,2.107,0.6172,0.6172,0.4881,-0.4034,0.7549,-0.5171,-0.688,0.1224,0.7153,25.5,0.0355,0.931,0.265,0.4415,245.7,387.0,256.4,406.1,235.1,368.1,1109,0.251,13
1320,51.894,36.25,3.125,0.6036,0.6201,0.5011,-0.3999,0.7553,-0.5193,-0.7009,0.1132,0.7043,25.5,0.0332,1.105,0.238,0.52808,247.0,385.7,257.7,404.9,236.5,366.8,1111,0.216,13
1321,53.122,37.531,4.18,0.5863,0.621,0.5201,-0.3973,0.7547,-0.5222,-0.7173,0.0996,0.6896,25.5,0.0359,1.483,0.226,0.71355,248.2,384.4,258.9,403.5,237.8,365.5,1114,0.091,13
1322,54.319,38.814,5.269,0.5741,0.6214,0.5332,-0.3955,0.7532,-0.5256,-0.7288,0.091,0.6787,25.5,0.0393,1.033,0.237,0.49683,249.5,383.1,260.1,402.2,239.0,364.2,1117,0.114,13
1323,55.496,40.098,6.379,0.5662,0.6215,0.5415,-0.3944,0.751,-0.5295,-0.7365,0.0863,0.6709,25.5,0.0433,0.683,0.264,0.31793,250.7,381.8,261.3,400.8,240.3,363.0,1120,0.191,13
1324,56.66,41.381,7.502,0.562,0.6215,0.5457,-0.3939,0.7483,-0.5338,-0.741,0.0851,0.6661,25.5,0.0476,0.383,0.292,0.16481,251.9,380.4,262.5,399.4,241.5,361.7,1123,0.337,13
1325,57.819,42.664,8.631,0.5614,0.6215,0.5464,-0.394,0.7451,-0.5382,-0.7427,0.087,0.664,25.5,0.0522,0.189,0.312,0.02555,253.1,379.1,263.7,398.0,242.6,360.5,1125,0.272,13
1326,58.98,43.948,9.757,0.5639,0.6215,0.5438,-0.3944,0.7415,-0.5428,-0.7418,0.0917,0.6644,25.5,0.0567,0.275,0.335,0.10008,254.3,377.8,265.0,396.6,243.8,359.3,1128,0.142,13
1327,60.15,45.231,10.874,0.5696,0.6213,0.538,-0.3952,0.7378,-0.5473,-0.7384,0.0993,0.6671,25.5,0.0612,0.501,0.337,0.2257,255.5,376.5,266.2,395.2,245.0,358.1,1130,0.306,13
1328,61.335,46.513,11.976,0.5775,0.6209,0.53,-0.3962,0.734,-0.5516,-0.7331,0.1088,0.6714,25.5,0.0654,0.67,0.334,0.31227,256.7,375.2,267.5,393.8,246.2,356.8,1133,0.312,13
1329,62.524,47.793,13.078,0.5742,0.6186,0.5363,-0.3974,0.7303,-0.5557,-0.7374,0.1063,0.667,25.5,0.0744,0.38,0.324,0.20742,258.0,373.9,268.8,392.4,247.4,355.6,1135,0.201,13
1330,63.708,49.069,14.189,0.5727,0.6172,0.5394,-0.3987,0.7266,-0.5595,-0.7398,0.1058,0.6645,25.5,0.0817,0.201,0.313,0.10312,259.2,372.5,270.1,391.0,248.5,354.4,1137,0.312,13
1331,64.89,50.343,15.304,0.5728,0.6167,0.5399,-0.4,0.7231,-0.5631,-0.7405,0.107,0.6635,25.5,0.0872,0.098,0.297,0.01981,260.4,371.2,271.3,389.6,249.7,353.2,1138,0.587,13
1332,66.075,51.616,16.418,0.5744,0.617,0.5379,-0.4014,0.7197,-0.5664,-0.7397,0.1099,0.6639,25.5,0.0912,0.174,0.283,0.07154,261.7,369.9,272.6,388.2,250.9,352.0,1140,0.148,13
1333,67.264,52.892,17.524,0.5774,0.618,0.5335,-0.4029,0.7165,-0.5695,-0.7374,0.1144,0.6656,25.5,0.0937,0.305,0.269,0.15033,262.9,368.6,273.9,386.8,252.1,350.7,1141,0.51,14
1334,68.46,54.17,18.619,0.582,0.6198,0.5264,-0.4043,0.7134,-0.5723,-0.7336,0.1208,0.6688,25.5,0.0944,0.464,0.252,0.24002,264.2,367.3,275.3,385.3,253.3,349.5,1143,0.868,14
1335,69.669,55.452,19.696,0.5882,0.6224,0.5164,-0.4057,0.7106,-0.5749,-0.7279,0.1292,0.6734,25.5,0.0932,0.639,0.233,0.33425,265.4,365.9,276.6,383.9,254.5,348.2,1144,0.7,14
1336,70.891,56.741,20.749,0.5963,0.6258,0.5028,-0.407,0.7079,-0.5773,-0.7201,0.1401,0.6796,25.5,0.09,0.846,0.22,0.44934,266.7,364.6,277.9,382.5,255.7,347.0,1145,0.658,14
1337,72.133,58.038,21.77,0.6066,0.6302,0.4847,-0.4083,0.7054,-0.5794,-0.7096,0.1541,0.6876,25.5,0.084,1.102,0.201,0.59036,268.0,363.3,279.3,381.1,257.0,345.7,1146,0.737,14
1338,73.395,59.344,22.75,0.6142,0.6356,0.4677,-0.4094,0.7032,-0.5813,-0.7004,0.166,0.6941,25.5,0.0764,0.939,0.178,0.53823,269.3,361.9,280.6,379.7,258.2,344.4,1147,0.941,14
1339,74.667,60.662,23.704,0.6181,0.6405,0.4558,-0.4104,0.7012,-0.583,-0.6947,0.1737,0.698,25.5,0.0703,0.593,0.161,0.3731,270.7,360.5,282.0,378.3,259.5,343.1,1147,1.124,14
1340,75.949,61.988,24.632,0.624,0.6439,0.4427,-0.4113,0.6995,-0.5845,-0.6875,0.183,0.7028,25.5,0.065,0.728,0.14,0.40964,272.0,359.2,283.4,376.9,260.8,341.7,1148,0.802,14
1341,77.246,63.32,25.531,0.6319,0.6459,0.4283,-0.4121,0.6979,-0.5858,-0.6785,0.194,0.7085,25.5,0.0605,0.877,0.127,0.45913,273.4,357.8,284.8,375.4,262.1,340.4,1149,0.36,14
1342,78.561,64.655,26.4,0.6422,0.6462,0.4123,-0.4128,0.6964,-0.587,-0.6676,0.2071,0.7152,25.5,0.0571,1.049,0.117,0.52811,274.7,356.4,286.2,374.0,263.5,339.1,1150,0.205,14
1343,79.9,65.988,27.233,0.655,0.6446,0.3942,-0.4135,0.6951,-0.5881,-0.6541,0.2225,0.7229,25.5,0.0546,1.254,0.105,0.61679,276.1,355.0,287.6,372.6,264.8,337.7,1151,0.869,14
1344,81.268,67.315,28.026,0.6709,0.6406,0.3736,-0.4142,0.6939,-0.5891,-0.6375,0.2408,0.7318,25.5,0.0535,1.505,0.098,0.73039,277.6,353.6,289.1,371.2,266.2,336.4,1151,1.197,14
1345,82.672,68.631,28.774,0.69,0.6336,0.3498,-0.4148,0.6927,-0.59,-0.617,0.2624,0.7419,25.5,0.0537,1.802,0.093,0.86892,279.0,352.3,290.6,369.8,267.6,335.0,1152,0.444,14
1346,84.112,69.936,29.471,0.7044,0.6305,0.3259,-0.4155,0.6915,-0.5909,-0.5986,0.2812,0.7501,25.5,0.0493,1.579,0.095,0.77915,280.5,350.9,292.1,368.4,269.1,333.7,1153,0.378,14
1347,85.582,71.234,30.118,0.7197,0.6261,0.3,-0.4162,0.6904,-0.5917,-0.5782,0.3013,0.7582,25.5,0.0448,1.705,0.088,0.84367,282.0,349.6,293.7,367.0,270.6,332.4,1154,1.255,14
1348,87.086,72.521,30.709,0.7362,0.6197,0.2719,-0.4169,0.6893,-0.5925,-0.5551,0.3231,0.7665,25.5,0.0409,1.881,0.088,0.92142,283.6,348.2,295.3,365.6,272.1,331.1,1154,0.811,14
1349,88.624,73.792,31.239,0.7538,0.6111,0.2415,-0.4176,0.6883,-0.5932,-0.5291,0.3466,0.7746,25.5,0.0374,2.061,0.081,1.00362,285.2,346.9,296.9,364.3,273.7,329.8,1155,0.11,14
1350,90.199,75.043,31.704,0.7725,0.5998,0.2085,-0.4183,0.6873,-0.5939,-0.4998,0.3718,0.7823,25.5,0.0347,2.258,0.081,1.09836,286.8,345.6,298.6,362.9,275.3,328.6,1156,1.064,14
1351,91.814,76.268,32.098,0.7912,0.5867,0.1725,-0.419,0.6863,-0.5945,-0.4674,0.3983,0.7892,25.5,0.0314,2.431,0.078,1.18308,288.5,344.3,300.3,361.6,276.9,327.3,1156,1.001,14
1352,93.467,77.465,32.414,0.8093,0.5723,0.1325,-0.4197,0.6854,-0.595,-0.4315,0.4261,0.7952,25.5,0.0262,2.624,0.071,1.28218,290.2,343.1,302.0,360.4,278.6,326.1,1157,0.017,14
1353,95.156,78.629,32.644,0.8267,0.5552,0.0908,-0.4204,0.6846,-0.5955,-0.3929,0.4543,0.7995,25.5,0.0215,2.75,0.067,1.34091,291.9,341.9,303.8,359.2,280.3,325.0,1158,0.995,14
1354,96.88,79.756,32.79,0.8422,0.5367,0.0506,-0.421,0.6838,-0.596,-0.3545,0.4807,0.802,25.5,0.0177,2.674,0.064,1.30134,293.7,340.8,305.6,358.0,282.0,323.8,1158,1.07,14
1355,98.632,80.846,32.856,0.8551,0.5183,0.0148,-0.4217,0.6831,-0.5963,-0.3192,0.5037,0.8027,25.5,0.0154,2.415,0.059,1.17315,295.5,339.7,307.4,356.8,283.7,322.8,1159,0.033,14
1356,100.41,81.897,32.848,0.8658,0.4998,-0.0232,-0.4223,0.6824,-0.5967,-0.2824,0.5265,0.8019,25.5,0.0107,2.481,0.058,1.20983,297.3,338.6,309.2,355.7,285.5,321.7,1160,1.025,14
1357,102.207,82.909,32.763,0.8749,0.4808,-0.0587,-0.423,0.6817,-0.597,-0.247,0.5471,0.7998,25.5,0.0073,2.35,0.059,1.1455,299.1,337.6,311.1,354.7,287.3,320.7,1160,1.04,14
1358,104.022,83.882,32.607,0.8825,0.4613,-0.0917,-0.4237,0.681,-0.5972,-0.2131,0.5659,0.7965,25.5,0.005,2.229,0.058,1.08437,300.9,336.6,313.0,353.7,289.1,319.8,1161,0.034,14
1359,105.851,84.814,32.385,0.889,0.4411,-0.1227,-0.4243,0.6804,-0.5975,-0.18,0.5833,0.7921,25.5,0.0038,2.157,0.052,1.04247,302.8,335.6,314.8,352.7,290.9,318.9,1162,1.107,14
1360,107.693,85.703,32.101,0.8947,0.4199,-0.1525,-0.4249,0.6799,-0.5977,-0.1473,0.5995,0.7867,25.5,0.0035,2.114,0.046,1.02715,304.6,334.7,316.7,351.8,292.8,318.0,1162,0.959,14
1361,109.544,86.55,31.755,0.8979,0.4005,-0.1825,-0.4255,0.6793,-0.5978,-0.1155,0.6145,0.7804,25.5,0.0009,2.047,0.049,0.99537,306.5,333.9,318.6,350.9,294.6,317.2,1163,0.111,14
1362,111.401,87.357,31.349,0.9004,0.3804,-0.2109,-0.4261,0.6788,-0.598,-0.0843,0.6283,0.7734,25.5,0.0007,1.996,0.046,0.96799,308.4,333.1,320.5,350.1,296.4,316.4,1164,1.158,14
1363,113.262,88.12,30.884,0.9023,0.3591,-0.2386,-0.4267,0.6784,-0.5981,-0.0529,0.6415,0.7653,25.5,0.0013,2.006,0.042,0.97108,310.2,332.3,322.4,349.3,298.3,315.7,1164,0.908,14
1364,115.127,88.838,30.363,0.9034,0.3359,-0.2664,-0.4272,0.678,-0.5982,-0.0203,0.6542,0.756,25.5,0.0012,2.074,0.037,1.00524,312.1,331.6,324.3,348.6,300.1,315.0,1165,0.111,14
1365,116.993,89.506,29.784,0.9038,0.31,-0.2951,-0.4277,0.6776,-0.5983,0.0145,0.6669,0.745,25.5,0.0001,2.214,0.037,1.07288,314.0,331.0,326.2,347.9,301.9,314.3,1166,1.083,14
1366,118.858,90.119,29.144,0.9023,0.2843,-0.324,-0.4281,0.6773,-0.5983,0.0494,0.6786,0.7328,25.5,0.0001,2.222,0.029,1.07404,315.8,330.4,328.1,347.3,303.8,313.8,1166,0.982,14
1367,120.718,90.68,28.446,0.8996,0.259,-0.3517,-0.4284,0.6771,-0.5984,0.0831,0.689,0.72,25.5,0.0004,2.15,0.021,1.04374,317.7,329.9,329.9,346.8,305.6,313.3,1167,0.062,14
1368,122.572,91.188,27.692,0.8957,0.2334,-0.3784,-0.4286,0.6769,-0.5984,0.1165,0.6982,0.7063,25.5,0.0005,2.135,0.016,1.03217,319.5,329.4,331.8,346.3,307.4,312.8,1168,0.813,14
1369,124.417,91.643,26.884,0.8908,0.2073,-0.4044,-0.4288,0.6767,-0.5985,0.1496,0.7065,0.6917,25.5,0.0003,2.127,0.017,1.03133,321.3,329.0,333.6,345.8,309.2,312.4,1168,1.252,14
1370,126.25,92.044,26.022,0.8847,0.1805,-0.4298,-0.4289,0.6767,-0.5985,0.1828,0.7138,0.6761,25.5,0.0001,2.143,0.005,1.03852,323.1,328.6,335.4,345.5,311.0,312.0,1169,0.426,14
1371,128.069,92.388,25.109,0.8772,0.1532,-0.4551,-0.4288,0.6767,-0.5985,0.2162,0.7202,0.6593,25.5,0.0001,2.173,0.005,1.05367,324.9,328.3,337.2,345.1,312.8,311.8,1170,0.356,14
1372,129.872,92.677,24.144,0.8685,0.1264,-0.4793,-0.4287,0.6767,-0.5985,0.2487,0.7253,0.6419,25.5,0.0001,2.132,0.005,1.03065,326.6,328.1,339.0,344.9,314.5,311.5,1171,1.093,14
1373,131.656,92.91,23.13,0.8588,0.0996,-0.5025,-0.4285,0.6768,-0.5985,0.2805,0.7294,0.624,25.5,0.0002,2.104,0.013,1.01981,328.4,327.9,340.7,344.7,316.3,311.3,1171,0.972,14
1374,133.418,93.088,22.069,0.848,0.0725,-0.525,-0.4283,0.677,-0.5985,0.312,0.7324,0.6052,25.5,0.0001,2.109,0.016,1.02234,330.1,327.8,342.4,344.6,318.0,311.2,1172,0.279,14
1375,135.157,93.209,20.962,0.8359,0.0448,-0.5471,-0.4279,0.6772,-0.5986,0.3437,0.7344,0.5852,25.5,0.0002,2.151,0.026,1.03908,331.8,327.7,344.1,344.5,319.6,311.2,1173,0.371,14
1376,136.869,93.272,19.81,0.8221,0.0161,-0.5691,-0.4275,0.6775,-0.5986,0.3759,0.7354,0.5639,25.5,0.0001,2.213,0.029,1.07414,333.4,327.7,345.7,344.5,321.3,311.2,1174,0.975,14
1377,138.552,93.276,18.613,0.8073,-0.0122,-0.59,-0.4271,0.6777,-0.5986,0.4071,0.7352,0.5419,25.5,0.0001,2.188,0.026,1.05914,335.0,327.7,347.3,344.5,322.9,311.2,1174,1.091,14
1378,140.202,93.222,17.374,0.7917,-0.0399,-0.6097,-0.4266,0.678,-0.5986,0.4372,0.734,0.5197,25.5,0.0002,2.144,0.033,1.03784,336.6,327.9,348.9,344.7,324.5,311.4,1175,0.534,14
1379,141.82,93.112,16.096,0.7751,-0.0673,-0.6283,-0.426,0.6783,-0.5986,0.4665,0.7317,0.4971,25.5,0.0003,2.124,0.038,1.02792,338.1,328.0,350.4,344.8,326.0,311.5,1176,0.027,14
1380,143.403,92.944,14.78,0.7574,-0.0948,-0.646,-0.4254,0.6787,-0.5987,0.4952,0.7283,0.4737,25.5,0.0002,2.131,0.041,1.0319,339.6,328.3,351.9,345.1,327.5,311.8,1177,0.447,14
1381,144.947,92.72,13.428,0.7384,-0.1226,-0.6631,-0.4248,0.679,-0.5987,0.5236,0.7238,0.4493,25.5,0.0001,2.161,0.038,1.0481,341.0,328.6,353.3,345.4,329.0,312.1,1178,0.872,14
1382,146.452,92.438,12.042,0.7184,-0.1501,-0.6792,-0.4241,0.6794,-0.5988,0.5513,0.7183,0.4244,25.5,0.0001,2.157,0.047,1.04402,342.4,328.9,354.7,345.7,330.4,312.4,1178,1.194,14
1383,147.914,92.101,10.624,0.6978,-0.1768,-0.6942,-0.4233,0.6798,-0.5989,0.5778,0.7117,0.3995,25.5,0.0002,2.118,0.052,1.0242,343.8,329.4,356.0,346.1,331.8,312.8,1179,0.812,14
1384,149.333,91.708,9.176,0.6762,-0.2033,-0.7081,-0.4225,0.6802,-0.599,0.6035,0.7042,0.3741,25.5,0.0002,2.115,0.052,1.02408,345.1,329.8,357.3,346.6,333.1,313.3,1180,0.474,14
1385,150.706,91.261,7.7,0.6534,-0.2298,-0.7213,-0.4216,0.6807,-0.5991,0.6286,0.6955,0.3479,25.5,0.0002,2.138,0.059,1.03693,346.4,330.3,358.5,347.1,334.4,313.8,1181,0.18,14
1386,152.03,90.759,6.197,0.6291,-0.2567,-0.7337,-0.4206,0.6812,-0.5992,0.6536,0.6856,0.3206,25.5,0.0002,2.196,0.064,1.06324,347.6,330.9,359.7,347.7,335.6,314.4,1182,0.069,14
1387,153.303,90.201,4.67,0.6038,-0.2835,-0.745,-0.4195,0.6818,-0.5993,0.6778,0.6744,0.2927,25.5,0.0001,2.211,0.072,1.06975,348.7,331.6,360.8,348.4,336.8,315.0,1183,0.269,14
1388,154.524,89.589,3.122,0.5782,-0.3092,-0.7551,-0.4184,0.6823,-0.5995,0.7006,0.6625,0.2652,25.5,0.0002,2.157,0.07,1.04488,349.8,332.3,361.9,349.1,337.9,315.7,1184,0.422,14
1389,155.691,88.925,1.553,0.5519,-0.3338,-0.7642,-0.4173,0.6829,-0.5996,0.7221,0.6498,0.2376,25.5,0.0,2.133,0.072,1.0307,350.8,333.0,362.9,349.8,339.0,316.5,1185,0.529,14
1390,156.802,88.211,-0.034,0.5248,-0.3578,-0.7724,-0.4161,0.6835,-0.5997,0.7425,0.6361,0.2098,25.5,0.0003,2.126,0.077,1.03,351.8,333.8,363.8,350.6,340.0,317.3,1186,0.588,14
1391,157.857,87.448,-1.636,0.4968,-0.3813,-0.7796,-0.415,0.6841,-0.5998,0.762,0.6216,0.1816,25.5,0.0006,2.133,0.072,1.03392,352.7,334.6,364.7,351.5,340.9,318.1,1187,0.601,14
1392,158.854,86.636,-3.252,0.4683,-0.4048,-0.7853,-0.414,0.6846,-0.5999,0.7805,0.6061,0.153,25.5,0.0001,2.144,0.064,1.03722,353.6,335.5,365.6,352.4,341.8,319.0,1188,0.566,14
1393,159.791,85.777,-4.879,0.4395,-0.4271,-0.7902,-0.413,0.6852,-0.6,0.7977,0.59,0.1247,25.5,0.0,2.11,0.067,1.01989,354.4,336.5,366.3,353.3,342.6,319.9,1189,0.482,14
1394,160.668,84.872,-6.515,0.4098,-0.4485,-0.7943,-0.412,0.6858,-0.5999,0.8138,0.5731,0.0963,25.5,0.0001,2.106,0.067,1.02217,355.1,337.4,367.0,354.3,343.4,320.9,1190,0.348,14
1395,161.483,83.925,-8.159,0.3789,-0.4692,-0.7976,-0.411,0.6866,-0.5997,0.8291,0.5551,0.0673,25.5,0.0004,2.143,0.074,1.03618,355.8,338.5,367.6,355.3,344.1,321.9,1191,0.161,14
1396,162.232,82.935,-9.809,0.3464,-0.4897,-0.8002,-0.4099,0.6876,-0.5993,0.8436,0.5356,0.0374,25.5,0.0009,2.208,0.088,1.06882,356.4,339.5,368.2,356.4,344.7,322.9,1192,0.078,14
1397,162.913,81.902,-11.462,0.3134,-0.5101,-0.801,-0.4089,0.6888,-0.5986,0.8571,0.5151,0.0073,25.5,0.0,2.226,0.098,1.07678,356.9,340.6,368.7,357.5,345.3,324.0,1193,0.37,14
1398,163.527,80.829,-13.116,0.2807,-0.5291,-0.8008,-0.4078,0.6902,-0.5978,0.869,0.4944,-0.022,25.5,0.0009,2.166,0.112,1.0495,357.3,341.8,369.1,358.7,345.8,325.1,1194,0.714,14
1399,164.073,79.718,-14.769,0.2481,-0.5468,-0.7997,-0.4066,0.6914,-0.5972,0.8794,0.4733,-0.0508,25.5,0.0014,2.131,0.103,1.02982,357.7,342.9,369.5,359.9,346.2,326.2,1196,0.504,14
1400,164.551,78.572,-16.418,0.2153,-0.5634,-0.7977,-0.4056,0.6923,-0.5968,0.8885,0.452,-0.0794,25.5,0.0013,2.109,0.08,1.02158,358.1,344.1,369.8,361.1,346.5,327.4,1197,0.004,14
1401,164.961,77.392,-18.062,0.182,-0.579,-0.7948,-0.4045,0.6928,-0.5969,0.8963,0.4301,-0.1081,25.5,0.0003,2.116,0.069,1.02361,358.3,345.4,370.0,362.4,346.8,328.7,1198,0.558,14
1402,165.301,76.18,-19.7,0.1472,-0.5944,-0.7906,-0.4036,0.6928,-0.5976,0.9029,0.407,-0.1379,25.5,0.0013,2.193,0.065,1.06242,358.5,346.6,370.2,363.6,347.1,329.9,1200,0.221,14
1403,165.57,74.938,-21.327,0.1138,-0.6085,-0.7854,-0.4027,0.6924,-0.5987,0.9081,0.3844,-0.1662,25.5,0.0031,2.096,0.085,1.0163,358.6,347.9,370.2,364.9,347.2,331.3,1201,0.507,14
1404,165.772,73.668,-22.942,0.0814,-0.6217,-0.779,-0.4017,0.6921,-0.5997,0.912,0.3618,-0.1934,25.5,0.0042,2.039,0.083,0.98692,358.7,349.3,370.3,366.2,347.3,332.6,1203,0.062,14
1405,165.907,72.371,-24.543,0.0494,-0.6342,-0.7716,-0.4007,0.692,-0.6004,0.9148,0.3388,-0.22,25.5,0.0046,2.021,0.07,0.97518,358.7,350.6,370.2,367.6,347.3,333.9,1205,0.174,14
1406,165.975,71.049,-26.128,0.0173,-0.6463,-0.7629,-0.3996,0.6926,-0.6005,0.9165,0.3152,-0.2463,25.5,0.0036,2.027,0.072,0.98211,358.6,352.0,370.1,368.9,347.3,335.3,1207,0.201,14
1407,165.978,69.699,-27.69,-0.0152,-0.6606,-0.7506,-0.3983,0.694,-0.5997,0.9171,0.2898,-0.2737,25.5,0.0023,2.141,0.119,1.04277,358.5,353.4,369.9,370.4,347.2,336.6,1209,0.026,14
1408,165.912,68.323,-29.229,-0.0483,-0.6714,-0.7395,-0.397,0.696,-0.5984,0.9164,0.2647,-0.3002,25.5,0.0056,2.092,0.156,1.01407,358.3,354.8,369.7,371.8,347.0,338.0,1211,0.335,14
1409,165.778,66.929,-30.745,-0.0816,-0.6787,-0.7298,-0.3957,0.698,-0.5968,0.9145,0.2401,-0.3256,25.5,0.0059,2.029,0.165,0.98362,358.0,356.2,369.4,373.3,346.8,339.4,1214,0.142,14
1410,165.575,65.523,-32.244,-0.1152,-0.6825,-0.7217,-0.3947,0.6997,-0.5956,0.9114,0.2163,-0.35,25.5,0.0022,1.961,0.132,0.96492,357.7,357.6,369.0,374.8,346.5,340.8,1217,0.247,14
1411,165.302,64.112,-33.727,-0.1487,-0.6829,-0.7152,-0.394,0.7006,-0.5949,0.9074,0.1933,-0.3732,25.5,0.0056,1.886,0.077,0.94703,357.3,359.1,368.6,376.2,346.1,342.2,1221,0.024,14
1412,164.964,62.7,-35.195,-0.1795,-0.6853,-0.7058,-0.3938,0.7004,-0.5953,0.9024,0.1711,-0.3956,25.5,0.0109,1.83,0.028,0.8961,356.8,360.5,368.1,377.7,345.7,343.6,1225,0.035,14
1413,164.561,61.283,-36.641,-0.2109,-0.687,-0.6953,-0.3939,0.6994,-0.5964,0.8962,0.1481,-0.4182,25.5,0.0173,1.881,0.085,0.92,356.3,361.9,367.5,379.1,345.2,345.1,1229,0.217,14
1414,164.092,59.863,-38.066,-0.2427,-0.688,-0.6839,-0.3943,0.6978,-0.598,0.8889,0.1246,-0.4408,25.5,0.0246,1.914,0.132,0.93787,355.7,363.4,367.0,380.5,344.6,346.6,1232,0.184,15
1415,163.558,58.442,-39.465,-0.2745,-0.6881,-0.6717,-0.395,0.6959,-0.5998,0.8806,0.1007,-0.4631,25.5,0.0325,1.932,0.155,0.94517,355.0,364.8,366.3,381.8,344.0,348.1,1234,0.276,15
1416,162.959,57.022,-40.839,-0.3061,-0.6874,-0.6586,-0.3958,0.694,-0.6014,0.8712,0.0766,-0.4849,25.5,0.0402,1.938,0.149,0.94939,354.3,366.2,365.6,383.2,343.2,349.5,1236,0.394,15
1417,162.294,55.607,-42.188,-0.3371,-0.6822,-0.6489,-0.3966,0.6925,-0.6027,0.8616,0.0543,-0.5046,25.5,0.0524,1.792,0.123,0.91299,353.6,367.7,364.9,384.6,342.5,351.0,1238,0.107,15
1418,161.57,54.203,-43.518,-0.3641,-0.6783,-0.6382,-0.3975,0.6913,-0.6035,0.8521,0.034,-0.5223,25.5,0.061,1.636,0.097,0.81303,352.8,369.1,364.1,386.0,341.6,352.4,1240,0.691,15
1419,160.792,52.804,-44.822,-0.3888,-0.677,-0.625,-0.3984,0.6903,-0.604,0.842,0.0142,-0.5392,25.5,0.0651,1.6,0.082,0.77789,351.9,370.5,363.2,387.4,340.8,353.9,1241,0.274,15
1420,159.965,51.405,-46.097,-0.4127,-0.6778,-0.6085,-0.3994,0.6894,-0.6043,0.8309,-0.0063,-0.5564,25.5,0.0653,1.66,0.079,0.80609,351.0,371.9,362.3,388.7,339.8,355.3,1242,0.021,15
1421,159.087,50.003,-47.333,-0.4372,-0.6809,-0.5876,-0.4006,0.6885,-0.6046,0.8178,-0.029,-0.5748,25.5,0.0616,1.835,0.088,0.89766,350.0,373.3,361.4,390.1,338.9,356.7,1243,0.135,15
1422,158.158,48.591,-48.519,-0.4638,-0.6866,-0.5599,-0.4019,0.6874,-0.6049,0.8013,-0.0556,-0.5956,25.5,0.0531,2.153,0.099,1.07722,349.0,374.7,360.4,391.5,337.8,358.1,1244,0.138,15
1423,157.17,47.172,-49.647,-0.4932,-0.6872,-0.5334,-0.4033,0.6862,-0.6054,0.783,-0.0836,-0.6164,25.5,0.0503,2.257,0.109,1.09875,347.9,376.1,359.3,392.9,336.8,359.6,1245,0.016,15
1424,156.121,45.754,-50.72,-0.5228,-0.6867,-0.5051,-0.4049,0.6846,-0.6061,0.7628,-0.1125,-0.6367,25.5,0.0477,2.331,0.136,1.13662,346.8,377.5,358.2,394.2,335.6,361.0,1246,0.234,15
1425,155.012,44.337,-51.732,-0.5513,-0.686,-0.4749,-0.4066,0.683,-0.6068,0.7413,-0.1415,-0.6561,25.5,0.0438,2.348,0.14,1.15252,345.7,378.9,357.1,395.6,334.4,362.5,1247,0.603,15
1426,153.846,42.921,-52.68,-0.5771,-0.6853,-0.4441,-0.4085,0.6812,-0.6076,0.7195,-0.1694,-0.6736,25.5,0.0388,2.263,0.157,1.11519,344.5,380.3,355.9,397.0,333.2,363.9,1248,1.095,15
1427,152.631,41.506,-53.566,-0.5995,-0.6848,-0.4143,-0.4104,0.6794,-0.6083,0.6984,-0.1948,-0.6887,25.5,0.0328,2.08,0.155,1.03463,343.2,381.7,354.7,398.3,331.9,365.3,1248,0.971,15
1428,151.364,40.099,-54.392,-0.6263,-0.6781,-0.3846,-0.4124,0.6775,-0.609,0.6739,-0.2229,-0.7044,25.5,0.0331,2.318,0.163,1.12558,341.9,383.1,353.5,399.7,330.6,366.8,1249,0.355,15
1429,150.047,38.704,-55.154,-0.6486,-0.6739,-0.3539,-0.4145,0.6757,-0.6096,0.6502,-0.2488,-0.7179,25.5,0.0292,2.155,0.162,1.05942,340.6,384.4,352.2,401.0,329.2,368.2,1250,0.383,15
1430,148.688,37.315,-55.852,-0.6668,-0.672,-0.3222,-0.4166,0.6739,-0.6102,0.6273,-0.2727,-0.7295,25.5,0.0215,2.01,0.162,1.01569,339.2,385.8,350.8,402.3,327.8,369.6,1251,1.234,15
1431,147.296,35.927,-56.484,-0.6811,-0.6725,-0.2895,-0.4188,0.672,-0.6107,0.6053,-0.2947,-0.7394,25.5,0.0101,1.871,0.169,0.9905,337.8,387.2,349.5,403.6,326.4,371.0,1251,0.831,15
1432,145.878,34.536,-57.047,-0.6917,-0.6754,-0.2558,-0.4211,0.6702,-0.6112,0.5842,-0.3151,-0.7479,25.5,0.005,1.751,0.17,0.98359,336.4,388.5,348.1,404.9,324.9,372.4,1252,0.124,15
1433,144.434,33.146,-57.543,-0.7068,-0.6709,-0.2244,-0.4234,0.6683,-0.6117,0.5604,-0.3373,-0.7564,25.5,0.0118,1.927,0.173,0.97496,335.0,389.9,346.7,406.3,323.4,373.8,1253,1.178,15
1434,142.962,31.764,-57.974,-0.7187,-0.6679,-0.1933,-0.4257,0.6664,-0.6121,0.5378,-0.3577,-0.7635,25.5,0.0208,1.791,0.172,0.9277,333.5,391.2,345.3,407.6,321.9,375.2,1253,0.888,15
1435,141.468,30.386,-58.341,-0.7277,-0.6664,-0.1622,-0.4281,0.6645,-0.6125,0.5162,-0.3765,-0.7693,25.5,0.0319,1.674,0.177,0.8994,332.0,392.6,343.8,408.9,320.4,376.5,1254,0.257,15
1436,139.958,29.01,-58.644,-0.734,-0.6665,-0.1306,-0.4305,0.6626,-0.6129,0.4955,-0.394,-0.7741,25.5,0.0456,1.577,0.177,0.89412,330.5,393.9,342.4,410.2,318.9,377.9,1255,1.487,15
1437,138.438,27.633,-58.88,-0.7377,-0.668,-0.0982,-0.4329,0.6608,-0.6132,0.4754,-0.4106,-0.7781,25.5,0.0618,1.511,0.173,0.90584,329.1,395.2,341.0,411.5,317.3,379.3,1255,0.579,15
1438,136.911,26.253,-59.049,-0.7425,-0.6667,-0.0652,-0.4354,0.6589,-0.6134,0.4533,-0.4283,-0.7817,25.5,0.076,1.635,0.18,0.92593,327.6,396.6,339.5,412.8,315.8,380.7,1256,0.734,15
1439,135.372,24.88,-59.149,-0.7478,-0.6632,-0.0318,-0.4378,0.6571,-0.6137,0.4296,-0.4467,-0.7848,25.5,0.0889,1.728,0.173,0.94354,326.1,397.9,338.1,414.1,314.3,382.0,1256,1.332,15
1440,133.825,23.513,-59.181,-0.7503,-0.6611,0.0004,-0.4403,0.6552,-0.6139,0.4078,-0.4632,-0.7869,25.5,0.103,1.571,0.18,0.89817,324.6,399.2,336.6,415.4,312.7,383.4,1257,0.068,15
1441,132.276,22.149,-59.15,-0.7501,-0.6607,0.0288,-0.4427,0.6534,-0.614,0.3895,-0.4766,-0.7881,25.5,0.1173,1.301,0.172,0.78832,323.1,400.6,335.2,416.6,311.2,384.7,1258,1.533,15
1442,130.729,20.784,-59.065,-0.7479,-0.6617,0.0523,-0.4452,0.6516,-0.6141,0.3755,-0.4867,-0.7887,25.5,0.1303,0.99,0.177,0.65559,321.6,401.9,333.7,417.9,309.6,386.1,1258,0.533,15
1443,129.188,19.416,-58.938,-0.7444,-0.664,0.0704,-0.4477,0.6499,-0.6142,0.3658,-0.4937,-0.789,25.5,0.1415,0.686,0.173,0.51558,320.1,403.2,332.3,419.2,308.1,387.4,1259,1.008,15
1444,127.652,18.048,-58.763,-0.7448,-0.6598,0.0998,-0.4501,0.6481,-0.6142,0.3447,-0.5084,-0.7891,25.5,0.1537,1.473,0.172,0.82435,318.6,404.5,330.9,420.5,306.6,388.8,1259,1.057,15
1445,126.114,16.689,-58.532,-0.7442,-0.6565,0.123,-0.4526,0.6464,-0.6143,0.3282,-0.5198,-0.7888,25.5,0.1631,1.149,0.173,0.65032,317.1,405.8,329.5,421.8,305.0,390.1,1260,0.54,15
1446,124.578,15.335,-58.26,-0.7426,-0.6551,0.1393,-0.455,0.6447,-0.6143,0.3172,-0.5272,-0.7883,25.5,0.17,0.76,0.169,0.4559,315.7,407.1,328.0,423.1,303.5,391.5,1260,1.527,15
1447,123.047,13.983,-57.96,-0.7402,-0.6553,0.1503,-0.4574,0.643,-0.6143,0.3107,-0.5317,-0.7879,25.5,0.1751,0.454,0.169,0.31255,314.2,408.5,326.6,424.4,302.0,392.8,1261,0.127,15
1448,121.521,12.628,-57.642,-0.7372,-0.6571,0.157,-0.4598,0.6414,-0.6142,0.3079,-0.5336,-0.7877,25.5,0.1789,0.194,0.165,0.2097,312.7,409.8,325.2,425.6,300.5,394.2,1262,1.776,15
1449,120.002,11.267,-57.314,-0.7337,-0.6604,0.1598,-0.4622,0.6397,-0.6142,0.3085,-0.5333,-0.7877,25.5,0.1815,0.038,0.169,0.15443,311.3,411.1,323.8,426.9,299.0,395.5,1262,0.302,15
1450,118.491,9.899,-56.984,-0.7295,-0.6652,0.1593,-0.4645,0.6381,-0.6141,0.3121,-0.531,-0.7878,25.5,0.1834,0.245,0.161,0.1775,309.9,412.4,322.4,428.2,297.5,396.8,1263,1.379,15
1451,116.99,8.519,-56.658,-0.7247,-0.6714,0.1554,-0.4669,0.6364,-0.614,0.3188,-0.5265,-0.7881,25.5,0.1843,0.463,0.169,0.24296,308.4,413.7,321.0,429.5,296.0,398.2,1263,0.691,15
1452,115.499,7.125,-56.345,-0.719,-0.6791,0.1481,-0.4692,0.6348,-0.6139,0.3285,-0.5198,-0.7886,25.5,0.1847,0.676,0.161,0.33416,307.0,415.1,319.6,430.9,294.6,399.6,1264,0.966,15
1453,114.022,5.717,-56.039,-0.7131,-0.6843,0.152,-0.4716,0.6332,-0.6138,0.3298,-0.5189,-0.7886,25.5,0.1903,0.091,0.165,0.24371,305.6,416.5,318.3,432.2,293.1,401.0,1264,1.098,15
1454,112.554,4.3,-55.717,-0.7082,-0.6879,0.1589,-0.4739,0.6315,-0.6137,0.3282,-0.5201,-0.7886,25.5,0.1963,0.114,0.164,0.2551,304.2,417.8,316.9,433.5,291.6,402.4,1265,0.527,15
1455,111.096,2.876,-55.384,-0.704,-0.6912,0.163,-0.4762,0.6299,-0.6136,0.3281,-0.5201,-0.7886,25.5,0.2002,0.005,0.161,0.18682,302.8,419.2,315.6,434.9,290.2,403.8,1265,1.546,15
1456,109.646,1.445,-55.046,-0.7004,-0.6945,0.1645,-0.4784,0.6283,-0.6134,0.3295,-0.5191,-0.7887,25.5,0.2022,0.099,0.156,0.14177,301.4,420.6,314.2,436.3,288.8,405.2,1266,0.101,15
1457,108.203,0.007,-54.706,-0.6973,-0.6978,0.1637,-0.4807,0.6267,-0.6133,0.3323,-0.5171,-0.7888,25.5,0.2025,0.197,0.161,0.12757,300.0,422.0,312.9,437.6,287.3,406.6,1267,1.547,15
1458,106.765,-1.437,-54.371,-0.6947,-0.7012,0.1606,-0.4829,0.6252,-0.6132,0.3365,-0.514,-0.789,25.5,0.2014,0.299,0.153,0.14661,298.6,423.4,311.6,439.0,285.9,408.0,1267,0.528,15
1459,105.333,-2.889,-54.045,-0.6924,-0.7046,0.1551,-0.4851,0.6236,-0.6131,0.3421,-0.5099,-0.7893,25.5,0.1986,0.398,0.156,0.1904,297.3,424.8,310.2,440.4,284.5,409.5,1268,0.949,15
1460,103.905,-4.347,-53.732,-0.6905,-0.7082,0.1471,-0.4872,0.622,-0.6129,0.3492,-0.5045,-0.7896,25.5,0.1942,0.511,0.152,0.24907,295.9,426.2,308.9,441.8,283.1,410.9,1268,1.119,15
1461,102.481,-5.814,-53.439,-0.6889,-0.7119,0.1364,-0.4894,0.6205,-0.6128,0.358,-0.4978,-0.79,25.5,0.1882,0.634,0.153,0.31723,294.5,427.6,307.6,443.2,281.7,412.4,1269,0.304,15
1462,101.06,-7.288,-53.171,-0.6874,-0.7158,0.1224,-0.4915,0.619,-0.6126,0.3688,-0.4893,-0.7903,25.5,0.1802,0.788,0.148,0.4053,293.2,429.1,306.3,444.6,280.3,413.8,1270,1.675,15
1463,99.641,-8.771,-52.936,-0.6861,-0.7199,0.1046,-0.4935,0.6175,-0.6125,0.382,-0.4788,-0.7905,25.5,0.17,0.966,0.143,0.5081,291.8,430.5,304.9,446.0,278.9,415.3,1270,0.391,15
1464,98.228,-10.261,-52.732,-0.6827,-0.7245,0.0954,-0.4955,0.616,-0.6124,0.3903,-0.4719,-0.7905,25.5,0.1664,0.618,0.143,0.30071,290.4,432.0,303.6,447.4,277.5,416.8,1271,0.938,15
1465,96.822,-11.762,-52.543,-0.6791,-0.7289,0.087,-0.4974,0.6146,-0.6122,0.3981,-0.4653,-0.7906,25.5,0.1635,0.585,0.136,0.28142,289.1,433.4,302.3,448.9,276.1,418.2,1271,1.128,15
1466,95.424,-13.271,-52.373,-0.6757,-0.7331,0.0772,-0.4994,0.6132,-0.6121,0.4066,-0.4581,-0.7905,25.5,0.1593,0.638,0.14,0.31051,287.7,434.9,301.0,450.3,274.7,419.7,1272,0.164,15
1467,94.032,-14.789,-52.225,-0.6727,-0.7369,0.0661,-0.5012,0.6118,-0.612,0.4155,-0.4502,-0.7904,25.5,0.1541,0.682,0.131,0.33607,286.4,436.4,299.7,451.8,273.3,421.2,1273,1.399,15
1468,92.645,-16.314,-52.101,-0.67,-0.7404,0.0537,-0.503,0.6104,-0.6119,0.4249,-0.4418,-0.7901,25.5,0.1478,0.722,0.131,0.36526,285.0,437.9,298.4,453.2,271.9,422.7,1273,0.669,15
1469,91.264,-17.846,-52.004,-0.6676,-0.7434,0.0399,-0.5048,0.6091,-0.6117,0.4348,-0.4328,-0.7897,25.5,0.1402,0.767,0.128,0.3975,283.7,439.3,297.1,454.7,270.6,424.2,1274,0.536,15
1470,89.888,-19.384,-51.937,-0.6656,-0.7459,0.0249,-0.5065,0.6078,-0.6116,0.4449,-0.4234,-0.7892,25.5,0.1315,0.791,0.123,0.42561,282.4,440.8,295.8,456.2,269.2,425.7,1274,1.53,15
1471,88.515,-20.926,-51.902,-0.6639,-0.7478,0.0088,-0.5081,0.6066,-0.6115,0.4553,-0.4135,-0.7885,25.5,0.1217,0.824,0.115,0.45231,281.0,442.3,294.5,457.7,267.8,427.3,1275,0.365,15
1472,87.146,-22.472,-51.901,-0.6625,-0.749,-0.0083,-0.5097,0.6053,-0.6114,0.4658,-0.4033,-0.7876,25.5,0.1106,0.84,0.118,0.47723,279.7,443.8,293.2,459.2,266.5,428.8,1276,0.765,15
1473,85.779,-24.019,-51.936,-0.6614,-0.7496,-0.0257,-0.5112,0.6042,-0.6113,0.4761,-0.3931,-0.7867,25.5,0.0991,0.832,0.107,0.484,278.4,445.3,291.9,460.6,265.1,430.3,1276,1.3,15
1474,84.415,-25.568,-52.007,-0.6594,-0.7505,-0.0429,-0.5127,0.6031,-0.6112,0.4865,-0.3825,-0.7855,25.5,0.0883,0.854,0.107,0.48117,277.0,446.8,290.6,462.1,263.8,431.8,1277,0.205,15
1475,83.056,-27.119,-52.113,-0.6566,-0.7519,-0.0594,-0.5141,0.602,-0.611,0.4967,-0.3718,-0.7842,25.5,0.0788,0.85,0.103,0.466,275.7,448.4,289.3,463.6,262.4,433.3,1278,0.858,15
1476,81.704,-28.674,-52.252,-0.6529,-0.7537,-0.0748,-0.5154,0.601,-0.6109,0.5067,-0.3613,-0.7828,25.5,0.0708,0.835,0.094,0.44236,274.4,449.9,288.0,465.1,261.1,434.9,1278,1.207,15
1477,80.36,-30.232,-52.421,-0.6486,-0.756,-0.0887,-0.5167,0.6,-0.6108,0.516,-0.3511,-0.7813,25.5,0.0643,0.796,0.094,0.40876,273.1,451.4,286.7,466.6,259.7,436.4,1279,0.179,15
1478,79.026,-31.796,-52.617,-0.6437,-0.7586,-0.1008,-0.5179,0.599,-0.6107,0.5246,-0.3415,-0.7799,25.5,0.0595,0.743,0.09,0.36935,271.8,452.9,285.4,468.1,258.4,437.9,1280,0.829,15
1479,77.702,-33.366,-52.836,-0.6384,-0.7617,-0.111,-0.5191,0.5982,-0.6106,0.5323,-0.3326,-0.7784,25.5,0.0565,0.68,0.083,0.3303,270.5,454.4,284.1,469.6,257.1,439.4,1280,1.239,15
1480,76.39,-34.941,-53.074,-0.6329,-0.765,-0.1193,-0.5202,0.5973,-0.6104,0.5391,-0.3247,-0.7771,25.5,0.0549,0.602,0.082,0.29114,269.2,455.9,282.8,471.1,255.8,441.0,1281,0.265,15
1481,75.09,-36.524,-53.328,-0.6268,-0.7685,-0.1285,-0.5213,0.5965,-0.6103,0.5464,-0.316,-0.7756,25.5,0.0532,0.656,0.078,0.32148,267.9,457.5,281.6,472.7,254.5,442.5,1282,0.685,15
1482,73.805,-38.113,-53.62,-0.6181,-0.7711,-0.153,-0.5223,0.5958,-0.6101,0.5622,-0.2975,-0.7717,25.5,0.0432,1.412,0.071,0.72507,266.7,459.0,280.3,474.2,253.2,444.1,1282,1.379,15
1483,72.535,-39.708,-53.955,-0.6112,-0.7729,-0.1703,-0.5232,0.5951,-0.61,0.5732,-0.2839,-0.7687,25.5,0.0363,1.017,0.066,0.51906,265.4,460.6,279.1,475.7,252.0,445.6,1283,0.465,15
1484,71.278,-41.306,-54.32,-0.606,-0.7743,-0.1821,-0.5241,0.5945,-0.6098,0.5807,-0.2742,-0.7665,25.5,0.0317,0.714,0.063,0.35981,264.2,462.1,277.9,477.3,250.7,447.2,1284,0.406,15
1485,70.031,-42.906,-54.704,-0.6022,-0.7755,-0.1896,-0.525,0.5939,-0.6096,0.5856,-0.2677,-0.7651,25.5,0.0288,0.473,0.063,0.23561,263.0,463.6,276.6,478.8,249.5,448.7,1285,1.218,15
1486,68.79,-44.509,-55.1,-0.5995,-0.7767,-0.1932,-0.5258,0.5934,-0.6094,0.5882,-0.2639,-0.7644,25.5,0.0279,0.267,0.055,0.12921,261.7,465.2,275.4,480.4,248.3,450.3,1285,0.849,15
1487,67.554,-46.114,-55.5,-0.598,-0.7779,-0.1932,-0.5266,0.5929,-0.6092,0.5887,-0.2627,-0.7645,25.5,0.0286,0.075,0.055,0.05328,260.5,466.7,274.2,481.9,247.1,451.8,1286,0.123,15
1488,66.32,-47.722,-55.896,-0.5976,-0.7791,-0.1895,-0.5274,0.5924,-0.609,0.587,-0.2641,-0.7653,25.5,0.031,0.134,0.055,0.10849,259.3,468.3,273.0,483.4,245.9,453.4,1287,0.558,15
1489,65.085,-49.332,-56.28,-0.5983,-0.7804,-0.1817,-0.5281,0.592,-0.6088,0.583,-0.2685,-0.7668,25.5,0.0354,0.351,0.048,0.22026,258.1,469.8,271.8,485.0,244.6,454.9,1288,1.116,15
1490,63.847,-50.946,-56.643,-0.6003,-0.7818,-0.1689,-0.5288,0.5916,-0.6086,0.5762,-0.2763,-0.7692,25.5,0.0423,0.609,0.048,0.36137,256.9,471.4,270.6,486.6,243.4,456.5,1288,0.954,15
1491,62.604,-52.562,-56.973,-0.6037,-0.783,-0.1495,-0.5295,0.5913,-0.6083,0.5655,-0.2885,-0.7726,25.5,0.0524,0.95,0.047,0.54723,255.7,472.9,269.4,488.1,242.2,458.0,1289,0.505,15
1492,61.352,-54.18,-57.254,-0.609,-0.784,-0.1207,-0.5301,0.5909,-0.6081,0.5493,-0.307,-0.7772,25.5,0.067,1.433,0.043,0.81326,254.5,474.5,268.2,489.7,241.0,459.6,1290,0.177,15
1493,60.093,-55.8,-57.475,-0.6108,-0.7861,-0.0952,-0.5307,0.5907,-0.6078,0.5358,-0.3218,-0.7806,25.5,0.0823,1.164,0.04,0.71223,253.2,476.1,266.9,491.2,239.7,461.1,1291,0.058,15
1494,58.831,-57.425,-57.648,-0.6117,-0.7877,-0.0729,-0.5313,0.5904,-0.6075,0.524,-0.3345,-0.7833,25.5,0.0958,1.005,0.042,0.62079,252.0,477.6,265.7,492.8,238.5,462.7,1292,0.14,15
1495,57.567,-59.052,-57.78,-0.6123,-0.7887,-0.0552,-0.5319,0.5902,-0.6073,0.5144,-0.3444,-0.7853,25.5,0.1063,0.798,0.038,0.49222,250.8,479.2,264.5,494.4,237.3,464.3,1293,0.169,15
1496,56.303,-60.682,-57.881,-0.6125,-0.7892,-0.0445,-0.5325,0.5899,-0.607,0.5085,-0.3503,-0.7866,25.5,0.1124,0.484,0.042,0.29732,249.5,480.8,263.3,496.0,236.1,465.9,1294,0.263,15
1497,55.038,-62.311,-57.969,-0.6126,-0.7893,-0.0422,-0.5331,0.5897,-0.6067,0.507,-0.3514,-0.7871,25.5,0.1133,0.11,0.04,0.06394,248.3,482.4,262.0,497.6,234.8,467.4,1295,0.514,15
1498,53.774,-63.94,-58.062,-0.6124,-0.789,-0.0488,-0.5337,0.5895,-0.6064,0.5102,-0.3474,-0.7868,25.5,0.1087,0.294,0.04,0.18343,247.1,483.9,260.8,499.1,233.6,469.0,1297,0.653,15
1499,52.509,-65.569,-58.176,-0.6121,-0.7883,-0.0632,-0.5342,0.5893,-0.606,0.5175,-0.3389,-0.7857,25.5,0.0993,0.645,0.038,0.40003,245.9,485.5,259.6,500.7,232.4,470.6,1298,0.0,15
