ring,cx,cy,cz,Tx,Ty,Tz,Bx,By,Bz,Nx,Ny,Nz,hw,obl,dN,dB,kappa,sx_c,sy_c,sx_L,sy_L,sx_R,sy_R,pose_ring,pose_dist,iv
0,-67.225,-360.415,260.002,0.5565,0.8308,-0.0001,0.9711,-0.2293,0.0656,0.0582,-0.0391,-0.9975,25.5,0.3499,0.0,0.0,0.0,116.4,843.3,87.6,836.0,145.3,850.6,0,0.0,0
1,-66.153,-358.805,260.0,0.5524,0.8336,-0.0017,0.9646,-0.2552,0.067,0.0585,-0.0408,-0.9975,25.5,0.32,0.099,1.532,0.15448,117.7,841.4,89.0,833.4,146.4,849.5,2,0.338,0
2,-65.087,-357.191,259.996,0.5509,0.8346,-0.0023,0.9574,-0.2806,0.0683,0.0589,-0.0416,-0.9974,25.5,0.2931,0.052,1.514,0.05627,118.9,839.5,90.5,830.7,147.4,848.4,3,0.442,0
3,-64.02,-355.577,259.992,0.5522,0.8337,-0.0018,0.9498,-0.3051,0.0695,0.0596,-0.0416,-0.9974,25.5,0.27,0.04,1.471,0.0491,120.2,837.6,92.0,828.1,148.4,847.2,5,0.06,0
4,-62.948,-353.967,259.99,0.5562,0.8311,-0.0003,0.9419,-0.3284,0.0706,0.0606,-0.0408,-0.9973,25.5,0.2509,0.073,1.411,0.14811,121.4,835.8,93.5,825.5,149.4,846.0,6,0.553,0
5,-61.867,-352.363,259.991,0.5626,0.8267,0.0022,0.934,-0.35,0.0717,0.0618,-0.0394,-0.9973,25.5,0.2363,0.106,1.319,0.24165,122.7,833.9,95.0,823.0,150.5,844.8,8,0.456,0
6,-60.77,-350.77,259.999,0.5713,0.8207,0.0055,0.9263,-0.3697,0.0728,0.0634,-0.0374,-0.9973,25.5,0.2262,0.147,1.214,0.32794,124.0,832.0,96.5,820.5,151.5,843.5,9,0.179,0
7,-59.662,-349.184,260.01,0.5734,0.8192,0.0055,0.919,-0.3872,0.0737,0.064,-0.038,-0.9972,25.5,0.2102,0.049,1.088,0.07642,125.3,830.2,98.0,818.1,152.6,842.2,10,0.035,0
8,-58.55,-347.6,260.021,0.5764,0.8171,0.0062,0.9123,-0.4027,0.0746,0.0648,-0.0381,-0.9972,25.5,0.1973,0.046,0.969,0.11043,126.6,828.3,99.5,815.8,153.7,840.8,11,0.021,0
9,-57.431,-346.023,260.035,0.5813,0.8136,0.0082,0.906,-0.4166,0.0755,0.066,-0.0371,-0.9971,25.5,0.1883,0.09,0.876,0.18793,127.9,826.5,101.0,813.6,154.8,839.4,12,0.099,0
10,-56.3,-344.453,260.054,0.5881,0.8087,0.0115,0.9001,-0.429,0.0763,0.0678,-0.0351,-0.9971,25.5,0.1833,0.154,0.788,0.26678,129.2,824.7,102.5,811.4,156.0,838.0,13,0.292,0
11,-55.154,-342.895,260.08,0.5967,0.8023,0.0159,0.8945,-0.4403,0.0771,0.07,-0.0323,-0.997,25.5,0.1817,0.204,0.724,0.34322,130.5,822.8,104.0,809.2,157.1,836.5,14,0.584,0
12,-53.99,-341.35,260.116,0.6068,0.7945,0.0215,0.8893,-0.4507,0.0778,0.0728,-0.0286,-0.9969,25.5,0.1832,0.266,0.667,0.41274,131.9,821.0,105.5,807.1,158.3,835.0,15,0.965,0
13,-52.805,-339.822,260.164,0.6184,0.7854,0.0283,0.8842,-0.4605,0.0785,0.076,-0.024,-0.9968,25.5,0.1873,0.321,0.634,0.48087,133.3,819.3,107.0,805.0,159.6,833.5,15,0.97,0
14,-51.601,-338.309,260.226,0.6267,0.7784,0.0359,0.8792,-0.4698,0.0792,0.0799,-0.0184,-0.9966,25.5,0.1881,0.391,0.606,0.39254,134.7,817.5,108.6,803.0,160.8,832.1,16,0.508,0
15,-50.381,-336.81,260.301,0.6347,0.7716,0.0417,0.8743,-0.4788,0.0798,0.083,-0.0144,-0.9964,25.5,0.1888,0.29,0.588,0.35528,136.1,815.8,110.1,801.0,162.1,830.6,17,0.032,0
16,-49.145,-335.323,260.386,0.6423,0.7651,0.0457,0.8695,-0.4873,0.0804,0.0853,-0.0121,-0.9963,25.5,0.1893,0.186,0.56,0.319,137.5,814.1,111.7,799.0,163.4,829.1,18,0.624,0
17,-47.896,-333.85,260.477,0.6495,0.7588,0.0479,0.8648,-0.4955,0.0809,0.0867,-0.0113,-0.9962,25.5,0.1896,0.093,0.542,0.29076,139.0,812.4,113.3,797.1,164.7,827.7,19,1.259,0
18,-46.633,-332.388,260.571,0.6563,0.7529,0.0485,0.8603,-0.5033,0.0814,0.0873,-0.012,-0.9961,25.5,0.1896,0.053,0.517,0.26727,140.5,810.7,114.9,795.2,166.1,826.2,19,0.676,0
19,-45.357,-330.936,260.664,0.6627,0.7474,0.0474,0.8558,-0.5107,0.0819,0.087,-0.014,-0.9961,25.5,0.1893,0.116,0.497,0.25204,142.0,809.0,116.5,793.3,167.4,824.8,20,0.028,0
20,-44.069,-329.495,260.753,0.6685,0.7424,0.0449,0.8515,-0.5178,0.0824,0.086,-0.0172,-0.9961,25.5,0.1885,0.192,0.476,0.23858,143.5,807.3,118.2,791.4,168.8,823.3,21,0.629,0
21,-42.77,-328.065,260.84,0.6751,0.7363,0.0466,0.8474,-0.5245,0.0829,0.087,-0.0168,-0.9961,25.5,0.1898,0.062,0.451,0.27091,145.0,805.7,119.8,789.5,170.2,821.9,22,1.256,0
22,-41.458,-326.647,260.934,0.6817,0.7299,0.0503,0.8433,-0.5309,0.0833,0.0892,-0.0147,-0.9959,25.5,0.1916,0.175,0.436,0.29348,146.5,804.1,121.5,787.7,171.6,820.4,22,0.679,0
23,-40.133,-325.24,261.033,0.6873,0.7245,0.0519,0.8394,-0.537,0.0838,0.0902,-0.0143,-0.9958,25.5,0.1922,0.062,0.416,0.23519,148.1,802.4,123.1,785.9,173.1,819.0,23,0.1,0
24,-38.798,-323.843,261.133,0.6923,0.7198,0.0515,0.8357,-0.5428,0.0843,0.0903,-0.0156,-0.9958,25.5,0.1922,0.075,0.395,0.20361,149.6,800.8,124.8,784.1,174.5,817.6,24,0.418,0
25,-37.455,-322.454,261.231,0.6966,0.7158,0.0494,0.832,-0.5483,0.0847,0.0894,-0.0183,-0.9958,25.5,0.1913,0.163,0.38,0.1847,151.2,799.2,126.5,782.4,176.0,816.1,25,0.843,0
26,-36.104,-321.073,261.323,0.7004,0.7123,0.0454,0.8284,-0.5537,0.0852,0.0875,-0.0225,-0.9959,25.5,0.1897,0.264,0.373,0.1935,152.8,797.6,128.1,780.6,177.5,814.7,25,1.092,0
27,-34.745,-319.698,261.406,0.7037,0.7094,0.0397,0.8248,-0.5588,0.0857,0.0845,-0.028,-0.996,25.5,0.1874,0.359,0.359,0.21313,154.3,796.0,129.8,778.9,178.9,813.3,26,0.769,0
28,-33.381,-318.328,261.476,0.7065,0.707,0.0322,0.8213,-0.5639,0.0863,0.0806,-0.0351,-0.9961,25.5,0.1844,0.464,0.356,0.24753,155.9,794.5,131.5,777.1,180.4,811.8,27,0.545,0
29,-32.012,-316.962,261.529,0.7088,0.7051,0.0228,0.8179,-0.5688,0.0869,0.0755,-0.0437,-0.9962,25.5,0.1806,0.573,0.343,0.29206,157.5,792.9,133.2,775.4,181.9,810.4,28,0.415,0
30,-30.639,-315.6,261.564,0.7117,0.7024,0.0143,0.8145,-0.5735,0.0875,0.0708,-0.0515,-0.9962,25.5,0.1781,0.522,0.334,0.27778,159.1,791.3,134.9,773.7,183.4,809.0,29,0.374,0
31,-29.259,-314.245,261.586,0.7152,0.6989,0.0082,0.8111,-0.5783,0.0882,0.0675,-0.0573,-0.9961,25.5,0.1766,0.382,0.339,0.23264,160.8,789.7,136.6,771.9,185.0,807.5,30,0.42,0
32,-27.872,-312.896,261.596,0.7185,0.6956,0.0024,0.8077,-0.5829,0.0889,0.0643,-0.0629,-0.9959,25.5,0.1751,0.37,0.33,0.22049,162.4,788.1,138.4,770.2,186.5,806.1,31,0.546,0
33,-26.479,-311.554,261.595,0.7215,0.6924,-0.0031,0.8042,-0.5875,0.0897,0.0612,-0.0682,-0.9958,25.5,0.1732,0.352,0.334,0.20833,164.0,786.6,140.1,768.5,188.0,804.7,32,0.747,0
34,-25.08,-310.217,261.584,0.7244,0.6894,-0.0083,0.8008,-0.5921,0.0905,0.0583,-0.0733,-0.9956,25.5,0.1712,0.336,0.331,0.19745,165.7,785.0,141.8,766.8,189.5,803.2,34,0.589,0
35,-23.676,-308.886,261.563,0.727,0.6865,-0.0133,0.7973,-0.5967,0.0913,0.0555,-0.0782,-0.9954,25.5,0.1688,0.324,0.334,0.1877,167.3,783.4,143.6,765.1,191.1,801.8,35,0.205,0
36,-22.268,-307.561,261.533,0.7295,0.6838,-0.0181,0.7937,-0.6013,0.0922,0.0529,-0.0828,-0.9952,25.5,0.1662,0.303,0.339,0.17912,168.9,781.9,145.3,763.4,192.6,800.4,36,0.264,0
37,-20.854,-306.241,261.493,0.7317,0.6812,-0.0226,0.7901,-0.6059,0.0931,0.0504,-0.0872,-0.9949,25.5,0.1633,0.29,0.339,0.16713,170.6,780.3,147.1,761.7,194.2,799.0,38,0.672,0
38,-19.437,-304.925,261.445,0.7338,0.6788,-0.0269,0.7864,-0.6105,0.0941,0.0481,-0.0914,-0.9947,25.5,0.1601,0.275,0.343,0.15856,172.3,778.8,148.9,760.0,195.7,797.6,39,0.125,0
39,-18.016,-303.614,261.389,0.7356,0.6766,-0.0326,0.7826,-0.6152,0.0951,0.0449,-0.0966,-0.9943,25.5,0.1563,0.351,0.351,0.18868,173.9,777.2,150.6,758.3,197.3,796.2,40,0.444,0
40,-16.591,-302.307,261.316,0.737,0.6745,-0.0428,0.7787,-0.62,0.0961,0.0387,-0.1053,-0.9937,25.5,0.1516,0.613,0.359,0.31118,175.6,775.7,152.4,756.6,198.8,794.8,42,0.334,0
41,-15.164,-301.004,261.225,0.7387,0.6722,-0.0506,0.7747,-0.6249,0.0971,0.034,-0.1122,-0.9931,25.5,0.1473,0.48,0.367,0.24605,177.3,774.1,154.2,755.0,200.4,793.4,43,0.25,0
42,-13.733,-299.706,261.121,0.7406,0.6696,-0.0562,0.7705,-0.6298,0.0981,0.0306,-0.1172,-0.9926,25.5,0.1434,0.348,0.374,0.19131,178.9,772.6,156.0,753.3,201.9,792.0,45,0.542,0
43,-12.298,-298.414,261.009,0.743,0.6667,-0.0596,0.7663,-0.6348,0.0992,0.0286,-0.1205,-0.9923,25.5,0.1402,0.222,0.379,0.15022,180.6,771.1,157.8,751.6,203.5,790.6,46,0.046,0
44,-10.858,-297.127,260.892,0.7456,0.6636,-0.0608,0.7619,-0.6399,0.1002,0.0278,-0.1222,-0.9921,25.5,0.1373,0.108,0.39,0.12498,182.3,769.5,159.6,749.9,205.0,789.2,47,0.579,0
45,-9.412,-295.847,260.775,0.7487,0.6602,-0.0599,0.7574,-0.6451,0.1012,0.0284,-0.1223,-0.9921,25.5,0.1351,0.035,0.398,0.13885,184.0,768.0,161.5,748.2,206.6,787.8,49,0.285,0
46,-7.961,-294.573,260.662,0.7522,0.6565,-0.0568,0.7527,-0.6504,0.1022,0.0304,-0.1207,-0.9922,25.5,0.1334,0.147,0.41,0.1766,185.7,766.5,163.3,746.5,208.2,786.5,50,0.23,0
47,-6.502,-293.307,260.557,0.7562,0.6523,-0.0513,0.7479,-0.6557,0.1031,0.0339,-0.1174,-0.9925,25.5,0.1326,0.276,0.413,0.23669,187.4,765.0,165.1,744.9,209.7,785.1,52,0.725,0
48,-5.035,-292.049,260.465,0.7606,0.6478,-0.0434,0.743,-0.6612,0.1041,0.0391,-0.1123,-0.9929,25.5,0.1323,0.418,0.426,0.29918,189.1,763.5,167.0,743.2,211.3,783.8,53,0.255,0
49,-3.559,-290.801,260.387,0.7646,0.6433,-0.0386,0.7379,-0.6668,0.1049,0.0421,-0.1096,-0.9931,25.5,0.1312,0.232,0.436,0.22806,190.8,762.0,168.9,741.6,212.9,782.5,54,0.203,0
50,-2.077,-289.56,260.315,0.7682,0.6392,-0.0364,0.7326,-0.6724,0.1057,0.0435,-0.1088,-0.9931,25.5,0.1291,0.092,0.444,0.17423,192.6,760.5,170.8,739.9,214.4,781.2,55,0.652,0
51,-0.587,-288.328,260.247,0.7718,0.635,-0.0339,0.7271,-0.6782,0.1064,0.045,-0.1076,-0.9932,25.5,0.1269,0.11,0.46,0.17979,194.3,759.1,172.7,738.3,216.0,779.9,57,0.409,0
52,0.909,-287.103,260.184,0.7753,0.6308,-0.031,0.7215,-0.6841,0.1071,0.0467,-0.1062,-0.9932,25.5,0.1245,0.126,0.468,0.18329,196.1,757.6,174.6,736.7,217.6,778.7,58,0.042,0
53,2.413,-285.887,260.127,0.7789,0.6265,-0.0277,0.7156,-0.6902,0.1077,0.0487,-0.1045,-0.9933,25.5,0.122,0.151,0.487,0.19271,197.8,756.2,176.5,735.1,219.2,777.4,59,0.451,0
54,3.923,-284.679,260.077,0.7826,0.6221,-0.024,0.7094,-0.6964,0.1083,0.051,-0.1025,-0.9934,25.5,0.1193,0.175,0.504,0.20248,199.6,754.8,178.5,733.5,220.8,776.2,61,0.633,0
55,5.441,-283.48,260.034,0.7862,0.6176,-0.02,0.703,-0.7028,0.1088,0.0535,-0.1003,-0.9935,25.5,0.1165,0.191,0.519,0.20777,201.4,753.4,180.4,731.9,222.4,775.0,62,0.205,0
56,6.965,-282.29,260.0,0.7899,0.613,-0.0154,0.6963,-0.7094,0.1092,0.0564,-0.0976,-0.9936,25.5,0.1135,0.227,0.539,0.22167,203.1,752.0,182.4,730.3,223.9,773.8,63,0.228,0
57,8.497,-281.109,259.975,0.7937,0.6082,-0.0103,0.6893,-0.7161,0.1096,0.0596,-0.0947,-0.9937,25.5,0.1104,0.248,0.556,0.23599,204.9,750.6,184.4,728.7,225.5,772.6,64,0.665,0
58,10.036,-279.936,259.963,0.7972,0.6037,-0.0028,0.682,-0.7231,0.1099,0.0647,-0.09,-0.9938,25.5,0.1068,0.397,0.58,0.27903,206.7,749.2,186.4,727.1,227.1,771.4,66,0.372,0
59,11.582,-278.773,259.963,0.8009,0.5988,0.0035,0.6742,-0.7303,0.1101,0.0688,-0.0863,-0.9939,25.5,0.103,0.316,0.608,0.26056,208.5,747.9,188.5,725.5,228.7,770.3,67,0.092,0
60,13.135,-277.62,259.975,0.8048,0.5934,0.0083,0.6661,-0.7377,0.1102,0.0719,-0.0836,-0.9939,25.5,0.0992,0.236,0.629,0.24315,210.4,746.5,190.5,724.0,230.3,769.1,68,0.567,0
61,14.696,-276.477,259.995,0.809,0.5876,0.0116,0.6576,-0.7453,0.1103,0.0738,-0.082,-0.9939,25.5,0.0953,0.142,0.653,0.23354,212.2,745.2,192.6,722.4,231.8,768.0,70,0.376,0
62,16.265,-275.346,260.019,0.8135,0.5815,0.0133,0.6485,-0.7531,0.1104,0.0745,-0.0815,-0.9939,25.5,0.0911,0.049,0.687,0.23007,214.0,743.9,194.7,720.9,233.4,766.9,71,0.143,0
63,17.843,-274.228,260.045,0.8181,0.5749,0.0132,0.639,-0.7612,0.1103,0.0737,-0.0821,-0.9939,25.5,0.0866,0.057,0.715,0.23827,215.9,742.6,196.8,719.3,235.0,765.9,72,0.677,0
64,19.431,-273.123,260.069,0.823,0.5679,0.0113,0.629,-0.7696,0.1102,0.0715,-0.0839,-0.9939,25.5,0.0819,0.163,0.748,0.25927,217.7,741.3,199.0,717.8,236.5,764.8,74,0.132,0
65,21.028,-272.03,260.089,0.8276,0.5612,0.0105,0.6183,-0.7782,0.1101,0.0701,-0.0849,-0.9939,25.5,0.0761,0.099,0.787,0.24182,219.6,740.0,201.1,716.3,238.1,763.8,75,0.461,0
66,22.633,-270.951,260.111,0.832,0.5546,0.0128,0.6072,-0.7869,0.1098,0.0712,-0.0838,-0.9939,25.5,0.0702,0.089,0.808,0.24464,221.5,738.7,203.3,714.8,239.6,762.8,77,0.227,0
67,24.247,-269.885,260.137,0.8368,0.5473,0.014,0.5956,-0.7958,0.1095,0.0712,-0.0835,-0.994,25.5,0.0644,0.018,0.838,0.26122,223.3,737.5,205.6,713.3,241.2,761.8,78,0.427,0
68,25.87,-268.834,260.164,0.8419,0.5395,0.0138,0.5839,-0.8044,0.1091,0.0701,-0.084,-0.994,25.5,0.0591,0.069,0.832,0.27609,225.2,736.3,207.8,711.8,242.7,760.9,80,0.137,0
69,27.504,-267.798,260.19,0.847,0.5315,0.0123,0.5722,-0.8129,0.1087,0.0679,-0.0851,-0.9941,25.5,0.0539,0.141,0.829,0.2845,227.2,735.1,210.1,710.3,244.3,759.9,81,0.578,0
70,29.147,-266.778,260.211,0.8519,0.5236,0.0096,0.5607,-0.821,0.1082,0.0646,-0.0869,-0.9941,25.5,0.0488,0.215,0.806,0.28671,229.1,733.9,212.3,708.9,245.9,759.0,83,0.133,0
71,30.8,-265.772,260.226,0.8565,0.5161,0.0059,0.5495,-0.8285,0.1075,0.0604,-0.089,-0.9942,25.5,0.0437,0.269,0.773,0.28272,231.0,732.7,214.6,707.5,247.5,758.0,85,0.24,0
72,32.461,-264.78,260.234,0.8607,0.5091,0.0016,0.539,-0.8355,0.1069,0.0558,-0.0912,-0.9943,25.5,0.0387,0.292,0.724,0.27325,232.9,731.6,216.8,706.1,249.1,757.1,86,0.56,0
73,34.13,-263.802,260.233,0.8647,0.5023,-0.0019,0.5292,-0.8418,0.1061,0.0517,-0.0928,-0.9943,25.5,0.0346,0.252,0.669,0.25561,234.9,730.4,219.1,704.8,250.8,756.1,88,0.25,0
74,35.806,-262.837,260.227,0.8684,0.4958,-0.0045,0.5202,-0.8475,0.1053,0.0484,-0.0938,-0.9944,25.5,0.0311,0.198,0.612,0.23451,236.9,729.3,221.3,703.5,252.5,755.1,90,0.054,0
75,37.49,-261.884,260.216,0.8719,0.4896,-0.006,0.5121,-0.8526,0.1044,0.046,-0.0941,-0.9945,25.5,0.0284,0.139,0.551,0.2155,238.8,728.2,223.5,702.3,254.2,754.2,92,0.375,0
76,39.179,-260.942,260.204,0.8752,0.4837,-0.0067,0.5049,-0.8569,0.1034,0.0443,-0.094,-0.9946,25.5,0.0267,0.098,0.484,0.20133,240.8,727.1,225.7,701.0,256.0,753.2,93,0.412,0
77,40.875,-260.012,260.191,0.8783,0.478,-0.0065,0.4987,-0.8607,0.1025,0.0434,-0.0933,-0.9947,25.5,0.0259,0.066,0.42,0.19228,242.8,726.0,227.9,699.8,257.8,752.2,95,0.034,0
78,42.578,-259.092,260.179,0.8812,0.4727,-0.0056,0.4936,-0.8638,0.1014,0.0431,-0.0922,-0.9948,25.5,0.0261,0.066,0.348,0.18088,244.8,724.9,230.0,698.7,259.6,751.2,97,0.637,0
79,44.285,-258.183,260.17,0.8839,0.4677,-0.004,0.4896,-0.8662,0.1003,0.0435,-0.0907,-0.9949,25.5,0.0272,0.089,0.275,0.17485,246.8,723.8,232.1,697.5,261.5,750.2,98,0.053,0
80,45.997,-257.283,260.164,0.8864,0.463,-0.0018,0.4867,-0.8679,0.0992,0.0444,-0.0889,-0.9951,25.5,0.0294,0.116,0.203,0.17061,248.8,722.8,234.2,696.5,263.4,749.2,99,0.466,0
81,47.714,-256.396,260.164,0.8909,0.4541,0.0016,0.485,-0.869,0.098,0.0459,-0.0866,-0.9952,25.5,0.0376,0.157,0.135,0.31228,250.8,721.7,236.3,695.4,265.4,748.2,101,0.654,0
82,49.443,-255.525,260.17,0.895,0.4461,0.0042,0.4845,-0.8694,0.0968,0.0469,-0.0847,-0.9953,25.5,0.0462,0.123,0.078,0.27706,252.8,720.7,238.3,694.4,267.4,747.2,102,0.369,0
83,51.178,-254.668,260.179,0.8979,0.4401,0.0058,0.4851,-0.8692,0.0956,0.0472,-0.0831,-0.9954,25.5,0.0536,0.093,0.078,0.20293,254.8,719.7,240.3,693.4,269.4,746.1,103,0.173,0
84,52.917,-253.821,260.192,0.9,0.4358,0.0066,0.4866,-0.8685,0.0943,0.047,-0.0818,-0.9955,25.5,0.0601,0.076,0.121,0.14368,256.9,718.7,242.3,692.4,271.5,745.1,104,0.079,0
85,54.66,-252.981,260.204,0.9015,0.4328,0.0067,0.489,-0.8673,0.093,0.0462,-0.0807,-0.9957,25.5,0.0661,0.079,0.171,0.09936,258.9,717.8,244.2,691.5,273.6,744.1,105,0.084,0
86,56.405,-252.145,260.217,0.9024,0.4309,0.0062,0.4923,-0.8656,0.0916,0.0449,-0.0799,-0.9958,25.5,0.0718,0.088,0.227,0.06399,260.9,716.8,246.2,690.6,275.7,743.1,106,0.173,0
87,58.151,-251.312,260.228,0.9027,0.4303,0.0049,0.4962,-0.8635,0.0902,0.0432,-0.0792,-0.9959,25.5,0.0768,0.105,0.266,0.04332,263.0,715.8,248.1,689.7,277.9,742.0,107,0.37,0
88,59.898,-250.48,260.236,0.9025,0.4307,0.0029,0.5007,-0.8611,0.0888,0.0409,-0.0789,-0.996,25.5,0.0813,0.133,0.303,0.06068,265.0,714.8,250.0,688.8,280.1,741.0,108,0.683,0
89,61.644,-249.645,260.239,0.9017,0.4324,0.0002,0.5056,-0.8583,0.0872,0.038,-0.0788,-0.9962,25.5,0.0848,0.167,0.336,0.0974,267.1,713.9,251.9,687.9,282.3,739.9,109,1.109,0
90,63.387,-248.805,260.236,0.9002,0.4355,-0.0036,0.511,-0.8553,0.0856,0.0343,-0.0792,-0.9963,25.5,0.0872,0.213,0.366,0.15186,269.1,712.9,253.8,687.0,284.5,738.8,109,0.83,0
91,65.126,-247.959,260.224,0.8978,0.4402,-0.0086,0.5167,-0.852,0.084,0.0297,-0.0802,-0.9963,25.5,0.0881,0.27,0.388,0.2153,271.1,711.9,255.7,686.1,286.7,737.7,110,0.3,0
92,66.859,-247.101,260.201,0.8943,0.4472,-0.0154,0.5226,-0.8486,0.0822,0.0238,-0.0819,-0.9964,25.5,0.0866,0.352,0.404,0.30719,273.2,710.9,257.5,685.2,288.9,736.6,111,0.325,0
93,68.59,-246.237,260.169,0.8948,0.4461,-0.0173,0.5287,-0.845,0.0804,0.0214,-0.0815,-0.9964,25.5,0.0947,0.139,0.419,0.0667,275.2,709.9,259.3,684.3,291.1,735.5,112,1.033,0
94,70.321,-245.374,260.134,0.8949,0.4459,-0.0199,0.5348,-0.8413,0.0786,0.0184,-0.0814,-0.9965,25.5,0.1019,0.172,0.422,0.07728,277.2,708.8,261.2,683.4,293.3,734.3,112,0.903,0
95,72.051,-244.51,260.092,0.894,0.4474,-0.0237,0.5411,-0.8375,0.0766,0.0145,-0.0818,-0.9965,25.5,0.1072,0.225,0.437,0.1239,279.2,707.8,263.0,682.5,295.5,733.2,113,0.129,0
96,73.779,-243.642,260.041,0.8922,0.4507,-0.0287,0.5476,-0.8334,0.0745,0.0097,-0.0827,-0.9965,25.5,0.1108,0.28,0.456,0.18528,281.2,706.8,264.8,681.6,297.7,732.0,114,0.732,0
97,75.502,-242.766,259.98,0.8893,0.4561,-0.035,0.5542,-0.8292,0.0723,0.0039,-0.0843,-0.9964,25.5,0.1121,0.345,0.466,0.26033,283.3,705.8,266.6,680.7,299.9,730.9,114,1.204,0
98,77.219,-241.876,259.905,0.885,0.4637,-0.0429,0.561,-0.8248,0.07,-0.003,-0.0865,-0.9962,25.5,0.111,0.415,0.482,0.34874,285.3,704.7,268.5,679.8,302.1,729.7,115,0.295,0
99,78.925,-240.97,259.813,0.8791,0.4737,-0.0524,0.568,-0.8202,0.0675,-0.011,-0.0896,-0.9959,25.5,0.1073,0.492,0.501,0.44429,287.2,703.6,270.2,678.9,304.3,728.4,116,0.668,0
100,80.619,-240.042,259.701,0.8715,0.4862,-0.0634,0.5752,-0.8154,0.0649,-0.0203,-0.0935,-0.9954,25.5,0.1007,0.579,0.518,0.54214,289.2,702.5,272.0,678.0,306.5,727.2,116,1.267,0
101,82.298,-239.091,259.57,0.865,0.4966,-0.0717,0.5827,-0.8103,0.062,-0.0274,-0.0959,-0.995,25.5,0.0972,0.43,0.546,0.43868,291.2,701.4,273.7,677.0,308.7,725.9,117,0.261,0
102,83.966,-238.121,259.423,0.8585,0.5064,-0.0807,0.5903,-0.805,0.0591,-0.0352,-0.0988,-0.9945,25.5,0.0944,0.478,0.556,0.43857,293.1,700.2,275.4,676.0,310.8,724.5,118,0.78,0
103,85.62,-237.131,259.256,0.8515,0.5164,-0.0916,0.5982,-0.7994,0.0559,-0.0446,-0.1028,-0.9937,25.5,0.0914,0.587,0.584,0.48464,295.0,699.1,277.1,675.0,313.0,723.1,118,1.155,0
104,87.26,-236.123,259.067,0.8438,0.5264,-0.1044,0.6062,-0.7936,0.0524,-0.0555,-0.108,-0.9926,25.5,0.0883,0.695,0.601,0.53239,296.9,697.8,278.8,674.0,315.1,721.7,119,0.089,0
105,88.884,-235.095,258.851,0.8356,0.5362,-0.1194,0.6144,-0.7875,0.0488,-0.0681,-0.1145,-0.9911,25.5,0.0853,0.817,0.621,0.58364,298.8,696.6,280.5,672.9,317.2,720.3,120,0.998,0
106,90.492,-234.048,258.604,0.8266,0.5459,-0.1366,0.6227,-0.7811,0.0449,-0.0825,-0.1225,-0.989,25.5,0.0822,0.951,0.641,0.64279,300.7,695.3,282.1,671.9,319.3,718.8,120,0.937,0
107,92.082,-232.982,258.323,0.8166,0.5566,-0.1529,0.6313,-0.7745,0.0407,-0.0961,-0.1301,-0.9868,25.5,0.0782,0.902,0.666,0.64906,302.5,694.0,283.7,670.8,321.4,717.3,121,0.162,0
108,93.651,-231.894,258.011,0.8054,0.5678,-0.1698,0.6399,-0.7676,0.0362,-0.1101,-0.1381,-0.9843,25.5,0.0734,0.935,0.682,0.68606,304.3,692.7,285.2,669.7,323.5,715.7,122,1.265,0
109,95.197,-230.785,257.665,0.7933,0.5789,-0.1885,0.6486,-0.7605,0.0314,-0.1255,-0.1475,-0.9811,25.5,0.0684,1.05,0.7,0.73709,306.1,691.4,286.8,668.6,325.5,714.1,122,0.67,0
110,96.719,-229.655,257.281,0.7801,0.5896,-0.2092,0.6574,-0.7531,0.0262,-0.1424,-0.1583,-0.9771,25.5,0.0633,1.172,0.723,0.79323,307.9,690.0,288.3,667.5,327.5,712.5,123,0.434,0
111,98.215,-228.504,256.854,0.7659,0.5997,-0.2317,0.6663,-0.7454,0.0207,-0.1605,-0.1706,-0.9722,25.5,0.0585,1.285,0.744,0.843,309.6,688.6,289.7,666.3,329.4,710.8,123,1.501,0
112,99.681,-227.334,256.384,0.7496,0.6109,-0.255,0.6752,-0.7375,0.0148,-0.1792,-0.1835,-0.9665,25.5,0.0518,1.342,0.761,0.90523,311.2,687.1,291.1,665.1,331.4,709.1,124,0.398,0
113,101.114,-226.141,255.868,0.732,0.6217,-0.2786,0.6841,-0.7293,0.0086,-0.198,-0.197,-0.9602,25.5,0.045,1.374,0.779,0.92877,312.9,685.6,292.5,663.9,333.2,707.4,125,0.701,0
114,102.513,-224.929,255.306,0.7141,0.6313,-0.3024,0.693,-0.7209,0.0018,-0.217,-0.211,-0.9531,25.5,0.0392,1.412,0.802,0.92685,314.5,684.1,293.9,662.7,335.1,705.6,125,1.234,0
115,103.878,-223.7,254.698,0.6963,0.6394,-0.326,0.7019,-0.7123,-0.0053,-0.2357,-0.2253,-0.9454,25.5,0.035,1.419,0.818,0.90786,316.0,682.6,295.2,661.5,336.8,703.7,126,0.143,0
116,105.207,-222.456,254.045,0.6779,0.647,-0.349,0.7107,-0.7034,-0.0129,-0.2539,-0.2394,-0.9371,25.5,0.0312,1.402,0.839,0.90103,317.5,681.0,296.4,660.2,338.6,701.9,127,0.942,0
117,106.499,-221.196,253.347,0.6577,0.6547,-0.3726,0.7195,-0.6942,-0.0209,-0.2724,-0.2544,-0.9279,25.5,0.0265,1.463,0.861,0.94795,319.0,679.4,297.6,658.9,340.3,700.0,127,0.993,0
118,107.751,-219.923,252.602,0.6361,0.6614,-0.3974,0.7281,-0.6848,-0.0295,-0.2917,-0.2707,-0.9174,25.5,0.0219,1.568,0.881,0.99414,320.3,677.8,298.8,657.6,341.9,698.0,128,0.08,0
119,108.959,-218.638,251.809,0.6128,0.667,-0.4237,0.7366,-0.6752,-0.0385,-0.3119,-0.2886,-0.9053,25.5,0.0173,1.695,0.898,1.05388,321.7,676.2,299.9,656.3,343.4,696.1,129,1.14,0
120,110.12,-217.343,250.962,0.5869,0.6721,-0.4516,0.745,-0.6653,-0.0482,-0.3328,-0.3081,-0.8912,25.5,0.0119,1.826,0.929,1.1377,323.0,674.6,301.0,655.0,344.9,694.1,129,0.794,0
121,111.23,-216.038,250.062,0.5598,0.6765,-0.4785,0.7532,-0.6552,-0.0585,-0.353,-0.3276,-0.8764,25.5,0.0064,1.819,0.951,1.1385,324.2,672.9,302.0,653.7,346.3,692.1,130,0.254,0
122,112.287,-214.726,249.112,0.5333,0.6792,-0.5042,0.7612,-0.6448,-0.0693,-0.3722,-0.3468,-0.8609,25.5,0.0029,1.791,0.974,1.09643,325.3,671.2,302.9,652.4,347.7,690.0,131,1.287,0
123,113.293,-213.411,248.112,0.5072,0.6803,-0.5291,0.7688,-0.6343,-0.0807,-0.3905,-0.3658,-0.8448,25.5,0.0011,1.771,0.989,1.06899,326.4,669.5,303.8,651.1,349.0,688.0,131,0.648,0
124,114.248,-212.095,247.064,0.479,0.6808,-0.5541,0.7762,-0.6237,-0.0926,-0.4086,-0.3857,-0.8272,25.5,0.0015,1.842,1.007,1.11638,327.4,667.9,304.7,649.8,350.1,685.9,132,0.374,1
125,115.146,-210.778,245.968,0.4492,0.6803,-0.5792,0.7832,-0.6128,-0.105,-0.4264,-0.4064,-0.8081,25.5,0.0043,1.909,1.027,1.1542,328.4,666.2,305.4,648.4,351.2,683.8,133,1.383,1
126,115.986,-209.464,244.824,0.4195,0.6783,-0.6033,0.7898,-0.6019,-0.118,-0.4432,-0.427,-0.7882,25.5,0.0058,1.903,1.043,1.13448,329.3,664.5,306.2,647.1,352.3,681.7,133,0.553,1
127,116.769,-208.154,243.635,0.39,0.675,-0.6263,0.796,-0.5908,-0.1315,-0.4588,-0.4472,-0.7678,25.5,0.006,1.872,1.063,1.1123,330.1,662.8,306.8,645.8,353.2,679.6,134,0.447,1
128,117.494,-206.852,242.402,0.3593,0.6712,-0.6484,0.8018,-0.5796,-0.1456,-0.4736,-0.4675,-0.7464,25.5,0.0065,1.891,1.084,1.12612,330.8,661.1,307.4,644.5,354.0,677.5,135,1.434,1
129,118.16,-205.558,241.127,0.3294,0.6661,-0.6692,0.807,-0.5684,-0.1603,-0.4871,-0.4872,-0.7248,25.5,0.0055,1.845,1.1,1.08938,331.4,659.4,308.0,643.2,354.8,675.4,135,0.501,1
130,118.768,-204.276,239.813,0.3,0.6598,-0.689,0.8117,-0.557,-0.1756,-0.4996,-0.5066,-0.7027,25.5,0.003,1.831,1.126,1.06637,332.0,657.7,308.5,641.9,355.5,673.4,136,0.47,1
131,119.319,-203.006,238.461,0.2686,0.6525,-0.7086,0.8159,-0.5455,-0.1916,-0.5116,-0.5267,-0.6789,25.5,0.001,1.913,1.154,1.11749,332.5,656.0,308.9,640.7,356.0,671.3,137,1.42,1
132,119.809,-201.751,237.073,0.2385,0.6446,-0.7264,0.8195,-0.5339,-0.2082,-0.5221,-0.5456,-0.6556,25.5,0.0025,1.821,1.179,1.06188,333.0,654.4,309.3,639.4,356.5,669.2,137,0.515,1
133,120.243,-200.512,235.652,0.2108,0.6361,-0.7423,0.8225,-0.5222,-0.2255,-0.5311,-0.563,-0.6333,25.5,0.0086,1.701,1.209,0.97894,333.4,652.7,309.7,638.2,356.9,667.2,138,0.409,1
134,120.626,-199.291,234.202,0.1849,0.6269,-0.7569,0.8248,-0.5103,-0.2434,-0.5389,-0.5794,-0.6115,25.5,0.0168,1.626,1.239,0.92185,333.7,651.1,310.0,637.0,357.2,665.1,139,1.299,1
135,120.956,-198.087,232.724,0.1567,0.6173,-0.771,0.8265,-0.4983,-0.2619,-0.546,-0.5963,-0.5885,25.5,0.0238,1.685,1.267,0.97612,333.9,649.5,310.2,635.8,357.4,663.1,139,0.636,1
136,121.232,-196.903,231.219,0.1281,0.6062,-0.7849,0.8275,-0.4861,-0.2809,-0.5522,-0.6138,-0.5642,25.5,0.0318,1.752,1.295,0.99762,334.1,647.9,310.4,634.7,357.6,661.1,140,0.215,1
137,121.452,-195.743,229.687,0.099,0.5933,-0.7989,0.8277,-0.4738,-0.3006,-0.5573,-0.632,-0.5385,25.5,0.041,1.828,1.331,1.03004,334.2,646.4,310.6,633.6,357.6,659.1,141,1.018,1
138,121.613,-194.609,228.128,0.0673,0.5788,-0.8127,0.8272,-0.4612,-0.321,-0.5613,-0.6514,-0.5105,25.5,0.0496,1.965,1.374,1.11049,334.3,644.9,310.7,632.5,357.6,657.1,141,0.916,1
139,121.714,-193.503,226.544,0.0369,0.5642,-0.8248,0.8258,-0.4485,-0.342,-0.5639,-0.6696,-0.4833,25.5,0.0595,1.881,1.408,1.06127,334.2,643.4,310.8,631.5,357.4,655.2,142,0.164,1
140,121.759,-192.426,224.938,0.0107,0.5501,-0.835,0.8234,-0.4357,-0.3636,-0.5653,-0.6855,-0.4588,25.5,0.0727,1.675,1.445,0.93165,334.2,641.9,310.8,630.5,357.2,653.3,143,0.536,1
141,121.758,-191.375,223.314,-0.0117,0.5366,-0.8437,0.8201,-0.4226,-0.3858,-0.5659,-0.6993,-0.4369,25.5,0.0891,1.484,1.489,0.81641,334.0,640.5,310.9,629.5,356.9,651.4,144,1.181,1
142,121.709,-190.351,221.674,-0.0381,0.522,-0.8521,0.8158,-0.4094,-0.4086,-0.5651,-0.7145,-0.4125,25.5,0.1034,1.648,1.529,0.92758,333.8,639.1,310.9,628.6,356.5,649.5,144,0.754,1
143,121.613,-189.355,220.018,-0.0614,0.507,-0.8597,0.8103,-0.3959,-0.432,-0.5636,-0.7285,-0.3894,25.5,0.1209,1.55,1.58,0.8511,333.6,637.7,310.8,627.7,356.0,647.7,145,0.168,1
144,121.473,-188.389,218.348,-0.0822,0.4916,-0.867,0.8037,-0.3822,-0.4561,-0.5612,-0.7417,-0.3673,25.5,0.1415,1.481,1.633,0.79647,333.3,636.4,310.8,626.8,355.4,645.9,146,0.357,1
145,121.294,-187.454,216.664,-0.1047,0.4754,-0.8735,0.7958,-0.3682,-0.4808,-0.5576,-0.7554,-0.3443,25.5,0.1616,1.548,1.689,0.84344,332.9,635.1,310.7,626.0,354.7,644.1,147,0.813,1
146,121.07,-186.55,214.968,-0.1262,0.4592,-0.8793,0.7864,-0.3539,-0.5062,-0.553,-0.7684,-0.322,25.5,0.1833,1.502,1.755,0.81566,332.5,633.9,310.7,625.3,354.0,642.3,147,1.121,1
147,120.808,-185.677,213.262,-0.1442,0.4428,-0.885,0.7756,-0.3392,-0.5323,-0.548,-0.7804,-0.3012,25.5,0.209,1.405,1.825,0.74074,332.1,632.6,310.6,624.6,353.1,640.6,148,0.74,1
148,120.514,-184.837,211.544,-0.1599,0.4257,-0.8906,0.7631,-0.324,-0.5592,-0.5422,-0.7918,-0.2811,25.5,0.2381,1.365,1.91,0.70728,331.6,631.5,310.6,623.9,352.2,638.9,149,0.44,1
149,120.186,-184.031,209.817,-0.1791,0.4076,-0.8954,0.7487,-0.3084,-0.5868,-0.5345,-0.8044,-0.2593,25.5,0.2656,1.509,1.995,0.79437,331.1,630.3,310.5,623.3,351.2,637.2,150,0.227,1
150,119.823,-183.26,208.08,-0.1958,0.3896,-0.8999,0.7325,-0.2923,-0.6149,-0.5262,-0.8162,-0.2388,25.5,0.296,1.436,2.075,0.73937,330.5,629.2,310.5,622.8,350.1,635.5,151,0.099,1
151,119.43,-182.523,206.335,-0.2102,0.3716,-0.9043,0.7142,-0.2759,-0.6433,-0.5173,-0.8271,-0.2196,25.5,0.3291,1.364,2.152,0.6951,329.9,628.2,310.5,622.3,348.9,633.9,152,0.056,1
152,119.007,-181.823,204.582,-0.2275,0.3522,-0.9078,0.6938,-0.2593,-0.6719,-0.5061,-0.8392,-0.1987,25.5,0.3608,1.525,2.226,0.77685,329.3,627.2,310.6,621.8,347.6,632.4,153,0.094,1
153,118.551,-181.161,202.822,-0.2424,0.3329,-0.9113,0.6712,-0.2427,-0.7005,-0.4945,-0.8505,-0.1792,25.5,0.3949,1.452,2.295,0.72961,328.6,626.2,310.6,621.4,346.2,630.8,154,0.214,1
154,118.071,-180.535,201.056,-0.2531,0.3143,-0.915,0.6463,-0.2261,-0.7288,-0.4834,-0.8603,-0.1618,25.5,0.4322,1.309,2.36,0.64489,327.9,625.2,310.7,621.1,344.7,629.3,155,0.415,1
155,117.57,-179.945,199.283,-0.2663,0.2954,-0.9175,0.619,-0.2097,-0.7569,-0.4706,-0.8705,-0.1437,25.5,0.4677,1.398,2.434,0.6868,327.2,624.4,310.9,620.7,343.2,627.9,156,0.696,1
156,117.044,-179.392,197.506,-0.2769,0.2762,-0.9203,0.5893,-0.1937,-0.7844,-0.4576,-0.8801,-0.1264,25.5,0.5052,1.356,2.494,0.65489,326.5,623.5,311.0,620.4,341.5,626.5,158,0.438,1
157,116.503,-178.876,195.721,-0.2816,0.2568,-0.9245,0.557,-0.178,-0.8112,-0.4455,-0.8884,-0.111,25.5,0.5474,1.219,2.568,0.60417,325.7,622.7,311.3,620.2,339.8,625.2,159,0.076,1
158,115.953,-178.4,193.929,-0.2891,0.2349,-0.928,0.5221,-0.1627,-0.8372,-0.4298,-0.8981,-0.0934,25.5,0.5878,1.461,2.643,0.69342,325.0,622.0,311.6,619.9,338.0,623.9,161,0.64,1
159,115.388,-177.966,192.13,-0.2936,0.2146,-0.9315,0.4844,-0.1479,-0.8622,-0.4153,-0.9063,-0.0778,25.5,0.6292,1.308,2.727,0.62456,324.2,621.2,312.0,619.7,336.1,622.7,162,0.052,1
160,114.825,-177.567,190.323,-0.2869,0.1987,-0.9371,0.4438,-0.1333,-0.8862,-0.4089,-0.9101,-0.0678,25.5,0.6766,0.714,2.829,0.5373,323.4,620.6,312.4,619.5,334.1,621.6,164,0.372,1
161,114.28,-177.196,188.504,-0.2777,0.1837,-0.9429,0.3999,-0.1188,-0.9088,-0.4046,-0.9126,-0.0587,25.5,0.724,0.594,2.949,0.54874,322.7,619.9,313.0,619.4,332.1,620.5,165,0.434,1
162,113.749,-176.857,186.675,-0.2713,0.1671,-0.9479,0.3536,-0.1047,-0.9295,-0.3972,-0.9165,-0.0479,25.5,0.7676,0.783,3.016,0.54737,321.9,619.3,313.6,619.3,330.0,619.4,167,0.18,1
163,113.231,-176.548,184.837,-0.2641,0.1524,-0.9524,0.3063,-0.0917,-0.9475,-0.3929,-0.9188,-0.0381,25.5,0.8075,0.627,2.994,0.5028,321.2,618.8,314.3,619.1,327.9,618.4,169,0.027,1
164,112.729,-176.266,182.99,-0.2542,0.1385,-0.9572,0.2596,-0.0806,-0.9624,-0.3923,-0.9194,-0.0288,25.5,0.8441,0.535,2.88,0.52503,320.5,618.2,314.9,618.9,325.9,617.5,171,0.235,1
165,112.245,-176.011,181.135,-0.248,0.1254,-0.9606,0.2146,-0.0718,-0.9741,-0.3925,-0.9196,-0.0187,25.5,0.8735,0.579,2.711,0.44095,319.8,617.7,315.6,618.7,323.9,616.8,173,0.495,1
166,111.766,-175.779,179.275,-0.248,0.1154,-0.9619,0.172,-0.0652,-0.9829,-0.3953,-0.9185,-0.0083,25.5,0.8953,0.62,2.521,0.29867,319.1,617.2,316.1,618.4,322.0,616.1,174,0.308,1
167,111.282,-175.563,177.415,-0.2518,0.107,-0.9618,0.1327,-0.0608,-0.9893,-0.3999,-0.9166,0.0027,25.5,0.9116,0.692,2.295,0.27307,318.5,616.8,316.6,618.1,320.3,615.5,176,0.115,1
168,110.795,-175.368,175.553,-0.2522,0.0954,-0.963,0.097,-0.0587,-0.9936,-0.4025,-0.9153,0.0148,25.5,0.9268,0.713,2.064,0.3456,317.8,616.3,316.9,617.7,318.6,615.0,177,0.588,1
169,110.306,-175.19,173.689,-0.2526,0.0897,-0.9634,0.0647,-0.0585,-0.9962,-0.4209,-0.9067,0.0259,25.5,0.9381,1.326,1.857,0.16964,317.1,615.9,317.2,617.3,317.0,614.6,179,0.061,1
170,109.817,-175.018,171.825,-0.253,0.0886,-0.9634,0.0355,-0.06,-0.9976,-0.4543,-0.89,0.0374,25.5,0.9468,2.239,1.677,0.03466,316.4,615.5,317.3,616.9,315.5,614.2,180,0.52,1
171,109.328,-174.845,169.962,-0.2533,0.0913,-0.9631,0.0088,-0.063,-0.998,-0.5018,-0.8635,0.0501,25.5,0.9532,3.201,1.54,0.08094,315.7,615.1,317.4,616.3,314.1,613.9,182,0.404,1
172,108.837,-174.663,168.1,-0.2538,0.0972,-0.9624,-0.0157,-0.0672,-0.9976,-0.5603,-0.8258,0.0644,25.5,0.9575,4.072,1.424,0.17659,315.1,614.7,317.4,615.8,312.8,613.6,183,0.024,1
173,108.343,-174.479,166.238,-0.2563,0.093,-0.9621,-0.0384,-0.0723,-0.9966,-0.5942,-0.8003,0.0809,25.5,0.9619,2.608,1.334,0.14501,314.4,614.2,317.4,615.2,311.5,613.3,184,0.4,1
174,107.846,-174.3,164.377,-0.2573,0.0925,-0.9619,-0.0594,-0.0783,-0.9952,-0.6405,-0.7617,0.0981,25.5,0.9653,3.592,1.254,0.03364,313.7,613.8,317.3,614.6,310.2,613.1,185,0.723,1
175,107.349,-174.12,162.516,-0.2571,0.095,-0.9617,-0.0787,-0.085,-0.9933,-0.6956,-0.7091,0.1159,25.5,0.9674,4.483,1.176,0.07451,313.0,613.4,317.1,614.0,309.0,612.8,187,0.719,1
176,106.852,-173.931,160.656,-0.2556,0.1005,-0.9615,-0.0966,-0.0926,-0.991,-0.7549,-0.6421,0.1336,25.5,0.9682,5.227,1.122,0.16894,312.3,613.0,316.9,613.3,307.9,612.6,188,0.55,1
177,106.36,-173.729,158.796,-0.2529,0.109,-0.9613,-0.113,-0.1008,-0.9885,-0.8134,-0.562,0.1503,25.5,0.9678,5.765,1.06,0.26421,311.7,612.5,316.7,612.7,306.8,612.4,189,0.432,1
178,105.875,-173.507,156.936,-0.249,0.1208,-0.961,-0.1281,-0.1097,-0.9857,-0.866,-0.472,0.165,25.5,0.9659,6.035,1.017,0.36813,311.0,612.1,316.4,611.9,305.7,612.2,190,0.364,1
179,105.398,-173.262,155.078,-0.2435,0.1302,-0.9611,-0.1419,-0.1191,-0.9827,-0.9059,-0.3845,0.1774,25.5,0.9635,5.558,0.972,0.32261,310.3,611.6,316.1,611.2,304.7,612.0,191,0.347,1
180,104.932,-173.004,153.218,-0.2391,0.1369,-0.9613,-0.1545,-0.1291,-0.9795,-0.9322,-0.3094,0.1878,25.5,0.9609,4.599,0.94,0.23748,309.7,611.1,315.8,610.4,303.7,611.8,192,0.376,1
181,104.472,-172.732,151.359,-0.2365,0.1447,-0.9608,-0.1661,-0.1396,-0.9762,-0.9492,-0.2458,0.1966,25.5,0.957,3.806,0.916,0.24396,309.1,610.6,315.5,609.5,302.8,611.6,193,0.445,1
182,104.016,-172.443,149.501,-0.2356,0.1537,-0.9596,-0.1766,-0.1505,-0.9727,-0.9594,-0.1946,0.2043,25.5,0.9519,3.024,0.89,0.27023,308.4,610.1,315.2,608.7,301.9,611.4,194,0.548,1
183,103.559,-172.136,147.646,-0.2363,0.164,-0.9577,-0.1863,-0.162,-0.9691,-0.9649,-0.1555,0.2115,25.5,0.9456,2.3,0.886,0.31091,307.8,609.5,314.8,607.8,301.1,611.2,195,0.68,1
184,103.1,-171.808,145.796,-0.2388,0.1757,-0.955,-0.1951,-0.1739,-0.9652,-0.9675,-0.1274,0.2185,25.5,0.9378,1.666,0.877,0.36324,307.2,609.0,314.4,606.9,300.2,611.0,196,0.835,1
185,102.634,-171.456,143.952,-0.2421,0.1887,-0.9517,-0.2032,-0.1862,-0.9613,-0.9685,-0.1061,0.2253,25.5,0.9289,1.282,0.873,0.40911,306.6,608.4,314.0,605.9,299.4,610.7,197,1.008,1
186,102.168,-171.079,142.112,-0.2407,0.2003,-0.9497,-0.2107,-0.1989,-0.9571,-0.9702,-0.0772,0.2296,25.5,0.9198,1.677,0.879,0.3511,305.9,607.8,313.5,604.9,298.6,610.5,197,0.927,1
187,101.702,-170.681,140.278,-0.2411,0.2118,-0.9471,-0.2175,-0.2121,-0.9528,-0.9705,-0.0573,0.2343,25.5,0.9099,1.172,0.886,0.3494,305.3,607.1,313.0,603.9,297.8,610.2,198,0.741,1
188,101.234,-170.26,138.448,-0.2434,0.2231,-0.9439,-0.2236,-0.2256,-0.9482,-0.9699,-0.0451,0.2394,25.5,0.8991,0.758,0.889,0.35446,304.7,606.5,312.6,602.9,297.0,609.9,199,0.549,1
189,100.759,-169.818,136.626,-0.2476,0.2342,-0.9401,-0.229,-0.2394,-0.9435,-0.9686,-0.0398,0.2452,25.5,0.8876,0.456,0.891,0.36909,304.0,605.8,312.1,601.8,296.3,609.7,200,0.355,1
190,100.274,-169.354,134.811,-0.2539,0.2452,-0.9356,-0.2338,-0.2537,-0.9386,-0.9669,-0.0403,0.2518,25.5,0.8753,0.392,0.909,0.3984,303.4,605.1,311.5,600.6,295.5,609.4,201,0.167,1
191,99.776,-168.869,133.006,-0.2608,0.2565,-0.9307,-0.2379,-0.2682,-0.9335,-0.965,-0.0435,0.2585,25.5,0.8621,0.439,0.911,0.41816,302.7,604.3,310.9,599.5,294.8,609.1,202,0.011,1
192,99.27,-168.36,131.21,-0.2627,0.2699,-0.9263,-0.2413,-0.2832,-0.9282,-0.9642,-0.0382,0.2623,25.5,0.8467,0.376,0.932,0.42151,302.1,603.6,310.4,598.3,294.0,608.7,203,0.17,1
193,98.758,-167.826,129.423,-0.2671,0.2818,-0.9215,-0.244,-0.2985,-0.9227,-0.9629,-0.0389,0.2672,25.5,0.8313,0.293,0.944,0.40178,301.4,602.8,309.7,597.1,293.3,608.4,204,0.306,1
194,98.234,-167.27,127.645,-0.2742,0.2922,-0.9162,-0.246,-0.3141,-0.9169,-0.9609,-0.0449,0.2732,25.5,0.8157,0.499,0.96,0.40463,300.7,602.0,309.1,595.9,292.6,608.1,205,0.412,1
195,97.695,-166.696,125.878,-0.2841,0.3013,-0.9102,-0.2474,-0.3302,-0.9109,-0.9582,-0.056,0.2805,25.5,0.7999,0.777,0.988,0.43612,300.0,601.2,308.4,594.6,291.9,607.7,206,0.481,1
196,97.133,-166.106,124.124,-0.2972,0.309,-0.9035,-0.248,-0.3466,-0.9046,-0.9545,-0.0721,0.2893,25.5,0.7839,1.072,1.007,0.49186,299.3,600.4,307.7,593.3,291.2,607.4,207,0.507,1
197,96.546,-165.499,122.383,-0.3081,0.3206,-0.8957,-0.2479,-0.3635,-0.898,-0.9512,-0.0848,0.2969,25.5,0.7642,0.869,1.04,0.52494,298.6,599.6,306.9,592.0,290.5,607.0,208,0.491,1
198,95.941,-164.865,120.658,-0.3175,0.3336,-0.8876,-0.2471,-0.3806,-0.8911,-0.9481,-0.095,0.3035,25.5,0.7424,0.718,1.058,0.53234,297.8,598.7,306.1,590.6,289.8,606.6,209,0.446,1
199,95.315,-164.211,118.949,-0.3305,0.342,-0.8797,-0.2456,-0.3979,-0.884,-0.9438,-0.1101,0.3118,25.5,0.7227,1.018,1.075,0.51469,297.1,597.8,305.2,589.2,289.1,606.2,210,0.383,1
200,94.66,-163.546,117.254,-0.3467,0.3451,-0.8722,-0.2434,-0.415,-0.8766,-0.938,-0.1293,0.3217,25.5,0.7057,1.282,1.075,0.53665,296.3,596.9,304.4,587.8,288.4,605.8,211,0.316,1
201,93.972,-162.879,115.574,-0.3655,0.343,-0.8653,-0.2406,-0.4319,-0.8692,-0.9306,-0.1517,0.333,25.5,0.6919,1.499,1.069,0.59643,295.4,596.1,303.4,586.5,287.6,605.4,212,0.257,1
202,93.247,-162.218,113.907,-0.3828,0.3427,-0.8579,-0.2372,-0.4484,-0.8618,-0.9234,-0.1717,0.3434,25.5,0.6765,1.356,1.054,0.55736,294.5,595.2,302.4,585.1,286.9,605.0,213,0.22,1
203,92.492,-161.552,112.255,-0.3981,0.3453,-0.8498,-0.2331,-0.4642,-0.8545,-0.9165,-0.1888,0.3526,25.5,0.6587,1.181,1.025,0.5185,293.6,594.3,301.4,583.8,286.1,604.6,214,0.218,1
204,91.706,-160.884,110.618,-0.4141,0.3457,-0.842,-0.2286,-0.4795,-0.8472,-0.9089,-0.2066,0.3622,25.5,0.6422,1.238,1.005,0.52736,292.7,593.4,300.3,582.4,285.3,604.1,215,0.263,1
205,90.889,-160.216,108.997,-0.4308,0.3438,-0.8344,-0.2237,-0.4942,-0.8401,-0.9005,-0.2251,0.3721,25.5,0.6274,1.295,0.977,0.54636,291.7,592.5,299.1,581.2,284.5,603.7,216,0.367,1
206,90.039,-159.555,107.39,-0.448,0.3397,-0.827,-0.2184,-0.5083,-0.8331,-0.8912,-0.244,0.3825,25.5,0.6141,1.346,0.952,0.56769,290.8,591.7,298.0,579.9,283.7,603.2,217,0.532,1
207,89.156,-158.903,105.797,-0.4644,0.3346,-0.82,-0.2128,-0.5216,-0.8262,-0.8817,-0.262,0.3925,25.5,0.6018,1.299,0.916,0.5493,289.7,590.8,296.8,578.6,282.9,602.7,218,0.761,1
208,88.243,-158.259,104.218,-0.4796,0.3312,-0.8126,-0.207,-0.5343,-0.8195,-0.8726,-0.278,0.4017,25.5,0.5882,1.179,0.887,0.51074,288.7,590.0,295.5,577.4,282.0,602.2,219,1.056,1
209,87.3,-157.621,102.653,-0.4951,0.3283,-0.8044,-0.2011,-0.5464,-0.813,-0.8629,-0.2941,0.4111,25.5,0.5742,1.204,0.857,0.52643,287.6,589.2,294.2,576.3,281.1,601.7,219,0.879,1
210,86.327,-156.989,101.106,-0.5109,0.3259,-0.7955,-0.195,-0.5578,-0.8067,-0.8526,-0.3101,0.4205,25.5,0.5596,1.216,0.824,0.54178,286.5,588.3,292.9,575.1,280.2,601.2,220,0.516,1
211,85.323,-156.36,99.576,-0.5268,0.3241,-0.7857,-0.1888,-0.5687,-0.8006,-0.8419,-0.3259,0.43,25.5,0.5442,1.221,0.799,0.55578,285.3,587.5,291.6,574.0,279.2,600.7,221,0.083,1
212,84.288,-155.734,98.066,-0.5429,0.3228,-0.7753,-0.1825,-0.5791,-0.7946,-0.8308,-0.3414,0.4396,25.5,0.5282,1.223,0.777,0.56896,284.1,586.7,290.2,572.9,278.2,600.2,222,0.422,1
213,83.224,-155.113,96.575,-0.558,0.3197,-0.7658,-0.1761,-0.5889,-0.7888,-0.8198,-0.3559,0.4487,25.5,0.5141,1.166,0.748,0.53629,282.9,585.9,288.8,571.8,277.2,599.7,223,1.004,1
214,82.13,-154.497,95.103,-0.5722,0.3173,-0.7563,-0.1696,-0.5983,-0.7831,-0.8091,-0.3691,0.4573,25.5,0.4995,1.091,0.732,0.511,281.7,585.1,287.4,570.8,276.2,599.2,223,0.931,1
215,81.01,-153.885,93.649,-0.5856,0.3154,-0.7467,-0.1631,-0.6072,-0.7776,-0.7988,-0.3813,0.4653,25.5,0.4846,1.023,0.706,0.49144,280.5,584.3,285.9,569.7,275.1,598.6,224,0.273,1
216,79.865,-153.276,92.214,-0.5984,0.3142,-0.737,-0.1566,-0.6158,-0.7722,-0.7887,-0.3927,0.473,25.5,0.4693,0.978,0.691,0.47699,279.2,583.6,284.4,568.7,274.1,598.1,225,0.451,1
217,78.695,-152.669,90.798,-0.6108,0.3136,-0.7271,-0.1499,-0.624,-0.7669,-0.7789,-0.4033,0.4804,25.5,0.4535,0.929,0.678,0.47027,277.9,582.8,282.9,567.7,273.0,597.5,226,1.221,2
218,77.502,-152.062,89.401,-0.6228,0.3132,-0.717,-0.1432,-0.6319,-0.7617,-0.7691,-0.4133,0.4875,25.5,0.4374,0.899,0.664,0.46474,276.6,582.0,281.4,566.7,271.8,597.0,226,0.713,2
219,76.286,-151.458,88.023,-0.6342,0.3112,-0.7077,-0.1364,-0.6395,-0.7565,-0.7593,-0.423,0.4945,25.5,0.4229,0.886,0.656,0.43973,275.2,581.2,279.8,565.7,270.7,596.4,227,0.087,2
220,75.048,-150.858,86.663,-0.6455,0.3097,-0.6981,-0.1296,-0.647,-0.7514,-0.7496,-0.4322,0.5013,25.5,0.4078,0.859,0.65,0.44139,273.8,580.5,278.2,564.8,269.5,595.9,228,0.897,2
221,73.789,-150.26,85.322,-0.6568,0.3088,-0.688,-0.1226,-0.6542,-0.7463,-0.7397,-0.4411,0.5082,25.5,0.392,0.859,0.645,0.44965,272.5,579.7,276.7,563.8,268.4,595.3,228,1.038,2
222,72.507,-149.663,84.002,-0.6684,0.3083,-0.6769,-0.1155,-0.6612,-0.7412,-0.7294,-0.4501,0.5152,25.5,0.3751,0.88,0.642,0.47573,271.1,579.0,275.0,562.9,267.2,594.8,229,0.235,2
223,71.202,-149.066,82.704,-0.6805,0.3083,-0.6647,-0.1083,-0.6681,-0.7361,-0.7184,-0.4593,0.5225,25.5,0.357,0.922,0.642,0.50888,269.6,578.2,273.4,561.9,266.0,594.2,230,0.544,2
224,69.873,-148.47,81.431,-0.6936,0.3088,-0.6508,-0.1009,-0.6749,-0.731,-0.7063,-0.4689,0.5303,25.5,0.3373,0.991,0.646,0.56589,268.2,577.5,271.7,561.0,264.7,593.7,231,1.279,2
225,68.519,-147.874,80.185,-0.7065,0.3073,-0.6375,-0.0934,-0.6815,-0.7258,-0.6938,-0.4783,0.5384,25.5,0.3193,1.009,0.645,0.55064,266.7,576.8,270.0,560.1,263.5,593.1,231,0.656,2
226,67.14,-147.28,78.965,-0.7193,0.3062,-0.6235,-0.0856,-0.688,-0.7206,-0.6811,-0.4874,0.5464,25.5,0.3002,1.006,0.654,0.56282,265.2,576.0,268.3,559.2,262.2,592.6,232,0.023,2
227,65.736,-146.688,77.773,-0.7319,0.3059,-0.6088,-0.0777,-0.6945,-0.7153,-0.6684,-0.496,0.5543,25.5,0.2799,0.989,0.66,0.57355,263.7,575.3,266.5,558.2,260.9,592.0,233,0.626,2
228,64.308,-146.096,76.61,-0.7441,0.3065,-0.5937,-0.0696,-0.7009,-0.7099,-0.6559,-0.504,0.5619,25.5,0.2584,0.955,0.668,0.57523,262.2,574.6,264.8,557.3,259.6,591.5,234,1.16,2
229,62.858,-145.502,75.476,-0.7556,0.3078,-0.5782,-0.0613,-0.7071,-0.7044,-0.6439,-0.5113,0.5692,25.5,0.236,0.907,0.672,0.57293,260.6,573.9,262.9,556.5,258.3,590.9,234,0.775,2
230,61.385,-144.905,74.373,-0.7671,0.3088,-0.5624,-0.0527,-0.7133,-0.6988,-0.6314,-0.5183,0.5767,25.5,0.2132,0.927,0.687,0.57956,259.0,573.2,261.1,555.6,257.0,590.4,235,0.316,2
231,59.889,-144.309,73.301,-0.779,0.3082,-0.546,-0.0439,-0.7195,-0.6931,-0.6178,-0.5257,0.5848,25.5,0.1909,1.001,0.698,0.60038,257.4,572.4,259.3,554.7,255.6,589.8,236,0.065,2
232,58.372,-143.712,72.26,-0.7898,0.3086,-0.5301,-0.0348,-0.7256,-0.6872,-0.6053,-0.5319,0.5922,25.5,0.1678,0.905,0.713,0.56941,255.8,571.7,257.4,553.8,254.3,589.3,237,0.365,2
233,56.834,-143.114,71.249,-0.7995,0.3097,-0.5147,-0.0254,-0.7317,-0.6812,-0.5938,-0.5372,0.5991,25.5,0.1443,0.826,0.728,0.54003,254.2,571.0,255.5,552.9,252.9,588.8,238,0.579,2
234,55.279,-142.513,70.268,-0.8083,0.3118,-0.4995,-0.0156,-0.7377,-0.6749,-0.5831,-0.5416,0.6055,25.5,0.1197,0.758,0.751,0.52388,252.5,570.3,253.5,552.0,251.5,588.2,239,0.703,2
235,53.707,-141.907,69.317,-0.8163,0.3148,-0.4843,-0.0055,-0.7438,-0.6684,-0.5732,-0.5454,0.6116,25.5,0.094,0.701,0.772,0.51645,250.9,569.6,251.6,551.1,250.2,587.7,240,0.734,2
236,52.121,-141.292,68.397,-0.824,0.3214,-0.4667,0.005,-0.7498,-0.6616,-0.5637,-0.5486,0.6175,25.5,0.0637,0.666,0.795,0.60161,249.2,568.9,249.6,550.3,248.8,587.1,241,0.671,2
237,50.519,-140.666,67.511,-0.8322,0.3251,-0.4492,0.0158,-0.7558,-0.6546,-0.5527,-0.5522,0.6242,25.5,0.0352,0.766,0.814,0.58277,247.5,568.2,247.6,549.4,247.4,586.6,242,0.522,2
238,48.901,-140.037,66.658,-0.8409,0.3246,-0.433,0.0271,-0.7618,-0.6472,-0.54,-0.556,0.6319,25.5,0.0102,0.878,0.847,0.54485,245.8,567.4,245.5,548.5,246.0,586.0,243,0.297,2
239,47.265,-139.413,65.835,-0.8501,0.3199,-0.4182,0.0386,-0.7677,-0.6396,-0.5257,-0.5599,0.6404,25.5,0.0109,0.979,0.859,0.53461,244.1,566.7,243.5,547.6,244.6,585.5,244,0.019,2
240,45.611,-138.802,65.039,-0.8597,0.3111,-0.4051,0.0503,-0.7735,-0.6318,-0.5101,-0.5638,0.6496,25.5,0.0279,1.061,0.872,0.54711,242.3,566.0,241.4,546.7,243.2,585.0,245,0.353,2
241,43.939,-138.211,64.267,-0.8689,0.3012,-0.3927,0.0623,-0.7792,-0.6237,-0.4943,-0.567,0.6589,25.5,0.0439,1.066,0.891,0.54324,240.6,565.3,239.3,545.9,241.8,584.4,247,0.727,2
242,42.25,-137.635,63.52,-0.8774,0.2942,-0.379,0.0744,-0.7846,-0.6155,-0.4794,-0.5693,0.6679,25.5,0.0628,1.006,0.893,0.52061,238.8,564.7,237.2,545.0,240.4,583.9,248,0.246,2
243,40.544,-137.071,62.801,-0.8855,0.2887,-0.3641,0.0864,-0.7899,-0.6072,-0.4645,-0.5711,0.6769,25.5,0.0835,1.003,0.889,0.52805,237.0,564.0,235.1,544.2,238.9,583.5,249,0.269,2
244,38.824,-136.517,62.112,-0.8932,0.2847,-0.348,0.0981,-0.7948,-0.5989,-0.4497,-0.5722,0.6858,25.5,0.1055,0.991,0.869,0.5417,235.2,563.4,233.0,543.5,237.4,583.0,251,0.603,2
245,37.089,-135.969,61.455,-0.9004,0.2823,-0.3311,0.1095,-0.7995,-0.5906,-0.4351,-0.5728,0.6947,25.5,0.1287,0.98,0.852,0.54872,233.4,562.8,230.8,542.7,235.9,582.5,252,0.064,2
246,35.341,-135.424,60.831,-0.9069,0.2803,-0.3144,0.1203,-0.8038,-0.5826,-0.4209,-0.5728,0.7034,25.5,0.1512,0.954,0.809,0.53405,231.6,562.2,228.7,542.0,234.4,582.0,253,0.475,2
247,33.58,-134.887,60.236,-0.9131,0.275,-0.301,0.1303,-0.8078,-0.5748,-0.407,-0.5722,0.712,25.5,0.1681,0.937,0.762,0.46462,229.7,561.6,226.6,541.3,232.9,581.5,255,0.435,2
248,31.808,-134.359,59.668,-0.919,0.2714,-0.2859,0.1397,-0.8116,-0.5673,-0.3929,-0.5713,0.7206,25.5,0.1865,0.948,0.723,0.49187,227.9,561.0,224.5,540.5,231.3,581.1,256,0.05,2
249,30.025,-133.836,59.131,-0.9246,0.2696,-0.269,0.1483,-0.815,-0.5601,-0.3784,-0.5701,0.7293,25.5,0.2062,0.971,0.672,0.53003,226.0,560.4,222.4,539.9,229.7,580.6,257,0.478,2
250,28.231,-133.315,58.628,-0.93,0.2693,-0.2502,0.1564,-0.8183,-0.5532,-0.3632,-0.5685,0.7382,25.5,0.2274,1.013,0.638,0.5794,224.2,559.8,220.3,539.2,228.0,580.1,259,0.696,2
251,26.427,-132.793,58.164,-0.935,0.2705,-0.2295,0.1637,-0.8213,-0.5465,-0.3473,-0.5665,0.7473,25.5,0.2498,1.056,0.593,0.63171,222.3,559.2,218.2,538.5,226.4,579.6,260,0.371,2
252,24.614,-132.267,57.741,-0.9391,0.2724,-0.2094,0.1705,-0.8242,-0.5401,-0.3321,-0.5641,0.756,25.5,0.2715,1.013,0.56,0.61019,220.4,558.7,216.1,537.9,224.7,579.1,261,0.083,2
253,22.793,-131.74,57.353,-0.9428,0.2728,-0.1917,0.1766,-0.8269,-0.5339,-0.3178,-0.5613,0.7642,25.5,0.2897,0.958,0.522,0.5357,218.5,558.1,214.0,537.2,223.0,578.6,262,0.17,2
254,20.966,-131.212,57.0,-0.9465,0.2724,-0.1732,0.1822,-0.8295,-0.5279,-0.302,-0.5582,0.7728,25.5,0.307,1.046,0.493,0.55889,216.7,557.5,212.0,536.5,221.2,578.1,263,0.387,2
255,19.131,-130.686,56.683,-0.9502,0.2711,-0.1537,0.1873,-0.832,-0.5221,-0.2847,-0.5547,0.7818,25.5,0.3233,1.135,0.465,0.58911,214.8,556.9,209.9,535.9,219.5,577.7,264,0.569,2
256,17.29,-130.164,56.405,-0.9539,0.2688,-0.1332,0.192,-0.8344,-0.5166,-0.2657,-0.5509,0.7911,25.5,0.3386,1.231,0.437,0.62075,212.8,556.4,207.9,535.3,217.7,577.2,265,0.716,2
257,15.441,-129.647,56.168,-0.9576,0.2656,-0.1116,0.1963,-0.8368,-0.5112,-0.2449,-0.5466,0.8008,25.5,0.3532,1.338,0.419,0.65597,210.9,555.8,205.9,534.6,215.9,576.7,266,0.83,2
258,13.585,-129.137,55.974,-0.9608,0.262,-0.0904,0.2003,-0.839,-0.5059,-0.2239,-0.5419,0.8101,25.5,0.3665,1.343,0.401,0.64393,209.0,555.3,203.8,534.0,214.2,576.2,267,0.913,2
259,11.724,-128.633,55.818,-0.9633,0.2589,-0.0706,0.2039,-0.8412,-0.5007,-0.2043,-0.5368,0.8186,25.5,0.3789,1.258,0.384,0.59821,207.1,554.8,201.8,533.4,212.3,575.8,269,0.94,2
260,9.858,-128.135,55.701,-0.9653,0.2562,-0.0505,0.2073,-0.8434,-0.4957,-0.1843,-0.5313,0.8269,25.5,0.3912,1.28,0.369,0.60359,205.2,554.2,199.8,532.8,210.5,575.3,270,0.936,2
261,7.989,-127.642,55.623,-0.9668,0.2538,-0.03,0.2104,-0.8455,-0.4907,-0.1638,-0.5254,0.835,25.5,0.4033,1.307,0.358,0.61292,203.2,553.7,197.7,532.3,208.7,574.9,271,0.953,2
262,6.118,-127.153,55.585,-0.9678,0.2517,-0.009,0.2133,-0.8476,-0.4859,-0.1428,-0.519,0.8427,25.5,0.4154,1.333,0.343,0.62578,201.3,553.2,195.7,531.7,206.8,574.4,271,0.981,2
263,4.245,-126.668,55.588,-0.9682,0.25,0.0125,0.216,-0.8496,-0.4811,-0.1213,-0.5123,0.8502,25.5,0.4275,1.36,0.336,0.63886,199.4,552.7,193.7,531.1,205.0,574.0,272,0.944,2
264,2.372,-126.186,55.634,-0.9681,0.2481,0.0342,0.2185,-0.8517,-0.4764,-0.0991,-0.505,0.8574,25.5,0.4391,1.401,0.328,0.64516,197.4,552.2,191.7,530.6,203.1,573.6,273,0.89,2
265,0.499,-125.708,55.72,-0.9679,0.2452,0.055,0.2208,-0.8537,-0.4717,-0.0769,-0.4974,0.8641,25.5,0.449,1.398,0.321,0.62209,195.5,551.7,189.7,530.0,201.3,573.1,274,0.82,2
266,-1.372,-125.237,55.846,-0.9672,0.2427,0.0753,0.223,-0.8556,-0.4671,-0.055,-0.4894,0.8703,25.5,0.4585,1.382,0.312,0.60615,193.6,551.2,187.7,529.5,199.4,572.7,275,0.739,2
267,-3.242,-124.769,56.011,-0.966,0.2405,0.0952,0.2251,-0.8576,-0.4625,-0.0335,-0.4812,0.876,25.5,0.4677,1.358,0.312,0.59403,191.7,550.8,185.7,528.9,197.6,572.3,276,0.648,2
268,-5.11,-124.306,56.214,-0.9643,0.2387,0.1147,0.2271,-0.8595,-0.4579,-0.0122,-0.4727,0.8812,25.5,0.4767,1.347,0.307,0.58219,189.7,550.3,183.7,528.4,195.7,571.9,277,0.552,2
269,-6.973,-123.845,56.455,-0.9622,0.2373,0.1338,0.229,-0.8614,-0.4534,0.0088,-0.4639,0.8858,25.5,0.4854,1.331,0.3,0.57062,187.8,549.9,181.7,527.9,193.8,571.5,278,0.454,2
270,-8.832,-123.388,56.732,-0.9597,0.2361,0.1527,0.2309,-0.8633,-0.4489,0.0297,-0.4549,0.8901,25.5,0.494,1.327,0.3,0.56576,185.9,549.4,179.7,527.4,192.0,571.2,279,0.357,2
271,-10.686,-122.933,57.046,-0.957,0.2336,0.1719,0.2327,-0.8651,-0.4444,0.0518,-0.4452,0.8939,25.5,0.5012,1.4,0.296,0.57899,184.0,549.0,177.7,526.9,190.1,570.8,280,0.264,2
272,-12.535,-122.484,57.396,-0.9541,0.2312,0.1905,0.2346,-0.8669,-0.4399,0.0737,-0.4353,0.8972,25.5,0.5081,1.39,0.298,0.56209,182.1,548.5,175.7,526.4,188.3,570.4,281,0.18,2
273,-14.377,-122.038,57.782,-0.9507,0.2293,0.2086,0.2365,-0.8686,-0.4354,0.0949,-0.4253,0.9001,25.5,0.5148,1.353,0.296,0.54834,180.1,548.1,173.8,525.9,186.4,570.0,282,0.107,2
274,-16.213,-121.596,58.203,-0.947,0.228,0.2261,0.2384,-0.8703,-0.4309,0.1155,-0.4151,0.9024,25.5,0.5216,1.324,0.296,0.53121,178.2,547.7,171.8,525.4,184.6,569.7,283,0.048,2
275,-18.041,-121.156,58.657,-0.943,0.2271,0.2433,0.2403,-0.872,-0.4264,0.1358,-0.4048,0.9043,25.5,0.5284,1.309,0.296,0.52369,176.4,547.2,169.9,524.9,182.8,569.3,284,0.009,2
276,-19.861,-120.717,59.144,-0.9386,0.2267,0.26,0.2423,-0.8736,-0.422,0.1557,-0.3943,0.9057,25.5,0.5352,1.292,0.292,0.51164,174.5,546.8,167.9,524.4,180.9,568.9,285,0.013,2
277,-21.672,-120.278,59.663,-0.9339,0.2266,0.2766,0.2444,-0.8752,-0.4175,0.1755,-0.3835,0.9067,25.5,0.542,1.294,0.299,0.51101,172.6,546.4,166.0,523.9,179.1,568.6,286,0.009,2
278,-23.475,-119.843,60.215,-0.9292,0.2242,0.2938,0.2466,-0.8767,-0.413,0.1971,-0.3719,0.9071,25.5,0.547,1.405,0.3,0.53289,170.7,546.0,164.0,523.5,177.3,568.2,287,0.023,2
279,-25.268,-119.411,60.799,-0.9242,0.2226,0.3102,0.2489,-0.8782,-0.4085,0.2177,-0.3603,0.9071,25.5,0.5522,1.355,0.302,0.51,168.8,545.6,162.1,523.0,175.5,567.9,288,0.087,2
280,-27.05,-118.981,61.415,-0.919,0.2217,0.326,0.2514,-0.8796,-0.404,0.2375,-0.3486,0.9067,25.5,0.5577,1.318,0.306,0.49338,167.0,545.2,160.1,522.6,173.8,567.5,289,0.185,3
281,-28.823,-118.552,62.06,-0.9135,0.2215,0.3413,0.254,-0.8809,-0.3995,0.2568,-0.3368,0.9059,25.5,0.5635,1.297,0.307,0.48157,165.1,544.8,158.2,522.1,172.0,567.2,290,0.321,3
282,-30.585,-118.124,62.735,-0.9077,0.222,0.3562,0.2568,-0.8821,-0.3949,0.2756,-0.3248,0.9047,25.5,0.5696,1.28,0.316,0.47379,163.3,544.4,156.3,521.7,170.2,566.9,291,0.498,3
283,-32.335,-117.693,63.438,-0.9015,0.2231,0.3708,0.2599,-0.8832,-0.3904,0.2941,-0.3127,0.9032,25.5,0.5761,1.27,0.319,0.4709,161.5,544.0,154.4,521.2,168.5,566.5,292,0.717,3
284,-34.072,-117.26,64.169,-0.8949,0.2251,0.3852,0.2633,-0.8842,-0.3858,0.3124,-0.3002,0.9013,25.5,0.5833,1.274,0.333,0.47292,159.7,543.6,152.5,520.8,166.8,566.2,294,0.651,3
285,-35.794,-116.817,64.933,-0.8848,0.2322,0.4041,0.2669,-0.8851,-0.3812,0.3351,-0.2856,0.8978,25.5,0.5957,1.559,0.339,0.66863,157.9,543.2,150.6,520.3,165.1,565.8,295,0.3,3
286,-37.497,-116.364,65.731,-0.8762,0.2356,0.4204,0.2707,-0.8859,-0.3766,0.3561,-0.2713,0.8942,25.5,0.6042,1.47,0.345,0.55504,156.1,542.8,148.7,519.9,163.4,565.4,296,0.105,3
287,-39.185,-115.908,66.558,-0.8695,0.2353,0.4344,0.2747,-0.8866,-0.3721,0.3752,-0.2574,0.8905,25.5,0.6091,1.37,0.347,0.45977,154.3,542.4,146.8,519.4,161.8,565.1,297,0.549,3
288,-40.862,-115.456,67.41,-0.8646,0.2313,0.4461,0.2787,-0.8872,-0.3676,0.3923,-0.2442,0.8868,25.5,0.6102,1.256,0.347,0.3939,152.5,541.9,144.9,519.0,160.1,564.7,299,0.354,3
289,-42.531,-115.015,68.283,-0.8616,0.2238,0.4556,0.2827,-0.8878,-0.3632,0.407,-0.2319,0.8835,25.5,0.6077,1.114,0.342,0.36933,150.8,541.6,143.0,518.5,158.5,564.3,300,0.252,3
290,-44.197,-114.592,69.172,-0.8605,0.2126,0.463,0.2866,-0.8883,-0.3589,0.4193,-0.2206,0.8806,25.5,0.6016,0.971,0.334,0.39891,149.0,541.2,141.2,518.1,156.8,564.0,302,0.42,3
291,-45.862,-114.195,70.073,-0.8613,0.1977,0.4681,0.2903,-0.8887,-0.3548,0.4291,-0.2105,0.8784,25.5,0.5918,0.816,0.317,0.46704,147.3,540.8,139.3,517.7,155.2,563.7,303,0.258,3
292,-47.517,-113.818,71.0,-0.8503,0.1919,0.4902,0.2937,-0.8892,-0.3508,0.4574,-0.1915,0.8684,25.5,0.5923,2.035,0.302,0.75111,145.5,540.5,137.4,517.4,153.5,563.4,305,0.285,3
293,-49.154,-113.453,71.964,-0.8428,0.1852,0.5054,0.2968,-0.8897,-0.347,0.4774,-0.1765,0.8608,25.5,0.5903,1.497,0.282,0.53979,143.8,540.2,135.6,517.0,151.9,563.1,306,0.432,3
294,-50.781,-113.103,72.95,-0.8398,0.1768,0.5133,0.2994,-0.8902,-0.3434,0.4886,-0.1661,0.8566,25.5,0.5851,0.908,0.256,0.35288,142.1,539.9,133.8,516.7,150.3,562.8,308,0.125,3
295,-52.407,-112.77,73.946,-0.8413,0.1666,0.5142,0.3016,-0.8908,-0.3399,0.4914,-0.1603,0.856,25.5,0.5769,0.371,0.239,0.30649,140.3,539.6,132.0,516.4,148.6,562.6,309,0.593,3
296,-54.04,-112.46,74.935,-0.8476,0.1541,0.5078,0.303,-0.8915,-0.3366,0.4858,-0.1594,0.8594,25.5,0.5651,0.379,0.209,0.45584,138.6,539.3,130.2,516.1,146.9,562.4,311,0.048,3
297,-55.689,-112.176,75.905,-0.8589,0.1388,0.493,0.3038,-0.8925,-0.3335,0.471,-0.1636,0.8668,25.5,0.5492,0.978,0.192,0.71381,136.9,539.1,128.4,515.8,145.2,562.2,312,0.621,3
298,-57.366,-111.925,76.836,-0.8757,0.1197,0.4678,0.3037,-0.8936,-0.3305,0.4455,-0.1735,0.8783,25.5,0.5275,1.7,0.183,1.06048,135.1,538.9,126.7,515.6,143.4,562.0,314,0.136,3
299,-59.068,-111.714,77.73,-0.8832,0.0986,0.4584,0.3027,-0.895,-0.3277,0.4382,-0.1746,0.8818,25.5,0.5058,0.468,0.188,0.71948,133.3,538.8,124.9,515.4,141.6,561.9,315,0.403,3
300,-60.784,-111.542,78.608,-0.8906,0.0799,0.4478,0.3008,-0.8966,-0.325,0.4294,-0.177,0.8856,25.5,0.4851,0.566,0.21,0.67333,131.4,538.6,123.1,515.2,139.7,561.9,317,0.552,3
301,-62.515,-111.404,79.46,-0.8991,0.0637,0.4331,0.2979,-0.8985,-0.3224,0.4163,-0.1817,0.8909,25.5,0.4647,0.853,0.248,0.69512,129.6,538.6,121.3,515.0,137.8,561.9,318,0.102,3
302,-64.264,-111.294,80.28,-0.909,0.0498,0.4138,0.2939,-0.9007,-0.32,0.3983,-0.1889,0.8976,25.5,0.4444,1.175,0.295,0.76294,127.7,538.5,119.5,514.9,135.9,561.9,319,0.337,3
303,-66.033,-111.209,81.058,-0.9206,0.0386,0.3886,0.2888,-0.9032,-0.3176,0.3741,-0.1989,0.9058,25.5,0.4242,1.572,0.353,0.88613,125.9,538.5,117.8,514.8,133.9,561.9,320,0.756,3
304,-67.827,-111.144,81.78,-0.9332,0.0262,0.3585,0.2827,-0.9059,-0.3154,0.3454,-0.2106,0.9145,25.5,0.4006,1.845,0.402,1.0339,123.9,538.4,116.0,514.7,131.8,562.0,322,0.364,3
305,-69.642,-111.114,82.445,-0.9444,0.006,0.3288,0.2753,-0.9089,-0.3132,0.3195,-0.2207,0.9215,25.5,0.3684,1.643,0.475,1.1146,122.0,538.4,114.3,514.6,129.7,562.1,323,0.037,3
306,-71.48,-111.119,83.05,-0.9553,-0.0107,0.2955,0.2669,-0.9121,-0.3111,0.2899,-0.2319,0.9286,25.5,0.3371,1.858,0.529,1.14977,120.1,538.5,112.5,514.5,127.5,562.2,324,0.433,3
307,-73.337,-111.151,83.589,-0.9649,-0.0215,0.2618,0.2575,-0.9155,-0.3092,0.2591,-0.2429,0.9348,25.5,0.3097,1.907,0.583,1.08613,118.1,538.6,110.8,514.5,125.3,562.4,326,0.764,3
308,-75.212,-111.198,84.065,-0.9727,-0.0262,0.2306,0.2471,-0.9189,-0.3076,0.2296,-0.2529,0.9399,25.5,0.2872,1.809,0.634,0.96264,116.1,538.6,109.1,514.5,123.0,562.6,327,0.441,3
309,-77.101,-111.258,84.476,-0.98,-0.0367,0.1957,0.2358,-0.9223,-0.3062,0.1984,-0.2628,0.9442,25.5,0.2572,1.892,0.681,1.10101,114.1,538.7,107.4,514.5,120.7,562.8,328,0.161,3
310,-79.002,-111.339,84.824,-0.9854,-0.0463,0.1638,0.2237,-0.9257,-0.3051,0.1703,-0.2711,0.9474,25.5,0.2275,1.689,0.723,0.99963,112.1,538.8,105.7,514.5,118.4,563.0,329,0.068,3
311,-80.912,-111.437,85.113,-0.9892,-0.0549,0.136,0.2112,-0.9289,-0.3041,0.146,-0.2777,0.9495,25.5,0.1993,1.448,0.742,0.86923,110.1,539.0,104.0,514.5,116.1,563.2,330,0.232,3
312,-82.828,-111.55,85.353,-0.9917,-0.0622,0.1128,0.1984,-0.932,-0.3034,0.1259,-0.2828,0.9509,25.5,0.173,1.191,0.756,0.72419,108.0,539.1,102.3,514.6,113.7,563.4,331,0.325,3
313,-84.749,-111.675,85.548,-0.994,-0.0655,0.0878,0.1855,-0.9348,-0.3029,0.1031,-0.2881,0.952,25.5,0.1498,1.343,0.757,0.74997,106.0,539.2,100.6,514.6,111.4,563.6,332,0.334,3
314,-86.674,-111.806,85.694,-0.9955,-0.0706,0.0636,0.1727,-0.9373,-0.3026,0.0816,-0.2926,0.9528,25.5,0.125,1.259,0.747,0.73382,104.0,539.4,98.9,514.7,109.0,563.9,333,0.239,3
315,-88.6,-111.95,85.797,-0.9959,-0.0792,0.0431,0.16,-0.9396,-0.3024,0.0648,-0.2957,0.9531,25.5,0.098,0.979,0.74,0.65857,102.0,539.6,97.2,514.8,106.6,564.1,334,0.02,3
316,-90.526,-112.114,85.863,-0.9955,-0.0906,0.0263,0.1476,-0.9417,-0.3024,0.0523,-0.2979,0.9532,25.5,0.0696,0.727,0.721,0.6015,99.9,539.7,95.5,514.9,104.3,564.3,335,0.348,3
317,-92.451,-112.302,85.901,-0.9945,-0.1043,0.0129,0.1356,-0.9435,-0.3025,0.0438,-0.2993,0.9532,25.5,0.0403,0.494,0.695,0.56836,97.9,539.9,93.8,515.1,102.0,564.6,336,0.881,3
318,-94.374,-112.519,85.914,-0.9929,-0.1192,0.0007,0.124,-0.945,-0.3026,0.0367,-0.3004,0.9531,25.5,0.0107,0.412,0.67,0.57235,95.9,540.2,92.1,515.3,99.6,564.8,336,1.053,3
319,-96.293,-112.761,85.903,-0.9913,-0.1309,-0.012,0.1129,-0.9463,-0.3028,0.0283,-0.3016,0.953,25.5,0.0156,0.486,0.64,0.51366,93.9,540.4,90.4,515.5,97.3,565.1,337,0.332,3
320,-98.209,-113.023,85.868,-0.9899,-0.1398,-0.0239,0.1023,-0.9475,-0.3031,0.0197,-0.3027,0.9529,25.5,0.0384,0.497,0.611,0.44199,91.9,540.7,88.6,515.7,95.1,565.4,338,0.599,3
321,-100.123,-113.3,85.811,-0.9886,-0.1465,-0.0356,0.0921,-0.9484,-0.3034,0.0108,-0.3037,0.9527,25.5,0.0587,0.513,0.587,0.40117,89.9,541.0,86.9,516.0,92.8,565.7,338,1.337,3
322,-102.034,-113.589,85.731,-0.9873,-0.1515,-0.0473,0.0823,-0.9492,-0.3038,0.0011,-0.3047,0.9524,25.5,0.0769,0.559,0.564,0.37878,87.9,541.3,85.2,516.3,90.5,566.0,339,0.18,3
323,-103.943,-113.886,85.628,-0.9861,-0.155,-0.0596,0.0728,-0.9498,-0.3042,-0.0095,-0.3057,0.9521,25.5,0.0936,0.61,0.546,0.3804,85.9,541.6,83.4,516.6,88.3,566.4,340,1.221,3
324,-105.85,-114.188,85.5,-0.9849,-0.1569,-0.0728,0.0636,-0.9503,-0.3047,-0.0215,-0.3065,0.9516,25.5,0.1086,0.69,0.529,0.39655,83.9,541.9,81.7,516.9,86.1,566.7,340,0.714,3
325,-107.753,-114.498,85.349,-0.983,-0.1646,-0.0818,0.0547,-0.9507,-0.3052,-0.0278,-0.307,0.9513,25.5,0.1277,0.363,0.511,0.35538,81.9,542.2,79.9,517.2,83.8,567.0,341,0.876,3
326,-109.653,-114.823,85.182,-0.981,-0.1714,-0.0913,0.0461,-0.951,-0.3057,-0.0349,-0.3074,0.951,25.5,0.1457,0.408,0.494,0.35102,79.9,542.5,78.1,517.5,81.6,567.3,341,1.059,3
327,-111.549,-115.159,84.994,-0.9791,-0.1755,-0.1031,0.0377,-0.9512,-0.3062,-0.0449,-0.3078,0.9504,25.5,0.1616,0.574,0.482,0.37418,77.9,542.9,76.4,517.8,79.5,567.7,342,0.664,3
328,-113.441,-115.5,84.782,-0.9771,-0.1771,-0.1176,0.0295,-0.9513,-0.3068,-0.0584,-0.3081,0.9496,25.5,0.1757,0.775,0.471,0.43606,75.9,543.2,74.6,518.2,77.3,568.0,342,1.272,3
329,-115.33,-115.842,84.537,-0.975,-0.1761,-0.1356,0.0214,-0.9513,-0.3075,-0.0762,-0.3082,0.9483,25.5,0.1884,1.023,0.466,0.53756,74.0,543.6,72.9,518.5,75.1,568.3,343,0.53,3
330,-117.214,-116.18,84.254,-0.9723,-0.1721,-0.1584,0.0135,-0.9512,-0.3081,-0.0996,-0.3079,0.9462,25.5,0.1994,1.346,0.454,0.69009,72.0,543.9,71.1,518.9,72.9,568.7,343,1.405,3
331,-119.091,-116.506,83.92,-0.9684,-0.165,-0.1872,0.0057,-0.9511,-0.3089,-0.1299,-0.307,0.9428,25.5,0.2092,1.748,0.449,0.88633,70.1,544.2,69.4,519.2,70.8,569.0,344,0.424,3
332,-120.959,-116.825,83.535,-0.9636,-0.1644,-0.211,-0.0019,-0.9508,-0.3097,-0.1536,-0.3057,0.9396,25.5,0.2235,1.372,0.438,0.7194,68.2,544.5,67.6,519.5,68.7,569.3,344,1.511,3
333,-122.818,-117.14,83.102,-0.9578,-0.1617,-0.2376,-0.0095,-0.9505,-0.3106,-0.1807,-0.3038,0.9354,25.5,0.2366,1.575,0.439,0.81022,66.2,544.8,65.9,519.9,66.6,569.5,345,0.295,3
334,-124.664,-117.449,82.614,-0.9508,-0.1565,-0.2675,-0.017,-0.9501,-0.3115,-0.2121,-0.301,0.9297,25.5,0.2482,1.836,0.433,0.92251,64.3,545.1,64.2,520.2,64.5,569.8,345,1.642,3
335,-126.496,-117.744,82.064,-0.9418,-0.1482,-0.3018,-0.0245,-0.9496,-0.3125,-0.2487,-0.297,0.9219,25.5,0.2581,2.157,0.434,1.07872,62.5,545.4,62.5,520.5,62.4,570.1,346,0.102,3
336,-128.306,-118.02,81.443,-0.9299,-0.1372,-0.3413,-0.0319,-0.949,-0.3136,-0.2914,-0.2913,0.9112,25.5,0.2669,2.543,0.43,1.26481,60.6,545.6,60.8,520.7,60.4,570.3,347,1.732,3
337,-130.09,-118.278,80.741,-0.9139,-0.1286,-0.385,-0.0393,-0.9483,-0.3148,-0.338,-0.2839,0.8973,25.5,0.2791,2.819,0.431,1.40188,58.8,545.8,59.2,521.0,58.4,570.5,347,0.207,3
338,-131.84,-118.514,79.952,-0.8951,-0.1147,-0.4309,-0.0466,-0.9476,-0.3161,-0.3883,-0.2744,0.8797,25.5,0.2866,3.102,0.427,1.52602,57.0,546.0,57.6,521.2,56.4,570.6,348,1.308,3
339,-133.552,-118.718,79.075,-0.8746,-0.0958,-0.4752,-0.0538,-0.9467,-0.3175,-0.4381,-0.2633,0.8595,25.5,0.2886,3.145,0.423,1.55076,55.3,546.2,56.1,521.4,54.5,570.7,348,0.629,3
340,-135.222,-118.885,78.114,-0.8503,-0.079,-0.5203,-0.061,-0.9458,-0.3189,-0.4883,-0.2504,0.836,25.5,0.2925,3.261,0.423,1.59721,53.6,546.3,54.6,521.5,52.7,570.8,349,0.769,3
341,-136.841,-119.021,77.063,-0.8227,-0.0596,-0.5653,-0.0679,-0.9449,-0.3203,-0.5388,-0.2355,0.8089,25.5,0.2932,3.393,0.407,1.6662,52.0,546.3,53.2,521.6,50.9,570.8,349,1.168,3
342,-138.406,-119.111,75.93,-0.7957,-0.0319,-0.6048,-0.0747,-0.9439,-0.3217,-0.5847,-0.2199,0.7809,25.5,0.2841,3.208,0.402,1.63784,50.5,546.4,51.8,521.7,49.2,570.8,350,0.134,3
343,-139.92,-119.141,74.726,-0.7675,-0.0015,-0.6411,-0.0813,-0.9429,-0.3231,-0.6274,-0.2035,0.7516,25.5,0.271,3.113,0.391,1.63266,49.0,546.3,50.5,521.7,47.6,570.7,351,1.34,3
344,-141.373,-119.12,73.449,-0.7351,0.024,-0.6775,-0.0876,-0.9419,-0.3243,-0.6692,-0.1856,0.7195,25.5,0.2615,3.19,0.372,1.62933,47.6,546.2,49.2,521.6,46.0,570.5,351,0.597,3
345,-142.766,-119.042,72.11,-0.7053,0.059,-0.7065,-0.0936,-0.9409,-0.3255,-0.7046,-0.1684,0.6894,25.5,0.2405,2.839,0.355,1.61002,46.3,546.0,48.1,521.5,44.5,570.3,352,0.535,3
346,-144.102,-118.885,70.72,-0.6765,0.1053,-0.7289,-0.0993,-0.94,-0.3265,-0.7353,-0.1518,0.6606,25.5,0.2062,2.593,0.336,1.74643,45.0,545.7,46.9,521.3,43.1,570.0,352,1.401,3
347,-145.373,-118.648,69.282,-0.6386,0.1406,-0.7566,-0.1048,-0.9391,-0.3274,-0.7695,-0.132,0.6249,25.5,0.1826,3.052,0.323,1.74002,43.8,545.4,45.9,521.0,41.8,569.6,353,0.346,3
348,-146.576,-118.336,67.799,-0.6055,0.1847,-0.7742,-0.1099,-0.9383,-0.328,-0.7956,-0.1148,0.5949,25.5,0.1472,2.482,0.298,1.71469,42.7,545.0,44.9,520.6,40.5,569.1,354,0.643,3
349,-147.718,-117.926,66.293,-0.5754,0.2406,-0.7817,-0.1147,-0.9375,-0.3284,-0.8158,-0.0997,0.5697,25.5,0.0971,2.043,0.28,1.89394,41.6,544.4,43.9,520.1,39.3,568.6,354,1.294,3
350,-148.795,-117.408,64.772,-0.5364,0.2946,-0.7908,-0.1192,-0.937,-0.3285,-0.8387,-0.082,0.5384,25.5,0.0477,2.443,0.259,1.99202,40.6,543.8,43.1,519.5,38.3,567.9,355,0.376,3
351,-149.795,-116.784,63.238,-0.4983,0.3502,-0.7932,-0.1234,-0.9365,-0.3282,-0.8578,-0.0656,0.5099,25.5,0.0061,2.179,0.243,1.99831,39.7,543.0,42.3,518.8,37.2,567.1,356,0.488,3
352,-150.725,-116.051,61.709,-0.4644,0.4081,-0.786,-0.1273,-0.9362,-0.3275,-0.8714,-0.0521,0.4877,25.5,0.0655,1.68,0.228,1.99929,38.9,542.2,41.5,517.9,36.3,566.2,357,1.296,3
353,-151.586,-115.209,60.196,-0.4251,0.4622,-0.7782,-0.1308,-0.9361,-0.3264,-0.8861,-0.0372,0.462,25.5,0.1231,1.899,0.21,1.99462,38.2,541.2,40.9,517.0,35.5,565.2,357,0.641,3
354,-152.372,-114.264,58.702,-0.3873,0.5133,-0.7658,-0.1341,-0.9362,-0.325,-0.8984,-0.0235,0.4386,25.5,0.1797,1.706,0.205,1.91871,37.5,540.1,40.3,515.9,34.7,564.1,358,0.126,3
355,-153.086,-113.224,57.236,-0.3518,0.5618,-0.7487,-0.1371,-0.9364,-0.3231,-0.9083,-0.0113,0.4183,25.5,0.2359,1.471,0.204,1.85145,36.9,538.9,39.8,514.7,34.0,562.9,359,0.843,3
356,-153.729,-112.095,55.804,-0.3136,0.6052,-0.7317,-0.1398,-0.9367,-0.3209,-0.9186,0.0018,0.3952,25.5,0.2882,1.632,0.2,1.78545,36.4,537.7,39.3,513.5,33.4,561.7,359,1.093,3
357,-154.302,-110.884,54.408,-0.2785,0.6461,-0.7106,-0.1423,-0.9373,-0.3183,-0.9268,0.0132,0.3753,25.5,0.3398,1.396,0.209,1.7147,35.9,536.3,38.9,512.1,32.9,560.3,360,0.424,3
358,-154.808,-109.594,53.058,-0.2442,0.6879,-0.6835,-0.1444,-0.938,-0.3152,-0.9337,0.0236,0.3573,25.5,0.3945,1.255,0.218,1.79181,35.5,534.9,38.6,510.7,32.4,558.9,361,0.188,3
359,-155.242,-108.224,51.764,-0.2046,0.7281,-0.6542,-0.1461,-0.9389,-0.3117,-0.9418,0.0356,0.3342,25.5,0.4498,1.562,0.229,1.88388,35.2,533.4,38.3,509.2,32.1,557.5,362,0.729,3
360,-155.603,-106.78,50.528,-0.1693,0.7636,-0.6231,-0.1473,-0.94,-0.3078,-0.9483,0.0459,0.3139,25.5,0.5011,1.356,0.242,1.74602,34.9,531.9,38.1,507.6,31.8,555.9,363,1.186,3
361,-155.9,-105.27,49.357,-0.1379,0.798,-0.5866,-0.1479,-0.9413,-0.3034,-0.9532,0.0539,0.2974,25.5,0.5528,1.088,0.265,1.75312,34.7,530.2,37.9,505.9,31.5,554.3,363,0.75,3
362,-156.133,-103.692,48.263,-0.101,0.8328,-0.5443,-0.1476,-0.9429,-0.2985,-0.9594,0.0632,0.2747,25.5,0.6079,1.45,0.296,1.95676,34.6,528.6,37.7,504.2,31.4,552.7,364,0.393,3
363,-156.292,-102.05,47.254,-0.0647,0.8646,-0.4983,-0.1461,-0.9448,-0.2931,-0.9656,0.0718,0.25,25.5,0.6614,1.54,0.339,1.97532,34.5,526.8,37.6,502.4,31.4,551.0,365,0.143,3
364,-156.388,-100.349,46.338,-0.035,0.8933,-0.448,-0.1433,-0.9471,-0.2871,-0.9702,0.0771,0.2296,25.5,0.7124,1.236,0.402,1.92838,34.5,525.0,37.6,500.5,31.4,549.3,366,0.016,3
365,-156.42,-98.594,45.524,0.003,0.9198,-0.3923,-0.1385,-0.9498,-0.2804,-0.9774,0.0856,0.1931,25.5,0.764,2.187,0.497,2.14675,34.5,523.2,37.5,498.6,31.6,547.5,367,0.073,3
366,-156.386,-96.794,44.819,0.0296,0.9409,-0.3375,-0.1313,-0.9531,-0.2725,-0.9828,0.0891,0.162,25.5,0.8087,1.82,0.641,1.9099,34.6,521.3,37.4,496.6,31.8,545.7,368,0.05,3
367,-156.315,-94.956,44.219,0.0452,0.9586,-0.2813,-0.1208,-0.9571,-0.2632,-0.9867,0.0868,0.1371,25.5,0.8489,1.45,0.836,1.80579,34.7,519.3,37.3,494.6,32.2,543.9,369,0.06,3
368,-156.198,-93.087,43.736,0.0709,0.973,-0.2196,-0.106,-0.9619,-0.2521,-0.9931,0.0895,0.076,25.5,0.8881,3.524,1.095,2.02569,34.9,517.4,37.1,492.5,32.7,542.1,370,0.254,3
369,-156.058,-91.194,43.365,0.0687,0.984,-0.1645,-0.0863,-0.9672,-0.2391,-0.9959,0.0773,0.0467,25.5,0.9183,1.826,1.386,1.66577,35.1,515.4,36.8,490.4,33.4,540.3,371,0.537,3
370,-155.935,-89.281,43.105,0.0641,0.9929,-0.1003,-0.0608,-0.9727,-0.224,-0.9979,0.0638,-0.0062,25.5,0.9472,3.131,1.727,1.92513,35.2,513.5,36.3,488.3,34.2,538.5,373,0.546,3
371,-155.823,-87.355,42.972,0.0469,0.9981,-0.0396,-0.0297,-0.9779,-0.2071,-0.9969,0.0442,-0.0658,25.5,0.9692,3.596,2.05,1.87557,35.4,511.5,35.7,486.1,35.1,536.7,374,0.018,3
372,-155.766,-85.422,42.951,0.0165,0.9995,0.0253,0.0063,-0.9821,-0.1884,-0.9905,0.0198,-0.1363,25.5,0.9863,4.291,2.337,2.12394,35.4,509.5,34.8,484.0,36.0,534.9,376,0.588,3
373,-155.768,-83.49,43.052,-0.0239,0.9973,0.0697,0.0465,-0.9849,-0.1668,-0.9737,-0.0073,-0.2279,25.5,0.995,5.559,2.62,1.77969,35.4,507.5,33.8,482.0,37.0,533.0,377,0.157,3
374,-155.874,-81.565,43.207,-0.0844,0.9913,0.1006,0.0901,-0.9861,-0.1393,-0.9855,-0.0681,-0.1555,25.5,0.9991,5.461,2.955,2.02066,35.3,505.6,32.6,479.9,38.0,531.1,379,0.185,3
375,-156.09,-79.653,43.409,-0.1377,0.986,0.0945,0.1376,-0.9852,-0.1025,-0.9903,-0.1389,0.0054,25.5,1.0,10.089,3.444,1.59704,35.1,503.6,31.2,478.0,38.9,529.2,381,0.457,3
376,-156.419,-77.753,43.558,-0.2029,0.977,0.0655,0.1896,-0.9804,-0.0536,0.6529,0.0851,0.7526,25.5,0.9998,130.87,4.1,2.13106,34.7,501.7,29.6,476.1,39.8,527.2,382,0.373,3
377,-156.839,-75.867,43.631,-0.2262,0.9741,0.0041,0.2422,-0.9702,0.003,0.383,0.0928,-0.9191,25.5,0.9998,115.707,4.467,1.94764,34.3,499.8,27.9,474.4,40.6,525.1,384,0.043,3
378,-157.306,-73.99,43.585,-0.2481,0.9672,-0.0543,0.2901,-0.9551,0.06,0.1396,-0.0198,-0.99,25.5,0.999,15.945,4.354,1.85917,33.8,497.8,26.4,472.8,41.2,522.9,386,0.433,3
379,-157.778,-72.122,43.417,-0.2443,0.9626,-0.1169,0.3316,-0.9365,0.1136,-0.0012,-0.1208,-0.9927,25.5,0.9958,9.942,4.028,1.86313,33.3,495.9,24.9,471.4,41.7,520.5,387,0.213,3
380,-158.242,-70.266,43.132,-0.2302,0.9565,-0.1792,0.3666,-0.9162,0.1619,-0.0649,-0.1988,-0.9779,25.5,0.9897,5.834,3.611,1.90105,32.9,494.0,23.7,469.9,42.1,518.2,389,0.662,4
381,-158.665,-68.423,42.725,-0.2107,0.948,-0.2386,0.3957,-0.8953,0.2046,-0.1012,-0.2639,-0.9592,25.5,0.9809,4.404,3.194,1.86934,32.5,492.1,22.7,468.6,42.4,515.8,390,0.265,4
382,-159.049,-66.598,42.21,-0.1831,0.9381,-0.2939,0.4202,-0.8745,0.2422,-0.12,-0.3181,-0.9404,25.5,0.9685,3.46,2.834,1.8544,32.1,490.2,21.8,467.2,42.6,513.4,391,0.046,4
383,-159.372,-64.795,41.59,-0.1533,0.9254,-0.3467,0.4415,-0.8539,0.2757,-0.1356,-0.3672,-0.9202,25.5,0.9535,3.171,2.563,1.83526,31.9,488.3,21.0,465.9,42.8,511.0,392,0.271,4
384,-159.637,-63.02,40.868,-0.1183,0.909,-0.3996,0.4602,-0.8336,0.3056,-0.1554,-0.4145,-0.8967,25.5,0.9343,3.232,2.332,1.94107,31.7,486.5,20.4,464.5,43.0,508.6,393,0.414,4
385,-159.829,-61.281,40.045,-0.0826,0.8894,-0.4497,0.4766,-0.8141,0.3317,-0.1738,-0.4572,-0.8722,25.5,0.9126,3.012,2.09,1.91289,31.5,484.7,19.9,463.2,43.2,506.3,394,0.473,4
386,-159.953,-59.582,39.129,-0.0441,0.8665,-0.4973,0.491,-0.7959,0.3543,-0.1927,-0.4958,-0.8468,25.5,0.8875,2.861,1.856,1.93653,31.5,482.9,19.6,462.0,43.5,504.1,395,0.443,4
387,-159.998,-57.932,38.121,-0.0071,0.8384,-0.545,0.5036,-0.7791,0.3733,-0.2189,-0.5331,-0.8172,25.5,0.8602,3.114,1.623,1.97288,31.5,481.2,19.4,460.7,43.8,501.9,396,0.32,4
388,-159.978,-56.336,37.027,0.0309,0.8115,-0.5836,0.5148,-0.764,0.389,-0.234,-0.5618,-0.7935,25.5,0.8311,2.302,1.403,1.79164,31.7,479.5,19.2,459.4,44.2,499.8,397,0.097,4
389,-159.865,-54.789,35.872,0.0896,0.7885,-0.6085,0.5246,-0.7506,0.4017,-0.228,-0.5785,-0.7832,25.5,0.7893,1.176,1.198,2.00834,31.9,477.9,19.3,458.2,44.7,497.9,398,0.243,4
390,-159.645,-53.292,34.667,0.1357,0.7588,-0.637,0.5333,-0.739,0.4116,-0.2398,-0.5987,-0.7643,25.5,0.7506,1.723,1.006,1.83098,32.2,476.3,19.4,456.9,45.2,496.0,399,0.717,4
391,-159.334,-51.847,33.42,0.1874,0.7372,-0.6491,0.541,-0.7291,0.4191,-0.2327,-0.6087,-0.7585,25.5,0.7081,0.777,0.837,1.69829,32.7,474.8,19.7,455.7,45.8,494.2,399,1.218,4
392,-158.913,-50.435,32.167,0.25,0.7237,-0.6433,0.5479,-0.7206,0.4248,-0.2073,-0.609,-0.7656,25.5,0.6578,1.511,0.707,1.90508,33.2,473.4,20.0,454.4,46.5,492.5,400,0.585,4
393,-158.381,-49.056,30.918,0.2995,0.7017,-0.6464,0.5542,-0.7133,0.429,-0.2024,-0.6154,-0.7618,25.5,0.6118,0.511,0.603,1.60732,33.8,471.9,20.5,453.2,47.3,490.8,401,0.241,4
394,-157.753,-47.717,29.672,0.3496,0.6842,-0.64,0.5598,-0.7071,0.432,-0.1902,-0.6171,-0.7636,25.5,0.5646,0.713,0.509,1.58358,34.6,470.5,21.2,452.0,48.2,489.3,402,1.291,4
395,-157.028,-46.406,28.448,0.3995,0.671,-0.6246,0.5648,-0.7019,0.434,-0.1719,-0.6145,-0.77,25.5,0.5164,1.121,0.429,1.59576,35.4,469.2,21.9,450.8,49.2,487.7,402,0.645,4
396,-156.211,-45.123,27.254,0.4436,0.6548,-0.6119,0.5694,-0.6974,0.4352,-0.1606,-0.6136,-0.7731,25.5,0.4704,0.673,0.375,1.44176,36.4,467.8,22.7,449.6,50.2,486.3,403,0.677,4
397,-155.314,-43.872,26.082,0.4828,0.6392,-0.5986,0.5736,-0.6937,0.4357,-0.1512,-0.6124,-0.7759,25.5,0.4273,0.566,0.322,1.31042,37.4,466.5,23.6,448.4,51.3,484.9,403,1.26,4
398,-154.346,-42.647,24.94,0.5181,0.627,-0.5818,0.5773,-0.6905,0.4357,-0.1394,-0.6092,-0.7807,25.5,0.3873,0.753,0.28,1.21312,38.5,465.2,24.6,447.2,52.5,483.5,404,0.378,4
399,-153.313,-41.444,23.833,0.5491,0.618,-0.5626,0.5807,-0.6879,0.4353,-0.1261,-0.6043,-0.7867,25.5,0.3512,0.882,0.246,1.11246,39.6,464.0,25.7,446.1,53.8,482.2,404,1.56,4
400,-152.222,-40.261,22.76,0.5793,0.6028,-0.5487,0.5838,-0.6857,0.4347,-0.1203,-0.6025,-0.789,25.5,0.3137,0.372,0.22,1.08284,40.8,462.8,26.8,444.9,55.0,480.9,405,0.442,4
401,-151.075,-39.108,21.711,0.6048,0.5897,-0.5353,0.5867,-0.6838,0.4338,-0.1149,-0.6005,-0.7913,25.5,0.2806,0.355,0.205,0.93737,42.1,461.6,28.0,443.8,56.4,479.6,405,1.495,4
402,-149.885,-37.975,20.69,0.6245,0.5827,-0.52,0.5893,-0.6823,0.4328,-0.1061,-0.5963,-0.7957,25.5,0.2546,0.613,0.181,0.7672,43.4,460.4,29.2,442.7,57.7,478.4,406,0.909,4
403,-148.662,-36.85,19.7,0.6396,0.5811,-0.5032,0.5916,-0.681,0.4316,-0.0946,-0.5902,-0.8017,25.5,0.2345,0.821,0.166,0.67082,44.7,459.3,30.5,441.6,59.1,477.2,406,1.027,4
404,-147.413,-35.724,18.743,0.6508,0.5838,-0.4854,0.5938,-0.6799,0.4303,-0.0808,-0.5825,-0.8088,25.5,0.2193,0.993,0.159,0.62805,46.0,458.1,31.7,440.5,60.5,476.0,407,1.737,4
405,-146.146,-34.59,17.823,0.6598,0.5886,-0.4672,0.5957,-0.679,0.429,-0.0662,-0.5738,-0.8163,25.5,0.207,1.064,0.142,0.6182,47.4,456.9,33.0,439.3,61.9,474.7,407,0.197,4
406,-144.854,-33.46,16.931,0.6755,0.5807,-0.4544,0.5975,-0.6783,0.4276,-0.061,-0.5702,-0.8193,25.5,0.1846,0.401,0.137,0.64394,48.8,455.8,34.4,438.2,63.3,473.6,407,2.131,4
407,-143.536,-32.34,16.064,0.6864,0.577,-0.4427,0.5991,-0.6778,0.4262,-0.055,-0.5659,-0.8227,25.5,0.1685,0.466,0.125,0.48603,50.2,454.6,35.7,437.1,64.8,472.4,408,0.915,4
408,-142.2,-31.225,15.218,0.6939,0.5765,-0.4313,0.6006,-0.6774,0.4248,-0.0479,-0.5608,-0.8266,25.5,0.157,0.548,0.12,0.40436,51.6,453.5,37.1,436.0,66.3,471.2,408,1.021,4
409,-140.852,-30.108,14.394,0.699,0.5789,-0.4198,0.6019,-0.6771,0.4233,-0.0396,-0.5548,-0.8311,25.5,0.1489,0.641,0.115,0.37926,53.0,452.4,38.5,434.9,67.7,470.0,409,2.229,4
410,-139.496,-28.983,13.594,0.7019,0.5841,-0.4075,0.6031,-0.677,0.4219,-0.0298,-0.5476,-0.8362,25.5,0.144,0.756,0.106,0.40471,54.4,451.2,39.9,433.7,69.2,468.9,409,0.294,4
411,-138.137,-27.846,12.818,0.7029,0.5922,-0.394,0.6041,-0.677,0.4204,-0.0179,-0.539,-0.8421,25.5,0.1419,0.907,0.103,0.46724,55.9,450.0,41.3,432.6,70.6,467.7,409,1.641,4
412,-136.778,-26.689,12.071,0.7015,0.6038,-0.3785,0.605,-0.6771,0.419,-0.0033,-0.5283,-0.849,25.5,0.143,1.11,0.096,0.57485,57.3,448.9,42.7,431.4,72.1,466.5,410,1.733,4
413,-135.424,-25.506,11.356,0.6974,0.6199,-0.3596,0.6059,-0.6772,0.4175,0.0154,-0.5147,-0.8572,25.5,0.1474,1.406,0.1,0.74531,58.7,447.7,44.1,430.2,73.5,465.3,410,0.202,4
414,-134.072,-24.302,10.677,0.7012,0.6254,-0.3423,0.6066,-0.6775,0.416,0.0286,-0.5044,-0.863,25.5,0.1408,1.015,0.096,0.54944,60.1,446.4,45.5,429.0,75.0,464.1,410,2.136,4
415,-132.713,-23.086,10.032,0.7034,0.632,-0.3253,0.6072,-0.6778,0.4146,0.0419,-0.4937,-0.8686,25.5,0.1361,1.029,0.089,0.544,61.5,445.2,46.8,427.8,76.4,462.8,411,1.288,4
416,-131.352,-21.855,9.419,0.7035,0.6404,-0.3083,0.6077,-0.6782,0.4131,0.056,-0.4823,-0.8742,25.5,0.1342,1.087,0.093,0.56161,63.0,444.0,48.2,426.6,77.8,461.6,411,0.649,4
417,-129.992,-20.607,8.839,0.7015,0.6507,-0.2908,0.6082,-0.6787,0.4116,0.0711,-0.4699,-0.8799,25.5,0.1347,1.166,0.095,0.60427,64.4,442.7,49.6,425.3,79.3,460.3,411,2.583,4
418,-128.639,-19.336,8.294,0.697,0.6633,-0.2725,0.6085,-0.6793,0.4101,0.0878,-0.4561,-0.8856,25.5,0.1382,1.283,0.094,0.67139,65.8,441.4,51.0,424.0,80.7,459.0,412,0.821,4
419,-127.297,-18.039,7.786,0.6895,0.6787,-0.2529,0.6088,-0.68,0.4086,0.1065,-0.4404,-0.8915,25.5,0.1451,1.439,0.096,0.77098,67.1,440.1,52.4,422.7,82.1,457.7,412,1.116,4
420,-125.974,-16.708,7.317,0.6783,0.6975,-0.2313,0.6089,-0.6808,0.4071,0.1281,-0.4221,-0.8974,25.5,0.156,1.657,0.098,0.91076,68.5,438.8,53.7,421.3,83.5,456.4,413,2.21,4
421,-124.669,-15.344,6.893,0.6703,0.7129,-0.2061,0.609,-0.6816,0.4056,0.1506,-0.4027,-0.9029,25.5,0.1613,1.731,0.098,0.90626,69.9,437.4,55.1,420.0,84.8,455.0,413,0.279,4
422,-123.381,-13.95,6.52,0.6607,0.7289,-0.1794,0.6089,-0.6826,0.404,0.1745,-0.3816,-0.9077,25.5,0.1677,1.847,0.108,0.96485,71.2,436.0,56.4,418.6,86.1,453.7,413,1.663,4
423,-122.114,-12.524,6.2,0.6493,0.7451,-0.1521,0.6088,-0.6837,0.4025,0.199,-0.3595,-0.9117,25.5,0.1754,1.904,0.107,0.99919,72.5,434.6,57.7,417.1,87.4,452.2,414,1.545,4
424,-120.87,-11.067,5.931,0.6367,0.7608,-0.1257,0.6085,-0.6849,0.4008,0.2227,-0.3375,-0.9146,25.5,0.184,1.86,0.12,0.98343,73.7,433.1,58.9,415.6,88.7,450.8,414,0.396,4
425,-119.651,-9.581,5.712,0.6235,0.7752,-0.1016,0.6082,-0.6861,0.3992,0.2444,-0.3166,-0.9165,25.5,0.1932,1.73,0.116,0.91896,75.0,431.6,60.2,414.1,89.9,449.3,414,2.328,4
426,-118.458,-8.068,5.539,0.6091,0.7894,-0.0759,0.6077,-0.6875,0.3975,0.2672,-0.2944,-0.9176,25.5,0.2027,1.824,0.129,0.96859,76.2,430.1,61.4,412.6,91.1,447.8,415,0.759,4
427,-117.294,-6.528,5.419,0.5941,0.8029,-0.0489,0.6072,-0.689,0.3957,0.2906,-0.271,-0.9177,25.5,0.2118,1.896,0.137,0.99847,77.4,428.5,62.6,411.0,92.3,446.3,415,1.178,4
428,-116.16,-4.962,5.349,0.5793,0.8148,-0.0232,0.6065,-0.6906,0.3939,0.3127,-0.2484,-0.9168,25.5,0.2205,1.812,0.144,0.94651,78.5,427.0,63.7,409.4,93.4,444.8,416,1.796,4
429,-115.053,-3.376,5.328,0.5652,0.825,0.0009,0.6058,-0.6923,0.3921,0.3329,-0.2271,-0.9152,25.5,0.2284,1.684,0.147,0.88045,79.6,425.4,64.8,407.8,94.5,443.2,416,0.145,4
430,-113.972,-1.772,5.351,0.552,0.8335,0.0228,0.6049,-0.6941,0.3902,0.351,-0.2074,-0.9131,25.5,0.2357,1.538,0.159,0.79818,80.7,423.8,65.9,406.1,95.6,441.6,416,2.074,4
431,-112.917,-0.152,5.415,0.5386,0.8414,0.0439,0.604,-0.6961,0.3882,0.3683,-0.1882,-0.9105,25.5,0.2433,1.488,0.17,0.77641,81.7,422.2,67.0,404.4,96.6,440.1,417,0.786,4
432,-111.889,1.484,5.521,0.5243,0.849,0.0656,0.6029,-0.6981,0.3862,0.386,-0.1683,-0.907,25.5,0.2513,1.539,0.174,0.80195,82.8,420.5,68.0,402.8,97.7,438.5,417,1.15,4
433,-110.888,3.132,5.668,0.5106,0.8555,0.0862,0.6018,-0.7002,0.3841,0.4026,-0.1493,-0.9031,25.5,0.2586,1.463,0.181,0.75766,83.8,418.9,69.1,401.1,98.6,436.9,418,1.582,4
434,-109.913,4.793,5.854,0.4977,0.8609,0.1059,0.6006,-0.7025,0.3819,0.4181,-0.1312,-0.8989,25.5,0.2654,1.386,0.195,0.71555,84.7,417.2,70.0,399.3,99.6,435.2,418,0.354,4
435,-108.962,6.462,6.077,0.4854,0.8653,0.1247,0.5992,-0.7048,0.3796,0.4327,-0.1138,-0.8943,25.5,0.2717,1.328,0.203,0.67806,85.7,415.5,71.0,397.6,100.5,433.6,419,2.228,4
436,-108.034,8.14,6.336,0.4738,0.869,0.1428,0.5978,-0.7073,0.3772,0.4463,-0.0972,-0.8896,25.5,0.2775,1.259,0.214,0.64612,86.6,413.8,71.9,395.9,101.4,432.0,419,0.294,4
437,-107.129,9.824,6.63,0.4607,0.8728,0.1611,0.5963,-0.7099,0.3748,0.4605,-0.0799,-0.884,25.5,0.2845,1.322,0.22,0.67604,87.5,412.1,72.9,394.1,102.2,430.4,419,1.641,4
438,-106.251,11.517,6.959,0.4476,0.8762,0.1786,0.5947,-0.7126,0.3722,0.474,-0.0632,-0.8782,25.5,0.2917,1.275,0.234,0.6552,88.3,410.4,73.8,392.4,103.1,428.7,420,0.759,4
439,-105.396,13.214,7.32,0.4361,0.8786,0.1946,0.593,-0.7154,0.3696,0.486,-0.0479,-0.8726,25.5,0.298,1.159,0.24,0.58796,89.2,408.7,74.6,390.6,103.9,427.1,420,1.175,4
440,-104.563,14.916,7.711,0.4258,0.8802,0.2098,0.5912,-0.7183,0.3668,0.497,-0.0337,-0.8671,25.5,0.3036,1.076,0.253,0.54582,90.0,407.0,75.5,388.8,104.7,425.4,421,1.008,4
441,-103.748,16.619,8.131,0.4165,0.881,0.2243,0.5892,-0.7214,0.3638,0.5071,-0.0204,-0.8617,25.5,0.3086,1.006,0.272,0.51075,90.8,405.3,76.3,387.0,105.4,423.8,421,0.927,4
442,-102.951,18.324,8.579,0.4081,0.8813,0.2384,0.5872,-0.7247,0.3607,0.5166,-0.0076,-0.8562,25.5,0.3131,0.966,0.284,0.48616,91.6,403.6,77.1,385.2,106.1,422.2,422,0.999,4
443,-102.169,20.029,9.054,0.4003,0.8809,0.2525,0.585,-0.7281,0.3574,0.5258,0.0049,-0.8506,25.5,0.317,0.945,0.299,0.47739,92.3,401.9,77.9,383.4,106.9,420.5,422,0.936,4
444,-101.408,21.734,9.557,0.3871,0.8823,0.2678,0.5826,-0.7316,0.354,0.5374,0.0201,-0.8431,25.5,0.3252,1.177,0.312,0.59997,93.1,400.1,78.7,381.6,107.5,418.9,423,0.713,4
445,-100.67,23.441,10.089,0.3757,0.8826,0.2826,0.5801,-0.7353,0.3503,0.5481,0.0342,-0.8357,25.5,0.332,1.099,0.332,0.55339,93.8,398.4,79.5,379.8,108.2,417.3,423,1.222,4
446,-99.952,25.148,10.65,0.3665,0.8818,0.2968,0.5775,-0.7392,0.3465,0.5576,0.0472,-0.8288,25.5,0.3373,1.004,0.346,0.5017,94.5,396.7,80.2,378.0,108.8,415.6,424,0.165,4
447,-99.25,26.852,11.237,0.3595,0.88,0.3104,0.5748,-0.7431,0.3425,0.566,0.0588,-0.8223,25.5,0.341,0.901,0.356,0.45616,95.1,395.0,80.9,376.1,109.5,414.0,425,1.298,4
448,-98.56,28.552,11.85,0.3548,0.8772,0.3234,0.5721,-0.7472,0.3383,0.5732,0.0692,-0.8165,25.5,0.3431,0.797,0.37,0.41773,95.8,393.3,81.6,374.3,110.1,412.4,425,0.638,4
449,-97.876,30.246,12.488,0.3523,0.8736,0.3358,0.5692,-0.7513,0.334,0.5793,0.0782,-0.8113,25.5,0.3436,0.691,0.379,0.38954,96.4,391.5,82.4,372.5,110.7,410.8,426,0.266,4
450,-97.197,31.932,13.15,0.3468,0.8697,0.3513,0.5663,-0.7555,0.3295,0.588,0.0902,-0.8038,25.5,0.3449,0.952,0.39,0.50064,97.1,389.8,83.1,370.7,111.2,409.2,427,0.948,4
451,-96.539,33.611,13.85,0.3343,0.8665,0.3708,0.5633,-0.7598,0.3248,0.6011,0.1071,-0.792,25.5,0.3496,1.399,0.403,0.69256,97.7,388.1,83.8,368.8,111.8,407.6,427,0.986,4
452,-95.9,35.284,14.582,0.3269,0.8631,0.385,0.56,-0.7643,0.3198,0.6095,0.1187,-0.7838,25.5,0.3535,0.946,0.429,0.48478,98.3,386.4,84.4,367.0,112.3,406.0,428,0.512,4
453,-95.271,36.951,15.336,0.3245,0.8597,0.3944,0.5565,-0.7691,0.3144,0.614,0.1257,-0.7793,25.5,0.3566,0.542,0.46,0.30447,98.9,384.7,85.1,365.2,112.9,404.4,429,0.235,4
454,-94.642,38.611,16.105,0.327,0.8565,0.3993,0.5525,-0.7743,0.3086,0.6145,0.1282,-0.7784,25.5,0.3593,0.155,0.502,0.18847,99.5,383.0,85.8,363.4,113.4,402.9,430,0.145,4
455,-94.002,40.265,16.878,0.3346,0.8534,0.3997,0.5479,-0.7801,0.3023,0.6111,0.1264,-0.7814,25.5,0.3616,0.28,0.557,0.24339,100.1,381.4,86.5,361.5,113.9,401.3,431,0.225,4
456,-93.344,41.913,17.648,0.3476,0.8502,0.3953,0.5425,-0.7865,0.2952,0.6032,0.1201,-0.7885,25.5,0.3634,0.708,0.629,0.41735,100.7,379.7,87.2,359.7,114.4,399.8,432,0.469,4
457,-92.654,43.554,18.405,0.3655,0.8463,0.3876,0.5363,-0.7936,0.2875,0.5914,0.1103,-0.7988,25.5,0.3642,1.059,0.697,0.58861,101.4,378.0,88.0,357.8,114.9,398.3,434,0.535,4
458,-91.932,45.186,19.15,0.3804,0.8414,0.3838,0.5292,-0.8013,0.279,0.5827,0.1042,-0.8059,25.5,0.3658,0.732,0.773,0.47804,102.1,376.3,88.9,355.9,115.4,396.9,435,0.136,4
459,-91.186,46.81,19.892,0.3901,0.837,0.3837,0.5216,-0.8092,0.2703,0.5778,0.102,-0.8098,25.5,0.3701,0.38,0.802,0.31549,102.8,374.7,89.8,354.1,115.9,395.4,437,0.179,4
460,-90.427,48.426,20.638,0.3938,0.8335,0.3876,0.514,-0.8169,0.2618,0.5774,0.1038,-0.8099,25.5,0.377,0.106,0.788,0.18999,103.5,373.0,90.7,352.2,116.5,394.0,439,0.138,4
461,-89.666,50.035,21.394,0.3915,0.831,0.3953,0.5067,-0.8239,0.2538,0.5816,0.1094,-0.8061,25.5,0.386,0.456,0.739,0.24927,104.3,371.4,91.6,350.4,117.0,392.5,441,0.293,4
462,-88.916,51.641,22.169,0.3834,0.8295,0.4062,0.5001,-0.83,0.2468,0.5903,0.1182,-0.7985,25.5,0.3965,0.832,0.653,0.40467,105.0,369.7,92.4,348.5,117.6,391.0,444,0.08,4
463,-88.186,53.245,22.967,0.3717,0.8289,0.4181,0.4948,-0.8348,0.2414,0.6012,0.1283,-0.7887,25.5,0.4071,1.02,0.513,0.49458,105.7,368.1,93.2,346.8,118.2,389.5,446,0.262,4
464,-87.47,54.849,23.778,0.3685,0.8292,0.4203,0.491,-0.8381,0.2377,0.6036,0.1305,-0.7866,25.5,0.4141,0.222,0.358,0.11535,106.4,366.4,94.0,345.0,118.8,388.0,448,0.325,4
465,-86.76,56.452,24.595,0.3652,0.8281,0.4254,0.4887,-0.84,0.2357,0.6078,0.134,-0.7827,25.5,0.4169,0.385,0.206,0.18282,107.0,364.8,94.7,343.3,119.4,386.4,450,0.122,4
466,-86.057,58.052,25.425,0.3618,0.8256,0.433,0.4876,-0.8408,0.2351,0.6138,0.1386,-0.7772,25.5,0.416,0.536,0.085,0.25747,107.7,363.1,95.4,341.6,120.1,384.7,452,0.64,4
467,-85.36,59.646,26.272,0.3582,0.8218,0.4431,0.4876,-0.8406,0.2358,0.6214,0.1444,-0.7701,25.5,0.4117,0.682,0.042,0.33692,108.4,361.5,96.1,340.0,120.7,383.1,453,0.192,4
468,-84.671,61.231,27.141,0.3545,0.8165,0.4556,0.4884,-0.8397,0.2376,0.6304,0.1512,-0.7614,25.5,0.4042,0.816,0.124,0.41677,109.0,359.8,96.7,338.4,121.4,381.4,454,0.226,4
469,-83.989,62.804,28.037,0.3506,0.8098,0.4704,0.4898,-0.8381,0.2402,0.6406,0.1591,-0.7512,25.5,0.394,0.942,0.192,0.49487,109.7,358.2,97.3,336.8,122.1,379.8,455,0.447,4
470,-83.315,64.363,28.963,0.3463,0.8015,0.4875,0.4917,-0.8361,0.2434,0.6519,0.1681,-0.7394,25.5,0.3812,1.069,0.242,0.5772,110.3,356.6,97.9,335.2,122.8,378.1,456,0.553,4
471,-82.646,65.902,29.924,0.3456,0.7901,0.5063,0.4938,-0.8338,0.247,0.6625,0.1767,-0.7279,25.5,0.3631,1.023,0.273,0.65159,111.0,355.0,98.5,333.7,123.5,376.4,457,0.535,4
472,-81.979,67.421,30.919,0.3438,0.7809,0.5215,0.4961,-0.8312,0.251,0.6713,0.1839,-0.718,25.5,0.3476,0.864,0.303,0.52893,111.6,353.4,99.1,332.2,124.2,374.8,458,0.392,4
473,-81.317,68.925,31.94,0.3404,0.7745,0.5331,0.4986,-0.8284,0.2553,0.6788,0.1899,-0.7094,25.5,0.3358,0.739,0.327,0.40508,112.2,351.8,99.6,330.7,124.9,373.2,459,0.129,4
474,-80.662,70.42,32.98,0.3356,0.7707,0.5417,0.5013,-0.8253,0.26,0.6851,0.195,-0.7019,25.5,0.327,0.633,0.358,0.31264,112.8,350.3,100.2,329.2,125.6,371.5,460,0.276,4
475,-80.019,71.909,34.034,0.3291,0.7694,0.5474,0.5041,-0.822,0.2649,0.6905,0.1994,-0.6954,25.5,0.3215,0.546,0.375,0.25892,113.4,348.7,100.7,327.7,126.3,369.9,461,0.793,4
476,-79.39,73.398,35.096,0.3211,0.7707,0.5504,0.5071,-0.8185,0.2701,0.695,0.203,-0.6898,25.5,0.3193,0.46,0.398,0.25594,114.0,347.1,101.2,326.2,127.0,368.2,461,1.143,4
477,-78.778,74.893,36.162,0.3114,0.7745,0.5505,0.5102,-0.8147,0.2755,0.6988,0.2059,-0.685,25.5,0.3204,0.388,0.418,0.30856,114.6,345.6,101.7,324.8,127.6,366.6,462,0.499,4
478,-78.186,76.397,37.225,0.2998,0.7811,0.5478,0.5134,-0.8108,0.2811,0.7019,0.2083,-0.6811,25.5,0.3254,0.317,0.432,0.40326,115.2,344.0,102.2,323.3,128.3,364.9,463,0.272,4
479,-77.619,77.906,38.293,0.2876,0.7785,0.5578,0.5168,-0.8066,0.2869,0.7105,0.2171,-0.6693,25.5,0.3193,0.977,0.454,0.47365,115.7,342.4,102.6,321.8,128.9,363.2,464,1.164,4
480,-77.072,79.41,39.38,0.2774,0.7765,0.5658,0.5202,-0.8023,0.2929,0.7174,0.2244,-0.6596,25.5,0.313,0.8,0.466,0.38845,116.2,340.8,103.0,320.3,129.5,361.5,464,0.772,4
481,-76.544,80.912,40.479,0.2688,0.7767,0.5697,0.5237,-0.7977,0.299,0.7218,0.2292,-0.653,25.5,0.3085,0.531,0.481,0.2797,116.7,339.2,103.4,318.9,130.1,359.8,465,0.229,4
482,-76.031,82.417,41.582,0.2617,0.7791,0.5696,0.5274,-0.7929,0.3053,0.7242,0.2316,-0.6495,25.5,0.3058,0.279,0.501,0.22197,117.2,337.6,103.8,317.4,130.7,358.0,466,1.307,4
483,-75.531,83.928,42.681,0.2559,0.7841,0.5655,0.5311,-0.7879,0.3117,0.7246,0.2317,-0.649,25.5,0.3056,0.037,0.511,0.25723,117.6,336.0,104.2,315.9,131.2,356.3,466,0.629,4
484,-75.041,85.452,43.767,0.2512,0.7918,0.5568,0.5349,-0.7827,0.3183,0.7229,0.229,-0.6519,25.5,0.3081,0.247,0.528,0.37118,118.1,334.4,104.5,314.5,131.8,354.6,467,0.518,4
485,-74.558,86.994,44.831,0.2478,0.8028,0.5423,0.5388,-0.7772,0.325,0.7188,0.2229,-0.6585,25.5,0.3142,0.566,0.545,0.54839,118.5,332.8,104.9,313.0,132.3,352.8,467,1.417,4
486,-74.081,88.561,45.861,0.2449,0.8168,0.5224,0.5428,-0.7716,0.3318,0.7125,0.2138,-0.6683,25.5,0.324,0.847,0.554,0.72563,119.0,331.1,105.2,311.5,132.9,351.0,468,0.225,4
487,-73.615,90.149,46.863,0.2365,0.8251,0.5132,0.5468,-0.7657,0.3387,0.7119,0.2123,-0.6694,25.5,0.3286,0.112,0.568,0.44337,119.4,329.4,105.5,309.9,133.4,349.1,469,0.995,4
488,-73.165,91.754,47.844,0.2288,0.8348,0.5007,0.551,-0.7595,0.3457,0.7099,0.2088,-0.6726,25.5,0.3349,0.295,0.587,0.52122,119.8,327.7,105.9,308.4,134.0,347.3,469,0.94,4
489,-72.729,93.379,48.798,0.2222,0.8459,0.4848,0.5552,-0.7531,0.3529,0.7064,0.203,-0.6781,25.5,0.3426,0.5,0.602,0.60678,120.2,326.0,106.1,306.9,134.5,345.4,470,0.292,4
490,-72.305,95.028,49.717,0.2171,0.858,0.4655,0.5595,-0.7464,0.3603,0.7012,0.1947,-0.6858,25.5,0.3512,0.714,0.623,0.69139,120.6,324.3,106.4,305.3,135.0,343.4,471,1.518,4
491,-71.888,96.699,50.597,0.2138,0.8705,0.4433,0.564,-0.7394,0.3677,0.6945,0.1837,-0.6957,25.5,0.3601,0.931,0.638,0.76094,121.0,322.5,106.7,303.7,135.5,341.5,471,0.417,4
492,-71.478,98.396,51.431,0.2096,0.8836,0.4188,0.5686,-0.732,0.3754,0.6871,0.1716,-0.706,25.5,0.3704,1.004,0.666,0.83211,121.4,320.7,107.0,302.1,136.0,339.5,472,0.794,4
493,-71.078,100.118,52.217,0.2035,0.8962,0.3941,0.5732,-0.7243,0.3832,0.6803,0.16,-0.7152,25.5,0.3815,0.934,0.681,0.841,121.8,318.9,107.2,300.5,136.5,337.4,472,1.141,4
494,-70.69,101.862,52.957,0.1977,0.9071,0.3716,0.578,-0.7162,0.3911,0.6744,0.1493,-0.7232,25.5,0.3901,0.837,0.704,0.76027,122.2,317.0,107.5,298.9,137.0,335.4,473,0.036,4
495,-70.313,103.626,53.657,0.1927,0.9156,0.3529,0.5827,-0.708,0.399,0.6697,0.1401,-0.7293,25.5,0.3952,0.687,0.706,0.62619,122.5,315.2,107.7,297.3,137.5,333.3,474,1.148,4
496,-69.944,105.403,54.326,0.1887,0.9218,0.3388,0.5875,-0.6995,0.407,0.6666,0.1331,-0.7334,25.5,0.396,0.498,0.723,0.47129,122.9,313.3,107.9,295.7,138.0,331.2,474,0.787,4
497,-69.583,107.192,54.966,0.1845,0.9292,0.3203,0.5921,-0.6908,0.4149,0.662,0.1234,-0.7393,25.5,0.3998,0.702,0.723,0.60317,123.2,311.4,108.2,294.0,138.5,329.0,475,0.241,4
498,-69.23,108.997,55.566,0.1801,0.9365,0.301,0.5969,-0.6818,0.423,0.6572,0.1131,-0.7452,25.5,0.4037,0.734,0.746,0.62485,123.6,309.5,108.4,292.4,138.9,326.9,476,1.15,4
499,-68.886,110.814,56.134,0.1761,0.9415,0.2874,0.6018,-0.6721,0.4313,0.6548,0.106,-0.7484,25.5,0.4028,0.467,0.783,0.44519,123.9,307.6,108.6,290.8,139.4,324.7,476,0.785,4
500,-68.549,112.639,56.681,0.1724,0.9447,0.2789,0.6071,-0.6614,0.4404,0.6544,0.1018,-0.7493,25.5,0.3973,0.247,0.86,0.29044,124.2,305.7,108.8,289.1,139.9,322.5,477,0.033,4
501,-68.218,114.469,57.216,0.169,0.9465,0.275,0.6128,-0.6493,0.4503,0.656,0.1003,-0.7481,25.5,0.3872,0.143,0.953,0.16224,124.5,303.8,109.0,287.6,140.3,320.2,478,0.563,4
502,-67.895,116.3,57.748,0.1656,0.9468,0.2759,0.6192,-0.6354,0.4614,0.6594,0.1017,-0.7449,25.5,0.3718,0.279,1.083,0.10454,124.9,301.8,109.1,286.0,140.8,317.9,479,0.938,4
503,-67.581,118.133,58.28,0.1585,0.9492,0.2719,0.6262,-0.6193,0.4737,0.6624,0.102,-0.7422,25.5,0.3598,0.232,1.228,0.25163,125.2,299.9,109.2,284.5,141.3,315.5,479,0.997,4
504,-67.28,119.972,58.801,0.1531,0.9516,0.2666,0.6336,-0.601,0.4872,0.6647,0.1005,-0.7404,25.5,0.345,0.188,1.37,0.23508,125.4,298.0,109.4,283.1,141.8,313.0,480,0.864,4
505,-66.987,121.815,59.312,0.1506,0.9533,0.2617,0.6412,-0.5808,0.5016,0.6666,0.0976,-0.739,25.5,0.3258,0.214,1.487,0.17051,125.7,296.0,109.5,281.7,142.2,310.5,482,0.666,4
506,-66.696,123.66,59.814,0.151,0.9545,0.2572,0.6487,-0.5589,0.5166,0.6681,0.0932,-0.7382,25.5,0.3026,0.27,1.58,0.13844,126.0,294.1,109.5,280.4,142.7,308.0,483,0.209,4
507,-66.4,125.508,60.307,0.1547,0.955,0.2529,0.6558,-0.5357,0.5319,0.6694,0.0869,-0.7378,25.5,0.2756,0.369,1.643,0.16863,126.3,292.1,109.7,279.1,143.2,305.4,484,0.367,5
508,-66.096,127.355,60.792,0.1572,0.9564,0.2463,0.6625,-0.5115,0.5473,0.6707,0.0797,-0.7374,25.5,0.2503,0.42,1.688,0.21313,126.6,290.2,109.8,277.8,143.7,302.7,486,0.247,5
509,-65.801,129.21,61.256,0.1495,0.9604,0.2351,0.6683,-0.4866,0.5626,0.6736,0.0752,-0.7352,25.5,0.2352,0.332,1.707,0.41959,126.9,288.2,109.9,276.6,144.1,300.1,487,0.42,5
510,-65.509,131.069,61.706,0.1551,0.9606,0.2307,0.6732,-0.462,0.5774,0.6757,0.0672,-0.7341,25.5,0.2062,0.478,1.669,0.21103,127.2,286.3,110.1,275.3,144.5,297.4,489,0.368,5
511,-65.191,132.924,62.154,0.1764,0.9561,0.2342,0.677,-0.4383,0.5913,0.6768,0.0549,-0.7341,25.5,0.1612,0.708,1.589,0.65299,127.5,284.3,110.3,274.0,144.9,294.8,490,0.086,5
512,-64.814,134.764,62.618,0.216,0.9447,0.2468,0.6795,-0.4164,0.6041,0.6767,0.0374,-0.7353,25.5,0.0975,1.005,1.46,1.27645,127.8,282.4,110.6,272.7,145.4,292.2,491,0.457,5
513,-64.37,136.584,63.097,0.2431,0.9375,0.2489,0.6806,-0.3971,0.6156,0.677,0.0198,-0.7357,25.5,0.0536,1.009,1.289,0.83285,128.3,280.5,111.1,271.3,145.8,289.8,492,0.753,5
514,-63.868,138.387,63.586,0.2771,0.9258,0.2572,0.6807,-0.3802,0.6262,0.6775,0.0016,-0.7355,25.5,0.0023,1.043,1.143,1.0931,128.8,278.5,111.6,269.9,146.3,287.4,494,0.823,5
515,-63.293,140.162,64.098,0.3184,0.9076,0.2738,0.6798,-0.3653,0.636,0.6784,-0.0165,-0.7345,25.5,0.059,1.04,1.023,1.42455,129.4,276.7,112.2,268.4,146.9,285.0,495,0.763,5
516,-62.634,141.896,64.646,0.3612,0.886,0.2906,0.6779,-0.3517,0.6455,0.6791,-0.0365,-0.7331,25.5,0.1208,1.149,0.957,1.50485,130.0,274.8,112.9,267.0,147.5,282.8,496,0.785,5
517,-61.897,143.589,65.221,0.401,0.8639,0.3047,0.6753,-0.3393,0.6548,0.6799,-0.0577,-0.7311,25.5,0.1772,1.221,0.901,1.41183,130.8,273.0,113.7,265.5,148.2,280.6,497,0.894,5
518,-61.085,145.237,65.826,0.4383,0.8394,0.3215,0.6719,-0.328,0.664,0.6815,-0.0771,-0.7278,25.5,0.2326,1.131,0.857,1.41252,131.6,271.2,114.6,264.1,148.9,278.5,497,1.041,5
519,-60.203,146.835,66.466,0.4732,0.813,0.3393,0.6678,-0.3179,0.673,0.6835,-0.0959,-0.7236,25.5,0.2859,1.11,0.81,1.39947,132.5,269.5,115.6,262.7,149.7,276.5,498,0.85,5
520,-59.254,148.382,67.136,0.5072,0.786,0.3534,0.663,-0.3088,0.682,0.6846,-0.1184,-0.7192,25.5,0.3346,1.315,0.783,1.35219,133.4,267.9,116.7,261.3,150.6,274.6,499,0.585,5
521,-58.242,149.875,67.835,0.5394,0.7564,0.3699,0.6574,-0.3007,0.691,0.6861,-0.1403,-0.7138,25.5,0.3828,1.295,0.764,1.3848,134.5,266.3,117.8,259.9,151.5,272.7,500,0.25,5
522,-57.167,151.306,68.569,0.5711,0.7228,0.3892,0.651,-0.2935,0.7,0.6877,-0.1624,-0.7076,25.5,0.4321,1.318,0.755,1.48304,135.6,264.7,119.1,258.6,152.4,270.9,501,0.153,5
523,-56.03,152.669,69.339,0.6038,0.6857,0.4066,0.6438,-0.2872,0.7092,0.6875,-0.1897,-0.701,25.5,0.4802,1.609,0.761,1.55301,136.7,263.2,120.4,257.3,153.4,269.2,502,0.62,5
524,-54.834,153.96,70.142,0.6323,0.6492,0.4228,0.6358,-0.2818,0.7186,0.687,-0.2177,-0.6933,25.5,0.5229,1.664,0.772,1.45331,137.9,261.8,121.8,256.1,154.4,267.6,503,1.152,5
525,-53.586,155.18,70.975,0.6571,0.6128,0.4389,0.6269,-0.2772,0.7281,0.6864,-0.2458,-0.6845,25.5,0.5616,1.687,0.791,1.38918,139.2,260.4,123.3,254.9,155.4,266.1,503,0.783,5
526,-52.292,156.33,71.839,0.6813,0.5747,0.4535,0.6171,-0.2733,0.7379,0.6837,-0.2781,-0.6747,25.5,0.598,1.94,0.825,1.40522,140.5,259.2,124.9,253.7,156.5,264.7,504,0.187,5
527,-50.952,157.403,72.73,0.7041,0.5341,0.4679,0.6063,-0.2701,0.748,0.679,-0.3137,-0.6637,25.5,0.6326,2.152,0.867,1.44382,141.9,258.0,126.5,252.7,157.6,263.4,505,0.481,5
528,-49.57,158.395,73.65,0.7235,0.492,0.4841,0.5946,-0.2675,0.7582,0.6735,-0.3494,-0.6514,25.5,0.6656,2.186,0.902,1.45468,143.3,256.8,128.3,251.6,158.7,262.2,506,1.213,5
529,-48.154,159.305,74.604,0.7415,0.4471,0.5003,0.5819,-0.2655,0.7687,0.6648,-0.3891,-0.6376,25.5,0.6974,2.459,0.951,1.51128,144.8,255.8,130.0,250.7,159.8,261.0,506,0.722,5
530,-46.703,160.126,75.584,0.7577,0.4024,0.5138,0.5681,-0.264,0.7795,0.6521,-0.4334,-0.6221,25.5,0.7247,2.786,1.008,1.46408,146.2,254.9,131.9,249.8,161.0,260.0,507,0.066,5
531,-45.226,160.864,76.592,0.7688,0.361,0.5279,0.5533,-0.2629,0.7904,0.6387,-0.4752,-0.6052,25.5,0.7477,2.695,1.055,1.33658,147.8,254.0,133.7,249.0,162.1,259.1,508,0.9,5
532,-43.731,161.524,77.628,0.7765,0.3204,0.5427,0.5376,-0.2621,0.8015,0.6234,-0.5165,-0.587,25.5,0.7684,2.731,1.103,1.3002,149.3,253.2,135.7,248.3,163.2,258.2,508,1.035,5
533,-42.22,162.1,78.69,0.7847,0.2761,0.555,0.5209,-0.2614,0.8126,0.5995,-0.5656,-0.5663,25.5,0.7876,3.347,1.15,1.38332,150.8,252.5,137.6,247.6,164.4,257.5,509,0.165,5
534,-40.697,162.592,79.776,0.7894,0.2321,0.5683,0.5033,-0.2609,0.8238,0.5721,-0.614,-0.5439,25.5,0.8049,3.436,1.196,1.36876,152.4,251.9,139.7,247.0,165.5,256.8,510,0.74,5
535,-39.168,162.998,80.889,0.791,0.1867,0.5826,0.4847,-0.2604,0.835,0.5391,-0.6628,-0.5196,25.5,0.8213,3.652,1.244,1.41085,154.0,251.3,141.7,246.6,166.6,256.2,510,1.196,5
536,-37.636,163.312,82.027,0.7922,0.1382,0.5944,0.4652,-0.2599,0.8462,0.4941,-0.7169,-0.4918,25.5,0.8356,4.336,1.289,1.47909,155.6,250.9,143.8,246.2,167.7,255.7,511,0.268,5
537,-36.106,163.533,83.189,0.7899,0.0903,0.6066,0.4449,-0.2593,0.8572,0.4427,-0.7684,-0.4622,25.5,0.848,4.502,1.323,1.46581,157.1,250.5,145.9,245.9,168.7,255.3,512,0.687,5
538,-34.582,163.661,84.375,0.7846,0.0418,0.6186,0.4238,-0.2585,0.8681,0.3828,-0.8175,-0.4303,25.5,0.8587,4.801,1.362,1.48834,158.7,250.3,148.0,245.6,169.7,255.0,512,1.249,5
539,-33.071,163.692,85.581,0.7778,-0.0092,0.6285,0.4019,-0.2576,0.8787,0.3089,-0.8652,-0.3949,25.5,0.8672,5.435,1.395,1.55216,160.3,250.1,150.1,245.5,170.7,254.8,513,0.273,5
540,-31.576,163.628,86.806,0.7674,-0.0571,0.6386,0.3793,-0.2564,0.889,0.2322,-0.9037,-0.3597,25.5,0.8734,5.317,1.425,1.48252,161.8,250.1,152.2,245.5,171.7,254.7,514,0.727,5
541,-30.103,163.474,88.051,0.7554,-0.1027,0.6472,0.3562,-0.255,0.899,0.1513,-0.9336,-0.3248,25.5,0.8771,5.333,1.444,1.41981,163.3,250.1,154.3,245.6,172.6,254.7,514,1.208,5
542,-28.654,163.231,89.31,0.7418,-0.1477,0.6542,0.3326,-0.2532,0.9085,0.0658,-0.9547,-0.2901,25.5,0.8785,5.425,1.461,1.40791,164.8,250.2,156.4,245.8,173.5,254.8,515,0.192,5
543,-27.235,162.904,90.583,0.7244,-0.1906,0.6625,0.3085,-0.251,0.9175,-0.018,-0.9659,-0.2582,25.5,0.8792,5.179,1.479,1.3932,166.3,250.5,158.5,246.1,174.3,254.9,516,0.832,5
544,-25.853,162.494,91.872,0.7056,-0.2337,0.669,0.2842,-0.2485,0.926,-0.1048,-0.9681,-0.2276,25.5,0.8781,5.277,1.482,1.40618,167.8,250.8,160.6,246.5,175.1,255.1,516,1.103,5
545,-24.506,162.002,93.171,0.6855,-0.2743,0.6744,0.2597,-0.2455,0.934,-0.1874,-0.9616,-0.2007,25.5,0.8753,4.993,1.487,1.35147,169.2,251.2,162.6,247.0,175.9,255.4,517,0.08,5
546,-23.202,161.434,94.482,0.6621,-0.3125,0.6812,0.2351,-0.2421,0.9413,-0.2645,-0.9479,-0.1777,25.5,0.8725,4.677,1.483,1.34217,170.5,251.6,164.6,247.6,176.6,255.8,518,0.93,5
547,-21.946,160.793,95.806,0.6378,-0.3503,0.6859,0.2105,-0.2382,0.9481,-0.34,-0.9272,-0.1574,25.5,0.868,4.635,1.479,1.33839,171.8,252.2,166.6,248.2,177.2,256.2,518,1.004,5
548,-20.737,160.079,97.136,0.6112,-0.3876,0.6901,0.1862,-0.2337,0.9543,-0.4129,-0.9,-0.1398,25.5,0.8629,4.572,1.46,1.36278,173.1,252.8,168.4,249.0,177.9,256.7,519,0.019,5
549,-19.584,159.293,98.477,0.5793,-0.4247,0.6957,0.1623,-0.2287,0.9599,-0.4854,-0.8654,-0.1241,25.5,0.859,4.691,1.435,1.45886,174.3,253.5,170.3,249.8,178.4,257.3,520,0.94,5
550,-18.497,158.436,99.827,0.5455,-0.4617,0.6994,0.139,-0.223,0.9649,-0.5558,-0.8239,-0.1104,25.5,0.8536,4.749,1.404,1.4887,175.4,254.3,172.0,250.7,178.9,257.9,520,0.995,5
551,-17.475,157.507,101.182,0.5098,-0.4981,0.7014,0.1164,-0.2167,0.9693,-0.6225,-0.7763,-0.0988,25.5,0.8471,4.743,1.368,1.51157,176.5,255.1,173.6,251.7,179.4,258.6,521,0.082,5
552,-16.526,156.51,102.54,0.4719,-0.5328,0.7024,0.0948,-0.2097,0.9732,-0.6842,-0.7238,-0.0893,25.5,0.84,4.675,1.32,1.52258,177.5,256.0,175.2,252.8,179.8,259.3,522,0.788,5
553,-15.649,155.448,103.899,0.4342,-0.5644,0.7021,0.0743,-0.2021,0.9765,-0.7376,-0.6702,-0.0826,25.5,0.8319,4.353,1.267,1.45731,178.4,257.0,176.7,254.0,180.2,260.1,522,1.147,5
554,-14.846,154.326,105.255,0.3959,-0.596,0.6986,0.055,-0.1938,0.9795,-0.7865,-0.6127,-0.077,25.5,0.8216,4.338,1.216,1.47448,179.2,258.1,178.0,255.3,180.5,261.0,523,0.326,5
555,-14.117,153.143,106.6,0.3576,-0.627,0.6921,0.0373,-0.1848,0.9821,-0.8298,-0.5533,-0.0726,25.5,0.8089,4.22,1.147,1.47236,180.0,259.2,179.2,256.6,180.8,261.9,524,0.448,5
556,-13.461,151.905,107.934,0.3208,-0.6526,0.6864,0.0212,-0.1752,0.9843,-0.8641,-0.4984,-0.0701,25.5,0.7968,3.712,1.081,1.33861,180.7,260.4,180.3,258.1,181.0,262.8,525,1.165,5
557,-12.876,150.617,109.254,0.2845,-0.6788,0.677,0.007,-0.165,0.9863,-0.8943,-0.4423,-0.0677,25.5,0.7817,3.654,1.008,1.355,181.3,261.6,181.3,259.6,181.3,263.8,525,0.77,5
558,-12.361,149.278,110.551,0.2473,-0.7061,0.6636,-0.0051,-0.1542,0.988,-0.9213,-0.3834,-0.0646,25.5,0.7633,3.717,0.934,1.42334,181.8,262.9,182.2,261.2,181.5,264.8,526,0.114,5
559,-11.921,147.889,111.823,0.2088,-0.7288,0.6522,-0.0148,-0.1429,0.9896,-0.9437,-0.325,-0.0611,25.5,0.7465,3.59,0.858,1.36626,182.3,264.3,182.9,262.8,181.7,265.9,527,0.469,5
560,-11.551,146.458,113.071,0.1743,-0.7508,0.6371,-0.0216,-0.131,0.9911,-0.9608,-0.2712,-0.0568,25.5,0.726,3.244,0.79,1.29186,182.7,265.7,183.4,264.5,181.9,267.0,528,0.968,5
561,-11.246,144.983,114.285,0.1412,-0.775,0.616,-0.0247,-0.1187,0.9926,-0.9748,-0.2175,-0.0503,25.5,0.6999,3.202,0.732,1.366,183.0,267.2,183.8,266.3,182.1,268.1,528,0.967,5
562,-11.01,143.459,115.452,0.0979,-0.7997,0.5923,-0.0235,-0.106,0.9941,-0.9879,-0.1502,-0.0394,25.5,0.6713,3.978,0.736,1.63525,183.2,268.7,184.0,268.1,182.4,269.3,529,0.564,5
563,-10.861,141.89,116.574,0.0595,-0.8218,0.5667,-0.0177,-0.093,0.9955,-0.9956,-0.09,-0.0261,25.5,0.6395,3.56,0.82,1.51586,183.4,270.3,184.0,270.0,182.7,270.5,530,0.267,5
564,-10.767,140.278,117.639,0.0412,-0.8449,0.5333,-0.0071,-0.08,0.9968,-0.9984,-0.056,-0.0116,25.5,0.5989,2.124,0.964,1.31947,183.5,271.9,183.8,272.0,183.1,271.8,531,0.058,5
565,-10.696,138.62,118.633,0.0237,-0.8692,0.4938,0.0083,-0.0671,0.9977,-0.9997,-0.0234,0.0068,25.5,0.5512,2.146,1.152,1.46836,183.5,273.6,183.5,274.0,183.6,273.2,532,0.105,5
566,-10.675,136.918,119.551,0.0034,-0.8903,0.4553,0.0281,-0.0546,0.9981,-0.9995,0.0108,0.0287,25.5,0.5031,2.327,1.342,1.43293,183.6,275.3,183.0,276.1,184.2,274.6,533,0.235,5
567,-10.661,135.177,120.395,0.016,-0.9084,0.4178,0.0514,-0.0427,0.9978,-0.9986,0.0062,0.0517,25.5,0.4565,1.345,1.499,1.28867,183.6,277.1,182.4,278.1,184.8,276.1,534,0.364,5
568,-10.603,133.404,121.165,0.0351,-0.9261,0.3756,0.0773,-0.0316,0.9965,-0.997,-0.0066,0.0771,25.5,0.4063,1.632,1.616,1.46898,183.6,279.0,181.7,280.2,185.6,277.6,535,0.519,5
569,-10.523,131.597,121.85,0.0518,-0.9409,0.3346,0.1046,-0.0216,0.9943,-0.9944,-0.0176,0.1043,25.5,0.3584,1.688,1.671,1.3828,183.7,280.8,181.1,282.4,186.4,279.3,536,0.728,5
570,-10.388,129.768,122.467,0.091,-0.9479,0.3051,0.1323,-0.0128,0.9911,-0.9899,-0.0527,0.1315,25.5,0.3266,2.557,1.675,1.46819,183.9,282.8,180.5,284.5,187.4,281.0,537,1.019,5
571,-10.171,127.93,123.029,0.1301,-0.953,0.2734,0.1592,-0.0051,0.9872,-0.9834,-0.0889,0.1581,25.5,0.2955,2.601,1.619,1.49878,184.1,284.7,180.0,286.6,188.3,282.7,537,0.916,5
572,-9.887,126.083,123.529,0.163,-0.9557,0.245,0.1849,0.0015,0.9827,-0.9757,-0.1193,0.1838,25.5,0.2695,2.323,1.542,1.29002,184.4,286.6,179.6,288.7,189.4,284.5,538,0.515,5
573,-9.545,124.235,123.984,0.1898,-0.955,0.2279,0.2096,0.0072,0.9778,-0.9676,-0.1425,0.2085,25.5,0.2557,1.996,1.479,0.94189,184.7,288.6,179.2,290.7,190.4,286.4,539,0.01,5
574,-9.153,122.389,124.409,0.2154,-0.9537,0.2098,0.2333,0.0121,0.9723,-0.9585,-0.1654,0.2321,25.5,0.2427,1.955,1.422,0.92959,185.2,290.5,179.0,292.8,191.5,288.2,540,0.59,5
575,-8.716,120.545,124.8,0.2352,-0.9522,0.1951,0.2561,0.0163,0.9665,-0.9497,-0.1824,0.2547,25.5,0.2333,1.697,1.369,0.73173,185.6,292.5,178.9,294.8,192.6,290.1,541,1.237,5
576,-8.247,118.704,125.168,0.2487,-0.9506,0.186,0.2782,0.02,0.9603,-0.9415,-0.1921,0.2768,25.5,0.2288,1.46,1.332,0.48444,186.1,294.4,178.7,296.8,193.7,292.0,541,0.698,5
577,-7.757,116.867,125.522,0.2572,-0.9492,0.1815,0.2997,0.0233,0.9538,-0.9341,-0.1961,0.2983,25.5,0.2281,1.323,1.301,0.28787,186.7,296.4,178.7,298.8,194.9,293.9,542,0.03,5
578,-7.252,115.032,125.869,0.2677,-0.9476,0.1745,0.3208,0.0262,0.9468,-0.9257,-0.2027,0.3192,25.5,0.2263,1.345,1.285,0.37679,187.2,298.3,178.6,300.8,196.0,295.8,543,0.632,5
579,-6.723,113.201,126.198,0.2785,-0.9459,0.1667,0.3415,0.0288,0.9394,-0.9168,-0.2101,0.3397,25.5,0.2245,1.349,1.268,0.39775,187.8,300.3,178.6,302.8,197.2,297.7,544,1.249,5
580,-6.177,111.372,126.516,0.2853,-0.9445,0.1625,0.362,0.0312,0.9317,-0.9084,-0.2125,0.3601,25.5,0.2252,1.272,1.262,0.24029,188.4,302.2,178.7,304.7,198.3,299.6,544,0.686,5
581,-5.62,109.546,126.829,0.289,-0.9436,0.1615,0.3824,0.0334,0.9234,-0.9005,-0.2107,0.3805,25.5,0.2281,1.258,1.268,0.11659,189.0,304.1,178.7,306.7,199.5,301.5,545,0.146,5
582,-5.06,107.721,127.143,0.29,-0.943,0.1631,0.4026,0.0355,0.9147,-0.8928,-0.2052,0.401,25.5,0.2325,1.294,1.266,0.05863,189.6,306.1,178.7,308.6,200.7,303.5,546,0.285,5
583,-4.5,105.897,127.462,0.2884,-0.9428,0.1674,0.4229,0.0375,0.9054,-0.8853,-0.196,0.4217,25.5,0.2382,1.367,1.284,0.13599,190.2,308.0,178.8,310.6,201.9,305.4,547,0.588,5
584,-3.943,104.074,127.79,0.2889,-0.942,0.1708,0.4433,0.0394,0.8955,-0.8768,-0.1887,0.4423,25.5,0.2439,1.344,1.304,0.10451,190.8,310.0,178.8,312.5,203.0,307.3,548,0.775,5
585,-3.382,102.252,128.122,0.2909,-0.9411,0.1723,0.4636,0.0414,0.8851,-0.8673,-0.1834,0.4629,25.5,0.2484,1.335,1.312,0.07869,191.4,311.9,178.8,314.5,204.2,309.2,549,0.857,5
586,-2.818,100.432,128.456,0.2923,-0.9405,0.1734,0.4838,0.0436,0.8741,-0.8573,-0.1773,0.4834,25.5,0.252,1.353,1.324,0.05564,192.0,313.8,178.9,316.5,205.4,311.2,550,0.847,5
587,-2.252,98.613,128.793,0.2928,-0.9402,0.1742,0.5038,0.0459,0.8626,-0.8469,-0.1705,0.5037,25.5,0.2546,1.364,1.328,0.02932,192.6,315.8,178.9,318.4,206.6,313.1,551,0.754,5
588,-1.685,96.795,129.13,0.2927,-0.9401,0.1746,0.5234,0.0486,0.8507,-0.8361,-0.1631,0.5237,25.5,0.256,1.37,1.323,0.01246,193.2,317.7,179.0,320.4,207.7,315.0,552,0.593,5
589,-1.12,94.976,129.468,0.2919,-0.9403,0.1748,0.5424,0.0516,0.8385,-0.8251,-0.1552,0.5433,25.5,0.2564,1.365,1.305,0.02513,193.8,319.7,179.1,322.4,208.9,316.9,553,0.375,5
590,-0.556,93.156,129.806,0.2906,-0.9407,0.1749,0.5608,0.0551,0.8261,-0.8138,-0.1468,0.5623,25.5,0.2556,1.355,1.287,0.04039,194.4,321.6,179.2,324.3,210.0,318.8,554,0.111,5
591,0.006,91.337,130.148,0.2903,-0.9402,0.1784,0.5785,0.0592,0.8135,-0.8025,-0.1376,0.5806,25.5,0.2574,1.34,1.267,0.10507,195.0,323.5,179.3,326.4,211.1,320.7,555,0.188,6
592,0.567,89.518,130.495,0.29,-0.9399,0.1801,0.5954,0.0637,0.8009,-0.7908,-0.1294,0.5982,25.5,0.257,1.299,1.235,0.05185,195.6,325.5,179.4,328.4,212.2,322.5,556,0.516,6
593,1.128,87.7,130.844,0.2898,-0.94,0.1801,0.6115,0.0685,0.7883,-0.779,-0.1223,0.615,25.5,0.2548,1.245,1.203,0.00654,196.2,327.4,179.6,330.4,213.3,324.4,558,0.7,6
594,1.688,85.881,131.191,0.2896,-0.9403,0.1786,0.6268,0.0736,0.7757,-0.7671,-0.1164,0.6309,25.5,0.2509,1.187,1.173,0.04567,196.8,329.4,179.8,332.5,214.3,326.2,559,0.319,6
595,2.248,84.062,131.534,0.2895,-0.941,0.1755,0.6412,0.0789,0.7633,-0.7551,-0.1118,0.6459,25.5,0.2453,1.132,1.13,0.09413,197.4,331.3,180.0,334.5,215.3,328.0,560,0.075,6
596,2.808,82.24,131.869,0.2893,-0.9419,0.1707,0.6548,0.0842,0.7511,-0.7433,-0.1087,0.6601,25.5,0.2383,1.073,1.09,0.14476,198.0,333.3,180.2,336.6,216.3,329.9,561,0.462,6
597,3.368,80.417,132.193,0.2892,-0.9431,0.164,0.6675,0.0894,0.7393,-0.7315,-0.1072,0.6734,25.5,0.23,1.022,1.037,0.20159,198.6,335.2,180.4,338.6,217.3,331.7,563,0.707,6
598,3.929,78.594,132.511,0.2913,-0.9422,0.1657,0.6793,0.0945,0.7278,-0.7206,-0.1022,0.6858,25.5,0.2294,0.988,0.988,0.08435,199.2,337.2,180.7,340.7,218.2,333.6,564,0.341,6
599,4.494,76.771,132.832,0.2925,-0.9418,0.1657,0.6902,0.0993,0.7168,-0.7101,-0.0979,0.6973,25.5,0.2271,0.926,0.929,0.03745,199.9,339.1,181.0,342.7,219.1,335.4,565,0.027,6
600,5.06,74.949,133.149,0.2923,-0.9426,0.1616,0.7004,0.1038,0.7062,-0.6997,-0.0956,0.708,25.5,0.221,0.865,0.881,0.12386,200.5,341.1,181.3,344.8,220.0,337.3,566,0.352,6
601,5.624,73.124,133.455,0.2905,-0.9445,0.1533,0.7098,0.1079,0.696,-0.6895,-0.0956,0.718,25.5,0.211,0.818,0.829,0.25773,201.1,343.0,181.7,346.8,220.9,339.2,567,0.672,6
602,6.183,71.294,133.739,0.2871,-0.9476,0.1403,0.7187,0.1116,0.6863,-0.6793,-0.0982,0.7273,25.5,0.1969,0.805,0.784,0.40845,201.7,345.0,182.0,348.8,221.8,341.1,569,0.686,6
603,6.734,69.457,133.994,0.2817,-0.9517,0.122,0.7269,0.1147,0.6771,-0.6691,-0.1038,0.7359,25.5,0.1782,0.829,0.728,0.57799,202.3,347.0,182.4,350.9,222.6,343.0,570,0.433,6
604,7.272,67.611,134.208,0.2743,-0.9565,0.0996,0.7346,0.1172,0.6683,-0.659,-0.1115,0.7439,25.5,0.156,0.86,0.685,0.71302,202.9,348.9,182.7,352.9,223.4,344.9,571,0.208,6
605,7.796,65.758,134.388,0.2681,-0.9595,0.0867,0.7418,0.119,0.66,-0.6501,-0.1138,0.7512,25.5,0.1419,0.673,0.638,0.43312,203.4,350.9,183.1,354.9,224.2,346.9,572,0.017,6
606,8.309,63.899,134.541,0.2627,-0.9623,0.0701,0.7486,0.1202,0.6521,-0.6411,-0.1197,0.7581,25.5,0.1267,0.732,0.601,0.52371,204.0,352.9,183.5,356.9,224.9,348.9,573,0.157,6
607,8.813,62.034,134.657,0.2582,-0.9648,0.0497,0.755,0.1207,0.6445,-0.6317,-0.1297,0.7643,25.5,0.1105,0.863,0.57,0.62312,204.5,354.9,183.8,358.9,225.6,350.9,574,0.295,6
608,9.309,60.166,134.731,0.2549,-0.9666,0.0256,0.7611,0.1207,0.6374,-0.6219,-0.1436,0.7698,25.5,0.0937,1.024,0.536,0.72247,205.1,357.0,184.2,360.9,226.3,353.0,575,0.403,6
609,9.8,58.295,134.754,0.2528,-0.9675,-0.002,0.7668,0.1201,0.6305,-0.6116,-0.1614,0.7745,25.5,0.0764,1.209,0.514,0.82035,205.6,359.0,184.6,362.9,227.0,355.0,576,0.479,6
610,10.287,56.423,134.723,0.2494,-0.968,-0.0291,0.7724,0.119,0.6239,-0.6016,-0.1784,0.7787,25.5,0.0593,1.155,0.5,0.80902,206.1,361.0,184.9,364.8,227.7,357.1,577,0.523,6
611,10.765,54.55,134.642,0.2448,-0.968,-0.055,0.7777,0.1173,0.6176,-0.592,-0.1941,0.7822,25.5,0.0429,1.073,0.482,0.77915,206.6,363.0,185.3,366.8,228.4,359.2,578,0.533,6
612,11.234,52.679,134.51,0.241,-0.9671,-0.0818,0.7828,0.1153,0.6115,-0.5822,-0.2115,0.7851,25.5,0.0271,1.156,0.47,0.80221,207.1,365.1,185.7,368.7,229.0,361.3,579,0.507,6
613,11.698,50.81,134.325,0.238,-0.9651,-0.1091,0.7877,0.1128,0.6057,-0.5723,-0.2301,0.7871,25.5,0.0125,1.213,0.458,0.81562,207.6,367.1,186.0,370.7,229.7,363.4,580,0.444,6
614,12.156,48.945,134.088,0.2358,-0.9622,-0.1364,0.7924,0.1099,0.6,-0.5623,-0.2495,0.7884,25.5,0.0007,1.253,0.455,0.81576,208.1,369.1,186.4,372.6,230.3,365.6,581,0.345,6
615,12.61,47.087,133.798,0.2334,-0.9586,-0.1632,0.797,0.1068,0.5944,-0.5524,-0.2688,0.789,25.5,0.0134,1.243,0.452,0.80407,208.6,371.1,186.7,374.5,230.9,367.7,582,0.21,6
616,13.058,45.236,133.456,0.2299,-0.9546,-0.1896,0.8015,0.1033,0.589,-0.5428,-0.2875,0.7891,25.5,0.026,1.204,0.45,0.7976,209.1,373.1,187.1,376.4,231.5,369.8,583,0.04,6
617,13.5,43.394,133.064,0.2267,-0.9498,-0.2156,0.8059,0.0995,0.5837,-0.5333,-0.3063,0.7885,25.5,0.0377,1.207,0.451,0.78882,209.6,375.1,187.5,378.3,232.1,372.0,584,0.165,6
618,13.936,41.562,132.623,0.2238,-0.9444,-0.241,0.8101,0.0956,0.5785,-0.5239,-0.325,0.7873,25.5,0.0484,1.201,0.443,0.77389,210.0,377.1,187.8,380.1,232.7,374.1,585,0.405,6
619,14.366,39.741,132.133,0.2211,-0.9384,-0.2657,0.8142,0.0914,0.5733,-0.5146,-0.3436,0.7856,25.5,0.0581,1.195,0.449,0.75708,210.5,379.1,188.2,382.0,233.2,376.2,586,0.679,6
620,14.791,37.932,131.595,0.2183,-0.9318,-0.2898,0.8182,0.0872,0.5683,-0.5054,-0.3621,0.7832,25.5,0.0673,1.192,0.439,0.74472,211.0,381.1,188.5,383.8,233.8,378.3,587,0.987,6
621,15.21,36.136,131.011,0.2146,-0.9248,-0.3143,0.8221,0.0829,0.5633,-0.4963,-0.3804,0.7804,25.5,0.0773,1.182,0.439,0.76261,211.4,383.0,188.8,385.6,234.4,380.4,587,0.948,6
622,15.622,34.354,130.381,0.2114,-0.9174,-0.3371,0.8259,0.0785,0.5583,-0.4875,-0.3979,0.7772,25.5,0.0856,1.137,0.439,0.71629,211.8,385.0,189.2,387.4,234.9,382.5,588,0.606,6
623,16.028,32.586,129.707,0.2087,-0.9099,-0.3584,0.8296,0.0741,0.5534,-0.4791,-0.4146,0.7737,25.5,0.0926,1.09,0.433,0.67363,212.3,386.9,189.5,389.2,235.4,384.5,589,0.234,6
624,16.43,30.834,128.995,0.2067,-0.9024,-0.378,0.8333,0.0696,0.5485,-0.4709,-0.4304,0.77,25.5,0.0979,1.042,0.436,0.62442,212.7,388.8,189.9,391.0,235.9,386.6,590,0.162,6
625,16.828,29.095,128.246,0.2052,-0.8951,-0.3959,0.8368,0.0651,0.5436,-0.4632,-0.4452,0.7663,25.5,0.1018,0.979,0.431,0.57427,213.1,390.7,190.2,392.7,236.4,388.6,591,0.576,6
626,17.223,27.37,127.464,0.2032,-0.8876,-0.4134,0.8403,0.0606,0.5388,-0.4557,-0.4594,0.7624,25.5,0.1058,0.947,0.427,0.56702,213.5,392.5,190.5,394.4,236.9,390.6,592,1.003,6
627,17.614,25.661,126.647,0.2005,-0.8798,-0.431,0.8436,0.0562,0.534,-0.4483,-0.4735,0.7581,25.5,0.1105,0.945,0.418,0.57579,213.9,394.4,190.8,396.1,237.4,392.6,592,0.931,6
628,17.999,23.966,125.797,0.1984,-0.8721,-0.4472,0.847,0.0517,0.5291,-0.4412,-0.4869,0.7538,25.5,0.1137,0.903,0.428,0.53486,214.4,396.2,191.2,397.8,237.9,394.6,593,0.497,6
629,18.382,22.286,124.917,0.1969,-0.8645,-0.4624,0.8502,0.0472,0.5243,-0.4344,-0.4997,0.7494,25.5,0.1158,0.868,0.419,0.50528,214.8,398.1,191.5,399.5,238.4,396.6,594,0.063,6
630,18.761,20.621,124.008,0.1959,-0.857,-0.4767,0.8534,0.0428,0.5195,-0.4277,-0.5121,0.7449,25.5,0.1171,0.848,0.416,0.47919,215.2,399.9,191.8,401.2,238.9,398.5,595,0.367,6
631,19.14,18.971,123.073,0.1954,-0.8495,-0.4901,0.8565,0.0385,0.5147,-0.4213,-0.524,0.7402,25.5,0.1176,0.82,0.41,0.45502,215.5,401.6,192.1,402.8,239.3,400.4,596,0.785,6
632,19.518,17.334,122.113,0.1955,-0.842,-0.5028,0.8596,0.0341,0.5098,-0.415,-0.5356,0.7355,25.5,0.117,0.803,0.417,0.43685,215.9,403.4,192.4,404.5,239.8,402.3,596,1.15,6
633,19.894,15.713,121.126,0.1937,-0.8339,-0.5168,0.8626,0.0299,0.505,-0.4086,-0.5475,0.7303,25.5,0.1188,0.83,0.404,0.482,216.3,405.2,192.8,406.1,240.3,404.2,597,0.748,6
634,20.268,14.108,120.114,0.1923,-0.8261,-0.5297,0.8656,0.0256,0.5001,-0.4024,-0.5587,0.7252,25.5,0.1196,0.79,0.411,0.44846,216.7,406.9,193.1,407.7,240.7,406.1,598,0.365,6
635,20.639,12.517,119.078,0.1914,-0.8186,-0.5416,0.8685,0.0215,0.4952,-0.3966,-0.5693,0.7202,25.5,0.1196,0.749,0.402,0.41745,217.1,408.6,193.4,409.3,241.2,407.9,599,0.006,6
636,21.009,10.941,118.019,0.191,-0.8113,-0.5525,0.8714,0.0173,0.4903,-0.391,-0.5792,0.7153,25.5,0.1185,0.71,0.405,0.38871,217.5,410.3,193.7,410.8,241.6,409.7,600,0.327,6
637,21.378,9.378,116.94,0.1911,-0.8044,-0.5625,0.8742,0.0132,0.4853,-0.3856,-0.5886,0.7106,25.5,0.1165,0.677,0.404,0.35984,217.9,412.0,194.0,412.4,242.1,411.5,601,0.629,6
638,21.748,7.828,115.843,0.1917,-0.7977,-0.5718,0.877,0.0091,0.4803,-0.3804,-0.5975,0.7059,25.5,0.1138,0.649,0.404,0.33994,218.2,413.6,194.3,413.9,242.5,413.3,602,0.895,6
639,22.12,6.292,114.728,0.1928,-0.7912,-0.5804,0.8798,0.0051,0.4753,-0.3754,-0.606,0.7014,25.5,0.1103,0.621,0.4,0.32093,218.6,415.3,194.7,415.5,242.9,415.1,602,1.039,6
640,22.494,4.768,113.597,0.1936,-0.7842,-0.5895,0.8826,0.001,0.4702,-0.3702,-0.6149,0.6963,25.5,0.1071,0.659,0.408,0.34089,219.0,416.9,195.0,417.0,243.4,416.8,603,0.812,6
641,22.869,3.258,112.447,0.1938,-0.7769,-0.5991,0.8853,-0.003,0.465,-0.3651,-0.6239,0.691,25.5,0.1047,0.666,0.406,0.35722,219.4,418.5,195.3,418.5,243.8,418.6,604,0.628,6
642,23.244,1.761,111.28,0.194,-0.7699,-0.6079,0.888,-0.007,0.4598,-0.3602,-0.6323,0.6859,25.5,0.1019,0.629,0.406,0.33309,219.8,420.1,195.6,419.9,244.3,420.3,605,0.49,6
643,23.62,0.278,110.096,0.1942,-0.7633,-0.6161,0.8907,-0.011,0.4546,-0.3555,-0.6401,0.681,25.5,0.0987,0.593,0.406,0.31182,220.2,421.7,196.0,421.4,244.7,422.0,606,0.395,6
644,23.996,-1.192,108.896,0.1944,-0.7571,-0.6238,0.8933,-0.0151,0.4492,-0.3511,-0.6475,0.6764,25.5,0.0951,0.559,0.416,0.29283,220.5,423.3,196.3,422.9,245.1,423.7,607,0.341,6
645,24.372,-2.651,107.683,0.1945,-0.7511,-0.6309,0.8959,-0.0192,0.4438,-0.3469,-0.6543,0.672,25.5,0.0913,0.523,0.416,0.27532,220.9,424.8,196.6,424.3,245.6,425.4,608,0.327,6
646,24.748,-4.098,106.456,0.1947,-0.7454,-0.6376,0.8985,-0.0232,0.4383,-0.3428,-0.6607,0.6678,25.5,0.0872,0.498,0.417,0.26058,221.3,426.4,196.9,425.7,246.0,427.0,609,0.352,6
647,25.125,-5.535,105.216,0.1949,-0.7399,-0.6438,0.9011,-0.0274,0.4327,-0.339,-0.6668,0.6637,25.5,0.0827,0.474,0.428,0.24554,221.7,427.9,197.3,427.1,246.4,428.7,610,0.413,6
648,25.502,-6.961,103.964,0.1952,-0.734,-0.6505,0.9037,-0.0315,0.427,-0.335,-0.6733,0.6591,25.5,0.0782,0.511,0.429,0.26456,222.1,429.4,197.6,428.5,246.9,430.3,611,0.509,6
649,25.88,-8.374,102.699,0.1957,-0.7272,-0.6579,0.9062,-0.0358,0.4213,-0.3308,-0.6805,0.6538,25.5,0.0738,0.566,0.433,0.29801,222.4,430.9,197.9,429.9,247.3,431.9,612,0.64,6
650,26.259,-9.775,101.419,0.196,-0.7209,-0.6648,0.9088,-0.04,0.4154,-0.3268,-0.6872,0.6488,25.5,0.0692,0.531,0.441,0.27688,222.8,432.4,198.2,431.2,247.7,433.5,613,0.801,6
651,26.638,-11.164,100.127,0.196,-0.715,-0.671,0.9113,-0.0444,0.4094,-0.3232,-0.6932,0.6442,25.5,0.0643,0.48,0.45,0.25347,223.2,433.8,198.6,432.6,248.1,435.1,615,0.726,6
652,27.018,-12.542,98.823,0.1959,-0.7096,-0.6768,0.9137,-0.0488,0.4034,-0.3198,-0.6987,0.64,25.5,0.0594,0.442,0.448,0.23473,223.6,435.3,198.9,433.9,248.6,436.7,616,0.486,6
653,27.396,-13.91,97.509,0.1956,-0.7047,-0.682,0.9162,-0.0533,0.3972,-0.3167,-0.7036,0.6361,25.5,0.0541,0.4,0.462,0.21179,224.0,436.7,199.2,435.2,249.0,438.2,617,0.227,6
654,27.774,-15.269,96.185,0.1951,-0.7001,-0.6869,0.9186,-0.0579,0.3909,-0.3138,-0.708,0.6326,25.5,0.0488,0.362,0.468,0.19961,224.3,438.1,199.6,436.5,249.4,439.8,618,0.049,6
655,28.151,-16.619,94.852,0.1944,-0.696,-0.6912,0.921,-0.0626,0.3845,-0.3111,-0.712,0.6295,25.5,0.0432,0.329,0.475,0.17718,224.7,439.5,199.9,437.8,249.8,441.3,619,0.339,6
656,28.526,-17.962,93.511,0.1935,-0.6923,-0.6952,0.9234,-0.0674,0.3779,-0.3087,-0.7155,0.6267,25.5,0.0374,0.291,0.487,0.16356,225.1,440.9,200.2,439.0,250.2,442.9,620,0.639,6
657,28.9,-19.296,92.161,0.1934,-0.6867,-0.7007,0.9257,-0.0723,0.3712,-0.3058,-0.7208,0.622,25.5,0.0314,0.439,0.494,0.2325,225.5,442.3,200.5,440.3,250.6,444.4,622,0.675,6
658,29.274,-20.619,90.8,0.1934,-0.6811,-0.7062,0.928,-0.0774,0.3644,-0.303,-0.7261,0.6172,25.5,0.0251,0.44,0.505,0.23247,225.8,443.7,200.9,441.5,251.1,445.9,623,0.362,6
659,29.648,-21.932,89.429,0.1931,-0.676,-0.7112,0.9303,-0.0826,0.3575,-0.3005,-0.7307,0.613,25.5,0.0188,0.385,0.512,0.21171,226.2,445.1,201.2,442.8,251.5,447.4,624,0.054,6
660,30.021,-23.235,88.049,0.1925,-0.6716,-0.7155,0.9324,-0.0879,0.3505,-0.2983,-0.7347,0.6093,25.5,0.0123,0.337,0.517,0.18308,226.6,446.4,201.5,444.0,251.9,448.9,625,0.246,6
661,30.393,-24.53,86.661,0.1916,-0.6677,-0.7193,0.9346,-0.0933,0.3433,-0.2964,-0.738,0.6062,25.5,0.0056,0.281,0.531,0.16345,226.9,447.8,201.9,445.2,252.3,450.4,626,0.534,6
662,30.762,-25.819,85.266,0.1904,-0.6645,-0.7226,0.9367,-0.0989,0.336,-0.2947,-0.7408,0.6036,25.5,0.0013,0.24,0.541,0.14071,227.3,449.1,202.2,446.3,252.7,451.9,627,0.805,6
663,31.129,-27.102,83.865,0.1889,-0.6619,-0.7254,0.9387,-0.1045,0.3286,-0.2933,-0.743,0.6016,25.5,0.0081,0.188,0.544,0.12158,227.7,450.4,202.5,447.5,253.0,453.4,629,0.651,6
664,31.493,-28.38,82.459,0.1872,-0.6599,-0.7277,0.9406,-0.1103,0.3211,-0.2922,-0.7447,0.6001,25.5,0.0152,0.144,0.554,0.10335,228.0,451.7,202.8,448.7,253.4,454.8,630,0.45,6
665,31.853,-29.655,81.05,0.1852,-0.6585,-0.7295,0.9425,-0.1163,0.3134,-0.2912,-0.7457,0.5992,25.5,0.0225,0.096,0.57,0.08983,228.4,453.1,203.2,449.8,253.8,456.3,631,0.276,6
666,32.21,-30.925,79.635,0.1841,-0.654,-0.7338,0.9443,-0.1223,0.3057,-0.2897,-0.7495,0.5952,25.5,0.0295,0.328,0.569,0.18721,228.7,454.4,203.5,451.0,254.2,457.8,632,0.129,6
667,32.566,-32.186,78.211,0.1831,-0.6497,-0.7378,0.946,-0.1284,0.2978,-0.2884,-0.7529,0.5915,25.5,0.0369,0.297,0.58,0.17643,229.0,455.6,203.8,452.1,254.5,459.2,633,0.013,6
668,32.919,-33.44,76.781,0.1818,-0.6464,-0.741,0.9476,-0.1347,0.2898,-0.2874,-0.7556,0.5886,25.5,0.0446,0.234,0.591,0.14148,229.4,456.9,204.1,453.2,254.9,460.7,634,0.08,6
669,33.269,-34.687,75.345,0.1805,-0.6438,-0.7436,0.9491,-0.1412,0.2816,-0.2867,-0.7576,0.5864,25.5,0.0528,0.175,0.606,0.11551,229.7,458.2,204.4,454.3,255.2,462.1,635,0.14,6
670,33.617,-35.931,73.904,0.1789,-0.6421,-0.7454,0.9505,-0.1478,0.2733,-0.2862,-0.7589,0.585,25.5,0.0612,0.113,0.613,0.0873,230.1,459.5,204.7,455.4,255.6,463.6,636,0.171,6
671,33.961,-37.172,72.461,0.1772,-0.6412,-0.7466,0.9518,-0.1546,0.2649,-0.2859,-0.7595,0.5843,25.5,0.07,0.056,0.624,0.06715,230.4,460.7,205.1,456.5,255.9,465.0,637,0.17,6
672,34.302,-38.412,71.016,0.1753,-0.6411,-0.7472,0.953,-0.1615,0.2562,-0.2858,-0.7594,0.5845,25.5,0.0792,0.014,0.64,0.05907,230.7,462.0,205.4,457.6,256.2,466.4,638,0.141,6
673,34.64,-39.653,69.57,0.1732,-0.6418,-0.747,0.9541,-0.1687,0.2474,-0.2859,-0.7586,0.5855,25.5,0.0887,0.074,0.655,0.06579,231.0,463.2,205.7,458.6,256.6,467.9,639,0.087,6
674,34.972,-40.896,68.126,0.1709,-0.6434,-0.7462,0.9551,-0.176,0.2383,-0.2861,-0.7571,0.5873,25.5,0.0986,0.135,0.671,0.0863,231.3,464.5,206.0,459.7,256.9,469.3,640,0.011,6
675,35.3,-42.141,66.682,0.1682,-0.6426,-0.7475,0.956,-0.1836,0.229,-0.286,-0.7575,0.5869,25.5,0.1076,0.033,0.69,0.09187,231.7,465.8,206.3,460.8,257.2,470.8,641,0.081,6
676,35.623,-43.383,65.234,0.1657,-0.6412,-0.7493,0.9567,-0.1914,0.2195,-0.2861,-0.7584,0.5857,25.5,0.1168,0.086,0.705,0.10021,232.0,467.0,206.6,461.8,257.5,472.2,642,0.184,6
677,35.942,-44.622,63.783,0.1635,-0.6404,-0.7505,0.9572,-0.1994,0.2097,-0.2862,-0.7588,0.5851,25.5,0.1268,0.042,0.725,0.0779,232.3,468.3,206.9,462.9,257.8,473.7,643,0.294,6
678,36.256,-45.861,62.331,0.1616,-0.6402,-0.751,0.9576,-0.2077,0.1996,-0.2865,-0.7587,0.5851,25.5,0.1378,0.018,0.749,0.05846,232.6,469.5,207.2,463.9,258.0,475.1,644,0.406,6
679,36.567,-47.1,60.878,0.16,-0.6407,-0.7509,0.9578,-0.2163,0.1893,-0.2869,-0.758,0.5857,25.5,0.1497,0.057,0.769,0.04974,232.8,470.7,207.5,464.9,258.3,476.6,645,0.517,6
680,36.875,-48.34,59.426,0.1588,-0.642,-0.7501,0.9578,-0.2251,0.1787,-0.2874,-0.7569,0.587,25.5,0.1626,0.102,0.789,0.05749,233.1,472.0,207.8,465.9,258.6,478.1,646,0.623,6
681,37.182,-49.584,57.976,0.1579,-0.644,-0.7486,0.9576,-0.2343,0.1678,-0.2879,-0.7551,0.5889,25.5,0.1765,0.153,0.817,0.07869,233.4,473.2,208.2,467.0,258.8,479.6,647,0.723,6
682,37.486,-50.833,56.53,0.1573,-0.6468,-0.7463,0.9571,-0.2438,0.1565,-0.2885,-0.7528,0.5916,25.5,0.1914,0.206,0.846,0.10878,233.7,474.5,208.5,468.0,259.0,481.0,648,0.819,6
683,37.791,-52.087,55.089,0.1569,-0.6503,-0.7433,0.9564,-0.2536,0.1449,-0.289,-0.7499,0.595,25.5,0.2073,0.258,0.871,0.13705,234.0,475.7,208.8,469.0,259.3,482.5,649,0.911,6
684,38.092,-53.346,53.652,0.1543,-0.6517,-0.7426,0.9554,-0.2638,0.133,-0.2897,-0.7484,0.5966,25.5,0.2206,0.132,0.9,0.08988,234.3,477.0,209.1,470.0,259.5,484.0,650,0.999,6
685,38.388,-54.609,52.216,0.1524,-0.6534,-0.7415,0.954,-0.2743,0.1207,-0.2904,-0.7467,0.5984,25.5,0.2351,0.147,0.93,0.08224,234.5,478.2,209.5,471.0,259.7,485.6,650,0.935,6
686,38.682,-55.875,50.783,0.1512,-0.6554,-0.74,0.9524,-0.2851,0.1082,-0.2912,-0.7449,0.6003,25.5,0.2508,0.157,0.951,0.08214,234.8,479.5,209.8,471.9,259.9,487.1,651,0.85,6
687,38.974,-57.145,49.354,0.1507,-0.6578,-0.738,0.9503,-0.2962,0.0954,-0.292,-0.7428,0.6024,25.5,0.2676,0.176,0.978,0.09371,235.1,480.8,210.1,472.9,260.1,488.6,652,0.769,6
688,39.265,-58.42,47.928,0.1511,-0.6604,-0.7356,0.948,-0.3076,0.0824,-0.2929,-0.7406,0.6047,25.5,0.2858,0.19,0.999,0.10546,235.3,482.0,210.5,473.9,260.3,490.2,653,0.69,6
689,39.559,-59.7,46.508,0.1522,-0.6632,-0.7328,0.9452,-0.3191,0.0693,-0.2938,-0.7383,0.6072,25.5,0.3047,0.201,1.012,0.12172,235.6,483.3,210.9,474.9,260.4,491.7,654,0.613,6
690,39.855,-60.986,45.093,0.1542,-0.6664,-0.7295,0.942,-0.3309,0.0559,-0.2947,-0.7358,0.6098,25.5,0.325,0.213,1.039,0.14847,235.9,484.6,211.2,475.9,260.6,493.3,655,0.533,6
691,40.155,-62.278,43.685,0.1548,-0.6695,-0.7266,0.9384,-0.3429,0.0425,-0.2957,-0.7331,0.6125,25.5,0.344,0.226,1.051,0.12696,236.2,485.8,211.6,476.8,260.7,494.8,656,0.447,6
692,40.454,-63.576,42.282,0.1547,-0.6724,-0.7238,0.9344,-0.3551,0.029,-0.2967,-0.7305,0.6152,25.5,0.3623,0.222,1.067,0.11938,236.4,487.1,212.0,477.8,260.9,496.4,657,0.35,6
693,40.753,-64.88,40.885,0.1553,-0.6753,-0.721,0.9299,-0.3674,0.0155,-0.2978,-0.7279,0.6176,25.5,0.3813,0.212,1.078,0.12072,236.7,488.4,212.4,478.8,261.0,498.0,658,0.237,6
694,41.055,-66.189,39.493,0.1566,-0.6782,-0.718,0.9251,-0.3797,0.002,-0.2991,-0.7254,0.6199,25.5,0.4009,0.208,1.082,0.12944,237.0,489.7,212.9,479.8,261.1,499.6,659,0.102,7
695,41.36,-67.504,38.107,0.1587,-0.681,-0.7149,0.9198,-0.3921,-0.0114,-0.3005,-0.7231,0.622,25.5,0.4211,0.196,1.089,0.13847,237.3,491.0,213.3,480.8,261.2,501.2,660,0.058,7
696,41.67,-68.824,36.727,0.1616,-0.6836,-0.7117,0.9142,-0.4045,-0.0246,-0.3021,-0.7208,0.6238,25.5,0.4418,0.191,1.086,0.14929,237.5,492.3,213.7,481.7,261.3,502.8,661,0.248,7
697,41.985,-70.148,35.353,0.1651,-0.6861,-0.7085,0.9082,-0.4168,-0.0376,-0.304,-0.7188,0.6252,25.5,0.4625,0.177,1.082,0.15879,237.8,493.6,214.2,482.7,261.4,504.4,662,0.474,7
698,42.307,-71.478,33.985,0.1666,-0.6889,-0.7054,0.9019,-0.429,-0.0504,-0.3057,-0.7163,0.6273,25.5,0.4813,0.211,1.076,0.13145,238.1,494.9,214.7,483.7,261.5,505.9,663,0.734,7
699,42.63,-72.814,32.624,0.1681,-0.6917,-0.7023,0.8952,-0.4412,-0.0628,-0.3076,-0.7137,0.6293,25.5,0.4998,0.217,1.068,0.13146,238.4,496.2,215.2,484.8,261.6,507.5,664,1.025,7
700,42.958,-74.154,31.268,0.1705,-0.6943,-0.6991,0.8882,-0.4533,-0.075,-0.3098,-0.7113,0.6309,25.5,0.5186,0.208,1.063,0.1413,238.7,497.5,215.7,485.8,261.7,509.1,664,0.909,7
701,43.29,-75.5,29.919,0.1738,-0.6968,-0.6959,0.8809,-0.4653,-0.0868,-0.3123,-0.7091,0.6321,25.5,0.5377,0.203,1.051,0.15497,239.0,498.8,216.2,486.8,261.8,510.7,665,0.59,7
702,43.631,-76.85,28.576,0.1781,-0.6992,-0.6924,0.8732,-0.4773,-0.0983,-0.3152,-0.7071,0.6329,25.5,0.5573,0.207,1.05,0.17893,239.3,500.1,216.7,487.8,261.9,512.3,666,0.245,7
703,43.98,-78.205,27.24,0.1832,-0.7013,-0.6889,0.8653,-0.4892,-0.1095,-0.3186,-0.7053,0.6333,25.5,0.577,0.222,1.04,0.19346,239.7,501.4,217.3,488.8,262.0,513.9,667,0.121,7
704,44.34,-79.564,25.911,0.1893,-0.7034,-0.6852,0.857,-0.501,-0.1203,-0.3225,-0.7036,0.6332,25.5,0.5971,0.244,1.033,0.22026,240.0,502.7,217.9,489.9,262.0,515.5,668,0.504,7
705,44.709,-80.927,24.589,0.1924,-0.7061,-0.6815,0.8485,-0.5129,-0.1307,-0.326,-0.701,0.6343,25.5,0.6145,0.258,1.028,0.1638,240.3,504.0,218.4,490.9,262.1,517.1,669,0.903,7
706,45.085,-82.296,23.274,0.1963,-0.7086,-0.6778,0.8396,-0.5247,-0.1407,-0.3302,-0.6986,0.6347,25.5,0.632,0.278,1.022,0.17559,240.7,505.4,219.0,492.0,262.2,518.7,669,1.032,7
707,45.469,-83.669,21.966,0.2011,-0.7107,-0.6741,0.8304,-0.5365,-0.1503,-0.3352,-0.6966,0.6344,25.5,0.6496,0.309,1.019,0.18996,241.0,506.7,219.6,493.0,262.3,520.3,670,0.622,7
708,45.864,-85.046,20.666,0.2067,-0.7126,-0.6705,0.8209,-0.5483,-0.1593,-0.3411,-0.6948,0.6332,25.5,0.6672,0.36,1.01,0.20503,241.4,508.0,220.3,494.1,262.4,521.9,671,0.205,7
709,46.27,-86.426,19.372,0.2133,-0.7141,-0.6668,0.8112,-0.5602,-0.1679,-0.3481,-0.6932,0.6311,25.5,0.685,0.429,1.008,0.22845,241.8,509.4,220.9,495.1,262.5,523.6,672,0.216,7
710,46.689,-87.808,18.086,0.2207,-0.7152,-0.6631,0.8011,-0.5721,-0.1759,-0.3563,-0.692,0.6278,25.5,0.7026,0.511,1.005,0.24718,242.2,510.7,221.6,496.1,262.6,525.2,673,0.636,7
711,47.124,-89.193,16.807,0.2276,-0.717,-0.6589,0.7908,-0.584,-0.1834,-0.3647,-0.6902,0.625,25.5,0.7196,0.518,0.999,0.24512,242.6,512.0,222.3,497.2,262.7,526.8,674,1.052,7
712,47.569,-90.582,15.537,0.2331,-0.7194,-0.6543,0.7802,-0.596,-0.1902,-0.3733,-0.6875,0.6229,25.5,0.7351,0.53,0.997,0.22393,243.0,513.4,223.0,498.2,262.9,528.4,674,0.883,7
713,48.026,-91.976,14.275,0.2395,-0.721,-0.6502,0.7693,-0.608,-0.1963,-0.384,-0.6854,0.6187,25.5,0.7502,0.67,0.992,0.23005,243.4,514.7,223.7,499.3,263.0,530.0,675,0.476,7
714,48.497,-93.372,13.021,0.2469,-0.7218,-0.6466,0.7581,-0.6202,-0.2016,-0.3969,-0.684,0.612,25.5,0.7652,0.837,0.996,0.24487,243.9,516.1,224.5,500.3,263.1,531.7,676,0.083,7
715,48.982,-94.768,11.773,0.2553,-0.7217,-0.6435,0.7467,-0.6325,-0.2061,-0.4124,-0.6832,0.6026,25.5,0.7797,1.04,0.995,0.26518,244.3,517.4,225.2,501.4,263.3,533.3,677,0.294,7
716,49.485,-96.163,10.531,0.2647,-0.7206,-0.6408,0.735,-0.6449,-0.2097,-0.4308,-0.6829,0.59,25.5,0.7936,1.278,0.998,0.29148,244.8,518.7,226.0,502.4,263.4,534.9,678,0.65,7
717,50.007,-97.556,9.294,0.2752,-0.7189,-0.6383,0.723,-0.6574,-0.2123,-0.4522,-0.6827,0.5739,25.5,0.8071,1.534,1.004,0.32363,245.3,520.1,226.8,503.5,263.6,536.6,679,0.983,7
718,50.548,-98.948,8.065,0.2841,-0.7208,-0.6323,0.7109,-0.67,-0.2138,-0.471,-0.6793,0.5627,25.5,0.8201,1.269,1.005,0.32284,245.8,521.4,227.7,504.5,263.8,538.2,679,0.951,7
719,51.107,-100.343,6.846,0.2933,-0.7208,-0.628,0.6985,-0.6828,-0.2143,-0.4939,-0.6767,0.546,25.5,0.8316,1.631,1.021,0.30077,246.3,522.7,228.5,505.5,264.0,539.8,680,0.635,7
720,51.683,-101.736,5.634,0.3028,-0.7191,-0.6255,0.686,-0.6955,-0.2136,-0.5209,-0.6745,0.5232,25.5,0.8415,2.029,1.022,0.29526,246.8,524.1,229.4,506.5,264.2,541.5,681,0.329,7
721,52.278,-103.124,4.425,0.3125,-0.7154,-0.6249,0.6734,-0.7083,-0.2118,-0.5519,-0.6722,0.4936,25.5,0.8495,2.459,1.034,0.30798,247.4,525.4,230.3,507.5,264.4,543.1,682,0.025,7
722,52.892,-104.503,3.215,0.3225,-0.7098,-0.6262,0.6607,-0.7211,-0.2086,-0.5862,-0.6692,0.4566,25.5,0.8555,2.896,1.049,0.34165,248.0,526.7,231.2,508.5,264.7,544.7,683,0.287,7
723,53.526,-105.869,2.001,0.3327,-0.7025,-0.6291,0.6479,-0.7338,-0.2042,-0.6227,-0.6647,0.4129,25.5,0.8595,3.273,1.063,0.3813,248.6,528.0,232.2,509.5,264.9,546.4,684,0.611,7
724,54.18,-107.223,0.784,0.3428,-0.6977,-0.6291,0.6352,-0.7464,-0.1985,-0.656,-0.6571,0.3714,25.5,0.8634,3.08,1.076,0.33119,249.2,529.3,233.1,510.5,265.2,548.0,685,0.956,7
725,54.852,-108.568,-0.433,0.353,-0.6926,-0.629,0.6225,-0.7588,-0.1915,-0.6887,-0.6474,0.3264,25.5,0.8657,3.236,1.093,0.33777,249.8,530.5,234.1,511.4,265.5,549.5,685,0.979,7
726,55.546,-109.903,-1.65,0.3635,-0.6872,-0.629,0.6098,-0.771,-0.1834,-0.72,-0.6357,0.2785,25.5,0.8669,3.347,1.111,0.3497,250.5,531.8,235.1,512.4,265.8,551.1,686,0.606,7
727,56.259,-111.227,-2.867,0.3743,-0.6814,-0.629,0.5972,-0.783,-0.1741,-0.7491,-0.622,0.228,25.5,0.8666,3.431,1.13,0.36308,251.2,533.0,236.1,513.3,266.2,552.7,687,0.197,7
728,56.994,-112.539,-4.084,0.3855,-0.6751,-0.629,0.5845,-0.7947,-0.1637,-0.7754,-0.6065,0.1758,25.5,0.8648,3.465,1.155,0.38059,251.9,534.3,237.1,514.3,266.6,554.2,688,0.254,7
729,57.75,-113.838,-5.301,0.3964,-0.6677,-0.6301,0.5718,-0.8061,-0.1523,-0.7984,-0.5895,0.1225,25.5,0.8609,3.466,1.176,0.39155,252.6,535.5,238.1,515.2,267.0,555.7,689,0.75,7
730,58.528,-115.123,-6.521,0.4074,-0.6602,-0.631,0.5591,-0.8172,-0.1401,-0.8176,-0.5715,0.0701,25.5,0.8557,3.36,1.193,0.39524,253.3,536.7,239.2,516.1,267.4,557.2,689,1.184,7
731,59.327,-116.393,-7.741,0.4192,-0.6536,-0.6301,0.5464,-0.8278,-0.127,-0.8331,-0.5528,0.0193,25.5,0.8501,3.227,1.209,0.40131,254.1,537.9,240.3,517.0,267.8,558.7,690,0.638,7
732,60.15,-117.652,-8.958,0.4317,-0.6481,-0.6274,0.5336,-0.8381,-0.1133,-0.845,-0.534,-0.0298,25.5,0.8446,3.089,1.226,0.41232,254.9,539.1,241.4,518.0,268.3,560.1,691,0.036,7
733,60.998,-118.902,-10.167,0.4448,-0.6437,-0.6227,0.5207,-0.848,-0.099,-0.8536,-0.5152,-0.0772,25.5,0.8391,2.963,1.241,0.43234,255.7,540.2,242.5,518.9,268.8,561.5,692,0.626,7
734,61.871,-120.143,-11.367,0.4583,-0.6385,-0.6182,0.5077,-0.8574,-0.0842,-0.8591,-0.4966,-0.124,25.5,0.8322,2.903,1.251,0.44874,256.5,541.4,243.7,519.8,269.3,562.9,692,1.308,7
735,62.77,-121.371,-12.561,0.4713,-0.6313,-0.6159,0.4946,-0.8664,-0.0691,-0.8617,-0.4785,-0.1689,25.5,0.8226,2.778,1.256,0.44539,257.3,542.5,244.9,520.7,269.8,564.3,693,0.581,7
736,63.695,-122.587,-13.748,0.4841,-0.626,-0.6114,0.4814,-0.8749,-0.0537,-0.862,-0.4614,-0.2101,25.5,0.8136,2.556,1.26,0.43141,258.2,543.7,246.1,521.6,270.3,565.7,694,0.218,7
737,64.644,-123.794,-14.924,0.4969,-0.6227,-0.6044,0.468,-0.8829,-0.038,-0.8602,-0.4452,-0.2485,25.5,0.8053,2.39,1.268,0.44303,259.1,544.8,247.3,522.5,270.9,567.0,695,1.092,7
738,65.617,-124.998,-16.085,0.5097,-0.6214,-0.5951,0.4544,-0.8905,-0.0222,-0.8567,-0.43,-0.2848,25.5,0.7982,2.264,1.271,0.47016,260.0,545.9,248.6,523.4,271.5,568.4,695,0.843,7
739,66.616,-126.199,-17.226,0.5227,-0.6192,-0.586,0.4406,-0.8977,-0.0063,-0.8513,-0.4156,-0.3202,25.5,0.7898,2.212,1.275,0.47448,261.0,547.0,249.9,524.3,272.1,569.7,696,0.104,7
740,67.639,-127.392,-18.354,0.5357,-0.6143,-0.5793,0.4266,-0.9044,0.0096,-0.8443,-0.402,-0.3544,25.5,0.7785,2.147,1.273,0.45684,262.0,548.1,251.2,525.3,272.7,571.0,697,1.108,7
741,68.688,-128.577,-19.466,0.5488,-0.6121,-0.5694,0.4124,-0.9107,0.0255,-0.8358,-0.3893,-0.3871,25.5,0.7692,2.068,1.274,0.49065,263.0,549.2,252.5,526.2,273.4,572.2,697,0.827,7
742,69.763,-129.761,-20.555,0.5622,-0.6124,-0.5558,0.3979,-0.9165,0.0415,-0.8257,-0.3774,-0.4193,25.5,0.7619,2.05,1.281,0.56556,264.0,550.3,253.9,527.1,274.1,573.5,698,0.225,7
743,70.864,-130.949,-21.613,0.576,-0.6155,-0.5379,0.3831,-0.9219,0.0573,-0.8134,-0.3661,-0.4522,25.5,0.7573,2.114,1.278,0.67569,265.0,551.4,255.3,528.1,274.7,574.7,699,1.311,7
744,71.992,-132.142,-22.636,0.5904,-0.6163,-0.5211,0.368,-0.927,0.073,-0.799,-0.3554,-0.485,25.5,0.7505,2.142,1.282,0.65581,266.1,552.5,256.8,529.0,275.4,576.0,699,0.623,7
745,73.148,-133.333,-23.629,0.6049,-0.6163,-0.5043,0.3525,-0.9316,0.0885,-0.7831,-0.3454,-0.5171,25.5,0.7427,2.131,1.283,0.6573,267.2,553.6,258.2,530.0,276.2,577.2,700,0.487,7
746,74.332,-134.527,-24.586,0.6193,-0.6179,-0.4844,0.3367,-0.9359,0.1038,-0.765,-0.3362,-0.5493,25.5,0.7365,2.181,1.284,0.72908,268.3,554.7,259.8,531.0,276.9,578.5,700,1.448,7
747,75.544,-135.725,-25.5,0.6337,-0.6214,-0.4609,0.3206,-0.9397,0.1188,-0.7444,-0.3275,-0.5819,25.5,0.7323,2.265,1.279,0.82287,269.5,555.8,261.3,532.0,277.7,579.7,701,0.322,7
748,76.784,-136.931,-26.367,0.648,-0.6246,-0.4359,0.3041,-0.9432,0.1335,-0.7213,-0.3195,-0.6145,25.5,0.728,2.335,1.282,0.8583,270.7,557.0,262.9,533.0,278.5,581.0,702,0.813,7
749,78.052,-138.141,-27.186,0.6628,-0.6263,-0.4105,0.2872,-0.9464,0.1479,-0.6957,-0.3122,-0.6469,25.5,0.7224,2.403,1.285,0.87212,271.9,558.1,264.5,534.1,279.3,582.2,702,1.122,7
750,79.348,-139.354,-27.954,0.6776,-0.6282,-0.3824,0.27,-0.9492,0.1618,-0.6669,-0.3056,-0.6796,25.5,0.7174,2.525,1.277,0.9424,273.1,559.2,266.2,535.1,280.1,583.4,703,0.023,7
751,80.673,-140.572,-28.664,0.6921,-0.6303,-0.3518,0.2525,-0.9516,0.1753,-0.6348,-0.2996,-0.7122,25.5,0.7129,2.644,1.274,1.00489,274.4,560.4,267.9,536.2,281.0,584.7,704,1.152,7
752,82.025,-141.793,-29.315,0.7055,-0.6318,-0.3211,0.2346,-0.9537,0.1883,-0.6017,-0.2946,-0.7424,25.5,0.7076,2.583,1.273,0.99317,275.7,561.5,269.6,537.3,281.8,585.9,704,0.783,7
753,83.403,-143.015,-29.906,0.719,-0.632,-0.2889,0.2165,-0.9554,0.2007,-0.5654,-0.2903,-0.772,25.5,0.7015,2.695,1.261,1.03426,277.0,562.7,271.4,538.4,282.7,587.1,705,0.352,7
754,84.808,-144.237,-30.431,0.7329,-0.6311,-0.2542,0.1981,-0.9569,0.2126,-0.5248,-0.2867,-0.8015,25.5,0.695,2.883,1.258,1.10757,278.4,563.8,273.2,539.5,283.6,588.3,706,1.483,7
755,86.239,-145.456,-30.887,0.7466,-0.6289,-0.2171,0.1795,-0.958,0.2238,-0.4804,-0.2839,-0.8298,25.5,0.6879,3.021,1.246,1.17328,279.8,565.0,275.0,540.6,284.6,589.5,706,0.451,7
756,87.695,-146.67,-31.272,0.7586,-0.6261,-0.1803,0.1607,-0.9588,0.2343,-0.4358,-0.2819,-0.8547,25.5,0.68,2.929,1.235,1.14951,281.2,566.2,276.9,541.7,285.5,590.7,707,0.677,7
757,89.174,-147.878,-31.584,0.7699,-0.6219,-0.143,0.1418,-0.9593,0.2442,-0.3897,-0.2808,-0.8771,25.5,0.6708,2.938,1.223,1.16113,282.6,567.3,278.8,542.9,286.5,591.9,707,1.258,7
758,90.673,-149.075,-31.824,0.7806,-0.6161,-0.1048,0.1228,-0.9596,0.2533,-0.3418,-0.2805,-0.8969,25.5,0.6605,2.97,1.207,1.18765,284.1,568.5,280.7,544.0,287.5,593.1,708,0.134,7
759,92.193,-150.261,-31.99,0.7897,-0.6099,-0.0663,0.1038,-0.9596,0.2616,-0.2936,-0.2809,-0.9137,25.5,0.6499,2.925,1.188,1.18617,285.6,569.6,282.7,545.1,288.5,594.3,709,0.991,7
760,93.728,-151.434,-32.08,0.7981,-0.602,-0.0266,0.0848,-0.9593,0.2692,-0.2436,-0.2819,-0.928,25.5,0.638,2.981,1.173,1.22456,287.1,570.8,284.6,546.3,289.6,595.5,709,0.945,7
761,95.28,-152.589,-32.092,0.8058,-0.592,0.0147,0.0659,-0.9589,0.276,-0.1911,-0.2836,-0.9397,25.5,0.6248,3.084,1.151,1.27918,288.6,571.9,286.6,547.4,290.6,596.6,710,0.184,7
762,96.845,-153.724,-32.022,0.8114,-0.5817,0.0573,0.047,-0.9583,0.2819,-0.1379,-0.2858,-0.9483,25.5,0.6117,3.091,1.135,1.30881,290.2,573.0,288.6,548.5,291.7,597.7,711,1.318,7
763,98.419,-154.838,-31.87,0.8159,-0.5696,0.0992,0.0284,-0.9575,0.2871,-0.0854,-0.2884,-0.9537,25.5,0.597,3.028,1.108,1.29874,291.7,574.1,290.6,549.6,292.8,598.8,711,0.617,7
764,100.002,-155.925,-31.639,0.8211,-0.5535,0.1397,0.0099,-0.9566,0.2914,-0.0339,-0.2915,-0.956,25.5,0.5783,2.959,1.089,1.30017,293.3,575.2,292.6,550.7,293.9,599.9,712,0.534,7
765,101.596,-156.978,-31.331,0.8251,-0.5358,0.1793,-0.0083,-0.9555,0.2949,0.0161,-0.295,-0.9554,25.5,0.558,2.872,1.064,1.2903,294.9,576.3,294.7,551.8,295.1,601.0,712,1.401,7
766,103.192,-157.999,-30.946,0.8261,-0.5195,0.2183,-0.0263,-0.9543,0.2976,0.0637,-0.2987,-0.9522,25.5,0.539,2.742,1.045,1.25243,296.4,577.3,296.7,552.9,296.2,602.0,713,0.236,7
767,104.793,-158.985,-30.489,0.829,-0.4984,0.2537,-0.0439,-0.953,0.2997,0.1078,-0.3027,-0.947,25.5,0.5146,2.555,1.018,1.22376,298.0,578.3,298.7,553.9,297.4,603.0,714,0.947,7
768,106.401,-159.924,-29.966,0.8336,-0.4723,0.2863,-0.0612,-0.9517,0.301,0.149,-0.3069,-0.94,25.5,0.4846,2.407,0.997,1.24448,299.7,579.3,300.7,554.9,298.6,603.9,714,0.989,7
769,108.014,-160.816,-29.379,0.8335,-0.4501,0.3205,-0.0782,-0.9502,0.3017,0.19,-0.3113,-0.9311,25.5,0.4592,2.417,0.979,1.20787,301.3,580.2,302.8,555.8,299.8,604.8,715,0.208,7
770,109.627,-161.663,-28.728,0.8343,-0.4248,0.3514,-0.0948,-0.9486,0.3018,0.2272,-0.3158,-0.9212,25.5,0.4299,2.221,0.956,1.18313,302.9,581.1,304.8,556.7,301.0,605.7,716,1.413,7
771,111.243,-162.457,-28.021,0.8368,-0.3947,0.3794,-0.1111,-0.947,0.3014,0.2616,-0.3205,-0.9104,25.5,0.3952,2.083,0.939,1.22003,304.5,582.0,306.9,557.6,302.2,606.5,716,0.523,7
772,112.864,-163.188,-27.261,0.8382,-0.3629,0.4072,-0.127,-0.9453,0.3004,0.2956,-0.3252,-0.8982,25.5,0.3589,2.087,0.918,1.25185,306.2,582.8,308.9,558.4,303.4,607.3,717,0.695,7
773,114.484,-163.862,-26.446,0.8368,-0.3326,0.4348,-0.1425,-0.9436,0.299,0.3286,-0.33,-0.8849,25.5,0.3246,2.057,0.897,1.21477,307.8,583.5,310.9,559.2,304.7,608.0,717,1.241,7
774,116.103,-164.473,-25.581,0.8369,-0.2983,0.4589,-0.1577,-0.9418,0.2971,0.3584,-0.3349,-0.8714,25.5,0.2853,1.896,0.884,1.24176,309.5,584.2,313.0,559.9,306.0,608.6,718,0.03,7
775,117.723,-165.013,-24.672,0.8382,-0.2592,0.4797,-0.1724,-0.9399,0.2947,0.3858,-0.3397,-0.8577,25.5,0.2405,1.777,0.86,1.31251,311.1,584.8,315.0,560.6,307.3,609.2,719,1.221,7
776,119.342,-165.478,-23.721,0.8348,-0.2222,0.5037,-0.1868,-0.938,0.2919,0.416,-0.3447,-0.8415,25.5,0.1995,1.985,0.848,1.31034,312.8,585.3,317.0,561.1,308.6,609.7,719,0.714,7
777,120.954,-165.871,-22.727,0.8321,-0.1836,0.5233,-0.2007,-0.9361,0.2888,0.4423,-0.3496,-0.8259,25.5,0.156,1.774,0.823,1.28488,314.4,585.8,319.0,561.7,309.9,610.1,720,0.535,7
778,122.563,-166.188,-21.7,0.831,-0.1434,0.5375,-0.2143,-0.9342,0.2853,0.464,-0.3544,-0.8119,25.5,0.1092,1.505,0.812,1.26337,316.1,586.2,321.0,562.1,311.2,610.5,720,1.401,7
779,124.169,-166.426,-20.649,0.8283,-0.104,0.5506,-0.2276,-0.9322,0.2815,0.485,-0.3592,-0.7974,25.5,0.0634,1.488,0.801,1.23251,317.8,586.5,323.0,562.5,312.5,610.8,721,0.141,7
780,125.766,-166.591,-19.57,0.8232,-0.0661,0.5639,-0.2405,-0.9302,0.2775,0.5063,-0.3641,-0.7817,25.5,0.02,1.542,0.782,1.19927,319.4,586.8,325.0,562.8,313.8,611.0,722,1.131,7
781,127.355,-166.68,-18.471,0.8201,-0.0259,0.5717,-0.253,-0.9281,0.2732,0.5237,-0.3688,-0.7679,25.5,0.0273,1.301,0.767,1.21638,321.1,587.0,326.9,563.0,315.1,611.1,722,0.803,7
782,128.94,-166.689,-17.362,0.8186,0.0176,0.5741,-0.2652,-0.926,0.2688,0.538,-0.3735,-0.7557,25.5,0.0791,1.11,0.753,1.29127,322.7,587.1,328.9,563.2,316.5,611.2,723,0.475,7
783,130.519,-166.612,-16.247,0.8126,0.0605,0.5796,-0.2772,-0.9238,0.2642,0.556,-0.3785,-0.74,25.5,0.128,1.398,0.747,1.29351,324.4,587.1,330.9,563.3,317.8,611.2,723,1.459,7
784,132.085,-166.456,-15.122,0.807,0.1011,0.5818,-0.2888,-0.9215,0.2595,0.5712,-0.3834,-0.7257,25.5,0.1752,1.228,0.729,1.21578,326.0,587.1,332.8,563.3,319.1,611.1,724,0.178,7
785,133.643,-166.221,-13.999,0.8034,0.1416,0.5783,-0.3002,-0.9192,0.2548,0.5825,-0.3882,-0.7142,25.5,0.224,0.964,0.719,1.20889,327.6,586.9,334.7,563.2,320.5,610.9,725,1.103,7
786,135.195,-165.907,-12.888,0.8013,0.1832,0.5696,-0.3113,-0.9168,0.2499,0.5908,-0.3928,-0.7048,25.5,0.2751,0.765,0.709,1.26045,329.2,586.7,336.6,563.0,321.8,610.6,725,0.832,7
787,136.737,-165.513,-11.79,0.7936,0.2245,0.5655,-0.3223,-0.9144,0.2451,0.6043,-0.398,-0.6902,25.5,0.3225,1.178,0.701,1.25037,330.8,586.4,338.5,562.8,323.1,610.3,726,0.446,7
788,138.266,-165.039,-10.704,0.7873,0.2658,0.5563,-0.3331,-0.9118,0.2402,0.615,-0.4032,-0.6777,25.5,0.371,0.989,0.696,1.2672,332.4,586.1,340.4,562.5,324.4,609.8,726,1.49,7
789,139.784,-164.484,-9.641,0.7821,0.3077,0.5419,-0.3436,-0.9091,0.2354,0.6229,-0.4083,-0.6673,25.5,0.4209,0.803,0.679,1.32141,334.0,585.6,342.3,562.1,325.8,609.3,727,0.221,7
790,141.292,-163.848,-8.61,0.7754,0.3505,0.5253,-0.354,-0.9063,0.2307,0.6314,-0.4136,-0.656,25.5,0.471,0.865,0.673,1.37425,335.6,585.1,344.1,561.6,327.1,608.7,728,1.048,7
791,142.783,-163.129,-7.608,0.766,0.3925,0.5092,-0.3643,-0.9035,0.2259,0.6417,-0.4193,-0.6421,25.5,0.5186,1.044,0.671,1.36116,337.2,584.4,346.0,561.1,328.4,608.0,728,0.888,7
792,144.256,-162.33,-6.641,0.7566,0.4328,0.4902,-0.3744,-0.9005,0.2213,0.6508,-0.4252,-0.6291,25.5,0.5645,0.97,0.659,1.34879,338.7,583.7,347.8,560.4,329.6,607.2,729,0.377,7
793,145.71,-161.456,-5.714,0.7474,0.4712,0.4684,-0.3843,-0.8974,0.2168,0.6584,-0.431,-0.617,25.5,0.6085,0.884,0.648,1.33613,340.2,582.9,349.5,559.7,330.9,606.3,729,1.559,7
794,147.144,-160.507,-4.827,0.7351,0.5091,0.4478,-0.3942,-0.8942,0.2124,0.6691,-0.4376,-0.6007,25.5,0.6499,1.179,0.647,1.3287,341.8,582.1,351.3,558.9,332.1,605.4,730,0.301,7
795,148.554,-159.487,-3.982,0.7225,0.5447,0.4257,-0.4039,-0.8908,0.208,0.6792,-0.4444,-0.5842,25.5,0.6885,1.175,0.641,1.2961,343.2,581.1,353.0,558.1,333.4,604.3,731,0.956,7
796,149.94,-158.4,-3.182,0.7098,0.5789,0.4013,-0.4136,-0.8874,0.2039,0.6889,-0.4514,-0.5672,25.5,0.7255,1.191,0.634,1.30012,344.7,580.1,354.7,557.1,334.5,603.2,731,0.98,7
797,151.3,-157.248,-2.431,0.6956,0.6123,0.3758,-0.4231,-0.8838,0.1998,0.6997,-0.4588,-0.5476,25.5,0.7604,1.351,0.628,1.314,346.1,579.0,356.4,556.1,335.7,602.1,732,0.27,7
798,152.63,-156.032,-1.728,0.6798,0.6441,0.3507,-0.4326,-0.8801,0.1959,0.7126,-0.4668,-0.5237,25.5,0.7923,1.622,0.625,1.28803,347.5,577.9,358.1,555.1,336.9,600.8,733,1.507,7
799,153.93,-154.756,-1.075,0.6636,0.6746,0.3233,-0.442,-0.8762,0.1921,0.7255,-0.4751,-0.4979,25.5,0.8223,1.72,0.622,1.30586,348.8,576.7,359.7,554.0,338.0,599.5,733,0.428,7
800,155.197,-153.422,-0.479,0.6466,0.7045,0.2925,-0.4513,-0.8722,0.1885,0.7391,-0.4838,-0.4687,25.5,0.8511,1.912,0.616,1.36768,350.2,575.4,361.2,552.8,339.0,598.1,734,0.799,7
801,156.43,-152.031,0.057,0.6272,0.7336,0.2616,-0.4606,-0.8681,0.1851,0.7561,-0.493,-0.4304,25.5,0.8773,2.458,0.614,1.38246,351.4,574.0,362.7,551.6,340.1,596.6,734,1.136,7
802,157.623,-150.585,0.532,0.6068,0.7608,0.23,-0.4699,-0.8638,0.1818,0.7751,-0.5023,-0.3833,25.5,0.9005,2.959,0.617,1.37505,352.7,572.6,364.2,550.3,341.1,595.1,735,0.078,7
803,158.777,-149.088,0.945,0.5856,0.7865,0.1962,-0.4791,-0.8593,0.1788,0.7955,-0.5112,-0.3252,25.5,0.9213,3.565,0.611,1.4059,353.9,571.2,365.7,548.9,342.0,593.5,736,1.275,7
804,159.888,-147.543,1.29,0.5629,0.8109,0.16,-0.4883,-0.8547,0.176,0.8179,-0.5186,-0.2493,25.5,0.9398,4.555,0.611,1.45757,355.0,569.6,367.0,547.5,342.9,591.9,736,0.66,7
805,160.954,-145.952,1.564,0.5384,0.8335,0.124,-0.4975,-0.85,0.1735,0.8408,-0.5217,-0.1446,25.5,0.9548,6.146,0.609,1.45342,356.1,568.1,368.4,546.1,343.8,590.2,737,0.522,7
806,161.971,-144.32,1.771,0.5134,0.8535,0.0894,-0.5066,-0.845,0.1711,0.8572,-0.515,-0.0055,25.5,0.966,8.041,0.611,1.39638,357.1,566.5,369.6,544.6,344.6,588.4,737,1.413,7
807,162.94,-142.652,1.911,0.4879,0.8711,0.056,-0.5157,-0.84,0.1689,0.8545,-0.4897,0.1734,25.5,0.9739,10.367,0.608,1.34951,358.1,564.8,370.9,543.1,345.3,586.6,738,0.246,7
808,163.858,-140.951,1.987,0.4617,0.8868,0.0222,-0.5247,-0.8348,0.1669,0.8128,-0.4329,0.3898,25.5,0.9788,13.068,0.606,1.34949,359.0,563.1,372.0,541.5,346.0,584.8,739,0.909,7
809,164.726,-139.222,1.998,0.4349,0.9004,-0.0107,-0.5336,-0.8295,0.1651,0.7146,-0.3378,0.6125,25.5,0.9807,15.015,0.602,1.31996,359.9,561.4,373.1,539.9,346.6,582.9,739,1.027,7
810,165.54,-137.468,1.946,0.407,0.9124,-0.0428,-0.5424,-0.8241,0.1633,0.5668,-0.2155,0.7952,25.5,0.9797,15.224,0.6,1.30903,360.7,559.6,374.2,538.3,347.2,581.0,740,0.117,7
811,166.299,-135.692,1.832,0.3777,0.9229,-0.075,-0.5512,-0.8186,0.1617,0.4015,-0.0903,0.9114,25.5,0.9758,13.651,0.602,1.3266,361.5,557.8,375.1,536.7,347.7,579.1,741,1.237,7
812,167.002,-133.899,1.656,0.3487,0.9311,-0.1068,-0.5598,-0.813,0.1602,0.2536,0.016,0.9672,25.5,0.9693,10.931,0.594,1.29776,362.2,556.0,376.0,535.0,348.2,577.1,741,0.699,7
813,167.648,-132.091,1.419,0.3184,0.9379,-0.1381,-0.5683,-0.8073,0.1588,0.1339,0.0997,0.986,25.5,0.96,8.445,0.592,1.30607,362.8,554.2,376.9,533.3,348.6,575.1,742,0.408,7
814,168.232,-130.271,1.122,0.2858,0.9432,-0.1695,-0.5767,-0.8017,0.1574,0.0395,0.1651,0.9855,25.5,0.9477,6.583,0.584,1.34991,363.3,552.4,377.6,531.7,349.0,573.1,743,1.491,7
815,168.753,-128.443,0.762,0.2533,0.9461,-0.2021,-0.5849,-0.7959,0.1561,-0.0365,0.2181,0.9753,25.5,0.9327,5.343,0.58,1.36628,363.8,550.5,378.3,530.0,349.2,571.1,743,0.445,7
816,169.211,-126.612,0.341,0.2196,0.9473,-0.2334,-0.593,-0.7902,0.1548,-0.0937,0.2586,0.9614,25.5,0.9149,4.095,0.572,1.36281,364.2,548.6,379.0,528.2,349.5,569.1,744,0.615,7
817,169.6,-124.779,-0.139,0.1825,0.9475,-0.2625,-0.6008,-0.7845,0.1535,-0.1347,0.2886,0.9479,25.5,0.8933,3.012,0.559,1.39678,364.6,546.8,379.5,526.5,349.6,567.1,744,1.32,7
818,169.915,-122.946,-0.673,0.1425,0.9465,-0.2895,-0.6085,-0.7788,0.1522,-0.164,0.3111,0.9361,25.5,0.8679,2.222,0.554,1.42991,364.9,544.9,380.0,524.8,349.7,565.1,745,0.287,7
819,170.156,-121.121,-1.265,0.1059,0.9412,-0.3208,-0.616,-0.7732,0.1509,-0.1961,0.336,0.9212,25.5,0.8414,2.48,0.541,1.43523,365.0,543.0,380.3,523.1,349.7,563.0,746,0.723,7
820,170.325,-119.304,-1.909,0.0684,0.9364,-0.3443,-0.6232,-0.7676,0.1496,-0.2132,0.3508,0.9119,25.5,0.8129,1.401,0.528,1.31855,365.1,541.2,380.6,521.4,349.6,561.0,746,1.212,7
821,170.42,-117.497,-2.592,0.0297,0.9322,-0.3607,-0.6303,-0.7621,0.1484,-0.2194,0.3581,0.9075,25.5,0.7827,0.604,0.519,1.25123,365.2,539.3,380.8,519.7,349.4,559.0,747,0.222,7
822,170.439,-115.698,-3.302,-0.0081,0.9267,-0.3757,-0.6371,-0.7566,0.1471,-0.2241,0.3644,0.9039,25.5,0.7512,0.495,0.507,1.21568,365.1,537.5,381.0,518.0,349.2,557.0,748,0.751,7
823,170.39,-113.913,-4.047,-0.0432,0.9184,-0.3933,-0.6438,-0.7512,0.1459,-0.2324,0.3736,0.898,25.5,0.7195,0.786,0.498,1.18874,365.0,535.7,381.0,516.4,348.9,555.0,748,1.184,7
824,170.27,-112.144,-4.819,-0.0815,0.9112,-0.4039,-0.6502,-0.7459,0.1447,-0.2325,0.3767,0.8967,25.5,0.6851,0.193,0.481,1.19627,364.8,533.8,381.0,514.7,348.6,553.1,749,0.23,7
825,170.072,-110.388,-5.606,-0.1242,0.9045,-0.408,-0.6564,-0.7406,0.1436,-0.2259,0.3746,0.8992,25.5,0.6469,0.422,0.472,1.28604,364.5,532.0,380.9,513.0,348.2,551.1,750,0.707,7
826,169.788,-108.646,-6.398,-0.1682,0.8947,-0.4137,-0.6624,-0.7355,0.1425,-0.2221,0.3745,0.9002,25.5,0.6056,0.225,0.456,1.34599,364.2,530.3,380.6,511.4,347.7,549.2,750,1.227,7
827,169.423,-106.927,-7.206,-0.209,0.8829,-0.4204,-0.6682,-0.7304,0.1415,-0.2207,0.3762,0.8999,25.5,0.5647,0.127,0.446,1.27372,363.7,528.5,380.3,509.8,347.1,547.3,751,0.31,7
828,168.979,-105.228,-8.018,-0.2501,0.8731,-0.4184,-0.6737,-0.7255,0.1405,-0.2123,0.3722,0.9036,25.5,0.5237,0.574,0.426,1.25304,363.2,526.8,380.0,508.2,346.4,545.4,752,0.586,7
829,168.455,-103.547,-8.819,-0.2918,0.8653,-0.4077,-0.6791,-0.7206,0.1396,-0.1974,0.3625,0.9108,25.5,0.4823,1.099,0.421,1.29602,362.6,525.0,379.5,506.6,345.7,543.6,752,1.349,7
830,167.849,-101.883,-9.597,-0.3347,0.8528,-0.4008,-0.6843,-0.7159,0.1388,-0.1874,0.3566,0.9153,25.5,0.4371,0.713,0.404,1.33929,362.0,523.3,379.0,505.0,344.9,541.7,753,0.474,7
831,167.162,-100.247,-10.367,-0.3749,0.8393,-0.3937,-0.6892,-0.7113,0.1381,-0.1785,0.3514,0.9191,25.5,0.393,0.629,0.387,1.27369,361.2,521.7,378.3,503.5,344.0,539.9,754,0.384,7
832,166.401,-98.633,-11.114,-0.4112,0.8298,-0.3774,-0.694,-0.7068,0.1374,-0.1632,0.3403,0.926,25.5,0.353,1.153,0.379,1.21179,360.4,520.0,377.6,502.0,343.1,538.2,755,1.23,7
833,165.573,-97.034,-11.822,-0.4438,0.8241,-0.3521,-0.6986,-0.7023,0.1369,-0.1418,0.3233,0.9356,25.5,0.3169,1.66,0.37,1.23391,359.5,518.4,376.8,500.5,342.1,536.4,755,0.706,7
834,164.683,-95.448,-12.479,-0.4785,0.8132,-0.3313,-0.703,-0.698,0.1364,-0.1252,0.3103,0.9424,25.5,0.2764,1.269,0.354,1.24112,358.5,516.8,376.0,499.0,341.0,534.7,756,0.137,7
835,163.725,-93.887,-13.102,-0.5103,0.8015,-0.3119,-0.7072,-0.6938,0.1361,-0.1105,0.2985,0.948,25.5,0.2376,1.127,0.341,1.15648,357.5,515.2,375.1,497.5,339.9,533.0,757,0.974,7
836,162.712,-92.344,-13.681,-0.5362,0.7945,-0.285,-0.7112,-0.6897,0.1358,-0.0906,0.2816,0.9553,25.5,0.2053,1.553,0.329,1.12535,356.5,513.6,374.1,496.1,338.8,531.3,757,0.962,7
837,161.653,-90.81,-14.199,-0.5573,0.7918,-0.2497,-0.7151,-0.6857,0.1357,-0.0648,0.2584,0.9639,25.5,0.1783,2.048,0.32,1.22081,355.4,512.1,373.1,494.6,337.6,529.7,758,0.122,7
838,160.556,-89.28,-14.644,-0.5788,0.7874,-0.2122,-0.7189,-0.6818,0.1357,-0.0382,0.2338,0.9715,25.5,0.1495,2.121,0.312,1.28707,354.3,510.6,372.1,493.2,336.3,528.0,759,0.728,7
839,159.414,-87.766,-15.023,-0.6019,0.7782,-0.1793,-0.7224,-0.6779,0.1359,-0.0159,0.2128,0.977,25.5,0.1171,1.783,0.3,1.22157,353.1,509.0,371.0,491.8,335.1,526.4,759,1.207,7
840,158.231,-86.267,-15.334,-0.6196,0.7719,-0.142,-0.7259,-0.6742,0.1362,0.0094,0.1882,0.9821,25.5,0.09,2.043,0.292,1.23719,351.9,507.5,369.9,490.4,333.8,524.8,760,0.348,7
841,157.02,-84.777,-15.57,-0.6318,0.7686,-0.1006,-0.7292,-0.6706,0.1366,0.0376,0.16,0.9864,25.5,0.0685,2.298,0.281,1.28221,350.7,506.0,368.8,489.0,332.5,523.2,761,0.532,7
842,155.79,-83.292,-15.722,-0.6406,0.7657,-0.0577,-0.7323,-0.667,0.1371,0.0666,0.1303,0.9892,25.5,0.0495,2.384,0.274,1.30006,349.4,504.6,367.6,487.6,331.2,521.6,761,1.404,7
843,154.54,-81.818,-15.795,-0.6515,0.7584,-0.0179,-0.7353,-0.6636,0.1378,0.0927,0.103,0.9904,25.5,0.0267,2.165,0.263,1.24139,348.2,503.1,366.4,486.2,329.9,520.1,762,0.498,7
844,153.27,-80.358,-15.791,-0.6603,0.7507,0.0216,-0.7382,-0.6602,0.1386,0.1184,0.0756,0.9901,25.5,0.0052,2.153,0.26,1.2203,346.9,501.7,365.3,484.8,328.5,518.5,763,0.444,7
845,151.986,-78.914,-15.712,-0.667,0.7426,0.0598,-0.7409,-0.657,0.1396,0.143,0.0488,0.9885,25.5,0.0146,2.086,0.247,1.17356,345.7,500.2,364.1,483.5,327.2,517.0,764,1.43,7
846,150.691,-77.485,-15.561,-0.6718,0.7345,0.0958,-0.7435,-0.6538,0.1406,0.166,0.0233,0.9859,25.5,0.0327,1.973,0.243,1.10227,344.4,498.8,362.9,482.2,325.9,515.5,764,0.504,7
847,149.387,-76.073,-15.343,-0.6761,0.7253,0.1297,-0.746,-0.6507,0.1417,0.1875,-0.001,0.9823,25.5,0.0508,1.87,0.237,1.04825,343.1,497.4,361.7,480.9,324.5,514.1,765,0.534,8
848,148.076,-74.679,-15.06,-0.6794,0.7157,0.162,-0.7483,-0.6478,0.1429,0.2077,-0.0242,0.9779,25.5,0.0679,1.78,0.223,1.00287,341.8,496.1,360.4,479.6,323.2,512.6,765,1.4,8
849,146.759,-73.304,-14.717,-0.6817,0.7059,0.1924,-0.7505,-0.6449,0.1442,0.2267,-0.0462,0.9729,25.5,0.0841,1.69,0.221,0.94847,340.6,494.7,359.2,478.3,321.8,511.2,766,0.304,8
850,145.439,-71.948,-14.317,-0.6832,0.6962,0.2205,-0.7526,-0.6421,0.1455,0.2441,-0.0669,0.9674,25.5,0.0992,1.581,0.214,0.88159,339.3,493.4,358.0,477.0,320.5,509.8,767,0.858,8
851,144.116,-70.61,-13.865,-0.6836,0.6865,0.248,-0.7547,-0.6395,0.1469,0.2611,-0.0873,0.9613,25.5,0.1133,1.561,0.207,0.86377,338.0,492.1,356.8,475.8,319.2,508.4,767,1.077,8
852,142.796,-69.293,-13.351,-0.6814,0.6752,0.2825,-0.7566,-0.6369,0.1483,0.2823,-0.1136,0.9526,25.5,0.1274,1.999,0.201,1.07736,336.7,490.8,355.6,474.6,317.8,507.1,768,0.155,8
853,141.479,-67.997,-12.778,-0.6804,0.665,0.3079,-0.7584,-0.6344,0.1497,0.2979,-0.133,0.9453,25.5,0.1402,1.486,0.194,0.81132,335.5,489.5,354.3,473.3,316.5,505.8,769,1.455,8
854,140.163,-66.719,-12.165,-0.6809,0.6564,0.3249,-0.7601,-0.6319,0.1512,0.3081,-0.1457,0.9401,25.5,0.1519,0.98,0.193,0.56445,334.2,488.3,353.1,472.2,315.2,504.5,769,0.486,8
855,138.844,-65.456,-11.526,-0.6828,0.6497,0.3342,-0.7618,-0.6296,0.1526,0.3137,-0.1524,0.9372,25.5,0.1621,0.527,0.182,0.34406,333.0,487.0,351.9,471.0,313.9,503.2,770,0.894,8
856,137.52,-64.204,-10.876,-0.686,0.6448,0.337,-0.7634,-0.6273,0.1541,0.3154,-0.1538,0.9364,25.5,0.1711,0.134,0.182,0.19219,331.7,485.8,350.7,469.8,312.6,501.9,770,1.045,8
857,136.189,-62.96,-10.226,-0.6904,0.6415,0.3344,-0.7649,-0.6251,0.1556,0.3139,-0.1508,0.9374,25.5,0.1791,0.201,0.175,0.18017,330.4,484.6,349.5,468.7,311.3,500.6,771,0.387,8
858,134.852,-61.726,-9.568,-0.6907,0.6331,0.3494,-0.7663,-0.623,0.1571,0.323,-0.1622,0.9324,25.5,0.1898,0.883,0.168,0.5093,329.1,483.4,348.2,467.5,310.0,499.4,771,1.547,8
859,133.517,-60.51,-8.879,-0.6904,0.6259,0.3627,-0.7676,-0.6209,0.1586,0.3311,-0.1723,0.9277,25.5,0.1989,0.789,0.166,0.4483,327.9,482.2,347.0,466.4,308.6,498.1,772,0.103,8
860,132.18,-59.303,-8.169,-0.691,0.6211,0.3697,-0.7689,-0.619,0.1601,0.3355,-0.1775,0.9252,25.5,0.206,0.416,0.157,0.25182,326.6,481.0,345.8,465.2,307.3,496.9,773,1.408,8
861,130.842,-58.105,-7.451,-0.6924,0.6181,0.3723,-0.7702,-0.617,0.1616,0.3373,-0.1788,0.9243,25.5,0.2121,0.137,0.161,0.12467,325.3,479.9,344.5,464.1,306.0,495.7,773,0.535,8
862,129.5,-56.911,-6.731,-0.6946,0.6164,0.3708,-0.7713,-0.6152,0.1631,0.3367,-0.1769,0.9248,25.5,0.217,0.118,0.148,0.09351,324.0,478.7,343.3,463.0,304.7,494.5,774,0.953,8
863,128.154,-55.718,-6.018,-0.6977,0.6161,0.3655,-0.7724,-0.6134,0.1647,0.3339,-0.1717,0.9268,25.5,0.2212,0.357,0.152,0.18205,322.7,477.5,342.0,461.9,303.3,493.3,774,0.988,8
864,126.8,-54.525,-5.319,-0.7019,0.6171,0.3557,-0.7735,-0.6117,0.1662,0.3285,-0.1627,0.9304,25.5,0.2246,0.636,0.144,0.31702,321.4,476.4,340.7,460.7,302.0,492.1,775,0.469,8
865,125.437,-53.33,-4.645,-0.7075,0.6195,0.3401,-0.7744,-0.61,0.1677,0.3197,-0.1486,0.9358,25.5,0.227,1.001,0.14,0.49631,320.1,475.2,339.5,459.6,300.7,490.9,775,1.468,8
866,124.06,-52.126,-4.009,-0.715,0.6239,0.3156,-0.7754,-0.6084,0.1692,0.3056,-0.127,0.9436,25.5,0.2282,1.544,0.138,0.76907,318.8,474.0,338.2,458.4,299.3,489.7,776,0.066,8
867,122.669,-50.914,-3.433,-0.7247,0.6296,0.28,-0.7762,-0.6069,0.1707,0.285,-0.0962,0.9537,25.5,0.2282,2.201,0.13,1.10671,317.4,472.8,336.8,457.3,297.9,488.4,777,1.282,8
868,121.26,-49.696,-2.911,-0.7324,0.6298,0.2588,-0.777,-0.6054,0.1722,0.2726,-0.077,0.959,25.5,0.2324,1.344,0.13,0.66819,316.1,471.6,335.5,456.1,296.5,487.2,777,0.653,8
869,119.835,-48.478,-2.436,-0.7405,0.6308,0.2319,-0.7778,-0.6041,0.1737,0.2569,-0.0533,0.965,25.5,0.2352,1.665,0.122,0.8329,314.7,470.4,334.1,454.9,295.1,486.0,778,0.619,8
870,118.395,-47.256,-2.017,-0.7481,0.6326,0.2002,-0.7784,-0.6028,0.1752,0.2382,-0.0255,0.9709,25.5,0.2361,1.949,0.119,0.96689,313.3,469.2,332.7,453.8,293.7,484.7,778,1.318,8
871,116.942,-46.03,-1.663,-0.7544,0.6352,0.1656,-0.779,-0.6016,0.1767,0.2179,0.0044,0.976,25.5,0.2348,2.091,0.115,1.04476,311.8,468.0,331.3,452.6,292.2,483.5,779,0.122,8
872,115.478,-44.798,-1.376,-0.7585,0.6383,0.1314,-0.7795,-0.6005,0.1782,0.198,0.0336,0.9796,25.5,0.2314,2.035,0.11,1.02441,310.4,466.8,329.9,451.4,290.8,482.2,780,1.002,8
873,114.007,-43.561,-1.155,-0.7627,0.6395,0.0961,-0.7799,-0.5995,0.1797,0.1772,0.0637,0.9821,25.5,0.2287,2.101,0.106,1.05354,308.9,465.5,328.5,450.2,289.3,481.0,780,0.933,8
874,112.528,-42.324,-1.005,-0.7664,0.6396,0.0596,-0.7802,-0.5987,0.1812,0.1556,0.0948,0.9833,25.5,0.2258,2.171,0.099,1.08669,307.5,464.3,327.0,449.0,287.8,479.7,781,0.12,8
875,111.042,-41.087,-0.925,-0.7687,0.6393,0.0225,-0.7804,-0.598,0.1827,0.1335,0.126,0.983,25.5,0.2217,2.191,0.096,1.10105,306.0,463.1,325.5,447.8,286.3,478.5,782,1.103,8
876,109.554,-39.851,-0.918,-0.7695,0.6384,-0.0157,-0.7805,-0.5974,0.1842,0.1109,0.1577,0.9812,25.5,0.2163,2.233,0.093,1.13203,304.5,461.8,324.1,446.5,284.8,477.2,782,0.832,8
877,108.066,-38.617,-0.987,-0.7689,0.637,-0.0552,-0.7804,-0.5971,0.1858,0.0873,0.1902,0.9779,25.5,0.2094,2.309,0.093,1.17095,303.0,460.6,322.6,445.3,283.4,476.0,783,0.084,8
878,106.58,-37.388,-1.134,-0.7674,0.6338,-0.0972,-0.7801,-0.5969,0.1874,0.0621,0.2243,0.9725,25.5,0.2021,2.449,0.094,1.24847,301.5,459.4,321.1,444.1,281.9,474.7,784,0.933,8
879,105.098,-36.166,-1.363,-0.7644,0.6294,-0.14,-0.7798,-0.5968,0.1891,0.0362,0.2586,0.9653,25.5,0.194,2.497,0.099,1.2776,300.0,458.1,319.6,442.9,280.4,473.5,784,1.002,8
880,103.624,-34.953,-1.676,-0.7598,0.624,-0.1828,-0.7792,-0.597,0.1909,0.0102,0.2925,0.9562,25.5,0.1846,2.503,0.109,1.28507,298.5,456.9,318.0,441.7,278.9,472.3,785,0.218,8
881,102.159,-33.752,-2.07,-0.7537,0.6176,-0.2248,-0.7785,-0.5973,0.1928,-0.0154,0.3253,0.9455,25.5,0.1745,2.462,0.117,1.27136,297.0,455.7,316.5,440.4,277.4,471.1,786,0.502,8
882,100.709,-32.564,-2.546,-0.745,0.6106,-0.2686,-0.7776,-0.5979,0.1948,-0.0422,0.3587,0.9325,25.5,0.1619,2.564,0.13,1.3389,295.6,454.5,315.0,439.2,276.0,469.9,787,1.159,8
883,99.277,-31.391,-3.108,-0.7356,0.6018,-0.311,-0.7765,-0.5986,0.1969,-0.0684,0.3908,0.9179,25.5,0.1497,2.517,0.142,1.31267,294.1,453.3,313.5,438.1,274.6,468.7,787,0.776,8
884,97.863,-30.237,-3.747,-0.7267,0.5913,-0.3496,-0.7751,-0.5995,0.1993,-0.0927,0.4199,0.9028,25.5,0.1391,2.338,0.167,1.21391,292.7,452.2,312.1,436.9,273.2,467.6,788,0.184,8
885,96.465,-29.104,-4.457,-0.7189,0.5797,-0.3836,-0.7735,-0.6008,0.2018,-0.1144,0.4456,0.8879,25.5,0.1304,2.108,0.186,1.08892,291.2,451.0,310.6,435.7,271.8,466.4,789,0.341,8
886,95.082,-27.994,-5.23,-0.7095,0.5684,-0.4165,-0.7717,-0.6022,0.2046,-0.1355,0.47,0.8722,25.5,0.12,2.056,0.207,1.06741,289.8,449.9,309.1,434.6,270.4,465.3,790,0.791,8
887,93.72,-26.904,-6.068,-0.6984,0.5575,-0.4489,-0.7695,-0.6039,0.2078,-0.1562,0.4934,0.8557,25.5,0.1075,2.024,0.243,1.06456,288.4,448.8,307.6,433.4,269.1,464.3,790,1.144,8
888,92.378,-25.838,-6.964,-0.6895,0.5453,-0.4768,-0.767,-0.6059,0.2111,-0.1746,0.5137,0.84,25.5,0.0978,1.809,0.263,0.93958,287.0,447.7,306.2,432.3,267.8,463.3,791,0.776,8
889,91.051,-24.796,-7.911,-0.6825,0.5316,-0.5016,-0.7643,-0.6081,0.2147,-0.1916,0.5321,0.8247,25.5,0.0907,1.682,0.287,0.86435,285.7,446.7,304.7,431.2,266.5,462.2,792,0.5,8
890,89.736,-23.782,-8.903,-0.6773,0.516,-0.5244,-0.7613,-0.6104,0.2186,-0.2081,0.5493,0.8093,25.5,0.086,1.626,0.311,0.83263,284.3,445.7,303.3,430.2,265.2,461.3,793,0.326,8
891,88.431,-22.802,-9.941,-0.6718,0.4962,-0.55,-0.7581,-0.613,0.2226,-0.2275,0.5684,0.7907,25.5,0.0827,1.889,0.329,0.97243,282.9,444.7,301.8,429.1,263.9,460.3,794,0.268,8
892,87.139,-21.86,-11.03,-0.664,0.4786,-0.5745,-0.7543,-0.6159,0.2272,-0.2459,0.5859,0.7722,25.5,0.0756,1.8,0.38,0.92287,281.6,443.7,300.4,428.1,262.7,459.5,795,0.331,8
893,85.863,-20.948,-12.162,-0.6545,0.465,-0.5962,-0.7497,-0.6195,0.2327,-0.2617,0.6005,0.7556,25.5,0.0639,1.557,0.46,0.80901,280.3,442.8,298.9,427.1,261.5,458.6,796,0.513,8
894,84.607,-20.058,-13.335,-0.6432,0.4551,-0.6157,-0.7439,-0.6239,0.2396,-0.2754,0.6129,0.7407,25.5,0.047,1.36,0.575,0.72908,279.0,441.9,297.5,426.1,260.4,457.8,798,0.72,8
895,83.376,-19.184,-14.544,-0.6296,0.4492,-0.6339,-0.7363,-0.6294,0.2485,-0.2874,0.6234,0.7272,25.5,0.0233,1.197,0.741,0.69522,277.7,441.0,296.0,425.1,259.3,457.1,799,0.206,8
896,82.179,-18.324,-15.797,-0.608,0.4392,-0.6614,-0.7267,-0.636,0.2596,-0.3066,0.6385,0.7059,25.5,0.0092,1.857,0.922,1.07747,276.5,440.2,294.5,424.1,258.3,456.4,800,0.412,8
897,81.019,-17.486,-17.098,-0.5928,0.4268,-0.6829,-0.7152,-0.6436,0.2726,-0.3234,0.6505,0.6872,25.5,0.0369,1.596,1.086,0.86207,275.3,439.3,292.9,423.1,257.4,455.7,802,0.061,8
898,79.879,-16.673,-18.433,-0.5871,0.4137,-0.6959,-0.7023,-0.6516,0.2868,-0.3353,0.6581,0.6741,25.5,0.0568,1.104,1.191,0.5721,274.1,438.5,291.4,422.1,256.6,455.1,804,0.063,8
899,78.741,-15.886,-19.785,-0.5912,0.4008,-0.6999,-0.6885,-0.6596,0.3015,-0.3416,0.6617,0.6675,25.5,0.0683,0.562,1.243,0.41804,272.9,437.7,289.8,421.1,255.8,454.5,806,0.091,8
900,77.6,-15.122,-21.147,-0.5835,0.3892,-0.7128,-0.6743,-0.6673,0.3163,-0.354,0.668,0.6546,25.5,0.0917,1.087,1.255,0.56214,271.7,436.9,288.3,420.1,255.0,453.9,808,0.149,8
901,76.479,-14.38,-22.538,-0.5775,0.3774,-0.7239,-0.6601,-0.6745,0.3307,-0.3658,0.6731,0.6427,25.5,0.1127,1.004,1.23,0.51167,270.5,436.2,286.7,419.2,254.2,453.3,810,0.091,8
902,75.358,-13.662,-23.942,-0.5833,0.3653,-0.7255,-0.646,-0.6812,0.3444,-0.3711,0.6746,0.6381,25.5,0.1219,0.411,1.19,0.40022,269.4,435.5,285.2,418.4,253.4,452.8,811,0.599,8
903,74.215,-12.967,-25.34,-0.6,0.3531,-0.7179,-0.6325,-0.6873,0.3573,-0.3699,0.6732,0.6403,25.5,0.1197,0.164,1.125,0.65261,268.2,434.8,283.6,417.5,252.6,452.2,813,0.366,8
904,73.03,-12.296,-26.714,-0.6257,0.3405,-0.7018,-0.6196,-0.6927,0.3691,-0.3626,0.6696,0.6482,25.5,0.1072,0.65,1.048,0.97273,267.0,434.1,282.1,416.7,251.7,451.7,814,0.071,9
905,71.809,-11.652,-28.068,-0.6374,0.3261,-0.6981,-0.6077,-0.6976,0.3796,-0.3652,0.6699,0.6465,25.5,0.1051,0.179,0.952,0.5604,265.7,433.5,280.5,416.0,250.7,451.1,815,0.1,9
906,70.564,-11.032,-29.413,-0.6496,0.3147,-0.692,-0.5966,-0.702,0.389,-0.3653,0.6691,0.6472,25.5,0.1026,0.061,0.871,0.52648,264.4,432.9,278.9,415.3,249.8,450.6,816,0.15,9
907,69.295,-10.432,-30.744,-0.6625,0.3058,-0.6838,-0.5862,-0.706,0.3975,-0.363,0.6674,0.6502,25.5,0.0993,0.237,0.803,0.52389,263.1,432.3,277.4,414.6,248.7,450.1,817,0.08,9
908,68.0,-9.847,-32.057,-0.6762,0.299,-0.6733,-0.5762,-0.7098,0.4053,-0.3583,0.665,0.6552,25.5,0.0955,0.417,0.759,0.54946,261.8,431.7,275.8,413.9,247.7,449.6,818,0.111,9
909,66.678,-9.274,-33.348,-0.6911,0.2941,-0.6603,-0.5665,-0.7133,0.4126,-0.3511,0.6619,0.6623,25.5,0.0907,0.606,0.724,0.60337,260.5,431.1,274.2,413.3,246.6,449.1,819,0.417,9
910,65.327,-8.712,-34.613,-0.7049,0.2853,-0.6495,-0.5568,-0.7169,0.4197,-0.3471,0.6598,0.6665,25.5,0.0846,0.353,0.719,0.58083,259.1,430.5,272.6,412.7,245.5,448.6,820,0.827,9
911,63.951,-8.169,-35.861,-0.717,0.2765,-0.6399,-0.547,-0.7203,0.4265,-0.3442,0.6579,0.6698,25.5,0.0799,0.274,0.711,0.52643,257.7,430.0,270.9,412.1,244.3,448.2,820,1.108,9
912,62.553,-7.64,-37.088,-0.7289,0.2706,-0.6289,-0.5372,-0.7238,0.4331,-0.339,0.6555,0.6749,25.5,0.0767,0.439,0.706,0.51078,256.3,429.5,269.3,411.5,243.2,447.7,821,0.621,9
913,61.131,-7.12,-38.293,-0.7413,0.2673,-0.6157,-0.5273,-0.7272,0.4395,-0.3312,0.6522,0.6819,25.5,0.0741,0.63,0.703,0.54515,254.9,429.0,267.6,410.9,242.0,447.3,822,0.083,9
914,59.684,-6.604,-39.469,-0.7547,0.2666,-0.5995,-0.5173,-0.7306,0.4457,-0.32,0.6481,0.6911,25.5,0.0716,0.863,0.702,0.62296,253.4,428.5,265.9,410.3,240.8,446.8,823,0.482,9
915,58.21,-6.087,-40.609,-0.7701,0.2688,-0.5786,-0.5071,-0.734,0.4517,-0.304,0.6427,0.7032,25.5,0.0681,1.19,0.705,0.77182,251.9,428.0,264.1,409.7,239.6,446.4,824,1.048,9
916,56.706,-5.572,-41.712,-0.784,0.2642,-0.5617,-0.4968,-0.7375,0.4575,-0.2939,0.639,0.7108,25.5,0.0623,0.755,0.706,0.66225,250.4,427.4,262.4,409.1,238.3,446.0,824,0.887,9
917,55.175,-5.064,-42.78,-0.7993,0.2615,-0.541,-0.4861,-0.741,0.4632,-0.2802,0.6342,0.7206,25.5,0.0558,1.004,0.723,0.76657,248.9,426.9,260.6,408.6,237.1,445.6,825,0.345,9
918,53.613,-4.559,-43.803,-0.8161,0.2609,-0.5157,-0.4752,-0.7447,0.4687,-0.262,0.6283,0.7326,25.5,0.0482,1.294,0.731,0.8997,247.3,426.5,258.8,408.0,235.8,445.1,826,0.151,9
919,52.017,-4.053,-44.771,-0.8345,0.2627,-0.4844,-0.4639,-0.7484,0.474,-0.2382,0.6207,0.747,25.5,0.0391,1.652,0.746,1.07679,245.8,426.0,256.9,407.4,234.5,444.7,827,0.578,9
920,50.383,-3.542,-45.673,-0.8546,0.2633,-0.4476,-0.452,-0.7524,0.4792,-0.2107,0.612,0.7623,25.5,0.0263,1.871,0.779,1.24217,244.1,425.5,255.0,406.8,233.1,444.3,828,0.924,9
921,48.711,-3.034,-46.501,-0.8742,0.2625,-0.4085,-0.4396,-0.7565,0.4842,-0.1819,0.6029,0.7768,25.5,0.0121,1.92,0.801,1.29593,242.5,425.0,253.0,406.3,231.8,443.9,828,1.011,9
922,47.002,-2.525,-47.253,-0.8913,0.2643,-0.3683,-0.4267,-0.7608,0.489,-0.151,0.593,0.7909,25.5,0.0009,2.027,0.826,1.29517,240.8,424.5,251.0,405.7,230.4,443.5,829,0.742,9
923,45.265,-2.01,-47.928,-0.9047,0.2691,-0.3303,-0.4133,-0.7653,0.4935,-0.12,0.583,0.8036,25.499,0.005,2.003,0.85,1.20205,239.1,424.0,249.0,405.1,229.1,443.1,830,0.548,9
924,43.5,-1.49,-48.526,-0.9192,0.2687,-0.288,-0.3992,-0.7699,0.4978,-0.088,0.5726,0.8151,25.499,0.0167,2.037,0.885,1.32458,237.4,423.5,246.9,404.5,227.7,442.7,831,0.425,9
925,41.71,-0.967,-49.042,-0.9304,0.272,-0.2458,-0.3847,-0.7748,0.5017,-0.054,0.5615,0.8257,25.499,0.0239,2.137,0.905,1.29696,235.6,422.9,244.8,403.8,226.3,442.3,832,0.37,9
926,39.902,-0.435,-49.477,-0.9383,0.2795,-0.2039,-0.3695,-0.7799,0.5053,-0.0178,0.5496,0.8353,25.499,0.0257,2.252,0.941,1.28238,233.8,422.4,242.7,403.2,224.9,441.9,833,0.381,9
927,38.082,0.116,-49.83,-0.9438,0.2891,-0.1604,-0.3537,-0.7852,0.5083,0.021,0.5367,0.8435,25.498,0.0253,2.389,0.97,1.32955,232.1,421.9,240.5,402.5,223.5,441.5,834,0.458,9
928,36.251,0.681,-50.097,-0.9486,0.2946,-0.1155,-0.3373,-0.7907,0.5109,0.0592,0.5238,0.8498,25.498,0.028,2.338,1.002,1.34748,230.3,421.3,238.3,401.9,222.1,441.1,835,0.599,9
929,34.412,1.253,-50.278,-0.9526,0.2958,-0.0712,-0.3204,-0.7964,0.5129,0.0951,0.5117,0.8539,25.497,0.0331,2.183,1.028,1.31809,228.5,420.8,236.1,401.2,220.7,440.7,836,0.804,9
930,32.567,1.826,-50.372,-0.9535,0.3003,-0.0254,-0.303,-0.8023,0.5143,0.1341,0.4984,0.8565,25.497,0.0349,2.366,1.056,1.36349,226.7,420.2,233.9,400.5,219.3,440.3,838,0.563,9
931,30.724,2.413,-50.377,-0.9525,0.3038,0.0198,-0.2852,-0.8083,0.5151,0.1726,0.4853,0.8572,25.496,0.0363,2.331,1.077,1.34335,224.9,419.7,231.7,399.8,218.0,439.8,839,0.218,9
932,28.879,2.99,-50.301,-0.9554,0.2899,0.057,-0.2673,-0.8143,0.5152,0.196,0.4775,0.8565,25.496,0.0487,1.414,1.082,1.17946,223.1,419.1,229.5,399.1,216.6,439.4,840,0.158,9
933,27.026,3.525,-50.162,-0.9614,0.2615,0.0853,-0.2495,-0.8203,0.5147,0.205,0.4747,0.856,25.496,0.0693,0.541,1.077,1.20085,221.3,418.6,227.3,398.4,215.2,439.0,841,0.556,9
934,25.162,4.007,-49.968,-0.9644,0.2384,0.1148,-0.232,-0.8261,0.5136,0.2181,0.4704,0.8551,25.496,0.0858,0.792,1.058,1.11336,219.5,418.1,225.0,397.8,213.9,438.7,843,0.542,9
935,23.296,4.453,-49.718,-0.9638,0.2247,0.1437,-0.215,-0.8316,0.5121,0.2356,0.4647,0.8536,25.495,0.0939,1.058,1.027,0.94743,217.7,417.7,222.8,397.2,212.5,438.4,844,0.125,9
936,21.435,4.882,-49.413,-0.9604,0.2194,0.1715,-0.1988,-0.8368,0.5101,0.2566,0.4579,0.8512,25.496,0.0948,1.272,0.982,0.84433,215.9,417.2,220.6,396.7,211.0,438.1,845,0.302,9
937,19.582,5.306,-49.056,-0.9564,0.2157,0.1971,-0.1838,-0.8416,0.5079,0.2766,0.4515,0.8483,25.496,0.0944,1.215,0.911,0.77522,214.1,416.8,218.5,396.1,209.6,437.8,846,0.693,9
938,17.733,5.708,-48.654,-0.9548,0.2018,0.2181,-0.1701,-0.8459,0.5055,0.288,0.4479,0.8464,25.497,0.102,0.694,0.834,0.74744,212.3,416.4,216.3,395.6,208.1,437.6,848,0.579,9
939,15.889,6.094,-48.212,-0.9503,0.1989,0.2394,-0.1577,-0.8498,0.503,0.3051,0.4425,0.8433,25.498,0.1013,1.043,0.758,0.65045,210.5,416.1,214.3,395.1,206.6,437.3,849,0.337,9
940,14.057,6.483,-47.726,-0.9428,0.2055,0.2624,-0.1466,-0.8533,0.5004,0.3282,0.4353,0.8384,25.5,0.0942,1.414,0.683,0.7427,208.7,415.7,212.2,394.7,205.1,437.0,850,0.171,9
941,12.244,6.895,-47.194,-0.9315,0.2217,0.2882,-0.1367,-0.8564,0.4978,0.3584,0.4257,0.8308,25.501,0.0809,1.867,0.613,0.96244,206.9,415.3,210.2,394.2,203.6,436.7,851,0.095,9
942,10.456,7.346,-46.611,-0.9183,0.2436,0.3122,-0.128,-0.8592,0.4954,0.3897,0.4157,0.8218,25.504,0.0629,1.952,0.541,1.03887,205.2,414.8,208.3,393.7,202.1,436.3,852,0.128,9
943,8.69,7.832,-45.988,-0.907,0.2578,0.3331,-0.1204,-0.8617,0.493,0.4146,0.4076,0.8136,25.506,0.0513,1.572,0.479,0.81979,203.5,414.4,206.4,393.1,200.5,435.9,853,0.274,9
944,6.947,8.34,-45.319,-0.8942,0.2666,0.3596,-0.1139,-0.8638,0.4908,0.4419,0.3984,0.8037,25.51,0.0481,1.745,0.411,0.90977,201.8,413.9,204.5,392.6,199.0,435.4,854,0.534,9
945,5.231,8.86,-44.592,-0.8792,0.27,0.3925,-0.1082,-0.8657,0.4888,0.4724,0.3879,0.7914,25.513,0.0532,1.978,0.363,1.0757,200.1,413.4,202.7,392.0,197.4,435.0,855,0.913,9
946,3.548,9.381,-43.795,-0.8607,0.2676,0.4332,-0.1032,-0.8673,0.487,0.5072,0.3753,0.7758,25.517,0.0677,2.301,0.318,1.32626,198.5,412.8,201.0,391.4,195.9,434.5,855,1.022,9
947,1.903,9.9,-42.919,-0.8398,0.2705,0.4707,-0.0989,-0.8687,0.4854,0.5418,0.3622,0.7585,25.521,0.0766,2.34,0.275,1.27452,196.9,412.3,199.3,390.9,194.4,434.1,856,0.519,9
948,0.3,10.426,-41.973,-0.8173,0.2723,0.5078,-0.0951,-0.8698,0.4841,0.5757,0.3487,0.7396,25.525,0.0867,2.355,0.239,1.28649,195.3,411.8,197.6,390.3,192.9,433.6,857,0.12,9
949,-1.259,10.951,-40.954,-0.7935,0.2696,0.5456,-0.0917,-0.8708,0.483,0.6085,0.3349,0.7194,25.53,0.1015,2.345,0.213,1.32559,193.8,411.3,196.1,389.8,191.5,433.1,858,0.9,9
950,-2.77,11.466,-39.863,-0.7694,0.2626,0.5823,-0.0889,-0.8716,0.4821,0.6387,0.3215,0.699,25.535,0.1202,2.225,0.175,1.31709,192.3,410.8,194.5,389.2,190.0,432.6,858,1.035,9
951,-4.235,11.966,-38.703,-0.745,0.2555,0.6162,-0.0864,-0.8722,0.4814,0.6669,0.3084,0.6784,25.54,0.1382,2.137,0.153,1.25492,190.9,410.3,193.0,388.7,188.7,432.2,859,0.095,10
952,-5.652,12.455,-37.48,-0.7194,0.2499,0.6481,-0.0843,-0.8727,0.481,0.6941,0.2949,0.6567,25.545,0.1543,2.139,0.126,1.2229,189.5,409.8,191.6,388.2,187.3,431.7,860,1.03,10
953,-7.018,12.933,-36.197,-0.6934,0.2439,0.678,-0.0825,-0.873,0.4808,0.7196,0.2816,0.6347,25.551,0.1703,2.075,0.105,1.18704,188.1,409.3,190.2,387.7,186.0,431.3,860,0.906,10
954,-8.335,13.399,-34.858,-0.6675,0.2378,0.7057,-0.0809,-0.8731,0.4807,0.7434,0.2684,0.6127,25.557,0.1856,2.005,0.092,1.13771,186.8,408.9,188.9,387.2,184.7,430.8,861,0.418,10
955,-9.601,13.853,-33.468,-0.6419,0.2314,0.7311,-0.0796,-0.8732,0.4809,0.7652,0.2556,0.5909,25.562,0.2006,1.913,0.075,1.0849,185.6,408.4,187.6,386.7,183.5,430.4,861,1.518,10
956,-10.819,14.294,-32.031,-0.6172,0.2246,0.7541,-0.0785,-0.8731,0.4812,0.7848,0.2435,0.5699,25.568,0.2152,1.786,0.066,1.01966,184.4,408.0,186.4,386.3,182.3,429.9,862,0.043,10
957,-11.989,14.722,-30.552,-0.5927,0.2184,0.7753,-0.0776,-0.8729,0.4817,0.8032,0.2315,0.5489,25.573,0.2288,1.741,0.06,0.97715,183.2,407.5,185.2,385.8,181.2,429.5,863,1.844,10
958,-13.112,15.139,-29.033,-0.5685,0.2128,0.7947,-0.0768,-0.8726,0.4823,0.8204,0.2196,0.528,25.578,0.2413,1.694,0.06,0.93343,182.1,407.1,184.1,385.4,180.1,429.1,863,0.093,10
959,-14.189,15.546,-27.478,-0.5446,0.2078,0.8125,-0.0762,-0.8723,0.483,0.8363,0.2079,0.5074,25.583,0.2527,1.635,0.056,0.89511,181.0,406.7,183.0,385.0,179.0,428.7,864,2.009,10
960,-15.22,15.943,-25.89,-0.5211,0.2033,0.8289,-0.0757,-0.8719,0.4839,0.8511,0.1963,0.4869,25.587,0.2633,1.594,0.063,0.85915,180.0,406.3,182.0,384.5,178.0,428.3,864,0.075,10
961,-16.205,16.332,-24.272,-0.4979,0.198,0.8443,-0.0753,-0.8714,0.4848,0.8649,0.1849,0.4666,25.591,0.2743,1.551,0.063,0.83967,179.0,405.9,181.0,384.1,177.0,427.9,864,1.86,10
962,-17.147,16.71,-22.625,-0.4759,0.1929,0.8581,-0.075,-0.8708,0.4858,0.8772,0.1741,0.4474,25.595,0.2846,1.446,0.069,0.78392,178.1,405.5,180.1,383.7,176.0,427.5,865,0.564,10
963,-18.048,17.078,-20.953,-0.4555,0.1884,0.8701,-0.0747,-0.8702,0.487,0.8881,0.164,0.4294,25.598,0.2938,1.337,0.079,0.71353,177.2,405.1,179.2,383.4,175.1,427.2,865,1.371,10
964,-18.91,17.439,-19.259,-0.4364,0.1843,0.8807,-0.0745,-0.8696,0.4882,0.8977,0.1547,0.4125,25.601,0.3022,1.235,0.078,0.65822,176.3,404.7,178.3,383.0,174.3,426.8,866,1.409,10
965,-19.737,17.792,-17.546,-0.4187,0.1808,0.8899,-0.0744,-0.8688,0.4895,0.9063,0.1459,0.3968,25.603,0.3097,1.143,0.088,0.59994,175.5,404.4,177.5,382.6,173.4,426.4,866,0.526,10
966,-20.531,18.138,-15.816,-0.4023,0.1777,0.8981,-0.0743,-0.8681,0.4908,0.9138,0.1378,0.382,25.606,0.3164,1.058,0.085,0.5507,174.6,404.0,176.7,382.3,172.6,426.1,866,2.461,10
967,-21.294,18.48,-14.072,-0.3862,0.1746,0.9057,-0.0743,-0.8673,0.4922,0.9209,0.1297,0.3676,25.607,0.323,1.03,0.092,0.53528,173.9,403.7,175.9,381.9,171.8,425.7,867,0.711,10
968,-22.022,18.813,-12.311,-0.3671,0.1701,0.9145,-0.0743,-0.8665,0.4936,0.9288,0.1201,0.3505,25.609,0.3313,1.211,0.092,0.63701,173.1,403.3,175.2,381.6,171.1,425.4,867,1.224,10
969,-22.716,19.138,-10.535,-0.3502,0.1663,0.9218,-0.0743,-0.8657,0.4951,0.9355,0.1115,0.3353,25.61,0.3384,1.072,0.097,0.55677,172.4,403.0,174.5,381.2,170.4,425.0,868,2.375,10
970,-23.379,19.457,-8.746,-0.3356,0.1632,0.9278,-0.0743,-0.8648,0.4966,0.941,0.104,0.322,25.61,0.3445,0.93,0.1,0.47646,171.7,402.6,173.8,380.9,169.7,424.7,868,0.442,10
971,-24.016,19.77,-6.946,-0.3232,0.1609,0.9326,-0.0744,-0.8639,0.4982,0.9454,0.0978,0.3108,25.611,0.3497,0.776,0.105,0.39965,171.1,402.3,173.1,380.6,169.0,424.4,868,1.495,10
972,-24.631,20.08,-5.138,-0.3131,0.1592,0.9363,-0.0745,-0.8629,0.4998,0.9489,0.0927,0.3015,25.611,0.3539,0.64,0.108,0.32249,170.4,402.0,172.5,380.2,168.3,424.0,869,2.549,10
973,-25.228,20.386,-3.324,-0.3051,0.1582,0.9391,-0.0746,-0.862,0.5014,0.9516,0.0887,0.2942,25.61,0.3573,0.501,0.105,0.25275,169.8,401.7,171.9,379.9,167.7,423.7,869,0.615,10
974,-25.812,20.692,-1.506,-0.299,0.1577,0.9411,-0.0748,-0.861,0.5031,0.9536,0.0858,0.2886,25.61,0.3601,0.379,0.114,0.19076,169.2,401.3,171.3,379.6,167.1,423.4,869,1.321,10
975,-26.386,20.997,0.317,-0.2947,0.1578,0.9425,-0.0749,-0.86,0.5048,0.955,0.0838,0.2846,25.609,0.3621,0.268,0.113,0.13395,168.6,401.0,170.7,379.3,166.5,423.0,870,3.089,10
976,-26.948,21.3,2.142,-0.2841,0.1555,0.9461,-0.0751,-0.859,0.5065,0.9583,0.0783,0.2749,25.608,0.367,0.666,0.114,0.33871,168.0,400.7,170.1,379.0,165.9,422.7,870,1.156,10
977,-27.486,21.599,3.976,-0.2734,0.1529,0.9497,-0.0753,-0.8579,0.5083,0.9615,0.0727,0.2651,25.607,0.3721,0.672,0.121,0.34306,167.5,400.4,169.6,378.7,165.3,422.4,870,0.779,10
978,-28.007,21.893,5.816,-0.2651,0.1512,0.9523,-0.0755,-0.8568,0.5101,0.9639,0.0683,0.2574,25.606,0.3762,0.526,0.121,0.26244,166.9,400.0,169.0,378.3,164.7,422.0,870,2.713,10
979,-28.513,22.184,7.66,-0.2587,0.15,0.9542,-0.0757,-0.8557,0.5119,0.9657,0.0651,0.2515,25.605,0.3797,0.398,0.121,0.20086,166.4,399.7,168.5,378.0,164.2,421.7,871,1.95,10
980,-29.009,22.474,9.508,-0.2539,0.1494,0.9556,-0.0759,-0.8546,0.5137,0.967,0.0627,0.2471,25.603,0.3825,0.297,0.121,0.14912,165.8,399.4,168.0,377.7,163.7,421.4,871,0.026,10
981,-29.497,22.763,11.358,-0.2506,0.1493,0.9565,-0.0762,-0.8534,0.5156,0.9679,0.061,0.244,25.601,0.3849,0.209,0.13,0.10133,165.3,399.1,167.5,377.4,163.1,421.1,871,1.92,10
982,-29.979,23.052,13.209,-0.2485,0.1497,0.957,-0.0764,-0.8522,0.5175,0.9684,0.0601,0.242,25.6,0.3867,0.129,0.129,0.06501,164.8,398.8,167.0,377.1,162.6,420.7,872,2.879,10
983,-30.459,23.342,15.061,-0.2476,0.1505,0.9571,-0.0767,-0.851,0.5195,0.9686,0.0599,0.2412,25.598,0.3881,0.049,0.135,0.03578,164.3,398.5,166.5,376.8,162.1,420.4,872,0.946,10
984,-30.938,23.634,16.913,-0.2479,0.1517,0.9568,-0.077,-0.8498,0.5215,0.9686,0.0603,0.2413,25.596,0.3891,0.023,0.135,0.03768,163.8,398.1,166.0,376.5,161.5,420.1,872,0.992,10
985,-31.419,23.93,18.763,-0.2493,0.1534,0.9562,-0.0774,-0.8485,0.5235,0.9682,0.0614,0.2426,25.593,0.3897,0.1,0.139,0.06759,163.2,397.8,165.5,376.2,161.0,419.7,872,2.926,10
986,-31.904,24.228,20.612,-0.252,0.1557,0.9551,-0.0777,-0.8472,0.5256,0.9675,0.0632,0.245,25.591,0.3897,0.176,0.143,0.10997,162.7,397.5,165.0,375.9,160.5,419.4,873,1.891,10
987,-32.395,24.532,22.459,-0.2561,0.1585,0.9536,-0.0781,-0.8459,0.5276,0.9664,0.0659,0.2486,25.589,0.389,0.265,0.139,0.1536,162.2,397.2,164.5,375.6,159.9,419.1,873,0.05,10
988,-32.895,24.842,24.3,-0.2608,0.1617,0.9518,-0.0785,-0.8445,0.5298,0.9651,0.0689,0.2527,25.586,0.3882,0.3,0.151,0.17676,161.7,396.8,163.9,375.3,159.3,418.7,873,1.977,10
989,-33.395,25.154,26.143,-0.2565,0.1615,0.953,-0.0789,-0.8431,0.5319,0.9663,0.0666,0.2488,25.584,0.391,0.268,0.146,0.13234,161.1,396.5,163.4,374.9,158.8,418.3,874,2.736,10
990,-33.888,25.467,27.987,-0.2536,0.1618,0.9537,-0.0793,-0.8417,0.5342,0.967,0.0651,0.2461,25.581,0.3934,0.181,0.156,0.08879,160.6,396.1,162.9,374.6,158.2,418.0,874,0.803,10
991,-34.378,25.781,29.833,-0.2521,0.1625,0.954,-0.0798,-0.8402,0.5364,0.9674,0.0644,0.2447,25.579,0.3953,0.093,0.155,0.04982,160.0,395.8,162.4,374.3,157.7,417.6,874,1.135,10
992,-34.865,26.096,31.678,-0.252,0.1637,0.9538,-0.0803,-0.8386,0.5387,0.9675,0.0645,0.2445,25.576,0.3968,0.014,0.163,0.03615,159.5,395.4,161.9,374.0,157.1,417.2,874,3.069,10
993,-35.353,26.414,33.523,-0.2531,0.1653,0.9532,-0.0808,-0.837,0.5411,0.9672,0.0654,0.2455,25.573,0.3979,0.079,0.168,0.06018,159.0,395.1,161.3,373.7,156.6,416.9,875,1.422,10
994,-35.845,26.736,35.366,-0.2556,0.1675,0.9522,-0.0813,-0.8354,0.5436,0.9665,0.067,0.2477,25.57,0.3985,0.161,0.172,0.10296,158.4,394.7,160.8,373.3,156.0,416.5,875,0.516,10
995,-36.343,27.063,37.207,-0.2596,0.1702,0.9506,-0.0819,-0.8337,0.5461,0.9654,0.0696,0.2511,25.568,0.3985,0.253,0.177,0.15058,157.9,394.4,160.3,373.0,155.4,416.1,875,2.449,10
996,-36.85,27.395,39.044,-0.2652,0.1737,0.9484,-0.0826,-0.8319,0.5487,0.9639,0.0732,0.2561,25.565,0.3978,0.363,0.186,0.20615,157.3,394.0,159.8,372.7,154.9,415.7,876,1.7,10
997,-37.37,27.735,40.876,-0.2727,0.1779,0.9455,-0.0833,-0.8301,0.5514,0.9617,0.0781,0.2627,25.562,0.3964,0.488,0.19,0.26872,156.8,393.6,159.2,372.3,154.3,415.3,876,0.236,10
998,-37.907,28.084,42.702,-0.2826,0.183,0.9416,-0.084,-0.8281,0.5542,0.9588,0.0843,0.2713,25.559,0.394,0.63,0.201,0.34935,156.2,393.2,158.7,372.0,153.6,414.9,876,2.17,10
999,-38.466,28.444,44.519,-0.2954,0.1895,0.9364,-0.0848,-0.8261,0.5571,0.9548,0.0925,0.2824,25.556,0.3902,0.823,0.207,0.45203,155.6,392.8,158.1,371.6,153.0,414.4,877,1.528,10
1000,-39.052,28.818,46.324,-0.3093,0.1968,0.9304,-0.0856,-0.824,0.5601,0.9503,0.1014,0.2945,25.553,0.3854,0.898,0.215,0.49802,154.9,392.4,157.5,371.2,152.3,414.0,877,0.406,10
1001,-39.658,29.205,48.12,-0.3181,0.2032,0.926,-0.0866,-0.8218,0.5632,0.9473,0.1071,0.3019,25.55,0.3821,0.562,0.225,0.34762,154.3,392.0,156.8,370.8,151.6,413.5,877,2.341,10
1002,-40.283,29.604,49.906,-0.3282,0.2097,0.921,-0.0875,-0.8194,0.5664,0.9438,0.1137,0.3104,25.547,0.3785,0.648,0.235,0.38537,153.6,391.6,156.2,370.4,150.9,413.0,878,0.885,10
1003,-40.929,30.016,51.682,-0.3398,0.2163,0.9153,-0.0886,-0.817,0.5698,0.9396,0.1214,0.3201,25.544,0.3749,0.749,0.247,0.4299,152.9,391.1,155.5,370.0,150.2,412.5,878,1.049,10
1004,-41.599,30.441,53.447,-0.3529,0.2229,0.9087,-0.0898,-0.8144,0.5733,0.9346,0.13,0.3311,25.54,0.3711,0.85,0.259,0.47642,152.1,390.6,154.8,369.6,149.4,412.0,879,1.736,10
1005,-42.296,30.879,55.198,-0.3675,0.2292,0.9013,-0.091,-0.8118,0.5769,0.9288,0.1397,0.3432,25.537,0.3673,0.949,0.264,0.51942,151.4,390.1,154.1,369.2,148.6,411.4,879,0.198,10
1006,-43.022,31.328,56.933,-0.3835,0.2352,0.8931,-0.0924,-0.8089,0.5806,0.9222,0.1505,0.3563,25.534,0.3637,1.044,0.281,0.56145,150.6,389.6,153.4,368.8,147.7,410.9,879,2.133,10
1007,-43.78,31.788,58.652,-0.4005,0.2406,0.8841,-0.0938,-0.8059,0.5845,0.9147,0.162,0.3703,25.531,0.3604,1.123,0.293,0.59176,149.7,389.1,152.6,368.3,146.9,410.3,880,0.249,10
1008,-44.571,32.261,60.353,-0.4171,0.2494,0.874,-0.0954,-0.8028,0.5886,0.9072,0.1733,0.3835,25.528,0.354,1.084,0.308,0.63179,148.9,388.6,151.8,367.9,145.9,409.7,880,1.686,10
1009,-45.394,32.753,62.034,-0.4346,0.258,0.8629,-0.0972,-0.7995,0.5928,0.8988,0.1853,0.3973,25.525,0.3475,1.153,0.323,0.66451,148.0,388.1,150.9,367.4,145.0,409.1,881,0.324,10
1010,-46.253,33.259,63.691,-0.4538,0.265,0.8508,-0.0991,-0.796,0.5971,0.8891,0.1986,0.4123,25.522,0.342,1.276,0.336,0.70338,147.0,387.5,150.1,366.9,144.0,408.5,881,1.611,10
1011,-47.151,33.777,65.325,-0.4747,0.2702,0.8377,-0.1012,-0.7923,0.6017,0.8779,0.2133,0.4287,25.519,0.338,1.416,0.359,0.74664,146.1,387.0,149.2,366.5,142.9,407.8,882,0.062,10
1012,-48.091,34.303,66.931,-0.4976,0.2733,0.8232,-0.1036,-0.7884,0.6064,0.8648,0.2297,0.4464,25.516,0.3353,1.573,0.376,0.80813,145.1,386.4,148.2,366.0,141.8,407.1,883,1.427,10
1013,-49.078,34.833,68.509,-0.5225,0.2749,0.8071,-0.1062,-0.7843,0.6112,0.8496,0.2478,0.4656,25.513,0.3332,1.745,0.391,0.87952,144.0,385.8,147.2,365.5,140.7,406.5,883,0.508,10
1014,-50.113,35.371,70.052,-0.5479,0.2809,0.788,-0.109,-0.7799,0.6163,0.8333,0.2663,0.4844,25.51,0.3263,1.777,0.418,0.95797,142.9,385.2,146.2,365.0,139.5,405.8,884,0.583,10
1015,-51.198,35.918,71.557,-0.5743,0.2849,0.7675,-0.1122,-0.7753,0.6215,0.8151,0.2859,0.5038,25.508,0.3206,1.893,0.438,0.99706,141.7,384.6,145.1,364.5,138.2,405.0,884,1.352,10
1016,-52.336,36.472,73.02,-0.6022,0.2865,0.7452,-0.1157,-0.7705,0.6269,0.7945,0.307,0.524,25.505,0.3161,2.048,0.46,1.05894,140.5,384.0,144.0,364.0,136.8,404.3,885,0.507,10
1017,-53.529,37.025,74.438,-0.6322,0.2852,0.7204,-0.1197,-0.7653,0.6324,0.7705,0.3302,0.5453,25.503,0.313,2.269,0.49,1.15355,139.2,383.4,142.8,363.6,135.4,403.6,886,0.119,10
1018,-54.784,37.574,75.805,-0.6652,0.2824,0.6912,-0.124,-0.7599,0.6381,0.7417,0.3562,0.5683,25.501,0.3089,2.585,0.513,1.30801,137.8,382.8,141.6,363.1,133.9,402.8,887,0.546,10
1019,-56.104,38.119,77.109,-0.6995,0.2816,0.6568,-0.1289,-0.7542,0.6439,0.7095,0.3835,0.5912,25.5,0.3007,2.752,0.544,1.43923,136.4,382.2,140.3,362.6,132.4,402.1,888,0.798,10
1020,-57.49,38.665,78.343,-0.7331,0.2833,0.6183,-0.1342,-0.7481,0.6498,0.6753,0.4109,0.6125,25.498,0.2882,2.792,0.573,1.51468,134.9,381.6,139.0,362.2,130.7,401.3,889,0.894,10
1021,-58.939,39.216,79.499,-0.7663,0.2851,0.5758,-0.1401,-0.7418,0.6558,0.6384,0.4386,0.6325,25.498,0.2735,2.882,0.602,1.59849,133.3,381.0,137.6,361.8,129.0,400.6,890,0.855,10
1022,-60.455,39.766,80.567,-0.8006,0.2843,0.5275,-0.1466,-0.7352,0.6618,0.596,0.4683,0.6523,25.497,0.2575,3.176,0.632,1.75526,131.7,380.4,136.2,361.3,127.1,399.8,891,0.697,10
1023,-62.033,40.32,81.54,-0.829,0.2888,0.479,-0.1537,-0.7283,0.6678,0.5576,0.494,0.6671,25.496,0.237,2.78,0.663,1.67037,130.0,379.8,134.7,360.9,125.2,399.0,892,0.436,10
1024,-63.658,40.888,82.422,-0.85,0.3005,0.4326,-0.1615,-0.7212,0.6737,0.5264,0.5145,0.677,25.496,0.212,2.213,0.692,1.54802,128.3,379.1,133.2,360.5,123.3,398.2,893,0.088,10
1025,-65.321,41.479,83.212,-0.8702,0.3082,0.3843,-0.1699,-0.7139,0.6793,0.4926,0.5355,0.686,25.496,0.1889,2.338,0.714,1.56765,126.5,378.5,131.7,360.1,121.2,397.3,894,0.339,10
1026,-67.025,42.07,83.912,-0.8916,0.2997,0.3396,-0.1787,-0.7066,0.6847,0.4525,0.5589,0.6949,25.496,0.1801,2.709,0.724,1.48958,124.7,377.9,130.1,359.6,119.1,396.5,896,0.568,10
1027,-68.771,42.63,84.528,-0.9128,0.2814,0.2961,-0.1879,-0.6994,0.6896,0.4077,0.5832,0.7026,25.497,0.1789,2.954,0.726,1.53251,122.8,377.3,128.5,359.2,117.0,395.7,897,0.01,10
1028,-70.552,43.172,85.053,-0.9282,0.2765,0.2489,-0.1973,-0.6925,0.694,0.3692,0.6033,0.7069,25.497,0.1644,2.501,0.714,1.47793,120.9,376.7,126.9,358.8,114.8,394.9,898,0.611,10
1029,-72.362,43.688,85.498,-0.9432,0.2545,0.2137,-0.2066,-0.6859,0.6978,0.3289,0.623,0.7097,25.498,0.1694,2.575,0.689,1.30739,119.0,376.1,125.3,358.4,112.6,394.2,900,0.09,10
1030,-74.201,44.147,85.887,-0.9576,0.217,0.1897,-0.2157,-0.6798,0.701,0.2864,0.6423,0.711,25.498,0.192,2.676,0.654,1.38613,117.1,375.6,123.6,358.1,110.4,393.5,901,0.52,10
1031,-76.065,44.526,86.237,-0.9689,0.1782,0.1717,-0.2242,-0.6743,0.7036,0.2471,0.659,0.7104,25.498,0.2179,2.447,0.599,1.31052,115.1,375.2,121.9,357.8,108.2,393.0,903,0.259,10
1032,-77.948,44.842,86.547,-0.9778,0.1494,0.147,-0.2321,-0.6695,0.7056,0.2095,0.674,0.7084,25.499,0.2306,2.322,0.542,1.15428,113.1,374.9,120.1,357.6,106.0,392.5,904,0.279,10
1033,-79.848,45.108,86.801,-0.9853,0.1266,0.1145,-0.2395,-0.6653,0.7071,0.1703,0.6882,0.7052,25.499,0.2327,2.396,0.495,1.19676,111.1,374.6,118.3,357.5,103.7,392.1,906,0.682,10
1034,-81.76,45.335,86.984,-0.9914,0.1084,0.0734,-0.2463,-0.6616,0.7082,0.1286,0.7019,0.7005,25.499,0.2244,2.53,0.448,1.34372,109.1,374.4,116.5,357.3,101.5,391.8,907,0.255,10
1035,-83.682,45.524,87.09,-0.9955,0.0868,0.0388,-0.2525,-0.6585,0.709,0.0893,0.7137,0.6947,25.5,0.2217,2.375,0.4,1.21431,107.1,374.2,114.7,357.2,99.3,391.5,908,0.128,10
1036,-85.61,45.672,87.134,-0.9978,0.0666,0.0054,-0.2581,-0.6558,0.7094,0.052,0.7238,0.688,25.5,0.2177,2.247,0.357,1.15816,105.0,374.0,112.8,357.1,97.1,391.3,909,0.461,10
1037,-87.541,45.784,87.109,-0.9983,0.0486,-0.0309,-0.2632,-0.6535,0.7097,0.0146,0.7328,0.6803,25.5,0.2091,2.248,0.321,1.20026,103.0,373.9,110.9,357.1,94.9,391.1,910,0.738,10
1038,-89.472,45.862,87.011,-0.9969,0.0322,-0.0713,-0.2678,-0.6517,0.7097,-0.0241,0.7409,0.6712,25.5,0.1954,2.325,0.283,1.29223,101.0,373.8,109.1,357.0,92.7,390.9,912,0.81,11
1039,-91.397,45.909,86.833,-0.9936,0.0163,-0.1117,-0.2719,-0.6501,0.7095,-0.0621,0.7476,0.6612,25.5,0.1803,2.284,0.252,1.28986,99.0,373.8,107.2,357.0,90.6,390.9,913,0.701,11
1040,-93.315,45.924,86.58,-0.9887,-0.0008,-0.1498,-0.2756,-0.6489,0.7092,-0.0991,0.753,0.6505,25.5,0.1668,2.229,0.224,1.24557,97.0,373.8,105.3,357.1,88.5,390.8,914,0.647,11
1041,-95.222,45.905,86.254,-0.982,-0.0193,-0.1877,-0.2789,-0.6479,0.7088,-0.1369,0.7574,0.6384,25.5,0.1533,2.288,0.199,1.26494,95.0,373.8,103.4,357.1,86.4,390.8,915,0.65,11
1042,-97.113,45.848,85.854,-0.9734,-0.0393,-0.2259,-0.2818,-0.6471,0.7084,-0.1758,0.7606,0.6249,25.5,0.1397,2.367,0.174,1.30244,93.0,373.9,101.6,357.2,84.3,390.9,916,0.713,11
1043,-98.986,45.752,85.38,-0.9629,-0.0601,-0.263,-0.2844,-0.6466,0.7078,-0.2143,0.7625,0.6104,25.5,0.1266,2.36,0.156,1.29772,91.1,374.0,99.7,357.3,82.3,391.0,917,0.838,11
1044,-100.838,45.617,84.837,-0.9511,-0.0793,-0.2986,-0.2868,-0.6462,0.7073,-0.2507,0.7632,0.5956,25.5,0.1128,2.252,0.142,1.24803,89.2,374.1,97.9,357.5,80.3,391.1,918,1.028,11
1045,-102.665,45.446,84.224,-0.9372,-0.0976,-0.3349,-0.2888,-0.6459,0.7067,-0.2866,0.7626,0.5799,25.5,0.097,2.245,0.121,1.27262,87.3,374.3,96.1,357.7,78.3,391.3,918,0.907,11
1046,-104.462,45.24,83.54,-0.9211,-0.1149,-0.3719,-0.2905,-0.6458,0.7061,-0.3223,0.7608,0.5632,25.5,0.0792,2.261,0.103,1.30055,85.5,374.6,94.3,358.0,76.4,391.5,919,0.649,11
1047,-106.227,45.001,82.784,-0.9027,-0.1321,-0.4094,-0.292,-0.6457,0.7055,-0.3582,0.7578,0.5453,25.5,0.0601,2.305,0.093,1.33814,83.6,374.8,92.5,358.2,74.6,391.8,920,0.32,11
1048,-107.955,44.728,81.959,-0.8836,-0.15,-0.4436,-0.2933,-0.6458,0.705,-0.3926,0.7537,0.5271,25.5,0.0433,2.242,0.08,1.27585,81.9,375.1,90.8,358.5,72.8,392.1,921,0.081,11
1049,-109.645,44.422,81.069,-0.8633,-0.1656,-0.4768,-0.2943,-0.6459,0.7044,-0.4247,0.7487,0.509,25.5,0.0252,2.131,0.067,1.24183,80.2,375.5,89.1,358.9,71.0,392.4,922,0.557,11
1050,-111.294,44.089,80.115,-0.842,-0.1789,-0.5089,-0.2951,-0.646,0.704,-0.4547,0.743,0.4911,25.5,0.0058,2.028,0.052,1.20718,78.5,375.9,87.5,359.3,69.3,392.8,923,1.113,11
1051,-112.902,43.732,79.1,-0.8197,-0.1901,-0.5403,-0.2958,-0.6462,0.7035,-0.483,0.7366,0.4735,25.5,0.0148,1.944,0.051,1.18812,76.9,376.3,85.9,359.7,67.7,393.2,923,0.822,11
1052,-114.466,43.353,78.026,-0.7972,-0.2017,-0.569,-0.2963,-0.6464,0.7031,-0.5099,0.7295,0.4558,25.5,0.0335,1.889,0.038,1.13353,75.3,376.7,84.4,360.1,66.1,393.6,924,0.181,11
1053,-115.985,42.951,76.899,-0.7735,-0.2133,-0.5968,-0.2966,-0.6466,0.7028,-0.5365,0.7216,0.4375,25.5,0.0521,1.905,0.027,1.13545,73.8,377.1,82.9,360.5,64.6,394.1,925,0.554,11
1054,-117.458,42.529,75.718,-0.7489,-0.2235,-0.6238,-0.2968,-0.6469,0.7025,-0.5619,0.7131,0.4192,25.5,0.0714,1.859,0.027,1.12336,72.4,377.6,81.5,361.0,63.1,394.5,925,1.381,11
1055,-118.883,42.088,74.486,-0.7243,-0.2321,-0.6492,-0.2969,-0.6471,0.7023,-0.5855,0.7043,0.4015,25.5,0.0907,1.764,0.017,1.07801,71.0,378.1,80.1,361.5,61.7,395.0,926,0.547,11
1056,-120.261,41.632,73.207,-0.7005,-0.2391,-0.6724,-0.2968,-0.6473,0.7021,-0.6067,0.6956,0.3848,25.5,0.1094,1.625,0.017,1.00612,69.6,378.6,78.7,362.0,60.4,395.5,927,0.392,11
1057,-121.593,41.162,71.886,-0.6769,-0.2469,-0.6935,-0.2967,-0.6475,0.702,-0.6273,0.6864,0.3679,25.5,0.1261,1.615,0.014,0.96575,68.3,379.1,77.4,362.5,59.1,396.1,928,1.429,11
1058,-122.881,40.678,70.526,-0.6551,-0.2535,-0.7118,-0.2964,-0.6476,0.702,-0.6454,0.6776,0.3526,25.5,0.1413,1.449,0.018,0.86535,67.1,379.7,76.2,363.1,57.8,396.6,928,0.505,11
1059,-124.129,40.182,69.133,-0.635,-0.2587,-0.7279,-0.2961,-0.6477,0.702,-0.6611,0.6694,0.3388,25.5,0.1554,1.287,0.018,0.77814,65.9,380.2,75.0,363.6,56.6,397.1,929,0.623,11
1060,-125.339,39.677,67.711,-0.6163,-0.2629,-0.7424,-0.2957,-0.6478,0.7021,-0.6752,0.6616,0.3261,25.5,0.1687,1.176,0.024,0.71175,64.8,380.8,73.8,364.2,55.5,397.7,929,1.312,11
1061,-126.514,39.165,66.262,-0.5986,-0.2662,-0.7555,-0.2952,-0.6479,0.7022,-0.6878,0.6543,0.3144,25.5,0.1813,1.07,0.03,0.65945,63.6,381.3,72.7,364.8,54.4,398.2,930,0.104,11
1062,-127.656,38.648,64.788,-0.5818,-0.2688,-0.7676,-0.2947,-0.6478,0.7025,-0.6993,0.6472,0.3035,25.5,0.1937,0.995,0.034,0.61809,62.6,381.9,71.6,365.4,53.3,398.8,931,1.173,11
1063,-128.765,38.125,63.292,-0.5643,-0.2715,-0.7797,-0.2941,-0.6478,0.7028,-0.7111,0.6396,0.2919,25.5,0.2061,1.043,0.038,0.63514,61.5,382.5,70.6,365.9,52.3,399.4,931,0.761,11
1064,-129.839,37.597,61.772,-0.5469,-0.2744,-0.791,-0.2934,-0.6477,0.7032,-0.7226,0.6318,0.2804,25.5,0.218,1.033,0.047,0.62053,60.5,383.1,69.6,366.5,51.3,399.9,932,0.573,11
1065,-130.881,37.064,60.232,-0.5308,-0.2769,-0.801,-0.2927,-0.6475,0.7036,-0.7329,0.6245,0.2698,25.5,0.2289,0.945,0.047,0.56622,59.6,383.7,68.6,367.1,50.4,400.5,932,1.361,11
1066,-131.893,36.526,58.674,-0.5157,-0.2791,-0.81,-0.292,-0.6472,0.7042,-0.7424,0.6176,0.2599,25.5,0.2392,0.88,0.056,0.52469,58.7,384.2,67.7,367.7,49.5,401.1,933,0.028,11
1067,-132.877,35.984,57.099,-0.5018,-0.2811,-0.818,-0.2911,-0.6469,0.7048,-0.7509,0.611,0.2507,25.5,0.2486,0.811,0.064,0.47869,57.8,384.8,66.8,368.4,48.6,401.7,934,1.43,11
1068,-133.836,35.439,55.51,-0.4889,-0.2829,-0.8252,-0.2902,-0.6465,0.7056,-0.7587,0.6048,0.2421,25.5,0.2575,0.754,0.073,0.44079,56.9,385.4,65.9,369.0,47.7,402.2,934,0.505,11
1069,-134.77,34.89,53.907,-0.4769,-0.2844,-0.8317,-0.2892,-0.646,0.7064,-0.7657,0.599,0.2342,25.5,0.2659,0.69,0.079,0.40662,56.1,386.0,65.0,369.6,46.9,402.8,935,0.927,11
1070,-135.681,34.338,52.292,-0.4658,-0.2858,-0.8375,-0.2882,-0.6454,0.7074,-0.7722,0.5935,0.2269,25.5,0.2737,0.643,0.088,0.37325,55.3,386.6,64.2,370.2,46.2,403.4,935,1.008,11
1071,-136.566,33.786,50.663,-0.4487,-0.2853,-0.8469,-0.287,-0.6447,0.7085,-0.7811,0.5857,0.2165,25.5,0.2873,0.903,0.102,0.57832,54.5,387.2,63.4,370.8,45.4,404.0,936,0.419,11
1072,-137.419,33.234,49.017,-0.4341,-0.2853,-0.8545,-0.2858,-0.6439,0.7098,-0.7887,0.5788,0.2074,25.5,0.2988,0.786,0.111,0.48732,53.7,387.8,62.6,371.5,44.7,404.5,936,1.516,11
1073,-138.247,32.682,47.358,-0.4223,-0.286,-0.8602,-0.2845,-0.6429,0.7111,-0.795,0.5728,0.1998,25.5,0.3077,0.662,0.12,0.38875,53.0,388.4,61.8,372.1,44.0,405.1,937,0.125,11
1074,-139.055,32.127,45.69,-0.4127,-0.2873,-0.8644,-0.2832,-0.6419,0.7126,-0.8002,0.5677,0.1934,25.5,0.3147,0.556,0.127,0.31265,52.3,389.0,61.1,372.8,43.3,405.7,938,1.205,11
1075,-139.845,31.57,44.014,-0.405,-0.2891,-0.8674,-0.2817,-0.6408,0.7142,-0.8046,0.5632,0.188,25.5,0.3202,0.475,0.141,0.25048,51.6,389.6,60.4,373.4,42.7,406.2,938,0.731,11
1076,-140.623,31.008,42.334,-0.3991,-0.2917,-0.8693,-0.2802,-0.6395,0.7159,-0.8083,0.5595,0.1834,25.5,0.324,0.399,0.15,0.19906,51.0,390.2,59.7,374.0,42.1,406.8,939,0.505,11
1077,-141.391,30.44,40.651,-0.3948,-0.2949,-0.8702,-0.2786,-0.6381,0.7177,-0.8114,0.5562,0.1796,25.5,0.3264,0.339,0.16,0.16094,50.3,390.9,59.0,374.7,41.5,407.4,939,1.432,11
1078,-142.151,29.866,38.968,-0.392,-0.299,-0.87,-0.277,-0.6367,0.7197,-0.8139,0.5536,0.1765,25.5,0.3272,0.272,0.167,0.14714,49.7,391.5,58.3,375.4,40.9,407.9,940,0.326,11
1079,-142.909,29.283,37.286,-0.391,-0.3041,-0.8687,-0.2753,-0.635,0.7217,-0.8158,0.5515,0.1741,25.5,0.3262,0.213,0.179,0.15866,49.1,392.1,57.7,376.0,40.3,408.5,941,0.628,11
1080,-143.664,28.689,35.608,-0.3882,-0.3101,-0.8678,-0.2736,-0.6333,0.7239,-0.8187,0.5483,0.1703,25.5,0.3256,0.33,0.187,0.19798,48.4,392.7,57.0,376.7,39.7,409.1,941,1.306,11
1081,-144.406,28.084,33.926,-0.3792,-0.3154,-0.8699,-0.2717,-0.6314,0.7263,-0.8244,0.5421,0.1628,25.5,0.3296,0.646,0.206,0.31552,47.8,393.4,56.3,377.4,39.1,409.7,942,0.544,11
1082,-145.132,27.469,32.242,-0.3721,-0.3198,-0.8713,-0.2696,-0.6291,0.7291,-0.8289,0.537,0.1569,25.5,0.3338,0.516,0.24,0.25082,47.2,394.0,55.7,378.2,38.6,410.2,943,0.055,11
1083,-145.847,26.847,30.555,-0.3668,-0.3236,-0.8722,-0.267,-0.6261,0.7327,-0.8323,0.5331,0.1523,25.5,0.3385,0.397,0.307,0.19497,46.6,394.7,55.0,378.9,38.0,410.8,944,0.322,11
1084,-146.553,26.218,28.867,-0.3633,-0.3267,-0.8725,-0.2637,-0.6222,0.7371,-0.8346,0.5303,0.149,25.5,0.344,0.281,0.386,0.13874,46.1,395.4,54.4,379.7,37.6,411.4,945,0.427,11
1085,-147.254,25.583,27.18,-0.3616,-0.3292,-0.8723,-0.2597,-0.6171,0.7428,-0.836,0.5287,0.147,25.5,0.3509,0.167,0.495,0.08973,45.5,396.0,53.7,380.5,37.1,411.9,946,0.342,11
1086,-147.953,24.944,25.493,-0.3618,-0.3311,-0.8715,-0.2546,-0.6106,0.7499,-0.8362,0.5285,0.1464,25.5,0.3593,0.038,0.624,0.06135,44.9,396.7,53.0,381.3,36.6,412.4,947,0.098,11
1087,-148.655,24.302,23.808,-0.3643,-0.3324,-0.8699,-0.2483,-0.6024,0.7586,-0.8352,0.5298,0.1474,25.5,0.3692,0.11,0.774,0.09595,44.4,397.4,52.3,382.2,36.2,412.8,948,0.346,11
1088,-149.365,23.659,22.128,-0.3696,-0.3329,-0.8675,-0.2406,-0.5922,0.7691,-0.8326,0.5332,0.1501,25.5,0.3811,0.29,0.948,0.17294,43.8,398.0,51.6,383.2,35.8,413.2,950,0.359,11
1089,-150.087,23.013,20.452,-0.3761,-0.3353,-0.8638,-0.2312,-0.5796,0.7814,-0.8296,0.537,0.1528,25.5,0.3937,0.318,1.144,0.23259,43.2,398.7,50.8,384.2,35.4,413.6,951,0.422,11
1090,-150.818,22.361,18.785,-0.3802,-0.3388,-0.8606,-0.2204,-0.5648,0.7952,-0.828,0.5393,0.1535,25.5,0.4092,0.165,1.314,0.1857,42.6,399.4,49.9,385.3,35.1,413.9,953,0.252,11
1091,-151.555,21.703,17.122,-0.3809,-0.3418,-0.8591,-0.2088,-0.5486,0.8096,-0.8278,0.5399,0.1523,25.5,0.4285,0.078,1.409,0.10151,42.0,400.1,49.1,386.4,34.8,414.1,955,0.107,11
1092,-152.29,21.04,15.46,-0.3776,-0.3437,-0.8598,-0.1969,-0.5314,0.8239,-0.8295,0.5383,0.1491,25.5,0.4514,0.227,1.452,0.11468,41.4,400.8,48.2,387.5,34.4,414.4,957,0.373,11
1093,-153.013,20.374,13.795,-0.3703,-0.3445,-0.8627,-0.1852,-0.5142,0.8374,-0.8328,0.5345,0.1441,25.5,0.4767,0.406,1.421,0.23388,40.8,401.5,47.3,388.7,34.1,414.6,958,0.165,11
1094,-153.72,19.708,12.122,-0.3601,-0.3439,-0.8672,-0.1744,-0.4977,0.8496,-0.8374,0.5289,0.138,25.5,0.5028,0.543,1.329,0.33067,40.2,402.2,46.5,389.8,33.8,414.8,959,0.503,11
1095,-154.415,19.048,10.44,-0.358,-0.3385,-0.8702,-0.1649,-0.4825,0.8602,-0.8362,0.5309,0.1375,25.5,0.5262,0.137,1.193,0.19322,39.7,402.8,45.7,390.8,33.5,415.1,960,0.623,11
1096,-155.104,18.395,8.755,-0.3543,-0.3371,-0.8723,-0.1568,-0.4687,0.8693,-0.837,0.5303,0.135,25.5,0.5447,0.154,1.055,0.13264,39.1,403.5,45.0,391.9,33.1,415.4,961,0.519,11
1097,-155.784,17.741,7.066,-0.3484,-0.3395,-0.8737,-0.1497,-0.456,0.8773,-0.8401,0.5266,0.1304,25.5,0.5595,0.382,0.951,0.19314,38.6,404.2,44.3,392.9,32.7,415.8,962,0.2,11
1098,-156.451,17.079,5.375,-0.3404,-0.3458,-0.8744,-0.1435,-0.4441,0.8844,-0.8455,0.5194,0.1237,25.5,0.5709,0.643,0.87,0.30228,38.1,404.9,43.7,393.9,32.4,416.2,963,0.334,11
1099,-157.1,16.401,3.683,-0.33,-0.356,-0.8743,-0.1378,-0.4327,0.8909,-0.8533,0.5085,0.115,25.5,0.5794,0.916,0.82,0.43145,37.6,405.6,43.0,394.9,32.0,416.6,964,1.068,11
1100,-157.726,15.699,1.993,-0.3169,-0.3702,-0.8732,-0.1326,-0.4216,0.897,-0.8636,0.4933,0.1042,25.5,0.5852,1.221,0.785,0.57314,37.1,406.3,42.4,395.9,31.6,417.0,964,0.867,11
1101,-158.326,14.971,0.304,-0.3049,-0.3806,-0.873,-0.1275,-0.4105,0.9029,-0.872,0.4802,0.0952,25.5,0.5931,1.03,0.777,0.47036,36.6,407.0,41.9,396.9,31.3,417.4,965,0.067,11
1102,-158.906,14.227,-1.385,-0.2943,-0.3889,-0.873,-0.1225,-0.3992,0.9086,-0.879,0.4687,0.0875,25.5,0.6019,0.889,0.78,0.39876,36.2,407.8,41.3,397.9,31.0,417.9,966,1.193,11
1103,-159.465,13.466,-3.073,-0.2839,-0.3981,-0.8723,-0.1176,-0.3879,0.9142,-0.886,0.4568,0.0799,25.5,0.6096,0.903,0.775,0.41177,35.8,408.6,40.8,399.0,30.7,418.4,966,0.741,11
1104,-160.004,12.686,-4.759,-0.2738,-0.4083,-0.8708,-0.1129,-0.3766,0.9195,-0.8929,0.4444,0.0724,25.5,0.616,0.92,0.764,0.42748,35.4,409.3,40.3,400.1,30.4,418.9,967,0.575,11
1105,-160.524,11.885,-6.442,-0.2639,-0.4193,-0.8686,-0.1083,-0.3652,0.9246,-0.8998,0.4315,0.0651,25.5,0.6214,0.937,0.763,0.44313,35.0,410.2,39.8,401.1,30.1,419.4,967,1.36,11
1106,-161.026,11.063,-8.12,-0.2543,-0.4312,-0.8657,-0.1039,-0.3539,0.9295,-0.9065,0.4183,0.0579,25.5,0.6256,0.943,0.749,0.46093,34.7,411.0,39.4,402.3,29.9,419.9,968,0.14,11
1107,-161.508,10.218,-9.792,-0.2436,-0.4416,-0.8635,-0.0998,-0.3427,0.9341,-0.9132,0.4044,0.0508,25.5,0.6309,0.973,0.732,0.44674,34.4,411.8,39.0,403.4,29.7,420.5,968,1.795,11
1108,-161.968,9.354,-11.46,-0.2328,-0.4511,-0.8616,-0.0959,-0.3315,0.9386,-0.9195,0.3906,0.044,25.5,0.6368,0.953,0.727,0.42968,34.1,412.7,38.6,404.5,29.4,421.1,969,0.14,11
1109,-162.409,8.472,-13.125,-0.2229,-0.4614,-0.8587,-0.0922,-0.3204,0.9428,-0.9254,0.3771,0.0376,25.5,0.6412,0.92,0.712,0.43177,33.8,413.6,38.2,405.7,29.2,421.7,970,1.629,11
1110,-162.831,7.568,-14.782,-0.2137,-0.4729,-0.8548,-0.0887,-0.3092,0.9468,-0.931,0.3636,0.0315,25.5,0.6441,0.907,0.71,0.45122,33.5,414.5,37.8,406.9,29.0,422.3,970,0.306,11
1111,-163.236,6.641,-16.431,-0.2048,-0.4857,-0.8498,-0.0854,-0.298,0.9507,-0.9364,0.35,0.0256,25.5,0.6457,0.904,0.705,0.48489,33.2,415.4,37.5,408.1,28.9,423.0,971,1.537,11
1112,-163.624,5.688,-18.069,-0.1962,-0.5004,-0.8433,-0.0822,-0.2867,0.9545,-0.9417,0.3358,0.0198,25.5,0.6453,0.93,0.707,0.53991,33.0,416.4,37.2,409.3,28.7,423.6,971,0.398,11
1113,-163.995,4.705,-19.694,-0.187,-0.5143,-0.837,-0.0791,-0.2753,0.9581,-0.9469,0.3212,0.0142,25.5,0.6456,0.944,0.708,0.5278,32.8,417.3,36.9,410.6,28.5,424.3,972,1.48,11
1114,-164.347,3.698,-21.308,-0.1769,-0.5269,-0.8313,-0.0761,-0.2638,0.9616,-0.952,0.306,0.0086,25.5,0.6469,0.973,0.71,0.50718,32.6,418.3,36.6,411.8,28.4,425.0,972,0.455,11
1115,-164.679,2.666,-22.909,-0.1665,-0.5412,-0.8242,-0.0732,-0.252,0.9649,-0.9571,0.2898,0.0031,25.5,0.6467,1.023,0.721,0.56435,32.4,419.4,36.4,413.1,28.3,425.8,973,1.42,11
1116,-164.991,1.603,-24.496,-0.1555,-0.5577,-0.8153,-0.0705,-0.2401,0.9682,-0.9623,0.2721,-0.0026,25.5,0.6445,1.106,0.724,0.6438,32.2,420.4,36.1,414.5,28.2,426.5,973,0.515,11
1117,-165.28,0.506,-26.062,-0.1436,-0.577,-0.804,-0.0679,-0.2279,0.9713,-0.9676,0.2525,-0.0084,25.5,0.6397,1.21,0.736,0.75036,32.1,421.5,35.9,415.9,28.1,427.3,974,1.322,11
1118,-165.545,-0.632,-27.604,-0.1303,-0.5994,-0.7898,-0.0654,-0.2155,0.9743,-0.973,0.2305,-0.0144,25.5,0.6318,1.343,0.745,0.87876,32.0,422.6,35.8,417.3,28.0,428.1,974,0.613,11
1119,-165.784,-1.811,-29.119,-0.1159,-0.6203,-0.7757,-0.0631,-0.2028,0.9772,-0.978,0.2078,-0.0201,25.5,0.6249,1.371,0.758,0.86007,31.9,423.8,35.6,418.7,28.0,429.0,975,1.154,11
1120,-165.993,-3.033,-30.604,-0.1005,-0.6424,-0.7598,-0.061,-0.1898,0.9799,-0.9826,0.184,-0.0255,25.5,0.6165,1.423,0.77,0.92643,31.8,425.0,35.5,420.2,28.0,429.8,975,0.782,11
1121,-166.172,-4.297,-32.057,-0.0844,-0.6652,-0.7419,-0.0591,-0.1765,0.9825,-0.9867,0.1594,-0.0307,25.5,0.6065,1.46,0.784,0.98218,31.7,426.2,35.4,421.8,28.0,430.8,976,0.887,11
1122,-166.32,-5.606,-33.474,-0.0679,-0.6881,-0.7224,-0.0573,-0.1629,0.985,-0.9903,0.1347,-0.0353,25.5,0.5956,1.454,0.799,1.01614,31.7,427.5,35.3,423.4,28.0,431.7,976,1.049,11
1123,-166.434,-6.96,-34.85,-0.0504,-0.7121,-0.7003,-0.0557,-0.1489,0.9873,-0.9932,0.1092,-0.0395,25.5,0.5826,1.49,0.818,1.09666,31.7,428.8,35.3,425.1,28.0,432.7,977,0.514,11
1124,-166.514,-8.361,-36.182,-0.0316,-0.7356,-0.6767,-0.0543,-0.1346,0.9894,-0.9956,0.0827,-0.0434,25.5,0.5688,1.541,0.832,1.13282,31.8,430.2,35.3,426.8,28.1,433.7,977,1.422,11
1125,-166.556,-9.806,-37.468,-0.012,-0.7575,-0.6527,-0.0531,-0.1199,0.9914,-0.9973,0.056,-0.0467,25.5,0.5556,1.545,0.853,1.12391,31.8,431.6,35.4,428.5,28.2,434.8,978,0.051,11
1126,-166.56,-11.291,-38.708,0.0081,-0.7774,-0.6289,-0.0522,-0.1049,0.9931,-0.9983,0.0296,-0.0493,25.5,0.5434,1.521,0.866,1.095,31.9,433.1,35.4,430.3,28.3,435.9,979,1.423,11
1127,-166.525,-12.815,-39.898,0.0278,-0.7981,-0.6018,-0.0515,-0.0896,0.9946,-0.9987,0.004,-0.0514,25.5,0.5285,1.472,0.882,1.16659,32.1,434.5,35.6,432.2,28.5,437.0,979,0.513,11
1128,-166.452,-14.377,-41.036,0.0484,-0.8168,-0.5749,-0.0512,-0.0739,0.996,-0.9984,-0.0219,-0.0529,25.5,0.5147,1.487,0.903,1.14634,32.3,436.1,35.7,434.0,28.7,438.1,980,0.788,11
1129,-166.337,-15.974,-42.122,0.0701,-0.8336,-0.5479,-0.0511,-0.0579,0.997,-0.9974,-0.0484,-0.0539,25.5,0.5016,1.52,0.919,1.14036,32.5,437.6,35.9,436.0,28.9,439.3,980,1.147,11
1130,-166.18,-17.602,-43.156,0.0918,-0.8493,-0.5198,-0.0513,-0.0417,0.9978,-0.9958,-0.0743,-0.0543,25.5,0.4879,1.487,0.929,1.14992,32.7,439.2,36.2,437.9,29.1,440.5,981,0.085,11
1131,-165.982,-19.26,-44.133,0.1131,-0.8642,-0.4903,-0.0519,-0.0252,0.9983,-0.9936,-0.0993,-0.0542,25.5,0.4736,1.438,0.946,1.16466,33.0,440.8,36.5,439.9,29.4,441.7,982,1.246,11
1132,-165.742,-20.944,-45.052,0.1362,-0.8772,-0.4604,-0.0529,-0.0084,0.9986,-0.9906,-0.1258,-0.0535,25.5,0.4596,1.529,0.964,1.18357,33.3,442.4,36.8,441.9,29.7,442.9,982,0.689,11
1133,-165.454,-22.652,-45.913,0.1616,-0.8885,-0.4296,-0.0542,0.0086,0.9985,-0.9867,-0.1542,-0.0522,25.5,0.4454,1.644,0.977,1.229,33.7,444.1,37.2,444.0,30.0,444.2,983,0.414,11
1134,-165.117,-24.382,-46.712,0.186,-0.8992,-0.3961,-0.056,0.0259,0.9981,-0.9822,-0.181,-0.0504,25.5,0.4291,1.56,0.997,1.26786,34.1,445.8,37.6,446.1,30.4,445.4,984,1.456,11
1135,-164.734,-26.13,-47.447,0.2101,-0.9075,-0.3636,-0.0583,0.0434,0.9974,-0.9772,-0.207,-0.0481,25.5,0.4143,1.523,1.012,1.22351,34.5,447.5,38.1,448.2,30.8,446.7,984,0.478,11
1136,-164.304,-27.892,-48.12,0.2348,-0.9136,-0.3321,-0.061,0.061,0.9963,-0.9714,-0.2332,-0.0452,25.5,0.4009,1.546,1.022,1.19939,35.0,449.2,38.6,450.3,31.2,448.0,985,0.509,11
1137,-163.826,-29.663,-48.731,0.2598,-0.9181,-0.2995,-0.0642,0.0789,0.9948,-0.9649,-0.2594,-0.0417,25.5,0.3871,1.56,1.045,1.22417,35.5,450.9,39.2,452.4,31.7,449.3,985,1.426,11
1138,-163.299,-31.443,-49.278,0.2842,-0.9213,-0.2654,-0.0679,0.0968,0.993,-0.9579,-0.2847,-0.0377,25.5,0.372,1.521,1.052,1.24556,36.1,452.6,39.9,454.6,32.1,450.6,986,0.489,11
1139,-162.726,-33.226,-49.758,0.309,-0.9224,-0.2318,-0.072,0.1147,0.9908,-0.9502,-0.31,-0.0331,25.5,0.3577,1.538,1.06,1.23749,36.7,454.3,40.6,456.7,32.6,451.9,987,0.408,11
1140,-162.103,-35.01,-50.175,0.3342,-0.9214,-0.1983,-0.0766,0.1327,0.9882,-0.9416,-0.3355,-0.0279,25.5,0.3438,1.57,1.075,1.24209,37.3,456.1,41.3,458.9,33.2,453.2,988,1.269,11
1141,-161.434,-36.791,-50.524,0.358,-0.9194,-0.1631,-0.0816,0.1507,0.9852,-0.9329,-0.3593,-0.0223,25.5,0.3285,1.487,1.084,1.26001,38.0,457.8,42.1,461.0,33.8,454.5,988,0.666,11
1142,-160.718,-38.566,-50.806,0.3825,-0.915,-0.1283,-0.0871,0.1686,0.9818,-0.9233,-0.3837,-0.016,25.5,0.3135,1.545,1.09,1.26739,38.7,459.5,42.9,463.1,34.4,455.8,989,0.168,11
1143,-159.954,-40.33,-51.021,0.4077,-0.9083,-0.0936,-0.0931,0.1864,0.978,-0.9126,-0.4087,-0.0089,25.5,0.2988,1.61,1.098,1.28571,39.5,461.2,43.8,465.3,35.0,457.1,990,0.977,11
1144,-159.142,-42.079,-51.168,0.4312,-0.9004,-0.0582,-0.0995,0.2041,0.9739,-0.9019,-0.4318,-0.0016,25.5,0.2834,1.518,1.104,1.28026,40.3,462.9,44.7,467.4,35.7,458.3,990,0.957,11
1145,-158.285,-43.812,-51.246,0.4546,-0.8904,-0.0232,-0.1063,0.2215,0.9693,-0.8905,-0.4548,0.0063,25.5,0.268,1.539,1.102,1.28179,41.1,464.6,45.7,469.5,36.3,459.6,991,0.165,11
1146,-157.382,-45.523,-51.258,0.4787,-0.8779,0.0113,-0.1135,0.2387,0.9644,-0.8779,-0.4786,0.0152,25.5,0.253,1.625,1.105,1.30047,42.0,466.3,46.8,471.5,37.1,460.9,992,0.616,11
1147,-156.433,-47.207,-51.202,0.5024,-0.8634,0.0468,-0.1211,0.2556,0.9592,-0.8646,-0.5018,0.0245,25.5,0.2366,1.622,1.103,1.33531,42.9,467.9,47.8,473.6,37.8,462.1,992,1.318,11
1148,-155.44,-48.862,-51.078,0.5242,-0.8477,0.081,-0.1291,0.2721,0.9536,-0.8515,-0.5233,0.034,25.5,0.2211,1.542,1.099,1.28829,43.9,469.5,49.0,475.6,38.6,463.3,993,0.547,11
1149,-154.405,-50.486,-50.89,0.5454,-0.8305,0.1128,-0.1375,0.2883,0.9476,-0.8378,-0.5442,0.044,25.5,0.2075,1.542,1.101,1.24148,44.8,471.1,50.1,477.5,39.4,464.5,994,0.22,11
1150,-153.33,-52.075,-50.642,0.5658,-0.812,0.1433,-0.1461,0.3041,0.9414,-0.8237,-0.5644,0.0545,25.5,0.1947,1.534,1.09,1.21733,45.9,472.6,51.4,479.4,40.2,465.7,995,0.982,11
1151,-152.217,-53.627,-50.335,0.5845,-0.7924,0.1744,-0.1551,0.3195,0.9348,-0.8098,-0.5831,0.065,25.5,0.1808,1.464,1.09,1.22165,46.9,474.2,52.6,481.3,41.1,466.8,995,0.953,11
1152,-151.068,-55.139,-49.968,0.6041,-0.7701,0.2051,-0.1643,0.3344,0.928,-0.7943,-0.6027,0.0766,25.5,0.1664,1.579,1.076,1.26508,48.0,475.6,53.9,483.2,42.0,467.9,996,0.192,11
1153,-149.879,-56.605,-49.542,0.6244,-0.7446,0.2358,-0.1737,0.3489,0.9209,-0.7769,-0.6232,0.0896,25.5,0.1511,1.711,1.07,1.32637,49.1,477.1,55.2,484.9,42.9,469.0,997,0.571,11
1154,-148.654,-58.021,-49.055,0.6419,-0.719,0.2666,-0.1834,0.3629,0.9136,-0.7606,-0.6412,0.102,25.5,0.1351,1.562,1.062,1.29467,50.3,478.5,56.6,486.7,43.8,470.1,998,1.338,11
1155,-147.396,-59.385,-48.511,0.6591,-0.6916,0.2956,-0.1932,0.3763,0.9061,-0.7432,-0.659,0.1152,25.5,0.1197,1.614,1.044,1.28688,51.5,479.8,58.0,488.3,44.8,471.1,998,0.597,11
1156,-146.104,-60.695,-47.913,0.6763,-0.662,0.323,-0.2032,0.3892,0.8984,-0.7245,-0.677,0.1294,25.5,0.1049,1.695,1.034,1.29893,52.7,481.1,59.4,489.9,45.8,472.1,999,0.176,11
1157,-144.781,-61.946,-47.26,0.6911,-0.6313,0.3519,-0.2134,0.4016,0.8906,-0.7062,-0.6933,0.1434,25.5,0.0876,1.617,1.023,1.32369,53.9,482.4,60.9,491.5,46.8,473.0,1000,0.958,11
1158,-143.43,-63.137,-46.554,0.7054,-0.5997,0.3779,-0.2237,0.4133,0.8827,-0.6873,-0.709,0.1578,25.5,0.0721,1.632,1.001,1.28405,55.2,483.5,62.4,493.0,47.8,473.9,1000,0.977,11
1159,-142.051,-64.266,-45.802,0.7206,-0.5675,0.3983,-0.234,0.4245,0.8747,-0.6668,-0.7248,0.1734,25.5,0.0611,1.732,0.985,1.21558,56.5,484.7,63.9,494.4,48.9,474.8,1001,0.184,11
1160,-140.642,-65.333,-45.015,0.7344,-0.5358,0.4166,-0.2444,0.4352,0.8666,-0.6464,-0.7392,0.1889,25.5,0.0516,1.684,0.973,1.15873,57.8,485.7,65.4,495.7,50.0,475.6,1002,0.622,11
1161,-139.212,-66.339,-44.188,0.7445,-0.5049,0.4368,-0.2548,0.4453,0.8584,-0.6284,-0.7509,0.203,25.5,0.0396,1.472,0.954,1.13369,59.1,486.7,67.0,496.9,51.1,476.3,1002,1.313,11
1162,-137.76,-67.286,-43.33,0.7576,-0.4737,0.4492,-0.2652,0.4548,0.8502,-0.6073,-0.7636,0.2191,25.5,0.0344,1.686,0.934,1.06743,60.5,487.7,68.6,498.1,52.2,477.0,1003,0.502,11
1163,-136.279,-68.171,-42.455,0.7738,-0.4413,0.4545,-0.2756,0.4638,0.842,-0.5827,-0.7772,0.2374,25.5,0.0352,1.922,0.917,1.08435,61.9,488.6,70.2,499.3,53.3,477.7,1004,0.311,11
1164,-134.768,-68.993,-41.57,0.7865,-0.4085,0.4631,-0.286,0.4723,0.8337,-0.5596,-0.7886,0.2548,25.5,0.0318,1.781,0.905,1.07257,63.3,489.4,71.8,500.3,54.5,478.3,1005,1.116,11
1165,-133.236,-69.753,-40.666,0.7977,-0.3773,0.4704,-0.2964,0.4803,0.8255,-0.5376,-0.7983,0.2714,25.5,0.0293,1.674,0.887,1.00542,64.7,490.2,73.5,501.3,55.7,478.9,1005,0.819,11
1166,-131.679,-70.453,-39.756,0.8123,-0.346,0.4696,-0.3068,0.4878,0.8173,-0.5121,-0.8084,0.2902,25.5,0.0342,1.905,0.872,1.02328,66.2,490.9,75.2,502.2,56.9,479.4,1006,0.031,11
1167,-130.09,-71.09,-38.854,0.8309,-0.3127,0.4603,-0.3171,0.4948,0.8091,-0.4813,-0.8191,0.3122,25.5,0.0458,2.254,0.854,1.16283,67.7,491.6,76.9,503.0,58.2,479.9,1007,0.737,11
1168,-128.466,-71.66,-37.972,0.8465,-0.2762,0.4551,-0.3274,0.5013,0.8009,-0.4499,-0.8281,0.3344,25.5,0.0511,2.263,0.841,1.18584,69.2,492.2,78.7,503.8,59.5,480.3,1007,1.198,11
1169,-126.815,-72.159,-37.097,0.8611,-0.2403,0.4481,-0.3377,0.5074,0.7928,-0.4186,-0.8354,0.3563,25.5,0.0575,2.228,0.828,1.16654,70.7,492.7,80.4,504.5,60.8,480.7,1008,0.462,11
1170,-125.134,-72.591,-36.242,0.877,-0.2063,0.4339,-0.3478,0.513,0.7848,-0.3854,-0.8413,0.3791,25.5,0.0703,2.332,0.805,1.18877,72.3,493.2,82.3,505.1,62.2,481.0,1009,0.237,11
1171,-123.421,-72.959,-35.422,0.894,-0.174,0.4129,-0.3579,0.5181,0.7768,-0.3505,-0.8456,0.4025,25.5,0.0894,2.42,0.794,1.24741,74.0,493.6,84.1,505.6,63.6,481.2,1010,0.893,11
1172,-121.679,-73.26,-34.637,0.9068,-0.1375,0.3985,-0.3679,0.5228,0.769,-0.3156,-0.8481,0.4256,25.5,0.0991,2.402,0.775,1.22255,75.6,493.9,86.0,506.1,65.0,481.4,1010,1.042,11
1173,-119.913,-73.493,-33.884,0.9194,-0.1041,0.3793,-0.3777,0.5272,0.7612,-0.281,-0.8486,0.4482,25.5,0.1134,2.368,0.761,1.20067,77.3,494.1,87.9,506.4,66.5,481.6,1011,0.426,11
1174,-118.122,-73.664,-33.172,0.9318,-0.074,0.3554,-0.3874,0.5311,0.7536,-0.2467,-0.8473,0.4704,25.5,0.1325,2.342,0.741,1.19625,79.0,494.3,89.8,506.7,68.0,481.7,1012,0.15,11
1175,-116.308,-73.78,-32.51,0.9426,-0.0437,0.3311,-0.3969,0.5347,0.746,-0.2121,-0.8442,0.4922,25.5,0.1505,2.35,0.727,1.19415,80.8,494.5,91.8,507.0,69.5,481.7,1013,0.678,11
1176,-114.477,-73.833,-31.889,0.9508,-0.0126,0.3095,-0.4062,0.538,0.7387,-0.1782,-0.8395,0.5134,25.5,0.1644,2.307,0.703,1.14757,82.5,494.5,93.7,507.2,71.1,481.7,1014,1.16,11
1177,-112.63,-73.832,-31.316,0.9591,0.0138,0.2827,-0.4153,0.5409,0.7314,-0.1453,-0.8331,0.5336,25.5,0.1841,2.242,0.689,1.14112,84.3,494.6,95.7,507.3,72.6,481.6,1014,0.775,11
1178,-110.766,-73.782,-30.799,0.9676,0.0365,0.2498,-0.4241,0.5436,0.7243,-0.1119,-0.8251,0.5538,25.5,0.2096,2.283,0.666,1.21042,86.1,494.5,97.7,507.3,74.2,481.5,1015,0.347,11
1179,-108.887,-73.69,-30.35,0.9744,0.0602,0.2165,-0.4327,0.5462,0.7173,-0.0772,-0.8151,0.5741,25.5,0.2334,2.374,0.653,1.22741,87.9,494.5,99.7,507.3,75.9,481.4,1016,0.03,11
1180,-106.997,-73.549,-29.962,0.9792,0.0852,0.184,-0.441,0.5485,0.7104,-0.0418,-0.8032,0.5942,25.5,0.2544,2.43,0.632,1.22294,89.8,494.3,101.7,507.3,77.5,481.2,1017,0.336,11
1181,-105.098,-73.362,-29.641,0.983,0.1083,0.148,-0.4489,0.5507,0.7037,-0.0055,-0.7892,0.6141,25.5,0.2775,2.504,0.607,1.27202,91.6,494.2,103.8,507.2,79.2,480.9,1018,0.58,11
1182,-103.194,-73.132,-29.392,0.9856,0.1293,0.1086,-0.4565,0.5528,0.6971,0.0316,-0.773,0.6337,25.5,0.3027,2.577,0.589,1.32489,93.5,494.0,105.8,507.0,80.9,480.7,1019,0.76,11
1183,-101.286,-72.863,-29.22,0.9864,0.1492,0.0694,-0.4638,0.5549,0.6906,0.0682,-0.7549,0.6523,25.5,0.3268,2.571,0.573,1.30242,95.3,493.7,107.8,506.8,82.6,480.3,1020,0.878,11
1184,-99.379,-72.554,-29.122,0.9848,0.1706,0.0326,-0.4707,0.5569,0.6843,0.1051,-0.7347,0.6702,25.5,0.3462,2.62,0.547,1.26188,97.2,493.4,109.8,506.6,84.3,480.0,1021,0.933,11
1185,-97.477,-72.202,-29.093,0.9811,0.1937,-0.0019,-0.4773,0.5589,0.6781,0.142,-0.7125,0.6872,25.5,0.3613,2.653,0.531,1.23476,99.1,493.1,111.8,506.3,86.1,479.6,1022,0.924,11
1186,-95.585,-71.804,-29.128,0.9756,0.2167,-0.0359,-0.4835,0.561,0.672,0.1787,-0.6882,0.7032,25.5,0.3743,2.684,0.513,1.22674,100.9,492.7,113.8,506.0,87.8,479.1,1023,0.851,11
1187,-93.703,-71.37,-29.239,0.9696,0.2324,-0.0771,-0.4893,0.5632,0.6659,0.2157,-0.6617,0.7181,25.501,0.3949,2.744,0.498,1.31808,102.8,492.2,115.8,505.6,89.5,478.6,1024,0.711,11
1188,-91.835,-70.9,-29.418,0.9611,0.2553,-0.1053,-0.4948,0.5655,0.6599,0.2489,-0.6353,0.731,25.501,0.4007,2.54,0.485,1.10503,104.6,491.8,117.8,505.2,91.3,478.1,1025,0.501,11
1189,-89.985,-70.378,-29.639,0.9508,0.2851,-0.1215,-0.4997,0.568,0.6539,0.2777,-0.61,0.7421,25.501,0.3926,2.287,0.466,1.05004,106.5,491.2,119.7,504.7,93.0,477.5,1026,0.22,11
1190,-88.158,-69.793,-29.881,0.9382,0.3206,-0.1303,-0.5041,0.5709,0.648,0.3043,-0.5848,0.7519,25.501,0.3744,2.173,0.453,1.14593,108.3,490.7,121.6,504.2,94.7,476.8,1027,0.123,11
1191,-86.359,-69.144,-30.172,0.9221,0.3495,-0.1662,-0.508,0.5741,0.6422,0.345,-0.5476,0.7624,25.502,0.3745,3.216,0.44,1.44596,110.1,490.0,123.4,503.7,96.4,476.1,1028,0.508,11
1192,-84.587,-68.443,-30.507,0.9103,0.3744,-0.1765,-0.5113,0.5775,0.6364,0.3649,-0.5246,0.7692,25.502,0.3615,1.786,0.429,0.87129,111.8,489.3,125.3,503.1,98.1,475.3,1030,0.601,11
1193,-82.834,-67.696,-30.84,0.903,0.3972,-0.1637,-0.5142,0.5811,0.6308,0.3671,-0.5156,0.7742,25.503,0.3368,0.603,0.416,0.80405,113.6,488.6,127.1,502.4,99.8,474.4,1031,0.192,11
1194,-81.091,-66.907,-31.125,0.8991,0.4191,-0.1264,-0.5166,0.5848,0.6254,0.3521,-0.5207,0.7778,25.503,0.2984,0.931,0.399,1.28649,115.3,487.8,128.8,501.7,101.5,473.6,1032,0.197,11
1195,-79.359,-66.07,-31.332,0.8885,0.4485,-0.0971,-0.5188,0.5885,0.6201,0.3469,-0.518,0.7818,25.503,0.2572,0.406,0.391,1.26898,117.0,486.9,130.6,501.0,103.2,472.6,1033,0.54,11
1196,-77.652,-65.176,-31.5,0.8771,0.4743,-0.0755,-0.5206,0.5921,0.6151,0.3451,-0.513,0.786,25.504,0.2222,0.388,0.368,1.05235,118.7,486.1,132.3,500.2,104.9,471.6,1034,0.827,11
1197,-75.962,-64.242,-31.616,0.8708,0.4898,-0.0424,-0.5223,0.5957,0.6103,0.3301,-0.5186,0.7887,25.504,0.1889,0.93,0.357,1.0986,120.3,485.1,134.0,499.4,106.5,470.6,1036,0.742,11
1198,-74.28,-63.288,-31.657,0.8692,0.4944,0.0032,-0.5237,0.5991,0.6056,0.3012,-0.5347,0.7895,25.504,0.1571,1.896,0.342,1.35842,122.0,484.2,135.6,498.6,108.1,469.6,1037,0.667,11
1199,-72.599,-62.332,-31.599,0.8661,0.497,0.0533,-0.5251,0.6024,0.6011,0.2687,-0.5528,0.7888,25.504,0.1234,2.132,0.33,1.48902,123.7,483.3,137.3,497.7,109.8,468.5,1038,0.672,11
1200,-70.932,-61.362,-31.454,0.8576,0.5051,0.0974,-0.5264,0.6056,0.5968,0.2434,-0.5652,0.7882,25.504,0.0874,1.615,0.316,1.35186,125.3,482.3,138.9,496.9,111.4,467.5,1039,0.761,11
1201,-69.28,-60.382,-31.222,0.8499,0.5073,0.1427,-0.5276,0.6086,0.5926,0.2141,-0.5798,0.7861,25.504,0.0551,1.88,0.304,1.36269,126.9,481.4,140.6,496.0,113.0,466.5,1040,0.942,11
1202,-67.643,-59.403,-30.902,0.8432,0.5037,0.1878,-0.5288,0.6115,0.5886,0.1816,-0.5958,0.7823,25.503,0.0273,2.087,0.291,1.35483,128.5,480.4,142.2,495.1,114.6,465.4,1040,0.993,11
1203,-66.018,-58.435,-30.496,0.836,0.4976,0.2313,-0.5299,0.6143,0.5846,0.1488,-0.6113,0.7773,25.502,0.0021,2.098,0.287,1.31855,130.1,479.5,143.8,494.3,116.2,464.4,1041,0.711,11
1204,-64.41,-57.477,-30.008,0.8258,0.4934,0.273,-0.531,0.617,0.5808,0.1181,-0.6248,0.7718,25.502,0.0245,1.947,0.274,1.27774,131.6,478.5,145.4,493.4,117.7,463.4,1042,0.321,11
1205,-62.824,-56.526,-29.44,0.8137,0.4895,0.3135,-0.5321,0.6196,0.577,0.0883,-0.6372,0.7656,25.501,0.0512,1.883,0.271,1.25747,133.2,477.6,146.9,492.6,119.2,462.4,1043,0.191,11
1206,-61.263,-55.583,-28.796,0.7998,0.4858,0.3525,-0.5331,0.6221,0.5734,0.0595,-0.6485,0.7588,25.5,0.078,1.815,0.258,1.23127,134.7,476.7,148.5,491.8,120.7,461.4,1044,0.835,11
1207,-59.73,-54.647,-28.077,0.7851,0.4811,0.39,-0.534,0.6245,0.5699,0.0308,-0.6593,0.7513,25.499,0.1035,1.809,0.249,1.20119,136.2,475.8,150.0,490.9,122.2,460.4,1044,1.1,11
1208,-58.225,-53.722,-27.288,0.7704,0.475,0.4254,-0.5348,0.6269,0.5666,0.0025,-0.6693,0.7429,25.497,0.1268,1.786,0.238,1.14971,137.6,474.9,151.4,490.1,123.6,459.5,1045,0.305,11
1209,-56.751,-52.808,-26.433,0.7543,0.4698,0.4586,-0.5355,0.6292,0.5633,-0.0242,-0.6782,0.7345,25.495,0.15,1.683,0.234,1.10377,139.1,474.0,152.9,489.3,125.1,458.5,1046,0.656,11
1210,-55.308,-51.904,-25.516,0.7372,0.4658,0.4894,-0.5362,0.6315,0.5602,-0.0489,-0.6857,0.7262,25.493,0.173,1.554,0.225,1.05022,140.5,473.2,154.3,488.5,126.5,457.6,1046,1.279,11
1211,-53.898,-51.006,-24.541,0.7196,0.4627,0.5177,-0.5367,0.6337,0.5571,-0.0717,-0.6921,0.7182,25.491,0.1954,1.432,0.22,0.99141,141.8,472.3,155.6,487.7,127.8,456.7,1047,0.135,11
1212,-52.523,-50.115,-23.512,0.7023,0.457,0.5458,-0.5371,0.6359,0.5542,-0.096,-0.6989,0.7088,25.489,0.2159,1.543,0.21,0.99185,143.2,471.5,157.0,487.0,129.1,455.7,1048,1.213,11
1213,-51.181,-49.237,-22.43,0.6848,0.4513,0.5722,-0.5374,0.6381,0.5514,-0.1196,-0.7049,0.6991,25.486,0.2355,1.502,0.205,0.95325,144.4,470.6,158.3,486.2,130.4,454.8,1048,0.722,11
1214,-49.873,-48.368,-21.301,0.6682,0.4472,0.5946,-0.5376,0.6402,0.5487,-0.1398,-0.7095,0.6907,25.483,0.2533,1.281,0.196,0.83481,145.7,469.8,159.5,485.4,131.7,453.9,1049,0.851,11
1215,-48.595,-47.506,-20.133,0.6536,0.4449,0.6123,-0.5377,0.6423,0.5461,-0.1561,-0.7124,0.6842,25.48,0.2687,1.019,0.192,0.68306,146.9,469.0,160.8,484.7,132.9,453.0,1049,1.085,11
1216,-47.343,-46.646,-18.935,0.6414,0.4441,0.6256,-0.5378,0.6444,0.5436,-0.1685,-0.7139,0.6796,25.477,0.2813,0.763,0.187,0.53511,148.1,468.2,162.0,483.9,134.1,452.1,1050,0.732,11
1217,-46.113,-45.788,-17.716,0.63,0.4434,0.6376,-0.5377,0.6465,0.5412,-0.1802,-0.7152,0.6753,25.473,0.293,0.718,0.183,0.49109,149.3,467.3,163.1,483.2,135.3,451.3,1050,1.202,11
1218,-44.913,-44.936,-16.459,0.6115,0.437,0.6596,-0.5376,0.6486,0.5388,-0.2023,-0.7196,0.6643,25.47,0.3101,1.437,0.183,0.87151,150.5,466.5,164.3,482.4,136.5,450.4,1051,0.866,11
1219,-43.743,-44.095,-15.169,0.5991,0.4333,0.6733,-0.5374,0.6507,0.5365,-0.2171,-0.7215,0.6575,25.466,0.3212,0.94,0.179,0.55831,151.6,465.7,165.4,481.7,137.6,449.5,1051,1.068,11
1220,-42.592,-43.258,-13.857,0.5908,0.4315,0.6817,-0.5371,0.6528,0.5343,-0.2271,-0.7219,0.6537,25.462,0.3286,0.613,0.175,0.35365,152.7,464.9,166.5,481.0,138.7,448.6,1052,1.207,11
1221,-41.454,-42.424,-12.533,0.5855,0.4313,0.6864,-0.5367,0.6549,0.5321,-0.2334,-0.7212,0.6522,25.458,0.3335,0.373,0.176,0.2099,153.8,464.1,167.6,480.3,139.9,447.8,1052,0.728,11
1222,-40.324,-41.588,-11.203,0.5828,0.4324,0.688,-0.5362,0.657,0.53,-0.2367,-0.7197,0.6527,25.454,0.3362,0.21,0.173,0.09847,154.9,463.3,168.7,479.5,141.0,446.9,1053,1.693,11
1223,-39.198,-40.75,-9.872,0.5824,0.4348,0.6868,-0.5356,0.6592,0.5279,-0.2371,-0.7173,0.6552,25.45,0.3372,0.2,0.178,0.08034,156.0,462.5,169.8,478.8,142.1,446.0,1053,0.248,11
1224,-38.069,-39.905,-8.547,0.5843,0.4388,0.6827,-0.5349,0.6614,0.5258,-0.2345,-0.7141,0.6597,25.446,0.3366,0.35,0.179,0.1787,157.1,461.7,170.8,478.1,143.2,445.1,1053,2.178,11
1225,-36.935,-39.051,-7.233,0.5887,0.4446,0.6751,-0.5341,0.6637,0.5238,-0.2283,-0.7097,0.6665,25.442,0.3343,0.584,0.181,0.31176,158.2,460.9,171.9,477.3,144.3,444.2,1054,0.327,11
1226,-35.789,-38.182,-5.937,0.5963,0.4527,0.663,-0.5331,0.666,0.5217,-0.2175,-0.7039,0.6762,25.437,0.3295,0.896,0.187,0.48611,159.3,460.1,173.0,476.5,145.4,443.3,1054,1.612,11
1227,-34.629,-37.299,-4.668,0.6003,0.4595,0.6546,-0.5321,0.6684,0.5197,-0.2103,-0.699,0.6835,25.433,0.3279,0.651,0.188,0.34163,160.5,459.2,174.1,475.8,146.6,442.4,1055,0.909,11
1228,-33.47,-36.407,-3.401,0.5981,0.4626,0.6545,-0.531,0.6709,0.5177,-0.2115,-0.6965,0.6856,25.429,0.3316,0.199,0.194,0.11261,161.6,458.3,175.2,475.0,147.8,441.5,1055,1.028,11
1229,-32.313,-35.508,-2.138,0.5982,0.4667,0.6514,-0.5297,0.6734,0.5157,-0.21,-0.6932,0.6895,25.425,0.3333,0.305,0.198,0.15223,162.7,457.5,176.3,474.2,148.9,440.5,1056,1.447,11
1230,-31.154,-34.601,-0.883,0.6007,0.472,0.6452,-0.5282,0.6761,0.5137,-0.2055,-0.6888,0.6952,25.421,0.3333,0.487,0.211,0.25265,163.9,456.6,177.4,473.4,150.1,439.5,1056,0.497,11
1231,-29.987,-33.681,0.357,0.606,0.4789,0.6352,-0.5266,0.679,0.5116,-0.1974,-0.683,0.7032,25.417,0.331,0.732,0.225,0.39253,165.0,455.7,178.5,472.6,151.3,438.5,1057,1.876,11
1232,-28.807,-32.746,1.572,0.6145,0.4875,0.6203,-0.5247,0.6819,0.5095,-0.1847,-0.6755,0.7139,25.414,0.326,1.044,0.232,0.56829,166.2,454.8,179.6,471.8,152.5,437.5,1057,0.074,11
1233,-27.608,-31.793,2.752,0.6271,0.4987,0.5983,-0.5226,0.6851,0.5074,-0.1654,-0.6654,0.728,25.41,0.3175,1.487,0.25,0.82131,167.4,453.8,180.8,470.9,153.8,436.5,1057,1.994,11
1234,-26.377,-30.814,3.88,0.6455,0.5134,0.5655,-0.5203,0.6884,0.5053,-0.1363,-0.651,0.7467,25.407,0.3033,2.147,0.26,1.19522,168.6,452.9,181.9,470.1,155.0,435.4,1058,0.218,11
1235,-25.113,-29.806,4.941,0.661,0.5291,0.532,-0.5177,0.692,0.5031,-0.1066,-0.6356,0.7646,25.404,0.2916,2.174,0.284,1.18869,169.8,451.9,183.1,469.2,156.4,434.3,1058,1.715,11
1236,-23.819,-28.768,5.935,0.6768,0.545,0.4949,-0.5148,0.6958,0.5008,-0.0743,-0.6182,0.7825,25.402,0.2786,2.339,0.304,1.28439,171.1,450.9,184.3,468.3,157.7,433.2,1059,0.308,11
1237,-22.495,-27.699,6.854,0.6925,0.5596,0.4553,-0.5117,0.6998,0.4985,-0.0411,-0.5995,0.7993,25.399,0.2642,2.386,0.318,1.33383,172.4,449.8,185.5,467.3,159.1,432.0,1059,1.626,11
1238,-21.141,-26.605,7.698,0.7065,0.5709,0.4182,-0.5081,0.704,0.4961,-0.0116,-0.5815,0.8134,25.397,0.2504,2.139,0.345,1.22154,173.8,448.7,186.8,466.4,160.6,430.8,1060,0.21,11
1239,-19.762,-25.49,8.472,0.7197,0.5822,0.3783,-0.5043,0.7086,0.4935,0.0198,-0.5619,0.827,25.396,0.2363,2.26,0.373,1.28906,175.1,447.6,188.1,465.4,162.0,429.6,1060,1.726,11
1240,-18.357,-24.352,9.159,0.733,0.594,0.3315,-0.5001,0.7134,0.4909,0.0565,-0.5388,0.8405,25.394,0.2199,2.602,0.395,1.48295,176.5,446.5,189.4,464.4,163.6,428.3,1061,0.06,11
1241,-16.927,-23.193,9.753,0.7454,0.6038,0.2825,-0.4955,0.7185,0.4881,0.0936,-0.5144,0.8524,25.393,0.2024,2.634,0.425,1.52524,178.0,445.3,190.7,463.4,165.1,427.0,1062,1.47,11
1242,-15.473,-22.018,10.25,0.7567,0.6114,0.2313,-0.4906,0.7239,0.4851,0.1314,-0.4888,0.8624,25.393,0.1836,2.678,0.452,1.56953,179.4,444.1,192.0,462.4,166.7,425.7,1062,0.466,11
1243,-14.0,-20.827,10.643,0.7659,0.619,0.174,-0.4852,0.7296,0.4819,0.1736,-0.4597,0.8709,25.393,0.1639,2.978,0.486,1.73405,180.9,443.0,193.3,461.3,168.3,424.3,1063,0.941,11
1244,-12.511,-19.625,10.923,0.7735,0.6233,0.115,-0.4794,0.7357,0.4785,0.2158,-0.4296,0.8768,25.394,0.1428,2.99,0.52,1.76693,182.4,441.7,194.7,460.3,170.0,423.0,1063,0.993,11
1245,-11.009,-18.418,11.086,0.7794,0.6243,0.0539,-0.4732,0.742,0.4748,0.2583,-0.3984,0.8801,25.395,0.12,3.027,0.549,1.81872,183.9,440.5,196.0,459.2,171.7,421.6,1064,0.317,11
1246,-9.498,-17.21,11.124,0.7816,0.6237,-0.014,-0.4666,0.7487,0.4709,0.3056,-0.3631,0.8802,25.397,0.0957,3.382,0.583,2.01288,185.4,439.3,197.4,458.2,173.4,420.2,1065,1.555,11
1247,-7.987,-16.007,11.035,0.7811,0.6195,-0.0779,-0.4596,0.7557,0.4666,0.3489,-0.3295,0.8773,25.399,0.0728,3.145,0.618,1.89726,187.0,438.1,198.7,457.2,175.1,418.8,1065,0.381,11
1248,-6.477,-14.815,10.826,0.7787,0.6121,-0.1376,-0.4521,0.763,0.462,0.3883,-0.298,0.872,25.402,0.0514,2.907,0.655,1.78367,188.5,436.9,200.0,456.2,176.8,417.4,1066,0.809,11
1249,-4.976,-13.64,10.498,0.7724,0.6022,-0.2016,-0.4443,0.7704,0.4572,0.4308,-0.2637,0.8631,25.405,0.0286,3.171,0.675,1.92793,190.0,435.7,201.3,455.2,178.5,416.0,1066,1.128,11
1250,-3.491,-12.486,10.049,0.7634,0.5908,-0.2611,-0.4361,0.7781,0.452,0.4702,-0.2312,0.8517,25.409,0.0088,2.999,0.71,1.81466,191.5,434.6,202.6,454.2,180.3,414.6,1067,0.05,12
1251,-2.023,-11.355,9.493,0.7532,0.5778,-0.3145,-0.4276,0.786,0.4465,0.5051,-0.2018,0.8391,25.413,0.0083,2.713,0.736,1.65586,193.0,433.4,203.8,453.3,182.0,413.3,1068,1.193,12
1252,-0.578,-10.251,8.834,0.741,0.5639,-0.3648,-0.4188,0.794,0.4407,0.5382,-0.1738,0.8247,25.418,0.0234,2.618,0.758,1.58764,194.4,432.3,205.1,452.4,183.7,412.0,1068,0.743,12
1253,0.843,-9.171,8.089,0.728,0.5537,-0.4042,-0.4097,0.8021,0.4345,0.5651,-0.1508,0.8111,25.423,0.0298,2.173,0.783,1.26554,195.8,431.2,206.2,451.5,185.3,410.7,1069,0.419,12
1254,2.24,-8.107,7.277,0.7156,0.545,-0.4368,-0.4003,0.8102,0.4281,0.5876,-0.1315,0.7984,25.428,0.0319,1.848,0.8,1.06479,197.2,430.1,207.4,450.7,187.0,409.4,1069,1.517,12
1255,3.611,-7.068,6.393,0.7027,0.531,-0.4735,-0.3907,0.8185,0.4213,0.6117,-0.1112,0.7832,25.434,0.0394,2.005,0.825,1.22485,198.6,429.1,208.5,449.8,188.6,408.1,1070,0.357,12
1256,4.961,-6.047,5.456,0.6932,0.5255,-0.4933,-0.3807,0.8267,0.4142,0.6258,-0.0994,0.7736,25.44,0.0338,1.188,0.845,0.67047,200.0,428.1,209.6,449.0,190.2,406.9,1071,0.787,12
1257,6.295,-5.03,4.492,0.6865,0.5271,-0.5009,-0.3705,0.835,0.4068,0.6328,-0.0937,0.7686,25.445,0.018,0.591,0.865,0.30378,201.3,427.0,210.7,448.2,191.8,405.6,1071,1.15,12
1258,7.618,-4.003,3.524,0.6821,0.535,-0.4985,-0.3599,0.8434,0.399,0.6339,-0.0928,0.7678,25.451,0.0068,0.093,0.895,0.2771,202.6,426.0,211.7,447.4,193.4,404.4,1072,0.047,12
1259,8.931,-2.964,2.556,0.6737,0.536,-0.5088,-0.3489,0.8518,0.3908,0.643,-0.0857,0.761,25.457,0.0227,0.768,0.922,0.39479,203.9,425.0,212.7,446.5,195.0,403.1,1073,0.999,12
1260,10.227,-1.928,1.56,0.6663,0.5355,-0.519,-0.3376,0.8602,0.3821,0.6515,-0.0795,0.7545,25.463,0.0374,0.709,0.948,0.37351,205.2,423.9,213.7,445.7,196.6,401.9,1073,0.937,12
1261,11.512,-0.889,0.554,0.6627,0.5396,-0.5193,-0.3258,0.8687,0.373,0.6536,-0.0781,0.7528,25.469,0.0591,0.174,0.983,0.16181,206.5,422.9,214.7,444.9,198.2,400.6,1074,0.049,12
1262,12.793,0.162,-0.444,0.6623,0.5486,-0.5103,-0.3136,0.8773,0.3633,0.6496,-0.0809,0.756,25.474,0.0882,0.334,1.02,0.37714,207.8,421.8,215.7,444.1,199.8,399.4,1075,0.842,12
1263,14.077,1.238,-1.413,0.6651,0.564,-0.4894,-0.3008,0.886,0.353,0.6378,-0.0883,0.7651,25.479,0.1269,0.953,1.065,0.77319,209.1,420.8,216.6,443.2,201.4,398.1,1075,1.094,12
1264,15.368,2.351,-2.326,0.6691,0.587,-0.4557,-0.2874,0.8947,0.342,0.6182,-0.0994,0.7797,25.484,0.177,1.538,1.111,1.2146,210.3,419.7,217.6,442.3,203.1,396.8,1076,0.4,12
1265,16.66,3.506,-3.186,0.6673,0.6066,-0.4322,-0.2734,0.9034,0.3303,0.606,-0.1049,0.7885,25.488,0.2228,0.918,1.158,0.90799,211.6,418.5,218.5,441.4,204.7,395.4,1077,0.17,12
1266,17.952,4.697,-3.994,0.6692,0.6246,-0.4024,-0.259,0.9121,0.318,0.5872,-0.1127,0.8016,25.492,0.2684,1.387,1.194,1.03287,212.9,417.3,219.4,440.4,206.4,394.0,1078,0.626,12
1267,19.252,5.92,-4.74,0.6756,0.6387,-0.3683,-0.2441,0.9206,0.305,0.5617,-0.1222,0.8183,25.495,0.3107,1.829,1.233,1.10941,214.2,416.1,220.3,439.4,208.1,392.6,1079,0.983,12
1268,20.565,7.168,-5.419,0.6795,0.6537,-0.3332,-0.2288,0.9288,0.2915,0.5347,-0.1303,0.8349,25.498,0.3546,1.874,1.26,1.1365,215.5,414.9,221.2,438.4,209.7,391.1,1079,0.951,12
1269,21.882,8.447,-6.027,0.6829,0.6684,-0.2948,-0.2134,0.9368,0.2774,0.5033,-0.138,0.853,25.5,0.3986,2.123,1.281,1.22211,216.8,413.6,222.1,437.3,211.5,389.6,1080,0.682,12
1270,23.211,9.75,-6.557,0.6913,0.6769,-0.2528,-0.1978,0.9443,0.263,0.4631,-0.1465,0.8741,25.502,0.436,2.647,1.29,1.29352,218.1,412.3,223.0,436.2,213.2,388.2,1081,0.487,12
1271,24.559,11.063,-7.004,0.7009,0.6819,-0.2089,-0.1824,0.9513,0.2484,0.4168,-0.154,0.8959,25.503,0.469,2.964,1.28,1.33938,219.5,411.0,224.0,435.1,214.9,386.7,1082,0.354,12
1272,25.92,12.389,-7.364,0.707,0.688,-0.1634,-0.1671,0.9579,0.2335,0.367,-0.1594,0.9165,25.504,0.5027,3.104,1.281,1.3719,220.8,409.7,225.0,434.0,216.6,385.2,1083,0.27,12
1273,27.296,13.722,-7.635,0.715,0.6893,-0.1169,-0.1523,0.9639,0.2186,0.3106,-0.1633,0.9364,25.505,0.53,3.434,1.251,1.39828,222.2,408.3,226.0,432.8,218.4,383.7,1084,0.224,12
1274,28.687,15.053,-7.817,0.723,0.6871,-0.0715,-0.138,0.9693,0.2037,0.2509,-0.1648,0.9539,25.506,0.5517,3.566,1.223,1.36716,223.6,407.0,227.0,431.6,220.1,382.3,1085,0.212,12
1275,30.091,16.381,-7.912,0.7281,0.685,-0.0264,-0.1245,0.9741,0.1888,0.189,-0.1636,0.9683,25.506,0.5716,3.642,1.184,1.34595,225.0,405.7,228.0,430.4,221.9,380.8,1086,0.233,12
1276,31.503,17.702,-7.918,0.7317,0.6813,0.0202,-0.1119,0.9784,0.174,0.1221,-0.1602,0.9795,25.506,0.5882,3.892,1.141,1.38886,226.4,404.4,229.1,429.2,223.6,379.4,1087,0.287,12
1277,32.921,19.016,-7.833,0.7338,0.676,0.0676,-0.1004,0.9821,0.1591,0.0515,-0.1546,0.9866,25.506,0.601,4.079,1.099,1.41427,227.8,403.1,230.2,428.0,225.3,378.0,1088,0.372,12
1278,34.341,20.317,-7.658,0.7342,0.6696,0.1125,-0.0903,0.9854,0.1442,-0.018,-0.1464,0.9891,25.506,0.6097,4.013,1.049,1.34351,229.2,401.8,231.4,426.8,227.0,376.6,1089,0.491,12
1279,35.761,21.606,-7.398,0.7331,0.6619,0.1563,-0.0818,0.9882,0.1291,-0.0875,-0.1362,0.9868,25.506,0.6143,4.028,1.006,1.31768,230.6,400.5,232.6,425.6,228.6,375.3,1090,0.643,12
1280,37.177,22.877,-7.054,0.7307,0.6528,0.1998,-0.075,0.9907,0.1138,-0.1568,-0.1244,0.9798,25.505,0.6147,4.048,0.97,1.31846,232.0,399.2,233.9,424.4,230.2,374.0,1091,0.829,12
1281,38.586,24.131,-6.625,0.7263,0.643,0.243,-0.0702,0.9927,0.098,-0.2252,-0.1114,0.9679,25.505,0.6111,4.048,0.953,1.31861,233.4,398.0,235.2,423.2,231.7,372.7,1093,0.626,12
1282,39.987,25.364,-6.116,0.7218,0.632,0.282,-0.0673,0.9944,0.0816,-0.2868,-0.0976,0.953,25.504,0.6029,3.717,0.959,1.20769,234.9,396.7,236.5,422.0,233.2,371.4,1094,0.331,12
1283,41.379,26.576,-5.536,0.7176,0.62,0.3173,-0.0664,0.9957,0.0644,-0.3419,-0.0834,0.936,25.503,0.5901,3.403,0.99,1.11137,236.3,395.5,237.9,420.8,234.6,370.1,1095,0.008,12
1284,42.762,27.762,-4.887,0.7114,0.6067,0.3547,-0.0674,0.9966,0.0463,-0.3971,-0.0694,0.9151,25.503,0.5731,3.476,1.04,1.19006,237.6,394.3,239.3,419.7,236.0,368.9,1096,0.377,12
1285,44.132,28.924,-4.168,0.7051,0.5939,0.3875,-0.0705,0.9971,0.0271,-0.4445,-0.0557,0.8941,25.502,0.553,3.073,1.115,1.05945,239.0,393.1,240.8,418.5,237.3,367.8,1098,0.678,12
1286,45.491,30.06,-3.391,0.7001,0.5815,0.4144,-0.0757,0.9971,0.0065,-0.4826,-0.0424,0.8748,25.502,0.5295,2.563,1.217,0.88972,240.4,392.0,242.3,417.4,238.5,366.6,1099,0.168,12
1287,46.841,31.174,-2.567,0.6963,0.5688,0.4377,-0.0833,0.9964,-0.0155,-0.5145,-0.0297,0.857,25.501,0.502,2.216,1.334,0.79402,241.8,390.9,243.9,416.2,239.6,365.5,1100,0.394,12
1288,48.183,32.256,-1.69,0.6909,0.5512,0.4677,-0.0934,0.9949,-0.0394,-0.5502,-0.0186,0.8348,25.501,0.4654,2.491,1.489,1.04262,243.1,389.8,245.5,415.1,240.7,364.5,1102,0.254,13
1289,49.513,33.31,-0.761,0.6836,0.5387,0.4923,-0.1063,0.9922,-0.0656,-0.5801,-0.0083,0.8145,25.5,0.4295,2.153,1.68,0.84544,244.5,388.7,247.3,414.0,241.7,363.5,1103,0.469,13
1290,50.827,34.344,0.212,0.6744,0.5314,0.5127,-0.1223,0.988,-0.0948,-0.6059,0.0014,0.7956,25.5,0.3939,1.915,1.923,0.69718,245.8,387.7,249.0,412.8,242.7,362.5,1105,0.141,13
1291,52.123,35.36,1.227,0.6655,0.5157,0.5396,-0.1416,0.9817,-0.1276,-0.634,0.0091,0.7733,25.5,0.3432,2.102,2.21,0.95949,247.2,386.6,250.9,411.6,243.5,361.7,1107,0.026,13
1292,53.399,36.346,2.295,0.6533,0.5071,0.5621,-0.1638,0.9728,-0.1637,-0.659,0.0156,0.752,25.5,0.2943,1.918,2.481,0.79979,248.5,385.6,252.8,410.4,244.2,360.9,1109,0.127,13
1293,54.648,37.334,3.394,0.6367,0.5175,0.5717,-0.1879,0.9611,-0.2024,-0.6779,0.0222,0.7349,25.5,0.262,1.508,2.697,0.64612,249.8,384.6,254.7,409.1,244.8,360.2,1112,0.369,13
1294,55.858,38.345,4.515,0.6141,0.5231,0.591,-0.2129,0.9464,-0.2428,-0.7037,0.0239,0.7101,25.5,0.2208,2.053,2.85,0.89576,251.0,383.6,256.7,407.7,245.4,359.6,1114,0.072,13
1295,57.03,39.365,5.667,0.6,0.5341,0.5956,-0.2378,0.9289,-0.2837,-0.7171,0.029,0.6963,25.5,0.1845,1.14,2.921,0.54691,252.2,382.5,258.5,406.2,245.9,359.0,1117,0.202,13
1296,58.188,40.42,6.802,0.5988,0.559,0.5736,-0.262,0.9091,-0.3238,-0.7123,0.0442,0.7005,25.5,0.1656,0.944,2.914,0.98485,253.4,381.4,260.4,404.6,246.5,358.4,1119,0.214,13
1297,59.332,41.524,7.904,0.5852,0.5812,0.5655,-0.2848,0.8877,-0.3617,-0.7198,0.0512,0.6923,25.5,0.1447,0.752,2.816,0.80752,254.6,380.3,262.2,402.9,247.0,357.9,1122,0.259,13
1298,60.463,42.664,8.982,0.5873,0.5962,0.5474,-0.3059,0.8653,-0.397,-0.7154,0.0662,0.6955,25.5,0.1189,0.914,2.683,0.69906,255.8,379.1,264.0,401.2,247.6,357.3,1124,0.048,13
1299,61.614,43.826,10.015,0.6037,0.6046,0.5196,-0.3255,0.8426,-0.4291,-0.7001,0.0903,0.7084,25.5,0.09,1.795,2.517,0.98788,257.0,377.9,265.7,399.4,248.3,356.7,1126,0.046,13
1300,62.784,45.009,11.002,0.6073,0.6171,0.5003,-0.3434,0.8202,-0.4576,-0.6944,0.1063,0.7117,25.5,0.0687,0.991,2.316,0.68936,258.2,376.7,267.5,397.6,249.0,356.1,1128,0.009,13
1301,63.969,46.21,11.948,0.6194,0.6238,0.4766,-0.3596,0.7986,-0.4826,-0.6824,0.1276,0.7198,25.5,0.0454,1.476,2.108,0.81285,259.4,375.5,269.1,395.8,249.8,355.4,1130,0.205,13
1302,65.185,47.419,12.844,0.6381,0.625,0.4497,-0.374,0.7784,-0.5042,-0.6653,0.1536,0.7306,25.5,0.0211,1.887,1.885,0.97101,260.7,374.2,270.8,394.0,250.6,354.7,1132,0.589,13
1303,66.436,48.625,13.695,0.654,0.6223,0.4302,-0.3865,0.7599,-0.5227,-0.6522,0.1756,0.7375,25.5,0.0048,1.519,1.661,0.74951,261.9,373.0,272.5,392.3,251.6,354.0,1133,0.112,13
1304,67.713,49.83,14.506,0.6659,0.6247,0.4079,-0.3972,0.7432,-0.5384,-0.6396,0.1965,0.7431,25.5,0.0198,1.435,1.449,0.75205,263.3,371.8,274.1,390.6,252.6,353.2,1135,0.591,13
1305,69.01,51.045,15.27,0.6748,0.6317,0.3815,-0.4064,0.7282,-0.5519,-0.6266,0.2174,0.7484,25.5,0.0248,1.443,1.271,0.85082,264.6,370.5,275.7,389.0,253.7,352.3,1136,0.072,13
1306,70.322,52.277,15.98,0.6808,0.6423,0.3519,-0.4143,0.7147,-0.5635,-0.6136,0.2379,0.7529,25.5,0.0213,1.415,1.116,0.94814,266.0,369.3,277.3,387.4,254.8,351.4,1137,0.375,13
1307,71.646,53.524,16.638,0.6886,0.6462,0.329,-0.421,0.7025,-0.5737,-0.6021,0.2567,0.7561,25.5,0.0247,1.276,0.989,0.72577,267.3,368.0,278.8,385.8,256.0,350.5,1138,0.744,13
1308,72.984,54.778,17.253,0.6943,0.6512,0.3064,-0.4268,0.6916,-0.5828,-0.5916,0.2739,0.7583,25.5,0.0245,1.161,0.879,0.70608,268.7,366.7,280.4,384.2,257.2,349.5,1140,0.717,13
1309,74.331,56.044,17.824,0.6977,0.6573,0.2849,-0.4316,0.6817,-0.5907,-0.5827,0.2893,0.7595,25.5,0.0213,1.021,0.776,0.6696,270.1,365.4,281.9,382.6,258.4,348.5,1141,0.625,14
1310,75.682,57.322,18.356,0.699,0.6641,0.2653,-0.4356,0.6729,-0.5979,-0.5757,0.3024,0.7597,25.5,0.0162,0.851,0.691,0.61574,271.5,364.1,283.4,381.1,259.7,347.4,1142,0.638,14
1311,77.035,58.614,18.852,0.6986,0.6711,0.2481,-0.4389,0.665,-0.6043,-0.5705,0.3133,0.7592,25.5,0.0103,0.693,0.612,0.55005,272.9,362.8,284.9,379.5,261.0,346.3,1143,0.757,14
1312,78.387,59.916,19.315,0.7002,0.6755,0.2313,-0.4415,0.6579,-0.6101,-0.5643,0.3251,0.7589,25.5,0.0058,0.764,0.546,0.51668,274.2,361.4,286.4,378.0,262.3,345.1,1144,0.986,14
1313,79.743,61.226,19.749,0.7011,0.6791,0.2174,-0.4434,0.6516,-0.6155,-0.5597,0.3351,0.758,25.5,0.0022,0.633,0.488,0.42612,275.6,360.1,287.9,376.5,263.6,344.0,1144,0.949,14
1314,81.1,62.543,20.158,0.7015,0.6824,0.2056,-0.4449,0.6459,-0.6204,-0.5561,0.3437,0.7567,25.5,0.0011,0.539,0.439,0.36307,277.0,358.7,289.3,375.0,264.9,342.8,1145,0.61,14
1315,82.457,63.866,20.545,0.7015,0.6854,0.1952,-0.4458,0.6409,-0.6249,-0.5534,0.3514,0.7552,25.5,0.0046,0.475,0.389,0.32055,278.4,357.4,290.8,373.5,266.3,341.6,1146,0.16,14
1316,83.814,65.195,20.914,0.7012,0.6882,0.186,-0.4463,0.6364,-0.6291,-0.5514,0.3582,0.7535,25.5,0.008,0.418,0.354,0.28494,279.8,356.0,292.2,372.0,267.6,340.4,1147,0.403,14
1317,85.17,66.529,21.266,0.7007,0.691,0.1775,-0.4464,0.6325,-0.633,-0.5498,0.3643,0.7517,25.5,0.0119,0.376,0.316,0.26546,281.2,354.7,293.6,370.5,269.0,339.1,1148,1.081,14
1318,86.525,67.869,21.601,0.6999,0.6938,0.1697,-0.4461,0.6289,-0.6367,-0.5486,0.37,0.7498,25.5,0.0161,0.351,0.296,0.24657,282.6,353.3,295.0,369.1,270.4,337.8,1148,0.854,14
1319,87.877,69.214,21.922,0.6989,0.6966,0.1623,-0.4456,0.6258,-0.6402,-0.5477,0.3752,0.7479,25.5,0.0206,0.321,0.269,0.23625,284.0,351.9,296.4,367.6,271.8,336.6,1149,0.06,14
1320,89.228,70.563,22.229,0.6983,0.699,0.1544,-0.4448,0.6229,-0.6436,-0.5462,0.3808,0.7461,25.5,0.0254,0.348,0.26,0.24523,285.3,350.6,297.8,366.1,273.1,335.3,1150,0.851,14
1321,90.58,71.918,22.52,0.6977,0.7011,0.1472,-0.4437,0.6203,-0.6468,-0.545,0.3862,0.7442,25.5,0.0301,0.335,0.244,0.22272,286.7,349.2,299.2,364.7,274.5,334.0,1150,1.085,14
1322,91.928,73.276,22.798,0.6971,0.7031,0.1404,-0.4424,0.6179,-0.65,-0.544,0.3913,0.7423,25.5,0.0348,0.317,0.241,0.21074,288.1,347.8,300.5,363.2,275.9,332.7,1151,0.066,14
1323,93.276,74.638,23.064,0.6965,0.7049,0.1338,-0.4409,0.6158,-0.653,-0.5431,0.3962,0.7403,25.5,0.0396,0.308,0.227,0.20337,289.5,346.4,301.9,361.7,277.3,331.3,1152,1.053,14
1324,94.624,76.004,23.316,0.696,0.7067,0.1273,-0.4391,0.6139,-0.656,-0.5423,0.401,0.7383,25.5,0.0447,0.301,0.228,0.20027,290.9,345.0,303.2,360.3,278.7,330.0,1152,0.882,14
1325,95.97,77.373,23.556,0.6953,0.7085,0.1208,-0.437,0.6123,-0.6588,-0.5414,0.4059,0.7363,25.5,0.0504,0.308,0.22,0.20081,292.2,343.6,304.6,358.8,280.1,328.7,1153,0.326,14
1326,97.314,78.745,23.783,0.6947,0.7102,0.1141,-0.4348,0.6109,-0.6616,-0.5404,0.4107,0.7343,25.5,0.0563,0.303,0.219,0.20547,293.6,342.2,305.9,357.4,281.6,327.3,1153,1.609,14
1327,98.657,80.121,23.997,0.694,0.712,0.107,-0.4322,0.6097,-0.6644,-0.5394,0.4156,0.7323,25.5,0.0631,0.309,0.229,0.21793,295.0,340.8,307.2,355.9,283.0,326.0,1154,0.321,14
1328,99.999,81.5,24.197,0.6932,0.7138,0.0995,-0.4295,0.6087,-0.6671,-0.5381,0.4207,0.7304,25.5,0.0704,0.321,0.226,0.22963,296.4,339.4,308.6,354.5,284.4,324.6,1155,1.036,14
1329,101.34,82.883,24.382,0.6923,0.7158,0.0913,-0.4265,0.6079,-0.6698,-0.5366,0.426,0.7284,25.5,0.0787,0.336,0.236,0.25134,297.7,338.0,309.9,353.0,285.8,323.2,1155,0.899,14
1330,102.674,84.273,24.55,0.687,0.722,0.0822,-0.4232,0.6072,-0.6724,-0.5377,0.429,0.7258,25.5,0.0924,0.236,0.244,0.36215,299.1,336.6,311.2,351.6,287.3,321.8,1156,0.52,14
1331,103.998,85.675,24.7,0.6826,0.7271,0.0736,-0.4197,0.6068,-0.675,-0.5384,0.4323,0.7233,25.5,0.105,0.241,0.251,0.32353,300.4,335.1,312.4,350.1,288.7,320.4,1156,1.414,14
1332,105.316,87.085,24.835,0.68,0.7303,0.0655,-0.416,0.6064,-0.6777,-0.5382,0.4365,0.721,25.5,0.1156,0.275,0.263,0.26917,301.8,333.7,313.7,348.7,290.1,319.0,1157,0.061,14
1333,106.631,88.499,24.954,0.6792,0.7317,0.0578,-0.412,0.6062,-0.6803,-0.537,0.4417,0.7187,25.5,0.1244,0.333,0.274,0.23298,303.1,332.3,315.0,347.2,291.5,317.6,1158,1.566,14
1334,107.946,89.915,25.059,0.6803,0.7312,0.0504,-0.4077,0.606,-0.683,-0.5346,0.448,0.7166,25.5,0.1313,0.405,0.291,0.22204,304.5,330.8,316.2,345.7,293.0,316.2,1158,0.372,14
1335,109.264,91.327,25.149,0.6835,0.7287,0.043,-0.4031,0.606,-0.6857,-0.5307,0.4556,0.7147,25.5,0.1366,0.501,0.306,0.25004,305.8,329.4,317.4,344.3,294.4,314.8,1159,1.173,14
1336,110.592,92.733,25.225,0.689,0.7238,0.0355,-0.3983,0.6061,-0.6885,-0.5251,0.4648,0.7129,25.5,0.1398,0.626,0.318,0.31124,307.2,327.9,318.7,342.8,295.9,313.3,1159,0.764,14
1337,111.933,94.126,25.286,0.6974,0.7161,0.0278,-0.3931,0.6062,-0.6914,-0.5171,0.4759,0.7114,25.5,0.1407,0.789,0.341,0.40731,308.5,326.5,319.9,341.4,297.3,311.9,1160,0.793,14
1338,113.292,95.501,25.332,0.7093,0.7047,0.0196,-0.3877,0.6064,-0.6943,-0.506,0.4896,0.7101,25.5,0.1387,1.013,0.351,0.54521,309.9,325.1,321.2,340.0,298.8,310.6,1160,1.142,14
1339,114.672,96.856,25.36,0.7151,0.6989,0.0079,-0.3819,0.6066,-0.6973,-0.4974,0.501,0.7083,25.5,0.1453,0.825,0.374,0.42329,311.3,323.8,322.5,338.6,300.4,309.2,1161,0.416,14
1340,116.06,98.204,25.363,0.7202,0.6938,-0.0046,-0.3758,0.6068,-0.7004,-0.4889,0.5122,0.7061,25.5,0.1536,0.815,0.392,0.42742,312.7,322.4,323.7,337.2,301.9,307.8,1161,1.521,14
1341,117.46,99.538,25.342,0.7284,0.6849,-0.0166,-0.3694,0.607,-0.7036,-0.4779,0.5253,0.7041,25.5,0.1583,0.987,0.41,0.50477,314.1,321.0,325.0,335.9,303.5,306.5,1162,0.049,14
1342,118.881,100.851,25.299,0.7404,0.6716,-0.0279,-0.3626,0.6072,-0.707,-0.4638,0.5404,0.7021,25.5,0.1591,1.189,0.436,0.62732,315.6,319.7,326.3,334.5,305.1,305.2,1163,1.546,14
1343,120.328,102.133,25.235,0.7566,0.6528,-0.0383,-0.3554,0.6074,-0.7104,-0.4459,0.5578,0.7,25.5,0.1548,1.435,0.456,0.79697,317.0,318.4,327.6,333.2,306.7,303.9,1163,0.389,14
1344,121.811,103.372,25.152,0.7775,0.6271,-0.0474,-0.3479,0.6075,-0.7141,-0.4234,0.5778,0.6978,25.5,0.1443,1.729,0.479,1.0177,318.5,317.2,328.9,331.9,308.4,302.7,1164,1.108,14
1345,123.335,104.559,25.048,0.7974,0.6004,-0.0608,-0.3399,0.6075,-0.7179,-0.3979,0.5988,0.6951,25.5,0.1374,1.899,0.507,1.06317,320.1,316.0,330.3,330.7,310.1,301.5,1164,0.827,14
1346,124.896,105.693,24.916,0.8172,0.5713,-0.0761,-0.3315,0.6074,-0.7219,-0.3694,0.6206,0.6917,25.5,0.131,2.065,0.533,1.13688,321.7,314.8,331.6,329.6,311.9,300.4,1165,0.643,14
1347,126.497,106.767,24.754,0.8377,0.5386,-0.0906,-0.3226,0.6072,-0.7261,-0.3386,0.6423,0.6876,25.5,0.1226,2.172,0.564,1.22126,323.3,313.7,333.0,328.5,313.7,299.3,1165,1.293,14
1348,128.137,107.776,24.566,0.8574,0.5043,-0.1032,-0.3133,0.6068,-0.7305,-0.3077,0.6629,0.6825,25.5,0.1128,2.148,0.59,1.22969,324.9,312.7,334.5,327.4,315.5,298.3,1166,0.155,14
1349,129.814,108.716,24.355,0.8773,0.4656,-0.1166,-0.3034,0.6062,-0.7352,-0.273,0.6839,0.6766,25.5,0.1018,2.349,0.629,1.34865,326.6,311.8,335.9,326.5,317.5,297.4,1167,1.587,14
1350,131.53,109.576,24.115,0.8961,0.4239,-0.1317,-0.293,0.6054,-0.74,-0.2349,0.7047,0.6695,25.5,0.0915,2.52,0.658,1.42706,328.3,310.9,337.4,325.6,319.4,296.6,1167,0.348,14
1351,133.279,110.356,23.845,0.912,0.3832,-0.1465,-0.2822,0.6044,-0.7451,-0.1977,0.7233,0.6616,25.5,0.0834,2.426,0.687,1.36656,330.1,310.2,338.9,324.7,321.4,295.9,1168,1.073,14
1352,135.056,111.06,23.548,0.925,0.3446,-0.1604,-0.2708,0.603,-0.7504,-0.1623,0.7397,0.653,25.5,0.0777,2.289,0.725,1.27474,331.8,309.5,340.4,324.0,323.5,295.3,1168,0.862,14
1353,136.858,111.685,23.224,0.9374,0.3012,-0.1746,-0.259,0.6013,-0.7559,-0.123,0.7557,0.6433,25.5,0.0703,2.494,0.752,1.40172,333.6,308.9,341.9,323.3,325.5,294.7,1169,0.55,14
1354,138.682,112.226,22.873,0.9473,0.2586,-0.1889,-0.2467,0.5993,-0.7616,-0.084,0.7697,0.6329,25.5,0.0651,2.448,0.785,1.36306,335.5,308.3,343.5,322.7,327.6,294.2,1169,1.386,14
1355,140.522,112.686,22.494,0.9549,0.2161,-0.2035,-0.234,0.5968,-0.7675,-0.0445,0.782,0.6217,25.5,0.0617,2.456,0.815,1.35009,337.3,307.9,345.0,322.2,329.8,293.9,1170,0.026,14
1356,142.376,113.061,22.086,0.9608,0.1718,-0.2175,-0.2208,0.5939,-0.7736,-0.0038,0.7927,0.6096,25.5,0.0581,2.509,0.85,1.38734,339.1,307.5,346.5,321.8,331.9,293.6,1171,1.419,14
1357,144.238,113.35,21.652,0.9646,0.1262,-0.2317,-0.2073,0.5905,-0.78,0.0385,0.8016,0.5966,25.5,0.0553,2.586,0.878,1.41923,341.0,307.3,348.1,321.4,334.1,293.5,1171,0.516,14
1358,146.106,113.548,21.189,0.9659,0.0786,-0.2468,-0.1933,0.5865,-0.7865,0.0831,0.8086,0.5825,25.5,0.0535,2.71,0.914,1.47976,342.8,307.1,349.6,321.1,336.3,293.4,1172,0.885,14
1359,147.974,113.651,20.697,0.9646,0.0274,-0.2622,-0.1791,0.5819,-0.7933,0.131,0.8133,0.567,25.5,0.0512,2.897,0.94,1.58442,344.7,307.0,351.1,320.9,338.4,293.5,1172,1.049,14
1360,149.836,113.656,20.175,0.9607,-0.0226,-0.2765,-0.1646,0.5766,-0.8003,0.1778,0.8154,0.5509,25.5,0.0501,2.838,0.971,1.54495,346.5,307.1,352.6,320.8,340.6,293.7,1173,0.358,14
1361,151.689,113.566,19.627,0.9543,-0.0694,-0.2906,-0.1498,0.5705,-0.8075,0.2222,0.8153,0.5348,25.5,0.0521,2.706,1.006,1.46038,348.4,307.2,354.1,320.7,342.8,294.0,1173,1.577,14
1362,153.527,113.388,19.051,0.9456,-0.1164,-0.3038,-0.135,0.5637,-0.8149,0.2665,0.8128,0.5181,25.5,0.0543,2.716,1.025,1.46892,350.2,307.4,355.5,320.7,344.9,294.4,1174,0.16,14
1363,155.346,113.116,18.452,0.9343,-0.1639,-0.3165,-0.1201,0.5561,-0.8224,0.3113,0.8077,0.5007,25.5,0.0569,2.769,1.05,1.49453,352.0,307.7,357.0,320.8,347.1,294.9,1175,1.281,14
1364,157.141,112.756,17.826,0.9208,-0.2075,-0.3303,-0.1053,0.5477,-0.83,0.3539,0.8006,0.4835,25.5,0.0635,2.664,1.068,1.41251,353.7,308.1,358.4,321.0,349.2,295.5,1175,0.655,14
1365,158.908,112.314,17.174,0.9054,-0.2496,-0.3435,-0.0904,0.5385,-0.8377,0.3951,0.7916,0.4662,25.5,0.0715,2.612,1.096,1.38429,355.4,308.6,359.7,321.3,351.2,296.2,1176,0.804,14
1366,160.643,111.791,16.498,0.8881,-0.2914,-0.3554,-0.0756,0.5286,-0.8455,0.4356,0.7802,0.4488,25.5,0.0793,2.609,1.114,1.38571,357.1,309.2,361.1,321.6,353.3,297.1,1176,1.132,14
1367,162.342,111.189,15.797,0.8687,-0.3303,-0.3691,-0.0608,0.5178,-0.8534,0.4749,0.767,0.4315,25.5,0.0911,2.574,1.143,1.35014,358.8,309.8,362.4,321.9,355.3,298.0,1177,0.343,14
1368,164.002,110.514,15.069,0.8477,-0.3674,-0.3825,-0.0461,0.5062,-0.8612,0.5129,0.7518,0.4145,25.5,0.1044,2.539,1.162,1.32378,360.4,310.6,363.6,322.3,357.2,299.0,1177,1.594,14
1369,165.621,109.767,14.318,0.8252,-0.4045,-0.3943,-0.0315,0.4938,-0.869,0.5499,0.7346,0.3975,25.5,0.1169,2.533,1.185,1.33201,361.9,311.4,364.9,322.8,359.1,300.2,1178,0.111,14
1370,167.192,108.949,13.542,0.7981,-0.4421,-0.4095,-0.0172,0.4807,-0.8767,0.5896,0.7131,0.3794,25.5,0.1328,2.787,1.196,1.44484,363.5,312.2,366.0,323.3,360.9,301.4,1179,1.379,14
1371,168.705,108.056,12.732,0.7652,-0.482,-0.4268,-0.0031,0.4666,-0.8845,0.6326,0.6859,0.3596,25.5,0.1502,3.129,1.227,1.61545,364.9,313.2,367.2,323.9,362.7,302.7,1179,0.555,14
1372,170.153,107.086,11.893,0.7316,-0.5199,-0.4409,0.0107,0.4517,-0.8921,0.6724,0.6571,0.3407,25.5,0.1663,3.016,1.242,1.55755,366.3,314.2,368.2,324.6,364.4,304.1,1180,0.934,14
1373,171.536,106.048,11.026,0.6987,-0.5516,-0.4555,0.0241,0.4359,-0.8997,0.7072,0.6286,0.3235,25.5,0.1862,2.76,1.264,1.4208,367.6,315.3,369.2,325.2,366.0,305.6,1180,1.001,14
1374,172.856,104.954,10.13,0.6653,-0.58,-0.4701,0.037,0.4194,-0.9071,0.7394,0.5991,0.3072,25.5,0.2078,2.671,1.273,1.36887,368.8,316.5,370.2,326.0,367.6,307.2,1181,0.485,14
1375,174.108,103.803,9.208,0.6283,-0.6097,-0.4832,0.0495,0.4021,-0.9142,0.772,0.5653,0.2905,25.5,0.2277,2.856,1.289,1.45814,370.0,317.7,371.0,326.7,369.0,308.8,1181,1.452,14
1376,175.285,102.596,8.259,0.5885,-0.6372,-0.4976,0.0614,0.3842,-0.9212,0.8036,0.5283,0.274,25.5,0.2497,2.944,1.295,1.49522,371.1,318.9,371.8,327.5,370.4,310.6,1182,0.046,14
1377,176.383,101.339,7.283,0.5468,-0.663,-0.5113,0.0727,0.3657,-0.9279,0.8335,0.4886,0.2579,25.5,0.2717,2.994,1.3,1.50829,372.1,320.2,372.6,328.4,371.6,312.3,1183,1.509,14
1378,177.399,100.032,6.282,0.5031,-0.6876,-0.5236,0.0833,0.3464,-0.9344,0.8616,0.446,0.2422,25.5,0.293,3.06,1.315,1.52961,373.0,321.6,373.3,329.2,372.8,314.2,1183,0.427,14
1379,178.328,98.68,5.256,0.4568,-0.7095,-0.5366,0.093,0.3266,-0.9406,0.8879,0.4002,0.2268,25.5,0.3155,3.153,1.312,1.5654,373.9,323.0,373.9,330.2,373.8,316.1,1184,1.054,14
1380,179.165,97.288,4.206,0.4081,-0.7301,-0.5481,0.1019,0.3062,-0.9465,0.9122,0.3509,0.2117,25.5,0.3368,3.266,1.319,1.60308,374.6,324.5,374.4,331.1,374.8,318.1,1184,0.881,14
1381,179.91,95.858,3.137,0.3628,-0.7466,-0.5576,0.1099,0.2852,-0.9521,0.9316,0.3044,0.1987,25.5,0.3578,2.982,1.327,1.45562,375.2,326.0,374.8,332.0,375.6,320.1,1185,0.596,14
1382,180.571,94.402,2.05,0.3216,-0.7587,-0.5665,0.1169,0.2638,-0.9575,0.9469,0.2613,0.1876,25.5,0.3799,2.697,1.327,1.29904,375.8,327.5,375.2,333.0,376.3,322.1,1185,1.34,14
1383,181.154,92.923,0.946,0.2803,-0.7698,-0.5734,0.1231,0.2419,-0.9625,0.9598,0.2174,0.1773,25.5,0.4002,2.687,1.335,1.28323,376.2,329.0,375.6,334.0,376.9,324.2,1186,0.128,14
1384,181.656,91.425,-0.169,0.238,-0.7789,-0.5802,0.1282,0.2196,-0.9671,0.9708,0.1717,0.1677,25.5,0.4206,2.749,1.337,1.29739,376.6,330.6,375.8,335.0,377.4,326.3,1187,1.565,14
1385,182.074,89.911,-1.299,0.1941,-0.7856,-0.5875,0.1324,0.197,-0.9714,0.9796,0.1235,0.1586,25.5,0.4416,2.856,1.34,1.33318,376.9,332.2,376.1,336.0,377.8,328.4,1187,0.372,14
1386,182.408,88.386,-2.44,0.1514,-0.7913,-0.5924,0.1355,0.1741,-0.9754,0.9857,0.0759,0.1505,25.5,0.4606,2.789,1.344,1.2843,377.2,333.7,376.2,337.0,378.1,330.6,1188,1.035,14
1387,182.657,86.851,-3.591,0.1061,-0.7947,-0.5976,0.1375,0.1509,-0.9789,0.9894,0.0247,0.1428,25.5,0.4797,2.974,1.349,1.35444,377.3,335.3,376.3,338.0,378.3,332.7,1188,0.9,14
1388,182.814,85.313,-4.754,0.0545,-0.7951,-0.6041,0.138,0.1276,-0.9822,0.9903,-0.0344,0.1347,25.5,0.4994,3.419,1.349,1.54071,377.3,336.9,376.3,339.0,378.3,334.9,1189,0.458,14
1389,182.865,83.776,-5.927,-0.001,-0.7936,-0.6084,0.137,0.1043,-0.9851,0.987,-0.0984,0.1268,25.5,0.5164,3.7,1.347,1.64969,377.3,338.5,376.3,340.0,378.2,337.0,1189,1.476,14
1390,182.813,82.244,-7.107,-0.0525,-0.7895,-0.6114,0.1343,0.081,-0.9876,0.98,-0.1584,0.1203,25.5,0.5328,3.482,1.352,1.5331,377.1,340.1,376.2,341.0,378.0,339.2,1190,0.181,14
1391,182.664,80.723,-8.293,-0.1006,-0.7826,-0.6144,0.1299,0.0579,-0.9898,0.9699,-0.2147,0.1148,25.5,0.5498,3.293,1.353,1.44221,376.8,341.6,376.1,342.0,377.6,341.3,1191,1.041,14
1392,182.42,79.218,-9.482,-0.1517,-0.7735,-0.6154,0.1238,0.035,-0.9917,0.9553,-0.2745,0.1095,25.5,0.5644,3.541,1.362,1.5379,376.5,343.2,375.9,343.0,377.1,343.4,1191,0.895,14
1393,182.078,77.732,-10.672,-0.2017,-0.7627,-0.6145,0.1158,0.0126,-0.9932,0.9372,-0.3325,0.1051,25.5,0.5774,3.491,1.366,1.51555,376.0,344.7,375.6,344.0,376.4,345.5,1192,0.251,14
1394,181.642,76.268,-11.859,-0.2498,-0.7503,-0.6122,0.1058,-0.0095,-0.9943,0.9163,-0.3876,0.1012,25.5,0.5894,3.384,1.391,1.47301,375.5,346.2,375.3,344.9,375.6,347.5,1193,1.322,14
1395,181.112,74.83,-13.04,-0.2973,-0.7359,-0.6084,0.0938,-0.0311,-0.9951,0.892,-0.4413,0.0979,25.5,0.6004,3.383,1.417,1.47454,374.8,347.7,375.0,345.9,374.7,349.5,1193,0.614,14
1396,180.493,73.421,-14.212,-0.3421,-0.7209,-0.6027,0.0796,-0.0521,-0.9955,0.8663,-0.4905,0.0949,25.5,0.6103,3.185,1.453,1.40966,374.1,349.2,374.6,346.8,373.6,351.5,1194,0.386,14
1397,179.789,72.042,-15.371,-0.3867,-0.7041,-0.5956,0.0632,-0.0725,-0.9954,0.8377,-0.5383,0.0924,25.5,0.6195,3.195,1.5,1.42734,373.3,350.6,374.2,347.7,372.4,353.4,1195,1.305,14
1398,178.999,70.697,-16.516,-0.4293,-0.6861,-0.5873,0.0445,-0.0921,-0.9948,0.8078,-0.5826,0.0901,25.5,0.6283,3.065,1.552,1.39184,372.4,351.9,373.7,348.6,371.0,355.2,1195,0.63,14
1399,178.129,69.387,-17.642,-0.4691,-0.6683,-0.5774,0.0233,-0.111,-0.9935,0.7781,-0.6219,0.0877,25.5,0.6369,2.826,1.629,1.32436,371.4,353.3,373.3,349.5,369.6,357.0,1196,0.202,14
1400,177.183,68.113,-18.749,-0.5096,-0.6479,-0.5662,-0.0004,-0.1289,-0.9917,0.7454,-0.6611,0.0856,25.5,0.6452,2.928,1.705,1.38367,370.4,354.6,372.8,350.3,367.9,358.7,1197,0.932,14
1401,176.16,66.88,-19.832,-0.5483,-0.6271,-0.5532,-0.0268,-0.1456,-0.989,0.7126,-0.6966,0.0833,25.5,0.6531,2.773,1.797,1.35725,369.2,355.8,372.4,351.2,366.2,360.4,1197,1.003,14
1402,175.062,65.687,-20.887,-0.5857,-0.6068,-0.5374,-0.0558,-0.161,-0.9854,0.6807,-0.7282,0.0804,25.5,0.6599,2.578,1.893,1.34458,368.1,357.1,371.9,352.0,364.3,362.0,1198,0.39,14
1403,173.891,64.539,-21.912,-0.6254,-0.5803,-0.5216,-0.0875,-0.1746,-0.9807,0.6422,-0.7625,0.0784,25.5,0.6676,2.957,1.995,1.48946,366.8,358.2,371.4,352.9,362.3,363.4,1199,0.089,14
1404,172.644,63.438,-22.9,-0.6627,-0.559,-0.4984,-0.122,-0.1861,-0.9749,0.6097,-0.7891,0.0743,25.5,0.6708,2.418,2.11,1.44616,365.5,359.4,370.9,353.7,360.1,364.8,1200,0.426,14
1405,171.327,62.376,-23.837,-0.7008,-0.535,-0.4718,-0.1592,-0.195,-0.9678,0.5753,-0.815,0.0695,25.5,0.6725,2.483,2.229,1.54935,364.1,360.4,370.5,354.6,357.9,366.1,1201,0.647,14
1406,169.936,61.364,-24.722,-0.7354,-0.5145,-0.4409,-0.1989,-0.2009,-0.9592,0.5472,-0.8347,0.0613,25.5,0.6725,2.022,2.352,1.50251,362.6,361.5,370.0,355.5,355.5,367.3,1202,0.775,14
1407,168.489,60.373,-25.538,-0.7613,-0.5087,-0.402,-0.2405,-0.2035,-0.9491,0.539,-0.8412,0.0438,25.5,0.6682,1.168,2.457,1.39505,361.1,362.5,369.5,356.5,353.0,368.3,1203,0.834,14
1408,166.986,59.408,-26.28,-0.7892,-0.4937,-0.3653,-0.2833,-0.2028,-0.9373,0.5212,-0.853,0.027,25.5,0.6661,1.557,2.544,1.4361,359.6,363.4,369.0,357.5,350.4,369.2,1204,0.844,14
1409,165.448,58.443,-26.947,-0.7978,-0.509,-0.3231,-0.3263,-0.199,-0.9241,0.5406,-0.8412,-0.0098,25.5,0.6602,2.478,2.587,1.35388,358.0,364.4,368.4,358.6,347.8,370.1,1205,0.826,14
1410,163.895,57.447,-27.529,-0.8089,-0.5177,-0.2785,-0.3681,-0.1925,-0.9096,0.5496,-0.8341,-0.0459,25.5,0.6507,2.17,2.562,1.38569,356.4,365.4,367.9,359.8,345.3,370.9,1206,0.799,14
1411,162.329,56.426,-28.028,-0.8065,-0.5408,-0.239,-0.4076,-0.184,-0.8944,0.5735,-0.8138,-0.0939,25.5,0.642,3.286,2.474,1.35738,354.8,366.4,367.2,361.1,342.8,371.7,1207,0.782,14
1412,160.784,55.345,-28.457,-0.7926,-0.5748,-0.2035,-0.4438,-0.1747,-0.879,0.6054,-0.7816,-0.1503,25.5,0.631,4.147,2.316,1.51327,353.3,367.5,366.5,362.4,340.4,372.5,1208,0.791,14
1413,159.26,54.208,-28.816,-0.7822,-0.5997,-0.169,-0.476,-0.165,-0.8638,0.623,-0.7566,-0.1988,25.5,0.6173,3.285,2.115,1.29749,351.7,368.6,365.8,363.8,338.1,373.4,1209,0.813,14
1414,157.759,53.027,-29.117,-0.7704,-0.621,-0.1442,-0.5049,-0.1553,-0.8491,0.6358,-0.7322,-0.2442,25.5,0.6079,3.043,1.939,1.02956,350.2,369.8,364.9,365.2,335.9,374.3,1210,0.826,14
1415,156.28,51.806,-29.372,-0.7586,-0.6408,-0.1179,-0.5307,-0.1456,-0.8349,0.6439,-0.7098,-0.2856,25.5,0.5943,2.737,1.777,1.03585,348.8,371.0,364.1,366.7,333.8,375.2,1211,0.807,14
1416,154.822,50.552,-29.581,-0.7493,-0.6547,-0.0998,-0.5539,-0.1353,-0.8215,0.6468,-0.6912,-0.3223,25.5,0.5856,2.363,1.645,0.72985,347.3,372.3,363.1,368.3,331.9,376.2,1212,0.73,14
1417,153.379,49.277,-29.766,-0.743,-0.6628,-0.0928,-0.5748,-0.1237,-0.8089,0.6464,-0.6748,-0.3561,25.5,0.5841,2.153,1.548,0.36793,345.9,373.5,362.2,369.8,329.9,377.1,1213,0.571,14
1418,151.945,47.991,-29.946,-0.7393,-0.6667,-0.0943,-0.5934,-0.1097,-0.7974,0.6439,-0.6591,-0.3886,25.5,0.587,2.073,1.488,0.16529,344.5,374.8,361.2,371.5,328.1,378.0,1214,0.302,14
1419,150.521,46.693,-30.121,-0.7324,-0.6755,-0.0857,-0.6101,-0.0926,-0.7869,0.641,-0.6415,-0.4215,25.5,0.5768,2.144,1.496,0.41782,343.0,376.1,360.2,373.2,326.3,378.9,1215,0.103,14
1420,149.11,45.38,-30.281,-0.7276,-0.6812,-0.0807,-0.6247,-0.0727,-0.7775,0.6358,-0.6255,-0.4523,25.5,0.5668,2.011,1.513,0.26581,341.6,377.4,359.1,375.0,324.6,379.7,1217,0.562,14
1421,147.704,44.059,-30.436,-0.7253,-0.6837,-0.0809,-0.637,-0.0508,-0.7692,0.6293,-0.6106,-0.4808,25.5,0.559,1.88,1.516,0.10076,340.2,378.7,358.0,376.9,322.9,380.4,1218,0.262,14
1422,146.302,42.736,-30.597,-0.7249,-0.6835,-0.0857,-0.647,-0.0275,-0.762,0.6223,-0.5965,-0.5068,25.5,0.5531,1.742,1.51,0.14277,338.9,380.0,356.8,378.8,321.3,381.1,1220,0.174,14
1423,144.898,41.416,-30.771,-0.7265,-0.6805,-0.0952,-0.6544,-0.0037,-0.7561,0.6157,-0.5831,-0.53,25.5,0.5499,1.581,1.468,0.29882,337.5,381.3,355.6,380.8,319.7,381.8,1222,0.125,14
1424,143.49,40.104,-30.966,-0.7293,-0.6765,-0.1022,-0.6593,0.0199,-0.7516,0.6085,-0.5731,-0.549,25.5,0.5442,1.298,1.405,0.25281,336.1,382.6,354.3,382.7,318.2,382.5,1224,0.161,14
1425,142.078,38.797,-31.164,-0.7307,-0.6748,-0.1035,-0.6619,0.0428,-0.7484,0.6017,-0.565,-0.5645,25.5,0.5322,1.075,1.333,0.07574,334.7,383.9,352.9,384.5,316.8,383.2,1225,0.505,14
1426,140.664,37.493,-31.37,-0.7305,-0.6739,-0.1103,-0.6626,0.065,-0.7462,0.5982,-0.5537,-0.5793,25.5,0.5225,1.086,1.279,0.20324,333.3,385.1,351.5,386.4,315.4,383.9,1227,0.448,14
1427,139.252,36.19,-31.594,-0.7288,-0.6737,-0.1224,-0.6618,0.0861,-0.7447,0.5978,-0.5388,-0.5935,25.5,0.5155,1.18,1.213,0.36195,331.8,386.4,350.0,388.2,314.0,384.7,1228,0.131,14
1428,137.845,34.886,-31.847,-0.7253,-0.6741,-0.14,-0.6602,0.106,-0.7436,0.6006,-0.52,-0.6073,25.5,0.5115,1.346,1.146,0.53162,330.4,387.7,348.6,390.0,312.7,385.4,1229,0.067,14
1429,136.447,33.581,-32.139,-0.7198,-0.6748,-0.1632,-0.6581,0.1247,-0.7426,0.6064,-0.4968,-0.6208,25.5,0.5107,1.574,1.08,0.70646,329.1,389.0,347.1,391.8,311.4,386.3,1230,0.146,14
1430,135.057,32.277,-32.468,-0.7177,-0.6736,-0.1765,-0.656,0.1419,-0.7413,0.608,-0.4826,-0.6304,25.5,0.5061,0.986,0.996,0.40037,327.7,390.3,345.6,393.6,310.0,387.1,1231,0.103,15
1431,133.671,30.975,-32.824,-0.7144,-0.673,-0.1917,-0.6539,0.1578,-0.74,0.6111,-0.4665,-0.6395,25.5,0.5028,1.074,0.922,0.46103,326.3,391.6,344.2,395.3,308.7,388.0,1232,0.063,15
1432,132.294,29.673,-33.211,-0.7097,-0.6728,-0.2089,-0.6518,0.1727,-0.7385,0.6156,-0.4482,-0.6482,25.5,0.5007,1.189,0.866,0.52813,324.9,392.9,342.7,396.9,307.4,388.9,1233,0.352,15
1433,130.926,28.372,-33.633,-0.7036,-0.6729,-0.2284,-0.6497,0.1867,-0.7369,0.6217,-0.4273,-0.6564,25.5,0.4998,1.333,0.816,0.60513,323.5,394.1,341.3,398.6,306.1,389.8,1234,0.758,15
1434,129.572,27.069,-34.096,-0.6956,-0.6734,-0.2503,-0.6476,0.2,-0.7353,0.6295,-0.4034,-0.6641,25.5,0.4998,1.507,0.777,0.69074,322.2,395.4,339.9,400.2,304.8,390.7,1234,1.176,15
1435,128.235,25.767,-34.601,-0.6881,-0.6731,-0.2709,-0.6453,0.2129,-0.7337,0.6366,-0.381,-0.6705,25.5,0.4995,1.395,0.756,0.64939,320.8,396.7,338.4,401.8,303.6,391.7,1235,0.656,15
1436,126.91,24.465,-35.144,-0.6809,-0.6722,-0.2906,-0.6428,0.2254,-0.7321,0.6434,-0.3597,-0.6758,25.5,0.4989,1.317,0.736,0.62185,319.5,398.0,337.0,403.5,302.3,392.7,1236,0.03,15
1437,125.601,23.166,-35.726,-0.6725,-0.6713,-0.3117,-0.6403,0.2375,-0.7304,0.6512,-0.3365,-0.6803,25.5,0.4988,1.426,0.715,0.67319,318.2,399.3,335.6,405.1,301.1,393.6,1237,0.705,15
1438,124.309,21.868,-36.35,-0.6628,-0.6703,-0.3338,-0.6378,0.2492,-0.7288,0.6597,-0.3117,-0.6839,25.5,0.499,1.516,0.692,0.71543,316.8,400.6,334.2,406.6,299.8,394.6,1237,1.229,15
1439,123.037,20.572,-37.018,-0.652,-0.6692,-0.3566,-0.6353,0.2604,-0.7271,0.6686,-0.2856,-0.6865,25.5,0.4992,1.587,0.665,0.74796,315.6,401.8,332.8,408.2,298.6,395.6,1238,0.394,15
1440,121.787,19.28,-37.731,-0.6405,-0.6665,-0.3815,-0.6328,0.2712,-0.7253,0.6782,-0.2578,-0.6882,25.5,0.5013,1.688,0.643,0.81624,314.3,403.1,331.5,409.8,297.4,396.6,1239,0.544,15
1441,120.559,17.994,-38.494,-0.6287,-0.6627,-0.4069,-0.6304,0.2815,-0.7234,0.6877,-0.2296,-0.6887,25.5,0.5041,1.705,0.616,0.83713,313.0,404.4,330.1,411.3,296.3,397.6,1239,1.391,15
1442,119.354,16.715,-39.302,-0.6172,-0.6605,-0.4275,-0.6282,0.2915,-0.7214,0.6958,-0.2046,-0.6885,25.5,0.5036,1.506,0.598,0.70191,311.8,405.6,328.8,412.8,295.1,398.6,1240,0.355,15
1443,118.171,15.438,-40.144,-0.6071,-0.6603,-0.4421,-0.6259,0.301,-0.7194,0.7019,-0.1847,-0.6879,25.5,0.4993,1.193,0.572,0.52589,310.6,406.9,327.5,414.3,294.0,399.6,1241,0.783,15
1444,117.004,14.159,-41.009,-0.599,-0.6618,-0.4507,-0.6238,0.3103,-0.7174,0.7058,-0.1707,-0.6875,25.5,0.4916,0.833,0.558,0.35272,309.4,408.2,326.3,415.8,292.9,400.6,1241,1.153,15
1445,115.852,12.877,-41.884,-0.5924,-0.6641,-0.4562,-0.6216,0.3192,-0.7153,0.7086,-0.16,-0.6872,25.5,0.4826,0.634,0.539,0.26358,308.2,409.4,325.0,417.3,291.8,401.7,1242,0.059,15
1446,114.719,11.597,-42.79,-0.58,-0.6599,-0.4777,-0.6196,0.3279,-0.7132,0.7166,-0.1344,-0.6844,25.5,0.4837,1.545,0.525,0.74549,307.1,410.7,323.8,418.8,290.7,402.7,1243,1.312,15
1447,113.605,10.322,-43.727,-0.572,-0.658,-0.4897,-0.6175,0.3364,-0.711,0.7211,-0.1189,-0.6825,25.5,0.48,0.931,0.517,0.43069,305.9,411.9,322.5,420.3,289.6,403.7,1243,0.623,15
1448,112.503,9.049,-44.681,-0.5668,-0.6581,-0.4956,-0.6154,0.3447,-0.7088,0.7235,-0.1099,-0.6816,25.5,0.4732,0.536,0.506,0.23287,304.8,413.2,321.3,421.7,288.5,404.8,1244,0.637,15
1449,111.41,7.774,-45.642,-0.5638,-0.6597,-0.4969,-0.6134,0.3528,-0.7066,0.7242,-0.1057,-0.6814,25.5,0.4642,0.244,0.494,0.1078,303.7,414.4,320.1,423.2,287.5,405.8,1244,1.298,15
1450,110.32,6.495,-46.601,-0.5626,-0.6631,-0.4938,-0.6113,0.3608,-0.7044,0.7235,-0.1059,-0.6821,25.5,0.4525,0.058,0.49,0.14079,302.5,415.7,318.9,424.7,286.5,406.8,1245,0.071,15
1451,109.232,5.207,-47.55,-0.5632,-0.6684,-0.4858,-0.6092,0.3687,-0.7021,0.7212,-0.1106,-0.6838,25.5,0.4377,0.315,0.487,0.28467,301.4,416.9,317.7,426.1,285.4,407.9,1246,1.101,15
1452,108.14,3.906,-48.478,-0.5659,-0.6766,-0.4712,-0.607,0.3764,-0.6999,0.7167,-0.1211,-0.6868,25.5,0.4186,0.677,0.476,0.50222,300.3,418.2,316.5,427.6,284.4,409.0,1246,0.835,15
1453,107.04,2.586,-49.367,-0.5715,-0.689,-0.4457,-0.6048,0.3841,-0.6976,0.7085,-0.1404,-0.6916,25.5,0.3919,1.233,0.477,0.85579,299.2,419.5,315.3,429.1,283.3,410.1,1247,0.233,15
1454,105.935,1.245,-50.214,-0.5707,-0.6974,-0.4336,-0.6025,0.3918,-0.6953,0.7054,-0.146,-0.6936,25.5,0.3721,0.384,0.479,0.43736,298.1,420.8,314.1,430.6,282.3,411.2,1248,1.17,15
1455,104.832,-0.113,-51.04,-0.5703,-0.7066,-0.419,-0.6002,0.3994,-0.693,0.7015,-0.1535,-0.696,25.5,0.3504,0.503,0.474,0.51118,296.9,422.1,312.9,432.1,281.2,412.3,1248,0.767,15
1456,103.727,-1.49,-51.83,-0.5723,-0.7179,-0.3964,-0.5977,0.407,-0.6907,0.6946,-0.1673,-0.6997,25.5,0.3237,0.909,0.477,0.75079,295.8,423.4,311.7,433.6,280.2,413.4,1249,0.04,15
1457,102.616,-2.891,-52.568,-0.5769,-0.7307,-0.3651,-0.5952,0.4146,-0.6884,0.6841,-0.1881,-0.7047,25.5,0.2918,1.365,0.477,1.01089,294.7,424.8,310.5,435.2,279.2,414.6,1250,0.607,15
1458,101.494,-4.317,-53.237,-0.5839,-0.7438,-0.3253,-0.5925,0.4221,-0.6861,0.6698,-0.215,-0.7107,25.5,0.2552,1.779,0.475,1.25851,293.6,426.2,309.3,436.8,278.1,415.8,1251,1.055,15
1459,100.36,-5.768,-53.83,-0.5875,-0.7567,-0.2869,-0.5897,0.4296,-0.6838,0.6564,-0.2383,-0.7158,25.5,0.2176,1.568,0.477,1.20449,292.4,427.6,308.1,438.4,277.1,417.0,1251,0.88,15
1460,99.221,-7.244,-54.344,-0.5905,-0.7691,-0.2446,-0.5868,0.4371,-0.6816,0.6412,-0.2631,-0.7208,25.5,0.1771,1.691,0.478,1.30888,291.3,429.0,306.9,440.0,276.0,418.2,1252,0.574,15
1461,98.076,-8.743,-54.775,-0.5929,-0.7799,-0.2006,-0.5838,0.4445,-0.6794,0.6248,-0.2883,-0.7256,25.5,0.1358,1.745,0.475,1.34394,290.2,430.5,305.7,441.7,275.0,419.5,1253,0.399,15
1462,96.927,-10.26,-55.122,-0.5942,-0.7887,-0.1579,-0.5807,0.4518,-0.6772,0.6082,-0.3122,-0.7298,25.5,0.0956,1.685,0.472,1.29197,289.0,432.0,304.4,443.3,273.9,420.8,1254,0.344,15
1463,95.779,-11.795,-55.383,-0.5927,-0.7975,-0.1125,-0.5775,0.459,-0.6751,0.5909,-0.3356,-0.7336,25.5,0.0522,1.682,0.467,1.37065,287.9,433.4,303.2,445.0,272.9,422.1,1255,0.4,15
1464,94.633,-13.344,-55.558,-0.5925,-0.8026,-0.0683,-0.5742,0.4661,-0.6731,0.5721,-0.3597,-0.7371,25.5,0.0121,1.763,0.463,1.31805,286.8,434.9,302.0,446.7,271.9,423.4,1256,0.559,15
1465,93.486,-14.898,-55.648,-0.5938,-0.8042,-0.0252,-0.5709,0.4729,-0.6712,0.5518,-0.3843,-0.7401,25.5,0.0244,1.836,0.447,1.27821,285.7,436.5,300.8,448.4,270.9,424.7,1258,0.773,15
1466,92.337,-16.455,-55.654,-0.5895,-0.8074,0.0224,-0.5675,0.4795,-0.6693,0.5309,-0.4082,-0.7426,25.5,0.0676,1.825,0.439,1.41895,284.6,438.0,299.6,450.1,269.8,426.1,1259,0.338,15
1467,91.206,-18.021,-55.562,-0.5827,-0.8096,0.0703,-0.564,0.486,-0.6676,0.5096,-0.4314,-0.7445,25.5,0.1118,1.808,0.434,1.43474,283.5,439.5,298.4,451.8,268.8,427.4,1260,0.185,15
1468,90.074,-19.58,-55.39,-0.5895,-0.8009,0.105,-0.5604,0.4922,-0.6661,0.4861,-0.4556,-0.7457,25.5,0.1338,1.934,0.42,1.07865,282.4,441.0,297.2,453.5,267.9,428.8,1262,0.462,15
1469,88.916,-21.113,-55.164,-0.6097,-0.7825,0.1262,-0.5566,0.4984,-0.6647,0.4614,-0.4799,-0.7462,25.5,0.1345,1.986,0.424,1.02443,281.3,442.5,296.0,455.1,266.8,430.1,1263,0.307,15
1470,87.714,-22.603,-54.887,-0.63,-0.7572,0.1725,-0.5525,0.5046,-0.6634,0.4199,-0.519,-0.7445,25.5,0.1484,3.269,0.432,1.67487,280.1,443.9,294.7,456.7,265.8,431.4,1265,0.145,15
1471,86.483,-24.048,-54.514,-0.6419,-0.7387,0.2056,-0.5483,0.5107,-0.6623,0.3893,-0.545,-0.7425,25.5,0.1615,2.304,0.429,1.17722,278.9,445.3,293.4,458.3,264.7,432.6,1267,0.266,15
1472,85.231,-25.468,-54.116,-0.6526,-0.7311,0.199,-0.5441,0.5165,-0.6613,0.3852,-0.5464,-0.7437,25.5,0.1541,0.258,0.414,0.43508,277.7,446.7,292.1,459.9,263.6,433.8,1270,0.366,15
1473,83.958,-26.883,-53.768,-0.6621,-0.7332,0.1547,-0.5402,0.5218,-0.6602,0.4067,-0.525,-0.7476,25.5,0.1271,1.752,0.382,1.34355,276.5,448.1,290.8,461.4,262.5,435.1,1272,0.282,15
1474,82.668,-28.303,-53.528,-0.6756,-0.7296,0.1064,-0.5368,0.5265,-0.6592,0.4267,-0.5046,-0.7505,25.5,0.0916,1.645,0.337,1.48954,275.3,449.5,289.4,462.9,261.4,436.3,1274,0.538,15
1475,81.347,-29.705,-53.345,-0.6882,-0.721,0.0807,-0.5341,0.5306,-0.6582,0.4328,-0.4972,-0.752,25.5,0.0681,0.556,0.287,0.88522,274.0,450.8,288.1,464.4,260.2,437.6,1275,0.145,15
1476,80.012,-31.099,-53.22,-0.6897,-0.7225,0.0479,-0.5318,0.5342,-0.6571,0.4497,-0.4793,-0.7537,25.5,0.0507,1.414,0.253,0.97361,272.7,452.2,286.7,465.8,259.0,438.8,1276,0.694,15
1477,78.685,-32.506,-53.164,-0.6804,-0.7328,0.0092,-0.5299,0.5374,-0.656,0.4762,-0.4516,-0.7546,25.5,0.0393,2.197,0.222,1.2178,271.4,453.6,285.4,467.3,257.7,440.1,1278,0.491,15
1478,77.386,-33.939,-53.188,-0.661,-0.7496,-0.0343,-0.5282,0.5404,-0.6549,0.5098,-0.415,-0.7536,25.5,0.0335,2.847,0.207,1.49602,270.2,455.0,284.0,468.8,256.5,441.4,1279,0.304,15
1479,76.119,-35.396,-53.301,-0.6493,-0.7561,-0.0818,-0.5266,0.5433,-0.6539,0.5389,-0.3816,-0.751,25.5,0.0154,2.543,0.198,1.46195,268.9,456.4,282.8,470.3,255.3,442.7,1280,0.252,15
1480,74.874,-36.863,-53.496,-0.6379,-0.7611,-0.1173,-0.525,0.5461,-0.6528,0.561,-0.3548,-0.7479,25.5,0.0042,1.998,0.195,1.11448,267.7,457.8,281.5,471.8,254.2,444.1,1281,0.339,15
1481,73.65,-38.34,-53.746,-0.6286,-0.7652,-0.139,-0.5235,0.5488,-0.6518,0.575,-0.3369,-0.7455,25.5,0.0003,1.309,0.186,0.70984,266.5,459.2,280.2,473.3,253.0,445.4,1282,0.567,15
1482,72.44,-39.824,-54.026,-0.6221,-0.7689,-0.1479,-0.5221,0.5514,-0.6507,0.5819,-0.3276,-0.7444,25.5,0.0029,0.666,0.181,0.34432,265.3,460.7,279.0,474.8,251.9,446.8,1283,0.927,15
1483,71.241,-41.314,-54.312,-0.6183,-0.7721,-0.1469,-0.5207,0.5539,-0.6497,0.583,-0.3252,-0.7445,25.5,0.0103,0.151,0.174,0.15005,264.2,462.1,277.8,476.3,250.8,448.2,1283,1.01,15
1484,70.052,-42.811,-54.608,-0.6097,-0.7754,-0.1647,-0.5194,0.5563,-0.6487,0.5946,-0.31,-0.7419,25.5,0.0078,1.106,0.167,0.59382,263.0,463.5,276.6,477.8,249.6,449.5,1284,0.543,15
1485,68.881,-44.313,-54.944,-0.6023,-0.7775,-0.1806,-0.5181,0.5587,-0.6477,0.6045,-0.2966,-0.7393,25.5,0.0054,0.966,0.167,0.52328,261.8,465.0,275.4,479.3,248.5,450.9,1285,0.057,15
1486,67.72,-45.819,-55.302,-0.5977,-0.7791,-0.189,-0.5168,0.561,-0.6467,0.6099,-0.2889,-0.738,25.5,0.006,0.544,0.162,0.28754,260.7,466.5,274.2,480.9,247.4,452.3,1286,0.585,15
1487,66.567,-47.328,-55.672,-0.595,-0.7804,-0.1922,-0.5155,0.5633,-0.6457,0.6122,-0.2851,-0.7375,25.5,0.0088,0.256,0.162,0.12981,259.6,467.9,273.0,482.4,246.4,453.7,1287,1.175,15
1488,65.417,-48.839,-56.043,-0.5937,-0.7817,-0.1911,-0.5141,0.5657,-0.6447,0.6121,-0.2845,-0.7378,25.5,0.0138,0.039,0.169,0.06343,258.4,469.4,271.8,483.9,245.3,455.1,1287,0.765,15
1489,64.268,-50.353,-56.409,-0.5938,-0.7828,-0.186,-0.5127,0.5681,-0.6438,0.6098,-0.2869,-0.7388,25.5,0.0205,0.199,0.167,0.1545,257.3,470.8,270.7,485.4,244.2,456.5,1288,0.199,15
1490,63.118,-51.868,-56.76,-0.5951,-0.784,-0.1764,-0.5112,0.5706,-0.6428,0.6048,-0.2925,-0.7407,25.5,0.0297,0.444,0.177,0.28914,256.2,472.3,269.5,487.0,243.1,457.9,1289,0.33,15
1491,61.964,-53.387,-57.088,-0.598,-0.7852,-0.161,-0.5095,0.5732,-0.6418,0.5967,-0.302,-0.7434,25.5,0.0421,0.732,0.187,0.46517,255.1,473.7,268.3,488.5,242.1,459.2,1290,0.763,15
1492,60.804,-54.906,-57.378,-0.6027,-0.786,-0.1376,-0.5077,0.5759,-0.6408,0.584,-0.3168,-0.7474,25.5,0.0585,1.141,0.195,0.70788,253.9,475.2,267.1,490.0,241.0,460.6,1291,1.097,15
1493,59.632,-56.427,-57.612,-0.6086,-0.7866,-0.104,-0.5056,0.5788,-0.6398,0.5653,-0.3379,-0.7525,25.5,0.081,1.642,0.213,1.01055,252.8,476.7,265.9,491.6,239.9,462.0,1291,0.838,15
1494,58.451,-57.95,-57.784,-0.6116,-0.7877,-0.0742,-0.5034,0.5819,-0.6387,0.5492,-0.3552,-0.7564,25.5,0.1031,1.372,0.227,0.8875,251.6,478.1,264.7,493.1,238.8,463.4,1292,0.618,15
1495,57.266,-59.474,-57.903,-0.6136,-0.788,-0.0497,-0.501,0.5851,-0.6377,0.5356,-0.3692,-0.7595,25.5,0.122,1.132,0.236,0.72827,250.5,479.6,263.5,494.7,237.7,464.8,1293,0.517,15
1496,56.078,-60.998,-57.982,-0.6147,-0.788,-0.0336,-0.4984,0.5884,-0.6366,0.5263,-0.3781,-0.7616,25.5,0.1359,0.747,0.249,0.47805,249.3,481.1,262.2,496.3,236.7,466.2,1294,0.54,15
1497,54.888,-62.523,-58.04,-0.6151,-0.788,-0.0283,-0.4958,0.5919,-0.6355,0.5229,-0.3808,-0.7626,25.5,0.1435,0.255,0.258,0.15741,248.2,482.6,261.0,497.9,235.6,467.5,1295,0.686,15
1498,53.698,-64.047,-58.099,-0.6147,-0.788,-0.0346,-0.493,0.5953,-0.6344,0.526,-0.3768,-0.7624,25.5,0.1441,0.29,0.26,0.18696,247.0,484.0,259.8,499.4,234.5,468.9,1297,0.57,15
1499,52.51,-65.572,-58.181,-0.6135,-0.788,-0.0515,-0.4902,0.5988,-0.6333,0.5351,-0.3668,-0.761,25.5,0.1385,0.779,0.264,0.50177,245.9,485.5,258.5,501.0,233.4,470.3,1298,0.0,15
