ring,cx,cy,cz,Tx,Ty,Tz,Bx,By,Bz,Nx,Ny,Nz,hw,obl,dN,dB,kappa,sx_c,sy_c,sx_L,sy_L,sx_R,sy_R,pose_ring,pose_dist,iv
0,-73.467,-393.98,116.677,0.5535,0.8328,-0.0003,0.9702,-0.2414,0.0189,0.0166,-0.0114,-0.9998,27.846,0.336,0.0,0.0,0.0,116.4,843.3,87.6,836.0,145.3,850.6,0,0.0,0
1,-72.551,-392.597,116.676,0.5517,0.8341,-0.0005,0.9646,-0.2631,0.0193,0.0168,-0.0117,-0.9998,27.851,0.3127,0.021,1.284,0.07692,117.4,841.8,88.7,833.9,146.1,849.8,1,0.414,0
2,-71.636,-391.213,116.676,0.5515,0.8342,-0.0005,0.9586,-0.2842,0.0197,0.0171,-0.0119,-0.9998,27.856,0.2916,0.021,1.257,0.00767,118.4,840.3,89.9,831.7,146.9,848.9,3,0.431,0
3,-70.72,-389.83,116.675,0.5531,0.8331,-0.0003,0.9523,-0.3046,0.0201,0.0173,-0.0119,-0.9998,27.86,0.2729,0.011,1.223,0.0674,119.4,838.9,91.0,829.7,147.7,848.1,4,0.072,0
4,-69.8,-388.45,116.674,0.5563,0.831,-0.0001,0.9459,-0.3239,0.0205,0.0176,-0.0119,-0.9998,27.865,0.257,0.017,1.165,0.13236,120.4,837.4,92.2,827.6,148.5,847.2,5,0.226,0
5,-68.873,-387.073,116.675,0.5595,0.8288,0.0001,0.9396,-0.3417,0.0208,0.0178,-0.0119,-0.9998,27.87,0.2425,0.011,1.082,0.13427,121.4,835.9,93.4,825.6,149.3,846.2,6,0.443,0
6,-67.945,-385.698,116.675,0.56,0.8285,0.0,0.9335,-0.3579,0.0212,0.018,-0.0122,-0.9998,27.874,0.2262,0.021,0.992,0.0204,122.3,834.4,94.6,823.6,150.2,845.3,7,0.556,0
7,-67.014,-384.324,116.675,0.5621,0.8271,0.0001,0.9277,-0.3727,0.0215,0.0182,-0.0122,-0.9998,27.878,0.2132,0.011,0.911,0.08721,123.3,833.0,95.7,821.7,151.0,844.2,8,0.547,0
8,-66.079,-382.954,116.675,0.5658,0.8246,0.0006,0.9221,-0.3862,0.0218,0.0186,-0.012,-0.9998,27.882,0.2033,0.026,0.838,0.15516,124.3,831.5,96.9,819.9,151.8,843.2,9,0.393,0
9,-65.136,-381.589,116.677,0.571,0.821,0.0013,0.9168,-0.3988,0.0221,0.019,-0.0116,-0.9998,27.885,0.1961,0.032,0.783,0.21973,125.3,830.1,98.0,818.0,152.7,842.1,10,0.097,0
10,-64.183,-380.23,116.68,0.5778,0.8162,0.0023,0.9116,-0.4104,0.0224,0.0196,-0.011,-0.9997,27.889,0.1918,0.049,0.729,0.2895,126.4,828.6,99.2,816.2,153.5,841.0,11,0.333,0
11,-63.22,-378.879,116.684,0.5821,0.8131,0.0028,0.9066,-0.4213,0.0226,0.0199,-0.0108,-0.9997,27.892,0.1852,0.021,0.687,0.18387,127.4,827.2,100.4,814.4,154.4,839.9,12,0.887,0
12,-62.251,-377.533,116.689,0.5863,0.8101,0.0033,0.9018,-0.4316,0.0229,0.0203,-0.0106,-0.9997,27.895,0.1792,0.026,0.651,0.17907,128.4,825.7,101.6,812.7,155.3,838.7,12,0.772,0
13,-61.274,-376.192,116.695,0.5919,0.806,0.0041,0.8971,-0.4413,0.0232,0.0208,-0.0101,-0.9997,27.899,0.1754,0.041,0.618,0.24126,129.5,824.3,102.7,811.0,156.2,837.6,13,0.104,0
14,-60.286,-374.859,116.703,0.5987,0.8009,0.0053,0.8925,-0.4505,0.0234,0.0215,-0.0094,-0.9997,27.902,0.1737,0.057,0.589,0.29645,130.5,822.9,103.9,809.3,157.1,836.5,14,0.668,0
15,-59.287,-373.535,116.713,0.6068,0.7948,0.0067,0.888,-0.4592,0.0237,0.0222,-0.0085,-0.9997,27.905,0.174,0.065,0.561,0.35351,131.6,821.4,105.1,807.6,158.1,835.3,14,0.991,0
16,-58.272,-372.222,116.726,0.6154,0.7881,0.0084,0.8837,-0.4674,0.0239,0.0231,-0.0074,-0.9997,27.908,0.1757,0.081,0.531,0.38102,132.7,820.0,106.3,805.9,159.0,834.2,15,0.124,0
17,-57.245,-370.919,116.741,0.6226,0.7825,0.0099,0.8795,-0.4752,0.0241,0.0239,-0.0064,-0.9997,27.911,0.176,0.073,0.508,0.31924,133.8,818.7,107.6,804.3,160.0,833.0,16,0.83,0
18,-56.206,-369.625,116.758,0.6297,0.7767,0.0112,0.8754,-0.4827,0.0243,0.0247,-0.0056,-0.9997,27.914,0.1766,0.065,0.49,0.31976,134.9,817.3,108.8,802.7,161.0,831.9,16,0.829,0
19,-55.156,-368.341,116.778,0.6367,0.771,0.0123,0.8715,-0.4898,0.0245,0.0253,-0.005,-0.9997,27.917,0.1775,0.049,0.464,0.31406,136.0,815.9,110.0,801.1,162.0,830.7,17,0.201,0
20,-54.094,-367.067,116.799,0.6433,0.7655,0.0132,0.8676,-0.4966,0.0247,0.0259,-0.0046,-0.9997,27.92,0.1783,0.041,0.449,0.29829,137.2,814.5,111.3,799.6,163.0,829.5,18,1.293,0
21,-53.021,-365.801,116.821,0.6495,0.7603,0.0138,0.8639,-0.5031,0.0249,0.0263,-0.0043,-0.9996,27.923,0.1789,0.029,0.429,0.28024,138.3,813.2,112.5,798.0,164.1,828.4,18,0.366,0
22,-51.939,-364.544,116.845,0.6555,0.7551,0.015,0.8602,-0.5093,0.0251,0.027,-0.0036,-0.9996,27.926,0.1797,0.057,0.414,0.27727,139.5,811.9,113.8,796.5,165.1,827.2,19,0.766,0
23,-50.846,-363.296,116.871,0.6613,0.75,0.0163,0.8567,-0.5152,0.0253,0.0278,-0.0028,-0.9996,27.929,0.1805,0.065,0.393,0.27048,140.6,810.5,115.1,795.0,166.2,826.1,19,0.893,0
24,-49.745,-362.055,116.899,0.6666,0.7453,0.017,0.8532,-0.5209,0.0255,0.0283,-0.0025,-0.9996,27.932,0.1809,0.033,0.383,0.24581,141.8,809.2,116.3,793.5,167.3,824.9,20,0.257,0
25,-48.635,-360.822,116.927,0.6714,0.7409,0.0173,0.8499,-0.5264,0.0256,0.0286,-0.0026,-0.9996,27.936,0.1811,0.018,0.368,0.22507,143.0,807.9,117.6,792.0,168.4,823.8,20,1.402,0
26,-47.517,-359.597,116.956,0.6759,0.7368,0.0171,0.8466,-0.5316,0.0258,0.0286,-0.003,-0.9996,27.938,0.181,0.023,0.353,0.21034,144.2,806.6,118.9,790.6,169.5,822.7,21,0.256,0
27,-46.392,-358.377,116.984,0.6801,0.733,0.0166,0.8434,-0.5366,0.026,0.0284,-0.0038,-0.9996,27.941,0.1807,0.047,0.34,0.19634,145.4,805.3,120.2,789.1,170.6,821.5,22,0.864,0
28,-45.261,-357.164,117.01,0.684,0.7293,0.0156,0.8403,-0.5415,0.0261,0.0279,-0.0049,-0.9996,27.944,0.1803,0.069,0.332,0.18881,146.6,804.0,121.5,787.7,171.7,820.4,22,0.795,0
29,-44.122,-355.958,117.036,0.6883,0.7252,0.0159,0.8372,-0.5463,0.0263,0.0282,-0.0049,-0.9996,27.947,0.1805,0.017,0.328,0.20545,147.8,802.7,122.8,786.2,172.8,819.2,23,0.276,0
30,-42.977,-354.758,117.063,0.6926,0.7212,0.0162,0.8342,-0.5509,0.0265,0.0285,-0.0049,-0.9996,27.95,0.1809,0.017,0.315,0.20305,149.0,801.4,124.1,784.8,174.0,818.1,24,1.275,0
31,-41.824,-353.564,117.09,0.6965,0.7174,0.016,0.8312,-0.5553,0.0266,0.0285,-0.0054,-0.9996,27.952,0.181,0.029,0.305,0.18816,150.3,800.2,125.4,783.4,175.1,817.0,24,0.384,0
32,-40.666,-352.377,117.116,0.7001,0.7139,0.0153,0.8283,-0.5596,0.0268,0.0282,-0.0062,-0.9996,27.955,0.1808,0.049,0.297,0.17507,151.5,798.9,126.8,782.0,176.3,815.8,25,0.521,0
33,-39.502,-351.195,117.14,0.7033,0.7107,0.0141,0.8254,-0.5639,0.027,0.0276,-0.0075,-0.9996,27.957,0.1801,0.082,0.297,0.16167,152.7,797.7,128.1,780.6,177.4,814.7,25,1.139,0
34,-38.332,-350.019,117.162,0.7063,0.7078,0.0125,0.8226,-0.568,0.0272,0.0268,-0.0091,-0.9996,27.96,0.1793,0.102,0.285,0.15432,154.0,796.4,129.4,779.3,178.6,813.6,26,0.343,0
35,-37.158,-348.847,117.182,0.709,0.7051,0.0105,0.8198,-0.572,0.0274,0.0257,-0.011,-0.9996,27.962,0.1782,0.126,0.28,0.14886,155.3,795.1,130.8,777.9,179.8,812.4,27,0.346,0
36,-35.98,-347.679,117.197,0.712,0.7021,0.0086,0.8171,-0.5759,0.0276,0.0247,-0.0129,-0.9996,27.964,0.1777,0.123,0.272,0.16055,156.5,793.9,132.1,776.5,180.9,811.3,28,0.934,0
37,-34.795,-346.518,117.21,0.7162,0.6978,0.0077,0.8143,-0.5797,0.0278,0.0243,-0.0139,-0.9996,27.966,0.1789,0.062,0.271,0.2099,157.8,792.7,133.4,775.2,182.1,810.2,28,0.725,0
38,-33.603,-345.363,117.222,0.7195,0.6944,0.0066,0.8116,-0.5835,0.0281,0.0237,-0.0151,-0.9996,27.968,0.1789,0.077,0.268,0.16797,159.1,791.4,134.8,773.8,183.3,809.1,29,0.233,0
39,-32.407,-344.213,117.232,0.7221,0.6918,0.0054,0.809,-0.5872,0.0283,0.0231,-0.0163,-0.9996,27.97,0.1781,0.077,0.259,0.13354,160.3,790.2,136.2,772.5,184.5,808.0,30,0.168,0
40,-31.207,-343.067,117.24,0.724,0.6898,0.004,0.8063,-0.5908,0.0285,0.0224,-0.0177,-0.9996,27.972,0.1763,0.09,0.258,0.10682,161.6,789.0,137.5,771.1,185.7,806.8,31,0.484,0
41,-30.005,-341.924,117.246,0.7253,0.6884,0.0025,0.8036,-0.5945,0.0288,0.0216,-0.0192,-0.9996,27.973,0.1737,0.097,0.263,0.08388,162.9,787.8,138.9,769.8,186.9,805.7,32,0.719,0
42,-28.801,-340.782,117.248,0.726,0.6877,0.0007,0.8009,-0.5981,0.0291,0.0208,-0.0208,-0.9996,27.975,0.1702,0.102,0.258,0.07094,164.2,786.5,140.3,768.5,188.2,804.6,33,0.877,0
43,-27.596,-339.641,117.248,0.726,0.6877,-0.0012,0.7982,-0.6017,0.0294,0.0198,-0.0226,-0.9995,27.976,0.1657,0.118,0.258,0.06561,165.5,785.3,141.6,767.1,189.4,803.5,33,0.782,0
44,-26.392,-338.5,117.244,0.7255,0.6882,-0.0033,0.7954,-0.6053,0.0297,0.0187,-0.0245,-0.9995,27.977,0.1604,0.126,0.262,0.07651,166.8,784.1,143.0,765.8,190.6,802.4,34,0.693,0
45,-25.189,-337.357,117.237,0.7246,0.6891,-0.0059,0.7926,-0.609,0.03,0.0173,-0.0268,-0.9995,27.978,0.1545,0.154,0.266,0.09999,168.1,782.9,144.4,764.5,191.8,801.3,35,0.666,0
46,-23.987,-336.213,117.225,0.7242,0.6896,-0.0084,0.7898,-0.6127,0.0303,0.0159,-0.029,-0.9995,27.979,0.1492,0.149,0.266,0.08908,169.3,781.6,145.7,763.1,193.0,800.2,36,0.694,0
47,-22.786,-335.069,117.209,0.7243,0.6894,-0.0105,0.7869,-0.6164,0.0307,0.0148,-0.0308,-0.9994,27.98,0.1447,0.121,0.27,0.07291,170.6,780.4,147.1,761.8,194.2,799.1,37,0.767,0
48,-21.584,-333.926,117.19,0.725,0.6886,-0.0122,0.7839,-0.6201,0.0311,0.014,-0.0324,-0.9994,27.981,0.1409,0.102,0.274,0.06923,171.9,779.2,148.5,760.5,195.4,797.9,39,0.643,0
49,-20.38,-332.785,117.169,0.7263,0.6872,-0.0135,0.7809,-0.6239,0.0314,0.0133,-0.0337,-0.9993,27.982,0.138,0.085,0.278,0.0798,173.2,778.0,149.9,759.1,196.6,796.8,40,0.485,0
50,-19.173,-331.646,117.146,0.7282,0.6853,-0.0144,0.7778,-0.6277,0.0318,0.0129,-0.0347,-0.9993,27.982,0.1358,0.062,0.282,0.09781,174.5,776.7,151.2,757.8,197.8,795.7,41,0.315,0
51,-17.963,-330.511,117.121,0.7306,0.6826,-0.0149,0.7747,-0.6315,0.0322,0.0127,-0.0354,-0.9993,27.982,0.1345,0.042,0.282,0.12589,175.8,775.5,152.6,756.4,199.0,794.6,42,0.141,0
52,-16.748,-329.381,117.096,0.7338,0.6792,-0.0151,0.7715,-0.6354,0.0326,0.0127,-0.0359,-0.9993,27.983,0.1341,0.029,0.29,0.16138,177.1,774.3,154.0,755.1,200.2,793.5,43,0.031,0
53,-15.528,-328.258,117.071,0.7376,0.675,-0.0148,0.7682,-0.6393,0.033,0.0129,-0.0361,-0.9993,27.983,0.1346,0.016,0.294,0.19586,178.4,773.1,155.4,753.8,201.4,792.4,44,0.2,0
54,-14.301,-327.141,117.046,0.7405,0.6718,-0.0161,0.7649,-0.6433,0.0334,0.0122,-0.0374,-0.9992,27.984,0.1337,0.085,0.298,0.15576,179.7,771.9,156.8,752.5,202.6,791.4,45,0.363,0
55,-13.07,-326.028,117.018,0.7431,0.6689,-0.0175,0.7615,-0.6473,0.0338,0.0114,-0.0388,-0.9992,27.984,0.1323,0.092,0.302,0.14294,181.0,770.7,158.2,751.1,203.8,790.3,46,0.518,0
56,-11.835,-324.921,116.988,0.7458,0.6659,-0.0184,0.758,-0.6513,0.0342,0.0109,-0.0398,-0.9991,27.984,0.131,0.064,0.305,0.14281,182.3,769.5,159.7,749.8,205.0,789.2,47,0.664,0
57,-10.596,-323.819,116.957,0.7486,0.6628,-0.0187,0.7545,-0.6554,0.0346,0.0107,-0.0404,-0.9991,27.985,0.1298,0.036,0.31,0.14462,183.7,768.3,161.1,748.5,206.3,788.2,49,0.743,0
58,-9.351,-322.722,116.926,0.7514,0.6596,-0.0185,0.7508,-0.6595,0.035,0.011,-0.0405,-0.9991,27.985,0.1285,0.018,0.317,0.147,185.0,767.2,162.5,747.2,207.5,787.1,50,0.64,0
59,-8.102,-321.63,116.896,0.7542,0.6564,-0.0178,0.7472,-0.6637,0.0354,0.0115,-0.0403,-0.9991,27.986,0.1273,0.031,0.318,0.14882,186.3,766.0,164.0,745.9,208.7,786.1,51,0.554,0
60,-6.849,-320.544,116.868,0.7571,0.6531,-0.0164,0.7434,-0.6679,0.0358,0.0125,-0.0396,-0.9991,27.986,0.126,0.07,0.325,0.15923,187.7,764.8,165.4,744.6,209.9,785.0,52,0.483,0
61,-5.59,-319.463,116.842,0.7599,0.6499,-0.0146,0.7395,-0.6722,0.0362,0.0138,-0.0386,-0.9992,27.986,0.1246,0.094,0.333,0.15945,189.0,763.6,166.9,743.3,211.2,784.0,53,0.426,0
62,-4.327,-318.388,116.818,0.7629,0.6464,-0.0141,0.7356,-0.6764,0.0366,0.0142,-0.0386,-0.9992,27.987,0.1234,0.023,0.329,0.16012,190.4,762.5,168.4,742.1,212.4,783.0,54,0.381,0
63,-3.059,-317.318,116.795,0.7657,0.643,-0.0135,0.7316,-0.6808,0.0369,0.0146,-0.0385,-0.9992,27.988,0.1219,0.024,0.341,0.15349,191.7,761.3,169.8,740.8,213.6,781.9,55,0.346,0
64,-1.786,-316.254,116.773,0.7685,0.6397,-0.0128,0.7274,-0.6852,0.0373,0.0152,-0.0383,-0.9992,27.988,0.1202,0.036,0.349,0.1514,193.1,760.2,171.3,739.5,214.9,780.9,56,0.32,0
65,-0.509,-315.195,116.753,0.7712,0.6365,-0.0119,0.7232,-0.6896,0.0377,0.0159,-0.0379,-0.9992,27.989,0.1184,0.046,0.349,0.14789,194.5,759.1,172.8,738.2,216.1,779.9,57,0.301,0
66,0.773,-314.142,116.734,0.7739,0.6333,-0.0109,0.7189,-0.6941,0.038,0.0166,-0.0375,-0.9992,27.99,0.1164,0.046,0.357,0.14863,195.8,757.9,174.3,737.0,217.4,778.9,58,0.287,0
67,2.059,-313.094,116.717,0.7765,0.6301,-0.0096,0.7144,-0.6987,0.0384,0.0176,-0.0369,-0.9992,27.991,0.1141,0.067,0.369,0.14929,197.2,756.8,175.8,735.7,218.6,778.0,59,0.277,0
68,3.35,-312.051,116.702,0.7791,0.6268,-0.0082,0.7098,-0.7034,0.0387,0.0186,-0.0362,-0.9992,27.992,0.1118,0.07,0.377,0.15291,198.6,755.7,177.3,734.4,219.8,777.0,60,0.269,0
69,4.645,-311.014,116.69,0.7817,0.6236,-0.0065,0.705,-0.7081,0.0391,0.0198,-0.0353,-0.9992,27.993,0.1093,0.086,0.386,0.15402,200.0,754.6,178.9,733.2,221.1,776.0,61,0.262,0
70,5.944,-309.982,116.68,0.7843,0.6203,-0.0049,0.7001,-0.7129,0.0394,0.021,-0.0346,-0.9992,27.995,0.1067,0.08,0.393,0.15525,201.4,753.5,180.4,731.9,222.3,775.1,62,0.254,0
71,7.247,-308.955,116.673,0.7871,0.6168,-0.0035,0.6951,-0.7178,0.0397,0.0221,-0.0339,-0.9992,27.996,0.1042,0.075,0.401,0.16217,202.7,752.4,181.9,730.7,223.6,774.1,63,0.243,0
72,8.556,-307.935,116.668,0.79,0.6131,-0.0023,0.6898,-0.7229,0.04,0.023,-0.0334,-0.9992,27.998,0.1016,0.059,0.422,0.16754,204.1,751.3,183.5,729.4,224.8,773.2,64,0.229,0
73,9.869,-306.921,116.665,0.7931,0.609,-0.0013,0.6844,-0.728,0.0403,0.0238,-0.033,-0.9992,28.0,0.0994,0.051,0.426,0.18083,205.6,750.2,185.1,728.2,226.1,772.2,65,0.209,0
74,11.188,-305.914,116.664,0.7964,0.6048,-0.0004,0.6789,-0.7331,0.0406,0.0244,-0.0328,-0.9992,28.001,0.0973,0.036,0.43,0.18703,207.0,749.1,186.6,727.0,227.3,771.3,66,0.183,0
75,12.512,-304.915,116.664,0.7999,0.6002,0.0002,0.6731,-0.7384,0.041,0.0248,-0.0328,-0.9992,28.003,0.0952,0.023,0.451,0.20068,208.4,748.1,188.2,725.7,228.6,770.4,67,0.148,0
76,13.842,-303.923,116.665,0.8033,0.5955,0.0011,0.6671,-0.7438,0.0413,0.0255,-0.0325,-0.9991,28.005,0.093,0.044,0.463,0.20269,209.8,747.0,189.8,724.5,229.8,769.5,68,0.103,0
77,15.177,-302.938,116.668,0.8067,0.591,0.0026,0.661,-0.7493,0.0415,0.0266,-0.032,-0.9991,28.008,0.0905,0.069,0.471,0.20153,211.2,745.9,191.4,723.3,231.1,768.6,69,0.047,0
78,16.519,-301.962,116.673,0.8102,0.5862,0.0036,0.6546,-0.7548,0.0418,0.0274,-0.0317,-0.9991,28.01,0.088,0.049,0.484,0.20803,212.7,744.9,193.1,722.1,232.3,767.7,70,0.021,0
79,17.866,-300.993,116.68,0.8137,0.5813,0.0043,0.648,-0.7604,0.0421,0.0278,-0.0316,-0.9991,28.012,0.0854,0.024,0.496,0.20935,214.1,743.9,194.7,720.9,233.5,766.9,71,0.103,0
80,19.219,-300.033,116.687,0.8173,0.5763,0.0046,0.6413,-0.7661,0.0424,0.028,-0.0318,-0.9991,28.014,0.0828,0.016,0.504,0.213,215.6,742.8,196.3,719.7,234.8,766.0,72,0.2,0
81,20.578,-299.081,116.694,0.8209,0.5711,0.0044,0.6343,-0.7719,0.0427,0.0279,-0.0323,-0.9991,28.016,0.0801,0.029,0.521,0.2185,217.0,741.8,198.0,718.5,236.0,765.2,73,0.314,0
82,21.943,-298.138,116.702,0.8245,0.5659,0.004,0.6272,-0.7777,0.043,0.0275,-0.033,-0.9991,28.019,0.0772,0.046,0.526,0.21883,218.5,740.8,199.7,717.3,237.3,764.4,74,0.446,0
83,23.314,-297.204,116.709,0.8282,0.5604,0.0046,0.6199,-0.7835,0.0432,0.0279,-0.033,-0.9991,28.021,0.0745,0.023,0.534,0.22986,219.9,739.8,201.4,716.1,238.5,763.5,75,0.597,0
84,24.691,-296.278,116.717,0.8319,0.5549,0.0049,0.6123,-0.7894,0.0435,0.0281,-0.0333,-0.9991,28.024,0.0715,0.021,0.552,0.22915,221.4,738.8,203.0,715.0,239.8,762.7,77,0.697,0
85,26.074,-295.362,116.725,0.8355,0.5494,0.0048,0.6047,-0.7953,0.0438,0.028,-0.0338,-0.999,28.026,0.0685,0.029,0.552,0.22704,222.9,737.9,204.8,713.8,241.0,761.9,78,0.482,0
86,27.463,-294.455,116.732,0.839,0.5441,0.0045,0.5969,-0.8011,0.0441,0.0276,-0.0344,-0.999,28.028,0.0651,0.041,0.557,0.21958,224.4,736.9,206.5,712.7,242.3,761.1,79,0.245,0
87,28.858,-293.557,116.739,0.8424,0.5389,0.0038,0.5889,-0.807,0.0444,0.027,-0.0352,-0.999,28.03,0.0614,0.057,0.57,0.21591,225.9,735.9,208.2,711.5,243.5,760.4,80,0.016,0
88,30.258,-292.667,116.745,0.8455,0.534,0.003,0.5808,-0.8128,0.0447,0.0263,-0.0361,-0.999,28.032,0.0572,0.065,0.571,0.20209,227.4,735.0,209.9,710.4,244.8,759.6,81,0.301,0
89,31.663,-291.784,116.75,0.8483,0.5295,0.0026,0.5727,-0.8185,0.045,0.026,-0.0367,-0.999,28.034,0.0525,0.038,0.568,0.18355,228.9,734.0,211.7,709.3,246.1,758.8,82,0.611,0
90,33.073,-290.91,116.754,0.8516,0.5243,0.0022,0.5646,-0.8241,0.0453,0.0256,-0.0374,-0.999,28.036,0.0488,0.046,0.564,0.21314,230.4,733.1,213.4,708.2,247.3,758.1,84,0.352,0
91,34.489,-290.045,116.757,0.855,0.5186,0.0017,0.5566,-0.8295,0.0456,0.0251,-0.0381,-0.999,28.038,0.0458,0.049,0.553,0.22985,231.9,732.2,215.2,707.1,248.6,757.3,85,0.032,0
92,35.91,-289.19,116.759,0.8585,0.5127,0.0012,0.549,-0.8346,0.0459,0.0245,-0.0388,-0.9989,28.039,0.0435,0.053,0.525,0.23755,233.4,731.3,216.9,706.0,249.9,756.5,86,0.438,0
93,37.338,-288.344,116.761,0.862,0.5069,0.0006,0.5417,-0.8393,0.0462,0.024,-0.0395,-0.9989,28.041,0.0415,0.049,0.498,0.23486,234.9,730.4,218.7,705.0,251.2,755.8,88,0.354,0
94,38.771,-287.508,116.761,0.8653,0.5012,0.0001,0.535,-0.8436,0.0465,0.0234,-0.0403,-0.9989,28.042,0.0401,0.057,0.456,0.22809,236.5,729.5,220.4,703.9,252.5,755.0,89,0.104,0
95,40.208,-286.68,116.76,0.8679,0.4968,-0.001,0.529,-0.8473,0.0468,0.0224,-0.0412,-0.9989,28.042,0.0381,0.077,0.404,0.18054,238.0,728.6,222.1,702.9,253.9,754.2,90,0.575,0
96,41.65,-285.859,116.758,0.8704,0.4924,-0.0017,0.5236,-0.8506,0.0471,0.0217,-0.042,-0.9989,28.043,0.0368,0.061,0.363,0.17642,239.5,727.7,223.8,702.0,255.3,753.5,92,0.112,0
97,43.097,-285.046,116.755,0.8728,0.488,-0.0021,0.519,-0.8534,0.0474,0.0214,-0.0425,-0.9989,28.043,0.0364,0.033,0.309,0.17361,241.1,726.8,225.5,701.0,256.7,752.7,93,0.38,0
98,44.547,-284.24,116.751,0.8753,0.4836,-0.0022,0.5152,-0.8558,0.0477,0.0212,-0.043,-0.9989,28.043,0.037,0.031,0.258,0.17478,242.6,726.0,227.2,700.1,258.1,751.9,95,0.321,0
99,46.001,-283.441,116.748,0.8777,0.4792,-0.002,0.5121,-0.8576,0.048,0.0213,-0.0432,-0.9988,28.043,0.0384,0.013,0.206,0.17321,244.2,725.1,228.8,699.2,259.6,751.1,96,0.131,0
100,47.46,-282.65,116.745,0.8802,0.4746,-0.0016,0.5098,-0.8589,0.0483,0.0216,-0.0434,-0.9988,28.043,0.041,0.021,0.152,0.18132,245.8,724.3,230.4,698.3,261.1,750.3,97,0.555,0
101,48.922,-281.866,116.743,0.8827,0.4699,-0.0009,0.5083,-0.8598,0.0486,0.0221,-0.0434,-0.9988,28.043,0.0446,0.029,0.102,0.18542,247.3,723.4,232.0,697.4,262.6,749.5,99,0.37,0
102,50.388,-281.091,116.742,0.8854,0.4648,0.0001,0.5076,-0.8602,0.0488,0.0229,-0.0432,-0.9988,28.042,0.0496,0.047,0.048,0.20229,248.9,722.6,233.6,696.6,264.2,748.7,100,0.076,0
103,51.861,-280.325,116.744,0.889,0.4579,0.0015,0.5078,-0.8601,0.0491,0.0238,-0.043,-0.9988,28.042,0.0577,0.053,0.021,0.27303,250.5,721.8,235.2,695.8,265.7,747.8,101,0.162,0
104,53.338,-279.57,116.747,0.8918,0.4524,0.0023,0.5087,-0.8595,0.0493,0.0244,-0.0429,-0.9988,28.041,0.0649,0.035,0.063,0.21494,252.0,721.0,236.8,695.0,267.4,747.0,102,0.334,0
105,54.82,-278.824,116.751,0.894,0.448,0.0028,0.5104,-0.8585,0.0495,0.0246,-0.043,-0.9988,28.041,0.0718,0.013,0.114,0.17074,253.6,720.2,238.3,694.2,269.0,746.2,103,0.435,0
106,56.305,-278.083,116.756,0.8957,0.4446,0.0029,0.5126,-0.8572,0.0497,0.0246,-0.0432,-0.9988,28.04,0.0782,0.011,0.147,0.13132,255.2,719.4,239.8,693.5,270.6,745.4,104,0.457,0
107,57.792,-277.348,116.76,0.8969,0.4423,0.0026,0.5153,-0.8556,0.0499,0.0244,-0.0436,-0.9988,28.039,0.0839,0.026,0.18,0.09016,256.8,718.6,241.3,692.7,272.3,744.5,105,0.391,0
108,59.281,-276.615,116.764,0.8976,0.4408,0.0019,0.5185,-0.8536,0.05,0.0238,-0.0441,-0.9987,28.039,0.0892,0.045,0.216,0.06205,258.4,717.8,242.8,692.0,274.0,743.7,106,0.232,0
109,60.77,-275.884,116.767,0.8978,0.4403,0.0009,0.522,-0.8515,0.0502,0.023,-0.0448,-0.9987,28.038,0.0938,0.061,0.234,0.03919,260.0,717.0,244.3,691.3,275.7,742.8,107,0.043,0
110,62.26,-275.153,116.767,0.8976,0.4408,-0.0005,0.5258,-0.8491,0.0503,0.0218,-0.0456,-0.9987,28.037,0.0976,0.083,0.258,0.05178,261.6,716.2,245.8,690.6,277.4,742.0,108,0.404,0
111,63.748,-274.421,116.765,0.8969,0.4422,-0.0024,0.5298,-0.8466,0.0504,0.0204,-0.0467,-0.9987,28.036,0.1007,0.102,0.27,0.08502,263.2,715.5,247.2,689.9,279.1,741.1,109,0.885,0
112,65.238,-273.691,116.76,0.8992,0.4376,-0.0027,0.5339,-0.8441,0.0505,0.02,-0.0471,-0.9987,28.036,0.1106,0.032,0.275,0.17791,264.8,714.7,248.7,689.2,280.8,740.3,109,0.774,0
113,66.732,-272.968,116.756,0.9007,0.4344,-0.0032,0.5381,-0.8414,0.0506,0.0194,-0.0476,-0.9987,28.035,0.119,0.045,0.286,0.12324,266.4,713.9,250.2,688.5,282.6,739.4,110,0.186,0
114,68.227,-272.249,116.75,0.9015,0.4327,-0.004,0.5424,-0.8386,0.0506,0.0188,-0.0482,-0.9987,28.034,0.1259,0.049,0.294,0.07052,268.0,713.1,251.7,687.8,284.3,738.5,111,0.511,0
115,69.723,-271.532,116.742,0.9016,0.4325,-0.005,0.5469,-0.8357,0.0507,0.0179,-0.0489,-0.9986,28.033,0.1314,0.065,0.307,0.03539,269.6,712.4,253.1,687.1,286.0,737.7,111,1.149,0
116,71.218,-270.813,116.733,0.9009,0.4339,-0.0064,0.5514,-0.8327,0.0507,0.0168,-0.0497,-0.9986,28.032,0.1351,0.078,0.31,0.07251,271.2,711.6,254.6,686.4,287.8,736.8,112,0.354,0
117,72.712,-270.09,116.721,0.8994,0.437,-0.0082,0.556,-0.8297,0.0507,0.0155,-0.0506,-0.9986,28.031,0.1371,0.091,0.315,0.13419,272.8,710.8,256.0,685.7,289.5,736.0,113,0.541,0
118,74.202,-269.362,116.706,0.897,0.4419,-0.0103,0.5607,-0.8265,0.0507,0.014,-0.0518,-0.9986,28.03,0.1372,0.11,0.326,0.20188,274.3,710.0,257.5,685.0,291.2,735.1,113,1.118,0
119,75.688,-268.623,116.686,0.8935,0.4488,-0.0129,0.5654,-0.8232,0.0507,0.0123,-0.0531,-0.9985,28.029,0.1351,0.123,0.329,0.28185,275.9,709.3,258.9,684.4,293.0,734.2,114,0.128,0
120,77.167,-267.872,116.663,0.8904,0.4549,-0.0153,0.5703,-0.8199,0.0507,0.0106,-0.0543,-0.9985,28.028,0.134,0.119,0.338,0.25044,277.5,708.4,260.4,683.7,294.7,733.3,115,0.956,0
121,78.643,-267.115,116.636,0.8885,0.4585,-0.0171,0.5752,-0.8165,0.0506,0.0093,-0.0553,-0.9984,28.026,0.1358,0.094,0.342,0.15373,279.1,707.6,261.8,682.9,296.4,732.4,115,0.703,0
122,80.116,-266.351,116.606,0.8863,0.4627,-0.0193,0.5801,-0.813,0.0505,0.0077,-0.0565,-0.9984,28.025,0.137,0.115,0.345,0.18049,280.7,706.8,263.2,682.2,298.1,731.4,116,0.47,0
123,81.584,-265.579,116.572,0.8836,0.4676,-0.0219,0.5851,-0.8094,0.0504,0.0059,-0.0579,-0.9983,28.023,0.1374,0.131,0.353,0.21305,282.2,706.0,264.6,681.5,299.9,730.5,116,1.189,0
124,83.047,-264.799,116.533,0.8806,0.4732,-0.0248,0.5902,-0.8057,0.0503,0.0039,-0.0595,-0.9982,28.022,0.1372,0.147,0.361,0.24118,283.8,705.1,266.1,680.8,301.6,729.5,117,0.069,0
125,84.506,-264.008,116.489,0.8772,0.4794,-0.0281,0.5952,-0.802,0.0502,0.0015,-0.0613,-0.9981,28.02,0.1362,0.172,0.356,0.26946,285.4,704.3,267.5,680.0,303.3,728.6,118,1.401,0
126,85.958,-263.208,116.44,0.8733,0.4862,-0.0317,0.6003,-0.7982,0.05,-0.001,-0.0633,-0.998,28.018,0.1346,0.184,0.365,0.29788,286.9,703.4,268.9,679.3,305.0,727.6,118,0.259,0
127,87.403,-262.395,116.384,0.8696,0.4926,-0.0349,0.6055,-0.7943,0.0498,-0.0032,-0.0651,-0.9979,28.016,0.1335,0.163,0.373,0.27819,288.4,702.5,270.2,678.5,306.7,726.6,119,1.135,0
128,88.843,-261.573,116.324,0.866,0.4987,-0.038,0.6106,-0.7904,0.0497,-0.0053,-0.0668,-0.9978,28.014,0.1327,0.155,0.368,0.26699,290.0,701.7,271.6,677.8,308.4,725.6,119,0.524,0
129,90.277,-260.74,116.258,0.862,0.5053,-0.0415,0.6157,-0.7864,0.0494,-0.0077,-0.0688,-0.9976,28.012,0.1313,0.179,0.372,0.29262,291.5,700.8,273.0,677.0,310.0,724.6,120,0.92,0
130,91.703,-259.896,116.186,0.8576,0.5124,-0.0455,0.6209,-0.7823,0.0492,-0.0105,-0.0711,-0.9974,28.009,0.1294,0.208,0.38,0.3198,293.0,699.8,274.4,676.2,311.7,723.5,120,0.739,0
131,93.122,-259.04,116.106,0.8527,0.52,-0.0501,0.6261,-0.7782,0.0489,-0.0136,-0.0737,-0.9972,28.007,0.1268,0.232,0.38,0.35035,294.5,698.9,275.7,675.4,313.4,722.5,121,0.745,0
132,94.532,-258.17,116.019,0.8473,0.5282,-0.0551,0.6312,-0.7741,0.0487,-0.0171,-0.0766,-0.9969,28.004,0.1233,0.261,0.375,0.38051,296.0,698.0,277.1,674.6,315.0,721.4,121,0.914,0
133,95.934,-257.287,115.923,0.8418,0.5365,-0.0602,0.6364,-0.7699,0.0483,-0.0205,-0.0796,-0.9966,28.001,0.1198,0.26,0.384,0.38633,297.5,697.0,278.4,673.8,316.7,720.3,122,0.6,0
134,97.326,-256.39,115.82,0.8363,0.5445,-0.0649,0.6415,-0.7656,0.048,-0.0237,-0.0823,-0.9963,27.997,0.1165,0.241,0.383,0.37248,299.0,696.0,279.8,672.9,318.3,719.2,122,1.059,0
135,98.708,-255.48,115.708,0.8303,0.5529,-0.07,0.6467,-0.7613,0.0477,-0.0271,-0.0854,-0.996,27.993,0.1127,0.264,0.387,0.39757,300.5,695.0,281.1,672.1,319.9,718.1,123,0.473,0
136,100.08,-254.555,115.587,0.8238,0.5618,-0.0756,0.6518,-0.7569,0.0473,-0.0308,-0.0888,-0.9956,27.99,0.1082,0.289,0.387,0.42694,302.0,694.0,282.4,671.2,321.5,716.9,123,1.186,0
137,101.442,-253.616,115.457,0.8169,0.5709,-0.0816,0.6569,-0.7525,0.0469,-0.0348,-0.0924,-0.9951,27.985,0.1032,0.31,0.387,0.44551,303.4,693.0,283.7,670.3,323.1,715.7,124,0.356,0
138,102.791,-252.661,115.316,0.8096,0.5804,-0.088,0.662,-0.7481,0.0464,-0.039,-0.0963,-0.9946,27.981,0.0977,0.33,0.387,0.46908,304.8,692.0,285.0,669.4,324.7,714.6,124,1.303,0
139,104.128,-251.69,115.166,0.8024,0.5893,-0.0936,0.667,-0.7436,0.046,-0.0427,-0.0998,-0.9941,27.976,0.0927,0.293,0.386,0.44009,306.2,690.9,286.2,668.5,326.3,713.4,125,0.238,0
140,105.454,-250.705,115.005,0.7948,0.5986,-0.0998,0.6721,-0.7391,0.0455,-0.0467,-0.1036,-0.9935,27.97,0.0872,0.318,0.391,0.46679,307.7,689.8,287.5,667.6,327.8,712.1,125,1.421,0
141,106.765,-249.704,114.834,0.7865,0.6084,-0.1065,0.6771,-0.7346,0.045,-0.051,-0.1078,-0.9929,27.965,0.0808,0.346,0.386,0.50022,309.0,688.7,288.7,666.6,329.4,710.9,126,0.109,0
142,108.063,-248.686,114.652,0.7776,0.6185,-0.1137,0.682,-0.73,0.0445,-0.0556,-0.1124,-0.9921,27.959,0.0738,0.376,0.386,0.52717,310.4,687.6,290.0,665.6,330.9,709.6,126,1.55,0
143,109.345,-247.651,114.457,0.7679,0.6289,-0.1215,0.6869,-0.7254,0.0439,-0.0606,-0.1174,-0.9912,27.952,0.0659,0.408,0.387,0.56013,311.8,686.5,291.2,664.6,332.4,708.3,127,0.042,0
144,110.611,-246.599,114.249,0.7582,0.6392,-0.1288,0.6918,-0.7208,0.0433,-0.0652,-0.1222,-0.9904,27.945,0.0582,0.384,0.387,0.54982,313.1,685.3,292.4,663.6,333.9,707.0,128,1.435,0
145,111.861,-245.53,114.029,0.7482,0.6493,-0.1362,0.6966,-0.7162,0.0427,-0.0699,-0.127,-0.9894,27.938,0.0504,0.389,0.382,0.55336,314.4,684.1,293.6,662.6,335.3,705.7,128,0.224,0
146,113.094,-244.444,113.797,0.7379,0.6594,-0.1439,0.7014,-0.7115,0.0421,-0.0747,-0.1321,-0.9884,27.93,0.0423,0.405,0.386,0.5647,315.7,682.9,294.7,661.6,336.7,704.4,129,1.211,0
147,114.309,-243.342,113.551,0.7271,0.6694,-0.152,0.7061,-0.7069,0.0415,-0.0797,-0.1375,-0.9873,27.921,0.0339,0.426,0.378,0.58017,317.0,681.7,295.9,660.5,338.2,703.0,129,0.448,0
148,115.506,-242.223,113.292,0.716,0.6794,-0.1602,0.7108,-0.7022,0.0408,-0.0848,-0.1431,-0.9861,27.912,0.0253,0.439,0.383,0.58863,318.3,680.5,297.0,659.4,339.5,701.6,130,0.935,0
149,116.685,-241.088,113.02,0.705,0.6891,-0.1678,0.7154,-0.6976,0.0401,-0.0895,-0.1484,-0.9849,27.902,0.0169,0.412,0.375,0.57044,319.5,679.2,298.1,658.3,340.9,700.2,130,0.724,0
150,117.845,-239.936,112.735,0.6922,0.6998,-0.1767,0.7199,-0.6929,0.0394,-0.0949,-0.1545,-0.9834,27.892,0.0065,0.475,0.375,0.65298,320.7,678.0,299.2,657.2,342.2,698.8,131,0.598,0
151,118.981,-238.765,112.433,0.6774,0.7115,-0.187,0.7244,-0.6883,0.0387,-0.1012,-0.1616,-0.9816,27.882,0.0063,0.554,0.371,0.74226,321.9,676.7,300.3,656.1,343.6,697.3,131,1.061,0
152,120.091,-237.574,112.114,0.6602,0.7243,-0.1987,0.7287,-0.6837,0.0379,-0.1084,-0.1699,-0.9795,27.87,0.0216,0.641,0.364,0.8435,323.1,675.4,301.3,654.9,344.8,695.9,132,0.192,1
153,121.171,-236.362,111.774,0.6421,0.7372,-0.2103,0.733,-0.6792,0.0372,-0.1155,-0.1781,-0.9772,27.858,0.0379,0.635,0.359,0.86586,324.2,674.0,302.4,653.7,346.1,694.4,133,1.369,1
154,122.221,-235.128,111.416,0.6237,0.7495,-0.2219,0.7371,-0.6748,0.0364,-0.1226,-0.1866,-0.9748,27.844,0.0541,0.649,0.348,0.86299,325.3,672.6,303.3,652.5,347.3,692.8,133,0.29,1
155,123.241,-233.875,111.038,0.6053,0.761,-0.2335,0.7412,-0.6704,0.0357,-0.1297,-0.1952,-0.9722,27.831,0.0699,0.656,0.347,0.8497,326.3,671.3,304.3,651.2,348.4,691.3,134,0.806,1
156,124.23,-232.604,110.641,0.5874,0.7713,-0.2449,0.7451,-0.6661,0.0349,-0.1367,-0.2037,-0.9694,27.816,0.0846,0.651,0.336,0.81469,327.4,669.8,305.2,650.0,349.5,689.7,134,0.853,1
157,125.189,-231.315,110.226,0.5687,0.7818,-0.2558,0.7489,-0.6618,0.0341,-0.1433,-0.212,-0.9667,27.801,0.1002,0.627,0.332,0.83082,328.4,668.4,306.1,648.7,350.6,688.2,135,0.16,1
158,126.117,-230.01,109.792,0.5488,0.792,-0.2674,0.7525,-0.6577,0.0333,-0.1505,-0.2211,-0.9636,27.784,0.1168,0.688,0.316,0.86997,329.3,667.0,307.0,647.4,351.7,686.6,136,1.088,1
159,127.01,-228.687,109.338,0.5276,0.802,-0.28,0.756,-0.6537,0.0326,-0.1584,-0.231,-0.96,27.768,0.1345,0.754,0.307,0.91906,330.2,665.5,307.8,646.0,352.7,685.0,136,0.572,1
160,127.867,-227.349,108.862,0.5051,0.8118,-0.2932,0.7594,-0.6498,0.0319,-0.1666,-0.2416,-0.956,27.75,0.1533,0.801,0.299,0.96238,331.1,664.0,308.6,644.7,353.6,683.3,137,0.268,1
161,128.686,-225.994,108.365,0.4824,0.821,-0.3055,0.7626,-0.6461,0.0311,-0.1744,-0.2517,-0.952,27.731,0.1721,0.766,0.284,0.9465,331.9,662.5,309.4,643.3,354.5,681.7,138,1.016,1
162,129.467,-224.625,107.848,0.4584,0.8296,-0.3188,0.7656,-0.6425,0.0305,-0.1829,-0.2629,-0.9473,27.712,0.1918,0.849,0.271,0.99307,332.7,660.9,310.1,641.9,355.4,680.0,138,0.643,1
163,130.206,-223.241,107.307,0.4323,0.8378,-0.3335,0.7685,-0.6392,0.0298,-0.1926,-0.2755,-0.9418,27.692,0.2132,0.964,0.255,1.07256,333.5,659.4,310.8,640.5,356.2,678.3,139,0.013,1
164,130.9,-221.845,106.741,0.4047,0.8456,-0.3481,0.7712,-0.636,0.0293,-0.2023,-0.2884,-0.9359,27.671,0.2359,0.985,0.242,1.11151,334.2,657.8,311.4,639.0,356.9,676.7,140,0.566,1
165,131.548,-220.436,106.151,0.3755,0.8527,-0.3631,0.7736,-0.633,0.0288,-0.2126,-0.3021,-0.9293,27.649,0.2597,1.052,0.222,1.15995,334.8,656.3,312.0,637.6,357.6,675.0,141,1.019,1
166,132.145,-219.016,105.535,0.3442,0.8588,-0.3794,0.7759,-0.6303,0.0284,-0.224,-0.3173,-0.9215,27.627,0.285,1.177,0.204,1.23691,335.4,654.7,312.6,636.1,358.2,673.3,141,0.641,1
167,132.689,-217.587,104.892,0.3109,0.864,-0.396,0.7779,-0.6278,0.0281,-0.2361,-0.3334,-0.9127,27.604,0.3117,1.259,0.184,1.2976,335.9,653.1,313.0,634.6,358.8,671.6,142,0.289,1
168,133.176,-216.15,104.221,0.2763,0.8681,-0.4123,0.7797,-0.6256,0.0279,-0.2484,-0.3499,-0.9032,27.58,0.3392,1.299,0.163,1.3286,336.4,651.4,313.5,633.0,359.3,669.9,143,0.034,1
169,133.605,-214.707,103.524,0.2408,0.8707,-0.4289,0.7812,-0.6237,0.0279,-0.2614,-0.3673,-0.8926,27.556,0.3669,1.385,0.139,1.35651,336.8,649.8,313.9,631.5,359.7,668.2,144,0.132,1
170,133.975,-213.261,102.798,0.2048,0.8719,-0.4448,0.7824,-0.6222,0.028,-0.2746,-0.385,-0.8811,27.53,0.3947,1.426,0.11,1.35984,337.1,648.2,314.2,629.9,360.0,666.5,145,0.208,1
171,134.284,-211.814,102.048,0.1683,0.8718,-0.46,0.7833,-0.621,0.0284,-0.2879,-0.4029,-0.8688,27.505,0.4226,1.459,0.089,1.36559,337.4,646.6,314.5,628.3,360.3,664.8,146,0.2,1
172,134.534,-210.369,101.272,0.1321,0.8696,-0.4757,0.7839,-0.6202,0.0291,-0.302,-0.4218,-0.8549,27.478,0.4496,1.568,0.07,1.36497,337.6,644.9,314.7,626.8,360.5,663.1,147,0.11,1
173,134.722,-208.93,100.47,0.095,0.8661,-0.4908,0.7842,-0.6197,0.03,-0.3165,-0.4412,-0.8397,27.452,0.4769,1.638,0.061,1.38875,337.7,643.3,314.8,625.2,360.6,661.4,148,0.062,1
174,134.85,-207.496,99.644,0.0589,0.8613,-0.5047,0.7842,-0.6198,0.0313,-0.3308,-0.4602,-0.8239,27.424,0.5034,1.636,0.074,1.34617,337.8,641.7,314.9,623.6,360.6,659.8,149,0.312,1
175,134.918,-206.073,98.794,0.0243,0.8541,-0.5195,0.7837,-0.6203,0.0331,-0.3461,-0.4803,-0.8059,27.396,0.5279,1.777,0.111,1.3233,337.8,640.0,315.0,622.0,360.6,658.2,151,0.614,1
176,134.929,-204.663,97.919,-0.0142,0.845,-0.5345,0.7827,-0.6214,0.0355,-0.3633,-0.5024,-0.7846,27.365,0.5552,2.016,0.162,1.46137,337.7,638.4,315.0,620.3,360.4,656.6,152,0.139,1
177,134.872,-203.27,97.02,-0.053,0.8339,-0.5493,0.7812,-0.6231,0.0386,-0.3813,-0.5253,-0.7607,27.331,0.5822,2.159,0.22,1.48469,337.6,636.9,314.9,618.7,360.2,655.0,153,0.406,1
178,134.758,-201.898,96.095,-0.083,0.8199,-0.5665,0.7791,-0.6254,0.0427,-0.3997,-0.5481,-0.7347,27.292,0.6016,2.245,0.295,1.28851,337.4,635.3,314.8,617.1,359.9,653.5,155,0.032,1
179,134.598,-200.552,95.139,-0.111,0.8025,-0.5863,0.7762,-0.6286,0.048,-0.4201,-0.5725,-0.7041,27.247,0.6188,2.529,0.392,1.32815,337.1,633.7,314.7,615.5,359.6,652.0,157,0.096,1
180,134.389,-199.233,94.154,-0.1406,0.7877,-0.5998,0.7725,-0.6327,0.0549,-0.4375,-0.5928,-0.6761,27.186,0.6399,2.218,0.506,1.23435,336.8,632.2,314.5,613.9,359.1,650.6,159,0.012,1
181,134.131,-197.935,93.153,-0.1716,0.7767,-0.606,0.7675,-0.6378,0.0641,-0.4514,-0.6087,-0.6524,27.095,0.6659,1.819,0.667,1.15602,336.5,630.7,314.4,612.3,358.6,649.2,161,0.286,1
182,133.818,-196.661,92.138,-0.2062,0.7596,-0.6169,0.7612,-0.6441,0.0759,-0.4712,-0.6296,-0.6177,26.962,0.693,2.584,0.847,1.38516,336.0,629.3,314.3,610.7,357.9,647.8,164,0.108,1
183,133.446,-195.412,91.111,-0.2408,0.7475,-0.6191,0.7537,-0.6511,0.0898,-0.4869,-0.6449,-0.5891,26.776,0.7238,2.065,0.99,1.26817,335.6,627.8,314.1,609.2,357.1,646.5,167,0.053,1
184,133.02,-194.177,90.088,-0.2741,0.7402,-0.614,0.7454,-0.6582,0.1052,-0.4985,-0.6553,-0.5675,26.529,0.7561,1.526,1.082,1.19053,335.0,626.4,314.0,607.7,356.1,645.2,170,0.005,1
185,132.537,-192.959,89.071,-0.3068,0.7276,-0.6136,0.7368,-0.6651,0.1214,-0.5156,-0.669,-0.5354,26.226,0.7845,2.227,1.123,1.21036,334.4,625.0,313.9,606.3,355.1,643.8,173,0.129,1
186,132.004,-191.765,88.049,-0.3356,0.7102,-0.6188,0.7281,-0.6715,0.1377,-0.5374,-0.6839,-0.4935,25.878,0.8065,2.838,1.12,1.1759,333.8,623.6,313.7,605.0,353.9,642.4,175,0.26,1
187,131.425,-190.602,87.018,-0.3629,0.6928,-0.6232,0.7194,-0.6774,0.1537,-0.5602,-0.6966,-0.4482,25.501,0.8262,2.996,1.097,1.12835,333.1,622.3,313.6,603.7,352.7,640.9,178,0.143,1
188,130.798,-189.463,85.987,-0.3933,0.6808,-0.6179,0.7107,-0.6828,0.1691,-0.5804,-0.7051,-0.4074,25.104,0.8489,2.654,1.06,1.14346,332.4,621.0,313.3,602.5,351.5,639.5,180,0.022,1
189,130.12,-188.342,84.969,-0.4233,0.6698,-0.61,0.7019,-0.6881,0.1841,-0.6019,-0.7112,-0.3632,24.697,0.8703,2.838,1.042,1.13682,331.6,619.7,313.1,601.4,350.2,638.1,182,0.08,1
190,129.394,-187.24,83.963,-0.4513,0.6584,-0.6024,0.6928,-0.6933,0.1984,-0.6257,-0.7147,-0.3125,24.289,0.8886,3.216,1.016,1.07659,330.7,618.4,312.7,600.2,348.8,636.7,184,0.018,1
191,128.622,-186.156,82.973,-0.4788,0.6495,-0.5907,0.6834,-0.6985,0.2121,-0.65,-0.7145,-0.2587,23.886,0.9062,3.383,0.998,1.0769,329.8,617.2,312.4,599.1,347.4,635.3,186,0.178,1
192,127.807,-185.086,82.002,-0.5042,0.64,-0.5799,0.6736,-0.704,0.2251,-0.6768,-0.7099,-0.195,23.495,0.9207,3.969,0.985,1.00811,328.9,615.9,312.0,598.1,346.0,633.9,187,0.498,1
193,126.951,-184.032,81.049,-0.5276,0.6307,-0.5691,0.6633,-0.7097,0.2374,-0.7045,-0.6991,-0.1217,23.12,0.9327,4.533,0.975,0.94616,327.9,614.7,311.5,597.0,344.5,632.6,189,0.071,1
194,126.057,-182.993,80.114,-0.5496,0.6222,-0.5575,0.6525,-0.7157,0.249,-0.7318,-0.6804,-0.038,22.761,0.9427,5.159,0.971,0.90771,326.9,613.5,311.0,595.9,343.0,631.3,191,0.531,1
195,125.128,-181.967,79.199,-0.5699,0.6138,-0.5463,0.6412,-0.722,0.26,-0.7566,-0.6513,0.0575,22.421,0.9506,5.897,0.973,0.85165,325.9,612.3,310.5,594.8,341.4,630.0,192,0.069,1
196,124.166,-180.956,78.301,-0.5889,0.6053,-0.5356,0.6294,-0.7286,0.2703,-0.7758,-0.6092,0.1645,22.099,0.9564,6.683,0.974,0.8082,324.8,611.2,309.9,593.8,339.9,628.7,193,0.352,1
197,123.174,-179.959,77.422,-0.6075,0.5965,-0.5246,0.6169,-0.7355,0.28,-0.7852,-0.5509,0.2828,21.794,0.9604,7.581,0.989,0.80574,323.7,610.1,309.3,592.7,338.3,627.5,195,0.579,1
198,122.15,-178.977,76.561,-0.6262,0.5871,-0.5131,0.6039,-0.7428,0.2892,-0.7797,-0.475,0.4081,21.507,0.9626,8.407,1.004,0.82472,322.6,608.9,308.6,591.6,336.7,626.4,196,0.267,1
199,121.097,-178.011,75.719,-0.644,0.5776,-0.5016,0.5901,-0.7504,0.2979,-0.7569,-0.3858,0.5275,21.237,0.9629,8.647,1.031,0.80201,321.4,607.8,307.9,590.6,335.0,625.2,197,0.015,1
200,120.014,-177.06,74.896,-0.661,0.5683,-0.49,0.5756,-0.7583,0.3061,-0.7182,-0.2898,0.6326,20.984,0.9614,8.46,1.056,0.77997,320.2,606.8,307.2,589.5,333.3,624.1,198,0.265,1
201,118.904,-176.125,74.093,-0.6768,0.5595,-0.4784,0.5604,-0.7665,0.3137,-0.6685,-0.195,0.7177,20.747,0.9582,7.841,1.081,0.74201,319.0,605.7,306.5,588.5,331.7,623.0,199,0.489,1
202,117.768,-175.205,73.309,-0.693,0.5495,-0.4668,0.5445,-0.775,0.3209,-0.6115,-0.1049,0.7843,20.526,0.953,7.207,1.112,0.76989,317.8,604.6,305.7,587.4,329.9,622.0,200,0.69,1
203,116.606,-174.3,72.544,-0.7072,0.5406,-0.4557,0.5278,-0.7836,0.3275,-0.5562,-0.0275,0.8306,20.322,0.9461,6.064,1.141,0.69415,316.5,603.6,304.9,586.4,328.2,621.0,202,0.628,1
204,115.422,-173.41,71.796,-0.7194,0.5333,-0.4451,0.5105,-0.7925,0.3337,-0.5057,0.0372,0.8619,20.133,0.9384,5.035,1.17,0.6124,315.2,602.6,304.1,585.4,326.4,620.0,203,0.478,1
205,114.22,-172.53,71.067,-0.7299,0.5273,-0.4349,0.4924,-0.8015,0.3394,-0.4604,0.0911,0.883,19.958,0.9296,4.212,1.203,0.54638,313.9,601.6,303.3,584.3,324.7,619.1,204,0.338,1
206,113.0,-171.661,70.354,-0.7409,0.5203,-0.4247,0.4736,-0.8105,0.3447,-0.4181,0.1375,0.8979,19.798,0.919,3.698,1.232,0.57166,312.6,600.6,302.4,583.3,322.9,618.1,205,0.203,1
207,111.762,-170.804,69.657,-0.7514,0.5133,-0.4146,0.4542,-0.8195,0.3495,-0.3805,0.1763,0.9078,19.65,0.9068,3.148,1.256,0.5582,311.3,599.7,301.6,582.3,321.0,617.2,206,0.069,1
208,110.506,-169.958,68.978,-0.7615,0.5064,-0.4046,0.4341,-0.8284,0.3538,-0.347,0.2087,0.9143,19.517,0.8932,2.696,1.283,0.54562,309.9,598.7,300.7,581.3,319.2,616.3,207,0.066,1
209,109.235,-169.123,68.315,-0.7713,0.4995,-0.3945,0.4136,-0.8373,0.3577,-0.317,0.2359,0.9186,19.397,0.8784,2.333,1.3,0.54124,308.5,597.8,299.8,580.3,317.4,615.5,208,0.203,1
210,107.947,-168.3,67.669,-0.7809,0.4931,-0.3835,0.3926,-0.8459,0.3611,-0.2888,0.2594,0.9216,19.29,0.8622,2.11,1.315,0.55053,307.2,596.9,298.9,579.3,315.5,614.6,209,0.334,1
211,106.644,-167.487,67.042,-0.7903,0.4859,-0.3734,0.3713,-0.8541,0.3641,-0.2651,0.2783,0.9232,19.197,0.8444,1.739,1.319,0.53746,305.8,596.0,298.0,578.3,313.7,613.8,210,0.45,1
212,105.325,-166.688,66.43,-0.7991,0.4781,-0.3645,0.3501,-0.862,0.3666,-0.2461,0.293,0.9239,19.115,0.8255,1.377,1.304,0.50927,304.4,595.1,297.0,577.3,311.8,613.0,211,0.544,1
213,103.993,-165.901,65.832,-0.8072,0.47,-0.3571,0.3291,-0.8693,0.3688,-0.2316,0.3043,0.924,19.043,0.8059,1.053,1.28,0.471,302.9,594.2,296.0,576.4,309.9,612.2,212,0.607,1
214,102.647,-165.128,65.245,-0.815,0.4623,-0.3495,0.3085,-0.8761,0.3706,-0.2181,0.3141,0.924,18.982,0.786,0.956,1.247,0.46056,301.5,593.3,295.0,575.5,308.0,611.4,213,0.631,1
215,101.289,-164.367,64.672,-0.8221,0.4552,-0.3419,0.2884,-0.8822,0.3721,-0.2058,0.3224,0.924,18.929,0.7659,0.85,1.207,0.43487,300.1,592.5,294.0,574.6,306.2,610.6,214,0.607,1
216,99.919,-163.617,64.11,-0.8286,0.4485,-0.335,0.269,-0.8879,0.3733,-0.1953,0.3292,0.9238,18.884,0.7462,0.717,1.161,0.40088,298.6,591.7,292.9,573.7,304.3,609.8,215,0.529,1
217,98.54,-162.878,63.56,-0.8344,0.4424,-0.3287,0.2501,-0.8929,0.3743,-0.1862,0.335,0.9236,18.845,0.7267,0.618,1.122,0.3631,297.1,590.8,291.9,572.8,302.5,609.0,216,0.388,1
218,97.151,-162.149,63.019,-0.8397,0.4367,-0.3229,0.2319,-0.8975,0.375,-0.1784,0.3398,0.9234,18.812,0.7078,0.525,1.076,0.33519,295.7,590.0,290.8,571.9,300.6,608.3,217,0.181,1
219,95.753,-161.43,62.488,-0.8449,0.4305,-0.3174,0.2143,-0.9016,0.3757,-0.1716,0.3439,0.9232,18.783,0.6884,0.455,1.036,0.33788,294.2,589.2,289.6,571.1,298.8,607.5,218,0.098,1
220,94.347,-160.72,61.966,-0.8498,0.4249,-0.312,0.1974,-0.9053,0.3761,-0.1651,0.3475,0.923,18.759,0.6698,0.426,0.992,0.31749,292.7,588.5,288.5,570.3,297.0,606.8,219,0.45,1
221,92.933,-160.019,61.453,-0.8543,0.4199,-0.3065,0.181,-0.9086,0.3765,-0.1587,0.3508,0.9229,18.737,0.6515,0.413,0.959,0.30005,291.2,587.7,287.3,569.5,295.1,606.1,220,0.88,1
222,91.513,-159.326,60.949,-0.8583,0.4155,-0.3011,0.1653,-0.9115,0.3767,-0.1524,0.3538,0.9228,18.719,0.634,0.4,0.915,0.27739,289.7,586.9,286.1,568.7,293.3,605.3,220,0.779,1
223,90.085,-158.64,60.454,-0.8621,0.4116,-0.2956,0.1501,-0.914,0.3769,-0.1462,0.3565,0.9228,18.704,0.617,0.387,0.883,0.26727,288.2,586.2,284.9,567.9,291.5,604.6,221,0.268,1
224,88.652,-157.961,59.968,-0.8656,0.4081,-0.2902,0.1354,-0.9163,0.377,-0.1401,0.3589,0.9228,18.691,0.6005,0.376,0.853,0.25299,286.7,585.4,283.7,567.1,289.7,603.9,222,0.33,1
225,87.213,-157.287,59.49,-0.8692,0.4038,-0.2853,0.1213,-0.9182,0.377,-0.1351,0.361,0.9227,18.679,0.5838,0.311,0.815,0.25714,285.2,584.7,282.5,566.3,287.9,603.1,223,1.015,1
226,85.768,-156.62,59.021,-0.8725,0.4,-0.2805,0.1077,-0.9199,0.377,-0.1304,0.3628,0.9227,18.669,0.5677,0.288,0.785,0.2402,283.7,583.9,281.2,565.6,286.1,602.4,223,0.644,1
227,84.318,-155.96,58.559,-0.8756,0.3965,-0.2759,0.0945,-0.9214,0.3769,-0.1257,0.3645,0.9227,18.661,0.5521,0.286,0.761,0.22649,282.2,583.2,280.0,564.9,284.3,601.7,224,0.133,1
228,82.863,-155.305,58.105,-0.8785,0.3933,-0.2713,0.0817,-0.9227,0.3768,-0.1211,0.366,0.9227,18.654,0.5369,0.277,0.737,0.21789,280.6,582.5,278.7,564.1,282.6,601.0,225,0.992,1
229,81.403,-154.654,57.659,-0.8812,0.3904,-0.2667,0.0692,-0.9238,0.3766,-0.1165,0.3674,0.9227,18.649,0.5221,0.275,0.719,0.20963,279.1,581.8,277.4,563.4,280.8,600.3,225,0.667,1
230,79.939,-154.009,57.22,-0.8837,0.3877,-0.2621,0.057,-0.9247,0.3764,-0.1119,0.3687,0.9228,18.644,0.5075,0.274,0.701,0.20342,277.6,581.1,276.1,562.7,279.0,599.6,226,0.257,2
231,78.47,-153.368,56.789,-0.8862,0.385,-0.2577,0.0451,-0.9255,0.3761,-0.1076,0.3698,0.9228,18.641,0.4932,0.254,0.684,0.19809,276.0,580.4,274.8,562.0,277.2,598.9,227,1.232,2
232,76.998,-152.731,56.365,-0.8885,0.3822,-0.2538,0.0334,-0.9261,0.3759,-0.1041,0.3708,0.9229,18.639,0.479,0.209,0.671,0.18385,274.5,579.7,273.5,561.3,275.5,598.2,227,0.428,2
233,75.522,-152.1,55.947,-0.8909,0.3794,-0.2496,0.0219,-0.9265,0.3756,-0.1003,0.3717,0.9229,18.638,0.4648,0.224,0.66,0.19302,272.9,579.0,272.2,560.6,273.7,597.5,228,0.582,2
234,74.042,-151.472,55.537,-0.8933,0.3766,-0.2452,0.0105,-0.9269,0.3752,-0.0963,0.3726,0.923,18.638,0.4504,0.235,0.654,0.19826,271.4,578.3,270.9,559.9,271.9,596.8,228,1.077,2
235,72.557,-150.85,55.134,-0.8958,0.3737,-0.2404,-0.0007,-0.9271,0.3748,-0.0919,0.3733,0.9231,18.638,0.4359,0.255,0.642,0.21204,269.9,577.6,269.6,559.2,270.1,596.1,229,0.048,2
236,71.069,-150.232,54.739,-0.8984,0.3708,-0.2352,-0.0118,-0.9272,0.3744,-0.0873,0.374,0.9233,18.641,0.4213,0.267,0.636,0.22437,268.3,576.9,268.2,558.6,268.4,595.5,230,0.986,2
237,69.576,-149.62,54.354,-0.9011,0.3678,-0.2295,-0.0228,-0.9272,0.374,-0.0823,0.3745,0.9236,18.644,0.4063,0.288,0.631,0.24121,266.7,576.3,266.9,557.9,266.6,594.8,230,0.673,2
238,68.079,-149.012,53.978,-0.9039,0.3647,-0.2234,-0.0337,-0.927,0.3735,-0.0771,0.375,0.9238,18.648,0.3911,0.3,0.625,0.25531,265.2,575.6,265.6,557.3,264.8,594.1,231,0.351,2
239,66.577,-148.41,53.612,-0.9067,0.3612,-0.2179,-0.0445,-0.9268,0.3729,-0.0726,0.3753,0.9241,18.654,0.3757,0.259,0.62,0.24502,263.6,575.0,264.2,556.6,263.0,593.5,231,1.308,2
240,65.07,-147.813,53.255,-0.9093,0.3579,-0.2124,-0.0553,-0.9264,0.3724,-0.0681,0.3756,0.9243,18.661,0.3604,0.259,0.62,0.23901,262.1,574.3,262.8,556.0,261.3,592.8,232,0.31,2
241,63.56,-147.222,52.907,-0.9117,0.3549,-0.207,-0.0661,-0.926,0.3717,-0.0637,0.3757,0.9246,18.669,0.3453,0.253,0.621,0.22885,260.5,573.7,261.5,555.3,259.5,592.2,233,0.653,2
242,62.045,-146.635,52.568,-0.914,0.3521,-0.2017,-0.0768,-0.9254,0.3711,-0.0593,0.3757,0.9248,18.679,0.3305,0.252,0.615,0.22172,258.9,573.0,260.1,554.7,257.7,591.5,233,1.007,2
243,60.527,-146.053,52.238,-0.9161,0.3495,-0.1964,-0.0875,-0.9248,0.3703,-0.055,0.3757,0.9251,18.69,0.3158,0.247,0.616,0.21637,257.3,572.4,258.8,554.1,255.9,590.9,234,0.088,2
244,59.005,-145.476,51.916,-0.9181,0.3472,-0.1913,-0.0981,-0.924,0.3696,-0.0508,0.3755,0.9254,18.702,0.3015,0.242,0.61,0.20517,255.8,571.8,257.4,553.5,254.1,590.3,235,0.779,2
245,57.48,-144.901,51.603,-0.9199,0.3451,-0.1863,-0.1088,-0.9231,0.3688,-0.0467,0.3753,0.9257,18.716,0.2872,0.236,0.617,0.19732,254.2,571.2,256.0,552.9,252.3,589.6,235,0.88,2
246,55.952,-144.331,51.299,-0.9219,0.3427,-0.1807,-0.1194,-0.9222,0.3679,-0.0421,0.3749,0.9261,18.731,0.2724,0.266,0.612,0.22146,252.6,570.6,254.7,552.3,250.5,589.0,236,0.073,2
247,54.421,-143.764,51.003,-0.9238,0.3403,-0.1754,-0.13,-0.9211,0.367,-0.0379,0.3745,0.9265,18.748,0.2577,0.243,0.613,0.21136,251.0,570.0,253.3,551.7,248.7,588.4,237,0.667,2
248,52.887,-143.202,50.717,-0.9257,0.3378,-0.1703,-0.1407,-0.9199,0.366,-0.0341,0.3739,0.9268,18.766,0.2428,0.221,0.62,0.20682,249.4,569.4,251.9,551.1,246.9,587.8,237,0.992,2
249,51.35,-142.643,50.438,-0.9275,0.3352,-0.1655,-0.1514,-0.9186,0.3649,-0.0305,0.3734,0.9272,18.787,0.2279,0.209,0.621,0.19849,247.8,568.8,250.5,550.5,245.1,587.2,238,0.328,2
250,49.809,-142.089,50.167,-0.9293,0.3325,-0.1609,-0.1621,-0.9173,0.3638,-0.0272,0.3727,0.9276,18.809,0.2129,0.195,0.621,0.19439,246.2,568.2,249.2,549.9,243.3,586.6,239,0.253,2
251,48.266,-141.54,49.904,-0.9311,0.3296,-0.1564,-0.1729,-0.9158,0.3626,-0.0242,0.372,0.9279,18.834,0.1976,0.177,0.628,0.19503,244.6,567.6,247.8,549.3,241.5,586.0,240,0.742,2
252,46.72,-140.996,49.648,-0.9329,0.3265,-0.152,-0.1837,-0.9142,0.3613,-0.0213,0.3712,0.9283,18.861,0.182,0.174,0.63,0.196,243.0,567.0,246.4,548.8,239.7,585.4,240,0.917,2
253,45.171,-140.455,49.4,-0.934,0.3258,-0.1467,-0.1946,-0.9125,0.3599,-0.0168,0.37,0.9289,18.89,0.1683,0.269,0.637,0.18847,241.4,566.4,245.0,548.2,237.8,584.8,241,0.522,2
254,43.62,-139.915,49.162,-0.9352,0.3249,-0.1411,-0.2055,-0.9106,0.3585,-0.0122,0.3687,0.9295,18.922,0.1543,0.276,0.639,0.20022,239.8,565.8,243.7,547.6,236.0,584.2,242,0.217,2
255,42.067,-139.378,48.932,-0.9369,0.322,-0.1361,-0.2164,-0.9087,0.3569,-0.0088,0.3674,0.93,18.957,0.1384,0.21,0.641,0.20806,238.2,565.3,242.3,547.1,234.2,583.6,243,0.007,2
256,40.511,-138.848,48.71,-0.9391,0.3174,-0.1315,-0.2271,-0.9068,0.3553,-0.0066,0.3662,0.9305,18.994,0.1213,0.146,0.629,0.23716,236.6,564.7,240.9,546.5,232.3,583.0,244,0.154,2
257,38.951,-138.326,48.495,-0.9418,0.3109,-0.1276,-0.2375,-0.9048,0.3535,-0.0056,0.3652,0.9309,19.034,0.1027,0.084,0.615,0.27789,235.0,564.2,239.5,546.0,230.5,582.5,245,0.233,2
258,37.386,-137.817,48.286,-0.9449,0.3028,-0.1244,-0.2477,-0.9028,0.3517,-0.0059,0.3644,0.9312,19.076,0.0831,0.052,0.604,0.31926,233.4,563.6,238.1,545.4,228.7,581.9,246,0.249,2
259,35.815,-137.322,48.082,-0.9483,0.2932,-0.1219,-0.2574,-0.9008,0.3497,-0.0073,0.3637,0.9315,19.121,0.0627,0.091,0.579,0.36213,231.8,563.1,236.7,544.9,226.9,581.4,247,0.21,2
260,34.239,-136.845,47.881,-0.9518,0.2822,-0.12,-0.2667,-0.8989,0.3477,-0.0097,0.3633,0.9316,19.169,0.0415,0.14,0.556,0.40393,230.2,562.6,235.3,544.4,225.0,580.9,248,0.122,2
261,32.657,-136.385,47.684,-0.9549,0.2728,-0.1175,-0.2754,-0.897,0.3456,-0.0111,0.3625,0.9319,19.219,0.0223,0.094,0.524,0.35256,228.5,562.1,233.8,543.9,223.2,580.4,249,0.018,2
262,31.071,-135.938,47.492,-0.9573,0.2656,-0.1141,-0.2835,-0.8953,0.3435,-0.0109,0.3612,0.9324,19.27,0.0056,0.081,0.489,0.28719,226.9,561.6,232.4,543.4,221.4,579.9,250,0.171,2
263,29.481,-135.502,47.306,-0.9591,0.2607,-0.1101,-0.2909,-0.8938,0.3414,-0.0094,0.3594,0.9331,19.323,0.0084,0.14,0.449,0.22714,225.3,561.2,230.9,543.0,219.6,579.5,251,0.354,2
264,27.889,-135.072,47.127,-0.9603,0.2581,-0.1054,-0.2975,-0.8924,0.3392,-0.0065,0.3572,0.934,19.376,0.0196,0.215,0.407,0.19008,223.6,560.7,229.4,542.5,217.8,579.1,252,0.547,2
265,26.295,-134.644,46.956,-0.961,0.2576,-0.1004,-0.3033,-0.8913,0.3371,-0.0027,0.3545,0.935,19.429,0.028,0.273,0.359,0.1752,222.0,560.3,227.9,542.0,216.0,578.6,254,0.736,2
266,24.7,-134.216,46.794,-0.9612,0.259,-0.0951,-0.3081,-0.8904,0.335,0.0021,0.3515,0.9362,19.481,0.0337,0.332,0.305,0.18941,220.4,559.8,226.4,541.5,214.3,578.2,255,0.573,2
267,23.106,-133.785,46.64,-0.9613,0.2604,-0.0904,-0.312,-0.8898,0.333,0.0063,0.3486,0.9373,19.531,0.0381,0.299,0.253,0.16945,218.7,559.3,224.9,541.1,212.5,577.8,256,0.442,2
268,21.511,-133.354,46.493,-0.9619,0.259,-0.0872,-0.3148,-0.8895,0.3311,0.0082,0.3463,0.9381,19.58,0.0436,0.177,0.195,0.12238,217.1,558.9,223.3,540.6,210.8,577.3,257,0.351,2
269,19.914,-132.925,46.351,-0.9625,0.2579,-0.0841,-0.3167,-0.8896,0.3292,0.0101,0.3439,0.9389,19.627,0.0477,0.181,0.154,0.11543,215.4,558.4,221.7,540.1,209.1,576.9,258,0.303,2
270,18.316,-132.498,46.214,-0.9631,0.2569,-0.0809,-0.3177,-0.8899,0.3275,0.0122,0.3415,0.9398,19.672,0.0509,0.19,0.114,0.11759,213.8,558.0,220.1,539.6,207.4,576.5,259,0.296,2
271,16.718,-132.072,46.082,-0.9636,0.256,-0.0775,-0.3178,-0.8905,0.3257,0.0144,0.339,0.9407,19.717,0.053,0.198,0.109,0.12266,212.2,557.5,218.5,539.1,205.8,576.1,260,0.327,2
272,15.118,-131.648,45.957,-0.9641,0.2552,-0.0739,-0.3171,-0.8913,0.3241,0.0169,0.3364,0.9416,19.76,0.0543,0.213,0.11,0.1285,210.5,557.1,216.9,538.6,204.1,575.7,261,0.393,2
273,13.518,-131.226,45.838,-0.9646,0.2544,-0.0699,-0.3156,-0.8924,0.3225,0.0197,0.3336,0.9425,19.802,0.0549,0.233,0.141,0.14189,208.9,556.7,215.2,538.1,202.5,575.3,262,0.494,2
274,11.917,-130.804,45.725,-0.9651,0.2537,-0.0655,-0.3135,-0.8937,0.3209,0.0229,0.3307,0.9434,19.844,0.0548,0.253,0.169,0.1548,207.2,556.2,213.5,537.6,200.9,575.0,263,0.627,2
275,10.316,-130.384,45.62,-0.9656,0.253,-0.0605,-0.3107,-0.8953,0.3194,0.0267,0.3277,0.9444,19.885,0.0542,0.283,0.204,0.17522,205.6,555.8,211.9,537.1,199.3,574.6,264,0.791,2
276,8.712,-129.964,45.525,-0.9661,0.2523,-0.0546,-0.3073,-0.897,0.3179,0.0313,0.3243,0.9454,19.925,0.0532,0.333,0.234,0.20579,203.9,555.3,210.2,536.6,197.7,574.2,264,0.869,2
277,7.11,-129.547,45.44,-0.9666,0.2516,-0.0482,-0.3033,-0.8988,0.3164,0.0363,0.3209,0.9464,19.966,0.0518,0.351,0.266,0.22312,202.3,554.9,208.5,536.1,196.1,573.9,265,0.677,2
278,5.506,-129.13,45.364,-0.9671,0.2508,-0.0425,-0.2988,-0.9009,0.3149,0.0407,0.3176,0.9473,20.006,0.0496,0.319,0.297,0.19953,200.6,554.5,206.7,535.6,194.5,573.5,266,0.461,2
279,3.901,-128.715,45.299,-0.9676,0.2499,-0.0366,-0.2938,-0.903,0.3134,0.0453,0.3143,0.9482,20.047,0.0472,0.328,0.322,0.20683,199.0,554.0,205.0,535.1,193.0,573.2,267,0.224,2
280,2.295,-128.301,45.243,-0.9681,0.2488,-0.0307,-0.2884,-0.9053,0.3118,0.0498,0.3111,0.9491,20.088,0.0444,0.321,0.349,0.20798,197.4,553.6,203.3,534.6,191.4,572.8,268,0.032,2
281,0.689,-127.889,45.197,-0.9685,0.2476,-0.0248,-0.2824,-0.9077,0.3103,0.0544,0.3078,0.9499,20.13,0.0411,0.328,0.38,0.20836,195.7,553.2,201.5,534.0,189.9,572.5,269,0.301,2
282,-0.919,-127.479,45.161,-0.969,0.2463,-0.0188,-0.2759,-0.9103,0.3087,0.059,0.3046,0.9507,20.173,0.0373,0.324,0.411,0.2127,194.1,552.8,199.7,533.5,188.3,572.1,270,0.581,2
283,-2.527,-127.072,45.134,-0.9695,0.2449,-0.0129,-0.2689,-0.9129,0.3071,0.0635,0.3014,0.9514,20.217,0.0332,0.319,0.438,0.2101,192.4,552.3,198.0,533.0,186.8,571.8,271,0.868,2
284,-4.136,-126.667,45.118,-0.9699,0.2433,-0.0069,-0.2614,-0.9156,0.3055,0.068,0.2982,0.9521,20.262,0.0287,0.319,0.466,0.21487,190.8,551.9,196.2,532.5,185.3,571.5,271,0.791,2
285,-5.745,-126.264,45.112,-0.9703,0.2418,-0.0004,-0.2534,-0.9184,0.3038,0.0731,0.2949,0.9527,20.309,0.0237,0.35,0.495,0.23078,189.1,551.5,194.4,532.0,183.8,571.2,272,0.5,2
286,-7.355,-125.864,45.117,-0.9707,0.2403,0.0069,-0.2449,-0.9213,0.302,0.0789,0.2915,0.9533,20.357,0.0184,0.387,0.525,0.25775,187.5,551.1,192.6,531.5,182.3,570.9,273,0.209,2
287,-8.966,-125.467,45.134,-0.971,0.2387,0.0141,-0.236,-0.9242,0.3002,0.0846,0.2882,0.9538,20.408,0.0128,0.378,0.546,0.25489,185.8,550.7,190.8,531.0,180.8,570.6,274,0.078,2
288,-10.578,-125.072,45.164,-0.9713,0.2369,0.0211,-0.2266,-0.9272,0.2982,0.0902,0.2849,0.9543,20.46,0.0067,0.374,0.577,0.24982,184.2,550.3,188.9,530.5,179.3,570.3,275,0.361,2
289,-12.189,-124.681,45.204,-0.9716,0.2348,0.0279,-0.2167,-0.9302,0.2962,0.0955,0.2818,0.9547,20.516,0.0004,0.353,0.604,0.24599,182.5,549.9,187.1,529.9,177.9,570.0,276,0.635,2
290,-13.802,-124.294,45.256,-0.972,0.2325,0.0345,-0.2064,-0.9332,0.2941,0.1006,0.2788,0.9551,20.573,0.0062,0.34,0.626,0.24175,180.8,549.5,185.2,529.4,176.4,569.7,277,0.899,2
291,-15.415,-123.91,45.319,-0.9723,0.23,0.0408,-0.1956,-0.9362,0.2919,0.1053,0.2759,0.9554,20.634,0.0132,0.317,0.654,0.2343,179.2,549.1,183.4,528.9,175.0,569.4,277,0.76,2
292,-17.028,-123.53,45.392,-0.9725,0.2279,0.0482,-0.1844,-0.9392,0.2896,0.1113,0.2728,0.9556,20.698,0.0208,0.387,0.677,0.26573,177.5,548.7,181.5,528.4,173.5,569.2,278,0.509,2
293,-18.642,-123.154,45.479,-0.9726,0.2257,0.056,-0.1727,-0.9422,0.2872,0.1176,0.2697,0.9557,20.764,0.0286,0.402,0.706,0.2799,175.9,548.3,179.6,527.9,172.1,568.9,279,0.273,2
294,-20.255,-122.781,45.578,-0.9727,0.2231,0.0634,-0.1606,-0.9451,0.2846,0.1235,0.2668,0.9558,20.834,0.0366,0.377,0.728,0.27088,174.2,548.0,177.7,527.4,170.7,568.7,280,0.055,2
295,-21.869,-122.414,45.689,-0.9729,0.22,0.0707,-0.1481,-0.948,0.2819,0.1291,0.264,0.9558,20.908,0.0445,0.359,0.751,0.27397,172.6,547.6,175.8,526.9,169.3,568.4,281,0.144,2
296,-23.484,-122.051,45.812,-0.9732,0.2166,0.0776,-0.1351,-0.9507,0.279,0.1344,0.2614,0.9558,20.986,0.0528,0.338,0.779,0.26582,170.9,547.2,173.9,526.4,167.9,568.2,282,0.32,2
297,-25.099,-121.695,45.946,-0.9735,0.2127,0.0841,-0.1217,-0.9534,0.276,0.1391,0.2589,0.9558,21.068,0.0611,0.305,0.802,0.26199,169.2,546.9,172.0,525.9,166.5,568.0,283,0.472,2
298,-26.714,-121.345,46.092,-0.9734,0.2096,0.0922,-0.1079,-0.956,0.2728,0.1457,0.2563,0.9556,21.154,0.0702,0.407,0.825,0.29953,167.6,546.5,170.0,525.4,165.1,567.8,284,0.597,2
299,-28.329,-121.0,46.252,-0.9734,0.206,0.1001,-0.0936,-0.9584,0.2695,0.152,0.2537,0.9553,21.245,0.0793,0.391,0.852,0.2998,165.9,546.2,168.1,525.0,163.8,567.6,285,0.693,2
300,-29.944,-120.661,46.424,-0.9735,0.2021,0.1075,-0.0789,-0.9608,0.2659,0.1577,0.2514,0.955,21.341,0.0888,0.353,0.878,0.28888,164.3,545.9,166.1,524.5,162.4,567.4,286,0.757,2
301,-31.559,-120.33,46.608,-0.9736,0.1976,0.1144,-0.0638,-0.9629,0.2622,0.1627,0.2492,0.9547,21.441,0.0982,0.313,0.899,0.28447,162.6,545.5,164.1,524.0,161.1,567.2,287,0.787,2
302,-33.175,-120.006,46.804,-0.9738,0.1925,0.1207,-0.0482,-0.9649,0.2583,0.1672,0.2471,0.9544,21.547,0.1076,0.285,0.928,0.28002,160.9,545.2,162.1,523.5,159.8,567.0,288,0.782,2
303,-34.79,-119.691,47.01,-0.9738,0.1879,0.1282,-0.0322,-0.9666,0.2541,0.1728,0.2451,0.954,21.658,0.1177,0.341,0.953,0.30382,159.3,544.9,160.1,523.1,158.4,566.9,289,0.737,3
304,-36.406,-119.383,47.229,-0.9736,0.1832,0.1361,-0.0157,-0.9682,0.2498,0.179,0.243,0.9534,21.776,0.1281,0.377,0.981,0.31752,157.6,544.6,158.1,522.6,157.1,566.7,290,0.652,3
305,-38.021,-119.084,47.461,-0.9736,0.1776,0.1432,0.0013,-0.9695,0.2452,0.1842,0.2412,0.9528,21.898,0.1383,0.317,1.012,0.31229,155.9,544.3,156.0,522.2,155.9,566.6,291,0.525,3
306,-39.637,-118.794,47.704,-0.9739,0.171,0.1495,0.0187,-0.9705,0.2403,0.1883,0.2394,0.9525,22.028,0.1482,0.257,1.037,0.31524,154.3,544.0,154.0,521.8,154.6,566.4,292,0.354,3
307,-41.253,-118.517,47.956,-0.9743,0.1633,0.1549,0.0367,-0.9713,0.2352,0.1913,0.2378,0.9523,22.163,0.1579,0.195,1.073,0.32509,152.6,543.8,151.9,521.3,153.3,566.3,293,0.14,3
308,-42.87,-118.252,48.219,-0.9743,0.156,0.1623,0.0551,-0.9717,0.2298,0.1963,0.2362,0.9517,22.305,0.168,0.303,1.099,0.35895,150.9,543.5,149.8,520.9,152.1,566.2,294,0.119,3
309,-44.486,-117.999,48.494,-0.9743,0.1483,0.1694,0.0742,-0.9718,0.224,0.2011,0.2346,0.9511,22.454,0.1785,0.292,1.144,0.36173,149.3,543.3,147.7,520.6,150.9,566.1,295,0.423,3
310,-46.103,-117.76,48.781,-0.9745,0.1399,0.1755,0.0938,-0.9714,0.218,0.2047,0.2332,0.9506,22.609,0.189,0.223,1.175,0.35856,147.6,543.0,145.6,520.2,149.7,566.0,297,0.489,3
311,-47.72,-117.535,49.076,-0.9748,0.131,0.1804,0.1142,-0.9706,0.2117,0.207,0.2317,0.9505,22.772,0.2003,0.157,1.224,0.35102,145.9,542.8,143.4,519.8,148.5,565.9,298,0.044,3
312,-49.338,-117.328,49.38,-0.9756,0.1173,0.1858,0.1352,-0.9694,0.205,0.2087,0.2301,0.9505,22.942,0.2075,0.134,1.265,0.50926,144.3,542.6,141.2,519.5,147.3,565.9,299,0.449,3
313,-50.957,-117.144,49.693,-0.9757,0.1063,0.1918,0.1569,-0.9676,0.1979,0.2117,0.2287,0.9502,23.119,0.218,0.19,1.312,0.4327,142.6,542.5,139.0,519.2,146.2,565.9,301,0.091,3
314,-52.575,-116.971,50.016,-0.975,0.1028,0.1971,0.1793,-0.9652,0.1905,0.2159,0.2275,0.9495,23.303,0.2365,0.253,1.359,0.22067,140.9,542.3,136.8,518.9,145.1,565.8,303,0.464,3
315,-54.191,-116.798,50.346,-0.9736,0.1073,0.2016,0.2022,-0.9622,0.1826,0.2214,0.2265,0.9485,23.494,0.2633,0.325,1.399,0.22502,139.2,542.2,134.5,518.7,144.0,565.8,304,0.237,3
316,-55.805,-116.618,50.687,-0.972,0.1062,0.2098,0.2256,-0.9585,0.1742,0.229,0.226,0.9468,23.69,0.2845,0.447,1.44,0.29098,137.6,542.0,132.2,518.4,143.0,565.7,306,0.085,3
317,-57.417,-116.443,51.04,-0.9707,0.1063,0.2154,0.2487,-0.9543,0.1656,0.2345,0.2253,0.9457,23.887,0.3072,0.324,1.433,0.19856,135.9,541.8,129.9,518.2,141.9,565.6,308,0.048,3
318,-59.027,-116.262,51.398,-0.97,0.1137,0.2149,0.2707,-0.9497,0.1572,0.2357,0.2237,0.9457,24.077,0.3368,0.115,1.375,0.25729,134.2,541.7,127.7,517.9,140.8,565.5,310,0.042,3
319,-60.636,-116.063,51.751,-0.9697,0.1262,0.2094,0.2906,-0.9451,0.1493,0.2333,0.2213,0.9469,24.25,0.3698,0.206,1.255,0.47173,132.6,541.5,125.5,517.7,139.7,565.4,312,0.02,3
320,-62.242,-115.839,52.098,-0.9671,0.1428,0.2106,0.3075,-0.9409,0.1422,0.2385,0.2209,0.9457,24.4,0.4018,0.307,1.078,0.5817,130.9,541.3,123.3,517.5,138.5,565.2,314,0.227,3
321,-63.846,-115.594,52.448,-0.966,0.1512,0.2099,0.3216,-0.937,0.1361,0.2399,0.2197,0.9456,24.528,0.4238,0.106,0.908,0.29353,129.2,541.1,121.3,517.2,137.3,565.0,315,0.417,3
322,-65.449,-115.342,52.793,-0.9666,0.1522,0.2062,0.3333,-0.9337,0.1307,0.2363,0.217,0.9472,24.637,0.4373,0.274,0.762,0.13397,127.6,540.8,119.3,517.0,135.9,564.8,317,0.14,3
323,-67.054,-115.092,53.13,-0.9688,0.1469,0.1999,0.3432,-0.9308,0.1261,0.2283,0.2128,0.9501,24.729,0.444,0.544,0.647,0.29425,125.9,540.6,117.3,516.7,134.5,564.6,318,0.318,3
324,-68.664,-114.858,53.455,-0.9722,0.1355,0.1908,0.3515,-0.9282,0.1219,0.2161,0.2072,0.9541,24.809,0.4442,0.803,0.553,0.51724,124.2,540.4,115.4,516.5,133.1,564.4,320,0.615,3
325,-70.279,-114.641,53.765,-0.9743,0.1283,0.1849,0.3588,-0.9259,0.1183,0.2083,0.2029,0.9568,24.879,0.4465,0.533,0.485,0.32958,122.6,540.2,113.5,516.3,131.7,564.2,321,0.347,3
326,-71.897,-114.431,54.068,-0.9757,0.1245,0.1805,0.3652,-0.9238,0.115,0.2028,0.1995,0.9587,24.941,0.4506,0.386,0.43,0.20649,120.9,540.0,111.6,516.1,130.2,564.0,322,0.145,3
327,-73.517,-114.228,54.363,-0.9774,0.1194,0.1745,0.3709,-0.9219,0.112,0.1955,0.1954,0.961,24.996,0.453,0.497,0.385,0.27818,119.2,539.8,109.8,515.9,128.6,563.8,323,0.018,3
328,-75.14,-114.036,54.647,-0.9794,0.1129,0.1671,0.3758,-0.9202,0.1094,0.1865,0.1907,0.9638,25.045,0.4537,0.603,0.332,0.34708,117.5,539.6,107.9,515.7,127.1,563.6,324,0.07,3
329,-76.768,-113.854,54.917,-0.9818,0.1051,0.1583,0.3802,-0.9187,0.107,0.1758,0.1854,0.9668,25.088,0.4529,0.705,0.3,0.41445,115.8,539.4,106.1,515.5,125.5,563.4,325,0.076,3
330,-78.398,-113.687,55.171,-0.9843,0.0961,0.1481,0.384,-0.9174,0.1049,0.1634,0.1793,0.9701,25.127,0.4506,0.814,0.26,0.47762,114.1,539.3,104.3,515.4,124.0,563.3,326,0.017,3
331,-80.034,-113.536,55.409,-0.9864,0.087,0.1397,0.3874,-0.9162,0.1029,0.1531,0.174,0.9728,25.162,0.4475,0.681,0.236,0.43378,112.4,539.1,102.5,515.2,122.4,563.1,327,0.11,3
332,-81.671,-113.398,55.635,-0.9879,0.0793,0.1331,0.3903,-0.9151,0.1012,0.1449,0.1696,0.9748,25.194,0.4447,0.545,0.203,0.35405,110.7,539.0,100.7,515.1,120.8,563.0,328,0.304,3
333,-83.312,-113.272,55.85,-0.9895,0.0723,0.1255,0.3929,-0.9142,0.0995,0.1359,0.1648,0.9769,25.223,0.4424,0.597,0.185,0.36101,109.0,538.9,98.9,515.0,119.1,562.9,329,0.566,3
334,-84.955,-113.158,56.051,-0.9909,0.066,0.1169,0.3952,-0.9133,0.098,0.1261,0.1597,0.9791,25.249,0.4404,0.645,0.166,0.37132,107.3,538.8,97.2,514.9,117.5,562.8,330,0.898,3
335,-86.6,-113.053,56.238,-0.9924,0.0603,0.1074,0.3972,-0.9126,0.0967,0.1156,0.1542,0.9813,25.273,0.4388,0.691,0.142,0.38606,105.6,538.7,95.4,514.8,115.9,562.7,330,0.762,3
336,-88.248,-112.957,56.407,-0.9938,0.0552,0.0969,0.399,-0.912,0.0954,0.1042,0.1484,0.9834,25.294,0.4376,0.743,0.132,0.40601,103.9,538.6,93.6,514.7,114.2,562.6,331,0.361,3
337,-89.898,-112.869,56.559,-0.995,0.0507,0.0855,0.4004,-0.9115,0.0942,0.0919,0.1423,0.9855,25.314,0.4366,0.796,0.109,0.42525,102.2,538.5,91.9,514.6,112.5,562.5,332,0.114,3
338,-91.549,-112.79,56.692,-0.9961,0.0446,0.0757,0.4017,-0.911,0.0932,0.0812,0.1367,0.9873,25.331,0.4337,0.7,0.098,0.40045,100.5,538.5,90.1,514.5,110.9,562.5,333,0.669,3
339,-93.203,-112.721,56.81,-0.997,0.0384,0.0668,0.4028,-0.9106,0.0922,0.0713,0.1316,0.9887,25.347,0.4304,0.643,0.088,0.37589,98.8,538.4,88.4,514.4,109.2,562.4,333,0.99,3
340,-94.858,-112.662,56.913,-0.9978,0.0332,0.0576,0.4037,-0.9103,0.0912,0.0614,0.1264,0.9901,25.361,0.4278,0.646,0.079,0.36601,97.0,538.3,86.6,514.4,107.5,562.4,334,0.345,3
341,-96.514,-112.61,57.001,-0.9984,0.0289,0.0483,0.4045,-0.9101,0.0904,0.0514,0.1213,0.9913,25.374,0.4258,0.647,0.066,0.35442,95.3,538.3,84.9,514.3,105.8,562.3,335,0.398,3
342,-98.171,-112.566,57.073,-0.9989,0.0255,0.0388,0.4052,-0.9098,0.0896,0.0415,0.1162,0.9924,25.386,0.4245,0.641,0.063,0.34887,93.6,538.3,83.1,514.3,104.1,562.3,336,1.248,3
343,-99.828,-112.526,57.13,-0.9993,0.0229,0.0293,0.4057,-0.9097,0.0888,0.0316,0.1111,0.9933,25.397,0.4236,0.64,0.054,0.34044,91.9,538.2,81.4,514.2,102.4,562.3,336,0.411,3
344,-101.486,-112.489,57.17,-0.9996,0.0212,0.0197,0.4061,-0.9096,0.0881,0.0219,0.106,0.9941,25.406,0.4235,0.63,0.047,0.33684,90.2,538.2,79.7,514.2,100.7,562.2,337,0.554,3
345,-103.145,-112.455,57.195,-0.9998,0.0196,0.0102,0.4064,-0.9095,0.0874,0.0121,0.101,0.9948,25.415,0.4233,0.632,0.044,0.33279,88.5,538.1,78.0,514.2,99.0,562.2,337,1.105,3
346,-104.804,-112.427,57.204,-0.9999,0.0141,0.0009,0.4067,-0.9094,0.0868,0.0023,0.096,0.9954,25.423,0.4194,0.631,0.039,0.3731,86.8,538.1,76.2,514.1,97.3,562.2,338,0.017,3
347,-106.463,-112.407,57.198,-0.9999,0.0101,-0.0078,0.4068,-0.9094,0.0862,-0.0068,0.0913,0.9958,25.43,0.4166,0.587,0.035,0.33064,85.0,538.1,74.5,514.1,95.6,562.2,339,1.204,3
348,-108.122,-112.393,57.179,-0.9998,0.0075,-0.0159,0.407,-0.9094,0.0856,-0.0152,0.0869,0.9961,25.436,0.4151,0.544,0.036,0.29384,83.3,538.1,72.8,514.1,93.9,562.1,339,0.455,3
349,-109.781,-112.382,57.146,-0.9997,0.0062,-0.0236,0.4071,-0.9094,0.085,-0.023,0.0828,0.9963,25.441,0.4146,0.505,0.035,0.26969,81.6,538.1,71.1,514.1,92.2,562.1,340,0.905,3
350,-111.439,-112.372,57.101,-0.9995,0.0062,-0.031,0.4071,-0.9095,0.0845,-0.0304,0.0789,0.9964,25.446,0.4152,0.479,0.029,0.25562,79.9,538.1,69.4,514.0,90.5,562.1,340,0.755,3
351,-113.097,-112.36,57.043,-0.9993,0.0073,-0.038,0.4071,-0.9095,0.0839,-0.0373,0.0753,0.9965,25.45,0.4166,0.446,0.034,0.24479,78.2,538.0,67.7,514.0,88.8,562.1,341,0.742,3
352,-114.755,-112.346,56.975,-0.999,0.0096,-0.0447,0.4071,-0.9096,0.0834,-0.0439,0.0718,0.9965,25.454,0.4192,0.428,0.029,0.24483,76.5,538.0,65.9,514.0,87.1,562.1,341,0.917,3
353,-116.412,-112.328,56.895,-0.9986,0.0131,-0.0512,0.407,-0.9097,0.0829,-0.0502,0.0684,0.9964,25.457,0.4226,0.41,0.03,0.25531,74.8,538.0,64.2,514.0,85.4,562.1,342,0.712,3
354,-118.069,-112.303,56.804,-0.9982,0.0154,-0.0582,0.4069,-0.9097,0.0825,-0.0571,0.0648,0.9963,25.459,0.425,0.446,0.023,0.25482,73.1,538.0,62.5,513.9,83.6,562.0,342,0.947,3
355,-119.724,-112.278,56.702,-0.9977,0.0146,-0.0657,0.4068,-0.9098,0.082,-0.0647,0.0608,0.996,25.462,0.4245,0.492,0.03,0.26108,71.4,537.9,60.8,513.9,81.9,562.0,343,0.811,3
356,-121.38,-112.254,56.587,-0.9973,0.0147,-0.0726,0.4068,-0.9099,0.0815,-0.0716,0.0572,0.9958,25.463,0.425,0.446,0.029,0.23864,69.7,537.9,59.1,513.9,80.2,562.0,343,0.848,3
357,-123.034,-112.229,56.461,-0.9967,0.0157,-0.079,0.4067,-0.91,0.0811,-0.0781,0.0538,0.9955,25.464,0.4261,0.421,0.024,0.22465,68.0,537.9,57.5,513.8,78.5,562.0,344,1.035,3
358,-124.687,-112.201,56.325,-0.9962,0.0175,-0.0851,0.4066,-0.9101,0.0806,-0.0841,0.0506,0.9952,25.466,0.4278,0.39,0.03,0.22029,66.3,537.8,55.8,513.8,76.8,561.9,344,0.625,3
359,-126.339,-112.17,56.179,-0.9957,0.0202,-0.0908,0.4065,-0.9101,0.0802,-0.0897,0.0476,0.9948,25.466,0.4304,0.365,0.023,0.21848,64.6,537.8,54.1,513.8,75.1,561.9,345,1.379,3
360,-127.991,-112.134,56.024,-0.9951,0.0237,-0.0962,0.4064,-0.9102,0.0797,-0.0951,0.0447,0.9945,25.466,0.4336,0.352,0.03,0.22318,62.9,537.7,52.4,513.7,73.4,561.8,345,0.28,3
361,-129.642,-112.091,55.86,-0.9944,0.0282,-0.1014,0.4063,-0.9103,0.0793,-0.1002,0.0419,0.9941,25.466,0.4377,0.334,0.024,0.23866,61.2,537.7,50.7,513.7,71.7,561.8,346,1.841,3
362,-131.291,-112.04,55.687,-0.9937,0.0337,-0.1065,0.4062,-0.9104,0.0789,-0.1052,0.0392,0.9937,25.466,0.4427,0.326,0.024,0.26019,59.5,537.6,49.0,513.6,70.0,561.7,346,0.182,3
363,-132.939,-111.979,55.506,-0.993,0.0403,-0.1115,0.4061,-0.9104,0.0785,-0.11,0.0365,0.9933,25.465,0.4487,0.316,0.023,0.28691,57.8,537.5,47.3,513.5,68.4,561.6,346,1.477,3
364,-134.585,-111.91,55.317,-0.9921,0.0426,-0.1176,0.4061,-0.9105,0.078,-0.1162,0.0332,0.9927,25.464,0.4509,0.404,0.029,0.22731,56.1,537.5,45.6,513.4,66.7,561.5,347,0.758,3
365,-136.231,-111.837,55.117,-0.9913,0.0452,-0.1235,0.406,-0.9106,0.0776,-0.1223,0.03,0.992,25.463,0.4532,0.397,0.024,0.22434,54.5,537.4,44.0,513.3,65.0,561.4,347,0.901,3
366,-137.875,-111.759,54.907,-0.9904,0.0488,-0.1292,0.406,-0.9106,0.0772,-0.128,0.0269,0.9914,25.461,0.4565,0.373,0.023,0.23487,52.8,537.3,42.3,513.3,63.3,561.3,348,1.438,3
367,-139.518,-111.674,54.688,-0.9894,0.0534,-0.1349,0.406,-0.9107,0.0767,-0.1337,0.0239,0.9907,25.459,0.4607,0.371,0.029,0.25527,51.1,537.2,40.6,513.2,61.6,561.2,348,0.221,3
368,-141.158,-111.581,54.459,-0.9883,0.0593,-0.1405,0.406,-0.9107,0.0763,-0.1395,0.0208,0.99,25.457,0.466,0.379,0.023,0.2835,49.4,537.1,39.0,513.1,59.9,561.1,348,1.88,3
369,-142.797,-111.477,54.221,-0.987,0.0666,-0.1463,0.406,-0.9107,0.0759,-0.1454,0.0176,0.9892,25.455,0.4725,0.387,0.023,0.32503,47.8,536.9,37.3,512.9,58.3,561.0,349,0.514,3
370,-144.434,-111.359,53.974,-0.9854,0.0757,-0.1523,0.4061,-0.9107,0.0754,-0.1517,0.0142,0.9883,25.452,0.4806,0.413,0.029,0.38037,46.1,536.8,35.6,512.8,56.6,560.9,349,1.145,3
371,-146.067,-111.224,53.716,-0.9834,0.0871,-0.1589,0.4062,-0.9107,0.0749,-0.1586,0.0105,0.9873,25.45,0.4907,0.452,0.029,0.46011,44.4,536.6,34.0,512.7,54.9,560.7,350,1.235,3
372,-147.696,-111.068,53.446,-0.9809,0.1006,-0.1664,0.4063,-0.9107,0.0745,-0.1666,0.0063,0.986,25.447,0.5026,0.523,0.024,0.54049,42.8,536.5,32.3,512.5,53.3,560.5,350,0.423,3
373,-149.322,-110.893,53.163,-0.9783,0.1109,-0.175,0.4064,-0.9107,0.074,-0.1759,0.0015,0.9844,25.444,0.5115,0.607,0.029,0.472,41.1,536.3,30.7,512.3,51.6,560.3,351,1.875,3
374,-150.942,-110.7,52.865,-0.9753,0.1226,-0.1837,0.4066,-0.9106,0.0735,-0.1855,-0.0035,0.9826,25.44,0.5217,0.629,0.031,0.5141,39.5,536.1,29.0,512.1,50.0,560.1,351,0.217,3
375,-152.558,-110.485,52.553,-0.9717,0.1363,-0.1927,0.4069,-0.9106,0.073,-0.1957,-0.0089,0.9806,25.437,0.5336,0.671,0.033,0.57959,37.9,535.8,27.4,511.9,48.4,559.8,351,1.443,3
376,-154.167,-110.246,52.226,-0.9674,0.1527,-0.2023,0.4071,-0.9105,0.0724,-0.2069,-0.0147,0.9783,25.433,0.5475,0.735,0.037,0.67278,36.2,535.5,25.7,511.6,46.7,559.5,352,0.708,3
377,-155.767,-109.977,51.881,-0.9617,0.1727,-0.2127,0.4075,-0.9104,0.0718,-0.2196,-0.0213,0.9754,25.429,0.5644,0.837,0.042,0.80285,34.6,535.2,24.1,511.3,45.1,559.2,352,0.952,3
378,-157.357,-109.67,51.519,-0.9541,0.1977,-0.2251,0.4079,-0.9103,0.0712,-0.2353,-0.0294,0.9715,25.424,0.5852,1.037,0.042,0.99907,33.0,534.9,22.5,511.0,43.5,558.9,353,0.993,3
379,-158.932,-109.32,51.133,-0.9442,0.2251,-0.2404,0.4084,-0.9101,0.0706,-0.2554,-0.0396,0.966,25.42,0.6074,1.329,0.046,1.13645,31.4,534.5,20.9,510.6,41.9,558.5,353,0.668,3
380,-160.488,-108.921,50.72,-0.9318,0.2566,-0.2569,0.4089,-0.9099,0.0699,-0.2786,-0.0515,0.959,25.415,0.6325,1.547,0.051,1.30091,29.9,534.1,19.3,510.2,40.4,558.0,354,1.016,3
381,-162.021,-108.465,50.279,-0.9153,0.2941,-0.2752,0.4096,-0.9096,0.0692,-0.3066,-0.0658,0.9495,25.41,0.6615,1.882,0.059,1.54964,28.3,533.6,17.8,509.7,38.9,557.5,354,0.646,3
382,-163.521,-107.938,49.804,-0.89,0.344,-0.2993,0.4104,-0.9093,0.0684,-0.3474,-0.0866,0.9337,25.404,0.6985,2.776,0.067,2.1043,26.8,533.0,16.3,509.2,37.4,556.9,355,0.735,3
383,-164.969,-107.318,49.284,-0.8539,0.4045,-0.3274,0.4114,-0.9089,0.0675,-0.4026,-0.1148,0.9082,25.398,0.741,3.841,0.08,2.62071,25.4,532.3,14.8,508.5,36.0,556.2,355,0.928,3
384,-166.347,-106.59,48.716,-0.8013,0.4781,-0.3597,0.4126,-0.9085,0.0665,-0.48,-0.1548,0.8635,25.391,0.7889,5.613,0.092,3.31948,24.0,531.6,13.4,507.8,34.6,555.4,356,0.135,3
385,-167.616,-105.727,48.091,-0.7289,0.5606,-0.393,0.4141,-0.9079,0.0654,-0.5842,-0.21,0.7839,25.384,0.8365,8.159,0.112,3.96566,22.8,530.6,12.2,506.9,33.4,554.4,357,0.896,3
386,-168.746,-104.722,47.41,-0.6306,0.6491,-0.4255,0.4159,-0.9071,0.0642,-0.7204,-0.2856,0.6321,25.377,0.8784,12.487,0.132,4.71085,21.7,529.6,11.0,505.8,32.4,553.3,357,0.769,3
387,-169.702,-103.579,46.684,-0.5165,0.7288,-0.4495,0.4181,-0.9062,0.0628,-0.8485,-0.3649,0.3834,25.37,0.9046,16.719,0.158,4.88564,20.8,528.3,10.1,504.7,31.5,552.1,358,0.218,3
388,-170.455,-102.312,45.925,-0.3869,0.797,-0.4638,0.4206,-0.9052,0.0614,-0.9072,-0.4191,0.0365,25.362,0.9127,20.505,0.174,5.09072,20.1,527.0,9.3,503.4,30.9,550.7,359,0.214,3
389,-170.979,-100.943,45.152,-0.2397,0.8514,-0.4666,0.4235,-0.9039,0.0598,-0.8467,-0.4185,-0.3286,25.354,0.899,21.327,0.204,5.4311,19.6,525.5,8.8,502.0,30.5,549.2,360,0.574,3
390,-171.221,-99.493,44.388,-0.0613,0.8896,-0.4525,0.4269,-0.9024,0.0582,-0.6883,-0.366,-0.6263,25.347,0.8553,19.65,0.232,6.33749,19.4,524.0,8.5,500.5,30.4,547.6,361,0.929,3
391,-171.224,-98.007,43.652,0.0598,0.8997,-0.4323,0.4305,-0.9008,0.0566,-0.5762,-0.3226,-0.7509,25.341,0.8092,9.933,0.244,4.25975,19.5,522.4,8.5,499.0,30.6,545.9,361,0.733,3
392,-171.024,-96.514,42.958,0.1771,0.8972,-0.4047,0.4345,-0.899,0.0549,-0.477,-0.2814,-0.8326,25.336,0.7519,7.739,0.27,4.16712,19.8,520.9,8.7,497.5,30.9,544.3,362,0.352,3
393,-170.642,-95.035,42.313,0.28,0.8848,-0.3724,0.4386,-0.8971,0.0533,-0.3968,-0.2466,-0.8842,25.331,0.6908,5.819,0.275,3.75263,20.2,519.3,9.0,496.0,31.5,542.7,363,0.088,3
394,-170.104,-93.582,41.723,0.3673,0.8664,-0.3384,0.443,-0.895,0.0518,-0.3323,-0.2176,-0.9177,25.327,0.6302,4.485,0.292,3.29964,20.9,517.8,9.5,494.5,32.2,541.1,364,0.578,3
395,-169.436,-92.161,41.187,0.439,0.8446,-0.3065,0.4475,-0.8929,0.0503,-0.2821,-0.1943,-0.9395,25.323,0.5731,3.409,0.297,2.81414,21.6,516.3,10.1,493.1,33.1,539.5,364,1.082,3
396,-168.645,-90.783,40.711,0.5124,0.8159,-0.2677,0.4522,-0.8906,0.0489,-0.2305,-0.1697,-0.9582,25.321,0.508,3.447,0.31,3.03578,22.5,514.9,10.9,491.8,34.1,538.0,365,0.523,3
397,-167.748,-89.452,40.293,0.5652,0.7903,-0.2366,0.457,-0.8882,0.0476,-0.1938,-0.1516,-0.9693,25.319,0.4549,2.429,0.316,2.29415,23.4,513.5,11.7,490.5,35.1,536.6,366,0.098,3
398,-166.778,-88.158,39.923,0.6021,0.7699,-0.2115,0.4619,-0.8857,0.0463,-0.1666,-0.138,-0.9763,25.317,0.4136,1.788,0.324,1.69487,24.4,512.2,12.6,489.2,36.3,535.2,367,0.769,3
399,-165.752,-86.897,39.59,0.6346,0.7495,-0.1886,0.4669,-0.8831,0.0451,-0.1431,-0.1259,-0.9817,25.316,0.3741,1.546,0.33,1.54338,25.5,510.9,13.6,487.9,37.5,533.8,367,0.891,3
400,-164.674,-85.671,39.298,0.6646,0.7293,-0.1626,0.472,-0.8805,0.044,-0.1179,-0.1125,-0.9866,25.316,0.3356,1.659,0.334,1.53839,26.6,509.6,14.5,486.8,38.8,532.4,368,0.181,3
401,-163.548,-84.478,39.049,0.6919,0.7084,-0.1395,0.4771,-0.8778,0.043,-0.0964,-0.1009,-0.9902,25.316,0.2977,1.415,0.336,1.43069,27.8,508.4,15.6,485.6,40.1,531.1,369,0.547,3
402,-162.382,-83.318,38.835,0.7133,0.6908,-0.1182,0.4822,-0.875,0.042,-0.0772,-0.0902,-0.9929,25.316,0.2655,1.269,0.338,1.207,29.0,507.2,16.7,484.5,41.4,529.9,369,1.113,3
403,-161.183,-82.184,38.658,0.7307,0.6761,-0.0951,0.4875,-0.8722,0.0411,-0.0568,-0.0786,-0.9953,25.317,0.2374,1.352,0.347,1.12038,30.3,506.0,17.8,483.4,42.8,528.6,370,0.393,3
404,-159.957,-81.075,38.52,0.7483,0.6592,-0.0737,0.4928,-0.8692,0.0402,-0.0383,-0.0679,-0.997,25.318,0.2072,1.228,0.353,1.12095,31.5,504.8,18.9,482.3,44.2,527.4,371,0.295,3
405,-158.702,-79.995,38.414,0.7637,0.6434,-0.0536,0.4981,-0.8662,0.0395,-0.0214,-0.0578,-0.9981,25.319,0.179,1.13,0.351,1.03074,32.8,503.7,20.0,481.3,45.6,526.2,372,0.921,3
406,-157.426,-78.937,38.344,0.7733,0.6334,-0.0298,0.5036,-0.8631,0.0387,-0.0012,-0.0456,-0.999,25.321,0.1584,1.353,0.365,0.9511,34.1,502.7,21.2,480.3,47.1,525.0,372,0.739,3
407,-156.139,-77.891,38.317,0.7778,0.6286,-0.002,0.5092,-0.8598,0.0381,0.0224,-0.031,-0.9993,25.324,0.1445,1.59,0.374,0.9866,35.5,501.6,22.4,479.3,48.6,523.9,373,0.199,3
408,-154.837,-76.863,38.336,0.7915,0.6107,0.0243,0.5148,-0.8565,0.0375,0.044,-0.0173,-0.9989,25.327,0.1147,1.466,0.374,1.19634,36.8,500.5,23.6,478.3,50.0,522.8,374,0.253,3
409,-153.519,-75.857,38.395,0.7956,0.604,0.0464,0.5205,-0.853,0.0371,0.0622,-0.0054,-0.998,25.33,0.0994,1.247,0.384,0.80989,38.1,499.5,24.8,477.4,51.5,521.6,375,0.619,3
410,-152.202,-74.852,38.489,0.7898,0.6096,0.0673,0.5263,-0.8495,0.0366,0.0799,0.0065,-0.9968,25.335,0.0997,1.224,0.389,0.77365,39.5,498.5,25.9,476.5,53.0,520.5,376,0.901,3
411,-150.905,-73.826,38.619,0.7724,0.6286,0.0905,0.532,-0.846,0.0363,0.1001,0.0203,-0.9948,25.34,0.1176,1.406,0.384,1.19747,40.8,497.4,27.1,475.5,54.5,519.4,376,0.759,3
412,-149.626,-72.783,38.798,0.7665,0.6305,0.1225,0.5378,-0.8423,0.036,0.1267,0.0385,-0.9912,25.345,0.1144,1.858,0.395,1.12566,42.1,496.4,28.2,474.5,55.9,518.3,377,0.561,3
413,-148.368,-71.725,39.021,0.7479,0.6477,0.1454,0.5435,-0.8387,0.0358,0.1464,0.0528,-0.9878,25.351,0.1315,1.408,0.386,1.17927,43.3,495.3,29.3,473.6,57.4,517.1,378,0.444,3
414,-147.157,-70.621,39.275,0.7066,0.6894,0.1597,0.5491,-0.835,0.0356,0.1605,0.0636,-0.985,25.358,0.182,1.03,0.385,2.08693,44.6,494.2,30.4,472.5,58.7,515.9,379,0.406,3
415,-146.026,-69.444,39.57,0.6532,0.7322,0.1927,0.5546,-0.8313,0.0354,0.1917,0.0863,-0.9777,25.366,0.2396,2.25,0.38,2.62508,45.7,493.0,31.4,471.4,60.0,514.6,380,0.442,3
416,-144.994,-68.187,39.899,0.5911,0.7812,0.201,0.56,-0.8277,0.0353,0.2039,0.0964,-0.9742,25.374,0.3085,0.929,0.372,2.74792,46.7,491.7,32.3,470.2,61.2,513.3,381,0.543,3
417,-144.076,-66.85,40.245,0.5141,0.8315,0.2105,0.5651,-0.8243,0.0352,0.22,0.1095,-0.9693,25.382,0.3875,1.222,0.351,3.19561,47.6,490.4,33.0,469.0,62.2,511.8,382,0.683,3
418,-143.283,-65.434,40.586,0.4416,0.8736,0.2045,0.5699,-0.821,0.0351,0.2234,0.1137,-0.9681,25.391,0.4584,0.317,0.334,2.90434,48.4,488.9,33.7,467.6,63.1,510.3,384,0.706,3
419,-142.606,-63.955,40.912,0.3785,0.9074,0.1829,0.5741,-0.818,0.035,0.212,0.1073,-0.9714,25.399,0.5186,0.773,0.296,2.58334,49.1,487.4,34.2,466.2,63.9,508.7,385,0.638,3
420,-142.021,-62.429,41.194,0.3261,0.9313,0.1625,0.5779,-0.8153,0.0348,0.1999,0.1001,-0.9747,25.406,0.5652,0.829,0.267,2.11054,49.7,485.9,34.7,464.7,64.6,507.1,386,0.651,3
421,-141.512,-60.87,41.444,0.2918,0.9467,0.1366,0.5813,-0.813,0.0347,0.1791,0.0862,-0.98,25.412,0.5953,1.465,0.235,1.57697,50.2,484.3,35.1,463.1,65.2,505.5,387,0.771,3
422,-141.042,-59.291,41.641,0.2763,0.9558,0.1002,0.5842,-0.8109,0.0346,0.1443,0.0618,-0.9876,25.416,0.6102,2.474,0.205,1.40214,50.6,482.7,35.5,461.6,65.8,503.8,387,0.888,3
423,-140.609,-57.697,41.792,0.2493,0.965,0.0814,0.5867,-0.8091,0.0344,0.1278,0.0505,-0.9905,25.42,0.6317,1.158,0.177,1.17996,51.0,481.1,35.9,460.0,66.3,502.2,388,0.636,4
424,-140.206,-56.091,41.91,0.2383,0.9693,0.0613,0.5889,-0.8075,0.0342,0.1076,0.0364,-0.9935,25.424,0.6403,1.422,0.156,0.80495,51.4,479.4,36.2,458.4,66.7,500.5,389,0.229,4
425,-139.812,-54.482,41.994,0.2381,0.9705,0.0385,0.5908,-0.8061,0.034,0.0834,0.0191,-0.9963,25.426,0.6403,1.712,0.136,0.7885,51.8,477.8,36.5,456.8,67.2,498.8,390,0.342,4
426,-139.411,-52.872,42.036,0.2471,0.9689,0.0111,0.5925,-0.8049,0.0338,0.054,-0.0023,-0.9985,25.427,0.6331,2.087,0.12,0.99748,52.3,476.1,36.9,455.2,67.6,497.1,391,1.064,4
427,-139.002,-51.265,42.034,0.2441,0.9697,-0.0121,0.594,-0.8038,0.0337,0.0297,-0.0199,-0.9994,25.427,0.6349,1.72,0.107,0.80845,52.7,474.5,37.3,453.5,68.1,495.5,391,0.595,4
428,-138.598,-49.656,41.997,0.2438,0.9693,-0.0325,0.5952,-0.8029,0.0335,0.0082,-0.0355,-0.9993,25.427,0.6342,1.522,0.087,0.70464,53.1,472.8,37.7,451.9,68.5,493.8,392,0.267,4
429,-138.19,-48.049,41.926,0.2488,0.9671,-0.0525,0.5963,-0.802,0.0333,-0.0128,-0.0509,-0.9986,25.425,0.629,1.493,0.082,0.71597,53.5,471.2,38.1,450.3,69.0,492.1,393,1.255,4
430,-137.769,-46.448,41.822,0.2594,0.963,-0.0734,0.5973,-0.8014,0.0331,-0.0344,-0.0668,-0.9972,25.422,0.6192,1.539,0.068,0.82158,54.0,469.6,38.5,448.7,69.4,490.4,393,0.405,4
431,-137.326,-44.855,41.681,0.2763,0.9562,-0.0965,0.5981,-0.8008,0.0329,-0.0575,-0.0838,-0.9948,25.419,0.6036,1.649,0.058,1.01596,54.4,467.9,38.9,447.1,69.9,488.8,394,0.703,4
432,-136.86,-43.273,41.502,0.285,0.951,-0.1202,0.5987,-0.8003,0.0328,-0.0809,-0.1011,-0.9916,25.414,0.5944,1.677,0.045,0.89023,54.9,466.3,39.4,445.5,70.4,487.1,394,0.956,4
433,-136.379,-41.7,41.283,0.2955,0.9445,-0.1434,0.5992,-0.7999,0.0326,-0.1033,-0.1177,-0.9877,25.408,0.5831,1.613,0.038,0.90764,55.4,464.7,39.9,443.9,70.9,485.5,395,0.262,4
434,-135.878,-40.139,41.026,0.3083,0.9368,-0.1656,0.5996,-0.7996,0.0325,-0.124,-0.133,-0.9833,25.402,0.5696,1.496,0.029,0.92409,56.0,463.1,40.4,442.3,71.5,483.9,395,1.398,4
435,-135.355,-38.592,40.734,0.323,0.9279,-0.1862,0.5999,-0.7994,0.0324,-0.1427,-0.1467,-0.9788,25.394,0.554,1.353,0.021,0.92648,56.5,461.5,41.0,440.7,72.0,482.3,396,0.081,4
436,-134.806,-37.061,40.409,0.3375,0.9183,-0.207,0.6001,-0.7993,0.0323,-0.1611,-0.1603,-0.9738,25.385,0.5381,1.342,0.014,0.93627,57.1,459.9,41.6,439.1,72.6,480.7,397,1.34,4
437,-134.236,-35.546,40.046,0.3506,0.9078,-0.2301,0.6001,-0.7993,0.0322,-0.1814,-0.1752,-0.9677,25.375,0.5226,1.485,0.006,0.98624,57.7,458.4,42.2,437.6,73.2,479.1,397,0.319,4
438,-133.643,-34.049,39.647,0.3642,0.8971,-0.2501,0.6001,-0.7993,0.0322,-0.1983,-0.1876,-0.962,25.364,0.5065,1.245,0.0,0.91349,58.3,456.8,42.9,436.1,73.9,477.6,398,1.192,4
439,-133.028,-32.569,39.219,0.3767,0.8876,-0.265,0.5999,-0.7994,0.0321,-0.2105,-0.1965,-0.9576,25.353,0.4921,0.901,0.014,0.74762,59.0,455.3,43.5,434.6,74.5,476.0,398,0.467,4
440,-132.394,-31.103,38.771,0.3874,0.8801,-0.2745,0.5997,-0.7996,0.0321,-0.218,-0.2019,-0.9548,25.34,0.4802,0.553,0.016,0.55797,59.7,453.8,44.2,433.1,75.2,474.5,399,1.12,4
441,-131.742,-29.65,38.305,0.3981,0.8702,-0.2904,0.5994,-0.7998,0.0321,-0.231,-0.2113,-0.9497,25.327,0.4667,0.965,0.021,0.74506,60.4,452.3,44.9,431.6,75.8,473.0,399,0.539,4
442,-131.074,-28.214,37.81,0.4069,0.8613,-0.3044,0.599,-0.8001,0.0321,-0.2425,-0.2195,-0.945,25.314,0.4552,0.853,0.029,0.64841,61.1,450.8,45.7,430.1,76.5,471.5,400,1.1,4
443,-130.393,-26.79,37.298,0.4135,0.8552,-0.3125,0.5984,-0.8005,0.0322,-0.249,-0.224,-0.9423,25.3,0.4472,0.479,0.042,0.41767,61.8,449.4,46.5,428.7,77.3,470.1,400,0.56,4
444,-129.703,-25.374,36.775,0.4188,0.8512,-0.3163,0.5978,-0.801,0.0322,-0.2518,-0.2258,-0.9411,25.286,0.4416,0.203,0.045,0.26419,62.6,447.9,47.2,427.2,78.0,468.6,401,1.109,4
445,-129.004,-23.964,36.25,0.4232,0.849,-0.3163,0.5971,-0.8015,0.0323,-0.2515,-0.2253,-0.9413,25.271,0.438,0.035,0.05,0.16988,63.3,446.5,48.0,425.8,78.7,467.1,401,0.553,4
446,-128.299,-22.556,35.728,0.4268,0.8485,-0.3129,0.5963,-0.8021,0.0324,-0.2484,-0.2227,-0.9427,25.256,0.4362,0.245,0.058,0.17185,64.1,445.0,48.8,424.3,79.4,465.7,402,1.121,4
447,-127.588,-21.147,35.214,0.4298,0.8495,-0.3059,0.5954,-0.8027,0.0325,-0.2423,-0.2179,-0.9454,25.241,0.4359,0.471,0.062,0.26522,64.9,443.6,49.6,422.9,80.1,464.3,402,0.539,4
448,-126.873,-19.737,34.714,0.4332,0.8507,-0.2978,0.5944,-0.8035,0.0326,-0.235,-0.2123,-0.9485,25.226,0.4358,0.556,0.074,0.30633,65.6,442.1,50.4,421.5,80.9,462.8,403,1.112,4
449,-126.148,-18.329,34.218,0.4395,0.8464,-0.3006,0.5934,-0.8043,0.0327,-0.2371,-0.2135,-0.9477,25.211,0.4298,0.146,0.074,0.28056,66.4,440.7,51.2,420.0,81.6,461.4,403,0.548,4
450,-125.415,-16.927,33.718,0.4443,0.8439,-0.3006,0.5922,-0.8051,0.0329,-0.2369,-0.2129,-0.9479,25.197,0.4262,0.038,0.083,0.18688,67.2,439.3,52.1,418.6,82.3,459.9,404,1.054,4
451,-124.675,-15.528,33.221,0.4479,0.843,-0.298,0.5909,-0.8061,0.033,-0.2346,-0.2108,-0.949,25.182,0.4247,0.189,0.094,0.15644,68.0,437.8,52.9,417.1,83.1,458.5,404,0.609,4
452,-123.929,-14.129,32.731,0.4504,0.8435,-0.2926,0.5895,-0.8071,0.0332,-0.23,-0.2071,-0.9509,25.168,0.425,0.355,0.099,0.2062,68.8,436.4,53.7,415.7,83.8,457.1,405,0.921,4
453,-123.181,-12.728,32.252,0.4518,0.8456,-0.2842,0.5879,-0.8082,0.0334,-0.2228,-0.2016,-0.9538,25.154,0.4273,0.545,0.112,0.30287,69.6,435.0,54.6,414.3,84.6,455.7,405,0.741,4
454,-122.431,-11.322,31.79,0.452,0.8494,-0.2723,0.5863,-0.8094,0.0337,-0.2127,-0.1939,-0.9577,25.14,0.4317,0.761,0.116,0.43145,70.4,433.5,55.4,412.8,85.3,454.3,406,0.693,4
455,-121.682,-9.908,31.351,0.4508,0.8552,-0.2559,0.5845,-0.8107,0.0339,-0.1985,-0.1834,-0.9628,25.127,0.4385,1.053,0.128,0.60225,71.2,432.1,56.3,411.4,86.1,452.8,406,0.966,4
456,-120.935,-8.483,30.943,0.4502,0.8608,-0.2374,0.5826,-0.812,0.0342,-0.1824,-0.1716,-0.9681,25.114,0.4448,1.183,0.133,0.66768,71.9,430.6,57.1,409.9,86.8,451.4,407,0.374,4
457,-120.186,-7.053,30.561,0.4522,0.8637,-0.2227,0.5806,-0.8135,0.0344,-0.1693,-0.162,-0.9722,25.102,0.4477,0.96,0.144,0.52207,72.7,429.2,58.0,408.4,87.5,450.0,407,1.285,4
458,-119.435,-5.617,30.204,0.4529,0.8672,-0.2071,0.5784,-0.815,0.0347,-0.1554,-0.1519,-0.9761,25.09,0.452,1.009,0.154,0.55265,73.5,427.7,58.8,406.9,88.2,448.5,408,0.029,4
459,-118.684,-4.175,29.874,0.452,0.8713,-0.1911,0.5761,-0.8166,0.0351,-0.1412,-0.1417,-0.9798,25.078,0.4578,1.024,0.162,0.57126,74.3,426.2,59.7,405.4,89.0,447.1,409,1.151,4
460,-117.937,-2.726,29.57,0.4493,0.876,-0.1753,0.5737,-0.8183,0.0354,-0.127,-0.1316,-0.9831,25.068,0.4653,1.016,0.169,0.57694,75.1,424.8,60.5,403.9,89.7,445.6,409,0.508,4
461,-117.194,-1.268,29.292,0.4451,0.881,-0.1604,0.5712,-0.82,0.0357,-0.1136,-0.1221,-0.986,25.058,0.4739,0.956,0.174,0.56181,75.9,423.3,61.4,402.4,90.4,444.2,410,0.603,4
462,-116.459,0.198,29.038,0.4418,0.8853,-0.1449,0.5686,-0.8218,0.036,-0.0995,-0.1122,-0.9887,25.048,0.4815,0.999,0.182,0.56701,76.6,421.8,62.2,400.9,91.1,442.7,410,1.056,4
463,-115.728,1.669,28.812,0.4394,0.8891,-0.1281,0.5659,-0.8236,0.0364,-0.0838,-0.1014,-0.9913,25.039,0.4883,1.102,0.187,0.60062,77.4,420.3,63.1,399.4,91.7,441.3,411,0.009,4
464,-115.002,3.148,28.613,0.4359,0.8931,-0.1116,0.5632,-0.8255,0.0367,-0.0684,-0.0908,-0.9935,25.031,0.4959,1.079,0.19,0.59865,78.1,418.8,63.9,397.8,92.4,439.8,412,0.988,4
465,-114.283,4.633,28.441,0.4311,0.8972,-0.0956,0.5603,-0.8275,0.037,-0.0532,-0.0805,-0.9953,25.024,0.5044,1.057,0.203,0.594,78.9,417.3,64.7,396.3,93.1,438.3,412,0.671,4
466,-113.572,6.125,28.295,0.4252,0.9015,-0.0805,0.5574,-0.8294,0.0373,-0.0386,-0.0708,-0.9967,25.017,0.5137,1.008,0.199,0.5792,79.6,415.8,65.5,394.7,93.7,436.9,413,0.276,4
467,-112.872,7.624,28.173,0.4183,0.9059,-0.0664,0.5545,-0.8313,0.0376,-0.0248,-0.0616,-0.9978,25.011,0.5236,0.952,0.199,0.56301,80.3,414.3,66.3,393.1,94.4,435.4,414,1.183,4
468,-112.184,9.131,28.075,0.4109,0.9102,-0.0518,0.5516,-0.8333,0.0379,-0.0103,-0.0522,-0.9986,25.006,0.5338,0.991,0.203,0.58442,81.0,412.7,67.1,391.6,95.0,433.9,414,0.477,4
469,-111.508,10.644,28.002,0.4048,0.9137,-0.0367,0.5487,-0.8352,0.0381,0.0049,-0.0424,-0.9991,25.001,0.5424,1.037,0.199,0.57526,81.7,411.2,67.9,390.0,95.6,432.4,415,0.392,4
470,-110.84,12.162,27.953,0.3999,0.9163,-0.0213,0.5458,-0.837,0.0384,0.0207,-0.0323,-0.9993,24.998,0.5495,1.074,0.196,0.56527,82.4,409.6,68.6,388.4,96.2,430.9,416,1.22,4
471,-110.18,13.684,27.931,0.3963,0.9181,-0.0058,0.543,-0.8389,0.0386,0.0368,-0.0222,-0.9991,24.994,0.5552,1.089,0.194,0.55305,83.1,408.1,69.4,386.8,96.8,429.4,416,0.439,4
472,-109.525,15.208,27.934,0.394,0.9191,0.0097,0.5402,-0.8406,0.0388,0.0529,-0.0121,-0.9985,24.992,0.5594,1.09,0.188,0.54225,83.7,406.6,70.1,385.2,97.4,427.9,417,0.348,4
473,-108.874,16.734,27.963,0.389,0.9209,0.0248,0.5376,-0.8423,0.0391,0.069,-0.0022,-0.9976,24.99,0.5656,1.084,0.179,0.55278,84.4,405.0,70.8,383.6,98.0,426.4,418,1.093,4
474,-108.234,18.264,28.016,0.382,0.9233,0.0394,0.5352,-0.8438,0.0393,0.0848,0.0074,-0.9964,24.989,0.5731,1.062,0.163,0.56529,85.1,403.4,71.5,382.0,98.6,424.9,418,0.566,4
475,-107.604,19.797,28.093,0.3784,0.9241,0.0534,0.5329,-0.8453,0.0395,0.1,0.0165,-0.9949,24.988,0.5774,1.019,0.158,0.49996,85.7,401.9,72.2,380.5,99.2,423.3,419,0.135,4
476,-106.977,21.33,28.193,0.3781,0.9234,0.067,0.5307,-0.8466,0.0397,0.1145,0.0252,-0.9931,24.988,0.5784,0.974,0.147,0.47038,86.3,400.3,72.9,378.9,99.7,421.8,420,0.788,4
477,-106.348,22.86,28.315,0.3809,0.9211,0.0802,0.5288,-0.8478,0.04,0.1283,0.0333,-0.9912,24.988,0.5763,0.923,0.13,0.47271,87.0,398.8,73.6,377.3,100.3,420.3,420,0.871,4
478,-105.712,24.386,28.459,0.3867,0.9175,0.093,0.5271,-0.8488,0.0403,0.1412,0.0408,-0.9891,24.988,0.5712,0.863,0.114,0.50094,87.6,397.2,74.3,375.7,100.9,418.8,421,0.267,4
479,-105.064,25.904,28.625,0.3909,0.914,0.1084,0.5257,-0.8497,0.0405,0.1568,0.05,-0.9864,24.989,0.5667,1.049,0.096,0.5644,88.2,395.7,75.0,374.1,101.5,417.3,422,0.286,4
480,-104.419,27.42,28.82,0.3882,0.9128,0.1266,0.5245,-0.8504,0.0409,0.176,0.0614,-0.9825,24.99,0.5675,1.299,0.083,0.6368,88.9,394.1,75.6,372.6,102.1,415.7,423,0.789,4
481,-103.774,28.933,29.042,0.3891,0.9105,0.1397,0.5237,-0.8509,0.0412,0.1896,0.0692,-0.9794,24.992,0.5652,0.916,0.057,0.46034,89.5,392.6,76.3,371.0,102.8,414.2,423,0.871,4
482,-103.125,30.441,29.282,0.3934,0.9072,0.1487,0.5231,-0.8512,0.0416,0.1984,0.0742,-0.9773,24.993,0.5602,0.592,0.045,0.36279,90.2,391.1,76.9,369.5,103.4,412.7,424,0.412,4
483,-102.467,31.943,29.533,0.4013,0.9029,0.1541,0.523,-0.8513,0.042,0.2029,0.0764,-0.9762,24.994,0.5523,0.294,0.024,0.36229,90.8,389.5,77.6,367.9,104.1,411.2,425,0.03,4
484,-101.791,33.437,29.791,0.4133,0.8972,0.1558,0.5231,-0.8512,0.0425,0.203,0.076,-0.9762,24.996,0.5409,0.024,0.03,0.46244,91.5,388.0,78.3,366.4,104.7,409.6,426,0.412,4
485,-101.092,34.919,30.048,0.4305,0.8895,0.1534,0.5237,-0.8508,0.043,0.1983,0.0726,-0.9774,24.996,0.5247,0.339,0.05,0.65596,92.2,386.5,78.9,364.9,105.4,408.1,427,0.79,4
486,-100.362,36.387,30.302,0.4473,0.8805,0.157,0.5246,-0.8502,0.0436,0.1994,0.0729,-0.9772,24.996,0.5071,0.066,0.071,0.66989,92.9,385.0,79.7,363.4,106.2,406.6,427,0.869,4
487,-99.609,37.841,30.57,0.461,0.872,0.1647,0.526,-0.8493,0.0443,0.2048,0.076,-0.9758,24.996,0.4908,0.366,0.103,0.61708,93.7,383.5,80.4,361.9,107.0,405.1,428,0.503,4
488,-98.832,39.28,30.846,0.4762,0.8634,0.1668,0.5278,-0.8482,0.0449,0.2047,0.0756,-0.9759,24.995,0.4735,0.024,0.126,0.60748,94.4,382.0,81.1,360.5,107.8,403.6,429,0.142,4
489,-98.029,40.706,31.12,0.4919,0.8554,0.1625,0.5299,-0.8468,0.0457,0.1985,0.0715,-0.9775,24.994,0.4563,0.436,0.152,0.62638,95.2,380.6,81.8,359.1,108.7,402.1,430,0.227,4
490,-97.2,42.119,31.381,0.5074,0.8482,0.1517,0.5324,-0.8452,0.0464,0.1866,0.0637,-0.9804,24.991,0.4397,0.832,0.175,0.69828,96.1,379.1,82.6,357.7,109.6,400.6,431,0.605,4
491,-96.345,43.521,31.62,0.5236,0.8406,0.1387,0.5352,-0.8434,0.0472,0.1728,0.0546,-0.9834,24.988,0.4222,0.963,0.196,0.76378,96.9,377.7,83.4,356.3,110.5,399.1,432,0.999,4
492,-95.46,44.906,31.847,0.5425,0.8294,0.1336,0.5384,-0.8413,0.048,0.1661,0.0501,-0.9848,24.984,0.3993,0.469,0.224,0.77885,97.8,376.3,84.2,354.9,111.5,397.7,432,0.66,4
493,-94.547,46.275,32.063,0.5571,0.8208,0.1263,0.5418,-0.8391,0.0489,0.158,0.0445,-0.9864,24.98,0.3807,0.572,0.238,0.63716,98.7,374.9,85.0,353.6,112.5,396.2,433,0.248,4
494,-93.614,47.631,32.265,0.5673,0.8152,0.1168,0.5455,-0.8367,0.0497,0.1486,0.0382,-0.9882,24.975,0.3668,0.656,0.257,0.51878,99.7,373.5,85.9,352.3,113.5,394.8,434,0.184,4
495,-92.667,48.981,32.449,0.5732,0.8126,0.1055,0.5494,-0.834,0.0506,0.1382,0.031,-0.9899,24.969,0.3575,0.731,0.277,0.4493,100.6,372.1,86.7,351.0,114.5,393.3,435,0.639,4
496,-91.714,50.329,32.614,0.5749,0.813,0.0927,0.5535,-0.8312,0.0514,0.127,0.0232,-0.9916,24.962,0.3528,0.788,0.288,0.44606,101.6,370.7,87.6,349.7,115.6,391.9,435,1.021,4
497,-90.754,51.675,32.757,0.5841,0.8077,0.0808,0.5579,-0.8283,0.0523,0.116,0.0154,-0.9931,24.956,0.3389,0.777,0.306,0.55075,102.6,369.4,88.5,348.4,116.7,390.4,436,0.542,4
498,-89.778,53.011,32.883,0.5923,0.8027,0.0704,0.5623,-0.8252,0.0531,0.1065,0.0086,-0.9943,24.948,0.3256,0.673,0.312,0.48884,103.6,368.0,89.3,347.1,117.8,388.9,437,0.04,4
499,-88.791,54.34,32.992,0.5964,0.8003,0.0611,0.567,-0.822,0.0539,0.0984,0.0026,-0.9951,24.941,0.3164,0.579,0.329,0.36064,104.6,366.6,90.2,345.8,118.9,387.5,438,0.495,4
500,-87.801,55.668,33.086,0.5969,0.8006,0.0527,0.5717,-0.8187,0.0547,0.0915,-0.0026,-0.9958,24.933,0.3113,0.497,0.332,0.29079,105.6,365.3,91.1,344.6,120.0,386.1,439,1.057,4
501,-86.813,56.998,33.167,0.5938,0.8033,0.0452,0.5764,-0.8153,0.0555,0.0857,-0.0072,-0.9963,24.925,0.3102,0.425,0.335,0.29536,106.6,363.9,92.0,343.3,121.1,384.6,439,0.603,4
502,-85.832,58.335,33.236,0.5873,0.8084,0.0384,0.5812,-0.8118,0.0563,0.0807,-0.0113,-0.9967,24.916,0.3128,0.371,0.343,0.36953,107.6,362.6,92.9,342.0,122.2,383.1,440,0.011,4
503,-84.863,59.68,33.293,0.5843,0.8111,0.0287,0.586,-0.8083,0.057,0.0731,-0.0173,-0.9972,24.907,0.3116,0.556,0.343,0.36281,108.5,361.2,93.7,340.7,123.4,381.7,441,0.631,4
504,-83.893,61.025,33.332,0.5844,0.8113,0.0185,0.5908,-0.8047,0.0577,0.0649,-0.024,-0.9976,24.898,0.3065,0.607,0.346,0.35232,109.5,359.8,94.6,339.5,124.5,380.2,441,1.029,4
505,-82.925,62.372,33.356,0.5824,0.8128,0.0111,0.5955,-0.8012,0.0585,0.0592,-0.0288,-0.9978,24.889,0.3037,0.427,0.339,0.26971,110.5,358.4,95.5,338.2,125.6,378.7,442,0.345,4
506,-81.961,63.723,33.37,0.5784,0.8158,0.0063,0.6002,-0.7976,0.0592,0.0559,-0.032,-0.9979,24.88,0.3032,0.263,0.342,0.23934,111.5,357.1,96.4,336.9,126.6,377.3,443,0.393,4
507,-81.007,65.08,33.378,0.5723,0.8201,0.0038,0.6048,-0.7941,0.0599,0.0548,-0.0335,-0.9979,24.87,0.3049,0.107,0.334,0.27179,112.5,355.7,97.2,335.6,127.7,375.8,444,1.19,4
508,-80.064,66.445,33.384,0.564,0.8258,0.0038,0.6093,-0.7906,0.0606,0.0558,-0.0335,-0.9979,24.86,0.309,0.057,0.329,0.34768,113.4,354.3,98.1,334.3,128.8,374.3,444,0.469,4
509,-79.136,67.821,33.392,0.5534,0.8329,0.0062,0.6137,-0.7871,0.0613,0.0589,-0.0317,-0.9978,24.85,0.3156,0.205,0.325,0.44832,114.4,352.9,98.9,333.0,129.9,372.8,445,0.394,4
510,-78.227,69.209,33.402,0.5438,0.8392,0.0032,0.618,-0.7837,0.062,0.0576,-0.0335,-0.9978,24.84,0.3214,0.127,0.317,0.40985,115.3,351.5,99.7,331.7,130.9,371.3,445,1.265,4
511,-77.331,70.605,33.404,0.5356,0.8444,-0.0008,0.6221,-0.7804,0.0627,0.0554,-0.036,-0.9978,24.83,0.3258,0.191,0.304,0.36267,116.2,350.1,100.6,330.4,131.9,369.8,446,0.328,4
512,-76.449,72.011,33.401,0.5279,0.8493,-0.0021,0.6261,-0.7771,0.0634,0.0553,-0.0369,-0.9978,24.819,0.3296,0.052,0.3,0.31836,117.1,348.6,101.4,329.1,132.9,368.2,447,0.687,4
513,-75.579,73.423,33.398,0.5206,0.8538,-0.0009,0.63,-0.7739,0.0642,0.0574,-0.036,-0.9977,24.809,0.3328,0.131,0.293,0.29904,118.0,347.2,102.1,327.7,133.9,366.7,447,0.972,4
514,-74.721,74.844,33.399,0.5138,0.8579,0.0029,0.6338,-0.7708,0.0649,0.0615,-0.0335,-0.9975,24.798,0.3354,0.275,0.284,0.30398,118.9,345.7,102.9,326.4,134.8,365.2,448,0.118,4
515,-73.874,76.27,33.409,0.5075,0.8616,0.0092,0.6375,-0.7676,0.0657,0.0676,-0.0292,-0.9973,24.787,0.3372,0.428,0.284,0.33317,119.7,344.3,103.7,325.0,135.8,363.6,449,1.264,4
516,-73.037,77.702,33.431,0.5017,0.8649,0.0181,0.6411,-0.7645,0.0665,0.0758,-0.0231,-0.9969,24.775,0.3384,0.586,0.276,0.38414,120.6,342.8,104.5,323.6,136.7,362.1,449,0.395,4
517,-72.212,79.141,33.462,0.4935,0.8695,0.0192,0.6447,-0.7615,0.0673,0.0778,-0.0222,-0.9967,24.764,0.3427,0.126,0.272,0.32692,121.4,341.4,105.2,322.2,137.6,360.5,450,0.792,4
518,-71.399,80.587,33.496,0.4863,0.8735,0.0218,0.6482,-0.7584,0.0681,0.081,-0.0202,-0.9965,24.752,0.3458,0.217,0.272,0.29826,122.2,339.9,106.0,320.9,138.5,359.0,450,0.867,4
519,-70.597,82.039,33.536,0.4799,0.8769,0.0264,0.6517,-0.7553,0.069,0.0858,-0.0169,-0.9962,24.74,0.3478,0.334,0.273,0.29641,123.1,338.4,106.7,319.5,139.4,357.4,451,0.344,4
520,-69.806,83.497,33.585,0.4742,0.8798,0.0331,0.6551,-0.7523,0.0698,0.0922,-0.0122,-0.9957,24.728,0.3489,0.456,0.264,0.31985,123.9,336.9,107.4,318.1,140.3,355.8,451,1.316,4
521,-69.023,84.958,33.647,0.4691,0.8821,0.0422,0.6584,-0.7493,0.0708,0.1003,-0.0058,-0.9949,24.715,0.3491,0.593,0.262,0.3689,124.7,335.4,108.2,316.7,141.2,354.2,452,0.097,4
522,-68.249,86.424,33.726,0.4644,0.884,0.0539,0.6617,-0.7463,0.0717,0.1106,0.0025,-0.9939,24.702,0.3486,0.76,0.261,0.44029,125.4,333.9,108.9,315.2,142.1,352.6,453,1.113,4
523,-67.482,87.892,33.828,0.46,0.8853,0.0685,0.665,-0.7433,0.0727,0.1229,0.0129,-0.9923,24.689,0.3472,0.927,0.262,0.52854,126.2,332.4,109.6,313.8,142.9,351.1,453,0.546,4
524,-66.723,89.362,33.95,0.4547,0.8871,0.079,0.6682,-0.7404,0.0737,0.1322,0.0206,-0.991,24.676,0.3472,0.696,0.254,0.41091,127.0,330.9,110.3,312.4,143.7,349.5,454,0.64,4
525,-65.974,90.835,34.09,0.4485,0.8892,0.0904,0.6713,-0.7374,0.0748,0.1421,0.0289,-0.9894,24.662,0.3479,0.746,0.255,0.45398,127.8,329.4,111.0,311.0,144.6,347.9,454,1.02,4
526,-65.235,92.312,34.25,0.4415,0.8914,0.1026,0.6744,-0.7344,0.076,0.1527,0.038,-0.9875,24.647,0.3491,0.808,0.257,0.49164,128.5,327.9,111.6,309.6,145.4,346.3,455,0.129,4
527,-64.509,93.793,34.431,0.4335,0.8938,0.1154,0.6775,-0.7315,0.0772,0.1639,0.0478,-0.9853,24.632,0.3512,0.862,0.253,0.5278,129.2,326.4,112.3,308.1,146.2,344.7,456,1.225,4
528,-63.797,95.278,34.634,0.4245,0.8962,0.1289,0.6805,-0.7286,0.0785,0.1756,0.0581,-0.9827,24.616,0.354,0.905,0.25,0.56641,130.0,324.9,113.0,306.7,147.0,343.1,456,0.434,4
529,-63.101,96.767,34.859,0.416,0.8979,0.1436,0.6835,-0.7256,0.0798,0.1882,0.0695,-0.9797,24.599,0.3557,0.989,0.254,0.58936,130.7,323.3,113.6,305.2,147.7,341.4,457,0.612,4
530,-62.416,98.257,35.111,0.409,0.8985,0.1593,0.6864,-0.7227,0.0813,0.2013,0.0814,-0.9761,24.581,0.3557,1.035,0.25,0.59402,131.3,321.8,114.2,303.8,148.5,339.8,457,1.047,4
531,-61.745,99.749,35.387,0.3994,0.9002,0.1734,0.6893,-0.7197,0.0828,0.2135,0.0926,-0.9725,24.562,0.3582,0.971,0.254,0.59199,132.0,320.2,114.8,302.4,149.2,338.2,458,0.055,4
532,-61.092,101.245,35.685,0.3869,0.9031,0.1862,0.6923,-0.7167,0.0844,0.2251,0.1033,-0.9688,24.542,0.3637,0.929,0.26,0.62597,132.7,318.7,115.4,300.9,150.0,336.6,459,0.883,4
533,-60.463,102.747,36.004,0.3712,0.9073,0.1977,0.6952,-0.7137,0.0862,0.2362,0.1136,-0.965,24.519,0.3724,0.895,0.26,0.68748,133.3,317.2,116.0,299.4,150.6,334.9,459,0.776,4
534,-59.863,104.256,36.341,0.3524,0.9123,0.2085,0.6981,-0.7106,0.088,0.2474,0.124,-0.9609,24.495,0.3839,0.907,0.264,0.76844,133.9,315.6,116.5,298.0,151.3,333.3,460,0.105,4
535,-59.29,105.772,36.7,0.3372,0.9144,0.2239,0.701,-0.7075,0.09,0.2614,0.1375,-0.9554,24.469,0.3904,1.158,0.269,0.75081,134.5,314.0,117.1,296.5,151.9,331.6,461,0.927,4
536,-58.746,107.291,37.083,0.3187,0.9176,0.2375,0.7039,-0.7043,0.0921,0.2747,0.1504,-0.9497,24.44,0.4001,1.111,0.275,0.80062,135.0,312.5,117.6,295.0,152.5,329.9,461,0.733,4
537,-58.235,108.817,37.487,0.2969,0.9219,0.249,0.7068,-0.7011,0.0942,0.287,0.1625,-0.944,24.41,0.413,1.041,0.275,0.86406,135.5,310.9,118.0,293.6,153.1,328.2,462,0.03,4
538,-57.762,110.351,37.907,0.2718,0.9272,0.2579,0.7097,-0.6978,0.0965,0.2983,0.1736,-0.9386,24.377,0.4292,0.959,0.284,0.93776,136.0,309.3,118.4,292.1,153.6,326.5,463,0.732,4
539,-57.333,111.893,38.343,0.2455,0.9314,0.2687,0.7126,-0.6946,0.0988,0.3113,0.1867,-0.9318,24.343,0.4455,1.127,0.28,0.9925,136.4,307.7,118.8,290.6,154.1,324.8,463,0.927,4
540,-56.948,113.441,38.799,0.2187,0.9347,0.2803,0.7154,-0.6914,0.1013,0.3251,0.201,-0.9241,24.307,0.4614,1.221,0.283,1.01498,136.8,306.1,119.1,289.1,154.5,323.1,464,0.287,4
541,-56.607,114.994,39.272,0.1929,0.9375,0.2898,0.7182,-0.6881,0.1038,0.3375,0.2139,-0.9167,24.268,0.4765,1.109,0.286,0.95441,137.1,304.4,119.4,287.6,154.9,321.4,465,0.287,4
542,-56.307,116.552,39.759,0.17,0.9397,0.2966,0.7209,-0.6848,0.1066,0.3478,0.2244,-0.9103,24.224,0.4893,0.919,0.292,0.82852,137.4,302.8,119.7,286.1,155.2,319.6,466,0.789,4
543,-56.044,118.112,40.258,0.1462,0.9411,0.305,0.7237,-0.6814,0.1095,0.3595,0.2367,-0.9026,24.176,0.5021,1.068,0.302,0.87293,137.7,301.2,119.9,284.5,155.5,317.9,466,0.87,4
544,-55.82,119.674,40.77,0.1239,0.9418,0.3124,0.7264,-0.6779,0.1127,0.3705,0.2482,-0.8951,24.122,0.5132,1.008,0.313,0.81179,137.9,299.6,120.1,283.0,155.8,316.1,467,0.449,4
545,-55.63,121.237,41.293,0.1051,0.9425,0.3172,0.7292,-0.6744,0.1161,0.3791,0.2569,-0.889,24.062,0.5222,0.783,0.322,0.67053,138.1,297.9,120.2,281.5,156.0,314.4,468,0.118,4
546,-55.469,122.802,41.821,0.0896,0.9433,0.3197,0.732,-0.6708,0.1197,0.3857,0.2631,-0.8843,23.997,0.5289,0.585,0.333,0.54288,138.2,296.3,120.3,280.0,156.1,312.6,469,0.115,4
547,-55.332,124.367,42.352,0.0759,0.9441,0.3207,0.7347,-0.667,0.1235,0.3911,0.2677,-0.8806,23.925,0.5343,0.458,0.345,0.47529,138.3,294.6,120.5,278.5,156.3,310.8,470,0.239,4
548,-55.219,125.934,42.887,0.0604,0.9443,0.3235,0.7376,-0.6631,0.1277,0.3982,0.2744,-0.8753,23.846,0.5403,0.636,0.368,0.54396,138.4,293.0,120.5,277.0,156.4,309.0,471,0.242,4
549,-55.13,127.501,43.426,0.0476,0.9443,0.3256,0.7406,-0.6588,0.1323,0.4045,0.2799,-0.8707,23.754,0.5438,0.547,0.4,0.44785,138.5,291.3,120.6,275.6,156.5,307.2,472,0.116,4
550,-55.061,129.068,43.968,0.0353,0.9442,0.3276,0.7439,-0.654,0.1376,0.4108,0.2851,-0.866,23.644,0.5462,0.54,0.451,0.43026,138.6,289.7,120.7,274.1,156.5,305.3,473,0.142,4
551,-55.013,130.634,44.513,0.0218,0.9439,0.3296,0.7476,-0.6484,0.1438,0.4178,0.2909,-0.8607,23.51,0.5483,0.603,0.524,0.47143,138.6,288.1,120.7,272.7,156.5,303.5,474,0.522,4
552,-54.991,132.199,45.061,0.0038,0.9433,0.332,0.7518,-0.6418,0.1511,0.4266,0.2987,-0.8537,23.349,0.5524,0.784,0.613,0.62748,138.6,286.4,120.7,271.3,156.5,301.5,476,0.029,4
553,-55.016,133.765,45.611,-0.032,0.943,0.3313,0.7567,-0.6339,0.1598,0.4386,0.311,-0.8431,23.149,0.569,1.157,0.73,1.23655,138.6,284.8,120.7,270.0,156.4,299.6,478,0.158,4
554,-55.087,135.327,46.165,-0.0498,0.9397,0.3383,0.7625,-0.624,0.1708,0.451,0.3234,-0.8319,22.885,0.5666,1.192,0.911,0.67031,138.5,283.1,120.7,268.8,156.3,297.5,480,0.091,4
555,-55.164,136.881,46.74,-0.0396,0.9328,0.3581,0.7693,-0.6114,0.1853,0.4636,0.3346,-0.8204,22.527,0.5344,1.169,1.168,0.8053,138.4,281.5,120.7,267.7,156.1,295.3,483,0.15,4
556,-55.256,138.418,47.359,-0.0553,0.9222,0.3828,0.7769,-0.5959,0.2032,0.4846,0.36,-0.7972,22.07,0.5147,2.309,1.425,1.07515,138.3,279.8,120.8,266.7,155.8,293.0,487,0.087,5
557,-55.28,139.952,47.989,0.0366,0.9269,0.3734,0.7842,-0.5796,0.2213,0.466,0.3147,-0.8269,21.603,0.4259,3.282,1.457,3.19691,138.2,278.2,121.0,265.8,155.5,290.7,490,0.269,5
558,-55.158,141.486,48.606,0.1107,0.9235,0.3672,0.7906,-0.5646,0.2369,0.4543,0.2816,-0.8452,21.198,0.3469,2.268,1.293,2.57191,138.3,276.6,121.3,264.7,155.4,288.5,493,0.122,5
559,-54.919,143.017,49.198,0.1742,0.9225,0.3444,0.7966,-0.55,0.251,0.4388,0.2404,-0.8658,20.83,0.2822,2.785,1.213,2.33118,138.5,275.0,121.7,263.7,155.5,286.3,496,0.379,5
560,-54.581,144.543,49.756,0.234,0.9142,0.3309,0.8023,-0.5351,0.2645,0.4288,0.2084,-0.879,20.479,0.2139,2.065,1.197,2.137,138.9,273.3,122.2,262.6,155.6,284.2,498,0.369,5
561,-54.137,146.044,50.305,0.3018,0.8947,0.3294,0.8076,-0.5206,0.2771,0.423,0.184,-0.8872,20.153,0.1308,1.512,1.142,2.43783,139.3,271.8,122.8,261.5,155.9,282.1,499,0.404,5
562,-53.584,147.511,50.846,0.3652,0.8723,0.3251,0.8124,-0.5068,0.2885,0.4169,0.159,-0.8949,19.861,0.0516,1.539,1.062,2.32768,139.9,270.2,123.5,260.4,156.3,280.1,501,0.166,5
563,-52.925,148.932,51.392,0.4284,0.8399,0.3332,0.8167,-0.4935,0.299,0.4158,0.1441,-0.898,19.593,0.035,0.874,1.002,2.46954,140.5,268.7,124.3,259.3,156.9,278.2,503,0.241,5
564,-52.166,150.299,51.946,0.4869,0.8063,0.3359,0.8208,-0.4805,0.309,0.4133,0.1261,-0.9018,19.343,0.116,1.064,0.969,2.33247,141.3,267.2,125.2,258.2,157.5,276.3,504,0.318,5
565,-51.309,151.603,52.509,0.5455,0.764,0.3445,0.8244,-0.468,0.3182,0.4129,0.1128,-0.9038,19.114,0.2018,0.771,0.913,2.51455,142.1,265.8,126.2,257.2,158.3,274.5,506,0.361,5
566,-50.361,152.837,53.084,0.5972,0.7224,0.3486,0.8278,-0.4563,0.3265,0.4112,0.0974,-0.9063,18.913,0.2785,0.899,0.845,2.29681,143.1,264.5,127.2,256.2,159.1,272.9,507,0.067,5
567,-49.327,153.995,53.668,0.6497,0.672,0.3553,0.8308,-0.4456,0.3336,0.4098,0.084,-0.9083,18.742,0.3589,0.78,0.756,2.52489,144.2,263.3,128.3,255.3,160.1,271.3,508,0.459,5
568,-48.206,155.063,54.262,0.6999,0.6167,0.3604,0.8335,-0.436,0.3395,0.4074,0.0699,-0.9106,18.605,0.4368,0.83,0.664,2.58641,145.3,262.1,129.5,254.4,161.2,269.9,510,0.51,5
569,-47.006,156.038,54.864,0.7468,0.5562,0.3646,0.836,-0.4276,0.344,0.4042,0.0558,-0.913,18.501,0.5119,0.84,0.564,2.64874,146.5,261.1,130.8,253.5,162.3,268.7,511,0.208,5
570,-45.729,156.904,55.472,0.7917,0.4877,0.368,0.8383,-0.4203,0.3472,0.4,0.0415,-0.9156,18.432,0.5865,0.867,0.475,2.83237,147.8,260.1,132.1,252.7,163.6,267.5,512,0.067,5
571,-44.382,157.656,56.083,0.8304,0.4179,0.3686,0.8406,-0.4141,0.349,0.3944,0.0265,-0.9186,18.397,0.6536,0.933,0.393,2.75764,149.2,259.3,133.5,252.0,165.0,266.6,513,0.311,5
572,-42.976,158.288,56.694,0.8639,0.3444,0.3676,0.8431,-0.4088,0.3495,0.3877,0.0115,-0.9217,18.396,0.716,0.958,0.337,2.79112,150.6,258.6,134.8,251.4,166.5,265.8,514,0.525,5
573,-41.52,158.799,57.302,0.8906,0.2723,0.3642,0.8457,-0.404,0.3486,0.3795,-0.0039,-0.9252,18.43,0.7701,1.02,0.317,2.65884,152.1,258.0,136.2,250.9,168.1,265.1,515,0.71,5
574,-40.024,159.193,57.902,0.9112,0.2018,0.3593,0.8487,-0.3997,0.3462,0.3703,-0.0183,-0.9287,18.501,0.8171,0.999,0.33,2.54324,153.6,257.5,137.6,250.5,169.8,264.6,517,0.657,5
575,-38.498,159.463,58.492,0.9279,0.1238,0.3517,0.8523,-0.3955,0.3422,0.3583,-0.0352,-0.9329,18.615,0.8622,1.212,0.391,2.76846,155.2,257.2,139.0,250.2,171.5,264.2,518,0.549,5
576,-36.949,159.609,59.069,0.9378,0.0528,0.3431,0.8566,-0.3913,0.3364,0.3456,-0.0492,-0.9371,18.776,0.8981,1.109,0.479,2.49442,156.8,257.0,140.4,250.0,173.3,264.0,519,0.464,5
577,-35.388,159.639,59.63,0.943,-0.019,0.3322,0.8615,-0.3871,0.3287,0.3305,-0.064,-0.9416,18.99,0.9289,1.239,0.576,2.51542,158.4,256.9,141.7,249.9,175.2,263.9,520,0.403,5
578,-33.823,159.545,60.171,0.9427,-0.0931,0.3204,0.867,-0.3829,0.3189,0.314,-0.0771,-0.9463,19.259,0.9551,1.237,0.687,2.5925,160.0,256.9,142.9,249.9,177.2,264.0,521,0.367,5
579,-32.263,159.336,60.695,0.9371,-0.1606,0.3099,0.873,-0.3787,0.3074,0.301,-0.0778,-0.9505,19.577,0.9742,0.784,0.781,2.36781,161.6,257.1,144.1,250.0,179.2,264.2,522,0.356,5
580,-30.716,159.011,61.198,0.9266,-0.2293,0.2981,0.8792,-0.3745,0.2946,0.2893,-0.0718,-0.9545,19.934,0.9884,0.787,0.85,2.43539,163.2,257.4,145.2,250.2,181.3,264.6,523,0.366,5
581,-29.192,158.58,61.689,0.9109,-0.2898,0.2936,0.8854,-0.3703,0.281,0.3196,0.046,-0.9464,20.319,0.9963,6.989,0.89,2.16486,164.8,257.8,146.3,250.6,183.4,265.1,524,0.393,5
582,-27.695,158.048,62.168,0.892,-0.3504,0.2857,0.8916,-0.3657,0.2671,0.452,0.6832,-0.5735,20.716,0.9998,44.054,0.911,2.20979,166.3,258.3,147.3,251.0,185.4,265.6,525,0.43,5
583,-26.235,157.419,62.641,0.8673,-0.4073,0.286,0.8976,-0.3606,0.2534,-0.0013,0.5729,0.8197,21.11,0.9978,94.547,0.905,2.14272,167.8,258.9,148.3,251.5,187.4,266.3,526,0.473,5
584,-24.818,156.695,63.112,0.8396,-0.4644,0.2819,0.9036,-0.3548,0.2403,-0.087,0.3973,0.9136,21.491,0.9912,12.445,0.89,2.19692,169.3,259.6,149.3,252.2,189.4,267.0,527,0.515,5
585,-23.453,155.879,63.581,0.8052,-0.5196,0.2858,0.9094,-0.3479,0.2279,-0.0915,0.3673,0.9256,21.851,0.9782,1.869,0.878,2.25094,170.7,260.4,150.2,253.0,191.3,267.8,528,0.553,5
586,-22.149,154.97,64.056,0.7653,-0.5764,0.2864,0.9152,-0.3399,0.2165,-0.0961,0.3377,0.9363,22.186,0.9583,1.823,0.864,2.39824,172.0,261.3,151.1,254.0,193.1,268.7,529,0.579,5
587,-20.916,153.969,64.534,0.721,-0.6291,0.2907,0.9211,-0.3304,0.2059,-0.0922,0.3287,0.9399,22.497,0.9318,0.599,0.883,2.38289,173.3,262.3,151.9,255.0,194.8,269.6,530,0.593,5
588,-19.761,152.881,65.018,0.6708,-0.6813,0.2929,0.9271,-0.3194,0.1961,-0.0907,0.3166,0.9442,22.784,0.8969,0.741,0.911,2.50325,174.5,263.4,152.7,256.3,196.4,270.5,531,0.596,5
589,-18.689,151.712,65.504,0.6207,-0.7274,0.2927,0.9331,-0.3072,0.1872,-0.0898,0.3049,0.9481,23.047,0.8574,0.709,0.931,2.35209,175.6,264.6,153.4,257.6,197.9,271.5,532,0.591,5
590,-17.703,150.469,65.989,0.5679,-0.7699,0.2909,0.9389,-0.294,0.179,-0.0895,0.2936,0.9517,23.285,0.8116,0.68,0.95,2.34243,176.6,265.8,154.0,259.1,199.3,272.5,533,0.581,5
591,-16.805,149.159,66.468,0.5143,-0.8083,0.2866,0.9445,-0.2801,0.1716,-0.0901,0.2814,0.9554,23.501,0.7613,0.731,0.958,2.2826,177.6,267.1,154.6,260.7,200.6,273.6,534,0.565,5
592,-15.997,147.789,66.939,0.4598,-0.8425,0.2806,0.9499,-0.2656,0.1649,-0.0911,0.2695,0.9587,23.695,0.7068,0.71,0.966,2.23243,178.4,268.5,155.1,262.3,201.8,274.7,535,0.546,5
593,-15.28,146.365,67.398,0.4044,-0.873,0.2728,0.9549,-0.2507,0.1589,-0.0924,0.2577,0.9618,23.869,0.6484,0.703,0.964,2.20118,179.1,269.9,155.5,264.1,202.8,275.8,536,0.522,5
594,-14.655,144.894,67.842,0.3488,-0.8998,0.2622,0.9597,-0.2355,0.1534,-0.0942,0.2447,0.965,24.027,0.5869,0.774,0.966,2.16331,179.8,271.4,155.9,265.9,203.8,277.0,537,0.494,5
595,-14.122,143.382,68.268,0.2921,-0.9227,0.2517,0.9641,-0.22,0.1484,-0.0956,0.2337,0.9676,24.17,0.522,0.653,0.967,2.14331,180.3,273.0,156.2,267.8,204.6,278.2,538,0.461,5
596,-13.68,141.835,68.672,0.2443,-0.9409,0.2344,0.9683,-0.2044,0.1438,-0.0986,0.2164,0.9713,24.3,0.4626,1.028,0.962,1.86496,180.8,274.5,156.4,269.7,205.3,279.4,539,0.433,5
597,-13.305,140.263,69.045,0.2045,-0.9542,0.2183,0.972,-0.1888,0.1397,-0.1009,0.2012,0.9743,24.417,0.4094,0.897,0.948,1.55262,181.2,276.1,156.6,271.6,205.9,280.7,540,0.428,5
598,-12.992,138.672,69.395,0.1772,-0.9631,0.2024,0.9754,-0.1736,0.136,-0.1031,0.1864,0.9771,24.521,0.3676,0.872,0.917,1.13349,181.5,277.8,156.7,273.6,206.4,281.9,541,0.46,5
599,-12.703,137.069,69.713,0.1744,-0.9683,0.1791,0.9784,-0.1588,0.1327,-0.1067,0.1623,0.981,24.612,0.3482,1.414,0.886,0.83019,181.8,279.4,156.8,275.6,206.9,283.2,542,0.544,5
600,-12.417,135.459,69.99,0.165,-0.9736,0.1576,0.981,-0.1445,0.1298,-0.1095,0.1407,0.984,24.693,0.323,1.26,0.849,0.83081,182.1,281.1,156.9,277.6,207.3,284.5,543,0.691,5
601,-12.15,133.84,70.238,0.1597,-0.9769,0.1418,0.9832,-0.1308,0.1273,-0.111,0.1249,0.9859,24.762,0.3028,0.916,0.808,0.58668,182.4,282.7,157.1,279.6,207.7,285.8,544,0.913,5
602,-11.88,132.218,70.462,0.1678,-0.9776,0.1274,0.9851,-0.1177,0.1251,-0.1124,0.1094,0.9876,24.822,0.2963,0.897,0.769,0.57101,182.6,284.4,157.3,281.6,208.1,287.2,544,0.747,5
603,-11.586,130.597,70.661,0.1883,-0.9756,0.1131,0.9868,-0.1052,0.1233,-0.1137,0.0927,0.9892,24.875,0.3024,0.964,0.73,0.86591,182.9,286.1,157.5,283.6,208.5,288.6,545,0.437,5
604,-11.258,128.98,70.835,0.2042,-0.9742,0.0964,0.9882,-0.0932,0.1217,-0.115,0.0739,0.9906,24.92,0.3043,1.083,0.698,0.79779,183.3,287.7,157.7,285.6,208.9,289.9,546,0.027,5
605,-10.909,127.365,70.982,0.2166,-0.9728,0.082,0.9894,-0.0818,0.1203,-0.1158,0.0578,0.9916,24.96,0.3037,0.925,0.662,0.65806,183.6,289.4,158.0,287.5,209.4,291.3,547,0.49,5
606,-10.54,125.753,71.11,0.2286,-0.9709,0.0717,0.9904,-0.0708,0.1191,-0.116,0.0459,0.9922,24.995,0.3037,0.683,0.637,0.55004,184.0,291.1,158.3,289.5,209.8,292.7,548,1.096,5
607,-10.151,124.144,71.223,0.2395,-0.9687,0.0654,0.9912,-0.0602,0.118,-0.1158,0.0384,0.9925,25.026,0.3034,0.43,0.612,0.44142,184.4,292.7,158.7,291.4,210.3,294.1,548,0.563,5
608,-9.745,122.539,71.327,0.2499,-0.9665,0.0587,0.9919,-0.0499,0.1171,-0.1156,0.0304,0.9928,25.053,0.303,0.459,0.594,0.43394,184.9,294.4,159.0,293.3,210.8,295.5,549,0.12,5
609,-9.323,120.937,71.418,0.2592,-0.9645,0.051,0.9924,-0.0399,0.1162,-0.1154,0.0214,0.9931,25.078,0.3016,0.516,0.576,0.42262,185.3,296.1,159.4,295.2,211.2,296.9,550,0.865,5
610,-8.886,119.338,71.497,0.267,-0.9626,0.0455,0.9929,-0.0302,0.1155,-0.1151,0.015,0.9932,25.1,0.2994,0.367,0.558,0.33603,185.7,297.7,159.9,297.1,211.7,298.3,550,0.794,5
611,-8.437,117.742,71.57,0.2735,-0.9609,0.042,0.9932,-0.0207,0.1148,-0.1146,0.0108,0.9934,25.121,0.2964,0.243,0.546,0.2616,186.2,299.4,160.3,299.0,212.2,299.7,551,0.006,5
612,-7.979,116.149,71.638,0.2791,-0.9594,0.0401,0.9934,-0.0115,0.1142,-0.1141,0.0083,0.9934,25.14,0.2929,0.146,0.528,0.2107,186.7,301.0,160.7,300.9,212.7,301.1,552,0.823,5
613,-7.512,114.558,71.704,0.2838,-0.9581,0.0397,0.9935,-0.0024,0.1137,-0.1136,0.0075,0.9935,25.157,0.2888,0.054,0.522,0.16895,187.2,302.7,161.2,302.8,213.2,302.6,552,0.837,5
614,-7.036,112.97,71.768,0.2901,-0.9563,0.0372,0.9936,0.0064,0.1131,-0.1132,0.0044,0.9936,25.174,0.2863,0.179,0.505,0.2422,187.7,304.3,161.7,304.7,213.8,304.0,553,0.005,5
615,-6.55,111.385,71.827,0.2959,-0.9546,0.0346,0.9935,0.0151,0.1127,-0.1127,0.001,0.9936,25.189,0.2835,0.197,0.499,0.22719,188.2,306.0,162.2,306.6,214.3,305.4,554,0.846,5
616,-6.055,109.803,71.883,0.3005,-0.9532,0.0327,0.9934,0.0236,0.1122,-0.1122,-0.0013,0.9937,25.204,0.2797,0.135,0.488,0.17856,188.7,307.6,162.7,308.4,214.8,306.8,554,0.813,5
617,-5.553,108.222,71.936,0.3041,-0.9521,0.0315,0.9932,0.0319,0.1118,-0.1118,-0.0028,0.9937,25.218,0.2752,0.089,0.476,0.13643,189.2,309.3,163.2,310.3,215.3,308.2,555,0.019,6
618,-5.046,106.643,71.988,0.3068,-0.9513,0.031,0.993,0.04,0.1114,-0.1114,-0.0036,0.9938,25.231,0.2701,0.051,0.465,0.09875,189.7,310.9,163.7,312.1,215.9,309.7,556,0.83,6
619,-4.536,105.065,72.039,0.3086,-0.9507,0.031,0.9927,0.048,0.111,-0.111,-0.0036,0.9938,25.243,0.2642,0.023,0.459,0.06552,190.3,312.6,164.2,314.0,216.4,311.1,556,0.829,6
620,-4.023,103.488,72.091,0.3096,-0.9503,0.0316,0.9923,0.0559,0.1107,-0.1107,-0.003,0.9938,25.255,0.2576,0.038,0.454,0.04254,190.8,314.2,164.8,315.8,217.0,312.5,557,0.038,6
621,-3.508,101.912,72.144,0.3125,-0.9494,0.0322,0.9919,0.0636,0.1104,-0.1104,-0.0027,0.9939,25.267,0.2531,0.025,0.442,0.10688,191.3,315.8,165.3,317.7,217.5,314.0,558,0.728,6
622,-2.986,100.338,72.198,0.3164,-0.9481,0.0322,0.9914,0.0711,0.11,-0.1101,-0.003,0.9939,25.278,0.2498,0.024,0.431,0.14194,191.9,317.5,165.8,319.5,218.0,315.4,558,0.932,6
623,-2.458,98.766,72.251,0.3191,-0.9472,0.0321,0.9909,0.0785,0.1097,-0.1098,-0.0033,0.9939,25.288,0.2454,0.024,0.425,0.09832,192.4,319.1,166.4,321.3,218.6,316.9,559,0.197,6
624,-1.927,97.195,72.304,0.3207,-0.9466,0.0319,0.9903,0.0857,0.1094,-0.1095,-0.0036,0.994,25.299,0.24,0.025,0.414,0.05938,193.0,320.7,166.9,323.2,219.1,318.3,560,0.505,6
625,-1.395,95.624,72.357,0.3213,-0.9465,0.0315,0.9897,0.0926,0.1092,-0.1093,-0.004,0.994,25.309,0.2338,0.026,0.397,0.02497,193.5,322.4,167.5,325.0,219.7,319.8,560,1.155,6
626,-0.862,94.054,72.409,0.3209,-0.9466,0.031,0.9891,0.0994,0.1089,-0.109,-0.0044,0.994,25.318,0.2267,0.029,0.391,0.02231,194.1,324.0,168.1,326.8,220.2,321.2,561,0.492,6
627,-0.33,92.483,72.46,0.3196,-0.9471,0.0303,0.9884,0.1058,0.1086,-0.1087,-0.0049,0.9941,25.327,0.219,0.034,0.369,0.05382,194.7,325.6,168.6,328.6,220.8,322.7,562,0.128,6
628,0.198,90.911,72.509,0.3174,-0.9478,0.0295,0.9878,0.1121,0.1084,-0.1085,-0.0054,0.9941,25.336,0.2105,0.031,0.363,0.08435,195.2,327.3,169.2,330.4,221.3,324.2,563,0.702,6
629,0.723,89.338,72.557,0.3143,-0.9489,0.0286,0.9871,0.118,0.1082,-0.1082,-0.0059,0.9941,25.345,0.2014,0.033,0.341,0.11776,195.8,328.9,169.7,332.2,221.9,325.6,563,0.958,6
630,1.242,87.763,72.605,0.3129,-0.9493,0.0295,0.9864,0.1237,0.1079,-0.1082,-0.0048,0.9941,25.353,0.1944,0.063,0.329,0.05911,196.3,330.5,170.3,334.0,222.4,327.1,564,0.426,6
631,1.761,86.188,72.655,0.3128,-0.9493,0.0309,0.9858,0.129,0.1077,-0.1082,-0.0033,0.9941,25.36,0.1892,0.086,0.306,0.04846,196.8,332.2,170.8,335.7,222.9,328.6,565,0.067,6
632,2.28,84.612,72.707,0.3122,-0.9495,0.0313,0.9851,0.134,0.1075,-0.1081,-0.0028,0.9941,25.368,0.1837,0.029,0.289,0.02584,197.4,333.8,171.4,337.5,223.5,330.1,566,0.53,6
633,2.797,83.037,72.758,0.3111,-0.9499,0.0307,0.9845,0.1387,0.1073,-0.1079,-0.0032,0.9942,25.375,0.1778,0.026,0.272,0.04541,197.9,335.5,171.9,339.3,224.0,331.7,567,0.966,6
634,3.312,81.46,72.808,0.3096,-0.9504,0.0293,0.9839,0.143,0.1071,-0.1076,-0.0045,0.9942,25.381,0.1718,0.076,0.249,0.07292,198.5,337.1,172.5,341.0,224.5,333.2,567,0.693,6
635,3.824,79.883,72.855,0.3077,-0.9511,0.0269,0.9833,0.147,0.107,-0.1072,-0.0066,0.9942,25.387,0.1656,0.122,0.232,0.10843,199.0,338.7,173.0,342.8,225.0,334.7,568,0.276,6
636,4.333,78.304,72.897,0.3054,-0.9519,0.0236,0.9828,0.1506,0.1068,-0.1066,-0.0096,0.9943,25.393,0.1593,0.175,0.209,0.14163,199.5,340.4,173.5,344.5,225.6,336.3,569,0.128,6
637,4.837,76.724,72.932,0.3026,-0.9529,0.0193,0.9823,0.1537,0.1067,-0.1059,-0.0134,0.9943,25.398,0.1528,0.221,0.18,0.18054,200.0,342.0,174.1,346.2,226.1,337.8,570,0.524,6
638,5.336,75.142,72.96,0.2993,-0.9541,0.0142,0.9819,0.1565,0.1066,-0.105,-0.0182,0.9943,25.402,0.1461,0.28,0.162,0.21381,200.6,343.7,174.6,347.9,226.6,339.4,571,0.917,6
639,5.83,73.558,72.979,0.2955,-0.9553,0.008,0.9815,0.1589,0.1065,-0.104,-0.0238,0.9943,25.406,0.1391,0.326,0.14,0.25452,201.1,345.3,175.1,349.7,227.1,341.0,571,0.742,6
640,6.318,71.973,72.99,0.2931,-0.9561,0.0057,0.9812,0.1608,0.1064,-0.1036,-0.0259,0.9943,25.409,0.1345,0.122,0.11,0.11807,201.6,347.0,175.6,351.4,227.6,342.6,572,0.346,6
641,6.802,70.386,72.998,0.2907,-0.9568,0.003,0.981,0.1623,0.1063,-0.1031,-0.0282,0.9943,25.412,0.1302,0.135,0.087,0.12705,202.1,348.6,176.1,353.0,228.1,344.2,573,0.057,6
642,7.282,68.798,73.0,0.2882,-0.9576,-0.0001,0.9808,0.1634,0.1063,-0.1026,-0.031,0.9942,25.414,0.1262,0.163,0.064,0.14027,202.6,350.3,176.6,354.7,228.6,345.8,574,0.464,6
643,7.759,67.208,72.997,0.2857,-0.9583,-0.0038,0.9807,0.1642,0.1062,-0.1019,-0.0343,0.9942,25.415,0.1224,0.193,0.047,0.15608,203.1,351.9,177.1,356.4,229.1,347.5,575,0.885,6
644,8.231,65.618,72.987,0.2831,-0.959,-0.0079,0.9806,0.1646,0.1062,-0.1013,-0.0381,0.9941,25.416,0.1189,0.22,0.024,0.16939,203.6,353.6,177.6,358.1,229.6,349.1,575,0.775,6
645,8.698,64.026,72.97,0.2805,-0.9598,-0.0126,0.9806,0.1646,0.1062,-0.1005,-0.0424,0.994,25.417,0.1157,0.251,0.0,0.1875,204.1,355.3,178.1,359.7,230.1,350.8,576,0.339,6
646,9.161,62.433,72.945,0.2776,-0.9605,-0.0179,0.9807,0.1644,0.1061,-0.0996,-0.0474,0.9939,25.417,0.1124,0.291,0.014,0.21003,204.5,356.9,178.6,361.4,230.6,352.5,577,0.115,6
647,9.619,60.838,72.91,0.2747,-0.9612,-0.024,0.9808,0.1638,0.1061,-0.0987,-0.053,0.9937,25.417,0.1094,0.325,0.035,0.23448,205.0,358.6,179.1,363.0,231.1,354.1,578,0.588,6
648,10.072,59.243,72.865,0.2715,-0.962,-0.0307,0.9809,0.1629,0.1061,-0.0976,-0.0593,0.9935,25.416,0.1063,0.367,0.052,0.2579,205.5,360.3,179.5,364.7,231.5,355.8,578,1.071,6
649,10.52,57.646,72.808,0.2679,-0.9627,-0.0378,0.9811,0.1618,0.1061,-0.0965,-0.0659,0.9932,25.416,0.1031,0.384,0.064,0.27594,206.0,361.9,180.0,366.3,232.0,357.5,579,0.573,6
650,10.961,56.048,72.74,0.264,-0.9635,-0.0438,0.9813,0.1605,0.106,-0.0956,-0.0713,0.9929,25.415,0.0998,0.314,0.076,0.24866,206.4,363.6,180.5,367.9,232.5,359.2,580,0.049,6
651,11.396,54.449,72.663,0.2602,-0.9643,-0.0499,0.9816,0.1589,0.106,-0.0948,-0.0769,0.9925,25.414,0.0969,0.325,0.093,0.24973,206.9,365.3,180.9,369.5,232.9,361.0,581,0.499,6
652,11.825,52.849,72.575,0.2568,-0.9648,-0.0561,0.9819,0.1571,0.106,-0.0939,-0.0826,0.9921,25.412,0.0946,0.331,0.105,0.24479,207.3,366.9,181.3,371.2,233.4,362.7,582,1.069,6
653,12.248,51.248,72.477,0.2537,-0.9653,-0.0624,0.9822,0.1552,0.1059,-0.093,-0.0885,0.9917,25.41,0.0928,0.343,0.11,0.24307,207.8,368.6,181.8,372.8,233.8,364.4,582,0.59,6
654,12.667,49.646,72.368,0.2509,-0.9656,-0.0687,0.9825,0.153,0.1059,-0.0921,-0.0945,0.9913,25.409,0.0915,0.348,0.127,0.2383,208.2,370.3,182.2,374.4,234.3,366.1,583,0.002,6
655,13.081,48.044,72.249,0.2485,-0.9657,-0.0751,0.9829,0.1508,0.1058,-0.0913,-0.1005,0.9907,25.407,0.0907,0.348,0.128,0.23607,208.6,371.9,182.6,376.0,234.7,367.9,584,0.611,6
656,13.492,46.441,72.119,0.2465,-0.9657,-0.0814,0.9833,0.1483,0.1058,-0.0904,-0.1066,0.9902,25.405,0.0906,0.354,0.145,0.22826,209.1,373.6,183.1,377.6,235.1,369.6,584,1.048,6
657,13.899,44.839,71.978,0.2448,-0.9656,-0.0877,0.9837,0.1458,0.1057,-0.0896,-0.1126,0.9896,25.403,0.0908,0.349,0.145,0.22538,209.5,375.3,183.5,379.2,235.6,371.4,585,0.421,6
658,14.304,43.237,71.828,0.2421,-0.9657,-0.0943,0.9841,0.1431,0.1056,-0.0888,-0.1188,0.9889,25.4,0.0901,0.36,0.156,0.24626,209.9,377.0,183.9,380.8,236.0,373.1,586,0.221,6
659,14.703,41.635,71.666,0.2389,-0.9658,-0.101,0.9845,0.1404,0.1055,-0.0881,-0.1251,0.9882,25.398,0.0889,0.365,0.156,0.25642,210.3,378.6,184.3,382.4,236.4,374.9,587,0.877,6
660,15.097,40.032,71.493,0.2361,-0.9658,-0.1076,0.9849,0.1375,0.1054,-0.0873,-0.1314,0.9875,25.396,0.0884,0.366,0.168,0.24757,210.7,380.3,184.7,384.0,236.8,376.6,587,0.782,6
661,15.486,38.43,71.309,0.2337,-0.9656,-0.1142,0.9853,0.1346,0.1053,-0.0866,-0.1377,0.9867,25.393,0.0883,0.366,0.168,0.24263,211.1,382.0,185.1,385.6,237.2,378.4,588,0.114,6
662,15.872,36.829,71.114,0.2317,-0.9653,-0.1207,0.9857,0.1317,0.1052,-0.086,-0.1439,0.9859,25.391,0.0886,0.36,0.168,0.23508,211.5,383.7,185.5,387.2,237.6,380.1,589,0.561,6
663,16.255,35.227,70.908,0.2301,-0.9648,-0.1269,0.9861,0.1286,0.105,-0.0853,-0.1499,0.985,25.388,0.0895,0.35,0.179,0.22178,211.9,385.3,185.9,388.8,238.1,381.9,589,1.098,6
664,16.636,33.627,70.693,0.229,-0.9643,-0.133,0.9865,0.1256,0.1049,-0.0848,-0.1559,0.9841,25.386,0.0908,0.349,0.174,0.21474,212.3,387.0,186.3,390.4,238.5,383.6,590,0.422,6
665,17.016,32.028,70.467,0.2284,-0.9636,-0.1389,0.9869,0.1224,0.1047,-0.0842,-0.1617,0.9832,25.383,0.0929,0.338,0.185,0.20622,212.7,388.7,186.7,391.9,238.8,385.4,591,0.25,6
666,17.394,30.43,70.232,0.2273,-0.963,-0.1448,0.9873,0.1193,0.1045,-0.0838,-0.1675,0.9823,25.38,0.0944,0.337,0.179,0.20829,213.1,390.3,187.0,393.5,239.2,387.1,592,0.912,6
667,17.769,28.832,69.986,0.225,-0.9626,-0.151,0.9877,0.1161,0.1043,-0.0833,-0.1734,0.9813,25.377,0.0947,0.344,0.185,0.22878,213.5,392.0,187.4,395.1,239.6,388.9,592,0.747,6
668,18.141,27.235,69.73,0.2231,-0.962,-0.1572,0.9881,0.1128,0.1042,-0.0828,-0.1794,0.9803,25.374,0.0956,0.35,0.191,0.22488,213.9,393.7,187.8,396.7,240.0,390.6,593,0.099,6
669,18.51,25.64,69.465,0.2218,-0.9613,-0.1632,0.9885,0.1096,0.104,-0.0824,-0.1852,0.9792,25.372,0.0969,0.339,0.185,0.21339,214.3,395.3,188.2,398.3,240.4,392.4,594,0.529,6
670,18.877,24.046,69.189,0.2209,-0.9605,-0.1691,0.9889,0.1063,0.1037,-0.0821,-0.191,0.9781,25.368,0.0988,0.339,0.191,0.20796,214.6,397.0,188.6,399.8,240.8,394.1,594,1.13,6
671,19.243,22.453,68.904,0.2205,-0.9596,-0.1749,0.9893,0.103,0.1035,-0.0817,-0.1968,0.977,25.366,0.1012,0.339,0.191,0.20315,215.0,398.7,188.9,401.4,241.2,395.9,595,0.528,6
672,19.609,20.861,68.609,0.2206,-0.9585,-0.1806,0.9896,0.0997,0.1033,-0.0814,-0.2026,0.9759,25.362,0.1041,0.339,0.19,0.2005,215.4,400.3,189.3,403.0,241.6,397.6,596,0.044,6
673,19.975,19.272,68.305,0.2211,-0.9573,-0.1862,0.99,0.0964,0.103,-0.0811,-0.2083,0.9747,25.359,0.1074,0.334,0.191,0.19852,215.8,402.0,189.7,404.5,241.9,399.4,597,0.582,6
674,20.343,17.685,67.991,0.2221,-0.956,-0.1917,0.9903,0.093,0.1028,-0.0809,-0.214,0.9735,25.356,0.1113,0.334,0.196,0.1982,216.1,403.6,190.1,406.1,242.3,401.1,597,1.077,6
675,20.71,16.1,67.668,0.221,-0.955,-0.1978,0.9907,0.0897,0.1025,-0.0807,-0.2201,0.9721,25.353,0.113,0.359,0.191,0.21683,216.5,405.3,190.4,407.7,242.7,402.9,598,0.576,6
676,21.076,14.516,67.335,0.2202,-0.9539,-0.2037,0.991,0.0863,0.1022,-0.0804,-0.2259,0.9708,25.35,0.1151,0.341,0.196,0.20908,216.9,406.9,190.8,409.2,243.1,404.6,599,0.115,6
677,21.441,12.934,66.992,0.2199,-0.9528,-0.2094,0.9913,0.0829,0.1019,-0.0803,-0.2316,0.9695,25.347,0.1177,0.335,0.196,0.20074,217.3,408.6,191.2,410.8,243.4,406.4,600,0.305,6
678,21.806,11.354,66.64,0.2201,-0.9515,-0.2149,0.9916,0.0795,0.1016,-0.0802,-0.2372,0.9681,25.344,0.1208,0.331,0.196,0.19528,217.6,410.2,191.6,412.3,243.8,408.1,601,0.68,6
679,22.172,9.777,66.279,0.2208,-0.9501,-0.2202,0.9919,0.0761,0.1013,-0.0801,-0.2427,0.9668,25.341,0.1244,0.324,0.196,0.19084,218.0,411.8,191.9,413.9,244.2,409.8,601,0.98,6
680,22.54,8.202,65.909,0.222,-0.9486,-0.2253,0.9922,0.0726,0.1009,-0.08,-0.248,0.9654,25.338,0.1287,0.314,0.203,0.1882,218.4,413.5,192.3,415.4,244.6,411.6,602,0.652,6
681,22.909,6.629,65.531,0.2237,-0.9471,-0.2303,0.9925,0.0691,0.1005,-0.08,-0.2534,0.9641,25.335,0.1334,0.318,0.203,0.18956,218.8,415.1,192.7,416.9,244.9,413.3,603,0.375,6
682,23.282,5.059,65.145,0.2259,-0.9453,-0.2352,0.9928,0.0655,0.1002,-0.0801,-0.2586,0.9627,25.333,0.1388,0.309,0.208,0.19559,219.2,416.8,193.1,418.5,245.3,415.0,604,0.15,6
683,23.659,3.492,64.751,0.228,-0.9435,-0.2404,0.9931,0.0619,0.0997,-0.0801,-0.2642,0.9611,25.33,0.1441,0.334,0.209,0.20342,219.5,418.4,193.4,420.0,245.7,416.7,605,0.022,6
684,24.038,1.928,64.347,0.2292,-0.9418,-0.246,0.9934,0.0582,0.0993,-0.0801,-0.2701,0.9595,25.328,0.1484,0.35,0.214,0.2063,219.9,420.0,193.8,421.5,246.1,418.5,606,0.143,6
685,24.42,0.367,63.935,0.2305,-0.94,-0.2514,0.9936,0.0544,0.0988,-0.0802,-0.2758,0.9579,25.326,0.1531,0.339,0.22,0.20162,220.3,421.6,194.2,423.0,246.5,420.2,607,0.215,6
686,24.803,-1.191,63.513,0.2318,-0.9383,-0.2565,0.9939,0.0505,0.0983,-0.0803,-0.2813,0.9563,25.324,0.1578,0.328,0.226,0.191,220.7,423.2,194.6,424.6,246.9,421.9,608,0.239,6
687,25.189,-2.747,63.084,0.2332,-0.9366,-0.2615,0.9941,0.0465,0.0978,-0.0805,-0.2866,0.9547,25.323,0.1627,0.317,0.231,0.18868,221.1,424.8,195.0,426.1,247.3,423.6,609,0.219,6
688,25.577,-4.299,62.646,0.2345,-0.9349,-0.2663,0.9944,0.0424,0.0972,-0.0807,-0.2917,0.9531,25.323,0.1677,0.306,0.238,0.18149,221.5,426.5,195.4,427.6,247.7,425.3,610,0.155,6
689,25.967,-5.849,62.2,0.2359,-0.9333,-0.2709,0.9946,0.0381,0.0965,-0.081,-0.2967,0.9515,25.323,0.1729,0.301,0.25,0.17498,221.9,428.1,195.8,429.0,248.1,427.1,611,0.05,6
690,26.36,-7.396,61.747,0.2374,-0.9316,-0.2753,0.9948,0.0336,0.0958,-0.0813,-0.3014,0.95,25.324,0.1785,0.283,0.261,0.17093,222.3,429.7,196.2,430.5,248.5,428.8,612,0.094,6
691,26.755,-8.94,61.287,0.239,-0.9298,-0.2798,0.9951,0.029,0.095,-0.0816,-0.3064,0.9484,25.326,0.1843,0.301,0.268,0.17625,222.7,431.3,196.6,432.0,248.9,430.5,613,0.275,6
692,27.153,-10.481,60.818,0.2412,-0.9276,-0.2854,0.9953,0.0242,0.0941,-0.0819,-0.3125,0.9464,25.329,0.1908,0.368,0.28,0.22121,223.1,432.8,197.0,433.5,249.3,432.2,614,0.49,6
693,27.555,-12.018,60.34,0.2431,-0.9255,-0.2906,0.9955,0.0191,0.0932,-0.0823,-0.3182,0.9445,25.333,0.1972,0.345,0.297,0.20447,223.5,434.4,197.4,434.9,249.7,434.0,616,0.649,6
694,27.96,-13.552,59.854,0.2445,-0.9235,-0.2955,0.9956,0.0138,0.0921,-0.0827,-0.3235,0.9426,25.338,0.2035,0.323,0.31,0.18904,223.9,436.0,197.8,436.4,250.1,435.7,617,0.35,6
695,28.366,-15.083,59.36,0.2455,-0.9218,-0.3,0.9958,0.0083,0.091,-0.0832,-0.3284,0.9409,25.345,0.2095,0.299,0.322,0.16967,224.3,437.6,198.2,437.8,250.5,437.4,618,0.028,6
696,28.774,-16.611,58.858,0.2461,-0.9203,-0.3042,0.996,0.0025,0.0897,-0.0838,-0.3329,0.9392,25.352,0.2155,0.278,0.341,0.1554,224.7,439.2,198.6,439.2,250.9,439.1,619,0.313,6
697,29.182,-18.137,58.35,0.2462,-0.9189,-0.3081,0.9961,-0.0035,0.0883,-0.0844,-0.337,0.9377,25.361,0.2213,0.252,0.353,0.14312,225.2,440.7,199.0,440.6,251.3,440.9,621,0.619,6
698,29.591,-19.66,57.836,0.2459,-0.9178,-0.3116,0.9962,-0.0099,0.0868,-0.085,-0.3407,0.9363,25.372,0.227,0.229,0.377,0.12713,225.6,442.3,199.5,442.0,251.8,442.6,622,0.239,6
699,29.999,-21.182,57.316,0.2462,-0.9164,-0.3156,0.9962,-0.0166,0.0852,-0.0856,-0.3449,0.9347,25.384,0.2336,0.26,0.395,0.14672,226.0,443.9,199.9,443.4,252.2,444.3,623,0.148,6
700,30.409,-22.701,56.788,0.2481,-0.9141,-0.3208,0.9962,-0.0236,0.0833,-0.0863,-0.3507,0.9325,25.398,0.242,0.358,0.416,0.20702,226.4,445.4,200.3,444.8,252.6,446.1,624,0.539,6
701,30.821,-24.216,56.252,0.249,-0.9122,-0.3255,0.9962,-0.0309,0.0814,-0.0871,-0.3558,0.9305,25.412,0.2497,0.317,0.432,0.1778,226.8,447.0,200.7,446.2,253.0,447.8,626,0.343,6
702,31.235,-25.728,55.709,0.2491,-0.9107,-0.3295,0.9961,-0.0385,0.0793,-0.0878,-0.3601,0.9288,25.428,0.2571,0.268,0.452,0.14756,227.2,448.5,201.1,447.5,253.4,449.6,627,0.037,6
703,31.647,-27.238,55.159,0.2482,-0.9097,-0.333,0.9959,-0.0464,0.077,-0.0887,-0.3636,0.9273,25.445,0.2638,0.224,0.472,0.12949,227.6,450.1,201.5,448.9,253.9,451.4,628,0.408,6
704,32.058,-28.747,54.604,0.2463,-0.9092,-0.3358,0.9957,-0.0545,0.0747,-0.0895,-0.3664,0.9262,25.463,0.2697,0.178,0.483,0.11812,228.1,451.6,201.9,450.2,254.3,453.1,630,0.551,6
705,32.464,-30.255,54.045,0.2433,-0.9091,-0.3381,0.9954,-0.0629,0.0722,-0.0904,-0.3683,0.9253,25.481,0.275,0.131,0.502,0.13057,228.5,453.2,202.3,451.5,254.7,454.9,631,0.223,6
706,32.864,-31.764,53.483,0.2394,-0.9096,-0.3396,0.995,-0.0716,0.0695,-0.0912,-0.3693,0.9248,25.499,0.2797,0.079,0.522,0.14533,228.9,454.7,202.7,452.8,255.1,456.7,632,0.088,6
707,33.26,-33.272,52.916,0.2378,-0.9083,-0.3441,0.9945,-0.0805,0.0668,-0.0922,-0.3738,0.9229,25.517,0.2866,0.286,0.534,0.17093,229.3,456.3,203.1,454.1,255.5,458.4,633,0.383,6
708,33.654,-34.778,52.341,0.236,-0.9073,-0.3479,0.9939,-0.0896,0.0639,-0.0932,-0.3775,0.9213,25.534,0.2936,0.238,0.548,0.14926,229.7,457.8,203.5,455.4,255.9,460.2,634,0.66,6
709,34.043,-36.283,51.762,0.2337,-0.9069,-0.3507,0.9932,-0.0989,0.0609,-0.0942,-0.3801,0.9201,25.552,0.3004,0.174,0.561,0.12586,230.1,459.4,203.9,456.7,256.2,462.0,636,0.499,6
710,34.429,-37.788,51.178,0.2309,-0.9068,-0.3526,0.9924,-0.1085,0.0577,-0.0952,-0.3817,0.9194,25.569,0.3072,0.115,0.582,0.11688,230.4,460.9,204.3,458.0,256.6,463.8,637,0.278,6
711,34.809,-39.292,50.592,0.2275,-0.9073,-0.3535,0.9915,-0.1184,0.0545,-0.0961,-0.3822,0.9191,25.584,0.3137,0.061,0.598,0.12268,230.8,462.4,204.7,459.3,257.0,465.6,638,0.075,6
712,35.183,-40.798,50.006,0.2237,-0.9084,-0.3534,0.9904,-0.1286,0.0511,-0.0969,-0.3815,0.9193,25.599,0.3203,0.062,0.619,0.13662,231.2,464.0,205.1,460.5,257.3,467.4,639,0.113,6
713,35.551,-42.307,49.42,0.2193,-0.9096,-0.353,0.9891,-0.139,0.0476,-0.0977,-0.3804,0.9196,25.613,0.3265,0.08,0.633,0.15808,231.6,465.5,205.5,461.8,257.6,469.2,640,0.287,6
714,35.911,-43.816,48.832,0.215,-0.9098,-0.3551,0.9877,-0.1498,0.0439,-0.0988,-0.382,0.9189,25.625,0.3331,0.118,0.659,0.16539,231.9,467.0,205.9,463.1,258.0,471.0,641,0.451,6
715,36.265,-45.326,48.242,0.2111,-0.9102,-0.3563,0.9862,-0.1609,0.0402,-0.0998,-0.3827,0.9185,25.635,0.3403,0.074,0.676,0.14158,232.3,468.6,206.3,464.3,258.3,472.8,642,0.606,6
716,36.612,-46.836,47.651,0.2078,-0.9109,-0.3566,0.9844,-0.1723,0.0363,-0.1008,-0.3826,0.9184,25.643,0.3486,0.058,0.698,0.11694,232.6,470.1,206.7,465.5,258.6,474.7,644,0.754,6
717,36.954,-48.348,47.059,0.2049,-0.9118,-0.356,0.9824,-0.1842,0.0322,-0.1017,-0.3815,0.9188,25.649,0.3578,0.085,0.73,0.10688,232.9,471.6,207.1,466.8,258.9,476.5,645,0.605,6
718,37.292,-49.862,46.47,0.2024,-0.913,-0.3543,0.9801,-0.1964,0.0281,-0.1024,-0.3795,0.9195,25.652,0.3677,0.128,0.749,0.11232,233.3,473.2,207.5,468.0,259.1,478.4,646,0.455,6
719,37.626,-51.378,45.884,0.2006,-0.9144,-0.3516,0.9776,-0.209,0.0237,-0.1029,-0.3765,0.9207,25.652,0.3789,0.187,0.778,0.12204,233.6,474.7,207.9,469.2,259.4,480.2,647,0.302,6
720,37.955,-52.896,45.302,0.196,-0.9158,-0.3506,0.9748,-0.2221,0.0193,-0.1036,-0.3749,0.9212,25.648,0.3877,0.104,0.808,0.1696,233.9,476.3,208.3,470.4,259.6,482.1,648,0.149,6
721,38.278,-54.417,44.721,0.1924,-0.9169,-0.3496,0.9717,-0.2356,0.0147,-0.1045,-0.3733,0.9218,25.641,0.3978,0.111,0.836,0.1345,234.3,477.8,208.7,471.6,259.8,484.0,649,0.005,6
722,38.595,-55.939,44.142,0.1902,-0.918,-0.3481,0.9683,-0.2496,0.01,-0.1053,-0.3716,0.9224,25.63,0.4098,0.113,0.868,0.09947,234.6,479.3,209.1,472.8,260.0,485.9,650,0.158,6
723,38.909,-57.463,43.566,0.1893,-0.9189,-0.3462,0.9645,-0.2639,0.0052,-0.1061,-0.3696,0.9231,25.615,0.4233,0.13,0.891,0.07897,234.9,480.9,209.6,474.0,260.2,487.8,651,0.31,6
724,39.224,-58.988,42.994,0.1898,-0.9196,-0.3439,0.9604,-0.2786,0.0003,-0.1069,-0.3675,0.9239,25.594,0.4384,0.137,0.918,0.08477,235.2,482.4,210.0,475.1,260.4,489.7,652,0.461,6
725,39.54,-60.514,42.425,0.1911,-0.9204,-0.3412,0.9559,-0.2936,-0.0047,-0.1076,-0.3651,0.9247,25.57,0.4545,0.15,0.942,0.10709,235.5,484.0,210.5,476.3,260.5,491.7,653,0.61,6
726,39.855,-62.042,41.861,0.1887,-0.9218,-0.3387,0.951,-0.309,-0.0097,-0.1083,-0.3624,0.9257,25.539,0.4676,0.17,0.969,0.12907,235.8,485.5,210.9,477.4,260.7,493.6,654,0.755,6
727,40.167,-63.573,41.301,0.1881,-0.9227,-0.3364,0.9457,-0.3247,-0.0148,-0.1092,-0.3601,0.9265,25.504,0.4825,0.149,0.993,0.08774,236.1,487.1,211.4,478.6,260.8,495.5,656,0.636,6
728,40.48,-65.104,40.745,0.1893,-0.9233,-0.3342,0.94,-0.3405,-0.0198,-0.1102,-0.3582,0.9271,25.465,0.4989,0.128,1.004,0.08898,236.4,488.6,211.9,479.8,260.9,497.5,657,0.52,6
729,40.796,-66.636,40.192,0.1925,-0.9234,-0.3322,0.934,-0.3565,-0.0248,-0.1116,-0.3569,0.9274,25.421,0.5172,0.111,1.02,0.13035,236.7,490.2,212.4,480.9,261.0,499.4,658,0.42,6
730,41.12,-68.168,39.643,0.1976,-0.923,-0.3302,0.9276,-0.3724,-0.0297,-0.1133,-0.3561,0.9275,25.373,0.5368,0.108,1.021,0.18968,237.0,491.7,213.0,482.1,261.1,501.3,659,0.341,7
731,41.45,-69.699,39.097,0.2003,-0.9233,-0.3277,0.9208,-0.3884,-0.0346,-0.1146,-0.3542,0.9281,25.321,0.5544,0.136,1.035,0.12749,237.4,493.2,213.5,483.2,261.2,503.3,660,0.286,7
732,41.785,-71.232,38.555,0.203,-0.9236,-0.3252,0.9138,-0.4043,-0.0393,-0.1161,-0.3525,0.9286,25.266,0.5717,0.133,1.031,0.1275,237.7,494.8,214.1,484.4,261.3,505.2,661,0.257,7
733,42.125,-72.764,38.017,0.2072,-0.9233,-0.3232,0.9064,-0.4201,-0.0438,-0.118,-0.3516,0.9287,25.208,0.5898,0.121,1.032,0.16097,238.0,496.3,214.7,485.6,261.3,507.1,662,0.259,7
734,42.473,-74.295,37.482,0.213,-0.9226,-0.3217,0.8987,-0.4358,-0.0483,-0.1206,-0.3516,0.9284,25.149,0.609,0.15,1.035,0.20827,238.4,497.9,215.3,486.7,261.4,509.0,663,0.291,7
735,42.833,-75.825,36.95,0.2204,-0.9212,-0.3207,0.8908,-0.4514,-0.0525,-0.124,-0.3525,0.9276,25.087,0.629,0.207,1.03,0.26236,238.7,499.4,215.9,487.9,261.5,510.9,664,0.348,7
736,43.203,-77.352,36.419,0.2259,-0.9205,-0.3189,0.8825,-0.4669,-0.0566,-0.127,-0.3524,0.9272,25.025,0.6472,0.173,1.034,0.2013,239.1,501.0,216.6,489.1,261.6,512.8,665,0.426,7
737,43.583,-78.879,35.891,0.2318,-0.9196,-0.3172,0.8739,-0.4823,-0.0605,-0.1304,-0.3525,0.9267,24.962,0.6653,0.197,1.035,0.2143,239.5,502.5,217.2,490.3,261.7,514.7,666,0.523,7
738,43.973,-80.404,35.366,0.2391,-0.9182,-0.3158,0.865,-0.4976,-0.0641,-0.1347,-0.3534,0.9257,24.9,0.684,0.258,1.035,0.2612,239.9,504.0,217.9,491.4,261.8,516.6,667,0.632,7
739,44.377,-81.926,34.843,0.2479,-0.9162,-0.3147,0.8558,-0.5128,-0.0676,-0.14,-0.3554,0.9242,24.839,0.7033,0.336,1.038,0.31395,240.3,505.5,218.6,492.6,261.9,518.4,668,0.751,7
740,44.797,-83.444,34.322,0.258,-0.9137,-0.3139,0.8463,-0.528,-0.0708,-0.1463,-0.3581,0.9221,24.779,0.723,0.411,1.043,0.36038,240.7,507.1,219.3,493.8,262.0,520.3,669,0.876,7
741,45.232,-84.958,33.802,0.2664,-0.9118,-0.3125,0.8364,-0.5431,-0.0738,-0.1526,-0.3601,0.9204,24.72,0.7411,0.391,1.049,0.30132,241.1,508.6,220.1,495.0,262.1,522.2,669,0.783,7
742,45.681,-86.469,33.284,0.2758,-0.9094,-0.3113,0.8262,-0.5582,-0.0764,-0.1602,-0.3628,0.918,24.665,0.7593,0.482,1.055,0.33758,241.5,510.1,220.8,496.2,262.2,524.0,670,0.656,7
743,46.148,-87.976,32.769,0.2862,-0.9066,-0.3102,0.8156,-0.5732,-0.0788,-0.1691,-0.3664,0.9149,24.613,0.7775,0.578,1.061,0.37386,242.0,511.6,221.6,497.3,262.4,525.9,671,0.53,7
744,46.632,-89.477,32.255,0.2975,-0.9033,-0.3093,0.8046,-0.5882,-0.0809,-0.1797,-0.3711,0.911,24.566,0.7957,0.701,1.073,0.4077,242.5,513.1,222.4,498.5,262.5,527.7,672,0.409,7
745,47.134,-90.973,31.743,0.3079,-0.9002,-0.308,0.7933,-0.6032,-0.0826,-0.1912,-0.3757,0.9068,24.523,0.8127,0.749,1.08,0.37743,243.0,514.6,223.2,499.6,262.7,529.5,673,0.297,7
746,47.654,-92.464,31.233,0.3188,-0.8968,-0.3068,0.7816,-0.6181,-0.0839,-0.2046,-0.3812,0.9016,24.486,0.8292,0.882,1.088,0.39647,243.5,516.1,224.1,500.8,262.9,531.4,674,0.195,7
747,48.192,-93.948,30.725,0.3305,-0.8929,-0.3057,0.7695,-0.6329,-0.0848,-0.2206,-0.388,0.8949,24.456,0.8454,1.067,1.097,0.42759,244.0,517.6,224.9,501.9,263.1,533.2,675,0.108,7
748,48.751,-95.426,30.218,0.3433,-0.8884,-0.3048,0.7571,-0.6477,-0.0851,-0.2397,-0.3966,0.8861,24.434,0.8613,1.302,1.106,0.4696,244.6,519.1,225.8,503.1,263.3,535.0,676,0.039,7
749,49.331,-96.896,29.714,0.3559,-0.8841,-0.303,0.7443,-0.6625,-0.0849,-0.2607,-0.4053,0.8762,24.421,0.8763,1.421,1.121,0.46394,245.2,520.5,226.7,504.2,263.6,536.8,677,0.011,7
750,49.932,-98.359,29.212,0.3688,-0.8792,-0.3015,0.7311,-0.6771,-0.0841,-0.286,-0.416,0.8632,24.418,0.8903,1.741,1.129,0.47934,245.8,522.0,227.6,505.3,263.8,538.7,678,0.035,7
751,50.556,-99.814,28.713,0.3828,-0.8734,-0.3012,0.7175,-0.6916,-0.0827,-0.3176,-0.4306,0.8448,24.424,0.9036,2.256,1.142,0.52341,246.4,523.4,228.6,506.4,264.1,540.5,679,0.035,7
752,51.203,-101.257,28.212,0.3978,-0.8663,-0.302,0.7037,-0.7059,-0.0806,-0.357,-0.4494,0.8189,24.441,0.9158,2.909,1.145,0.57376,247.0,524.9,229.6,507.4,264.4,542.3,680,0.014,7
753,51.876,-102.689,27.712,0.4131,-0.8595,-0.3009,0.6896,-0.72,-0.0778,-0.3997,-0.468,0.7882,24.468,0.9271,3.197,1.154,0.57946,247.7,526.3,230.6,508.5,264.7,544.1,681,0.024,7
754,52.574,-104.108,27.213,0.4284,-0.852,-0.301,0.6753,-0.7338,-0.0743,-0.4506,-0.4902,0.7461,24.504,0.9369,3.993,1.156,0.58848,248.4,527.7,231.6,509.5,265.1,545.8,682,0.072,7
755,53.297,-105.515,26.712,0.4436,-0.8434,-0.3033,0.6608,-0.7473,-0.0701,-0.5104,-0.5159,0.688,24.549,0.9447,5.0,1.16,0.60832,249.1,529.1,232.7,510.6,265.5,547.6,683,0.126,7
756,54.046,-106.906,26.205,0.4583,-0.834,-0.3074,0.6463,-0.7603,-0.0652,-0.5758,-0.542,0.6121,24.601,0.9503,5.935,1.151,0.61895,249.8,530.5,233.7,511.6,265.9,549.4,684,0.18,7
757,54.818,-108.282,25.693,0.473,-0.8247,-0.3101,0.6318,-0.7728,-0.0596,-0.64,-0.5635,0.5224,24.658,0.9547,6.442,1.143,0.60789,250.6,531.9,234.8,512.6,266.4,551.1,685,0.229,7
758,55.615,-109.643,25.177,0.4879,-0.8153,-0.312,0.6173,-0.7849,-0.0535,-0.6999,-0.5789,0.4184,24.718,0.9578,6.937,1.137,0.6119,251.4,533.2,236.0,513.6,266.8,552.8,686,0.27,7
759,56.437,-110.988,24.658,0.503,-0.8056,-0.313,0.6029,-0.7965,-0.0467,-0.7514,-0.5865,0.3022,24.779,0.9595,7.3,1.129,0.62074,252.2,534.5,237.1,514.6,267.3,554.5,687,0.294,7
760,57.284,-112.316,24.137,0.5172,-0.7954,-0.316,0.5886,-0.8075,-0.0395,-0.7909,-0.5852,0.1787,24.838,0.9592,7.435,1.113,0.6126,253.1,535.8,238.3,515.6,267.8,556.1,688,0.297,7
761,58.154,-113.627,23.611,0.5321,-0.785,-0.3172,0.5744,-0.818,-0.032,-0.8162,-0.5752,0.0542,24.892,0.9579,7.307,1.099,0.62888,253.9,537.1,239.5,516.5,268.4,557.7,689,0.267,7
762,59.05,-114.921,23.086,0.5485,-0.7747,-0.3147,0.5603,-0.828,-0.0241,-0.8272,-0.5577,-0.0688,24.941,0.9564,7.151,1.089,0.67436,254.8,538.4,240.7,517.5,268.9,559.3,690,0.198,7
763,59.974,-116.198,22.569,0.5657,-0.7644,-0.3094,0.5463,-0.8374,-0.0161,-0.8243,-0.5341,-0.1877,24.98,0.9541,6.952,1.069,0.71613,255.7,539.7,241.9,518.5,269.5,560.8,691,0.079,7
764,60.926,-117.456,22.057,0.5818,-0.753,-0.3074,0.5324,-0.8464,-0.008,-0.8108,-0.5073,-0.2919,25.01,0.9495,6.216,1.056,0.68478,256.7,540.9,243.2,519.5,270.2,562.3,692,0.099,7
765,61.904,-118.697,21.55,0.5968,-0.7431,-0.3028,0.5187,-0.855,0.0,-0.7904,-0.4795,-0.3812,25.03,0.9449,5.487,1.034,0.64067,257.7,542.1,244.5,520.5,270.8,563.8,693,0.344,7
766,62.906,-119.923,21.054,0.6107,-0.7346,-0.2958,0.505,-0.8631,0.0081,-0.7656,-0.4523,-0.4574,25.04,0.94,4.85,1.023,0.61238,258.7,543.3,245.9,521.5,271.5,565.2,694,0.666,7
767,63.93,-121.135,20.569,0.6244,-0.7253,-0.2899,0.4915,-0.8707,0.016,-0.7379,-0.4261,-0.5233,25.039,0.9338,4.363,0.996,0.60703,259.7,544.5,247.2,522.5,272.1,566.6,694,0.993,7
768,64.978,-122.33,20.092,0.6374,-0.7161,-0.2845,0.478,-0.8781,0.0239,-0.7099,-0.4021,-0.5783,25.028,0.9267,3.795,0.991,0.58074,260.7,545.7,248.6,523.5,272.8,568.0,695,0.585,7
769,66.045,-123.512,19.626,0.6485,-0.7092,-0.2765,0.4645,-0.885,0.0316,-0.6821,-0.3803,-0.6246,25.008,0.9201,3.337,0.974,0.52918,261.8,546.9,250.0,524.5,273.6,569.3,696,0.089,7
770,67.129,-124.685,19.176,0.6581,-0.7044,-0.2659,0.4509,-0.8917,0.0391,-0.6541,-0.36,-0.6653,24.978,0.9145,3.06,0.969,0.52094,262.9,548.0,251.4,525.5,274.3,570.6,697,0.493,7
771,68.228,-125.849,18.744,0.6681,-0.6985,-0.2564,0.4373,-0.8981,0.0466,-0.6258,-0.3411,-0.7014,24.941,0.9075,2.843,0.962,0.5181,263.9,549.2,252.9,526.5,275.0,571.9,698,1.156,7
772,69.345,-127.003,18.325,0.6779,-0.6923,-0.2475,0.4236,-0.9042,0.0538,-0.5984,-0.324,-0.7327,24.897,0.8998,2.577,0.953,0.5048,265.1,550.3,254.4,527.5,275.8,573.2,698,0.503,7
773,70.477,-128.147,17.923,0.6864,-0.6876,-0.2367,0.4098,-0.9101,0.0609,-0.5711,-0.3081,-0.7609,24.845,0.8927,2.427,0.951,0.5016,266.2,551.4,255.9,528.5,276.5,574.4,699,0.239,7
774,71.622,-129.285,17.541,0.6938,-0.6845,-0.2238,0.3958,-0.9158,0.0679,-0.543,-0.293,-0.787,24.788,0.8863,2.362,0.954,0.52465,267.3,552.6,257.4,529.5,277.3,575.6,700,1.057,7
775,72.779,-130.418,17.181,0.7014,-0.6809,-0.2106,0.3817,-0.9213,0.0746,-0.5142,-0.2788,-0.8111,24.725,0.8793,2.3,0.948,0.5405,268.5,553.7,258.9,530.6,278.1,576.8,700,0.602,7
776,73.95,-131.544,16.842,0.7092,-0.6765,-0.1984,0.3674,-0.9265,0.0812,-0.4864,-0.2658,-0.8323,24.658,0.8712,2.137,0.95,0.52265,269.6,554.8,260.4,531.6,278.9,578.0,701,0.289,7
777,75.132,-132.664,16.523,0.7161,-0.6729,-0.1857,0.3529,-0.9316,0.0876,-0.4594,-0.2541,-0.8511,24.587,0.8633,2.001,0.954,0.51435,270.8,555.9,262.0,532.6,279.7,579.2,702,1.251,7
778,76.325,-133.778,16.226,0.722,-0.6701,-0.1723,0.3382,-0.9364,0.0938,-0.4331,-0.2433,-0.8679,24.513,0.8555,1.892,0.955,0.51479,272.0,557.0,263.6,533.7,280.5,580.4,702,0.408,7
779,77.528,-134.888,15.951,0.7273,-0.6677,-0.1589,0.3233,-0.941,0.0998,-0.4074,-0.2336,-0.8829,24.437,0.8476,1.793,0.957,0.50448,273.2,558.1,265.2,534.7,281.3,581.5,703,0.623,7
780,78.739,-135.993,15.698,0.7329,-0.6645,-0.1457,0.3082,-0.9454,0.1056,-0.3818,-0.2246,-0.8966,24.359,0.8387,1.742,0.961,0.50737,274.4,559.2,266.8,535.8,282.1,582.7,703,1.036,7
781,79.96,-137.092,15.468,0.7389,-0.6607,-0.1322,0.2929,-0.9497,0.1111,-0.356,-0.2162,-0.9091,24.28,0.8292,1.712,0.964,0.52678,275.7,560.3,268.4,536.8,283.0,583.8,704,0.061,7
782,81.191,-138.185,15.26,0.7451,-0.6563,-0.1187,0.2774,-0.9537,0.1165,-0.3303,-0.2085,-0.9206,24.201,0.8188,1.672,0.968,0.53508,276.9,561.4,270.0,537.9,283.8,584.9,705,1.217,7
783,82.432,-139.27,15.074,0.751,-0.652,-0.1048,0.2617,-0.9575,0.1216,-0.3049,-0.2016,-0.9308,24.123,0.8081,1.617,0.971,0.5422,278.1,562.4,271.6,539.0,284.6,586.0,705,0.442,7
784,83.683,-140.348,14.912,0.7564,-0.6477,-0.0912,0.2458,-0.961,0.1265,-0.2806,-0.1955,-0.9397,24.044,0.7968,1.523,0.974,0.52667,279.4,563.5,273.3,540.0,285.5,587.1,706,0.766,7
785,84.942,-141.419,14.772,0.7622,-0.6427,-0.078,0.2297,-0.9644,0.1312,-0.2573,-0.1902,-0.9474,23.968,0.7847,1.438,0.981,0.52699,280.6,564.6,275.0,541.1,286.4,588.2,706,0.893,7
786,86.212,-142.481,14.653,0.7682,-0.6369,-0.0653,0.2134,-0.9675,0.1356,-0.2349,-0.1856,-0.9541,23.892,0.7713,1.365,0.984,0.52477,281.9,565.7,276.6,542.1,287.2,589.3,707,0.359,7
787,87.492,-143.532,14.555,0.774,-0.631,-0.0526,0.1969,-0.9704,0.1398,-0.2133,-0.1816,-0.96,23.819,0.7574,1.303,0.99,0.52342,283.2,566.7,278.3,543.2,288.1,590.3,707,1.301,7
788,88.78,-144.575,14.478,0.7793,-0.6254,-0.0396,0.1803,-0.973,0.1438,-0.1921,-0.1782,-0.9651,23.748,0.7433,1.264,0.99,0.52197,284.5,567.7,280.0,544.2,289.0,591.4,708,0.014,7
789,90.078,-145.607,14.423,0.785,-0.619,-0.0267,0.1636,-0.9754,0.1475,-0.1712,-0.1753,-0.9695,23.681,0.7283,1.235,0.99,0.53483,285.8,568.8,281.7,545.3,289.9,592.4,709,1.309,7
790,91.385,-146.628,14.39,0.791,-0.6117,-0.0138,0.1468,-0.9776,0.1509,-0.1507,-0.1729,-0.9734,23.617,0.712,1.204,0.99,0.55221,287.1,569.8,283.5,546.3,290.8,593.4,709,0.35,7
791,92.702,-147.636,14.378,0.7967,-0.6043,-0.0006,0.1299,-0.9795,0.1541,-0.1304,-0.1709,-0.9766,23.557,0.6953,1.183,0.991,0.55843,288.4,570.8,285.2,547.3,291.7,594.4,710,0.996,7
792,94.028,-148.634,14.388,0.8018,-0.5975,0.0127,0.1128,-0.9811,0.157,-0.1107,-0.1695,-0.9793,23.501,0.6786,1.142,0.998,0.54511,289.8,571.8,286.9,548.3,292.7,595.4,710,0.664,7
793,95.363,-149.618,14.42,0.8077,-0.589,0.0257,0.0958,-0.9825,0.1597,-0.0916,-0.1684,-0.9814,23.45,0.6602,1.103,0.99,0.57376,291.1,572.8,288.7,549.3,293.6,596.4,711,0.701,7
794,96.709,-150.587,14.473,0.8146,-0.5788,0.0384,0.0787,-0.9836,0.162,-0.0729,-0.1678,-0.9831,23.404,0.6396,1.076,0.991,0.61094,292.5,573.8,290.4,550.3,294.6,597.4,711,0.958,7
795,98.066,-151.538,14.547,0.8211,-0.5684,0.0516,0.0616,-0.9845,0.1641,-0.054,-0.1675,-0.9844,23.362,0.6186,1.086,0.989,0.62223,293.9,574.8,292.2,551.3,295.5,598.3,712,0.421,7
796,99.433,-152.474,14.644,0.8265,-0.5591,0.0653,0.0445,-0.9851,0.1659,-0.0355,-0.1675,-0.9852,23.326,0.5984,1.061,0.986,0.60148,295.2,575.7,294.0,552.3,296.5,599.3,712,1.239,7
797,100.81,-153.392,14.763,0.8336,-0.5469,0.0776,0.0274,-0.9855,0.1674,-0.0184,-0.168,-0.9856,23.296,0.5748,0.98,0.984,0.64659,296.6,576.7,295.8,553.2,297.5,600.2,713,0.143,7
798,102.2,-154.287,14.901,0.8424,-0.5314,0.0889,0.0104,-0.9856,0.1687,-0.0024,-0.1687,-0.9857,23.27,0.5475,0.918,0.977,0.72879,298.1,577.6,297.6,554.2,298.5,601.1,714,1.516,7
799,103.606,-155.154,15.058,0.851,-0.5153,0.1008,-0.0065,-0.9855,0.1697,0.014,-0.1697,-0.9854,23.25,0.5194,0.942,0.97,0.75256,299.5,578.5,299.4,555.1,299.6,602.0,714,0.143,7
800,105.024,-155.997,15.236,0.8586,-0.5,0.1134,-0.0234,-0.9851,0.1704,0.0305,-0.1711,-0.9848,23.235,0.4918,0.949,0.969,0.73307,300.9,579.3,301.2,555.9,300.6,602.8,715,1.213,7
801,106.456,-156.811,15.434,0.8677,-0.4812,0.1247,-0.0401,-0.9845,0.1709,0.0456,-0.1726,-0.9839,23.225,0.4603,0.871,0.958,0.82014,302.4,580.2,303.1,556.8,301.7,603.6,715,0.446,7
802,107.904,-157.591,15.649,0.8786,-0.4582,0.1348,-0.0567,-0.9836,0.1711,0.0598,-0.1744,-0.9829,23.22,0.4239,0.822,0.953,0.9456,303.9,581.0,304.9,557.6,302.8,604.4,716,0.883,7
803,109.37,-158.332,15.882,0.8881,-0.4357,0.1468,-0.0732,-0.9825,0.1711,0.0756,-0.1765,-0.9814,23.22,0.3882,0.917,0.948,0.93976,305.3,581.7,306.8,558.4,303.9,605.2,716,0.776,7
804,110.851,-159.036,16.136,0.8977,-0.4112,0.1581,-0.0895,-0.9812,0.1709,0.0906,-0.1789,-0.9797,23.225,0.3501,0.876,0.937,0.989,306.9,582.5,308.7,559.2,305.0,605.9,717,0.52,7
805,112.35,-159.695,16.406,0.9084,-0.383,0.1679,-0.1056,-0.9797,0.1704,0.1043,-0.1813,-0.9779,23.235,0.3079,0.804,0.927,1.09524,308.4,583.2,310.6,559.9,306.2,606.5,717,1.14,7
806,113.866,-160.304,16.693,0.9189,-0.352,0.1782,-0.1215,-0.978,0.1697,0.1187,-0.184,-0.9757,23.249,0.2629,0.849,0.917,1.18507,309.9,583.8,312.5,560.5,307.3,607.2,718,0.12,7
807,115.398,-160.862,16.997,0.9285,-0.3196,0.1889,-0.1373,-0.9761,0.1688,0.1336,-0.1871,-0.9732,23.268,0.2164,0.884,0.913,1.22418,311.5,584.4,314.5,561.2,308.5,607.7,719,1.334,7
808,116.947,-161.364,17.318,0.938,-0.2847,0.1976,-0.1527,-0.9739,0.1676,0.1468,-0.1901,-0.9707,23.291,0.1672,0.789,0.894,1.28486,313.1,584.9,316.4,561.7,309.7,608.2,719,0.327,7
809,118.51,-161.806,17.653,0.9462,-0.2494,0.2064,-0.168,-0.9717,0.1663,0.1602,-0.1934,-0.968,23.318,0.1177,0.806,0.889,1.28804,314.7,585.4,318.4,562.2,311.0,608.7,720,0.851,7
810,120.086,-162.188,18.003,0.9539,-0.2092,0.2152,-0.183,-0.9692,0.1648,0.1745,-0.197,-0.9648,23.348,0.0637,0.865,0.876,1.44591,316.3,585.8,320.3,562.7,312.2,609.1,720,0.809,7
811,121.676,-162.496,18.366,0.9616,-0.1617,0.222,-0.1976,-0.9666,0.1631,0.1882,-0.2007,-0.9614,23.382,0.0025,0.836,0.855,1.67856,317.9,586.2,322.3,563.0,313.5,609.4,721,0.334,7
812,123.276,-162.722,18.741,0.9669,-0.1107,0.23,-0.2119,-0.9639,0.1612,0.2042,-0.205,-0.9572,23.42,0.0611,0.979,0.841,1.79245,319.6,586.4,324.3,563.3,314.8,609.6,721,1.325,7
813,124.883,-162.868,19.127,0.9698,-0.0666,0.2346,-0.2259,-0.9611,0.1592,0.2164,-0.2088,-0.9537,23.46,0.1177,0.759,0.826,1.53467,321.2,586.6,326.3,563.5,316.1,609.8,722,0.212,7
814,126.493,-162.947,19.518,0.9711,-0.0298,0.2368,-0.2395,-0.9581,0.157,0.2254,-0.2122,-0.9509,23.503,0.1668,0.574,0.808,1.27405,322.9,586.7,328.3,563.7,317.4,609.9,723,0.882,7
815,128.104,-162.963,19.913,0.9708,0.0124,0.2396,-0.2529,-0.955,0.1548,0.2365,-0.2162,-0.9473,23.546,0.2203,0.707,0.798,1.46075,324.5,586.8,330.3,563.8,318.8,609.9,723,0.779,7
816,129.713,-162.899,20.311,0.9686,0.0668,0.2394,-0.2659,-0.9519,0.1524,0.2484,-0.2205,-0.9432,23.592,0.2847,0.762,0.778,1.88071,326.2,586.8,332.3,563.8,320.1,609.9,724,0.302,7
817,131.316,-162.738,20.708,0.9627,0.1264,0.2392,-0.2785,-0.9486,0.15,0.2627,-0.2255,-0.9382,23.637,0.3521,0.914,0.759,2.06889,327.8,586.6,334.2,563.7,321.4,609.7,724,1.357,7
818,132.907,-162.486,21.103,0.9557,0.1744,0.2369,-0.2908,-0.9453,0.1476,0.2735,-0.2299,-0.934,23.684,0.4078,0.71,0.743,1.67739,329.5,586.4,336.2,563.5,322.8,609.4,725,0.282,7
819,134.488,-162.165,21.493,0.9491,0.2116,0.2335,-0.3027,-0.942,0.1451,0.2811,-0.2337,-0.9308,23.73,0.4527,0.52,0.722,1.31012,331.1,586.1,338.1,563.2,324.1,609.1,726,0.8,7
820,136.055,-161.78,21.878,0.9393,0.2551,0.2295,-0.3143,-0.9386,0.1426,0.2911,-0.2382,-0.9265,23.777,0.5019,0.675,0.707,1.54622,332.7,585.8,340.0,562.9,325.4,608.7,726,0.86,7
821,137.602,-161.312,22.252,0.9243,0.311,0.221,-0.3256,-0.9351,0.1401,0.3022,-0.2433,-0.9217,23.822,0.5608,0.752,0.693,2.02083,334.3,585.3,341.9,562.5,326.7,608.2,727,0.239,7
822,139.119,-160.746,22.611,0.9051,0.3687,0.2119,-0.3364,-0.9316,0.1376,0.3159,-0.2493,-0.9155,23.866,0.6188,0.928,0.666,2.12402,335.9,584.8,343.7,562.0,328.0,607.7,728,1.367,7
823,140.606,-160.096,22.956,0.8881,0.4121,0.2035,-0.3469,-0.9281,0.1351,0.3267,-0.2546,-0.9102,23.909,0.6631,0.753,0.65,1.63587,337.4,584.2,345.6,561.4,329.3,607.0,728,0.294,7
824,142.068,-159.386,23.287,0.8744,0.4436,0.1963,-0.3571,-0.9246,0.1327,0.3349,-0.2594,-0.9058,23.951,0.6964,0.6,0.633,1.21223,338.9,583.5,347.3,560.8,330.5,606.2,729,0.871,7
825,143.506,-158.621,23.606,0.857,0.4798,0.1879,-0.3671,-0.921,0.1303,0.3459,-0.2652,-0.9,23.991,0.732,0.786,0.624,1.41726,340.4,582.7,349.1,560.1,331.7,605.4,729,0.789,7
826,144.909,-157.79,23.909,0.8342,0.5223,0.1767,-0.3769,-0.9174,0.1279,0.3594,-0.2721,-0.8926,24.03,0.771,0.967,0.614,1.71022,341.9,581.9,350.8,559.3,332.9,604.6,730,0.414,7
827,146.272,-156.887,24.192,0.8091,0.5641,0.1651,-0.3863,-0.9138,0.1257,0.3757,-0.2803,-0.8833,24.067,0.8073,1.173,0.59,1.73111,343.3,581.0,352.4,558.5,334.1,603.6,730,1.245,7
828,147.596,-155.923,24.458,0.7867,0.5976,0.1549,-0.3954,-0.9102,0.1234,0.3912,-0.2885,-0.8739,24.102,0.8359,1.14,0.576,1.43573,344.6,580.1,354.0,557.6,335.2,602.6,731,0.015,7
829,148.884,-154.908,24.706,0.7669,0.6252,0.1453,-0.4044,-0.9065,0.1212,0.4055,-0.2966,-0.8646,24.135,0.8593,1.082,0.572,1.21897,346.0,579.1,355.6,556.7,336.3,601.5,732,1.276,7
830,150.139,-153.848,24.94,0.7461,0.6518,0.136,-0.4132,-0.9028,0.1191,0.4229,-0.3061,-0.8529,24.167,0.8805,1.319,0.56,1.20961,347.2,578.0,357.1,555.7,337.4,600.4,732,0.385,7
831,151.359,-152.745,25.158,0.7243,0.6778,0.1261,-0.4218,-0.8991,0.1171,0.4425,-0.3168,-0.8389,24.198,0.9002,1.51,0.549,1.2207,348.5,576.9,358.6,554.6,338.4,599.3,733,0.927,7
832,152.542,-151.599,25.358,0.7015,0.7033,0.1153,-0.4303,-0.8953,0.115,0.465,-0.3291,-0.8218,24.226,0.9183,1.766,0.547,1.23888,349.7,575.8,360.0,553.6,339.4,598.0,733,0.733,7
833,153.687,-150.413,25.541,0.679,0.7266,0.1054,-0.4386,-0.8915,0.1131,0.4918,-0.3435,-0.8001,24.253,0.9337,2.141,0.534,1.16975,350.9,574.6,361.4,552.4,340.3,596.8,734,0.607,7
834,154.794,-149.189,25.707,0.6555,0.7492,0.0949,-0.4468,-0.8877,0.1112,0.5235,-0.3603,-0.7721,24.279,0.9474,2.608,0.529,1.18296,352.0,573.4,362.8,551.3,341.3,595.5,734,1.053,7
835,155.861,-147.927,25.855,0.6303,0.7719,0.0831,-0.4549,-0.8838,0.1094,0.5627,-0.3805,-0.7338,24.302,0.9598,3.347,0.525,1.24023,353.1,572.1,364.1,550.1,342.1,594.1,735,0.309,7
836,156.885,-146.627,25.983,0.604,0.7938,0.071,-0.4629,-0.8798,0.1077,0.6126,-0.4054,-0.6785,24.324,0.9703,4.501,0.522,1.25367,354.2,570.8,365.4,548.9,343.0,592.7,735,1.35,7
837,157.866,-145.294,26.091,0.5783,0.8137,0.0597,-0.4708,-0.8758,0.1061,0.6728,-0.4342,-0.599,24.343,0.9786,5.95,0.516,1.18849,355.2,569.4,366.6,547.6,343.8,591.3,736,0.029,7
838,158.804,-143.928,26.181,0.5529,0.8318,0.0486,-0.4787,-0.8718,0.1045,0.7425,-0.4654,-0.4818,24.361,0.9848,8.021,0.516,1.14335,356.1,568.1,367.7,546.3,344.5,589.8,737,1.415,7
839,159.701,-142.534,26.252,0.5275,0.8488,0.0374,-0.4864,-0.8676,0.103,0.8151,-0.4931,-0.3042,24.377,0.9891,11.124,0.51,1.1242,357.1,566.6,368.9,545.0,345.2,588.3,737,0.245,7
840,160.554,-141.113,26.305,0.5017,0.8646,0.0265,-0.4942,-0.8634,0.1016,0.8646,-0.5003,-0.0461,24.392,0.9917,15.107,0.514,1.11053,357.9,565.2,369.9,543.7,345.9,586.8,738,1.146,7
841,161.366,-139.666,26.34,0.4762,0.8792,0.0161,-0.5018,-0.8591,0.1003,0.8455,-0.4628,0.2665,24.405,0.9927,18.148,0.506,1.07651,358.8,563.7,370.9,542.3,346.5,585.2,738,0.514,7
842,162.134,-138.196,26.359,0.4505,0.8928,0.006,-0.5095,-0.8548,0.099,0.742,-0.3781,0.5536,24.417,0.9921,18.223,0.511,1.06304,359.5,562.3,371.9,540.9,347.1,583.7,739,0.873,7
843,162.86,-136.704,26.36,0.4247,0.9053,-0.0042,-0.5171,-0.8504,0.0978,0.5974,-0.2767,0.7527,24.427,0.9899,15.294,0.508,1.05089,360.3,560.7,372.9,539.5,347.7,582.0,739,0.787,7
844,163.543,-135.192,26.345,0.3985,0.917,-0.0142,-0.5246,-0.8459,0.0966,0.4613,-0.1871,0.8673,24.436,0.9861,11.433,0.506,1.04946,361.0,559.2,373.7,538.1,348.2,580.4,740,0.589,7
845,164.182,-133.661,26.313,0.3715,0.9281,-0.024,-0.5321,-0.8413,0.0954,0.3505,-0.1163,0.9293,24.445,0.9808,8.337,0.509,1.06351,361.6,557.6,374.6,536.6,348.6,578.7,740,1.071,7
846,164.776,-132.113,26.265,0.3437,0.9385,-0.034,-0.5396,-0.8366,0.0943,0.2643,-0.0619,0.9625,24.452,0.9738,6.145,0.511,1.08173,362.2,556.1,375.4,535.2,349.0,577.0,741,0.284,7
847,165.323,-130.548,26.2,0.3159,0.9478,-0.0439,-0.547,-0.8319,0.0933,0.1989,-0.0209,0.9798,24.458,0.9654,4.533,0.506,1.06853,362.8,554.5,376.1,533.7,349.4,575.3,741,1.377,7
848,165.823,-128.968,26.12,0.2872,0.9564,-0.0537,-0.5543,-0.8272,0.0923,0.1482,0.011,0.9889,24.464,0.9553,3.472,0.501,1.08865,363.3,552.9,376.8,532.2,349.7,573.6,742,0.055,7
849,166.275,-127.374,26.022,0.257,0.9643,-0.0636,-0.5617,-0.8223,0.0913,0.1074,0.0369,0.9935,24.469,0.9431,2.782,0.512,1.13098,363.7,551.2,377.4,530.7,350.0,571.8,743,1.237,7
850,166.676,-125.769,25.908,0.2265,0.9712,-0.0739,-0.5689,-0.8174,0.0903,0.0739,0.0585,0.9955,24.473,0.9294,2.287,0.502,1.13706,364.1,549.6,378.0,529.2,350.2,570.1,743,0.423,7
851,167.026,-124.152,25.777,0.1949,0.9772,-0.0837,-0.5761,-0.8125,0.0894,0.0476,0.0758,0.996,24.476,0.9137,1.804,0.502,1.16129,364.5,548.0,378.5,527.7,350.3,568.3,744,0.819,7
852,167.322,-122.526,25.631,0.1616,0.9825,-0.093,-0.5832,-0.8075,0.0884,0.0265,0.0899,0.9956,24.479,0.8958,1.454,0.501,1.20807,364.7,546.3,379.0,526.1,350.4,566.5,744,0.841,7
853,167.562,-120.893,25.468,0.1276,0.9864,-0.1035,-0.5903,-0.8024,0.0875,0.0068,0.1035,0.9946,24.481,0.8759,1.373,0.504,1.23632,365.0,544.6,379.4,524.6,350.5,564.7,745,0.351,7
854,167.745,-119.254,25.288,0.0927,0.9893,-0.1128,-0.5973,-0.7973,0.0867,-0.0081,0.114,0.9934,24.483,0.8539,1.047,0.498,1.25143,365.1,543.0,379.7,523.0,350.5,562.9,745,1.31,7
855,167.869,-117.611,25.094,0.0565,0.9911,-0.1203,-0.6041,-0.7923,0.0858,-0.0184,0.1215,0.9924,24.484,0.8297,0.732,0.486,1.27828,365.2,541.3,380.0,521.5,350.4,561.1,746,0.17,7
856,167.932,-115.966,24.888,0.02,0.9915,-0.1286,-0.6109,-0.7871,0.085,-0.0285,0.1291,0.9912,24.484,0.8036,0.727,0.493,1.29295,365.3,539.6,380.2,519.9,350.3,559.3,747,0.928,7
857,167.935,-114.321,24.669,-0.0171,0.9906,-0.136,-0.6175,-0.782,0.0842,-0.0364,0.1353,0.9901,24.484,0.7755,0.579,0.48,1.30686,365.3,537.9,380.4,518.4,350.1,557.5,747,0.732,7
858,167.874,-112.679,24.438,-0.0556,0.9884,-0.1411,-0.6241,-0.7769,0.0834,-0.0407,0.1389,0.9895,24.484,0.745,0.323,0.48,1.34345,365.2,536.2,380.5,516.8,349.9,555.7,748,0.325,7
859,167.75,-111.042,24.2,-0.094,0.9847,-0.1466,-0.6305,-0.7718,0.0826,-0.0453,0.1429,0.9887,24.484,0.7128,0.352,0.471,1.34593,365.0,534.6,380.5,515.3,349.6,553.9,748,1.334,7
860,167.562,-109.413,23.953,-0.1331,0.9795,-0.1514,-0.6367,-0.7667,0.0819,-0.0488,0.1461,0.9881,24.482,0.6786,0.274,0.462,1.3724,364.8,532.9,380.4,513.8,349.2,552.1,749,0.313,7
861,167.307,-107.793,23.7,-0.1743,0.9727,-0.1533,-0.6428,-0.7617,0.0812,-0.0493,0.1469,0.9879,24.481,0.6413,0.055,0.454,1.44368,364.5,531.2,380.3,512.2,348.8,550.3,750,0.679,7
862,166.983,-106.186,23.444,-0.2166,0.9637,-0.1558,-0.6487,-0.7567,0.0806,-0.0503,0.1483,0.9877,24.479,0.6013,0.099,0.444,1.49615,364.2,529.6,380.1,510.7,348.3,548.5,750,0.98,7
863,166.589,-104.596,23.184,-0.2576,0.9534,-0.1571,-0.6545,-0.7518,0.0799,-0.0506,0.1491,0.9875,24.477,0.5607,0.05,0.437,1.46084,363.8,528.0,379.8,509.2,347.7,546.7,751,0.016,7
864,166.128,-103.023,22.924,-0.2975,0.942,-0.1552,-0.6601,-0.747,0.0793,-0.0483,0.1476,0.9879,24.475,0.5196,0.159,0.424,1.43473,363.3,526.4,379.4,507.7,347.1,545.0,752,0.929,7
865,165.602,-101.471,22.668,-0.337,0.9288,-0.1542,-0.6655,-0.7423,0.0788,-0.047,0.147,0.988,24.472,0.4773,0.082,0.411,1.43883,362.7,524.8,379.0,506.3,346.4,543.3,752,0.731,7
866,165.01,-99.942,22.414,-0.3758,0.9142,-0.1516,-0.6707,-0.7376,0.0782,-0.0448,0.1455,0.9883,24.47,0.4341,0.154,0.403,1.4347,362.1,523.2,378.5,504.8,345.6,541.6,753,0.197,7
867,164.357,-98.437,22.167,-0.4115,0.8997,-0.1457,-0.6757,-0.7331,0.0777,-0.0401,0.1419,0.9891,24.467,0.3928,0.342,0.386,1.34635,361.4,521.7,377.9,503.4,344.8,540.0,754,1.119,7
868,163.647,-96.957,21.929,-0.444,0.8846,-0.1424,-0.6804,-0.7287,0.0773,-0.0378,0.1402,0.9894,24.464,0.3535,0.165,0.37,1.24291,360.7,520.2,377.3,502.0,344.0,538.3,754,0.541,7
869,162.884,-95.502,21.697,-0.4751,0.8692,-0.1367,-0.685,-0.7244,0.0769,-0.0339,0.1371,0.99,24.461,0.3147,0.288,0.362,1.21468,359.9,518.7,376.6,500.6,343.1,536.7,755,0.385,7
870,162.072,-94.072,21.478,-0.5037,0.8545,-0.1269,-0.6894,-0.7203,0.0765,-0.0271,0.1312,0.991,24.458,0.278,0.519,0.345,1.16106,359.0,517.2,375.9,499.3,342.1,535.2,755,1.274,7
871,161.214,-92.666,21.276,-0.5304,0.8394,-0.1182,-0.6936,-0.7163,0.0762,-0.0213,0.1261,0.9918,24.455,0.2424,0.445,0.333,1.10124,358.1,515.8,375.1,498.0,341.1,533.6,756,0.334,7
872,160.313,-91.286,21.085,-0.5545,0.8246,-0.1118,-0.6976,-0.7124,0.0759,-0.0174,0.1228,0.9923,24.452,0.2091,0.294,0.321,1.00148,357.2,514.4,374.3,496.7,340.1,532.1,757,0.624,7
873,159.376,-89.929,20.907,-0.5741,0.8125,-0.1015,-0.7015,-0.7087,0.0756,-0.0106,0.1165,0.9931,24.449,0.1808,0.533,0.308,0.8714,356.3,513.0,373.4,495.4,339.0,530.6,757,1.035,7
874,158.41,-88.589,20.75,-0.5898,0.8028,-0.0879,-0.7051,-0.7051,0.0754,-0.0014,0.1078,0.9942,24.446,0.1568,0.728,0.292,0.79166,355.3,511.6,372.5,494.1,338.0,529.2,758,0.054,7
875,157.421,-87.264,20.616,-0.6039,0.7935,-0.0749,-0.7086,-0.7016,0.0753,0.0072,0.0995,0.995,24.443,0.1344,0.686,0.284,0.73615,354.2,510.3,371.6,492.9,336.9,527.7,759,0.956,7
876,156.406,-85.956,20.499,-0.6185,0.783,-0.0664,-0.7119,-0.6982,0.0751,0.0125,0.0943,0.9955,24.44,0.1114,0.426,0.272,0.68689,353.2,508.9,370.6,491.6,335.8,526.3,759,0.704,7
877,155.37,-84.665,20.397,-0.6301,0.7745,-0.056,-0.7151,-0.695,0.0751,0.0193,0.0877,0.996,24.437,0.0919,0.544,0.259,0.61284,352.2,507.6,369.6,490.4,334.6,524.9,760,0.333,7
878,154.317,-83.386,20.314,-0.6394,0.7676,-0.0438,-0.7182,-0.6918,0.075,0.0273,0.0797,0.9964,24.434,0.0751,0.649,0.255,0.5809,351.1,506.3,368.6,489.2,333.5,523.5,760,1.326,7
879,153.249,-82.117,20.252,-0.6467,0.7621,-0.0298,-0.7211,-0.6888,0.075,0.0367,0.0702,0.9969,24.432,0.0608,0.766,0.239,0.5774,350.0,505.1,367.6,488.0,332.3,522.2,761,0.26,7
880,152.172,-80.856,20.216,-0.6528,0.7574,-0.0148,-0.7238,-0.6859,0.075,0.0467,0.0598,0.9971,24.429,0.0481,0.827,0.227,0.58233,348.9,503.8,366.6,486.8,331.2,520.8,762,0.836,7
881,151.082,-79.605,20.2,-0.6602,0.751,-0.0034,-0.7265,-0.6831,0.0751,0.0541,0.0521,0.9972,24.427,0.0336,0.612,0.223,0.51879,347.8,502.5,365.6,485.6,330.0,519.5,762,0.823,7
882,149.981,-78.364,20.204,-0.6669,0.7451,0.0078,-0.729,-0.6804,0.0752,0.0614,0.0444,0.9971,24.424,0.0202,0.608,0.211,0.49461,346.7,501.3,364.5,484.4,328.8,518.2,763,0.304,7
883,148.87,-77.132,20.226,-0.6728,0.7395,0.019,-0.7314,-0.6778,0.0753,0.0686,0.0368,0.997,24.422,0.0077,0.6,0.203,0.47806,345.6,500.0,363.5,483.2,327.6,516.8,763,1.356,7
884,147.749,-75.91,20.267,-0.6782,0.7342,0.0303,-0.7337,-0.6752,0.0755,0.0759,0.029,0.9967,24.42,0.0042,0.612,0.199,0.46965,344.4,498.8,362.4,482.0,326.4,515.5,764,0.197,7
885,146.619,-74.696,20.327,-0.6831,0.7291,0.0416,-0.7359,-0.6728,0.0757,0.0832,0.0211,0.9963,24.418,0.0153,0.617,0.187,0.46038,343.3,497.5,361.3,480.9,325.3,514.3,765,0.996,8
886,145.482,-73.49,20.405,-0.6876,0.7241,0.0531,-0.738,-0.6705,0.0759,0.0906,0.013,0.9958,24.416,0.026,0.629,0.179,0.46007,342.2,496.3,360.2,479.7,324.1,513.0,765,0.664,8
887,144.337,-72.293,20.503,-0.6921,0.7189,0.0648,-0.74,-0.6683,0.0762,0.0981,0.0048,0.9952,24.414,0.0367,0.638,0.171,0.46867,341.0,495.1,359.1,478.6,322.9,511.7,766,0.562,8
888,143.186,-71.105,20.62,-0.6965,0.7136,0.0755,-0.7419,-0.6661,0.0764,0.105,-0.0028,0.9945,24.412,0.0472,0.589,0.167,0.43951,339.8,493.9,358.0,477.4,321.7,510.5,766,1.097,8
889,142.026,-69.925,20.753,-0.7006,0.7084,0.0853,-0.7438,-0.664,0.0767,0.1111,-0.0097,0.9938,24.411,0.0573,0.529,0.163,0.40842,338.7,492.7,356.9,476.3,320.4,509.2,767,0.163,8
890,140.861,-68.754,20.902,-0.7046,0.7034,0.0939,-0.7455,-0.662,0.077,0.1166,-0.0158,0.9931,24.41,0.0669,0.472,0.151,0.37031,337.5,491.6,355.8,475.2,319.2,508.0,768,1.458,8
891,139.689,-67.591,21.064,-0.7083,0.6986,0.1013,-0.7472,-0.6601,0.0773,0.1212,-0.021,0.9924,24.409,0.0759,0.4,0.147,0.33026,336.3,490.4,354.6,474.0,318.0,506.8,768,0.202,8
892,138.511,-66.436,21.238,-0.7117,0.6942,0.1075,-0.7488,-0.6582,0.0776,0.1251,-0.0253,0.9918,24.408,0.0843,0.334,0.143,0.28767,335.2,489.2,353.5,472.9,316.8,505.6,769,1.129,8
893,137.328,-65.288,21.421,-0.7148,0.6898,0.1148,-0.7504,-0.6564,0.078,0.1297,-0.0305,0.9911,24.408,0.0926,0.4,0.14,0.31333,334.0,488.1,352.4,471.8,315.6,504.4,769,0.529,8
894,136.139,-64.147,21.623,-0.7176,0.6846,0.1279,-0.7519,-0.6547,0.0783,0.1381,-0.0402,0.9896,24.408,0.1014,0.74,0.131,0.49613,332.8,486.9,351.2,470.7,314.3,503.2,770,0.834,8
895,134.946,-63.015,21.843,-0.7201,0.6802,0.137,-0.7533,-0.653,0.0787,0.1438,-0.0468,0.9885,24.408,0.1091,0.504,0.128,0.35948,331.6,485.8,350.0,469.6,313.1,502.0,770,0.825,8
896,133.75,-61.89,22.076,-0.7225,0.6765,0.1428,-0.7547,-0.6514,0.079,0.1475,-0.0511,0.9877,24.408,0.1159,0.328,0.123,0.25165,330.4,484.7,348.9,468.5,311.9,500.8,771,0.567,8
897,132.549,-60.77,22.316,-0.7248,0.6734,0.1459,-0.756,-0.6498,0.0793,0.1493,-0.0532,0.9874,24.408,0.1219,0.159,0.119,0.17093,329.2,483.5,347.7,467.4,310.7,499.7,771,1.092,8
898,131.344,-59.655,22.558,-0.7271,0.6707,0.1464,-0.7572,-0.6483,0.0797,0.1496,-0.0534,0.9873,24.409,0.1274,0.021,0.112,0.12366,328.0,482.4,346.6,466.3,309.4,498.5,772,0.323,8
899,130.136,-58.544,22.8,-0.7296,0.6685,0.1445,-0.7584,-0.6468,0.08,0.1483,-0.0516,0.9876,24.41,0.1325,0.128,0.111,0.13237,326.8,481.3,345.4,465.3,308.2,497.4,772,1.338,8
900,128.923,-57.436,23.036,-0.7321,0.6666,0.14,-0.7595,-0.6455,0.0804,0.1453,-0.0479,0.9882,24.41,0.137,0.275,0.1,0.18946,325.6,480.2,344.2,464.2,306.9,496.2,773,0.095,8
901,127.706,-56.331,23.263,-0.7349,0.665,0.1328,-0.7606,-0.6441,0.0808,0.1406,-0.0421,0.9892,24.41,0.1414,0.432,0.105,0.2724,324.4,479.1,343.0,463.1,305.7,495.1,774,1.525,8
902,126.485,-55.229,23.475,-0.7379,0.6636,0.1229,-0.7617,-0.6429,0.0811,0.1342,-0.0341,0.9904,24.411,0.1454,0.591,0.095,0.36061,323.2,478.0,341.8,462.0,304.4,493.9,774,0.134,8
903,125.258,-54.131,23.68,-0.7409,0.66,0.1242,-0.7627,-0.6416,0.0815,0.135,-0.0348,0.9902,24.411,0.1518,0.062,0.097,0.16794,321.9,476.9,340.6,460.9,303.2,492.8,775,1.3,8
904,124.026,-53.039,23.886,-0.7438,0.6569,0.1236,-0.7636,-0.6405,0.0818,0.1346,-0.0339,0.9903,24.411,0.1573,0.057,0.083,0.14805,320.7,475.8,339.4,459.9,301.9,491.7,775,0.361,8
905,122.79,-51.951,24.09,-0.7466,0.6542,0.121,-0.7645,-0.6394,0.0822,0.1329,-0.0315,0.9906,24.41,0.1624,0.169,0.085,0.16156,319.5,474.7,338.2,458.8,300.7,490.6,776,1.065,8
906,121.549,-50.868,24.287,-0.7492,0.6521,0.1163,-0.7653,-0.6383,0.0826,0.1299,-0.0276,0.9911,24.41,0.1667,0.283,0.081,0.19916,318.2,473.6,337.0,457.7,299.4,489.4,776,0.596,8
907,120.304,-49.787,24.474,-0.7516,0.6504,0.1095,-0.7661,-0.6374,0.0829,0.1256,-0.0219,0.9918,24.409,0.1703,0.411,0.071,0.25585,317.0,472.5,335.8,456.7,298.1,488.3,777,0.814,8
908,119.055,-48.709,24.649,-0.7539,0.6492,0.1005,-0.7668,-0.6364,0.0833,0.1198,-0.0145,0.9927,24.408,0.1733,0.541,0.073,0.32345,315.7,471.4,334.5,455.6,296.8,487.2,777,0.847,8
909,117.802,-47.633,24.806,-0.756,0.6485,0.089,-0.7675,-0.6356,0.0836,0.1125,-0.0051,0.9936,24.407,0.1755,0.684,0.063,0.4044,314.4,470.3,333.3,454.5,295.6,486.1,778,0.538,8
910,116.546,-46.557,24.943,-0.7578,0.6481,0.0749,-0.7681,-0.6348,0.084,0.1036,0.0062,0.9946,24.405,0.1769,0.826,0.062,0.49108,313.2,469.2,332.0,453.5,294.3,485.0,778,1.122,8
911,115.287,-45.482,25.055,-0.76,0.647,0.0619,-0.7687,-0.6341,0.0843,0.0954,0.0168,0.9953,24.403,0.1792,0.769,0.055,0.45693,311.9,468.1,330.8,452.4,293.0,483.9,779,0.232,8
912,114.024,-44.41,25.149,-0.7624,0.645,0.0515,-0.7691,-0.6334,0.0847,0.0887,0.0254,0.9957,24.4,0.1822,0.625,0.051,0.375,310.6,467.0,329.5,451.3,291.7,482.8,779,1.427,8
913,112.758,-43.342,25.226,-0.7646,0.6432,0.0407,-0.7696,-0.6329,0.0851,0.0819,0.0343,0.9961,24.397,0.1848,0.642,0.046,0.38571,309.4,466.0,328.2,450.3,290.4,481.7,780,0.112,8
914,111.487,-42.276,25.284,-0.7665,0.6416,0.0295,-0.77,-0.6324,0.0854,0.0748,0.0435,0.9962,24.394,0.187,0.666,0.041,0.39619,308.1,464.9,327.0,449.2,289.1,480.6,781,1.159,8
915,110.214,-41.213,25.323,-0.7681,0.6401,0.0179,-0.7703,-0.6319,0.0858,0.0674,0.0531,0.9963,24.39,0.1887,0.695,0.04,0.40765,306.8,463.8,325.7,448.1,287.8,479.5,781,0.5,8
916,108.939,-40.152,25.343,-0.7693,0.6388,0.0059,-0.7705,-0.6316,0.0862,0.0599,0.0629,0.9962,24.385,0.1898,0.707,0.031,0.4189,305.5,462.7,324.4,447.1,286.5,478.4,782,0.717,8
917,107.662,-39.093,25.343,-0.7702,0.6378,-0.0064,-0.7706,-0.6314,0.0865,0.0521,0.0729,0.996,24.38,0.1903,0.727,0.021,0.42728,304.2,461.7,323.1,446.0,285.3,477.3,782,0.942,8
918,106.383,-38.036,25.322,-0.7707,0.637,-0.0191,-0.7707,-0.6313,0.0869,0.0441,0.0833,0.9956,24.374,0.1902,0.752,0.024,0.4398,302.9,460.6,321.8,444.9,284.0,476.3,783,0.215,8
919,105.104,-36.98,25.279,-0.7714,0.6356,-0.0322,-0.7706,-0.6313,0.0873,0.0358,0.0939,0.9949,24.368,0.1904,0.772,0.023,0.45557,301.6,459.5,320.5,443.9,282.7,475.2,784,1.304,8
920,103.824,-35.927,25.215,-0.7721,0.6339,-0.0453,-0.7705,-0.6313,0.0878,0.0276,0.1046,0.9941,24.36,0.1907,0.774,0.029,0.45681,300.3,458.4,319.2,442.8,281.4,474.1,784,0.355,8
921,102.542,-34.876,25.129,-0.7728,0.632,-0.0584,-0.7703,-0.6316,0.0882,0.0192,0.1153,0.9931,24.352,0.191,0.782,0.031,0.45777,299.0,457.4,317.9,441.7,280.1,473.0,785,0.659,8
922,101.259,-33.83,25.021,-0.7734,0.6298,-0.0716,-0.7699,-0.6319,0.0887,0.0108,0.126,0.992,24.343,0.1911,0.782,0.04,0.46259,297.7,456.3,316.5,440.7,278.8,472.0,785,1.0,8
923,99.976,-32.787,24.891,-0.7741,0.6274,-0.0848,-0.7695,-0.6324,0.0892,0.0024,0.1368,0.9906,24.333,0.1913,0.788,0.046,0.46394,296.4,455.2,315.2,439.6,277.5,470.9,786,0.07,8
924,98.691,-31.748,24.74,-0.7747,0.6247,-0.098,-0.7688,-0.6331,0.0898,-0.0061,0.1476,0.989,24.322,0.1913,0.793,0.066,0.46575,295.1,454.2,313.9,438.6,276.2,469.9,787,0.775,8
925,97.405,-30.714,24.566,-0.775,0.622,-0.1117,-0.7681,-0.6339,0.0904,-0.0149,0.1588,0.9872,24.309,0.1909,0.823,0.07,0.48236,293.8,453.1,312.5,437.5,274.9,468.8,787,0.884,8
926,96.12,-29.683,24.367,-0.7735,0.6208,-0.1279,-0.7672,-0.6349,0.0911,-0.0251,0.1716,0.9848,24.295,0.1876,0.948,0.087,0.56336,292.4,452.1,311.2,436.4,273.6,467.8,788,0.135,8
927,94.838,-28.655,24.142,-0.7729,0.6183,-0.1426,-0.7661,-0.6361,0.0918,-0.0346,0.1834,0.9824,24.279,0.1857,0.879,0.102,0.51534,291.1,451.0,309.8,435.4,272.4,466.8,789,0.517,8
928,93.555,-27.632,23.894,-0.7734,0.6145,-0.1561,-0.7649,-0.6375,0.0926,-0.0434,0.1944,0.98,24.262,0.1854,0.819,0.115,0.48457,289.8,450.0,308.5,434.3,271.1,465.7,790,1.063,8
929,92.271,-26.616,23.625,-0.7749,0.6092,-0.1684,-0.7635,-0.639,0.0935,-0.0516,0.2046,0.9775,24.243,0.1866,0.763,0.128,0.46537,288.5,449.0,307.1,433.3,269.8,464.7,790,0.596,8
930,90.983,-25.611,23.336,-0.7777,0.6024,-0.1798,-0.7619,-0.6408,0.0944,-0.0594,0.2143,0.975,24.223,0.1895,0.727,0.147,0.4685,287.2,447.9,305.7,432.2,268.6,463.7,791,0.16,8
931,89.689,-24.619,23.029,-0.7819,0.5936,-0.1904,-0.7601,-0.6428,0.0954,-0.067,0.2236,0.9724,24.201,0.1946,0.704,0.164,0.49737,285.9,446.9,304.3,431.2,267.3,462.7,792,0.162,8
932,88.388,-23.642,22.702,-0.7858,0.5835,-0.2048,-0.7581,-0.6449,0.0965,-0.0774,0.2359,0.9687,24.177,0.1997,0.947,0.178,0.62221,284.5,445.9,302.9,430.1,266.0,461.8,793,0.362,8
933,87.082,-22.682,22.349,-0.7885,0.5746,-0.2194,-0.7558,-0.6475,0.0978,-0.0877,0.248,0.9648,24.15,0.2024,0.937,0.212,0.59787,283.2,445.0,301.5,429.1,264.8,460.9,794,0.435,8
934,85.773,-21.735,21.974,-0.7901,0.567,-0.2329,-0.7529,-0.6506,0.0993,-0.0973,0.2592,0.9609,24.119,0.2028,0.874,0.258,0.53779,281.8,444.0,300.1,428.1,263.5,459.9,795,0.378,8
935,84.461,-20.8,21.577,-0.7908,0.5606,-0.2455,-0.7493,-0.6545,0.1011,-0.1062,0.2694,0.9571,24.081,0.2008,0.806,0.321,0.48867,280.5,443.1,298.6,427.1,262.3,459.1,796,0.199,8
936,83.149,-19.874,21.16,-0.7905,0.5558,-0.2574,-0.7447,-0.6593,0.1035,-0.1144,0.2788,0.9535,24.034,0.1956,0.744,0.405,0.44324,279.1,442.1,297.1,426.1,261.1,458.2,797,0.099,8
937,81.838,-18.956,20.721,-0.7902,0.5485,-0.2735,-0.739,-0.6652,0.1063,-0.1259,0.2915,0.9483,23.979,0.19,1.026,0.497,0.61055,277.8,441.2,295.6,425.0,260.0,457.4,798,0.505,8
938,80.527,-18.054,20.252,-0.7901,0.5396,-0.2909,-0.732,-0.6724,0.1098,-0.1387,0.3049,0.9422,23.911,0.1836,1.118,0.609,0.67499,276.4,440.3,294.0,424.0,258.8,456.6,800,0.05,8
939,79.217,-17.165,19.758,-0.7897,0.5326,-0.3044,-0.7234,-0.6809,0.1141,-0.1488,0.3151,0.9373,23.828,0.1739,0.869,0.735,0.5253,275.1,439.4,292.4,422.9,257.8,455.8,802,0.208,8
940,77.907,-16.285,19.245,-0.7892,0.5282,-0.3134,-0.7131,-0.6909,0.1192,-0.1556,0.3217,0.934,23.727,0.1605,0.575,0.873,0.34639,273.7,438.5,290.7,421.9,256.7,455.1,804,0.073,8
941,76.601,-15.409,18.716,-0.7816,0.5304,-0.3282,-0.7008,-0.7023,0.1252,-0.1656,0.3309,0.929,23.606,0.1342,0.83,1.021,0.57956,272.4,437.6,289.0,420.8,255.8,454.4,806,0.209,8
942,75.308,-14.532,18.157,-0.7798,0.5239,-0.3428,-0.687,-0.7146,0.1318,-0.1771,0.3406,0.9234,23.471,0.1162,0.92,1.125,0.55539,271.1,436.7,287.2,419.7,254.9,453.7,809,0.309,8
943,74.004,-13.68,17.587,-0.7961,0.4997,-0.3415,-0.6729,-0.7266,0.1384,-0.1804,0.3427,0.922,23.333,0.1254,0.238,1.126,1.00876,269.7,435.8,285.4,418.7,254.0,453.0,811,0.424,8
944,72.663,-12.878,17.03,-0.8174,0.4694,-0.3341,-0.6598,-0.7374,0.1444,-0.1805,0.3421,0.9222,23.205,0.1449,0.037,1.032,1.30434,268.4,435.0,283.6,417.7,253.0,452.3,812,0.203,8
945,71.296,-12.118,16.476,-0.8302,0.4472,-0.3329,-0.6483,-0.7466,0.1495,-0.1839,0.3441,0.9207,23.092,0.1546,0.242,0.893,0.88594,267.0,434.2,281.9,416.8,252.0,451.7,814,0.5,9
946,69.908,-11.393,15.928,-0.843,0.427,-0.3271,-0.6379,-0.7546,0.154,-0.1836,0.3432,0.9211,22.991,0.1652,0.059,0.795,0.84978,265.5,433.5,280.2,416.0,250.8,451.1,815,0.171,9
947,68.499,-10.7,15.392,-0.8557,0.4087,-0.3173,-0.6282,-0.7618,0.158,-0.1799,0.3399,0.9231,22.898,0.1761,0.306,0.729,0.84048,264.1,432.8,278.4,415.2,249.7,450.4,816,0.057,9
948,67.069,-10.038,14.872,-0.8673,0.3888,-0.3108,-0.6187,-0.7688,0.1619,-0.1792,0.3387,0.9237,22.809,0.1874,0.087,0.712,0.82655,262.6,432.1,276.7,414.5,248.5,449.9,817,0.184,9
949,65.622,-9.408,14.362,-0.8771,0.3718,-0.304,-0.6092,-0.7756,0.1655,-0.1777,0.3369,0.9246,22.723,0.1956,0.144,0.7,0.71722,261.1,431.5,274.9,413.7,247.3,449.3,818,0.209,9
950,64.159,-8.803,13.864,-0.8855,0.3585,-0.2955,-0.5997,-0.7822,0.1691,-0.1741,0.3337,0.9265,22.64,0.2006,0.297,0.694,0.61745,259.7,430.9,273.2,413.0,246.1,448.8,819,0.131,9
951,62.684,-8.217,13.382,-0.8927,0.3485,-0.2856,-0.5903,-0.7885,0.1725,-0.1686,0.3294,0.929,22.56,0.2029,0.425,0.677,0.5459,258.2,430.3,271.4,412.4,244.8,448.3,820,0.042,9
952,61.197,-7.647,12.916,-0.8997,0.3368,-0.2778,-0.581,-0.7947,0.1757,-0.1651,0.3264,0.9307,22.483,0.2063,0.282,0.666,0.5425,256.6,429.7,269.6,411.7,243.6,447.8,821,0.293,9
953,59.699,-7.098,12.46,-0.906,0.3252,-0.2711,-0.5716,-0.8008,0.1788,-0.1626,0.3241,0.932,22.409,0.209,0.208,0.666,0.51118,255.1,429.1,267.9,411.1,242.3,447.3,822,0.606,9
954,58.191,-6.566,12.017,-0.9114,0.3167,-0.2627,-0.5623,-0.8067,0.1817,-0.1579,0.3204,0.934,22.338,0.2093,0.361,0.653,0.45281,253.6,428.6,266.1,410.5,241.0,446.8,823,0.963,9
955,56.675,-6.046,11.59,-0.9165,0.3106,-0.2522,-0.5528,-0.8126,0.1846,-0.1509,0.3154,0.9369,22.269,0.2077,0.52,0.662,0.45483,252.0,428.1,264.3,409.9,239.8,446.4,823,0.696,9
956,55.15,-5.534,11.182,-0.9213,0.3067,-0.2389,-0.5431,-0.8185,0.1873,-0.1411,0.3089,0.9406,22.203,0.2046,0.706,0.669,0.50646,250.5,427.6,262.5,409.3,238.5,445.9,824,0.31,9
957,53.617,-5.029,10.797,-0.9265,0.3009,-0.2258,-0.5332,-0.8244,0.19,-0.1317,0.3028,0.9439,22.138,0.203,0.669,0.678,0.52641,248.9,427.1,260.7,408.7,237.2,445.5,825,0.088,9
958,52.076,-4.536,10.432,-0.9317,0.2935,-0.214,-0.5229,-0.8303,0.1926,-0.1237,0.2975,0.9467,22.075,0.2023,0.573,0.696,0.51343,247.4,426.6,258.8,408.2,235.9,445.1,826,0.482,9
959,50.526,-4.054,10.088,-0.9363,0.2883,-0.2005,-0.5123,-0.8363,0.1951,-0.1137,0.2913,0.9499,22.014,0.1994,0.699,0.712,0.52426,245.8,426.1,257.0,407.6,234.6,444.6,827,0.856,9
960,48.969,-3.578,9.768,-0.9404,0.2853,-0.1853,-0.5013,-0.8424,0.1976,-0.1017,0.2841,0.9534,21.956,0.1945,0.826,0.735,0.55347,244.2,425.6,255.2,407.0,233.3,444.2,827,0.804,9
961,47.406,-3.106,9.474,-0.9437,0.2846,-0.1687,-0.4898,-0.8486,0.1999,-0.0878,0.2762,0.9571,21.9,0.187,0.94,0.76,0.58495,242.7,425.1,253.3,406.5,232.0,443.9,828,0.461,9
962,45.836,-2.638,9.208,-0.9483,0.2788,-0.1516,-0.4779,-0.8548,0.2022,-0.0745,0.2688,0.9603,21.846,0.1842,0.891,0.78,0.64351,241.1,424.7,251.4,405.9,230.7,443.5,829,0.152,9
963,44.26,-2.179,8.97,-0.9518,0.2751,-0.1356,-0.4655,-0.8611,0.2043,-0.0615,0.2618,0.9632,21.796,0.1785,0.862,0.806,0.57986,239.5,424.2,249.5,405.4,229.4,443.1,830,0.121,9
964,42.679,-1.723,8.758,-0.9538,0.275,-0.1205,-0.4527,-0.8675,0.2063,-0.0485,0.255,0.9657,21.749,0.1684,0.853,0.828,0.52604,237.9,423.7,247.6,404.8,228.1,442.7,831,0.356,9
965,41.096,-1.264,8.57,-0.9544,0.2788,-0.1065,-0.4392,-0.8739,0.2081,-0.0355,0.2484,0.968,21.706,0.1534,0.846,0.862,0.50143,236.3,423.3,245.7,404.3,226.8,442.4,832,0.552,9
966,39.513,-0.796,8.404,-0.9541,0.2847,-0.0928,-0.4253,-0.8804,0.2098,-0.0222,0.2419,0.97,21.666,0.1357,0.856,0.885,0.51524,234.7,422.8,243.8,403.7,225.5,442.0,833,0.706,9
967,37.929,-0.321,8.263,-0.9546,0.2876,-0.0777,-0.4108,-0.8869,0.2113,-0.0082,0.2354,0.9719,21.632,0.1207,0.891,0.915,0.53126,233.1,422.3,241.9,403.1,224.3,441.6,834,0.816,9
968,36.345,0.158,8.146,-0.9549,0.2899,-0.0633,-0.3958,-0.8934,0.2126,0.0051,0.2294,0.9733,21.601,0.1055,0.84,0.94,0.50372,231.5,421.8,240.0,402.5,223.0,441.3,834,0.844,9
969,34.76,0.641,8.052,-0.9552,0.2919,-0.0495,-0.3803,-0.8998,0.2137,0.0179,0.2239,0.9744,21.577,0.09,0.801,0.963,0.48165,229.9,421.4,238.0,401.9,221.7,440.9,835,0.781,9
970,33.176,1.126,7.981,-0.9553,0.2934,-0.0364,-0.3642,-0.9062,0.2146,0.0301,0.2188,0.9753,21.558,0.0742,0.759,0.994,0.45537,228.3,420.9,236.1,401.3,220.5,440.5,836,0.766,9
971,31.592,1.62,7.933,-0.9528,0.3029,-0.0211,-0.3477,-0.9126,0.2152,0.046,0.2126,0.976,21.545,0.0503,0.979,1.015,0.62787,226.7,420.4,234.2,400.7,219.3,440.2,837,0.795,9
972,30.013,2.127,7.91,-0.952,0.306,-0.007,-0.3308,-0.9188,0.2155,0.0596,0.2076,0.9764,21.539,0.0323,0.831,1.032,0.49932,225.1,419.9,232.2,400.0,218.0,439.8,839,0.705,9
973,28.432,2.631,7.909,-0.9539,0.3001,0.0056,-0.3138,-0.9247,0.2156,0.0699,0.2039,0.9765,21.54,0.023,0.627,1.031,0.48493,223.6,419.4,230.3,399.4,216.8,439.4,840,0.587,9
974,26.846,3.117,7.928,-0.9586,0.2844,0.017,-0.2967,-0.9304,0.2154,0.0771,0.2015,0.9765,21.546,0.0235,0.435,1.033,0.68942,222.0,418.9,228.3,398.8,215.6,439.0,841,0.451,9
975,25.25,3.57,7.965,-0.9643,0.2633,0.0274,-0.2797,-0.9357,0.215,0.0823,0.1997,0.9764,21.558,0.0292,0.315,1.021,0.83582,220.4,418.4,226.3,398.2,214.4,438.7,842,0.305,9
976,23.647,3.994,8.02,-0.968,0.2477,0.0401,-0.2631,-0.9407,0.2144,0.0909,0.197,0.9762,21.575,0.0303,0.517,0.994,0.70641,218.8,418.0,224.4,397.7,213.1,438.4,843,0.157,9
977,22.039,4.395,8.099,-0.9701,0.2362,0.0552,-0.2469,-0.9452,0.2135,0.1027,0.1936,0.9757,21.597,0.028,0.704,0.965,0.65951,217.1,417.6,222.4,397.1,211.8,438.1,844,0.029,9
978,20.429,4.78,8.204,-0.9706,0.2299,0.071,-0.2315,-0.9493,0.2126,0.1163,0.1899,0.9749,21.623,0.0215,0.809,0.915,0.58773,215.5,417.2,220.5,396.6,210.5,437.9,845,0.129,9
979,18.818,5.155,8.334,-0.9724,0.2176,0.0839,-0.217,-0.953,0.2115,0.126,0.1875,0.9742,21.652,0.0214,0.574,0.86,0.61874,213.9,416.8,218.6,396.2,209.2,437.6,846,0.241,9
980,17.203,5.505,8.482,-0.974,0.2054,0.0953,-0.2034,-0.9563,0.2103,0.1344,0.1855,0.9734,21.683,0.0217,0.497,0.805,0.57925,212.3,416.5,216.7,395.7,207.9,437.3,847,0.323,9
981,15.587,5.843,8.65,-0.973,0.2039,0.1081,-0.1908,-0.9591,0.209,0.1463,0.1828,0.9722,21.716,0.0127,0.703,0.743,0.44639,210.7,416.1,214.8,395.3,206.5,437.1,848,0.362,9
982,13.975,6.186,8.842,-0.9695,0.212,0.1228,-0.1793,-0.9616,0.2078,0.1622,0.1794,0.9703,21.749,0.0045,0.938,0.678,0.59207,209.0,415.8,212.9,394.8,205.2,436.8,849,0.35,9
983,12.372,6.552,9.06,-0.9631,0.2299,0.14,-0.1689,-0.9638,0.2065,0.1825,0.1753,0.9675,21.783,0.03,1.197,0.614,0.88529,207.4,415.4,211.1,394.4,203.8,436.6,850,0.276,9
984,10.779,6.947,9.304,-0.9576,0.2441,0.1531,-0.1595,-0.9656,0.2052,0.1982,0.1723,0.9649,21.817,0.0515,0.928,0.553,0.69375,205.8,415.0,209.3,393.9,202.4,436.2,851,0.131,9
985,9.194,7.36,9.569,-0.9528,0.2537,0.1668,-0.1512,-0.9672,0.204,0.2135,0.1695,0.9621,21.85,0.0673,0.906,0.489,0.60101,204.2,414.6,207.5,393.4,200.9,435.9,852,0.1,9
986,7.618,7.788,9.859,-0.9474,0.262,0.1836,-0.1438,-0.9686,0.2028,0.2317,0.1663,0.9585,21.882,0.0803,1.079,0.437,0.67346,202.7,414.2,205.8,392.9,199.5,435.5,853,0.413,9
987,6.05,8.229,10.18,-0.9412,0.2693,0.2038,-0.1372,-0.9698,0.2016,0.253,0.1625,0.9537,21.913,0.0909,1.27,0.39,0.77205,201.1,413.7,204.1,392.4,198.1,435.1,854,0.806,9
988,4.495,8.681,10.538,-0.9339,0.2755,0.228,-0.1313,-0.9708,0.2006,0.278,0.1582,0.9475,21.943,0.0991,1.496,0.348,0.89879,199.5,413.3,202.4,391.9,196.6,434.7,854,0.853,9
989,2.952,9.147,10.931,-0.9262,0.2858,0.2461,-0.126,-0.9717,0.1996,0.298,0.1548,0.9419,21.971,0.1119,1.206,0.313,0.76683,198.0,412.8,200.7,391.4,195.2,434.3,855,0.386,9
990,1.422,9.628,11.356,-0.9181,0.2935,0.2665,-0.1214,-0.9725,0.1987,0.3198,0.1512,0.9353,21.998,0.121,1.321,0.272,0.80327,196.4,412.3,199.1,390.9,193.7,433.9,856,0.151,9
991,-0.094,10.119,11.817,-0.9094,0.2978,0.2904,-0.1173,-0.9732,0.1979,0.3443,0.1471,0.9273,22.023,0.1257,1.495,0.243,0.89085,194.9,411.8,197.5,390.3,192.3,433.4,857,0.751,9
992,-1.595,10.614,12.321,-0.8998,0.2987,0.3182,-0.1136,-0.9737,0.1973,0.3717,0.1425,0.9174,22.047,0.1258,1.69,0.217,1.0161,193.4,411.3,195.9,389.8,190.9,433.0,857,0.909,9
993,-3.079,11.108,12.875,-0.889,0.2976,0.3481,-0.1105,-0.9742,0.1967,0.4007,0.1374,0.9058,22.068,0.1232,1.813,0.183,1.09852,191.9,410.8,194.4,389.2,189.4,432.5,858,0.247,9
994,-4.545,11.603,13.475,-0.8772,0.2992,0.3755,-0.1077,-0.9746,0.1962,0.428,0.1327,0.894,22.088,0.1235,1.725,0.165,1.03183,190.4,410.3,192.8,388.7,188.0,432.0,859,0.475,10
995,-5.989,12.1,14.121,-0.8641,0.3003,0.4039,-0.1054,-0.9749,0.1959,0.4561,0.1277,0.8807,22.106,0.1226,1.804,0.134,1.08085,189.0,409.8,191.3,388.2,186.6,431.5,859,1.184,10
996,-7.412,12.599,14.815,-0.8502,0.3008,0.432,-0.1034,-0.9752,0.1956,0.4837,0.1226,0.8666,22.122,0.1209,1.8,0.117,1.08286,187.5,409.3,189.8,387.6,185.2,431.1,860,0.404,10
997,-8.81,13.098,15.554,-0.8363,0.3008,0.4584,-0.1017,-0.9754,0.1955,0.5095,0.1177,0.8524,22.136,0.1187,1.711,0.098,1.03045,186.1,408.8,188.4,387.1,183.8,430.6,861,0.436,10
998,-10.187,13.595,16.336,-0.8227,0.2982,0.484,-0.1003,-0.9756,0.1955,0.534,0.113,0.8379,22.148,0.1138,1.653,0.081,1.00509,184.7,408.3,187.0,386.6,182.4,430.1,861,1.223,10
999,-11.54,14.089,17.159,-0.8085,0.2977,0.5077,-0.0992,-0.9756,0.1956,0.557,0.1085,0.8234,22.159,0.1109,1.579,0.063,0.95431,183.3,407.8,185.6,386.0,181.1,429.6,862,0.326,10
1000,-12.869,14.584,18.02,-0.7937,0.2992,0.5296,-0.0983,-0.9757,0.1958,0.5789,0.104,0.8088,22.167,0.1102,1.53,0.053,0.91429,182.0,407.3,184.2,385.5,179.8,429.1,863,0.625,10
1001,-14.174,15.083,18.916,-0.7784,0.3027,0.55,-0.0977,-0.9757,0.1962,0.5997,0.0996,0.794,22.173,0.1114,1.484,0.041,0.88894,180.7,406.8,182.9,385.0,178.4,428.6,863,1.035,10
1002,-15.452,15.589,19.844,-0.7628,0.3067,0.5693,-0.0972,-0.9757,0.1966,0.6197,0.0952,0.779,22.178,0.1132,1.454,0.037,0.86812,179.4,406.2,181.6,384.4,177.2,428.1,864,0.034,10
1003,-16.705,16.098,20.805,-0.748,0.3066,0.5887,-0.0969,-0.9756,0.1971,0.6387,0.091,0.7641,22.18,0.1106,1.404,0.034,0.84266,178.1,405.7,180.3,383.9,175.9,427.6,865,1.012,10
1004,-17.934,16.608,21.796,-0.733,0.3084,0.6063,-0.0968,-0.9755,0.1978,0.6564,0.0868,0.7494,22.181,0.11,1.34,0.041,0.80099,176.8,405.2,179.1,383.4,174.6,427.1,865,0.647,10
1005,-19.137,17.122,22.816,-0.7178,0.3121,0.6224,-0.0968,-0.9753,0.1985,0.6732,0.0828,0.7348,22.179,0.1114,1.296,0.042,0.77527,175.6,404.7,177.8,382.8,173.4,426.6,866,0.441,10
1006,-20.316,17.644,23.861,-0.7024,0.3176,0.637,-0.0969,-0.9751,0.1993,0.689,0.0788,0.7204,22.175,0.1147,1.246,0.048,0.75704,174.4,404.1,176.6,382.3,172.2,426.0,866,1.219,10
1007,-21.468,18.177,24.929,-0.6867,0.3247,0.6504,-0.0972,-0.9749,0.2003,0.7041,0.0749,0.7061,22.168,0.1195,1.212,0.061,0.75381,173.2,403.6,175.5,381.8,171.0,425.5,867,0.094,10
1008,-22.591,18.719,26.024,-0.6659,0.3277,0.6702,-0.0976,-0.9746,0.2014,0.7244,0.0692,0.6859,22.16,0.1194,1.673,0.069,0.99715,172.1,403.0,174.3,381.2,169.8,424.9,868,1.063,10
1009,-23.68,19.265,27.15,-0.6476,0.3309,0.6864,-0.098,-0.9744,0.2025,0.7411,0.0643,0.6683,22.149,0.12,1.418,0.068,0.85131,171.0,402.4,173.2,380.6,168.7,424.4,868,0.597,10
1010,-24.742,19.818,28.298,-0.6342,0.3356,0.6965,-0.0986,-0.974,0.2038,0.7525,0.061,0.6558,22.136,0.1224,0.988,0.085,0.60182,169.9,401.9,172.1,380.1,167.6,423.8,869,0.588,10
1011,-25.787,20.38,29.458,-0.6256,0.3419,0.7012,-0.0993,-0.9737,0.2051,0.7591,0.0592,0.6483,22.12,0.127,0.582,0.086,0.40235,168.8,401.3,171.1,379.5,166.5,423.2,869,1.073,10
1012,-26.821,20.953,30.622,-0.6216,0.3496,0.701,-0.1,-0.9733,0.2066,0.7613,0.0588,0.6457,22.102,0.1333,0.196,0.098,0.29974,167.7,400.7,170.0,378.9,165.4,422.6,870,0.133,10
1013,-27.852,21.54,31.782,-0.6219,0.3585,0.6963,-0.1009,-0.9729,0.2082,0.7596,0.0598,0.6476,22.081,0.1411,0.157,0.108,0.34768,166.6,400.1,169.0,378.3,164.3,421.9,871,1.329,10
1014,-28.875,22.141,32.94,-0.6103,0.3653,0.7029,-0.1018,-0.9724,0.2098,0.7684,0.0571,0.6375,22.057,0.1456,0.783,0.109,0.51751,165.6,399.4,167.9,377.7,163.2,421.3,871,0.33,10
1015,-29.88,22.752,34.112,-0.6006,0.3706,0.7085,-0.1029,-0.9719,0.2116,0.7756,0.0548,0.6289,22.031,0.1485,0.656,0.124,0.42777,164.5,398.8,166.9,377.1,162.1,420.6,872,0.857,10
1016,-30.872,23.371,35.289,-0.5957,0.3756,0.71,-0.104,-0.9714,0.2134,0.7788,0.0539,0.625,22.002,0.1514,0.294,0.124,0.2472,163.5,398.2,165.9,376.5,161.1,420.0,872,0.804,10
1017,-31.859,23.998,36.466,-0.5948,0.3806,0.708,-0.1053,-0.9708,0.2154,0.7787,0.0542,0.6251,21.97,0.1544,0.019,0.141,0.18852,162.5,397.5,164.9,375.9,160.0,419.3,873,0.352,10
1018,-32.848,24.634,37.637,-0.5979,0.3862,0.7024,-0.1067,-0.9702,0.2174,0.7753,0.0557,0.6292,21.934,0.1582,0.317,0.144,0.29368,161.5,396.8,163.9,375.2,159.0,418.6,873,1.31,10
1019,-33.846,25.281,38.795,-0.6056,0.3927,0.6921,-0.1083,-0.9696,0.2196,0.7676,0.0588,0.6382,21.895,0.1632,0.701,0.16,0.49743,160.4,396.2,162.9,374.6,157.9,417.8,874,0.207,10
1020,-34.862,25.939,39.93,-0.62,0.4011,0.6743,-0.1101,-0.9688,0.2219,0.7534,0.0643,0.6544,21.851,0.1707,1.274,0.173,0.84191,159.3,395.5,161.9,374.0,156.8,417.1,875,0.832,10
1021,-35.906,26.613,41.027,-0.6375,0.4128,0.6505,-0.112,-0.968,0.2244,0.7347,0.0714,0.6747,21.803,0.1822,1.633,0.186,1.09806,158.3,394.8,160.8,373.3,155.6,416.3,875,0.826,10
1022,-36.972,27.309,42.091,-0.6482,0.4264,0.6309,-0.1141,-0.9672,0.227,0.7209,0.0766,0.6888,21.751,0.1952,1.169,0.197,0.90297,157.1,394.0,159.8,372.6,154.5,415.6,876,0.134,10
1023,-38.06,28.027,43.117,-0.664,0.4385,0.6056,-0.1164,-0.9663,0.2297,0.7011,0.0838,0.7081,21.694,0.2073,1.637,0.21,1.11189,156.0,393.3,158.7,371.9,153.3,414.7,877,1.001,10
1024,-39.178,28.762,44.098,-0.684,0.4465,0.5769,-0.119,-0.9653,0.2326,0.6766,0.0926,0.7305,21.632,0.2154,1.968,0.23,1.23943,154.8,392.5,157.6,371.3,152.1,413.9,877,0.658,10
1025,-40.33,29.506,45.032,-0.7042,0.4514,0.548,-0.1218,-0.9642,0.2356,0.6507,0.1016,0.7525,21.565,0.2204,2.014,0.243,1.22936,153.6,391.7,156.4,370.6,150.8,413.0,878,0.122,10
1026,-41.514,30.264,45.914,-0.7226,0.4612,0.5149,-0.1249,-0.963,0.2387,0.6228,0.1112,0.7745,21.493,0.231,2.109,0.26,1.35116,152.4,390.9,155.3,369.9,149.5,412.2,879,0.82,10
1027,-42.728,31.033,46.741,-0.7414,0.4655,0.4834,-0.1282,-0.9618,0.242,0.5943,0.1208,0.7951,21.416,0.2357,2.089,0.276,1.27567,151.1,390.1,154.1,369.1,148.2,411.3,879,0.84,10
1028,-43.974,31.805,47.52,-0.7597,0.4639,0.4557,-0.1319,-0.9604,0.2454,0.5672,0.1299,0.8133,21.335,0.2335,1.942,0.299,1.14788,149.8,389.3,152.9,368.4,146.8,410.3,880,0.22,10
1029,-45.248,32.573,48.254,-0.7757,0.4649,0.4268,-0.1359,-0.9589,0.249,0.54,0.139,0.8301,21.25,0.2341,1.905,0.32,1.14145,148.5,388.5,151.6,367.8,145.4,409.4,881,0.327,10
1030,-46.547,33.346,48.937,-0.7908,0.4655,0.3975,-0.1403,-0.9573,0.2526,0.5124,0.1481,0.8459,21.16,0.2343,1.895,0.338,1.13853,147.2,387.7,150.3,367.1,143.9,408.5,882,0.8,10
1031,-47.872,34.114,49.575,-0.8067,0.4583,0.3731,-0.145,-0.9556,0.2564,0.4866,0.1567,0.8595,21.067,0.2253,1.742,0.36,1.03603,145.8,386.9,149.1,366.4,142.5,407.6,882,0.86,10
1032,-49.225,34.863,50.177,-0.8238,0.4435,0.3531,-0.1502,-0.9538,0.2602,0.4622,0.1649,0.8713,20.971,0.2074,1.622,0.383,1.04264,144.4,386.1,147.8,365.7,141.0,406.7,883,0.458,10
1033,-50.605,35.586,50.746,-0.8396,0.4309,0.3309,-0.1559,-0.9518,0.2642,0.4369,0.1735,0.8827,20.872,0.1918,1.665,0.415,1.03678,142.9,385.4,146.4,365.1,139.4,405.8,884,0.129,10
1034,-52.01,36.292,51.276,-0.8541,0.4191,0.308,-0.162,-0.9496,0.2682,0.4114,0.182,0.8931,20.77,0.177,1.651,0.437,1.02091,141.5,384.6,145.1,364.5,137.8,404.9,885,0.129,10
1035,-53.439,36.976,51.769,-0.8682,0.4049,0.287,-0.1687,-0.9473,0.2723,0.387,0.1904,0.9022,20.667,0.1589,1.568,0.469,1.00181,140.0,383.9,143.7,364.0,136.2,404.0,886,0.313,10
1036,-54.891,37.634,52.229,-0.8816,0.3884,0.2681,-0.176,-0.9448,0.2764,0.3641,0.1984,0.91,20.563,0.1377,1.46,0.501,0.98234,138.5,383.2,142.4,363.4,134.5,403.2,887,0.43,10
1037,-56.366,38.261,52.658,-0.8964,0.3668,0.2489,-0.1837,-0.9421,0.2805,0.3395,0.207,0.9175,20.458,0.1111,1.554,0.523,1.12131,136.9,382.6,141.0,362.9,132.9,402.4,888,0.484,10
1038,-57.863,38.855,53.055,-0.9079,0.3509,0.2294,-0.1921,-0.9392,0.2847,0.3166,0.2152,0.9238,20.352,0.0898,1.44,0.563,0.95541,135.4,382.0,139.6,362.5,131.1,401.6,889,0.478,10
1039,-59.376,39.43,53.42,-0.9154,0.3429,0.2107,-0.201,-0.9361,0.2888,0.2971,0.2226,0.9285,20.248,0.0761,1.225,0.589,0.74865,133.8,381.4,138.2,362.0,129.4,400.8,890,0.415,10
1040,-60.898,39.997,53.755,-0.9194,0.3426,0.1932,-0.2105,-0.9327,0.2928,0.2812,0.2291,0.9319,20.145,0.0694,1.003,0.622,0.62008,132.2,380.8,136.8,361.6,127.6,400.1,891,0.298,10
1041,-62.426,40.569,54.06,-0.9218,0.3462,0.1743,-0.2205,-0.9291,0.2968,0.2653,0.2357,0.9349,20.043,0.0667,1.001,0.651,0.66963,130.6,380.2,135.4,361.2,125.8,399.3,892,0.129,10
1042,-63.958,41.143,54.335,-0.9252,0.3452,0.1575,-0.2311,-0.9253,0.3007,0.25,0.2423,0.9375,19.944,0.0582,0.966,0.683,0.5929,129.1,379.6,134.0,360.8,124.1,398.5,893,0.095,10
1043,-65.496,41.712,54.585,-0.9294,0.3398,0.1442,-0.242,-0.9213,0.3045,0.2365,0.2483,0.9393,19.85,0.0442,0.853,0.7,0.51646,127.5,379.0,132.6,360.3,122.2,397.8,894,0.358,10
1044,-67.043,42.268,54.815,-0.9346,0.3297,0.1331,-0.2532,-0.9171,0.308,0.2237,0.2543,0.9409,19.761,0.0247,0.815,0.714,0.54848,125.9,378.4,131.2,359.9,120.4,397.0,895,0.659,10
1045,-68.599,42.803,55.027,-0.9415,0.3136,0.1234,-0.2645,-0.9128,0.3113,0.2103,0.2605,0.9423,19.678,0.0012,0.85,0.718,0.69151,124.2,377.8,129.8,359.5,118.6,396.3,897,0.318,10
1046,-70.166,43.311,55.222,-0.9469,0.3022,0.11,-0.2757,-0.9084,0.3144,0.1949,0.2674,0.9437,19.604,0.0211,0.97,0.712,0.63546,122.6,377.3,128.4,359.2,116.8,395.6,898,0.047,10
1047,-71.742,43.803,55.392,-0.9525,0.2893,0.0949,-0.2868,-0.904,0.317,0.1777,0.275,0.9449,19.538,0.0417,1.08,0.7,0.71265,121.0,376.8,127.0,358.8,114.9,394.9,899,0.407,10
1048,-73.328,44.265,55.539,-0.9604,0.2659,0.0828,-0.2974,-0.8997,0.3194,0.1598,0.2829,0.9457,19.481,0.0728,1.122,0.67,0.94994,119.3,376.3,125.6,358.5,113.1,394.3,901,0.565,10
1049,-74.929,44.681,55.669,-0.9693,0.234,0.0749,-0.3076,-0.8956,0.3214,0.1432,0.2904,0.9461,19.433,0.1127,1.044,0.64,1.176,117.7,375.9,124.1,358.2,111.2,393.8,902,0.259,10
1050,-76.544,45.041,55.79,-0.9769,0.2017,0.0706,-0.3171,-0.8917,0.3231,0.1296,0.2968,0.9461,19.393,0.1527,0.861,0.596,1.15553,116.0,375.5,122.6,357.9,109.4,393.3,903,0.013,10
1051,-78.17,45.353,55.901,-0.9826,0.1745,0.0636,-0.3257,-0.888,0.3245,0.1151,0.3034,0.9459,19.362,0.1857,0.913,0.542,0.98977,114.3,375.2,121.1,357.7,107.5,392.8,904,0.246,10
1052,-79.804,45.622,55.999,-0.9871,0.1509,0.0532,-0.3337,-0.8846,0.3256,0.0985,0.3108,0.9453,19.338,0.2132,1.042,0.502,0.90418,112.6,374.9,119.6,357.5,105.6,392.5,905,0.439,10
1053,-81.444,45.856,56.076,-0.9905,0.1312,0.0401,-0.341,-0.8815,0.3265,0.0805,0.3187,0.9444,19.319,0.2352,1.128,0.457,0.82547,110.9,374.7,118.0,357.3,103.8,392.1,906,0.587,10
1054,-83.09,46.06,56.131,-0.993,0.1156,0.0251,-0.3477,-0.8787,0.3272,0.0619,0.3267,0.9431,19.306,0.2519,1.163,0.418,0.75236,109.2,374.5,116.4,357.2,102.0,391.9,907,0.686,10
1055,-84.739,46.238,56.164,-0.9949,0.0999,0.0157,-0.3538,-0.876,0.3277,0.0483,0.3328,0.9418,19.296,0.2696,0.857,0.383,0.6353,107.5,374.3,114.9,357.1,100.1,391.6,908,0.735,10
1056,-86.391,46.392,56.183,-0.9964,0.085,0.0064,-0.3593,-0.8736,0.3281,0.0349,0.3388,0.9402,19.29,0.2859,0.846,0.345,0.60876,105.8,374.1,113.3,357.0,98.3,391.4,909,0.728,10
1057,-88.045,46.521,56.185,-0.9975,0.0703,-0.0035,-0.3644,-0.8714,0.3284,0.021,0.3448,0.9384,19.287,0.3011,0.874,0.319,0.61318,104.1,374.0,111.7,356.9,96.5,391.2,910,0.664,10
1058,-89.701,46.625,56.17,-0.9984,0.0551,-0.0145,-0.3689,-0.8695,0.3285,0.0058,0.3513,0.9362,19.287,0.3156,0.956,0.28,0.64865,102.4,373.9,110.1,356.8,94.7,391.1,911,0.542,11
1059,-91.358,46.703,56.136,-0.9989,0.0387,-0.027,-0.373,-0.8677,0.3286,-0.0114,0.3584,0.9335,19.288,0.3301,1.077,0.257,0.71229,100.7,373.8,108.4,356.8,92.9,391.0,912,0.366,11
1060,-93.015,46.752,56.08,-0.9989,0.0207,-0.0413,-0.3767,-0.8661,0.3286,-0.0308,0.3662,0.93,19.292,0.3448,1.215,0.231,0.79403,99.0,373.7,106.8,356.7,91.1,390.9,913,0.14,11
1061,-94.673,46.774,56.002,-0.9986,0.0054,-0.053,-0.38,-0.8647,0.3285,-0.0472,0.3728,0.9267,19.297,0.3574,1.03,0.205,0.66522,97.3,373.7,105.2,356.7,89.3,390.8,914,0.133,11
1062,-96.329,46.77,55.904,-0.9978,-0.0107,-0.065,-0.383,-0.8634,0.3283,-0.0642,0.3794,0.923,19.303,0.3701,1.066,0.188,0.69401,95.6,373.7,103.5,356.8,87.6,390.8,915,0.45,11
1063,-97.983,46.738,55.786,-0.9966,-0.028,-0.0774,-0.3856,-0.8623,0.3281,-0.0822,0.3863,0.9187,19.311,0.383,1.132,0.162,0.73625,93.9,373.8,101.9,356.8,85.8,390.8,916,0.809,11
1064,-99.636,46.676,55.647,-0.9948,-0.0465,-0.0902,-0.388,-0.8614,0.3279,-0.1012,0.3934,0.9138,19.319,0.3965,1.196,0.147,0.77938,92.2,373.8,100.3,356.9,84.0,390.9,916,0.851,11
1065,-101.284,46.583,55.486,-0.9924,-0.0664,-0.1036,-0.3901,-0.8605,0.3276,-0.1216,0.4008,0.908,19.328,0.4103,1.287,0.132,0.83267,90.5,373.9,98.6,357.0,82.3,391.0,917,0.453,11
1066,-102.928,46.455,55.303,-0.9893,-0.0872,-0.1167,-0.3919,-0.8598,0.3274,-0.1423,0.4082,0.9017,19.337,0.4245,1.31,0.111,0.85571,88.8,374.1,97.0,357.2,80.6,391.1,918,0.019,11
1067,-104.567,46.294,55.099,-0.9859,-0.1067,-0.1288,-0.3935,-0.8592,0.3271,-0.1619,0.415,0.8953,19.346,0.4375,1.244,0.099,0.80121,87.1,374.2,95.3,357.3,78.9,391.3,919,0.451,11
1068,-106.199,46.101,54.875,-0.9818,-0.1261,-0.142,-0.3949,-0.8586,0.3268,-0.1827,0.422,0.888,19.355,0.4496,1.325,0.089,0.82263,85.5,374.4,93.7,357.5,77.1,391.5,920,0.948,11
1069,-107.824,45.876,54.627,-0.9769,-0.1459,-0.1565,-0.3961,-0.8582,0.3265,-0.205,0.4292,0.8796,19.363,0.4611,1.426,0.074,0.86422,83.8,374.7,92.1,357.8,75.5,391.7,920,0.712,11
1070,-109.44,45.617,54.355,-0.9709,-0.1661,-0.1725,-0.397,-0.8579,0.3262,-0.2292,0.4368,0.8699,19.372,0.4717,1.556,0.057,0.91369,82.2,375.0,90.5,358.1,73.8,392.0,921,0.192,11
1071,-111.046,45.324,54.054,-0.9638,-0.1871,-0.1902,-0.3977,-0.8577,0.3259,-0.2557,0.4448,0.8584,19.379,0.4818,1.717,0.045,0.97968,80.5,375.3,88.8,358.4,72.1,392.3,922,0.345,11
1072,-112.638,44.995,53.725,-0.9559,-0.2089,-0.2063,-0.3983,-0.8575,0.3256,-0.2815,0.4521,0.8464,19.386,0.4927,1.683,0.04,0.97491,78.9,375.6,87.2,358.7,70.5,392.6,923,0.893,11
1073,-114.217,44.631,53.369,-0.9473,-0.2305,-0.2226,-0.3986,-0.8575,0.3254,-0.3076,0.4592,0.8334,19.393,0.5028,1.72,0.02,0.98053,77.3,376.0,85.7,359.1,68.9,393.0,923,0.766,11
1074,-115.781,44.231,52.986,-0.9375,-0.2519,-0.2399,-0.3987,-0.8575,0.3252,-0.3348,0.4662,0.8189,19.398,0.5118,1.811,0.013,1.00885,75.7,376.4,84.1,359.5,67.3,393.5,924,0.21,11
1075,-117.327,43.795,52.572,-0.9266,-0.2733,-0.2584,-0.3987,-0.8576,0.325,-0.3633,0.4731,0.8026,19.402,0.5198,1.922,0.013,1.04698,74.1,376.9,82.5,360.0,65.7,393.9,925,0.35,11
1076,-118.855,43.324,52.128,-0.9142,-0.2948,-0.2782,-0.3985,-0.8577,0.3248,-0.3933,0.4797,0.7843,19.406,0.5268,2.049,0.017,1.09647,72.6,377.4,81.0,360.5,64.2,394.4,926,0.91,11
1077,-120.36,42.816,51.649,-0.9,-0.3178,-0.2982,-0.3981,-0.858,0.3247,-0.4247,0.4861,0.7638,19.408,0.5341,2.18,0.029,1.16126,71.1,377.9,79.5,361.0,62.7,395.0,926,0.749,11
1078,-121.841,42.27,51.138,-0.8849,-0.3406,-0.3177,-0.3976,-0.8582,0.3246,-0.4557,0.4917,0.742,19.408,0.541,2.195,0.031,1.16007,69.6,378.5,78.0,361.6,61.2,395.5,927,0.192,11
1079,-123.296,41.686,50.595,-0.8692,-0.3621,-0.3368,-0.397,-0.8585,0.3245,-0.4856,0.4965,0.7195,19.408,0.5466,2.162,0.039,1.13162,68.1,379.1,76.5,362.2,59.7,396.2,928,0.359,11
1080,-124.725,41.069,50.021,-0.8532,-0.3821,-0.3551,-0.3962,-0.8589,0.3245,-0.5141,0.5003,0.6967,19.405,0.551,2.103,0.051,1.08712,66.7,379.8,75.0,362.8,58.3,396.8,929,0.898,11
1081,-126.127,40.42,49.417,-0.8372,-0.4003,-0.3726,-0.3953,-0.8593,0.3246,-0.5406,0.5033,0.6741,19.401,0.554,2.003,0.057,1.03233,65.3,380.4,73.6,363.5,56.9,397.5,929,0.761,11
1082,-127.502,39.739,48.785,-0.8198,-0.4196,-0.3897,-0.3943,-0.8597,0.3247,-0.5676,0.5057,0.6497,19.395,0.5574,2.09,0.062,1.07433,63.9,381.2,72.2,364.2,55.6,398.2,930,0.238,11
1083,-128.847,39.028,48.124,-0.8018,-0.438,-0.4066,-0.3931,-0.8602,0.3249,-0.5938,0.5073,0.6245,19.387,0.5599,2.085,0.075,1.06337,62.6,381.9,70.9,365.0,54.3,399.0,931,0.263,11
1084,-130.162,38.286,47.436,-0.7827,-0.456,-0.4236,-0.3919,-0.8606,0.3252,-0.6197,0.5081,0.5981,19.376,0.5614,2.12,0.074,1.07992,61.3,382.7,69.6,365.8,53.0,399.7,932,0.736,11
1085,-131.444,37.514,46.719,-0.7622,-0.474,-0.441,-0.3905,-0.8611,0.3255,-0.6457,0.5082,0.5699,19.362,0.5623,2.198,0.087,1.11749,60.1,383.5,68.3,366.6,51.8,400.5,932,0.923,11
1086,-132.69,36.713,45.972,-0.7396,-0.492,-0.4593,-0.389,-0.8617,0.3259,-0.6723,0.5074,0.539,19.347,0.562,2.337,0.095,1.18105,58.8,384.3,67.0,367.4,50.6,401.4,933,0.482,11
1087,-133.897,35.882,45.194,-0.7153,-0.51,-0.4776,-0.3874,-0.8622,0.3265,-0.6986,0.5056,0.5064,19.328,0.5609,2.402,0.102,1.22088,57.7,385.2,65.8,368.3,49.4,402.2,934,0.079,11
1088,-135.063,35.021,44.388,-0.6911,-0.5275,-0.494,-0.3856,-0.8627,0.3271,-0.7227,0.5028,0.4742,19.305,0.56,2.31,0.112,1.17684,56.5,386.1,64.6,369.2,48.4,403.1,935,0.28,11
1089,-136.191,34.132,43.557,-0.6683,-0.5437,-0.5078,-0.3837,-0.8632,0.328,-0.7438,0.4994,0.4442,19.277,0.5592,2.111,0.124,1.07718,55.4,387.0,63.5,370.2,47.3,404.0,936,0.588,11
1090,-137.282,33.218,42.705,-0.6479,-0.558,-0.5185,-0.3816,-0.8637,0.3291,-0.7613,0.4956,0.418,19.244,0.5585,1.818,0.139,0.9363,54.4,388.0,62.4,371.1,46.3,404.9,937,0.839,11
1091,-138.337,32.282,41.832,-0.6228,-0.5707,-0.5351,-0.3794,-0.8642,0.3305,-0.7812,0.4906,0.386,19.205,0.5526,2.178,0.152,1.12821,53.4,388.9,61.3,372.1,45.4,405.9,937,0.82,11
1092,-139.352,31.325,40.933,-0.601,-0.5825,-0.5473,-0.377,-0.8646,0.3321,-0.7973,0.4854,0.3588,19.159,0.5484,1.835,0.167,0.95408,52.4,389.9,60.3,373.2,44.5,406.8,938,0.636,11
1093,-140.334,30.349,40.019,-0.5838,-0.5941,-0.5534,-0.3744,-0.865,0.334,-0.8093,0.4806,0.3377,19.106,0.5476,1.418,0.186,0.74674,51.5,391.0,59.3,374.2,43.6,407.8,939,0.528,11
1094,-141.291,29.353,39.099,-0.5704,-0.606,-0.5544,-0.3716,-0.8654,0.3361,-0.8184,0.4763,0.3215,19.047,0.5501,1.093,0.202,0.61986,50.6,392.0,58.3,375.3,42.8,408.8,940,0.505,11
1095,-142.229,28.337,38.182,-0.5606,-0.6189,-0.5502,-0.3687,-0.8658,0.3384,-0.8253,0.4724,0.3095,18.98,0.5563,0.824,0.213,0.57795,49.7,393.0,57.3,376.4,42.0,409.8,941,0.577,11
1096,-143.148,27.297,37.274,-0.5435,-0.6366,-0.5471,-0.3656,-0.8661,0.3409,-0.8363,0.4664,0.2882,18.905,0.5636,1.416,0.229,0.85677,48.8,394.1,56.4,377.6,41.2,410.8,943,0.606,11
1097,-144.033,26.227,36.366,-0.5249,-0.652,-0.5471,-0.3621,-0.8663,0.3441,-0.8476,0.4596,0.2653,18.81,0.5666,1.514,0.272,0.83389,48.0,395.2,55.5,378.8,40.5,411.8,944,0.192,11
1098,-144.894,25.136,35.458,-0.5137,-0.6618,-0.5461,-0.3577,-0.8662,0.349,-0.8541,0.4546,0.2526,18.676,0.5664,0.866,0.377,0.51504,47.2,396.4,54.5,380.0,39.8,412.8,945,0.341,11
1099,-145.742,24.034,34.554,-0.5097,-0.6664,-0.5441,-0.3521,-0.8653,0.3567,-0.8567,0.4515,0.2496,18.48,0.562,0.289,0.548,0.22153,46.4,397.5,53.6,381.3,39.2,413.8,947,0.057,11
1100,-146.59,22.928,33.654,-0.5138,-0.6658,-0.541,-0.3448,-0.8635,0.3681,-0.8548,0.4509,0.257,18.202,0.5529,0.439,0.782,0.17872,45.6,398.6,52.6,382.8,38.6,414.6,949,0.058,11
1101,-147.452,21.827,32.76,-0.5249,-0.6622,-0.5348,-0.3353,-0.8602,0.3843,-0.8489,0.4527,0.2727,17.822,0.5401,0.966,1.092,0.4563,44.8,399.8,51.5,384.3,38.1,415.4,952,0.266,11
1102,-148.327,20.728,31.879,-0.5291,-0.6639,-0.5285,-0.3237,-0.8552,0.4048,-0.8468,0.4527,0.2793,17.347,0.5251,0.397,1.38,0.268,44.0,400.9,50.3,385.9,37.7,416.0,954,0.237,11
1103,-149.202,19.623,31.003,-0.5238,-0.6684,-0.5281,-0.311,-0.8488,0.4276,-0.8501,0.4495,0.2742,16.826,0.5044,0.393,1.54,0.2405,43.2,402.0,49.1,387.6,37.2,416.5,957,0.064,11
1104,-150.059,18.508,30.123,-0.5078,-0.6756,-0.5345,-0.2983,-0.8414,0.4506,-0.8592,0.4423,0.2572,16.308,0.4791,1.179,1.564,0.64501,42.4,403.2,47.9,389.4,36.8,417.1,959,0.056,11
1105,-150.886,17.383,29.227,-0.4936,-0.6779,-0.5448,-0.2869,-0.8337,0.4719,-0.8666,0.4358,0.243,15.845,0.4497,0.99,1.453,0.61098,41.6,404.3,46.9,391.0,36.3,417.7,961,0.534,11
1106,-151.698,16.257,28.318,-0.4833,-0.6804,-0.5508,-0.2773,-0.826,0.4908,-0.8719,0.4309,0.2326,15.453,0.4257,0.725,1.292,0.4206,40.9,405.5,45.9,392.6,35.8,418.4,962,0.131,11
1107,-152.484,15.119,27.402,-0.4616,-0.6942,-0.5523,-0.2691,-0.8182,0.5081,-0.8828,0.4204,0.2095,15.113,0.4116,1.582,1.184,0.88968,40.2,406.6,44.9,394.2,35.3,419.2,963,0.161,11
1108,-153.224,13.948,26.488,-0.4283,-0.7183,-0.5484,-0.2618,-0.81,0.5247,-0.8985,0.403,0.1738,14.804,0.4062,2.447,1.14,1.42606,39.5,407.8,44.1,395.8,34.9,420.0,964,0.328,11
1109,-153.904,12.736,25.582,-0.3948,-0.7396,-0.5451,-0.2551,-0.8014,0.541,-0.9126,0.3845,0.1393,14.506,0.3985,2.384,1.124,1.37578,38.9,409.1,43.3,397.4,34.4,420.9,965,0.378,11
1110,-154.534,11.495,24.68,-0.365,-0.7569,-0.542,-0.2487,-0.792,0.5575,-0.9237,0.3671,0.1094,14.212,0.3881,2.082,1.148,1.19486,38.3,410.3,42.6,399.0,34.0,421.8,966,0.31,11
1111,-155.115,10.224,23.785,-0.3353,-0.7748,-0.536,-0.2428,-0.782,0.574,-0.9338,0.3487,0.0801,13.925,0.3796,2.065,1.156,1.21552,37.8,411.6,41.9,400.7,33.7,422.7,967,0.123,11
1112,-155.648,8.924,22.903,-0.3064,-0.7925,-0.5273,-0.2373,-0.7714,0.5905,-0.9426,0.3298,0.052,13.646,0.3727,2.005,1.167,1.20835,37.3,413.0,41.3,402.4,33.3,423.6,968,0.185,11
1113,-156.131,7.597,22.033,-0.2769,-0.8069,-0.5218,-0.2323,-0.7601,0.6069,-0.9504,0.3102,0.0247,13.379,0.361,1.977,1.177,1.14958,36.9,414.3,40.8,404.1,33.0,424.6,969,0.605,11
1114,-156.568,6.247,21.173,-0.2501,-0.8203,-0.5143,-0.2278,-0.7481,0.6232,-0.9566,0.2914,0.0002,13.123,0.3501,1.805,1.188,1.06667,36.6,415.7,40.3,405.8,32.8,425.6,969,1.055,11
1115,-156.962,4.875,20.328,-0.2253,-0.834,-0.5037,-0.2237,-0.7355,0.6396,-0.9617,0.2732,-0.0222,12.876,0.3416,1.679,1.208,1.04477,36.2,417.1,39.9,407.6,32.6,426.7,970,0.538,11
1116,-157.317,3.479,19.503,-0.2018,-0.8482,-0.4897,-0.2201,-0.722,0.6559,-0.966,0.2549,-0.0435,12.637,0.3356,1.628,1.23,1.06434,36.0,418.5,39.5,409.3,32.4,427.7,971,0.062,11
1117,-157.632,2.061,18.703,-0.178,-0.8608,-0.4767,-0.2169,-0.7077,0.6724,-0.9696,0.2361,-0.0643,12.404,0.3273,1.62,1.264,1.03281,35.7,419.9,39.2,411.1,32.2,428.8,972,0.73,11
1118,-157.907,0.623,17.922,-0.1539,-0.8721,-0.4645,-0.2141,-0.6925,0.689,-0.9726,0.2166,-0.0845,12.176,0.3168,1.618,1.3,1.01126,35.5,421.4,38.9,412.9,32.1,429.9,972,0.929,11
1119,-158.142,-0.834,17.163,-0.1297,-0.8838,-0.4494,-0.2117,-0.6762,0.7056,-0.975,0.1962,-0.1045,11.954,0.308,1.643,1.34,1.06474,35.3,422.8,38.6,414.7,32.0,431.0,973,0.204,11
1120,-158.337,-2.31,16.432,-0.1047,-0.8962,-0.431,-0.2098,-0.659,0.7223,-0.9768,0.1742,-0.1248,11.738,0.3013,1.718,1.378,1.15447,35.2,424.3,38.4,416.6,31.9,432.2,974,0.569,11
1121,-158.489,-3.808,15.735,-0.0787,-0.9088,-0.4098,-0.2085,-0.6405,0.7391,-0.9779,0.1503,-0.1455,11.528,0.2956,1.813,1.434,1.23771,35.1,425.8,38.3,418.4,31.9,433.3,974,1.091,11
1122,-158.598,-5.324,15.071,-0.0528,-0.9192,-0.3903,-0.2076,-0.6209,0.7559,-0.9782,0.1263,-0.165,11.325,0.2867,1.772,1.48,1.17589,35.1,427.4,38.2,420.3,31.9,434.5,975,0.283,11
1123,-158.664,-6.857,14.44,-0.0263,-0.9287,-0.3699,-0.2074,-0.6,0.7726,-0.9777,0.101,-0.184,11.128,0.2769,1.813,1.533,1.20065,35.1,428.9,38.1,422.2,31.9,435.7,976,0.556,11
1124,-158.686,-8.405,13.844,0.0003,-0.9371,-0.3491,-0.2077,-0.5779,0.7893,-0.9765,0.0749,-0.2021,10.938,0.2659,1.821,1.587,1.20178,35.1,430.5,38.1,424.1,32.0,436.9,976,1.104,11
1125,-158.663,-9.966,13.282,0.0267,-0.9443,-0.328,-0.2086,-0.5543,0.8057,-0.9745,0.0485,-0.219,10.756,0.2536,1.8,1.647,1.19334,35.2,432.0,38.2,426.0,32.1,438.1,977,0.241,11
1126,-158.597,-11.539,12.757,0.0526,-0.9509,-0.3049,-0.2102,-0.5294,0.8219,-0.9718,0.0215,-0.2347,10.583,0.2418,1.796,1.705,1.22018,35.3,433.6,38.3,427.9,32.2,439.3,978,0.648,11
1127,-158.489,-13.121,12.269,0.0776,-0.9556,-0.2842,-0.2124,-0.5031,0.8377,-0.9686,-0.0048,-0.2484,10.418,0.2262,1.709,1.763,1.13264,35.4,435.2,38.4,429.9,32.4,440.6,978,1.011,11
1128,-158.34,-14.709,11.813,0.1018,-0.9586,-0.2659,-0.2152,-0.4754,0.853,-0.9651,-0.0303,-0.2603,10.264,0.207,1.625,1.82,1.05296,35.6,436.8,38.6,431.8,32.6,441.8,979,0.1,11
1129,-158.152,-16.301,11.385,0.1253,-0.9602,-0.2497,-0.2186,-0.4464,0.8677,-0.9611,-0.0551,-0.2705,10.119,0.1846,1.553,1.873,0.98726,35.8,438.4,38.8,433.8,32.8,443.1,980,0.832,11
1130,-157.925,-17.895,10.984,0.1482,-0.9613,-0.2322,-0.2227,-0.4161,0.8816,-0.9568,-0.08,-0.2794,9.985,0.1623,1.535,1.925,0.99612,36.1,440.0,39.1,435.8,33.1,444.3,980,0.827,11
1131,-157.66,-19.49,10.614,0.1705,-0.9618,-0.2144,-0.2273,-0.3845,0.8947,-0.9522,-0.1048,-0.287,9.863,0.1392,1.509,1.978,0.98552,36.4,441.6,39.4,437.7,33.4,445.5,981,0.122,11
1132,-157.359,-21.085,10.272,0.1924,-0.961,-0.1985,-0.2327,-0.3518,0.9067,-0.9473,-0.1291,-0.2932,9.753,0.1133,1.464,2.02,0.93502,36.7,443.2,39.8,439.7,33.7,446.8,982,1.086,11
1133,-157.022,-22.678,9.955,0.2143,-0.9592,-0.1843,-0.2386,-0.318,0.9176,-0.9422,-0.1532,-0.2981,9.655,0.0848,1.439,2.063,0.90359,37.1,444.8,40.2,441.6,34.0,448.0,982,0.573,11
1134,-156.648,-24.268,9.66,0.2363,-0.9564,-0.1717,-0.2452,-0.2832,0.9272,-0.9367,-0.1773,-0.3019,9.57,0.0537,1.433,2.103,0.88088,37.5,446.4,40.6,443.6,34.4,449.3,983,0.401,11
1135,-156.238,-25.852,9.387,0.2573,-0.9535,-0.1569,-0.2525,-0.2475,0.9354,-0.931,-0.2011,-0.3045,9.498,0.0243,1.41,2.14,0.89289,37.9,448.0,41.1,445.5,34.7,450.5,983,1.259,11
1136,-155.794,-27.431,9.138,0.2779,-0.9499,-0.1428,-0.2603,-0.211,0.9422,-0.9252,-0.2246,-0.3059,9.44,0.0065,1.389,2.174,0.87103,38.4,449.6,41.6,447.4,35.1,451.7,984,0.279,11
1137,-155.316,-29.004,8.912,0.2985,-0.9456,-0.1296,-0.2687,-0.174,0.9474,-0.9191,-0.2481,-0.3062,9.396,0.0385,1.391,2.194,0.85789,38.9,451.1,42.2,449.4,35.6,452.9,985,0.703,11
1138,-154.804,-30.569,8.708,0.3193,-0.9404,-0.1172,-0.2776,-0.1366,0.9509,-0.9126,-0.2718,-0.3054,9.366,0.0716,1.409,2.212,0.85532,39.4,452.7,42.8,451.3,36.0,454.2,985,0.956,11
1139,-154.256,-32.124,8.523,0.3407,-0.9343,-0.1054,-0.2869,-0.0991,0.9528,-0.9057,-0.296,-0.3035,9.35,0.1056,1.446,2.217,0.8698,40.0,454.3,43.5,453.2,36.5,455.4,986,0.028,11
1140,-153.674,-33.669,8.36,0.3612,-0.928,-0.0918,-0.2966,-0.0615,0.953,-0.8985,-0.32,-0.3003,9.349,0.1375,1.447,2.225,0.87704,40.6,455.8,44.1,455.1,37.0,456.6,987,1.011,11
1141,-153.058,-35.203,8.218,0.3811,-0.9211,-0.0791,-0.3067,-0.0242,0.9515,-0.8913,-0.3433,-0.296,9.363,0.1699,1.419,2.216,0.84934,41.2,457.4,44.9,457.0,37.6,457.8,987,0.648,11
1142,-152.41,-36.725,8.097,0.4007,-0.9137,-0.0672,-0.317,0.0126,0.9483,-0.884,-0.3663,-0.2906,9.39,0.2023,1.417,2.197,0.83215,41.9,458.9,45.6,458.8,38.1,459.0,988,0.335,11
1143,-151.729,-38.235,7.994,0.4202,-0.9057,-0.056,-0.3275,0.0489,0.9436,-0.8763,-0.389,-0.284,9.431,0.2347,1.425,2.182,0.82428,42.6,460.4,46.4,460.7,38.7,460.1,989,1.315,11
1144,-151.015,-39.73,7.911,0.4398,-0.897,-0.0452,-0.3381,0.0843,0.9373,-0.8684,-0.4119,-0.2762,9.485,0.2667,1.458,2.148,0.8292,43.3,461.9,47.3,462.5,39.3,461.3,989,0.344,11
1145,-150.27,-41.211,7.846,0.4587,-0.888,-0.0328,-0.3488,0.1186,0.9297,-0.8601,-0.4345,-0.2673,9.552,0.2958,1.471,2.104,0.84024,44.1,463.4,48.1,464.3,40.0,462.5,990,0.634,11
1146,-149.493,-42.676,7.801,0.4777,-0.8783,-0.0211,-0.3595,0.1518,0.9207,-0.8515,-0.457,-0.2571,9.632,0.3245,1.499,2.064,0.84022,44.9,464.9,49.1,466.1,40.6,463.6,990,1.026,11
1147,-148.685,-44.125,7.776,0.4968,-0.8678,-0.0099,-0.3702,0.1838,0.9106,-0.8424,-0.4795,-0.2457,9.723,0.3524,1.536,2.018,0.8463,45.7,466.3,50.0,467.9,41.3,464.7,991,0.053,11
1148,-147.844,-45.555,7.768,0.5162,-0.8565,0.0008,-0.3809,0.2144,0.8994,-0.8328,-0.5022,-0.233,9.825,0.3795,1.589,1.965,0.85887,46.5,467.8,51.0,469.6,42.0,465.9,992,0.914,11
1149,-146.972,-46.966,7.778,0.5357,-0.8443,0.0112,-0.3916,0.2435,0.8873,-0.8226,-0.5248,-0.219,9.937,0.4054,1.631,1.907,0.87184,47.4,469.2,52.0,471.4,42.7,467.0,992,0.745,11
1150,-146.068,-48.358,7.806,0.5536,-0.8325,0.0226,-0.4022,0.271,0.8745,-0.8125,-0.5459,-0.2045,10.059,0.4285,1.577,1.841,0.83854,48.3,470.6,53.1,473.1,43.5,468.1,993,0.214,11
1151,-145.134,-49.728,7.853,0.5721,-0.8195,0.0335,-0.4127,0.2971,0.8611,-0.8016,-0.5673,-0.1885,10.19,0.4507,1.654,1.785,0.86687,49.2,471.9,54.1,474.7,44.3,469.1,994,1.164,11
1152,-144.169,-51.076,7.917,0.5913,-0.8053,0.0441,-0.4231,0.3216,0.8471,-0.7897,-0.5892,-0.1708,10.33,0.4718,1.752,1.723,0.90228,50.2,473.3,55.3,476.4,45.1,470.2,994,0.496,11
1153,-143.172,-52.399,7.999,0.6113,-0.7895,0.0544,-0.4334,0.3446,0.8327,-0.7765,-0.6117,-0.151,10.476,0.4917,1.877,1.663,0.94939,51.2,474.6,56.4,478.0,45.9,471.2,995,0.441,11
1154,-142.14,-53.695,8.098,0.6314,-0.7728,0.0649,-0.4435,0.3661,0.8181,-0.7625,-0.6339,-0.1298,10.63,0.5099,1.933,1.598,0.9726,52.2,475.9,57.6,479.6,46.8,472.3,995,1.218,11
1155,-141.078,-54.964,8.214,0.6497,-0.7564,0.0758,-0.4535,0.3861,0.8032,-0.7487,-0.654,-0.1084,10.79,0.5258,1.859,1.54,0.92841,53.3,477.2,58.8,481.1,47.6,473.3,996,0.298,11
1156,-139.984,-56.204,8.349,0.6688,-0.7384,0.0864,-0.4634,0.4048,0.7883,-0.7335,-0.6743,-0.0849,10.955,0.5407,1.981,1.483,0.97747,54.4,478.5,60.1,482.6,48.6,474.3,997,0.605,11
1157,-138.858,-57.413,8.501,0.6888,-0.7184,0.0968,-0.4731,0.4221,0.7733,-0.7166,-0.695,-0.059,11.124,0.5543,2.132,1.425,1.04082,55.5,479.7,61.4,484.1,49.5,475.2,997,1.055,11
1158,-137.698,-58.587,8.67,0.71,-0.696,0.1071,-0.4827,0.438,0.7584,-0.6974,-0.7161,-0.0302,11.298,0.5663,2.323,1.364,1.12302,56.6,480.9,62.7,485.5,50.5,476.2,998,0.172,11
1159,-136.502,-59.722,8.857,0.7298,-0.6733,0.1185,-0.4921,0.4527,0.7436,-0.678,-0.7351,-0.0011,11.475,0.5758,2.281,1.311,1.11231,57.8,482.0,64.1,486.9,51.5,477.1,999,0.69,11
1160,-135.276,-60.82,9.063,0.749,-0.6497,0.1296,-0.5013,0.4661,0.729,-0.6578,-0.7526,0.0288,11.655,0.5838,2.298,1.252,1.11852,59.0,483.1,65.5,488.3,52.5,477.9,999,0.97,11
1161,-134.017,-61.877,9.286,0.7688,-0.6241,0.1393,-0.5104,0.4783,0.7146,-0.6357,-0.7695,0.061,11.836,0.5914,2.438,1.201,1.16687,60.3,484.2,67.0,489.6,53.5,478.8,1000,0.131,11
1162,-132.724,-62.89,9.525,0.7892,-0.5961,0.1478,-0.5193,0.4894,0.7006,-0.6113,-0.7856,0.0956,12.019,0.598,2.596,1.144,1.23201,61.6,485.2,68.4,490.8,54.6,479.6,1001,0.689,11
1163,-131.398,-63.854,9.777,0.8092,-0.5663,0.1567,-0.5282,0.4993,0.6868,-0.5854,-0.8,0.1315,12.202,0.6026,2.667,1.099,1.27705,62.9,486.2,70.0,492.0,55.8,480.4,1001,0.971,11
1164,-130.041,-64.769,10.046,0.827,-0.5366,0.1675,-0.5368,0.5083,0.6734,-0.5602,-0.8116,0.166,12.385,0.6039,2.537,1.048,1.25268,64.2,487.1,71.5,493.1,56.9,481.1,1002,0.174,11
1165,-128.654,-65.634,10.33,0.8447,-0.5059,0.1747,-0.5453,0.5162,0.6604,-0.5336,-0.8214,0.2014,12.567,0.6064,2.599,0.998,1.2489,65.6,488.0,73.1,494.2,58.1,481.8,1003,0.603,11
1166,-127.238,-66.447,10.624,0.8623,-0.4739,0.1785,-0.5537,0.5233,0.6478,-0.5051,-0.8295,0.2383,12.748,0.6098,2.712,0.958,1.26814,67.0,488.8,74.7,495.2,59.3,482.4,1003,1.056,11
1167,-125.792,-67.206,10.921,0.8799,-0.4402,0.1788,-0.5619,0.5295,0.6356,-0.4743,-0.8357,0.2768,12.928,0.6139,2.847,0.914,1.31318,68.4,489.6,76.3,496.2,60.5,483.0,1004,0.3,11
1168,-124.32,-67.908,11.223,0.8947,-0.4065,0.1852,-0.5699,0.5349,0.6237,-0.4458,-0.839,0.3121,13.106,0.6118,2.607,0.878,1.29022,69.9,490.3,78.0,497.0,61.8,483.6,1005,0.436,11
1169,-122.824,-68.554,11.533,0.9091,-0.3719,0.1876,-0.5778,0.5396,0.6123,-0.4156,-0.8402,0.3483,13.281,0.6111,2.702,0.839,1.29702,71.4,491.0,79.6,497.9,63.1,484.1,1006,1.15,11
1170,-121.303,-69.141,11.843,0.9234,-0.3359,0.1859,-0.5855,0.5436,0.6013,-0.383,-0.8393,0.3859,13.454,0.6115,2.852,0.803,1.33911,72.9,491.6,81.3,498.6,64.4,484.5,1006,0.509,11
1171,-119.76,-69.667,12.147,0.9376,-0.2975,0.1799,-0.5931,0.5471,0.5908,-0.3468,-0.8357,0.4257,13.624,0.6126,3.09,0.769,1.42919,74.4,492.1,83.1,499.3,65.7,484.9,1007,0.184,11
1172,-118.193,-70.128,12.443,0.9498,-0.2575,0.1777,-0.6004,0.5499,0.5806,-0.3116,-0.8296,0.4634,13.789,0.6087,2.976,0.736,1.4464,76.0,492.6,84.8,499.9,67.1,485.3,1008,0.857,11
1173,-116.608,-70.521,12.736,0.9605,-0.2172,0.1738,-0.6076,0.5521,0.571,-0.2761,-0.8208,0.5,13.951,0.6043,2.965,0.699,1.44638,77.6,493.0,86.6,500.4,68.5,485.6,1008,0.802,11
1174,-115.007,-70.849,13.018,0.9698,-0.1779,0.1667,-0.6145,0.5539,0.5617,-0.2405,-0.8097,0.5354,14.108,0.6008,2.946,0.671,1.41626,79.2,493.4,88.4,500.9,69.9,485.8,1009,0.151,11
1175,-113.391,-71.113,13.287,0.9776,-0.1406,0.1566,-0.6213,0.5553,0.5529,-0.2056,-0.7964,0.5687,14.261,0.5989,2.867,0.642,1.36163,80.8,493.6,90.2,501.3,71.3,485.9,1010,0.482,11
1176,-111.764,-71.314,13.54,0.9835,-0.1016,0.1495,-0.6279,0.5562,0.5445,-0.1719,-0.7814,0.5999,14.408,0.5926,2.768,0.614,1.3842,82.4,493.9,92.0,501.6,72.7,486.1,1011,1.096,11
1177,-110.128,-71.452,13.782,0.9878,-0.065,0.1416,-0.6343,0.5567,0.5364,-0.1404,-0.7653,0.6282,14.551,0.5868,2.596,0.592,1.30174,84.0,494.0,93.8,501.8,74.2,486.1,1011,0.563,11
1178,-108.487,-71.532,14.009,0.9907,-0.0322,0.1319,-0.6405,0.5569,0.5288,-0.1113,-0.7486,0.6536,14.689,0.5827,2.411,0.562,1.18555,85.7,494.1,95.6,502.0,75.7,486.1,1012,0.032,11
1179,-106.842,-71.56,14.219,0.9927,-0.0032,0.121,-0.6465,0.5569,0.5215,-0.0848,-0.7318,0.6763,14.823,0.5805,2.219,0.541,1.07223,87.3,494.1,97.4,502.1,77.1,486.1,1013,0.604,11
1180,-105.194,-71.543,14.411,0.9934,0.0255,0.1117,-0.6524,0.5565,0.5145,-0.06,-0.7147,0.6969,14.953,0.5764,2.091,0.525,1.04221,89.0,494.1,99.2,502.2,78.6,486.0,1013,1.055,11
1181,-103.546,-71.477,14.59,0.9932,0.0537,0.1036,-0.6581,0.5559,0.5078,-0.037,-0.6975,0.7157,15.078,0.5712,1.967,0.505,1.01324,90.6,494.1,101.0,502.2,80.1,485.9,1014,0.509,11
1182,-101.898,-71.367,14.754,0.9925,0.0784,0.094,-0.6636,0.5552,0.5014,-0.0157,-0.6804,0.7326,15.2,0.568,1.84,0.485,0.91547,92.3,494.0,102.8,502.1,81.6,485.7,1015,0.006,11
1183,-100.252,-71.218,14.901,0.9915,0.1002,0.0829,-0.669,0.5543,0.4953,0.0045,-0.6633,0.7484,15.318,0.5667,1.766,0.47,0.84554,93.9,493.8,104.6,502.0,83.1,485.5,1016,0.483,11
1184,-98.608,-71.035,15.028,0.9903,0.1197,0.07,-0.6741,0.5532,0.4894,0.0241,-0.6457,0.7632,15.432,0.5671,1.731,0.451,0.80853,95.6,493.6,106.4,501.9,84.6,485.3,1017,0.915,11
1185,-96.966,-70.822,15.133,0.9887,0.1386,0.0565,-0.6791,0.5521,0.4837,0.0435,-0.6275,0.7774,15.543,0.5676,1.728,0.439,0.80406,97.2,493.4,108.2,501.7,86.1,485.0,1017,0.744,11
1186,-95.328,-70.576,15.217,0.9865,0.1577,0.045,-0.6839,0.5509,0.4782,0.0614,-0.6097,0.7902,15.651,0.5663,1.622,0.424,0.7737,98.9,493.2,110.0,501.5,87.6,484.7,1018,0.363,11
1187,-93.693,-70.299,15.283,0.9838,0.176,0.0346,-0.6886,0.5497,0.473,0.0778,-0.5925,0.8018,15.756,0.5643,1.515,0.407,0.73281,100.5,492.9,111.8,501.3,89.1,484.4,1019,0.038,11
1188,-92.063,-69.992,15.332,0.9807,0.1941,0.0251,-0.6931,0.5484,0.4678,0.0931,-0.5754,0.8125,15.858,0.5615,1.451,0.401,0.71399,102.1,492.6,113.6,501.0,90.6,484.1,1020,0.233,11
1189,-90.439,-69.654,15.366,0.977,0.2126,0.0161,-0.6975,0.547,0.4628,0.108,-0.5583,0.8226,15.959,0.5577,1.423,0.39,0.72183,103.8,492.3,115.3,500.7,92.1,483.7,1021,0.443,11
1190,-88.822,-69.286,15.386,0.9727,0.232,0.0074,-0.7019,0.5456,0.4579,0.1227,-0.5407,0.8322,16.059,0.5528,1.424,0.386,0.74907,105.4,491.9,117.1,500.4,93.6,483.3,1022,0.591,11
1191,-87.211,-68.886,15.387,0.9685,0.249,-0.0064,-0.7062,0.5441,0.4531,0.1394,-0.5206,0.8424,16.158,0.5514,1.607,0.379,0.77002,107.0,491.5,118.9,500.0,95.1,482.9,1023,0.675,11
1192,-85.608,-68.459,15.366,0.9636,0.2668,-0.018,-0.7104,0.5425,0.4484,0.1547,-0.5012,0.8514,16.255,0.5479,1.507,0.373,0.75299,108.7,491.0,120.6,499.6,96.6,482.4,1024,0.69,11
1193,-84.014,-68.0,15.33,0.9577,0.2866,-0.0257,-0.7146,0.5408,0.4437,0.1677,-0.4833,0.8592,16.352,0.5408,1.344,0.374,0.76142,110.3,490.6,122.3,499.2,98.1,481.9,1025,0.635,11
1194,-82.431,-67.506,15.283,0.9507,0.3086,-0.0296,-0.7187,0.5391,0.4391,0.1786,-0.4672,0.8659,16.448,0.5299,1.178,0.366,0.80862,111.9,490.1,124.1,498.7,99.6,481.4,1026,0.506,11
1195,-80.86,-66.974,15.234,0.9425,0.3328,-0.0297,-0.7228,0.5373,0.4346,0.1873,-0.453,0.8716,16.543,0.5153,1.009,0.364,0.88246,113.4,489.5,125.8,498.2,101.0,480.8,1027,0.317,11
1196,-79.304,-66.4,15.185,0.9326,0.3595,-0.0323,-0.7268,0.5355,0.4301,0.1984,-0.4358,0.8779,16.637,0.4992,1.227,0.36,0.98737,115.0,489.0,127.5,497.6,102.5,480.2,1028,0.084,11
1197,-77.766,-65.782,15.122,0.9214,0.3864,-0.042,-0.7308,0.5336,0.4258,0.2137,-0.4135,0.885,16.73,0.4851,1.602,0.354,1.06078,116.6,488.3,129.2,497.0,103.9,479.6,1029,0.174,11
1198,-76.247,-65.12,15.05,0.911,0.4101,-0.0438,-0.7346,0.5317,0.4215,0.2222,-0.3985,0.8898,16.822,0.4696,1.025,0.346,0.89601,118.1,487.7,130.8,496.4,105.3,478.9,1030,0.44,11
1199,-74.743,-64.423,14.982,0.9025,0.4291,-0.0377,-0.7383,0.5298,0.4174,0.2235,-0.3917,0.8925,16.911,0.4547,0.426,0.335,0.74914,119.6,487.0,132.5,495.7,106.7,478.2,1031,0.697,11
1200,-73.251,-63.7,14.929,0.8964,0.4426,-0.0249,-0.7419,0.5279,0.4134,0.2186,-0.3924,0.8934,16.998,0.4417,0.288,0.327,0.67604,121.1,486.2,134.1,495.0,108.1,477.4,1033,0.549,11
1201,-71.767,-62.958,14.902,0.8919,0.4521,-0.0088,-0.7454,0.526,0.4095,0.2103,-0.3975,0.8932,17.082,0.4306,0.558,0.319,0.66423,122.6,485.5,135.7,494.3,109.5,476.6,1034,0.426,11
1202,-70.295,-62.192,14.89,0.8826,0.4701,-0.0046,-0.7487,0.5242,0.4058,0.2125,-0.3901,0.8959,17.163,0.4162,0.469,0.302,0.7144,124.1,484.7,137.3,493.5,110.8,475.8,1035,0.373,11
1203,-68.837,-61.401,14.887,0.8756,0.483,0.0013,-0.7518,0.5224,0.4023,0.2118,-0.3864,0.8977,17.241,0.4054,0.239,0.287,0.54631,125.6,483.9,138.9,492.7,112.2,475.0,1036,0.393,11
1204,-67.389,-60.591,14.895,0.8706,0.4919,0.0087,-0.7548,0.5207,0.3989,0.2089,-0.3856,0.8987,17.317,0.3975,0.182,0.277,0.43538,127.0,483.1,140.4,491.9,113.6,474.2,1037,0.486,11
1205,-65.947,-59.77,14.917,0.8672,0.4976,0.0177,-0.7577,0.519,0.3956,0.204,-0.3874,0.8991,17.39,0.3918,0.3,0.27,0.38614,128.5,482.3,142.0,491.1,114.9,473.4,1038,0.655,11
1206,-64.51,-58.942,14.955,0.8653,0.5005,0.0284,-0.7605,0.5174,0.3924,0.1971,-0.3918,0.8987,17.462,0.388,0.469,0.26,0.38842,129.9,481.4,143.5,490.3,116.3,472.5,1039,0.903,11
1207,-63.075,-58.111,15.012,0.8647,0.5007,0.0409,-0.7631,0.5158,0.3893,0.1884,-0.3987,0.8975,17.532,0.3857,0.64,0.249,0.43217,131.4,480.6,145.1,489.5,117.6,471.7,1039,0.756,11
1208,-61.64,-57.282,15.092,0.8653,0.4981,0.0556,-0.7657,0.5143,0.3862,0.1774,-0.4083,0.8954,17.601,0.3849,0.845,0.247,0.51594,132.8,479.8,146.6,488.6,119.0,470.8,1040,0.427,11
1209,-60.205,-56.455,15.194,0.8642,0.4987,0.0668,-0.7682,0.5128,0.3832,0.1697,-0.414,0.8943,17.669,0.3825,0.553,0.24,0.38921,134.3,478.9,148.1,487.8,120.3,470.0,1041,0.017,11
1210,-58.773,-55.627,15.313,0.8625,0.5001,0.0774,-0.7706,0.5114,0.3803,0.1628,-0.4189,0.8933,17.737,0.3795,0.488,0.23,0.37389,135.7,478.1,149.7,487.0,121.7,469.1,1042,0.483,11
1211,-57.344,-54.795,15.45,0.8603,0.5023,0.0875,-0.773,0.51,0.3774,0.1564,-0.4233,0.8924,17.804,0.3758,0.448,0.23,0.36496,137.2,477.3,151.2,486.2,123.0,468.3,1043,1.067,11
1212,-55.918,-53.96,15.603,0.8576,0.5051,0.0973,-0.7753,0.5086,0.3745,0.1504,-0.4272,0.8916,17.87,0.3716,0.413,0.227,0.3641,138.6,476.4,152.7,485.4,124.4,467.4,1043,0.592,11
1213,-54.498,-53.119,15.773,0.8544,0.5085,0.1069,-0.7775,0.5073,0.3717,0.1449,-0.4307,0.8908,17.935,0.3666,0.376,0.217,0.36863,140.0,475.6,154.2,484.5,125.7,466.6,1044,0.083,11
1214,-53.084,-52.272,15.958,0.8506,0.5127,0.1164,-0.7796,0.5061,0.369,0.1397,-0.4338,0.8901,17.999,0.3607,0.349,0.208,0.38196,141.4,474.7,155.7,483.7,127.0,465.7,1045,0.845,11
1215,-51.676,-51.417,16.159,0.8463,0.5176,0.1258,-0.7816,0.5049,0.3663,0.1348,-0.4366,0.8895,18.062,0.3541,0.325,0.204,0.39504,142.9,473.9,157.2,482.9,128.4,464.8,1045,0.815,11
1216,-50.275,-50.554,16.375,0.8418,0.5224,0.1359,-0.7835,0.5039,0.3636,0.1295,-0.4399,0.8886,18.124,0.3469,0.361,0.198,0.41625,144.3,473.0,158.7,482.0,129.7,464.0,1046,0.04,11
1217,-48.881,-49.686,16.611,0.8385,0.5244,0.1482,-0.7854,0.5028,0.3611,0.1222,-0.4459,0.8867,18.185,0.3414,0.552,0.191,0.4452,145.7,472.1,160.2,481.2,131.0,463.1,1047,0.989,11
1218,-47.493,-48.813,16.866,0.8346,0.5273,0.1592,-0.7871,0.5019,0.3585,0.1159,-0.4506,0.8852,18.246,0.3352,0.458,0.185,0.41532,147.1,471.3,161.7,480.3,132.3,462.2,1047,0.671,11
1219,-46.112,-47.935,17.139,0.8303,0.5311,0.1687,-0.7888,0.501,0.3561,0.1108,-0.4539,0.8841,18.305,0.3288,0.354,0.176,0.38329,148.4,470.4,163.1,479.4,133.6,461.3,1048,0.373,11
1220,-44.738,-47.05,17.425,0.8257,0.5358,0.1766,-0.7904,0.5003,0.3537,0.1069,-0.4558,0.8836,18.363,0.3221,0.25,0.17,0.35497,149.8,469.5,164.6,478.6,134.9,460.4,1048,1.287,11
1221,-43.372,-46.157,17.724,0.8207,0.5413,0.1828,-0.7919,0.4996,0.3513,0.1042,-0.4563,0.8837,18.42,0.3153,0.157,0.167,0.33427,151.2,468.6,166.0,477.7,136.3,459.5,1049,0.148,11
1222,-42.015,-45.254,18.031,0.8156,0.5474,0.1873,-0.7933,0.4989,0.349,0.1026,-0.4554,0.8843,18.476,0.3085,0.111,0.159,0.31553,152.6,467.7,167.5,476.8,137.5,458.5,1050,1.096,11
1223,-40.666,-44.34,18.344,0.8104,0.5541,0.1902,-0.7946,0.4984,0.3468,0.1021,-0.4533,0.8855,18.531,0.3018,0.141,0.149,0.30955,153.9,466.8,168.9,475.9,138.8,457.6,1050,0.563,11
1224,-39.326,-43.415,18.662,0.8047,0.5604,0.196,-0.7958,0.4979,0.3446,0.0999,-0.4533,0.8858,18.585,0.2938,0.127,0.146,0.35521,155.3,465.9,170.3,475.0,140.1,456.6,1051,0.779,11
1225,-37.996,-42.482,18.997,0.7987,0.5652,0.2066,-0.797,0.4975,0.3424,0.0947,-0.457,0.8844,18.638,0.2846,0.374,0.145,0.45224,156.6,464.9,171.7,474.1,141.4,455.7,1051,0.88,11
1226,-36.675,-41.54,19.346,0.7935,0.5697,0.214,-0.7981,0.4972,0.3404,0.091,-0.4588,0.8838,18.689,0.2772,0.238,0.132,0.34881,157.9,464.0,173.1,473.2,142.7,454.7,1052,0.555,11
1227,-35.362,-40.591,19.706,0.7891,0.574,0.2186,-0.7991,0.497,0.3383,0.0889,-0.4589,0.884,18.74,0.2713,0.121,0.134,0.26526,159.2,463.0,174.5,472.3,143.9,453.7,1052,1.105,11
1228,-34.056,-39.635,20.07,0.7854,0.5783,0.2207,-0.8,0.4969,0.3364,0.088,-0.4573,0.8849,18.79,0.2667,0.117,0.121,0.20888,160.6,462.1,175.8,471.3,145.2,452.7,1053,0.412,11
1229,-32.756,-38.672,20.437,0.7824,0.5825,0.2204,-0.8008,0.4969,0.3344,0.0884,-0.4542,0.8865,18.838,0.2634,0.201,0.123,0.17853,161.9,461.1,177.2,470.4,146.4,451.8,1053,1.248,11
1230,-31.46,-37.702,20.8,0.7799,0.5868,0.2177,-0.8016,0.4969,0.3326,0.0901,-0.4495,0.8887,18.885,0.2612,0.313,0.113,0.19543,163.2,460.1,178.5,469.5,147.7,450.8,1054,0.339,11
1231,-30.167,-36.725,21.158,0.778,0.5913,0.2125,-0.8022,0.497,0.3308,0.0931,-0.4431,0.8916,18.931,0.2599,0.438,0.109,0.24636,164.5,459.2,179.9,468.5,148.9,449.7,1054,1.321,11
1232,-28.878,-35.74,21.504,0.7765,0.5959,0.2048,-0.8028,0.4972,0.329,0.0976,-0.4348,0.8952,18.976,0.2597,0.579,0.109,0.314,165.8,458.2,181.2,467.6,150.2,448.7,1055,0.324,11
1233,-27.591,-34.747,21.836,0.7755,0.6007,0.1942,-0.8034,0.4975,0.3273,0.1036,-0.4245,0.8995,19.02,0.2606,0.726,0.105,0.4034,167.1,457.2,182.6,466.6,151.4,447.7,1055,1.335,11
1234,-26.308,-33.746,22.158,0.7713,0.6062,0.1938,-0.8038,0.4979,0.3256,0.1043,-0.4208,0.9011,19.063,0.255,0.234,0.103,0.23939,168.4,456.2,183.9,465.6,152.7,446.6,1056,0.357,11
1235,-25.031,-32.736,22.478,0.7678,0.6113,0.192,-0.8042,0.4984,0.324,0.1057,-0.4164,0.903,19.104,0.2506,0.286,0.099,0.22244,169.7,455.2,185.2,464.6,154.0,445.6,1056,1.303,11
1236,-23.76,-31.718,22.794,0.7648,0.616,0.1888,-0.8045,0.4989,0.3224,0.1078,-0.4111,0.9052,19.145,0.2471,0.35,0.098,0.22202,170.9,454.1,186.6,463.7,155.2,444.5,1057,0.425,11
1237,-22.493,-30.692,23.104,0.7624,0.6204,0.1841,-0.8047,0.4995,0.3208,0.1105,-0.405,0.9076,19.184,0.2446,0.406,0.099,0.23726,172.2,453.1,187.9,462.7,156.4,443.5,1057,1.237,11
1238,-21.229,-29.659,23.404,0.7605,0.6244,0.1779,-0.8048,0.5003,0.3193,0.1138,-0.398,0.9103,19.222,0.2429,0.47,0.098,0.26311,173.5,452.1,189.2,461.7,157.7,442.4,1058,0.514,11
1239,-19.969,-28.62,23.693,0.7593,0.6281,0.1702,-0.8049,0.5011,0.3179,0.1179,-0.39,0.9132,19.259,0.2423,0.541,0.093,0.29792,174.8,451.0,190.5,460.6,158.9,441.3,1058,1.147,11
1240,-18.71,-27.575,23.968,0.7586,0.6313,0.1609,-0.8049,0.502,0.3165,0.1227,-0.381,0.9164,19.295,0.2428,0.613,0.095,0.34049,176.0,449.9,191.8,459.6,160.2,440.2,1059,0.615,11
1241,-17.451,-26.525,24.226,0.7585,0.6342,0.15,-0.8048,0.503,0.3151,0.1283,-0.371,0.9197,19.33,0.2442,0.683,0.099,0.38952,177.3,448.9,193.1,458.6,161.4,439.1,1059,1.044,11
1242,-16.192,-25.471,24.465,0.7587,0.6368,0.1377,-0.8046,0.5041,0.3138,0.1345,-0.3599,0.9232,19.364,0.2462,0.756,0.098,0.43422,178.6,447.8,194.4,457.6,162.7,438.0,1060,0.721,11
1243,-14.936,-24.41,24.686,0.7558,0.642,0.129,-0.8044,0.5053,0.3125,0.1396,-0.3505,0.9261,19.397,0.2433,0.635,0.102,0.36406,179.9,446.7,195.7,456.6,163.9,436.9,1060,0.938,11
1244,-13.684,-23.341,24.893,0.7535,0.6464,0.1201,-0.8041,0.5065,0.3112,0.1446,-0.3412,0.9288,19.429,0.2411,0.624,0.103,0.3519,181.1,445.7,197.0,455.5,165.2,435.7,1061,0.822,11
1245,-12.435,-22.266,25.085,0.7519,0.6499,0.1111,-0.8037,0.5079,0.31,0.1494,-0.3321,0.9313,19.46,0.2398,0.607,0.108,0.33803,182.4,444.6,198.2,454.5,166.4,434.6,1061,0.837,11
1246,-11.189,-21.185,25.261,0.7509,0.6526,0.1019,-0.8032,0.5093,0.3088,0.1541,-0.3231,0.9337,19.49,0.2393,0.598,0.109,0.33288,183.7,443.5,199.5,453.4,167.7,433.5,1062,0.911,11
1247,-9.944,-20.101,25.423,0.7505,0.6544,0.0925,-0.8027,0.5109,0.3077,0.1587,-0.3143,0.936,19.519,0.2396,0.584,0.115,0.3308,184.9,442.4,200.8,452.4,168.9,432.3,1062,0.748,11
1248,-8.698,-19.014,25.568,0.7508,0.6553,0.0828,-0.8021,0.5125,0.3065,0.1632,-0.3055,0.9381,19.548,0.241,0.579,0.12,0.33656,186.2,441.3,202.1,451.4,170.2,431.2,1063,0.979,11
1249,-7.452,-17.927,25.697,0.7518,0.6554,0.0729,-0.8014,0.5143,0.3054,0.1677,-0.2969,0.9401,19.576,0.2432,0.568,0.127,0.34364,187.4,440.2,203.3,450.3,171.4,430.0,1063,0.68,11
1250,-6.203,-16.84,25.81,0.7534,0.6545,0.0627,-0.8007,0.5161,0.3043,0.1721,-0.2884,0.9419,19.603,0.2464,0.558,0.127,0.35789,188.7,439.1,204.6,449.3,172.7,428.8,1064,1.018,11
1251,-4.952,-15.754,25.905,0.7542,0.6546,0.0523,-0.7998,0.518,0.3032,0.1769,-0.2793,0.9438,19.63,0.2483,0.599,0.136,0.36021,190.0,438.0,205.9,448.2,174.0,427.7,1064,0.641,11
1252,-3.701,-14.668,25.983,0.7541,0.6554,0.0417,-0.7989,0.52,0.3021,0.1821,-0.2697,0.9456,19.656,0.249,0.634,0.141,0.36712,191.2,436.9,207.1,447.2,175.2,426.5,1065,1.02,11
1253,-2.45,-13.58,26.044,0.7541,0.6561,0.0311,-0.798,0.5221,0.3011,0.1872,-0.2601,0.9473,19.681,0.2499,0.63,0.143,0.36685,192.5,435.8,208.4,446.1,176.5,425.4,1065,0.639,11
1254,-1.199,-12.491,26.086,0.754,0.6565,0.0205,-0.7969,0.5243,0.3,0.1923,-0.2506,0.9488,19.707,0.2505,0.624,0.154,0.36633,193.8,434.7,209.7,445.1,177.8,424.2,1066,0.977,11
1255,0.052,-11.401,26.112,0.754,0.6568,0.0102,-0.7958,0.5266,0.299,0.1973,-0.2413,0.9502,19.732,0.2511,0.61,0.157,0.35586,195.1,433.6,210.9,444.0,179.1,423.0,1066,0.683,11
1256,1.303,-10.312,26.12,0.754,0.6568,0.0002,-0.7946,0.529,0.298,0.2021,-0.2323,0.9514,19.756,0.2516,0.588,0.164,0.34534,196.3,432.5,212.2,443.0,180.3,421.9,1067,0.88,12
1257,2.554,-9.222,26.113,0.7541,0.6567,-0.0094,-0.7933,0.5315,0.2969,0.2067,-0.2237,0.9525,19.78,0.252,0.562,0.173,0.33157,197.6,431.4,213.5,442.0,181.6,420.7,1067,0.78,12
1258,3.806,-8.133,26.09,0.7542,0.6564,-0.0184,-0.792,0.534,0.2959,0.2109,-0.2156,0.9534,19.804,0.2523,0.525,0.171,0.311,198.9,430.3,214.7,440.9,182.9,419.5,1068,0.726,12
1259,5.058,-7.046,26.049,0.7562,0.6535,-0.0314,-0.7906,0.5366,0.2949,0.2168,-0.205,0.9544,19.828,0.2564,0.697,0.179,0.4651,200.1,429.1,216.0,439.9,184.2,418.3,1068,0.934,12
1260,6.314,-5.963,25.986,0.7577,0.6511,-0.0439,-0.7891,0.5394,0.2939,0.2226,-0.1948,0.9552,19.851,0.2596,0.674,0.191,0.44262,201.4,428.1,217.2,438.9,185.5,417.2,1069,0.512,12
1261,7.572,-4.884,25.905,0.7579,0.6501,-0.0541,-0.7876,0.5421,0.2929,0.2275,-0.1858,0.9559,19.874,0.2603,0.589,0.186,0.35401,202.7,427.0,218.5,437.8,186.8,416.0,1069,1.147,12
1262,8.829,-3.806,25.808,0.757,0.6504,-0.0621,-0.786,0.545,0.2919,0.2316,-0.1782,0.9564,19.898,0.2587,0.496,0.198,0.2782,204.0,425.9,219.7,436.8,188.1,414.8,1070,0.24,12
1263,10.083,-2.725,25.7,0.755,0.6522,-0.0682,-0.7843,0.5479,0.2909,0.2348,-0.1718,0.9567,19.921,0.2546,0.41,0.201,0.23024,205.2,424.8,221.0,435.8,189.4,413.7,1070,1.42,12
1264,11.334,-1.64,25.583,0.7518,0.6554,-0.0722,-0.7826,0.5509,0.2899,0.2372,-0.1666,0.9571,19.944,0.2482,0.329,0.206,0.20856,206.5,423.7,222.2,434.8,190.6,412.5,1071,0.099,12
1265,12.578,-0.549,25.461,0.7476,0.66,-0.0743,-0.7809,0.5539,0.2888,0.2388,-0.1626,0.9574,19.966,0.2397,0.247,0.207,0.227,207.8,422.6,223.5,433.7,191.9,411.3,1072,1.167,12
1266,13.814,0.55,25.337,0.7422,0.666,-0.0745,-0.7791,0.5569,0.2878,0.2396,-0.1598,0.9576,19.989,0.2288,0.167,0.208,0.27884,209.0,421.4,224.7,432.7,193.2,410.1,1072,0.492,12
1267,15.04,1.661,25.214,0.7367,0.6718,-0.0772,-0.7773,0.5599,0.2868,0.2418,-0.155,0.9579,20.012,0.2186,0.303,0.208,0.29136,210.3,420.3,225.9,431.6,194.5,408.9,1073,0.706,12
1268,16.259,2.778,25.078,0.7328,0.6751,-0.0855,-0.7755,0.563,0.2858,0.2467,-0.1465,0.958,20.035,0.2126,0.562,0.213,0.33657,211.5,419.2,227.1,430.6,195.7,407.7,1073,0.954,12
1269,17.472,3.901,24.932,0.729,0.6784,-0.0912,-0.7736,0.5661,0.2848,0.2502,-0.14,0.958,20.058,0.2059,0.423,0.216,0.26258,212.7,418.0,228.3,429.5,197.0,406.5,1074,0.181,12
1270,18.678,5.03,24.777,0.7253,0.6819,-0.0945,-0.7717,0.5691,0.2838,0.2523,-0.1356,0.9581,20.081,0.1985,0.279,0.211,0.20958,213.9,416.9,229.5,428.5,198.2,405.3,1075,1.24,12
1271,19.878,6.164,24.619,0.7218,0.6855,-0.0953,-0.7698,0.5722,0.2828,0.253,-0.1332,0.9582,20.104,0.1903,0.143,0.216,0.17558,215.2,415.8,230.7,427.4,199.5,404.0,1075,0.423,12
1272,21.073,7.304,24.462,0.7184,0.6893,-0.0936,-0.768,0.5752,0.2818,0.2523,-0.1328,0.9585,20.126,0.1816,0.049,0.208,0.18562,216.4,414.6,231.9,426.3,200.7,402.8,1076,0.576,12
1273,22.262,8.451,24.31,0.7152,0.6932,-0.0895,-0.7661,0.5781,0.2808,0.2502,-0.1343,0.9588,20.149,0.1723,0.149,0.207,0.22449,217.6,413.4,233.1,425.2,201.9,401.6,1076,1.085,12
1274,23.446,9.605,24.166,0.7121,0.6971,-0.0831,-0.7642,0.5811,0.2799,0.2466,-0.1376,0.9593,20.171,0.1624,0.281,0.21,0.28007,218.8,412.3,234.3,424.1,203.2,400.3,1077,0.155,12
1275,24.625,10.764,24.036,0.7092,0.7011,-0.0743,-0.7624,0.5839,0.2789,0.2417,-0.1428,0.9598,20.193,0.152,0.41,0.199,0.34853,220.0,411.1,235.4,423.0,204.4,399.1,1078,0.717,12
1276,25.796,11.934,23.914,0.7017,0.7087,-0.0736,-0.7606,0.5867,0.2779,0.2425,-0.1404,0.9599,20.215,0.1384,0.145,0.199,0.36955,221.1,409.9,236.6,421.9,205.6,397.8,1078,0.942,12
1277,26.955,13.115,23.792,0.6955,0.7149,-0.0726,-0.7589,0.5893,0.277,0.2428,-0.1386,0.9601,20.237,0.1266,0.105,0.185,0.30472,222.3,408.7,237.7,420.8,206.8,396.5,1079,0.13,12
1278,28.105,14.305,23.673,0.6912,0.7192,-0.0702,-0.7572,0.5919,0.2761,0.2418,-0.1386,0.9604,20.258,0.1171,0.06,0.185,0.22576,223.5,407.5,238.9,419.7,208.0,395.3,1080,0.634,12
1279,29.25,15.501,23.56,0.6889,0.7219,-0.0663,-0.7556,0.5944,0.2752,0.2395,-0.1404,0.9607,20.279,0.1097,0.168,0.178,0.182,224.6,406.3,240.0,418.5,209.2,394.0,1080,1.026,12
1280,30.392,16.699,23.454,0.6883,0.7229,-0.0608,-0.7541,0.5967,0.2743,0.2359,-0.1438,0.9611,20.3,0.1044,0.285,0.166,0.19415,225.8,405.1,241.2,417.4,210.3,392.7,1081,0.313,12
1281,31.535,17.898,23.359,0.6896,0.7222,-0.0538,-0.7526,0.599,0.2735,0.2309,-0.1489,0.9615,20.32,0.1011,0.41,0.164,0.24703,226.9,403.9,242.3,416.2,211.5,391.4,1082,0.354,12
1282,32.681,19.095,23.277,0.6928,0.7197,-0.0451,-0.7513,0.601,0.2726,0.2244,-0.1558,0.962,20.34,0.1003,0.544,0.146,0.33154,228.1,402.7,243.4,415.1,212.7,390.2,1083,0.979,12
1283,33.835,20.286,23.21,0.6978,0.7154,-0.0346,-0.7501,0.6029,0.2718,0.2164,-0.1646,0.9623,20.36,0.1015,0.682,0.137,0.42822,229.3,401.4,244.6,413.9,213.9,388.9,1083,0.68,12
1284,34.998,21.468,23.163,0.7048,0.709,-0.0221,-0.749,0.6047,0.271,0.2066,-0.1755,0.9626,20.379,0.1052,0.84,0.129,0.54195,230.5,400.3,245.8,412.8,215.1,387.7,1084,0.093,12
1285,36.168,22.644,23.133,0.7059,0.7082,-0.0139,-0.748,0.6062,0.2703,0.2009,-0.1813,0.9627,20.397,0.1025,0.466,0.111,0.28701,231.6,399.1,246.9,411.6,216.2,386.4,1085,0.455,12
1286,37.34,23.818,23.117,0.7074,0.7068,-0.0053,-0.7471,0.6076,0.2695,0.1947,-0.1876,0.9627,20.415,0.1005,0.506,0.106,0.30533,232.8,397.9,248.1,410.5,217.4,385.2,1086,0.963,12
1287,38.516,24.988,23.116,0.7095,0.7047,0.0035,-0.7464,0.6088,0.2688,0.1883,-0.1943,0.9627,20.433,0.0996,0.531,0.089,0.32073,234.0,396.7,249.3,409.3,218.6,384.0,1086,0.696,12
1288,39.695,26.156,23.129,0.7121,0.702,0.0125,-0.7458,0.6099,0.2681,0.1815,-0.2013,0.9626,20.45,0.0996,0.559,0.082,0.33669,235.2,395.5,250.5,408.2,219.8,382.7,1087,0.229,12
1289,40.879,27.317,23.157,0.7152,0.6986,0.0218,-0.7453,0.6108,0.2674,0.1744,-0.2086,0.9623,20.467,0.1005,0.584,0.071,0.35832,236.4,394.3,251.7,407.0,221.0,381.5,1088,0.197,12
1290,42.069,28.473,23.201,0.7188,0.6945,0.0312,-0.7449,0.6115,0.2668,0.1671,-0.2161,0.962,20.484,0.1024,0.6,0.058,0.37534,237.6,393.2,252.9,405.9,222.2,380.3,1089,0.58,12
1291,43.264,29.622,23.261,0.7228,0.6899,0.0406,-0.7446,0.6122,0.2661,0.1596,-0.2238,0.9615,20.5,0.105,0.617,0.059,0.38691,238.8,392.0,254.1,404.8,223.5,379.1,1090,0.917,12
1292,44.467,30.762,23.336,0.7272,0.6846,0.05,-0.7444,0.6127,0.2655,0.152,-0.2317,0.9608,20.516,0.1086,0.629,0.046,0.40246,240.1,390.8,255.3,403.6,224.7,378.0,1090,0.742,12
1293,45.677,31.894,23.428,0.7304,0.6803,0.0605,-0.7443,0.6131,0.2649,0.144,-0.24,0.96,20.532,0.1105,0.662,0.042,0.40709,241.3,389.7,256.6,402.5,225.9,376.8,1091,0.45,12
1294,46.891,33.019,23.537,0.7333,0.6763,0.0708,-0.7443,0.6133,0.2643,0.1362,-0.248,0.9591,20.549,0.1123,0.642,0.036,0.39449,242.5,388.5,257.8,401.4,227.1,375.6,1092,0.205,12
1295,48.11,34.138,23.662,0.7362,0.672,0.0803,-0.7445,0.6134,0.2636,0.1288,-0.2555,0.9582,20.565,0.1147,0.606,0.042,0.37376,243.8,387.4,259.1,400.3,228.3,374.5,1093,0.012,12
1296,49.334,35.249,23.802,0.7393,0.6675,0.089,-0.7447,0.6134,0.263,0.1218,-0.2626,0.9572,20.583,0.1177,0.574,0.036,0.35479,245.0,386.3,260.3,399.1,229.6,373.3,1094,0.135,12
1297,50.563,36.353,23.957,0.7425,0.6627,0.0971,-0.7452,0.6131,0.2623,0.1151,-0.2691,0.9562,20.601,0.1215,0.538,0.052,0.34341,246.2,385.2,261.6,398.0,230.8,372.2,1095,0.227,12
1298,51.798,37.448,24.124,0.7459,0.6578,0.1045,-0.7458,0.6127,0.2615,0.1089,-0.2752,0.9552,20.621,0.1259,0.502,0.062,0.32821,247.5,384.0,262.9,396.9,232.0,371.1,1096,0.264,12
1299,53.038,38.535,24.303,0.7495,0.6526,0.1112,-0.7466,0.612,0.2607,0.103,-0.2808,0.9542,20.643,0.1312,0.47,0.076,0.31818,248.8,382.9,264.2,395.8,233.3,370.0,1097,0.243,12
1300,54.285,39.614,24.493,0.7532,0.6473,0.1172,-0.7476,0.6112,0.2598,0.0975,-0.286,0.9532,20.667,0.137,0.437,0.09,0.30456,250.0,381.8,265.5,394.7,234.5,368.9,1098,0.164,12
1301,55.538,40.683,24.693,0.7573,0.641,0.125,-0.7489,0.61,0.2589,0.0906,-0.2927,0.9519,20.693,0.1438,0.556,0.114,0.37409,251.3,380.8,266.8,393.6,235.7,367.8,1099,0.023,12
1302,56.798,41.74,24.909,0.7613,0.6343,0.1348,-0.7503,0.6087,0.2578,0.0824,-0.3008,0.9501,20.721,0.1504,0.668,0.126,0.43259,252.6,379.7,268.1,392.6,237.0,366.7,1100,0.183,12
1303,58.064,42.788,25.139,0.7647,0.6283,0.1431,-0.7518,0.6073,0.2567,0.0753,-0.3077,0.9485,20.75,0.1566,0.575,0.133,0.37264,253.9,378.6,269.5,391.5,238.2,365.7,1101,0.453,12
1304,59.335,43.826,25.383,0.7676,0.6232,0.1499,-0.7533,0.606,0.2556,0.0694,-0.3132,0.9471,20.78,0.1623,0.469,0.13,0.31014,255.2,377.5,270.8,390.4,239.4,364.6,1103,0.478,13
1305,60.611,44.856,25.636,0.7701,0.6188,0.1553,-0.7545,0.605,0.2545,0.0645,-0.3176,0.946,20.808,0.1671,0.383,0.109,0.25555,256.5,376.5,272.2,389.4,240.7,363.6,1104,0.047,13
1306,61.89,45.88,25.897,0.7722,0.6151,0.1593,-0.7554,0.6043,0.2536,0.0606,-0.3209,0.9452,20.834,0.1712,0.296,0.083,0.20164,257.8,375.5,273.5,388.3,242.0,362.5,1105,0.503,13
1307,63.173,46.898,26.164,0.7739,0.6123,0.162,-0.7558,0.6041,0.2528,0.0578,-0.323,0.9446,20.857,0.1741,0.203,0.052,0.14659,259.1,374.4,274.9,387.3,243.3,361.4,1107,0.073,13
1308,64.458,47.912,26.434,0.7753,0.6101,0.1633,-0.7556,0.6046,0.2521,0.056,-0.3239,0.9444,20.876,0.1758,0.116,0.051,0.10061,260.4,373.4,276.2,386.3,244.6,360.4,1109,0.161,13
1309,65.745,48.923,26.705,0.7765,0.6085,0.1635,-0.7547,0.6058,0.2517,0.055,-0.3239,0.9445,20.889,0.1762,0.058,0.089,0.06942,261.7,372.3,277.5,385.3,245.9,359.3,1111,0.184,13
1310,67.038,49.925,26.982,0.7813,0.6004,0.1704,-0.753,0.608,0.2516,0.0482,-0.3303,0.9427,20.896,0.1804,0.545,0.159,0.40311,263.1,371.3,278.8,384.3,247.2,358.2,1113,0.088,13
1311,68.337,50.916,27.269,0.7847,0.5945,0.1755,-0.7504,0.6112,0.2517,0.0431,-0.3347,0.9413,20.897,0.1813,0.394,0.236,0.2938,264.4,370.3,280.1,383.4,248.6,357.1,1115,0.108,13
1312,69.641,51.9,27.564,0.7867,0.5908,0.179,-0.747,0.6152,0.252,0.0394,-0.3375,0.9405,20.892,0.1791,0.27,0.301,0.18895,265.7,369.3,281.3,382.5,250.0,356.0,1117,0.272,13
1313,70.947,52.878,27.862,0.7874,0.5894,0.1809,-0.7427,0.6201,0.2526,0.0373,-0.3384,0.9403,20.881,0.1736,0.131,0.375,0.08497,267.1,368.3,282.6,381.6,251.5,354.9,1119,0.397,13
1314,72.253,53.857,28.163,0.7866,0.5903,0.1809,-0.7376,0.6258,0.2535,0.0369,-0.3375,0.9406,20.864,0.1649,0.059,0.441,0.04144,268.4,367.3,283.8,380.7,252.9,353.8,1122,0.411,13
1315,73.556,54.838,28.462,0.7845,0.5937,0.1792,-0.7316,0.6324,0.2546,0.0383,-0.3348,0.9415,20.841,0.1529,0.182,0.515,0.14996,269.7,366.3,285.0,379.8,254.4,352.7,1123,0.376,13
1316,74.855,55.828,28.756,0.7807,0.5998,0.1755,-0.7247,0.6397,0.256,0.0416,-0.3301,0.943,20.813,0.1372,0.34,0.581,0.27916,271.1,365.3,286.1,378.9,255.9,351.5,1125,0.163,13
1317,76.146,56.83,29.044,0.7756,0.6076,0.1713,-0.7169,0.6478,0.2575,0.0458,-0.3248,0.9447,20.78,0.1183,0.4,0.65,0.35302,272.4,364.2,287.3,378.1,257.4,350.3,1127,0.204,13
1318,77.429,57.843,29.327,0.7718,0.6127,0.17,-0.7082,0.6567,0.2593,0.0475,-0.3221,0.9455,20.742,0.1001,0.188,0.721,0.22415,273.7,363.2,288.4,377.2,259.0,349.1,1128,0.395,13
1319,78.708,58.862,29.608,0.7691,0.6165,0.1686,-0.6986,0.6661,0.2612,0.0489,-0.3198,0.9462,20.699,0.0826,0.159,0.777,0.16808,275.0,362.2,289.4,376.3,260.5,347.9,1130,0.14,13
1320,79.982,59.887,29.886,0.7676,0.6188,0.1671,-0.688,0.6763,0.2634,0.0501,-0.3178,0.9468,20.652,0.0656,0.138,0.852,0.10806,276.3,361.1,290.5,375.4,262.1,346.7,1131,0.397,13
1321,81.255,60.915,30.162,0.7673,0.6196,0.1654,-0.6764,0.6869,0.2656,0.051,-0.3161,0.9474,20.603,0.0495,0.115,0.909,0.06569,277.6,360.0,291.5,374.6,263.7,345.4,1133,0.22,13
1322,82.529,61.942,30.435,0.7684,0.6187,0.1637,-0.6639,0.6982,0.268,0.0516,-0.3148,0.9478,20.551,0.0343,0.085,0.975,0.07652,278.9,359.0,292.5,373.7,265.3,344.2,1134,0.293,13
1323,83.806,62.967,30.705,0.7708,0.6161,0.1618,-0.6503,0.7098,0.2705,0.0518,-0.3138,0.9481,20.497,0.0202,0.061,1.034,0.13869,280.3,357.9,293.5,372.9,266.9,342.9,1136,0.365,13
1324,85.086,63.988,30.972,0.7722,0.615,0.1595,-0.6358,0.7219,0.273,0.0528,-0.3122,0.9485,20.442,0.0035,0.11,1.092,0.10044,281.6,356.9,294.5,372.1,268.6,341.6,1137,0.118,13
1325,86.368,65.008,31.234,0.773,0.6146,0.1572,-0.6203,0.7343,0.2756,0.0539,-0.3106,0.949,20.387,0.0151,0.115,1.147,0.08522,282.9,355.8,295.4,371.2,270.3,340.3,1138,0.586,13
1326,87.651,66.028,31.494,0.7735,0.6144,0.1554,-0.6041,0.7468,0.2782,0.0549,-0.3093,0.9494,20.332,0.0348,0.097,1.182,0.06488,284.2,354.8,296.4,370.4,272.0,339.1,1140,0.193,13
1327,88.934,67.047,31.75,0.7738,0.6144,0.1541,-0.5873,0.7591,0.2807,0.0555,-0.3082,0.9497,20.28,0.0552,0.074,1.202,0.04607,285.5,353.7,297.3,369.6,273.7,337.8,1141,0.214,14
1328,90.218,68.066,32.005,0.7739,0.6145,0.1533,-0.5702,0.7712,0.2831,0.0559,-0.3074,0.95,20.23,0.076,0.054,1.208,0.02805,286.9,352.7,298.3,368.8,275.4,336.5,1142,0.594,14
1329,91.502,69.086,32.259,0.7737,0.6148,0.153,-0.5529,0.7829,0.2853,0.0559,-0.3068,0.9501,20.184,0.0972,0.034,1.203,0.01619,288.2,351.7,299.2,367.9,277.1,335.3,1144,0.422,14
1330,92.785,70.107,32.514,0.7729,0.6157,0.1537,-0.5356,0.7941,0.2874,0.0552,-0.3066,0.9502,20.143,0.1191,0.042,1.187,0.04807,289.5,350.6,300.1,367.1,278.8,334.0,1145,0.176,14
1331,94.067,71.129,32.769,0.7726,0.6161,0.1535,-0.5184,0.8047,0.2893,0.0552,-0.3061,0.9504,20.106,0.1397,0.031,1.163,0.01859,290.8,349.6,301.1,366.2,280.5,332.8,1146,0.012,14
1332,95.349,72.151,33.022,0.773,0.6159,0.1522,-0.5014,0.8148,0.291,0.0559,-0.3051,0.9507,20.074,0.1585,0.072,1.137,0.04747,292.1,348.5,302.0,365.3,282.2,331.5,1147,0.118,14
1333,96.632,73.172,33.273,0.774,0.6152,0.1498,-0.4845,0.8244,0.2926,0.0574,-0.3038,0.951,20.046,0.176,0.115,1.117,0.09298,293.5,347.4,303.0,364.5,283.9,330.3,1148,0.146,14
1334,97.918,74.192,33.519,0.7757,0.6139,0.1463,-0.468,0.8334,0.2939,0.0596,-0.3021,0.9514,20.023,0.1916,0.161,1.079,0.14167,294.8,346.4,304.0,363.6,285.5,329.1,1149,0.084,14
1335,99.207,75.209,33.758,0.7782,0.6119,0.1415,-0.4518,0.8419,0.2951,0.0628,-0.3,0.9519,20.004,0.2053,0.221,1.05,0.19925,296.1,345.4,304.9,362.7,287.2,327.9,1150,0.079,14
1336,100.498,76.224,33.991,0.7777,0.6128,0.1401,-0.436,0.8498,0.2962,0.0641,-0.299,0.9521,19.99,0.2232,0.095,1.014,0.06,297.4,344.3,305.9,361.8,288.9,326.7,1151,0.333,14
1337,101.789,77.242,34.222,0.7779,0.613,0.1382,-0.4206,0.8572,0.297,0.0655,-0.2978,0.9524,19.979,0.2393,0.107,0.98,0.06633,298.8,343.3,307.0,360.9,290.5,325.5,1152,0.667,14
1338,103.081,78.257,34.448,0.7802,0.611,0.134,-0.4055,0.8643,0.2977,0.0683,-0.2961,0.9527,19.973,0.2516,0.188,0.957,0.1792,300.1,342.2,308.0,360.0,292.2,324.3,1152,0.993,14
1339,104.379,79.268,34.665,0.7846,0.6068,0.1274,-0.3906,0.8709,0.2983,0.0726,-0.2939,0.9531,19.97,0.26,0.278,0.934,0.30995,301.4,341.2,309.0,359.1,293.8,323.1,1153,0.59,14
1340,105.686,80.269,34.869,0.7914,0.5999,0.1179,-0.3758,0.8772,0.2987,0.0786,-0.291,0.9535,19.97,0.264,0.383,0.922,0.46858,302.8,340.1,310.0,358.2,295.5,321.9,1154,0.13,14
1341,107.006,81.257,35.054,0.8004,0.5901,0.1054,-0.3611,0.8833,0.299,0.0864,-0.2876,0.9539,19.974,0.2637,0.488,0.912,0.63041,304.1,339.1,311.1,357.3,297.1,320.8,1155,0.376,14
1342,108.338,82.231,35.222,0.8056,0.5845,0.0966,-0.3463,0.8891,0.2992,0.0924,-0.285,0.9541,19.982,0.2696,0.375,0.911,0.4025,305.5,338.1,312.2,356.5,298.8,319.7,1156,0.916,14
1343,109.68,83.195,35.374,0.8123,0.5769,0.0862,-0.3316,0.8947,0.2992,0.0992,-0.2823,0.9542,19.992,0.2726,0.419,0.901,0.50142,306.9,337.1,313.2,355.6,300.5,318.5,1156,0.743,14
1344,111.034,84.145,35.508,0.8201,0.5673,0.0744,-0.3168,0.9001,0.2991,0.1068,-0.2795,0.9542,20.006,0.2731,0.464,0.903,0.59036,308.3,336.2,314.3,354.8,302.2,317.4,1157,0.18,14
1345,112.402,85.076,35.62,0.8291,0.5558,0.0613,-0.302,0.9053,0.2989,0.1149,-0.2767,0.9541,20.022,0.2711,0.491,0.899,0.6775,309.7,335.2,315.4,353.9,303.9,316.4,1158,0.397,14
1346,113.785,85.988,35.71,0.838,0.5436,0.0472,-0.2871,0.9102,0.2985,0.1238,-0.2738,0.9538,20.042,0.2683,0.537,0.899,0.7135,311.1,334.3,316.5,353.1,305.6,315.3,1159,0.979,14
1347,115.182,86.881,35.777,0.8461,0.532,0.0332,-0.2723,0.9149,0.2981,0.133,-0.271,0.9533,20.064,0.2662,0.552,0.89,0.68738,312.5,333.4,317.7,352.3,307.3,314.3,1159,0.68,14
1348,116.593,87.753,35.821,0.8545,0.5191,0.0196,-0.2574,0.9194,0.2975,0.1414,-0.2687,0.9528,20.09,0.2631,0.5,0.892,0.70939,314.0,332.5,318.8,351.5,309.1,313.3,1160,0.096,14
1349,118.018,88.602,35.842,0.8632,0.5049,0.0065,-0.2425,0.9236,0.2968,0.1489,-0.2668,0.9522,20.118,0.2589,0.445,0.888,0.73169,315.4,331.6,320.0,350.8,310.8,312.3,1161,0.487,14
1350,119.457,89.427,35.843,0.872,0.4894,-0.006,-0.2276,0.9277,0.296,0.1555,-0.2654,0.9515,20.149,0.2538,0.389,0.887,0.75182,316.9,330.8,321.1,350.1,312.6,311.3,1162,1.062,14
1351,120.91,90.228,35.821,0.8797,0.4751,-0.0199,-0.2127,0.9315,0.295,0.1639,-0.2636,0.9506,20.182,0.2496,0.495,0.883,0.7383,318.4,329.9,322.3,349.4,314.4,310.4,1162,0.597,14
1352,122.377,91.003,35.777,0.8877,0.4592,-0.0335,-0.1979,0.9351,0.294,0.1715,-0.2623,0.9496,20.219,0.2439,0.445,0.875,0.77355,319.9,329.2,323.5,348.7,316.2,309.5,1163,0.033,14
1353,123.856,91.751,35.71,0.896,0.4415,-0.0469,-0.183,0.9385,0.2928,0.1784,-0.2612,0.9487,20.258,0.2366,0.404,0.878,0.81851,321.4,328.4,324.7,348.0,318.0,308.6,1164,0.521,14
1354,125.35,92.467,35.622,0.9048,0.4216,-0.0603,-0.1681,0.9417,0.2916,0.1846,-0.2605,0.9477,20.299,0.2273,0.362,0.876,0.88252,322.9,327.7,325.9,347.4,319.8,307.8,1165,1.056,14
1355,126.858,93.15,35.51,0.9125,0.4021,-0.0747,-0.1531,0.9446,0.2902,0.1919,-0.2597,0.9464,20.343,0.2184,0.427,0.879,0.87841,324.4,327.0,327.1,346.8,321.7,307.0,1165,0.604,14
1356,128.378,93.8,35.374,0.9201,0.3814,-0.0892,-0.138,0.9474,0.2887,0.199,-0.259,0.9451,20.39,0.2086,0.416,0.884,0.91142,326.0,326.3,328.4,346.3,323.5,306.2,1166,0.089,14
1357,129.911,94.415,35.213,0.9275,0.3591,-0.1039,-0.123,0.95,0.2872,0.2059,-0.2586,0.9438,20.439,0.1972,0.403,0.876,0.95719,327.5,325.7,329.6,345.8,325.4,305.5,1167,0.403,14
1358,131.456,94.991,35.029,0.9346,0.3353,-0.1187,-0.1079,0.9523,0.2855,0.2125,-0.2584,0.9424,20.49,0.1846,0.387,0.881,0.9985,329.1,325.1,330.9,345.3,327.2,304.8,1168,0.865,14
1359,133.012,95.528,34.819,0.9408,0.3112,-0.134,-0.0928,0.9544,0.2837,0.2194,-0.2583,0.9408,20.544,0.1717,0.406,0.88,1.00888,330.6,324.6,332.1,344.8,329.1,304.2,1168,0.794,14
1360,134.577,96.023,34.584,0.9465,0.2857,-0.1498,-0.0777,0.9563,0.2818,0.2266,-0.2584,0.9391,20.599,0.1575,0.424,0.879,1.05458,332.2,324.1,333.4,344.4,331.0,303.6,1169,0.365,14
1361,136.152,96.475,34.322,0.9517,0.2579,-0.1666,-0.0625,0.958,0.2799,0.2341,-0.2585,0.9372,20.656,0.141,0.443,0.883,1.13605,333.8,323.6,334.7,344.1,332.9,303.1,1170,0.027,14
1362,137.735,96.878,34.031,0.9559,0.2289,-0.1838,-0.0474,0.9594,0.2779,0.2418,-0.2589,0.9351,20.714,0.1232,0.458,0.876,1.17357,335.4,323.3,335.9,343.8,334.8,302.6,1171,0.375,14
1363,139.324,97.233,33.711,0.9592,0.1978,-0.2018,-0.0323,0.9607,0.2758,0.2498,-0.2594,0.9329,20.774,0.1034,0.476,0.877,1.24625,337.0,322.9,337.2,343.5,336.8,302.2,1172,0.677,14
1364,140.917,97.532,33.36,0.9615,0.1626,-0.2217,-0.017,0.9617,0.2736,0.2585,-0.2601,0.9303,20.835,0.0794,0.522,0.887,1.39886,338.6,322.6,338.5,343.3,338.7,301.8,1173,0.929,14
1365,142.513,97.769,32.974,0.9621,0.1223,-0.2439,-0.0016,0.9625,0.2714,0.2682,-0.261,0.9273,20.898,0.05,0.584,0.892,1.58922,340.2,322.4,339.7,343.1,340.6,301.5,1173,0.73,14
1366,144.109,97.937,32.551,0.9605,0.0802,-0.2663,0.014,0.963,0.269,0.2781,-0.2622,0.9241,20.963,0.019,0.6,0.905,1.64804,341.8,322.3,341.0,343.1,342.5,301.3,1174,0.532,14
1367,145.7,98.034,32.09,0.9567,0.0359,-0.289,0.0299,0.9634,0.2666,0.288,-0.2637,0.9206,21.03,0.0139,0.608,0.922,1.72435,343.3,322.2,342.2,343.1,344.5,301.2,1175,0.389,14
1368,147.281,98.054,31.591,0.9496,-0.013,-0.3132,0.046,0.9634,0.264,0.2987,-0.2655,0.9167,21.098,0.0515,0.661,0.934,1.90055,344.9,322.2,343.5,343.1,346.4,301.1,1176,0.303,14
1369,148.848,97.989,31.05,0.9388,-0.0657,-0.338,0.0623,0.9632,0.2614,0.3097,-0.2676,0.9124,21.168,0.0931,0.687,0.946,2.04622,346.5,322.3,344.7,343.3,348.3,301.2,1177,0.275,14
1370,150.394,97.832,30.468,0.923,-0.1244,-0.3642,0.0788,0.9628,0.2586,0.3217,-0.2701,0.9075,21.239,0.1412,0.756,0.959,2.28684,348.0,322.5,345.8,343.5,350.2,301.3,1178,0.304,14
1371,151.908,97.573,29.842,0.9009,-0.1884,-0.391,0.0954,0.962,0.2558,0.3344,-0.2731,0.902,21.311,0.1953,0.811,0.966,2.51571,349.5,322.8,346.9,343.9,352.0,301.6,1179,0.391,14
1372,153.378,97.201,29.17,0.8691,-0.2619,-0.4195,0.1123,0.9609,0.253,0.3489,-0.2765,0.8954,21.384,0.2602,0.933,0.984,2.93738,350.9,323.2,348.0,344.3,353.8,301.9,1180,0.535,14
1373,154.787,96.702,28.45,0.8273,-0.3403,-0.4469,0.1294,0.9595,0.25,0.3643,-0.2805,0.888,21.456,0.3312,1.005,0.998,3.21324,352.3,323.7,349.0,344.9,355.6,302.5,1182,0.675,14
1374,156.113,96.066,27.686,0.7697,-0.4278,-0.4738,0.1467,0.9578,0.2471,0.3825,-0.2853,0.8788,21.529,0.4139,1.2,1.01,3.73891,353.6,324.4,349.9,345.6,357.2,303.1,1183,0.376,14
1375,157.337,95.286,26.882,0.7023,-0.5117,-0.4948,0.1643,0.9558,0.244,0.4005,-0.2907,0.869,21.601,0.4944,1.214,1.03,3.79039,354.7,325.3,350.7,346.5,358.8,304.0,1184,0.037,14
1376,158.436,94.368,26.048,0.6219,-0.5944,-0.5098,0.182,0.9533,0.2409,0.4194,-0.2969,0.8579,21.674,0.5763,1.305,1.039,4.02134,355.8,326.2,351.3,347.4,360.3,304.9,1185,0.34,14
1377,159.394,93.317,25.194,0.5305,-0.6714,-0.5174,0.2,0.9505,0.2377,0.4398,-0.3039,0.8451,21.748,0.6551,1.437,1.06,4.14057,356.7,327.4,351.8,348.5,361.6,306.1,1187,0.495,14
1378,160.19,92.143,24.335,0.4291,-0.741,-0.5165,0.2179,0.9474,0.2344,0.4616,-0.3117,0.8305,21.823,0.7296,1.568,1.058,4.25273,357.4,328.6,352.1,349.8,362.7,307.3,1188,0.055,14
1379,160.821,90.867,23.485,0.3309,-0.7956,-0.5075,0.2356,0.944,0.231,0.4819,-0.3199,0.8158,21.899,0.7903,1.511,1.051,3.89676,357.9,329.9,352.3,351.1,363.7,308.7,1189,0.4,14
1380,161.286,89.508,22.656,0.2301,-0.8403,-0.4909,0.2526,0.9404,0.2275,0.5039,-0.3286,0.7988,21.975,0.8438,1.669,1.016,3.85469,358.3,331.4,352.3,352.5,364.4,310.1,1191,0.317,14
1381,161.587,88.086,21.858,0.1336,-0.8727,-0.4696,0.2684,0.9369,0.2241,0.5293,-0.3378,0.7783,22.051,0.887,1.943,0.947,3.59469,358.6,332.8,352.1,353.9,365.0,311.6,1192,0.167,14
1382,161.737,86.619,21.098,0.0496,-0.8933,-0.4467,0.2831,0.9334,0.2205,0.5556,-0.347,0.7556,22.127,0.9183,2.059,0.89,3.09185,358.7,334.4,351.9,355.4,365.5,313.2,1194,0.504,14
1383,161.754,85.125,20.378,-0.029,-0.9067,-0.4207,0.2967,0.9301,0.2168,0.5857,-0.3565,0.7279,22.207,0.9431,2.406,0.829,2.89785,358.6,335.9,351.5,357.0,365.7,314.7,1195,0.005,14
1384,161.649,83.616,19.699,-0.0954,-0.9127,-0.3973,0.3089,0.927,0.2127,0.6227,-0.3661,0.6915,22.293,0.96,3.025,0.758,2.44114,358.4,337.5,351.1,358.5,365.9,316.3,1196,0.526,14
1385,161.441,82.098,19.062,-0.1548,-0.9161,-0.3699,0.3193,0.9245,0.2083,0.6596,-0.3746,0.6516,22.386,0.9734,3.152,0.663,2.26292,358.2,339.0,350.5,360.1,365.8,317.8,1198,0.029,14
1386,161.133,80.58,18.468,-0.2112,-0.9139,-0.3467,0.3269,0.9229,0.2035,0.7301,-0.3833,0.5657,22.484,0.983,6.39,0.523,2.10796,357.8,340.6,350.0,361.7,365.7,319.4,1200,0.467,14
1387,160.754,79.064,17.912,-0.2429,-0.9145,-0.3236,0.3276,0.9238,0.1982,0.7786,-0.3828,0.4972,22.593,0.9885,4.81,0.311,1.35478,357.4,342.1,349.5,363.4,365.3,320.8,1201,0.194,14
1388,160.33,77.545,17.397,-0.2773,-0.9144,-0.2949,0.3166,0.929,0.1919,0.887,-0.3616,0.2873,22.716,0.9939,13.622,0.785,1.54742,356.9,343.7,349.3,365.1,364.6,322.1,1203,0.055,14
1389,159.842,76.029,16.93,-0.3024,-0.9141,-0.27,0.2927,0.9383,0.184,0.9485,-0.2606,-0.1801,22.865,0.9959,27.898,1.538,1.22106,356.4,345.2,349.2,367.0,363.5,323.4,1205,0.19,14
1390,159.352,74.504,16.497,-0.2805,-0.9261,-0.2523,0.2598,0.9499,0.1739,0.9312,-0.1987,-0.3057,23.053,0.9965,8.09,2.081,1.05717,355.8,346.8,349.4,369.0,362.2,324.5,1207,0.217,14
1391,158.899,72.958,16.1,-0.2658,-0.937,-0.2265,0.2222,0.9616,0.1608,0.8133,-0.0918,-0.5745,23.292,0.9965,17.972,2.378,1.09247,355.3,348.4,349.8,371.1,360.9,325.6,1209,0.138,14
1392,158.481,71.394,15.74,-0.2358,-0.9489,-0.21,0.1846,0.9721,0.1447,0.7766,-0.054,-0.6277,23.579,0.9963,4.291,2.42,1.25187,354.9,350.0,350.2,373.2,359.6,326.7,1211,0.06,14
1393,158.121,69.809,15.406,-0.2012,-0.9606,-0.1918,0.1503,0.9807,0.1254,0.787,-0.042,-0.6155,23.898,0.9964,1.147,2.308,1.40935,354.5,351.6,350.6,375.3,358.4,327.8,1214,0.213,14
1394,157.799,68.211,15.101,-0.1909,-0.9654,-0.1778,0.1161,0.9879,0.103,0.7056,-0.0091,-0.7085,24.218,0.9942,7.333,2.379,0.62271,354.1,353.2,351.1,377.4,357.2,329.0,1217,0.136,14
1395,157.511,66.601,14.822,-0.1671,-0.9727,-0.1609,0.0781,0.9939,0.078,0.6819,0.0038,-0.7314,24.499,0.9924,2.028,2.629,1.03912,353.8,354.8,351.7,379.4,355.9,330.2,1220,0.12,14
1396,157.212,64.99,14.558,-0.201,-0.9664,-0.16,0.0403,0.9977,0.0536,0.555,0.0223,-0.8316,24.707,0.9809,9.335,2.587,1.19141,353.5,356.5,352.4,381.4,354.6,331.6,1223,0.191,14
1397,156.856,63.391,14.295,-0.2252,-0.9617,-0.1564,0.0077,0.9994,0.033,0.4964,0.0249,-0.8677,24.818,0.968,3.947,2.212,0.86037,353.1,358.1,352.8,383.1,353.4,333.1,1226,0.264,14
1398,156.469,61.799,14.036,-0.2395,-0.9582,-0.1562,-0.0201,0.9997,0.016,0.478,0.0237,-0.8781,24.851,0.9556,1.213,1.867,0.50845,352.7,359.7,353.2,384.8,352.2,334.7,1228,0.386,14
1399,156.065,60.211,13.776,-0.2477,-0.9559,-0.158,-0.0448,0.999,0.0011,0.4753,0.0223,-0.8796,24.835,0.944,0.194,1.653,0.30061,352.3,361.3,353.4,386.3,351.1,336.3,1229,0.263,14
1400,155.648,58.627,13.514,-0.255,-0.954,-0.1577,-0.0678,0.9976,-0.0128,0.469,0.0206,-0.8829,24.795,0.9324,0.419,1.542,0.2607,351.8,362.9,353.5,387.8,350.1,338.0,1231,0.346,15
1401,155.218,57.046,13.251,-0.2635,-0.9515,-0.1589,-0.0894,0.9957,-0.0257,0.4651,0.019,-0.8851,24.736,0.9198,0.272,1.446,0.30872,351.4,364.5,353.7,389.3,349.1,339.7,1232,0.05,15
1402,154.772,55.47,12.986,-0.2741,-0.9481,-0.1613,-0.1097,0.9933,-0.0377,0.4619,0.0174,-0.8868,24.66,0.9056,0.227,1.358,0.39322,350.9,366.1,353.7,390.8,348.1,341.5,1233,0.356,15
1403,154.307,53.9,12.715,-0.286,-0.944,-0.1645,-0.1287,0.9905,-0.0488,0.4588,0.0158,-0.8884,24.573,0.8902,0.22,1.271,0.44851,350.4,367.7,353.7,392.2,347.1,343.3,1234,0.571,15
1404,153.825,52.337,12.441,-0.2954,-0.9408,-0.1664,-0.1465,0.9874,-0.0591,0.4557,0.0143,-0.89,24.475,0.8758,0.218,1.192,0.34913,349.9,369.3,353.6,393.6,346.2,345.0,1235,0.691,15
1405,153.324,50.78,12.163,-0.308,-0.9362,-0.1694,-0.1634,0.9842,-0.0687,0.4519,0.0127,-0.892,24.37,0.8594,0.263,1.129,0.47466,349.4,370.9,353.5,395.0,345.2,346.8,1236,0.716,15
1406,152.801,49.231,11.878,-0.3232,-0.9303,-0.1734,-0.1794,0.9807,-0.0777,0.4477,0.011,-0.8941,24.261,0.8409,0.286,1.071,0.57976,348.8,372.4,353.4,396.4,344.3,348.6,1237,0.64,15
1407,152.252,47.693,11.587,-0.3379,-0.9241,-0.1782,-0.1946,0.9771,-0.0861,0.4454,0.0098,-0.8953,24.15,0.8218,0.164,1.016,0.5754,348.2,374.0,353.2,397.7,343.3,350.3,1238,0.463,15
1408,151.681,46.164,11.288,-0.3505,-0.9187,-0.1822,-0.2092,0.9733,-0.0941,0.4434,0.0087,-0.8963,24.039,0.8037,0.143,0.978,0.49313,347.6,375.5,352.9,399.1,342.4,352.1,1239,0.18,15
1409,151.088,44.645,10.983,-0.3651,-0.9124,-0.1848,-0.2231,0.9695,-0.1015,0.4382,0.0067,-0.8988,23.928,0.7844,0.35,0.928,0.55641,347.0,377.1,352.6,400.4,341.4,353.8,1240,0.211,15
1410,150.468,43.137,10.675,-0.3824,-0.9051,-0.1861,-0.2364,0.9656,-0.1085,0.4302,0.0039,-0.9027,23.819,0.7634,0.535,0.89,0.64998,346.4,378.6,352.3,401.7,340.5,355.6,1241,0.713,15
1411,149.818,41.642,10.366,-0.4001,-0.897,-0.1877,-0.2491,0.9616,-0.1151,0.4228,0.0011,-0.9062,23.712,0.7413,0.496,0.851,0.6745,345.7,380.1,351.9,403.0,339.5,357.3,1241,0.946,15
1412,149.141,40.16,10.052,-0.416,-0.8892,-0.1903,-0.2614,0.9576,-0.1213,0.4178,-0.001,-0.9085,23.608,0.7197,0.338,0.822,0.6182,345.0,381.6,351.4,404.3,338.5,359.0,1242,0.338,15
1413,148.435,38.692,9.736,-0.4356,-0.8798,-0.1902,-0.2732,0.9535,-0.1271,0.4082,-0.0047,-0.9129,23.506,0.6957,0.641,0.789,0.75068,344.2,383.1,351.0,405.6,337.5,360.7,1243,0.369,15
1414,147.694,37.242,9.422,-0.4592,-0.8684,-0.1873,-0.2846,0.9494,-0.1326,0.3941,-0.0102,-0.919,23.408,0.6689,0.935,0.762,0.91069,343.5,384.6,350.4,406.9,336.5,362.3,1244,1.171,15
1415,146.911,35.812,9.115,-0.4834,-0.8558,-0.1842,-0.2956,0.9453,-0.1378,0.3804,-0.0158,-0.9247,23.312,0.6407,0.909,0.736,0.94828,342.7,386.0,349.9,408.1,335.5,364.0,1244,0.488,15
1416,146.09,34.402,8.811,-0.5067,-0.8427,-0.1818,-0.3063,0.9412,-0.1427,0.3684,-0.021,-0.9294,23.221,0.612,0.796,0.714,0.92688,341.8,387.4,349.2,409.4,334.4,365.6,1245,0.404,15
1417,145.228,33.016,8.512,-0.5319,-0.828,-0.1777,-0.3167,0.937,-0.1473,0.3544,-0.0271,-0.9347,23.133,0.5812,0.926,0.695,1.01746,340.9,388.8,348.6,410.6,333.3,367.2,1245,1.255,15
1418,144.324,31.656,8.222,-0.5586,-0.8115,-0.1716,-0.3268,0.9329,-0.1516,0.3386,-0.0342,-0.9403,23.049,0.5485,1.043,0.671,1.10422,340.0,390.2,347.9,411.8,332.2,368.7,1246,0.273,15
1419,143.376,30.323,7.941,-0.5838,-0.7946,-0.1671,-0.3366,0.9287,-0.1557,0.3254,-0.0405,-0.9447,22.969,0.5154,0.875,0.654,1.05934,339.0,391.5,347.1,412.9,331.0,370.2,1247,0.8,15
1420,142.386,29.02,7.669,-0.6093,-0.7764,-0.1612,-0.3461,0.9245,-0.1596,0.3113,-0.0472,-0.9491,22.893,0.4812,0.929,0.636,1.10099,338.0,392.9,346.3,414.1,329.8,371.7,1247,0.859,15
1421,141.355,27.747,7.407,-0.6343,-0.7576,-0.154,-0.3554,0.9204,-0.1631,0.2966,-0.0545,-0.9534,22.821,0.4467,0.972,0.616,1.10856,336.9,394.1,345.4,415.2,328.5,373.1,1248,0.308,15
1422,140.282,26.506,7.157,-0.6587,-0.7378,-0.1478,-0.3644,0.9162,-0.1665,0.2833,-0.0612,-0.9571,22.753,0.4113,0.879,0.601,1.10609,335.8,395.4,344.5,416.3,327.2,374.6,1248,1.352,15
1423,139.17,25.299,6.917,-0.6817,-0.7178,-0.1412,-0.3732,0.9121,-0.1696,0.2704,-0.0679,-0.9603,22.69,0.3763,0.853,0.584,1.07707,334.7,396.6,343.5,417.4,325.9,375.9,1249,0.087,15
1424,138.022,24.123,6.69,-0.7014,-0.7003,-0.1327,-0.3817,0.908,-0.1725,0.2571,-0.075,-0.9635,22.63,0.3453,0.883,0.566,0.95626,333.5,397.8,342.5,418.4,324.6,377.3,1250,1.277,15
1425,136.845,22.973,6.478,-0.7167,-0.6864,-0.1233,-0.39,0.904,-0.1752,0.2445,-0.0818,-0.9662,22.574,0.3194,0.835,0.55,0.78424,332.3,398.9,341.5,419.4,323.2,378.6,1250,0.383,15
1426,135.643,21.848,6.278,-0.7328,-0.6701,-0.1178,-0.3981,0.8999,-0.1778,0.2353,-0.0871,-0.968,22.522,0.2904,0.617,0.541,0.81375,331.1,400.1,340.4,420.4,321.8,379.8,1251,1.066,15
1427,134.415,20.748,6.088,-0.746,-0.6566,-0.1111,-0.406,0.896,-0.1801,0.226,-0.0926,-0.9697,22.473,0.2654,0.627,0.522,0.69184,329.9,401.2,339.4,421.4,320.4,381.1,1251,0.593,15
1428,133.169,19.667,5.91,-0.7563,-0.6461,-0.1027,-0.4136,0.892,-0.1823,0.216,-0.0984,-0.9714,22.427,0.2448,0.669,0.508,0.58493,328.6,402.3,338.2,422.3,319.0,382.3,1252,0.928,15
1429,131.907,18.602,5.748,-0.7642,-0.6383,-0.0926,-0.4211,0.8881,-0.1844,0.2054,-0.1047,-0.9731,22.384,0.228,0.713,0.499,0.5183,327.3,403.3,337.1,423.3,317.6,383.5,1252,0.732,15
1430,130.634,17.548,5.603,-0.7711,-0.6314,-0.0823,-0.4283,0.8842,-0.1863,0.1949,-0.1109,-0.9745,22.344,0.2127,0.703,0.482,0.49005,326.0,404.4,336.0,424.2,316.2,384.7,1253,0.846,15
1431,129.346,16.51,5.471,-0.7805,-0.6205,-0.0764,-0.4354,0.8804,-0.1881,0.1875,-0.1157,-0.9754,22.307,0.1921,0.508,0.473,0.53712,324.7,405.4,334.8,425.1,314.7,385.8,1253,0.813,15
1432,128.046,15.487,5.35,-0.7872,-0.6128,-0.0691,-0.4423,0.8765,-0.1898,0.1797,-0.1207,-0.9763,22.272,0.1758,0.533,0.464,0.43338,323.4,406.5,333.6,426.1,313.3,387.0,1254,0.804,15
1433,126.735,14.475,5.243,-0.7918,-0.6078,-0.0605,-0.4491,0.8728,-0.1914,0.1714,-0.1261,-0.9771,22.24,0.1633,0.569,0.453,0.37847,322.1,407.5,332.4,427.0,311.8,388.1,1254,0.855,15
1434,125.419,13.469,5.151,-0.7945,-0.6052,-0.0504,-0.4556,0.869,-0.1928,0.1624,-0.1318,-0.9779,22.21,0.1542,0.612,0.439,0.37203,320.8,408.5,331.3,427.9,310.4,389.2,1255,0.784,15
1435,124.1,12.466,5.076,-0.7954,-0.6048,-0.0387,-0.4621,0.8653,-0.1942,0.1526,-0.1381,-0.9786,22.182,0.1483,0.669,0.436,0.40545,319.5,409.5,330.1,428.8,308.9,390.3,1255,0.875,15
1436,122.78,11.462,5.023,-0.7967,-0.6038,-0.0263,-0.4683,0.8617,-0.1955,0.1421,-0.1449,-0.9792,22.157,0.1421,0.718,0.417,0.43197,318.1,410.5,328.9,429.7,307.4,391.4,1256,0.769,15
1437,121.455,10.464,4.988,-0.8008,-0.5987,-0.0162,-0.4745,0.858,-0.1966,0.1327,-0.1511,-0.9796,22.134,0.1305,0.646,0.418,0.41559,316.8,411.5,327.6,430.6,306.0,392.5,1256,0.891,15
1438,120.124,9.474,4.969,-0.8032,-0.5957,-0.0064,-0.4805,0.8544,-0.1977,0.1242,-0.1569,-0.9798,22.112,0.1218,0.59,0.406,0.36352,315.5,412.5,326.4,431.5,304.5,393.6,1257,0.739,15
1439,118.791,8.486,4.966,-0.8038,-0.5949,0.0031,-0.4864,0.8509,-0.1987,0.1164,-0.1623,-0.9799,22.093,0.1158,0.544,0.397,0.32988,314.1,413.5,325.2,432.4,303.1,394.7,1257,0.92,15
1440,117.458,7.499,4.979,-0.8029,-0.596,0.0121,-0.4921,0.8473,-0.1996,0.1094,-0.1673,-0.9798,22.076,0.1123,0.493,0.39,0.31464,312.8,414.5,324.0,433.3,301.6,395.8,1258,0.682,15
1441,116.127,6.508,5.006,-0.8004,-0.5991,0.0207,-0.4977,0.8438,-0.2005,0.1032,-0.1718,-0.9797,22.061,0.1113,0.439,0.382,0.32729,311.5,415.5,322.8,434.2,300.2,396.9,1258,0.977,15
1442,114.802,5.51,5.048,-0.7965,-0.6039,0.029,-0.5033,0.8404,-0.2012,0.0978,-0.176,-0.9795,22.047,0.1125,0.392,0.377,0.35746,310.1,416.5,321.6,435.1,298.7,398.0,1259,0.59,15
1443,113.482,4.508,5.105,-0.7965,-0.6033,0.0409,-0.5087,0.8369,-0.2019,0.0881,-0.1827,-0.9792,22.035,0.108,0.676,0.371,0.4115,308.8,417.5,320.4,436.0,297.3,399.0,1259,1.07,15
1444,112.16,3.507,5.182,-0.7962,-0.6029,0.051,-0.514,0.8335,-0.2025,0.0801,-0.1885,-0.9788,22.025,0.1036,0.567,0.362,0.34916,307.5,418.5,319.1,436.9,295.9,400.1,1260,0.453,15
1445,110.84,2.506,5.273,-0.7946,-0.6043,0.0586,-0.5193,0.8301,-0.2031,0.0745,-0.1928,-0.9784,22.016,0.1009,0.405,0.362,0.27254,306.2,419.5,317.9,437.9,294.5,401.2,1260,1.207,15
1446,109.524,1.501,5.375,-0.7918,-0.6074,0.0641,-0.5244,0.8268,-0.2036,0.071,-0.1959,-0.9781,22.009,0.1,0.268,0.349,0.23849,304.9,420.5,316.7,438.8,293.0,402.3,1261,0.263,15
1447,108.213,0.489,5.485,-0.7878,-0.6122,0.0678,-0.5295,0.8234,-0.2041,0.0695,-0.1977,-0.9778,22.002,0.1008,0.135,0.352,0.25076,303.5,421.5,315.5,439.7,291.6,403.4,1261,1.397,15
1448,106.911,-0.532,5.599,-0.7824,-0.6189,0.0695,-0.5344,0.8201,-0.2045,0.07,-0.1982,-0.9777,21.997,0.1037,0.041,0.339,0.3029,302.2,422.5,314.3,440.7,290.2,404.5,1262,0.018,15
1449,105.618,-1.566,5.714,-0.7753,-0.6277,0.0693,-0.5393,0.8168,-0.2049,0.0725,-0.1974,-0.9776,21.992,0.1088,0.15,0.339,0.39048,301.0,423.6,313.1,441.6,288.8,405.6,1263,1.344,15
1450,104.338,-2.615,5.83,-0.7691,-0.635,0.0721,-0.5442,0.8135,-0.2053,0.0721,-0.1984,-0.9775,21.988,0.1128,0.062,0.339,0.34464,299.7,424.6,312.0,442.6,287.4,406.7,1263,0.315,15
1451,103.065,-3.672,5.955,-0.7644,-0.64,0.078,-0.5489,0.8102,-0.2056,0.0688,-0.2014,-0.9771,21.985,0.115,0.257,0.329,0.31253,298.4,425.7,310.8,443.6,286.1,407.8,1264,0.939,15
1452,101.802,-4.739,6.087,-0.7588,-0.6462,0.0816,-0.5536,0.8069,-0.2059,0.0678,-0.2028,-0.9769,21.983,0.1181,0.099,0.329,0.31418,297.1,426.8,309.6,444.6,284.7,409.0,1264,0.721,15
1453,100.548,-5.817,6.224,-0.7522,-0.6537,0.0825,-0.5582,0.8037,-0.2062,0.069,-0.2027,-0.9768,21.98,0.1225,0.069,0.322,0.34641,295.9,427.8,308.5,445.6,283.4,410.1,1265,0.442,15
1454,99.306,-6.909,6.36,-0.7448,-0.6623,0.0809,-0.5628,0.8004,-0.2065,0.0726,-0.201,-0.9769,21.978,0.1276,0.228,0.325,0.3957,294.7,428.9,307.4,446.6,282.0,411.3,1265,1.218,15
1455,98.077,-8.016,6.491,-0.7366,-0.6719,0.0767,-0.5672,0.7972,-0.2068,0.0785,-0.1976,-0.9771,21.977,0.1337,0.39,0.312,0.45952,293.4,430.0,306.2,447.7,280.7,412.5,1266,0.153,15
1456,96.862,-9.139,6.613,-0.7277,-0.6823,0.0699,-0.5716,0.794,-0.2071,0.0866,-0.1926,-0.9775,21.975,0.1403,0.546,0.312,0.52789,292.2,431.2,305.1,448.8,279.4,413.7,1267,0.828,15
1457,95.664,-10.28,6.728,-0.7169,-0.6937,0.0694,-0.576,0.7908,-0.2073,0.09,-0.1907,-0.9775,21.973,0.15,0.223,0.312,0.54251,291.0,432.3,304.0,449.8,278.1,414.9,1267,0.831,15
1458,94.483,-11.44,6.842,-0.7071,-0.7038,0.0684,-0.5802,0.7876,-0.2076,0.0934,-0.1889,-0.9776,21.971,0.1583,0.22,0.303,0.48723,289.8,433.5,302.9,450.9,276.8,416.1,1268,0.076,15
1459,93.316,-12.615,6.954,-0.6991,-0.712,0.0654,-0.5844,0.7844,-0.2078,0.098,-0.186,-0.9776,21.969,0.1635,0.312,0.303,0.40897,288.7,434.7,301.8,452.0,275.6,417.4,1269,0.922,15
1460,92.162,-13.802,7.058,-0.6931,-0.7183,0.0605,-0.5884,0.7813,-0.2081,0.1037,-0.1823,-0.9778,21.967,0.166,0.389,0.29,0.34483,287.5,435.9,300.8,453.2,274.3,418.6,1269,0.737,15
1461,91.016,-14.997,7.153,-0.6891,-0.7227,0.0537,-0.5924,0.7782,-0.2084,0.1103,-0.1778,-0.9779,21.964,0.1654,0.458,0.29,0.31196,286.4,437.1,299.7,454.3,273.1,419.9,1270,0.062,15
1462,89.874,-16.199,7.236,-0.6871,-0.7252,0.0454,-0.5963,0.7752,-0.2086,0.1177,-0.1727,-0.9779,21.962,0.1619,0.515,0.282,0.30722,285.2,438.3,298.7,455.4,271.9,421.2,1271,0.819,15
1463,88.735,-17.403,7.303,-0.6867,-0.726,0.0359,-0.6,0.7722,-0.2089,0.1255,-0.1671,-0.9779,21.959,0.1561,0.55,0.273,0.32949,284.1,439.5,297.6,456.6,270.7,422.4,1271,0.84,15
1464,87.599,-18.61,7.358,-0.683,-0.7298,0.0308,-0.6036,0.7693,-0.2092,0.1305,-0.1635,-0.9779,21.955,0.1556,0.353,0.265,0.2541,283.0,440.7,296.5,457.7,269.5,423.7,1272,0.108,15
1465,86.468,-19.824,7.405,-0.6796,-0.7332,0.0255,-0.6071,0.7665,-0.2095,0.1357,-0.1597,-0.9778,21.951,0.1548,0.369,0.257,0.24711,281.8,441.9,295.5,458.9,268.3,425.0,1273,0.612,15
1466,85.343,-21.043,7.443,-0.6764,-0.7363,0.0199,-0.6104,0.7638,-0.2097,0.1409,-0.1559,-0.9777,21.947,0.1537,0.369,0.245,0.24711,280.7,443.1,294.4,460.1,267.1,426.3,1273,1.048,15
1467,84.224,-22.267,7.471,-0.6733,-0.7392,0.014,-0.6137,0.7611,-0.21,0.1463,-0.1518,-0.9775,21.943,0.1523,0.389,0.245,0.25099,279.6,444.4,293.4,461.2,265.9,427.6,1274,0.336,15
1468,83.109,-23.496,7.489,-0.6704,-0.742,0.0077,-0.6167,0.7585,-0.2103,0.152,-0.1474,-0.9773,21.938,0.151,0.413,0.228,0.25826,278.5,445.6,292.3,462.4,264.7,428.9,1275,0.384,15
1469,81.999,-24.729,7.496,-0.6675,-0.7446,0.0009,-0.6197,0.7561,-0.2106,0.1579,-0.1428,-0.9771,21.933,0.1495,0.429,0.221,0.27062,277.3,446.8,291.2,463.6,263.5,430.2,1276,1.106,15
1470,80.894,-25.967,7.492,-0.6647,-0.7471,-0.0063,-0.6225,0.7537,-0.2109,0.1641,-0.1378,-0.9768,21.928,0.148,0.457,0.212,0.28039,276.2,448.1,290.2,464.8,262.4,431.5,1276,0.553,15
1471,79.793,-27.208,7.475,-0.6619,-0.7495,-0.0142,-0.6252,0.7514,-0.2112,0.1708,-0.1323,-0.9764,21.922,0.1464,0.497,0.204,0.30106,275.1,449.3,289.1,466.0,261.2,432.8,1277,0.182,15
1472,78.697,-28.453,7.444,-0.66,-0.7509,-0.0234,-0.6277,0.7492,-0.2115,0.1782,-0.1262,-0.9759,21.916,0.1433,0.55,0.192,0.32799,274.0,450.6,288.1,467.2,260.0,434.1,1278,0.935,15
1473,77.604,-29.7,7.398,-0.6576,-0.7527,-0.0317,-0.6301,0.7471,-0.2118,0.185,-0.1205,-0.9753,21.909,0.1413,0.51,0.184,0.30479,272.9,451.8,287.0,468.4,258.9,435.4,1278,0.724,15
1474,76.515,-30.951,7.339,-0.6545,-0.755,-0.0389,-0.6324,0.745,-0.2121,0.191,-0.1154,-0.9748,21.903,0.1403,0.452,0.179,0.28215,271.8,453.1,286.0,469.6,257.8,436.7,1279,0.053,15
1475,75.432,-32.206,7.27,-0.651,-0.7577,-0.0448,-0.6345,0.7431,-0.2124,0.1962,-0.111,-0.9743,21.896,0.1405,0.391,0.163,0.25462,270.7,454.3,284.9,470.8,256.6,438.0,1280,0.85,15
1476,74.355,-33.465,7.191,-0.6471,-0.7608,-0.0493,-0.6366,0.7413,-0.2127,0.2004,-0.1073,-0.9738,21.889,0.1416,0.322,0.159,0.23184,269.7,455.6,283.9,472.0,255.5,439.3,1280,0.809,15
1477,73.285,-34.73,7.107,-0.6428,-0.7642,-0.0525,-0.6385,0.7396,-0.213,0.2038,-0.1045,-0.9734,21.882,0.1436,0.253,0.147,0.2192,268.6,456.9,282.8,473.2,254.4,440.6,1281,0.034,15
1478,72.222,-36.002,7.018,-0.6383,-0.7679,-0.0545,-0.6403,0.7379,-0.2133,0.2062,-0.1024,-0.9731,21.875,0.1463,0.184,0.143,0.21268,267.5,458.1,281.8,474.5,253.3,441.9,1282,0.891,15
1479,71.167,-37.278,6.926,-0.6336,-0.7717,-0.0552,-0.642,0.7363,-0.2136,0.2078,-0.101,-0.9729,21.868,0.1496,0.122,0.135,0.21015,266.4,459.4,280.8,475.7,252.2,443.2,1282,0.768,15
1480,70.121,-38.562,6.832,-0.6275,-0.7763,-0.0604,-0.6436,0.7348,-0.2139,0.213,-0.0965,-0.9723,21.861,0.1536,0.395,0.127,0.31926,265.4,460.7,279.7,477.0,251.1,444.5,1283,0.13,15
1481,69.085,-39.854,6.726,-0.6215,-0.7805,-0.0675,-0.6452,0.7334,-0.2142,0.2194,-0.0907,-0.9714,21.854,0.157,0.498,0.123,0.3522,264.3,462.0,278.7,478.2,250.0,445.9,1284,1.04,15
1482,68.057,-41.152,6.61,-0.6168,-0.7838,-0.0723,-0.6467,0.732,-0.2144,0.2238,-0.0866,-0.9708,21.848,0.1594,0.346,0.118,0.25836,263.3,463.3,277.7,479.5,249.0,447.2,1284,0.62,15
1483,67.037,-42.454,6.487,-0.6133,-0.7863,-0.0751,-0.6481,0.7307,-0.2146,0.2266,-0.084,-0.9703,21.841,0.161,0.221,0.11,0.17726,262.3,464.6,276.7,480.8,247.9,448.5,1285,0.285,15
1484,66.022,-43.761,6.361,-0.6107,-0.7882,-0.0763,-0.6494,0.7294,-0.2149,0.228,-0.0828,-0.9701,21.835,0.1619,0.106,0.107,0.11867,261.3,465.9,275.7,482.1,246.9,449.9,1286,1.167,15
1485,65.01,-45.07,6.235,-0.609,-0.7895,-0.0758,-0.6507,0.7282,-0.2151,0.2281,-0.0827,-0.9701,21.829,0.1623,0.008,0.102,0.07587,260.2,467.2,274.7,483.3,245.8,451.2,1286,0.493,15
1486,64.0,-46.38,6.11,-0.6082,-0.7903,-0.0738,-0.652,0.727,-0.2153,0.2268,-0.0839,-0.9703,21.823,0.1621,0.102,0.102,0.07935,259.2,468.5,273.7,484.6,244.8,452.5,1287,0.349,15
1487,62.991,-47.692,5.991,-0.6083,-0.7906,-0.0701,-0.6533,0.7258,-0.2155,0.2242,-0.0864,-0.9707,21.818,0.1613,0.208,0.102,0.12822,258.2,469.9,272.7,485.9,243.8,453.9,1288,1.132,15
1488,61.981,-49.004,5.879,-0.6092,-0.7904,-0.0646,-0.6546,0.7246,-0.2157,0.2201,-0.0903,-0.9713,21.813,0.16,0.326,0.102,0.19254,257.2,471.2,271.7,487.2,242.7,455.2,1288,0.528,15
1489,60.969,-50.315,5.778,-0.6111,-0.7895,-0.057,-0.6558,0.7234,-0.2159,0.2143,-0.0958,-0.9721,21.809,0.1581,0.46,0.098,0.27228,256.2,472.5,270.7,488.5,241.7,456.6,1289,0.18,15
1490,59.953,-51.623,5.691,-0.614,-0.7879,-0.0469,-0.6571,0.7222,-0.216,0.2066,-0.1031,-0.973,21.805,0.1554,0.61,0.102,0.3672,255.1,473.8,269.7,489.8,240.7,457.9,1290,0.795,15
1491,58.934,-52.931,5.62,-0.6142,-0.7882,-0.0385,-0.6584,0.7209,-0.2162,0.2006,-0.1088,-0.9736,21.801,0.1555,0.475,0.106,0.2903,254.1,475.1,268.7,491.0,239.6,459.2,1290,0.864,15
1492,57.915,-54.239,5.563,-0.6142,-0.7885,-0.0313,-0.6598,0.7196,-0.2163,0.1955,-0.1136,-0.9741,21.798,0.1554,0.402,0.11,0.2489,253.1,476.4,267.7,492.3,238.6,460.6,1291,0.357,15
1493,56.896,-55.547,5.516,-0.6142,-0.7888,-0.0255,-0.6611,0.7184,-0.2164,0.1913,-0.1175,-0.9745,21.795,0.1551,0.329,0.102,0.20054,252.1,477.7,266.7,493.6,237.5,461.9,1292,0.079,15
1494,55.877,-56.856,5.477,-0.6142,-0.7889,-0.0212,-0.6625,0.7171,-0.2166,0.1883,-0.1204,-0.9747,21.793,0.1542,0.239,0.11,0.14852,251.0,479.0,265.7,494.9,236.5,463.2,1293,0.344,15
1495,54.858,-58.165,5.445,-0.6141,-0.789,-0.0185,-0.6639,0.7157,-0.2167,0.1864,-0.1222,-0.9748,21.79,0.153,0.15,0.114,0.09336,250.0,480.3,264.7,496.2,235.4,464.6,1294,0.516,15
1496,53.839,-59.474,5.415,-0.6141,-0.789,-0.0176,-0.6653,0.7144,-0.2168,0.1857,-0.1228,-0.9749,21.788,0.1513,0.053,0.11,0.03108,249.0,481.7,263.7,497.5,234.4,465.9,1295,0.571,15
1497,52.82,-60.783,5.385,-0.6141,-0.789,-0.0184,-0.6667,0.7131,-0.2169,0.1863,-0.1223,-0.9749,21.787,0.1492,0.045,0.11,0.02762,248.0,483.0,262.7,498.8,233.3,467.3,1296,0.506,15
1498,51.801,-62.092,5.353,-0.6142,-0.7889,-0.021,-0.6681,0.7117,-0.217,0.1881,-0.1205,-0.9747,21.785,0.1466,0.146,0.114,0.08992,247.0,484.3,261.7,500.0,232.3,468.6,1297,0.317,15
1499,50.782,-63.401,5.315,-0.6142,-0.7888,-0.0252,-0.6695,0.7104,-0.2171,0.1911,-0.1177,-0.9745,21.783,0.1437,0.235,0.11,0.14506,245.9,485.6,260.7,501.3,231.2,469.9,1298,0.0,15
