ring,cx,cy,cz,Tx,Ty,Tz,Bx,By,Bz,Nx,Ny,Nz,hw,obl,dN,dB,kappa,sx_c,sy_c,sx_L,sy_L,sx_R,sy_R,pose_ring,pose_dist,iv
0,-67.225,-360.416,260.0,0.5558,0.8313,-0.0006,0.9711,-0.2333,0.0506,0.0447,-0.0306,-0.9985,25.5,0.3458,0.0,0.0,0.0,116.4,843.3,87.6,836.0,145.3,850.6,0,0.0,0
1,-66.145,-358.792,259.998,0.5522,0.8337,-0.0023,0.9643,-0.2594,0.0527,0.0457,-0.033,-0.9984,25.5,0.3161,0.149,1.55,0.13659,117.7,841.4,89.0,833.3,146.4,849.5,2,0.33,0
2,-65.07,-357.166,259.992,0.5512,0.8344,-0.0028,0.957,-0.285,0.0548,0.0469,-0.0343,-0.9983,25.5,0.2895,0.102,1.53,0.03875,118.9,839.5,90.5,830.6,147.4,848.4,3,0.467,0
3,-63.994,-355.54,259.988,0.553,0.8332,-0.0019,0.9492,-0.3096,0.0568,0.0484,-0.0344,-0.9982,25.5,0.2668,0.086,1.483,0.06885,120.2,837.6,92.0,828.0,148.4,847.2,5,0.017,0
4,-62.912,-353.918,259.986,0.5575,0.8302,0.0002,0.9412,-0.3327,0.0587,0.0503,-0.0336,-0.9982,25.5,0.2485,0.118,1.405,0.17048,121.5,835.7,93.5,825.4,149.5,846.0,6,0.617,0
5,-61.818,-352.303,259.989,0.5644,0.8255,0.0034,0.9333,-0.354,0.0605,0.0526,-0.0318,-0.9981,25.5,0.2347,0.167,1.306,0.26274,122.7,833.8,95.0,822.9,150.5,844.8,8,0.373,0
6,-60.711,-350.698,259.999,0.5692,0.8222,0.0056,0.9257,-0.3731,0.0622,0.0545,-0.031,-0.998,25.5,0.2205,0.118,1.182,0.18296,124.0,831.9,96.5,820.4,151.6,843.5,9,0.083,0
7,-59.6,-349.096,260.01,0.5709,0.821,0.0063,0.9186,-0.3899,0.0638,0.056,-0.0313,-0.9979,25.5,0.2047,0.088,1.049,0.06451,125.3,830.1,98.1,818.0,152.7,842.1,10,0.076,0
8,-58.484,-347.498,260.024,0.5747,0.8183,0.0081,0.912,-0.4049,0.0653,0.0578,-0.0307,-0.9979,25.5,0.1933,0.109,0.943,0.14683,126.6,828.2,99.6,815.7,153.8,840.7,11,0.109,0
9,-57.357,-345.906,260.042,0.5808,0.814,0.011,0.9059,-0.4182,0.0667,0.06,-0.0293,-0.9978,25.5,0.1865,0.15,0.842,0.23527,128.0,826.3,101.1,813.4,154.9,839.3,12,0.028,0
10,-56.217,-344.324,260.068,0.5888,0.8081,0.0151,0.9001,-0.4303,0.0681,0.0626,-0.027,-0.9977,25.5,0.1833,0.199,0.773,0.31595,129.3,824.5,102.6,811.2,156.1,837.8,13,0.161,0
11,-55.06,-342.755,260.102,0.599,0.8005,0.0202,0.8946,-0.4414,0.0694,0.0656,-0.0238,-0.9976,25.5,0.1839,0.251,0.714,0.40269,130.6,822.7,104.1,809.1,157.3,836.3,14,0.446,0
12,-53.88,-341.203,260.147,0.6106,0.7915,0.0266,0.8893,-0.4518,0.0706,0.0691,-0.0198,-0.9974,25.5,0.1873,0.305,0.672,0.47061,132.0,820.9,105.6,807.0,158.5,834.8,15,0.82,0
13,-52.682,-339.666,260.205,0.6186,0.785,0.0328,0.8841,-0.4618,0.0717,0.0727,-0.0157,-0.9972,25.5,0.1867,0.313,0.649,0.35349,133.4,819.1,107.2,804.9,159.7,833.4,15,1.13,0
14,-51.468,-338.142,260.274,0.6268,0.7783,0.0377,0.879,-0.4712,0.0728,0.0758,-0.0127,-0.997,25.5,0.187,0.247,0.616,0.34286,134.8,817.3,108.7,802.8,161.0,831.9,16,0.676,0
15,-50.238,-336.631,260.352,0.6349,0.7715,0.0413,0.874,-0.4802,0.0739,0.0782,-0.011,-0.9969,25.5,0.1875,0.169,0.593,0.32829,136.3,815.6,110.3,800.8,162.3,830.4,17,0.15,0
16,-48.992,-335.134,260.435,0.6427,0.7649,0.0436,0.8692,-0.4888,0.0749,0.08,-0.0104,-0.9967,25.5,0.188,0.109,0.567,0.30777,137.7,813.9,111.9,798.8,163.6,828.9,18,0.436,0
17,-47.731,-333.648,260.521,0.6501,0.7585,0.0445,0.8645,-0.4969,0.0758,0.0811,-0.011,-0.9966,25.5,0.1885,0.072,0.539,0.28869,139.2,812.1,113.5,796.9,164.9,827.5,19,1.058,0
18,-46.457,-332.176,260.607,0.657,0.7526,0.0442,0.8599,-0.5047,0.0767,0.0815,-0.0126,-0.9966,25.5,0.1885,0.094,0.521,0.26696,140.7,810.4,115.1,794.9,166.3,826.0,19,0.892,0
19,-45.17,-330.714,260.695,0.664,0.7462,0.0473,0.8555,-0.512,0.0776,0.0837,-0.0113,-0.9964,25.5,0.1897,0.147,0.491,0.29323,142.2,808.8,116.8,793.0,167.7,824.5,20,0.252,0
20,-43.868,-329.265,260.792,0.6706,0.74,0.0518,0.8512,-0.5189,0.0785,0.0866,-0.0087,-0.9962,25.5,0.1909,0.223,0.469,0.29711,143.7,807.1,118.4,791.1,169.0,823.1,21,0.383,0
21,-42.555,-327.828,260.896,0.6765,0.7345,0.054,0.8471,-0.5255,0.0794,0.0883,-0.008,-0.9961,25.5,0.1914,0.105,0.448,0.24566,145.2,805.4,120.1,789.3,170.5,821.6,22,0.993,0
22,-41.23,-326.4,261.001,0.6818,0.7295,0.0542,0.8431,-0.5317,0.0802,0.089,-0.0092,-0.996,25.5,0.1913,0.08,0.425,0.21417,146.8,803.8,121.7,787.4,171.9,820.2,22,0.957,0
23,-39.896,-324.982,261.106,0.6867,0.7251,0.0524,0.8393,-0.5376,0.081,0.0886,-0.0119,-0.996,25.5,0.1908,0.156,0.405,0.20059,148.3,802.2,123.4,785.6,173.3,818.7,23,0.394,0
24,-38.552,-323.572,261.204,0.6912,0.721,0.0487,0.8355,-0.5433,0.0819,0.0871,-0.0162,-0.9961,25.5,0.1898,0.261,0.396,0.20932,149.9,800.5,125.1,783.8,174.8,817.3,24,0.104,0
25,-37.2,-322.17,261.294,0.6954,0.7173,0.0432,0.8318,-0.5488,0.0828,0.0846,-0.022,-0.9962,25.5,0.1884,0.362,0.383,0.23058,151.5,798.9,126.8,782.0,176.3,815.8,25,0.51,0
26,-35.84,-320.775,261.372,0.6994,0.7138,0.0356,0.8282,-0.5541,0.0837,0.0809,-0.0295,-0.9963,25.5,0.1867,0.479,0.371,0.27252,153.1,797.3,128.5,780.3,177.8,814.4,26,0.814,0
27,-34.473,-319.387,261.433,0.7043,0.7093,0.029,0.8247,-0.5592,0.0846,0.0776,-0.0363,-0.9963,25.5,0.1866,0.433,0.358,0.27539,154.7,795.7,130.2,778.5,179.2,812.9,27,1.019,0
28,-33.094,-318.009,261.487,0.7102,0.7036,0.0263,0.8212,-0.5642,0.0856,0.0764,-0.0399,-0.9963,25.5,0.1885,0.217,0.354,0.25376,156.3,794.1,131.9,776.7,180.8,811.5,27,0.931,0
29,-31.704,-316.642,261.535,0.7151,0.6986,0.0227,0.8177,-0.5691,0.0866,0.0748,-0.0441,-0.9962,25.5,0.1891,0.258,0.35,0.2313,157.9,792.5,133.6,775.0,182.3,810.0,28,0.822,0
30,-30.305,-315.284,261.575,0.7192,0.6946,0.0184,0.8142,-0.5739,0.0876,0.0727,-0.049,-0.9962,25.5,0.1886,0.305,0.345,0.21045,159.5,790.9,135.3,773.3,183.8,808.6,29,0.802,0
31,-28.9,-313.933,261.606,0.7224,0.6913,0.0132,0.8108,-0.5786,0.0888,0.0703,-0.0543,-0.996,25.5,0.1869,0.334,0.339,0.20394,161.2,789.3,137.1,771.6,185.4,807.2,30,0.868,0
32,-27.489,-312.588,261.626,0.7248,0.6889,0.0073,0.8073,-0.5833,0.0899,0.0674,-0.0603,-0.9959,25.5,0.184,0.382,0.342,0.20001,162.8,787.8,138.8,769.9,186.9,805.8,32,0.716,0
33,-26.074,-311.246,261.634,0.7264,0.6873,0.0006,0.8038,-0.5879,0.0911,0.064,-0.0668,-0.9957,25.5,0.1799,0.42,0.338,0.2078,164.5,786.2,140.6,768.1,188.5,804.3,33,0.425,0
34,-24.657,-309.907,261.628,0.7271,0.6865,-0.0069,0.8002,-0.5926,0.0924,0.0603,-0.0739,-0.9954,25.5,0.1744,0.459,0.347,0.22258,166.1,784.6,142.4,766.4,190.0,802.9,34,0.069,0
35,-23.239,-308.568,261.607,0.727,0.6864,-0.0153,0.7965,-0.5973,0.0938,0.0561,-0.0815,-0.9951,25.5,0.1676,0.498,0.352,0.24687,167.8,783.1,144.1,764.7,191.6,801.5,35,0.347,0
36,-21.821,-307.23,261.566,0.7269,0.6862,-0.0267,0.7928,-0.602,0.0952,0.0499,-0.0916,-0.9945,25.5,0.1607,0.68,0.352,0.33506,169.5,781.5,145.9,763.0,193.1,800.1,37,0.632,0
37,-20.404,-305.893,261.504,0.7275,0.6852,-0.0362,0.789,-0.6068,0.0967,0.0448,-0.1001,-0.994,25.5,0.1547,0.569,0.361,0.28125,171.1,779.9,147.7,761.3,194.7,798.6,38,0.092,0
38,-18.984,-304.558,261.426,0.7287,0.6835,-0.0435,0.7851,-0.6116,0.0982,0.041,-0.107,-0.9934,25.5,0.1498,0.453,0.365,0.22304,172.8,778.3,149.4,759.5,196.2,797.2,39,0.476,0
39,-17.562,-303.228,261.336,0.7305,0.6812,-0.0487,0.7811,-0.6164,0.0998,0.0384,-0.1122,-0.9929,25.5,0.1458,0.334,0.37,0.17524,174.5,776.8,151.2,757.8,197.8,795.8,41,0.294,0
40,-16.135,-301.902,261.237,0.7331,0.6782,-0.0518,0.7769,-0.6213,0.1014,0.037,-0.1158,-0.9926,25.5,0.1429,0.222,0.381,0.148,176.1,775.2,153.0,756.1,199.3,794.3,42,0.306,0
41,-14.702,-300.584,261.135,0.7364,0.6745,-0.0528,0.7727,-0.6263,0.1031,0.0368,-0.1179,-0.9923,25.5,0.1411,0.122,0.387,0.14861,177.8,773.6,154.8,754.4,200.9,792.9,44,0.456,0
42,-13.263,-299.272,261.033,0.7403,0.6702,-0.0517,0.7684,-0.6313,0.1047,0.0379,-0.1184,-0.9922,25.5,0.1403,0.069,0.389,0.17361,179.5,772.1,156.6,752.7,202.4,791.5,45,0.135,0
43,-11.815,-297.97,260.935,0.7451,0.6652,-0.0485,0.764,-0.6364,0.1063,0.0402,-0.1175,-0.9923,25.5,0.1408,0.142,0.397,0.22433,181.2,770.5,158.5,751.0,204.0,790.1,47,0.667,0
44,-10.357,-296.679,260.844,0.75,0.6598,-0.046,0.7595,-0.6415,0.1079,0.0421,-0.1171,-0.9922,25.5,0.1414,0.111,0.4,0.22652,182.9,769.0,160.3,749.3,205.6,788.8,48,0.108,0
45,-8.891,-295.396,260.751,0.7537,0.6554,-0.0495,0.7549,-0.6466,0.1095,0.0402,-0.1211,-0.9918,25.5,0.1398,0.255,0.404,0.19777,184.6,767.5,162.1,747.6,207.1,787.4,49,0.438,0
46,-7.418,-294.123,260.652,0.7572,0.6511,-0.0514,0.7502,-0.6519,0.1111,0.0392,-0.1239,-0.9915,25.5,0.1379,0.171,0.416,0.1722,186.3,766.0,164.0,745.9,208.7,786.1,51,0.467,0
47,-5.938,-292.857,260.551,0.7607,0.6471,-0.0518,0.7453,-0.6572,0.1126,0.0392,-0.1255,-0.9913,25.5,0.1358,0.092,0.422,0.1566,188.1,764.4,165.9,744.3,210.3,784.7,52,0.045,0
48,-4.451,-291.599,260.451,0.764,0.6432,-0.0507,0.7403,-0.6625,0.1141,0.0402,-0.1258,-0.9912,25.5,0.1337,0.06,0.426,0.15355,189.8,763.0,167.8,742.6,211.9,783.4,53,0.522,0
49,-2.958,-290.349,260.354,0.7673,0.6395,-0.048,0.7351,-0.668,0.1156,0.0422,-0.1251,-0.9913,25.5,0.1313,0.121,0.442,0.16588,191.5,761.5,169.7,740.9,213.5,782.1,55,0.487,0
50,-1.459,-289.105,260.265,0.7705,0.6359,-0.0437,0.7297,-0.6736,0.117,0.0454,-0.1231,-0.9914,25.5,0.1288,0.216,0.453,0.18972,193.3,760.0,171.6,739.3,215.1,780.8,56,0.03,0
51,0.047,-287.868,260.185,0.7737,0.6324,-0.0376,0.7242,-0.6793,0.1185,0.0498,-0.1198,-0.9915,25.5,0.1263,0.315,0.462,0.22704,195.1,758.5,173.5,737.7,216.7,779.5,57,0.423,0
52,1.558,-286.639,260.12,0.7769,0.629,-0.0296,0.7185,-0.6852,0.1198,0.0555,-0.1152,-0.9918,25.5,0.1237,0.42,0.476,0.27217,196.8,757.1,175.4,736.0,218.3,778.2,59,0.639,0
53,3.076,-285.416,260.069,0.7798,0.6256,-0.0225,0.7125,-0.6911,0.1212,0.0607,-0.1113,-0.9919,25.5,0.1205,0.372,0.489,0.24652,198.6,755.6,177.4,734.4,219.9,777.0,60,0.199,0
54,4.6,-284.199,260.031,0.7829,0.6219,-0.0166,0.7063,-0.6973,0.1225,0.065,-0.1084,-0.992,25.5,0.1173,0.297,0.508,0.224,200.4,754.2,179.4,732.8,221.5,775.7,61,0.24,0
55,6.129,-282.991,260.004,0.7863,0.6177,-0.0115,0.6998,-0.7035,0.1237,0.0688,-0.106,-0.992,25.5,0.1143,0.258,0.519,0.21835,202.2,752.8,181.3,731.2,223.1,774.5,62,0.679,0
56,7.666,-281.791,259.986,0.7899,0.6132,-0.007,0.6931,-0.7099,0.1249,0.0721,-0.1042,-0.9919,25.5,0.1113,0.215,0.535,0.21485,204.0,751.4,183.3,729.6,224.7,773.3,64,0.386,0
57,9.21,-280.6,259.976,0.7938,0.6082,-0.0034,0.6862,-0.7164,0.1261,0.0747,-0.1031,-0.9919,25.5,0.1086,0.162,0.547,0.21427,205.8,750.0,185.3,728.0,226.3,772.1,65,0.064,0
58,10.762,-279.419,259.972,0.7979,0.6027,-0.0007,0.6789,-0.7231,0.1273,0.0767,-0.1026,-0.9918,25.5,0.1058,0.118,0.572,0.21663,207.6,748.6,187.4,726.4,227.9,770.9,66,0.518,0
59,12.322,-278.25,259.973,0.8023,0.5969,0.0013,0.6714,-0.7299,0.1284,0.078,-0.1027,-0.9916,25.5,0.1032,0.075,0.583,0.22184,209.4,747.2,189.4,724.8,229.5,769.7,68,0.5,0
60,13.891,-277.092,259.977,0.8069,0.5907,0.0032,0.6635,-0.7369,0.1295,0.0793,-0.1029,-0.9915,25.5,0.1005,0.076,0.608,0.23361,211.2,745.9,191.5,723.3,231.1,768.6,69,0.02,0
61,15.468,-275.945,259.989,0.8108,0.5852,0.0092,0.6554,-0.7439,0.1306,0.0837,-0.1003,-0.9914,25.5,0.0973,0.293,0.617,0.26523,213.1,744.6,193.5,721.7,232.7,767.5,70,0.471,0
62,17.053,-274.81,260.012,0.815,0.5793,0.0136,0.6469,-0.7512,0.1317,0.0869,-0.099,-0.9913,25.5,0.0938,0.198,0.645,0.249,214.9,743.2,195.6,720.2,234.3,766.4,72,0.458,0
63,18.646,-273.686,260.041,0.8193,0.5731,0.0163,0.638,-0.7585,0.1327,0.0887,-0.0988,-0.9911,25.5,0.0902,0.104,0.662,0.23549,216.8,741.9,197.8,718.7,235.9,765.3,73,0.075,0
64,20.248,-272.575,260.074,0.8238,0.5666,0.0171,0.6288,-0.7659,0.1338,0.0893,-0.0998,-0.991,25.5,0.0863,0.067,0.679,0.2335,218.7,740.6,199.9,717.1,237.5,764.2,74,0.623,0
65,21.859,-271.477,260.106,0.8284,0.5599,0.0162,0.6193,-0.7735,0.1348,0.0883,-0.102,-0.9909,25.5,0.0821,0.139,0.699,0.24028,220.6,739.4,202.1,715.6,239.1,763.2,76,0.175,0
66,23.479,-270.392,260.136,0.8331,0.553,0.0134,0.6093,-0.7812,0.1359,0.0859,-0.1054,-0.9907,25.5,0.0774,0.239,0.726,0.25875,222.4,738.1,204.3,714.1,240.7,762.1,77,0.43,0
67,25.108,-269.32,260.158,0.8375,0.5463,0.0097,0.599,-0.7889,0.137,0.0827,-0.1092,-0.9906,25.5,0.072,0.285,0.74,0.25936,224.4,736.8,206.5,712.7,242.3,761.1,79,0.25,0
68,26.745,-268.261,260.176,0.8414,0.5404,0.0089,0.5883,-0.7967,0.1382,0.082,-0.1112,-0.9904,25.5,0.0657,0.122,0.762,0.20916,226.3,735.6,208.7,711.2,243.9,760.1,80,0.417,0
69,28.389,-267.214,260.192,0.8458,0.5334,0.008,0.5775,-0.8044,0.1393,0.0809,-0.1134,-0.9902,25.5,0.0605,0.141,0.763,0.2444,228.2,734.4,210.9,709.7,245.5,759.1,82,0.132,0
70,30.043,-266.181,260.207,0.8506,0.5258,0.0069,0.5668,-0.8118,0.1405,0.0796,-0.1157,-0.9901,25.5,0.0562,0.151,0.749,0.26612,230.1,733.2,213.2,708.3,247.1,758.2,84,0.586,0
71,31.706,-265.164,260.219,0.8554,0.5179,0.0058,0.5565,-0.8187,0.1416,0.0782,-0.1181,-0.9899,25.5,0.0528,0.16,0.713,0.27355,232.1,732.0,215.4,706.9,248.8,757.2,85,0.197,0
72,33.378,-264.162,260.23,0.8602,0.51,0.0046,0.5468,-0.825,0.1428,0.0767,-0.1205,-0.9897,25.5,0.0503,0.163,0.666,0.27396,234.0,730.8,217.7,705.6,250.5,756.2,87,0.133,0
73,35.061,-263.174,260.238,0.8646,0.5025,0.0035,0.538,-0.8305,0.144,0.0753,-0.1227,-0.9896,25.5,0.0483,0.149,0.599,0.25746,236.0,729.7,219.9,704.2,252.2,755.2,89,0.396,0
74,36.75,-262.202,260.243,0.8689,0.495,0.0025,0.5304,-0.8353,0.1451,0.074,-0.1249,-0.9894,25.5,0.0478,0.147,0.519,0.25578,238.0,728.5,222.1,703.0,253.9,754.2,90,0.466,0
75,38.448,-261.244,260.247,0.873,0.4878,0.0017,0.524,-0.8391,0.1463,0.0729,-0.1269,-0.9892,25.5,0.0484,0.131,0.432,0.24464,239.9,727.4,224.3,701.7,255.7,753.2,92,0.271,0
76,40.154,-260.299,260.25,0.8763,0.4817,0.001,0.5189,-0.842,0.1474,0.0719,-0.1288,-0.9891,25.5,0.0493,0.123,0.342,0.20481,241.9,726.3,226.4,700.5,257.6,752.2,94,0.091,0
77,41.866,-259.365,260.251,0.8792,0.4765,0.0002,0.515,-0.8442,0.1485,0.0711,-0.1306,-0.9889,25.5,0.0506,0.113,0.264,0.17649,243.9,725.2,228.5,699.4,259.5,751.2,96,0.169,0
78,43.582,-258.44,260.251,0.8817,0.4719,-0.0005,0.5123,-0.8457,0.1496,0.0703,-0.1324,-0.9887,25.5,0.0525,0.113,0.188,0.1552,246.0,724.1,230.6,698.2,261.4,750.2,98,0.505,0
79,45.304,-257.524,260.249,0.8838,0.4678,-0.0013,0.5107,-0.8465,0.1507,0.0695,-0.1341,-0.9885,25.5,0.0552,0.108,0.12,0.13735,248.0,723.1,232.6,697.2,263.4,749.1,99,0.258,0
80,47.029,-256.615,260.246,0.8858,0.464,-0.0021,0.5101,-0.8466,0.1517,0.0687,-0.1357,-0.9884,25.5,0.0587,0.103,0.067,0.12834,250.0,722.0,234.7,696.1,265.4,748.1,101,0.358,0
81,48.758,-255.714,260.241,0.8876,0.4606,-0.003,0.5105,-0.8462,0.1527,0.0679,-0.1373,-0.9882,25.5,0.0629,0.103,0.066,0.11609,252.0,721.0,236.7,695.0,267.4,747.0,102,0.241,0
82,50.491,-254.819,260.234,0.8893,0.4574,-0.004,0.5119,-0.8452,0.1536,0.067,-0.1389,-0.988,25.5,0.068,0.106,0.111,0.11044,254.0,719.9,238.7,694.0,269.5,745.9,104,0.744,0
83,52.227,-253.93,260.225,0.8908,0.4544,-0.005,0.5141,-0.8437,0.1544,0.0661,-0.1405,-0.9879,25.5,0.0738,0.105,0.159,0.10282,256.1,718.9,240.6,693.0,271.6,744.8,105,0.374,0
84,53.967,-253.053,260.218,0.8953,0.4455,-0.0021,0.517,-0.8418,0.1551,0.0676,-0.1405,-0.9878,25.5,0.0875,0.086,0.203,0.30532,258.1,717.8,242.6,692.1,273.7,743.8,106,0.095,0
85,55.717,-252.192,260.216,0.899,0.4379,-0.0002,0.5207,-0.8394,0.1558,0.0684,-0.1408,-0.9877,25.5,0.1005,0.049,0.256,0.25456,260.1,716.8,244.5,691.1,275.9,742.7,107,0.102,0
86,57.472,-251.343,260.216,0.9016,0.4326,0.0001,0.525,-0.8366,0.1563,0.0681,-0.1418,-0.9876,25.5,0.1114,0.06,0.295,0.17368,262.2,715.8,246.4,690.2,278.1,741.6,108,0.191,0
87,59.232,-250.503,260.215,0.9032,0.4292,-0.0013,0.5299,-0.8335,0.1568,0.0667,-0.1433,-0.9874,25.5,0.1207,0.118,0.333,0.11783,264.2,714.9,248.3,689.3,280.3,740.5,109,0.181,0
88,60.994,-249.668,260.21,0.9038,0.4279,-0.0042,0.5352,-0.83,0.1571,0.0643,-0.1455,-0.9873,25.5,0.1279,0.187,0.364,0.09502,266.3,713.9,250.2,688.4,282.5,739.5,110,0.074,0
89,62.756,-248.833,260.198,0.9034,0.4287,-0.009,0.5408,-0.8263,0.1574,0.0606,-0.1484,-0.9871,25.5,0.1329,0.27,0.385,0.14348,268.4,712.9,252.1,687.6,284.7,738.4,111,0.137,0
90,64.517,-247.995,260.174,0.9019,0.4317,-0.0156,0.5468,-0.8223,0.1576,0.0557,-0.1521,-0.9868,25.5,0.1357,0.352,0.413,0.21752,270.4,711.9,254.0,686.7,287.0,737.3,112,0.432,0
91,66.273,-247.148,260.135,0.899,0.4372,-0.0246,0.5529,-0.8182,0.1577,0.0493,-0.1568,-0.9864,25.5,0.1355,0.456,0.421,0.32138,272.5,710.9,255.8,685.8,289.2,736.1,113,0.819,0
92,68.022,-246.288,260.076,0.8945,0.4456,-0.0363,0.5591,-0.814,0.1577,0.0411,-0.1628,-0.9858,25.5,0.1317,0.583,0.429,0.44343,274.5,709.9,257.7,685.0,291.4,735.0,113,1.131,0
93,69.763,-245.413,259.996,0.8921,0.4496,-0.0442,0.5654,-0.8096,0.1576,0.0354,-0.1671,-0.9853,25.5,0.1334,0.41,0.44,0.26963,276.5,708.9,259.5,684.1,293.7,733.8,114,0.656,0
94,71.501,-244.535,259.904,0.8906,0.4519,-0.0511,0.5717,-0.8052,0.1574,0.0303,-0.171,-0.9848,25.5,0.1372,0.369,0.44,0.21821,278.6,707.8,261.4,683.1,295.9,732.6,115,0.098,0
95,73.235,-243.651,259.796,0.8884,0.4552,-0.0595,0.578,-0.8008,0.1571,0.0241,-0.1757,-0.9842,25.5,0.1396,0.447,0.441,0.27302,280.6,706.8,263.2,682.2,298.1,731.4,116,0.546,0
96,74.965,-242.759,259.671,0.8855,0.4594,-0.0694,0.5843,-0.7962,0.1567,0.0169,-0.1811,-0.9833,25.5,0.1407,0.518,0.448,0.32725,282.6,705.7,265.0,681.3,300.3,730.2,117,1.267,0
97,76.688,-241.858,259.524,0.8817,0.4648,-0.0809,0.5907,-0.7916,0.1562,0.0086,-0.1874,-0.9822,25.5,0.1402,0.6,0.453,0.38969,284.6,704.6,266.8,680.4,302.5,729.0,117,0.683,0
98,78.403,-240.946,259.354,0.877,0.4712,-0.0943,0.5971,-0.7869,0.1557,-0.0009,-0.1947,-0.9809,25.5,0.1382,0.69,0.456,0.45769,286.6,703.5,268.6,679.4,304.7,727.8,118,0.107,0
99,80.107,-240.02,259.156,0.8711,0.4787,-0.1095,0.6035,-0.7821,0.155,-0.0116,-0.2029,-0.9791,25.5,0.1343,0.779,0.46,0.5274,288.6,702.4,270.4,678.5,306.9,726.5,119,0.958,0
100,81.8,-239.079,258.928,0.8653,0.4858,-0.1234,0.61,-0.7772,0.1542,-0.0212,-0.2105,-0.9774,25.5,0.1312,0.708,0.469,0.48928,290.6,701.3,272.2,677.5,309.0,725.2,119,0.992,0
101,83.481,-238.126,258.674,0.8594,0.4924,-0.1376,0.6166,-0.7722,0.1533,-0.0311,-0.2184,-0.9754,25.5,0.1286,0.735,0.477,0.49177,292.5,700.1,273.9,676.5,311.2,723.9,120,0.09,0
102,85.151,-237.159,258.39,0.8528,0.4992,-0.1535,0.6231,-0.7672,0.1522,-0.0421,-0.2273,-0.9729,25.5,0.125,0.823,0.474,0.5439,294.4,698.9,275.7,675.4,313.3,722.5,121,0.857,0
103,86.806,-236.179,258.074,0.8453,0.5061,-0.1711,0.6297,-0.762,0.1511,-0.0543,-0.2372,-0.9699,25.5,0.1208,0.916,0.486,0.5976,296.3,697.7,277.4,674.4,315.4,721.2,121,1.093,0
104,88.447,-235.185,257.722,0.837,0.513,-0.1903,0.6362,-0.7568,0.1499,-0.0676,-0.2482,-0.9664,25.5,0.1157,1.009,0.482,0.64727,298.2,696.5,279.1,673.4,317.5,719.8,122,0.11,0
105,90.07,-234.178,257.331,0.8279,0.5197,-0.211,0.6427,-0.7516,0.1485,-0.0819,-0.2601,-0.9621,25.5,0.1102,1.094,0.484,0.69307,300.1,695.3,280.8,672.3,319.5,718.4,123,0.906,0
106,91.675,-233.158,256.901,0.8181,0.5268,-0.2305,0.6492,-0.7463,0.147,-0.0951,-0.2714,-0.9578,25.5,0.1041,1.026,0.488,0.67439,301.9,694.0,282.4,671.2,321.6,716.9,123,1.044,0
107,93.26,-232.124,256.431,0.8073,0.5338,-0.2515,0.6556,-0.741,0.1454,-0.1092,-0.2836,-0.9527,25.5,0.0972,1.108,0.485,0.72379,303.8,692.7,284.1,670.1,323.6,715.4,124,0.012,0
108,94.823,-231.076,255.919,0.7957,0.5405,-0.2735,0.662,-0.7356,0.1437,-0.124,-0.2966,-0.9469,25.5,0.0899,1.177,0.49,0.7569,305.5,691.4,285.7,668.9,325.5,714.0,125,1.061,0
109,96.362,-230.016,255.364,0.7832,0.5467,-0.2963,0.6683,-0.7303,0.1419,-0.1393,-0.3102,-0.9404,25.5,0.0821,1.231,0.483,0.78551,307.3,690.1,287.2,667.8,327.5,712.4,125,0.889,0
110,97.876,-228.945,254.764,0.77,0.5524,-0.3193,0.6745,-0.7249,0.14,-0.1546,-0.324,-0.9333,25.5,0.0742,1.249,0.483,0.79708,309.0,688.7,288.8,666.6,329.4,710.9,126,0.192,0
111,99.364,-227.862,254.119,0.7561,0.5582,-0.3416,0.6806,-0.7196,0.1379,-0.1692,-0.3375,-0.926,25.5,0.0658,1.214,0.478,0.79079,310.7,687.3,290.3,665.4,331.2,709.4,127,1.283,0
112,100.825,-226.768,253.431,0.7415,0.5634,-0.3642,0.6866,-0.7142,0.1358,-0.184,-0.3514,-0.918,25.5,0.0573,1.25,0.478,0.8053,312.4,685.9,291.8,664.2,333.0,707.8,127,0.667,0
113,102.256,-225.665,252.698,0.7262,0.568,-0.3874,0.6926,-0.7089,0.1335,-0.199,-0.3657,-0.9092,25.5,0.0486,1.29,0.477,0.82777,314.0,684.5,293.2,663.0,334.8,706.2,128,0.43,0
114,103.656,-224.554,251.92,0.7098,0.5719,-0.4112,0.6983,-0.7036,0.1312,-0.2145,-0.3806,-0.8995,25.5,0.0393,1.351,0.465,0.85704,315.5,683.1,294.6,661.7,336.5,704.6,128,1.52,0
115,105.023,-223.435,251.095,0.6925,0.5755,-0.4351,0.704,-0.6984,0.1288,-0.2299,-0.3957,-0.8892,25.5,0.0295,1.369,0.463,0.87347,317.1,681.7,296.0,660.5,338.2,703.0,129,0.422,0
116,106.356,-222.31,250.224,0.6744,0.5788,-0.4585,0.7095,-0.6933,0.1263,-0.2448,-0.4106,-0.8784,25.5,0.0193,1.357,0.453,0.87469,318.5,680.2,297.3,659.2,339.9,701.3,130,0.673,0
117,107.652,-221.178,249.306,0.6552,0.5814,-0.4825,0.7149,-0.6882,0.1238,-0.2601,-0.426,-0.8665,25.5,0.0085,1.418,0.449,0.90639,320.0,678.8,298.6,657.9,341.4,699.7,130,1.277,0
118,108.91,-220.043,248.342,0.6347,0.5832,-0.507,0.7201,-0.6832,0.1212,-0.2757,-0.442,-0.8536,25.5,0.0028,1.478,0.439,0.94026,321.3,677.3,299.8,656.6,342.9,698.0,131,0.189,0
119,110.127,-218.905,247.329,0.6129,0.5841,-0.5321,0.7251,-0.6783,0.1186,-0.2917,-0.4586,-0.8394,25.5,0.0149,1.551,0.428,0.97733,322.7,675.8,301.0,655.3,344.4,696.4,132,0.891,1
120,111.3,-217.765,246.268,0.5902,0.585,-0.5563,0.73,-0.6735,0.116,-0.3069,-0.4747,-0.8249,25.5,0.0277,1.516,0.42,0.97543,323.9,674.3,302.2,654.0,345.8,694.7,132,1.06,1
121,112.428,-216.624,245.159,0.5667,0.5849,-0.5803,0.7346,-0.6689,0.1134,-0.3221,-0.491,-0.8094,25.5,0.0407,1.555,0.401,0.98712,325.2,672.8,303.3,652.6,347.1,693.1,133,0.019,1
122,113.51,-215.485,244.005,0.5429,0.5837,-0.6037,0.7391,-0.6644,0.1108,-0.3369,-0.5071,-0.7933,25.5,0.0534,1.556,0.394,0.9815,326.3,671.3,304.3,651.3,348.4,691.4,134,1.066,1
123,114.545,-214.348,242.806,0.5196,0.5816,-0.6259,0.7434,-0.6601,0.1083,-0.3509,-0.5227,-0.777,25.5,0.0654,1.521,0.377,0.94779,327.4,669.8,305.3,649.9,349.6,689.7,134,0.884,1
124,115.536,-213.217,241.565,0.4964,0.5795,-0.6463,0.7474,-0.6559,0.1058,-0.3637,-0.5372,-0.761,25.5,0.0775,1.438,0.362,0.91001,328.5,668.3,306.2,648.6,350.7,688.1,135,0.159,1
125,116.482,-212.089,240.286,0.4734,0.5768,-0.6657,0.7512,-0.6519,0.1034,-0.3758,-0.5512,-0.7449,25.5,0.0892,1.405,0.345,0.88776,329.4,666.8,307.1,647.2,351.8,686.4,136,1.18,1
126,117.382,-210.968,238.97,0.4505,0.5732,-0.6845,0.7548,-0.6481,0.1011,-0.3877,-0.565,-0.7283,25.5,0.1007,1.412,0.328,0.87706,330.4,665.3,308.0,645.9,352.8,684.8,136,0.77,1
127,118.238,-209.854,237.617,0.4275,0.5685,-0.7029,0.7581,-0.6446,0.0988,-0.3993,-0.5788,-0.711,25.5,0.1118,1.432,0.306,0.8765,331.2,663.8,308.8,644.5,353.8,683.1,137,0.228,1
128,119.049,-208.751,236.229,0.4042,0.563,-0.7209,0.7613,-0.6412,0.0967,-0.4109,-0.5924,-0.693,25.5,0.123,1.454,0.293,0.8802,332.0,662.3,309.5,643.1,354.6,681.5,138,1.195,1
129,119.816,-207.658,234.808,0.3821,0.5586,-0.7362,0.7642,-0.638,0.0948,-0.4205,-0.6043,-0.6768,25.5,0.1342,1.276,0.27,0.80036,332.8,660.8,310.2,641.8,355.5,679.9,138,0.755,1
130,120.539,-206.574,233.358,0.3594,0.553,-0.7517,0.7669,-0.635,0.093,-0.4305,-0.6164,-0.6593,25.5,0.1454,1.347,0.253,0.8243,333.5,659.4,310.9,640.4,356.2,678.4,139,0.176,1
131,121.217,-205.502,231.877,0.3361,0.5461,-0.7673,0.7694,-0.6322,0.0914,-0.4407,-0.6288,-0.6406,25.5,0.1568,1.412,0.234,0.84861,334.2,657.9,311.5,639.1,356.9,676.8,140,1.061,1
132,121.849,-204.445,230.365,0.3121,0.538,-0.783,0.7716,-0.6297,0.09,-0.4511,-0.6415,-0.6205,25.5,0.1684,1.487,0.207,0.87578,334.7,656.5,312.0,637.7,357.5,675.3,140,0.888,1
133,122.434,-203.405,228.823,0.2874,0.5289,-0.7985,0.7737,-0.6273,0.0888,-0.4615,-0.6541,-0.5993,25.5,0.1803,1.534,0.195,0.89774,335.3,655.0,312.5,636.4,358.1,673.7,141,0.054,1
134,122.97,-202.38,227.253,0.2631,0.5213,-0.8118,0.7755,-0.6252,0.088,-0.4705,-0.6652,-0.5797,25.5,0.1933,1.39,0.165,0.8441,335.7,653.6,312.9,635.1,358.6,672.2,142,0.723,1
135,123.46,-201.372,225.658,0.2402,0.5128,-0.8242,0.7771,-0.6233,0.0874,-0.4791,-0.6758,-0.5601,25.5,0.205,1.369,0.146,0.80504,336.2,652.3,313.3,633.8,359.1,670.8,142,1.226,1
136,123.907,-200.381,224.039,0.2185,0.5035,-0.8359,0.7784,-0.6216,0.0872,-0.4872,-0.6859,-0.5405,25.5,0.2158,1.346,0.123,0.77428,336.5,650.9,313.7,632.5,359.4,669.3,143,0.508,1
137,124.313,-199.409,222.399,0.1981,0.4935,-0.8469,0.7796,-0.6202,0.0873,-0.4949,-0.6955,-0.521,25.5,0.2256,1.321,0.106,0.74181,336.8,649.5,314.0,631.2,359.8,667.9,144,0.15,1
138,124.681,-198.457,220.737,0.1791,0.4828,-0.8572,0.7805,-0.6189,0.0879,-0.5021,-0.7044,-0.5016,25.5,0.2344,1.291,0.097,0.70864,337.1,648.2,314.3,629.9,360.0,666.5,145,0.743,1
139,125.01,-197.526,219.056,0.1578,0.4723,-0.8672,0.7812,-0.6179,0.0888,-0.5095,-0.7133,-0.4812,25.5,0.2456,1.344,0.087,0.75717,337.3,646.9,314.5,628.7,360.3,665.2,145,1.207,1
140,125.298,-196.615,217.356,0.1382,0.4626,-0.8758,0.7817,-0.6172,0.0902,-0.516,-0.7211,-0.4623,25.5,0.2565,1.229,0.094,0.6905,337.5,645.6,314.7,627.4,360.4,663.9,146,0.684,1
141,125.55,-195.722,215.641,0.1209,0.4532,-0.8832,0.7819,-0.6166,0.0921,-0.5217,-0.728,-0.4449,25.5,0.2663,1.121,0.115,0.61806,337.6,644.4,314.8,626.2,360.5,662.6,147,0.236,1
142,125.771,-194.847,213.912,0.1054,0.4438,-0.8899,0.7819,-0.6162,0.0946,-0.5267,-0.7341,-0.4286,25.5,0.2752,1.037,0.145,0.56787,337.7,643.1,314.9,625.0,360.6,661.3,148,0.133,1
143,125.962,-193.991,212.171,0.0912,0.4344,-0.8961,0.7816,-0.6161,0.0977,-0.5315,-0.7397,-0.4127,25.5,0.2839,1.004,0.179,0.53251,337.8,641.9,315.0,623.8,360.7,660.1,149,0.413,1
144,126.127,-193.154,210.418,0.0778,0.4245,-0.9021,0.7811,-0.6161,0.1016,-0.5361,-0.7451,-0.3968,25.5,0.2924,0.998,0.225,0.52033,337.8,640.7,315.1,622.6,360.7,658.9,150,0.601,1
145,126.263,-192.339,208.652,0.0614,0.4105,-0.9098,0.7803,-0.6163,0.1061,-0.5424,-0.7514,-0.3757,25.5,0.3016,1.312,0.262,0.6729,337.8,639.6,315.1,621.5,360.6,657.7,151,0.7,1
146,126.367,-191.552,206.871,0.0447,0.3975,-0.9165,0.7792,-0.6167,0.1116,-0.5484,-0.7571,-0.3551,25.5,0.3126,1.272,0.322,0.65231,337.8,638.4,315.1,620.3,360.5,656.6,152,0.711,1
147,126.439,-190.787,205.079,0.0295,0.3874,-0.9215,0.7778,-0.6173,0.1181,-0.5531,-0.7615,-0.3378,25.5,0.325,1.058,0.383,0.55601,337.7,637.3,315.1,619.2,360.4,655.5,153,0.634,1
148,126.482,-190.039,203.279,0.0154,0.3802,-0.9248,0.776,-0.6181,0.1258,-0.5568,-0.7649,-0.3238,25.5,0.3394,0.852,0.455,0.4752,337.6,636.2,315.0,618.1,360.2,654.5,154,0.472,1
149,126.5,-189.302,201.473,0.0022,0.3761,-0.9266,0.7737,-0.619,0.1349,-0.5595,-0.7675,-0.3129,25.5,0.3561,0.66,0.54,0.40955,337.5,635.2,315.0,617.0,360.0,653.4,155,0.227,1
150,126.492,-188.57,199.666,-0.0102,0.3752,-0.9269,0.7708,-0.6202,0.1456,-0.5613,-0.7693,-0.3052,25.5,0.3755,0.465,0.639,0.36539,337.3,634.1,314.9,615.9,359.8,652.4,156,0.102,1
151,126.453,-187.843,197.858,-0.0296,0.3704,-0.9284,0.7674,-0.6214,0.158,-0.5655,-0.7721,-0.29,25.5,0.3996,0.918,0.74,0.58901,337.1,633.1,314.8,614.8,359.5,651.4,157,0.512,1
152,126.378,-187.126,196.046,-0.0466,0.3644,-0.9301,0.7632,-0.6227,0.1723,-0.5698,-0.7744,-0.2749,25.5,0.4227,0.909,0.857,0.53209,336.8,632.0,314.7,613.7,359.1,650.5,159,0.385,1
153,126.274,-186.422,194.23,-0.0598,0.3579,-0.9318,0.7582,-0.624,0.1889,-0.5737,-0.7762,-0.2613,25.5,0.4447,0.817,0.996,0.43522,336.6,631.0,314.5,612.6,358.7,649.5,160,0.247,1
154,126.148,-185.731,192.411,-0.0691,0.3509,-0.9338,0.7522,-0.6252,0.2082,-0.5772,-0.7776,-0.2495,25.5,0.4658,0.71,1.16,0.34706,336.3,630.0,314.4,611.5,358.3,648.6,162,0.269,1
155,126.008,-185.054,190.588,-0.074,0.3433,-0.9363,0.745,-0.626,0.2302,-0.5801,-0.7785,-0.2396,25.5,0.4856,0.593,1.327,0.27569,335.9,629.0,314.3,610.4,357.8,647.7,163,0.52,1
156,125.854,-184.395,188.76,-0.0844,0.3323,-0.9394,0.7365,-0.6264,0.2553,-0.5855,-0.7794,-0.2231,25.5,0.5101,0.996,1.519,0.45408,335.6,628.0,314.1,609.4,357.2,646.8,165,0.257,1
157,125.678,-183.756,186.926,-0.096,0.3235,-0.9414,0.7267,-0.6261,0.2826,-0.5909,-0.7796,-0.2076,25.5,0.5383,0.94,1.662,0.43187,335.2,627.1,314.0,608.4,356.7,645.9,167,0.092,1
158,125.48,-183.131,185.089,-0.1075,0.318,-0.942,0.7158,-0.6251,0.3112,-0.5957,-0.7792,-0.1951,25.5,0.5689,0.768,1.755,0.37498,334.9,626.1,313.9,607.5,356.0,645.0,169,0.047,1
159,125.26,-182.513,183.253,-0.1179,0.3165,-0.9412,0.704,-0.6234,0.3402,-0.5992,-0.7786,-0.1867,25.5,0.6005,0.522,1.797,0.30966,334.5,625.2,313.8,606.5,355.3,644.1,171,0.213,1
160,125.021,-181.901,181.417,-0.1271,0.3105,-0.942,0.6918,-0.6209,0.3686,-0.6045,-0.7772,-0.1747,25.5,0.6279,0.756,1.777,0.32362,334.0,624.3,313.7,605.6,354.6,643.2,173,0.483,1
161,124.763,-181.3,179.58,-0.1378,0.3062,-0.9419,0.6792,-0.6178,0.3962,-0.6103,-0.7753,-0.1627,25.5,0.6559,0.771,1.748,0.33888,333.6,623.4,313.6,604.8,353.8,642.3,174,0.298,1
162,124.482,-180.705,177.745,-0.1503,0.3052,-0.9404,0.6664,-0.6142,0.4227,-0.6158,-0.773,-0.1525,25.5,0.6851,0.677,1.699,0.37112,333.1,622.5,313.5,603.9,353.0,641.4,176,0.231,1
163,124.176,-180.108,175.914,-0.1639,0.3074,-0.9373,0.6534,-0.6103,0.448,-0.6209,-0.7705,-0.1442,25.5,0.7146,0.576,1.645,0.41494,332.6,621.6,313.3,603.1,352.2,640.4,177,0.41,1
164,123.844,-179.506,174.09,-0.1758,0.309,-0.9347,0.6403,-0.6061,0.4718,-0.6264,-0.7676,-0.136,25.5,0.7408,0.59,1.575,0.361,332.1,620.7,313.2,602.3,351.3,639.5,179,0.4,1
165,123.49,-178.904,172.269,-0.1872,0.3093,-0.9324,0.6273,-0.6019,0.4943,-0.6332,-0.7636,-0.1262,25.5,0.7645,0.721,1.508,0.34182,331.6,619.8,313.0,601.5,350.5,638.5,180,0.1,1
166,123.114,-178.3,170.454,-0.1995,0.3095,-0.9297,0.6142,-0.5976,0.5154,-0.6415,-0.7585,-0.1149,25.5,0.7867,0.855,1.444,0.37009,331.0,619.0,312.7,600.7,349.5,637.5,181,0.553,1
167,122.712,-177.696,168.644,-0.2127,0.3097,-0.9267,0.6011,-0.5933,0.5354,-0.6515,-0.7518,-0.1017,25.5,0.8078,1.024,1.392,0.39783,330.4,618.1,312.5,599.9,348.6,636.6,183,0.631,1
168,122.283,-177.092,166.84,-0.2264,0.3099,-0.9234,0.588,-0.5891,0.5542,-0.663,-0.7436,-0.087,25.5,0.8274,1.168,1.335,0.41415,329.8,617.2,312.2,599.1,347.6,635.6,184,0.32,1
169,121.831,-176.488,165.042,-0.2377,0.3099,-0.9206,0.5749,-0.5851,0.572,-0.6748,-0.7344,-0.073,25.5,0.8446,1.174,1.287,0.34209,329.1,616.3,312.0,598.3,346.6,634.6,185,0.06,1
170,121.356,-175.884,163.25,-0.2499,0.3099,-0.9173,0.5618,-0.5813,0.5887,-0.6887,-0.7229,-0.0566,25.5,0.8606,1.397,1.235,0.37137,328.5,615.4,311.6,597.5,345.6,633.7,186,0.147,1
171,120.856,-175.28,161.465,-0.2631,0.31,-0.9136,0.5487,-0.5776,0.6044,-0.7047,-0.7085,-0.0375,25.5,0.8756,1.649,1.191,0.40286,327.8,614.6,311.3,596.7,344.5,632.7,187,0.3,1
172,120.33,-174.675,159.688,-0.277,0.31,-0.9095,0.5356,-0.5743,0.6191,-0.7229,-0.6907,-0.0153,25.5,0.8895,1.935,1.144,0.42585,327.0,613.7,310.9,595.9,343.5,631.8,188,0.395,1
173,119.776,-174.071,157.918,-0.2905,0.3099,-0.9053,0.5227,-0.5713,0.6328,-0.7428,-0.6695,0.0091,25.5,0.9018,2.175,1.092,0.41548,326.3,612.8,310.6,595.1,342.4,630.8,189,0.431,1
174,119.198,-173.467,156.157,-0.3022,0.3097,-0.9015,0.5099,-0.5686,0.6456,-0.7629,-0.6456,0.034,25.5,0.9122,2.289,1.049,0.3615,325.5,612.0,310.1,594.3,341.2,629.9,190,0.406,1
175,118.597,-172.863,154.403,-0.3143,0.3096,-0.8974,0.4971,-0.5663,0.6574,-0.7846,-0.6169,0.0619,25.5,0.9215,2.609,1.006,0.37545,324.7,611.1,309.7,593.5,340.1,629.0,191,0.318,1
176,117.972,-172.259,152.657,-0.3267,0.3094,-0.893,0.4845,-0.5643,0.6685,-0.8075,-0.5824,0.0936,25.5,0.9299,2.988,0.969,0.38667,323.9,610.2,309.2,592.7,338.9,628.1,192,0.171,1
177,117.322,-171.656,150.92,-0.3398,0.3093,-0.8882,0.4719,-0.5627,0.6788,-0.8312,-0.5406,0.1297,25.5,0.9373,3.444,0.937,0.40998,323.1,609.4,308.7,591.9,337.7,627.2,193,0.029,1
178,116.647,-171.053,149.194,-0.3535,0.3092,-0.8828,0.4593,-0.5614,0.6884,-0.8548,-0.4901,0.1707,25.5,0.9437,3.965,0.911,0.43273,322.2,608.5,308.2,591.1,336.5,626.3,194,0.276,1
179,115.946,-170.451,147.477,-0.3653,0.3088,-0.8782,0.4468,-0.5605,0.6973,-0.8753,-0.435,0.2112,25.5,0.9487,4.091,0.881,0.37235,321.3,607.7,307.7,590.3,335.2,625.4,195,0.564,1
180,115.222,-169.849,145.769,-0.3775,0.3084,-0.8731,0.4342,-0.5599,0.7057,-0.8929,-0.371,0.255,25.5,0.9527,4.558,0.868,0.38872,320.4,606.8,307.1,589.5,333.9,624.6,196,0.886,1
181,114.473,-169.248,144.072,-0.3902,0.3081,-0.8676,0.4216,-0.5596,0.7135,-0.9057,-0.2978,0.3016,25.5,0.956,5.027,0.849,0.40679,319.4,606.0,306.5,588.6,332.6,623.7,196,1.064,1
182,113.7,-168.647,142.386,-0.4035,0.3079,-0.8616,0.409,-0.5596,0.7208,-0.9116,-0.2155,0.35,25.5,0.9584,5.483,0.834,0.4288,318.5,605.1,305.9,587.8,331.3,622.9,197,0.712,1
183,112.899,-168.047,140.712,-0.4175,0.3077,-0.855,0.3963,-0.5599,0.7276,-0.9086,-0.1253,0.3985,25.5,0.9598,5.873,0.826,0.45484,317.5,604.3,305.3,587.0,330.0,622.0,198,0.336,1
184,112.072,-167.448,139.052,-0.4314,0.307,-0.8483,0.3837,-0.5605,0.7339,-0.8955,-0.0318,0.4439,25.5,0.9602,6.005,0.808,0.45392,316.5,603.5,304.6,586.1,328.6,621.2,199,0.058,1
185,111.217,-166.85,137.404,-0.4446,0.3063,-0.8417,0.3709,-0.5615,0.7397,-0.8736,0.0592,0.483,25.5,0.9595,5.814,0.807,0.43414,315.4,602.6,303.9,585.3,327.2,620.4,200,0.464,1
186,110.338,-166.253,135.77,-0.4575,0.3059,-0.8349,0.3581,-0.5627,0.7451,-0.844,0.1461,0.516,25.5,0.958,5.592,0.799,0.42868,314.3,601.8,303.2,584.4,325.7,619.6,201,0.877,1
187,109.434,-165.656,134.148,-0.47,0.3059,-0.828,0.3452,-0.5641,0.7501,-0.8086,0.2269,0.5428,25.5,0.9559,5.284,0.797,0.41956,313.3,601.0,302.5,583.6,324.2,618.8,201,1.073,1
188,108.505,-165.06,132.541,-0.4821,0.3064,-0.8208,0.3323,-0.5658,0.7546,-0.7691,0.3006,0.564,25.5,0.9529,4.944,0.789,0.41399,312.1,600.2,301.8,582.8,322.8,618.0,202,0.659,1
189,107.554,-164.461,130.948,-0.494,0.3072,-0.8134,0.3192,-0.5677,0.7588,-0.7274,0.3665,0.5801,25.5,0.9493,4.564,0.796,0.41246,311.0,599.4,301.0,581.9,321.2,617.2,203,0.25,1
190,106.579,-163.862,129.369,-0.5059,0.3071,-0.8061,0.306,-0.5698,0.7627,-0.6857,0.4238,0.5918,25.5,0.9446,4.116,0.798,0.41024,309.8,598.6,300.2,581.0,319.7,616.5,204,0.148,1
191,105.581,-163.264,127.804,-0.5176,0.3071,-0.7986,0.2926,-0.5722,0.7662,-0.6446,0.4738,0.6,25.5,0.9391,3.739,0.805,0.40835,308.7,597.7,299.4,580.2,318.1,615.7,205,0.529,1
192,104.56,-162.665,126.254,-0.5293,0.3073,-0.7908,0.2792,-0.5746,0.7693,-0.6048,0.5171,0.6057,25.5,0.9327,3.386,0.8,0.41325,307.5,596.9,298.6,579.3,316.5,615.0,206,0.887,1
193,103.517,-162.065,124.72,-0.5411,0.3075,-0.7827,0.2656,-0.5773,0.7721,-0.5665,0.5546,0.6095,25.5,0.9256,3.079,0.81,0.42062,306.2,596.1,297.7,578.5,314.9,614.2,206,1.063,1
194,102.45,-161.465,123.202,-0.5529,0.3079,-0.7743,0.2519,-0.58,0.7747,-0.5299,0.5871,0.6119,25.5,0.9177,2.808,0.814,0.42578,305.0,595.3,296.9,577.6,313.3,613.5,207,0.733,1
195,101.36,-160.864,121.701,-0.5648,0.3088,-0.7652,0.238,-0.5829,0.7769,-0.4945,0.6157,0.6135,25.5,0.9089,2.609,0.823,0.44099,303.7,594.5,296.0,576.8,311.6,612.7,208,0.432,1
196,100.247,-160.261,120.218,-0.5768,0.3096,-0.756,0.2241,-0.5859,0.7788,-0.4617,0.6399,0.6143,25.5,0.8994,2.336,0.822,0.44496,302.4,593.7,295.1,575.9,309.9,612.0,209,0.148,1
197,99.111,-159.657,118.753,-0.5885,0.3094,-0.7469,0.2101,-0.5889,0.7804,-0.4328,0.6597,0.6144,25.5,0.8887,2.007,0.825,0.43559,301.1,592.9,294.2,575.0,308.2,611.3,210,0.133,1
198,97.953,-159.055,117.305,-0.5998,0.3085,-0.7383,0.1962,-0.5919,0.7818,-0.4083,0.6755,0.614,25.5,0.8775,1.671,0.819,0.41814,299.8,592.1,293.3,574.2,306.5,610.5,211,0.421,1
199,96.773,-158.455,115.873,-0.6102,0.3068,-0.7304,0.1824,-0.5949,0.7828,-0.3882,0.688,0.6132,25.5,0.8656,1.357,0.811,0.387,298.4,591.4,292.3,573.4,304.7,609.8,212,0.73,1
200,95.574,-157.859,114.456,-0.6197,0.3046,-0.7233,0.1688,-0.5978,0.7837,-0.3718,0.6977,0.6123,25.5,0.8535,1.093,0.798,0.35446,297.1,590.6,291.3,572.5,302.9,609.1,213,1.071,1
201,94.355,-157.266,113.054,-0.6298,0.3036,-0.715,0.1555,-0.6006,0.7843,-0.3536,0.7075,0.6119,25.5,0.8411,1.185,0.779,0.38526,295.7,589.8,290.3,571.7,301.2,608.4,213,0.879,1
202,93.118,-156.675,111.668,-0.639,0.3024,-0.7073,0.1424,-0.6033,0.7847,-0.3382,0.7154,0.6114,25.5,0.8284,0.992,0.767,0.35427,294.3,589.0,289.3,570.9,299.4,607.6,214,0.493,1
203,91.864,-156.087,110.295,-0.6474,0.3009,-0.7002,0.1296,-0.6059,0.7849,-0.3253,0.7218,0.6109,25.5,0.8158,0.826,0.748,0.32619,292.9,588.3,288.2,570.1,297.6,606.9,215,0.049,1
204,90.594,-155.502,108.936,-0.6552,0.2991,-0.6937,0.1172,-0.6084,0.7849,-0.3144,0.727,0.6104,25.5,0.8032,0.693,0.725,0.30301,291.4,587.5,287.2,569.3,295.8,606.2,216,0.462,1
205,89.309,-154.92,107.59,-0.6624,0.2971,-0.6877,0.105,-0.6108,0.7848,-0.3052,0.7313,0.6099,25.5,0.7907,0.583,0.712,0.28162,290.0,586.8,286.1,568.5,294.0,605.5,217,1.044,1
206,88.011,-154.343,106.254,-0.6691,0.2949,-0.6822,0.0931,-0.613,0.7846,-0.2975,0.7349,0.6095,25.5,0.7783,0.488,0.693,0.26276,288.5,586.0,284.9,567.7,292.2,604.8,217,0.906,1
207,86.7,-153.77,104.93,-0.6759,0.2928,-0.6763,0.0815,-0.6151,0.7842,-0.2897,0.7382,0.6092,25.5,0.7655,0.486,0.676,0.27166,287.1,585.3,283.8,566.9,290.4,604.1,218,0.252,1
208,85.375,-153.201,103.617,-0.6826,0.291,-0.6704,0.0702,-0.6171,0.7837,-0.2821,0.7413,0.609,25.5,0.7529,0.47,0.658,0.2676,285.6,584.6,282.7,566.2,288.6,603.4,219,0.477,1
209,84.038,-152.635,102.315,-0.6889,0.2892,-0.6646,0.0591,-0.619,0.7832,-0.2751,0.744,0.6089,25.5,0.7402,0.43,0.646,0.25713,284.1,583.8,281.5,565.4,286.8,602.7,220,1.283,1
210,82.689,-152.073,101.025,-0.6951,0.2875,-0.659,0.0483,-0.6208,0.7825,-0.2685,0.7465,0.6088,25.5,0.7277,0.404,0.629,0.25049,282.6,583.1,280.3,564.7,285.0,602.0,220,0.667,1
211,81.328,-151.514,99.745,-0.701,0.2858,-0.6534,0.0378,-0.6225,0.7817,-0.2623,0.7487,0.6089,25.5,0.7152,0.377,0.611,0.24419,281.1,582.4,279.1,563.9,283.2,601.3,221,0.217,1
212,79.955,-150.959,98.477,-0.7068,0.2842,-0.6479,0.0275,-0.6241,0.7809,-0.2563,0.7507,0.6089,25.5,0.7028,0.362,0.599,0.23951,279.6,581.7,277.9,563.2,281.3,600.6,222,1.182,1
213,78.571,-150.406,97.219,-0.7124,0.2827,-0.6423,0.0173,-0.6256,0.78,-0.2506,0.7525,0.6091,25.5,0.6902,0.343,0.593,0.23683,278.1,581.0,276.6,562.5,279.5,599.9,222,0.768,1
214,77.177,-149.857,95.972,-0.7179,0.2808,-0.637,0.0074,-0.627,0.779,-0.2457,0.754,0.6092,25.5,0.6776,0.294,0.576,0.23131,276.5,580.3,275.4,561.8,277.7,599.3,223,0.281,1
215,75.772,-149.311,94.735,-0.7231,0.279,-0.6319,-0.0024,-0.6284,0.7779,-0.241,0.7553,0.6094,25.5,0.6651,0.28,0.571,0.22045,275.0,579.6,274.1,561.1,275.9,598.6,224,1.412,1
216,74.357,-148.768,93.508,-0.7283,0.2774,-0.6266,-0.012,-0.6296,0.7768,-0.2363,0.7566,0.6096,25.5,0.6527,0.28,0.558,0.22318,273.4,578.9,272.9,560.4,274.0,597.9,224,0.538,1
217,72.932,-148.229,92.291,-0.7335,0.2759,-0.6212,-0.0215,-0.6308,0.7756,-0.2315,0.7578,0.61,25.5,0.6401,0.284,0.553,0.22464,271.9,578.2,271.6,559.7,272.2,597.2,225,0.662,1
218,71.497,-147.692,91.085,-0.7386,0.2746,-0.6156,-0.0309,-0.632,0.7744,-0.2266,0.759,0.6104,25.5,0.6274,0.29,0.547,0.22582,270.3,577.6,270.3,559.0,270.4,596.6,225,1.288,1
219,70.051,-147.158,89.89,-0.7439,0.2734,-0.6097,-0.0402,-0.6331,0.773,-0.2214,0.7601,0.611,25.5,0.6145,0.306,0.543,0.2357,268.7,576.9,269.0,558.3,268.5,595.9,226,0.041,2
220,68.595,-146.626,88.707,-0.7494,0.2723,-0.6035,-0.0495,-0.6341,0.7716,-0.216,0.7611,0.6116,25.5,0.6012,0.317,0.542,0.24566,267.2,576.2,267.6,557.7,266.6,595.2,227,1.233,2
221,67.128,-146.096,87.537,-0.755,0.2711,-0.5971,-0.0587,-0.6351,0.7702,-0.2106,0.762,0.6124,25.5,0.5877,0.317,0.536,0.2524,265.6,575.6,266.3,557.0,264.8,594.6,227,0.717,2
222,65.652,-145.569,86.378,-0.7598,0.2696,-0.5917,-0.068,-0.6361,0.7686,-0.2067,0.7627,0.6129,25.5,0.5746,0.229,0.544,0.21681,264.0,574.9,265.0,556.3,262.9,593.9,228,0.562,2
223,64.165,-145.045,85.23,-0.7649,0.2681,-0.5857,-0.0772,-0.637,0.767,-0.2022,0.7633,0.6136,25.5,0.561,0.263,0.538,0.23554,262.4,574.3,263.6,555.7,261.0,593.3,228,1.388,2
224,62.668,-144.523,84.094,-0.7704,0.2668,-0.5791,-0.0865,-0.6379,0.7653,-0.1974,0.7639,0.6144,25.5,0.5467,0.281,0.544,0.25531,260.7,573.6,262.3,555.0,259.2,592.6,229,0.126,2
225,61.161,-144.004,82.972,-0.7762,0.2654,-0.5719,-0.0959,-0.6387,0.7635,-0.192,0.7645,0.6154,25.5,0.5317,0.317,0.55,0.27478,259.1,573.0,260.9,554.4,257.3,592.0,230,1.1,2
226,59.641,-143.488,81.865,-0.7825,0.2642,-0.5638,-0.1054,-0.6395,0.7616,-0.1861,0.765,0.6166,25.5,0.5159,0.346,0.557,0.30357,257.5,572.3,259.6,553.8,255.4,591.3,230,0.85,2
227,58.109,-142.974,80.774,-0.7893,0.2629,-0.5549,-0.1149,-0.6402,0.7595,-0.1795,0.7654,0.618,25.5,0.4991,0.387,0.559,0.33131,255.8,571.7,258.2,553.1,253.4,590.7,231,0.317,2
228,56.563,-142.463,79.702,-0.7967,0.2616,-0.5449,-0.1247,-0.641,0.7574,-0.1723,0.7657,0.6196,25.5,0.481,0.423,0.576,0.36756,254.2,571.1,256.8,552.5,251.5,590.1,232,1.406,2
229,55.003,-141.955,78.648,-0.8037,0.2596,-0.5354,-0.1346,-0.6416,0.7551,-0.1664,0.7659,0.6211,25.5,0.4627,0.349,0.583,0.35169,252.5,570.4,255.4,551.9,249.5,589.4,232,0.544,2
230,53.429,-141.45,77.614,-0.8106,0.2578,-0.5257,-0.1447,-0.6423,0.7527,-0.1603,0.7659,0.6227,25.5,0.444,0.361,0.596,0.35375,250.8,569.8,254.0,551.3,247.6,588.8,233,0.454,2
231,51.841,-140.949,76.598,-0.8175,0.2563,-0.5158,-0.155,-0.6429,0.7501,-0.154,0.7657,0.6244,25.5,0.425,0.374,0.61,0.35733,249.1,569.2,252.6,550.7,245.6,588.2,234,1.356,2
232,50.241,-140.451,75.602,-0.8241,0.255,-0.5059,-0.1655,-0.6434,0.7474,-0.1476,0.7655,0.6263,25.5,0.4058,0.383,0.622,0.35171,247.4,568.6,251.2,550.1,243.6,587.6,234,0.593,2
233,48.628,-139.954,74.626,-0.8304,0.2541,-0.4959,-0.1763,-0.6439,0.7445,-0.1412,0.7651,0.6283,25.5,0.3864,0.385,0.641,0.3483,245.7,568.0,249.8,549.5,241.6,587.0,235,0.21,2
234,47.003,-139.46,73.668,-0.8363,0.2535,-0.4861,-0.1873,-0.6444,0.7414,-0.1347,0.7645,0.6304,25.5,0.3671,0.393,0.655,0.33659,244.0,567.4,248.4,548.9,239.5,586.3,236,0.908,2
235,45.366,-138.966,72.731,-0.8428,0.2526,-0.4753,-0.1986,-0.6448,0.7381,-0.128,0.7637,0.6328,25.5,0.3463,0.41,0.675,0.37135,242.3,566.8,247.0,548.3,237.5,585.7,236,1.042,2
236,43.716,-138.475,71.814,-0.8492,0.2514,-0.4644,-0.2101,-0.6452,0.7346,-0.1215,0.7627,0.6352,25.5,0.3249,0.401,0.689,0.37309,240.5,566.2,245.6,547.7,235.4,585.1,237,0.453,2
237,42.055,-137.986,70.919,-0.8552,0.2502,-0.4538,-0.2221,-0.6455,0.7308,-0.1156,0.7616,0.6376,25.5,0.3032,0.37,0.721,0.35964,238.8,565.6,244.1,547.2,233.3,584.5,238,0.021,2
238,40.381,-137.499,70.044,-0.861,0.2489,-0.4435,-0.2344,-0.6457,0.7267,-0.11,0.7603,0.6402,25.5,0.2812,0.362,0.743,0.34945,237.0,565.1,242.7,546.6,231.2,583.9,239,0.374,2
239,38.697,-137.015,69.19,-0.8667,0.2474,-0.4332,-0.2473,-0.6459,0.7223,-0.1047,0.7588,0.6428,25.5,0.2584,0.349,0.781,0.3487,235.2,564.5,241.3,546.0,229.0,583.3,240,0.602,2
240,37.002,-136.534,68.355,-0.8722,0.2458,-0.4229,-0.2607,-0.646,0.7174,-0.0996,0.7572,0.6456,25.5,0.2348,0.346,0.818,0.34632,233.5,563.9,239.9,545.5,226.9,582.7,241,0.704,2
241,35.295,-136.054,67.542,-0.8779,0.2472,-0.41,-0.2747,-0.646,0.7122,-0.0908,0.7548,0.6496,25.5,0.2105,0.571,0.856,0.41643,231.7,563.4,238.5,545.0,224.7,582.2,242,0.69,2
242,33.578,-135.572,66.756,-0.8839,0.2471,-0.3971,-0.2892,-0.6459,0.7065,-0.0833,0.7522,0.6536,25.5,0.1845,0.509,0.893,0.41811,229.9,562.8,237.1,544.4,222.5,581.6,243,0.57,2
243,31.849,-135.092,65.993,-0.8899,0.2439,-0.3855,-0.3042,-0.6458,0.7003,-0.0791,0.7497,0.657,25.5,0.1568,0.341,0.93,0.3951,228.1,562.2,235.7,543.9,220.3,581.0,244,0.355,2
244,30.108,-134.622,65.251,-0.8958,0.2375,-0.3757,-0.3195,-0.6456,0.6936,-0.0785,0.7475,0.6596,25.5,0.1277,0.198,0.957,0.38519,226.2,561.7,234.3,543.4,218.0,580.4,245,0.055,2
245,28.356,-134.168,64.526,-0.9014,0.228,-0.368,-0.3351,-0.6454,0.6864,-0.0814,0.7456,0.6614,25.5,0.0977,0.224,0.985,0.39524,224.4,561.2,232.9,542.9,215.8,579.8,246,0.319,2
246,26.593,-133.735,63.814,-0.9067,0.2155,-0.3624,-0.3507,-0.6453,0.6787,-0.0878,0.7442,0.6622,25.5,0.067,0.378,0.997,0.43156,222.6,560.7,231.5,542.4,213.5,579.3,248,0.702,2
247,24.819,-133.326,63.114,-0.912,0.2048,-0.3554,-0.3663,-0.6452,0.6705,-0.092,0.7422,0.6639,25.5,0.0364,0.284,1.01,0.40672,220.7,560.2,230.1,541.9,211.2,578.8,249,0.169,2
248,23.036,-132.934,62.431,-0.9173,0.1982,-0.3454,-0.3815,-0.6452,0.662,-0.0917,0.739,0.6674,25.5,0.0066,0.272,0.998,0.385,218.9,559.7,228.6,541.5,208.9,578.3,250,0.397,2
249,21.242,-132.55,61.769,-0.9224,0.1958,-0.3328,-0.3959,-0.6453,0.6534,-0.0869,0.7346,0.6729,25.5,0.0214,0.488,0.961,0.40561,217.0,559.3,227.1,541.1,206.7,577.8,252,0.379,2
250,19.439,-132.168,61.134,-0.9273,0.1975,-0.318,-0.4091,-0.6456,0.6448,-0.078,0.7289,0.6802,25.5,0.0468,0.736,0.903,0.46085,215.1,558.8,225.6,540.7,204.4,577.3,253,0.208,2
251,17.627,-131.778,60.53,-0.9316,0.2013,-0.3026,-0.4209,-0.6462,0.6366,-0.0676,0.7222,0.6884,25.5,0.0694,0.85,0.824,0.48298,213.2,558.4,224.1,540.2,202.2,576.9,255,0.632,2
252,15.807,-131.388,59.949,-0.9351,0.1989,-0.2932,-0.431,-0.6472,0.6288,-0.0649,0.7173,0.6937,25.5,0.0899,0.442,0.733,0.30304,211.4,557.9,222.5,539.8,200.0,576.4,256,0.134,2
253,13.98,-131.002,59.388,-0.9388,0.1982,-0.2817,-0.4394,-0.6485,0.6215,-0.0598,0.7115,0.7001,25.5,0.1089,0.575,0.642,0.35558,209.5,557.5,220.8,539.3,197.9,576.0,257,0.318,2
254,12.145,-130.614,58.852,-0.9426,0.1991,-0.2679,-0.4464,-0.6502,0.6147,-0.0523,0.7048,0.7075,25.5,0.1266,0.715,0.568,0.42141,207.6,557.0,219.1,538.8,195.8,575.6,258,0.712,2
255,10.303,-130.224,58.345,-0.9466,0.2015,-0.2516,-0.4521,-0.6523,0.6083,-0.042,0.6968,0.716,25.5,0.1435,0.892,0.506,0.49822,205.6,556.6,217.4,538.4,193.7,575.1,260,0.597,2
256,8.454,-129.828,57.872,-0.9507,0.2054,-0.2323,-0.4566,-0.6548,0.6023,-0.0288,0.6875,0.7256,25.5,0.1597,1.076,0.453,0.591,203.7,556.1,215.6,537.9,191.7,574.7,261,0.344,2
257,6.596,-129.422,57.441,-0.9546,0.2105,-0.2109,-0.4599,-0.6577,0.5966,-0.0133,0.677,0.7359,25.5,0.1748,1.224,0.412,0.65658,201.8,555.7,213.8,537.4,189.7,574.3,262,0.132,2
258,4.732,-129.008,57.046,-0.9575,0.2138,-0.1934,-0.4622,-0.6609,0.5913,-0.0014,0.6673,0.7448,25.5,0.1869,1.017,0.378,0.5302,199.9,555.2,211.9,536.8,187.7,574.0,263,0.045,2
259,2.862,-128.588,56.687,-0.9604,0.2166,-0.1754,-0.4634,-0.6645,0.5863,0.0106,0.6574,0.7535,25.5,0.1983,1.021,0.36,0.54202,198.0,554.8,210.0,536.3,185.7,573.6,264,0.184,2
260,0.986,-128.164,56.363,-0.9631,0.2189,-0.1568,-0.4638,-0.6684,0.5815,0.023,0.647,0.7621,25.5,0.2092,1.05,0.355,0.55636,196.0,554.3,208.1,535.7,183.7,573.2,265,0.292,2
261,-0.894,-127.735,56.076,-0.9657,0.2206,-0.1369,-0.4632,-0.6728,0.5769,0.036,0.6361,0.7708,25.5,0.2199,1.092,0.366,0.59183,194.1,553.8,206.2,535.2,181.8,572.8,266,0.371,2
262,-2.78,-127.304,55.83,-0.9682,0.2219,-0.1153,-0.4616,-0.6776,0.5725,0.0502,0.6243,0.7795,25.5,0.2306,1.169,0.384,0.64011,192.1,553.4,204.2,534.6,179.9,572.5,267,0.427,2
263,-4.67,-126.87,55.628,-0.9704,0.2232,-0.0918,-0.4592,-0.6828,0.5682,0.0661,0.6116,0.7884,25.5,0.241,1.273,0.41,0.6947,190.2,552.9,202.2,534.0,178.0,572.1,268,0.463,2
264,-6.564,-126.433,55.472,-0.972,0.225,-0.0682,-0.456,-0.6885,0.564,0.0826,0.5982,0.7971,25.5,0.2499,1.316,0.445,0.69711,188.2,552.5,200.2,533.4,176.1,571.8,269,0.484,2
265,-8.46,-125.993,55.362,-0.973,0.2264,-0.0445,-0.4518,-0.6946,0.5598,0.0992,0.5845,0.8053,25.5,0.2574,1.32,0.488,0.69824,186.3,552.0,198.1,532.8,174.2,571.5,270,0.495,2
266,-10.358,-125.55,55.298,-0.9735,0.2276,-0.0207,-0.4468,-0.7012,0.5556,0.1161,0.5703,0.8132,25.5,0.2639,1.343,0.532,0.70041,184.3,551.5,196.1,532.2,172.4,571.2,271,0.499,2
267,-12.256,-125.105,55.282,-0.9735,0.2286,0.0034,-0.4409,-0.7083,0.5513,0.1334,0.5557,0.8206,25.5,0.2692,1.365,0.583,0.70884,182.4,551.1,194.0,531.6,170.6,570.9,272,0.502,2
268,-14.154,-124.659,55.313,-0.9728,0.2296,0.0302,-0.4341,-0.7158,0.547,0.1531,0.5397,0.8278,25.5,0.2745,1.512,0.63,0.78838,180.4,550.6,191.8,530.9,168.8,570.6,273,0.506,2
269,-16.049,-124.21,55.4,-0.9713,0.2305,0.0588,-0.4265,-0.7238,0.5425,0.1745,0.5226,0.8345,25.5,0.2793,1.616,0.683,0.84208,178.4,550.2,189.7,530.3,167.0,570.4,274,0.514,2
270,-17.941,-123.76,55.541,-0.9691,0.2311,0.0858,-0.4179,-0.7323,0.5377,0.195,0.5058,0.8403,25.5,0.2819,1.555,0.745,0.79625,176.5,549.7,187.5,529.6,165.3,570.1,275,0.531,2
271,-19.828,-123.309,55.733,-0.9665,0.2314,0.1107,-0.4085,-0.7412,0.5327,0.214,0.4896,0.8453,25.5,0.2823,1.459,0.795,0.73578,174.5,549.3,185.4,528.9,163.5,569.9,276,0.557,2
272,-21.71,-122.858,55.971,-0.9636,0.2314,0.134,-0.398,-0.7506,0.5274,0.2319,0.4739,0.8495,25.5,0.2805,1.385,0.863,0.68998,172.6,548.8,183.2,528.2,161.9,569.7,277,0.595,2
273,-23.585,-122.407,56.26,-0.9593,0.2314,0.1617,-0.3866,-0.7605,0.5216,0.2538,0.456,0.853,25.5,0.2792,1.633,0.927,0.82374,170.7,548.4,180.9,527.5,160.2,569.5,278,0.649,2
274,-25.451,-121.956,56.601,-0.9546,0.2313,0.1876,-0.3743,-0.7709,0.5154,0.2745,0.4389,0.8556,25.5,0.2757,1.546,0.989,0.77352,168.7,547.9,178.7,526.8,158.6,569.3,279,0.72,2
275,-27.308,-121.505,56.99,-0.9497,0.231,0.2117,-0.361,-0.7816,0.5087,0.2938,0.4223,0.8575,25.5,0.27,1.463,1.051,0.72273,166.8,547.5,176.4,526.1,157.0,569.2,280,0.812,2
276,-29.154,-121.055,57.425,-0.9444,0.2305,0.2347,-0.3466,-0.7928,0.5013,0.3125,0.4062,0.8587,25.5,0.2622,1.416,1.128,0.69371,164.9,547.0,174.2,525.4,155.5,569.0,282,0.883,2
277,-30.989,-120.607,57.91,-0.9374,0.2294,0.262,-0.3313,-0.8044,0.4931,0.335,0.3883,0.8585,25.5,0.2552,1.647,1.196,0.82882,163.0,546.6,171.9,524.7,154.0,568.9,283,0.715,2
278,-32.81,-120.16,58.445,-0.9304,0.2289,0.2863,-0.3149,-0.8163,0.4842,0.3554,0.3716,0.8577,25.5,0.2448,1.511,1.268,0.74325,161.1,546.2,169.6,524.0,152.5,568.7,284,0.518,2
279,-34.617,-119.714,59.024,-0.9236,0.2289,0.3075,-0.2975,-0.8286,0.4743,0.3735,0.3562,0.8565,25.5,0.231,1.363,1.346,0.65426,159.2,545.8,167.2,523.2,151.1,568.6,285,0.291,2
280,-36.412,-119.267,59.643,-0.9165,0.229,0.3281,-0.2789,-0.8411,0.4635,0.3912,0.3412,0.8547,25.5,0.2151,1.333,1.425,0.64029,157.3,545.4,164.9,522.5,149.7,568.5,286,0.033,2
281,-38.191,-118.821,60.305,-0.9081,0.2286,0.3509,-0.2592,-0.8538,0.4515,0.411,0.3256,0.8515,25.5,0.1986,1.456,1.509,0.71408,155.5,544.9,162.5,521.8,148.3,568.4,287,0.259,2
282,-39.954,-118.375,61.009,-0.9002,0.2284,0.3708,-0.2383,-0.8666,0.4384,0.4284,0.3114,0.8483,25.5,0.1791,1.3,1.592,0.62917,153.6,544.5,160.2,521.0,147.0,568.3,288,0.586,2
283,-41.702,-117.93,61.749,-0.8929,0.2286,0.3879,-0.2161,-0.8795,0.4239,0.4435,0.2984,0.8451,25.5,0.1563,1.156,1.69,0.54642,151.8,544.1,157.8,520.3,145.8,568.3,290,0.596,3
284,-43.434,-117.483,62.524,-0.8836,0.23,0.4078,-0.1927,-0.8924,0.408,0.4617,0.2844,0.8402,25.5,0.1314,1.345,1.782,0.64677,150.0,543.7,155.3,519.6,144.6,568.2,291,0.151,3
285,-45.148,-117.034,63.338,-0.8749,0.2297,0.4265,-0.168,-0.9052,0.3904,0.4784,0.2714,0.8352,25.5,0.1056,1.246,1.886,0.60613,148.2,543.3,152.9,518.8,143.5,568.1,292,0.333,3
286,-46.847,-116.589,64.185,-0.8681,0.2267,0.4415,-0.1419,-0.9177,0.371,0.4909,0.2602,0.8315,25.5,0.0789,0.985,1.996,0.4919,146.4,542.9,150.4,518.1,142.4,568.0,294,0.529,3
287,-48.535,-116.152,65.058,-0.8619,0.2228,0.4555,-0.1145,-0.9299,0.3497,0.5021,0.2496,0.828,25.5,0.0508,0.906,2.108,0.4643,144.6,542.5,147.9,517.4,141.3,567.9,295,0.074,3
288,-50.207,-115.719,65.963,-0.8534,0.2206,0.4722,-0.0857,-0.9414,0.3262,0.5166,0.238,0.8225,25.5,0.0195,1.11,2.229,0.55443,142.9,542.1,145.4,516.7,140.4,567.7,297,0.548,3
289,-51.865,-115.294,66.897,-0.8483,0.2144,0.4842,-0.0557,-0.9521,0.3007,0.5255,0.2281,0.8197,25.5,0.0113,0.779,2.338,0.42425,141.1,541.7,142.8,516.1,139.4,567.6,298,0.176,3
290,-53.517,-114.885,67.848,-0.8468,0.2045,0.491,-0.0249,-0.9616,0.2733,0.5285,0.2194,0.8201,25.5,0.0414,0.528,2.424,0.35567,139.4,541.4,140.3,515.5,138.5,567.5,300,0.209,3
291,-55.161,-114.494,68.821,-0.8398,0.1967,0.506,0.0064,-0.9697,0.2441,0.5402,0.2088,0.8153,25.5,0.0726,0.945,2.496,0.53771,137.6,541.0,137.7,515.0,137.6,567.3,302,0.451,3
292,-56.796,-114.118,69.815,-0.838,0.1886,0.512,0.0381,-0.9762,0.2134,0.5432,0.1995,0.8156,25.5,0.1068,0.56,2.556,0.30089,135.9,540.7,135.1,514.5,136.7,567.1,303,0.451,3
293,-58.433,-113.759,70.812,-0.842,0.1803,0.5085,0.07,-0.9809,0.1816,0.5371,0.1905,0.8217,25.5,0.1435,0.714,2.595,0.28961,134.2,540.4,132.5,514.1,135.9,566.8,305,0.39,3
294,-60.078,-113.418,71.802,-0.8438,0.1679,0.5097,0.1018,-0.9835,0.1493,0.5346,0.1806,0.8256,25.5,0.1749,0.626,2.602,0.36986,132.4,540.1,129.9,513.8,135.0,566.6,307,0.43,3
295,-61.725,-113.1,72.796,-0.8461,0.1605,0.5084,0.1326,-0.9842,0.117,0.531,0.1702,0.8301,25.5,0.2107,0.681,2.558,0.23087,130.7,539.9,127.3,513.6,134.1,566.3,310,0.424,3
296,-63.379,-112.787,73.779,-0.8514,0.1611,0.4992,0.1612,-0.9832,0.0858,0.5216,0.1587,0.8383,25.5,0.2528,0.972,2.426,0.31249,128.9,539.6,124.7,513.4,133.1,565.9,312,0.423,3
297,-65.046,-112.467,74.739,-0.8575,0.1665,0.4868,0.1864,-0.9808,0.0567,0.5097,0.1459,0.8479,25.5,0.2955,1.143,2.21,0.43598,127.1,539.3,122.2,513.2,132.0,565.6,313,0.497,3
298,-66.721,-112.142,75.683,-0.8609,0.1674,0.4804,0.2075,-0.9778,0.0304,0.5026,0.1332,0.8542,25.5,0.3277,0.908,1.94,0.2146,125.3,539.1,119.9,513.0,130.8,565.2,315,0.225,3
299,-68.403,-111.815,76.612,-0.8651,0.1682,0.4725,0.225,-0.9743,0.0067,0.4938,0.12,0.8613,25.5,0.3554,0.996,1.7,0.26397,123.6,538.8,117.6,512.8,129.5,564.8,317,0.366,3
300,-70.094,-111.486,77.525,-0.8697,0.1691,0.4637,0.2394,-0.9708,-0.0145,0.4839,0.1063,0.8687,25.5,0.3791,1.057,1.482,0.29301,121.7,538.5,115.4,512.7,128.1,564.3,318,0.148,3
301,-71.795,-111.156,78.42,-0.8744,0.1698,0.4545,0.2512,-0.9674,-0.0334,0.4734,0.0926,0.876,25.5,0.3991,1.074,1.291,0.30427,119.9,538.2,113.2,512.5,126.7,563.9,319,0.527,3
302,-73.502,-110.821,79.3,-0.8765,0.1744,0.4487,0.2608,-0.9641,-0.0503,0.4669,0.0804,0.8807,25.5,0.4193,0.837,1.13,0.22615,118.1,537.9,111.1,512.3,125.1,563.5,320,0.75,3
303,-75.213,-110.477,80.17,-0.8784,0.1774,0.4438,0.2687,-0.961,-0.0652,0.4609,0.0688,0.8848,25.5,0.4354,0.784,0.982,0.17781,116.3,537.6,109.0,512.1,123.5,563.1,321,0.801,3
304,-76.929,-110.131,81.03,-0.8812,0.1775,0.4382,0.275,-0.9582,-0.0785,0.4538,0.0573,0.8892,25.5,0.4468,0.814,0.858,0.18394,114.4,537.3,107.0,511.8,121.9,562.7,322,0.659,3
305,-78.65,-109.786,81.879,-0.8848,0.1753,0.4318,0.28,-0.9557,-0.0905,0.4454,0.0459,0.8941,25.5,0.4544,0.859,0.759,0.22524,112.6,537.0,105.0,511.6,120.2,562.4,323,0.306,3
306,-80.38,-109.448,82.713,-0.8893,0.1708,0.4241,0.284,-0.9535,-0.1013,0.4355,0.0342,0.8995,25.5,0.4584,0.931,0.672,0.29351,110.7,536.7,103.0,511.4,118.5,562.0,324,0.26,3
307,-82.12,-109.122,83.532,-0.895,0.1638,0.4148,0.2872,-0.9514,-0.1112,0.4237,0.0221,0.9055,25.5,0.459,1.028,0.608,0.38079,108.9,536.4,101.0,511.1,116.7,561.6,325,1.023,3
308,-83.872,-108.812,84.33,-0.9021,0.1536,0.4032,0.2898,-0.9495,-0.1205,0.4093,0.0092,0.9124,25.5,0.4559,1.176,0.564,0.49961,107.0,536.2,99.1,510.9,114.9,561.3,325,0.927,3
309,-85.634,-108.515,85.109,-0.9059,0.1504,0.396,0.2921,-0.9476,-0.1293,0.4003,-0.0017,0.9164,25.5,0.4583,0.842,0.532,0.25706,105.1,535.9,97.1,510.7,113.1,561.0,326,0.029,3
310,-87.404,-108.226,85.873,-0.9102,0.1458,0.3877,0.294,-0.9458,-0.1378,0.3901,-0.0129,0.9207,25.5,0.4589,0.902,0.51,0.30612,103.2,535.7,95.1,510.5,111.3,560.7,327,1.144,3
311,-89.184,-107.948,86.62,-0.9152,0.1394,0.378,0.2955,-0.9441,-0.1458,0.3784,-0.0245,0.9253,25.5,0.4572,0.98,0.476,0.37176,101.3,535.4,93.2,510.3,109.4,560.4,327,0.807,3
312,-90.974,-107.684,87.346,-0.9209,0.1313,0.3669,0.2968,-0.9425,-0.1535,0.3654,-0.0365,0.9302,25.5,0.4534,1.052,0.457,0.43714,99.4,535.2,91.2,510.1,107.5,560.1,328,0.477,3
313,-92.776,-107.437,88.05,-0.9273,0.1213,0.3542,0.2977,-0.941,-0.1609,0.3508,-0.0489,0.9352,25.5,0.4472,1.134,0.436,0.51087,97.5,535.0,89.2,509.9,105.6,559.9,328,1.473,3
314,-94.59,-107.212,88.727,-0.9341,0.1094,0.3399,0.2984,-0.9396,-0.1679,0.3349,-0.0616,0.9402,25.5,0.4386,1.201,0.411,0.58203,95.5,534.8,87.2,509.8,103.7,559.6,329,0.04,3
315,-96.418,-107.011,89.376,-0.9401,0.0969,0.3267,0.2987,-0.9383,-0.1745,0.3206,-0.0736,0.9444,25.5,0.4287,1.096,0.386,0.56259,93.5,534.6,85.2,509.7,101.8,559.4,330,1.539,3
316,-98.256,-106.833,90.001,-0.9453,0.0859,0.3147,0.2988,-0.937,-0.1809,0.3078,-0.0848,0.9477,25.5,0.4199,0.993,0.374,0.50217,91.6,534.5,83.2,509.5,99.8,559.2,330,0.412,3
317,-100.105,-106.676,90.602,-0.9505,0.0756,0.3014,0.2986,-0.9359,-0.1869,0.2939,-0.0961,0.951,25.5,0.4109,1.044,0.35,0.51736,89.6,534.3,81.3,509.4,97.9,559.1,331,1.299,3
318,-101.963,-106.538,91.176,-0.9557,0.0661,0.2867,0.2982,-0.9348,-0.1927,0.2788,-0.1078,0.9543,25.5,0.402,1.111,0.339,0.53653,87.6,534.2,79.3,509.4,95.9,558.9,331,0.651,3
319,-103.832,-106.418,91.719,-0.9611,0.0571,0.2703,0.2976,-0.9339,-0.1983,0.2622,-0.1198,0.9575,25.5,0.3929,1.188,0.327,0.57215,85.6,534.1,77.2,509.3,93.9,558.8,332,1.178,3
320,-105.711,-106.315,92.228,-0.9665,0.0486,0.252,0.2968,-0.9329,-0.2038,0.2439,-0.1323,0.9607,25.5,0.3836,1.283,0.324,0.61378,83.6,534.1,75.2,509.3,91.9,558.7,332,0.773,3
321,-107.601,-106.229,92.701,-0.9715,0.0389,0.2337,0.2959,-0.9321,-0.2091,0.226,-0.1444,0.9634,25.5,0.3726,1.248,0.311,0.6262,81.6,534.0,73.2,509.2,89.8,558.6,333,1.142,3
322,-109.499,-106.164,93.141,-0.9757,0.0278,0.2171,0.2948,-0.9312,-0.2143,0.2104,-0.1555,0.9652,25.5,0.36,1.102,0.309,0.59962,79.5,534.0,71.2,509.2,87.8,558.6,333,0.809,3
323,-111.406,-106.12,93.547,-0.9799,0.0179,0.1988,0.2936,-0.9304,-0.2194,0.1931,-0.1671,0.9668,25.5,0.348,1.197,0.304,0.62378,77.5,533.9,69.2,509.2,85.7,558.5,334,1.159,3
324,-113.321,-106.093,93.914,-0.984,0.0092,0.1781,0.2923,-0.9296,-0.2245,0.1736,-0.1793,0.9684,25.5,0.3362,1.321,0.305,0.67066,75.4,533.9,67.1,509.2,83.7,558.5,334,0.792,3
325,-115.243,-106.083,94.239,-0.988,0.0016,0.1544,0.291,-0.9288,-0.2295,0.1512,-0.1922,0.9696,25.5,0.3244,1.483,0.3,0.7407,73.4,533.9,65.1,509.3,81.6,558.5,335,1.2,3
326,-117.174,-106.087,94.514,-0.9919,-0.005,0.1269,0.2895,-0.928,-0.2345,0.1252,-0.2062,0.9705,25.5,0.3123,1.693,0.303,0.83904,71.3,534.0,63.1,509.3,79.5,558.5,335,0.751,3
327,-119.111,-106.105,94.735,-0.9949,-0.0145,0.0997,0.2881,-0.9272,-0.2394,0.1005,-0.2194,0.9704,25.5,0.2971,1.605,0.296,0.85121,69.3,534.0,61.0,509.4,77.4,558.5,336,1.239,3
328,-121.053,-106.143,94.902,-0.9971,-0.0241,0.0717,0.2865,-0.9264,-0.2444,0.0753,-0.2325,0.9697,25.5,0.2809,1.628,0.304,0.87228,67.2,534.1,59.0,509.4,75.4,558.5,336,0.712,3
329,-122.999,-106.198,95.012,-0.9986,-0.0329,0.0411,0.285,-0.9255,-0.2493,0.0479,-0.246,0.9681,25.5,0.2644,1.753,0.298,0.93678,65.1,534.1,57.0,509.5,73.3,558.5,337,1.254,3
330,-124.947,-106.27,95.06,-0.9991,-0.0407,0.0073,0.2836,-0.9246,-0.2542,0.0176,-0.26,0.9654,25.5,0.2476,1.919,0.297,1.01941,63.1,534.2,54.9,509.6,71.2,558.6,337,0.698,3
331,-126.895,-106.357,95.038,-0.9984,-0.0482,-0.0304,0.2822,-0.9237,-0.2591,-0.016,-0.2746,0.9614,25.5,0.2293,2.112,0.297,1.12984,61.0,534.3,52.9,509.8,69.1,558.6,338,1.229,3
332,-128.839,-106.462,94.941,-0.9958,-0.0592,-0.0699,0.2808,-0.9227,-0.264,-0.05,-0.2887,0.9561,25.5,0.2065,2.131,0.298,1.20747,59.0,534.4,50.9,509.9,67.0,558.7,338,0.723,3
333,-130.777,-106.586,94.764,-0.9914,-0.0682,-0.112,0.2796,-0.9217,-0.2688,-0.0864,-0.303,0.9491,25.5,0.1842,2.276,0.289,1.27184,57.0,534.5,48.8,510.1,65.0,558.8,339,1.157,3
334,-132.704,-106.726,94.503,-0.9851,-0.0746,-0.155,0.2785,-0.9206,-0.2736,-0.1239,-0.317,0.9403,25.5,0.1633,2.348,0.289,1.29097,54.9,534.6,46.8,510.2,63.0,558.9,339,0.796,3
335,-134.617,-106.876,94.16,-0.9768,-0.0808,-0.1981,0.2775,-0.9195,-0.2784,-0.1613,-0.3303,0.93,25.5,0.1416,2.35,0.288,1.30277,52.9,534.8,44.9,510.4,61.0,559.0,340,1.035,3
336,-136.511,-107.043,93.73,-0.966,-0.0896,-0.2427,0.2768,-0.9183,-0.2832,-0.1988,-0.343,0.918,25.5,0.1164,2.371,0.286,1.37328,51.0,534.9,42.9,510.6,59.0,559.0,340,0.917,3
337,-138.383,-107.222,93.214,-0.9537,-0.0928,-0.286,0.2761,-0.917,-0.2879,-0.2366,-0.3552,0.9043,25.5,0.0959,2.408,0.282,1.32626,49.1,535.1,41.0,510.8,57.1,559.2,341,0.867,3
338,-140.23,-107.402,92.616,-0.9406,-0.0904,-0.3272,0.2757,-0.9156,-0.2926,-0.274,-0.3666,0.8891,25.5,0.0808,2.404,0.282,1.27251,47.2,535.2,39.1,511.0,55.2,559.2,341,1.085,3
339,-142.05,-107.577,91.938,-0.9254,-0.0918,-0.3676,0.2753,-0.9142,-0.2974,-0.3094,-0.3771,0.873,25.5,0.0615,2.308,0.287,1.26927,45.3,535.4,37.2,511.2,53.3,559.3,342,0.649,3
340,-143.839,-107.757,91.184,-0.9091,-0.0915,-0.4064,0.2752,-0.9127,-0.3021,-0.3436,-0.3868,0.8558,25.5,0.0439,2.263,0.283,1.23687,43.5,535.5,35.4,511.4,51.5,559.4,342,1.304,3
341,-145.595,-107.93,90.354,-0.892,-0.0849,-0.4439,0.2751,-0.9111,-0.3069,-0.3786,-0.3961,0.8365,25.5,0.0318,2.351,0.29,1.22668,41.7,535.6,33.6,511.6,49.8,559.5,343,0.373,3
342,-147.316,-108.083,89.452,-0.8733,-0.0714,-0.4819,0.2752,-0.9094,-0.3117,-0.4161,-0.405,0.8141,25.5,0.0252,2.554,0.292,1.30636,40.0,535.7,31.8,511.8,48.0,559.5,343,1.58,3
343,-148.997,-108.218,88.474,-0.8509,-0.0661,-0.5211,0.2755,-0.9077,-0.3167,-0.4521,-0.413,0.7906,25.5,0.0094,2.506,0.303,1.33608,38.3,535.8,30.1,511.9,46.4,559.5,344,0.046,3
344,-150.635,-108.337,87.422,-0.8286,-0.055,-0.5571,0.2758,-0.9058,-0.3217,-0.487,-0.4203,0.7657,25.5,0.0005,2.492,0.307,1.28661,36.7,535.9,28.5,512.0,44.8,559.5,345,1.554,3
345,-152.228,-108.427,86.302,-0.8052,-0.0361,-0.5918,0.2763,-0.9037,-0.327,-0.5231,-0.4268,0.7377,25.5,0.0037,2.644,0.328,1.34966,35.1,535.9,26.9,512.1,43.2,559.4,345,0.399,3
346,-153.773,-108.473,85.113,-0.7776,-0.0133,-0.6286,0.2768,-0.9016,-0.3325,-0.5623,-0.4326,0.7047,25.5,0.0058,2.955,0.339,1.50904,33.6,535.9,25.3,512.2,41.8,559.3,346,1.04,3
347,-155.258,-108.48,83.85,-0.7462,0.007,-0.6657,0.2775,-0.8992,-0.3382,-0.601,-0.4372,0.6691,25.5,0.0118,3.025,0.357,1.54805,32.2,535.8,23.9,512.2,40.4,559.1,346,0.913,3
348,-156.682,-108.442,82.519,-0.7143,0.0338,-0.699,0.2783,-0.8967,-0.3443,-0.6385,-0.4405,0.6311,25.5,0.0116,3.065,0.38,1.56774,30.8,535.7,22.5,512.2,39.0,558.9,347,0.426,3
349,-158.043,-108.344,81.126,-0.6801,0.0666,-0.7301,0.2791,-0.8939,-0.3507,-0.676,-0.4423,0.5894,25.5,0.0067,3.215,0.403,1.66597,29.5,535.5,21.1,512.1,37.8,558.6,347,1.527,3
350,-159.33,-108.183,79.671,-0.6391,0.0983,-0.7628,0.28,-0.8909,-0.3576,-0.7148,-0.4422,0.5419,25.5,0.0063,3.515,0.434,1.80109,28.3,535.2,19.9,511.9,36.6,558.2,348,0.295,3
351,-160.533,-107.958,78.154,-0.5952,0.1336,-0.7924,0.2811,-0.8876,-0.3648,-0.7521,-0.4399,0.4908,25.5,0.0032,3.628,0.458,1.87064,27.2,534.9,18.7,511.7,35.5,557.8,349,0.85,3
352,-161.649,-107.662,76.583,-0.5478,0.1702,-0.8191,0.2822,-0.8841,-0.3725,-0.7876,-0.4352,0.4362,25.5,0.0001,3.742,0.489,1.92741,26.2,534.4,17.7,511.4,34.6,557.2,349,1.101,3
353,-162.669,-107.295,74.962,-0.499,0.2049,-0.842,0.2836,-0.8802,-0.3806,-0.8191,-0.4287,0.3811,25.5,0.0014,3.656,0.521,1.88441,25.3,534.0,16.7,511.0,33.7,556.6,350,0.037,3
354,-163.597,-106.864,73.303,-0.453,0.2376,-0.8593,0.2851,-0.8759,-0.3892,-0.8451,-0.4213,0.3291,25.5,0.0028,3.358,0.558,1.73506,24.5,533.4,15.8,510.6,33.0,555.9,351,0.961,3
355,-164.434,-106.369,71.613,-0.4042,0.2694,-0.8741,0.2868,-0.8714,-0.3981,-0.8689,-0.4116,0.2749,25.5,0.0027,3.437,0.58,1.76647,23.8,532.8,15.1,510.2,32.3,555.1,351,0.99,3
356,-165.174,-105.814,69.897,-0.3556,0.3006,-0.885,0.2887,-0.8665,-0.4073,-0.8892,-0.4004,0.2213,25.5,0.0027,3.347,0.607,1.72743,23.1,532.1,14.4,509.6,31.8,554.3,352,0.065,3
357,-165.82,-105.197,68.164,-0.3072,0.332,-0.8918,0.2909,-0.8612,-0.4169,-0.9064,-0.3875,0.1679,25.5,0.0035,3.299,0.641,1.70758,22.6,531.3,13.8,509.0,31.4,553.4,353,0.804,3
358,-166.369,-104.52,66.42,-0.256,0.3615,-0.8965,0.2934,-0.8555,-0.4267,-0.9212,-0.3723,0.1129,25.5,0.0018,3.378,0.665,1.74232,22.3,530.5,13.3,508.4,31.1,552.4,353,1.147,3
359,-166.82,-103.786,64.671,-0.2059,0.3916,-0.8968,0.2962,-0.8493,-0.4369,-0.9328,-0.3556,0.0589,25.5,0.0018,3.307,0.702,1.71795,22.0,529.7,13.0,507.7,30.8,551.3,354,0.353,3
360,-167.171,-102.992,62.925,-0.1532,0.4225,-0.8933,0.2994,-0.8427,-0.4474,-0.9419,-0.336,0.0026,25.5,0.0022,3.456,0.734,1.79869,21.8,528.7,12.7,507.0,30.8,550.2,355,0.368,3
361,-167.417,-102.14,61.189,-0.0993,0.4518,-0.8866,0.303,-0.8356,-0.4581,-0.9478,-0.3141,-0.054,25.5,0.0015,3.494,0.764,1.81399,21.7,527.7,12.5,506.2,30.8,548.9,356,1.003,3
362,-167.558,-101.23,59.471,-0.0456,0.4817,-0.8752,0.3071,-0.828,-0.4691,-0.9506,-0.2902,-0.1102,25.5,0.0023,3.503,0.801,1.8373,21.7,526.7,12.4,505.4,30.9,547.7,356,0.949,3
363,-167.592,-100.262,57.779,0.0114,0.5104,-0.8599,0.3117,-0.8199,-0.4802,-0.9501,-0.2626,-0.1684,25.5,0.002,3.691,0.83,1.92905,21.8,525.6,12.4,504.6,31.2,546.3,357,0.395,3
364,-167.515,-99.24,56.12,0.0671,0.5377,-0.8404,0.3169,-0.8113,-0.4913,-0.946,-0.2334,-0.2248,25.5,0.0021,3.647,0.858,1.91136,22.1,524.4,12.4,503.7,31.6,544.9,358,0.091,3
365,-167.331,-98.166,54.504,0.1226,0.5635,-0.817,0.3228,-0.8021,-0.5024,-0.9384,-0.2021,-0.2803,25.5,0.0019,3.677,0.893,1.92612,22.4,523.2,12.6,502.7,32.1,543.4,359,0.508,3
366,-167.037,-97.044,52.937,0.1776,0.587,-0.7899,0.3295,-0.7924,-0.5134,-0.9272,-0.1691,-0.3341,25.5,0.0011,3.673,0.924,1.93007,22.9,522.0,12.9,501.8,32.8,541.9,360,0.873,3
367,-166.64,-95.878,51.426,0.2294,0.6096,-0.7588,0.3369,-0.7822,-0.524,-0.913,-0.1354,-0.3848,25.5,0.0019,3.582,0.943,1.89615,23.5,520.7,13.2,500.8,33.5,540.3,360,1.078,3
368,-166.14,-94.67,49.979,0.2822,0.6286,-0.7247,0.3451,-0.7716,-0.5343,-0.8951,-0.0994,-0.4347,25.5,0.0004,3.672,0.968,1.93023,24.1,519.4,13.6,499.7,34.4,538.7,361,0.764,3
369,-165.543,-93.427,48.602,0.3303,0.6469,-0.6873,0.3543,-0.7606,-0.544,-0.8747,-0.0638,-0.4804,25.5,0.0011,3.519,0.992,1.86995,24.9,518.0,14.1,498.7,35.4,537.0,362,0.499,3
370,-164.853,-92.149,47.302,0.3776,0.6631,-0.6464,0.3644,-0.7492,-0.553,-0.851,-0.0267,-0.5245,25.5,0.0017,3.571,1.014,1.89878,25.7,516.6,14.7,497.6,36.5,535.3,363,0.281,3
371,-164.073,-90.842,46.083,0.4222,0.6767,-0.6032,0.3754,-0.7375,-0.5613,-0.8247,0.0105,-0.5654,25.5,0.002,3.508,1.036,1.86833,26.6,515.2,15.3,496.5,37.7,533.6,364,0.112,3
372,-163.208,-89.51,44.952,0.4641,0.6889,-0.5568,0.3874,-0.7256,-0.5687,-0.7958,0.0482,-0.6036,25.5,0.0034,3.493,1.057,1.87233,27.6,513.8,16.0,495.4,39.0,531.9,365,0.016,3
373,-162.263,-88.158,43.913,0.5051,0.6978,-0.5079,0.4001,-0.7136,-0.5751,-0.7637,0.0873,-0.6396,25.5,0.0038,3.558,1.066,1.89389,28.7,512.4,16.7,494.3,40.4,530.1,366,0.089,3
374,-161.238,-86.791,42.974,0.5461,0.7044,-0.4535,0.4135,-0.7016,-0.5803,-0.7269,0.1294,-0.6744,25.5,0.0052,3.774,1.073,2.0118,29.8,510.9,17.5,493.2,41.9,528.3,367,0.128,3
375,-160.134,-85.413,42.147,0.5854,0.7076,-0.3958,0.4275,-0.6897,-0.5844,-0.6865,0.1729,-0.7063,25.5,0.0065,3.862,1.079,2.05425,31.0,509.5,18.4,492.0,43.5,526.6,368,0.131,3
376,-158.96,-84.033,41.429,0.6186,0.7075,-0.3417,0.442,-0.678,-0.5873,-0.6472,0.2122,-0.7321,25.5,0.0056,3.511,1.08,1.86581,32.3,508.0,19.3,490.9,45.1,524.8,369,0.099,3
377,-157.724,-82.656,40.814,0.6487,0.7045,-0.2879,0.457,-0.6665,-0.589,-0.6069,0.2505,-0.7543,25.5,0.0035,3.431,1.087,1.81428,33.6,506.6,20.2,489.8,46.8,523.1,370,0.034,3
378,-156.432,-81.287,40.308,0.6766,0.6991,-0.2311,0.4726,-0.655,-0.5896,-0.5636,0.2897,-0.7736,25.5,0.0019,3.525,1.111,1.86683,35.0,505.2,21.2,488.6,48.6,521.4,371,0.069,3
379,-155.086,-79.932,39.916,0.7035,0.6901,-0.17,0.4892,-0.6434,-0.5889,-0.5157,0.3311,-0.7902,25.5,0.0003,3.751,1.161,1.98019,36.4,503.7,22.2,487.5,50.4,519.7,372,0.202,3
380,-153.691,-78.598,39.644,0.7262,0.6788,-0.1089,0.5067,-0.6317,-0.5867,-0.467,0.3709,-0.8027,25.5,0.0031,3.675,1.213,1.94456,37.8,502.4,23.2,486.4,52.3,518.0,373,0.368,3
381,-152.26,-77.282,39.488,0.7397,0.6709,-0.0518,0.5252,-0.6197,-0.5832,-0.4234,0.4042,-0.8108,25.5,0.0029,3.178,1.279,1.74019,39.3,501.0,24.2,485.4,54.2,516.4,374,0.563,3
382,-150.802,-75.989,39.442,0.754,0.6569,0.0046,0.5446,-0.6073,-0.5785,-0.3772,0.4386,-0.8157,25.5,0.009,3.313,1.346,1.75907,40.8,499.7,25.2,484.4,56.2,514.7,375,0.777,3
383,-149.327,-74.716,39.506,0.7577,0.6498,0.0603,0.5643,-0.5948,-0.5725,-0.3362,0.4678,-0.8174,25.5,0.0065,2.886,1.38,1.65397,42.3,498.4,26.2,483.4,58.2,513.1,377,0.706,3
384,-147.848,-73.458,39.676,0.7614,0.638,0.1148,0.5843,-0.5822,-0.5654,-0.2939,0.4976,-0.8161,25.5,0.0085,2.966,1.414,1.64258,43.8,497.1,27.2,482.4,60.2,511.6,378,0.463,3
385,-146.365,-72.221,39.948,0.7568,0.6333,0.1617,0.6037,-0.5698,-0.5575,-0.261,0.5196,-0.8136,25.5,0.0059,2.272,1.395,1.39198,45.3,495.9,28.2,481.5,62.1,510.0,379,0.218,3
386,-144.904,-70.979,40.296,0.7415,0.6428,0.1921,0.6217,-0.5583,-0.5493,-0.2459,0.5268,-0.8137,25.5,0.0034,0.958,1.311,1.03853,46.8,494.6,29.2,480.5,64.0,508.5,380,0.028,3
387,-143.467,-69.732,40.723,0.7324,0.6364,0.2419,0.6378,-0.5481,-0.5411,-0.2118,0.5506,-0.8074,25.5,0.0126,2.41,1.189,1.49989,48.2,493.3,30.3,479.5,65.9,507.0,381,0.27,3
388,-142.047,-68.489,41.216,0.7239,0.6395,0.2589,0.6516,-0.5396,-0.5332,-0.2013,0.5547,-0.8074,25.5,0.0114,0.646,1.033,0.56581,49.6,492.1,31.4,478.4,67.6,505.5,382,0.5,3
389,-140.644,-67.231,41.717,0.7147,0.6528,0.2512,0.6628,-0.5331,-0.5258,-0.2093,0.5423,-0.8137,25.5,0.0064,0.919,0.855,0.52626,51.0,490.8,32.5,477.3,69.3,504.1,383,0.702,3
390,-139.262,-65.936,42.179,0.7027,0.6772,0.2182,0.6715,-0.5289,-0.519,-0.2361,0.5112,-0.8264,25.5,0.0004,2.462,0.677,1.25652,52.4,489.5,33.6,476.1,70.9,502.7,384,0.863,3
391,-137.907,-64.593,42.583,0.6872,0.6975,0.2032,0.6774,-0.5272,-0.5131,-0.2507,0.4902,-0.8347,25.5,0.0065,1.541,0.488,0.87053,53.7,488.2,34.9,474.8,72.4,501.3,386,0.942,3
392,-136.58,-63.217,42.966,0.6748,0.7139,0.187,0.6808,-0.5278,-0.5079,-0.2639,0.4701,-0.8422,25.5,0.0124,1.443,0.358,0.76915,55.1,486.8,36.1,473.4,73.8,500.0,387,0.988,3
393,-135.274,-61.809,43.304,0.6649,0.7302,0.1571,0.6819,-0.5304,-0.5036,-0.2844,0.442,-0.8507,25.5,0.013,2.052,0.295,1.04215,56.4,485.3,37.4,471.8,75.1,498.6,387,0.965,3
394,-133.986,-60.37,43.567,0.6562,0.7466,0.1095,0.6813,-0.5347,-0.4999,-0.3146,0.4027,-0.8596,25.5,0.0069,2.886,0.327,1.50168,57.7,483.9,38.8,470.2,76.4,497.3,388,0.813,4
395,-132.72,-58.896,43.733,0.641,0.7649,0.0631,0.6792,-0.5403,-0.4968,-0.3459,0.3613,-0.8659,25.5,0.0093,2.996,0.386,1.53262,59.0,482.4,40.1,468.6,77.6,496.0,389,0.537,4
396,-131.485,-57.389,43.812,0.626,0.7797,0.0172,0.6759,-0.5469,-0.4941,-0.3758,0.3209,-0.8693,25.5,0.0118,2.887,0.45,1.48442,60.2,480.8,41.5,466.8,78.7,494.6,390,0.131,4
397,-130.278,-55.859,43.799,0.6131,0.7894,-0.0316,0.6715,-0.5544,-0.4916,-0.4056,0.2802,-0.87,25.5,0.0104,2.891,0.518,1.51051,61.5,479.3,42.8,465.1,79.8,493.2,391,0.396,4
398,-129.095,-54.313,43.686,0.5979,0.797,-0.0853,0.6663,-0.5627,-0.4892,-0.4379,0.2357,-0.8676,25.5,0.0084,3.154,0.578,1.65555,62.7,477.7,44.2,463.3,80.9,491.9,392,1.032,4
399,-127.948,-52.752,43.465,0.5787,0.8032,-0.1412,0.6605,-0.5716,-0.4868,-0.4717,0.1885,-0.8614,25.5,0.0081,3.346,0.624,1.74688,63.9,476.1,45.6,461.4,81.9,490.5,392,0.919,4
400,-126.838,-51.184,43.136,0.5603,0.8049,-0.1956,0.6543,-0.5807,-0.4843,-0.5034,0.1434,-0.8521,25.5,0.0061,3.203,0.647,1.68864,65.0,474.4,46.9,459.5,82.9,489.1,393,0.177,4
401,-125.764,-49.615,42.703,0.54,0.8039,-0.2494,0.6479,-0.59,-0.4818,-0.5345,0.0985,-0.8394,25.5,0.0043,3.213,0.663,1.69036,66.2,472.8,48.2,457.7,83.9,487.8,394,0.681,4
402,-124.734,-48.051,42.161,0.5162,0.7998,-0.3064,0.6415,-0.5991,-0.4792,-0.5668,0.0508,-0.8223,25.5,0.0012,3.444,0.655,1.81958,67.3,471.2,49.5,455.8,84.8,486.4,394,1.27,4
403,-123.752,-46.499,41.507,0.4905,0.7914,-0.3649,0.6351,-0.6079,-0.4765,-0.5989,0.0019,-0.8008,25.5,0.0043,3.571,0.642,1.89437,68.3,469.6,50.8,454.0,85.7,485.0,395,0.29,4
404,-122.822,-44.967,40.74,0.4627,0.7799,-0.4215,0.629,-0.6164,-0.4738,-0.6293,-0.0459,-0.7758,25.5,0.01,3.548,0.619,1.88416,69.3,468.0,51.9,452.1,86.5,483.7,396,0.832,4
405,-121.948,-43.459,39.866,0.4338,0.7661,-0.4742,0.6232,-0.6243,-0.4711,-0.657,-0.0912,-0.7483,25.5,0.0155,3.427,0.582,1.81267,70.3,466.4,53.1,450.4,87.3,482.3,396,1.119,4
406,-121.129,-41.979,38.896,0.4073,0.7507,-0.5201,0.6177,-0.6317,-0.4684,-0.6803,-0.1305,-0.7212,25.5,0.021,3.044,0.55,1.62212,71.2,464.9,54.1,448.6,88.0,481.0,397,0.171,4
407,-120.36,-40.533,37.839,0.3813,0.7333,-0.5629,0.6127,-0.6385,-0.4658,-0.7012,-0.1673,-0.693,25.5,0.0276,2.914,0.506,1.55837,72.1,463.4,55.2,446.9,88.7,479.6,398,1.643,4
408,-119.642,-39.117,36.708,0.3552,0.7206,-0.5955,0.608,-0.6448,-0.4632,-0.718,-0.1976,-0.6674,25.5,0.0272,2.468,0.474,1.28284,72.9,461.9,56.1,445.3,89.4,478.3,398,0.309,4
409,-118.972,-37.72,35.524,0.3327,0.7133,-0.6168,0.6037,-0.6505,-0.4608,-0.7301,-0.2191,-0.6472,25.5,0.0211,1.827,0.432,0.93555,73.6,460.5,57.0,443.7,90.0,477.0,399,1.331,4
410,-118.341,-36.345,34.294,0.3154,0.6974,-0.6435,0.5997,-0.6559,-0.4584,-0.7421,-0.2415,-0.6253,25.5,0.0267,1.922,0.409,1.04528,74.4,459.1,57.9,442.1,90.6,475.7,399,0.619,4
411,-117.741,-34.995,33.022,0.3,0.6889,-0.6599,0.5961,-0.6608,-0.4562,-0.7505,-0.2566,-0.609,25.5,0.0247,1.361,0.37,0.70669,75.1,457.6,58.7,440.6,91.2,474.5,400,1.148,4
412,-117.17,-33.654,31.725,0.2857,0.6864,-0.6688,0.5926,-0.6654,-0.454,-0.7567,-0.2667,-0.5969,25.5,0.0162,0.97,0.354,0.50026,75.7,456.3,59.5,439.1,91.8,473.2,400,0.805,4
413,-116.627,-32.315,30.417,0.2717,0.6888,-0.6721,0.5894,-0.6696,-0.4518,-0.7613,-0.2734,-0.588,25.5,0.0026,0.691,0.328,0.4285,76.4,454.9,60.2,437.6,92.3,471.9,401,1.044,4
414,-116.111,-30.965,29.107,0.2574,0.6956,-0.6707,0.5865,-0.6736,-0.4497,-0.7648,-0.2776,-0.5814,25.5,0.016,0.491,0.308,0.4671,77.0,453.5,60.9,436.1,92.8,470.6,401,0.907,4
415,-115.624,-29.608,27.796,0.2419,0.6939,-0.6782,0.5837,-0.6774,-0.4477,-0.7703,-0.2876,-0.5691,25.5,0.0252,0.961,0.294,0.50871,77.6,452.1,61.6,434.6,93.3,469.3,402,0.972,4
416,-115.165,-28.259,26.465,0.2293,0.6904,-0.6861,0.581,-0.681,-0.4457,-0.7754,-0.2965,-0.5576,25.5,0.0311,0.883,0.282,0.44884,78.1,450.7,62.2,433.1,93.8,468.0,402,0.98,4
417,-114.728,-26.912,25.123,0.2192,0.6911,-0.6887,0.5784,-0.6845,-0.4437,-0.7787,-0.3013,-0.5503,25.5,0.0407,0.535,0.275,0.30708,78.6,449.3,62.8,431.7,94.2,466.7,403,0.874,4
418,-114.309,-25.561,23.781,0.2106,0.6954,-0.687,0.576,-0.6879,-0.4417,-0.7809,-0.3031,-0.5462,25.5,0.0536,0.286,0.265,0.2869,79.2,447.9,63.4,430.2,94.7,465.4,403,1.078,4
419,-113.906,-24.197,22.446,0.2027,0.7037,-0.681,0.5736,-0.6911,-0.4397,-0.782,-0.3022,-0.5451,25.5,0.0706,0.103,0.256,0.37998,79.7,446.5,64.0,428.7,95.1,464.1,404,0.696,4
420,-113.519,-22.813,21.129,0.195,0.7168,-0.6695,0.5713,-0.6943,-0.4377,-0.782,-0.2984,-0.5473,25.5,0.0932,0.252,0.253,0.56012,80.1,445.1,64.6,427.2,95.5,462.7,404,1.255,4
421,-113.146,-21.396,19.84,0.1865,0.737,-0.6497,0.569,-0.6975,-0.4356,-0.7803,-0.2907,-0.5538,25.5,0.1249,0.585,0.256,0.86731,80.6,443.6,65.1,425.7,95.9,461.4,405,0.386,4
422,-112.794,-19.939,18.596,0.1728,0.7558,-0.6315,0.5667,-0.7007,-0.4334,-0.7799,-0.2866,-0.5564,25.5,0.158,0.279,0.259,0.86847,81.0,442.1,65.6,424.1,96.2,460.0,405,1.563,4
423,-112.473,-18.45,17.379,0.1576,0.7717,-0.6161,0.5644,-0.7039,-0.4312,-0.7805,-0.2849,-0.5565,25.5,0.1886,0.103,0.259,0.78911,81.4,440.6,66.1,422.5,96.6,458.5,406,0.098,4
424,-112.178,-16.928,16.197,0.145,0.7903,-0.5953,0.5622,-0.7071,-0.4289,-0.7794,-0.2794,-0.5608,25.5,0.222,0.405,0.259,0.89978,81.8,439.1,66.5,420.9,96.9,457.1,407,1.202,4
425,-111.905,-15.367,15.061,0.1362,0.8111,-0.5688,0.5599,-0.7103,-0.4266,-0.7761,-0.2694,-0.5701,25.5,0.2572,0.805,0.261,1.02328,82.2,437.5,67.0,419.2,97.1,455.6,407,0.748,4
426,-111.644,-13.764,13.982,0.1325,0.8329,-0.5373,0.5577,-0.7135,-0.4242,-0.7704,-0.2546,-0.5846,25.5,0.2925,1.231,0.262,1.13104,82.5,435.9,67.4,417.5,97.4,454.0,408,0.4,4
427,-111.398,-12.118,12.965,0.1194,0.8547,-0.5052,0.5555,-0.7166,-0.4218,-0.7663,-0.2442,-0.5942,25.5,0.3331,0.844,0.258,1.20355,82.8,434.2,67.8,415.8,97.6,452.4,409,1.416,4
428,-111.175,-10.431,12.014,0.1094,0.8756,-0.4706,0.5533,-0.7197,-0.4194,-0.7606,-0.2311,-0.6067,25.5,0.3723,1.088,0.258,1.22371,83.1,432.5,68.1,414.0,97.9,450.8,409,0.534,4
429,-110.967,-8.705,11.132,0.1049,0.895,-0.4335,0.5511,-0.7228,-0.417,-0.7521,-0.2138,-0.6234,25.5,0.4083,1.461,0.258,1.23749,83.3,430.8,68.4,412.2,98.1,449.1,410,0.37,4
430,-110.762,-6.942,10.324,0.1066,0.9126,-0.3947,0.549,-0.7258,-0.4146,-0.7404,-0.1921,-0.6442,25.5,0.4402,1.848,0.251,1.2532,83.6,429.0,68.8,410.3,98.3,447.4,411,1.182,4
431,-110.564,-5.146,9.594,0.0982,0.9301,-0.354,0.547,-0.7286,-0.4122,-0.7301,-0.1744,-0.6607,25.5,0.478,1.507,0.24,1.32516,83.8,427.2,69.1,408.4,98.4,445.7,411,0.769,4
432,-110.375,-3.316,8.946,0.0963,0.9461,-0.3094,0.545,-0.7314,-0.4099,-0.7152,-0.1504,-0.6826,25.5,0.5127,2.048,0.237,1.39366,84.1,425.3,69.4,406.5,98.6,443.9,412,0.034,4
433,-110.184,-1.458,8.389,0.1014,0.9598,-0.2617,0.5432,-0.734,-0.4077,-0.6946,-0.12,-0.7093,25.5,0.5427,2.602,0.221,1.46625,84.3,423.5,69.7,404.6,98.8,442.2,413,0.655,4
434,-109.978,0.425,7.927,0.1069,0.9713,-0.2124,0.5415,-0.7364,-0.4056,-0.6706,-0.0873,-0.7367,25.5,0.5712,2.805,0.207,1.49663,84.5,421.6,69.9,402.6,99.0,440.3,413,1.295,4
435,-109.768,2.328,7.56,0.1098,0.9805,-0.1633,0.5399,-0.7386,-0.4036,-0.6449,-0.0548,-0.7623,25.5,0.599,2.791,0.193,1.47067,84.8,419.7,70.2,400.6,99.1,438.5,414,0.644,4
436,-109.548,4.247,7.29,0.1164,0.9865,-0.1148,0.5385,-0.7407,-0.4018,-0.6148,-0.0192,-0.7885,25.5,0.6219,3.064,0.178,1.44932,85.0,417.7,70.5,398.6,99.3,436.6,415,0.023,4
437,-109.311,6.174,7.112,0.1267,0.9896,-0.0674,0.5372,-0.7425,-0.4002,-0.5804,0.0188,-0.8141,25.5,0.6397,3.283,0.157,1.42854,85.3,415.8,70.8,396.6,99.6,434.7,416,0.583,4
438,-109.06,8.105,7.026,0.1317,0.9911,-0.0208,0.5361,-0.7441,-0.3987,-0.5456,0.055,-0.8362,25.5,0.6586,3.144,0.141,1.37821,85.5,413.9,71.1,394.7,99.8,432.9,417,1.164,4
439,-108.796,10.037,7.03,0.1391,0.99,0.0246,0.5352,-0.7454,-0.3974,-0.5073,0.0926,-0.8568,25.5,0.6733,3.294,0.117,1.35217,85.8,411.9,71.4,392.7,100.0,431.0,417,0.786,4
440,-108.516,11.964,7.122,0.1493,0.9863,0.0696,0.5344,-0.7466,-0.3962,-0.4646,0.1321,-0.8756,25.5,0.6842,3.503,0.107,1.36045,86.1,410.0,71.7,390.7,100.3,429.1,418,0.226,4
441,-108.213,13.882,7.302,0.1591,0.9806,0.1148,0.5339,-0.7475,-0.3952,-0.4187,0.1723,-0.8916,25.5,0.6934,3.615,0.082,1.36957,86.3,408.1,72.0,388.7,100.5,427.2,419,0.316,4
442,-107.897,15.787,7.569,0.1662,0.9732,0.1587,0.5335,-0.7482,-0.3943,-0.3722,0.2109,-0.9039,25.5,0.7021,3.534,0.069,1.32498,86.6,406.1,72.3,386.8,100.8,425.3,420,0.835,4
443,-107.563,17.676,7.92,0.1774,0.9634,0.2011,0.5334,-0.7487,-0.3936,-0.3228,0.2499,-0.9129,25.5,0.7058,3.643,0.05,1.32063,87.0,404.2,72.6,384.9,101.1,423.4,420,1.116,4
444,-107.203,19.543,8.352,0.1923,0.9512,0.2414,0.5335,-0.749,-0.393,-0.2721,0.288,-0.9182,25.5,0.7047,3.647,0.039,1.3126,87.3,402.4,72.9,383.0,101.5,421.6,421,0.62,4
445,-106.815,21.384,8.863,0.2024,0.9367,0.2856,0.5338,-0.749,-0.3926,-0.2171,0.3273,-0.9196,25.5,0.7057,3.875,0.029,1.399,87.7,400.5,73.3,381.1,101.9,419.7,422,0.149,4
446,-106.413,23.195,9.461,0.2112,0.9215,0.3259,0.5344,-0.7487,-0.3923,-0.1657,0.3623,-0.9172,25.5,0.7049,3.566,0.042,1.29209,88.0,398.7,73.6,379.3,102.2,417.9,423,0.3,4
447,-105.986,24.978,10.126,0.2271,0.9073,0.3539,0.5354,-0.7481,-0.3921,-0.1267,0.3879,-0.913,25.5,0.6959,2.684,0.068,1.03421,88.4,396.9,74.0,377.4,102.7,416.1,424,0.728,4
448,-105.523,26.735,10.834,0.2491,0.8948,0.3705,0.5367,-0.7471,-0.3921,-0.101,0.4045,-0.909,25.5,0.6801,1.768,0.094,0.88926,88.8,395.1,74.4,375.7,103.1,414.3,425,1.14,4
449,-105.013,28.468,11.566,0.2722,0.8815,0.3859,0.5385,-0.7458,-0.3922,-0.0773,0.4198,-0.9043,25.5,0.6622,1.639,0.127,0.90476,89.3,393.3,74.8,373.9,103.6,412.5,425,0.81,4
450,-104.469,30.169,12.348,0.2858,0.8645,0.4135,0.5407,-0.744,-0.3925,-0.0417,0.4423,-0.8959,25.5,0.651,2.461,0.164,1.03303,89.8,391.6,75.3,372.2,104.2,410.8,426,0.414,4
451,-103.898,31.843,13.169,0.3004,0.8532,0.4264,0.5435,-0.7418,-0.3929,-0.0245,0.4538,-0.8908,25.5,0.6372,1.221,0.205,0.66173,90.3,389.9,75.7,370.6,104.8,409.0,427,0.045,4
452,-103.296,33.5,14.004,0.3173,0.8463,0.4279,0.5468,-0.7391,-0.3934,-0.0212,0.4575,-0.889,25.5,0.6203,0.302,0.246,0.53815,90.9,388.2,76.2,368.9,105.4,407.3,428,0.33,4
453,-102.658,35.146,14.831,0.338,0.8432,0.4181,0.5507,-0.7359,-0.3941,-0.0307,0.4539,-0.8905,25.5,0.5991,0.588,0.292,0.67915,91.5,386.6,76.7,367.3,106.1,405.6,429,0.672,4
454,-101.974,36.791,15.626,0.3648,0.8436,0.3941,0.5551,-0.7321,-0.3948,-0.0542,0.4418,-0.8955,25.5,0.5707,1.541,0.335,1.05695,92.1,384.9,77.2,365.7,106.9,403.8,430,0.992,4
455,-101.233,38.426,16.385,0.3947,0.8332,0.3873,0.5601,-0.7278,-0.3957,-0.0568,0.4428,-0.8948,25.5,0.5386,0.165,0.381,0.95178,92.8,383.2,77.8,364.2,107.7,402.1,430,0.957,4
456,-100.438,40.042,17.131,0.4205,0.8255,0.3766,0.5657,-0.7229,-0.3968,-0.0642,0.4411,-0.8952,25.5,0.5083,0.436,0.431,0.85145,93.6,381.6,78.4,362.6,108.7,400.3,431,0.658,4
457,-99.596,41.648,17.849,0.4412,0.823,0.3579,0.5718,-0.7174,-0.3979,-0.0806,0.4336,-0.8975,25.5,0.4806,1.042,0.475,0.82295,94.4,379.9,79.0,361.1,109.6,398.5,432,0.378,4
458,-98.721,43.255,18.522,0.4558,0.8263,0.3309,0.5784,-0.7113,-0.3992,-0.1062,0.4196,-0.9015,25.5,0.4562,1.687,0.52,0.90722,95.3,378.3,79.7,359.6,110.6,396.8,433,0.118,4
459,-97.82,44.871,19.136,0.4728,0.8278,0.3021,0.5855,-0.7047,-0.4007,-0.1315,0.4052,-0.9047,25.5,0.4276,1.678,0.562,0.98379,96.1,376.6,80.4,358.1,111.7,395.0,434,0.128,4
460,-96.876,46.481,19.701,0.4933,0.8247,0.2768,0.5931,-0.6974,-0.4024,-0.151,0.3945,-0.9064,25.5,0.394,1.278,0.612,0.96119,97.1,375.0,81.1,356.6,112.8,393.2,435,0.356,4
461,-95.901,48.09,20.214,0.5059,0.8261,0.2482,0.601,-0.6895,-0.4042,-0.1749,0.38,-0.9083,25.5,0.3659,1.605,0.648,0.91931,98.0,373.4,81.9,355.2,114.0,391.3,436,0.569,4
462,-94.909,49.706,20.667,0.5102,0.8325,0.2159,0.6094,-0.6809,-0.4062,-0.2035,0.3608,-0.9102,25.5,0.3436,1.977,0.698,0.97585,99.0,371.7,82.6,353.8,115.2,389.5,437,0.77,4
463,-93.913,51.338,21.053,0.515,0.8383,0.179,0.6182,-0.6716,-0.4083,-0.2342,0.3385,-0.9114,25.5,0.3177,2.175,0.743,1.10671,100.0,370.1,83.4,352.3,116.4,387.6,438,0.959,4
464,-92.899,52.973,21.365,0.5239,0.84,0.1414,0.6274,-0.6617,-0.4107,-0.2623,0.317,-0.9114,25.5,0.2852,2.027,0.786,1.13671,101.0,368.4,84.1,350.9,117.6,385.7,438,0.991,4
465,-91.878,54.616,21.607,0.5218,0.8462,0.1086,0.6367,-0.6511,-0.4132,-0.2891,0.2951,-0.9107,25.5,0.2636,1.984,0.821,0.98288,102.0,366.7,84.9,349.5,118.9,383.8,439,0.809,4
466,-90.871,56.275,21.793,0.5094,0.8565,0.0836,0.6461,-0.64,-0.4159,-0.3129,0.2748,-0.9091,25.5,0.2538,1.795,0.848,0.87419,103.0,365.0,85.7,348.1,120.1,381.8,440,0.622,4
467,-89.885,57.952,21.928,0.5046,0.8618,0.0518,0.6555,-0.6285,-0.4187,-0.3376,0.2521,-0.9069,25.5,0.2326,1.926,0.866,0.95776,104.0,363.3,86.4,346.7,121.4,379.8,441,0.416,4
468,-88.906,59.637,22.001,0.4981,0.8667,0.0259,0.6648,-0.6166,-0.4218,-0.3579,0.2327,-0.9043,25.5,0.2142,1.616,0.883,0.79777,105.0,361.6,87.2,345.2,122.6,377.8,442,0.175,4
469,-87.947,61.334,22.036,0.4854,0.8742,0.0108,0.6738,-0.6045,-0.4249,-0.373,0.2182,-0.9018,25.5,0.206,1.208,0.882,0.62031,106.0,359.9,87.9,343.8,123.8,375.8,443,0.117,4
470,-87.017,63.048,22.05,0.467,0.8842,0.0054,0.6827,-0.5922,-0.4281,-0.3837,0.2081,-0.8997,25.5,0.2071,0.852,0.889,0.6355,106.9,358.2,88.6,342.4,125.0,373.8,444,0.468,4
471,-86.128,64.783,22.056,0.4466,0.8947,-0.0053,0.6913,-0.5798,-0.4312,-0.3976,0.1931,-0.897,25.5,0.2077,1.182,0.883,0.74404,107.8,356.4,89.3,340.9,126.1,371.7,445,0.897,4
472,-85.273,66.535,22.028,0.4308,0.9022,-0.0212,0.6995,-0.5675,-0.4343,-0.4123,0.1759,-0.8939,25.5,0.2014,1.309,0.865,0.69456,108.7,354.6,90.0,339.5,127.2,369.6,445,1.053,4
473,-84.446,68.301,21.981,0.4175,0.9083,-0.0253,0.7075,-0.5553,-0.4372,-0.4195,0.168,-0.8921,25.5,0.1979,0.621,0.852,0.4465,109.5,352.9,90.6,338.0,128.2,367.5,446,0.536,4
474,-83.643,70.077,21.936,0.4062,0.9136,-0.0186,0.7151,-0.5432,-0.44,-0.4204,0.1687,-0.8915,25.5,0.1976,0.074,0.834,0.41626,110.3,351.1,91.2,336.5,129.2,365.4,447,0.09,4
475,-82.861,71.863,21.915,0.3964,0.9181,-0.0013,0.7224,-0.5313,-0.4426,-0.4155,0.1781,-0.892,25.5,0.2009,0.608,0.814,0.59901,111.1,349.3,91.8,335.0,130.2,363.3,448,0.813,4
476,-82.099,73.658,21.932,0.3828,0.9237,0.0127,0.7293,-0.5197,-0.4449,-0.4133,0.1836,-0.8919,25.5,0.2065,0.339,0.784,0.59677,111.9,347.4,92.4,333.5,131.1,361.2,448,1.136,4
477,-81.368,75.465,21.961,0.3683,0.9295,0.0181,0.736,-0.5084,-0.447,-0.4156,0.1819,-0.8912,25.5,0.2096,0.169,0.762,0.48555,112.6,345.6,93.0,331.9,132.0,359.1,449,0.304,4
478,-80.66,77.281,22.007,0.3587,0.933,0.0299,0.7424,-0.4974,-0.4489,-0.4132,0.1874,-0.8911,25.5,0.2112,0.344,0.737,0.45865,113.3,343.8,93.5,330.3,132.9,357.0,450,0.637,4
479,-79.966,79.102,22.082,0.3538,0.9341,0.0486,0.7484,-0.4867,-0.4505,-0.4063,0.2003,-0.8915,25.5,0.2117,0.839,0.709,0.56896,114.0,341.9,94.1,328.7,133.8,354.9,450,1.314,4
480,-79.277,80.922,22.202,0.3534,0.9324,0.0755,0.7542,-0.4763,-0.4519,-0.3944,0.2217,-0.8918,25.5,0.2117,1.403,0.687,0.79215,114.7,340.1,94.6,327.2,134.6,352.8,451,0.271,4
481,-78.586,82.736,22.381,0.353,0.9297,0.1055,0.7598,-0.4662,-0.4532,-0.3809,0.2457,-0.8914,25.5,0.213,1.578,0.666,0.88522,115.4,338.2,95.2,325.6,135.4,350.7,452,0.879,4
482,-77.904,84.549,22.61,0.3472,0.9288,0.1299,0.7651,-0.4564,-0.4543,-0.3715,0.2634,-0.8903,25.5,0.2173,1.15,0.641,0.73743,116.1,336.4,95.7,323.9,136.2,348.6,452,1.072,4
483,-77.23,86.357,22.889,0.344,0.9257,0.1575,0.7701,-0.4469,-0.4552,-0.3598,0.2849,-0.8885,25.5,0.2205,1.406,0.617,0.82154,116.8,334.5,96.2,322.3,137.0,346.6,453,0.189,4
484,-76.561,88.157,23.225,0.3434,0.9203,0.1876,0.775,-0.4376,-0.456,-0.3462,0.3097,-0.8856,25.5,0.2221,1.629,0.604,0.89883,117.4,332.7,96.8,320.7,137.8,344.5,454,1.567,4
485,-75.889,89.944,23.622,0.3455,0.9125,0.2189,0.7797,-0.4285,-0.4566,-0.3311,0.3368,-0.8814,25.5,0.2216,1.794,0.588,0.94998,118.1,330.9,97.3,319.1,138.6,342.5,454,0.383,4
486,-75.217,91.716,24.079,0.3436,0.9051,0.2505,0.7841,-0.4197,-0.4571,-0.3167,0.3628,-0.8764,25.5,0.225,1.727,0.564,0.95535,118.8,329.0,97.9,317.5,139.4,340.4,455,1.125,4
487,-74.549,93.473,24.597,0.3422,0.8968,0.2804,0.7884,-0.4112,-0.4575,-0.3029,0.3878,-0.8705,25.5,0.2273,1.671,0.546,0.91284,119.4,327.2,98.4,315.9,140.2,338.4,455,0.825,4
488,-73.882,95.213,25.17,0.3422,0.8882,0.3066,0.7925,-0.4028,-0.4579,-0.2908,0.4104,-0.8643,25.5,0.227,1.511,0.536,0.81035,120.1,325.4,98.9,314.3,140.9,336.4,456,0.812,4
489,-73.213,96.937,25.79,0.3434,0.8801,0.3279,0.7965,-0.3947,-0.4581,-0.2809,0.4294,-0.8583,25.5,0.2241,1.275,0.518,0.67058,120.7,323.7,99.5,312.7,141.7,334.4,456,1.139,4
490,-72.543,98.646,26.447,0.3437,0.8726,0.3472,0.8002,-0.3868,-0.4582,-0.2723,0.4464,-0.8524,25.5,0.2216,1.143,0.5,0.60851,121.4,321.9,100.0,311.1,142.4,332.5,457,0.601,4
491,-71.874,100.34,27.144,0.3426,0.8649,0.3669,0.8038,-0.3792,-0.4583,-0.2638,0.4633,-0.846,25.5,0.2207,1.144,0.482,0.62238,122.0,320.1,100.6,309.6,143.2,330.5,457,1.35,4
492,-71.206,102.019,27.876,0.3427,0.8574,0.3839,0.8073,-0.3717,-0.4584,-0.2565,0.4785,-0.8398,25.5,0.218,1.029,0.474,0.54602,122.7,318.4,101.1,308.0,143.9,328.6,458,0.459,4
493,-70.536,103.684,28.639,0.344,0.8501,0.3987,0.8106,-0.3645,-0.4583,-0.2501,0.4923,-0.8338,25.5,0.2137,0.937,0.454,0.48642,123.3,316.6,101.7,306.4,144.7,326.7,458,1.491,4
494,-69.864,105.334,29.43,0.3462,0.8428,0.412,0.8138,-0.3574,-0.4582,-0.2443,0.505,-0.8278,25.5,0.2083,0.871,0.446,0.45047,124.0,314.9,102.3,304.9,145.4,324.8,459,0.353,4
495,-69.186,106.971,30.245,0.3495,0.8356,0.4238,0.8169,-0.3505,-0.4581,-0.2391,0.517,-0.8219,25.5,0.2015,0.822,0.433,0.4176,124.6,313.2,102.8,303.3,146.1,322.9,459,1.598,4
496,-68.502,108.593,31.083,0.3503,0.8286,0.4367,0.8199,-0.3436,-0.4579,-0.2339,0.5289,-0.8158,25.5,0.1975,0.822,0.431,0.43201,125.3,311.5,103.4,301.8,146.9,321.1,460,0.246,4
497,-67.819,110.202,31.947,0.3506,0.8219,0.449,0.8228,-0.3369,-0.4577,-0.2292,0.5401,-0.8098,25.5,0.1939,0.776,0.418,0.41159,126.0,309.8,104.0,300.3,147.6,319.2,460,1.705,4
498,-67.134,111.798,32.833,0.3521,0.8152,0.4599,0.8257,-0.3303,-0.4574,-0.225,0.5506,-0.8038,25.5,0.1889,0.734,0.413,0.37855,126.6,308.1,104.6,298.7,148.4,317.4,461,0.099,4
499,-66.445,113.381,33.74,0.3546,0.8084,0.4698,0.8285,-0.3237,-0.457,-0.2212,0.5607,-0.798,25.5,0.1826,0.702,0.411,0.36047,127.3,306.5,105.2,297.2,149.1,315.6,462,1.825,4
500,-65.75,114.951,34.665,0.3583,0.8014,0.4789,0.8312,-0.3171,-0.4567,-0.2175,0.5705,-0.792,25.5,0.175,0.692,0.409,0.35445,128.0,304.8,105.8,295.7,149.9,313.8,462,0.125,4
501,-65.048,116.506,35.607,0.3631,0.7941,0.4875,0.8339,-0.3105,-0.4562,-0.2139,0.5802,-0.7859,25.5,0.1662,0.688,0.41,0.36023,128.6,303.1,106.4,294.2,150.6,311.9,463,1.485,4
502,-64.334,118.047,36.566,0.3692,0.7862,0.4956,0.8366,-0.3038,-0.4558,-0.2103,0.5902,-0.7794,25.5,0.1559,0.714,0.415,0.37766,129.3,301.5,107.0,292.7,151.4,310.1,463,0.465,4
503,-63.608,119.572,37.541,0.3744,0.7778,0.5048,0.8393,-0.2971,-0.4553,-0.2064,0.6006,-0.7724,25.5,0.1467,0.752,0.415,0.39672,130.0,299.9,107.6,291.3,152.2,308.4,464,0.995,4
504,-62.874,121.081,38.534,0.3788,0.7698,0.5138,0.842,-0.2902,-0.4547,-0.2029,0.6107,-0.7654,25.5,0.1381,0.732,0.426,0.37672,130.7,298.3,108.2,289.8,153.0,306.6,464,0.955,4
505,-62.132,122.574,39.544,0.3826,0.7621,0.5224,0.8447,-0.2833,-0.4541,-0.1998,0.6202,-0.7585,25.5,0.1299,0.696,0.426,0.35708,131.5,296.7,108.9,288.4,153.8,304.8,465,0.342,4
506,-61.383,124.053,40.571,0.3859,0.7546,0.5307,0.8474,-0.2763,-0.4535,-0.1971,0.6294,-0.7517,25.5,0.1222,0.673,0.431,0.34272,132.2,295.1,109.5,287.0,154.6,303.1,466,1.467,4
507,-60.627,125.517,41.614,0.3887,0.7475,0.5387,0.85,-0.2692,-0.4528,-0.1947,0.6381,-0.7449,25.5,0.1148,0.647,0.435,0.32488,132.9,293.5,110.2,285.6,155.4,301.3,466,0.483,4
508,-59.867,126.968,42.672,0.391,0.7405,0.5466,0.8527,-0.262,-0.452,-0.1926,0.6465,-0.7382,25.5,0.1077,0.627,0.443,0.31743,133.7,291.9,110.9,284.2,156.2,299.6,467,0.462,4
509,-59.103,128.405,43.745,0.3929,0.7338,0.5542,0.8553,-0.2548,-0.4511,-0.1908,0.6546,-0.7315,25.5,0.1009,0.611,0.442,0.3029,134.4,290.4,111.5,282.8,157.0,297.9,468,1.217,4
510,-58.334,129.828,44.834,0.3953,0.726,0.5626,0.858,-0.2474,-0.4502,-0.1885,0.6636,-0.7239,25.5,0.0937,0.688,0.454,0.34418,135.2,288.9,112.2,281.5,157.9,296.1,468,0.733,4
511,-57.561,131.237,45.938,0.3977,0.7186,0.5704,0.8606,-0.2399,-0.4492,-0.1867,0.6721,-0.7165,25.5,0.0864,0.654,0.458,0.32373,135.9,287.3,112.9,280.1,158.7,294.4,469,0.178,4
512,-56.783,132.631,47.058,0.4001,0.7114,0.5778,0.8632,-0.2321,-0.4483,-0.1854,0.6803,-0.7091,25.5,0.0788,0.637,0.474,0.31146,136.7,285.8,113.6,278.8,159.5,292.7,470,0.171,4
513,-56.0,134.011,48.192,0.4026,0.704,0.585,0.8659,-0.2239,-0.4474,-0.1844,0.6884,-0.7015,25.5,0.0707,0.639,0.497,0.31211,137.5,284.3,114.2,277.5,160.4,291.0,471,0.298,4
514,-55.213,135.376,49.34,0.4052,0.6963,0.5924,0.8685,-0.2151,-0.4465,-0.1838,0.6968,-0.6933,25.5,0.0624,0.673,0.528,0.323,138.2,282.8,114.9,276.2,161.2,289.3,472,0.198,4
515,-54.42,136.726,50.503,0.4081,0.6878,0.6003,0.8712,-0.2057,-0.4458,-0.1834,0.7059,-0.6841,25.5,0.0536,0.742,0.562,0.35139,139.0,281.3,115.6,275.0,162.1,287.6,473,0.121,4
516,-53.621,138.058,51.682,0.4115,0.6781,0.609,0.8739,-0.1955,-0.4451,-0.1829,0.7161,-0.6736,25.5,0.044,0.839,0.606,0.39577,139.8,279.9,116.3,273.8,162.9,285.9,474,0.624,4
517,-52.816,139.372,52.876,0.4143,0.6693,0.6168,0.8765,-0.1845,-0.4447,-0.1839,0.7253,-0.6635,25.5,0.0346,0.785,0.648,0.35523,140.6,278.4,117.1,272.6,163.8,284.2,476,0.158,4
518,-52.005,140.666,54.089,0.4179,0.6572,0.6272,0.8789,-0.1731,-0.4444,-0.1836,0.7373,-0.6502,25.5,0.0252,1.026,0.668,0.48062,141.4,277.0,117.8,271.4,164.7,282.4,478,0.165,4
519,-51.186,141.933,55.324,0.4222,0.6419,0.6401,0.8811,-0.1614,-0.4445,-0.182,0.7518,-0.6338,25.5,0.0161,1.258,0.682,0.60156,142.2,275.6,118.5,270.3,165.6,280.7,481,0.368,4
520,-50.359,143.167,56.586,0.4268,0.6237,0.6549,0.8829,-0.1501,-0.445,-0.1793,0.7681,-0.6147,25.5,0.0082,1.447,0.656,0.7025,143.0,274.2,119.3,269.2,166.4,279.1,483,0.062,4
521,-49.522,144.364,57.878,0.4317,0.6043,0.6696,0.8841,-0.1393,-0.446,-0.1762,0.7846,-0.5944,25.5,0.0012,1.509,0.625,0.72957,143.8,272.8,120.0,268.2,167.3,277.5,486,0.345,5
522,-48.675,145.526,59.194,0.4371,0.5875,0.6811,0.8849,-0.1294,-0.4475,-0.1748,0.7983,-0.5764,25.5,0.006,1.299,0.576,0.61896,144.7,271.5,120.9,267.1,168.2,275.9,488,0.103,5
523,-47.818,146.653,60.536,0.441,0.5676,0.6952,0.8852,-0.1202,-0.4494,-0.1715,0.8136,-0.5555,25.5,0.0097,1.496,0.539,0.72574,145.5,270.2,121.7,266.0,169.0,274.4,490,0.044,5
524,-46.956,147.738,61.907,0.4432,0.5445,0.7121,0.8853,-0.1116,-0.4514,-0.1663,0.8306,-0.5315,25.5,0.0102,1.711,0.506,0.8436,146.4,269.0,122.5,265.0,169.9,272.9,492,0.142,5
525,-46.091,148.774,63.314,0.4436,0.5177,0.7316,0.8852,-0.1034,-0.4535,-0.1591,0.8488,-0.5041,25.5,0.0074,1.929,0.485,0.97407,147.2,267.8,123.4,264.0,170.8,271.5,494,0.415,5
526,-45.228,149.756,64.761,0.4419,0.4904,0.7512,0.8852,-0.0954,-0.4554,-0.1516,0.8661,-0.4763,25.5,0.0023,1.925,0.471,0.98885,148.1,266.7,124.2,263.1,171.7,270.2,495,0.365,5
527,-44.367,150.686,66.242,0.4414,0.4633,0.7684,0.8852,-0.0876,-0.457,-0.1444,0.8819,-0.4487,25.5,0.001,1.868,0.456,0.94335,148.9,265.6,125.0,262.2,172.5,268.9,497,0.133,5
528,-43.505,151.561,67.756,0.4431,0.4344,0.7842,0.8852,-0.0799,-0.4584,-0.1365,0.8973,-0.4199,25.5,0.002,1.925,0.448,0.96924,149.8,264.5,125.9,261.3,173.4,267.7,498,0.544,5
529,-42.637,152.379,69.3,0.447,0.4035,0.7984,0.8852,-0.0723,-0.4596,-0.1278,0.9121,-0.3895,25.5,0.0004,2.0,0.441,1.00588,150.7,263.5,126.7,260.5,174.3,266.5,500,0.139,5
530,-41.761,153.134,70.869,0.451,0.3714,0.8116,0.8852,-0.0648,-0.4607,-0.1185,0.9262,-0.358,25.5,0.0013,2.048,0.434,1.02673,151.5,262.6,127.6,259.8,175.2,265.4,501,0.457,5
531,-40.88,153.827,72.464,0.4526,0.3391,0.8247,0.8852,-0.0575,-0.4617,-0.1092,0.939,-0.3262,25.5,0.0004,2.035,0.422,1.0254,152.4,261.7,128.4,259.1,176.1,264.3,503,0.36,5
532,-39.996,154.455,74.084,0.4548,0.3052,0.8366,0.8852,-0.0503,-0.4625,-0.0991,0.951,-0.293,25.5,0.0003,2.104,0.415,1.05785,153.3,260.9,129.3,258.5,177.0,263.3,504,0.181,5
533,-39.106,155.016,75.726,0.4576,0.2692,0.8474,0.8852,-0.0431,-0.4632,-0.0881,0.9621,-0.2581,25.5,0.0009,2.191,0.414,1.10759,154.2,260.2,130.2,257.9,177.9,262.4,505,0.708,5
534,-38.211,155.504,77.388,0.4601,0.2314,0.8572,0.8853,-0.0361,-0.4637,-0.0763,0.9722,-0.2215,25.5,0.0015,2.278,0.402,1.15,155.1,259.5,131.0,257.4,178.8,261.6,507,0.232,5
535,-37.313,155.918,79.069,0.4609,0.1934,0.8661,0.8853,-0.0293,-0.464,-0.0644,0.9807,-0.1847,25.5,0.0005,2.269,0.39,1.14717,156.0,258.9,131.9,257.0,179.7,260.8,508,0.248,5
536,-36.413,156.258,80.765,0.4621,0.1549,0.8732,0.8855,-0.0225,-0.4642,-0.0523,0.9877,-0.1475,25.5,0.0004,2.277,0.39,1.15107,156.9,258.4,132.8,256.7,180.6,260.1,509,0.708,5
537,-35.511,156.522,82.473,0.4637,0.1163,0.8783,0.8856,-0.0158,-0.4642,-0.0401,0.9931,-0.1103,25.5,0.0011,2.264,0.384,1.14522,157.8,258.0,133.7,256.4,181.5,259.5,511,0.391,5
538,-34.605,156.712,84.189,0.4647,0.0782,0.882,0.8857,-0.0093,-0.4641,-0.0281,0.9969,-0.0736,25.5,0.0015,2.223,0.373,1.1254,158.7,257.6,134.6,256.2,182.5,259.0,512,0.007,5
539,-33.699,156.827,85.912,0.4643,0.0406,0.8848,0.8858,-0.0029,-0.464,-0.0163,0.9992,-0.0373,25.5,0.0006,2.191,0.367,1.10803,159.6,257.3,135.5,256.1,183.4,258.5,513,0.354,5
540,-32.794,156.87,87.638,0.4642,0.0025,0.8857,0.8859,0.0033,-0.4638,-0.0041,1.0,-0.0007,25.5,0.0005,2.211,0.355,1.11997,160.5,257.1,136.4,256.0,184.3,258.1,514,0.681,5
541,-31.889,156.836,89.365,0.4645,-0.0367,0.8848,0.8861,0.0093,-0.4635,0.0088,0.9993,0.0369,25.5,0.0011,2.278,0.344,1.15238,161.4,257.0,137.3,256.1,185.3,257.9,516,0.717,5
542,-30.983,156.726,91.088,0.4639,-0.0766,0.8825,0.8862,0.0151,-0.463,0.0222,0.9969,0.0749,25.5,0.0014,2.313,0.334,1.17469,162.4,256.9,138.2,256.2,186.2,257.6,517,0.496,5
543,-30.08,156.538,92.806,0.4622,-0.1155,0.8792,0.8864,0.0206,-0.4625,0.0353,0.9931,0.1119,25.5,0.0007,2.26,0.317,1.14849,163.3,256.9,139.1,256.4,187.2,257.5,518,0.316,5
544,-29.181,156.276,94.515,0.4605,-0.1538,0.8742,0.8866,0.026,-0.4618,0.0483,0.9878,0.1483,25.5,0.0006,2.235,0.312,1.13621,164.2,257.1,140.0,256.6,188.1,257.5,519,0.178,5
545,-28.284,155.939,96.214,0.459,-0.191,0.8677,0.8868,0.0312,-0.461,0.061,0.9811,0.1837,25.5,0.0011,2.189,0.302,1.11069,165.1,257.3,140.9,257.0,189.0,257.5,520,0.088,5
546,-27.391,155.532,97.898,0.4568,-0.2272,0.8601,0.8871,0.0363,-0.4602,0.0733,0.9732,0.2181,25.5,0.0012,2.142,0.296,1.08892,166.0,257.5,141.7,257.4,190.0,257.7,521,0.048,5
547,-26.503,155.055,99.568,0.4536,-0.2617,0.8519,0.8873,0.0413,-0.4593,0.085,0.9643,0.251,25.5,0.0004,2.065,0.291,1.04629,166.9,257.9,142.6,257.8,190.9,257.9,522,0.059,5
548,-25.622,154.512,101.22,0.4506,-0.2948,0.8426,0.8876,0.0463,-0.4583,0.0961,0.9544,0.2825,25.5,0.0001,1.996,0.293,1.01423,167.9,258.3,143.5,258.4,191.9,258.2,523,0.115,5
549,-24.746,153.905,102.853,0.4479,-0.3273,0.832,0.8879,0.0511,-0.4572,0.1072,0.9435,0.3135,25.5,0.0006,1.987,0.283,1.00777,168.8,258.8,144.4,259.0,192.8,258.5,524,0.211,5
550,-23.875,153.235,104.463,0.445,-0.3602,0.8199,0.8882,0.0557,-0.4561,0.1186,0.9312,0.3447,25.5,0.0012,2.03,0.272,1.03373,169.7,259.3,145.3,259.7,193.7,258.9,525,0.34,5
551,-23.012,152.502,106.05,0.4407,-0.3916,0.8077,0.8885,0.0602,-0.4549,0.1295,0.9181,0.3745,25.5,0.0006,1.967,0.267,0.99796,170.5,259.9,146.1,260.5,194.6,259.4,526,0.496,5
552,-22.157,151.708,107.613,0.4364,-0.4226,0.7943,0.8888,0.0645,-0.4537,0.1405,0.904,0.4038,25.5,0.0002,1.967,0.256,1.00049,171.4,260.6,147.0,261.3,195.5,260.0,527,0.673,5
553,-21.31,150.854,109.147,0.4321,-0.454,0.7792,0.8892,0.0688,-0.4524,0.1518,0.8883,0.4334,25.5,0.0005,2.026,0.258,1.03173,172.3,261.4,147.9,262.2,196.4,260.6,528,0.866,5
554,-20.472,149.937,110.65,0.4275,-0.4863,0.7621,0.8896,0.073,-0.4509,0.1637,0.8707,0.4637,25.5,0.0012,2.12,0.257,1.08242,173.2,262.2,148.7,263.1,197.3,261.3,529,1.07,5
555,-19.644,148.957,112.118,0.4216,-0.519,0.7436,0.89,0.0771,-0.4494,0.1759,0.8513,0.4944,25.5,0.001,2.195,0.251,1.11771,174.1,263.1,149.5,264.2,198.2,262.1,529,0.88,5
556,-18.828,147.914,113.549,0.4153,-0.5504,0.7243,0.8904,0.0812,-0.4478,0.1876,0.8309,0.5238,25.5,0.0007,2.157,0.253,1.09879,174.9,264.1,150.4,265.3,199.1,263.0,530,0.67,5
557,-18.024,146.812,114.942,0.4091,-0.5802,0.7043,0.8909,0.0853,-0.4461,0.1987,0.81,0.5518,25.5,0.0008,2.101,0.256,1.07034,175.7,265.2,151.2,266.4,200.0,263.9,531,0.457,5
558,-17.232,145.653,116.296,0.4031,-0.6079,0.6841,0.8915,0.0894,-0.4442,0.2089,0.7889,0.578,25.5,0.0011,2.014,0.261,1.0228,176.6,266.3,152.0,267.7,200.8,264.9,532,0.246,5
559,-16.452,144.442,117.61,0.3966,-0.6343,0.6636,0.892,0.0934,-0.4422,0.2185,0.7674,0.6028,25.5,0.0011,1.959,0.258,1.00068,177.4,267.5,152.8,269.0,201.7,266.0,533,0.04,5
560,-15.686,143.18,118.883,0.3896,-0.6596,0.6427,0.8926,0.0974,-0.4402,0.2278,0.7452,0.6268,25.5,0.0006,1.948,0.259,0.98603,178.2,268.7,153.6,270.3,202.5,267.1,534,0.159,5
561,-14.933,141.87,120.116,0.3826,-0.6838,0.6213,0.8933,0.1013,-0.438,0.2366,0.7226,0.6496,25.5,0.0004,1.907,0.26,0.9714,179.0,270.0,154.3,271.7,203.4,268.2,535,0.342,5
562,-14.194,140.514,121.306,0.3756,-0.7073,0.5989,0.894,0.105,-0.4356,0.2452,0.699,0.6718,25.5,0.0006,1.921,0.256,0.976,179.8,271.3,155.1,273.2,204.2,269.5,536,0.506,5
563,-13.468,139.112,122.45,0.3683,-0.7307,0.5748,0.8948,0.1087,-0.4331,0.2541,0.6738,0.6939,25.5,0.0012,1.987,0.26,1.01017,180.5,272.7,155.8,274.7,205.0,270.8,537,0.647,5
564,-12.758,137.665,123.547,0.3603,-0.7532,0.5503,0.8956,0.1121,-0.4305,0.2625,0.648,0.715,25.5,0.0013,1.969,0.249,1.00542,181.3,274.2,156.5,276.3,205.8,272.1,538,0.759,5
565,-12.063,136.175,124.596,0.3519,-0.7746,0.5255,0.8966,0.1154,-0.4276,0.2706,0.6216,0.7351,25.5,0.0014,1.957,0.258,0.99381,182.0,275.7,157.2,277.9,206.5,273.5,539,0.842,5
566,-11.386,134.645,125.596,0.3431,-0.7948,0.5005,0.8976,0.1186,-0.4246,0.2781,0.5949,0.7541,25.5,0.0012,1.926,0.258,0.97932,182.8,277.3,157.9,279.6,207.3,275.0,540,0.893,5
567,-10.726,133.076,126.548,0.334,-0.8138,0.4756,0.8987,0.1216,-0.4213,0.285,0.5682,0.772,25.5,0.0008,1.884,0.263,0.95847,183.5,278.9,158.6,281.3,208.0,276.5,541,0.914,5
568,-10.084,131.472,127.451,0.3242,-0.8319,0.4504,0.9,0.1244,-0.4177,0.2915,0.5408,0.7891,25.5,0.0002,1.888,0.272,0.95618,184.1,280.5,159.2,283.0,208.8,278.0,542,0.903,5
569,-9.461,129.833,128.305,0.3146,-0.8486,0.4254,0.9014,0.1271,-0.4139,0.2972,0.5136,0.8049,25.5,0.0003,1.832,0.279,0.92743,184.8,282.2,159.8,284.8,209.5,279.6,543,0.858,5
570,-8.856,128.164,129.11,0.3056,-0.8636,0.401,0.9029,0.1295,-0.4099,0.302,0.4873,0.8193,25.5,0.0003,1.74,0.281,0.88224,185.5,283.9,160.4,286.6,210.2,281.3,544,0.778,5
571,-8.269,126.466,129.869,0.2972,-0.8772,0.3771,0.9045,0.1316,-0.4056,0.3061,0.4617,0.8325,25.5,0.0004,1.667,0.289,0.84492,186.1,285.7,161.0,288.5,210.8,282.9,545,0.662,5
572,-7.697,124.744,130.581,0.2893,-0.8896,0.3535,0.9063,0.1333,-0.401,0.3096,0.4364,0.8448,25.5,0.0019,1.624,0.299,0.8171,186.7,287.5,161.6,290.4,211.5,284.7,546,0.506,5
573,-7.147,122.996,131.247,0.2751,-0.9031,0.3298,0.9082,0.1346,-0.3962,0.3134,0.4085,0.8572,25.5,0.0024,1.763,0.305,0.90364,187.3,289.3,162.1,292.2,212.2,286.4,547,0.311,5
574,-6.621,121.224,131.867,0.2653,-0.9143,0.3061,0.9103,0.1354,-0.3912,0.3162,0.3824,0.8682,25.5,0.002,1.631,0.314,0.82237,187.9,291.2,162.6,294.1,212.8,288.3,548,0.081,5
575,-6.109,119.432,132.441,0.2605,-0.9232,0.2826,0.9125,0.1357,-0.3858,0.3179,0.3584,0.8778,25.5,0.0034,1.484,0.335,0.75176,188.4,293.1,163.1,296.1,213.4,290.1,549,0.183,5
576,-5.602,117.625,132.97,0.2604,-0.93,0.2593,0.9149,0.1354,-0.3802,0.3185,0.3363,0.8862,25.5,0.0137,1.355,0.35,0.71326,189.0,295.0,163.6,298.0,214.0,292.0,550,0.474,5
577,-5.09,115.806,133.453,0.265,-0.9349,0.2362,0.9175,0.1345,-0.3743,0.3183,0.3161,0.8937,25.5,0.029,1.235,0.373,0.70697,189.5,296.9,164.1,299.9,214.7,293.9,551,0.79,5
578,-4.576,113.977,133.89,0.2619,-0.9414,0.2124,0.9202,0.1331,-0.3681,0.3185,0.2921,0.9018,25.5,0.0375,1.451,0.396,0.73068,190.1,298.9,164.5,301.8,215.3,295.9,553,0.463,5
579,-4.068,112.136,134.282,0.2603,-0.9467,0.1898,0.923,0.131,-0.3617,0.3179,0.2697,0.909,25.5,0.0476,1.349,0.418,0.68376,190.6,300.8,165.0,303.8,215.9,297.9,554,0.09,5
580,-3.56,110.286,134.631,0.2605,-0.9506,0.1687,0.926,0.1284,-0.355,0.3164,0.2491,0.9153,25.5,0.0593,1.237,0.446,0.63059,191.2,302.8,165.5,305.7,216.6,299.9,555,0.302,6
581,-3.051,108.43,134.941,0.2625,-0.9533,0.1491,0.929,0.1253,-0.3482,0.3141,0.2305,0.921,25.5,0.0725,1.122,0.461,0.58435,191.7,304.8,165.9,307.6,217.2,302.0,556,0.699,6
582,-2.535,106.569,135.214,0.2662,-0.955,0.1311,0.932,0.1217,-0.3414,0.3112,0.2139,0.926,25.5,0.0871,1.007,0.473,0.54231,192.3,306.8,166.4,309.5,217.8,304.0,558,0.443,6
583,-2.011,104.706,135.451,0.2717,-0.9559,0.1119,0.935,0.1177,-0.3345,0.3082,0.1965,0.9308,25.5,0.1041,1.048,0.488,0.58747,192.8,308.8,166.9,311.4,218.5,306.1,559,0.041,6
584,-1.477,102.842,135.65,0.2755,-0.9568,0.0927,0.938,0.1133,-0.3276,0.3051,0.1785,0.9354,25.5,0.1196,1.079,0.499,0.57575,193.4,310.8,167.4,313.4,219.2,308.2,560,0.355,6
585,-0.938,100.975,135.814,0.2767,-0.9579,0.0758,0.9409,0.1086,-0.3207,0.3017,0.1615,0.9396,25.5,0.132,1.022,0.506,0.49893,194.0,312.8,167.9,315.3,219.8,310.3,561,0.74,6
586,-0.4,99.106,135.948,0.2756,-0.9593,0.0611,0.9438,0.1036,-0.314,0.2979,0.1457,0.9434,25.5,0.1415,0.956,0.507,0.43513,194.6,314.8,168.4,317.1,220.5,312.5,563,0.486,6
587,0.135,97.233,136.054,0.2723,-0.961,0.0485,0.9465,0.0985,-0.3073,0.2938,0.1311,0.9468,25.5,0.1482,0.89,0.507,0.38597,195.1,316.8,168.9,319.0,221.1,314.6,564,0.158,6
588,0.661,95.358,136.138,0.2671,-0.9629,0.038,0.9491,0.0933,-0.3008,0.2895,0.1178,0.9499,25.5,0.1522,0.82,0.5,0.34879,195.7,318.8,169.4,320.9,221.8,316.7,565,0.14,6
589,1.176,93.479,136.203,0.2622,-0.9646,0.0275,0.9516,0.0881,-0.2945,0.2851,0.1047,0.9527,25.5,0.1564,0.808,0.489,0.34422,196.3,320.9,169.9,322.8,222.4,318.9,566,0.399,6
590,1.685,91.596,136.245,0.2595,-0.9656,0.0161,0.9539,0.0829,-0.2883,0.2808,0.0914,0.9554,25.5,0.1628,0.816,0.482,0.34545,196.8,322.9,170.4,324.8,223.0,321.1,567,0.614,6
591,2.188,89.713,136.266,0.2568,-0.9664,0.0056,0.9561,0.0777,-0.2824,0.2764,0.079,0.9578,25.5,0.1689,0.766,0.468,0.31944,197.4,324.9,170.9,326.7,223.6,323.2,568,0.778,6
592,2.687,87.828,136.267,0.2542,-0.9671,-0.0044,0.9582,0.0726,-0.2766,0.272,0.0672,0.9599,25.5,0.1746,0.732,0.459,0.30433,197.9,327.0,171.4,328.6,224.2,325.4,569,0.884,6
593,3.18,85.941,136.249,0.2516,-0.9677,-0.0138,0.9602,0.0675,-0.2711,0.2676,0.0558,0.9619,25.5,0.18,0.709,0.445,0.28714,198.4,329.0,171.9,330.5,224.8,327.5,570,0.925,6
594,3.668,84.054,136.214,0.249,-0.9682,-0.023,0.962,0.0625,-0.2657,0.2632,0.0448,0.9637,25.5,0.1851,0.687,0.434,0.2813,199.0,331.1,172.3,332.4,225.4,329.7,571,0.896,6
595,4.151,82.165,136.16,0.2464,-0.9686,-0.032,0.9637,0.0576,-0.2605,0.2589,0.0339,0.9653,25.5,0.19,0.678,0.421,0.27554,199.5,333.1,172.8,334.3,226.0,331.9,572,0.791,6
596,4.629,80.276,136.088,0.2436,-0.969,-0.041,0.9654,0.0527,-0.2555,0.2547,0.0231,0.9668,25.5,0.1946,0.669,0.413,0.27723,200.0,335.2,173.3,336.3,226.5,334.0,573,0.61,6
597,5.1,78.386,136.001,0.2393,-0.9697,-0.0489,0.9669,0.0479,-0.2508,0.2504,0.013,0.968,25.5,0.1972,0.633,0.394,0.2651,200.5,337.2,173.8,338.2,227.1,336.2,574,0.354,6
598,5.562,76.495,135.898,0.2358,-0.9701,-0.0572,0.9683,0.0432,-0.2462,0.2463,0.0027,0.9692,25.5,0.2005,0.639,0.385,0.26495,201.0,339.3,174.2,340.1,227.6,338.4,575,0.024,6
599,6.02,74.603,135.778,0.2332,-0.9702,-0.0659,0.9696,0.0385,-0.2417,0.2422,-0.0077,0.9702,25.5,0.2047,0.643,0.38,0.26684,201.5,341.3,174.7,342.1,228.1,340.5,576,0.394,6
600,6.472,72.712,135.64,0.2314,-0.97,-0.0751,0.9708,0.0339,-0.2375,0.2382,-0.0184,0.9711,25.5,0.2096,0.657,0.363,0.27551,202.0,343.4,175.2,344.0,228.7,342.7,577,0.887,6
601,6.922,70.821,135.484,0.2303,-0.9694,-0.0848,0.9719,0.0294,-0.2333,0.2342,-0.0293,0.9718,25.5,0.2151,0.666,0.358,0.28738,202.5,345.4,175.6,346.0,229.2,344.9,577,1.063,6
602,7.371,68.931,135.309,0.2301,-0.9685,-0.095,0.973,0.025,-0.2294,0.2302,-0.0407,0.9723,25.5,0.2215,0.693,0.343,0.30095,203.0,347.5,176.1,347.9,229.7,347.0,578,0.489,6
603,7.82,67.044,135.114,0.2306,-0.9673,-0.1058,0.974,0.0206,-0.2255,0.2263,-0.0524,0.9726,25.5,0.2285,0.707,0.342,0.31964,203.5,349.5,176.5,349.8,230.2,349.2,579,0.167,6
604,8.271,65.159,134.896,0.2315,-0.9658,-0.1169,0.975,0.0163,-0.2218,0.2223,-0.0644,0.9728,25.5,0.2359,0.725,0.33,0.33021,203.9,351.6,177.0,351.8,230.7,351.4,580,0.904,6
605,8.722,63.277,134.659,0.231,-0.9647,-0.1262,0.9758,0.012,-0.2181,0.2184,-0.075,0.973,25.5,0.2414,0.647,0.328,0.27556,204.4,353.6,177.5,353.7,231.2,353.5,580,1.046,6
606,9.172,61.397,134.404,0.2304,-0.9636,-0.1358,0.9767,0.0078,-0.2146,0.2144,-0.0858,0.973,25.5,0.2467,0.66,0.317,0.28448,204.9,355.6,177.9,355.6,231.7,355.6,581,0.233,6
607,9.62,59.52,134.13,0.2298,-0.9623,-0.1456,0.9775,0.0037,-0.2111,0.2105,-0.097,0.9728,25.5,0.2518,0.68,0.312,0.29102,205.4,357.7,178.4,357.6,232.2,357.8,582,0.648,6
608,10.068,57.645,133.836,0.2292,-0.9608,-0.1558,0.9782,-0.0004,-0.2077,0.2065,-0.1084,0.9724,25.5,0.2569,0.693,0.308,0.30346,205.9,359.7,178.9,359.5,232.7,359.9,582,1.301,6
609,10.514,55.773,133.522,0.2285,-0.9592,-0.1663,0.9789,-0.0045,-0.2044,0.2024,-0.1203,0.9719,25.5,0.262,0.722,0.304,0.31278,206.4,361.8,179.3,361.4,233.2,362.1,583,0.357,6
610,10.959,53.904,133.187,0.2278,-0.9574,-0.1773,0.9795,-0.0085,-0.2012,0.1984,-0.1326,0.9711,25.5,0.2669,0.742,0.295,0.32817,206.8,363.8,179.8,363.4,233.7,364.2,584,0.644,6
611,11.403,52.039,132.83,0.2271,-0.9554,-0.1886,0.9801,-0.0125,-0.1981,0.1942,-0.1453,0.9701,25.5,0.2719,0.769,0.292,0.33786,207.3,365.8,180.3,365.3,234.2,366.3,584,1.306,6
612,11.845,50.178,132.451,0.2262,-0.9533,-0.2002,0.9807,-0.0164,-0.195,0.19,-0.1584,0.9689,25.5,0.2765,0.791,0.287,0.34739,207.8,367.8,180.7,367.2,234.7,368.4,585,0.253,6
613,12.285,48.322,132.05,0.2253,-0.9511,-0.2113,0.9812,-0.0203,-0.192,0.1858,-0.1709,0.9676,25.5,0.2809,0.759,0.283,0.33358,208.3,369.9,181.2,369.1,235.1,370.6,586,0.844,6
614,12.723,46.469,131.627,0.2244,-0.9488,-0.2223,0.9817,-0.0242,-0.189,0.1815,-0.1834,0.9661,25.5,0.2853,0.762,0.283,0.33129,208.7,371.9,181.7,371.0,235.6,372.7,586,1.105,6
615,13.16,44.622,131.183,0.2235,-0.9464,-0.2333,0.9821,-0.028,-0.1861,0.1771,-0.1959,0.9645,25.5,0.2894,0.765,0.275,0.33188,209.2,373.9,182.1,373.0,236.1,374.8,587,0.032,6
616,13.595,42.779,130.718,0.2227,-0.9438,-0.2441,0.9826,-0.0318,-0.1832,0.1727,-0.2082,0.9627,25.5,0.2936,0.756,0.275,0.32728,209.7,375.9,182.6,374.9,236.6,376.9,588,1.203,6
617,14.028,40.941,130.232,0.2219,-0.9412,-0.2547,0.983,-0.0355,-0.1803,0.1683,-0.2203,0.9608,25.5,0.2975,0.746,0.27,0.32158,210.1,377.9,183.1,376.8,237.0,379.0,588,0.747,6
618,14.46,39.108,129.725,0.2212,-0.9385,-0.265,0.9833,-0.0392,-0.1775,0.1638,-0.2321,0.9588,25.5,0.3013,0.733,0.266,0.31357,210.6,379.9,183.5,378.7,237.5,381.0,589,0.45,6
619,14.891,37.281,129.198,0.2206,-0.9358,-0.275,0.9837,-0.0429,-0.1747,0.1593,-0.2436,0.9567,25.5,0.3052,0.718,0.267,0.30489,211.0,381.8,184.0,380.5,238.0,383.1,589,1.5,6
620,15.321,35.459,128.653,0.2199,-0.933,-0.2848,0.984,-0.0465,-0.1719,0.1547,-0.2549,0.9545,25.5,0.3087,0.71,0.262,0.3002,211.5,383.8,184.4,382.4,238.4,385.2,590,0.287,6
621,15.748,33.642,128.088,0.2188,-0.9302,-0.2948,0.9843,-0.0501,-0.1691,0.15,-0.2665,0.9521,25.5,0.3118,0.73,0.262,0.30685,212.0,385.8,184.9,384.3,238.9,387.2,591,0.935,6
622,16.174,31.832,127.503,0.2178,-0.9272,-0.3046,0.9846,-0.0536,-0.1664,0.1453,-0.2778,0.9496,25.5,0.3148,0.716,0.254,0.30258,212.4,387.7,185.4,386.2,239.3,389.3,591,1.015,6
623,16.598,30.026,126.9,0.2171,-0.9243,-0.314,0.9849,-0.0571,-0.1636,0.1406,-0.2887,0.947,25.5,0.318,0.696,0.257,0.28978,212.9,389.7,185.8,388.0,239.8,391.3,592,0.206,6
624,17.021,28.227,126.279,0.2164,-0.9212,-0.3232,0.9851,-0.0606,-0.1609,0.1358,-0.2995,0.9444,25.5,0.321,0.693,0.254,0.286,213.3,391.6,186.3,389.9,240.2,393.4,593,1.416,6
625,17.442,26.434,125.64,0.2159,-0.9181,-0.3323,0.9853,-0.0641,-0.1581,0.131,-0.31,0.9417,25.5,0.3241,0.679,0.257,0.28288,213.8,393.6,186.7,391.8,240.7,395.4,593,0.533,6
626,17.863,24.646,124.983,0.2155,-0.9149,-0.3413,0.9855,-0.0675,-0.1554,0.1261,-0.3205,0.9388,25.5,0.3272,0.684,0.249,0.28092,214.2,395.5,187.2,393.6,241.1,397.4,594,0.658,6
627,18.283,22.866,124.309,0.2153,-0.9116,-0.3501,0.9857,-0.0709,-0.1526,0.1211,-0.3309,0.9359,25.5,0.3303,0.682,0.253,0.27623,214.6,397.4,187.6,395.4,241.5,399.4,594,1.292,6
628,18.702,21.091,123.618,0.2152,-0.9082,-0.359,0.9859,-0.0742,-0.1498,0.116,-0.3413,0.9328,25.5,0.3333,0.687,0.248,0.27996,215.1,399.4,188.1,397.3,242.0,401.4,595,0.128,6
629,19.121,19.324,122.909,0.2147,-0.9047,-0.368,0.9861,-0.0776,-0.147,0.1109,-0.3518,0.9295,25.5,0.336,0.695,0.253,0.28416,215.5,401.3,188.5,399.1,242.4,403.4,596,0.999,6
630,19.539,17.563,122.182,0.2142,-0.9012,-0.3769,0.9863,-0.0809,-0.1441,0.1056,-0.3622,0.9261,25.5,0.3385,0.697,0.252,0.28138,216.0,403.2,189.0,400.9,242.8,405.4,596,0.951,6
631,19.956,15.81,121.439,0.2136,-0.8976,-0.3857,0.9864,-0.0841,-0.1412,0.1003,-0.3725,0.9226,25.5,0.3406,0.693,0.247,0.27994,216.4,405.0,189.4,402.7,243.3,407.4,597,0.133,6
632,20.372,14.063,120.678,0.2131,-0.8939,-0.3944,0.9865,-0.0873,-0.1383,0.0949,-0.3828,0.9189,25.5,0.3428,0.699,0.247,0.27818,216.8,406.9,189.9,404.5,243.7,409.3,598,1.171,6
633,20.788,12.324,119.901,0.2127,-0.8901,-0.4031,0.9867,-0.0905,-0.1353,0.0894,-0.3931,0.9151,25.5,0.345,0.704,0.252,0.27921,217.3,408.8,190.3,406.3,244.1,411.3,598,0.779,6
634,21.202,10.592,119.106,0.2122,-0.8862,-0.4118,0.9868,-0.0937,-0.1323,0.0838,-0.4034,0.9112,25.5,0.3469,0.708,0.251,0.28054,217.7,410.7,190.7,408.1,244.6,413.2,599,0.21,6
635,21.615,8.868,118.295,0.2118,-0.8822,-0.4206,0.9869,-0.0968,-0.1292,0.0782,-0.4137,0.907,25.5,0.3488,0.714,0.251,0.28428,218.1,412.5,191.2,409.8,245.0,415.2,600,1.144,6
636,22.028,7.152,117.466,0.2114,-0.878,-0.4295,0.987,-0.0998,-0.126,0.0723,-0.4242,0.9027,25.5,0.3504,0.733,0.251,0.28942,218.6,414.3,191.6,411.6,245.4,417.1,600,0.806,6
637,22.44,5.444,116.62,0.211,-0.8737,-0.4383,0.9871,-0.1028,-0.1228,0.0664,-0.4346,0.8982,25.5,0.3519,0.732,0.251,0.28805,219.0,416.2,192.1,413.4,245.8,419.0,601,0.07,6
638,22.851,3.745,115.757,0.2106,-0.8694,-0.447,0.9872,-0.1057,-0.1194,0.0605,-0.4448,0.8936,25.5,0.3532,0.725,0.256,0.28541,219.4,418.0,192.5,415.1,246.2,420.9,602,0.885,6
639,23.261,2.054,114.877,0.2101,-0.865,-0.4557,0.9873,-0.1086,-0.116,0.0544,-0.4551,0.8888,25.5,0.3542,0.739,0.256,0.28683,219.8,419.8,193.0,416.8,246.6,422.8,602,1.066,6
640,23.67,0.372,113.98,0.2095,-0.8604,-0.4645,0.9874,-0.1114,-0.1125,0.0482,-0.4654,0.8838,25.5,0.355,0.746,0.257,0.29231,220.3,421.6,193.4,418.6,247.1,424.6,603,0.317,6
641,24.078,-1.301,113.065,0.2089,-0.8557,-0.4735,0.9875,-0.1141,-0.1088,0.0418,-0.4759,0.8785,25.5,0.3554,0.767,0.262,0.29886,220.7,423.4,193.8,420.3,247.5,426.5,604,0.361,6
642,24.484,-2.965,112.133,0.2081,-0.8508,-0.4826,0.9876,-0.1167,-0.105,0.0353,-0.4865,0.8729,25.5,0.3555,0.781,0.264,0.30458,221.1,425.2,194.3,422.0,247.9,428.3,605,0.968,6
643,24.89,-4.619,111.183,0.2073,-0.8456,-0.492,0.9877,-0.1193,-0.1011,0.0287,-0.4974,0.867,25.5,0.3554,0.805,0.269,0.31652,221.5,426.9,194.7,423.7,248.3,430.2,605,0.982,6
644,25.293,-6.263,110.214,0.2063,-0.8402,-0.5016,0.9878,-0.1217,-0.0971,0.0219,-0.5085,0.8608,25.5,0.3547,0.826,0.267,0.32498,221.9,428.7,195.1,425.4,248.7,432.0,606,0.444,6
645,25.694,-7.895,109.226,0.2053,-0.8344,-0.5115,0.9879,-0.1241,-0.0928,0.0149,-0.5199,0.8541,25.5,0.3538,0.857,0.282,0.33843,222.4,430.4,195.5,427.0,249.1,433.8,607,0.026,6
646,26.093,-9.516,108.22,0.2045,-0.8285,-0.5213,0.988,-0.1264,-0.0885,0.0079,-0.5312,0.8472,25.5,0.3529,0.858,0.279,0.33696,222.8,432.1,196.0,428.7,249.5,435.5,608,0.432,6
647,26.491,-11.126,107.194,0.2036,-0.8225,-0.5311,0.9881,-0.1286,-0.0839,0.0008,-0.5423,0.8402,25.5,0.3515,0.855,0.292,0.33869,223.2,433.8,196.4,430.4,249.9,437.3,609,0.774,6
648,26.887,-12.724,106.148,0.2026,-0.8164,-0.5408,0.9883,-0.1306,-0.0791,-0.0065,-0.5534,0.8329,25.5,0.3496,0.869,0.298,0.33799,223.6,435.5,196.8,432.0,250.3,439.0,610,1.055,6
649,27.281,-14.31,105.084,0.2014,-0.8102,-0.5505,0.9884,-0.1326,-0.0741,-0.0138,-0.5643,0.8254,25.5,0.3473,0.866,0.309,0.34011,224.0,437.2,197.2,433.6,250.7,440.8,610,0.895,6
650,27.673,-15.883,104.002,0.2,-0.8038,-0.5603,0.9885,-0.1343,-0.0688,-0.0212,-0.5752,0.8177,25.5,0.3442,0.874,0.319,0.34637,224.4,438.9,197.6,435.2,251.1,442.5,611,0.674,6
651,28.061,-17.444,102.9,0.1985,-0.7973,-0.57,0.9887,-0.136,-0.0633,-0.0287,-0.5861,0.8097,25.5,0.3408,0.886,0.33,0.34592,224.8,440.5,198.0,436.8,251.5,444.2,612,0.51,6
652,28.446,-18.992,101.778,0.1967,-0.7906,-0.5799,0.9888,-0.1375,-0.0576,-0.0363,-0.5969,0.8015,25.5,0.3366,0.891,0.338,0.35521,225.2,442.1,198.4,438.4,251.8,445.8,613,0.401,6
653,28.828,-20.527,100.638,0.1948,-0.7833,-0.5903,0.989,-0.1388,-0.0515,-0.0441,-0.6083,0.7925,25.5,0.3318,0.945,0.358,0.37757,225.5,443.7,198.8,440.0,252.2,447.5,614,0.344,6
654,29.206,-22.047,99.476,0.193,-0.7756,-0.601,0.9891,-0.14,-0.0451,-0.052,-0.6197,0.7831,25.5,0.3266,0.96,0.373,0.39092,225.9,445.3,199.2,441.6,252.6,449.1,615,0.334,6
655,29.581,-23.552,98.294,0.1912,-0.7679,-0.6114,0.9893,-0.1409,-0.0384,-0.0598,-0.6308,0.7736,25.5,0.3208,0.949,0.387,0.38392,226.3,446.9,199.6,443.1,252.9,450.7,616,0.367,6
656,29.952,-25.041,97.092,0.1895,-0.7601,-0.6215,0.9894,-0.1417,-0.0314,-0.0677,-0.6416,0.764,25.5,0.3147,0.944,0.404,0.37831,226.7,448.5,200.0,444.7,253.3,452.3,617,0.44,6
657,30.32,-26.516,95.871,0.1878,-0.7523,-0.6315,0.9895,-0.1423,-0.024,-0.0754,-0.6521,0.7544,25.5,0.308,0.927,0.425,0.376,227.0,450.0,200.4,446.2,253.7,453.8,618,0.549,6
658,30.685,-27.975,94.63,0.1862,-0.7445,-0.6412,0.9896,-0.1426,-0.0162,-0.0832,-0.6622,0.7447,25.5,0.3008,0.918,0.447,0.36875,227.4,451.5,200.8,447.7,254.0,455.4,619,0.689,6
659,31.046,-29.419,93.37,0.1846,-0.7366,-0.6506,0.9897,-0.1427,-0.0081,-0.0909,-0.672,0.735,25.5,0.2931,0.905,0.464,0.36387,227.7,453.0,201.1,449.2,254.4,456.9,620,0.857,6
660,31.404,-30.847,92.092,0.1824,-0.7279,-0.661,0.9898,-0.1425,0.0004,-0.0986,-0.6824,0.7243,25.5,0.284,0.962,0.487,0.40362,228.1,454.5,201.5,450.7,254.7,458.3,622,0.688,6
661,31.758,-32.257,90.793,0.1802,-0.7187,-0.6716,0.9898,-0.1421,0.0094,-0.1063,-0.693,0.7131,25.5,0.2742,0.988,0.516,0.41749,228.4,456.0,201.9,452.2,255.0,459.8,623,0.46,6
662,32.107,-33.65,89.473,0.1783,-0.7096,-0.6817,0.9898,-0.1415,0.0187,-0.1138,-0.703,0.702,25.5,0.2641,0.958,0.534,0.40337,228.8,457.4,202.2,453.6,255.4,461.2,624,0.221,6
663,32.453,-35.025,88.134,0.1766,-0.7006,-0.6914,0.9897,-0.1406,0.0284,-0.1211,-0.7125,0.6911,25.5,0.2536,0.928,0.558,0.392,229.1,458.8,202.6,455.0,255.7,462.6,625,0.025,6
664,32.796,-36.382,86.778,0.1753,-0.6919,-0.7004,0.9895,-0.1395,0.0385,-0.1282,-0.7214,0.6805,25.5,0.243,0.891,0.582,0.3698,229.5,460.2,202.9,456.5,256.0,464.0,626,0.273,6
665,33.137,-37.723,85.403,0.1743,-0.6834,-0.7089,0.9892,-0.1382,0.0489,-0.1351,-0.7297,0.6703,25.5,0.2322,0.851,0.601,0.35445,229.8,461.6,203.3,457.9,256.3,465.3,627,0.52,6
666,33.476,-39.047,84.013,0.1731,-0.6746,-0.7176,0.9888,-0.1366,0.0597,-0.1418,-0.7381,0.6597,25.5,0.2205,0.865,0.626,0.36534,230.1,463.0,203.7,459.3,256.6,466.7,628,0.761,6
667,33.812,-40.353,82.604,0.1713,-0.6648,-0.7271,0.9883,-0.1349,0.0708,-0.1484,-0.747,0.648,25.5,0.2075,0.923,0.644,0.40454,230.4,464.3,204.0,460.6,256.9,467.9,630,0.741,6
668,34.144,-41.64,81.178,0.1698,-0.6553,-0.736,0.9877,-0.1329,0.0822,-0.1546,-0.7553,0.6368,25.5,0.1943,0.874,0.664,0.38506,230.8,465.6,204.4,462.0,257.2,469.2,631,0.536,6
669,34.474,-42.909,79.735,0.1686,-0.6462,-0.7443,0.987,-0.1308,0.0939,-0.1607,-0.763,0.6261,25.5,0.181,0.832,0.682,0.36364,231.1,466.9,204.7,463.4,257.5,470.5,632,0.345,6
670,34.802,-44.16,78.276,0.1678,-0.6376,-0.7519,0.986,-0.1285,0.1059,-0.1665,-0.7701,0.6159,25.5,0.1678,0.786,0.702,0.33806,231.4,468.2,205.1,464.7,257.8,471.7,633,0.17,6
671,35.128,-45.396,76.803,0.1673,-0.6294,-0.7588,0.985,-0.126,0.1181,-0.172,-0.7765,0.6062,25.5,0.1545,0.737,0.716,0.31526,231.7,469.4,205.4,466.0,258.0,472.9,634,0.011,6
672,35.454,-46.615,75.317,0.167,-0.6213,-0.7656,0.9837,-0.1234,0.1306,-0.1774,-0.7828,0.5965,25.5,0.141,0.731,0.735,0.31089,232.0,470.7,205.8,467.3,258.3,474.0,635,0.131,6
673,35.779,-47.817,73.816,0.1657,-0.6114,-0.7738,0.9823,-0.1207,0.1433,-0.1824,-0.7901,0.5852,25.5,0.1257,0.822,0.748,0.37966,232.3,471.9,206.2,468.6,258.6,475.2,636,0.255,6
674,36.101,-49.0,72.3,0.1648,-0.6022,-0.7812,0.9807,-0.1178,0.1563,-0.1873,-0.7967,0.5746,25.5,0.1105,0.769,0.769,0.34793,232.6,473.1,206.5,469.8,258.8,476.3,637,0.361,6
675,36.421,-50.166,70.77,0.1642,-0.5937,-0.7877,0.9788,-0.1148,0.1696,-0.192,-0.8025,0.5649,25.5,0.0953,0.701,0.789,0.31491,232.9,474.2,206.9,471.0,259.1,477.4,638,0.448,6
676,36.741,-51.316,69.228,0.1639,-0.5861,-0.7935,0.9767,-0.1116,0.1832,-0.1966,-0.8077,0.5559,25.5,0.0801,0.651,0.81,0.28107,233.2,475.4,207.3,472.3,259.3,478.5,639,0.521,6
677,37.061,-52.452,67.676,0.164,-0.5791,-0.7986,0.9744,-0.1084,0.1971,-0.2011,-0.8122,0.5477,25.5,0.0652,0.595,0.828,0.25451,233.5,476.5,207.7,473.5,259.5,479.5,640,0.585,6
678,37.381,-53.575,66.114,0.1643,-0.5727,-0.8031,0.9718,-0.105,0.2113,-0.2056,-0.8162,0.54,25.5,0.0501,0.56,0.85,0.23007,233.8,477.6,208.0,474.7,259.7,480.6,641,0.642,6
679,37.7,-54.683,64.542,0.163,-0.5639,-0.8096,0.9689,-0.1014,0.2259,-0.2096,-0.8216,0.5301,25.5,0.0322,0.686,0.877,0.32373,234.1,478.7,208.4,475.9,259.9,481.6,642,0.696,6
680,38.017,-55.774,62.958,0.1625,-0.5559,-0.8152,0.9656,-0.0977,0.2408,-0.2136,-0.8265,0.5209,25.5,0.0149,0.64,0.9,0.28733,234.4,479.8,208.8,477.0,260.1,482.6,643,0.753,6
681,38.334,-56.851,61.363,0.1628,-0.5485,-0.8202,0.9621,-0.0939,0.2562,-0.2176,-0.8307,0.5124,25.5,0.002,0.59,0.931,0.26256,234.7,480.9,209.2,478.2,260.3,483.6,644,0.815,6
682,38.652,-57.914,59.76,0.1638,-0.5419,-0.8244,0.9581,-0.09,0.272,-0.2216,-0.8345,0.5045,25.5,0.0185,0.552,0.96,0.23174,235.0,481.9,209.7,479.3,260.5,484.5,645,0.887,6
683,38.974,-58.964,58.149,0.1657,-0.5359,-0.8279,0.9537,-0.0859,0.2882,-0.2256,-0.8378,0.4972,25.5,0.0345,0.513,0.99,0.2116,235.3,482.9,210.1,480.4,260.7,485.5,647,0.879,6
684,39.299,-60.004,56.532,0.1681,-0.5303,-0.831,0.9489,-0.0816,0.3048,-0.2298,-0.8408,0.4901,25.5,0.0505,0.503,1.02,0.20087,235.6,484.0,210.5,481.5,260.8,486.4,648,0.766,6
685,39.626,-61.03,54.906,0.1675,-0.5217,-0.8365,0.9436,-0.0772,0.322,-0.2331,-0.8454,0.4805,25.5,0.071,0.639,1.062,0.30048,235.9,485.0,211.0,482.6,261.0,487.3,649,0.638,6
686,39.953,-62.04,53.27,0.1684,-0.5144,-0.8409,0.9378,-0.0726,0.3396,-0.2367,-0.8492,0.4721,25.5,0.0903,0.567,1.094,0.25184,236.2,485.9,211.4,483.7,261.1,488.2,650,0.495,6
687,40.284,-63.036,51.628,0.1709,-0.5085,-0.8439,0.9314,-0.068,0.3576,-0.2406,-0.8521,0.4647,25.5,0.108,0.507,1.126,0.2079,236.5,486.9,211.9,484.8,261.3,489.0,651,0.335,6
688,40.621,-64.023,49.98,0.175,-0.504,-0.8458,0.9244,-0.0632,0.3761,-0.2449,-0.8543,0.4584,25.5,0.1245,0.455,1.166,0.18739,236.8,487.9,212.4,485.8,261.4,489.9,652,0.158,6
689,40.967,-65.003,48.33,0.1807,-0.501,-0.8464,0.9168,-0.0582,0.395,-0.2496,-0.8557,0.4532,25.5,0.1395,0.41,1.202,0.19009,237.1,488.8,213.0,486.9,261.5,490.7,653,0.036,6
690,41.326,-65.977,46.679,0.1862,-0.4966,-0.8478,0.9086,-0.0532,0.4143,-0.2539,-0.8579,0.4468,25.5,0.1556,0.459,1.235,0.211,237.4,489.7,213.5,487.9,261.6,491.5,654,0.248,6
691,41.692,-66.938,45.023,0.1899,-0.4898,-0.8509,0.8997,-0.0481,0.4339,-0.2574,-0.8612,0.4383,25.5,0.1748,0.56,1.267,0.24505,237.8,490.7,214.1,489.0,261.7,492.4,655,0.473,6
692,42.067,-67.889,43.362,0.1946,-0.4855,-0.8523,0.8901,-0.0429,0.4537,-0.2618,-0.8631,0.4319,25.5,0.1926,0.458,1.296,0.19165,238.1,491.6,214.7,490.0,261.8,493.2,656,0.706,6
693,42.452,-68.834,41.7,0.2005,-0.4839,-0.8518,0.88,-0.0378,0.4735,-0.2672,-0.8635,0.4277,25.5,0.2086,0.393,1.307,0.18023,238.5,492.5,215.3,491.0,261.9,493.9,658,0.776,6
694,42.849,-69.778,40.042,0.2074,-0.485,-0.8496,0.8693,-0.0326,0.4932,-0.2739,-0.8625,0.4256,25.5,0.2229,0.406,1.319,0.21525,238.8,493.4,216.0,492.0,262.0,494.7,659,0.552,7
695,43.261,-70.727,38.389,0.2152,-0.4889,-0.8454,0.8581,-0.0276,0.5127,-0.2819,-0.8599,0.4255,25.5,0.2353,0.482,1.32,0.28441,239.2,494.3,216.7,493.0,262.1,495.5,660,0.343,7
696,43.688,-71.678,36.741,0.222,-0.4866,-0.8449,0.8466,-0.0227,0.5317,-0.287,-0.8608,0.4203,25.5,0.2502,0.42,1.303,0.21144,239.6,495.2,217.4,494.0,262.2,496.3,661,0.154,7
697,44.127,-72.626,35.094,0.2287,-0.4863,-0.8433,0.8347,-0.0178,0.5504,-0.2931,-0.8605,0.4167,25.5,0.2646,0.406,1.301,0.20261,240.0,496.1,218.1,495.0,262.2,497.1,662,0.012,7
698,44.579,-73.575,33.452,0.2353,-0.488,-0.8405,0.8225,-0.0131,0.5687,-0.3004,-0.859,0.4147,25.5,0.2781,0.442,1.289,0.21651,240.4,497.0,218.9,496.0,262.3,497.9,663,0.149,7
699,45.044,-74.53,31.817,0.2417,-0.4919,-0.8364,0.8099,-0.0085,0.5865,-0.309,-0.8561,0.4142,25.5,0.2906,0.521,1.277,0.25103,240.9,497.9,219.6,497.0,262.5,498.7,664,0.267,7
700,45.522,-75.495,30.192,0.2481,-0.4979,-0.831,0.797,-0.004,0.604,-0.319,-0.852,0.4152,25.5,0.3022,0.622,1.272,0.3027,241.3,498.8,220.4,498.0,262.6,499.6,665,0.367,7
701,46.012,-76.47,28.576,0.2551,-0.501,-0.827,0.7838,0.0004,0.6211,-0.3274,-0.8496,0.4136,25.5,0.3139,0.509,1.263,0.25382,241.8,499.7,221.2,499.0,262.7,500.4,666,0.455,7
702,46.516,-77.449,26.967,0.262,-0.5039,-0.8231,0.7703,0.0046,0.6377,-0.3358,-0.8472,0.4117,25.5,0.3254,0.512,1.249,0.24799,242.2,500.6,222.0,500.0,262.8,501.2,667,0.534,7
703,47.033,-78.436,25.366,0.2683,-0.5088,-0.818,0.7565,0.0088,0.6539,-0.3457,-0.8434,0.4113,25.5,0.3364,0.608,1.243,0.2783,242.7,501.6,222.9,501.0,262.9,502.1,668,0.609,7
704,47.562,-79.435,23.778,0.2741,-0.5158,-0.8116,0.7425,0.0128,0.6697,-0.3572,-0.8382,0.4121,25.5,0.3466,0.725,1.231,0.3267,243.2,502.5,223.7,502.1,263.0,502.9,669,0.682,7
705,48.102,-80.449,22.202,0.2794,-0.525,-0.8039,0.7283,0.0168,0.685,-0.3704,-0.8314,0.4142,25.5,0.356,0.859,1.218,0.38542,243.7,503.5,224.6,503.1,263.2,503.8,670,0.759,7
706,48.653,-81.481,20.642,0.2861,-0.5323,-0.7968,0.7139,0.0206,0.7,-0.3824,-0.8259,0.4144,25.5,0.3645,0.756,1.211,0.35818,244.2,504.4,225.5,504.1,263.3,504.7,671,0.839,7
707,49.218,-82.525,19.095,0.293,-0.5387,-0.7899,0.6993,0.0244,0.7144,-0.394,-0.8208,0.4136,25.5,0.3726,0.727,1.195,0.3429,244.7,505.4,226.4,505.2,263.5,505.6,672,0.918,7
708,49.794,-83.584,17.562,0.2981,-0.5473,-0.7821,0.6846,0.0279,0.7284,-0.4075,-0.8139,0.4142,25.5,0.3809,0.869,1.18,0.37262,245.3,506.4,227.3,506.2,263.6,506.6,674,0.903,7
709,50.379,-84.661,16.046,0.3012,-0.5578,-0.7734,0.6699,0.0314,0.7418,-0.4229,-0.805,0.416,25.5,0.3894,1.024,1.157,0.4109,245.8,507.4,228.2,507.3,263.8,507.5,675,0.865,7
710,50.967,-85.76,14.547,0.3024,-0.5702,-0.7638,0.6552,0.0346,0.7546,-0.4402,-0.7943,0.4187,25.5,0.398,1.176,1.132,0.46217,246.4,508.5,229.2,508.4,264.0,508.5,676,0.851,7
711,51.557,-86.884,13.066,0.3024,-0.5813,-0.7554,0.6407,0.0377,0.7668,-0.457,-0.7839,0.4203,25.5,0.4074,1.136,1.1,0.40904,246.9,509.5,230.1,509.5,264.1,509.5,677,0.869,7
712,52.148,-88.027,11.602,0.3039,-0.5915,-0.7469,0.6264,0.0406,0.7784,-0.4728,-0.7742,0.4208,25.5,0.415,1.063,1.068,0.39263,247.5,510.6,231.0,510.7,264.3,510.5,678,0.924,7
713,52.743,-89.19,10.154,0.3073,-0.6017,-0.7372,0.6124,0.0433,0.7894,-0.4882,-0.7647,0.4206,25.5,0.4198,1.037,1.032,0.42551,248.0,511.7,231.9,511.8,264.5,511.6,679,1.026,7
714,53.347,-90.373,8.727,0.3124,-0.6119,-0.7266,0.5987,0.0458,0.7997,-0.5031,-0.7554,0.4199,25.5,0.4221,1.007,0.992,0.45753,248.6,512.8,232.8,513.0,264.7,512.7,679,0.924,7
715,53.963,-91.576,7.322,0.3192,-0.622,-0.715,0.5854,0.0481,0.8094,-0.5173,-0.7465,0.4185,25.5,0.4218,0.964,0.952,0.49415,249.2,514.0,233.7,514.1,265.0,513.8,680,0.758,7
716,54.59,-92.799,5.939,0.3235,-0.6324,-0.7039,0.5725,0.0503,0.8184,-0.532,-0.7367,0.4174,25.5,0.4227,1.014,0.91,0.46449,249.8,515.1,234.7,515.3,265.2,514.9,681,0.505,7
717,55.224,-94.042,4.576,0.327,-0.6422,-0.6933,0.5601,0.0523,0.8268,-0.5461,-0.7271,0.416,25.5,0.4237,0.981,0.866,0.43648,250.4,516.3,235.6,516.5,265.5,516.0,682,0.144,7
718,55.867,-95.303,3.235,0.3324,-0.6507,-0.6827,0.5482,0.0542,0.8346,-0.5585,-0.7191,0.4135,25.5,0.4228,0.858,0.822,0.42964,251.0,517.5,236.5,517.7,265.8,517.2,683,0.348,7
719,56.521,-96.579,1.914,0.3393,-0.6579,-0.6724,0.5367,0.056,0.8419,-0.569,-0.7127,0.4102,25.5,0.4208,0.729,0.787,0.42125,251.6,518.7,237.4,519.0,266.1,518.4,684,0.991,7
720,57.191,-97.867,0.613,0.3477,-0.6636,-0.6624,0.5257,0.0577,0.8487,-0.5778,-0.708,0.406,25.5,0.4177,0.62,0.747,0.41874,252.2,519.9,238.3,520.2,266.5,519.6,684,0.958,7
721,57.878,-99.166,-0.669,0.3567,-0.6682,-0.6529,0.5152,0.0593,0.855,-0.5852,-0.7046,0.4014,25.5,0.4141,0.536,0.708,0.40769,252.9,521.1,239.2,521.4,266.9,520.8,685,0.14,7
722,58.579,-100.474,-1.934,0.362,-0.6735,-0.6444,0.5051,0.0609,0.8609,-0.5936,-0.6996,0.3977,25.5,0.4129,0.599,0.676,0.33297,253.5,522.4,240.1,522.7,267.3,522.0,686,0.874,7
723,59.29,-101.792,-3.182,0.3678,-0.6784,-0.6359,0.4953,0.0624,0.8665,-0.6014,-0.6952,0.3938,25.5,0.4112,0.56,0.652,0.33487,254.2,523.6,241.0,524.0,267.7,523.3,686,1.076,7
724,60.014,-103.12,-4.414,0.3742,-0.6832,-0.627,0.4859,0.0638,0.8717,-0.6086,-0.6911,0.3899,25.5,0.4083,0.525,0.621,0.35166,254.9,524.9,241.9,525.2,268.1,524.5,687,0.152,7
725,60.75,-104.457,-5.627,0.3814,-0.688,-0.6174,0.4768,0.0653,0.8766,-0.6153,-0.6874,0.3859,25.5,0.4043,0.495,0.598,0.37976,255.6,526.1,242.8,526.5,268.6,525.8,688,1.576,7
726,61.502,-105.803,-6.821,0.3897,-0.693,-0.6065,0.468,0.0668,0.8812,-0.6217,-0.6839,0.3819,25.5,0.3984,0.477,0.575,0.42854,256.3,527.4,243.8,527.8,269.1,527.0,688,0.374,7
727,62.271,-107.16,-7.991,0.3995,-0.6983,-0.594,0.4593,0.0682,0.8857,-0.6277,-0.6805,0.3779,25.5,0.3902,0.457,0.567,0.49208,257.0,528.7,244.7,529.1,269.6,528.3,689,1.214,7
728,63.058,-108.526,-9.138,0.4078,-0.703,-0.5826,0.4507,0.0698,0.89,-0.6335,-0.6774,0.3739,25.5,0.3838,0.441,0.558,0.43677,257.7,530.0,245.7,530.4,270.1,529.6,689,0.736,7
729,63.861,-109.901,-10.263,0.4158,-0.7077,-0.5712,0.4422,0.0714,0.8941,-0.6393,-0.6742,0.3699,25.5,0.3774,0.443,0.548,0.43193,258.5,531.3,246.6,531.7,270.7,530.8,690,0.983,7
730,64.681,-111.286,-11.364,0.4247,-0.7127,-0.5582,0.4337,0.073,0.8981,-0.6449,-0.6709,0.366,25.5,0.3692,0.434,0.546,0.48568,259.3,532.6,247.6,533.0,271.2,532.1,690,0.968,7
731,65.518,-112.681,-12.439,0.4346,-0.7181,-0.5435,0.4253,0.0748,0.902,-0.6505,-0.6677,0.362,25.5,0.3591,0.435,0.541,0.54444,260.1,533.9,248.6,534.4,271.8,533.4,691,0.853,7
732,66.376,-114.087,-13.482,0.4457,-0.7239,-0.5266,0.4169,0.0766,0.9057,-0.656,-0.6644,0.3581,25.5,0.3466,0.43,0.536,0.61812,260.9,535.2,249.6,535.7,272.4,534.7,691,1.098,7
733,67.257,-115.504,-14.491,0.4581,-0.73,-0.5071,0.4085,0.0785,0.9094,-0.6614,-0.6611,0.3542,25.5,0.3313,0.426,0.537,0.70238,261.7,536.6,250.7,537.1,273.1,536.1,692,0.797,7
734,68.161,-116.933,-15.462,0.4689,-0.7356,-0.4889,0.4001,0.0805,0.9129,-0.6668,-0.6579,0.3502,25.5,0.3179,0.426,0.534,0.64327,262.6,537.9,251.7,538.5,273.7,537.4,692,1.154,7
735,69.087,-118.373,-16.396,0.4806,-0.7409,-0.4691,0.3916,0.0827,0.9164,-0.6718,-0.6549,0.3461,25.5,0.303,0.408,0.542,0.69353,263.5,539.3,252.8,539.9,274.4,538.7,693,0.79,7
736,70.036,-119.822,-17.291,0.4931,-0.746,-0.4477,0.3831,0.0849,0.9198,-0.6765,-0.6523,0.3419,25.5,0.2862,0.391,0.539,0.74355,264.4,540.7,253.9,541.3,275.1,540.1,693,1.16,7
737,71.01,-121.282,-18.141,0.5063,-0.7506,-0.4245,0.3745,0.0873,0.9231,-0.6807,-0.6501,0.3376,25.5,0.2678,0.367,0.545,0.79595,265.3,542.1,255.1,542.7,275.8,541.4,694,0.811,7
738,72.011,-122.75,-18.945,0.5199,-0.755,-0.3996,0.3658,0.0898,0.9264,-0.6849,-0.648,0.3332,25.5,0.2478,0.369,0.552,0.84368,266.3,543.5,256.2,544.1,276.6,542.8,694,1.14,7
739,73.036,-124.227,-19.697,0.5324,-0.7603,-0.3721,0.357,0.0925,0.9295,-0.6902,-0.6444,0.3292,25.5,0.2261,0.433,0.556,0.90134,267.2,544.9,257.4,545.6,277.3,544.1,695,0.842,7
740,74.087,-125.713,-20.397,0.5458,-0.7634,-0.3454,0.348,0.0953,0.9326,-0.6938,-0.6429,0.3246,25.5,0.2049,0.346,0.569,0.88262,268.3,546.3,258.7,547.1,278.1,545.5,695,1.109,7
741,75.165,-127.203,-21.046,0.5597,-0.7641,-0.3207,0.339,0.0982,0.9356,-0.6955,-0.6436,0.3195,25.5,0.1853,0.311,0.568,0.83319,269.3,547.7,259.9,548.5,278.9,546.9,696,0.876,7
742,76.27,-128.691,-21.649,0.5738,-0.7625,-0.299,0.3298,0.1013,0.9386,-0.6953,-0.6464,0.3141,25.5,0.1686,0.349,0.582,0.76192,270.4,549.2,261.2,550.0,279.8,548.3,696,1.075,7
743,77.401,-130.177,-22.21,0.5856,-0.7625,-0.275,0.3204,0.1045,0.9415,-0.6971,-0.6469,0.3091,25.5,0.151,0.306,0.593,0.7859,271.5,550.6,262.5,551.5,280.7,549.6,697,0.908,7
744,78.554,-131.664,-22.723,0.5972,-0.7617,-0.2513,0.3109,0.1078,0.9443,-0.6984,-0.6479,0.3039,25.5,0.1337,0.312,0.598,0.77575,272.6,552.0,263.8,553.0,281.5,551.0,697,1.043,7
745,79.731,-133.146,-23.192,0.6099,-0.7583,-0.2302,0.3012,0.1113,0.947,-0.6975,-0.6516,0.2984,25.5,0.1187,0.383,0.611,0.73056,273.7,553.5,265.2,554.5,282.5,552.4,698,0.931,7
746,80.934,-134.619,-23.622,0.6239,-0.7524,-0.2114,0.2913,0.1149,0.9497,-0.6941,-0.6578,0.2924,25.5,0.1055,0.531,0.623,0.71027,274.9,554.9,266.6,556.0,283.4,553.7,698,1.02,7
747,82.165,-136.078,-24.018,0.6389,-0.7444,-0.1941,0.2811,0.1186,0.9523,-0.6889,-0.6659,0.2863,25.5,0.0935,0.653,0.639,0.71278,276.1,556.3,268.0,557.5,284.3,555.1,699,0.938,7
748,83.421,-137.526,-24.374,0.65,-0.7402,-0.1723,0.2708,0.1224,0.9548,-0.6878,-0.6694,0.2809,25.5,0.0791,0.374,0.645,0.72937,277.3,557.7,269.5,558.9,285.3,556.4,699,1.013,7
749,84.7,-138.963,-24.691,0.6625,-0.7332,-0.1533,0.2601,0.1264,0.9573,-0.6841,-0.6756,0.2751,25.5,0.0671,0.531,0.67,0.6992,278.6,559.1,271.0,560.4,286.3,557.7,700,0.917,7
750,86.006,-140.384,-24.974,0.6767,-0.7235,-0.1366,0.2492,0.1304,0.9596,-0.6775,-0.6845,0.269,25.5,0.0568,0.725,0.678,0.70441,279.8,560.5,272.5,561.9,287.3,559.0,700,1.033,7
751,87.341,-141.782,-25.225,0.6931,-0.7105,-0.1219,0.2379,0.1347,0.9619,-0.6678,-0.6965,0.2627,25.5,0.0481,0.955,0.705,0.75149,281.1,561.8,274.1,563.3,288.4,560.3,701,0.86,7
752,88.709,-143.153,-25.449,0.7097,-0.6966,-0.1052,0.2262,0.1391,0.9641,-0.6574,-0.7085,0.2565,25.5,0.0378,0.977,0.727,0.80351,282.5,563.2,275.7,564.7,289.4,561.5,701,1.09,7
753,90.108,-144.499,-25.635,0.7245,-0.6838,-0.0866,0.2141,0.1436,0.9662,-0.6485,-0.7188,0.2506,25.5,0.0268,0.85,0.749,0.79335,283.8,564.5,277.3,566.1,290.5,562.8,702,0.755,7
754,91.535,-145.819,-25.788,0.7398,-0.6691,-0.071,0.2016,0.1483,0.9682,-0.6374,-0.7307,0.2447,25.5,0.0188,0.992,0.774,0.77388,285.2,565.8,279.0,567.5,291.6,564.0,702,1.195,7
755,92.993,-147.107,-25.914,0.7558,-0.6522,-0.0584,0.1887,0.1531,0.97,-0.6238,-0.7442,0.2388,25.5,0.0139,1.149,0.795,0.77768,286.7,567.0,280.8,568.9,292.7,565.1,703,0.591,7
756,94.483,-148.361,-26.018,0.7724,-0.6333,-0.048,0.1754,0.1581,0.9717,-0.6078,-0.7591,0.2332,25.5,0.0113,1.293,0.82,0.79988,288.1,568.2,282.5,570.2,293.9,566.2,703,1.36,7
757,96.004,-149.578,-26.097,0.788,-0.6147,-0.033,0.1616,0.1631,0.9733,-0.5929,-0.7723,0.2279,25.5,0.005,1.18,0.846,0.83858,289.6,569.4,284.4,571.5,295.1,567.3,704,0.362,7
758,97.556,-150.757,-26.148,0.8038,-0.5946,-0.0195,0.1474,0.1682,0.9747,-0.5763,-0.7863,0.2228,25.5,0.0005,1.278,0.868,0.84964,291.2,570.6,286.2,572.8,296.2,568.4,704,1.589,7
759,99.139,-151.896,-26.174,0.8195,-0.573,-0.0076,0.1329,0.1733,0.9759,-0.5579,-0.8008,0.2181,25.5,0.0022,1.369,0.883,0.8591,292.7,571.7,288.1,574.0,297.5,569.4,705,0.071,7
760,100.752,-152.991,-26.179,0.8352,-0.55,0.0031,0.1181,0.1783,0.9769,-0.5378,-0.8155,0.2138,25.5,0.0036,1.448,0.897,0.87668,294.3,572.8,290.0,575.2,298.7,570.3,706,1.658,7
761,102.395,-154.041,-26.159,0.8498,-0.5268,0.0165,0.1029,0.1833,0.9777,-0.518,-0.8292,0.21,25.5,0.007,1.397,0.918,0.89663,295.9,573.8,292.0,576.3,299.9,571.3,706,0.294,7
762,104.066,-155.044,-26.115,0.8644,-0.502,0.0283,0.0875,0.1881,0.9782,-0.4964,-0.8432,0.2065,25.5,0.0089,1.488,0.925,0.91404,297.6,574.8,294.0,577.4,301.2,572.1,707,1.231,7
763,105.766,-155.997,-26.05,0.8791,-0.4752,0.0383,0.0718,0.1927,0.9786,-0.4724,-0.8575,0.2036,25.5,0.009,1.609,0.938,0.94508,299.3,575.8,296.1,578.5,302.5,573.0,707,0.72,7
764,107.494,-156.896,-25.966,0.8934,-0.4467,0.0485,0.0559,0.1972,0.9788,-0.4468,-0.8717,0.2011,25.5,0.0093,1.684,0.947,0.98378,301.0,576.7,298.1,579.5,303.9,573.8,708,0.739,7
765,109.249,-157.739,-25.86,0.9066,-0.4178,0.06,0.0397,0.2014,0.9787,-0.421,-0.8849,0.1992,25.5,0.0106,1.664,0.959,0.99296,302.7,577.5,300.3,580.4,305.2,574.5,708,1.212,7
766,111.029,-158.524,-25.734,0.9196,-0.3868,0.0695,0.0233,0.2053,0.9784,-0.3927,-0.8981,0.1978,25.5,0.01,1.791,0.966,1.02649,304.5,578.3,302.4,581.3,306.6,575.2,709,0.181,7
767,112.835,-159.245,-25.59,0.9324,-0.353,0.077,0.0066,0.2088,0.9779,-0.3613,-0.9114,0.1971,25.5,0.0077,1.954,0.978,1.08477,306.3,579.0,304.6,582.1,308.0,575.9,710,1.506,7
768,114.665,-159.899,-25.432,0.9443,-0.3177,0.0859,-0.0104,0.212,0.9772,-0.3287,-0.9237,0.1969,25.5,0.0068,1.996,0.992,1.12556,308.1,579.7,306.8,582.8,309.4,576.4,710,0.445,7
769,116.517,-160.483,-25.256,0.955,-0.2812,0.0947,-0.0277,0.2148,0.9763,-0.2948,-0.935,0.1973,25.5,0.0056,2.048,1.005,1.14733,309.9,580.3,309.0,583.5,310.8,577.0,711,0.818,7
770,118.388,-160.995,-25.063,0.9646,-0.243,0.1025,-0.0453,0.217,0.9751,-0.2592,-0.9452,0.1983,25.5,0.0035,2.123,1.019,1.17997,311.8,580.8,311.3,584.0,312.2,577.4,711,1.133,7
771,120.278,-161.429,-24.857,0.9732,-0.2024,0.1095,-0.0633,0.2188,0.9737,-0.221,-0.9545,0.2001,25.5,0.0007,2.255,1.04,1.23691,313.6,581.2,313.6,584.5,313.7,577.8,712,0.073,7
772,122.182,-161.784,-24.636,0.9799,-0.1612,0.1175,-0.0817,0.22,0.9721,-0.1825,-0.9621,0.2024,25.5,0.0013,2.253,1.06,1.24901,315.5,581.6,315.9,584.9,315.1,578.2,713,1.218,7
773,124.098,-162.058,-24.398,0.9846,-0.1204,0.127,-0.1005,0.2206,0.9702,-0.1449,-0.968,0.2051,25.5,0.0023,2.186,1.083,1.23882,317.4,581.9,318.3,585.2,316.6,578.5,713,0.733,7
774,126.021,-162.253,-24.14,0.9875,-0.0786,0.1364,-0.1197,0.2207,0.968,-0.1062,-0.9722,0.2086,25.5,0.0035,2.239,1.107,1.26202,319.4,582.1,320.7,585.4,318.0,578.7,714,0.374,7
775,127.948,-162.365,-23.865,0.9887,-0.0361,0.1457,-0.1394,0.2202,0.9654,-0.0669,-0.9748,0.2127,25.5,0.0051,2.269,1.139,1.27909,321.3,582.2,323.1,585.6,319.4,578.8,715,1.443,7
776,129.875,-162.394,-23.571,0.9876,0.0052,0.157,-0.1595,0.219,0.9626,-0.0294,-0.9757,0.2172,25.5,0.0053,2.165,1.165,1.25874,323.2,582.3,325.5,585.6,320.9,578.9,715,0.508,7
777,131.798,-162.344,-23.253,0.9846,0.0473,0.1683,-0.18,0.2172,0.9594,0.0088,-0.9749,0.2224,25.5,0.0055,2.209,1.193,1.28408,325.1,582.3,327.9,585.5,322.3,578.9,716,0.535,7
778,133.713,-162.21,-22.914,0.9797,0.0895,0.1793,-0.201,0.2147,0.9558,0.047,-0.9724,0.2284,25.5,0.0063,2.22,1.229,1.28975,327.0,582.2,330.3,585.4,323.7,578.9,716,1.416,7
779,135.617,-161.996,-22.552,0.9727,0.1297,0.1922,-0.2224,0.2115,0.9517,0.0828,-0.9686,0.2346,25.5,0.006,2.093,1.262,1.25773,328.9,582.0,332.7,585.1,325.1,578.8,717,0.395,7
780,137.505,-161.704,-22.164,0.9638,0.1706,0.2049,-0.2441,0.2075,0.9473,0.119,-0.963,0.2416,25.5,0.0058,2.137,1.289,1.28554,330.8,581.7,335.1,584.8,326.4,578.6,718,0.614,7
781,139.374,-161.332,-21.753,0.9531,0.2107,0.2174,-0.2662,0.2027,0.9424,0.1545,-0.956,0.2493,25.5,0.0061,2.12,1.326,1.27385,332.7,581.4,337.5,584.4,327.8,578.4,718,1.337,7
782,141.221,-160.884,-21.316,0.9405,0.2487,0.2314,-0.2885,0.1971,0.937,0.1874,-0.948,0.2571,25.5,0.0055,1.991,1.353,1.24642,334.6,581.0,339.9,583.8,329.1,578.1,719,0.337,7
783,143.041,-160.362,-20.851,0.926,0.2871,0.2451,-0.3109,0.1907,0.9311,0.2206,-0.9384,0.2659,25.5,0.0049,2.043,1.377,1.27173,336.4,580.5,342.3,583.2,330.3,577.7,720,0.662,7
784,144.831,-159.765,-20.36,0.91,0.3245,0.2582,-0.3335,0.1834,0.9247,0.2527,-0.9276,0.2752,25.5,0.0052,2.012,1.409,1.25599,338.2,580.0,344.7,582.5,331.6,577.4,720,1.289,7
785,146.588,-159.097,-19.844,0.8923,0.3606,0.2715,-0.3561,0.1754,0.9178,0.2833,-0.9157,0.2849,25.5,0.0053,1.962,1.429,1.24456,340.0,579.4,347.0,581.7,332.8,576.9,721,0.289,7
786,148.31,-158.36,-19.302,0.8733,0.396,0.2839,-0.3787,0.1665,0.9104,0.3132,-0.9026,0.2954,25.5,0.0063,1.965,1.455,1.23568,341.7,578.7,349.3,580.9,334.0,576.4,722,0.716,7
787,149.992,-157.552,-18.736,0.8517,0.432,0.2966,-0.4011,0.157,0.9025,0.3434,-0.8876,0.307,25.5,0.0061,2.043,1.466,1.289,343.4,577.9,351.6,579.9,335.1,575.9,722,1.234,7
788,151.63,-156.674,-18.145,0.8271,0.4691,0.3097,-0.4233,0.1467,0.894,0.3739,-0.8705,0.3199,25.5,0.0044,2.136,1.484,1.36377,345.1,577.1,353.8,578.8,336.2,575.3,723,0.221,7
789,153.217,-155.724,-17.529,0.8008,0.5051,0.3218,-0.4452,0.1357,0.8851,0.4034,-0.8521,0.3336,25.5,0.0031,2.141,1.494,1.35765,346.7,576.2,356.0,577.7,337.3,574.7,724,0.803,7
790,154.752,-154.706,-16.891,0.7743,0.5381,0.333,-0.4667,0.1241,0.8757,0.4299,-0.8335,0.3472,25.5,0.003,2.012,1.5,1.28671,348.3,575.3,358.1,576.5,338.3,574.0,724,1.147,7
791,156.236,-153.627,-16.231,0.7471,0.5691,0.3436,-0.4876,0.112,0.8659,0.4543,-0.8144,0.3611,25.5,0.003,1.946,1.493,1.25139,349.8,574.3,360.2,575.2,339.3,573.3,725,0.11,7
792,157.665,-152.487,-15.551,0.7181,0.5995,0.3535,-0.5079,0.0994,0.8557,0.4779,-0.794,0.3759,25.5,0.0026,1.978,1.488,1.2685,351.3,573.2,362.1,573.9,340.2,572.5,726,0.947,7
793,159.035,-151.29,-14.853,0.6877,0.6288,0.3629,-0.5275,0.0864,0.8452,0.5001,-0.7726,0.3911,25.5,0.0017,1.97,1.476,1.2712,352.7,572.1,364.1,572.4,341.1,571.6,726,1.004,7
794,160.346,-150.036,-14.136,0.6562,0.6564,0.3723,-0.5463,0.0731,0.8344,0.5205,-0.7509,0.4066,25.5,0.0001,1.924,1.457,1.26147,354.1,570.9,365.9,571.0,342.0,570.8,727,0.08,7
795,161.594,-148.73,-13.402,0.6238,0.6831,0.3799,-0.5642,0.0596,0.8235,0.5398,-0.728,0.4226,25.5,0.0016,1.946,1.428,1.2538,355.4,569.6,367.7,569.4,342.8,569.8,728,1.185,7
796,162.778,-147.372,-12.656,0.5903,0.7095,0.3849,-0.5812,0.0459,0.8124,0.5588,-0.7033,0.4395,25.5,0.0022,2.031,1.403,1.26207,356.6,568.3,369.4,567.8,343.6,568.9,728,0.766,7
797,163.895,-145.965,-11.9,0.5564,0.7332,0.3909,-0.5973,0.032,0.8014,0.575,-0.6794,0.4558,25.5,0.0044,1.9,1.372,1.22838,357.8,567.0,371.0,566.2,344.4,567.8,729,0.375,7
798,164.947,-144.513,-11.134,0.5222,0.7565,0.3936,-0.6125,0.0182,0.7903,0.5907,-0.6538,0.4729,25.5,0.005,1.98,1.337,1.21878,358.9,565.6,372.5,564.5,345.1,566.8,730,1.545,7
799,165.931,-143.014,-10.368,0.487,0.7807,0.3917,-0.6267,0.0044,0.7793,0.6067,-0.625,0.4913,25.5,0.0035,2.162,1.298,1.25658,360.0,564.2,373.9,562.8,345.7,565.7,730,0.406,7
800,166.847,-141.472,-9.604,0.4521,0.8012,0.3919,-0.6399,-0.0094,0.7684,0.6193,-0.5982,0.5085,25.5,0.0043,1.962,1.26,1.18955,361.0,562.7,375.2,561.0,346.4,564.5,731,0.795,7
801,167.694,-139.889,-8.843,0.4164,0.822,0.3884,-0.6523,-0.023,0.7576,0.6317,-0.5688,0.5267,25.5,0.0037,2.105,1.223,1.21867,361.9,561.2,376.5,559.2,346.9,563.3,731,1.155,7
802,168.469,-138.265,-8.093,0.3786,0.8439,0.3801,-0.6638,-0.0364,0.7471,0.6443,-0.5351,0.5464,25.5,0.0019,2.35,1.177,1.30685,362.7,559.6,377.6,557.3,347.5,562.0,732,0.075,7
803,169.171,-136.601,-7.358,0.341,0.8625,0.374,-0.6744,-0.0496,0.7367,0.6539,-0.5034,0.5647,25.5,0.0028,2.168,1.138,1.2458,363.5,558.0,378.7,555.4,347.9,560.7,733,1.335,7
804,169.799,-134.902,-6.637,0.3033,0.8804,0.3647,-0.6841,-0.0624,0.7267,0.6625,-0.4699,0.5833,25.5,0.0026,2.25,1.084,1.25654,364.2,556.4,379.7,553.5,348.4,559.4,733,0.615,7
805,170.353,-133.168,-5.939,0.2646,0.8984,0.3506,-0.6931,-0.075,0.717,0.6704,-0.4327,0.6028,25.5,0.0006,2.449,1.047,1.32096,364.8,554.7,380.5,551.5,348.7,558.0,734,0.677,7
806,170.83,-131.4,-5.268,0.2254,0.9138,0.338,-0.7012,-0.0873,0.7076,0.676,-0.3965,0.6211,25.5,0.0013,2.346,1.001,1.29194,365.3,553.0,381.3,549.5,349.0,556.6,734,1.273,7
807,171.232,-129.605,-4.623,0.1868,0.9277,0.3234,-0.7087,-0.0991,0.6985,0.6801,-0.3596,0.6389,25.5,0.0016,2.359,0.956,1.27975,365.8,551.3,382.0,547.5,349.3,555.1,735,0.057,7
808,171.559,-127.783,-4.01,0.1485,0.9407,0.3051,-0.7154,-0.1106,0.6899,0.6827,-0.3207,0.6565,25.5,0.0002,2.451,0.908,1.30461,366.2,549.5,382.5,545.5,349.5,553.6,736,1.423,7
809,171.811,-125.938,-3.433,0.1102,0.9515,0.2873,-0.7215,-0.1217,0.6816,0.6835,-0.2825,0.673,25.5,0.0005,2.385,0.868,1.28117,366.5,547.7,383.0,543.4,349.6,552.0,736,0.528,7
810,171.989,-124.074,-2.89,0.0727,0.9604,0.269,-0.7269,-0.1324,0.6738,0.6827,-0.2445,0.6885,25.5,0.0012,2.352,0.819,1.25388,366.7,545.9,383.4,541.4,349.7,550.5,737,0.887,7
811,172.095,-122.194,-2.386,0.036,0.9682,0.2477,-0.7318,-0.1428,0.6663,0.6805,-0.2053,0.7034,25.5,0.0004,2.406,0.787,1.26789,366.9,544.0,383.7,539.3,349.7,548.9,737,1.064,7
812,172.13,-120.299,-1.925,-0.0002,0.9741,0.226,-0.7362,-0.1529,0.6592,0.6767,-0.1663,0.7172,25.5,0.0002,2.38,0.751,1.25248,366.9,542.2,383.9,537.2,349.6,547.2,738,0.393,7
813,172.096,-118.396,-1.504,-0.0352,0.978,0.2055,-0.7401,-0.1627,0.6525,0.6716,-0.1291,0.7296,25.5,0.001,2.266,0.716,1.19752,367.0,540.3,384.1,535.1,349.5,545.6,738,1.559,7
814,171.994,-116.486,-1.125,-0.0694,0.9808,0.1824,-0.7435,-0.1723,0.6461,0.6651,-0.0908,0.7412,25.5,0.0005,2.323,0.689,1.21566,366.9,538.4,384.1,533.0,349.4,543.9,739,0.072,7
815,171.825,-114.572,-0.795,-0.1038,0.9823,0.1562,-0.7465,-0.1817,0.6401,0.6571,-0.0502,0.7522,25.5,0.001,2.453,0.662,1.27156,366.7,536.5,384.1,530.9,349.1,542.2,740,1.465,7
816,171.589,-112.657,-0.512,-0.1377,0.9815,0.1333,-0.7491,-0.1909,0.6343,0.648,-0.0125,0.7615,25.5,0.0003,2.285,0.641,1.20247,366.5,534.6,383.9,528.8,348.8,540.6,740,0.487,7
817,171.289,-110.745,-0.276,-0.1703,0.9794,0.1083,-0.7513,-0.2,0.6289,0.6376,0.0257,0.7699,25.5,0.0002,2.319,0.619,1.20889,366.3,532.7,383.7,526.7,348.5,538.9,741,1.077,7
818,170.925,-108.839,-0.091,-0.2024,0.976,0.0808,-0.7532,-0.2089,0.6238,0.6257,0.0654,0.7773,25.5,0.001,2.412,0.598,1.24619,365.9,530.8,383.5,524.6,348.1,537.2,741,0.875,7
819,170.499,-106.94,0.038,-0.2348,0.9706,0.0528,-0.7546,-0.2177,0.619,0.6123,0.1055,0.7836,25.5,0.0014,2.449,0.58,1.26848,365.5,528.9,383.1,522.5,347.6,535.5,742,0.721,7
820,170.01,-105.055,0.115,-0.2664,0.9635,0.0256,-0.7557,-0.2265,0.6145,0.5979,0.1443,0.7885,25.5,0.0012,2.388,0.57,1.243,365.0,527.1,382.7,520.4,347.1,533.8,742,1.231,7
821,169.461,-103.184,0.137,-0.2968,0.9549,-0.0031,-0.7565,-0.2351,0.6103,0.5821,0.1835,0.7922,25.5,0.0019,2.431,0.55,1.25444,364.5,525.2,382.1,518.4,346.5,532.1,743,0.397,7
822,168.853,-101.332,0.102,-0.3264,0.9447,-0.0336,-0.7569,-0.2437,0.6064,0.5647,0.2234,0.7945,25.5,0.0035,2.498,0.542,1.28451,363.9,523.3,381.6,516.3,345.9,530.5,743,1.555,7
823,168.188,-99.501,0.007,-0.3558,0.9324,-0.0635,-0.7569,-0.2523,0.6029,0.5461,0.2626,0.7955,25.5,0.0042,2.487,0.532,1.28426,363.2,521.5,380.9,514.3,345.2,528.8,744,0.113,7
824,167.467,-97.697,-0.145,-0.3841,0.9187,-0.0923,-0.7566,-0.2608,0.5996,0.5268,0.3002,0.7952,25.5,0.0043,2.422,0.523,1.25312,362.5,519.7,380.2,512.3,344.4,527.2,745,1.811,7
825,166.692,-95.919,-0.352,-0.4103,0.9042,-0.1187,-0.7559,-0.2693,0.5967,0.5076,0.3346,0.794,25.5,0.0042,2.258,0.516,1.17318,361.7,517.9,379.4,510.3,343.6,525.6,745,0.142,7
826,165.868,-94.171,-0.608,-0.4343,0.8891,-0.1448,-0.7549,-0.2778,0.5941,0.488,0.3673,0.7918,25.5,0.0052,2.188,0.513,1.13254,360.8,516.1,378.5,508.3,342.8,524.1,746,1.604,7
827,164.999,-92.452,-0.914,-0.4566,0.8735,-0.169,-0.7536,-0.2863,0.5917,0.4685,0.3975,0.789,25.5,0.006,2.066,0.512,1.07022,359.9,514.4,377.6,506.4,341.9,522.5,746,0.348,7
828,164.089,-90.764,-1.264,-0.477,0.8583,-0.1891,-0.7519,-0.295,0.5897,0.4504,0.4234,0.786,25.5,0.0061,1.819,0.521,0.95276,359.0,512.7,376.6,504.5,341.0,521.0,747,1.426,7
829,163.14,-89.105,-1.649,-0.4958,0.8437,-0.2055,-0.7498,-0.3037,0.5879,0.4336,0.4456,0.7832,25.5,0.0053,1.603,0.523,0.84947,358.0,511.0,375.6,502.6,340.1,519.6,747,0.526,7
830,162.156,-87.474,-2.065,-0.5131,0.829,-0.2224,-0.7474,-0.3126,0.5863,0.4165,0.4671,0.78,25.5,0.006,1.585,0.536,0.83175,357.0,509.4,374.5,500.8,339.1,518.1,748,1.261,7
831,161.14,-85.872,-2.516,-0.529,0.8142,-0.239,-0.7446,-0.3216,0.585,0.3994,0.4875,0.7764,25.5,0.0078,1.539,0.545,0.80336,355.9,507.8,373.4,498.9,338.1,516.7,748,0.69,7
832,160.093,-84.298,-2.995,-0.5444,0.8,-0.2521,-0.7414,-0.3309,0.5838,0.3837,0.5048,0.7733,25.5,0.0083,1.35,0.568,0.72603,354.8,506.2,372.2,497.1,337.1,515.4,749,1.089,7
833,159.017,-82.752,-3.497,-0.5597,0.7861,-0.2623,-0.7378,-0.3404,0.5829,0.369,0.5198,0.7705,25.5,0.0075,1.214,0.584,0.67739,353.7,504.6,371.0,495.3,336.1,514.0,749,0.861,7
834,157.91,-81.233,-4.016,-0.5754,0.772,-0.27,-0.7337,-0.3502,0.5822,0.355,0.5331,0.768,25.5,0.0054,1.116,0.61,0.66007,352.6,503.1,369.8,493.6,335.0,512.7,750,0.889,7
835,156.774,-79.743,-4.556,-0.5898,0.7562,-0.2833,-0.7293,-0.3602,0.5817,0.3379,0.5497,0.764,25.5,0.007,1.385,0.627,0.73991,351.4,501.5,368.5,491.8,334.0,511.4,750,1.061,7
836,155.611,-78.283,-5.118,-0.6034,0.7415,-0.2934,-0.7243,-0.3707,0.5814,0.3224,0.5633,0.7608,25.5,0.0084,1.196,0.667,0.65907,350.2,500.1,367.2,490.1,332.9,510.2,751,0.632,7
837,154.421,-76.85,-5.697,-0.6168,0.728,-0.2993,-0.7189,-0.3814,0.5812,0.309,0.5736,0.7586,25.5,0.0082,0.977,0.687,0.58522,348.9,498.6,365.8,488.4,331.8,509.0,751,1.318,7
838,153.205,-75.443,-6.283,-0.6302,0.7156,-0.3013,-0.713,-0.3925,0.5811,0.2975,0.581,0.7576,25.5,0.0066,0.786,0.72,0.53969,347.7,497.2,364.4,486.7,330.7,507.9,752,0.292,7
839,151.963,-74.059,-6.869,-0.6441,0.7039,-0.2994,-0.7066,-0.4039,0.581,0.288,0.5858,0.7576,25.5,0.0031,0.61,0.749,0.53678,346.4,495.8,363.0,485.0,329.5,506.7,752,1.659,7
840,150.693,-72.704,-7.463,-0.6585,0.6864,-0.3087,-0.6997,-0.4157,0.581,0.2705,0.5985,0.754,25.5,0.0039,1.256,0.783,0.71989,345.1,494.4,361.5,483.3,328.4,505.6,753,0.162,7
841,149.396,-71.38,-8.069,-0.6713,0.6724,-0.3118,-0.6923,-0.4279,0.581,0.2573,0.6059,0.7528,25.5,0.0041,0.87,0.818,0.5648,343.7,493.1,360.0,481.7,327.2,504.6,754,1.22,7
842,148.076,-70.079,-8.675,-0.6829,0.662,-0.3087,-0.6845,-0.4403,0.5811,0.2488,0.6082,0.7538,25.5,0.0034,0.508,0.839,0.46678,342.4,491.7,358.4,480.1,326.1,503.6,754,0.731,7
843,146.733,-68.796,-9.269,-0.6936,0.6552,-0.2993,-0.6761,-0.4529,0.5811,0.2452,0.6054,0.7572,25.5,0.0017,0.326,0.868,0.46377,341.0,490.4,356.8,478.5,324.9,502.6,755,0.543,7
844,145.371,-67.522,-9.838,-0.7037,0.6514,-0.2837,-0.6672,-0.4659,0.5812,0.2464,0.5983,0.7625,25.5,0.0011,0.512,0.903,0.55745,339.6,489.2,355.2,476.9,323.7,501.6,755,1.408,7
845,143.984,-66.268,-10.39,-0.7182,0.6364,-0.2814,-0.6579,-0.479,0.5812,0.2351,0.6026,0.7627,25.5,0.0041,0.693,0.92,0.61676,338.2,487.9,353.5,475.3,322.5,500.7,756,0.236,7
846,142.573,-65.036,-10.931,-0.729,0.6277,-0.273,-0.648,-0.4923,0.5811,0.2304,0.6006,0.7657,25.5,0.0047,0.339,0.95,0.47642,336.7,486.6,351.9,473.7,321.3,499.8,757,0.844,7
847,141.143,-63.815,-11.45,-0.7365,0.6253,-0.258,-0.6378,-0.5057,0.581,0.2328,0.5925,0.7712,25.5,0.0036,0.578,0.965,0.49782,335.3,485.4,350.1,472.2,320.1,498.9,757,1.107,7
848,139.702,-62.593,-11.932,-0.7408,0.6294,-0.2346,-0.6271,-0.5192,0.5807,0.2437,0.5773,0.7793,25.5,0.0015,1.168,0.987,0.70937,333.8,484.2,348.4,470.6,318.9,498.0,758,0.115,7
849,138.256,-61.358,-12.359,-0.7447,0.635,-0.2056,-0.6162,-0.5327,0.5802,0.2589,0.5587,0.7879,25.5,0.0013,1.462,0.995,0.87562,332.3,482.9,346.7,469.1,317.7,497.0,759,0.801,7
850,136.796,-60.122,-12.737,-0.7523,0.6336,-0.1807,-0.6049,-0.5462,0.5794,0.2684,0.5452,0.7942,25.5,0.0043,1.012,1.01,0.76605,330.8,481.7,344.9,467.5,316.5,496.1,759,1.15,7
851,135.325,-58.883,-13.059,-0.7553,0.6384,-0.1481,-0.5935,-0.5597,0.5784,0.2863,0.5248,0.8017,25.5,0.0053,1.613,1.014,0.97242,329.4,480.5,343.2,465.9,315.3,495.2,760,0.303,7
852,133.854,-57.628,-13.31,-0.7521,0.6501,-0.1081,-0.5819,-0.5732,0.5769,0.3131,0.4968,0.8094,25.5,0.0026,2.264,1.023,1.22842,327.9,479.2,341.4,464.4,314.1,494.3,761,0.489,7
853,132.394,-56.348,-13.477,-0.7471,0.6616,-0.064,-0.5703,-0.5866,0.575,0.3428,0.4661,0.8156,25.5,0.0012,2.473,1.021,1.34743,326.4,477.9,339.7,462.8,312.9,493.4,762,1.242,7
854,130.941,-55.05,-13.559,-0.7428,0.6692,-0.0203,-0.5589,-0.5999,0.5726,0.371,0.4366,0.8196,25.5,0.0021,2.35,1.013,1.30977,325.0,476.6,338.0,461.1,311.8,492.4,762,0.708,7
855,129.497,-53.74,-13.56,-0.7385,0.674,0.0186,-0.5475,-0.6129,0.5697,0.3954,0.4105,0.8217,25.5,0.0018,2.051,1.004,1.15882,323.5,475.3,336.3,459.5,310.6,491.4,763,0.023,7
856,128.062,-52.422,-13.491,-0.733,0.6782,0.0527,-0.5363,-0.6257,0.5664,0.4171,0.3869,0.8224,25.5,0.0014,1.837,0.993,1.02251,322.1,474.0,334.6,457.9,309.4,490.4,764,0.73,7
857,126.638,-51.096,-13.353,-0.7268,0.6811,0.0884,-0.5254,-0.6382,0.5627,0.4397,0.3625,0.8217,25.5,0.0031,1.906,0.974,1.06825,320.7,472.7,332.9,456.3,308.3,489.4,764,1.221,7
858,125.226,-49.768,-13.146,-0.7218,0.6809,0.1236,-0.5148,-0.6502,0.5587,0.4608,0.3397,0.8199,25.5,0.0021,1.783,0.946,1.04489,319.3,471.4,331.3,454.7,307.2,488.4,765,0.512,8
859,123.823,-48.442,-12.872,-0.7175,0.6786,0.1571,-0.5047,-0.6618,0.5544,0.4802,0.3185,0.8173,25.5,0.0001,1.653,0.915,0.99481,317.9,470.1,329.7,453.1,306.0,487.4,766,0.202,8
860,122.432,-47.118,-12.535,-0.7094,0.679,0.189,-0.495,-0.6727,0.5499,0.5005,0.2966,0.8133,25.5,0.0017,1.726,0.875,0.96735,316.6,468.8,328.1,451.5,304.9,486.3,767,0.929,8
861,121.054,-45.797,-12.138,-0.7046,0.6754,0.2175,-0.4858,-0.6831,0.5453,0.5169,0.2786,0.8095,25.5,0.0005,1.412,0.838,0.85588,315.2,467.5,326.5,450.0,303.8,485.3,767,1.021,8
862,119.682,-44.486,-11.69,-0.7033,0.6687,0.241,-0.4771,-0.6929,0.5406,0.5285,0.2652,0.8064,25.5,0.0025,1.031,0.798,0.71922,313.9,466.2,325.0,448.4,302.6,484.2,768,0.273,8
863,118.31,-43.191,-11.201,-0.7041,0.6606,0.2602,-0.4689,-0.7021,0.5359,0.5367,0.2553,0.8042,25.5,0.0058,0.747,0.756,0.61296,312.6,464.9,323.5,446.9,301.5,483.2,769,0.502,8
864,116.947,-41.906,-10.66,-0.6954,0.6568,0.2917,-0.4613,-0.7106,0.5313,0.5562,0.2349,0.7972,25.5,0.009,1.666,0.704,0.96687,311.3,463.7,322.0,445.5,300.4,482.1,770,1.302,8
865,115.594,-40.63,-10.073,-0.6923,0.6522,0.3089,-0.4543,-0.7184,0.5268,0.5655,0.2243,0.7936,25.5,0.0087,0.834,0.653,0.53096,310.0,462.4,320.5,444.0,299.2,481.1,770,0.649,8
866,114.244,-39.363,-9.461,-0.6935,0.6471,0.3166,-0.4479,-0.7256,0.5224,0.5678,0.2205,0.7931,25.5,0.0065,0.256,0.607,0.27361,308.6,461.2,319.1,442.6,298.0,480.0,771,0.176,8
867,112.887,-38.106,-8.843,-0.6988,0.6414,0.3165,-0.4422,-0.732,0.5182,0.5641,0.2221,0.7953,25.5,0.0035,0.263,0.547,0.22871,307.3,459.9,317.7,441.2,296.9,478.9,772,0.995,8
868,111.515,-36.862,-8.232,-0.7084,0.6347,0.3089,-0.4373,-0.7378,0.5142,0.5542,0.2292,0.8002,25.5,0.0003,0.752,0.492,0.4101,306.0,458.7,316.2,439.8,295.6,477.8,772,0.957,8
869,110.121,-35.632,-7.644,-0.723,0.626,0.2923,-0.4332,-0.7429,0.5104,0.5367,0.2424,0.8082,25.5,0.0027,1.337,0.434,0.69803,304.7,457.5,314.8,438.5,294.4,476.7,773,0.14,8
870,108.707,-34.42,-7.069,-0.7274,0.618,0.2984,-0.43,-0.7472,0.5068,0.5361,0.2404,0.8092,25.5,0.0022,0.133,0.37,0.32273,303.3,456.3,313.4,437.2,293.1,475.6,774,0.659,8
871,107.283,-33.222,-6.486,-0.7333,0.6109,0.2984,-0.4275,-0.7508,0.5035,0.5316,0.2416,0.8118,25.5,0.0051,0.306,0.314,0.27124,301.9,455.1,311.9,435.9,291.7,474.6,774,1.294,8
872,105.845,-32.037,-5.91,-0.7418,0.6041,0.291,-0.4259,-0.7538,0.5004,0.5217,0.2473,0.8165,25.5,0.0062,0.708,0.264,0.38674,300.5,453.9,310.5,434.7,290.3,473.5,775,0.534,8
873,104.388,-30.866,-5.356,-0.7534,0.5973,0.2751,-0.4251,-0.7561,0.4976,0.5052,0.2579,0.8235,25.5,0.0055,1.193,0.213,0.61187,299.1,452.8,309.1,433.5,288.9,472.4,776,0.195,8
874,102.904,-29.709,-4.844,-0.7689,0.5894,0.248,-0.4249,-0.7579,0.495,0.4797,0.2752,0.8332,25.5,0.0028,1.851,0.182,0.94641,297.6,451.6,307.6,432.3,287.5,471.2,777,0.856,8
875,101.386,-28.569,-4.4,-0.7893,0.5785,0.2057,-0.4255,-0.7591,0.4926,0.4412,0.3013,0.8453,25.5,0.002,2.754,0.158,1.41657,296.1,450.5,306.2,431.1,285.9,470.1,777,1.095,8
876,99.828,-27.456,-4.031,-0.8086,0.5629,0.1713,-0.4268,-0.7598,0.4905,0.4063,0.3235,0.8546,25.5,0.0014,2.429,0.147,1.24674,294.6,449.4,304.7,430.0,284.4,469.1,778,0.483,8
877,98.234,-26.374,-3.734,-0.8262,0.5475,0.1327,-0.4288,-0.76,0.4885,0.3683,0.3467,0.8626,25.5,0.003,2.592,0.162,1.32652,293.0,448.3,303.2,428.9,282.7,468.0,779,0.075,8
878,96.609,-25.32,-3.514,-0.8399,0.5346,0.094,-0.4315,-0.7596,0.4866,0.3316,0.3681,0.8686,25.5,0.0021,2.459,0.191,1.26475,291.4,447.3,301.7,427.9,281.0,466.9,780,0.58,8
879,94.962,-24.286,-3.365,-0.8492,0.5247,0.0588,-0.435,-0.7588,0.4848,0.299,0.3861,0.8727,25.5,0.0002,2.147,0.23,1.10876,289.8,446.2,300.1,426.9,279.3,465.9,781,1.036,8
880,93.294,-23.28,-3.288,-0.861,0.5082,0.0196,-0.4393,-0.7575,0.4829,0.2602,0.4072,0.8755,25.5,0.0027,2.536,0.279,1.29718,288.1,445.2,298.6,425.9,277.5,464.8,781,0.915,8
881,91.607,-22.303,-3.288,-0.8692,0.4941,-0.0196,-0.4442,-0.7559,0.481,0.2228,0.4268,0.8765,25.5,0.0032,2.42,0.315,1.24779,286.4,444.3,297.1,425.0,275.7,463.8,782,0.507,8
882,89.907,-21.351,-3.365,-0.8739,0.4825,-0.059,-0.4498,-0.7538,0.479,0.1866,0.4451,0.8758,25.5,0.0011,2.325,0.361,1.21496,284.7,443.3,295.5,424.1,273.8,462.8,783,0.148,8
883,88.2,-20.421,-3.519,-0.8771,0.4699,-0.099,-0.4559,-0.7515,0.4769,0.1497,0.4635,0.8734,25.5,0.0005,2.367,0.392,1.23607,283.0,442.4,294.0,423.2,271.9,461.8,784,0.164,8
884,86.487,-19.52,-3.752,-0.8797,0.4546,-0.1398,-0.4623,-0.7489,0.4748,0.1111,0.4823,0.8689,25.5,0.0001,2.474,0.414,1.2829,281.3,441.5,292.4,422.4,270.0,460.8,785,0.427,8
885,84.772,-18.647,-4.065,-0.8788,0.4415,-0.1813,-0.469,-0.7461,0.4726,0.0734,0.5003,0.8627,25.5,0.0029,2.42,0.435,1.27917,279.6,440.6,290.9,421.6,268.1,459.8,786,0.64,8
886,83.062,-17.797,-4.459,-0.8744,0.4309,-0.2231,-0.4757,-0.7433,0.4704,0.0368,0.5174,0.8549,25.5,0.0093,2.358,0.435,1.27388,277.9,439.8,289.3,420.9,266.2,458.9,787,0.804,8
887,81.361,-16.97,-4.934,-0.8701,0.4162,-0.2641,-0.4823,-0.7405,0.468,-0.0008,0.5346,0.8451,25.5,0.0121,2.435,0.433,1.28633,276.1,438.9,287.8,420.1,264.3,458.0,788,0.918,8
888,79.671,-16.172,-5.488,-0.8632,0.4028,-0.3044,-0.4888,-0.7377,0.4656,-0.037,0.5508,0.8338,25.5,0.0169,2.363,0.428,1.26446,274.4,438.1,286.3,419.4,262.4,457.1,789,0.982,8
889,77.997,-15.398,-6.121,-0.8533,0.3916,-0.3443,-0.4951,-0.7351,0.4631,-0.0718,0.5658,0.8214,25.5,0.0248,2.285,0.416,1.25214,272.7,437.3,284.7,418.7,260.6,456.3,789,0.969,8
890,76.345,-14.644,-6.831,-0.8416,0.3802,-0.3837,-0.5012,-0.7327,0.4605,-0.1061,0.5801,0.8076,25.5,0.0335,2.271,0.404,1.25348,271.1,436.6,283.2,418.0,258.7,455.4,791,0.954,8
891,74.715,-13.917,-7.616,-0.8297,0.3661,-0.4214,-0.507,-0.7304,0.4577,-0.1404,0.5939,0.7922,25.5,0.0396,2.295,0.392,1.23349,269.4,435.9,281.7,417.3,256.9,454.6,792,0.859,8
892,73.112,-13.214,-8.475,-0.8139,0.3554,-0.4596,-0.5125,-0.7284,0.4548,-0.1733,0.6065,0.776,25.5,0.0508,2.222,0.374,1.25494,267.8,435.2,280.2,416.7,255.1,453.8,793,0.706,8
893,71.544,-12.529,-9.408,-0.7941,0.3481,-0.4982,-0.5178,-0.7265,0.4518,-0.2052,0.6181,0.7588,25.5,0.0668,2.18,0.366,1.29291,266.2,434.5,278.8,416.1,253.4,453.1,794,0.491,8
894,70.015,-11.861,-10.417,-0.775,0.3354,-0.5356,-0.5228,-0.7249,0.4486,-0.2385,0.6296,0.7394,25.5,0.0782,2.305,0.352,1.28936,264.6,433.8,277.3,415.5,251.7,452.4,795,0.212,8
895,68.524,-11.218,-11.497,-0.7535,0.3249,-0.5716,-0.5274,-0.7234,0.4455,-0.2699,0.6399,0.7195,25.5,0.0923,2.21,0.329,1.27039,263.1,433.1,275.9,414.9,250.1,451.7,796,0.13,8
896,67.079,-10.589,-12.644,-0.7283,0.3217,-0.6051,-0.5317,-0.7222,0.4425,-0.2965,0.6481,0.7015,25.5,0.1129,1.899,0.308,1.23562,261.6,432.5,274.6,414.3,248.5,451.0,797,0.536,8
897,65.685,-9.959,-13.853,-0.7014,0.3253,-0.6343,-0.5353,-0.7212,0.4397,-0.3175,0.6541,0.6865,25.5,0.138,1.518,0.268,1.17154,260.2,431.9,273.2,413.7,247.0,450.3,799,0.404,8
898,64.351,-9.316,-15.121,-0.6684,0.3325,-0.6653,-0.5383,-0.7205,0.4372,-0.339,0.6601,0.6704,25.5,0.1706,1.577,0.227,1.34729,258.8,431.2,272.0,413.1,245.5,449.6,800,0.205,8
899,63.071,-8.669,-16.443,-0.6454,0.3304,-0.6887,-0.5404,-0.7201,0.4353,-0.3585,0.6651,0.6551,25.5,0.1889,1.449,0.164,0.96625,257.5,430.6,270.7,412.5,244.1,449.0,802,0.324,8
900,61.828,-8.033,-17.803,-0.6318,0.3205,-0.7058,-0.5416,-0.72,0.4339,-0.3763,0.6692,0.6407,25.5,0.1948,1.333,0.106,0.70486,256.2,430.0,269.4,411.8,242.8,448.3,803,0.517,8
901,60.602,-7.423,-19.192,-0.6266,0.3037,-0.7177,-0.5418,-0.7203,0.4332,-0.3925,0.6726,0.6273,25.5,0.1902,1.22,0.045,0.62395,255.0,429.3,268.2,411.2,241.6,447.7,805,0.361,8
902,59.384,-6.851,-20.602,-0.6169,0.2848,-0.7337,-0.5408,-0.7209,0.4333,-0.4131,0.6764,0.6098,25.5,0.1896,1.564,0.067,0.78163,253.7,428.8,266.9,410.7,240.4,447.1,807,0.265,8
903,58.203,-6.308,-22.056,-0.5965,0.2724,-0.7549,-0.5387,-0.722,0.4342,-0.4359,0.6799,0.5897,25.5,0.2031,1.753,0.145,0.93814,252.5,428.2,265.6,410.1,239.2,446.6,809,0.103,8
904,57.049,-5.788,-23.539,-0.5891,0.2611,-0.7647,-0.5356,-0.7234,0.4358,-0.4491,0.681,0.5785,25.5,0.2066,0.994,0.215,0.49039,251.3,427.7,264.4,409.6,238.1,446.1,811,0.387,8
905,55.898,-5.29,-25.032,-0.5933,0.2503,-0.765,-0.5317,-0.7249,0.4379,-0.4543,0.6805,0.575,25.5,0.201,0.36,0.268,0.34061,250.1,427.2,263.1,409.1,237.0,445.6,812,0.248,8
906,54.728,-4.812,-26.517,-0.6086,0.2397,-0.7564,-0.5272,-0.7267,0.4404,-0.452,0.6787,0.5788,25.5,0.1865,0.275,0.312,0.60249,248.9,426.7,261.8,408.6,235.9,445.1,814,0.753,9
907,53.517,-4.355,-27.975,-0.6352,0.2287,-0.7377,-0.5224,-0.7285,0.4433,-0.4418,0.6758,0.59,25.5,0.1618,0.884,0.337,1.00874,247.7,426.3,260.4,408.1,234.8,444.7,815,0.415,9
908,52.256,-3.925,-29.398,-0.654,0.2116,-0.7263,-0.5172,-0.7302,0.4463,-0.4403,0.6742,0.5929,25.5,0.1404,0.208,0.357,0.81854,246.4,425.9,259.0,407.6,233.7,444.3,816,0.174,9
909,50.968,-3.527,-30.808,-0.6666,0.197,-0.7189,-0.512,-0.732,0.4495,-0.4412,0.6731,0.5936,25.5,0.1261,0.091,0.365,0.60701,245.1,425.5,257.6,407.2,232.5,444.0,817,0.039,9
910,49.656,-3.153,-32.201,-0.6795,0.1876,-0.7093,-0.5065,-0.7338,0.4528,-0.4384,0.6714,0.5976,25.5,0.1147,0.296,0.382,0.54729,243.8,425.1,256.1,406.8,231.3,443.6,818,0.027,9
911,48.318,-2.792,-33.572,-0.6931,0.1831,-0.6973,-0.5008,-0.7356,0.4562,-0.4318,0.6691,0.6049,25.5,0.1057,0.579,0.394,0.54909,242.4,424.7,254.6,406.4,230.1,443.3,819,0.044,9
912,46.952,-2.436,-34.918,-0.7076,0.1835,-0.6824,-0.495,-0.7374,0.4596,-0.4209,0.6663,0.6156,25.5,0.0987,0.89,0.399,0.61103,241.1,424.4,253.1,406.0,228.9,443.0,820,0.19,9
913,45.558,-2.074,-36.231,-0.7234,0.1889,-0.6641,-0.4889,-0.7393,0.4631,-0.4052,0.6626,0.6299,25.5,0.0935,1.235,0.417,0.72802,239.7,424.0,251.5,405.7,227.6,442.6,821,0.408,9
914,44.133,-1.711,-37.512,-0.7382,0.1831,-0.6492,-0.4826,-0.7412,0.4666,-0.3971,0.66,0.6377,25.5,0.0824,0.661,0.427,0.64025,238.2,423.7,249.9,405.3,226.4,442.3,822,0.673,9
915,42.679,-1.357,-38.762,-0.7525,0.1804,-0.6334,-0.476,-0.7433,0.4701,-0.387,0.657,0.6469,25.5,0.0737,0.801,0.445,0.63118,236.8,423.3,248.3,404.9,225.1,442.0,823,0.965,9
916,41.198,-1.006,-39.981,-0.767,0.1808,-0.6157,-0.469,-0.7454,0.4737,-0.3741,0.6535,0.658,25.5,0.0667,0.996,0.467,0.67243,235.3,423.0,246.7,404.5,223.8,441.7,823,0.985,9
917,39.687,-0.65,-41.162,-0.7825,0.1845,-0.5947,-0.4617,-0.7477,0.4772,-0.3573,0.6492,0.6715,25.5,0.0605,1.259,0.482,0.77454,233.8,422.6,245.0,404.1,222.5,441.4,824,0.688,9
918,38.145,-0.283,-42.297,-0.7999,0.1928,-0.5683,-0.4538,-0.7502,0.4809,-0.3341,0.6436,0.6886,25.5,0.0549,1.682,0.52,0.96055,232.3,422.3,243.3,403.7,221.1,441.1,825,0.406,9
919,36.566,0.096,-43.376,-0.8194,0.1962,-0.5386,-0.4455,-0.7528,0.4846,-0.3107,0.6376,0.7049,25.5,0.0437,1.67,0.542,1.04911,230.7,421.9,241.5,403.3,219.8,440.8,826,0.158,9
920,34.949,0.484,-44.394,-0.8394,0.2015,-0.5047,-0.4366,-0.7556,0.4883,-0.2831,0.6306,0.7227,25.5,0.0322,1.924,0.575,1.16725,229.1,421.5,239.7,402.9,218.4,440.5,827,0.039,9
921,33.294,0.884,-45.343,-0.8582,0.2098,-0.4685,-0.427,-0.7587,0.492,-0.2523,0.6225,0.7409,25.5,0.0232,2.102,0.616,1.22347,227.5,421.1,237.8,402.4,217.0,440.1,828,0.168,9
922,31.604,1.303,-46.221,-0.8754,0.219,-0.431,-0.4168,-0.762,0.4957,-0.2199,0.6136,0.7584,25.499,0.0157,2.171,0.65,1.24222,225.8,420.7,235.9,401.9,215.6,439.8,829,0.238,9
923,29.879,1.737,-47.02,-0.8932,0.2263,-0.3887,-0.4057,-0.7655,0.4994,-0.1845,0.6037,0.7756,25.499,0.005,2.325,0.7,1.36561,224.1,420.3,233.9,401.4,214.2,439.5,830,0.251,9
924,28.124,2.188,-47.737,-0.9073,0.2371,-0.3473,-0.3939,-0.7694,0.5029,-0.1479,0.5931,0.7915,25.499,0.0003,2.366,0.74,1.32396,222.4,419.9,231.9,400.9,212.7,439.1,831,0.21,9
925,26.344,2.664,-48.376,-0.9175,0.2511,-0.3083,-0.3813,-0.7735,0.5062,-0.1114,0.5821,0.8055,25.499,0.0004,2.327,0.782,1.25414,220.7,419.4,229.9,400.4,211.3,438.7,832,0.118,9
926,24.544,3.164,-48.934,-0.9282,0.2618,-0.2644,-0.3678,-0.778,0.5093,-0.0724,0.57,0.8184,25.499,0.0031,2.454,0.834,1.36472,218.9,418.9,227.8,399.8,209.9,438.3,833,0.025,9
927,22.726,3.685,-49.409,-0.9355,0.2736,-0.2236,-0.3535,-0.7828,0.5122,-0.0349,0.5582,0.829,25.499,0.002,2.333,0.88,1.26648,217.1,418.4,225.7,399.1,208.4,438.0,834,0.214,9
928,20.898,4.232,-49.808,-0.9398,0.287,-0.1855,-0.3382,-0.7879,0.5146,0.0015,0.5463,0.8376,25.499,0.0037,2.249,0.934,1.19366,215.3,417.9,223.5,398.5,207.0,437.5,835,0.451,9
929,19.064,4.81,-50.13,-0.9412,0.305,-0.1451,-0.3221,-0.7934,0.5165,0.0424,0.5329,0.8451,25.499,0.0138,2.503,0.981,1.30049,213.5,417.3,221.3,397.8,205.6,437.1,836,0.735,9
930,17.226,5.414,-50.373,-0.9441,0.3128,-0.1038,-0.3051,-0.7992,0.5179,0.0791,0.5207,0.8501,25.499,0.0157,2.234,1.032,1.2382,211.8,416.7,219.2,397.1,204.3,436.7,838,0.537,9
931,15.381,6.022,-50.536,-0.9489,0.3093,-0.0628,-0.2874,-0.8052,0.5187,0.1099,0.5102,0.853,25.499,0.0089,1.872,1.072,1.21756,210.0,416.1,216.9,396.4,202.9,436.2,839,0.158,9
932,13.529,6.627,-50.617,-0.9498,0.3121,-0.0206,-0.2693,-0.8114,0.5187,0.1452,0.4983,0.8548,25.499,0.0081,2.137,1.096,1.24322,208.2,415.6,214.7,395.6,201.5,435.8,840,0.239,9
933,11.676,7.233,-50.618,-0.951,0.3087,0.0185,-0.2507,-0.8178,0.518,0.1751,0.488,0.8551,25.5,0.0045,1.812,1.128,1.15396,206.4,415.0,212.4,394.9,200.2,435.3,841,0.645,9
934,9.819,7.824,-50.547,-0.9537,0.296,0.0537,-0.2321,-0.8241,0.5167,0.1972,0.4803,0.8547,25.5,0.0052,1.341,1.128,1.10252,204.6,414.4,210.2,394.1,198.8,434.9,843,0.487,9
935,7.956,8.38,-50.41,-0.9578,0.2742,0.0867,-0.2135,-0.8304,0.5146,0.2131,0.4744,0.8541,25.5,0.0214,0.972,1.132,1.16855,202.7,413.8,207.9,393.5,197.5,434.5,844,0.089,9
936,6.088,8.903,-50.209,-0.9569,0.2642,0.1204,-0.1953,-0.8366,0.5118,0.236,0.4664,0.8525,25.501,0.0275,1.393,1.113,1.03333,200.9,413.3,205.7,392.8,196.1,434.2,845,0.29,9
937,4.227,9.421,-49.94,-0.9504,0.2695,0.1554,-0.1776,-0.8426,0.5085,0.268,0.4557,0.8488,25.502,0.0207,1.945,1.087,1.05766,199.1,412.8,203.5,392.1,194.7,433.8,846,0.638,9
938,2.385,9.961,-49.601,-0.9404,0.2806,0.1921,-0.1608,-0.8483,0.5046,0.3046,0.4436,0.8429,25.503,0.0101,2.235,1.041,1.16453,197.3,412.3,201.3,391.5,193.3,433.4,848,0.756,9
939,0.559,10.509,-49.192,-0.9319,0.283,0.2267,-0.1449,-0.8537,0.5002,0.3351,0.4333,0.8366,25.504,0.0068,1.88,0.995,1.04942,195.5,411.8,199.1,390.8,191.9,433.0,849,0.572,9
940,-1.247,11.07,-48.718,-0.9199,0.2943,0.2591,-0.13,-0.8589,0.4953,0.3683,0.422,0.8284,25.505,0.0049,2.064,0.947,1.0683,193.8,411.2,197.0,390.1,190.5,432.6,850,0.469,9
941,-3.026,11.662,-48.183,-0.9039,0.3145,0.2899,-0.1161,-0.8638,0.4902,0.4048,0.4096,0.8176,25.507,0.0246,2.294,0.894,1.18018,192.1,410.6,194.9,389.4,189.1,432.2,851,0.46,9
942,-4.773,12.297,-47.593,-0.8881,0.3349,0.315,-0.1033,-0.8685,0.4848,0.4364,0.3985,0.8067,25.509,0.0464,2.018,0.84,1.05784,190.4,410.0,192.9,388.7,187.7,431.7,852,0.56,9
943,-6.489,12.963,-46.95,-0.8714,0.3472,0.3465,-0.0914,-0.8729,0.4793,0.4696,0.3866,0.7937,25.511,0.0573,2.154,0.792,1.10837,188.7,409.4,191.0,387.9,186.3,431.1,853,0.777,9
944,-8.169,13.646,-46.235,-0.8512,0.3525,0.3889,-0.0805,-0.877,0.4736,0.5088,0.3724,0.7761,25.513,0.0564,2.593,0.743,1.38903,187.0,408.7,189.1,387.1,185.0,430.6,854,1.121,9
945,-9.803,14.335,-45.426,-0.824,0.3567,0.4402,-0.0704,-0.881,0.4679,0.5554,0.355,0.752,25.515,0.0503,3.167,0.703,1.71108,185.4,408.0,187.2,386.3,183.6,430.0,854,0.829,9
946,-11.38,15.037,-44.52,-0.7933,0.3619,0.4896,-0.0612,-0.8847,0.4622,0.601,0.337,0.7247,25.517,0.0453,3.215,0.655,1.71642,183.9,407.3,185.5,385.5,182.3,429.4,855,0.345,9
947,-12.897,15.74,-43.517,-0.7629,0.3576,0.5386,-0.0526,-0.8882,0.4564,0.642,0.32,0.6968,25.519,0.0317,3.004,0.627,1.69966,182.4,406.6,183.8,384.7,181.0,428.8,856,0.299,9
948,-14.356,16.429,-42.422,-0.7322,0.3506,0.5839,-0.0448,-0.8915,0.4508,0.6787,0.304,0.6686,25.521,0.0165,2.806,0.582,1.62154,181.0,405.9,182.2,384.0,179.8,428.2,857,1.127,9
949,-15.75,17.107,-41.24,-0.6981,0.3441,0.6279,-0.0375,-0.8946,0.4453,0.715,0.2873,0.6374,25.522,0.002,2.905,0.553,1.64727,179.6,405.3,180.6,383.2,178.6,427.6,857,0.823,9
950,-17.078,17.769,-39.975,-0.6642,0.3339,0.6689,-0.0308,-0.8975,0.4398,0.7473,0.2716,0.6065,25.524,0.015,2.715,0.524,1.59214,178.3,404.6,179.2,382.4,177.4,427.1,858,0.226,9
951,-18.341,18.409,-38.635,-0.6312,0.3236,0.7049,-0.0246,-0.9003,0.4346,0.7756,0.2571,0.5765,25.525,0.0305,2.505,0.491,1.46685,177.0,404.0,177.8,381.7,176.3,426.5,859,1.53,10
952,-19.54,19.03,-37.228,-0.5981,0.3132,0.7377,-0.0189,-0.9029,0.4294,0.8014,0.2432,0.5465,25.526,0.0453,2.403,0.466,1.40322,175.9,403.4,176.4,381.0,175.3,426.0,859,0.42,10
953,-20.675,19.63,-35.761,-0.5666,0.3017,0.7668,-0.0136,-0.9054,0.4244,0.8238,0.2305,0.518,25.527,0.06,2.201,0.441,1.30491,174.7,402.8,175.2,380.3,174.3,425.4,860,1.187,10
954,-21.751,20.207,-34.241,-0.5376,0.2902,0.7917,-0.0087,-0.9077,0.4196,0.8426,0.2193,0.4918,25.527,0.0735,1.956,0.415,1.17293,173.7,402.2,174.0,379.7,173.3,424.9,860,0.764,10
955,-22.772,20.762,-32.675,-0.5098,0.2801,0.8134,-0.0042,-0.9098,0.4149,0.8594,0.2089,0.4667,25.528,0.0848,1.83,0.392,1.07816,172.6,401.6,172.9,379.0,172.4,424.4,861,1.177,10
956,-23.742,21.299,-31.071,-0.4859,0.2707,0.8311,0.0,-0.9119,0.4104,0.8728,0.2003,0.445,25.528,0.0942,1.542,0.373,0.91653,171.7,401.1,171.8,378.4,171.5,424.0,861,0.773,10
957,-24.669,21.818,-29.436,-0.4656,0.262,0.8453,0.004,-0.9139,0.406,0.8835,0.1934,0.4266,25.528,0.1019,1.282,0.359,0.77161,170.7,400.5,170.8,377.8,170.7,423.5,862,1.502,10
958,-25.559,22.321,-27.777,-0.4485,0.254,0.8569,0.0078,-0.9157,0.4017,0.892,0.1879,0.4112,25.528,0.1081,1.056,0.345,0.65117,169.8,400.0,169.8,377.2,169.9,423.0,862,0.449,10
959,-26.418,22.81,-26.095,-0.4316,0.2469,0.8676,0.0113,-0.9175,0.3975,0.9,0.1825,0.3957,25.528,0.1135,1.046,0.33,0.62374,169.0,399.5,168.8,376.7,169.1,422.6,863,2.153,10
960,-27.244,23.285,-24.394,-0.4159,0.2403,0.8771,0.0147,-0.9193,0.3933,0.9072,0.1777,0.3814,25.528,0.1179,0.958,0.326,0.57304,168.1,399.0,167.9,376.1,168.3,422.2,863,0.204,10
961,-28.041,23.747,-22.676,-0.402,0.2341,0.8852,0.018,-0.9209,0.3893,0.9131,0.1737,0.3688,25.527,0.1218,0.829,0.311,0.50664,167.3,398.5,167.0,375.6,167.6,421.8,863,1.747,10
962,-28.812,24.198,-20.943,-0.3896,0.2282,0.8923,0.0211,-0.9225,0.3854,0.9183,0.1703,0.3574,25.527,0.1252,0.744,0.3,0.45424,166.5,398.1,166.1,375.1,166.9,421.4,864,1.169,10
963,-29.561,24.637,-19.196,-0.3783,0.2224,0.8986,0.0241,-0.9241,0.3815,0.9228,0.1674,0.3471,25.527,0.1282,0.665,0.296,0.41655,165.8,397.6,165.3,374.5,166.2,421.0,864,0.782,10
964,-30.288,25.065,-17.439,-0.3679,0.2166,0.9043,0.0271,-0.9255,0.3777,0.9268,0.1648,0.3375,25.526,0.1311,0.614,0.289,0.38795,165.0,397.2,164.5,374.0,165.5,420.6,865,2.434,10
965,-30.996,25.482,-15.67,-0.3572,0.211,0.9099,0.0299,-0.927,0.3739,0.9307,0.1622,0.3277,25.526,0.1339,0.622,0.284,0.39116,164.3,396.7,163.7,373.5,164.9,420.2,865,0.484,10
966,-31.681,25.888,-13.891,-0.3459,0.2058,0.9154,0.0326,-0.9284,0.3703,0.9348,0.1594,0.3173,25.525,0.1366,0.66,0.27,0.39968,163.6,396.3,162.9,373.0,164.2,419.8,865,1.466,10
967,-32.345,26.285,-12.101,-0.3358,0.2009,0.9203,0.0353,-0.9297,0.3666,0.9383,0.1571,0.3081,25.525,0.1388,0.579,0.273,0.35992,162.9,395.9,162.1,372.6,163.6,419.4,866,2.034,10
968,-32.991,26.672,-10.302,-0.3269,0.1962,0.9245,0.0379,-0.931,0.3631,0.9413,0.1552,0.2999,25.524,0.1406,0.512,0.261,0.32045,162.2,395.5,161.4,372.1,163.0,419.1,866,0.086,10
969,-33.621,27.05,-8.496,-0.319,0.1918,0.9281,0.0404,-0.9322,0.3596,0.9438,0.1537,0.2926,25.524,0.1421,0.45,0.256,0.28599,161.5,395.1,160.7,371.7,162.4,418.7,866,1.866,10
970,-34.236,27.42,-6.683,-0.312,0.1876,0.9314,0.0429,-0.9335,0.3561,0.946,0.1526,0.2861,25.523,0.1432,0.398,0.257,0.25872,160.9,394.7,160.0,371.2,161.8,418.4,867,1.9,10
971,-34.838,27.782,-4.864,-0.3058,0.1835,0.9343,0.0453,-0.9346,0.3527,0.9478,0.1518,0.2804,25.523,0.1442,0.346,0.247,0.23442,160.3,394.3,159.3,370.8,161.2,418.1,867,0.056,10
972,-35.429,28.135,-3.04,-0.3003,0.1796,0.9368,0.0477,-0.9358,0.3493,0.9494,0.1512,0.2753,25.522,0.1448,0.308,0.248,0.21131,159.6,393.9,158.6,370.3,160.7,417.7,867,2.0,10
973,-36.009,28.482,-1.211,-0.294,0.1755,0.9396,0.0501,-0.9369,0.346,0.9512,0.1504,0.2696,25.521,0.1459,0.346,0.242,0.23573,159.0,393.5,157.9,369.9,160.1,417.4,868,2.016,10
974,-36.573,28.819,0.625,-0.2846,0.1709,0.9433,0.0524,-0.938,0.3427,0.9539,0.1486,0.2609,25.521,0.1481,0.532,0.239,0.32613,158.4,393.2,157.3,369.5,159.6,417.1,868,0.068,10
975,-37.12,29.148,2.467,-0.2769,0.1668,0.9463,0.0547,-0.939,0.3394,0.956,0.1474,0.2537,25.52,0.1494,0.435,0.237,0.27109,157.8,392.8,156.6,369.1,159.1,416.8,868,1.884,10
976,-37.654,29.47,4.315,-0.2707,0.1632,0.9487,0.057,-0.9401,0.3362,0.9576,0.1468,0.248,25.52,0.1501,0.341,0.234,0.22214,157.3,392.5,156.0,368.7,158.5,416.5,869,2.353,10
977,-38.177,29.785,6.167,-0.266,0.1599,0.9506,0.0593,-0.9411,0.333,0.9587,0.1466,0.2436,25.519,0.1503,0.26,0.233,0.17776,156.7,392.1,155.4,368.3,158.0,416.2,869,0.404,10
978,-38.692,30.094,8.022,-0.2626,0.1571,0.952,0.0616,-0.942,0.3298,0.9595,0.1469,0.2404,25.518,0.1498,0.19,0.232,0.13578,156.1,391.8,154.7,367.9,157.5,415.9,869,1.548,10
979,-39.202,30.398,9.879,-0.2605,0.1546,0.953,0.0639,-0.943,0.3266,0.9599,0.1476,0.2385,25.518,0.1488,0.118,0.233,0.10036,155.6,391.4,154.1,367.5,157.0,415.6,870,2.839,10
980,-39.709,30.697,11.738,-0.2597,0.1524,0.9536,0.0662,-0.9439,0.3234,0.9599,0.1487,0.2376,25.517,0.1474,0.081,0.232,0.071,155.0,391.1,153.5,367.1,156.6,415.3,870,0.89,10
981,-40.215,30.993,13.598,-0.26,0.1506,0.9538,0.0684,-0.9448,0.3203,0.9596,0.1501,0.2379,25.516,0.1454,0.084,0.224,0.05394,154.5,390.8,152.9,366.7,156.1,415.0,870,1.062,10
982,-40.723,31.285,15.457,-0.2615,0.149,0.9536,0.0707,-0.9457,0.3171,0.959,0.1519,0.2392,25.516,0.143,0.132,0.232,0.06471,153.9,390.4,152.3,366.4,155.6,414.8,870,3.011,10
983,-41.234,31.574,17.316,-0.2606,0.1469,0.9542,0.073,-0.9466,0.314,0.9591,0.153,0.2383,25.515,0.1415,0.082,0.227,0.06944,153.4,390.1,151.7,366.0,155.1,414.5,871,1.435,10
984,-41.737,31.857,19.179,-0.2553,0.1437,0.9561,0.0753,-0.9475,0.3108,0.9603,0.1529,0.2335,25.514,0.1418,0.284,0.232,0.19024,152.8,389.8,151.1,365.6,154.6,414.2,871,0.515,10
985,-42.231,32.134,21.045,-0.2518,0.1411,0.9575,0.0777,-0.9483,0.3077,0.961,0.1534,0.2301,25.514,0.1413,0.201,0.229,0.13451,152.3,389.5,150.5,365.3,154.1,413.9,871,2.465,10
986,-42.72,32.407,22.913,-0.2496,0.1389,0.9583,0.08,-0.9492,0.3045,0.9614,0.1542,0.228,25.513,0.14,0.131,0.232,0.09435,151.7,389.2,149.9,364.9,153.6,413.7,872,1.95,10
987,-43.205,32.676,24.782,-0.2487,0.1371,0.9588,0.0824,-0.95,0.3013,0.9614,0.1555,0.2271,25.512,0.1381,0.091,0.234,0.06093,151.2,388.9,149.3,364.5,153.1,413.4,872,0.014,10
988,-43.69,32.942,26.652,-0.249,0.1357,0.959,0.0849,-0.9508,0.298,0.9611,0.1571,0.2273,25.512,0.1356,0.094,0.242,0.04242,150.7,388.6,148.7,364.2,152.7,413.1,872,1.95,10
989,-44.177,33.206,28.522,-0.2505,0.1346,0.9587,0.0874,-0.9516,0.2948,0.9604,0.159,0.2286,25.511,0.1326,0.138,0.237,0.05533,150.1,388.3,148.0,363.8,152.2,412.9,873,2.343,10
990,-44.668,33.467,30.391,-0.2532,0.1337,0.9581,0.0899,-0.9524,0.2915,0.9595,0.1613,0.2311,25.51,0.1292,0.201,0.242,0.08547,149.6,388.0,147.4,363.5,151.7,412.6,873,0.393,10
991,-45.166,33.727,32.258,-0.2573,0.1331,0.9571,0.0925,-0.9531,0.2881,0.9581,0.164,0.2348,25.51,0.1251,0.274,0.248,0.12524,149.0,387.7,146.8,363.1,151.2,412.4,873,1.557,10
992,-45.673,33.986,34.124,-0.2631,0.1328,0.9556,0.0952,-0.9539,0.2847,0.9563,0.1671,0.2401,25.509,0.1203,0.367,0.253,0.17621,148.4,387.4,146.2,362.8,150.7,412.1,874,2.523,10
993,-46.193,34.246,35.986,-0.2709,0.1328,0.9534,0.0979,-0.9546,0.2812,0.9538,0.1707,0.2472,25.508,0.1148,0.478,0.256,0.23805,147.9,387.1,145.5,362.5,150.2,411.9,874,0.572,10
994,-46.731,34.505,37.842,-0.2813,0.1332,0.9503,0.1007,-0.9554,0.2777,0.9505,0.1749,0.2568,25.508,0.1083,0.629,0.261,0.31899,147.3,386.8,144.8,362.1,149.7,411.6,874,1.378,10
995,-47.285,34.763,39.692,-0.2857,0.1319,0.9492,0.1036,-0.9561,0.2741,0.9489,0.1777,0.2609,25.507,0.1045,0.299,0.268,0.13877,146.6,386.5,144.1,361.8,149.2,411.3,875,2.402,10
996,-47.845,35.019,41.542,-0.2893,0.1304,0.9483,0.1066,-0.9568,0.2705,0.9475,0.1803,0.2642,25.506,0.1009,0.254,0.271,0.11763,146.0,386.2,143.4,361.4,148.6,411.1,875,0.454,10
997,-48.414,35.272,43.39,-0.2947,0.1292,0.9468,0.1098,-0.9575,0.2667,0.9454,0.1834,0.2693,25.506,0.0964,0.362,0.287,0.1684,145.4,385.9,142.7,361.1,148.1,410.8,875,1.499,10
998,-48.996,35.523,45.234,-0.3023,0.1284,0.9445,0.113,-0.9582,0.2628,0.9427,0.187,0.2763,25.505,0.091,0.477,0.292,0.23449,144.7,385.6,142.0,360.7,147.5,410.6,876,1.888,10
999,-49.595,35.773,47.073,-0.3124,0.1281,0.9413,0.1165,-0.9589,0.2588,0.9391,0.1912,0.2857,25.505,0.0844,0.625,0.307,0.31146,144.1,385.3,141.2,360.4,146.9,410.3,876,0.076,10
1000,-50.216,36.023,48.904,-0.3254,0.1283,0.9368,0.1201,-0.9596,0.2546,0.9343,0.1959,0.2977,25.504,0.0763,0.788,0.319,0.40434,143.4,385.0,140.4,360.0,146.3,410.1,876,2.013,10
1001,-50.866,36.274,50.725,-0.3418,0.1291,0.9309,0.124,-0.9602,0.2503,0.9282,0.2014,0.3129,25.504,0.0667,0.99,0.334,0.51258,142.7,384.7,139.6,359.7,145.7,409.8,877,0.904,10
1002,-51.552,36.527,52.533,-0.3623,0.1305,0.9229,0.128,-0.9608,0.2457,0.9202,0.2075,0.3319,25.503,0.055,1.232,0.351,0.64781,141.9,384.4,138.7,359.4,145.1,409.6,877,1.047,10
1003,-52.277,36.782,54.325,-0.3811,0.1308,0.9152,0.1324,-0.9615,0.241,0.9124,0.2132,0.3494,25.502,0.0443,1.145,0.371,0.59715,141.1,384.1,137.8,359.0,144.4,409.3,878,1.396,10
1004,-53.039,37.037,56.101,-0.401,0.131,0.9066,0.137,-0.962,0.236,0.9036,0.219,0.3681,25.502,0.033,1.23,0.39,0.6372,140.3,383.8,136.8,358.7,143.7,409.0,878,0.554,10
1005,-53.842,37.293,57.859,-0.423,0.1314,0.8966,0.142,-0.9626,0.2308,0.8935,0.225,0.3886,25.501,0.0204,1.354,0.415,0.71017,139.4,383.5,135.8,358.3,142.9,408.8,879,1.457,10
1006,-54.69,37.549,59.596,-0.4467,0.132,0.8849,0.1474,-0.9631,0.2252,0.882,0.231,0.4107,25.501,0.0063,1.468,0.447,0.77686,138.4,383.2,134.7,358.0,142.1,408.5,879,0.493,10
1007,-55.585,37.808,61.309,-0.4715,0.1328,0.8718,0.1532,-0.9635,0.2194,0.8692,0.237,0.4339,25.5,0.0089,1.557,0.471,0.82461,137.5,382.9,133.6,357.6,141.3,408.3,880,1.132,10
1008,-56.53,38.067,62.994,-0.4993,0.1332,0.8561,0.1596,-0.9639,0.2132,0.8539,0.2431,0.4602,25.5,0.0256,1.778,0.511,0.93837,136.4,382.6,132.4,357.3,140.5,408.0,880,0.818,10
1009,-57.533,38.327,64.646,-0.5291,0.1336,0.838,0.1665,-0.9642,0.2066,0.8363,0.249,0.4884,25.5,0.0438,1.934,0.547,1.02469,135.3,382.2,131.1,356.9,139.6,407.7,881,0.463,10
1010,-58.594,38.588,66.261,-0.5587,0.1343,0.8184,0.174,-0.9643,0.1995,0.8177,0.2544,0.5164,25.499,0.0634,1.951,0.592,1.04353,134.2,381.9,129.8,356.6,138.6,407.4,882,1.44,10
1011,-59.711,38.851,67.838,-0.5868,0.1355,0.7983,0.1822,-0.9643,0.1921,0.7987,0.2591,0.5431,25.499,0.0842,1.897,0.633,1.01591,132.9,381.6,128.3,356.3,137.6,407.1,882,0.511,10
1012,-60.884,39.117,69.372,-0.6178,0.1365,0.7744,0.1912,-0.9641,0.1841,0.7762,0.2633,0.5728,25.499,0.1072,2.149,0.69,1.15073,131.7,381.3,126.8,355.9,136.6,406.8,883,0.201,10
1013,-62.119,39.383,70.857,-0.6488,0.1371,0.7486,0.2011,-0.9637,0.1756,0.7519,0.2667,0.6028,25.499,0.1311,2.221,0.748,1.18536,130.3,381.0,125.2,355.6,135.5,406.5,884,0.683,10
1014,-63.413,39.651,72.291,-0.6776,0.1375,0.7224,0.2119,-0.963,0.1666,0.7275,0.2693,0.6311,25.499,0.1556,2.146,0.806,1.14421,128.9,380.7,123.5,355.3,134.4,406.2,885,0.966,10
1015,-64.761,39.92,73.674,-0.7058,0.1397,0.6945,0.2238,-0.9619,0.1571,0.7019,0.2709,0.6588,25.498,0.1832,2.163,0.875,1.16769,127.5,380.4,121.7,355.0,133.3,405.9,885,0.984,10
1016,-66.166,40.195,74.997,-0.735,0.141,0.6632,0.237,-0.9603,0.1469,0.673,0.2713,0.6881,25.498,0.2122,2.358,0.96,1.25856,126.0,380.1,119.8,354.7,132.1,405.6,886,0.874,10
1017,-67.627,40.466,76.26,-0.7631,0.1352,0.632,0.2514,-0.9582,0.1362,0.6421,0.2704,0.7174,25.498,0.2353,2.44,1.035,1.24567,124.4,379.7,117.8,354.4,130.9,405.2,888,0.838,10
1018,-69.142,40.719,77.46,-0.7928,0.1285,0.5958,0.2673,-0.9555,0.1248,0.6062,0.2675,0.749,25.498,0.2603,2.745,1.132,1.3902,122.7,379.4,115.8,354.1,129.7,404.9,889,0.522,10
1019,-70.718,40.967,78.581,-0.8226,0.1221,0.5554,0.2847,-0.9519,0.1129,0.5664,0.2621,0.7813,25.499,0.2877,2.953,1.225,1.48741,121.1,379.2,113.6,353.9,128.5,404.5,890,0.093,10
1020,-72.344,41.181,79.635,-0.8435,0.0937,0.5289,0.3037,-0.9475,0.1004,0.5338,0.2564,0.8058,25.499,0.2919,2.359,1.327,1.29637,119.3,378.9,111.3,353.7,127.3,404.2,891,0.437,10
1021,-74.003,41.325,80.649,-0.859,0.0558,0.509,0.3243,-0.9419,0.0874,0.5055,0.2506,0.8256,25.499,0.2866,2.007,1.432,1.33796,117.5,378.7,109.0,353.7,126.1,403.9,893,0.201,10
1022,-75.695,41.406,81.615,-0.8766,0.0292,0.4803,0.3459,-0.9353,0.0743,0.4724,0.2421,0.8475,25.499,0.2948,2.326,1.496,1.26093,115.7,378.6,106.6,353.7,124.9,403.6,894,0.562,10
1023,-77.422,41.445,82.519,-0.8948,0.0131,0.4462,0.3674,-0.928,0.0619,0.4369,0.2309,0.8693,25.499,0.3133,2.472,1.482,1.23064,113.9,378.6,104.1,353.8,123.6,403.3,896,0.274,10
1024,-79.18,41.444,83.363,-0.9077,-0.0142,0.4195,0.3876,-0.9204,0.0507,0.4064,0.22,0.8868,25.5,0.3175,2.11,1.393,1.18452,112.0,378.5,101.7,354.0,122.3,403.1,898,0.078,10
1025,-80.964,41.404,84.147,-0.9235,-0.023,0.3829,0.4059,-0.913,0.0411,0.3705,0.2055,0.9058,25.5,0.3381,2.471,1.258,1.19978,110.1,378.6,99.3,354.2,120.9,403.0,900,0.151,10
1026,-82.782,41.368,84.85,-0.9416,-0.0108,0.3366,0.4214,-0.9063,0.0333,0.3288,0.1869,0.9257,25.5,0.3758,2.854,1.066,1.50442,108.1,378.6,96.9,354.4,119.4,402.8,902,0.517,10
1027,-84.631,41.366,85.471,-0.9536,0.0053,0.301,0.4337,-0.9007,0.0273,0.2974,0.1717,0.9392,25.5,0.4101,2.143,0.847,1.20118,106.1,378.6,94.6,354.5,117.7,402.7,903,0.195,10
1028,-86.501,41.377,86.021,-0.9647,0.0027,0.2632,0.4429,-0.8963,0.0228,0.2605,0.153,0.9533,25.5,0.4237,2.504,0.639,1.16028,104.2,378.5,92.3,354.6,116.0,402.5,905,0.519,10
1029,-88.393,41.366,86.494,-0.9752,-0.0166,0.2209,0.4497,-0.893,0.0196,0.2169,0.1304,0.9674,25.5,0.4194,2.928,0.47,1.40086,102.1,378.5,90.1,354.6,114.2,402.5,906,0.008,10
1030,-90.303,41.308,86.881,-0.9834,-0.0379,0.1776,0.4545,-0.8906,0.017,0.1727,0.1069,0.9792,25.5,0.4102,2.947,0.342,1.43846,100.1,378.6,88.0,354.8,112.3,402.5,907,0.435,10
1031,-92.226,41.222,87.19,-0.9888,-0.0511,0.14,0.4577,-0.889,0.0149,0.1353,0.0863,0.987,25.5,0.4051,2.487,0.238,1.1819,98.1,378.7,85.8,354.9,110.3,402.5,908,0.791,10
1032,-94.158,41.106,87.428,-0.9923,-0.0689,0.1033,0.4596,-0.888,0.0132,0.0987,0.0659,0.9929,25.5,0.3935,2.425,0.157,1.20309,96.0,378.8,83.7,355.0,108.3,402.6,910,0.724,10
1033,-96.094,40.95,87.592,-0.9936,-0.092,0.065,0.4604,-0.8876,0.0118,0.0611,0.0449,0.9971,25.5,0.375,2.48,0.095,1.31497,94.0,379.0,81.7,355.2,106.3,402.7,911,0.653,11
1034,-98.031,40.745,87.68,-0.9929,-0.1164,0.0256,0.4603,-0.8877,0.0105,0.023,0.0237,0.9995,25.5,0.3534,2.502,0.075,1.36227,91.9,379.2,79.6,355.4,104.3,403.0,912,0.679,11
1035,-99.965,40.498,87.693,-0.9905,-0.1371,-0.0123,0.4594,-0.8882,0.0092,-0.0129,0.0037,0.9999,25.5,0.3334,2.355,0.095,1.27103,89.9,379.4,77.6,355.6,102.2,403.2,913,0.799,11
1036,-101.892,40.211,87.632,-0.9864,-0.1569,-0.0499,0.458,-0.8889,0.0081,-0.048,-0.0156,0.9987,25.5,0.3127,2.296,0.11,1.25461,87.9,379.7,75.6,355.9,100.2,403.6,914,1.013,11
1037,-103.81,39.886,87.498,-0.9804,-0.1762,-0.0881,0.4561,-0.8899,0.007,-0.0833,-0.0348,0.9959,25.5,0.291,2.308,0.138,1.27007,85.9,380.1,73.7,356.2,98.1,403.9,914,0.937,11
1038,-105.714,39.523,87.288,-0.9723,-0.1965,-0.1268,0.4538,-0.8911,0.0059,-0.1184,-0.0537,0.9915,25.5,0.2669,2.298,0.161,1.30621,83.9,380.5,71.7,356.6,96.0,404.3,915,0.627,11
1039,-107.601,39.121,87.003,-0.9622,-0.2161,-0.1655,0.4513,-0.8924,0.0049,-0.1533,-0.0722,0.9855,25.5,0.2422,2.289,0.171,1.30902,81.9,380.9,69.8,357.0,94.0,404.8,916,0.218,11
1040,-109.466,38.682,86.643,-0.9508,-0.2335,-0.2038,0.4486,-0.8937,0.0038,-0.1876,-0.09,0.9781,25.5,0.2186,2.255,0.183,1.28094,80.0,381.4,68.0,357.4,92.0,405.3,917,0.296,11
1041,-111.308,38.212,86.21,-0.9383,-0.2484,-0.2405,0.4459,-0.8951,0.0027,-0.2203,-0.1068,0.9696,25.5,0.1967,2.162,0.185,1.22066,78.1,381.9,66.2,357.9,90.0,405.8,918,0.917,11
1042,-113.124,37.711,85.707,-0.9241,-0.2657,-0.2746,0.4432,-0.8964,0.0017,-0.2503,-0.1219,0.9605,25.5,0.1719,1.994,0.181,1.1987,76.2,382.4,64.4,358.4,88.1,406.4,918,1.033,11
1043,-114.912,37.179,85.139,-0.9095,-0.2799,-0.3074,0.4405,-0.8977,0.0007,-0.2793,-0.1363,0.9505,25.5,0.1496,1.942,0.181,1.13461,74.4,383.0,62.6,358.9,86.2,407.0,919,0.302,11
1044,-116.671,36.623,84.509,-0.8949,-0.2896,-0.3396,0.438,-0.899,-0.0003,-0.3079,-0.1503,0.9395,25.5,0.1315,1.93,0.171,1.0774,72.6,383.6,60.9,359.5,84.3,407.6,920,0.531,11
1045,-118.401,36.052,83.815,-0.8803,-0.2951,-0.3716,0.4356,-0.9002,-0.0013,-0.3364,-0.1641,0.9273,25.5,0.1173,1.944,0.164,1.04617,70.8,384.2,59.2,360.1,82.5,408.3,920,1.419,11
1046,-120.103,35.472,83.061,-0.8649,-0.3013,-0.4015,0.4333,-0.9013,-0.0022,-0.3631,-0.1768,0.9148,25.5,0.1023,1.839,0.155,1.00507,69.1,384.8,57.5,360.7,80.7,408.9,921,0.495,11
1047,-121.774,34.877,82.251,-0.8491,-0.3087,-0.4287,0.4311,-0.9023,-0.0031,-0.3873,-0.1881,0.9026,25.5,0.0862,1.682,0.148,0.94957,67.4,385.5,55.9,361.3,78.9,409.6,922,0.51,11
1048,-123.414,34.271,81.389,-0.8331,-0.3128,-0.4561,0.4292,-0.9032,-0.0039,-0.4118,-0.1996,0.8891,25.5,0.0733,1.733,0.129,0.94016,65.7,386.1,54.3,362.0,77.2,410.2,922,1.44,11
1049,-125.023,33.659,80.472,-0.8164,-0.314,-0.4845,0.4275,-0.904,-0.0047,-0.4374,-0.2114,0.8741,25.5,0.0629,1.83,0.117,0.96882,64.1,386.8,52.7,362.6,75.5,410.9,923,0.363,11
1050,-126.598,33.048,79.498,-0.7984,-0.3123,-0.5147,0.4261,-0.9047,-0.0054,-0.4647,-0.224,0.8567,25.5,0.0549,1.99,0.098,1.03442,62.6,387.4,51.2,363.3,73.9,411.6,924,0.78,11
1051,-128.135,32.439,78.466,-0.779,-0.3129,-0.5433,0.4249,-0.9052,-0.006,-0.4904,-0.2358,0.839,25.5,0.0445,1.912,0.082,1.01585,61.0,388.1,49.7,363.9,72.4,412.2,924,1.17,11
1052,-129.635,31.828,77.38,-0.7594,-0.3133,-0.5703,0.4241,-0.9056,-0.0066,-0.5147,-0.247,0.821,25.5,0.0346,1.848,0.062,0.98055,59.5,388.7,48.2,364.6,70.9,412.9,925,0.032,11
1053,-131.097,31.219,76.242,-0.7396,-0.3116,-0.5966,0.4235,-0.9058,-0.007,-0.5385,-0.258,0.8022,25.5,0.0268,1.849,0.043,0.96871,58.1,389.4,46.8,365.3,69.4,413.5,926,1.28,11
1054,-132.519,30.615,75.053,-0.7196,-0.3079,-0.6224,0.4233,-0.9059,-0.0074,-0.5617,-0.2689,0.7824,25.5,0.0211,1.856,0.026,0.9654,56.7,390.1,45.4,365.9,68.0,414.2,926,0.67,11
1055,-133.903,30.019,73.815,-0.6996,-0.3023,-0.6475,0.4235,-0.9059,-0.0077,-0.5843,-0.2796,0.7618,25.5,0.0174,1.856,0.02,0.95739,55.4,390.7,44.1,366.6,66.6,414.8,927,0.627,11
1056,-135.245,29.434,72.528,-0.6774,-0.2987,-0.6722,0.4239,-0.9057,-0.0079,-0.6065,-0.2903,0.7402,25.5,0.0113,1.878,0.028,0.98171,54.1,391.3,42.8,367.3,65.4,415.4,927,1.323,11
1057,-136.546,28.855,71.195,-0.6562,-0.2946,-0.6946,0.4248,-0.9053,-0.008,-0.6265,-0.3003,0.7192,25.5,0.0065,1.758,0.057,0.91428,52.8,392.0,41.5,367.9,64.1,416.0,928,0.014,11
1058,-137.805,28.285,69.821,-0.636,-0.2896,-0.7153,0.4259,-0.9047,-0.008,-0.6448,-0.3097,0.6988,25.5,0.0031,1.66,0.072,0.8626,51.6,392.6,40.3,368.6,62.9,416.6,929,1.368,11
1059,-139.026,27.726,68.407,-0.6165,-0.2837,-0.7345,0.4273,-0.9041,-0.0079,-0.6618,-0.3187,0.6785,25.5,0.0011,1.602,0.087,0.82262,50.5,393.2,39.1,369.2,61.8,417.1,929,0.582,11
1060,-140.21,27.18,66.957,-0.5974,-0.2767,-0.7527,0.429,-0.9033,-0.0078,-0.6777,-0.3276,0.6583,25.5,0.0005,1.559,0.108,0.80209,49.4,393.8,38.0,369.8,60.7,417.7,930,0.786,11
1061,-141.354,26.646,65.471,-0.5764,-0.2709,-0.7709,0.431,-0.9023,-0.0076,-0.6936,-0.3367,0.6369,25.5,0.0019,1.614,0.129,0.83427,48.3,394.3,36.9,370.5,59.7,418.2,930,1.164,11
1062,-142.458,26.124,63.951,-0.5557,-0.2648,-0.7881,0.4332,-0.9012,-0.0073,-0.7083,-0.3455,0.6156,25.5,0.0037,1.566,0.142,0.81094,47.3,394.9,35.8,371.1,58.8,418.7,931,0.201,11
1063,-143.522,25.614,62.399,-0.5354,-0.2578,-0.8043,0.4357,-0.9001,-0.007,-0.7221,-0.3542,0.5942,25.5,0.0044,1.542,0.157,0.79043,46.3,395.5,34.8,371.7,57.8,419.2,932,1.547,11
1064,-144.546,25.119,60.815,-0.5149,-0.2498,-0.8201,0.4384,-0.8987,-0.0067,-0.7354,-0.363,0.5723,25.5,0.0043,1.552,0.175,0.796,45.4,396.0,33.8,372.3,57.0,419.7,932,0.403,11
1065,-145.529,24.641,59.201,-0.4937,-0.2403,-0.8357,0.4414,-0.8973,-0.0063,-0.7484,-0.372,0.5491,25.5,0.003,1.609,0.191,0.82231,44.5,396.5,32.9,372.9,56.2,420.2,933,0.91,11
1066,-146.47,24.182,57.556,-0.4706,-0.2303,-0.8518,0.4445,-0.8957,-0.0058,-0.7616,-0.3814,0.5239,25.5,0.002,1.717,0.202,0.8781,43.7,397.0,32.0,373.4,55.4,420.6,933,1.04,11
1067,-147.364,23.742,55.879,-0.4462,-0.2205,-0.8673,0.4479,-0.8941,-0.0053,-0.7743,-0.3909,0.4977,25.5,0.0019,1.755,0.217,0.89697,42.9,397.5,31.1,374.0,54.7,421.0,934,0.226,11
1068,-148.21,23.322,54.174,-0.4222,-0.2105,-0.8817,0.4515,-0.8923,-0.0048,-0.7857,-0.4001,0.4718,25.5,0.0014,1.705,0.232,0.87346,42.2,398.0,30.3,374.5,54.1,421.4,935,1.429,11
1069,-149.011,22.922,52.442,-0.3993,-0.2005,-0.8946,0.4554,-0.8903,-0.0043,-0.7956,-0.4091,0.4468,25.5,0.0005,1.625,0.253,0.82644,41.5,398.4,29.5,375.0,53.5,421.8,935,0.521,11
1070,-149.768,22.54,50.686,-0.3779,-0.191,-0.9059,0.4595,-0.8881,-0.0037,-0.8039,-0.4177,0.4234,25.5,0.0007,1.506,0.269,0.76399,40.9,398.8,28.8,375.5,53.0,422.1,936,0.609,11
1071,-150.484,22.178,48.909,-0.3546,-0.1799,-0.9175,0.464,-0.8858,-0.0032,-0.8122,-0.4269,0.3976,25.5,0.0022,1.64,0.291,0.83154,40.3,399.2,28.1,376.0,52.5,422.4,936,1.341,11
1072,-151.152,21.838,47.109,-0.3313,-0.1693,-0.9282,0.4688,-0.8833,-0.0026,-0.8194,-0.436,0.372,25.5,0.0034,1.611,0.312,0.81534,39.8,399.6,27.5,376.4,52.1,422.7,937,0.293,11
1073,-151.778,21.517,45.29,-0.3104,-0.1604,-0.937,0.474,-0.8805,-0.002,-0.8247,-0.4448,0.3494,25.5,0.004,1.422,0.34,0.71583,39.3,399.9,26.9,376.9,51.7,423.0,938,0.658,11
1074,-152.364,21.211,43.456,-0.2919,-0.1532,-0.9441,0.4797,-0.8774,-0.0014,-0.8282,-0.4533,0.3297,25.5,0.0043,1.246,0.373,0.61954,38.9,400.3,26.3,377.3,51.4,423.2,938,1.292,11
1075,-152.918,20.918,41.61,-0.2757,-0.1478,-0.9498,0.4859,-0.874,-0.0008,-0.8301,-0.4617,0.3128,25.5,0.004,1.087,0.407,0.52899,38.5,400.6,25.8,377.8,51.1,423.4,939,0.45,11
1076,-153.44,20.635,39.752,-0.2584,-0.1417,-0.9556,0.4926,-0.8702,-0.0001,-0.8316,-0.4708,0.2947,25.5,0.0039,1.164,0.443,0.56539,38.1,400.9,25.2,378.2,50.9,423.6,940,0.266,11
1077,-153.925,20.366,37.883,-0.2397,-0.1342,-0.9615,0.5,-0.866,0.0006,-0.8328,-0.4806,0.2747,25.5,0.0042,1.278,0.489,0.61689,37.8,401.2,24.7,378.6,50.8,423.8,941,0.84,11
1078,-154.376,20.11,36.003,-0.2234,-0.1282,-0.9663,0.5082,-0.8612,0.0012,-0.8324,-0.4908,0.2575,25.5,0.0043,1.146,0.546,0.52951,37.5,401.5,24.3,379.1,50.7,423.9,941,1.11,11
1079,-154.797,19.866,34.115,-0.2088,-0.1232,-0.9702,0.5173,-0.8558,0.0016,-0.8305,-0.5015,0.2424,25.5,0.0041,1.066,0.607,0.46768,37.2,401.8,23.8,379.5,50.7,424.0,942,0.697,11
1080,-155.191,19.63,32.22,-0.1952,-0.1191,-0.9735,0.5274,-0.8496,0.0017,-0.8273,-0.5131,0.2286,25.5,0.0034,1.049,0.679,0.42852,37.0,402.0,23.3,380.0,50.7,424.1,943,0.462,11
1081,-155.559,19.401,30.319,-0.1821,-0.1157,-0.9764,0.5387,-0.8425,0.0013,-0.8228,-0.5257,0.2158,25.5,0.0019,1.061,0.765,0.40665,36.8,402.3,22.8,380.4,50.7,424.1,944,0.409,11
1082,-155.895,19.178,28.411,-0.1621,-0.1122,-0.9804,0.5512,-0.8344,0.0005,-0.8181,-0.5403,0.1971,25.5,0.0038,1.386,0.855,0.60818,36.6,402.5,22.3,380.9,50.9,424.1,945,0.525,11
1083,-156.192,18.964,26.496,-0.1437,-0.1069,-0.9838,0.5649,-0.8252,-0.0007,-0.8118,-0.5558,0.179,25.5,0.0077,1.412,0.948,0.57153,36.5,402.8,21.9,381.4,51.1,424.1,947,0.739,11
1084,-156.458,18.762,24.575,-0.1294,-0.1001,-0.9865,0.5797,-0.8148,-0.0019,-0.8037,-0.5721,0.1634,25.5,0.0084,1.374,1.039,0.47205,36.4,403.0,21.4,381.9,51.4,424.0,948,0.195,11
1085,-156.7,18.575,22.65,-0.1202,-0.092,-0.9885,0.5955,-0.8033,-0.0029,-0.7938,-0.589,0.1514,25.5,0.0052,1.316,1.121,0.36496,36.3,403.2,20.9,382.4,51.7,423.9,949,0.467,11
1086,-156.929,18.404,20.721,-0.1124,-0.0805,-0.9904,0.6123,-0.7906,-0.0033,-0.7827,-0.6068,0.1381,25.5,0.0019,1.423,1.207,0.41211,36.2,403.4,20.4,383.0,52.0,423.8,951,0.139,11
1087,-157.133,18.263,18.787,-0.0977,-0.0656,-0.993,0.6298,-0.7767,-0.0032,-0.7711,-0.6258,0.1173,25.5,0.0074,1.746,1.281,0.6198,36.2,403.5,20.0,383.5,52.4,423.6,953,0.089,11
1088,-157.314,18.143,16.849,-0.0886,-0.0597,-0.9943,0.6475,-0.762,-0.0025,-0.7576,-0.6441,0.1061,25.5,0.0094,1.452,1.319,0.32095,36.2,403.7,19.5,384.1,52.9,423.3,955,0.08,11
1089,-157.482,18.025,14.91,-0.0847,-0.0622,-0.9945,0.6649,-0.7469,-0.0016,-0.7427,-0.6614,0.1047,25.5,0.0083,1.311,1.321,0.13625,36.2,403.8,19.1,384.6,53.3,423.0,957,0.159,11
1090,-157.647,17.895,12.972,-0.0859,-0.0729,-0.9936,0.6814,-0.7319,-0.0007,-0.7272,-0.6772,0.1126,25.5,0.0045,1.347,1.279,0.31749,36.2,404.0,18.7,385.2,53.7,422.8,958,0.536,11
1091,-157.818,17.737,11.036,-0.0867,-0.0854,-0.9926,0.6967,-0.7174,0.0001,-0.7121,-0.6915,0.1217,25.5,0.0008,1.301,1.209,0.36924,36.2,404.2,18.3,385.7,54.1,422.6,960,0.516,11
1092,-157.98,17.569,9.1,-0.0802,-0.0882,-0.9929,0.7104,-0.7038,0.0007,-0.6988,-0.7053,0.1191,25.5,0.0044,1.108,1.107,0.20814,36.2,404.3,18.0,386.3,54.4,422.4,961,0.345,11
1093,-158.135,17.391,7.164,-0.0792,-0.0945,-0.9924,0.7229,-0.6909,0.0009,-0.6858,-0.7173,0.123,25.5,0.0071,1.038,1.029,0.18801,36.2,404.5,17.7,386.9,54.7,422.2,962,0.355,11
1094,-158.292,17.198,5.23,-0.0835,-0.1042,-0.991,0.7343,-0.6788,0.001,-0.6728,-0.7277,0.1332,25.5,0.0084,1.119,0.953,0.31447,36.2,404.8,17.5,387.4,55.0,422.1,963,0.548,11
1095,-158.464,16.983,3.3,-0.0929,-0.1175,-0.9887,0.7449,-0.6672,0.0008,-0.6598,-0.7364,0.1495,25.5,0.0084,1.294,0.9,0.48333,36.2,405.0,17.2,387.9,55.3,422.0,964,0.924,11
1096,-158.658,16.738,1.375,-0.1078,-0.1345,-0.985,0.7548,-0.656,0.0005,-0.6462,-0.7435,0.1722,25.5,0.0064,1.57,0.857,0.67311,36.2,405.2,17.0,388.5,55.5,422.0,964,1.026,11
1097,-158.879,16.462,-0.542,-0.1176,-0.147,-0.9821,0.7642,-0.645,0.0,-0.6335,-0.7505,0.1882,25.5,0.0049,1.237,0.83,0.47449,36.2,405.5,16.7,389.1,55.7,422.0,965,0.467,11
1098,-159.116,16.164,-2.454,-0.126,-0.1592,-0.9792,0.7731,-0.6343,-0.0005,-0.621,-0.7571,0.2031,25.5,0.0041,1.177,0.798,0.44351,36.1,405.9,16.4,389.7,55.8,422.0,966,0.276,11
1099,-159.37,15.841,-4.361,-0.1343,-0.1721,-0.9759,0.7817,-0.6236,-0.0012,-0.6084,-0.763,0.2183,25.5,0.0035,1.181,0.788,0.46105,36.0,406.2,16.1,390.3,55.9,422.1,967,1.202,11
1100,-159.64,15.492,-6.26,-0.1424,-0.1858,-0.9722,0.79,-0.6132,-0.0018,-0.5958,-0.7683,0.2341,25.5,0.0032,1.197,0.763,0.48013,35.9,406.6,15.8,391.0,56.0,422.1,967,0.748,11
1101,-159.926,15.116,-8.152,-0.1505,-0.2005,-0.9681,0.7979,-0.6027,-0.0024,-0.583,-0.7728,0.2507,25.5,0.0031,1.228,0.754,0.50771,35.8,407.0,15.5,391.7,56.1,422.3,968,0.361,11
1102,-160.227,14.711,-10.035,-0.1595,-0.2142,-0.9637,0.8057,-0.5923,-0.003,-0.5701,-0.7769,0.2671,25.5,0.0013,1.218,0.746,0.49873,35.7,407.4,15.2,392.3,56.1,422.4,968,1.589,11
1103,-160.548,14.281,-11.91,-0.1686,-0.2269,-0.9592,0.8133,-0.5819,-0.0035,-0.5573,-0.7807,0.2827,25.5,0.0017,1.177,0.739,0.47775,35.5,407.8,14.9,393.1,56.1,422.6,969,0.325,11
1104,-160.884,13.824,-13.775,-0.1765,-0.2414,-0.9542,0.8207,-0.5713,-0.0038,-0.5443,-0.7838,0.299,25.5,0.0033,1.208,0.741,0.50698,35.3,408.3,14.6,393.8,56.1,422.7,970,1.053,11
1105,-161.235,13.338,-15.631,-0.1835,-0.2581,-0.9485,0.828,-0.5607,-0.0041,-0.5307,-0.7862,0.3166,25.5,0.0033,1.282,0.738,0.55784,35.2,408.8,14.2,394.6,56.1,423.0,970,0.898,11
1106,-161.599,12.816,-17.474,-0.1897,-0.2778,-0.9417,0.8353,-0.5498,-0.0044,-0.5165,-0.7874,0.3363,25.5,0.0016,1.393,0.752,0.63888,35.0,409.3,13.8,395.4,56.1,423.2,971,0.551,11
1107,-161.975,12.252,-19.302,-0.1959,-0.2999,-0.9336,0.8425,-0.5387,-0.0045,-0.5016,-0.7875,0.3582,25.5,0.0007,1.518,0.758,0.71536,34.7,409.9,13.5,396.3,56.0,423.5,971,1.399,11
1108,-162.365,11.648,-21.114,-0.2039,-0.32,-0.9252,0.8497,-0.5273,-0.0046,-0.4864,-0.7871,0.3794,25.5,0.0003,1.495,0.773,0.68199,34.5,410.5,13.1,397.2,55.9,423.8,972,0.084,11
1109,-162.77,11.003,-22.909,-0.2114,-0.3425,-0.9154,0.8569,-0.5155,-0.0046,-0.4703,-0.7854,0.4025,25.5,0.0004,1.616,0.792,0.75407,34.3,411.1,12.7,398.2,55.9,424.1,973,1.559,11
1110,-163.189,10.31,-24.683,-0.2185,-0.3685,-0.9036,0.8641,-0.5033,-0.0045,-0.4532,-0.7818,0.4284,25.5,0.0007,1.79,0.812,0.86467,34.0,411.8,12.3,399.2,55.8,424.5,973,0.392,11
1111,-163.621,9.563,-26.431,-0.2253,-0.3991,-0.8888,0.8713,-0.4907,-0.0043,-0.4345,-0.7754,0.4582,25.5,0.0034,2.049,0.832,1.01862,33.7,412.6,11.8,400.2,55.7,424.9,974,1.047,11
1112,-164.069,8.755,-28.148,-0.2341,-0.4303,-0.8718,0.8786,-0.4776,-0.004,-0.4147,-0.7669,0.4898,25.5,0.0033,2.192,0.859,1.07576,33.5,413.4,11.4,401.4,55.5,425.4,974,0.904,11
1113,-164.534,7.883,-29.829,-0.2422,-0.4646,-0.8518,0.8859,-0.4638,-0.0036,-0.3934,-0.7555,0.5239,25.5,0.004,2.395,0.895,1.19089,33.1,414.2,10.9,402.6,55.4,425.9,975,0.468,11
1114,-165.013,6.941,-31.468,-0.2491,-0.5019,-0.8283,0.8933,-0.4494,-0.0031,-0.3707,-0.7407,0.5603,25.5,0.0056,2.6,0.928,1.31145,32.8,415.2,10.4,403.9,55.2,426.4,975,1.483,11
1115,-165.506,5.923,-33.055,-0.2575,-0.5433,-0.7991,0.9009,-0.4341,-0.0025,-0.3455,-0.7205,0.6012,25.5,0.0059,2.986,0.979,1.50928,32.5,416.2,9.9,405.3,55.0,427.1,976,0.203,11
1116,-166.015,4.822,-34.582,-0.2641,-0.5851,-0.7667,0.9085,-0.4179,-0.0018,-0.3194,-0.697,0.642,25.5,0.006,3.085,1.026,1.56639,32.1,417.3,9.4,406.8,54.8,427.7,977,0.991,11
1117,-166.533,3.644,-36.046,-0.2658,-0.6227,-0.7359,0.9161,-0.4009,-0.001,-0.2944,-0.6745,0.677,25.5,0.0069,2.782,1.068,1.42949,31.7,418.4,8.8,408.4,54.6,428.5,977,0.96,11
1118,-167.054,2.394,-37.449,-0.2693,-0.6594,-0.7019,0.9238,-0.3829,-0.0001,-0.2687,-0.6484,0.7123,25.5,0.0038,2.915,1.123,1.47395,31.4,419.7,8.3,410.1,54.4,429.2,978,0.16,11
1119,-167.579,1.072,-38.783,-0.2684,-0.6965,-0.6655,0.9314,-0.3641,0.001,-0.243,-0.6195,0.7464,25.5,0.0029,2.955,1.164,1.52784,31.0,421.0,7.7,411.9,54.2,430.0,979,1.218,11
1120,-168.097,-0.322,-40.044,-0.2629,-0.7331,-0.6272,0.9388,-0.3443,0.0022,-0.2176,-0.5883,0.7788,25.5,0.0042,2.96,1.213,1.56536,30.6,422.3,7.2,413.7,54.0,430.9,979,0.732,11
1121,-168.607,-1.785,-41.226,-0.2594,-0.7675,-0.5862,0.9462,-0.3236,0.0035,-0.1924,-0.5537,0.8102,25.5,0.0009,3.042,1.262,1.5764,30.2,423.7,6.6,415.7,53.8,431.8,980,0.282,11
1122,-169.104,-3.313,-42.331,-0.2486,-0.7991,-0.5474,0.9533,-0.3021,0.005,-0.1694,-0.5206,0.8368,25.5,0.0017,2.767,1.3,1.50465,29.8,425.2,6.0,417.7,53.5,432.8,981,1.26,11
1123,-169.575,-4.901,-43.36,-0.2365,-0.8292,-0.5064,0.9601,-0.2796,0.0067,-0.1471,-0.4846,0.8623,25.5,0.0014,2.833,1.35,1.53667,29.4,426.8,5.5,419.8,53.3,433.7,981,0.69,11
1124,-170.024,-6.544,-44.307,-0.2229,-0.8561,-0.4662,0.9666,-0.2563,0.0084,-0.1267,-0.4487,0.8846,25.5,0.0,2.689,1.389,1.47672,29.1,428.4,5.0,422.0,53.1,434.8,982,0.26,11
1125,-170.44,-8.237,-45.181,-0.203,-0.8793,-0.4309,0.9726,-0.2322,0.0102,-0.109,-0.417,0.9023,25.5,0.0023,2.315,1.427,1.37232,28.7,430.0,4.6,424.3,52.9,435.8,983,1.186,11
1126,-170.82,-9.973,-45.982,-0.1859,-0.9014,-0.3911,0.9782,-0.2073,0.012,-0.0919,-0.3804,0.9203,25.5,0.0003,2.534,1.466,1.42925,28.4,431.7,4.1,426.6,52.7,436.9,983,0.765,11
1127,-171.162,-11.75,-46.709,-0.1641,-0.9206,-0.3544,0.9833,-0.1816,0.0137,-0.077,-0.3463,0.935,25.5,0.001,2.293,1.504,1.3756,28.2,433.5,3.8,428.9,52.6,438.0,984,0.148,11
1128,-171.457,-13.562,-47.366,-0.1395,-0.9376,-0.3185,0.9878,-0.155,0.0153,-0.0638,-0.3125,0.9478,25.5,0.0027,2.205,1.548,1.37308,27.9,435.2,3.4,431.4,52.5,439.1,985,1.043,11
1129,-171.706,-15.405,-47.95,-0.1157,-0.9525,-0.2816,0.9917,-0.1277,0.0168,-0.0519,-0.2773,0.9594,25.5,0.0022,2.23,1.582,1.36283,27.8,437.0,3.2,433.8,52.3,440.2,985,0.908,11
1130,-171.906,-17.275,-48.466,-0.0891,-0.9647,-0.2479,0.9949,-0.0997,0.018,-0.042,-0.245,0.9686,25.5,0.0031,2.006,1.616,1.31173,27.6,438.8,2.9,436.3,52.3,441.3,986,0.022,11
1131,-172.055,-19.166,-48.916,-0.0638,-0.975,-0.213,0.9973,-0.0711,0.0189,-0.0336,-0.2112,0.9769,25.5,0.0017,2.051,1.645,1.30247,27.5,440.7,2.8,438.9,52.2,442.4,987,0.871,11
1132,-172.153,-21.075,-49.298,-0.0364,-0.983,-0.1798,0.9989,-0.042,0.0195,-0.0267,-0.1789,0.9835,25.5,0.0014,1.93,1.67,1.28675,27.4,442.5,2.7,441.5,52.2,443.6,987,1.079,11
1133,-172.194,-22.998,-49.619,-0.0059,-0.9889,-0.1482,0.9997,-0.0124,0.0199,-0.0215,-0.1481,0.9887,25.5,0.0034,1.814,1.697,1.30236,27.4,444.4,2.7,444.1,52.2,444.7,988,0.191,11
1134,-172.178,-24.931,-49.874,0.0226,-0.9931,-0.1148,0.9996,0.0176,0.02,-0.0179,-0.1152,0.9932,25.5,0.0028,1.914,1.719,1.29628,27.5,446.3,2.7,446.7,52.2,445.8,989,0.698,11
1135,-172.106,-26.87,-50.07,0.0519,-0.9948,-0.0872,0.9987,0.0479,0.02,-0.0157,-0.0881,0.996,25.5,0.0024,1.566,1.737,1.18405,27.6,448.1,2.8,449.3,52.3,447.0,989,1.252,11
1136,-171.976,-28.809,-50.216,0.0811,-0.9948,-0.0615,0.9967,0.0784,0.0197,-0.0148,-0.0629,0.9979,25.5,0.0016,1.449,1.751,1.1432,27.7,450.0,3.0,452.0,52.4,448.1,990,0.36,11
1137,-171.79,-30.748,-50.31,0.11,-0.9933,-0.0351,0.9938,0.1091,0.0194,-0.0154,-0.037,0.9992,25.5,0.0003,1.486,1.767,1.15119,27.9,451.9,3.3,454.6,52.5,449.2,991,0.535,11
1138,-171.546,-32.682,-50.355,0.1408,-0.99,-0.0119,0.99,0.1398,0.019,-0.0171,-0.0145,0.9997,25.5,0.0008,1.293,1.773,1.13732,28.1,453.8,3.6,457.3,52.6,450.3,991,1.416,11
1139,-171.24,-34.608,-50.356,0.1718,-0.9851,0.0109,0.9852,0.1705,0.0185,-0.02,0.0076,0.9998,25.5,0.0015,1.277,1.781,1.14001,28.4,455.7,4.0,459.9,52.8,451.4,992,0.52,11
1140,-170.876,-36.523,-50.312,0.2017,-0.9788,0.0343,0.9794,0.2012,0.0179,-0.0244,0.03,0.9993,25.5,0.0012,1.308,1.79,1.13103,28.8,457.5,4.5,462.5,53.0,452.5,993,0.378,11
1141,-170.454,-38.424,-50.223,0.2315,-0.9711,0.0579,0.9727,0.2316,0.0173,-0.0302,0.0523,0.9982,25.5,0.0013,1.322,1.784,1.13988,29.2,459.4,5.1,465.1,53.3,453.6,994,1.279,11
1142,-169.973,-40.309,-50.088,0.2614,-0.9619,0.0806,0.965,0.2618,0.0166,-0.037,0.0734,0.9966,25.5,0.0018,1.273,1.786,1.13589,29.6,461.2,5.7,467.7,53.5,454.7,994,0.672,11
1143,-169.436,-42.174,-49.907,0.2896,-0.9514,0.1048,0.9564,0.2916,0.0158,-0.0456,0.0956,0.9944,25.5,0.0012,1.37,1.778,1.13476,30.1,463.0,6.4,470.3,53.8,455.8,995,0.235,11
1144,-168.844,-44.018,-49.678,0.317,-0.9395,0.1301,0.9469,0.3211,0.015,-0.0559,0.1184,0.9914,25.5,0.0004,1.444,1.776,1.15044,30.7,464.8,7.2,472.8,54.2,456.9,996,1.148,11
1145,-168.2,-45.837,-49.401,0.3442,-0.9261,0.1542,0.9366,0.3501,0.0142,-0.0671,0.1396,0.9879,25.5,0.0003,1.388,1.764,1.1383,31.3,466.6,8.1,475.3,54.5,457.9,996,0.803,11
1146,-167.503,-47.629,-49.076,0.3697,-0.9116,0.1798,0.9255,0.3786,0.0133,-0.0802,0.1615,0.9836,25.5,0.0006,1.483,1.753,1.14419,31.9,468.4,9.0,477.8,54.9,459.0,997,0.122,11
1147,-166.758,-49.391,-48.699,0.3946,-0.8955,0.2056,0.9135,0.4066,0.0124,-0.0947,0.183,0.9785,25.5,0.0011,1.514,1.746,1.1551,32.6,470.1,10.0,480.2,55.3,460.0,998,1.058,11
1148,-165.965,-51.12,-48.274,0.4187,-0.8783,0.2308,0.9008,0.4341,0.0114,-0.1102,0.2032,0.9729,25.5,0.0015,1.494,1.737,1.14266,33.4,471.8,11.0,482.6,55.7,461.0,998,0.893,11
1149,-165.126,-52.815,-47.798,0.4411,-0.8598,0.2573,0.8874,0.4609,0.0104,-0.1275,0.2237,0.9663,25.5,0.0022,1.583,1.718,1.15557,34.1,473.4,12.1,484.9,56.2,462.0,999,0.062,11
1150,-164.246,-54.472,-47.27,0.4624,-0.84,0.2839,0.8733,0.4871,0.0093,-0.1461,0.2436,0.9588,25.5,0.0027,1.619,1.706,1.15829,35.0,475.1,13.3,487.2,56.6,463.0,1000,1.035,11
1151,-163.323,-56.09,-46.692,0.4836,-0.819,0.3089,0.8585,0.5127,0.0082,-0.1651,0.2612,0.951,25.5,0.0022,1.55,1.696,1.14398,35.8,476.7,14.5,489.4,57.1,463.9,1000,0.915,11
1152,-162.36,-57.666,-46.067,0.5041,-0.7973,0.3319,0.8432,0.5375,0.0071,-0.1841,0.2763,0.9433,25.5,0.0011,1.459,1.671,1.10747,36.7,478.2,15.7,491.6,57.6,464.9,1001,0.083,11
1153,-161.36,-59.199,-45.395,0.5217,-0.775,0.3566,0.8274,0.5616,0.006,-0.205,0.2919,0.9342,25.5,0.0014,1.583,1.652,1.10634,37.6,479.7,17.0,493.7,58.2,465.8,1002,1.105,11
1154,-160.325,-60.689,-44.681,0.5402,-0.7534,0.3749,0.811,0.585,0.0049,-0.223,0.3014,0.927,25.5,0.0008,1.237,1.638,0.99388,38.6,481.2,18.4,495.8,58.7,466.7,1002,0.844,11
1155,-159.252,-62.138,-43.938,0.5599,-0.7328,0.3866,0.7942,0.6076,0.0037,-0.2376,0.3049,0.9223,25.5,0.0009,0.901,1.615,0.90544,39.5,482.7,19.8,497.8,59.3,467.5,1003,0.198,11
1156,-158.145,-63.546,-43.168,0.5759,-0.7115,0.4027,0.777,0.6295,0.0025,-0.2553,0.3114,0.9154,25.5,0.0006,1.15,1.597,0.91473,40.6,484.1,21.2,499.7,59.9,468.4,1004,1.253,11
1157,-157.006,-64.914,-42.372,0.5926,-0.6919,0.4126,0.7593,0.6508,0.0013,-0.2694,0.3125,0.9109,25.5,0.0002,0.85,1.588,0.81062,41.6,485.4,22.7,501.6,60.5,469.2,1004,0.697,11
1158,-155.833,-66.245,-41.563,0.611,-0.6735,0.416,0.7412,0.6713,0.0001,-0.2793,0.3083,0.9094,25.5,0.0008,0.622,1.568,0.77113,42.7,486.7,24.2,503.5,61.2,470.0,1005,0.363,11
1159,-154.624,-67.539,-40.749,0.6281,-0.6541,0.4215,0.7226,0.6912,-0.0012,-0.2906,0.3053,0.9068,25.5,0.0012,0.686,1.563,0.77698,43.8,488.0,25.8,505.3,61.8,470.8,1006,1.418,11
1160,-153.384,-68.796,-39.922,0.6442,-0.6354,0.4257,0.7037,0.7105,-0.0025,-0.3009,0.3012,0.9049,25.5,0.0008,0.644,1.55,0.73554,44.9,489.3,27.4,507.0,62.5,471.6,1006,0.532,11
1161,-152.11,-70.018,-39.093,0.6621,-0.6183,0.4234,0.6842,0.7292,-0.0038,-0.3064,0.2923,0.9059,25.5,0.0005,0.602,1.55,0.7306,46.1,490.5,29.0,508.7,63.2,472.3,1007,0.509,11
1162,-150.8,-71.208,-38.275,0.6818,-0.6015,0.4163,0.6644,0.7474,-0.0052,-0.308,0.2801,0.9092,25.5,0.0013,0.73,1.543,0.78894,47.3,491.7,30.7,510.4,63.9,473.1,1007,1.441,11
1163,-149.454,-72.362,-37.464,0.6991,-0.5826,0.4145,0.644,0.765,-0.0066,-0.3133,0.2715,0.91,25.5,0.0018,0.581,1.546,0.7548,48.6,492.9,32.5,512.0,64.7,473.8,1008,0.426,11
1164,-148.073,-73.481,-36.662,0.7176,-0.5649,0.4075,0.6232,0.782,-0.008,-0.3142,0.2597,0.9132,25.5,0.0022,0.702,1.541,0.77997,49.9,494.0,34.3,513.6,65.5,474.5,1009,0.556,11
1165,-146.654,-74.566,-35.878,0.7373,-0.5481,0.3948,0.6019,0.7985,-0.0094,-0.3101,0.2446,0.9187,25.5,0.0024,0.95,1.546,0.8474,51.2,495.1,36.1,515.1,66.3,475.1,1009,1.395,11
1166,-145.198,-75.617,-35.12,0.7562,-0.5297,0.3842,0.5803,0.8144,-0.0109,-0.3071,0.2312,0.9232,25.5,0.0032,0.828,1.539,0.83543,52.6,496.2,38.0,516.6,67.1,475.8,1010,0.454,11
1167,-143.705,-76.632,-34.382,0.7749,-0.5111,0.3719,0.5582,0.8296,-0.0124,-0.3022,0.2172,0.9282,25.5,0.0039,0.897,1.539,0.85522,54.0,497.2,40.0,518.0,68.0,476.4,1011,0.448,11
1168,-142.176,-77.61,-33.673,0.7943,-0.493,0.3551,0.5358,0.8443,-0.014,-0.2929,0.2014,0.9347,25.5,0.0044,1.115,1.538,0.92284,55.4,498.2,42.0,519.3,68.9,477.0,1012,1.311,11
1169,-140.608,-78.554,-32.999,0.8135,-0.4737,0.3374,0.513,0.8582,-0.0157,-0.2821,0.1859,0.9412,25.5,0.0055,1.145,1.533,0.95422,56.9,499.1,44.0,520.7,69.8,477.6,1012,0.639,11
1170,-139.004,-79.458,-32.358,0.8317,-0.4538,0.32,0.49,0.8715,-0.0175,-0.271,0.1713,0.9472,25.5,0.0064,1.106,1.526,0.94312,58.5,500.1,46.1,521.9,70.8,478.2,1013,0.187,11
1171,-137.365,-80.324,-31.754,0.8493,-0.4354,0.2985,0.4667,0.8842,-0.0193,-0.2556,0.1557,0.9542,25.5,0.0056,1.318,1.524,0.97928,60.0,500.9,48.3,523.1,71.7,478.8,1014,0.977,11
1172,-135.692,-81.156,-31.196,0.8664,-0.4171,0.2744,0.4432,0.8962,-0.0212,-0.2371,0.14,0.9613,25.5,0.0044,1.449,1.516,1.02149,61.6,501.8,50.5,524.3,72.8,479.3,1014,0.973,11
1173,-133.986,-81.949,-30.683,0.8828,-0.3968,0.2513,0.4194,0.9075,-0.0232,-0.2189,0.1259,0.9676,25.5,0.0043,1.368,1.514,1.02426,63.3,502.6,52.7,525.4,73.8,479.8,1015,0.217,11
1174,-132.25,-82.704,-30.218,0.8982,-0.3778,0.2247,0.3953,0.9182,-0.0254,-0.1968,0.1116,0.9741,25.5,0.0025,1.554,1.516,1.06191,64.9,503.3,55.0,526.4,74.9,480.3,1016,0.507,11
1175,-130.484,-83.424,-29.809,0.9125,-0.3598,0.1948,0.371,0.9282,-0.0276,-0.1709,0.0974,0.9805,25.5,0.0008,1.732,1.511,1.10841,66.6,504.1,57.3,527.4,76.0,480.8,1017,1.202,11
1176,-128.692,-84.106,-29.458,0.9258,-0.3398,0.1654,0.3464,0.9376,-0.0299,-0.1449,0.0849,0.9858,25.5,0.0028,1.681,1.515,1.11565,68.4,504.8,59.6,528.3,77.1,481.2,1017,0.749,11
1177,-126.874,-84.747,-29.164,0.9384,-0.3177,0.1361,0.3217,0.9463,-0.0322,-0.1186,0.074,0.9902,25.5,0.0031,1.651,1.506,1.14036,70.1,505.4,62.0,529.2,78.3,481.6,1018,0.082,11
1178,-125.034,-85.344,-28.927,0.9495,-0.2953,0.1064,0.2969,0.9543,-0.0347,-0.0913,0.0645,0.9937,25.5,0.0036,1.668,1.5,1.14084,71.9,506.0,64.4,530.0,79.5,482.0,1019,0.566,11
1179,-123.173,-85.899,-28.749,0.959,-0.2727,0.0766,0.2721,0.9616,-0.0371,-0.0636,0.0564,0.9964,25.5,0.0041,1.661,1.488,1.13402,73.8,506.5,66.9,530.7,80.7,482.4,1020,1.194,11
1180,-121.294,-86.405,-28.626,0.968,-0.2461,0.0498,0.2474,0.9681,-0.0396,-0.0385,0.0506,0.998,25.5,0.0007,1.479,1.47,1.14078,75.6,507.1,69.3,531.4,81.9,482.7,1020,0.756,11
1181,-119.399,-86.857,-28.553,0.9754,-0.2189,0.0237,0.2229,0.9739,-0.042,-0.0139,0.0463,0.9988,25.5,0.0032,1.432,1.449,1.12895,77.5,507.5,71.8,532.0,83.1,483.0,1021,0.144,11
1182,-117.491,-87.259,-28.533,0.9814,-0.1922,-0.0026,0.1987,0.9791,-0.0444,0.0111,0.0431,0.999,25.5,0.0069,1.444,1.425,1.11543,79.3,507.9,74.3,532.5,84.4,483.3,1022,0.458,11
1183,-115.572,-87.603,-28.562,0.9868,-0.16,-0.0262,0.1748,0.9835,-0.0468,0.0333,0.0416,0.9986,25.5,0.0164,1.275,1.399,1.18389,81.2,508.2,76.8,533.0,85.7,483.5,1023,1.051,11
1184,-113.643,-87.881,-28.635,0.9908,-0.1257,-0.0504,0.1514,0.9873,-0.0491,0.056,0.0411,0.9976,25.5,0.0284,1.302,1.365,1.23923,83.1,508.5,79.3,533.4,87.0,483.7,1023,0.899,11
1185,-111.709,-88.095,-28.757,0.9929,-0.0934,-0.0738,0.1284,0.9904,-0.0514,0.078,0.0416,0.9961,25.5,0.0388,1.264,1.336,1.17379,85.0,508.7,81.7,533.6,88.3,483.8,1024,0.313,11
1186,-109.772,-88.244,-28.919,0.9941,-0.0591,-0.0909,0.106,0.9929,-0.0536,0.0936,0.0437,0.9947,25.5,0.0516,0.905,1.298,1.12689,87.0,508.8,84.2,533.8,89.7,483.9,1025,0.271,11
1187,-107.833,-88.325,-29.11,0.9939,-0.0255,-0.107,0.0841,0.9949,-0.0557,0.1081,0.0465,0.9931,25.5,0.0642,0.851,1.266,1.09497,88.9,508.9,86.7,534.0,91.1,483.9,1026,0.854,11
1188,-105.897,-88.344,-29.336,0.9923,0.007,-0.1239,0.0627,0.9964,-0.0578,0.1234,0.0497,0.9911,25.5,0.0764,0.903,1.235,1.07752,90.8,508.9,89.1,534.0,92.5,483.9,1026,1.097,11
1189,-103.964,-88.295,-29.588,0.9902,0.0429,-0.1327,0.0419,0.9973,-0.0598,0.1303,0.0539,0.99,25.5,0.0922,0.467,1.198,1.08799,92.7,508.9,91.6,534.0,93.9,483.8,1027,0.508,11
1190,-102.036,-88.174,-29.849,0.9872,0.0808,-0.1374,0.0216,0.9978,-0.0619,0.1329,0.0585,0.9894,25.501,0.1105,0.305,1.17,1.12588,94.6,508.7,94.0,533.9,95.3,483.7,1028,0.092,11
1191,-100.115,-87.983,-30.128,0.9824,0.1151,-0.1472,0.0019,0.9979,-0.0641,0.1407,0.0632,0.988,25.501,0.1262,0.528,1.136,1.05773,96.5,508.5,96.4,533.7,96.7,483.5,1029,0.706,11
1192,-98.204,-87.726,-30.418,0.9778,0.1484,-0.1482,-0.0173,0.9976,-0.0664,0.1394,0.0682,0.9879,25.501,0.141,0.296,1.108,0.98828,98.4,508.3,98.8,533.4,98.1,483.2,1029,1.245,11
1193,-96.302,-87.404,-30.701,0.9732,0.1817,-0.1408,-0.036,0.997,-0.0688,0.1294,0.073,0.9889,25.501,0.1558,0.638,1.081,1.01152,100.3,507.9,101.1,533.0,99.5,482.9,1030,0.611,11
1194,-94.411,-87.019,-30.974,0.9667,0.2138,-0.1408,-0.0542,0.996,-0.0714,0.1268,0.0778,0.9889,25.501,0.1706,0.313,1.055,0.96247,102.2,507.5,103.5,532.6,100.9,482.5,1031,0.051,11
1195,-92.532,-86.571,-31.245,0.9599,0.2451,-0.1357,-0.0719,0.9947,-0.0741,0.1189,0.0823,0.9895,25.501,0.1848,0.522,1.029,0.95315,104.0,507.1,105.8,532.1,102.3,482.1,1032,0.738,11
1196,-90.667,-86.063,-31.498,0.9532,0.2765,-0.1224,-0.0892,0.993,-0.0769,0.1023,0.086,0.991,25.501,0.199,0.978,1.009,1.0213,105.9,506.6,108.0,531.6,103.8,481.6,1032,1.212,11
1197,-88.816,-85.492,-31.718,0.9451,0.3092,-0.1058,-0.106,0.9912,-0.08,0.0821,0.0889,0.9927,25.501,0.2148,1.173,0.984,1.10369,107.7,506.0,110.3,531.0,105.2,481.1,1033,0.489,11
1198,-86.983,-84.857,-31.915,0.9352,0.3411,-0.0948,-0.1223,0.989,-0.0832,0.0672,0.0919,0.9935,25.501,0.2309,0.872,0.96,1.03344,109.5,505.4,112.5,530.3,106.6,480.5,1034,0.275,11
1199,-85.168,-84.166,-32.084,0.9267,0.3676,-0.0782,-0.1382,0.9866,-0.0866,0.0467,0.0938,0.9945,25.501,0.2414,1.181,0.942,0.95225,111.3,504.7,114.7,529.5,108.0,479.9,1035,1.082,11
1200,-83.368,-83.427,-32.216,0.9195,0.3892,-0.0561,-0.1537,0.984,-0.0902,0.0208,0.0944,0.9953,25.501,0.2467,1.485,0.924,0.93245,113.1,504.0,116.9,528.7,109.4,479.2,1035,0.868,11
1201,-81.583,-82.648,-32.305,0.9105,0.4118,-0.0374,-0.1688,0.9812,-0.094,-0.0021,0.095,0.9955,25.501,0.2539,1.313,0.906,0.90165,114.9,503.2,119.0,527.9,110.7,478.5,1036,0.022,11
1202,-79.817,-81.823,-32.36,0.9009,0.4336,-0.0187,-0.1835,0.9781,-0.098,-0.025,0.095,0.9952,25.502,0.2606,1.312,0.891,0.88993,116.6,502.4,121.1,527.0,112.1,477.8,1037,0.891,11
1203,-78.069,-80.959,-32.375,0.8922,0.4517,0.0048,-0.1979,0.9749,-0.1022,-0.0527,0.0935,0.9942,25.502,0.2633,1.59,0.879,0.90837,118.3,501.5,123.2,526.1,113.5,477.0,1037,1.059,11
1204,-76.338,-80.063,-32.338,0.8839,0.4665,0.0335,-0.2118,0.9715,-0.1066,-0.0853,0.0903,0.9923,25.502,0.2624,1.88,0.858,0.97976,120.0,500.6,125.2,525.1,114.8,476.2,1038,0.101,11
1205,-74.624,-79.137,-32.248,0.8729,0.4843,0.0585,-0.2254,0.9679,-0.1112,-0.1146,0.0871,0.9896,25.502,0.2655,1.696,0.848,0.95806,121.7,499.7,127.2,524.1,116.2,475.4,1039,0.917,11
1206,-72.933,-78.177,-32.11,0.8623,0.4994,0.0834,-0.2385,0.9642,-0.1161,-0.1436,0.0832,0.9861,25.501,0.2662,1.689,0.829,0.91075,123.3,498.8,129.2,523.1,117.5,474.6,1039,1.033,11
1207,-71.261,-77.192,-31.921,0.8528,0.5105,0.1102,-0.2513,0.9603,-0.1212,-0.1738,0.0784,0.9817,25.501,0.2626,1.77,0.82,0.897,125.0,497.8,131.2,522.1,118.8,473.7,1040,0.05,11
1208,-69.606,-76.189,-31.678,0.8442,0.5176,0.1392,-0.2637,0.9563,-0.1264,-0.2053,0.0724,0.976,25.501,0.2548,1.866,0.804,0.91305,126.6,496.9,133.1,521.0,120.1,472.8,1041,1.196,11
1209,-67.97,-75.171,-31.381,0.8336,0.527,0.1655,-0.2758,0.9521,-0.1319,-0.2345,0.0664,0.9698,25.501,0.25,1.745,0.799,0.87789,128.2,495.9,135.0,519.9,121.4,471.9,1041,0.754,11
1210,-66.356,-74.135,-31.032,0.8224,0.5354,0.1922,-0.2875,0.9479,-0.1375,-0.2638,0.0596,0.9627,25.501,0.2446,1.771,0.781,0.88599,129.8,494.9,136.9,518.8,122.7,471.0,1042,0.47,11
1211,-64.763,-73.084,-30.631,0.8112,0.542,0.2193,-0.2989,0.9435,-0.1432,-0.2929,0.0522,0.9547,25.501,0.2375,1.781,0.773,0.88326,131.3,493.9,138.7,517.7,124.0,470.1,1042,1.48,11
1212,-63.192,-72.022,-30.177,0.8001,0.5469,0.2463,-0.3098,0.939,-0.1491,-0.3214,0.0442,0.9459,25.501,0.2289,1.769,0.756,0.86994,132.9,492.8,140.5,516.6,125.2,469.2,1043,0.174,11
1213,-61.644,-70.951,-29.671,0.7881,0.5519,0.2725,-0.3204,0.9345,-0.1551,-0.3489,0.0358,0.9365,25.5,0.221,1.733,0.744,0.8595,134.4,491.8,142.3,515.4,126.5,468.3,1044,1.222,11
1214,-60.119,-69.87,-29.116,0.7762,0.5563,0.2968,-0.3307,0.9299,-0.1611,-0.3742,0.0276,0.9269,25.5,0.2128,1.62,0.732,0.80557,135.8,490.8,144.0,514.3,127.7,467.3,1044,0.728,11
1215,-58.617,-68.782,-28.515,0.7645,0.5601,0.3192,-0.3406,0.9252,-0.1673,-0.3974,0.0196,0.9174,25.5,0.2044,1.508,0.721,0.75094,137.3,489.7,145.7,513.1,128.9,466.4,1045,0.763,11
1216,-57.137,-67.686,-27.872,0.7531,0.5634,0.3397,-0.3501,0.9205,-0.1734,-0.4186,0.0119,0.9081,25.5,0.196,1.398,0.701,0.69606,138.7,488.7,147.4,512.0,130.1,465.4,1045,1.187,11
1217,-55.68,-66.585,-27.191,0.7418,0.5661,0.3594,-0.3593,0.9158,-0.1796,-0.4386,0.0042,0.8987,25.499,0.1874,1.341,0.69,0.67212,140.1,487.6,149.1,510.8,131.3,464.5,1046,0.405,11
1218,-54.244,-65.479,-26.471,0.7303,0.5686,0.3786,-0.3682,0.911,-0.1858,-0.4579,-0.0038,0.889,25.499,0.1788,1.32,0.68,0.66177,141.5,486.5,150.7,509.6,132.5,463.5,1046,1.545,11
1219,-52.831,-64.368,-25.715,0.7189,0.5707,0.3968,-0.3768,0.9062,-0.192,-0.4761,-0.0116,0.8793,25.498,0.1701,1.263,0.667,0.63408,142.9,485.5,152.3,508.5,133.6,462.6,1047,0.154,11
1220,-51.441,-63.253,-24.924,0.7076,0.5726,0.4141,-0.3851,0.9014,-0.1982,-0.4932,-0.0194,0.8697,25.498,0.1616,1.209,0.654,0.60975,144.3,484.4,153.8,507.3,134.7,461.6,1047,1.797,11
1221,-50.072,-62.135,-24.101,0.6964,0.5743,0.4304,-0.393,0.8965,-0.2044,-0.5092,-0.0272,0.8602,25.497,0.1532,1.156,0.64,0.58329,145.6,483.3,155.4,506.1,135.9,460.6,1048,0.019,11
1222,-48.725,-61.014,-23.245,0.6849,0.5748,0.4479,-0.4007,0.8917,-0.2105,-0.5258,-0.0357,0.8498,25.496,0.1438,1.224,0.626,0.61548,146.9,482.2,156.9,504.9,137.0,459.7,1048,1.936,11
1223,-47.401,-59.894,-22.355,0.6732,0.575,0.4649,-0.4081,0.8869,-0.2166,-0.5417,-0.0443,0.8394,25.496,0.1345,1.195,0.614,0.60647,148.2,481.2,158.3,503.7,138.1,458.7,1049,0.018,11
1224,-46.099,-58.772,-21.434,0.6623,0.5762,0.479,-0.4152,0.8821,-0.2226,-0.5552,-0.0519,0.8301,25.495,0.1267,1.035,0.599,0.5249,149.4,480.1,159.8,502.6,139.2,457.7,1049,1.959,11
1225,-44.818,-57.646,-20.489,0.6525,0.5781,0.4899,-0.4221,0.8773,-0.2286,-0.566,-0.058,0.8223,25.494,0.1198,0.84,0.592,0.43435,150.7,479.0,161.2,501.4,140.2,456.8,1050,0.094,11
1226,-43.554,-56.517,-19.526,0.6441,0.5807,0.4979,-0.4286,0.8725,-0.2345,-0.5743,-0.0628,0.8162,25.493,0.1138,0.651,0.573,0.3493,151.9,477.9,162.6,500.2,141.3,455.8,1050,1.86,11
1227,-42.305,-55.381,-18.549,0.6373,0.5838,0.5031,-0.435,0.8677,-0.2404,-0.5803,-0.066,0.8117,25.492,0.1084,0.467,0.57,0.2675,153.1,476.8,164.0,499.0,142.3,454.8,1051,0.311,11
1228,-41.074,-54.245,-17.553,0.6255,0.5828,0.5188,-0.4411,0.863,-0.2462,-0.5941,-0.0752,0.8008,25.491,0.0993,1.137,0.552,0.57805,154.3,475.7,165.4,497.8,143.4,453.8,1051,1.638,11
1229,-39.864,-53.108,-16.53,0.6168,0.583,0.5288,-0.447,0.8583,-0.2519,-0.6033,-0.0814,0.7934,25.49,0.0915,0.764,0.542,0.3895,155.5,474.6,166.7,496.6,144.4,452.8,1052,0.634,11
1230,-38.667,-51.97,-15.493,0.6107,0.5843,0.5345,-0.4527,0.8536,-0.2576,-0.6089,-0.085,0.7887,25.489,0.0846,0.467,0.535,0.24824,156.7,473.5,168.0,495.4,145.4,451.8,1052,1.316,11
1231,-37.48,-50.828,-14.448,0.6066,0.5867,0.5364,-0.4582,0.849,-0.2631,-0.6117,-0.0865,0.7863,25.488,0.079,0.228,0.518,0.15032,157.8,472.4,169.3,494.2,146.4,450.9,1053,1.032,11
1232,-36.3,-49.681,-13.403,0.6043,0.5903,0.5351,-0.4636,0.8444,-0.2686,-0.6121,-0.0859,0.7861,25.487,0.0746,0.043,0.514,0.13121,159.0,471.3,170.6,492.9,147.4,449.8,1053,0.919,11
1233,-35.122,-48.526,-12.364,0.6038,0.5951,0.5304,-0.4687,0.8398,-0.274,-0.6101,-0.0834,0.788,25.486,0.0714,0.213,0.501,0.19792,160.1,470.2,171.9,491.7,148.4,448.8,1054,1.477,11
1234,-33.944,-47.359,-11.337,0.6049,0.6013,0.5221,-0.4737,0.8352,-0.2794,-0.6055,-0.0785,0.792,25.485,0.0698,0.448,0.497,0.30612,161.3,469.1,173.2,490.5,149.5,447.8,1054,0.473,11
1235,-32.763,-46.18,-10.329,0.6049,0.6074,0.515,-0.4786,0.8306,-0.2846,-0.6021,-0.0745,0.7949,25.484,0.0684,0.344,0.487,0.27509,162.4,467.9,174.5,489.2,150.5,446.8,1055,1.942,11
1236,-31.589,-44.993,-9.323,0.6004,0.6106,0.5164,-0.4833,0.8261,-0.2898,-0.6048,-0.0757,0.7927,25.482,0.0646,0.211,0.477,0.16739,163.6,466.8,175.7,488.0,151.5,445.7,1055,0.036,11
1237,-30.421,-43.799,-8.317,0.5977,0.6145,0.5149,-0.4879,0.8216,-0.2949,-0.6054,-0.0751,0.7924,25.481,0.0614,0.051,0.47,0.14618,164.7,465.6,177.0,486.7,152.5,444.7,1055,1.958,11
1238,-29.256,-42.596,-7.316,0.5968,0.6191,0.5104,-0.4924,0.8171,-0.2999,-0.6038,-0.0724,0.7939,25.48,0.0589,0.199,0.464,0.19092,165.9,464.4,178.3,485.4,153.5,443.6,1056,0.45,11
1239,-28.092,-41.383,-6.328,0.5976,0.6246,0.5028,-0.4967,0.8126,-0.3048,-0.5999,-0.0677,0.7972,25.479,0.0575,0.398,0.454,0.27664,167.0,463.2,179.6,484.1,154.6,442.5,1056,1.503,11
1240,-26.925,-40.16,-5.358,0.6002,0.6311,0.4915,-0.5009,0.8082,-0.3097,-0.5936,-0.0604,0.8025,25.478,0.0572,0.63,0.448,0.39065,168.2,462.0,180.8,482.8,155.6,441.4,1057,0.87,11
1241,-25.75,-38.921,-4.414,0.6048,0.6388,0.4756,-0.5051,0.8038,-0.3144,-0.5841,-0.0502,0.8101,25.477,0.0585,0.91,0.44,0.53626,169.3,460.8,182.1,481.5,156.6,440.3,1057,1.081,11
1242,-24.564,-37.667,-3.507,0.6117,0.648,0.4539,-0.5091,0.7994,-0.3191,-0.5707,-0.0359,0.8204,25.476,0.0618,1.269,0.434,0.72163,170.5,459.6,183.4,480.2,157.7,439.2,1058,1.234,11
1243,-23.369,-36.396,-2.638,0.6141,0.6564,0.4382,-0.513,0.7951,-0.3236,-0.5621,-0.0261,0.8267,25.476,0.0651,0.83,0.421,0.52804,171.7,458.3,184.7,478.8,158.8,438.0,1058,0.716,11
1244,-22.17,-35.108,-1.8,0.6169,0.665,0.421,-0.5168,0.7908,-0.3281,-0.5524,-0.0152,0.8334,25.475,0.0689,0.92,0.418,0.57111,172.9,457.1,186.0,477.5,159.9,436.9,1059,1.523,11
1245,-20.963,-33.802,-0.998,0.6207,0.6735,0.4014,-0.5205,0.7865,-0.3325,-0.5411,-0.0025,0.841,25.474,0.0732,1.067,0.411,0.63761,174.0,455.8,187.3,476.1,161.0,435.7,1059,0.428,11
1246,-19.748,-32.481,-0.236,0.6255,0.6817,0.3796,-0.524,0.7823,-0.3367,-0.5281,0.0117,0.8491,25.474,0.0777,1.197,0.395,0.69883,175.3,454.5,188.6,474.7,162.1,434.5,1060,1.729,11
1247,-18.524,-31.145,0.482,0.631,0.6891,0.3563,-0.5274,0.7782,-0.3409,-0.5139,0.0273,0.8574,25.473,0.082,1.299,0.389,0.73635,176.5,453.2,189.9,473.2,163.2,433.3,1060,0.222,11
1248,-17.288,-29.794,1.153,0.636,0.6962,0.3329,-0.5307,0.7742,-0.345,-0.4998,0.0429,0.8651,25.472,0.0866,1.283,0.379,0.73346,177.7,451.8,191.2,471.8,164.3,432.0,1061,1.853,11
1249,-16.044,-28.43,1.78,0.6396,0.7037,0.3094,-0.5339,0.7702,-0.349,-0.4859,0.0583,0.8721,25.472,0.0925,1.254,0.372,0.73254,178.9,450.5,192.5,470.3,165.5,430.8,1061,0.101,11
1250,-14.793,-27.051,2.359,0.6437,0.7106,0.2841,-0.5369,0.7663,-0.3528,-0.4707,0.075,0.8791,25.472,0.0987,1.355,0.356,0.77996,180.2,449.1,193.9,468.9,166.6,429.5,1062,1.893,11
1251,-13.533,-25.659,2.887,0.6482,0.7168,0.2569,-0.5397,0.7626,-0.3566,-0.454,0.093,0.8861,25.471,0.1052,1.463,0.344,0.83041,181.4,447.7,195.2,467.4,167.8,428.2,1062,0.061,11
1252,-12.265,-24.256,3.359,0.6531,0.7223,0.2275,-0.5424,0.759,-0.3603,-0.4356,0.1127,0.8931,25.471,0.112,1.596,0.334,0.89071,182.7,446.3,196.6,465.9,169.0,426.9,1063,1.852,11
1253,-10.987,-22.842,3.773,0.6572,0.7275,0.197,-0.5448,0.7555,-0.3639,-0.4165,0.1328,0.8994,25.471,0.1199,1.629,0.319,0.91716,184.0,444.9,197.9,464.4,170.2,425.6,1063,0.1,11
1254,-9.702,-21.419,4.127,0.6602,0.7324,0.1665,-0.5471,0.7521,-0.3673,-0.3975,0.1527,0.9048,25.471,0.1285,1.607,0.305,0.91208,185.3,443.5,199.3,462.9,171.4,424.3,1064,1.734,11
1255,-8.412,-19.987,4.42,0.6634,0.7362,0.1338,-0.5492,0.7489,-0.3707,-0.3767,0.1741,0.9098,25.472,0.1374,1.734,0.293,0.97194,186.6,442.0,200.6,461.4,172.7,422.9,1064,0.217,11
1256,-7.115,-18.549,4.648,0.6667,0.7387,0.0987,-0.5511,0.7459,-0.374,-0.3537,0.1971,0.9144,25.472,0.1467,1.882,0.278,1.0387,187.9,440.6,202.0,459.8,173.9,421.6,1065,1.543,11
1257,-5.812,-17.107,4.804,0.6701,0.7398,0.0607,-0.5528,0.7431,-0.3771,-0.3282,0.2219,0.9182,25.472,0.1564,2.05,0.258,1.12166,189.2,439.2,203.3,458.3,175.2,420.2,1065,0.408,11
1258,-4.504,-15.663,4.884,0.6711,0.741,0.0217,-0.5543,0.7404,-0.3802,-0.3021,0.2467,0.9208,25.473,0.1684,2.068,0.251,1.14704,190.5,437.7,204.7,456.8,176.4,418.8,1066,1.286,11
1259,-3.194,-14.219,4.888,0.6719,0.7404,-0.0184,-0.5555,0.7379,-0.3832,-0.2746,0.2721,0.9222,25.473,0.1802,2.147,0.234,1.17892,191.8,436.3,206.0,455.3,177.7,417.4,1066,0.665,11
1260,-1.884,-12.777,4.813,0.6727,0.7377,-0.0573,-0.5565,0.7357,-0.3861,-0.2472,0.297,0.9223,25.474,0.1905,2.122,0.216,1.14626,193.1,434.8,207.4,453.8,179.0,416.1,1067,0.973,12
1261,-0.571,-11.343,4.666,0.6735,0.7334,-0.0926,-0.5573,0.7336,-0.3889,-0.2217,0.3199,0.9212,25.475,0.1987,1.965,0.206,1.04528,194.4,433.4,208.7,452.3,180.3,414.7,1067,0.978,12
1262,0.74,-9.916,4.452,0.6705,0.7308,-0.1279,-0.5579,0.7317,-0.3916,-0.197,0.3416,0.919,25.476,0.2107,1.888,0.192,1.04385,195.7,431.9,210.1,450.8,181.6,413.3,1068,0.616,12
1263,2.045,-8.495,4.168,0.6686,0.7256,-0.1625,-0.5582,0.7301,-0.3942,-0.1716,0.3632,0.9158,25.477,0.2206,1.919,0.176,1.02982,197.0,430.5,211.4,449.3,182.9,411.9,1068,1.334,12
1264,3.348,-7.088,3.821,0.6687,0.718,-0.1933,-0.5583,0.7286,-0.3968,-0.1479,0.3832,0.9117,25.479,0.2265,1.792,0.172,0.93238,198.4,429.1,212.7,447.9,184.2,410.6,1069,0.226,12
1265,4.653,-5.696,3.418,0.6704,0.709,-0.2186,-0.5582,0.7273,-0.3993,-0.1275,0.4004,0.9074,25.48,0.2287,1.549,0.162,0.79074,199.7,427.7,214.0,446.4,185.5,409.2,1069,1.724,12
1266,5.963,-4.323,2.97,0.6709,0.7003,-0.2437,-0.5578,0.7262,-0.4018,-0.1073,0.4169,0.9026,25.481,0.2322,1.52,0.158,0.78077,201.0,426.3,215.3,445.0,186.8,407.9,1070,0.197,12
1267,7.265,-2.964,2.463,0.666,0.6936,-0.2744,-0.5572,0.7253,-0.4043,-0.0839,0.4352,0.8964,25.483,0.2429,1.739,0.156,0.93483,202.3,425.0,216.6,443.6,188.1,406.5,1071,1.296,12
1268,8.562,-1.618,1.907,0.6644,0.6872,-0.2939,-0.5564,0.7246,-0.4067,-0.0686,0.4477,0.8915,25.484,0.2478,1.166,0.15,0.60476,203.6,423.6,217.9,442.2,189.4,405.2,1071,0.655,12
1269,9.858,-0.284,1.322,0.6656,0.681,-0.3053,-0.5553,0.724,-0.4091,-0.0594,0.4561,0.8879,25.486,0.2483,0.743,0.155,0.38297,204.9,422.3,219.2,440.9,190.7,403.9,1072,0.796,12
1270,11.16,1.038,0.721,0.6696,0.6749,-0.3102,-0.554,0.7237,-0.4115,-0.0549,0.4615,0.8855,25.487,0.2451,0.426,0.157,0.25816,206.2,421.0,220.4,439.5,192.1,402.6,1072,1.159,12
1271,12.472,2.348,0.116,0.6761,0.6687,-0.3093,-0.5525,0.7235,-0.4139,-0.0546,0.4641,0.8841,25.489,0.2383,0.17,0.163,0.26526,207.5,419.7,221.7,438.2,193.4,401.3,1073,0.244,12
1272,13.799,3.646,-0.482,0.6855,0.6622,-0.3028,-0.5506,0.7235,-0.4164,-0.0582,0.4643,0.8838,25.49,0.2278,0.207,0.18,0.38628,208.8,418.4,223.0,436.9,194.8,400.0,1074,1.563,12
1273,15.146,4.93,-1.063,0.6957,0.6539,-0.2973,-0.5486,0.7236,-0.4188,-0.0602,0.4655,0.883,25.492,0.216,0.141,0.179,0.41897,210.1,417.1,224.3,435.6,196.2,398.8,1074,0.387,12
1274,16.508,6.195,-1.651,0.7011,0.6444,-0.3055,-0.5463,0.724,-0.4213,-0.0515,0.473,0.8796,25.493,0.2122,0.686,0.196,0.40137,211.5,415.8,225.6,434.3,197.6,397.5,1075,0.859,12
1275,17.88,7.444,-2.251,0.7062,0.6371,-0.3088,-0.5437,0.7244,-0.4238,-0.0473,0.4777,0.8772,25.494,0.2084,0.386,0.208,0.27905,212.9,414.6,226.9,433.1,199.0,396.3,1075,1.095,12
1276,19.262,8.681,-2.853,0.7115,0.6317,-0.3079,-0.5408,0.7251,-0.4263,-0.047,0.48,0.876,25.495,0.2045,0.15,0.223,0.22388,214.2,413.3,228.2,431.8,200.4,395.0,1076,0.091,12
1277,20.655,9.909,-3.449,0.717,0.6279,-0.3028,-0.5378,0.7259,-0.4289,-0.0505,0.48,0.8758,25.496,0.2001,0.201,0.232,0.24704,215.6,412.1,229.5,430.6,201.9,393.8,1077,1.121,12
1278,22.059,11.131,-4.031,0.7231,0.6255,-0.2931,-0.5344,0.7268,-0.4314,-0.058,0.4777,0.8766,25.497,0.1946,0.452,0.247,0.34396,217.0,410.9,230.8,429.4,203.4,392.6,1077,0.832,12
1279,23.476,12.349,-4.588,0.7298,0.6247,-0.2778,-0.5308,0.7279,-0.434,-0.0701,0.4726,0.8785,25.498,0.1879,0.76,0.262,0.49128,218.4,409.7,232.1,428.2,204.9,391.4,1078,0.146,12
1280,24.906,13.568,-5.11,0.7374,0.6253,-0.2553,-0.527,0.7292,-0.4366,-0.0882,0.464,0.8814,25.498,0.1788,1.16,0.274,0.69817,219.8,408.5,233.5,427.0,206.4,390.1,1079,1.036,12
1281,26.353,14.784,-5.586,0.7474,0.6206,-0.2372,-0.5229,0.7306,-0.4391,-0.1007,0.4586,0.8829,25.499,0.1667,0.785,0.287,0.62325,221.3,407.3,234.8,425.9,207.9,388.9,1079,0.914,12
1282,27.82,15.988,-6.034,0.7569,0.6146,-0.2221,-0.5186,0.7321,-0.4417,-0.1102,0.455,0.8836,25.499,0.1555,0.583,0.3,0.55309,222.7,406.1,236.2,424.7,209.5,387.7,1080,0.104,12
1283,29.303,17.183,-6.45,0.7646,0.6116,-0.2036,-0.5141,0.7338,-0.4442,-0.1236,0.4491,0.8849,25.5,0.1462,0.842,0.311,0.59544,224.2,404.9,237.5,423.5,211.0,386.5,1081,0.633,12
1284,30.8,18.375,-6.826,0.7699,0.6119,-0.1813,-0.5093,0.7356,-0.4467,-0.1414,0.4405,0.8866,25.5,0.139,1.137,0.327,0.67358,225.7,403.7,238.9,422.4,212.6,385.2,1082,1.296,12
1285,32.304,19.572,-7.154,0.7723,0.6161,-0.1548,-0.5044,0.7375,-0.4491,-0.1641,0.4288,0.8884,25.5,0.1343,1.467,0.331,0.79158,227.2,402.5,240.3,421.2,214.2,384.0,1082,0.654,12
1286,33.809,20.78,-7.427,0.7714,0.6242,-0.1239,-0.4993,0.7395,-0.4515,-0.1919,0.4138,0.8899,25.5,0.1324,1.812,0.343,0.9391,228.7,401.3,241.6,420.1,215.9,382.8,1083,0.058,12
1287,35.317,21.999,-7.638,0.7747,0.6255,-0.0929,-0.494,0.7416,-0.4539,-0.2167,0.4005,0.8903,25.501,0.1233,1.613,0.354,0.91689,230.2,400.1,243.0,418.9,217.5,381.5,1084,0.477,12
1288,36.829,23.22,-7.788,0.7764,0.6273,-0.0601,-0.4885,0.7438,-0.4562,-0.243,0.3861,0.8899,25.501,0.1147,1.718,0.364,0.96669,231.7,398.9,244.4,417.7,219.1,380.3,1085,0.953,12
1289,38.343,24.445,-7.873,0.7764,0.6296,-0.0274,-0.483,0.7461,-0.4584,-0.2697,0.3713,0.8885,25.501,0.1073,1.751,0.364,0.96343,233.2,397.7,245.8,416.6,220.7,379.0,1085,0.997,12
1290,39.856,25.675,-7.896,0.7746,0.6325,0.0033,-0.4773,0.7484,-0.4605,-0.2952,0.357,0.8862,25.501,0.1021,1.68,0.372,0.90778,234.7,396.4,247.1,415.4,222.4,377.7,1086,0.576,12
1291,41.364,26.911,-7.861,0.7722,0.6345,0.0332,-0.4716,0.7508,-0.4626,-0.3199,0.3431,0.8831,25.501,0.0969,1.634,0.374,0.88337,236.2,395.2,248.5,414.2,224.0,376.4,1087,0.21,12
1292,42.867,28.149,-7.766,0.7695,0.6354,0.0647,-0.4658,0.7532,-0.4645,-0.3453,0.3286,0.8791,25.501,0.0901,1.691,0.376,0.92945,237.7,394.0,249.9,413.0,225.7,375.2,1088,0.104,12
1293,44.364,29.389,-7.609,0.7658,0.6359,0.0962,-0.46,0.7556,-0.4664,-0.3705,0.314,0.8741,25.501,0.0834,1.693,0.376,0.9321,239.2,392.7,251.2,411.9,227.3,373.9,1089,0.366,12
1294,45.852,30.629,-7.391,0.761,0.6361,0.1272,-0.4542,0.758,-0.4682,-0.3954,0.2994,0.8683,25.501,0.077,1.687,0.374,0.92188,240.7,391.5,252.6,410.7,228.9,372.6,1090,0.577,12
1295,47.331,31.869,-7.113,0.7556,0.6358,0.1577,-0.4484,0.7604,-0.4698,-0.4197,0.285,0.8618,25.501,0.0706,1.661,0.371,0.91027,242.1,390.3,253.9,409.5,230.5,371.3,1091,0.737,12
1296,48.799,33.107,-6.776,0.7503,0.6338,0.188,-0.4426,0.7628,-0.4714,-0.443,0.271,0.8546,25.501,0.0628,1.611,0.371,0.90583,243.6,389.0,255.3,408.3,232.1,370.0,1092,0.846,12
1297,50.256,34.341,-6.38,0.7435,0.6323,0.2178,-0.4369,0.7652,-0.4728,-0.4664,0.2568,0.8465,25.501,0.056,1.636,0.363,0.89936,245.1,387.8,256.6,407.1,233.7,368.7,1093,0.903,12
1298,51.698,35.573,-5.927,0.7354,0.6313,0.2462,-0.4313,0.7675,-0.4742,-0.489,0.2429,0.8378,25.501,0.0506,1.6,0.356,0.86837,246.5,386.5,257.9,405.9,235.3,367.4,1094,0.906,12
1299,53.123,36.803,-5.421,0.7265,0.6308,0.2726,-0.4257,0.7698,-0.4756,-0.5104,0.2297,0.8287,25.501,0.0467,1.532,0.356,0.81888,248.0,385.3,259.2,404.8,236.9,366.1,1095,0.853,12
1300,54.531,38.033,-4.866,0.7172,0.63,0.2977,-0.4202,0.772,-0.4768,-0.5308,0.2171,0.8192,25.501,0.043,1.478,0.346,0.78694,249.4,384.1,260.5,403.6,238.4,364.8,1096,0.74,12
1301,55.921,39.26,-4.261,0.7083,0.6283,0.3218,-0.4149,0.7742,-0.4781,-0.5499,0.2052,0.8096,25.5,0.0387,1.402,0.337,0.75659,250.8,382.8,261.8,402.4,239.9,363.5,1097,0.565,12
1302,57.293,40.483,-3.612,0.6999,0.6262,0.3436,-0.4097,0.7762,-0.4793,-0.5671,0.1948,0.8003,25.5,0.0346,1.269,0.327,0.68931,252.2,381.6,263.1,401.2,241.4,362.2,1098,0.324,12
1303,58.65,41.702,-2.923,0.6921,0.6238,0.3631,-0.4046,0.7781,-0.4805,-0.5826,0.1857,0.7913,25.5,0.0309,1.152,0.319,0.62118,253.6,380.4,264.3,400.0,242.9,361.0,1099,0.02,12
1304,59.993,42.916,-2.197,0.6849,0.6213,0.3807,-0.3996,0.7799,-0.4818,-0.5964,0.1779,0.7827,25.5,0.0274,1.033,0.313,0.56354,254.9,379.1,265.6,398.8,244.4,359.7,1100,0.375,12
1305,61.322,44.124,-1.439,0.6782,0.6187,0.3966,-0.3947,0.7815,-0.4831,-0.609,0.1712,0.7745,25.5,0.0242,0.943,0.305,0.51275,256.3,377.9,266.8,397.7,245.9,358.4,1102,0.579,13
1306,62.634,45.33,-0.648,0.6679,0.6178,0.4149,-0.39,0.783,-0.4846,-0.6244,0.1619,0.7641,25.5,0.0222,1.191,0.295,0.61767,257.6,376.7,268.1,396.5,247.3,357.2,1103,0.03,13
1307,63.928,46.533,0.177,0.6599,0.6157,0.4305,-0.3855,0.7842,-0.4862,-0.6371,0.1549,0.755,25.5,0.0191,0.981,0.282,0.51892,258.9,375.5,269.3,395.3,248.7,355.9,1105,0.511,13
1308,65.209,47.731,1.03,0.654,0.6126,0.4439,-0.3814,0.7851,-0.488,-0.6475,0.1499,0.7472,25.5,0.0149,0.798,0.262,0.4397,260.2,374.2,270.5,394.1,250.1,354.7,1106,0.295,13
1309,66.479,48.921,1.907,0.6499,0.6086,0.4553,-0.3778,0.7855,-0.4902,-0.656,0.1466,0.7404,25.5,0.0093,0.652,0.243,0.37493,261.5,373.0,271.7,392.9,251.5,353.5,1108,0.135,13
1310,67.744,50.104,2.804,0.6475,0.6038,0.465,-0.3748,0.7854,-0.4927,-0.6627,0.1448,0.7348,25.5,0.0024,0.511,0.224,0.3257,262.8,371.8,273.0,391.7,252.9,352.2,1110,0.19,13
1311,69.006,51.275,3.719,0.6468,0.5981,0.4732,-0.3725,0.7845,-0.4957,-0.6678,0.1443,0.7302,25.5,0.0063,0.395,0.223,0.29418,264.1,370.6,274.2,390.4,254.2,351.1,1113,0.393,13
1312,70.266,52.435,4.649,0.6455,0.5912,0.4836,-0.3712,0.7829,-0.4993,-0.6739,0.1428,0.7249,25.5,0.0182,0.471,0.238,0.36878,265.4,369.4,275.5,389.2,255.5,349.9,1115,0.003,13
1313,71.519,53.58,5.61,0.6393,0.5836,0.5007,-0.3707,0.7805,-0.5034,-0.6849,0.1363,0.7157,25.5,0.0335,0.902,0.274,0.57922,266.7,368.3,276.8,388.0,256.8,348.8,1118,0.315,13
1314,72.761,54.712,6.599,0.6352,0.5778,0.5125,-0.3711,0.7773,-0.508,-0.6926,0.1326,0.709,25.5,0.0469,0.622,0.322,0.40468,268.0,367.1,278.1,386.7,258.1,347.7,1120,0.115,13
1315,73.997,55.835,7.606,0.633,0.5738,0.5197,-0.3722,0.7736,-0.5128,-0.6975,0.1314,0.7044,25.5,0.0582,0.391,0.353,0.2505,269.3,365.9,279.5,385.5,259.3,346.7,1123,0.324,13
1316,75.231,56.951,8.623,0.6326,0.5713,0.5229,-0.3738,0.7694,-0.5179,-0.6999,0.1325,0.7019,25.5,0.0677,0.208,0.389,0.11989,270.6,364.8,280.8,384.2,260.5,345.6,1125,0.097,13
1317,76.466,58.064,9.643,0.634,0.5704,0.5223,-0.3759,0.7648,-0.5231,-0.6998,0.1357,0.7013,25.5,0.0753,0.187,0.416,0.05195,271.9,363.6,282.2,382.9,261.7,344.6,1127,0.085,13
1318,77.705,59.176,10.657,0.6371,0.571,0.5177,-0.3784,0.7601,-0.5283,-0.6974,0.1412,0.7026,25.5,0.0806,0.352,0.426,0.16392,273.2,362.5,283.5,381.7,262.9,343.6,1129,0.115,13
1319,78.952,60.292,11.659,0.6422,0.5731,0.509,-0.381,0.7553,-0.5333,-0.6925,0.1491,0.7058,25.5,0.0833,0.563,0.424,0.30268,274.5,361.3,284.9,380.4,264.2,342.5,1131,0.09,13
1320,80.21,61.412,12.64,0.6481,0.5747,0.4997,-0.3837,0.7505,-0.5381,-0.6869,0.1576,0.7095,25.5,0.0863,0.621,0.419,0.32707,275.8,360.2,286.3,379.1,265.4,341.5,1133,0.031,13
1321,81.476,62.528,13.618,0.65,0.5703,0.5022,-0.3863,0.7459,-0.5426,-0.6874,0.1594,0.7086,25.5,0.0982,0.119,0.398,0.15884,277.1,359.0,287.7,377.8,266.6,340.5,1135,0.079,13
1322,82.745,63.638,14.597,0.6523,0.5682,0.5016,-0.389,0.7415,-0.5467,-0.6865,0.1625,0.7088,25.5,0.1066,0.185,0.378,0.09321,278.4,357.8,289.2,376.5,267.9,339.4,1137,0.264,13
1323,84.02,64.745,15.571,0.6551,0.5685,0.4976,-0.3916,0.7373,-0.5505,-0.6841,0.1668,0.71,25.5,0.1113,0.29,0.357,0.14375,279.8,356.7,290.6,375.3,269.1,338.4,1138,0.569,13
1324,85.3,65.856,16.535,0.6582,0.5713,0.4904,-0.394,0.7334,-0.5539,-0.6804,0.1725,0.7123,25.5,0.112,0.411,0.327,0.24458,281.1,355.5,292.0,374.0,270.4,337.3,1140,0.106,13
1325,86.587,66.975,17.481,0.6616,0.5764,0.4797,-0.3963,0.7298,-0.5571,-0.6752,0.1795,0.7155,25.5,0.1088,0.532,0.306,0.36234,282.4,354.4,293.4,372.8,271.6,336.3,1141,0.703,14
1326,87.88,68.105,18.404,0.6652,0.5838,0.4655,-0.3985,0.7264,-0.5599,-0.6685,0.1879,0.7195,25.5,0.1016,0.657,0.282,0.48227,283.8,353.2,294.9,371.5,272.9,335.2,1143,0.254,14
1327,89.181,69.253,19.294,0.6688,0.5935,0.4478,-0.4004,0.7234,-0.5625,-0.6604,0.1977,0.7244,25.5,0.0903,0.781,0.252,0.60247,285.1,352.0,296.3,370.2,274.2,334.1,1144,0.106,14
1328,90.486,70.421,20.151,0.6692,0.604,0.4329,-0.4022,0.7207,-0.5647,-0.6551,0.2044,0.7274,25.5,0.0783,0.519,0.225,0.53574,286.5,350.8,297.7,368.9,275.5,332.9,1145,0.36,14
1329,91.791,71.607,20.984,0.6692,0.6123,0.4212,-0.4037,0.7183,-0.5667,-0.651,0.2097,0.7295,25.5,0.069,0.402,0.199,0.42152,287.9,349.5,299.1,367.6,276.8,331.7,1146,0.504,14
1330,93.097,72.807,21.794,0.6711,0.6183,0.4091,-0.405,0.7162,-0.5683,-0.6457,0.2161,0.7324,25.5,0.0615,0.504,0.169,0.40073,289.2,348.3,300.6,366.3,278.1,330.6,1147,0.529,14
1331,94.409,74.017,22.579,0.6749,0.6223,0.3966,-0.4062,0.7144,-0.5698,-0.6389,0.2238,0.736,25.5,0.0556,0.624,0.151,0.40147,290.6,347.0,302.0,365.0,279.4,329.4,1148,0.429,14
1332,95.73,75.232,23.34,0.6808,0.6242,0.3833,-0.4072,0.7128,-0.5711,-0.6305,0.233,0.7404,25.5,0.0512,0.757,0.131,0.43114,292.0,345.8,303.4,363.7,280.8,328.1,1149,0.196,14
1333,97.065,76.45,24.073,0.6889,0.624,0.3688,-0.4081,0.7113,-0.5723,-0.6202,0.244,0.7455,25.5,0.0484,0.912,0.122,0.48812,293.4,344.5,304.8,362.4,282.1,326.9,1150,0.178,14
1334,98.418,77.664,24.777,0.6996,0.6214,0.3527,-0.4089,0.71,-0.5733,-0.6074,0.2571,0.7517,25.5,0.0471,1.108,0.105,0.57313,294.8,343.3,306.3,361.1,283.5,325.7,1151,0.676,14
1335,99.795,78.871,25.447,0.7118,0.6175,0.3348,-0.4096,0.7089,-0.5742,-0.5925,0.2719,0.7583,25.5,0.046,1.261,0.091,0.64683,296.2,342.0,307.8,359.8,284.9,324.5,1151,1.274,14
1336,101.189,80.077,26.084,0.7182,0.619,0.3177,-0.4103,0.7077,-0.5751,-0.5813,0.2829,0.7629,25.5,0.0393,0.937,0.095,0.53833,297.7,340.7,309.2,358.5,286.3,323.2,1152,0.67,14
1337,102.597,81.284,26.686,0.7261,0.6188,0.2997,-0.411,0.7067,-0.5759,-0.5685,0.2952,0.7679,25.5,0.0337,1.057,0.084,0.57768,299.1,339.5,310.7,357.2,287.7,322.0,1153,0.034,14
1338,104.022,82.489,27.252,0.7358,0.6164,0.2804,-0.4116,0.7057,-0.5766,-0.5536,0.309,0.7733,25.5,0.0295,1.204,0.078,0.63869,300.6,338.2,312.3,356.0,289.2,320.8,1154,0.779,14
1339,105.468,83.687,27.778,0.7474,0.6117,0.2593,-0.4121,0.7049,-0.5773,-0.5361,0.3247,0.7792,25.5,0.0265,1.389,0.067,0.72089,302.1,337.0,313.8,354.7,290.7,319.6,1154,1.172,14
1340,106.938,84.873,28.261,0.7612,0.6041,0.2358,-0.4127,0.704,-0.578,-0.5153,0.3428,0.7855,25.5,0.0252,1.621,0.074,0.8314,303.6,335.8,315.3,353.4,292.1,318.4,1155,0.362,14
1341,108.438,86.04,28.696,0.7774,0.5932,0.2091,-0.4131,0.7033,-0.5786,-0.4904,0.3635,0.792,25.5,0.0249,1.892,0.058,0.97197,305.2,334.6,316.9,352.2,293.7,317.2,1156,0.483,14
1342,109.967,87.189,29.076,0.7907,0.5849,0.1805,-0.4135,0.7026,-0.5791,-0.4657,0.3833,0.7976,25.5,0.0205,1.842,0.054,0.95854,306.8,333.4,318.5,351.0,295.2,316.1,1157,1.351,14
1343,111.522,88.32,29.398,0.805,0.5742,0.1494,-0.4139,0.702,-0.5796,-0.4377,0.4048,0.8028,25.5,0.0167,2.045,0.05,1.05399,308.4,332.2,320.1,349.8,296.8,314.9,1157,0.599,14
1344,113.106,89.427,29.658,0.8194,0.5612,0.1169,-0.4142,0.7014,-0.5801,-0.4076,0.4269,0.8072,25.5,0.0136,2.155,0.048,1.11233,310.0,331.1,321.8,348.6,298.4,313.8,1158,0.282,14
1345,114.717,90.507,29.854,0.8332,0.5464,0.085,-0.4144,0.7009,-0.5805,-0.3767,0.4485,0.8105,25.5,0.0116,2.169,0.038,1.11029,311.7,330.0,323.5,347.5,300.0,312.7,1159,1.167,14
1346,116.354,91.557,29.99,0.8458,0.5309,0.0528,-0.4146,0.7005,-0.5809,-0.3454,0.4694,0.8126,25.5,0.0094,2.16,0.034,1.11352,313.3,328.9,325.2,346.4,301.7,311.6,1159,0.783,14
1347,118.015,92.577,30.059,0.8569,0.5151,0.0191,-0.4148,0.7001,-0.5813,-0.3128,0.4902,0.8136,25.5,0.0059,2.217,0.034,1.14143,315.0,327.9,326.9,345.4,303.4,310.6,1160,0.103,14
1348,119.696,93.565,30.065,0.867,0.4981,-0.013,-0.4149,0.6997,-0.5816,-0.2806,0.5097,0.8133,25.5,0.0036,2.157,0.029,1.10796,316.7,326.8,328.6,344.3,305.0,309.6,1161,0.982,14
1349,121.395,94.518,30.01,0.8763,0.4798,-0.0439,-0.4149,0.6994,-0.5819,-0.2485,0.5282,0.812,25.5,0.0025,2.124,0.024,1.09022,318.5,325.9,330.3,343.4,306.8,308.7,1161,0.968,14
1350,123.112,95.435,29.895,0.8848,0.46,-0.0738,-0.4149,0.6991,-0.5823,-0.2162,0.5459,0.8095,25.5,0.0025,2.115,0.029,1.08307,320.2,325.0,332.1,342.4,308.5,307.8,1162,0.101,14
1351,124.844,96.313,29.719,0.8916,0.4402,-0.106,-0.4149,0.6989,-0.5826,-0.1824,0.5634,0.8058,25.5,0.0005,2.191,0.021,1.12879,321.9,324.1,333.9,341.5,310.2,306.9,1163,0.749,14
1352,126.589,97.151,29.482,0.8973,0.4194,-0.1374,-0.4147,0.6987,-0.5829,-0.1485,0.5801,0.8009,25.5,0.001,2.183,0.023,1.11947,323.7,323.2,335.6,340.7,312.0,306.1,1163,1.201,14
1353,128.344,97.947,29.184,0.9023,0.3969,-0.1684,-0.4145,0.6985,-0.5833,-0.1138,0.5961,0.7948,25.5,0.0015,2.217,0.028,1.13524,325.5,322.4,337.4,339.9,313.7,305.3,1164,0.375,14
1354,130.107,98.697,28.825,0.9065,0.3718,-0.2,-0.4143,0.6984,-0.5836,-0.0773,0.6119,0.7872,25.5,0.0008,2.32,0.021,1.19233,327.2,321.7,339.2,339.1,315.5,304.6,1165,0.422,14
1355,131.878,99.396,28.403,0.9093,0.3449,-0.2329,-0.414,0.6983,-0.5839,-0.0387,0.6274,0.7778,25.5,0.0004,2.443,0.025,1.25172,329.0,321.0,340.9,338.4,317.2,303.9,1166,1.187,14
1356,133.652,100.042,27.916,0.9102,0.3173,-0.2663,-0.4136,0.6983,-0.5843,0.0006,0.6419,0.7668,25.5,0.0007,2.482,0.032,1.27361,330.8,320.4,342.7,337.8,319.0,303.3,1166,0.764,14
1357,135.426,100.632,27.365,0.9095,0.2885,-0.2992,-0.4132,0.6982,-0.5846,0.0403,0.6553,0.7543,25.5,0.0005,2.505,0.029,1.28524,332.5,319.8,344.5,337.2,320.8,302.7,1167,0.035,14
1358,137.198,101.166,26.75,0.9073,0.259,-0.3313,-0.4127,0.6982,-0.5849,0.0798,0.6674,0.7404,25.5,0.0002,2.498,0.033,1.28288,334.3,319.3,346.2,336.7,322.5,302.2,1168,0.664,14
1359,138.963,101.642,26.073,0.9033,0.2288,-0.363,-0.4123,0.6982,-0.5853,0.1196,0.6783,0.725,25.5,0.0002,2.524,0.032,1.29205,336.0,318.9,348.0,336.2,324.3,301.8,1168,1.286,14
1360,140.719,102.058,25.335,0.8975,0.1984,-0.3939,-0.4117,0.6982,-0.5856,0.1588,0.6878,0.7083,25.5,0.0003,2.501,0.038,1.28526,337.7,318.5,349.7,335.8,326.0,301.4,1169,0.619,14
1361,142.462,102.416,24.538,0.8901,0.168,-0.4237,-0.4112,0.6982,-0.586,0.1974,0.6958,0.6906,25.5,0.0004,2.476,0.037,1.26983,339.4,318.2,351.4,335.5,327.7,301.1,1170,0.021,14
1362,144.189,102.714,23.683,0.8809,0.1373,-0.4529,-0.4107,0.6982,-0.5863,0.2357,0.7025,0.6715,25.5,0.0004,2.482,0.033,1.27416,341.1,317.9,353.1,335.2,329.4,300.9,1171,0.633,14
1363,145.896,102.95,22.772,0.87,0.1058,-0.4816,-0.4101,0.6983,-0.5867,0.2742,0.7079,0.6509,25.5,0.0004,2.521,0.042,1.29275,342.8,317.7,354.7,335.0,331.0,300.7,1172,1.218,14
1364,147.581,103.126,21.806,0.8576,0.0745,-0.5089,-0.4096,0.6983,-0.5871,0.3116,0.7119,0.6293,25.5,0.0005,2.485,0.037,1.27384,344.4,317.6,356.3,334.9,332.7,300.6,1172,0.732,14
1365,149.24,103.241,20.788,0.8436,0.0433,-0.5353,-0.4091,0.6983,-0.5874,0.3483,0.7145,0.6068,25.5,0.0004,2.471,0.033,1.2696,346.0,317.6,357.9,334.8,334.3,300.6,1173,0.175,14
1366,150.87,103.295,19.719,0.8278,0.0117,-0.5609,-0.4086,0.6982,-0.5878,0.3847,0.7158,0.5828,25.5,0.0004,2.499,0.037,1.2822,347.5,317.6,359.5,334.8,335.8,300.6,1174,0.356,14
1367,152.466,103.286,18.601,0.8101,-0.0205,-0.586,-0.4081,0.6982,-0.5882,0.4212,0.7156,0.5572,25.5,0.0002,2.555,0.037,1.30781,349.1,317.6,361.0,334.9,337.3,300.7,1175,0.859,14
1368,154.028,103.216,17.435,0.7911,-0.0522,-0.6095,-0.4077,0.6982,-0.5885,0.4562,0.7141,0.531,25.5,0.0003,2.507,0.029,1.28703,350.5,317.8,362.4,335.0,338.8,300.8,1175,1.092,14
1369,155.551,103.083,16.225,0.7709,-0.0833,-0.6315,-0.4073,0.6981,-0.5889,0.4899,0.7112,0.5042,25.5,0.0002,2.473,0.033,1.26721,352.0,318.0,363.9,335.2,340.3,301.0,1176,0.616,14
1370,157.033,102.891,14.973,0.7492,-0.1143,-0.6524,-0.4069,0.698,-0.5892,0.5227,0.7069,0.4764,25.5,0.0002,2.476,0.029,1.2704,353.4,318.2,365.2,335.5,341.7,301.3,1177,0.166,14
1371,158.471,102.637,13.681,0.7259,-0.1453,-0.6722,-0.4066,0.6979,-0.5896,0.5548,0.7013,0.4475,25.5,0.0002,2.496,0.029,1.27976,354.7,318.6,366.6,335.8,343.0,301.7,1178,0.26,14
1372,159.864,102.325,12.352,0.7018,-0.1755,-0.6904,-0.4063,0.6978,-0.59,0.5853,0.6945,0.4184,25.5,0.0003,2.447,0.029,1.25521,356.0,319.0,367.9,336.2,344.3,302.1,1179,0.66,14
1373,161.208,101.953,10.99,0.6764,-0.2052,-0.7073,-0.406,0.6976,-0.5903,0.6146,0.6865,0.3886,25.5,0.0002,2.438,0.026,1.25127,357.2,319.4,369.1,336.6,345.5,302.5,1180,1.035,14
1374,162.5,101.524,9.595,0.6493,-0.2351,-0.7233,-0.4058,0.6974,-0.5907,0.6433,0.6771,0.3574,25.5,0.0002,2.488,0.028,1.27579,358.4,319.9,370.3,337.1,346.7,303.1,1180,0.915,14
1375,163.738,101.036,8.169,0.6202,-0.2652,-0.7382,-0.4056,0.6972,-0.5911,0.6714,0.6661,0.3249,25.5,0.0001,2.541,0.028,1.30609,359.5,320.5,371.4,337.7,347.8,303.6,1181,0.566,14
1376,164.919,100.491,6.717,0.5904,-0.2944,-0.7515,-0.4054,0.6969,-0.5916,0.6979,0.6539,0.2921,25.5,0.0001,2.515,0.035,1.28694,360.5,321.1,372.4,338.3,348.9,304.3,1182,0.243,14
1377,166.04,99.889,5.24,0.5597,-0.323,-0.7632,-0.4053,0.6966,-0.5921,0.7229,0.6406,0.2589,25.5,0.0,2.5,0.034,1.28011,361.5,321.8,373.4,338.9,349.9,305.0,1183,0.052,14
1378,167.1,99.231,3.742,0.5277,-0.3514,-0.7733,-0.4051,0.6962,-0.5926,0.7466,0.626,0.2251,25.5,0.0002,2.509,0.038,1.29201,362.4,322.6,374.3,339.7,350.8,305.8,1184,0.318,14
1379,168.097,98.519,2.225,0.494,-0.3793,-0.7824,-0.405,0.6957,-0.5933,0.7693,0.6099,0.19,25.5,0.0002,2.567,0.05,1.31327,363.3,323.4,375.2,340.4,351.6,306.6,1185,0.555,14
1380,169.027,97.753,0.692,0.4605,-0.4058,-0.7895,-0.4049,0.6951,-0.594,0.7898,0.5932,0.1558,25.5,0.0004,2.477,0.053,1.27252,364.1,324.2,375.9,341.3,352.4,307.4,1186,0.763,14
1381,169.893,96.937,-0.853,0.4271,-0.4312,-0.7947,-0.4048,0.6945,-0.5948,0.8084,0.5758,0.1221,25.5,0.0003,2.421,0.058,1.24264,364.8,325.1,376.7,342.1,353.2,308.4,1187,0.94,14
1382,170.692,96.072,-2.406,0.3932,-0.4563,-0.7983,-0.4048,0.6937,-0.5958,0.8256,0.5573,0.0881,25.5,0.0001,2.427,0.073,1.24411,365.5,326.1,377.3,343.1,353.8,309.3,1187,1.011,14
1383,171.424,95.158,-3.965,0.3572,-0.481,-0.8007,-0.4047,0.6928,-0.5968,0.8418,0.5372,0.0528,25.5,0.0001,2.506,0.077,1.28503,366.0,327.1,377.9,344.0,354.4,310.4,1188,0.866,14
1384,172.086,94.197,-5.528,0.321,-0.5046,-0.8015,-0.4047,0.6918,-0.598,0.8562,0.5163,0.0179,25.5,0.0003,2.473,0.089,1.27013,366.6,328.1,378.4,345.0,354.9,311.4,1189,0.758,14
1385,172.676,93.19,-7.09,0.2847,-0.5275,-0.8005,-0.4047,0.6907,-0.5992,0.869,0.4946,-0.0168,25.5,0.0001,2.457,0.093,1.26162,367.0,329.2,378.8,346.1,355.4,312.6,1190,0.687,14
1386,173.196,92.14,-8.648,0.2479,-0.5499,-0.7976,-0.4048,0.6895,-0.6006,0.8802,0.4718,-0.0517,25.5,0.0005,2.473,0.106,1.26892,367.4,330.3,379.2,347.2,355.7,313.7,1191,0.656,14
1387,173.641,91.046,-10.199,0.2088,-0.5718,-0.7934,-0.405,0.6881,-0.6021,0.8902,0.447,-0.0879,25.5,0.0003,2.579,0.118,1.32288,367.7,331.5,379.5,348.3,356.0,314.9,1192,0.668,14
1388,174.011,89.911,-11.741,0.1707,-0.5921,-0.7876,-0.4052,0.6865,-0.6038,0.8982,0.4222,-0.1227,25.5,0.0001,2.491,0.134,1.28014,367.9,332.7,379.7,349.4,356.2,316.2,1193,0.722,14
1389,174.307,88.738,-13.27,0.1336,-0.6111,-0.7802,-0.4055,0.6848,-0.6055,0.9043,0.3972,-0.1564,25.5,0.0002,2.43,0.139,1.24408,368.0,333.9,379.9,350.6,356.4,317.5,1194,0.82,14
1390,174.532,87.528,-14.782,0.097,-0.6293,-0.7711,-0.4059,0.6828,-0.6075,0.9088,0.3719,-0.1892,25.5,0.0006,2.388,0.164,1.23068,368.1,335.2,380.0,351.9,356.5,318.8,1196,0.801,14
1391,174.683,86.285,-16.276,0.058,-0.6462,-0.761,-0.4064,0.6807,-0.6096,0.9119,0.3446,-0.2232,25.5,0.0005,2.505,0.173,1.28394,368.1,336.5,380.0,353.1,356.5,320.2,1197,0.565,14
1392,174.759,85.009,-17.749,0.0204,-0.6621,-0.7491,-0.407,0.6782,-0.6119,0.9132,0.3174,-0.2556,25.5,0.001,2.425,0.198,1.24968,368.1,337.8,379.9,354.4,356.4,321.6,1198,0.278,14
1393,174.763,83.703,-19.196,-0.0164,-0.6776,-0.7353,-0.4078,0.6754,-0.6145,0.9129,0.2898,-0.2874,25.5,0.0009,2.413,0.224,1.24157,367.9,339.2,379.8,355.6,356.2,323.0,1199,0.063,14
1394,174.695,82.367,-20.614,-0.0541,-0.6926,-0.7193,-0.4088,0.6721,-0.6174,0.911,0.2606,-0.3195,25.5,0.0007,2.489,0.258,1.28183,367.7,340.6,379.6,356.9,356.0,324.5,1200,0.46,14
1395,174.55,81.004,-22.001,-0.0943,-0.7056,-0.7023,-0.41,0.6683,-0.6207,0.9073,0.2295,-0.3523,25.5,0.003,2.599,0.296,1.33842,367.4,342.0,379.4,358.3,355.7,326.0,1202,0.53,14
1396,174.329,79.615,-23.352,-0.1317,-0.7185,-0.6829,-0.4114,0.6642,-0.6242,0.9021,0.1988,-0.3831,25.5,0.0032,2.51,0.319,1.295,367.1,343.4,379.1,359.6,355.3,327.5,1203,0.033,14
1397,174.038,78.202,-24.663,-0.1658,-0.7314,-0.6615,-0.413,0.6598,-0.6278,0.8956,0.1691,-0.4115,25.5,0.0012,2.384,0.338,1.24241,366.7,344.9,378.7,360.9,354.9,329.1,1205,0.627,14
1398,173.684,76.763,-25.93,-0.1968,-0.7446,-0.6379,-0.4146,0.6553,-0.6314,0.8881,0.1402,-0.4377,25.5,0.0036,2.276,0.343,1.20896,366.2,346.3,378.3,362.3,354.4,330.7,1206,0.103,14
1399,173.269,75.3,-27.151,-0.2296,-0.7548,-0.6145,-0.4163,0.6509,-0.6348,0.8792,0.1101,-0.4637,25.5,0.0056,2.335,0.333,1.22139,365.7,347.8,377.8,363.7,353.8,332.3,1208,0.216,14
1400,172.788,73.822,-28.327,-0.2649,-0.7609,-0.5924,-0.418,0.6469,-0.6378,0.8685,0.0786,-0.4894,25.5,0.0037,2.409,0.303,1.23695,365.1,349.3,377.2,365.1,353.2,333.9,1210,0.308,14
1401,172.235,72.336,-29.462,-0.3026,-0.7628,-0.5715,-0.4196,0.6435,-0.6402,0.8561,0.0461,-0.5148,25.5,0.002,2.468,0.255,1.26803,364.5,350.8,376.6,366.5,352.5,335.5,1212,0.189,14
1402,171.61,70.845,-30.552,-0.3372,-0.7671,-0.5458,-0.4211,0.6409,-0.6418,0.8421,0.0134,-0.5392,25.5,0.0007,2.472,0.195,1.27295,363.7,352.3,375.9,367.9,351.8,337.0,1214,0.124,14
1403,170.92,69.348,-31.592,-0.371,-0.7676,-0.5226,-0.4225,0.6392,-0.6426,0.8273,-0.0176,-0.5615,25.5,0.0019,2.347,0.134,1.20494,363.0,353.8,375.2,369.4,351.0,338.6,1217,0.047,14
1404,170.165,67.854,-32.593,-0.4022,-0.7636,-0.5051,-0.4237,0.6382,-0.6428,0.8132,-0.0445,-0.5802,25.5,0.0078,2.044,0.09,1.05791,362.1,355.4,374.4,370.9,350.1,340.1,1220,0.109,14
1405,169.354,66.372,-33.566,-0.429,-0.7563,-0.4939,-0.4245,0.6379,-0.6425,0.8011,-0.066,-0.5948,25.5,0.017,1.643,0.052,0.88011,361.3,356.8,373.5,372.4,349.2,341.6,1224,0.037,14
1406,168.491,64.897,-34.506,-0.4562,-0.7566,-0.4684,-0.4249,0.6382,-0.642,0.7847,-0.0938,-0.6127,25.5,0.0117,2.115,0.04,1.09566,360.3,358.3,372.5,373.9,348.3,343.1,1228,0.181,14
1407,167.578,63.425,-35.401,-0.479,-0.7527,-0.4517,-0.4251,0.6389,-0.6412,0.7712,-0.1152,-0.626,25.5,0.0124,1.638,0.062,0.8385,359.3,359.8,371.5,375.4,347.4,344.5,1231,0.175,15
1408,166.627,61.965,-36.275,-0.4965,-0.7441,-0.4471,-0.4249,0.6399,-0.6402,0.7627,-0.1279,-0.634,25.5,0.021,0.988,0.082,0.58872,358.3,361.3,370.5,376.9,346.4,345.9,1233,0.18,15
1409,165.646,60.526,-37.151,-0.5088,-0.7324,-0.4525,-0.4247,0.6411,-0.6392,0.7588,-0.1331,-0.6376,25.5,0.0358,0.426,0.09,0.52353,357.3,362.7,369.5,378.3,345.3,347.3,1235,0.072,15
1410,164.646,59.111,-38.044,-0.5166,-0.719,-0.465,-0.4245,0.6422,-0.6383,0.7586,-0.1326,-0.6379,25.5,0.0544,0.035,0.082,0.58526,356.2,364.1,368.4,379.8,344.3,348.7,1237,0.709,15
1411,163.633,57.723,-38.966,-0.5226,-0.7038,-0.4812,-0.4244,0.6431,-0.6374,0.7603,-0.1293,-0.6366,25.5,0.0759,0.225,0.073,0.67619,355.2,365.5,367.3,381.2,343.3,350.1,1238,0.423,15
1412,162.608,56.365,-39.916,-0.5291,-0.6913,-0.4921,-0.4245,0.6438,-0.6367,0.7602,-0.1286,-0.6368,25.5,0.0929,0.042,0.057,0.52375,354.1,366.9,366.2,382.6,342.2,351.4,1239,0.381,15
1413,161.57,55.025,-40.882,-0.5346,-0.6828,-0.498,-0.4247,0.6442,-0.6361,0.7593,-0.1293,-0.6378,25.5,0.104,0.087,0.043,0.34412,353.0,368.2,365.1,383.9,341.1,352.7,1240,0.605,15
1414,160.523,53.7,-41.856,-0.5397,-0.6768,-0.5007,-0.4251,0.6444,-0.6357,0.7576,-0.131,-0.6395,25.5,0.1116,0.169,0.034,0.24465,351.9,369.5,364.0,385.3,340.0,354.1,1241,1.118,15
1415,159.466,52.384,-42.833,-0.5446,-0.6727,-0.5008,-0.4256,0.6444,-0.6353,0.7552,-0.1338,-0.6417,25.5,0.1165,0.246,0.037,0.18768,350.8,370.8,362.8,386.6,338.9,355.4,1241,0.833,15
1416,158.398,51.074,-43.808,-0.5498,-0.6701,-0.4987,-0.4262,0.6442,-0.6351,0.7522,-0.1376,-0.6444,25.5,0.1194,0.318,0.038,0.1816,349.6,372.1,361.7,387.9,337.8,356.7,1242,0.054,15
1417,157.321,49.769,-44.777,-0.5554,-0.6687,-0.4943,-0.427,0.6439,-0.6349,0.7483,-0.1426,-0.6479,25.5,0.1204,0.415,0.05,0.21322,348.5,373.4,360.6,389.2,336.6,358.0,1243,0.958,15
1418,156.232,48.465,-45.735,-0.5616,-0.6686,-0.4874,-0.4278,0.6435,-0.6347,0.7433,-0.1491,-0.6521,25.5,0.1194,0.528,0.052,0.27251,347.4,374.7,359.4,390.5,335.5,359.3,1243,0.993,15
1419,155.13,47.161,-46.676,-0.5689,-0.6698,-0.4772,-0.4287,0.643,-0.6347,0.7369,-0.1576,-0.6574,25.5,0.1161,0.681,0.059,0.3704,346.2,376.0,358.3,391.7,334.3,360.6,1244,0.216,15
1420,154.011,45.851,-47.593,-0.5779,-0.6725,-0.4623,-0.4296,0.6424,-0.6346,0.7282,-0.1691,-0.6642,25.5,0.1096,0.913,0.062,0.51712,345.0,377.3,357.1,393.0,333.2,361.9,1245,1.585,15
1421,152.875,44.538,-48.476,-0.5877,-0.6743,-0.4471,-0.4306,0.6418,-0.6346,0.7188,-0.1814,-0.6712,25.5,0.104,0.973,0.067,0.5346,343.9,378.6,356.0,394.3,332.0,363.2,1245,0.363,15
1422,151.721,43.225,-49.341,-0.5963,-0.6719,-0.4393,-0.4316,0.6412,-0.6345,0.712,-0.1898,-0.6761,25.5,0.1053,0.68,0.067,0.34834,342.7,379.9,354.8,395.6,330.8,364.5,1246,1.137,15
1423,150.549,41.917,-50.188,-0.6055,-0.6702,-0.4292,-0.4326,0.6406,-0.6345,0.704,-0.1996,-0.6815,25.5,0.1049,0.788,0.067,0.40457,341.5,381.2,353.6,396.9,329.6,365.8,1246,0.813,15
1424,149.36,40.612,-51.013,-0.6152,-0.6691,-0.4168,-0.4337,0.6399,-0.6344,0.6949,-0.2107,-0.6875,25.5,0.1031,0.891,0.075,0.46382,340.2,382.5,352.4,398.2,328.3,367.1,1247,0.785,15
1425,148.15,39.307,-51.812,-0.6254,-0.6689,-0.4019,-0.4348,0.6391,-0.6344,0.6846,-0.2231,-0.694,25.5,0.0994,0.996,0.078,0.53062,339.0,383.8,351.1,399.4,327.1,368.4,1247,1.166,15
1426,146.921,38.002,-52.579,-0.6356,-0.6694,-0.3845,-0.436,0.6384,-0.6344,0.6731,-0.2366,-0.7007,25.5,0.0937,1.086,0.079,0.59288,337.7,385.1,349.9,400.7,325.8,369.7,1248,0.501,15
1427,145.672,36.696,-53.31,-0.6457,-0.6708,-0.3648,-0.4372,0.6375,-0.6344,0.6605,-0.2511,-0.7076,25.5,0.0861,1.169,0.086,0.65189,336.5,386.4,348.6,402.0,324.5,371.0,1248,1.45,15
1428,144.403,35.386,-54.0,-0.6561,-0.6719,-0.3436,-0.4385,0.6366,-0.6344,0.647,-0.2663,-0.7145,25.5,0.0779,1.23,0.091,0.6946,335.2,387.6,347.4,403.2,323.2,372.3,1249,0.258,15
1429,143.112,34.078,-54.651,-0.6681,-0.6699,-0.3238,-0.4398,0.6357,-0.6344,0.6325,-0.2822,-0.7213,25.5,0.0734,1.293,0.091,0.6829,333.9,388.9,346.1,404.5,321.9,373.6,1249,1.692,15
1430,141.798,32.773,-55.262,-0.679,-0.6687,-0.3031,-0.4413,0.6346,-0.6344,0.618,-0.2977,-0.7276,25.5,0.0676,1.269,0.107,0.68838,332.6,390.2,344.8,405.8,320.6,374.9,1250,0.04,15
1431,140.465,31.47,-55.833,-0.6884,-0.6683,-0.2818,-0.4427,0.6336,-0.6345,0.6037,-0.3126,-0.7334,25.5,0.0601,1.229,0.099,0.68425,331.2,391.5,343.5,407.0,319.2,376.2,1251,1.785,15
1432,139.114,30.166,-56.361,-0.6963,-0.6689,-0.2601,-0.4443,0.6324,-0.6346,0.5897,-0.3267,-0.7385,25.5,0.0514,1.175,0.115,0.6789,329.9,392.7,342.2,408.3,317.8,377.5,1251,0.164,15
1433,137.75,28.861,-56.847,-0.7025,-0.6706,-0.2383,-0.4458,0.6313,-0.6346,0.5765,-0.3398,-0.7431,25.5,0.041,1.098,0.107,0.66791,328.5,394.0,340.8,409.5,316.5,378.8,1252,1.584,15
1434,136.376,27.551,-57.291,-0.7071,-0.6731,-0.2168,-0.4475,0.6301,-0.6347,0.564,-0.3519,-0.747,25.5,0.0299,1.022,0.119,0.65026,327.2,395.3,339.5,410.8,315.1,380.1,1252,0.366,15
1435,134.989,26.24,-57.692,-0.7151,-0.6714,-0.1945,-0.4491,0.6288,-0.6347,0.5486,-0.3666,-0.7514,25.5,0.0224,1.246,0.118,0.69796,325.8,396.6,338.1,412.0,313.7,381.4,1253,1.375,15
1436,133.588,24.932,-58.049,-0.7215,-0.6707,-0.1721,-0.4508,0.6275,-0.6348,0.5338,-0.3804,-0.7552,25.5,0.0136,1.18,0.123,0.68488,324.4,397.8,336.8,413.3,312.3,382.7,1253,0.576,15
1437,132.176,23.624,-58.363,-0.7264,-0.6709,-0.1493,-0.4526,0.6263,-0.6348,0.5194,-0.3935,-0.7585,25.5,0.0034,1.131,0.124,0.68526,323.0,399.1,335.4,414.5,310.8,384.0,1254,1.147,15
1438,130.757,22.315,-58.631,-0.7298,-0.672,-0.1257,-0.4544,0.6249,-0.6348,0.5052,-0.4062,-0.7615,25.5,0.0085,1.105,0.131,0.7014,321.6,400.4,334.1,415.8,309.4,385.3,1254,0.804,15
1439,129.332,21.002,-58.852,-0.7316,-0.6742,-0.101,-0.4563,0.6236,-0.6348,0.4911,-0.4185,-0.764,25.5,0.0225,1.082,0.132,0.73059,320.2,401.7,332.7,417.0,308.0,386.6,1255,0.891,15
1440,127.904,19.685,-59.024,-0.7326,-0.6765,-0.0751,-0.4582,0.6222,-0.6348,0.4765,-0.431,-0.7663,25.5,0.0376,1.109,0.135,0.76465,318.8,402.9,331.3,418.3,306.6,387.9,1255,1.06,15
1441,126.473,18.367,-59.144,-0.7357,-0.6755,-0.0484,-0.4601,0.6208,-0.6347,0.4594,-0.4453,-0.7685,25.5,0.0501,1.283,0.135,0.79048,317.4,404.2,330.0,419.5,305.1,389.2,1256,0.598,15
1442,125.036,17.05,-59.212,-0.7372,-0.6754,-0.0205,-0.4621,0.6194,-0.6347,0.4423,-0.4594,-0.7703,25.5,0.0647,1.274,0.14,0.82114,316.1,405.5,328.6,420.8,303.7,390.5,1256,1.352,15
1443,123.599,15.733,-59.225,-0.7368,-0.6761,0.0072,-0.4641,0.618,-0.6346,0.426,-0.4724,-0.7716,25.5,0.0805,1.197,0.14,0.81438,314.7,406.8,327.3,422.0,302.3,391.8,1257,0.262,15
1444,122.164,14.413,-59.185,-0.7346,-0.6777,0.0334,-0.4662,0.6165,-0.6345,0.4113,-0.4839,-0.7724,25.5,0.0965,1.07,0.148,0.77406,313.3,408.0,325.9,423.3,300.8,393.1,1257,1.689,15
1445,120.736,13.09,-59.096,-0.731,-0.68,0.0569,-0.4683,0.6151,-0.6344,0.3989,-0.4934,-0.7729,25.5,0.112,0.896,0.145,0.70193,311.9,409.3,324.6,424.5,299.4,394.4,1258,0.123,15
1446,119.311,11.765,-58.958,-0.7304,-0.6776,0.0862,-0.4704,0.6136,-0.6342,0.3799,-0.5079,-0.7731,25.5,0.1269,1.37,0.148,0.86396,310.5,410.6,323.3,425.8,298.0,395.7,1259,1.398,15
1447,117.888,10.446,-58.763,-0.7285,-0.6758,0.112,-0.4726,0.6121,-0.634,0.3635,-0.52,-0.773,25.5,0.1404,1.168,0.153,0.76204,309.2,411.9,321.9,427.0,296.6,397.0,1259,0.552,15
1448,116.471,9.128,-58.525,-0.7249,-0.6761,0.1319,-0.4747,0.6106,-0.6338,0.3522,-0.5282,-0.7726,25.5,0.1523,0.8,0.148,0.59432,307.8,413.2,320.6,428.3,295.2,398.3,1260,0.923,15
1449,115.062,7.808,-58.253,-0.7198,-0.6786,0.146,-0.4769,0.6091,-0.6336,0.3457,-0.5328,-0.7724,25.5,0.1626,0.456,0.153,0.44675,306.5,414.4,319.3,429.5,293.8,399.6,1260,1.028,15
1450,113.665,6.481,-57.959,-0.7138,-0.683,0.1548,-0.4792,0.6076,-0.6334,0.3436,-0.5342,-0.7724,25.5,0.171,0.145,0.158,0.33867,305.1,415.7,318.0,430.8,292.4,400.9,1261,0.399,15
1451,112.279,5.143,-57.652,-0.7071,-0.689,0.1589,-0.4814,0.6061,-0.6331,0.3454,-0.5327,-0.7726,25.5,0.1778,0.135,0.154,0.29041,303.8,417.0,316.7,432.1,291.1,402.2,1261,1.554,15
1452,110.908,3.794,-57.338,-0.7004,-0.6936,0.1686,-0.4836,0.6046,-0.6329,0.3431,-0.5343,-0.7726,25.5,0.1873,0.16,0.153,0.37195,302.5,418.3,315.5,433.4,289.7,403.5,1262,0.185,15
1453,109.547,2.44,-56.991,-0.6949,-0.6947,0.1857,-0.4858,0.6031,-0.6326,0.3341,-0.5407,-0.7721,25.5,0.1989,0.633,0.154,0.52867,301.2,419.6,314.2,434.7,288.4,404.9,1263,1.122,15
1454,108.197,1.085,-56.618,-0.6902,-0.6964,0.1965,-0.488,0.6016,-0.6323,0.3292,-0.5441,-0.7718,25.5,0.2064,0.342,0.154,0.34979,299.9,420.9,313.0,435.9,287.0,406.2,1263,0.83,15
1455,106.855,-0.276,-56.228,-0.6862,-0.6987,0.2025,-0.4902,0.6002,-0.632,0.3275,-0.5452,-0.7717,25.5,0.211,0.116,0.15,0.22237,298.6,422.3,311.8,437.2,285.7,407.6,1264,0.408,15
1456,105.52,-1.641,-55.831,-0.6826,-0.7017,0.2042,-0.4924,0.5987,-0.6317,0.3286,-0.5443,-0.7719,25.5,0.213,0.082,0.154,0.14645,297.3,423.6,310.5,438.5,284.4,408.9,1264,1.547,15
1457,104.192,-3.013,-55.434,-0.6793,-0.7055,0.2021,-0.4946,0.5972,-0.6314,0.3324,-0.5413,-0.7723,25.5,0.2129,0.278,0.154,0.16023,296.1,424.9,309.3,439.9,283.1,410.3,1265,0.4,15
1458,102.871,-4.393,-55.045,-0.6763,-0.7101,0.196,-0.4968,0.5957,-0.6311,0.339,-0.5362,-0.773,25.5,0.2107,0.48,0.154,0.24118,294.8,426.3,308.1,441.2,281.8,411.6,1266,0.67,15
1459,101.555,-5.783,-54.672,-0.6733,-0.7157,0.1857,-0.4989,0.5943,-0.6308,0.3486,-0.5287,-0.7739,25.5,0.2066,0.7,0.146,0.35551,293.6,427.6,306.9,442.5,280.5,413.0,1266,1.283,15
1460,100.245,-7.185,-54.324,-0.6701,-0.7225,0.1701,-0.501,0.5929,-0.6305,0.3619,-0.5182,-0.7749,25.5,0.1999,0.973,0.146,0.50875,292.3,429.0,305.7,443.8,279.2,414.4,1267,0.299,15
1461,98.943,-8.601,-54.01,-0.6646,-0.7305,0.157,-0.5031,0.5914,-0.6301,0.3748,-0.5077,-0.7758,25.5,0.1966,0.954,0.15,0.47932,291.1,430.4,304.5,445.2,277.9,415.8,1268,0.616,15
1462,97.654,-10.033,-53.706,-0.6572,-0.738,0.1534,-0.5051,0.5901,-0.6298,0.382,-0.5015,-0.7762,25.5,0.2002,0.545,0.138,0.32717,289.8,431.7,303.3,446.6,276.6,417.2,1268,1.334,15
1463,96.379,-11.478,-53.413,-0.6515,-0.7443,0.1473,-0.5071,0.5887,-0.6295,0.3897,-0.4948,-0.7767,25.5,0.2005,0.586,0.141,0.30731,288.6,433.1,302.1,448.0,275.3,418.6,1269,0.483,15
1464,95.113,-12.934,-53.134,-0.6475,-0.7494,0.1383,-0.5091,0.5874,-0.6291,0.3981,-0.4874,-0.7772,25.5,0.1976,0.642,0.139,0.32588,287.4,434.6,300.9,449.3,274.1,420.0,1270,0.322,15
1465,93.852,-14.4,-52.876,-0.6455,-0.7532,0.1264,-0.5109,0.5862,-0.6288,0.4071,-0.4793,-0.7775,25.5,0.1912,0.694,0.125,0.37175,286.2,436.0,299.7,450.8,272.8,421.5,1271,1.08,15
1466,92.594,-15.871,-52.643,-0.6454,-0.7557,0.1113,-0.5127,0.585,-0.6285,0.4167,-0.4705,-0.7778,25.5,0.1811,0.746,0.125,0.44976,285.0,437.4,298.6,452.2,271.6,422.9,1271,0.87,15
1467,91.334,-17.346,-52.444,-0.6473,-0.7566,0.093,-0.5144,0.5838,-0.6281,0.427,-0.4609,-0.778,25.5,0.1671,0.807,0.121,0.54127,283.7,438.9,297.4,453.6,270.3,424.4,1272,0.141,15
1468,90.069,-18.82,-52.283,-0.6511,-0.7556,0.0711,-0.516,0.5827,-0.6278,0.4379,-0.4505,-0.778,25.5,0.149,0.863,0.113,0.65383,282.5,440.3,296.2,455.0,269.1,425.8,1273,0.567,15
1469,88.795,-20.292,-52.166,-0.6542,-0.7546,0.051,-0.5175,0.5818,-0.6275,0.4477,-0.4408,-0.778,25.5,0.1325,0.79,0.102,0.59839,281.3,441.7,295.0,456.4,267.8,427.3,1274,1.265,15
1470,87.518,-21.764,-52.084,-0.6552,-0.7547,0.0327,-0.5189,0.5809,-0.6272,0.4576,-0.431,-0.7777,25.5,0.1189,0.798,0.097,0.53853,280.1,443.2,293.8,457.9,266.6,428.7,1274,0.685,15
1471,86.241,-23.236,-52.038,-0.6551,-0.7555,0.0135,-0.5202,0.58,-0.6268,0.4683,-0.42,-0.7773,25.5,0.1059,0.88,0.093,0.56474,278.8,444.6,292.6,459.3,265.3,430.1,1275,0.018,15
1472,84.965,-24.71,-52.031,-0.6537,-0.7567,-0.006,-0.5214,0.5793,-0.6265,0.4797,-0.4082,-0.7767,25.5,0.0938,0.941,0.081,0.57556,277.6,446.0,291.3,460.7,264.1,431.6,1276,0.703,15
1473,83.693,-26.187,-52.062,-0.6511,-0.7585,-0.0254,-0.5225,0.5786,-0.6262,0.4914,-0.3958,-0.7758,25.5,0.0828,0.978,0.077,0.57767,276.3,447.5,290.1,462.1,262.8,433.0,1276,1.247,15
1474,82.426,-27.668,-52.13,-0.6475,-0.7608,-0.0441,-0.5236,0.578,-0.6259,0.503,-0.3832,-0.7747,25.5,0.0731,0.983,0.074,0.56367,275.1,448.9,288.9,463.6,261.6,434.5,1277,0.547,15
1475,81.168,-29.154,-52.233,-0.6429,-0.7635,-0.0617,-0.5245,0.5775,-0.6256,0.5143,-0.3706,-0.7734,25.5,0.0651,0.973,0.061,0.54043,273.9,450.3,287.7,465.0,260.3,435.9,1278,0.163,15
1476,79.918,-30.644,-52.375,-0.6396,-0.7639,-0.0854,-0.5253,0.5771,-0.6253,0.5277,-0.3555,-0.7715,25.5,0.0515,1.162,0.054,0.70313,272.7,451.8,286.5,466.5,259.1,437.3,1279,0.888,15
1477,78.674,-32.133,-52.564,-0.6363,-0.7639,-0.1077,-0.5261,0.5768,-0.6249,0.5399,-0.3412,-0.7695,25.5,0.0386,1.083,0.054,0.66249,271.4,453.2,285.3,467.9,257.9,438.8,1279,1.062,15
1478,77.437,-33.623,-52.792,-0.6325,-0.7643,-0.1255,-0.5268,0.5765,-0.6246,0.55,-0.3291,-0.7676,25.5,0.029,0.91,0.047,0.53495,270.2,454.7,284.0,469.4,256.6,440.2,1280,0.322,15
1479,76.208,-35.114,-53.051,-0.6285,-0.7653,-0.1388,-0.5274,0.5763,-0.6243,0.5579,-0.3193,-0.766,25.5,0.0229,0.727,0.04,0.40922,269.0,456.1,282.8,470.8,255.4,441.7,1281,0.454,15
1480,74.986,-36.608,-53.331,-0.6245,-0.7669,-0.1476,-0.5279,0.5762,-0.6239,0.5637,-0.3118,-0.7649,25.5,0.0201,0.547,0.037,0.28794,267.8,457.6,281.6,472.3,254.2,443.1,1282,1.246,15
1481,73.772,-38.105,-53.624,-0.6206,-0.7692,-0.1523,-0.5284,0.5761,-0.6236,0.5675,-0.3066,-0.7642,25.5,0.0202,0.371,0.034,0.19177,266.6,459.0,280.5,473.7,253.1,444.5,1282,0.71,15
1482,72.566,-39.608,-53.922,-0.6169,-0.772,-0.1532,-0.5289,0.5761,-0.6232,0.5695,-0.3036,-0.7639,25.5,0.023,0.207,0.037,0.13889,265.5,460.5,279.3,475.2,251.9,446.0,1283,0.118,15
1483,71.368,-41.115,-54.219,-0.6125,-0.775,-0.1556,-0.5292,0.5761,-0.6229,0.5726,-0.2992,-0.7633,25.5,0.0254,0.31,0.024,0.17178,264.3,461.9,278.1,476.6,250.7,447.4,1284,0.932,15
1484,70.18,-42.63,-54.542,-0.6053,-0.7769,-0.1732,-0.5296,0.5762,-0.6225,0.5835,-0.2851,-0.7604,25.5,0.0193,1.035,0.033,0.56102,263.1,463.4,276.9,478.1,249.5,448.9,1284,1.02,15
1485,69.005,-44.145,-54.891,-0.6002,-0.7783,-0.1842,-0.5299,0.5764,-0.6221,0.5904,-0.2758,-0.7585,25.5,0.016,0.672,0.031,0.35879,262.0,464.8,275.8,479.6,248.4,450.3,1285,0.222,15
1486,67.838,-45.664,-55.257,-0.5968,-0.7795,-0.1905,-0.5301,0.5766,-0.6217,0.5945,-0.2701,-0.7574,25.5,0.0147,0.407,0.028,0.21325,260.8,466.3,274.6,481.1,247.3,451.8,1286,0.56,15
1487,66.676,-47.186,-55.631,-0.5946,-0.7806,-0.1928,-0.5303,0.5769,-0.6213,0.5962,-0.2672,-0.757,25.5,0.0152,0.194,0.031,0.09892,259.7,467.8,273.5,482.6,246.1,453.2,1287,1.271,15
1488,65.518,-48.709,-56.006,-0.5936,-0.7816,-0.1915,-0.5304,0.5772,-0.6208,0.5959,-0.267,-0.7574,25.5,0.0174,0.031,0.034,0.05641,258.5,469.2,272.3,484.0,245.0,454.7,1287,0.684,15
1489,64.36,-50.235,-56.376,-0.5938,-0.7827,-0.1865,-0.5305,0.5777,-0.6204,0.5935,-0.2695,-0.7584,25.5,0.0215,0.207,0.037,0.1505,257.4,470.7,271.2,485.5,243.9,456.1,1288,0.068,15
1490,63.201,-51.762,-56.731,-0.5951,-0.7839,-0.1774,-0.5305,0.5781,-0.62,0.5887,-0.2749,-0.7601,25.5,0.0275,0.425,0.032,0.27238,256.3,472.2,270.0,487.0,242.7,457.6,1289,0.506,15
1491,62.039,-53.292,-57.064,-0.5977,-0.785,-0.163,-0.5304,0.5787,-0.6195,0.581,-0.284,-0.7628,25.5,0.0363,0.7,0.045,0.43121,255.1,473.7,268.9,488.5,241.6,459.0,1290,0.94,15
1492,60.868,-54.824,-57.362,-0.602,-0.7859,-0.1413,-0.5303,0.5793,-0.619,0.569,-0.2981,-0.7664,25.5,0.0486,1.081,0.045,0.65011,254.0,475.1,267.7,490.0,240.5,460.5,1290,1.012,15
1493,59.69,-56.356,-57.608,-0.6081,-0.7864,-0.1091,-0.53,0.58,-0.6186,0.5509,-0.319,-0.7712,25.5,0.0663,1.608,0.049,0.96374,252.8,476.6,266.5,491.5,239.4,461.9,1291,0.7,15
1494,58.501,-57.89,-57.79,-0.6114,-0.7875,-0.0777,-0.5297,0.5808,-0.6181,0.5338,-0.338,-0.7751,25.5,0.0855,1.482,0.057,0.92881,251.7,478.1,265.4,493.0,238.2,463.4,1292,0.512,15
1495,57.306,-59.426,-57.914,-0.6138,-0.7878,-0.0507,-0.5294,0.5817,-0.6176,0.5187,-0.3541,-0.7782,25.5,0.102,1.277,0.061,0.79647,250.5,479.6,264.2,494.6,237.1,464.8,1293,0.452,15
1496,56.108,-60.962,-57.993,-0.6152,-0.7877,-0.032,-0.529,0.5826,-0.6171,0.508,-0.3651,-0.7801,25.5,0.1137,0.886,0.063,0.55113,249.4,481.1,263.0,496.1,235.9,466.3,1294,0.516,15
1497,54.908,-62.498,-58.046,-0.6157,-0.7876,-0.025,-0.5285,0.5835,-0.6166,0.5038,-0.369,-0.781,25.5,0.1188,0.332,0.066,0.20626,248.2,482.5,261.8,497.6,234.8,467.7,1295,0.697,15
1498,53.708,-64.034,-58.099,-0.6153,-0.7877,-0.0313,-0.528,0.5845,-0.6161,0.507,-0.365,-0.7808,25.5,0.1162,0.294,0.07,0.18552,247.0,484.0,260.6,499.1,233.7,469.2,1297,0.549,15
1499,52.509,-65.57,-58.176,-0.6139,-0.7878,-0.0495,-0.5275,0.5855,-0.6156,0.5169,-0.3538,-0.7795,25.5,0.107,0.86,0.07,0.53639,245.9,485.5,259.4,500.6,232.5,470.6,1298,0.0,15
