ring,cx,cy,cz,Tx,Ty,Tz,Bx,By,Bz,Nx,Ny,Nz,hw,obl,dN,dB,kappa,sx_c,sy_c,sx_L,sy_L,sx_R,sy_R,pose_ring,pose_dist,iv
0,-67.225,-360.416,260.0,0.5557,0.8314,-0.0006,0.9711,-0.233,0.052,0.0459,-0.0314,-0.9985,25.5,0.3459,0.0,0.0,0.0,116.4,843.3,87.6,836.0,145.3,850.6,0,0.0,0
1,-66.177,-358.84,259.998,0.5521,0.8338,-0.0022,0.9645,-0.2586,0.0533,0.0463,-0.0333,-0.9984,25.5,0.3168,0.111,1.517,0.13966,117.6,841.5,89.0,833.4,146.4,849.5,2,0.386,0
2,-65.134,-357.261,259.993,0.5511,0.8344,-0.0026,0.9574,-0.2837,0.0546,0.0468,-0.0341,-0.9983,25.5,0.2908,0.054,1.496,0.0373,118.9,839.6,90.4,830.8,147.4,848.4,3,0.353,0
3,-64.09,-355.683,259.988,0.5528,0.8333,-0.0019,0.9498,-0.3078,0.0558,0.0477,-0.0339,-0.9983,25.5,0.2685,0.053,1.45,0.06486,120.1,837.8,91.9,828.2,148.4,847.3,5,0.187,0
4,-63.04,-354.108,259.986,0.557,0.8305,0.0,0.9421,-0.3305,0.057,0.0488,-0.0328,-0.9983,25.5,0.2503,0.089,1.375,0.1633,121.3,835.9,93.3,825.7,149.4,846.2,6,0.387,0
5,-61.98,-352.541,259.989,0.5635,0.8261,0.0028,0.9344,-0.3515,0.0581,0.0504,-0.0309,-0.9982,25.5,0.2363,0.142,1.283,0.25232,122.6,834.1,94.8,823.2,150.4,845.0,8,0.661,0
6,-60.907,-350.982,259.997,0.5687,0.8225,0.0051,0.927,-0.3704,0.0592,0.0519,-0.0296,-0.9982,25.5,0.2228,0.114,1.165,0.20377,123.8,832.3,96.3,820.8,151.4,843.7,9,0.428,0
7,-59.83,-349.426,260.007,0.57,0.8216,0.0057,0.92,-0.3872,0.0602,0.0528,-0.0298,-0.9982,25.5,0.2066,0.053,1.044,0.0512,125.1,830.5,97.7,818.5,152.4,842.4,10,0.328,0
8,-58.748,-347.873,260.019,0.5735,0.8192,0.0072,0.9135,-0.4021,0.0612,0.0541,-0.0291,-0.9981,25.5,0.1949,0.085,0.933,0.13626,126.3,828.6,99.2,816.3,153.5,841.1,11,0.351,0
9,-57.658,-346.326,260.035,0.579,0.8152,0.0097,0.9075,-0.4155,0.0622,0.0558,-0.0277,-0.9981,25.5,0.1873,0.126,0.843,0.21936,127.6,826.8,100.6,814.0,154.6,839.7,12,0.489,0
10,-56.555,-344.788,260.057,0.5866,0.8098,0.0132,0.9018,-0.4276,0.0632,0.0578,-0.0255,-0.998,25.5,0.1836,0.17,0.768,0.3015,128.9,825.0,102.1,811.9,155.7,838.2,13,0.733,0
11,-55.436,-343.262,260.086,0.5961,0.8027,0.0177,0.8964,-0.4387,0.0641,0.0602,-0.0227,-0.9979,25.5,0.1833,0.211,0.709,0.38404,130.2,823.3,103.6,809.8,156.9,836.8,14,1.074,0
12,-54.297,-341.751,260.125,0.6076,0.7939,0.0233,0.8911,-0.4491,0.065,0.0631,-0.0191,-0.9978,25.5,0.1864,0.265,0.671,0.47005,131.5,821.5,105.1,807.7,158.0,835.3,14,0.818,0
13,-53.14,-340.255,260.174,0.6158,0.7874,0.029,0.886,-0.459,0.0658,0.0663,-0.0151,-0.9977,25.5,0.1861,0.294,0.64,0.36076,132.9,819.8,106.6,805.7,159.3,833.9,15,0.388,0
14,-51.967,-338.772,260.234,0.6238,0.7809,0.0337,0.881,-0.4684,0.0666,0.069,-0.0121,-0.9975,25.5,0.186,0.232,0.612,0.343,134.2,818.1,108.1,803.7,160.5,832.5,16,0.125,0
15,-50.779,-337.3,260.301,0.6318,0.7743,0.0373,0.8761,-0.4774,0.0674,0.0712,-0.0101,-0.9974,25.5,0.1864,0.17,0.589,0.33238,135.6,816.4,109.6,801.7,161.7,831.0,17,0.708,0
16,-49.576,-335.841,260.374,0.6396,0.7677,0.0398,0.8713,-0.486,0.0681,0.0729,-0.009,-0.9973,25.5,0.1869,0.116,0.566,0.31848,137.0,814.7,111.2,799.7,163.0,829.6,17,1.185,0
17,-48.358,-334.394,260.451,0.647,0.7614,0.0412,0.8667,-0.4941,0.0688,0.0741,-0.009,-0.9972,25.5,0.1874,0.069,0.535,0.29727,138.5,813.0,112.7,797.8,164.3,828.2,18,0.543,0
18,-47.127,-332.959,260.529,0.654,0.7554,0.0415,0.8621,-0.5019,0.0695,0.0747,-0.0099,-0.9972,25.5,0.1876,0.062,0.52,0.27931,139.9,811.3,114.3,795.9,165.6,826.8,19,0.139,0
19,-45.883,-331.535,260.608,0.6607,0.7494,0.0426,0.8578,-0.5092,0.0702,0.0757,-0.01,-0.9971,25.5,0.1881,0.058,0.487,0.27434,141.3,809.7,115.9,794.1,166.9,825.3,20,0.836,0
20,-44.626,-330.123,260.693,0.6674,0.7431,0.0476,0.8536,-0.5162,0.0709,0.0787,-0.0068,-0.9969,25.5,0.1895,0.252,0.469,0.31694,142.8,808.1,117.4,792.2,168.2,823.9,20,1.056,0
21,-43.358,-328.722,260.786,0.6734,0.7375,0.0504,0.8495,-0.5227,0.0716,0.0806,-0.0055,-0.9967,25.5,0.1902,0.132,0.442,0.26255,144.3,806.4,119.0,790.4,169.6,822.5,21,0.362,0
22,-42.078,-327.331,260.883,0.6788,0.7325,0.0513,0.8455,-0.529,0.0722,0.0816,-0.0057,-0.9967,25.5,0.1901,0.058,0.429,0.22447,145.8,804.8,120.7,788.6,171.0,821.1,22,0.307,0
23,-40.788,-325.949,260.98,0.6838,0.7279,0.0505,0.8417,-0.535,0.0729,0.0816,-0.0075,-0.9966,25.5,0.1898,0.103,0.409,0.20711,147.3,803.3,122.3,786.9,172.4,819.7,23,0.929,0
24,-39.49,-324.576,261.073,0.6884,0.7237,0.0479,0.838,-0.5407,0.0736,0.0807,-0.0107,-0.9967,25.5,0.1891,0.191,0.391,0.20435,148.8,801.7,123.9,785.1,173.8,818.3,23,0.963,0
25,-38.183,-323.21,261.16,0.6928,0.7198,0.0438,0.8344,-0.5461,0.0743,0.0788,-0.0153,-0.9968,25.5,0.1882,0.285,0.374,0.21701,150.3,800.1,125.5,783.4,175.2,816.9,24,0.409,0
26,-36.868,-321.851,261.238,0.6969,0.7161,0.0379,0.8308,-0.5514,0.0751,0.076,-0.0212,-0.9969,25.5,0.187,0.374,0.37,0.24467,151.9,798.5,127.2,781.6,176.6,815.5,25,0.058,0
27,-35.545,-320.499,261.302,0.7009,0.7126,0.0302,0.8273,-0.5565,0.0759,0.0721,-0.0287,-0.997,25.5,0.1856,0.484,0.357,0.28326,153.4,797.0,128.8,779.9,178.1,814.0,26,0.42,0
28,-34.213,-319.156,261.357,0.7069,0.7067,0.0278,0.8239,-0.5615,0.0767,0.0711,-0.0319,-0.997,25.5,0.1877,0.192,0.349,0.26497,155.0,795.4,130.5,778.2,179.5,812.6,27,0.683,0
29,-32.87,-317.824,261.407,0.7123,0.7014,0.0252,0.8205,-0.5664,0.0776,0.07,-0.0352,-0.9969,25.5,0.1891,0.199,0.346,0.24223,156.5,793.9,132.1,776.5,181.0,811.2,28,0.85,0
30,-31.518,-316.501,261.452,0.7168,0.697,0.0219,0.8171,-0.5711,0.0785,0.0684,-0.0391,-0.9969,25.5,0.1894,0.242,0.336,0.21514,158.1,792.3,133.8,774.8,182.5,809.9,29,0.927,0
31,-30.158,-315.186,261.49,0.7204,0.6933,0.0178,0.8137,-0.5758,0.0794,0.0665,-0.0436,-0.9968,25.5,0.1884,0.28,0.336,0.19958,159.7,790.8,135.5,773.1,184.0,808.5,30,0.918,0
32,-28.791,-313.876,261.519,0.7233,0.6904,0.0129,0.8103,-0.5804,0.0805,0.0642,-0.0486,-0.9968,25.5,0.1864,0.315,0.334,0.19346,161.3,789.3,137.2,771.5,185.5,807.1,31,0.828,0
33,-27.421,-312.572,261.538,0.7253,0.6884,0.0073,0.8069,-0.585,0.0816,0.0615,-0.0542,-0.9966,25.5,0.1831,0.356,0.334,0.18995,162.9,787.7,138.9,769.8,187.0,805.7,32,0.662,0
34,-26.047,-311.27,261.546,0.7266,0.6871,0.0009,0.8034,-0.5896,0.0827,0.0583,-0.0603,-0.9965,25.5,0.1787,0.395,0.337,0.20159,164.5,786.2,140.6,768.1,188.5,804.3,33,0.424,0
35,-24.671,-309.971,261.541,0.7271,0.6865,-0.0062,0.7999,-0.5942,0.084,0.0548,-0.067,-0.9962,25.5,0.1732,0.433,0.339,0.21626,166.1,784.7,142.3,766.5,190.0,803.0,34,0.12,0
36,-23.295,-308.672,261.522,0.7269,0.6866,-0.0147,0.7963,-0.5988,0.0853,0.0505,-0.0747,-0.9959,25.5,0.1664,0.506,0.343,0.25745,167.7,783.2,144.1,764.8,191.5,801.6,35,0.243,0
37,-21.919,-307.373,261.485,0.7273,0.6859,-0.0245,0.7927,-0.6035,0.0867,0.0453,-0.0835,-0.9955,25.5,0.1605,0.586,0.349,0.29769,169.4,781.6,145.8,763.1,193.0,800.2,36,0.656,0
38,-20.542,-306.076,261.43,0.7281,0.6847,-0.0324,0.7889,-0.6082,0.0881,0.0411,-0.0908,-0.995,25.5,0.1551,0.483,0.355,0.24313,171.0,780.1,147.5,761.5,194.5,798.8,38,0.292,0
39,-19.163,-304.782,261.363,0.7295,0.6829,-0.0386,0.7851,-0.6129,0.0896,0.038,-0.0968,-0.9946,25.5,0.1507,0.388,0.357,0.20001,172.6,778.6,149.2,759.8,196.0,797.4,39,0.223,0
40,-17.781,-303.491,261.286,0.7314,0.6806,-0.043,0.7811,-0.6177,0.0912,0.0359,-0.1014,-0.9942,25.5,0.147,0.291,0.37,0.16095,174.2,777.1,151.0,758.1,197.5,796.0,41,0.597,0
41,-16.395,-302.206,261.202,0.7339,0.6777,-0.0456,0.7771,-0.6225,0.0928,0.0349,-0.1047,-0.9939,25.5,0.1442,0.198,0.37,0.14012,175.8,775.5,152.7,756.4,199.0,794.7,42,0.06,0
42,-15.003,-300.926,261.114,0.7369,0.6744,-0.0465,0.773,-0.6273,0.0944,0.0348,-0.1067,-0.9937,25.5,0.1422,0.115,0.373,0.13774,177.5,774.0,154.5,754.8,200.5,793.3,43,0.485,0
43,-13.605,-299.654,261.026,0.7406,0.6704,-0.0458,0.7688,-0.6322,0.0961,0.0358,-0.1074,-0.9936,25.5,0.1411,0.07,0.382,0.16633,179.1,772.5,156.2,753.1,202.0,792.0,45,0.347,0
44,-12.2,-298.389,260.942,0.7448,0.6659,-0.0432,0.7645,-0.6372,0.0977,0.0379,-0.1069,-0.9935,25.5,0.1409,0.124,0.389,0.20231,180.7,771.0,158.0,751.5,203.5,790.6,46,0.173,0
45,-10.786,-297.134,260.863,0.7492,0.6611,-0.0414,0.7601,-0.6421,0.0993,0.0395,-0.1069,-0.9935,25.5,0.1409,0.092,0.388,0.20455,182.4,769.5,159.8,749.8,205.1,789.3,47,0.682,0
46,-9.365,-295.887,260.782,0.7525,0.6571,-0.0449,0.7557,-0.6471,0.101,0.0376,-0.111,-0.9931,25.5,0.1389,0.26,0.394,0.18941,184.0,768.0,161.6,748.2,206.6,788.0,49,0.227,0
47,-7.938,-294.647,260.694,0.7557,0.6532,-0.0471,0.7511,-0.6522,0.1026,0.0366,-0.1139,-0.9928,25.5,0.1368,0.177,0.404,0.16662,185.7,766.6,163.4,746.6,208.1,786.6,50,0.245,0
48,-6.505,-293.414,260.604,0.7588,0.6496,-0.0479,0.7464,-0.6573,0.1041,0.0365,-0.1158,-0.9926,25.5,0.1344,0.11,0.407,0.14585,187.4,765.1,165.2,745.0,209.7,785.3,51,0.7,0
49,-5.066,-292.188,260.514,0.7618,0.6461,-0.0473,0.7416,-0.6624,0.1057,0.0373,-0.1166,-0.9925,25.5,0.132,0.065,0.412,0.14073,189.1,763.7,167.0,743.3,211.2,784.0,53,0.321,0
50,-3.622,-290.968,260.426,0.7648,0.6427,-0.0454,0.7367,-0.6677,0.1073,0.039,-0.1164,-0.9924,25.5,0.1294,0.098,0.424,0.14885,190.8,762.2,168.8,741.7,212.8,782.8,54,0.101,0
51,-2.171,-289.755,260.343,0.7677,0.6395,-0.042,0.7316,-0.673,0.1088,0.0416,-0.1152,-0.9925,25.5,0.1267,0.164,0.43,0.1664,192.5,760.8,170.7,740.1,214.3,781.5,55,0.511,0
52,-0.716,-288.548,260.268,0.7706,0.6363,-0.0372,0.7264,-0.6784,0.1103,0.0453,-0.1129,-0.9926,25.5,0.124,0.25,0.438,0.19546,194.2,759.3,172.5,738.5,215.9,780.2,57,0.581,0
53,0.745,-287.347,260.203,0.7735,0.6331,-0.0307,0.721,-0.6839,0.1118,0.0501,-0.1094,-0.9927,25.5,0.1213,0.34,0.45,0.23626,195.9,757.9,174.4,737.0,217.4,779.0,58,0.187,0
54,2.212,-286.152,260.152,0.7762,0.6301,-0.0238,0.7154,-0.6895,0.1132,0.0553,-0.1057,-0.9929,25.5,0.1181,0.366,0.461,0.24204,197.6,756.5,176.3,735.4,219.0,777.7,59,0.202,0
55,3.683,-284.962,260.112,0.7788,0.6269,-0.0189,0.7097,-0.6951,0.1146,0.0591,-0.1034,-0.9929,25.5,0.1148,0.254,0.465,0.19387,199.3,755.1,178.2,733.8,220.5,776.5,60,0.591,0
56,5.159,-283.779,260.08,0.7817,0.6234,-0.0144,0.7037,-0.7009,0.116,0.0627,-0.1014,-0.9929,25.5,0.1115,0.236,0.485,0.19366,201.0,753.7,180.1,732.2,222.1,775.3,62,0.528,0
57,6.642,-282.603,260.057,0.7849,0.6196,-0.0102,0.6976,-0.7068,0.1174,0.0659,-0.0999,-0.9928,25.5,0.1084,0.203,0.493,0.19694,202.8,752.4,182.0,730.7,223.6,774.1,63,0.14,0
58,8.13,-281.434,260.042,0.7883,0.6153,-0.0065,0.6913,-0.7128,0.1188,0.0689,-0.0987,-0.9927,25.5,0.1056,0.185,0.505,0.20022,204.5,751.0,183.9,729.1,225.2,772.9,64,0.25,0
59,9.625,-280.274,260.033,0.7919,0.6106,-0.0032,0.6847,-0.7188,0.1201,0.0714,-0.0978,-0.9926,25.5,0.1029,0.152,0.516,0.20521,206.3,749.6,185.9,727.6,226.7,771.7,65,0.642,0
60,11.128,-279.124,260.029,0.7958,0.6056,-0.0004,0.678,-0.725,0.1214,0.0736,-0.0974,-0.9925,25.5,0.1004,0.128,0.528,0.20987,208.0,748.3,187.8,726.1,228.3,770.6,67,0.455,0
61,12.637,-277.983,260.031,0.7999,0.6001,0.002,0.671,-0.7312,0.1227,0.0754,-0.0973,-0.9924,25.5,0.0982,0.103,0.541,0.22004,209.8,746.9,189.8,724.5,229.8,769.4,68,0.05,0
62,14.155,-276.852,260.037,0.8038,0.5949,0.0055,0.6639,-0.7375,0.124,0.0782,-0.0965,-0.9923,25.5,0.0956,0.167,0.549,0.2235,211.5,745.6,191.8,723.0,231.4,768.3,69,0.362,0
63,15.68,-275.731,260.053,0.8071,0.5903,0.0113,0.6565,-0.7439,0.1253,0.0827,-0.0941,-0.9921,25.5,0.0922,0.292,0.565,0.24538,213.3,744.3,193.8,721.5,233.0,767.2,71,0.686,0
64,17.21,-274.618,260.079,0.8108,0.5852,0.0156,0.6489,-0.7503,0.1265,0.0861,-0.0928,-0.992,25.5,0.089,0.209,0.573,0.23095,215.1,743.0,195.8,720.0,234.5,766.1,72,0.252,0
65,18.748,-273.516,260.111,0.8148,0.5795,0.0184,0.6411,-0.7567,0.1278,0.0883,-0.0927,-0.9918,25.5,0.0862,0.127,0.583,0.22722,216.9,741.7,197.8,718.6,236.1,765.0,73,0.192,0
66,20.294,-272.426,260.147,0.8191,0.5733,0.0196,0.6332,-0.7632,0.1291,0.0892,-0.0937,-0.9916,25.5,0.0836,0.078,0.591,0.23132,218.7,740.5,199.8,717.1,237.7,764.0,74,0.645,0
67,21.849,-271.347,260.184,0.8237,0.5667,0.0191,0.625,-0.7696,0.1303,0.0888,-0.0958,-0.9914,25.5,0.0812,0.123,0.6,0.24404,220.5,739.2,201.9,715.6,239.3,762.9,76,0.309,0
68,23.412,-270.281,260.219,0.8286,0.5596,0.0169,0.6168,-0.7761,0.1316,0.087,-0.099,-0.9913,25.5,0.079,0.21,0.604,0.26955,222.4,738.0,204.0,714.2,240.9,761.9,77,0.179,0
69,24.985,-269.229,260.247,0.8337,0.552,0.013,0.6084,-0.7825,0.1329,0.0838,-0.1032,-0.9911,25.5,0.077,0.303,0.61,0.30122,224.2,736.8,206.0,712.8,242.5,760.8,78,0.682,0
70,26.566,-268.19,260.273,0.8375,0.5462,0.0148,0.5998,-0.7888,0.1342,0.0853,-0.1038,-0.9909,25.5,0.0735,0.093,0.615,0.21689,226.1,735.5,208.1,711.4,244.1,759.8,80,0.158,0
71,28.155,-267.162,260.302,0.8416,0.5398,0.0156,0.5913,-0.7949,0.1356,0.0858,-0.1052,-0.9907,25.5,0.0707,0.086,0.605,0.2314,227.9,734.4,210.3,710.0,245.7,758.8,81,0.395,0
72,29.752,-266.147,260.331,0.8462,0.5327,0.0148,0.583,-0.8009,0.137,0.085,-0.1075,-0.9906,25.5,0.0687,0.14,0.592,0.25729,229.8,733.2,212.4,708.6,247.3,757.8,83,0.333,0
73,31.358,-265.146,260.358,0.851,0.525,0.0125,0.5748,-0.8065,0.1384,0.083,-0.1108,-0.9904,25.5,0.0675,0.221,0.575,0.2834,231.7,732.0,214.5,707.3,248.9,756.8,84,0.282,0
74,32.973,-264.161,260.378,0.8561,0.5167,0.0088,0.5671,-0.8117,0.1398,0.0796,-0.115,-0.9902,25.5,0.0673,0.31,0.538,0.31554,233.6,730.9,216.6,706.0,250.6,755.8,86,0.316,0
75,34.598,-263.191,260.39,0.8613,0.5081,0.0036,0.5599,-0.8164,0.1413,0.075,-0.1199,-0.9899,25.5,0.0679,0.385,0.5,0.34259,235.5,729.7,218.7,704.7,252.3,754.8,87,0.364,0
76,36.233,-262.238,260.391,0.8665,0.4992,-0.0027,0.5534,-0.8205,0.1428,0.0692,-0.1256,-0.9897,25.5,0.0695,0.466,0.449,0.36573,237.4,728.6,220.8,703.5,254.0,753.9,89,0.099,0
77,37.878,-261.301,260.382,0.8715,0.4903,-0.0056,0.5478,-0.8241,0.1444,0.0664,-0.1293,-0.9894,25.5,0.0725,0.266,0.392,0.32131,239.3,727.5,222.9,702.3,255.8,752.9,91,0.47,0
78,39.531,-260.381,260.37,0.876,0.4823,-0.0075,0.543,-0.8269,0.146,0.0644,-0.1324,-0.9891,25.5,0.0758,0.212,0.331,0.28377,241.2,726.4,225.0,701.1,257.6,751.9,92,0.327,0
79,41.193,-259.476,260.353,0.88,0.4749,-0.0105,0.5393,-0.8291,0.1476,0.0616,-0.136,-0.9888,25.5,0.0793,0.262,0.263,0.27039,243.2,725.4,227.0,700.0,259.4,750.9,94,0.091,0
80,42.862,-258.584,260.329,0.8837,0.4678,-0.0146,0.5367,-0.8305,0.1492,0.0578,-0.1402,-0.9884,25.5,0.0836,0.325,0.192,0.27233,245.1,724.3,229.0,698.9,261.3,749.9,96,0.087,0
81,44.538,-257.705,260.297,0.8873,0.4608,-0.02,0.5352,-0.8312,0.1507,0.0531,-0.145,-0.988,25.5,0.0889,0.386,0.128,0.28898,247.1,723.3,231.0,697.8,263.2,748.9,98,0.202,0
82,46.22,-256.839,260.253,0.8908,0.4537,-0.0268,0.5349,-0.8311,0.1521,0.047,-0.1505,-0.9875,25.5,0.0953,0.471,0.082,0.3159,249.0,722.3,233.0,696.8,265.2,747.9,100,0.284,0
83,47.91,-255.988,260.194,0.8943,0.4461,-0.0353,0.5359,-0.8302,0.1535,0.0393,-0.157,-0.9868,25.5,0.1035,0.579,0.111,0.36106,251.0,721.3,234.9,695.8,267.2,746.8,102,0.348,0
84,49.605,-255.151,260.117,0.8979,0.4378,-0.0463,0.5383,-0.8284,0.1547,0.0295,-0.1649,-0.9859,25.5,0.1135,0.723,0.185,0.4312,253.0,720.3,236.8,694.9,269.2,745.8,104,0.406,0
85,51.309,-254.334,260.021,0.9039,0.4243,-0.054,0.5421,-0.8258,0.1557,0.0217,-0.1715,-0.985,25.5,0.1312,0.588,0.27,0.50448,255.0,719.3,238.7,694.0,271.3,744.7,106,0.473,0
86,53.026,-253.545,259.913,0.91,0.4101,-0.0606,0.5471,-0.8223,0.1565,0.0145,-0.1776,-0.984,25.5,0.1512,0.544,0.353,0.50889,257.0,718.4,240.6,693.1,273.5,743.7,107,0.432,0
87,54.752,-252.78,259.789,0.9141,0.3992,-0.0705,0.5531,-0.8182,0.1571,0.0051,-0.1853,-0.9827,25.5,0.1679,0.7,0.418,0.46276,259.0,717.4,242.4,692.3,275.7,742.7,109,0.323,0
88,56.484,-252.031,259.644,0.916,0.3923,-0.0839,0.5597,-0.8136,0.1576,-0.0065,-0.1945,-0.9809,25.5,0.1803,0.855,0.462,0.45995,261.0,716.5,244.2,691.6,277.9,741.6,111,0.126,0
89,58.217,-251.292,259.47,0.9154,0.3899,-0.1006,0.5666,-0.8087,0.1578,-0.0202,-0.2051,-0.9785,25.5,0.1875,1.002,0.485,0.51115,263.0,715.6,246.0,690.8,280.1,740.6,113,0.231,0
90,59.947,-250.553,259.261,0.912,0.3921,-0.1206,0.5736,-0.8037,0.1579,-0.0357,-0.2171,-0.9755,25.5,0.1889,1.136,0.493,0.61785,265.0,714.7,247.8,690.1,282.4,739.5,114,0.454,0
91,61.668,-249.806,259.012,0.9078,0.3951,-0.1405,0.5804,-0.7989,0.1578,-0.0509,-0.2289,-0.9721,25.5,0.1891,1.12,0.477,0.62239,267.0,713.8,249.6,689.3,284.6,738.4,116,0.279,0
92,63.385,-249.061,258.731,0.9064,0.3921,-0.1572,0.5867,-0.7943,0.1575,-0.0644,-0.2396,-0.9687,25.5,0.1956,1.006,0.447,0.51549,269.0,712.9,251.4,688.5,286.7,737.4,117,0.178,0
93,65.098,-248.322,258.416,0.9041,0.3895,-0.1759,0.5927,-0.79,0.157,-0.0794,-0.2513,-0.9646,25.5,0.2005,1.115,0.424,0.57588,271.0,712.0,253.2,687.8,288.9,736.3,118,0.545,0
94,66.806,-247.587,258.064,0.9008,0.3873,-0.1962,0.5984,-0.7858,0.1564,-0.0956,-0.2638,-0.9598,25.5,0.204,1.204,0.407,0.62624,273.0,711.0,255.0,687.0,291.1,735.2,119,0.818,0
95,68.507,-246.856,257.672,0.8967,0.3854,-0.2177,0.6039,-0.7817,0.1556,-0.1126,-0.277,-0.9543,25.5,0.2064,1.273,0.396,0.66521,275.0,710.1,256.8,686.2,293.2,734.2,121,0.829,0
96,70.199,-246.128,257.24,0.8917,0.3839,-0.2398,0.6091,-0.7778,0.1548,-0.1299,-0.2904,-0.948,25.5,0.2074,1.305,0.375,0.68757,276.9,709.2,258.6,685.4,295.3,733.1,122,0.868,0
97,71.882,-245.404,256.765,0.8872,0.3803,-0.2612,0.6143,-0.7739,0.1538,-0.147,-0.3037,-0.9414,25.5,0.2105,1.298,0.377,0.67101,278.8,708.3,260.4,684.6,297.4,732.1,123,1.022,0
98,73.557,-244.688,256.252,0.8825,0.3769,-0.2814,0.6193,-0.7701,0.1528,-0.1629,-0.3164,-0.9345,25.5,0.2133,1.231,0.364,0.63629,280.8,707.3,262.2,683.8,299.5,731.0,123,0.87,0
99,75.222,-243.977,255.7,0.8769,0.3748,-0.3009,0.6243,-0.7664,0.1516,-0.1779,-0.3285,-0.9276,25.5,0.2146,1.173,0.363,0.61754,282.7,706.4,264.0,683.0,301.5,729.9,124,0.595,0
100,76.875,-243.269,255.113,0.8706,0.3739,-0.3198,0.6291,-0.7627,0.1504,-0.1922,-0.34,-0.9206,25.5,0.2144,1.125,0.354,0.6038,284.6,705.5,265.7,682.2,303.5,728.9,125,0.194,0
101,78.516,-242.561,254.49,0.8634,0.3743,-0.3384,0.6338,-0.759,0.1491,-0.2057,-0.3512,-0.9134,25.5,0.2127,1.086,0.351,0.60398,286.5,704.5,267.4,681.3,305.5,727.8,126,0.33,0
102,80.142,-241.851,253.832,0.8552,0.376,-0.3567,0.6384,-0.7554,0.1477,-0.2187,-0.3621,-0.9061,25.5,0.2092,1.058,0.344,0.60932,288.3,703.6,269.2,680.5,307.5,726.7,127,0.972,0
103,81.754,-241.14,253.14,0.8481,0.3743,-0.3751,0.6429,-0.7519,0.1463,-0.2324,-0.3734,-0.8981,25.5,0.2089,1.116,0.336,0.59934,290.1,702.6,270.9,679.7,309.5,725.7,127,0.921,0
104,83.352,-240.434,252.413,0.8404,0.3729,-0.3933,0.6473,-0.7484,0.1448,-0.2457,-0.3847,-0.8898,25.5,0.208,1.107,0.333,0.59983,292.0,701.7,272.6,678.9,311.4,724.6,128,0.163,0
105,84.934,-239.728,251.652,0.8318,0.3729,-0.4113,0.6516,-0.7449,0.1433,-0.2585,-0.3956,-0.8813,25.5,0.2053,1.079,0.329,0.60397,293.7,700.7,274.2,678.0,313.3,723.5,129,0.706,0
106,86.499,-239.022,250.856,0.8221,0.3742,-0.4292,0.6558,-0.7415,0.1417,-0.2707,-0.4062,-0.8728,25.5,0.2008,1.046,0.323,0.61764,295.5,699.7,275.9,677.2,315.2,722.4,129,1.186,0
107,88.045,-238.311,250.028,0.8114,0.3768,-0.4469,0.6599,-0.7382,0.1401,-0.2825,-0.4165,-0.8641,25.5,0.1947,1.027,0.315,0.63112,297.3,698.8,277.5,676.3,317.1,721.3,130,0.207,0
108,89.57,-237.595,249.165,0.7996,0.3807,-0.4645,0.6639,-0.7349,0.1384,-0.2938,-0.4266,-0.8554,25.5,0.1868,1.001,0.313,0.65232,299.0,697.8,279.1,675.5,318.9,720.2,131,0.88,0
109,91.072,-236.874,248.268,0.7885,0.3804,-0.4833,0.6679,-0.7316,0.1368,-0.3067,-0.438,-0.845,25.5,0.1822,1.152,0.311,0.66106,300.7,696.8,280.7,674.6,320.7,719.1,131,1.012,0
110,92.554,-236.154,247.336,0.7771,0.381,-0.501,0.6717,-0.7284,0.1351,-0.3185,-0.4486,-0.8351,25.5,0.1768,1.071,0.301,0.63771,302.3,695.8,282.3,673.7,322.4,718.0,132,0.183,1
111,94.013,-235.432,246.373,0.7653,0.383,-0.5172,0.6755,-0.7252,0.1334,-0.3288,-0.4582,-0.8258,25.5,0.1702,0.967,0.301,0.60984,303.9,694.8,283.8,672.8,324.2,716.9,133,1.483,1
112,95.45,-234.704,245.38,0.7534,0.3865,-0.5319,0.6792,-0.722,0.1317,-0.3376,-0.4667,-0.8174,25.5,0.1626,0.85,0.297,0.58241,305.5,693.8,285.3,671.9,325.9,715.7,133,0.41,1
113,96.865,-233.968,244.361,0.7415,0.3914,-0.5449,0.6829,-0.7189,0.1299,-0.345,-0.4741,-0.81,25.5,0.1542,0.734,0.295,0.55385,307.1,692.7,286.7,671.0,327.5,714.6,134,0.984,1
114,98.257,-233.221,243.318,0.7297,0.3976,-0.5563,0.6864,-0.7158,0.1282,-0.3509,-0.4805,-0.8037,25.5,0.1449,0.616,0.285,0.53107,308.6,691.7,288.2,670.1,329.1,713.4,134,0.909,1
115,99.627,-232.468,242.253,0.7184,0.3985,-0.5702,0.6899,-0.7128,0.1265,-0.3595,-0.489,-0.7947,25.5,0.1394,0.864,0.281,0.54308,310.1,690.6,289.6,669.1,330.7,712.2,135,0.558,1
116,100.976,-231.712,241.161,0.7072,0.4005,-0.5827,0.6933,-0.7097,0.1247,-0.3669,-0.4967,-0.7866,25.5,0.1334,0.768,0.283,0.51167,311.6,689.6,291.0,668.2,332.3,711.1,135,1.334,1
117,102.303,-230.951,240.048,0.6957,0.4042,-0.5938,0.6967,-0.7067,0.123,-0.373,-0.5033,-0.7795,25.5,0.126,0.656,0.277,0.49671,313.1,688.5,292.4,667.2,333.8,709.9,136,0.186,1
118,103.609,-230.181,238.914,0.6838,0.4096,-0.6039,0.7,-0.7038,0.1212,-0.3779,-0.5091,-0.7733,25.5,0.1172,0.562,0.272,0.50004,314.5,687.4,293.7,666.2,335.3,708.7,136,1.707,1
119,104.891,-229.4,237.763,0.6711,0.4169,-0.613,0.7032,-0.7008,0.1195,-0.382,-0.5142,-0.7679,25.5,0.1065,0.486,0.27,0.52209,315.9,686.3,295.0,665.3,336.8,707.5,137,0.154,1
120,106.148,-228.602,236.594,0.6574,0.4263,-0.6214,0.7064,-0.6979,0.1178,-0.3852,-0.5187,-0.7633,25.5,0.0937,0.412,0.266,0.56363,317.2,685.2,296.3,664.3,338.2,706.3,138,1.412,1
121,107.378,-227.785,235.411,0.6428,0.4356,-0.6301,0.7096,-0.695,0.1161,-0.3887,-0.5234,-0.7583,25.5,0.0802,0.441,0.266,0.58668,318.5,684.1,297.5,663.2,339.6,705.0,138,0.48,1
122,108.582,-226.956,234.209,0.6288,0.4412,-0.6403,0.7126,-0.6921,0.1144,-0.3936,-0.5295,-0.7515,25.5,0.0695,0.594,0.258,0.55117,319.8,682.9,298.7,662.2,341.0,703.7,139,1.08,1
123,109.758,-226.115,232.988,0.6142,0.4481,-0.6495,0.7157,-0.6893,0.1127,-0.3979,-0.535,-0.7453,25.5,0.0575,0.535,0.258,0.56272,321.1,681.8,299.9,661.1,342.3,702.5,139,0.813,1
124,110.906,-225.259,231.751,0.5991,0.4564,-0.6579,0.7186,-0.6865,0.1111,-0.4013,-0.5398,-0.74,25.5,0.0441,0.454,0.248,0.58036,322.3,680.6,301.1,660.0,343.6,701.2,140,0.721,1
125,112.025,-224.386,230.499,0.5833,0.4661,-0.6653,0.7215,-0.6837,0.1095,-0.404,-0.5441,-0.7353,25.5,0.0293,0.396,0.248,0.60436,323.5,679.4,302.2,658.9,344.9,699.8,140,1.171,1
126,113.113,-223.494,229.234,0.5667,0.4771,-0.6717,0.7244,-0.6809,0.1079,-0.4059,-0.5478,-0.7316,25.5,0.0132,0.319,0.248,0.6333,324.6,678.1,303.3,657.8,346.1,698.5,141,0.319,1
127,114.17,-222.58,227.957,0.5495,0.4891,-0.6774,0.7272,-0.6782,0.1064,-0.4073,-0.551,-0.7283,25.5,0.0042,0.275,0.239,0.65802,325.7,676.9,304.3,656.7,347.2,697.1,141,1.574,1
128,115.193,-221.646,226.668,0.5323,0.4979,-0.6846,0.7299,-0.6755,0.1049,-0.4103,-0.5557,-0.7231,25.5,0.0196,0.437,0.235,0.62429,326.8,675.6,305.3,655.5,348.4,695.8,142,0.139,1
129,116.184,-220.695,225.366,0.5147,0.5074,-0.6911,0.7325,-0.6728,0.1036,-0.4127,-0.5599,-0.7184,25.5,0.036,0.386,0.227,0.63672,327.8,674.3,306.3,654.3,349.4,694.4,143,1.236,1
130,117.141,-219.725,224.053,0.4966,0.5175,-0.6968,0.735,-0.6703,0.1023,-0.4147,-0.5638,-0.7143,25.5,0.0532,0.344,0.216,0.65089,328.8,673.0,307.2,653.1,350.5,693.0,143,0.657,1
131,118.063,-218.736,222.729,0.4781,0.5283,-0.7017,0.7375,-0.6678,0.1011,-0.4162,-0.5672,-0.7106,25.5,0.0711,0.3,0.214,0.66532,329.7,671.6,308.1,651.8,351.5,691.5,144,0.651,1
132,118.95,-217.725,221.398,0.4592,0.5396,-0.7057,0.7398,-0.6653,0.0999,-0.4172,-0.5703,-0.7076,25.5,0.0898,0.254,0.206,0.67761,330.6,670.3,308.9,650.6,352.4,690.1,144,1.242,1
133,119.801,-216.693,220.059,0.44,0.551,-0.7091,0.7421,-0.6629,0.0989,-0.4181,-0.5731,-0.7048,25.5,0.1089,0.233,0.199,0.68391,331.5,668.9,309.8,649.3,353.3,688.6,145,0.009,1
134,120.615,-215.642,218.713,0.4208,0.5602,-0.7135,0.7442,-0.6607,0.098,-0.4199,-0.577,-0.7006,25.5,0.1269,0.344,0.182,0.65823,332.3,667.5,310.5,647.9,354.2,687.1,146,1.148,1
135,121.394,-214.572,217.359,0.4015,0.5698,-0.717,0.7463,-0.6585,0.0973,-0.4212,-0.5803,-0.6971,25.5,0.1453,0.285,0.179,0.66117,333.1,666.1,311.2,646.6,355.0,685.6,146,0.745,1
136,122.135,-213.484,216.0,0.3819,0.5801,-0.7195,0.7482,-0.6564,0.0967,-0.422,-0.5831,-0.6942,25.5,0.1646,0.235,0.166,0.67463,333.8,664.6,311.9,645.2,355.7,684.0,147,0.322,1
137,122.838,-212.376,214.637,0.3615,0.5912,-0.721,0.7499,-0.6545,0.0963,-0.4223,-0.5856,-0.6919,25.5,0.1853,0.195,0.148,0.70462,334.5,663.1,312.6,643.8,356.4,682.5,148,1.294,1
138,123.503,-211.246,213.272,0.34,0.6032,-0.7215,0.7515,-0.6527,0.096,-0.4222,-0.5876,-0.6902,25.5,0.2075,0.15,0.139,0.74564,335.1,661.7,313.2,642.4,357.1,680.9,148,0.598,1
139,124.125,-210.093,211.906,0.3173,0.6157,-0.7213,0.7529,-0.651,0.096,-0.4219,-0.5895,-0.6888,25.5,0.2312,0.136,0.126,0.78466,335.7,660.1,313.8,641.0,357.7,679.4,149,0.271,1
140,124.704,-208.917,210.541,0.2944,0.6269,-0.7214,0.7542,-0.6495,0.0962,-0.4222,-0.5919,-0.6866,25.5,0.2545,0.187,0.114,0.7718,336.2,658.6,314.3,639.5,358.3,677.8,150,1.034,1
141,125.238,-207.72,209.176,0.271,0.6378,-0.721,0.7553,-0.6482,0.0967,-0.4224,-0.5942,-0.6845,25.5,0.2785,0.179,0.102,0.78167,336.7,657.0,314.7,638.0,358.8,676.1,150,0.859,1
142,125.729,-206.503,207.813,0.2471,0.6484,-0.72,0.7561,-0.6471,0.0975,-0.4226,-0.5966,-0.6823,25.5,0.3029,0.187,0.09,0.79219,337.1,655.5,315.2,636.5,359.2,674.5,151,0.199,1
143,126.173,-205.266,206.452,0.2225,0.6589,-0.7186,0.7567,-0.6463,0.0987,-0.4228,-0.5989,-0.6801,25.5,0.3284,0.183,0.089,0.81097,337.5,653.9,315.5,634.9,359.6,672.9,152,0.365,1
144,126.571,-204.009,205.094,0.1971,0.6692,-0.7165,0.757,-0.6457,0.1003,-0.423,-0.6013,-0.6779,25.5,0.3548,0.187,0.099,0.83229,337.9,652.3,315.9,633.3,359.9,671.2,153,0.836,1
145,126.917,-202.732,203.741,0.1689,0.6805,-0.713,0.757,-0.6453,0.1024,-0.4229,-0.6034,-0.6761,25.5,0.3843,0.159,0.122,0.92596,338.1,650.6,316.2,631.7,360.2,669.6,153,1.057,1
146,127.211,-201.435,202.395,0.1416,0.6905,-0.7094,0.7567,-0.6453,0.1049,-0.4231,-0.6057,-0.6739,25.5,0.4128,0.183,0.144,0.88698,338.3,649.0,316.4,630.1,360.4,667.9,154,0.674,1
147,127.454,-200.12,201.056,0.1154,0.6988,-0.7059,0.7559,-0.6457,0.1081,-0.4235,-0.6082,-0.6714,25.5,0.4403,0.204,0.19,0.83887,338.5,647.3,316.6,628.4,360.5,666.3,155,0.376,1
148,127.648,-198.79,199.723,0.0902,0.7058,-0.7026,0.7548,-0.6464,0.1118,-0.4243,-0.611,-0.6683,25.5,0.4667,0.244,0.225,0.79819,338.6,645.6,316.7,626.7,360.5,664.6,156,0.159,1
149,127.795,-197.449,198.396,0.0655,0.7115,-0.6996,0.7532,-0.6474,0.1162,-0.4255,-0.6143,-0.6646,25.5,0.4926,0.292,0.274,0.77286,338.6,643.9,316.8,625.0,360.5,662.9,157,0.022,1
150,127.894,-196.096,197.077,0.0375,0.719,-0.694,0.7511,-0.6489,0.1213,-0.4259,-0.6168,-0.662,25.5,0.5226,0.208,0.327,0.89395,338.6,642.2,316.9,623.2,360.5,661.3,158,0.041,1
151,127.937,-194.729,195.769,0.0088,0.7255,-0.6882,0.7485,-0.6508,0.1272,-0.4268,-0.6197,-0.6586,25.5,0.5531,0.261,0.385,0.90811,338.6,640.5,316.9,621.5,360.3,659.6,159,0.032,1
152,127.927,-193.352,194.472,-0.0196,0.7298,-0.6833,0.7453,-0.6531,0.134,-0.4289,-0.6235,-0.6537,25.5,0.5828,0.375,0.45,0.88228,338.4,638.8,316.9,619.7,360.1,658.0,160,0.042,1
153,127.864,-191.968,193.182,-0.0475,0.7321,-0.6796,0.7415,-0.6558,0.1417,-0.4322,-0.6284,-0.6468,25.5,0.6116,0.52,0.516,0.85502,338.2,637.1,316.8,617.9,359.8,656.3,161,0.171,1
154,127.747,-190.582,191.899,-0.0765,0.7337,-0.6751,0.7369,-0.659,0.1503,-0.4362,-0.6335,-0.6391,25.5,0.6413,0.577,0.588,0.88989,338.0,635.3,316.7,616.1,359.4,654.7,162,0.35,1
155,127.572,-189.189,190.63,-0.1089,0.7374,-0.6667,0.7317,-0.6626,0.16,-0.4388,-0.6374,-0.6333,25.5,0.675,0.427,0.663,1.01965,337.7,633.6,316.5,614.2,359.0,653.1,163,0.574,1
156,127.337,-187.794,189.374,-0.1389,0.7369,-0.6615,0.7257,-0.6666,0.1706,-0.4444,-0.6434,-0.6234,25.5,0.7049,0.737,0.735,0.92203,337.3,631.9,316.3,612.4,358.4,651.5,165,0.764,1
157,127.048,-186.402,188.124,-0.1661,0.7325,-0.6602,0.7189,-0.6708,0.1822,-0.4534,-0.6513,-0.6085,25.5,0.7311,1.095,0.807,0.83521,336.9,630.2,316.1,610.5,357.8,649.9,166,0.444,1
158,126.71,-185.023,186.873,-0.1913,0.7255,-0.6611,0.7115,-0.6752,0.1947,-0.465,-0.6602,-0.5899,25.5,0.7547,1.356,0.87,0.79231,336.4,628.5,315.8,608.7,357.1,648.4,167,0.104,1
159,126.319,-183.653,185.628,-0.2213,0.7224,-0.6551,0.7034,-0.6796,0.2081,-0.4741,-0.6667,-0.5751,25.5,0.7829,1.063,0.932,0.93113,335.9,626.8,315.5,606.8,356.4,646.8,168,0.248,1
160,125.874,-182.292,184.39,-0.2489,0.7143,-0.6541,0.6947,-0.6841,0.222,-0.489,-0.6757,-0.5517,25.5,0.8068,1.671,0.974,0.87143,335.2,625.1,315.1,605.0,355.5,645.3,169,0.604,1
161,125.379,-180.952,183.149,-0.2733,0.7013,-0.6584,0.6856,-0.6885,0.2365,-0.5099,-0.686,-0.519,25.5,0.8259,2.301,1.013,0.84718,334.6,623.5,314.7,603.2,354.6,643.8,171,0.59,1
162,124.841,-179.64,181.896,-0.2957,0.6862,-0.6647,0.6762,-0.6926,0.2511,-0.5341,-0.6956,-0.4805,25.5,0.8421,2.663,1.022,0.83989,333.9,621.8,314.2,601.5,353.7,642.4,172,0.263,1
163,124.258,-178.353,180.637,-0.3198,0.6738,-0.6661,0.6665,-0.6965,0.2659,-0.5573,-0.7023,-0.4429,25.5,0.8596,2.561,1.038,0.82168,333.1,620.3,313.7,599.8,352.7,640.9,173,0.04,1
164,123.632,-177.091,179.373,-0.342,0.6594,-0.6695,0.6567,-0.7001,0.2805,-0.584,-0.7073,-0.3983,25.5,0.874,2.992,1.028,0.80778,332.3,618.7,313.2,598.1,351.6,639.5,174,0.31,1
165,122.965,-175.859,178.102,-0.3623,0.6429,-0.6749,0.6468,-0.7033,0.2949,-0.6136,-0.7095,-0.3465,25.5,0.8855,3.421,1.018,0.80876,331.5,617.2,312.6,596.5,350.5,638.1,175,0.543,1
166,122.262,-174.659,176.818,-0.381,0.6255,-0.6809,0.637,-0.7063,0.309,-0.6444,-0.7078,-0.2896,25.5,0.8949,3.709,0.999,0.79442,330.6,615.7,312.0,594.9,349.4,636.7,176,0.736,1
167,121.523,-173.491,175.526,-0.4001,0.6092,-0.6847,0.6272,-0.7089,0.3225,-0.6746,-0.7015,-0.23,25.5,0.9036,3.846,0.967,0.76893,329.7,614.2,311.3,593.3,348.2,635.4,177,0.887,1
168,120.748,-172.354,174.227,-0.4188,0.5925,-0.6882,0.6176,-0.7113,0.3356,-0.7049,-0.6899,-0.165,25.5,0.9111,4.163,0.941,0.76643,328.7,612.8,310.6,591.9,346.9,634.0,179,0.843,1
169,119.938,-171.248,172.922,-0.437,0.5754,-0.6913,0.6082,-0.7134,0.348,-0.734,-0.6724,-0.0957,25.5,0.9168,4.423,0.9,0.76191,327.7,611.5,309.9,590.4,345.7,632.7,180,0.837,1
170,119.094,-170.176,171.611,-0.4545,0.5585,-0.6939,0.5989,-0.7154,0.3599,-0.7605,-0.6489,-0.0241,25.5,0.9215,4.578,0.873,0.74085,326.7,610.1,309.1,589.0,344.4,631.5,181,0.886,1
171,118.218,-169.133,170.296,-0.4712,0.5429,-0.6951,0.5899,-0.7171,0.3711,-0.7832,-0.6201,0.0466,25.5,0.9252,4.564,0.829,0.69286,325.6,608.8,308.3,587.7,343.1,630.2,182,0.991,1
172,117.312,-168.121,168.979,-0.4867,0.5267,-0.6969,0.581,-0.7188,0.3818,-0.8018,-0.586,0.1171,25.5,0.9274,4.613,0.803,0.68104,324.5,607.5,307.4,586.3,341.7,629.0,182,0.901,1
173,116.377,-167.14,167.658,-0.5011,0.5099,-0.6992,0.5725,-0.7203,0.3918,-0.8159,-0.5477,0.1852,25.5,0.9281,4.55,0.757,0.67357,323.3,606.3,306.6,585.1,340.3,627.8,183,0.735,1
174,115.416,-166.191,166.333,-0.5143,0.4927,-0.702,0.5641,-0.7217,0.4012,-0.8254,-0.5068,0.249,25.5,0.9273,4.377,0.727,0.66191,322.2,605.1,305.6,583.8,338.9,626.7,184,0.507,1
175,114.431,-165.275,165.002,-0.5268,0.4764,-0.7039,0.556,-0.7229,0.4101,-0.8306,-0.4646,0.3072,25.5,0.926,4.13,0.693,0.62459,321.0,604.0,304.7,582.6,337.5,625.6,185,0.217,1
176,113.422,-164.388,163.669,-0.539,0.4613,-0.7047,0.5482,-0.7241,0.4184,-0.832,-0.4217,0.3603,25.5,0.9244,3.913,0.656,0.58827,319.8,602.8,303.7,581.5,336.1,624.5,186,0.136,1
177,112.391,-163.53,162.334,-0.5503,0.4456,-0.7062,0.5407,-0.7253,0.4262,-0.8305,-0.3796,0.4076,25.5,0.9217,3.63,0.624,0.58744,318.5,601.7,302.7,580.4,334.6,623.4,187,0.554,1
178,111.34,-162.702,160.996,-0.5606,0.4294,-0.7081,0.5334,-0.7263,0.4335,-0.8267,-0.3393,0.4487,25.5,0.9179,3.306,0.594,0.58406,317.3,600.7,301.6,579.3,333.2,622.4,188,1.038,1
179,110.27,-161.905,159.654,-0.5699,0.4128,-0.7105,0.5264,-0.7273,0.4404,-0.8216,-0.3017,0.4837,25.5,0.9131,2.958,0.566,0.58065,316.0,599.7,300.6,578.2,331.7,621.4,188,0.854,1
180,109.184,-161.14,158.307,-0.5784,0.3959,-0.7132,0.5196,-0.7282,0.4468,-0.8156,-0.2671,0.5133,25.5,0.9075,2.632,0.538,0.57859,314.7,598.7,299.5,577.2,330.2,620.4,189,0.303,1
181,108.081,-160.406,156.955,-0.5869,0.3798,-0.7151,0.5131,-0.7292,0.4528,-0.8088,-0.2343,0.5394,25.5,0.9019,2.433,0.51,0.55421,313.4,597.7,298.3,576.3,328.7,619.5,190,0.316,1
182,106.963,-159.701,155.601,-0.5947,0.3649,-0.7163,0.5069,-0.73,0.4584,-0.8018,-0.204,0.5617,25.5,0.8962,2.193,0.481,0.5105,312.1,596.8,297.2,575.4,327.2,618.6,191,1.005,1
183,105.83,-159.024,154.244,-0.602,0.3513,-0.717,0.5009,-0.7309,0.4637,-0.7947,-0.176,0.581,25.5,0.8908,1.991,0.462,0.46783,310.8,595.9,296.1,574.5,325.7,617.7,191,0.888,1
184,104.684,-158.371,152.887,-0.6088,0.3389,-0.7173,0.4951,-0.7317,0.4686,-0.7876,-0.1502,0.5976,25.5,0.8855,1.804,0.437,0.42824,309.4,595.1,294.9,573.6,324.1,616.9,192,0.136,1
185,103.526,-157.74,151.53,-0.6151,0.3279,-0.7171,0.4895,-0.7324,0.4733,-0.7808,-0.1264,0.6119,25.5,0.8806,1.638,0.421,0.38386,308.0,594.2,293.7,572.7,322.6,616.1,193,0.672,1
186,102.357,-157.129,150.173,-0.6208,0.318,-0.7165,0.4841,-0.7331,0.4777,-0.7741,-0.1043,0.6244,25.5,0.8759,1.505,0.401,0.34635,306.7,593.4,292.5,571.9,321.1,615.3,193,1.22,1
187,101.177,-156.538,148.817,-0.6258,0.3063,-0.7174,0.4788,-0.7338,0.4818,-0.7686,-0.0852,0.6341,25.5,0.87,1.267,0.386,0.38617,305.3,592.7,291.3,571.1,319.5,614.5,194,0.366,1
188,99.988,-155.969,147.458,-0.6305,0.2954,-0.7178,0.4738,-0.7345,0.4858,-0.7631,-0.0671,0.6428,25.5,0.8644,1.193,0.369,0.35956,303.9,591.9,290.0,570.4,318.0,613.7,195,0.528,1
189,98.79,-155.419,146.1,-0.6353,0.2858,-0.7174,0.4689,-0.7351,0.4896,-0.7574,-0.0495,0.651,25.5,0.8592,1.159,0.357,0.32516,302.5,591.2,288.8,569.6,316.5,613.0,195,1.365,1
190,97.584,-154.887,144.743,-0.6401,0.2773,-0.7165,0.4641,-0.7357,0.4933,-0.7516,-0.0324,0.6589,25.5,0.8545,1.129,0.349,0.29679,301.1,590.4,287.5,568.9,314.9,612.3,196,0.442,1
191,96.368,-154.369,143.389,-0.6449,0.27,-0.715,0.4596,-0.7363,0.4967,-0.7454,-0.0157,0.6664,25.5,0.8503,1.107,0.325,0.26838,299.7,589.7,286.3,568.2,313.4,611.6,197,0.503,1
192,95.143,-153.864,142.038,-0.6497,0.2637,-0.713,0.4551,-0.7368,0.5,-0.739,0.0008,0.6737,25.5,0.8465,1.097,0.321,0.24732,298.3,589.1,285.0,567.5,311.8,610.9,197,1.39,1
193,93.908,-153.37,140.691,-0.6546,0.2582,-0.7105,0.4508,-0.7373,0.5032,-0.7322,0.0171,0.6809,25.5,0.843,1.093,0.308,0.23552,296.9,588.4,283.7,566.9,310.2,610.2,198,0.433,1
194,92.665,-152.886,139.349,-0.6596,0.2536,-0.7076,0.4466,-0.7377,0.5063,-0.7251,0.0331,0.6878,25.5,0.8399,1.078,0.3,0.22365,295.4,587.7,282.4,566.2,308.7,609.6,199,0.528,1
195,91.412,-152.416,138.011,-0.6645,0.2431,-0.7067,0.4425,-0.7381,0.5093,-0.7197,0.0465,0.6927,25.5,0.8334,0.874,0.292,0.35193,294.0,587.1,281.1,565.6,307.1,608.9,199,1.364,1
196,90.15,-151.965,136.674,-0.6688,0.2344,-0.7055,0.4385,-0.7385,0.5122,-0.7146,0.0591,0.6971,25.5,0.8277,0.819,0.284,0.296,292.6,586.5,279.8,565.0,305.5,608.3,200,0.408,1
197,88.881,-151.528,135.341,-0.6727,0.2278,-0.704,0.4346,-0.7389,0.515,-0.7095,0.0713,0.7011,25.5,0.8232,0.792,0.276,0.23653,291.1,585.9,278.5,564.4,304.0,607.7,201,0.538,1
198,87.604,-151.102,134.01,-0.6762,0.2231,-0.7021,0.4309,-0.7392,0.5177,-0.7045,0.083,0.7049,25.5,0.8198,0.761,0.263,0.18649,289.7,585.3,277.1,563.8,302.4,607.1,201,1.355,1
199,86.322,-150.682,132.684,-0.6794,0.2201,-0.7,0.4272,-0.7394,0.5204,-0.6993,0.0946,0.7085,25.5,0.8173,0.757,0.263,0.14723,288.2,584.7,275.8,563.2,300.8,606.5,202,0.429,1
200,85.033,-150.267,131.361,-0.6823,0.2189,-0.6975,0.4236,-0.7397,0.523,-0.694,0.1061,0.7121,25.5,0.8157,0.754,0.255,0.12148,286.7,584.1,274.4,562.6,299.2,605.9,203,0.471,1
201,83.739,-149.853,130.044,-0.685,0.2192,-0.6948,0.42,-0.7398,0.5256,-0.6884,0.1176,0.7157,25.5,0.8151,0.761,0.254,0.11595,285.3,583.5,273.1,562.1,297.6,605.3,204,1.336,1
202,82.441,-149.437,128.732,-0.6874,0.221,-0.6918,0.4165,-0.74,0.5281,-0.6825,0.1292,0.7194,25.5,0.8152,0.775,0.247,0.12846,283.8,583.0,271.7,561.5,296.0,604.8,204,0.557,1
203,81.138,-149.016,127.425,-0.6896,0.2243,-0.6886,0.4131,-0.7401,0.5306,-0.6762,0.141,0.7231,25.5,0.8162,0.795,0.242,0.15427,282.3,582.4,270.4,560.9,294.5,604.2,205,0.268,1
204,79.831,-148.587,126.126,-0.6919,0.2285,-0.6849,0.4097,-0.7402,0.5332,-0.6691,0.1534,0.7272,25.5,0.8178,0.852,0.245,0.18323,280.8,581.8,269.0,560.4,292.9,603.6,206,1.042,1
205,78.517,-148.155,124.834,-0.6967,0.2276,-0.6803,0.4064,-0.7402,0.5357,-0.6603,0.1673,0.7321,25.5,0.816,0.984,0.237,0.20313,279.4,581.2,267.6,559.8,291.3,603.0,206,0.851,1
206,77.195,-147.725,123.55,-0.7006,0.2271,-0.6765,0.4031,-0.7402,0.5382,-0.6525,0.1799,0.7361,25.5,0.8146,0.879,0.237,0.16555,277.9,580.6,266.3,559.2,289.7,602.4,207,0.138,1
207,75.866,-147.295,122.273,-0.7037,0.227,-0.6733,0.3998,-0.7401,0.5407,-0.6457,0.1912,0.7393,25.5,0.8134,0.778,0.237,0.13491,276.4,580.0,264.9,558.7,288.1,601.8,208,0.529,1
208,74.532,-146.865,121.001,-0.706,0.2273,-0.6708,0.3966,-0.7401,0.5431,-0.6398,0.2014,0.7416,25.5,0.8125,0.688,0.229,0.10324,274.9,579.5,263.5,558.1,286.5,601.2,209,1.143,1
209,73.194,-146.435,119.734,-0.7075,0.2279,-0.6689,0.3934,-0.74,0.5456,-0.635,0.2105,0.7433,25.5,0.8119,0.597,0.233,0.07548,273.4,578.9,262.1,557.5,284.9,600.6,209,0.753,1
210,71.854,-146.003,118.469,-0.7084,0.2289,-0.6677,0.3902,-0.7399,0.548,-0.631,0.2186,0.7444,25.5,0.8117,0.521,0.229,0.05455,271.9,578.3,260.7,557.0,283.3,600.0,210,0.176,1
211,70.514,-145.568,117.206,-0.7086,0.2302,-0.667,0.3871,-0.7398,0.5504,-0.6279,0.2257,0.7449,25.5,0.8117,0.445,0.225,0.0451,270.4,577.7,259.3,556.4,281.7,599.4,211,0.397,1
212,69.173,-145.131,115.944,-0.7081,0.2318,-0.667,0.3839,-0.7396,0.5527,-0.6257,0.2318,0.7448,25.5,0.8119,0.372,0.226,0.05075,268.9,577.1,257.9,555.8,280.1,598.8,212,0.951,1
213,67.834,-144.691,114.682,-0.7069,0.2338,-0.6675,0.3808,-0.7395,0.555,-0.6244,0.2371,0.7443,25.5,0.8125,0.314,0.221,0.0722,267.5,576.5,256.6,555.3,278.5,598.2,212,0.943,1
214,66.498,-144.246,113.417,-0.7052,0.2361,-0.6686,0.3777,-0.7394,0.5573,-0.6239,0.2415,0.7433,25.5,0.8135,0.26,0.221,0.09275,266.0,576.0,255.2,554.7,276.9,597.6,213,0.382,1
215,65.165,-143.797,112.151,-0.7028,0.2386,-0.6701,0.3747,-0.7394,0.5594,-0.6242,0.245,0.7419,25.5,0.8146,0.217,0.21,0.1143,264.5,575.4,253.8,554.1,275.4,596.9,214,0.199,1
216,63.837,-143.342,110.882,-0.7011,0.2424,-0.6706,0.3716,-0.7393,0.5616,-0.6226,0.2502,0.7414,25.5,0.8163,0.313,0.218,0.12698,263.0,574.8,252.4,553.6,273.8,596.3,215,0.811,1
217,62.512,-142.88,109.613,-0.6999,0.2455,-0.6707,0.3686,-0.7393,0.5636,-0.6206,0.2557,0.7413,25.5,0.8175,0.335,0.207,0.10068,261.6,574.1,251.1,553.0,272.2,595.7,215,1.082,1
218,61.188,-142.414,108.344,-0.6991,0.2479,-0.6707,0.3655,-0.7393,0.5656,-0.6184,0.2612,0.7411,25.5,0.8181,0.34,0.211,0.07658,260.1,573.5,249.7,552.4,270.7,595.1,216,0.43,1
219,59.865,-141.942,107.074,-0.6985,0.2497,-0.6706,0.3625,-0.7393,0.5675,-0.6161,0.2668,0.7411,25.5,0.8184,0.347,0.203,0.0575,258.7,572.9,248.4,551.8,269.1,594.4,217,0.272,1
220,58.543,-141.469,105.805,-0.6983,0.2509,-0.6704,0.3594,-0.7394,0.5693,-0.6137,0.2723,0.7411,25.5,0.8181,0.344,0.205,0.03731,257.2,572.3,247.0,551.2,267.6,593.8,218,1.013,1
221,57.222,-140.993,104.537,-0.6983,0.2515,-0.6701,0.3563,-0.7395,0.5711,-0.6111,0.2779,0.7411,25.5,0.8175,0.354,0.205,0.02025,255.8,571.7,245.7,550.6,266.0,593.2,218,0.882,1
222,55.9,-140.517,103.269,-0.6987,0.2516,-0.6697,0.3532,-0.7397,0.5728,-0.6085,0.2834,0.7412,25.5,0.8165,0.349,0.203,0.01736,254.3,571.1,244.3,550.0,264.5,592.6,219,0.101,1
223,54.577,-140.042,102.002,-0.6993,0.2511,-0.6693,0.3501,-0.7399,0.5744,-0.6058,0.2889,0.7413,25.5,0.8151,0.351,0.2,0.02655,252.9,570.5,243.0,549.4,262.9,591.9,220,0.749,1
224,53.253,-139.567,100.736,-0.7003,0.2501,-0.6687,0.347,-0.7402,0.5759,-0.603,0.2943,0.7415,25.5,0.8132,0.349,0.198,0.04648,251.4,569.8,241.6,548.8,261.4,591.3,220,1.145,1
225,51.926,-139.095,99.471,-0.7015,0.2484,-0.668,0.3438,-0.7405,0.5774,-0.6001,0.2997,0.7417,25.5,0.8108,0.351,0.203,0.06644,250.0,569.2,240.3,548.2,259.8,590.7,221,0.259,1
226,50.597,-138.627,98.207,-0.7031,0.2461,-0.6671,0.3406,-0.7409,0.5788,-0.5971,0.3051,0.7419,25.5,0.8079,0.354,0.201,0.08908,248.5,568.6,239.0,547.6,258.3,590.1,222,0.681,1
227,49.264,-138.164,96.946,-0.7052,0.2431,-0.6661,0.3373,-0.7414,0.5801,-0.594,0.3105,0.7422,25.5,0.8045,0.357,0.205,0.1149,247.1,568.0,237.6,547.0,256.7,589.5,222,1.211,1
228,47.928,-137.708,95.687,-0.7073,0.2395,-0.6652,0.334,-0.742,0.5813,-0.5913,0.3154,0.7422,25.5,0.8006,0.321,0.204,0.12914,245.6,567.4,236.3,546.4,255.1,588.9,223,0.221,1
229,46.591,-137.256,94.426,-0.7061,0.2378,-0.667,0.3306,-0.7426,0.5825,-0.5928,0.3169,0.7404,25.5,0.7986,0.159,0.209,0.08328,244.2,566.9,234.9,545.8,253.6,588.3,224,0.82,1
230,45.255,-136.808,93.163,-0.7056,0.2361,-0.6681,0.3271,-0.7433,0.5835,-0.593,0.3193,0.7392,25.5,0.7961,0.154,0.212,0.06314,242.7,566.3,233.6,545.2,252.0,587.7,224,1.073,1
231,43.92,-136.362,91.898,-0.7059,0.2346,-0.6683,0.3235,-0.7441,0.5845,-0.592,0.3227,0.7385,25.5,0.7935,0.207,0.219,0.04671,241.3,565.7,232.3,544.6,250.5,587.1,225,0.024,1
232,42.583,-135.92,90.634,-0.707,0.2331,-0.6677,0.3199,-0.745,0.5854,-0.5896,0.3272,0.7385,25.5,0.7907,0.292,0.219,0.05917,239.8,565.1,230.9,544.1,248.9,586.6,226,1.107,2
233,41.244,-135.48,89.371,-0.7088,0.2317,-0.6662,0.3161,-0.7459,0.5863,-0.5859,0.3326,0.739,25.5,0.7875,0.376,0.23,0.08263,238.4,564.6,229.6,543.5,247.3,586.0,226,0.786,2
234,39.9,-135.043,88.113,-0.7116,0.2304,-0.6637,0.3122,-0.747,0.587,-0.5807,0.339,0.7402,25.5,0.7839,0.477,0.236,0.12025,237.0,564.0,228.3,542.9,245.8,585.5,227,0.315,2
235,38.549,-134.608,86.859,-0.7153,0.2291,-0.6602,0.3081,-0.7481,0.5877,-0.5738,0.3466,0.742,25.5,0.7798,0.597,0.246,0.15911,235.5,563.4,227.0,542.3,244.2,584.9,228,1.399,2
236,37.191,-134.176,85.614,-0.7201,0.2278,-0.6554,0.3039,-0.7493,0.5883,-0.5652,0.3554,0.7445,25.5,0.7751,0.719,0.253,0.20925,234.0,562.9,225.6,541.8,242.6,584.4,228,0.494,2
237,35.824,-133.746,84.38,-0.7262,0.2265,-0.6491,0.2995,-0.7507,0.5889,-0.5544,0.3655,0.7478,25.5,0.7698,0.868,0.267,0.26853,232.6,562.3,224.3,541.2,241.0,583.8,229,0.557,2
238,34.441,-133.318,83.159,-0.7338,0.2252,-0.641,0.2949,-0.7521,0.5894,-0.541,0.3771,0.7518,25.5,0.7636,1.041,0.277,0.33836,231.1,561.8,223.0,540.6,239.4,583.3,229,1.337,2
239,33.045,-132.894,81.955,-0.7414,0.2237,-0.6326,0.2901,-0.7536,0.5898,-0.5275,0.3883,0.7556,25.5,0.7568,1.028,0.289,0.34614,229.6,561.2,221.6,540.1,237.7,582.8,230,0.339,2
240,31.637,-132.472,80.763,-0.747,0.2221,-0.6267,0.285,-0.7553,0.5902,-0.5178,0.3968,0.7579,25.5,0.7505,0.751,0.309,0.25096,228.1,560.7,220.3,539.5,236.1,582.3,231,0.586,2
241,30.217,-132.053,79.584,-0.7533,0.2202,-0.6197,0.2797,-0.757,0.5905,-0.507,0.4058,0.7604,25.5,0.7433,0.818,0.319,0.29084,226.6,560.2,218.9,538.9,234.4,581.8,231,1.307,2
242,28.785,-131.638,78.418,-0.7604,0.2179,-0.6118,0.2742,-0.7589,0.5907,-0.495,0.4153,0.7632,25.5,0.7353,0.892,0.334,0.32905,225.1,559.6,217.6,538.4,232.7,581.3,232,0.471,2
243,27.339,-131.229,77.269,-0.7682,0.2154,-0.6029,0.2683,-0.7609,0.5909,-0.4821,0.425,0.7661,25.5,0.7263,0.94,0.357,0.36629,223.6,559.1,216.2,537.8,231.0,580.8,233,0.271,2
244,25.877,-130.824,76.137,-0.7767,0.2125,-0.593,0.262,-0.763,0.5909,-0.4682,0.4349,0.7692,25.5,0.716,0.994,0.38,0.40466,222.0,558.6,214.9,537.3,229.3,580.3,234,0.913,2
245,24.399,-130.424,75.025,-0.7856,0.2093,-0.5823,0.2554,-0.7652,0.5909,-0.4538,0.4448,0.7722,25.5,0.7049,1.016,0.399,0.43238,220.5,558.1,213.5,536.7,227.5,579.8,234,0.979,2
246,22.904,-130.032,73.934,-0.7947,0.2061,-0.5709,0.2484,-0.7677,0.5908,-0.439,0.4545,0.7751,25.5,0.6929,1.027,0.426,0.45212,218.9,557.6,212.1,536.2,225.8,579.4,235,0.433,2
247,21.391,-129.644,72.865,-0.8042,0.2033,-0.5586,0.2409,-0.7702,0.5905,-0.4231,0.4642,0.7781,25.5,0.6802,1.081,0.453,0.47812,217.3,557.1,210.8,535.7,223.9,579.0,236,0.017,2
248,19.86,-129.262,71.82,-0.8135,0.1999,-0.5462,0.2329,-0.7729,0.5902,-0.408,0.4732,0.7808,25.5,0.6663,1.019,0.484,0.48042,215.7,556.6,209.4,535.1,222.1,578.5,237,0.368,2
249,18.312,-128.888,70.798,-0.8226,0.196,-0.5338,0.2244,-0.7758,0.5897,-0.3935,0.4814,0.7832,25.5,0.6514,0.964,0.515,0.48042,214.1,556.2,208.0,534.6,220.2,578.1,238,0.623,2
250,16.747,-128.521,69.799,-0.8316,0.1914,-0.5213,0.2153,-0.7789,0.5891,-0.3798,0.489,0.7853,25.5,0.6352,0.906,0.552,0.48668,212.4,555.7,206.6,534.1,218.3,577.7,239,0.778,2
251,15.165,-128.164,68.825,-0.8406,0.186,-0.5087,0.2055,-0.7821,0.5883,-0.3667,0.4958,0.7872,25.5,0.6175,0.853,0.592,0.49649,210.8,555.3,205.2,533.6,216.4,577.3,240,0.835,2
252,13.565,-127.818,67.874,-0.8497,0.1792,-0.4958,0.195,-0.7855,0.5874,-0.3545,0.5019,0.7889,25.5,0.5977,0.788,0.634,0.52044,209.1,554.8,203.9,533.1,214.4,577.0,241,0.795,2
253,11.948,-127.488,66.949,-0.86,0.1695,-0.4813,0.1838,-0.789,0.5863,-0.3423,0.5077,0.7906,25.5,0.574,0.78,0.675,0.61341,207.4,554.4,202.5,532.6,212.4,576.6,242,0.664,2
254,10.31,-127.174,66.054,-0.8702,0.1628,-0.4651,0.1718,-0.7926,0.585,-0.3275,0.5141,0.7927,25.5,0.5506,0.932,0.722,0.61411,205.7,554.0,201.1,532.1,210.4,576.3,243,0.448,2
255,8.654,-126.87,65.19,-0.88,0.1597,-0.4473,0.1589,-0.7964,0.5836,-0.3098,0.521,0.7953,25.5,0.5281,1.099,0.775,0.62234,204.0,553.6,199.7,531.6,208.3,576.0,244,0.154,2
256,6.98,-126.568,64.361,-0.8893,0.1604,-0.4283,0.1453,-0.8001,0.582,-0.2892,0.5282,0.7984,25.5,0.5068,1.263,0.813,0.64082,202.2,553.3,198.4,531.2,206.2,575.7,245,0.212,2
257,5.289,-126.261,63.57,-0.8983,0.1631,-0.4081,0.1308,-0.8039,0.5802,-0.2669,0.5351,0.8015,25.5,0.4854,1.349,0.865,0.6745,200.5,552.9,197.0,530.7,204.0,575.4,246,0.644,2
258,3.58,-125.953,62.818,-0.9078,0.1618,-0.3869,0.1156,-0.8076,0.5783,-0.2464,0.5407,0.8043,25.5,0.4594,1.228,0.903,0.70449,198.7,552.5,195.6,530.3,201.8,575.1,248,0.214,2
259,1.853,-125.648,62.106,-0.9171,0.1611,-0.3646,0.0996,-0.8111,0.5763,-0.225,0.5458,0.8071,25.5,0.4321,1.271,0.945,0.73188,196.9,552.1,194.3,529.8,199.6,574.9,249,0.379,2
260,0.109,-125.343,61.438,-0.9261,0.161,-0.3413,0.083,-0.8145,0.5742,-0.2028,0.5503,0.81,25.5,0.404,1.308,0.978,0.75626,195.1,551.8,192.9,529.4,197.3,574.6,251,0.197,2
261,-1.652,-125.038,60.815,-0.9345,0.1616,-0.3171,0.0659,-0.8176,0.572,-0.18,0.554,0.8128,25.5,0.3751,1.333,1.004,0.77578,193.3,551.4,191.6,528.9,195.0,574.3,252,0.523,2
262,-3.428,-124.732,60.237,-0.9425,0.1611,-0.2928,0.0485,-0.8204,0.5697,-0.1581,0.5569,0.8154,25.5,0.3447,1.275,1.018,0.77477,191.5,551.1,190.2,528.5,192.7,574.0,254,0.178,2
263,-5.219,-124.428,59.709,-0.9507,0.1608,-0.2653,0.031,-0.8229,0.5674,-0.1337,0.5591,0.8182,25.5,0.3123,1.413,1.021,0.86895,189.6,550.7,188.8,528.1,190.4,573.7,256,0.043,2
264,-7.026,-124.124,59.235,-0.9586,0.1607,-0.2351,0.0139,-0.8249,0.5651,-0.1074,0.5606,0.8211,25.5,0.2787,1.519,0.995,0.94518,187.7,550.3,187.4,527.7,188.0,573.4,258,0.148,2
265,-8.847,-123.82,58.82,-0.9657,0.1593,-0.2051,-0.0027,-0.8265,0.5629,-0.0824,0.5611,0.8236,25.5,0.2445,1.44,0.964,0.93438,185.9,550.0,186.0,527.3,185.7,573.0,260,0.168,2
266,-10.68,-123.522,58.457,-0.9718,0.1565,-0.1767,-0.0182,-0.8278,0.5608,-0.0598,0.5608,0.8258,25.5,0.211,1.301,0.899,0.88357,184.0,549.7,184.5,527.0,183.4,572.7,262,0.126,2
267,-12.524,-123.225,58.155,-0.9771,0.1584,-0.1424,-0.0322,-0.8287,0.5588,-0.03,0.5597,0.8282,25.5,0.1794,1.714,0.812,1.05247,182.1,549.3,183.0,526.6,181.1,572.4,264,0.044,2
268,-14.377,-122.92,57.921,-0.9809,0.1647,-0.1037,-0.0444,-0.8293,0.557,0.0058,0.5573,0.8303,25.5,0.1508,2.059,0.707,1.19274,180.1,549.0,181.4,526.3,178.8,572.1,266,0.064,2
269,-16.235,-122.6,57.761,-0.9826,0.1733,-0.0676,-0.0543,-0.8299,0.5553,0.0405,0.5538,0.8317,25.5,0.128,2.0,0.577,1.12487,178.2,548.7,179.8,526.0,176.6,571.7,268,0.167,2
270,-18.096,-122.266,57.665,-0.9834,0.1784,-0.0343,-0.0618,-0.8304,0.5537,0.0707,0.5497,0.8324,25.5,0.1064,1.747,0.44,1.02026,176.3,548.3,178.1,525.6,174.5,571.4,270,0.252,2
271,-19.957,-121.927,57.633,-0.9837,0.18,0.0016,-0.067,-0.8311,0.5521,0.1011,0.5448,0.8324,25.5,0.0828,1.764,0.314,1.08807,174.4,548.0,176.3,525.2,172.4,571.1,272,0.301,2
272,-21.818,-121.587,57.672,-0.9832,0.1782,0.0404,-0.0701,-0.8319,0.5505,0.1319,0.5393,0.8317,25.5,0.0571,1.793,0.205,1.17619,172.5,547.6,174.5,524.9,170.4,570.7,274,0.293,2
273,-23.677,-121.254,57.787,-0.9815,0.1739,0.0803,-0.0712,-0.833,0.5487,0.1624,0.5331,0.8303,25.5,0.0309,1.785,0.136,1.21631,170.5,547.3,172.6,524.5,168.4,570.4,276,0.214,2
274,-25.532,-120.928,57.974,-0.9783,0.1715,0.1163,-0.0706,-0.8343,0.5468,0.1909,0.5267,0.8283,25.5,0.0104,1.678,0.136,1.0967,168.6,547.0,170.7,524.2,166.5,570.1,278,0.048,2
275,-27.379,-120.604,58.226,-0.9737,0.1714,0.1499,-0.0684,-0.8359,0.5446,0.2187,0.52,0.8257,25.5,0.005,1.645,0.2,1.0269,166.7,546.6,168.7,523.8,164.7,569.8,280,0.223,2
276,-29.217,-120.278,58.54,-0.968,0.1734,0.1814,-0.065,-0.8378,0.5422,0.246,0.5131,0.8223,25.5,0.016,1.625,0.262,0.97111,164.8,546.3,166.7,523.4,162.8,569.6,281,0.544,2
277,-31.042,-119.946,58.912,-0.9611,0.1773,0.2117,-0.0606,-0.8398,0.5394,0.2735,0.5058,0.8182,25.5,0.0235,1.647,0.32,0.94835,162.9,546.0,164.7,523.1,161.0,569.3,283,0.09,2
278,-32.854,-119.609,59.344,-0.953,0.1788,0.2444,-0.0553,-0.8421,0.5364,0.3019,0.498,0.8129,25.5,0.0332,1.715,0.373,1.02109,161.0,545.7,162.7,522.7,159.3,569.1,285,0.493,2
279,-34.649,-119.269,59.835,-0.9448,0.18,0.2736,-0.0494,-0.8446,0.5331,0.3273,0.4906,0.8076,25.5,0.0405,1.546,0.413,0.91913,159.2,545.4,160.7,522.3,157.6,568.8,286,0.113,2
280,-36.43,-118.928,60.377,-0.937,0.1811,0.2988,-0.0429,-0.8472,0.5295,0.3494,0.4838,0.8024,25.5,0.045,1.358,0.451,0.79939,157.3,545.1,158.7,521.9,155.9,568.5,288,0.663,2
281,-38.196,-118.584,60.963,-0.9298,0.1821,0.32,-0.036,-0.8499,0.5256,0.3681,0.4777,0.7977,25.5,0.0469,1.159,0.48,0.67856,155.5,544.7,156.7,521.5,154.2,568.3,289,0.153,3
282,-39.949,-118.239,61.586,-0.9223,0.1828,0.3406,-0.0286,-0.8528,0.5215,0.3862,0.4718,0.7926,25.5,0.0481,1.129,0.512,0.66416,153.6,544.4,154.7,521.2,152.6,568.1,290,0.325,3
283,-41.686,-117.892,62.253,-0.9136,0.1832,0.3631,-0.021,-0.8556,0.5172,0.4059,0.4654,0.7865,25.5,0.0502,1.237,0.525,0.73035,151.8,544.1,152.7,520.8,150.9,567.8,292,0.686,3
284,-43.408,-117.545,62.958,-0.906,0.1837,0.3813,-0.013,-0.8586,0.5125,0.4221,0.4599,0.7812,25.5,0.0495,1.026,0.559,0.59739,150.0,543.8,150.7,520.4,149.3,567.6,293,0.269,3
285,-45.116,-117.197,63.694,-0.8994,0.1844,0.3963,-0.0046,-0.8616,0.5075,0.4355,0.4552,0.7766,25.5,0.0464,0.855,0.586,0.49662,148.2,543.5,148.7,520.0,147.8,567.4,294,0.144,3
286,-46.812,-116.847,64.457,-0.8937,0.1852,0.4086,0.0043,-0.8648,0.5022,0.4467,0.4509,0.7727,25.5,0.0412,0.723,0.621,0.41114,146.4,543.2,146.7,519.6,146.2,567.1,295,0.558,3
287,-48.499,-116.496,65.24,-0.8889,0.1863,0.4185,0.0137,-0.868,0.4963,0.456,0.4472,0.7695,25.5,0.0338,0.602,0.662,0.33478,144.7,542.9,144.7,519.2,144.7,566.9,297,0.469,3
288,-50.174,-116.139,66.045,-0.8806,0.191,0.4336,0.0237,-0.8714,0.49,0.4716,0.4419,0.7631,25.5,0.0252,1.013,0.705,0.54077,142.9,542.6,142.7,518.8,143.2,566.7,298,0.003,3
289,-51.833,-115.774,66.879,-0.873,0.1938,0.4476,0.0343,-0.8748,0.4832,0.4853,0.4372,0.7572,25.5,0.0168,0.896,0.747,0.48969,141.2,542.2,140.6,518.4,141.7,566.4,299,0.492,3
290,-53.479,-115.408,67.737,-0.8674,0.1932,0.4586,0.0454,-0.8784,0.4758,0.4948,0.4336,0.7531,25.5,0.0091,0.628,0.792,0.37416,139.4,541.9,138.6,518.0,140.2,566.2,301,0.329,3
291,-55.117,-115.045,68.613,-0.8638,0.1894,0.4669,0.0571,-0.8819,0.468,0.5004,0.4309,0.751,25.5,0.0022,0.376,0.83,0.29708,137.7,541.6,136.6,517.6,138.8,566.0,302,0.245,3
292,-56.75,-114.693,69.502,-0.8623,0.1824,0.4724,0.0694,-0.8854,0.4596,0.5022,0.4291,0.7508,25.5,0.0042,0.146,0.877,0.27333,136.0,541.3,134.5,517.2,137.4,565.8,304,0.436,3
293,-58.382,-114.357,70.4,-0.8626,0.1722,0.4756,0.0822,-0.8889,0.4506,0.5004,0.4278,0.7527,25.5,0.0097,0.167,0.919,0.32379,134.2,541.0,132.5,516.8,136.0,565.6,305,0.2,3
294,-60.007,-114.034,71.314,-0.8552,0.1687,0.4901,0.0955,-0.8923,0.4412,0.5118,0.4241,0.7471,25.5,0.016,0.758,0.953,0.50417,132.5,540.7,130.4,516.4,134.7,565.4,307,0.369,3
295,-61.621,-113.719,72.251,-0.8511,0.1635,0.4989,0.1091,-0.8956,0.4314,0.5175,0.4217,0.7446,25.5,0.0241,0.382,0.979,0.33343,130.8,540.5,128.3,516.1,133.3,565.2,308,0.31,3
296,-63.23,-113.416,73.199,-0.8505,0.1567,0.5022,0.1228,-0.8986,0.4213,0.5175,0.4202,0.7454,25.5,0.0337,0.097,0.99,0.22955,129.1,540.2,126.3,515.8,132.0,565.0,310,0.237,3
297,-64.842,-113.127,74.148,-0.8534,0.1483,0.4997,0.1364,-0.9013,0.4113,0.5119,0.4195,0.7497,25.5,0.0445,0.407,0.979,0.27948,127.4,540.0,124.2,515.5,130.6,564.8,311,0.418,3
298,-66.463,-112.856,75.087,-0.8597,0.1384,0.4916,0.1496,-0.9036,0.4013,0.5006,0.4193,0.7574,25.5,0.0564,0.784,0.958,0.43172,125.6,539.8,122.1,515.2,129.2,564.7,313,0.246,3
299,-68.097,-112.604,76.007,-0.8657,0.127,0.4842,0.1623,-0.9056,0.3918,0.4893,0.4187,0.7651,25.5,0.0658,0.784,0.916,0.44984,123.9,539.6,120.0,514.9,127.8,564.5,314,0.313,3
300,-69.736,-112.374,76.924,-0.867,0.1167,0.4845,0.1743,-0.9073,0.3827,0.4855,0.4173,0.7682,25.5,0.0716,0.292,0.868,0.31443,122.1,539.4,117.9,514.7,126.4,564.4,316,0.598,3
301,-71.38,-112.162,77.838,-0.8701,0.1081,0.4809,0.1858,-0.9086,0.374,0.4789,0.4161,0.773,25.5,0.08,0.473,0.83,0.29745,120.4,539.2,115.9,514.5,125.0,564.2,317,0.173,3
302,-73.031,-111.964,78.742,-0.875,0.101,0.4735,0.1967,-0.9097,0.3657,0.4696,0.4149,0.7793,25.5,0.0908,0.647,0.788,0.3441,118.6,539.1,113.8,514.3,123.5,564.1,318,0.216,3
303,-74.693,-111.778,79.628,-0.8818,0.0953,0.4618,0.2072,-0.9105,0.3578,0.4571,0.4135,0.7875,25.5,0.1042,0.86,0.754,0.4446,116.8,539.0,111.8,514.2,122.0,564.0,319,0.568,3
304,-76.37,-111.602,80.487,-0.8907,0.0909,0.4454,0.2173,-0.9111,0.3503,0.4408,0.4118,0.7976,25.5,0.1203,1.103,0.722,0.58044,115.1,538.8,109.7,514.0,120.5,563.9,321,0.708,3
305,-78.064,-111.435,81.314,-0.8984,0.0845,0.4309,0.2271,-0.9115,0.343,0.4256,0.4097,0.8069,25.5,0.1332,1.028,0.701,0.53352,113.2,538.7,107.6,513.9,118.9,563.8,322,0.438,3
306,-79.769,-111.283,82.119,-0.9045,0.0768,0.4195,0.2365,-0.9117,0.336,0.4125,0.4073,0.8148,25.5,0.143,0.887,0.672,0.45562,111.4,538.6,105.5,513.8,117.3,563.7,323,0.19,3
307,-81.488,-111.143,82.899,-0.9118,0.0707,0.4045,0.2457,-0.9117,0.3293,0.3969,0.4046,0.8239,25.5,0.1553,1.046,0.652,0.53777,109.6,538.5,103.5,513.7,115.8,563.6,324,0.039,3
308,-83.221,-111.014,83.648,-0.9202,0.0663,0.3858,0.2545,-0.9115,0.323,0.3786,0.4012,0.834,25.5,0.17,1.213,0.62,0.63487,107.7,538.4,101.4,513.6,114.1,563.5,325,0.245,3
309,-84.971,-110.891,84.357,-0.9296,0.0637,0.363,0.263,-0.9113,0.3169,0.3573,0.3971,0.8453,25.5,0.1875,1.401,0.6,0.75078,105.8,538.3,99.3,513.5,112.5,563.4,326,0.428,3
310,-86.74,-110.772,85.02,-0.939,0.0614,0.3385,0.2712,-0.9108,0.3112,0.3345,0.3924,0.8568,25.5,0.2052,1.488,0.573,0.79758,104.0,538.3,97.2,513.5,110.8,563.3,327,0.585,3
311,-88.524,-110.66,85.64,-0.9467,0.0566,0.3171,0.279,-0.9103,0.3058,0.3135,0.3874,0.867,25.5,0.2187,1.368,0.544,0.70378,102.1,538.2,95.0,513.4,109.1,563.2,328,0.714,3
312,-90.323,-110.557,86.218,-0.9546,0.0528,0.2931,0.2864,-0.9097,0.3008,0.2906,0.3817,0.8774,25.5,0.2333,1.478,0.513,0.77362,100.1,538.1,92.9,513.3,107.4,563.1,329,0.813,3
313,-92.137,-110.46,86.748,-0.9626,0.05,0.2663,0.2935,-0.9089,0.2961,0.2653,0.375,0.8882,25.5,0.2491,1.622,0.49,0.85106,98.2,538.1,90.8,513.3,105.7,563.0,330,0.879,3
314,-93.966,-110.367,87.224,-0.9705,0.0482,0.2364,0.3002,-0.9082,0.2918,0.2373,0.3674,0.8993,25.5,0.2661,1.78,0.458,0.93797,96.2,538.0,88.7,513.3,103.9,562.9,331,0.91,3
315,-95.81,-110.277,87.642,-0.9773,0.0465,0.2065,0.3065,-0.9073,0.2877,0.2093,0.3591,0.9095,25.5,0.2823,1.772,0.434,0.92992,94.3,537.9,86.5,513.2,102.1,562.8,332,0.9,3
316,-97.665,-110.192,88.005,-0.9835,0.0438,0.1758,0.3125,-0.9065,0.284,0.1799,0.35,0.9193,25.5,0.2971,1.851,0.406,0.95178,92.3,537.9,84.4,513.2,100.3,562.8,333,0.837,3
317,-99.532,-110.112,88.306,-0.989,0.0408,0.1422,0.318,-0.9056,0.2806,0.1476,0.3397,0.9289,25.5,0.3115,2.019,0.374,1.03494,90.3,537.8,82.3,513.1,98.5,562.7,334,0.708,3
318,-101.407,-110.038,88.542,-0.9935,0.0376,0.1077,0.3232,-0.9047,0.2775,0.1141,0.3283,0.9376,25.5,0.3252,2.088,0.351,1.05799,88.3,537.7,80.2,513.1,96.6,562.6,335,0.5,3
319,-103.291,-109.97,88.714,-0.9967,0.0341,0.0742,0.3281,-0.9039,0.2746,0.0812,0.3166,0.9451,25.5,0.3375,2.046,0.329,1.02432,86.4,537.7,78.0,513.1,94.7,562.5,336,0.2,3
320,-105.179,-109.909,88.824,-0.9986,0.0302,0.0425,0.3326,-0.903,0.272,0.0497,0.3048,0.9511,25.5,0.3478,1.958,0.302,0.96877,84.4,537.6,75.9,513.0,92.9,562.4,337,0.209,3
321,-107.07,-109.855,88.876,-0.9995,0.0274,0.0122,0.3367,-0.9022,0.2696,0.0197,0.293,0.9559,25.5,0.358,1.868,0.276,0.92178,82.4,537.6,73.8,513.0,91.0,562.3,338,0.741,3
322,-108.962,-109.804,88.872,-0.9995,0.0258,-0.0165,0.3406,-0.9014,0.2674,-0.0086,0.2814,0.9595,25.5,0.3681,1.765,0.261,0.87042,80.4,537.5,71.7,513.0,89.1,562.2,338,1.152,3
323,-110.852,-109.756,88.814,-0.9987,0.0251,-0.0435,0.3441,-0.9006,0.2654,-0.0351,0.2701,0.9622,25.5,0.3778,1.658,0.235,0.81822,78.4,537.5,69.7,512.9,87.2,562.2,339,0.481,3
324,-112.741,-109.709,88.708,-0.9973,0.0239,-0.0687,0.3475,-0.8999,0.2635,-0.0602,0.259,0.964,25.5,0.3862,1.576,0.227,0.76512,76.4,537.4,67.6,512.9,85.3,562.1,340,0.342,3
325,-114.627,-109.667,88.555,-0.9955,0.021,-0.0926,0.3506,-0.8992,0.2618,-0.0845,0.248,0.9651,25.5,0.3921,1.53,0.207,0.73096,74.4,537.3,65.5,512.9,83.4,562.0,341,1.319,3
326,-116.509,-109.628,88.358,-0.9931,0.02,-0.1154,0.3536,-0.8985,0.2602,-0.1074,0.2373,0.9655,25.5,0.3992,1.448,0.199,0.69477,72.5,537.3,63.5,512.8,81.5,561.9,341,0.574,3
327,-118.386,-109.59,88.119,-0.9903,0.0205,-0.1374,0.3563,-0.8979,0.2586,-0.1293,0.2267,0.9653,25.5,0.4068,1.394,0.183,0.67163,70.5,537.2,61.5,512.8,79.6,561.8,342,0.562,3
328,-120.257,-109.55,87.838,-0.987,0.0225,-0.1592,0.3589,-0.8972,0.2572,-0.1507,0.2162,0.9647,25.5,0.4154,1.366,0.174,0.67028,68.6,537.2,59.5,512.8,77.7,561.8,342,1.331,3
329,-122.121,-109.505,87.516,-0.9832,0.0259,-0.1809,0.3614,-0.8966,0.2558,-0.1719,0.2056,0.9634,25.5,0.4248,1.36,0.168,0.67489,66.6,537.1,57.5,512.7,75.9,561.7,343,0.037,3
330,-123.977,-109.452,87.154,-0.9789,0.0282,-0.2025,0.3638,-0.8961,0.2545,-0.1934,0.1946,0.9616,25.5,0.4329,1.388,0.159,0.67048,64.7,537.0,55.5,512.7,74.0,561.6,344,1.425,3
331,-125.826,-109.399,86.751,-0.9744,0.0288,-0.2228,0.366,-0.8955,0.2532,-0.2139,0.1838,0.9594,25.5,0.4388,1.334,0.15,0.62981,62.8,536.9,53.5,512.6,72.1,561.5,344,0.468,3
332,-127.666,-109.343,86.311,-0.9698,0.0304,-0.2419,0.3681,-0.895,0.2519,-0.2333,0.1734,0.9568,25.5,0.4451,1.27,0.144,0.59679,60.9,536.9,51.6,512.5,70.3,561.3,345,1.159,3
333,-129.496,-109.283,85.836,-0.965,0.0329,-0.2602,0.3702,-0.8945,0.2507,-0.2517,0.1633,0.9539,25.5,0.4519,1.214,0.142,0.57779,59.0,536.8,49.6,512.5,68.5,561.2,345,0.734,3
334,-131.318,-109.218,85.326,-0.9599,0.0364,-0.2778,0.3721,-0.894,0.2496,-0.2694,0.1533,0.9508,25.5,0.4591,1.178,0.129,0.56482,57.1,536.7,47.7,512.4,66.6,561.1,346,1.066,3
335,-133.13,-109.145,84.784,-0.9546,0.0408,-0.295,0.374,-0.8936,0.2484,-0.2866,0.1434,0.9473,25.5,0.4668,1.155,0.131,0.56098,55.3,536.5,45.8,512.3,64.8,561.0,346,0.827,3
336,-134.931,-109.063,84.21,-0.949,0.0462,-0.3119,0.3758,-0.8931,0.2473,-0.3036,0.1335,0.9434,25.5,0.475,1.149,0.124,0.56329,53.4,536.4,43.9,512.2,63.0,560.8,347,1.151,3
337,-136.721,-108.974,83.604,-0.9431,0.0471,-0.3291,0.3775,-0.8927,0.2462,-0.3214,0.123,0.9389,25.5,0.4791,1.212,0.118,0.55127,51.6,536.3,42.1,512.1,61.2,560.7,347,0.741,3
338,-138.5,-108.883,82.966,-0.9373,0.0492,-0.3451,0.3792,-0.8923,0.2451,-0.3381,0.113,0.9343,25.5,0.4839,1.146,0.118,0.51918,49.8,536.1,40.2,512.0,59.4,560.5,348,1.416,3
339,-140.269,-108.787,82.298,-0.9313,0.0527,-0.3604,0.3808,-0.8919,0.244,-0.3539,0.1032,0.9296,25.5,0.4896,1.099,0.114,0.50869,48.0,536.0,38.4,511.8,57.7,560.3,348,0.477,3
340,-142.025,-108.683,81.601,-0.925,0.0578,-0.3756,0.3824,-0.8915,0.2429,-0.3696,0.0933,0.9245,25.5,0.4965,1.103,0.114,0.52152,46.2,535.8,36.6,511.7,55.9,560.2,349,1.815,3
341,-143.769,-108.567,80.876,-0.918,0.0647,-0.3912,0.3839,-0.8912,0.2418,-0.3857,0.0831,0.9189,25.5,0.5047,1.138,0.108,0.55823,44.5,535.7,34.8,511.6,54.2,560.0,349,0.078,3
342,-145.499,-108.437,80.12,-0.9102,0.0737,-0.4076,0.3854,-0.8908,0.2407,-0.4027,0.0723,0.9125,25.5,0.5146,1.211,0.109,0.61365,42.7,535.5,33.0,511.4,52.5,559.8,349,1.97,3
343,-147.214,-108.287,79.332,-0.901,0.0854,-0.4254,0.3869,-0.8905,0.2395,-0.4215,0.0602,0.9048,25.5,0.5265,1.355,0.111,0.7024,41.0,535.3,31.3,511.2,50.8,559.5,350,0.39,3
344,-148.909,-108.118,78.509,-0.8911,0.0927,-0.4443,0.3884,-0.8901,0.2384,-0.4418,0.0471,0.8959,25.5,0.5345,1.475,0.109,0.6829,39.3,535.1,29.5,511.0,49.1,559.3,350,1.502,3
345,-150.586,-107.935,77.651,-0.8808,0.1007,-0.4626,0.3899,-0.8898,0.2372,-0.4617,0.0339,0.8864,25.5,0.5428,1.473,0.111,0.68036,37.6,534.8,27.8,510.8,47.5,559.0,351,0.866,3
346,-152.242,-107.736,76.758,-0.8698,0.1104,-0.481,0.3914,-0.8895,0.2359,-0.4819,0.0203,0.876,25.5,0.5521,1.517,0.115,0.71236,36.0,534.5,26.1,510.5,45.9,558.7,351,1.028,3
347,-153.877,-107.516,75.83,-0.8575,0.1221,-0.4999,0.3929,-0.8891,0.2347,-0.503,0.0058,0.8643,25.5,0.5628,1.613,0.112,0.76915,34.4,534.2,24.5,510.3,44.3,558.4,352,1.288,3
348,-155.486,-107.272,74.866,-0.8432,0.1367,-0.5199,0.3944,-0.8888,0.2333,-0.526,-0.0102,0.8504,25.5,0.5753,1.792,0.119,0.86587,32.8,533.9,22.9,510.0,42.7,558.0,352,0.606,3
349,-157.066,-106.996,73.861,-0.8258,0.1549,-0.5422,0.396,-0.8885,0.2319,-0.5524,-0.0287,0.8331,25.5,0.5904,2.096,0.123,1.01838,31.2,533.6,21.3,509.6,41.2,557.7,353,1.604,3
350,-158.61,-106.688,72.811,-0.8052,0.1717,-0.5676,0.3976,-0.8882,0.2305,-0.5825,-0.0502,0.8113,25.5,0.6035,2.46,0.123,1.11336,29.7,533.2,19.7,509.3,39.7,557.3,353,0.293,3
351,-160.113,-106.345,71.713,-0.7822,0.1904,-0.5932,0.3992,-0.8878,0.2289,-0.6139,-0.0734,0.786,25.5,0.6171,2.666,0.132,1.18587,28.2,532.8,18.2,508.9,38.3,556.8,354,1.77,3
352,-161.569,-105.965,70.565,-0.7559,0.2117,-0.6196,0.4009,-0.8875,0.2273,-0.6472,-0.0988,0.7559,25.5,0.6318,2.955,0.135,1.2997,26.8,532.3,16.8,508.4,36.9,556.3,354,0.136,3
353,-162.971,-105.542,69.367,-0.7247,0.2366,-0.6471,0.4026,-0.8871,0.2256,-0.6834,-0.1274,0.7188,25.5,0.6476,3.393,0.14,1.46783,25.5,531.8,15.4,508.0,35.6,555.7,355,1.753,3
354,-164.306,-105.069,68.113,-0.685,0.264,-0.679,0.4044,-0.8868,0.2237,-0.7255,-0.1621,0.6689,25.5,0.663,4.237,0.151,1.75163,24.2,531.2,14.1,507.4,34.4,555.1,355,0.148,3
355,-165.558,-104.54,66.796,-0.6364,0.2957,-0.7124,0.4063,-0.8864,0.2217,-0.7706,-0.202,0.6045,25.5,0.6786,5.053,0.16,2.0278,23.1,530.6,12.9,506.8,33.3,554.5,356,1.546,3
356,-166.71,-103.947,65.417,-0.5801,0.3307,-0.7444,0.4083,-0.8861,0.2196,-0.8145,-0.245,0.5259,25.5,0.6934,5.719,0.167,2.22984,22.0,529.9,11.8,506.1,32.3,553.7,356,0.348,3
357,-167.738,-103.284,63.974,-0.5066,0.3696,-0.7789,0.4104,-0.8857,0.2172,-0.8589,-0.2954,0.4184,25.5,0.7044,7.268,0.184,2.72756,21.1,529.1,10.8,505.4,31.4,552.9,357,1.175,3
358,-168.634,-102.553,62.477,-0.4434,0.4012,-0.8016,0.4126,-0.8852,0.2147,-0.8855,-0.3346,0.3224,25.5,0.7102,6.137,0.193,2.24812,20.3,528.2,10.0,504.6,30.7,552.0,357,0.721,3
359,-169.425,-101.771,60.946,-0.391,0.425,-0.8164,0.415,-0.8848,0.212,-0.8996,-0.3641,0.2412,25.5,0.7114,5.017,0.208,1.79957,19.6,527.3,9.3,503.7,30.1,551.1,358,0.674,3
360,-170.105,-100.941,59.388,-0.3253,0.4529,-0.8301,0.4174,-0.8843,0.2093,-0.9078,-0.3954,0.14,25.5,0.71,6.09,0.209,2.2015,19.1,526.4,8.7,502.8,29.6,550.1,358,1.222,3
361,-170.648,-100.054,57.808,-0.2454,0.4854,-0.8391,0.42,-0.8837,0.2063,-0.9047,-0.4257,0.0183,25.5,0.7051,7.193,0.23,2.62737,18.7,525.4,8.2,501.9,29.3,549.0,359,0.077,3
362,-171.035,-99.109,56.215,-0.1666,0.512,-0.8427,0.4228,-0.8831,0.2032,-0.889,-0.4478,-0.0963,25.5,0.6938,6.751,0.242,2.52183,18.4,524.3,7.9,500.8,29.1,547.9,360,1.291,3
363,-171.288,-98.119,54.623,-0.103,0.5337,-0.8394,0.4258,-0.8825,0.1999,-0.8676,-0.4609,-0.1866,25.5,0.6826,5.372,0.258,2.03769,18.3,523.2,7.7,499.8,29.1,546.8,360,0.604,3
364,-171.43,-97.092,53.04,-0.046,0.5503,-0.8337,0.4289,-0.8817,0.1966,-0.8433,-0.4688,-0.2629,25.5,0.6688,4.612,0.263,1.80622,18.4,522.0,7.6,498.7,29.2,545.6,361,0.538,3
365,-171.456,-96.033,51.472,0.0204,0.5696,-0.8216,0.4322,-0.8809,0.1931,-0.8091,-0.4733,-0.3482,25.5,0.6516,5.274,0.279,2.12625,18.5,520.9,7.7,497.5,29.4,544.3,361,1.357,3
366,-171.344,-94.933,49.937,0.101,0.5928,-0.799,0.4357,-0.8799,0.1896,-0.7598,-0.4725,-0.4466,25.5,0.6291,6.309,0.289,2.63178,18.8,519.6,7.9,496.4,29.7,543.1,362,0.29,3
367,-171.078,-93.795,48.449,0.1769,0.6093,-0.773,0.4395,-0.8788,0.1859,-0.7085,-0.4664,-0.5297,25.5,0.6014,5.608,0.31,2.48114,19.2,518.4,8.2,495.2,30.3,541.7,363,0.693,3
368,-170.683,-92.628,47.013,0.2383,0.6244,-0.7439,0.4435,-0.8776,0.1822,-0.6604,-0.4574,-0.5955,25.5,0.5778,4.7,0.32,2.10805,19.7,517.1,8.6,493.9,30.9,540.4,363,1.201,3
369,-170.176,-91.434,45.636,0.2996,0.6363,-0.7109,0.4478,-0.8761,0.1785,-0.6099,-0.4453,-0.6556,25.5,0.5502,4.552,0.336,2.13918,20.4,515.8,9.2,492.7,31.7,539.0,364,0.318,3
370,-169.548,-90.22,44.328,0.3646,0.6473,-0.6694,0.4523,-0.8746,0.1747,-0.5523,-0.4285,-0.7151,25.5,0.5182,4.843,0.348,2.35975,21.2,514.5,9.8,491.5,32.6,537.7,365,0.473,3
371,-168.796,-88.986,43.107,0.4298,0.6553,-0.6211,0.4572,-0.8728,0.171,-0.4908,-0.4079,-0.7699,25.5,0.4816,4.866,0.367,2.46997,22.1,513.2,10.6,490.2,33.6,536.3,366,1.18,3
372,-167.924,-87.741,41.979,0.4903,0.6598,-0.5695,0.4622,-0.8708,0.1673,-0.4301,-0.3851,-0.8165,25.5,0.4432,4.576,0.374,2.41255,23.1,511.8,11.4,488.9,34.7,534.8,366,0.714,3
373,-166.943,-86.489,40.955,0.5463,0.6624,-0.5126,0.4675,-0.8687,0.1637,-0.3682,-0.3597,-0.8573,25.5,0.4039,4.491,0.386,2.41959,24.2,510.5,12.4,487.7,36.0,533.4,367,0.074,3
374,-165.859,-85.238,40.039,0.5976,0.6602,-0.455,0.473,-0.8664,0.1602,-0.3095,-0.3336,-0.8905,25.5,0.3622,4.144,0.396,2.33752,25.4,509.2,13.5,486.4,37.3,532.0,368,0.506,3
375,-164.687,-83.99,39.233,0.6394,0.6589,-0.3963,0.4787,-0.8639,0.1568,-0.2527,-0.3066,-0.9177,25.5,0.3253,3.927,0.406,2.18296,26.6,507.9,14.6,485.2,38.8,530.6,369,1.023,3
376,-163.439,-82.749,38.54,0.679,0.6522,-0.337,0.4846,-0.8612,0.1536,-0.1982,-0.2791,-0.9396,25.5,0.2844,3.716,0.414,2.16932,28.0,506.6,15.8,484.0,40.3,529.2,369,0.871,3
377,-162.122,-81.52,37.96,0.7115,0.6469,-0.2742,0.4906,-0.8583,0.1506,-0.1423,-0.2494,-0.9579,25.5,0.2475,3.776,0.419,2.14776,29.4,505.3,17.0,482.8,41.8,527.9,370,0.42,3
378,-160.748,-80.301,37.507,0.7415,0.6387,-0.2054,0.4967,-0.8552,0.1478,-0.0831,-0.2164,-0.9728,25.5,0.2083,3.977,0.424,2.28712,30.8,504.0,18.3,481.6,43.4,526.5,371,0.047,3
379,-159.321,-79.102,37.184,0.7654,0.6292,-0.1353,0.5031,-0.852,0.1452,-0.0243,-0.1819,-0.983,25.5,0.1707,3.95,0.436,2.26185,32.3,502.8,19.6,480.5,45.1,525.2,372,0.255,3
380,-157.858,-77.917,36.999,0.7806,0.6223,-0.0588,0.5096,-0.8485,0.1429,0.0394,-0.1429,-0.989,25.5,0.1386,4.294,0.443,2.37167,33.8,501.6,20.9,479.3,46.8,523.9,373,0.455,3
381,-156.365,-76.754,36.961,0.7935,0.6082,0.0194,0.5162,-0.8448,0.1408,0.1026,-0.1023,-0.9895,25.5,0.1015,4.305,0.45,2.43865,35.4,500.4,22.3,478.3,48.5,522.6,374,0.575,3
382,-154.865,-75.607,37.072,0.7888,0.6069,0.0975,0.5228,-0.841,0.1391,0.167,-0.0589,-0.9842,25.5,0.0845,4.461,0.447,2.37039,36.9,499.2,23.6,477.2,50.2,521.3,375,0.628,3
383,-153.373,-74.472,37.33,0.7862,0.593,0.1739,0.5294,-0.8371,0.1376,0.2275,-0.0161,-0.9736,25.5,0.0563,4.29,0.448,2.35361,38.4,498.1,24.9,476.1,51.9,520.0,376,0.625,3
384,-151.904,-73.348,37.726,0.7626,0.5995,0.2429,0.5359,-0.8332,0.1364,0.2846,0.0262,-0.9583,25.5,0.0577,4.166,0.44,2.21758,39.8,496.9,26.2,475.1,53.5,518.8,377,0.573,3
385,-150.492,-72.204,38.252,0.7335,0.6022,0.3153,0.5422,-0.8293,0.1354,0.3436,0.0718,-0.9364,25.5,0.059,4.454,0.428,2.36506,41.2,495.8,27.4,474.1,55.1,517.6,378,0.476,3
386,-149.136,-71.057,38.905,0.6964,0.6146,0.3705,0.5483,-0.8253,0.1347,0.3897,0.1097,-0.9144,25.5,0.0755,3.645,0.42,2.04905,42.6,494.6,28.6,473.0,56.6,516.3,379,0.338,3
387,-147.871,-69.859,39.642,0.6384,0.65,0.4123,0.5542,-0.8215,0.134,0.4292,0.1441,-0.8917,25.5,0.1249,3.271,0.404,2.41654,43.8,493.4,29.7,471.9,58.0,515.0,380,0.16,3
388,-146.717,-68.613,40.476,0.5805,0.6718,0.4601,0.5599,-0.8177,0.1335,0.4722,0.1825,-0.8624,25.5,0.1629,3.706,0.394,2.36833,44.9,492.2,30.6,470.8,59.2,513.7,381,0.059,3
389,-145.673,-67.3,41.35,0.523,0.7203,0.4557,0.5652,-0.8141,0.1331,0.4798,0.1932,-0.8559,25.5,0.2301,0.839,0.368,2.28251,45.9,490.9,31.5,469.5,60.4,512.3,382,0.294,3
390,-144.747,-65.898,42.222,0.457,0.7573,0.4666,0.5702,-0.8107,0.1327,0.5005,0.2147,-0.8387,25.5,0.2914,1.974,0.347,2.31555,46.8,489.5,32.2,468.2,61.4,510.8,383,0.537,3
391,-143.927,-64.429,43.087,0.4134,0.7976,0.4392,0.5748,-0.8075,0.1323,0.491,0.211,-0.8452,25.5,0.3483,0.693,0.322,1.98036,47.5,488.0,32.8,466.8,62.3,509.3,384,0.769,3
392,-143.176,-62.874,43.858,0.3743,0.8451,0.3818,0.579,-0.8046,0.132,0.4597,0.1885,-0.8678,25.5,0.4129,2.561,0.293,2.54908,48.2,486.4,33.4,465.3,63.1,507.6,386,0.758,3
393,-142.511,-61.238,44.537,0.3334,0.8823,0.3321,0.5827,-0.802,0.1315,0.4331,0.1696,-0.8852,25.5,0.4697,2.119,0.261,2.25184,48.9,484.8,33.9,463.7,63.9,505.9,387,0.662,3
394,-141.894,-59.54,45.1,0.3227,0.9104,0.2589,0.586,-0.7996,0.131,0.3781,0.1268,-0.917,25.5,0.5049,4.39,0.236,2.39723,49.5,483.1,34.4,462.1,64.5,504.1,388,0.652,4
395,-141.308,-57.792,45.527,0.2978,0.935,0.1925,0.5889,-0.7976,0.1304,0.3286,0.0889,-0.9403,25.5,0.5453,3.814,0.205,2.27361,50.0,481.3,34.9,460.4,65.2,502.3,389,0.755,4
396,-140.755,-56.007,45.824,0.2892,0.9498,0.1196,0.5914,-0.7959,0.1298,0.2657,0.0404,-0.9632,25.5,0.5694,4.738,0.177,2.26815,50.6,479.5,35.4,458.6,65.8,500.4,390,0.985,4
397,-140.206,-54.203,45.974,0.2873,0.957,0.0401,0.5935,-0.7944,0.1291,0.1915,-0.0164,-0.9814,25.5,0.5846,5.457,0.153,2.41874,51.1,477.6,35.9,456.8,66.4,498.6,390,0.908,4
398,-139.67,-52.389,45.979,0.2813,0.959,-0.0339,0.5954,-0.7931,0.1284,0.1201,-0.0702,-0.9903,25.5,0.5974,5.149,0.138,2.24966,51.7,475.8,36.4,454.9,67.0,496.7,391,0.547,4
399,-139.135,-50.579,45.847,0.286,0.9524,-0.1059,0.5969,-0.7921,0.1277,0.0471,-0.1243,-0.9911,25.5,0.5972,5.208,0.111,2.19455,52.2,473.9,36.9,453.1,67.6,494.8,392,0.048,4
400,-138.592,-48.786,45.58,0.2862,0.942,-0.1754,0.5982,-0.7912,0.1271,-0.0238,-0.176,-0.9841,25.5,0.5964,5.045,0.097,2.12851,52.8,472.1,37.4,451.3,68.2,492.9,393,0.611,4
401,-138.049,-47.017,45.185,0.2883,0.9264,-0.2422,0.5993,-0.7905,0.1264,-0.0921,-0.2249,-0.97,25.5,0.5902,4.882,0.085,2.07864,53.4,470.2,38.0,449.5,68.8,491.0,393,1.282,4
402,-137.498,-45.283,44.666,0.2937,0.9058,-0.3053,0.6001,-0.7899,0.1259,-0.1558,-0.2698,-0.9502,25.5,0.5777,4.608,0.064,2.01708,54.0,468.4,38.6,447.7,69.5,489.2,394,0.448,4
403,-136.942,-43.588,44.034,0.2943,0.8845,-0.3621,0.6008,-0.7895,0.1254,-0.2124,-0.3089,-0.9271,25.5,0.5669,4.159,0.054,1.83725,54.6,466.7,39.2,446.0,70.1,487.4,395,0.59,4
404,-136.383,-41.938,43.297,0.297,0.8593,-0.4164,0.6013,-0.7892,0.1249,-0.2653,-0.3447,-0.9005,25.5,0.5516,3.965,0.044,1.81486,55.3,465.0,39.8,444.3,70.7,485.7,395,1.302,4
405,-135.817,-40.338,42.46,0.3013,0.8316,-0.4664,0.6017,-0.789,0.1246,-0.3125,-0.376,-0.8723,25.5,0.533,3.626,0.031,1.73589,55.9,463.3,40.5,442.7,71.4,484.0,396,0.025,4
406,-135.247,-38.788,41.536,0.3013,0.8051,-0.511,0.6019,-0.7888,0.1242,-0.3541,-0.4031,-0.8439,25.5,0.5172,3.278,0.028,1.57114,56.6,461.7,41.1,441.1,72.0,482.4,397,1.526,4
407,-134.676,-37.29,40.53,0.3029,0.7784,-0.5499,0.602,-0.7888,0.124,-0.3894,-0.4256,-0.8168,25.5,0.4998,2.858,0.013,1.42952,57.2,460.1,41.8,439.5,72.7,480.8,397,0.366,4
408,-134.1,-35.84,39.461,0.3056,0.7562,-0.5786,0.602,-0.7889,0.1238,-0.4147,-0.4413,-0.7958,25.5,0.4842,2.088,0.012,1.10174,57.9,458.6,42.5,438.0,73.4,479.3,398,1.479,4
409,-133.519,-34.426,38.347,0.3081,0.7383,-0.5999,0.6018,-0.789,0.1237,-0.4331,-0.4526,-0.7795,25.5,0.4713,1.55,0.014,0.84652,58.6,457.2,43.2,436.6,74.0,477.8,398,0.412,4
410,-132.937,-33.051,37.183,0.3069,0.7157,-0.6274,0.6016,-0.7892,0.1236,-0.4574,-0.4672,-0.7567,25.5,0.4577,2.084,0.017,1.07752,59.3,455.7,43.9,435.2,74.7,476.4,399,1.684,4
411,-132.357,-31.711,35.979,0.3069,0.7012,-0.6435,0.6013,-0.7894,0.1235,-0.4715,-0.4753,-0.7428,25.5,0.4485,1.226,0.021,0.65622,59.9,454.4,44.6,433.8,75.4,475.0,399,0.212,4
412,-131.775,-30.394,34.752,0.3079,0.6921,-0.6529,0.6009,-0.7897,0.1235,-0.4795,-0.4798,-0.7347,25.5,0.4422,0.701,0.029,0.39726,60.6,453.0,45.3,432.4,76.0,473.6,400,2.081,4
413,-131.191,-29.089,33.511,0.3097,0.6868,-0.6575,0.6005,-0.79,0.1235,-0.4835,-0.4817,-0.7309,25.5,0.4378,0.334,0.029,0.2193,61.3,451.6,46.0,431.1,76.7,472.3,400,0.201,4
414,-130.602,-27.792,32.265,0.3125,0.6846,-0.6585,0.5999,-0.7904,0.1236,-0.4841,-0.4817,-0.7305,25.5,0.435,0.041,0.042,0.11197,62.0,450.3,46.7,429.8,77.4,470.9,400,1.708,4
415,-130.008,-26.496,31.02,0.3161,0.6852,-0.6562,0.5993,-0.7909,0.1237,-0.4819,-0.4798,-0.7332,25.5,0.4337,0.227,0.045,0.13059,62.7,449.0,47.4,428.4,78.1,469.6,401,0.709,4
416,-129.405,-25.196,29.783,0.3206,0.6884,-0.6506,0.5986,-0.7914,0.1238,-0.4767,-0.4762,-0.7389,25.5,0.4334,0.488,0.05,0.2381,63.4,447.6,48.2,427.1,78.7,468.2,401,1.187,4
417,-128.794,-23.891,28.558,0.3249,0.6889,-0.648,0.5979,-0.7919,0.124,-0.4743,-0.4742,-0.7418,25.5,0.4316,0.244,0.051,0.15295,64.1,446.3,48.9,425.8,79.4,466.9,402,1.281,4
418,-128.178,-22.595,27.326,0.3266,0.6817,-0.6547,0.5971,-0.7925,0.1241,-0.4801,-0.477,-0.7362,25.5,0.4265,0.489,0.058,0.30226,64.8,444.9,49.6,424.4,80.1,465.5,402,0.613,4
419,-127.557,-21.308,26.082,0.3286,0.6777,-0.6579,0.5962,-0.7932,0.1244,-0.483,-0.478,-0.7336,25.5,0.4235,0.23,0.067,0.16639,65.6,443.6,50.4,423.1,80.8,464.2,403,1.834,4
420,-126.934,-20.028,24.837,0.3308,0.6761,-0.6584,0.5952,-0.7939,0.1246,-0.4836,-0.4777,-0.7335,25.5,0.4219,0.039,0.071,0.08373,66.3,442.3,51.2,421.8,81.5,462.9,403,0.112,4
421,-126.305,-18.748,23.592,0.3334,0.6767,-0.6565,0.5941,-0.7946,0.1249,-0.4821,-0.4761,-0.7355,25.5,0.4216,0.17,0.077,0.09915,67.0,441.0,51.9,420.5,82.2,461.6,403,1.956,4
422,-125.671,-17.465,22.353,0.3365,0.6794,-0.652,0.5929,-0.7955,0.1253,-0.4784,-0.4731,-0.7398,25.5,0.4226,0.368,0.089,0.1845,67.7,439.7,52.7,419.1,82.9,460.3,404,0.405,4
423,-125.031,-16.174,21.125,0.3403,0.6846,-0.6446,0.5916,-0.7964,0.1257,-0.4721,-0.4685,-0.7467,25.5,0.4249,0.597,0.093,0.2969,68.5,438.4,53.5,417.8,83.5,459.0,404,1.501,4
424,-124.383,-14.872,19.915,0.3449,0.6927,-0.6334,0.5902,-0.7974,0.1261,-0.4623,-0.4619,-0.7569,25.5,0.4287,0.894,0.101,0.44115,69.2,437.0,54.3,416.5,84.2,457.7,405,0.686,4
425,-123.724,-13.55,18.731,0.3508,0.7048,-0.6166,0.5886,-0.7984,0.1266,-0.4475,-0.4523,-0.7715,25.5,0.4343,1.312,0.112,0.65154,70.0,435.7,55.1,415.1,84.9,456.3,405,1.21,4
426,-123.053,-12.199,17.586,0.3588,0.7228,-0.5906,0.5869,-0.7996,0.1272,-0.4241,-0.4374,-0.793,25.5,0.4425,2.011,0.124,0.9871,70.7,434.3,55.9,413.7,85.6,455.0,406,0.752,4
427,-122.366,-10.819,16.491,0.3675,0.7359,-0.5687,0.5851,-0.8008,0.1278,-0.404,-0.4245,-0.8103,25.5,0.447,1.69,0.129,0.81706,71.5,432.9,56.7,412.3,86.4,453.6,406,1.139,4
428,-121.663,-9.415,15.437,0.3762,0.749,-0.5454,0.5831,-0.8022,0.1285,-0.3825,-0.4106,-0.8277,25.5,0.4516,1.774,0.145,0.85145,72.3,431.5,57.5,410.9,87.1,452.2,407,0.603,4
429,-120.943,-7.984,14.429,0.3843,0.7634,-0.5192,0.581,-0.8036,0.1292,-0.3582,-0.395,-0.846,25.5,0.4573,1.959,0.15,0.93771,73.1,430.0,58.4,409.4,87.8,450.8,407,1.29,4
430,-120.209,-6.525,13.473,0.3909,0.7781,-0.4917,0.5786,-0.8052,0.13,-0.3328,-0.3786,-0.8637,25.5,0.4643,2.007,0.172,0.96521,73.9,428.6,59.3,407.9,88.6,449.3,408,0.25,4
431,-119.465,-5.04,12.568,0.3952,0.7919,-0.4656,0.5761,-0.8068,0.1308,-0.3086,-0.3629,-0.8792,25.5,0.4721,1.876,0.176,0.90343,74.7,427.1,60.2,406.4,89.3,447.8,409,1.608,4
432,-118.713,-3.528,11.712,0.4009,0.8054,-0.4366,0.5735,-0.8086,0.1317,-0.2813,-0.3453,-0.8953,25.5,0.4788,2.077,0.188,0.98367,75.5,425.6,61.0,404.8,90.0,446.4,409,0.286,4
433,-117.948,-1.991,10.917,0.4071,0.8194,-0.4034,0.5706,-0.8104,0.1326,-0.2497,-0.325,-0.9121,25.5,0.4852,2.358,0.202,1.10717,76.3,424.0,61.9,403.2,90.8,444.8,410,0.911,4
434,-117.173,-0.427,10.186,0.4116,0.8333,-0.369,0.5676,-0.8124,0.1336,-0.2166,-0.3039,-0.9278,25.5,0.4926,2.422,0.214,1.13167,77.2,422.4,62.9,401.6,91.5,443.3,410,0.982,4
435,-116.392,1.163,9.521,0.4139,0.8469,-0.3337,0.5644,-0.8144,0.1345,-0.1824,-0.282,-0.9419,25.5,0.501,2.463,0.222,1.14761,78.0,420.8,63.8,400.0,92.3,441.7,411,0.075,4
436,-115.607,2.778,8.923,0.4156,0.8596,-0.2973,0.5611,-0.8166,0.1355,-0.1467,-0.2592,-0.9546,25.5,0.509,2.534,0.234,1.1685,78.8,419.2,64.7,398.3,93.0,440.2,412,1.002,4
437,-114.818,4.416,8.398,0.4177,0.8714,-0.2574,0.5577,-0.8188,0.1365,-0.1072,-0.2341,-0.9663,25.5,0.5157,2.764,0.239,1.26153,79.6,417.6,65.6,396.6,93.7,438.6,412,0.891,4
438,-114.027,6.076,7.951,0.418,0.8826,-0.215,0.5541,-0.821,0.1375,-0.0647,-0.2071,-0.9762,25.5,0.5226,2.94,0.248,1.32801,80.5,415.9,66.5,394.9,94.5,437.0,413,0.067,4
439,-113.238,7.756,7.586,0.4163,0.8931,-0.1704,0.5504,-0.8233,0.1384,-0.0197,-0.1785,-0.9837,25.5,0.5297,3.085,0.255,1.38842,81.3,414.2,67.4,393.2,95.2,435.3,414,0.67,4
440,-112.453,9.456,7.307,0.4126,0.9025,-0.1235,0.5467,-0.8257,0.1393,0.0281,-0.1482,-0.9886,25.5,0.5368,3.255,0.258,1.45282,82.1,412.5,68.3,391.4,95.9,433.7,414,1.222,4
441,-111.676,11.17,7.118,0.4093,0.9092,-0.0762,0.543,-0.828,0.1401,0.0764,-0.1174,-0.9901,25.5,0.5412,3.284,0.254,1.45011,82.9,410.8,69.2,389.7,96.6,432.0,415,0.559,4
442,-110.903,12.895,7.018,0.407,0.913,-0.03,0.5393,-0.8303,0.1409,0.1234,-0.0876,-0.9885,25.5,0.5428,3.19,0.254,1.40544,83.7,409.1,70.1,387.9,97.3,430.3,416,0.048,4
443,-110.135,14.624,7.003,0.4053,0.9141,0.0138,0.5357,-0.8325,0.1417,0.1678,-0.0595,-0.984,25.5,0.5419,3.022,0.246,1.32761,84.4,407.3,71.0,386.1,98.0,428.6,417,0.61,4
444,-109.373,16.355,7.071,0.4,0.9147,0.0577,0.5322,-0.8345,0.1425,0.2124,-0.0312,-0.9767,25.5,0.5422,3.056,0.235,1.33913,85.2,405.6,71.8,384.3,98.6,427.0,418,1.143,4
445,-108.619,18.084,7.222,0.3968,0.9122,0.102,0.5289,-0.8365,0.1433,0.2564,-0.0034,-0.9666,25.5,0.5386,3.038,0.226,1.34712,85.9,403.8,72.7,382.5,99.3,425.3,418,0.75,4
446,-107.87,19.806,7.456,0.3958,0.9069,0.1445,0.5259,-0.8383,0.1441,0.2973,0.0224,-0.9545,25.5,0.5313,2.856,0.206,1.29727,86.7,402.1,73.5,380.7,100.0,423.6,419,0.233,4
447,-107.121,21.516,7.767,0.3934,0.9009,0.1834,0.5231,-0.8399,0.145,0.3343,0.0457,-0.9414,25.5,0.5243,2.615,0.192,1.19398,87.4,400.4,74.3,379.0,100.6,421.9,420,0.278,4
448,-106.382,23.215,8.15,0.3887,0.8945,0.221,0.5205,-0.8413,0.1459,0.3699,0.0682,-0.9266,25.5,0.518,2.558,0.177,1.16367,88.1,398.7,75.1,377.2,101.3,420.2,421,0.792,4
449,-105.648,24.899,8.601,0.3879,0.8856,0.2555,0.5183,-0.8425,0.1469,0.4008,0.0876,-0.912,25.5,0.5075,2.252,0.155,1.07927,88.8,397.0,75.8,375.5,101.9,418.6,421,1.1,4
450,-104.912,26.566,9.113,0.3903,0.8757,0.2842,0.5164,-0.8435,0.148,0.425,0.1024,-0.8994,25.5,0.495,1.778,0.138,0.92212,89.6,395.3,76.6,373.8,102.6,416.9,422,0.574,4
451,-104.169,28.214,9.672,0.3948,0.8662,0.3062,0.5148,-0.8442,0.1491,0.4426,0.1127,-0.8896,25.5,0.4823,1.296,0.118,0.73831,90.3,393.6,77.3,372.1,103.3,415.3,423,0.035,4
452,-103.426,29.841,10.287,0.3909,0.8547,0.3417,0.5136,-0.8447,0.1504,0.4726,0.1322,-0.8713,25.5,0.4698,2.303,0.105,1.13646,91.0,392.0,78.1,370.4,104.0,413.6,424,0.507,4
453,-102.688,31.45,10.956,0.3893,0.8464,0.3634,0.5128,-0.845,0.1519,0.4907,0.1433,-0.8595,25.5,0.4604,1.392,0.099,0.70505,91.7,390.4,78.8,368.8,104.6,412.0,425,1.037,4
454,-101.951,33.047,11.657,0.39,0.8405,0.3761,0.5123,-0.845,0.1534,0.501,0.149,-0.8525,25.5,0.4527,0.785,0.091,0.4244,92.4,388.7,79.5,367.2,105.3,410.4,425,0.857,4
455,-101.211,34.634,12.376,0.3926,0.8365,0.3823,0.5122,-0.8447,0.1552,0.5059,0.1508,-0.8493,25.5,0.4462,0.351,0.105,0.23681,93.1,387.1,80.2,365.6,106.0,408.8,426,0.355,4
456,-100.464,36.214,13.101,0.3972,0.8339,0.3833,0.5124,-0.8443,0.1571,0.5063,0.1493,-0.8493,25.5,0.4403,0.089,0.112,0.16277,93.8,385.5,80.9,364.0,106.8,407.2,427,0.138,4
457,-99.706,37.791,13.824,0.404,0.8325,0.3791,0.5129,-0.8436,0.1592,0.5023,0.1445,-0.8526,25.5,0.4347,0.405,0.13,0.24561,94.5,383.9,81.6,362.4,107.5,405.6,428,0.539,4
458,-98.932,39.367,14.532,0.4137,0.8324,0.3687,0.5136,-0.8427,0.1615,0.4929,0.1357,-0.8594,25.5,0.4294,0.834,0.147,0.43048,95.3,382.3,82.3,360.8,108.3,403.9,429,0.886,4
459,-98.138,40.942,15.215,0.426,0.8319,0.3556,0.5147,-0.8415,0.164,0.4807,0.1248,-0.868,25.5,0.4225,1.059,0.171,0.54459,96.0,380.7,83.1,359.2,109.1,402.3,429,1.006,4
460,-97.324,42.511,15.89,0.4343,0.827,0.357,0.5161,-0.8401,0.1668,0.4804,0.1227,-0.8684,25.5,0.4111,0.124,0.196,0.29487,96.8,379.1,83.8,357.6,109.9,400.7,430,0.741,4
461,-96.494,44.073,16.564,0.4423,0.8235,0.3552,0.518,-0.8383,0.17,0.4778,0.1188,-0.8704,25.5,0.4008,0.292,0.237,0.26994,97.6,377.5,84.5,356.1,110.7,399.0,431,0.573,4
462,-95.65,45.63,17.232,0.4501,0.8216,0.3498,0.5206,-0.836,0.1736,0.4728,0.113,-0.8739,25.5,0.3918,0.482,0.287,0.29289,98.4,375.9,85.3,354.6,111.6,397.4,432,0.501,4
463,-94.791,47.184,17.885,0.4578,0.8213,0.3403,0.5241,-0.8329,0.1777,0.465,0.1051,-0.8791,25.5,0.3837,0.702,0.356,0.37037,99.3,374.3,86.0,353.1,112.5,395.7,433,0.527,4
464,-93.917,48.739,18.517,0.4655,0.8227,0.3261,0.5286,-0.829,0.1824,0.4538,0.0944,-0.8861,25.5,0.3765,0.974,0.435,0.49098,100.1,372.8,86.8,351.6,113.5,394.0,434,0.655,4
465,-93.029,50.299,19.116,0.4733,0.826,0.306,0.5344,-0.8241,0.1877,0.4384,0.0803,-0.8952,25.5,0.3703,1.305,0.531,0.66043,101.0,371.2,87.5,350.1,114.5,392.3,436,0.665,4
466,-92.118,51.862,19.671,0.4917,0.8243,0.2806,0.5415,-0.818,0.1939,0.4163,0.0606,-0.9072,25.5,0.3536,1.83,0.643,0.9509,101.9,369.6,88.2,348.7,115.6,390.6,437,0.218,4
467,-91.172,53.42,20.18,0.5063,0.8226,0.2588,0.5499,-0.8108,0.2007,0.3982,0.0432,-0.9163,25.5,0.3366,1.53,0.744,0.79617,102.8,368.0,88.9,347.3,116.8,388.8,438,0.341,4
468,-90.208,54.978,20.655,0.5102,0.8247,0.2439,0.5591,-0.8025,0.2081,0.3886,0.032,-0.9209,25.5,0.3258,0.885,0.827,0.47067,103.7,366.4,89.6,345.9,117.9,387.0,440,0.125,4
469,-89.248,56.544,21.109,0.502,0.8314,0.2381,0.569,-0.7935,0.216,0.3893,0.0286,-0.9207,25.5,0.3226,0.199,0.89,0.36559,104.7,364.8,90.3,344.6,119.1,385.1,442,0.301,4
470,-88.316,58.127,21.562,0.482,0.8422,0.2418,0.579,-0.7839,0.2242,0.4003,0.0338,-0.9158,25.5,0.3269,0.752,0.923,0.69729,105.6,363.2,91.0,343.2,120.3,383.3,444,0.393,4
471,-87.414,59.733,21.998,0.4718,0.854,0.2194,0.5891,-0.7739,0.2326,0.3906,0.0207,-0.9203,25.5,0.3319,0.969,0.946,0.82634,106.5,361.5,91.6,341.8,121.5,381.4,445,0.48,4
472,-86.529,61.356,22.403,0.4632,0.8607,0.2115,0.5989,-0.7637,0.2412,0.3908,0.0158,-0.9203,25.5,0.3289,0.281,0.948,0.40762,107.4,359.9,92.3,340.4,122.6,379.4,447,0.161,4
473,-85.66,62.987,22.809,0.4559,0.8622,0.221,0.6081,-0.7536,0.2496,0.4025,0.0217,-0.9152,25.5,0.3174,0.806,0.919,0.36557,108.2,358.2,92.9,339.0,123.7,377.5,449,0.543,4
474,-84.803,64.616,23.249,0.4501,0.8583,0.2465,0.6168,-0.7437,0.2578,0.4238,0.0377,-0.905,25.5,0.2971,1.634,0.889,0.80059,109.1,356.5,93.5,337.6,124.8,375.6,450,0.126,4
475,-83.956,66.233,23.748,0.4443,0.8517,0.2779,0.6245,-0.7345,0.2656,0.4475,0.0578,-0.8924,25.5,0.2743,1.921,0.82,0.98716,109.9,354.9,94.2,336.2,125.8,373.7,451,0.15,4
476,-83.122,67.842,24.291,0.4371,0.8494,0.2956,0.6313,-0.726,0.2729,0.4623,0.0697,-0.884,25.5,0.2601,1.19,0.751,0.58275,110.7,353.2,94.8,334.8,126.8,371.8,452,0.266,4
477,-82.301,69.447,24.866,0.4312,0.8467,0.3118,0.6373,-0.7181,0.2798,0.4754,0.0805,-0.8761,25.5,0.246,1.073,0.692,0.52839,111.5,351.6,95.5,333.4,127.8,369.9,453,0.208,4
478,-81.49,71.047,25.47,0.4266,0.8436,0.3262,0.6426,-0.7107,0.2863,0.4866,0.0899,-0.869,25.5,0.232,0.931,0.641,0.46721,112.3,349.9,96.1,331.9,128.7,368.1,454,0.053,4
479,-80.686,72.64,26.1,0.4233,0.8403,0.3387,0.6474,-0.7037,0.2926,0.4961,0.0978,-0.8627,25.5,0.2182,0.795,0.606,0.40395,113.1,348.3,96.8,330.5,129.6,366.3,455,0.508,4
480,-79.887,74.227,26.751,0.4213,0.837,0.3493,0.6519,-0.697,0.2986,0.5041,0.1041,-0.8574,25.5,0.2044,0.658,0.576,0.34157,113.9,346.7,97.5,329.0,130.5,364.4,456,1.184,4
481,-79.09,75.806,27.424,0.4207,0.8319,0.362,0.6562,-0.6904,0.3046,0.5124,0.1114,-0.8515,25.5,0.188,0.718,0.567,0.41473,114.7,345.0,98.1,327.6,131.4,362.6,456,0.709,4
482,-78.295,77.377,28.119,0.419,0.8279,0.3729,0.6603,-0.6839,0.3104,0.5199,0.1179,-0.846,25.5,0.1738,0.65,0.552,0.35527,115.5,343.4,98.8,326.1,132.3,360.8,457,0.163,4
483,-77.505,78.94,28.834,0.4163,0.8252,0.3818,0.6642,-0.6774,0.3161,0.5265,0.1236,-0.8412,25.5,0.1618,0.57,0.543,0.29321,116.2,341.8,99.5,324.7,133.2,359.0,458,1.21,4
484,-76.72,80.501,29.564,0.4125,0.8237,0.3892,0.668,-0.671,0.3218,0.5324,0.1287,-0.8367,25.5,0.1519,0.516,0.537,0.25588,117.0,340.2,100.1,323.2,134.0,357.3,458,0.683,4
485,-75.944,82.059,30.306,0.4076,0.8232,0.3953,0.6716,-0.6647,0.3274,0.5379,0.1334,-0.8324,25.5,0.144,0.482,0.525,0.23735,117.8,338.5,100.8,321.8,134.9,355.5,459,0.519,4
486,-75.178,83.617,31.059,0.4015,0.8236,0.4005,0.6751,-0.6583,0.333,0.5431,0.138,-0.8283,25.5,0.1378,0.462,0.527,0.24297,118.5,336.9,101.4,320.3,135.7,353.7,459,1.374,4
487,-74.425,85.177,31.821,0.3941,0.8251,0.4048,0.6784,-0.652,0.3385,0.5481,0.1424,-0.8242,25.5,0.1336,0.448,0.515,0.26305,119.2,335.3,102.1,318.9,136.6,351.9,460,0.039,4
488,-73.687,86.74,32.592,0.3871,0.8257,0.4103,0.6817,-0.6457,0.3441,0.5536,0.1477,-0.8196,25.5,0.1281,0.511,0.519,0.27017,120.0,333.7,102.7,317.4,137.4,350.1,461,1.411,4
489,-72.959,88.301,33.375,0.3817,0.8248,0.4171,0.6848,-0.6394,0.3496,0.5591,0.1533,-0.8148,25.5,0.1202,0.527,0.511,0.26433,120.7,332.0,103.3,316.0,138.2,348.3,461,0.482,4
490,-72.242,89.862,34.17,0.3761,0.8243,0.4231,0.6879,-0.633,0.3551,0.5641,0.1585,-0.8103,25.5,0.1128,0.487,0.515,0.24894,121.4,330.4,103.9,314.5,139.0,346.5,462,1.061,4
491,-71.536,91.422,34.976,0.3705,0.8242,0.4282,0.6909,-0.6266,0.3606,0.5688,0.1632,-0.8061,25.5,0.1061,0.451,0.513,0.22936,122.0,328.8,104.6,313.0,139.7,344.7,462,0.832,4
492,-70.84,92.982,35.79,0.3647,0.8246,0.4325,0.6938,-0.6202,0.3662,0.573,0.1673,-0.8023,25.5,0.1,0.401,0.515,0.21893,122.7,327.1,105.1,311.6,140.5,342.8,463,0.785,4
493,-70.155,94.543,36.612,0.3589,0.8254,0.4358,0.6965,-0.6137,0.3717,0.5769,0.1709,-0.7987,25.5,0.0946,0.367,0.512,0.20349,123.4,325.5,105.7,310.1,141.2,341.0,463,1.108,4
494,-69.482,96.106,37.439,0.3531,0.8266,0.4384,0.6993,-0.6072,0.3773,0.5804,0.174,-0.7956,25.5,0.0896,0.321,0.517,0.19583,124.0,323.9,106.3,308.7,142.0,339.2,464,0.56,4
495,-68.819,97.671,38.27,0.3472,0.8281,0.44,0.7019,-0.6006,0.3829,0.5835,0.1766,-0.7927,25.5,0.0852,0.285,0.518,0.19053,124.7,322.2,106.9,307.2,142.7,337.4,464,1.333,4
496,-68.169,99.239,39.108,0.3397,0.8284,0.4454,0.7045,-0.594,0.3885,0.5882,0.1824,-0.7879,25.5,0.0797,0.509,0.518,0.27997,125.3,320.6,107.4,305.7,143.4,335.6,465,0.361,4
497,-67.533,100.807,39.955,0.3329,0.8286,0.4501,0.707,-0.5873,0.3941,0.5925,0.1875,-0.7834,25.5,0.0739,0.461,0.52,0.25033,125.9,318.9,108.0,304.3,144.1,333.7,465,1.531,4
498,-66.908,102.375,40.811,0.3272,0.829,0.4535,0.7094,-0.5804,0.3998,0.596,0.1913,-0.7798,25.5,0.0677,0.361,0.531,0.2013,126.5,317.2,108.5,302.8,144.8,331.9,466,0.161,4
499,-66.294,103.945,41.671,0.3225,0.8297,0.4556,0.7118,-0.5735,0.4056,0.5989,0.1938,-0.777,25.5,0.0615,0.272,0.534,0.15728,127.1,315.6,109.1,301.3,145.4,330.0,466,1.732,4
500,-65.687,105.516,42.534,0.3188,0.8307,0.4565,0.7141,-0.5664,0.4114,0.6012,0.1951,-0.7749,25.5,0.055,0.193,0.542,0.11918,127.7,313.9,109.6,299.9,146.1,328.2,467,0.071,4
501,-65.086,107.089,43.398,0.316,0.8319,0.4562,0.7164,-0.5591,0.4174,0.603,0.1951,-0.7735,25.5,0.0483,0.131,0.557,0.09267,128.3,312.3,110.1,298.4,146.7,326.3,468,1.534,4
502,-64.49,108.665,44.26,0.314,0.8335,0.4546,0.7186,-0.5516,0.4235,0.6043,0.1939,-0.7728,25.5,0.0416,0.109,0.568,0.09142,128.9,310.6,110.6,296.9,147.4,324.4,468,0.359,4
503,-63.897,110.244,45.118,0.313,0.8354,0.4518,0.7207,-0.5439,0.4297,0.6051,0.1913,-0.7728,25.5,0.0347,0.156,0.579,0.10682,129.5,308.9,111.1,295.5,148.0,322.5,469,1.16,4
504,-63.306,111.826,45.97,0.3112,0.837,0.4501,0.7229,-0.536,0.4361,0.6065,0.1897,-0.7721,25.5,0.0274,0.128,0.596,0.08928,130.0,307.2,111.6,294.0,148.7,320.6,469,0.732,4
505,-62.72,113.411,46.822,0.3082,0.838,0.4502,0.7249,-0.5278,0.4427,0.6087,0.19,-0.7703,25.5,0.0196,0.164,0.614,0.09577,130.6,305.6,112.2,292.6,149.3,318.7,470,0.671,4
506,-62.139,114.999,47.674,0.3054,0.8392,0.4499,0.7269,-0.5193,0.4494,0.6108,0.1898,-0.7687,25.5,0.0116,0.152,0.631,0.09267,131.2,303.9,112.7,291.1,149.9,316.8,470,1.222,4
507,-61.564,116.588,48.525,0.3028,0.8406,0.4492,0.7289,-0.5104,0.4563,0.6129,0.1892,-0.7672,25.5,0.0034,0.152,0.655,0.09186,131.7,302.2,113.2,289.7,150.5,314.8,471,0.049,4
508,-60.993,118.18,49.374,0.3003,0.8421,0.448,0.7307,-0.5013,0.4634,0.6148,0.1882,-0.7659,25.5,0.0049,0.144,0.669,0.09544,132.3,300.5,113.7,288.2,151.1,312.9,472,1.129,4
509,-60.427,119.775,50.22,0.2978,0.8439,0.4463,0.7325,-0.4918,0.4707,0.6168,0.1868,-0.7647,25.5,0.0132,0.156,0.694,0.10653,132.8,298.8,114.2,286.8,151.8,310.9,472,0.764,4
510,-59.866,121.374,51.063,0.2953,0.846,0.4439,0.7342,-0.4819,0.4782,0.6187,0.1848,-0.7636,25.5,0.0214,0.17,0.718,0.12267,133.4,297.1,114.7,285.4,152.4,308.9,473,0.146,4
511,-59.309,122.978,51.9,0.2927,0.8486,0.4408,0.7358,-0.4717,0.4859,0.6205,0.1822,-0.7628,25.5,0.0293,0.187,0.738,0.14557,133.9,295.4,115.2,284.0,153.0,306.9,474,0.871,4
512,-58.758,124.587,52.73,0.2912,0.852,0.435,0.7373,-0.461,0.4938,0.6217,0.177,-0.763,25.5,0.0367,0.306,0.767,0.20859,134.5,293.7,115.7,282.5,153.5,304.9,474,1.021,4
513,-58.207,126.203,53.547,0.2902,0.8555,0.4287,0.7387,-0.4497,0.5021,0.623,0.1712,-0.7633,25.5,0.0449,0.341,0.807,0.22028,135.0,291.9,116.2,281.1,154.1,302.9,475,0.481,4
514,-57.66,127.824,54.354,0.2873,0.8583,0.4253,0.74,-0.4373,0.5111,0.6255,0.1681,-0.7619,25.5,0.0546,0.242,0.881,0.15961,135.5,290.2,116.7,279.8,154.7,300.8,476,0.13,4
515,-57.121,129.451,55.158,0.2819,0.8603,0.4248,0.7411,-0.4232,0.5212,0.6295,0.1683,-0.7586,25.5,0.0662,0.297,0.996,0.17498,136.1,288.5,117.2,278.4,155.3,298.6,477,0.031,4
516,-56.595,131.08,55.965,0.2733,0.8614,0.4281,0.7421,-0.407,0.5326,0.6351,0.1727,-0.7529,25.5,0.0802,0.523,1.136,0.28081,136.6,286.7,117.7,277.1,155.8,296.4,478,0.017,4
517,-56.09,132.71,56.782,0.2594,0.8614,0.4367,0.7427,-0.3881,0.5457,0.6426,0.1837,-0.7439,25.5,0.0967,0.921,1.318,0.49501,137.1,285.0,118.1,275.9,156.3,294.2,479,0.24,4
518,-55.622,134.342,57.618,0.2321,0.8657,0.4435,0.7428,-0.3659,0.5607,0.6512,0.2004,-0.732,25.5,0.1043,1.274,1.535,0.86184,137.5,283.2,118.6,274.8,156.8,291.8,481,0.603,4
519,-55.208,135.984,58.463,0.2092,0.8674,0.4515,0.742,-0.3405,0.5776,0.6595,0.2157,-0.7201,25.5,0.1207,1.208,1.749,0.73623,137.9,281.4,119.0,273.7,157.2,289.3,482,0.168,4
520,-54.813,137.616,59.335,0.214,0.8547,0.4729,0.7397,-0.3123,0.5961,0.6673,0.2257,-0.7098,25.5,0.1733,0.936,1.937,0.76746,138.3,279.7,119.5,272.8,157.5,286.7,484,0.13,5
521,-54.391,139.213,60.258,0.2215,0.8355,0.5028,0.7355,-0.2821,0.616,0.6758,0.2403,-0.6969,25.5,0.2369,1.218,2.086,1.09961,138.7,278.0,120.0,271.9,157.8,284.2,486,0.29,5
522,-53.965,140.778,61.234,0.2356,0.8167,0.5268,0.7295,-0.2511,0.6362,0.6838,0.2459,-0.687,25.5,0.3019,0.797,2.148,1.01712,139.1,276.3,120.6,271.0,158.0,281.6,488,0.382,5
523,-53.474,142.301,62.242,0.2881,0.7933,0.5364,0.7226,-0.2219,0.6547,0.6911,0.2154,-0.6899,25.5,0.3833,1.805,2.02,1.76483,139.6,274.6,121.2,270.2,158.3,279.1,490,0.201,5
524,-52.896,143.782,63.269,0.3237,0.7712,0.5482,0.7157,-0.1961,0.6703,0.6984,0.1961,-0.6883,25.5,0.4479,1.186,1.772,1.31822,140.2,273.0,122.0,269.3,158.7,276.7,492,0.264,5
525,-52.247,145.218,64.317,0.3625,0.7449,0.5602,0.7091,-0.1731,0.6835,0.7051,0.1738,-0.6874,25.5,0.511,1.335,1.566,1.46504,140.8,271.4,122.8,268.4,159.2,274.5,493,0.349,5
526,-51.522,146.6,65.388,0.402,0.7166,0.5701,0.7025,-0.1515,0.6954,0.7117,0.1472,-0.6869,25.5,0.5703,1.571,1.463,1.50164,141.5,269.9,123.7,267.4,159.8,272.4,495,0.509,5
527,-50.728,147.929,66.475,0.4377,0.6876,0.5793,0.696,-0.1307,0.7061,0.7181,0.1204,-0.6855,25.5,0.6238,1.581,1.391,1.42035,142.3,268.4,124.6,266.6,160.4,270.3,496,0.086,5
528,-49.867,149.2,67.582,0.4711,0.655,0.5908,0.6896,-0.1111,0.7156,0.7241,0.0952,-0.6831,25.5,0.6749,1.491,1.301,1.45563,143.2,267.0,125.6,265.7,161.1,268.3,497,0.276,5
529,-48.946,150.41,68.708,0.5014,0.6253,0.598,0.6837,-0.0931,0.7238,0.7296,0.0658,-0.6807,25.5,0.7174,1.719,1.183,1.30308,144.1,265.6,126.7,264.8,161.9,266.4,498,0.579,5
530,-47.97,151.563,69.847,0.5303,0.5918,0.607,0.6782,-0.077,0.7308,0.7344,0.037,-0.6777,25.5,0.7577,1.682,1.054,1.36721,145.1,264.3,127.8,264.0,162.7,264.7,499,0.828,5
531,-46.94,152.646,71.008,0.5583,0.5513,0.6199,0.6734,-0.063,0.7366,0.7384,0.0103,-0.6742,25.5,0.7978,1.56,0.911,1.54143,146.1,263.1,129.0,263.1,163.7,263.0,501,0.719,5
532,-45.859,153.653,72.191,0.5831,0.5145,0.6287,0.6694,-0.051,0.7412,0.7413,-0.0202,-0.6709,25.5,0.8301,1.766,0.771,1.36997,147.2,261.9,130.2,262.3,164.7,261.5,502,0.619,5
533,-44.734,154.59,73.388,0.6063,0.4756,0.6373,0.6663,-0.0412,0.7446,0.7428,-0.0524,-0.6675,25.5,0.8589,1.857,0.62,1.39606,148.4,260.8,131.4,261.5,165.8,260.2,503,0.564,5
534,-43.565,155.449,74.604,0.6285,0.431,0.6475,0.6641,-0.0335,0.7469,0.7427,-0.0854,-0.6642,25.5,0.8866,1.9,0.477,1.54,149.6,259.8,132.6,260.7,166.9,258.9,504,0.555,5
535,-42.356,156.22,75.838,0.6492,0.3844,0.6563,0.6629,-0.028,0.7482,0.7405,-0.1226,-0.6608,25.5,0.9106,2.144,0.331,1.56706,150.8,258.9,133.8,260.0,168.1,257.8,505,0.592,5
536,-41.11,156.908,77.086,0.6662,0.3434,0.662,0.6629,-0.0244,0.7483,0.7362,-0.1608,-0.6574,25.5,0.9286,2.211,0.206,1.355,152.0,258.1,135.1,259.2,169.4,256.9,506,0.671,5
537,-39.836,157.52,78.344,0.6806,0.3036,0.6668,0.664,-0.0227,0.7474,0.7297,-0.1989,-0.6542,25.5,0.9434,2.222,0.127,1.28977,153.4,257.3,136.3,258.5,170.8,256.1,507,0.786,5
538,-38.535,158.055,79.61,0.6939,0.2613,0.671,0.6661,-0.0226,0.7455,0.72,-0.241,-0.6507,25.5,0.9565,2.484,0.162,1.34864,154.7,256.6,137.5,257.8,172.2,255.4,508,0.933,5
539,-37.208,158.504,80.882,0.7075,0.2135,0.6737,0.6695,-0.024,0.7424,0.7038,-0.2993,-0.6443,25.5,0.9687,3.487,0.276,1.50724,156.0,256.0,138.8,257.2,173.7,254.8,508,0.96,5
540,-35.859,158.866,82.158,0.7181,0.17,0.6748,0.6742,-0.0272,0.7381,0.6832,-0.3566,-0.6372,25.5,0.9776,3.513,0.408,1.35619,157.4,255.5,140.0,256.6,175.2,254.4,509,0.787,5
541,-34.492,159.149,83.436,0.7265,0.1284,0.6751,0.6805,-0.0325,0.732,0.6584,-0.4113,-0.6303,25.5,0.9844,3.464,0.587,1.28507,158.8,255.1,141.2,256.0,176.8,254.2,510,0.592,5
542,-33.109,159.349,84.712,0.7353,0.0806,0.673,0.6887,-0.04,0.7239,0.6152,-0.496,-0.6127,25.5,0.9904,5.543,0.788,1.47327,160.3,254.8,142.4,255.5,178.5,254.0,511,0.378,5
543,-31.711,159.452,85.982,0.7419,0.0288,0.6698,0.6987,-0.0498,0.7137,0.5407,-0.6164,-0.5724,25.5,0.995,8.442,0.993,1.58424,161.7,254.5,143.5,255.0,180.3,254.1,512,0.152,5
544,-30.304,159.462,87.248,0.7434,-0.0173,0.6687,0.71,-0.0614,0.7015,0.4502,-0.7265,-0.5192,25.5,0.998,8.725,1.162,1.3972,163.2,254.4,144.6,254.5,182.0,254.3,513,0.088,5
545,-28.897,159.386,88.511,0.7452,-0.066,0.6635,0.7221,-0.0746,0.6878,0.1198,-0.9657,-0.2306,25.5,0.9994,28.934,1.292,1.48407,164.6,254.4,145.7,254.1,183.9,254.7,514,0.336,5
546,-27.488,159.215,89.763,0.7417,-0.1134,0.661,0.7349,-0.0891,0.6723,-0.6273,-0.4662,0.6238,25.5,0.9996,76.632,1.42,1.44135,166.1,254.4,146.8,253.7,185.7,255.1,515,0.594,5
547,-26.095,158.962,91.018,0.7296,-0.1526,0.6667,0.7483,-0.1045,0.655,-0.5726,0.3967,0.7175,25.5,0.9986,51.551,1.533,1.2542,167.5,254.6,147.9,253.4,187.5,255.7,516,0.86,5
548,-24.72,158.632,92.276,0.7217,-0.1956,0.6639,0.7624,-0.1207,0.6358,-0.4933,0.5275,0.6917,25.5,0.9959,8.897,1.651,1.3266,168.9,254.8,148.9,253.2,189.4,256.5,516,1.032,5
549,-23.37,158.222,93.536,0.7039,-0.2368,0.6697,0.7763,-0.1367,0.6154,-0.4021,0.6443,0.6505,25.5,0.9909,8.821,1.685,1.37033,170.3,255.1,149.9,253.0,191.2,257.3,517,0.76,5
550,-22.061,157.737,94.814,0.6807,-0.277,0.6782,0.7894,-0.1516,0.5948,-0.335,0.7057,0.6244,25.5,0.9827,5.423,1.639,1.42888,171.7,255.5,150.9,252.9,192.9,258.1,518,0.482,5
551,-20.793,157.175,96.101,0.6581,-0.3159,0.6834,0.8015,-0.1649,0.5748,-0.2954,0.7266,0.6203,25.5,0.9724,2.576,1.541,1.37137,173.0,256.0,151.8,253.0,194.6,259.0,519,0.201,5
552,-19.576,156.544,97.405,0.627,-0.3507,0.6956,0.8125,-0.1772,0.5554,-0.2492,0.7557,0.6057,25.5,0.9579,3.239,1.459,1.46079,174.3,256.5,152.8,253.1,196.2,259.9,520,0.083,5
553,-18.421,155.848,98.733,0.5943,-0.3846,0.7063,0.8227,-0.1887,0.5363,-0.2143,0.7707,0.6,25.5,0.9403,2.201,1.405,1.46269,175.5,257.1,153.6,253.4,197.7,260.9,521,0.368,5
554,-17.328,155.089,100.078,0.5598,-0.418,0.7155,0.8319,-0.1994,0.5178,-0.1878,0.777,0.6008,25.5,0.9195,1.561,1.333,1.48064,176.7,257.8,154.5,253.7,199.1,261.9,522,0.655,5
555,-16.304,154.268,101.442,0.5224,-0.4482,0.7254,0.8403,-0.2085,0.5004,-0.1641,0.782,0.6014,25.5,0.8954,1.388,1.224,1.4862,177.7,258.5,155.3,254.1,200.5,263.0,523,0.941,5
556,-15.347,153.395,102.821,0.4889,-0.4748,0.7318,0.848,-0.2157,0.4842,-0.1469,0.7821,0.6056,25.5,0.8713,1.014,1.107,1.3097,178.7,259.3,156.1,254.7,201.7,264.0,523,0.952,5
557,-14.455,152.471,104.211,0.4528,-0.5017,0.737,0.855,-0.2208,0.4693,-0.1355,0.7783,0.6131,25.5,0.8438,0.812,0.987,1.37239,179.7,260.2,156.8,255.4,202.9,265.0,524,0.672,5
558,-13.636,151.495,105.61,0.4131,-0.5295,0.741,0.8616,-0.2241,0.4555,-0.1287,0.7715,0.6231,25.5,0.8121,0.795,0.897,1.47271,180.5,261.1,157.4,256.1,203.9,266.1,525,0.403,5
559,-12.889,150.47,107.014,0.3763,-0.5533,0.7431,0.8678,-0.2257,0.4426,-0.1234,0.765,0.6321,25.5,0.7803,0.705,0.825,1.32851,181.3,262.0,158.0,257.0,204.9,267.1,526,0.149,5
560,-12.212,149.401,108.421,0.3388,-0.5765,0.7436,0.874,-0.2257,0.4303,-0.1206,0.7572,0.642,25.5,0.7462,0.74,0.789,1.33531,182.0,263.0,158.5,258.0,205.8,268.1,527,0.083,5
561,-11.609,148.288,109.827,0.2974,-0.6008,0.7421,0.8802,-0.2242,0.4183,-0.1201,0.7475,0.6533,25.5,0.7069,0.854,0.779,1.45427,182.6,264.1,159.0,259.0,206.6,269.2,528,0.286,5
562,-11.089,147.131,111.232,0.2527,-0.6218,0.7413,0.8865,-0.2214,0.4063,-0.1183,0.7405,0.6615,25.5,0.6629,0.626,0.793,1.49575,183.2,265.2,159.3,260.1,207.4,270.3,529,0.457,5
563,-10.651,145.933,112.629,0.2109,-0.6452,0.7343,0.8929,-0.2174,0.3943,-0.1206,0.7283,0.6745,25.5,0.6181,1.03,0.812,1.46602,183.6,266.3,159.6,261.4,208.0,271.3,530,0.588,5
564,-10.288,144.688,114.007,0.1732,-0.6707,0.7212,0.8991,-0.2126,0.3826,-0.1262,0.7111,0.6917,25.5,0.5742,1.43,0.807,1.4343,184.0,267.5,159.7,262.7,208.6,272.4,531,0.684,5
565,-10.003,143.401,115.365,0.1288,-0.6891,0.7132,0.9051,-0.207,0.3714,-0.1271,0.7017,0.701,25.5,0.5241,0.759,0.796,1.4754,184.3,268.8,159.8,264.0,209.1,273.6,532,0.75,5
566,-9.794,142.076,116.7,0.094,-0.7123,0.6955,0.9108,-0.201,0.3606,-0.1335,0.6833,0.7179,25.5,0.4796,1.478,0.78,1.37516,184.5,270.1,159.9,265.4,209.4,274.7,533,0.789,5
567,-9.641,140.702,117.991,0.0693,-0.7412,0.6677,0.9161,-0.1946,0.3506,-0.1449,0.6547,0.7418,25.5,0.4418,2.233,0.745,1.42621,184.7,271.4,159.9,266.9,209.8,276.0,534,0.806,5
568,-9.543,139.278,119.234,0.0337,-0.7627,0.6458,0.9209,-0.1879,0.3414,-0.1514,0.6348,0.7577,25.5,0.3948,1.506,0.708,1.4234,184.8,272.8,159.8,268.5,210.0,277.2,535,0.804,5
569,-9.503,137.813,120.431,0.011,-0.7862,0.6178,0.9254,-0.1809,0.3331,-0.1608,0.6084,0.7771,25.5,0.3582,1.953,0.673,1.30301,184.8,274.3,159.7,270.1,210.2,278.5,536,0.786,5
570,-9.492,136.299,121.566,0.0034,-0.8146,0.5801,0.9295,-0.1734,0.3256,-0.1746,0.5707,0.8024,25.5,0.3333,2.719,0.652,1.4476,184.8,275.8,159.6,271.8,210.3,279.9,537,0.754,5
571,-9.497,134.729,122.623,-0.0142,-0.8425,0.5384,0.9333,-0.1653,0.3188,-0.1881,0.5311,0.8261,25.5,0.2977,2.755,0.644,1.61028,184.8,277.4,159.4,273.6,210.4,281.3,538,0.712,5
572,-9.536,133.112,123.605,-0.023,-0.8662,0.4992,0.9369,-0.1565,0.3127,-0.2002,0.4932,0.8466,25.5,0.2701,2.565,0.647,1.41254,184.8,279.1,159.3,275.5,210.5,282.7,539,0.667,5
573,-9.569,131.452,124.513,-0.0088,-0.8876,0.4605,0.9402,-0.1469,0.3072,-0.2125,0.4517,0.8665,25.5,0.2636,2.73,0.662,1.40644,184.7,280.8,159.1,277.4,210.5,284.2,540,0.629,5
574,-9.566,129.753,125.346,0.0052,-0.9085,0.4178,0.9435,-0.1367,0.302,-0.2247,0.4061,0.8858,25.5,0.2553,2.922,0.683,1.50077,184.7,282.5,159.0,279.4,210.7,285.6,541,0.607,5
575,-9.548,128.017,126.097,0.017,-0.9259,0.3774,0.9465,-0.1258,0.2971,-0.2347,0.3632,0.9016,25.5,0.2447,2.682,0.706,1.3791,184.7,284.3,158.9,281.5,210.8,287.2,542,0.61,5
576,-9.49,126.252,126.779,0.0465,-0.9375,0.3449,0.9494,-0.1146,0.2925,-0.2426,0.3244,0.9143,25.5,0.2525,2.383,0.713,1.37476,184.8,286.2,158.9,283.7,210.9,288.7,543,0.65,5
577,-9.364,124.471,127.405,0.0835,-0.9457,0.3141,0.952,-0.1031,0.2882,-0.2493,0.2854,0.9254,25.5,0.2675,2.355,0.719,1.47873,184.9,288.0,159.0,285.8,211.1,290.3,544,0.735,5
578,-9.178,122.673,127.965,0.1136,-0.9537,0.2786,0.9544,-0.0915,0.2842,-0.2553,0.2429,0.9358,25.5,0.2749,2.531,0.716,1.43017,185.1,289.9,159.1,288.0,211.4,291.9,545,0.879,5
579,-8.93,120.865,128.464,0.1492,-0.9564,0.251,0.9565,-0.0802,0.2804,-0.2592,0.2071,0.9434,25.5,0.2898,2.109,0.694,1.36653,185.4,291.8,159.3,290.2,211.7,293.5,545,1.014,5
580,-8.614,119.056,128.921,0.1852,-0.955,0.2317,0.9584,-0.0692,0.277,-0.2612,0.1795,0.9485,25.5,0.3078,1.612,0.669,1.23758,185.7,293.8,159.5,292.4,212.1,295.1,546,0.801,5
581,-8.232,117.25,129.337,0.2171,-0.9536,0.2087,0.9599,-0.0588,0.274,-0.263,0.1488,0.9533,25.5,0.3216,1.783,0.626,1.19156,186.1,295.7,159.9,294.6,212.6,296.8,547,0.52,5
582,-7.798,115.448,129.714,0.2404,-0.9517,0.1911,0.9613,-0.0487,0.2713,-0.2636,0.1255,0.9564,25.5,0.3293,1.347,0.604,0.88607,186.6,297.6,160.3,296.8,213.1,298.4,548,0.194,5
583,-7.327,113.648,130.064,0.256,-0.95,0.1787,0.9624,-0.0387,0.2689,-0.2634,0.1093,0.9585,25.5,0.3312,0.936,0.593,0.60556,187.1,299.5,160.8,298.9,213.6,300.1,549,0.15,5
584,-6.832,111.852,130.393,0.2653,-0.9489,0.1708,0.9634,-0.0288,0.2666,-0.2627,0.0993,0.9598,25.5,0.3285,0.579,0.585,0.371,187.6,301.4,161.3,301.1,214.2,301.7,550,0.482,5
585,-6.315,110.059,130.705,0.2823,-0.9461,0.1588,0.9642,-0.0186,0.2646,-0.2622,0.0832,0.9614,25.5,0.3318,0.927,0.597,0.63586,188.2,303.3,161.8,303.3,214.8,303.4,551,0.775,5
586,-5.768,108.27,130.997,0.294,-0.944,0.1499,0.9649,-0.0079,0.2626,-0.2614,0.0715,0.9626,25.5,0.3305,0.675,0.625,0.44945,188.8,305.2,162.4,305.5,215.4,305.0,552,0.995,5
587,-5.204,106.485,131.274,0.3012,-0.9427,0.1436,0.9654,0.0033,0.2607,-0.2603,0.0636,0.9634,25.5,0.3251,0.459,0.652,0.2923,189.4,307.1,163.0,307.7,216.0,306.6,552,0.898,5
588,-4.63,104.701,131.542,0.3051,-0.9421,0.1391,0.9658,0.0154,0.2587,-0.2592,0.0584,0.9641,25.5,0.3161,0.307,0.703,0.18117,190.0,309.0,163.6,309.9,216.7,308.2,553,0.779,5
589,-4.051,102.918,131.802,0.3062,-0.9422,0.136,0.9661,0.0285,0.2567,-0.258,0.0554,0.9646,25.5,0.3039,0.187,0.759,0.09962,190.6,310.9,164.2,312.2,217.3,309.7,554,0.793,5
590,-3.473,101.134,132.057,0.3045,-0.943,0.1341,0.9661,0.0429,0.2546,-0.2567,0.0544,0.965,25.5,0.2879,0.097,0.834,0.0809,191.3,312.9,164.8,314.5,217.9,311.2,556,0.62,6
591,-2.901,99.349,132.31,0.3013,-0.944,0.1343,0.9659,0.0587,0.2523,-0.2555,0.0557,0.9652,25.5,0.2695,0.102,0.915,0.10171,191.9,314.8,165.4,316.8,218.5,312.7,557,0.182,6
592,-2.329,97.563,132.566,0.3032,-0.9432,0.1357,0.9653,0.0759,0.2498,-0.2543,0.0571,0.9654,25.5,0.255,0.106,0.996,0.07545,192.5,316.7,166.0,319.2,219.2,314.2,558,0.366,6
593,-1.754,95.778,132.822,0.3045,-0.9431,0.1338,0.9644,0.0941,0.2471,-0.2529,0.0553,0.9659,25.5,0.238,0.134,1.055,0.06975,193.1,318.6,166.7,321.6,219.8,315.6,560,0.165,6
594,-1.177,93.993,133.07,0.3053,-0.9436,0.1284,0.9632,0.1125,0.2442,-0.251,0.0503,0.9667,25.5,0.2193,0.31,1.069,0.16596,193.7,320.5,167.3,324.0,220.3,317.0,562,0.454,6
595,-0.598,92.206,133.306,0.3055,-0.9447,0.1193,0.9616,0.1308,0.2414,-0.2486,0.0418,0.9677,25.5,0.199,0.509,1.065,0.27756,194.4,322.4,168.0,326.4,220.9,318.4,563,0.401,6
596,-0.02,90.417,133.519,0.3051,-0.9464,0.1058,0.9597,0.1482,0.2386,-0.2454,0.0292,0.969,25.5,0.1778,0.749,1.016,0.41209,195.0,324.3,168.6,328.8,221.5,319.9,565,0.259,6
597,0.556,88.624,133.702,0.3038,-0.9488,0.0867,0.9578,0.1643,0.2359,-0.241,0.0115,0.9705,25.5,0.1555,1.049,0.942,0.58413,195.6,326.3,169.3,331.1,222.1,321.4,567,0.129,6
598,1.131,86.828,133.858,0.3038,-0.9495,0.0788,0.9558,0.1785,0.2335,-0.2381,0.0045,0.9712,25.5,0.1393,0.436,0.833,0.24015,196.2,328.2,170.0,333.4,222.7,322.9,569,0.049,6
599,1.705,85.03,133.996,0.3035,-0.9506,0.0653,0.954,0.1908,0.2313,-0.2341,-0.0079,0.9722,25.5,0.1233,0.749,0.723,0.41022,196.8,330.1,170.6,335.7,223.2,324.5,571,0.328,6
600,2.279,83.23,134.101,0.3026,-0.9521,0.0439,0.9523,0.2015,0.2293,-0.2285,-0.0278,0.9732,25.5,0.1064,1.186,0.631,0.65011,197.5,332.1,171.3,337.9,223.8,326.2,572,0.423,6
601,2.85,81.427,134.157,0.301,-0.9535,0.015,0.9507,0.2105,0.2276,-0.221,-0.0545,0.9737,25.5,0.0889,1.589,0.533,0.87741,198.1,334.0,172.0,340.1,224.4,327.9,574,0.093,6
602,3.418,79.622,134.154,0.2986,-0.9542,-0.0197,0.9494,0.218,0.226,-0.2119,-0.0865,0.9735,25.5,0.071,1.906,0.446,1.05349,198.7,336.0,172.6,342.2,225.0,329.6,575,0.531,6
603,3.981,77.816,134.092,0.2967,-0.9539,-0.0448,0.9483,0.2242,0.2247,-0.2046,-0.1094,0.9727,25.5,0.0574,1.378,0.368,0.76214,199.3,337.9,173.2,344.4,225.5,331.4,577,0.256,6
604,4.54,76.011,133.982,0.2945,-0.9529,-0.072,0.9474,0.2292,0.2235,-0.1966,-0.1342,0.9713,25.5,0.0445,1.495,0.299,0.82685,199.9,339.9,173.9,346.4,226.1,333.3,578,0.222,6
605,5.095,74.21,133.819,0.2919,-0.9511,-0.1012,0.9467,0.2331,0.2224,-0.188,-0.1608,0.9689,25.5,0.0321,1.608,0.236,0.88929,200.5,341.8,174.5,348.5,226.7,335.1,579,0.647,6
606,5.645,72.412,133.598,0.289,-0.9482,-0.1319,0.9461,0.2363,0.2214,-0.1788,-0.1888,0.9656,25.5,0.0202,1.699,0.195,0.93785,201.1,343.8,175.1,350.5,227.3,337.0,581,0.566,6
607,6.189,70.621,133.319,0.2857,-0.9443,-0.1634,0.9457,0.2387,0.2204,-0.1692,-0.2175,0.9613,25.5,0.0088,1.751,0.151,0.96617,201.7,345.7,175.7,352.5,227.8,338.9,582,0.316,6
608,6.728,68.839,132.984,0.2835,-0.9398,-0.1909,0.9454,0.2407,0.2195,-0.1604,-0.2427,0.9567,25.5,0.0001,1.552,0.127,0.84636,202.3,347.7,176.3,354.5,228.4,340.8,583,0.127,6
609,7.261,67.065,132.596,0.2802,-0.9347,-0.2185,0.9452,0.2423,0.2187,-0.1515,-0.2678,0.9515,25.5,0.0094,1.555,0.103,0.85568,202.8,349.6,176.9,356.5,229.0,342.7,584,0.009,6
610,7.788,65.301,132.157,0.2761,-0.9293,-0.2453,0.9451,0.2435,0.2178,-0.1427,-0.292,0.9457,25.5,0.0188,1.512,0.086,0.8371,203.4,351.5,177.5,358.4,229.5,344.6,585,0.052,6
611,8.306,63.548,131.669,0.2713,-0.9236,-0.2709,0.9451,0.2443,0.217,-0.1343,-0.315,0.9396,25.5,0.028,1.446,0.065,0.80719,204.0,353.4,178.0,360.4,230.1,346.5,586,0.037,6
612,8.814,61.806,131.133,0.2659,-0.9178,-0.2947,0.9452,0.2449,0.2161,-0.1263,-0.3362,0.9333,25.5,0.0371,1.348,0.062,0.75964,204.5,355.3,178.6,362.3,230.6,348.4,587,0.055,6
613,9.313,60.074,130.554,0.2613,-0.9114,-0.3179,0.9453,0.2452,0.2153,-0.1184,-0.3571,0.9265,25.5,0.0449,1.338,0.049,0.74186,205.0,357.2,179.1,364.2,231.2,350.2,588,0.221,6
614,9.803,58.356,129.932,0.2573,-0.9048,-0.3394,0.9455,0.2452,0.2144,-0.1109,-0.3765,0.9197,25.5,0.0513,1.254,0.053,0.69161,205.6,359.1,179.6,366.0,231.7,352.1,589,0.459,6
615,10.286,56.65,129.271,0.2531,-0.8986,-0.3585,0.9457,0.2451,0.2135,-0.1042,-0.3937,0.9133,25.5,0.0574,1.119,0.053,0.62118,206.1,361.0,180.1,367.9,232.2,354.0,590,0.764,6
616,10.761,54.954,128.576,0.2487,-0.8928,-0.3757,0.946,0.2448,0.2126,-0.0981,-0.4091,0.9072,25.5,0.0632,1.011,0.057,0.56541,206.6,362.8,180.7,369.7,232.7,355.9,590,1.128,6
617,11.228,53.27,127.85,0.2442,-0.8873,-0.3911,0.9463,0.2443,0.2117,-0.0925,-0.4228,0.9015,25.5,0.0685,0.909,0.061,0.51351,207.1,364.7,181.2,371.5,233.2,357.7,591,0.763,6
618,11.685,51.596,127.096,0.2396,-0.8823,-0.4051,0.9467,0.2437,0.2108,-0.0875,-0.4352,0.8961,25.5,0.0736,0.826,0.066,0.4712,207.6,366.5,181.6,373.3,233.7,359.6,592,0.343,6
619,12.134,49.93,126.317,0.2349,-0.8776,-0.4178,0.9471,0.243,0.2098,-0.0829,-0.4464,0.891,25.5,0.0784,0.753,0.074,0.43393,208.1,368.3,182.1,375.1,234.2,361.4,593,0.125,6
620,12.574,48.275,125.514,0.2301,-0.8718,-0.4325,0.9475,0.2422,0.2089,-0.0776,-0.4594,0.8848,25.5,0.0835,0.879,0.073,0.50004,208.5,370.1,182.6,376.9,234.6,363.3,594,0.636,6
621,13.006,46.631,124.681,0.2257,-0.8656,-0.4469,0.9479,0.2413,0.2079,-0.0724,-0.4724,0.8784,25.5,0.0878,0.882,0.08,0.49305,209.0,371.9,183.0,378.6,235.1,365.1,595,1.184,6
622,13.429,44.998,123.823,0.2216,-0.8601,-0.4595,0.9484,0.2404,0.2069,-0.0678,-0.4836,0.8726,25.5,0.0917,0.769,0.082,0.43441,209.4,373.7,183.5,380.4,235.5,366.9,595,0.709,6
623,13.844,43.375,122.943,0.2178,-0.8552,-0.4703,0.9489,0.2393,0.2058,-0.0638,-0.4933,0.8675,25.5,0.0948,0.668,0.094,0.37708,209.9,375.4,183.9,382.1,236.0,368.7,596,0.132,6
624,14.253,41.761,122.044,0.2144,-0.8509,-0.4795,0.9494,0.2383,0.2048,-0.0603,-0.5015,0.863,25.5,0.0974,0.572,0.086,0.32424,210.3,377.2,184.4,383.8,236.4,370.5,597,0.469,6
625,14.656,40.154,121.129,0.2114,-0.8474,-0.4871,0.9499,0.2371,0.2037,-0.0574,-0.5083,0.8593,25.5,0.0993,0.474,0.098,0.26908,210.7,378.9,184.8,385.5,236.8,372.3,598,1.084,6
626,15.054,38.553,120.202,0.2087,-0.8444,-0.4934,0.9504,0.2359,0.2026,-0.055,-0.5138,0.8562,25.5,0.1008,0.387,0.098,0.22655,211.1,380.7,185.2,387.2,237.2,374.1,598,0.809,6
627,15.446,36.958,119.263,0.2063,-0.8421,-0.4983,0.951,0.2346,0.2015,-0.053,-0.5181,0.8537,25.5,0.1018,0.307,0.103,0.17929,211.5,382.4,185.6,388.9,237.6,375.9,599,0.186,6
628,15.835,35.365,118.316,0.2043,-0.8404,-0.502,0.9516,0.2333,0.2003,-0.0515,-0.5213,0.8518,25.5,0.1022,0.23,0.107,0.13731,211.9,384.1,186.0,390.6,238.1,377.6,600,0.436,6
629,16.216,33.78,117.358,0.1995,-0.836,-0.5112,0.9521,0.2319,0.1991,-0.0482,-0.5294,0.847,25.5,0.1057,0.572,0.109,0.34137,212.3,385.9,186.4,392.3,238.5,379.4,601,1.05,6
630,16.59,32.201,116.383,0.1957,-0.8323,-0.5186,0.9528,0.2304,0.1979,-0.0454,-0.536,0.843,25.5,0.1079,0.47,0.117,0.27566,212.7,387.6,186.8,393.9,238.8,381.2,601,0.843,6
631,16.958,30.629,115.396,0.1928,-0.8292,-0.5247,0.9534,0.2289,0.1966,-0.0432,-0.5414,0.8397,25.5,0.1091,0.384,0.119,0.225,213.1,389.3,187.2,395.6,239.2,382.9,602,0.247,6
632,17.32,29.063,114.398,0.1906,-0.8265,-0.5296,0.954,0.2273,0.1953,-0.0413,-0.5458,0.8369,25.5,0.1095,0.318,0.123,0.18199,213.5,391.0,187.5,397.2,239.6,384.7,603,0.324,6
633,17.68,27.5,113.392,0.1891,-0.8244,-0.5335,0.9547,0.2256,0.1939,-0.0397,-0.5493,0.8347,25.5,0.1089,0.254,0.132,0.14157,213.9,392.6,187.9,398.9,240.0,386.4,604,0.861,6
634,18.036,25.942,112.379,0.1881,-0.8226,-0.5366,0.9554,0.2239,0.1925,-0.0385,-0.5521,0.8329,25.5,0.1078,0.203,0.132,0.11266,214.2,394.3,188.3,400.5,240.4,388.1,604,1.032,6
635,18.392,24.386,111.361,0.1877,-0.8212,-0.5388,0.9561,0.222,0.191,-0.0375,-0.5542,0.8316,25.5,0.1058,0.153,0.144,0.07986,214.6,396.0,188.6,402.1,240.7,389.9,605,0.534,6
636,18.747,22.833,110.34,0.1878,-0.8202,-0.5404,0.9569,0.2201,0.1895,-0.0367,-0.5556,0.8306,25.5,0.1032,0.109,0.146,0.05717,215.0,397.7,189.0,403.7,241.1,391.6,606,0.075,6
637,19.103,21.282,109.316,0.1884,-0.8195,-0.5412,0.9577,0.2181,0.1879,-0.0362,-0.5564,0.8301,25.5,0.1,0.061,0.154,0.03694,215.3,399.3,189.4,405.3,241.5,393.3,607,0.356,6
638,19.461,19.731,108.292,0.1896,-0.8192,-0.5413,0.9585,0.216,0.1862,-0.0358,-0.5567,0.83,25.5,0.096,0.029,0.161,0.03756,215.7,401.0,189.7,406.9,241.8,395.1,608,0.748,6
639,19.821,18.181,107.268,0.1913,-0.8192,-0.5406,0.9593,0.2137,0.1845,-0.0357,-0.5563,0.8302,25.5,0.0913,0.026,0.17,0.05564,216.1,402.7,190.1,408.5,242.2,396.8,609,1.108,6
640,20.185,16.63,106.246,0.1933,-0.8195,-0.5395,0.9602,0.2114,0.1827,-0.0358,-0.5554,0.8308,25.5,0.0862,0.062,0.175,0.06971,216.5,404.3,190.4,410.1,242.6,398.5,609,0.784,6
641,20.551,15.08,105.224,0.1931,-0.8184,-0.5412,0.9611,0.2089,0.1807,-0.035,-0.557,0.8298,25.5,0.0832,0.117,0.191,0.0616,216.8,406.0,190.8,411.7,243.0,400.3,610,0.456,6
642,20.916,13.532,104.198,0.193,-0.8174,-0.5427,0.962,0.2063,0.1787,-0.0342,-0.5584,0.8289,25.5,0.0799,0.106,0.195,0.05466,217.2,407.6,191.2,413.2,243.4,402.0,611,0.16,6
643,21.281,11.986,103.169,0.1931,-0.8165,-0.5441,0.963,0.2036,0.1766,-0.0335,-0.5597,0.828,25.5,0.0764,0.099,0.204,0.05046,217.6,409.3,191.5,414.8,243.8,403.7,612,0.118,6
644,21.647,10.442,102.138,0.1933,-0.8156,-0.5454,0.964,0.2008,0.1744,-0.0328,-0.5609,0.8272,25.5,0.0725,0.092,0.212,0.04825,217.9,410.9,191.9,416.4,244.1,405.5,613,0.357,6
645,22.013,8.9,101.105,0.1936,-0.8147,-0.5466,0.965,0.1978,0.1721,-0.0322,-0.5621,0.8264,25.5,0.0684,0.09,0.224,0.04631,218.3,412.6,192.3,417.9,244.5,407.2,614,0.574,6
646,22.38,7.358,100.07,0.1941,-0.8139,-0.5477,0.9661,0.1947,0.1697,-0.0316,-0.5632,0.8257,25.5,0.0639,0.082,0.233,0.04385,218.7,414.2,192.6,419.5,244.9,408.9,615,0.771,6
647,22.748,5.819,99.032,0.1947,-0.813,-0.5487,0.9672,0.1914,0.1672,-0.0309,-0.5642,0.825,25.5,0.059,0.081,0.245,0.04455,219.1,415.8,193.0,421.0,245.3,410.6,616,0.952,6
648,23.117,4.281,97.993,0.1955,-0.8122,-0.5497,0.9683,0.188,0.1645,-0.0303,-0.5652,0.8244,25.5,0.0538,0.075,0.257,0.04568,219.4,417.5,193.3,422.5,245.7,412.4,616,0.942,6
649,23.488,2.745,96.952,0.1964,-0.8114,-0.5505,0.9694,0.1844,0.1617,-0.0297,-0.5662,0.8238,25.5,0.0482,0.075,0.269,0.04376,219.8,419.1,193.7,424.1,246.1,414.1,617,0.773,6
650,23.861,1.21,95.909,0.1975,-0.8105,-0.5514,0.9706,0.1807,0.1588,-0.0292,-0.567,0.8232,25.5,0.0423,0.064,0.278,0.05093,220.2,420.7,194.1,425.6,246.5,415.8,618,0.614,6
651,24.236,-0.323,94.865,0.1988,-0.8097,-0.5521,0.9718,0.1768,0.1558,-0.0286,-0.5679,0.8226,25.5,0.036,0.071,0.29,0.05084,220.6,422.3,194.4,427.1,246.9,417.6,619,0.461,6
652,24.614,-1.855,93.819,0.2003,-0.8089,-0.5528,0.9731,0.1727,0.1526,-0.028,-0.5687,0.822,25.5,0.0291,0.067,0.307,0.05565,221.0,424.0,194.8,428.6,247.3,419.3,620,0.31,6
653,24.994,-3.385,92.773,0.2023,-0.8081,-0.5532,0.9744,0.1684,0.1492,-0.0275,-0.5693,0.8217,25.5,0.0215,0.048,0.323,0.06634,221.4,425.6,195.2,430.1,247.7,421.0,621,0.158,6
654,25.379,-4.913,91.726,0.2041,-0.8073,-0.5537,0.9756,0.1639,0.1458,-0.0269,-0.57,0.8212,25.5,0.0139,0.06,0.33,0.06154,221.7,427.2,195.5,431.6,248.1,422.8,622,0.01,6
655,25.767,-6.44,90.677,0.2057,-0.8064,-0.5544,0.9769,0.1593,0.1421,-0.0263,-0.5709,0.8206,25.5,0.0063,0.071,0.346,0.05949,222.1,428.8,195.9,433.0,248.5,424.5,623,0.167,6
656,26.157,-7.965,89.627,0.2069,-0.8055,-0.5554,0.9783,0.1545,0.1383,-0.0256,-0.5719,0.8199,25.5,0.0011,0.081,0.36,0.05453,222.5,430.4,196.3,434.5,248.9,426.2,624,0.346,6
657,26.55,-9.488,88.575,0.2077,-0.8044,-0.5566,0.9796,0.1495,0.1344,-0.0249,-0.5732,0.819,25.5,0.0084,0.099,0.371,0.05489,222.9,432.0,196.6,436.0,249.3,428.0,625,0.542,6
658,26.943,-11.01,87.52,0.2083,-0.8032,-0.5581,0.9809,0.1443,0.1303,-0.0241,-0.5746,0.818,25.5,0.0157,0.109,0.387,0.06093,223.3,433.6,197.0,437.4,249.7,429.7,626,0.759,6
659,27.338,-12.528,86.463,0.2084,-0.802,-0.5598,0.9822,0.139,0.1261,-0.0233,-0.5763,0.8169,25.5,0.0226,0.125,0.395,0.06308,223.7,435.2,197.4,438.9,250.1,431.5,627,1.001,6
660,27.732,-14.045,85.401,0.2082,-0.8006,-0.5619,0.9835,0.1335,0.1217,-0.0224,-0.5782,0.8156,25.5,0.0295,0.142,0.41,0.07665,224.1,436.7,197.8,440.3,250.5,433.2,627,0.891,6
661,28.125,-15.559,84.336,0.2076,-0.7992,-0.5641,0.9848,0.1279,0.1172,-0.0215,-0.5803,0.8141,25.5,0.0361,0.157,0.418,0.08101,224.5,438.3,198.2,441.7,251.0,434.9,628,0.62,6
662,28.517,-17.069,83.266,0.2065,-0.7976,-0.5667,0.9861,0.1221,0.1125,-0.0206,-0.5826,0.8125,25.5,0.0425,0.169,0.434,0.09825,224.9,439.9,198.5,443.1,251.4,436.7,629,0.317,6
663,28.907,-18.578,82.191,0.2053,-0.796,-0.5695,0.9874,0.1161,0.1077,-0.0196,-0.5851,0.8107,25.5,0.049,0.186,0.446,0.10413,225.3,441.5,198.9,444.5,251.8,438.4,630,0.019,6
664,29.295,-20.082,81.111,0.205,-0.7943,-0.5719,0.9886,0.11,0.1027,-0.0187,-0.5874,0.8091,25.5,0.0566,0.169,0.457,0.08951,225.7,443.0,199.3,445.9,252.2,440.1,631,0.39,6
665,29.682,-21.584,80.026,0.2047,-0.7926,-0.5743,0.9898,0.1037,0.0976,-0.0179,-0.5897,0.8074,25.5,0.0644,0.17,0.469,0.08949,226.1,444.6,199.6,447.3,252.6,441.8,632,0.793,6
666,30.069,-23.082,78.937,0.2044,-0.791,-0.5766,0.991,0.0972,0.0924,-0.017,-0.5918,0.8059,25.5,0.0724,0.157,0.482,0.08533,226.4,446.1,200.0,448.7,253.0,443.6,632,1.099,6
667,30.456,-24.578,77.844,0.2042,-0.7895,-0.5788,0.9921,0.0906,0.087,-0.0163,-0.5939,0.8044,25.5,0.0807,0.153,0.493,0.08082,226.8,447.7,200.4,450.1,253.4,445.3,633,0.663,6
668,30.842,-26.07,76.747,0.204,-0.7881,-0.5808,0.9931,0.0839,0.0814,-0.0155,-0.5958,0.803,25.5,0.0892,0.143,0.504,0.07417,227.2,449.2,200.8,451.4,253.7,447.0,634,0.194,6
669,31.228,-27.56,75.646,0.2039,-0.7867,-0.5827,0.9942,0.077,0.0757,-0.0148,-0.5976,0.8017,25.5,0.098,0.133,0.517,0.07151,227.6,450.8,201.1,452.8,254.1,448.8,635,0.308,6
670,31.614,-29.048,74.541,0.2038,-0.7854,-0.5844,0.9951,0.0699,0.0699,-0.0141,-0.5993,0.8004,25.5,0.1071,0.129,0.528,0.06485,228.0,452.3,201.5,454.1,254.5,450.5,636,0.841,6
671,32.0,-30.533,73.434,0.2038,-0.7842,-0.586,0.996,0.0626,0.0639,-0.0135,-0.6008,0.7993,25.5,0.1164,0.112,0.544,0.06055,228.4,453.8,201.9,455.5,254.9,452.2,636,1.051,6
672,32.386,-32.016,72.323,0.2039,-0.7832,-0.5875,0.9968,0.0552,0.0577,-0.0129,-0.6021,0.7983,25.5,0.1261,0.1,0.555,0.05455,228.7,455.4,202.3,456.8,255.3,453.9,637,0.486,6
673,32.771,-33.497,71.209,0.2031,-0.7814,-0.59,0.9975,0.0476,0.0514,-0.0122,-0.6045,0.7965,25.5,0.1351,0.177,0.567,0.09631,229.1,456.9,202.6,458.1,255.7,455.6,638,0.109,6
674,33.154,-34.974,70.09,0.2023,-0.7797,-0.5926,0.9982,0.0399,0.045,-0.0115,-0.607,0.7946,25.5,0.1442,0.184,0.575,0.09711,229.5,458.4,203.0,459.4,256.0,457.4,639,0.728,6
675,33.537,-36.448,68.967,0.202,-0.7781,-0.5948,0.9988,0.0319,0.0383,-0.011,-0.6091,0.7931,25.5,0.1542,0.151,0.599,0.08286,229.9,459.9,203.4,460.7,256.4,459.1,639,1.164,6
676,33.919,-37.919,67.839,0.202,-0.7768,-0.5965,0.9992,0.0238,0.0315,-0.0104,-0.6108,0.7918,25.5,0.1646,0.127,0.606,0.0648,230.2,461.4,203.8,462.0,256.8,460.8,640,0.525,6
677,34.301,-39.388,66.709,0.2023,-0.7756,-0.5979,0.9996,0.0154,0.0245,-0.01,-0.6121,0.7907,25.5,0.1756,0.1,0.627,0.05655,230.6,462.9,204.1,463.3,257.1,462.5,641,0.128,6
678,34.685,-40.855,65.577,0.2031,-0.7747,-0.5988,0.9998,0.0068,0.0173,-0.0095,-0.613,0.79,25.5,0.1874,0.071,0.643,0.04551,231.0,464.4,204.5,464.6,257.5,464.2,642,0.791,6
679,35.07,-42.32,64.443,0.2043,-0.7741,-0.5992,0.9999,-0.002,0.0099,-0.0091,-0.6136,0.7896,25.5,0.1999,0.047,0.659,0.04239,231.4,465.9,204.9,465.8,257.8,466.0,642,1.102,6
680,35.459,-43.785,63.309,0.2059,-0.7736,-0.5993,0.9999,-0.0111,0.0023,-0.0086,-0.6138,0.7894,25.5,0.2131,0.033,0.679,0.05084,231.8,467.4,205.3,467.1,258.2,467.7,643,0.435,6
681,35.85,-45.249,62.175,0.208,-0.7734,-0.5988,0.9998,-0.0205,-0.0055,-0.0082,-0.6135,0.7896,25.5,0.2271,0.031,0.7,0.06563,232.1,468.9,205.7,468.3,258.5,469.4,644,0.232,6
682,36.245,-46.712,61.041,0.209,-0.7723,-0.5999,0.9995,-0.0301,-0.0136,-0.0078,-0.6147,0.7887,25.5,0.2403,0.089,0.72,0.05599,232.5,470.4,206.1,469.6,258.9,471.1,645,0.893,6
683,36.641,-48.172,59.905,0.2099,-0.7712,-0.601,0.999,-0.04,-0.0219,-0.0074,-0.6159,0.7878,25.5,0.2537,0.089,0.741,0.05441,232.9,471.8,206.6,470.8,259.2,472.9,645,1.0,6
684,37.04,-49.63,58.767,0.2111,-0.7703,-0.6018,0.9983,-0.0502,-0.0304,-0.0071,-0.6168,0.7871,25.5,0.2677,0.068,0.762,0.05146,233.3,473.3,207.0,472.0,259.6,474.6,646,0.349,6
685,37.44,-51.088,57.628,0.2124,-0.7696,-0.6022,0.9974,-0.0607,-0.0391,-0.0067,-0.6174,0.7866,25.5,0.2821,0.05,0.783,0.04631,233.7,474.8,207.4,473.2,259.9,476.3,647,0.293,6
686,37.844,-52.543,56.488,0.2139,-0.7691,-0.6023,0.9963,-0.0714,-0.0481,-0.0063,-0.6176,0.7864,25.5,0.297,0.028,0.804,0.04796,234.1,476.2,207.9,474.4,260.3,478.1,648,0.925,6
687,38.25,-53.999,55.348,0.2157,-0.7688,-0.602,0.9949,-0.0825,-0.0573,-0.0059,-0.6175,0.7866,25.5,0.3125,0.026,0.83,0.05599,234.5,477.7,208.3,475.6,260.6,479.8,648,0.968,6
688,38.66,-55.454,54.21,0.2177,-0.7688,-0.6013,0.9934,-0.0938,-0.0667,-0.0054,-0.617,0.787,25.5,0.3285,0.047,0.847,0.06415,234.9,479.2,208.8,476.8,260.9,481.6,649,0.344,6
689,39.074,-56.909,53.073,0.22,-0.769,-0.6002,0.9915,-0.1054,-0.0763,-0.0049,-0.6161,0.7877,25.5,0.345,0.071,0.87,0.07743,235.3,480.6,209.2,477.9,261.2,483.3,650,0.271,6
690,39.492,-58.364,51.938,0.2219,-0.7689,-0.5996,0.9893,-0.1174,-0.0862,-0.0044,-0.6157,0.788,25.5,0.3615,0.041,0.9,0.0604,235.7,482.1,209.7,479.1,261.6,485.1,651,0.878,6
691,39.914,-59.819,50.803,0.2239,-0.7687,-0.5992,0.9869,-0.1296,-0.0963,-0.0039,-0.6155,0.7881,25.5,0.3783,0.031,0.918,0.06203,236.1,483.6,210.2,480.2,261.9,486.9,651,1.014,6
692,40.34,-61.273,49.67,0.2259,-0.7684,-0.5988,0.9841,-0.1421,-0.1066,-0.0035,-0.6153,0.7883,25.5,0.3953,0.028,0.942,0.06241,236.5,485.0,210.7,481.4,262.2,488.6,652,0.415,6
693,40.769,-62.727,48.537,0.2279,-0.7681,-0.5984,0.981,-0.1549,-0.117,-0.0031,-0.6152,0.7884,25.5,0.4126,0.024,0.961,0.06242,236.9,486.5,211.2,482.5,262.5,490.4,653,0.179,6
694,41.202,-64.18,47.405,0.23,-0.7677,-0.5981,0.9775,-0.1679,-0.1277,-0.0027,-0.615,0.7885,25.5,0.4301,0.026,0.985,0.06536,237.3,487.9,211.7,483.6,262.8,492.2,654,0.766,6
695,41.64,-65.633,46.273,0.2322,-0.7673,-0.5977,0.9737,-0.1812,-0.1385,-0.0023,-0.615,0.7886,25.5,0.4479,0.023,1.005,0.06877,237.7,489.4,212.3,484.7,263.1,494.0,654,1.127,6
696,42.081,-67.084,45.142,0.2343,-0.7669,-0.5974,0.9694,-0.1947,-0.1494,-0.002,-0.6149,0.7886,25.5,0.4657,0.018,1.024,0.06536,238.2,490.8,212.8,485.9,263.4,495.7,655,0.542,6
697,42.527,-68.536,44.012,0.2366,-0.7668,-0.5966,0.9648,-0.2084,-0.1605,-0.0015,-0.6144,0.789,25.5,0.4838,0.047,1.044,0.07379,238.6,492.3,213.4,487.0,263.7,497.5,656,0.043,6
698,42.977,-69.987,42.884,0.2389,-0.7667,-0.5959,0.9597,-0.2223,-0.1716,-0.001,-0.6139,0.7894,25.5,0.502,0.047,1.06,0.07284,239.0,493.7,214.0,488.1,263.9,499.3,657,0.635,6
699,43.431,-71.438,41.757,0.2412,-0.7663,-0.5955,0.9543,-0.2365,-0.1829,-0.0008,-0.6138,0.7895,25.5,0.5203,0.014,1.085,0.07171,239.5,495.1,214.6,489.1,264.2,501.1,658,1.237,6
700,43.889,-72.887,40.63,0.2434,-0.7656,-0.5954,0.9484,-0.2507,-0.1942,-0.0007,-0.6141,0.7893,25.5,0.5384,0.021,1.093,0.06994,239.9,496.6,215.2,490.2,264.5,502.9,658,0.656,6
701,44.352,-74.335,39.503,0.2456,-0.7647,-0.5958,0.9421,-0.2651,-0.2055,-0.0009,-0.6148,0.7887,25.5,0.5565,0.054,1.109,0.07293,240.3,498.0,215.8,491.3,264.7,504.7,659,0.04,7
702,44.819,-75.781,38.375,0.2478,-0.7634,-0.5965,0.9353,-0.2795,-0.2168,-0.0014,-0.616,0.7878,25.5,0.5745,0.091,1.119,0.08021,240.8,499.4,216.5,492.4,264.9,506.4,660,0.595,7
703,45.29,-77.224,37.245,0.2499,-0.7619,-0.5975,0.9282,-0.294,-0.2281,-0.0023,-0.6176,0.7865,25.5,0.5922,0.129,1.129,0.08379,241.2,500.9,217.2,493.4,265.2,508.2,661,1.252,7
704,45.765,-78.665,36.113,0.252,-0.7605,-0.5985,0.9206,-0.3085,-0.2393,-0.0033,-0.6191,0.7853,25.5,0.6098,0.124,1.137,0.08217,241.7,502.3,217.8,494.5,265.4,510.0,661,0.641,7
705,46.244,-80.103,34.98,0.2541,-0.7593,-0.5991,0.9126,-0.3231,-0.2505,-0.0043,-0.6203,0.7844,25.5,0.6273,0.103,1.15,0.07545,242.2,503.7,218.5,495.6,265.6,511.8,662,0.043,7
706,46.727,-81.539,33.846,0.2565,-0.7583,-0.5994,0.9042,-0.3377,-0.2616,-0.0053,-0.6212,0.7836,25.5,0.6448,0.09,1.156,0.07923,242.6,505.1,219.2,496.6,265.9,513.5,663,0.753,7
707,47.214,-82.973,32.712,0.2589,-0.7574,-0.5994,0.8953,-0.3523,-0.2725,-0.0063,-0.6218,0.7831,25.5,0.662,0.073,1.162,0.07758,243.1,506.5,219.9,497.7,266.1,515.3,663,1.139,7
708,47.707,-84.406,31.578,0.2615,-0.7568,-0.599,0.886,-0.367,-0.2834,-0.0073,-0.6222,0.7829,25.5,0.6792,0.063,1.176,0.08169,243.6,507.9,220.7,498.7,266.3,517.1,664,0.407,7
709,48.204,-85.838,30.445,0.2643,-0.7564,-0.5984,0.8763,-0.3817,-0.2941,-0.0083,-0.6222,0.7828,25.5,0.6963,0.057,1.181,0.08751,244.0,509.3,221.4,499.7,266.5,518.8,665,0.342,7
710,48.707,-87.268,29.313,0.2667,-0.7555,-0.5985,0.866,-0.3964,-0.3047,-0.0101,-0.6231,0.7821,25.5,0.7128,0.122,1.194,0.07766,244.5,510.7,222.2,500.8,266.6,520.6,666,1.105,7
711,49.214,-88.697,28.18,0.2691,-0.7545,-0.5986,0.8554,-0.4112,-0.3151,-0.0124,-0.6242,0.7811,25.5,0.7291,0.157,1.201,0.07876,245.0,512.1,223.0,501.8,266.8,522.3,666,0.787,7
712,49.726,-90.124,27.047,0.2718,-0.7537,-0.5983,0.8442,-0.426,-0.3253,-0.0146,-0.6249,0.7806,25.5,0.7452,0.135,1.213,0.08573,245.5,513.5,223.8,502.8,267.0,524.1,667,0.015,7
713,50.243,-91.55,25.916,0.2748,-0.7533,-0.5975,0.8326,-0.4409,-0.3353,-0.0167,-0.6251,0.7804,25.5,0.7613,0.121,1.224,0.09478,246.0,514.9,224.6,503.9,267.2,525.8,668,0.763,7
714,50.766,-92.976,24.786,0.278,-0.7532,-0.5961,0.8205,-0.4558,-0.3451,-0.0188,-0.6247,0.7806,25.5,0.7771,0.123,1.235,0.10579,246.5,516.3,225.4,504.9,267.3,527.5,668,1.13,7
715,51.295,-94.401,23.66,0.2815,-0.7534,-0.5942,0.8079,-0.4708,-0.3546,-0.0206,-0.6238,0.7813,25.5,0.7928,0.122,1.247,0.12073,247.0,517.7,226.3,505.9,267.5,529.3,669,0.352,7
716,51.831,-95.827,22.537,0.2848,-0.7535,-0.5926,0.7947,-0.4858,-0.3639,-0.0233,-0.6235,0.7815,25.5,0.808,0.156,1.263,0.11106,247.5,519.0,227.1,506.9,267.6,531.0,670,0.423,7
717,52.373,-97.253,21.417,0.2879,-0.7532,-0.5914,0.7811,-0.5009,-0.3728,-0.0271,-0.6237,0.7812,25.5,0.8226,0.219,1.271,0.10104,248.0,520.4,228.0,508.0,267.8,532.8,671,1.191,7
718,52.921,-98.678,20.299,0.2914,-0.7531,-0.5899,0.7669,-0.5161,-0.3815,-0.0314,-0.6239,0.7809,25.5,0.8372,0.247,1.292,0.11532,248.5,521.8,228.9,509.0,267.9,534.5,671,0.702,7
719,53.476,-100.103,19.184,0.2952,-0.753,-0.5881,0.7521,-0.5313,-0.3898,-0.0361,-0.6239,0.7807,25.5,0.8513,0.27,1.305,0.12734,249.1,523.2,229.9,510.0,268.0,536.2,672,0.057,7
720,54.039,-101.528,18.073,0.2994,-0.753,-0.5859,0.7369,-0.5466,-0.3978,-0.0414,-0.6237,0.7805,25.5,0.8653,0.304,1.318,0.14355,249.6,524.6,230.8,511.0,268.2,538.0,673,0.802,7
721,54.61,-102.953,16.967,0.304,-0.7532,-0.5833,0.721,-0.562,-0.4053,-0.0473,-0.6235,0.7804,25.5,0.8789,0.338,1.339,0.16009,250.1,525.9,231.8,512.0,268.3,539.7,673,1.09,7
722,55.189,-104.379,15.865,0.308,-0.7534,-0.581,0.7047,-0.5774,-0.4124,-0.0547,-0.6237,0.7797,25.5,0.8917,0.426,1.348,0.13982,250.7,527.3,232.8,513.0,268.4,541.5,674,0.36,7
723,55.776,-105.805,14.768,0.3122,-0.7534,-0.5787,0.6877,-0.5928,-0.4191,-0.0639,-0.6244,0.7785,25.5,0.9038,0.533,1.369,0.14498,251.2,528.7,233.8,514.0,268.5,543.2,675,0.354,7
724,56.371,-107.23,13.675,0.3168,-0.7533,-0.5763,0.6702,-0.6083,-0.4252,-0.0754,-0.6257,0.7764,25.5,0.9156,0.674,1.384,0.15711,251.8,530.1,234.8,515.0,268.6,544.9,676,1.046,7
725,56.975,-108.656,12.586,0.322,-0.753,-0.5739,0.652,-0.6239,-0.4308,-0.0897,-0.6277,0.7733,25.5,0.927,0.846,1.41,0.17363,252.4,531.4,235.9,516.0,268.7,546.7,676,0.846,7
726,57.59,-110.08,11.503,0.3278,-0.7525,-0.5713,0.6333,-0.6395,-0.4358,-0.1078,-0.6305,0.7687,25.5,0.9378,1.082,1.424,0.19302,253.0,532.8,237.0,517.0,268.8,548.4,677,0.177,7
727,58.216,-111.504,10.425,0.3334,-0.7528,-0.5676,0.614,-0.6552,-0.4401,-0.1271,-0.6324,0.7641,25.5,0.9477,1.142,1.447,0.20341,253.6,534.2,238.1,518.0,268.8,550.2,678,0.467,7
728,58.852,-112.929,9.354,0.3387,-0.7533,-0.5638,0.5942,-0.6708,-0.4438,-0.151,-0.635,0.7576,25.5,0.9568,1.427,1.46,0.19802,254.2,535.5,239.2,518.9,268.9,551.9,679,1.085,7
729,59.498,-114.354,8.29,0.3445,-0.7524,-0.5614,0.5737,-0.6865,-0.4467,-0.1878,-0.6412,0.7441,25.5,0.9649,2.274,1.489,0.19198,254.8,536.9,240.4,519.9,269.0,553.6,679,0.807,7
730,60.156,-115.776,7.229,0.351,-0.7501,-0.5605,0.5528,-0.702,-0.449,-0.2425,-0.651,0.7193,25.5,0.9723,3.487,1.497,0.21053,255.4,538.2,241.5,520.9,269.1,555.4,680,0.208,7
731,60.827,-117.192,6.168,0.3581,-0.7463,-0.5611,0.5315,-0.7174,-0.4504,-0.3215,-0.6628,0.6763,25.5,0.9784,5.199,1.508,0.24448,256.0,539.6,242.7,521.9,269.2,557.1,681,0.381,7
732,61.512,-118.601,5.105,0.3653,-0.7431,-0.5607,0.5097,-0.7326,-0.4511,-0.4176,-0.6691,0.6148,25.5,0.9835,6.55,1.523,0.23885,256.7,540.9,244.0,522.9,269.2,558.8,682,0.968,7
733,62.21,-120.005,4.046,0.3721,-0.7409,-0.5591,0.4876,-0.7476,-0.4509,-0.5311,-0.6639,0.5264,25.5,0.9874,8.255,1.53,0.22174,257.3,542.3,245.2,523.8,269.3,560.5,682,0.924,7
734,62.92,-121.404,2.988,0.3792,-0.7371,-0.5593,0.4652,-0.7623,-0.45,-0.6711,-0.6353,0.3823,25.5,0.99,11.647,1.536,0.2439,258.0,543.6,246.5,524.8,269.4,562.2,683,0.33,7
735,63.645,-122.794,1.928,0.3864,-0.7317,-0.5615,0.4427,-0.7766,-0.4483,-0.807,-0.563,0.1783,25.5,0.991,14.682,1.531,0.28052,258.7,544.9,247.7,525.8,269.5,563.8,684,0.279,7
736,64.383,-124.172,0.862,0.3938,-0.7247,-0.5655,0.4201,-0.7904,-0.4458,-0.8932,-0.4469,-0.0492,25.5,0.9903,15.492,1.524,0.33133,259.4,546.2,249.0,526.7,269.7,565.5,685,0.912,7
737,65.134,-125.538,-0.212,0.4,-0.7186,-0.5689,0.3974,-0.8038,-0.4426,-0.9164,-0.3229,-0.2365,25.5,0.9884,12.967,1.521,0.28273,260.1,547.5,250.3,527.7,269.8,567.1,685,0.98,7
738,65.898,-126.892,-1.291,0.4069,-0.7127,-0.5714,0.3749,-0.8167,-0.4387,-0.9007,-0.2087,-0.3811,25.5,0.9853,10.61,1.503,0.28509,260.9,548.8,251.6,528.7,269.9,568.7,686,0.314,7
739,66.675,-128.235,-2.375,0.4151,-0.7061,-0.5737,0.3523,-0.8291,-0.4341,-0.8656,-0.1123,-0.4881,25.5,0.9807,8.501,1.5,0.32622,261.6,550.1,253.0,529.6,270.1,570.3,687,0.393,7
740,67.47,-129.564,-3.462,0.4245,-0.6989,-0.5756,0.3299,-0.8409,-0.4289,-0.8241,-0.035,-0.5653,25.5,0.9746,6.7,1.481,0.36306,262.3,551.3,254.3,530.6,270.3,571.8,688,1.143,7
741,68.283,-130.879,-4.553,0.4347,-0.6909,-0.5776,0.3077,-0.8522,-0.4231,-0.7845,0.0245,-0.6197,25.5,0.9669,5.148,1.466,0.39713,263.1,552.5,255.6,531.5,270.5,573.3,688,0.749,7
742,69.113,-132.18,-5.65,0.4425,-0.6834,-0.5807,0.2855,-0.8629,-0.4169,-0.7552,0.0652,-0.6523,25.5,0.9581,3.427,1.456,0.34079,263.9,553.8,257.0,532.5,270.7,574.8,689,0.045,7
743,69.959,-133.466,-6.75,0.4521,-0.6757,-0.5823,0.2636,-0.8731,-0.4102,-0.7261,0.1004,-0.6802,25.5,0.948,3.067,1.436,0.37573,264.7,555.0,258.4,533.4,271.0,576.3,690,0.881,7
744,70.825,-134.737,-7.852,0.4636,-0.6677,-0.5825,0.2418,-0.8827,-0.4031,-0.6971,0.1309,-0.7049,25.5,0.9363,2.796,1.424,0.42418,265.5,556.2,259.7,534.4,271.2,577.7,690,1.011,7
745,71.715,-135.992,-8.954,0.4769,-0.6594,-0.5812,0.2202,-0.8916,-0.3956,-0.6681,0.1577,-0.7272,25.5,0.9229,2.599,1.406,0.47629,266.4,557.3,261.1,535.3,271.5,579.1,691,0.131,7
746,72.629,-137.232,-10.053,0.4888,-0.6507,-0.5811,0.1987,-0.9,-0.3879,-0.6464,0.1772,-0.7421,25.5,0.9082,1.877,1.394,0.44629,267.2,558.5,262.6,536.3,271.8,580.4,692,0.794,7
747,73.565,-138.456,-11.152,0.5005,-0.642,-0.5808,0.1774,-0.9078,-0.3799,-0.6276,0.193,-0.7542,25.5,0.8922,1.569,1.378,0.44154,268.1,559.6,264.0,537.2,272.2,581.8,692,1.098,7
748,74.524,-139.662,-12.25,0.5137,-0.6333,-0.5789,0.1563,-0.9151,-0.3718,-0.6079,0.2076,-0.7664,25.5,0.8751,1.569,1.361,0.48208,269.0,560.7,265.4,538.1,272.6,583.1,693,0.128,7
749,75.51,-140.852,-13.342,0.5283,-0.6244,-0.5753,0.1354,-0.9217,-0.3635,-0.5871,0.2209,-0.7788,25.5,0.8562,1.583,1.343,0.52904,270.0,561.8,266.9,539.1,273.0,584.3,694,0.89,7
750,76.524,-142.025,-14.427,0.5429,-0.6147,-0.5721,0.1148,-0.9277,-0.3551,-0.5692,0.2316,-0.7889,25.5,0.8357,1.328,1.32,0.53951,270.9,562.9,268.4,540.0,273.4,585.5,694,1.002,7
751,77.564,-143.178,-15.509,0.5561,-0.6043,-0.5706,0.0944,-0.9332,-0.3467,-0.5564,0.2394,-0.7957,25.5,0.8143,0.943,1.303,0.51082,271.9,564.0,269.9,540.9,273.9,586.7,695,0.064,7
752,78.63,-144.314,-16.585,0.5703,-0.5956,-0.5657,0.0742,-0.9381,-0.3383,-0.5397,0.2475,-0.8046,25.5,0.7924,1.179,1.285,0.52556,272.9,565.0,271.4,541.9,274.4,587.9,696,1.174,7
753,79.723,-145.434,-17.648,0.5858,-0.5884,-0.5573,0.0542,-0.9425,-0.3299,-0.5191,0.2556,-0.8156,25.5,0.7702,1.416,1.268,0.57658,273.9,566.0,272.9,542.8,274.9,589.0,696,0.718,7
754,80.848,-146.542,-18.692,0.6028,-0.5826,-0.5452,0.0344,-0.9463,-0.3215,-0.4946,0.2634,-0.8283,25.5,0.7473,1.643,1.251,0.65575,275.0,567.0,274.5,543.7,275.5,590.2,697,0.424,7
755,82.003,-147.635,-19.718,0.6178,-0.573,-0.5385,0.0147,-0.9496,-0.3131,-0.4796,0.2681,-0.8355,25.5,0.7218,0.991,1.242,0.5761,276.1,568.0,276.1,544.6,276.1,591.2,697,1.468,7
756,83.187,-148.711,-20.728,0.6335,-0.5652,-0.5284,-0.0048,-0.9524,-0.3049,-0.4611,0.2727,-0.8444,25.5,0.6964,1.205,1.223,0.61258,277.2,569.0,277.7,545.5,276.8,592.3,698,0.304,7
757,84.401,-149.775,-21.715,0.6502,-0.559,-0.5146,-0.0242,-0.9546,-0.2968,-0.4386,0.2769,-0.855,25.5,0.6706,1.445,1.211,0.68221,278.4,570.0,279.4,546.5,277.4,593.3,699,0.873,7
758,85.648,-150.828,-22.673,0.668,-0.5544,-0.4964,-0.0434,-0.9564,-0.2888,-0.4116,0.2805,-0.8671,25.5,0.6446,1.708,1.196,0.78327,279.6,571.0,281.0,547.4,278.2,594.3,699,1.02,7
759,86.928,-151.87,-23.598,0.6849,-0.5468,-0.4817,-0.0625,-0.9577,-0.281,-0.3906,0.2825,-0.8761,25.5,0.6162,1.314,1.184,0.71612,280.8,571.9,282.7,548.3,278.9,595.3,700,0.162,7
760,88.241,-152.898,-24.494,0.7024,-0.5397,-0.4641,-0.0815,-0.9585,-0.2733,-0.3672,0.2838,-0.8858,25.5,0.5869,1.453,1.176,0.78164,282.1,572.8,284.4,549.2,279.7,596.3,701,1.338,7
761,89.588,-153.913,-25.352,0.7209,-0.5335,-0.4424,-0.1004,-0.9588,-0.2659,-0.3398,0.2842,-0.8965,25.5,0.5568,1.686,1.163,0.88355,283.3,573.8,286.2,550.1,280.5,597.2,701,0.555,7
762,90.97,-154.918,-26.165,0.7403,-0.5277,-0.4165,-0.1191,-0.9586,-0.2587,-0.3088,0.2834,-0.9079,25.5,0.5254,1.893,1.148,0.99541,284.7,574.7,288.0,551.1,281.4,598.2,702,0.614,7
763,92.388,-155.909,-26.931,0.7589,-0.5198,-0.3924,-0.1377,-0.9579,-0.2519,-0.2814,0.2817,-0.9173,25.5,0.4923,1.663,1.135,0.95229,286.0,575.6,289.8,552.0,282.3,599.1,702,1.279,7
764,93.843,-156.885,-27.648,0.7778,-0.5116,-0.365,-0.1561,-0.9568,-0.2453,-0.2516,0.2787,-0.9268,25.5,0.4576,1.8,1.122,1.03796,287.4,576.5,291.7,552.9,283.2,599.9,703,0.124,7
765,95.332,-157.845,-28.31,0.7967,-0.5033,-0.3345,-0.1744,-0.9552,-0.2391,-0.2197,0.2745,-0.9362,25.5,0.4218,1.921,1.111,1.11522,288.9,577.4,293.6,553.9,284.2,600.8,704,1.021,7
766,96.857,-158.789,-28.914,0.8147,-0.4942,-0.3034,-0.1924,-0.9532,-0.2333,-0.1884,0.2692,-0.9445,25.5,0.3851,1.88,1.09,1.12246,290.3,578.3,295.5,554.8,285.2,601.6,704,0.871,7
767,98.416,-159.715,-29.458,0.8319,-0.484,-0.2715,-0.2102,-0.9507,-0.2278,-0.1577,0.2629,-0.9518,25.5,0.3471,1.844,1.077,1.13993,291.8,579.1,297.4,555.7,286.3,602.4,705,0.262,7
768,100.006,-160.62,-29.94,0.8484,-0.4727,-0.2381,-0.2277,-0.9479,-0.2227,-0.1265,0.2556,-0.9585,25.5,0.3079,1.876,1.057,1.1788,293.4,580.0,299.4,556.6,287.4,603.2,706,1.385,7
769,101.626,-161.504,-30.358,0.8639,-0.4606,-0.2037,-0.245,-0.9447,-0.218,-0.0955,0.2472,-0.9642,25.5,0.2679,1.869,1.043,1.19991,294.9,580.8,301.4,557.5,288.5,604.0,706,0.508,7
770,103.275,-162.363,-30.711,0.878,-0.4477,-0.169,-0.2619,-0.9412,-0.2136,-0.0652,0.238,-0.9691,25.5,0.2275,1.836,1.02,1.19952,296.5,581.6,303.4,558.4,289.7,604.7,707,0.609,7
771,104.949,-163.198,-30.997,0.8913,-0.4336,-0.1328,-0.2785,-0.9373,-0.2096,-0.0342,0.2277,-0.9731,25.5,0.186,1.886,1.004,1.24339,298.2,582.4,305.5,559.3,290.9,605.4,707,1.283,7
772,106.647,-164.004,-31.212,0.9034,-0.4183,-0.0949,-0.2948,-0.9331,-0.2059,-0.0024,0.2162,-0.9763,25.5,0.1435,1.946,0.987,1.29073,299.8,583.2,307.5,560.2,292.2,606.1,708,0.169,7
773,108.367,-164.78,-31.357,0.9137,-0.4024,-0.0574,-0.3107,-0.9287,-0.2026,0.0283,0.204,-0.9786,25.5,0.1015,1.897,0.964,1.27206,301.5,584.0,309.6,561.1,293.4,606.7,709,0.947,7
774,110.105,-165.526,-31.429,0.9226,-0.3853,-0.0189,-0.3261,-0.924,-0.1997,0.0596,0.1907,-0.9798,25.5,0.0589,1.95,0.937,1.30379,303.2,584.7,311.7,561.9,294.8,607.3,709,0.945,7
775,111.858,-166.238,-31.427,0.9301,-0.3668,0.0211,-0.3412,-0.9191,-0.1971,0.0917,0.1761,-0.9801,25.5,0.0156,2.021,0.922,1.35368,304.9,585.4,313.8,562.7,296.1,607.9,710,0.179,7
776,113.623,-166.915,-31.35,0.9352,-0.3489,0.0609,-0.3558,-0.914,-0.1948,0.1237,0.1606,-0.9792,25.5,0.0257,2.038,0.896,1.33039,306.7,586.1,315.9,563.5,297.5,608.5,711,1.32,7
777,115.397,-167.556,-31.198,0.9393,-0.3283,0.0996,-0.3699,-0.9088,-0.1929,0.1542,0.1447,-0.9774,25.5,0.0683,1.974,0.868,1.33339,308.4,586.7,318.0,564.3,298.9,609.0,711,0.573,7
778,117.178,-168.156,-30.974,0.9424,-0.3052,0.1368,-0.3836,-0.9035,-0.1912,0.1831,0.1285,-0.9746,25.5,0.1119,1.905,0.847,1.3293,310.2,587.3,320.1,565.0,300.3,609.5,712,0.59,7
779,118.961,-168.715,-30.679,0.9425,-0.285,0.1746,-0.3969,-0.898,-0.1899,0.2133,0.1109,-0.9707,25.5,0.1513,2.015,0.828,1.29779,312.0,587.9,322.3,565.8,301.7,609.9,712,1.303,7
780,120.745,-169.232,-30.315,0.9422,-0.2614,0.2094,-0.4096,-0.8925,-0.1887,0.2407,0.0938,-0.9661,25.5,0.1921,1.869,0.796,1.27322,313.7,588.4,324.4,566.4,303.2,610.3,713,0.118,7
781,122.528,-169.701,-29.888,0.9418,-0.2336,0.2416,-0.422,-0.8869,-0.1877,0.2656,0.077,-0.961,25.5,0.2356,1.746,0.782,1.28831,315.5,588.9,326.5,567.1,304.7,610.7,714,1.089,7
782,124.308,-170.117,-29.4,0.9392,-0.2072,0.274,-0.434,-0.8813,-0.1869,0.2915,0.0589,-0.9548,25.5,0.2762,1.845,0.76,1.26797,317.3,589.4,328.5,567.6,306.1,611.0,714,0.804,7
783,126.082,-170.484,-28.852,0.9353,-0.1804,0.3045,-0.4455,-0.8757,-0.1861,0.3164,0.0405,-0.9478,25.5,0.3154,1.819,0.734,1.23504,319.1,589.8,330.6,568.2,307.6,611.3,715,0.42,7
784,127.848,-170.797,-28.249,0.9312,-0.1494,0.3325,-0.4567,-0.8701,-0.1854,0.3394,0.0223,-0.9404,25.5,0.3569,1.733,0.719,1.27091,320.9,590.2,332.7,568.7,309.1,611.5,715,1.473,7
785,129.606,-171.047,-27.595,0.9258,-0.1158,0.3598,-0.4675,-0.8645,-0.1848,0.3626,0.0032,-0.932,25.5,0.3992,1.788,0.698,1.32111,322.6,590.5,334.7,569.1,310.6,611.7,716,0.233,7
786,131.35,-171.238,-26.887,0.9181,-0.085,0.3872,-0.4779,-0.8589,-0.1842,0.3872,-0.0178,-0.9218,25.5,0.4371,1.943,0.678,1.26989,324.4,590.7,336.8,569.5,312.1,611.8,717,1.023,7
787,133.08,-171.367,-26.131,0.91,-0.0506,0.4116,-0.488,-0.8533,-0.1835,0.41,-0.0385,-0.9113,25.5,0.4764,1.864,0.663,1.30038,326.2,590.9,338.8,569.8,313.6,611.9,717,0.87,7
788,134.794,-171.426,-25.331,0.9011,-0.0117,0.4334,-0.4978,-0.8478,-0.1828,0.432,-0.0596,-0.8999,25.5,0.5179,1.865,0.645,1.3769,327.9,591.0,340.8,570.1,315.1,611.9,718,0.4,7
789,136.488,-171.414,-24.488,0.8889,0.0247,0.4574,-0.5073,-0.8423,-0.182,0.4577,-0.0844,-0.8851,25.5,0.555,2.215,0.631,1.37102,329.7,591.1,342.8,570.3,316.6,611.8,718,1.493,7
790,138.158,-171.331,-23.603,0.8762,0.0627,0.4778,-0.5164,-0.837,-0.1811,0.4819,-0.1092,-0.8694,25.5,0.5915,2.18,0.606,1.3615,331.4,591.1,344.7,570.4,318.1,611.7,719,0.207,7
791,139.804,-171.175,-22.682,0.8634,0.1025,0.4941,-0.5253,-0.8316,-0.1801,0.5041,-0.1336,-0.8532,25.5,0.6278,2.106,0.599,1.35874,333.1,591.0,346.7,570.5,319.5,611.5,720,1.099,7
792,141.425,-170.944,-21.733,0.8483,0.1412,0.5104,-0.5339,-0.8264,-0.179,0.5284,-0.1608,-0.8336,25.5,0.661,2.373,0.579,1.35128,334.7,590.9,348.6,570.5,321.0,611.3,720,0.793,7
793,143.015,-170.642,-20.752,0.8322,0.1786,0.5249,-0.5422,-0.8212,-0.1777,0.5526,-0.1893,-0.8117,25.5,0.6912,2.483,0.566,1.30883,336.4,590.7,350.4,570.4,322.4,610.9,721,0.532,7
794,144.575,-170.268,-19.749,0.8168,0.2167,0.5347,-0.5503,-0.8161,-0.1763,0.5743,-0.2167,-0.7895,25.5,0.7206,2.372,0.554,1.2792,338.0,590.4,352.3,570.2,323.8,610.5,721,1.361,7
795,146.107,-169.821,-18.732,0.8014,0.2548,0.5412,-0.5582,-0.8111,-0.1747,0.5949,-0.2445,-0.7657,25.5,0.7486,2.406,0.543,1.25987,339.6,590.1,354.1,570.0,325.2,610.1,722,0.024,7
796,147.606,-169.306,-17.698,0.7834,0.2895,0.55,-0.566,-0.8061,-0.1729,0.6186,-0.2766,-0.7354,25.5,0.7719,2.871,0.541,1.21324,341.2,589.7,355.9,569.7,326.6,609.6,723,1.325,7
797,149.072,-168.725,-16.653,0.7662,0.3254,0.5542,-0.5735,-0.8011,-0.1709,0.64,-0.3079,-0.704,25.5,0.7948,2.821,0.529,1.21199,342.7,589.2,357.6,569.3,327.9,609.0,723,0.567,7
798,150.506,-168.073,-15.603,0.749,0.3636,0.5539,-0.581,-0.7962,-0.1688,0.6603,-0.3398,-0.6698,25.5,0.8182,2.921,0.527,1.26857,344.2,588.6,359.3,568.8,329.2,608.3,724,0.781,7
799,151.905,-167.348,-14.556,0.7289,0.4024,0.5539,-0.5883,-0.7913,-0.1665,0.6832,-0.3763,-0.6258,25.5,0.8395,3.529,0.521,1.32322,345.7,588.0,361.0,568.3,330.5,607.6,724,1.111,7
800,153.265,-166.552,-13.508,0.7084,0.4386,0.553,-0.5955,-0.7865,-0.1639,0.7054,-0.4142,-0.5751,25.5,0.8574,3.844,0.518,1.25996,347.1,587.3,362.6,567.7,331.7,606.8,725,0.231,7
801,154.587,-165.687,-12.466,0.689,0.4748,0.5476,-0.6026,-0.7816,-0.1612,0.7248,-0.4514,-0.5205,25.5,0.8746,3.946,0.518,1.25431,348.5,586.5,364.2,567.1,332.9,605.9,726,1.561,7
802,155.873,-164.754,-11.439,0.67,0.5123,0.5373,-0.6096,-0.7768,-0.1582,0.7419,-0.4887,-0.4592,25.5,0.8914,4.227,0.516,1.31064,349.9,585.7,365.7,566.4,334.1,605.0,726,0.332,7
803,157.118,-163.75,-10.428,0.6462,0.549,0.5301,-0.6166,-0.7719,-0.1549,0.7594,-0.5311,-0.3757,25.5,0.9043,5.461,0.525,1.34236,351.2,584.8,367.2,565.5,335.3,604.0,727,0.98,7
804,158.319,-162.676,-9.435,0.6229,0.5856,0.5187,-0.6235,-0.767,-0.1515,0.7711,-0.5712,-0.2812,25.5,0.9161,5.923,0.523,1.35841,352.5,583.8,368.7,564.7,336.4,602.9,727,0.913,7
805,159.476,-161.533,-8.468,0.6001,0.6221,0.5028,-0.6303,-0.7622,-0.1478,0.7752,-0.6074,-0.1737,25.5,0.9267,6.507,0.522,1.3893,353.7,582.8,370.1,563.7,337.4,601.7,728,0.376,7
806,160.589,-160.322,-7.533,0.5747,0.6581,0.4865,-0.6371,-0.7573,-0.1438,0.7686,-0.6381,-0.0449,25.5,0.9345,7.601,0.532,1.42256,354.9,581.7,371.5,562.7,338.5,600.5,728,1.517,7
807,161.652,-159.044,-6.628,0.5485,0.6923,0.4689,-0.6438,-0.7523,-0.1397,0.7473,-0.6574,0.0965,25.5,0.9394,8.275,0.533,1.40927,356.1,580.5,372.8,561.6,339.4,599.2,729,0.248,7
808,162.666,-157.703,-5.76,0.5235,0.7245,0.4484,-0.6504,-0.7474,-0.1354,0.7105,-0.6617,0.2396,25.5,0.9427,8.477,0.532,1.38173,357.1,579.2,374.0,560.5,340.3,597.9,730,1.001,7
809,163.634,-156.303,-4.932,0.4985,0.7547,0.4266,-0.657,-0.7424,-0.131,0.6585,-0.6497,0.3799,25.5,0.9437,8.608,0.537,1.35835,358.2,577.9,375.2,559.3,341.2,596.4,730,0.891,7
810,164.551,-154.848,-4.144,0.4718,0.7829,0.4056,-0.6634,-0.7375,-0.1264,0.5945,-0.6221,0.5094,25.5,0.9416,8.434,0.532,1.33682,359.2,576.5,376.4,558.0,342.0,594.9,731,0.339,7
811,165.42,-153.341,-3.399,0.4468,0.8091,0.3818,-0.6698,-0.7325,-0.1218,0.5241,-0.5825,0.6213,25.5,0.9384,7.914,0.535,1.31212,360.1,575.1,377.5,556.6,342.8,593.4,732,1.548,7
812,166.243,-151.786,-2.702,0.4228,0.8339,0.3546,-0.676,-0.7275,-0.1172,0.4489,-0.5327,0.7175,25.5,0.934,7.561,0.527,1.33062,361.0,573.6,378.5,555.3,343.5,591.8,732,0.345,7
813,167.018,-150.186,-2.055,0.3958,0.8572,0.3294,-0.6821,-0.7225,-0.1125,0.376,-0.4785,0.7935,25.5,0.9264,6.79,0.526,1.32242,361.8,572.0,379.5,553.8,344.2,590.1,733,0.841,7
814,167.742,-148.543,-1.456,0.3703,0.8784,0.3022,-0.6881,-0.7175,-0.1079,0.3072,-0.4228,0.8525,25.5,0.9177,6.098,0.519,1.29872,362.6,570.4,380.4,552.3,344.8,588.4,733,1.052,7
815,168.42,-146.862,-0.913,0.3461,0.8981,0.2715,-0.694,-0.7125,-0.1033,0.2405,-0.3646,0.8996,25.5,0.9081,5.748,0.516,1.3255,363.3,568.8,381.3,550.8,345.4,586.7,734,0.108,7
816,169.052,-145.145,-0.43,0.3208,0.9165,0.2391,-0.6998,-0.7075,-0.0987,0.1777,-0.3062,0.9352,25.5,0.8965,5.322,0.512,1.36375,364.0,567.1,382.1,549.3,346.0,584.9,735,1.232,7
817,169.634,-143.394,-0.008,0.2942,0.933,0.2073,-0.7054,-0.7025,-0.0943,0.1226,-0.2519,0.96,25.5,0.8825,4.656,0.499,1.35115,364.6,565.4,382.9,547.6,346.4,583.1,735,0.662,7
818,170.166,-141.614,0.352,0.2685,0.9476,0.1729,-0.7108,-0.6976,-0.09,0.071,-0.1985,0.9775,25.5,0.8675,4.372,0.485,1.37343,365.2,563.6,383.6,546.0,346.9,581.2,736,0.429,7
819,170.65,-139.809,0.645,0.2432,0.9604,0.136,-0.7161,-0.6927,-0.0858,0.0225,-0.1458,0.9891,25.5,0.8511,4.158,0.478,1.40919,365.7,561.9,384.2,544.3,347.3,579.3,736,1.465,7
820,171.085,-137.981,0.868,0.2164,0.9712,0.1001,-0.7212,-0.6879,-0.0818,-0.0191,-0.0983,0.995,25.5,0.8323,3.634,0.462,1.39546,366.2,560.0,384.8,542.6,347.6,577.4,737,0.412,7
821,171.469,-136.134,1.024,0.1898,0.9797,0.0643,-0.7262,-0.6831,-0.078,-0.0557,-0.0547,0.997,25.5,0.8121,3.264,0.453,1.37485,366.6,558.2,385.3,540.9,347.9,575.5,738,0.608,7
822,171.804,-134.274,1.112,0.1635,0.9861,0.0288,-0.7309,-0.6784,-0.0743,-0.0879,-0.0145,0.996,25.5,0.7906,2.952,0.436,1.3518,366.9,556.4,385.8,539.2,348.1,573.5,738,1.286,7
823,172.089,-132.404,1.134,0.1382,0.9904,-0.005,-0.7354,-0.6739,-0.0708,-0.1149,0.021,0.9932,25.5,0.7687,2.561,0.416,1.28511,367.2,554.5,386.2,537.4,348.3,571.5,739,0.299,7
824,172.326,-130.526,1.093,0.1122,0.9929,-0.0392,-0.7397,-0.6695,-0.0675,-0.1398,0.0548,0.9887,25.5,0.7451,2.419,0.4,1.30303,367.4,552.6,386.5,535.6,348.4,569.5,740,0.658,7
825,172.512,-128.646,0.985,0.0845,0.9936,-0.0754,-0.7438,-0.6653,-0.0643,-0.1641,0.0885,0.9825,25.5,0.719,2.407,0.383,1.38042,367.6,550.7,386.8,533.8,348.5,567.6,740,1.234,7
826,172.644,-126.767,0.806,0.0548,0.992,-0.114,-0.7476,-0.6613,-0.0613,-0.1881,0.1224,0.9745,25.5,0.69,2.424,0.36,1.47564,367.7,548.8,387.0,532.0,348.5,565.6,741,0.309,7
827,172.721,-124.893,0.555,0.0266,0.9882,-0.1505,-0.7512,-0.6575,-0.0584,-0.2088,0.1527,0.966,25.5,0.6609,2.158,0.343,1.40147,367.8,546.9,387.1,530.3,348.5,563.6,742,0.582,7
828,172.746,-123.028,0.238,-0.0005,0.9828,-0.1845,-0.7546,-0.6538,-0.0557,-0.2263,0.1796,0.9574,25.5,0.6319,1.904,0.327,1.32671,367.8,545.0,387.2,528.5,348.4,561.6,742,1.311,7
829,172.719,-121.174,-0.142,-0.0273,0.9758,-0.2169,-0.7577,-0.6504,-0.053,-0.2416,0.2041,0.9487,25.5,0.6025,1.728,0.306,1.29081,367.7,543.2,387.2,526.7,348.3,559.6,743,0.458,7
830,172.644,-119.336,-0.584,-0.0511,0.9668,-0.2502,-0.7607,-0.6472,-0.0505,-0.2575,0.2293,0.9387,25.5,0.5742,1.801,0.289,1.26906,367.6,541.3,387.1,524.9,348.1,557.7,744,0.356,7
831,172.524,-117.516,-1.088,-0.0769,0.9562,-0.2824,-0.7634,-0.6441,-0.0481,-0.2716,0.2524,0.9287,25.5,0.5436,1.653,0.273,1.29002,367.4,539.4,387.0,523.1,347.9,555.8,745,1.125,7
832,172.35,-115.718,-1.65,-0.1077,0.9444,-0.3107,-0.7659,-0.6413,-0.0458,-0.2818,0.2707,0.9205,25.5,0.5089,1.289,0.252,1.31599,367.2,537.6,386.8,521.3,347.6,553.9,745,0.768,7
833,172.114,-113.942,-2.261,-0.1426,0.9315,-0.3346,-0.7683,-0.6386,-0.0436,-0.2883,0.2843,0.9144,25.5,0.4707,0.932,0.242,1.33912,366.9,535.8,386.6,519.6,347.2,552.0,746,0.037,7
834,171.818,-112.195,-2.924,-0.1687,0.9153,-0.3658,-0.7704,-0.6362,-0.0415,-0.301,0.3055,0.9034,25.5,0.4372,1.55,0.219,1.32588,366.5,534.0,386.3,517.9,346.8,550.1,747,0.663,7
835,171.473,-110.477,-3.639,-0.1971,0.9006,-0.3873,-0.7724,-0.6339,-0.0395,-0.3072,0.3184,0.8968,25.5,0.4034,0.903,0.209,1.16675,366.1,532.3,385.9,516.2,346.4,548.3,747,1.23,7
836,171.07,-108.785,-4.384,-0.2299,0.8877,-0.3989,-0.7742,-0.6318,-0.0375,-0.3069,0.3229,0.8953,25.5,0.3679,0.272,0.196,1.12353,365.7,530.5,385.4,514.5,345.9,546.5,748,0.562,7
837,170.6,-107.116,-5.143,-0.2678,0.8759,-0.4013,-0.7759,-0.6299,-0.0356,-0.3008,0.3197,0.8985,25.5,0.3297,0.435,0.182,1.20421,365.1,528.8,384.9,512.8,345.3,544.8,749,0.079,7
838,170.06,-105.475,-5.915,-0.3004,0.858,-0.4166,-0.7774,-0.6281,-0.0338,-0.3038,0.3279,0.8945,25.5,0.2913,0.55,0.169,1.21778,364.5,527.1,384.4,511.2,344.7,543.0,750,0.691,7
839,169.462,-103.866,-6.712,-0.3317,0.8426,-0.4243,-0.7788,-0.6264,-0.0319,-0.3028,0.3309,0.8938,25.5,0.2559,0.186,0.167,1.08166,363.8,525.5,383.7,509.6,344.0,541.3,750,1.202,7
840,168.804,-102.283,-7.513,-0.3645,0.8308,-0.4206,-0.7801,-0.6249,-0.0301,-0.2952,0.3253,0.8984,25.5,0.2222,0.602,0.154,1.06135,363.1,523.9,383.0,508.0,343.2,539.7,751,0.619,7
841,168.081,-100.72,-8.297,-0.4,0.822,-0.4054,-0.7813,-0.6235,-0.0283,-0.281,0.311,0.9079,25.5,0.1885,1.277,0.148,1.19928,362.3,522.3,382.2,506.5,342.4,538.0,752,0.066,7
842,167.288,-99.175,-9.049,-0.4386,0.8074,-0.3946,-0.7825,-0.6222,-0.0265,-0.2699,0.3005,0.9148,25.5,0.1487,0.961,0.145,1.29176,361.5,520.7,381.4,504.9,341.5,536.4,753,0.463,7
843,166.424,-97.663,-9.789,-0.4739,0.7914,-0.3861,-0.7835,-0.6209,-0.0246,-0.2608,0.2927,0.92,25.5,0.1106,0.749,0.144,1.20144,360.5,519.1,380.5,503.4,340.6,534.8,754,0.966,7
844,165.497,-96.176,-10.504,-0.5044,0.7813,-0.3677,-0.7845,-0.6197,-0.0228,-0.2464,0.2778,0.9285,25.5,0.0801,1.283,0.137,1.12113,359.5,517.6,379.5,501.9,339.6,533.3,754,0.927,7
845,164.517,-94.702,-11.174,-0.5302,0.777,-0.3393,-0.7854,-0.6186,-0.0209,-0.2265,0.2558,0.9398,25.5,0.0571,1.819,0.136,1.16905,358.5,516.1,378.5,500.5,338.6,531.8,755,0.443,7
846,163.491,-93.235,-11.785,-0.5574,0.7701,-0.3103,-0.7863,-0.6175,-0.019,-0.2063,0.2335,0.9502,25.5,0.0314,1.824,0.136,1.22195,357.4,514.6,377.4,499.0,337.5,530.2,756,0.032,7
847,162.408,-91.79,-12.352,-0.5856,0.7579,-0.2874,-0.7872,-0.6165,-0.017,-0.1901,0.2163,0.9576,25.5,0.0014,1.419,0.138,1.16036,356.3,513.2,376.3,497.6,336.3,528.8,757,0.49,7
848,161.279,-90.362,-12.869,-0.6061,0.7524,-0.2579,-0.788,-0.6155,-0.0151,-0.1701,0.1942,0.9661,25.5,0.0184,1.776,0.131,1.10042,355.1,511.7,375.1,496.2,335.2,527.3,758,0.948,7
849,160.118,-88.938,-13.323,-0.6195,0.7534,-0.2205,-0.7889,-0.6144,-0.0131,-0.1454,0.1659,0.9754,25.5,0.0287,2.217,0.141,1.20331,353.9,510.3,373.9,494.7,333.9,525.8,758,0.945,7
850,158.939,-87.507,-13.698,-0.6288,0.7574,-0.176,-0.7897,-0.6134,-0.0111,-0.1164,0.1321,0.9844,25.5,0.0339,2.603,0.136,1.38196,352.7,508.8,372.8,493.3,332.7,524.4,759,0.485,7
851,157.733,-86.078,-13.993,-0.6442,0.7527,-0.1359,-0.7906,-0.6123,-0.009,-0.0901,0.1018,0.9907,25.5,0.0496,2.327,0.145,1.30849,351.5,507.4,371.5,491.9,331.5,522.9,760,0.025,7
852,156.504,-84.657,-14.211,-0.6546,0.7502,-0.0938,-0.7915,-0.6111,-0.007,-0.0626,0.0698,0.9956,25.5,0.0603,2.434,0.143,1.3153,350.3,506.0,370.3,490.5,330.2,521.4,761,0.46,7
853,155.259,-83.238,-14.348,-0.6596,0.7499,-0.0508,-0.7924,-0.61,-0.0049,-0.0348,0.0371,0.9987,25.5,0.0655,2.466,0.145,1.31083,349.0,504.6,369.1,489.2,329.0,520.0,762,0.959,7
854,154.01,-81.817,-14.404,-0.6606,0.7507,-0.0081,-0.7934,-0.6087,-0.0028,-0.0071,0.0046,1.0,25.5,0.0672,2.448,0.153,1.2936,347.8,503.2,367.9,487.8,327.7,518.6,762,0.934,7
855,152.758,-80.399,-14.379,-0.6629,0.7479,0.0338,-0.7944,-0.6074,-0.0007,0.0201,-0.0274,0.9994,25.5,0.0723,2.407,0.153,1.27348,346.5,501.8,366.6,486.4,326.4,517.1,763,0.407,7
856,151.501,-78.988,-14.277,-0.6654,0.7428,0.0739,-0.7955,-0.606,0.0015,0.046,-0.058,0.9973,25.5,0.0793,2.3,0.162,1.22643,345.3,500.4,365.4,485.0,325.2,515.7,764,0.155,7
857,150.239,-77.589,-14.101,-0.6682,0.7356,0.1115,-0.7965,-0.6046,0.0037,0.0704,-0.0867,0.9937,25.5,0.0879,2.168,0.16,1.16232,344.1,499.0,364.2,483.7,323.9,514.3,765,0.757,8
858,148.972,-76.205,-13.856,-0.6699,0.7278,0.1465,-0.7976,-0.6031,0.0059,0.093,-0.1134,0.9892,25.5,0.0962,2.021,0.165,1.08691,342.8,497.6,363.0,482.4,322.7,512.9,765,1.136,8
859,147.705,-74.834,-13.546,-0.6691,0.7207,0.1816,-0.7988,-0.6016,0.0081,0.1157,-0.1403,0.9833,25.5,0.1024,2.045,0.167,1.08467,341.6,496.3,361.8,481.0,321.4,511.5,766,0.487,8
860,146.439,-73.479,-13.17,-0.6694,0.7111,0.215,-0.7999,-0.6,0.0104,0.1373,-0.1661,0.9765,25.5,0.111,1.967,0.172,1.05236,340.4,494.9,360.6,479.7,320.1,510.1,767,0.217,8
861,145.171,-72.144,-12.735,-0.671,0.7,0.2445,-0.8011,-0.5985,0.0127,0.1564,-0.1888,0.9695,25.5,0.1217,1.746,0.172,0.95573,339.2,493.6,359.4,478.5,318.9,508.8,768,0.978,8
862,143.899,-70.83,-12.248,-0.6733,0.6888,0.2688,-0.8022,-0.5969,0.015,0.1723,-0.2074,0.963,25.5,0.133,1.451,0.172,0.81316,337.9,492.4,358.2,477.2,317.6,507.5,768,0.914,8
863,142.626,-69.538,-11.711,-0.6718,0.6757,0.3033,-0.8033,-0.5953,0.0173,0.1943,-0.2345,0.9525,25.5,0.1427,2.089,0.172,1.1187,336.7,491.1,357.0,476.0,316.4,506.2,769,0.089,8
864,141.356,-68.27,-11.108,-0.6696,0.6648,0.3312,-0.8044,-0.5937,0.0196,0.2121,-0.2562,0.9431,25.5,0.1504,1.696,0.172,0.90887,335.5,489.9,355.8,474.8,315.1,504.9,770,0.802,8
865,140.09,-67.02,-10.464,-0.6692,0.657,0.3472,-0.8055,-0.5922,0.0219,0.2228,-0.2684,0.9372,25.5,0.1576,0.989,0.169,0.5392,334.3,488.6,354.7,473.6,313.9,503.7,770,1.092,8
866,138.822,-65.782,-9.799,-0.6706,0.6516,0.3546,-0.8066,-0.5906,0.0242,0.2283,-0.2735,0.9344,25.5,0.1647,0.459,0.172,0.28053,333.1,487.4,353.5,472.4,312.7,502.4,771,0.162,8
867,137.55,-64.552,-9.127,-0.6739,0.6481,0.3546,-0.8076,-0.5891,0.0266,0.2295,-0.2726,0.9344,25.5,0.1719,0.086,0.172,0.14561,331.9,486.2,352.3,471.3,311.4,501.2,772,0.843,8
868,136.27,-63.327,-8.461,-0.6791,0.6465,0.3476,-0.8086,-0.5876,0.0289,0.2266,-0.2657,0.937,25.5,0.1793,0.454,0.167,0.26839,330.6,485.0,351.1,470.1,310.2,500.0,772,1.055,8
869,134.978,-62.104,-7.816,-0.6866,0.6466,0.3326,-0.8096,-0.5862,0.0312,0.219,-0.2522,0.9426,25.5,0.1872,0.944,0.165,0.50766,329.4,483.8,349.9,468.9,308.9,498.8,773,0.048,8
870,133.672,-60.882,-7.197,-0.6921,0.6426,0.3289,-0.8105,-0.5848,0.0336,0.2181,-0.2481,0.9439,25.5,0.1962,0.252,0.167,0.23446,328.1,482.6,348.7,467.8,307.6,497.5,774,0.979,8
871,132.36,-59.672,-6.57,-0.6953,0.637,0.3328,-0.8114,-0.5834,0.0359,0.2217,-0.2503,0.9424,25.5,0.2045,0.257,0.163,0.2282,326.9,481.5,347.4,466.6,306.3,496.3,774,0.917,8
872,131.04,-58.47,-5.942,-0.6993,0.6337,0.3307,-0.8122,-0.5822,0.0383,0.2218,-0.2474,0.9432,25.5,0.2117,0.172,0.16,0.16936,325.6,480.3,346.2,465.5,305.0,495.1,775,0.132,8
873,129.712,-57.272,-5.322,-0.7042,0.6325,0.3226,-0.8129,-0.5809,0.0407,0.2184,-0.2394,0.946,25.5,0.2182,0.523,0.161,0.28892,324.3,479.1,344.9,464.3,303.7,493.9,776,1.087,8
874,128.374,-56.074,-4.724,-0.7101,0.6333,0.3077,-0.8136,-0.5798,0.043,0.211,-0.2255,0.9511,25.5,0.2238,0.948,0.151,0.48568,323.0,477.9,343.6,463.2,302.4,492.7,776,0.813,8
875,127.023,-54.874,-4.163,-0.7174,0.6362,0.2839,-0.8142,-0.5787,0.0454,0.1984,-0.204,0.9587,25.5,0.2288,1.493,0.155,0.75902,321.7,476.7,342.3,462.0,301.1,491.5,777,0.148,8
876,125.657,-53.665,-3.658,-0.7261,0.6416,0.2472,-0.8148,-0.5778,0.0478,0.1784,-0.1714,0.9689,25.5,0.2327,2.268,0.151,1.15328,320.4,475.6,341.0,460.8,299.7,490.3,778,1.05,8
877,124.274,-52.447,-3.229,-0.7357,0.6441,0.2095,-0.8152,-0.577,0.0502,0.1578,-0.1378,0.9778,25.5,0.2386,2.315,0.147,1.18061,319.1,474.4,339.7,459.6,298.4,489.1,778,0.842,8
878,122.874,-51.228,-2.866,-0.7445,0.6447,0.1735,-0.8156,-0.5763,0.0526,0.1381,-0.1056,0.9848,25.5,0.2448,2.2,0.145,1.12237,317.7,473.1,338.3,458.4,297.0,487.9,779,0.023,8
879,121.458,-50.007,-2.574,-0.7514,0.6458,0.1351,-0.8158,-0.5757,0.055,0.117,-0.0711,0.9906,25.5,0.2486,2.341,0.142,1.18207,316.3,471.9,336.9,457.2,295.6,486.6,780,0.847,8
880,120.032,-48.783,-2.354,-0.7556,0.6478,0.0974,-0.8159,-0.5753,0.0575,0.0963,-0.0372,0.9947,25.5,0.2494,2.288,0.145,1.15024,314.9,470.7,335.5,456.0,294.2,485.4,780,1.045,8
881,118.6,-47.555,-2.203,-0.7575,0.6498,0.0627,-0.8159,-0.5751,0.06,0.0775,-0.0059,0.997,25.5,0.2481,2.096,0.144,1.05398,313.5,469.5,334.1,454.8,292.8,484.2,781,0.26,8
882,117.163,-46.326,-2.122,-0.7605,0.6489,0.023,-0.8157,-0.5751,0.0625,0.0555,0.0298,0.998,25.5,0.2486,2.404,0.144,1.20587,312.0,468.3,332.7,453.6,291.3,483.0,782,0.491,8
883,115.723,-45.098,-2.116,-0.7614,0.6481,-0.0172,-0.8153,-0.5753,0.0651,0.0333,0.0656,0.9973,25.5,0.2468,2.414,0.151,1.21776,310.6,467.0,331.2,452.4,289.9,481.8,783,1.21,8
884,114.283,-43.873,-2.187,-0.7599,0.6475,-0.0579,-0.8148,-0.5757,0.0678,0.0109,0.1018,0.9947,25.5,0.2425,2.444,0.159,1.23333,309.1,465.8,329.8,451.1,288.5,480.5,783,0.682,8
885,112.848,-42.648,-2.336,-0.756,0.6469,-0.0997,-0.8141,-0.5764,0.0706,-0.0121,0.1384,0.9903,25.5,0.2355,2.49,0.17,1.27129,307.7,464.6,328.3,449.9,287.1,479.3,784,0.011,8
886,111.422,-41.426,-2.567,-0.7513,0.6439,-0.1446,-0.8132,-0.5773,0.0735,-0.0371,0.1775,0.9834,25.5,0.2286,2.689,0.181,1.37017,306.3,463.4,326.8,448.6,285.7,478.1,785,0.681,8
887,110.006,-40.212,-2.882,-0.7453,0.6396,-0.1883,-0.8121,-0.5785,0.0765,-0.0615,0.2153,0.9746,25.5,0.2208,2.627,0.196,1.34211,304.8,462.1,325.4,447.4,284.3,476.9,785,1.212,8
888,108.602,-39.006,-3.277,-0.7384,0.6346,-0.2281,-0.8108,-0.5799,0.0797,-0.0836,0.2495,0.9648,25.5,0.2125,2.4,0.214,1.23252,303.4,460.9,323.9,446.1,282.9,475.8,786,0.559,8
889,107.211,-37.81,-3.742,-0.7304,0.6299,-0.2641,-0.8093,-0.5816,0.083,-0.1035,0.2802,0.9543,25.5,0.2028,2.181,0.229,1.12565,302.0,459.7,322.4,444.9,281.5,474.6,787,0.076,8
890,105.838,-36.622,-4.278,-0.7207,0.6247,-0.3007,-0.8075,-0.5834,0.0865,-0.1237,0.3109,0.9423,25.5,0.1915,2.215,0.248,1.15724,300.6,458.5,321.0,443.7,280.1,473.4,788,0.685,8
891,104.482,-35.447,-4.878,-0.7128,0.6172,-0.333,-0.8056,-0.5856,0.0902,-0.1417,0.3383,0.9303,25.5,0.1828,2.0,0.27,1.03211,299.2,457.4,319.5,442.4,278.8,472.3,788,1.208,8
892,103.139,-34.287,-5.535,-0.707,0.608,-0.3613,-0.8033,-0.588,0.0941,-0.1577,0.3625,0.9186,25.5,0.1764,1.792,0.294,0.918,297.8,456.2,318.1,441.2,277.5,471.2,789,0.633,8
893,101.805,-33.146,-6.243,-0.7032,0.5972,-0.3858,-0.8008,-0.5908,0.0984,-0.1717,0.3839,0.9073,25.5,0.1723,1.602,0.327,0.81879,296.5,455.0,316.6,440.0,276.2,470.1,790,0.103,8
894,100.484,-32.024,-7.001,-0.6937,0.5892,-0.4143,-0.7979,-0.594,0.1031,-0.1878,0.4073,0.8938,25.5,0.1608,1.802,0.366,0.94139,295.1,453.9,315.2,438.8,274.9,469.1,791,0.367,8
895,99.177,-30.917,-7.807,-0.6871,0.5804,-0.4371,-0.7946,-0.5974,0.108,-0.2008,0.4265,0.8819,25.5,0.152,1.493,0.391,0.76643,293.7,452.8,313.7,437.6,273.7,468.0,792,0.764,8
896,97.881,-29.828,-8.653,-0.683,0.5706,-0.456,-0.791,-0.6012,0.1134,-0.2117,0.4428,0.8712,25.5,0.1455,1.28,0.431,0.65639,292.4,451.7,312.3,436.4,272.5,467.0,793,1.073,8
897,96.591,-28.758,-9.531,-0.6813,0.5595,-0.472,-0.7871,-0.6053,0.1191,-0.2213,0.4572,0.8614,25.5,0.1414,1.14,0.46,0.59182,291.1,450.6,310.9,435.2,271.2,466.0,793,0.82,8
898,95.301,-27.711,-10.438,-0.6821,0.5465,-0.4859,-0.7828,-0.6096,0.1251,-0.2301,0.4703,0.8519,25.5,0.14,1.055,0.489,0.57666,289.8,449.6,309.4,434.1,270.0,465.1,794,0.617,8
899,94.01,-26.694,-11.376,-0.6815,0.5294,-0.5053,-0.7782,-0.6142,0.1314,-0.2431,0.4875,0.8386,25.5,0.1388,1.452,0.519,0.78333,288.4,448.5,307.9,432.9,268.8,464.2,795,0.527,8
900,92.723,-25.705,-12.348,-0.6789,0.516,-0.5224,-0.7728,-0.6193,0.1386,-0.2542,0.5022,0.8265,25.5,0.1327,1.263,0.593,0.66244,287.1,447.5,306.4,431.8,267.7,463.3,796,0.552,8
901,91.442,-24.738,-13.351,-0.6746,0.5066,-0.5369,-0.7664,-0.6253,0.1469,-0.2633,0.5144,0.8162,25.5,0.1214,1.053,0.692,0.53913,285.8,446.6,304.9,430.7,266.5,462.5,797,0.689,8
902,90.171,-23.785,-14.379,-0.6686,0.5012,-0.5493,-0.7584,-0.6326,0.1569,-0.2703,0.5243,0.8075,25.5,0.1038,0.855,0.845,0.44799,284.5,445.6,303.4,429.6,265.4,461.7,799,0.603,8
903,88.913,-22.838,-15.429,-0.6606,0.5001,-0.5599,-0.7484,-0.6414,0.169,-0.2754,0.5323,0.8005,25.5,0.079,0.676,1.031,0.40346,283.2,444.6,301.8,428.4,264.4,461.0,800,0.14,8
904,87.675,-21.896,-16.507,-0.6483,0.4948,-0.5787,-0.7359,-0.6517,0.1835,-0.2867,0.5455,0.7876,25.5,0.0484,1.24,1.246,0.69884,281.9,443.7,300.2,427.2,263.5,460.3,801,0.43,8
905,86.456,-20.967,-17.616,-0.641,0.4872,-0.5931,-0.7214,-0.6631,0.1997,-0.2961,0.556,0.7767,25.5,0.0209,1.021,1.407,0.54032,280.6,442.8,298.5,426.0,262.6,459.6,803,0.042,8
906,85.245,-20.053,-18.748,-0.6399,0.4778,-0.6018,-0.7057,-0.6746,0.2166,-0.3025,0.5633,0.7689,25.5,0.0011,0.714,1.477,0.3892,279.4,441.8,296.9,424.8,261.8,459.0,805,0.18,8
907,84.03,-19.159,-19.89,-0.6452,0.4675,-0.6043,-0.6894,-0.6857,0.2335,-0.3053,0.5673,0.7649,25.5,0.0169,0.362,1.488,0.35884,278.1,440.9,295.2,423.6,260.9,458.4,807,0.327,8
908,82.809,-18.281,-21.04,-0.6422,0.4605,-0.6128,-0.6734,-0.696,0.2495,-0.3119,0.5733,0.7577,25.5,0.0409,0.657,1.424,0.3455,276.9,440.1,293.5,422.5,260.1,457.7,808,0.469,8
909,81.596,-17.417,-22.207,-0.6412,0.4525,-0.6198,-0.658,-0.7051,0.2644,-0.318,0.5784,0.7512,25.5,0.061,0.588,1.334,0.32326,275.6,439.2,291.8,421.4,259.3,457.1,810,0.155,8
910,80.379,-16.57,-23.383,-0.646,0.4425,-0.622,-0.6433,-0.7133,0.2782,-0.3215,0.5814,0.7475,25.5,0.0731,0.339,1.247,0.34238,274.3,438.4,290.2,420.4,258.4,456.4,811,0.259,8
911,79.147,-15.744,-24.558,-0.6564,0.4304,-0.6195,-0.6293,-0.7207,0.2909,-0.3222,0.5826,0.7462,25.5,0.0773,0.109,1.163,0.48897,273.1,437.5,288.5,419.4,257.5,455.8,812,0.508,8
912,77.891,-14.942,-25.725,-0.6716,0.4165,-0.6127,-0.6162,-0.7272,0.3025,-0.3204,0.5824,0.7471,25.5,0.0744,0.116,1.069,0.65677,271.8,436.7,286.9,418.5,256.6,455.2,813,0.601,8
913,76.614,-14.164,-26.884,-0.6785,0.406,-0.6123,-0.604,-0.7329,0.3131,-0.3227,0.5841,0.7448,25.5,0.0795,0.21,0.982,0.38061,270.5,436.0,285.3,417.6,255.6,454.5,814,0.546,9
914,75.323,-13.406,-28.042,-0.6863,0.3954,-0.6105,-0.5925,-0.7381,0.3227,-0.3241,0.5852,0.7433,25.5,0.0822,0.133,0.909,0.40213,269.2,435.2,283.6,416.7,254.6,453.9,815,0.35,9
915,74.016,-12.668,-29.194,-0.695,0.3846,-0.6075,-0.5817,-0.7428,0.3316,-0.3248,0.5859,0.7425,25.5,0.0828,0.073,0.846,0.42959,267.8,434.5,282.0,415.9,253.5,453.2,816,0.021,9
916,72.692,-11.95,-30.34,-0.7047,0.3735,-0.6032,-0.5713,-0.747,0.3399,-0.3247,0.5861,0.7423,25.5,0.0814,0.017,0.799,0.46492,266.5,433.8,280.4,415.1,252.4,452.6,817,0.44,9
917,71.348,-11.254,-31.476,-0.7154,0.362,-0.5976,-0.5613,-0.751,0.3477,-0.324,0.586,0.7427,25.5,0.0781,0.047,0.762,0.5049,265.1,433.1,278.8,414.3,251.3,452.0,818,1.02,9
918,69.985,-10.582,-32.604,-0.7246,0.348,-0.5948,-0.5514,-0.7549,0.3552,-0.3263,0.587,0.7409,25.5,0.0744,0.177,0.746,0.51429,263.7,432.4,277.1,413.5,250.2,451.4,818,0.872,9
919,68.606,-9.935,-33.727,-0.7327,0.3355,-0.5921,-0.5415,-0.7585,0.3624,-0.3283,0.5877,0.7394,25.5,0.0723,0.149,0.731,0.4583,262.3,431.8,275.5,412.8,249.1,450.9,819,0.176,9
920,67.211,-9.31,-34.843,-0.7411,0.3257,-0.587,-0.5317,-0.7621,0.3694,-0.3279,0.5874,0.7399,25.5,0.071,0.04,0.72,0.4202,260.9,431.1,273.8,412.1,247.9,450.3,820,0.615,9
921,65.8,-8.701,-35.948,-0.7501,0.3183,-0.5797,-0.522,-0.7655,0.3762,-0.3248,0.5862,0.7422,25.5,0.0702,0.232,0.706,0.4163,259.5,430.5,272.2,411.4,246.7,449.8,820,1.278,9
922,64.372,-8.104,-37.036,-0.7599,0.3129,-0.5698,-0.5122,-0.7689,0.3828,-0.3191,0.5841,0.7463,25.5,0.0695,0.42,0.704,0.45229,258.1,429.9,270.5,410.8,245.5,449.3,821,0.422,9
923,62.924,-7.515,-38.102,-0.7708,0.3097,-0.5568,-0.5024,-0.7721,0.3891,-0.3101,0.581,0.7525,25.5,0.0685,0.651,0.692,0.52268,256.6,429.4,268.8,410.1,244.3,448.8,822,0.467,9
924,61.457,-6.937,-39.149,-0.7796,0.3005,-0.5495,-0.4926,-0.7753,0.3953,-0.3079,0.5801,0.7541,25.5,0.0662,0.164,0.689,0.44438,255.1,428.8,267.0,409.5,243.1,448.3,823,1.356,9
925,59.973,-6.376,-40.18,-0.7888,0.293,-0.5404,-0.4827,-0.7785,0.4013,-0.3037,0.5785,0.757,25.5,0.0642,0.306,0.688,0.45279,253.7,428.2,265.3,408.9,241.9,447.8,823,0.537,9
926,58.47,-5.827,-41.192,-0.799,0.2875,-0.5281,-0.4726,-0.7816,0.4071,-0.2963,0.576,0.7619,25.5,0.0621,0.528,0.691,0.51167,252.2,427.7,263.6,408.3,240.6,447.3,824,0.322,9
927,56.947,-5.287,-42.177,-0.8109,0.284,-0.5117,-0.4622,-0.7848,0.4129,-0.2848,0.5723,0.769,25.5,0.0594,0.803,0.706,0.62244,250.6,427.2,261.8,407.7,239.4,446.9,825,1.119,9
928,55.4,-4.751,-43.125,-0.8252,0.2825,-0.489,-0.4516,-0.788,0.4185,-0.2675,0.567,0.779,25.5,0.0546,1.185,0.711,0.81356,249.1,426.6,260.0,407.1,238.1,446.4,825,0.774,9
929,53.823,-4.219,-44.026,-0.8407,0.2779,-0.4648,-0.4406,-0.7913,0.424,-0.2502,0.5619,0.7885,25.5,0.0466,1.168,0.73,0.88141,247.5,426.1,258.1,406.5,236.8,446.0,826,0.07,9
930,52.217,-3.699,-44.882,-0.8566,0.2721,-0.4383,-0.4292,-0.7946,0.4294,-0.2316,0.5564,0.798,25.5,0.0368,1.237,0.747,0.95205,245.9,425.6,256.3,405.9,235.5,445.5,827,0.519,9
931,50.58,-3.188,-45.682,-0.8733,0.2687,-0.4064,-0.4172,-0.7981,0.4347,-0.2076,0.5494,0.8093,25.5,0.0268,1.572,0.778,1.09515,244.3,425.1,254.3,405.4,234.2,445.1,828,0.971,9
932,48.912,-2.68,-46.417,-0.8893,0.2683,-0.3703,-0.4047,-0.8017,0.4399,-0.1788,0.5412,0.8217,25.5,0.0181,1.857,0.803,1.19578,242.7,424.6,252.4,404.8,232.9,444.7,828,0.922,9
933,47.213,-2.178,-47.081,-0.9067,0.2621,-0.3305,-0.3916,-0.8054,0.4449,-0.1496,0.5328,0.8329,25.499,0.0031,1.855,0.831,1.32861,241.0,424.1,250.4,404.2,231.5,444.3,829,0.597,9
934,45.483,-1.685,-47.667,-0.9214,0.2601,-0.2887,-0.3777,-0.8094,0.4497,-0.1167,0.5235,0.844,25.499,0.0077,2.06,0.873,1.34313,239.3,423.6,248.4,403.6,230.1,443.9,830,0.389,9
935,43.728,-1.19,-48.174,-0.9322,0.2641,-0.2475,-0.3633,-0.8134,0.4543,-0.0813,0.5134,0.8543,25.499,0.0114,2.19,0.896,1.29546,237.6,423.2,246.3,403.1,228.8,443.5,831,0.291,9
936,41.954,-0.69,-48.601,-0.9432,0.2627,-0.2033,-0.3481,-0.8177,0.4585,-0.0458,0.5033,0.8629,25.499,0.0203,2.171,0.937,1.3799,235.9,422.7,244.2,402.5,227.4,443.1,832,0.295,9
937,40.161,-0.191,-48.944,-0.9506,0.2663,-0.1592,-0.3321,-0.8222,0.4623,-0.0078,0.4925,0.8703,25.498,0.0231,2.303,0.977,1.35851,234.1,422.2,242.0,401.9,226.1,442.7,833,0.394,9
938,38.359,0.324,-49.205,-0.953,0.2795,-0.1173,-0.3154,-0.8268,0.4657,0.0332,0.4808,0.8762,25.498,0.0149,2.466,1.011,1.33219,232.3,421.7,239.9,401.3,224.7,442.3,834,0.585,9
939,36.557,0.871,-49.387,-0.9519,0.2976,-0.0736,-0.2979,-0.8318,0.4684,0.0782,0.4678,0.8804,25.498,0.0016,2.695,1.054,1.43266,230.6,421.2,237.7,400.6,223.4,441.9,836,0.67,9
940,34.755,1.442,-49.484,-0.9524,0.3035,-0.0298,-0.2797,-0.8369,0.4705,0.1178,0.4564,0.8819,25.497,0.0016,2.363,1.09,1.33838,228.8,420.6,235.5,400.0,222.1,441.5,837,0.241,9
941,32.951,2.011,-49.502,-0.9551,0.296,0.0102,-0.261,-0.8421,0.4719,0.1483,0.4481,0.8816,25.497,0.0048,1.811,1.115,1.23502,227.1,420.0,233.3,399.3,220.8,441.1,838,0.244,9
942,31.146,2.577,-49.442,-0.9516,0.3027,0.0537,-0.2421,-0.8474,0.4725,0.1885,0.4367,0.8797,25.496,0.0008,2.397,1.125,1.33701,225.3,419.5,231.1,398.6,219.5,440.6,840,0.569,9
943,29.345,3.143,-49.306,-0.9523,0.2922,0.0877,-0.2236,-0.8525,0.4725,0.2128,0.4303,0.8772,25.496,0.0053,1.447,1.1,1.07764,223.6,418.9,228.9,397.9,218.2,440.2,841,0.007,9
944,27.538,3.671,-49.118,-0.9586,0.2627,0.1094,-0.2058,-0.8573,0.4719,0.2178,0.43,0.8762,25.495,0.0237,0.293,1.057,1.12532,221.8,418.4,226.7,397.3,216.8,439.8,842,0.571,9
945,25.715,4.13,-48.898,-0.967,0.2235,0.1226,-0.1893,-0.8616,0.4709,0.2112,0.4326,0.8765,25.495,0.0482,0.407,0.979,1.27804,220.0,418.0,224.5,396.8,215.5,439.5,844,0.222,9
946,23.882,4.528,-48.65,-0.9696,0.2004,0.1402,-0.1743,-0.8654,0.4697,0.2159,0.4318,0.8757,25.495,0.0614,0.277,0.889,0.88282,218.3,417.6,222.4,396.3,214.0,439.2,845,0.28,9
947,22.048,4.899,-48.364,-0.9675,0.1935,0.1629,-0.1609,-0.8688,0.4683,0.2326,0.4278,0.8734,25.496,0.0638,0.993,0.796,0.72117,216.5,417.2,220.3,395.8,212.6,438.9,846,0.734,9
948,20.223,5.269,-48.03,-0.961,0.2002,0.1907,-0.149,-0.8717,0.4669,0.2601,0.421,0.869,25.496,0.0577,1.643,0.706,0.88787,214.7,416.9,218.2,395.4,211.1,438.6,848,0.451,9
949,18.412,5.658,-47.643,-0.9545,0.2061,0.2154,-0.1387,-0.8741,0.4655,0.2846,0.415,0.8641,25.498,0.0525,1.472,0.611,0.79385,212.9,416.5,216.2,394.9,209.6,438.3,849,0.223,9
950,16.609,6.046,-47.218,-0.9504,0.2047,0.2343,-0.1299,-0.8762,0.4642,0.3007,0.4113,0.8605,25.499,0.0529,0.969,0.524,0.58702,211.2,416.1,214.3,394.5,208.0,438.0,850,0.1,9
951,14.816,6.435,-46.755,-0.9446,0.2063,0.2554,-0.1223,-0.8779,0.4629,0.3202,0.4066,0.8557,25.502,0.0526,1.182,0.452,0.66423,209.4,415.7,212.4,394.1,206.5,437.6,851,0.088,9
952,13.035,6.829,-46.249,-0.9364,0.2109,0.2804,-0.1159,-0.8794,0.4618,0.3444,0.4005,0.8491,25.504,0.0526,1.479,0.382,0.80865,207.7,415.3,210.5,393.7,204.9,437.3,852,0.197,9
953,11.274,7.235,-45.69,-0.9247,0.219,0.3113,-0.1105,-0.8806,0.4608,0.3756,0.3923,0.8397,25.507,0.0528,1.925,0.322,1.03001,206.0,414.9,208.7,393.2,203.3,436.9,853,0.447,9
954,9.538,7.66,-45.069,-0.9108,0.2299,0.343,-0.1059,-0.8816,0.46,0.4086,0.3832,0.8284,25.51,0.0516,2.065,0.274,1.09896,204.3,414.5,206.9,392.8,201.7,436.6,854,0.828,9
955,7.827,8.103,-44.392,-0.8969,0.2376,0.3729,-0.1019,-0.8824,0.4594,0.4388,0.3746,0.8168,25.513,0.053,1.918,0.236,1.02518,202.6,414.1,205.1,392.3,200.1,436.2,854,1.065,9
956,6.144,8.557,-43.655,-0.8813,0.2412,0.4064,-0.0985,-0.883,0.4589,0.4704,0.365,0.8034,25.517,0.0603,2.042,0.2,1.12435,201.0,413.6,203.4,391.8,198.6,435.7,855,0.556,9
957,4.492,9.013,-42.852,-0.8637,0.2403,0.4431,-0.0957,-0.8835,0.4586,0.503,0.3546,0.7882,25.521,0.0736,2.145,0.164,1.23271,199.4,413.2,201.7,391.4,197.0,435.3,856,0.087,9
958,2.876,9.464,-41.977,-0.844,0.2368,0.4812,-0.0933,-0.8838,0.4585,0.536,0.3435,0.7712,25.525,0.0901,2.22,0.139,1.30306,197.8,412.8,200.1,390.9,195.5,434.9,857,0.859,9
959,1.299,9.912,-41.032,-0.8225,0.2366,0.5172,-0.0913,-0.8839,0.4586,0.5687,0.3318,0.7526,25.53,0.1032,2.257,0.115,1.26978,196.3,412.3,198.5,390.4,194.0,434.5,857,1.034,9
960,-0.236,10.358,-40.019,-0.799,0.2345,0.5537,-0.0896,-0.884,0.4589,0.6013,0.3193,0.7325,25.534,0.1184,2.308,0.099,1.31612,194.8,411.9,197.0,390.0,192.5,434.0,858,0.117,9
961,-1.724,10.799,-38.937,-0.7742,0.2304,0.5895,-0.0882,-0.8839,0.4594,0.6327,0.3065,0.7112,25.539,0.1355,2.294,0.085,1.3246,193.3,411.4,195.5,389.5,191.1,433.6,859,0.957,10
962,-3.165,11.229,-37.788,-0.7482,0.2248,0.6242,-0.0871,-0.8836,0.4601,0.6628,0.2933,0.6889,25.544,0.1537,2.276,0.077,1.32391,191.9,411.0,194.1,389.1,189.7,433.2,859,0.936,10
963,-4.555,11.65,-36.575,-0.7208,0.2198,0.6573,-0.0862,-0.8832,0.4609,0.6921,0.2797,0.6654,25.55,0.171,2.289,0.073,1.31,190.5,410.6,192.7,388.7,188.3,432.8,860,0.308,10
964,-5.894,12.061,-35.303,-0.6939,0.2151,0.6872,-0.0856,-0.8828,0.462,0.7186,0.2664,0.6423,25.556,0.187,2.154,0.075,1.22613,189.2,410.2,191.4,388.3,187.0,432.4,860,1.585,10
965,-7.182,12.464,-33.977,-0.668,0.2107,0.7137,-0.0851,-0.8822,0.4632,0.7424,0.2538,0.62,25.561,0.2016,2.003,0.082,1.12992,188.0,409.8,190.1,387.9,185.8,432.0,861,0.153,10
966,-8.423,12.859,-32.603,-0.6435,0.2069,0.737,-0.0848,-0.8815,0.4645,0.7635,0.242,0.5987,25.567,0.2145,1.846,0.086,1.03016,186.7,409.4,188.9,387.5,184.5,431.6,862,1.505,10
967,-9.618,13.246,-31.188,-0.6187,0.2019,0.7592,-0.0847,-0.8807,0.466,0.7834,0.2301,0.5773,25.572,0.2284,1.808,0.098,1.01915,185.5,409.0,187.7,387.1,183.3,431.2,862,0.389,10
968,-10.765,13.624,-29.731,-0.5939,0.1974,0.78,-0.0846,-0.8799,0.4675,0.8023,0.2181,0.5556,25.577,0.2412,1.787,0.098,0.9895,184.4,408.6,186.6,386.7,182.2,430.8,863,1.516,10
969,-11.865,13.993,-28.236,-0.5691,0.1934,0.7992,-0.0846,-0.879,0.4692,0.82,0.2061,0.534,25.582,0.2531,1.742,0.11,0.95734,183.3,408.2,185.5,386.3,181.1,430.4,863,0.377,10
970,-12.919,14.356,-26.707,-0.5446,0.19,0.8169,-0.0847,-0.8781,0.471,0.8365,0.1942,0.5124,25.587,0.264,1.7,0.115,0.92091,182.3,407.9,184.5,386.0,180.0,430.0,864,1.809,10
971,-13.927,14.713,-25.145,-0.5202,0.1867,0.8334,-0.0848,-0.8771,0.4728,0.8519,0.1823,0.491,25.591,0.2744,1.657,0.118,0.89737,181.3,407.5,183.5,385.6,179.0,429.7,864,0.084,10
972,-14.888,15.062,-23.553,-0.4964,0.1826,0.8487,-0.085,-0.876,0.4747,0.8661,0.1706,0.4699,25.595,0.2851,1.604,0.126,0.86569,180.3,407.1,182.5,385.2,178.0,429.3,864,1.976,10
973,-15.807,15.404,-21.935,-0.4745,0.179,0.8618,-0.0853,-0.8749,0.4767,0.8784,0.1598,0.4504,25.599,0.2947,1.459,0.132,0.78033,179.4,406.8,181.6,384.9,177.1,429.0,865,0.523,10
974,-16.685,15.74,-20.292,-0.4544,0.176,0.8733,-0.0856,-0.8738,0.4787,0.8891,0.1498,0.4324,25.602,0.3032,1.33,0.132,0.70697,178.5,406.4,180.8,384.6,176.2,428.6,865,1.37,10
975,-17.527,16.07,-18.63,-0.4358,0.1734,0.8832,-0.086,-0.8726,0.4808,0.8985,0.1406,0.4158,25.605,0.3108,1.214,0.14,0.64279,177.7,406.1,179.9,384.2,175.3,428.3,866,1.476,10
976,-18.336,16.396,-16.95,-0.4187,0.1712,0.8919,-0.0864,-0.8714,0.4829,0.9068,0.132,0.4004,25.607,0.3177,1.117,0.14,0.58467,176.8,405.8,179.1,383.9,174.5,427.9,866,0.418,10
977,-19.112,16.718,-15.255,-0.4012,0.1686,0.9003,-0.0868,-0.8702,0.4851,0.9148,0.1232,0.3846,25.609,0.3248,1.133,0.145,0.59296,176.0,405.4,178.4,383.6,173.7,427.6,866,2.31,10
978,-19.854,17.034,-13.543,-0.383,0.1655,0.9088,-0.0872,-0.8689,0.4872,0.9228,0.1139,0.3681,25.611,0.3324,1.178,0.143,0.61535,175.3,405.1,177.6,383.3,172.9,427.2,867,0.917,10
979,-20.563,17.345,-11.816,-0.3664,0.163,0.9161,-0.0876,-0.8676,0.4894,0.9297,0.1053,0.353,25.612,0.339,1.071,0.148,0.55432,174.6,404.8,176.9,383.0,172.2,426.9,867,0.977,10
980,-21.242,17.651,-10.076,-0.3515,0.1609,0.9222,-0.088,-0.8663,0.4916,0.9355,0.0976,0.3395,25.613,0.3449,0.95,0.148,0.49152,173.9,404.4,176.2,382.7,171.5,426.5,868,2.664,10
981,-21.894,17.954,-8.326,-0.3386,0.1594,0.9273,-0.0885,-0.865,0.4939,0.9404,0.0909,0.3277,25.614,0.3501,0.827,0.154,0.42254,173.2,404.1,175.6,382.4,170.8,426.2,868,0.772,10
982,-22.524,18.255,-6.567,-0.3275,0.1583,0.9315,-0.0889,-0.8637,0.4961,0.9444,0.0852,0.3175,25.614,0.3545,0.708,0.148,0.36084,172.6,403.8,175.0,382.1,170.1,425.9,868,1.122,10
983,-23.135,18.554,-4.801,-0.3181,0.1577,0.9348,-0.0894,-0.8623,0.4984,0.9477,0.0803,0.309,25.614,0.3584,0.593,0.157,0.30211,171.9,403.5,174.4,381.8,169.5,425.5,869,2.949,10
984,-23.728,18.852,-3.029,-0.3073,0.1564,0.9387,-0.0898,-0.861,0.5006,0.9513,0.0746,0.299,25.614,0.3628,0.691,0.148,0.34989,171.3,403.2,173.8,381.5,168.8,425.2,869,1.057,10
985,-24.296,19.145,-1.248,-0.2935,0.1538,0.9435,-0.0903,-0.8596,0.5029,0.9558,0.0671,0.2864,25.613,0.3688,0.879,0.157,0.44949,170.7,402.9,173.2,381.2,168.2,424.9,869,0.836,10
986,-24.841,19.434,0.541,-0.2825,0.152,0.9472,-0.0908,-0.8582,0.5052,0.9591,0.0612,0.2762,25.612,0.3737,0.701,0.157,0.35548,170.2,402.6,172.6,380.9,167.6,424.6,869,2.728,10
987,-25.367,19.721,2.336,-0.2738,0.1509,0.9499,-0.0913,-0.8568,0.5075,0.9617,0.0565,0.2682,25.612,0.3778,0.552,0.157,0.27782,169.6,402.3,172.1,380.6,167.1,424.2,870,1.699,10
988,-25.879,20.006,4.136,-0.2672,0.1505,0.9518,-0.0917,-0.8554,0.5099,0.9636,0.0529,0.2621,25.61,0.3811,0.42,0.161,0.20824,169.1,401.9,171.6,380.3,166.5,423.9,870,0.196,10
989,-26.379,20.291,5.938,-0.2624,0.1507,0.9531,-0.0922,-0.8539,0.5122,0.9649,0.0504,0.2577,25.609,0.3837,0.299,0.16,0.15071,168.5,401.6,171.1,380.0,166.0,423.6,870,2.086,10
990,-26.873,20.577,7.743,-0.2593,0.1515,0.9538,-0.0927,-0.8524,0.5146,0.9658,0.0488,0.2548,25.608,0.3857,0.197,0.165,0.09921,168.0,401.3,170.6,379.7,165.4,423.3,871,2.588,10
991,-27.362,20.864,9.548,-0.2577,0.1528,0.9541,-0.0932,-0.8509,0.5169,0.9662,0.048,0.2533,25.606,0.3872,0.1,0.16,0.06304,167.5,401.0,170.1,379.4,164.9,422.9,871,0.696,10
992,-27.849,21.155,11.354,-0.2576,0.1546,0.9538,-0.0938,-0.8494,0.5193,0.9662,0.0481,0.2532,25.604,0.3882,0.008,0.166,0.05532,167.0,400.7,169.6,379.1,164.3,422.6,871,1.198,10
993,-28.338,21.45,13.158,-0.2589,0.1569,0.9531,-0.0943,-0.8479,0.5217,0.9659,0.0491,0.2543,25.602,0.3886,0.087,0.165,0.08274,166.5,400.4,169.1,378.8,163.8,422.3,871,3.09,10
994,-28.827,21.748,14.962,-0.2559,0.1576,0.9538,-0.0948,-0.8463,0.5242,0.9667,0.0475,0.2515,25.6,0.3909,0.19,0.172,0.09567,165.9,400.1,168.6,378.5,163.2,421.9,872,1.718,10
995,-29.305,22.046,16.768,-0.2497,0.157,0.9555,-0.0954,-0.8447,0.5267,0.9683,0.0439,0.2458,25.598,0.3945,0.397,0.173,0.19547,165.4,399.7,168.1,378.3,162.7,421.6,872,0.175,10
996,-29.773,22.343,18.578,-0.2453,0.1569,0.9567,-0.096,-0.8431,0.5291,0.9694,0.0414,0.2418,25.596,0.3975,0.278,0.169,0.13808,164.9,399.4,167.6,378.0,162.2,421.2,872,2.067,10
997,-30.235,22.64,20.389,-0.2423,0.1572,0.9574,-0.0965,-0.8414,0.5317,0.9702,0.0397,0.2391,25.594,0.4002,0.188,0.18,0.0937,164.4,399.1,167.1,377.7,161.7,420.9,873,2.759,10
998,-30.691,22.938,22.201,-0.2406,0.158,0.9577,-0.0972,-0.8397,0.5342,0.9706,0.0388,0.2375,25.591,0.4023,0.108,0.178,0.05761,163.9,398.8,166.7,377.4,161.1,420.5,873,0.867,10
999,-31.146,23.238,24.014,-0.2401,0.1592,0.9576,-0.0978,-0.838,0.5368,0.9707,0.0385,0.237,25.589,0.4041,0.034,0.181,0.03946,163.4,398.4,166.2,377.1,160.6,420.2,873,1.026,10
1000,-31.601,23.541,25.826,-0.2407,0.1608,0.9572,-0.0984,-0.8362,0.5395,0.9706,0.039,0.2375,25.586,0.4056,0.041,0.189,0.05312,162.9,398.1,165.7,376.8,160.1,419.8,873,2.919,10
1001,-32.058,23.847,27.637,-0.2425,0.1629,0.9564,-0.0991,-0.8344,0.5421,0.9702,0.0401,0.2391,25.584,0.4066,0.114,0.186,0.08715,162.4,397.8,165.2,376.5,159.6,419.4,874,1.81,10
1002,-32.52,24.158,29.446,-0.2455,0.1656,0.9552,-0.0998,-0.8326,0.5449,0.9694,0.0421,0.2419,25.581,0.4071,0.202,0.195,0.12745,161.9,397.4,164.8,376.1,159.1,419.1,874,0.084,10
1003,-32.988,24.474,31.253,-0.2499,0.1689,0.9534,-0.1006,-0.8306,0.5476,0.9683,0.0449,0.2459,25.578,0.4069,0.287,0.198,0.17516,161.4,397.1,164.3,375.8,158.5,418.7,874,1.976,10
1004,-33.467,24.798,33.055,-0.2561,0.173,0.951,-0.1013,-0.8287,0.5505,0.9666,0.0488,0.2515,25.576,0.4061,0.403,0.203,0.23644,160.9,396.7,163.8,375.5,158.0,418.3,875,2.541,10
1005,-33.959,25.13,34.852,-0.2645,0.1782,0.9478,-0.1021,-0.8267,0.5533,0.9644,0.0542,0.259,25.573,0.4041,0.544,0.202,0.31435,160.4,396.4,163.3,375.2,157.4,417.9,875,0.649,10
1006,-34.469,25.472,36.641,-0.2724,0.1835,0.9445,-0.1029,-0.8246,0.5563,0.9622,0.0593,0.2659,25.57,0.4021,0.507,0.215,0.30514,159.8,396.0,162.8,374.9,156.8,417.5,875,1.242,10
1007,-34.986,25.823,38.427,-0.2747,0.1869,0.9432,-0.1038,-0.8225,0.5593,0.9615,0.0609,0.268,25.567,0.4023,0.156,0.216,0.13034,159.3,395.6,162.2,374.5,156.2,417.1,876,2.95,10
1008,-35.51,26.18,40.21,-0.2786,0.1909,0.9412,-0.1047,-0.8203,0.5623,0.9604,0.0634,0.2714,25.564,0.4018,0.25,0.219,0.17966,158.7,395.2,161.7,374.2,155.6,416.6,876,1.058,10
1009,-36.041,26.546,41.989,-0.284,0.1955,0.9387,-0.1057,-0.818,0.5655,0.9588,0.067,0.2761,25.561,0.4009,0.351,0.233,0.22776,158.1,394.8,161.1,373.8,155.0,416.2,876,0.836,10
1010,-36.585,26.921,43.762,-0.2912,0.2007,0.9354,-0.1067,-0.8156,0.5687,0.9566,0.0718,0.2824,25.558,0.3993,0.471,0.236,0.28688,157.5,394.4,160.6,373.4,154.4,415.7,876,2.728,10
1011,-37.145,27.306,45.528,-0.3004,0.2066,0.9312,-0.1078,-0.8132,0.572,0.9537,0.0779,0.2904,25.555,0.397,0.6,0.242,0.35449,156.9,394.0,160.0,373.1,153.7,415.2,877,1.036,10
1012,-37.724,27.703,47.286,-0.3118,0.2131,0.926,-0.1089,-0.8106,0.5754,0.95,0.0854,0.3002,25.552,0.394,0.738,0.253,0.42735,156.3,393.5,159.4,372.7,153.0,414.8,877,0.857,10
1013,-38.326,28.113,49.032,-0.3254,0.2202,0.9196,-0.1101,-0.808,0.5789,0.9454,0.0946,0.3118,25.549,0.3903,0.888,0.259,0.50328,155.6,393.1,158.8,372.3,152.3,414.3,878,2.456,10
1014,-38.957,28.537,50.766,-0.341,0.2281,0.912,-0.1114,-0.8052,0.5824,0.9398,0.1051,0.3251,25.546,0.3855,1.023,0.267,0.57719,154.9,392.6,158.2,371.9,151.6,413.7,878,0.564,10
1015,-39.614,28.977,52.485,-0.3538,0.2368,0.9048,-0.1128,-0.8023,0.5861,0.935,0.1139,0.3358,25.543,0.3802,0.84,0.281,0.51686,154.2,392.2,157.5,371.5,150.8,413.2,878,1.329,10
1016,-40.297,29.433,54.19,-0.3676,0.2452,0.8971,-0.1143,-0.7993,0.59,0.9296,0.1234,0.3472,25.54,0.3753,0.905,0.295,0.54179,153.5,391.7,156.8,371.0,150.1,412.6,879,1.566,10
1017,-41.006,29.905,55.88,-0.3824,0.2534,0.8886,-0.1158,-0.7962,0.5939,0.9236,0.1336,0.3593,25.537,0.3703,0.97,0.298,0.57329,152.7,391.1,156.1,370.6,149.2,412.0,879,0.327,10
1018,-41.744,30.392,57.553,-0.398,0.2611,0.8795,-0.1175,-0.7929,0.5979,0.9169,0.1446,0.372,25.534,0.3656,1.036,0.313,0.59442,151.9,390.6,155.3,370.1,148.4,411.4,880,2.181,10
1019,-42.513,30.893,59.208,-0.4144,0.2681,0.8697,-0.1193,-0.7895,0.602,0.9095,0.1563,0.3852,25.531,0.3613,1.096,0.322,0.61607,151.0,390.1,154.5,369.7,147.5,410.8,880,0.289,10
1020,-43.313,31.406,60.844,-0.4315,0.2744,0.8593,-0.1212,-0.786,0.6063,0.9014,0.1686,0.3988,25.528,0.3576,1.149,0.336,0.63531,150.2,389.5,153.7,369.2,146.5,410.2,880,1.605,10
1021,-44.145,31.934,62.46,-0.4478,0.2839,0.8478,-0.1232,-0.7823,0.6106,0.8934,0.1805,0.4115,25.525,0.3507,1.097,0.345,0.66901,149.3,388.9,152.9,368.7,145.6,409.5,881,0.547,10
1022,-45.01,32.48,64.052,-0.466,0.2927,0.835,-0.1254,-0.7784,0.6151,0.884,0.1938,0.4254,25.522,0.3442,1.227,0.364,0.72452,148.3,388.3,152.0,368.2,144.6,408.8,881,1.346,10
1023,-45.91,33.041,65.619,-0.4864,0.3002,0.8206,-0.1277,-0.7744,0.6197,0.8729,0.2089,0.441,25.519,0.3382,1.397,0.373,0.78934,147.4,387.7,151.1,367.7,143.5,408.1,882,0.479,10
1024,-46.852,33.615,67.157,-0.5093,0.3062,0.8043,-0.1302,-0.7702,0.6244,0.8596,0.2262,0.4582,25.516,0.3327,1.592,0.389,0.87022,146.3,387.1,150.2,367.2,142.4,407.4,882,1.413,10
1025,-47.84,34.199,68.662,-0.5351,0.3104,0.7857,-0.133,-0.7657,0.6293,0.8436,0.2459,0.4774,25.514,0.3279,1.823,0.414,0.97136,145.3,386.4,149.2,366.6,141.2,406.6,883,0.115,10
1026,-48.877,34.794,70.128,-0.5612,0.3188,0.7638,-0.1359,-0.7611,0.6342,0.8264,0.266,0.4963,25.511,0.318,1.863,0.419,1.06254,144.1,385.8,148.2,366.1,140.0,405.8,884,1.373,10
1027,-49.964,35.404,71.552,-0.5874,0.325,0.7412,-0.1391,-0.7563,0.6393,0.8081,0.2865,0.5148,25.509,0.3098,1.898,0.441,1.0644,143.0,385.1,147.1,365.6,138.7,405.1,884,0.519,10
1028,-51.101,36.023,72.933,-0.6139,0.3283,0.7179,-0.1426,-0.7512,0.6445,0.7881,0.3078,0.5331,25.506,0.3036,1.975,0.463,1.07312,141.7,384.5,146.0,365.0,137.4,404.3,885,0.494,10
1029,-52.288,36.644,74.269,-0.641,0.3283,0.6938,-0.1464,-0.7459,0.6497,0.7661,0.3301,0.5516,25.504,0.2997,2.084,0.478,1.09804,140.5,383.8,144.8,364.5,136.0,403.4,886,1.284,10
1030,-53.528,37.267,75.555,-0.6699,0.3295,0.6653,-0.1505,-0.7405,0.655,0.7409,0.3542,0.5706,25.503,0.2926,2.275,0.493,1.22965,139.1,383.1,143.6,363.9,134.5,402.6,886,0.609,10
1031,-54.824,37.892,76.784,-0.6999,0.3308,0.6329,-0.1549,-0.7348,0.6604,0.7128,0.3798,0.5897,25.501,0.2833,2.438,0.516,1.33772,137.7,382.4,142.4,363.4,133.0,401.8,887,0.025,10
1032,-56.178,38.518,77.949,-0.7306,0.3317,0.5969,-0.1596,-0.7289,0.6658,0.6816,0.4065,0.6084,25.5,0.2722,2.586,0.532,1.43293,136.3,381.7,141.1,362.9,131.4,401.0,888,0.393,10
1033,-57.59,39.146,79.041,-0.7618,0.3313,0.5566,-0.1647,-0.7227,0.6712,0.6469,0.4346,0.6267,25.499,0.2596,2.765,0.554,1.54347,134.8,381.1,139.7,362.4,129.7,400.1,889,0.643,10
1034,-59.061,39.772,80.052,-0.7933,0.3305,0.5113,-0.1702,-0.7164,0.6766,0.6083,0.4638,0.6441,25.498,0.2442,2.947,0.57,1.67112,133.2,380.4,138.3,361.9,128.0,399.3,890,0.75,10
1035,-60.59,40.397,80.975,-0.8221,0.33,0.464,-0.176,-0.7099,0.6819,0.5693,0.4917,0.6589,25.497,0.2268,2.876,0.584,1.6772,131.6,379.7,136.8,361.4,126.2,398.4,891,0.728,10
1036,-62.17,41.022,81.807,-0.8477,0.3305,0.415,-0.1823,-0.7032,0.6872,0.5305,0.5181,0.6709,25.497,0.2073,2.776,0.608,1.67422,129.9,379.0,135.3,360.9,124.3,397.6,892,0.591,10
1037,-63.797,41.646,82.548,-0.8703,0.3275,0.3678,-0.1889,-0.6965,0.6923,0.492,0.543,0.6805,25.496,0.1909,2.684,0.613,1.58737,128.1,378.4,133.8,360.4,122.3,396.7,893,0.347,10
1038,-65.463,42.259,83.202,-0.8902,0.3203,0.3239,-0.1958,-0.6896,0.6972,0.454,0.5664,0.6878,25.496,0.1792,2.591,0.626,1.4758,126.4,377.7,132.2,359.9,120.4,395.9,894,0.009,10
1039,-67.163,42.864,83.77,-0.9063,0.3211,0.2749,-0.203,-0.6827,0.7019,0.4183,0.5876,0.6926,25.497,0.1577,2.395,0.632,1.56214,124.6,377.0,130.7,359.4,118.3,395.0,895,0.42,10
1040,-68.894,43.463,84.246,-0.9227,0.3092,0.2305,-0.2104,-0.6759,0.7063,0.3783,0.6099,0.6964,25.497,0.1479,2.633,0.629,1.4779,122.7,376.4,129.0,359.0,116.3,394.2,897,0.405,10
1041,-70.656,44.021,84.65,-0.9403,0.2767,0.1983,-0.2178,-0.6693,0.7104,0.3336,0.6329,0.6986,25.497,0.1605,2.883,0.615,1.48433,120.9,375.8,127.4,358.6,114.2,393.4,898,0.217,10
1042,-72.45,44.509,85.001,-0.9546,0.2437,0.1715,-0.2249,-0.6631,0.714,0.2922,0.6531,0.6986,25.498,0.1755,2.64,0.578,1.35821,119.0,375.3,125.7,358.2,112.1,392.7,900,0.309,10
1043,-74.268,44.946,85.298,-0.9655,0.2182,0.1419,-0.2316,-0.6573,0.7172,0.254,0.6708,0.6968,25.498,0.182,2.415,0.54,1.22817,117.0,374.8,124.0,357.9,109.9,392.1,901,0.426,10
1044,-76.104,45.336,85.537,-0.9746,0.1944,0.111,-0.2376,-0.652,0.72,0.216,0.6872,0.6936,25.498,0.1847,2.379,0.486,1.21277,115.1,374.4,122.2,357.6,107.8,391.5,903,0.055,10
1045,-77.955,45.682,85.717,-0.9821,0.17,0.0806,-0.2426,-0.6474,0.7225,0.1781,0.7024,0.6892,25.499,0.1864,2.353,0.415,1.20205,113.1,374.0,120.4,357.4,105.7,391.0,905,0.336,10
1046,-79.82,45.976,85.85,-0.988,0.1426,0.0588,-0.2464,-0.6435,0.7247,0.1439,0.7151,0.684,25.499,0.1943,2.111,0.336,1.07516,111.2,373.7,118.6,357.2,103.6,390.6,906,0.399,10
1047,-81.694,46.228,85.936,-0.9917,0.1251,0.0307,-0.2492,-0.6403,0.7266,0.1125,0.726,0.6784,25.5,0.1893,1.931,0.267,1.00856,109.2,373.5,116.7,357.0,101.5,390.3,908,0.129,10
1048,-83.572,46.454,85.961,-0.9933,0.1152,-0.005,-0.251,-0.6376,0.7283,0.0819,0.7357,0.6723,25.5,0.1722,1.872,0.21,1.12276,107.2,373.2,114.8,356.8,99.5,389.9,909,0.494,10
1049,-85.452,46.668,85.91,-0.9924,0.1122,-0.0506,-0.2519,-0.6354,0.73,0.0502,0.7447,0.6655,25.5,0.1418,1.928,0.167,1.38414,105.3,373.0,112.9,356.7,97.5,389.7,911,0.348,11
1050,-87.328,46.878,85.777,-0.99,0.1084,-0.09,-0.252,-0.6335,0.7315,0.0224,0.7519,0.6589,25.5,0.115,1.688,0.139,1.20078,103.3,372.8,111.0,356.5,95.5,389.4,912,0.079,11
1051,-89.198,47.074,85.571,-0.9871,0.0972,-0.1275,-0.2514,-0.632,0.7331,-0.0094,0.7589,0.6511,25.5,0.0933,1.919,0.13,1.18833,101.3,372.6,109.0,356.4,93.5,389.1,913,0.434,11
1052,-91.063,47.242,85.295,-0.9834,0.0784,-0.1635,-0.2502,-0.6307,0.7346,-0.0456,0.7656,0.6417,25.5,0.0765,2.177,0.133,1.23483,99.4,372.4,107.1,356.2,91.6,388.9,914,0.716,11
1053,-92.92,47.366,84.953,-0.9788,0.0517,-0.1983,-0.2485,-0.6295,0.7362,-0.0869,0.7714,0.6304,25.5,0.0647,2.476,0.15,1.33548,97.5,372.3,105.1,356.2,89.7,388.8,916,0.853,11
1054,-94.766,47.444,84.542,-0.9714,0.0309,-0.2353,-0.2465,-0.6285,0.7377,-0.1252,0.7755,0.6188,25.5,0.0464,2.305,0.154,1.30468,95.6,372.2,103.2,356.1,87.8,388.7,917,0.822,11
1055,-96.596,47.482,84.064,-0.9628,0.0101,-0.27,-0.2441,-0.6275,0.7394,-0.162,0.7781,0.6069,25.5,0.029,2.221,0.178,1.25243,93.7,372.2,101.2,356.1,85.9,388.6,918,0.887,11
1056,-98.409,47.481,83.522,-0.953,-0.0116,-0.3029,-0.2416,-0.6265,0.741,-0.1984,0.7794,0.5943,25.5,0.0131,2.208,0.179,1.22973,91.8,372.2,99.3,356.2,84.1,388.6,918,1.006,11
1057,-100.202,47.438,82.918,-0.9418,-0.0346,-0.3345,-0.2388,-0.6256,0.7427,-0.235,0.7793,0.5809,25.5,0.0019,2.233,0.195,1.23102,90.0,372.3,97.4,356.3,82.3,388.6,919,0.841,11
1058,-101.972,47.35,82.255,-0.9286,-0.058,-0.3665,-0.2358,-0.6246,0.7445,-0.2721,0.7778,0.5665,25.5,0.0177,2.282,0.208,1.26519,88.1,372.4,95.5,356.4,80.6,388.7,920,0.573,11
1059,-103.716,47.219,81.531,-0.9137,-0.0804,-0.3985,-0.2327,-0.6237,0.7463,-0.3087,0.775,0.5515,25.5,0.0346,2.272,0.212,1.26592,86.4,372.5,93.7,356.6,78.9,388.8,921,0.198,11
1060,-105.429,47.046,80.747,-0.8972,-0.1017,-0.4298,-0.2294,-0.6227,0.7481,-0.3442,0.7708,0.536,25.5,0.0524,2.233,0.223,1.25054,84.6,372.7,91.9,356.8,77.2,389.0,922,0.291,11
1061,-107.11,46.835,79.905,-0.8793,-0.1217,-0.4604,-0.2261,-0.6216,0.75,-0.3784,0.7655,0.5204,25.5,0.0708,2.175,0.227,1.23251,82.9,373.0,90.1,357.1,75.5,389.2,923,0.9,11
1062,-108.756,46.585,79.005,-0.8601,-0.1421,-0.4899,-0.2228,-0.6205,0.7519,-0.4124,0.7588,0.504,25.5,0.0886,2.197,0.227,1.23189,81.2,373.3,88.4,357.4,74.0,389.5,923,0.993,11
1063,-110.365,46.298,78.052,-0.8401,-0.1617,-0.5178,-0.2194,-0.6193,0.7539,-0.4451,0.7511,0.4875,25.5,0.1059,2.145,0.236,1.19698,79.6,373.6,86.7,357.8,72.4,389.8,924,0.255,11
1064,-111.936,45.974,77.047,-0.8199,-0.1802,-0.5434,-0.216,-0.6181,0.7558,-0.4757,0.7426,0.4714,25.5,0.1222,2.04,0.233,1.13525,78.1,374.0,85.0,358.2,70.9,390.1,925,0.623,11
1065,-113.469,45.616,75.996,-0.8001,-0.1972,-0.5665,-0.2126,-0.6168,0.7579,-0.5036,0.7338,0.456,25.5,0.1376,1.894,0.241,1.05527,76.5,374.4,83.4,358.7,69.5,390.4,925,1.27,11
1066,-114.963,45.229,74.902,-0.7792,-0.212,-0.5899,-0.2092,-0.6155,0.7599,-0.5306,0.7242,0.4405,25.5,0.1548,1.867,0.238,1.0504,75.0,374.8,81.9,359.1,68.1,390.8,926,0.241,11
1067,-116.418,44.814,73.766,-0.759,-0.2268,-0.6103,-0.2058,-0.6141,0.7619,-0.5556,0.7143,0.4256,25.5,0.1695,1.761,0.24,0.978,73.6,375.3,80.4,359.6,66.7,391.3,927,0.949,11
1068,-117.837,44.37,72.594,-0.7404,-0.2418,-0.6272,-0.2024,-0.6126,0.764,-0.5786,0.7043,0.4114,25.5,0.1812,1.651,0.245,0.88615,72.2,375.8,78.9,360.2,65.4,391.7,927,0.944,11
1069,-119.222,43.899,71.394,-0.7233,-0.2569,-0.641,-0.1991,-0.6111,0.7661,-0.5994,0.6944,0.3981,25.5,0.1901,1.524,0.24,0.80723,70.9,376.3,77.5,360.8,64.1,392.2,928,0.398,11
1070,-120.575,43.398,70.17,-0.7078,-0.2719,-0.652,-0.1957,-0.6095,0.7682,-0.6183,0.6847,0.3857,25.5,0.1966,1.409,0.247,0.7331,69.5,376.8,76.1,361.4,62.8,392.7,928,1.495,11
1071,-121.898,42.873,68.923,-0.6904,-0.283,-0.6657,-0.1924,-0.6079,0.7704,-0.6366,0.6748,0.3734,25.5,0.208,1.385,0.245,0.75011,68.2,377.4,74.7,362.0,61.6,393.2,929,0.025,11
1072,-123.19,42.327,67.652,-0.6748,-0.2943,-0.6767,-0.1891,-0.6062,0.7725,-0.6531,0.6651,0.362,25.5,0.2167,1.276,0.244,0.67162,67.0,378.0,73.4,362.6,60.5,393.8,930,1.587,11
1073,-124.453,41.759,66.363,-0.6604,-0.3062,-0.6857,-0.1858,-0.6044,0.7747,-0.6685,0.6556,0.3511,25.5,0.2234,1.21,0.25,0.6278,65.8,378.6,72.1,363.3,59.3,394.3,930,0.307,11
1074,-125.69,41.168,65.058,-0.6467,-0.3188,-0.6929,-0.1826,-0.6026,0.7769,-0.6832,0.646,0.3405,25.5,0.2281,1.175,0.245,0.60422,64.6,379.3,70.8,364.0,58.2,394.9,931,1.407,11
1075,-126.901,40.552,63.741,-0.6335,-0.3324,-0.6987,-0.1793,-0.6008,0.7791,-0.6976,0.636,0.3299,25.5,0.2311,1.174,0.25,0.60007,63.4,380.0,69.6,364.7,57.1,395.5,931,0.486,11
1076,-128.087,39.909,62.414,-0.6199,-0.3466,-0.7039,-0.1761,-0.5988,0.7813,-0.712,0.6256,0.319,25.5,0.2332,1.194,0.25,0.61582,62.3,380.7,68.4,365.5,56.1,396.2,932,1.322,11
1077,-129.246,39.242,61.075,-0.605,-0.3579,-0.7112,-0.1728,-0.5968,0.7835,-0.726,0.6148,0.3081,25.5,0.2391,1.19,0.254,0.60782,61.2,381.4,67.2,366.3,55.0,396.8,932,0.571,11
1078,-130.378,38.554,59.723,-0.5909,-0.3696,-0.7171,-0.1696,-0.5947,0.7858,-0.7392,0.6042,0.2977,25.5,0.2435,1.138,0.256,0.58281,60.1,382.1,66.1,367.1,54.0,397.5,933,1.318,11
1079,-131.483,37.844,58.361,-0.5776,-0.3815,-0.7217,-0.1664,-0.5926,0.7881,-0.7516,0.5936,0.2877,25.5,0.2466,1.096,0.256,0.55801,59.1,382.9,65.0,367.9,53.1,398.2,933,0.575,11
1080,-132.564,37.11,56.992,-0.5651,-0.3938,-0.725,-0.1632,-0.5904,0.7904,-0.7632,0.5833,0.2781,25.5,0.2483,1.045,0.259,0.54023,58.1,383.7,63.9,368.7,52.1,399.0,934,1.38,11
1081,-133.623,36.353,55.618,-0.5534,-0.4064,-0.727,-0.16,-0.5881,0.7928,-0.7741,0.5731,0.2689,25.5,0.2488,1.005,0.264,0.52411,57.1,384.5,62.9,369.6,51.2,399.7,934,0.513,11
1082,-134.66,35.572,54.241,-0.5425,-0.4193,-0.728,-0.1569,-0.5858,0.7952,-0.7843,0.5632,0.2601,25.5,0.2482,0.958,0.26,0.51223,56.2,385.3,61.8,370.5,50.3,400.5,935,1.494,11
1083,-135.673,34.767,52.86,-0.5282,-0.431,-0.7316,-0.1537,-0.5833,0.7976,-0.796,0.5514,0.2499,25.5,0.2509,1.117,0.27,0.5699,55.2,386.2,60.8,371.4,49.5,401.3,935,0.399,11
1084,-136.66,33.941,51.473,-0.515,-0.442,-0.7344,-0.1505,-0.5808,0.8,-0.8065,0.5402,0.2404,25.5,0.2533,1.034,0.27,0.52714,54.3,387.1,59.8,372.4,48.7,402.1,936,1.633,11
1085,-137.623,33.094,50.082,-0.5036,-0.4527,-0.7358,-0.1473,-0.5782,0.8025,-0.8156,0.53,0.2321,25.5,0.2545,0.916,0.276,0.47525,53.4,388.0,58.9,373.4,47.9,402.9,936,0.26,11
1086,-138.567,32.227,48.689,-0.4939,-0.4632,-0.7359,-0.1442,-0.5755,0.805,-0.8235,0.5208,0.2249,25.5,0.2546,0.808,0.276,0.43283,52.6,388.9,58.0,374.4,47.1,403.7,937,1.763,11
1087,-139.494,31.341,47.297,-0.4857,-0.4734,-0.7348,-0.141,-0.5727,0.8076,-0.8303,0.5126,0.2186,25.5,0.2538,0.709,0.286,0.39762,51.7,389.8,57.1,375.4,46.3,404.6,937,0.13,11
1088,-140.406,30.436,45.908,-0.479,-0.4835,-0.7327,-0.1378,-0.5698,0.8102,-0.8362,0.5053,0.2132,25.5,0.2521,0.62,0.289,0.37242,50.9,390.8,56.2,376.4,45.6,405.5,938,1.849,11
1089,-141.307,29.511,44.525,-0.4737,-0.4936,-0.7294,-0.1345,-0.5668,0.8128,-0.8412,0.4989,0.2087,25.5,0.2494,0.532,0.296,0.35948,50.1,391.7,55.3,377.4,44.8,406.4,938,0.043,11
1090,-142.193,28.568,43.143,-0.4621,-0.5028,-0.7305,-0.1313,-0.5637,0.8155,-0.8491,0.4885,0.2009,25.5,0.2516,0.872,0.298,0.44954,49.3,392.7,54.4,378.5,44.1,407.3,939,1.856,11
1091,-143.058,27.608,41.761,-0.4527,-0.5117,-0.7302,-0.1279,-0.5604,0.8183,-0.8557,0.4795,0.1945,25.5,0.2529,0.737,0.315,0.39204,48.5,393.7,53.6,379.6,43.4,408.2,939,0.037,11
1092,-143.907,26.631,40.38,-0.4453,-0.5205,-0.7286,-0.1246,-0.557,0.8211,-0.8612,0.4717,0.1893,25.5,0.2529,0.623,0.315,0.35143,47.8,394.8,52.7,380.7,42.7,409.1,940,1.746,11
1093,-144.744,25.638,39.004,-0.4396,-0.5296,-0.7254,-0.1211,-0.5534,0.8241,-0.8657,0.4651,0.185,25.5,0.2515,0.52,0.335,0.33921,47.0,395.8,51.9,381.8,42.1,410.1,940,0.146,11
1094,-145.572,24.626,37.636,-0.4354,-0.5394,-0.7208,-0.1176,-0.5495,0.8272,-0.8695,0.4593,0.1815,25.5,0.2486,0.445,0.349,0.35156,46.3,396.8,51.1,383.0,41.4,411.0,941,1.482,11
1095,-146.393,23.596,36.277,-0.4327,-0.55,-0.7143,-0.114,-0.5455,0.8303,-0.8727,0.4544,0.1787,25.5,0.2437,0.372,0.356,0.38515,45.6,397.9,50.3,384.2,40.8,412.0,941,0.411,11
1096,-147.211,22.543,34.933,-0.4317,-0.5622,-0.7054,-0.1102,-0.5411,0.8337,-0.8752,0.4504,0.1767,25.5,0.2363,0.294,0.386,0.45817,44.9,399.0,49.5,385.4,40.1,413.0,942,1.026,11
1097,-148.025,21.467,33.607,-0.4269,-0.5752,-0.6978,-0.1063,-0.5365,0.8372,-0.8795,0.4435,0.1725,25.5,0.2302,0.524,0.4,0.4786,44.2,400.1,48.7,386.6,39.5,414.0,942,0.866,11
1098,-148.826,20.366,32.292,-0.4202,-0.5882,-0.691,-0.1023,-0.5315,0.8409,-0.8846,0.4352,0.1675,25.5,0.2254,0.627,0.424,0.48833,43.5,401.3,47.9,387.9,38.9,415.0,943,0.343,11
1099,-149.617,19.241,30.992,-0.4154,-0.6012,-0.6826,-0.098,-0.5261,0.8448,-0.8887,0.4283,0.1636,25.5,0.2197,0.511,0.454,0.49065,42.8,402.4,47.1,389.2,38.3,416.0,944,1.315,11
1100,-150.4,18.091,29.71,-0.4128,-0.6141,-0.6727,-0.0935,-0.5202,0.8489,-0.8917,0.423,0.161,25.5,0.213,0.379,0.486,0.49862,42.1,403.6,46.3,390.5,37.7,417.0,944,0.578,11
1101,-151.181,16.917,28.448,-0.4126,-0.6266,-0.6612,-0.0887,-0.5137,0.8533,-0.8935,0.4197,0.1598,25.5,0.2057,0.226,0.527,0.51428,41.4,404.8,45.5,391.9,37.2,418.1,945,0.174,11
1102,-151.963,15.72,27.208,-0.4149,-0.6385,-0.6482,-0.0837,-0.5067,0.8581,-0.894,0.4186,0.16,25.5,0.198,0.07,0.564,0.53814,40.7,406.0,44.7,393.3,36.6,419.1,946,0.721,11
1103,-152.746,14.493,25.998,-0.4111,-0.6592,-0.6297,-0.0782,-0.4989,0.8631,-0.8982,0.411,0.1562,25.5,0.1825,0.543,0.617,0.84833,40.0,407.3,43.9,394.7,36.0,420.2,947,1.083,11
1104,-153.521,13.229,24.823,-0.4079,-0.6762,-0.6134,-0.0723,-0.4903,0.8686,-0.9015,0.4047,0.1533,25.5,0.1718,0.44,0.676,0.71971,39.3,408.6,43.1,396.2,35.5,421.3,947,0.809,11
1105,-154.293,11.939,23.673,-0.4087,-0.6855,-0.6025,-0.066,-0.4807,0.8744,-0.9022,0.403,0.1535,25.5,0.1703,0.106,0.737,0.4345,38.7,409.9,42.3,397.8,34.9,422.3,948,0.618,11
1106,-155.07,10.639,22.539,-0.4138,-0.6867,-0.5976,-0.059,-0.47,0.8807,-0.9002,0.4063,0.1565,25.5,0.1791,0.28,0.817,0.2172,38.0,411.2,41.4,399.4,34.4,423.4,949,0.581,11
1107,-155.862,9.345,21.408,-0.4233,-0.6797,-0.599,-0.0513,-0.458,0.8875,-0.8954,0.4147,0.1622,25.5,0.1986,0.643,0.905,0.3598,37.3,412.5,40.6,401.0,33.9,424.4,950,0.682,11
1108,-156.676,8.065,20.276,-0.4383,-0.6759,-0.5924,-0.0429,-0.4445,0.8948,-0.8881,0.4272,0.1697,25.5,0.2108,0.934,1.002,0.50931,36.5,413.8,39.6,402.6,33.4,425.3,952,0.657,11
1109,-157.517,6.785,19.164,-0.4491,-0.6767,-0.5834,-0.0338,-0.4297,0.9023,-0.883,0.4357,0.1744,25.5,0.2204,0.629,1.084,0.42637,35.8,415.1,38.7,404.3,32.8,426.3,953,0.276,11
1110,-158.371,5.506,18.062,-0.4521,-0.675,-0.583,-0.0245,-0.4143,0.9098,-0.8814,0.4384,0.1759,25.5,0.2397,0.199,1.117,0.1051,35.0,416.4,37.7,406.0,32.3,427.2,954,0.127,11
1111,-159.223,4.232,16.952,-0.4471,-0.6711,-0.5913,-0.0153,-0.3985,0.917,-0.8834,0.435,0.1743,25.5,0.2679,0.244,1.126,0.31626,34.3,417.7,36.7,407.7,31.7,428.1,955,0.479,11
1112,-160.059,2.967,15.819,-0.4347,-0.6649,-0.6074,-0.0067,-0.3831,0.9237,-0.8888,0.4256,0.1701,25.5,0.3034,0.666,1.081,0.64334,33.5,419.0,35.8,409.3,31.2,429.0,956,0.753,11
1113,-160.87,1.717,14.653,-0.4264,-0.6562,-0.6226,0.0011,-0.3686,0.9296,-0.8918,0.4203,0.1677,25.5,0.3374,0.375,1.002,0.58678,32.8,420.3,34.9,410.9,30.7,429.8,957,0.9,11
1114,-161.674,0.482,13.466,-0.4234,-0.6493,-0.6318,0.008,-0.3552,0.9348,-0.8923,0.4194,0.167,25.5,0.3634,0.071,0.914,0.35982,32.1,421.5,34.0,412.5,30.1,430.8,958,0.871,11
1115,-162.47,-0.743,12.262,-0.4164,-0.6455,-0.6403,0.014,-0.3427,0.9393,-0.8952,0.4143,0.1645,25.5,0.3861,0.365,0.835,0.35266,31.4,422.7,33.2,414.1,29.6,431.7,959,0.62,11
1116,-163.248,-1.963,11.042,-0.4054,-0.6444,-0.6484,0.0192,-0.3311,0.9434,-0.9002,0.4048,0.1604,25.5,0.4061,0.658,0.765,0.41492,30.7,424.0,32.4,415.6,29.0,432.6,960,0.11,11
1117,-164.001,-3.184,9.808,-0.39,-0.6461,-0.6561,0.0239,-0.32,0.9471,-0.9075,0.3905,0.1549,25.5,0.424,0.972,0.722,0.52381,30.1,425.2,31.7,417.1,28.5,433.6,961,0.656,11
1118,-164.721,-4.41,8.559,-0.3697,-0.6503,-0.6637,0.0282,-0.3094,0.9505,-0.917,0.3705,0.1478,25.5,0.4401,1.332,0.684,0.66845,29.5,426.4,31.0,418.6,28.0,434.5,961,1.237,11
1119,-165.406,-5.641,7.296,-0.3558,-0.65,-0.6715,0.032,-0.2992,0.9537,-0.9229,0.3574,0.1431,25.5,0.4573,0.866,0.65,0.48269,28.9,427.7,30.3,420.0,27.5,435.5,962,0.233,11
1120,-166.066,-6.87,6.018,-0.3413,-0.6498,-0.6791,0.0356,-0.2892,0.9566,-0.929,0.3433,0.1384,25.5,0.4739,0.921,0.631,0.49571,28.4,428.9,29.7,421.5,27.0,436.5,963,0.998,11
1121,-166.697,-8.101,4.726,-0.3249,-0.6505,-0.6865,0.0389,-0.2794,0.9594,-0.9357,0.3268,0.1331,25.5,0.4895,1.065,0.614,0.54518,27.9,430.1,29.1,423.0,26.6,437.5,963,0.895,11
1122,-167.295,-9.333,3.42,-0.3064,-0.6521,-0.6935,0.0419,-0.2699,0.962,-0.9429,0.3076,0.1274,25.5,0.504,1.219,0.59,0.60081,27.4,431.4,28.6,424.4,26.2,438.5,964,0.549,11
1123,-167.856,-10.569,2.101,-0.2858,-0.6544,-0.7,0.0446,-0.2605,0.9644,-0.9506,0.2857,0.1211,25.5,0.5174,1.378,0.577,0.6577,26.9,432.6,28.1,425.9,25.8,439.5,964,1.344,11
1124,-168.376,-11.81,0.77,-0.265,-0.6561,-0.7066,0.0471,-0.2513,0.9668,-0.9579,0.263,0.115,25.5,0.5307,1.41,0.563,0.66274,26.6,433.8,27.6,427.3,25.4,440.5,965,0.304,11
1125,-168.859,-13.052,-0.573,-0.2453,-0.6567,-0.7132,0.0493,-0.2422,0.969,-0.9642,0.2414,0.1094,25.5,0.5441,1.329,0.551,0.62929,26.2,435.0,27.2,428.8,25.1,441.5,965,1.589,11
1126,-169.304,-14.295,-1.928,-0.2252,-0.6575,-0.7191,0.0513,-0.2333,0.9711,-0.9702,0.2188,0.1038,25.5,0.5565,1.378,0.536,0.6347,25.9,436.3,26.9,430.2,24.8,442.5,966,0.254,11
1127,-169.711,-15.541,-3.294,-0.2048,-0.6585,-0.7242,0.053,-0.2244,0.973,-0.9758,0.1955,0.0982,25.5,0.5677,1.41,0.53,0.63736,25.6,437.5,26.6,431.7,24.6,443.5,966,1.64,11
1128,-170.079,-16.788,-4.669,-0.1844,-0.6598,-0.7284,0.0545,-0.2157,0.9749,-0.9808,0.1717,0.0928,25.5,0.5778,1.427,0.517,0.63185,25.4,438.7,26.3,433.1,24.4,444.5,967,0.393,11
1129,-170.409,-18.038,-6.051,-0.1641,-0.661,-0.7322,0.0558,-0.207,0.9767,-0.9852,0.1475,0.0876,25.5,0.5875,1.44,0.514,0.62638,25.2,440.0,26.1,434.5,24.2,445.6,967,1.501,11
1130,-170.7,-19.288,-7.442,-0.1435,-0.6598,-0.7376,0.0569,-0.1985,0.9784,-0.989,0.1229,0.0825,25.5,0.5989,1.456,0.501,0.64581,25.0,441.2,25.9,436.0,24.1,446.6,968,0.715,11
1131,-170.953,-20.536,-8.841,-0.1237,-0.6597,-0.7412,0.0579,-0.19,0.9801,-0.9921,0.0987,0.0777,25.5,0.6083,1.425,0.5,0.60934,24.9,442.4,25.8,437.4,24.0,447.6,968,1.178,11
1132,-171.169,-21.785,-10.246,-0.1047,-0.6608,-0.7432,0.0586,-0.1816,0.9816,-0.9945,0.0752,0.0732,25.5,0.6157,1.378,0.491,0.57943,24.8,443.7,25.7,438.8,23.9,448.6,969,1.19,11
1133,-171.35,-23.038,-11.654,-0.0863,-0.6629,-0.7437,0.0591,-0.1732,0.9831,-0.9962,0.0522,0.0691,25.5,0.6214,1.342,0.49,0.56092,24.8,444.9,25.6,440.2,23.9,449.7,969,0.702,11
1134,-171.496,-24.295,-13.06,-0.0686,-0.6662,-0.7426,0.0594,-0.1648,0.9845,-0.9974,0.03,0.0652,25.5,0.6254,1.293,0.488,0.54615,24.7,446.1,25.6,441.7,23.9,450.7,970,1.772,11
1135,-171.609,-25.558,-14.465,-0.0507,-0.6677,-0.7427,0.0596,-0.1565,0.9859,-0.9981,0.0074,0.0615,25.5,0.6308,1.313,0.482,0.54392,24.8,447.4,25.6,443.1,23.9,451.7,970,0.122,11
1136,-171.688,-26.822,-15.871,-0.0332,-0.668,-0.7434,0.0596,-0.1481,0.9872,-0.9982,-0.015,0.058,25.5,0.6369,1.299,0.487,0.53034,24.8,448.6,25.7,444.5,23.9,452.8,970,2.013,11
1137,-171.735,-28.088,-17.278,-0.016,-0.6695,-0.7427,0.0594,-0.1397,0.9884,-0.9978,-0.0369,0.0547,25.5,0.6415,1.269,0.486,0.52311,24.9,449.8,25.7,446.0,24.0,453.8,971,0.519,11
1138,-171.749,-29.357,-18.681,0.0013,-0.672,-0.7405,0.059,-0.1313,0.9896,-0.9969,-0.0589,0.0516,25.5,0.6445,1.274,0.487,0.53338,25.0,451.1,25.9,447.4,24.1,454.8,971,1.374,11
1139,-171.729,-30.632,-20.079,0.0192,-0.6758,-0.7369,0.0584,-0.1228,0.9907,-0.9955,-0.0813,0.0486,25.5,0.6459,1.297,0.492,0.56463,25.2,452.3,26.0,448.8,24.3,455.9,972,1.168,11
1140,-171.675,-31.915,-21.469,0.0382,-0.6808,-0.7314,0.0577,-0.1143,0.9918,-0.9934,-0.1049,0.0457,25.5,0.6454,1.368,0.493,0.61775,25.3,453.5,26.2,450.3,24.4,456.9,972,0.724,11
1141,-171.584,-33.207,-22.849,0.0577,-0.6835,-0.7276,0.0567,-0.1058,0.9928,-0.9907,-0.1292,0.0428,25.5,0.6468,1.411,0.494,0.60706,25.6,454.8,26.5,451.7,24.6,458.0,973,1.783,11
1142,-171.457,-34.503,-24.222,0.0771,-0.6859,-0.7236,0.0556,-0.0971,0.9937,-0.9873,-0.1534,0.0402,25.5,0.6482,1.408,0.505,0.60415,25.8,456.0,26.8,453.2,24.9,459.0,973,0.113,11
1143,-171.292,-35.804,-25.587,0.0972,-0.6893,-0.7179,0.0542,-0.0884,0.9946,-0.9833,-0.178,0.0378,25.5,0.6478,1.435,0.508,0.64086,26.1,457.3,27.1,454.6,25.1,460.1,973,2.003,11
1144,-171.088,-37.112,-26.938,0.1186,-0.6938,-0.7103,0.0526,-0.0796,0.9954,-0.9784,-0.2035,0.0355,25.5,0.6456,1.494,0.515,0.701,26.4,458.6,27.4,456.1,25.4,461.1,974,0.426,11
1145,-170.842,-38.431,-28.274,0.1419,-0.6997,-0.7003,0.0508,-0.0706,0.9962,-0.9725,-0.2305,0.0332,25.5,0.641,1.589,0.528,0.78809,26.8,459.8,27.8,457.6,25.7,462.2,974,1.469,11
1146,-170.55,-39.761,-29.588,0.1671,-0.7051,-0.6891,0.0487,-0.0615,0.9969,-0.9653,-0.2593,0.0312,25.5,0.6355,1.705,0.537,0.85085,27.2,461.1,28.3,459.1,26.1,463.2,975,0.839,11
1147,-170.209,-41.099,-30.881,0.1935,-0.7094,-0.6777,0.0464,-0.0523,0.9976,-0.9569,-0.289,0.0293,25.5,0.63,1.772,0.545,0.88043,27.7,462.4,28.8,460.6,26.5,464.3,975,1.055,11
1148,-169.816,-42.446,-32.152,0.2213,-0.7138,-0.6645,0.0437,-0.043,0.9981,-0.9472,-0.3195,0.0277,25.5,0.6229,1.836,0.556,0.9413,28.2,463.7,29.4,462.1,26.9,465.4,976,1.094,11
1149,-169.37,-43.801,-33.395,0.2502,-0.7181,-0.6494,0.0408,-0.0334,0.9986,-0.9363,-0.3502,0.0265,25.5,0.6143,1.868,0.575,0.9958,28.7,465.0,30.0,463.6,27.4,466.5,976,0.8,11
1150,-168.869,-45.164,-34.608,0.2801,-0.7224,-0.6322,0.0375,-0.0238,0.999,-0.9243,-0.3809,0.0257,25.5,0.6039,1.889,0.582,1.05252,29.3,466.3,30.7,465.1,27.9,467.5,977,1.183,11
1151,-168.309,-46.534,-35.787,0.3117,-0.7256,-0.6134,0.0339,-0.0139,0.9993,-0.9106,-0.4125,0.0252,25.5,0.5923,1.974,0.604,1.11766,30.0,467.6,31.4,466.7,28.5,468.6,977,0.711,11
1152,-167.689,-47.909,-36.929,0.3434,-0.7275,-0.594,0.03,-0.004,0.9995,-0.896,-0.4434,0.0251,25.5,0.5805,1.958,0.61,1.1269,30.7,468.9,32.2,468.2,29.1,469.7,978,1.124,11
1153,-167.01,-49.286,-38.035,0.3744,-0.7278,-0.5746,0.0257,0.0062,0.9997,-0.8806,-0.4732,0.0255,25.5,0.5693,1.922,0.634,1.10728,31.4,470.3,33.1,469.8,29.8,470.8,978,0.771,11
1154,-166.272,-50.663,-39.104,0.4052,-0.7273,-0.554,0.021,0.0164,0.9996,-0.8646,-0.5018,0.0264,25.5,0.5572,1.878,0.643,1.12207,32.3,471.6,34.0,471.3,30.5,471.9,979,0.93,11
1155,-165.476,-52.038,-40.131,0.4365,-0.7258,-0.5317,0.0159,0.0267,0.9995,-0.8476,-0.5299,0.0276,25.5,0.5439,1.883,0.659,1.16451,33.1,472.9,35.0,472.9,31.3,472.9,979,0.964,11
1156,-164.621,-53.409,-41.116,0.4674,-0.7226,-0.5093,0.0104,0.0371,0.9993,-0.8297,-0.5574,0.0293,25.5,0.5309,1.883,0.674,1.15969,34.1,474.2,36.0,474.4,32.1,474.0,980,0.617,11
1157,-163.707,-54.772,-42.059,0.498,-0.7175,-0.487,0.0045,0.0476,0.9989,-0.8109,-0.5843,0.0315,25.5,0.5184,1.885,0.69,1.15687,35.0,475.5,37.1,476.0,32.9,475.1,980,1.277,11
1158,-162.736,-56.125,-42.957,0.5286,-0.7121,-0.4621,-0.0018,0.0581,0.9983,-0.7918,-0.6098,0.034,25.5,0.5036,1.831,0.702,1.20572,36.1,476.8,38.3,477.5,33.8,476.1,981,0.197,11
1159,-161.707,-57.466,-43.808,0.5583,-0.7049,-0.4375,-0.0086,0.0686,0.9976,-0.7721,-0.6345,0.037,25.5,0.4896,1.818,0.718,1.18791,37.1,478.1,39.5,479.0,34.7,477.2,982,1.567,11
1160,-160.623,-58.792,-44.614,0.5874,-0.6957,-0.4136,-0.0158,0.0792,0.9967,-0.7515,-0.6585,0.0404,25.5,0.4766,1.823,0.736,1.17376,38.3,479.4,40.8,480.5,35.7,478.2,982,0.327,11
1161,-159.484,-60.098,-45.374,0.616,-0.685,-0.3889,-0.0234,0.0898,0.9957,-0.7302,-0.6818,0.0443,25.5,0.4632,1.823,0.75,1.18926,39.4,480.6,42.1,482.0,36.7,479.2,983,0.953,11
1162,-158.292,-61.384,-46.085,0.6437,-0.6737,-0.3629,-0.0315,0.1003,0.9945,-0.709,-0.7035,0.0485,25.5,0.4488,1.755,0.763,1.20018,40.7,481.9,43.5,483.5,37.7,480.2,983,0.941,11
1163,-157.048,-62.647,-46.748,0.6705,-0.6607,-0.3375,-0.0401,0.1108,0.993,-0.6872,-0.7245,0.0531,25.5,0.4352,1.754,0.782,1.1854,41.9,483.1,45.0,485.0,38.8,481.1,984,0.251,11
1164,-155.754,-63.883,-47.362,0.6971,-0.6456,-0.3119,-0.0492,0.1213,0.9914,-0.6642,-0.7453,0.0582,25.5,0.4218,1.801,0.801,1.20774,43.2,484.2,46.5,486.4,39.9,482.1,985,1.356,11
1165,-154.41,-65.09,-47.926,0.7231,-0.6295,-0.2844,-0.0587,0.1316,0.9896,-0.6409,-0.765,0.0638,25.5,0.4067,1.777,0.809,1.24532,44.6,485.4,48.1,487.8,41.0,483.0,985,0.538,11
1166,-153.018,-66.265,-48.438,0.7479,-0.6122,-0.2565,-0.0687,0.1419,0.9875,-0.6175,-0.7835,0.0696,25.5,0.3915,1.741,0.831,1.24581,46.0,486.5,49.7,489.1,42.2,483.8,986,0.495,11
1167,-151.58,-67.406,-48.897,0.7719,-0.5935,-0.2278,-0.0791,0.152,0.9852,-0.5936,-0.8012,0.0759,25.5,0.3757,1.742,0.841,1.26656,47.4,487.6,51.3,490.5,43.4,484.7,986,1.398,11
1168,-150.097,-68.51,-49.3,0.7952,-0.5731,-0.1979,-0.0899,0.1619,0.9827,-0.569,-0.8181,0.0827,25.5,0.3587,1.754,0.852,1.30354,48.9,488.7,53.1,491.8,44.6,485.5,987,0.429,11
1169,-148.571,-69.575,-49.645,0.8171,-0.5517,-0.1674,-0.1011,0.1715,0.98,-0.5446,-0.8339,0.0898,25.5,0.3413,1.715,0.859,1.30864,50.4,489.7,54.8,493.0,45.9,486.3,988,0.491,11
1170,-147.005,-70.598,-49.933,0.8373,-0.5294,-0.1368,-0.1127,0.181,0.977,-0.5205,-0.8483,0.0971,25.5,0.3238,1.662,0.876,1.29946,52.0,490.7,56.6,494.2,47.2,487.1,989,1.367,11
1171,-145.403,-71.578,-50.163,0.8558,-0.5063,-0.1061,-0.1246,0.1901,0.9738,-0.4967,-0.8616,0.1047,25.5,0.3062,1.622,0.878,1.29127,53.5,491.6,58.5,495.4,48.5,487.8,989,0.526,11
1172,-143.767,-72.513,-50.335,0.8729,-0.482,-0.075,-0.1368,0.199,0.9704,-0.4729,-0.8739,0.1126,25.5,0.2881,1.6,0.887,1.30251,55.1,492.5,60.3,496.5,49.8,488.5,990,0.319,11
1173,-142.1,-73.402,-50.447,0.8886,-0.4565,-0.0434,-0.1493,0.2076,0.9668,-0.449,-0.8854,0.1208,25.5,0.2694,1.591,0.893,1.31833,56.8,493.4,62.2,497.5,51.2,489.1,991,1.137,11
1174,-140.405,-74.24,-50.498,0.9029,-0.4298,-0.011,-0.162,0.2157,0.9629,-0.4249,-0.896,0.1293,25.5,0.2496,1.585,0.892,1.34304,58.4,494.2,64.2,498.5,52.5,489.8,991,0.755,11
1175,-138.684,-75.028,-50.489,0.9149,-0.4031,0.0204,-0.1749,0.2236,0.9589,-0.4019,-0.9053,0.1378,25.5,0.2306,1.503,0.896,1.29989,60.1,495.0,66.1,499.5,53.9,490.3,992,0.046,11
1176,-136.943,-75.766,-50.422,0.925,-0.3766,0.05,-0.1879,0.231,0.9546,-0.3798,-0.9134,0.1463,25.5,0.2131,1.434,0.892,1.2413,61.8,495.7,68.1,500.4,55.3,490.9,993,0.833,11
1177,-135.184,-76.454,-50.301,0.9335,-0.3498,0.0788,-0.201,0.238,0.9502,-0.3581,-0.9207,0.1549,25.5,0.196,1.401,0.888,1.21876,63.5,496.4,70.1,501.2,56.7,491.4,993,1.06,11
1178,-133.411,-77.09,-50.124,0.9404,-0.3225,0.1082,-0.2141,0.2447,0.9457,-0.3368,-0.9272,0.1636,25.5,0.1779,1.37,0.882,1.23266,65.2,497.0,72.1,502.0,58.1,491.8,994,0.28,11
1179,-131.626,-77.674,-49.892,0.9459,-0.2939,0.137,-0.2273,0.2509,0.9409,-0.315,-0.9332,0.1728,25.5,0.1598,1.399,0.88,1.24026,66.9,497.6,74.1,502.8,59.5,492.3,995,0.502,11
1180,-129.831,-78.202,-49.605,0.9502,-0.2638,0.1657,-0.2404,0.2568,0.9361,-0.2925,-0.9387,0.1824,25.5,0.1411,1.437,0.868,1.26616,68.7,498.1,76.2,503.4,61.0,492.6,996,1.289,11
1181,-128.031,-78.673,-49.265,0.9526,-0.2347,0.1937,-0.2534,0.2623,0.9311,-0.2714,-0.9432,0.1918,25.5,0.1226,1.348,0.858,1.22499,70.4,498.6,78.2,504.0,62.4,493.0,996,0.604,11
1182,-126.227,-79.089,-48.872,0.9536,-0.204,0.2216,-0.2663,0.2674,0.9261,-0.2495,-0.9471,0.2017,25.5,0.1033,1.395,0.845,1.25643,72.1,499.0,80.2,504.6,63.8,493.3,997,0.198,11
1183,-124.422,-79.444,-48.426,0.9531,-0.1714,0.2495,-0.279,0.2721,0.9209,-0.2266,-0.9506,0.2122,25.5,0.0828,1.457,0.831,1.2994,73.8,499.4,82.2,505.1,65.3,493.5,998,1.02,11
1184,-122.621,-79.738,-47.928,0.9506,-0.1391,0.2774,-0.2915,0.2763,0.9158,-0.2044,-0.9532,0.2226,25.5,0.0615,1.413,0.81,1.29463,75.6,499.7,84.2,505.5,66.7,493.7,998,0.873,11
1185,-120.825,-79.971,-47.378,0.9468,-0.1073,0.3035,-0.3038,0.2803,0.9106,-0.1829,-0.9551,0.2329,25.5,0.0413,1.37,0.799,1.25104,77.3,499.9,86.2,505.8,68.1,493.9,999,0.024,11
1186,-119.038,-80.144,-46.781,0.9421,-0.0757,0.3268,-0.3158,0.2838,0.9054,-0.1614,-0.9564,0.2435,25.5,0.0231,1.376,0.776,1.19733,79.0,500.1,88.2,506.1,69.6,494.0,1000,0.865,11
1187,-117.26,-80.258,-46.142,0.936,-0.0456,0.3489,-0.3275,0.287,0.9002,-0.1412,-0.9569,0.2537,25.5,0.0055,1.297,0.756,1.14567,80.7,500.3,90.1,506.3,71.0,494.0,1000,1.028,11
1188,-115.496,-80.318,-45.459,0.9282,-0.0173,0.3718,-0.3388,0.2899,0.8951,-0.1233,-0.9568,0.2633,25.5,0.0133,1.164,0.73,1.12732,82.3,500.3,92.1,506.5,72.4,494.0,1001,0.101,11
1189,-113.746,-80.323,-44.739,0.9216,0.0113,0.3881,-0.3499,0.2925,0.89,-0.1035,-0.9563,0.2736,25.5,0.0262,1.279,0.716,1.01655,84.0,500.4,94.0,506.6,73.8,494.0,1002,0.867,11
1190,-112.008,-80.275,-43.994,0.9165,0.0396,0.3981,-0.3607,0.2948,0.8849,-0.0824,-0.9551,0.2846,25.5,0.0334,1.365,0.697,0.92183,85.7,500.4,95.9,506.7,75.2,493.9,1002,1.026,11
1191,-110.278,-80.175,-43.233,0.9099,0.0655,0.4097,-0.3711,0.2969,0.8798,-0.0641,-0.9534,0.2947,25.5,0.0422,1.202,0.674,0.88224,87.3,500.3,97.7,506.7,76.6,493.8,1003,0.037,11
1192,-108.564,-80.029,-42.444,0.9023,0.0886,0.4219,-0.3813,0.2988,0.8748,-0.0487,-0.9515,0.3037,25.5,0.0515,1.028,0.66,0.82363,88.9,500.2,99.6,506.6,78.0,493.6,1004,0.967,11
1193,-106.861,-79.84,-41.64,0.8973,0.1116,0.4271,-0.3913,0.3004,0.8699,-0.0313,-0.949,0.3136,25.5,0.0539,1.156,0.645,0.72985,90.6,500.0,101.4,506.5,79.4,493.4,1004,0.926,11
1194,-105.166,-79.606,-40.832,0.8944,0.1357,0.4262,-0.401,0.3018,0.8649,-0.0113,-0.9457,0.3248,25.5,0.0509,1.327,0.63,0.73542,92.2,499.8,103.3,506.4,80.8,493.2,1005,0.07,11
1195,-103.475,-79.325,-40.031,0.8934,0.162,0.4191,-0.4105,0.3031,0.86,0.0123,-0.9412,0.3376,25.5,0.0428,1.56,0.617,0.82535,93.8,499.6,105.1,506.2,82.2,492.9,1006,1.038,11
1196,-101.791,-78.996,-39.233,0.8865,0.1858,0.4237,-0.4197,0.3042,0.8552,0.0301,-0.937,0.3481,25.5,0.0468,1.208,0.598,0.76316,95.4,499.3,106.9,505.9,83.6,492.6,1006,0.855,11
1197,-100.118,-78.622,-38.431,0.8819,0.2093,0.4223,-0.4288,0.3051,0.8503,0.0491,-0.932,0.3592,25.5,0.0448,1.293,0.594,0.72625,97.0,499.0,108.7,505.6,85.0,492.2,1007,0.074,11
1198,-98.451,-78.203,-37.638,0.8796,0.2335,0.4144,-0.4376,0.306,0.8455,0.0707,-0.9257,0.3716,25.5,0.0369,1.472,0.577,0.77395,98.6,498.6,110.5,505.3,86.4,491.8,1008,0.938,11
1199,-96.787,-77.737,-36.867,0.8794,0.2593,0.3993,-0.4463,0.3066,0.8407,0.0956,-0.9178,0.3855,25.5,0.0227,1.695,0.57,0.90513,100.2,498.2,112.3,504.9,87.8,491.3,1008,0.955,11
1200,-95.123,-77.22,-36.13,0.8783,0.2875,0.382,-0.4547,0.3072,0.836,0.123,-0.908,0.4006,25.5,0.0083,1.878,0.553,1.00234,101.7,497.7,114.1,504.4,89.2,490.8,1009,0.167,11
1201,-93.465,-76.649,-35.419,0.874,0.3159,0.3693,-0.463,0.3077,0.8313,0.149,-0.8975,0.4152,25.5,0.0005,1.811,0.547,0.95092,103.3,497.2,115.8,503.9,90.6,490.3,1010,0.534,11
1202,-91.814,-76.025,-34.736,0.8709,0.3429,0.3521,-0.471,0.3081,0.8266,0.175,-0.8858,0.4298,25.5,0.0135,1.835,0.532,0.97383,104.9,496.6,117.6,503.4,92.0,489.7,1011,1.148,11
1203,-90.168,-75.352,-34.089,0.8692,0.3675,0.3309,-0.4789,0.3084,0.8219,0.2001,-0.8733,0.4442,25.5,0.031,1.806,0.527,0.98466,106.5,496.0,119.4,502.7,93.4,489.0,1011,0.745,11
1204,-88.524,-74.636,-33.485,0.8673,0.3909,0.3083,-0.4865,0.3086,0.8174,0.2247,-0.8599,0.4584,25.5,0.0493,1.8,0.506,0.9867,108.1,495.3,121.1,502.1,94.8,488.3,1012,0.217,11
1205,-86.889,-73.87,-32.918,0.8612,0.4173,0.29,-0.4939,0.3088,0.8128,0.2501,-0.8448,0.473,25.5,0.0608,1.889,0.499,0.98999,109.7,494.5,122.9,501.4,96.2,487.6,1013,0.223,11
1206,-85.262,-73.06,-32.389,0.8578,0.4384,0.2684,-0.501,0.3091,0.8084,0.2722,-0.8304,0.4862,25.5,0.0773,1.69,0.479,0.92003,111.2,493.8,124.6,500.6,97.6,486.8,1014,0.574,11
1207,-83.64,-72.214,-31.905,0.8569,0.4547,0.2429,-0.5079,0.3093,0.804,0.2919,-0.8163,0.4984,25.5,0.0993,1.554,0.469,0.91671,112.8,493.0,126.3,499.8,99.0,485.9,1015,0.835,11
1208,-82.018,-71.342,-31.473,0.8585,0.4666,0.2127,-0.5144,0.3097,0.7996,0.3097,-0.8024,0.5101,25.5,0.127,1.457,0.45,0.98403,114.4,492.1,128.0,499.0,100.4,485.1,1016,1.0,11
1209,-80.396,-70.443,-31.095,0.8552,0.4833,0.1869,-0.5208,0.3102,0.7953,0.33,-0.7861,0.5227,25.5,0.1468,1.657,0.443,0.93597,116.0,491.2,129.7,498.2,101.9,484.2,1016,0.892,11
1210,-78.78,-69.514,-30.767,0.8524,0.4981,0.1594,-0.5268,0.3109,0.7911,0.3494,-0.7692,0.535,25.5,0.1681,1.634,0.422,0.94937,117.5,490.3,131.5,497.3,103.3,483.2,1017,0.825,11
1211,-77.169,-68.559,-30.494,0.8504,0.5103,0.1283,-0.5326,0.3118,0.7869,0.3684,-0.7516,0.5472,25.5,0.1929,1.64,0.414,1.01329,119.1,489.4,133.2,496.4,104.8,482.3,1018,0.857,11
1212,-75.561,-67.584,-30.284,0.8491,0.5201,0.0925,-0.5381,0.3129,0.7827,0.3878,-0.7325,0.5595,25.5,0.2218,1.712,0.401,1.12449,120.7,488.5,134.8,495.5,106.2,481.3,1020,0.671,11
1213,-73.954,-66.593,-30.149,0.8483,0.5271,0.05,-0.5434,0.3142,0.7784,0.4083,-0.7113,0.5721,25.5,0.2564,1.838,0.398,1.30453,122.3,487.5,136.5,494.6,107.7,480.2,1021,0.343,11
1214,-72.353,-65.586,-30.091,0.8432,0.5375,0.0125,-0.5484,0.316,0.7742,0.4298,-0.6877,0.5851,25.5,0.2829,1.975,0.388,1.18854,123.8,486.5,138.2,493.7,109.2,479.2,1022,0.086,11
1215,-70.766,-64.556,-30.096,0.8333,0.5526,-0.0164,-0.553,0.3183,0.77,0.4511,-0.6626,0.5979,25.501,0.2976,2.024,0.38,1.03177,125.4,485.5,139.9,492.7,110.6,478.1,1023,0.606,11
1216,-69.202,-63.492,-30.147,0.8196,0.5719,-0.0355,-0.5571,0.3214,0.7658,0.471,-0.6371,0.6101,25.501,0.3,1.981,0.38,0.92088,126.9,484.4,141.5,491.8,112.1,477.0,1025,0.05,11
1217,-67.666,-62.394,-30.273,0.8036,0.5878,-0.0932,-0.5606,0.3254,0.7615,0.5063,-0.593,0.6261,25.502,0.3302,3.364,0.392,1.87624,128.5,483.4,143.1,490.8,113.5,475.8,1027,0.141,11
1218,-66.158,-61.269,-30.473,0.7914,0.601,-0.1115,-0.5636,0.33,0.7572,0.5216,-0.5687,0.636,25.502,0.3321,1.74,0.4,0.77665,129.9,482.2,144.6,489.8,115.0,474.5,1029,0.118,11
1219,-64.668,-60.119,-30.67,0.784,0.6143,-0.0891,-0.5662,0.3349,0.7531,0.5172,-0.5671,0.6411,25.502,0.3053,0.397,0.395,0.81999,131.4,481.1,146.1,488.8,116.4,473.3,1031,0.072,11
1220,-63.188,-58.944,-30.782,0.7786,0.6271,-0.0235,-0.5685,0.3399,0.7492,0.4931,-0.5881,0.641,25.503,0.2471,1.832,0.386,2.03079,132.9,480.0,147.6,487.8,117.8,472.0,1033,0.198,11
1221,-61.73,-57.739,-30.803,0.7634,0.646,0.0032,-0.5705,0.3447,0.7455,0.4915,-0.584,0.6461,25.503,0.2105,0.386,0.366,1.09226,134.3,478.8,149.1,486.7,119.2,470.6,1034,0.554,11
1222,-60.295,-56.506,-30.761,0.7545,0.6549,0.0439,-0.5722,0.3491,0.7421,0.4776,-0.5937,0.6476,25.503,0.1705,0.975,0.333,1.28998,135.7,477.6,150.5,485.7,120.6,469.3,1036,0.16,11
1223,-58.871,-55.267,-30.63,0.7521,0.652,0.0962,-0.5739,0.3532,0.7389,0.4516,-0.6161,0.6453,25.503,0.1303,1.971,0.313,1.58786,137.1,476.3,151.9,484.6,122.0,468.0,1037,0.263,11
1224,-57.449,-54.041,-30.396,0.7485,0.6464,0.148,-0.5755,0.3568,0.7358,0.4246,-0.6386,0.6418,25.502,0.0912,2.024,0.287,1.58159,138.5,475.1,153.4,483.5,123.3,466.7,1038,0.565,11
1225,-56.04,-52.82,-30.073,0.7409,0.6432,0.1933,-0.5772,0.3601,0.7329,0.4024,-0.6556,0.639,25.502,0.0544,1.61,0.27,1.39427,139.9,474.0,154.8,482.4,124.7,465.4,1039,0.742,11
1226,-54.644,-51.608,-29.667,0.7337,0.6374,0.2353,-0.5788,0.3631,0.7302,0.38,-0.6721,0.6355,25.501,0.0214,1.607,0.249,1.30232,141.2,472.8,156.2,481.3,126.0,464.1,1040,0.788,11
1227,-53.262,-50.409,-29.184,0.7272,0.6295,0.2738,-0.5804,0.3658,0.7276,0.3578,-0.688,0.6314,25.5,0.0074,1.582,0.234,1.20625,142.6,471.6,157.5,480.2,127.3,462.8,1041,0.695,11
1228,-51.894,-49.225,-28.633,0.7188,0.6229,0.3088,-0.5819,0.3683,0.725,0.3381,-0.7013,0.6276,25.499,0.035,1.379,0.224,1.10804,143.9,470.5,158.9,479.1,128.6,461.6,1042,0.454,11
1229,-50.541,-48.053,-28.016,0.7102,0.6152,0.3422,-0.5835,0.3707,0.7226,0.3183,-0.7142,0.6234,25.498,0.0609,1.375,0.215,1.06995,145.2,469.3,160.2,478.1,129.9,460.4,1043,0.058,11
1230,-49.205,-46.897,-27.338,0.702,0.6056,0.3747,-0.585,0.3728,0.7203,0.2976,-0.7274,0.6183,25.496,0.085,1.437,0.198,1.05578,146.5,468.2,161.6,477.0,131.2,459.2,1044,0.509,11
1231,-47.884,-45.762,-26.599,0.6939,0.5943,0.4066,-0.5865,0.3749,0.718,0.2759,-0.741,0.6122,25.495,0.1078,1.508,0.198,1.05365,147.8,467.1,162.9,476.0,132.5,458.0,1045,1.257,11
1232,-46.579,-44.648,-25.8,0.6852,0.5825,0.4373,-0.5879,0.3768,0.7158,0.2544,-0.7539,0.6057,25.493,0.1297,1.484,0.185,1.03008,149.1,466.0,164.2,475.0,133.7,456.9,1045,0.635,11
1233,-45.292,-43.556,-24.945,0.6756,0.5719,0.4653,-0.5893,0.3786,0.7137,0.2347,-0.7651,0.5996,25.491,0.1505,1.345,0.178,0.95203,150.3,465.0,165.4,474.0,134.9,455.8,1046,0.309,11
1234,-44.022,-42.484,-24.04,0.6665,0.5607,0.4913,-0.5906,0.3803,0.7117,0.2153,-0.7757,0.5932,25.489,0.1693,1.319,0.168,0.9004,151.6,463.9,166.7,473.0,136.1,454.7,1047,1.465,11
1235,-42.768,-41.434,-23.087,0.6579,0.5493,0.5152,-0.5919,0.3819,0.7097,0.1966,-0.7856,0.5867,25.486,0.186,1.268,0.165,0.84294,152.8,462.9,167.9,472.0,137.3,453.6,1047,0.428,11
1236,-41.531,-40.405,-22.091,0.6499,0.538,0.5368,-0.5932,0.3835,0.7079,0.1786,-0.7947,0.5802,25.484,0.2008,1.214,0.157,0.77689,154.0,461.9,169.2,471.1,138.5,452.6,1048,0.957,11
1237,-40.308,-39.398,-21.056,0.6411,0.5261,0.5588,-0.5944,0.3849,0.706,0.1601,-0.8037,0.573,25.482,0.2159,1.249,0.152,0.80273,155.2,460.9,170.4,470.2,139.6,451.5,1048,0.936,11
1238,-39.107,-38.415,-19.974,0.629,0.5129,0.5842,-0.5956,0.3864,0.7043,0.1394,-0.8137,0.5643,25.479,0.235,1.408,0.147,0.94103,156.3,460.0,171.6,469.3,140.8,450.5,1049,0.695,11
1239,-37.926,-37.455,-18.849,0.62,0.5019,0.6031,-0.5967,0.3877,0.7025,0.1226,-0.8212,0.5574,25.476,0.2483,1.126,0.142,0.71603,157.5,459.1,172.7,468.4,141.9,449.6,1049,1.199,11
1240,-36.759,-36.514,-17.695,0.6142,0.4935,0.6158,-0.5978,0.3891,0.7009,0.11,-0.8263,0.5525,25.473,0.2565,0.828,0.137,0.49336,158.6,458.2,173.9,467.5,143.0,448.6,1050,0.699,11
1241,-35.599,-35.586,-16.522,0.6116,0.4876,0.6231,-0.5989,0.3903,0.6993,0.1013,-0.8293,0.5496,25.47,0.2598,0.553,0.131,0.29484,159.7,457.3,175.0,466.7,144.1,447.7,1050,1.199,11
1242,-34.443,-34.667,-15.34,0.6117,0.4841,0.6256,-0.5999,0.3916,0.6977,0.096,-0.8305,0.5487,25.467,0.2591,0.316,0.131,0.13027,160.8,456.4,176.2,465.8,145.2,446.7,1051,0.966,11
1243,-33.283,-33.752,-14.156,0.6142,0.4826,0.6244,-0.6009,0.3928,0.6961,0.0938,-0.8302,0.5495,25.464,0.2551,0.135,0.128,0.09543,162.0,455.5,177.3,465.0,146.3,445.8,1051,0.929,11
1244,-32.123,-32.844,-12.972,0.6105,0.4761,0.6329,-0.6019,0.394,0.6946,0.0842,-0.8336,0.5459,25.461,0.2597,0.619,0.124,0.34321,163.1,454.6,178.5,464.2,147.4,444.9,1052,1.443,11
1245,-30.971,-31.949,-11.762,0.6053,0.469,0.6431,-0.6028,0.3952,0.6931,0.0736,-0.8375,0.5415,25.457,0.2662,0.695,0.122,0.4073,164.2,453.7,179.6,463.3,148.5,444.0,1052,0.455,11
1246,-29.829,-31.067,-10.54,0.6025,0.4645,0.649,-0.6037,0.3964,0.6917,0.0665,-0.8396,0.5392,25.454,0.2693,0.444,0.118,0.24025,165.3,452.9,180.8,462.5,149.6,443.1,1053,2.048,11
1247,-28.69,-30.19,-9.308,0.6015,0.4617,0.6519,-0.6046,0.3976,0.6902,0.0618,-0.8405,0.5383,25.451,0.2698,0.279,0.122,0.12573,166.5,452.0,181.9,461.7,150.7,442.2,1053,0.168,11
1248,-27.551,-29.318,-8.073,0.602,0.4604,0.6523,-0.6055,0.3988,0.6887,0.0591,-0.8405,0.5386,25.447,0.2683,0.156,0.122,0.04385,167.6,451.2,183.0,460.9,151.8,441.3,1053,1.74,11
1249,-26.41,-28.446,-6.84,0.604,0.4604,0.6506,-0.6063,0.4,0.6873,0.0583,-0.8396,0.54,25.444,0.2651,0.106,0.115,0.0794,168.7,450.3,184.2,460.1,152.9,440.4,1054,0.811,11
1250,-25.264,-27.574,-5.612,0.6076,0.4616,0.6464,-0.6072,0.4012,0.6858,0.0593,-0.8379,0.5426,25.441,0.2596,0.187,0.122,0.17138,169.8,449.5,185.3,459.3,154.0,439.5,1054,1.084,11
1251,-24.108,-26.698,-4.394,0.6131,0.4643,0.6392,-0.608,0.4024,0.6844,0.0626,-0.8351,0.5466,25.438,0.2515,0.338,0.115,0.28605,171.0,448.6,186.5,458.5,155.1,438.6,1055,1.436,11
1252,-22.94,-25.815,-3.194,0.6212,0.4689,0.6279,-0.6088,0.4037,0.6829,0.0688,-0.8307,0.5524,25.435,0.2399,0.548,0.123,0.44308,172.1,447.8,187.6,457.7,156.3,437.7,1055,0.458,11
1253,-21.756,-24.922,-2.023,0.6333,0.4764,0.6099,-0.6096,0.405,0.6815,0.0796,-0.824,0.5609,25.432,0.2225,0.876,0.119,0.69574,173.3,446.9,188.8,456.8,157.4,436.7,1056,1.963,11
1254,-20.541,-24.01,-0.893,0.6489,0.4856,0.5857,-0.6104,0.4064,0.68,0.0941,-0.8151,0.5716,25.429,0.1995,1.152,0.126,0.91521,174.5,446.0,190.0,456.0,158.6,435.8,1056,0.072,11
1255,-19.304,-23.088,0.202,0.6594,0.4897,0.5705,-0.6111,0.4078,0.6784,0.1013,-0.8097,0.578,25.426,0.1838,0.633,0.128,0.57282,175.7,445.1,191.3,455.1,159.8,434.8,1056,1.823,11
1256,-18.044,-22.156,1.263,0.6719,0.4955,0.5504,-0.6118,0.4092,0.6769,0.1117,-0.8025,0.5861,25.424,0.1643,0.861,0.124,0.7378,176.9,444.2,192.5,454.3,161.1,433.9,1057,0.427,11
1257,-16.759,-21.211,2.281,0.6866,0.5034,0.5245,-0.6126,0.4108,0.6753,0.1257,-0.7928,0.5963,25.422,0.1404,1.138,0.137,0.933,178.2,443.2,193.8,453.4,162.3,432.9,1057,1.469,11
1258,-15.444,-20.249,3.244,0.7031,0.5136,0.4919,-0.6132,0.4124,0.6737,0.144,-0.7802,0.6087,25.42,0.1121,1.458,0.134,1.14872,179.5,442.3,195.1,452.5,163.6,431.9,1058,0.551,11
1259,-14.097,-19.266,4.138,0.7207,0.5256,0.4521,-0.6139,0.4142,0.672,0.1665,-0.7642,0.6231,25.419,0.0791,1.784,0.147,1.36691,180.9,441.3,196.5,451.6,164.9,430.8,1058,1.345,11
1260,-12.714,-18.26,4.949,0.7412,0.5372,0.4026,-0.6145,0.416,0.6703,0.1927,-0.7447,0.6389,25.418,0.0379,2.079,0.146,1.66025,182.3,440.3,197.9,450.6,166.3,429.8,1059,0.412,11
1261,-11.292,-17.233,5.656,0.7616,0.549,0.3444,-0.6151,0.418,0.6685,0.2231,-0.721,0.6561,25.417,0.0087,2.419,0.158,1.90169,183.7,439.3,199.3,449.7,167.7,428.7,1059,1.482,11
1262,-9.835,-16.184,6.252,0.7781,0.559,0.2864,-0.6157,0.4201,0.6667,0.2528,-0.6961,0.672,25.417,0.0533,2.4,0.162,1.85134,185.1,438.2,200.8,448.7,169.2,427.6,1060,0.04,11
1263,-8.347,-15.118,6.731,0.7939,0.5675,0.2184,-0.6162,0.4223,0.6648,0.2866,-0.666,0.6887,25.417,0.1044,2.764,0.169,2.12999,186.6,437.2,202.3,447.7,170.7,426.4,1061,1.371,11
1264,-6.833,-14.038,7.081,0.8049,0.5733,0.1529,-0.6166,0.4247,0.6629,0.3188,-0.6352,0.7035,25.418,0.1515,2.69,0.177,2.01938,188.1,436.1,203.8,446.7,172.2,425.3,1061,0.522,11
1265,-5.303,-12.949,7.315,0.8112,0.5769,0.0956,-0.6169,0.4273,0.6609,0.3468,-0.6063,0.7157,25.42,0.1907,2.409,0.189,1.74913,189.7,435.0,205.3,445.7,173.7,424.1,1062,0.665,11
1266,-3.763,-11.856,7.437,0.8154,0.5779,0.0334,-0.6172,0.43,0.6589,0.3768,-0.5737,0.7273,25.422,0.2328,2.624,0.193,1.88838,191.2,433.9,206.9,444.7,175.3,422.9,1062,1.229,11
1267,-2.219,-10.762,7.442,0.8158,0.5777,-0.0274,-0.6174,0.4328,0.6568,0.4066,-0.5392,0.7375,25.425,0.2716,2.677,0.201,1.84149,192.8,432.8,208.4,443.7,176.8,421.8,1063,0.16,11
1268,-0.678,-9.67,7.336,0.8132,0.5758,-0.0849,-0.6176,0.4358,0.6548,0.435,-0.5043,0.7459,25.428,0.3069,2.623,0.207,1.74399,194.3,431.7,209.9,442.6,178.4,420.6,1064,0.828,11
1269,0.857,-8.585,7.123,0.8085,0.5717,-0.1398,-0.6176,0.4389,0.6526,0.4619,-0.4692,0.7527,25.431,0.3396,2.564,0.218,1.67327,195.9,430.6,211.5,441.6,180.0,419.4,1064,1.066,11
1270,2.38,-7.506,6.809,0.8006,0.5678,-0.1914,-0.6176,0.4422,0.6505,0.4882,-0.4329,0.7578,25.435,0.3679,2.585,0.224,1.58524,197.4,429.5,213.0,440.7,181.5,418.2,1065,0.16,11
1271,3.886,-6.435,6.401,0.7909,0.5637,-0.238,-0.6174,0.4456,0.6483,0.5124,-0.3975,0.7612,25.439,0.3914,2.465,0.232,1.44668,198.9,428.5,214.5,439.7,183.0,417.0,1066,0.68,11
1272,5.375,-5.376,5.91,0.7821,0.5561,-0.281,-0.6171,0.4492,0.646,0.5335,-0.3646,0.7632,25.443,0.4144,2.242,0.245,1.349,200.4,427.4,216.0,438.7,184.5,415.9,1066,1.213,11
1273,6.844,-4.328,5.341,0.7704,0.5519,-0.3191,-0.6168,0.453,0.6437,0.5538,-0.3315,0.7638,25.448,0.4306,2.225,0.255,1.21362,201.9,426.3,217.4,437.8,186.0,414.7,1067,0.449,12
1274,8.29,-3.285,4.706,0.7573,0.5508,-0.351,-0.6163,0.4569,0.6414,0.5721,-0.3,0.7634,25.452,0.4402,2.087,0.261,1.04469,203.3,425.3,218.8,436.8,187.5,413.6,1068,0.241,12
1275,9.709,-2.244,4.014,0.7428,0.5474,-0.3855,-0.6157,0.461,0.639,0.5911,-0.266,0.7615,25.457,0.4513,2.234,0.274,1.13824,204.7,424.2,220.2,435.9,189.0,412.4,1069,0.855,12
1276,11.102,-1.217,3.247,0.7295,0.5388,-0.4214,-0.615,0.4653,0.6366,0.6093,-0.232,0.7582,25.462,0.4662,2.218,0.285,1.18776,206.1,423.2,221.6,435.0,190.4,411.3,1069,1.039,12
1277,12.473,-0.2,2.43,0.7199,0.5367,-0.44,-0.6142,0.4697,0.6341,0.6194,-0.2109,0.7562,25.467,0.4691,1.345,0.294,0.63682,207.5,422.2,222.9,434.1,191.8,410.1,1070,0.507,12
1278,13.829,0.818,1.588,0.713,0.5402,-0.447,-0.6133,0.4744,0.6315,0.6243,-0.1987,0.7555,25.472,0.4633,0.754,0.312,0.31588,208.8,421.2,224.2,433.2,193.2,409.0,1071,0.089,12
1279,15.174,1.849,0.744,0.7079,0.5495,-0.4437,-0.6122,0.4792,0.6289,0.6248,-0.1943,0.7562,25.476,0.4491,0.257,0.319,0.33624,210.2,420.2,225.5,432.3,194.6,407.8,1072,0.315,12
1280,16.51,2.903,-0.083,0.7042,0.5666,-0.4279,-0.611,0.4843,0.6262,0.6205,-0.1982,0.7588,25.481,0.4238,0.364,0.338,0.71372,211.5,419.1,226.8,431.4,195.9,406.6,1073,0.572,12
1281,17.833,3.989,-0.888,0.6933,0.5783,-0.43,-0.6097,0.4896,0.6233,0.6253,-0.1862,0.7578,25.485,0.4076,0.743,0.354,0.48842,212.8,418.0,228.1,430.4,197.3,405.4,1074,0.728,12
1282,19.136,5.093,-1.705,0.684,0.5888,-0.4307,-0.6082,0.4952,0.6204,0.6288,-0.1765,0.7573,25.489,0.3916,0.592,0.371,0.42523,214.1,416.9,229.3,429.5,198.7,404.1,1075,0.766,12
1283,20.426,6.221,-2.508,0.6801,0.6043,-0.415,-0.6066,0.501,0.6173,0.6243,-0.1807,0.76,25.493,0.366,0.385,0.388,0.67822,215.4,415.8,230.5,428.5,200.0,402.9,1076,0.684,12
1284,21.714,7.384,-3.262,0.6821,0.6261,-0.3779,-0.6049,0.5069,0.6142,0.6096,-0.2014,0.7667,25.496,0.3273,1.504,0.394,1.30454,216.7,414.6,231.7,427.5,201.3,401.6,1077,0.5,12
1285,23.009,8.596,-3.922,0.6831,0.6553,-0.3224,-0.603,0.513,0.6109,0.588,-0.2317,0.775,25.499,0.2727,2.185,0.412,1.89925,218.0,413.4,233.0,426.4,202.7,400.2,1078,0.232,12
1286,24.295,9.864,-4.485,0.6772,0.6843,-0.2703,-0.6011,0.5192,0.6075,0.5696,-0.255,0.7814,25.501,0.216,1.74,0.42,1.81497,219.2,412.2,234.2,425.3,204.0,398.8,1079,0.104,12
1287,25.577,11.177,-4.942,0.6804,0.7011,-0.2132,-0.5992,0.5253,0.6042,0.5434,-0.2875,0.7888,25.502,0.1682,2.429,0.412,1.80553,220.5,410.9,235.4,424.2,205.4,397.3,1080,0.492,12
1288,26.874,12.509,-5.299,0.6865,0.7083,-0.1646,-0.5973,0.5311,0.6009,0.5176,-0.317,0.7947,25.504,0.1328,2.271,0.398,1.49909,221.8,409.5,236.6,423.0,206.7,395.8,1082,0.526,12
1289,28.171,13.86,-5.565,0.6857,0.7185,-0.1165,-0.5956,0.5366,0.5978,0.4941,-0.342,0.7993,25.504,0.0925,1.984,0.375,1.48919,223.1,408.2,237.9,421.8,208.1,394.3,1083,0.071,12
1290,29.472,15.224,-5.741,0.6893,0.721,-0.0707,-0.594,0.5416,0.5948,0.468,-0.3687,0.8032,25.504,0.061,2.151,0.346,1.39327,224.4,406.8,239.1,420.6,209.4,392.8,1084,0.379,12
1291,30.782,16.585,-5.834,0.6964,0.7171,-0.0284,-0.5927,0.5462,0.5919,0.4402,-0.3957,0.806,25.504,0.0379,2.226,0.32,1.30415,225.7,405.5,240.4,419.4,210.7,391.3,1086,0.642,12
1292,32.103,17.94,-5.853,0.6989,0.7152,0.0086,-0.5917,0.5502,0.5892,0.4167,-0.4169,0.8078,25.504,0.015,1.816,0.282,1.12437,227.0,404.1,241.7,418.1,212.1,389.9,1087,0.223,12
1293,33.428,19.291,-5.803,0.7005,0.7124,0.0435,-0.591,0.5537,0.5867,0.3938,-0.4367,0.8088,25.504,0.006,1.736,0.25,1.06122,228.3,402.8,242.9,416.9,213.4,388.4,1088,0.182,12
1294,34.754,20.635,-5.689,0.7019,0.7081,0.0767,-0.5905,0.5567,0.5842,0.3711,-0.4555,0.8092,25.503,0.0245,1.689,0.226,1.01452,229.6,401.4,244.3,415.6,214.8,387.0,1089,0.573,12
1295,36.084,21.97,-5.514,0.7032,0.7027,0.1082,-0.5903,0.5593,0.5819,0.3487,-0.4735,0.8089,25.503,0.0409,1.647,0.199,0.96854,231.0,400.1,245.6,414.4,216.1,385.6,1091,0.587,12
1296,37.416,23.295,-5.281,0.7036,0.6971,0.1376,-0.5905,0.5616,0.5797,0.3273,-0.4899,0.808,25.503,0.0558,1.546,0.183,0.90633,232.3,398.8,246.9,413.1,217.5,384.2,1092,0.246,12
1297,38.747,24.609,-4.995,0.7031,0.692,0.1638,-0.5908,0.5634,0.5774,0.308,-0.504,0.8069,25.502,0.0691,1.371,0.168,0.80828,233.6,397.5,248.2,411.9,218.8,382.8,1093,0.078,12
1298,40.077,25.914,-4.662,0.7024,0.6867,0.1873,-0.5915,0.565,0.5753,0.2901,-0.5166,0.8056,25.502,0.0803,1.256,0.156,0.7296,235.0,396.2,249.6,410.6,220.1,381.5,1094,0.387,12
1299,41.405,27.208,-4.287,0.7016,0.6814,0.2085,-0.5923,0.5663,0.5732,0.2736,-0.5277,0.8041,25.502,0.0898,1.143,0.149,0.66208,236.3,394.9,250.9,409.4,221.5,380.1,1095,0.681,12
1300,42.732,28.493,-3.874,0.7008,0.6761,0.2276,-0.5934,0.5673,0.571,0.2582,-0.5378,0.8026,25.501,0.0977,1.059,0.152,0.60066,237.6,393.6,252.3,408.1,222.8,378.8,1097,0.661,12
1301,44.058,29.767,-3.427,0.7,0.6709,0.2449,-0.5946,0.5681,0.5689,0.2439,-0.5468,0.8009,25.501,0.1042,0.973,0.146,0.54743,239.0,392.3,253.6,406.9,224.1,377.5,1098,0.402,12
1302,45.382,31.029,-2.945,0.7003,0.6625,0.2659,-0.5961,0.5687,0.5668,0.2256,-0.5588,0.798,25.501,0.11,1.265,0.152,0.68504,240.3,391.0,255.0,405.6,225.4,376.2,1099,0.151,12
1303,46.707,32.276,-2.424,0.7,0.6551,0.2843,-0.5977,0.5692,0.5646,0.2095,-0.5689,0.7953,25.5,0.115,1.1,0.158,0.6005,241.6,389.8,256.4,404.4,226.7,374.9,1100,0.093,12
1304,48.031,33.51,-1.871,0.6986,0.6501,0.2988,-0.5994,0.5696,0.5624,0.1968,-0.5762,0.7933,25.5,0.1196,0.847,0.161,0.46627,243.0,388.5,257.8,403.2,228.0,373.6,1101,0.335,12
1305,49.351,34.738,-1.294,0.6965,0.647,0.3102,-0.6014,0.5698,0.5601,0.1871,-0.5811,0.7921,25.5,0.1235,0.626,0.175,0.36327,244.3,387.3,259.1,402.0,229.3,372.4,1102,0.581,13
1306,50.667,35.961,-0.699,0.6937,0.6458,0.3188,-0.6036,0.5698,0.5576,0.1799,-0.584,0.7916,25.5,0.127,0.446,0.191,0.27624,245.6,386.1,260.5,400.7,230.5,371.1,1104,0.781,13
1307,51.977,37.183,-0.089,0.6903,0.6463,0.3251,-0.6061,0.5698,0.555,0.175,-0.5852,0.7918,25.5,0.1303,0.289,0.207,0.21728,247.0,384.8,261.9,399.5,231.8,369.9,1105,0.48,13
1308,53.28,38.408,0.53,0.6864,0.6485,0.3292,-0.6088,0.5696,0.5523,0.1722,-0.5847,0.7928,25.5,0.1333,0.173,0.219,0.1838,248.3,383.6,263.3,398.3,233.1,368.6,1106,0.147,13
1309,54.574,39.639,1.155,0.6818,0.6522,0.3313,-0.6117,0.5693,0.5493,0.1713,-0.5826,0.7945,25.5,0.1362,0.163,0.24,0.1897,249.6,382.3,264.7,397.1,234.3,367.4,1107,0.23,13
1310,55.859,40.872,1.793,0.6763,0.6518,0.3432,-0.6149,0.5689,0.5462,0.1624,-0.5864,0.7936,25.5,0.1424,0.557,0.256,0.3972,250.9,381.1,266.1,395.8,235.5,366.1,1108,0.653,13
1311,57.134,42.106,2.452,0.6718,0.6513,0.353,-0.6184,0.5684,0.5428,0.1546,-0.5892,0.7931,25.5,0.1464,0.476,0.281,0.32674,252.2,379.8,267.4,394.6,236.7,364.9,1110,0.244,13
1312,58.402,43.338,3.127,0.6683,0.6511,0.3599,-0.6221,0.5677,0.5392,0.1484,-0.5907,0.7932,25.5,0.1479,0.366,0.298,0.23435,253.5,378.6,268.8,393.3,237.9,363.6,1111,0.332,13
1313,59.664,44.57,3.813,0.6657,0.6512,0.3643,-0.626,0.567,0.5354,0.1437,-0.5909,0.7938,25.5,0.1475,0.272,0.315,0.15472,254.8,377.3,270.2,392.1,239.1,362.4,1113,0.318,13
1314,60.923,45.803,4.505,0.6641,0.6517,0.3664,-0.6301,0.5662,0.5314,0.1403,-0.59,0.7951,25.5,0.1452,0.215,0.331,0.08135,256.1,376.1,271.6,390.8,240.3,361.1,1114,0.367,13
1315,62.179,47.037,5.198,0.6633,0.6526,0.3663,-0.6345,0.5653,0.5272,0.1383,-0.588,0.797,25.5,0.1412,0.195,0.352,0.03658,257.4,374.8,273.0,389.5,241.5,359.9,1116,0.124,13
1316,63.434,48.273,5.89,0.6634,0.6538,0.364,-0.639,0.5643,0.5228,0.1377,-0.5848,0.7994,25.5,0.1353,0.232,0.365,0.0786,258.6,373.6,274.4,388.3,242.6,358.7,1118,0.515,13
1317,64.69,49.512,6.574,0.6643,0.6553,0.3595,-0.6436,0.5632,0.5182,0.1383,-0.5804,0.8025,25.5,0.1278,0.31,0.378,0.14616,259.9,372.3,275.8,387.0,243.8,357.4,1119,0.245,13
1318,65.949,50.754,7.249,0.6661,0.6573,0.3526,-0.6485,0.562,0.5135,0.1403,-0.5747,0.8062,25.5,0.1185,0.406,0.395,0.22421,261.2,371.0,277.2,385.7,245.0,356.2,1121,0.143,13
1319,67.21,52.0,7.909,0.6663,0.6598,0.3474,-0.6534,0.5607,0.5086,0.1417,-0.5694,0.8097,25.5,0.1113,0.373,0.404,0.17481,262.5,369.8,278.6,384.4,246.1,354.9,1123,0.571,13
1320,68.47,53.251,8.565,0.6649,0.6623,0.3455,-0.6585,0.5593,0.5036,0.1411,-0.5655,0.8126,25.5,0.1066,0.281,0.417,0.10407,263.8,368.5,280.1,383.1,247.3,353.7,1124,0.135,13
1321,69.727,54.506,9.217,0.6641,0.6641,0.3435,-0.6636,0.5578,0.4984,0.1401,-0.5618,0.8153,25.5,0.1009,0.269,0.426,0.08498,265.1,367.2,281.5,381.8,248.5,352.4,1126,0.44,13
1322,70.984,55.764,9.865,0.6639,0.6653,0.3415,-0.6689,0.5562,0.4932,0.1388,-0.5583,0.8179,25.5,0.0944,0.261,0.435,0.07088,266.4,365.9,282.9,380.5,249.6,351.2,1127,0.188,13
1323,72.24,57.024,10.509,0.6643,0.6659,0.3394,-0.6742,0.5544,0.4879,0.1372,-0.5551,0.8204,25.5,0.0869,0.25,0.442,0.06721,267.7,364.6,284.3,379.2,250.8,349.9,1129,0.556,13
1324,73.499,58.284,11.15,0.6654,0.6659,0.3374,-0.6796,0.5525,0.4825,0.1353,-0.552,0.8228,25.5,0.0785,0.25,0.451,0.06909,269.0,363.4,285.8,377.8,251.9,348.7,1130,0.044,13
1325,74.759,59.544,11.786,0.667,0.6653,0.3353,-0.6851,0.5505,0.4771,0.1331,-0.5493,0.825,25.5,0.0693,0.236,0.456,0.08196,270.3,362.1,287.2,376.5,253.1,347.4,1131,0.502,13
1326,76.024,60.802,12.419,0.6693,0.6641,0.3332,-0.6906,0.5482,0.4717,0.1308,-0.5468,0.827,25.5,0.059,0.226,0.461,0.10104,271.6,360.8,288.7,375.2,254.2,346.2,1133,0.435,13
1327,77.293,62.057,13.047,0.6721,0.6623,0.3311,-0.6962,0.5458,0.4663,0.1282,-0.5445,0.8289,25.5,0.048,0.227,0.466,0.11916,272.9,359.5,290.1,373.8,255.4,345.0,1134,0.011,13
1328,78.568,63.308,13.672,0.6751,0.6604,0.3288,-0.7018,0.5432,0.4609,0.1259,-0.5423,0.8307,25.5,0.0365,0.21,0.47,0.12813,274.2,358.2,291.6,372.5,256.5,343.7,1135,0.411,13
1329,79.846,64.558,14.291,0.6761,0.6609,0.3257,-0.7074,0.5404,0.4556,0.1252,-0.5386,0.8332,25.5,0.0273,0.259,0.47,0.09975,275.5,356.9,293.0,371.1,257.7,342.5,1136,0.774,13
1330,81.127,65.809,14.905,0.6773,0.661,0.3231,-0.713,0.5374,0.4504,0.1241,-0.5355,0.8354,25.5,0.0178,0.227,0.47,0.08675,276.8,355.6,294.5,369.8,258.9,341.3,1138,0.556,13
1331,82.41,67.06,15.514,0.6787,0.6605,0.321,-0.7187,0.5341,0.4451,0.1226,-0.5328,0.8373,25.5,0.0079,0.208,0.484,0.07787,278.1,354.4,296.0,368.4,260.1,340.1,1139,0.374,13
1332,83.696,68.309,16.12,0.6805,0.6596,0.3192,-0.7245,0.5307,0.4399,0.1208,-0.5306,0.839,25.5,0.0026,0.19,0.487,0.08172,279.5,353.1,297.5,367.1,261.2,338.9,1140,0.27,13
1333,84.986,69.556,16.723,0.6825,0.6582,0.3178,-0.7303,0.527,0.4347,0.1187,-0.5288,0.8404,25.5,0.0134,0.178,0.494,0.08519,280.8,351.8,298.9,365.7,262.4,337.7,1141,0.251,14
1334,86.28,70.8,17.323,0.6848,0.6563,0.3167,-0.7361,0.5231,0.4294,0.1162,-0.5273,0.8417,25.5,0.0248,0.183,0.503,0.09627,282.1,350.5,300.4,364.3,263.6,336.5,1142,0.32,14
1335,87.578,72.04,17.922,0.6876,0.6538,0.3159,-0.7421,0.5191,0.4241,0.1134,-0.5264,0.8427,25.5,0.0369,0.178,0.513,0.11616,283.5,349.2,301.9,363.0,264.8,335.3,1143,0.472,14
1336,88.882,73.274,18.519,0.6908,0.6506,0.3154,-0.7481,0.5148,0.4187,0.1102,-0.5259,0.8434,25.5,0.0498,0.19,0.524,0.13787,284.8,348.0,303.4,361.6,266.0,334.2,1144,0.699,14
1337,90.194,74.502,19.116,0.6947,0.6465,0.3154,-0.7543,0.5102,0.4132,0.1064,-0.526,0.8438,25.5,0.0638,0.219,0.543,0.17126,286.2,346.7,305.0,360.2,267.1,333.0,1145,0.991,14
1338,91.511,75.722,19.713,0.6971,0.6436,0.3161,-0.7605,0.5055,0.4076,0.1028,-0.5261,0.8442,25.5,0.076,0.208,0.549,0.11596,287.5,345.4,306.5,358.8,268.3,331.9,1145,0.901,14
1339,92.831,76.938,20.312,0.6984,0.6419,0.3167,-0.7668,0.5005,0.4019,0.0999,-0.5255,0.8449,25.5,0.087,0.174,0.565,0.06729,288.9,344.2,308.0,357.5,269.5,330.7,1146,0.554,14
1340,94.155,78.15,20.911,0.7011,0.6391,0.3162,-0.7732,0.4952,0.3961,0.0971,-0.5249,0.8456,25.5,0.1004,0.169,0.581,0.11873,290.3,342.9,309.6,356.1,270.7,329.6,1147,0.161,14
1341,95.486,79.356,21.508,0.7055,0.6351,0.3146,-0.7797,0.4896,0.3904,0.0945,-0.5242,0.8463,25.5,0.1163,0.159,0.59,0.18642,291.6,341.7,311.1,354.7,271.9,328.5,1148,0.272,14
1342,96.827,80.553,22.101,0.7118,0.6295,0.3116,-0.7863,0.4836,0.3846,0.0923,-0.5236,0.847,25.5,0.1354,0.137,0.61,0.27083,293.0,340.4,312.7,353.3,273.2,327.4,1149,0.73,14
1343,98.181,81.738,22.686,0.7204,0.622,0.307,-0.7929,0.4772,0.3789,0.0903,-0.5229,0.8476,25.5,0.1581,0.126,0.62,0.37255,294.4,339.2,314.3,351.9,274.4,326.4,1149,1.163,14
1344,99.555,82.906,23.261,0.7317,0.612,0.3002,-0.7997,0.4703,0.3733,0.0888,-0.5223,0.8481,25.5,0.1853,0.097,0.641,0.50094,295.9,338.0,315.9,350.5,275.6,325.3,1150,0.684,14
1345,100.952,84.052,23.822,0.7443,0.5999,0.2935,-0.8065,0.4628,0.3679,0.0868,-0.5227,0.8481,25.5,0.2147,0.117,0.657,0.56659,297.3,336.8,317.5,349.2,276.9,324.3,1151,0.192,14
1346,102.37,85.177,24.374,0.7548,0.5886,0.2898,-0.8134,0.4548,0.3627,0.0842,-0.5249,0.847,25.5,0.2411,0.205,0.675,0.48029,298.8,335.7,319.2,347.8,278.2,323.4,1152,0.308,14
1347,103.811,86.279,24.915,0.7677,0.5756,0.2815,-0.8203,0.4461,0.3579,0.0836,-0.5255,0.8467,25.5,0.2722,0.052,0.693,0.60877,300.3,334.5,320.8,346.4,279.5,322.5,1153,0.811,14
1348,105.278,87.354,25.436,0.7835,0.5608,0.2677,-0.8272,0.4366,0.3536,0.0856,-0.5241,0.8474,25.5,0.3086,0.145,0.716,0.77732,301.8,333.4,322.5,345.1,280.8,321.6,1153,1.082,14
1349,106.778,88.4,25.924,0.8018,0.544,0.2472,-0.8341,0.4262,0.3501,0.0908,-0.5199,0.8494,25.5,0.3504,0.4,0.743,0.97529,303.3,332.3,324.3,343.7,282.2,320.8,1154,0.578,14
1350,108.314,89.411,26.37,0.8216,0.5239,0.225,-0.841,0.4148,0.3474,0.0965,-0.5167,0.8507,25.5,0.3955,0.382,0.779,1.08712,304.9,331.3,326.0,342.4,283.6,320.0,1155,0.075,14
1351,109.888,90.381,26.774,0.842,0.5004,0.2014,-0.8478,0.4023,0.3456,0.1026,-0.515,0.851,25.5,0.4429,0.363,0.822,1.18257,306.5,330.3,327.8,341.1,285.0,319.3,1156,0.431,14
1352,111.5,91.304,27.13,0.8625,0.4753,0.1737,-0.8545,0.3886,0.3448,0.1108,-0.5122,0.8517,25.5,0.4924,0.498,0.875,1.291,308.2,329.3,329.7,339.8,286.5,318.7,1157,0.937,14
1353,113.151,92.18,27.43,0.8823,0.4487,0.1425,-0.8611,0.3736,0.3449,0.1209,-0.5085,0.8525,25.5,0.543,0.618,0.939,1.3786,309.9,328.4,331.5,338.5,288.1,318.2,1157,0.956,14
1354,114.841,92.998,27.666,0.9028,0.4162,0.108,-0.8676,0.3572,0.346,0.1314,-0.5063,0.8523,25.5,0.5972,0.615,1.013,1.56389,311.6,327.5,333.4,337.2,289.6,317.8,1158,0.441,14
1355,116.566,93.756,27.839,0.9196,0.3858,0.0746,-0.8739,0.3395,0.3478,0.1427,-0.5049,0.8513,25.5,0.6467,0.655,1.081,1.45924,313.4,326.8,335.3,336.0,291.2,317.5,1159,0.086,14
1356,118.319,94.46,27.95,0.9333,0.3567,0.0425,-0.8802,0.3203,0.3504,0.1543,-0.5049,0.8493,25.5,0.6923,0.674,1.167,1.37598,315.2,326.0,337.3,334.8,292.9,317.2,1160,0.62,14
1357,120.098,95.104,27.998,0.9459,0.3243,0.0082,-0.8862,0.2995,0.3534,0.1663,-0.5063,0.8462,25.5,0.7382,0.715,1.252,1.47879,317.0,325.4,339.2,333.6,294.5,317.1,1161,1.166,14
1358,121.897,95.688,27.982,0.9556,0.2937,-0.025,-0.8921,0.2771,0.3568,0.1785,-0.5093,0.8419,25.5,0.78,0.761,1.341,1.3984,318.8,324.8,341.2,332.4,296.2,317.1,1161,0.727,14
1359,123.713,96.214,27.903,0.9635,0.2608,-0.0597,-0.8978,0.2529,0.3605,0.191,-0.5142,0.8362,25.5,0.8206,0.836,1.44,1.46764,320.7,324.3,343.1,331.3,297.9,317.2,1162,0.169,14
1360,125.542,96.676,27.757,0.9691,0.228,-0.094,-0.9032,0.2268,0.3644,0.2032,-0.522,0.8284,25.5,0.8578,0.942,1.543,1.44719,322.5,323.8,345.1,330.2,299.7,317.4,1163,0.403,14
1361,127.38,97.078,27.548,0.9721,0.1969,-0.1273,-0.9082,0.1987,0.3684,0.2151,-0.5335,0.818,25.5,0.8906,1.12,1.651,1.38277,324.4,323.4,347.1,329.1,301.4,317.7,1164,0.985,14
1362,129.221,97.417,27.272,0.9732,0.1618,-0.1631,-0.9127,0.1685,0.3723,0.2262,-0.5504,0.8037,25.5,0.9217,1.419,1.764,1.51865,326.2,323.1,349.0,328.0,303.2,318.2,1164,0.908,14
1363,131.062,97.692,26.932,0.972,0.1293,-0.1962,-0.9165,0.1362,0.3761,0.2347,-0.5782,0.7814,25.5,0.947,2.099,1.876,1.40524,328.1,322.8,350.9,326.9,304.9,318.7,1165,0.312,14
1364,132.898,97.907,26.53,0.9684,0.0968,-0.2297,-0.9196,0.1018,0.3795,0.239,-0.6218,0.7458,25.5,0.9679,3.235,1.989,1.41754,329.9,322.6,352.8,325.8,306.7,319.4,1166,0.302,14
1365,134.726,98.058,26.063,0.9629,0.0622,-0.2626,-0.9216,0.0654,0.3825,0.2287,-0.7048,0.6715,25.5,0.9838,6.413,2.096,1.45542,331.7,322.5,354.7,324.7,308.5,320.2,1167,0.93,14
1366,136.542,98.142,25.537,0.9555,0.0276,-0.2937,-0.9226,0.0276,0.3847,0.1683,-0.8687,0.4659,25.5,0.9938,15.505,2.17,1.42649,333.5,322.4,356.5,323.7,310.3,321.2,1167,0.963,14
1367,138.341,98.161,24.952,0.9458,-0.0078,-0.3247,-0.9225,-0.0112,0.3858,-0.0977,-0.9603,-0.2614,25.5,0.9977,45.897,2.224,1.45484,335.3,322.5,358.2,322.7,312.1,322.2,1168,0.319,14
1368,140.12,98.111,24.31,0.9346,-0.0458,-0.3527,-0.9213,-0.0504,0.3856,-0.346,-0.3466,-0.8719,25.5,0.9947,53.521,2.247,1.46907,337.0,322.5,359.9,321.8,313.9,323.3,1169,0.337,14
1369,141.876,97.989,23.615,0.9206,-0.0833,-0.3816,-0.9191,-0.0895,0.3838,-0.384,-0.0153,-0.9232,25.5,0.9851,19.424,2.246,1.49504,338.8,322.7,361.6,321.0,315.7,324.5,1170,1.004,14
1370,143.604,97.797,22.869,0.9062,-0.1196,-0.4055,-0.9159,-0.1283,0.3803,-0.3941,0.1081,-0.9127,25.5,0.9689,7.124,2.24,1.38643,340.5,322.9,363.2,320.2,317.5,325.7,1170,0.889,14
1371,145.305,97.537,22.081,0.8904,-0.1548,-0.428,-0.912,-0.1666,0.3749,-0.4016,0.1755,-0.8989,25.5,0.9467,3.966,2.228,1.35256,342.1,323.3,364.7,319.5,319.2,327.0,1171,0.215,14
1372,146.973,97.209,21.25,0.8721,-0.1924,-0.4498,-0.9073,-0.2043,0.3675,-0.4084,0.2201,-0.8859,25.5,0.9173,2.69,2.218,1.42809,343.7,323.6,366.2,318.9,321.0,328.4,1172,0.47,14
1373,148.604,96.807,20.379,0.8512,-0.232,-0.4707,-0.9021,-0.2413,0.3578,-0.4145,0.253,-0.8742,25.5,0.8803,2.031,2.212,1.49642,345.3,324.1,367.7,318.4,322.7,329.8,1173,1.162,14
1374,150.194,96.331,19.469,0.8282,-0.2712,-0.4905,-0.8964,-0.2776,0.3456,-0.4196,0.28,-0.8634,25.5,0.8366,1.692,2.218,1.50126,346.8,324.6,369.1,318.0,324.4,331.3,1173,0.731,14
1375,151.737,95.778,18.524,0.8013,-0.3142,-0.5091,-0.8904,-0.3132,0.3303,-0.4234,0.3034,-0.8537,25.5,0.7832,1.468,2.247,1.63601,348.3,325.2,370.4,317.6,326.0,332.9,1174,0.032,14
1376,153.225,95.143,17.543,0.7723,-0.3554,-0.5265,-0.8841,-0.3483,0.3116,-0.4258,0.3255,-0.8443,25.5,0.7231,1.383,2.307,1.61416,349.7,325.9,371.7,317.4,327.6,334.5,1175,0.681,14
1377,154.662,94.439,16.533,0.7475,-0.3868,-0.54,-0.8772,-0.3828,0.2899,-0.4265,0.3437,-0.8366,25.5,0.6642,1.133,2.369,1.27875,351.1,326.7,372.9,317.3,329.1,336.2,1175,1.212,14
1378,156.053,93.678,15.5,0.7207,-0.419,-0.5523,-0.8693,-0.4169,0.2654,-0.4262,0.3605,-0.8297,25.5,0.5984,1.041,2.448,1.32214,352.4,327.5,374.1,317.2,330.6,337.9,1176,0.494,14
1379,157.385,92.851,14.441,0.6861,-0.4549,-0.5677,-0.8604,-0.4506,0.238,-0.4264,0.3808,-0.8205,25.5,0.5205,1.277,2.541,1.58027,353.7,328.4,375.2,317.2,332.0,339.7,1177,0.23,14
1380,158.645,91.953,13.352,0.6462,-0.4932,-0.5824,-0.8504,-0.4836,0.2074,-0.4257,0.4005,-0.8114,25.5,0.4318,1.244,2.642,1.73317,354.8,329.4,376.1,317.2,333.4,341.5,1178,0.953,14
1381,159.837,90.992,12.239,0.6147,-0.5197,-0.5933,-0.8388,-0.5159,0.174,-0.4234,0.4173,-0.8041,25.5,0.3507,1.058,2.744,1.2894,355.9,330.4,377.0,317.4,334.7,343.4,1178,0.94,14
1382,160.975,89.989,11.108,0.5862,-0.5423,-0.602,-0.8256,-0.547,0.1386,-0.4201,0.4319,-0.7981,25.5,0.2708,0.924,2.804,1.13241,357.0,331.5,377.8,317.6,336.1,345.3,1179,0.221,14
1383,162.047,88.936,9.958,0.5452,-0.5709,-0.6138,-0.8106,-0.5768,0.1013,-0.4183,0.4492,-0.7894,25.5,0.1748,1.114,2.868,1.55547,357.9,332.6,378.5,317.9,337.4,347.3,1180,0.489,14
1384,163.032,87.826,8.785,0.496,-0.6021,-0.6256,-0.7939,-0.6048,0.062,-0.4167,0.467,-0.7799,25.5,0.0684,1.16,2.926,1.80023,358.8,333.7,379.0,318.3,338.6,349.2,1181,1.187,14
1385,163.93,86.663,7.592,0.4554,-0.6246,-0.6344,-0.7758,-0.6307,0.0216,-0.4137,0.4825,-0.772,25.5,0.0269,1.012,2.939,1.43069,359.6,335.0,379.4,318.9,339.8,351.1,1181,0.706,14
1386,164.76,85.465,6.385,0.4196,-0.6429,-0.6408,-0.7561,-0.6541,-0.0193,-0.4095,0.496,-0.7657,25.5,0.1156,0.887,2.927,1.2328,360.3,336.2,379.7,319.5,341.0,353.0,1182,0.032,14
1387,165.509,84.228,5.165,0.37,-0.6642,-0.6495,-0.7355,-0.6749,-0.06,-0.408,0.5119,-0.756,25.5,0.2151,1.071,2.873,1.65585,361.0,337.5,380.0,320.2,342.1,354.8,1183,0.634,14
1388,166.155,82.95,3.928,0.3141,-0.6856,-0.6567,-0.7142,-0.6927,-0.1006,-0.4069,0.5278,-0.7456,25.5,0.3166,1.09,2.818,1.82585,361.5,338.9,380.0,321.0,343.1,356.7,1183,1.259,14
1389,166.706,81.639,2.68,0.2705,-0.6986,-0.6624,-0.6922,-0.7077,-0.141,-0.4041,0.5421,-0.7368,25.5,0.4006,0.975,2.773,1.3885,362.0,340.2,380.0,322.0,344.0,358.4,1184,0.619,14
1390,167.183,80.307,1.423,0.2325,-0.7088,-0.6659,-0.6694,-0.7204,-0.1815,-0.3992,0.5548,-0.73,25.5,0.4758,0.872,2.761,1.19613,362.3,341.6,379.9,323.0,344.8,360.2,1185,0.014,14
1391,167.58,78.957,0.158,0.1841,-0.7177,-0.6716,-0.6456,-0.7306,-0.2224,-0.3979,0.5703,-0.7186,25.5,0.5549,1.105,2.774,1.50026,362.6,343.0,379.6,324.1,345.7,361.9,1186,0.589,14
1392,167.874,77.591,-1.118,0.1286,-0.7256,-0.6761,-0.6207,-0.7382,-0.2641,-0.3976,0.5868,-0.7054,25.5,0.6344,1.211,2.817,1.70306,362.8,344.5,379.3,325.3,346.4,363.5,1187,1.15,14
1393,168.074,76.215,-2.402,0.0837,-0.7282,-0.6803,-0.5948,-0.743,-0.3067,-0.395,0.6025,-0.6935,25.5,0.6999,1.139,2.87,1.36775,362.8,345.9,378.8,326.6,347.0,365.1,1187,0.743,14
1394,168.195,74.837,-3.693,0.0433,-0.7286,-0.6836,-0.5676,-0.7452,-0.35,-0.3898,0.6177,-0.6831,25.5,0.7576,1.096,2.933,1.22742,362.9,347.3,378.2,327.9,347.7,366.6,1188,0.221,14
1395,168.234,73.46,-4.99,-0.0032,-0.7257,-0.688,-0.539,-0.7446,-0.3937,-0.3891,0.6347,-0.6677,25.5,0.8129,1.315,2.993,1.41706,362.8,348.7,377.5,329.3,348.2,368.0,1189,0.259,14
1396,168.18,72.092,-6.297,-0.0527,-0.7201,-0.6919,-0.5094,-0.741,-0.4376,-0.3913,0.6523,-0.6491,25.5,0.8632,1.473,3.041,1.51319,362.6,350.2,376.7,330.8,348.7,369.3,1190,0.687,14
1397,168.033,70.738,-7.61,-0.1032,-0.7105,-0.696,-0.4793,-0.7343,-0.4807,-0.4003,0.6703,-0.6249,25.5,0.9058,1.803,3.037,1.56163,362.3,351.6,375.7,332.3,349.1,370.6,1191,1.056,14
1398,167.79,69.405,-8.931,-0.1537,-0.6978,-0.6996,-0.4497,-0.7249,-0.5218,-0.4191,0.6872,-0.5934,25.5,0.94,2.314,2.952,1.58076,362.0,352.9,374.7,333.9,349.4,371.7,1191,0.837,14
1399,167.452,68.098,-10.256,-0.2024,-0.6837,-0.7011,-0.4216,-0.7128,-0.5605,-0.4488,0.7011,-0.5541,25.5,0.9656,2.933,2.827,1.53602,361.5,354.3,373.6,335.5,349.6,372.8,1192,0.53,14
1400,167.027,66.818,-11.584,-0.2468,-0.6689,-0.7011,-0.396,-0.6981,-0.5965,-0.4923,0.7098,-0.5039,25.5,0.9829,3.839,2.668,1.41733,361.0,355.6,372.5,337.2,349.6,373.7,1193,0.287,14
1401,166.518,65.567,-12.909,-0.2917,-0.6522,-0.6997,-0.374,-0.6807,-0.6299,-0.5877,0.6993,-0.4068,25.5,0.9938,7.829,2.499,1.45126,360.3,356.9,371.4,338.9,349.5,374.6,1194,0.11,14
1402,165.923,64.35,-14.231,-0.3355,-0.6341,-0.6967,-0.3569,-0.6605,-0.6606,-0.8332,0.5448,-0.0946,25.5,0.9988,24.606,2.323,1.43796,359.6,358.2,370.3,340.7,349.2,375.3,1195,0.013,14
1403,165.25,63.167,-15.546,-0.3755,-0.6157,-0.6927,-0.3458,-0.6372,-0.6888,-0.4697,-0.5179,0.715,25.5,0.9993,87.618,2.19,1.33873,358.8,359.4,369.3,342.5,348.6,375.9,1196,0.032,14
1404,164.501,62.022,-16.852,-0.4169,-0.5943,-0.6878,-0.3417,-0.6102,-0.7147,0.0621,-0.7735,0.6307,25.5,0.9967,34.677,2.157,1.4191,358.0,360.6,368.3,344.4,347.8,376.4,1197,0.021,14
1405,163.674,60.918,-18.148,-0.4564,-0.5725,-0.6811,-0.3449,-0.5792,-0.7386,0.2262,-0.815,0.5335,25.5,0.9921,11.201,2.25,1.38108,357.0,361.7,367.5,346.3,346.8,376.8,1198,0.16,14
1406,162.774,59.855,-19.429,-0.4947,-0.5507,-0.6723,-0.3545,-0.5438,-0.7606,0.3221,-0.8347,0.4467,25.5,0.9862,7.502,2.451,1.36088,356.0,362.8,366.8,348.3,345.5,377.0,1199,0.4,14
1407,161.798,58.841,-20.693,-0.5368,-0.5227,-0.6622,-0.3698,-0.5039,-0.7806,0.3636,-0.8517,0.3775,25.5,0.9788,4.726,2.704,1.56144,355.0,363.8,366.2,350.3,344.0,377.0,1201,0.712,14
1408,160.744,57.868,-21.928,-0.5758,-0.5067,-0.6416,-0.3911,-0.4594,-0.7975,0.4471,-0.8522,0.2718,25.5,0.9696,7.724,2.988,1.42083,353.8,364.8,365.6,352.5,342.3,376.9,1202,0.194,14
1409,159.611,56.938,-23.125,-0.6183,-0.482,-0.6208,-0.418,-0.4107,-0.8103,0.4811,-0.8567,0.186,25.5,0.9594,5.296,3.271,1.61641,352.6,365.8,365.0,354.7,340.4,376.6,1203,0.396,14
1410,158.416,56.02,-24.27,-0.6449,-0.488,-0.5881,-0.4483,-0.3583,-0.819,0.5809,-0.8131,0.0377,25.5,0.9456,10.557,3.504,1.28929,351.3,366.7,364.5,357.0,338.4,376.3,1205,0.145,14
1411,157.167,55.101,-25.353,-0.6704,-0.4916,-0.5558,-0.4793,-0.3031,-0.8237,0.6349,-0.7677,-0.087,25.5,0.9281,8.216,3.638,1.25091,350.0,367.7,364.0,359.3,336.3,375.8,1207,0.516,14
1412,155.896,54.135,-26.37,-0.674,-0.5271,-0.5176,-0.5082,-0.2471,-0.825,0.7035,-0.6716,-0.2322,25.5,0.8998,10.739,3.612,1.58303,348.6,368.6,363.4,361.7,334.3,375.4,1208,0.288,14
1413,154.616,53.111,-27.314,-0.6757,-0.5579,-0.4819,-0.5334,-0.1919,-0.8238,0.7303,-0.5959,-0.334,25.5,0.8645,7.434,3.478,1.42867,347.3,369.7,362.6,364.2,332.3,375.0,1210,0.074,14
1414,153.347,52.02,-28.197,-0.668,-0.5928,-0.4498,-0.5545,-0.1382,-0.8206,0.7441,-0.5239,-0.4145,25.5,0.8214,6.241,3.311,1.45474,346.0,370.8,361.8,366.7,330.5,374.8,1212,0.045,14
1415,152.093,50.867,-29.022,-0.6536,-0.627,-0.4237,-0.5716,-0.0858,-0.816,0.7496,-0.4592,-0.4767,25.5,0.7731,5.154,3.17,1.37379,344.7,371.9,360.9,369.2,328.8,374.6,1214,0.066,14
1416,150.883,49.643,-29.808,-0.6257,-0.6654,-0.4071,-0.5854,-0.0339,-0.8101,0.7552,-0.3862,-0.5296,25.5,0.7186,5.177,3.096,1.5228,343.4,373.2,360.0,371.7,327.2,374.6,1216,0.013,14
1417,149.719,48.352,-30.555,-0.6066,-0.6973,-0.3818,-0.5957,0.0167,-0.803,0.7506,-0.3441,-0.564,25.5,0.6563,3.127,2.987,1.36188,342.2,374.5,359.0,374.3,325.8,374.6,1218,0.178,14
1418,148.583,47.009,-31.253,-0.5905,-0.7246,-0.3553,-0.6021,0.0627,-0.7959,0.7439,-0.318,-0.5878,25.5,0.5929,2.06,2.692,1.251,341.0,375.8,357.9,376.9,324.5,374.7,1220,0.392,14
1419,147.478,45.619,-31.906,-0.5808,-0.741,-0.3369,-0.6048,0.1031,-0.7897,0.7371,-0.303,-0.6041,25.5,0.5409,1.328,2.347,0.8021,339.9,377.2,356.8,379.3,323.3,375.1,1223,0.227,14
1420,146.374,44.215,-32.534,-0.5874,-0.7398,-0.3282,-0.6048,0.1391,-0.7841,0.7273,-0.3047,-0.615,25.5,0.5097,0.845,2.088,0.33263,338.8,378.6,355.7,381.6,322.2,375.6,1225,0.066,14
1421,145.252,42.82,-33.147,-0.5965,-0.7378,-0.3159,-0.6028,0.1723,-0.779,0.7166,-0.3123,-0.6236,25.5,0.4785,0.899,1.928,0.46713,337.6,380.0,354.4,383.9,321.2,376.1,1227,0.073,14
1422,144.12,41.422,-33.734,-0.5998,-0.739,-0.3066,-0.5995,0.2031,-0.7742,0.7091,-0.3136,-0.6315,25.5,0.4469,0.629,1.796,0.30102,336.5,381.3,353.2,386.0,320.1,376.7,1229,0.404,14
1423,142.982,40.025,-34.312,-0.6019,-0.7376,-0.306,-0.5953,0.2314,-0.7695,0.7045,-0.3101,-0.6383,25.5,0.4231,0.511,1.661,0.07853,335.3,382.7,351.9,388.2,319.1,377.4,1230,0.208,14
1424,141.842,38.632,-34.896,-0.6031,-0.7341,-0.3121,-0.5906,0.257,-0.765,0.7023,-0.3032,-0.6441,25.5,0.4063,0.532,1.513,0.21596,334.1,384.1,350.6,390.2,318.1,378.1,1231,0.68,15
1425,140.7,37.247,-35.497,-0.6035,-0.7286,-0.324,-0.5858,0.2798,-0.7607,0.7023,-0.2933,-0.6487,25.5,0.3961,0.625,1.357,0.39711,333.0,385.5,349.3,392.2,317.0,378.9,1233,0.761,15
1426,139.557,35.873,-36.118,-0.6053,-0.7246,-0.3294,-0.5813,0.2996,-0.7565,0.7006,-0.2886,-0.6526,25.5,0.384,0.363,1.188,0.21064,331.8,386.8,347.9,394.0,316.0,379.8,1234,0.797,15
1427,138.41,34.505,-36.744,-0.6069,-0.7218,-0.3327,-0.5773,0.3167,-0.7526,0.6988,-0.2852,-0.656,25.5,0.3722,0.294,1.031,0.1397,330.6,388.2,346.7,395.8,315.0,380.7,1235,1.008,15
1428,137.26,33.142,-37.378,-0.6075,-0.7188,-0.3379,-0.5738,0.3315,-0.7489,0.6981,-0.2803,-0.6589,25.5,0.3634,0.329,0.897,0.18267,329.5,389.5,345.4,397.6,313.9,381.7,1235,0.885,15
1429,136.111,31.784,-38.024,-0.6072,-0.7158,-0.3449,-0.5706,0.3444,-0.7455,0.6984,-0.274,-0.6612,25.5,0.3571,0.385,0.786,0.23073,328.3,390.9,344.1,399.2,312.8,382.7,1236,0.501,15
1430,134.963,30.432,-38.685,-0.6061,-0.7126,-0.3533,-0.5677,0.3559,-0.7423,0.6997,-0.2664,-0.6629,25.5,0.3527,0.452,0.704,0.27418,327.1,392.2,342.8,400.9,311.7,383.7,1237,0.058,15
1431,133.818,29.087,-39.362,-0.6041,-0.7093,-0.3632,-0.5651,0.3663,-0.7393,0.7018,-0.2577,-0.6641,25.5,0.3501,0.517,0.638,0.32173,326.0,393.5,341.6,402.5,310.7,384.8,1238,0.79,15
1432,132.677,27.748,-40.06,-0.6015,-0.7052,-0.3754,-0.5625,0.3759,-0.7364,0.7049,-0.2473,-0.6648,25.5,0.3497,0.623,0.594,0.39758,324.8,394.9,340.3,404.0,309.6,385.8,1238,1.103,15
1433,131.541,26.418,-40.784,-0.599,-0.7003,-0.3883,-0.56,0.3852,-0.7335,0.7082,-0.237,-0.6651,25.5,0.3505,0.62,0.576,0.42455,323.6,396.2,339.1,405.6,308.5,386.9,1239,0.197,15
1434,130.409,25.097,-41.528,-0.5973,-0.6967,-0.3974,-0.5575,0.394,-0.7308,0.7103,-0.2294,-0.6655,25.5,0.3489,0.452,0.546,0.30073,322.5,397.5,337.8,407.1,307.4,388.0,1240,0.884,15
1435,129.28,23.781,-42.286,-0.5963,-0.6942,-0.4031,-0.555,0.4024,-0.7281,0.7113,-0.2242,-0.6661,25.5,0.3451,0.305,0.525,0.19084,321.3,398.8,336.6,408.7,306.4,389.1,1240,1.01,15
1436,128.151,22.469,-43.052,-0.5961,-0.6927,-0.4061,-0.5525,0.4104,-0.7254,0.7115,-0.2212,-0.667,25.5,0.3396,0.18,0.505,0.10171,320.2,400.1,335.3,410.2,305.3,390.2,1241,0.246,15
1437,127.023,21.158,-43.821,-0.5964,-0.6922,-0.4063,-0.5501,0.4181,-0.7229,0.7107,-0.2201,-0.6682,25.5,0.3324,0.104,0.484,0.01848,319.0,401.3,334.1,411.6,304.2,391.2,1242,1.628,15
1438,125.893,19.848,-44.588,-0.5975,-0.6926,-0.4041,-0.5478,0.4254,-0.7204,0.7091,-0.221,-0.6696,25.5,0.3238,0.132,0.461,0.07543,317.8,402.6,332.9,413.1,303.1,392.3,1242,0.269,15
1439,124.761,18.536,-45.349,-0.5991,-0.694,-0.3993,-0.5455,0.4323,-0.718,0.7065,-0.2236,-0.6714,25.5,0.3135,0.235,0.439,0.15894,316.7,403.9,331.6,414.6,302.1,393.5,1243,1.217,15
1440,123.625,17.221,-46.098,-0.6014,-0.6963,-0.3918,-0.5434,0.4388,-0.7157,0.703,-0.2282,-0.6736,25.5,0.3017,0.354,0.413,0.24751,315.5,405.2,330.4,416.1,301.0,394.6,1243,0.676,15
1441,122.489,15.906,-46.844,-0.6005,-0.694,-0.3973,-0.5413,0.4451,-0.7134,0.7043,-0.2236,-0.6738,25.5,0.2996,0.274,0.403,0.1826,314.4,406.5,329.2,417.5,299.9,395.7,1244,0.857,15
1442,121.352,14.594,-47.599,-0.6001,-0.6926,-0.4001,-0.5392,0.451,-0.7112,0.7046,-0.221,-0.6743,25.5,0.2958,0.153,0.38,0.0955,313.2,407.8,327.9,419.0,298.8,396.8,1244,1.037,15
1443,120.216,13.283,-48.357,-0.6005,-0.6923,-0.4,-0.5373,0.4567,-0.7091,0.7039,-0.2204,-0.6753,25.5,0.2901,0.078,0.365,0.01543,312.1,409.1,326.7,420.4,297.7,398.0,1245,0.505,15
1444,119.079,11.972,-49.112,-0.6017,-0.693,-0.3972,-0.5354,0.4621,-0.707,0.7021,-0.2217,-0.6766,25.5,0.2827,0.147,0.349,0.09458,310.9,410.3,325.5,421.8,296.6,399.1,1245,1.391,15
1445,117.938,10.659,-49.859,-0.6035,-0.6946,-0.3916,-0.5335,0.4673,-0.7049,0.6993,-0.2251,-0.6785,25.5,0.2734,0.275,0.339,0.18452,309.8,411.6,324.3,423.2,295.5,400.2,1246,0.117,15
1446,116.794,9.343,-50.592,-0.6062,-0.6972,-0.3825,-0.5317,0.4724,-0.7029,0.6951,-0.2308,-0.6809,25.5,0.2618,0.428,0.33,0.29801,308.6,412.9,323.0,424.7,294.4,401.4,1247,1.537,15
1447,115.643,8.02,-51.304,-0.6099,-0.7012,-0.3692,-0.5299,0.4774,-0.7009,0.6891,-0.2393,-0.684,25.5,0.2472,0.622,0.325,0.43515,307.4,414.2,321.8,426.1,293.3,402.6,1247,0.356,15
1448,114.484,6.687,-51.986,-0.6149,-0.7067,-0.3498,-0.5281,0.4822,-0.699,0.6807,-0.2517,-0.688,25.5,0.2285,0.888,0.313,0.62886,306.3,415.5,320.6,427.5,292.2,403.7,1248,0.95,15
1449,113.315,5.344,-52.624,-0.6208,-0.7128,-0.3264,-0.5263,0.487,-0.697,0.6703,-0.2667,-0.6925,25.5,0.2071,1.077,0.315,0.75388,305.1,416.8,319.3,428.9,291.1,404.9,1248,0.942,15
1450,112.136,3.991,-53.226,-0.6254,-0.7165,-0.309,-0.5245,0.4918,-0.695,0.662,-0.2776,-0.6961,25.5,0.1904,0.812,0.315,0.55628,303.9,418.1,318.1,430.4,290.0,406.1,1249,0.206,15
1451,110.948,2.631,-53.791,-0.6302,-0.7212,-0.2877,-0.5227,0.4965,-0.693,0.6522,-0.2906,-0.7001,25.5,0.1707,0.961,0.31,0.6763,302.7,419.4,316.8,431.8,288.9,407.3,1250,1.185,15
1452,109.751,1.261,-54.312,-0.6347,-0.7267,-0.2628,-0.5209,0.5011,-0.691,0.6409,-0.3051,-0.7044,25.5,0.1481,1.082,0.305,0.78405,301.5,420.8,315.6,433.3,287.8,408.5,1250,0.707,15
1453,108.546,-0.119,-54.784,-0.6387,-0.7326,-0.2355,-0.5192,0.5056,-0.6891,0.6287,-0.3203,-0.7086,25.5,0.1235,1.142,0.296,0.85437,300.3,422.1,314.3,434.7,286.6,409.7,1251,0.115,15
1454,107.335,-1.511,-55.203,-0.6415,-0.7385,-0.2076,-0.5175,0.5099,-0.6872,0.6163,-0.3351,-0.7127,25.5,0.0981,1.131,0.286,0.86763,299.1,423.5,313.1,436.2,285.5,411.0,1252,0.788,15
1455,106.116,-2.912,-55.569,-0.6457,-0.7424,-0.1787,-0.5158,0.5139,-0.6854,0.6024,-0.3513,-0.7167,25.5,0.074,1.244,0.27,0.89199,297.9,424.8,311.8,437.7,284.3,412.2,1252,1.105,15
1456,104.892,-4.321,-55.878,-0.6484,-0.7467,-0.148,-0.5143,0.5178,-0.6837,0.5878,-0.3676,-0.7206,25.5,0.048,1.274,0.258,0.94226,296.7,426.2,310.5,439.2,283.2,413.5,1253,0.571,15
1457,103.663,-5.739,-56.128,-0.6495,-0.7515,-0.1155,-0.5128,0.5215,-0.6819,0.5728,-0.3838,-0.7243,25.5,0.0199,1.283,0.251,0.99528,295.5,427.6,309.3,440.6,282.0,414.7,1254,0.168,15
1458,102.434,-7.166,-56.315,-0.6487,-0.7566,-0.0817,-0.5115,0.525,-0.6803,0.5576,-0.3995,-0.7276,25.5,0.0098,1.266,0.233,1.03534,294.3,428.9,308.0,442.1,280.9,416.0,1255,0.115,15
1459,101.21,-8.603,-56.437,-0.645,-0.7627,-0.0472,-0.5102,0.5284,-0.6786,0.543,-0.414,-0.7306,25.5,0.0419,1.191,0.23,1.06675,293.1,430.3,306.8,443.6,279.7,417.3,1256,0.281,15
1460,99.993,-10.052,-56.492,-0.6409,-0.7675,-0.011,-0.5091,0.5315,-0.677,0.5269,-0.4294,-0.7334,25.5,0.0742,1.287,0.21,1.11269,291.9,431.7,305.6,445.1,278.6,418.6,1257,0.341,15
1461,98.782,-11.506,-56.478,-0.6397,-0.7682,0.0261,-0.5081,0.5345,-0.6754,0.5075,-0.4477,-0.7362,25.5,0.1032,1.537,0.203,1.12424,290.8,433.2,304.4,446.6,277.4,420.0,1258,0.299,15
1462,97.57,-12.956,-56.394,-0.6416,-0.7645,0.0622,-0.5073,0.5373,-0.6738,0.4857,-0.4676,-0.7385,25.5,0.1272,1.696,0.19,1.10038,289.6,434.6,303.1,448.1,276.3,421.3,1259,0.162,15
1463,96.352,-14.397,-56.244,-0.6429,-0.7593,0.1008,-0.5067,0.5398,-0.6723,0.4614,-0.489,-0.7403,25.5,0.1519,1.858,0.171,1.17994,288.4,436.0,301.9,449.6,275.2,422.6,1260,0.067,15
1464,95.146,-15.835,-56.001,-0.6338,-0.7585,0.1517,-0.5062,0.542,-0.6708,0.4347,-0.5115,-0.7413,25.5,0.192,2.001,0.155,1.56592,287.3,437.4,300.8,451.0,274.0,423.9,1261,0.381,15
1465,93.948,-17.265,-55.684,-0.6339,-0.7522,0.1798,-0.5059,0.544,-0.6694,0.4149,-0.5269,-0.7418,25.5,0.2089,1.437,0.141,0.87199,286.1,438.7,299.6,452.5,272.9,425.3,1263,0.644,15
1466,92.741,-18.679,-55.333,-0.6435,-0.7421,0.1875,-0.5059,0.5458,-0.668,0.4019,-0.5361,-0.7423,25.5,0.2047,0.913,0.131,0.48202,285.0,440.1,298.4,453.9,271.8,426.6,1264,0.114,15
1467,91.507,-20.071,-54.986,-0.6622,-0.7283,0.1761,-0.5059,0.5474,-0.6666,0.3957,-0.5395,-0.7432,25.5,0.1811,0.408,0.122,0.7838,283.8,441.5,297.2,455.3,270.6,427.9,1265,0.536,15
1468,90.23,-21.432,-54.669,-0.687,-0.7064,0.1703,-0.5062,0.5488,-0.6653,0.381,-0.5498,-0.7434,25.5,0.1532,1.028,0.111,1.01707,282.6,442.8,296.0,456.7,269.4,429.2,1267,0.08,15
1469,88.912,-22.747,-54.334,-0.7046,-0.6861,0.1811,-0.5066,0.5501,-0.6639,0.3595,-0.5651,-0.7425,25.5,0.1407,1.513,0.112,0.87682,281.3,444.1,294.8,458.0,268.1,430.4,1269,0.293,15
1470,87.568,-24.035,-53.993,-0.7146,-0.6768,0.1768,-0.5071,0.5512,-0.6626,0.3539,-0.5678,-0.7432,25.5,0.1278,0.358,0.102,0.43345,280.0,445.3,293.5,459.3,266.8,431.6,1270,0.48,15
1471,86.211,-25.315,-53.673,-0.7182,-0.6777,0.1581,-0.5076,0.5523,-0.6613,0.3632,-0.5589,-0.7455,25.5,0.1143,0.749,0.102,0.57721,278.7,446.6,292.2,460.6,265.5,432.8,1272,0.075,15
1472,84.854,-26.606,-53.404,-0.7147,-0.6884,0.1241,-0.5081,0.5533,-0.6601,0.3877,-0.5375,-0.7489,25.5,0.0997,1.874,0.094,1.08436,277.4,447.8,290.9,461.9,264.2,434.0,1273,0.522,15
1473,83.511,-27.926,-53.214,-0.7062,-0.7037,0.0781,-0.5085,0.5543,-0.659,0.4219,-0.5068,-0.7518,25.5,0.0824,2.639,0.088,1.49046,276.1,449.1,289.6,463.2,262.9,435.3,1275,0.547,15
1474,82.172,-29.258,-53.094,-0.7077,-0.7048,0.0483,-0.5087,0.5553,-0.6579,0.4378,-0.4912,-0.753,25.5,0.0631,1.278,0.086,0.90408,274.8,450.4,288.3,464.6,261.6,436.5,1276,0.3,15
1475,80.836,-30.596,-53.032,-0.7044,-0.7096,0.0175,-0.5089,0.5563,-0.657,0.457,-0.4722,-0.7538,25.5,0.0478,1.548,0.078,0.94915,273.5,451.7,287.0,465.9,260.3,437.8,1277,0.162,15
1476,79.51,-31.946,-53.028,-0.6961,-0.7179,-0.013,-0.5089,0.5573,-0.6561,0.4786,-0.4503,-0.7538,25.5,0.0373,1.762,0.077,0.98957,272.2,453.0,285.7,467.2,259.0,439.1,1278,0.133,15
1477,78.204,-33.315,-53.08,-0.6833,-0.729,-0.0419,-0.5089,0.5583,-0.6552,0.5013,-0.4266,-0.7528,25.5,0.0318,1.881,0.077,1.01435,271.0,454.4,284.4,468.6,257.8,440.4,1279,0.216,15
1478,76.926,-34.706,-53.186,-0.6677,-0.7409,-0.072,-0.5089,0.5593,-0.6544,0.5253,-0.4005,-0.7508,25.5,0.0275,2.035,0.073,1.08777,269.7,455.7,283.1,470.0,256.6,441.7,1280,0.415,15
1479,75.675,-36.116,-53.358,-0.6542,-0.7485,-0.1087,-0.5088,0.5603,-0.6536,0.5502,-0.3723,-0.7475,25.5,0.0155,2.164,0.074,1.20631,268.5,457.1,281.9,471.4,255.4,443.0,1281,0.731,15
1480,74.449,-37.538,-53.591,-0.642,-0.7547,-0.1353,-0.5087,0.5614,-0.6528,0.5686,-0.3503,-0.7443,25.5,0.0088,1.653,0.078,0.90581,267.3,458.5,280.7,472.8,254.2,444.3,1281,1.163,15
1481,73.244,-38.971,-53.864,-0.6324,-0.7597,-0.1514,-0.5085,0.5624,-0.652,0.5805,-0.3353,-0.742,25.5,0.007,1.105,0.074,0.58738,266.1,459.8,279.5,474.2,253.0,445.7,1282,0.729,15
1482,72.054,-40.413,-54.157,-0.6256,-0.764,-0.1577,-0.5084,0.5635,-0.6512,0.5864,-0.3272,-0.741,25.5,0.0098,0.577,0.078,0.3094,264.9,461.2,278.3,475.7,251.9,447.1,1283,0.191,15
1483,70.874,-41.862,-54.455,-0.6216,-0.7676,-0.156,-0.5082,0.5645,-0.6504,0.5874,-0.3251,-0.7411,25.5,0.016,0.133,0.074,0.17089,263.8,462.6,277.1,477.1,250.7,448.4,1284,0.445,15
1484,69.702,-43.318,-54.748,-0.6157,-0.7714,-0.1607,-0.508,0.5656,-0.6496,0.5922,-0.3184,-0.7403,25.5,0.0191,0.474,0.079,0.25576,262.6,464.0,275.9,478.5,249.6,449.8,1285,1.124,15
1485,68.545,-44.782,-55.069,-0.6068,-0.7751,-0.1762,-0.5078,0.5667,-0.6489,0.6029,-0.3043,-0.7375,25.5,0.0168,1.027,0.075,0.55265,261.5,465.5,274.8,480.0,248.5,451.2,1285,0.77,15
1486,67.403,-46.251,-55.411,-0.6009,-0.7777,-0.1846,-0.5075,0.5678,-0.6481,0.6089,-0.2959,-0.736,25.5,0.017,0.598,0.08,0.32065,260.4,466.9,273.6,481.4,247.4,452.6,1286,0.095,15
1487,66.269,-47.725,-55.764,-0.5973,-0.7797,-0.1879,-0.5072,0.5689,-0.6474,0.6118,-0.2914,-0.7354,25.5,0.019,0.309,0.077,0.15969,259.3,468.3,272.5,482.9,246.3,453.9,1287,0.629,15
1488,65.141,-49.202,-56.12,-0.5953,-0.7814,-0.1872,-0.5068,0.57,-0.6467,0.6122,-0.2901,-0.7356,25.5,0.0226,0.079,0.078,0.08224,258.2,469.7,271.4,484.4,245.2,455.3,1287,1.27,15
1489,64.015,-50.683,-56.47,-0.5947,-0.7829,-0.1826,-0.5064,0.5712,-0.6459,0.6103,-0.2918,-0.7365,25.5,0.0281,0.155,0.086,0.14757,257.1,471.1,270.3,485.8,244.1,456.7,1288,0.618,15
1490,62.889,-52.166,-56.808,-0.5956,-0.7843,-0.1738,-0.5059,0.5725,-0.6452,0.6059,-0.2965,-0.7382,25.5,0.0356,0.382,0.089,0.27108,256.0,472.6,269.1,487.3,243.0,458.1,1289,0.06,15
1491,61.759,-53.652,-57.125,-0.598,-0.7854,-0.1598,-0.5053,0.5739,-0.6444,0.5985,-0.3049,-0.7408,25.5,0.0456,0.658,0.099,0.43129,254.9,474.0,268.0,488.8,242.0,459.5,1290,0.461,15
1492,60.623,-55.14,-57.409,-0.6023,-0.7861,-0.1387,-0.5047,0.5753,-0.6437,0.5868,-0.3183,-0.7445,25.5,0.059,1.041,0.096,0.65196,253.7,475.4,266.9,490.3,240.9,460.9,1291,0.83,15
1493,59.478,-56.626,-57.643,-0.6088,-0.7861,-0.1067,-0.5039,0.5768,-0.643,0.5687,-0.3387,-0.7496,25.5,0.078,1.59,0.105,0.98934,252.6,476.9,265.7,491.7,239.8,462.3,1291,1.062,15
1494,58.323,-58.115,-57.815,-0.6118,-0.7874,-0.0753,-0.503,0.5785,-0.6422,0.552,-0.3568,-0.7537,25.5,0.0994,1.43,0.119,0.95618,251.5,478.3,264.5,493.2,238.7,463.6,1292,0.81,15
1495,57.164,-59.606,-57.931,-0.6138,-0.788,-0.0489,-0.5019,0.5802,-0.6414,0.5375,-0.3718,-0.7569,25.5,0.1178,1.209,0.125,0.80178,250.4,479.7,263.4,494.7,237.6,465.0,1293,0.681,15
1496,56.001,-61.097,-58.005,-0.6149,-0.788,-0.031,-0.5009,0.582,-0.6407,0.5274,-0.3817,-0.759,25.5,0.1308,0.819,0.124,0.54301,249.3,481.2,262.2,496.2,236.5,466.4,1294,0.677,15
1497,54.837,-62.588,-58.055,-0.6152,-0.788,-0.0244,-0.4997,0.5838,-0.6399,0.5234,-0.3851,-0.7601,25.5,0.137,0.307,0.132,0.20004,248.1,482.6,261.0,497.7,235.4,467.8,1295,0.795,15
1498,53.673,-64.079,-58.105,-0.6149,-0.788,-0.0304,-0.4985,0.5857,-0.6391,0.5263,-0.3814,-0.76,25.5,0.1356,0.269,0.137,0.18188,247.0,484.1,259.9,499.2,234.3,469.2,1297,0.504,15
1499,52.51,-65.571,-58.178,-0.6138,-0.788,-0.0478,-0.4973,0.5876,-0.6383,0.5354,-0.3711,-0.7587,25.5,0.1273,0.791,0.137,0.52789,245.9,485.5,258.7,500.7,233.2,470.6,1298,0.0,15
