ring,cx,cy,cz,Tx,Ty,Tz,Bx,By,Bz,Nx,Ny,Nz,hw,obl,dN,dB,kappa,sx_c,sy_c,sx_L,sy_L,sx_R,sy_R,pose_ring,pose_dist,iv
0,-67.79,-359.928,260.118,0.6094,0.7928,-0.0127,0.7915,-0.6029,0.1005,0.072,-0.0713,-0.9949,25.5,0.0031,0.0,0.0,0.0,115.8,842.8,92.3,824.1,139.3,861.5,0,0.0,0
1,-66.46,-358.188,260.082,0.6058,0.7954,-0.0201,0.7928,-0.6079,0.0439,0.0227,-0.0425,-0.9988,25.5,0.0041,3.279,3.257,0.22572,117.3,840.7,93.8,822.3,140.9,859.2,2,0.205,0
2,-65.135,-356.445,260.033,0.6039,0.7967,-0.0239,0.7918,-0.6108,-0.0047,-0.0183,-0.0162,-0.9997,25.5,0.0083,2.792,2.79,0.11622,118.9,838.7,95.3,820.5,142.5,856.8,4,0.333,0
3,-63.813,-354.7,259.98,0.604,0.7967,-0.0238,0.7897,-0.6121,-0.0418,-0.0479,0.0065,-0.9988,25.5,0.0097,2.138,2.13,0.00337,120.4,836.6,96.8,818.6,144.0,854.6,6,0.595,0
4,-62.488,-352.956,259.931,0.606,0.7952,-0.0197,0.7876,-0.6127,-0.065,-0.0637,0.0238,-0.9977,25.5,0.0087,1.344,1.335,0.12559,122.0,834.6,98.4,816.7,145.5,852.4,7,0.362,0
5,-61.158,-351.217,259.896,0.6097,0.7926,-0.0121,0.7866,-0.6133,-0.0713,-0.064,0.0339,-0.9974,25.5,0.0056,0.579,0.367,0.23139,123.5,832.5,100.0,814.7,147.0,850.3,9,0.758,0
6,-59.817,-349.485,259.88,0.6145,0.7889,-0.0019,0.7872,-0.6141,-0.0569,-0.0461,0.0335,-0.9984,25.5,0.0006,1.027,0.827,0.31041,125.1,830.5,101.5,812.6,148.6,848.4,10,0.36,0
7,-58.465,-347.762,259.889,0.6201,0.7844,0.01,0.7888,-0.6145,-0.015,-0.0057,0.0172,-0.9998,25.5,0.007,2.498,2.403,0.36365,126.7,828.5,103.1,810.3,150.2,846.7,11,0.086,0
8,-57.101,-346.049,259.925,0.6244,0.7808,0.0227,0.7884,-0.6117,0.0659,0.0654,-0.0233,-0.9976,25.5,0.0162,4.691,4.639,0.36324,128.3,826.5,104.9,807.8,151.7,845.2,12,0.077,0
9,-55.731,-344.34,259.986,0.6261,0.779,0.0326,0.7769,-0.5982,0.1964,0.1726,-0.0977,-0.9801,25.5,0.0268,7.549,7.551,0.26675,129.9,824.5,107.0,805.4,152.9,843.7,13,0.137,0
10,-54.358,-342.635,260.065,0.6278,0.7773,0.0399,0.7384,-0.5625,0.372,0.3118,-0.2043,-0.9279,25.5,0.0412,10.496,10.516,0.20106,131.5,822.5,110.0,803.4,153.2,841.9,14,0.118,0
11,-52.98,-340.934,260.159,0.6296,0.7756,0.0453,0.6591,-0.4954,0.5659,0.4621,-0.327,-0.8244,25.5,0.0564,12.625,12.629,0.1554,133.1,820.6,114.2,802.2,152.3,839.2,15,0.13,0
12,-51.6,-339.238,260.263,0.6315,0.7738,0.0494,0.5467,-0.4048,0.733,0.5886,-0.4369,-0.6802,25.5,0.0682,12.692,12.678,0.12725,134.7,818.6,119.3,801.9,150.4,835.7,16,0.306,0
13,-50.214,-337.545,260.375,0.6335,0.772,0.0524,0.4324,-0.3164,0.8444,0.6702,-0.5136,-0.5357,25.5,0.0739,10.489,10.468,0.1054,136.3,816.7,124.4,801.9,148.5,831.8,17,0.577,0
14,-48.824,-335.856,260.492,0.6358,0.7699,0.0546,0.3453,-0.2528,0.9038,0.7116,-0.5573,-0.4278,25.5,0.0743,7.084,7.059,0.09971,137.9,814.7,128.6,801.5,147.5,828.3,18,0.911,0
15,-47.428,-334.171,260.613,0.6384,0.7677,0.056,0.2994,-0.2249,0.9273,0.7262,-0.5766,-0.3743,25.5,0.0704,3.365,3.36,0.09628,139.5,812.8,131.6,800.3,147.7,825.7,19,1.283,0
16,-46.026,-332.492,260.737,0.6415,0.7651,0.0565,0.3009,-0.2385,0.9234,0.7213,-0.5764,-0.384,25.5,0.0627,0.623,0.815,0.1066,141.2,810.8,133.1,798.0,149.5,824.1,19,0.917,0
17,-44.616,-330.819,260.86,0.6451,0.762,0.0562,0.3581,-0.302,0.8835,0.6911,-0.5506,-0.4683,25.5,0.0505,5.341,5.406,0.12448,142.8,808.9,133.0,794.5,152.9,823.8,20,0.524,0
18,-43.198,-329.153,260.982,0.6497,0.7582,0.0548,0.4788,-0.4239,0.7688,0.6064,-0.4735,-0.6387,25.5,0.0318,11.785,11.845,0.16026,144.5,807.0,131.0,789.7,158.3,824.8,21,0.138,0
19,-41.768,-327.497,261.099,0.6556,0.7533,0.0518,0.6347,-0.5787,0.5122,0.4158,-0.3029,-0.8575,25.5,0.0067,19.38,19.448,0.21532,146.1,805.1,127.8,784.7,164.8,825.8,22,0.232,0
20,-40.326,-325.857,261.208,0.6647,0.7455,0.0489,0.7267,-0.6727,0.1393,0.1368,-0.0571,-0.989,25.5,0.0116,22.746,22.805,0.32317,147.8,803.2,126.3,782.3,169.4,824.2,23,0.555,0
21,-38.859,-324.234,261.316,0.674,0.737,0.0494,0.7222,-0.6735,-0.1578,-0.083,0.1421,-0.9864,25.5,0.0174,17.059,17.087,0.32986,149.5,801.3,127.8,782.2,171.1,820.4,24,0.81,0
22,-37.375,-322.626,261.425,0.6807,0.7309,0.0498,0.6928,-0.6488,-0.3148,-0.1978,0.2488,-0.9481,25.5,0.0183,9.254,9.27,0.23721,151.3,799.5,130.3,782.0,172.1,816.8,25,0.978,0
23,-35.877,-321.03,261.534,0.6858,0.7261,0.0499,0.6732,-0.6331,-0.3822,-0.2459,0.2957,-0.9231,25.5,0.0171,4.108,4.122,0.18315,153.0,797.6,132.5,781.0,173.2,814.0,26,1.045,0
24,-34.371,-319.444,261.643,0.6898,0.7223,0.0499,0.6699,-0.6338,-0.3868,-0.2478,0.3003,-0.9211,25.5,0.015,0.307,0.327,0.14432,154.8,795.8,134.4,779.2,174.9,812.2,27,1.016,0
25,-32.854,-317.864,261.752,0.693,0.7192,0.0497,0.6879,-0.6584,-0.3055,-0.1871,0.2459,-0.9511,25.5,0.012,4.978,4.976,0.11649,156.6,794.0,135.7,776.1,177.2,811.7,28,0.89,0
26,-31.334,-316.291,261.86,0.6949,0.7175,0.0485,0.7094,-0.701,0.0736,0.0868,-0.0168,-0.9961,25.5,0.0064,22.032,22.027,0.07374,158.3,792.2,137.2,770.8,179.5,813.6,29,0.68,0
27,-29.808,-314.728,261.957,0.7011,0.7118,0.0414,0.0676,-0.1184,0.9907,0.7101,-0.6918,-0.1311,25.5,0.0041,78.238,78.238,0.28853,160.1,790.4,158.7,780.9,161.6,800.1,30,0.387,0
28,-28.263,-313.177,262.036,0.7069,0.7065,0.0336,-0.0436,-0.0047,0.999,0.706,-0.7077,0.0275,25.5,0.0006,9.145,9.134,0.28958,161.9,788.6,163.7,782.4,160.0,794.9,31,0.011,0
29,-26.711,-311.633,262.103,0.7113,0.7024,0.0261,0.3917,-0.4228,0.8172,0.585,-0.571,-0.5759,25.5,0.003,36.747,36.744,0.2515,163.7,786.8,152.6,769.4,175.2,804.6,32,0.44,0
30,-25.147,-310.1,262.148,0.7141,0.6996,0.0243,0.5557,-0.582,0.5936,0.4294,-0.4104,-0.8044,25.5,0.0041,18.398,18.4,0.1138,165.6,785.0,149.4,764.2,182.0,806.1,34,0.639,0
31,-23.575,-308.575,262.175,0.7223,0.6916,-0.0067,0.6273,-0.6541,0.4226,0.2879,-0.3094,-0.9063,25.5,0.0021,11.566,11.416,0.86449,167.4,783.2,149.0,761.3,186.1,805.4,35,0.026,0
32,-21.983,-307.076,262.104,0.7324,0.6786,-0.0566,0.6545,-0.6785,0.3336,0.188,-0.2813,-0.941,25.5,0.0,6.273,5.515,1.37617,169.3,781.4,150.0,759.3,188.8,803.8,36,0.706,0
33,-20.374,-305.597,261.952,0.7361,0.6722,-0.0792,0.663,-0.6767,0.3202,0.1617,-0.2882,-0.9438,25.5,0.0078,1.566,0.915,0.62184,171.2,779.7,151.6,757.7,190.9,801.9,38,0.1,0
34,-18.758,-304.129,261.764,0.7382,0.6684,-0.0913,0.6613,-0.6622,0.3525,0.1751,-0.3206,-0.9309,25.5,0.0134,2.141,2.031,0.33609,173.0,777.9,153.6,756.2,192.8,799.9,40,0.532,0
35,-17.138,-302.667,261.554,0.7399,0.6652,-0.1001,0.6531,-0.6442,0.3981,0.2004,-0.3599,-0.9112,25.5,0.0149,2.906,2.848,0.24883,174.9,776.2,155.7,754.7,194.4,797.9,41,0.36,0
36,-15.516,-301.214,261.326,0.7417,0.662,-0.1079,0.6444,-0.634,0.4276,0.2146,-0.3867,-0.8969,25.5,0.0121,1.921,1.857,0.22547,176.8,774.4,157.9,753.1,196.1,796.0,43,0.207,0
37,-13.888,-299.768,261.08,0.7442,0.6577,-0.1169,0.643,-0.6449,0.413,0.1963,-0.3825,-0.9029,25.5,0.0061,1.129,1.047,0.26897,178.8,772.7,159.8,751.2,198.0,794.4,44,0.663,0
38,-12.254,-298.336,260.806,0.748,0.6485,-0.1408,0.6523,-0.6872,0.3198,0.1107,-0.3311,-0.9371,25.5,0.0028,6.05,5.891,0.67727,180.7,770.9,161.4,748.7,200.1,793.4,46,0.125,0
39,-10.611,-296.932,260.456,0.7536,0.6343,-0.1724,0.6558,-0.7413,0.1429,-0.0372,-0.2208,-0.9746,25.5,0.0006,10.803,10.616,0.91833,182.6,769.2,163.1,746.3,202.2,792.2,48,0.451,0
40,-8.953,-295.547,260.098,0.76,0.6332,-0.1463,0.6375,-0.7695,-0.0377,-0.1365,-0.0646,-0.9885,25.5,0.0028,10.65,10.54,0.70392,184.5,767.5,165.5,744.8,203.5,790.2,49,0.337,0
41,-7.286,-294.161,259.783,0.7614,0.6312,-0.1478,0.6162,-0.7748,-0.141,-0.2035,0.0163,-0.9789,25.5,0.001,6.047,6.054,0.07494,186.5,765.8,168.1,743.5,204.8,788.0,51,0.321,0
42,-5.615,-292.78,259.463,0.7642,0.6293,-0.1412,0.6068,-0.776,-0.172,-0.2178,0.0457,-0.9749,25.5,0.0003,1.887,1.857,0.19395,188.4,764.1,170.3,741.9,206.5,786.2,52,0.425,0
43,-3.937,-291.402,259.174,0.7683,0.6286,-0.1206,0.6077,-0.7778,-0.1601,-0.1945,0.0497,-0.9796,25.5,0.0027,1.381,0.692,0.54977,190.4,762.4,172.2,740.1,208.5,784.7,54,0.314,0
44,-2.249,-290.026,258.944,0.7731,0.6282,-0.0878,0.6137,-0.7789,-0.1293,-0.1496,0.0461,-0.9877,25.5,0.0035,2.622,1.799,0.86726,192.4,760.8,174.0,738.3,210.6,783.2,55,0.399,0
45,-0.552,-288.652,258.799,0.7777,0.6271,-0.0433,0.6198,-0.7779,-0.1037,-0.0987,0.0538,-0.9937,25.5,0.0013,2.97,1.509,1.17172,194.4,759.1,175.9,736.5,212.8,781.7,57,0.396,0
46,1.156,-287.28,258.742,0.7803,0.6253,-0.0117,0.6232,-0.7755,-0.1012,-0.0724,0.0717,-0.9948,25.5,0.0025,1.824,0.278,0.83056,196.3,757.5,177.8,735.0,214.9,780.0,58,0.304,0
47,2.867,-285.912,258.74,0.7817,0.6236,0.0095,0.6243,-0.7719,-0.1202,-0.0677,0.0999,-0.9927,25.5,0.0055,1.642,1.11,0.55731,198.3,755.9,179.7,733.6,216.9,778.2,60,0.543,0
48,4.581,-284.548,258.779,0.7827,0.6218,0.0256,0.623,-0.7667,-0.155,-0.0768,0.1373,-0.9876,25.5,0.0069,2.225,2.018,0.4245,200.4,754.3,181.8,732.3,218.8,776.3,61,0.208,0
49,6.297,-283.187,258.851,0.7837,0.6199,0.0393,0.6197,-0.7592,-0.1991,-0.0936,0.1804,-0.9791,25.5,0.0072,2.695,2.57,0.36259,202.4,752.8,183.9,731.2,220.7,774.2,63,0.703,0
50,8.015,-281.831,258.951,0.7848,0.6175,0.0525,0.6147,-0.7495,-0.2457,-0.1124,0.2251,-0.9678,25.5,0.0067,2.853,2.742,0.352,204.4,751.2,186.0,730.1,222.6,772.1,64,0.075,0
51,9.736,-280.482,259.082,0.7867,0.6136,0.0681,0.6094,-0.7386,-0.2882,-0.1265,0.2682,-0.955,25.5,0.0066,2.7,2.532,0.42361,206.4,749.7,188.2,729.1,224.4,770.0,65,0.65,0
52,11.459,-279.148,259.285,0.7878,0.6049,0.1161,0.6062,-0.732,-0.3108,-0.1031,0.3152,-0.9434,25.5,0.0013,3.081,1.361,1.2774,208.4,748.1,190.3,727.9,226.3,768.2,67,0.192,0
53,13.186,-277.832,259.572,0.7896,0.5977,0.139,0.6089,-0.7515,-0.254,-0.0474,0.2852,-0.9573,25.5,0.0037,3.712,3.445,0.62978,210.4,746.7,192.3,725.6,228.4,767.6,68,0.495,0
54,14.921,-276.526,259.86,0.7941,0.5933,0.132,0.601,-0.7985,-0.0339,0.0853,0.1062,-0.9907,25.5,0.001,12.937,12.931,0.24622,212.4,745.2,194.5,721.6,230.3,768.8,70,0.295,0
55,16.665,-275.235,260.154,0.7991,0.5865,0.132,0.5277,-0.789,0.3146,0.2886,-0.1817,-0.94,25.5,0.0005,20.511,20.522,0.2208,214.5,743.8,198.7,718.7,230.4,769.1,71,0.423,0
56,18.422,-273.958,260.443,0.8041,0.58,0.1301,0.3848,-0.6718,0.633,0.4545,-0.4589,-0.7634,25.5,0.0021,21.217,21.214,0.22019,216.5,742.3,205.0,719.2,228.4,766.0,73,0.283,0
57,20.191,-272.696,260.717,0.813,0.5705,0.116,0.2728,-0.5504,0.7891,0.5141,-0.6099,-0.6031,25.5,0.0007,13.1,13.049,0.50204,218.6,740.9,210.3,720.6,227.2,761.8,74,0.486,0
58,21.968,-271.446,260.989,0.8205,0.563,0.099,0.3887,-0.6798,0.6219,0.4174,-0.4718,-0.7766,25.5,0.0022,13.895,13.848,0.52421,220.7,739.5,209.0,716.2,232.7,763.3,76,0.105,0
59,23.79,-270.243,261.114,0.8409,0.5405,0.0275,0.5096,-0.8012,0.3137,0.1915,-0.2498,-0.9492,25.5,0.0041,20.78,20.31,2.03607,222.8,738.1,207.6,712.7,238.3,763.8,78,0.602,0
60,25.64,-269.067,261.148,0.8459,0.5333,0.0068,0.5394,-0.8326,0.1256,0.0727,-0.1025,-0.9921,25.5,0.0131,11.135,11.076,0.58747,225.0,736.8,208.9,711.3,241.2,762.3,79,0.331,0
61,27.497,-267.903,261.15,0.8486,0.529,-0.0049,0.5372,-0.8419,0.0516,0.0232,-0.0464,-0.9987,25.5,0.0102,4.304,4.276,0.33345,227.2,735.4,211.1,710.0,243.2,760.8,81,0.218,0
62,29.359,-266.748,261.128,0.8508,0.5252,-0.0154,0.5262,-0.8453,0.0922,0.0355,-0.0866,-0.9956,25.5,0.0023,2.415,2.418,0.29762,229.3,734.0,213.6,708.4,245.1,759.8,83,0.335,0
63,31.228,-265.601,261.08,0.8537,0.5198,-0.0296,0.5077,-0.8194,0.266,0.114,-0.2421,-0.9635,25.5,0.0004,10.162,10.137,0.40412,231.5,732.7,216.3,707.0,246.9,758.6,85,0.434,0
64,33.102,-264.479,260.978,0.8625,0.4995,-0.0812,0.4684,-0.7182,0.5146,0.1987,-0.4819,-0.8534,25.5,0.0035,15.93,15.591,1.47109,233.7,731.4,219.5,707.5,248.1,755.6,87,0.504,0
65,35.002,-263.423,260.712,0.8681,0.4818,-0.1192,0.4935,-0.8354,0.242,0.017,-0.2689,-0.963,25.5,0.0029,17.292,17.125,1.10655,235.9,730.1,221.1,704.0,250.9,756.3,89,0.521,0
66,36.909,-262.382,260.436,0.8727,0.4719,-0.1256,0.3443,-0.7713,-0.5353,-0.3495,0.4239,-0.8356,25.5,0.0037,46.785,46.787,0.33103,238.2,728.8,228.2,708.3,248.0,748.9,91,0.492,0
67,38.823,-261.357,260.146,0.8759,0.4656,-0.1268,0.4019,-0.8441,-0.355,-0.2723,0.2599,-0.9264,25.5,0.004,11.636,11.639,0.18751,240.4,727.5,228.6,704.0,252.0,750.8,93,0.439,0
68,40.75,-260.334,259.985,0.8827,0.4688,-0.0339,0.47,-0.8826,-0.0099,-0.0346,-0.0072,-0.9994,25.5,0.0014,21.027,20.382,2.44125,242.6,726.3,228.6,700.0,256.6,752.6,95,0.41,0
69,42.684,-259.307,259.945,0.8832,0.469,-0.0063,0.4825,-0.8662,0.13,0.0555,-0.1179,-0.9915,25.5,0.0191,8.197,8.109,0.72207,244.9,725.1,230.4,698.7,259.4,751.6,97,0.474,0
70,44.62,-258.28,259.948,0.8835,0.4683,0.0081,0.4853,-0.8616,0.1487,0.0766,-0.1275,-0.9889,25.5,0.0265,1.337,1.115,0.37709,247.2,723.9,232.6,697.5,261.8,750.4,98,0.618,0
71,46.556,-257.255,259.978,0.8841,0.467,0.0185,0.4849,-0.8688,0.1001,0.0629,-0.0795,-0.9948,25.5,0.0248,2.88,2.815,0.27451,249.4,722.7,234.9,696.4,264.0,749.1,100,0.377,0
72,48.494,-256.234,260.028,0.8849,0.465,0.0279,0.4789,-0.8777,0.0164,0.0321,-0.0012,-0.9995,25.5,0.0161,4.83,4.836,0.25224,251.7,721.5,237.4,695.3,266.0,747.8,102,0.19,0
73,50.433,-255.219,260.101,0.886,0.4619,0.0404,0.4679,-0.8818,-0.06,0.0079,0.0721,-0.9974,25.5,0.0048,4.425,4.43,0.33811,254.0,720.3,240.1,694.3,267.8,746.3,103,0.586,0
74,52.373,-254.21,260.227,0.8855,0.4589,0.0724,0.4585,-0.8846,-0.0856,0.0247,0.109,-0.9937,25.5,0.0061,2.333,1.571,0.84092,256.2,719.2,242.6,693.2,269.8,745.1,105,0.349,0
75,54.312,-253.208,260.406,0.8854,0.4565,0.0876,0.4533,-0.8891,-0.0637,0.0488,0.0961,-0.9942,25.5,0.0101,1.567,1.315,0.40255,258.5,718.1,245.0,691.8,271.9,744.2,106,0.184,0
76,56.253,-252.21,260.599,0.8864,0.4549,0.0862,0.4507,-0.8926,-0.0135,0.0708,0.0508,-0.9962,25.5,0.0077,2.888,2.887,0.06145,260.8,716.9,247.4,690.4,274.2,743.5,107,0.577,0
77,58.196,-251.214,260.771,0.8883,0.4541,0.0688,0.4485,-0.8927,0.0434,0.0811,-0.0076,-0.9967,25.5,0.004,3.398,3.263,0.45832,263.1,715.8,249.6,689.0,276.5,742.6,108,0.886,0
78,60.144,-250.22,260.89,0.8904,0.4538,0.0366,0.4466,-0.8905,0.0865,0.0719,-0.0607,-0.9956,25.5,0.0033,3.089,2.475,0.84422,265.3,714.7,251.9,687.7,278.8,741.7,110,0.985,0
79,62.097,-249.229,260.936,0.8928,0.4502,0.0135,0.4457,-0.8896,0.0996,0.0569,-0.0829,-0.9949,25.5,0.0012,1.536,0.754,0.61476,267.6,713.5,254.2,686.5,281.1,740.6,111,0.971,0
80,64.055,-248.247,260.952,0.8948,0.4465,0.0007,0.446,-0.8914,0.0811,0.0368,-0.0723,-0.9967,25.5,0.0011,1.306,1.065,0.35244,269.9,712.4,256.5,685.4,283.3,739.4,112,1.052,0
81,66.015,-247.27,260.937,0.8951,0.4455,-0.0152,0.4465,-0.894,0.0384,0.0035,-0.0412,-0.9991,25.5,0.0008,2.615,2.451,0.41681,272.2,711.2,258.9,684.4,285.6,738.1,112,1.139,0
82,67.975,-246.294,260.884,0.8939,0.4469,-0.0341,0.4457,-0.8949,-0.0212,-0.04,0.0038,-0.9992,25.5,0.0008,3.587,3.416,0.49674,274.5,710.1,261.2,683.5,287.8,736.6,113,0.966,0
83,69.93,-245.311,260.786,0.8911,0.4504,-0.0557,0.4425,-0.8923,-0.0898,-0.0901,0.0553,-0.9944,25.5,0.0026,4.127,3.938,0.57707,276.8,708.9,263.7,682.7,289.8,735.0,114,0.701,0
84,71.877,-244.319,260.638,0.8864,0.4559,-0.0802,0.4366,-0.8856,-0.1587,-0.1433,0.1056,-0.984,25.5,0.004,4.238,3.981,0.66828,279.1,707.7,266.2,682.0,291.8,733.3,115,0.345,0
85,73.813,-243.315,260.435,0.8826,0.4588,-0.1028,0.4287,-0.8764,-0.2193,-0.1908,0.1495,-0.9702,25.5,0.0012,3.79,3.541,0.60433,281.3,706.5,268.8,681.3,293.7,731.5,116,0.1,0
86,75.745,-242.312,260.19,0.881,0.4575,-0.1204,0.4198,-0.8671,-0.2681,-0.2271,0.1856,-0.956,25.5,0.0054,3.044,2.892,0.46348,283.6,705.3,271.4,680.6,295.6,729.8,117,0.63,0
87,77.671,-241.308,259.906,0.8775,0.459,-0.1391,0.4104,-0.8587,-0.307,-0.2604,0.2124,-0.9419,25.5,0.0087,2.579,2.343,0.49922,285.8,704.1,274.0,679.8,297.5,728.1,118,1.239,0
88,79.588,-240.299,259.58,0.8721,0.4628,-0.159,0.4006,-0.8513,-0.3388,-0.2921,0.2318,-0.9279,25.5,0.0093,2.276,1.953,0.54844,288.0,702.8,276.5,678.9,299.4,726.5,118,0.952,0
89,81.49,-239.279,259.209,0.8647,0.4689,-0.1801,0.3904,-0.845,-0.3656,-0.3236,0.2458,-0.9137,25.5,0.0072,2.136,1.682,0.6063,290.2,701.6,279.1,677.9,301.2,724.9,119,0.272,0
90,83.374,-238.243,258.79,0.8551,0.4772,-0.2025,0.3795,-0.8392,-0.3896,-0.3559,0.2563,-0.8987,25.5,0.0029,2.127,1.546,0.67346,292.4,700.3,281.6,676.9,303.0,723.3,120,0.472,0
91,85.235,-237.187,258.321,0.8433,0.4875,-0.2263,0.3677,-0.8333,-0.4128,-0.3898,0.2649,-0.882,25.5,0.0027,2.221,1.529,0.74535,294.5,699.0,284.2,675.9,304.7,721.7,121,1.272,0
92,87.069,-236.11,257.8,0.8337,0.4936,-0.2474,0.3545,-0.8266,-0.4371,-0.4203,0.2767,-0.8641,25.5,0.0043,2.136,1.63,0.62707,296.6,697.6,286.7,674.8,306.4,720.0,121,0.918,0
93,88.888,-235.027,257.238,0.827,0.4956,-0.2656,0.34,-0.8186,-0.4629,-0.4468,0.2925,-0.8455,25.5,0.0016,2.064,1.757,0.51001,298.7,696.2,289.3,673.8,308.0,718.3,122,0.072,0
94,90.69,-233.937,256.636,0.8178,0.5001,-0.2848,0.3247,-0.8095,-0.4891,-0.4751,0.3075,-0.8244,25.5,0.0,2.198,1.815,0.56919,300.8,694.9,291.9,672.8,309.5,716.6,123,0.816,0
95,92.469,-232.834,255.99,0.8063,0.507,-0.3048,0.3093,-0.7997,-0.5146,-0.5046,0.3206,-0.8016,25.5,0.0008,2.264,1.797,0.62993,302.8,693.5,294.5,671.8,311.0,714.7,123,1.374,0
96,94.22,-231.714,255.3,0.7923,0.516,-0.3255,0.2942,-0.7897,-0.5384,-0.5349,0.3308,-0.7775,25.5,0.0009,2.294,1.714,0.69484,304.8,692.0,297.0,670.8,312.5,712.9,124,0.458,0
97,95.938,-230.572,254.564,0.776,0.5269,-0.3468,0.2804,-0.7799,-0.5595,-0.5653,0.337,-0.7529,25.5,0.0007,2.269,1.55,0.75738,306.7,690.6,299.4,669.7,314.0,711.1,125,0.483,0
98,97.618,-229.405,253.78,0.7572,0.5394,-0.3683,0.2684,-0.7712,-0.5773,-0.5954,0.3383,-0.7287,25.5,0.0001,2.214,1.327,0.81555,308.6,689.1,301.7,668.5,315.5,709.2,126,1.431,0
99,99.254,-228.208,252.95,0.7362,0.5532,-0.3899,0.259,-0.7641,-0.5908,-0.6247,0.3339,-0.7058,25.5,0.0017,2.146,1.027,0.86691,310.5,687.5,303.9,667.3,317.0,707.4,126,0.759,0
100,100.844,-226.985,252.075,0.7175,0.5639,-0.4089,0.2529,-0.7593,-0.5996,-0.6486,0.3268,-0.6874,25.5,0.0015,1.776,0.672,0.75175,312.3,686.0,305.9,665.9,318.6,705.7,127,0.197,0
101,102.399,-225.74,251.161,0.7014,0.5721,-0.4252,0.25,-0.7569,-0.6039,-0.6672,0.3173,-0.6739,25.5,0.0009,1.425,0.327,0.63622,314.0,684.4,307.7,664.3,320.2,704.0,128,1.132,0
102,103.918,-224.479,250.213,0.6865,0.5789,-0.4401,0.2504,-0.7565,-0.6042,-0.6827,0.3046,-0.6642,25.5,0.0001,1.276,0.037,0.57928,315.7,682.7,309.4,662.7,321.9,702.4,128,1.07,0
103,105.407,-223.204,249.233,0.6719,0.5849,-0.4543,0.254,-0.7578,-0.601,-0.6958,0.2885,-0.6577,25.5,0.0005,1.246,0.286,0.55525,317.4,681.1,311.0,661.0,323.6,700.8,129,0.204,0
104,106.863,-221.917,248.222,0.6573,0.5902,-0.4687,0.2606,-0.7605,-0.5947,-0.7074,0.2687,-0.6537,25.5,0.0012,1.335,0.545,0.55394,319.0,679.4,312.4,659.3,325.4,699.2,130,0.757,0
105,108.286,-220.619,247.18,0.6418,0.5952,-0.4836,0.2703,-0.7642,-0.5856,-0.7181,0.2451,-0.6513,25.5,0.0018,1.491,0.791,0.57747,320.5,677.8,313.7,657.4,327.2,697.7,130,1.456,0
106,109.674,-219.309,246.102,0.6247,0.5999,-0.4999,0.2828,-0.7684,-0.5741,-0.7285,0.2172,-0.6497,25.5,0.0027,1.709,1.003,0.6298,322.1,676.1,314.8,655.6,329.1,696.2,131,0.606,0
107,111.021,-217.99,244.988,0.6048,0.6045,-0.5184,0.2981,-0.7727,-0.5605,-0.7394,0.1844,-0.6475,25.5,0.0038,1.984,1.198,0.7208,323.5,674.4,315.8,653.7,331.1,694.7,132,0.225,1
108,112.32,-216.661,243.829,0.5803,0.6091,-0.5406,0.316,-0.7765,-0.5451,-0.7518,0.1455,-0.6431,25.5,0.0051,2.353,1.37,0.87352,324.9,672.6,316.7,651.8,333.0,693.1,133,0.981,1
109,113.556,-215.319,242.618,0.5477,0.6172,-0.5649,0.3364,-0.7796,-0.5283,-0.7664,0.0993,-0.6346,25.5,0.0015,2.819,1.525,1.08465,326.3,670.9,317.4,649.9,335.0,691.5,133,1.209,1
110,114.718,-213.959,241.354,0.5132,0.6244,-0.5889,0.359,-0.7814,-0.5103,-0.7788,0.0505,-0.6252,25.5,0.0032,2.935,1.659,1.11564,327.5,669.1,317.9,648.0,336.9,689.9,134,0.495,1
111,115.805,-212.587,240.038,0.4795,0.628,-0.6129,0.3836,-0.782,-0.4913,-0.7878,0.0005,-0.6159,25.5,0.006,2.96,1.781,1.08656,328.6,667.3,318.3,646.1,338.8,688.2,135,0.172,1
112,116.82,-211.211,238.67,0.4484,0.6278,-0.6363,0.4099,-0.7809,-0.4713,-0.7928,-0.0495,-0.6075,25.5,0.0066,2.919,1.894,1.01821,329.7,665.5,318.6,644.3,340.6,686.4,136,0.779,1
113,117.772,-209.84,237.252,0.4215,0.6234,-0.6586,0.4377,-0.7781,-0.4504,-0.7933,-0.0984,-0.6009,25.5,0.0039,2.828,1.999,0.92132,330.7,663.7,318.7,642.5,342.4,684.6,137,1.335,1
114,118.671,-208.483,235.786,0.4004,0.6151,-0.6792,0.467,-0.7734,-0.4287,-0.789,-0.1455,-0.5969,25.5,0.0024,2.72,2.106,0.80141,331.6,661.9,318.7,640.8,344.2,682.8,137,0.856,1
115,119.523,-207.143,234.277,0.3734,0.6102,-0.6988,0.4975,-0.7665,-0.4062,-0.7834,-0.196,-0.5897,25.5,0.0019,2.941,2.207,0.88206,332.4,660.2,318.6,639.1,346.0,680.9,138,0.356,1
116,120.304,-205.811,232.724,0.3394,0.6056,-0.7198,0.5291,-0.7572,-0.383,-0.777,-0.2508,-0.5774,25.5,0.0033,3.239,2.309,1.05244,333.2,658.4,318.4,637.6,347.7,679.0,139,0.09,1
117,121.011,-204.494,231.123,0.3072,0.5961,-0.7418,0.5611,-0.7457,-0.3593,-0.7674,-0.3058,-0.5636,25.5,0.0056,3.296,2.375,1.05004,333.8,656.6,318.2,636.1,349.4,677.0,140,0.48,1
118,121.652,-203.203,229.474,0.2781,0.5817,-0.7644,0.5929,-0.7321,-0.3355,-0.7548,-0.3599,-0.5485,25.5,0.0045,3.298,2.406,1.035,334.4,654.9,317.8,634.7,350.9,674.9,141,0.815,1
119,122.232,-201.949,227.775,0.2529,0.5632,-0.7867,0.6237,-0.7165,-0.3123,-0.7396,-0.4117,-0.5325,25.5,0.0001,3.226,2.383,1.00458,334.9,653.2,317.4,633.4,352.4,672.9,142,1.096,1
120,122.762,-200.738,226.028,0.2284,0.544,-0.8074,0.6529,-0.6996,-0.2903,-0.7228,-0.4609,-0.515,25.5,0.0029,3.143,2.308,0.9779,335.4,651.6,316.9,632.2,353.7,670.8,142,1.095,1
121,123.228,-199.562,224.24,0.1981,0.5291,-0.8251,0.68,-0.6817,-0.2699,-0.7053,-0.5076,-0.4949,25.5,0.0033,3.081,2.198,0.99736,335.8,650.0,316.5,631.0,354.9,668.8,143,0.864,1
122,123.633,-198.422,222.415,0.1718,0.512,-0.8416,0.7053,-0.6628,-0.2514,-0.6866,-0.5504,-0.475,25.5,0.0066,2.909,2.097,0.92731,336.1,648.4,316.0,630.0,355.9,666.7,144,0.68,1
123,123.984,-197.321,220.554,0.1494,0.4929,-0.8572,0.7295,-0.6426,-0.2344,-0.6663,-0.5903,-0.4556,25.5,0.0068,2.796,2.052,0.87152,336.3,646.9,315.6,629.0,356.9,664.6,145,0.542,1
124,124.29,-196.264,218.66,0.1308,0.4719,-0.8719,0.7534,-0.6203,-0.2184,-0.6439,-0.6283,-0.4366,25.5,0.0038,2.752,2.085,0.82848,336.5,645.4,315.0,628.1,357.8,662.6,146,0.449,1
125,124.559,-195.254,216.735,0.1157,0.4492,-0.8859,0.778,-0.5947,-0.2026,-0.6179,-0.6658,-0.4183,25.5,0.0024,2.817,2.227,0.80171,336.6,644.0,314.5,627.4,358.6,660.5,147,0.402,1
126,124.793,-194.3,214.778,0.0939,0.4206,-0.9024,0.8045,-0.564,-0.1862,-0.5873,-0.7085,-0.3913,25.5,0.0064,3.385,2.507,1.03545,336.7,642.6,313.8,626.9,359.5,658.3,148,0.399,1
127,124.973,-193.407,212.787,0.072,0.3962,-0.9153,0.8327,-0.5275,-0.1686,-0.5496,-0.75,-0.3679,25.5,0.0053,3.482,2.829,0.92174,336.7,641.3,313.0,626.6,360.4,656.0,149,0.448,1
128,125.114,-192.559,210.771,0.0571,0.3786,-0.9238,0.8604,-0.487,-0.1503,-0.5068,-0.7863,-0.3535,25.5,0.0036,3.32,3.001,0.64269,336.7,640.1,312.1,626.5,361.2,653.6,150,0.548,1
129,125.226,-191.746,208.74,0.0463,0.3647,-0.93,0.8846,-0.447,-0.1328,-0.4641,-0.8165,-0.3433,25.5,0.0014,3.053,2.86,0.48812,336.7,638.9,311.4,626.5,361.8,651.3,151,0.697,1
130,125.319,-190.959,206.697,0.0384,0.353,-0.9348,0.9022,-0.4146,-0.1189,-0.4295,-0.8388,-0.3344,25.5,0.0006,2.413,2.258,0.3898,336.6,637.7,310.8,626.2,362.3,649.3,152,0.899,1
131,125.397,-190.198,204.644,0.0332,0.3424,-0.939,0.9107,-0.3978,-0.1113,-0.4116,-0.8514,-0.3251,25.5,0.0015,1.363,1.163,0.32774,336.5,636.6,310.5,625.5,362.4,647.7,154,0.725,1
132,125.467,-189.459,202.582,0.0321,0.3314,-0.9429,0.9088,-0.402,-0.112,-0.4162,-0.8533,-0.3141,25.5,0.0016,0.692,0.267,0.30643,336.4,635.5,310.5,624.3,362.2,646.6,155,0.346,1
133,125.514,-188.781,200.503,0.0093,0.287,-0.9579,0.8865,-0.4454,-0.1254,-0.4627,-0.848,-0.2586,25.5,0.0005,4.16,2.899,1.36547,336.3,634.5,311.0,622.1,361.4,646.8,156,0.095,1
134,125.518,-188.185,198.395,-0.0006,0.2664,-0.9638,0.7479,-0.6392,-0.1792,-0.6638,-0.721,-0.1989,25.5,0.002,14.085,14.03,0.61747,336.1,633.5,315.0,615.7,357.0,651.2,157,0.602,1
135,125.519,-187.603,196.284,-0.0036,0.2594,-0.9658,0.218,-0.9414,-0.2575,-0.9759,-0.2114,-0.0532,25.5,0.0037,35.823,35.817,0.20604,335.9,632.6,330.2,606.4,341.5,658.6,159,0.346,1
136,125.505,-187.043,194.166,-0.0088,0.2543,-0.9671,0.1747,-0.951,-0.2553,-0.9846,-0.1712,-0.036,25.5,0.0035,2.555,2.544,0.19347,335.7,631.7,331.2,605.2,340.1,657.9,160,0.393,1
137,125.474,-186.487,192.048,-0.0187,0.2539,-0.967,0.8796,-0.4551,-0.1386,-0.4753,-0.8532,-0.2149,25.5,0.002,51.555,51.551,0.25923,335.5,630.8,310.6,618.2,360.2,643.3,162,0.084,1
138,125.417,-185.922,189.935,-0.0413,0.2733,-0.961,0.7478,0.6461,0.1531,0.6628,-0.7123,-0.2311,25.5,0.0014,69.98,69.972,0.79583,335.2,629.9,313.6,647.7,356.9,611.9,164,0.303,1
139,125.317,-185.313,187.832,-0.0485,0.2807,-0.9586,0.5351,0.8197,0.2044,0.8431,-0.503,-0.1899,25.5,0.0082,16.056,16.055,0.277,334.9,628.9,319.3,651.5,350.7,606.2,166,0.328,1
140,125.206,-184.692,185.732,-0.0538,0.2856,-0.9568,0.6055,0.772,0.1933,0.7939,-0.569,-0.2145,25.5,0.003,4.924,4.915,0.19447,334.6,628.0,317.0,649.2,352.3,606.6,168,0.229,1
141,125.068,-184.049,183.644,-0.0796,0.3091,-0.9477,0.5333,0.8169,0.2199,0.8421,-0.4879,-0.2298,25.5,0.0017,5.478,5.106,0.94377,334.3,627.0,318.7,649.4,350.0,604.4,170,0.075,1
142,124.874,-183.362,181.573,-0.0939,0.3147,-0.9445,-0.6242,0.7208,0.3012,0.7757,0.6179,0.1287,25.5,0.001,71.206,71.206,0.4104,333.9,625.9,350.9,645.3,316.8,606.4,172,0.074,1
143,124.65,-182.674,179.507,-0.1093,0.3129,-0.9435,-0.9941,-0.0097,0.1078,0.0246,0.9497,0.3121,25.5,0.0039,49.755,49.756,0.4066,333.5,624.9,361.3,624.3,305.5,625.5,174,0.156,1
144,124.406,-181.994,177.438,-0.1139,0.3069,-0.9449,-0.9881,0.065,0.1392,0.1041,0.9495,0.2958,25.5,0.001,4.651,4.657,0.20104,333.0,623.9,360.6,625.3,305.3,622.5,176,0.111,1
145,124.149,-181.338,175.364,-0.1214,0.2913,-0.9489,-0.8885,0.3935,0.2362,0.4422,0.8717,0.211,25.5,0.0016,20.574,20.548,0.46471,332.6,622.9,357.1,633.3,307.9,612.5,178,0.124,1
146,123.876,-180.713,173.283,-0.1273,0.2802,-0.9515,-0.7713,0.575,0.2728,0.6235,0.7686,0.1429,25.5,0.0003,12.597,12.58,0.33576,332.1,622.0,353.2,637.3,310.8,606.5,180,0.609,1
147,123.592,-180.108,171.196,-0.1317,0.271,-0.9535,-0.6809,0.6743,0.2857,0.7204,0.6869,0.0957,25.5,0.0,7.755,7.736,0.27183,331.6,621.0,350.1,639.1,312.9,602.9,181,0.133,1
148,123.297,-179.531,169.104,-0.1385,0.2588,-0.956,-0.5267,0.7958,0.2989,0.8381,0.5449,0.0261,25.5,0.0068,11.313,11.292,0.37118,331.1,620.2,345.2,641.5,316.8,598.6,183,0.792,1
149,122.983,-178.964,167.012,-0.1481,0.2581,-0.9547,0.0801,0.966,0.2459,0.9857,-0.04,-0.1637,25.5,0.0027,36.866,36.868,0.25407,330.6,619.3,327.8,645.6,333.4,592.8,184,0.261,1
150,122.651,-178.4,164.922,-0.1573,0.2584,-0.9531,-0.0794,0.958,0.2757,0.9843,0.1191,-0.1301,25.5,0.0027,9.328,9.318,0.24437,330.0,618.4,331.7,644.3,328.4,592.2,185,0.209,1
151,122.292,-177.832,162.837,-0.1698,0.2604,-0.9505,-0.942,0.2391,0.2355,0.2886,0.9353,0.2047,25.5,0.0016,68.356,68.36,0.33808,329.5,617.5,355.3,623.5,303.4,611.5,186,0.62,1
152,121.905,-177.257,160.759,-0.1847,0.2648,-0.9465,-0.4103,0.8543,0.319,0.8931,0.4472,-0.0491,25.5,0.0001,48.244,48.248,0.41962,328.9,616.6,339.6,639.5,318.0,593.6,188,0.908,1
153,121.488,-176.673,158.691,-0.2156,0.2757,-0.9368,0.0877,0.9625,0.2567,0.9724,-0.0268,-0.2317,25.5,0.006,29.791,29.75,0.89417,328.2,615.8,325.3,641.8,331.2,589.5,189,0.65,1
154,121.017,-176.066,156.639,-0.2164,0.2782,-0.9358,0.3599,0.9134,0.1901,0.9077,-0.2957,-0.2978,25.5,0.0017,16.348,16.356,0.07344,327.6,614.9,317.1,639.7,338.0,589.8,190,0.437,1
155,120.532,-175.454,154.593,-0.2269,0.2814,-0.9324,0.455,0.8758,0.1607,0.8619,-0.3878,-0.3268,25.5,0.0066,6.126,6.1,0.3007,326.9,613.9,313.9,637.8,339.9,589.9,191,0.264,1
156,120.019,-174.833,152.556,-0.2423,0.2854,-0.9273,0.4594,0.8739,0.159,0.8558,-0.3874,-0.3429,25.5,0.0093,0.987,0.291,0.43688,326.1,613.0,313.0,636.9,339.3,589.1,192,0.126,1
157,119.467,-174.202,150.532,-0.2634,0.2905,-0.9199,0.4083,0.8958,0.1754,0.8751,-0.3294,-0.3546,25.5,0.0087,3.566,3.322,0.59988,325.4,612.1,313.7,636.5,337.1,587.6,193,0.023,1
158,118.859,-173.558,148.528,-0.2933,0.2973,-0.9086,0.3262,0.9237,0.2008,0.899,-0.2375,-0.368,25.5,0.0035,5.497,5.179,0.85465,324.6,611.2,315.1,636.2,334.1,586.0,194,0.054,1
159,118.191,-172.9,146.55,-0.3138,0.3044,-0.8994,0.2471,0.9425,0.2249,0.9161,-0.1517,-0.371,25.5,0.0071,5.017,4.86,0.61693,323.7,610.2,316.4,635.7,331.0,584.6,195,0.109,1
160,117.487,-172.227,144.588,-0.3285,0.3091,-0.8925,0.1867,0.9515,0.2444,0.9249,-0.0864,-0.3703,25.5,0.0147,3.776,3.674,0.44204,322.8,609.3,317.1,634.9,328.4,583.5,196,0.151,1
161,116.752,-171.546,142.639,-0.3419,0.3121,-0.8864,0.1457,0.9546,0.2598,0.9274,-0.0403,-0.3719,25.5,0.0178,2.647,2.516,0.393,321.8,608.3,317.3,633.9,326.4,582.5,197,0.177,1
162,115.99,-170.861,140.704,-0.3547,0.3139,-0.8807,0.1215,0.9546,0.2719,0.9262,-0.0106,-0.3768,25.5,0.0171,1.726,1.55,0.36954,320.8,607.4,317.0,632.9,324.7,581.6,198,0.189,1
163,115.198,-170.172,138.781,-0.3677,0.3146,-0.8751,0.1099,0.9532,0.2815,0.9228,0.0073,-0.3851,25.5,0.0131,1.147,0.866,0.37073,319.8,606.4,316.3,631.8,323.4,580.7,199,0.188,1
164,114.378,-169.483,136.87,-0.3814,0.3144,-0.8693,0.1061,0.9513,0.2896,0.918,0.0182,-0.3961,25.5,0.0069,0.929,0.524,0.38917,318.8,605.4,315.3,630.8,322.3,579.9,200,0.18,1
165,113.527,-168.796,134.973,-0.3963,0.3131,-0.8631,0.1051,0.9492,0.2967,0.9121,0.0269,-0.4091,25.5,0.0005,0.958,0.428,0.42351,317.7,604.5,314.3,629.7,321.2,579.0,201,0.171,1
166,112.64,-168.112,133.09,-0.4134,0.3106,-0.8559,0.1021,0.9473,0.3038,0.9052,0.0382,-0.4233,25.5,0.008,1.112,0.455,0.48975,316.6,603.5,313.3,628.7,320.0,578.2,202,0.168,1
167,111.718,-167.431,131.223,-0.4286,0.3109,-0.8483,0.0937,0.9457,0.3113,0.8991,0.054,-0.4345,25.5,0.0102,1.163,0.652,0.44462,315.5,602.6,312.4,627.6,318.7,577.3,203,0.175,1
168,110.762,-166.75,129.374,-0.4441,0.3107,-0.8404,0.0808,0.9443,0.3189,0.8927,0.0737,-0.4445,25.5,0.0105,1.318,0.862,0.4551,314.3,601.7,311.6,626.6,317.2,576.5,204,0.189,1
169,109.773,-166.07,127.542,-0.4596,0.3101,-0.8322,0.0654,0.9431,0.3259,0.886,0.0953,-0.4538,25.5,0.0088,1.401,0.972,0.459,313.1,600.7,310.8,625.6,315.5,575.6,205,0.204,1
170,108.75,-165.392,125.728,-0.4746,0.3091,-0.8241,0.0497,0.9421,0.3316,0.8789,0.1164,-0.4625,25.5,0.0057,1.37,0.959,0.44671,311.9,599.8,310.0,624.6,313.9,574.8,206,0.218,1
171,107.694,-164.717,123.932,-0.489,0.3076,-0.8163,0.0356,0.9414,0.3353,0.8716,0.1349,-0.4713,25.5,0.0015,1.246,0.836,0.43022,310.7,598.9,309.1,623.7,312.2,573.9,207,0.23,1
172,106.608,-164.045,122.152,-0.5024,0.3057,-0.8088,0.0253,0.9413,0.3365,0.8642,0.1486,-0.4806,25.5,0.0029,1.039,0.594,0.40478,309.4,598.0,308.1,622.7,310.7,573.0,208,0.242,1
173,105.494,-163.378,120.388,-0.5146,0.3036,-0.8019,0.0209,0.9421,0.3346,0.8571,0.1554,-0.4912,25.5,0.007,0.828,0.278,0.37072,308.1,597.1,306.9,621.8,309.2,572.1,209,0.255,1
174,104.359,-162.716,118.636,-0.5199,0.3002,-0.7998,0.0247,0.9441,0.3288,0.8538,0.1512,-0.4982,25.5,0.0076,0.504,0.413,0.17358,306.7,596.2,305.5,621.0,308.0,571.2,210,0.265,1
175,103.215,-162.062,116.886,-0.5249,0.297,-0.7977,0.0365,0.9469,0.3193,0.8502,0.1385,-0.5079,25.5,0.0074,0.939,0.883,0.16472,305.4,595.3,303.9,620.2,306.9,570.2,211,0.261,1
176,102.056,-161.414,115.144,-0.5344,0.2947,-0.7922,0.0549,0.9502,0.3069,0.8432,0.1205,-0.5239,25.5,0.0076,1.437,1.285,0.29341,304.0,594.5,302.0,619.4,306.0,569.2,212,0.235,1
177,100.872,-160.771,113.418,-0.5477,0.2934,-0.7836,0.078,0.9532,0.2922,0.8326,0.0989,-0.545,25.5,0.008,1.834,1.578,0.41572,302.7,593.6,300.1,618.7,305.3,568.3,213,0.181,1
178,99.655,-160.129,111.714,-0.5641,0.293,-0.7719,0.1042,0.9555,0.2761,0.8185,0.0753,-0.5696,25.5,0.0081,2.114,1.767,0.52713,301.3,592.7,298.0,617.9,304.5,567.4,214,0.098,1
179,98.399,-159.486,110.038,-0.5828,0.2933,-0.7578,0.1317,0.9567,0.2595,0.8012,0.0514,-0.5962,25.5,0.0072,2.276,1.842,0.61264,299.8,591.9,295.8,617.1,303.8,566.5,215,0.054,1
180,97.101,-158.843,108.395,-0.6026,0.2942,-0.7418,0.1587,0.9569,0.2433,0.7814,0.0289,-0.6233,25.5,0.0054,2.315,1.804,0.66647,298.3,591.0,293.7,616.3,303.0,565.6,216,0.215,1
181,95.759,-158.198,106.79,-0.6228,0.2955,-0.7245,0.1834,0.9561,0.2286,0.7602,0.0095,-0.6496,25.5,0.0027,2.232,1.648,0.69678,296.8,590.2,291.5,615.4,302.1,564.8,217,0.44,1
182,94.373,-157.548,105.222,-0.6426,0.2969,-0.7063,0.2044,0.9547,0.2164,0.7386,-0.0053,-0.6741,25.5,0.0007,2.055,1.394,0.70411,295.2,589.3,289.4,614.6,301.1,563.9,218,0.722,1
183,92.95,-156.897,103.692,-0.6569,0.2981,-0.6925,0.2203,0.9531,0.2074,0.7219,-0.0163,-0.6918,25.5,0.0042,1.53,1.051,0.52124,293.6,588.5,287.4,613.7,299.9,563.1,219,1.07,1
184,91.498,-156.244,102.189,-0.669,0.2987,-0.6806,0.2315,0.9517,0.2015,0.708,-0.0228,-0.7058,25.5,0.0077,1.19,0.73,0.44436,292.0,587.7,285.5,612.8,298.6,562.3,219,1.125,1
185,90.021,-155.589,100.709,-0.6794,0.299,-0.6701,0.2386,0.9506,0.1984,0.6964,-0.0251,-0.7172,25.5,0.0108,0.941,0.448,0.3865,290.4,586.8,283.6,611.9,297.1,561.6,220,0.726,1
186,88.521,-154.933,99.251,-0.6887,0.2989,-0.6606,0.242,0.9499,0.1977,0.6867,-0.0237,-0.7266,25.5,0.0133,0.778,0.203,0.34752,288.7,586.0,281.9,611.1,295.5,560.8,221,0.297,1
187,87.004,-154.279,97.814,-0.6971,0.2986,-0.6518,0.2423,0.9496,0.1991,0.6785,-0.0192,-0.7344,25.5,0.0151,0.698,0.084,0.31851,287.0,585.1,280.2,610.2,293.8,560.0,222,0.381,1
188,85.468,-153.625,96.395,-0.7048,0.2981,-0.6437,0.24,0.9495,0.2021,0.6715,-0.0121,-0.7409,25.5,0.0162,0.682,0.217,0.2925,285.3,584.3,278.6,609.3,292.1,559.2,223,0.963,1
189,83.916,-152.973,94.994,-0.7121,0.2974,-0.636,0.2354,0.9497,0.2063,0.6655,-0.0028,-0.7464,25.5,0.0164,0.708,0.357,0.27815,283.6,583.5,277.0,608.5,290.2,558.4,223,1.281,1
190,82.348,-152.323,93.608,-0.719,0.2965,-0.6286,0.2291,0.9502,0.2115,0.66,0.0081,-0.7512,25.5,0.0159,0.752,0.469,0.26568,281.9,582.7,275.5,607.7,288.3,557.6,224,0.612,1
191,80.766,-151.674,92.239,-0.7257,0.2954,-0.6214,0.2214,0.9507,0.2173,0.655,0.0201,-0.7554,25.5,0.0149,0.783,0.553,0.25882,280.1,581.9,273.9,606.8,286.4,556.8,225,0.284,1
192,79.169,-151.029,90.886,-0.7323,0.294,-0.6143,0.2129,0.9512,0.2232,0.65,0.0327,-0.7592,25.5,0.0134,0.807,0.594,0.25616,278.4,581.1,272.4,606.0,284.4,556.0,226,1.009,2
193,77.558,-150.386,89.548,-0.7388,0.2925,-0.6072,0.204,0.9518,0.229,0.645,0.0453,-0.7629,25.5,0.0114,0.805,0.61,0.25483,276.6,580.3,270.9,605.2,282.4,555.2,226,1.208,2
194,75.932,-149.747,88.226,-0.7453,0.2907,-0.6,0.1951,0.9524,0.2342,0.6396,0.0574,-0.7666,25.5,0.0091,0.788,0.592,0.25797,274.8,579.5,269.4,604.4,280.4,554.4,227,0.376,2
195,74.293,-149.113,86.92,-0.7519,0.2886,-0.5927,0.1869,0.953,0.2384,0.6337,0.0685,-0.7705,25.5,0.0068,0.754,0.529,0.26328,273.1,578.7,267.8,603.6,278.4,553.6,228,0.507,2
196,72.637,-148.483,85.629,-0.7588,0.2862,-0.5851,0.1797,0.9536,0.2414,0.6271,0.0781,-0.775,25.5,0.0047,0.716,0.448,0.27564,271.3,577.9,266.2,602.8,276.4,552.8,229,1.369,2
197,70.97,-147.86,84.358,-0.7659,0.2833,-0.5772,0.174,0.9543,0.2428,0.6197,0.0855,-0.7802,25.5,0.0031,0.67,0.339,0.2884,269.5,577.1,264.6,602.0,274.4,552.1,229,0.818,2
198,69.285,-147.243,83.101,-0.7724,0.28,-0.57,0.1702,0.9552,0.2423,0.6123,0.0901,-0.7855,25.5,0.0021,0.584,0.226,0.26794,267.6,576.4,262.8,601.3,272.5,551.3,230,0.054,2
199,67.586,-146.633,81.86,-0.7786,0.2772,-0.563,0.1682,0.9561,0.24,0.6048,0.0922,-0.791,25.5,0.001,0.546,0.182,0.25537,265.8,575.6,261.1,600.5,270.6,550.5,231,0.881,2
200,65.873,-146.028,80.634,-0.7845,0.2748,-0.5559,0.1678,0.9571,0.2362,0.597,0.092,-0.7969,25.5,0.0001,0.56,0.226,0.24939,264.0,574.9,259.3,599.8,268.7,549.8,231,1.316,2
201,64.149,-145.428,79.424,-0.7902,0.2727,-0.5488,0.1688,0.9582,0.231,0.5889,0.0899,-0.8032,25.5,0.0011,0.6,0.31,0.24445,262.1,574.1,257.4,599.1,266.9,549.0,232,0.523,2
202,62.412,-144.833,78.23,-0.7958,0.271,-0.5416,0.1711,0.9593,0.2245,0.5804,0.086,-0.8098,25.5,0.0022,0.656,0.4,0.24264,260.2,573.4,255.5,598.4,265.0,548.3,233,0.268,2
203,60.662,-144.241,77.052,-0.8013,0.2695,-0.5341,0.1746,0.9604,0.217,0.5714,0.0807,-0.8167,25.5,0.003,0.717,0.478,0.2464,258.4,572.7,253.5,597.7,263.2,547.5,234,0.941,2
204,58.901,-143.652,75.89,-0.8069,0.2683,-0.5262,0.1789,0.9615,0.2086,0.5619,0.0741,-0.8238,25.5,0.0039,0.778,0.544,0.25524,256.5,572.0,251.6,597.0,261.5,546.8,234,1.265,2
205,57.127,-143.065,74.746,-0.8126,0.2674,-0.5179,0.184,0.9625,0.1994,0.5518,0.0667,-0.8313,25.5,0.0046,0.836,0.605,0.26433,254.6,571.3,249.5,596.4,259.7,546.0,235,0.647,2
206,55.341,-142.481,73.622,-0.8184,0.2666,-0.5091,0.1897,0.9634,0.1896,0.541,0.0586,-0.839,25.5,0.0051,0.89,0.652,0.27658,252.7,570.6,247.5,595.7,257.9,545.3,236,0.156,2
207,53.541,-141.897,72.516,-0.8244,0.2662,-0.4995,0.1958,0.9641,0.1795,0.5293,0.0502,-0.8469,25.5,0.0056,0.941,0.677,0.2961,250.8,569.9,245.5,595.0,256.2,544.6,237,0.403,2
208,51.729,-141.314,71.434,-0.8308,0.266,-0.4889,0.2022,0.9646,0.1692,0.5166,0.0417,-0.8552,25.5,0.0059,0.996,0.695,0.32411,248.9,569.2,243.4,594.3,254.4,543.8,238,0.763,2
209,49.9,-140.731,70.375,-0.8376,0.266,-0.4771,0.2086,0.965,0.1588,0.5027,0.0334,-0.8638,25.5,0.0062,1.05,0.7,0.35598,246.9,568.5,241.3,593.7,252.6,543.1,239,1.024,2
210,48.058,-140.148,69.344,-0.8449,0.2664,-0.4638,0.215,0.9653,0.1485,0.4873,0.0258,-0.8729,25.5,0.0066,1.114,0.695,0.39698,245.0,567.8,239.2,593.0,250.8,542.4,239,1.172,2
211,46.2,-139.564,68.346,-0.8529,0.2671,-0.4485,0.221,0.9654,0.1386,0.47,0.0191,-0.8825,25.5,0.0072,1.197,0.663,0.45244,243.0,567.1,237.1,592.3,249.0,541.7,240,1.014,2
212,44.32,-138.977,67.381,-0.8619,0.2683,-0.4303,0.2267,0.9654,0.1292,0.4501,0.0138,-0.8929,25.5,0.008,1.322,0.63,0.53143,241.0,566.4,235.0,591.6,247.1,541.0,241,0.98,2
213,42.426,-138.39,66.458,-0.8699,0.2681,-0.4139,0.2318,0.9653,0.1204,0.4319,0.0088,-0.9019,25.5,0.0073,1.198,0.583,0.4779,239.1,565.7,232.8,591.0,245.3,540.3,243,0.961,2
214,40.509,-137.803,65.57,-0.8787,0.2675,-0.3954,0.2364,0.9651,0.1125,0.4117,0.0054,-0.9113,25.5,0.006,1.291,0.524,0.5358,237.0,565.0,230.7,590.3,243.4,539.7,244,0.691,2
215,38.576,-137.219,64.728,-0.8883,0.2665,-0.3741,0.2402,0.9649,0.1056,0.3891,0.0039,-0.9212,25.5,0.0043,1.416,0.451,0.61215,235.0,564.3,228.6,589.6,241.4,539.0,245,0.345,2
216,36.619,-136.637,63.934,-0.8981,0.2651,-0.3508,0.2435,0.9647,0.1,0.365,0.0044,-0.931,25.5,0.002,1.491,0.373,0.66214,233.0,563.7,226.5,588.9,239.5,538.3,246,0.166,2
217,34.642,-136.058,63.192,-0.9076,0.2633,-0.327,0.246,0.9645,0.0957,0.3406,0.0064,-0.9402,25.5,0.0006,1.499,0.285,0.67222,230.9,563.0,224.4,588.3,237.5,537.7,247,0.632,2
218,32.644,-135.483,62.501,-0.9161,0.2614,-0.3041,0.2478,0.9643,0.093,0.3176,0.0098,-0.9482,25.5,0.0032,1.409,0.186,0.64093,228.8,562.4,222.2,587.6,235.4,537.0,249,0.419,2
219,30.631,-134.913,61.858,-0.9231,0.2594,-0.2839,0.2489,0.9641,0.0921,0.2976,0.0144,-0.9546,25.5,0.0058,1.232,0.082,0.56199,226.7,561.7,220.1,587.0,233.3,536.4,250,0.314,2
220,28.602,-134.347,61.255,-0.9286,0.2575,-0.267,0.2492,0.9639,0.0932,0.2814,0.02,-0.9594,25.5,0.0081,1.02,0.066,0.46738,224.6,561.1,218.0,586.3,231.2,535.8,252,0.531,2
221,26.565,-133.785,60.685,-0.9328,0.2559,-0.2539,0.2488,0.9638,0.0964,0.2694,0.0268,-0.9627,25.5,0.0099,0.813,0.185,0.36262,222.5,560.5,215.9,585.7,229.1,535.2,253,0.203,2
222,24.52,-133.227,60.143,-0.9371,0.2546,-0.2386,0.2474,0.9635,0.1019,0.2558,0.0365,-0.966,25.5,0.0108,0.976,0.326,0.41749,220.4,559.8,213.8,585.0,226.9,534.6,255,0.606,2
223,22.46,-132.67,59.644,-0.9425,0.2537,-0.2175,0.2452,0.9632,0.1097,0.2373,0.0501,-0.9701,25.5,0.0106,1.336,0.465,0.56997,218.2,559.2,211.7,584.4,224.7,534.0,256,0.138,2
224,20.388,-132.114,59.186,-0.9466,0.2526,-0.2006,0.2423,0.9628,0.1195,0.2233,0.0645,-0.9726,25.5,0.0101,1.16,0.586,0.45511,216.1,558.6,209.7,583.7,222.5,533.4,257,0.707,2
225,18.313,-131.563,58.763,-0.9497,0.2515,-0.1868,0.2387,0.9623,0.1307,0.2126,0.0795,-0.9739,25.5,0.0091,1.058,0.675,0.37151,213.9,558.0,207.6,583.1,220.3,532.9,259,0.494,2
226,16.228,-131.013,58.367,-0.9522,0.2503,-0.1753,0.2345,0.9615,0.1429,0.2043,0.095,-0.9743,25.5,0.0077,1.008,0.741,0.30915,211.8,557.4,205.6,582.4,218.0,532.3,260,0.349,2
227,14.141,-130.466,57.994,-0.9543,0.249,-0.1655,0.23,0.9606,0.1559,0.1978,0.1107,-0.974,25.5,0.0061,0.974,0.79,0.26443,209.6,556.8,203.5,581.8,215.7,531.8,261,0.665,2
228,12.048,-129.922,57.64,-0.956,0.2476,-0.1572,0.2251,0.9596,0.169,0.1927,0.1262,-0.9731,25.5,0.0042,0.936,0.803,0.2245,207.4,556.2,201.5,581.1,213.4,531.2,263,0.879,2
229,9.952,-129.381,57.304,-0.9575,0.2462,-0.1501,0.22,0.9584,0.1819,0.1887,0.1411,-0.9718,25.5,0.002,0.887,0.798,0.19332,205.3,555.6,199.5,580.5,211.1,530.7,264,0.553,2
230,7.852,-128.844,56.982,-0.9589,0.2446,-0.144,0.2148,0.9572,0.1942,0.1853,0.1553,-0.9703,25.5,0.0002,0.841,0.768,0.16894,203.1,555.1,197.4,579.8,208.8,530.2,265,0.321,2
231,5.75,-128.31,56.672,-0.9601,0.2429,-0.1388,0.2097,0.9559,0.2054,0.1826,0.1681,-0.9687,25.5,0.0023,0.755,0.709,0.14645,200.9,554.5,195.4,579.2,206.5,529.6,266,0.335,2
232,3.646,-127.78,56.373,-0.9612,0.241,-0.1344,0.2048,0.9548,0.2152,0.1802,0.1794,-0.9671,25.5,0.0043,0.668,0.631,0.12863,198.8,553.9,193.4,578.6,204.2,529.1,267,0.54,2
233,1.538,-127.254,56.083,-0.9622,0.2388,-0.1307,0.2002,0.954,0.2232,0.178,0.1886,-0.9658,25.5,0.006,0.547,0.531,0.11552,196.6,553.3,191.3,577.9,201.9,528.6,268,0.785,2
234,-0.57,-126.733,55.8,-0.9632,0.2364,-0.1278,0.1962,0.9535,0.229,0.176,0.1955,-0.9648,25.5,0.0072,0.416,0.405,0.10189,194.4,552.8,189.3,577.4,199.6,528.1,270,0.927,2
235,-2.682,-126.218,55.523,-0.9642,0.2335,-0.1257,0.1927,0.9534,0.2321,0.174,0.1996,-0.9643,25.5,0.0076,0.263,0.268,0.09724,192.2,552.2,187.2,576.8,197.3,527.5,271,0.684,2
236,-4.797,-125.71,55.248,-0.9652,0.2301,-0.1246,0.1899,0.954,0.2322,0.1722,0.2005,-0.9644,25.5,0.0073,0.115,0.164,0.09696,190.1,551.7,185.1,576.3,195.0,527.0,272,0.442,2
237,-6.908,-125.212,54.976,-0.9662,0.2257,-0.1249,0.188,0.9551,0.2289,0.171,0.1977,-0.9652,25.5,0.0053,0.18,0.227,0.1185,187.9,551.2,183.0,575.8,192.8,526.4,273,0.207,2
238,-9.026,-124.723,54.7,-0.9671,0.2204,-0.1269,0.187,0.9569,0.222,0.1704,0.1909,-0.9667,25.5,0.0019,0.4,0.413,0.15001,185.7,550.6,180.8,575.3,190.6,525.8,274,0.04,2
239,-11.145,-124.246,54.422,-0.9683,0.2156,-0.1261,0.1868,0.9593,0.2118,0.1667,0.1815,-0.9692,25.5,0.0008,0.596,0.6,0.13112,183.5,550.1,178.6,574.9,188.4,525.2,275,0.286,2
240,-13.267,-123.778,54.15,-0.9697,0.2114,-0.1223,0.1872,0.962,0.1987,0.1597,0.1698,-0.9724,25.5,0.0025,0.802,0.767,0.15262,181.3,549.6,176.5,574.5,186.2,524.6,276,0.545,2
241,-15.394,-123.319,53.889,-0.9714,0.2076,-0.1151,0.188,0.9649,0.1833,0.1491,0.1564,-0.9764,25.5,0.0034,1.005,0.899,0.21749,179.1,549.1,174.2,574.1,184.0,524.0,277,0.817,2
242,-17.523,-122.868,53.648,-0.9733,0.2045,-0.1039,0.1891,0.9679,0.1658,0.1345,0.1418,-0.9807,25.5,0.0033,1.208,1.019,0.30817,176.9,548.6,172.0,573.7,181.9,523.5,279,0.788,2
243,-19.658,-122.423,53.437,-0.9754,0.2019,-0.088,0.1902,0.9707,0.1468,0.1151,0.1265,-0.9853,25.5,0.0025,1.44,1.102,0.4248,174.7,548.2,169.8,573.4,179.7,522.9,280,0.469,2
244,-21.796,-121.983,53.267,-0.9775,0.2,-0.0663,0.1913,0.9733,0.1267,0.0899,0.1112,-0.9897,25.5,0.0007,1.708,1.163,0.57279,172.5,547.7,167.6,573.0,177.5,522.3,281,0.143,2
245,-23.94,-121.546,53.152,-0.9793,0.1988,-0.0373,0.1921,0.9756,0.106,0.0575,0.0967,-0.9937,25.5,0.0019,2.047,1.194,0.7604,170.3,547.2,165.3,572.6,175.3,521.8,282,0.257,2
246,-26.087,-121.111,53.11,-0.9801,0.1984,0.0009,0.1926,0.9776,0.0851,0.016,0.0836,-0.9964,25.5,0.0053,2.498,1.203,0.99949,168.1,546.8,163.1,572.3,173.2,521.2,283,0.645,2
247,-28.232,-120.679,53.157,-0.9801,0.1952,0.0354,0.1925,0.9792,0.0645,-0.0221,0.07,-0.9973,25.5,0.0048,2.319,1.184,0.90692,165.9,546.4,160.9,571.9,170.9,520.7,285,0.668,2
248,-30.379,-120.258,53.263,-0.9799,0.1892,0.0637,0.1918,0.9804,0.0445,-0.054,0.0558,-0.997,25.5,0.0004,2.001,1.149,0.75681,163.7,545.9,158.7,571.6,168.7,520.2,286,0.189,2
249,-32.523,-119.849,53.445,-0.9772,0.1846,0.105,0.1905,0.9814,0.0257,-0.0983,0.0451,-0.9941,25.5,0.0023,2.617,1.081,1.08947,161.5,545.5,156.5,571.3,166.5,519.8,287,0.347,2
250,-34.657,-119.448,53.735,-0.9699,0.1816,0.1624,0.1883,0.9821,0.0084,-0.158,0.0387,-0.9867,25.5,0.0029,3.467,1.0,1.51573,159.3,545.1,154.3,570.9,164.2,519.3,289,0.721,3
251,-36.766,-119.052,54.171,-0.9541,0.1803,0.2391,0.1854,0.9826,-0.007,-0.2362,0.0377,-0.971,25.5,0.0014,4.571,0.898,2.05006,157.1,544.7,152.2,570.6,162.0,518.9,290,0.118,3
252,-38.826,-118.657,54.797,-0.9243,0.1806,0.3363,0.1816,0.9832,-0.02,-0.3342,0.0426,-0.9415,25.5,0.003,5.873,0.777,2.66175,155.0,544.4,150.2,570.3,159.7,518.5,291,0.508,3
253,-40.818,-118.27,55.621,-0.8912,0.1731,0.4193,0.1771,0.9837,-0.0302,-0.4177,0.0473,-0.9074,25.5,0.0002,5.177,0.639,2.34698,152.9,544.0,148.2,570.0,157.6,518.1,293,0.404,3
254,-42.716,-117.899,56.646,-0.8392,0.1655,0.5181,0.1725,0.9843,-0.038,-0.5162,0.0574,-0.8545,25.5,0.0015,6.435,0.52,2.93046,150.9,543.7,146.3,569.7,155.5,517.8,294,0.231,3
255,-44.482,-117.544,57.89,-0.7715,0.1585,0.6162,0.1685,0.9847,-0.0436,-0.6137,0.0702,-0.7864,25.5,0.0008,6.858,0.395,3.12716,149.0,543.5,144.6,569.5,153.5,517.4,296,0.754,3
256,-46.093,-117.204,59.332,-0.6989,0.1529,0.6987,0.166,0.985,-0.0472,-0.6954,0.083,-0.7138,25.5,0.0016,6.308,0.252,2.88138,147.3,543.2,142.9,569.3,151.7,517.2,297,0.208,3
257,-47.52,-116.881,60.96,-0.6089,0.1419,0.7805,0.1655,0.985,-0.0493,-0.7757,0.0992,-0.6232,25.5,0.0005,7.003,0.124,3.19808,145.8,543.0,141.4,569.1,150.2,516.9,298,0.291,3
258,-48.779,-116.58,62.727,-0.5444,0.1334,0.8282,0.1662,0.9848,-0.0502,-0.8223,0.1103,-0.5583,25.5,0.0007,4.623,0.066,2.1111,144.5,542.8,140.0,568.9,148.9,516.7,299,0.72,3
259,-49.921,-116.295,64.574,-0.5013,0.1274,0.8558,0.167,0.9847,-0.0506,-0.8492,0.1176,-0.5149,25.5,0.0016,2.956,0.051,1.34827,143.2,542.6,138.8,568.8,147.7,516.5,301,0.919,3
260,-50.988,-116.02,66.467,-0.4755,0.1236,0.871,0.1671,0.9846,-0.0508,-0.8639,0.1213,-0.4888,25.5,0.002,1.729,0.013,0.78958,142.1,542.5,137.6,568.7,146.5,516.3,302,0.761,3
261,-52.014,-115.752,68.384,-0.4642,0.1217,0.8773,0.1653,0.9849,-0.0515,-0.8704,0.1211,-0.4773,25.5,0.0021,0.757,0.112,0.34202,140.9,542.3,136.5,568.5,145.3,516.1,303,0.661,3
262,-53.021,-115.486,70.31,-0.4403,0.1188,0.8899,0.1608,0.9856,-0.0532,-0.8834,0.1197,-0.4531,25.5,0.0011,1.576,0.279,0.71104,139.8,542.2,135.5,568.5,144.1,516.0,304,0.614,3
263,-53.926,-115.233,72.288,-0.391,0.1128,0.9134,0.1532,0.9866,-0.056,-0.9075,0.118,-0.4031,25.5,0.0002,3.182,0.468,1.43774,138.8,542.1,134.7,568.4,142.9,515.8,305,0.596,3
264,-54.751,-114.99,74.303,-0.3644,0.1092,0.9248,0.1434,0.9879,-0.0596,-0.9201,0.1109,-0.3756,25.5,0.0005,1.78,0.603,0.76265,137.9,541.9,134.0,568.3,141.8,515.6,306,0.565,3
265,-55.533,-114.754,76.336,-0.3519,0.1071,0.9299,0.1324,0.9892,-0.0636,-0.9266,0.1007,-0.3623,25.5,0.0002,1.03,0.675,0.35737,137.0,541.8,133.4,568.3,140.6,515.4,307,0.499,3
266,-56.302,-114.52,78.375,-0.3512,0.1062,0.9303,0.1211,0.9903,-0.0677,-0.9285,0.0889,-0.3606,25.5,0.0003,0.692,0.692,0.03158,136.1,541.7,132.8,568.3,139.4,515.2,308,0.374,3
267,-57.082,-114.287,80.409,-0.3633,0.1065,0.9256,0.1106,0.9913,-0.0715,-0.9251,0.0764,-0.3719,25.5,0.0008,0.985,0.642,0.33946,135.2,541.6,132.2,568.2,138.3,515.1,309,0.171,3
268,-57.908,-114.052,82.426,-0.3955,0.1083,0.9121,0.1019,0.992,-0.0747,-0.9128,0.0634,-0.4033,25.5,0.001,2.071,0.533,0.91403,134.3,541.5,131.5,568.2,137.1,514.9,310,0.138,3
269,-58.845,-113.811,84.388,-0.4725,0.1133,0.874,0.096,0.9924,-0.0769,-0.8761,0.0476,-0.4798,25.5,0.0001,4.947,0.362,2.25415,133.3,541.4,130.6,568.1,135.9,514.8,311,0.554,3
270,-60.03,-113.555,86.208,-0.5995,0.1192,0.7915,0.0938,0.9926,-0.0777,-0.7948,0.0276,-0.6062,25.5,0.0006,8.695,0.135,3.97419,131.9,541.3,129.4,568.0,134.5,514.6,313,0.383,3
271,-61.498,-113.29,87.807,-0.7549,0.122,0.6444,0.0942,0.9925,-0.0779,-0.6491,0.0019,-0.7607,25.5,0.0002,12.28,0.026,5.61991,130.3,541.1,127.7,567.9,132.9,514.4,314,0.482,3
272,-63.399,-113.03,88.81,-0.9767,0.1079,0.1853,0.0945,0.9924,-0.0788,-0.1923,-0.0594,-0.9795,25.5,0.0002,29.559,0.055,13.64876,128.3,540.9,125.7,567.7,130.9,514.2,316,0.336,3
273,-65.545,-112.842,88.611,-0.9339,0.0609,-0.3522,0.0943,0.9923,-0.08,0.3446,-0.108,-0.9325,25.5,0.0005,31.397,0.07,14.515,126.1,540.7,123.4,567.5,128.7,514.0,318,0.226,3
274,-67.411,-112.754,87.486,-0.7781,0.0241,-0.6277,0.0972,0.9918,-0.0836,0.6205,-0.126,-0.774,25.5,0.0007,18.338,0.266,8.40772,124.1,540.5,121.4,567.3,126.8,513.8,320,0.598,3
275,-69.02,-112.72,86.001,-0.7015,0.0084,-0.7126,0.1019,0.9909,-0.0885,0.7053,-0.1347,-0.696,25.5,0.0001,6.624,0.392,3.02224,122.5,540.4,119.7,567.1,125.3,513.7,321,0.377,3
276,-70.512,-112.712,84.399,-0.6539,-0.0014,-0.7566,0.1016,0.9908,-0.0898,0.7497,-0.1355,-0.6477,25.5,0.0001,3.76,0.077,1.71581,121.0,540.3,118.2,567.0,123.8,513.6,322,0.477,3
277,-71.871,-112.726,82.681,-0.5949,-0.0101,-0.8037,0.092,0.9922,-0.0844,0.7983,-0.1242,-0.5893,25.5,0.0031,4.402,0.636,1.98832,119.7,540.2,117.1,566.9,122.2,513.5,323,0.864,3
278,-73.145,-112.754,80.901,-0.5738,-0.0145,-0.8188,0.0756,0.9944,-0.0739,0.8153,-0.1043,-0.5695,25.5,0.0027,1.88,1.123,0.68868,118.4,540.1,116.3,566.8,120.5,513.4,323,1.327,3
279,-74.401,-112.788,79.106,-0.5752,-0.0166,-0.8178,0.0553,0.9966,-0.0606,0.8161,-0.0801,-0.5724,25.5,0.0012,1.397,1.396,0.071,117.2,540.0,115.6,566.7,118.7,513.3,324,0.716,3
280,-75.678,-112.825,77.326,-0.5934,-0.0172,-0.8047,0.0344,0.9983,-0.0467,0.8042,-0.0554,-0.5918,25.5,0.0,1.924,1.442,0.58674,115.9,539.9,115.0,566.6,116.9,513.2,325,0.129,3
281,-77.011,-112.862,75.589,-0.6267,-0.0165,-0.7791,0.016,0.9993,-0.0345,0.7791,-0.0341,-0.626,25.5,0.0004,2.72,1.266,1.09887,114.6,539.8,114.1,566.5,115.1,513.2,326,0.997,3
282,-78.407,-112.899,73.902,-0.6374,-0.0178,-0.7703,0.0031,0.9997,-0.0262,0.7705,-0.0191,-0.6371,25.5,0.0004,1.177,0.879,0.36414,113.2,539.7,113.1,566.4,113.3,513.1,326,1.192,3
283,-79.802,-112.94,72.214,-0.6377,-0.0195,-0.77,-0.0039,0.9997,-0.0221,0.7703,-0.0111,-0.6376,25.5,0.0,0.459,0.465,0.04582,111.9,539.7,111.9,566.3,111.8,513.1,327,0.271,3
284,-81.205,-112.984,70.532,-0.6439,-0.0204,-0.7649,-0.0061,0.9998,-0.0215,0.7651,-0.0092,-0.6438,25.5,0.0,0.476,0.131,0.21128,110.5,539.6,110.6,566.2,110.3,513.0,328,0.802,3
285,-82.627,-113.029,68.866,-0.6552,-0.0205,-0.7551,-0.0045,0.9997,-0.0236,0.7554,-0.012,-0.6552,25.5,0.0003,0.872,0.151,0.3912,109.1,539.5,109.2,566.1,109.0,513.0,328,1.442,3
286,-84.081,-113.073,67.227,-0.6726,-0.0201,-0.7397,-0.0005,0.9996,-0.0275,0.74,-0.0181,-0.6723,25.5,0.0006,1.364,0.32,0.60768,107.7,539.5,107.6,566.0,107.7,512.9,329,0.531,3
287,-85.581,-113.116,65.63,-0.6981,-0.019,-0.7158,0.005,0.9995,-0.0325,0.716,-0.0263,-0.6976,25.5,0.0008,2.053,0.426,0.91441,106.2,539.4,106.0,565.9,106.4,512.9,330,0.415,3
288,-87.15,-113.156,64.101,-0.7365,-0.0168,-0.6762,0.0108,0.9992,-0.0378,0.6763,-0.0351,-0.7357,25.5,0.0008,3.193,0.45,1.4437,104.6,539.3,104.3,565.8,105.0,512.9,331,1.122,3
289,-88.824,-113.188,62.693,-0.7989,-0.0122,-0.6013,0.0156,0.999,-0.0426,0.6012,-0.0434,-0.7979,25.5,0.001,5.61,0.389,2.55649,103.0,539.3,102.5,565.8,103.4,512.8,331,1.075,3
290,-90.654,-113.209,61.493,-0.8668,-0.0074,-0.4985,0.0186,0.9988,-0.0462,0.4982,-0.0493,-0.8656,25.5,0.0005,7.075,0.269,3.23027,101.1,539.2,100.6,565.7,101.7,512.8,332,0.469,3
291,-92.617,-113.22,60.525,-0.9248,-0.0021,-0.3805,0.0197,0.9986,-0.0487,0.38,-0.0525,-0.9235,25.5,0.0018,7.549,0.157,3.44771,99.2,539.2,98.6,565.6,99.7,512.7,333,0.067,3
292,-94.697,-113.216,59.847,-0.9719,0.0058,-0.2353,0.0197,0.9985,-0.0507,0.2346,-0.0539,-0.9706,25.5,0.0014,8.766,0.115,4.00596,97.0,539.1,96.5,565.6,97.6,512.7,334,0.379,3
293,-96.859,-113.192,59.51,-0.998,0.0157,-0.0611,0.0192,0.9984,-0.0528,0.0602,-0.0539,-0.9967,25.5,0.0003,10.117,0.124,4.62717,94.8,539.1,94.2,565.5,95.4,512.7,335,0.72,3
294,-99.042,-113.147,59.609,-0.9884,0.0261,0.1495,0.0188,0.9983,-0.0554,-0.1507,-0.0519,-0.9872,25.5,0.0008,12.119,0.151,5.5422,92.6,539.0,92.0,565.5,93.1,512.6,336,1.167,3
295,-101.165,-113.079,60.135,-0.9467,0.0357,0.3201,0.0184,0.9981,-0.0581,-0.3215,-0.0491,-0.9456,25.5,0.0004,10.087,0.157,4.61276,90.3,539.0,89.8,565.4,90.9,512.6,336,1.034,3
296,-103.18,-112.994,60.984,-0.8906,0.0416,0.4529,0.018,0.998,-0.0607,-0.4545,-0.0459,-0.8896,25.5,0.002,8.278,0.151,3.78062,88.2,539.0,87.6,565.4,88.8,512.5,337,0.345,3
297,-105.061,-112.896,62.099,-0.8269,0.0473,0.5604,0.0169,0.9978,-0.0634,-0.5622,-0.0429,-0.8259,25.5,0.0023,7.176,0.167,3.27637,86.2,538.9,85.6,565.4,86.7,512.5,338,0.764,3
298,-106.804,-112.786,63.419,-0.7655,0.053,0.6412,0.0147,0.9977,-0.0666,-0.6432,-0.0415,-0.7645,25.5,0.0011,5.827,0.223,2.66142,84.3,538.9,83.8,565.4,84.8,512.4,338,1.432,3
299,-108.417,-112.665,64.893,-0.7056,0.0575,0.7063,0.0107,0.9975,-0.0706,-0.7085,-0.0423,-0.7044,25.5,0.0001,5.087,0.324,2.31914,82.5,538.9,82.1,565.4,82.9,512.4,339,0.224,3
300,-109.9,-112.536,66.501,-0.6513,0.0596,0.7565,0.0047,0.9971,-0.0755,-0.7588,-0.0457,-0.6497,25.5,0.0007,4.263,0.444,1.9355,80.9,538.9,80.6,565.4,81.1,512.4,339,1.975,3
301,-111.282,-112.404,68.193,-0.6135,0.0614,0.7873,-0.0027,0.9967,-0.0811,-0.7897,-0.0519,-0.6113,25.5,0.001,2.847,0.532,1.27692,79.3,538.8,79.3,565.4,79.4,512.3,340,0.363,3
302,-112.594,-112.267,69.942,-0.5854,0.0632,0.8083,-0.0106,0.9962,-0.087,-0.8107,-0.0595,-0.5825,25.5,0.0012,2.088,0.566,0.91877,77.9,538.8,78.0,565.4,77.7,512.3,340,1.853,3
303,-113.852,-112.126,71.731,-0.5638,0.0651,0.8234,-0.0184,0.9955,-0.0926,-0.8257,-0.0674,-0.56,25.5,0.0011,1.614,0.552,0.691,76.4,538.8,76.7,565.4,76.1,512.2,341,1.228,3
304,-115.068,-111.982,73.548,-0.5466,0.0672,0.8347,-0.0253,0.9949,-0.0978,-0.837,-0.0746,-0.5421,25.5,0.0009,1.281,0.496,0.54106,75.0,538.8,75.5,565.4,74.5,512.2,341,0.977,3
305,-116.249,-111.832,75.386,-0.5328,0.0697,0.8434,-0.0307,0.9943,-0.1019,-0.8457,-0.0802,-0.5276,25.5,0.0003,1.021,0.39,0.43168,73.7,538.7,74.3,565.4,73.0,512.1,342,2.827,3
306,-117.404,-111.676,77.24,-0.5213,0.0727,0.8503,-0.0338,0.9939,-0.1047,-0.8527,-0.0834,-0.5157,25.5,0.0009,0.812,0.24,0.35953,72.3,538.7,73.0,565.4,71.6,512.1,342,0.637,3
307,-118.514,-111.515,79.121,-0.4938,0.0744,0.8664,-0.034,0.9938,-0.1059,-0.8689,-0.0818,-0.4882,25.5,0.001,1.831,0.07,0.83493,71.0,538.6,71.7,565.4,70.3,512.0,342,1.553,3
308,-119.571,-111.35,81.032,-0.4721,0.076,0.8783,-0.0309,0.9939,-0.1054,-0.881,-0.0769,-0.4669,25.5,0.0024,1.431,0.18,0.64878,69.8,538.6,70.4,565.4,69.2,511.9,343,2.9,3
309,-120.585,-111.182,82.967,-0.4549,0.0776,0.8872,-0.0243,0.9944,-0.1032,-0.8902,-0.0685,-0.4504,25.5,0.0033,1.185,0.4,0.50819,68.6,538.6,69.0,565.4,68.1,511.8,343,0.71,3
310,-121.566,-111.01,84.918,-0.4414,0.0792,0.8938,-0.0139,0.995,-0.0994,-0.8972,-0.0563,-0.438,25.5,0.0039,1.074,0.635,0.39525,67.4,538.5,67.6,565.4,67.2,511.7,343,1.482,3
311,-122.521,-110.835,86.882,-0.431,0.0809,0.8987,0.0005,0.9956,-0.0939,-0.9024,-0.04,-0.4291,25.5,0.0041,1.105,0.884,0.30397,66.3,538.5,66.1,565.3,66.5,511.7,344,3.532,3
312,-123.457,-110.655,88.854,-0.4235,0.0828,0.9021,0.0193,0.996,-0.0867,-0.9057,-0.0193,-0.4234,25.5,0.0039,1.245,1.154,0.22108,65.1,538.4,64.4,565.3,65.8,511.6,344,1.342,3
313,-124.379,-110.472,90.833,-0.4188,0.0849,0.9041,0.0428,0.9961,-0.0778,-0.9072,0.0061,-0.4208,25.5,0.0037,1.465,1.44,0.14441,64.0,538.3,62.7,565.3,65.3,511.5,344,0.85,3
314,-125.294,-110.283,92.815,-0.417,0.0874,0.9047,0.0711,0.9952,-0.0672,-0.9062,0.0363,-0.4212,25.5,0.0035,1.731,1.732,0.08209,62.9,538.3,60.8,565.2,64.9,511.4,344,3.04,3
315,-126.208,-110.088,94.795,-0.4181,0.0903,0.9039,0.1047,0.993,-0.0548,-0.9025,0.0717,-0.4246,25.5,0.0036,2.049,2.056,0.08381,61.8,538.2,58.8,565.1,64.7,511.4,345,2.443,3
316,-127.114,-109.889,96.78,-0.4086,0.092,0.9081,0.1435,0.9888,-0.0407,-0.9017,0.1136,-0.4172,25.5,0.0046,2.438,2.378,0.27528,60.7,538.1,56.7,564.9,64.6,511.4,345,0.253,3
317,-127.998,-109.685,98.773,-0.3993,0.0943,0.912,0.1862,0.9822,-0.0253,-0.8981,0.1597,-0.4098,25.5,0.0048,2.683,2.628,0.27059,59.6,538.1,54.5,564.6,64.6,511.5,345,1.938,3
318,-128.863,-109.475,100.774,-0.3907,0.0973,0.9154,0.2317,0.9728,-0.009,-0.8913,0.2086,-0.4026,25.5,0.0041,2.859,2.821,0.25434,58.5,538.0,52.2,564.3,64.8,511.7,346,3.916,3
319,-129.71,-109.258,102.782,-0.3832,0.1007,0.9182,0.2785,0.9604,0.0077,-0.881,0.2587,-0.3961,25.5,0.0029,2.954,2.935,0.22752,57.4,537.9,49.9,563.8,64.9,511.9,346,1.725,3
320,-130.543,-109.034,104.795,-0.3773,0.1045,0.9202,0.3256,0.9452,0.0243,-0.8672,0.3088,-0.3906,25.5,0.0017,2.994,2.991,0.19087,56.4,537.8,47.6,563.3,65.2,512.2,346,0.465,3
321,-131.364,-108.8,106.812,-0.3731,0.1086,0.9214,0.372,0.9274,0.0406,-0.8501,0.3579,-0.3864,25.5,0.0007,2.989,2.997,0.15674,55.3,537.7,45.4,562.7,65.4,512.6,346,2.655,3
322,-132.178,-108.558,108.831,-0.3706,0.1126,0.9219,0.4168,0.9073,0.056,-0.8302,0.405,-0.3832,25.5,0.0007,2.936,2.949,0.12408,54.3,537.5,43.1,562.1,65.5,513.0,347,3.466,3
323,-132.985,-108.308,110.852,-0.3662,0.1158,0.9233,0.4595,0.8854,0.0704,-0.8093,0.45,-0.3774,25.5,0.0007,2.862,2.871,0.14695,53.3,537.4,41.0,561.3,65.6,513.5,347,1.275,3
324,-133.783,-108.051,112.876,-0.3618,0.1187,0.9247,0.5001,0.8619,0.0837,-0.7871,0.4927,-0.3712,25.5,0.0012,2.781,2.794,0.14261,52.3,537.3,38.9,560.6,65.7,514.0,347,0.916,3
325,-134.57,-107.788,114.903,-0.3574,0.1217,0.926,0.5384,0.8373,0.0955,-0.7637,0.5327,-0.3647,25.5,0.0021,2.681,2.695,0.14338,51.2,537.1,36.8,559.7,65.7,514.5,347,3.106,3
326,-135.349,-107.518,116.933,-0.3529,0.1247,0.9273,0.574,0.812,0.1057,-0.7398,0.5696,-0.3581,25.5,0.0033,2.547,2.57,0.14548,50.2,537.0,34.8,558.9,65.7,515.0,348,3.176,3
327,-136.116,-107.241,118.966,-0.3481,0.128,0.9287,0.6065,0.7869,0.114,-0.7162,0.6029,-0.3515,25.5,0.0045,2.369,2.401,0.15669,49.2,536.8,33.0,558.1,65.6,515.5,348,0.986,3
328,-136.873,-106.957,121.002,-0.3428,0.1316,0.9301,0.6353,0.7629,0.12,-0.6938,0.632,-0.3451,25.5,0.0058,2.136,2.175,0.17152,48.3,536.7,31.2,557.3,65.4,516.0,348,1.206,3
329,-137.618,-106.665,123.041,-0.3369,0.1356,0.9317,0.6598,0.7412,0.1234,-0.6739,0.6564,-0.3392,25.5,0.0068,1.836,1.885,0.19109,47.3,536.5,29.5,556.5,65.1,516.4,348,3.396,3
330,-138.348,-106.362,125.084,-0.3298,0.1405,0.9335,0.6796,0.723,0.1241,-0.6576,0.6753,-0.3339,25.5,0.0067,1.462,1.542,0.23048,46.3,536.3,28.0,555.9,64.7,516.7,349,2.929,3
331,-139.06,-106.048,127.13,-0.3199,0.1473,0.9359,0.6946,0.7089,0.1221,-0.6455,0.6892,-0.3291,25.5,0.0035,1.091,1.185,0.32058,45.4,536.1,26.6,555.3,64.2,516.8,349,0.74,3
332,-139.751,-105.718,129.183,-0.3115,0.153,0.9378,0.7089,0.6951,0.1198,-0.6336,0.7021,-0.325,25.5,0.0021,1.033,1.146,0.27012,44.4,535.9,25.3,554.7,63.7,517.0,349,1.452,3
333,-140.426,-105.378,131.239,-0.3046,0.1575,0.9394,0.7276,0.6754,0.1199,-0.6155,0.72,-0.3204,25.5,0.0026,1.482,1.556,0.21952,43.5,535.7,23.8,554.0,63.3,517.3,349,3.642,3
334,-141.087,-105.029,133.298,-0.2989,0.1612,0.9406,0.7558,0.6427,0.1252,-0.5843,0.7483,-0.3139,25.5,0.0045,2.442,2.493,0.18043,42.6,535.4,22.1,552.9,63.2,517.9,350,2.605,3
335,-141.736,-104.672,135.36,-0.294,0.164,0.9416,0.7974,0.5873,0.1385,-0.5303,0.7916,-0.3035,25.5,0.0077,4.011,4.043,0.14988,41.7,535.2,20.1,551.1,63.4,519.2,350,0.417,3
336,-142.375,-104.311,137.422,-0.2901,0.166,0.9425,0.854,0.4942,0.1625,-0.4389,0.8521,-0.2851,25.5,0.0126,6.371,6.396,0.11711,40.9,534.9,17.7,548.3,64.1,521.5,350,1.777,3
337,-143.006,-103.945,139.488,-0.2848,0.1692,0.9435,0.9179,0.3436,0.1984,-0.2907,0.9227,-0.2532,25.5,0.0161,9.593,9.608,0.16399,40.0,534.7,15.1,543.8,65.0,525.5,350,3.967,3
338,-143.611,-103.564,141.558,-0.2652,0.1797,0.9473,0.9601,0.1507,0.2354,-0.1005,0.972,-0.2125,25.5,0.0045,11.516,11.53,0.59038,39.1,534.4,13.2,538.2,65.2,530.6,351,2.092,3
339,-144.172,-103.162,143.636,-0.2504,0.1865,0.95,0.9655,-0.0236,0.2593,0.0708,0.9822,-0.1742,25.5,0.0002,10.087,10.098,0.432,38.3,534.1,12.3,533.0,64.6,535.2,351,0.098,3
340,-144.712,-102.748,145.718,-0.242,0.1909,0.9513,0.9523,-0.1441,0.2691,0.1885,0.971,-0.1469,25.5,0.002,6.957,6.972,0.25032,37.5,533.8,11.9,529.4,63.4,538.3,351,2.288,3
341,-145.232,-102.325,147.804,-0.2327,0.1952,0.9528,0.9352,-0.2268,0.2718,0.2691,0.9543,-0.1298,25.5,0.0029,4.818,4.843,0.27084,36.8,533.5,11.6,526.7,62.2,540.3,352,3.475,3
342,-145.73,-101.893,149.893,-0.2214,0.1998,0.9545,0.9174,-0.2908,0.2717,0.3319,0.9358,-0.1189,25.5,0.0019,3.803,3.807,0.32218,36.0,533.2,11.3,524.6,61.0,541.7,352,1.285,3
343,-146.2,-101.449,151.986,-0.207,0.2054,0.9565,0.896,-0.3515,0.2715,0.3919,0.9132,-0.1113,25.5,0.002,3.7,3.688,0.40749,35.3,532.8,11.1,522.6,59.7,543.1,352,0.906,3
344,-146.64,-100.994,154.082,-0.1957,0.2104,0.9578,0.8659,-0.4196,0.2722,0.4592,0.8827,-0.1001,25.5,0.003,4.283,4.267,0.32506,34.6,532.5,11.3,520.3,58.2,544.7,352,3.097,3
345,-147.057,-100.528,156.182,-0.1852,0.2147,0.959,0.8266,-0.4922,0.273,0.5306,0.8432,-0.0863,25.5,0.003,4.743,4.732,0.29844,34.0,532.1,11.7,517.9,56.5,546.4,353,2.275,3
346,-147.451,-100.053,158.284,-0.1741,0.2188,0.9601,0.7818,-0.5607,0.2726,0.598,0.7981,-0.0734,25.5,0.0029,4.706,4.691,0.31085,33.3,531.7,12.2,515.6,54.6,547.9,353,0.092,3
347,-147.819,-99.57,160.388,-0.1621,0.2227,0.9613,0.7383,-0.6179,0.2706,0.6542,0.7536,-0.0642,25.5,0.0028,4.142,4.12,0.33155,32.7,531.3,12.8,513.6,52.8,549.1,353,2.107,3
348,-148.16,-99.078,162.495,-0.1487,0.2265,0.9626,0.7037,-0.6584,0.267,0.6942,0.7171,-0.0615,25.5,0.0032,3.107,3.059,0.36593,32.1,530.9,13.2,512.1,51.3,549.9,354,2.778,3
349,-148.468,-98.576,164.604,-0.1328,0.2313,0.9638,0.6854,-0.6793,0.2623,0.7154,0.6954,-0.0683,25.5,0.0047,1.781,1.614,0.43565,31.6,530.5,13.1,511.1,50.2,550.1,354,0.588,3
350,-148.745,-98.065,166.717,-0.1202,0.2351,0.9645,0.6866,-0.6804,0.2564,0.7165,0.693,-0.0796,25.5,0.0048,0.665,0.351,0.34469,31.1,530.1,12.5,510.6,49.8,549.7,354,1.604,3
351,-148.996,-97.547,168.83,-0.11,0.2384,0.9649,0.7083,-0.6608,0.2481,0.6968,0.7108,-0.0961,25.5,0.0039,1.791,1.742,0.28061,30.6,529.6,11.4,510.7,49.9,548.7,355,2.698,3
352,-149.228,-97.021,170.944,-0.1011,0.2413,0.9652,0.7508,-0.617,0.2358,0.6524,0.7485,-0.1188,25.5,0.0028,3.582,3.568,0.2449,30.1,529.2,9.6,511.5,50.7,547.1,355,0.508,3
353,-149.44,-96.489,173.059,-0.0924,0.2444,0.9653,0.8124,-0.5414,0.2164,0.5755,0.8042,-0.1485,25.5,0.0015,5.703,5.699,0.24158,29.7,528.8,7.4,513.2,52.1,544.4,355,1.685,3
354,-149.627,-95.959,175.175,-0.0762,0.2388,0.9681,0.8859,-0.4249,0.186,0.4558,0.8719,-0.1792,25.5,0.0111,8.08,8.089,0.45442,29.2,528.3,4.8,516.0,53.8,540.7,356,1.941,3
355,-149.771,-95.425,177.294,-0.0573,0.2543,0.9654,0.9484,-0.2812,0.1463,0.3087,0.9241,-0.2251,25.5,0.0154,9.332,9.272,0.64352,28.9,527.9,2.5,519.7,55.4,536.1,356,0.249,3
356,-149.888,-94.833,179.399,-0.0513,0.2862,0.9568,0.9836,-0.1461,0.1058,0.1701,0.9466,-0.274,25.5,0.009,8.527,8.336,0.87859,28.5,527.3,1.0,523.0,56.1,531.7,356,2.438,3
357,-149.983,-94.215,181.498,-0.0381,0.281,0.959,0.9961,-0.0492,0.0731,0.0678,0.9582,-0.278,25.5,0.0183,5.906,5.906,0.37566,28.2,526.8,0.2,525.3,56.3,528.3,357,0.421,3
358,-150.061,-93.593,183.598,-0.0332,0.2887,0.9568,0.9987,0.012,0.0489,0.0026,0.9574,-0.2888,25.5,0.0171,3.788,3.774,0.24541,27.9,526.2,-0.3,526.5,56.1,526.0,357,1.776,3
359,-150.131,-92.942,185.688,-0.0316,0.3074,0.9511,0.9983,0.0478,0.0318,-0.0357,0.9506,-0.3084,25.5,0.0134,2.496,2.274,0.51298,27.6,525.6,-0.7,526.9,55.9,524.3,358,0.231,3
360,-150.201,-92.231,187.761,-0.0332,0.3463,0.9375,0.9976,0.0666,0.0205,-0.0553,0.936,-0.3477,25.5,0.0092,2.652,1.257,1.07801,27.3,525.0,-1.0,526.8,55.7,523.1,359,1.27,3
361,-150.282,-91.374,189.773,-0.044,0.4659,0.8837,0.997,0.0758,0.0142,-0.0604,0.8817,-0.4678,25.5,0.004,7.563,0.64,3.44774,27.0,524.1,-1.4,526.3,55.4,522.0,359,0.925,3
362,-150.395,-90.079,191.521,-0.0638,0.7623,0.6441,0.9966,0.0819,0.0123,-0.0433,0.6427,-0.7649,25.5,0.0068,22.004,0.367,10.10072,26.7,522.8,-1.7,525.1,55.1,520.5,361,0.467,3
363,-150.57,-88.175,191.048,-0.0624,0.6824,-0.7283,0.9962,0.0861,0.0152,0.0731,-0.7247,-0.6852,25.5,0.0145,86.837,0.293,44.09851,26.5,520.7,-1.8,523.1,54.9,518.2,362,0.624,3
364,-150.65,-87.039,189.186,-0.0246,0.4345,-0.9004,0.9957,0.0901,0.0205,0.09,-0.896,-0.4348,25.5,0.0038,17.477,0.382,8.0143,26.6,519.3,-1.7,521.8,55.0,516.7,363,1.1,3
365,-150.69,-86.163,187.18,-0.012,0.3725,-0.928,0.9946,0.0995,0.029,0.1031,-0.9226,-0.3716,25.5,0.0018,4.001,0.729,1.80635,26.8,518.2,-1.4,521.0,55.1,515.4,364,0.745,3
366,-150.703,-85.393,185.13,0.0007,0.3324,-0.9431,0.9932,0.1096,0.0382,0.1161,-0.9368,-0.3301,25.5,0.0011,2.621,0.787,1.16935,27.0,517.2,-1.1,520.2,55.2,514.1,365,0.462,3
367,-150.686,-84.704,183.054,0.0149,0.2992,-0.9541,0.9922,0.1156,0.0458,0.124,-0.9474,-0.2952,25.5,0.0057,2.138,0.558,0.98909,27.2,516.3,-0.8,519.5,55.3,513.1,365,1.726,3
368,-150.642,-84.073,180.956,0.0242,0.278,-0.9603,0.9921,0.115,0.0506,0.1245,-0.9539,-0.273,25.5,0.0074,1.326,0.277,0.62661,27.5,515.5,-0.5,518.7,55.5,512.3,366,0.286,3
369,-150.583,-83.481,178.846,0.0293,0.2628,-0.9644,0.9927,0.1086,0.0528,0.1186,-0.9589,-0.2577,25.5,0.0067,0.982,0.389,0.43242,27.8,514.7,-0.1,517.7,55.8,511.7,366,1.908,3
370,-150.515,-82.92,176.731,0.0322,0.2507,-0.9675,0.9939,0.0973,0.0528,0.1074,-0.9633,-0.246,25.5,0.0053,0.962,0.651,0.33565,28.1,514.0,0.1,516.6,56.1,511.3,367,0.858,3
371,-150.442,-82.382,174.608,0.0337,0.24,-0.9702,0.9953,0.0821,0.0511,0.0919,-0.9674,-0.2361,25.5,0.0037,1.08,0.88,0.2912,28.4,513.2,0.4,515.5,56.4,511.0,367,1.338,3
372,-150.368,-81.867,172.479,0.0342,0.2301,-0.9726,0.9968,0.0638,0.0478,0.0731,-0.9711,-0.2272,25.5,0.0023,1.21,1.069,0.26665,28.7,512.5,0.7,514.3,56.7,510.8,368,2.115,3
373,-150.293,-81.374,170.346,0.0337,0.2203,-0.9749,0.9981,0.0435,0.0435,0.052,-0.9745,-0.2184,25.5,0.0008,1.324,1.191,0.26363,29.0,511.9,1.0,513.0,57.0,510.7,368,0.117,3
374,-150.221,-80.902,168.208,0.0324,0.2102,-0.9771,0.999,0.0222,0.0385,0.0298,-0.9774,-0.2093,25.5,0.0006,1.385,1.255,0.27245,29.3,511.2,1.3,511.8,57.3,510.7,368,2.269,3
375,-150.152,-80.454,166.065,0.0301,0.1993,-0.9795,0.9995,0.0008,0.0331,0.0074,-0.9799,-0.1991,25.5,0.0022,1.418,1.265,0.29804,29.6,510.6,1.6,510.6,57.6,510.7,369,1.805,3
376,-150.09,-80.03,163.917,0.0267,0.1869,-0.982,0.9994,-0.0196,0.0278,-0.0141,-0.9822,-0.1873,25.5,0.0043,1.411,1.208,0.34269,29.9,510.1,1.9,509.5,57.8,510.6,369,0.386,3
377,-150.034,-79.636,161.763,0.0251,0.1724,-0.9847,0.999,-0.0383,0.0229,-0.0337,-0.9843,-0.1732,25.5,0.0041,1.389,1.108,0.38813,30.1,509.5,2.2,508.4,58.1,510.6,369,2.576,3
378,-149.979,-79.274,159.604,0.025,0.1585,-0.987,0.9983,-0.0548,0.0186,-0.0511,-0.9859,-0.1596,25.5,0.0021,1.269,0.978,0.36858,30.4,509.0,2.5,507.4,58.3,510.6,370,2.055,3
379,-149.925,-78.941,157.44,0.0247,0.1458,-0.989,0.9975,-0.0693,0.0148,-0.0664,-0.9869,-0.1471,25.5,0.0001,1.133,0.86,0.33642,30.7,508.5,2.9,506.6,58.5,510.5,370,0.255,3
380,-149.871,-78.635,155.272,0.024,0.1345,-0.9906,0.9965,-0.0822,0.0115,-0.0799,-0.9875,-0.136,25.5,0.0015,1.002,0.765,0.29909,31.0,508.1,3.2,505.8,58.8,510.4,370,2.348,3
381,-149.82,-78.351,153.1,0.023,0.1247,-0.9919,0.9956,-0.0937,0.0086,-0.0919,-0.9877,-0.1263,25.5,0.0027,0.884,0.681,0.25994,31.2,507.6,3.5,505.0,59.0,510.3,370,4.535,3
382,-149.771,-78.087,150.927,0.0218,0.1165,-0.9929,0.9946,-0.1039,0.0061,-0.1024,-0.9877,-0.1182,25.5,0.0035,0.76,0.604,0.2184,31.5,507.2,3.8,504.3,59.2,510.1,371,2.574,3
383,-149.724,-77.84,148.751,0.0203,0.1099,-0.9937,0.9936,-0.1131,0.0039,-0.1119,-0.9874,-0.1115,25.5,0.0039,0.666,0.545,0.1783,31.8,506.9,4.2,503.7,59.4,510.0,371,0.439,3
384,-149.682,-77.605,146.574,0.0187,0.1048,-0.9943,0.9926,-0.1214,0.002,-0.1205,-0.987,-0.1063,25.5,0.0039,0.576,0.491,0.14071,32.0,506.5,4.5,503.1,59.6,509.9,371,1.833,3
385,-149.643,-77.38,144.396,0.0169,0.1011,-0.9947,0.9916,-0.1291,0.0004,-0.1284,-0.9864,-0.1024,25.5,0.0033,0.506,0.454,0.10815,32.3,506.1,4.8,502.6,59.8,509.7,371,4.016,3
386,-149.608,-77.161,142.217,0.0149,0.0987,-0.995,0.9906,-0.1365,-0.0011,-0.1359,-0.9857,-0.0998,25.5,0.0024,0.457,0.436,0.0821,32.6,505.8,5.1,502.0,60.0,509.6,371,6.204,3
387,-149.577,-76.946,140.037,0.0129,0.0975,-0.9951,0.9896,-0.1436,-0.0023,-0.1431,-0.9848,-0.0984,25.5,0.0011,0.423,0.417,0.06106,32.8,505.4,5.4,501.5,60.2,509.4,372,4.018,3
388,-149.552,-76.735,137.86,0.0099,0.0935,-0.9956,0.9886,-0.1507,-0.0035,-0.1504,-0.9842,-0.0939,25.5,0.0008,0.493,0.417,0.13159,33.0,505.1,5.7,500.9,60.3,509.3,372,1.83,3
389,-149.535,-76.542,135.675,0.0058,0.0825,-0.9966,0.9874,-0.158,-0.0046,-0.1578,-0.984,-0.0823,25.5,0.0027,0.788,0.429,0.30768,33.3,504.8,6.0,500.4,60.5,509.1,372,0.365,3
390,-149.526,-76.371,133.494,0.0026,0.074,-0.9973,0.9862,-0.1654,-0.0056,-0.1654,-0.9835,-0.0734,25.5,0.0041,0.671,0.433,0.23853,33.5,504.5,6.3,499.9,60.7,509.0,372,2.552,3
391,-149.523,-76.216,131.306,0.0002,0.0675,-0.9977,0.9849,-0.173,-0.0065,-0.1731,-0.9827,-0.0665,25.5,0.005,0.594,0.445,0.18131,33.7,504.2,6.6,499.5,60.8,509.0,372,4.744,3
392,-149.524,-76.074,129.122,-0.0015,0.0627,-0.998,0.9835,-0.1809,-0.0074,-0.181,-0.9816,-0.0614,25.5,0.0054,0.542,0.463,0.13354,33.9,504.0,6.9,499.0,60.9,508.9,373,6.745,3
393,-149.529,-75.941,126.934,-0.0027,0.0593,-0.9982,0.982,-0.1889,-0.0082,-0.1891,-0.9803,-0.0577,25.5,0.0057,0.516,0.469,0.0944,34.1,503.7,7.2,498.5,61.1,508.9,373,4.553,3
394,-149.536,-75.814,124.748,-0.0034,0.0572,-0.9984,0.9803,-0.1972,-0.009,-0.1974,-0.9788,-0.0554,25.5,0.0056,0.501,0.488,0.05811,34.3,503.5,7.4,498.1,61.2,508.9,373,2.363,3
395,-149.544,-75.69,122.56,-0.0036,0.0562,-0.9984,0.9785,-0.2058,-0.0097,-0.2061,-0.977,-0.0542,25.5,0.0054,0.514,0.505,0.02663,34.5,503.2,7.7,497.6,61.3,508.8,373,0.173,3
396,-149.551,-75.567,120.373,-0.0034,0.0563,-0.9984,0.9766,-0.2148,-0.0105,-0.215,-0.9751,-0.0543,25.5,0.0049,0.521,0.529,0.00585,34.7,503.0,8.0,497.1,61.4,508.8,373,2.019,3
397,-149.558,-75.442,118.186,-0.0027,0.0576,-0.9983,0.9745,-0.224,-0.0112,-0.2243,-0.9729,-0.0555,25.5,0.0044,0.552,0.542,0.03869,34.9,502.7,8.3,496.6,61.5,508.8,373,4.21,3
398,-149.563,-75.313,115.999,-0.0016,0.06,-0.9982,0.9723,-0.2336,-0.012,-0.2339,-0.9705,-0.0579,25.5,0.0036,0.583,0.566,0.06911,35.1,502.5,8.6,496.1,61.7,508.9,373,6.4,3
399,-149.565,-75.178,113.812,0.0,0.0636,-0.998,0.9698,-0.2436,-0.0127,-0.2439,-0.9678,-0.0617,25.5,0.0028,0.632,0.592,0.10312,35.3,502.3,8.9,495.6,61.8,508.9,374,4.776,3
400,-149.562,-75.034,111.626,0.0022,0.0686,-0.9976,0.9671,-0.2539,-0.0135,-0.2543,-0.9648,-0.0669,25.5,0.0018,0.688,0.612,0.14326,35.5,502.0,9.2,495.1,61.9,508.9,374,2.587,3
401,-149.555,-74.877,109.441,0.005,0.0751,-0.9972,0.9642,-0.2648,-0.0143,-0.2651,-0.9614,-0.0737,25.5,0.0008,0.757,0.648,0.18539,35.8,501.7,9.5,494.6,62.0,508.9,374,0.4,3
402,-149.54,-74.703,107.257,0.0085,0.0834,-0.9965,0.961,-0.276,-0.0151,-0.2763,-0.9575,-0.0825,25.5,0.0002,0.846,0.669,0.23623,36.0,501.4,9.9,494.0,62.1,508.9,374,1.797,3
403,-149.517,-74.51,105.075,0.013,0.094,-0.9955,0.9576,-0.2877,-0.016,-0.2879,-0.953,-0.0938,25.5,0.0013,0.963,0.7,0.30238,36.2,501.1,10.2,493.4,62.2,508.9,374,3.986,3
404,-149.482,-74.29,102.896,0.0186,0.1075,-0.994,0.9538,-0.3,-0.0169,-0.3,-0.9478,-0.1081,25.5,0.0023,1.114,0.739,0.38427,36.5,500.8,10.6,492.7,62.3,508.9,375,5.663,3
405,-149.44,-74.052,100.724,0.0189,0.1085,-0.9939,0.9497,-0.3127,-0.0179,-0.3127,-0.9436,-0.1089,25.5,0.0018,0.768,0.767,0.02749,36.7,500.4,11.0,492.0,62.4,508.9,375,3.479,3
406,-149.399,-73.814,98.546,0.019,0.109,-0.9939,0.9453,-0.3257,-0.019,-0.3258,-0.9391,-0.1092,25.5,0.0013,0.794,0.789,0.01325,36.9,500.1,11.4,491.3,62.5,508.9,375,1.294,3
407,-149.357,-73.573,96.368,0.0199,0.111,-0.9936,0.9407,-0.3387,-0.0201,-0.3388,-0.9343,-0.1111,25.5,0.0011,0.801,0.793,0.05785,37.2,499.7,11.8,490.6,62.6,508.8,375,0.921,3
408,-149.312,-73.326,94.192,0.0214,0.1146,-0.9932,0.936,-0.3514,-0.0212,-0.3515,-0.9291,-0.1148,25.5,0.0008,0.814,0.778,0.10251,37.4,499.4,12.2,489.9,62.7,508.8,375,3.102,3
409,-149.262,-73.07,92.017,0.0238,0.1199,-0.9925,0.9313,-0.3636,-0.0224,-0.3636,-0.9237,-0.1204,25.5,0.0008,0.824,0.752,0.1533,37.7,499.0,12.6,489.3,62.8,508.8,376,4.217,3
410,-149.206,-72.799,89.844,0.0272,0.1274,-0.9915,0.9267,-0.375,-0.0235,-0.3748,-0.9182,-0.1283,25.5,0.0007,0.846,0.707,0.21692,38.0,498.6,13.0,488.6,62.9,508.7,376,2.031,3
411,-149.142,-72.509,87.673,0.0318,0.1379,-0.9899,0.9224,-0.3854,-0.0246,-0.3849,-0.9124,-0.1394,25.5,0.0005,0.922,0.648,0.30263,38.2,498.2,13.4,487.9,63.0,508.5,376,0.283,3
412,-149.066,-72.192,85.507,0.0385,0.1526,-0.9875,0.9186,-0.3944,-0.0257,-0.3934,-0.9062,-0.1554,25.5,0.0006,1.097,0.563,0.42725,38.5,497.8,13.8,487.3,63.1,508.3,376,2.376,3
413,-148.971,-71.835,83.348,0.0485,0.1747,-0.9834,0.9153,-0.4018,-0.0267,-0.3998,-0.8989,-0.1794,25.5,0.0005,1.483,0.468,0.64351,38.8,497.3,14.2,486.6,63.3,508.0,377,2.244,3
414,-148.848,-71.416,81.196,0.0651,0.2111,-0.9753,0.9128,-0.4074,-0.0276,-0.4032,-0.8885,-0.2192,25.5,0.0003,2.365,0.355,1.06552,39.1,496.8,14.7,485.9,63.5,507.6,377,0.154,3
415,-148.674,-70.883,79.078,0.0991,0.2854,-0.9533,0.9112,-0.411,-0.0285,-0.3999,-0.8658,-0.3008,25.5,0.0002,4.858,0.232,2.21328,39.5,496.1,15.1,485.2,63.9,507.1,378,2.062,3
416,-148.38,-70.091,77.069,0.1761,0.4527,-0.8741,0.9106,-0.4123,-0.0293,-0.3736,-0.7908,-0.4848,25.5,0.0007,11.503,0.094,5.27936,40.0,495.2,15.6,484.3,64.3,506.2,378,0.178,3
417,-147.864,-68.824,75.376,0.303,0.7157,-0.6292,0.9106,-0.4123,-0.0295,-0.2805,-0.564,-0.7767,25.5,0.0006,21.975,0.011,10.09463,40.7,493.8,16.4,482.9,65.0,504.8,379,0.079,3
418,-147.048,-66.975,74.69,0.3959,0.8898,-0.2269,0.9104,-0.4126,-0.0307,-0.1209,-0.1944,-0.9734,25.5,0.0003,25.893,0.072,12.13177,41.6,491.9,17.3,480.9,65.9,502.8,380,0.615,3
419,-146.174,-65.013,74.229,0.3991,0.8949,-0.1996,0.9093,-0.4142,-0.0401,-0.1185,-0.1655,-0.9791,25.5,0.0002,1.693,0.55,0.72911,42.5,489.8,18.2,478.8,66.8,500.8,382,0.131,3
420,-145.298,-63.049,73.802,0.4001,0.8964,-0.1907,0.9071,-0.4169,-0.058,-0.1315,-0.1497,-0.9799,25.5,0.0003,1.173,1.045,0.23726,43.5,487.7,19.2,476.7,67.7,498.8,383,0.68,3
421,-144.422,-61.088,73.391,0.4007,0.8972,-0.1859,0.9034,-0.4205,-0.0838,-0.1533,-0.1344,-0.979,25.5,0.0003,1.527,1.508,0.12846,44.4,485.7,20.2,474.6,68.6,496.8,385,0.191,3
422,-143.543,-59.118,72.986,0.401,0.8976,-0.1829,0.8979,-0.4245,-0.1164,-0.1822,-0.1176,-0.9762,25.5,0.0003,1.922,1.908,0.07939,45.4,483.6,21.2,472.4,69.5,494.8,386,0.473,3
423,-142.663,-57.149,72.588,0.4012,0.898,-0.1808,0.8901,-0.4286,-0.1551,-0.2167,-0.0988,-0.9712,25.5,0.0003,2.269,2.274,0.05607,46.3,481.6,22.3,470.3,70.3,492.8,387,0.922,3
424,-141.784,-55.181,72.193,0.4014,0.8982,-0.1793,0.8796,-0.4324,-0.1985,-0.2559,-0.078,-0.9636,25.5,0.0003,2.58,2.568,0.03991,47.3,479.5,23.4,468.1,71.0,490.8,389,0.826,4
425,-140.904,-53.213,71.802,0.4015,0.8984,-0.1781,0.866,-0.4355,-0.2456,-0.2982,-0.0557,-0.9529,25.5,0.0002,2.808,2.815,0.03192,48.2,477.4,24.6,466.0,71.7,488.8,390,0.843,4
426,-140.024,-51.244,71.412,0.4016,0.8985,-0.1773,0.8496,-0.4376,-0.2945,-0.3422,-0.0323,-0.9391,25.5,0.0002,2.963,2.958,0.02123,49.2,475.4,25.9,463.9,72.3,486.7,391,1.015,4
427,-139.143,-49.273,71.024,0.4017,0.8986,-0.1766,0.8304,-0.4386,-0.3436,-0.3862,-0.0086,-0.9224,25.5,0.0001,3.019,3.022,0.01865,50.1,473.3,27.2,461.9,72.8,484.6,391,1.196,4
428,-138.261,-47.301,70.637,0.4017,0.8987,-0.176,0.8093,-0.4383,-0.3911,-0.4287,0.0147,-0.9033,25.5,0.0,2.985,2.978,0.01587,51.1,471.2,28.6,459.8,73.3,482.5,392,0.881,4
429,-137.38,-45.328,70.251,0.4018,0.8988,-0.1756,0.7872,-0.4369,-0.4353,-0.468,0.0367,-0.883,25.5,0.0,2.831,2.833,0.01097,52.0,469.2,30.1,457.8,73.7,480.4,393,0.442,4
430,-136.501,-43.363,69.868,0.4018,0.8988,-0.1753,0.7654,-0.4347,-0.4746,-0.5028,0.0566,-0.8626,25.5,0.0,2.577,2.578,0.00774,53.0,467.1,31.5,455.8,74.1,478.3,394,0.178,4
431,-135.621,-41.395,69.484,0.4018,0.8988,-0.175,0.7453,-0.432,-0.5078,-0.5321,0.0736,-0.8435,25.5,0.0,2.228,2.229,0.00773,53.9,465.1,32.9,453.8,74.6,476.1,395,0.819,4
432,-134.74,-39.424,69.101,0.4018,0.8989,-0.1749,0.7285,-0.4295,-0.5338,-0.5549,0.0871,-0.8273,25.5,0.0,1.78,1.779,0.00317,54.9,463.0,34.3,451.8,75.1,474.0,395,1.382,4
433,-133.859,-37.453,68.717,0.4018,0.8989,-0.1748,0.7162,-0.4274,-0.5517,-0.5706,0.0965,-0.8155,25.5,0.0,1.248,1.25,0.00257,55.8,460.9,35.5,449.8,75.8,471.9,396,0.626,4
434,-132.979,-35.484,68.334,0.4018,0.8989,-0.1748,0.7099,-0.4262,-0.5607,-0.5785,0.1012,-0.8094,25.5,0.0001,0.632,0.633,0.0,56.8,458.9,36.6,447.8,76.6,469.8,397,0.226,4
435,-132.098,-33.514,67.951,0.4018,0.8989,-0.1749,0.7106,-0.4262,-0.5598,-0.5777,0.1006,-0.81,25.5,0.0003,0.067,0.065,0.00257,57.7,456.8,37.6,445.7,77.5,467.7,398,1.122,4
436,-131.217,-31.544,67.568,0.4018,0.8988,-0.175,0.7192,-0.4276,-0.5477,-0.5671,0.0942,-0.8182,25.5,0.0005,0.851,0.854,0.00318,58.7,454.8,38.3,443.6,78.7,465.8,398,1.072,4
437,-130.337,-29.575,67.184,0.4018,0.8988,-0.1753,0.736,-0.4302,-0.5227,-0.5452,0.081,-0.8344,25.5,0.0007,1.734,1.732,0.00773,59.6,452.7,38.9,441.5,80.0,463.8,399,0.121,4
438,-129.458,-27.609,66.8,0.4018,0.8988,-0.1756,0.7609,-0.4336,-0.4827,-0.51,0.0604,-0.8581,25.5,0.0008,2.703,2.707,0.00774,60.6,450.7,39.3,439.3,81.5,461.9,400,0.873,4
439,-128.577,-25.636,66.414,0.4017,0.8987,-0.176,0.7927,-0.4367,-0.4254,-0.4592,0.0314,-0.8878,25.5,0.0008,3.759,3.76,0.01096,61.5,448.6,39.5,437.2,83.2,459.9,400,1.323,4
440,-127.695,-23.664,66.028,0.4017,0.8986,-0.1765,0.8286,-0.4379,-0.3488,-0.3907,-0.0061,-0.9205,25.5,0.0009,4.852,4.849,0.01332,62.4,446.6,39.7,435.0,84.9,458.0,401,0.328,4
441,-126.814,-21.694,65.64,0.4016,0.8985,-0.1771,0.8643,-0.4352,-0.2522,-0.3037,-0.0518,-0.9514,25.5,0.0007,5.905,5.905,0.0161,63.4,444.5,39.9,433.0,86.7,455.9,402,0.661,4
442,-125.935,-19.727,65.251,0.4015,0.8984,-0.1779,0.8939,-0.4264,-0.1382,-0.2,-0.1035,-0.9743,25.5,0.0004,6.771,6.771,0.02125,64.3,442.5,40.4,431.2,88.2,453.7,402,1.528,4
443,-125.06,-17.77,64.863,0.4015,0.8983,-0.1787,0.9119,-0.4102,-0.0129,-0.0849,-0.1578,-0.9838,25.5,0.0,7.317,7.317,0.02116,65.3,440.4,41.1,429.6,89.4,451.3,403,0.551,4
444,-124.181,-15.802,64.472,0.4015,0.8983,-0.1786,0.915,-0.3872,0.1139,0.0331,-0.2092,-0.9773,25.5,0.0008,7.389,7.391,0.00257,66.2,438.4,42.3,428.1,90.2,448.7,404,0.372,4
445,-123.303,-13.837,64.081,0.4015,0.8983,-0.1786,0.904,-0.3596,0.2313,0.1435,-0.2543,-0.9564,25.5,0.0014,6.941,6.943,0.0,67.1,436.3,43.8,426.8,90.7,445.9,405,1.236,4
446,-122.423,-11.869,63.69,0.4015,0.8983,-0.1785,0.8831,-0.3307,0.3328,0.2399,-0.2912,-0.9261,25.5,0.0019,6.167,6.167,0.00257,68.1,434.3,45.5,425.5,90.9,443.2,405,0.955,4
447,-121.542,-9.899,63.298,0.4015,0.8983,-0.1784,0.8571,-0.303,0.4167,0.3202,-0.3202,-0.8916,25.5,0.0024,5.278,5.279,0.00257,69.0,432.3,47.3,424.2,91.0,440.4,406,0.173,4
448,-120.664,-7.932,62.908,0.4015,0.8983,-0.1784,0.8297,-0.2778,0.4842,0.3854,-0.3424,-0.8569,25.5,0.0028,4.42,4.418,0.0,70.0,430.2,49.1,422.9,91.2,437.7,407,0.54,4
449,-119.784,-5.966,62.517,0.4015,0.8983,-0.1783,0.8033,-0.2556,0.5379,0.4377,-0.3592,-0.8243,25.5,0.003,3.66,3.657,0.00258,70.9,428.2,50.8,421.4,91.3,435.0,408,1.182,4
450,-118.904,-3.997,62.127,0.4015,0.8983,-0.1782,0.779,-0.2365,0.5806,0.4795,-0.372,-0.7948,25.5,0.0031,3.022,3.021,0.00257,71.8,426.1,52.5,419.9,91.5,432.5,408,1.009,4
451,-118.024,-2.028,61.736,0.4015,0.8983,-0.1782,0.7574,-0.2203,0.6147,0.513,-0.3818,-0.7688,25.5,0.0033,2.494,2.492,0.0,72.8,424.1,54.1,418.3,91.9,430.0,409,0.433,4
452,-117.146,-0.062,61.346,0.4015,0.8984,-0.1781,0.7383,-0.2065,0.642,0.54,-0.3893,-0.7462,25.5,0.0034,2.063,2.066,0.00319,73.7,422.1,55.5,416.7,92.2,427.6,410,0.09,4
453,-116.266,1.906,60.956,0.4016,0.8984,-0.178,0.7218,-0.1949,0.6641,0.5619,-0.3952,-0.7267,25.5,0.0034,1.714,1.714,0.00365,74.7,420.0,57.0,415.0,92.7,425.2,411,0.557,4
454,-115.385,3.876,60.566,0.4016,0.8984,-0.178,0.7075,-0.1851,0.6821,0.5798,-0.3998,-0.7099,25.5,0.0036,1.431,1.432,0.0,75.6,418.0,58.3,413.2,93.2,422.9,412,0.974,4
455,-114.506,5.842,60.176,0.4016,0.8984,-0.1779,0.6952,-0.1768,0.6967,0.5945,-0.4035,-0.6956,25.5,0.0036,1.194,1.193,0.00258,76.5,416.0,59.6,411.4,93.8,420.6,412,1.215,4
456,-113.627,7.81,59.787,0.4016,0.8984,-0.1778,0.6847,-0.1698,0.7088,0.6066,-0.4064,-0.6833,25.5,0.0036,1.002,1.002,0.00257,77.5,413.9,60.8,409.6,94.5,418.4,413,0.837,4
457,-112.747,9.779,59.397,0.4016,0.8984,-0.1778,0.6758,-0.1639,0.7187,0.6165,-0.4087,-0.6729,25.5,0.0036,0.833,0.834,0.0,78.4,411.9,62.0,407.7,95.2,416.1,414,0.497,4
458,-111.867,11.747,59.008,0.4016,0.8984,-0.1777,0.6682,-0.159,0.7268,0.6247,-0.4106,-0.6642,25.5,0.0036,0.694,0.696,0.00257,79.3,409.9,63.1,405.8,95.9,414.0,415,0.193,4
459,-110.988,13.714,58.619,0.4016,0.8984,-0.1777,0.662,-0.1549,0.7334,0.6314,-0.4121,-0.6569,25.5,0.0036,0.574,0.57,0.0,80.3,407.8,64.2,403.9,96.7,411.8,416,0.074,4
460,-110.108,15.683,58.229,0.4016,0.8984,-0.1776,0.6568,-0.1516,0.7387,0.6367,-0.4133,-0.651,25.5,0.0036,0.46,0.466,0.00257,81.2,405.8,65.3,402.0,97.5,409.7,417,0.298,4
461,-109.228,17.651,57.84,0.4016,0.8984,-0.1775,0.6527,-0.149,0.7428,0.6409,-0.4142,-0.6463,25.5,0.0036,0.365,0.364,0.00257,82.1,403.8,66.3,400.1,98.3,407.5,418,0.481,4
462,-108.348,19.619,57.452,0.4016,0.8984,-0.1775,0.6497,-0.147,0.7459,0.644,-0.4149,-0.6427,25.5,0.0035,0.275,0.272,0.0,83.1,401.7,67.4,398.1,99.1,405.4,419,0.618,4
463,-107.468,21.587,57.063,0.4016,0.8985,-0.1774,0.6476,-0.1457,0.748,0.6462,-0.4153,-0.6403,25.5,0.0035,0.188,0.186,0.00318,84.0,399.7,68.3,396.2,100.0,403.3,420,0.706,4
464,-106.589,23.555,56.674,0.4017,0.8985,-0.1773,0.6464,-0.145,0.7491,0.6473,-0.4155,-0.639,25.5,0.0034,0.098,0.101,0.00365,84.9,397.7,69.3,394.2,100.9,401.3,421,0.743,4
465,-105.709,25.523,56.286,0.4017,0.8985,-0.1772,0.6463,-0.1449,0.7492,0.6474,-0.4155,-0.6389,25.5,0.0033,0.008,0.01,0.00257,85.9,395.7,70.2,392.2,101.9,399.2,422,0.726,4
466,-104.829,27.491,55.898,0.4017,0.8985,-0.1772,0.6473,-0.1456,0.7482,0.6464,-0.4152,-0.6401,25.5,0.0034,0.091,0.09,0.0,86.8,393.6,71.1,390.1,102.8,397.2,423,0.656,4
467,-103.949,29.459,55.51,0.4017,0.8985,-0.1771,0.6495,-0.147,0.746,0.6442,-0.4147,-0.6426,25.5,0.0033,0.193,0.195,0.00257,87.7,391.6,72.0,388.1,103.8,395.2,424,0.541,4
468,-103.069,31.428,55.122,0.4017,0.8985,-0.177,0.6531,-0.1493,0.7424,0.6406,-0.4138,-0.6468,25.5,0.0032,0.321,0.32,0.00257,88.7,389.6,72.8,386.0,104.9,393.2,425,0.388,4
469,-102.189,33.396,54.734,0.4017,0.8985,-0.1769,0.6585,-0.1527,0.7369,0.6351,-0.4125,-0.653,25.5,0.003,0.481,0.483,0.00257,89.6,387.6,73.6,384.0,106.0,391.2,426,0.208,4
470,-101.309,35.364,54.347,0.4017,0.8985,-0.1769,0.666,-0.1576,0.7292,0.6273,-0.4107,-0.6617,25.5,0.0031,0.677,0.677,0.0,90.5,385.5,74.3,381.8,107.1,389.3,427,0.008,4
471,-100.429,37.333,53.96,0.4017,0.8985,-0.1768,0.6763,-0.1643,0.7181,0.6162,-0.408,-0.6737,25.5,0.0029,0.949,0.949,0.00257,91.5,383.5,74.9,379.6,108.3,387.5,428,0.205,4
472,-99.549,39.301,53.572,0.4017,0.8985,-0.1767,0.6905,-0.1737,0.7022,0.6002,-0.4041,-0.6902,25.5,0.0028,1.336,1.335,0.00257,92.4,381.5,75.5,377.4,109.7,385.7,429,0.419,4
473,-98.67,41.268,53.186,0.4017,0.8986,-0.1766,0.7103,-0.1872,0.6786,0.5767,-0.3981,-0.7134,25.5,0.0027,1.923,1.927,0.00318,93.3,379.5,75.8,375.0,111.2,384.0,430,0.624,4
474,-97.789,43.238,52.798,0.4018,0.8986,-0.1765,0.7387,-0.207,0.6415,0.5399,-0.3881,-0.7469,25.5,0.0024,2.909,2.908,0.00365,94.3,377.5,76.0,372.5,112.9,382.5,431,0.816,4
475,-96.909,45.206,52.412,0.4018,0.8986,-0.1765,0.7804,-0.2378,0.5783,0.4777,-0.3701,-0.7968,25.5,0.0022,4.685,4.685,0.0,95.2,375.4,75.7,369.6,115.0,381.3,432,0.987,4
476,-96.03,47.173,52.026,0.4018,0.8986,-0.1764,0.8421,-0.2891,0.4553,0.3582,-0.3315,-0.8728,25.5,0.0017,8.418,8.422,0.00258,96.1,373.4,74.8,366.2,117.7,380.7,434,0.934,4
477,-95.149,49.143,51.639,0.4018,0.8986,-0.1763,0.9112,-0.3746,0.1712,0.0878,-0.2294,-0.9694,25.5,0.0007,17.529,17.522,0.00257,97.0,371.4,73.4,361.7,120.8,381.1,435,0.837,4
478,-94.273,51.101,51.255,0.4018,0.8986,-0.1762,0.7786,-0.4352,-0.452,-0.4828,0.0444,-0.8746,25.5,0.0014,37.322,37.329,0.00259,98.0,369.4,76.7,357.6,118.9,381.1,436,0.782,4
479,-93.391,53.075,50.868,0.4018,0.8986,-0.176,0.269,-0.2966,-0.9163,-0.8757,0.3209,-0.3609,25.5,0.0028,41.179,41.171,0.00514,98.9,367.4,90.4,358.8,107.1,375.8,437,0.739,4
480,-92.512,55.041,50.483,0.4018,0.8987,-0.1759,-0.0564,-0.1642,-0.9848,-0.9139,0.4057,-0.0153,25.5,0.003,20.616,20.619,0.00318,99.8,365.4,99.9,360.2,99.7,370.4,438,0.738,4
481,-91.632,57.008,50.098,0.4018,0.8987,-0.1758,-0.2082,-0.0941,-0.9735,-0.8915,0.4278,0.1493,25.5,0.0029,9.613,9.614,0.00258,100.7,363.4,104.9,360.0,96.7,366.6,439,0.769,4
482,-90.75,58.981,49.712,0.4019,0.8987,-0.1757,-0.2883,-0.055,-0.956,-0.8688,0.4348,0.237,25.5,0.0027,5.208,5.206,0.00364,101.7,361.3,108.0,359.0,95.5,363.6,440,0.831,4
483,-89.87,60.947,49.328,0.4019,0.8987,-0.1756,-0.3361,-0.0308,-0.9413,-0.8514,0.4373,0.2897,25.5,0.0025,3.183,3.184,0.00258,102.6,359.3,110.2,357.6,95.2,361.0,441,0.945,4
484,-88.99,62.916,48.944,0.4019,0.8987,-0.1755,-0.3673,-0.0146,-0.93,-0.8384,0.4382,0.3242,25.5,0.0025,2.113,2.116,0.00257,103.5,357.3,112.0,356.0,95.2,358.6,442,1.104,4
485,-88.108,64.888,48.559,0.4019,0.8987,-0.1754,-0.3889,-0.0032,-0.9213,-0.8285,0.4385,0.3482,25.5,0.0024,1.488,1.486,0.00257,104.4,355.3,113.5,354.3,95.6,356.3,442,1.09,4
486,-87.229,66.854,48.175,0.4019,0.8987,-0.1754,-0.4047,0.0051,-0.9144,-0.8209,0.4385,0.3658,25.5,0.0023,1.098,1.096,0.0,105.4,353.3,114.9,352.5,96.1,354.1,443,0.873,4
487,-86.348,68.824,47.791,0.4019,0.8987,-0.1753,-0.4166,0.0115,-0.909,-0.815,0.4384,0.379,25.5,0.0023,0.828,0.834,0.00257,106.3,351.3,116.2,350.7,96.7,351.9,444,0.598,4
488,-85.467,70.794,47.406,0.4019,0.8988,-0.1752,-0.4257,0.0164,-0.9047,-0.8102,0.4382,0.3892,25.5,0.0022,0.646,0.641,0.00318,107.2,349.3,117.3,348.8,97.4,349.8,445,0.256,4
489,-84.587,72.762,47.023,0.4019,0.8988,-0.1752,-0.4329,0.0203,-0.9012,-0.8064,0.4381,0.3973,25.5,0.0022,0.513,0.51,0.0,108.1,347.3,118.5,346.8,98.1,347.7,446,0.161,4
490,-83.706,74.732,46.639,0.4019,0.8988,-0.1751,-0.4387,0.0234,-0.8983,-0.8033,0.4379,0.4037,25.5,0.002,0.408,0.412,0.00257,109.1,345.3,119.6,344.9,98.8,345.7,447,0.656,4
491,-82.826,76.7,46.256,0.4019,0.8988,-0.175,-0.4433,0.0259,-0.896,-0.8008,0.4377,0.4088,25.5,0.0019,0.326,0.328,0.00258,110.0,343.3,120.6,342.9,99.6,343.6,448,1.228,4
492,-81.945,78.67,45.872,0.402,0.8988,-0.175,-0.447,0.028,-0.8941,-0.7987,0.4376,0.413,25.5,0.0019,0.269,0.267,0.00239,110.9,341.3,121.7,341.0,100.4,341.6,448,0.964,4
493,-81.065,80.638,45.489,0.402,0.8988,-0.1749,-0.45,0.0296,-0.8925,-0.797,0.4375,0.4164,25.5,0.0018,0.218,0.215,0.00258,111.8,339.3,122.7,339.0,101.3,339.6,449,0.333,4
494,-80.183,82.609,45.106,0.402,0.8988,-0.1749,-0.4524,0.0309,-0.8913,-0.7957,0.4374,0.419,25.5,0.0018,0.167,0.171,0.0,112.8,337.3,123.7,337.0,102.1,337.6,450,0.336,4
495,-79.302,84.578,44.722,0.402,0.8988,-0.1748,-0.4543,0.0319,-0.8903,-0.7946,0.4373,0.4211,25.5,0.0017,0.136,0.136,0.00257,113.7,335.3,124.6,335.0,103.0,335.6,451,1.032,4
496,-78.423,86.544,44.34,0.402,0.8988,-0.1748,-0.4557,0.0327,-0.8895,-0.7938,0.4372,0.4227,25.5,0.0017,0.103,0.103,0.0,114.6,333.3,125.6,333.0,103.9,333.6,451,1.155,4
497,-77.541,88.517,43.957,0.402,0.8988,-0.1747,-0.4567,0.0333,-0.889,-0.7933,0.4372,0.4238,25.5,0.0016,0.069,0.073,0.00257,115.5,331.3,126.6,331.0,104.7,331.6,452,0.453,4
498,-76.66,90.486,43.574,0.402,0.8988,-0.1747,-0.4572,0.0336,-0.8887,-0.7929,0.4371,0.4245,25.5,0.0017,0.046,0.038,0.0,116.4,329.3,127.5,328.9,105.6,329.6,453,0.246,4
499,-75.781,92.451,43.192,0.402,0.8988,-0.1746,-0.4574,0.0336,-0.8886,-0.7929,0.4371,0.4246,25.5,0.0015,0.005,0.013,0.00258,117.4,327.3,128.4,326.9,106.5,327.6,454,0.929,4
500,-74.898,94.426,42.808,0.402,0.8988,-0.1746,-0.4571,0.0335,-0.8888,-0.793,0.4371,0.4243,25.5,0.0015,0.018,0.021,0.0,118.3,325.3,129.4,324.9,107.5,325.6,454,1.268,4
501,-74.018,96.395,42.426,0.402,0.8988,-0.1745,-0.4563,0.0331,-0.8892,-0.7935,0.4371,0.4234,25.5,0.0015,0.059,0.056,0.00258,119.2,323.3,130.3,322.9,108.4,323.7,455,0.627,4
502,-73.14,98.357,42.045,0.402,0.8988,-0.1745,-0.4549,0.0323,-0.8899,-0.7943,0.4372,0.4219,25.5,0.0014,0.098,0.101,0.0,120.1,321.3,131.2,320.8,109.3,321.7,456,0.028,4
503,-72.256,100.334,41.661,0.402,0.8989,-0.1745,-0.4529,0.0312,-0.891,-0.7955,0.4372,0.4196,25.5,0.0015,0.149,0.145,0.00114,121.0,319.3,132.0,318.8,110.3,319.8,457,0.505,4
504,-71.374,102.304,41.279,0.402,0.8989,-0.1744,-0.4499,0.0295,-0.8926,-0.7972,0.4373,0.4163,25.5,0.0013,0.213,0.218,0.00257,121.9,317.3,132.9,316.7,111.3,317.9,458,0.991,4
505,-70.496,104.268,40.898,0.402,0.8989,-0.1744,-0.4456,0.0272,-0.8948,-0.7996,0.4375,0.4115,25.5,0.0014,0.308,0.307,0.0,122.9,315.3,133.7,314.6,112.3,316.0,458,1.194,4
506,-69.616,106.237,40.516,0.402,0.8989,-0.1744,-0.4395,0.0239,-0.8979,-0.803,0.4376,0.4046,25.5,0.0014,0.441,0.435,0.0,123.8,313.3,134.5,312.5,113.4,314.1,459,0.761,4
507,-68.732,108.213,40.133,0.402,0.8989,-0.1743,-0.4303,0.0189,-0.9025,-0.8079,0.4378,0.3944,25.5,0.0013,0.648,0.655,0.00257,124.7,311.3,135.1,310.4,114.5,312.3,460,0.392,4
508,-67.85,110.184,39.751,0.402,0.8989,-0.1743,-0.4157,0.011,-0.9094,-0.8155,0.4381,0.3781,25.5,0.0013,1.031,1.03,0.0,125.6,309.3,135.7,308.1,115.8,310.5,461,0.078,4
509,-66.97,112.151,39.369,0.4021,0.8989,-0.1742,-0.39,-0.0027,-0.9208,-0.8282,0.4382,0.3495,25.5,0.0012,1.793,1.792,0.00365,126.5,307.3,135.9,305.7,117.4,308.9,462,0.18,4
510,-66.092,114.116,38.988,0.4021,0.8989,-0.1742,-0.3345,-0.0316,-0.9419,-0.8521,0.437,0.288,25.5,0.0012,3.782,3.784,0.0,127.4,305.4,135.3,302.9,119.8,307.7,463,0.379,4
511,-65.213,116.08,38.608,0.4021,0.8989,-0.1742,-0.1441,-0.1244,-0.9817,-0.9041,0.4198,0.0795,25.5,0.0012,12.376,12.372,0.0,128.4,303.4,131.2,298.4,125.6,308.2,464,0.514,4
512,-64.334,118.045,38.227,0.4021,0.8989,-0.1741,0.9139,-0.4055,0.0175,-0.0549,-0.1662,-0.9846,25.5,0.0001,95.648,95.649,0.00258,129.3,301.4,105.5,290.9,153.1,311.9,465,0.58,4
513,-63.453,120.014,37.846,0.4021,0.8989,-0.1739,0.69,-0.1735,0.7027,0.6015,-0.4025,-0.69,25.5,0.0007,44.5,44.499,0.00515,130.2,299.4,113.0,296.2,147.7,302.7,466,0.566,4
514,-62.572,121.983,37.465,0.4021,0.899,-0.1737,0.6124,-0.1237,0.7808,0.6804,-0.4203,-0.6003,25.5,0.0006,6.925,6.928,0.00567,131.1,297.4,116.0,295.6,146.5,299.3,467,0.466,4
515,-61.691,123.954,37.085,0.4021,0.899,-0.1735,0.5823,-0.1054,0.8061,0.7064,-0.4252,-0.5659,25.5,0.0005,2.487,2.485,0.00515,132.0,295.4,117.8,294.2,146.6,296.7,468,0.271,4
516,-60.81,125.924,36.705,0.4022,0.899,-0.1734,0.5683,-0.0971,0.8171,0.7177,-0.4271,-0.55,25.5,0.0004,1.123,1.126,0.00365,132.9,293.5,119.0,292.5,147.2,294.5,469,0.027,4
517,-59.928,127.894,36.325,0.4022,0.899,-0.1732,0.5622,-0.0934,0.8217,0.7226,-0.4279,-0.543,25.5,0.0002,0.492,0.486,0.00515,133.8,291.5,120.1,290.6,147.9,292.4,470,0.44,4
518,-59.047,129.864,35.945,0.4022,0.899,-0.1731,0.5617,-0.0931,0.8221,0.7229,-0.4279,-0.5425,25.5,0.0001,0.033,0.04,0.00258,134.7,289.5,121.0,288.7,148.8,290.3,472,0.541,4
519,-58.167,131.831,35.567,0.4022,0.8991,-0.173,0.5679,-0.0968,0.8173,0.7181,-0.427,-0.5496,25.5,0.0,0.494,0.497,0.00318,135.7,287.5,121.8,286.6,149.9,288.5,473,0.261,4
520,-57.284,133.806,35.187,0.4022,0.8991,-0.1729,0.5882,-0.109,0.8013,0.7016,-0.424,-0.5727,25.5,0.0,1.636,1.638,0.00257,136.6,285.5,122.1,284.3,151.4,286.8,475,0.061,4
521,-56.405,135.769,34.809,0.4022,0.8991,-0.1728,0.6727,-0.1621,0.722,0.6211,-0.4067,-0.67,25.5,0.0001,7.308,7.308,0.00258,137.5,283.6,120.8,280.8,154.6,286.4,477,0.304,4
522,-55.525,137.737,34.431,0.4022,0.8991,-0.1729,-0.4762,0.0441,-0.8782,-0.782,0.4356,0.4458,25.5,0.0,164.051,164.057,0.00258,138.4,281.6,150.2,280.9,126.9,282.2,481,0.251,4
523,-54.645,139.704,34.043,0.4007,0.8971,-0.1862,0.8396,-0.2869,0.4612,0.3603,-0.3412,-0.8682,25.5,0.0068,144.827,144.839,0.35406,139.3,279.6,118.0,273.1,160.9,286.2,485,0.164,5
524,-53.798,141.542,34.271,0.27,0.5157,0.8131,0.9109,-0.4116,-0.0296,0.3195,0.7487,-0.5809,25.5,0.0096,68.655,29.63,32.01726,140.2,277.7,116.4,266.9,163.8,288.5,490,0.155,5
525,-53.441,142.118,36.34,0.1225,0.1686,0.978,0.9066,-0.4126,-0.0887,0.389,0.8984,-0.2036,25.5,0.0453,23.766,3.396,10.91299,140.5,277.0,116.8,266.0,164.1,287.9,492,0.327,5
526,-53.193,142.437,38.493,0.1071,0.1299,0.9857,0.9122,-0.3991,-0.0927,0.3817,0.9101,-0.1614,25.5,0.0455,2.544,0.868,1.10768,140.6,276.4,116.8,265.8,164.5,287.0,493,0.626,5
527,-52.964,142.702,40.656,0.103,0.1141,0.9881,0.9198,-0.3875,-0.061,0.376,0.9152,-0.1449,25.5,0.0097,1.042,1.983,0.43151,140.8,276.0,116.7,265.8,164.8,286.2,493,1.569,5
528,-52.75,142.921,42.823,0.0896,0.0823,0.9926,0.9183,-0.3945,-0.0326,0.3889,0.9146,-0.111,25.5,0.0175,2.079,1.678,0.91095,141.0,275.6,116.9,265.2,165.0,286.0,494,0.473,5
529,-52.564,143.077,45.0,0.0816,0.0631,0.9947,0.9063,-0.4223,-0.018,0.4191,0.9033,-0.0917,25.5,0.0294,2.153,1.926,0.54677,141.1,275.3,117.4,264.2,164.8,286.3,495,1.248,5
530,-52.388,143.207,47.18,0.0805,0.0571,0.9951,0.885,-0.4654,-0.0132,0.4626,0.8822,-0.088,25.5,0.0315,2.778,2.768,0.15985,141.2,274.9,118.0,262.7,164.4,287.1,495,0.943,5
531,-52.208,143.334,49.36,0.0844,0.0601,0.9946,0.8552,-0.5182,-0.0145,0.5147,0.8521,-0.0951,25.5,0.0266,3.472,3.475,0.12936,141.3,274.6,118.9,261.0,163.7,288.2,496,1.104,5
532,-52.014,143.477,51.538,0.0935,0.0721,0.993,0.8183,-0.5745,-0.018,0.5693,0.8144,-0.1127,25.5,0.0172,3.934,3.863,0.39606,141.5,274.3,120.0,259.2,162.9,289.4,496,1.088,5
533,-51.794,143.658,53.71,0.1097,0.0959,0.9893,0.7774,-0.6286,-0.0203,0.62,0.7714,-0.1435,25.5,0.0049,4.199,3.889,0.7591,141.6,273.9,121.2,257.3,162.1,290.5,497,0.838,5
534,-51.532,143.901,55.87,0.1269,0.1228,0.9843,0.737,-0.6757,-0.0177,0.6629,0.7277,-0.1763,25.5,0.0069,3.981,3.559,0.8459,141.8,273.5,122.4,255.7,161.2,291.3,497,1.351,5
535,-51.24,144.19,58.021,0.1391,0.1405,0.9803,0.6981,-0.716,-0.0095,0.7006,0.6857,-0.1976,25.5,0.0128,3.457,3.244,0.57195,142.1,273.0,123.6,254.1,160.5,291.9,498,0.15,5
536,-50.924,144.512,60.165,0.1496,0.1527,0.9769,0.6582,-0.7529,0.0033,0.736,0.6425,-0.2131,25.5,0.0133,3.321,3.199,0.43036,142.3,272.5,125.0,252.6,159.7,292.3,499,0.505,5
537,-50.586,144.855,62.301,0.1584,0.1589,0.9745,0.6137,-0.7893,0.0195,0.7723,0.595,-0.2225,25.5,0.0092,3.468,3.423,0.28852,142.6,271.9,126.4,251.1,158.8,292.8,500,1.177,5
538,-50.231,145.204,64.435,0.1653,0.1584,0.9734,0.5603,-0.8274,0.0383,0.8115,0.5391,-0.2256,25.5,0.0012,3.917,3.911,0.18323,142.9,271.4,128.1,249.6,157.7,293.2,500,1.014,5
539,-49.862,145.55,66.566,0.1723,0.1606,0.9719,0.4931,-0.868,0.0586,0.853,0.4691,-0.2288,25.5,0.0025,4.667,4.648,0.19589,143.2,270.9,130.2,248.0,156.2,293.7,501,0.323,5
540,-49.474,145.909,68.691,0.1821,0.1669,0.969,0.4115,-0.9079,0.0796,0.8931,0.3842,-0.234,25.5,0.0005,5.39,5.344,0.31406,143.6,270.3,132.7,246.4,154.4,294.2,502,0.377,5
541,-49.063,146.278,70.811,0.1934,0.17,0.9663,0.3198,-0.9421,0.1009,0.9275,0.2896,-0.2365,25.5,0.0008,5.772,5.741,0.31455,143.9,269.7,135.5,245.0,152.4,294.5,503,1.079,5
542,-48.627,146.651,72.924,0.2051,0.1693,0.964,0.2235,-0.967,0.1219,0.9529,0.1904,-0.2361,25.5,0.0004,5.87,5.827,0.31248,144.3,269.2,138.5,243.8,150.2,294.6,503,1.111,5
543,-48.168,147.02,75.035,0.2108,0.1703,0.9626,0.1278,-0.9815,0.1428,0.9691,0.093,-0.2287,25.5,0.0027,5.675,5.676,0.15571,144.7,268.6,141.4,242.8,148.0,294.4,504,0.414,5
544,-47.703,147.398,77.141,0.216,0.174,0.9608,0.0363,-0.9859,0.1632,0.9757,-0.0004,-0.2193,25.5,0.0069,5.393,5.379,0.17346,145.2,268.0,144.3,242.2,146.0,294.0,505,0.271,5
545,-47.214,147.778,79.242,0.2315,0.1715,0.9576,-0.0494,-0.9819,0.1827,0.9716,-0.0896,-0.2188,25.5,0.0049,5.118,5.043,0.41917,145.6,267.4,147.1,241.7,144.2,293.3,506,0.936,5
546,-46.684,148.146,81.335,0.2536,0.164,0.9533,-0.1269,-0.9714,0.2006,0.959,-0.1719,-0.2255,25.5,0.0003,4.787,4.598,0.62093,146.1,266.8,149.6,241.4,142.6,292.4,506,1.255,5
547,-46.102,148.494,83.417,0.2775,0.1537,0.9483,-0.1938,-0.9569,0.2161,0.9407,-0.2438,-0.2358,25.5,0.0041,4.293,4.022,0.69332,146.7,266.3,152.0,241.3,141.3,291.5,507,0.618,5
548,-45.484,148.829,85.491,0.2851,0.1537,0.9461,-0.2479,-0.9413,0.2289,0.9258,-0.2998,-0.2302,25.5,0.0012,3.336,3.309,0.20699,147.2,265.7,154.0,241.2,140.4,290.5,508,0.042,5
549,-44.852,149.165,87.562,0.2923,0.1527,0.9441,-0.2904,-0.9265,0.2393,0.9112,-0.3441,-0.2265,25.5,0.0004,2.681,2.647,0.19716,147.9,265.2,155.8,241.0,139.9,289.6,509,0.536,5
550,-44.202,149.497,89.627,0.3016,0.1495,0.9416,-0.3231,-0.9134,0.2477,0.8971,-0.3789,-0.2271,25.5,0.0008,2.152,2.075,0.26543,148.5,264.7,157.3,240.8,139.6,288.7,510,1.035,5
551,-43.529,149.819,91.687,0.3132,0.1444,0.9387,-0.348,-0.9023,0.2546,0.8837,-0.4064,-0.2323,25.5,0.0003,1.778,1.611,0.33996,149.1,264.1,158.6,240.6,139.6,287.9,510,1.16,5
552,-42.828,150.128,93.74,0.3276,0.1372,0.9348,-0.3668,-0.8932,0.2602,0.8706,-0.4282,-0.2423,25.5,0.0005,1.566,1.239,0.43318,149.8,263.6,159.8,240.3,139.7,287.1,511,0.72,5
553,-42.091,150.418,95.782,0.346,0.1272,0.9296,-0.3812,-0.8858,0.2647,0.8571,-0.446,-0.258,25.5,0.0015,1.564,0.963,0.5644,150.5,263.1,160.9,240.0,140.1,286.4,512,0.346,5
554,-41.308,150.682,97.81,0.3703,0.1133,0.922,-0.3926,-0.8797,0.2683,0.8414,-0.4614,-0.2813,25.5,0.0023,1.836,0.769,0.75891,151.3,262.7,162.0,239.7,140.5,285.8,513,0.045,5
555,-40.461,150.91,99.818,0.4042,0.0928,0.91,-0.4025,-0.8744,0.271,0.8208,-0.4758,-0.3161,25.5,0.0028,2.46,0.662,1.08255,152.2,262.2,163.2,239.4,141.1,285.3,514,0.177,5
556,-39.537,151.091,101.795,0.4372,0.0753,0.8962,-0.4121,-0.8692,0.2731,0.7996,-0.4887,-0.349,25.5,0.0009,2.361,0.637,1.04218,153.1,261.8,164.4,239.1,141.7,284.8,515,0.316,5
557,-38.549,151.24,103.744,0.4648,0.0603,0.8834,-0.4229,-0.8631,0.276,0.7791,-0.5018,-0.3757,25.5,0.0048,2.07,0.73,0.88727,154.1,261.5,165.7,238.9,142.4,284.3,516,0.365,5
558,-37.501,151.353,105.664,0.4926,0.0429,0.8692,-0.4361,-0.8546,0.2819,0.7549,-0.518,-0.4022,25.5,0.0065,2.256,0.961,0.93479,155.2,261.2,167.1,238.8,143.1,283.8,517,0.318,5
559,-36.389,151.424,107.55,0.5228,0.0212,0.8522,-0.4532,-0.8419,0.293,0.7237,-0.5394,-0.4306,25.5,0.0051,2.711,1.376,1.06975,156.3,260.9,168.7,238.9,143.8,283.2,518,0.175,5
560,-35.206,151.44,109.393,0.5592,-0.0089,0.829,-0.4751,-0.823,0.3113,0.6795,-0.5679,-0.4645,25.5,0.0003,3.586,1.961,1.37632,157.5,260.8,170.5,239.3,144.4,282.4,519,0.114,5
561,-33.93,151.373,111.171,0.6104,-0.0563,0.7901,-0.5028,-0.7953,0.3387,0.6093,-0.604,-0.5137,25.5,0.0055,5.331,2.739,2.09119,158.8,260.7,172.6,240.0,144.9,281.6,520,0.456,5
562,-32.508,151.186,112.825,0.6867,-0.1177,0.7174,-0.5354,-0.7561,0.3764,0.4981,-0.6426,-0.5822,25.5,0.0086,7.809,3.634,3.19516,160.3,260.7,175.0,241.2,145.5,280.5,522,0.74,5
563,-30.939,150.845,114.312,0.739,-0.1954,0.6447,-0.568,-0.705,0.4247,0.3715,-0.6801,-0.632,25.5,0.0082,8.092,4.442,3.10519,162.0,260.9,177.5,242.9,146.2,279.2,523,0.126,5
564,-29.293,150.333,115.663,0.7708,-0.2732,0.5755,-0.5949,-0.6421,0.4835,0.2374,-0.715,-0.6575,25.5,0.0049,8.08,5.17,2.85062,163.7,261.3,180.0,245.1,147.1,277.8,524,0.553,5
565,-27.573,149.637,116.823,0.7936,-0.3637,0.4878,-0.6108,-0.5693,0.5503,0.0775,-0.7347,-0.674,25.5,0.0092,9.289,5.736,3.3546,165.5,262.0,182.3,247.9,148.5,276.3,526,0.141,5
566,-25.841,148.735,117.812,0.7884,-0.4613,0.4069,-0.6115,-0.4908,0.6206,-0.0866,-0.7381,-0.6691,25.5,0.0032,9.419,6.041,3.32324,167.3,262.8,184.1,251.1,150.2,274.9,527,0.662,5
567,-24.128,147.631,118.612,0.7721,-0.5428,0.3304,-0.5937,-0.4075,0.6938,-0.242,-0.7319,-0.637,25.5,0.008,9.108,6.439,2.95803,169.2,263.9,185.5,254.6,152.5,273.5,529,0.154,5
568,-22.475,146.36,119.28,0.7349,-0.6223,0.2697,-0.5532,-0.3131,0.7719,-0.3959,-0.7165,-0.5744,25.5,0.0035,9.571,7.399,2.79409,170.9,265.2,186.1,258.6,155.4,272.0,531,0.289,5
569,-20.911,144.92,119.802,0.6936,-0.6866,0.2181,-0.4787,-0.1995,0.855,-0.5435,-0.6974,-0.467,25.5,0.0086,10.531,9.134,2.41363,172.6,266.7,185.8,263.4,159.1,270.2,532,0.59,5
570,-19.439,143.363,120.257,0.6461,-0.74,0.1873,-0.3465,-0.0535,0.9365,-0.683,-0.67,-0.291,25.5,0.0089,12.991,12.236,2.03659,174.2,268.4,183.8,269.1,164.3,267.6,534,0.135,5
571,-18.084,141.69,120.654,0.5947,-0.7817,0.1879,-0.1695,0.1047,0.98,-0.7857,-0.6147,-0.0702,25.5,0.0015,14.344,13.862,1.73204,175.6,270.1,180.5,275.2,170.6,264.9,536,0.382,5
572,-16.833,139.937,121.054,0.5491,-0.8154,0.1834,0.0009,0.2317,0.9728,-0.8357,-0.534,0.128,25.5,0.01,12.617,12.206,1.48822,177.0,272.0,177.2,280.4,176.7,263.3,537,0.423,5
573,-15.677,138.127,121.481,0.5041,-0.8379,0.2092,0.1611,0.3272,0.9311,-0.8487,-0.4357,0.3,25.5,0.0018,11.394,10.967,1.47946,178.2,273.9,174.1,284.8,182.4,262.7,539,0.244,5
574,-14.621,136.269,121.96,0.4639,-0.8564,0.2264,0.3192,0.3972,0.8604,-0.8269,-0.3269,0.4577,25.5,0.0027,11.065,10.719,1.24211,179.3,275.8,170.9,288.4,188.0,262.9,540,0.445,5
575,-13.634,134.38,122.468,0.4353,-0.8695,0.2333,0.5,0.4535,0.7378,-0.7474,-0.2045,0.6322,25.5,0.0045,13.062,12.953,0.84249,180.4,277.8,167.0,291.7,194.0,263.6,542,0.595,5
576,-12.728,132.461,123.009,0.3942,-0.8782,0.2708,0.6954,0.4818,0.5332,-0.5987,-0.0219,0.8007,25.5,0.0046,16.649,16.346,1.47376,181.3,279.8,162.6,294.0,200.4,265.4,543,0.158,5
577,-11.896,130.533,123.632,0.3676,-0.8833,0.291,0.8321,0.4565,0.3149,-0.411,0.1264,0.9028,25.5,0.0057,14.945,14.87,0.88385,182.2,281.8,159.6,294.9,205.1,268.6,544,0.183,5
578,-11.107,128.601,124.299,0.3539,-0.8776,0.3233,0.8691,0.4395,0.2267,-0.3411,0.2008,0.9183,25.5,0.0048,5.919,5.568,0.92967,183.1,283.9,159.4,296.3,206.9,271.3,545,0.422,5
579,-10.353,126.716,125.114,0.3231,-0.8213,0.4701,0.7585,0.5112,0.4041,-0.5723,0.226,0.7883,25.5,0.0152,15.311,12.689,4.19947,183.9,285.8,163.3,300.6,204.7,270.9,546,0.343,5
580,-9.708,125.013,126.328,0.2901,-0.7797,0.5549,0.5036,0.5672,0.6516,-0.8246,0.0907,0.5584,25.5,0.0654,21.157,20.721,2.6204,184.6,287.5,171.0,304.3,198.4,270.5,547,0.123,5
581,-9.094,123.318,127.572,0.2777,-0.7711,0.5729,0.9586,0.2496,-0.1375,-0.037,0.5873,0.8085,25.5,0.005,57.639,57.675,0.61447,185.2,289.3,158.8,295.9,211.5,282.7,548,0.792,5
582,-8.504,121.604,128.802,0.2673,-0.8039,0.5314,0.9209,0.0874,-0.3799,0.259,0.5911,0.7639,25.5,0.026,17.217,16.911,1.41054,185.8,291.0,160.3,292.7,211.0,289.4,548,1.398,5
583,-7.918,119.768,129.84,0.2649,-0.854,0.4479,0.958,0.2762,-0.0768,-0.0581,0.4495,0.8914,25.5,0.0165,21.319,20.682,2.55045,186.5,292.9,160.1,300.4,212.8,285.5,549,0.713,5
584,-7.338,117.867,130.76,0.2662,-0.8847,0.3826,0.9516,0.3071,-0.0113,-0.1076,0.3672,0.9239,25.5,0.0227,5.812,4.167,1.88803,187.1,294.9,160.9,303.3,213.3,286.5,550,0.159,5
585,-6.749,115.878,131.456,0.2713,-0.9345,0.2306,0.9602,0.2723,-0.0631,-0.0038,0.2386,0.9711,25.5,0.0085,9.86,3.61,4.19456,187.7,297.0,161.3,304.4,214.1,289.6,551,0.288,5
586,-6.159,113.792,131.749,0.2654,-0.9633,0.0409,0.964,0.249,-0.0933,0.0797,0.0642,0.9947,25.5,0.0122,11.179,2.196,5.03549,188.4,299.2,161.8,305.9,214.9,292.6,552,0.622,5
587,-5.589,111.686,131.609,0.2561,-0.9554,-0.1474,0.9641,0.2548,-0.074,0.1083,-0.1232,0.9865,25.5,0.0144,10.888,1.155,4.95191,189.0,301.5,162.4,308.4,215.5,294.6,553,0.947,5
588,-5.035,109.619,131.2,0.2521,-0.9411,-0.2254,0.9618,0.2714,-0.0369,0.0959,-0.2075,0.9735,25.5,0.0046,4.94,2.333,2.08896,189.6,303.8,163.1,311.2,216.0,296.4,553,1.237,5
589,-4.489,107.574,130.63,0.2462,-0.9257,-0.2871,0.9584,0.2855,-0.0043,0.086,-0.2742,0.9578,25.5,0.0271,3.968,2.044,1.66941,190.2,306.0,163.8,313.8,216.5,298.2,554,0.858,5
590,-3.954,105.558,129.962,0.2427,-0.9159,-0.3199,0.9548,0.2964,0.0217,0.075,-0.311,0.9474,25.5,0.0467,2.28,1.628,0.90021,190.7,308.2,164.5,316.4,217.0,300.0,555,0.469,6
591,-3.424,103.553,129.235,0.2403,-0.9092,-0.3401,0.9516,0.3044,0.0419,0.0655,-0.3344,0.9402,25.5,0.0623,1.505,1.258,0.55855,191.3,310.4,165.2,318.9,217.5,302.0,556,0.295,6
592,-2.9,101.571,128.476,0.2386,-0.9045,-0.3535,0.9491,0.3099,0.0568,0.0583,-0.35,0.9349,25.5,0.0739,1.03,0.921,0.37483,191.9,312.6,165.8,321.2,218.0,304.0,557,0.528,6
593,-2.377,99.587,127.689,0.2374,-0.9011,-0.3628,0.9472,0.3134,0.0671,0.0534,-0.3608,0.9311,25.5,0.0819,0.714,0.633,0.26007,192.4,314.8,166.5,323.5,218.5,306.1,558,0.846,6
594,-1.859,97.621,126.888,0.2366,-0.8987,-0.3692,0.9463,0.315,0.0731,0.0508,-0.3681,0.9284,25.5,0.0862,0.47,0.359,0.18044,193.0,317.0,167.1,325.7,219.0,308.2,559,1.164,6
595,-1.342,95.654,126.074,0.236,-0.897,-0.3737,0.9461,0.3151,0.0755,0.0502,-0.3728,0.9266,25.5,0.0876,0.29,0.138,0.12676,193.6,319.1,167.6,327.9,219.5,310.4,559,1.12,6
596,-0.824,93.687,125.251,0.2356,-0.8959,-0.3766,0.9466,0.3137,0.0746,0.0516,-0.3755,0.9254,25.5,0.0861,0.187,0.1,0.08168,194.1,321.3,168.2,330.0,220.1,312.6,560,0.831,6
597,-0.308,91.726,124.424,0.2354,-0.8953,-0.3783,0.9477,0.3112,0.0707,0.0546,-0.3764,0.9248,25.5,0.0823,0.183,0.273,0.04742,194.7,323.5,168.7,332.1,220.7,314.8,561,0.584,6
598,0.207,89.766,123.595,0.2353,-0.895,-0.3789,0.9493,0.3076,0.0644,0.0591,-0.376,0.9248,25.5,0.0763,0.259,0.426,0.01767,195.2,325.6,169.3,334.1,221.2,317.1,562,0.384,6
599,0.722,87.805,122.765,0.2353,-0.8952,-0.3786,0.9513,0.3031,0.0559,0.0648,-0.3742,0.9251,25.5,0.0687,0.343,0.563,0.00927,195.8,327.8,169.8,336.1,221.8,319.4,563,0.238,6
600,1.238,85.843,121.937,0.2355,-0.8956,-0.3774,0.9535,0.2978,0.0457,0.0716,-0.3713,0.9258,25.5,0.0594,0.425,0.671,0.03346,196.3,329.9,170.3,338.1,222.4,321.7,564,0.14,6
601,1.754,83.88,121.112,0.2357,-0.8964,-0.3754,0.9558,0.292,0.0342,0.0791,-0.3673,0.9267,25.5,0.0493,0.49,0.75,0.05657,196.9,332.1,170.8,340.1,223.0,324.0,565,0.081,6
602,2.271,81.915,120.292,0.2361,-0.8975,-0.3725,0.958,0.2858,0.0216,0.0871,-0.3623,0.928,25.5,0.0384,0.546,0.814,0.08178,197.4,334.2,171.3,342.1,223.6,326.4,566,0.046,6
603,2.788,79.947,119.48,0.2365,-0.8989,-0.3688,0.9601,0.2794,0.0086,0.0954,-0.3562,0.9295,25.5,0.0273,0.596,0.839,0.104,198.0,336.4,171.8,344.0,224.2,328.7,567,0.02,6
604,3.307,77.976,118.677,0.2371,-0.9007,-0.3641,0.962,0.2731,-0.0047,0.1036,-0.3492,0.9313,25.5,0.0162,0.626,0.85,0.13253,198.5,338.5,172.3,346.0,224.8,331.1,568,0.036,6
605,3.828,76.0,117.885,0.2378,-0.9027,-0.3585,0.9636,0.2669,-0.0176,0.1115,-0.3412,0.9333,25.5,0.0055,0.654,0.825,0.15654,199.1,340.7,172.8,347.9,225.4,333.4,569,0.083,6
606,4.345,74.035,117.111,0.2382,-0.904,-0.3549,0.9648,0.2612,-0.0297,0.1195,-0.3354,0.9345,25.5,0.0042,0.57,0.769,0.10142,199.6,342.8,173.3,349.9,225.9,335.7,570,0.123,6
607,4.869,72.05,116.332,0.2382,-0.904,-0.3549,0.9658,0.2561,-0.0408,0.1278,-0.3331,0.9342,25.5,0.013,0.494,0.702,0.0,200.2,345.0,173.9,351.9,226.5,338.0,571,0.19,6
608,5.392,70.063,115.552,0.2382,-0.904,-0.355,0.9665,0.2516,-0.0509,0.1354,-0.331,0.9339,25.5,0.0208,0.452,0.635,0.00244,200.8,347.1,174.4,353.9,227.1,340.3,572,0.257,6
609,5.912,68.09,114.777,0.2382,-0.904,-0.355,0.967,0.2477,-0.0601,0.1423,-0.3291,0.9335,25.5,0.0278,0.411,0.573,0.0,201.3,349.3,175.0,356.0,227.6,342.6,573,0.304,6
610,6.433,66.111,114.0,0.2382,-0.904,-0.355,0.9673,0.2443,-0.0683,0.1485,-0.3273,0.9332,25.5,0.0338,0.37,0.509,0.0,201.9,351.4,175.5,358.0,228.2,344.8,574,0.349,6
611,6.956,64.127,113.221,0.2382,-0.904,-0.355,0.9675,0.2414,-0.0755,0.1541,-0.3257,0.9328,25.5,0.039,0.334,0.445,0.0,202.4,353.6,176.1,360.1,228.7,347.1,575,0.39,6
612,7.479,62.144,112.442,0.2382,-0.904,-0.355,0.9675,0.2391,-0.0819,0.159,-0.3242,0.9325,25.5,0.0434,0.294,0.39,0.0,203.0,355.7,176.6,362.1,229.3,349.3,576,0.414,6
613,7.999,60.168,111.666,0.2382,-0.904,-0.3549,0.9675,0.2372,-0.0873,0.1633,-0.323,0.9322,25.5,0.047,0.256,0.328,0.00245,203.5,357.9,177.2,364.2,229.8,351.5,577,0.412,6
614,8.521,58.186,110.888,0.2382,-0.9041,-0.3549,0.9674,0.2359,-0.0919,0.167,-0.3218,0.9319,25.5,0.0498,0.224,0.274,0.00112,204.1,360.0,177.8,366.3,230.3,353.7,578,0.396,6
615,9.044,56.2,110.109,0.2382,-0.9041,-0.3549,0.9673,0.2349,-0.0957,0.1701,-0.3209,0.9317,25.5,0.052,0.185,0.225,0.0,204.6,362.1,178.3,368.4,230.9,355.9,579,0.359,6
616,9.565,54.225,109.333,0.2382,-0.9041,-0.3548,0.9671,0.2344,-0.0987,0.1727,-0.3201,0.9315,25.5,0.0535,0.156,0.175,0.00245,205.2,364.3,178.9,370.6,231.4,358.0,580,0.285,6
617,10.087,52.243,108.556,0.2382,-0.9041,-0.3548,0.9669,0.2343,-0.101,0.1747,-0.3194,0.9314,25.5,0.0543,0.122,0.132,0.0,205.7,366.4,179.5,372.7,231.9,360.1,581,0.194,6
618,10.609,50.259,107.778,0.2382,-0.9041,-0.3547,0.9667,0.2345,-0.1025,0.1761,-0.319,0.9313,25.5,0.0546,0.084,0.087,0.00244,206.3,368.5,180.0,374.8,232.4,362.3,582,0.093,6
619,11.13,48.281,107.002,0.2382,-0.9042,-0.3546,0.9665,0.2351,-0.1033,0.1771,-0.3186,0.9312,25.5,0.0543,0.062,0.058,0.00341,206.8,370.7,180.6,377.0,233.0,364.4,583,0.094,6
620,11.652,46.3,106.224,0.2382,-0.9042,-0.3546,0.9662,0.236,-0.1035,0.1775,-0.3184,0.9312,25.5,0.0535,0.026,0.055,0.0,207.4,372.8,181.2,379.1,233.5,366.5,584,0.238,6
621,12.174,44.318,105.447,0.2382,-0.9042,-0.3545,0.966,0.2371,-0.1031,0.1775,-0.3183,0.9312,25.5,0.0523,0.005,0.068,0.00244,207.9,374.9,181.7,381.3,234.0,368.6,585,0.41,6
622,12.696,42.338,104.671,0.2382,-0.9043,-0.3544,0.9658,0.2384,-0.102,0.177,-0.3184,0.9313,25.5,0.0506,0.03,0.098,0.00341,208.5,377.0,182.3,383.4,234.6,370.7,586,0.602,6
623,13.218,40.356,103.895,0.2382,-0.9043,-0.3543,0.9656,0.24,-0.1004,0.1761,-0.3186,0.9314,25.5,0.0485,0.053,0.13,0.00244,209.0,379.2,182.9,385.6,235.1,372.8,587,0.807,6
624,13.74,38.375,103.119,0.2382,-0.9043,-0.3542,0.9654,0.2417,-0.0983,0.1747,-0.3188,0.9316,25.5,0.0462,0.082,0.155,0.00245,209.6,381.3,183.4,387.8,235.6,374.8,588,1.025,6
625,14.262,36.393,102.342,0.2382,-0.9044,-0.3541,0.9651,0.2436,-0.0958,0.173,-0.3192,0.9317,25.5,0.0435,0.1,0.181,0.0034,210.1,383.4,184.0,390.0,236.2,376.9,588,1.171,6
626,14.784,34.412,101.567,0.2382,-0.9044,-0.354,0.965,0.2455,-0.0927,0.1709,-0.3197,0.932,25.5,0.0406,0.125,0.208,0.00245,210.7,385.5,184.6,392.1,236.7,379.0,589,0.947,6
627,15.305,32.432,100.792,0.2382,-0.9045,-0.3538,0.9648,0.2475,-0.0893,0.1685,-0.3203,0.9322,25.5,0.0375,0.142,0.226,0.00583,211.2,387.6,185.1,394.3,237.2,381.0,590,0.721,6
628,15.828,30.447,100.016,0.2382,-0.9045,-0.3537,0.9646,0.2495,-0.0855,0.1657,-0.321,0.9325,25.5,0.0343,0.166,0.246,0.00244,211.8,389.8,185.7,396.5,237.7,383.1,591,0.505,6
629,16.349,28.466,99.241,0.2382,-0.9046,-0.3535,0.9644,0.2516,-0.0813,0.1626,-0.3217,0.9328,25.5,0.0309,0.183,0.269,0.00583,212.3,391.9,186.3,398.6,238.3,385.1,592,0.296,6
630,16.871,26.487,98.468,0.2383,-0.9046,-0.3534,0.9643,0.2536,-0.0769,0.1592,-0.3225,0.9331,25.5,0.0276,0.201,0.277,0.00369,212.8,394.0,186.8,400.8,238.8,387.2,593,0.106,6
631,17.394,24.501,97.692,0.2383,-0.9047,-0.3532,0.9641,0.2555,-0.0722,0.1556,-0.3234,0.9334,25.5,0.0241,0.213,0.291,0.00581,213.4,396.1,187.4,403.0,239.3,389.2,594,0.075,6
632,17.916,22.519,96.919,0.2383,-0.9048,-0.353,0.964,0.2573,-0.0673,0.1517,-0.3243,0.9337,25.5,0.0207,0.23,0.299,0.00583,213.9,398.2,187.9,405.1,239.9,391.3,595,0.211,6
633,18.436,20.544,96.149,0.2383,-0.9049,-0.3528,0.9639,0.259,-0.0622,0.1477,-0.3252,0.934,25.5,0.0173,0.236,0.308,0.00584,214.5,400.3,188.5,407.3,240.4,393.3,596,0.326,6
634,18.96,18.554,95.373,0.2383,-0.905,-0.3525,0.9638,0.2605,-0.057,0.1434,-0.3262,0.9344,25.5,0.014,0.254,0.31,0.00823,215.0,402.4,189.1,409.4,240.9,395.4,597,0.389,6
635,19.483,16.569,94.6,0.2384,-0.9051,-0.3522,0.9637,0.2618,-0.0516,0.139,-0.3272,0.9347,25.5,0.011,0.259,0.318,0.00866,215.6,404.5,189.6,411.5,241.5,397.5,598,0.418,6
636,20.004,14.59,93.83,0.2384,-0.9052,-0.3519,0.9637,0.2629,-0.0462,0.1344,-0.3281,0.935,25.5,0.008,0.269,0.316,0.00828,216.1,406.6,190.2,413.7,242.0,399.6,599,0.41,6
637,20.525,12.612,93.062,0.2384,-0.9053,-0.3515,0.9637,0.2637,-0.0408,0.1296,-0.3291,0.9354,25.5,0.0054,0.282,0.313,0.01073,216.6,408.7,190.7,415.8,242.5,401.6,600,0.359,6
638,21.049,10.621,92.29,0.2385,-0.9055,-0.3511,0.9638,0.2642,-0.0354,0.1248,-0.33,0.9357,25.5,0.0031,0.28,0.311,0.01182,217.2,410.8,191.3,417.9,243.1,403.7,601,0.246,6
639,21.573,8.633,91.52,0.2385,-0.9056,-0.3506,0.9639,0.2644,-0.03,0.1199,-0.3308,0.9361,25.5,0.001,0.285,0.31,0.01312,217.7,412.9,191.8,420.0,243.6,405.8,602,0.086,6
640,22.091,6.664,90.758,0.2386,-0.9059,-0.35,0.9641,0.2643,-0.0248,0.1149,-0.3315,0.9364,25.5,0.0007,0.29,0.298,0.01773,218.3,415.0,192.4,422.1,244.1,407.9,603,0.107,6
641,22.614,4.679,89.992,0.2386,-0.9061,-0.3494,0.9644,0.2639,-0.0198,0.1101,-0.3322,0.9368,25.5,0.0021,0.279,0.288,0.01652,218.8,417.1,192.9,424.2,244.7,410.0,604,0.372,6
642,23.137,2.694,89.227,0.2386,-0.9063,-0.3488,0.9646,0.2633,-0.0155,0.1059,-0.3328,0.937,25.5,0.0031,0.243,0.249,0.01652,219.3,419.2,193.5,426.2,245.2,412.1,605,0.694,6
643,23.66,0.708,88.463,0.2387,-0.9065,-0.3483,0.9648,0.2629,-0.0123,0.1027,-0.3331,0.9373,25.5,0.0037,0.185,0.185,0.0143,219.9,421.3,194.0,428.3,245.7,414.2,607,0.692,6
644,24.183,-1.278,87.7,0.2387,-0.9066,-0.3479,0.9648,0.2626,-0.0104,0.1008,-0.3332,0.9375,25.5,0.0042,0.11,0.11,0.01071,220.4,423.3,194.6,430.4,246.3,416.3,608,0.214,6
645,24.706,-3.265,86.939,0.2388,-0.9068,-0.3474,0.9648,0.2628,-0.0104,0.1007,-0.3327,0.9376,25.5,0.0043,0.029,0.011,0.0143,221.0,425.4,195.1,432.5,246.8,418.4,609,0.313,6
646,25.229,-5.251,86.178,0.2388,-0.9069,-0.3471,0.9646,0.2635,-0.0125,0.1028,-0.3318,0.9377,25.5,0.0043,0.131,0.127,0.00827,221.5,427.5,195.7,434.6,247.3,420.5,611,0.691,6
647,25.752,-7.237,85.418,0.2388,-0.9071,-0.3467,0.9641,0.265,-0.0172,0.1074,-0.3301,0.9378,25.5,0.0042,0.281,0.284,0.01164,222.0,429.6,196.2,436.7,247.8,422.5,612,0.034,6
648,26.276,-9.227,84.659,0.2388,-0.9072,-0.3464,0.9633,0.2673,-0.0247,0.115,-0.3277,0.9377,25.5,0.0039,0.457,0.452,0.00825,222.6,431.7,196.8,438.8,248.3,424.5,613,0.665,6
649,26.799,-11.214,83.9,0.2389,-0.9073,-0.3461,0.962,0.2706,-0.0356,0.1259,-0.3244,0.9375,25.5,0.0034,0.653,0.657,0.00867,223.1,433.8,197.4,441.0,248.8,426.5,615,0.027,6
650,27.321,-13.198,83.144,0.2389,-0.9074,-0.3458,0.9601,0.2751,-0.0502,0.1407,-0.32,0.9369,25.5,0.0029,0.885,0.882,0.00828,223.6,435.8,198.0,443.2,249.3,428.5,617,0.603,6
651,27.846,-15.191,82.385,0.2389,-0.9075,-0.3455,0.9573,0.2808,-0.0689,0.1596,-0.3143,0.9358,25.5,0.0023,1.133,1.132,0.00824,224.2,437.9,198.6,445.4,249.7,430.4,618,0.249,6
652,28.368,-17.176,81.629,0.2389,-0.9076,-0.3453,0.9532,0.288,-0.0922,0.1832,-0.3071,0.9339,25.5,0.0018,1.418,1.417,0.00583,224.7,440.0,199.3,447.7,250.1,432.3,620,0.192,6
653,28.893,-19.168,80.871,0.2389,-0.9076,-0.3452,0.9474,0.2966,-0.1206,0.2118,-0.2982,0.9307,25.5,0.0012,1.726,1.732,0.00245,225.3,442.1,200.0,450.0,250.4,434.1,622,0.566,6
654,29.415,-21.152,80.117,0.2389,-0.9077,-0.3451,0.9392,0.3067,-0.1543,0.2459,-0.2872,0.9258,25.5,0.0008,2.072,2.07,0.0034,225.8,444.1,200.7,452.4,250.7,435.9,623,0.349,6
655,29.938,-23.14,79.361,0.2389,-0.9077,-0.3451,0.928,0.3182,-0.1937,0.2856,-0.2739,0.9184,25.5,0.0003,2.436,2.438,0.0,226.3,446.2,201.6,454.8,250.9,437.7,625,0.01,6
656,30.461,-25.127,78.606,0.2389,-0.9076,-0.3453,0.9128,0.3311,-0.239,0.3312,-0.2581,0.9076,25.5,0.0001,2.834,2.836,0.00583,226.9,448.3,202.5,457.2,251.0,439.4,627,0.34,6
657,30.985,-27.115,77.852,0.2394,-0.9089,-0.3415,0.8931,0.3447,-0.2892,0.3806,-0.2357,0.8942,25.5,0.0007,3.202,3.187,0.10587,227.4,450.3,203.6,459.7,251.0,441.1,628,0.571,6
658,31.51,-29.107,77.109,0.2396,-0.9096,-0.3393,0.8752,0.3549,-0.3287,0.4195,-0.2182,0.8812,25.5,0.0016,2.555,2.553,0.06061,227.9,452.4,204.7,462.1,251.0,442.9,630,0.165,6
659,32.032,-31.093,76.35,0.2374,-0.9036,-0.3564,0.8741,0.3555,-0.3311,0.4259,-0.2329,0.8743,25.5,0.0043,1.0,0.155,0.47788,228.5,454.5,205.2,464.1,251.5,444.9,632,0.299,6
660,32.558,-33.088,75.613,0.2429,-0.9178,-0.3141,0.8996,0.3403,-0.2738,0.3582,-0.216,0.9083,25.5,0.0078,4.448,3.698,1.17577,229.0,456.5,205.1,465.8,252.7,447.4,633,0.544,6
661,33.088,-35.093,74.907,0.239,-0.9075,-0.3454,0.9344,0.3113,-0.1733,0.2648,-0.2814,0.9223,25.5,0.0007,6.586,6.319,0.86799,229.5,458.6,204.7,467.0,254.2,450.3,635,0.074,6
662,33.595,-37.036,74.036,0.2211,-0.8575,-0.4645,0.9577,0.2791,-0.0708,0.1904,-0.4292,0.8829,25.5,0.0053,9.758,6.302,3.41599,230.0,460.6,204.6,468.1,255.4,453.2,637,0.717,6
663,34.043,-38.805,72.832,0.1883,-0.7576,-0.625,0.9659,0.2589,-0.0088,0.1685,-0.602,0.7805,25.5,0.0088,11.597,3.766,5.03495,230.5,462.4,204.8,469.3,256.1,455.6,638,0.159,6
664,34.426,-40.371,71.351,0.1632,-0.6779,-0.7168,0.9666,0.2563,0.004,0.1811,-0.6937,0.6972,25.5,0.0189,7.139,0.749,3.25158,230.8,464.0,205.2,470.8,256.5,457.2,639,0.287,6
665,34.768,-41.807,69.734,0.1512,-0.6414,-0.7521,0.9642,0.2649,-0.0136,0.2079,-0.7232,0.6586,25.5,0.0139,3.179,1.131,1.36507,231.2,465.5,205.6,472.5,256.7,458.5,640,0.434,6
666,35.097,-43.21,68.084,0.1511,-0.6455,-0.7487,0.9599,0.2773,-0.042,0.2347,-0.7123,0.6614,25.5,0.0025,1.666,1.793,0.13936,231.5,466.9,206.0,474.3,256.9,459.5,641,0.333,6
667,35.416,-44.591,66.414,0.1392,-0.6114,-0.779,0.9557,0.2872,-0.0638,0.2627,-0.7356,0.6243,25.5,0.0071,2.979,1.393,1.23333,231.8,468.3,206.5,476.0,257.0,460.7,642,0.159,6
668,35.712,-45.903,64.686,0.1319,-0.5898,-0.7967,0.9534,0.2923,-0.0749,0.2771,-0.7498,0.6009,25.5,0.013,1.772,0.712,0.7552,232.0,469.6,206.8,477.4,257.2,461.8,643,0.391,6
669,35.999,-47.188,62.935,0.1307,-0.5867,-0.7992,0.9533,0.2923,-0.0758,0.2781,-0.752,0.5976,25.5,0.0137,0.234,0.052,0.10878,232.3,470.9,207.1,478.7,257.4,463.1,644,0.655,6
670,36.288,-48.484,61.193,0.1343,-0.5978,-0.7903,0.9557,0.2863,-0.0676,0.2667,-0.7463,0.6098,25.5,0.0106,1.011,0.598,0.38387,232.6,472.2,207.3,479.8,257.7,464.6,645,0.665,6
671,36.589,-49.814,59.479,0.141,-0.6184,-0.7731,0.9605,0.2736,-0.0507,0.2429,-0.7355,0.6325,25.5,0.0054,1.984,1.242,0.7237,232.8,473.5,207.5,480.8,258.1,466.3,646,0.504,6
672,36.906,-51.193,57.814,0.1488,-0.6422,-0.7519,0.9672,0.2529,-0.0254,0.2065,-0.7234,0.6588,25.5,0.0006,2.665,1.912,0.86031,233.1,474.9,207.7,481.6,258.6,468.2,647,0.399,6
673,37.236,-52.613,56.177,0.1513,-0.6528,-0.7423,0.9747,0.2232,0.008,0.1605,-0.7248,0.6701,25.5,0.0042,2.715,2.597,0.37952,233.4,476.3,207.8,482.2,259.1,470.4,648,0.313,6
674,37.57,-54.052,54.557,0.1533,-0.6599,-0.7355,0.9814,0.1858,0.0479,0.105,-0.7292,0.6762,25.5,0.0074,3.209,3.157,0.26219,233.7,477.7,207.9,482.6,259.6,472.9,649,0.239,6
675,37.907,-55.504,52.951,0.1549,-0.6653,-0.7303,0.9854,0.143,0.0919,0.0433,-0.734,0.6778,25.5,0.0096,3.548,3.525,0.20045,234.1,479.2,208.1,482.9,260.0,475.5,650,0.179,6
676,38.248,-56.967,51.356,0.1563,-0.6696,-0.7261,0.9857,0.098,0.1367,-0.0204,-0.7372,0.6754,25.5,0.0108,3.657,3.639,0.16143,234.4,480.6,208.5,483.1,260.4,478.2,651,0.133,6
677,38.592,-58.438,49.77,0.1577,-0.6732,-0.7225,0.9824,0.0551,0.1784,-0.0803,-0.7379,0.6701,25.5,0.0111,3.446,3.434,0.13808,234.7,482.1,208.9,483.4,260.6,480.8,652,0.114,6
678,38.939,-59.916,48.19,0.1591,-0.6763,-0.7192,0.9769,0.019,0.2127,-0.1302,-0.7365,0.6638,25.5,0.0104,2.883,2.871,0.12391,235.0,483.6,209.4,483.9,260.8,483.3,653,0.132,6
679,39.29,-61.402,46.618,0.1607,-0.6792,-0.7161,0.9718,-0.0054,0.2358,-0.1641,-0.7339,0.6592,25.5,0.009,1.966,1.947,0.11862,235.3,485.0,209.8,484.7,261.0,485.4,654,0.176,6
680,39.643,-62.893,45.052,0.1624,-0.6819,-0.7132,0.9696,-0.0137,0.2442,-0.1763,-0.7312,0.659,25.5,0.0074,0.716,0.688,0.11272,235.7,486.5,210.2,485.9,261.3,487.1,655,0.23,6
681,40.001,-64.39,43.492,0.1644,-0.6847,-0.7101,0.9721,-0.0021,0.2347,-0.1622,-0.7288,0.6652,25.5,0.0054,0.893,0.871,0.12109,236.0,488.0,210.5,487.7,261.6,488.3,656,0.286,6
682,40.364,-65.894,41.94,0.1669,-0.6875,-0.7067,0.9783,0.032,0.2046,-0.1181,-0.7255,0.678,25.5,0.0033,2.638,2.63,0.13243,236.3,489.5,210.7,490.1,262.1,488.8,657,0.337,6
683,40.733,-67.401,40.399,0.1704,-0.6909,-0.7026,0.9843,0.0892,0.1525,-0.0427,-0.7176,0.6952,25.5,0.0011,4.455,4.447,0.16696,236.7,490.9,211.0,493.1,262.5,488.8,658,0.378,6
684,41.112,-68.92,38.869,0.1767,-0.6989,-0.693,0.9829,0.1653,0.081,0.0579,-0.6955,0.7162,25.5,0.002,6.025,5.986,0.36624,237.0,492.4,211.4,496.7,262.7,488.2,659,0.413,7
685,41.506,-70.461,37.362,0.182,-0.7068,-0.6836,0.9716,0.2362,0.013,0.1523,-0.6666,0.7297,25.5,0.001,5.711,5.668,0.34975,237.4,494.0,212.1,500.1,262.7,487.8,660,0.439,7
686,41.909,-72.016,35.871,0.186,-0.7124,-0.6767,0.9607,0.2767,-0.0235,0.204,-0.6457,0.7358,25.5,0.0025,3.215,3.186,0.2548,237.8,495.5,212.8,502.7,262.7,488.3,661,0.453,7
687,42.32,-73.581,34.395,0.1891,-0.7167,-0.6713,0.9625,0.271,-0.0084,0.188,-0.6446,0.7411,25.5,0.0066,0.968,0.93,0.19795,238.1,497.0,213.1,504.1,263.2,490.0,662,0.45,7
688,42.738,-75.157,32.928,0.1919,-0.7201,-0.6668,0.9778,0.1887,0.0913,0.0601,-0.6696,0.7403,25.5,0.0091,7.472,7.464,0.1645,238.5,498.6,213.1,503.4,264.0,493.8,663,0.433,7
689,43.163,-76.735,31.475,0.2103,-0.7338,-0.646,0.9294,-0.0725,0.3619,-0.3125,-0.6765,0.6668,25.5,0.0149,21.897,21.859,0.81142,238.9,500.1,214.7,497.8,263.4,502.4,664,0.393,7
690,43.612,-78.33,30.044,0.2112,-0.7301,-0.6499,-0.9216,-0.3693,0.1194,-0.3272,0.5737,-0.7509,25.5,0.0026,141.866,141.864,0.14261,239.4,501.7,263.1,492.0,215.5,511.4,665,0.342,7
691,44.078,-79.93,28.623,0.2145,-0.7306,-0.6482,-0.9208,-0.371,0.1203,-0.3284,0.5711,-0.7523,25.5,0.0044,0.183,0.119,0.09799,239.8,503.2,263.5,493.5,216.0,513.0,666,0.277,7
692,44.552,-81.53,27.203,0.2188,-0.7296,-0.6479,-0.7971,-0.5161,0.3133,-0.563,0.4479,-0.6945,25.5,0.0008,15.588,15.593,0.1157,240.2,504.8,260.6,491.1,219.7,518.6,667,0.202,7
693,45.041,-83.126,25.785,0.2273,-0.728,-0.6469,-0.5964,-0.6304,0.4968,-0.7695,0.2729,-0.5774,25.5,0.002,16.96,16.964,0.22775,240.7,506.3,255.7,489.5,225.5,523.4,668,0.115,7
694,45.546,-84.72,24.369,0.2337,-0.7264,-0.6463,-0.4544,-0.6721,0.5847,-0.8591,0.1571,-0.4871,25.5,0.0041,9.868,9.875,0.17325,241.2,507.9,252.4,489.9,229.7,526.1,669,0.019,7
695,46.064,-86.307,22.951,0.2394,-0.7224,-0.6487,-0.3316,-0.6904,0.6429,-0.9123,0.0612,-0.4048,25.5,0.0023,7.862,7.863,0.19266,241.7,509.4,249.7,491.0,233.4,528.2,670,0.087,7
696,46.596,-87.884,21.527,0.2468,-0.7177,-0.6511,-0.1542,-0.6936,0.7037,-0.9567,-0.0732,-0.2818,25.5,0.0016,10.76,10.762,0.23776,242.2,510.9,245.6,492.3,238.6,529.9,671,0.199,7
697,47.144,-89.45,20.097,0.2533,-0.7116,-0.6553,0.0708,-0.663,0.7453,-0.9648,-0.2352,-0.1176,25.5,0.0013,13.254,13.256,0.25779,242.7,512.5,240.4,494.6,245.0,530.7,672,0.319,7
698,47.705,-91.003,18.658,0.2589,-0.7064,-0.6588,0.2995,-0.5923,0.748,-0.9186,-0.3909,0.0582,25.5,0.0032,13.746,13.749,0.21985,243.2,514.0,235.1,497.9,251.5,530.4,673,0.445,7
699,48.28,-92.539,17.207,0.2664,-0.6958,-0.667,0.5031,-0.4901,0.7118,-0.8222,-0.5252,0.2194,25.5,0.0003,13.259,13.246,0.40175,243.7,515.4,230.4,502.0,257.3,529.1,674,0.576,7
700,48.869,-94.057,15.741,0.2712,-0.6909,-0.6702,0.6574,-0.3782,0.6517,-0.7037,-0.6173,0.3517,25.5,0.0028,11.483,11.47,0.19799,244.3,516.9,227.1,506.4,261.8,527.6,675,0.713,7
701,49.47,-95.558,14.264,0.2774,-0.6786,-0.6801,0.7637,-0.274,0.5846,-0.5831,-0.6816,0.4422,25.5,0.0002,9.402,9.366,0.44375,244.9,518.3,225.0,510.5,265.1,526.2,676,0.855,7
702,50.084,-97.025,12.76,0.2841,-0.6613,-0.6943,0.8301,-0.1904,0.5241,-0.4788,-0.7252,0.4948,25.5,0.0021,7.148,7.035,0.6116,245.4,519.7,223.9,514.1,267.3,525.4,677,1.004,7
703,50.712,-98.46,11.228,0.2885,-0.6502,-0.7028,0.8665,-0.1354,0.4805,-0.4076,-0.7476,0.5244,25.5,0.0003,4.602,4.531,0.38317,246.0,521.1,223.6,517.0,268.8,525.3,678,1.155,7
704,51.347,-99.877,9.682,0.2913,-0.6434,-0.7079,0.8883,-0.096,0.449,-0.3569,-0.7597,0.5436,25.5,0.0027,3.183,3.149,0.23404,246.6,522.4,223.7,519.3,269.9,525.5,678,1.038,7
705,51.988,-101.281,8.126,0.2937,-0.6377,-0.7121,0.9068,-0.0536,0.4182,-0.3049,-0.7685,0.5625,25.5,0.0027,3.21,3.185,0.1955,247.2,523.7,223.8,521.8,270.9,525.7,679,0.881,7
706,52.635,-102.671,6.562,0.2967,-0.6313,-0.7165,0.9275,0.0112,0.3737,-0.2279,-0.7754,0.5889,25.5,0.0004,4.682,4.659,0.21772,247.8,525.0,223.9,524.8,272.0,525.3,680,0.712,7
707,53.289,-104.042,4.985,0.3017,-0.6183,-0.7257,0.9474,0.118,0.2976,-0.0984,-0.7773,0.6213,25.5,0.0031,7.655,7.605,0.43684,248.4,526.3,224.1,528.9,273.0,523.7,681,0.526,7
708,53.958,-105.376,3.381,0.3091,-0.6011,-0.737,0.9468,0.2657,0.1817,0.0866,-0.7539,0.6512,25.5,0.001,10.837,10.773,0.57215,249.1,527.6,224.8,534.1,273.5,521.0,682,0.327,7
709,54.642,-106.69,1.768,0.315,-0.6006,-0.7349,0.9016,0.4312,0.0343,0.2963,-0.6734,0.6773,25.5,0.0002,12.984,12.987,0.16434,249.7,528.8,226.7,539.7,272.7,517.8,683,0.117,7
710,55.339,-107.998,0.155,0.3214,-0.5945,-0.737,0.7991,0.5874,-0.1284,0.5093,-0.5476,0.6639,25.5,0.0023,14.231,14.231,0.2377,250.3,530.0,230.0,545.2,270.6,514.9,684,0.102,7
711,56.052,-109.298,-1.457,0.3302,-0.5943,-0.7334,0.6919,0.6806,-0.241,0.6423,-0.4278,0.6359,25.5,0.0007,10.395,10.4,0.24875,251.0,531.2,233.5,549.0,268.4,513.6,685,0.327,7
712,56.783,-110.596,-3.063,0.3383,-0.5917,-0.7317,0.6618,0.7021,-0.2627,0.6692,-0.3954,0.6291,25.5,0.0007,2.444,2.457,0.22692,251.7,532.4,235.0,550.8,268.3,514.2,686,0.555,7
713,57.537,-111.896,-4.657,0.3485,-0.5939,-0.7251,0.6656,0.7015,-0.2547,0.6599,-0.3939,0.6398,25.5,0.0,0.817,0.509,0.3229,252.4,533.6,235.6,551.9,269.1,515.4,687,0.783,7
714,58.285,-113.181,-6.264,0.3484,-0.5891,-0.7291,0.6414,0.7158,-0.2761,0.6845,-0.3714,0.6273,25.5,0.0031,2.04,2.024,0.16351,253.1,534.8,236.9,553.5,269.1,516.2,688,1.014,7
715,59.102,-114.501,-7.808,0.3988,-0.6164,-0.679,0.6,0.7364,-0.3128,0.6928,-0.2827,0.6634,25.5,0.0022,5.51,3.383,1.9929,253.8,536.0,238.8,555.3,268.8,516.9,688,1.175,7
716,59.998,-115.862,-9.272,0.4124,-0.6233,-0.6645,0.5689,0.7496,-0.3382,0.7089,-0.2385,0.6637,25.5,0.0079,2.696,2.422,0.55045,254.7,537.3,240.5,556.9,268.8,517.8,689,0.946,7
717,60.908,-117.23,-10.718,0.4199,-0.6269,-0.6563,0.556,0.7549,-0.3478,0.7135,-0.2189,0.6656,25.5,0.0115,1.159,0.97,0.30578,255.5,538.5,241.7,558.3,269.3,518.9,690,0.724,7
718,61.838,-118.608,-12.145,0.4293,-0.6314,-0.6458,0.5579,0.7546,-0.3455,0.7055,-0.212,0.6762,25.5,0.0138,0.857,0.172,0.38679,256.4,539.8,242.5,559.6,270.2,520.2,691,0.51,7
719,62.791,-119.998,-13.546,0.4407,-0.6368,-0.6327,0.5705,0.75,-0.3346,0.6877,-0.2135,0.6939,25.5,0.0145,1.441,0.99,0.47544,257.3,541.1,243.1,560.7,271.4,521.7,692,0.304,7
720,63.771,-121.4,-14.915,0.4546,-0.6432,-0.6161,0.5897,0.7422,-0.3183,0.6621,-0.2186,0.7168,25.5,0.0132,1.99,1.511,0.59055,258.2,542.4,243.6,561.8,272.8,523.2,693,0.184,7
721,64.786,-122.818,-16.242,0.4723,-0.6511,-0.5942,0.6115,0.7323,-0.2997,0.6303,-0.2218,0.744,25.5,0.0099,2.405,1.737,0.76469,259.2,543.7,244.0,562.8,274.3,524.8,694,0.348,7
722,65.845,-124.254,-17.513,0.4956,-0.6609,-0.5635,0.6318,0.7218,-0.2825,0.5935,-0.2161,0.7753,25.5,0.0047,2.787,1.639,1.04004,260.2,545.1,244.5,563.8,275.8,526.4,695,0.646,7
723,66.965,-125.716,-18.7,0.5285,-0.6735,-0.5168,0.6471,0.7129,-0.2702,0.5504,-0.1917,0.8126,25.5,0.0015,3.553,1.235,1.5302,261.3,546.4,245.1,565.0,277.3,528.0,696,1.001,7
724,68.156,-127.203,-19.775,0.5573,-0.6852,-0.4689,0.6546,0.7075,-0.2662,0.5142,-0.1586,0.8429,25.5,0.0049,3.304,0.577,1.49553,262.4,547.8,246.1,566.2,278.6,529.6,696,1.187,7
725,69.402,-128.713,-20.756,0.5803,-0.6931,-0.4276,0.6545,0.7059,-0.271,0.4897,-0.1226,0.8632,25.5,0.0064,2.753,0.29,1.25397,263.6,549.2,247.3,567.6,279.8,531.0,697,0.792,7
726,70.697,-130.237,-21.65,0.6014,-0.6979,-0.3888,0.6482,0.7068,-0.2832,0.4725,-0.0817,0.8775,25.5,0.0067,2.671,0.788,1.16229,264.9,550.7,248.7,569.1,280.8,532.4,698,0.361,7
727,72.036,-131.769,-22.462,0.6211,-0.6998,-0.3528,0.6372,0.7093,-0.3015,0.4612,-0.0376,0.8865,25.5,0.0058,2.659,1.232,1.07473,266.1,552.1,250.3,570.6,281.8,533.8,699,0.12,7
728,73.417,-133.301,-23.198,0.6395,-0.6991,-0.3198,0.6229,0.7118,-0.3244,0.4544,0.0083,0.8907,25.5,0.0045,2.67,1.554,0.98869,267.5,553.6,252.1,572.2,282.8,535.2,700,0.623,7
729,74.837,-134.83,-23.865,0.6571,-0.6959,-0.2898,0.6068,0.7134,-0.3506,0.4508,0.0545,0.891,25.5,0.0039,2.655,1.764,0.91371,268.9,555.1,253.9,573.8,283.7,536.5,701,1.177,7
730,76.295,-136.348,-24.47,0.6745,-0.6911,-0.2599,0.5902,0.7128,-0.3789,0.4471,0.1021,0.8886,25.5,0.0039,2.739,1.88,0.91358,270.3,556.5,255.7,575.3,284.6,538.0,701,1.015,7
731,77.793,-137.86,-24.987,0.6926,-0.689,-0.2135,0.5746,0.7094,-0.4081,0.4327,0.16,0.8872,25.5,0.0037,3.42,1.907,1.30423,271.7,558.0,257.6,576.7,285.7,539.5,702,0.407,7
732,79.328,-139.364,-25.409,0.7094,-0.6835,-0.1721,0.5597,0.7034,-0.4382,0.4205,0.2146,0.8815,25.5,0.0083,3.223,1.955,1.17775,273.2,559.4,259.5,578.1,286.7,541.0,703,0.257,7
733,80.9,-140.852,-25.746,0.725,-0.675,-0.1367,0.5452,0.6948,-0.4691,0.4117,0.2656,0.8718,25.5,0.0096,3.017,2.017,1.03622,274.8,560.9,261.5,579.4,287.9,542.6,704,0.977,7
734,82.504,-142.319,-26.013,0.7396,-0.6642,-0.1084,0.5308,0.6837,-0.5008,0.4068,0.3129,0.8583,25.5,0.0072,2.832,2.094,0.87971,276.3,562.3,263.5,580.6,289.0,544.2,704,1.214,7
735,84.139,-143.761,-26.226,0.7535,-0.6516,-0.0876,0.5162,0.6703,-0.5332,0.4061,0.3565,0.8414,25.5,0.0011,2.68,2.176,0.73278,277.9,563.7,265.5,581.7,290.2,545.9,705,0.441,7
736,85.803,-145.174,-26.4,0.7646,-0.6407,-0.069,0.501,0.6546,-0.5662,0.408,0.3983,0.8215,25.5,0.0027,2.655,2.268,0.6343,279.6,565.1,267.5,582.8,291.4,547.6,706,0.379,7
737,87.487,-146.57,-26.522,0.7732,-0.6327,-0.042,0.485,0.6367,-0.5994,0.406,0.4431,0.7992,25.5,0.0027,2.87,2.348,0.77033,281.2,566.4,269.7,583.8,292.6,549.4,707,1.241,7
738,89.193,-147.942,-26.585,0.7844,-0.62,-0.0157,0.4686,0.6171,-0.6321,0.4016,0.4885,0.7747,25.5,0.0051,2.967,2.378,0.81832,282.9,567.8,271.8,584.7,293.8,551.1,707,0.949,7
739,90.925,-149.282,-26.591,0.7977,-0.6029,0.0095,0.4522,0.5962,-0.6633,0.3943,0.5335,0.7483,25.5,0.005,3.019,2.348,0.86944,284.6,569.1,274.0,585.6,295.0,552.9,708,0.058,7
740,92.688,-150.581,-26.544,0.8127,-0.5818,0.0331,0.4363,0.5746,-0.6925,0.3839,0.5772,0.7208,25.5,0.0026,3.018,2.272,0.91645,286.3,570.4,276.2,586.4,296.3,554.7,709,0.873,7
741,94.486,-151.829,-26.448,0.8285,-0.5573,0.0547,0.4214,0.5529,-0.7188,0.3704,0.6186,0.693,25.5,0.0017,2.96,2.132,0.94922,288.1,571.6,278.4,587.2,297.7,556.4,709,1.318,7
742,96.316,-153.022,-26.306,0.841,-0.536,0.0739,0.4083,0.5319,-0.7419,0.3584,0.6541,0.6661,25.5,0.0035,2.643,1.94,0.81842,289.9,572.8,280.6,587.9,299.1,558.0,710,0.375,7
743,98.165,-154.182,-26.125,0.8476,-0.5227,0.0917,0.3972,0.512,-0.7616,0.3511,0.682,0.6416,25.5,0.0008,2.168,1.726,0.60633,291.8,574.0,282.7,588.6,300.6,559.6,711,0.579,7
744,100.031,-155.31,-25.905,0.8555,-0.5062,0.1091,0.3879,0.4936,-0.7784,0.3402,0.7082,0.6187,25.5,0.0029,2.089,1.524,0.66032,293.6,575.1,284.8,589.3,302.2,561.2,712,1.533,7
745,101.914,-156.398,-25.647,0.8645,-0.4864,0.1268,0.3803,0.4769,-0.7924,0.325,0.7333,0.5972,25.5,0.0037,2.084,1.322,0.73348,295.5,576.2,286.9,590.1,303.8,562.7,712,0.659,7
746,103.819,-157.438,-25.349,0.8746,-0.4625,0.1453,0.3742,0.4619,-0.8041,0.3048,0.7577,0.5771,25.5,0.0032,2.15,1.145,0.8336,297.4,577.3,289.0,590.8,305.5,564.0,713,0.286,7
747,105.747,-158.42,-25.009,0.8858,-0.4336,0.1652,0.3693,0.4489,-0.8137,0.2787,0.7818,0.5578,25.5,0.0019,2.317,0.968,0.96349,299.3,578.2,291.1,591.5,307.3,565.3,714,1.207,7
748,107.7,-159.333,-24.624,0.8979,-0.3984,0.1871,0.3653,0.438,-0.8214,0.2453,0.8059,0.5389,25.5,0.0002,2.597,0.798,1.12985,301.2,579.2,293.2,592.2,309.1,566.5,714,0.983,7
749,109.681,-160.16,-24.187,0.9105,-0.3551,0.2117,0.3621,0.4294,-0.8274,0.2029,0.83,0.5195,25.5,0.0021,3.008,0.628,1.34428,303.2,580.0,295.3,592.8,311.0,567.5,715,0.096,7
750,111.684,-160.896,-23.696,0.9182,-0.3181,0.2362,0.3594,0.4229,-0.8319,0.1647,0.8487,0.5026,25.5,0.001,2.622,0.479,1.17851,305.2,580.8,297.4,593.4,312.9,568.5,716,0.748,7
751,113.701,-161.555,-23.156,0.9236,-0.2844,0.2569,0.3574,0.4175,-0.8355,0.1304,0.8635,0.4873,25.5,0.0033,2.313,0.389,1.04416,307.3,581.5,299.5,594.0,314.9,569.3,716,1.447,7
752,115.729,-162.143,-22.572,0.9277,-0.2525,0.2752,0.356,0.4121,-0.8387,0.0984,0.876,0.4721,25.5,0.0046,2.153,0.368,0.96793,309.3,582.1,301.6,594.5,316.8,570.0,717,0.666,7
753,117.765,-162.661,-21.951,0.9306,-0.2207,0.2919,0.3555,0.4053,-0.8422,0.0676,0.8876,0.4557,25.5,0.0045,2.107,0.439,0.94263,311.3,582.7,303.7,595.0,318.8,570.7,718,0.144,7
754,119.806,-163.109,-21.294,0.9327,-0.1876,0.308,0.356,0.3959,-0.8465,0.0368,0.8992,0.4361,25.5,0.003,2.195,0.593,0.96425,313.4,583.2,305.7,595.2,320.9,571.5,719,0.765,7
755,121.851,-163.481,-20.602,0.9339,-0.1511,0.324,0.3574,0.3827,-0.852,0.0047,0.9115,0.4114,25.5,0.0001,2.425,0.823,1.04319,315.5,583.6,307.8,595.3,323.0,572.2,720,1.394,7
756,123.897,-163.766,-19.873,0.9338,-0.1079,0.3411,0.3598,0.3642,-0.859,-0.0315,0.9249,0.3789,25.5,0.0037,2.891,1.142,1.21505,317.5,584.0,309.9,595.2,325.1,573.0,720,0.801,7
757,125.936,-163.944,-19.097,0.928,-0.0529,0.3689,0.3633,0.3392,-0.8677,-0.0793,0.9392,0.334,25.5,0.0009,3.847,1.53,1.62055,319.6,584.2,311.9,594.9,327.2,573.8,721,0.2,7
758,127.96,-163.996,-18.261,0.9194,0.0044,0.3932,0.3678,0.3084,-0.8773,-0.1251,0.9513,0.2819,25.5,0.0054,4.035,1.866,1.64399,321.7,584.3,313.9,594.3,329.3,574.7,722,0.371,7
759,129.964,-163.926,-17.38,0.9103,0.0592,0.4096,0.3735,0.2726,-0.8867,-0.1642,0.9602,0.2261,25.5,0.0071,3.938,2.146,1.51561,323.7,584.4,315.8,593.4,331.5,575.6,723,0.918,7
760,131.949,-163.742,-16.474,0.9027,0.1077,0.4165,0.3806,0.2331,-0.8949,-0.1935,0.9664,0.1694,25.5,0.0041,3.675,2.347,1.29714,325.8,584.3,317.7,592.3,333.6,576.4,723,1.272,7
761,133.92,-163.461,-15.563,0.8984,0.1471,0.4139,0.3892,0.191,-0.9011,-0.2116,0.9706,0.1144,25.5,0.0048,3.327,2.488,1.03917,327.8,584.1,319.5,591.0,335.8,577.3,724,0.739,7
762,135.875,-163.097,-14.644,0.8856,0.1868,0.4253,0.3997,0.1475,-0.9047,-0.2318,0.9712,0.0559,25.5,0.0032,3.547,2.572,1.13115,329.8,583.8,321.3,589.6,338.1,578.1,725,0.212,7
763,137.8,-162.636,-13.705,0.8714,0.2347,0.4309,0.4111,0.1041,-0.9056,-0.2574,0.9663,-0.0058,25.5,0.0076,3.838,2.572,1.31533,331.8,583.4,323.0,588.2,340.3,578.8,726,0.323,7
764,139.692,-162.065,-12.763,0.8567,0.2881,0.428,0.4227,0.0625,-0.9041,-0.2872,0.9554,-0.0682,25.5,0.0068,4.012,2.476,1.45108,333.7,582.9,324.7,586.6,342.5,579.3,727,0.873,7
765,141.552,-161.373,-11.837,0.8415,0.3438,0.4168,0.4338,0.0247,-0.9007,-0.32,0.9387,-0.1283,25.5,0.0019,4.039,2.266,1.5389,335.6,582.3,326.3,585.0,344.7,579.7,727,1.317,7
766,143.378,-160.56,-10.942,0.8256,0.3969,0.4011,0.4435,-0.0075,-0.8962,-0.3527,0.9178,-0.1822,25.5,0.0037,3.806,1.944,1.50775,337.5,581.6,327.9,583.4,346.8,579.8,728,0.742,7
767,145.167,-159.647,-10.07,0.8086,0.4357,0.3953,0.4518,-0.033,-0.8915,-0.3754,0.8995,-0.2235,25.5,0.0015,2.897,1.56,1.11844,339.4,580.8,329.6,581.9,348.9,579.6,729,0.145,7
768,146.92,-158.652,-9.212,0.7917,0.473,0.3867,0.459,-0.0528,-0.8869,-0.3991,0.8796,-0.2589,25.5,0.0045,2.694,1.236,1.09462,341.2,579.8,331.2,580.5,350.9,579.2,730,0.505,7
769,148.635,-157.575,-8.378,0.7737,0.5107,0.375,0.4656,-0.0682,-0.8824,-0.425,0.8573,-0.2906,25.5,0.0055,2.671,0.994,1.13487,342.9,578.8,332.8,579.1,352.8,578.6,731,1.174,7
770,150.308,-156.413,-7.572,0.7534,0.5504,0.3599,0.4721,-0.0804,-0.8779,-0.4542,0.8313,-0.3204,25.5,0.0045,2.817,0.833,1.23145,344.7,577.8,334.4,577.6,354.7,577.9,731,1.019,7
771,151.933,-155.161,-6.804,0.7294,0.5935,0.3402,0.4789,-0.0906,-0.8732,-0.4874,0.7998,-0.3504,25.5,0.0015,3.136,0.752,1.38966,346.4,576.6,335.9,576.2,356.5,577.0,732,0.314,7
772,153.499,-153.809,-6.086,0.6998,0.6409,0.3155,0.4863,-0.1001,-0.868,-0.5248,0.7609,-0.3817,25.5,0.0023,3.575,0.752,1.59904,348.0,575.3,337.4,574.6,358.3,575.9,733,0.421,7
773,155.001,-152.364,-5.412,0.6713,0.6779,0.2995,0.4944,-0.1098,-0.8623,-0.5517,0.727,-0.4089,25.5,0.0008,2.929,0.794,1.29163,349.5,573.9,338.7,573.0,360.1,574.8,734,1.177,7
774,156.44,-150.841,-4.776,0.6429,0.7126,0.2809,0.5032,-0.1195,-0.8559,-0.5763,0.6916,-0.4353,25.5,0.0021,2.897,0.835,1.27004,351.0,572.4,340.0,571.2,361.8,573.6,734,1.015,7
775,157.816,-149.244,-4.183,0.6137,0.7457,0.2595,0.5121,-0.129,-0.8492,-0.5998,0.654,-0.461,25.5,0.0023,2.937,0.839,1.28333,352.5,570.9,341.2,569.4,363.5,572.4,735,0.244,7
776,159.127,-147.575,-3.641,0.5829,0.7779,0.2348,0.5211,-0.138,-0.8423,-0.6228,0.6133,-0.4858,25.5,0.0014,3.032,0.83,1.33287,353.8,569.3,342.3,567.5,365.0,571.0,736,0.54,7
777,160.369,-145.836,-3.158,0.5498,0.8094,0.2062,0.5298,-0.1463,-0.8354,-0.646,0.5686,-0.5093,25.5,0.0006,3.185,0.794,1.41037,355.1,567.6,343.4,565.6,366.5,569.6,737,1.324,7
778,161.534,-144.029,-2.742,0.5134,0.8406,0.1729,0.538,-0.1535,-0.8288,-0.6701,0.5185,-0.5311,25.5,0.0039,3.422,0.731,1.52726,356.3,565.8,344.3,563.6,368.0,568.0,737,0.868,7
779,162.614,-142.156,-2.399,0.4736,0.8693,0.1414,0.5455,-0.1595,-0.8228,-0.6927,0.4668,-0.5498,25.5,0.0034,3.406,0.649,1.52588,357.4,564.0,345.3,561.5,369.3,566.3,738,0.1,7
780,163.61,-140.225,-2.12,0.4361,0.8928,0.1132,0.5519,-0.1643,-0.8175,-0.7113,0.419,-0.5644,25.5,0.0015,3.056,0.55,1.37297,358.4,562.1,346.1,559.5,370.4,564.6,739,0.679,7
781,164.526,-138.247,-1.902,0.4001,0.9124,0.0858,0.557,-0.1679,-0.8134,-0.7277,0.3733,-0.5754,25.5,0.0001,2.853,0.428,1.28984,359.4,560.1,346.9,557.4,371.5,562.8,740,1.42,7
782,165.364,-136.23,-1.744,0.3644,0.9294,0.0583,0.5604,-0.1704,-0.8105,-0.7434,0.328,-0.5829,25.5,0.0014,2.781,0.293,1.26006,360.2,558.1,347.7,555.3,372.4,560.8,740,0.781,7
783,166.122,-134.177,-1.648,0.3275,0.9444,0.0297,0.5617,-0.172,-0.8092,-0.7591,0.2817,-0.5868,25.5,0.0025,2.81,0.14,1.28278,361.0,556.1,348.4,553.2,373.2,558.9,741,0.095,7
784,166.796,-132.094,-1.616,0.2879,0.9577,-0.0013,0.5608,-0.1727,-0.8098,-0.7757,0.2324,-0.5867,25.5,0.0029,2.981,0.074,1.36106,361.6,554.0,349.1,551.1,373.9,556.8,742,0.627,7
785,167.379,-129.983,-1.657,0.2415,0.9697,-0.0383,0.5571,-0.1727,-0.8123,-0.7943,0.1748,-0.5818,25.5,0.0018,3.48,0.256,1.58433,362.2,551.9,349.8,548.9,374.4,554.7,743,1.279,7
786,167.851,-127.848,-1.786,0.1903,0.9786,-0.0786,0.5503,-0.172,-0.817,-0.813,0.1123,-0.5713,25.5,0.0006,3.787,0.475,1.72071,362.7,549.7,350.5,546.8,374.6,552.6,743,0.912,7
787,168.216,-125.699,-1.996,0.1445,0.9832,-0.1119,0.5406,-0.1711,-0.8237,-0.829,0.0585,-0.5562,25.5,0.0021,3.331,0.677,1.48646,363.0,547.6,351.1,544.6,374.7,550.4,744,0.302,7
788,168.487,-123.543,-2.272,0.1029,0.9849,-0.1395,0.5276,-0.1705,-0.8322,-0.8434,0.012,-0.5372,25.5,0.0025,2.994,0.891,1.30678,363.3,545.4,351.7,542.5,374.6,548.2,745,0.27,7
789,168.669,-121.386,-2.604,0.0643,0.9847,-0.1622,0.5114,-0.1704,-0.8423,-0.857,-0.0288,-0.5145,25.5,0.0017,2.787,1.094,1.1715,363.4,543.2,352.3,540.3,374.3,546.1,746,0.794,7
790,168.77,-119.231,-2.98,0.0275,0.9832,-0.1804,0.4918,-0.1714,-0.8537,-0.8703,-0.0653,-0.4882,25.5,0.001,2.688,1.3,1.0748,363.5,541.0,352.9,538.1,373.9,543.9,747,1.288,7
791,168.788,-117.08,-3.393,-0.0151,0.9793,-0.2017,0.4686,-0.1737,-0.8662,-0.8833,-0.1076,-0.4563,25.5,0.0025,3.126,1.516,1.25021,363.5,538.9,353.5,535.8,373.2,541.8,747,0.903,7
792,168.695,-114.945,-3.872,-0.0688,0.9698,-0.2341,0.4416,-0.1778,-0.8794,-0.8945,-0.1638,-0.416,25.5,0.0031,4.015,1.738,1.65988,363.3,536.7,354.1,533.6,372.4,539.8,748,0.432,7
793,168.493,-112.832,-4.412,-0.1146,0.9594,-0.2576,0.4099,-0.1843,-0.8933,-0.9046,-0.208,-0.3722,25.5,0.0063,3.612,2.018,1.37394,363.1,534.6,354.7,531.2,371.3,537.8,749,0.02,7
794,168.198,-110.741,-4.995,-0.153,0.9499,-0.2726,0.3726,-0.1935,-0.9076,-0.9149,-0.2405,-0.3243,25.5,0.0066,3.369,2.349,1.10676,362.7,532.4,355.3,528.9,370.0,535.9,750,0.455,7
795,167.827,-108.669,-5.6,-0.1843,0.9425,-0.2787,0.3285,-0.206,-0.9218,-0.9262,-0.2614,-0.2717,25.5,0.0022,3.307,2.75,0.85637,362.3,530.3,356.1,526.5,368.4,534.1,751,0.879,7
796,167.394,-106.611,-6.211,-0.2159,0.9343,-0.2837,0.2765,-0.2222,-0.935,-0.9366,-0.2803,-0.2103,25.5,0.002,3.729,3.211,0.86403,361.8,528.2,356.9,523.9,366.6,532.4,752,1.299,7
797,166.871,-104.583,-6.852,-0.2606,0.9177,-0.2998,0.2164,-0.2419,-0.9459,-0.9406,-0.3113,-0.1356,25.5,0.0052,4.641,3.678,1.31677,361.2,526.2,357.9,521.4,364.5,530.9,752,0.891,7
798,166.256,-102.589,-7.518,-0.3004,0.9032,-0.3066,0.1501,-0.2643,-0.9527,-0.9415,-0.3322,-0.0561,25.5,0.0083,4.711,4.029,1.12244,360.6,524.2,359.0,518.8,362.1,529.4,753,0.471,7
799,165.561,-100.623,-8.187,-0.3328,0.8929,-0.3032,0.0797,-0.2888,-0.954,-0.9395,-0.3417,0.025,25.5,0.0049,4.681,4.273,0.89387,359.8,522.2,360.0,516.1,359.6,528.1,754,0.045,7
800,164.804,-98.674,-8.84,-0.3586,0.8855,-0.2955,0.0075,-0.3148,-0.9491,-0.9335,-0.3426,0.1063,25.5,0.001,4.672,4.407,0.7304,359.0,520.2,361.0,513.4,357.0,526.8,755,0.399,7
801,163.984,-96.75,-9.491,-0.39,0.8714,-0.2976,-0.0646,-0.3417,-0.9376,-0.9187,-0.3464,0.1896,25.5,0.0065,4.854,4.459,0.9022,358.1,518.2,362.0,510.7,354.4,525.5,756,0.866,7
802,163.094,-94.856,-10.137,-0.4222,0.8587,-0.2904,-0.1348,-0.3684,-0.9198,-0.8969,-0.3492,0.2713,25.5,0.0077,4.849,4.424,0.92495,357.2,516.3,362.8,508.1,351.7,524.3,756,1.325,7
803,162.135,-92.987,-10.757,-0.4533,0.848,-0.2747,-0.2008,-0.394,-0.8969,-0.8688,-0.3514,0.3489,25.5,0.0033,4.732,4.264,0.9534,356.2,514.4,363.4,505.5,349.1,523.1,757,0.831,7
804,161.111,-91.14,-11.336,-0.4812,0.8385,-0.2556,-0.2607,-0.4176,-0.8704,-0.8366,-0.3523,0.4195,25.5,0.0022,4.447,3.99,0.91882,355.1,512.6,363.8,503.0,346.6,521.9,758,0.307,7
805,160.03,-89.317,-11.888,-0.5061,0.8261,-0.2478,-0.3132,-0.439,-0.8421,-0.8045,-0.3486,0.4809,25.5,0.0045,3.976,3.631,0.75573,354.0,510.7,363.9,500.5,344.3,520.7,759,0.248,7
806,158.895,-87.519,-12.418,-0.5293,0.8153,-0.2346,-0.3592,-0.4587,-0.8127,-0.7703,-0.3459,0.5357,25.5,0.0068,3.705,3.326,0.75327,352.8,508.9,363.8,498.2,342.0,519.4,760,0.833,7
807,157.712,-85.744,-12.913,-0.5513,0.8057,-0.2166,-0.3999,-0.4771,-0.7826,-0.7339,-0.3449,0.5852,25.5,0.0056,3.521,3.086,0.78487,351.6,507.1,363.6,495.9,339.9,518.2,760,1.358,7
808,156.481,-83.989,-13.363,-0.5723,0.7968,-0.1938,-0.436,-0.4945,-0.7519,-0.695,-0.3458,0.6304,25.5,0.0012,3.418,2.893,0.84363,350.3,505.4,363.1,493.6,337.8,516.9,761,0.741,7
809,155.205,-82.254,-13.759,-0.5927,0.7874,-0.1694,-0.4684,-0.5111,-0.7207,-0.654,-0.3478,0.6718,25.5,0.0027,3.341,2.747,0.86767,349.0,503.6,362.6,491.4,335.7,515.6,762,0.094,7
810,153.885,-80.542,-14.114,-0.6121,0.7756,-0.1544,-0.4977,-0.527,-0.6889,-0.6156,-0.3448,0.7086,25.5,0.0023,3.053,2.64,0.71181,347.7,501.9,361.9,489.2,333.8,514.4,763,0.584,7
811,152.526,-78.854,-14.434,-0.6288,0.7654,-0.137,-0.5242,-0.5422,-0.6567,-0.5769,-0.3411,0.7422,25.5,0.0046,2.944,2.543,0.685,346.3,500.2,361.1,487.1,331.8,513.1,764,1.294,7
812,151.132,-77.188,-14.713,-0.6433,0.7566,-0.1173,-0.548,-0.5567,-0.6243,-0.5376,-0.3373,0.7728,25.5,0.0046,2.862,2.449,0.68003,344.9,498.6,360.2,485.0,329.9,511.9,764,0.897,7
813,149.709,-75.539,-14.946,-0.6559,0.7488,-0.0951,-0.5695,-0.5706,-0.5917,-0.4973,-0.3339,0.8007,25.5,0.0025,2.815,2.375,0.69822,343.5,496.9,359.2,483.0,328.0,510.6,765,0.154,8
814,148.26,-73.907,-15.127,-0.6669,0.7419,-0.0703,-0.5887,-0.5838,-0.5591,-0.4558,-0.3314,0.8261,25.5,0.0012,2.792,2.296,0.73228,342.0,495.3,358.2,481.0,326.1,509.4,766,0.623,8
815,146.788,-72.289,-15.253,-0.6773,0.7343,-0.0467,-0.606,-0.5964,-0.5264,-0.4144,-0.3282,0.8489,25.5,0.0029,2.714,2.239,0.70331,340.6,493.7,357.1,479.0,324.3,508.1,767,1.435,8
816,145.292,-70.692,-15.338,-0.689,0.7241,-0.0309,-0.6214,-0.6083,-0.4938,-0.3764,-0.321,0.869,25.5,0.0029,2.498,2.175,0.57941,339.1,492.1,355.9,477.1,322.5,506.9,767,0.756,8
817,143.772,-69.116,-15.385,-0.699,0.715,-0.0116,-0.6349,-0.6197,-0.4615,-0.3371,-0.3152,0.8871,25.5,0.0061,2.502,2.11,0.61646,337.6,490.5,354.6,475.2,320.7,505.7,768,0.092,8
818,142.231,-67.559,-15.387,-0.7073,0.7068,0.011,-0.6465,-0.6306,-0.4294,-0.2966,-0.3108,0.903,25.5,0.0068,2.506,2.053,0.66529,336.0,489.0,353.3,473.4,318.9,504.4,769,0.977,8
819,140.674,-66.019,-15.335,-0.7138,0.6994,0.0364,-0.6563,-0.6412,-0.3977,-0.2548,-0.3078,0.9167,25.5,0.0055,2.526,1.996,0.71273,334.5,487.5,352.0,471.5,317.2,503.2,769,1.213,8
820,139.105,-64.495,-15.225,-0.7184,0.6926,0.0642,-0.6641,-0.6516,-0.3666,-0.212,-0.306,0.9281,25.5,0.0023,2.54,1.931,0.75822,332.9,486.0,350.5,469.7,315.5,502.0,770,0.29,8
821,137.528,-62.985,-15.052,-0.7212,0.6863,0.094,-0.6701,-0.6619,-0.3361,-0.1685,-0.3054,0.9372,25.5,0.0026,2.547,1.876,0.80032,331.4,484.5,349.1,467.9,313.9,500.8,771,0.672,8
822,135.946,-61.489,-14.818,-0.7248,0.6791,0.1158,-0.6741,-0.6721,-0.3064,-0.1303,-0.3001,0.945,25.5,0.0033,2.255,1.814,0.60797,329.8,483.0,347.5,466.2,312.3,499.7,771,1.519,8
823,134.353,-60.01,-14.547,-0.7292,0.6714,0.1323,-0.6764,-0.6821,-0.2778,-0.0962,-0.2921,0.9515,25.5,0.0015,2.041,1.741,0.49,328.3,481.5,346.0,464.4,310.7,498.5,772,0.523,8
824,132.752,-58.548,-14.237,-0.7322,0.664,0.1515,-0.6773,-0.6916,-0.2509,-0.0618,-0.2863,0.9561,25.5,0.0013,2.016,1.635,0.54394,326.7,480.1,344.4,462.7,309.2,497.3,773,0.508,8
825,131.146,-57.101,-13.882,-0.734,0.6568,0.1731,-0.6773,-0.7,-0.2264,-0.0275,-0.2834,0.9586,25.5,0.0018,1.978,1.484,0.59744,325.1,478.7,342.8,461.1,307.6,496.1,774,1.571,8
826,129.538,-55.67,-13.476,-0.7344,0.6495,0.1972,-0.6768,-0.7071,-0.2049,0.0064,-0.2839,0.9588,25.5,0.0026,1.943,1.298,0.65873,323.6,477.3,341.1,459.5,306.1,494.9,774,0.62,8
827,127.93,-54.256,-13.016,-0.7334,0.642,0.2235,-0.6762,-0.7126,-0.187,0.0392,-0.2883,0.9567,25.5,0.0034,1.9,1.073,0.71582,322.0,475.9,339.5,457.9,304.6,493.7,775,0.477,8
828,126.326,-52.858,-12.495,-0.7309,0.6341,0.2522,-0.676,-0.7161,-0.1735,0.0706,-0.2974,0.9522,25.5,0.0037,1.891,0.799,0.78146,320.5,474.5,337.9,456.4,303.1,492.5,776,1.606,8
829,124.729,-51.478,-11.909,-0.7269,0.6256,0.2832,-0.6768,-0.7174,-0.1649,0.1,-0.3116,0.9449,25.5,0.0035,1.917,0.5,0.84747,318.9,473.1,336.4,455.0,301.5,491.2,776,0.584,8
830,123.144,-50.119,-11.254,-0.7212,0.6159,0.3169,-0.6789,-0.7161,-0.1619,0.1273,-0.332,0.9347,25.5,0.0027,2.038,0.223,0.93022,317.4,471.8,334.9,453.7,299.9,489.8,777,0.579,8
831,121.57,-48.783,-10.521,-0.7161,0.6038,0.3502,-0.6825,-0.7121,-0.1646,0.15,-0.3568,0.922,25.5,0.0011,2.059,0.345,0.93623,315.9,470.5,333.5,452.5,298.3,488.4,777,1.613,8
832,120.005,-47.471,-9.724,-0.7114,0.5935,0.3764,-0.6871,-0.706,-0.1716,0.1639,-0.3806,0.9101,25.5,0.0052,1.72,0.594,0.74615,314.4,469.2,332.1,451.4,296.7,487.0,778,0.441,8
833,118.452,-46.182,-8.876,-0.7071,0.5847,0.3977,-0.692,-0.6987,-0.1813,0.1719,-0.4034,0.8987,25.5,0.0087,1.531,0.75,0.61341,312.9,468.0,330.8,450.3,295.1,485.5,779,0.818,8
834,116.908,-44.909,-7.984,-0.7031,0.5769,0.4157,-0.6967,-0.6911,-0.1923,0.1764,-0.4248,0.8879,25.5,0.0112,1.397,0.812,0.52363,311.4,466.7,329.4,449.2,293.4,484.1,779,1.415,8
835,115.371,-43.653,-7.056,-0.6995,0.57,0.4311,-0.7007,-0.684,-0.2029,0.1793,-0.444,0.8779,25.5,0.0128,1.251,0.766,0.45126,309.9,465.5,328.1,448.2,291.8,482.7,780,0.295,8
836,113.843,-42.412,-6.097,-0.6961,0.5636,0.4447,-0.7036,-0.6784,-0.2116,0.1824,-0.4602,0.8689,25.5,0.0133,1.077,0.616,0.4031,308.5,464.3,326.7,447.1,290.3,481.3,781,1.146,8
837,112.321,-41.183,-5.109,-0.693,0.5577,0.4569,-0.7049,-0.6753,-0.2171,0.1875,-0.4725,0.8611,25.5,0.0127,0.884,0.369,0.36355,307.0,463.1,325.3,446.0,288.8,480.1,781,1.098,8
838,110.806,-39.967,-4.095,-0.6899,0.5521,0.4681,-0.7043,-0.6757,-0.2177,0.1961,-0.4799,0.8551,25.5,0.0109,0.735,0.054,0.33727,305.6,461.9,323.9,444.8,287.4,478.9,782,0.273,8
839,109.298,-38.764,-3.058,-0.687,0.5467,0.4786,-0.7013,-0.6806,-0.2121,0.2099,-0.4814,0.851,25.5,0.0082,0.829,0.46,0.31817,304.1,460.7,322.3,443.4,286.0,477.9,783,1.495,8
840,107.795,-37.572,-1.998,-0.6842,0.5412,0.4889,-0.6952,-0.6908,-0.1984,0.2304,-0.4757,0.8489,25.5,0.0048,1.225,1.039,0.31379,302.7,459.5,320.7,442.0,284.7,477.0,783,0.701,8
841,106.308,-36.4,-0.902,-0.6743,0.5277,0.5166,-0.6854,-0.7067,-0.1755,0.2725,-0.4724,0.8382,25.5,0.0014,2.496,1.693,0.84762,301.3,458.4,319.0,440.4,283.6,476.3,784,0.56,8
842,104.843,-35.262,0.262,-0.6634,0.5124,0.5452,-0.6714,-0.7269,-0.1442,0.3224,-0.4618,0.8263,25.5,0.0057,3.002,2.28,0.89511,299.9,457.3,317.2,438.8,282.6,475.7,784,1.634,8
843,103.399,-34.154,1.482,-0.6552,0.4992,0.567,-0.6537,-0.7491,-0.107,0.3713,-0.4408,0.8172,25.5,0.0063,3.094,2.682,0.70045,298.5,456.2,315.4,437.1,281.7,475.2,785,0.432,8
844,101.969,-33.072,2.739,-0.6516,0.4901,0.5791,-0.6328,-0.7714,-0.0664,0.4142,-0.4097,0.8128,25.5,0.0042,3.047,2.912,0.40711,297.1,455.1,313.4,435.4,280.9,474.8,786,0.703,8
845,100.541,-32.004,4.01,-0.6538,0.4865,0.5795,-0.6098,-0.7921,-0.025,0.4469,-0.3697,0.8146,25.5,0.0012,2.962,2.962,0.11084,295.8,454.1,311.4,433.8,280.2,474.3,786,1.487,8
846,99.101,-30.936,5.268,-0.6623,0.4891,0.5676,-0.586,-0.8102,0.0146,0.467,-0.323,0.8232,25.5,0.0001,2.955,2.843,0.38858,294.4,453.0,309.4,432.3,279.4,473.8,787,0.456,8
847,97.648,-29.868,6.511,-0.66,0.4829,0.5755,-0.5629,-0.825,0.0498,0.4988,-0.291,0.8164,25.5,0.0018,2.614,2.557,0.26947,293.0,452.0,307.3,430.9,278.7,473.1,788,0.457,8
848,96.207,-28.82,7.785,-0.6566,0.4749,0.586,-0.5421,-0.8366,0.0789,0.5277,-0.2659,0.8067,25.5,0.0049,2.263,2.155,0.35654,291.6,450.9,305.4,429.5,277.8,472.4,789,1.227,8
849,94.766,-27.783,9.069,-0.6606,0.4721,0.5836,-0.5252,-0.8451,0.1002,0.5405,-0.2404,0.8063,25.5,0.0065,1.635,1.632,0.14228,290.2,449.9,303.6,428.3,276.9,471.7,789,0.964,8
850,93.307,-26.747,10.332,-0.6731,0.4751,0.5667,-0.5136,-0.8507,0.112,0.5353,-0.2157,0.8167,25.5,0.005,1.564,1.001,0.55551,288.8,448.9,301.8,427.1,275.8,470.8,790,0.359,8
851,91.81,-25.697,11.538,-0.6955,0.4845,0.5306,-0.5089,-0.8534,0.1125,0.5074,-0.1918,0.8401,25.5,0.0002,2.496,0.312,1.13827,287.4,447.9,300.3,426.0,274.5,469.8,791,0.078,8
852,90.255,-24.622,12.644,-0.7202,0.493,0.4882,-0.5123,-0.853,0.1001,0.4658,-0.178,0.8668,25.5,0.0027,2.941,0.737,1.30318,285.9,446.8,298.9,424.9,272.8,468.8,792,0.291,8
853,88.663,-23.543,13.691,-0.7347,0.494,0.4651,-0.5223,-0.8493,0.0763,0.4327,-0.1868,0.882,25.5,0.0003,2.147,1.494,0.71386,284.3,445.7,297.7,423.9,271.0,467.6,793,0.3,8
854,87.03,-22.452,14.663,-0.7577,0.5032,0.4155,-0.5341,-0.844,0.0484,0.3751,-0.1852,0.9083,25.5,0.0001,3.63,1.762,1.45017,282.7,444.6,296.4,422.9,269.1,466.4,794,0.118,8
855,85.329,-21.328,15.461,-0.7995,0.526,0.2899,-0.5429,-0.8395,0.0241,0.256,-0.1381,0.9568,25.5,0.0005,7.853,1.503,3.51755,281.1,443.5,295.0,421.9,267.1,465.1,795,0.458,8
856,83.52,-20.149,15.719,-0.8372,0.5375,-0.101,-0.5448,-0.8385,0.0104,-0.0791,0.0637,0.9948,25.5,0.0044,22.665,0.795,10.42075,279.3,442.3,293.3,420.8,265.3,463.9,797,0.187,8
857,81.808,-19.052,14.97,-0.6834,0.4367,-0.585,-0.5425,-0.84,0.0039,-0.4897,0.32,0.811,25.5,0.0016,30.008,0.404,13.84866,277.5,441.2,291.4,419.6,263.5,462.8,799,0.546,8
858,80.57,-18.259,13.361,-0.4701,0.3024,-0.8292,-0.5405,-0.8414,-0.0009,-0.6979,0.4477,0.559,25.5,0.0004,20.212,0.309,9.27242,276.2,440.4,290.1,418.8,262.3,462.0,800,0.179,8
859,79.712,-17.705,11.428,-0.327,0.2122,-0.9209,-0.5384,-0.8427,-0.0036,-0.7768,0.4946,0.3898,25.5,0.0006,11.046,0.21,5.04998,275.2,439.8,289.0,418.2,261.4,461.4,801,0.606,8
860,79.097,-17.303,9.371,-0.2314,0.1542,-0.9606,-0.5346,-0.8451,-0.0054,-0.8126,0.5123,0.278,25.5,0.0014,6.806,0.277,3.11461,274.5,439.4,288.2,417.7,260.8,461.1,802,0.723,8
861,78.663,-17.008,7.242,-0.1732,0.1194,-0.9776,-0.5285,-0.8489,-0.0073,-0.8308,0.5154,0.2102,25.5,0.0027,4.027,0.426,1.82736,274.0,439.1,287.5,417.3,260.4,460.8,803,0.555,8
862,78.315,-16.766,5.094,-0.1476,0.1035,-0.9836,-0.5204,-0.8539,-0.0092,-0.8408,0.5105,0.1799,25.5,0.0025,1.85,0.556,0.80395,273.5,438.8,286.9,417.0,260.2,460.6,804,0.168,8
863,78.006,-16.549,2.933,-0.136,0.0957,-0.9861,-0.5105,-0.8598,-0.0111,-0.8489,0.5019,0.1657,25.5,0.0019,1.058,0.669,0.37089,273.1,438.6,286.2,416.6,260.1,460.5,805,0.605,8
864,77.713,-16.344,0.773,-0.1324,0.0925,-0.9869,-0.4994,-0.8663,-0.0131,-0.8561,0.4911,0.1609,25.5,0.0011,0.793,0.746,0.12779,272.7,438.4,285.5,416.2,260.0,460.4,806,1.483,8
865,77.421,-16.141,-1.39,-0.1348,0.0925,-0.9865,-0.4874,-0.873,-0.015,-0.8627,0.4788,0.1628,25.5,0.0003,0.807,0.795,0.06359,272.4,438.1,284.8,415.9,259.9,460.4,806,0.757,8
866,77.118,-15.936,-3.55,-0.1424,0.0954,-0.9852,-0.4749,-0.8799,-0.0169,-0.8685,0.4655,0.1706,25.5,0.0003,0.944,0.825,0.21542,272.0,437.9,284.1,415.5,259.9,460.3,807,0.394,8
867,76.793,-15.721,-5.706,-0.1555,0.1013,-0.9826,-0.4624,-0.8865,-0.0188,-0.873,0.4515,0.1847,25.5,0.0006,1.167,0.817,0.38181,271.6,437.7,283.3,415.1,259.8,460.2,808,1.525,8
868,76.432,-15.49,-7.855,-0.1753,0.1105,-0.9783,-0.4503,-0.8926,-0.0206,-0.8755,0.4369,0.2063,25.5,0.0005,1.501,0.783,0.58178,271.1,437.4,282.6,414.8,259.6,460.1,808,0.685,8
869,76.018,-15.233,-9.99,-0.2045,0.1245,-0.9709,-0.4391,-0.8982,-0.0223,-0.8748,0.4218,0.2383,25.5,0.0004,2.028,0.724,0.86926,270.6,437.1,281.8,414.4,259.4,459.9,809,0.596,8
870,75.571,-14.961,-12.114,-0.2034,0.1239,-0.9712,-0.4291,-0.9029,-0.0238,-0.8799,0.4119,0.2369,25.5,0.0015,0.643,0.639,0.03374,270.1,436.9,281.0,414.0,259.2,459.7,809,1.593,8
871,75.125,-14.69,-14.242,-0.204,0.1238,-0.9711,-0.4203,-0.907,-0.0253,-0.884,0.403,0.2371,25.5,0.002,0.562,0.563,0.01612,269.5,436.6,280.2,413.6,258.9,459.5,810,0.348,8
872,74.675,-14.418,-16.368,-0.2074,0.125,-0.9702,-0.4127,-0.9105,-0.0268,-0.8867,0.3948,0.2404,25.5,0.0022,0.53,0.487,0.09719,269.0,436.3,279.5,413.3,258.5,459.3,811,1.08,8
873,74.214,-14.141,-18.492,-0.2135,0.1273,-0.9686,-0.4061,-0.9134,-0.0283,-0.8883,0.3873,0.2467,25.5,0.0022,0.569,0.422,0.17554,268.5,436.0,278.7,412.9,258.2,459.0,811,1.189,8
874,73.737,-13.859,-20.612,-0.2224,0.1308,-0.9661,-0.4003,-0.9159,-0.0298,-0.8888,0.3801,0.2561,25.5,0.002,0.679,0.372,0.25849,267.9,435.7,278.0,412.6,257.8,458.8,812,0.337,8
875,73.237,-13.567,-22.726,-0.2346,0.1356,-0.9626,-0.3953,-0.918,-0.0315,-0.8879,0.3731,0.2689,25.5,0.0014,0.837,0.326,0.35483,267.3,435.4,277.3,412.3,257.3,458.5,813,1.386,8
876,72.706,-13.263,-24.83,-0.2508,0.1421,-0.9575,-0.3909,-0.9198,-0.0332,-0.8855,0.366,0.2863,25.5,0.0009,1.086,0.289,0.47554,266.7,435.1,276.6,411.9,256.9,458.2,813,0.871,8
877,72.134,-12.943,-26.92,-0.2727,0.151,-0.9502,-0.387,-0.9214,-0.0352,-0.8808,0.3582,0.3097,25.5,0.0001,1.439,0.267,0.64706,266.1,434.8,275.8,411.6,256.3,457.9,814,0.332,9
878,71.506,-12.6,-28.988,-0.3031,0.1632,-0.9389,-0.3836,-0.9228,-0.0373,-0.8725,0.3488,0.3423,25.5,0.0007,2.001,0.243,0.9071,265.4,434.4,275.0,411.2,255.7,457.5,815,1.272,9
879,70.796,-12.223,-31.029,-0.3475,0.181,-0.92,-0.3803,-0.924,-0.0398,-0.8573,0.3361,0.39,25.5,0.0015,2.96,0.247,1.34372,264.6,434.0,274.2,410.8,255.0,457.2,815,0.927,9
880,69.965,-11.8,-33.006,-0.417,0.2087,-0.8846,-0.3772,-0.9252,-0.0425,-0.8273,0.3159,0.4645,25.5,0.0018,4.746,0.245,2.16996,263.7,433.6,273.2,410.4,254.2,456.7,816,0.099,9
881,68.986,-11.315,-34.904,-0.4784,0.234,-0.8464,-0.374,-0.9263,-0.0456,-0.7947,0.2948,0.5307,25.5,0.0008,4.398,0.263,2.00526,262.7,433.1,272.1,409.9,253.3,456.2,817,0.536,9
882,67.865,-10.774,-36.706,-0.5459,0.2603,-0.7964,-0.3709,-0.9274,-0.0488,-0.7513,0.2687,0.6028,25.5,0.0001,5.05,0.263,2.30339,261.5,432.6,270.8,409.4,252.2,455.7,818,0.964,9
883,66.588,-10.174,-38.38,-0.6211,0.2874,-0.7291,-0.3676,-0.9285,-0.0522,-0.692,0.2356,0.6824,25.5,0.0005,5.998,0.279,2.73647,260.2,432.0,269.4,408.8,251.0,455.1,819,1.185,9
884,65.136,-9.514,-39.88,-0.7067,0.3148,-0.6336,-0.3644,-0.9296,-0.0557,-0.6065,0.1915,0.7717,25.5,0.0002,7.526,0.279,3.43429,258.7,431.3,267.9,408.1,249.6,454.5,819,1.015,9
885,63.474,-8.788,-41.099,-0.8149,0.3491,-0.4627,-0.3611,-0.9306,-0.0592,-0.4513,0.1189,0.8844,25.5,0.0032,11.771,0.281,5.38757,257.1,430.6,266.1,407.4,248.0,453.8,820,0.981,9
886,61.588,-7.999,-41.871,-0.8977,0.3663,-0.245,-0.3591,-0.931,-0.0649,-0.2519,0.0298,0.9673,25.5,0.0028,13.415,0.347,6.13754,255.2,429.8,264.2,406.6,246.2,453.0,822,0.92,9
887,59.58,-7.198,-42.2,-0.9301,0.364,-0.049,-0.3599,-0.93,-0.0752,-0.0729,-0.0524,0.996,25.5,0.0001,11.423,0.595,5.21408,253.2,429.0,262.3,405.8,244.2,452.2,823,0.743,9
888,57.539,-6.415,-42.11,-0.9292,0.3494,0.1205,-0.3614,-0.9284,-0.0866,0.0816,-0.124,0.9889,25.5,0.001,9.777,0.665,4.46076,251.2,428.3,260.3,405.1,242.2,451.4,824,0.61,9
889,55.519,-5.672,-41.712,-0.9143,0.3293,0.2358,-0.3589,-0.929,-0.0898,0.1895,-0.1667,0.9676,25.5,0.001,6.764,0.235,3.09001,249.3,427.5,258.3,404.4,240.3,450.7,825,0.543,9
890,53.554,-4.981,-41.039,-0.8821,0.3043,0.3595,-0.35,-0.9333,-0.0801,0.3112,-0.1964,0.9298,25.5,0.0041,7.503,0.794,3.41308,247.4,426.9,256.2,403.6,238.6,450.1,826,0.549,9
891,51.645,-4.33,-40.185,-0.8625,0.2908,0.4141,-0.3427,-0.9366,-0.0724,0.3668,-0.2044,0.9076,25.5,0.0068,3.461,0.637,1.55777,245.5,426.2,254.1,402.9,236.9,449.6,827,0.612,9
892,49.769,-3.703,-39.241,-0.8501,0.2821,0.4448,-0.3479,-0.9335,-0.087,0.3907,-0.2287,0.8917,25.5,0.0063,2.155,0.906,0.89516,243.7,425.6,252.5,402.3,235.0,448.9,828,0.711,9
893,47.915,-3.092,-38.246,-0.8431,0.2757,0.4617,-0.3757,-0.9155,-0.1441,0.383,-0.2949,0.8754,25.5,0.0022,3.932,3.783,0.50675,241.9,425.0,251.4,402.1,232.5,447.8,829,0.836,9
894,46.088,-2.505,-37.195,-0.8164,0.2545,0.5183,-0.4343,-0.8601,-0.2677,0.3777,-0.4436,0.8127,25.5,0.0031,9.262,8.463,1.73024,240.2,424.5,251.2,402.9,229.2,445.9,830,0.978,9
895,44.322,-1.964,-36.017,-0.8132,0.2499,0.5256,-0.5344,-0.6618,-0.5257,0.2165,-0.7084,0.6718,25.5,0.0071,19.606,19.602,0.24075,238.5,423.9,252.2,407.3,224.9,440.3,831,1.098,9
896,42.545,-1.426,-34.855,-0.8121,0.2425,0.5308,-0.4515,-0.8341,-0.3169,0.3659,-0.497,0.7868,25.5,0.0038,16.284,16.277,0.23834,236.7,423.4,248.3,402.4,225.3,444.2,831,1.092,9
897,40.753,-0.895,-33.716,-0.8431,0.2451,0.4786,-0.1843,-0.9688,0.166,0.5043,0.0518,0.862,25.5,0.0026,33.175,33.003,1.59081,235.0,422.9,239.5,398.7,230.5,447.2,832,1.016,9
898,38.907,-0.362,-32.667,-0.8465,0.2436,0.4733,-0.1216,-0.9593,0.2548,0.5161,0.1581,0.8418,25.5,0.0102,6.239,6.255,0.16942,233.2,422.4,236.1,398.4,230.3,446.5,833,1.015,9
899,37.037,0.175,-31.658,-0.8614,0.2468,0.4439,-0.1522,-0.9671,0.2039,0.4797,0.1081,0.8708,25.5,0.0171,3.914,3.433,0.86567,231.4,421.8,235.1,397.7,227.7,446.1,835,0.879,9
900,35.123,0.722,-30.742,-0.8881,0.2534,0.3836,-0.2203,-0.971,0.093,0.3961,-0.0019,0.9182,25.5,0.0147,8.376,7.465,1.7337,229.5,421.3,235.0,397.0,224.0,445.7,836,0.534,9
901,33.125,1.291,-30.061,-0.9445,0.2672,0.1912,-0.2698,-0.9629,0.0077,0.1861,-0.0443,0.9815,25.5,0.001,12.827,5.672,5.27506,227.6,420.7,234.3,396.6,220.8,444.9,837,0.073,9
902,31.027,1.879,-29.903,-0.9613,0.2678,-0.0645,-0.2779,-0.9606,-0.0091,-0.0644,0.0092,0.9979,25.5,0.0105,14.747,1.077,6.74022,225.5,420.2,232.5,396.1,218.5,444.2,838,0.476,9
903,28.967,2.453,-30.346,-0.9094,0.2544,-0.3292,-0.2684,-0.9633,0.0014,-0.3168,0.0897,0.9443,25.5,0.0014,15.534,0.826,7.10685,223.5,419.6,230.2,395.4,216.8,443.7,840,0.581,9
904,27.1,2.976,-31.349,-0.7938,0.2224,-0.5661,-0.2646,-0.9644,0.0002,-0.5459,0.15,0.8243,25.5,0.0046,15.26,0.237,6.98894,221.6,419.1,228.3,394.9,215.0,443.2,841,0.177,9
905,25.452,3.439,-32.712,-0.7105,0.2006,-0.6745,-0.2686,-0.9632,-0.0047,-0.6506,0.1778,0.7383,25.5,0.0008,7.931,0.369,3.62803,220.0,418.6,226.7,394.5,213.3,442.7,842,0.043,9
906,24.002,3.848,-34.3,-0.6267,0.1768,-0.7589,-0.2785,-0.9604,-0.0019,-0.7292,0.2102,0.6512,25.5,0.0062,6.978,0.611,3.17654,218.6,418.2,225.5,394.2,211.6,442.3,843,0.096,9
907,22.668,4.225,-35.998,-0.5958,0.1687,-0.7852,-0.2922,-0.9563,0.0075,-0.7497,0.2339,0.6191,25.5,0.0069,2.57,0.981,1.08196,217.2,417.9,224.5,394.0,209.9,441.8,844,0.142,9
908,21.373,4.593,-37.725,-0.5905,0.1683,-0.7893,-0.3071,-0.9515,0.0205,-0.7475,0.2545,0.6136,25.5,0.005,1.228,1.166,0.17558,215.9,417.5,223.6,393.7,208.3,441.3,845,0.354,9
909,20.068,4.966,-39.444,-0.6041,0.1736,-0.7777,-0.3209,-0.9465,0.0341,-0.7302,0.2702,0.6275,25.5,0.003,1.558,1.146,0.48768,214.6,417.1,222.6,393.5,206.6,440.8,846,0.675,9
910,18.712,5.358,-41.12,-0.6377,0.1853,-0.7476,-0.3313,-0.9424,0.0452,-0.6962,0.2765,0.6624,25.5,0.0029,2.815,0.903,1.21913,213.3,416.8,221.5,393.3,205.0,440.3,847,1.053,9
911,17.274,5.778,-42.717,-0.6607,0.1938,-0.7252,-0.3362,-0.9404,0.051,-0.6721,0.2775,0.6865,25.5,0.0029,1.954,0.45,0.8691,211.9,416.4,220.2,393.0,203.5,439.8,847,1.137,9
912,15.828,6.204,-44.306,-0.6613,0.195,-0.7243,-0.3353,-0.9408,0.0507,-0.6715,0.2764,0.6875,25.5,0.0016,0.092,0.059,0.04226,210.4,415.9,218.8,392.6,202.1,439.4,848,0.769,9
913,14.369,6.635,-45.882,-0.6724,0.1995,-0.7128,-0.3304,-0.9427,0.0464,-0.6627,0.2667,0.6998,25.5,0.001,1.029,0.389,0.43424,209.0,415.5,217.2,392.1,200.8,439.0,849,0.483,9
914,12.873,7.08,-47.42,-0.6949,0.2078,-0.6885,-0.3233,-0.9455,0.0398,-0.6426,0.2503,0.7241,25.5,0.0008,2.037,0.578,0.89282,207.5,415.1,215.6,391.6,199.5,438.6,850,0.307,9
915,11.312,7.55,-48.884,-0.7339,0.2218,-0.642,-0.316,-0.9482,0.033,-0.6014,0.227,0.766,25.5,0.0004,3.623,0.592,1.62916,206.0,414.6,213.8,391.1,198.2,438.2,851,0.213,9
916,9.636,8.06,-50.195,-0.8038,0.2467,-0.5413,-0.3102,-0.9503,0.0278,-0.5075,0.1902,0.8404,25.5,0.0001,7.185,0.462,3.27777,204.4,414.2,212.1,390.6,196.7,437.7,852,0.163,9
917,7.77,8.639,-51.174,-0.8939,0.2803,-0.3499,-0.3078,-0.9511,0.026,-0.3255,0.1309,0.9364,25.5,0.0005,12.293,0.178,5.62475,202.6,413.6,210.2,390.0,194.9,437.2,853,0.146,9
918,5.747,9.28,-51.697,-0.9449,0.303,-0.1239,-0.3083,-0.9509,0.027,-0.1097,0.0638,0.9919,25.5,0.0002,13.364,0.065,6.11785,200.6,413.0,208.2,389.4,192.9,436.6,854,0.093,9
919,3.668,9.955,-51.736,-0.9464,0.3105,0.0893,-0.3093,-0.9505,0.0286,0.0937,-0.0006,0.9956,25.5,0.0001,12.249,0.11,5.60108,198.6,412.3,206.2,388.8,190.9,435.9,855,0.048,9
920,1.643,10.628,-51.268,-0.8937,0.3008,0.3328,-0.3095,-0.9505,0.029,0.325,-0.0771,0.9426,25.5,0.0003,14.322,0.025,6.55623,196.6,411.7,204.3,388.1,188.9,435.2,856,0.087,9
921,-0.226,11.264,-50.328,-0.8127,0.2801,0.5109,-0.3093,-0.9505,0.0289,0.4937,-0.1345,0.8591,25.5,0.0001,11.294,0.012,5.1637,194.8,411.0,202.4,387.5,187.1,434.6,857,0.374,9
922,-1.922,11.854,-49.077,-0.7339,0.2582,0.6283,-0.3092,-0.9505,0.0287,0.6047,-0.1732,0.7774,25.5,0.0005,8.209,0.013,3.74954,193.1,410.5,200.8,386.9,185.5,434.1,858,1.037,9
923,-3.439,12.394,-47.594,-0.6527,0.2345,0.7204,-0.3093,-0.9505,0.0287,0.6915,-0.2041,0.693,25.5,0.0003,7.164,0.005,3.27555,191.6,409.9,199.3,386.3,184.0,433.5,858,1.155,9
924,-4.788,12.883,-45.941,-0.581,0.213,0.7855,-0.3093,-0.9505,0.0287,0.7528,-0.2263,0.6181,25.5,0.0002,5.692,0.0,2.59684,190.3,409.4,198.0,385.8,182.6,433.1,859,0.035,10
925,-5.992,13.329,-44.166,-0.5193,0.1938,0.8323,-0.309,-0.9506,0.0289,0.7968,-0.2422,0.5536,25.5,0.0003,4.567,0.021,2.08775,189.2,409.0,196.8,385.3,181.5,432.7,860,1.796,10
926,-7.077,13.737,-42.308,-0.4744,0.1798,0.8618,-0.3084,-0.9508,0.0292,0.8246,-0.2519,0.5065,25.5,0.0005,3.183,0.04,1.45304,188.1,408.6,195.8,384.9,180.4,432.3,860,0.408,10
927,-8.077,14.118,-40.4,-0.4417,0.1696,0.881,-0.3076,-0.9511,0.0295,0.8429,-0.2579,0.4722,25.5,0.0005,2.254,0.052,1.02809,187.1,408.2,194.8,384.5,179.4,431.9,861,2.079,10
928,-9.017,14.481,-38.453,-0.4165,0.1619,0.8946,-0.3066,-0.9514,0.0299,0.856,-0.2618,0.4459,25.5,0.0004,1.698,0.064,0.77521,186.2,407.8,193.8,384.1,178.5,431.6,861,0.179,10
929,-9.906,14.829,-36.483,-0.3964,0.1558,0.9048,-0.3056,-0.9517,0.0304,0.8658,-0.2645,0.4249,25.5,0.0004,1.337,0.066,0.61105,185.3,407.5,192.9,383.7,177.6,431.3,861,2.314,10
930,-10.756,15.165,-34.491,-0.3799,0.1509,0.9126,-0.3047,-0.952,0.0308,0.8734,-0.2664,0.4076,25.5,0.0002,1.088,0.059,0.4941,184.4,407.1,192.1,383.3,176.8,430.9,862,0.842,10
931,-11.573,15.491,-32.484,-0.366,0.1469,0.9189,-0.3039,-0.9522,0.0312,0.8796,-0.2679,0.3932,25.5,0.0,0.902,0.052,0.41256,183.6,406.8,191.2,383.0,176.0,430.6,862,1.367,10
932,-12.361,15.809,-30.466,-0.3541,0.1436,0.9241,-0.3035,-0.9523,0.0315,0.8846,-0.2693,0.3808,25.5,0.0002,0.77,0.029,0.35059,182.8,406.5,190.5,382.6,175.2,430.3,863,2.396,10
933,-13.125,16.12,-28.437,-0.3438,0.1408,0.9284,-0.3033,-0.9524,0.0317,0.8887,-0.2708,0.3701,25.5,0.0004,0.662,0.017,0.30101,182.1,406.1,189.7,382.2,174.5,430.0,863,0.215,10
934,-13.868,16.426,-26.399,-0.3347,0.1384,0.9321,-0.3037,-0.9522,0.0318,0.892,-0.2725,0.3607,25.5,0.0005,0.579,0.026,0.2645,181.3,405.8,189.0,381.9,173.7,429.7,863,1.988,10
935,-14.586,16.725,-24.352,-0.3192,0.1336,0.9382,-0.3046,-0.952,0.0317,0.8974,-0.2757,0.3446,25.5,0.0002,0.99,0.053,0.45356,180.6,405.5,188.3,381.6,172.9,429.5,864,2.312,10
936,-15.266,17.011,-22.294,-0.3038,0.1286,0.944,-0.3061,-0.9515,0.0315,0.9023,-0.2794,0.3285,25.5,0.0004,0.987,0.091,0.45068,179.9,405.2,187.6,381.2,172.2,429.2,864,0.126,10
937,-15.918,17.288,-20.219,-0.2909,0.1245,0.9486,-0.3081,-0.9509,0.0311,0.9059,-0.2832,0.315,25.5,0.0007,0.83,0.122,0.37364,179.3,404.9,187.0,380.9,171.5,428.9,864,2.067,10
938,-16.543,17.558,-18.136,-0.28,0.1211,0.9523,-0.3106,-0.9501,0.0306,0.9085,-0.2872,0.3037,25.5,0.0011,0.703,0.153,0.31381,178.6,404.6,186.5,380.6,170.8,428.6,865,2.698,10
939,-17.146,17.819,-16.048,-0.2708,0.1183,0.9553,-0.3135,-0.9491,0.03,0.9103,-0.2914,0.2941,25.5,0.0013,0.609,0.179,0.26374,178.0,404.3,185.9,380.4,170.1,428.3,865,0.509,10
940,-17.73,18.076,-13.952,-0.263,0.1159,0.9578,-0.3169,-0.948,0.0293,0.9114,-0.2958,0.286,25.5,0.0015,0.532,0.209,0.22322,177.4,404.1,185.4,380.1,169.4,428.1,865,1.682,10
941,-18.299,18.328,-11.85,-0.2563,0.114,0.9598,-0.3206,-0.9468,0.0285,0.912,-0.3004,0.2792,25.5,0.0016,0.472,0.228,0.18937,176.8,403.8,184.9,379.8,168.7,427.8,866,3.472,10
942,-18.854,18.576,-9.746,-0.2507,0.1124,0.9615,-0.3247,-0.9454,0.0276,0.9121,-0.3053,0.2735,25.5,0.0017,0.431,0.254,0.15868,176.2,403.5,184.5,379.6,168.0,427.5,866,1.282,10
943,-19.398,18.82,-7.639,-0.246,0.1112,0.9629,-0.3291,-0.9439,0.0266,0.9118,-0.3104,0.2688,25.5,0.0016,0.398,0.272,0.13212,175.7,403.3,184.0,379.3,167.3,427.2,866,0.912,10
944,-19.932,19.063,-5.529,-0.2421,0.1103,0.964,-0.3338,-0.9423,0.0255,0.9112,-0.3156,0.2649,25.5,0.0015,0.374,0.291,0.10858,175.1,403.0,183.6,379.1,166.6,427.0,866,3.101,10
945,-20.459,19.304,-3.416,-0.2389,0.1096,0.9648,-0.3387,-0.9406,0.0244,0.9102,-0.321,0.2618,25.5,0.0014,0.361,0.304,0.08817,174.6,402.7,183.2,378.8,165.9,426.7,867,2.367,10
946,-20.979,19.543,-1.301,-0.2364,0.1091,0.9655,-0.3439,-0.9387,0.0232,0.9089,-0.3265,0.2594,25.5,0.0013,0.352,0.325,0.06914,174.0,402.5,182.8,378.6,165.3,426.4,867,0.216,10
947,-21.495,19.782,0.815,-0.2345,0.109,0.966,-0.3492,-0.9368,0.0219,0.9073,-0.3321,0.2577,25.5,0.0009,0.348,0.331,0.05144,173.5,402.2,182.4,378.3,164.6,426.1,867,2.023,10
948,-22.007,20.021,2.931,-0.2332,0.109,0.9663,-0.3546,-0.9348,0.0207,0.9055,-0.3378,0.2566,25.5,0.0008,0.348,0.337,0.03489,173.0,401.9,182.0,378.1,163.9,425.8,868,3.677,10
949,-22.517,20.26,5.048,-0.2325,0.1092,0.9664,-0.3601,-0.9327,0.0194,0.9035,-0.3435,0.2562,25.5,0.0006,0.347,0.345,0.01919,172.4,401.7,181.6,377.8,163.2,425.5,868,1.491,10
950,-23.026,20.5,7.165,-0.2323,0.1097,0.9664,-0.3657,-0.9306,0.0181,0.9013,-0.3492,0.2563,25.5,0.0004,0.35,0.351,0.01408,171.9,401.4,181.2,377.6,162.5,425.2,868,0.719,10
951,-23.536,20.741,9.282,-0.2327,0.1104,0.9663,-0.3713,-0.9283,0.0169,0.8989,-0.3549,0.257,25.5,0.0002,0.357,0.354,0.02116,171.3,401.2,180.9,377.4,161.8,424.9,868,2.9,10
952,-24.046,20.984,11.398,-0.2337,0.1113,0.9659,-0.3769,-0.9261,0.0156,0.8963,-0.3605,0.2584,25.5,0.0001,0.363,0.353,0.03668,170.8,400.9,180.5,377.1,161.1,424.6,869,2.946,10
953,-24.56,21.229,13.514,-0.2352,0.1125,0.9654,-0.3825,-0.9238,0.0144,0.8935,-0.3659,0.2603,25.5,0.0001,0.365,0.354,0.05192,170.3,400.6,180.1,376.9,160.4,424.3,869,0.756,10
954,-25.077,21.476,15.628,-0.2373,0.1139,0.9648,-0.388,-0.9216,0.0132,0.8906,-0.3712,0.2628,25.5,0.0002,0.375,0.346,0.06783,169.7,400.3,179.7,376.6,159.7,424.0,869,1.436,10
955,-25.59,21.724,17.739,-0.2308,0.1118,0.9666,-0.3934,-0.9193,0.012,0.8899,-0.3775,0.2562,25.5,0.0004,0.524,0.343,0.18504,169.2,400.1,179.3,376.4,159.0,423.7,869,3.623,10
956,-26.088,21.966,19.858,-0.2245,0.1097,0.9683,-0.3987,-0.917,0.0109,0.8891,-0.3836,0.2496,25.5,0.0005,0.517,0.337,0.17931,168.6,399.8,178.9,376.2,158.3,423.4,870,2.29,10
957,-26.574,22.204,21.98,-0.2193,0.108,0.9697,-0.4039,-0.9148,0.0098,0.8881,-0.3895,0.2442,25.5,0.0007,0.462,0.33,0.14774,168.1,399.5,178.5,375.9,157.7,423.1,870,0.133,10
958,-27.049,22.439,24.106,-0.2149,0.1067,0.9708,-0.4089,-0.9126,0.0088,0.8868,-0.395,0.2398,25.5,0.001,0.41,0.318,0.12342,167.6,399.3,178.2,375.7,157.0,422.8,870,2.093,10
959,-27.516,22.672,26.233,-0.2114,0.1057,0.9717,-0.4137,-0.9104,0.0078,0.8854,-0.4003,0.2361,25.5,0.0012,0.379,0.308,0.09808,167.1,399.0,177.8,375.4,156.4,422.6,871,3.812,10
960,-27.976,22.902,28.362,-0.2085,0.1049,0.9724,-0.4184,-0.9082,0.0069,0.8839,-0.4054,0.2333,25.5,0.0013,0.344,0.302,0.08078,166.6,398.7,177.4,375.2,155.7,422.3,871,1.623,10
961,-28.43,23.132,30.493,-0.2062,0.1044,0.9729,-0.4229,-0.9062,0.0061,0.8823,-0.4102,0.231,25.5,0.0015,0.318,0.286,0.06291,166.1,398.5,177.1,375.0,155.1,422.0,871,0.58,10
962,-28.88,23.36,32.626,-0.2046,0.1041,0.9733,-0.4272,-0.9042,0.0053,0.8806,-0.4147,0.2294,25.5,0.0016,0.29,0.276,0.04382,165.6,398.2,176.7,374.7,154.5,421.7,871,2.764,10
963,-29.327,23.588,34.759,-0.2034,0.104,0.9736,-0.4313,-0.9022,0.0046,0.8788,-0.4189,0.2284,25.5,0.0016,0.268,0.264,0.03243,165.1,397.9,176.3,374.5,153.9,421.4,872,3.046,10
964,-29.772,23.816,36.892,-0.2028,0.1042,0.9737,-0.4352,-0.9003,0.0039,0.8771,-0.4229,0.2279,25.5,0.0018,0.251,0.252,0.01674,164.6,397.7,175.9,374.2,153.3,421.1,872,0.857,10
965,-30.216,24.045,39.025,-0.2026,0.1045,0.9737,-0.4388,-0.8986,0.0033,0.8753,-0.4266,0.2279,25.5,0.0018,0.236,0.231,0.00943,164.1,397.4,175.6,374.0,152.7,420.8,872,1.337,10
966,-30.66,24.274,41.158,-0.2029,0.1051,0.9735,-0.4422,-0.8969,0.0028,0.8735,-0.4299,0.2285,25.5,0.0018,0.218,0.22,0.01822,163.6,397.2,175.2,373.8,152.1,420.6,872,3.527,10
967,-31.105,24.505,43.29,-0.2038,0.1059,0.9733,-0.4454,-0.8953,0.0023,0.8717,-0.433,0.2296,25.5,0.0018,0.215,0.207,0.03186,163.1,396.9,174.8,373.5,151.5,420.3,873,2.11,10
968,-31.553,24.738,45.423,-0.2052,0.1069,0.9729,-0.4482,-0.8939,0.0019,0.8699,-0.4357,0.2313,25.5,0.0017,0.21,0.181,0.04618,162.6,396.6,174.4,373.2,150.9,420.0,873,0.083,10
969,-32.005,24.974,47.554,-0.2071,0.1082,0.9723,-0.4509,-0.8926,0.0016,0.8681,-0.438,0.2336,25.5,0.0016,0.213,0.173,0.06219,162.1,396.3,173.9,373.0,150.3,419.7,873,2.273,10
970,-32.461,25.213,49.684,-0.2096,0.1097,0.9716,-0.4532,-0.8914,0.0014,0.8663,-0.44,0.2365,25.5,0.0014,0.227,0.149,0.07839,161.6,396.1,173.5,372.7,149.7,419.4,874,3.113,10
971,-32.924,25.455,51.812,-0.2128,0.1115,0.9707,-0.4552,-0.8904,0.0012,0.8645,-0.4416,0.2402,25.5,0.0012,0.253,0.129,0.09885,161.1,395.8,173.1,372.4,149.1,419.2,874,0.924,10
972,-33.394,25.702,53.938,-0.2167,0.1137,0.9696,-0.4569,-0.8895,0.0011,0.8626,-0.4428,0.2447,25.5,0.0011,0.288,0.11,0.12057,160.6,395.5,172.6,372.1,148.6,418.9,874,1.273,10
973,-33.874,25.954,56.061,-0.2214,0.1163,0.9682,-0.4583,-0.8888,0.0011,0.8607,-0.4435,0.2501,25.5,0.0008,0.33,0.09,0.14516,160.0,395.2,172.1,371.8,148.0,418.6,874,3.462,10
974,-34.365,26.212,58.181,-0.2272,0.1193,0.9665,-0.4593,-0.8883,0.0012,0.8587,-0.4437,0.2566,25.5,0.0005,0.39,0.064,0.17646,159.5,394.9,171.6,371.5,147.4,418.3,875,1.597,10
975,-34.87,26.477,60.296,-0.2342,0.1229,0.9644,-0.46,-0.8879,0.0013,0.8565,-0.4433,0.2645,25.5,0.0001,0.47,0.047,0.21304,158.9,394.6,171.1,371.2,146.8,418.0,875,0.606,10
976,-35.392,26.751,62.407,-0.2426,0.1273,0.9618,-0.4603,-0.8877,0.0016,0.854,-0.4423,0.2739,25.5,0.0002,0.56,0.027,0.25707,158.3,394.3,170.5,370.8,146.2,417.7,875,2.79,10
977,-35.935,27.035,64.511,-0.2528,0.1324,0.9584,-0.4603,-0.8878,0.0019,0.8511,-0.4406,0.2854,25.5,0.0006,0.686,0.017,0.31111,157.7,394.0,169.9,370.5,145.6,417.4,876,1.856,10
978,-36.502,27.332,66.606,-0.2655,0.1388,0.9541,-0.4598,-0.888,0.0024,0.8475,-0.4381,0.2996,25.5,0.0011,0.852,0.042,0.38849,157.1,393.6,169.3,370.1,144.9,417.1,876,0.339,10
979,-37.1,27.644,68.689,-0.2814,0.1467,0.9483,-0.459,-0.8884,0.0029,0.8429,-0.4344,0.3173,25.5,0.0016,1.069,0.059,0.48879,156.4,393.3,168.6,369.7,144.3,416.8,876,2.525,10
980,-37.725,27.97,70.754,-0.2891,0.1513,0.9453,-0.4577,-0.8891,0.0035,0.841,-0.4317,0.3263,25.5,0.0011,0.549,0.091,0.24834,155.7,392.9,167.9,369.3,143.6,416.5,877,1.641,10
981,-38.364,28.306,72.822,-0.2943,0.1548,0.9431,-0.4561,-0.8899,0.0042,0.84,-0.4289,0.3325,25.5,0.0004,0.394,0.11,0.17376,155.0,392.5,167.1,368.9,142.9,416.1,877,0.566,10
982,-39.016,28.649,74.885,-0.3008,0.1589,0.9404,-0.4541,-0.8909,0.0051,0.8386,-0.4255,0.3402,25.5,0.0002,0.489,0.138,0.21307,154.3,392.1,166.4,368.4,142.2,415.8,877,2.747,10
983,-39.683,29.002,76.941,-0.309,0.1637,0.9369,-0.4519,-0.892,0.0061,0.8367,-0.4215,0.3496,25.5,0.0007,0.595,0.152,0.26491,153.5,391.7,165.6,367.9,141.5,415.5,878,0.872,10
984,-40.37,29.366,78.988,-0.3192,0.1693,0.9324,-0.4495,-0.8932,0.0072,0.8341,-0.4168,0.3612,25.5,0.001,0.732,0.166,0.32637,152.8,391.3,164.8,367.5,140.8,415.1,878,1.367,10
985,-41.083,29.745,81.025,-0.3321,0.1761,0.9267,-0.447,-0.8945,0.0085,0.8304,-0.4114,0.3758,25.5,0.0012,0.917,0.178,0.40951,152.0,390.9,163.9,367.0,140.0,414.7,879,1.619,10
986,-41.828,30.14,83.048,-0.3486,0.1846,0.9189,-0.4444,-0.8958,0.0101,0.825,-0.4049,0.3943,25.5,0.0012,1.165,0.19,0.5263,151.1,390.4,163.0,366.5,139.3,414.3,879,0.647,10
987,-42.615,30.556,85.051,-0.3703,0.1954,0.9081,-0.4418,-0.897,0.0118,0.8169,-0.3969,0.4185,25.5,0.001,1.532,0.191,0.69362,150.3,389.9,162.1,365.9,138.4,413.9,880,1.656,10
988,-43.457,30.998,87.023,-0.4,0.2099,0.8921,-0.4393,-0.8983,0.0137,0.8042,-0.3864,0.4515,25.5,0.0006,2.114,0.195,0.96114,149.3,389.4,161.1,365.4,137.6,413.5,880,0.587,10
989,-44.378,31.48,88.953,-0.4435,0.2305,0.8661,-0.4369,-0.8994,0.0158,0.7826,-0.3713,0.4996,25.5,0.0001,3.143,0.193,1.42992,148.3,388.9,160.0,364.8,136.6,413.0,881,0.958,10
990,-45.419,32.017,90.803,-0.5132,0.2631,0.817,-0.4346,-0.9004,0.0182,0.7404,-0.3457,0.5764,25.5,0.001,5.233,0.199,2.38877,147.2,388.3,158.8,364.1,135.5,412.5,881,1.246,10
991,-46.644,32.643,92.5,-0.6099,0.3104,0.7292,-0.4326,-0.9013,0.0209,0.6637,-0.3027,0.684,25.5,0.0007,7.968,0.199,3.6465,145.8,387.6,157.5,363.4,134.2,411.8,882,0.386,10
992,-48.1,33.38,93.957,-0.7208,0.3623,0.5909,-0.431,-0.9021,0.0239,0.5417,-0.2374,0.8064,25.5,0.002,10.6,0.2,4.84581,144.2,386.8,155.9,362.5,132.6,411.0,883,0.075,10
993,-49.798,34.223,95.044,-0.8299,0.4072,0.3815,-0.4296,-0.9026,0.0274,0.3555,-0.1411,0.924,25.5,0.0006,13.805,0.218,6.31643,142.4,385.9,154.0,361.6,130.8,410.2,884,0.163,10
994,-51.723,35.155,95.441,-0.9025,0.4307,-0.006,-0.429,-0.9027,0.0317,0.0082,0.0312,0.9995,25.5,0.0018,22.78,0.249,10.47184,140.4,384.9,152.0,360.6,128.8,409.2,885,0.507,10
995,-53.676,36.076,95.124,-0.8675,0.4034,-0.2911,-0.4301,-0.902,0.0376,-0.2474,0.1578,0.956,25.5,0.0017,16.589,0.346,7.60083,138.3,383.9,149.9,359.7,126.7,408.2,887,0.823,10
996,-55.489,36.903,94.228,-0.784,0.3507,-0.5122,-0.4316,-0.901,0.0438,-0.4461,0.2554,0.8578,25.5,0.0,13.91,0.37,6.3656,136.4,383.1,148.1,358.9,124.8,407.3,888,0.524,10
997,-57.11,37.618,92.943,-0.707,0.3079,-0.6367,-0.4332,-0.8999,0.0503,-0.5575,0.3114,0.7696,25.5,0.0028,8.759,0.389,3.99596,134.8,382.3,146.5,358.2,123.1,406.5,889,0.369,10
998,-58.615,38.266,91.49,-0.6705,0.2861,-0.6846,-0.4424,-0.8945,0.064,-0.5941,0.3458,0.7263,25.5,0.0031,3.8,0.995,1.6757,133.2,381.7,145.2,357.7,121.3,405.7,890,0.341,10
999,-60.06,38.876,89.96,-0.6516,0.271,-0.7085,-0.4672,-0.8793,0.0924,-0.598,0.3912,0.6996,25.5,0.0007,3.026,2.329,0.88945,131.8,381.1,144.4,357.6,119.1,404.7,891,0.412,10
1000,-61.42,39.429,88.337,-0.5964,0.2373,-0.7669,-0.4963,-0.8591,0.125,-0.6292,0.4551,0.6301,25.5,0.0037,5.699,2.759,2.2812,130.4,380.5,143.8,357.6,117.0,403.5,892,0.558,10
1001,-62.699,39.93,86.63,-0.5777,0.2236,-0.7851,-0.456,-0.8854,0.0897,-0.6751,0.4098,0.6135,25.5,0.005,3.816,3.42,0.77082,129.1,380.1,141.4,356.4,116.8,403.7,893,0.716,10
1002,-63.968,40.419,84.914,-0.5693,0.2157,-0.7933,-0.2234,-0.9685,-0.1103,-0.7921,0.1145,0.5996,25.5,0.0058,18.293,18.287,0.37019,127.9,379.6,133.7,353.5,122.0,405.5,894,0.84,10
1003,-65.283,40.894,83.228,-0.6077,0.2151,-0.7645,0.0172,-0.9575,-0.2879,-0.7939,-0.1881,0.5782,25.5,0.0037,17.449,17.21,1.25625,126.6,379.1,125.8,353.2,127.3,404.8,895,0.879,10
1004,-66.625,41.364,81.562,-0.6227,0.2157,-0.7521,-0.0043,-0.9637,-0.2669,-0.7824,-0.163,0.6011,25.5,0.0045,2.055,1.758,0.50928,125.2,378.7,125.0,352.7,125.4,404.5,896,0.783,10
1005,-68.033,41.844,79.953,-0.6688,0.224,-0.7089,-0.1504,-0.9769,-0.1518,-0.7266,0.0051,0.6871,25.5,0.0106,11.299,10.699,1.66652,123.8,378.2,127.7,352.0,120.0,404.3,897,0.512,10
1006,-69.619,42.357,78.54,-0.7949,0.2458,-0.5547,-0.2619,-0.9634,-0.0579,-0.5486,0.0992,0.8302,25.5,0.0035,14.189,8.395,5.26232,122.2,377.7,129.1,352.0,115.3,403.4,898,0.051,10
1007,-71.492,42.912,77.567,-0.9206,0.2606,-0.2908,-0.2625,-0.9633,-0.0565,-0.2949,0.0243,0.9552,25.5,0.0071,16.824,0.087,7.71045,120.3,377.2,127.2,351.4,113.4,402.8,899,0.652,10
1008,-73.565,43.461,77.623,-0.9114,0.2232,0.3458,-0.2562,-0.9644,-0.0649,0.319,-0.1477,0.9362,25.5,0.0042,37.194,0.605,17.33738,118.1,376.6,124.9,350.8,111.4,402.3,901,0.182,10
1009,-75.427,43.896,78.675,-0.7834,0.1722,0.5972,-0.2647,-0.9617,-0.0714,0.562,-0.214,0.799,25.5,0.0009,16.49,0.632,7.55275,116.1,376.1,123.1,350.4,109.2,401.8,903,0.687,10
1010,-77.019,44.219,80.139,-0.6694,0.1247,0.7324,-0.2657,-0.9607,-0.0808,0.6935,-0.2487,0.6762,25.5,0.0011,10.513,0.545,4.80401,114.4,375.7,121.4,350.0,107.4,401.4,904,0.379,10
1011,-78.402,44.462,81.82,-0.6035,0.1005,0.791,-0.2614,-0.9613,-0.0868,0.7517,-0.2592,0.6065,25.5,0.0075,5.239,0.424,2.39292,112.9,375.4,119.7,349.6,106.0,401.1,905,0.323,10
1012,-79.689,44.668,83.581,-0.5746,0.0881,0.8136,-0.2767,-0.9554,-0.1035,0.7682,-0.2846,0.5734,25.5,0.0094,2.571,1.341,1.01305,111.4,375.2,118.7,349.5,104.2,400.7,906,0.499,10
1013,-80.931,44.85,85.377,-0.5612,0.0785,0.8239,-0.3388,-0.9292,-0.1479,0.754,-0.3621,0.5481,25.5,0.0047,4.743,4.625,0.50826,110.0,374.9,118.9,349.9,101.2,399.8,907,0.887,10
1014,-82.137,45.005,87.198,-0.5307,0.0602,0.8454,-0.4708,-0.85,-0.2361,0.7044,-0.5234,0.4794,25.5,0.0009,10.454,10.179,1.08774,108.7,374.7,121.0,351.7,96.4,397.6,907,1.302,10
1015,-83.264,45.117,89.072,-0.5042,0.0443,0.8624,-0.609,-0.7211,-0.3304,0.6073,-0.6919,0.3906,25.5,0.0098,12.273,12.124,0.92279,107.4,374.5,123.4,354.9,91.6,394.0,908,0.722,10
1016,-84.376,45.209,90.957,-0.5122,0.0398,0.8579,-0.6532,-0.6637,-0.3645,0.5549,-0.7471,0.366,25.5,0.0046,4.584,4.589,0.26744,106.1,374.4,123.3,356.2,89.2,392.4,909,0.013,10
1017,-85.49,45.284,92.842,-0.5064,0.0294,0.8618,-0.5635,-0.765,-0.3118,0.6501,-0.6435,0.404,25.5,0.0058,8.358,8.327,0.32774,104.9,374.3,119.7,353.4,90.2,394.9,910,0.871,10
1018,-86.601,45.343,94.728,-0.5079,0.0236,0.8611,-0.2875,-0.9462,-0.1487,0.8112,-0.3231,0.4873,25.5,0.0044,21.216,21.22,0.15778,103.6,374.1,111.1,348.5,96.1,399.7,910,1.319,10
1019,-87.716,45.384,96.613,-0.5068,0.0177,0.8619,0.105,-0.9913,0.0791,0.8558,0.1306,0.5005,25.5,0.0026,26.364,26.362,0.15838,102.3,374.0,99.6,347.4,105.0,400.7,911,0.372,11
1020,-88.842,45.404,98.491,-0.5269,-0.0025,0.8499,0.3725,-0.898,0.2341,0.7626,0.4399,0.4742,25.5,0.0049,18.653,18.584,0.80899,101.0,374.0,91.3,350.0,110.8,398.1,912,0.629,11
1021,-89.981,45.398,100.36,-0.5159,-0.0024,0.8567,0.5014,-0.8088,0.3073,0.6922,0.588,0.4185,25.5,0.0065,9.935,9.925,0.33851,99.7,373.9,86.7,352.4,112.9,395.6,912,1.56,11
1022,-91.118,45.387,102.234,-0.5236,-0.0085,0.8519,0.5321,-0.7828,0.3227,0.6641,0.6223,0.4144,25.5,0.003,2.552,2.468,0.28589,98.4,373.9,84.5,353.0,112.4,394.9,913,0.542,11
1023,-92.284,45.358,104.089,-0.5422,-0.0192,0.8401,0.5048,-0.8081,0.3037,0.673,0.5887,0.4478,25.5,0.003,2.762,2.394,0.64032,97.0,373.9,83.9,352.3,110.3,395.6,914,0.464,11
1024,-93.501,45.299,105.909,-0.5709,-0.035,0.8202,0.4431,-0.8567,0.264,0.6935,0.5143,0.5046,25.5,0.0064,5.492,5.044,1.00262,95.7,373.9,84.1,350.9,107.3,397.0,915,1.416,11
1025,-94.795,45.198,107.672,-0.6128,-0.0583,0.7881,0.3739,-0.9012,0.2194,0.6974,0.4291,0.574,25.5,0.0037,6.303,5.364,1.51042,94.2,373.9,84.4,349.7,104.0,398.3,915,0.773,11
1026,-96.148,45.061,109.39,-0.6226,-0.0675,0.7796,0.3245,-0.9274,0.186,0.7105,0.3688,0.5994,25.5,0.0056,3.824,3.732,0.41587,92.6,374.0,84.1,349.0,101.2,399.1,916,0.137,11
1027,-97.526,44.902,111.084,-0.6372,-0.0772,0.7668,0.2978,-0.9401,0.1661,0.7081,0.3342,0.622,25.5,0.0102,2.372,2.042,0.56786,91.1,374.1,83.2,348.8,98.9,399.6,917,0.869,11
1028,-98.943,44.721,112.746,-0.657,-0.0886,0.7487,0.2891,-0.9443,0.1573,0.6931,0.3198,0.6461,25.5,0.0115,1.824,0.749,0.76229,89.4,374.3,81.8,348.8,97.1,399.9,917,1.347,11
1029,-100.41,44.512,114.359,-0.6841,-0.1031,0.7221,0.2927,-0.9432,0.1569,0.665,0.3187,0.6754,25.5,0.0103,2.327,0.217,1.06332,87.8,374.5,80.1,349.0,95.5,400.1,918,0.731,11
1030,-101.949,44.265,115.899,-0.7227,-0.1234,0.68,0.3031,-0.939,0.1623,0.6186,0.3234,0.7161,25.5,0.0072,3.547,0.713,1.58534,86.0,374.7,78.1,349.3,94.0,400.2,919,0.267,11
1031,-103.592,43.963,117.314,-0.7824,-0.1555,0.6031,0.3147,-0.9337,0.1705,0.5366,0.3232,0.7795,25.5,0.0018,5.941,0.869,2.68419,84.2,375.0,75.9,349.7,92.5,400.4,920,0.06,11
1032,-105.38,43.58,118.516,-0.8466,-0.1926,0.4961,0.3222,-0.9295,0.1793,0.4266,0.3117,0.849,25.5,0.0048,7.49,0.705,3.41117,82.2,375.3,73.7,350.2,90.7,400.7,921,0.195,11
1033,-107.293,43.117,119.474,-0.8973,-0.231,0.3762,0.3252,-0.9267,0.1886,0.305,0.2915,0.9066,25.5,0.0068,7.802,0.582,3.55555,80.1,375.8,71.5,350.7,88.7,401.1,922,0.205,11
1034,-109.297,42.568,120.161,-0.9291,-0.2696,0.2531,0.3254,-0.9243,0.1995,0.1801,0.2678,0.9465,25.5,0.0026,7.64,0.64,3.48104,77.9,376.4,69.4,351.3,86.4,401.6,923,0.119,11
1035,-111.35,41.94,120.588,-0.9443,-0.3022,0.1304,0.3245,-0.9215,0.2134,0.0556,0.2439,0.9682,25.5,0.0001,7.374,0.814,3.34903,75.7,377.0,67.2,352.1,84.2,402.2,924,0.047,11
1036,-113.421,41.245,120.721,-0.9431,-0.3323,-0.0087,0.3235,-0.9179,0.2299,-0.0843,0.214,0.9732,25.5,0.0021,8.209,0.969,3.72937,73.4,377.8,65.0,352.9,81.9,402.8,925,0.226,11
1037,-115.467,40.485,120.559,-0.9224,-0.3617,-0.1358,0.3224,-0.9139,0.2466,-0.2133,0.1836,0.9596,25.5,0.0003,7.639,0.986,3.46039,71.2,378.6,62.9,353.9,79.6,403.5,926,0.418,11
1038,-117.453,39.665,120.141,-0.8911,-0.3832,-0.2431,0.3212,-0.9103,0.2613,-0.3214,0.1548,0.9342,25.5,0.0009,6.576,0.87,2.98063,69.1,379.5,60.9,354.9,77.5,404.3,927,0.601,11
1039,-119.367,38.812,119.506,-0.8555,-0.3955,-0.3341,0.3193,-0.9073,0.2736,-0.4114,0.1274,0.9025,25.5,0.0057,5.69,0.734,2.57817,67.1,380.4,59.0,355.9,75.4,405.1,928,0.758,11
1040,-121.198,37.934,118.688,-0.8158,-0.4066,-0.4112,0.3152,-0.9053,0.2849,-0.4881,0.1029,0.8667,25.5,0.0062,5.05,0.698,2.28863,65.2,381.4,57.2,357.0,73.3,406.0,929,0.881,11
1041,-122.939,37.032,117.713,-0.7737,-0.4168,-0.4772,0.3073,-0.9041,0.2968,-0.5551,0.083,0.8276,25.5,0.0026,4.59,0.821,2.06599,63.5,382.4,55.7,358.0,71.3,407.0,930,0.967,11
1042,-124.584,36.109,116.602,-0.7248,-0.4255,-0.5418,0.294,-0.9039,0.3107,-0.6219,0.0659,0.7803,25.5,0.0032,4.792,1.102,2.13347,61.8,383.4,54.4,359.0,69.2,408.0,931,1.016,11
1043,-126.117,35.172,115.35,-0.6787,-0.429,-0.5961,0.276,-0.904,0.3264,-0.679,0.0569,0.732,25.5,0.0059,4.317,1.369,1.86628,60.2,384.4,53.4,360.1,67.1,409.0,932,1.037,11
1044,-127.568,34.231,114.005,-0.6474,-0.4301,-0.6292,0.2578,-0.9041,0.3409,-0.7155,0.0585,0.6962,25.5,0.0075,2.931,1.333,1.19185,58.8,385.5,52.5,361.2,65.2,410.0,933,1.04,11
1045,-128.96,33.288,112.6,-0.6239,-0.4306,-0.6522,0.2441,-0.9039,0.3512,-0.7408,0.0599,0.6691,25.5,0.0079,2.126,0.982,0.8601,57.4,386.5,51.6,362.2,63.4,411.0,934,1.029,11
1046,-130.305,32.344,111.151,-0.6049,-0.4308,-0.6697,0.2399,-0.9037,0.3547,-0.758,0.0539,0.65,25.5,0.0067,1.512,0.313,0.67555,56.1,387.5,50.4,363.3,61.9,412.0,935,1.009,11
1047,-131.612,31.4,109.668,-0.5884,-0.4311,-0.6841,0.2501,-0.9034,0.3484,-0.7682,0.0339,0.6393,25.5,0.004,1.425,0.687,0.57295,54.8,388.6,48.8,364.3,60.9,413.0,936,0.987,11
1048,-132.884,30.455,108.154,-0.5725,-0.4315,-0.6971,0.2794,-0.9021,0.3289,-0.7708,-0.0065,0.637,25.5,0.0,2.323,2.018,0.53691,53.6,389.6,46.8,365.4,60.5,414.0,937,0.981,11
1049,-134.115,29.507,106.611,-0.5458,-0.4363,-0.7154,0.3323,-0.8969,0.2919,-0.769,-0.0784,0.6345,25.5,0.0011,4.124,3.711,0.85658,52.4,390.6,44.1,366.6,60.9,414.9,938,1.004,11
1050,-135.26,28.546,105.012,-0.5,-0.4396,-0.7462,0.4051,-0.8828,0.2377,-0.7633,-0.1834,0.6195,25.5,0.0082,6.089,5.264,1.44718,51.4,391.7,40.9,368.0,61.8,415.6,940,0.992,11
1051,-136.307,27.593,103.341,-0.4578,-0.4274,-0.7796,0.4841,-0.8574,0.1749,-0.7432,-0.2973,0.5994,25.5,0.0085,6.73,5.965,1.44387,50.4,392.7,37.7,369.7,63.1,415.9,941,0.791,11
1052,-137.28,26.684,101.602,-0.435,-0.4011,-0.8061,0.5565,-0.8229,0.1141,-0.7092,-0.399,0.5812,25.5,0.004,6.235,5.769,1.14452,49.5,393.7,34.7,371.6,64.3,415.9,942,0.528,11
1053,-138.219,25.805,99.829,-0.4183,-0.4029,-0.8141,0.615,-0.7859,0.0646,-0.6658,-0.4736,0.5765,25.5,0.0068,4.954,4.877,0.48664,48.7,394.7,32.2,373.5,65.1,415.9,943,0.221,11
1054,-139.098,24.946,98.017,-0.3814,-0.3762,-0.8444,0.6606,-0.7503,0.0268,-0.6437,-0.5476,0.5346,25.5,0.0077,5.036,3.96,1.43162,47.9,395.6,30.1,375.4,65.7,415.8,944,0.108,11
1055,-139.882,24.177,96.122,-0.3346,-0.3227,-0.8854,0.6959,-0.7181,-0.0016,-0.6353,-0.6167,0.4648,25.5,0.0003,5.65,3.185,2.14782,47.2,396.5,28.5,377.1,66.0,415.8,945,0.429,11
1056,-140.565,23.536,94.145,-0.2906,-0.2644,-0.9196,0.7227,-0.6907,-0.0229,-0.6292,-0.6713,0.3918,25.5,0.0063,5.237,2.513,2.11209,46.7,397.2,27.2,378.6,66.2,415.8,946,0.716,11
1057,-141.158,23.007,92.104,-0.2529,-0.2214,-0.9418,0.7421,-0.6692,-0.0386,-0.6217,-0.7086,0.3336,25.5,0.0032,3.985,1.887,1.60515,46.2,397.8,26.2,379.7,66.2,415.7,947,0.951,11
1058,-141.682,22.556,90.026,-0.2274,-0.1926,-0.9546,0.7554,-0.6534,-0.0495,-0.6142,-0.7323,0.294,25.5,0.0013,2.679,1.338,1.06043,45.9,398.3,25.5,380.7,66.2,415.8,949,1.08,11
1059,-142.16,22.157,87.926,-0.2097,-0.1729,-0.9624,0.764,-0.6428,-0.0564,-0.6088,-0.7471,0.2669,25.5,0.0052,1.796,0.876,0.7222,45.5,398.7,24.9,381.4,66.1,415.9,949,1.147,11
1060,-142.605,21.793,85.811,-0.1974,-0.1595,-0.9673,0.7691,-0.6362,-0.0601,-0.6059,-0.7558,0.2483,25.5,0.0078,1.188,0.523,0.49261,45.3,399.1,24.5,382.0,66.0,416.2,950,1.048,11
1061,-143.028,21.454,83.688,-0.1892,-0.1507,-0.9703,0.7718,-0.6329,-0.0612,-0.6049,-0.7605,0.2361,25.5,0.0087,0.751,0.252,0.32417,45.0,399.5,24.2,382.5,65.8,416.4,951,0.78,11
1062,-143.436,21.131,81.561,-0.1842,-0.1456,-0.9721,0.7729,-0.6316,-0.0605,-0.6052,-0.7625,0.2288,25.5,0.0084,0.434,0.105,0.19271,44.8,399.9,24.0,383.0,65.5,416.7,952,0.336,11
1063,-143.836,20.814,79.43,-0.1817,-0.1434,-0.9728,0.7734,-0.6312,-0.0586,-0.6057,-0.7631,0.2256,25.5,0.007,0.189,0.115,0.08894,44.5,400.2,23.7,383.4,65.3,417.1,953,0.447,11
1064,-144.234,20.5,77.3,-0.1815,-0.1438,-0.9728,0.7741,-0.6306,-0.0564,-0.6053,-0.7633,0.2258,25.5,0.005,0.028,0.137,0.01169,44.3,400.6,23.5,383.7,65.0,417.4,954,1.37,11
1065,-144.631,20.185,75.172,-0.1796,-0.1413,-0.9736,0.7758,-0.6286,-0.0546,-0.6043,-0.7651,0.2225,25.5,0.0026,0.223,0.182,0.08487,44.1,400.9,23.3,384.2,64.8,417.7,954,0.817,11
1066,-145.016,19.888,73.036,-0.1718,-0.1305,-0.9764,0.7791,-0.6246,-0.0535,-0.6029,-0.7699,0.209,25.5,0.0001,0.825,0.304,0.35595,43.8,401.3,23.0,384.6,64.7,417.9,955,0.413,11
1067,-145.386,19.611,70.892,-0.1658,-0.1225,-0.9785,0.7838,-0.6187,-0.0531,-0.5989,-0.7758,0.1986,25.5,0.0022,0.722,0.433,0.2669,43.7,401.6,22.7,385.1,64.6,418.0,955,1.802,11
1068,-145.743,19.35,68.749,-0.1611,-0.1166,-0.98,0.7899,-0.6109,-0.0534,-0.5925,-0.7827,0.1905,25.5,0.0037,0.711,0.568,0.20141,43.5,401.9,22.4,385.7,64.5,418.1,956,0.35,11
1069,-146.092,19.099,66.6,-0.1574,-0.1124,-0.9811,0.797,-0.6015,-0.0543,-0.5841,-0.7905,0.1842,25.5,0.0046,0.749,0.677,0.14914,43.3,402.2,22.0,386.2,64.5,418.1,957,1.561,11
1070,-146.434,18.856,64.45,-0.1545,-0.1095,-0.9819,0.805,-0.5906,-0.0557,-0.5738,-0.7991,0.1794,25.5,0.005,0.817,0.779,0.1093,43.1,402.4,21.7,386.8,64.5,418.1,957,0.689,11
1071,-146.77,18.618,62.298,-0.1523,-0.1079,-0.9824,0.8138,-0.5783,-0.0575,-0.5619,-0.8083,0.1759,25.5,0.0051,0.885,0.873,0.07234,43.0,402.7,21.3,387.4,64.6,418.0,958,1.542,11
1072,-147.101,18.382,60.146,-0.1508,-0.1074,-0.9827,0.8231,-0.5647,-0.0598,-0.5485,-0.8179,0.1735,25.5,0.0047,0.954,0.953,0.04209,42.8,403.0,20.9,388.1,64.6,417.9,958,0.701,11
1073,-147.43,18.147,57.993,-0.1498,-0.1078,-0.9828,0.8328,-0.55,-0.0624,-0.5339,-0.8279,0.1722,25.5,0.0041,1.017,1.02,0.02829,42.7,403.2,20.6,388.7,64.7,417.7,959,1.881,11
1074,-147.758,17.909,55.84,-0.1493,-0.1093,-0.9827,0.8427,-0.5344,-0.0653,-0.5181,-0.8379,0.1719,25.5,0.0032,1.071,1.072,0.04144,42.5,403.5,20.2,389.4,64.8,417.6,959,0.358,11
1075,-148.085,17.667,53.687,-0.1494,-0.1117,-0.9824,0.8526,-0.5181,-0.0683,-0.5014,-0.8478,0.1727,25.5,0.0024,1.113,1.106,0.06331,42.4,403.8,19.8,390.1,64.9,417.4,959,2.513,11
1076,-148.413,17.419,51.535,-0.15,-0.1152,-0.9819,0.8624,-0.5012,-0.0715,-0.4839,-0.8575,0.1746,25.5,0.0014,1.152,1.134,0.0938,42.2,404.1,19.4,390.9,65.0,417.2,960,0.431,11
1077,-148.743,17.162,49.385,-0.1511,-0.1199,-0.9812,0.8719,-0.4839,-0.0747,-0.4659,-0.8668,0.1776,25.5,0.0004,1.174,1.146,0.12756,42.1,404.4,19.0,391.6,65.1,417.0,960,1.771,11
1078,-149.076,16.893,47.236,-0.1528,-0.1257,-0.9802,0.8811,-0.4665,-0.0779,-0.4475,-0.8756,0.1821,25.5,0.0004,1.197,1.143,0.16024,41.9,404.7,18.6,392.4,65.1,416.9,961,1.563,11
1079,-149.413,16.61,45.09,-0.1552,-0.133,-0.9789,0.8898,-0.449,-0.081,-0.4288,-0.8836,0.1881,25.5,0.0009,1.215,1.134,0.20379,41.7,405.0,18.3,393.2,65.2,416.7,961,0.628,11
1080,-149.756,16.309,42.949,-0.1584,-0.142,-0.9771,0.898,-0.4318,-0.084,-0.41,-0.8908,0.196,25.5,0.0011,1.239,1.105,0.25436,41.6,405.3,17.9,394.0,65.2,416.6,961,2.818,11
1081,-150.104,15.994,40.81,-0.1592,-0.1448,-0.9766,0.9056,-0.4151,-0.0868,-0.3928,-0.8982,0.1973,25.5,0.0007,1.075,1.063,0.07731,41.4,405.6,17.6,394.8,65.2,416.5,962,0.874,11
1082,-150.454,15.674,38.672,-0.1598,-0.1473,-0.9761,0.9127,-0.3987,-0.0894,-0.376,-0.9052,0.1982,25.5,0.0001,1.044,1.035,0.0685,41.2,406.0,17.2,395.6,65.2,416.4,962,1.316,11
1083,-150.804,15.348,36.534,-0.1604,-0.1501,-0.9756,0.9193,-0.3826,-0.0919,-0.3595,-0.9116,0.1993,25.5,0.0004,1.016,1.007,0.07604,41.1,406.3,16.9,396.3,65.2,416.3,963,2.677,11
1084,-151.156,15.016,34.398,-0.1608,-0.1531,-0.975,0.9255,-0.3668,-0.0943,-0.3432,-0.9176,0.2007,25.5,0.0007,0.998,0.982,0.08068,40.9,406.7,16.6,397.1,65.1,416.2,963,0.487,11
1085,-151.508,14.678,32.263,-0.1611,-0.1563,-0.9745,0.9313,-0.3512,-0.0967,-0.3271,-0.9231,0.2022,25.5,0.0009,0.979,0.963,0.08507,40.7,407.1,16.3,397.9,65.1,416.2,963,1.704,11
1086,-151.862,14.332,30.129,-0.1613,-0.1598,-0.9739,0.9368,-0.3357,-0.0989,-0.3111,-0.9282,0.2039,25.5,0.0011,0.967,0.951,0.09304,40.6,407.4,16.0,398.7,65.0,416.1,964,2.537,11
1087,-152.215,13.977,27.996,-0.1614,-0.1636,-0.9732,0.9419,-0.3203,-0.1012,-0.2952,-0.933,0.2058,25.5,0.0011,0.958,0.939,0.10109,40.4,407.8,15.7,399.5,65.0,416.1,964,0.346,11
1088,-152.569,13.614,25.865,-0.1614,-0.1677,-0.9725,0.9468,-0.3048,-0.1034,-0.2791,-0.9375,0.208,25.5,0.0011,0.966,0.94,0.10881,40.2,408.2,15.4,400.3,64.9,416.1,964,1.844,11
1089,-152.922,13.242,23.736,-0.1613,-0.1721,-0.9718,0.9514,-0.2892,-0.1057,-0.2629,-0.9416,0.2104,25.5,0.001,0.967,0.941,0.11658,40.0,408.6,15.2,401.1,64.8,416.1,965,2.589,11
1090,-153.275,12.86,21.608,-0.1612,-0.1768,-0.971,0.9558,-0.2734,-0.108,-0.2464,-0.9455,0.213,25.5,0.0009,0.983,0.949,0.12471,39.9,409.0,14.9,401.9,64.7,416.0,965,0.398,11
1091,-153.628,12.468,19.482,-0.1608,-0.1818,-0.9701,0.96,-0.2573,-0.1104,-0.2296,-0.949,0.2159,25.5,0.0005,0.997,0.963,0.13329,39.7,409.4,14.7,402.7,64.6,416.0,965,1.792,11
1092,-153.98,12.064,17.358,-0.1604,-0.1872,-0.9691,0.9639,-0.2409,-0.1129,-0.2124,-0.9523,0.2191,25.5,0.0001,1.02,0.976,0.14406,39.5,409.8,14.4,403.6,64.5,416.0,966,2.779,11
1093,-154.331,11.648,15.237,-0.1599,-0.193,-0.9681,0.9677,-0.2241,-0.1156,-0.1946,-0.9553,0.2225,25.5,0.0004,1.052,0.999,0.15449,39.4,410.3,14.2,404.5,64.5,416.0,966,0.589,11
1094,-154.68,11.218,13.117,-0.1592,-0.1991,-0.967,0.9712,-0.2067,-0.1184,-0.1763,-0.958,0.2263,25.5,0.001,1.082,1.03,0.16314,39.2,410.7,13.9,405.4,64.4,416.0,966,1.602,11
1095,-155.029,10.777,11.0,-0.1597,-0.2028,-0.9661,0.9745,-0.1888,-0.1213,-0.1578,-0.9609,0.2277,25.5,0.0002,1.076,1.056,0.10045,39.0,411.2,13.7,406.3,64.2,416.0,967,3.054,11
1096,-155.38,10.33,8.885,-0.1603,-0.2061,-0.9653,0.9775,-0.1703,-0.1244,-0.1387,-0.9635,0.2288,25.5,0.0015,1.106,1.088,0.0902,38.8,411.6,13.5,407.2,64.1,416.0,967,0.864,11
1097,-155.731,9.874,6.772,-0.1607,-0.2103,-0.9644,0.9802,-0.1513,-0.1277,-0.1191,-0.9658,0.2304,25.5,0.0025,1.134,1.116,0.11283,38.7,412.1,13.3,408.2,64.0,416.0,967,1.327,11
1098,-156.083,9.408,4.66,-0.1607,-0.2152,-0.9633,0.9825,-0.132,-0.1312,-0.0989,-0.9675,0.2326,25.5,0.0031,1.168,1.132,0.13136,38.5,412.6,13.1,409.2,63.9,416.0,968,3.361,11
1099,-156.435,8.931,2.552,-0.1604,-0.2208,-0.962,0.9845,-0.1123,-0.1348,-0.0782,-0.9687,0.2354,25.5,0.0034,1.199,1.153,0.15058,38.3,413.1,12.9,410.2,63.7,415.9,968,1.171,11
1100,-156.786,8.44,0.446,-0.1597,-0.2272,-0.9607,0.986,-0.0923,-0.1385,-0.0572,-0.9694,0.2388,25.5,0.0034,1.22,1.169,0.1718,38.2,413.6,12.7,411.2,63.6,415.9,968,1.019,11
1101,-157.134,7.935,-1.656,-0.1587,-0.2344,-0.9591,0.9872,-0.0722,-0.1425,-0.0359,-0.9694,0.2428,25.5,0.0031,1.242,1.176,0.1947,38.0,414.1,12.5,412.2,63.4,415.9,968,3.21,11
1102,-157.48,7.413,-3.755,-0.1573,-0.2423,-0.9574,0.9878,-0.052,-0.1465,-0.0143,-0.9688,0.2475,25.5,0.0025,1.267,1.18,0.21453,37.8,414.6,12.3,413.3,63.3,415.9,969,1.456,11
1103,-157.823,6.873,-5.85,-0.1556,-0.2508,-0.9554,0.9881,-0.0318,-0.1507,0.0075,-0.9675,0.2528,25.5,0.0018,1.288,1.182,0.23269,37.7,415.1,12.2,414.3,63.1,416.0,969,0.735,11
1104,-158.162,6.313,-7.94,-0.1535,-0.26,-0.9533,0.9878,-0.0116,-0.1551,0.0293,-0.9655,0.2586,25.5,0.0008,1.298,1.185,0.2529,37.5,415.7,12.1,415.4,62.9,416.0,969,2.925,11
1105,-158.495,5.733,-10.026,-0.1511,-0.2698,-0.951,0.9871,0.0085,-0.1597,0.0511,-0.9629,0.265,25.5,0.0004,1.31,1.182,0.27069,37.4,416.3,11.9,416.5,62.7,416.1,970,1.664,11
1106,-158.823,5.131,-12.106,-0.1483,-0.2801,-0.9485,0.986,0.0283,-0.1644,0.0729,-0.9595,0.2719,25.5,0.0018,1.325,1.168,0.28675,37.2,416.9,11.8,417.6,62.5,416.2,970,0.526,11
1107,-159.146,4.508,-14.181,-0.1472,-0.2862,-0.9468,0.9844,0.0479,-0.1692,0.0938,-0.9569,0.2747,25.5,0.0016,1.217,1.16,0.16812,37.1,417.5,11.8,418.7,62.3,416.3,970,2.717,11
1108,-159.469,3.879,-16.254,-0.1475,-0.289,-0.9459,0.9824,0.0672,-0.1742,0.1139,-0.955,0.274,25.5,0.0005,1.157,1.148,0.07733,37.0,418.2,11.7,419.8,62.1,416.5,971,1.741,11
1109,-159.791,3.241,-18.325,-0.1471,-0.2934,-0.9446,0.98,0.0859,-0.1793,0.1338,-0.9521,0.2749,25.5,0.0,1.153,1.119,0.12047,36.8,418.8,11.6,421.0,61.9,416.6,971,0.451,11
1110,-160.113,2.592,-20.392,-0.1462,-0.2994,-0.9429,0.9773,0.1041,-0.1843,0.1533,-0.9485,0.2774,25.5,0.0003,1.145,1.092,0.1648,36.7,419.4,11.6,422.1,61.7,416.8,971,2.641,11
1111,-160.431,1.929,-22.455,-0.1446,-0.307,-0.9407,0.9744,0.1214,-0.1893,0.1724,-0.9439,0.2816,25.5,0.0001,1.151,1.045,0.21113,36.5,420.1,11.5,423.2,61.4,417.1,972,1.633,11
1112,-160.746,1.246,-24.513,-0.1423,-0.3163,-0.9379,0.9712,0.1379,-0.1941,0.1908,-0.9386,0.2876,25.5,0.0002,1.15,1.002,0.26105,36.4,420.8,11.5,424.2,61.2,417.3,972,0.558,11
1113,-161.054,0.542,-26.564,-0.1394,-0.3275,-0.9345,0.968,0.1534,-0.1987,0.2084,-0.9323,0.2956,25.5,0.0005,1.165,0.944,0.3154,36.3,421.5,11.5,425.3,61.0,417.6,972,2.749,11
1114,-161.356,-0.19,-28.607,-0.1357,-0.3405,-0.9304,0.9647,0.1677,-0.2029,0.2252,-0.9251,0.3058,25.5,0.0008,1.199,0.875,0.36945,36.2,422.2,11.4,426.4,60.8,418.0,973,1.291,11
1115,-161.648,-0.952,-30.64,-0.1311,-0.3558,-0.9253,0.9615,0.1807,-0.2069,0.2408,-0.9168,0.3184,25.5,0.0011,1.244,0.801,0.43865,36.1,422.9,11.4,427.5,60.6,418.4,973,0.902,11
1116,-161.93,-1.75,-32.66,-0.1256,-0.3735,-0.9191,0.9585,0.1923,-0.2103,0.2553,-0.9074,0.3338,25.5,0.0011,1.326,0.714,0.51123,36.0,423.7,11.4,428.6,60.4,418.9,974,2.854,11
1117,-162.198,-2.59,-34.665,-0.1189,-0.3939,-0.9114,0.9558,0.2023,-0.2133,0.2684,-0.8965,0.3524,25.5,0.0011,1.445,0.618,0.59665,35.9,424.5,11.4,429.6,60.2,419.5,974,0.665,11
1118,-162.45,-3.478,-36.652,-0.1109,-0.4174,-0.9019,0.9535,0.2107,-0.2158,0.2801,-0.8839,0.3746,25.5,0.0009,1.609,0.519,0.69528,35.8,425.4,11.4,430.7,60.0,420.1,974,1.526,11
1119,-162.683,-4.419,-38.612,-0.1028,-0.441,-0.8916,0.9516,0.2172,-0.2176,0.2896,-0.8708,0.3973,25.5,0.0004,1.597,0.401,0.70707,35.7,426.3,11.4,431.8,59.9,420.9,975,1.897,11
1120,-162.903,-5.402,-40.559,-0.098,-0.456,-0.8846,0.9502,0.2219,-0.2187,0.296,-0.862,0.4116,25.5,0.0008,1.03,0.288,0.45057,35.7,427.3,11.4,432.8,59.8,421.8,975,0.316,11
1121,-163.112,-6.418,-42.488,-0.093,-0.4711,-0.8772,0.9493,0.225,-0.2195,0.3008,-0.8531,0.4263,25.5,0.0017,1.022,0.191,0.45888,35.7,428.3,11.4,433.9,59.7,422.7,975,2.492,11
1122,-163.31,-7.467,-44.402,-0.0876,-0.487,-0.869,0.9487,0.2269,-0.22,0.3043,-0.8437,0.4422,25.5,0.0024,1.077,0.118,0.4887,35.6,429.3,11.5,435.0,59.6,423.6,976,0.589,11
1123,-163.495,-8.553,-46.295,-0.0815,-0.5044,-0.8596,0.9484,0.2279,-0.2204,0.307,-0.8333,0.4598,25.5,0.0028,1.181,0.064,0.5413,35.6,430.3,11.5,436.0,59.6,424.7,976,1.659,11
1124,-163.666,-9.678,-48.166,-0.0743,-0.5241,-0.8484,0.9482,0.2282,-0.2208,0.3094,-0.8209,0.48,25.5,0.0027,1.365,0.031,0.62207,35.6,431.4,11.5,437.1,59.6,425.7,977,1.005,11
1125,-163.82,-10.852,-50.011,-0.0656,-0.5476,-0.8341,0.9481,0.2282,-0.2215,0.3117,-0.8054,0.5042,25.5,0.0024,1.652,0.04,0.75416,35.6,432.6,11.5,438.3,59.5,426.9,977,1.238,11
1126,-163.952,-12.082,-51.817,-0.0544,-0.5769,-0.815,0.9478,0.2281,-0.2227,0.3144,-0.7846,0.5344,25.5,0.0017,2.107,0.071,0.96159,35.6,433.7,11.6,439.5,59.5,428.1,978,0.977,11
1127,-164.055,-13.387,-53.576,-0.0387,-0.6158,-0.7869,0.9474,0.2282,-0.2244,0.3178,-0.7542,0.5746,25.5,0.0006,2.895,0.1,1.31936,35.7,435.0,11.7,440.7,59.6,429.3,978,1.24,11
1128,-164.115,-14.794,-55.254,-0.0145,-0.6723,-0.7402,0.9466,0.2289,-0.2269,0.322,-0.704,0.6331,25.5,0.0003,4.424,0.156,2.01957,35.8,436.4,11.8,442.1,59.6,430.7,979,0.495,11
1129,-164.109,-16.348,-56.791,0.0207,-0.749,-0.6622,0.9454,0.2303,-0.2304,0.3251,-0.6213,0.7129,25.5,0.0004,6.591,0.227,3.01308,35.9,437.8,12.0,443.6,59.7,432.1,979,1.696,11
1130,-164.02,-18.074,-58.134,0.0621,-0.8264,-0.5596,0.9438,0.2324,-0.235,0.3242,-0.5136,0.7944,25.5,0.0019,7.745,0.304,3.5387,36.1,439.5,12.2,445.3,59.9,433.7,980,0.41,11
1131,-163.834,-19.96,-59.228,0.1077,-0.8925,-0.4379,0.9418,0.2345,-0.2409,0.3177,-0.3865,0.8658,25.5,0.0024,8.369,0.377,3.8206,36.4,441.3,12.5,447.2,60.1,435.5,981,0.491,11
1132,-163.55,-21.966,-60.057,0.151,-0.9369,-0.3152,0.9394,0.2362,-0.2483,0.3071,-0.2586,0.9159,25.5,0.0012,7.9,0.456,3.60213,36.7,443.3,12.9,449.2,60.4,437.4,982,1.125,11
1133,-163.161,-24.062,-60.543,0.2043,-0.9705,-0.1281,0.9368,0.237,-0.2574,0.2802,-0.0674,0.9576,25.5,0.0056,11.336,0.544,5.18104,37.2,445.3,13.4,451.2,60.7,439.4,982,1.075,11
1134,-162.66,-26.19,-60.635,0.2516,-0.9672,0.0363,0.9339,0.2365,-0.2683,0.2509,0.1014,0.9627,25.5,0.0035,9.832,0.647,4.48655,37.6,447.3,13.9,453.3,61.2,441.4,983,0.544,11
1135,-162.068,-28.283,-60.401,0.2868,-0.9407,0.1813,0.9306,0.2344,-0.2811,0.2219,0.2493,0.9426,25.5,0.0046,8.72,0.767,3.97175,38.2,449.4,14.5,455.3,61.7,443.5,984,0.062,11
1136,-161.409,-30.3,-59.865,0.3137,-0.9003,0.3019,0.9271,0.2303,-0.2959,0.1969,0.3727,0.9068,25.5,0.0058,7.506,0.902,3.40524,38.8,451.3,15.2,457.2,62.2,445.5,985,0.68,11
1137,-160.696,-32.225,-59.103,0.3369,-0.8575,0.3889,0.9232,0.2233,-0.3129,0.1815,0.4644,0.8668,25.5,0.0021,5.802,1.077,2.60986,39.4,453.2,15.9,458.9,62.8,447.6,986,1.504,11
1138,-159.936,-34.05,-58.164,0.3559,-0.8055,0.4738,0.9188,0.2129,-0.3323,0.1668,0.5536,0.8159,25.5,0.0019,5.947,1.286,2.65431,40.1,455.0,16.6,460.4,63.4,449.6,986,0.688,11
1139,-159.143,-35.764,-57.053,0.367,-0.7613,0.5345,0.9138,0.1981,-0.3545,0.164,0.6186,0.7684,25.5,0.0049,4.617,1.555,1.98576,40.7,456.7,17.3,461.8,64.0,451.6,987,0.324,11
1140,-158.33,-37.395,-55.839,0.3756,-0.73,0.571,0.9077,0.1782,-0.3798,0.1755,0.661,0.7296,25.5,0.006,3.359,1.877,1.27793,41.4,458.3,18.1,462.9,64.6,453.7,988,1.508,11
1141,-157.497,-38.968,-54.561,0.3845,-0.7072,0.5934,0.8999,0.1523,-0.4087,0.1986,0.6911,0.6949,25.5,0.0042,2.946,2.268,0.86779,42.1,459.8,18.9,463.8,65.1,455.9,988,0.687,11
1142,-156.644,-40.496,-53.245,0.3955,-0.6838,0.6131,0.8894,0.1196,-0.4412,0.2284,0.7198,0.6555,25.5,0.0005,3.274,2.709,0.85056,42.9,461.3,19.8,464.6,65.7,458.2,989,0.666,11
1143,-155.766,-41.95,-51.861,0.4048,-0.6454,0.6478,0.8751,0.0785,-0.4776,0.2574,0.7602,0.5966,25.5,0.0058,4.418,3.251,1.37569,43.6,462.8,20.8,465.0,66.1,460.6,989,1.525,11
1144,-154.871,-43.332,-50.418,0.4125,-0.6189,0.6684,0.8545,0.0253,-0.5188,0.3041,0.7852,0.5394,25.5,0.0099,4.468,4.033,0.90086,44.4,464.2,21.9,465.1,66.5,463.2,990,0.041,11
1145,-153.959,-44.669,-48.941,0.4205,-0.6034,0.6775,0.8238,-0.0442,-0.5651,0.371,0.7958,0.4786,25.5,0.0098,5.217,5.1,0.51465,45.1,465.5,23.3,464.7,66.6,466.2,991,1.541,11
1146,-153.028,-45.984,-47.458,0.4309,-0.5937,0.6796,0.7765,-0.1347,-0.6156,0.457,0.7929,0.403,25.5,0.0038,6.566,6.531,0.37603,45.9,466.8,25.2,463.8,66.3,469.7,991,0.649,11
1147,-152.07,-47.252,-45.951,0.4437,-0.566,0.6948,0.7053,-0.2461,-0.6648,0.5473,0.7851,0.29,25.5,0.0097,8.307,8.089,0.89185,46.7,468.1,27.6,462.3,65.4,473.7,992,0.992,11
1148,-151.086,-48.474,-44.423,0.4542,-0.5534,0.6982,0.6067,-0.3708,-0.7032,0.6481,0.743,0.1673,25.5,0.0102,9.423,9.381,0.4382,47.6,469.3,30.9,460.5,63.9,478.0,992,1.198,11
1149,-150.083,-49.684,-42.896,0.4618,-0.5471,0.6982,0.4775,-0.5013,-0.7216,0.7448,0.6667,0.0298,25.5,0.0091,10.592,10.589,0.25822,48.4,470.5,34.9,458.4,61.6,482.4,993,0.459,11
1150,-149.057,-50.868,-41.366,0.4761,-0.5352,0.6978,0.3234,-0.6232,-0.712,0.816,0.5647,-0.1236,25.5,0.0093,11.334,11.29,0.48675,49.3,471.7,39.7,456.5,58.7,486.6,993,1.732,11
1151,-147.997,-52.032,-39.843,0.4882,-0.5264,0.6961,0.1632,-0.7206,-0.6738,0.8564,0.4426,-0.2659,25.5,0.01,11.007,10.98,0.39388,50.2,472.9,44.7,455.2,55.6,490.2,994,0.102,11
1152,-146.914,-53.174,-38.32,0.5036,-0.5176,0.6918,0.0126,-0.7888,-0.6145,0.8638,0.3182,-0.3908,25.5,0.0105,10.122,10.076,0.47745,51.1,474.1,49.6,454.6,52.7,493.2,995,1.456,11
1153,-145.781,-54.302,-36.823,0.5325,-0.513,0.6733,-0.1188,-0.8303,-0.5445,0.8384,0.21,-0.503,25.5,0.0039,9.058,8.864,0.90576,52.1,475.2,54.0,454.7,50.3,495.4,995,0.734,11
1154,-144.61,-55.414,-35.344,0.535,-0.5028,0.6789,-0.2216,-0.8509,-0.4763,0.8172,0.1044,-0.5668,25.5,0.0141,7.177,7.171,0.31134,53.2,476.3,57.8,455.3,48.6,497.1,996,0.709,11
1155,-143.421,-56.512,-33.866,0.5531,-0.5004,0.6661,-0.2976,-0.8591,-0.4164,0.7807,0.032,-0.6241,25.5,0.0121,5.691,5.566,0.58323,54.2,477.5,60.9,456.2,47.6,498.5,996,1.482,11
1156,-142.174,-57.611,-32.441,0.5891,-0.5042,0.6315,-0.3526,-0.8611,-0.3664,0.7285,-0.0068,-0.685,25.5,0.0049,5.107,4.261,1.31001,55.3,478.6,63.5,457.2,47.3,499.8,997,0.196,11
1157,-140.828,-58.723,-31.119,0.6425,-0.5116,0.5705,-0.391,-0.8605,-0.3267,0.658,-0.0132,-0.7529,25.5,0.0026,5.622,3.165,2.1304,56.6,479.7,65.8,458.3,47.4,500.9,998,0.908,11
1158,-139.385,-59.843,-29.91,0.6721,-0.5103,0.5365,-0.4163,-0.8592,-0.2976,0.6128,-0.0234,-0.7899,25.5,0.001,3.398,2.211,1.1801,57.9,480.9,67.8,459.5,48.1,502.1,998,1.285,11
1159,-137.883,-60.96,-28.773,0.6993,-0.5102,0.5006,-0.4311,-0.858,-0.2794,0.5721,-0.0204,-0.8199,25.5,0.0036,2.902,1.346,1.17825,59.3,482.0,69.6,460.6,49.0,503.2,999,0.44,11
1160,-136.318,-62.079,-27.727,0.7315,-0.5112,0.4512,-0.4378,-0.8569,-0.2721,0.5258,0.0015,-0.8506,25.5,0.005,3.422,0.571,1.54314,60.8,483.1,71.3,461.8,50.3,504.3,1000,0.275,11
1161,-134.671,-63.2,-26.816,0.7738,-0.5117,0.3734,-0.4386,-0.8554,-0.2755,0.4604,0.0494,-0.8863,25.5,0.0046,5.077,0.218,2.31698,62.3,484.3,72.9,462.9,51.8,505.4,1001,0.649,11
1162,-132.916,-64.316,-26.138,0.8291,-0.5067,0.2363,-0.4353,-0.8525,-0.2893,0.348,0.137,-0.9274,25.5,0.0027,8.506,0.83,3.87782,64.0,485.4,74.4,464.1,53.6,506.5,1002,0.913,11
1163,-131.055,-65.409,-25.775,0.8666,-0.4889,0.1002,-0.4296,-0.8464,-0.3148,0.2387,0.2297,-0.9435,25.5,0.01,8.271,1.537,3.72824,65.8,486.5,76.1,465.4,55.6,507.4,1003,1.081,11
1164,-129.132,-66.452,-25.667,0.887,-0.4618,0.0071,-0.4222,-0.8338,-0.3556,0.1701,0.3124,-0.9346,25.5,0.008,6.181,2.483,2.59377,67.7,487.5,77.7,466.8,57.8,508.1,1003,1.111,11
1165,-127.173,-67.425,-25.735,0.9018,-0.4221,-0.0923,-0.4136,-0.8103,-0.4152,0.1005,0.4126,-0.9053,25.5,0.0074,7.194,3.704,2.82942,69.6,488.5,79.3,468.4,60.0,508.3,1004,1.0,11
1166,-125.192,-68.301,-26.054,0.9059,-0.3804,-0.186,-0.4046,-0.7624,-0.5051,0.0504,0.5329,-0.8447,25.5,0.0174,8.242,5.862,2.68721,71.6,489.3,81.0,470.5,62.4,507.9,1005,0.913,11
1167,-123.2,-69.101,-26.492,0.9125,-0.3449,-0.2201,-0.3928,-0.6587,-0.6417,0.0764,0.672,-0.7366,25.5,0.01,10.216,9.862,1.29932,73.6,490.1,82.4,474.0,64.9,505.9,1006,0.835,11
1168,-121.2,-69.798,-27.046,0.9157,-0.2989,-0.2688,-0.3653,-0.4524,-0.8136,0.1216,0.8433,-0.5235,25.5,0.0194,15.929,15.514,1.75502,75.6,490.8,83.5,480.1,67.9,501.2,1007,0.757,11
1169,-119.186,-70.415,-27.647,0.9234,-0.2596,-0.2827,-0.2952,-0.0923,-0.951,0.2209,0.9618,-0.1619,25.5,0.0202,22.68,22.591,1.10907,77.6,491.3,83.6,489.9,71.8,492.7,1008,0.681,11
1170,-117.153,-70.944,-28.265,0.9345,-0.2203,-0.2795,-0.1796,0.3296,-0.9269,0.2964,0.9165,0.2685,25.5,0.0186,25.378,25.307,1.07166,79.7,491.8,82.7,501.1,76.7,482.8,1009,0.61,11
1171,-115.095,-71.391,-28.867,0.9461,-0.1857,-0.2654,-0.0703,0.6379,-0.7669,0.3118,0.7443,0.5906,25.5,0.0186,21.064,20.98,1.0235,81.7,492.3,82.3,509.2,81.2,475.7,1010,0.554,11
1172,-112.995,-71.74,-29.381,0.965,-0.1397,-0.2219,-0.0009,0.805,-0.5933,0.2615,0.5728,0.7768,25.5,0.0183,14.829,14.405,1.72895,83.8,492.6,82.9,513.5,84.7,472.0,1011,0.52,11
1173,-110.865,-72.009,-29.815,0.9817,-0.104,-0.1596,0.0303,0.8833,-0.4678,0.1896,0.4544,0.8704,25.5,0.0125,9.59,8.67,1.92925,85.9,492.8,84.5,515.6,87.4,470.4,1012,0.513,11
1174,-108.693,-72.18,-30.02,0.9981,-0.0508,-0.0358,0.0398,0.9237,-0.3811,0.0525,0.3789,0.9239,25.5,0.0064,9.488,5.509,3.55683,88.1,493.0,86.5,516.7,89.6,469.6,1013,0.533,11
1175,-106.505,-72.245,-30.006,0.9984,-0.0108,0.0556,0.0396,0.9478,-0.3163,-0.0493,0.318,0.9468,25.5,0.0117,6.927,3.962,2.6117,90.2,493.1,88.8,517.3,91.7,469.1,1014,0.579,11
1176,-104.333,-72.23,-29.739,0.9799,0.0245,0.1982,0.0333,0.9629,-0.2678,-0.1974,0.269,0.9427,25.5,0.0031,8.95,2.933,3.87999,92.4,493.1,91.1,517.6,93.6,468.7,1015,0.62,11
1177,-102.227,-72.132,-29.15,0.9413,0.0647,0.3312,0.0238,0.9728,-0.2303,-0.3371,0.2247,0.9143,25.5,0.0091,8.561,2.288,3.77842,94.4,493.0,93.5,517.7,95.3,468.4,1016,0.622,11
1178,-100.228,-71.957,-28.277,0.8793,0.0926,0.4673,0.0124,0.9795,-0.201,-0.4763,0.1825,0.8601,25.5,0.0077,8.903,1.842,3.98702,96.3,492.8,95.7,517.7,96.9,468.1,1017,0.526,11
1179,-98.391,-71.738,-27.108,0.7989,0.1078,0.5917,0.0001,0.984,-0.1782,-0.6014,0.1424,0.7861,25.5,0.0007,8.647,1.507,3.9025,98.1,492.7,97.8,517.6,98.3,467.8,1018,0.264,11
1180,-96.722,-71.482,-25.716,0.7249,0.1238,0.6776,-0.0122,0.9869,-0.1607,-0.6887,0.1082,0.7169,25.5,0.0044,6.681,1.237,2.99887,99.6,492.5,99.7,517.5,99.5,467.6,1019,0.244,11
1181,-95.214,-71.202,-24.152,0.6529,0.1306,0.7461,-0.0238,0.9888,-0.1474,-0.757,0.0785,0.6487,25.5,0.0036,5.789,1.017,2.60717,101.0,492.3,101.5,517.3,100.6,467.3,1020,1.078,11
1182,-93.853,-70.915,-22.462,0.5924,0.1309,0.7949,-0.0337,0.9899,-0.1374,-0.8049,0.0546,0.5909,25.5,0.0004,4.515,0.809,2.03469,102.3,492.0,103.0,517.2,101.6,467.0,1020,1.114,11
1183,-92.615,-70.631,-20.681,0.5367,0.1299,0.8337,-0.0413,0.9907,-0.1299,-0.8428,0.0353,0.537,25.5,0.0018,3.935,0.613,1.77893,103.4,491.8,104.3,517.0,102.6,466.8,1021,0.123,11
1184,-91.493,-70.345,-18.821,0.4909,0.1304,0.8614,-0.0465,0.9912,-0.1242,-0.87,0.0209,0.4926,25.5,0.0006,3.096,0.443,1.39973,104.5,491.6,105.5,516.8,103.4,466.5,1022,1.727,11
1185,-90.453,-70.06,-16.914,0.4601,0.1304,0.8783,-0.0499,0.9915,-0.1199,-0.8865,0.0113,0.4627,25.5,0.001,2.033,0.315,0.9186,105.4,491.4,106.5,516.6,104.3,466.3,1022,0.482,11
1186,-89.471,-69.774,-14.977,0.4376,0.1304,0.8897,-0.0524,0.9918,-0.1167,-0.8976,0.0044,0.4408,25.5,0.0026,1.461,0.233,0.65994,106.3,491.2,107.4,516.4,105.1,466.0,1023,1.496,11
1187,-88.532,-69.488,-13.018,0.4203,0.1302,0.898,-0.0548,0.9919,-0.1142,-0.9057,-0.0012,0.424,25.5,0.0036,1.116,0.199,0.50178,107.1,491.0,108.4,516.3,105.9,465.8,1023,0.724,11
1188,-87.627,-69.203,-11.043,0.4065,0.13,0.9044,-0.0578,0.992,-0.1121,-0.9117,-0.0067,0.4108,25.5,0.0041,0.889,0.21,0.39779,107.9,490.8,109.2,516.1,106.6,465.6,1024,1.56,11
1189,-86.749,-68.919,-9.056,0.3953,0.1298,0.9093,-0.0623,0.992,-0.1101,-0.9163,-0.0131,0.4002,25.5,0.004,0.757,0.282,0.31979,108.7,490.6,110.1,515.9,107.2,465.3,1024,0.661,11
1190,-85.893,-68.635,-7.059,0.386,0.1295,0.9134,-0.069,0.9918,-0.1078,-0.9198,-0.0214,0.3918,25.5,0.0033,0.706,0.406,0.26591,109.4,490.4,111.1,515.7,107.8,465.1,1025,1.868,11
1191,-85.057,-68.352,-5.055,0.3783,0.1292,0.9166,-0.0787,0.9914,-0.1048,-0.9223,-0.0325,0.3852,25.5,0.0023,0.754,0.582,0.21829,110.2,490.2,112.1,515.5,108.3,464.9,1025,0.339,11
1192,-84.235,-68.069,-3.043,0.3719,0.1288,0.9193,-0.0922,0.9906,-0.1009,-0.9236,-0.0472,0.3803,25.5,0.0005,0.891,0.806,0.18185,110.9,490.0,113.1,515.3,108.7,464.7,1026,2.375,11
1193,-83.44,-67.79,-1.023,0.3513,0.1259,0.9277,-0.1102,0.9893,-0.0956,-0.9299,-0.0687,0.3614,25.5,0.0028,1.679,1.078,0.58742,111.6,489.8,114.3,515.1,108.9,464.5,1026,0.189,11
1194,-82.694,-67.517,1.018,0.3299,0.1232,0.9359,-0.1324,0.9872,-0.0889,-0.9349,-0.0946,0.342,25.5,0.0053,1.876,1.334,0.60367,112.3,489.6,115.5,514.9,109.0,464.3,1026,2.003,11
1195,-81.991,-67.249,3.075,0.3128,0.1216,0.942,-0.1581,0.9841,-0.0812,-0.9369,-0.1235,0.3271,25.5,0.0063,1.867,1.547,0.47676,112.9,489.4,116.8,514.6,108.9,464.2,1027,0.845,11
1196,-81.321,-66.984,5.143,0.3003,0.1212,0.9461,-0.1863,0.9798,-0.0726,-0.9358,-0.1545,0.3169,25.5,0.0059,1.871,1.707,0.34429,113.4,489.2,118.1,514.3,108.8,464.1,1027,1.347,11
1197,-80.672,-66.718,7.218,0.2925,0.1219,0.9485,-0.2163,0.9743,-0.0633,-0.9318,-0.1866,0.3113,25.5,0.0045,1.881,1.827,0.21426,114.0,489.0,119.5,514.0,108.5,464.0,1028,1.589,11
1198,-80.036,-66.449,9.297,0.2892,0.1238,0.9492,-0.2471,0.9675,-0.0536,-0.925,-0.2191,0.3104,25.5,0.0026,1.903,1.891,0.10126,114.5,488.8,120.8,513.7,108.3,464.0,1028,0.603,11
1199,-79.402,-66.175,11.376,0.2904,0.1267,0.9485,-0.278,0.9596,-0.0437,-0.9157,-0.251,0.3139,25.5,0.0006,1.914,1.913,0.08411,115.1,488.6,122.2,513.3,108.0,463.9,1029,2.37,11
1200,-78.761,-65.893,13.451,0.2959,0.1307,0.9462,-0.3082,0.9507,-0.0339,-0.904,-0.2816,0.3216,25.5,0.001,1.928,1.889,0.18777,115.6,488.4,123.5,512.9,107.8,463.9,1029,0.19,11
1201,-78.103,-65.601,15.52,0.3054,0.1357,0.9425,-0.3368,0.9413,-0.0245,-0.8905,-0.3099,0.3332,25.5,0.0018,1.916,1.807,0.29706,116.2,488.2,124.9,512.4,107.6,463.9,1029,2.012,11
1202,-77.42,-65.298,17.579,0.3187,0.1415,0.9372,-0.3632,0.9316,-0.0158,-0.8753,-0.3354,0.3483,25.5,0.0013,1.908,1.687,0.4041,116.8,487.9,126.2,512.0,107.5,463.9,1030,0.941,11
1203,-76.725,-64.988,19.632,0.313,0.1404,0.9393,-0.3868,0.9221,-0.0078,-0.8673,-0.3609,0.343,25.5,0.0011,1.561,1.528,0.16156,117.4,487.7,127.4,511.5,107.5,463.9,1030,1.249,11
1204,-76.047,-64.682,21.692,0.307,0.1394,0.9414,-0.4077,0.9131,-0.0007,-0.8597,-0.3836,0.3372,25.5,0.0015,1.411,1.366,0.16828,118.0,487.5,128.5,511.0,107.5,463.9,1031,1.631,11
1205,-75.378,-64.376,23.756,0.3044,0.1398,0.9422,-0.426,0.9047,0.0055,-0.8517,-0.4031,0.335,25.5,0.002,1.214,1.207,0.07191,118.6,487.2,129.6,510.6,107.6,463.9,1031,0.568,11
1206,-74.711,-64.068,25.82,0.3047,0.1416,0.9419,-0.442,0.897,0.011,-0.8433,-0.4196,0.3358,25.5,0.0027,1.062,1.065,0.04834,119.2,487.0,130.6,510.2,107.8,463.8,1032,2.188,11
1207,-74.041,-63.755,27.882,0.3077,0.1446,0.9404,-0.4557,0.89,0.0156,-0.8347,-0.4334,0.3397,25.5,0.0031,0.958,0.92,0.11768,119.8,486.8,131.6,509.8,108.0,463.7,1032,0.064,11
1208,-73.361,-63.434,29.939,0.3135,0.1489,0.9378,-0.4674,0.8838,0.0196,-0.826,-0.4445,0.3467,25.5,0.0034,0.902,0.793,0.20071,120.4,486.5,132.5,509.4,108.3,463.6,1032,2.196,11
1209,-72.665,-63.102,31.99,0.3224,0.1548,0.9339,-0.4771,0.8785,0.0229,-0.8169,-0.4529,0.3571,25.5,0.0036,0.927,0.661,0.29731,121.0,486.2,133.4,509.0,108.6,463.5,1033,0.373,11
1210,-71.946,-62.754,34.03,0.3349,0.1626,0.9281,-0.485,0.8741,0.0254,-0.8072,-0.4587,0.3716,25.5,0.0033,1.053,0.538,0.41417,121.7,486.0,134.3,508.7,109.0,463.3,1033,1.818,11
1211,-71.195,-62.387,36.053,0.3521,0.1729,0.9199,-0.4912,0.8706,0.0274,-0.7961,-0.4614,0.3914,25.5,0.0028,1.31,0.424,0.56675,122.3,485.7,135.2,508.3,109.5,463.0,1034,0.52,11
1212,-70.398,-61.994,38.057,0.3756,0.1865,0.9078,-0.4957,0.868,0.0287,-0.7827,-0.4607,0.4184,25.5,0.0018,1.728,0.307,0.77705,123.1,485.3,136.0,507.9,110.1,462.7,1034,1.672,11
1213,-69.541,-61.566,40.029,0.4082,0.2051,0.8895,-0.4986,0.8663,0.0293,-0.7646,-0.4555,0.4559,25.5,0.0002,2.405,0.196,1.0915,123.9,485.0,136.9,507.5,110.8,462.4,1035,0.382,11
1214,-68.605,-61.093,41.948,0.4437,0.2257,0.8673,-0.5,0.8655,0.0294,-0.7441,-0.4467,0.4968,25.5,0.001,2.67,0.093,1.22287,124.8,484.6,137.8,507.1,111.7,462.0,1035,1.805,11
1215,-67.608,-60.582,43.83,0.4675,0.2406,0.8506,-0.5001,0.8655,0.029,-0.7292,-0.4389,0.525,25.5,0.0009,1.881,0.024,0.85463,125.7,484.1,138.8,506.7,112.6,461.5,1036,0.148,11
1216,-66.555,-60.038,45.672,0.4942,0.2571,0.8304,-0.4993,0.866,0.0284,-0.7118,-0.4287,0.5563,25.5,0.0005,2.134,0.064,0.97615,126.7,483.6,139.8,506.2,113.6,461.0,1037,1.273,11
1217,-65.438,-59.454,47.464,0.5268,0.2768,0.8037,-0.4981,0.8667,0.0277,-0.6888,-0.4149,0.5944,25.5,0.0002,2.67,0.089,1.21678,127.8,483.1,140.9,505.7,114.7,460.4,1037,0.957,11
1218,-64.238,-58.82,49.184,0.5709,0.3033,0.763,-0.4968,0.8674,0.0274,-0.6535,-0.3947,0.6459,25.5,0.0004,3.761,0.086,1.71603,129.0,482.5,142.0,505.2,115.9,459.7,1038,0.176,11
1219,-62.919,-58.114,50.782,0.6401,0.3446,0.6867,-0.4959,0.8679,0.0276,-0.5865,-0.3582,0.7265,25.5,0.0006,6.362,0.06,2.90635,130.3,481.8,143.3,504.5,117.2,459.0,1039,0.544,11
1220,-61.395,-57.286,52.11,0.7582,0.4163,0.5018,-0.4958,0.868,0.0285,-0.4237,-0.2704,0.8645,25.5,0.0003,13.252,0.052,6.06732,131.8,481.0,144.8,503.8,118.7,458.2,1040,0.723,11
1221,-59.615,-56.297,52.889,0.8532,0.4793,0.2057,-0.4961,0.8678,0.0305,-0.1639,-0.1281,0.9781,25.5,0.0011,18.255,0.116,8.37265,133.6,480.0,146.6,502.8,120.5,457.2,1041,0.68,11
1222,-57.722,-55.223,53.022,0.8624,0.4941,-0.1097,-0.4955,0.8679,0.0339,0.112,0.0252,0.9934,25.5,0.0022,18.182,0.198,8.33388,135.5,478.9,148.6,501.7,122.5,456.1,1042,0.614,11
1223,-55.891,-54.161,52.481,0.8078,0.4751,-0.3489,-0.495,0.8681,0.0376,0.3207,0.1423,0.9364,25.5,0.0005,14.131,0.214,6.4709,137.4,477.8,150.5,500.5,124.4,455.0,1043,0.702,11
1224,-54.191,-53.154,51.54,0.7462,0.445,-0.4952,-0.4956,0.8676,0.0406,0.4477,0.2151,0.8679,25.5,0.0038,9.271,0.178,4.23589,139.2,476.7,152.2,499.5,126.2,454.0,1044,1.053,11
1225,-52.612,-52.204,50.358,0.6977,0.4238,-0.5775,-0.4942,0.8682,0.0455,0.5207,0.2536,0.8152,25.5,0.0031,5.613,0.294,2.5614,140.9,475.7,153.9,498.4,127.9,453.0,1044,1.145,11
1226,-51.127,-51.293,49.031,0.6594,0.4093,-0.6306,-0.4864,0.8719,0.0563,0.5729,0.2696,0.7741,25.5,0.0006,3.916,0.792,1.75476,142.4,474.7,155.2,497.5,129.6,451.9,1045,0.472,11
1227,-49.734,-50.421,47.584,0.6145,0.3873,-0.6873,-0.4686,0.8802,0.0758,0.6343,0.2755,0.7224,25.5,0.0008,4.612,1.586,1.97841,143.9,473.8,156.2,496.8,131.6,450.8,1046,0.531,11
1228,-48.422,-49.589,46.04,0.585,0.3734,-0.7199,-0.4426,0.8909,0.1018,0.6794,0.2591,0.6865,25.5,0.0005,3.434,2.194,1.20627,145.3,472.9,156.9,496.1,133.6,449.6,1046,1.66,11
1229,-47.163,-48.781,44.441,0.5662,0.3657,-0.7387,-0.4127,0.9015,0.1304,0.7136,0.231,0.6614,25.5,0.0003,2.916,2.447,0.72422,146.6,472.0,157.5,495.4,135.7,448.5,1047,0.347,11
1230,-45.937,-47.984,42.81,0.5546,0.3625,-0.749,-0.3834,0.9101,0.1574,0.7387,0.1999,0.6437,25.5,0.0006,2.505,2.336,0.41433,147.9,471.2,158.0,494.8,137.8,447.4,1048,1.26,11
1231,-44.729,-47.19,41.163,0.5484,0.3629,-0.7533,-0.3599,0.9156,0.1792,0.7548,0.1728,0.6328,25.5,0.0001,1.911,1.863,0.19761,149.2,470.3,158.7,494.0,139.7,446.5,1048,0.934,11
1232,-43.53,-46.391,39.513,0.5472,0.367,-0.7522,-0.3472,0.9179,0.192,0.761,0.1561,0.6297,25.5,0.0025,1.036,1.042,0.11538,150.5,469.4,159.6,493.2,141.3,445.6,1049,0.926,11
1233,-42.339,-45.587,37.861,0.5368,0.3645,-0.7609,-0.3502,0.9167,0.1927,0.7677,0.163,0.6197,25.5,0.0005,0.795,0.189,0.36075,151.8,468.6,161.0,492.2,142.5,444.8,1049,1.264,11
1234,-41.178,-44.794,36.181,0.5236,0.3596,-0.7724,-0.3686,0.9117,0.1813,0.7694,0.1898,0.6099,25.5,0.0052,1.638,1.273,0.47558,153.0,467.7,162.7,491.3,143.2,444.0,1050,0.814,11
1235,-40.042,-44.009,34.481,0.5149,0.3578,-0.779,-0.399,0.9029,0.1599,0.7606,0.2285,0.6077,25.5,0.0069,2.278,2.189,0.2895,154.2,466.9,164.6,490.2,143.7,443.4,1050,1.378,11
1236,-38.92,-43.225,32.772,0.5105,0.3588,-0.7814,-0.4375,0.8896,0.1309,0.7422,0.2751,0.6112,25.5,0.0064,2.878,2.865,0.13368,155.4,466.0,166.8,489.0,143.9,443.0,1051,0.876,11
1237,-37.802,-42.435,31.061,0.51,0.3626,-0.78,-0.4802,0.8718,0.0969,0.7152,0.3251,0.6187,25.5,0.0044,3.284,3.29,0.10673,156.5,465.2,169.0,487.7,144.0,442.6,1051,1.315,11
1238,-36.682,-41.635,29.357,0.5132,0.3689,-0.7749,-0.523,0.8502,0.0606,0.6812,0.3742,0.6293,25.5,0.0017,3.476,3.446,0.22795,157.7,464.3,171.3,486.3,144.1,442.3,1052,1.071,11
1239,-35.552,-40.818,27.668,0.5199,0.3776,-0.7662,-0.5627,0.8263,0.0252,0.6427,0.418,0.642,25.5,0.0002,3.42,3.342,0.36647,158.9,463.5,173.5,484.8,144.3,442.1,1052,1.12,11
1240,-34.403,-39.979,26.003,0.5295,0.3884,-0.7541,-0.5964,0.8027,-0.0066,0.6028,0.4532,0.6567,25.5,0.001,3.163,2.98,0.49304,160.1,462.6,175.5,483.3,144.7,441.8,1053,1.353,11
1241,-33.251,-39.131,24.344,0.5228,0.3861,-0.76,-0.6228,0.7817,-0.0325,0.5816,0.4903,0.6492,25.5,0.0009,2.486,2.437,0.24118,161.3,461.7,177.4,481.9,145.2,441.5,1053,0.837,11
1242,-32.109,-38.285,22.677,0.5201,0.387,-0.7614,-0.6428,0.7642,-0.0529,0.5614,0.517,0.6462,25.5,0.0017,1.926,1.92,0.08297,162.5,460.8,179.1,480.6,145.9,441.0,1054,1.677,11
1243,-30.97,-37.433,21.011,0.521,0.391,-0.7588,-0.6578,0.7501,-0.0685,0.5424,0.5348,0.648,25.5,0.0026,1.495,1.48,0.12698,163.7,459.9,180.6,479.3,146.7,440.5,1054,0.514,11
1244,-29.824,-36.57,19.356,0.5253,0.3978,-0.7522,-0.6686,0.7393,-0.0799,0.5243,0.5449,0.6543,25.5,0.003,1.241,1.092,0.27216,164.9,459.0,182.1,478.1,147.7,439.9,1055,1.997,11
1245,-28.666,-35.689,17.719,0.5329,0.4074,-0.7416,-0.6761,0.7315,-0.0879,0.5067,0.5483,0.6653,25.5,0.0029,1.205,0.771,0.42365,166.0,458.0,183.4,477.0,148.7,439.2,1055,0.203,11
1246,-27.487,-34.784,16.11,0.5437,0.4197,-0.7268,-0.681,0.7264,-0.0929,0.489,0.5454,0.6807,25.5,0.0021,1.355,0.496,0.57725,167.3,457.1,184.8,475.9,149.8,438.4,1056,2.273,11
1247,-26.282,-33.848,14.538,0.5575,0.4347,-0.7073,-0.6837,0.7235,-0.0954,0.4703,0.5367,0.7005,25.5,0.0008,1.638,0.268,0.7379,168.5,456.1,186.1,474.8,151.0,437.5,1056,0.114,11
1248,-25.043,-32.877,13.015,0.5742,0.4523,-0.6825,-0.6847,0.7225,-0.096,0.4497,0.5224,0.7245,25.5,0.0008,1.989,0.088,0.90754,169.8,455.1,187.4,473.7,152.2,436.5,1056,2.108,11
1249,-23.766,-31.866,11.553,0.5905,0.4698,-0.6562,-0.6845,0.7227,-0.0951,0.4296,0.5053,0.7484,25.5,0.0023,2.04,0.054,0.9304,171.1,454.1,188.6,472.7,153.6,435.5,1057,0.274,11
1250,-22.467,-30.829,10.125,0.5954,0.4773,-0.6463,-0.6836,0.7239,-0.0931,0.4234,0.4972,0.7573,25.5,0.0013,0.776,0.143,0.34914,172.4,453.0,189.9,471.6,154.9,434.4,1057,1.921,11
1251,-21.156,-29.774,8.723,0.602,0.4861,-0.6334,-0.6819,0.7258,-0.0904,0.4158,0.4864,0.7685,25.5,0.0004,0.992,0.213,0.44348,173.7,451.9,191.2,470.6,156.3,433.3,1058,0.363,11
1252,-19.828,-28.698,7.352,0.6104,0.4964,-0.6173,-0.6798,0.7282,-0.0869,0.4063,0.4727,0.782,25.5,0.0002,1.229,0.271,0.54607,175.1,450.8,192.5,469.5,157.7,432.2,1058,1.872,11
1253,-18.48,-27.598,6.021,0.6205,0.5081,-0.5973,-0.6774,0.7309,-0.083,0.3944,0.4562,0.7977,25.5,0.0006,1.472,0.305,0.66115,176.5,449.7,193.8,468.4,159.2,431.0,1059,0.294,11
1254,-17.108,-26.471,4.739,0.6325,0.5215,-0.5727,-0.6749,0.7337,-0.0788,0.3791,0.4364,0.816,25.5,0.0009,1.776,0.323,0.79712,177.8,448.5,195.1,467.4,160.6,429.8,1059,1.98,11
1255,-15.708,-25.312,3.517,0.6463,0.5367,-0.5424,-0.6724,0.7364,-0.0745,0.3594,0.4129,0.8369,25.5,0.0011,2.126,0.324,0.95763,179.3,447.4,196.4,466.2,162.1,428.5,1060,0.166,11
1256,-14.275,-24.118,2.368,0.6622,0.5539,-0.5046,-0.6702,0.7389,-0.0702,0.334,0.3847,0.8605,25.5,0.0009,2.561,0.312,1.16305,180.7,446.1,197.8,465.1,163.6,427.3,1061,1.653,11
1257,-12.805,-22.883,1.312,0.68,0.5733,-0.4571,-0.6684,0.7409,-0.0662,0.3007,0.3505,0.887,25.5,0.0005,3.128,0.276,1.42078,182.2,444.9,199.2,463.8,165.2,426.0,1061,0.546,11
1258,-11.295,-21.605,0.375,0.6991,0.5943,-0.3976,-0.6671,0.7423,-0.0626,0.258,0.309,0.9154,25.5,0.0003,3.78,0.233,1.7256,183.7,443.6,200.7,462.6,166.7,424.7,1062,1.018,11
1259,-9.749,-20.286,-0.441,0.7121,0.6099,-0.3476,-0.6666,0.7431,-0.0596,0.2219,0.2741,0.9357,25.5,0.0008,3.104,0.18,1.41197,185.3,442.3,202.3,461.3,168.3,423.3,1062,1.175,11
1260,-8.177,-18.934,-1.146,0.7232,0.6241,-0.2958,-0.6665,0.7433,-0.0574,0.1841,0.2387,0.9535,25.5,0.0011,3.138,0.127,1.43514,186.8,440.9,203.8,459.9,169.9,422.0,1063,0.252,11
1261,-6.583,-17.553,-1.736,0.732,0.6364,-0.2434,-0.6669,0.7431,-0.0562,0.1451,0.2034,0.9683,25.5,0.0016,3.131,0.073,1.42707,188.4,439.5,205.4,458.5,171.5,420.6,1064,1.567,11
1262,-4.972,-16.148,-2.212,0.7384,0.6467,-0.1914,-0.6673,0.7427,-0.0561,0.1058,0.1692,0.9799,25.5,0.0017,3.058,0.033,1.39698,190.0,438.1,207.0,457.1,173.1,419.2,1064,0.625,11
1263,-3.35,-14.722,-2.576,0.7424,0.6549,-0.1411,-0.6677,0.7422,-0.0575,0.067,0.1369,0.9883,25.5,0.0015,2.933,0.088,1.33753,191.7,436.7,208.7,455.6,174.7,417.8,1065,0.602,11
1264,-1.721,-13.28,-2.832,0.7444,0.6612,-0.0933,-0.6678,0.7419,-0.0605,0.0292,0.1074,0.9938,25.5,0.0009,2.766,0.173,1.2625,193.3,435.3,210.3,454.2,176.3,416.4,1065,1.59,11
1265,-0.09,-11.827,-2.988,0.7446,0.6658,-0.0489,-0.6673,0.7419,-0.0653,-0.0072,0.0813,0.9967,25.5,0.0003,2.572,0.277,1.16777,194.9,433.8,211.9,452.7,177.9,414.9,1066,0.441,11
1266,1.539,-10.364,-3.036,0.743,0.6692,0.0096,-0.6662,0.7423,-0.0721,-0.0554,0.0472,0.9973,25.5,0.0011,3.384,0.395,1.53387,196.5,432.3,213.5,451.3,179.6,413.5,1067,0.646,12
1267,3.163,-8.897,-2.951,0.7392,0.6703,0.0654,-0.6644,0.743,-0.0804,-0.1025,0.016,0.9946,25.5,0.0017,3.241,0.488,1.46387,198.2,430.9,215.1,449.8,181.3,412.0,1067,1.546,12
1268,4.777,-7.43,-2.757,0.7343,0.6698,0.1102,-0.6623,0.7439,-0.0893,-0.1418,-0.0074,0.9899,25.5,0.0021,2.635,0.526,1.17913,199.8,429.4,216.7,448.4,182.9,410.5,1068,0.527,12
1269,6.38,-5.963,-2.475,0.7291,0.6686,0.1462,-0.66,0.7448,-0.098,-0.1744,-0.0251,0.9844,25.5,0.0024,2.149,0.518,0.95193,201.4,428.0,218.2,447.0,184.6,409.0,1069,0.481,12
1270,7.971,-4.5,-2.122,0.7241,0.6671,0.175,-0.658,0.7456,-0.1055,-0.2008,-0.0388,0.9789,25.5,0.0025,1.733,0.447,0.7656,203.0,426.5,219.8,445.5,186.2,407.5,1070,1.403,12
1271,9.552,-3.04,-1.713,0.7195,0.6659,0.1975,-0.6565,0.7461,-0.111,-0.2213,-0.0498,0.9739,25.5,0.0026,1.363,0.328,0.60152,204.5,425.0,221.3,444.1,187.8,406.1,1070,0.82,12
1272,11.124,-1.583,-1.26,0.7154,0.6649,0.2146,-0.656,0.7462,-0.1137,-0.2357,-0.0594,0.97,25.5,0.0024,1.016,0.157,0.46066,206.1,423.6,222.9,442.6,189.4,404.6,1071,0.182,12
1273,12.687,-0.127,-0.777,0.7121,0.6646,0.2265,-0.6566,0.7458,-0.1127,-0.2438,-0.0685,0.9674,25.5,0.0026,0.714,0.071,0.32314,207.7,422.1,224.5,441.2,191.0,403.1,1072,0.951,12
1274,14.244,1.329,-0.272,0.7095,0.665,0.2332,-0.6588,0.7447,-0.107,-0.2448,-0.0777,0.9664,25.5,0.0029,0.533,0.356,0.18825,209.2,420.7,226.1,439.7,192.4,401.7,1072,1.244,12
1275,15.784,2.779,0.295,0.6968,0.6584,0.2847,-0.6626,0.7427,-0.0963,-0.2749,-0.1216,0.9538,25.5,0.0001,3.134,0.661,1.39877,210.8,419.2,227.7,438.2,193.9,400.3,1073,0.435,12
1276,17.297,4.214,0.964,0.6853,0.6522,0.3242,-0.6677,0.74,-0.0813,-0.2929,-0.1607,0.9425,25.5,0.0013,2.55,0.921,1.08841,212.3,417.8,229.4,436.7,195.3,398.9,1074,0.333,12
1277,18.789,5.637,1.704,0.677,0.648,0.349,-0.6734,0.7365,-0.0637,-0.2983,-0.1919,0.935,25.5,0.0009,1.865,1.079,0.69283,213.8,416.4,231.0,435.2,196.6,397.6,1075,1.027,12
1278,20.266,7.054,2.483,0.6727,0.6465,0.3598,-0.6793,0.7325,-0.0448,-0.2925,-0.2143,0.9319,25.5,0.0005,1.338,1.157,0.30659,215.3,414.9,232.7,433.6,197.9,396.2,1075,1.163,12
1279,21.739,8.472,3.27,0.6728,0.6482,0.3567,-0.685,0.7281,-0.0262,-0.2767,-0.2267,0.9338,25.5,0.0017,1.156,1.143,0.0925,216.8,413.5,234.3,432.1,199.3,394.9,1076,0.537,12
1280,23.216,9.896,4.035,0.6772,0.653,0.3392,-0.69,0.7237,-0.0095,-0.2517,-0.2276,0.9407,25.5,0.0021,1.487,1.03,0.48843,218.3,412.1,235.9,430.6,200.6,393.6,1077,0.13,12
1281,24.708,11.334,4.745,0.6855,0.6605,0.3062,-0.6941,0.7198,0.004,-0.2178,-0.2153,0.952,25.5,0.0008,2.165,0.839,0.91158,219.8,410.6,237.5,429.0,202.0,392.2,1078,0.536,12
1282,26.222,12.791,5.364,0.697,0.6698,0.2563,-0.6972,0.7168,0.0126,-0.1753,-0.1874,0.9665,25.5,0.0026,3.029,0.551,1.36167,221.3,409.2,239.1,427.5,203.5,390.8,1079,0.937,12
1283,27.756,14.265,5.885,0.7005,0.6748,0.2323,-0.6988,0.7151,0.0151,-0.1559,-0.1729,0.9725,25.5,0.0035,1.43,0.196,0.64776,222.8,407.7,240.7,426.0,205.0,389.4,1079,1.254,12
1284,29.29,15.747,6.384,0.7009,0.6779,0.2218,-0.6993,0.7147,0.0117,-0.1506,-0.1633,0.975,25.5,0.003,0.644,0.198,0.28656,224.4,406.2,242.3,424.5,206.5,387.9,1080,0.938,12
1285,30.827,17.235,6.851,0.7032,0.6813,0.2032,-0.6987,0.7154,0.0037,-0.1428,-0.1446,0.9791,25.5,0.0032,1.184,0.461,0.49827,225.9,404.7,243.8,423.0,208.1,386.4,1081,0.703,12
1286,32.372,18.732,7.268,0.7072,0.6847,0.1761,-0.6973,0.7168,-0.0075,-0.1314,-0.1175,0.9843,25.5,0.0037,1.711,0.652,0.7221,227.5,403.2,245.4,421.5,209.6,384.8,1082,0.53,12
1287,33.927,20.235,7.616,0.7124,0.6876,0.1399,-0.6952,0.7185,-0.0208,-0.1148,-0.0825,0.99,25.5,0.0041,2.244,0.778,0.95974,229.1,401.7,246.9,420.1,211.3,383.3,1083,0.404,12
1288,35.493,21.743,7.874,0.7182,0.6894,0.0941,-0.6927,0.7203,-0.0347,-0.0917,-0.0403,0.995,25.5,0.0042,2.771,0.816,1.20877,230.6,400.2,248.4,418.6,212.9,381.7,1084,0.322,12
1289,37.073,23.253,8.021,0.7236,0.6891,0.0384,-0.6902,0.7221,-0.048,-0.0608,0.0082,0.9981,25.5,0.0037,3.3,0.782,1.46433,232.2,398.6,250.0,417.1,214.5,380.2,1085,0.288,12
1290,38.662,24.76,8.035,0.7275,0.6856,-0.0272,-0.6878,0.7235,-0.0592,-0.0209,0.0618,0.9979,25.5,0.0027,3.829,0.661,1.72212,233.8,397.1,251.5,415.7,216.2,378.6,1086,0.299,12
1291,40.256,26.258,7.918,0.7271,0.682,-0.0787,-0.686,0.7245,-0.0675,0.0109,0.1031,0.9946,25.5,0.0006,2.993,0.49,1.3508,235.4,395.6,253.1,414.2,217.8,377.1,1087,0.347,12
1292,41.846,27.746,7.694,0.7253,0.6769,-0.1255,-0.6848,0.7251,-0.0731,0.0415,0.1389,0.9894,25.5,0.0033,2.715,0.33,1.23256,237.0,394.1,254.6,412.7,219.5,375.6,1088,0.43,12
1293,43.432,29.222,7.371,0.7223,0.6706,-0.169,-0.6842,0.7253,-0.0764,0.0713,0.1709,0.9827,25.5,0.0051,2.535,0.193,1.15255,238.6,392.7,256.2,411.2,221.1,374.1,1089,0.544,12
1294,45.01,30.683,6.955,0.7183,0.6631,-0.2104,-0.6841,0.7252,-0.0782,0.1008,0.2001,0.9746,25.5,0.0059,2.423,0.103,1.10562,240.2,391.2,257.8,409.7,222.6,372.7,1090,0.687,12
1295,46.579,32.126,6.45,0.7134,0.6544,-0.2507,-0.6845,0.7247,-0.0788,0.1301,0.2278,0.965,25.5,0.0057,2.375,0.05,1.08611,241.7,389.8,259.3,408.3,224.2,371.3,1091,0.855,12
1296,48.135,33.549,5.857,0.7074,0.6443,-0.2906,-0.6853,0.724,-0.0788,0.1596,0.2549,0.9537,25.5,0.0046,2.385,0.061,1.08807,243.3,388.3,260.9,406.8,225.7,369.9,1093,0.928,12
1297,49.677,34.948,5.176,0.7001,0.6325,-0.3313,-0.6865,0.7228,-0.0789,0.1896,0.2827,0.9403,25.5,0.0027,2.466,0.097,1.12491,244.8,387.0,262.5,405.4,227.2,368.5,1094,0.686,12
1298,51.199,36.317,4.401,0.6885,0.6156,-0.3834,-0.688,0.7213,-0.0794,0.2277,0.3185,0.9202,25.5,0.0008,3.21,0.125,1.46545,246.3,385.6,264.0,404.0,228.7,367.2,1095,0.422,12
1299,52.687,37.639,3.486,0.6699,0.5917,-0.4485,-0.6897,0.7196,-0.0806,0.2751,0.3633,0.8902,25.5,0.0001,4.114,0.154,1.87873,247.8,384.3,265.5,402.7,230.1,366.0,1096,0.138,12
1300,54.136,38.913,2.45,0.6541,0.572,-0.4949,-0.6909,0.7183,-0.0815,0.3089,0.3953,0.8651,25.5,0.0007,3.03,0.114,1.3821,249.2,383.0,266.9,401.4,231.5,364.8,1097,0.218,12
1301,55.555,40.148,1.328,0.6417,0.5566,-0.5277,-0.6914,0.7179,-0.0813,0.3336,0.417,0.8455,25.5,0.0012,2.193,0.038,1.00174,250.6,381.8,268.3,400.1,232.9,363.6,1098,0.567,12
1302,56.951,41.354,0.146,0.633,0.5455,-0.5494,-0.6906,0.7189,-0.0792,0.3518,0.4295,0.8317,25.5,0.0015,1.492,0.141,0.67688,252.0,380.6,269.7,398.9,234.3,362.4,1100,0.898,12
1303,58.331,42.541,-1.071,0.6285,0.5389,-0.5608,-0.688,0.722,-0.0742,0.3649,0.4324,0.8245,25.5,0.0017,0.872,0.368,0.36421,253.3,379.5,270.9,397.9,235.7,361.1,1101,0.477,12
1304,59.709,43.72,-2.303,0.6295,0.538,-0.5605,-0.683,0.7275,-0.0653,0.3726,0.424,0.8255,25.5,0.002,0.655,0.664,0.03603,254.6,378.3,272.1,396.8,237.2,359.9,1102,0.156,13
1305,61.094,44.903,-3.515,0.6356,0.5422,-0.5496,-0.6751,0.7359,-0.0518,0.3764,0.4039,0.8338,25.5,0.0016,1.265,1.017,0.34501,256.0,377.2,273.2,395.9,238.8,358.5,1103,0.585,13
1306,62.457,46.058,-4.783,0.6109,0.5148,-0.6015,-0.6641,0.7469,-0.0338,0.4319,0.4201,0.7981,25.5,0.0009,3.894,1.363,1.66581,257.3,376.1,274.2,395.0,240.4,357.1,1105,0.366,13
1307,63.785,47.172,-6.123,0.6055,0.5058,-0.6144,-0.6523,0.7578,-0.0153,0.4579,0.4101,0.7888,25.5,0.0023,1.683,1.404,0.43492,258.6,375.0,275.2,394.2,242.0,355.7,1106,0.435,13
1308,65.132,48.294,-7.437,0.6314,0.5249,-0.5708,-0.6426,0.7662,-0.0014,0.4366,0.3677,0.8211,25.5,0.0028,3.289,1.084,1.41741,259.9,373.9,276.2,393.4,243.5,354.4,1108,0.084,13
1309,66.607,49.522,-8.474,0.727,0.6054,-0.3239,-0.6385,0.7696,0.0033,0.2512,0.2044,0.9461,25.5,0.0007,15.915,0.407,7.29143,261.3,372.7,277.5,392.2,245.1,353.2,1110,0.166,13
1310,68.264,50.898,-8.629,0.7446,0.6183,0.2516,-0.6391,0.7691,0.0003,-0.1933,-0.161,0.9678,25.5,0.0003,33.467,0.178,15.49961,262.9,371.3,279.2,390.9,246.7,351.8,1113,0.11,13
1311,69.64,52.041,-7.414,0.5176,0.4301,0.7397,-0.6387,0.7694,-0.0004,-0.5693,-0.4723,0.6729,25.5,0.0,33.137,0.049,15.32134,264.4,370.2,280.6,389.7,248.1,350.6,1115,0.306,13
1312,70.542,52.791,-5.579,0.3286,0.2737,0.9039,-0.6385,0.7696,-0.0009,-0.6959,-0.5769,0.4277,25.5,0.0,16.971,0.033,7.79189,265.3,369.4,281.6,388.9,249.1,349.8,1117,0.03,13
1313,71.16,53.306,-3.543,0.2498,0.2086,0.9456,-0.6384,0.7697,-0.0012,-0.7281,-0.6033,0.3254,25.5,0.0,6.332,0.019,2.89169,266.0,368.8,282.3,388.4,249.8,349.2,1118,0.586,13
1314,71.668,53.732,-1.455,0.2184,0.1827,0.9586,-0.6382,0.7699,-0.0015,-0.7383,-0.6115,0.2848,25.5,0.0002,2.444,0.024,1.11733,266.6,368.3,282.9,387.9,250.3,348.7,1119,0.873,13
1315,72.128,54.116,0.655,0.2026,0.1695,0.9645,-0.6381,0.77,-0.0016,-0.7429,-0.6151,0.2642,25.5,0.0003,1.227,0.01,0.55947,267.2,367.9,283.4,387.5,250.9,348.2,1120,0.839,13
1316,72.562,54.479,2.77,0.1943,0.1625,0.9674,-0.6379,0.7701,-0.0017,-0.7452,-0.6168,0.2533,25.5,0.0004,0.646,0.014,0.29415,267.7,367.4,284.0,387.1,251.4,347.8,1121,0.491,13
1317,72.983,54.831,4.892,0.1905,0.1593,0.9687,-0.6378,0.7702,-0.0017,-0.7463,-0.6175,0.2483,25.5,0.0005,0.296,0.008,0.13423,268.2,367.0,284.5,386.7,251.9,347.3,1122,0.438,13
1318,73.399,55.179,7.015,0.19,0.1587,0.9689,-0.6376,0.7703,-0.0016,-0.7466,-0.6175,0.2475,25.5,0.0004,0.049,0.014,0.02108,268.7,366.6,285.0,386.3,252.4,346.9,1123,1.345,13
1319,73.817,55.528,9.137,0.1921,0.1604,0.9682,-0.6375,0.7705,-0.0016,-0.7462,-0.6169,0.2502,25.5,0.0004,0.16,0.012,0.07301,269.2,366.2,285.5,385.9,252.9,346.4,1123,0.894,13
1320,74.242,55.883,11.256,0.1968,0.1641,0.9666,-0.6372,0.7707,-0.0015,-0.7452,-0.6157,0.2562,25.5,0.0004,0.355,0.021,0.16194,269.7,365.8,286.1,385.5,253.4,346.0,1124,0.382,13
1321,74.681,56.249,13.372,0.2041,0.17,0.9641,-0.637,0.7709,-0.0014,-0.7434,-0.6138,0.2656,25.5,0.0003,0.559,0.017,0.25401,270.2,365.3,286.6,385.1,253.9,345.5,1125,1.782,13
1322,75.126,56.619,15.482,0.1986,0.1654,0.966,-0.6366,0.7712,-0.0013,-0.7452,-0.6147,0.2584,25.5,0.0001,0.428,0.029,0.19418,270.8,364.9,287.2,384.7,254.4,345.1,1125,0.411,13
1323,75.55,56.973,17.592,0.191,0.1591,0.9686,-0.6362,0.7715,-0.0013,-0.7475,-0.616,0.2486,25.5,0.0,0.582,0.029,0.26822,271.3,364.5,287.7,384.3,254.9,344.6,1126,1.187,13
1324,75.963,57.316,19.716,0.186,0.155,0.9702,-0.6358,0.7718,-0.0012,-0.7491,-0.6167,0.2422,25.5,0.0002,0.38,0.029,0.17423,271.8,364.0,288.2,383.9,255.4,344.2,1126,1.038,13
1325,76.367,57.653,21.845,0.1828,0.1523,0.9713,-0.6353,0.7722,-0.0012,-0.7503,-0.6169,0.2379,25.5,0.0003,0.256,0.037,0.11307,272.3,363.6,288.7,383.6,255.9,343.7,1127,0.711,13
1326,76.765,57.985,23.976,0.1807,0.1505,0.972,-0.6348,0.7727,-0.0013,-0.7512,-0.6168,0.2352,25.5,0.0003,0.163,0.041,0.07452,272.8,363.2,289.2,383.2,256.4,343.3,1127,1.567,13
1327,77.16,58.314,26.108,0.1795,0.1495,0.9723,-0.6342,0.7731,-0.0014,-0.7519,-0.6165,0.2336,25.5,0.0004,0.102,0.042,0.04152,273.3,362.8,289.7,382.8,256.9,342.8,1128,0.393,13
1328,77.553,58.641,28.239,0.1791,0.1491,0.9725,-0.6337,0.7736,-0.0014,-0.7525,-0.616,0.233,25.5,0.0005,0.056,0.04,0.0156,273.8,362.4,290.2,382.5,257.4,342.4,1129,1.978,13
1329,77.945,58.968,30.37,0.1793,0.1493,0.9724,-0.6331,0.7741,-0.0016,-0.753,-0.6153,0.2333,25.5,0.0005,0.052,0.046,0.0078,274.3,362.0,290.7,382.1,257.9,341.9,1129,0.451,13
1330,78.339,59.296,32.5,0.1802,0.1499,0.9721,-0.6324,0.7746,-0.0017,-0.7533,-0.6145,0.2344,25.5,0.0005,0.08,0.05,0.02934,274.8,361.6,291.2,381.7,258.4,341.5,1130,1.524,13
1331,78.735,59.625,34.629,0.1817,0.1511,0.9717,-0.6318,0.7751,-0.0018,-0.7534,-0.6136,0.2363,25.5,0.0006,0.121,0.045,0.05129,275.3,361.2,291.7,381.4,258.9,341.1,1130,0.813,13
1332,79.136,59.958,36.757,0.1838,0.1528,0.971,-0.6312,0.7756,-0.002,-0.7535,-0.6125,0.239,25.5,0.0006,0.167,0.046,0.07298,275.8,360.8,292.2,381.0,259.4,340.6,1131,1.008,13
1333,79.542,60.295,38.884,0.1868,0.1551,0.9701,-0.6305,0.7762,-0.0022,-0.7533,-0.6113,0.2428,25.5,0.0005,0.229,0.054,0.10159,276.3,360.4,292.7,380.6,259.9,340.1,1131,1.31,13
1334,79.955,60.638,41.009,0.1906,0.1582,0.9688,-0.6299,0.7767,-0.0024,-0.7528,-0.6098,0.2477,25.5,0.0005,0.295,0.046,0.13259,276.8,359.9,293.3,380.2,260.4,339.7,1132,0.443,13
1335,80.378,60.99,43.132,0.1956,0.1622,0.9672,-0.6293,0.7772,-0.0027,-0.7521,-0.6081,0.2541,25.5,0.0004,0.382,0.048,0.17243,277.4,359.5,293.8,379.8,260.9,339.2,1133,1.688,13
1336,80.814,61.351,45.252,0.2021,0.1674,0.9649,-0.6287,0.7776,-0.0029,-0.7509,-0.6061,0.2624,25.5,0.0003,0.494,0.043,0.22558,277.9,359.1,294.3,379.4,261.5,338.7,1133,0.608,13
1337,81.266,61.725,47.363,0.2108,0.1744,0.9618,-0.6281,0.7781,-0.0032,-0.749,-0.6035,0.2736,25.5,0.0002,0.668,0.048,0.30294,278.5,358.6,294.9,379.0,262.0,338.2,1134,0.689,13
1338,81.739,62.116,49.461,0.2228,0.184,0.9573,-0.6276,0.7785,-0.0035,-0.7459,-0.6,0.289,25.5,0.0001,0.922,0.041,0.41978,279.0,358.1,295.5,378.5,262.6,337.7,1134,1.553,13
1339,82.247,62.535,51.556,0.2406,0.1983,0.9502,-0.6271,0.7789,-0.0038,-0.7409,-0.5949,0.3117,25.5,0.0,1.364,0.041,0.62397,279.7,357.6,296.1,378.1,263.2,337.2,1135,0.611,13
1340,82.802,62.992,53.624,0.2695,0.2215,0.9372,-0.6266,0.7793,-0.0041,-0.7313,-0.5862,0.3488,25.5,0.0001,2.252,0.041,1.02774,280.3,357.1,296.8,377.6,263.9,336.6,1136,0.099,13
1341,83.449,63.523,55.654,0.3284,0.2688,0.9055,-0.6262,0.7796,-0.0044,-0.7071,-0.5656,0.4244,25.5,0.0001,4.7,0.033,2.13853,281.1,356.4,297.6,377.0,264.6,335.9,1137,0.453,13
1342,84.244,64.172,57.57,0.4019,0.3278,0.855,-0.6259,0.7799,-0.0048,-0.6684,-0.5332,0.5185,25.5,0.0,6.121,0.033,2.81961,282.0,355.7,298.5,376.2,265.5,335.2,1138,0.517,13
1343,85.23,64.975,59.35,0.507,0.4117,0.7573,-0.6255,0.7802,-0.0053,-0.593,-0.471,0.6531,25.5,0.0001,9.542,0.041,4.35829,283.1,354.8,299.6,375.4,266.6,334.2,1139,0.227,13
1344,86.505,66.007,60.788,0.6773,0.5467,0.4923,-0.6252,0.7804,-0.0062,-0.3876,-0.3036,0.8704,25.5,0.0001,19.731,0.056,9.04871,284.5,353.7,301.0,374.3,268.0,333.1,1140,0.392,13
1345,88.162,67.339,61.176,0.7789,0.6246,-0.0568,-0.6253,0.7804,-0.0079,0.0393,0.0417,0.9984,25.5,0.0008,32.746,0.097,15.15051,286.3,352.3,302.8,372.9,269.8,331.7,1142,0.077,14
1346,89.778,68.628,60.513,0.6831,0.5429,-0.4885,-0.6253,0.7803,-0.01,0.3757,0.3124,0.8725,25.5,0.0014,25.992,0.12,11.97385,287.9,351.0,304.4,371.6,271.4,330.4,1143,0.701,14
1347,91.193,69.75,59.276,0.6185,0.4885,-0.6155,-0.6254,0.7802,-0.0125,0.4741,0.3927,0.7881,25.5,0.002,8.745,0.143,3.99616,289.3,349.9,305.8,370.4,272.8,329.3,1145,0.655,14
1348,92.513,70.787,57.87,0.5903,0.4613,-0.6624,-0.6308,0.7757,-0.0212,0.5041,0.4304,0.7488,25.5,0.0005,3.563,0.641,1.59908,290.6,348.9,307.2,369.3,273.9,328.5,1146,0.647,14
1349,93.763,71.761,56.36,0.5519,0.4288,-0.7153,-0.6454,0.7628,-0.0408,0.5281,0.4841,0.6977,25.5,0.0001,4.465,1.583,1.91131,291.8,347.9,308.9,368.0,274.8,327.9,1147,0.914,14
1350,94.946,72.678,54.76,0.5309,0.4103,-0.7415,-0.6647,0.7441,-0.0668,0.5244,0.5283,0.6678,25.5,0.0019,3.065,2.143,1.00265,292.9,347.0,310.5,366.6,275.4,327.6,1147,1.276,14
1351,96.098,73.565,53.121,0.5224,0.4009,-0.7526,-0.6816,0.726,-0.0909,0.51,0.5605,0.6525,25.5,0.0034,2.203,1.98,0.44056,294.0,346.2,312.1,365.2,276.0,327.2,1148,0.758,14
1352,97.241,74.439,51.47,0.5229,0.3978,-0.7539,-0.6903,0.7159,-0.1052,0.4978,0.5754,0.6489,25.5,0.0031,1.123,1.12,0.08888,295.1,345.4,313.4,364.1,276.9,326.7,1149,0.015,14
1353,98.396,75.312,49.825,0.5328,0.4006,-0.7454,-0.6851,0.7213,-0.1019,0.4968,0.565,0.6588,25.5,0.0001,0.825,0.469,0.34901,296.2,344.5,314.3,363.4,278.1,325.8,1150,0.95,14
1354,99.558,76.186,48.188,0.5265,0.3957,-0.7525,-0.6603,0.7473,-0.0744,0.5329,0.536,0.6547,25.5,0.004,2.664,2.593,0.2795,297.3,343.7,314.7,363.2,279.9,324.2,1150,1.239,14
1355,100.707,77.047,46.534,0.524,0.3907,-0.7568,-0.6159,0.7874,-0.0258,0.5858,0.4796,0.6533,25.5,0.0044,4.432,4.417,0.1845,298.4,342.9,314.5,363.5,282.2,322.3,1151,0.109,14
1356,101.86,77.899,44.878,0.5305,0.3882,-0.7535,-0.5559,0.8305,0.0352,0.6395,0.4002,0.6564,25.5,0.001,5.497,5.491,0.20162,299.5,342.1,313.9,363.9,285.0,320.3,1152,1.157,14
1357,103.036,78.749,43.238,0.5439,0.3883,-0.7439,-0.4883,0.8671,0.0988,0.6834,0.3095,0.6612,25.5,0.0024,5.782,5.719,0.43125,300.6,341.3,313.2,364.1,287.9,318.5,1152,1.034,14
1358,104.246,79.601,41.622,0.5608,0.39,-0.7303,-0.4237,0.8924,0.1552,0.7123,0.2224,0.6657,25.5,0.0029,5.266,5.124,0.56919,301.7,340.5,312.5,363.9,290.9,317.0,1153,0.325,14
1359,105.472,80.454,40.02,0.559,0.3885,-0.7325,-0.3718,0.907,0.1978,0.7413,0.1618,0.6514,25.5,0.0004,3.936,3.938,0.08409,302.9,339.7,312.2,363.5,293.5,315.8,1154,1.739,14
1360,106.698,81.304,38.417,0.5613,0.3877,-0.7312,-0.3333,0.9148,0.2282,0.7574,0.1156,0.6427,25.5,0.0007,2.847,2.846,0.0722,304.0,338.9,312.3,363.0,295.7,314.7,1154,0.452,14
1361,107.933,82.153,36.819,0.5674,0.3874,-0.7267,-0.3061,0.9188,0.2493,0.7642,0.081,0.6399,25.5,0.0011,2.027,1.986,0.19839,305.2,338.1,312.7,362.3,297.6,313.8,1155,0.976,14
1362,109.186,83.001,35.235,0.5768,0.3874,-0.7192,-0.2881,0.9207,0.2633,0.7642,0.0553,0.6427,25.5,0.0011,1.481,1.311,0.31449,306.4,337.3,313.4,361.5,299.3,313.0,1155,1.214,14
1363,110.463,83.85,33.671,0.5898,0.3876,-0.7084,-0.2769,0.9215,0.2723,0.7584,0.0355,0.6508,25.5,0.001,1.27,0.825,0.44211,307.6,336.6,314.3,360.7,300.8,312.2,1156,0.192,14
1364,111.773,84.699,32.134,0.607,0.388,-0.6935,-0.2705,0.9217,0.278,0.7471,0.0189,0.6645,25.5,0.0006,1.393,0.491,0.59535,308.8,335.8,315.3,359.9,302.2,311.4,1157,1.535,14
1365,113.126,85.55,30.636,0.6296,0.3885,-0.6728,-0.2668,0.9216,0.2817,0.7295,0.0021,0.6839,25.5,0.0005,1.783,0.3,0.80179,310.1,335.0,316.5,359.1,303.6,310.6,1157,0.657,14
1366,114.537,86.401,29.193,0.6597,0.3887,-0.6432,-0.2637,0.9215,0.2852,0.7036,-0.0185,0.7104,25.5,0.0008,2.429,0.268,1.10465,311.4,334.2,317.8,358.3,305.0,309.8,1158,0.588,14
1367,116.003,87.254,27.808,0.6786,0.3899,-0.6225,-0.2593,0.9213,0.2898,0.6865,-0.0352,0.7263,25.5,0.0029,1.645,0.365,0.73397,312.8,333.4,319.0,357.5,306.6,309.0,1158,1.604,14
1368,117.509,88.108,26.466,0.6966,0.3899,-0.6023,-0.2529,0.9208,0.2969,0.6703,-0.0545,0.7401,25.5,0.004,1.646,0.548,0.70769,314.3,332.6,320.3,356.7,308.2,308.3,1159,0.512,14
1369,119.055,88.961,25.169,0.7149,0.3885,-0.5813,-0.2442,0.9196,0.3077,0.6542,-0.078,0.7523,25.5,0.0038,1.776,0.798,0.72944,315.7,331.8,321.5,355.9,309.9,307.5,1160,0.472,14
1370,120.642,89.809,23.921,0.7346,0.3857,-0.5583,-0.2326,0.9172,0.3235,0.6368,-0.1078,0.7634,25.5,0.0023,2.077,1.131,0.79575,317.3,331.0,322.7,355.0,311.8,306.7,1161,1.212,14
1371,122.275,90.649,22.726,0.7571,0.3806,-0.5309,-0.2177,0.9129,0.3453,0.6161,-0.1459,0.774,25.5,0.0007,2.558,1.533,0.93663,318.8,330.2,323.8,354.1,313.8,306.0,1161,1.001,14
1372,123.964,91.475,21.6,0.7851,0.372,-0.4952,-0.199,0.9057,0.3744,0.5878,-0.1954,0.7851,25.5,0.0047,3.329,2.024,1.20793,320.5,329.4,324.9,353.2,316.0,305.4,1162,0.408,14
1373,125.722,92.276,20.572,0.8237,0.361,-0.4373,-0.1757,0.8942,0.4117,0.5396,-0.2623,0.8,25.5,0.002,4.802,2.605,1.8444,322.2,328.7,325.9,352.1,318.4,304.9,1163,0.036,14
1374,127.57,93.053,19.692,0.8627,0.3469,-0.3679,-0.148,0.8766,0.458,0.4814,-0.3406,0.8076,25.5,0.0079,5.609,3.252,2.11608,324.0,327.9,326.9,351.0,321.0,304.5,1164,0.333,14
1375,129.495,93.79,18.951,0.893,0.3245,-0.3118,-0.1169,0.85,0.5137,0.4317,-0.4224,0.797,25.5,0.0113,5.52,3.961,1.76851,325.9,327.2,327.9,349.7,323.8,304.4,1165,0.497,14
1376,131.474,94.469,18.305,0.9121,0.2948,-0.2847,-0.0831,0.811,0.5791,0.4016,-0.5045,0.7643,25.5,0.0016,5.351,4.775,1.16461,327.8,326.6,328.9,348.1,326.8,304.7,1166,0.539,14
1377,133.506,95.075,17.756,0.9418,0.2579,-0.2157,-0.0478,0.7551,0.6539,0.3315,-0.6056,0.7235,25.5,0.0087,7.431,5.722,2.1907,329.8,326.0,329.8,346.1,329.9,305.4,1167,0.467,14
1378,135.592,95.596,17.34,0.9614,0.2168,-0.1697,-0.0119,0.6736,0.739,0.2745,-0.7084,0.6502,25.5,0.0092,7.943,7.062,1.69355,331.9,325.5,330.8,343.6,333.1,306.9,1168,0.286,14
1379,137.714,96.017,17.002,0.9782,0.1636,-0.1277,0.0237,0.5538,0.8323,0.2069,-0.8172,0.5379,25.5,0.0075,9.772,8.945,1.82743,334.0,325.1,331.8,340.3,336.3,309.5,1169,0.011,14
1380,139.872,96.309,16.773,0.9904,0.1038,-0.0908,0.0544,0.3774,0.9244,0.1302,-0.9206,0.3682,25.5,0.0091,12.228,11.556,1.86648,336.2,324.8,333.0,335.6,339.5,313.6,1170,0.389,14
1381,142.05,96.46,16.601,0.9977,0.0294,-0.0616,0.0717,0.12,0.9902,0.0365,-0.9924,0.1176,25.5,0.0141,15.923,15.3,2.10055,338.4,324.6,334.6,329.0,342.3,320.1,1172,0.733,14
1382,144.236,96.442,16.471,0.9973,-0.0494,-0.0543,0.0604,-0.2153,0.9747,-0.0599,-0.9755,-0.2117,25.5,0.0179,19.781,19.334,2.07119,340.6,324.7,337.0,320.5,344.2,328.9,1173,0.058,14
1383,146.409,96.225,16.32,0.9855,-0.1489,-0.0816,0.0075,-0.5509,0.8346,-0.1693,-0.8232,-0.5419,25.5,0.0213,21.89,21.176,2.71895,342.7,324.9,340.8,312.0,344.7,338.1,1175,0.636,14
1384,148.536,95.786,16.047,0.9548,-0.2493,-0.1617,-0.0754,-0.779,0.6225,-0.2812,-0.5823,-0.7628,25.5,0.0216,19.894,18.548,3.45975,344.9,325.4,345.5,306.3,344.3,344.7,1176,0.287,14
1385,150.557,95.145,15.518,0.8831,-0.3359,-0.3276,-0.1593,-0.8853,0.4369,-0.4368,-0.3337,-0.8354,25.5,0.0136,17.377,13.193,5.2619,346.9,326.0,350.0,304.0,343.7,348.3,1178,0.115,14
1386,152.365,94.346,14.588,0.7469,-0.3752,-0.549,-0.2275,-0.92,0.3191,-0.6248,-0.1134,-0.7725,25.5,0.0001,17.043,8.055,6.91813,348.6,326.9,353.7,303.8,343.4,350.2,1180,0.035,14
1387,153.832,93.523,13.192,0.6076,-0.3754,-0.6999,-0.2717,-0.9266,0.26,-0.7462,0.0322,-0.665,25.5,0.0008,12.511,4.246,5.39064,350.0,327.8,356.3,304.4,343.5,351.3,1182,0.166,14
1388,155.061,92.71,11.573,0.5181,-0.3656,-0.7732,-0.2814,-0.9273,0.2469,-0.8073,0.0897,-0.5833,25.5,0.0023,6.713,0.935,3.03993,351.1,328.7,357.7,305.3,344.4,352.2,1184,0.588,14
1389,156.076,91.932,9.796,0.4175,-0.3469,-0.8399,-0.245,-0.932,0.2671,-0.8754,0.0942,-0.4741,25.5,0.0033,7.383,2.4,3.19935,351.9,329.6,357.6,306.1,346.2,353.2,1185,0.192,14
1390,156.931,91.179,7.926,0.3694,-0.3426,-0.8638,-0.1576,-0.9374,0.3107,-0.9161,0.0214,-0.4003,25.5,0.0054,6.384,5.607,1.40953,352.6,330.4,356.0,306.9,349.3,354.1,1187,0.629,14
1391,157.717,90.419,6.028,0.3463,-0.3501,-0.8704,-0.0125,-0.9298,0.3679,-0.9381,-0.1165,-0.3263,25.5,0.001,9.064,8.956,0.65843,353.2,331.3,352.7,308.1,353.8,354.7,1188,0.03,14
1392,158.414,89.654,4.098,0.2932,-0.3528,-0.8886,0.1819,-0.8879,0.4225,-0.9381,-0.2855,-0.1961,25.5,0.0088,12.246,11.837,1.47042,353.8,332.1,348.2,310.1,359.4,354.4,1189,0.521,14
1393,159.032,88.859,2.152,0.276,-0.3691,-0.8875,0.3681,-0.8115,0.4538,-0.8877,-0.4519,-0.0881,25.5,0.0016,11.748,11.691,0.62052,354.2,333.0,343.9,313.0,364.7,353.3,1191,0.678,14
1394,159.616,88.046,0.204,0.2552,-0.3782,-0.8899,0.5096,-0.7266,0.4608,-0.8208,-0.5711,0.0073,25.5,0.0052,9.562,9.474,0.59725,354.6,333.9,340.7,316.1,368.8,352.0,1192,0.22,14
1395,160.143,87.186,-1.74,0.2254,-0.4099,-0.8839,0.6129,-0.6463,0.4546,-0.7576,-0.6442,0.1056,25.5,0.0012,7.904,7.51,1.14894,355.0,334.9,338.5,319.1,371.7,350.9,1193,0.226,14
1396,160.606,86.254,-3.667,0.2008,-0.4333,-0.8786,0.6839,-0.5787,0.4442,-0.701,-0.6901,0.1801,25.5,0.0022,5.973,5.651,0.89889,355.3,335.9,337.0,321.8,373.8,350.2,1194,0.67,14
1397,161.028,85.292,-5.588,0.1854,-0.4465,-0.8754,0.7306,-0.527,0.4341,-0.6552,-0.72,0.2286,25.5,0.0093,4.189,4.034,0.5372,355.5,337.0,336.1,324.2,375.2,349.9,1196,0.597,14
1398,161.418,84.295,-7.5,0.1701,-0.4645,-0.8691,0.764,-0.4874,0.4228,-0.62,-0.7359,0.272,25.5,0.0111,3.329,3.038,0.63945,355.7,338.1,335.5,326.2,376.2,350.0,1197,0.097,14
1399,161.772,83.251,-9.393,0.152,-0.4896,-0.8586,0.7927,-0.4535,0.4074,-0.5889,-0.7426,0.3191,25.5,0.0073,3.257,2.694,0.85474,355.9,339.2,335.0,328.2,377.1,350.3,1198,0.456,14
1400,162.079,82.141,-11.256,0.1269,-0.5272,-0.8402,0.8231,-0.4182,0.3841,-0.5539,-0.7403,0.3809,25.5,0.0022,4.072,2.985,1.27666,356.1,340.4,334.5,330.3,377.9,350.6,1200,0.462,14
1401,162.316,80.932,-13.066,0.0918,-0.5734,-0.8141,0.8557,-0.379,0.3525,-0.5107,-0.729,0.4558,25.5,0.0089,4.998,3.437,1.66544,356.1,341.7,333.8,332.5,378.7,350.9,1201,0.282,14
1402,162.492,79.644,-14.829,0.0697,-0.6003,-0.7967,0.8686,-0.3626,0.3376,-0.4916,-0.7156,0.4962,25.5,0.0092,2.673,1.469,1.01793,356.2,343.0,333.5,334.3,379.0,351.8,1203,0.227,14
1403,162.627,78.307,-16.561,0.0543,-0.6182,-0.7842,0.834,-0.4064,0.3732,-0.5494,-0.6743,0.4935,25.5,0.0039,4.074,3.794,0.69862,356.1,344.4,334.3,334.6,378.2,354.3,1205,0.487,14
1404,162.732,76.94,-18.267,0.0428,-0.6298,-0.7756,0.6921,-0.5367,0.4826,-0.7202,-0.5575,0.4129,25.5,0.0067,12.749,12.72,0.48309,356.1,345.8,337.7,332.9,374.8,359.0,1206,0.551,14
1405,162.757,75.489,-19.907,-0.0008,-0.6692,-0.743,0.1553,-0.7382,0.6564,-0.9879,-0.1149,0.1045,25.5,0.0062,35.048,34.864,1.75906,356.0,347.3,350.6,329.6,361.4,365.4,1209,0.484,14
1406,162.731,74.024,-21.534,-0.0214,-0.6575,-0.7531,-0.8885,-0.3348,0.3139,-0.4585,0.6759,-0.577,25.5,0.0027,71.64,71.626,0.67375,355.8,348.9,377.4,340.8,334.0,357.0,1211,0.274,14
1407,162.67,72.594,-23.192,-0.0287,-0.6247,-0.7803,-0.9993,0.0105,0.0357,-0.0141,0.7808,-0.6246,25.5,0.0057,26.541,26.421,1.13106,355.6,350.3,380.7,350.6,330.5,350.0,1213,0.045,14
1408,162.614,71.352,-24.993,-0.0235,-0.5248,-0.8509,-0.989,-0.1195,0.0867,-0.1472,0.8437,-0.5163,25.5,0.0122,10.486,8.03,3.20766,355.4,351.6,380.0,348.7,330.7,354.5,1216,0.438,14
1409,162.564,70.24,-26.881,-0.0222,-0.4939,-0.8692,-0.9592,-0.2419,0.1465,-0.2827,0.8371,-0.4684,25.5,0.0134,8.25,7.996,0.93968,355.2,352.8,378.9,346.9,331.4,358.7,1218,0.049,14
1410,162.519,69.203,-28.808,-0.0193,-0.4311,-0.9021,-0.9274,0.3418,-0.1523,0.374,0.8337,-0.4064,25.5,0.0079,38.514,38.324,1.85747,355.0,353.9,378.6,362.3,331.4,345.5,1220,0.308,14
1411,162.45,68.185,-30.743,-0.0484,-0.5065,-0.8609,-0.8663,0.4537,-0.2089,0.4964,0.7357,-0.4607,25.5,0.008,9.518,7.999,2.37722,354.7,355.0,377.0,366.2,332.6,343.8,1222,0.431,14
1412,162.336,67.054,-32.616,-0.0573,-0.5254,-0.849,-0.8947,0.4067,-0.1847,0.4423,0.749,-0.4933,25.5,0.0056,3.699,3.439,0.62883,354.4,356.1,377.3,366.2,331.7,346.1,1224,0.332,14
1413,162.196,65.88,-34.461,-0.0713,-0.5466,-0.8344,-0.896,0.4027,-0.187,0.4382,0.7343,-0.5185,25.5,0.0002,1.688,0.275,0.76604,354.1,357.4,377.0,367.3,331.4,347.5,1226,0.111,14
1414,162.018,64.652,-36.266,-0.0934,-0.577,-0.8114,-0.8806,0.4261,-0.2071,0.4653,0.6952,-0.5479,25.5,0.0044,3.205,1.976,1.15252,353.8,358.6,376.3,369.1,331.4,348.2,1227,0.725,14
1415,161.776,63.339,-38.001,-0.1251,-0.6223,-0.7727,-0.8569,0.4586,-0.2353,0.5008,0.6327,-0.5906,25.5,0.0036,4.792,2.815,1.76647,353.4,360.0,375.4,371.3,331.6,348.8,1229,0.112,14
1416,161.481,61.94,-39.66,-0.144,-0.6533,-0.7433,-0.8299,0.4902,-0.2663,0.5383,0.5785,-0.6128,25.5,0.0028,3.986,2.971,1.22218,353.0,361.4,374.4,373.4,331.8,349.4,1230,0.449,14
1417,161.144,60.482,-41.261,-0.1642,-0.676,-0.7184,-0.7996,0.5203,-0.2997,0.5764,0.5252,-0.626,25.5,0.0051,3.83,3.107,1.0277,352.5,362.9,373.2,375.7,332.0,350.2,1232,0.86,15
1418,160.76,58.983,-42.81,-0.1862,-0.6921,-0.6974,-0.7659,0.5487,-0.3352,0.6146,0.4717,-0.6323,25.5,0.0034,3.784,3.243,0.90024,352.0,364.4,371.9,377.8,332.3,351.1,1233,0.544,15
1419,160.326,57.455,-44.318,-0.2105,-0.7026,-0.6797,-0.729,0.5746,-0.372,0.652,0.4172,-0.6331,25.5,0.0026,3.788,3.335,0.833,351.5,365.9,370.5,380.0,332.6,352.0,1234,0.313,15
1420,159.842,55.903,-45.786,-0.2293,-0.716,-0.6594,-0.69,0.5972,-0.409,0.6867,0.3612,-0.6309,25.5,0.0003,3.777,3.342,0.80427,350.9,367.5,369.0,382.1,332.9,353.0,1235,0.169,15
1421,159.321,54.32,-47.207,-0.2476,-0.7295,-0.6376,-0.6498,0.616,-0.4452,0.7176,0.3041,-0.6266,25.5,0.0046,3.729,3.282,0.82408,350.2,369.1,367.5,384.1,333.3,354.2,1236,0.114,15
1422,158.755,52.711,-48.581,-0.2697,-0.7387,-0.6177,-0.6094,0.6311,-0.4799,0.7444,0.247,-0.6204,25.5,0.0054,3.632,3.172,0.8144,349.6,370.7,365.8,386.1,333.5,355.4,1237,0.15,15
1423,158.138,51.086,-49.914,-0.2944,-0.7438,-0.6,-0.5693,0.6427,-0.5126,0.767,0.1907,-0.6127,25.5,0.0029,3.504,3.039,0.80606,348.9,372.3,364.2,388.0,333.8,356.8,1238,0.278,15
1424,157.464,49.455,-51.211,-0.3208,-0.7451,-0.5848,-0.5304,0.6511,-0.543,0.7853,0.136,-0.604,25.5,0.0026,3.343,2.87,0.79768,348.1,373.9,362.5,389.8,333.9,358.2,1239,0.501,15
1425,156.738,47.822,-52.478,-0.3369,-0.7476,-0.5723,-0.4931,0.6566,-0.5707,0.8025,0.09,-0.5898,25.5,0.0019,2.929,2.681,0.53712,347.3,375.5,360.8,391.6,334.0,359.8,1240,0.82,15
1426,155.989,46.179,-53.718,-0.3479,-0.7523,-0.5594,-0.4577,0.6598,-0.596,0.8175,0.0487,-0.5739,25.5,0.0037,2.678,2.5,0.46026,346.5,377.2,359.1,393.3,334.0,361.3,1241,1.237,15
1427,155.208,44.529,-54.927,-0.3665,-0.7543,-0.5447,-0.4244,0.6609,-0.6189,0.8269,0.0043,-0.5624,25.5,0.0059,2.683,2.317,0.62244,345.6,378.8,357.5,394.9,333.9,362.9,1241,0.953,15
1428,154.379,42.877,-56.103,-0.391,-0.7533,-0.5288,-0.3935,0.6604,-0.6395,0.831,-0.042,-0.5547,25.5,0.0055,2.7,2.128,0.76444,344.7,380.4,355.9,396.5,333.8,364.6,1242,0.444,15
1429,153.492,41.231,-57.243,-0.4195,-0.7495,-0.512,-0.3652,0.6585,-0.658,0.8304,-0.089,-0.55,25.5,0.0034,2.707,1.94,0.87135,343.8,382.0,354.2,398.1,333.5,366.3,1243,0.166,15
1430,152.54,39.595,-58.346,-0.4502,-0.7433,-0.4948,-0.3398,0.6557,-0.6743,0.8256,-0.1354,-0.5477,25.5,0.0008,2.676,1.737,0.93462,342.7,383.6,352.6,399.6,333.1,368.0,1244,0.834,15
1431,151.52,37.977,-59.411,-0.4815,-0.7349,-0.4776,-0.3176,0.6521,-0.6884,0.8174,-0.1798,-0.5473,25.5,0.0025,2.587,1.521,0.96017,341.7,385.2,351.0,401.1,332.5,369.6,1244,1.356,15
1432,150.434,36.376,-60.437,-0.5085,-0.7278,-0.4601,-0.2988,0.6481,-0.7005,0.808,-0.2188,-0.5471,25.5,0.0026,2.299,1.301,0.86217,340.5,386.8,349.4,402.6,331.9,371.3,1245,0.606,15
1433,149.297,34.787,-61.43,-0.5281,-0.7224,-0.4463,-0.2835,0.6442,-0.7104,0.8007,-0.2486,-0.545,25.5,0.0014,1.762,1.068,0.64253,339.4,388.4,347.8,404.1,331.1,373.0,1246,0.267,15
1434,148.124,33.21,-62.395,-0.5433,-0.7179,-0.4353,-0.2719,0.6405,-0.7182,0.7944,-0.2718,-0.5432,25.5,0.0005,1.381,0.828,0.50479,338.2,389.9,346.3,405.5,330.1,374.6,1247,1.145,15
1435,146.919,31.642,-63.338,-0.5559,-0.7138,-0.4259,-0.2637,0.6375,-0.7239,0.7883,-0.2901,-0.5427,25.5,0.0001,1.106,0.597,0.4249,336.9,391.4,344.9,407.0,329.1,376.2,1247,1.103,15
1436,145.689,30.082,-64.262,-0.5669,-0.7101,-0.4176,-0.2591,0.6354,-0.7274,0.7819,-0.3041,-0.5442,25.5,0.0006,0.886,0.352,0.37315,335.7,393.0,343.5,408.5,328.0,377.8,1248,0.325,15
1437,144.436,28.53,-65.168,-0.5768,-0.7065,-0.41,-0.2579,0.6344,-0.7287,0.7749,-0.3146,-0.5482,25.5,0.0007,0.759,0.116,0.33975,334.4,394.5,342.2,410.0,326.7,379.3,1249,1.022,15
1438,143.162,26.986,-66.058,-0.5862,-0.703,-0.4026,-0.2601,0.6348,-0.7276,0.7671,-0.3218,-0.555,25.5,0.0009,0.722,0.143,0.32606,333.1,396.0,340.9,411.5,325.4,380.8,1249,1.265,15
1439,141.868,25.45,-66.932,-0.5955,-0.6994,-0.3952,-0.2657,0.6367,-0.7239,0.7579,-0.3261,-0.565,25.5,0.001,0.817,0.4,0.32481,331.8,397.5,339.7,413.0,324.0,382.2,1250,0.291,15
1440,140.553,23.923,-67.789,-0.6051,-0.6955,-0.3874,-0.2744,0.6403,-0.7174,0.7471,-0.3278,-0.5783,25.5,0.0014,0.986,0.656,0.33926,330.4,398.9,338.6,414.6,322.5,383.6,1251,1.168,15
1441,139.216,22.404,-68.629,-0.6155,-0.6911,-0.3789,-0.2863,0.6456,-0.708,0.7339,-0.3273,-0.5952,25.5,0.0017,1.229,0.92,0.36966,329.1,400.4,337.5,416.2,320.9,384.9,1251,1.057,15
1442,137.854,20.894,-69.449,-0.6276,-0.6857,-0.3688,-0.3011,0.6528,-0.6951,0.7174,-0.3252,-0.6161,25.5,0.0023,1.53,1.198,0.43532,327.7,401.9,336.5,417.9,319.2,386.2,1252,0.254,15
1443,136.464,19.402,-70.242,-0.645,-0.6771,-0.3542,-0.3188,0.6617,-0.6786,0.6939,-0.3248,-0.6427,25.5,0.0021,2.034,1.477,0.63604,326.3,403.3,335.5,419.5,317.4,387.4,1253,1.586,15
1444,135.024,17.933,-70.995,-0.6694,-0.6638,-0.3335,-0.3391,0.6724,-0.658,0.661,-0.3273,-0.6752,25.5,0.0001,2.654,1.767,0.9066,324.9,404.7,334.5,421.2,315.5,388.6,1253,0.606,15
1445,133.534,16.493,-71.704,-0.6906,-0.6515,-0.314,-0.362,0.6846,-0.6327,0.6272,-0.3233,-0.7086,25.5,0.0026,2.733,2.076,0.81922,323.4,406.1,333.5,422.9,313.5,389.6,1254,0.771,15
1446,132.002,15.077,-72.372,-0.7074,-0.6414,-0.2968,-0.3874,0.6981,-0.6022,0.5935,-0.311,-0.7424,25.5,0.005,2.824,2.402,0.68229,321.9,407.5,332.5,424.6,311.4,390.6,1254,1.423,15
1447,130.439,13.68,-73.006,-0.7188,-0.6348,-0.2833,-0.4154,0.7125,-0.5655,0.5609,-0.2888,-0.7759,25.5,0.0065,2.965,2.771,0.49355,320.4,408.9,331.6,426.3,309.3,391.6,1255,0.049,15
1448,128.858,12.293,-73.617,-0.7237,-0.6331,-0.2748,-0.4457,0.7274,-0.5218,0.5302,-0.2551,-0.8086,25.5,0.0054,3.215,3.165,0.26044,318.8,410.2,330.7,428.1,307.1,392.6,1256,1.335,15
1449,127.275,10.903,-74.215,-0.7208,-0.6373,-0.2727,-0.4782,0.742,-0.4697,0.5017,-0.2082,-0.8396,25.5,0.0001,3.612,3.617,0.14436,317.2,411.5,329.8,429.8,304.8,393.5,1256,0.855,15
1450,125.694,9.506,-74.808,-0.7258,-0.6347,-0.2654,-0.5124,0.7555,-0.4083,0.4596,-0.1603,-0.8735,25.5,0.0007,4.139,4.101,0.24118,315.7,412.9,329.0,431.4,302.5,394.5,1257,0.491,15
1451,124.094,8.123,-75.375,-0.7353,-0.6291,-0.252,-0.5464,0.7663,-0.3381,0.4058,-0.1109,-0.9072,25.5,0.0049,4.61,4.513,0.45402,314.1,414.2,328.1,433.0,300.2,395.6,1257,1.699,15
1452,122.475,6.748,-75.911,-0.7421,-0.6268,-0.2373,-0.578,0.7731,-0.2614,0.3473,-0.0568,-0.936,25.5,0.0064,4.856,4.77,0.428,312.5,415.5,327.1,434.5,298.0,396.7,1258,0.397,15
1453,120.846,5.374,-76.414,-0.745,-0.6286,-0.2231,-0.6053,0.7752,-0.1808,0.2866,0.0004,-0.9581,25.5,0.004,4.945,4.879,0.38208,310.9,416.8,326.1,435.8,295.9,397.9,1259,0.853,15
1454,119.214,3.991,-76.89,-0.7448,-0.6325,-0.2126,-0.6272,0.7726,-0.0985,0.2266,0.06,-0.9721,25.5,0.0006,4.913,4.883,0.29292,309.3,418.2,324.8,437.1,293.9,399.3,1259,1.338,15
1455,117.577,2.614,-77.357,-0.7499,-0.6266,-0.2122,-0.6431,0.7656,-0.0169,0.173,0.1238,-0.9771,25.5,0.0061,4.784,4.782,0.20432,307.7,419.5,323.5,438.2,292.0,400.8,1260,0.151,15
1456,115.931,1.241,-77.808,-0.7528,-0.628,-0.1971,-0.6531,0.7547,0.062,0.1098,0.1754,-0.9784,25.5,0.0055,4.677,4.601,0.40394,306.1,420.8,322.0,439.2,290.2,402.3,1261,0.966,15
1457,114.282,-0.142,-78.212,-0.7527,-0.6358,-0.1707,-0.6581,0.7407,0.1354,0.0404,0.2142,-0.9759,25.5,0.0013,4.559,4.292,0.72018,304.5,422.1,320.4,440.2,288.6,404.0,1261,1.226,15
1458,112.636,-1.546,-78.553,-0.7499,-0.6465,-0.1403,-0.6589,0.7251,0.2002,-0.0277,0.2426,-0.9697,25.5,0.0028,4.244,3.82,0.84668,302.9,423.5,318.7,441.1,287.1,405.7,1262,0.189,15
1459,111.0,-2.971,-78.829,-0.7467,-0.6552,-0.1149,-0.6572,0.7097,0.2537,-0.0846,0.265,-0.9605,25.5,0.0034,3.544,3.192,0.70822,301.3,424.8,317.0,442.1,285.6,407.5,1263,0.768,15
1460,109.362,-4.409,-79.069,-0.7469,-0.6567,-0.1043,-0.6544,0.6965,0.2945,-0.1207,0.2882,-0.9499,25.5,0.0007,2.533,2.462,0.27977,299.8,426.2,315.3,443.2,284.1,409.2,1263,1.427,15
1461,107.728,-5.849,-79.286,-0.7464,-0.6588,-0.0942,-0.6515,0.6859,0.3241,-0.1489,0.3032,-0.9412,25.5,0.0039,1.897,1.809,0.2703,298.2,427.6,313.6,444.3,282.7,410.8,1264,0.582,15
1462,106.093,-7.296,-79.481,-0.7454,-0.6613,-0.084,-0.649,0.6783,0.3445,-0.1708,0.3113,-0.9348,25.5,0.0063,1.387,1.256,0.27581,296.6,429.0,311.9,445.4,281.2,412.4,1265,0.245,15
1463,104.461,-8.748,-79.654,-0.7439,-0.6642,-0.0735,-0.647,0.6735,0.3574,-0.1879,0.3134,-0.9308,25.5,0.0077,1.013,0.797,0.28747,295.0,430.4,310.3,446.7,279.6,413.9,1266,0.851,15
1464,102.833,-10.207,-79.803,-0.7419,-0.6676,-0.0622,-0.6456,0.6711,0.3644,-0.2015,0.3105,-0.929,25.5,0.0083,0.803,0.432,0.31306,293.5,431.8,308.7,448.0,278.1,415.4,1266,1.373,15
1465,101.211,-11.673,-79.926,-0.7394,-0.6714,-0.0499,-0.6447,0.6706,0.367,-0.213,0.3035,-0.9287,25.5,0.0081,0.772,0.16,0.34304,291.9,433.2,307.1,449.4,276.6,416.8,1267,0.822,15
1466,99.594,-13.149,-80.02,-0.7362,-0.6758,-0.036,-0.6439,0.6716,0.3666,-0.2235,0.2931,-0.9296,25.5,0.007,0.848,0.077,0.3904,290.4,434.6,305.5,450.8,275.0,418.2,1268,0.355,15
1467,97.985,-14.634,-80.082,-0.7322,-0.6808,-0.0202,-0.6431,0.6734,0.3645,-0.2346,0.2799,-0.9309,25.5,0.0051,0.991,0.165,0.44585,288.8,436.0,304.0,452.3,273.5,419.6,1269,0.145,15
1468,96.386,-16.132,-80.107,-0.7271,-0.6866,-0.0016,-0.6421,0.6756,0.3622,-0.2476,0.2644,-0.9321,25.5,0.0024,1.161,0.191,0.52664,287.3,437.4,302.4,453.8,272.0,420.9,1270,0.471,15
1469,94.8,-17.644,-80.086,-0.7203,-0.6933,0.0209,-0.6407,0.6776,0.361,-0.2645,0.2467,-0.9323,25.5,0.0007,1.402,0.156,0.63921,285.8,438.9,300.9,455.3,270.5,422.4,1271,0.804,15
1470,93.233,-19.169,-80.012,-0.7123,-0.7003,0.0475,-0.6386,0.6788,0.3624,-0.2861,0.2278,-0.9307,25.5,0.0033,1.647,0.16,0.75,284.3,440.4,299.3,456.8,269.0,423.8,1272,1.121,15
1471,91.681,-20.709,-79.88,-0.7052,-0.7053,0.0723,-0.6359,0.6791,0.3668,-0.3078,0.2127,-0.9274,25.5,0.004,1.527,0.296,0.68736,282.8,441.8,297.8,458.2,267.6,425.3,1272,1.069,15
1472,90.144,-22.258,-79.697,-0.6982,-0.7096,0.0944,-0.6327,0.6784,0.3733,-0.329,0.201,-0.9227,25.5,0.0044,1.413,0.417,0.61677,281.3,443.3,296.3,459.7,266.2,426.8,1273,0.763,15
1473,88.622,-23.817,-79.468,-0.6915,-0.7134,0.1139,-0.6295,0.677,0.3812,-0.349,0.1919,-0.9173,25.5,0.0043,1.296,0.495,0.54846,279.9,444.8,294.7,461.1,264.9,428.3,1274,0.455,15
1474,87.114,-25.383,-79.2,-0.6851,-0.7167,0.1306,-0.6266,0.6751,0.3893,-0.3672,0.1849,-0.9116,25.5,0.0037,1.164,0.505,0.4757,278.4,446.3,293.2,462.6,263.5,429.9,1275,0.139,15
1475,85.62,-26.956,-78.898,-0.6791,-0.7197,0.1445,-0.6242,0.6729,0.397,-0.3829,0.1794,-0.9062,25.5,0.003,1.002,0.479,0.40372,277.0,447.8,291.8,464.0,262.1,431.4,1276,0.192,15
1476,84.139,-28.536,-78.569,-0.6738,-0.7224,0.1556,-0.6227,0.6706,0.4031,-0.3955,0.1747,-0.9017,25.5,0.0021,0.813,0.383,0.32942,275.6,449.3,290.3,465.5,260.8,433.0,1277,0.539,15
1477,82.668,-30.121,-78.219,-0.6691,-0.7249,0.1639,-0.6226,0.6684,0.407,-0.4045,0.1703,-0.8985,25.5,0.0012,0.603,0.257,0.25793,274.2,450.9,288.9,467.0,259.4,434.6,1278,0.909,15
1478,81.207,-31.711,-77.853,-0.6651,-0.7273,0.1693,-0.6241,0.6666,0.4077,-0.4094,0.1655,-0.8972,25.5,0.0007,0.4,0.14,0.18665,272.8,452.4,287.6,468.4,257.9,436.2,1278,1.283,15
1479,79.754,-33.306,-77.479,-0.662,-0.7296,0.172,-0.6276,0.6653,0.4043,-0.4094,0.1597,-0.8983,25.5,0.0004,0.338,0.289,0.1232,271.5,453.9,286.3,469.9,256.5,437.8,1279,0.884,15
1480,78.307,-34.907,-77.101,-0.6581,-0.7325,0.1743,-0.6334,0.6648,0.3959,-0.4059,0.1501,-0.9015,25.5,0.0011,0.613,0.586,0.14064,270.1,455.5,285.1,471.5,254.9,439.3,1280,0.454,15
1481,76.873,-36.516,-76.71,-0.651,-0.7367,0.1829,-0.6416,0.6651,0.3822,-0.4032,0.1314,-0.9056,25.5,0.0024,1.108,0.915,0.31171,268.7,457.0,284.0,473.0,253.3,440.9,1281,0.04,15
1482,75.454,-38.134,-76.3,-0.6446,-0.7401,0.1915,-0.6516,0.6658,0.3636,-0.3966,0.1096,-0.9114,25.5,0.0031,1.347,1.211,0.29419,267.4,458.6,282.9,474.6,251.7,442.4,1282,0.524,15
1483,74.049,-39.758,-75.871,-0.6391,-0.7427,0.1999,-0.6629,0.6666,0.3408,-0.3864,0.0853,-0.9184,25.5,0.0033,1.562,1.459,0.2713,266.1,460.1,281.9,476.2,250.1,443.9,1283,1.063,15
1484,72.654,-41.387,-75.424,-0.6342,-0.7445,0.2084,-0.6751,0.6673,0.3146,-0.3733,0.0588,-0.9258,25.5,0.0031,1.746,1.656,0.26093,264.7,461.7,280.9,477.8,248.4,445.5,1283,1.133,15
1485,71.27,-43.019,-74.958,-0.6302,-0.7455,0.217,-0.6875,0.6676,0.2856,-0.3578,0.0308,-0.9333,25.5,0.0025,1.883,1.807,0.24947,263.4,463.3,279.9,479.4,246.8,447.1,1284,0.581,15
1486,69.893,-44.652,-74.474,-0.6269,-0.7457,0.2256,-0.6999,0.6673,0.2547,-0.3405,0.0018,-0.9402,25.5,0.0014,1.975,1.908,0.24101,262.1,464.9,279.0,481.0,245.2,448.6,1285,0.08,15
1487,68.523,-46.286,-73.97,-0.6243,-0.7452,0.2344,-0.7117,0.6663,0.2228,-0.3221,-0.0277,-0.9463,25.5,0.0,2.023,1.95,0.24036,260.8,466.5,278.0,482.6,243.5,450.2,1286,0.508,15
1488,67.158,-47.916,-73.447,-0.6225,-0.7438,0.2433,-0.7227,0.6644,0.1906,-0.3034,-0.0572,-0.9511,25.5,0.0021,2.02,1.953,0.24033,259.5,468.0,277.0,484.2,241.9,451.8,1287,0.994,15
1489,65.795,-49.544,-72.904,-0.6215,-0.7416,0.2525,-0.7326,0.6618,0.1591,-0.2851,-0.0861,-0.9546,25.5,0.0047,1.97,1.898,0.24881,258.2,469.6,276.0,485.7,240.4,453.5,1287,1.197,15
1490,64.435,-51.165,-72.34,-0.6197,-0.7391,0.2642,-0.7415,0.6584,0.1292,-0.2695,-0.1158,-0.956,25.5,0.007,1.924,1.798,0.31646,256.9,471.2,275.0,487.2,238.8,455.1,1288,0.766,15
1491,63.084,-52.782,-71.743,-0.6143,-0.7376,0.2805,-0.7492,0.6546,0.1013,-0.2583,-0.1479,-0.9547,25.5,0.0058,1.949,1.673,0.45088,255.7,472.8,273.9,488.7,237.4,456.8,1289,0.415,15
1492,61.743,-54.396,-71.113,-0.6097,-0.7361,0.2939,-0.756,0.6503,0.0752,-0.2464,-0.1764,-0.953,25.5,0.0043,1.772,1.565,0.37268,254.4,474.3,272.9,490.2,235.9,458.4,1290,0.186,15
1493,60.412,-56.007,-70.457,-0.606,-0.7349,0.3044,-0.762,0.6456,0.0506,-0.2337,-0.2013,-0.9512,25.5,0.0027,1.605,1.476,0.2929,253.1,475.9,271.8,491.7,234.5,460.1,1291,0.167,15
1494,59.088,-57.616,-69.782,-0.6033,-0.734,0.3119,-0.7674,0.6406,0.0274,-0.2199,-0.2228,-0.9497,25.5,0.0013,1.466,1.395,0.20985,251.9,477.5,270.7,493.2,233.1,461.8,1292,0.223,15
1495,57.768,-59.222,-69.093,-0.6017,-0.7334,0.3163,-0.7722,0.6354,0.0052,-0.2048,-0.2411,-0.9486,25.5,0.0003,1.361,1.335,0.12347,250.6,479.0,269.6,494.6,231.7,463.4,1293,0.254,15
1496,56.451,-60.829,-68.398,-0.6013,-0.7332,0.3177,-0.7765,0.6299,-0.0161,-0.1882,-0.2564,-0.9481,25.5,0.0,1.294,1.284,0.03842,249.4,480.6,268.5,496.1,230.3,465.1,1294,0.336,15
1497,55.133,-62.435,-67.704,-0.6019,-0.7334,0.3158,-0.7805,0.6241,-0.0368,-0.1701,-0.2687,-0.9481,25.5,0.0004,1.254,1.253,0.05232,248.1,482.2,267.4,497.5,228.9,466.8,1295,0.57,15
1498,53.813,-64.042,-67.017,-0.6037,-0.7341,0.3109,-0.784,0.6181,-0.0571,-0.1502,-0.2783,-0.9487,25.5,0.0018,1.266,1.229,0.13777,246.9,483.7,266.2,499.0,227.6,468.5,1297,0.698,15
1499,52.488,-65.651,-66.344,-0.6066,-0.7351,0.3029,-0.7872,0.6118,-0.0772,-0.1286,-0.2853,-0.9498,25.5,0.0044,1.302,1.221,0.22411,245.6,485.3,265.1,500.4,226.2,470.2,1298,0.0,15
