ring,cx,cy,cz,Tx,Ty,Tz,Bx,By,Bz,Nx,Ny,Nz,hw,obl,dN,dB,kappa,sx_c,sy_c,sx_L,sy_L,sx_R,sy_R,pose_ring,pose_dist,iv
0,-67.226,-360.415,260.002,0.5564,0.8309,-0.0002,0.971,-0.2318,0.059,0.0523,-0.0352,-0.998,25.5,0.3476,0.0,0.0,0.0,116.4,843.3,87.6,836.0,145.3,850.6,0,0.0,0
1,-66.198,-358.871,260.0,0.5525,0.8335,-0.0016,0.9647,-0.2565,0.0605,0.0528,-0.037,-0.9979,25.5,0.3191,0.107,1.463,0.1511,117.6,841.5,89.0,833.4,146.3,849.6,2,0.421,0
2,-65.175,-357.324,259.996,0.551,0.8345,-0.0022,0.9578,-0.2807,0.062,0.0535,-0.038,-0.9978,25.5,0.2934,0.07,1.444,0.05869,118.8,839.7,90.4,830.9,147.3,848.5,3,0.281,0
3,-64.152,-355.777,259.992,0.552,0.8339,-0.0018,0.9505,-0.3042,0.0635,0.0544,-0.0382,-0.9978,25.5,0.2709,0.053,1.413,0.03805,120.0,837.9,91.8,828.4,148.3,847.4,5,0.299,0
4,-63.125,-354.232,259.99,0.5555,0.8315,-0.0005,0.943,-0.3265,0.0648,0.0555,-0.0377,-0.9977,25.5,0.2523,0.069,1.35,0.13709,121.2,836.1,93.2,825.9,149.3,846.3,6,0.235,0
5,-62.09,-352.693,259.991,0.5613,0.8276,0.0017,0.9354,-0.3473,0.0661,0.057,-0.0366,-0.9977,25.5,0.2377,0.107,1.271,0.22633,122.4,834.3,94.7,823.5,150.3,845.1,7,0.676,0
6,-61.042,-351.163,259.997,0.5692,0.8222,0.0047,0.928,-0.3665,0.0674,0.0587,-0.0349,-0.9977,25.5,0.2272,0.138,1.181,0.3098,123.6,832.5,96.1,821.1,151.3,843.9,9,0.656,0
7,-59.982,-349.641,260.007,0.5726,0.8198,0.0053,0.9209,-0.3836,0.0686,0.0596,-0.0352,-0.9976,25.5,0.2132,0.055,1.063,0.12988,124.9,830.7,97.5,818.8,152.3,842.6,10,0.591,0
8,-58.918,-348.122,260.017,0.5749,0.8182,0.0056,0.9143,-0.3989,0.0697,0.0605,-0.0357,-0.9975,25.5,0.1996,0.059,0.957,0.08704,126.1,828.9,99.0,816.6,153.3,841.3,11,0.649,0
9,-57.848,-346.606,260.028,0.579,0.8153,0.0071,0.9082,-0.4125,0.0708,0.0618,-0.0351,-0.9975,25.5,0.19,0.082,0.856,0.16189,127.4,827.2,100.4,814.4,154.4,839.9,12,0.82,0
10,-56.768,-345.098,260.044,0.5849,0.811,0.0098,0.9024,-0.4248,0.0718,0.0635,-0.0337,-0.9974,25.5,0.184,0.126,0.781,0.24046,128.6,825.4,101.9,812.3,155.5,838.6,12,1.035,0
11,-55.677,-343.598,260.066,0.5925,0.8054,0.0137,0.897,-0.436,0.0728,0.0657,-0.0313,-0.9973,25.5,0.1813,0.187,0.715,0.3155,129.9,823.7,103.3,810.2,156.6,837.2,13,0.757,0
12,-54.569,-342.111,260.096,0.6017,0.7985,0.0187,0.8919,-0.4462,0.0737,0.0683,-0.0282,-0.9973,25.5,0.1817,0.232,0.655,0.38739,131.2,821.9,104.7,808.2,157.8,835.7,14,0.383,0
13,-53.444,-340.637,260.136,0.6124,0.7901,0.0248,0.8869,-0.4558,0.0746,0.0715,-0.0242,-0.9972,25.5,0.1849,0.294,0.622,0.46051,132.5,820.2,106.2,806.1,158.9,834.3,15,0.081,0
14,-52.298,-339.179,260.188,0.6219,0.7825,0.032,0.8821,-0.4649,0.0755,0.0753,-0.019,-0.997,25.5,0.1872,0.369,0.592,0.43668,133.9,818.5,107.7,804.2,160.1,832.9,16,0.626,0
15,-51.137,-337.734,260.254,0.6297,0.7759,0.0383,0.8774,-0.4737,0.0763,0.0788,-0.0147,-0.9968,25.5,0.1879,0.318,0.573,0.37079,135.2,816.8,109.2,802.2,161.3,831.5,16,1.229,0
16,-49.962,-336.301,260.329,0.6373,0.7694,0.043,0.8727,-0.4821,0.0771,0.0815,-0.0118,-0.9966,25.5,0.1886,0.227,0.553,0.34135,136.6,815.2,110.7,800.3,162.6,830.1,17,0.611,0
17,-48.773,-334.88,260.412,0.6445,0.7632,0.0461,0.8682,-0.4901,0.0778,0.0835,-0.0103,-0.9965,25.5,0.1891,0.143,0.527,0.30873,138.0,813.6,112.2,798.5,163.8,828.7,18,0.069,0
18,-47.571,-333.47,260.5,0.6514,0.7573,0.0477,0.8637,-0.4978,0.0785,0.0847,-0.0101,-0.9964,25.5,0.1894,0.07,0.513,0.28475,139.4,811.9,113.7,796.6,165.1,827.3,19,0.782,0
19,-46.357,-332.07,260.588,0.6578,0.7517,0.0477,0.8594,-0.5052,0.0792,0.0852,-0.0113,-0.9963,25.5,0.1893,0.075,0.492,0.26268,140.8,810.3,115.3,794.8,166.4,825.9,19,1.073,0
20,-45.132,-330.681,260.676,0.6638,0.7465,0.0464,0.8552,-0.5121,0.0799,0.0849,-0.0136,-0.9963,25.5,0.1891,0.133,0.465,0.24852,142.2,808.7,116.8,792.9,167.7,824.5,20,0.339,0
21,-43.895,-329.301,260.76,0.6693,0.7417,0.0438,0.8511,-0.5188,0.0805,0.084,-0.0169,-0.9963,25.5,0.1884,0.196,0.451,0.23937,143.7,807.1,118.4,791.2,169.0,823.1,21,0.391,0
22,-42.648,-327.931,260.846,0.6761,0.7352,0.0486,0.8471,-0.5251,0.0812,0.0868,-0.014,-0.9961,25.5,0.1906,0.231,0.429,0.32628,145.1,805.5,120.0,789.4,170.4,821.7,22,1.098,0
23,-41.388,-326.573,260.939,0.682,0.7295,0.0516,0.8433,-0.5312,0.0818,0.0888,-0.0125,-0.996,25.5,0.1918,0.143,0.413,0.26978,146.6,804.0,121.5,787.6,171.7,820.4,22,0.758,0
24,-40.118,-325.224,261.036,0.6873,0.7245,0.0527,0.8396,-0.5369,0.0825,0.0898,-0.0127,-0.9959,25.5,0.1924,0.059,0.391,0.22762,148.1,802.4,123.1,785.9,173.1,819.0,23,0.099,0
25,-38.838,-323.885,261.133,0.6919,0.7201,0.0521,0.836,-0.5425,0.0831,0.0898,-0.0143,-0.9959,25.5,0.1921,0.092,0.383,0.19749,149.6,800.9,124.7,784.2,174.5,817.6,24,0.496,0
26,-37.551,-322.553,261.228,0.696,0.7163,0.0497,0.8324,-0.5478,0.0838,0.0889,-0.0173,-0.9959,25.5,0.1911,0.179,0.369,0.18791,151.1,799.3,126.3,782.5,175.9,816.2,25,1.0,0
27,-36.257,-321.227,261.317,0.6996,0.713,0.0457,0.829,-0.5529,0.0845,0.0871,-0.0217,-0.996,25.5,0.1896,0.272,0.353,0.195,152.6,797.8,127.9,780.8,177.3,814.9,25,0.856,0
28,-34.956,-319.907,261.396,0.7029,0.7102,0.04,0.8256,-0.5578,0.0853,0.0844,-0.0274,-0.9961,25.5,0.1876,0.361,0.345,0.22106,154.1,796.3,129.6,779.1,178.7,813.5,26,0.454,0
29,-33.649,-318.592,261.464,0.7057,0.7078,0.0326,0.8222,-0.5626,0.0861,0.0806,-0.0345,-0.9961,25.5,0.1848,0.461,0.34,0.25537,155.6,794.8,131.2,777.5,180.1,812.1,27,0.153,0
30,-32.338,-317.281,261.516,0.7081,0.7057,0.0234,0.8189,-0.5673,0.0869,0.0758,-0.0431,-0.9962,25.5,0.1816,0.564,0.332,0.30077,157.2,793.2,132.8,775.8,181.6,810.7,28,0.056,0
31,-31.022,-315.975,261.552,0.7115,0.7025,0.0163,0.8157,-0.5718,0.0878,0.0721,-0.05,-0.9961,25.5,0.1801,0.449,0.321,0.26253,158.7,791.7,134.5,774.1,183.0,809.3,29,0.175,0
32,-29.699,-314.675,261.577,0.7152,0.6988,0.011,0.8124,-0.5764,0.0887,0.0694,-0.0554,-0.996,25.5,0.1792,0.346,0.328,0.23005,160.2,790.2,136.1,772.5,184.5,808.0,30,0.21,0
33,-28.369,-313.382,261.593,0.7186,0.6954,0.0057,0.8091,-0.5808,0.0897,0.0668,-0.0608,-0.9959,25.5,0.178,0.343,0.32,0.22105,161.8,788.7,137.7,770.8,185.9,806.6,31,0.168,0
34,-27.033,-312.096,261.598,0.7217,0.6922,0.0006,0.8058,-0.5852,0.0908,0.0642,-0.0661,-0.9957,25.5,0.1765,0.338,0.321,0.20919,163.4,787.2,139.4,769.2,187.4,805.2,32,0.075,0
35,-25.692,-310.814,261.595,0.7246,0.6892,-0.0045,0.8025,-0.5896,0.0919,0.0616,-0.0713,-0.9956,25.5,0.1747,0.333,0.321,0.20354,164.9,785.7,141.1,767.6,188.9,803.9,33,0.171,0
36,-24.345,-309.539,261.582,0.7271,0.6865,-0.0095,0.7991,-0.594,0.093,0.0591,-0.0764,-0.9953,25.5,0.1724,0.326,0.325,0.19176,166.5,784.2,142.7,765.9,190.3,802.5,34,0.419,0
37,-22.994,-308.268,261.559,0.7293,0.684,-0.0145,0.7957,-0.5983,0.0943,0.0566,-0.0814,-0.9951,25.5,0.1697,0.32,0.323,0.18556,168.1,782.7,144.4,764.3,191.8,801.2,35,0.732,0
38,-21.64,-307.001,261.528,0.7313,0.6818,-0.0194,0.7922,-0.6027,0.0955,0.0542,-0.0864,-0.9948,25.5,0.1666,0.318,0.329,0.17703,169.7,781.2,146.1,762.7,193.3,799.8,37,0.354,0
39,-20.282,-305.738,261.488,0.733,0.6798,-0.0242,0.7886,-0.6072,0.0969,0.0519,-0.0913,-0.9945,25.5,0.1629,0.311,0.34,0.16899,171.3,779.7,147.8,761.1,194.8,798.5,38,0.093,0
40,-18.921,-304.479,261.438,0.7344,0.6781,-0.0298,0.785,-0.6117,0.0982,0.049,-0.0968,-0.9941,25.5,0.1588,0.357,0.338,0.1859,172.9,778.2,149.5,759.4,196.3,797.1,39,0.559,0
41,-17.558,-303.223,261.373,0.7354,0.6764,-0.0403,0.7812,-0.6162,0.0997,0.0431,-0.106,-0.9934,25.5,0.1537,0.627,0.348,0.32999,174.5,776.8,151.2,757.8,197.8,795.8,41,0.312,0
42,-16.192,-301.97,261.29,0.7368,0.6744,-0.0485,0.7774,-0.6208,0.1011,0.0385,-0.1135,-0.9928,25.5,0.1492,0.505,0.351,0.26427,176.1,775.3,152.9,756.2,199.3,794.4,42,0.193,0
43,-14.824,-300.721,261.194,0.7385,0.6721,-0.0546,0.7734,-0.6255,0.1027,0.0352,-0.1193,-0.9922,25.5,0.1451,0.384,0.365,0.20811,177.7,773.8,154.7,754.6,200.7,793.1,44,0.668,0
44,-13.452,-299.477,261.089,0.7405,0.6695,-0.0586,0.7693,-0.6303,0.1042,0.0332,-0.1235,-0.9918,25.5,0.1416,0.268,0.372,0.15978,179.3,772.3,156.4,752.9,202.2,791.8,45,0.179,0
45,-12.077,-298.238,260.978,0.743,0.6666,-0.0605,0.7652,-0.6351,0.1057,0.0324,-0.1261,-0.9915,25.5,0.1388,0.157,0.372,0.13202,180.9,770.8,158.1,751.3,203.7,790.4,46,0.312,0
46,-10.696,-297.004,260.866,0.7459,0.6634,-0.0604,0.7609,-0.64,0.1073,0.0328,-0.1272,-0.9913,25.5,0.1365,0.068,0.385,0.13343,182.5,769.4,159.9,749.7,205.2,789.1,48,0.605,0
47,-9.309,-295.777,260.755,0.7491,0.6598,-0.0582,0.7564,-0.6449,0.1089,0.0346,-0.1267,-0.9913,25.5,0.1348,0.107,0.392,0.16352,184.1,767.9,161.6,748.1,206.7,787.8,49,0.154,0
48,-7.916,-294.557,260.651,0.7529,0.6559,-0.0539,0.7519,-0.65,0.1104,0.0378,-0.1248,-0.9915,25.5,0.1338,0.213,0.399,0.21434,185.7,766.5,163.4,746.5,208.2,786.5,50,0.285,0
49,-6.516,-293.344,260.557,0.7571,0.6516,-0.0473,0.7473,-0.655,0.112,0.0424,-0.1212,-0.9917,25.5,0.1337,0.335,0.4,0.27572,187.4,765.0,165.2,744.9,209.7,785.2,51,0.706,0
50,-5.108,-292.14,260.476,0.7613,0.6471,-0.0412,0.7425,-0.6602,0.1135,0.0466,-0.118,-0.9919,25.5,0.1334,0.303,0.414,0.26772,189.0,763.6,166.9,743.3,211.2,784.0,53,0.349,0
51,-3.692,-290.943,260.401,0.7648,0.6431,-0.0401,0.7376,-0.6654,0.1149,0.0477,-0.1185,-0.9918,25.5,0.1316,0.069,0.417,0.16765,190.7,762.2,168.7,741.7,212.7,782.7,54,0.039,0
52,-2.271,-289.754,260.328,0.7682,0.6391,-0.0384,0.7325,-0.6707,0.1164,0.049,-0.1186,-0.9917,25.5,0.1296,0.075,0.43,0.17045,192.3,760.8,170.6,740.2,214.2,781.5,55,0.408,0
53,-0.843,-288.572,260.259,0.7716,0.6351,-0.0363,0.7273,-0.6761,0.1178,0.0507,-0.1182,-0.9917,25.5,0.1275,0.1,0.437,0.17464,194.0,759.4,172.4,738.6,215.7,780.2,57,0.726,0
54,0.592,-287.398,260.194,0.7749,0.6312,-0.0336,0.722,-0.6816,0.1192,0.0527,-0.1175,-0.9917,25.5,0.1252,0.121,0.445,0.17849,195.7,758.0,174.2,737.0,217.3,779.0,58,0.373,0
55,2.032,-286.231,260.134,0.7783,0.6272,-0.0304,0.7164,-0.6872,0.1205,0.0551,-0.1165,-0.9917,25.5,0.1229,0.149,0.46,0.18993,197.4,756.6,176.1,735.5,218.8,777.8,59,0.04,0
56,3.479,-285.072,260.081,0.7816,0.6232,-0.0266,0.7107,-0.6929,0.1218,0.0579,-0.115,-0.9917,25.5,0.1204,0.182,0.468,0.19857,199.1,755.2,177.9,734.0,220.3,776.6,60,0.325,0
57,4.932,-283.919,260.036,0.785,0.6191,-0.0222,0.7048,-0.6987,0.1231,0.0612,-0.1131,-0.9917,25.5,0.118,0.218,0.48,0.2134,200.8,753.9,179.8,732.4,221.8,775.4,61,0.67,0
58,6.391,-282.775,260.0,0.7884,0.6149,-0.0171,0.6986,-0.7046,0.1244,0.0649,-0.1107,-0.9917,25.5,0.1154,0.253,0.496,0.22953,202.5,752.5,181.7,730.9,223.4,774.3,63,0.491,0
59,7.856,-281.638,259.973,0.7917,0.6108,-0.0109,0.6922,-0.7107,0.1256,0.0694,-0.1077,-0.9918,25.5,0.1126,0.31,0.511,0.25121,204.2,751.2,183.6,729.4,224.9,773.1,64,0.14,0
60,9.328,-280.509,259.96,0.7948,0.6069,-0.0038,0.6856,-0.7168,0.1268,0.0747,-0.104,-0.9918,25.5,0.1094,0.37,0.52,0.26792,205.9,749.9,185.5,727.9,226.4,772.0,65,0.216,0
61,10.805,-279.387,259.958,0.7981,0.6026,0.0021,0.6787,-0.7232,0.128,0.0791,-0.1013,-0.9917,25.5,0.1061,0.296,0.544,0.24748,207.6,748.6,187.4,726.4,227.9,770.9,66,0.577,0
62,12.288,-278.274,259.967,0.8016,0.5978,0.0068,0.6715,-0.7297,0.1291,0.0826,-0.0995,-0.9916,25.5,0.1029,0.226,0.559,0.23398,209.4,747.3,189.4,724.9,229.5,769.8,68,0.532,0
63,13.779,-277.17,259.983,0.8054,0.5926,0.0101,0.664,-0.7363,0.1303,0.085,-0.0987,-0.9915,25.5,0.0998,0.145,0.577,0.22354,211.1,746.0,191.3,723.4,231.0,768.7,69,0.146,0
64,15.276,-276.076,260.003,0.8095,0.587,0.0119,0.6562,-0.7431,0.1314,0.0864,-0.099,-0.9913,25.5,0.0966,0.083,0.596,0.22149,212.9,744.7,193.3,721.9,232.5,767.6,70,0.253,0
65,16.782,-274.992,260.026,0.8138,0.581,0.0123,0.648,-0.75,0.1325,0.0866,-0.1003,-0.9912,25.5,0.0932,0.076,0.617,0.22835,214.6,743.4,195.3,720.4,234.0,766.6,71,0.664,0
66,18.296,-273.92,260.048,0.8184,0.5746,0.0112,0.6395,-0.7571,0.1336,0.0856,-0.1026,-0.991,25.5,0.0898,0.144,0.638,0.24582,216.4,742.2,197.3,719.0,235.5,765.5,73,0.327,0
67,19.818,-272.861,260.067,0.823,0.5679,0.0093,0.6305,-0.7644,0.1347,0.0839,-0.1054,-0.9909,25.5,0.0861,0.188,0.667,0.25775,218.2,741.0,199.4,717.5,237.1,764.5,74,0.129,0
68,21.348,-271.812,260.087,0.8268,0.5623,0.0122,0.6212,-0.7718,0.1358,0.0861,-0.1051,-0.9907,25.5,0.0813,0.128,0.684,0.22745,220.0,739.7,201.4,716.1,238.6,763.5,75,0.603,0
69,22.886,-270.775,260.111,0.831,0.556,0.0142,0.6116,-0.7792,0.1369,0.0875,-0.1054,-0.9906,25.5,0.0769,0.082,0.697,0.24195,221.8,738.5,203.5,714.6,240.1,762.5,77,0.248,0
70,24.431,-269.75,260.139,0.8355,0.5492,0.0149,0.6018,-0.7866,0.1381,0.0878,-0.1066,-0.9904,25.5,0.0729,0.072,0.707,0.25284,223.6,737.3,205.6,713.2,241.6,761.6,78,0.285,0
71,25.985,-268.738,260.166,0.8402,0.5421,0.0145,0.5919,-0.7939,0.1392,0.0872,-0.1086,-0.9903,25.5,0.069,0.12,0.708,0.26332,225.4,736.2,207.7,711.8,243.1,760.6,80,0.443,0
72,27.548,-267.74,260.192,0.8449,0.5348,0.0129,0.582,-0.801,0.1403,0.0855,-0.1113,-0.9901,25.5,0.0652,0.183,0.701,0.27274,227.2,735.0,209.8,710.5,244.7,759.7,81,0.153,0
73,29.119,-266.754,260.213,0.8495,0.5276,0.0102,0.5723,-0.8077,0.1414,0.083,-0.1145,-0.9899,25.5,0.0615,0.233,0.678,0.27679,229.0,733.9,211.9,709.1,246.2,758.7,83,0.439,0
74,30.698,-265.782,260.229,0.8538,0.5206,0.0066,0.563,-0.8141,0.1426,0.0797,-0.1182,-0.9898,25.5,0.0578,0.284,0.65,0.27707,230.9,732.7,214.1,707.8,247.8,757.8,84,0.227,0
75,32.286,-264.823,260.238,0.8578,0.514,0.0028,0.554,-0.82,0.1438,0.0763,-0.1219,-0.9896,25.5,0.0541,0.288,0.62,0.26569,232.7,731.6,216.2,706.5,249.4,756.8,86,0.232,0
76,33.881,-263.875,260.24,0.8616,0.5077,-0.0001,0.5456,-0.8254,0.145,0.0736,-0.1251,-0.9894,25.5,0.051,0.24,0.576,0.24425,234.6,730.5,218.3,705.2,251.0,755.9,87,0.494,0
77,35.482,-262.939,260.238,0.8651,0.5016,-0.0023,0.5377,-0.8303,0.1462,0.0715,-0.1278,-0.9892,25.5,0.0483,0.196,0.537,0.22761,236.5,729.4,220.4,704.0,252.7,755.0,89,0.137,0
78,37.09,-262.014,260.232,0.8684,0.4958,-0.0038,0.5306,-0.8347,0.1474,0.07,-0.1301,-0.989,25.5,0.0464,0.158,0.484,0.21129,238.4,728.3,222.5,702.7,254.3,754.0,91,0.172,0
79,38.704,-261.1,260.224,0.8716,0.4902,-0.0047,0.5243,-0.8385,0.1486,0.069,-0.1321,-0.9888,25.5,0.0452,0.129,0.427,0.20114,240.2,727.2,224.5,701.6,256.0,753.1,93,0.454,0
80,40.323,-260.196,260.215,0.8746,0.4848,-0.005,0.5188,-0.8417,0.1497,0.0685,-0.1337,-0.9887,25.5,0.0449,0.096,0.37,0.19106,242.1,726.2,226.6,700.4,257.8,752.1,94,0.329,0
81,41.948,-259.301,260.206,0.8775,0.4796,-0.0047,0.5143,-0.8442,0.1509,0.0685,-0.1349,-0.9885,25.5,0.0457,0.07,0.303,0.18414,244.0,725.1,228.6,699.3,259.5,751.1,96,0.015,0
82,43.578,-258.417,260.198,0.8803,0.4745,-0.0039,0.5109,-0.8461,0.1519,0.0689,-0.1359,-0.9883,25.5,0.0477,0.063,0.23,0.18141,245.9,724.1,230.6,698.2,261.3,750.2,98,0.444,0
83,45.214,-257.541,260.192,0.8829,0.4696,-0.0026,0.5085,-0.8473,0.153,0.0697,-0.1366,-0.9882,25.5,0.0507,0.061,0.166,0.17598,247.9,723.1,232.6,697.1,263.2,749.2,99,0.209,0
84,46.853,-256.675,260.189,0.8864,0.463,0.0001,0.5074,-0.8479,0.1539,0.0715,-0.1366,-0.988,25.5,0.0572,0.104,0.088,0.24549,249.8,722.1,234.5,696.1,265.1,748.2,101,0.485,0
85,48.502,-255.825,260.193,0.8911,0.4539,0.0041,0.5075,-0.8476,0.1548,0.0739,-0.1362,-0.9879,25.5,0.0681,0.14,0.055,0.33948,251.7,721.1,236.5,695.1,267.0,747.2,102,0.014,0
86,50.159,-254.99,260.203,0.8946,0.4468,0.0066,0.5087,-0.8468,0.1556,0.0754,-0.1362,-0.9878,25.5,0.0778,0.086,0.094,0.25639,253.6,720.1,238.4,694.2,269.0,746.2,103,0.439,0
87,51.821,-254.167,260.217,0.8973,0.4414,0.0078,0.5109,-0.8453,0.1563,0.0759,-0.1368,-0.9877,25.5,0.0865,0.045,0.158,0.19015,255.6,719.1,240.2,693.2,271.0,745.2,105,0.784,0
88,53.487,-253.352,260.231,0.8992,0.4375,0.0078,0.5139,-0.8434,0.157,0.0756,-0.1378,-0.9876,25.5,0.0943,0.06,0.207,0.134,257.5,718.2,242.1,692.3,273.1,744.2,106,0.594,0
89,55.156,-252.543,260.245,0.9005,0.4349,0.0066,0.5177,-0.8409,0.1576,0.0745,-0.1392,-0.9875,25.5,0.1015,0.102,0.263,0.09712,259.5,717.2,243.9,691.5,275.1,743.2,107,0.498,0
90,56.827,-251.737,260.255,0.9011,0.4336,0.0043,0.5222,-0.8381,0.158,0.0726,-0.141,-0.9873,25.5,0.1078,0.15,0.305,0.08367,261.4,716.3,245.7,690.6,277.2,742.1,108,0.5,0
91,58.499,-250.933,260.26,0.9011,0.4336,0.0007,0.5272,-0.8349,0.1585,0.0698,-0.1433,-0.9872,25.5,0.1132,0.208,0.341,0.11119,263.4,715.4,247.5,689.8,279.3,741.1,109,0.601,0
92,60.17,-250.128,260.257,0.9004,0.4349,-0.0042,0.5325,-0.8314,0.1588,0.066,-0.1462,-0.987,25.5,0.1172,0.274,0.364,0.15808,265.3,714.4,249.3,688.9,281.4,740.1,110,0.802,0
93,61.839,-249.319,260.244,0.899,0.4378,-0.0107,0.5382,-0.8277,0.159,0.0612,-0.1498,-0.9868,25.5,0.1198,0.344,0.39,0.22412,267.3,713.5,251.1,688.1,283.6,739.0,110,1.054,0
94,63.505,-248.503,260.216,0.8967,0.4423,-0.0193,0.544,-0.8238,0.1592,0.0549,-0.1544,-0.9865,25.5,0.1204,0.447,0.401,0.30795,269.2,712.5,252.9,687.3,285.7,737.9,111,0.758,0
95,65.165,-247.677,260.171,0.8943,0.4466,-0.0282,0.5499,-0.8199,0.1593,0.0484,-0.1591,-0.9861,25.5,0.1211,0.46,0.405,0.3143,271.2,711.5,254.6,686.4,287.8,736.8,112,0.367,0
96,66.824,-246.85,260.115,0.8948,0.4452,-0.032,0.5558,-0.8159,0.1593,0.0452,-0.1617,-0.9858,25.5,0.129,0.237,0.408,0.12603,273.1,710.6,256.4,685.6,289.9,735.7,113,0.117,0
97,68.484,-246.025,260.052,0.8948,0.445,-0.037,0.5616,-0.8119,0.1593,0.0412,-0.1648,-0.9855,25.5,0.1353,0.29,0.404,0.15456,275.1,709.6,258.1,684.7,292.1,734.6,114,0.683,0
98,70.143,-245.199,259.978,0.894,0.446,-0.0432,0.5675,-0.8079,0.1591,0.0364,-0.1685,-0.985,25.5,0.1401,0.348,0.409,0.19559,277.0,708.6,259.9,683.8,294.2,733.5,114,1.173,0
99,71.8,-244.37,259.89,0.8924,0.4483,-0.0509,0.5733,-0.8038,0.1589,0.0306,-0.1728,-0.9845,25.5,0.1432,0.415,0.407,0.25308,278.9,707.6,261.7,683.0,296.3,732.4,115,0.52,0
100,73.453,-243.535,259.788,0.8899,0.4521,-0.0601,0.5792,-0.7996,0.1586,0.0239,-0.1778,-0.9838,25.5,0.1444,0.481,0.415,0.31702,280.8,706.6,263.4,682.1,298.4,731.3,116,0.218,0
101,75.101,-242.691,259.666,0.8864,0.4575,-0.0709,0.5851,-0.7954,0.1582,0.0161,-0.1836,-0.9829,25.5,0.1435,0.559,0.416,0.38833,282.8,705.6,265.1,681.2,300.5,730.1,117,1.033,0
102,76.74,-241.836,259.524,0.8816,0.4646,-0.0835,0.5911,-0.791,0.1577,0.0073,-0.1903,-0.9817,25.5,0.1404,0.637,0.427,0.47072,284.7,704.6,266.9,680.4,302.6,729.0,117,0.822,0
103,78.37,-240.967,259.356,0.8754,0.4734,-0.0978,0.5972,-0.7866,0.1572,-0.0026,-0.1978,-0.9802,25.5,0.135,0.717,0.432,0.55291,286.6,703.6,268.6,679.4,304.6,727.8,118,0.064,0
104,79.99,-240.083,259.164,0.8708,0.4794,-0.1089,0.6033,-0.782,0.1565,-0.0102,-0.2038,-0.979,25.5,0.1334,0.559,0.44,0.41487,288.5,702.5,270.3,678.5,306.7,726.6,119,1.009,0
105,81.6,-239.188,258.951,0.8658,0.4855,-0.1211,0.6095,-0.7774,0.1557,-0.0187,-0.2104,-0.9774,25.5,0.1314,0.623,0.445,0.44877,290.3,701.4,272.0,677.6,308.8,725.3,119,0.846,0
106,83.201,-238.282,258.714,0.8602,0.4917,-0.1348,0.6157,-0.7726,0.1548,-0.0283,-0.218,-0.9755,25.5,0.1289,0.71,0.452,0.49567,292.2,700.3,273.6,676.6,310.8,724.1,120,0.152,0
107,84.791,-237.364,258.45,0.854,0.4982,-0.1503,0.6219,-0.7678,0.1539,-0.039,-0.2266,-0.9732,25.5,0.1255,0.798,0.452,0.55346,294.0,699.2,275.3,675.7,312.8,722.8,121,1.195,0
108,86.368,-236.434,258.155,0.8469,0.5047,-0.1673,0.6282,-0.7629,0.1528,-0.0509,-0.2363,-0.9704,25.5,0.1214,0.894,0.462,0.60343,295.8,698.0,276.9,674.7,314.8,721.5,121,0.661,0
109,87.932,-235.492,257.828,0.8391,0.5112,-0.186,0.6344,-0.758,0.1516,-0.0639,-0.2469,-0.9669,25.5,0.1166,0.982,0.458,0.65733,297.6,696.9,278.5,673.7,316.8,720.2,122,0.419,0
110,89.481,-234.538,257.465,0.8306,0.5177,-0.2052,0.6406,-0.753,0.1503,-0.0772,-0.2579,-0.9631,25.5,0.1114,1.013,0.462,0.67897,299.4,695.7,280.1,672.7,318.8,718.9,122,1.436,0
111,91.013,-233.571,257.067,0.8214,0.5245,-0.2239,0.6468,-0.748,0.1489,-0.0899,-0.2686,-0.959,25.5,0.1056,0.98,0.463,0.67722,301.2,694.5,281.7,671.6,320.7,717.5,123,0.326,0
112,92.528,-232.592,256.634,0.8114,0.5312,-0.2437,0.6529,-0.7429,0.1474,-0.1033,-0.2801,-0.9544,25.5,0.0992,1.046,0.464,0.71586,302.9,693.3,283.3,670.6,322.7,716.1,124,0.81,0
113,94.023,-231.6,256.162,0.8007,0.5376,-0.2645,0.659,-0.7379,0.1458,-0.1173,-0.2922,-0.9491,25.5,0.0924,1.103,0.461,0.74908,304.6,692.0,284.8,669.5,324.5,714.7,124,1.045,0
114,95.497,-230.598,255.652,0.7893,0.5435,-0.2858,0.665,-0.7328,0.1441,-0.1316,-0.3048,-0.9433,25.5,0.0854,1.141,0.462,0.76825,306.3,690.8,286.3,668.4,326.4,713.3,125,0.114,0
115,96.95,-229.585,255.102,0.7774,0.5489,-0.3073,0.671,-0.7277,0.1422,-0.146,-0.3177,-0.9369,25.5,0.0785,1.167,0.464,0.7772,308.0,689.5,287.8,667.3,328.2,711.8,126,1.287,0
116,98.381,-228.561,254.513,0.7647,0.5545,-0.3283,0.6769,-0.7226,0.1403,-0.1598,-0.3303,-0.9302,25.5,0.0709,1.137,0.46,0.77757,309.6,688.2,289.3,666.2,330.0,710.4,126,0.568,0
117,99.787,-227.528,253.884,0.7515,0.5597,-0.3494,0.6827,-0.7175,0.1383,-0.1737,-0.3431,-0.9231,25.5,0.0631,1.157,0.457,0.78544,311.2,686.9,290.7,665.1,331.8,708.9,127,0.617,0
118,101.168,-226.486,253.216,0.7375,0.5643,-0.371,0.6884,-0.7125,0.1362,-0.1878,-0.3563,-0.9153,25.5,0.0551,1.193,0.451,0.8077,312.7,685.6,292.1,663.9,333.5,707.4,127,1.238,0
119,102.522,-225.435,252.507,0.7227,0.5684,-0.3932,0.694,-0.7074,0.134,-0.2022,-0.3701,-0.9067,25.5,0.0468,1.245,0.452,0.83391,314.3,684.2,293.5,662.7,335.2,705.8,128,0.048,0
120,103.848,-224.377,251.757,0.7069,0.5719,-0.4161,0.6995,-0.7024,0.1317,-0.2171,-0.3845,-0.8972,25.5,0.038,1.306,0.446,0.86628,315.7,682.9,294.8,661.5,336.8,704.3,129,1.143,0
121,105.144,-223.314,250.964,0.6904,0.5752,-0.4387,0.7049,-0.6974,0.1294,-0.2316,-0.3987,-0.8873,25.5,0.0288,1.294,0.442,0.87044,317.2,681.5,296.1,660.3,338.4,702.8,129,0.712,0
122,106.409,-222.244,250.13,0.6731,0.5783,-0.4609,0.7102,-0.6925,0.127,-0.2458,-0.4129,-0.877,25.5,0.019,1.293,0.436,0.8747,318.6,680.1,297.3,659.1,339.9,701.2,130,0.474,0
123,107.641,-221.169,249.254,0.6548,0.5807,-0.4838,0.7153,-0.6876,0.1245,-0.2604,-0.4276,-0.8657,25.5,0.0089,1.352,0.43,0.90864,320.0,678.7,298.6,657.9,341.4,699.7,130,1.381,0
124,108.837,-220.09,248.334,0.6353,0.5823,-0.5072,0.7203,-0.6828,0.122,-0.2753,-0.4429,-0.8533,25.5,0.0019,1.415,0.422,0.94227,321.3,677.3,299.7,656.7,342.9,698.1,131,0.201,0
125,109.997,-219.009,247.371,0.6145,0.5832,-0.5313,0.7251,-0.6782,0.1195,-0.2906,-0.4587,-0.8397,25.5,0.0134,1.482,0.407,0.98384,322.5,675.9,300.9,655.4,344.3,696.5,132,0.969,1
126,111.116,-217.927,246.364,0.5928,0.5838,-0.5548,0.7298,-0.6736,0.117,-0.3055,-0.4744,-0.8256,25.5,0.0255,1.48,0.403,0.9883,323.7,674.5,302.0,654.2,345.6,694.9,132,0.886,1
127,112.195,-216.844,245.313,0.5704,0.5839,-0.5777,0.7343,-0.6691,0.1145,-0.32,-0.4899,-0.811,25.5,0.038,1.476,0.392,0.98955,324.9,673.1,303.0,652.9,346.9,693.3,133,0.273,1
128,113.232,-215.761,244.221,0.5475,0.5829,-0.6004,0.7386,-0.6648,0.1119,-0.3343,-0.5053,-0.7955,25.5,0.0503,1.496,0.379,0.99661,326.0,671.6,304.0,651.6,348.1,691.8,134,1.418,1
129,114.226,-214.682,243.087,0.5248,0.5809,-0.6222,0.7427,-0.6607,0.1094,-0.3482,-0.5205,-0.7796,25.5,0.0621,1.491,0.362,0.97423,327.1,670.2,305.0,650.3,349.2,690.2,134,0.436,1
130,115.179,-213.607,241.913,0.5026,0.5781,-0.6428,0.7466,-0.6566,0.1069,-0.3613,-0.5351,-0.7637,25.5,0.0731,1.447,0.354,0.93955,328.1,668.8,305.9,649.0,350.3,688.6,135,0.693,1
131,116.091,-212.537,240.703,0.4804,0.5756,-0.6617,0.7503,-0.6528,0.1045,-0.3731,-0.5487,-0.7481,25.5,0.0845,1.365,0.334,0.90405,329.0,667.4,306.7,647.8,351.4,687.0,135,1.161,1
132,116.962,-211.472,239.459,0.4584,0.5726,-0.6797,0.7538,-0.6491,0.1022,-0.3845,-0.5618,-0.7325,25.5,0.0956,1.338,0.32,0.88295,329.9,665.9,307.6,646.5,352.4,685.5,136,0.052,1
133,117.792,-210.414,238.182,0.4368,0.5686,-0.6971,0.7571,-0.6456,0.0999,-0.3955,-0.5747,-0.7165,25.5,0.106,1.336,0.306,0.8657,330.8,664.5,308.3,645.2,353.3,683.9,137,1.034,1
134,118.582,-209.363,236.873,0.4151,0.5636,-0.7142,0.7602,-0.6422,0.0977,-0.4063,-0.5875,-0.6998,25.5,0.1162,1.355,0.292,0.86731,331.6,663.1,309.1,643.9,354.1,682.4,137,0.821,1
135,119.332,-208.323,235.533,0.3932,0.5576,-0.7311,0.7632,-0.6391,0.0957,-0.4172,-0.6004,-0.6823,25.5,0.1262,1.393,0.272,0.87439,332.3,661.7,309.7,642.6,354.9,680.9,138,0.233,1
136,120.041,-207.295,234.162,0.3718,0.5518,-0.7465,0.7659,-0.6361,0.0938,-0.4271,-0.6123,-0.6653,25.5,0.1363,1.317,0.256,0.83391,333.0,660.3,310.4,641.3,355.7,679.4,139,1.25,1
137,120.711,-206.276,232.764,0.3506,0.5463,-0.7607,0.7684,-0.6333,0.092,-0.4361,-0.6235,-0.6488,25.5,0.1466,1.254,0.239,0.80637,333.6,658.9,311.0,640.1,356.4,677.9,139,0.605,1
138,121.341,-205.269,231.34,0.3289,0.5397,-0.775,0.7708,-0.6307,0.0905,-0.4454,-0.6349,-0.6312,25.5,0.157,1.314,0.22,0.82825,334.2,657.6,311.5,638.8,357.0,676.4,140,0.368,1
139,121.931,-204.275,229.889,0.3066,0.532,-0.7892,0.7729,-0.6282,0.0891,-0.4549,-0.6465,-0.6125,25.5,0.1675,1.373,0.203,0.85064,334.8,656.2,312.0,637.5,357.6,674.9,141,1.29,1
140,122.478,-203.296,228.412,0.284,0.5234,-0.8034,0.7748,-0.626,0.088,-0.4643,-0.658,-0.5928,25.5,0.1783,1.414,0.178,0.86633,335.3,654.9,312.5,636.3,358.2,673.5,141,0.565,1
141,122.984,-202.334,226.909,0.2612,0.5138,-0.8172,0.7765,-0.624,0.087,-0.4738,-0.6694,-0.5723,25.5,0.1889,1.45,0.161,0.87507,335.7,653.5,312.9,635.0,358.6,672.1,142,0.3,1
142,123.447,-201.389,225.382,0.2382,0.5051,-0.8295,0.7781,-0.6222,0.0864,-0.4823,-0.6798,-0.5524,25.5,0.2006,1.376,0.142,0.84938,336.1,652.2,313.3,633.8,359.0,670.7,143,1.108,1
143,123.869,-200.46,223.832,0.2168,0.4965,-0.8405,0.7794,-0.6206,0.086,-0.49,-0.6893,-0.5336,25.5,0.2114,1.285,0.12,0.78934,336.5,650.9,313.6,632.6,359.4,669.4,143,0.747,1
144,124.252,-199.547,222.264,0.197,0.4878,-0.8504,0.7805,-0.6192,0.086,-0.497,-0.698,-0.5155,25.5,0.2214,1.219,0.102,0.73476,336.8,649.7,313.9,631.4,359.7,668.0,144,0.012,1
145,124.6,-198.651,220.678,0.1785,0.479,-0.8595,0.7814,-0.618,0.0863,-0.5034,-0.7061,-0.498,25.5,0.2307,1.164,0.088,0.69245,337.0,648.4,314.1,630.2,360.0,666.7,145,0.683,1
146,124.915,-197.77,219.076,0.161,0.4701,-0.8678,0.7821,-0.617,0.087,-0.5094,-0.7135,-0.481,25.5,0.2396,1.117,0.081,0.65843,337.2,647.2,314.4,629.0,360.2,665.4,145,1.172,1
147,125.198,-196.907,217.459,0.1445,0.461,-0.8756,0.7826,-0.6162,0.0881,-0.515,-0.7205,-0.4643,25.5,0.2481,1.086,0.083,0.62996,337.4,646.0,314.5,627.8,360.3,664.2,146,0.558,1
148,125.449,-196.061,215.828,0.1251,0.4517,-0.8834,0.7829,-0.6156,0.0897,-0.5211,-0.7277,-0.4459,25.5,0.2594,1.185,0.099,0.70695,337.5,644.8,314.7,626.7,360.5,663.0,147,0.017,1
149,125.663,-195.231,214.183,0.1061,0.4428,-0.8903,0.783,-0.6152,0.0917,-0.5268,-0.7344,-0.428,25.5,0.271,1.143,0.117,0.68228,337.6,643.6,314.8,625.5,360.6,661.8,148,0.447,1
150,125.845,-194.418,212.526,0.0898,0.434,-0.8964,0.7829,-0.6149,0.0943,-0.5317,-0.7401,-0.4117,25.5,0.2811,1.028,0.15,0.6024,337.7,642.5,314.9,624.4,360.6,660.6,149,0.824,1
151,125.998,-193.621,210.858,0.0756,0.4254,-0.9018,0.7826,-0.6148,0.0975,-0.5361,-0.7452,-0.3965,25.5,0.2903,0.953,0.184,0.53926,337.7,641.3,314.9,623.3,360.6,659.5,149,1.031,1
152,126.126,-192.84,209.18,0.0632,0.4166,-0.9069,0.782,-0.6149,0.1013,-0.5401,-0.7498,-0.3821,25.5,0.2986,0.896,0.22,0.49541,337.7,640.2,315.0,622.1,360.6,658.3,150,0.744,1
153,126.233,-192.075,207.493,0.0521,0.4075,-0.9117,0.7812,-0.6152,0.1058,-0.5439,-0.754,-0.3682,25.5,0.3065,0.86,0.262,0.46747,337.7,639.1,315.0,621.0,360.5,657.2,151,0.547,1
154,126.321,-191.328,205.798,0.0423,0.3979,-0.9165,0.7802,-0.6157,0.111,-0.5477,-0.7579,-0.3543,25.5,0.3137,0.855,0.305,0.44897,337.6,638.0,315.0,620.0,360.4,656.2,152,0.438,1
155,126.387,-190.601,204.093,0.0274,0.3853,-0.9224,0.7788,-0.6163,0.1171,-0.5532,-0.7627,-0.3351,25.5,0.3241,1.177,0.36,0.62978,337.6,637.0,314.9,618.9,360.3,655.2,153,0.416,1
156,126.423,-189.898,202.377,0.012,0.3731,-0.9277,0.7771,-0.617,0.1241,-0.5586,-0.767,-0.3157,25.5,0.336,1.18,0.415,0.62856,337.4,636.0,314.9,617.8,360.1,654.2,154,0.482,1
157,126.433,-189.216,200.652,-0.0011,0.3626,-0.9319,0.775,-0.6179,0.1325,-0.5631,-0.7704,-0.2991,25.5,0.3484,1.005,0.499,0.53464,337.3,635.0,314.8,616.8,359.9,653.2,155,0.635,1
158,126.42,-188.552,198.92,-0.0119,0.3538,-0.9353,0.7723,-0.619,0.1426,-0.5668,-0.7729,-0.2851,25.5,0.3616,0.842,0.602,0.44291,337.1,634.0,314.7,615.8,359.7,652.3,157,0.654,1
159,126.39,-187.903,197.183,-0.0206,0.3465,-0.9378,0.7691,-0.6201,0.1545,-0.5698,-0.7749,-0.2738,25.5,0.3756,0.68,0.709,0.35918,336.9,633.0,314.6,614.8,359.4,651.4,158,0.242,1
160,126.345,-187.265,195.441,-0.027,0.3409,-0.9397,0.7652,-0.6213,0.1687,-0.5719,-0.7763,-0.2652,25.5,0.391,0.514,0.847,0.26917,336.7,632.1,314.5,613.8,359.1,650.5,159,0.251,1
161,126.29,-186.638,193.697,-0.0338,0.333,-0.9423,0.7603,-0.6225,0.1854,-0.5748,-0.7778,-0.2543,25.5,0.4077,0.652,1.0,0.33188,336.5,631.2,314.4,612.8,358.7,649.6,161,0.421,1
162,126.218,-186.032,191.945,-0.0446,0.3209,-0.9461,0.7545,-0.6236,0.2047,-0.5799,-0.7795,-0.2371,25.5,0.4274,1.032,1.156,0.51457,336.3,630.2,314.4,611.8,358.4,648.8,162,0.254,1
163,126.125,-185.446,190.188,-0.0555,0.312,-0.9485,0.7477,-0.6243,0.2261,-0.5844,-0.7804,-0.2225,25.5,0.4507,0.877,1.287,0.44098,336.0,629.4,314.3,610.9,357.9,648.0,164,0.136,1
164,126.012,-184.872,188.428,-0.0662,0.307,-0.9494,0.74,-0.6247,0.2493,-0.5879,-0.7808,-0.2115,25.5,0.4775,0.662,1.401,0.36589,335.8,628.5,314.2,610.0,357.5,647.2,166,0.416,1
165,125.88,-184.304,186.667,-0.0761,0.3064,-0.9488,0.7313,-0.6246,0.2739,-0.5902,-0.7808,-0.2048,25.5,0.5069,0.406,1.495,0.30694,335.5,627.6,314.1,609.1,357.0,646.4,167,0.389,1
166,125.73,-183.734,184.908,-0.086,0.3079,-0.9475,0.7218,-0.624,0.2995,-0.5919,-0.7808,-0.2,25.5,0.538,0.292,1.565,0.31188,335.1,626.8,314.1,608.2,356.4,645.6,169,0.145,1
167,125.56,-183.164,183.151,-0.0971,0.3057,-0.9472,0.7115,-0.6226,0.3257,-0.5956,-0.7803,-0.1907,25.5,0.5679,0.574,1.615,0.34968,334.8,625.9,314.0,607.3,355.8,644.7,171,0.138,1
168,125.37,-182.6,181.395,-0.1079,0.3023,-0.9471,0.7005,-0.6207,0.3521,-0.5999,-0.7795,-0.1805,25.5,0.5967,0.636,1.642,0.34978,334.4,625.1,313.9,606.4,355.2,643.9,173,0.512,1
169,125.16,-182.043,179.638,-0.1179,0.2981,-0.9472,0.6891,-0.6181,0.3782,-0.6049,-0.7781,-0.1696,25.5,0.6237,0.692,1.639,0.33505,334.0,624.2,313.8,605.6,354.5,643.1,174,0.179,1
170,124.933,-181.495,177.881,-0.1267,0.2931,-0.9477,0.6773,-0.6151,0.4036,-0.6104,-0.7761,-0.1584,25.5,0.6486,0.724,1.614,0.31302,333.6,623.4,313.7,604.8,353.8,642.2,176,0.416,1
171,124.691,-180.957,176.122,-0.1337,0.2864,-0.9487,0.6655,-0.6116,0.4278,-0.6166,-0.7735,-0.1466,25.5,0.67,0.778,1.556,0.30089,333.2,622.6,313.6,604.1,353.1,641.4,177,0.152,1
172,124.436,-180.431,174.362,-0.1415,0.2809,-0.9492,0.6537,-0.6078,0.4508,-0.6231,-0.7704,-0.1351,25.5,0.6911,0.777,1.497,0.29525,332.8,621.8,313.5,603.3,352.4,640.5,178,0.678,1
173,124.166,-179.914,172.601,-0.1507,0.2777,-0.9488,0.6419,-0.6038,0.4726,-0.6297,-0.7668,-0.1244,25.5,0.7128,0.749,1.439,0.30112,332.3,621.0,313.4,602.6,351.6,639.6,180,0.257,1
174,123.876,-179.4,170.843,-0.1615,0.2766,-0.9473,0.6301,-0.5997,0.4933,-0.6365,-0.7628,-0.1142,25.5,0.7349,0.739,1.385,0.33852,331.9,620.2,313.2,601.9,350.8,638.8,181,0.136,1
175,123.566,-178.886,169.088,-0.1737,0.2776,-0.9449,0.6183,-0.5955,0.5129,-0.6435,-0.7583,-0.1045,25.5,0.7573,0.732,1.333,0.3853,331.4,619.4,313.0,601.2,350.0,637.9,182,0.482,1
176,123.232,-178.37,167.338,-0.1851,0.2782,-0.9425,0.6065,-0.5912,0.5316,-0.6513,-0.7529,-0.0943,25.5,0.7778,0.798,1.291,0.36033,330.9,618.7,312.8,600.6,349.2,637.1,183,0.781,1
177,122.88,-177.855,165.591,-0.1949,0.2769,-0.9409,0.5946,-0.587,0.5494,-0.6603,-0.7464,-0.083,25.5,0.7954,0.908,1.25,0.30936,330.3,617.9,312.6,599.9,348.3,636.2,185,0.622,1
178,122.508,-177.342,163.847,-0.2054,0.2765,-0.9388,0.5827,-0.5829,0.5663,-0.6701,-0.7389,-0.071,25.5,0.8125,0.986,1.207,0.331,329.8,617.1,312.4,599.2,347.5,635.3,186,0.473,1
179,122.117,-176.829,162.108,-0.2166,0.2768,-0.9362,0.5708,-0.5789,0.5823,-0.6809,-0.73,-0.0583,25.5,0.829,1.083,1.165,0.35528,329.2,616.3,312.2,598.5,346.6,634.5,187,0.378,1
180,121.704,-176.314,160.375,-0.2285,0.2779,-0.933,0.5589,-0.5751,0.5973,-0.6928,-0.7197,-0.0447,25.5,0.8448,1.192,1.118,0.38218,328.6,615.6,311.9,597.8,345.7,633.6,188,0.337,1
181,121.269,-175.798,158.648,-0.241,0.2796,-0.9294,0.5471,-0.5716,0.6115,-0.7059,-0.7077,-0.0299,25.5,0.86,1.325,1.077,0.40525,328.0,614.8,311.6,597.1,344.7,632.8,189,0.353,1
182,120.812,-175.278,156.926,-0.2511,0.2803,-0.9265,0.5354,-0.5682,0.6249,-0.7195,-0.6943,-0.015,25.5,0.8727,1.388,1.038,0.32531,327.4,614.0,311.3,596.5,343.8,631.9,190,0.427,1
183,120.337,-174.758,155.211,-0.2613,0.2808,-0.9235,0.5237,-0.5652,0.6374,-0.7343,-0.6788,0.0014,25.5,0.8842,1.546,0.996,0.32878,326.7,613.3,310.9,595.8,342.8,631.1,191,0.561,1
184,119.843,-174.236,153.501,-0.2719,0.2815,-0.9202,0.512,-0.5625,0.6492,-0.7506,-0.6605,0.0197,25.5,0.895,1.752,0.965,0.34362,326.0,612.5,310.6,595.1,341.8,630.3,192,0.75,1
185,119.328,-173.714,151.797,-0.283,0.2822,-0.9167,0.5004,-0.56,0.6603,-0.7684,-0.6387,0.0405,25.5,0.9049,2.005,0.931,0.36016,325.3,611.7,310.2,594.4,340.7,629.4,193,0.987,1
186,118.793,-173.189,150.1,-0.2947,0.283,-0.9127,0.4888,-0.5579,0.6707,-0.7876,-0.6128,0.0643,25.5,0.9141,2.296,0.901,0.38273,324.6,611.0,309.8,593.7,339.7,628.6,193,0.868,1
187,118.235,-172.664,148.411,-0.3072,0.2839,-0.9083,0.4772,-0.556,0.6806,-0.8083,-0.5815,0.0917,25.5,0.9226,2.663,0.881,0.41029,323.9,610.2,309.4,592.9,338.6,627.8,194,0.589,1
188,117.655,-172.137,146.73,-0.318,0.2844,-0.9044,0.4655,-0.5544,0.6898,-0.8284,-0.5473,0.1192,25.5,0.9296,2.766,0.858,0.35506,323.1,609.4,309.0,592.2,337.5,627.0,195,0.273,1
189,117.055,-171.609,145.056,-0.3288,0.2849,-0.9004,0.4538,-0.5531,0.6986,-0.8485,-0.5077,0.1492,25.5,0.9358,3.071,0.842,0.3561,322.3,608.7,308.5,591.5,336.4,626.2,196,0.073,1
190,116.434,-171.08,143.39,-0.3402,0.2855,-0.896,0.4421,-0.5522,0.7069,-0.8682,-0.4613,0.1827,25.5,0.9414,3.468,0.824,0.3779,321.5,607.9,308.0,590.8,335.3,625.4,197,0.441,1
191,115.792,-170.55,141.733,-0.3522,0.2862,-0.8911,0.4303,-0.5515,0.7147,-0.8865,-0.4072,0.2196,25.5,0.9463,3.897,0.811,0.40096,320.7,607.1,307.5,590.0,334.1,624.6,198,0.828,1
192,115.128,-170.018,140.085,-0.3647,0.287,-0.8858,0.4184,-0.5511,0.722,-0.9021,-0.3446,0.2597,25.5,0.9503,4.353,0.8,0.42013,319.8,606.4,307.0,589.3,332.9,623.9,198,1.027,1
193,114.439,-169.485,138.447,-0.3778,0.2878,-0.88,0.4065,-0.551,0.7288,-0.9131,-0.2732,0.3027,25.5,0.9535,4.818,0.785,0.44325,319.0,605.6,306.5,588.5,331.7,623.1,199,0.628,1
194,113.726,-168.951,136.82,-0.3907,0.288,-0.8743,0.3944,-0.5512,0.7352,-0.9177,-0.1957,0.3457,25.5,0.9556,5.087,0.784,0.4357,318.1,604.9,306.0,587.8,330.5,622.3,200,0.222,1
195,112.99,-168.416,135.204,-0.4029,0.2883,-0.8686,0.3823,-0.5517,0.7412,-0.9152,-0.1152,0.3863,25.5,0.9569,5.169,0.774,0.41608,317.2,604.1,305.4,587.0,329.2,621.6,201,0.185,1
196,112.232,-167.881,133.598,-0.4148,0.2888,-0.8628,0.37,-0.5526,0.7468,-0.905,-0.0329,0.4241,25.5,0.9574,5.224,0.776,0.40923,316.2,603.3,304.8,586.2,327.9,620.8,202,0.587,1
197,111.451,-167.345,132.003,-0.4265,0.2897,-0.8568,0.3576,-0.5537,0.752,-0.8874,0.0495,0.4584,25.5,0.9572,5.214,0.773,0.40712,315.3,602.6,304.2,585.5,326.6,620.1,203,0.981,1
198,110.65,-166.806,130.419,-0.4381,0.2908,-0.8506,0.3451,-0.555,0.7569,-0.8627,0.1301,0.4887,25.5,0.9564,5.134,0.773,0.40773,314.3,601.8,303.6,584.7,325.3,619.4,203,0.874,1
199,109.826,-166.266,128.847,-0.4496,0.2923,-0.8441,0.3324,-0.5567,0.7613,-0.8318,0.2075,0.5149,25.5,0.9548,5.007,0.776,0.41065,313.3,601.1,302.9,583.9,323.9,618.7,204,0.495,1
200,108.982,-165.722,127.288,-0.4607,0.2939,-0.8375,0.3195,-0.5586,0.7655,-0.7966,0.2792,0.5362,25.5,0.9525,4.738,0.785,0.40196,312.3,600.3,302.3,583.1,322.5,618.0,205,0.135,1
201,108.117,-165.175,125.741,-0.4719,0.2952,-0.8308,0.3064,-0.5607,0.7692,-0.7584,0.3446,0.5532,25.5,0.9492,4.449,0.789,0.40514,311.2,599.6,301.6,582.3,321.1,617.2,206,0.2,1
202,107.231,-164.627,124.206,-0.4836,0.2962,-0.8236,0.2932,-0.563,0.7727,-0.7179,0.4041,0.5669,25.5,0.9449,4.199,0.793,0.42548,310.2,598.8,300.9,581.5,319.7,616.5,207,0.504,1
203,106.323,-164.077,122.686,-0.4958,0.2969,-0.8161,0.2799,-0.5655,0.7758,-0.6766,0.4571,0.5773,25.5,0.9398,3.896,0.795,0.44292,309.1,598.1,300.2,580.7,318.2,615.8,208,0.778,1
204,105.391,-163.526,121.179,-0.5083,0.2972,-0.8082,0.2665,-0.5682,0.7785,-0.6359,0.5034,0.585,25.5,0.9335,3.56,0.798,0.45688,308.0,597.3,299.5,579.9,316.7,615.2,209,1.034,1
205,104.437,-162.974,119.688,-0.5211,0.2972,-0.8001,0.2531,-0.571,0.781,-0.5968,0.5432,0.5905,25.5,0.9265,3.213,0.797,0.46793,306.9,596.6,298.7,579.1,315.2,614.5,209,0.82,1
206,103.458,-162.423,118.211,-0.5338,0.2975,-0.7915,0.2397,-0.5739,0.7831,-0.5596,0.5775,0.5945,25.5,0.9185,2.908,0.795,0.47385,305.7,595.8,298.0,578.3,313.7,613.8,210,0.571,1
207,102.457,-161.871,116.751,-0.5461,0.2982,-0.7828,0.2263,-0.5769,0.7849,-0.5248,0.6066,0.5972,25.5,0.91,2.604,0.793,0.46592,304.6,595.1,297.2,577.5,312.1,613.1,211,0.317,1
208,101.432,-161.317,115.307,-0.5581,0.2983,-0.7743,0.2131,-0.5799,0.7863,-0.4938,0.6306,0.5988,25.5,0.9007,2.248,0.78,0.4543,303.4,594.4,296.4,576.7,310.6,612.4,212,0.045,1
209,100.387,-160.764,113.879,-0.5695,0.2979,-0.7661,0.2001,-0.5828,0.7876,-0.4668,0.65,0.5997,25.5,0.891,1.906,0.767,0.43396,302.2,593.6,295.5,575.9,309.0,611.8,213,0.255,1
210,99.32,-160.213,112.465,-0.5802,0.2969,-0.7585,0.1873,-0.5858,0.7885,-0.4437,0.6657,0.6,25.5,0.8807,1.6,0.755,0.4066,300.9,592.9,294.7,575.1,307.4,611.1,214,0.595,1
211,98.235,-159.663,111.065,-0.5901,0.2954,-0.7514,0.1748,-0.5886,0.7893,-0.4243,0.6783,0.5999,25.5,0.8701,1.325,0.735,0.37915,299.7,592.2,293.8,574.4,305.8,610.4,215,0.987,1
212,97.132,-159.117,109.677,-0.5992,0.2936,-0.7448,0.1627,-0.5914,0.7898,-0.408,0.6885,0.5996,25.5,0.8594,1.102,0.712,0.35165,298.4,591.4,292.9,573.6,304.2,609.7,215,0.868,1
213,96.012,-158.574,108.302,-0.6082,0.292,-0.7381,0.1509,-0.594,0.7902,-0.3924,0.6977,0.5994,25.5,0.8485,1.038,0.693,0.35011,297.2,590.7,291.9,572.8,302.5,609.1,216,0.413,1
214,94.876,-158.034,106.939,-0.617,0.2908,-0.7313,0.1395,-0.5964,0.7905,-0.3776,0.7059,0.5993,25.5,0.8376,0.969,0.668,0.34552,295.9,590.0,290.9,572.1,300.9,608.4,217,0.108,1
215,93.724,-157.495,105.589,-0.6255,0.2898,-0.7244,0.1285,-0.5987,0.7906,-0.3635,0.7133,0.5993,25.5,0.8266,0.912,0.644,0.33957,294.6,589.3,290.0,571.3,299.3,607.7,218,0.697,1
216,92.555,-156.958,104.252,-0.634,0.2892,-0.7173,0.1179,-0.6009,0.7906,-0.3497,0.72,0.5994,25.5,0.8156,0.879,0.62,0.34261,293.2,588.6,288.9,570.6,297.7,607.1,218,1.158,1
217,91.372,-156.422,102.928,-0.6423,0.2888,-0.71,0.1075,-0.6029,0.7905,-0.3363,0.7262,0.5996,25.5,0.8044,0.846,0.607,0.34165,291.9,587.9,287.9,569.9,296.0,606.4,219,0.496,1
218,90.173,-155.887,101.618,-0.6506,0.2886,-0.7025,0.0975,-0.6049,0.7903,-0.3232,0.7318,0.6,25.5,0.7932,0.817,0.584,0.34558,290.6,587.2,286.8,569.1,294.4,605.7,220,0.241,1
219,88.958,-155.352,100.322,-0.6588,0.2885,-0.6948,0.0878,-0.6067,0.7901,-0.3104,0.737,0.6004,25.5,0.7818,0.792,0.565,0.34753,289.2,586.5,285.8,568.4,292.7,605.1,221,1.057,1
220,87.729,-154.817,99.04,-0.6665,0.2876,-0.6878,0.0784,-0.6084,0.7898,-0.3001,0.741,0.6006,25.5,0.7705,0.633,0.548,0.32264,287.8,585.8,284.7,567.7,291.1,604.4,221,0.798,1
221,86.486,-154.285,97.771,-0.6738,0.2869,-0.6809,0.0693,-0.6099,0.7894,-0.2902,0.7448,0.6009,25.5,0.7592,0.608,0.529,0.31103,286.5,585.2,283.5,567.0,289.4,603.7,222,0.099,1
222,85.23,-153.753,96.514,-0.681,0.2864,-0.674,0.0604,-0.6114,0.789,-0.2805,0.7482,0.6013,25.5,0.748,0.589,0.518,0.30842,285.1,584.5,282.4,566.3,287.8,603.1,223,1.08,1
223,83.96,-153.222,95.27,-0.6879,0.286,-0.667,0.0518,-0.6128,0.7886,-0.271,0.7514,0.6017,25.5,0.7369,0.575,0.5,0.30386,283.7,583.8,281.2,565.6,286.1,602.4,223,0.775,1
224,82.678,-152.692,94.04,-0.6948,0.2859,-0.6599,0.0433,-0.6141,0.7881,-0.2615,0.7543,0.6022,25.5,0.7257,0.57,0.493,0.30583,282.2,583.1,280.1,564.9,284.5,601.8,224,0.293,1
225,81.382,-152.161,92.822,-0.7016,0.286,-0.6526,0.0351,-0.6153,0.7875,-0.252,0.7571,0.6027,25.5,0.7145,0.568,0.476,0.3082,280.8,582.4,278.9,564.2,282.8,601.1,225,1.435,1
226,80.075,-151.631,91.618,-0.7084,0.2863,-0.6452,0.0271,-0.6164,0.787,-0.2425,0.7597,0.6034,25.5,0.7034,0.566,0.464,0.31056,279.4,581.8,277.7,563.5,281.1,600.4,225,0.42,1
227,78.755,-151.099,90.429,-0.7149,0.2865,-0.6378,0.0192,-0.6174,0.7864,-0.2335,0.762,0.604,25.5,0.6922,0.533,0.458,0.30433,277.9,581.1,276.5,562.9,279.4,599.8,226,0.777,2
228,77.423,-150.568,89.252,-0.7208,0.2861,-0.6313,0.0114,-0.6184,0.7858,-0.2262,0.7639,0.6044,25.5,0.6812,0.433,0.452,0.27144,276.5,580.4,275.2,562.2,277.7,599.1,226,1.078,2
229,76.08,-150.038,88.087,-0.7269,0.2859,-0.6245,0.0038,-0.6193,0.7852,-0.2186,0.7657,0.6049,25.5,0.6702,0.448,0.44,0.28223,275.0,579.8,274.0,561.5,276.0,598.4,227,0.155,2
230,74.726,-149.508,86.936,-0.7331,0.2857,-0.6172,-0.0037,-0.6201,0.7845,-0.2108,0.7674,0.6056,25.5,0.6586,0.459,0.434,0.29589,273.5,579.1,272.7,560.9,274.3,597.8,228,1.404,2
231,73.361,-148.978,85.798,-0.7395,0.2857,-0.6095,-0.0112,-0.6209,0.7838,-0.2026,0.769,0.6063,25.5,0.6468,0.48,0.434,0.30928,272.0,578.4,271.4,560.2,272.6,597.1,228,0.451,2
232,71.983,-148.448,84.675,-0.7463,0.2857,-0.6011,-0.0185,-0.6216,0.7831,-0.1939,0.7706,0.6071,25.5,0.6345,0.509,0.422,0.33382,270.5,577.8,270.2,559.5,270.9,596.4,229,0.797,2
233,70.592,-147.918,83.568,-0.7536,0.2859,-0.592,-0.0259,-0.6223,0.7824,-0.1847,0.7721,0.608,25.5,0.6216,0.537,0.428,0.36039,269.0,577.1,268.9,558.9,269.2,595.8,229,1.058,2
234,69.187,-147.387,82.479,-0.7613,0.2861,-0.5819,-0.0332,-0.6229,0.7816,-0.1748,0.7736,0.6091,25.5,0.6077,0.577,0.422,0.39232,267.5,576.5,267.6,558.2,267.5,595.1,230,0.168,2
235,67.767,-146.856,81.41,-0.7694,0.2863,-0.571,-0.0404,-0.6235,0.7808,-0.1645,0.7749,0.6103,25.5,0.5933,0.599,0.416,0.41954,266.0,575.8,266.2,557.6,265.7,594.5,231,1.355,2
236,66.333,-146.326,80.36,-0.7768,0.286,-0.5611,-0.0478,-0.6241,0.7799,-0.1559,0.7759,0.6113,25.5,0.579,0.499,0.428,0.38195,264.4,575.2,264.9,556.9,264.0,593.8,231,0.5,2
237,64.886,-145.795,79.329,-0.7842,0.2858,-0.5507,-0.0551,-0.6246,0.779,-0.1469,0.7768,0.6124,25.5,0.5643,0.522,0.422,0.39434,262.9,574.5,263.6,556.3,262.2,593.2,232,0.63,2
238,63.424,-145.265,78.318,-0.7918,0.2857,-0.5399,-0.0624,-0.6251,0.7781,-0.1378,0.7775,0.6136,25.5,0.5493,0.527,0.422,0.40793,261.3,573.9,262.2,555.7,260.4,592.5,232,1.225,2
239,61.948,-144.735,77.326,-0.7993,0.2857,-0.5287,-0.0698,-0.6255,0.7771,-0.1285,0.7781,0.6148,25.5,0.5338,0.538,0.428,0.41637,259.7,573.2,260.8,555.0,258.6,591.9,233,0.165,2
240,60.459,-144.205,76.356,-0.8067,0.2859,-0.5172,-0.0772,-0.6259,0.7761,-0.1191,0.7786,0.6161,25.5,0.5181,0.544,0.428,0.42248,258.1,572.6,259.5,554.4,256.8,591.2,234,0.822,2
241,58.956,-143.675,75.408,-0.8139,0.2861,-0.5056,-0.0846,-0.6263,0.775,-0.1098,0.7789,0.6175,25.5,0.5022,0.539,0.429,0.42181,256.5,572.0,258.1,553.8,255.0,590.6,234,1.033,2
242,57.44,-143.144,74.481,-0.8209,0.2865,-0.494,-0.0921,-0.6267,0.7738,-0.1006,0.779,0.6189,25.5,0.4862,0.533,0.436,0.41871,254.9,571.3,256.7,553.2,253.1,589.9,235,0.125,2
243,55.911,-142.612,73.576,-0.8279,0.287,-0.4819,-0.0996,-0.627,0.7726,-0.0911,0.779,0.6204,25.5,0.4698,0.551,0.436,0.43206,253.3,570.7,255.3,552.5,251.3,589.3,236,0.698,2
244,54.369,-142.079,72.693,-0.8347,0.2872,-0.47,-0.1072,-0.6273,0.7714,-0.0822,0.7788,0.6219,25.5,0.4532,0.517,0.441,0.42341,251.7,570.1,253.8,551.9,249.4,588.6,236,1.157,2
245,52.814,-141.547,71.832,-0.8412,0.2871,-0.4582,-0.1148,-0.6276,0.77,-0.0739,0.7784,0.6234,25.5,0.4364,0.484,0.443,0.41613,250.0,569.4,252.4,551.3,247.6,588.0,237,0.425,2
246,51.248,-141.014,70.993,-0.8476,0.2867,-0.4465,-0.1226,-0.6279,0.7686,-0.0661,0.7779,0.6249,25.5,0.4193,0.456,0.454,0.41214,248.4,568.8,251.0,550.7,245.7,587.4,238,0.21,2
247,49.67,-140.483,70.176,-0.8538,0.286,-0.435,-0.1304,-0.6281,0.7671,-0.0588,0.7773,0.6264,25.5,0.402,0.428,0.455,0.40415,246.7,568.2,249.5,550.1,243.8,586.7,239,0.742,2
248,48.08,-139.954,69.38,-0.8599,0.2849,-0.4235,-0.1384,-0.6284,0.7655,-0.0519,0.7765,0.628,25.5,0.3842,0.408,0.468,0.40354,245.0,567.6,248.1,549.5,241.9,586.1,239,1.113,2
249,46.48,-139.427,68.605,-0.866,0.2836,-0.412,-0.1465,-0.6286,0.7638,-0.0455,0.7756,0.6296,25.5,0.3661,0.381,0.474,0.40411,243.3,567.0,246.6,548.9,239.9,585.5,240,0.69,2
250,44.868,-138.9,67.852,-0.8715,0.285,-0.3991,-0.1548,-0.6288,0.762,-0.0361,0.7744,0.6317,25.5,0.3484,0.556,0.487,0.43531,241.6,566.3,245.2,548.3,238.0,584.8,241,0.379,2
251,43.247,-138.37,67.124,-0.877,0.2863,-0.3859,-0.1632,-0.6291,0.76,-0.0267,0.7729,0.634,25.5,0.3303,0.561,0.495,0.44355,239.9,565.7,243.7,547.7,236.1,584.2,242,0.171,2
252,41.615,-137.839,66.42,-0.8827,0.2855,-0.3732,-0.1716,-0.6293,0.758,-0.0194,0.7714,0.6361,25.5,0.3111,0.444,0.495,0.43075,238.2,565.1,242.2,547.1,234.1,583.6,243,0.058,2
253,39.972,-137.312,65.739,-0.8886,0.2826,-0.3613,-0.18,-0.6296,0.7558,-0.0145,0.7699,0.638,25.5,0.291,0.313,0.498,0.41998,236.5,564.5,240.7,546.5,232.1,583.0,244,0.032,2
254,38.318,-136.792,65.079,-0.8945,0.2778,-0.3503,-0.1882,-0.63,0.7534,-0.0119,0.7685,0.6397,25.5,0.2706,0.195,0.49,0.41308,234.8,563.9,239.2,545.9,230.2,582.4,245,0.082,2
255,36.654,-136.283,64.439,-0.9003,0.271,-0.3405,-0.1962,-0.6305,0.751,-0.0115,0.7673,0.6412,25.5,0.2499,0.112,0.479,0.40977,233.0,563.3,237.7,545.3,228.2,581.8,246,0.202,2
256,34.979,-135.788,63.815,-0.906,0.2627,-0.332,-0.2038,-0.6311,0.7484,-0.0133,0.7662,0.6425,25.5,0.2296,0.142,0.462,0.40701,231.3,562.8,236.2,544.7,226.2,581.2,247,0.384,2
257,33.293,-135.31,63.206,-0.9115,0.2525,-0.3248,-0.2111,-0.6319,0.7458,-0.0173,0.7653,0.6435,25.5,0.2094,0.242,0.446,0.42138,229.5,562.2,234.7,544.2,224.2,580.7,248,0.619,2
258,31.598,-134.85,62.611,-0.9165,0.244,-0.3172,-0.2179,-0.6328,0.743,-0.0198,0.764,0.6449,25.5,0.1904,0.18,0.424,0.38456,227.7,561.7,233.1,543.7,222.3,580.2,250,0.644,2
259,29.894,-134.403,62.03,-0.9209,0.2379,-0.3086,-0.2242,-0.6339,0.7402,-0.0199,0.7623,0.6469,25.5,0.1728,0.151,0.4,0.3529,226.0,561.2,231.5,543.1,220.3,579.7,251,0.307,2
260,28.182,-133.966,61.466,-0.925,0.2341,-0.2992,-0.2299,-0.6352,0.7373,-0.0177,0.7602,0.6494,25.5,0.1566,0.226,0.374,0.33784,224.2,560.7,229.9,542.6,218.4,579.2,252,0.047,2
261,26.462,-133.534,60.921,-0.9288,0.2323,-0.2887,-0.235,-0.6366,0.7345,-0.0133,0.7577,0.6525,25.5,0.1417,0.34,0.343,0.34939,222.4,560.2,228.2,542.1,216.4,578.7,253,0.398,2
262,24.736,-133.103,60.396,-0.9323,0.2326,-0.277,-0.2393,-0.6383,0.7317,-0.0067,0.7546,0.6561,25.5,0.1281,0.466,0.31,0.37735,220.6,559.7,226.6,541.6,214.5,578.2,254,0.744,2
263,23.004,-132.67,59.894,-0.9355,0.2348,-0.264,-0.2428,-0.6401,0.7289,0.0022,0.751,0.6603,25.5,0.1156,0.6,0.277,0.4191,218.8,559.2,224.9,541.1,212.6,577.8,256,0.485,2
264,21.266,-132.23,59.418,-0.9384,0.2392,-0.2493,-0.2455,-0.6421,0.7262,0.0137,0.7468,0.6649,25.5,0.1043,0.749,0.247,0.48238,217.0,558.7,223.2,540.6,210.7,577.3,257,0.224,2
265,19.523,-131.783,58.969,-0.9412,0.2417,-0.2361,-0.2474,-0.6443,0.7236,0.0229,0.7427,0.6692,25.5,0.0937,0.627,0.223,0.42394,215.2,558.2,221.4,540.0,208.8,576.9,258,0.01,2
266,17.774,-131.334,58.542,-0.9439,0.2423,-0.2244,-0.2483,-0.6468,0.7212,0.0297,0.739,0.673,25.5,0.0842,0.494,0.205,0.37137,213.4,557.8,219.7,539.5,207.0,576.4,259,0.178,2
267,16.021,-130.884,58.136,-0.9466,0.2427,-0.2124,-0.2483,-0.6494,0.7188,0.0367,0.7352,0.6769,25.5,0.0752,0.508,0.203,0.38014,211.6,557.3,217.9,538.9,205.1,576.0,260,0.324,2
268,14.263,-130.434,57.754,-0.9492,0.2431,-0.1998,-0.2476,-0.6522,0.7165,0.044,0.7312,0.6807,25.5,0.0667,0.524,0.211,0.39759,209.7,556.8,216.0,538.4,203.3,575.6,261,0.436,2
269,12.5,-129.983,57.396,-0.9518,0.2434,-0.1866,-0.2462,-0.6551,0.7143,0.0517,0.727,0.6847,25.5,0.0584,0.552,0.223,0.4157,207.9,556.3,214.2,537.8,201.5,575.1,262,0.518,2
270,10.732,-129.531,57.063,-0.9544,0.2436,-0.1722,-0.244,-0.6583,0.7121,0.0602,0.7226,0.6886,25.5,0.0501,0.592,0.256,0.45204,206.1,555.8,212.3,537.2,199.7,574.7,263,0.571,2
271,8.959,-129.079,56.758,-0.9571,0.2438,-0.1565,-0.2413,-0.6616,0.71,0.0696,0.7179,0.6927,25.5,0.0415,0.646,0.272,0.49211,204.3,555.3,210.4,536.7,197.9,574.3,264,0.597,2
272,7.181,-128.626,56.483,-0.9598,0.2438,-0.1388,-0.238,-0.6651,0.7078,0.0803,0.7128,0.6968,25.5,0.032,0.719,0.303,0.55302,202.4,554.8,208.5,536.1,196.2,573.9,265,0.599,2
273,5.398,-128.174,56.243,-0.9623,0.2439,-0.1205,-0.2341,-0.6687,0.7057,0.0916,0.7075,0.7008,25.5,0.0229,0.751,0.327,0.57067,200.6,554.3,206.6,535.5,194.4,573.5,266,0.578,2
274,3.611,-127.722,56.037,-0.9644,0.2439,-0.102,-0.2298,-0.6725,0.7035,0.103,0.702,0.7047,25.5,0.0142,0.759,0.352,0.57512,198.7,553.8,204.7,535.0,192.7,573.1,267,0.539,2
275,1.821,-127.27,55.865,-0.9662,0.2438,-0.0833,-0.2249,-0.6765,0.7013,0.1146,0.6964,0.7085,25.5,0.0061,0.769,0.384,0.58041,196.9,553.3,202.7,534.4,190.9,572.7,268,0.485,2
276,0.027,-126.818,55.728,-0.9678,0.2435,-0.0643,-0.2195,-0.6806,0.699,0.1265,0.6906,0.7121,25.5,0.0018,0.786,0.41,0.58907,195.0,552.9,200.7,533.8,189.2,572.3,269,0.419,2
277,-1.769,-126.366,55.626,-0.969,0.2431,-0.045,-0.2136,-0.6848,0.6967,0.1385,0.6847,0.7156,25.5,0.0092,0.792,0.435,0.59742,193.2,552.4,198.8,533.2,187.5,571.9,270,0.343,2
278,-3.567,-125.916,55.561,-0.9698,0.2424,-0.0257,-0.2072,-0.6893,0.6942,0.1506,0.6787,0.7188,25.5,0.016,0.795,0.471,0.59707,191.3,551.9,196.8,532.7,185.8,571.6,271,0.262,2
279,-5.367,-125.467,55.532,-0.9703,0.2418,-0.0051,-0.2004,-0.6938,0.6917,0.1638,0.6723,0.7219,25.5,0.0232,0.859,0.489,0.63683,189.5,551.5,194.7,532.1,184.1,571.2,272,0.177,2
280,-7.166,-125.019,55.543,-0.9703,0.2412,0.0177,-0.193,-0.6986,0.689,0.1787,0.6655,0.7247,25.5,0.031,0.952,0.529,0.70462,187.6,551.0,192.7,531.5,182.4,570.9,273,0.092,2
281,-8.966,-124.572,55.597,-0.9699,0.2402,0.0404,-0.1851,-0.7035,0.6862,0.1934,0.6585,0.7273,25.5,0.0383,0.945,0.556,0.70199,185.7,550.5,190.7,530.9,180.7,570.5,274,0.009,2
282,-10.764,-124.128,55.693,-0.969,0.2388,0.0628,-0.1767,-0.7085,0.6833,0.2079,0.6517,0.7295,25.5,0.0449,0.926,0.584,0.69388,183.9,550.1,188.6,530.4,179.1,570.2,275,0.071,2
283,-12.56,-123.686,55.83,-0.9678,0.237,0.0844,-0.1679,-0.7136,0.6801,0.2217,0.6449,0.7314,25.5,0.0508,0.888,0.611,0.67063,182.0,549.6,186.5,529.8,177.4,569.9,276,0.145,2
284,-14.354,-123.249,56.005,-0.9663,0.2348,0.105,-0.1585,-0.7189,0.6768,0.2348,0.6383,0.7331,25.5,0.0554,0.846,0.647,0.64169,180.2,549.2,184.5,529.2,175.8,569.6,277,0.212,2
285,-16.144,-122.815,56.222,-0.9639,0.2332,0.1285,-0.1488,-0.7244,0.6732,0.2506,0.6309,0.7343,25.5,0.061,1.002,0.671,0.7314,178.3,548.8,182.4,528.7,174.2,569.3,278,0.271,2
286,-17.93,-122.384,56.482,-0.961,0.2312,0.1518,-0.1385,-0.7299,0.6694,0.2661,0.6236,0.7351,25.5,0.066,0.983,0.704,0.72792,176.5,548.4,180.3,528.1,172.6,569.0,279,0.32,2
287,-19.709,-121.958,56.784,-0.9578,0.2285,0.1743,-0.1278,-0.7356,0.6653,0.2809,0.6165,0.7356,25.5,0.0703,0.941,0.733,0.70698,174.6,547.9,178.2,527.5,171.1,568.7,280,0.356,2
288,-21.483,-121.537,57.128,-0.9544,0.2251,0.1959,-0.1167,-0.7413,0.6609,0.2948,0.6096,0.7358,25.5,0.074,0.889,0.758,0.6836,172.8,547.5,176.1,527.0,169.5,568.5,281,0.38,2
289,-23.25,-121.123,57.51,-0.9509,0.2212,0.2164,-0.1051,-0.7472,0.6562,0.3078,0.6031,0.7359,25.5,0.0767,0.833,0.793,0.65367,171.0,547.1,174.0,526.4,168.0,568.2,282,0.388,2
290,-25.009,-120.716,57.933,-0.9461,0.218,0.2396,-0.0931,-0.7531,0.6512,0.3234,0.5957,0.7352,25.5,0.0799,0.99,0.818,0.73848,169.2,546.7,171.8,525.9,166.4,568.0,283,0.379,2
291,-26.76,-120.314,58.398,-0.9409,0.2144,0.262,-0.0807,-0.7592,0.6459,0.3385,0.5886,0.7341,25.5,0.0824,0.958,0.848,0.71902,167.3,546.4,169.7,525.4,164.9,567.7,284,0.35,2
292,-28.5,-119.921,58.904,-0.9359,0.2102,0.2828,-0.0678,-0.7652,0.6402,0.3522,0.582,0.733,25.5,0.0837,0.874,0.878,0.67344,165.5,546.0,167.6,524.8,163.5,567.5,285,0.301,2
293,-30.231,-119.535,59.446,-0.9309,0.2053,0.302,-0.0544,-0.7714,0.634,0.3644,0.5758,0.7319,25.5,0.0837,0.787,0.918,0.6313,163.7,545.6,165.4,524.3,162.0,567.3,286,0.227,2
294,-31.954,-119.159,60.023,-0.9262,0.1999,0.3196,-0.0406,-0.7776,0.6274,0.3752,0.5701,0.7309,25.5,0.0827,0.702,0.946,0.58695,161.9,545.3,163.3,523.8,160.6,567.1,287,0.127,2
295,-33.666,-118.792,60.636,-0.9195,0.1957,0.3408,-0.0263,-0.7839,0.6204,0.3899,0.5634,0.7284,25.5,0.0822,0.937,0.981,0.69901,160.2,544.9,161.2,523.3,159.1,566.9,288,0.002,2
296,-35.365,-118.434,61.286,-0.9131,0.1907,0.3605,-0.0115,-0.7902,0.6128,0.403,0.5572,0.726,25.5,0.0807,0.842,1.019,0.6582,158.4,544.6,159.0,522.8,157.7,566.8,289,0.161,3
297,-37.053,-118.085,61.972,-0.9072,0.1847,0.3781,0.0037,-0.7964,0.6047,0.4141,0.5517,0.724,25.5,0.0782,0.719,1.049,0.6026,156.6,544.3,156.9,522.4,156.4,566.6,290,0.356,3
298,-38.731,-117.749,62.688,-0.9019,0.1777,0.3937,0.0194,-0.8027,0.596,0.4231,0.5468,0.7225,25.5,0.0745,0.593,1.09,0.55295,154.9,544.0,154.7,521.9,155.0,566.5,291,0.586,3
299,-40.399,-117.427,63.431,-0.8969,0.1698,0.4083,0.0357,-0.809,0.5868,0.431,0.5422,0.7213,25.5,0.0702,0.528,1.132,0.53556,153.1,543.7,152.5,521.5,153.7,566.3,293,0.695,3
300,-42.056,-117.118,64.206,-0.8896,0.1631,0.4266,0.0525,-0.8151,0.5769,0.4428,0.5368,0.7182,25.5,0.0665,0.764,1.171,0.64287,151.4,543.5,150.4,521.1,152.4,566.2,294,0.349,3
301,-43.7,-116.822,65.012,-0.8832,0.1559,0.4423,0.0699,-0.8212,0.5663,0.4524,0.532,0.7158,25.5,0.0607,0.63,1.219,0.56898,149.7,543.2,148.2,520.7,151.1,566.1,295,0.04,3
302,-45.333,-116.54,65.845,-0.8777,0.1482,0.4557,0.088,-0.8273,0.5548,0.4599,0.5278,0.7141,25.5,0.053,0.502,1.277,0.50674,147.9,543.0,146.0,520.3,149.9,566.0,296,0.472,3
303,-46.957,-116.273,66.701,-0.8732,0.14,0.4669,0.107,-0.8332,0.5425,0.4654,0.5241,0.7132,25.5,0.0432,0.383,1.34,0.45074,146.2,542.7,143.8,519.9,148.7,566.0,298,0.381,3
304,-48.572,-116.023,67.578,-0.8684,0.1272,0.4793,0.1269,-0.839,0.5291,0.4698,0.5207,0.7129,25.5,0.0367,0.319,1.414,0.5701,144.5,542.6,141.6,519.6,147.5,565.9,299,0.192,3
305,-50.177,-115.8,68.48,-0.8622,0.1147,0.4934,0.1477,-0.8446,0.5147,0.476,0.5169,0.7115,25.5,0.0297,0.424,1.485,0.61278,142.8,542.4,139.3,519.3,146.4,565.9,301,0.383,3
306,-51.771,-115.593,69.406,-0.8562,0.1097,0.5049,0.1692,-0.8498,0.4992,0.4839,0.5129,0.7091,25.5,0.014,0.526,1.548,0.42942,141.2,542.2,137.1,519.0,145.3,565.8,302,0.322,3
307,-53.354,-115.388,70.351,-0.8507,0.1123,0.5135,0.1911,-0.8547,0.4827,0.4931,0.5089,0.7057,25.5,0.0107,0.607,1.596,0.32542,139.5,542.1,134.8,518.7,144.2,565.8,304,0.019,3
308,-54.927,-115.172,71.309,-0.846,0.1219,0.5191,0.2132,-0.8591,0.4653,0.5032,0.5048,0.7014,25.5,0.0436,0.671,1.631,0.37273,137.8,541.9,132.6,518.5,143.1,565.7,306,0.188,3
309,-56.485,-114.945,72.291,-0.834,0.1229,0.5379,0.2352,-0.863,0.4471,0.5201,0.5004,0.6922,25.5,0.0617,1.131,1.651,0.68965,136.2,541.8,130.3,518.2,142.0,565.6,308,0.254,3
310,-58.025,-114.715,73.298,-0.8282,0.1251,0.5462,0.2565,-0.8663,0.4286,0.5288,0.497,0.688,25.5,0.0867,0.587,1.628,0.32009,134.5,541.6,128.1,518.0,141.0,565.5,310,0.288,3
311,-59.561,-114.48,74.311,-0.8288,0.1284,0.5446,0.2766,-0.869,0.4103,0.5296,0.4941,0.6895,25.5,0.1174,0.193,1.565,0.11479,132.9,541.4,125.9,517.7,139.9,565.4,312,0.385,3
312,-61.103,-114.238,75.313,-0.835,0.1326,0.534,0.295,-0.871,0.3929,0.5233,0.4913,0.6963,25.5,0.152,0.555,1.456,0.4009,131.2,541.2,123.8,517.5,138.8,565.2,313,0.442,3
313,-62.661,-113.988,76.288,-0.8431,0.1387,0.5196,0.311,-0.8725,0.3769,0.5147,0.488,0.7049,25.5,0.1874,0.722,1.299,0.54416,129.6,541.0,121.7,517.3,137.5,565.1,315,0.067,3
314,-64.223,-113.721,77.252,-0.8419,0.1482,0.5188,0.3245,-0.8735,0.3629,0.519,0.4852,0.7037,25.5,0.2144,0.302,1.116,0.29679,127.9,540.8,119.7,517.0,136.2,564.9,317,0.567,3
315,-65.786,-113.441,78.21,-0.8441,0.1524,0.514,0.3357,-0.8742,0.3507,0.5175,0.4823,0.7068,25.5,0.2363,0.258,0.95,0.2084,126.2,540.6,117.7,516.8,134.9,564.6,318,0.062,3
316,-67.356,-113.158,79.156,-0.8493,0.1521,0.5056,0.3451,-0.8748,0.3401,0.5108,0.479,0.7139,25.5,0.2542,0.59,0.812,0.30528,124.5,540.4,115.7,516.6,133.4,564.4,319,0.402,3
317,-68.939,-112.88,80.083,-0.8573,0.1476,0.4932,0.3529,-0.8753,0.3307,0.4988,0.475,0.7249,25.5,0.2686,0.96,0.7,0.47652,122.8,540.1,113.8,516.3,132.0,564.2,321,0.733,3
318,-70.539,-112.613,80.983,-0.8684,0.1386,0.4762,0.3597,-0.8756,0.3224,0.4809,0.4701,0.7401,25.5,0.2802,1.375,0.615,0.68597,121.1,539.9,111.9,516.1,130.4,564.0,322,0.464,3
319,-72.162,-112.368,81.846,-0.8817,0.1255,0.4548,0.3656,-0.8759,0.3149,0.4574,0.4637,0.7588,25.5,0.2891,1.759,0.547,0.87736,119.4,539.7,110.0,515.9,128.9,563.8,323,0.255,3
320,-73.804,-112.142,82.679,-0.8888,0.1185,0.4427,0.371,-0.8761,0.3079,0.4444,0.4587,0.7695,25.5,0.2973,1.006,0.507,0.48432,117.6,539.5,108.1,515.7,127.2,563.6,324,0.105,3
321,-75.46,-111.929,83.487,-0.897,0.1117,0.4278,0.376,-0.8762,0.3015,0.4291,0.453,0.7815,25.5,0.3062,1.161,0.465,0.56577,115.9,539.4,106.2,515.5,125.6,563.4,325,0.02,3
322,-77.132,-111.728,84.264,-0.9061,0.1049,0.4099,0.3805,-0.8763,0.2955,0.4112,0.4465,0.7947,25.5,0.3156,1.328,0.43,0.65488,114.1,539.2,104.3,515.4,123.9,563.3,326,0.031,3
323,-78.822,-111.539,85.005,-0.9161,0.0981,0.3887,0.3846,-0.8764,0.29,0.3903,0.4391,0.8092,25.5,0.3256,1.518,0.393,0.75393,112.3,539.1,102.4,515.2,122.2,563.1,327,0.014,3
324,-80.531,-111.364,85.704,-0.927,0.0911,0.3637,0.3882,-0.8764,0.2849,0.3661,0.4304,0.8251,25.5,0.3361,1.732,0.358,0.86984,110.4,538.9,100.4,515.1,120.5,563.0,328,0.06,3
325,-82.261,-111.202,86.353,-0.9376,0.0834,0.3375,0.3914,-0.8765,0.2803,0.3402,0.4208,0.841,25.5,0.3455,1.826,0.321,0.90499,108.6,538.8,98.5,514.9,118.8,562.9,329,0.184,3
326,-84.008,-111.055,86.958,-0.9462,0.0748,0.3148,0.3941,-0.8766,0.2761,0.3169,0.4116,0.8545,25.5,0.3516,1.63,0.286,0.79554,106.7,538.7,96.6,514.8,117.0,562.8,330,0.361,3
327,-85.771,-110.924,87.519,-0.9547,0.0672,0.2898,0.3965,-0.8767,0.2722,0.2918,0.4015,0.8682,25.5,0.3586,1.738,0.262,0.84883,104.8,538.6,94.6,514.7,115.1,562.7,331,0.593,3
328,-87.55,-110.805,88.032,-0.9631,0.0603,0.2624,0.3986,-0.8769,0.2686,0.2647,0.3904,0.8817,25.5,0.3663,1.848,0.239,0.9106,102.9,538.5,92.7,514.6,113.3,562.6,332,0.883,3
329,-89.344,-110.699,88.491,-0.9711,0.0544,0.2325,0.4004,-0.8771,0.2653,0.2356,0.3784,0.8952,25.5,0.3749,1.962,0.216,0.97338,101.0,538.4,90.7,514.5,111.4,562.5,332,0.972,3
330,-91.152,-110.603,88.893,-0.9785,0.0494,0.2001,0.4019,-0.8773,0.2623,0.2041,0.3651,0.9083,25.5,0.3841,2.098,0.193,1.03825,99.1,538.4,88.7,514.5,109.6,562.4,333,0.618,3
331,-92.973,-110.518,89.236,-0.9846,0.0419,0.1696,0.4032,-0.8775,0.2595,0.1734,0.3517,0.9199,25.5,0.3897,2.031,0.177,0.98841,97.2,538.3,86.8,514.4,107.7,562.4,334,0.189,3
332,-94.804,-110.447,89.521,-0.9898,0.035,0.138,0.4044,-0.8778,0.2569,0.1417,0.3376,0.9306,25.5,0.3955,2.08,0.165,1.01209,95.2,538.2,84.8,514.3,105.7,562.3,335,0.326,3
333,-96.644,-110.388,89.747,-0.994,0.0291,0.1059,0.4053,-0.8781,0.2544,0.1096,0.3229,0.9401,25.5,0.4015,2.095,0.153,1.01659,93.3,538.2,82.8,514.3,103.8,562.3,336,0.936,3
334,-98.49,-110.338,89.914,-0.997,0.0245,0.074,0.4061,-0.8784,0.2521,0.078,0.3082,0.9481,25.5,0.4077,2.049,0.141,0.99992,91.3,538.1,80.9,514.2,101.9,562.2,336,0.919,3
335,-100.342,-110.296,90.023,-0.9988,0.0211,0.0434,0.4068,-0.8787,0.2499,0.0477,0.2937,0.9547,25.5,0.414,1.962,0.133,0.95279,89.4,538.1,78.9,514.2,99.9,562.2,337,0.201,3
336,-102.195,-110.261,90.076,-0.9998,0.0153,0.0142,0.4074,-0.879,0.2479,0.0179,0.2791,0.9601,25.5,0.4172,1.926,0.121,0.92009,87.4,538.1,76.9,514.1,98.0,562.2,338,0.638,3
337,-104.05,-110.238,90.076,-0.9999,0.0099,-0.0141,0.4078,-0.8793,0.2459,-0.011,0.2646,0.9643,25.5,0.4199,1.868,0.118,0.89001,85.5,538.0,75.0,514.1,96.1,562.2,338,1.217,3
338,-105.904,-110.224,90.024,-0.9991,0.0064,-0.0413,0.4082,-0.8797,0.2441,-0.0384,0.2506,0.9673,25.5,0.4235,1.771,0.108,0.84758,83.5,538.0,73.0,514.1,94.1,562.2,339,0.244,3
339,-107.756,-110.214,89.923,-0.9977,0.0048,-0.0674,0.4085,-0.88,0.2423,-0.0643,0.2371,0.9694,25.5,0.4281,1.678,0.106,0.80896,81.6,538.0,71.1,514.1,92.2,562.1,340,0.875,3
340,-109.605,-110.205,89.775,-0.9957,0.0048,-0.0922,0.4087,-0.8804,0.2406,-0.0888,0.2241,0.9705,25.5,0.4334,1.59,0.101,0.76859,79.6,538.0,69.1,514.0,90.2,562.1,340,0.98,3
341,-111.45,-110.195,89.582,-0.9933,0.0064,-0.1157,0.4089,-0.8807,0.239,-0.1117,0.2116,0.9709,25.5,0.4394,1.495,0.094,0.73135,77.7,538.0,67.2,514.0,88.3,562.1,341,0.289,3
342,-113.289,-110.184,89.346,-0.9903,0.0042,-0.1388,0.4091,-0.8811,0.2374,-0.1352,0.1988,0.9707,25.5,0.4418,1.533,0.095,0.72288,75.8,537.9,65.3,514.0,86.4,562.1,341,1.566,3
343,-115.123,-110.178,89.068,-0.9871,0.0022,-0.1604,0.4092,-0.8814,0.2359,-0.1571,0.1866,0.9698,25.5,0.4437,1.437,0.088,0.67722,73.9,537.9,63.4,513.9,84.5,562.1,342,0.146,3
344,-116.951,-110.175,88.752,-0.9836,0.0018,-0.1804,0.4093,-0.8818,0.2344,-0.1773,0.1751,0.9684,25.5,0.4465,1.334,0.089,0.62736,72.0,537.9,61.5,513.9,82.6,562.0,343,1.427,3
345,-118.772,-110.171,88.4,-0.9799,0.0027,-0.1992,0.4094,-0.8821,0.2329,-0.1961,0.1643,0.9667,25.5,0.4499,1.246,0.088,0.59254,70.1,537.9,59.6,513.9,80.7,562.0,343,0.428,3
346,-120.586,-110.164,88.014,-0.9761,0.0049,-0.2172,0.4095,-0.8825,0.2315,-0.2139,0.1538,0.9647,25.5,0.4543,1.19,0.084,0.5723,68.2,537.8,57.7,513.9,78.8,562.0,344,1.301,3
347,-122.393,-110.152,87.595,-0.9721,0.0083,-0.2345,0.4095,-0.8828,0.2301,-0.2309,0.1437,0.9623,25.5,0.4594,1.141,0.082,0.55849,66.3,537.8,55.8,513.8,76.9,561.9,344,0.554,3
348,-124.192,-110.132,87.144,-0.9678,0.013,-0.2513,0.4096,-0.8831,0.2287,-0.2473,0.1339,0.9596,25.5,0.4654,1.106,0.082,0.55501,64.5,537.7,54.0,513.8,75.1,561.9,345,1.334,3
349,-125.983,-110.105,86.662,-0.9631,0.0155,-0.2686,0.4096,-0.8835,0.2274,-0.2648,0.1234,0.9564,25.5,0.4693,1.184,0.078,0.55929,62.6,537.7,52.2,513.7,73.2,561.8,345,0.521,3
350,-127.765,-110.075,86.148,-0.9583,0.0162,-0.2854,0.4097,-0.8838,0.226,-0.2818,0.1131,0.9528,25.5,0.4714,1.157,0.082,0.54013,60.8,537.6,50.3,513.6,71.4,561.8,346,1.529,3
351,-129.538,-110.044,85.605,-0.9536,0.0179,-0.3007,0.4098,-0.8841,0.2247,-0.2973,0.1034,0.9492,25.5,0.4742,1.068,0.077,0.49712,59.0,537.5,48.5,513.6,69.5,561.7,346,0.327,3
352,-131.302,-110.008,85.033,-0.9489,0.0206,-0.315,0.4099,-0.8844,0.2234,-0.3119,0.0943,0.9454,25.5,0.4775,1.009,0.077,0.47234,57.2,537.5,46.7,513.5,67.7,561.6,347,1.887,3
353,-133.058,-109.967,84.436,-0.9441,0.0242,-0.3288,0.41,-0.8846,0.2221,-0.3257,0.0854,0.9416,25.5,0.4815,0.966,0.075,0.4648,55.4,537.4,44.9,513.4,65.9,561.5,347,0.036,3
354,-134.805,-109.918,83.814,-0.9392,0.029,-0.3422,0.4101,-0.8849,0.2208,-0.3393,0.0767,0.9376,25.5,0.4864,0.953,0.077,0.465,53.6,537.3,43.1,513.3,64.1,561.4,347,1.823,3
355,-136.542,-109.859,83.166,-0.934,0.0349,-0.3557,0.4102,-0.8852,0.2194,-0.3529,0.0678,0.9332,25.5,0.4921,0.965,0.082,0.48256,51.8,537.2,41.4,513.2,62.4,561.3,348,0.554,3
356,-138.27,-109.787,82.494,-0.9283,0.0422,-0.3694,0.4104,-0.8855,0.2181,-0.3668,0.0587,0.9284,25.5,0.4989,0.991,0.077,0.51076,50.1,537.1,39.6,513.1,60.6,561.2,348,1.302,3
357,-139.985,-109.701,81.796,-0.9221,0.0497,-0.3839,0.4105,-0.8857,0.2168,-0.3816,0.049,0.923,25.5,0.5058,1.06,0.075,0.53958,48.3,536.9,37.9,513.0,58.9,561.0,349,1.195,3
358,-141.69,-109.606,81.07,-0.9156,0.0533,-0.3985,0.4107,-0.8859,0.2154,-0.3969,0.039,0.917,25.5,0.5091,1.102,0.082,0.50597,46.6,536.8,36.2,512.8,57.2,560.9,349,0.661,3
359,-143.382,-109.503,80.318,-0.909,0.058,-0.4128,0.4109,-0.8862,0.2141,-0.4118,0.0291,0.9108,25.5,0.5133,1.085,0.077,0.50771,44.9,536.6,34.5,512.7,55.4,560.7,350,1.892,3
360,-145.061,-109.39,79.538,-0.9019,0.0641,-0.4272,0.4111,-0.8864,0.2127,-0.4269,0.019,0.9041,25.5,0.5185,1.109,0.082,0.53051,43.2,536.4,32.8,512.5,53.8,560.5,350,0.049,3
361,-146.728,-109.264,78.732,-0.8942,0.0717,-0.4419,0.4114,-0.8866,0.2113,-0.4425,0.0084,0.8967,25.5,0.5248,1.161,0.083,0.56374,41.6,536.3,31.1,512.3,52.1,560.3,350,1.819,3
362,-148.378,-109.123,77.898,-0.8855,0.0811,-0.4575,0.4117,-0.8868,0.2098,-0.4592,-0.0029,0.8883,25.5,0.5325,1.252,0.088,0.62342,39.9,536.1,29.4,512.1,50.4,560.1,351,0.729,3
363,-150.012,-108.962,77.035,-0.8754,0.0929,-0.4744,0.412,-0.887,0.2084,-0.4777,-0.0155,0.8784,25.5,0.5419,1.402,0.083,0.70906,38.3,535.8,27.8,511.9,48.8,559.9,351,1.126,3
364,-151.624,-108.776,76.138,-0.8631,0.108,-0.4934,0.4124,-0.8872,0.2068,-0.4989,-0.0299,0.8662,25.5,0.5538,1.626,0.095,0.84056,36.7,535.6,26.2,511.7,47.2,559.6,352,1.362,3
365,-153.212,-108.562,75.203,-0.8489,0.1217,-0.5143,0.4128,-0.8874,0.2053,-0.5225,-0.0461,0.8514,25.5,0.564,1.846,0.09,0.88803,35.1,535.3,24.6,511.4,45.6,559.3,352,0.494,3
366,-154.773,-108.324,74.229,-0.8336,0.1353,-0.5356,0.4132,-0.8876,0.2036,-0.5467,-0.063,0.835,25.5,0.5736,1.935,0.101,0.91252,33.6,535.0,23.1,511.1,44.1,559.0,353,1.884,3
367,-156.304,-108.06,73.216,-0.8165,0.1506,-0.5573,0.4137,-0.8877,0.2019,-0.572,-0.0809,0.8162,25.5,0.584,2.077,0.102,0.9757,32.1,534.6,21.6,510.8,42.6,558.6,353,0.043,3
368,-157.801,-107.764,72.161,-0.7971,0.1681,-0.58,0.4143,-0.8879,0.2001,-0.5992,-0.1005,0.7943,25.5,0.5956,2.295,0.109,1.06909,30.6,534.3,20.1,510.4,41.2,558.3,353,1.827,3
369,-159.258,-107.434,71.064,-0.7742,0.1888,-0.6042,0.4149,-0.888,0.1983,-0.629,-0.1225,0.7677,25.5,0.6087,2.613,0.109,1.21184,29.2,533.9,18.7,510.0,39.8,557.8,354,0.398,3
370,-160.669,-107.062,69.918,-0.7458,0.2124,-0.6313,0.4156,-0.8881,0.1964,-0.6632,-0.1482,0.7336,25.5,0.6226,3.135,0.116,1.41509,27.8,533.4,17.3,509.6,38.4,557.3,354,1.459,3
371,-162.021,-106.644,68.72,-0.7111,0.2382,-0.6615,0.4164,-0.8882,0.1943,-0.7016,-0.178,0.69,25.5,0.6362,3.742,0.129,1.62981,26.5,532.9,16.0,509.1,37.1,556.8,355,0.585,3
372,-163.303,-106.176,67.464,-0.6701,0.2673,-0.6924,0.4173,-0.8882,0.1922,-0.7418,-0.2108,0.6366,25.5,0.6501,4.267,0.131,1.82339,25.3,532.3,14.8,508.5,35.9,556.2,355,1.271,3
373,-164.504,-105.651,66.152,-0.6235,0.2991,-0.7223,0.4183,-0.8882,0.1899,-0.7818,-0.2457,0.5731,25.5,0.6636,4.744,0.144,1.97308,24.2,531.7,13.7,507.9,34.8,555.6,356,0.581,3
374,-165.605,-105.063,64.781,-0.5617,0.3358,-0.7561,0.4195,-0.8882,0.1874,-0.8256,-0.2874,0.4856,25.5,0.6756,6.097,0.159,2.45482,23.2,531.0,12.6,507.3,33.9,554.8,356,1.275,3
375,-166.589,-104.408,63.352,-0.5009,0.3691,-0.7828,0.4207,-0.8882,0.1848,-0.8588,-0.3243,0.3966,25.5,0.6832,5.841,0.164,2.29598,22.3,530.2,11.7,506.5,33.0,554.1,357,0.41,3
376,-167.472,-103.698,61.883,-0.4533,0.3948,-0.7992,0.4221,-0.888,0.1821,-0.8783,-0.3509,0.3249,25.5,0.6875,4.523,0.175,1.74659,21.6,529.4,10.9,505.7,32.3,553.2,357,1.449,3
377,-168.267,-102.945,60.387,-0.402,0.4182,-0.8145,0.4237,-0.8879,0.1793,-0.8929,-0.376,0.2476,25.5,0.6877,4.732,0.185,1.80518,20.9,528.5,10.2,504.9,31.6,552.3,358,0.109,3
378,-168.956,-102.144,58.863,-0.3397,0.4468,-0.8276,0.4253,-0.8877,0.1764,-0.9027,-0.402,0.1534,25.5,0.6871,5.629,0.19,2.15677,20.3,527.6,9.6,504.0,31.1,551.3,359,1.546,3
379,-169.519,-101.285,57.319,-0.2647,0.4794,-0.8367,0.4272,-0.8874,0.1733,-0.9034,-0.4268,0.0412,25.5,0.6835,6.588,0.209,2.54323,19.9,526.6,9.1,503.0,30.7,550.3,359,0.309,3
380,-169.94,-100.37,55.762,-0.1907,0.506,-0.8412,0.4293,-0.887,0.1702,-0.8933,-0.4448,-0.065,25.5,0.6739,6.202,0.216,2.43424,19.6,525.6,8.8,502.0,30.5,549.2,360,1.048,3
381,-170.233,-99.409,54.203,-0.127,0.5294,-0.8388,0.4315,-0.8865,0.1669,-0.8765,-0.4558,-0.155,25.5,0.6641,5.285,0.229,2.09826,19.5,524.5,8.6,501.0,30.4,548.1,360,0.808,3
382,-170.414,-98.407,52.653,-0.0671,0.5504,-0.8322,0.434,-0.886,0.1635,-0.8545,-0.4623,-0.2368,25.5,0.6528,4.869,0.243,1.972,19.4,523.4,8.5,499.9,30.5,546.9,361,0.466,3
383,-170.48,-97.369,51.118,-0.0041,0.5691,-0.8223,0.4366,-0.8853,0.16,-0.8263,-0.465,-0.3177,25.5,0.6372,4.913,0.253,2.05356,19.5,522.2,8.5,498.8,30.6,545.7,361,1.393,3
384,-170.43,-96.296,49.606,0.0585,0.5887,-0.8062,0.4395,-0.8845,0.1565,-0.7924,-0.4638,-0.3962,25.5,0.6212,4.901,0.264,2.08715,19.7,521.0,8.6,497.7,30.9,544.5,362,0.208,3
385,-170.261,-95.186,48.13,0.1227,0.6058,-0.7861,0.4426,-0.8836,0.1529,-0.7533,-0.4589,-0.4712,25.5,0.6012,4.856,0.277,2.145,20.1,519.8,8.9,496.5,31.3,543.2,363,0.898,3
386,-169.974,-94.048,46.694,0.1882,0.6216,-0.7604,0.446,-0.8825,0.1492,-0.7088,-0.45,-0.5432,25.5,0.5781,4.878,0.295,2.22858,20.5,518.6,9.2,495.3,31.8,541.9,363,0.958,3
387,-169.56,-92.879,45.316,0.2593,0.6397,-0.7236,0.4496,-0.8813,0.1456,-0.6533,-0.4356,-0.6192,25.5,0.5525,5.457,0.3,2.53673,21.1,517.3,9.7,494.1,32.5,540.6,364,0.049,3
388,-169.008,-91.679,44.014,0.3349,0.6526,-0.6797,0.4535,-0.8799,0.1419,-0.5912,-0.4162,-0.6908,25.5,0.5188,5.545,0.318,2.73148,21.8,516.0,10.3,492.8,33.3,539.2,365,0.961,3
389,-168.325,-90.46,42.795,0.3988,0.6621,-0.6345,0.4578,-0.8783,0.1382,-0.5332,-0.3956,-0.7478,25.5,0.4866,4.808,0.338,2.43668,22.6,514.7,11.0,491.6,34.2,537.8,365,0.895,3
390,-167.534,-89.225,41.66,0.4547,0.6681,-0.5889,0.4623,-0.8765,0.1346,-0.4785,-0.3744,-0.7943,25.5,0.4546,4.29,0.346,2.23708,23.5,513.3,11.8,490.3,35.3,536.4,366,0.069,3
391,-166.639,-87.983,40.613,0.5094,0.6708,-0.539,0.467,-0.8745,0.1311,-0.4224,-0.3508,-0.8358,25.5,0.4194,4.222,0.355,2.28975,24.5,512.0,12.7,489.1,36.4,535.0,367,0.707,3
392,-165.648,-86.737,39.663,0.559,0.673,-0.4843,0.4719,-0.8724,0.1277,-0.3647,-0.325,-0.8726,25.5,0.3852,4.191,0.362,2.28296,25.6,510.7,13.6,487.8,37.6,533.6,367,1.15,3
393,-164.566,-85.491,38.816,0.6062,0.6695,-0.4293,0.477,-0.8701,0.1244,-0.3094,-0.2987,-0.9028,25.5,0.3468,3.913,0.372,2.24232,26.8,509.4,14.7,486.6,39.0,532.3,368,0.441,3
394,-163.404,-84.252,38.072,0.6463,0.6664,-0.3717,0.4823,-0.8676,0.1213,-0.2543,-0.2712,-0.9283,25.5,0.3115,3.82,0.38,2.17101,28.1,508.1,15.8,485.4,40.4,530.9,369,0.215,3
395,-162.171,-83.019,37.441,0.6831,0.6619,-0.3087,0.4877,-0.8649,0.1184,-0.1963,-0.2408,-0.9505,25.5,0.2759,3.963,0.384,2.25909,29.4,506.8,17.0,484.2,41.8,529.5,370,0.802,3
396,-160.872,-81.8,36.926,0.7163,0.6528,-0.2467,0.4933,-0.8621,0.1156,-0.1413,-0.2105,-0.9673,25.5,0.2379,3.725,0.393,2.19133,30.8,505.5,18.2,483.0,43.3,528.1,370,1.054,3
397,-159.519,-80.596,36.529,0.7415,0.6465,-0.1795,0.4991,-0.8591,0.113,-0.0829,-0.1772,-0.9807,25.5,0.2056,3.928,0.403,2.22629,32.2,504.3,19.5,481.8,44.9,526.8,371,0.538,3
398,-158.122,-79.405,36.264,0.7657,0.6344,-0.1061,0.505,-0.856,0.1107,-0.0209,-0.1404,-0.9899,25.5,0.1681,4.165,0.404,2.41773,33.6,503.0,20.8,480.7,46.5,525.5,372,0.108,3
399,-156.685,-78.24,36.137,0.7814,0.6232,-0.031,0.5111,-0.8526,0.1086,0.0417,-0.1016,-0.9939,25.5,0.1353,4.227,0.418,2.39626,35.1,501.8,22.1,479.6,48.2,524.2,373,0.237,3
400,-155.231,-77.089,36.15,0.7864,0.616,0.0456,0.5172,-0.8492,0.1068,0.1052,-0.0607,-0.9926,25.5,0.1115,4.329,0.413,2.38285,36.6,500.7,23.4,478.5,49.8,522.9,374,0.498,3
401,-153.765,-75.964,36.305,0.7908,0.6,0.1209,0.5234,-0.8456,0.1052,0.1659,-0.02,-0.9859,25.5,0.0807,4.206,0.421,2.38309,38.1,499.5,24.7,477.4,51.5,521.7,375,0.694,3
402,-152.31,-74.853,36.598,0.7751,0.6009,0.1954,0.5296,-0.8419,0.1039,0.2276,0.023,-0.9735,25.5,0.0751,4.368,0.42,2.35312,39.5,498.4,26.0,476.4,53.1,520.5,376,0.838,3
403,-150.891,-73.74,37.032,0.7577,0.593,0.2724,0.5356,-0.8382,0.1029,0.2899,0.0681,-0.9546,25.5,0.0632,4.539,0.408,2.45188,40.9,497.3,27.2,475.4,54.7,519.3,377,0.935,3
404,-149.507,-72.642,37.597,0.7312,0.5951,0.3336,0.5415,-0.8345,0.1021,0.3398,0.1062,-0.9345,25.5,0.0666,3.778,0.402,2.06188,42.3,496.2,28.4,474.4,56.2,518.1,377,0.92,3
405,-148.191,-71.518,38.261,0.6845,0.6216,0.3808,0.5473,-0.8308,0.1015,0.3814,0.1397,-0.9138,25.5,0.1031,3.282,0.396,2.20911,43.6,495.1,29.6,473.4,57.6,516.9,378,0.866,3
406,-146.957,-70.366,39.03,0.6439,0.6239,0.4429,0.5528,-0.8272,0.101,0.4322,0.181,-0.8834,25.5,0.1154,4.137,0.378,2.2941,44.8,493.9,30.6,472.3,59.0,515.6,379,0.852,3
407,-145.812,-69.185,39.885,0.5883,0.6546,0.4748,0.5581,-0.8236,0.1006,0.4631,0.2086,-0.8614,25.5,0.163,2.688,0.368,2.19638,45.9,492.8,31.6,471.2,60.2,514.4,380,0.877,3
408,-144.784,-67.928,40.781,0.5172,0.6942,0.5006,0.5632,-0.8202,0.1003,0.4932,0.2363,-0.8372,25.5,0.2279,2.723,0.352,2.63883,46.9,491.5,32.4,470.0,61.4,513.0,382,0.837,3
409,-143.886,-66.615,41.734,0.4549,0.7237,0.519,0.5679,-0.817,0.1,0.5172,0.2597,-0.8155,25.5,0.281,2.288,0.326,2.2047,47.7,490.2,33.1,468.8,62.3,511.7,383,0.751,3
410,-143.086,-65.232,42.675,0.4104,0.7708,0.4873,0.5724,-0.8139,0.0997,0.5042,0.2534,-0.8255,25.5,0.3439,1.007,0.314,2.22912,48.4,488.8,33.7,467.5,63.2,510.2,384,0.677,3
411,-142.373,-63.758,43.546,0.3537,0.8147,0.4595,0.5764,-0.8111,0.0995,0.4978,0.252,-0.8299,25.5,0.4112,0.452,0.28,2.3769,49.1,487.3,34.3,466.1,64.0,508.7,385,0.63,3
412,-141.758,-62.213,44.367,0.314,0.8509,0.4212,0.5801,-0.8085,0.0992,0.4796,0.2407,-0.8438,25.5,0.464,1.463,0.26,2.03882,49.7,485.8,34.7,464.6,64.6,507.0,386,0.627,3
413,-141.192,-60.601,45.088,0.3009,0.8869,0.3505,0.5835,-0.8061,0.0988,0.4288,0.2025,-0.8804,25.5,0.5047,4.203,0.24,2.48514,50.2,484.2,35.1,463.0,65.3,505.4,387,0.689,3
414,-140.668,-58.925,45.684,0.2662,0.9188,0.2914,0.5864,-0.804,0.0984,0.39,0.1738,-0.9043,25.5,0.5539,3.086,0.206,2.33628,50.7,482.5,35.6,461.4,65.8,503.6,388,0.84,4
415,-140.191,-57.198,46.161,0.2517,0.9423,0.2206,0.5891,-0.8021,0.0979,0.3322,0.13,-0.9342,25.5,0.5859,4.496,0.191,2.3487,51.1,480.7,35.9,459.7,66.4,501.8,388,1.016,4
416,-139.724,-55.435,46.497,0.2485,0.9581,0.1425,0.5913,-0.8005,0.0974,0.2607,0.0755,-0.9625,25.5,0.6061,5.402,0.158,2.46461,51.6,478.9,36.3,457.9,66.9,500.0,389,0.75,4
417,-139.276,-53.646,46.694,0.2363,0.9692,0.0695,0.5933,-0.7991,0.0968,0.1917,0.0236,-0.9812,25.5,0.6276,5.063,0.144,2.31283,52.0,477.1,36.7,456.1,67.4,498.1,390,0.355,4
418,-138.838,-51.845,46.756,0.2387,0.9711,-0.0016,0.595,-0.798,0.0961,0.1189,-0.0309,-0.9924,25.5,0.6331,5.252,0.123,2.19946,52.5,475.2,37.1,454.3,67.9,496.2,391,0.171,4
419,-138.388,-50.048,46.681,0.2403,0.9665,-0.0898,0.5964,-0.797,0.0955,0.0269,-0.0991,-0.9947,25.5,0.6356,6.567,0.104,2.73019,52.9,473.4,37.5,452.5,68.4,494.3,392,0.826,4
420,-137.947,-48.262,46.443,0.2381,0.9586,-0.1563,0.5977,-0.7961,0.0949,-0.0434,-0.1503,-0.9877,25.5,0.6357,5.001,0.097,2.07049,53.4,471.5,38.0,450.7,68.9,492.5,392,1.034,4
421,-137.497,-46.49,46.136,0.2496,0.9539,-0.1667,0.5987,-0.7954,0.0943,-0.0546,-0.158,-0.9859,25.5,0.625,0.786,0.078,0.50051,53.9,469.7,38.4,448.9,69.4,490.6,393,0.253,4
422,-137.013,-44.721,45.854,0.2741,0.953,-0.1292,0.5996,-0.7948,0.0938,-0.0168,-0.1296,-0.9914,25.498,0.6052,2.728,0.068,1.38409,54.4,467.9,38.9,447.1,69.9,488.8,394,0.697,4
423,-136.488,-42.959,45.612,0.29,0.9471,-0.1373,0.6002,-0.7944,0.0933,-0.0257,-0.1357,-0.9904,25.494,0.5911,0.621,0.05,0.5806,55.0,466.1,39.5,445.3,70.5,486.9,394,1.158,4
424,-135.938,-41.205,45.361,0.3034,0.944,-0.1294,0.6007,-0.794,0.0928,-0.0186,-0.13,-0.9913,25.488,0.5793,0.524,0.046,0.48993,55.5,464.3,40.0,443.5,71.1,485.1,395,0.196,4
425,-135.361,-39.455,45.149,0.3194,0.943,-0.0932,0.6011,-0.7938,0.0925,0.016,-0.1037,-0.9945,25.478,0.5652,2.497,0.031,1.22286,56.2,462.5,40.7,441.7,71.7,483.3,396,0.964,4
426,-134.749,-37.708,45.044,0.3416,0.9398,-0.0092,0.6013,-0.7937,0.0921,0.0943,-0.044,-0.9946,25.464,0.5414,5.644,0.026,2.68734,56.8,460.7,41.3,439.9,72.3,481.5,396,0.905,4
427,-134.09,-35.979,45.146,0.3698,0.9217,0.1173,0.6014,-0.7937,0.0919,0.205,0.0421,-0.9778,25.447,0.4984,8.1,0.013,4.04864,57.5,458.9,42.0,438.2,73.0,479.7,397,0.288,4
428,-133.379,-34.292,45.44,0.3947,0.9006,0.182,0.6014,-0.7937,0.0917,0.2558,0.0825,-0.9632,25.425,0.4607,3.813,0.011,2.23978,58.2,457.2,42.7,436.5,73.7,478.0,397,1.573,4
429,-132.634,-32.627,45.776,0.4076,0.8907,0.2012,0.6012,-0.7938,0.0916,0.2693,0.0933,-0.9585,25.401,0.4436,1.027,0.014,0.77737,58.9,455.5,43.4,434.8,74.4,476.2,398,0.242,4
430,-131.868,-30.991,46.196,0.419,0.8758,0.2396,0.6009,-0.7941,0.0916,0.2984,0.1165,-0.9473,25.375,0.4217,2.227,0.024,1.32027,59.7,453.8,44.2,433.1,75.1,474.6,399,1.203,4
431,-131.079,-29.368,46.627,0.432,0.8754,0.2167,0.6005,-0.7944,0.0917,0.2775,0.0995,-0.9555,25.348,0.4161,1.614,0.029,0.81361,60.4,452.1,45.0,431.5,75.9,472.9,399,0.662,4
432,-130.265,-27.738,46.972,0.4451,0.8831,0.1482,0.5999,-0.7948,0.0918,0.2192,0.053,-0.9742,25.32,0.4213,4.406,0.042,2.1683,61.2,450.5,45.8,429.8,76.7,471.2,400,0.73,4
433,-129.428,-26.095,47.167,0.4578,0.8864,0.0693,0.5993,-0.7952,0.0919,0.1509,-0.0006,-0.9886,25.294,0.4241,5.044,0.042,2.4718,62.1,448.8,46.7,428.1,77.5,469.5,400,1.125,4
434,-128.57,-24.453,47.246,0.4668,0.8841,0.0201,0.5985,-0.7958,0.0921,0.1075,-0.0342,-0.9936,25.267,0.4223,3.158,0.058,1.54719,63.0,447.1,47.6,426.5,78.3,467.8,401,0.256,4
435,-127.699,-22.815,47.257,0.4715,0.8819,-0.005,0.5976,-0.7965,0.0924,0.0854,-0.0513,-0.995,25.242,0.4211,1.603,0.067,0.79165,63.9,445.4,48.6,424.8,79.2,466.1,402,1.559,4
436,-126.822,-21.181,47.24,0.4731,0.8809,-0.0104,0.5965,-0.7972,0.0927,0.081,-0.0552,-0.9952,25.218,0.421,0.337,0.077,0.1767,64.8,443.8,49.5,423.1,80.1,464.5,402,0.307,4
437,-125.945,-19.546,47.227,0.4727,0.8812,-0.0016,0.5953,-0.7981,0.0932,0.0891,-0.0497,-0.9948,25.194,0.422,0.561,0.091,0.27226,65.7,442.1,50.5,421.4,80.9,462.8,403,1.013,4
438,-125.07,-17.912,47.239,0.4708,0.8821,0.0159,0.594,-0.799,0.0937,0.1053,-0.0382,-0.9937,25.17,0.4237,1.14,0.095,0.54468,66.6,440.4,51.4,419.7,81.8,461.1,403,0.842,4
439,-124.192,-16.278,47.272,0.4768,0.8789,0.0175,0.5925,-0.8001,0.0943,0.1067,-0.0381,-0.9936,25.148,0.4191,0.081,0.112,0.21578,67.5,438.7,52.3,418.1,82.6,459.4,404,0.427,4
440,-123.304,-14.651,47.304,0.4805,0.8768,0.0177,0.5908,-0.8012,0.095,0.1072,-0.0387,-0.9935,25.126,0.4169,0.045,0.123,0.13157,68.4,437.0,53.3,416.4,83.5,457.8,404,1.428,4
441,-122.41,-13.025,47.337,0.4824,0.8758,0.0178,0.5889,-0.8025,0.0957,0.1079,-0.0393,-0.9934,25.105,0.417,0.053,0.138,0.06636,69.3,435.4,54.3,414.7,84.3,456.1,405,0.225,4
442,-121.514,-11.4,47.37,0.4829,0.8755,0.0179,0.587,-0.8038,0.0966,0.1089,-0.0398,-0.9933,25.084,0.4185,0.064,0.142,0.01826,70.2,433.7,55.3,413.0,85.2,454.5,406,0.91,4
443,-120.62,-9.777,47.403,0.4824,0.8758,0.018,0.5848,-0.8053,0.0975,0.1101,-0.0402,-0.9931,25.065,0.4214,0.073,0.161,0.01827,71.1,432.0,56.3,411.3,86.0,452.8,406,0.946,4
444,-119.726,-8.152,47.437,0.4809,0.8766,0.0182,0.5825,-0.8068,0.0984,0.1115,-0.0406,-0.9929,25.046,0.4253,0.084,0.166,0.05286,72.0,430.4,57.2,409.6,86.9,451.2,407,0.116,4
445,-118.836,-6.524,47.471,0.4786,0.8778,0.0183,0.5801,-0.8084,0.0994,0.113,-0.0409,-0.9927,25.028,0.4302,0.088,0.175,0.08015,72.9,428.7,58.2,407.9,87.7,449.5,408,1.098,4
446,-117.95,-4.894,47.505,0.4754,0.8796,0.0185,0.5776,-0.8101,0.1004,0.1148,-0.0412,-0.9925,25.012,0.4361,0.105,0.182,0.11355,73.9,427.0,59.2,406.2,88.5,447.9,408,0.758,4
447,-117.072,-3.26,47.54,0.4712,0.8818,0.0187,0.5749,-0.8119,0.1014,0.1167,-0.0413,-0.9923,24.997,0.4431,0.11,0.195,0.14654,74.8,425.3,60.2,404.5,89.4,446.2,409,0.166,4
448,-116.202,-1.621,47.574,0.4659,0.8846,0.0189,0.5721,-0.8138,0.1024,0.1188,-0.0413,-0.9921,24.982,0.4514,0.121,0.202,0.18518,75.6,423.7,61.2,402.8,90.2,444.6,410,1.029,4
449,-115.344,0.023,47.61,0.4591,0.8882,0.0192,0.5692,-0.8157,0.1034,0.1211,-0.0412,-0.9918,24.97,0.4612,0.133,0.207,0.23779,76.5,422.0,62.1,401.1,91.0,442.9,410,0.826,4
450,-114.5,1.674,47.646,0.4504,0.8926,0.0195,0.5662,-0.8177,0.1043,0.1238,-0.0408,-0.9915,24.958,0.4728,0.157,0.213,0.30132,77.4,420.3,63.1,399.4,91.7,441.3,411,0.014,4
451,-113.676,3.334,47.682,0.439,0.8982,0.0199,0.563,-0.8197,0.1053,0.127,-0.0401,-0.9911,24.948,0.487,0.189,0.224,0.39281,78.2,418.6,64.0,397.6,92.5,439.6,412,0.751,4
452,-112.872,5.005,47.719,0.4281,0.9035,0.0201,0.5598,-0.8218,0.1061,0.1299,-0.0395,-0.9907,24.939,0.5007,0.171,0.224,0.3744,79.1,416.9,64.9,395.8,93.2,437.9,412,1.105,4
453,-112.087,6.686,47.757,0.4184,0.908,0.0204,0.5564,-0.824,0.107,0.1328,-0.039,-0.9904,24.932,0.5132,0.169,0.238,0.33043,79.9,415.1,65.8,394.1,94.0,436.3,413,0.386,4
454,-111.319,8.373,47.795,0.4101,0.9118,0.0206,0.5531,-0.8261,0.1078,0.1355,-0.0385,-0.99,24.926,0.5242,0.159,0.229,0.28209,80.6,413.4,66.7,392.3,94.7,434.6,414,0.304,4
455,-110.565,10.067,47.834,0.4033,0.9148,0.0209,0.5497,-0.8283,0.1086,0.138,-0.0382,-0.9897,24.922,0.5338,0.145,0.237,0.22982,81.4,411.7,67.5,390.5,95.3,432.9,415,0.947,4
456,-109.822,11.766,47.873,0.3983,0.917,0.0212,0.5464,-0.8303,0.1094,0.1403,-0.038,-0.9894,24.919,0.5414,0.133,0.226,0.16898,82.2,409.9,68.4,388.7,96.0,431.2,415,0.916,4
457,-109.086,13.469,47.912,0.3951,0.9184,0.0216,0.5432,-0.8324,0.1102,0.1424,-0.038,-0.9891,24.918,0.5475,0.122,0.224,0.1086,82.9,408.2,69.2,386.9,96.7,429.5,416,0.321,4
458,-108.355,15.173,47.953,0.3939,0.9189,0.0219,0.54,-0.8343,0.1109,0.1442,-0.0382,-0.9888,24.918,0.5515,0.105,0.217,0.04121,83.7,406.4,70.1,385.1,97.3,427.8,417,0.279,4
459,-107.624,16.877,47.994,0.3947,0.9185,0.0223,0.5371,-0.8361,0.1117,0.1456,-0.0386,-0.9886,24.919,0.5535,0.084,0.201,0.03024,84.4,404.7,70.9,383.3,98.0,426.1,418,0.787,4
460,-106.889,18.579,48.036,0.3975,0.9173,0.0227,0.5343,-0.8378,0.1125,0.1468,-0.0391,-0.9884,24.921,0.5536,0.075,0.193,0.09492,85.2,402.9,71.7,381.5,98.7,424.4,418,1.075,4
461,-106.148,20.279,48.078,0.4023,0.9152,0.0232,0.5317,-0.8393,0.1134,0.1477,-0.0399,-0.9882,24.925,0.5516,0.07,0.18,0.16259,85.9,401.2,72.5,379.7,99.4,422.7,419,0.597,4
462,-105.399,21.976,48.122,0.4012,0.9157,0.0237,0.5294,-0.8407,0.1142,0.1497,-0.04,-0.9879,24.93,0.5547,0.116,0.161,0.04038,86.7,399.4,73.3,378.0,100.1,421.0,420,0.17,4
463,-104.663,23.677,48.166,0.3932,0.9191,0.0243,0.5273,-0.8418,0.1152,0.1529,-0.0393,-0.9875,24.937,0.5636,0.189,0.147,0.26919,87.5,397.7,74.1,376.2,100.8,419.2,421,0.215,4
464,-103.938,25.384,48.212,0.3883,0.9212,0.0248,0.5256,-0.8427,0.1161,0.1555,-0.039,-0.9871,24.944,0.5693,0.152,0.122,0.16538,88.2,395.9,74.9,374.4,101.5,417.5,422,0.534,4
465,-103.22,27.094,48.258,0.3865,0.922,0.0252,0.5243,-0.8434,0.1172,0.1576,-0.0391,-0.9867,24.953,0.572,0.123,0.105,0.06206,88.9,394.2,75.7,372.6,102.2,415.8,423,0.799,4
466,-102.503,28.804,48.305,0.3875,0.9215,0.0255,0.5233,-0.8439,0.1184,0.1592,-0.0396,-0.9865,24.962,0.5719,0.097,0.094,0.0357,89.7,392.4,76.4,370.8,102.9,414.0,424,1.018,4
467,-101.781,30.512,48.352,0.3915,0.9198,0.0258,0.5227,-0.8441,0.1196,0.1602,-0.0406,-0.9863,24.972,0.5687,0.082,0.078,0.13456,90.4,390.6,77.2,369.1,103.7,412.3,424,0.847,4
468,-101.048,32.216,48.4,0.3986,0.9167,0.0259,0.5225,-0.844,0.121,0.1606,-0.042,-0.9861,24.983,0.5623,0.084,0.081,0.23927,91.2,388.9,77.9,367.3,104.4,410.5,425,0.665,4
469,-100.299,33.912,48.449,0.4094,0.912,0.026,0.5228,-0.8436,0.1226,0.1604,-0.0439,-0.9861,24.994,0.5521,0.109,0.096,0.36387,91.9,387.1,78.7,365.6,105.2,408.8,426,0.51,4
470,-99.527,35.598,48.497,0.4245,0.9051,0.026,0.5235,-0.8429,0.1243,0.1594,-0.0464,-0.9861,25.005,0.5375,0.154,0.113,0.51289,92.7,385.4,79.5,363.9,106.0,407.1,427,0.376,4
471,-98.721,37.269,48.545,0.4449,0.8952,0.0259,0.5247,-0.8419,0.1261,0.1574,-0.0497,-0.9863,25.016,0.517,0.221,0.137,0.70006,93.5,383.7,80.3,362.2,106.9,405.3,428,0.255,4
472,-97.872,38.916,48.593,0.4719,0.8813,0.0257,0.5264,-0.8405,0.1282,0.1543,-0.0539,-0.9866,25.028,0.489,0.3,0.174,0.93864,94.4,382.0,81.1,360.5,107.8,403.6,429,0.136,4
473,-96.975,40.54,48.641,0.4951,0.8684,0.0261,0.5286,-0.8388,0.1305,0.1525,-0.0573,-0.9866,25.039,0.4633,0.22,0.207,0.81984,95.3,380.3,81.9,358.9,108.8,401.9,430,0.012,4
474,-96.036,42.137,48.69,0.5183,0.8548,0.0263,0.5313,-0.8367,0.1329,0.1507,-0.061,-0.9867,25.05,0.4363,0.236,0.239,0.83123,96.3,378.7,82.8,357.3,109.8,400.2,431,0.128,4
475,-95.055,43.71,48.738,0.5388,0.842,0.0263,0.5345,-0.8343,0.1355,0.1492,-0.0646,-0.9867,25.06,0.4109,0.223,0.273,0.74656,97.3,377.1,83.7,355.7,110.9,398.5,432,0.284,4
476,-94.041,45.262,48.787,0.5536,0.8324,0.0261,0.538,-0.8316,0.1381,0.1484,-0.0678,-0.9866,25.07,0.3908,0.189,0.294,0.54514,98.3,375.5,84.7,354.2,112.0,396.9,433,0.463,4
477,-93.006,46.801,48.835,0.5614,0.8272,0.0256,0.5418,-0.8286,0.1408,0.1487,-0.0703,-0.9864,25.079,0.3776,0.145,0.318,0.28994,99.4,373.9,85.7,352.7,113.2,395.2,434,0.663,4
478,-91.963,48.333,48.882,0.5627,0.8263,0.0251,0.546,-0.8254,0.1435,0.15,-0.0722,-0.9861,25.087,0.3712,0.133,0.34,0.05125,100.5,372.3,86.6,351.2,114.4,393.5,435,0.89,4
479,-90.92,49.866,48.928,0.5652,0.8246,0.0246,0.5504,-0.822,0.1461,0.151,-0.0741,-0.9858,25.094,0.3631,0.124,0.352,0.09468,101.5,370.7,87.6,349.7,115.6,391.9,435,0.964,4
480,-89.858,51.386,48.974,0.5794,0.8147,0.0244,0.555,-0.8184,0.1487,0.1501,-0.0773,-0.9856,25.101,0.3416,0.191,0.366,0.53452,102.6,369.2,88.5,348.2,116.8,390.2,436,0.712,4
481,-88.774,52.89,49.018,0.5887,0.808,0.0241,0.5598,-0.8147,0.1512,0.15,-0.0799,-0.9855,25.106,0.3251,0.149,0.376,0.35424,103.7,367.6,89.5,346.8,118.0,388.6,437,0.43,4
482,-87.676,54.386,49.063,0.5944,0.8038,0.0239,0.5647,-0.8108,0.1537,0.1505,-0.082,-0.9852,25.11,0.3124,0.125,0.386,0.21868,104.9,366.1,90.5,345.3,119.3,386.9,438,0.123,4
483,-86.57,55.874,49.107,0.5972,0.8018,0.0237,0.5698,-0.8068,0.1561,0.1514,-0.0837,-0.9849,25.114,0.3029,0.112,0.396,0.10646,106.0,364.6,91.5,343.9,120.5,385.3,439,0.228,4
484,-85.462,57.361,49.151,0.5974,0.8016,0.0234,0.5748,-0.8028,0.1585,0.1527,-0.0851,-0.9846,25.117,0.2964,0.111,0.392,0.01265,107.1,363.0,92.5,342.5,121.8,383.7,440,0.605,4
485,-84.355,58.849,49.194,0.5953,0.8032,0.0231,0.5799,-0.7987,0.1608,0.1544,-0.0861,-0.9842,25.119,0.2926,0.115,0.397,0.08206,108.3,361.5,93.5,341.1,123.1,382.0,441,1.025,4
486,-83.255,60.342,49.237,0.5907,0.8066,0.0228,0.5849,-0.7945,0.1631,0.1565,-0.0868,-0.9839,25.12,0.2916,0.128,0.397,0.17694,109.4,360.0,94.5,339.6,124.3,380.4,441,0.83,4
487,-82.165,61.843,49.279,0.5833,0.812,0.0225,0.5899,-0.7903,0.1654,0.1591,-0.0871,-0.9834,25.121,0.2939,0.153,0.397,0.283,110.5,358.4,95.5,338.2,125.6,378.7,442,0.364,4
488,-81.092,63.356,49.32,0.5725,0.8196,0.0221,0.5948,-0.7862,0.1676,0.1622,-0.0869,-0.9829,25.122,0.3001,0.18,0.387,0.40806,111.6,356.9,96.5,336.8,126.8,377.1,443,0.157,4
489,-80.044,64.885,49.361,0.5579,0.8296,0.0216,0.5996,-0.7821,0.1699,0.166,-0.0861,-0.9824,25.122,0.3106,0.224,0.385,0.54712,112.7,355.3,97.4,335.3,128.0,375.4,444,0.737,4
490,-79.014,66.427,49.4,0.5527,0.8331,0.0209,0.6042,-0.778,0.1721,0.168,-0.0868,-0.982,25.123,0.3106,0.124,0.375,0.19482,113.8,353.7,98.4,333.8,129.2,373.7,444,1.118,4
491,-77.994,67.976,49.438,0.5468,0.837,0.0204,0.6086,-0.7741,0.1743,0.1701,-0.0873,-0.9816,25.123,0.3116,0.126,0.36,0.21901,114.8,352.1,99.3,332.3,130.4,372.0,445,0.474,4
492,-76.986,69.532,49.476,0.5402,0.8413,0.0199,0.6129,-0.7702,0.1765,0.1725,-0.0876,-0.9811,25.123,0.3134,0.141,0.356,0.24385,115.8,350.5,100.2,330.8,131.5,370.3,446,0.247,4
493,-75.991,71.097,49.512,0.5329,0.8459,0.0195,0.6171,-0.7663,0.1787,0.1751,-0.0877,-0.9806,25.123,0.3159,0.152,0.352,0.26684,116.9,348.9,101.2,329.3,132.6,368.6,447,1.04,4
494,-75.009,72.67,49.548,0.5251,0.8508,0.0193,0.6211,-0.7626,0.181,0.178,-0.0877,-0.9801,25.122,0.3192,0.169,0.339,0.28463,117.9,347.3,102.1,327.8,133.8,366.8,447,0.817,4
495,-74.043,74.253,49.584,0.517,0.8558,0.0191,0.625,-0.7588,0.1833,0.181,-0.0875,-0.9796,25.123,0.3228,0.175,0.339,0.29412,118.9,345.6,103.0,326.3,134.8,365.1,448,0.058,4
496,-73.092,75.845,49.619,0.5087,0.8607,0.0191,0.6288,-0.7551,0.1856,0.1843,-0.0872,-0.979,25.123,0.3265,0.193,0.331,0.29775,119.8,344.0,103.8,324.8,135.9,363.4,449,0.977,4
497,-72.156,77.446,49.655,0.5004,0.8656,0.0192,0.6324,-0.7515,0.188,0.1877,-0.0868,-0.9784,25.124,0.3304,0.199,0.322,0.29778,120.8,342.4,104.7,323.2,137.0,361.6,449,0.878,4
498,-71.235,79.056,49.69,0.4923,0.8702,0.0191,0.636,-0.7478,0.1904,0.1909,-0.0866,-0.9778,25.125,0.334,0.187,0.326,0.2877,121.7,340.7,105.6,321.7,138.0,359.9,450,0.087,4
499,-70.329,80.673,49.725,0.4849,0.8744,0.0187,0.6395,-0.7442,0.1929,0.194,-0.0867,-0.9772,25.126,0.337,0.181,0.321,0.26318,122.7,339.0,106.4,320.1,139.0,358.1,451,1.076,4
500,-69.436,82.299,49.76,0.4779,0.8782,0.0185,0.6429,-0.7406,0.1955,0.1971,-0.0867,-0.9765,25.128,0.3395,0.182,0.32,0.24604,123.6,337.4,107.2,318.5,140.0,356.3,451,0.779,4
501,-68.556,83.932,49.794,0.471,0.8819,0.0183,0.6462,-0.737,0.1982,0.2004,-0.0867,-0.9759,25.131,0.342,0.192,0.32,0.24194,124.5,335.7,108.0,316.9,141.0,354.5,452,0.218,4
502,-67.689,85.571,49.828,0.4641,0.8856,0.0183,0.6493,-0.7334,0.2011,0.204,-0.0867,-0.9751,25.134,0.3445,0.211,0.319,0.24183,125.4,334.0,108.8,315.3,142.0,352.8,453,1.205,4
503,-66.834,87.217,49.862,0.4571,0.8892,0.0183,0.6525,-0.7298,0.2041,0.2077,-0.0867,-0.9743,25.139,0.3469,0.217,0.325,0.2431,126.3,332.3,109.6,313.7,143.0,351.0,453,0.651,4
504,-65.993,88.87,49.896,0.4497,0.893,0.0185,0.6555,-0.7263,0.2072,0.2118,-0.0865,-0.9735,25.144,0.35,0.24,0.318,0.25706,127.1,330.6,110.4,312.1,143.9,349.2,454,0.312,4
505,-65.166,90.531,49.93,0.4418,0.8969,0.0187,0.6584,-0.7226,0.2105,0.2163,-0.0862,-0.9725,25.15,0.3533,0.265,0.329,0.27213,128.0,328.9,111.2,310.5,144.9,347.4,455,1.233,4
506,-64.355,92.198,49.966,0.433,0.9012,0.0191,0.6612,-0.719,0.2141,0.2213,-0.0857,-0.9714,25.158,0.3576,0.295,0.333,0.30293,128.8,327.2,112.0,308.9,145.8,345.5,455,0.622,4
507,-63.56,93.874,50.001,0.4229,0.906,0.0196,0.6639,-0.7154,0.2178,0.2268,-0.0849,-0.9702,25.166,0.3631,0.326,0.334,0.34555,129.6,325.4,112.7,307.3,146.7,343.7,456,0.246,4
508,-62.786,95.558,50.039,0.4131,0.9104,0.0214,0.6666,-0.7117,0.2218,0.2336,-0.0832,-0.9688,25.176,0.3678,0.41,0.348,0.33667,130.4,323.7,113.4,305.6,147.5,341.9,457,1.06,4
509,-62.029,97.251,50.08,0.4032,0.9148,0.0227,0.6691,-0.7079,0.2261,0.2402,-0.0819,-0.9673,25.188,0.3727,0.395,0.359,0.33705,131.2,322.0,114.1,304.0,148.4,340.0,457,0.796,4
510,-61.29,98.952,50.123,0.3927,0.9194,0.0231,0.6716,-0.7041,0.2306,0.2466,-0.0811,-0.9657,25.2,0.3783,0.381,0.367,0.35431,132.0,320.2,114.8,302.4,149.2,338.2,458,0.051,4
511,-60.572,100.662,50.166,0.381,0.9243,0.0227,0.6739,-0.7003,0.2354,0.253,-0.0806,-0.9641,25.214,0.3852,0.379,0.375,0.39193,132.7,318.5,115.5,300.7,150.0,336.3,459,0.653,4
512,-59.878,102.382,50.206,0.3676,0.9297,0.0212,0.6762,-0.6963,0.2406,0.2594,-0.0806,-0.9624,25.228,0.3937,0.379,0.398,0.44865,133.4,316.7,116.1,299.0,150.8,334.4,459,1.204,4
513,-59.21,104.112,50.243,0.3514,0.936,0.0183,0.6784,-0.6922,0.2461,0.2659,-0.081,-0.9606,25.243,0.405,0.387,0.413,0.54435,134.1,314.9,116.7,297.4,151.6,332.6,460,0.572,4
514,-58.577,105.854,50.273,0.3305,0.9437,0.0134,0.6806,-0.688,0.252,0.2724,-0.0818,-0.9587,25.259,0.421,0.391,0.434,0.70482,134.7,313.1,117.3,295.7,152.3,330.6,461,0.01,4
515,-57.995,107.615,50.307,0.2959,0.9548,0.0271,0.6826,-0.6836,0.2583,0.2958,-0.0647,-0.953,25.275,0.4437,1.692,0.455,1.1997,135.3,311.3,117.9,294.0,152.9,328.7,462,0.503,4
516,-57.475,109.395,50.363,0.2656,0.9637,0.0287,0.6846,-0.6791,0.2649,0.3103,-0.0573,-0.9489,25.293,0.465,0.962,0.472,0.97668,135.9,309.5,118.3,292.3,153.5,326.8,463,0.942,4
517,-57.005,111.189,50.395,0.2416,0.9704,-0.0011,0.6864,-0.6746,0.2717,0.3015,-0.0761,-0.9504,25.312,0.4891,1.192,0.478,1.20023,136.4,307.6,118.8,290.6,154.1,324.8,463,0.913,4
518,-56.575,112.991,50.311,0.2233,0.9679,-0.1153,0.688,-0.67,0.2788,0.2266,-0.1666,-0.9596,25.335,0.527,6.756,0.493,3.57486,136.8,305.8,119.2,288.8,154.6,322.8,464,0.55,4
519,-56.234,114.757,49.885,0.1466,0.9318,-0.3321,0.6895,-0.6655,0.2858,0.0574,-0.3432,-0.9375,25.361,0.6139,14.106,0.484,7.23363,137.2,304.0,119.5,287.2,155.0,320.9,465,0.18,4
520,-55.981,116.448,49.17,0.1227,0.8916,-0.4359,0.6907,-0.6613,0.2927,-0.0353,-0.4351,-0.8997,25.389,0.6325,7.792,0.468,3.52128,137.4,302.3,119.7,285.6,155.3,319.1,466,0.325,4
521,-55.766,118.108,48.369,0.1115,0.9088,-0.4022,0.6918,-0.6569,0.2998,0.0108,-0.4058,-0.9139,25.419,0.6404,3.234,0.483,1.21879,137.7,300.6,119.9,284.1,155.6,317.3,467,0.741,4
522,-55.571,119.855,47.788,0.0951,0.968,-0.2322,0.6927,-0.6522,0.308,0.1903,-0.2466,-0.9502,25.447,0.637,13.938,0.544,5.59914,137.9,298.9,120.1,282.4,155.8,315.4,468,0.915,4
523,-55.399,121.683,47.553,0.0897,0.9959,0.0134,0.6935,-0.6468,0.3174,0.3979,-0.0235,-0.9171,25.472,0.5777,17.634,0.623,7.67592,138.1,297.0,120.3,280.7,156.1,313.4,469,0.879,4
524,-55.247,123.459,48.0,0.0754,0.9065,0.4154,0.6939,-0.641,0.3279,0.6127,0.2866,-0.7365,25.489,0.3925,24.142,0.688,12.94004,138.2,295.2,120.4,279.1,156.2,311.4,470,0.831,4
525,-55.115,125.051,48.933,0.0668,0.7951,0.6027,0.6941,-0.6353,0.3385,0.6743,0.4093,-0.6147,25.497,0.2547,10.53,0.69,6.76657,138.3,293.5,120.5,277.5,156.3,309.5,471,0.881,4
526,-55.01,126.441,50.154,0.0508,0.7206,0.6915,0.6941,-0.6298,0.3486,0.6978,0.4698,-0.5407,25.5,0.1775,5.642,0.659,3.62053,138.4,291.9,120.6,276.2,156.4,307.9,472,0.972,4
527,-54.917,127.751,51.464,0.0478,0.6969,0.7156,0.694,-0.6243,0.3587,0.7042,0.4846,-0.5189,25.501,0.1452,1.554,0.659,1.0482,138.5,290.5,120.6,274.9,156.5,306.3,472,0.883,4
528,-54.835,129.035,52.801,0.0407,0.6886,0.724,0.6937,-0.6182,0.3696,0.7081,0.4914,-0.5071,25.501,0.1299,0.812,0.716,0.42542,138.5,289.1,120.7,273.6,156.5,304.7,474,0.733,4
529,-54.769,130.309,54.148,0.0289,0.6853,0.7277,0.6932,-0.6112,0.382,0.7118,0.497,-0.4963,25.5,0.1208,0.729,0.816,0.39524,138.5,287.6,120.7,272.4,156.5,303.1,475,0.38,4
530,-54.734,131.58,55.498,0.0059,0.6856,0.7279,0.6923,-0.6027,0.3967,0.716,0.5053,-0.4818,25.5,0.1204,0.987,0.974,0.71087,138.5,286.2,120.7,271.2,156.5,301.4,476,0.116,4
531,-54.745,132.85,56.85,-0.0156,0.6834,0.7299,0.6909,-0.5924,0.4144,0.7202,0.514,-0.4659,25.5,0.1132,1.066,1.176,0.6704,138.5,284.8,120.7,270.1,156.4,299.7,478,0.351,4
532,-54.784,134.112,58.208,-0.0237,0.6766,0.736,0.6887,-0.5802,0.4348,0.724,0.5193,-0.454,25.5,0.0889,0.778,1.368,0.3771,138.4,283.4,120.7,269.1,156.3,297.9,480,0.348,4
533,-54.825,135.357,59.584,-0.0184,0.664,0.7475,0.6856,-0.566,0.4579,0.7279,0.5215,-0.4453,25.5,0.0462,0.561,1.564,0.55174,138.3,282.0,120.7,268.1,156.1,296.1,482,0.059,4
534,-54.846,136.568,60.988,-0.0112,0.638,0.77,0.6812,-0.5498,0.4834,0.7318,0.53,-0.4284,25.5,0.0138,1.107,1.749,1.08522,138.2,280.6,120.8,267.2,155.9,294.2,485,0.076,5
535,-54.871,137.725,62.437,-0.01,0.6135,0.7897,0.6755,-0.5321,0.5105,0.7351,0.5398,-0.4101,25.5,0.0699,1.204,1.883,0.97201,138.2,279.3,120.9,266.4,155.7,292.4,488,0.122,5
536,-54.855,138.865,63.9,0.0348,0.6214,0.7827,0.6692,-0.5138,0.5368,0.7415,0.509,-0.4372,25.5,0.1242,2.379,1.871,1.42206,138.1,278.0,121.0,265.7,155.5,290.6,491,0.224,5
537,-54.734,140.039,65.33,0.0885,0.6403,0.763,0.6631,-0.4964,0.5603,0.7482,0.463,-0.4753,25.5,0.1683,3.444,1.711,1.86138,138.2,276.7,121.3,264.8,155.4,288.7,493,0.073,5
538,-54.531,141.233,66.736,0.1303,0.6455,0.7525,0.6575,-0.4802,0.5806,0.7534,0.4289,-0.4984,25.5,0.2126,2.379,1.522,1.34118,138.4,275.3,121.6,264.0,155.4,286.9,495,0.103,5
539,-54.249,142.43,68.123,0.1746,0.6449,0.744,0.6522,-0.4651,0.5985,0.758,0.3942,-0.5196,25.5,0.2592,2.345,1.376,1.39382,138.6,274.0,122.0,263.0,155.6,285.1,497,0.305,5
540,-53.884,143.63,69.49,0.217,0.6512,0.7272,0.6471,-0.4506,0.615,0.7619,0.3528,-0.5432,25.5,0.2942,2.74,1.292,1.42245,139.0,272.6,122.4,262.1,155.8,283.3,498,0.453,5
541,-53.445,144.836,70.828,0.2571,0.6468,0.718,0.6421,-0.4365,0.6302,0.7654,0.3174,-0.5599,25.5,0.3352,2.252,1.222,1.27828,139.4,271.2,123.0,261.1,156.0,281.5,500,0.036,5
542,-52.93,146.017,72.163,0.2977,0.6227,0.7236,0.6371,-0.4231,0.6443,0.769,0.2927,-0.5683,25.5,0.3924,1.509,1.151,1.46898,139.9,269.9,123.6,260.2,156.4,279.8,501,0.57,5
543,-52.34,147.14,73.515,0.3389,0.5935,0.73,0.6324,-0.4105,0.657,0.7723,0.2676,-0.5762,25.5,0.4503,1.52,1.06,1.57274,140.4,268.6,124.3,259.3,156.9,278.1,503,0.256,5
544,-51.675,148.22,74.869,0.3765,0.5694,0.7307,0.6279,-0.3987,0.6684,0.7748,0.2389,-0.5854,25.5,0.4978,1.733,0.975,1.37991,141.1,267.3,125.1,258.4,157.4,276.5,504,0.162,5
545,-50.946,149.248,76.229,0.4097,0.5381,0.7366,0.6237,-0.3879,0.6786,0.7773,0.2167,-0.5906,25.5,0.5467,1.314,0.885,1.42151,141.8,266.1,125.9,257.5,158.0,275.0,505,0.509,5
546,-50.158,150.212,77.604,0.4391,0.502,0.7451,0.6199,-0.378,0.6876,0.7798,0.199,-0.5936,25.5,0.5948,1.039,0.797,1.46219,142.6,265.0,126.8,256.6,158.7,273.6,506,0.787,5
547,-49.317,151.117,78.988,0.4673,0.4725,0.7472,0.6165,-0.369,0.6955,0.7811,0.1753,-0.5994,25.5,0.6334,1.4,0.713,1.26251,143.4,263.9,127.7,255.8,159.5,272.2,508,0.7,5
548,-48.425,151.962,80.377,0.4941,0.4381,0.7509,0.6136,-0.3609,0.7023,0.7819,0.1537,-0.6041,25.5,0.6724,1.267,0.628,1.3521,144.3,262.9,128.6,255.0,160.3,271.0,509,0.603,5
549,-47.485,152.738,81.775,0.52,0.3978,0.7559,0.6112,-0.3538,0.708,0.7822,0.1336,-0.6085,25.5,0.7123,1.179,0.539,1.48806,145.3,262.0,129.6,254.3,161.2,269.8,510,0.559,5
550,-46.497,153.436,83.18,0.5447,0.3569,0.7589,0.6094,-0.3478,0.7125,0.7815,0.1121,-0.6137,25.5,0.7485,1.268,0.442,1.47913,146.2,261.1,130.6,253.6,162.2,268.8,511,0.565,5
551,-45.465,154.063,84.589,0.5673,0.3184,0.7595,0.6082,-0.3427,0.716,0.7797,0.089,-0.6197,25.5,0.7797,1.371,0.361,1.3793,147.3,260.3,131.7,253.0,163.2,267.9,512,0.621,5
552,-44.393,154.616,85.998,0.5883,0.2776,0.7595,0.6077,-0.3384,0.7184,0.777,0.0663,-0.626,25.5,0.8092,1.359,0.284,1.41771,148.4,259.6,132.8,252.4,164.3,267.0,513,0.726,5
553,-43.284,155.091,87.406,0.6077,0.2341,0.7589,0.6079,-0.3349,0.7199,0.7732,0.0436,-0.6327,25.5,0.8374,1.373,0.218,1.47162,149.5,259.0,133.9,251.8,165.5,266.3,514,0.877,5
554,-42.139,155.483,88.811,0.6266,0.1893,0.756,0.6088,-0.3321,0.7205,0.7677,0.0176,-0.6406,25.5,0.8633,1.589,0.172,1.50502,150.7,258.4,135.0,251.4,166.7,265.7,514,0.978,5
555,-40.962,155.797,90.21,0.6422,0.1493,0.7519,0.6106,-0.3297,0.72,0.7611,-0.007,-0.6486,25.5,0.8843,1.53,0.174,1.33236,151.9,258.0,136.1,251.0,168.0,265.1,515,0.788,5
556,-39.758,156.039,91.6,0.6554,0.1116,0.747,0.6134,-0.3279,0.7185,0.7535,-0.0296,-0.6568,25.5,0.9021,1.445,0.209,1.24324,153.1,257.6,137.2,250.6,169.3,264.7,516,0.567,5
557,-38.531,156.21,92.98,0.6675,0.073,0.7411,0.6173,-0.3265,0.7158,0.7446,-0.0515,-0.6656,25.5,0.9187,1.445,0.283,1.26293,154.4,257.3,138.4,250.3,170.7,264.4,517,0.319,5
558,-37.281,156.305,94.347,0.6807,0.0283,0.732,0.6225,-0.3254,0.7118,0.7315,-0.0816,-0.677,25.5,0.9356,1.991,0.381,1.46711,155.7,257.0,139.5,250.1,172.2,264.1,518,0.054,5
559,-36.008,156.316,95.696,0.6918,-0.0157,0.7219,0.6291,-0.3246,0.7063,0.7164,-0.1104,-0.6889,25.5,0.9502,1.984,0.494,1.4363,157.0,256.9,140.6,250.0,173.7,264.0,519,0.228,5
560,-34.716,156.248,97.026,0.6999,-0.0575,0.7119,0.6373,-0.3242,0.6991,0.7017,-0.1307,-0.7004,25.5,0.9624,1.58,0.626,1.35112,158.3,256.8,141.7,249.9,175.3,263.9,520,0.514,5
561,-33.413,156.104,98.337,0.7059,-0.0986,0.7015,0.6473,-0.3242,0.6899,0.6877,-0.142,-0.712,25.5,0.9729,1.227,0.779,1.3228,159.7,256.9,142.7,249.9,176.9,264.0,521,0.804,5
562,-32.094,155.875,99.62,0.7149,-0.1481,0.6833,0.6589,-0.3246,0.6786,0.6578,-0.1889,-0.7291,25.5,0.9828,3.334,0.928,1.65313,161.0,257.0,143.8,250.0,178.6,264.1,521,1.051,5
563,-30.766,155.557,100.876,0.7154,-0.1942,0.6711,0.6721,-0.3252,0.6652,0.6464,-0.1807,-0.7413,25.5,0.9904,1.066,1.078,1.47352,162.4,257.2,144.8,250.1,180.4,264.4,522,0.76,5
564,-29.445,155.158,102.115,0.7075,-0.2341,0.6668,0.6863,-0.326,0.6501,0.6815,-0.0241,-0.7315,25.5,0.9954,9.222,1.189,1.26367,163.8,257.5,145.7,250.4,182.2,264.8,523,0.469,5
565,-28.133,154.684,103.338,0.706,-0.2772,0.6518,0.7014,-0.3267,0.6335,0.7051,0.1881,-0.6837,25.5,0.9987,12.561,1.286,1.41057,165.2,257.9,146.6,250.7,184.0,265.2,524,0.177,5
566,-26.833,154.131,104.539,0.6948,-0.3184,0.6448,0.7169,-0.3271,0.6157,0.3956,0.918,0.0271,25.5,0.9993,64.336,1.353,1.33665,166.5,258.4,147.5,251.1,185.8,265.8,525,0.115,5
567,-25.562,153.504,105.735,0.6731,-0.3578,0.6473,0.7323,-0.3269,0.5974,-0.0256,0.8634,0.5039,25.5,0.9966,37.237,1.37,1.39188,167.8,258.9,148.4,251.6,187.6,266.4,526,0.406,5
568,-24.331,152.802,106.931,0.6556,-0.3991,0.641,0.7474,-0.3259,0.579,-0.1673,0.7511,0.6387,25.5,0.9912,12.949,1.365,1.39932,169.1,259.5,149.3,252.2,189.3,267.0,527,0.695,5
569,-23.135,152.026,108.118,0.6325,-0.4365,0.6399,0.7619,-0.3239,0.5608,-0.1995,0.7064,0.6791,25.5,0.9821,3.915,1.338,1.35849,170.4,260.3,150.1,252.9,191.0,267.7,528,0.981,5
570,-21.989,151.185,109.31,0.6011,-0.4698,0.6464,0.776,-0.3207,0.5431,-0.1914,0.7007,0.6873,25.5,0.9682,0.737,1.31,1.42824,171.6,261.0,150.9,253.7,192.6,268.5,528,0.874,5
571,-20.904,150.283,110.513,0.57,-0.5032,0.6495,0.7895,-0.3163,0.526,-0.1914,0.6874,0.7006,25.5,0.9508,1.078,1.274,1.4133,172.7,261.9,151.6,254.6,194.2,269.3,529,0.591,5
572,-19.877,149.318,111.719,0.537,-0.5368,0.6507,0.8024,-0.3105,0.5096,-0.1934,0.6725,0.7144,25.5,0.9292,1.169,1.241,1.45555,173.8,262.8,152.3,255.6,195.6,270.1,530,0.311,5
573,-18.913,148.292,112.927,0.5015,-0.569,0.6517,0.8148,-0.3036,0.4939,-0.1939,0.6602,0.7257,25.5,0.9032,0.957,1.213,1.48111,174.8,263.8,153.0,256.8,197.0,270.9,531,0.036,5
574,-18.016,147.21,114.136,0.4658,-0.5979,0.6524,0.8265,-0.2955,0.4791,-0.1929,0.6509,0.7343,25.5,0.8742,0.728,1.176,1.41925,175.8,264.8,153.6,258.0,198.3,271.8,532,0.233,5
575,-17.184,146.074,115.344,0.4315,-0.6262,0.6494,0.8377,-0.2864,0.4651,-0.1955,0.6378,0.7449,25.5,0.8428,0.977,1.152,1.37685,176.6,265.9,154.1,259.3,199.5,272.7,533,0.49,5
576,-16.416,144.886,116.543,0.3973,-0.6552,0.6425,0.8482,-0.2764,0.4519,-0.2012,0.6209,0.7576,25.5,0.8084,1.255,1.123,1.40161,177.4,267.1,154.6,260.6,200.6,273.6,534,0.73,5
577,-15.712,143.646,117.729,0.3611,-0.6815,0.6365,0.858,-0.2658,0.4395,-0.2046,0.608,0.7671,25.5,0.7707,0.938,1.09,1.39487,178.2,268.3,155.0,262.1,201.6,274.6,535,0.948,5
578,-15.075,142.358,118.902,0.3264,-0.7071,0.6273,0.8673,-0.2545,0.4279,-0.2096,0.593,0.7774,25.5,0.7315,1.081,1.07,1.36218,178.9,269.6,155.4,263.6,202.6,275.6,535,0.907,5
579,-14.5,141.022,120.052,0.2929,-0.7341,0.6126,0.876,-0.2425,0.4169,-0.2176,0.5726,0.7904,25.5,0.69,1.46,1.058,1.40469,179.5,270.9,155.8,265.3,203.5,276.6,536,0.715,5
580,-13.992,139.635,121.174,0.2527,-0.7597,0.5992,0.8842,-0.23,0.4065,-0.223,0.5568,0.8001,25.5,0.6417,1.106,1.043,1.52958,180.0,272.3,156.1,267.0,204.2,277.7,537,0.556,5
581,-13.559,138.204,122.271,0.2163,-0.784,0.5818,0.8919,-0.217,0.3967,-0.2296,0.5383,0.8108,25.5,0.5938,1.282,1.032,1.45513,180.5,273.7,156.3,268.7,204.9,278.8,538,0.433,5
582,-13.18,136.725,123.325,0.1943,-0.8106,0.5524,0.8992,-0.2036,0.3874,-0.242,0.5061,0.8278,25.5,0.5538,2.204,1.024,1.40093,180.8,275.2,156.5,270.5,205.5,280.0,539,0.341,5
583,-12.834,135.196,124.316,0.172,-0.8368,0.5198,0.9058,-0.1899,0.3787,-0.2539,0.4722,0.8441,25.5,0.5116,2.261,1.004,1.46434,181.2,276.8,156.6,272.4,206.1,281.2,540,0.264,5
584,-12.542,133.624,125.255,0.147,-0.8587,0.491,0.912,-0.176,0.3706,-0.2622,0.4448,0.8564,25.5,0.4672,1.785,0.988,1.35866,181.5,278.4,156.7,274.4,206.6,282.4,541,0.191,5
585,-12.276,132.011,126.132,0.1441,-0.8793,0.4539,0.9175,-0.1622,0.3633,-0.2737,0.4053,0.8722,25.5,0.4397,2.525,0.948,1.31404,181.8,280.0,156.9,276.4,207.0,283.7,542,0.109,5
586,-11.994,130.362,126.933,0.1587,-0.899,0.4082,0.9224,-0.1484,0.3566,-0.2873,0.3535,0.8902,25.5,0.4254,3.238,0.923,1.60237,182.1,281.7,157.0,278.5,207.5,285.1,543,0.006,5
587,-11.707,128.677,127.652,0.1539,-0.9176,0.3664,0.9267,-0.1349,0.3507,-0.2965,0.3108,0.903,25.5,0.3949,2.608,0.879,1.42134,182.4,283.5,157.2,280.6,207.9,286.5,544,0.14,5
588,-11.414,126.961,128.292,0.1647,-0.9316,0.3239,0.9305,-0.1217,0.3455,-0.3052,0.2641,0.9149,25.5,0.3785,2.806,0.842,1.42228,182.7,285.3,157.4,282.7,208.3,287.9,545,0.333,5
589,-11.088,125.224,128.855,0.1889,-0.9399,0.2845,0.9337,-0.1089,0.341,-0.3124,0.2172,0.9248,25.5,0.3757,2.777,0.799,1.45149,183.1,287.1,157.6,284.8,208.8,289.4,546,0.593,5
590,-10.718,123.474,129.346,0.2071,-0.9472,0.2446,0.9365,-0.0965,0.3371,-0.318,0.1713,0.9325,25.5,0.3678,2.686,0.762,1.37342,183.5,289.0,157.9,287.0,209.3,290.9,547,0.927,5
591,-10.32,121.712,129.766,0.2219,-0.9522,0.2098,0.9389,-0.0845,0.3337,-0.3215,0.1317,0.9377,25.5,0.3588,2.297,0.728,1.17853,183.9,290.8,158.3,289.2,209.8,292.5,547,0.928,5
592,-9.895,119.944,130.13,0.2358,-0.9542,0.184,0.9409,-0.0729,0.3309,-0.323,0.1017,0.9409,25.5,0.3523,1.731,0.693,0.90755,184.3,292.7,158.7,291.4,210.3,294.1,548,0.526,5
593,-9.446,118.174,130.455,0.2479,-0.9542,0.1672,0.9425,-0.0616,0.3284,-0.3232,0.0812,0.9429,25.5,0.3473,1.18,0.669,0.63951,184.8,294.6,159.1,293.5,210.8,295.6,549,0.066,5
594,-8.977,116.404,130.749,0.2586,-0.9547,0.1475,0.944,-0.0506,0.3261,-0.3232,0.0584,0.9445,25.5,0.3405,1.31,0.65,0.69293,185.3,296.5,159.5,295.7,211.4,297.2,550,0.445,5
595,-8.488,114.633,131.004,0.2675,-0.9549,0.1291,0.9452,-0.0399,0.3241,-0.3228,0.0375,0.9457,25.5,0.3328,1.2,0.627,0.63133,185.8,298.4,160.0,297.9,211.9,298.9,551,0.992,5
596,-7.985,112.862,131.231,0.2747,-0.9544,0.1166,0.9462,-0.0295,0.3224,-0.3218,0.023,0.9465,25.5,0.3257,0.834,0.606,0.44577,186.4,300.3,160.5,300.0,212.5,300.5,551,0.864,5
597,-7.47,111.092,131.44,0.2808,-0.9536,0.1086,0.947,-0.0193,0.3208,-0.3206,0.0135,0.9471,25.5,0.3192,0.55,0.593,0.31182,186.9,302.2,161.1,302.2,213.1,302.1,552,0.292,5
598,-6.944,109.324,131.637,0.286,-0.9525,0.1043,0.9476,-0.0093,0.3193,-0.3193,0.0079,0.9476,25.5,0.3132,0.331,0.58,0.21115,187.5,304.0,161.6,304.4,213.7,303.7,553,0.292,5
599,-6.409,107.559,131.828,0.2905,-0.9513,0.1031,0.9481,0.0005,0.318,-0.318,0.0056,0.9481,25.5,0.3077,0.154,0.567,0.14856,188.1,305.9,162.2,306.5,214.3,305.4,554,0.873,5
600,-5.867,105.796,132.021,0.2944,-0.9499,0.1045,0.9484,0.0101,0.3168,-0.3169,0.0061,0.9484,25.5,0.3027,0.071,0.555,0.13511,188.7,307.8,162.7,308.7,214.9,307.0,554,0.982,5
601,-5.314,104.035,132.213,0.3017,-0.9479,0.1022,0.9487,0.0196,0.3157,-0.3158,0.0018,0.9488,25.5,0.2999,0.255,0.548,0.24435,189.3,309.7,163.3,310.8,215.5,308.6,555,0.414,6
602,-4.749,102.28,132.4,0.3076,-0.9463,0.0992,0.9488,0.0288,0.3146,-0.3147,-0.0027,0.9492,25.5,0.2958,0.266,0.531,0.21046,189.9,311.6,163.9,312.9,216.1,310.3,556,0.139,6
603,-4.174,100.525,132.581,0.3119,-0.9452,0.0967,0.9488,0.0379,0.3136,-0.3136,-0.0063,0.9495,25.5,0.2904,0.216,0.525,0.15729,190.5,313.5,164.5,315.0,216.7,311.9,557,0.666,6
604,-3.593,98.772,132.759,0.3148,-0.9445,0.0944,0.9487,0.0468,0.3126,-0.3126,-0.0092,0.9499,25.5,0.284,0.177,0.513,0.11633,191.1,315.4,165.1,317.1,217.3,313.6,558,1.168,6
605,-3.007,97.021,132.932,0.3166,-0.9441,0.0923,0.9486,0.0554,0.3117,-0.3116,-0.0116,0.9501,25.5,0.2768,0.149,0.495,0.08633,191.8,317.2,165.8,319.3,218.0,315.2,558,0.689,6
606,-2.419,95.27,133.101,0.3174,-0.944,0.0904,0.9483,0.0638,0.3109,-0.3107,-0.0135,0.9504,25.5,0.2689,0.122,0.484,0.06374,192.4,319.1,166.4,321.4,218.6,316.9,559,0.221,6
607,-1.83,93.518,133.267,0.3174,-0.9442,0.0885,0.948,0.0719,0.3101,-0.3098,-0.015,0.9507,25.5,0.2605,0.102,0.467,0.059,193.0,321.0,167.0,323.4,219.2,318.5,560,0.228,6
608,-1.242,91.766,133.43,0.3164,-0.9446,0.0867,0.9476,0.0797,0.3093,-0.309,-0.0162,0.9509,25.5,0.2514,0.083,0.45,0.06472,193.7,322.9,167.7,325.5,219.9,320.2,561,0.625,6
609,-0.657,90.013,133.589,0.3145,-0.9454,0.0849,0.9472,0.0872,0.3086,-0.3083,-0.0172,0.9511,25.5,0.2417,0.071,0.432,0.08453,194.3,324.8,168.3,327.6,220.5,321.9,562,0.983,6
610,-0.076,88.258,133.745,0.3116,-0.9466,0.083,0.9467,0.0944,0.3079,-0.3076,-0.0178,0.9513,25.5,0.2312,0.054,0.415,0.11329,194.9,326.7,169.0,329.7,221.1,323.6,562,0.873,6
611,0.499,86.502,133.898,0.3092,-0.9473,0.0837,0.9462,0.1013,0.3073,-0.3072,-0.0162,0.9515,25.5,0.2223,0.095,0.398,0.08024,195.5,328.5,169.6,331.8,221.7,325.3,563,0.557,6
612,1.073,84.746,134.057,0.3096,-0.9468,0.0877,0.9457,0.1078,0.3066,-0.3071,-0.0123,0.9516,25.5,0.2176,0.224,0.376,0.12512,196.2,330.4,170.2,333.8,222.3,327.0,564,0.285,6
613,1.647,82.99,134.222,0.3096,-0.9467,0.0895,0.9452,0.1139,0.3061,-0.3069,-0.0104,0.9517,25.5,0.2122,0.11,0.352,0.05565,196.8,332.3,170.8,335.9,223.0,328.7,565,0.059,6
614,2.221,81.234,134.388,0.3092,-0.9468,0.089,0.9447,0.1196,0.3055,-0.3065,-0.0106,0.9518,25.5,0.2061,0.026,0.33,0.01989,197.4,334.2,171.5,337.9,223.6,330.5,566,0.159,6
615,2.794,79.477,134.551,0.3085,-0.9473,0.0864,0.9441,0.1249,0.305,-0.3058,-0.0128,0.952,25.5,0.1993,0.133,0.307,0.08459,198.0,336.1,172.1,339.9,224.2,332.2,567,0.335,6
616,3.365,77.719,134.707,0.3073,-0.9481,0.0815,0.9436,0.1297,0.3045,-0.3049,-0.017,0.9522,25.5,0.1918,0.246,0.278,0.15777,198.6,338.0,172.7,341.9,224.8,334.0,568,0.492,6
617,3.934,75.959,134.852,0.3058,-0.9492,0.0742,0.9432,0.1341,0.3041,-0.3038,-0.0234,0.9525,25.5,0.1837,0.372,0.254,0.23266,199.3,339.9,173.4,343.9,225.4,335.8,569,0.634,6
618,4.5,74.197,134.98,0.3037,-0.9506,0.0643,0.9427,0.138,0.3037,-0.3022,-0.0321,0.9527,25.5,0.1746,0.507,0.226,0.3156,199.9,341.8,174.0,345.9,226.0,337.6,570,0.767,6
619,5.06,72.433,135.088,0.3011,-0.9522,0.0514,0.9423,0.1414,0.3034,-0.3002,-0.0435,0.9529,25.5,0.1647,0.663,0.197,0.4095,200.5,343.7,174.6,347.9,226.6,339.4,571,0.896,6
620,5.616,70.664,135.169,0.2978,-0.954,0.0349,0.942,0.1443,0.3031,-0.2977,-0.058,0.9529,25.5,0.1534,0.843,0.168,0.52259,201.1,345.6,175.2,349.9,227.2,341.2,571,0.96,6
621,6.164,68.894,135.215,0.2935,-0.9559,0.0141,0.9417,0.1467,0.3028,-0.2944,-0.0764,0.9526,25.5,0.1404,1.071,0.14,0.65904,201.7,347.5,175.8,351.9,227.8,343.1,572,0.83,6
622,6.706,67.12,135.231,0.2901,-0.957,0.003,0.9415,0.1484,0.3026,-0.2926,-0.0858,0.9524,25.5,0.132,0.548,0.099,0.36016,202.3,349.4,176.4,353.8,228.4,345.0,573,0.697,6
623,7.241,65.344,135.225,0.2867,-0.958,-0.0099,0.9413,0.1497,0.3025,-0.2905,-0.0968,0.952,25.5,0.1235,0.642,0.076,0.41324,202.8,351.3,177.0,355.8,228.9,346.9,574,0.558,6
624,7.769,63.566,135.194,0.2833,-0.9587,-0.0244,0.9412,0.1505,0.3024,-0.2881,-0.1094,0.9513,25.5,0.115,0.736,0.047,0.46059,203.4,353.3,177.5,357.7,229.5,348.8,575,0.409,6
625,8.292,61.788,135.134,0.2798,-0.9592,-0.0407,0.9412,0.1508,0.3023,-0.2855,-0.1236,0.9504,25.5,0.1064,0.829,0.018,0.51525,204.0,355.2,178.1,359.6,230.1,350.7,576,0.246,6
626,8.807,60.008,135.042,0.2763,-0.9593,-0.0586,0.9412,0.1507,0.3022,-0.2825,-0.1393,0.9491,25.5,0.0978,0.919,0.008,0.56339,204.5,357.1,178.6,361.6,230.6,352.6,577,0.068,6
627,9.316,58.229,134.915,0.2728,-0.9589,-0.078,0.9413,0.1502,0.3022,-0.2792,-0.1565,0.9474,25.5,0.0892,1.008,0.029,0.60906,205.1,359.1,179.2,363.5,231.2,354.6,578,0.14,6
628,9.819,56.451,134.752,0.2694,-0.958,-0.0986,0.9415,0.1493,0.3021,-0.2756,-0.1748,0.9453,25.5,0.0808,1.075,0.053,0.64557,205.6,361.0,179.7,365.4,231.7,356.6,579,0.368,6
629,10.316,54.675,134.549,0.2658,-0.9565,-0.12,0.9417,0.1482,0.302,-0.2718,-0.1938,0.9426,25.5,0.0723,1.121,0.064,0.67186,206.1,362.9,180.3,367.2,232.3,358.5,580,0.625,6
630,10.804,52.903,134.307,0.2608,-0.9551,-0.141,0.942,0.1467,0.3019,-0.2682,-0.212,0.9398,25.5,0.063,1.075,0.088,0.66832,206.7,364.8,180.8,369.1,232.8,360.5,581,0.912,6
631,11.283,51.133,134.026,0.256,-0.953,-0.1622,0.9423,0.145,0.3018,-0.2645,-0.2304,0.9365,25.5,0.0541,1.092,0.099,0.6745,207.2,366.8,181.3,371.0,233.3,362.5,581,0.943,6
632,11.754,49.368,133.705,0.2517,-0.9503,-0.1832,0.9426,0.1431,0.3016,-0.2607,-0.2489,0.9328,25.5,0.046,1.103,0.111,0.66745,207.7,368.7,181.8,372.8,233.8,364.5,582,0.629,6
633,12.217,47.608,133.346,0.2477,-0.9471,-0.204,0.943,0.141,0.3014,-0.2569,-0.2672,0.9288,25.5,0.0386,1.095,0.123,0.66173,208.2,370.6,182.3,374.7,234.3,366.4,583,0.286,6
634,12.673,45.855,132.949,0.2442,-0.9435,-0.2241,0.9434,0.1387,0.3012,-0.2532,-0.2852,0.9244,25.5,0.032,1.083,0.134,0.64,208.7,372.5,182.8,376.5,234.8,368.4,584,0.085,6
635,13.124,44.108,132.515,0.2413,-0.9394,-0.2435,0.9439,0.1362,0.301,-0.2496,-0.3026,0.9199,25.5,0.0265,1.05,0.146,0.61904,209.2,374.4,183.2,378.3,235.3,370.4,585,0.483,6
636,13.569,42.37,132.046,0.2384,-0.935,-0.2625,0.9443,0.1336,0.3007,-0.2461,-0.3196,0.915,25.5,0.0213,1.033,0.152,0.60905,209.6,376.3,183.7,380.1,235.8,372.4,586,0.91,6
637,14.007,40.64,131.54,0.2337,-0.9302,-0.283,0.9448,0.1309,0.3003,-0.2423,-0.3376,0.9096,25.5,0.0141,1.099,0.159,0.66642,210.1,378.2,184.2,381.9,236.3,374.3,586,0.945,6
638,14.436,38.919,130.997,0.2295,-0.925,-0.3029,0.9453,0.1281,0.3,-0.2386,-0.3552,0.9038,25.5,0.0076,1.083,0.164,0.64848,210.6,380.0,184.6,383.7,236.8,376.3,587,0.489,6
639,14.858,37.209,130.417,0.2258,-0.9194,-0.322,0.9458,0.1253,0.2996,-0.2351,-0.3723,0.8979,25.5,0.0019,1.056,0.165,0.62538,211.0,381.9,185.1,385.5,237.2,378.2,588,0.006,6
640,15.274,35.509,129.803,0.2227,-0.9136,-0.3402,0.9463,0.1224,0.2991,-0.2317,-0.3885,0.8918,25.5,0.0028,1.011,0.171,0.59783,211.5,383.7,185.5,387.3,237.7,380.2,589,0.505,6
641,15.685,33.82,129.155,0.2201,-0.9077,-0.3572,0.9469,0.1194,0.2987,-0.2285,-0.404,0.8858,25.5,0.0067,0.97,0.177,0.5616,211.9,385.6,185.9,389.0,238.1,382.1,590,1.034,6
642,16.091,32.142,128.478,0.2181,-0.9018,-0.373,0.9474,0.1163,0.2982,-0.2255,-0.4184,0.8798,25.5,0.0095,0.91,0.182,0.52473,212.3,387.4,186.4,390.7,238.5,384.0,590,0.821,6
643,16.494,30.474,127.772,0.216,-0.8959,-0.3881,0.9479,0.1133,0.2976,-0.2227,-0.4323,0.8738,25.5,0.0123,0.882,0.178,0.50497,212.8,389.2,186.8,392.4,239.0,385.9,591,0.277,6
644,16.891,28.818,127.037,0.2124,-0.8897,-0.4042,0.9485,0.1102,0.2971,-0.2198,-0.4465,0.8674,25.5,0.0167,0.908,0.183,0.5444,213.2,391.0,187.2,394.1,239.4,387.8,592,0.278,6
645,17.282,27.174,126.273,0.2093,-0.8833,-0.4195,0.949,0.1071,0.2965,-0.217,-0.4602,0.8609,25.5,0.0204,0.883,0.183,0.52115,213.6,392.8,187.6,395.8,239.8,389.7,593,0.838,6
646,17.668,25.541,125.482,0.2068,-0.8769,-0.4339,0.9496,0.104,0.2958,-0.2143,-0.4733,0.8544,25.5,0.0232,0.852,0.185,0.49285,214.0,394.5,188.0,397.5,240.2,391.6,593,1.017,6
647,18.049,23.921,124.664,0.2047,-0.8705,-0.4476,0.9501,0.1009,0.2951,-0.2118,-0.4859,0.848,25.5,0.0254,0.822,0.184,0.47159,214.4,396.3,188.4,399.2,240.6,393.4,594,0.456,6
648,18.428,22.312,123.822,0.2032,-0.864,-0.4607,0.9506,0.0978,0.2945,-0.2094,-0.498,0.8415,25.5,0.027,0.799,0.183,0.4541,214.8,398.0,188.8,400.8,241.0,395.2,595,0.1,6
649,18.804,20.716,122.955,0.2022,-0.8575,-0.4732,0.9512,0.0947,0.2937,-0.2071,-0.5097,0.8351,25.5,0.0279,0.775,0.187,0.43629,215.2,399.8,189.2,402.4,241.4,397.1,596,0.645,6
650,19.178,19.131,122.067,0.2016,-0.8509,-0.485,0.9517,0.0916,0.293,-0.2049,-0.5209,0.8287,25.5,0.0282,0.75,0.184,0.41805,215.6,401.5,189.6,404.1,241.8,398.9,597,1.177,6
651,19.551,17.559,121.156,0.2004,-0.8442,-0.4972,0.9523,0.0886,0.2922,-0.2027,-0.5322,0.822,25.5,0.0292,0.763,0.181,0.43155,216.0,403.2,189.9,405.7,242.2,400.7,597,0.678,6
652,19.921,16.0,120.222,0.1981,-0.8372,-0.5098,0.9528,0.0855,0.2914,-0.2005,-0.5437,0.815,25.5,0.0314,0.782,0.186,0.45088,216.3,404.9,190.3,407.3,242.6,402.4,598,0.164,6
653,20.287,14.453,119.266,0.1963,-0.8304,-0.5214,0.9533,0.0824,0.2905,-0.1984,-0.5544,0.8083,25.5,0.0328,0.733,0.187,0.41908,216.7,406.5,190.7,408.8,243.0,404.2,599,0.328,6
654,20.649,12.919,118.288,0.1949,-0.8239,-0.5322,0.9538,0.0793,0.2896,-0.1965,-0.5644,0.8018,25.5,0.0336,0.692,0.187,0.39175,217.1,408.2,191.1,410.4,243.3,405.9,600,0.794,6
655,21.01,11.396,117.292,0.1941,-0.8175,-0.5422,0.9544,0.0763,0.2887,-0.1948,-0.5738,0.7955,25.5,0.0337,0.656,0.183,0.36755,217.5,409.8,191.5,411.9,243.7,407.7,600,1.061,6
656,21.37,9.886,116.277,0.1937,-0.8114,-0.5515,0.9549,0.0732,0.2878,-0.1932,-0.5827,0.7894,25.5,0.0332,0.625,0.187,0.34379,217.8,411.4,191.8,413.5,244.1,409.4,601,0.625,6
657,21.729,8.387,115.246,0.1937,-0.8054,-0.5603,0.9554,0.0701,0.2868,-0.1918,-0.5911,0.7834,25.5,0.0321,0.597,0.189,0.32901,218.2,413.0,192.2,415.0,244.5,411.1,602,0.222,6
658,22.088,6.898,114.199,0.1942,-0.7995,-0.5684,0.956,0.067,0.2858,-0.1905,-0.5991,0.7776,25.5,0.0304,0.571,0.19,0.30989,218.6,414.6,192.6,416.5,244.8,412.8,603,0.141,6
659,22.449,5.42,113.138,0.1951,-0.7938,-0.5761,0.9565,0.0638,0.2847,-0.1893,-0.6068,0.772,25.5,0.028,0.55,0.196,0.29723,219.0,416.2,192.9,418.0,245.2,414.4,604,0.462,6
660,22.812,3.954,112.062,0.1955,-0.7873,-0.5847,0.957,0.0606,0.2836,-0.1879,-0.6152,0.7656,25.5,0.0264,0.61,0.196,0.33326,219.3,417.8,193.3,419.4,245.6,416.1,605,0.739,6
661,23.174,2.5,110.969,0.1953,-0.7806,-0.5938,0.9576,0.0574,0.2824,-0.1864,-0.624,0.7589,25.5,0.0255,0.64,0.199,0.34907,219.7,419.3,193.7,420.9,245.9,417.8,606,0.972,6
662,23.536,1.058,109.86,0.1951,-0.7741,-0.6022,0.9581,0.0542,0.2811,-0.1851,-0.632,0.7525,25.5,0.0243,0.592,0.2,0.32817,220.1,420.9,194.1,422.3,246.3,419.4,606,0.883,6
663,23.898,-0.372,108.735,0.195,-0.7681,-0.6099,0.9587,0.0509,0.2798,-0.1839,-0.6395,0.7465,25.5,0.0228,0.555,0.206,0.30152,220.4,422.4,194.4,423.8,246.7,421.0,607,0.692,6
664,24.26,-1.792,107.597,0.1949,-0.7624,-0.6171,0.9593,0.0475,0.2784,-0.183,-0.6464,0.7408,25.5,0.021,0.515,0.213,0.28371,220.8,423.9,194.8,425.2,247.0,422.6,608,0.541,6
665,24.621,-3.201,106.446,0.1949,-0.7569,-0.6237,0.9599,0.044,0.2769,-0.1822,-0.6528,0.7353,25.5,0.0189,0.486,0.221,0.26536,221.2,425.4,195.2,426.6,247.4,424.2,609,0.43,6
666,24.983,-4.6,105.284,0.195,-0.7518,-0.6299,0.9605,0.0404,0.2753,-0.1815,-0.6588,0.7301,25.5,0.0165,0.457,0.228,0.24801,221.5,426.9,195.5,428.0,247.8,425.8,610,0.357,6
667,25.345,-5.99,104.11,0.1951,-0.747,-0.6356,0.9612,0.0367,0.2735,-0.181,-0.6643,0.7252,25.5,0.0137,0.423,0.239,0.2302,221.9,428.4,195.9,429.3,248.1,427.4,611,0.321,6
668,25.707,-7.371,102.926,0.1953,-0.7424,-0.6409,0.9618,0.0329,0.2716,-0.1805,-0.6695,0.7205,25.5,0.0107,0.403,0.246,0.21685,222.3,429.8,196.2,430.7,248.5,429.0,612,0.321,6
669,26.07,-8.744,101.733,0.1956,-0.738,-0.6458,0.9625,0.029,0.2696,-0.1802,-0.6744,0.7161,25.5,0.0072,0.378,0.254,0.20365,222.6,431.3,196.6,432.0,248.9,430.5,613,0.355,6
670,26.433,-10.107,100.528,0.1962,-0.7314,-0.6531,0.9633,0.0249,0.2674,-0.1793,-0.6816,0.7094,25.5,0.0039,0.566,0.27,0.30458,223.0,432.7,197.0,433.3,249.2,432.1,614,0.42,6
671,26.797,-11.458,99.31,0.1966,-0.7252,-0.6598,0.964,0.0207,0.265,-0.1786,-0.6882,0.7032,25.5,0.0003,0.52,0.28,0.28225,223.4,434.1,197.3,434.6,249.6,433.6,615,0.513,6
672,27.162,-12.797,98.08,0.1967,-0.7196,-0.6659,0.9648,0.0163,0.2625,-0.178,-0.6941,0.6975,25.5,0.0032,0.471,0.294,0.25582,223.7,435.5,197.7,435.9,250.0,435.1,616,0.631,6
673,27.527,-14.127,96.84,0.1967,-0.7145,-0.6715,0.9656,0.0117,0.2597,-0.1777,-0.6995,0.6922,25.5,0.0072,0.434,0.312,0.23395,224.1,436.9,198.1,437.2,250.3,436.7,617,0.77,6
674,27.892,-15.448,95.59,0.1965,-0.7098,-0.6764,0.9664,0.007,0.2568,-0.1775,-0.7042,0.6874,25.5,0.0112,0.385,0.32,0.20979,224.5,438.3,198.4,438.4,250.7,438.2,619,0.753,6
675,28.256,-16.761,94.331,0.196,-0.7057,-0.6809,0.9673,0.0021,0.2536,-0.1775,-0.7084,0.6831,25.5,0.0154,0.344,0.339,0.18867,224.8,439.7,198.8,439.7,251.1,439.7,620,0.568,6
676,28.619,-18.066,93.064,0.1954,-0.702,-0.6848,0.9682,-0.003,0.2502,-0.1777,-0.7121,0.6792,25.5,0.02,0.308,0.355,0.16708,225.2,441.1,199.1,440.9,251.4,441.2,621,0.373,6
677,28.98,-19.366,91.791,0.1946,-0.6988,-0.6883,0.9691,-0.0083,0.2465,-0.178,-0.7152,0.6758,25.5,0.0247,0.264,0.374,0.14856,225.5,442.4,199.5,442.1,251.8,442.7,622,0.174,6
678,29.34,-20.659,90.511,0.1936,-0.6962,-0.6913,0.97,-0.0138,0.2426,-0.1785,-0.7179,0.6729,25.5,0.0297,0.229,0.39,0.12645,225.9,443.8,199.8,443.3,252.1,444.2,623,0.027,6
679,29.698,-21.948,89.226,0.1927,-0.6932,-0.6945,0.971,-0.0195,0.2384,-0.1789,-0.7207,0.6698,25.5,0.0351,0.24,0.41,0.13831,226.2,445.1,200.2,444.5,252.5,445.7,624,0.223,6
680,30.056,-23.229,87.933,0.193,-0.6876,-0.7,0.9719,-0.0254,0.2339,-0.1788,-0.7261,0.664,25.5,0.0413,0.454,0.428,0.24263,226.6,446.4,200.5,445.7,252.9,447.2,625,0.412,6
681,30.414,-24.499,86.63,0.1929,-0.6826,-0.7048,0.9729,-0.0316,0.2291,-0.1788,-0.7308,0.6588,25.5,0.0478,0.402,0.453,0.21411,227.0,447.7,200.9,446.8,253.2,448.7,626,0.589,6
682,30.772,-25.762,85.319,0.1924,-0.6784,-0.7091,0.9738,-0.0379,0.224,-0.1791,-0.7347,0.6543,25.5,0.0542,0.342,0.467,0.1863,227.3,449.0,201.2,447.9,253.6,450.2,627,0.748,6
683,31.128,-27.016,84.0,0.1915,-0.6749,-0.7126,0.9748,-0.0444,0.2187,-0.1796,-0.7379,0.6505,25.5,0.0608,0.286,0.484,0.15539,227.7,450.3,201.6,449.1,253.9,451.6,629,0.853,6
684,31.482,-28.266,82.676,0.1903,-0.6721,-0.7156,0.9757,-0.0511,0.2131,-0.1803,-0.7405,0.6475,25.5,0.0675,0.231,0.503,0.13207,228.0,451.6,201.9,450.2,254.3,453.1,630,0.765,6
685,31.834,-29.51,81.346,0.1887,-0.67,-0.718,0.9765,-0.058,0.2073,-0.1811,-0.7423,0.6451,25.5,0.0743,0.178,0.518,0.11021,228.3,452.9,202.2,451.3,254.6,454.6,631,0.705,6
686,32.182,-30.752,80.012,0.1868,-0.6687,-0.7197,0.9774,-0.0651,0.2013,-0.182,-0.7435,0.6435,25.5,0.0812,0.126,0.535,0.0884,228.7,454.2,202.6,452.4,254.9,456.0,632,0.674,6
687,32.526,-31.991,78.676,0.1844,-0.6681,-0.7208,0.9781,-0.0723,0.195,-0.1831,-0.7439,0.6427,25.5,0.0881,0.081,0.55,0.08361,229.0,455.5,202.9,453.4,255.3,457.5,633,0.671,6
688,32.866,-33.23,77.339,0.1817,-0.6683,-0.7213,0.9788,-0.0796,0.1885,-0.1843,-0.7437,0.6426,25.5,0.0951,0.07,0.561,0.08505,229.3,456.7,203.2,454.5,255.6,458.9,634,0.699,6
689,33.2,-34.469,76.0,0.1792,-0.6665,-0.7237,0.9795,-0.0871,0.1818,-0.1852,-0.7453,0.6405,25.5,0.102,0.16,0.578,0.12061,229.7,458.0,203.6,455.6,255.9,460.4,635,0.758,6
690,33.531,-35.703,74.654,0.1771,-0.6634,-0.727,0.98,-0.0948,0.1749,-0.186,-0.748,0.6371,25.5,0.1093,0.253,0.593,0.15415,230.0,459.2,203.9,456.6,256.2,461.9,636,0.849,6
691,33.858,-36.931,73.303,0.1751,-0.661,-0.7297,0.9805,-0.1026,0.1677,-0.187,-0.75,0.6345,25.5,0.1171,0.196,0.609,0.12754,230.3,460.5,204.2,457.7,256.5,463.3,637,0.971,6
692,34.181,-38.155,71.948,0.1732,-0.6594,-0.7316,0.9808,-0.1106,0.1604,-0.1881,-0.7513,0.6326,25.5,0.1255,0.146,0.621,0.0966,230.6,461.7,204.5,458.7,256.8,464.8,637,0.884,6
693,34.5,-39.377,70.589,0.1714,-0.6585,-0.7328,0.9811,-0.1188,0.1528,-0.1893,-0.752,0.6314,25.5,0.1344,0.105,0.641,0.07237,230.9,463.0,204.8,459.7,257.1,466.2,638,0.73,6
694,34.816,-40.598,69.229,0.1696,-0.6583,-0.7334,0.9812,-0.1271,0.1449,-0.1906,-0.752,0.631,25.5,0.1438,0.078,0.657,0.05893,231.2,464.2,205.2,460.8,257.4,467.7,639,0.55,6
695,35.129,-41.82,67.869,0.1678,-0.659,-0.7332,0.9813,-0.1357,0.1368,-0.192,-0.7514,0.6314,25.5,0.1538,0.09,0.677,0.05998,231.5,465.5,205.5,461.8,257.6,469.2,640,0.347,6
696,35.439,-43.044,66.51,0.1661,-0.6604,-0.7323,0.9811,-0.1445,0.1285,-0.1933,-0.75,0.6325,25.5,0.1643,0.126,0.693,0.07348,231.8,466.7,205.8,462.8,257.9,470.6,641,0.128,6
697,35.746,-44.27,65.153,0.1645,-0.6627,-0.7306,0.9808,-0.1535,0.1199,-0.1947,-0.7479,0.6346,25.5,0.1755,0.188,0.713,0.10124,232.1,467.9,206.1,463.8,258.2,472.1,642,0.105,6
698,36.049,-45.502,63.8,0.1624,-0.6648,-0.7291,0.9804,-0.1628,0.1111,-0.196,-0.746,0.6365,25.5,0.1864,0.171,0.734,0.10277,232.4,469.2,206.4,464.8,258.4,473.6,643,0.345,6
699,36.348,-46.735,62.446,0.1596,-0.6648,-0.7297,0.9797,-0.1723,0.1019,-0.1974,-0.7458,0.6363,25.5,0.1965,0.082,0.759,0.08845,232.7,470.4,206.8,465.8,258.6,475.0,644,0.589,6
700,36.641,-47.969,61.093,0.1571,-0.6653,-0.7299,0.9789,-0.1821,0.0925,-0.1988,-0.7452,0.6365,25.5,0.2074,0.088,0.779,0.07896,232.9,471.7,207.1,466.8,258.9,476.5,645,0.832,6
701,36.931,-49.204,59.739,0.1551,-0.6661,-0.7295,0.9778,-0.1922,0.0829,-0.2003,-0.7443,0.6371,25.5,0.2192,0.106,0.801,0.06764,233.2,472.9,207.4,467.8,259.1,478.0,645,1.023,6
702,37.217,-50.44,58.387,0.1536,-0.6674,-0.7287,0.9765,-0.2026,0.073,-0.2018,-0.7431,0.6381,25.5,0.232,0.124,0.826,0.06609,233.5,474.1,207.7,468.7,259.3,479.5,646,0.784,6
703,37.501,-51.68,57.036,0.1525,-0.6692,-0.7273,0.975,-0.2132,0.0628,-0.2033,-0.7414,0.6395,25.5,0.2457,0.153,0.847,0.07821,233.7,475.4,208.0,469.7,259.5,481.0,647,0.549,6
704,37.783,-52.923,55.689,0.1519,-0.6714,-0.7253,0.9732,-0.2241,0.0524,-0.2048,-0.7393,0.6415,25.5,0.2603,0.187,0.869,0.09367,234.0,476.6,208.4,470.7,259.6,482.6,648,0.319,6
705,38.065,-54.171,54.346,0.1519,-0.6741,-0.7228,0.971,-0.2353,0.0417,-0.2062,-0.7368,0.6439,25.5,0.276,0.214,0.896,0.11367,234.3,477.9,208.7,471.6,259.8,484.1,649,0.091,6
706,38.347,-55.424,53.008,0.1523,-0.6773,-0.7198,0.9686,-0.2468,0.0307,-0.2075,-0.7339,0.6467,25.5,0.2926,0.243,0.922,0.13605,234.5,479.1,209.1,472.6,260.0,485.6,650,0.133,6
707,38.627,-56.683,51.675,0.1499,-0.6797,-0.718,0.9658,-0.2586,0.0196,-0.209,-0.7316,0.6489,25.5,0.3065,0.202,0.942,0.11866,234.8,480.4,209.4,473.6,260.1,487.2,651,0.355,6
708,38.904,-57.946,50.345,0.1483,-0.6821,-0.716,0.9626,-0.2707,0.0082,-0.2106,-0.7292,0.6511,25.5,0.3215,0.208,0.97,0.10842,235.0,481.6,209.8,474.5,260.3,488.7,652,0.576,6
709,39.178,-59.213,49.018,0.1475,-0.6845,-0.7139,0.9591,-0.283,-0.0033,-0.2122,-0.7269,0.6531,25.5,0.3375,0.197,0.985,0.10157,235.3,482.9,210.1,475.5,260.4,490.3,653,0.795,6
710,39.451,-60.485,47.696,0.1477,-0.6869,-0.7116,0.9552,-0.2955,-0.015,-0.2139,-0.7247,0.6551,25.5,0.3547,0.196,1.006,0.10287,235.5,484.1,210.5,476.4,260.5,491.9,654,1.015,6
711,39.726,-61.761,46.379,0.1487,-0.6891,-0.7092,0.951,-0.3082,-0.0267,-0.2157,-0.7225,0.6568,25.5,0.3727,0.19,1.018,0.1052,235.8,485.4,210.9,477.3,260.6,493.4,654,0.84,6
712,40.004,-63.042,45.066,0.1506,-0.6913,-0.7067,0.9463,-0.321,-0.0384,-0.2176,-0.7205,0.6584,25.5,0.3916,0.183,1.029,0.11843,236.0,486.7,211.3,478.3,260.7,495.0,655,0.618,6
713,40.285,-64.326,43.757,0.1535,-0.6934,-0.704,0.9413,-0.3339,-0.0502,-0.2198,-0.7186,0.6598,25.5,0.4114,0.185,1.042,0.13852,236.3,487.9,211.7,479.2,260.8,496.6,656,0.387,6
714,40.572,-65.614,42.454,0.1543,-0.6961,-0.7011,0.9359,-0.3469,-0.0618,-0.2217,-0.7159,0.6621,25.5,0.4292,0.231,1.045,0.12486,236.6,489.2,212.1,480.2,260.9,498.2,657,0.143,6
715,40.858,-66.908,41.156,0.1546,-0.6989,-0.6983,0.9301,-0.3599,-0.0733,-0.2236,-0.7132,0.6643,25.5,0.4465,0.227,1.049,0.12267,236.8,490.5,212.6,481.1,261.0,499.8,658,0.119,6
716,41.146,-68.207,39.863,0.1559,-0.7012,-0.6957,0.924,-0.373,-0.0847,-0.2259,-0.7109,0.666,25.5,0.4645,0.21,1.055,0.11451,237.1,491.8,213.0,482.1,261.1,501.4,659,0.403,7
717,41.437,-69.509,38.575,0.158,-0.7031,-0.6933,0.9175,-0.386,-0.0959,-0.2285,-0.7091,0.6671,25.5,0.4828,0.192,1.051,0.11467,237.3,493.0,213.5,483.1,261.2,503.0,660,0.715,7
718,41.732,-70.815,37.291,0.1611,-0.7046,-0.6911,0.9107,-0.3989,-0.1069,-0.2316,-0.7077,0.6675,25.5,0.5017,0.196,1.047,0.12623,237.6,494.3,213.9,484.0,261.2,504.6,661,1.058,7
719,42.035,-72.123,36.011,0.1651,-0.7056,-0.6891,0.9037,-0.4118,-0.1176,-0.2352,-0.7067,0.6673,25.5,0.5208,0.214,1.041,0.14155,237.9,495.6,214.4,485.0,261.3,506.2,661,0.796,7
720,42.346,-73.432,34.735,0.17,-0.7061,-0.6874,0.8963,-0.4246,-0.128,-0.2394,-0.7062,0.6663,25.5,0.5402,0.249,1.036,0.16096,238.2,496.9,214.9,486.0,261.4,507.8,662,0.416,7
721,42.664,-74.743,33.462,0.173,-0.7076,-0.6851,0.8887,-0.4372,-0.138,-0.2432,-0.7048,0.6664,25.5,0.5577,0.232,1.019,0.12562,238.5,498.2,215.4,486.9,261.4,509.3,663,0.004,7
722,42.987,-76.057,32.193,0.1754,-0.7093,-0.6827,0.8809,-0.4496,-0.1477,-0.247,-0.703,0.6669,25.5,0.5742,0.243,1.007,0.11726,238.8,499.4,215.9,487.9,261.5,510.9,664,0.446,7
723,43.316,-77.374,30.929,0.1787,-0.7106,-0.6805,0.8729,-0.462,-0.1569,-0.2515,-0.7017,0.6666,25.5,0.5911,0.269,0.996,0.12892,239.1,500.7,216.5,488.9,261.6,512.5,665,0.917,7
724,43.651,-78.693,29.668,0.1828,-0.7114,-0.6786,0.8647,-0.4742,-0.1658,-0.2568,-0.7009,0.6655,25.5,0.6079,0.313,0.985,0.14176,239.4,502.0,217.0,489.9,261.6,514.1,665,0.938,7
725,43.994,-80.012,28.411,0.1879,-0.7116,-0.677,0.8562,-0.4863,-0.1742,-0.2629,-0.7005,0.6634,25.5,0.6249,0.37,0.974,0.16522,239.7,503.3,217.6,490.9,261.7,515.7,666,0.446,7
726,44.348,-81.332,27.157,0.1939,-0.7114,-0.6755,0.8476,-0.4984,-0.1822,-0.2701,-0.7007,0.6603,25.5,0.642,0.449,0.966,0.19114,240.0,504.6,218.1,491.9,261.8,517.2,667,0.062,7
727,44.714,-82.651,25.905,0.201,-0.7106,-0.6743,0.8388,-0.5103,-0.1897,-0.2783,-0.7014,0.6561,25.5,0.6591,0.529,0.951,0.22379,240.4,505.9,218.7,492.8,261.9,518.8,668,0.58,7
728,45.094,-83.968,24.656,0.2072,-0.7102,-0.6728,0.8298,-0.5223,-0.1968,-0.2869,-0.7016,0.6523,25.5,0.6753,0.539,0.951,0.19743,240.7,507.1,219.3,493.8,262.0,520.4,669,1.102,7
729,45.483,-85.286,23.409,0.2122,-0.7105,-0.6709,0.8206,-0.5342,-0.2034,-0.2956,-0.7011,0.6489,25.5,0.6901,0.536,0.941,0.16549,241.1,508.4,220.0,494.8,262.1,521.9,669,0.752,7
730,45.882,-86.604,22.166,0.2179,-0.7104,-0.6692,0.8112,-0.546,-0.2094,-0.3054,-0.7009,0.6446,25.5,0.7048,0.613,0.93,0.18376,241.5,509.7,220.6,495.8,262.2,523.5,670,0.229,7
731,46.291,-87.921,20.927,0.2241,-0.71,-0.6676,0.8017,-0.5579,-0.2148,-0.3165,-0.7009,0.6391,25.5,0.7192,0.71,0.926,0.19819,241.8,511.0,221.2,496.8,262.3,525.0,671,0.29,7
732,46.713,-89.237,19.69,0.231,-0.7091,-0.6662,0.792,-0.5697,-0.2196,-0.3291,-0.7013,0.6324,25.5,0.7332,0.818,0.917,0.21925,242.2,512.2,221.9,497.8,262.4,526.6,672,0.8,7
733,47.149,-90.552,18.455,0.2386,-0.7079,-0.6648,0.7821,-0.5816,-0.2238,-0.3433,-0.7019,0.6241,25.5,0.7471,0.943,0.919,0.24157,242.6,513.5,222.6,498.8,262.6,528.1,672,1.055,7
734,47.599,-91.863,17.223,0.2469,-0.7062,-0.6636,0.7721,-0.5934,-0.2272,-0.3593,-0.7027,0.6142,25.5,0.7605,1.079,0.907,0.26431,243.1,514.8,223.3,499.7,262.7,529.7,673,0.558,7
735,48.064,-93.172,15.994,0.2545,-0.7054,-0.6615,0.762,-0.6053,-0.23,-0.3755,-0.7025,0.6046,25.5,0.7731,1.079,0.909,0.24482,243.5,516.0,224.0,500.7,262.9,531.2,674,0.078,7
736,48.543,-94.48,14.769,0.2616,-0.7049,-0.6593,0.7518,-0.6173,-0.2319,-0.3928,-0.7017,0.5944,25.5,0.7847,1.152,0.909,0.23012,243.9,517.3,224.7,501.7,263.0,532.8,675,0.38,7
737,49.035,-95.786,13.548,0.2691,-0.7036,-0.6576,0.7415,-0.6293,-0.2329,-0.4124,-0.7012,0.5815,25.5,0.7955,1.345,0.908,0.24092,244.4,518.5,225.5,502.6,263.2,534.3,676,0.813,7
738,49.541,-97.09,12.329,0.2771,-0.7017,-0.6564,0.731,-0.6413,-0.233,-0.4345,-0.7008,0.5657,25.5,0.8055,1.557,0.914,0.2567,244.9,519.8,226.2,503.6,263.4,535.8,676,1.042,7
739,50.063,-98.389,11.112,0.2856,-0.6989,-0.6557,0.7205,-0.6535,-0.232,-0.4592,-0.7004,0.5465,25.5,0.8146,1.793,0.924,0.27726,245.4,521.0,227.0,504.5,263.6,537.4,677,0.64,7
740,50.602,-99.682,9.896,0.2949,-0.6953,-0.6554,0.71,-0.6657,-0.2299,-0.4866,-0.6996,0.5232,25.5,0.8229,2.061,0.93,0.30817,245.9,522.2,227.8,505.4,263.9,538.9,678,0.271,7
741,51.158,-100.968,8.681,0.305,-0.6908,-0.6556,0.6993,-0.678,-0.2265,-0.5166,-0.6983,0.4955,25.5,0.8301,2.341,0.954,0.34165,246.4,523.5,228.6,506.4,264.1,540.4,679,0.062,7
742,51.733,-102.247,7.468,0.3156,-0.689,-0.6525,0.6886,-0.6904,-0.2218,-0.545,-0.6945,0.4697,25.5,0.8377,2.209,0.976,0.34564,246.9,524.7,229.4,507.3,264.4,542.0,680,0.366,7
743,52.328,-103.523,6.259,0.3258,-0.6858,-0.6508,0.6778,-0.7028,-0.2159,-0.5756,-0.6899,0.439,25.5,0.8433,2.498,1.001,0.33436,247.5,525.9,230.3,508.2,264.6,543.5,681,0.65,7
744,52.941,-104.791,5.052,0.3353,-0.6813,-0.6507,0.6671,-0.7152,-0.2086,-0.6075,-0.6842,0.4035,25.5,0.8467,2.754,1.027,0.32471,248.1,527.1,231.1,509.1,264.9,545.0,682,0.922,7
745,53.572,-106.049,3.844,0.3442,-0.6754,-0.6522,0.6563,-0.7275,-0.2,-0.6398,-0.6771,0.3636,25.5,0.8477,2.97,1.059,0.33309,248.7,528.3,232.0,509.9,265.3,546.5,682,0.933,7
746,54.218,-107.296,2.632,0.3524,-0.6681,-0.6554,0.6456,-0.7397,-0.1901,-0.6715,-0.6683,0.3202,25.5,0.8463,3.121,1.089,0.35323,249.3,529.5,232.9,510.8,265.6,548.0,683,0.665,7
747,54.879,-108.527,1.412,0.36,-0.6593,-0.6601,0.6349,-0.7516,-0.1788,-0.7015,-0.6578,0.2744,25.5,0.8421,3.194,1.122,0.38741,249.9,530.6,233.8,511.7,265.9,549.5,684,0.391,7
748,55.554,-109.742,0.184,0.3687,-0.6509,-0.6636,0.6242,-0.7633,-0.1662,-0.7287,-0.6456,0.2284,25.5,0.8373,3.141,1.16,0.38891,250.6,531.8,234.7,512.5,266.3,550.9,685,0.103,7
749,56.247,-110.942,-1.049,0.3778,-0.6433,-0.6659,0.6137,-0.7747,-0.1525,-0.7526,-0.6323,0.1838,25.5,0.8318,2.998,1.185,0.37306,251.2,532.9,235.7,513.3,266.7,552.3,686,0.208,7
750,56.956,-112.129,-2.285,0.3873,-0.6365,-0.6669,0.6031,-0.7857,-0.1376,-0.7733,-0.6182,0.141,25.5,0.8254,2.842,1.223,0.36222,251.9,534.0,236.6,514.2,267.1,553.7,687,0.548,7
751,57.684,-113.304,-3.522,0.3972,-0.6307,-0.6667,0.5924,-0.7963,-0.1218,-0.7909,-0.6037,0.0999,25.5,0.8187,2.693,1.251,0.35448,252.6,535.1,237.6,515.0,267.5,555.1,688,0.928,7
752,58.43,-114.469,-4.758,0.4074,-0.6259,-0.6651,0.5818,-0.8065,-0.1052,-0.8057,-0.5892,0.0609,25.5,0.8118,2.531,1.271,0.35171,253.3,536.2,238.5,515.8,268.0,556.5,688,0.927,7
753,59.194,-115.623,-5.992,0.4166,-0.6179,-0.6668,0.5711,-0.8162,-0.0878,-0.8181,-0.5747,0.0214,25.5,0.8008,2.514,1.296,0.38024,254.0,537.2,239.5,516.6,268.4,557.8,689,0.502,7
754,59.976,-116.762,-7.23,0.4265,-0.6104,-0.6674,0.5602,-0.8254,-0.0698,-0.8279,-0.5606,-0.0163,25.5,0.7893,2.374,1.316,0.38412,254.7,538.3,240.6,517.4,268.9,559.1,690,0.027,7
755,60.777,-117.889,-8.466,0.4374,-0.605,-0.6653,0.5493,-0.8341,-0.0513,-0.8355,-0.547,-0.0518,25.5,0.779,2.221,1.327,0.38133,255.5,539.3,241.6,518.2,269.4,560.4,691,0.512,7
756,61.599,-119.008,-9.696,0.4493,-0.6017,-0.6604,0.5382,-0.8422,-0.0326,-0.8411,-0.5341,-0.0855,25.5,0.7701,2.092,1.33,0.41038,256.3,540.4,242.6,519.1,269.9,561.7,692,1.116,7
757,62.444,-120.122,-10.914,0.4621,-0.6005,-0.6526,0.5269,-0.8498,-0.0136,-0.8448,-0.5219,-0.1179,25.5,0.7627,1.995,1.339,0.46449,257.1,541.4,243.7,519.9,270.4,562.9,692,0.739,7
758,63.313,-121.233,-12.119,0.4745,-0.596,-0.6478,0.5155,-0.8569,0.0055,-0.8467,-0.5103,-0.1506,25.5,0.7518,1.991,1.338,0.43363,257.9,542.4,244.8,520.7,271.0,564.1,693,0.061,7
759,64.204,-122.334,-13.317,0.4864,-0.5915,-0.6431,0.5039,-0.8634,0.0245,-0.8471,-0.4995,-0.1813,25.5,0.74,1.865,1.329,0.41896,258.7,543.4,246.0,521.5,271.5,565.3,694,0.701,7
760,65.117,-123.429,-14.504,0.4984,-0.5892,-0.636,0.4921,-0.8695,0.0434,-0.8464,-0.4895,-0.2097,25.5,0.73,1.726,1.324,0.43651,259.6,544.4,247.1,522.4,272.1,566.5,694,1.154,7
761,66.053,-124.521,-15.675,0.5105,-0.5892,-0.6263,0.4801,-0.875,0.0623,-0.8446,-0.4802,-0.2367,25.5,0.7216,1.64,1.321,0.47904,260.5,545.4,248.3,523.2,272.7,567.7,695,0.303,7
762,67.011,-125.616,-16.825,0.5229,-0.5914,-0.6138,0.4678,-0.8801,0.081,-0.8418,-0.4716,-0.2627,25.5,0.7154,1.577,1.315,0.54811,261.4,546.5,249.5,524.1,273.3,568.9,696,0.635,7
763,67.993,-126.712,-17.954,0.5354,-0.5898,-0.6045,0.4554,-0.8847,0.0995,-0.8375,-0.4636,-0.2894,25.5,0.7055,1.616,1.303,0.48383,262.3,547.5,250.7,525.0,273.9,570.0,696,1.22,7
764,68.998,-127.805,-19.067,0.5479,-0.5889,-0.5942,0.4426,-0.8889,0.1178,-0.8322,-0.4562,-0.3152,25.5,0.696,1.568,1.302,0.50109,263.3,548.5,252.0,525.9,274.6,571.1,697,0.211,7
765,70.025,-128.898,-20.157,0.5605,-0.5902,-0.581,0.4296,-0.8927,0.1359,-0.826,-0.4493,-0.3404,25.5,0.6887,1.539,1.295,0.56509,264.2,549.5,253.3,526.8,275.2,572.3,698,0.857,7
766,71.077,-129.996,-21.22,0.5734,-0.5939,-0.5643,0.4163,-0.8961,0.1537,-0.8186,-0.443,-0.3656,25.5,0.6842,1.548,1.288,0.66178,265.2,550.5,254.6,527.7,275.9,573.4,698,0.998,7
767,72.153,-131.103,-22.248,0.5867,-0.5991,-0.5448,0.4026,-0.8992,0.1713,-0.8098,-0.4372,-0.3914,25.5,0.6816,1.597,1.29,0.74669,266.3,551.5,256.0,528.6,276.6,574.5,699,0.117,7
768,73.254,-132.216,-23.243,0.6002,-0.6009,-0.5279,0.3887,-0.9019,0.1886,-0.7995,-0.4318,-0.4175,25.5,0.6757,1.637,1.281,0.67047,267.3,552.5,257.4,529.5,277.3,575.6,700,1.265,7
769,74.38,-133.333,-24.205,0.6138,-0.604,-0.5084,0.3743,-0.9042,0.2056,-0.7878,-0.427,-0.4438,25.5,0.6714,1.672,1.283,0.74062,268.4,553.6,258.8,530.5,278.0,576.8,700,0.59,7
770,75.531,-134.457,-25.127,0.6273,-0.6085,-0.4859,0.3596,-0.9062,0.2223,-0.7745,-0.4227,-0.4705,25.5,0.669,1.727,1.28,0.82242,269.5,554.6,260.2,531.5,278.8,577.9,701,0.584,7
771,76.707,-135.591,-26.005,0.6409,-0.6143,-0.4603,0.3446,-0.908,0.2385,-0.7593,-0.419,-0.498,25.5,0.6689,1.813,1.269,0.91328,270.6,555.7,261.7,532.5,279.6,579.0,701,1.272,7
772,77.908,-136.734,-26.837,0.6543,-0.6181,-0.4357,0.3291,-0.9094,0.2544,-0.7425,-0.4157,-0.5253,25.5,0.6666,1.846,1.275,0.87328,271.8,556.7,263.3,533.5,280.3,580.1,702,0.084,7
773,79.134,-137.884,-27.62,0.6681,-0.6219,-0.4086,0.3134,-0.9105,0.2699,-0.7231,-0.413,-0.5537,25.5,0.6653,1.977,1.266,0.94681,272.9,557.8,264.8,534.5,281.1,581.3,703,1.121,7
774,80.386,-139.041,-28.351,0.6819,-0.6256,-0.379,0.2973,-0.9113,0.2848,-0.701,-0.4108,-0.583,25.5,0.6649,2.107,1.258,1.0153,274.1,558.9,266.4,535.6,281.9,582.4,703,0.735,7
775,81.664,-140.205,-29.025,0.6951,-0.6291,-0.3479,0.2808,-0.9119,0.2993,-0.6767,-0.4092,-0.6121,25.5,0.6647,2.174,1.259,1.04933,275.4,560.0,268.0,536.6,282.8,583.5,704,0.475,7
776,82.965,-141.374,-29.642,0.7076,-0.6317,-0.3166,0.264,-0.9123,0.3132,-0.6508,-0.4082,-0.6402,25.5,0.6639,2.19,1.25,1.0443,276.6,561.1,269.7,537.7,283.6,584.7,704,1.381,7
777,84.289,-142.547,-30.199,0.7202,-0.633,-0.284,0.247,-0.9124,0.3265,-0.622,-0.4076,-0.6686,25.5,0.6627,2.318,1.237,1.08046,277.9,562.2,271.4,538.8,284.5,585.8,705,0.167,7
778,85.636,-143.721,-30.694,0.7329,-0.6327,-0.2502,0.2296,-0.9122,0.3393,-0.5899,-0.4077,-0.697,25.5,0.6605,2.456,1.238,1.11547,279.2,563.3,273.1,539.9,285.4,587.0,706,1.05,7
779,87.006,-144.894,-31.127,0.7441,-0.6322,-0.216,0.212,-0.9119,0.3514,-0.5568,-0.4082,-0.7234,25.5,0.6583,2.426,1.224,1.11187,280.5,564.4,274.8,541.0,286.3,588.1,706,0.805,7
780,88.397,-146.066,-31.495,0.7548,-0.6305,-0.1811,0.1942,-0.9114,0.3629,-0.5215,-0.4092,-0.7487,25.5,0.6555,2.489,1.215,1.12886,281.9,565.6,276.6,542.1,287.2,589.2,707,0.414,7
781,89.807,-147.232,-31.797,0.7655,-0.627,-0.1445,0.1762,-0.9107,0.3737,-0.4825,-0.4108,-0.7736,25.5,0.6519,2.653,1.203,1.18298,283.2,566.7,278.4,543.2,288.1,590.4,707,1.441,7
782,91.236,-148.39,-32.03,0.7757,-0.6221,-0.1064,0.1581,-0.9098,0.3838,-0.4404,-0.4128,-0.7973,25.5,0.6478,2.771,1.189,1.22786,284.6,567.8,280.2,544.3,289.1,591.5,708,0.22,7
783,92.683,-149.54,-32.192,0.7841,-0.6168,-0.0684,0.1399,-0.9088,0.3931,-0.398,-0.4151,-0.8181,25.5,0.6434,2.709,1.172,1.21342,286.1,568.9,282.1,545.5,290.1,592.6,709,1.005,7
784,94.145,-150.677,-32.283,0.7922,-0.6095,-0.0293,0.1216,-0.9077,0.4017,-0.3524,-0.4178,-0.8374,25.5,0.6378,2.842,1.16,1.25408,287.5,570.0,283.9,546.6,291.1,593.7,709,0.85,7
785,95.622,-151.8,-32.3,0.7999,-0.6,0.0116,0.1032,-0.9064,0.4095,-0.3033,-0.4208,-0.855,25.5,0.6311,2.994,1.147,1.31887,288.9,571.1,285.8,547.7,292.1,594.8,710,0.382,7
786,97.11,-152.904,-32.24,0.8049,-0.5911,0.0532,0.0849,-0.9051,0.4165,-0.2539,-0.4239,-0.8694,25.5,0.6255,2.954,1.125,1.32335,290.4,572.2,287.7,548.8,293.1,595.9,710,1.473,7
787,98.608,-153.99,-32.103,0.8098,-0.5791,0.0938,0.0667,-0.9038,0.4227,-0.2033,-0.4271,-0.8811,25.5,0.6171,2.982,1.104,1.31664,291.9,573.3,289.7,549.9,294.1,597.0,711,0.23,7
788,100.115,-155.051,-31.893,0.8151,-0.5639,0.1327,0.0486,-0.9024,0.4281,-0.1528,-0.4303,-0.8897,25.5,0.6053,2.941,1.085,1.30065,293.4,574.4,291.6,551.0,295.2,598.0,712,1.031,7
789,101.63,-156.082,-31.611,0.8176,-0.5496,0.1718,0.0306,-0.901,0.4327,-0.1033,-0.4334,-0.8953,25.5,0.5945,2.86,1.068,1.28856,294.9,575.4,293.5,552.0,296.3,599.0,712,0.824,7
790,103.148,-157.088,-31.257,0.8195,-0.5336,0.209,0.0128,-0.8996,0.4365,-0.0553,-0.4365,-0.898,25.5,0.5817,2.76,1.046,1.2524,296.4,576.4,295.5,553.1,297.3,600.0,713,0.455,7
791,104.671,-158.059,-30.837,0.8231,-0.5133,0.2431,-0.0048,-0.8982,0.4396,-0.0088,-0.4395,-0.8982,25.5,0.564,2.67,1.027,1.23095,297.9,577.4,297.4,554.1,298.4,601.0,713,1.4,7
792,106.202,-158.989,-30.357,0.8269,-0.4904,0.2754,-0.0221,-0.8967,0.442,0.036,-0.4425,-0.896,25.5,0.5432,2.576,1.004,1.22889,299.4,578.4,299.4,555.0,299.5,601.9,714,0.105,7
793,107.735,-159.882,-29.815,0.8267,-0.4708,0.308,-0.0392,-0.8953,0.4437,0.0786,-0.4455,-0.8918,25.5,0.5258,2.459,0.988,1.1751,301.0,579.3,301.3,556.0,300.6,602.9,715,1.205,7
794,109.27,-160.733,-29.216,0.8285,-0.4465,0.3379,-0.0561,-0.8939,0.4448,0.1197,-0.4483,-0.8858,25.5,0.5029,2.385,0.974,1.1916,302.5,580.2,303.3,556.9,301.8,603.7,715,0.65,7
795,110.81,-161.535,-28.563,0.8321,-0.4169,0.3659,-0.0726,-0.8924,0.4453,0.16,-0.4511,-0.878,25.5,0.4746,2.358,0.95,1.26368,304.1,581.0,305.2,557.8,302.9,604.5,716,0.672,7
796,112.355,-162.28,-27.858,0.8327,-0.3879,0.3951,-0.0889,-0.891,0.4452,0.2006,-0.4538,-0.8682,25.5,0.4475,2.398,0.937,1.27156,305.6,581.8,307.2,558.6,304.1,605.3,716,1.183,7
797,113.899,-162.973,-27.099,0.8324,-0.359,0.4222,-0.1048,-0.8896,0.4445,0.238,-0.4564,-0.8573,25.5,0.4198,2.237,0.915,1.22393,307.2,582.6,309.1,559.4,305.3,606.0,717,0.148,7
798,115.444,-163.609,-26.294,0.8336,-0.3265,0.4456,-0.1204,-0.8882,0.4433,0.2723,-0.459,-0.8457,25.5,0.3872,2.08,0.9,1.23774,308.8,583.3,311.1,560.1,306.4,606.7,718,1.486,7
799,116.992,-164.181,-25.448,0.8358,-0.29,0.4663,-0.1357,-0.8869,0.4416,0.3047,-0.4615,-0.8332,25.5,0.3497,1.995,0.885,1.2981,310.4,583.9,313.0,560.7,307.6,607.3,718,0.369,7
800,118.54,-164.688,-24.56,0.8332,-0.2562,0.4901,-0.1506,-0.8856,0.4394,0.3389,-0.4638,-0.8186,25.5,0.3168,2.135,0.866,1.27963,311.9,584.5,315.0,561.3,308.9,607.9,719,0.978,7
801,120.084,-165.13,-23.632,0.8318,-0.2194,0.5098,-0.1652,-0.8843,0.4367,0.3697,-0.4661,-0.8038,25.5,0.2792,1.962,0.854,1.2903,313.5,585.0,316.9,561.9,310.1,608.4,719,0.877,7
802,121.627,-165.501,-22.672,0.8317,-0.1799,0.5252,-0.1794,-0.883,0.4337,0.3971,-0.4683,-0.7893,25.5,0.2374,1.781,0.835,1.30982,315.1,585.4,318.9,562.4,311.3,608.8,720,0.478,7
803,123.168,-165.797,-21.684,0.8293,-0.1404,0.5409,-0.1933,-0.8818,0.4302,0.4249,-0.4704,-0.7734,25.5,0.1962,1.839,0.824,1.31533,316.7,585.8,320.8,562.8,312.5,609.2,720,1.377,7
804,124.702,-166.022,-20.666,0.8253,-0.1021,0.5555,-0.2068,-0.8806,0.4264,0.4511,-0.4725,-0.7571,25.5,0.1561,1.772,0.806,1.27224,318.3,586.1,322.7,563.1,313.8,609.5,721,0.018,7
805,126.231,-166.175,-19.627,0.8229,-0.063,0.5647,-0.22,-0.8794,0.4222,0.473,-0.4747,-0.7423,25.5,0.1128,1.52,0.797,1.24311,319.9,586.4,324.7,563.4,315.0,609.7,722,1.362,7
806,127.756,-166.255,-18.575,0.8221,-0.0227,0.5689,-0.2328,-0.8782,0.4178,0.4912,-0.4769,-0.7289,25.5,0.0662,1.301,0.779,1.25198,321.5,586.6,326.6,563.6,316.3,609.8,722,0.494,7
807,129.276,-166.261,-17.512,0.8164,0.0157,0.5773,-0.2453,-0.877,0.4131,0.5129,-0.479,-0.7124,25.5,0.0245,1.567,0.768,1.2271,323.0,586.7,328.5,563.7,317.5,609.9,723,0.885,7
808,130.786,-166.197,-16.436,0.8119,0.0537,0.5813,-0.2575,-0.8758,0.4082,0.5311,-0.4812,-0.6974,25.5,0.0188,1.357,0.756,1.18857,324.6,586.7,330.3,563.7,318.8,609.9,723,0.971,7
809,132.289,-166.061,-15.358,0.8091,0.0928,0.5803,-0.2695,-0.8746,0.4031,0.5461,-0.4835,-0.6841,25.5,0.0653,1.156,0.75,1.21142,326.2,586.7,332.2,563.7,320.1,609.8,724,0.409,7
810,133.788,-165.852,-14.287,0.8065,0.1335,0.576,-0.2811,-0.8733,0.3978,0.5598,-0.4859,-0.6712,25.5,0.1142,1.087,0.735,1.26692,327.7,586.5,334.1,563.7,321.3,609.7,724,1.447,7
811,135.277,-165.568,-13.218,0.7996,0.1727,0.5751,-0.2925,-0.8721,0.3924,0.5766,-0.4882,-0.6551,25.5,0.1588,1.34,0.726,1.22994,329.3,586.4,335.9,563.5,322.6,609.5,725,0.076,7
812,136.755,-165.211,-12.156,0.7943,0.2119,0.5694,-0.3036,-0.8707,0.3868,0.5903,-0.4906,-0.641,25.5,0.2054,1.135,0.717,1.23472,330.8,586.1,337.8,563.3,323.8,609.2,726,1.303,7
813,138.225,-164.781,-11.109,0.7903,0.2523,0.5584,-0.3145,-0.8693,0.3812,0.6015,-0.4932,-0.6285,25.5,0.255,0.973,0.707,1.29935,332.4,585.8,339.6,563.0,325.1,608.8,726,0.554,7
814,139.687,-164.274,-10.086,0.7847,0.2939,0.5458,-0.3252,-0.8679,0.3755,0.6134,-0.4958,-0.6148,25.5,0.3053,1.05,0.699,1.35401,333.9,585.4,341.4,562.6,326.4,608.4,727,0.813,7
815,141.134,-163.691,-9.084,0.7765,0.3348,0.5338,-0.3356,-0.8664,0.3698,0.6267,-0.4984,-0.5991,25.5,0.3533,1.188,0.685,1.34097,335.4,584.9,343.2,562.2,327.6,607.8,727,1.043,7
816,142.568,-163.033,-8.108,0.7688,0.375,0.518,-0.3458,-0.8648,0.364,0.6382,-0.5012,-0.5844,25.5,0.4016,1.081,0.679,1.35553,336.9,584.3,344.9,561.6,328.8,607.2,728,0.318,7
817,143.987,-162.301,-7.165,0.7615,0.4142,0.4986,-0.3559,-0.8632,0.3582,0.648,-0.5041,-0.5709,25.5,0.45,0.97,0.674,1.3699,338.4,583.7,346.7,561.0,330.1,606.5,728,1.539,7
818,145.39,-161.496,-6.258,0.7511,0.4531,0.4801,-0.3657,-0.8614,0.3524,0.6601,-0.507,-0.5542,25.5,0.4958,1.193,0.661,1.36907,339.9,582.9,348.4,560.4,331.3,605.7,729,0.186,7
819,146.773,-160.621,-5.385,0.7401,0.4901,0.4604,-0.3754,-0.8596,0.3467,0.6719,-0.51,-0.5371,25.5,0.5395,1.203,0.653,1.33892,341.3,582.1,350.1,559.6,332.5,604.9,730,1.167,7
820,148.136,-159.679,-4.551,0.7289,0.5255,0.4388,-0.3849,-0.8577,0.341,0.6829,-0.5131,-0.52,25.5,0.5816,1.178,0.644,1.32705,342.8,581.3,351.8,558.8,333.6,604.0,730,0.689,7
821,149.477,-158.672,-3.758,0.7168,0.5597,0.4159,-0.3942,-0.8557,0.3353,0.6942,-0.5163,-0.5015,25.5,0.622,1.256,0.635,1.32548,344.2,580.3,353.4,557.9,334.8,603.0,731,0.657,7
822,150.793,-157.604,-3.007,0.7028,0.5926,0.3936,-0.4034,-0.8535,0.3297,0.7069,-0.5195,-0.48,25.5,0.6595,1.442,0.63,1.30179,345.5,579.3,355.1,557.0,335.9,601.9,731,1.199,7
823,152.084,-156.475,-2.299,0.6887,0.6238,0.3697,-0.4125,-0.8513,0.3242,0.7192,-0.5228,-0.4577,25.5,0.6953,1.471,0.622,1.28992,346.9,578.3,356.7,556.0,337.0,600.8,732,0.14,7
824,153.348,-155.29,-1.637,0.674,0.6541,0.3433,-0.4215,-0.849,0.3187,0.7315,-0.526,-0.4338,25.5,0.73,1.551,0.619,1.32192,348.2,577.1,358.2,554.9,338.1,599.6,733,1.465,7
825,154.583,-154.049,-1.026,0.6575,0.6837,0.3167,-0.4303,-0.8465,0.3133,0.7454,-0.5291,-0.4055,25.5,0.7625,1.815,0.609,1.33102,349.5,576.0,359.7,553.8,339.2,598.3,733,0.391,7
826,155.787,-152.755,-0.463,0.64,0.7116,0.2898,-0.4391,-0.8439,0.3081,0.7602,-0.5318,-0.3732,25.5,0.7923,2.042,0.604,1.31376,350.7,574.7,361.2,552.6,340.2,597.0,734,0.923,7
827,156.957,-151.41,0.048,0.6219,0.7384,0.2605,-0.4478,-0.8412,0.303,0.7753,-0.5341,-0.337,25.5,0.8207,2.251,0.598,1.34818,352.0,573.4,362.7,551.4,341.2,595.6,734,0.932,7
828,158.093,-150.016,0.501,0.6026,0.7648,0.228,-0.4564,-0.8384,0.2981,0.7913,-0.5356,-0.2949,25.5,0.8483,2.582,0.589,1.42448,353.1,572.1,364.1,550.1,342.1,594.2,735,0.366,7
829,159.191,-148.574,0.894,0.5813,0.7898,0.1956,-0.465,-0.8353,0.2933,0.8091,-0.5354,-0.2423,25.5,0.8727,3.182,0.592,1.42539,354.3,570.6,365.4,548.8,343.0,592.7,735,1.489,7
830,160.249,-147.087,1.227,0.5589,0.8131,0.1628,-0.4735,-0.8321,0.2887,0.8272,-0.5327,-0.1789,25.5,0.8942,3.782,0.583,1.42274,355.4,569.2,366.7,547.4,343.9,591.1,736,0.207,7
831,161.264,-145.558,1.498,0.5356,0.8345,0.1294,-0.4819,-0.8288,0.2844,0.8443,-0.526,-0.1021,25.5,0.9129,4.526,0.573,1.42126,356.4,567.7,368.0,546.0,344.7,589.5,737,1.057,7
832,162.235,-143.992,1.706,0.5112,0.8542,0.0953,-0.4903,-0.8253,0.2802,0.8584,-0.5128,-0.0083,25.5,0.9289,5.489,0.574,1.43132,357.4,566.1,369.2,544.6,345.5,587.9,737,0.798,7
833,163.16,-142.391,1.852,0.486,0.8718,0.0615,-0.4987,-0.8216,0.2762,0.8654,-0.4899,0.1052,25.5,0.9417,6.65,0.574,1.41143,358.3,564.5,370.4,543.1,346.2,586.2,738,0.451,7
834,164.038,-140.759,1.936,0.4603,0.8873,0.0293,-0.507,-0.8178,0.2724,0.8591,-0.4535,0.2372,25.5,0.951,7.86,0.567,1.35988,359.2,562.9,371.5,541.6,346.9,584.4,738,1.404,7
835,164.867,-139.101,1.961,0.4338,0.901,-0.0018,-0.5152,-0.8138,0.2688,0.8321,-0.3999,0.3842,25.5,0.9572,9.107,0.562,1.3314,360.0,561.3,372.5,540.0,347.5,582.6,739,0.171,7
836,165.647,-137.418,1.929,0.4068,0.9129,-0.0334,-0.5234,-0.8098,0.2653,0.7779,-0.327,0.5366,25.5,0.961,10.179,0.56,1.33572,360.8,559.6,373.5,538.5,348.0,580.8,740,1.049,7
837,166.376,-135.715,1.838,0.3795,0.923,-0.0641,-0.5315,-0.8055,0.2619,0.696,-0.2391,0.677,25.5,0.962,10.603,0.56,1.307,361.5,557.9,374.4,536.9,348.5,579.0,740,0.807,7
838,167.054,-133.995,1.692,0.3511,0.9316,-0.094,-0.5396,-0.8012,0.2587,0.593,-0.1435,0.7923,25.5,0.9602,10.43,0.557,1.30134,362.2,556.1,375.3,535.3,349.0,577.1,741,0.394,7
839,167.677,-132.26,1.49,0.321,0.939,-0.1238,-0.5476,-0.7968,0.2555,0.4792,-0.0483,0.8764,25.5,0.9556,9.783,0.554,1.32838,362.8,554.4,376.1,533.6,349.4,575.3,741,1.462,7
840,168.246,-130.513,1.232,0.2917,0.944,-0.1539,-0.5555,-0.7922,0.2525,0.3687,0.0375,0.9288,25.5,0.9487,8.567,0.551,1.30693,363.4,552.6,376.9,532.0,349.7,573.4,742,0.282,7
841,168.759,-128.759,0.919,0.2609,0.9478,-0.1832,-0.5633,-0.7876,0.2496,0.269,0.1109,0.9568,25.5,0.9392,7.277,0.545,1.31859,363.8,550.8,377.6,530.3,350.0,571.4,743,0.876,7
842,169.212,-126.998,0.553,0.2278,0.9504,-0.2119,-0.571,-0.7829,0.2468,0.1823,0.1722,0.968,25.5,0.9264,6.12,0.541,1.3558,364.3,549.0,378.2,528.7,350.2,569.5,743,0.98,7
843,169.602,-125.234,0.133,0.1935,0.9509,-0.2416,-0.5786,-0.7782,0.2441,0.1067,0.2244,0.9686,25.5,0.9109,5.266,0.535,1.40188,364.6,547.2,378.7,527.0,350.4,567.6,744,0.153,7
844,169.931,-123.472,-0.344,0.1603,0.949,-0.2716,-0.5861,-0.7734,0.2414,0.0423,0.2683,0.9624,25.5,0.8935,4.481,0.533,1.38367,364.9,545.4,379.2,525.4,350.5,565.7,745,1.255,7
845,170.195,-121.714,-0.872,0.1241,0.9466,-0.2975,-0.5935,-0.7686,0.2388,-0.0053,0.3004,0.9538,25.5,0.8723,3.327,0.527,1.37714,365.1,543.7,379.6,523.7,350.5,563.7,745,0.601,7
846,170.39,-119.961,-1.445,0.0853,0.9439,-0.319,-0.6007,-0.7638,0.2363,-0.0388,0.323,0.9456,25.5,0.8476,2.363,0.516,1.37301,365.3,541.9,379.9,522.1,350.5,561.8,746,0.477,7
847,170.512,-118.214,-2.057,0.0479,0.9383,-0.3425,-0.6077,-0.759,0.2338,-0.0711,0.3452,0.9358,25.5,0.8214,2.315,0.507,1.37555,365.3,540.1,380.2,520.4,350.4,559.9,746,1.378,7
848,170.568,-116.48,-2.713,0.0121,0.9314,-0.3639,-0.6146,-0.7541,0.2315,-0.0968,0.3633,0.9266,25.5,0.794,1.877,0.502,1.30601,365.3,538.3,380.4,518.8,350.2,558.0,747,0.322,7
849,170.556,-114.758,-3.402,-0.0248,0.9253,-0.3785,-0.6213,-0.7493,0.2292,-0.1109,0.3737,0.9209,25.5,0.7647,1.056,0.49,1.24031,365.2,536.5,380.4,517.2,349.9,556.0,748,0.715,7
850,170.475,-113.047,-4.113,-0.0636,0.92,-0.3868,-0.6278,-0.7445,0.2271,-0.1162,0.3781,0.9184,25.5,0.7329,0.42,0.478,1.23666,365.1,534.8,380.5,515.5,349.6,554.2,748,1.141,7
851,170.322,-111.348,-4.84,-0.1001,0.9112,-0.3995,-0.6342,-0.7398,0.225,-0.1269,0.3866,0.9135,25.5,0.7005,0.832,0.471,1.22454,364.9,533.0,380.4,513.9,349.2,552.3,749,0.127,7
852,170.103,-109.666,-5.592,-0.136,0.9019,-0.4099,-0.6403,-0.735,0.223,-0.1345,0.3931,0.9096,25.5,0.6672,0.615,0.459,1.18986,364.6,531.3,380.3,512.4,348.8,550.4,750,0.871,7
853,169.816,-108.001,-6.357,-0.174,0.8937,-0.4135,-0.6464,-0.7303,0.221,-0.1347,0.3944,0.909,25.5,0.6316,0.083,0.456,1.20615,364.2,529.6,380.1,510.8,348.3,548.6,750,0.985,7
854,169.456,-106.35,-7.122,-0.2151,0.8862,-0.4104,-0.6522,-0.7257,0.2192,-0.1286,0.3909,0.9114,25.5,0.5928,0.426,0.436,1.29429,363.8,527.9,379.8,509.2,347.7,546.7,751,0.019,7
855,169.018,-104.717,-7.883,-0.2561,0.8741,-0.4127,-0.6578,-0.7211,0.2175,-0.1289,0.3923,0.9108,25.5,0.5516,0.089,0.426,1.3226,363.3,526.3,379.4,507.7,347.0,544.9,752,0.938,7
856,168.506,-103.107,-8.65,-0.2955,0.8617,-0.4126,-0.6632,-0.7166,0.2159,-0.1275,0.3924,0.9109,25.5,0.5106,0.081,0.413,1.27603,362.7,524.6,379.0,506.2,346.3,543.2,752,0.917,7
857,167.922,-101.519,-9.408,-0.3344,0.8516,-0.4036,-0.6685,-0.7122,0.2143,-0.1188,0.3867,0.9145,25.5,0.4695,0.631,0.405,1.27236,362.0,523.0,378.5,504.7,345.5,541.4,753,0.017,7
858,167.266,-99.946,-10.141,-0.3725,0.8439,-0.386,-0.6735,-0.7079,0.2129,-0.1035,0.3755,0.921,25.5,0.4287,1.149,0.386,1.31833,361.3,521.4,377.9,503.2,344.7,539.7,754,0.912,7
859,166.539,-98.392,-10.844,-0.412,0.8304,-0.3751,-0.6783,-0.7037,0.2116,-0.0956,0.37,0.9241,25.5,0.3843,0.579,0.373,1.33289,360.5,519.8,377.2,501.7,343.8,538.0,754,0.943,7
860,165.741,-96.864,-11.53,-0.4474,0.8175,-0.3627,-0.6829,-0.6995,0.2104,-0.087,0.3639,0.9274,25.5,0.3426,0.633,0.363,1.22541,359.7,518.2,376.5,500.3,342.8,536.3,755,0.054,7
861,164.882,-95.357,-12.185,-0.4781,0.8089,-0.3422,-0.6873,-0.6955,0.2094,-0.0721,0.3522,0.9332,25.5,0.3056,1.135,0.345,1.17094,358.8,516.7,375.6,498.9,341.8,534.7,756,0.832,7
862,163.97,-93.861,-12.794,-0.5047,0.8044,-0.3134,-0.6915,-0.6916,0.2084,-0.0511,0.3346,0.941,25.5,0.2726,1.632,0.333,1.21913,357.8,515.2,374.8,497.5,340.7,533.0,756,1.023,7
863,163.009,-92.374,-13.347,-0.533,0.7962,-0.2862,-0.6956,-0.6878,0.2076,-0.0325,0.3187,0.9473,25.5,0.2363,1.448,0.324,1.23885,356.8,513.7,373.9,496.1,339.6,531.4,757,0.144,7
864,161.994,-90.908,-13.857,-0.5608,0.7851,-0.2629,-0.6994,-0.6841,0.2069,-0.0178,0.306,0.9519,25.5,0.1993,1.144,0.307,1.17192,355.8,512.2,372.9,494.7,338.5,529.8,758,0.741,7
865,160.932,-89.459,-14.318,-0.5828,0.7783,-0.2336,-0.7031,-0.6805,0.2063,0.0016,0.2886,0.9575,25.5,0.1681,1.527,0.298,1.15126,354.7,510.8,371.9,493.3,337.3,528.3,758,1.115,7
866,159.835,-88.018,-14.719,-0.5996,0.7755,-0.1976,-0.7066,-0.677,0.2059,0.0262,0.2657,0.9637,25.5,0.142,1.958,0.285,1.23032,353.5,509.3,370.9,492.0,336.1,526.7,759,0.226,7
867,158.711,-86.58,-15.047,-0.6131,0.7744,-0.1562,-0.7099,-0.6736,0.2055,0.0543,0.2386,0.9696,25.5,0.1185,2.262,0.272,1.34582,352.4,507.9,369.8,490.6,334.8,525.2,760,0.677,7
868,157.557,-85.151,-15.304,-0.6308,0.7665,-0.1205,-0.7131,-0.6703,0.2054,0.0769,0.2163,0.9733,25.5,0.0887,1.832,0.263,1.25499,351.2,506.4,368.8,489.3,333.6,523.7,760,1.178,7
869,156.373,-83.735,-15.492,-0.6449,0.7598,-0.0826,-0.7161,-0.6671,0.2053,0.1011,0.1919,0.9762,25.5,0.062,1.976,0.251,1.26637,350.0,505.0,367.6,488.0,332.3,522.2,761,0.258,7
870,155.167,-82.331,-15.609,-0.6551,0.7543,-0.0435,-0.7189,-0.6641,0.2054,0.1261,0.1659,0.978,25.5,0.0389,2.069,0.235,1.25986,348.8,503.6,366.5,486.6,331.1,520.7,762,0.693,7
871,153.945,-80.936,-15.654,-0.6612,0.7502,-0.0043,-0.7216,-0.6611,0.2056,0.1514,0.1391,0.9786,25.5,0.0197,2.112,0.232,1.23212,347.6,502.2,365.4,485.3,329.8,519.2,762,1.163,7
872,152.712,-79.551,-15.628,-0.6686,0.743,0.0321,-0.7241,-0.6582,0.2059,0.1741,0.1144,0.9781,25.5,0.0017,1.922,0.22,1.16882,346.4,500.9,364.2,484.0,328.5,517.8,763,0.177,7
873,151.466,-78.18,-15.535,-0.6746,0.7351,0.0672,-0.7265,-0.6555,0.2063,0.1958,0.0903,0.9765,25.5,0.0221,1.86,0.208,1.12683,345.2,499.5,363.0,482.8,327.2,516.4,764,0.857,7
874,150.21,-76.824,-15.379,-0.6792,0.7269,0.1011,-0.7287,-0.6529,0.2068,0.2165,0.0669,0.974,25.5,0.0412,1.796,0.197,1.08682,343.9,498.2,361.9,481.5,325.9,515.0,764,0.998,7
875,148.947,-75.484,-15.161,-0.6825,0.7186,0.1333,-0.7308,-0.6503,0.2074,0.2362,0.0442,0.9707,25.5,0.0591,1.733,0.195,1.03236,342.7,496.9,360.7,480.2,324.6,513.6,765,0.09,8
876,147.679,-74.159,-14.886,-0.6846,0.7103,0.1636,-0.7328,-0.6479,0.2081,0.2546,0.0226,0.9668,25.5,0.0755,1.641,0.183,0.97264,341.5,495.6,359.5,479.0,323.3,512.2,766,1.235,8
877,146.408,-72.849,-14.555,-0.6859,0.7017,0.1929,-0.7346,-0.6456,0.2088,0.2722,0.0016,0.9622,25.5,0.0911,1.592,0.172,0.94423,340.2,494.3,358.3,477.8,322.0,510.9,766,0.621,8
878,145.135,-71.556,-14.171,-0.6871,0.6921,0.2212,-0.7363,-0.6433,0.2096,0.2891,-0.019,0.9571,25.5,0.107,1.554,0.17,0.92388,339.0,493.0,357.2,476.6,320.7,509.5,767,0.593,8
879,143.86,-70.282,-13.736,-0.688,0.6824,0.247,-0.738,-0.6412,0.2105,0.3043,-0.0378,0.9518,25.5,0.1222,1.418,0.163,0.85208,337.8,491.7,356.0,475.4,319.5,508.2,767,1.262,8
880,142.583,-69.025,-13.257,-0.6888,0.6731,0.2692,-0.7395,-0.6391,0.2114,0.3173,-0.054,0.9468,25.5,0.1361,1.224,0.157,0.744,336.5,490.5,354.8,474.2,318.2,507.0,768,0.032,8
881,141.305,-67.784,-12.74,-0.6895,0.6647,0.2876,-0.741,-0.6371,0.2123,0.328,-0.0675,0.9423,25.5,0.1485,1.02,0.152,0.62527,335.3,489.3,353.6,473.0,316.9,505.7,769,1.384,8
882,140.027,-66.561,-12.183,-0.6874,0.6537,0.3164,-0.7423,-0.6352,0.2132,0.3449,-0.0895,0.9344,25.5,0.1625,1.653,0.142,0.95481,334.1,488.1,352.4,471.9,315.6,504.4,769,0.471,8
883,138.755,-65.358,-11.572,-0.6848,0.6438,0.3413,-0.7436,-0.6334,0.2141,0.3596,-0.1089,0.9267,25.5,0.1745,1.463,0.137,0.83183,332.9,486.9,351.2,470.7,314.4,503.2,770,0.966,8
884,137.486,-64.171,-10.922,-0.6834,0.6366,0.3572,-0.7448,-0.6316,0.2151,0.3688,-0.1211,0.9216,25.5,0.1838,0.923,0.137,0.54066,331.7,485.8,350.1,469.6,313.1,502.0,770,0.891,8
885,136.218,-62.995,-10.25,-0.6832,0.6315,0.3667,-0.746,-0.63,0.216,0.3743,-0.1283,0.9184,25.5,0.191,0.551,0.126,0.33314,330.4,484.6,348.9,468.5,311.9,500.9,771,0.61,8
886,134.95,-61.827,-9.565,-0.684,0.6279,0.3712,-0.7471,-0.6283,0.217,0.3769,-0.1315,0.9169,25.5,0.1971,0.251,0.129,0.17966,329.2,483.5,347.7,467.4,310.6,499.7,771,1.252,8
887,133.679,-60.664,-8.875,-0.686,0.6258,0.3713,-0.7481,-0.6268,0.218,0.3769,-0.131,0.917,25.5,0.2019,0.029,0.118,0.08958,328.0,482.4,346.5,466.3,309.4,498.5,772,0.301,8
888,132.404,-59.504,-8.19,-0.689,0.6249,0.3671,-0.749,-0.6253,0.2189,0.3743,-0.1268,0.9186,25.5,0.2057,0.297,0.113,0.16183,326.8,481.2,345.4,465.2,308.1,497.3,772,1.569,8
889,131.122,-58.344,-7.516,-0.6935,0.6253,0.358,-0.7499,-0.6239,0.2199,0.369,-0.1185,0.9219,25.5,0.2087,0.595,0.111,0.31367,325.6,480.1,344.2,464.1,306.9,496.2,773,0.071,8
890,129.83,-57.184,-6.866,-0.6995,0.6271,0.3428,-0.7508,-0.6225,0.2209,0.36,-0.1052,0.927,25.5,0.2105,0.965,0.111,0.50791,324.3,479.0,342.9,463.0,305.6,495.0,774,1.548,8
891,128.527,-56.019,-6.248,-0.7056,0.6277,0.3288,-0.7516,-0.6212,0.2219,0.3517,-0.0927,0.9315,25.5,0.2134,0.898,0.105,0.47227,323.1,477.8,341.7,461.9,304.3,493.8,774,0.307,8
892,127.216,-54.858,-5.635,-0.7083,0.6236,0.3307,-0.7524,-0.6199,0.2229,0.3527,-0.0932,0.9311,25.5,0.2201,0.068,0.105,0.1626,321.8,476.7,340.5,460.8,303.0,492.7,775,1.227,8
893,125.899,-53.704,-5.024,-0.7118,0.621,0.3282,-0.7531,-0.6187,0.224,0.3511,-0.09,0.932,25.5,0.2254,0.211,0.102,0.15525,320.5,475.6,339.2,459.7,301.7,491.5,775,0.636,8
894,124.574,-52.554,-4.421,-0.716,0.62,0.3208,-0.7537,-0.6175,0.225,0.3468,-0.0829,0.9343,25.5,0.229,0.494,0.096,0.26463,319.3,474.4,338.0,458.6,300.4,490.3,776,0.862,8
895,123.242,-51.403,-3.837,-0.7211,0.6206,0.3081,-0.7543,-0.6164,0.226,0.3393,-0.0713,0.938,25.5,0.231,0.819,0.092,0.4231,318.0,473.3,336.7,457.5,299.1,489.2,776,1.004,8
896,121.899,-50.25,-3.282,-0.7271,0.6228,0.2889,-0.7549,-0.6153,0.227,0.3281,-0.0545,0.9431,25.5,0.2313,1.193,0.092,0.62501,316.7,472.2,335.4,456.4,297.8,488.0,777,0.43,8
897,120.544,-49.092,-2.77,-0.7339,0.6268,0.262,-0.7554,-0.6144,0.228,0.3122,-0.0314,0.9495,25.5,0.229,1.648,0.082,0.86595,315.4,471.0,334.1,455.3,296.5,486.9,777,1.431,8
898,119.176,-47.924,-2.316,-0.7413,0.6324,0.2249,-0.7558,-0.6134,0.2291,0.2902,-0.0002,0.957,25.5,0.2239,2.229,0.088,1.18151,314.0,469.9,332.8,454.1,295.1,485.7,778,0.078,8
899,117.794,-46.748,-1.933,-0.7486,0.6353,0.1899,-0.7562,-0.6126,0.2301,0.2691,0.0294,0.9627,25.5,0.2206,2.108,0.077,1.10813,312.7,468.7,331.5,453.0,293.7,484.5,779,1.204,8
900,116.4,-45.568,-1.613,-0.7551,0.6368,0.1556,-0.7565,-0.6118,0.2311,0.2484,0.0582,0.9669,25.5,0.2176,2.046,0.075,1.07954,311.3,467.5,330.1,451.8,292.3,483.3,779,0.651,8
901,114.994,-44.386,-1.357,-0.7606,0.638,0.1201,-0.7568,-0.6111,0.2321,0.2267,0.0877,0.97,25.5,0.2136,2.106,0.072,1.11044,309.9,466.4,328.8,450.7,290.9,482.1,780,0.558,8
902,113.579,-43.201,-1.167,-0.7646,0.6389,0.0849,-0.7569,-0.6105,0.2332,0.2053,0.1166,0.9717,25.5,0.2085,2.063,0.072,1.09493,308.5,465.2,327.4,449.5,289.5,480.9,780,1.297,8
903,112.158,-42.016,-1.04,-0.767,0.6396,0.0521,-0.757,-0.61,0.2342,0.1854,0.1432,0.9722,25.5,0.2027,1.904,0.064,1.01621,307.1,464.0,326.0,448.4,288.1,479.7,781,0.159,8
904,110.734,-40.829,-0.973,-0.7687,0.6393,0.0187,-0.757,-0.6096,0.2353,0.1651,0.17,0.9715,25.5,0.1966,1.927,0.067,1.03311,305.7,462.8,324.5,447.2,286.7,478.5,782,0.91,8
905,109.307,-39.644,-0.972,-0.77,0.6378,-0.0179,-0.7569,-0.6093,0.2364,0.1425,0.1992,0.9696,25.5,0.19,2.118,0.066,1.13234,304.2,461.6,323.1,446.0,285.3,477.3,782,0.946,8
906,107.879,-38.463,-1.04,-0.77,0.6357,-0.055,-0.7567,-0.6091,0.2375,0.1195,0.2283,0.9662,25.5,0.1824,2.134,0.065,1.14796,302.8,460.4,321.7,444.8,283.8,476.1,783,0.059,8
907,106.452,-37.286,-1.177,-0.7685,0.633,-0.0931,-0.7564,-0.609,0.2387,0.0958,0.2578,0.9614,25.5,0.1736,2.186,0.071,1.18086,301.4,459.3,320.2,443.7,282.4,475.0,784,0.988,8
908,105.029,-36.116,-1.386,-0.7655,0.6296,-0.1326,-0.7559,-0.6091,0.2399,0.0712,0.2878,0.955,25.5,0.1633,2.253,0.075,1.22837,299.9,458.1,318.8,442.5,281.0,473.8,784,0.867,8
909,103.613,-34.952,-1.671,-0.7609,0.625,-0.1746,-0.7554,-0.6093,0.2412,0.0449,0.3191,0.9467,25.5,0.1519,2.39,0.081,1.31303,298.5,456.9,317.3,441.3,279.6,472.6,785,0.02,8
910,102.207,-33.798,-2.034,-0.755,0.6187,-0.2172,-0.7546,-0.6097,0.2426,0.0179,0.3505,0.9364,25.5,0.1398,2.445,0.095,1.34287,297.1,455.8,315.9,440.2,278.2,471.5,786,0.806,8
911,100.812,-32.658,-2.475,-0.7483,0.611,-0.2583,-0.7538,-0.6101,0.2441,-0.0085,0.3805,0.9248,25.5,0.1282,2.384,0.1,1.30835,295.7,454.6,314.5,439.0,276.8,470.3,786,1.05,8
912,99.431,-31.532,-2.99,-0.7413,0.6023,-0.2962,-0.7527,-0.6108,0.2456,-0.0332,0.4079,0.9124,25.5,0.1173,2.23,0.114,1.2206,294.3,453.5,313.0,437.9,275.4,469.2,787,0.308,8
913,98.063,-30.423,-3.573,-0.7324,0.594,-0.3329,-0.7516,-0.6116,0.2473,-0.057,0.4337,0.8993,25.5,0.1049,2.147,0.125,1.19455,292.9,452.4,311.6,436.7,274.0,468.1,788,0.37,8
914,96.715,-29.329,-4.224,-0.7221,0.585,-0.3691,-0.7502,-0.6125,0.2492,-0.0807,0.4588,0.8849,25.5,0.0914,2.143,0.145,1.19549,291.5,451.3,310.2,435.6,272.7,467.0,789,0.979,8
915,95.384,-28.254,-4.94,-0.7133,0.5742,-0.4019,-0.7486,-0.6136,0.2511,-0.1027,0.4816,0.8704,25.5,0.0807,1.996,0.156,1.10092,290.1,450.2,308.8,434.5,271.4,465.9,789,0.876,8
916,94.068,-27.2,-5.714,-0.7058,0.5617,-0.4316,-0.7469,-0.6148,0.2533,-0.1234,0.5025,0.8558,25.5,0.0725,1.882,0.174,1.02207,288.8,449.1,307.4,433.4,270.1,464.9,790,0.34,8
917,92.764,-26.171,-6.54,-0.6998,0.5477,-0.4586,-0.7449,-0.6163,0.2556,-0.1429,0.5216,0.8411,25.5,0.0665,1.776,0.195,0.95761,287.4,448.1,306.0,432.4,268.8,463.9,791,0.113,8
918,91.474,-25.168,-7.416,-0.6911,0.5338,-0.4872,-0.7426,-0.6179,0.2582,-0.1635,0.5412,0.8248,25.5,0.0576,1.878,0.219,1.01862,286.1,447.1,304.6,431.3,267.5,462.9,792,0.474,8
919,90.2,-24.19,-8.344,-0.6823,0.5209,-0.513,-0.7401,-0.6198,0.2611,-0.1821,0.5584,0.8093,25.5,0.0482,1.702,0.245,0.93154,284.8,446.1,303.2,430.3,266.3,462.0,793,0.732,8
920,88.942,-23.236,-9.317,-0.6743,0.5083,-0.5357,-0.7372,-0.6219,0.2644,-0.1989,0.5736,0.7946,25.5,0.0393,1.547,0.279,0.83921,283.5,445.1,301.8,429.3,265.0,461.0,794,0.874,8
921,87.698,-22.304,-10.331,-0.6668,0.4955,-0.5567,-0.7338,-0.6243,0.268,-0.2149,0.5875,0.7802,25.5,0.0308,1.468,0.315,0.79417,282.2,444.2,300.4,428.3,263.9,460.1,795,0.893,8
922,86.468,-21.398,-11.382,-0.6595,0.4818,-0.577,-0.73,-0.627,0.2721,-0.2307,0.6008,0.7654,25.5,0.0223,1.456,0.356,0.78947,280.9,443.3,299.0,427.4,262.7,459.3,796,0.794,8
923,85.252,-20.52,-12.474,-0.6513,0.4627,-0.6014,-0.7255,-0.6301,0.2767,-0.2509,0.6166,0.7462,25.5,0.0146,1.836,0.409,0.9902,279.7,442.4,297.6,426.4,261.6,458.5,797,0.58,8
924,84.053,-19.68,-13.612,-0.6415,0.4441,-0.6255,-0.7204,-0.6336,0.2821,-0.2711,0.6316,0.7264,25.5,0.0043,1.834,0.47,0.98799,278.4,441.5,296.3,425.5,260.4,457.7,798,0.255,8
925,82.873,-18.87,-14.792,-0.631,0.4305,-0.6454,-0.7141,-0.6378,0.2885,-0.2874,0.643,0.7099,25.5,0.0102,1.481,0.568,0.81215,277.2,440.7,294.9,424.6,259.4,457.0,799,0.178,8
926,81.713,-18.08,-16.004,-0.6201,0.4226,-0.661,-0.7065,-0.6426,0.2964,-0.2996,0.6511,0.6974,25.5,0.0294,1.103,0.686,0.63655,276.0,439.9,293.4,423.7,258.4,456.3,801,0.501,8
927,80.572,-17.299,-17.241,-0.6093,0.4205,-0.6723,-0.6972,-0.6483,0.3059,-0.3076,0.656,0.6892,25.5,0.0535,0.714,0.829,0.48716,274.8,439.1,292.0,422.8,257.5,455.7,802,0.238,8
928,79.464,-16.519,-18.508,-0.5841,0.4189,-0.6952,-0.686,-0.6548,0.3173,-0.3237,0.6652,0.6728,25.5,0.0942,1.418,0.989,1.05304,273.7,438.4,290.5,421.8,256.6,455.0,804,0.113,8
929,78.398,-15.748,-19.814,-0.5683,0.4115,-0.7125,-0.6731,-0.6618,0.3301,-0.3383,0.6725,0.6583,25.5,0.125,1.251,1.116,0.75906,272.5,437.6,289.1,420.9,255.8,454.4,806,0.148,8
930,77.346,-14.995,-21.144,-0.5685,0.3993,-0.7193,-0.6593,-0.6689,0.3435,-0.3473,0.6761,0.6499,25.5,0.1394,0.735,1.175,0.43149,271.4,436.8,287.6,420.0,255.1,453.8,808,0.119,8
931,76.28,-14.269,-22.476,-0.5838,0.3832,-0.7157,-0.6454,-0.6756,0.3565,-0.3502,0.6765,0.6479,25.5,0.1373,0.203,1.156,0.69509,270.3,436.1,286.1,419.1,254.4,453.3,810,0.201,8
932,75.174,-13.575,-23.794,-0.6044,0.3651,-0.7081,-0.6322,-0.6816,0.3685,-0.3509,0.6759,0.6481,25.5,0.1277,0.054,1.078,0.87906,269.2,435.4,284.6,418.3,253.6,452.7,811,0.392,8
933,74.049,-12.912,-25.112,-0.6091,0.3502,-0.7116,-0.6203,-0.6867,0.379,-0.3591,0.6782,0.6411,25.5,0.1324,0.632,0.955,0.49463,268.0,434.7,283.2,417.5,252.7,452.2,813,0.668,8
934,72.913,-12.274,-26.432,-0.617,0.3379,-0.7107,-0.6094,-0.6913,0.3883,-0.3633,0.6788,0.6382,25.5,0.1336,0.294,0.862,0.45238,266.9,434.1,281.7,416.8,251.9,451.6,814,0.46,9
935,71.758,-11.658,-27.746,-0.6281,0.3277,-0.7058,-0.5995,-0.6953,0.3965,-0.3639,0.678,0.6386,25.5,0.1312,0.062,0.771,0.48964,265.7,433.5,280.3,416.1,250.9,451.1,815,0.374,9
936,70.581,-11.058,-29.047,-0.6423,0.3191,-0.6969,-0.5902,-0.699,0.404,-0.3611,0.6761,0.6423,25.5,0.1255,0.287,0.717,0.58186,264.5,432.9,278.8,415.4,250.0,450.6,816,0.408,9
937,69.374,-10.473,-30.329,-0.6596,0.3118,-0.6839,-0.5812,-0.7024,0.4109,-0.3547,0.6731,0.649,25.5,0.1167,0.558,0.678,0.70545,263.2,432.3,277.3,414.7,249.0,450.1,817,0.56,9
938,68.135,-9.904,-31.587,-0.6744,0.3003,-0.6746,-0.5722,-0.7058,0.4176,-0.3527,0.6716,0.6516,25.5,0.1078,0.207,0.672,0.64636,262.0,431.7,275.8,414.1,247.9,449.6,818,0.827,9
939,66.873,-9.358,-32.831,-0.6866,0.2897,-0.6669,-0.5633,-0.7091,0.4241,-0.3518,0.6703,0.6534,25.5,0.1015,0.137,0.659,0.55297,260.7,431.2,274.3,413.5,246.9,449.1,818,1.028,9
940,65.588,-8.828,-34.06,-0.6983,0.282,-0.6579,-0.5543,-0.7124,0.4304,-0.3489,0.6684,0.6569,25.5,0.097,0.282,0.657,0.51425,259.4,430.7,272.8,412.9,245.8,448.7,819,0.647,9
941,64.282,-8.31,-35.271,-0.7101,0.2768,-0.6474,-0.5454,-0.7156,0.4365,-0.344,0.6659,0.662,25.5,0.0934,0.43,0.645,0.51369,258.0,430.2,271.2,412.3,244.7,448.2,820,0.168,9
942,62.954,-7.8,-36.46,-0.7223,0.2739,-0.635,-0.5364,-0.7188,0.4424,-0.3366,0.6628,0.6688,25.5,0.0904,0.603,0.643,0.54477,256.7,429.6,269.7,411.7,243.6,447.8,821,0.386,9
943,61.602,-7.292,-37.625,-0.7352,0.2735,-0.6202,-0.5273,-0.7219,0.4481,-0.3265,0.659,0.6776,25.5,0.0877,0.798,0.64,0.6066,255.3,429.1,268.1,411.2,242.5,447.3,822,0.989,9
944,60.227,-6.789,-38.763,-0.7474,0.2683,-0.6078,-0.5183,-0.725,0.4535,-0.3202,0.6562,0.6833,25.5,0.0828,0.513,0.627,0.56087,254.0,428.6,266.4,410.6,241.3,446.9,822,0.865,9
945,58.83,-6.296,-39.879,-0.7593,0.2629,-0.5953,-0.5091,-0.7282,0.4588,-0.3138,0.6535,0.6889,25.5,0.078,0.511,0.635,0.55856,252.6,428.2,264.8,410.1,240.1,446.5,823,0.239,9
946,57.41,-5.812,-40.97,-0.7719,0.2597,-0.5803,-0.4999,-0.7313,0.464,-0.3047,0.65,0.6962,25.5,0.0733,0.698,0.631,0.6132,251.1,427.7,263.2,409.5,239.0,446.1,824,0.39,9
947,55.965,-5.332,-42.03,-0.7857,0.2586,-0.562,-0.4904,-0.7346,0.469,-0.2922,0.6456,0.7056,25.5,0.0682,0.931,0.643,0.70871,249.7,427.2,261.5,409.0,237.7,445.7,825,0.994,9
948,54.494,-4.851,-43.052,-0.8014,0.2597,-0.5388,-0.4806,-0.7379,0.4739,-0.275,0.6399,0.7176,25.5,0.0618,1.245,0.656,0.86614,248.2,426.7,259.8,408.5,236.5,445.3,825,0.861,9
949,52.991,-4.367,-44.025,-0.8191,0.2607,-0.511,-0.4705,-0.7413,0.4787,-0.2544,0.6334,0.7308,25.5,0.0525,1.45,0.67,1.01857,246.7,426.3,258.0,407.9,235.3,444.9,826,0.303,9
950,51.455,-3.886,-44.947,-0.837,0.2585,-0.4823,-0.4599,-0.7449,0.4834,-0.2345,0.6269,0.743,25.5,0.0408,1.388,0.696,1.04714,245.2,425.8,256.2,407.4,234.0,444.5,827,0.187,9
951,49.886,-3.407,-45.812,-0.855,0.2584,-0.4497,-0.4489,-0.7486,0.4879,-0.2106,0.6193,0.7564,25.5,0.029,1.629,0.713,1.15045,243.6,425.3,254.4,406.8,232.7,444.1,828,0.597,9
952,48.284,-2.926,-46.614,-0.8717,0.2609,-0.4149,-0.4374,-0.7525,0.4923,-0.1838,0.6108,0.7702,25.5,0.0193,1.795,0.74,1.19499,242.1,424.9,252.5,406.3,231.4,443.7,829,0.93,9
953,46.653,-2.439,-47.35,-0.8876,0.2628,-0.3784,-0.4255,-0.7566,0.4966,-0.1558,0.6018,0.7833,25.5,0.0091,1.845,0.762,1.23124,240.5,424.4,250.6,405.7,230.1,443.3,829,0.925,9
954,44.992,-1.952,-48.016,-0.9032,0.2626,-0.3394,-0.413,-0.7608,0.5006,-0.1267,0.5923,0.7957,25.5,0.0033,1.892,0.79,1.29775,238.8,423.9,248.7,405.1,228.8,442.9,830,0.663,9
955,43.304,-1.463,-48.61,-0.9156,0.2661,-0.3013,-0.4,-0.7652,0.5044,-0.0964,0.5824,0.8072,25.5,0.0106,1.942,0.816,1.2426,237.2,423.4,246.7,404.5,227.5,442.6,831,0.47,9
956,41.597,-0.963,-49.135,-0.9247,0.2733,-0.2651,-0.3864,-0.7699,0.5079,-0.0653,0.5721,0.8176,25.5,0.0122,1.969,0.848,1.17438,235.5,422.9,244.7,404.0,226.1,442.2,832,0.343,9
957,39.874,-0.45,-49.592,-0.9331,0.2787,-0.2273,-0.3724,-0.7747,0.5111,-0.0336,0.5616,0.8267,25.5,0.0154,1.983,0.868,1.20785,233.8,422.4,242.7,403.3,224.8,441.8,833,0.277,9
958,38.137,0.071,-49.978,-0.9403,0.2834,-0.1885,-0.3578,-0.7797,0.5139,-0.0013,0.5507,0.8347,25.5,0.0186,2.006,0.899,1.2277,232.1,421.9,240.7,402.7,223.4,441.4,834,0.274,9
959,36.387,0.602,-50.291,-0.9457,0.2889,-0.1489,-0.3427,-0.7849,0.5162,0.0323,0.5393,0.8415,25.5,0.0205,2.07,0.924,1.24636,230.4,421.4,238.6,402.1,222.1,441.0,835,0.329,9
960,34.63,1.144,-50.529,-0.9486,0.2977,-0.1073,-0.3272,-0.7903,0.5181,0.0694,0.5267,0.8472,25.5,0.0195,2.269,0.947,1.31668,228.7,420.9,236.5,401.4,220.8,440.6,836,0.442,9
961,32.87,1.707,-50.688,-0.9494,0.3074,-0.0644,-0.3112,-0.7959,0.5194,0.1084,0.5132,0.8514,25.5,0.0173,2.377,0.974,1.35912,227.0,420.3,234.4,400.8,219.4,440.2,837,0.606,9
962,31.106,2.277,-50.769,-0.9522,0.3045,-0.0233,-0.2949,-0.8016,0.5201,0.1398,0.5023,0.8533,25.5,0.0246,1.908,0.99,1.27583,225.3,419.8,232.3,400.1,218.1,439.8,839,0.807,9
963,29.336,2.829,-50.776,-0.9572,0.289,0.0151,-0.2784,-0.8073,0.5203,0.1627,0.4943,0.854,25.5,0.041,1.39,1.0,1.28869,223.5,419.2,230.2,399.4,216.8,439.4,840,0.545,9
964,27.559,3.355,-50.712,-0.9584,0.2802,0.0538,-0.2621,-0.813,0.52,0.1896,0.4849,0.8538,25.5,0.0514,1.633,0.99,1.22671,221.8,418.7,228.1,398.7,215.4,439.0,841,0.268,9
965,25.78,3.865,-50.578,-0.9588,0.269,0.0915,-0.2459,-0.8186,0.5191,0.215,0.4762,0.8527,25.5,0.0631,1.54,0.983,1.21507,220.1,418.2,226.0,398.1,214.1,438.7,842,0.026,9
966,24.002,4.35,-50.374,-0.9591,0.2524,0.128,-0.2303,-0.8239,0.5178,0.2369,0.4686,0.851,25.5,0.0792,1.332,0.947,1.23876,218.3,417.8,223.9,397.5,212.8,438.3,843,0.304,9
967,22.222,4.798,-50.104,-0.9603,0.2275,0.1613,-0.2153,-0.829,0.5162,0.2525,0.4633,0.8495,25.5,0.1014,0.948,0.912,1.28517,216.6,417.3,221.8,396.9,211.4,438.0,844,0.582,9
968,20.441,5.196,-49.776,-0.9594,0.2051,0.1938,-0.2011,-0.8338,0.5142,0.269,0.4577,0.8474,25.5,0.1216,1.006,0.866,1.21974,214.9,416.9,219.7,396.4,210.0,437.7,846,0.784,9
969,18.667,5.568,-49.382,-0.9525,0.198,0.2314,-0.1879,-0.8382,0.512,0.2979,0.4481,0.8429,25.5,0.1315,1.764,0.807,1.20117,213.2,416.6,217.7,396.0,208.6,437.5,847,0.6,9
970,16.911,5.94,-48.914,-0.9397,0.2053,0.2735,-0.1757,-0.8422,0.5097,0.3379,0.4347,0.8348,25.5,0.1316,2.461,0.747,1.37799,211.5,416.2,215.7,395.5,207.2,437.2,848,0.474,9
971,15.181,6.327,-48.369,-0.9269,0.2079,0.3126,-0.1646,-0.8459,0.5073,0.3733,0.4226,0.8259,25.5,0.1353,2.203,0.684,1.27358,209.8,415.8,213.7,395.0,205.8,436.9,849,0.421,9
972,13.473,6.711,-47.756,-0.9143,0.2077,0.3478,-0.1547,-0.8492,0.5049,0.4043,0.4119,0.8167,25.5,0.1407,1.952,0.614,1.15496,208.1,415.5,211.9,394.6,204.3,436.7,850,0.456,9
973,11.791,7.1,-47.079,-0.8991,0.2124,0.3827,-0.1459,-0.8522,0.5025,0.4373,0.4001,0.8054,25.5,0.1425,2.11,0.55,1.18496,206.5,415.1,210.0,394.1,202.9,436.4,851,0.594,9
974,10.14,7.502,-46.336,-0.8809,0.2217,0.4182,-0.138,-0.8548,0.5002,0.4731,0.3868,0.7916,25.5,0.1412,2.327,0.494,1.2655,204.9,414.7,208.2,393.6,201.5,436.0,852,0.85,9
975,8.524,7.925,-45.53,-0.8619,0.2334,0.4502,-0.131,-0.8572,0.498,0.507,0.3737,0.7767,25.501,0.137,2.251,0.442,1.20522,203.3,414.3,206.5,393.1,200.1,435.7,852,1.005,9
976,6.943,8.365,-44.666,-0.8428,0.2405,0.4815,-0.1249,-0.8593,0.4959,0.5381,0.3613,0.7615,25.501,0.1374,2.107,0.389,1.1538,201.8,413.8,204.8,392.7,198.7,435.3,853,0.618,9
977,5.398,8.814,-43.742,-0.8219,0.2429,0.5152,-0.1195,-0.8612,0.494,0.5696,0.3481,0.7446,25.501,0.1435,2.183,0.346,1.2273,200.3,413.4,203.2,392.2,197.3,434.9,854,0.091,9
978,3.895,9.263,-42.752,-0.7985,0.2406,0.5518,-0.1148,-0.8628,0.4923,0.6019,0.3338,0.7254,25.501,0.1557,2.304,0.301,1.34396,198.8,413.0,201.6,391.7,196.0,434.5,855,0.592,9
979,2.438,9.705,-41.694,-0.7731,0.2378,0.5881,-0.1106,-0.8643,0.4907,0.634,0.3189,0.7045,25.501,0.1686,2.355,0.271,1.37147,197.4,412.5,200.1,391.2,194.6,434.1,855,1.263,9
980,1.028,10.146,-40.573,-0.7471,0.2373,0.6209,-0.1069,-0.8655,0.4894,0.6642,0.3041,0.6829,25.501,0.1784,2.29,0.235,1.29313,196.0,412.1,198.6,390.7,193.3,433.7,856,0.412,9
981,-0.333,10.584,-39.391,-0.7198,0.2339,0.6536,-0.1036,-0.8666,0.4882,0.6934,0.289,0.6601,25.502,0.191,2.292,0.211,1.32032,194.7,411.6,197.2,390.2,192.1,433.3,857,0.632,9
982,-1.642,11.012,-38.149,-0.6922,0.2278,0.6849,-0.1007,-0.8674,0.4872,0.7205,0.2741,0.637,25.502,0.2058,2.212,0.182,1.30293,193.4,411.2,195.9,389.8,190.8,433.0,857,1.223,9
983,-2.901,11.428,-36.852,-0.6653,0.2199,0.7135,-0.0982,-0.8682,0.4864,0.7449,0.26,0.6144,25.502,0.2215,2.07,0.157,1.23716,192.2,410.8,194.6,389.3,189.7,432.6,858,0.036,9
984,-4.11,11.83,-35.504,-0.6386,0.2141,0.7392,-0.096,-0.8688,0.4858,0.7676,0.2462,0.5918,25.502,0.2344,1.998,0.135,1.15884,191.0,410.4,193.4,388.9,188.5,432.2,859,1.534,10
985,-5.27,12.222,-34.111,-0.6127,0.2083,0.7624,-0.094,-0.8692,0.4854,0.7881,0.2329,0.5697,25.502,0.2466,1.888,0.119,1.08904,189.8,410.0,192.2,388.5,187.4,431.8,859,0.321,10
986,-6.384,12.603,-32.677,-0.5883,0.2026,0.7829,-0.0924,-0.8696,0.4851,0.8063,0.2205,0.5489,25.502,0.258,1.736,0.096,1.00001,188.7,409.6,191.1,388.1,186.4,431.5,860,1.449,10
987,-7.454,12.973,-31.209,-0.5661,0.1972,0.8004,-0.0909,-0.8698,0.4849,0.8219,0.2094,0.5297,25.502,0.268,1.554,0.087,0.88919,187.7,409.2,190.0,387.7,185.3,431.1,860,0.407,10
988,-8.485,13.334,-29.71,-0.5463,0.1922,0.8153,-0.0896,-0.87,0.4849,0.8352,0.1996,0.5125,25.503,0.2771,1.366,0.075,0.78082,186.7,408.9,188.9,387.3,184.3,430.8,861,1.656,10
989,-9.479,13.685,-28.184,-0.5262,0.1861,0.8298,-0.0885,-0.87,0.485,0.8479,0.1898,0.4951,25.503,0.2871,1.356,0.063,0.78858,185.7,408.5,187.9,386.9,183.4,430.4,861,0.2,10
990,-10.438,14.026,-26.633,-0.5081,0.1811,0.8421,-0.0875,-0.87,0.4852,0.8588,0.1809,0.4793,25.503,0.2955,1.212,0.058,0.69327,184.7,408.2,187.0,386.6,182.4,430.1,861,2.054,10
991,-11.365,14.358,-25.061,-0.4917,0.1772,0.8526,-0.0866,-0.8699,0.4855,0.8683,0.173,0.4648,25.503,0.3024,1.092,0.055,0.61349,183.8,407.8,186.0,386.2,181.5,429.8,862,0.3,10
992,-12.263,14.684,-23.471,-0.4767,0.1742,0.8617,-0.0858,-0.8698,0.4859,0.8767,0.1657,0.4515,25.503,0.3081,0.994,0.052,0.54983,182.9,407.5,185.1,385.9,180.6,429.5,862,1.556,10
993,-13.134,15.004,-21.866,-0.4628,0.1719,0.8697,-0.0851,-0.8696,0.4864,0.8843,0.159,0.4391,25.503,0.3129,0.917,0.051,0.50043,182.0,407.2,184.2,385.5,179.8,429.1,863,1.08,10
994,-13.981,15.322,-20.246,-0.4498,0.1703,0.8768,-0.0846,-0.8693,0.487,0.891,0.1528,0.4275,25.503,0.317,0.846,0.048,0.46017,181.2,406.8,183.4,385.2,178.9,428.8,863,0.776,10
995,-14.804,15.636,-18.613,-0.4376,0.1692,0.8831,-0.0841,-0.869,0.4876,0.8972,0.1469,0.4164,25.503,0.3204,0.803,0.048,0.42545,180.3,406.5,182.6,384.8,178.1,428.5,864,2.133,10
996,-15.603,15.948,-16.97,-0.4246,0.1668,0.8899,-0.0836,-0.8686,0.4883,0.9035,0.1406,0.4048,25.503,0.3252,0.838,0.054,0.45937,179.5,406.2,181.7,384.5,177.3,428.2,864,0.279,10
997,-16.379,16.255,-15.313,-0.4121,0.164,0.8962,-0.0832,-0.8682,0.4891,0.9094,0.1345,0.3935,25.503,0.3302,0.81,0.056,0.4409,178.8,405.9,181.0,384.2,176.5,427.9,864,1.577,10
998,-17.133,16.557,-13.645,-0.4007,0.1618,0.9018,-0.0829,-0.8678,0.49,0.9146,0.129,0.3833,25.504,0.3347,0.728,0.059,0.3982,178.0,405.6,180.2,383.9,175.8,427.6,865,1.593,10
999,-17.866,16.856,-11.968,-0.3903,0.1601,0.9067,-0.0827,-0.8673,0.4909,0.9192,0.124,0.3738,25.504,0.3385,0.669,0.06,0.35895,177.3,405.3,179.5,383.5,175.0,427.3,865,0.263,10
1000,-18.581,17.152,-10.282,-0.3807,0.1589,0.9109,-0.0824,-0.8667,0.4919,0.9233,0.1194,0.365,25.504,0.3417,0.616,0.069,0.3258,176.5,404.9,178.7,383.2,174.3,427.0,865,2.117,10
1001,-19.279,17.446,-8.588,-0.3718,0.1581,0.9148,-0.0823,-0.8662,0.493,0.927,0.1151,0.3569,25.504,0.3446,0.567,0.069,0.3011,175.8,404.6,178.0,382.9,173.6,426.7,866,1.301,10
1002,-19.961,17.739,-6.889,-0.3635,0.1577,0.9181,-0.0821,-0.8655,0.4941,0.9304,0.1111,0.3493,25.504,0.347,0.529,0.075,0.2762,175.1,404.3,177.3,382.6,172.9,426.3,866,0.554,10
1003,-20.628,18.031,-5.183,-0.3557,0.1577,0.9212,-0.082,-0.8649,0.4952,0.9335,0.1074,0.3421,25.504,0.349,0.497,0.072,0.25926,174.4,404.0,176.6,382.3,172.2,426.0,866,2.409,10
1004,-21.281,18.324,-3.471,-0.3484,0.1581,0.9239,-0.0819,-0.8642,0.4965,0.9364,0.1039,0.3353,25.504,0.3506,0.469,0.085,0.24072,173.8,403.7,176.0,382.0,171.5,425.7,867,1.245,10
1005,-21.921,18.618,-1.755,-0.3415,0.1588,0.9264,-0.0819,-0.8634,0.4977,0.939,0.1005,0.3289,25.504,0.3519,0.441,0.082,0.22773,173.1,403.4,175.3,381.7,170.8,425.4,867,0.61,10
1006,-22.544,18.911,-0.034,-0.3305,0.1574,0.9306,-0.0819,-0.8627,0.4991,0.943,0.0949,0.3188,25.504,0.3557,0.7,0.09,0.36636,172.5,403.1,174.7,381.4,170.2,425.1,867,2.464,10
1007,-23.147,19.202,1.696,-0.3196,0.1559,0.9346,-0.0819,-0.8619,0.5004,0.9469,0.0894,0.3089,25.504,0.3595,0.686,0.087,0.36162,171.8,402.8,174.1,381.1,169.6,424.8,868,1.412,10
1008,-23.731,19.49,3.433,-0.3104,0.1548,0.9379,-0.0819,-0.8611,0.5019,0.95,0.0847,0.3004,25.504,0.3629,0.584,0.097,0.30382,171.2,402.5,173.5,380.8,168.9,424.5,868,0.443,10
1009,-24.3,19.776,5.175,-0.3027,0.1542,0.9405,-0.0819,-0.8602,0.5033,0.9526,0.0809,0.2933,25.504,0.3655,0.485,0.095,0.25172,170.6,402.2,172.9,380.5,168.3,424.2,868,2.298,10
1010,-24.855,20.062,6.922,-0.2964,0.1541,0.9425,-0.082,-0.8593,0.5049,0.9546,0.0778,0.2875,25.504,0.3678,0.394,0.105,0.20421,170.0,401.9,172.3,380.2,167.8,423.9,869,1.78,10
1011,-25.4,20.348,8.672,-0.2914,0.1545,0.944,-0.0821,-0.8584,0.5064,0.9562,0.0754,0.2829,25.503,0.3693,0.311,0.1,0.16172,169.5,401.6,171.7,379.9,167.2,423.6,869,0.086,10
1012,-25.937,20.636,10.424,-0.2878,0.1552,0.945,-0.0822,-0.8574,0.508,0.9573,0.0738,0.2794,25.503,0.3706,0.229,0.108,0.11742,168.9,401.2,171.2,379.6,166.6,423.2,869,1.931,10
1013,-26.468,20.924,12.177,-0.2853,0.1564,0.9456,-0.0823,-0.8564,0.5097,0.9581,0.0728,0.277,25.503,0.3715,0.156,0.113,0.08763,168.4,400.9,170.6,379.3,166.0,422.9,870,2.284,10
1014,-26.996,21.216,13.931,-0.284,0.1579,0.9457,-0.0824,-0.8554,0.5114,0.9585,0.0725,0.2757,25.503,0.372,0.08,0.113,0.06138,167.8,400.6,170.1,378.9,165.5,422.6,870,0.431,10
1015,-27.523,21.511,15.685,-0.2838,0.1599,0.9454,-0.0826,-0.8543,0.5131,0.9586,0.0728,0.2755,25.503,0.3719,0.021,0.117,0.06277,167.2,400.3,169.5,378.6,164.9,422.3,870,1.427,10
1016,-28.05,21.809,17.438,-0.2848,0.1623,0.9447,-0.0828,-0.8532,0.5149,0.9583,0.0737,0.2762,25.503,0.3715,0.068,0.121,0.08318,166.7,400.0,169.0,378.3,164.3,421.9,871,2.845,10
1017,-28.58,22.113,19.19,-0.2868,0.1651,0.9436,-0.083,-0.8521,0.5167,0.9576,0.0753,0.2779,25.503,0.3707,0.14,0.121,0.11159,166.1,399.6,168.4,378.0,163.7,421.6,871,0.99,10
1018,-29.108,22.42,20.94,-0.2819,0.1656,0.9451,-0.0832,-0.851,0.5186,0.9592,0.0728,0.2733,25.503,0.3727,0.314,0.126,0.15915,165.5,399.3,167.9,377.7,163.2,421.3,871,0.863,10
1019,-29.626,22.727,22.695,-0.2761,0.1656,0.9467,-0.0834,-0.8498,0.5205,0.9609,0.0699,0.268,25.503,0.3751,0.36,0.129,0.18574,165.0,399.0,167.4,377.4,162.6,420.9,871,2.719,10
1020,-30.134,23.035,24.453,-0.2719,0.1661,0.9479,-0.0836,-0.8486,0.5224,0.9621,0.0677,0.2641,25.502,0.377,0.266,0.129,0.13576,164.5,398.6,166.8,377.0,162.0,420.6,872,1.531,10
1021,-30.635,23.344,26.211,-0.269,0.1668,0.9486,-0.0839,-0.8473,0.5244,0.963,0.0664,0.2613,25.502,0.3787,0.184,0.138,0.09467,163.9,398.3,166.3,376.7,161.5,420.2,872,0.327,10
1022,-31.132,23.654,27.972,-0.2672,0.1679,0.9489,-0.0842,-0.846,0.5265,0.9634,0.0657,0.2597,25.502,0.3801,0.103,0.143,0.0658,163.4,398.0,165.8,376.4,160.9,419.9,872,2.18,10
1023,-31.628,23.967,29.732,-0.2666,0.1693,0.9488,-0.0845,-0.8447,0.5286,0.9636,0.0657,0.2591,25.502,0.3811,0.036,0.143,0.04714,162.8,397.6,165.3,376.1,160.4,419.5,873,1.967,10
1024,-32.122,24.282,31.492,-0.2672,0.1711,0.9483,-0.0849,-0.8433,0.5308,0.9635,0.0663,0.2595,25.502,0.3818,0.042,0.151,0.0606,162.3,397.3,164.7,375.8,159.8,419.2,873,0.114,10
1025,-32.62,24.602,33.25,-0.2688,0.1732,0.9475,-0.0852,-0.8418,0.533,0.963,0.0677,0.2609,25.502,0.3821,0.117,0.153,0.08518,161.8,396.9,164.2,375.4,159.3,418.8,873,1.744,10
1026,-33.121,24.925,35.007,-0.2718,0.1759,0.9462,-0.0857,-0.8403,0.5353,0.9622,0.0697,0.2634,25.502,0.382,0.189,0.16,0.13095,161.2,396.6,163.7,375.1,158.7,418.4,874,2.218,10
1027,-33.628,25.254,36.76,-0.2761,0.1791,0.9443,-0.0861,-0.8388,0.5377,0.9609,0.0726,0.2672,25.502,0.3813,0.284,0.164,0.17572,160.7,396.2,163.2,374.7,158.1,418.0,874,0.364,10
1028,-34.146,25.59,38.509,-0.2821,0.183,0.9418,-0.0866,-0.8371,0.5401,0.9591,0.0766,0.2724,25.502,0.3799,0.39,0.171,0.23408,160.1,395.9,162.6,374.4,157.6,417.6,874,1.491,10
1029,-34.676,25.934,40.254,-0.2902,0.1879,0.9383,-0.0871,-0.8354,0.5426,0.9567,0.0818,0.2795,25.502,0.3774,0.523,0.176,0.31161,159.5,395.5,162.1,374.1,157.0,417.2,875,2.207,10
1030,-35.224,26.288,41.991,-0.301,0.1939,0.9337,-0.0877,-0.8337,0.5452,0.9532,0.0887,0.2889,25.502,0.3738,0.698,0.181,0.40713,158.9,395.1,161.5,373.7,156.3,416.8,875,0.352,10
1031,-35.794,26.654,43.716,-0.3116,0.2005,0.9288,-0.0883,-0.8319,0.5479,0.9498,0.0955,0.298,25.502,0.3696,0.679,0.189,0.41487,158.3,394.7,160.9,373.3,155.7,416.4,875,1.501,10
1032,-36.377,27.03,45.436,-0.317,0.2057,0.9259,-0.0889,-0.8299,0.5507,0.948,0.0992,0.3025,25.502,0.3674,0.349,0.2,0.24822,157.7,394.3,160.3,372.9,155.0,415.9,876,1.857,10
1033,-36.97,27.417,47.151,-0.3234,0.2112,0.9224,-0.0896,-0.828,0.5536,0.9458,0.1035,0.3079,25.502,0.3647,0.415,0.203,0.28216,157.0,393.8,159.7,372.6,154.4,415.5,876,0.051,10
1034,-37.577,27.814,48.858,-0.3312,0.217,0.9183,-0.0904,-0.8259,0.5566,0.943,0.1087,0.3144,25.502,0.3618,0.503,0.215,0.32586,156.4,393.4,159.0,372.2,153.7,415.0,876,1.855,10
1035,-38.2,28.222,50.557,-0.3407,0.2233,0.9133,-0.0912,-0.8237,0.5597,0.9396,0.115,0.3224,25.502,0.3583,0.615,0.223,0.38449,155.7,393.0,158.4,371.8,153.0,414.5,877,1.094,10
1036,-38.842,28.643,52.245,-0.3523,0.2302,0.9071,-0.0921,-0.8214,0.5629,0.9352,0.1227,0.3321,25.502,0.354,0.753,0.232,0.45875,155.0,392.5,157.7,371.3,152.2,414.0,877,0.765,10
1037,-39.509,29.077,53.921,-0.3669,0.2381,0.8993,-0.093,-0.8189,0.5663,0.9295,0.1324,0.3442,25.501,0.3484,0.947,0.247,0.56651,154.3,392.0,157.0,370.9,151.5,413.5,878,1.769,10
1038,-40.206,29.527,55.579,-0.3857,0.2473,0.8889,-0.0941,-0.8164,0.5698,0.9218,0.1448,0.3597,25.501,0.3409,1.22,0.254,0.72234,153.5,391.5,156.3,370.5,150.7,412.9,878,0.088,10
1039,-40.941,29.995,57.217,-0.4043,0.2567,0.8779,-0.0952,-0.8137,0.5735,0.9136,0.1573,0.3748,25.5,0.3331,1.217,0.27,0.72783,152.7,391.0,155.6,370.0,149.8,412.4,878,1.941,10
1040,-41.708,30.481,58.834,-0.4248,0.2682,0.8647,-0.0964,-0.8108,0.5773,0.9043,0.171,0.3912,25.5,0.3227,1.335,0.282,0.83282,151.9,390.5,154.8,369.6,149.0,411.8,879,0.215,10
1041,-42.525,30.994,60.418,-0.4594,0.2866,0.8407,-0.0978,-0.8077,0.5814,0.8872,0.1939,0.4187,25.5,0.3022,2.273,0.305,1.41978,151.0,389.9,153.9,369.1,148.0,411.1,879,1.64,10
1042,-43.422,31.549,61.943,-0.5109,0.313,0.8007,-0.0994,-0.8044,0.5857,0.8588,0.228,0.4588,25.502,0.268,3.427,0.324,2.17395,150.0,389.3,153.0,368.5,147.0,410.5,880,0.212,10
1043,-44.433,32.166,63.369,-0.5849,0.3619,0.7259,-0.1013,-0.8007,0.5904,0.8109,0.2774,0.5152,25.505,0.198,5.099,0.36,3.58812,148.9,388.7,152.0,368.0,145.8,409.7,881,0.951,10
1044,-45.591,32.878,64.629,-0.6541,0.392,0.6469,-0.1032,-0.7968,0.5953,0.7564,0.3258,0.5672,25.51,0.1403,5.132,0.375,3.37871,147.7,387.9,150.8,367.3,144.5,408.9,881,0.909,10
1045,-46.812,33.575,65.838,-0.6542,0.3544,0.6682,-0.1049,-0.793,0.6001,0.7561,0.3284,0.5661,25.516,0.1886,0.163,0.364,1.33572,146.4,387.1,149.6,366.6,143.2,408.0,882,0.159,10
1046,-48.021,34.209,67.094,-0.6526,0.3351,0.6796,-0.106,-0.7896,0.6044,0.7569,0.3302,0.564,25.52,0.2153,0.165,0.32,0.694,145.1,386.5,148.3,366.0,141.8,407.3,883,0.527,10
1047,-49.234,34.823,68.354,-0.6558,0.3278,0.68,-0.1064,-0.7867,0.6081,0.7537,0.3351,0.5654,25.522,0.2254,0.345,0.27,0.24664,143.8,385.8,147.1,365.4,140.5,406.5,884,1.145,10
1048,-50.454,35.427,69.616,-0.6596,0.3228,0.6787,-0.1065,-0.7845,0.6109,0.7501,0.3399,0.5673,25.524,0.2316,0.361,0.204,0.19799,142.5,385.1,145.8,364.8,139.2,405.8,884,0.722,10
1049,-51.682,36.022,70.872,-0.6642,0.3188,0.6762,-0.1064,-0.7832,0.6127,0.7458,0.3446,0.5701,25.524,0.2353,0.399,0.127,0.20349,141.2,384.5,144.5,364.2,137.9,405.2,885,0.216,10
1050,-52.92,36.61,72.124,-0.67,0.3151,0.6722,-0.1064,-0.7827,0.6132,0.7404,0.3493,0.5743,25.523,0.2369,0.476,0.04,0.2457,139.9,383.9,143.2,363.6,136.5,404.5,886,0.289,10
1051,-54.17,37.191,73.366,-0.6778,0.3111,0.6661,-0.1067,-0.7833,0.6124,0.7331,0.354,0.5807,25.522,0.2366,0.618,0.06,0.32971,138.5,383.2,141.8,362.9,135.1,403.9,887,0.631,10
1052,-55.438,37.764,74.594,-0.6893,0.3063,0.6565,-0.1076,-0.7851,0.6099,0.7223,0.3598,0.5906,25.52,0.2341,0.903,0.184,0.48571,137.2,382.6,140.5,362.2,133.7,403.3,888,0.893,10
1053,-56.733,38.326,75.798,-0.709,0.2988,0.6387,-0.1092,-0.7882,0.6057,0.7031,0.3695,0.6076,25.518,0.2288,1.571,0.313,0.85185,135.8,382.0,139.2,361.5,132.3,402.8,888,0.964,10
1054,-58.066,38.862,76.967,-0.7291,0.2801,0.6245,-0.1118,-0.7926,0.5994,0.6818,0.3776,0.6265,25.516,0.2338,1.696,0.465,0.95644,134.3,381.4,137.8,360.8,130.8,402.4,889,0.789,10
1055,-59.436,39.369,78.11,-0.7487,0.2674,0.6065,-0.1168,-0.7986,0.5904,0.6603,0.3816,0.6468,25.514,0.232,1.71,0.683,0.9108,132.9,380.8,136.5,360.1,129.2,402.0,890,0.716,10
1056,-60.844,39.862,79.212,-0.7695,0.2664,0.5804,-0.1255,-0.8065,0.5777,0.6372,0.3808,0.67,25.512,0.217,1.877,0.991,1.03154,131.4,380.3,135.2,359.3,127.4,401.7,891,0.744,10
1057,-62.292,40.37,80.254,-0.792,0.286,0.5394,-0.1393,-0.8163,0.5606,0.6106,0.3749,0.6976,25.51,0.1793,2.222,1.379,1.56662,129.8,379.7,134.0,358.5,125.5,401.4,893,0.75,10
1058,-63.796,40.917,81.19,-0.832,0.3022,0.4651,-0.1588,-0.8282,0.5375,0.5525,0.3767,0.7436,25.509,0.1318,4.248,1.861,2.65668,128.2,379.1,132.9,357.5,123.4,401.1,894,0.42,10
1059,-65.366,41.48,82.0,-0.855,0.3016,0.422,-0.18,-0.8435,0.506,0.5119,0.359,0.7805,25.508,0.113,3.303,2.346,1.5097,126.5,378.5,131.8,356.5,121.1,400.9,895,0.001,10
1060,-66.971,42.049,82.734,-0.8741,0.3083,0.3753,-0.1982,-0.8634,0.464,0.4686,0.3323,0.8185,25.507,0.0812,3.639,2.86,1.57247,124.8,377.9,130.5,355.3,119.0,400.9,896,0.473,10
1061,-68.605,42.612,83.409,-0.8865,0.2955,0.3561,-0.2108,-0.8861,0.4128,0.4386,0.2917,0.85,25.506,0.072,3.41,3.29,0.80918,123.1,377.3,129.1,354.0,116.9,400.9,898,0.382,10
1062,-70.259,43.136,84.063,-0.8975,0.2718,0.3473,-0.2154,-0.9097,0.3551,0.4135,0.2445,0.8771,25.506,0.0694,3.435,3.582,0.8517,121.3,376.8,127.4,352.8,115.1,401.0,899,0.133,10
1063,-71.938,43.619,84.686,-0.9141,0.2481,0.3207,-0.2118,-0.9322,0.2936,0.3724,0.2008,0.9061,25.504,0.0565,3.818,3.758,1.21428,119.5,376.2,125.5,351.6,113.5,401.1,900,0.646,10
1064,-73.653,44.052,85.245,-0.9338,0.2178,0.2838,-0.2011,-0.9518,0.2315,0.3209,0.1593,0.9336,25.503,0.0462,4.105,3.782,1.59586,117.7,375.8,123.3,350.5,112.0,401.2,902,0.222,10
1065,-75.402,44.428,85.734,-0.952,0.1883,0.2414,-0.185,-0.9676,0.1721,0.2661,0.1192,0.9565,25.503,0.0355,4.107,3.641,1.69216,115.8,375.3,121.0,349.6,110.7,401.2,903,0.237,10
1066,-77.182,44.754,86.141,-0.9659,0.1633,0.2008,-0.1657,-0.9791,0.1183,0.216,0.081,0.973,25.502,0.0239,3.732,3.341,1.53442,113.9,375.0,118.5,348.9,109.3,401.2,904,0.668,10
1067,-78.985,45.034,86.473,-0.9781,0.1392,0.1549,-0.145,-0.9867,0.0728,0.163,0.0487,0.9854,25.502,0.0158,3.627,2.897,1.6456,112.0,374.7,116.0,348.3,108.0,401.1,906,0.427,10
1068,-80.808,45.274,86.712,-0.9869,0.1214,0.1063,-0.1245,-0.9915,0.0377,0.11,0.024,0.9936,25.502,0.0065,3.384,2.345,1.622,110.1,374.4,113.5,347.9,106.7,401.0,907,0.109,10
1069,-82.644,45.484,86.873,-0.9923,0.1039,0.0676,-0.1051,-0.9944,0.0138,0.0687,0.0066,0.9976,25.502,0.0019,2.578,1.772,1.32271,108.2,374.2,111.0,347.6,105.3,400.8,908,0.166,10
1070,-84.488,45.657,86.967,-0.996,0.0823,0.035,-0.0866,-0.9962,0.0,0.0349,-0.003,0.9994,25.502,0.0043,2.016,1.326,1.21362,106.2,374.0,108.5,347.3,103.9,400.7,909,0.386,10
1071,-86.338,45.792,87.004,-0.9978,0.0659,0.0035,-0.0688,-0.9976,-0.0052,0.0031,-0.0054,1.0,25.501,0.0029,1.828,1.066,1.09846,104.3,373.9,106.1,347.1,102.4,400.6,910,0.549,10
1072,-88.189,45.903,86.987,-0.9983,0.0539,-0.0197,-0.0515,-0.9987,-0.0036,-0.0199,-0.0026,0.9998,25.501,0.0023,1.328,0.997,0.80717,102.3,373.8,103.7,347.0,101.0,400.5,911,0.655,11
1073,-90.041,45.99,86.937,-0.9987,0.0394,-0.0335,-0.0341,-0.9994,0.0025,-0.0333,0.0036,0.9994,25.5,0.0054,0.846,1.057,0.61836,100.4,373.7,101.3,346.9,99.5,400.5,912,0.708,11
1074,-91.894,46.046,86.867,-0.9989,0.0207,-0.0411,-0.0162,-0.9998,0.0107,-0.0408,0.0113,0.9991,25.499,0.005,0.616,1.128,0.62355,98.4,373.6,98.9,346.8,98.0,400.4,913,0.713,11
1075,-93.747,46.063,86.788,-0.999,-0.004,-0.0445,0.0027,-0.9998,0.0187,-0.0446,0.0186,0.9988,25.498,0.0005,0.472,1.176,0.77025,96.5,373.6,96.5,346.8,96.5,400.4,914,0.671,11
1076,-95.599,46.037,86.694,-0.9982,-0.0233,-0.0557,0.0228,-0.9994,0.0248,-0.0563,0.0235,0.9981,25.496,0.0009,0.728,1.204,0.68974,94.6,373.6,94.0,346.9,95.1,400.4,915,0.588,11
1077,-97.45,45.976,86.582,-0.997,-0.0436,-0.0642,0.0439,-0.9986,0.0294,-0.0654,0.0265,0.9975,25.494,0.0021,0.55,1.238,0.68081,92.6,373.7,91.5,347.0,93.8,400.4,916,0.466,11
1078,-99.298,45.875,86.458,-0.9954,-0.0654,-0.07,0.066,-0.9973,0.0331,-0.072,0.0283,0.997,25.491,0.0028,0.393,1.286,0.69862,90.7,373.8,89.0,347.1,92.4,400.5,917,0.308,11
1079,-101.142,45.732,86.324,-0.9933,-0.0892,-0.0732,0.0886,-0.9954,0.0367,-0.0761,0.03,0.9966,25.487,0.0019,0.255,1.316,0.74466,88.8,374.0,86.4,347.4,91.1,400.6,918,0.117,11
1080,-102.982,45.543,86.184,-0.9904,-0.1138,-0.0789,0.1115,-0.9929,0.0408,-0.083,0.0316,0.9961,25.484,0.0007,0.407,1.341,0.7852,86.8,374.2,83.9,347.6,89.8,400.7,919,0.102,11
1081,-104.816,45.31,86.032,-0.9869,-0.1378,-0.0843,0.1349,-0.9898,0.0455,-0.0897,0.0336,0.9954,25.479,0.0006,0.403,1.379,0.76752,84.9,374.4,81.4,348.0,88.5,400.9,920,0.343,11
1082,-106.642,45.032,85.872,-0.9829,-0.1619,-0.0884,0.1589,-0.986,0.0509,-0.0954,0.036,0.9948,25.474,0.001,0.356,1.426,0.7652,83.0,374.7,78.8,348.4,87.2,401.1,921,0.598,11
1083,-108.461,44.709,85.705,-0.9783,-0.1863,-0.091,0.1835,-0.9814,0.0568,-0.0999,0.0389,0.9942,25.468,0.0019,0.309,1.473,0.77118,81.1,375.1,76.3,348.9,85.9,401.3,922,0.86,11
1084,-110.271,44.338,85.538,-0.9727,-0.214,-0.0901,0.2089,-0.9759,0.0634,-0.1015,0.0429,0.9939,25.461,0.0001,0.247,1.536,0.87344,79.2,375.4,73.8,349.4,84.7,401.5,922,0.995,11
1085,-112.069,43.917,85.367,-0.9662,-0.2399,-0.0949,0.2347,-0.9694,0.072,-0.1092,0.0473,0.9929,25.454,0.001,0.511,1.602,0.83803,77.3,375.9,71.2,350.1,83.5,401.8,923,0.732,11
1086,-113.854,43.449,85.181,-0.9583,-0.2649,-0.1073,0.2602,-0.9619,0.0841,-0.1255,0.0527,0.9907,25.446,0.0036,0.992,1.673,0.8959,75.5,376.4,68.7,350.8,82.3,402.1,924,0.474,11
1087,-115.623,42.933,84.965,-0.9479,-0.2937,-0.1236,0.2849,-0.9532,0.1015,-0.1476,0.0609,0.9872,25.436,0.0026,1.365,1.801,1.07162,73.6,376.9,66.2,351.6,81.1,402.4,925,0.228,11
1088,-117.369,42.356,84.723,-0.9347,-0.3271,-0.1389,0.3079,-0.9432,0.1248,-0.1718,0.0739,0.9824,25.427,0.0034,1.598,1.961,1.20603,71.8,377.6,63.9,352.5,79.8,402.7,926,0.022,11
1089,-119.089,41.723,84.441,-0.9198,-0.3546,-0.1679,0.3282,-0.932,0.1536,-0.2109,0.0861,0.9737,25.416,0.0028,2.399,2.119,1.31784,70.0,378.2,61.6,353.5,78.5,403.0,927,0.234,11
1090,-120.78,41.043,84.096,-0.9023,-0.3803,-0.203,0.3448,-0.9199,0.187,-0.2579,0.0987,0.9611,25.405,0.0008,2.88,2.247,1.44863,68.3,378.9,59.5,354.6,77.2,403.4,928,0.448,11
1091,-122.435,40.312,83.691,-0.8829,-0.4077,-0.233,0.3574,-0.9067,0.224,-0.3026,0.1145,0.9462,25.394,0.0019,2.848,2.364,1.39104,66.6,379.7,57.5,355.8,75.7,403.8,929,0.648,11
1092,-124.056,39.533,83.235,-0.8646,-0.4313,-0.2578,0.3664,-0.8925,0.263,-0.3436,0.133,0.9297,25.382,0.0003,2.745,2.433,1.19927,64.9,380.5,55.7,357.0,74.2,404.2,930,0.828,11
1093,-125.64,38.711,82.732,-0.8437,-0.4552,-0.2845,0.3719,-0.8774,0.303,-0.3875,0.1499,0.9096,25.369,0.0006,2.931,2.47,1.28159,63.3,381.4,54.0,358.4,72.6,404.7,931,0.983,11
1094,-127.185,37.845,82.181,-0.8217,-0.479,-0.3088,0.3737,-0.8613,0.3442,-0.4309,0.1674,0.8867,25.356,0.0008,2.985,2.537,1.25145,61.7,382.3,52.5,359.8,71.0,405.1,931,0.872,11
1095,-128.687,36.934,81.586,-0.7972,-0.5032,-0.3336,0.3715,-0.844,0.3869,-0.4762,0.1846,0.8597,25.343,0.0005,3.179,2.643,1.31107,60.2,383.3,51.2,361.3,69.3,405.6,932,0.746,11
1096,-130.142,35.978,80.944,-0.771,-0.5268,-0.3578,0.3646,-0.8254,0.431,-0.5224,0.2018,0.8285,25.329,0.0005,3.343,2.771,1.32129,58.7,384.3,50.0,362.8,67.6,406.1,933,0.655,11
1097,-131.546,34.979,80.259,-0.7424,-0.5511,-0.3809,0.3522,-0.8062,0.4754,-0.5691,0.2188,0.7926,25.314,0.0017,3.513,2.862,1.36148,57.3,385.4,49.0,364.4,65.7,406.6,934,0.604,11
1098,-132.894,33.934,79.531,-0.7118,-0.5744,-0.4043,0.3339,-0.7866,0.5194,-0.6164,0.2347,0.7517,25.3,0.0042,3.697,2.953,1.39087,56.0,386.5,48.2,366.1,63.8,407.2,935,0.599,11
1099,-134.189,32.852,78.761,-0.6852,-0.591,-0.4256,0.3101,-0.7669,0.5618,-0.6585,0.2529,0.7088,25.285,0.0017,3.599,3.006,1.1711,54.7,387.6,47.7,367.8,61.8,407.8,936,0.644,11
1100,-135.432,31.737,77.955,-0.656,-0.6102,-0.4442,0.2807,-0.7481,0.6012,-0.6992,0.2697,0.6621,25.27,0.0053,3.678,3.016,1.22301,53.4,388.8,47.3,369.5,59.7,408.5,937,0.742,11
1101,-136.625,30.595,77.109,-0.63,-0.6191,-0.4689,0.2419,-0.733,0.6358,-0.7373,0.2871,0.6115,25.256,0.0033,3.764,3.102,1.14146,52.3,390.0,47.3,371.2,57.4,409.3,939,0.736,11
1102,-137.765,29.438,76.214,-0.5974,-0.6313,-0.4945,0.1893,-0.7244,0.6628,-0.7768,0.3024,0.5524,25.242,0.0165,4.167,3.424,1.33491,51.1,391.3,47.6,372.6,54.8,410.2,940,0.447,11
1103,-138.844,28.268,75.262,-0.5672,-0.6234,-0.5382,0.1233,-0.7249,0.6777,-0.8127,0.3181,0.4881,25.229,0.0172,4.315,3.878,1.65924,50.1,392.5,48.3,373.9,51.9,411.5,941,0.098,11
1104,-139.862,27.136,74.203,-0.5264,-0.5991,-0.6033,0.0484,-0.7362,0.675,-0.8486,0.3262,0.4165,25.219,0.0084,4.614,4.344,2.49047,49.1,393.7,49.3,374.8,49.0,413.0,942,0.295,11
1105,-140.802,26.058,73.023,-0.4871,-0.5616,-0.6688,-0.0274,-0.7568,0.6531,-0.8729,0.3365,0.3532,25.212,0.0016,3.93,4.673,2.63024,48.2,394.8,50.3,375.4,46.1,414.7,944,0.645,11
1106,-141.664,25.057,71.722,-0.444,-0.5171,-0.7317,-0.0957,-0.7829,0.6148,-0.8908,0.343,0.2981,25.208,0.0025,3.341,4.73,2.72901,47.5,395.9,51.3,375.8,43.6,416.4,945,0.137,11
1107,-142.448,24.139,70.314,-0.4011,-0.4705,-0.786,-0.1522,-0.8096,0.5669,-0.9031,0.347,0.2531,25.209,0.0036,2.683,4.512,2.57862,46.8,396.9,51.9,376.0,41.5,418.1,946,0.396,11
1108,-143.155,23.312,68.813,-0.3617,-0.4225,-0.831,-0.1963,-0.8342,0.5153,-0.911,0.3495,0.2188,25.213,0.0048,2.022,4.138,2.37017,46.2,397.8,52.4,376.2,39.8,419.6,948,0.349,11
1109,-143.795,22.576,67.236,-0.3305,-0.3719,-0.8674,-0.2294,-0.8555,0.4642,-0.9148,0.3525,0.1974,25.22,0.0087,1.257,3.696,2.15412,45.6,398.5,52.6,376.4,38.6,421.0,949,0.219,11
1110,-144.379,21.93,65.598,-0.3016,-0.3269,-0.8956,-0.2537,-0.8727,0.4171,-0.9181,0.3531,0.1803,25.229,0.0118,0.998,3.193,1.86831,45.2,399.2,52.7,376.7,37.6,422.1,951,0.493,11
1111,-144.927,21.348,63.925,-0.2924,-0.3044,-0.9065,-0.2698,-0.8849,0.3796,-0.9178,0.3556,0.1766,25.241,0.0041,0.256,2.441,0.82308,44.7,399.9,52.6,377.0,36.8,423.0,952,0.078,11
1112,-145.459,20.808,62.233,-0.2793,-0.2756,-0.9198,-0.278,-0.8913,0.3582,-0.9186,0.3557,0.1723,25.253,0.0062,0.251,1.363,1.06074,44.3,400.4,52.3,377.4,36.2,423.8,953,0.604,11
1113,-145.971,20.31,60.52,-0.2743,-0.2645,-0.9246,-0.279,-0.8927,0.354,-0.9191,0.355,0.1711,25.266,0.0147,0.085,0.26,0.40407,43.9,401.0,52.0,377.9,35.8,424.3,955,0.405,11
1114,-146.482,19.818,58.806,-0.2774,-0.268,-0.9226,-0.2736,-0.8898,0.3652,-0.9191,0.3538,0.1736,25.278,0.0226,0.159,0.732,0.15701,43.6,401.5,51.5,378.5,35.6,424.8,956,0.078,11
1115,-147.006,19.306,57.102,-0.2902,-0.2879,-0.9126,-0.2623,-0.8829,0.3895,-0.9182,0.3526,0.1808,25.29,0.0252,0.421,1.586,0.79352,43.2,402.1,50.8,379.2,35.4,425.1,957,0.207,11
1116,-147.571,18.731,55.432,-0.319,-0.3304,-0.8883,-0.2457,-0.8714,0.4245,-0.9144,0.3537,0.1968,25.301,0.0108,0.944,2.315,1.75502,42.7,402.7,50.0,380.2,35.3,425.4,958,0.436,11
1117,-148.188,18.081,53.808,-0.3453,-0.3736,-0.8609,-0.2251,-0.8553,0.4667,-0.9107,0.355,0.2112,25.31,0.0045,0.855,2.845,1.77772,42.2,403.4,49.1,381.3,35.3,425.7,959,0.621,11
1118,-148.843,17.344,52.238,-0.3626,-0.4195,-0.8322,-0.2038,-0.8349,0.5112,-0.9093,0.355,0.2172,25.319,0.0013,0.353,3.059,1.75591,41.7,404.1,48.1,382.7,35.2,425.9,960,0.762,11
1119,-149.535,16.522,50.726,-0.3793,-0.4673,-0.7986,-0.1849,-0.8115,0.5544,-0.9071,0.358,0.2214,25.327,0.0066,0.321,3.016,1.87781,41.1,405.0,47.1,384.2,35.0,426.2,961,0.868,11
1120,-150.234,15.613,49.268,-0.3752,-0.5108,-0.7735,-0.1711,-0.7856,0.5946,-0.9114,0.3555,0.2073,25.334,0.0056,0.857,2.852,1.55689,40.5,405.9,46.3,385.8,34.7,426.4,963,0.883,11
1121,-150.932,14.631,47.858,-0.3748,-0.547,-0.7486,-0.1642,-0.7581,0.6311,-0.9127,0.3595,0.1943,25.341,0.0038,0.783,2.648,1.35737,39.9,407.0,45.6,387.5,34.2,426.7,964,0.932,11
1122,-151.616,13.584,46.488,-0.3602,-0.5825,-0.7287,-0.164,-0.729,0.6645,-0.9183,0.3589,0.167,25.347,0.0005,1.597,2.538,1.33564,39.4,408.1,45.1,389.4,33.5,427.1,964,0.923,11
1123,-152.271,12.471,45.157,-0.3468,-0.617,-0.7065,-0.1701,-0.6984,0.6952,-0.9223,0.3613,0.1373,25.353,0.0013,1.723,2.508,1.33339,38.8,409.2,44.7,391.4,32.8,427.4,965,0.802,11
1124,-152.899,11.296,43.867,-0.3296,-0.6501,-0.6846,-0.1822,-0.6663,0.7231,-0.9262,0.3631,0.1012,25.359,0.0018,2.083,2.534,1.33634,38.3,410.4,44.6,393.4,31.8,427.8,966,0.61,11
1125,-153.49,10.058,42.618,-0.3076,-0.6848,-0.6606,-0.1999,-0.6328,0.7481,-0.9303,0.3622,0.0577,25.364,0.0006,2.504,2.601,1.47009,37.8,411.7,44.6,395.5,30.8,428.2,967,0.348,11
1126,-154.041,8.758,41.416,-0.2861,-0.7169,-0.6358,-0.223,-0.5983,0.7696,-0.9321,0.3619,0.0113,25.37,0.0034,2.661,2.679,1.41838,37.3,413.0,44.8,397.8,29.7,428.6,968,0.018,11
1127,-154.55,7.402,40.257,-0.2631,-0.7435,-0.6148,-0.2511,-0.5636,0.7869,-0.9316,0.3614,-0.0384,25.376,0.0013,2.848,2.744,1.26533,36.9,414.4,45.1,400.0,28.5,429.1,969,0.383,11
1128,-155.017,5.998,39.14,-0.2406,-0.7703,-0.5905,-0.2837,-0.5296,0.7994,-0.9286,0.3598,-0.0912,25.382,0.0042,3.032,2.793,1.31621,36.5,415.9,45.6,402.4,27.2,429.7,970,0.84,11
1129,-155.442,4.547,38.064,-0.2165,-0.7928,-0.5697,-0.3202,-0.4972,0.8064,-0.9226,0.357,-0.1462,25.388,0.0041,3.174,2.825,1.20442,36.2,417.4,46.2,404.7,25.9,430.3,970,1.015,11
1130,-155.821,3.057,37.028,-0.1936,-0.8146,-0.5468,-0.3594,-0.4673,0.8077,-0.9135,0.3529,-0.2023,25.394,0.0086,3.265,2.826,1.20605,35.9,418.9,46.9,406.9,24.6,431.1,971,0.507,11
1131,-156.158,1.529,36.032,-0.1685,-0.8321,-0.5284,-0.4005,-0.4406,0.8034,-0.9014,0.347,-0.259,25.4,0.0096,3.339,2.819,1.10296,35.7,420.4,47.7,409.2,23.3,432.0,972,0.047,11
1132,-156.445,-0.026,35.062,-0.1419,-0.8439,-0.5174,-0.4421,-0.4175,0.7939,-0.886,0.3414,-0.3139,25.407,0.0043,3.283,2.78,0.96109,35.4,422.0,48.6,411.3,22.0,433.0,973,0.648,11
1133,-156.687,-1.603,34.116,-0.1186,-0.8559,-0.5033,-0.4833,-0.3982,0.7797,-0.8678,0.3357,-0.3664,25.413,0.0057,3.201,2.731,0.91937,35.3,423.6,49.4,413.4,20.8,434.1,973,1.207,11
1134,-156.883,-3.199,33.193,-0.0924,-0.8653,-0.4927,-0.5229,-0.3825,0.7618,-0.8476,0.328,-0.4171,25.42,0.004,3.158,2.648,0.92011,35.2,425.3,50.3,415.4,19.7,435.3,974,0.549,11
1135,-157.029,-4.812,32.287,-0.0654,-0.873,-0.4834,-0.56,-0.3701,0.7412,-0.8259,0.3192,-0.4647,25.426,0.0014,3.04,2.533,0.91366,35.1,426.9,51.1,417.4,18.7,436.6,975,0.16,11
1136,-157.127,-6.438,31.4,-0.0401,-0.8801,-0.473,-0.5945,-0.3607,0.7186,-0.8031,0.3101,-0.5088,25.432,0.0014,2.892,2.424,0.87302,35.1,428.6,51.9,419.2,17.9,438.1,976,0.915,11
1137,-157.177,-8.076,30.532,-0.0141,-0.8862,-0.463,-0.6272,-0.3536,0.694,-0.7788,0.3002,-0.5509,25.439,0.0009,2.842,2.38,0.88096,35.1,430.2,52.8,421.1,17.1,439.5,976,0.941,11
1138,-157.18,-9.724,29.682,0.0098,-0.8911,-0.4538,-0.6586,-0.3481,0.6671,-0.7524,0.2923,-0.5902,25.445,0.001,2.75,2.39,0.80547,35.2,431.9,53.6,422.9,16.4,441.1,977,0.145,11
1139,-157.14,-11.381,28.849,0.0336,-0.8954,-0.444,-0.6877,-0.3443,0.6392,-0.7252,0.2839,-0.6273,25.451,0.0014,2.68,2.32,0.80612,35.3,433.6,54.4,424.6,15.9,442.7,978,0.687,11
1140,-157.054,-13.046,28.035,0.0595,-0.8992,-0.4334,-0.712,-0.3427,0.6128,-0.6996,0.2721,-0.6607,25.457,0.0002,2.504,2.058,0.87244,35.5,435.3,55.1,426.4,15.5,444.3,978,1.168,11
1141,-156.919,-14.716,27.242,0.0861,-0.9024,-0.4222,-0.7294,-0.3442,0.5912,-0.6788,0.2571,-0.6878,25.462,0.0018,2.138,1.592,0.89713,35.7,436.9,55.7,428.0,15.3,446.0,979,0.306,11
1142,-156.738,-16.392,26.468,0.1083,-0.9045,-0.4125,-0.7385,-0.3494,0.5766,-0.6657,0.2422,-0.7059,25.467,0.0018,1.539,1.03,0.75118,35.9,438.6,56.2,429.5,15.3,447.9,980,0.579,11
1143,-156.519,-18.072,25.711,0.1274,-0.9058,-0.404,-0.7395,-0.3578,0.5701,-0.661,0.2261,-0.7155,25.472,0.0004,1.107,0.611,0.64702,36.2,440.3,56.5,431.0,15.6,449.8,980,1.276,11
1144,-156.265,-19.753,24.969,0.1464,-0.9067,-0.3956,-0.7323,-0.3691,0.5723,-0.6649,0.2059,-0.7179,25.476,0.0011,1.187,0.778,0.64222,36.5,442.0,56.6,432.4,16.1,451.8,981,0.374,11
1145,-155.973,-21.435,24.244,0.1697,-0.9076,-0.3841,-0.7163,-0.3826,0.5836,-0.6766,0.1761,-0.715,25.48,0.0015,1.842,1.363,0.80321,36.9,443.7,56.6,433.7,16.9,453.9,982,0.54,11
1146,-155.636,-23.119,23.544,0.1937,-0.9076,-0.3724,-0.6919,-0.3972,0.6029,-0.6951,0.1409,-0.7049,25.483,0.002,2.351,1.969,0.82479,37.3,445.4,56.4,435.1,17.9,456.0,982,1.315,11
1147,-155.257,-24.801,22.86,0.2139,-0.906,-0.3653,-0.6601,-0.412,0.6281,-0.7195,0.1068,-0.6862,25.486,0.0026,2.631,2.475,0.66328,37.7,447.1,56.0,436.4,19.1,458.1,983,0.396,11
1148,-154.844,-26.479,22.186,0.2329,-0.9032,-0.3605,-0.6223,-0.4258,0.6568,-0.7467,0.0714,-0.6613,25.488,0.0029,2.929,2.832,0.61154,38.2,448.8,55.6,437.7,20.5,460.2,984,0.522,11
1149,-154.389,-28.152,21.526,0.2571,-0.9001,-0.3517,-0.5793,-0.4379,0.6875,-0.7729,0.027,-0.634,25.49,0.0034,3.343,3.106,0.80124,38.7,450.5,55.1,439.0,22.1,462.2,984,1.333,11
1150,-153.894,-29.817,20.876,0.2754,-0.8952,-0.3504,-0.5309,-0.4477,0.7196,-0.801,-0.0121,-0.5985,25.491,0.0024,3.428,3.375,0.58658,39.3,452.2,54.4,440.4,23.8,464.1,985,0.412,11
1151,-153.369,-31.472,20.223,0.2918,-0.8892,-0.3525,-0.4767,-0.4547,0.7523,-0.8292,-0.0515,-0.5566,25.492,0.0,3.671,3.65,0.54329,39.9,453.8,53.7,441.9,25.8,466.0,986,0.517,11
1152,-152.81,-33.116,19.571,0.3117,-0.8831,-0.3507,-0.4169,-0.4578,0.7853,-0.854,-0.0986,-0.5109,25.492,0.0011,4.02,3.918,0.64536,40.5,455.5,52.9,443.4,27.9,467.8,986,1.338,11
1153,-152.212,-34.748,18.924,0.3335,-0.8767,-0.3468,-0.3517,-0.4552,0.818,-0.8749,-0.1508,-0.4601,25.492,0.0019,4.343,4.183,0.71209,41.2,457.1,51.9,445.1,30.2,469.4,987,0.406,11
1154,-151.572,-36.367,18.284,0.3563,-0.8691,-0.343,-0.2816,-0.4458,0.8497,-0.8914,-0.2061,-0.4035,25.491,0.0043,4.633,4.442,0.75166,41.9,458.7,50.9,447.0,32.6,470.8,988,0.525,11
1155,-150.894,-37.974,17.653,0.3727,-0.8644,-0.3376,-0.2076,-0.4293,0.879,-0.9047,-0.2575,-0.3395,25.49,0.003,4.766,4.658,0.55277,42.6,460.4,49.8,449.0,35.3,472.0,988,1.33,11
1156,-150.186,-39.571,17.031,0.3912,-0.8581,-0.3325,-0.1311,-0.4056,0.9046,-0.9112,-0.3103,-0.2712,25.488,0.004,4.962,4.819,0.6239,43.4,461.9,48.6,451.1,38.0,473.0,989,0.407,11
1157,-149.442,-41.157,16.421,0.4121,-0.8516,-0.3238,-0.0529,-0.3741,0.9259,-0.9097,-0.3645,-0.1992,25.486,0.003,5.166,4.984,0.72762,44.2,463.5,47.5,453.5,40.8,473.8,990,0.504,11
1158,-148.658,-42.73,15.828,0.4335,-0.8441,-0.3155,0.0262,-0.334,0.9422,-0.9007,-0.4167,-0.1227,25.483,0.004,5.333,5.168,0.74598,45.0,465.1,46.4,456.1,43.7,474.4,990,1.351,11
1159,-147.833,-44.289,15.253,0.4561,-0.8365,-0.3035,0.1047,-0.2853,0.9527,-0.8836,-0.4663,-0.0426,25.48,0.0027,5.488,5.329,0.82459,45.9,466.7,45.3,458.8,46.6,474.7,991,0.456,11
1160,-146.965,-45.832,14.701,0.4793,-0.8279,-0.2913,0.1812,-0.2279,0.9567,-0.8584,-0.5114,0.0407,25.476,0.0032,5.618,5.487,0.85225,46.8,468.2,44.2,461.8,49.5,474.8,992,0.419,11
1161,-146.056,-47.36,14.173,0.5004,-0.8199,-0.2781,0.2544,-0.1629,0.9533,-0.8269,-0.5477,0.1271,25.472,0.0042,5.667,5.614,0.80757,47.8,469.7,43.3,465.0,52.4,474.6,993,1.268,11
1162,-145.108,-48.873,13.671,0.5228,-0.8108,-0.2633,0.3233,-0.0916,0.9419,-0.7878,-0.5775,0.2142,25.468,0.0047,5.733,5.721,0.87572,48.8,471.2,42.5,468.3,55.2,474.3,993,0.587,11
1163,-144.116,-50.368,13.198,0.5459,-0.8007,-0.2467,0.387,-0.0154,0.9219,-0.742,-0.5988,0.3015,25.463,0.0038,5.781,5.807,0.93251,49.8,472.7,41.9,471.7,57.9,473.8,994,0.235,11
1164,-143.081,-51.842,12.757,0.5703,-0.7893,-0.2275,0.445,0.0637,0.8932,-0.6905,-0.6107,0.3876,25.458,0.0003,5.791,5.858,1.02179,50.9,474.2,41.4,475.2,60.6,473.2,995,1.022,11
1165,-142.001,-53.296,12.357,0.5949,-0.777,-0.2058,0.4969,0.144,0.8558,-0.6353,-0.6114,0.4718,25.453,0.0076,5.771,5.885,1.08228,52.0,475.7,41.2,478.7,63.1,472.6,995,0.833,11
1166,-140.874,-54.722,11.986,0.619,-0.7615,-0.1924,0.5418,0.2241,0.8101,-0.5737,-0.6057,0.5513,25.448,0.0089,5.774,5.879,0.9772,53.2,477.1,41.1,482.1,65.6,471.9,996,0.08,11
1167,-139.705,-56.119,11.64,0.6429,-0.7434,-0.1845,0.579,0.3029,0.757,-0.5068,-0.5935,0.6252,25.442,0.0074,5.757,5.849,0.95777,54.4,478.5,41.2,485.6,67.8,471.3,997,0.643,11
1168,-138.488,-57.476,11.294,0.6679,-0.7202,-0.1877,0.6076,0.3794,0.6978,-0.4314,-0.5801,0.691,25.436,0.0016,5.787,5.782,1.05824,55.6,479.8,41.6,488.9,69.9,470.6,997,1.212,11
1169,-137.228,-58.792,10.947,0.6909,-0.6985,-0.1864,0.6269,0.4529,0.6339,-0.3584,-0.5548,0.7509,25.43,0.0014,5.603,5.691,0.97767,56.9,481.2,42.3,492.1,71.9,470.0,998,0.513,11
1170,-135.927,-60.067,10.602,0.7128,-0.6765,-0.1852,0.6366,0.5233,0.5665,-0.2863,-0.5217,0.8037,25.425,0.0052,5.462,5.614,0.95966,58.3,482.4,43.2,495.2,73.6,469.4,999,0.158,11
1171,-134.582,-61.299,10.262,0.7365,-0.6517,-0.1811,0.6364,0.59,0.4969,-0.217,-0.4812,0.8493,25.419,0.0058,5.291,5.525,1.06728,59.6,483.7,44.4,498.2,75.1,468.9,1000,0.797,11
1172,-133.195,-62.484,9.93,0.7604,-0.6251,-0.1761,0.6263,0.6524,0.4267,-0.1518,-0.4348,0.8876,25.414,0.0067,5.085,5.415,1.11548,61.1,484.8,46.0,501.0,76.4,468.4,1000,1.059,11
1173,-131.76,-63.615,9.611,0.7862,-0.5945,-0.1687,0.607,0.7098,0.3575,-0.0928,-0.3834,0.9189,25.408,0.0051,4.83,5.271,1.25751,62.5,486.0,47.8,503.7,77.4,468.1,1001,0.451,11
1174,-130.277,-64.688,9.307,0.8128,-0.5608,-0.1577,0.5796,0.7612,0.2909,-0.0431,-0.3278,0.9438,25.403,0.0017,4.506,5.071,1.36923,64.0,487.0,49.8,506.1,78.4,467.8,1002,0.125,11
1175,-128.745,-65.694,9.026,0.8386,-0.525,-0.1455,0.5457,0.8062,0.2287,-0.0028,-0.2711,0.9625,25.398,0.0011,4.128,4.81,1.41448,65.6,488.0,52.1,508.3,79.2,467.6,1003,0.669,11
1176,-127.168,-66.636,8.77,0.861,-0.4916,-0.1305,0.5068,0.8448,0.1714,0.026,-0.2137,0.9765,25.394,0.0013,3.767,4.544,1.32604,67.2,489.0,54.6,510.3,79.9,467.5,1004,1.183,11
1177,-125.556,-67.523,8.537,0.8796,-0.4608,-0.1181,0.4646,0.8774,0.1194,0.0486,-0.1599,0.9859,25.389,0.0097,3.387,4.269,1.17573,68.8,489.8,57.2,512.1,80.5,467.5,1004,0.672,11
1178,-123.9,-68.334,8.341,0.9064,-0.4122,-0.0925,0.4201,0.9043,0.0753,0.0526,-0.1071,0.9929,25.385,0.0011,3.061,3.907,1.88855,70.5,490.7,60.0,513.6,81.1,467.6,1005,0.186,11
1179,-122.198,-69.057,8.189,0.9271,-0.3682,-0.0703,0.3744,0.9263,0.0413,0.0499,-0.0646,0.9967,25.381,0.0031,2.45,3.499,1.65151,72.2,491.4,62.8,514.9,81.7,467.8,1006,0.276,11
1180,-120.462,-69.7,8.082,0.9443,-0.3261,-0.0441,0.3281,0.9445,0.0181,0.0357,-0.0316,0.9989,25.378,0.001,2.062,3.146,1.62164,74.0,492.0,65.7,516.1,82.3,467.9,1007,0.715,11
1181,-118.697,-70.268,8.025,0.9587,-0.2837,-0.0199,0.2815,0.9596,0.0052,0.0176,-0.0106,0.9998,25.374,0.0025,1.589,2.903,1.57261,75.8,492.6,68.6,517.0,82.9,468.1,1008,1.136,11
1182,-116.906,-70.747,8.0,0.9724,-0.2332,-0.0071,0.2349,0.972,-0.0002,0.0069,-0.0014,1.0,25.371,0.0017,0.809,2.78,1.66438,77.6,493.1,71.6,517.8,83.6,468.3,1008,0.719,11
1183,-115.093,-71.138,8.004,0.9823,-0.1874,0.0087,0.1887,0.982,-0.0011,-0.0083,0.0027,1.0,25.368,0.0013,0.902,2.709,1.52773,79.4,493.5,74.6,518.5,84.2,468.4,1009,0.311,11
1184,-113.263,-71.441,8.025,0.9902,-0.1391,0.0124,0.1438,0.9896,-0.0001,-0.0122,0.0019,0.9999,25.365,0.0047,0.228,2.61,1.51641,81.2,493.8,77.6,519.0,84.9,468.5,1010,0.084,11
1185,-111.421,-71.657,8.05,0.9954,-0.0946,0.0154,0.101,0.9949,0.0004,-0.0154,0.0012,0.9999,25.362,0.0064,0.188,2.471,1.38729,83.1,494.0,80.5,519.3,85.7,468.6,1011,0.468,11
1186,-109.572,-71.794,8.083,0.9984,-0.0536,0.0199,0.0607,0.9982,0.0002,-0.0198,0.001,0.9998,25.359,0.0071,0.252,2.317,1.27765,84.9,494.1,83.4,519.5,86.5,468.7,1012,0.838,11
1187,-107.719,-71.858,8.124,0.9996,-0.0173,0.0239,0.0233,0.9997,-0.0001,-0.0239,0.0006,0.9997,25.356,0.006,0.236,2.145,1.12876,86.8,494.2,86.2,519.6,87.4,468.7,1012,1.017,11
1188,-105.865,-71.86,8.171,0.9995,0.0157,0.0274,-0.0111,0.9999,-0.0001,-0.0274,-0.0002,0.9996,25.354,0.0046,0.206,1.971,1.02519,88.7,494.2,88.9,519.7,88.4,468.7,1013,0.662,11
1189,-104.012,-71.801,8.226,0.9984,0.0474,0.0318,-0.0426,0.9991,-0.0001,-0.0318,-0.0013,0.9995,25.352,0.0048,0.26,1.805,0.98915,90.5,494.1,91.6,519.6,89.4,468.7,1014,0.327,11
1190,-102.162,-71.685,8.289,0.9964,0.0768,0.0364,-0.0713,0.9975,0.0,-0.0363,-0.0026,0.9993,25.349,0.0056,0.269,1.647,0.92146,92.4,494.0,94.2,519.4,90.5,468.6,1015,0.018,11
1191,-100.316,-71.519,8.36,0.994,0.1019,0.0395,-0.0975,0.9952,0.0001,-0.0393,-0.0039,0.9992,25.346,0.0045,0.187,1.507,0.78473,94.2,493.9,96.7,519.2,91.7,468.5,1016,0.26,11
1192,-98.474,-71.309,8.436,0.9913,0.1244,0.0431,-0.1215,0.9926,0.0,-0.0428,-0.0053,0.9991,25.344,0.003,0.216,1.383,0.70877,96.1,493.6,99.2,518.9,93.0,468.4,1017,0.498,11
1193,-96.638,-71.058,8.52,0.9882,0.1459,0.0473,-0.144,0.9896,0.0,-0.0468,-0.0068,0.9989,25.341,0.0021,0.245,1.301,0.68343,97.9,493.4,101.6,518.6,94.2,468.2,1018,0.689,11
1194,-94.809,-70.767,8.612,0.9845,0.1677,0.0521,-0.1655,0.9862,0.0,-0.0514,-0.0086,0.9986,25.338,0.0025,0.284,1.247,0.69895,99.7,493.1,103.9,518.2,95.5,468.0,1019,0.83,11
1195,-92.986,-70.437,8.712,0.9806,0.1878,0.0557,-0.1863,0.9825,0.0,-0.0547,-0.0104,0.9984,25.334,0.0018,0.216,1.21,0.64221,101.6,492.8,106.3,517.8,96.8,467.8,1020,0.917,11
1196,-91.171,-70.071,8.819,0.9765,0.207,0.0595,-0.2069,0.9784,0.0,-0.0582,-0.0123,0.9982,25.331,0.0005,0.228,1.203,0.6177,103.4,492.4,108.6,517.3,98.1,467.5,1020,0.939,11
1197,-89.364,-69.669,8.933,0.9719,0.2265,0.0637,-0.2276,0.9738,0.0,-0.062,-0.0145,0.998,25.327,0.0006,0.252,1.215,0.63233,105.2,492.0,111.0,516.8,99.4,467.2,1021,0.909,11
1198,-87.566,-69.23,9.056,0.9664,0.2476,0.0686,-0.2487,0.9686,0.0,-0.0665,-0.0171,0.9976,25.323,0.0005,0.299,1.245,0.69038,107.0,491.6,113.3,516.2,100.7,466.9,1023,0.822,11
1199,-85.779,-68.75,9.188,0.9602,0.269,0.0746,-0.2705,0.9627,0.0,-0.0718,-0.0202,0.9972,25.319,0.0008,0.353,1.294,0.71283,108.8,491.1,115.7,515.6,101.9,466.6,1024,0.661,11
1200,-84.004,-68.231,9.332,0.9533,0.2913,0.0796,-0.2933,0.956,0.0,-0.0761,-0.0233,0.9968,25.314,0.0011,0.305,1.362,0.73745,110.6,490.6,118.0,514.9,103.1,466.3,1025,0.429,11
1201,-82.243,-67.669,9.483,0.9453,0.3153,0.0832,-0.3173,0.9483,0.0,-0.0789,-0.0264,0.9965,25.309,0.0009,0.24,1.444,0.78939,112.3,490.0,120.4,514.2,104.2,465.9,1026,0.124,11
1202,-80.498,-67.06,9.64,0.9361,0.3411,0.0854,-0.3427,0.9394,0.0,-0.0802,-0.0293,0.9963,25.304,0.0004,0.182,1.542,0.84894,114.1,489.4,122.8,513.3,105.3,465.5,1027,0.241,11
1203,-78.77,-66.406,9.8,0.9267,0.3654,0.0882,-0.3696,0.9292,0.0,-0.082,-0.0326,0.9961,25.299,0.003,0.216,1.648,0.80946,115.8,488.8,125.2,512.4,106.4,465.1,1028,0.65,11
1204,-77.063,-65.699,9.967,0.9134,0.3966,0.092,-0.3965,0.918,0.0,-0.0844,-0.0365,0.9958,25.293,0.0019,0.263,1.67,1.0544,117.5,488.1,127.6,511.4,107.4,464.7,1030,0.329,11
1205,-75.382,-64.937,10.141,0.9007,0.4239,0.095,-0.4215,0.9068,0.0,-0.0861,-0.04,0.9955,25.288,0.0047,0.224,1.57,0.93494,119.2,487.3,129.9,510.4,108.5,464.2,1031,0.104,11
1206,-73.721,-64.133,10.319,0.8907,0.444,0.0976,-0.4428,0.8966,0.0,-0.0875,-0.0432,0.9952,25.282,0.0037,0.201,1.353,0.69835,120.9,486.5,132.1,509.3,109.6,463.7,1032,0.507,11
1207,-72.077,-63.292,10.503,0.8814,0.4615,0.1006,-0.4595,0.8882,0.0,-0.0893,-0.0462,0.9949,25.277,0.0049,0.201,1.071,0.61903,122.5,485.7,134.2,508.2,110.8,463.1,1034,0.69,11
1208,-70.449,-62.424,10.691,0.8749,0.4734,0.102,-0.4723,0.8815,0.0,-0.0899,-0.0482,0.9948,25.273,0.0041,0.12,0.828,0.42115,124.1,484.8,136.1,507.2,112.1,462.4,1035,0.464,11
1209,-68.831,-61.538,10.881,0.8702,0.4819,0.1025,-0.4818,0.8763,0.0,-0.0899,-0.0494,0.9947,25.268,0.003,0.069,0.62,0.30043,125.8,483.9,138.0,506.2,113.5,461.6,1036,0.309,11
1210,-67.22,-60.638,11.071,0.8668,0.4881,0.1023,-0.4887,0.8724,0.0,-0.0893,-0.05,0.9948,25.264,0.0022,0.049,0.454,0.21848,127.4,483.0,139.8,505.2,114.9,460.8,1037,0.228,11
1211,-65.614,-59.728,11.26,0.8644,0.4925,0.1015,-0.4938,0.8696,0.0,-0.0883,-0.0501,0.9948,25.261,0.0014,0.057,0.333,0.15676,129.0,482.1,141.5,504.2,116.4,460.0,1038,0.223,11
1212,-64.013,-58.811,11.448,0.8628,0.4956,0.1002,-0.4976,0.8674,0.0,-0.0869,-0.0499,0.995,25.257,0.0006,0.082,0.252,0.11498,130.6,481.2,143.2,503.2,117.9,459.1,1039,0.295,11
1213,-62.413,-57.89,11.632,0.8619,0.4975,0.0984,-0.5008,0.8656,0.0,-0.0852,-0.0493,0.9951,25.255,0.001,0.103,0.21,0.08548,132.2,480.3,144.9,502.3,119.5,458.3,1040,0.446,11
1214,-60.816,-56.966,11.812,0.8609,0.4997,0.0959,-0.5039,0.8638,0.0,-0.0829,-0.0483,0.9954,25.252,0.0022,0.145,0.205,0.10744,133.8,479.3,146.6,501.3,121.0,457.4,1041,0.678,11
1215,-59.22,-56.036,11.988,0.8596,0.5021,0.0942,-0.5071,0.8619,0.0,-0.0812,-0.0478,0.9956,25.25,0.0031,0.102,0.213,0.09929,135.4,478.4,148.3,500.3,122.5,456.5,1042,0.991,11
1216,-57.627,-55.103,12.162,0.8583,0.5047,0.0931,-0.5105,0.8599,0.0,-0.0801,-0.0475,0.9957,25.249,0.0042,0.066,0.226,0.09598,137.0,477.5,150.0,499.3,124.0,455.6,1042,0.864,11
1217,-56.036,-54.164,12.334,0.8567,0.5074,0.0925,-0.514,0.8578,0.0,-0.0794,-0.0476,0.9957,25.248,0.0051,0.04,0.234,0.09867,138.6,476.5,151.6,498.3,125.5,454.7,1043,0.468,11
1218,-54.448,-53.22,12.506,0.855,0.5104,0.0924,-0.5178,0.8555,0.0,-0.0791,-0.0479,0.9957,25.247,0.0061,0.024,0.254,0.10652,140.2,475.6,153.3,497.3,127.0,453.8,1044,0.04,11
1219,-52.864,-52.27,12.677,0.853,0.5137,0.0927,-0.5217,0.8531,0.0,-0.0791,-0.0484,0.9957,25.247,0.0068,0.029,0.262,0.11953,141.8,474.6,155.0,496.3,128.5,452.9,1045,0.58,11
1220,-51.284,-51.314,12.85,0.8507,0.5173,0.0934,-0.5259,0.8505,0.0,-0.0795,-0.0491,0.9956,25.248,0.0074,0.047,0.283,0.13368,143.3,473.7,156.7,495.3,130.0,452.1,1046,1.229,11
1221,-49.708,-50.35,13.024,0.848,0.5215,0.0946,-0.5303,0.8478,0.0,-0.0802,-0.0502,0.9955,25.248,0.0076,0.075,0.296,0.15859,144.9,472.7,158.4,494.3,131.4,451.2,1046,0.629,11
1222,-48.138,-49.378,13.201,0.8448,0.5264,0.0962,-0.5351,0.8448,0.0,-0.0813,-0.0515,0.9954,25.25,0.0073,0.098,0.324,0.18736,146.5,471.7,160.1,493.2,132.9,450.3,1047,0.117,11
1223,-46.574,-48.396,13.382,0.8409,0.5322,0.0985,-0.5401,0.8416,0.0,-0.0829,-0.0532,0.9951,25.252,0.0063,0.135,0.34,0.22722,148.1,470.8,161.8,492.2,134.3,449.3,1048,0.932,11
1224,-45.018,-47.403,13.567,0.836,0.5393,0.1016,-0.5455,0.8381,0.0,-0.0852,-0.0554,0.9948,25.254,0.0041,0.183,0.369,0.28315,149.6,469.8,163.5,491.1,135.8,448.4,1048,0.923,11
1225,-43.474,-46.396,13.759,0.8306,0.5469,0.1049,-0.5512,0.8344,0.0,-0.0875,-0.0578,0.9945,25.257,0.0015,0.191,0.389,0.30564,151.2,468.8,165.2,490.0,137.2,447.5,1049,0.016,11
1226,-41.938,-45.375,13.956,0.8257,0.5538,0.1074,-0.5572,0.8304,0.0,-0.0892,-0.0599,0.9942,25.26,0.0002,0.156,0.413,0.27269,152.7,467.7,166.9,488.9,138.5,446.6,1050,0.994,11
1227,-40.412,-44.342,14.157,0.8204,0.5611,0.1099,-0.5635,0.8261,0.0,-0.0908,-0.0619,0.9939,25.264,0.0012,0.148,0.437,0.28917,154.3,466.7,168.6,487.7,139.9,445.7,1050,0.866,11
1228,-38.895,-43.294,14.363,0.8151,0.5684,0.1121,-0.5699,0.8217,0.0,-0.0921,-0.0639,0.9937,25.268,0.0025,0.137,0.445,0.28682,155.8,465.6,170.3,486.6,141.3,444.7,1051,0.253,11
1229,-37.388,-42.233,14.573,0.8098,0.5755,0.114,-0.5764,0.8172,0.0,-0.0932,-0.0657,0.9935,25.272,0.0035,0.121,0.453,0.27993,157.3,464.6,172.0,485.4,142.6,443.8,1052,1.425,11
1230,-35.89,-41.159,14.786,0.8049,0.582,0.1155,-0.5828,0.8126,0.0,-0.0939,-0.0673,0.9933,25.276,0.0038,0.101,0.452,0.25568,158.8,463.5,173.7,484.2,144.0,442.8,1052,0.441,11
1231,-34.402,-40.075,15.001,0.8007,0.5876,0.1165,-0.5891,0.8081,0.0,-0.0942,-0.0686,0.9932,25.281,0.0031,0.077,0.444,0.21844,160.3,462.4,175.3,483.0,145.3,441.8,1053,0.842,11
1232,-32.92,-38.98,15.218,0.7973,0.5921,0.117,-0.5951,0.8036,0.0,-0.0941,-0.0697,0.9931,25.286,0.0013,0.064,0.43,0.1749,161.8,461.3,177.0,481.8,146.6,440.8,1053,1.015,11
1233,-31.444,-37.879,15.436,0.7935,0.5965,0.1209,-0.6009,0.7993,0.0,-0.0966,-0.0726,0.9927,25.29,0.0,0.221,0.414,0.2163,163.3,460.2,178.6,480.6,148.0,439.8,1054,0.332,11
1234,-29.978,-36.767,15.67,0.7878,0.6021,0.1301,-0.6064,0.7952,0.0,-0.1034,-0.0789,0.9915,25.295,0.0011,0.536,0.393,0.37642,164.8,459.1,180.2,479.4,149.3,438.8,1054,1.523,11
1235,-28.521,-35.645,15.916,0.7831,0.607,0.1354,-0.6115,0.7913,0.0,-0.1071,-0.0828,0.9908,25.3,0.0015,0.311,0.368,0.26599,166.2,458.0,181.8,478.2,150.6,437.8,1055,0.122,11
1236,-27.072,-34.515,16.17,0.7792,0.6115,0.1373,-0.6163,0.7875,0.0,-0.1081,-0.0846,0.9905,25.305,0.0013,0.119,0.351,0.19309,167.7,456.8,183.4,476.9,151.9,436.7,1056,1.343,11
1237,-25.629,-33.377,16.424,0.7761,0.6158,0.136,-0.6208,0.784,0.0,-0.1066,-0.0844,0.9907,25.309,0.001,0.087,0.327,0.16857,169.1,455.7,185.0,475.7,153.3,435.7,1056,0.513,11
1238,-24.192,-32.231,16.673,0.7737,0.6198,0.1316,-0.6251,0.7806,0.0,-0.1027,-0.0823,0.9913,25.314,0.0002,0.256,0.314,0.19806,170.6,454.5,186.6,474.5,154.6,434.6,1057,0.986,11
1239,-22.759,-31.078,16.91,0.7718,0.6236,0.124,-0.629,0.7774,0.0,-0.0964,-0.078,0.9923,25.318,0.0007,0.441,0.289,0.26894,172.0,453.4,188.1,473.2,155.9,433.5,1057,0.869,11
1240,-21.328,-29.917,17.131,0.7705,0.6274,0.113,-0.6328,0.7743,0.0,-0.0875,-0.0715,0.9936,25.323,0.0018,0.636,0.281,0.36168,173.5,452.2,189.6,472.0,157.3,432.4,1058,0.657,11
1241,-19.9,-28.75,17.327,0.7696,0.631,0.0982,-0.6363,0.7715,0.0,-0.0757,-0.0625,0.9952,25.327,0.0029,0.855,0.257,0.47132,174.9,451.0,191.2,470.8,158.6,431.3,1058,1.198,11
1242,-18.473,-27.576,17.492,0.769,0.6344,0.0788,-0.6395,0.7688,0.0,-0.0606,-0.0504,0.9969,25.331,0.004,1.113,0.24,0.60854,176.3,449.8,192.7,469.5,160.0,430.2,1059,0.347,11
1243,-17.05,-26.395,17.625,0.7656,0.6399,0.0664,-0.6426,0.7662,0.0,-0.0509,-0.0427,0.9978,25.335,0.0017,0.711,0.232,0.43209,177.8,448.7,194.2,468.3,161.3,429.1,1059,1.508,11
1244,-15.634,-25.203,17.738,0.7616,0.6456,0.056,-0.6455,0.7638,0.0,-0.0428,-0.0362,0.9984,25.339,0.0015,0.596,0.216,0.38667,179.2,447.5,195.7,467.0,162.7,427.9,1060,0.057,11
1245,-14.224,-24.001,17.832,0.7583,0.6504,0.0442,-0.648,0.7616,0.0,-0.0337,-0.0287,0.999,25.343,0.004,0.677,0.191,0.40648,180.6,446.2,197.2,465.7,164.0,426.7,1061,1.595,11
1246,-12.82,-22.791,17.902,0.7559,0.6539,0.0315,-0.6503,0.7596,0.0,-0.0239,-0.0205,0.9995,25.346,0.0051,0.733,0.175,0.41365,182.1,445.0,198.7,464.5,165.4,425.6,1061,0.265,11
1247,-11.419,-21.576,17.948,0.7544,0.6561,0.0181,-0.6523,0.7579,0.0,-0.0137,-0.0118,0.9998,25.35,0.0052,0.768,0.15,0.42208,183.5,443.8,200.2,463.2,166.8,424.4,1062,1.283,11
1248,-10.021,-20.358,17.969,0.7539,0.6569,0.0047,-0.6539,0.7565,0.0,-0.0036,-0.0031,1.0,25.353,0.004,0.764,0.122,0.41502,184.9,442.6,201.6,461.9,168.1,423.2,1062,0.574,11
1249,-8.622,-19.14,17.966,0.7544,0.6564,-0.0083,-0.6552,0.7555,0.0,0.0063,0.0055,1.0,25.356,0.0016,0.751,0.094,0.40223,186.3,441.3,203.1,460.7,169.5,422.0,1063,0.956,11
1250,-7.222,-17.924,17.939,0.7556,0.6548,-0.0206,-0.656,0.7548,0.0,0.0156,0.0135,0.9998,25.359,0.0014,0.703,0.061,0.38493,187.7,440.1,204.5,459.4,170.9,420.8,1063,0.899,11
1251,-5.82,-16.712,17.889,0.7567,0.6529,-0.0331,-0.6564,0.7544,0.0,0.025,0.0217,0.9995,25.361,0.0042,0.715,0.032,0.39208,189.1,438.9,205.9,458.2,172.3,419.6,1064,0.609,11
1252,-4.415,-15.501,17.816,0.7567,0.6522,-0.0457,-0.6563,0.7545,0.0,0.0344,0.03,0.999,25.363,0.0045,0.719,0.008,0.38967,190.5,437.7,207.4,457.0,173.7,418.3,1064,1.247,11
1253,-3.012,-14.292,17.721,0.7563,0.6518,-0.0563,-0.656,0.7548,0.0,0.0425,0.037,0.9984,25.365,0.0042,0.614,0.024,0.32797,192.0,436.4,208.8,455.8,175.2,417.1,1065,0.234,11
1254,-1.61,-13.083,17.608,0.7558,0.6515,-0.0657,-0.6554,0.7553,0.0,0.0496,0.043,0.9978,25.367,0.0033,0.534,0.045,0.2909,193.4,435.2,210.2,454.6,176.6,415.9,1065,1.624,11
1255,-0.208,-11.875,17.478,0.7551,0.6515,-0.0741,-0.6547,0.7559,0.0,0.056,0.0485,0.9973,25.368,0.0019,0.484,0.053,0.26032,194.8,434.0,211.6,453.4,178.0,414.6,1066,0.194,11
1256,1.191,-10.666,17.334,0.7541,0.6516,-0.0817,-0.6541,0.7564,0.0,0.0618,0.0534,0.9967,25.369,0.0004,0.436,0.045,0.23675,196.2,432.8,213.0,452.1,179.4,413.4,1067,1.206,12
1257,2.589,-9.457,17.175,0.753,0.652,-0.0889,-0.6535,0.7569,0.0,0.0673,0.0581,0.996,25.37,0.0014,0.416,0.045,0.22529,197.6,431.5,214.4,450.9,180.9,412.2,1067,0.655,12
1258,3.985,-8.247,17.004,0.7517,0.6525,-0.0957,-0.6532,0.7572,0.0,0.0724,0.0625,0.9954,25.37,0.0031,0.387,0.024,0.21439,199.0,430.3,215.8,449.7,182.3,410.9,1068,0.688,12
1259,5.378,-7.036,16.82,0.7501,0.6533,-0.1023,-0.6532,0.7571,0.0,0.0775,0.0668,0.9948,25.37,0.0046,0.384,0.004,0.21123,200.4,429.1,217.2,448.5,183.7,409.7,1068,1.17,12
1260,6.768,-5.823,16.625,0.7483,0.6544,-0.1089,-0.6537,0.7567,0.0,0.0824,0.0712,0.9941,25.37,0.006,0.379,0.037,0.21405,201.8,427.9,218.6,447.3,185.1,408.5,1069,0.118,12
1261,8.154,-4.608,16.416,0.746,0.6558,-0.1157,-0.6548,0.7558,0.0,0.0874,0.0757,0.9933,25.37,0.0072,0.388,0.081,0.22579,203.2,426.7,220.0,446.0,186.5,407.3,1070,1.337,12
1262,9.534,-3.39,16.195,0.7437,0.6572,-0.1226,-0.6565,0.7543,0.0,0.0925,0.0805,0.9925,25.369,0.0075,0.404,0.13,0.22897,204.6,425.4,221.4,444.7,187.8,406.1,1070,0.517,12
1263,10.913,-2.172,15.962,0.7426,0.6571,-0.1293,-0.6589,0.7522,0.0,0.0972,0.0852,0.9916,25.367,0.005,0.384,0.183,0.20973,206.0,424.2,222.9,443.4,189.1,404.9,1071,0.65,12
1264,12.289,-0.952,15.715,0.7411,0.6573,-0.1366,-0.662,0.7495,0.0,0.1024,0.0905,0.9906,25.366,0.002,0.429,0.236,0.23028,207.4,423.0,224.3,442.1,190.5,403.8,1071,1.206,12
1265,13.662,0.268,15.454,0.739,0.6579,-0.1449,-0.6657,0.7463,0.0,0.1082,0.0965,0.9894,25.364,0.001,0.483,0.28,0.26506,208.8,421.7,225.8,440.8,191.7,402.6,1072,0.119,12
1266,15.031,1.488,15.177,0.7363,0.6587,-0.1545,-0.6698,0.7425,0.0,0.1147,0.1035,0.988,25.363,0.0041,0.553,0.32,0.30908,210.2,420.5,227.3,439.5,193.0,401.5,1073,0.948,12
1267,16.394,2.712,14.88,0.7328,0.66,-0.1658,-0.6743,0.7384,0.0,0.1224,0.1118,0.9862,25.361,0.0068,0.657,0.349,0.36757,211.5,419.3,228.8,438.1,194.3,400.4,1073,0.913,12
1268,17.749,3.938,14.56,0.728,0.6616,-0.1795,-0.6792,0.734,0.0,0.1317,0.1219,0.9838,25.36,0.0088,0.799,0.377,0.45097,212.9,418.0,230.3,436.8,195.5,399.3,1074,0.1,12
1269,19.094,5.167,14.212,0.7215,0.6638,-0.1968,-0.6842,0.7293,0.0,0.1435,0.1346,0.9804,25.358,0.0095,1.012,0.393,0.57484,214.2,416.8,231.7,435.4,196.8,398.2,1075,0.989,12
1270,20.424,6.401,13.827,0.7121,0.6668,-0.2197,-0.6895,0.7243,0.0,0.1591,0.1515,0.9756,25.358,0.008,1.346,0.417,0.77034,215.6,415.5,233.2,434.1,198.0,397.0,1075,0.866,12
1271,21.733,7.641,13.396,0.6995,0.672,-0.2431,-0.6947,0.7193,0.0,0.1748,0.1689,0.97,25.357,0.0026,1.381,0.413,0.83693,216.9,414.3,234.6,432.7,199.1,395.9,1076,0.031,12
1272,23.017,8.892,12.919,0.6842,0.676,-0.2735,-0.6999,0.7142,0.0,0.1954,0.1914,0.9619,25.357,0.0039,1.808,0.417,1.05866,218.2,413.0,236.1,431.3,200.3,394.8,1077,0.85,12
1273,24.27,10.145,12.375,0.6682,0.6744,-0.3142,-0.7048,0.7095,0.0,0.2229,0.2214,0.9494,25.358,0.0075,2.439,0.389,1.35237,219.4,411.8,237.4,429.9,201.4,393.7,1077,1.005,12
1274,25.497,11.389,11.754,0.6561,0.6661,-0.3546,-0.709,0.7052,0.0,0.2501,0.2514,0.935,25.359,0.0046,2.463,0.344,1.32822,220.7,410.5,238.8,428.5,202.6,392.5,1078,0.17,12
1275,26.707,12.615,11.066,0.6464,0.6576,-0.3869,-0.7124,0.7018,0.0,0.2716,0.2757,0.9221,25.361,0.001,2.001,0.275,1.07435,221.9,409.3,240.1,427.2,203.7,391.4,1079,0.666,12
1276,27.893,13.831,10.319,0.6323,0.6525,-0.4176,-0.7149,0.6993,0.0,0.292,0.2985,0.9086,25.364,0.0043,1.916,0.203,1.05548,223.1,408.1,241.3,425.9,204.8,390.2,1079,1.19,12
1277,29.054,15.035,9.518,0.6207,0.6449,-0.4458,-0.7164,0.6976,0.0,0.311,0.3194,0.8951,25.368,0.0052,1.794,0.13,0.97073,224.2,406.9,242.5,424.7,205.9,389.1,1080,0.348,12
1278,30.197,16.222,8.667,0.6114,0.6352,-0.4719,-0.7172,0.6969,0.0,0.3289,0.3385,0.8816,25.373,0.0042,1.688,0.061,0.907,225.3,405.7,243.6,423.5,207.1,387.9,1081,0.509,12
1279,31.324,17.39,7.768,0.6041,0.6235,-0.4963,-0.7171,0.6969,0.0,0.3459,0.3559,0.8681,25.378,0.0013,1.594,0.004,0.86573,226.5,404.5,244.7,422.3,208.2,386.8,1081,1.347,12
1280,32.438,18.534,6.826,0.5978,0.61,-0.5201,-0.7163,0.6978,0.0,0.3629,0.3726,0.8541,25.383,0.0025,1.584,0.069,0.86769,227.6,403.4,245.8,421.2,209.3,385.6,1082,0.47,12
1281,33.537,19.653,5.835,0.5865,0.5974,-0.5469,-0.7149,0.6993,0.0,0.3825,0.391,0.8372,25.389,0.0015,1.819,0.118,0.979,228.6,402.3,246.9,420.1,210.4,384.5,1083,0.428,12
1282,34.616,20.751,4.801,0.5777,0.5869,-0.5673,-0.7129,0.7013,0.0,0.3978,0.4044,0.8235,25.395,0.0002,1.405,0.162,0.75906,229.7,401.2,247.9,419.1,211.6,383.3,1084,1.35,12
1283,35.681,21.831,3.734,0.5711,0.5778,-0.5831,-0.7104,0.7038,0.0,0.4104,0.4143,0.8124,25.402,0.0009,1.117,0.203,0.59897,230.8,400.1,248.8,418.0,212.7,382.2,1084,0.506,12
1284,36.736,22.896,2.64,0.5662,0.5697,-0.5958,-0.7077,0.7065,0.0,0.4209,0.4216,0.8032,25.41,0.0018,0.903,0.219,0.48924,231.8,399.1,249.8,417.0,213.8,381.1,1085,0.442,12
1285,37.783,23.945,1.525,0.5628,0.5622,-0.6059,-0.7049,0.7093,0.0,0.4298,0.4271,0.7955,25.42,0.0021,0.744,0.227,0.40249,232.8,398.0,250.7,416.1,214.9,380.0,1086,1.405,12
1286,38.825,24.982,0.393,0.561,0.5552,-0.614,-0.702,0.7122,0.0,0.4373,0.431,0.7893,25.432,0.0016,0.601,0.235,0.33527,233.8,397.0,251.7,415.1,216.0,378.9,1086,0.451,12
1287,39.854,25.994,-0.768,0.545,0.5319,-0.6481,-0.6993,0.7148,0.0,0.4633,0.4532,0.7615,25.446,0.0009,2.525,0.215,1.37026,234.8,396.0,252.6,414.2,217.1,377.8,1087,0.533,12
1288,40.852,26.962,-1.998,0.5316,0.5135,-0.6735,-0.6967,0.7174,0.0,0.4832,0.4692,0.7392,25.46,0.002,1.943,0.211,1.05266,235.8,395.1,253.5,413.3,218.1,376.8,1087,1.325,12
1289,41.833,27.906,-3.259,0.5272,0.5058,-0.6828,-0.6941,0.7199,0.0,0.4916,0.4739,0.7306,25.475,0.0018,0.74,0.207,0.39681,236.8,394.1,254.4,412.5,219.1,375.8,1088,0.353,12
1290,42.813,28.844,-4.525,0.531,0.5068,-0.6791,-0.6914,0.7225,0.0,0.4906,0.4695,0.734,25.488,0.001,0.324,0.215,0.16665,237.7,393.2,255.3,411.6,220.1,374.9,1089,0.682,12
1291,43.814,29.797,-5.765,0.5511,0.524,-0.6494,-0.6885,0.7252,0.0,0.471,0.4471,0.7604,25.497,0.0006,2.28,0.227,1.22736,238.7,392.3,256.2,410.7,221.2,373.9,1089,1.204,12
1292,44.919,30.847,-6.792,0.7164,0.6792,-0.1596,-0.6853,0.7282,0.0,0.1162,0.1094,0.9872,25.5,0.0036,31.316,0.251,17.03667,239.8,391.3,257.2,409.8,222.3,372.8,1090,0.221,12
1293,46.246,32.095,-6.491,0.7207,0.6727,0.1675,-0.6819,0.7315,0.0,-0.1225,-0.1142,0.9859,25.5,0.0006,18.824,0.271,10.19786,241.1,390.0,258.4,408.6,223.8,371.4,1091,0.07,12
1294,47.584,33.341,-6.167,0.721,0.6679,0.1846,-0.6781,0.735,0.0,-0.1357,-0.1252,0.9828,25.5,0.002,1.0,0.296,0.54826,242.4,388.8,259.7,407.5,225.2,370.1,1092,0.029,12
1295,48.922,34.571,-5.798,0.7212,0.6583,0.2157,-0.6742,0.7386,0.0,-0.1594,-0.1454,0.9764,25.5,0.0,1.822,0.304,1.00548,243.8,387.5,260.9,406.3,226.6,368.8,1093,0.086,12
1296,50.258,35.778,-5.357,0.7198,0.6455,0.2555,-0.6703,0.7421,0.0,-0.1896,-0.1713,0.9668,25.5,0.0035,2.345,0.3,1.29317,245.1,386.3,262.2,405.2,228.1,367.5,1094,0.102,12
1297,51.592,36.97,-4.866,0.7182,0.6397,0.2739,-0.6666,0.7454,0.0001,-0.2041,-0.1827,0.9618,25.5,0.0019,1.095,0.284,0.59779,246.5,385.1,263.4,404.1,229.5,366.2,1095,0.076,12
1298,52.923,38.151,-4.342,0.7174,0.6335,0.29,-0.6628,0.7488,0.0002,-0.217,-0.1923,0.957,25.5,0.0011,0.961,0.292,0.53348,247.8,383.9,264.7,403.0,230.9,364.9,1096,0.045,12
1299,54.253,39.32,-3.79,0.7169,0.6265,0.3058,-0.6588,0.7523,0.0003,-0.2299,-0.2016,0.9521,25.5,0.0009,0.953,0.305,0.53393,249.1,382.8,265.9,401.9,232.4,363.6,1097,0.153,12
1300,55.583,40.475,-3.207,0.7166,0.6183,0.3228,-0.6542,0.7563,0.0002,-0.244,-0.2113,0.9465,25.5,0.0011,1.032,0.349,0.58302,250.5,381.6,267.1,400.8,233.8,362.3,1098,0.338,12
1301,56.912,41.613,-2.591,0.7164,0.6079,0.3424,-0.6488,0.7609,0.0001,-0.2605,-0.2222,0.9396,25.5,0.0022,1.2,0.406,0.68533,251.8,380.4,268.4,399.8,235.3,361.1,1099,0.583,12
1302,58.24,42.729,-1.935,0.7154,0.596,0.3646,-0.6425,0.7663,-0.0002,-0.2795,-0.2341,0.9311,25.5,0.003,1.374,0.476,0.77886,253.2,379.3,269.5,398.8,236.8,359.8,1101,0.597,12
1303,59.566,43.825,-1.24,0.7138,0.5855,0.3844,-0.6353,0.7723,-0.0006,-0.2972,-0.2438,0.9232,25.5,0.0015,1.242,0.537,0.69411,254.5,378.2,270.7,397.9,238.3,358.5,1102,0.166,13
1304,60.888,44.902,-0.511,0.7123,0.5764,0.4006,-0.6277,0.7784,-0.001,-0.3124,-0.2508,0.9162,25.5,0.0012,1.039,0.559,0.57586,255.9,377.1,271.9,397.0,239.9,357.3,1103,0.329,13
1305,62.208,45.964,0.244,0.7111,0.569,0.4131,-0.6203,0.7844,-0.0013,-0.3247,-0.2554,0.9107,25.5,0.0047,0.816,0.546,0.45026,257.2,376.0,273.0,396.0,241.4,356.0,1105,0.354,13
1306,63.526,47.014,1.019,0.7102,0.5635,0.4219,-0.6135,0.7897,-0.0013,-0.3339,-0.2579,0.9066,25.5,0.0087,0.595,0.494,0.32172,258.6,375.0,274.2,395.1,242.9,354.8,1106,0.329,13
1307,64.843,48.055,1.807,0.7099,0.56,0.4272,-0.6078,0.7941,-0.0009,-0.3398,-0.2591,0.9041,25.5,0.0128,0.374,0.413,0.19645,259.9,373.9,275.4,394.2,244.4,353.6,1108,0.029,13
1308,66.16,49.092,2.602,0.7099,0.558,0.4297,-0.6038,0.7972,0.0,-0.3426,-0.2595,0.9029,25.5,0.0162,0.176,0.294,0.09886,261.3,372.8,276.7,393.2,245.8,352.5,1110,0.07,13
1309,67.475,50.117,3.412,0.7088,0.5486,0.4434,-0.6017,0.7987,0.0015,-0.3534,-0.2679,0.8963,25.5,0.0123,0.87,0.171,0.51476,262.6,371.8,278.0,392.2,247.2,351.4,1112,0.037,13
1310,68.789,51.129,4.244,0.7079,0.5423,0.4525,-0.6015,0.7988,0.0033,-0.3597,-0.2745,0.8918,25.5,0.0089,0.583,0.104,0.34289,264.0,370.8,279.3,391.2,248.6,350.3,1114,0.216,13
1311,70.102,52.131,5.089,0.7072,0.5381,0.4585,-0.6029,0.7978,0.0052,-0.363,-0.2801,0.8887,25.5,0.0053,0.413,0.147,0.22726,265.3,369.7,280.7,390.1,249.9,349.3,1117,0.406,13
1312,71.413,53.127,5.944,0.7067,0.5357,0.4622,-0.6053,0.7959,0.0069,-0.3642,-0.2846,0.8868,25.5,0.0018,0.288,0.201,0.13704,266.6,368.7,282.1,389.1,251.2,348.3,1119,0.254,13
1313,72.724,54.119,6.803,0.7063,0.5348,0.4638,-0.6086,0.7934,0.0081,-0.3637,-0.288,0.8859,25.5,0.0018,0.204,0.247,0.05803,268.0,367.7,283.6,388.0,252.4,347.4,1121,0.186,13
1314,74.034,55.112,7.663,0.706,0.5354,0.4636,-0.6123,0.7905,0.0087,-0.3619,-0.29,0.886,25.5,0.005,0.154,0.272,0.02161,269.4,366.7,285.0,386.9,253.7,346.4,1123,0.221,13
1315,75.343,56.107,8.522,0.7059,0.5374,0.4615,-0.6162,0.7875,0.0082,-0.3591,-0.2902,0.8871,25.5,0.008,0.173,0.283,0.0896,270.7,365.6,286.5,385.8,254.9,345.4,1125,0.41,13
1316,76.653,57.107,9.374,0.7058,0.5412,0.4571,-0.6198,0.7847,0.0064,-0.3552,-0.2879,0.8894,25.5,0.0098,0.291,0.281,0.17956,272.1,364.6,287.9,384.7,256.2,344.5,1126,0.359,13
1317,77.962,58.116,10.216,0.7059,0.5472,0.4497,-0.6229,0.7823,0.0031,-0.3501,-0.2823,0.8932,25.5,0.0102,0.486,0.294,0.29427,273.4,363.6,289.4,383.6,257.4,343.5,1128,0.08,13
1318,79.271,59.138,11.04,0.7056,0.555,0.4406,-0.625,0.7806,-0.002,-0.345,-0.274,0.8977,25.5,0.0086,0.615,0.331,0.37066,274.8,362.5,290.8,382.5,258.7,342.5,1129,0.587,13
1319,80.578,60.172,11.853,0.7046,0.5601,0.4357,-0.6263,0.7795,-0.0074,-0.3438,-0.2677,0.9001,25.5,0.0079,0.392,0.324,0.22061,276.1,361.4,292.2,381.4,260.0,341.4,1131,0.023,13
1320,81.885,61.215,12.657,0.704,0.5639,0.4317,-0.6274,0.7786,-0.0094,-0.3414,-0.2642,0.902,25.5,0.0067,0.266,0.141,0.1714,277.5,360.4,293.6,380.3,261.3,340.4,1133,0.608,13
1321,83.19,62.264,13.454,0.7038,0.5667,0.4284,-0.629,0.7774,-0.004,-0.3353,-0.2666,0.9036,25.5,0.0039,0.387,0.33,0.13386,278.8,359.3,295.0,379.2,262.7,339.3,1134,0.03,13
1322,84.497,63.317,14.247,0.7041,0.5684,0.4256,-0.6317,0.7751,0.0128,-0.3226,-0.2779,0.9048,25.5,0.0012,0.976,0.984,0.10154,280.2,358.2,296.4,378.1,263.9,338.2,1135,0.616,13
1323,85.804,64.372,15.034,0.7051,0.5688,0.4234,-0.6356,0.7707,0.0451,-0.3007,-0.301,0.905,25.5,0.0093,1.824,1.881,0.07567,281.5,357.1,297.8,376.9,265.2,337.2,1137,0.054,13
1324,87.114,65.426,15.818,0.7075,0.5669,0.422,-0.6404,0.7619,0.0972,-0.2664,-0.3391,0.9022,25.5,0.0199,2.942,3.04,0.10393,282.9,356.0,299.2,375.7,266.5,336.3,1138,0.522,13
1325,88.429,66.475,16.597,0.7115,0.566,0.4164,-0.6439,0.7454,0.1723,-0.213,-0.391,0.8954,25.5,0.0355,4.285,4.411,0.21461,284.3,354.9,300.6,374.2,267.9,335.5,1140,0.244,13
1326,89.752,67.525,17.362,0.7146,0.5666,0.4103,-0.6416,0.7211,0.2615,-0.1479,-0.4508,0.8803,25.5,0.0574,5.14,5.301,0.21221,285.6,353.8,301.7,372.6,269.4,334.9,1141,0.267,14
1327,91.077,68.576,18.125,0.7143,0.5658,0.4119,-0.6298,0.6938,0.3493,-0.0885,-0.5108,0.8551,25.5,0.0866,5.05,5.313,0.05602,287.0,352.7,302.7,370.9,271.2,334.4,1143,0.657,14
1328,92.402,69.625,18.888,0.7152,0.5658,0.4103,-0.6088,0.669,0.4264,-0.0335,-0.5587,0.8287,25.5,0.1181,4.445,4.795,0.05671,288.4,351.6,303.4,369.2,273.2,333.9,1144,0.257,14
1329,93.73,70.676,19.646,0.7157,0.5675,0.407,-0.5812,0.6487,0.4913,0.0149,-0.5951,0.8035,25.5,0.1521,3.759,4.206,0.11572,289.8,350.5,304.0,367.7,275.3,333.2,1145,0.086,14
1330,95.056,71.73,20.401,0.7142,0.5689,0.4079,-0.5499,0.6349,0.5427,0.0507,-0.6232,0.7804,25.5,0.1898,2.925,3.538,0.06915,291.1,349.4,304.5,366.3,277.6,332.4,1146,0.365,14
1331,96.381,72.786,21.156,0.7146,0.5698,0.4058,-0.517,0.6278,0.5819,0.0788,-0.642,0.7626,25.5,0.2244,2.189,2.961,0.07162,292.5,348.3,305.0,365.0,279.9,331.4,1147,0.568,14
1332,97.708,73.844,21.904,0.7174,0.5708,0.3995,-0.4841,0.6263,0.611,0.1019,-0.6532,0.7503,25.5,0.2543,1.631,2.518,0.21518,293.9,347.2,305.4,363.9,282.2,330.3,1148,0.686,14
1333,99.043,74.903,22.636,0.7223,0.5717,0.3891,-0.4522,0.6292,0.6321,0.1214,-0.6587,0.7426,25.5,0.279,1.242,2.198,0.3562,295.3,346.1,306.0,362.9,284.4,329.0,1149,0.71,14
1334,100.382,75.965,23.356,0.7209,0.5735,0.389,-0.4223,0.635,0.6469,0.1304,-0.6636,0.7366,25.5,0.3114,0.68,1.94,0.07052,296.7,345.0,306.6,362.0,286.6,327.8,1150,0.632,14
1335,101.721,77.03,24.074,0.7228,0.5744,0.3843,-0.3948,0.6426,0.6566,0.1382,-0.665,0.734,25.5,0.3361,0.478,1.727,0.15902,298.1,343.9,307.2,361.1,288.8,326.4,1151,0.462,14
1336,103.067,78.096,24.777,0.7293,0.5743,0.3719,-0.37,0.6512,0.6626,0.1478,-0.6629,0.734,25.5,0.3506,0.563,1.543,0.43243,299.5,342.8,308.0,360.2,290.9,325.1,1152,0.216,14
1337,104.429,79.16,25.448,0.7406,0.5731,0.3508,-0.3481,0.6598,0.6659,0.1605,-0.6579,0.7358,25.5,0.3539,0.789,1.361,0.74024,300.9,341.7,308.8,359.4,292.9,323.7,1153,0.09,14
1338,105.818,80.221,26.071,0.7558,0.5704,0.3215,-0.3294,0.6676,0.6677,0.1772,-0.6509,0.7382,25.5,0.3465,1.047,1.166,1.02328,302.4,340.6,309.8,358.5,294.8,322.4,1154,0.44,14
1339,107.227,81.278,26.652,0.7642,0.5693,0.3033,-0.3137,0.674,0.6688,0.188,-0.6464,0.7395,25.5,0.3468,0.674,0.973,0.62009,303.8,339.5,310.8,357.6,296.7,321.1,1155,0.819,14
1340,108.654,82.332,27.193,0.775,0.5667,0.2796,-0.3003,0.6793,0.6696,0.2016,-0.641,0.7406,25.5,0.3394,0.841,0.827,0.80854,305.3,338.4,312.0,356.6,298.5,319.8,1155,1.036,14
1341,110.104,83.379,27.684,0.7886,0.5622,0.2489,-0.2882,0.684,0.6702,0.2184,-0.6345,0.7415,25.5,0.3241,1.033,0.745,1.04653,306.8,337.3,313.1,355.7,300.4,318.6,1156,0.64,14
1342,111.582,84.416,28.11,0.8053,0.5549,0.2086,-0.2765,0.6885,0.6704,0.2394,-0.6263,0.7419,25.5,0.2992,1.292,0.718,1.36642,308.4,336.2,314.4,354.7,302.2,317.4,1157,0.237,14
1343,113.089,85.439,28.46,0.8195,0.5479,0.1679,-0.2645,0.6932,0.6705,0.2611,-0.6178,0.7417,25.5,0.2756,1.335,0.738,1.3494,309.9,335.2,315.6,353.8,304.1,316.2,1158,0.165,14
1344,114.622,86.446,28.731,0.8337,0.538,0.1248,-0.252,0.698,0.6703,0.2824,-0.6095,0.7408,25.5,0.2491,1.311,0.767,1.43497,311.5,334.2,316.8,352.9,306.0,315.0,1159,0.56,14
1345,116.181,87.432,28.922,0.8471,0.5251,0.0816,-0.2394,0.7028,0.6699,0.3019,-0.6019,0.7393,25.5,0.2209,1.202,0.773,1.4532,313.1,333.1,318.1,352.0,308.0,313.9,1160,0.952,14
1346,117.763,88.394,29.035,0.8584,0.5114,0.0386,-0.2268,0.7075,0.6693,0.3211,-0.5945,0.7372,25.5,0.193,1.185,0.771,1.43734,314.7,332.2,319.4,351.2,309.9,312.8,1160,0.902,14
1347,119.364,89.329,29.065,0.8678,0.4968,-0.0051,-0.2143,0.7122,0.6685,0.3404,-0.587,0.7345,25.5,0.1644,1.196,0.767,1.45293,316.3,331.2,320.7,350.4,311.9,311.7,1161,0.513,14
1348,120.982,90.235,29.017,0.8763,0.4795,-0.0469,-0.2018,0.7168,0.6674,0.357,-0.5807,0.7316,25.5,0.1356,1.031,0.766,1.42208,318.0,330.3,322.0,349.6,313.9,310.6,1162,0.124,14
1349,122.615,91.106,28.892,0.8838,0.4596,-0.0878,-0.1895,0.7213,0.6662,0.3716,-0.5754,0.7286,25.5,0.1055,0.906,0.754,1.42417,319.6,329.4,323.3,348.8,315.9,309.6,1163,0.265,14
1350,124.258,91.941,28.69,0.8884,0.4403,-0.13,-0.1771,0.7258,0.6648,0.3882,-0.5692,0.7248,25.5,0.0758,1.038,0.76,1.44074,321.3,328.6,324.6,348.1,317.9,308.7,1164,0.656,14
1351,125.91,92.738,28.411,0.8919,0.4187,-0.1708,-0.1647,0.7302,0.6631,0.4028,-0.5639,0.7209,25.5,0.0456,0.918,0.76,1.43032,322.9,327.8,325.9,347.4,319.9,307.8,1165,1.051,14
1352,127.566,93.493,28.057,0.8943,0.3947,-0.2105,-0.1523,0.7345,0.6613,0.4157,-0.5594,0.7171,25.5,0.0145,0.813,0.759,1.43522,324.6,327.0,327.3,346.8,321.8,306.9,1165,0.805,14
1353,129.226,94.202,27.63,0.8947,0.3699,-0.2503,-0.14,0.7388,0.6593,0.4289,-0.5549,0.7128,25.5,0.017,0.836,0.755,1.44892,326.2,326.3,328.6,346.2,323.8,306.1,1166,0.405,14
1354,130.884,94.865,27.129,0.893,0.3448,-0.2891,-0.1276,0.7429,0.6571,0.4419,-0.5505,0.7083,25.5,0.0478,0.828,0.759,1.42872,327.9,325.7,329.9,345.6,325.8,305.3,1167,0.016,14
1355,132.538,95.48,26.558,0.8897,0.3187,-0.3269,-0.1154,0.747,0.6547,0.4543,-0.5465,0.7036,25.5,0.0786,0.794,0.75,1.42287,329.5,325.1,331.2,345.1,327.8,304.7,1168,0.417,14
1356,134.184,96.047,25.917,0.8846,0.2917,-0.3638,-0.1033,0.751,0.6522,0.4663,-0.5427,0.6986,25.5,0.1096,0.776,0.744,1.42145,331.1,324.5,332.5,344.7,329.7,304.0,1169,0.837,14
1357,135.818,96.563,25.209,0.8777,0.2648,-0.3995,-0.0912,0.7548,0.6496,0.4782,-0.539,0.6934,25.5,0.1397,0.774,0.742,1.39728,332.7,324.1,333.8,344.3,331.7,303.4,1169,1.019,14
1358,137.438,97.029,24.435,0.8689,0.2371,-0.4345,-0.0794,0.7585,0.6469,0.4901,-0.5354,0.6879,25.5,0.1702,0.779,0.725,1.40552,334.3,323.6,335.1,344.0,333.6,302.9,1170,0.594,14
1359,139.04,97.442,23.597,0.858,0.2078,-0.4697,-0.0676,0.762,0.644,0.5022,-0.5318,0.6819,25.5,0.2021,0.801,0.724,1.45446,335.9,323.3,336.3,343.7,335.4,302.5,1171,0.166,14
1360,140.62,97.8,22.694,0.8453,0.1786,-0.5036,-0.0559,0.7654,0.6411,0.5142,-0.5283,0.6757,25.5,0.2334,0.799,0.718,1.43698,337.4,323.0,337.5,343.4,337.3,302.1,1172,0.266,14
1361,142.175,98.104,21.729,0.8307,0.1487,-0.5364,-0.0444,0.7687,0.6381,0.526,-0.525,0.6691,25.5,0.2649,0.797,0.707,1.44355,338.9,322.7,338.7,343.3,339.1,301.8,1173,0.7,14
1362,143.701,98.351,20.704,0.8141,0.1177,-0.5687,-0.0329,0.7718,0.635,0.538,-0.5217,0.6621,25.5,0.2971,0.818,0.705,1.47515,340.4,322.5,339.9,343.1,340.9,301.5,1174,1.137,14
1363,145.193,98.539,19.619,0.7948,0.0855,-0.6008,-0.0215,0.7749,0.6318,0.5504,-0.5184,0.6545,25.5,0.3304,0.854,0.701,1.52611,341.8,322.4,341.0,343.1,342.6,301.3,1174,0.718,14
1364,146.649,98.668,18.477,0.7743,0.0539,-0.6305,-0.0101,0.7777,0.6285,0.5625,-0.5153,0.6466,25.5,0.3622,0.847,0.699,1.48203,343.2,322.3,342.1,343.1,344.3,301.2,1175,0.278,14
1365,148.065,98.74,17.282,0.7529,0.023,-0.6578,0.0012,0.7805,0.6252,0.5737,-0.5126,0.6388,25.5,0.3924,0.797,0.693,1.43517,344.5,322.3,343.1,343.1,345.9,301.1,1176,0.163,14
1366,149.441,98.754,16.038,0.7306,-0.0075,-0.6828,0.0124,0.7831,0.6217,0.5844,-0.5102,0.6309,25.5,0.4213,0.774,0.689,1.3997,345.8,322.4,344.1,343.2,347.5,301.1,1177,0.603,14
1367,150.774,98.712,14.75,0.7067,-0.0374,-0.7065,0.0236,0.7856,0.6183,0.5955,-0.5078,0.6225,25.5,0.4495,0.809,0.686,1.39087,347.0,322.5,345.1,343.4,349.0,301.2,1178,1.038,14
1368,152.062,98.615,13.418,0.6819,-0.0673,-0.7284,0.0346,0.7879,0.6148,0.606,-0.5057,0.614,25.5,0.4773,0.783,0.674,1.37766,348.2,322.6,346.0,343.6,350.5,301.3,1178,0.818,14
1369,153.303,98.462,12.048,0.6552,-0.0982,-0.7491,0.0455,0.7901,0.6113,0.6165,-0.5037,0.6052,25.5,0.5057,0.793,0.668,1.41447,349.3,322.9,346.8,343.8,351.9,301.5,1179,0.389,14
1370,154.491,98.251,10.64,0.6264,-0.1292,-0.7687,0.0563,0.7921,0.6077,0.6274,-0.5016,0.5956,25.5,0.5342,0.841,0.662,1.44071,350.4,323.2,347.6,344.2,353.2,301.8,1180,0.034,14
1371,155.626,97.983,9.198,0.5967,-0.1597,-0.7864,0.067,0.794,0.6042,0.6382,-0.4996,0.5857,25.5,0.562,0.847,0.654,1.42442,351.4,323.5,348.4,344.5,354.5,302.1,1181,0.436,14
1372,156.704,97.658,7.724,0.5653,-0.1909,-0.8025,0.0777,0.7957,0.6006,0.6489,-0.4977,0.5755,25.5,0.59,0.854,0.654,1.45523,352.4,323.9,349.1,345.0,355.7,302.5,1182,0.826,14
1373,157.722,97.274,6.222,0.5317,-0.2229,-0.8171,0.0882,0.7973,0.5971,0.6599,-0.4958,0.5646,25.5,0.6187,0.894,0.641,1.50285,353.3,324.4,349.7,345.4,356.9,303.0,1182,1.029,14
1374,158.676,96.832,4.694,0.4967,-0.2537,-0.83,0.0987,0.7988,0.5935,0.6715,-0.4936,0.5527,25.5,0.6462,0.96,0.642,1.49455,354.1,324.9,350.3,346.0,358.0,303.5,1183,0.657,14
1375,159.564,96.333,3.144,0.4617,-0.2841,-0.8403,0.1092,0.8001,0.5899,0.682,-0.492,0.5411,25.5,0.6726,0.901,0.64,1.46723,354.8,325.5,350.7,346.6,359.0,304.1,1184,0.304,14
1376,160.388,95.778,1.578,0.427,-0.3141,-0.848,0.1197,0.8013,0.5862,0.6914,-0.491,0.53,25.5,0.6977,0.835,0.642,1.43697,355.5,326.1,351.2,347.2,360.0,304.7,1185,0.028,14
1377,161.147,95.169,-0.001,0.3908,-0.3426,-0.8544,0.1303,0.8023,0.5825,0.7019,-0.4896,0.5173,25.5,0.7216,0.948,0.646,1.4371,356.1,326.8,351.5,347.9,360.8,305.4,1186,0.332,14
1378,161.839,94.508,-1.59,0.3555,-0.3699,-0.8584,0.141,0.8033,0.5787,0.7113,-0.4887,0.5051,25.5,0.7438,0.884,0.653,1.38404,356.7,327.6,351.8,348.6,361.7,306.2,1187,0.607,14
1379,162.466,93.797,-3.184,0.3203,-0.3973,-0.86,0.1517,0.8041,0.5747,0.7194,-0.4886,0.4937,25.5,0.7651,0.801,0.656,1.37898,357.2,328.4,352.0,349.4,362.4,307.0,1188,0.849,14
1380,163.026,93.034,-4.779,0.2836,-0.4253,-0.8595,0.1626,0.8049,0.5707,0.7275,-0.4885,0.4817,25.5,0.7867,0.83,0.667,1.42622,357.6,329.2,352.2,350.3,363.1,307.8,1188,1.006,14
1381,163.517,92.22,-6.372,0.2456,-0.4517,-0.8577,0.1734,0.8056,0.5665,0.7371,-0.4876,0.4679,25.5,0.8072,0.965,0.665,1.43063,357.9,330.1,352.3,351.1,363.7,308.7,1189,0.804,14
1382,163.937,91.358,-7.959,0.2075,-0.4784,-0.8533,0.1842,0.8063,0.5621,0.7457,-0.4872,0.4545,25.5,0.8272,0.913,0.669,1.44378,358.2,331.0,352.3,352.1,364.2,309.7,1190,0.647,14
1383,164.287,90.445,-9.535,0.1692,-0.5054,-0.8461,0.1948,0.8069,0.5577,0.7534,-0.4872,0.4416,25.5,0.8467,0.861,0.658,1.46477,358.4,332.0,352.2,353.0,364.7,310.7,1191,0.54,14
1384,164.564,89.484,-11.097,0.1293,-0.5307,-0.8376,0.2053,0.8075,0.5531,0.7636,-0.4856,0.4255,25.5,0.8653,1.096,0.658,1.48316,358.6,333.1,352.1,354.1,365.1,311.7,1192,0.486,14
1385,164.767,88.477,-12.641,0.0902,-0.555,-0.8269,0.2155,0.8081,0.5482,0.7737,-0.4838,0.4091,25.5,0.8824,1.108,0.649,1.46025,358.6,334.1,351.9,355.1,365.4,312.8,1193,0.487,14
1386,164.899,87.426,-14.163,0.0521,-0.5786,-0.8139,0.2255,0.8089,0.543,0.7832,-0.482,0.3928,25.5,0.8982,1.086,0.647,1.44175,358.6,335.3,351.7,356.2,365.6,314.0,1194,0.543,14
1387,164.96,86.332,-15.66,0.0129,-0.6004,-0.7996,0.2355,0.8099,0.5372,0.7958,-0.478,0.3718,25.5,0.9128,1.422,0.665,1.45456,358.5,336.4,351.4,357.4,365.8,315.1,1195,0.656,14
1388,164.948,85.199,-17.129,-0.0246,-0.6203,-0.784,0.2451,0.8112,0.5309,0.8094,-0.4726,0.3486,25.5,0.9254,1.572,0.662,1.39726,358.4,337.6,351.0,358.6,365.9,316.3,1197,0.786,14
1389,164.871,84.03,-18.566,-0.0588,-0.6406,-0.7656,0.2539,0.813,0.5239,0.8204,-0.4679,0.3285,25.5,0.9368,1.34,0.652,1.35387,358.2,338.8,350.6,359.8,365.9,317.5,1198,0.478,14
1390,164.731,82.822,-19.966,-0.0918,-0.6627,-0.7433,0.2615,0.8154,0.5164,0.8307,-0.4626,0.3098,25.5,0.9482,1.26,0.627,1.40717,357.9,340.1,350.2,361.1,365.8,318.8,1199,0.096,14
1391,164.515,81.575,-21.322,-0.1378,-0.6815,-0.7188,0.2668,0.8189,0.5082,0.8659,-0.4352,0.2466,25.5,0.9601,4.433,0.594,1.7118,357.6,341.4,349.8,362.4,365.5,320.0,1200,0.363,14
1392,164.23,80.294,-22.633,-0.1665,-0.7006,-0.6939,0.2672,0.8247,0.4985,0.8906,-0.4088,0.1991,25.5,0.9682,3.421,0.648,1.31368,357.2,342.7,349.4,363.9,365.1,321.2,1202,0.365,14
1393,163.907,78.974,-23.895,-0.1795,-0.7236,-0.6665,0.2593,0.8346,0.486,0.9093,-0.3806,0.1683,25.5,0.9744,2.622,1.02,1.1759,356.8,344.1,349.2,365.4,364.4,322.4,1203,0.294,14
1394,163.551,77.607,-25.098,-0.2093,-0.7493,-0.6283,0.2406,0.8495,0.4696,0.9601,-0.2792,0.0132,25.5,0.9819,11.026,1.661,1.69451,356.3,345.5,349.2,367.2,363.5,323.4,1205,0.08,14
1395,163.149,76.194,-26.228,-0.218,-0.7755,-0.5925,0.2138,0.868,0.4483,0.9759,-0.1694,-0.1373,25.5,0.9854,10.728,2.23,1.39665,355.8,346.9,349.5,369.0,362.2,324.5,1207,0.255,14
1396,162.767,74.73,-27.301,-0.1943,-0.8039,-0.562,0.1847,0.8879,0.4213,0.98,-0.134,-0.1472,25.5,0.9864,2.119,2.544,1.48136,355.3,348.4,349.8,371.0,360.9,325.5,1209,0.259,14
1397,162.416,73.211,-28.307,-0.1821,-0.8321,-0.5239,0.1568,0.9085,0.3872,0.9724,-0.0736,-0.2212,25.5,0.9874,5.492,2.787,1.51222,354.9,349.9,350.1,373.0,359.7,326.6,1211,0.091,14
1398,162.098,71.647,-29.252,-0.1581,-0.8542,-0.4953,0.1287,0.9309,0.3417,0.9751,-0.0561,-0.2145,25.5,0.9848,1.085,3.323,1.34045,354.5,351.5,350.5,375.1,358.5,327.7,1213,0.259,14
1399,161.836,70.037,-30.133,-0.1324,-0.8796,-0.457,0.0985,0.9541,0.2827,0.9775,-0.0396,-0.207,25.5,0.9815,1.048,4.024,1.62687,354.2,353.1,351.1,377.2,357.3,328.8,1216,0.214,14
1400,161.575,68.396,-30.958,-0.1481,-0.8901,-0.4311,0.0666,0.9738,0.2174,0.9362,0.0143,-0.3511,25.5,0.9704,9.137,4.315,0.9902,353.8,354.8,351.7,379.3,356.0,330.1,1220,0.018,14
1401,161.296,66.734,-31.732,-0.1577,-0.8989,-0.4087,0.0343,0.9875,0.1535,0.9045,0.0346,-0.4251,25.5,0.9558,4.758,4.178,0.80049,353.5,356.4,352.3,381.3,354.7,331.5,1223,0.112,14
1402,160.979,65.073,-32.493,-0.1849,-0.8912,-0.4142,0.0039,0.9955,0.095,0.875,0.0426,-0.4822,25.5,0.9273,3.711,3.806,0.88974,353.1,358.1,352.8,383.1,353.4,333.0,1226,0.333,14
1403,160.618,63.422,-33.258,-0.2022,-0.8887,-0.4114,-0.0228,0.9988,0.0444,0.8574,0.0423,-0.5129,25.5,0.9013,2.028,3.284,0.54685,352.7,359.7,353.2,384.8,352.2,334.7,1228,0.417,14
1404,160.232,61.776,-34.022,-0.2133,-0.8856,-0.4125,-0.0462,0.9989,0.0005,0.8504,0.0396,-0.5247,25.5,0.875,0.801,2.851,0.3576,352.3,361.4,353.4,386.4,351.1,336.4,1229,0.337,14
1405,159.829,60.137,-34.79,-0.2208,-0.8818,-0.4167,-0.0672,0.997,-0.0384,0.8486,0.0369,-0.5278,25.5,0.8483,0.257,2.535,0.29032,351.8,363.0,353.6,387.9,350.0,338.1,1231,0.284,15
1406,159.415,58.502,-35.564,-0.2253,-0.8808,-0.4163,-0.0867,0.9935,-0.074,0.8468,0.0343,-0.5309,25.5,0.8247,0.254,2.334,0.14293,351.3,364.6,353.7,389.4,349.0,339.9,1232,0.191,15
1407,158.991,56.871,-36.337,-0.2324,-0.878,-0.4184,-0.1048,0.9887,-0.1069,0.8442,0.0316,-0.5351,25.5,0.799,0.323,2.169,0.24453,350.8,366.3,353.7,390.9,348.0,341.7,1233,0.565,15
1408,158.552,55.247,-37.118,-0.2424,-0.8725,-0.4242,-0.1217,0.983,-0.1373,0.8413,0.0287,-0.5398,25.5,0.7699,0.357,2.02,0.39545,350.3,367.9,353.7,392.4,347.0,343.5,1234,0.837,15
1409,158.09,53.636,-37.913,-0.2556,-0.8642,-0.4335,-0.1375,0.9766,-0.1653,0.8379,0.0257,-0.5452,25.5,0.7372,0.404,1.878,0.5608,349.8,369.5,353.6,393.8,346.0,345.3,1236,0.803,15
1410,157.605,52.041,-38.726,-0.266,-0.8565,-0.4423,-0.1522,0.9697,-0.1911,0.8362,0.0233,-0.548,25.5,0.7055,0.233,1.747,0.48342,349.3,371.1,353.5,395.2,345.1,347.0,1237,0.868,15
1411,157.103,50.458,-39.553,-0.2758,-0.8499,-0.449,-0.166,0.9625,-0.2147,0.8339,0.0208,-0.5515,25.5,0.6758,0.279,1.62,0.41956,348.7,372.6,353.3,396.6,344.1,348.8,1237,0.987,15
1412,156.58,48.888,-40.392,-0.2881,-0.8425,-0.4553,-0.1789,0.955,-0.2365,0.83,0.0175,-0.5576,25.5,0.6454,0.456,1.514,0.48424,348.1,374.2,353.1,397.9,343.2,350.6,1238,0.801,15
1413,156.033,47.333,-41.241,-0.3028,-0.8342,-0.4609,-0.1911,0.9475,-0.2565,0.8246,0.0132,-0.5656,25.5,0.6143,0.605,1.409,0.54941,347.5,375.7,352.9,399.3,342.2,352.4,1239,0.488,15
1414,155.456,45.794,-42.101,-0.3176,-0.8251,-0.4673,-0.2025,0.9399,-0.2749,0.8196,0.009,-0.5729,25.5,0.5827,0.561,1.314,0.57197,346.9,377.3,352.5,400.6,341.3,354.1,1240,0.042,15
1415,154.86,44.272,-42.978,-0.3261,-0.8163,-0.4769,-0.2134,0.9323,-0.292,0.8191,0.0078,-0.5735,25.5,0.5522,0.082,1.241,0.48034,346.2,378.8,352.2,401.9,340.3,355.8,1241,0.538,15
1416,154.244,42.765,-43.867,-0.3386,-0.8085,-0.4814,-0.2236,0.9248,-0.3078,0.8147,0.0041,-0.5798,25.5,0.5238,0.489,1.16,0.47586,345.6,380.3,351.8,403.2,339.4,357.5,1242,1.245,15
1417,153.601,41.272,-44.761,-0.3554,-0.8013,-0.4813,-0.2334,0.9173,-0.3224,0.8065,-0.0026,-0.5912,25.5,0.4969,0.892,1.095,0.56456,344.9,381.7,351.4,404.5,338.4,359.2,1242,0.61,15
1418,152.922,39.793,-45.65,-0.3774,-0.7941,-0.4765,-0.2428,0.91,-0.3361,0.794,-0.0126,-0.6078,25.5,0.4708,1.321,1.04,0.73025,344.1,383.2,350.9,405.7,337.4,360.8,1243,0.21,15
1419,152.198,38.327,-46.526,-0.4025,-0.786,-0.4693,-0.2519,0.9027,-0.3489,0.779,-0.0248,-0.6266,25.5,0.4444,1.545,0.992,0.84459,343.4,384.6,350.4,407.0,336.4,362.5,1244,1.131,15
1420,151.434,36.878,-47.396,-0.4218,-0.7766,-0.468,-0.2607,0.8955,-0.3608,0.7692,-0.0333,-0.6382,25.5,0.4166,0.997,0.943,0.66435,342.5,386.1,349.8,408.2,335.4,364.1,1244,0.724,15
1421,150.631,35.446,-48.259,-0.4441,-0.7671,-0.4629,-0.2692,0.8883,-0.372,0.7564,-0.0441,-0.6526,25.5,0.3897,1.266,0.905,0.76518,341.7,387.5,349.2,409.5,334.3,365.7,1245,0.289,15
1422,149.784,34.032,-49.11,-0.4696,-0.7573,-0.4538,-0.2774,0.8813,-0.3825,0.7403,-0.0577,-0.6698,25.5,0.3636,1.559,0.862,0.88954,340.8,388.9,348.5,410.7,333.2,367.3,1246,1.386,15
1423,148.887,32.637,-49.94,-0.4983,-0.7468,-0.4403,-0.2855,0.8744,-0.3924,0.7204,-0.0742,-0.6895,25.5,0.338,1.862,0.833,1.03205,339.9,390.2,347.8,411.9,332.0,368.8,1246,0.47,15
1424,147.937,31.263,-50.746,-0.5258,-0.7342,-0.4295,-0.2934,0.8676,-0.4015,0.7021,-0.0895,-0.7064,25.5,0.3103,1.675,0.793,0.9923,338.9,391.6,347.0,413.1,330.9,370.4,1247,0.707,15
1425,146.936,29.914,-51.532,-0.5532,-0.7209,-0.4174,-0.301,0.8609,-0.4101,0.6829,-0.1055,-0.7228,25.5,0.2829,1.713,0.761,1.0125,337.8,392.9,346.2,414.2,329.6,371.9,1247,1.149,15
1426,145.884,28.589,-52.292,-0.5812,-0.7078,-0.4016,-0.3086,0.8544,-0.4181,0.6613,-0.1232,-0.7399,25.5,0.2575,1.876,0.734,1.0725,336.8,394.2,345.3,415.4,328.3,373.3,1248,0.107,15
1427,144.781,27.288,-53.02,-0.6084,-0.6954,-0.3825,-0.3159,0.848,-0.4255,0.6381,-0.142,-0.7568,25.5,0.2348,1.966,0.699,1.09591,335.6,395.5,344.3,416.5,327.0,374.8,1249,1.438,15
1428,143.627,26.011,-53.712,-0.6358,-0.6797,-0.3657,-0.3232,0.8418,-0.4324,0.6152,-0.1603,-0.7719,25.5,0.2086,1.889,0.676,1.10497,334.5,396.7,343.3,417.6,325.7,376.2,1249,0.418,15
1429,142.424,24.765,-54.376,-0.6611,-0.6641,-0.3493,-0.3302,0.8357,-0.4387,0.5933,-0.1777,-0.7851,25.5,0.1835,1.772,0.643,1.04875,333.2,398.0,342.3,418.6,324.3,377.5,1250,0.99,15
1430,141.177,23.545,-55.006,-0.6823,-0.6525,-0.3298,-0.3372,0.8298,-0.4446,0.5716,-0.1948,-0.7971,25.5,0.1647,1.726,0.624,0.95919,332.0,399.2,341.2,419.7,322.9,378.9,1250,0.866,15
1431,139.895,22.342,-55.597,-0.6996,-0.6449,-0.3075,-0.344,0.824,-0.4501,0.5501,-0.2116,-0.8078,25.5,0.1523,1.679,0.601,0.90301,330.7,400.3,340.1,420.7,321.4,380.2,1251,0.604,15
1432,138.584,21.15,-56.145,-0.7142,-0.6395,-0.2843,-0.3507,0.8184,-0.4552,0.5293,-0.2278,-0.8173,25.5,0.1435,1.606,0.579,0.86318,329.4,401.5,339.0,421.7,319.9,381.5,1251,1.251,15
1433,137.243,19.976,-56.658,-0.7315,-0.6271,-0.2679,-0.3572,0.8129,-0.46,0.5102,-0.2427,-0.8251,25.5,0.1252,1.458,0.56,0.83004,328.1,402.6,337.8,422.7,318.4,382.8,1252,0.268,15
1434,135.873,18.821,-57.137,-0.7454,-0.6187,-0.2483,-0.3637,0.8075,-0.4644,0.491,-0.2575,-0.8322,25.5,0.1132,1.447,0.546,0.78621,326.7,403.8,336.6,423.7,316.9,384.0,1252,1.588,15
1435,134.479,17.679,-57.577,-0.7567,-0.6137,-0.2252,-0.37,0.8022,-0.4686,0.4709,-0.2728,-0.8389,25.5,0.1068,1.497,0.53,0.80924,325.3,404.9,335.4,424.7,315.4,385.3,1253,0.038,15
1436,133.067,16.543,-57.97,-0.7659,-0.6118,-0.1976,-0.3762,0.7971,-0.4724,0.449,-0.2891,-0.8454,25.5,0.1062,1.608,0.509,0.90067,323.9,406.0,334.1,425.7,313.8,386.5,1254,1.535,15
1437,131.639,15.408,-58.306,-0.774,-0.611,-0.1658,-0.3822,0.7921,-0.4759,0.4247,-0.3068,-0.8517,25.5,0.1092,1.76,0.49,1.01409,322.5,407.1,332.8,426.7,312.3,387.7,1254,0.32,15
1438,130.192,14.282,-58.59,-0.7852,-0.6033,-0.1395,-0.3882,0.7872,-0.4792,0.4011,-0.3239,-0.8569,25.5,0.1033,1.696,0.482,0.91458,321.1,408.2,331.6,427.6,310.7,388.9,1255,1.256,15
1439,128.728,13.168,-58.823,-0.7932,-0.5986,-0.1115,-0.394,0.7824,-0.4822,0.3779,-0.3404,-0.861,25.5,0.1021,1.648,0.464,0.91126,319.7,409.2,330.3,428.6,309.2,390.1,1255,0.599,15
1440,127.252,12.059,-59.002,-0.7981,-0.5969,-0.0819,-0.3998,0.7778,-0.485,0.3552,-0.3563,-0.8642,25.5,0.1055,1.599,0.453,0.92838,318.2,410.3,329.0,429.6,307.6,391.3,1256,0.969,15
1441,125.769,10.951,-59.126,-0.7997,-0.5983,-0.0507,-0.4054,0.7732,-0.4876,0.3331,-0.3718,-0.8665,25.5,0.1137,1.552,0.441,0.96604,316.8,411.4,327.7,430.5,306.0,392.5,1256,0.887,15
1442,124.286,9.839,-59.19,-0.8001,-0.5996,-0.0184,-0.4109,0.7688,-0.4899,0.3103,-0.3874,-0.8681,25.5,0.1232,1.586,0.425,0.99861,315.3,412.5,326.4,431.5,304.4,393.7,1257,0.664,15
1443,122.799,8.73,-59.194,-0.8029,-0.5959,0.0138,-0.4164,0.7645,-0.4921,0.285,-0.4042,-0.8691,25.5,0.128,1.741,0.419,1.00508,313.9,413.5,325.0,432.5,302.9,394.9,1257,1.192,15
1444,121.31,7.627,-59.139,-0.8028,-0.5945,0.0451,-0.4217,0.7603,-0.4941,0.2619,-0.4196,-0.8691,25.5,0.1357,1.591,0.404,0.96801,312.4,414.6,323.7,433.5,301.3,396.0,1258,0.337,15
1445,119.823,6.524,-59.029,-0.8001,-0.5954,0.0731,-0.4269,0.7562,-0.4959,0.2426,-0.4325,-0.8684,25.5,0.1449,1.331,0.393,0.86949,311.0,415.7,322.4,434.4,299.8,397.2,1258,1.519,15
1446,118.343,5.417,-58.871,-0.7954,-0.5984,0.0965,-0.4321,0.7521,-0.4976,0.2279,-0.4428,-0.8672,25.5,0.1544,1.031,0.392,0.74305,309.6,416.8,321.1,435.4,298.2,398.3,1259,0.025,15
1447,116.873,4.305,-58.672,-0.7918,-0.5986,0.1213,-0.4371,0.7482,-0.4991,0.2108,-0.4542,-0.8656,25.5,0.1623,1.181,0.373,0.77433,308.2,417.8,319.8,436.4,296.7,399.5,1260,1.459,15
1448,115.405,3.199,-58.42,-0.7903,-0.5944,0.1486,-0.4421,0.7444,-0.5004,0.1896,-0.4678,-0.8633,25.5,0.1674,1.449,0.367,0.85439,306.8,418.9,318.5,437.4,295.2,400.7,1260,0.397,15
1449,113.942,2.097,-58.126,-0.7868,-0.5939,0.1678,-0.447,0.7406,-0.5017,0.1763,-0.4769,-0.8611,25.5,0.1723,0.932,0.363,0.60305,305.4,420.0,317.3,438.4,293.7,401.8,1261,1.039,15
1450,112.487,0.993,-57.802,-0.7819,-0.5967,0.1807,-0.4519,0.7369,-0.5028,0.1696,-0.4824,-0.8594,25.5,0.1772,0.506,0.357,0.43496,304.0,421.0,316.0,439.4,292.1,403.0,1261,0.818,15
1451,111.042,-0.118,-57.459,-0.7757,-0.6025,0.1881,-0.4566,0.7333,-0.5038,0.1684,-0.4848,-0.8582,25.5,0.1824,0.168,0.344,0.34783,302.6,422.1,314.7,440.4,290.7,404.1,1262,0.57,15
1452,109.61,-1.244,-57.107,-0.7681,-0.6112,0.1908,-0.4613,0.7297,-0.5048,0.1724,-0.4844,-0.8577,25.5,0.188,0.232,0.344,0.36646,301.2,423.2,313.5,441.4,289.2,405.3,1262,1.288,15
1453,108.193,-2.388,-56.754,-0.7592,-0.6229,0.1889,-0.4659,0.7261,-0.5056,0.1812,-0.481,-0.8578,25.5,0.1941,0.541,0.338,0.45785,299.9,424.3,312.2,442.4,287.7,406.5,1263,0.035,15
1454,106.794,-3.552,-56.398,-0.7505,-0.6303,0.1989,-0.4705,0.7226,-0.5064,0.1792,-0.4837,-0.8567,25.5,0.2031,0.203,0.334,0.46897,298.5,425.4,311.0,443.5,286.3,407.7,1264,1.272,15
1455,105.409,-4.725,-56.018,-0.7432,-0.635,0.2106,-0.475,0.7191,-0.5072,0.1745,-0.4879,-0.8553,25.5,0.2104,0.37,0.33,0.45006,297.2,426.6,309.8,444.5,284.9,408.9,1264,0.586,15
1456,104.036,-5.908,-55.621,-0.7368,-0.6405,0.2167,-0.4794,0.7157,-0.5079,0.1743,-0.4896,-0.8544,25.5,0.2152,0.111,0.321,0.32161,295.9,427.7,308.6,445.6,283.4,410.1,1265,0.562,15
1457,102.675,-7.102,-55.217,-0.7309,-0.6469,0.2176,-0.4837,0.7123,-0.5086,0.1783,-0.4887,-0.854,25.5,0.2179,0.236,0.317,0.27029,294.6,428.9,307.4,446.7,282.0,411.3,1265,1.299,15
1458,101.324,-8.308,-54.816,-0.7254,-0.6543,0.2136,-0.488,0.7088,-0.5093,0.1863,-0.4854,-0.8542,25.5,0.2186,0.496,0.32,0.31042,293.3,430.1,306.2,447.8,280.7,412.6,1266,0.269,15
1459,99.984,-9.53,-54.428,-0.7201,-0.663,0.2045,-0.4923,0.7055,-0.5099,0.1985,-0.4794,-0.8549,25.5,0.2175,0.78,0.312,0.42194,292.0,431.3,305.0,448.9,279.3,413.8,1267,0.675,15
1460,98.652,-10.769,-54.061,-0.7148,-0.673,0.1898,-0.4964,0.7021,-0.5105,0.2154,-0.4701,-0.8559,25.5,0.2146,1.107,0.307,0.57304,290.8,432.5,303.8,450.0,277.9,415.1,1267,1.182,15
1461,97.332,-12.028,-53.728,-0.7091,-0.6847,0.1683,-0.5005,0.6987,-0.5112,0.2377,-0.4568,-0.8572,25.5,0.2095,1.49,0.308,0.77636,289.5,433.7,302.7,451.2,276.5,416.4,1268,0.329,15
1462,96.027,-13.31,-53.423,-0.6979,-0.6978,0.1615,-0.5045,0.6954,-0.5118,0.2507,-0.4492,-0.8575,25.5,0.2158,0.863,0.299,0.57246,288.3,434.9,301.5,452.4,275.2,417.7,1269,0.451,15
1463,94.742,-14.615,-53.13,-0.6883,-0.709,0.1533,-0.5084,0.692,-0.5124,0.2636,-0.4414,-0.8577,25.5,0.2192,0.864,0.298,0.52134,287.0,436.2,300.4,453.6,273.9,419.1,1270,1.17,15
1464,93.472,-15.939,-52.856,-0.6812,-0.7183,0.1416,-0.5123,0.6887,-0.513,0.2777,-0.4324,-0.8578,25.5,0.2184,0.958,0.295,0.51115,285.8,437.5,299.2,454.8,272.6,420.4,1270,0.686,15
1465,92.213,-17.278,-52.607,-0.6767,-0.7254,0.1263,-0.516,0.6855,-0.5137,0.2928,-0.4224,-0.8578,25.5,0.213,1.038,0.283,0.53923,284.6,438.8,298.1,456.0,271.3,421.8,1271,0.023,15
1466,90.96,-18.629,-52.39,-0.6748,-0.7301,0.1073,-0.5196,0.6823,-0.5143,0.3087,-0.4114,-0.8576,25.5,0.2027,1.108,0.278,0.60746,283.4,440.1,297.0,457.3,270.0,423.2,1272,0.621,15
1467,89.708,-19.985,-52.212,-0.6757,-0.7323,0.0846,-0.5231,0.6791,-0.515,0.3254,-0.3993,-0.8571,25.5,0.1874,1.182,0.275,0.70508,282.2,441.4,295.9,458.5,268.7,424.6,1272,1.234,15
1468,88.452,-21.344,-52.078,-0.6787,-0.732,0.0591,-0.5264,0.676,-0.5156,0.3423,-0.3866,-0.8564,25.5,0.168,1.212,0.262,0.79312,281.0,442.7,294.7,459.8,267.4,426.0,1273,0.621,15
1469,87.194,-22.703,-51.987,-0.6776,-0.7344,0.0389,-0.5296,0.6731,-0.5163,0.3573,-0.375,-0.8554,25.5,0.1556,1.088,0.251,0.6294,279.7,444.1,293.6,461.0,266.1,427.3,1274,0.021,15
1470,85.939,-24.068,-51.935,-0.6754,-0.7373,0.0177,-0.5326,0.6702,-0.5169,0.3731,-0.3623,-0.8541,25.5,0.1436,1.164,0.242,0.66444,278.5,445.4,292.4,462.3,264.8,428.7,1275,0.584,15
1471,84.689,-25.439,-51.922,-0.672,-0.7406,-0.004,-0.5355,0.6673,-0.5176,0.3894,-0.3487,-0.8525,25.5,0.1323,1.22,0.238,0.68614,277.3,446.7,291.3,463.6,263.6,430.1,1276,1.191,15
1472,83.447,-26.816,-51.95,-0.6675,-0.7442,-0.0254,-0.5383,0.6646,-0.5182,0.4056,-0.3347,-0.8506,25.5,0.1221,1.232,0.226,0.68464,276.1,448.1,290.1,464.8,262.3,431.5,1276,0.664,15
1473,82.214,-28.199,-52.016,-0.6621,-0.748,-0.046,-0.5408,0.662,-0.5189,0.4213,-0.3207,-0.8483,25.5,0.1132,1.212,0.211,0.66821,274.9,449.4,289.0,466.1,261.0,432.9,1277,0.046,15
1474,80.991,-29.59,-52.12,-0.6561,-0.7519,-0.0654,-0.5433,0.6595,-0.5195,0.4362,-0.307,-0.8459,25.5,0.1054,1.168,0.205,0.63878,273.7,450.8,287.8,467.4,259.8,434.3,1278,0.596,15
1475,79.779,-30.988,-52.262,-0.6506,-0.7541,-0.0902,-0.5456,0.6571,-0.5202,0.4535,-0.2905,-0.8426,25.5,0.0936,1.383,0.195,0.78754,272.5,452.1,286.7,468.7,258.6,435.7,1278,1.259,15
1476,78.578,-32.388,-52.452,-0.6451,-0.7555,-0.114,-0.5478,0.6547,-0.5208,0.4697,-0.2745,-0.8391,25.5,0.0819,1.32,0.19,0.75589,271.4,453.5,285.6,470.0,257.3,437.1,1279,0.594,15
1477,77.386,-33.79,-52.682,-0.6396,-0.7572,-0.1328,-0.5499,0.6525,-0.5214,0.4827,-0.2612,-0.8359,25.5,0.0731,1.081,0.178,0.60734,270.2,454.8,284.5,471.3,256.1,438.5,1280,0.112,15
1478,76.205,-35.197,-52.942,-0.6341,-0.7592,-0.1464,-0.5518,0.6504,-0.522,0.4927,-0.2508,-0.8333,25.5,0.0675,0.84,0.166,0.45734,269.0,456.2,283.3,472.7,254.9,440.0,1281,0.843,15
1479,75.034,-36.607,-53.222,-0.629,-0.7617,-0.1552,-0.5537,0.6483,-0.5226,0.4998,-0.2433,-0.8313,25.5,0.0644,0.603,0.166,0.3236,267.9,457.6,282.2,474.0,253.7,441.4,1281,1.016,15
1480,73.871,-38.022,-53.514,-0.6244,-0.7646,-0.1596,-0.5554,0.6464,-0.5232,0.5042,-0.2385,-0.83,25.5,0.0639,0.38,0.15,0.2161,266.7,458.9,281.1,475.3,252.6,442.8,1282,0.241,15
1481,72.717,-39.444,-53.811,-0.6203,-0.7679,-0.16,-0.557,0.6445,-0.5238,0.5064,-0.2363,-0.8293,25.5,0.0656,0.183,0.146,0.16305,265.6,460.3,280.0,476.6,251.4,444.2,1283,0.59,15
1482,71.571,-40.87,-54.106,-0.6156,-0.7714,-0.161,-0.5586,0.6427,-0.5243,0.5091,-0.2334,-0.8285,25.5,0.0675,0.232,0.141,0.18377,264.5,461.7,278.9,478.0,250.3,445.6,1283,1.264,15
1483,70.437,-42.304,-54.422,-0.6073,-0.7742,-0.1783,-0.5601,0.641,-0.5248,0.5216,-0.2193,-0.8245,25.5,0.0625,1.104,0.133,0.59873,263.4,463.1,277.8,479.3,249.1,447.0,1284,0.426,15
1484,69.316,-43.743,-54.764,-0.6013,-0.7763,-0.1892,-0.5615,0.6394,-0.5253,0.5297,-0.21,-0.8218,25.5,0.0593,0.723,0.125,0.3896,262.3,464.5,276.8,480.7,248.0,448.4,1285,0.418,15
1485,68.205,-45.184,-55.121,-0.5971,-0.7779,-0.1955,-0.5629,0.6378,-0.5257,0.5345,-0.2042,-0.8201,25.5,0.0573,0.442,0.124,0.2391,261.2,465.8,275.7,482.1,246.9,449.9,1286,1.234,15
1486,67.1,-46.629,-55.487,-0.5944,-0.7794,-0.1979,-0.5642,0.6363,-0.5261,0.5369,-0.2014,-0.8193,25.5,0.0565,0.216,0.116,0.12081,260.1,467.2,274.6,483.4,245.8,451.3,1286,0.626,15
1487,65.998,-48.076,-55.854,-0.593,-0.7807,-0.197,-0.5655,0.6348,-0.5265,0.537,-0.2012,-0.8193,25.5,0.0565,0.013,0.116,0.06522,259.0,468.6,273.6,484.8,244.7,452.7,1287,0.162,15
1488,64.899,-49.526,-56.216,-0.5927,-0.782,-0.1926,-0.5668,0.6333,-0.5269,0.5349,-0.2035,-0.82,25.5,0.0578,0.183,0.116,0.14202,257.9,470.0,272.5,486.1,243.6,454.1,1288,0.864,15
1489,63.799,-50.978,-56.566,-0.5937,-0.7833,-0.1846,-0.5681,0.6319,-0.5273,0.5306,-0.2086,-0.8216,25.5,0.0603,0.393,0.112,0.25221,256.9,471.4,271.5,487.5,242.5,455.6,1288,0.993,15
1490,62.695,-52.432,-56.898,-0.5959,-0.7844,-0.172,-0.5694,0.6304,-0.5276,0.5234,-0.2169,-0.824,25.5,0.0644,0.644,0.115,0.39634,255.8,472.8,270.4,488.9,241.4,457.0,1289,0.366,15
1491,61.586,-53.888,-57.201,-0.5996,-0.7854,-0.1537,-0.5707,0.629,-0.5279,0.5126,-0.2294,-0.8274,25.5,0.0707,0.966,0.111,0.57748,254.7,474.2,269.3,490.3,240.3,458.4,1290,0.16,15
1492,60.47,-55.346,-57.463,-0.6052,-0.7859,-0.1269,-0.5721,0.6275,-0.5282,0.4963,-0.2479,-0.832,25.5,0.0799,1.437,0.119,0.84608,253.6,475.6,268.3,491.6,239.1,459.9,1291,0.569,15
1493,59.342,-56.803,-57.668,-0.6098,-0.7868,-0.0952,-0.5735,0.626,-0.5285,0.4774,-0.2689,-0.8365,25.5,0.0925,1.639,0.119,0.99026,252.5,477.0,267.2,493.0,238.0,461.3,1292,0.859,15
1494,58.208,-58.264,-57.818,-0.6124,-0.7876,-0.0673,-0.5749,0.6244,-0.5287,0.461,-0.2867,-0.8398,25.5,0.1041,1.4,0.122,0.866,251.4,478.4,266.1,494.4,236.9,462.7,1292,0.997,15
1495,57.071,-59.724,-57.921,-0.6142,-0.7879,-0.0449,-0.5764,0.6228,-0.529,0.4476,-0.3009,-0.8421,25.5,0.1129,1.126,0.127,0.69439,250.3,479.9,265.0,495.8,235.8,464.2,1293,0.831,15
1496,55.931,-61.186,-57.989,-0.6151,-0.7878,-0.0309,-0.578,0.6212,-0.5292,0.4391,-0.3098,-0.8433,25.5,0.1175,0.708,0.13,0.43341,249.2,481.3,264.0,497.2,234.6,465.6,1294,0.79,15
1497,54.79,-62.647,-58.042,-0.6153,-0.7878,-0.0272,-0.5795,0.6196,-0.5294,0.4369,-0.3121,-0.8436,25.5,0.1172,0.183,0.126,0.11447,248.1,482.7,262.9,498.6,233.5,467.1,1296,0.803,15
1498,53.649,-64.108,-58.097,-0.6149,-0.7879,-0.0345,-0.5811,0.618,-0.5296,0.4413,-0.3075,-0.843,25.5,0.1113,0.366,0.13,0.22588,247.0,484.1,261.8,499.9,232.3,468.5,1297,0.47,15
1499,52.509,-65.57,-58.176,-0.6137,-0.7879,-0.0516,-0.5826,0.6164,-0.5298,0.4515,-0.2965,-0.8416,25.5,0.1008,0.863,0.126,0.52941,245.9,485.5,260.7,501.3,231.2,469.9,1298,0.0,15
