ring,cx,cy,cz,Tx,Ty,Tz,Bx,By,Bz,Nx,Ny,Nz,hw,obl,dN,dB,kappa,sx_c,sy_c,sx_L,sy_L,sx_R,sy_R,pose_ring,pose_dist,iv
0,-67.223,-360.416,260.003,0.5565,0.8309,-0.0002,0.971,-0.2318,0.059,0.0522,-0.0352,-0.998,25.5,0.3477,0.0,0.0,0.0,116.4,843.3,87.6,836.0,145.3,850.6,0,0.0,0
1,-66.137,-358.783,260.001,0.552,0.8338,-0.0019,0.9643,-0.2577,0.0606,0.0528,-0.0372,-0.9979,25.5,0.3173,0.12,1.536,0.16411,117.7,841.4,89.1,833.3,146.4,849.5,2,0.313,0
2,-65.057,-357.147,259.996,0.5505,0.8349,-0.0025,0.957,-0.2832,0.0622,0.0535,-0.0383,-0.9978,25.5,0.2902,0.075,1.523,0.05704,119.0,839.5,90.5,830.6,147.4,848.4,3,0.495,0
3,-63.976,-355.511,259.992,0.5519,0.8339,-0.002,0.9493,-0.3077,0.0637,0.0545,-0.0384,-0.9978,25.5,0.2672,0.057,1.474,0.05232,120.2,837.6,92.0,828.0,148.5,847.2,5,0.02,0
4,-62.89,-353.878,259.989,0.5562,0.831,-0.0003,0.9414,-0.331,0.0651,0.0558,-0.0377,-0.9977,25.5,0.2485,0.085,1.412,0.15949,121.5,835.7,93.5,825.4,149.5,846.0,6,0.66,0
5,-61.793,-352.253,259.991,0.5632,0.8263,0.0025,0.9334,-0.3526,0.0665,0.0574,-0.0362,-0.9977,25.5,0.2345,0.126,1.322,0.2596,122.8,833.8,95.1,822.8,150.5,844.7,8,0.322,0
6,-60.68,-350.639,260.0,0.5726,0.8198,0.0061,0.9256,-0.3723,0.0678,0.0594,-0.034,-0.9977,25.5,0.2252,0.17,1.216,0.35015,124.1,831.9,96.6,820.3,151.6,843.4,9,0.021,0
7,-59.554,-349.033,260.012,0.5751,0.8181,0.0064,0.9183,-0.3898,0.069,0.0603,-0.0346,-0.9976,25.5,0.2097,0.062,1.089,0.08875,125.4,830.0,98.1,817.9,152.7,842.1,10,0.151,0
8,-58.424,-347.431,260.025,0.5784,0.8157,0.0073,0.9115,-0.4054,0.0702,0.0614,-0.0346,-0.9975,25.5,0.197,0.063,0.977,0.12209,126.7,828.1,99.6,815.6,153.8,840.7,11,0.199,0
9,-57.284,-345.835,260.041,0.5836,0.812,0.0095,0.9051,-0.4192,0.0713,0.063,-0.0337,-0.9974,25.5,0.1885,0.105,0.874,0.19725,128.0,826.3,101.2,813.3,155.0,839.3,12,0.134,0
10,-56.134,-344.248,260.063,0.5905,0.807,0.0127,0.8992,-0.4316,0.0724,0.065,-0.0319,-0.9974,25.5,0.1836,0.154,0.789,0.26595,129.4,824.4,102.7,811.1,156.1,837.8,13,0.041,0
11,-54.968,-342.671,260.092,0.5989,0.8006,0.017,0.8936,-0.4428,0.0734,0.0674,-0.0293,-0.9973,25.5,0.1819,0.203,0.72,0.33314,130.7,822.6,104.2,808.9,157.3,836.3,14,0.307,0
12,-53.784,-341.109,260.13,0.6088,0.793,0.0223,0.8883,-0.4532,0.0744,0.0703,-0.0259,-0.9972,25.5,0.1831,0.256,0.671,0.39624,132.1,820.8,105.8,806.8,158.6,834.8,15,0.665,0
13,-52.579,-339.562,260.18,0.6201,0.784,0.0286,0.8832,-0.4628,0.0753,0.0736,-0.0218,-0.9971,25.5,0.187,0.302,0.625,0.46049,133.5,819.0,107.3,804.7,159.8,833.3,16,1.103,0
14,-51.355,-338.032,260.244,0.6284,0.7771,0.0364,0.8783,-0.4721,0.0761,0.0777,-0.0162,-0.9968,25.5,0.1878,0.398,0.604,0.38911,135.0,817.2,108.9,802.6,161.1,831.8,16,0.858,0
15,-50.115,-336.515,260.322,0.6361,0.7704,0.0423,0.8734,-0.4809,0.077,0.0811,-0.0123,-0.9966,25.5,0.1883,0.297,0.579,0.34447,136.4,815.4,110.5,800.6,162.4,830.3,17,0.347,0
16,-48.86,-335.01,260.409,0.6436,0.764,0.0463,0.8686,-0.4894,0.0778,0.0835,-0.01,-0.9965,25.5,0.1887,0.191,0.561,0.3109,137.9,813.7,112.1,798.6,163.7,828.8,18,0.225,0
17,-47.592,-333.518,260.502,0.6506,0.7579,0.0485,0.8639,-0.4974,0.0785,0.0852,-0.0093,-0.9963,25.5,0.1889,0.106,0.533,0.27881,139.4,812.0,113.7,796.7,165.1,827.3,19,0.834,0
18,-46.309,-332.038,260.598,0.6572,0.7521,0.049,0.8594,-0.5051,0.0792,0.0859,-0.0101,-0.9963,25.5,0.1888,0.061,0.513,0.25715,140.8,810.3,115.3,794.7,166.4,825.9,19,1.128,0
19,-45.014,-330.568,260.693,0.6635,0.7466,0.0479,0.855,-0.5125,0.0799,0.0858,-0.0123,-0.9962,25.5,0.1885,0.126,0.495,0.24646,142.4,808.6,117.0,792.8,167.8,824.4,20,0.501,0
20,-43.707,-329.11,260.785,0.6694,0.7415,0.0453,0.8507,-0.5195,0.0806,0.0848,-0.0158,-0.9963,25.5,0.1879,0.209,0.472,0.24022,143.9,806.9,118.6,790.9,169.2,822.9,21,0.124,0
21,-42.389,-327.661,260.87,0.6756,0.736,0.0438,0.8465,-0.5261,0.0813,0.0844,-0.0182,-0.9963,25.5,0.1882,0.139,0.45,0.24613,145.4,805.2,120.3,789.0,170.6,821.5,22,0.723,0
22,-41.057,-326.224,260.961,0.6826,0.7292,0.0478,0.8425,-0.5325,0.082,0.0868,-0.016,-0.9961,25.5,0.1907,0.187,0.434,0.30818,147.0,803.6,121.9,787.2,172.1,820.0,22,1.238,0
23,-39.712,-324.8,261.056,0.6887,0.7234,0.0497,0.8386,-0.5385,0.0827,0.0882,-0.0156,-0.996,25.5,0.1921,0.084,0.412,0.25208,148.5,801.9,123.6,785.4,173.5,818.5,23,0.686,0
24,-38.357,-323.387,261.154,0.6939,0.7184,0.0496,0.8347,-0.5443,0.0834,0.0886,-0.0168,-0.9959,25.5,0.1923,0.073,0.402,0.2108,150.1,800.3,125.3,783.6,175.0,817.1,24,0.201,0
25,-36.992,-321.982,261.25,0.6984,0.7141,0.0477,0.831,-0.5499,0.0841,0.0879,-0.0195,-0.9959,25.5,0.1917,0.16,0.387,0.19015,151.7,798.7,127.0,781.8,176.5,815.6,25,0.202,0
26,-35.618,-320.586,261.34,0.7023,0.7105,0.0441,0.8274,-0.5552,0.0849,0.0864,-0.0236,-0.996,25.5,0.1904,0.25,0.37,0.18738,153.3,797.1,128.7,780.0,178.0,814.2,26,0.495,0
27,-34.238,-319.196,261.421,0.7057,0.7075,0.0386,0.8238,-0.5604,0.0857,0.0838,-0.0292,-0.9961,25.5,0.1882,0.354,0.365,0.20827,154.9,795.5,130.5,778.2,179.5,812.7,27,0.691,0
28,-32.851,-317.811,261.49,0.7084,0.7051,0.0314,0.8202,-0.5654,0.0865,0.0802,-0.0362,-0.9961,25.5,0.1851,0.451,0.356,0.23537,156.6,793.9,132.2,776.5,181.0,811.3,28,0.792,0
29,-31.46,-316.43,261.543,0.7107,0.7032,0.0223,0.8167,-0.5703,0.0875,0.0755,-0.0447,-0.9961,25.5,0.1813,0.557,0.35,0.27981,158.2,792.3,133.9,774.7,182.5,809.8,29,0.804,0
30,-30.064,-315.053,261.577,0.7126,0.7014,0.0121,0.8132,-0.5752,0.0884,0.0701,-0.0541,-0.9961,25.5,0.1771,0.621,0.349,0.3077,159.8,790.6,135.6,773.0,184.1,808.4,30,0.731,0
31,-28.664,-313.68,261.593,0.7158,0.6983,0.0049,0.8098,-0.5799,0.0895,0.0663,-0.061,-0.9959,25.5,0.1751,0.451,0.338,0.2474,161.5,789.0,137.4,771.2,185.6,806.9,31,0.58,0
32,-27.257,-312.314,261.596,0.7188,0.6952,-0.0017,0.8062,-0.5846,0.0906,0.0629,-0.0675,-0.9957,25.5,0.1729,0.42,0.345,0.23039,163.1,787.4,139.1,769.5,187.1,805.5,32,0.356,0
33,-25.845,-310.954,261.587,0.7217,0.6921,-0.0077,0.8027,-0.5893,0.0918,0.0598,-0.0735,-0.9955,25.5,0.1707,0.387,0.343,0.21476,164.8,785.9,140.9,767.7,188.7,804.0,33,0.093,0
34,-24.427,-309.6,261.566,0.7246,0.6891,-0.0132,0.7991,-0.5939,0.093,0.0571,-0.0791,-0.9952,25.5,0.1685,0.357,0.342,0.20171,166.4,784.3,142.7,766.0,190.3,802.6,34,0.323,0
35,-23.003,-308.252,261.536,0.7273,0.686,-0.0181,0.7955,-0.5985,0.0943,0.0546,-0.0842,-0.9949,25.5,0.1663,0.326,0.343,0.18687,168.1,782.7,144.4,764.3,191.8,801.1,35,0.739,0
36,-21.574,-306.909,261.496,0.73,0.683,-0.0225,0.7918,-0.6032,0.0957,0.0525,-0.0889,-0.9947,25.5,0.1639,0.295,0.352,0.17447,169.8,781.1,146.2,762.6,193.4,799.7,37,0.254,0
37,-20.14,-305.573,261.448,0.7327,0.6801,-0.0264,0.7881,-0.6079,0.0971,0.0507,-0.0931,-0.9944,25.5,0.1614,0.262,0.352,0.16243,171.4,779.5,148.0,760.8,194.9,798.3,38,0.314,0
38,-18.701,-304.242,261.393,0.7352,0.6772,-0.0297,0.7842,-0.6126,0.0986,0.0492,-0.097,-0.9941,25.5,0.1588,0.24,0.36,0.14769,173.1,778.0,149.8,759.1,196.5,796.8,40,0.486,0
39,-17.257,-302.917,261.332,0.7378,0.6743,-0.0325,0.7803,-0.6173,0.1001,0.048,-0.1004,-0.9938,25.5,0.1562,0.207,0.36,0.14015,174.8,776.4,151.6,757.4,198.1,795.4,41,0.119,0
40,-15.808,-301.598,261.26,0.7397,0.6717,-0.0414,0.7762,-0.6222,0.1016,0.043,-0.1086,-0.9932,25.5,0.152,0.551,0.376,0.27655,176.5,774.8,153.4,755.7,199.7,794.0,43,0.628,0
41,-14.356,-300.283,261.171,0.7417,0.6689,-0.0495,0.772,-0.6271,0.1032,0.0384,-0.116,-0.9925,25.5,0.148,0.501,0.381,0.25716,178.2,773.3,155.2,754.0,201.2,792.6,44,0.046,0
42,-12.9,-298.974,261.068,0.7439,0.666,-0.0553,0.7677,-0.6321,0.1048,0.0352,-0.1217,-0.9919,25.5,0.1443,0.376,0.389,0.20007,179.9,771.7,157.1,752.3,202.8,791.2,45,0.575,0
43,-11.438,-297.671,260.955,0.7463,0.663,-0.0589,0.7633,-0.6372,0.1064,0.0334,-0.1257,-0.9915,25.5,0.1409,0.252,0.397,0.15384,181.6,770.2,158.9,750.6,204.4,789.8,47,0.22,0
44,-9.972,-296.374,260.838,0.749,0.6598,-0.0604,0.7587,-0.6424,0.1081,0.0328,-0.128,-0.9912,25.5,0.1379,0.137,0.41,0.12995,183.3,768.6,160.8,748.9,206.0,788.4,48,0.358,0
45,-8.501,-295.084,260.72,0.752,0.6565,-0.0598,0.754,-0.6477,0.1097,0.0336,-0.1288,-0.9911,25.5,0.1352,0.065,0.416,0.13147,185.1,767.1,162.6,747.2,207.6,787.1,50,0.506,0
46,-7.023,-293.8,260.605,0.7553,0.6529,-0.057,0.7491,-0.653,0.1113,0.0358,-0.1279,-0.9911,25.5,0.1331,0.136,0.424,0.16449,186.8,765.6,164.5,745.5,209.2,785.7,51,0.031,0
47,-5.538,-292.523,260.498,0.7589,0.6491,-0.0519,0.7441,-0.6585,0.113,0.0395,-0.1254,-0.9913,25.5,0.1314,0.256,0.437,0.21352,188.5,764.0,166.4,743.8,210.7,784.4,52,0.535,0
48,-4.046,-291.254,260.403,0.763,0.6449,-0.0444,0.7389,-0.664,0.1145,0.0448,-0.1212,-0.9916,25.5,0.1305,0.388,0.442,0.2783,190.3,762.5,168.3,742.1,212.3,783.0,54,0.437,0
49,-2.546,-289.994,260.325,0.767,0.6406,-0.0363,0.7336,-0.6696,0.1161,0.0505,-0.1167,-0.9919,25.5,0.1295,0.416,0.451,0.29234,192.0,761.1,170.2,740.5,213.9,781.7,55,0.043,0
50,-1.039,-288.742,260.257,0.7704,0.6367,-0.033,0.7281,-0.6753,0.1176,0.053,-0.1156,-0.9919,25.5,0.1271,0.156,0.462,0.17932,193.8,759.6,172.1,738.8,215.5,780.4,56,0.514,0
51,0.475,-287.497,260.195,0.7738,0.6327,-0.0297,0.7224,-0.6811,0.1191,0.0555,-0.1145,-0.9919,25.5,0.1245,0.156,0.474,0.18119,195.6,758.1,174.1,737.2,217.1,779.1,58,0.525,0
52,1.996,-286.261,260.14,0.7774,0.6285,-0.0263,0.7165,-0.6871,0.1205,0.0581,-0.1133,-0.9919,25.5,0.122,0.164,0.489,0.18972,197.3,756.6,176.0,735.5,218.7,777.8,59,0.076,0
53,3.524,-285.032,260.092,0.781,0.6242,-0.0228,0.7105,-0.6931,0.1219,0.0607,-0.1122,-0.9918,25.5,0.1195,0.162,0.493,0.19314,199.1,755.2,178.0,733.9,220.3,776.6,60,0.385,0
54,5.059,-283.813,260.051,0.7847,0.6196,-0.0192,0.7042,-0.6993,0.1233,0.0634,-0.111,-0.9918,25.5,0.1169,0.169,0.513,0.20203,200.9,753.8,180.0,732.3,222.0,775.3,62,0.674,0
55,6.601,-282.603,260.017,0.7885,0.6149,-0.0155,0.6976,-0.7056,0.1246,0.0661,-0.1098,-0.9918,25.5,0.1143,0.169,0.528,0.20707,202.7,752.3,181.9,730.7,223.6,774.1,63,0.221,0
56,8.151,-281.402,259.99,0.7924,0.6099,-0.0117,0.6908,-0.712,0.1259,0.0689,-0.1085,-0.9917,25.5,0.1117,0.177,0.54,0.21602,204.5,750.9,184.0,729.1,225.2,772.9,64,0.238,0
57,9.709,-280.211,259.971,0.7964,0.6047,-0.0078,0.6837,-0.7186,0.1271,0.0717,-0.1072,-0.9916,25.5,0.109,0.177,0.56,0.22299,206.3,749.5,186.0,727.5,226.8,771.7,65,0.699,0
58,11.274,-279.03,259.961,0.8001,0.5998,-0.0017,0.6764,-0.7253,0.1284,0.0762,-0.1044,-0.9916,25.5,0.1059,0.304,0.573,0.25289,208.2,748.2,188.0,725.9,228.4,770.5,67,0.32,0
59,12.846,-277.858,259.965,0.8038,0.5949,0.0049,0.6687,-0.7322,0.1296,0.0811,-0.1014,-0.9915,25.5,0.1026,0.329,0.596,0.26341,210.0,746.8,190.1,724.3,230.0,769.4,68,0.163,0
60,14.426,-276.697,259.979,0.8077,0.5895,0.01,0.6607,-0.7392,0.1308,0.0849,-0.0995,-0.9914,25.5,0.0992,0.243,0.613,0.24513,211.9,745.4,192.2,722.7,231.6,768.2,69,0.656,0
61,16.014,-275.547,260.003,0.8118,0.5837,0.0135,0.6523,-0.7464,0.1319,0.0875,-0.0988,-0.9913,25.5,0.0956,0.154,0.637,0.23138,213.7,744.1,194.3,721.2,233.2,767.1,71,0.284,0
62,17.61,-274.408,260.031,0.8162,0.5775,0.0152,0.6436,-0.7537,0.1331,0.0887,-0.0992,-0.9911,25.5,0.0921,0.073,0.654,0.22764,215.6,742.8,196.4,719.6,234.9,766.0,72,0.247,0
63,19.215,-273.282,260.061,0.8208,0.571,0.0152,0.6345,-0.7612,0.1342,0.0886,-0.1009,-0.9909,25.5,0.0882,0.098,0.679,0.23268,217.5,741.5,198.5,718.1,236.5,764.9,74,0.606,0
64,20.829,-272.169,260.09,0.8255,0.5642,0.0135,0.6249,-0.7689,0.1354,0.0871,-0.1037,-0.9908,25.5,0.0839,0.182,0.708,0.2466,219.3,740.2,200.7,716.6,238.1,763.8,75,0.027,0
65,22.453,-271.07,260.113,0.8304,0.5571,0.0099,0.6149,-0.7767,0.1366,0.084,-0.1077,-0.9906,25.5,0.0793,0.29,0.73,0.27315,221.2,738.9,202.9,715.1,239.7,762.8,76,0.572,0
66,24.086,-269.983,260.131,0.8343,0.5512,0.0097,0.6044,-0.7846,0.1378,0.0838,-0.1094,-0.9905,25.5,0.0731,0.098,0.756,0.20669,223.2,737.6,205.1,713.6,241.3,761.8,78,0.132,0
67,25.725,-268.908,260.151,0.8386,0.5447,0.0099,0.5936,-0.7926,0.139,0.0838,-0.111,-0.9903,25.5,0.0674,0.092,0.773,0.22783,225.1,736.4,207.3,712.1,242.9,760.8,79,0.526,0
68,27.374,-267.848,260.17,0.8433,0.5374,0.0097,0.5828,-0.8005,0.1403,0.0833,-0.1128,-0.9901,25.5,0.0626,0.108,0.77,0.25376,227.0,735.1,209.6,710.6,244.5,759.8,81,0.055,0
69,29.032,-266.801,260.189,0.8482,0.5296,0.0091,0.572,-0.808,0.1415,0.0825,-0.115,-0.9899,25.5,0.0585,0.135,0.756,0.26975,228.9,733.9,211.8,709.1,246.1,758.8,83,0.538,0
70,30.7,-265.771,260.206,0.8532,0.5216,0.0081,0.5615,-0.815,0.1427,0.0812,-0.1174,-0.9898,25.5,0.0551,0.156,0.726,0.27719,230.9,732.7,214.1,707.7,247.8,757.8,84,0.235,0
71,32.378,-264.756,260.22,0.858,0.5136,0.0068,0.5517,-0.8215,0.144,0.0796,-0.1199,-0.9896,25.5,0.0524,0.17,0.678,0.27523,232.9,731.5,216.4,706.4,249.4,756.8,86,0.119,0
72,34.065,-263.756,260.232,0.8624,0.5061,0.0052,0.5427,-0.8273,0.1452,0.0779,-0.1225,-0.9894,25.5,0.0501,0.178,0.617,0.25839,234.8,730.4,218.6,705.0,251.1,755.8,88,0.4,0
73,35.76,-262.771,260.241,0.867,0.4984,0.0041,0.5347,-0.8322,0.1464,0.0764,-0.1249,-0.9892,25.5,0.0494,0.163,0.542,0.26397,236.8,729.2,220.8,703.7,252.9,754.8,89,0.462,0
74,37.464,-261.802,260.248,0.8713,0.4907,0.0036,0.528,-0.8363,0.1476,0.0755,-0.1269,-0.989,25.5,0.0502,0.126,0.455,0.25823,238.8,728.1,223.0,702.5,254.7,753.8,91,0.26,0
75,39.177,-260.846,260.255,0.8749,0.4842,0.0029,0.5224,-0.8396,0.1488,0.0746,-0.1288,-0.9889,25.5,0.0509,0.121,0.379,0.21799,240.8,727.0,225.2,701.2,256.5,752.8,93,0.094,0
76,40.896,-259.902,260.26,0.878,0.4787,0.0022,0.518,-0.8421,0.1499,0.0737,-0.1307,-0.9887,25.5,0.052,0.121,0.297,0.1856,242.8,725.9,227.3,700.1,258.4,751.8,95,0.131,0
77,42.62,-258.968,260.264,0.8806,0.4739,0.0014,0.5147,-0.844,0.1511,0.0729,-0.1325,-0.9885,25.5,0.0535,0.113,0.229,0.16121,244.8,724.8,229.4,698.9,260.3,750.7,97,0.395,0
78,44.349,-258.043,260.265,0.8829,0.4697,0.0004,0.5124,-0.8451,0.1522,0.072,-0.1343,-0.9883,25.5,0.0555,0.116,0.159,0.1429,246.8,723.7,231.5,697.8,262.3,749.7,98,0.421,0
79,46.082,-257.126,260.265,0.8848,0.4659,-0.0006,0.5112,-0.8457,0.1532,0.071,-0.1361,-0.9881,25.5,0.0582,0.119,0.096,0.12749,248.9,722.6,233.5,696.7,264.3,748.7,100,0.113,0
80,47.819,-256.215,260.263,0.8866,0.4626,-0.0018,0.511,-0.8456,0.1542,0.0699,-0.1379,-0.988,25.5,0.0616,0.121,0.059,0.11527,250.9,721.5,235.6,695.6,266.3,747.6,101,0.589,0
81,49.559,-255.311,260.258,0.8881,0.4596,-0.0032,0.5117,-0.845,0.1552,0.0687,-0.1398,-0.9878,25.5,0.0656,0.129,0.078,0.10618,252.9,720.5,237.6,694.6,268.4,746.5,103,0.246,0
82,51.302,-254.413,260.25,0.8895,0.4569,-0.0048,0.5133,-0.8439,0.156,0.0674,-0.1416,-0.9876,25.5,0.0703,0.128,0.12,0.10043,255.0,719.4,239.6,693.6,270.5,745.4,104,0.223,0
83,53.047,-253.52,260.239,0.8913,0.4534,-0.0058,0.5157,-0.8423,0.1568,0.0664,-0.1432,-0.9875,25.5,0.0768,0.108,0.172,0.11868,257.0,718.4,241.5,692.6,272.6,744.3,105,0.603,0
84,54.8,-252.64,260.231,0.8959,0.4442,-0.0029,0.5189,-0.8402,0.1575,0.0677,-0.1432,-0.9874,25.5,0.0912,0.075,0.223,0.31225,259.1,717.4,243.5,691.6,274.7,743.2,107,0.859,0
85,56.56,-251.776,260.226,0.8994,0.4371,-0.0016,0.5228,-0.8377,0.158,0.0681,-0.1438,-0.9873,25.5,0.1038,0.042,0.267,0.23437,261.1,716.3,245.4,690.7,276.9,742.2,108,0.755,0
86,58.326,-250.924,260.223,0.9018,0.432,-0.0018,0.5273,-0.8348,0.1585,0.0674,-0.1449,-0.9872,25.5,0.1146,0.075,0.308,0.16479,263.2,715.4,247.3,689.8,279.1,741.1,109,0.753,0
87,60.097,-250.08,260.218,0.9033,0.429,-0.0036,0.5324,-0.8315,0.1589,0.0657,-0.1465,-0.987,25.5,0.1236,0.134,0.349,0.11121,265.3,714.4,249.2,688.9,281.4,740.0,110,0.848,0
88,61.869,-249.24,260.208,0.9038,0.4278,-0.0069,0.5378,-0.8279,0.1591,0.0629,-0.1488,-0.9869,25.5,0.1308,0.208,0.372,0.10362,267.3,713.4,251.1,688.0,283.6,738.9,111,1.038,0
89,63.641,-248.401,260.19,0.9034,0.4287,-0.0119,0.5437,-0.824,0.1593,0.0591,-0.1518,-0.9866,25.5,0.136,0.278,0.405,0.14889,269.4,712.4,253.0,687.1,285.8,737.8,111,0.925,0
90,65.411,-247.558,260.16,0.9018,0.4317,-0.0187,0.5498,-0.82,0.1594,0.054,-0.1555,-0.9864,25.5,0.1388,0.361,0.418,0.22213,271.5,711.4,254.9,686.3,288.1,736.7,112,0.641,0
91,67.177,-246.706,260.115,0.899,0.4371,-0.0277,0.5561,-0.8157,0.1594,0.0475,-0.1602,-0.9859,25.5,0.139,0.46,0.437,0.31737,273.5,710.4,256.8,685.4,290.4,735.5,113,0.266,0
92,68.936,-245.842,260.05,0.8946,0.4452,-0.0393,0.5625,-0.8113,0.1593,0.0394,-0.1661,-0.9853,25.5,0.1358,0.575,0.445,0.43293,275.6,709.4,258.6,684.5,292.6,734.4,114,0.196,0
93,70.684,-244.96,259.96,0.89,0.4531,-0.0508,0.5689,-0.8069,0.1591,0.0314,-0.172,-0.9846,25.5,0.1326,0.571,0.445,0.42941,277.6,708.3,260.5,683.6,294.8,733.2,115,0.744,0
94,72.428,-244.069,259.854,0.8882,0.4559,-0.0578,0.5754,-0.8023,0.1588,0.0262,-0.1759,-0.9841,25.5,0.1361,0.374,0.457,0.22646,279.7,707.3,262.3,682.7,297.1,732.0,115,1.217,0
95,74.167,-243.171,259.733,0.8858,0.4594,-0.0663,0.5818,-0.7978,0.1584,0.0201,-0.1806,-0.9833,25.5,0.1383,0.444,0.449,0.27757,281.7,706.2,264.2,681.7,299.3,730.8,116,0.587,0
96,75.901,-242.266,259.593,0.8827,0.4637,-0.0763,0.5882,-0.7932,0.158,0.0128,-0.1862,-0.9824,25.5,0.1393,0.53,0.452,0.33068,283.7,705.1,266.0,680.8,301.5,729.6,117,0.124,0
97,77.628,-241.352,259.432,0.8789,0.4688,-0.0881,0.5946,-0.7885,0.1574,0.0044,-0.1926,-0.9813,25.5,0.1391,0.608,0.456,0.3917,285.7,704.0,267.8,679.9,303.7,728.3,118,0.903,0
98,79.347,-240.427,259.246,0.8742,0.4749,-0.1016,0.601,-0.7837,0.1567,-0.0052,-0.2,-0.9798,25.5,0.1373,0.7,0.46,0.45419,287.7,702.9,269.6,678.9,305.9,727.0,118,1.058,0
99,81.056,-239.49,259.033,0.8685,0.4818,-0.1169,0.6075,-0.7789,0.156,-0.0161,-0.2084,-0.9779,25.5,0.1341,0.796,0.465,0.51786,289.7,701.8,271.4,677.9,308.1,725.8,119,0.218,0
100,82.752,-238.537,258.787,0.8616,0.4895,-0.1342,0.614,-0.7739,0.1551,-0.0282,-0.2179,-0.9756,25.5,0.1294,0.891,0.473,0.5889,291.7,700.6,273.2,676.9,310.2,724.4,120,0.674,0
101,84.436,-237.57,258.509,0.8552,0.4964,-0.149,0.6205,-0.7689,0.1541,-0.0384,-0.2261,-0.9734,25.5,0.126,0.76,0.473,0.51248,293.6,699.4,274.9,675.9,312.4,723.1,120,1.287,0
102,86.106,-236.59,258.201,0.8481,0.5034,-0.1652,0.6271,-0.7638,0.153,-0.0495,-0.2351,-0.9707,25.5,0.1221,0.833,0.482,0.55585,295.5,698.2,276.7,674.9,314.5,721.7,121,0.351,0
103,87.761,-235.596,257.86,0.8402,0.5104,-0.1831,0.6337,-0.7586,0.1518,-0.0618,-0.2452,-0.9675,25.5,0.1175,0.93,0.486,0.60724,297.4,697.0,278.4,673.8,316.6,720.3,122,0.623,0
104,89.4,-234.589,257.482,0.8314,0.5175,-0.2026,0.6402,-0.7533,0.1504,-0.0753,-0.2564,-0.9636,25.5,0.112,1.03,0.487,0.65866,299.3,695.8,280.1,672.7,318.7,718.9,122,1.338,0
105,91.021,-233.567,257.064,0.8216,0.5244,-0.2236,0.6468,-0.748,0.1489,-0.0897,-0.2685,-0.9591,25.5,0.1059,1.108,0.493,0.70658,301.2,694.5,281.7,671.6,320.7,717.5,123,0.334,0
106,92.622,-232.533,256.604,0.811,0.5309,-0.2459,0.6533,-0.7427,0.1473,-0.1049,-0.2815,-0.9538,25.5,0.0993,1.186,0.489,0.7461,303.0,693.2,283.4,670.5,322.8,716.0,124,0.697,0
107,94.201,-231.484,256.101,0.7995,0.538,-0.2672,0.6597,-0.7373,0.1456,-0.1192,-0.2939,-0.9484,25.5,0.0919,1.128,0.49,0.73703,304.8,691.9,285.0,669.4,324.8,714.5,124,1.264,0
108,95.756,-230.423,255.556,0.7871,0.5447,-0.2894,0.6661,-0.7319,0.1437,-0.134,-0.307,-0.9422,25.5,0.084,1.187,0.492,0.76846,306.6,690.6,286.6,668.2,326.7,713.0,125,0.212,0
109,97.287,-229.349,254.966,0.774,0.5508,-0.3122,0.6724,-0.7265,0.1418,-0.1491,-0.3206,-0.9354,25.5,0.076,1.228,0.488,0.78879,308.4,689.2,288.2,667.1,328.6,711.5,126,0.857,0
110,98.792,-228.263,254.331,0.7602,0.5563,-0.3354,0.6786,-0.7211,0.1397,-0.1645,-0.3346,-0.9279,25.5,0.0679,1.268,0.486,0.80508,310.1,687.8,289.7,665.9,330.5,709.9,126,1.104,0
111,100.268,-227.167,253.65,0.7459,0.5611,-0.3589,0.6847,-0.7157,0.1375,-0.18,-0.3489,-0.9197,25.5,0.0598,1.296,0.484,0.81601,311.7,686.4,291.2,664.7,332.4,708.3,127,0.027,0
112,101.716,-226.062,252.924,0.7307,0.566,-0.3818,0.6907,-0.7104,0.1352,-0.1949,-0.363,-0.9112,25.5,0.051,1.272,0.477,0.81583,313.4,685.0,292.6,663.4,334.2,706.8,128,1.058,0
113,103.133,-224.948,252.153,0.7148,0.5704,-0.4046,0.6966,-0.705,0.1329,-0.2097,-0.3772,-0.9021,25.5,0.042,1.286,0.477,0.82235,314.9,683.6,294.1,662.2,335.9,705.1,128,0.903,0
114,104.519,-223.826,251.337,0.698,0.5742,-0.4279,0.7024,-0.6997,0.1305,-0.2246,-0.3918,-0.8922,25.5,0.0327,1.323,0.471,0.84672,316.5,682.2,295.5,660.9,337.6,703.5,129,0.182,0
115,105.87,-222.697,250.474,0.6801,0.5773,-0.4519,0.708,-0.6945,0.128,-0.24,-0.4071,-0.8813,25.5,0.0227,1.392,0.461,0.8795,318.0,680.7,296.8,659.6,339.3,701.9,130,1.261,0
116,107.185,-221.562,249.564,0.6609,0.5796,-0.4767,0.7135,-0.6894,0.1254,-0.256,-0.4231,-0.8692,25.5,0.0122,1.47,0.455,0.91893,319.4,679.2,298.1,658.3,340.9,700.2,130,0.7,0
117,108.462,-220.424,248.605,0.6407,0.5818,-0.501,0.7188,-0.6843,0.1228,-0.2714,-0.4388,-0.8567,25.5,0.0009,1.449,0.447,0.92566,320.9,677.8,299.4,657.0,342.4,698.6,131,0.373,0
118,109.697,-219.281,247.599,0.6194,0.5834,-0.5253,0.7239,-0.6793,0.1202,-0.2867,-0.4547,-0.8432,25.5,0.0111,1.482,0.435,0.94547,322.2,676.3,300.6,655.7,343.9,696.9,132,1.436,1
119,110.89,-218.136,246.545,0.597,0.5841,-0.5499,0.7289,-0.6745,0.1175,-0.3024,-0.4711,-0.8286,25.5,0.0234,1.547,0.426,0.97249,323.5,674.8,301.8,654.4,345.3,695.2,132,0.526,1
120,112.038,-216.991,245.442,0.5739,0.5837,-0.5744,0.7336,-0.6698,0.1148,-0.3179,-0.4876,-0.8131,25.5,0.0359,1.572,0.411,0.98407,324.7,673.3,302.9,653.1,346.7,693.6,133,0.526,1
121,113.14,-215.848,244.293,0.5505,0.5823,-0.5983,0.7382,-0.6652,0.1122,-0.3331,-0.504,-0.7969,25.5,0.0481,1.582,0.401,0.97826,325.9,671.8,303.9,651.7,348.0,691.9,133,1.435,1
122,114.196,-214.707,243.098,0.5267,0.5813,-0.6202,0.7425,-0.6608,0.1095,-0.3468,-0.5191,-0.7812,25.5,0.061,1.474,0.385,0.94558,327.0,670.2,304.9,650.4,349.2,690.2,134,0.397,1
123,115.206,-213.569,241.861,0.503,0.5792,-0.6415,0.7466,-0.6566,0.1069,-0.3602,-0.5341,-0.7648,25.5,0.0733,1.487,0.368,0.93315,328.1,668.7,305.9,649.0,350.4,688.5,135,0.626,1
124,116.169,-212.436,240.583,0.4794,0.576,-0.6621,0.7505,-0.6525,0.1043,-0.3733,-0.549,-0.7478,25.5,0.0851,1.497,0.357,0.92022,329.1,667.2,306.8,647.6,351.5,686.9,135,1.335,1
125,117.086,-211.311,239.264,0.4559,0.5716,-0.6822,0.7542,-0.6487,0.1018,-0.3861,-0.5636,-0.7302,25.5,0.0964,1.502,0.336,0.91274,330.0,665.7,307.7,646.3,352.5,685.2,136,0.332,1
126,117.957,-210.195,237.908,0.4325,0.5663,-0.7016,0.7577,-0.645,0.0995,-0.3985,-0.578,-0.7122,25.5,0.1074,1.5,0.32,0.90167,330.9,664.2,308.5,644.9,353.5,683.6,137,0.647,1
127,118.783,-209.088,236.515,0.4096,0.5623,-0.7184,0.761,-0.6414,0.0972,-0.409,-0.5907,-0.6956,25.5,0.1188,1.34,0.309,0.83808,331.8,662.7,309.2,643.6,354.4,682.0,137,1.315,1
128,119.564,-207.991,235.09,0.3868,0.5571,-0.7349,0.764,-0.6381,0.0951,-0.4195,-0.6034,-0.6782,25.5,0.1299,1.373,0.282,0.83632,332.5,661.3,309.9,642.2,355.2,680.4,138,0.367,1
129,120.3,-206.904,233.633,0.3637,0.5507,-0.7513,0.7669,-0.635,0.0931,-0.4301,-0.6161,-0.6598,25.5,0.1407,1.418,0.269,0.84866,333.3,659.8,310.6,640.8,356.0,678.8,139,0.543,1
130,120.99,-205.832,232.144,0.3403,0.5431,-0.7676,0.7695,-0.6321,0.0914,-0.4407,-0.629,-0.6404,25.5,0.1516,1.467,0.243,0.8624,333.9,658.3,311.2,639.5,356.7,677.2,140,1.41,1
131,121.634,-204.775,230.623,0.3163,0.5343,-0.7839,0.7718,-0.6294,0.0898,-0.4514,-0.642,-0.6197,25.5,0.1626,1.529,0.223,0.88592,334.5,656.9,311.8,638.2,357.3,675.7,140,0.552,1
132,122.231,-203.736,229.071,0.2927,0.5262,-0.7984,0.774,-0.627,0.0885,-0.4611,-0.6538,-0.5999,25.5,0.174,1.433,0.201,0.84329,335.1,655.5,312.3,636.8,357.9,674.1,141,0.264,1
133,122.782,-202.712,227.492,0.2696,0.518,-0.8118,0.7759,-0.6248,0.0874,-0.4701,-0.6649,-0.5804,25.5,0.1854,1.385,0.178,0.81634,335.6,654.1,312.7,635.5,358.4,672.6,142,1.023,1
134,123.288,-201.705,225.888,0.2471,0.5092,-0.8244,0.7776,-0.6228,0.0866,-0.4787,-0.6756,-0.5607,25.5,0.1964,1.376,0.157,0.79622,336.0,652.7,313.1,634.2,358.9,671.2,142,0.939,1
135,123.751,-200.715,224.26,0.2251,0.4999,-0.8363,0.779,-0.621,0.0861,-0.4869,-0.6858,-0.541,25.5,0.2071,1.355,0.134,0.77979,336.4,651.3,313.5,632.9,359.3,669.7,143,0.238,1
136,124.172,-199.745,222.609,0.204,0.4901,-0.8475,0.7803,-0.6195,0.086,-0.4947,-0.6954,-0.5212,25.5,0.2173,1.338,0.114,0.75451,336.7,649.9,313.8,631.6,359.6,668.3,144,0.404,1
137,124.552,-198.794,220.937,0.1836,0.48,-0.8579,0.7813,-0.6182,0.0863,-0.502,-0.7045,-0.5016,25.5,0.2273,1.307,0.096,0.73127,337.0,648.6,314.1,630.4,359.9,666.9,145,0.981,1
138,124.889,-197.862,219.245,0.1604,0.4702,-0.8678,0.7821,-0.6171,0.087,-0.5095,-0.7136,-0.4808,25.5,0.2402,1.37,0.088,0.79084,337.2,647.3,314.3,629.1,360.2,665.6,145,0.98,1
139,125.183,-196.949,217.534,0.1403,0.461,-0.8762,0.7826,-0.6162,0.0882,-0.5159,-0.7213,-0.4621,25.5,0.2516,1.215,0.091,0.69091,337.4,646.0,314.5,627.9,360.3,664.3,146,0.471,1
140,125.44,-196.054,215.809,0.1226,0.452,-0.8836,0.7829,-0.6156,0.0898,-0.5214,-0.7281,-0.4449,25.5,0.2616,1.106,0.099,0.61921,337.5,644.8,314.7,626.6,360.5,663.0,147,0.04,1
141,125.665,-195.176,214.07,0.1069,0.443,-0.8901,0.783,-0.6151,0.092,-0.5264,-0.7342,-0.4287,25.5,0.2707,1.032,0.129,0.56184,337.6,643.5,314.8,625.4,360.5,661.7,148,0.322,1
142,125.861,-194.316,212.318,0.0926,0.4339,-0.8962,0.7829,-0.6149,0.0947,-0.5311,-0.7398,-0.413,25.5,0.2792,0.992,0.155,0.52633,337.7,642.3,314.9,624.2,360.6,660.5,149,0.593,1
143,126.029,-193.475,210.555,0.0793,0.4243,-0.902,0.7825,-0.6148,0.098,-0.5356,-0.745,-0.3975,25.5,0.2872,0.972,0.191,0.50838,337.7,641.1,314.9,623.0,360.6,659.2,150,0.774,1
144,126.171,-192.653,208.78,0.0646,0.4137,-0.9081,0.7819,-0.615,0.102,-0.5406,-0.7504,-0.3803,25.5,0.2965,1.072,0.232,0.55884,337.7,639.9,315.0,621.9,360.6,658.1,151,0.866,1
145,126.278,-191.854,206.993,0.0446,0.402,-0.9146,0.781,-0.6153,0.1066,-0.5469,-0.7563,-0.3591,25.5,0.31,1.312,0.269,0.70317,337.7,638.8,315.0,620.7,360.5,656.9,152,0.869,1
146,126.348,-191.076,205.194,0.028,0.3912,-0.9199,0.7798,-0.6159,0.1123,-0.5521,-0.7611,-0.3404,25.5,0.3224,1.146,0.335,0.59901,337.6,637.7,315.0,619.6,360.4,655.8,153,0.784,1
147,126.39,-190.319,203.386,0.0143,0.3812,-0.9244,0.7782,-0.6166,0.1191,-0.5565,-0.765,-0.3241,25.5,0.334,0.993,0.402,0.51275,337.5,636.6,314.9,618.5,360.2,654.7,154,0.612,1
148,126.406,-189.58,201.569,0.0035,0.3719,-0.9283,0.7762,-0.6175,0.1275,-0.5602,-0.7682,-0.3099,25.5,0.3453,0.861,0.497,0.43171,337.4,635.5,314.8,617.4,360.0,653.7,155,0.353,1
149,126.405,-188.86,199.746,-0.0046,0.3631,-0.9317,0.7736,-0.6185,0.1377,-0.5633,-0.7708,-0.2976,25.5,0.3564,0.742,0.606,0.3633,337.2,634.4,314.7,616.3,359.7,652.7,156,0.016,1
150,126.39,-188.156,197.915,-0.0098,0.3547,-0.9349,0.7704,-0.6197,0.15,-0.5658,-0.7729,-0.2873,25.5,0.3676,0.619,0.731,0.30344,337.0,633.4,314.7,615.2,359.5,651.7,157,0.427,1
151,126.363,-187.475,196.077,-0.0198,0.3391,-0.9405,0.7664,-0.621,0.1645,-0.5712,-0.7759,-0.2677,25.5,0.3805,1.177,0.865,0.56569,336.8,632.4,314.6,614.1,359.2,650.8,159,0.417,1
152,126.312,-186.824,194.228,-0.0313,0.3252,-0.9451,0.7615,-0.6222,0.1814,-0.5766,-0.7782,-0.2487,25.5,0.3976,1.139,1.011,0.54408,336.6,631.4,314.5,613.1,358.8,649.9,160,0.25,1
153,126.24,-186.197,192.372,-0.0426,0.3158,-0.9479,0.7558,-0.6233,0.2005,-0.581,-0.7796,-0.2336,25.5,0.4191,0.905,1.144,0.43718,336.4,630.5,314.4,612.1,358.5,649.0,162,0.202,1
154,126.146,-185.583,190.512,-0.0534,0.3114,-0.9488,0.7491,-0.6242,0.2219,-0.5841,-0.7804,-0.2233,25.5,0.4449,0.618,1.286,0.34179,336.1,629.6,314.3,611.1,358.0,648.2,164,0.482,1
155,126.031,-184.972,188.652,-0.0637,0.3127,-0.9477,0.7413,-0.6247,0.2455,-0.5856,-0.7807,-0.2182,25.5,0.4752,0.305,1.424,0.30505,335.8,628.6,314.2,610.1,357.5,647.3,165,0.4,1
156,125.896,-184.355,186.796,-0.0752,0.3144,-0.9463,0.7323,-0.6246,0.2711,-0.5873,-0.7809,-0.2128,25.5,0.508,0.325,1.555,0.34212,335.5,627.7,314.1,609.1,357.0,646.4,167,0.249,1
157,125.735,-183.741,184.94,-0.0881,0.3116,-0.9461,0.7222,-0.624,0.2985,-0.5911,-0.7809,-0.2021,25.5,0.5405,0.651,1.674,0.38579,335.1,626.8,314.1,608.2,356.4,645.6,169,0.108,1
158,125.551,-183.134,183.085,-0.1001,0.3074,-0.9463,0.7111,-0.6226,0.3267,-0.5956,-0.7803,-0.1905,25.5,0.5717,0.714,1.738,0.37155,334.8,625.9,314.0,607.3,355.8,644.7,171,0.071,1
159,125.344,-182.536,181.229,-0.1103,0.3021,-0.9469,0.6993,-0.6205,0.355,-0.6007,-0.7792,-0.1786,25.5,0.6007,0.745,1.761,0.33635,334.4,625.0,313.9,606.4,355.1,643.8,173,0.339,1
160,125.12,-181.95,179.372,-0.1183,0.2959,-0.9479,0.687,-0.6177,0.3827,-0.6061,-0.7776,-0.1671,25.5,0.6268,0.734,1.744,0.29718,334.0,624.1,313.8,605.5,354.4,642.9,174,0.458,1
161,124.881,-181.378,177.511,-0.1255,0.2881,-0.9493,0.6747,-0.6144,0.409,-0.6125,-0.7753,-0.1543,25.5,0.6499,0.83,1.674,0.31282,333.6,623.2,313.7,604.7,353.7,642.0,176,0.027,1
162,124.626,-180.818,175.649,-0.1343,0.2827,-0.9498,0.6623,-0.6107,0.4341,-0.6189,-0.7725,-0.1424,25.5,0.6739,0.791,1.618,0.30204,333.1,622.4,313.6,603.9,352.9,641.1,177,0.649,1
163,124.353,-180.268,173.787,-0.1446,0.2796,-0.9492,0.6499,-0.6066,0.4579,-0.6254,-0.7692,-0.1313,25.5,0.6982,0.761,1.555,0.31477,332.6,621.5,313.5,603.1,352.1,640.2,179,0.088,1
164,124.058,-179.72,171.928,-0.1563,0.2788,-0.9475,0.6375,-0.6023,0.4805,-0.632,-0.7655,-0.121,25.5,0.7228,0.732,1.497,0.34625,332.2,620.7,313.3,602.4,351.3,639.3,180,0.457,1
165,123.739,-179.172,170.072,-0.1694,0.2802,-0.9449,0.625,-0.5978,0.5019,-0.6388,-0.7613,-0.1112,25.5,0.7476,0.725,1.443,0.39237,331.7,619.9,313.1,601.6,350.5,638.4,182,0.551,1
166,123.398,-178.626,168.22,-0.1787,0.2777,-0.9439,0.6125,-0.5933,0.5223,-0.6471,-0.7558,-0.0998,25.5,0.7672,0.867,1.395,0.2829,331.1,619.0,312.9,600.9,349.6,637.5,183,0.146,1
167,123.037,-178.083,166.37,-0.189,0.2762,-0.9423,0.5999,-0.5889,0.5416,-0.6562,-0.7494,-0.088,25.5,0.7864,0.929,1.344,0.3077,330.6,618.2,312.7,600.2,348.7,636.6,184,0.211,1
168,122.656,-177.542,164.525,-0.2004,0.2758,-0.9401,0.5873,-0.5845,0.5599,-0.6662,-0.7419,-0.0756,25.5,0.8053,1.009,1.298,0.33947,330.0,617.4,312.5,599.5,347.8,635.7,185,0.516,1
169,122.251,-177.0,162.684,-0.2129,0.2766,-0.9371,0.5747,-0.5802,0.5772,-0.6773,-0.7331,-0.0625,25.5,0.8237,1.105,1.251,0.37633,329.4,616.6,312.2,598.7,346.9,634.8,186,0.769,1
170,121.82,-176.456,160.85,-0.2261,0.2783,-0.9335,0.5622,-0.5761,0.5934,-0.6895,-0.7227,-0.0484,25.5,0.8414,1.223,1.196,0.40289,328.8,615.8,312.0,598.0,345.9,633.9,188,0.847,1
171,121.365,-175.909,159.023,-0.2379,0.2794,-0.9303,0.5497,-0.5723,0.6085,-0.7026,-0.7108,-0.0338,25.5,0.8568,1.315,1.144,0.35869,328.1,615.0,311.7,597.3,344.9,633.0,189,0.759,1
172,120.888,-175.361,157.202,-0.2487,0.2798,-0.9273,0.5373,-0.5688,0.6227,-0.7169,-0.6969,-0.018,25.5,0.8702,1.458,1.099,0.32769,327.5,614.1,311.3,596.6,343.9,632.1,190,0.729,1
173,120.389,-174.812,155.387,-0.2599,0.2804,-0.924,0.5249,-0.5656,0.6361,-0.7327,-0.6805,-0.0004,25.5,0.8828,1.649,1.062,0.34161,326.8,613.3,311.0,595.8,342.9,631.2,191,0.758,1
174,119.868,-174.261,153.578,-0.2715,0.2811,-0.9205,0.5126,-0.5627,0.6486,-0.7501,-0.6611,0.0193,25.5,0.8944,1.872,1.018,0.35463,326.1,612.5,310.6,595.1,341.8,630.3,192,0.842,1
175,119.324,-173.709,151.777,-0.2837,0.282,-0.9165,0.5003,-0.5601,0.6603,-0.7691,-0.6378,0.0418,25.5,0.905,2.152,0.984,0.37608,325.3,611.7,310.2,594.4,340.7,629.4,193,0.973,1
176,118.755,-173.155,149.984,-0.2966,0.2831,-0.9121,0.4881,-0.5578,0.6713,-0.7897,-0.6097,0.0676,25.5,0.915,2.484,0.95,0.39954,324.6,610.9,309.8,593.6,339.6,628.6,193,0.987,1
177,118.162,-172.599,148.2,-0.3076,0.2838,-0.9082,0.4758,-0.5558,0.6817,-0.8101,-0.5787,0.0936,25.5,0.9232,2.596,0.93,0.34164,323.8,610.1,309.3,592.8,338.5,627.7,194,0.814,1
178,117.548,-172.042,146.423,-0.3187,0.2844,-0.9042,0.4634,-0.5542,0.6915,-0.8311,-0.5425,0.1222,25.5,0.9306,2.905,0.91,0.3452,323.0,609.3,308.9,592.1,337.3,626.9,195,0.604,1
179,116.912,-171.484,144.654,-0.3305,0.2851,-0.8997,0.4511,-0.5528,0.7007,-0.8525,-0.4992,0.1549,25.5,0.9371,3.342,0.884,0.36956,322.1,608.5,308.4,591.3,336.2,626.0,196,0.366,1
180,116.252,-170.924,142.894,-0.3431,0.2859,-0.8947,0.4386,-0.5518,0.7093,-0.8734,-0.4476,0.1918,25.5,0.9429,3.828,0.871,0.3968,321.3,607.7,307.9,590.5,335.0,625.2,197,0.104,1
181,115.566,-170.362,141.145,-0.3565,0.2867,-0.8892,0.4261,-0.5512,0.7174,-0.8924,-0.3864,0.2332,25.5,0.9478,4.372,0.854,0.4239,320.4,606.9,307.4,589.8,333.7,624.3,198,0.176,1
182,114.853,-169.8,139.408,-0.3709,0.2876,-0.883,0.4135,-0.5509,0.7249,-0.9074,-0.3144,0.2787,25.5,0.9519,4.957,0.84,0.45887,319.5,606.1,306.8,589.0,332.5,623.5,199,0.467,1
183,114.112,-169.235,137.682,-0.3848,0.2879,-0.877,0.4009,-0.551,0.7319,-0.9161,-0.2351,0.3247,25.5,0.9548,5.278,0.826,0.44247,318.6,605.3,306.2,588.2,331.2,622.7,200,0.764,1
184,113.345,-168.67,135.968,-0.3979,0.2882,-0.871,0.3881,-0.5514,0.7385,-0.9171,-0.1516,0.3688,25.5,0.9566,5.413,0.825,0.4211,317.6,604.5,305.7,587.4,329.8,621.9,201,1.063,1
185,112.552,-168.105,134.266,-0.4106,0.2889,-0.8649,0.3752,-0.5521,0.7446,-0.9097,-0.065,0.4102,25.5,0.9576,5.518,0.819,0.41218,316.6,603.7,305.0,586.6,328.5,621.1,201,0.898,1
186,111.735,-167.537,132.577,-0.423,0.2898,-0.8586,0.3621,-0.5532,0.7502,-0.8938,0.0224,0.4479,25.5,0.9576,5.531,0.819,0.40722,315.6,602.9,304.4,585.8,327.1,620.4,202,0.604,1
187,110.893,-166.968,130.9,-0.4352,0.291,-0.852,0.3489,-0.5546,0.7555,-0.8698,0.1085,0.4813,25.5,0.9569,5.469,0.819,0.40681,314.6,602.1,303.7,584.9,325.7,619.6,203,0.318,1
188,110.028,-166.396,129.235,-0.4472,0.2924,-0.8453,0.3355,-0.5563,0.7603,-0.8388,0.191,0.5099,25.5,0.9554,5.311,0.821,0.40367,313.5,601.3,303.1,584.1,324.3,618.8,204,0.047,1
189,109.14,-165.821,127.585,-0.4588,0.2939,-0.8385,0.3218,-0.5582,0.7647,-0.8029,0.2672,0.5329,25.5,0.9529,5.004,0.832,0.39533,312.5,600.5,302.4,583.3,322.8,618.1,205,0.205,1
190,108.229,-165.244,125.947,-0.4707,0.2951,-0.8315,0.308,-0.5605,0.7688,-0.7629,0.3372,0.5515,25.5,0.9496,4.742,0.835,0.40495,311.4,599.7,301.7,582.4,321.3,617.3,206,0.433,1
191,107.294,-164.664,124.324,-0.483,0.296,-0.8241,0.2941,-0.5629,0.7724,-0.7204,0.4006,0.5662,25.5,0.9452,4.455,0.834,0.42024,310.3,598.9,301.0,581.6,319.8,616.6,207,0.631,1
192,106.334,-164.083,122.716,-0.4958,0.2965,-0.8162,0.28,-0.5655,0.7757,-0.6771,0.4565,0.5772,25.5,0.9396,4.101,0.843,0.43976,309.1,598.1,300.2,580.7,318.2,615.9,208,0.8,1
193,105.349,-163.501,121.123,-0.509,0.2968,-0.808,0.2659,-0.5683,0.7787,-0.6345,0.5049,0.5852,25.5,0.9332,3.723,0.841,0.45416,308.0,597.3,299.4,579.9,316.7,615.1,209,0.952,1
194,104.338,-162.919,119.547,-0.5224,0.2968,-0.7994,0.2517,-0.5713,0.7812,-0.5938,0.5462,0.5908,25.5,0.9255,3.338,0.844,0.46525,306.8,596.5,298.7,579.0,315.1,614.4,209,1.009,1
195,103.3,-162.337,117.988,-0.5354,0.2975,-0.7905,0.2376,-0.5744,0.7834,-0.5549,0.5817,0.5948,25.5,0.9174,3.026,0.837,0.46077,305.6,595.7,297.8,578.2,313.4,613.7,210,0.864,1
196,102.238,-161.753,116.447,-0.5481,0.2981,-0.7815,0.2235,-0.5775,0.7852,-0.5193,0.6111,0.5973,25.5,0.9083,2.65,0.834,0.45519,304.3,594.9,297.0,577.4,311.8,613.0,211,0.714,1
197,101.151,-161.168,114.923,-0.5605,0.298,-0.7727,0.2096,-0.5807,0.7867,-0.4879,0.6351,0.5988,25.5,0.8984,2.266,0.822,0.44429,303.1,594.2,296.1,576.5,310.1,612.2,212,0.546,1
198,100.04,-160.584,113.417,-0.5723,0.2973,-0.7643,0.1959,-0.5838,0.7879,-0.4606,0.6545,0.5995,25.5,0.8879,1.919,0.808,0.42372,301.8,593.4,295.2,575.7,308.5,611.5,213,0.35,1
199,98.907,-160.003,111.926,-0.5834,0.2961,-0.7563,0.1825,-0.5869,0.7888,-0.4375,0.67,0.5997,25.5,0.8768,1.594,0.79,0.40133,300.5,592.6,294.3,574.8,306.8,610.8,214,0.113,1
200,97.753,-159.424,110.45,-0.5936,0.2944,-0.749,0.1694,-0.5899,0.7895,-0.4181,0.6824,0.5996,25.5,0.8656,1.319,0.771,0.36986,299.1,591.9,293.4,574.0,305.1,610.1,215,0.175,1
201,96.58,-158.848,108.988,-0.6033,0.2926,-0.7419,0.1568,-0.5927,0.79,-0.4011,0.6928,0.5993,25.5,0.8541,1.142,0.74,0.35519,297.8,591.1,292.4,573.2,303.4,609.4,216,0.525,1
202,95.388,-158.276,107.54,-0.6127,0.2911,-0.7347,0.1446,-0.5953,0.7904,-0.3849,0.702,0.5992,25.5,0.8426,1.067,0.715,0.34872,296.5,590.3,291.4,572.4,301.6,608.7,217,0.941,1
203,94.177,-157.706,106.107,-0.6219,0.29,-0.7274,0.1328,-0.5978,0.7906,-0.3695,0.7103,0.5992,25.5,0.831,1.002,0.691,0.3447,295.1,589.6,290.3,571.6,299.9,608.0,217,1.02,1
204,92.948,-157.138,104.688,-0.631,0.2893,-0.7199,0.1214,-0.6002,0.7906,-0.3547,0.7177,0.5993,25.5,0.8194,0.948,0.667,0.34513,293.7,588.8,289.3,570.8,298.2,607.3,218,0.535,1
205,91.703,-156.572,103.284,-0.6398,0.2888,-0.7122,0.1104,-0.6024,0.7905,-0.3404,0.7244,0.5995,25.5,0.8076,0.905,0.643,0.34199,292.3,588.1,288.2,570.1,296.5,606.6,219,0.021,1
206,90.439,-156.006,101.895,-0.6486,0.2886,-0.7043,0.0997,-0.6045,0.7904,-0.3264,0.7305,0.5999,25.5,0.7958,0.875,0.625,0.34558,290.9,587.4,287.1,569.3,294.7,605.9,220,0.652,1
207,89.159,-155.44,100.522,-0.6573,0.2886,-0.6961,0.0894,-0.6064,0.7901,-0.3126,0.7361,0.6003,25.5,0.7838,0.854,0.6,0.34935,289.4,586.6,285.9,568.5,293.0,605.2,220,1.309,1
208,87.862,-154.874,99.165,-0.6656,0.2879,-0.6886,0.0794,-0.6082,0.7898,-0.301,0.7407,0.6006,25.5,0.7718,0.715,0.582,0.32752,288.0,585.9,284.8,567.8,291.3,604.5,221,0.6,1
209,86.549,-154.311,97.822,-0.6735,0.2871,-0.6812,0.0697,-0.6099,0.7894,-0.2905,0.7447,0.6009,25.5,0.7598,0.644,0.565,0.31713,286.5,585.2,283.6,567.0,289.5,603.8,222,0.19,1
210,85.221,-153.748,96.493,-0.681,0.2865,-0.6739,0.0603,-0.6114,0.789,-0.2802,0.7483,0.6013,25.5,0.7479,0.626,0.546,0.3063,285.1,584.5,282.4,566.3,287.8,603.1,223,1.065,1
211,83.878,-153.187,95.179,-0.6884,0.2861,-0.6665,0.0512,-0.6129,0.7885,-0.2701,0.7516,0.6017,25.5,0.7361,0.609,0.529,0.30601,283.6,583.7,281.2,565.5,286.0,602.4,223,0.896,1
212,82.521,-152.626,93.879,-0.6957,0.286,-0.6589,0.0423,-0.6142,0.788,-0.2602,0.7547,0.6022,25.5,0.7243,0.595,0.516,0.30793,282.1,583.0,279.9,564.8,284.3,601.7,224,0.065,1
213,81.15,-152.065,92.595,-0.7029,0.286,-0.6512,0.0336,-0.6155,0.7874,-0.2502,0.7576,0.6028,25.5,0.7124,0.598,0.505,0.30804,280.6,582.3,278.7,564.1,282.5,601.0,225,1.1,1
214,79.764,-151.504,91.326,-0.7101,0.2863,-0.6432,0.0251,-0.6166,0.7869,-0.2401,0.7603,0.6035,25.5,0.7005,0.6,0.492,0.31462,279.0,581.6,277.4,563.4,280.7,600.3,225,0.861,1
215,78.365,-150.943,90.072,-0.7173,0.2866,-0.6351,0.0169,-0.6177,0.7862,-0.2302,0.7628,0.6042,25.5,0.6885,0.586,0.476,0.31683,277.5,580.9,276.1,562.7,278.9,599.6,226,0.229,2
216,76.952,-150.381,88.834,-0.7235,0.2863,-0.6282,0.0087,-0.6187,0.7856,-0.2225,0.7647,0.6047,25.5,0.6769,0.455,0.475,0.27118,275.9,580.2,274.8,562.0,277.1,598.9,227,1.354,2
217,75.527,-149.82,87.609,-0.7298,0.286,-0.6209,0.0007,-0.6196,0.7849,-0.2146,0.7665,0.6053,25.5,0.6651,0.466,0.463,0.28187,274.4,579.5,273.5,561.3,275.4,598.2,227,0.607,2
218,74.09,-149.259,86.399,-0.7364,0.2859,-0.6132,-0.0072,-0.6205,0.7842,-0.2063,0.7683,0.606,25.5,0.653,0.488,0.457,0.29633,272.8,578.8,272.1,560.5,273.6,597.5,228,0.535,2
219,72.639,-148.699,85.204,-0.7433,0.2858,-0.6048,-0.015,-0.6213,0.7835,-0.1977,0.7699,0.6068,25.5,0.6403,0.503,0.451,0.31763,271.2,578.1,270.8,559.9,271.7,596.8,228,1.426,2
220,71.174,-148.138,84.027,-0.7506,0.2859,-0.5957,-0.0228,-0.622,0.7827,-0.1884,0.7715,0.6077,25.5,0.627,0.543,0.451,0.34089,269.7,577.4,269.4,559.2,269.9,596.1,229,0.286,2
221,69.695,-147.578,82.869,-0.7584,0.286,-0.5857,-0.0305,-0.6227,0.7819,-0.1786,0.773,0.6087,25.5,0.6129,0.571,0.445,0.37057,268.1,576.7,268.0,558.5,268.1,595.4,230,0.833,2
222,68.2,-147.016,81.731,-0.7667,0.2862,-0.5747,-0.0382,-0.6233,0.781,-0.168,0.7745,0.6099,25.5,0.5979,0.617,0.445,0.40269,266.4,576.0,266.6,557.8,266.3,594.7,230,1.128,2
223,66.688,-146.455,80.616,-0.7754,0.2864,-0.5628,-0.0459,-0.6239,0.7801,-0.1571,0.7757,0.6112,25.5,0.5821,0.633,0.446,0.43079,264.8,575.3,265.2,557.1,264.4,594.0,231,0.048,2
224,65.16,-145.894,79.523,-0.7835,0.286,-0.5517,-0.0537,-0.6245,0.7792,-0.1476,0.7767,0.6123,25.5,0.5664,0.551,0.451,0.40173,263.2,574.6,263.8,556.4,262.5,593.3,232,0.975,2
225,63.615,-145.333,78.452,-0.7915,0.2858,-0.5402,-0.0614,-0.625,0.7782,-0.138,0.7775,0.6136,25.5,0.5504,0.557,0.446,0.40936,261.5,574.0,262.4,555.8,260.6,592.6,232,0.986,2
226,62.055,-144.773,77.405,-0.7995,0.2857,-0.5284,-0.0692,-0.6255,0.7772,-0.1283,0.7781,0.6148,25.5,0.5341,0.561,0.451,0.41658,259.8,573.3,260.9,555.1,258.7,591.9,233,0.033,2
227,60.48,-144.213,76.38,-0.8073,0.2857,-0.5164,-0.0771,-0.6259,0.7761,-0.1186,0.7786,0.6162,25.5,0.5174,0.562,0.458,0.41821,258.2,572.6,259.5,554.4,256.8,591.2,234,0.849,2
228,58.89,-143.652,75.38,-0.8148,0.2859,-0.5044,-0.0849,-0.6263,0.7749,-0.109,0.7789,0.6176,25.5,0.5007,0.556,0.453,0.41353,256.5,571.9,258.0,553.8,254.9,590.5,234,1.112,2
229,57.285,-143.091,74.402,-0.822,0.2862,-0.4924,-0.0929,-0.6267,0.7737,-0.0996,0.779,0.619,25.5,0.484,0.545,0.464,0.40899,254.8,571.3,256.5,553.1,252.9,589.9,235,0.311,2
230,55.666,-142.53,73.448,-0.8288,0.2868,-0.4805,-0.1008,-0.627,0.7724,-0.0902,0.779,0.6206,25.5,0.4674,0.546,0.459,0.40086,253.0,570.6,255.0,552.4,251.0,589.2,236,0.406,2
231,54.035,-141.966,72.519,-0.8356,0.2879,-0.4678,-0.1089,-0.6274,0.7711,-0.0801,0.7787,0.6223,25.5,0.4504,0.587,0.471,0.42216,251.3,569.9,253.5,551.8,249.0,588.5,237,1.032,2
232,52.389,-141.401,71.614,-0.8424,0.2883,-0.4553,-0.117,-0.6276,0.7697,-0.0709,0.7783,0.6239,25.5,0.4328,0.536,0.471,0.41594,249.6,569.3,252.0,551.1,247.0,587.8,237,0.929,2
233,50.731,-140.836,70.733,-0.849,0.288,-0.443,-0.1252,-0.6279,0.7681,-0.0626,0.7777,0.6255,25.5,0.4148,0.486,0.479,0.40797,247.8,568.6,250.5,550.5,245.1,587.1,238,0.4,2
234,49.06,-140.272,69.876,-0.8556,0.287,-0.4308,-0.1335,-0.6282,0.7665,-0.0552,0.777,0.6271,25.5,0.3963,0.436,0.485,0.40635,246.0,567.9,249.0,549.8,243.0,586.5,239,0.031,2
235,47.376,-139.711,69.043,-0.8621,0.2853,-0.4188,-0.1419,-0.6284,0.7648,-0.0486,0.7761,0.6287,25.5,0.3772,0.393,0.491,0.40185,244.3,567.3,247.4,549.2,241.0,585.8,240,0.344,2
236,45.679,-139.154,68.234,-0.8686,0.2829,-0.4068,-0.1505,-0.6287,0.7629,-0.0428,0.7752,0.6303,25.5,0.3575,0.349,0.505,0.40491,242.5,566.6,245.9,548.6,239.0,585.1,241,0.55,2
237,43.969,-138.602,67.448,-0.875,0.2801,-0.3948,-0.1593,-0.629,0.7609,-0.0374,0.7741,0.632,25.5,0.3372,0.33,0.517,0.4057,240.7,566.0,244.3,547.9,236.9,584.5,242,0.652,2
238,42.248,-138.052,66.687,-0.8808,0.2806,-0.3814,-0.1682,-0.6293,0.7588,-0.0286,0.7725,0.6343,25.5,0.3178,0.529,0.524,0.42691,238.9,565.4,242.8,547.3,234.9,583.8,243,0.66,2
239,40.515,-137.503,65.952,-0.8867,0.2796,-0.3682,-0.1772,-0.6296,0.7565,-0.0212,0.7709,0.6366,25.5,0.2975,0.453,0.532,0.42351,237.1,564.7,241.2,546.7,232.8,583.2,244,0.581,2
240,38.77,-136.956,65.242,-0.8927,0.2772,-0.3555,-0.186,-0.6299,0.754,-0.0155,0.7692,0.6388,25.5,0.2766,0.363,0.524,0.41636,235.2,564.1,239.7,546.1,230.7,582.6,245,0.425,2
241,37.014,-136.417,64.557,-0.8986,0.2732,-0.3434,-0.1947,-0.6304,0.7514,-0.0115,0.7675,0.6409,25.5,0.2553,0.277,0.521,0.41034,233.4,563.5,238.1,545.5,228.6,581.9,246,0.201,2
242,35.247,-135.886,63.895,-0.9044,0.268,-0.3321,-0.203,-0.631,0.7487,-0.0092,0.7659,0.6429,25.5,0.2342,0.197,0.501,0.40105,231.5,562.9,236.5,544.9,226.5,581.3,247,0.091,2
243,33.468,-135.366,63.254,-0.91,0.2615,-0.3218,-0.2109,-0.6317,0.746,-0.0084,0.7643,0.6449,25.5,0.2133,0.154,0.48,0.39165,229.7,562.3,234.8,544.3,224.4,580.7,248,0.428,2
244,31.678,-134.861,62.633,-0.9153,0.2537,-0.3128,-0.2181,-0.6327,0.7431,-0.0096,0.7628,0.6466,25.5,0.1933,0.147,0.448,0.38101,227.8,561.7,233.2,543.7,222.4,580.2,250,0.73,2
245,29.878,-134.374,62.026,-0.9205,0.2441,-0.3051,-0.2246,-0.6338,0.7402,-0.0129,0.7614,0.6481,25.5,0.1738,0.223,0.413,0.39036,225.9,561.2,231.5,543.1,220.3,579.6,251,0.287,2
246,28.069,-133.902,61.436,-0.925,0.2373,-0.2966,-0.2304,-0.6352,0.7372,-0.0136,0.7596,0.6502,25.5,0.1563,0.163,0.383,0.34416,224.1,560.6,229.8,542.6,218.2,579.1,252,0.172,2
247,26.25,-133.441,60.864,-0.9292,0.2328,-0.2871,-0.2354,-0.6367,0.7343,-0.012,0.7573,0.6529,25.5,0.1403,0.223,0.342,0.33073,222.2,560.1,228.0,542.0,216.2,578.6,253,0.63,2
248,24.425,-132.987,60.311,-0.933,0.2304,-0.2765,-0.2396,-0.6385,0.7313,-0.0081,0.7546,0.6562,25.5,0.1258,0.331,0.313,0.33639,220.3,559.6,226.3,541.5,214.2,578.1,255,0.448,2
249,22.592,-132.536,59.78,-0.9365,0.2301,-0.2646,-0.243,-0.6406,0.7284,-0.0019,0.7513,0.66,25.5,0.1126,0.458,0.283,0.36253,218.4,559.1,224.5,540.9,212.1,577.6,256,0.048,2
250,20.752,-132.084,59.274,-0.9398,0.2318,-0.2511,-0.2456,-0.6428,0.7256,0.0068,0.7474,0.6644,25.5,0.1004,0.602,0.253,0.40907,216.5,558.6,222.6,540.4,210.1,577.2,257,0.326,2
251,18.906,-131.626,58.796,-0.9429,0.2356,-0.2356,-0.2472,-0.6452,0.7229,0.0184,0.7428,0.6693,25.5,0.0892,0.768,0.226,0.47498,214.5,558.1,220.8,539.8,208.2,576.7,258,0.652,2
252,17.055,-131.158,58.352,-0.9457,0.241,-0.2183,-0.248,-0.6479,0.7203,0.0323,0.7375,0.6745,25.5,0.0789,0.903,0.22,0.53598,212.6,557.6,218.9,539.2,206.2,576.3,260,0.77,2
253,15.197,-130.684,57.938,-0.9484,0.2426,-0.2039,-0.2479,-0.6507,0.7177,0.0415,0.733,0.6789,25.5,0.0691,0.639,0.219,0.43061,210.7,557.0,217.0,538.7,204.3,575.8,261,0.55,2
254,13.335,-130.207,57.552,-0.9511,0.2439,-0.1895,-0.2469,-0.6537,0.7153,0.0507,0.7284,0.6832,25.5,0.0602,0.639,0.227,0.42979,208.8,556.5,215.1,538.1,202.3,575.3,262,0.362,2
255,11.467,-129.728,57.195,-0.9537,0.2448,-0.1747,-0.2451,-0.657,0.713,0.0598,0.7237,0.6875,25.5,0.0516,0.636,0.252,0.43984,206.8,556.0,213.1,537.5,200.4,574.9,263,0.203,2
256,9.594,-129.248,56.867,-0.9563,0.2453,-0.1593,-0.2425,-0.6604,0.7107,0.0692,0.7189,0.6916,25.5,0.0433,0.649,0.278,0.45655,204.9,555.5,211.1,536.9,198.6,574.4,264,0.071,2
257,7.717,-128.766,56.571,-0.9588,0.2454,-0.1431,-0.2392,-0.664,0.7084,0.0789,0.7139,0.6958,25.5,0.035,0.67,0.309,0.47897,203.0,554.9,209.1,536.3,196.7,574.0,265,0.041,2
258,5.834,-128.286,56.307,-0.9613,0.2451,-0.1257,-0.2353,-0.6678,0.7062,0.0892,0.7087,0.6999,25.5,0.0263,0.702,0.336,0.51379,201.0,554.4,207.1,535.7,194.8,573.6,266,0.125,2
259,3.947,-127.806,56.079,-0.9638,0.2442,-0.1067,-0.2307,-0.6718,0.7039,0.1003,0.7031,0.7039,25.5,0.0168,0.748,0.373,0.56048,199.1,553.9,205.0,535.1,193.0,573.2,267,0.192,2
260,2.055,-127.327,55.89,-0.966,0.2438,-0.0864,-0.2256,-0.6759,0.7016,0.1127,0.6972,0.708,25.5,0.0075,0.821,0.397,0.59684,197.1,553.4,203.0,534.5,191.1,572.7,268,0.244,2
261,0.159,-126.85,55.74,-0.9677,0.2434,-0.0656,-0.2199,-0.6803,0.6992,0.1256,0.691,0.7118,25.5,0.0013,0.848,0.435,0.60992,195.2,552.9,200.9,533.9,189.3,572.3,269,0.283,2
262,-1.74,-126.373,55.632,-0.969,0.2429,-0.0444,-0.2137,-0.6848,0.6967,0.1388,0.6847,0.7155,25.5,0.0098,0.864,0.462,0.62082,193.2,552.4,198.8,533.3,187.5,572.0,270,0.314,2
263,-3.641,-125.897,55.566,-0.9699,0.2423,-0.0231,-0.207,-0.6895,0.6941,0.1523,0.6782,0.719,25.5,0.0177,0.882,0.492,0.62322,191.2,551.9,196.7,532.6,185.7,571.6,271,0.338,2
264,-5.544,-125.423,55.542,-0.9704,0.2415,-0.0017,-0.1996,-0.6943,0.6914,0.1659,0.6715,0.7222,25.5,0.0248,0.888,0.529,0.62595,189.3,551.4,194.5,532.0,183.9,571.2,272,0.359,2
265,-7.447,-124.95,55.56,-0.9704,0.2406,0.0196,-0.1918,-0.6993,0.6886,0.1795,0.6648,0.7251,25.5,0.0314,0.884,0.555,0.62295,187.3,550.9,192.4,531.4,182.1,570.8,273,0.381,2
266,-9.349,-124.479,55.622,-0.9698,0.2401,0.0441,-0.1833,-0.7045,0.6856,0.1958,0.6573,0.7278,25.5,0.0388,1.04,0.596,0.71631,185.4,550.4,190.2,530.8,180.4,570.5,274,0.403,2
267,-11.249,-124.009,55.732,-0.9686,0.239,0.0687,-0.1743,-0.7099,0.6824,0.2121,0.6497,0.73,25.5,0.046,1.038,0.629,0.72035,183.4,550.0,188.0,530.2,178.6,570.1,275,0.43,2
268,-13.147,-123.542,55.89,-0.967,0.2373,0.0927,-0.1648,-0.7154,0.679,0.2277,0.6422,0.7319,25.5,0.0525,0.998,0.658,0.70465,181.4,549.5,185.9,529.6,176.9,569.8,276,0.462,2
269,-15.042,-123.079,56.095,-0.9651,0.2349,0.1157,-0.1548,-0.721,0.6754,0.2425,0.635,0.7335,25.5,0.0582,0.947,0.688,0.67799,179.5,549.0,183.7,529.0,175.2,569.5,277,0.501,2
270,-16.932,-122.621,56.344,-0.963,0.2318,0.1377,-0.1442,-0.7268,0.6715,0.2563,0.628,0.7348,25.5,0.0629,0.89,0.727,0.65208,177.5,548.6,181.4,528.4,173.5,569.2,278,0.549,2
271,-18.817,-122.17,56.636,-0.9599,0.2292,0.1617,-0.1332,-0.7328,0.6673,0.2721,0.6204,0.7356,25.5,0.0678,1.006,0.757,0.71118,175.6,548.1,179.2,527.8,171.8,568.9,279,0.606,2
272,-20.696,-121.723,56.978,-0.956,0.2264,0.1866,-0.1216,-0.7388,0.6629,0.2887,0.6126,0.7358,25.5,0.0727,1.051,0.79,0.74099,173.6,547.7,177.0,527.2,170.2,568.6,280,0.676,2
273,-22.566,-121.282,57.367,-0.9519,0.2229,0.2103,-0.1096,-0.745,0.658,0.3043,0.6051,0.7357,25.5,0.0766,0.992,0.823,0.71023,171.7,547.3,174.8,526.6,168.5,568.3,281,0.758,2
274,-24.429,-120.849,57.802,-0.9476,0.2189,0.2326,-0.0971,-0.7512,0.6529,0.3187,0.598,0.7354,25.5,0.0794,0.92,0.851,0.67382,169.8,546.9,172.5,526.1,166.9,568.0,282,0.856,2
275,-26.283,-120.424,58.278,-0.9433,0.2143,0.2534,-0.0841,-0.7575,0.6474,0.3318,0.5913,0.735,25.5,0.0811,0.843,0.886,0.63505,167.8,546.5,170.3,525.5,165.3,567.8,284,0.856,2
276,-28.127,-120.008,58.798,-0.9376,0.2102,0.2768,-0.0706,-0.7639,0.6414,0.3475,0.5839,0.7337,25.5,0.0832,0.997,0.922,0.7139,165.9,546.1,168.0,525.0,163.8,567.6,285,0.7,2
277,-29.96,-119.6,59.363,-0.9317,0.2059,0.2994,-0.0566,-0.7704,0.635,0.3627,0.5767,0.732,25.5,0.0842,0.969,0.957,0.69398,164.0,545.7,165.8,524.4,162.2,567.3,286,0.521,2
278,-31.781,-119.201,59.971,-0.9258,0.201,0.32,-0.0421,-0.7769,0.6282,0.3762,0.5701,0.7304,25.5,0.0838,0.866,0.99,0.64231,162.1,545.3,163.5,523.9,160.7,567.1,287,0.315,2
279,-33.591,-118.812,60.617,-0.9203,0.1954,0.339,-0.027,-0.7835,0.6208,0.3882,0.564,0.7288,25.5,0.0822,0.777,1.035,0.60069,160.2,545.0,161.3,523.4,159.2,567.0,288,0.08,2
280,-35.39,-118.435,61.299,-0.915,0.1892,0.3564,-0.0114,-0.7902,0.6128,0.3988,0.5583,0.7274,25.5,0.0793,0.694,1.075,0.56151,158.4,544.6,159.0,522.8,157.7,566.8,289,0.187,3
281,-37.177,-118.068,62.02,-0.907,0.1847,0.3785,0.0048,-0.7969,0.6041,0.4144,0.5514,0.724,25.5,0.0771,0.997,1.121,0.69924,156.5,544.3,156.7,522.3,156.3,566.6,290,0.488,3
282,-38.948,-117.712,62.782,-0.8999,0.1788,0.3978,0.0216,-0.8036,0.5948,0.4271,0.5453,0.7212,25.5,0.0735,0.823,1.165,0.62516,154.6,544.0,154.4,521.9,154.9,566.5,292,0.761,3
283,-40.706,-117.368,63.578,-0.8938,0.1715,0.4143,0.039,-0.8102,0.5848,0.437,0.5402,0.7192,25.5,0.0685,0.648,1.21,0.55652,152.8,543.7,152.1,521.4,153.5,566.3,293,0.347,3
284,-42.454,-117.04,64.405,-0.8889,0.1628,0.4281,0.0569,-0.8168,0.5742,0.444,0.5358,0.7182,25.5,0.0623,0.477,1.25,0.49774,151.0,543.4,149.8,520.9,152.1,566.2,294,0.107,3
285,-44.193,-116.731,65.256,-0.8839,0.1526,0.442,0.0755,-0.8231,0.5628,0.4504,0.5317,0.7172,25.5,0.0564,0.439,1.301,0.52457,149.1,543.1,147.5,520.5,150.8,566.1,295,0.603,3
286,-45.92,-116.441,66.139,-0.8773,0.1431,0.4581,0.0946,-0.8293,0.5507,0.4593,0.5271,0.715,25.5,0.0506,0.588,1.343,0.57929,147.3,542.9,145.2,520.1,149.5,566.0,297,0.236,3
287,-47.634,-116.168,67.052,-0.871,0.1352,0.4723,0.1147,-0.8354,0.5375,0.4677,0.5228,0.7127,25.5,0.041,0.557,1.421,0.50924,145.5,542.7,142.9,519.8,148.2,565.9,298,0.394,3
288,-49.336,-115.91,67.99,-0.865,0.129,0.4849,0.1358,-0.8414,0.5231,0.4756,0.5185,0.7106,25.5,0.0276,0.529,1.504,0.44624,143.7,542.5,140.5,519.4,147.0,565.9,300,0.169,3
289,-51.026,-115.662,68.952,-0.8594,0.1244,0.4959,0.1582,-0.8472,0.5072,0.4832,0.5144,0.7085,25.5,0.0102,0.509,1.609,0.38489,141.9,542.3,138.2,519.1,145.8,565.8,302,0.556,3
290,-52.703,-115.432,69.942,-0.8507,0.1091,0.5142,0.1821,-0.8528,0.4895,0.4919,0.51,0.7056,25.5,0.0037,0.583,1.734,0.74195,140.2,542.1,135.8,518.8,144.6,565.8,303,0.292,3
291,-54.364,-115.227,70.965,-0.8434,0.1021,0.5275,0.2066,-0.8579,0.4705,0.5007,0.5058,0.7025,25.5,0.0136,0.586,1.8,0.48825,138.4,542.0,133.3,518.5,143.5,565.7,305,0.144,3
292,-56.013,-115.025,72.006,-0.8391,0.106,0.5335,0.2307,-0.8623,0.4509,0.5084,0.5019,0.6998,25.5,0.0444,0.518,1.798,0.24397,136.7,541.8,131.0,518.3,142.4,565.7,307,0.138,3
293,-57.657,-114.805,73.053,-0.838,0.1198,0.5323,0.2535,-0.8658,0.4314,0.5145,0.4983,0.6978,25.5,0.0865,0.422,1.731,0.40601,134.9,541.7,128.6,518.0,141.3,565.6,309,0.21,3
294,-59.295,-114.554,74.1,-0.8303,0.1349,0.5407,0.2741,-0.8686,0.4128,0.5292,0.4947,0.6894,25.5,0.1216,0.992,1.598,0.5528,133.2,541.5,126.3,517.8,140.1,565.5,311,0.266,3
295,-60.916,-114.28,75.169,-0.8238,0.1434,0.5484,0.2923,-0.8707,0.3956,0.5403,0.4916,0.6829,25.5,0.1487,0.758,1.44,0.38524,131.4,541.3,124.1,517.5,138.9,565.3,313,0.206,3
296,-62.53,-113.994,76.245,-0.8242,0.148,0.5467,0.3082,-0.8722,0.3798,0.5414,0.4891,0.6839,25.5,0.1755,0.167,1.287,0.14374,129.7,541.0,121.9,517.3,137.6,565.1,315,0.084,3
297,-64.152,-113.702,77.308,-0.8308,0.1491,0.5362,0.322,-0.8733,0.3655,0.5338,0.4863,0.6918,25.5,0.2017,0.648,1.14,0.36377,128.0,540.8,119.8,517.0,136.2,564.8,317,0.62,3
298,-65.793,-113.411,78.341,-0.8438,0.1469,0.5161,0.3341,-0.8741,0.3527,0.5166,0.4828,0.7072,25.5,0.2283,1.338,1.01,0.70246,126.2,540.6,117.7,516.8,134.8,564.6,318,0.017,3
299,-67.464,-113.126,79.327,-0.858,0.1478,0.4919,0.3446,-0.8745,0.3415,0.4973,0.4785,0.7237,25.5,0.2569,1.476,0.88,0.82042,124.4,540.3,115.6,516.5,133.3,564.4,319,0.553,3
300,-69.153,-112.827,80.277,-0.8648,0.1553,0.4775,0.3536,-0.8746,0.3317,0.4892,0.4752,0.7314,25.5,0.2832,0.668,0.762,0.51433,122.6,540.1,113.6,516.3,131.7,564.1,321,0.458,3
301,-70.857,-112.523,81.198,-0.8736,0.1539,0.4617,0.3614,-0.8747,0.323,0.4757,0.4709,0.7429,25.5,0.3012,1.046,0.67,0.53,120.8,539.8,111.5,516.0,130.1,563.9,322,0.066,3
302,-72.58,-112.23,82.087,-0.8847,0.1433,0.4437,0.3682,-0.8748,0.3149,0.4559,0.465,0.7589,25.5,0.3114,1.497,0.606,0.69115,119.0,539.6,109.5,515.8,128.5,563.6,323,0.291,3
303,-74.328,-111.968,82.936,-0.8984,0.122,0.422,0.374,-0.8752,0.307,0.4283,0.4566,0.7798,25.5,0.3132,2.041,0.562,0.97448,117.1,539.4,107.5,515.6,126.8,563.4,324,0.585,3
304,-76.105,-111.758,83.738,-0.914,0.0938,0.3947,0.3791,-0.8758,0.2988,0.3931,0.4447,0.8048,25.5,0.3107,2.566,0.554,1.2343,115.2,539.2,105.4,515.4,125.0,563.3,325,0.814,3
305,-77.911,-111.592,84.483,-0.9279,0.0749,0.3653,0.3835,-0.8769,0.29,0.3604,0.4311,0.8272,25.5,0.3156,2.401,0.567,1.09925,113.3,539.1,103.4,515.2,123.2,563.2,327,0.929,3
306,-79.742,-111.468,85.172,-0.9396,0.0505,0.3385,0.3871,-0.8784,0.2803,0.328,0.4153,0.8485,25.5,0.3132,2.399,0.599,1.11302,111.3,539.0,101.3,515.1,121.3,563.1,328,0.967,3
307,-81.594,-111.397,85.814,-0.9483,0.0215,0.3167,0.3899,-0.8805,0.2697,0.2987,0.398,0.8674,25.5,0.3033,2.23,0.64,1.09027,109.3,539.0,99.3,515.0,119.5,563.1,328,0.995,3
308,-83.459,-111.386,86.418,-0.954,-0.0102,0.2997,0.3917,-0.8832,0.258,0.2736,0.3796,0.8838,25.5,0.2874,2.016,0.696,1.06424,107.3,539.0,97.2,515.0,117.5,563.2,329,0.84,3
309,-85.336,-111.437,86.983,-0.96,-0.0413,0.2769,0.3925,-0.8865,0.2451,0.2446,0.3575,0.9013,25.5,0.2723,2.317,0.764,1.14048,105.3,539.1,95.2,515.0,115.6,563.4,330,0.553,3
310,-87.223,-111.544,87.505,-0.9645,-0.0677,0.2551,0.3924,-0.8903,0.2312,0.219,0.3345,0.9166,25.5,0.2592,2.158,0.826,1.00914,103.3,539.2,93.2,515.1,113.6,563.6,331,0.119,3
311,-89.118,-111.699,87.985,-0.9679,-0.0896,0.2347,0.3914,-0.8944,0.2164,0.1967,0.311,0.9298,25.5,0.2479,2.004,0.882,0.88024,101.3,539.4,91.1,515.2,111.5,563.9,332,0.477,3
312,-91.018,-111.893,88.426,-0.9706,-0.1069,0.2158,0.3896,-0.8988,0.2008,0.1777,0.2873,0.9412,25.5,0.2387,1.859,0.934,0.75284,99.3,539.7,89.1,515.3,109.5,564.2,333,1.238,3
313,-92.923,-112.126,88.83,-0.9718,-0.1305,0.1963,0.3872,-0.9033,0.1846,0.1572,0.262,0.9522,25.5,0.2222,1.969,0.973,0.89531,97.3,539.9,87.2,515.5,107.4,564.6,333,0.723,3
314,-94.83,-112.402,89.196,-0.9727,-0.1502,0.1768,0.3842,-0.9078,0.168,0.1383,0.2365,0.9617,25.5,0.2077,1.898,1.0,0.81041,95.2,540.3,85.2,515.7,105.3,565.0,334,0.21,3
315,-96.738,-112.712,89.524,-0.9735,-0.1661,0.1573,0.3806,-0.9123,0.151,0.1207,0.2109,0.97,25.5,0.1952,1.843,1.029,0.7356,93.2,540.6,83.2,515.9,103.2,565.4,335,1.319,3
316,-98.647,-113.051,89.813,-0.9743,-0.1783,0.1377,0.3765,-0.9167,0.1338,0.1042,0.1854,0.9771,25.5,0.185,1.787,1.044,0.675,91.2,541.0,81.3,516.2,101.1,565.9,335,0.643,3
317,-100.558,-113.412,90.064,-0.9743,-0.1916,0.1187,0.3719,-0.9209,0.1164,0.0883,0.16,0.9832,25.5,0.1721,1.752,1.059,0.67767,89.1,541.4,79.4,516.5,99.0,566.4,336,0.652,3
318,-102.468,-113.802,90.279,-0.9735,-0.2058,0.1001,0.367,-0.9249,0.0991,0.0731,0.1348,0.9882,25.5,0.157,1.71,1.055,0.68418,87.1,541.8,77.4,516.8,96.8,566.9,336,1.309,3
319,-104.376,-114.217,90.457,-0.9726,-0.2177,0.0815,0.3616,-0.9288,0.0818,0.0585,0.1101,0.9922,25.5,0.1428,1.66,1.062,0.64575,85.1,542.3,75.5,517.2,94.7,567.4,337,0.177,3
320,-106.282,-114.654,90.599,-0.9718,-0.2274,0.063,0.3558,-0.9323,0.0645,0.0444,0.0859,0.9953,25.5,0.1297,1.615,1.064,0.6108,83.1,542.7,73.6,517.6,92.5,567.9,337,1.784,3
321,-108.187,-115.108,90.704,-0.971,-0.235,0.0445,0.3498,-0.9356,0.0475,0.0307,0.0621,0.9976,25.5,0.1177,1.579,1.05,0.58487,81.1,543.2,71.8,518.0,90.4,568.4,338,0.098,3
322,-110.088,-115.581,90.774,-0.9683,-0.2484,0.0266,0.3434,-0.9387,0.0306,0.0174,0.039,0.9991,25.5,0.0985,1.53,1.051,0.65812,79.1,543.7,69.9,518.5,88.2,569.0,339,1.799,3
323,-111.985,-116.079,90.809,-0.966,-0.2584,0.0095,0.3367,-0.9415,0.014,0.0053,0.0168,0.9998,25.5,0.0818,1.449,1.038,0.58273,77.1,544.2,68.0,518.9,86.1,569.6,339,0.163,3
324,-113.877,-116.592,90.811,-0.9645,-0.2638,-0.007,0.3298,-0.944,-0.0024,-0.006,-0.0047,1.0,25.5,0.069,1.392,1.029,0.50918,75.1,544.8,66.2,519.4,83.9,570.1,340,1.941,3
325,-115.768,-117.111,90.781,-0.964,-0.265,-0.0233,0.3227,-0.9463,-0.0188,-0.0171,-0.0257,0.9995,25.5,0.0599,1.361,1.032,0.47778,73.1,545.3,64.4,519.9,81.8,570.7,340,0.028,3
326,-117.658,-117.628,90.72,-0.9642,-0.262,-0.0397,0.3153,-0.9483,-0.035,-0.0286,-0.0463,0.9985,25.5,0.0542,1.353,1.027,0.48718,71.1,545.9,62.6,520.5,79.6,571.3,340,1.981,3
327,-119.548,-118.143,90.626,-0.9626,-0.2652,-0.0552,0.3078,-0.9501,-0.0511,-0.0389,-0.0662,0.997,25.5,0.0415,1.287,1.023,0.46488,69.1,546.4,60.7,521.0,77.5,571.8,341,0.282,3
328,-121.434,-118.667,90.503,-0.9608,-0.2681,-0.0706,0.3001,-0.9515,-0.0672,-0.0491,-0.0858,0.9951,25.5,0.0285,1.271,1.026,0.46089,67.1,547.0,58.9,521.5,75.3,572.3,341,1.68,3
329,-123.317,-119.192,90.349,-0.9598,-0.2668,-0.087,0.2923,-0.9527,-0.0833,-0.0607,-0.1054,0.9926,25.5,0.0191,1.313,1.027,0.48158,65.2,547.5,57.1,522.0,73.2,572.9,342,0.685,3
330,-125.198,-119.71,90.161,-0.9596,-0.2611,-0.1051,0.2842,-0.9536,-0.0993,-0.0743,-0.1252,0.9893,25.5,0.0133,1.389,1.029,0.55453,63.2,548.0,55.4,522.6,71.0,573.4,342,1.276,3
331,-127.081,-120.213,89.935,-0.96,-0.2504,-0.1256,0.2761,-0.9542,-0.1155,-0.0909,-0.1456,0.9852,25.5,0.0116,1.525,1.038,0.67572,61.2,548.5,53.6,523.1,68.9,573.9,343,1.136,3
332,-128.963,-120.692,89.667,-0.9592,-0.2415,-0.1469,0.2677,-0.9544,-0.1317,-0.1084,-0.1657,0.9802,25.5,0.0069,1.554,1.046,0.67502,59.3,549.0,51.8,523.6,66.7,574.3,343,0.825,3
333,-130.842,-121.16,89.359,-0.9574,-0.2351,-0.1676,0.2593,-0.9544,-0.1481,-0.1252,-0.1853,0.9747,25.5,0.0009,1.512,1.056,0.6353,57.3,549.5,50.0,524.1,64.6,574.8,344,1.583,3
334,-132.718,-121.611,89.009,-0.9558,-0.2243,-0.1901,0.2507,-0.954,-0.1646,-0.1445,-0.205,0.968,25.5,0.0057,1.626,1.066,0.73074,55.4,549.9,48.3,524.6,62.4,575.2,344,0.378,3
335,-134.59,-122.036,88.612,-0.9541,-0.2082,-0.2152,0.2421,-0.9532,-0.1813,-0.1674,-0.2251,0.9598,25.5,0.0065,1.808,1.077,0.87276,53.4,550.4,46.5,525.1,60.3,575.5,345,1.98,3
336,-136.459,-122.424,88.163,-0.9518,-0.1859,-0.2438,0.2333,-0.952,-0.1983,-0.1952,-0.2456,0.9495,25.5,0.0033,2.065,1.099,1.06206,51.5,550.7,44.8,525.5,58.2,575.8,345,0.02,3
337,-138.321,-122.77,87.654,-0.947,-0.1671,-0.2745,0.2245,-0.9503,-0.2155,-0.2249,-0.2657,0.9375,25.5,0.0053,2.167,1.111,1.06123,49.6,551.1,43.1,525.9,56.1,576.0,345,1.942,3
338,-140.172,-123.077,87.086,-0.9412,-0.1451,-0.3052,0.2157,-0.9483,-0.2329,-0.2556,-0.2851,0.9238,25.5,0.0057,2.224,1.123,1.11671,47.7,551.3,41.4,526.3,54.0,576.2,346,0.329,3
339,-142.011,-123.337,86.458,-0.9343,-0.1196,-0.3358,0.2068,-0.9457,-0.2506,-0.2876,-0.3036,0.9083,25.5,0.004,2.297,1.145,1.18134,45.8,551.6,39.7,526.6,51.9,576.3,346,1.634,3
340,-143.835,-123.544,85.769,-0.9256,-0.0917,-0.3671,0.198,-0.9427,-0.2686,-0.3214,-0.3213,0.8908,25.5,0.0018,2.405,1.161,1.25151,44.0,551.7,38.0,526.9,49.8,576.4,347,0.522,3
341,-145.639,-123.695,85.015,-0.9134,-0.0612,-0.4023,0.1891,-0.9391,-0.2868,-0.3603,-0.3381,0.8694,25.5,0.0001,2.72,1.179,1.40714,42.1,551.8,36.4,527.1,47.8,576.3,347,1.443,3
342,-147.415,-123.78,84.189,-0.8975,-0.0251,-0.4403,0.1804,-0.935,-0.3053,-0.404,-0.3534,0.8437,25.5,0.004,3.035,1.195,1.60093,40.3,551.9,34.8,527.3,45.9,576.2,348,0.59,3
343,-149.156,-123.79,83.287,-0.8767,0.0157,-0.4807,0.1719,-0.9303,-0.3239,-0.4523,-0.3667,0.813,25.5,0.0096,3.367,1.202,1.78494,38.6,551.8,33.2,527.4,43.9,575.9,348,1.372,3
344,-150.852,-123.72,82.306,-0.853,0.0555,-0.519,0.1636,-0.925,-0.3428,-0.4991,-0.3774,0.78,25.5,0.013,3.338,1.221,1.75678,36.9,551.7,31.7,527.5,42.1,575.6,349,0.556,3
345,-152.502,-123.577,81.257,-0.8307,0.0897,-0.5494,0.1556,-0.9192,-0.3618,-0.5375,-0.3861,0.7497,25.5,0.0129,2.847,1.227,1.48771,35.3,551.4,30.2,527.4,40.3,575.1,349,1.409,3
346,-154.111,-123.372,80.155,-0.8095,0.1192,-0.5748,0.1479,-0.9127,-0.3808,-0.5701,-0.3933,0.7213,25.5,0.0096,2.512,1.232,1.29544,33.7,551.1,28.8,527.4,38.5,574.6,350,0.435,3
347,-155.673,-123.105,79.0,-0.7823,0.1543,-0.6034,0.1405,-0.9058,-0.3998,-0.6083,-0.3976,0.687,25.5,0.0084,2.952,1.233,1.54378,32.2,550.8,27.4,527.2,36.9,574.0,350,1.529,3
348,-157.174,-122.762,77.786,-0.7468,0.1972,-0.6351,0.1336,-0.8982,-0.4187,-0.6531,-0.3976,0.6445,25.5,0.011,3.539,1.232,1.8729,30.7,550.3,26.1,527.0,35.3,573.3,351,0.245,3
349,-158.597,-122.33,76.51,-0.7057,0.2414,-0.6662,0.1275,-0.8902,-0.4374,-0.6987,-0.3936,0.5974,25.5,0.0135,3.764,1.217,1.98468,29.4,549.8,24.9,526.7,33.8,572.5,351,1.716,3
350,-159.944,-121.82,75.18,-0.6695,0.2775,-0.689,0.122,-0.8816,-0.456,-0.734,-0.3894,0.5564,25.5,0.0121,3.11,1.216,1.63599,28.1,549.1,23.7,526.4,32.4,571.6,352,0.035,3
351,-161.226,-121.246,73.812,-0.639,0.307,-0.7053,0.1171,-0.8725,-0.4744,-0.761,-0.3857,0.5216,25.5,0.0081,2.533,1.209,1.32844,26.9,548.4,22.6,526.0,31.1,570.6,353,1.66,3
352,-162.449,-120.617,72.413,-0.6064,0.3354,-0.721,0.1128,-0.863,-0.4925,-0.7874,-0.38,0.4855,25.5,0.0028,2.583,1.197,1.3442,25.7,547.7,21.5,525.5,29.9,569.5,353,0.305,3
353,-163.599,-119.926,70.984,-0.5649,0.3707,-0.7372,0.1093,-0.8531,-0.5102,-0.818,-0.3688,0.4414,25.5,0.0019,3.142,1.179,1.66127,24.7,546.9,20.5,525.0,28.8,568.4,354,1.312,3
354,-164.657,-119.159,69.522,-0.5131,0.4119,-0.753,0.1068,-0.8428,-0.5276,-0.852,-0.3511,0.3884,25.5,0.0047,3.748,1.167,1.98914,23.7,545.9,19.5,524.4,27.9,567.2,354,0.649,3
355,-165.613,-118.315,68.033,-0.463,0.4479,-0.7649,0.1054,-0.8321,-0.5445,-0.8804,-0.3327,0.338,25.5,0.005,3.479,1.149,1.83641,22.9,545.0,18.7,523.7,27.0,565.9,355,0.919,3
356,-166.476,-117.406,66.526,-0.4183,0.4789,-0.7719,0.1052,-0.8211,-0.561,-0.9024,-0.3158,0.2931,25.5,0.0042,3.024,1.136,1.60289,22.1,543.9,17.9,523.0,26.3,564.5,355,1.044,3
357,-167.256,-116.44,65.008,-0.376,0.5064,-0.776,0.1059,-0.8098,-0.5771,-0.9206,-0.2991,0.2508,25.5,0.0021,2.807,1.128,1.47939,21.5,542.8,17.2,522.2,25.7,563.0,356,0.478,3
358,-167.948,-115.419,63.484,-0.3293,0.5345,-0.7784,0.1076,-0.7983,-0.5926,-0.9381,-0.2789,0.2054,25.5,0.0008,3.019,1.11,1.59442,20.9,541.6,16.5,521.4,25.2,561.5,356,1.486,3
359,-168.544,-114.343,61.958,-0.2786,0.5636,-0.7777,0.1104,-0.7865,-0.6076,-0.9541,-0.2551,0.1569,25.5,0.0015,3.229,1.105,1.70867,20.4,540.4,15.9,520.5,24.9,560.0,357,0.027,3
360,-169.039,-113.21,60.436,-0.2266,0.5905,-0.7745,0.1142,-0.7746,-0.622,-0.9673,-0.2295,0.1081,25.5,0.0015,3.247,1.092,1.7137,20.1,539.1,15.4,519.6,24.7,558.3,358,1.441,3
361,-169.434,-112.028,58.922,-0.1765,0.6148,-0.7687,0.1191,-0.7626,-0.6358,-0.9771,-0.2038,0.0614,25.5,0.0011,3.106,1.085,1.63629,19.8,537.8,15.0,518.6,24.6,556.7,358,0.521,3
362,-169.731,-110.8,57.423,-0.1262,0.6381,-0.7596,0.1249,-0.7505,-0.649,-0.9841,-0.1768,0.0151,25.5,0.0017,3.097,1.078,1.64175,19.7,536.5,14.7,517.6,24.6,555.0,359,0.898,3
363,-169.928,-109.528,55.945,-0.0748,0.6589,-0.7485,0.1314,-0.7383,-0.6615,-0.9885,-0.1479,-0.0314,25.5,0.0012,3.147,1.068,1.6528,19.6,535.0,14.4,516.5,24.7,553.2,359,1.064,3
364,-170.027,-108.217,54.49,-0.0263,0.6773,-0.7352,0.1388,-0.7261,-0.6734,-0.99,-0.1197,-0.0749,25.5,0.0004,2.972,1.065,1.5651,19.7,533.6,14.2,515.4,25.0,551.4,360,0.327,3
365,-170.032,-106.872,53.063,0.0206,0.6943,-0.7194,0.1468,-0.714,-0.6846,-0.989,-0.0915,-0.1166,25.5,0.0002,2.885,1.05,1.52935,19.8,532.1,14.1,514.3,25.4,549.6,360,1.636,3
366,-169.945,-105.496,51.669,0.0678,0.7086,-0.7024,0.1554,-0.7019,-0.6951,-0.9855,-0.062,-0.1577,25.5,0.0014,2.906,1.042,1.52459,20.0,530.6,14.1,513.1,25.8,547.8,361,0.282,3
367,-169.766,-104.094,50.31,0.1148,0.7218,-0.6825,0.1645,-0.6899,-0.705,-0.9797,-0.0314,-0.1979,25.5,0.0021,2.914,1.033,1.54073,20.3,529.1,14.2,511.9,26.4,545.9,362,1.042,3
368,-169.494,-102.666,48.995,0.1632,0.7345,-0.6587,0.1741,-0.6781,-0.7141,-0.9711,0.0019,-0.2385,25.5,0.0007,3.049,1.016,1.61941,20.8,527.5,14.3,510.7,27.1,544.0,362,0.921,3
369,-169.129,-101.216,47.726,0.2099,0.7438,-0.6346,0.184,-0.6664,-0.7225,-0.9603,0.0349,-0.2768,25.5,0.0015,2.962,1.001,1.55982,21.3,526.0,14.5,509.4,27.8,542.2,363,0.36,3
370,-168.67,-99.749,46.509,0.2587,0.7523,-0.6059,0.1943,-0.655,-0.7302,-0.9462,0.0712,-0.3157,25.5,0.0001,3.154,0.985,1.67323,21.9,524.4,14.9,508.2,28.7,540.3,364,1.594,3
371,-168.112,-98.267,45.354,0.3104,0.7595,-0.5717,0.2049,-0.644,-0.7371,-0.928,0.1116,-0.3555,25.5,0.0041,3.413,0.96,1.82395,22.5,522.8,15.3,506.9,29.7,538.4,364,0.367,3
372,-167.454,-96.773,44.267,0.3603,0.7632,-0.5364,0.2157,-0.6333,-0.7432,-0.907,0.1521,-0.3928,25.5,0.007,3.377,0.939,1.78982,23.3,521.2,15.7,505.6,30.7,536.5,365,0.821,3
373,-166.702,-95.275,43.25,0.4057,0.7644,-0.5011,0.2268,-0.623,-0.7486,-0.8845,0.19,-0.4262,25.5,0.0091,3.169,0.921,1.68125,24.2,519.6,16.3,504.2,31.9,534.7,365,1.14,3
374,-165.866,-93.777,42.302,0.4474,0.7635,-0.4658,0.2383,-0.6131,-0.7532,-0.8607,0.226,-0.4562,25.5,0.0106,3.012,0.909,1.597,25.1,518.0,17.0,502.9,33.1,532.8,366,0.018,3
375,-164.948,-92.283,41.424,0.4877,0.7601,-0.4295,0.2501,-0.6035,-0.7571,-0.8347,0.2618,-0.4844,25.5,0.0116,3.007,0.9,1.58824,26.2,516.5,17.7,501.6,34.5,531.0,367,1.116,3
376,-163.955,-90.797,40.617,0.525,0.7549,-0.393,0.2623,-0.5942,-0.7603,-0.8076,0.2961,-0.5101,25.5,0.0121,2.906,0.898,1.53271,27.3,514.9,18.5,500.3,35.9,529.2,367,0.846,3
377,-162.89,-89.324,39.884,0.5611,0.7478,-0.3548,0.2751,-0.5852,-0.7628,-0.7781,0.3305,-0.5341,25.5,0.0126,2.938,0.908,1.55019,28.4,513.3,19.3,498.9,37.3,527.4,368,0.224,3
378,-161.756,-87.866,39.226,0.5951,0.7386,-0.3166,0.2884,-0.5764,-0.7646,-0.7473,0.3637,-0.5561,25.5,0.012,2.885,0.92,1.51858,29.6,511.8,20.2,497.6,38.9,525.7,369,1.247,3
379,-160.558,-86.428,38.642,0.6266,0.7281,-0.2781,0.3024,-0.5678,-0.7656,-0.7154,0.3956,-0.5759,25.5,0.011,2.823,0.943,1.48581,30.9,510.3,21.1,496.4,40.5,524.0,369,0.715,3
380,-159.299,-85.012,38.136,0.6573,0.7153,-0.2372,0.3171,-0.5593,-0.7659,-0.6806,0.4283,-0.5945,25.5,0.01,2.937,0.973,1.54077,32.3,508.9,22.1,495.1,42.2,522.3,370,0.257,3
381,-157.981,-83.624,37.713,0.6869,0.7,-0.1953,0.3326,-0.551,-0.7654,-0.6434,0.4608,-0.6113,25.5,0.0078,2.99,1.008,1.56463,33.6,507.4,23.1,493.9,44.0,520.7,371,1.166,3
382,-156.607,-82.267,37.371,0.7135,0.6838,-0.1528,0.349,-0.5426,-0.7641,-0.6053,0.4919,-0.6258,25.5,0.0053,2.938,1.058,1.53991,35.1,506.0,24.1,492.7,45.8,519.1,371,0.796,3
383,-155.183,-80.944,37.115,0.7392,0.6648,-0.1077,0.3664,-0.5342,-0.7618,-0.564,0.5237,-0.6385,25.5,0.0022,3.074,1.115,1.61555,36.5,504.6,25.1,491.5,47.7,517.5,372,0.044,3
384,-153.708,-79.663,36.95,0.7642,0.6421,-0.0603,0.3849,-0.5257,-0.7586,-0.5188,0.5565,-0.6489,25.5,0.0023,3.255,1.181,1.70108,38.1,503.3,26.2,490.4,49.7,516.0,373,0.799,3
385,-152.191,-78.424,36.878,0.7823,0.6228,-0.014,0.4044,-0.5171,-0.7544,-0.477,0.5845,-0.6564,25.5,0.0049,2.915,1.245,1.55861,39.6,502.1,27.3,489.3,51.7,514.5,373,1.162,3
386,-150.643,-77.22,36.894,0.7977,0.6023,0.0299,0.4248,-0.5084,-0.7491,-0.436,0.6103,-0.6614,25.5,0.0103,2.791,1.306,1.48572,41.2,500.8,28.3,488.3,53.8,513.1,374,0.475,3
387,-149.065,-76.061,36.995,0.8103,0.5813,0.074,0.4459,-0.4995,-0.7428,-0.3949,0.635,-0.664,25.5,0.016,2.752,1.361,1.47426,42.8,499.7,29.4,487.4,55.9,511.7,375,0.154,3
388,-147.471,-74.935,37.183,0.8143,0.5685,0.1172,0.4674,-0.4906,-0.7354,-0.3606,0.6537,-0.6653,25.5,0.0155,2.24,1.399,1.32198,44.4,498.5,30.5,486.4,58.0,510.4,376,0.728,3
389,-145.872,-73.833,37.454,0.819,0.5513,0.1593,0.4892,-0.4817,-0.7271,-0.3242,0.6735,-0.6643,25.5,0.0193,2.375,1.431,1.33611,46.0,497.4,31.6,485.5,60.2,509.0,376,1.233,3
390,-144.263,-72.768,37.805,0.8197,0.5378,0.1973,0.5111,-0.4728,-0.7178,-0.2928,0.6894,-0.6626,25.5,0.0231,2.019,1.456,1.1786,47.6,496.3,32.6,484.7,62.3,507.8,377,0.711,3
391,-142.664,-71.715,38.225,0.8103,0.5388,0.2306,0.5326,-0.4641,-0.7078,-0.2744,0.6964,-0.6631,25.5,0.0183,1.128,1.447,1.01151,49.2,495.3,33.7,483.8,64.5,506.5,378,0.242,3
392,-141.09,-70.65,38.709,0.7977,0.5409,0.2666,0.5537,-0.4554,-0.6972,-0.2557,0.7038,-0.6628,25.5,0.0095,1.152,1.442,1.11629,50.8,494.2,34.8,483.0,66.5,505.2,379,0.171,3
393,-139.533,-69.598,39.269,0.789,0.5352,0.3019,0.5739,-0.4471,-0.6861,-0.2322,0.7146,-0.6599,25.5,0.0064,1.491,1.404,1.07539,52.4,493.2,35.8,482.1,68.6,504.0,380,0.522,3
394,-138.0,-68.54,39.881,0.7734,0.5475,0.3195,0.5928,-0.4394,-0.675,-0.2292,0.7114,-0.6644,25.5,0.0022,0.36,1.331,0.77553,53.9,492.1,36.9,481.2,70.5,502.8,381,0.805,3
395,-136.504,-67.44,40.511,0.7519,0.576,0.3208,0.6099,-0.4327,-0.664,-0.2436,0.6949,-0.6766,25.5,0.0037,1.436,1.227,1.04399,55.4,491.0,37.9,480.3,72.4,501.5,382,1.037,3
396,-135.054,-66.289,41.156,0.7276,0.5945,0.3423,0.6248,-0.4274,-0.6534,-0.2422,0.6895,-0.6826,25.5,0.0231,0.469,1.091,1.09153,56.8,489.8,39.0,479.2,74.2,500.3,382,0.924,3
397,-133.645,-65.108,41.84,0.7102,0.6099,0.3516,0.6373,-0.4239,-0.6435,-0.2435,0.6814,-0.6902,25.5,0.0322,0.641,0.935,0.73127,58.2,488.7,40.1,478.1,75.9,499.0,383,0.723,3
398,-132.265,-63.893,42.521,0.6983,0.6302,0.3394,0.6474,-0.4225,-0.6343,-0.2565,0.663,-0.7033,25.5,0.0295,1.493,0.787,0.77446,59.5,487.4,41.2,476.9,77.5,497.8,384,0.527,3
399,-130.904,-62.632,43.156,0.6899,0.6575,0.303,0.6549,-0.4234,-0.626,-0.2834,0.6304,-0.7227,25.5,0.0162,2.665,0.643,1.352,60.9,486.2,42.4,475.6,79.0,496.6,385,0.314,3
400,-129.564,-61.311,43.703,0.6743,0.69,0.2632,0.6596,-0.4269,-0.6186,-0.3145,0.5908,-0.743,25.5,0.0126,3.111,0.541,1.56962,62.2,484.8,43.6,474.1,80.5,495.3,386,0.062,3
401,-128.259,-59.93,44.189,0.6573,0.7173,0.2311,0.6618,-0.4329,-0.6121,-0.3391,0.5553,-0.7594,25.5,0.017,2.647,0.522,1.32793,63.5,483.4,44.9,472.6,81.8,494.1,387,0.274,3
402,-126.981,-58.502,44.603,0.6473,0.7383,0.1895,0.6615,-0.4414,-0.6063,-0.364,0.5179,-0.7742,25.5,0.0126,2.711,0.59,1.39292,64.8,482.0,46.2,470.9,83.1,492.9,388,0.704,4
403,-125.715,-57.04,44.926,0.6444,0.752,0.1387,0.6591,-0.4519,-0.6011,-0.3894,0.4787,-0.7869,25.5,0.0015,2.774,0.685,1.54011,66.1,480.5,47.5,469.1,84.3,491.7,388,1.258,4
404,-124.465,-55.546,45.149,0.6313,0.7704,0.0889,0.6548,-0.4643,-0.5963,-0.4181,0.4347,-0.7976,25.5,0.0027,3.072,0.801,1.59823,67.3,479.0,48.9,467.2,85.4,490.5,389,0.688,4
405,-123.238,-54.022,45.276,0.6198,0.7837,0.0403,0.649,-0.4781,-0.5918,-0.4445,0.3929,-0.805,25.5,0.0037,2.865,0.896,1.5105,68.6,477.4,50.4,465.3,86.5,489.3,390,0.037,4
406,-122.032,-52.476,45.308,0.6106,0.7919,-0.0067,0.6419,-0.4929,-0.5873,-0.4684,0.3543,-0.8093,25.5,0.0056,2.613,0.975,1.42002,69.8,475.8,51.8,463.3,87.5,488.2,391,0.887,4
407,-120.847,-50.916,45.248,0.598,0.7996,-0.0551,0.6341,-0.5082,-0.5829,-0.494,0.3137,-0.8109,25.5,0.005,2.752,1.016,1.47893,71.0,474.2,53.2,461.3,88.5,487.0,391,1.074,4
408,-119.688,-49.342,45.092,0.584,0.805,-0.1045,0.6256,-0.5237,-0.5783,-0.5202,0.2724,-0.8095,25.5,0.0042,2.804,1.047,1.50884,72.2,472.6,54.7,459.2,89.5,485.8,392,0.103,4
409,-118.557,-47.76,44.838,0.569,0.8075,-0.1553,0.6168,-0.5391,-0.5735,-0.5469,0.2305,-0.8049,25.5,0.0047,2.859,1.053,1.54978,73.4,471.0,56.1,457.2,90.4,484.6,393,0.978,4
410,-117.458,-46.176,44.483,0.5517,0.808,-0.2066,0.6079,-0.5544,-0.5685,-0.5739,0.1881,-0.797,25.5,0.0049,2.916,1.054,1.58249,74.6,469.3,57.5,455.1,91.3,483.3,393,0.984,4
411,-116.394,-44.593,44.027,0.5329,0.806,-0.2577,0.599,-0.5691,-0.5633,-0.6007,0.1458,-0.7861,25.5,0.0057,2.937,1.029,1.59235,75.7,467.7,58.9,453.1,92.2,482.1,394,0.2,4
412,-115.369,-43.017,43.472,0.5126,0.801,-0.3093,0.5904,-0.5833,-0.5579,-0.6272,0.1034,-0.7719,25.5,0.008,2.978,1.0,1.62725,76.8,466.1,60.3,451.1,93.0,480.8,395,1.484,4
413,-114.385,-41.454,42.815,0.491,0.7935,-0.3596,0.5823,-0.5967,-0.5522,-0.6528,0.0617,-0.755,25.5,0.011,2.966,0.955,1.6148,77.8,464.5,61.5,449.1,93.8,479.6,395,0.479,4
414,-113.445,-39.907,42.062,0.4674,0.7836,-0.4092,0.5748,-0.6092,-0.5464,-0.6776,0.0202,-0.7352,25.5,0.0149,2.994,0.899,1.63133,78.8,462.9,62.8,447.2,94.6,478.3,396,0.921,4
415,-112.553,-38.382,41.212,0.4424,0.7716,-0.4571,0.568,-0.6207,-0.5404,-0.7008,-0.0205,-0.713,25.5,0.0194,2.971,0.839,1.6177,79.8,461.3,64.0,445.3,95.4,477.0,396,1.043,4
416,-111.708,-36.884,40.271,0.4193,0.7563,-0.5022,0.5622,-0.6312,-0.5343,-0.7214,-0.0583,-0.6901,25.5,0.0267,2.794,0.771,1.54691,80.7,459.7,65.1,443.4,96.2,475.8,397,0.485,4
417,-110.911,-35.416,39.244,0.3932,0.7414,-0.5438,0.5573,-0.6407,-0.5281,-0.7403,-0.0954,-0.6654,25.5,0.0313,2.774,0.708,1.49987,81.6,458.2,66.1,441.7,96.9,474.5,397,1.479,4
418,-110.167,-33.974,38.143,0.3658,0.7294,-0.578,0.5532,-0.6493,-0.5218,-0.7563,-0.129,-0.6414,25.5,0.0304,2.537,0.654,1.3279,82.4,456.7,67.1,439.9,97.6,473.2,398,0.191,4
419,-109.474,-32.555,36.981,0.3423,0.7157,-0.6088,0.55,-0.6571,-0.5154,-0.7693,-0.1585,-0.6189,25.5,0.0318,2.253,0.607,1.2011,83.2,455.2,68.0,438.3,98.3,472.0,398,1.772,4
420,-108.822,-31.167,35.759,0.3223,0.7015,-0.6356,0.5475,-0.6643,-0.5088,-0.7796,-0.1841,-0.5986,25.5,0.0338,1.963,0.578,1.0615,84.0,453.8,68.8,436.6,98.9,470.7,399,0.034,4
421,-108.21,-29.8,34.494,0.3021,0.6939,-0.6537,0.5457,-0.6709,-0.5021,-0.7872,-0.2051,-0.5816,25.5,0.0275,1.608,0.549,0.82307,84.7,452.4,69.6,435.0,99.6,469.5,400,1.906,4
422,-107.638,-28.442,33.2,0.2813,0.6915,-0.6654,0.5445,-0.6771,-0.4951,-0.7929,-0.223,-0.567,25.5,0.0144,1.363,0.54,0.70086,85.3,451.0,70.3,433.5,100.2,468.2,400,0.063,4
423,-107.108,-27.085,31.888,0.2594,0.6936,-0.672,0.5437,-0.6829,-0.4878,-0.7973,-0.2389,-0.5543,25.5,0.0048,1.193,0.536,0.67112,86.0,449.6,71.0,431.9,100.7,467.0,401,1.879,4
424,-106.619,-25.732,30.555,0.2397,0.6849,-0.6881,0.5433,-0.6885,-0.4803,-0.8028,-0.2587,-0.5372,25.5,0.0108,1.532,0.537,0.78592,86.5,448.2,71.6,430.4,101.3,465.7,401,0.085,4
425,-106.166,-24.395,29.194,0.223,0.6796,-0.6989,0.5433,-0.694,-0.4724,-0.8063,-0.2744,-0.5241,25.5,0.0203,1.189,0.552,0.60128,87.1,446.8,72.2,428.9,101.8,464.5,402,1.853,4
426,-105.744,-23.064,27.818,0.2073,0.6793,-0.704,0.5435,-0.6994,-0.4641,-0.8082,-0.2866,-0.5145,25.5,0.0357,0.896,0.567,0.4824,87.6,445.4,72.7,427.3,102.3,463.3,402,0.114,4
427,-105.353,-21.728,26.436,0.1913,0.6837,-0.7042,0.544,-0.7048,-0.4554,-0.809,-0.2965,-0.5076,25.5,0.0571,0.693,0.587,0.48488,88.1,444.1,73.2,425.8,102.8,462.0,403,1.776,4
428,-104.995,-20.378,25.059,0.1736,0.6935,-0.6993,0.5446,-0.7102,-0.4461,-0.809,-0.3045,-0.5028,25.5,0.086,0.535,0.617,0.60821,88.5,442.7,73.7,424.3,103.2,460.8,403,0.187,4
429,-104.675,-19.004,23.698,0.1522,0.7083,-0.6893,0.5453,-0.7158,-0.4362,-0.8086,-0.3119,-0.4989,25.5,0.1233,0.48,0.653,0.81456,88.9,441.3,74.1,422.8,103.6,459.5,404,1.599,4
430,-104.4,-17.612,22.344,0.1286,0.7114,-0.6909,0.546,-0.7215,-0.4257,-0.8104,-0.3261,-0.4867,25.5,0.1489,1.078,0.686,0.6971,89.3,439.8,74.5,421.2,103.9,458.2,404,0.364,4
431,-104.17,-16.21,20.993,0.106,0.7195,-0.6863,0.5468,-0.7275,-0.4144,-0.8109,-0.3369,-0.4784,25.5,0.1811,0.781,0.735,0.71429,89.6,438.4,74.8,419.6,104.2,457.0,405,1.271,4
432,-103.984,-14.787,19.657,0.084,0.7334,-0.6746,0.5474,-0.7339,-0.4022,-0.8101,-0.344,-0.4748,25.5,0.2209,0.458,0.79,0.8338,89.9,437.0,75.1,418.0,104.5,455.7,405,0.691,4
433,-103.84,-13.33,18.353,0.0622,0.754,-0.6539,0.5479,-0.7406,-0.389,-0.8076,-0.347,-0.4769,25.5,0.27,0.254,0.849,1.06489,90.1,435.5,75.3,416.4,104.7,454.4,406,0.754,4
434,-103.743,-11.828,17.097,0.0337,0.7764,-0.6293,0.5482,-0.7477,-0.3747,-0.8056,-0.3516,-0.4769,25.5,0.3262,0.287,0.915,1.28034,90.3,433.9,75.5,414.7,104.9,453.0,406,1.207,4
435,-103.709,-10.286,15.886,0.0025,0.796,-0.6052,0.5481,-0.7553,-0.3593,-0.8042,-0.3581,-0.4743,25.5,0.3824,0.409,0.984,1.28681,90.4,432.4,75.7,412.9,104.9,451.7,407,0.061,4
436,-103.728,-8.705,14.726,-0.0204,0.8167,-0.5767,0.5479,-0.7632,-0.3427,-0.8004,-0.359,-0.4801,25.5,0.4368,0.401,1.053,1.22783,90.4,430.8,75.7,411.1,104.9,450.3,408,1.172,4
437,-103.781,-7.083,13.626,-0.0323,0.8375,-0.5454,0.5473,-0.7712,-0.3251,-0.793,-0.3537,-0.4961,25.5,0.4862,1.055,1.108,1.15201,90.4,429.1,75.8,409.3,104.9,448.8,408,0.79,4
438,-103.873,-5.422,12.587,-0.0594,0.8562,-0.5132,0.5465,-0.7794,-0.3065,-0.7885,-0.3555,-0.502,25.5,0.5425,0.437,1.166,1.34588,90.4,427.5,75.8,407.4,104.8,447.4,409,0.187,4
439,-104.007,-3.724,11.616,-0.0751,0.876,-0.4764,0.5455,-0.7875,-0.2869,-0.7789,-0.3499,-0.5205,25.5,0.5941,1.237,1.216,1.30465,90.3,425.7,75.8,405.5,104.7,445.9,410,1.047,4
440,-104.16,-1.986,10.722,-0.0785,0.8971,-0.4347,0.5442,-0.7955,-0.2665,-0.7617,-0.3353,-0.5544,25.5,0.6405,2.333,1.258,1.3694,90.2,424.0,75.8,403.5,104.5,444.3,410,0.915,4
441,-104.326,-0.208,9.913,-0.0925,0.916,-0.3905,0.5427,-0.8033,-0.2452,-0.7439,-0.3242,-0.5844,25.5,0.6903,2.098,1.303,1.46332,90.1,422.2,75.8,401.5,104.3,442.7,411,0.152,4
442,-104.512,1.606,9.192,-0.0951,0.934,-0.3444,0.5411,-0.8108,-0.2232,-0.7157,-0.3046,-0.6285,25.5,0.7319,3.203,1.335,1.44831,90.0,420.4,75.7,399.5,104.1,441.1,412,0.537,4
443,-104.688,3.455,8.564,-0.0807,0.9519,-0.2955,0.5393,-0.8179,-0.2006,-0.669,-0.2715,-0.6919,25.5,0.7628,4.895,1.361,1.57905,89.8,418.5,75.7,397.5,103.9,439.4,413,1.162,4
444,-104.841,5.337,8.037,-0.0755,0.9672,-0.2425,0.5376,-0.8244,-0.1774,-0.6123,-0.2369,-0.7543,25.5,0.7949,5.224,1.384,1.61942,89.7,416.6,75.6,395.5,103.7,437.7,413,0.8,4
445,-104.978,7.246,7.613,-0.0617,0.9798,-0.1902,0.5357,-0.8302,-0.154,-0.5357,-0.1933,-0.822,25.5,0.8172,6.371,1.386,1.6233,89.6,414.7,75.6,393.4,103.5,436.0,414,0.217,4
446,-105.078,9.178,7.289,-0.0411,0.9894,-0.1395,0.5339,-0.8354,-0.1303,-0.4405,-0.1433,-0.8863,25.5,0.8303,7.183,1.394,1.62381,89.5,412.8,75.6,391.3,103.3,434.2,415,0.335,4
447,-105.142,11.124,7.067,-0.0241,0.9959,-0.0875,0.5321,-0.8399,-0.1067,-0.3311,-0.0905,-0.9392,25.5,0.8399,7.597,1.38,1.61017,89.4,410.8,75.6,389.3,103.2,432.3,416,0.857,4
448,-105.17,13.081,6.945,-0.0036,0.9993,-0.0365,0.5303,-0.8437,-0.0832,-0.2111,-0.0364,-0.9768,25.5,0.842,7.85,1.368,1.60953,89.4,408.9,75.7,387.2,103.1,430.5,416,1.104,4
449,-105.156,15.042,6.923,0.0163,0.9998,0.0132,0.5286,-0.8468,-0.0601,-0.0898,0.0147,-0.9958,25.5,0.8388,7.625,1.339,1.56479,89.4,406.9,75.8,385.2,103.0,428.6,417,0.61,4
450,-105.105,17.0,6.997,0.0366,0.9974,0.0621,0.5269,-0.8491,-0.0377,0.0271,0.0611,-0.9978,25.5,0.8299,7.212,1.294,1.54891,89.5,404.9,75.9,383.2,103.0,426.7,418,0.143,4
451,-105.01,18.951,7.166,0.0613,0.9919,0.111,0.5252,-0.8508,-0.0161,0.1349,0.102,-0.9856,25.5,0.8135,6.647,1.245,1.60929,89.6,403.0,76.1,381.2,103.0,424.8,419,0.297,4
452,-104.867,20.888,7.432,0.083,0.9837,0.1593,0.5237,-0.8519,0.0044,0.2303,0.1366,-0.9635,25.5,0.7938,5.953,1.179,1.56607,89.7,401.0,76.3,379.2,103.1,422.8,420,0.706,4
453,-104.681,22.807,7.79,0.1072,0.9728,0.2052,0.5224,-0.8524,0.0236,0.3091,0.1635,-0.9369,25.5,0.7684,5.01,1.103,1.54959,89.9,399.1,76.5,377.3,103.2,420.9,421,1.082,4
454,-104.442,24.702,8.235,0.1371,0.9589,0.2486,0.5214,-0.8523,0.0412,0.3711,0.183,-0.9104,25.5,0.7355,4.022,1.01,1.59301,90.1,397.2,76.8,375.4,103.4,419.0,421,0.88,4
455,-104.151,26.566,8.766,0.1586,0.9428,0.2931,0.5206,-0.8519,0.0571,0.4273,0.2021,-0.8812,25.5,0.7039,3.791,0.912,1.5191,90.3,395.3,77.1,373.5,103.6,417.1,422,0.54,4
456,-103.814,28.398,9.379,0.1867,0.9251,0.3307,0.5201,-0.8511,0.0712,0.466,0.2129,-0.8588,25.5,0.6667,2.636,0.81,1.46623,90.6,393.5,77.4,371.7,103.9,415.3,423,0.235,4
457,-103.412,30.194,10.056,0.2241,0.9062,0.3585,0.52,-0.8501,0.0836,0.4868,0.2146,-0.8467,25.5,0.6239,1.382,0.713,1.46969,91.0,391.6,77.8,369.9,104.2,413.4,424,0.049,4
458,-102.939,31.95,10.786,0.2542,0.8849,0.3904,0.5203,-0.8488,0.0942,0.51,0.2203,-0.8315,25.5,0.5821,1.622,0.612,1.42507,91.4,389.9,78.2,368.2,104.7,411.6,425,0.311,4
459,-102.416,33.666,11.58,0.28,0.8654,0.4155,0.521,-0.8473,0.1034,0.5264,0.2235,-0.8204,25.5,0.5444,1.149,0.536,1.19625,91.9,388.1,78.7,366.5,105.2,409.8,426,0.561,4
460,-101.836,35.347,12.405,0.3128,0.8498,0.4243,0.522,-0.8457,0.1111,0.5263,0.2168,-0.8222,25.5,0.5083,0.398,0.454,1.09208,92.5,386.4,79.2,364.8,105.7,408.1,427,0.804,4
461,-101.184,37.0,13.234,0.3533,0.8364,0.419,0.5234,-0.8439,0.1177,0.5126,0.2016,-0.8346,25.5,0.4716,1.371,0.4,1.2562,93.1,384.7,79.8,363.1,106.4,406.4,428,1.043,4
462,-100.45,38.623,14.053,0.3936,0.8162,0.4229,0.5252,-0.842,0.1232,0.5054,0.1921,-0.8412,25.5,0.4284,0.781,0.349,1.32243,93.8,383.1,80.5,361.5,107.1,404.7,428,0.918,4
463,-99.645,40.204,14.889,0.4267,0.7973,0.427,0.5272,-0.8401,0.1278,0.5003,0.1853,-0.8458,25.5,0.3903,0.554,0.307,1.12023,94.5,381.5,81.2,360.0,107.9,403.0,429,0.681,4
464,-98.778,41.754,15.719,0.4567,0.7859,0.4169,0.5296,-0.838,0.1316,0.4857,0.1724,-0.857,25.5,0.3619,1.288,0.284,0.98317,95.4,379.9,81.9,358.4,108.8,401.4,430,0.443,4
465,-97.855,43.29,16.515,0.4844,0.7814,0.3934,0.5324,-0.8357,0.1349,0.462,0.1534,-0.8735,25.5,0.3421,1.981,0.281,1.06962,96.2,378.3,82.8,356.9,109.8,399.8,431,0.199,4
466,-96.879,44.822,17.254,0.5131,0.7782,0.3622,0.5354,-0.8333,0.1376,0.4322,0.1304,-0.8923,25.5,0.3239,2.411,0.269,1.24238,97.2,376.7,83.6,355.4,110.8,398.2,432,0.054,4
467,-95.839,46.331,17.95,0.5459,0.7626,0.3469,0.5388,-0.8307,0.1399,0.4128,0.1155,-0.9035,25.5,0.2908,1.541,0.278,1.15174,98.2,375.2,84.5,353.9,111.9,396.5,433,0.313,4
468,-94.745,47.818,18.611,0.5682,0.7554,0.3264,0.5425,-0.828,0.142,0.3922,0.1001,-0.9144,25.5,0.2709,1.601,0.289,0.90983,99.3,373.7,85.5,352.5,113.1,395.0,434,0.579,4
469,-93.616,49.299,19.226,0.5817,0.7561,0.2999,0.5464,-0.825,0.1439,0.3692,0.0831,-0.9256,25.5,0.2628,1.76,0.302,0.86926,100.4,372.2,86.5,351.1,114.3,393.4,435,0.854,4
470,-92.469,50.789,19.782,0.5871,0.7645,0.266,0.5507,-0.8219,0.1456,0.3423,0.0633,-0.9374,25.5,0.2663,2.03,0.319,1.03272,101.5,370.6,87.5,349.6,115.5,391.8,435,1.108,4
471,-91.316,52.3,20.264,0.593,0.7728,0.2262,0.5553,-0.8185,0.1474,0.3106,0.0397,-0.9497,25.5,0.2699,2.372,0.344,1.20056,102.6,369.1,88.5,348.2,116.8,390.1,436,0.823,4
472,-90.138,53.813,20.672,0.6076,0.7715,0.1889,0.5601,-0.8149,0.1492,0.2786,0.0157,-0.9603,25.5,0.2602,2.371,0.359,1.1712,103.8,367.6,89.6,346.7,118.1,388.5,437,0.53,4
473,-88.941,55.329,21.006,0.6116,0.7763,0.1524,0.5651,-0.8111,0.1511,0.2496,-0.0065,-0.9683,25.5,0.261,2.142,0.376,1.08222,105.0,366.0,90.7,345.3,119.4,386.9,438,0.226,4
474,-87.746,56.861,21.273,0.605,0.7869,0.1216,0.5703,-0.8071,0.1531,0.2271,-0.0242,-0.9736,25.5,0.2715,1.668,0.393,0.97137,106.2,364.5,91.7,343.8,120.8,385.2,439,0.096,4
475,-86.573,58.417,21.487,0.5906,0.8009,0.0987,0.5755,-0.8029,0.1552,0.2125,-0.0365,-0.9765,25.5,0.2878,1.106,0.401,0.8902,107.4,362.9,92.8,342.3,122.1,383.5,440,0.429,4
476,-85.419,59.994,21.64,0.5878,0.807,0.0574,0.5807,-0.7987,0.1576,0.181,-0.062,-0.9815,25.5,0.2942,2.34,0.407,1.22278,108.5,361.3,93.8,340.8,123.4,381.8,441,0.785,4
477,-84.27,61.582,21.724,0.5834,0.8116,0.0305,0.5859,-0.7944,0.1601,0.1615,-0.0791,-0.9837,25.5,0.298,1.491,0.412,0.8077,109.7,359.7,94.8,339.4,124.7,380.1,442,1.162,4
478,-83.132,63.178,21.768,0.5769,0.8166,0.0164,0.591,-0.7901,0.1628,0.153,-0.0883,-0.9843,25.5,0.3016,0.718,0.412,0.47655,110.8,358.0,95.8,337.9,125.9,378.3,442,0.801,4
479,-82.008,64.785,21.795,0.5685,0.8226,0.0127,0.5961,-0.7857,0.1655,0.1535,-0.0909,-0.984,25.5,0.3053,0.153,0.416,0.32038,112.0,356.4,96.8,336.3,127.2,376.6,443,0.406,4
480,-80.904,66.405,21.824,0.5577,0.8298,0.0185,0.601,-0.7813,0.1684,0.1622,-0.087,-0.9829,25.5,0.31,0.55,0.412,0.41538,113.1,354.8,97.8,334.8,128.5,374.8,444,0.048,4
481,-79.823,68.041,21.874,0.5439,0.8384,0.0344,0.6058,-0.777,0.1713,0.1795,-0.0762,-0.9808,25.5,0.316,1.175,0.405,0.66451,114.2,353.1,98.8,333.3,129.7,373.1,445,0.448,4
482,-78.773,69.694,21.955,0.5278,0.8484,0.0399,0.6105,-0.7726,0.1742,0.1889,-0.0715,-0.9794,25.5,0.3263,0.607,0.405,0.57678,115.3,351.4,99.7,331.7,130.9,371.3,446,0.901,4
483,-77.751,71.366,22.028,0.5144,0.8568,0.0359,0.615,-0.7684,0.1771,0.1904,-0.0733,-0.979,25.5,0.3357,0.136,0.39,0.47667,116.3,349.7,100.6,330.1,132.0,369.5,446,1.062,4
484,-76.754,73.053,22.1,0.5032,0.8633,0.0391,0.6193,-0.7642,0.1801,0.1972,-0.0706,-0.9778,25.5,0.3411,0.425,0.385,0.38976,117.3,348.0,101.5,328.6,133.1,367.6,447,0.598,4
485,-75.776,74.751,22.186,0.4939,0.8681,0.0497,0.6235,-0.7601,0.1831,0.2094,-0.0633,-0.9758,25.5,0.3428,0.823,0.378,0.43522,118.3,346.3,102.4,326.9,134.2,365.8,448,0.122,4
486,-74.816,76.456,22.3,0.4862,0.8712,0.0682,0.6274,-0.7561,0.1861,0.2273,-0.0508,-0.9725,25.5,0.341,1.265,0.363,0.59255,119.2,344.6,103.3,325.3,135.3,364.0,449,0.396,4
487,-73.869,78.166,22.459,0.4799,0.8721,0.0958,0.6312,-0.7521,0.1892,0.2516,-0.0322,-0.9673,25.5,0.3349,1.779,0.363,0.82754,120.2,342.8,104.1,323.7,136.3,362.1,450,0.924,4
488,-72.933,79.875,22.683,0.4728,0.8715,0.1302,0.6348,-0.7483,0.1924,0.2805,-0.0088,-0.9598,25.5,0.327,2.174,0.352,1.02661,121.1,341.1,105.0,322.1,137.4,360.3,450,1.037,4
489,-72.02,81.588,22.959,0.4595,0.875,0.1526,0.6383,-0.7445,0.1957,0.3016,0.0079,-0.9534,25.5,0.3283,1.585,0.351,0.76807,122.0,339.4,105.8,320.4,138.4,358.4,451,0.478,4
490,-71.13,83.305,23.283,0.4484,0.8759,0.1783,0.6415,-0.7409,0.199,0.3241,0.0266,-0.9457,25.5,0.3258,1.733,0.335,0.81847,122.9,337.6,106.6,318.8,139.4,356.6,452,0.118,4
491,-70.259,85.021,23.66,0.4402,0.8738,0.2067,0.6445,-0.7373,0.2025,0.3474,0.0465,-0.9366,25.5,0.3187,1.831,0.335,0.86597,123.8,335.8,107.4,317.1,140.3,354.7,453,0.749,4
492,-69.402,86.729,24.095,0.4352,0.8685,0.2372,0.6474,-0.7338,0.206,0.3708,0.0671,-0.9263,25.5,0.3067,1.881,0.329,0.91638,124.7,334.1,108.2,315.4,141.2,352.9,453,1.212,4
493,-68.55,88.425,24.591,0.4335,0.8602,0.2688,0.6501,-0.7304,0.2096,0.3935,0.0876,-0.9151,25.5,0.2901,1.866,0.323,0.95606,125.5,332.4,109.0,313.8,142.1,351.0,454,0.531,4
494,-67.704,90.103,25.149,0.4296,0.8516,0.3003,0.6526,-0.727,0.2134,0.4161,0.1085,-0.9028,25.5,0.2747,1.899,0.325,0.96088,126.3,330.6,109.7,312.2,143.1,349.2,455,0.208,4
495,-66.867,91.765,25.768,0.4231,0.8436,0.3305,0.6549,-0.7238,0.2173,0.4378,0.129,-0.8898,25.5,0.2617,1.866,0.318,0.93254,127.2,328.9,110.5,310.5,143.9,347.4,456,1.006,4
496,-66.046,93.412,26.444,0.4145,0.8364,0.3587,0.6571,-0.7205,0.2214,0.4583,0.1487,-0.8763,25.5,0.2508,1.803,0.327,0.88689,128.0,327.2,111.2,308.9,144.8,345.6,456,0.955,4
497,-65.243,95.045,27.173,0.404,0.83,0.3846,0.6592,-0.7174,0.2255,0.4773,0.1674,-0.8626,25.5,0.2424,1.717,0.318,0.83778,128.8,325.5,112.0,307.3,145.7,343.8,457,0.105,4
498,-64.462,96.668,27.95,0.3919,0.8247,0.4078,0.6611,-0.7143,0.2298,0.4948,0.1847,-0.8491,25.5,0.2363,1.608,0.323,0.78014,129.5,323.8,112.7,305.7,146.5,342.0,458,0.79,4
499,-63.703,98.277,28.774,0.3837,0.8159,0.4325,0.6629,-0.7112,0.2343,0.5118,0.202,-0.8351,25.5,0.2246,1.605,0.33,0.80283,130.3,322.1,113.4,304.1,147.3,340.3,458,1.171,4
500,-62.958,99.868,29.645,0.375,0.8073,0.4558,0.6645,-0.7081,0.2388,0.5277,0.2184,-0.8209,25.5,0.2136,1.541,0.326,0.76894,131.0,320.5,114.0,302.5,148.1,338.5,459,0.241,4
501,-62.234,101.444,30.56,0.3637,0.8002,0.4769,0.6661,-0.705,0.2435,0.5427,0.2341,-0.8067,25.5,0.2058,1.487,0.335,0.72948,131.7,318.8,114.7,300.9,148.8,336.8,460,0.713,4
502,-61.534,103.007,31.514,0.3497,0.7945,0.4964,0.6675,-0.702,0.2484,0.5572,0.2496,-0.792,25.5,0.201,1.479,0.339,0.72093,132.4,317.2,115.3,299.4,149.5,335.1,460,1.248,4
503,-60.864,104.561,32.506,0.3328,0.79,0.5148,0.6688,-0.6989,0.2533,0.5714,0.2653,-0.7766,25.5,0.1992,1.5,0.34,0.74179,133.0,315.5,115.9,297.8,150.2,333.3,461,0.278,4
504,-60.231,106.106,33.533,0.3133,0.786,0.533,0.67,-0.6959,0.2585,0.5858,0.2818,-0.7599,25.5,0.1993,1.578,0.351,0.78816,133.6,313.9,116.5,296.3,150.9,331.6,462,0.7,4
505,-59.632,107.639,34.599,0.2974,0.7775,0.5541,0.6711,-0.6929,0.2637,0.6003,0.2991,-0.7418,25.5,0.193,1.658,0.35,0.81101,134.2,312.3,117.0,294.7,151.5,329.9,462,1.261,4
506,-59.065,109.156,35.705,0.2807,0.7699,0.5732,0.6721,-0.6899,0.2692,0.6136,0.3153,-0.724,25.5,0.1882,1.576,0.363,0.77392,134.7,310.6,117.6,293.2,152.1,328.2,463,0.287,4
507,-58.532,110.659,36.845,0.2634,0.7635,0.5897,0.6729,-0.6868,0.2748,0.6256,0.3301,-0.7069,25.5,0.1851,1.467,0.37,0.72322,135.2,309.0,118.0,291.7,152.6,326.5,464,0.677,4
508,-58.032,112.151,38.015,0.2461,0.7585,0.6035,0.6737,-0.6837,0.2805,0.6362,0.3433,-0.691,25.5,0.1835,1.331,0.375,0.66292,135.7,307.4,118.5,290.2,153.1,324.8,464,1.285,4
509,-57.566,113.634,39.21,0.2292,0.755,0.6144,0.6744,-0.6805,0.2865,0.6454,0.3547,-0.6765,25.5,0.1832,1.181,0.392,0.59643,136.2,305.8,118.9,288.6,153.6,323.2,465,0.352,4
510,-57.133,115.111,40.426,0.2122,0.749,0.6277,0.6749,-0.6773,0.2928,0.6551,0.3675,-0.6601,25.5,0.1803,1.315,0.406,0.65463,136.6,304.2,119.3,287.1,154.0,321.5,466,0.533,4
511,-56.733,116.572,41.671,0.1962,0.7414,0.6417,0.6754,-0.674,0.2992,0.6646,0.3806,-0.643,25.5,0.1752,1.349,0.414,0.65979,136.9,302.7,119.6,285.7,154.4,319.8,467,1.349,4
512,-56.363,118.02,42.94,0.1817,0.7361,0.6521,0.6759,-0.6705,0.306,0.6724,0.3909,-0.6286,25.5,0.1712,1.108,0.439,0.54386,137.3,301.1,119.9,284.2,154.7,318.1,467,0.613,4
513,-56.02,119.46,44.226,0.1679,0.7326,0.6596,0.6762,-0.6669,0.313,0.6789,0.3992,-0.6162,25.5,0.1686,0.933,0.451,0.47015,137.6,299.5,120.2,282.7,155.1,316.5,468,0.112,4
514,-55.704,120.894,45.525,0.1543,0.731,0.6647,0.6765,-0.6631,0.3203,0.6846,0.406,-0.6054,25.5,0.1674,0.801,0.472,0.42695,137.9,298.0,120.5,281.3,155.4,314.8,469,0.721,4
515,-55.415,122.328,46.832,0.1403,0.7313,0.6675,0.6768,-0.6591,0.328,0.6896,0.4116,-0.5959,25.5,0.1681,0.694,0.497,0.41722,138.1,296.4,120.7,279.8,155.6,313.1,470,1.192,4
516,-55.154,123.764,48.141,0.1252,0.7334,0.6682,0.677,-0.6548,0.336,0.6942,0.4165,-0.5871,25.5,0.171,0.634,0.521,0.44607,138.3,294.8,121.0,278.4,155.9,311.4,470,0.768,4
517,-54.926,125.201,49.456,0.108,0.7324,0.6723,0.6772,-0.6502,0.3444,0.6997,0.4244,-0.5747,25.5,0.1715,0.899,0.549,0.51744,138.5,293.3,121.1,276.9,156.1,309.7,471,0.458,4
518,-54.73,126.636,50.778,0.092,0.7307,0.6764,0.6774,-0.645,0.3536,0.705,0.432,-0.5625,25.5,0.1698,0.878,0.606,0.48513,138.7,291.7,121.3,275.5,156.3,308.0,472,0.331,4
519,-54.565,128.066,52.109,0.0762,0.7283,0.681,0.6775,-0.639,0.3641,0.7102,0.4397,-0.5498,25.5,0.1658,0.902,0.693,0.48591,138.8,290.1,121.4,274.1,156.4,306.3,473,0.386,4
520,-54.432,129.491,53.449,0.0597,0.7249,0.6863,0.6776,-0.632,0.3761,0.7155,0.4483,-0.5358,25.5,0.1596,0.989,0.796,0.51609,138.9,288.5,121.5,272.8,156.5,304.5,474,0.61,4
521,-54.332,130.908,54.802,0.041,0.7198,0.693,0.6775,-0.6236,0.39,0.7211,0.4588,-0.5192,25.5,0.1508,1.17,0.931,0.59902,139.0,287.0,121.6,271.4,156.6,302.7,476,0.437,4
522,-54.28,132.314,56.166,0.0053,0.7161,0.698,0.6772,-0.6134,0.4063,0.7276,0.4761,-0.494,25.5,0.1521,1.791,1.102,1.05928,139.0,285.4,121.6,270.2,156.6,300.8,477,0.229,4
523,-54.309,133.713,57.54,-0.0308,0.7093,0.7042,0.6765,-0.6014,0.4251,0.7331,0.495,-0.4664,25.5,0.1481,1.942,1.279,1.08881,138.9,283.9,121.5,269.0,156.5,298.9,479,0.046,4
524,-54.383,135.09,58.934,-0.0383,0.6935,0.7194,0.675,-0.5872,0.4466,0.7368,0.5059,-0.4485,25.5,0.1118,1.219,1.479,0.6771,138.8,282.3,121.5,267.9,156.3,297.0,481,0.106,4
525,-54.434,136.427,60.368,-0.0131,0.6668,0.7451,0.6725,-0.5708,0.4711,0.74,0.5076,-0.4413,25.5,0.0384,0.462,1.695,1.30964,138.7,280.8,121.4,266.8,156.2,295.0,484,0.183,5
526,-54.475,137.696,61.862,-0.0216,0.6313,0.7753,0.6686,-0.5521,0.4981,0.7427,0.5292,-0.4103,25.5,0.0232,2.17,1.895,1.38468,138.6,279.4,121.5,266.0,156.0,293.0,487,0.275,5
527,-54.488,138.923,63.391,0.0168,0.6267,0.7791,0.6636,-0.5324,0.5255,0.7469,0.5102,-0.4264,25.5,0.0869,1.447,1.955,1.13566,138.5,278.0,121.5,265.1,155.8,291.1,489,0.212,5
528,-54.389,140.169,64.901,0.0787,0.6404,0.764,0.6581,-0.5133,0.5509,0.7528,0.4642,-0.4667,25.5,0.144,3.521,1.848,1.90497,138.6,276.6,121.8,264.3,155.7,289.1,492,0.337,5
529,-54.191,141.425,66.393,0.1234,0.6407,0.7578,0.6524,-0.4956,0.5733,0.7578,0.4322,-0.4888,25.5,0.1974,2.247,1.668,1.31887,138.7,275.2,122.1,263.4,155.7,287.1,494,0.232,5
530,-53.903,142.682,67.871,0.1703,0.6403,0.749,0.6468,-0.4789,0.5936,0.7626,0.3958,-0.5116,25.5,0.2481,2.476,1.54,1.39462,139.0,273.7,122.5,262.4,155.8,285.2,496,0.261,5
531,-53.523,143.941,69.325,0.217,0.6475,0.7305,0.6411,-0.4626,0.6124,0.7667,0.3501,-0.5381,25.5,0.2869,3.036,1.463,1.48308,139.3,272.3,123.0,261.5,156.0,283.3,498,0.428,5
532,-53.054,145.21,70.744,0.2604,0.643,0.7202,0.6354,-0.4466,0.63,0.7704,0.3112,-0.5564,25.5,0.332,2.472,1.401,1.31021,139.8,270.8,123.6,260.5,156.3,281.4,499,0.412,5
533,-52.503,146.448,72.161,0.3018,0.6155,0.7281,0.6299,-0.4312,0.646,0.7745,0.287,-0.5637,25.5,0.3951,1.467,1.311,1.47078,140.3,269.4,124.2,259.5,156.7,279.5,501,0.008,5
534,-51.872,147.619,73.601,0.342,0.5845,0.7357,0.6249,-0.4168,0.6601,0.7781,0.2629,-0.5706,25.5,0.4557,1.451,1.19,1.50022,140.9,268.1,125.0,258.6,157.2,277.8,503,0.629,5
535,-51.164,148.74,75.046,0.3791,0.5575,0.7385,0.6205,-0.4037,0.6724,0.7806,0.2358,-0.5788,25.5,0.5067,1.629,1.06,1.34354,141.6,266.8,125.8,257.7,157.8,276.1,504,0.052,5
536,-50.387,149.8,76.501,0.4123,0.5216,0.747,0.6166,-0.3916,0.683,0.7831,0.2161,-0.5831,25.5,0.5602,1.164,0.948,1.45046,142.4,265.5,126.6,256.8,158.4,274.5,505,0.461,5
537,-49.549,150.782,77.977,0.4419,0.4818,0.7568,0.6133,-0.3807,0.692,0.7853,0.2001,-0.5859,25.5,0.6113,0.939,0.832,1.47762,143.2,264.4,127.5,255.9,159.2,273.0,507,0.672,5
538,-48.655,151.693,79.465,0.4698,0.4473,0.7611,0.6106,-0.3708,0.6997,0.7864,0.1797,-0.591,25.5,0.6535,1.206,0.735,1.30261,144.1,263.3,128.5,255.1,160.0,271.6,508,0.348,5
539,-47.707,152.533,80.962,0.4971,0.4087,0.7654,0.6086,-0.3621,0.7061,0.7868,0.1596,-0.5963,25.5,0.695,1.191,0.629,1.3874,145.0,262.3,129.5,254.4,160.9,270.4,509,0.081,5
540,-46.706,153.292,82.467,0.5245,0.3648,0.7693,0.6071,-0.3544,0.7113,0.7864,0.1388,-0.602,25.5,0.7363,1.236,0.539,1.51671,146.1,261.3,130.5,253.7,161.9,269.2,510,0.132,5
541,-45.652,153.966,83.977,0.5497,0.323,0.7704,0.6061,-0.3477,0.7153,0.7849,0.1161,-0.6087,25.5,0.7719,1.359,0.451,1.42683,147.1,260.5,131.6,253.0,163.0,268.2,511,0.292,5
542,-44.551,154.559,85.487,0.5725,0.2819,0.7699,0.6058,-0.342,0.7183,0.7825,0.0928,-0.6158,25.5,0.8034,1.402,0.369,1.37365,148.2,259.7,132.7,252.4,164.1,267.2,512,0.4,5
543,-43.408,155.07,86.996,0.5938,0.239,0.7683,0.6063,-0.3373,0.7202,0.7789,0.0688,-0.6234,25.5,0.8327,1.457,0.292,1.40055,149.4,259.1,133.8,251.8,165.3,266.4,513,0.455,5
544,-42.223,155.494,88.499,0.6141,0.1934,0.7651,0.6075,-0.3333,0.721,0.7738,0.0431,-0.632,25.5,0.8602,1.58,0.244,1.46198,150.6,258.5,134.9,251.4,166.6,265.7,514,0.459,5
545,-41.0,155.829,89.994,0.6332,0.1489,0.7596,0.6096,-0.3301,0.7207,0.7667,0.0143,-0.6419,25.5,0.8843,1.792,0.22,1.42423,151.8,258.0,136.1,250.9,167.9,265.1,515,0.421,5
546,-39.742,156.081,91.478,0.6485,0.1087,0.7534,0.6127,-0.3277,0.7192,0.7587,-0.0111,-0.6514,25.5,0.9036,1.62,0.241,1.26989,153.1,257.6,137.3,250.6,169.3,264.7,516,0.348,5
547,-38.458,156.256,92.949,0.6618,0.0691,0.7465,0.6171,-0.3258,0.7163,0.7494,-0.0342,-0.6612,25.5,0.9206,1.533,0.321,1.23721,154.4,257.2,138.5,250.3,170.8,264.3,517,0.244,5
548,-37.148,156.35,94.404,0.6749,0.0256,0.7375,0.6229,-0.3246,0.7117,0.7374,-0.06,-0.6728,25.5,0.937,1.761,0.43,1.3536,155.8,257.0,139.6,250.1,172.3,264.0,518,0.118,5
549,-35.81,156.352,95.838,0.689,-0.0234,0.7244,0.6304,-0.3239,0.7055,0.7196,-0.0972,-0.6876,25.5,0.953,2.511,0.559,1.53853,157.2,256.9,140.8,249.9,173.9,263.9,519,0.026,5
550,-34.448,156.26,97.246,0.6988,-0.07,0.7119,0.6396,-0.3237,0.6973,0.7021,-0.1234,-0.7013,25.5,0.966,1.969,0.706,1.43881,158.6,256.8,141.9,249.9,175.6,263.9,520,0.182,5
551,-33.072,156.079,98.63,0.7043,-0.114,0.7007,0.6505,-0.324,0.6869,0.6888,-0.1295,-0.7133,25.5,0.9764,1.084,0.863,1.33653,160.0,256.9,143.0,249.9,177.4,264.0,521,0.344,5
552,-31.683,155.808,99.987,0.7132,-0.1637,0.6815,0.6632,-0.3248,0.6743,0.6597,-0.1718,-0.7316,25.5,0.9857,3.123,1.026,1.57882,161.5,257.0,144.1,250.0,179.2,264.2,522,0.513,5
553,-30.281,155.438,101.307,0.7147,-0.213,0.6662,0.6774,-0.3257,0.6595,0.6447,-0.1688,-0.7456,25.5,0.9929,1.188,1.176,1.50932,162.9,257.3,145.1,250.2,181.1,264.5,523,0.686,5
554,-28.887,154.976,102.607,0.7051,-0.2566,0.661,0.6927,-0.3265,0.643,0.6944,0.0613,-0.7169,25.5,0.9972,13.62,1.29,1.3136,164.4,257.7,146.1,250.5,183.0,265.0,524,0.863,5
555,-27.514,154.431,103.895,0.6982,-0.3006,0.6497,0.7086,-0.3271,0.6252,0.6543,0.6363,-0.4088,25.5,0.9993,38.148,1.368,1.34286,165.8,258.1,147.1,250.9,184.9,265.5,525,1.043,5
556,-26.154,153.8,105.16,0.6861,-0.3429,0.6417,0.7248,-0.327,0.6064,0.0349,0.8965,0.4417,25.5,0.9985,65.626,1.422,1.3068,167.2,258.7,148.0,251.4,186.8,266.1,525,0.918,5
557,-24.83,153.089,106.418,0.6631,-0.382,0.6437,0.741,-0.3261,0.587,-0.1287,0.7889,0.6008,25.5,0.9938,14.495,1.449,1.32694,168.6,259.3,148.9,252.0,188.6,266.8,526,0.736,5
558,-23.554,152.301,107.681,0.6404,-0.422,0.6417,0.7569,-0.3242,0.5675,-0.1863,0.7252,0.6628,25.5,0.9857,6.072,1.446,1.34543,169.9,260.0,149.8,252.7,190.4,267.5,527,0.555,5
559,-22.322,151.435,108.937,0.6144,-0.4608,0.6404,0.7722,-0.3212,0.5482,-0.2055,0.6903,0.6938,25.5,0.9735,2.892,1.422,1.36553,171.2,260.8,150.6,253.5,192.2,268.3,528,0.374,5
560,-21.15,150.496,110.197,0.5799,-0.4968,0.6457,0.7869,-0.3168,0.5296,-0.1986,0.6825,0.7034,25.5,0.9557,0.811,1.382,1.46549,172.5,261.7,151.4,254.4,193.8,269.1,529,0.196,5
561,-20.049,149.488,111.469,0.5441,-0.531,0.6496,0.8007,-0.3111,0.5119,-0.1943,0.6734,0.7133,25.5,0.9334,0.809,1.327,1.45142,173.6,262.6,152.2,255.5,195.4,269.9,530,0.021,5
562,-19.017,148.414,112.743,0.5083,-0.5651,0.6499,0.8138,-0.304,0.4952,-0.1957,0.6591,0.7262,25.5,0.9073,1.106,1.282,1.44499,174.7,263.7,152.9,256.6,196.9,270.8,531,0.156,5
563,-18.056,147.273,114.016,0.4711,-0.5983,0.6482,0.8262,-0.2957,0.4796,-0.1983,0.6442,0.7387,25.5,0.877,1.124,1.237,1.45798,175.7,264.8,153.5,257.9,198.2,271.7,532,0.323,5
564,-17.17,146.07,115.285,0.4334,-0.6281,0.6463,0.8378,-0.2863,0.4649,-0.1992,0.6326,0.7484,25.5,0.8434,0.868,1.2,1.40547,176.7,265.9,154.1,259.3,199.5,272.7,533,0.478,5
565,-16.356,144.81,116.548,0.3972,-0.6565,0.6413,0.8488,-0.2758,0.4511,-0.2022,0.6189,0.759,25.5,0.8075,1.007,1.177,1.35256,177.5,267.2,154.6,260.7,200.7,273.7,534,0.618,5
566,-15.612,143.494,117.797,0.3608,-0.6856,0.6323,0.8591,-0.2646,0.4382,-0.208,0.6018,0.7711,25.5,0.7684,1.245,1.143,1.38702,178.3,268.5,155.1,262.3,201.8,274.7,535,0.736,5
567,-14.944,142.123,119.029,0.3204,-0.7119,0.6249,0.8688,-0.2525,0.426,-0.211,0.5895,0.7797,25.5,0.7243,0.877,1.131,1.42537,179.0,269.8,155.5,263.9,202.8,275.8,536,0.828,5
568,-14.353,140.702,120.244,0.2824,-0.7384,0.6124,0.8779,-0.2398,0.4145,-0.2168,0.5727,0.7906,25.5,0.6788,1.195,1.112,1.40237,179.6,271.2,155.9,265.7,203.7,276.9,537,0.888,5
569,-13.833,139.226,121.425,0.2487,-0.7673,0.5911,0.8865,-0.2265,0.4036,-0.2271,0.5471,0.8057,25.5,0.6328,1.802,1.102,1.43905,180.2,272.7,156.2,267.5,204.5,278.0,538,0.912,5
570,-13.384,137.694,122.563,0.2052,-0.7936,0.5729,0.8945,-0.2126,0.3934,-0.2332,0.5288,0.8161,25.5,0.5776,1.256,1.089,1.57803,180.6,274.2,156.4,269.3,205.2,279.2,539,0.907,5
571,-13.018,136.114,123.666,0.1716,-0.8178,0.5493,0.9019,-0.1984,0.3838,-0.2412,0.5057,0.8283,25.5,0.5278,1.565,1.07,1.39282,181.0,275.8,156.5,271.3,205.8,280.4,540,0.884,5
572,-12.696,134.485,124.708,0.1609,-0.8438,0.5119,0.9086,-0.1839,0.3749,-0.2555,0.4654,0.8474,25.5,0.4933,2.684,1.048,1.36742,181.4,277.5,156.7,273.3,206.3,281.7,541,0.857,5
573,-12.383,132.805,125.668,0.1496,-0.8698,0.4702,0.9148,-0.1693,0.3668,-0.2692,0.4217,0.8658,25.5,0.4566,2.828,1.02,1.47375,181.7,279.2,156.8,275.4,206.8,283.1,542,0.838,5
574,-12.108,131.077,126.554,0.1356,-0.8913,0.4327,0.9202,-0.1547,0.3596,-0.2791,0.3847,0.8798,25.5,0.4183,2.337,0.983,1.32785,182.0,281.0,156.9,277.6,207.3,284.5,543,0.84,5
575,-11.836,129.311,127.362,0.145,-0.9092,0.3903,0.925,-0.1403,0.3531,-0.2904,0.338,0.8952,25.5,0.3995,2.891,0.946,1.37274,182.3,282.8,157.1,279.8,207.7,286.0,544,0.876,5
576,-11.526,127.514,128.081,0.1695,-0.9239,0.343,0.9292,-0.1262,0.3473,-0.3019,0.2827,0.9105,25.5,0.3932,3.353,0.906,1.61497,182.6,284.7,157.3,282.0,208.2,287.5,545,0.96,5
577,-11.185,125.688,128.708,0.1795,-0.9382,0.296,0.9328,-0.1125,0.3424,-0.3105,0.2315,0.922,25.5,0.3743,3.047,0.859,1.46537,183.0,286.6,157.5,284.3,208.6,289.0,545,1.001,5
578,-10.817,123.839,129.245,0.1973,-0.9469,0.2537,0.9359,-0.0993,0.3381,-0.3168,0.1833,0.9306,25.5,0.3645,2.829,0.815,1.36519,183.3,288.6,157.8,286.5,209.1,290.6,546,0.854,5
579,-10.409,121.978,129.71,0.2187,-0.9502,0.2221,0.9385,-0.0865,0.3344,-0.3202,0.1451,0.9362,25.5,0.3617,2.221,0.778,1.11936,183.8,290.5,158.2,288.8,209.6,292.3,547,0.635,5
580,-9.964,120.111,130.112,0.2342,-0.9539,0.1879,0.9407,-0.074,0.3312,-0.3228,0.106,0.9405,25.5,0.3531,2.259,0.75,1.10274,184.3,292.5,158.6,291.2,210.2,293.9,548,0.348,5
581,-9.492,118.239,130.453,0.247,-0.9555,0.1612,0.9425,-0.062,0.3284,-0.3237,0.0754,0.9432,25.5,0.345,1.761,0.713,0.86653,184.8,294.5,159.0,293.5,210.8,295.6,549,0.014,5
582,-8.996,116.365,130.75,0.2581,-0.9555,0.1432,0.944,-0.0504,0.326,-0.3234,0.0542,0.9447,25.5,0.3385,1.218,0.684,0.61793,185.3,296.5,159.5,295.8,211.3,297.3,550,0.391,5
583,-8.48,114.492,131.019,0.2676,-0.9544,0.1323,0.9453,-0.039,0.324,-0.3224,0.0407,0.9457,25.5,0.333,0.778,0.667,0.42361,185.9,298.5,160.0,298.1,211.9,299.0,551,0.822,5
584,-7.948,112.623,131.272,0.2758,-0.9527,0.1272,0.9463,-0.028,0.3221,-0.3212,0.0334,0.9464,25.5,0.3286,0.426,0.642,0.28658,186.4,300.5,160.6,300.3,212.5,300.7,551,1.139,5
585,-7.397,110.757,131.51,0.2861,-0.9513,0.1145,0.9471,-0.0172,0.3204,-0.3201,0.0178,0.9472,25.5,0.324,0.897,0.628,0.4797,187.0,302.5,161.1,302.6,213.2,302.4,552,0.679,5
586,-6.828,108.892,131.724,0.2939,-0.9501,0.1041,0.9478,-0.0066,0.3189,-0.3189,0.0052,0.9478,25.5,0.318,0.726,0.615,0.38145,187.6,304.5,161.7,304.9,213.8,304.1,553,0.207,5
587,-6.245,107.03,131.921,0.2995,-0.9492,0.0969,0.9482,0.0037,0.3175,-0.3175,-0.0034,0.9482,25.5,0.3112,0.5,0.596,0.2678,188.3,306.5,162.3,307.2,214.4,305.8,554,0.271,5
588,-5.654,105.17,132.106,0.3035,-0.9484,0.0921,0.9486,0.0137,0.3163,-0.3162,-0.009,0.9487,25.5,0.304,0.331,0.578,0.18404,188.9,308.5,162.9,309.4,215.1,307.6,555,0.735,6
589,-5.056,103.31,132.283,0.3061,-0.9478,0.0893,0.9488,0.0236,0.3151,-0.3149,-0.0122,0.949,25.5,0.2962,0.199,0.571,0.11299,189.5,310.5,163.6,311.7,215.8,309.3,556,1.185,6
590,-4.454,101.452,132.457,0.3076,-0.9474,0.0883,0.9488,0.0332,0.314,-0.3138,-0.0134,0.9494,25.5,0.2881,0.096,0.554,0.05395,190.2,312.5,164.2,313.9,216.4,311.0,556,0.777,6
591,-3.85,99.594,132.63,0.308,-0.9472,0.0887,0.9488,0.0425,0.313,-0.3128,-0.0128,0.9497,25.5,0.2797,0.069,0.536,0.01751,190.8,314.5,164.9,316.2,217.1,312.8,557,0.347,6
592,-3.247,97.737,132.806,0.3076,-0.9472,0.0907,0.9486,0.0516,0.3121,-0.312,-0.0104,0.95,25.5,0.2712,0.146,0.524,0.05957,191.5,316.5,165.5,318.4,217.7,314.5,558,0.061,6
593,-2.644,95.881,132.987,0.3082,-0.9466,0.0944,0.9484,0.0606,0.3112,-0.3114,-0.0066,0.9503,25.5,0.2643,0.221,0.518,0.11098,192.1,318.5,166.2,320.6,218.4,316.3,559,0.437,6
594,-2.036,94.025,133.176,0.3117,-0.9451,0.0981,0.9481,0.0692,0.3103,-0.3108,-0.0039,0.9505,25.5,0.2606,0.159,0.496,0.15506,192.8,320.5,166.8,322.8,219.0,318.1,560,0.779,6
595,-1.422,92.173,133.37,0.3141,-0.9441,0.0999,0.9477,0.0776,0.3095,-0.3102,-0.0026,0.9507,25.5,0.2553,0.083,0.484,0.09243,193.5,322.4,167.5,325.0,219.7,319.8,561,1.083,6
596,-0.805,90.323,133.567,0.3156,-0.9436,0.1002,0.9473,0.0857,0.3087,-0.3096,-0.0026,0.9509,25.5,0.249,0.036,0.467,0.04701,194.1,324.4,168.2,327.2,220.3,321.6,561,0.881,6
597,-0.185,88.472,133.762,0.3164,-0.9434,0.0991,0.9468,0.0935,0.3079,-0.309,-0.0037,0.9511,25.5,0.2419,0.073,0.45,0.04014,194.8,326.4,168.8,329.4,221.0,323.4,562,0.625,6
598,0.436,86.622,133.955,0.3166,-0.9436,0.0968,0.9463,0.1009,0.3072,-0.3082,-0.0059,0.9513,25.5,0.2341,0.135,0.427,0.0677,195.5,328.4,169.5,331.6,221.7,325.2,563,0.418,6
599,1.056,84.771,134.141,0.3161,-0.9442,0.093,0.9457,0.1079,0.3065,-0.3074,-0.0091,0.9515,25.5,0.2256,0.189,0.405,0.11333,196.1,330.4,170.2,333.8,222.3,327.0,564,0.258,6
600,1.675,82.919,134.319,0.3149,-0.9451,0.0879,0.9452,0.1144,0.3059,-0.3064,-0.0136,0.9518,25.5,0.2164,0.265,0.375,0.15532,196.8,332.4,170.9,335.9,223.0,328.8,565,0.14,6
601,2.29,81.064,134.485,0.3129,-0.9463,0.0811,0.9446,0.1205,0.3053,-0.3053,-0.0194,0.9521,25.5,0.2063,0.339,0.353,0.21007,197.5,334.4,171.6,338.1,223.6,330.6,566,0.069,6
602,2.902,79.206,134.635,0.3101,-0.948,0.0723,0.944,0.126,0.3048,-0.3039,-0.0268,0.9523,25.5,0.1953,0.432,0.318,0.27424,198.1,336.4,172.2,340.2,224.3,332.5,567,0.065,6
603,3.506,77.345,134.766,0.3061,-0.95,0.0609,0.9435,0.131,0.3043,-0.3022,-0.0363,0.9526,25.5,0.1829,0.553,0.289,0.35767,198.8,338.4,172.9,342.4,224.9,334.4,568,0.094,6
604,4.102,75.481,134.874,0.302,-0.9519,0.051,0.943,0.1355,0.3039,-0.3007,-0.0444,0.9527,25.5,0.1713,0.472,0.26,0.31822,199.4,340.4,173.5,344.5,225.6,336.3,569,0.125,6
605,4.692,73.614,134.971,0.2998,-0.9528,0.0477,0.9426,0.1393,0.3036,-0.3,-0.0467,0.9528,25.5,0.1643,0.138,0.22,0.11882,200.1,342.4,174.2,346.6,226.2,338.2,570,0.152,6
606,5.277,71.744,135.059,0.2975,-0.9538,0.0419,0.9422,0.1425,0.3033,-0.2989,-0.0514,0.9529,25.5,0.1571,0.277,0.186,0.18465,200.7,344.4,174.8,348.7,226.8,340.1,571,0.175,6
607,5.858,69.873,135.133,0.295,-0.9549,0.0333,0.9419,0.1452,0.303,-0.2975,-0.0586,0.9529,25.5,0.1493,0.42,0.157,0.26369,201.3,346.5,175.5,350.8,227.5,342.1,572,0.196,6
608,6.434,68.0,135.188,0.2922,-0.9561,0.0218,0.9416,0.1474,0.3028,-0.2957,-0.0686,0.9528,25.5,0.1408,0.582,0.128,0.34766,202.0,348.5,176.1,352.9,228.1,344.1,573,0.221,6
609,7.004,66.124,135.217,0.2893,-0.9572,0.0072,0.9414,0.149,0.3026,-0.2933,-0.0815,0.9525,25.5,0.1319,0.752,0.093,0.43609,202.6,350.5,176.7,354.9,228.7,346.0,574,0.252,6
610,7.568,64.246,135.214,0.286,-0.9582,-0.0108,0.9413,0.1501,0.3025,-0.2904,-0.0974,0.9519,25.5,0.1221,0.927,0.064,0.53552,203.2,352.5,177.3,357.0,229.3,348.1,575,0.296,6
611,8.126,62.366,135.172,0.2824,-0.9588,-0.0322,0.9412,0.1507,0.3024,-0.2868,-0.1164,0.9509,25.5,0.1116,1.109,0.035,0.63433,203.8,354.6,177.9,359.0,229.9,350.1,576,0.356,6
612,8.675,60.486,135.085,0.2784,-0.9588,-0.0572,0.9412,0.1508,0.3023,-0.2826,-0.1387,0.9492,25.5,0.1002,1.304,0.008,0.7398,204.4,356.6,178.5,361.0,230.5,352.1,577,0.434,6
613,9.216,58.606,134.952,0.2735,-0.9587,-0.078,0.9413,0.1504,0.3022,-0.2791,-0.1567,0.9474,25.5,0.0897,1.056,0.024,0.62446,205.0,358.6,179.1,363.1,231.1,354.2,578,0.534,6
614,9.748,56.726,134.779,0.2686,-0.9582,-0.0989,0.9415,0.1496,0.3021,-0.2755,-0.1748,0.9453,25.5,0.0797,1.064,0.048,0.62735,205.5,360.7,179.7,365.1,231.7,356.3,579,0.658,6
615,10.27,54.849,134.564,0.264,-0.957,-0.1202,0.9417,0.1484,0.302,-0.2718,-0.1934,0.9427,25.5,0.0703,1.097,0.07,0.63776,206.1,362.7,180.2,367.1,232.2,358.3,580,0.81,6
616,10.784,52.974,134.307,0.2597,-0.9552,-0.1417,0.942,0.1469,0.3019,-0.268,-0.2123,0.9397,25.5,0.0615,1.118,0.088,0.64286,206.7,364.8,180.8,369.0,232.8,360.4,581,0.99,6
617,11.289,51.103,134.008,0.2558,-0.9529,-0.1631,0.9423,0.1451,0.3017,-0.2642,-0.2312,0.9363,25.5,0.0536,1.122,0.105,0.63918,207.2,366.8,181.3,371.0,233.3,362.5,581,0.97,6
618,11.787,49.237,133.668,0.2524,-0.95,-0.1841,0.9427,0.143,0.3016,-0.2604,-0.2499,0.9326,25.5,0.0466,1.114,0.123,0.62734,207.7,368.8,181.8,373.0,233.9,364.6,582,0.763,6
619,12.279,47.378,133.287,0.2494,-0.9466,-0.2043,0.9431,0.1407,0.3014,-0.2568,-0.2681,0.9286,25.5,0.0404,1.087,0.134,0.60494,208.3,370.8,182.3,374.9,234.4,366.7,583,0.527,6
620,12.763,45.525,132.865,0.2443,-0.9429,-0.2262,0.9435,0.1382,0.3012,-0.2528,-0.2872,0.9239,25.5,0.0321,1.15,0.145,0.66585,208.8,372.8,182.9,376.9,234.9,368.8,584,0.264,6
621,13.238,43.68,132.4,0.2394,-0.9386,-0.2482,0.944,0.1356,0.3009,-0.2488,-0.3065,0.9188,25.5,0.024,1.167,0.153,0.67055,209.3,374.9,183.4,378.8,235.5,370.9,585,0.028,6
622,13.703,41.844,131.892,0.235,-0.9338,-0.2698,0.9445,0.1328,0.3006,-0.2449,-0.3255,0.9133,25.5,0.0168,1.155,0.164,0.65927,209.8,376.8,183.8,380.7,236.0,373.0,586,0.348,6
623,14.16,40.019,131.342,0.2312,-0.9285,-0.2907,0.945,0.1299,0.3002,-0.241,-0.3442,0.9075,25.5,0.0106,1.144,0.17,0.63973,210.3,378.8,184.3,382.6,236.5,375.0,587,0.697,6
624,14.61,38.204,130.752,0.228,-0.9228,-0.3106,0.9455,0.127,0.2998,-0.2373,-0.362,0.9015,25.5,0.0053,1.097,0.17,0.61207,210.8,380.8,184.8,384.5,236.9,377.1,588,1.074,6
625,15.054,36.4,130.125,0.2255,-0.9169,-0.3292,0.9461,0.1239,0.2994,-0.2337,-0.3789,0.8954,25.5,0.0012,1.05,0.182,0.57488,211.2,382.8,185.3,386.3,237.4,379.2,588,0.887,6
626,15.494,34.608,129.462,0.223,-0.911,-0.3469,0.9466,0.1207,0.2989,-0.2304,-0.3951,0.8893,25.5,0.0026,1.01,0.188,0.55005,211.7,384.7,185.7,388.2,237.9,381.2,589,0.484,6
627,15.928,32.827,128.763,0.2188,-0.9046,-0.3657,0.9472,0.1176,0.2984,-0.2269,-0.4117,0.8826,25.5,0.0083,1.045,0.183,0.59312,212.2,386.6,186.2,390.0,238.4,383.2,590,0.062,6
628,16.353,31.06,128.029,0.2152,-0.8982,-0.3834,0.9478,0.1143,0.2978,-0.2237,-0.4275,0.8759,25.5,0.0129,1.0,0.195,0.55997,212.6,388.6,186.6,391.8,238.8,385.3,591,0.377,6
629,16.772,29.305,127.26,0.2122,-0.8916,-0.4001,0.9483,0.1111,0.2972,-0.2206,-0.4425,0.8692,25.5,0.0167,0.958,0.189,0.53197,213.0,390.5,187.1,393.6,239.3,387.3,592,0.825,6
630,17.186,27.563,126.46,0.2098,-0.8849,-0.4158,0.9489,0.1078,0.2966,-0.2176,-0.4569,0.8625,25.5,0.0196,0.926,0.195,0.50368,213.5,392.4,187.5,395.4,239.7,389.2,592,1.136,6
631,17.595,25.835,125.63,0.2078,-0.8782,-0.4308,0.9495,0.1045,0.2959,-0.2149,-0.4706,0.8558,25.5,0.0219,0.887,0.196,0.48354,213.9,394.2,187.9,397.2,240.1,391.2,593,0.682,6
632,18.001,24.119,124.771,0.2064,-0.8714,-0.445,0.9501,0.1013,0.2952,-0.2122,-0.4838,0.849,25.5,0.0235,0.865,0.191,0.46189,214.3,396.1,188.3,399.0,240.6,393.2,594,0.227,6
633,18.405,22.417,123.886,0.2055,-0.8646,-0.4585,0.9506,0.098,0.2945,-0.2097,-0.4965,0.8423,25.5,0.0244,0.835,0.195,0.44249,214.8,397.9,188.8,400.7,241.0,395.1,595,0.223,6
634,18.806,20.729,122.972,0.2028,-0.8573,-0.4731,0.9512,0.0947,0.2937,-0.2071,-0.5098,0.835,25.5,0.0272,0.882,0.198,0.48348,215.2,399.8,189.2,402.4,241.4,397.0,596,0.662,6
635,19.2,19.055,122.031,0.2,-0.85,-0.4873,0.9518,0.0915,0.2929,-0.2045,-0.5226,0.8277,25.5,0.0301,0.857,0.192,0.47367,215.6,401.6,189.6,404.1,241.8,399.0,597,1.088,6
636,19.59,17.395,121.062,0.1979,-0.8429,-0.5004,0.9523,0.0882,0.2921,-0.2021,-0.5346,0.8206,25.5,0.0321,0.811,0.197,0.43967,216.0,403.3,190.0,405.8,242.2,400.8,597,0.873,6
637,19.977,15.749,120.069,0.1964,-0.8359,-0.5126,0.9529,0.085,0.2912,-0.2,-0.5459,0.8136,25.5,0.0332,0.771,0.194,0.41331,216.4,405.1,190.4,407.5,242.7,402.7,598,0.466,6
638,20.361,14.117,119.052,0.1954,-0.829,-0.5239,0.9534,0.0818,0.2903,-0.198,-0.5566,0.8069,25.5,0.0336,0.732,0.193,0.38796,216.8,406.9,190.8,409.2,243.0,404.6,599,0.08,6
639,20.744,12.498,118.014,0.1951,-0.8224,-0.5344,0.954,0.0785,0.2894,-0.1962,-0.5666,0.8003,25.5,0.0331,0.694,0.199,0.3625,217.2,408.6,191.2,410.8,243.4,406.4,600,0.28,6
640,21.126,10.892,116.957,0.1952,-0.8159,-0.5442,0.9545,0.0753,0.2885,-0.1945,-0.5761,0.7939,25.5,0.0321,0.663,0.193,0.34364,217.6,410.4,191.6,412.4,243.8,408.2,601,0.611,6
641,21.51,9.298,115.881,0.1959,-0.8096,-0.5533,0.9551,0.072,0.2874,-0.193,-0.585,0.7877,25.5,0.0302,0.627,0.202,0.32407,218.0,412.1,192.0,414.1,244.2,410.0,602,0.907,6
642,21.895,7.717,114.787,0.1959,-0.8028,-0.5631,0.9556,0.0687,0.2864,-0.1913,-0.5945,0.781,25.5,0.0292,0.673,0.2,0.34858,218.4,413.8,192.4,415.7,244.6,411.8,602,1.053,6
643,22.278,6.15,113.672,0.1951,-0.7956,-0.5735,0.9562,0.0654,0.2853,-0.1895,-0.6043,0.7739,25.5,0.0291,0.701,0.202,0.37031,218.8,415.4,192.8,417.2,245.0,413.6,603,0.795,6
644,22.66,4.596,112.538,0.1945,-0.7888,-0.583,0.9568,0.0621,0.2841,-0.188,-0.6134,0.7671,25.5,0.0285,0.657,0.204,0.34185,219.2,417.1,193.2,418.8,245.4,415.4,604,0.58,6
645,23.041,3.056,111.386,0.1941,-0.7823,-0.5918,0.9574,0.0587,0.2829,-0.1866,-0.6217,0.7607,25.5,0.0275,0.606,0.209,0.3199,219.6,418.7,193.5,420.3,245.8,417.1,605,0.409,6
646,23.422,1.528,110.218,0.1939,-0.7762,-0.6,0.9579,0.0553,0.2816,-0.1855,-0.6295,0.7545,25.5,0.0261,0.574,0.21,0.29865,219.9,420.4,193.9,421.9,246.2,418.9,606,0.281,6
647,23.802,0.012,109.034,0.1939,-0.7703,-0.6075,0.9586,0.0517,0.2802,-0.1844,-0.6369,0.7486,25.5,0.0242,0.546,0.225,0.27883,220.3,422.0,194.3,423.4,246.6,420.6,607,0.195,6
648,24.182,-1.493,107.835,0.1941,-0.7646,-0.6146,0.9592,0.0481,0.2787,-0.1835,-0.6437,0.7429,25.5,0.0219,0.511,0.226,0.2661,220.7,423.6,194.7,424.9,247.0,422.3,608,0.15,6
649,24.563,-2.987,106.624,0.1944,-0.7592,-0.6212,0.9598,0.0445,0.2771,-0.1828,-0.6502,0.7375,25.5,0.0193,0.486,0.228,0.24932,221.1,425.2,195.1,426.4,247.3,424.0,609,0.145,6
650,24.945,-4.471,105.4,0.195,-0.7539,-0.6274,0.9605,0.0407,0.2753,-0.1821,-0.6563,0.7322,25.5,0.0161,0.465,0.244,0.23896,221.5,426.7,195.5,427.8,247.7,425.7,610,0.177,6
651,25.328,-5.944,104.163,0.1957,-0.7481,-0.6341,0.9612,0.0367,0.2734,-0.1813,-0.663,0.7263,25.5,0.0127,0.514,0.257,0.25976,221.9,428.3,195.9,429.3,248.1,427.3,611,0.247,6
652,25.712,-7.404,102.912,0.1961,-0.741,-0.6423,0.9619,0.0327,0.2714,-0.1801,-0.6711,0.7192,25.5,0.0099,0.621,0.259,0.31713,222.3,429.9,196.3,430.7,248.5,429.0,612,0.353,6
653,26.097,-8.85,101.645,0.1964,-0.7344,-0.6497,0.9627,0.0285,0.2692,-0.1792,-0.6783,0.7126,25.5,0.0068,0.562,0.275,0.28986,222.7,431.4,196.6,432.1,248.9,430.6,613,0.494,6
654,26.482,-10.284,100.364,0.1966,-0.7283,-0.6564,0.9634,0.0242,0.2669,-0.1785,-0.6849,0.7065,25.5,0.0034,0.516,0.282,0.26481,223.0,432.9,197.0,433.5,249.3,432.3,614,0.666,6
655,26.868,-11.707,99.071,0.1966,-0.7228,-0.6625,0.9642,0.0197,0.2643,-0.178,-0.6907,0.7008,25.5,0.0002,0.467,0.301,0.24,223.4,434.4,197.4,434.9,249.7,433.9,615,0.866,6
656,27.253,-13.119,97.767,0.1964,-0.7178,-0.6679,0.9651,0.015,0.2616,-0.1777,-0.696,0.6957,25.5,0.0041,0.422,0.315,0.21512,223.8,435.9,197.8,436.2,250.1,435.5,617,0.623,6
657,27.638,-14.522,96.452,0.1961,-0.7134,-0.6728,0.9659,0.0102,0.2587,-0.1776,-0.7006,0.6911,25.5,0.0081,0.373,0.325,0.19261,224.2,437.3,198.2,437.6,250.4,437.1,618,0.359,6
658,28.022,-15.917,95.128,0.1956,-0.7094,-0.6771,0.9668,0.0052,0.2555,-0.1778,-0.7046,0.6869,25.5,0.0124,0.333,0.344,0.17221,224.6,438.8,198.5,438.9,250.8,438.7,619,0.08,6
659,28.405,-17.305,93.797,0.195,-0.706,-0.6808,0.9677,0.0,0.2521,-0.178,-0.7081,0.6833,25.5,0.0171,0.288,0.36,0.14787,225.0,440.3,198.9,440.2,251.2,440.3,620,0.212,6
660,28.786,-18.686,92.459,0.1942,-0.7031,-0.6841,0.9686,-0.0054,0.2485,-0.1785,-0.711,0.6801,25.5,0.0219,0.249,0.375,0.13046,225.3,441.7,199.3,441.5,251.6,441.9,621,0.512,6
661,29.167,-20.06,91.113,0.1946,-0.6975,-0.6896,0.9696,-0.0111,0.2446,-0.1783,-0.7165,0.6744,25.5,0.0278,0.454,0.4,0.22967,225.7,443.1,199.7,442.8,252.0,443.5,622,0.815,6
662,29.549,-21.422,89.754,0.195,-0.6917,-0.6954,0.9705,-0.0169,0.2404,-0.1782,-0.7222,0.6684,25.5,0.0338,0.474,0.414,0.23994,226.1,444.5,200.0,444.0,252.4,445.1,624,0.541,6
663,29.932,-22.773,88.386,0.195,-0.6866,-0.7004,0.9715,-0.023,0.236,-0.1783,-0.727,0.6631,25.5,0.0399,0.41,0.435,0.20869,226.5,445.9,200.4,445.3,252.7,446.7,625,0.248,6
664,30.314,-24.115,87.008,0.1945,-0.6823,-0.7047,0.9725,-0.0293,0.2312,-0.1786,-0.731,0.6586,25.5,0.0462,0.345,0.457,0.17828,226.9,447.3,200.8,446.5,253.1,448.2,626,0.036,6
665,30.694,-25.45,85.623,0.1936,-0.6788,-0.7083,0.9734,-0.0359,0.2261,-0.1791,-0.7343,0.6548,25.5,0.0527,0.29,0.481,0.14905,227.2,448.7,201.1,447.7,253.5,449.8,627,0.301,6
666,31.073,-26.778,84.231,0.1923,-0.6761,-0.7113,0.9744,-0.0426,0.2207,-0.1798,-0.7368,0.6517,25.5,0.0592,0.232,0.496,0.12389,227.6,450.1,201.5,448.9,253.9,451.3,628,0.547,6
667,31.448,-28.102,82.834,0.1906,-0.6741,-0.7136,0.9754,-0.0496,0.2149,-0.1807,-0.7386,0.6495,25.5,0.066,0.171,0.524,0.10197,228.0,451.5,201.9,450.0,254.2,452.9,629,0.771,6
668,31.82,-29.422,81.432,0.1884,-0.6729,-0.7153,0.9763,-0.0569,0.2087,-0.1816,-0.7397,0.648,25.5,0.0729,0.118,0.551,0.08848,228.3,452.8,202.2,451.2,254.6,454.4,631,0.822,6
669,32.187,-30.741,80.029,0.1857,-0.6725,-0.7164,0.9772,-0.0644,0.2021,-0.1826,-0.74,0.6473,25.5,0.08,0.072,0.575,0.08599,228.7,454.2,202.6,452.4,254.9,456.0,632,0.68,6
670,32.548,-32.06,78.623,0.1826,-0.6728,-0.717,0.9781,-0.0721,0.1951,-0.1836,-0.7397,0.6474,25.5,0.0872,0.06,0.598,0.09267,229.0,455.5,202.9,453.5,255.3,457.6,633,0.569,6
671,32.903,-33.379,77.216,0.1803,-0.6721,-0.7182,0.979,-0.0801,0.1877,-0.1845,-0.7403,0.6464,25.5,0.0955,0.084,0.627,0.07851,229.4,456.9,203.3,454.7,255.6,459.1,634,0.491,6
672,33.255,-34.696,75.806,0.1782,-0.6708,-0.7199,0.9797,-0.0883,0.1799,-0.1852,-0.7414,0.645,25.5,0.1043,0.11,0.65,0.0876,229.7,458.2,203.6,455.8,256.0,460.7,635,0.447,6
673,33.602,-36.009,74.392,0.1761,-0.6689,-0.7222,0.9804,-0.0967,0.1719,-0.186,-0.743,0.6429,25.5,0.1132,0.158,0.666,0.10659,230.1,459.6,204.0,456.9,256.3,462.2,636,0.438,6
674,33.945,-37.318,72.974,0.1741,-0.6664,-0.725,0.9809,-0.1053,0.1636,-0.1868,-0.7452,0.6402,25.5,0.1223,0.205,0.685,0.12428,230.4,460.9,204.3,458.0,256.6,463.8,637,0.465,6
675,34.285,-38.622,71.549,0.1721,-0.6633,-0.7283,0.9813,-0.1142,0.1553,-0.1878,-0.7479,0.6367,25.5,0.1315,0.26,0.698,0.14464,230.7,462.2,204.6,459.1,256.9,465.4,638,0.527,6
676,34.62,-39.919,70.117,0.1703,-0.6594,-0.7323,0.9815,-0.1232,0.1469,-0.189,-0.7512,0.6325,25.5,0.1408,0.314,0.705,0.17148,231.0,463.5,205.0,460.2,257.2,466.9,639,0.613,6
677,34.953,-41.208,68.676,0.1684,-0.6547,-0.7369,0.9815,-0.1324,0.1385,-0.1904,-0.7551,0.6273,25.5,0.1499,0.381,0.714,0.2,231.3,464.8,205.3,461.3,257.5,468.4,640,0.717,6
678,35.281,-42.486,67.226,0.1666,-0.649,-0.7423,0.9813,-0.1418,0.1303,-0.1923,-0.7598,0.6211,25.5,0.1588,0.459,0.715,0.23537,231.7,466.1,205.6,462.3,257.8,470.0,641,0.829,6
679,35.605,-43.754,65.766,0.1634,-0.6451,-0.7464,0.9809,-0.1514,0.1223,-0.1946,-0.7628,0.6167,25.5,0.1667,0.332,0.716,0.18996,232.0,467.4,206.0,463.3,258.0,471.5,642,0.941,6
680,35.922,-45.017,64.3,0.1594,-0.6428,-0.7493,0.9803,-0.1611,0.1146,-0.1974,-0.7644,0.6138,25.5,0.1739,0.248,0.71,0.15924,232.3,468.7,206.3,464.4,258.3,473.0,642,1.02,6
681,36.231,-46.273,62.826,0.1564,-0.6385,-0.7535,0.9794,-0.1709,0.1074,-0.2007,-0.7676,0.6087,25.5,0.1814,0.393,0.699,0.1963,232.5,469.9,206.6,465.4,258.5,474.5,643,0.917,6
682,36.536,-47.519,61.344,0.1546,-0.6323,-0.7592,0.9783,-0.1807,0.101,-0.2047,-0.7722,0.6015,25.5,0.1888,0.541,0.674,0.25161,232.8,471.2,207.0,466.4,258.7,476.0,644,0.832,6
683,36.838,-48.751,59.848,0.1541,-0.6239,-0.7662,0.977,-0.1905,0.0954,-0.2096,-0.7785,0.5917,25.5,0.1963,0.724,0.651,0.31984,233.1,472.4,207.3,467.3,259.0,477.5,645,0.773,6
684,37.141,-49.964,58.338,0.1549,-0.6132,-0.7746,0.9755,-0.2002,0.091,-0.2154,-0.7861,0.5793,25.5,0.2034,0.897,0.616,0.39816,233.4,473.6,207.7,468.3,259.2,479.0,646,0.746,6
685,37.446,-51.155,56.81,0.157,-0.6004,-0.7842,0.9738,-0.2097,0.088,-0.2222,-0.7951,0.5643,25.5,0.2098,1.075,0.579,0.47153,233.7,474.8,208.0,469.2,259.4,480.4,647,0.751,6
686,37.757,-52.318,55.262,0.1595,-0.5865,-0.7941,0.9719,-0.2191,0.0864,-0.23,-0.8044,0.5478,25.5,0.2149,1.174,0.557,0.50397,234.0,476.0,208.4,470.2,259.6,481.8,648,0.786,6
687,38.07,-53.456,53.697,0.1599,-0.5746,-0.8026,0.9698,-0.2282,0.0865,-0.2385,-0.8115,0.5335,25.5,0.2168,1.036,0.535,0.42747,234.2,477.1,208.7,471.0,259.8,483.2,649,0.852,6
688,38.384,-54.571,52.115,0.1604,-0.5629,-0.8108,0.9675,-0.237,0.0883,-0.2477,-0.8181,0.5189,25.5,0.217,1.059,0.531,0.41774,234.5,478.2,209.1,471.9,260.0,484.5,651,0.896,6
689,38.7,-55.664,50.517,0.1609,-0.5511,-0.8188,0.965,-0.2455,0.0918,-0.2576,-0.8243,0.5042,25.5,0.2154,1.076,0.546,0.41684,234.8,479.3,209.5,472.8,260.2,485.8,652,0.75,6
690,39.016,-56.733,48.904,0.1615,-0.5393,-0.8265,0.9624,-0.2536,0.0971,-0.2681,-0.8299,0.4892,25.5,0.2119,1.097,0.574,0.41205,235.1,480.3,209.9,473.6,260.4,487.1,653,0.579,6
691,39.333,-57.779,47.276,0.1622,-0.5275,-0.8339,0.9596,-0.2614,0.1042,-0.279,-0.8351,0.474,25.5,0.2066,1.112,0.625,0.40749,235.4,481.3,210.2,474.4,260.6,488.3,654,0.385,6
692,39.652,-58.801,45.633,0.1629,-0.5156,-0.8412,0.9566,-0.2687,0.1131,-0.2902,-0.8399,0.4586,25.5,0.1992,1.125,0.682,0.40846,235.7,482.3,210.6,475.2,260.8,489.5,655,0.173,6
693,39.975,-59.796,43.975,0.1672,-0.4983,-0.8507,0.9533,-0.2756,0.1239,-0.3017,-0.8473,0.4371,25.5,0.1913,1.46,0.758,0.59025,236.0,483.3,211.0,476.0,261.0,490.6,656,0.053,6
694,40.306,-60.757,42.298,0.1699,-0.4821,-0.8595,0.9497,-0.282,0.1363,-0.3132,-0.8534,0.4167,25.5,0.1802,1.387,0.826,0.54444,236.3,484.2,211.4,476.7,261.2,491.7,657,0.288,6
695,40.639,-61.689,40.605,0.1694,-0.4691,-0.8667,0.9458,-0.288,0.1503,-0.3245,-0.8569,0.4004,25.5,0.1651,1.154,0.901,0.43448,236.6,485.1,211.9,477.5,261.4,492.8,658,0.526,6
696,40.968,-62.6,38.9,0.1658,-0.4601,-0.8723,0.9415,-0.2936,0.1656,-0.3359,-0.858,0.3887,25.5,0.1467,0.938,0.965,0.32712,236.9,486.0,212.3,478.2,261.6,493.8,659,0.764,7
697,41.287,-63.496,37.186,0.1591,-0.4552,-0.8761,0.9368,-0.2989,0.1819,-0.3474,-0.8564,0.3819,25.5,0.1257,0.771,1.018,0.26674,237.2,486.8,212.7,478.9,261.7,494.8,661,0.742,7
698,41.59,-64.387,35.466,0.1494,-0.4545,-0.8781,0.9317,-0.3039,0.1991,-0.3593,-0.8523,0.38,25.5,0.1025,0.729,1.067,0.29011,237.4,487.7,213.1,479.6,261.9,495.8,662,0.535,7
699,41.878,-65.265,33.736,0.144,-0.4404,-0.8862,0.926,-0.3087,0.2171,-0.3703,-0.8545,0.3644,25.5,0.0769,1.101,1.116,0.50065,237.7,488.5,213.6,480.3,262.0,496.8,663,0.342,7
700,42.155,-66.118,31.992,0.1389,-0.4311,-0.8916,0.92,-0.3133,0.2357,-0.3814,-0.8541,0.3535,25.5,0.0527,0.892,1.15,0.34776,237.9,489.3,214.0,481.0,262.0,497.7,664,0.162,7
701,42.422,-66.959,30.241,0.1336,-0.4272,-0.8942,0.9133,-0.3176,0.2548,-0.3931,-0.8511,0.3479,25.5,0.0299,0.763,1.186,0.20672,238.1,490.1,214.4,481.6,262.1,498.6,665,0.017,7
702,42.679,-67.797,28.487,0.1279,-0.4288,-0.8943,0.9062,-0.3218,0.2743,-0.4054,-0.8455,0.3475,25.5,0.0086,0.775,1.213,0.173,238.4,490.9,214.8,482.3,262.1,499.5,666,0.182,7
703,42.924,-68.644,26.735,0.1217,-0.4362,-0.8916,0.8985,-0.3257,0.2943,-0.4188,-0.837,0.3523,25.5,0.011,0.95,1.248,0.2929,238.6,491.7,215.2,483.0,262.1,500.4,667,0.35,7
704,43.156,-69.512,24.992,0.1147,-0.4501,-0.8856,0.8902,-0.3294,0.3146,-0.4335,-0.8248,0.363,25.5,0.0282,1.255,1.274,0.48739,238.8,492.5,215.7,483.7,262.1,501.4,668,0.52,7
705,43.369,-70.396,23.255,0.103,-0.4511,-0.8865,0.8814,-0.333,0.3351,-0.4471,-0.8172,0.3638,25.5,0.0561,0.894,1.295,0.34412,238.9,493.3,216.1,484.4,262.0,502.3,669,0.697,7
706,43.562,-71.284,21.517,0.0947,-0.4556,-0.8851,0.8719,-0.3364,0.3558,-0.4613,-0.808,0.3666,25.5,0.0791,0.983,1.319,0.27891,239.1,494.1,216.5,485.1,261.9,503.2,671,0.881,7
707,43.743,-72.185,19.785,0.0903,-0.4646,-0.8809,0.8619,-0.3396,0.3766,-0.4763,-0.7969,0.3715,25.5,0.0961,1.105,1.335,0.3174,239.2,495.0,216.9,485.9,261.8,504.2,672,0.676,7
708,43.919,-73.109,18.065,0.0901,-0.4783,-0.8736,0.8513,-0.3427,0.3974,-0.4923,-0.7839,0.3785,25.5,0.1066,1.247,1.349,0.45362,239.4,495.9,217.3,486.7,261.7,505.2,673,0.464,7
709,44.099,-74.065,16.362,0.0944,-0.4972,-0.8625,0.8401,-0.3457,0.4181,-0.5091,-0.7686,0.3873,25.5,0.1094,1.396,1.359,0.65264,239.5,496.7,217.7,487.5,261.5,506.1,674,0.249,7
710,44.282,-75.054,14.679,0.0915,-0.5109,-0.8547,0.8283,-0.3486,0.4387,-0.526,-0.7536,0.3942,25.5,0.1211,1.354,1.37,0.46841,239.6,497.7,218.2,488.3,261.4,507.2,675,0.034,7
711,44.46,-76.07,13.011,0.0905,-0.526,-0.8457,0.816,-0.3514,0.459,-0.5432,-0.7378,0.4008,25.5,0.1295,1.391,1.369,0.51449,239.8,498.6,218.7,489.2,261.2,508.2,676,0.182,7
712,44.64,-77.118,11.364,0.0936,-0.5438,-0.834,0.8032,-0.3542,0.4791,-0.5608,-0.7209,0.4072,25.5,0.1318,1.445,1.375,0.62893,239.9,499.6,219.1,490.1,261.0,509.3,677,0.393,7
713,44.83,-78.204,9.742,0.101,-0.5643,-0.8194,0.7899,-0.3569,0.4987,-0.5785,-0.7033,0.4131,25.5,0.1275,1.47,1.366,0.76657,240.1,500.6,219.6,491.0,260.8,510.4,678,0.596,7
714,45.038,-79.332,8.152,0.1104,-0.5845,-0.8039,0.7763,-0.3595,0.5179,-0.596,-0.6862,0.4171,25.5,0.1205,1.421,1.356,0.79309,240.2,501.7,220.2,492.0,260.6,511.6,679,0.788,7
715,45.261,-80.497,6.591,0.1171,-0.6047,-0.7878,0.7623,-0.362,0.5365,-0.6136,-0.6678,0.4213,25.5,0.1145,1.479,1.342,0.77978,240.4,502.8,220.7,493.0,260.4,512.8,681,0.86,7
716,45.496,-81.705,5.064,0.1221,-0.6274,-0.7691,0.7481,-0.3644,0.5546,-0.6318,-0.6467,0.4273,25.5,0.1066,1.633,1.325,0.87176,240.6,503.9,221.3,494.0,260.3,514.0,682,0.759,7
717,45.738,-82.958,3.576,0.1249,-0.6514,-0.7484,0.7338,-0.3665,0.572,-0.6501,-0.6236,0.4343,25.5,0.0977,1.736,1.296,0.92974,240.8,505.1,221.9,495.2,260.1,515.2,683,0.708,7
718,45.987,-84.258,2.129,0.1292,-0.6741,-0.7273,0.7193,-0.3685,0.5889,-0.6675,-0.6015,0.4389,25.5,0.087,1.633,1.281,0.91429,241.0,506.4,222.4,496.3,259.9,516.6,684,0.719,7
719,46.244,-85.601,0.724,0.133,-0.6953,-0.7063,0.7048,-0.3701,0.6052,-0.6842,-0.58,0.4421,25.5,0.0764,1.571,1.253,0.87903,241.3,507.6,223.0,497.5,259.8,517.9,685,0.802,7
720,46.506,-86.984,-0.641,0.134,-0.7155,-0.6856,0.6904,-0.3715,0.6208,-0.7005,-0.5578,0.4452,25.5,0.0673,1.588,1.219,0.84567,241.5,509.0,223.6,498.8,259.7,519.3,686,0.968,7
721,46.768,-88.407,-1.965,0.1323,-0.7348,-0.6653,0.6759,-0.3724,0.6359,-0.7163,-0.5348,0.4482,25.5,0.06,1.608,1.201,0.82,241.7,510.3,224.2,500.1,259.5,520.7,686,0.993,7
722,47.026,-89.865,-3.25,0.1325,-0.7527,-0.6449,0.6616,-0.373,0.6505,-0.7311,-0.5135,0.4492,25.5,0.0511,1.487,1.171,0.7931,241.9,511.7,224.8,501.5,259.4,522.1,687,0.73,7
723,47.286,-91.358,-4.494,0.1325,-0.77,-0.6242,0.6474,-0.3731,0.6646,-0.7452,-0.4926,0.4495,25.5,0.0418,1.445,1.147,0.78827,242.2,513.1,225.4,502.9,259.2,523.6,688,0.355,7
724,47.544,-92.884,-5.698,0.1299,-0.7866,-0.6036,0.6334,-0.3727,0.6782,-0.7589,-0.4707,0.4501,25.5,0.0339,1.48,1.119,0.77678,242.4,514.6,226.0,504.3,259.1,525.1,689,0.153,7
725,47.795,-94.443,-6.862,0.1251,-0.8027,-0.5832,0.6195,-0.3716,0.6914,-0.772,-0.4479,0.451,25.5,0.0274,1.508,1.1,0.77224,242.6,516.1,226.6,505.8,259.0,526.5,690,0.814,7
726,48.034,-96.032,-7.985,0.1196,-0.8183,-0.5622,0.6059,-0.3699,0.7043,-0.7845,-0.425,0.4517,25.5,0.0208,1.495,1.078,0.78112,242.8,517.6,227.1,507.4,258.8,528.1,690,1.147,7
727,48.265,-97.651,-9.066,0.1158,-0.8328,-0.5413,0.5925,-0.3674,0.7169,-0.796,-0.4038,0.4509,25.5,0.0135,1.383,1.064,0.75158,243.0,519.2,227.7,509.0,258.7,529.6,691,0.31,7
728,48.488,-99.297,-10.109,0.1119,-0.8452,-0.5225,0.5793,-0.3642,0.7292,-0.8067,-0.3843,0.4489,25.5,0.0084,1.28,1.05,0.66791,243.2,520.7,228.2,510.6,258.6,531.1,692,0.725,7
729,48.704,-100.965,-11.117,0.1078,-0.8558,-0.5059,0.5664,-0.3604,0.7412,-0.8166,-0.3665,0.4459,25.5,0.0055,1.18,1.033,0.58787,243.4,522.3,228.7,512.3,258.4,532.6,692,1.236,7
730,48.911,-102.652,-12.095,0.1038,-0.8647,-0.4915,0.5536,-0.3558,0.7529,-0.8259,-0.3502,0.4418,25.5,0.0049,1.101,1.028,0.50828,243.6,524.0,229.2,514.0,258.3,534.2,693,0.021,7
731,49.106,-104.357,-13.043,0.0946,-0.8748,-0.4751,0.5411,-0.3507,0.7644,-0.8353,-0.3294,0.4402,25.5,0.0052,1.311,1.016,0.62371,243.8,525.6,229.7,515.7,258.1,535.7,694,1.517,7
732,49.285,-106.081,-13.959,0.0882,-0.8837,-0.4597,0.5287,-0.3449,0.7756,-0.8439,-0.3115,0.4368,25.5,0.0051,1.154,1.013,0.55238,243.9,527.3,230.1,517.5,258.0,537.2,694,0.444,7
733,49.456,-107.821,-14.848,0.0869,-0.8906,-0.4465,0.5164,-0.3385,0.7866,-0.8516,-0.2989,0.4305,25.5,0.0049,0.92,1.014,0.43681,244.1,528.9,230.6,519.3,257.8,538.8,695,1.32,7
734,49.629,-109.573,-15.712,0.0903,-0.8959,-0.435,0.5043,-0.3316,0.7973,-0.8586,-0.2914,0.4218,25.5,0.0042,0.771,1.006,0.3831,244.2,530.6,231.0,521.1,257.6,540.3,695,0.642,7
735,49.813,-111.334,-16.555,0.0984,-0.8998,-0.425,0.4922,-0.3243,0.8078,-0.8647,-0.2887,0.411,25.5,0.0031,0.727,1.009,0.39291,244.4,532.3,231.5,523.0,257.5,541.9,696,1.379,7
736,50.017,-113.101,-17.379,0.1069,-0.9036,-0.4147,0.4802,-0.3165,0.8181,-0.8705,-0.2866,0.4001,25.5,0.0019,0.718,1.01,0.40575,244.5,534.0,232.0,524.8,257.4,543.4,696,0.582,7
737,50.226,-114.879,-18.179,0.107,-0.9094,-0.402,0.4681,-0.3083,0.8282,-0.877,-0.2768,0.3927,25.5,0.0025,0.796,1.018,0.40797,244.7,535.7,232.5,526.7,257.3,544.9,697,1.657,7
738,50.439,-116.666,-18.957,0.1114,-0.9135,-0.3912,0.456,-0.2998,0.838,-0.8828,-0.2718,0.3832,25.5,0.0032,0.699,1.016,0.36118,244.9,537.5,233.0,528.6,257.2,546.5,697,0.305,7
739,50.666,-118.461,-19.714,0.1202,-0.9164,-0.3819,0.4438,-0.2909,0.8476,-0.8878,-0.2714,0.3717,25.5,0.0038,0.719,1.025,0.38357,245.1,539.2,233.5,530.5,257.0,548.0,698,2.117,7
740,50.914,-120.259,-20.455,0.1337,-0.9178,-0.3738,0.4316,-0.2819,0.8569,-0.8918,-0.2759,0.3584,25.5,0.0039,0.837,1.019,0.46184,245.3,540.9,234.0,532.5,257.0,549.5,698,0.157,7
741,51.194,-122.06,-21.181,0.1528,-0.9177,-0.3668,0.4192,-0.2725,0.866,-0.8947,-0.2861,0.3431,25.5,0.0035,1.067,1.033,0.59434,245.6,542.6,234.6,534.4,256.9,551.1,698,1.805,7
742,51.512,-123.859,-21.892,0.1693,-0.9183,-0.3579,0.4067,-0.263,0.8749,-0.8975,-0.2937,0.329,25.5,0.0028,0.932,1.034,0.54813,245.9,544.4,235.2,536.3,256.9,552.6,699,0.764,7
743,51.858,-125.661,-22.584,0.1836,-0.9194,-0.3478,0.3941,-0.2533,0.8835,-0.9004,-0.2992,0.3158,25.5,0.002,0.836,1.036,0.51255,246.2,546.1,235.8,538.3,256.9,554.1,699,1.198,7
744,52.234,-127.464,-23.257,0.2008,-0.9194,-0.3381,0.3812,-0.2435,0.8918,-0.9023,-0.308,0.3016,25.5,0.0011,0.963,1.043,0.57702,246.6,547.8,236.5,540.2,256.9,555.6,700,1.489,7
745,52.647,-129.266,-23.911,0.2213,-0.9181,-0.3289,0.3682,-0.2336,0.8999,-0.903,-0.3203,0.2864,25.5,0.0,1.121,1.045,0.65767,247.0,549.6,237.2,542.2,257.0,557.1,700,0.473,7
746,53.104,-131.063,-24.547,0.2454,-0.9151,-0.3201,0.355,-0.2235,0.9077,-0.9022,-0.3364,0.27,25.5,0.0011,1.318,1.052,0.7548,247.4,551.3,237.9,544.1,257.1,558.7,701,2.309,7
747,53.61,-132.854,-25.165,0.2693,-0.9119,-0.3097,0.3417,-0.2134,0.9153,-0.9007,-0.3523,0.2541,25.5,0.0032,1.291,1.051,0.76735,247.9,553.0,238.7,546.1,257.3,560.2,701,0.35,7
748,54.16,-134.639,-25.761,0.2927,-0.9084,-0.2986,0.3281,-0.2032,0.9225,-0.8987,-0.368,0.2386,25.5,0.0052,1.269,1.058,0.7637,248.4,554.7,239.6,548.0,257.4,561.6,701,1.614,7
749,54.758,-136.416,-26.336,0.3171,-0.9037,-0.2878,0.3143,-0.1929,0.9295,-0.8955,-0.3852,0.2229,25.5,0.0065,1.347,1.065,0.79167,249.0,556.4,240.5,549.9,257.7,563.1,702,1.247,7
750,55.404,-138.182,-26.891,0.3422,-0.8977,-0.2776,0.3004,-0.1827,0.9362,-0.8911,-0.4038,0.2071,25.5,0.0069,1.421,1.06,0.81088,249.6,558.1,241.4,551.9,258.0,564.6,702,0.717,7
751,56.1,-139.935,-27.426,0.3672,-0.8907,-0.2679,0.2863,-0.1724,0.9425,-0.8857,-0.4228,0.1917,25.5,0.0062,1.435,1.064,0.80984,250.3,559.8,242.4,553.8,258.3,566.1,703,2.216,7
752,56.844,-141.675,-27.94,0.3922,-0.8833,-0.2569,0.2719,-0.1622,0.9485,-0.8795,-0.4418,0.1766,25.5,0.0062,1.435,1.068,0.82691,251.0,561.5,243.5,555.7,258.6,567.5,703,0.257,7
753,57.64,-143.398,-28.432,0.4192,-0.8744,-0.2445,0.2575,-0.152,0.9543,-0.8715,-0.463,0.1614,25.5,0.0075,1.563,1.064,0.90632,251.7,563.2,244.6,557.5,259.1,568.9,703,1.707,7
754,58.489,-145.103,-28.898,0.4476,-0.8639,-0.2309,0.2428,-0.1419,0.9596,-0.8618,-0.4857,0.1463,25.5,0.0097,1.658,1.066,0.96996,252.6,564.8,245.8,559.4,259.5,570.4,704,1.295,7
755,59.396,-146.785,-29.337,0.477,-0.8518,-0.2165,0.228,-0.1318,0.9647,-0.8503,-0.5096,0.1313,25.5,0.0122,1.746,1.067,1.01992,253.4,566.4,247.0,561.3,260.0,571.8,704,0.666,7
756,60.36,-148.443,-29.747,0.5055,-0.8388,-0.2022,0.213,-0.1219,0.9694,-0.8379,-0.5331,0.1171,25.5,0.0139,1.726,1.064,1.00629,254.4,568.0,248.3,563.1,260.6,573.1,705,2.396,7
757,61.376,-150.075,-30.13,0.5304,-0.8265,-0.1887,0.1979,-0.1121,0.9738,-0.826,-0.5539,0.1041,25.5,0.0139,1.562,1.062,0.90233,255.4,569.6,249.7,564.9,261.2,574.5,705,0.435,7
758,62.438,-151.684,-30.488,0.5523,-0.8149,-0.1759,0.1827,-0.1024,0.9778,-0.8149,-0.5722,0.0924,25.5,0.0124,1.398,1.058,0.81505,256.4,571.2,251.1,566.6,261.9,575.8,705,1.527,7
759,63.54,-153.272,-30.821,0.5717,-0.804,-0.1637,0.1674,-0.0928,0.9815,-0.8043,-0.5886,0.0815,25.5,0.0096,1.281,1.056,0.74154,257.5,572.7,252.5,568.4,262.6,577.1,706,1.578,7
760,64.681,-154.836,-31.13,0.5921,-0.7915,-0.1515,0.152,-0.0833,0.9849,-0.7922,-0.6061,0.071,25.5,0.0067,1.359,1.055,0.78475,258.6,574.2,254.0,570.1,263.3,578.4,706,0.387,7
761,65.862,-156.375,-31.414,0.6124,-0.7783,-0.1383,0.1365,-0.0739,0.9879,-0.7791,-0.6239,0.061,25.5,0.0045,1.39,1.053,0.80589,259.7,575.7,255.5,571.8,264.1,579.7,706,2.346,7
762,67.083,-157.888,-31.672,0.633,-0.7641,-0.124,0.1209,-0.0647,0.9906,-0.7649,-0.6421,0.0515,25.5,0.0031,1.43,1.049,0.84213,260.9,577.2,257.0,573.4,264.9,581.0,707,0.79,7
763,68.345,-159.371,-31.9,0.654,-0.7487,-0.1084,0.1053,-0.0556,0.9929,-0.7494,-0.6608,0.0425,25.5,0.0029,1.484,1.043,0.8871,262.2,578.6,258.6,575.1,265.8,582.2,707,1.173,7
764,69.646,-160.824,-32.099,0.6733,-0.7333,-0.0946,0.0896,-0.0466,0.9949,-0.734,-0.6783,0.0343,25.5,0.0004,1.416,1.043,0.82655,263.4,580.0,260.3,576.7,266.7,583.4,708,1.981,7
765,70.985,-162.247,-32.27,0.6924,-0.7171,-0.0797,0.0739,-0.0379,0.9965,-0.7177,-0.6959,0.0268,25.5,0.0011,1.44,1.033,0.85156,264.7,581.4,262.0,578.3,267.6,584.6,708,0.036,7
766,72.362,-163.636,-32.41,0.7116,-0.6997,-0.0636,0.0581,-0.0293,0.9979,-0.7001,-0.7138,0.0198,25.5,0.0016,1.493,1.034,0.8914,266.1,582.7,263.7,579.8,268.6,585.7,708,1.942,7
767,73.776,-164.99,-32.518,0.7311,-0.6808,-0.046,0.0424,-0.021,0.9989,-0.681,-0.7322,0.0135,25.5,0.0007,1.562,1.019,0.94563,267.5,584.1,265.4,581.3,269.6,586.9,709,1.217,7
768,75.229,-166.305,-32.591,0.7505,-0.6602,-0.0283,0.0266,-0.0128,0.9996,-0.6603,-0.751,0.0079,25.5,0.0001,1.634,1.021,0.97534,268.9,585.3,267.2,582.8,270.6,588.0,709,0.746,7
769,76.718,-167.579,-32.63,0.7683,-0.64,-0.0112,0.0109,-0.0049,0.9999,-0.64,-0.7683,0.0032,25.5,0.0003,1.552,1.007,0.93202,270.4,586.6,269.0,584.2,271.7,589.0,710,2.41,7
770,78.241,-168.815,-32.635,0.7844,-0.6202,0.0055,-0.0049,0.0028,1.0,-0.6202,-0.7844,-0.0008,25.5,0.0001,1.48,1.007,0.89124,271.8,587.8,270.9,585.6,272.8,590.1,710,0.45,7
771,79.793,-170.012,-32.608,0.7991,-0.6008,0.0219,-0.0206,0.0102,0.9997,-0.6008,-0.7994,-0.0042,25.5,0.0007,1.419,0.995,0.85763,273.4,589.0,272.8,586.9,274.0,591.1,710,1.515,7
772,81.373,-171.172,-32.55,0.8123,-0.582,0.0374,-0.0362,0.0175,0.9992,-0.5822,-0.813,-0.0069,25.5,0.0022,1.329,0.987,0.80979,274.9,590.1,274.7,588.3,275.1,592.1,711,1.632,7
773,82.98,-172.293,-32.46,0.8262,-0.5608,0.0542,-0.0518,0.0245,0.9984,-0.5612,-0.8276,-0.0088,25.5,0.0024,1.47,0.981,0.88868,276.5,591.2,276.7,589.5,276.3,593.0,711,0.333,7
774,84.614,-173.369,-32.336,0.8408,-0.5364,0.0727,-0.0674,0.0313,0.9972,-0.5372,-0.8434,-0.0098,25.5,0.001,1.647,0.977,0.9913,278.1,592.3,278.6,590.7,277.6,593.9,711,2.292,7
775,86.278,-174.394,-32.174,0.8559,-0.5087,0.0928,-0.0828,0.0378,0.9958,-0.5101,-0.86,-0.0097,25.5,0.0023,1.821,0.961,1.09319,279.8,593.3,280.6,591.9,278.9,594.8,712,0.846,7
776,87.97,-175.363,-31.971,0.8702,-0.4793,0.114,-0.0982,0.0441,0.9942,-0.4816,-0.8764,-0.0087,25.5,0.0067,1.885,0.958,1.13873,281.4,594.3,282.7,593.0,280.2,595.6,712,1.116,7
777,89.689,-176.275,-31.729,0.8821,-0.452,0.1329,-0.1134,0.05,0.9923,-0.4552,-0.8904,-0.0072,25.5,0.0092,1.714,0.941,1.03071,283.1,595.2,284.7,594.1,281.5,596.4,713,2.014,7
778,91.428,-177.137,-31.452,0.8919,-0.4269,0.149,-0.1285,0.0557,0.9901,-0.431,-0.9023,-0.0052,25.5,0.0091,1.549,0.933,0.91724,284.9,596.1,286.8,595.1,282.8,597.1,713,0.066,7
779,93.186,-177.951,-31.146,0.9002,-0.404,0.1627,-0.1435,0.0611,0.9878,-0.4091,-0.9125,-0.0029,25.5,0.0069,1.391,0.923,0.81661,286.6,596.9,288.9,596.1,284.2,597.8,713,1.91,7
780,94.958,-178.722,-30.814,0.9071,-0.3824,0.1759,-0.1584,0.0664,0.9851,-0.3884,-0.9215,-0.0003,25.5,0.0042,1.302,0.919,0.76669,288.4,597.7,291.0,597.0,285.6,598.5,714,1.21,7
781,96.743,-179.449,-30.456,0.9139,-0.3589,0.1899,-0.1731,0.0715,0.9823,-0.3661,-0.9306,0.0032,25.5,0.0027,1.394,0.906,0.82363,290.1,598.5,293.1,597.8,287.1,599.1,714,0.754,7
782,98.541,-180.128,-30.07,0.9205,-0.3332,0.2041,-0.1877,0.0763,0.9793,-0.3418,-0.9397,0.0077,25.5,0.0017,1.509,0.897,0.87939,291.9,599.2,295.3,598.7,288.5,599.7,715,2.349,7
783,100.353,-180.754,-29.655,0.927,-0.3049,0.2186,-0.2021,0.081,0.976,-0.3153,-0.9489,0.0135,25.5,0.0013,1.641,0.888,0.9484,293.7,599.8,297.4,599.4,289.9,600.2,715,0.389,7
784,102.176,-181.323,-29.212,0.9325,-0.2756,0.2334,-0.2164,0.0854,0.9726,-0.288,-0.9574,0.02,25.5,0.0017,1.68,0.879,0.97264,295.5,600.4,299.6,600.2,291.4,600.7,715,1.573,7
785,104.009,-181.836,-28.74,0.9366,-0.2481,0.2474,-0.2305,0.0897,0.9689,-0.2626,-0.9645,0.0268,25.5,0.0016,1.561,0.871,0.90965,297.4,601.0,301.7,600.8,292.9,601.1,716,1.507,7
786,105.849,-182.296,-28.242,0.9401,-0.2202,0.2604,-0.2444,0.0937,0.9651,-0.2369,-0.9709,0.0343,25.5,0.0009,1.577,0.857,0.90521,299.2,601.5,303.9,601.4,294.4,601.5,716,0.455,7
787,107.695,-182.699,-27.72,0.9429,-0.1915,0.2726,-0.2582,0.0976,0.9612,-0.2106,-0.9766,0.0426,25.5,0.0001,1.614,0.851,0.91494,301.1,601.9,306.1,602.0,295.9,601.9,716,2.416,7
788,109.546,-183.046,-27.174,0.945,-0.1615,0.2845,-0.2717,0.1013,0.957,-0.1834,-0.9817,0.0518,25.5,0.0008,1.671,0.837,0.9451,302.9,602.3,308.2,602.5,297.5,602.2,717,0.633,7
789,111.4,-183.334,-26.604,0.9457,-0.1321,0.2969,-0.2851,0.1048,0.9528,-0.1569,-0.9857,0.0614,25.5,0.0006,1.631,0.829,0.93261,304.8,602.7,310.4,602.9,299.0,602.4,717,1.33,7
790,113.255,-183.564,-26.01,0.9458,-0.1028,0.3082,-0.2983,0.1081,0.9483,-0.1308,-0.9888,0.0716,25.5,0.001,1.615,0.821,0.91767,306.6,602.9,312.6,603.3,300.5,602.6,718,1.677,7
791,115.109,-183.736,-25.396,0.9451,-0.0734,0.3184,-0.3113,0.1113,0.9438,-0.1047,-0.9911,0.0824,25.5,0.0019,1.624,0.809,0.90956,308.5,603.2,314.8,603.6,302.1,602.8,718,0.289,7
792,116.961,-183.851,-24.762,0.9438,-0.0434,0.3277,-0.3242,0.1144,0.939,-0.0782,-0.9925,0.0939,25.5,0.0032,1.657,0.808,0.91858,310.4,603.4,316.9,603.8,303.6,602.9,718,2.247,7
793,118.809,-183.908,-24.11,0.9411,-0.0142,0.3377,-0.3368,0.1173,0.9342,-0.0529,-0.993,0.1056,25.5,0.0031,1.597,0.79,0.90541,312.2,603.5,319.1,604.0,305.2,602.9,719,0.711,7
794,120.651,-183.906,-23.438,0.9377,0.0161,0.3471,-0.3493,0.1201,0.9293,-0.0267,-0.9926,0.1183,25.5,0.003,1.668,0.786,0.93235,314.1,603.5,321.3,604.2,306.8,602.9,719,1.253,7
795,122.486,-183.844,-22.749,0.9334,0.0477,0.3555,-0.3616,0.1228,0.9242,0.0005,-0.9913,0.1319,25.5,0.0031,1.744,0.778,0.96373,316.0,603.5,323.4,604.3,308.3,602.8,720,1.649,7
796,124.312,-183.718,-22.044,0.9283,0.0807,0.3631,-0.3737,0.1253,0.9191,0.0286,-0.9888,0.1465,25.5,0.0031,1.82,0.766,1.00076,317.8,603.5,325.5,604.3,309.9,602.7,720,0.314,7
797,126.126,-183.528,-21.325,0.9218,0.1124,0.3711,-0.3855,0.1278,0.9138,0.0553,-0.9854,0.1611,25.5,0.0019,1.754,0.755,0.97404,319.6,603.4,327.7,604.3,311.4,602.5,720,2.274,7
798,127.926,-183.277,-20.59,0.9145,0.1438,0.3783,-0.3972,0.13,0.9085,0.0814,-0.981,0.176,25.5,0.0009,1.74,0.747,0.96523,321.5,603.2,329.8,604.2,313.0,602.2,721,0.578,7
799,129.712,-182.964,-19.843,0.9065,0.1758,0.3839,-0.4087,0.1322,0.9031,0.108,-0.9755,0.1917,25.5,0.0005,1.798,0.739,0.97763,323.3,603.0,331.9,604.0,314.5,601.9,721,1.384,7
800,131.48,-182.587,-19.086,0.8977,0.2086,0.388,-0.4199,0.1343,0.8976,0.1351,-0.9687,0.2081,25.5,0.0007,1.856,0.725,0.99963,325.1,602.7,333.9,603.8,316.0,601.5,722,1.424,7
801,133.231,-182.145,-18.321,0.8877,0.2415,0.3921,-0.4309,0.1362,0.892,0.1621,-0.9608,0.225,25.5,0.0001,1.88,0.716,1.01197,326.9,602.3,336.0,603.5,317.5,601.1,722,0.538,7
802,134.961,-181.641,-17.548,0.8767,0.2728,0.3963,-0.4417,0.138,0.8865,0.1871,-0.9522,0.2415,25.5,0.0017,1.786,0.702,0.97715,328.7,601.9,338.0,603.1,319.0,600.6,723,2.226,7
803,136.67,-181.076,-16.768,0.8656,0.3029,0.3986,-0.4524,0.1397,0.8808,0.2111,-0.9428,0.258,25.5,0.0018,1.754,0.701,0.9399,330.4,601.4,340.0,602.7,320.5,600.1,723,0.266,7
804,138.356,-180.453,-15.986,0.8545,0.3323,0.3992,-0.4628,0.1413,0.8751,0.2344,-0.9326,0.2746,25.5,0.0008,1.74,0.686,0.91851,332.1,600.9,342.0,602.2,322.0,599.5,723,1.696,7
805,140.021,-179.773,-15.204,0.8432,0.3613,0.3981,-0.473,0.1429,0.8694,0.2572,-0.9214,0.2914,25.5,0.0011,1.745,0.676,0.91008,333.8,600.3,344.0,601.7,323.5,598.8,724,1.024,7
806,141.661,-179.037,-14.422,0.8301,0.3892,0.3993,-0.4831,0.1443,0.8636,0.2785,-0.9098,0.3078,25.5,0.0,1.678,0.672,0.9014,335.5,599.6,345.9,601.1,324.9,598.1,724,0.939,7
807,143.276,-178.247,-13.639,0.8168,0.4171,0.3986,-0.4929,0.1456,0.8578,0.2997,-0.8971,0.3245,25.5,0.0,1.709,0.657,0.90339,337.2,598.9,347.8,600.4,326.3,597.3,725,1.734,7
808,144.864,-177.402,-12.86,0.8031,0.4452,0.3961,-0.5026,0.1468,0.8519,0.3211,-0.8832,0.3417,25.5,0.0008,1.763,0.654,0.91639,338.8,598.1,349.7,599.7,327.7,596.5,725,0.231,7
809,146.425,-176.5,-12.087,0.7886,0.474,0.3916,-0.5122,0.148,0.846,0.3431,-0.8678,0.3595,25.5,0.0025,1.846,0.649,0.95138,340.4,597.3,351.6,599.0,329.1,595.6,725,2.189,7
810,147.956,-175.543,-11.324,0.7729,0.5023,0.3878,-0.5215,0.1491,0.8401,0.3642,-0.8515,0.3772,25.5,0.0024,1.834,0.634,0.95224,342.0,596.4,353.4,598.1,330.4,594.7,726,0.433,7
811,149.456,-174.531,-10.567,0.7565,0.5294,0.384,-0.5307,0.1501,0.8342,0.384,-0.8348,0.3945,25.5,0.0017,1.785,0.629,0.93226,343.6,595.5,355.2,597.3,331.7,593.7,726,1.531,7
812,150.923,-173.466,-9.819,0.7397,0.5565,0.3782,-0.5398,0.151,0.8282,0.4038,-0.8168,0.4121,25.5,0.002,1.835,0.627,0.94701,345.1,594.5,356.9,596.3,333.0,592.7,727,1.033,7
813,152.356,-172.348,-9.085,0.7225,0.5837,0.3705,-0.5487,0.1518,0.8221,0.4237,-0.7973,0.43,25.5,0.0032,1.897,0.62,0.96702,346.6,593.5,358.6,595.3,334.3,591.6,727,0.93,7
814,153.756,-171.177,-8.367,0.7042,0.6112,0.3613,-0.5574,0.1526,0.8161,0.4436,-0.7761,0.4482,25.5,0.0044,1.965,0.607,1.00201,348.0,592.4,360.3,594.3,335.5,590.5,728,1.571,7
815,155.117,-169.953,-7.666,0.6845,0.6374,0.3537,-0.5661,0.1533,0.81,0.4621,-0.7547,0.4658,25.5,0.0033,1.909,0.61,0.98335,349.5,591.2,361.9,593.2,336.7,589.3,728,0.393,7
816,156.44,-168.678,-6.981,0.6647,0.6629,0.3447,-0.5745,0.1539,0.8039,0.4798,-0.7323,0.4832,25.5,0.0027,1.916,0.596,0.9794,350.8,590.0,363.5,592.0,337.9,588.0,729,2.047,7
817,157.724,-167.354,-6.316,0.6448,0.6875,0.3341,-0.5829,0.1544,0.7977,0.4968,-0.7091,0.5003,25.5,0.0032,1.917,0.599,0.97512,352.2,588.8,365.1,590.8,339.0,586.7,729,0.095,7
818,158.968,-165.982,-5.672,0.6248,0.7113,0.3222,-0.5912,0.1549,0.7915,0.5131,-0.685,0.5173,25.5,0.0042,1.931,0.594,0.97269,353.5,587.5,366.6,589.5,340.1,585.3,729,1.876,7
819,160.173,-164.565,-5.051,0.6033,0.7343,0.3113,-0.5993,0.1552,0.7853,0.5283,-0.6603,0.5337,25.5,0.0031,1.909,0.585,0.97354,354.7,586.1,368.0,588.2,341.1,584.0,730,0.508,7
820,161.335,-163.103,-4.452,0.5818,0.756,0.2999,-0.6074,0.1555,0.7791,0.5424,-0.6354,0.5496,25.5,0.0022,1.876,0.585,0.95276,355.9,584.7,369.5,586.8,342.1,582.5,730,1.456,7
821,162.455,-161.6,-3.876,0.5605,0.7767,0.2872,-0.6153,0.1556,0.7728,0.5556,-0.6099,0.5651,25.5,0.0021,1.87,0.579,0.94399,357.1,583.3,370.8,585.4,343.1,581.0,731,0.875,7
822,163.533,-160.058,-3.326,0.5393,0.7966,0.2731,-0.6231,0.1556,0.7665,0.5681,-0.5836,0.5803,25.5,0.0028,1.882,0.574,0.94433,358.2,581.8,372.2,584.0,344.0,579.5,731,1.088,7
823,164.57,-158.477,-2.806,0.5174,0.8158,0.2585,-0.6309,0.1555,0.7601,0.5799,-0.5564,0.5951,25.5,0.0031,1.899,0.578,0.95206,359.3,580.2,373.5,582.5,344.9,577.9,732,1.191,7
824,165.561,-156.859,-2.312,0.4945,0.8339,0.2452,-0.6386,0.1552,0.7537,0.5905,-0.5293,0.6093,25.5,0.0016,1.855,0.574,0.9373,360.3,578.7,374.7,580.9,345.7,576.4,732,0.772,7
825,166.509,-155.207,-1.845,0.4722,0.8508,0.2305,-0.6462,0.1548,0.7473,0.6002,-0.5018,0.6229,25.5,0.0012,1.844,0.57,0.92358,361.3,577.0,375.9,579.3,346.5,574.7,733,1.453,7
826,167.413,-153.523,-1.408,0.4501,0.8669,0.2143,-0.6537,0.1543,0.7409,0.6092,-0.4736,0.6361,25.5,0.0017,1.857,0.566,0.92872,362.3,575.4,377.0,577.7,347.2,573.1,733,0.51,7
827,168.274,-151.808,-1.005,0.4279,0.8822,0.1964,-0.6611,0.1535,0.7344,0.6177,-0.4441,0.649,25.5,0.0032,1.908,0.566,0.94567,363.2,573.7,378.1,576.0,347.9,571.4,734,1.658,7
828,169.091,-150.064,-0.637,0.4045,0.8967,0.1798,-0.6685,0.1526,0.7279,0.6253,-0.4146,0.6612,25.5,0.0027,1.88,0.567,0.93938,364.0,572.0,379.2,574.3,348.6,569.6,734,0.305,7
829,169.861,-148.292,-0.301,0.3809,0.9102,0.1628,-0.6758,0.1515,0.7213,0.6319,-0.3847,0.6728,25.5,0.0021,1.876,0.567,0.93702,364.8,570.3,380.2,572.6,349.2,567.9,735,1.801,7
830,170.584,-146.495,0.0,0.3572,0.9228,0.1442,-0.6831,0.1501,0.7147,0.6379,-0.3538,0.684,25.5,0.0024,1.914,0.57,0.95427,365.6,568.5,381.1,570.8,349.7,566.1,735,0.161,7
831,171.261,-144.673,0.263,0.3332,0.9347,0.1237,-0.6903,0.1485,0.7081,0.6435,-0.3213,0.6947,25.5,0.0036,1.987,0.567,0.98572,366.3,566.7,382.0,569.0,350.2,564.3,736,1.877,7
832,171.89,-142.829,0.484,0.3083,0.9458,0.1017,-0.6974,0.1467,0.7015,0.6486,-0.2872,0.7049,25.5,0.0049,2.06,0.565,1.02374,366.9,564.9,382.9,567.2,350.7,562.5,736,0.085,7
833,172.47,-140.965,0.663,0.2826,0.9558,0.0807,-0.7045,0.1446,0.6948,0.6525,-0.2532,0.7142,25.5,0.0048,2.032,0.572,1.01294,367.5,563.0,383.6,565.3,351.1,560.7,737,1.883,7
834,172.999,-139.082,0.8,0.2571,0.9645,0.0598,-0.7115,0.1421,0.6882,0.6553,-0.2195,0.7228,25.5,0.0047,1.999,0.57,0.99649,368.1,561.1,384.4,563.4,351.5,558.9,737,0.079,7
835,173.478,-137.183,0.898,0.2316,0.972,0.0391,-0.7184,0.1393,0.6815,0.657,-0.186,0.7306,25.5,0.0043,1.973,0.574,0.98455,368.6,559.3,385.1,561.5,351.8,557.0,738,1.823,7
836,173.907,-135.27,0.954,0.2063,0.9783,0.0185,-0.7252,0.136,0.6749,0.6578,-0.1526,0.7376,25.5,0.0041,1.956,0.575,0.97101,369.0,557.3,385.7,559.5,352.0,555.1,738,0.139,7
837,174.286,-133.347,0.969,0.1798,0.9837,-0.0032,-0.7319,0.1323,0.6684,0.658,-0.1178,0.7438,25.5,0.0036,2.025,0.575,1.01329,369.4,555.4,386.2,557.5,352.2,553.3,739,1.7,7
838,174.613,-131.413,0.942,0.1539,0.9878,-0.0238,-0.7385,0.1281,0.662,0.657,-0.0844,0.7492,25.5,0.0029,1.939,0.579,0.97442,369.7,553.5,386.7,555.5,352.3,551.4,739,0.263,7
839,174.89,-129.473,0.876,0.1289,0.9907,-0.0433,-0.7449,0.1233,0.6557,0.6549,-0.0523,0.7539,25.5,0.0023,1.863,0.583,0.93037,370.0,551.5,387.2,553.5,352.4,549.6,740,1.513,7
840,175.119,-127.529,0.773,0.1042,0.9926,-0.062,-0.7512,0.1179,0.6495,0.652,-0.0211,0.7579,25.5,0.0015,1.81,0.593,0.90701,370.2,549.6,387.6,551.4,352.5,547.7,740,0.45,7
841,175.299,-125.581,0.634,0.0794,0.9936,-0.0808,-0.7573,0.1119,0.6434,0.6483,0.0101,0.7613,25.5,0.0009,1.811,0.602,0.90986,370.4,547.6,387.9,549.3,352.5,545.9,741,1.262,7
842,175.43,-123.633,0.456,0.0543,0.9935,-0.1,-0.7632,0.1052,0.6376,0.6439,0.0417,0.7639,25.5,0.0007,1.834,0.61,0.92347,370.5,545.7,388.2,547.2,352.4,544.1,741,0.7,7
843,175.512,-121.686,0.242,0.0291,0.9925,-0.1186,-0.7689,0.0977,0.6319,0.6388,0.0728,0.766,25.5,0.0004,1.81,0.631,0.9157,370.5,543.7,388.4,545.1,352.3,542.3,742,0.944,7
844,175.544,-119.741,-0.009,0.0032,0.9906,-0.1371,-0.7743,0.0893,0.6265,0.6328,0.1042,0.7672,25.5,0.0001,1.833,0.65,0.9317,370.5,541.7,388.6,542.9,352.2,540.5,742,1.018,7
845,175.524,-117.801,-0.296,-0.024,0.9875,-0.1559,-0.7794,0.0799,0.6214,0.6261,0.1364,0.7677,25.5,0.0007,1.885,0.679,0.9704,370.5,539.8,388.7,540.8,352.0,538.8,743,0.555,7
846,175.448,-115.87,-0.623,-0.0525,0.9827,-0.1774,-0.7841,0.0693,0.6167,0.6183,0.1715,0.767,25.5,0.0001,2.061,0.717,1.05273,370.4,537.8,388.7,538.6,351.8,537.1,743,1.406,7
847,175.318,-113.948,-0.99,-0.0801,0.9772,-0.1965,-0.7885,0.0576,0.6123,0.6097,0.2041,0.7659,25.5,0.0009,1.933,0.759,0.99394,370.2,535.9,388.6,536.4,351.5,535.4,744,0.09,7
848,175.135,-112.038,-1.392,-0.107,0.9712,-0.2131,-0.7924,0.0447,0.6083,0.6003,0.2339,0.7648,25.5,0.0014,1.792,0.805,0.94014,370.0,534.0,388.5,534.1,351.2,533.8,745,1.501,7
849,174.899,-110.14,-1.824,-0.1333,0.9647,-0.2272,-0.7959,0.0305,0.6047,0.5903,0.2615,0.7637,25.5,0.0019,1.683,0.863,0.89244,369.7,532.0,388.3,531.9,350.8,532.2,745,0.461,7
850,174.61,-108.256,-2.287,-0.1615,0.9559,-0.2455,-0.7987,0.015,0.6015,0.5787,0.2932,0.761,25.5,0.0043,1.94,0.921,1.01542,369.4,530.1,388.1,529.6,350.4,530.7,746,0.873,7
851,174.266,-106.391,-2.785,-0.1895,0.9463,-0.2618,-0.801,-0.0018,0.5987,0.5661,0.3232,0.7583,25.5,0.0067,1.871,0.985,0.98749,369.0,528.2,387.8,527.3,349.9,529.2,746,1.088,7
852,173.867,-104.545,-3.311,-0.217,0.937,-0.2738,-0.8025,-0.0198,0.5963,0.5533,0.3491,0.7563,25.5,0.0077,1.659,1.044,0.91789,368.5,526.4,387.4,525.0,349.4,527.7,747,0.174,7
853,173.415,-102.716,-3.856,-0.2439,0.9281,-0.2814,-0.8034,-0.039,0.5942,0.5405,0.371,0.7551,25.5,0.0075,1.455,1.108,0.85726,368.0,524.5,386.9,522.7,348.9,526.4,748,1.365,7
854,172.91,-100.908,-4.42,-0.2715,0.9163,-0.2945,-0.8035,-0.0594,0.5923,0.5253,0.3974,0.7524,25.5,0.0107,1.752,1.174,0.95699,367.5,522.7,386.3,520.3,348.3,525.0,748,0.596,7
855,172.35,-99.123,-5.008,-0.2994,0.9043,-0.3042,-0.8027,-0.0809,0.5908,0.5097,0.4212,0.7502,25.5,0.0126,1.635,1.236,0.9317,366.9,520.8,385.7,518.0,347.7,523.8,749,0.53,7
856,171.735,-97.361,-5.61,-0.3281,0.8928,-0.3087,-0.801,-0.1036,0.5896,0.4945,0.4408,0.7492,25.5,0.0117,1.422,1.306,0.91299,366.2,519.1,385.0,515.6,347.1,522.5,749,1.431,7
857,171.063,-95.621,-6.215,-0.3581,0.881,-0.3092,-0.7983,-0.1274,0.5887,0.4792,0.4576,0.7489,25.5,0.0084,1.302,1.373,0.94217,365.5,517.3,384.2,513.3,346.4,521.4,750,0.371,7
858,170.33,-93.909,-6.829,-0.3891,0.8653,-0.316,-0.7944,-0.1524,0.5879,0.4606,0.4798,0.7467,25.5,0.0085,1.664,1.45,1.03468,364.7,515.6,383.3,510.9,345.8,520.2,751,0.623,7
859,169.538,-92.226,-7.45,-0.418,0.8516,-0.3163,-0.7894,-0.1784,0.5874,0.4438,0.4952,0.7468,25.5,0.0078,1.306,1.517,0.93462,363.8,513.8,382.3,508.6,345.0,519.2,751,1.338,7
860,168.692,-90.568,-8.065,-0.445,0.8402,-0.3099,-0.7832,-0.2053,0.5869,0.4295,0.5039,0.7494,25.5,0.0058,0.971,1.582,0.87664,362.9,512.2,381.3,506.3,344.3,518.2,752,0.412,7
861,167.793,-88.932,-8.666,-0.473,0.8265,-0.3052,-0.7756,-0.2331,0.5865,0.4136,0.5142,0.7514,25.5,0.0048,1.091,1.652,0.92118,362.0,510.5,380.1,503.9,343.5,517.2,753,0.448,7
862,166.837,-87.327,-9.26,-0.5015,0.8117,-0.2995,-0.7668,-0.2617,0.5861,0.3973,0.5236,0.7536,25.5,0.0034,1.085,1.715,0.95311,361.0,508.9,378.9,501.6,342.8,516.3,754,1.244,7
863,165.828,-85.748,-9.836,-0.5281,0.7992,-0.2871,-0.7567,-0.2908,0.5855,0.3844,0.5265,0.7583,25.5,0.0009,0.804,1.765,0.93214,359.9,507.3,377.6,499.3,341.9,515.4,754,0.717,7
864,164.767,-84.192,-10.383,-0.5544,0.7865,-0.2721,-0.7453,-0.3204,0.5847,0.3727,0.527,0.7638,25.5,0.0021,0.741,1.818,0.95942,358.8,505.7,376.2,497.0,341.1,514.6,755,0.029,7
865,163.653,-82.665,-10.905,-0.5814,0.771,-0.2599,-0.7327,-0.3503,0.5835,0.3589,0.5297,0.7685,25.5,0.0043,0.849,1.86,0.97713,357.7,504.2,374.8,494.7,340.3,513.8,756,0.73,7
866,162.489,-81.165,-11.397,-0.6046,0.7595,-0.2401,-0.7189,-0.3802,0.5819,0.3507,0.5244,0.7759,25.5,0.0062,0.702,1.889,0.95252,356.5,502.7,373.2,492.4,339.4,513.0,756,1.231,7
867,161.284,-79.684,-11.842,-0.6248,0.7508,-0.2141,-0.7042,-0.41,0.5797,0.3475,0.513,0.7849,25.5,0.008,0.852,1.908,0.99519,355.2,501.2,371.6,490.2,338.6,512.3,757,0.562,7
868,160.035,-78.227,-12.243,-0.6482,0.7364,-0.1936,-0.6886,-0.4393,0.5769,0.3398,0.5073,0.7919,25.5,0.0112,0.68,1.909,1.00179,354.0,499.7,370.0,488.0,337.7,511.6,758,0.082,7
869,158.746,-76.792,-12.598,-0.6655,0.7274,-0.1676,-0.6724,-0.4682,0.5734,0.3386,0.4943,0.8006,25.5,0.0108,0.899,1.909,0.94974,352.6,498.3,368.3,485.9,336.8,510.8,759,0.709,7
870,157.429,-75.371,-12.897,-0.6767,0.7236,-0.1361,-0.6557,-0.4962,0.5691,0.3442,0.4744,0.8102,25.5,0.0072,1.306,1.884,0.9832,351.3,496.8,366.5,483.8,335.8,510.1,759,1.252,7
871,156.089,-73.96,-13.138,-0.6905,0.7149,-0.1097,-0.6388,-0.5234,0.5639,0.3457,0.4595,0.8181,25.5,0.0051,0.97,1.859,0.90684,350.0,495.4,364.8,481.7,334.9,509.4,760,0.633,7
872,154.723,-72.566,-13.324,-0.7022,0.7077,-0.0787,-0.6218,-0.5495,0.558,0.3516,0.4408,0.8259,25.5,0.0038,1.209,1.816,0.99087,348.6,494.0,363.0,479.7,333.9,508.6,761,0.015,7
873,153.337,-71.184,-13.444,-0.7107,0.7022,-0.043,-0.605,-0.5746,0.5513,0.3624,0.4178,0.8331,25.5,0.0028,1.513,1.773,1.08436,347.2,492.7,361.2,477.7,333.0,507.9,762,0.613,7
874,151.936,-69.813,-13.494,-0.7186,0.6954,-0.0087,-0.5884,-0.5983,0.5438,0.373,0.3959,0.8391,25.5,0.002,1.436,1.713,1.04757,345.8,491.3,359.4,475.7,332.0,507.1,763,1.249,7
875,150.52,-68.457,-13.479,-0.7255,0.6878,0.0238,-0.5723,-0.6208,0.5358,0.3833,0.3751,0.844,25.5,0.001,1.359,1.65,0.99598,344.4,489.9,357.7,473.8,330.9,506.3,763,0.712,7
876,149.092,-67.116,-13.401,-0.731,0.6802,0.0554,-0.5565,-0.6421,0.5272,0.3942,0.3546,0.8479,25.5,0.0007,1.349,1.597,0.9632,343.0,488.6,355.9,472.0,329.9,505.5,764,0.065,7
877,147.654,-65.79,-13.263,-0.7351,0.6727,0.0844,-0.5413,-0.6621,0.5183,0.4045,0.3353,0.8508,25.5,0.0037,1.264,1.527,0.88347,341.6,487.3,354.1,470.2,328.8,504.7,765,0.597,8
878,146.209,-64.478,-13.07,-0.7388,0.6645,0.1126,-0.5267,-0.6807,0.5091,0.415,0.3168,0.8529,25.5,0.0059,1.225,1.454,0.86495,340.2,486.0,352.4,468.4,327.8,503.8,766,1.273,8
879,144.757,-63.184,-12.82,-0.7416,0.6554,0.143,-0.5128,-0.698,0.4997,0.4274,0.2973,0.8538,25.5,0.0057,1.325,1.381,0.93088,338.7,484.7,350.6,466.7,326.7,503.0,766,0.688,8
880,143.301,-61.909,-12.508,-0.7435,0.6455,0.1747,-0.4998,-0.7139,0.4904,0.4412,0.2773,0.8535,25.5,0.0035,1.392,1.292,0.9721,337.3,483.5,348.9,465.1,325.6,502.1,767,0.01,8
881,141.844,-60.651,-12.134,-0.7425,0.6371,0.2068,-0.4878,-0.7284,0.4811,0.4571,0.2564,0.8516,25.5,0.0024,1.509,1.203,0.96998,335.9,482.2,347.2,463.5,324.4,501.2,768,0.718,8
882,140.388,-59.412,-11.7,-0.7426,0.6271,0.2352,-0.4769,-0.7414,0.4721,0.4705,0.2384,0.8496,25.5,0.0003,1.291,1.1,0.87994,334.5,481.0,345.6,462.0,323.3,500.3,768,1.243,8
883,138.93,-58.193,-11.216,-0.7449,0.616,0.2565,-0.4671,-0.7531,0.4634,0.4786,0.2253,0.8486,25.5,0.0029,0.884,1.007,0.70503,333.1,479.8,343.9,460.5,322.1,499.4,769,0.511,8
884,137.466,-56.996,-10.699,-0.7487,0.6055,0.2698,-0.4585,-0.7634,0.455,0.4815,0.217,0.8492,25.5,0.0038,0.505,0.907,0.50754,331.7,478.7,342.3,459.1,320.8,498.5,770,0.244,8
885,135.996,-55.819,-10.156,-0.7497,0.5947,0.2902,-0.451,-0.7724,0.4471,0.4901,0.2043,0.8474,25.5,0.0085,0.885,0.81,0.67554,330.2,477.5,340.8,457.7,319.6,497.6,771,1.016,8
886,134.526,-54.662,-9.564,-0.7482,0.5856,0.3117,-0.4448,-0.7803,0.4397,0.5008,0.1904,0.8444,25.5,0.0129,1.02,0.715,0.68311,328.8,476.4,339.2,456.4,318.3,496.6,771,0.947,8
887,133.059,-53.52,-8.941,-0.7486,0.5794,0.3221,-0.4398,-0.7869,0.4328,0.5043,0.1823,0.844,25.5,0.0127,0.506,0.618,0.35406,327.4,475.3,337.7,455.1,317.0,495.7,772,0.163,8
888,131.589,-52.388,-8.305,-0.7507,0.5751,0.3252,-0.4361,-0.7924,0.4264,0.503,0.1783,0.8457,25.5,0.0103,0.26,0.528,0.16655,326.0,474.1,336.2,453.8,315.6,494.7,773,0.633,8
889,130.114,-51.263,-7.669,-0.7543,0.572,0.3222,-0.4337,-0.7969,0.4206,0.4974,0.1776,0.8492,25.5,0.0068,0.38,0.443,0.16414,324.6,473.0,334.7,452.6,314.3,493.7,773,1.33,8
890,128.629,-50.144,-7.045,-0.7599,0.5698,0.3129,-0.4325,-0.8002,0.4154,0.4871,0.1803,0.8545,25.5,0.0027,0.681,0.359,0.32356,323.1,471.9,333.3,451.4,312.8,492.7,774,0.538,8
891,127.131,-49.028,-6.447,-0.7678,0.5684,0.2956,-0.4327,-0.8026,0.4107,0.4707,0.1874,0.8622,25.5,0.0026,1.115,0.303,0.55709,321.7,470.9,331.9,450.3,311.4,491.6,775,0.252,8
892,125.616,-47.914,-5.894,-0.7792,0.5675,0.266,-0.4342,-0.8039,0.4065,0.4446,0.2013,0.8728,25.5,0.0098,1.8,0.266,0.92752,320.2,469.8,330.5,449.2,309.8,490.6,776,1.027,8
893,124.08,-46.808,-5.383,-0.7874,0.561,0.2553,-0.4369,-0.8042,0.4029,0.4314,0.2057,0.8784,25.5,0.0043,0.859,0.258,0.43748,318.7,468.7,329.1,448.1,308.2,489.5,776,0.934,8
894,122.528,-45.713,-4.896,-0.7954,0.5559,0.2413,-0.441,-0.8036,0.3998,0.4162,0.2116,0.8843,25.5,0.0005,0.993,0.296,0.49414,317.2,467.6,327.7,447.0,306.6,488.4,777,0.187,8
895,120.96,-44.626,-4.44,-0.8032,0.5528,0.222,-0.4462,-0.802,0.3972,0.3976,0.22,0.8908,25.5,0.0032,1.227,0.345,0.61496,315.7,466.5,326.3,446.0,304.9,487.3,778,0.563,8
896,119.378,-43.544,-4.029,-0.8104,0.5518,0.1969,-0.4525,-0.7995,0.395,0.3753,0.231,0.8976,25.5,0.0033,1.477,0.408,0.7637,314.1,465.4,324.9,445.0,303.2,486.1,779,1.278,8
897,117.783,-42.461,-3.672,-0.8165,0.553,0.1656,-0.4599,-0.7962,0.3931,0.3492,0.2448,0.9045,25.5,0.0003,1.737,0.477,0.93246,312.5,464.4,323.5,444.0,301.4,485.0,779,0.684,8
898,116.176,-41.375,-3.382,-0.823,0.5527,0.1312,-0.4682,-0.7921,0.3916,0.3204,0.2608,0.9107,25.5,0.0011,1.921,0.537,1.02304,311.0,463.3,322.2,443.0,299.6,483.8,780,0.016,8
899,114.556,-40.295,-3.157,-0.8297,0.5495,0.0979,-0.4774,-0.7873,0.3902,0.2915,0.2771,0.9156,25.5,0.0017,1.922,0.6,0.99708,309.4,462.2,320.8,442.1,297.8,482.6,781,0.689,8
900,112.924,-39.219,-2.999,-0.8342,0.5477,0.064,-0.4873,-0.7818,0.3891,0.2631,0.2934,0.9191,25.5,0.0032,1.887,0.652,1.00076,307.7,461.2,319.5,441.1,295.9,481.4,781,1.272,8
901,111.286,-38.146,-2.906,-0.8362,0.5475,0.0305,-0.4977,-0.7757,0.388,0.2361,0.3092,0.9212,25.5,0.0033,1.796,0.694,0.98074,306.1,460.1,318.1,440.2,294.0,480.2,782,0.618,8
902,109.646,-37.071,-2.878,-0.8357,0.5492,-0.0017,-0.5085,-0.7692,0.3868,0.2112,0.3241,0.9221,25.5,0.0019,1.663,0.726,0.94236,304.5,459.0,316.8,439.3,292.1,478.9,783,0.012,8
903,108.006,-35.997,-2.916,-0.8366,0.5465,-0.0373,-0.5196,-0.7625,0.3856,0.1823,0.342,0.9219,25.5,0.0036,1.948,0.746,1.04372,302.8,457.9,315.4,438.4,290.1,477.7,784,0.619,8
904,106.366,-34.927,-3.025,-0.8354,0.5446,-0.0738,-0.5307,-0.7555,0.3842,0.1535,0.3601,0.9202,25.5,0.0035,1.951,0.756,1.06866,301.2,456.9,314.1,437.6,288.2,476.4,785,1.202,8
905,104.731,-33.86,-3.206,-0.832,0.5436,-0.1103,-0.5418,-0.7484,0.3825,0.1254,0.378,0.9173,25.5,0.0018,1.916,0.761,1.07171,299.5,455.8,312.7,436.7,286.2,475.1,785,0.759,8
906,103.105,-32.794,-3.457,-0.8266,0.5435,-0.146,-0.5527,-0.7414,0.3806,0.0986,0.3953,0.9132,25.5,0.0017,1.843,0.75,1.05515,297.9,454.7,311.3,435.8,284.3,473.9,786,0.199,8
907,101.49,-31.731,-3.779,-0.8208,0.5413,-0.1825,-0.5633,-0.7346,0.3784,0.0708,0.4134,0.9078,25.5,0.0043,1.926,0.732,1.08195,296.3,453.7,310.0,434.9,282.4,472.6,787,0.335,8
908,99.887,-30.672,-4.172,-0.814,0.5385,-0.2178,-0.5736,-0.7278,0.3758,0.0439,0.4308,0.9014,25.5,0.0069,1.872,0.723,1.05364,294.7,452.6,308.6,434.0,280.5,471.4,788,0.834,8
909,98.298,-29.619,-4.633,-0.8062,0.5353,-0.2522,-0.5837,-0.7213,0.3729,0.0177,0.4479,0.8939,25.5,0.0096,1.843,0.708,1.035,293.0,451.5,307.3,433.1,278.6,470.1,788,1.128,8
910,96.726,-28.573,-5.161,-0.7972,0.5315,-0.2864,-0.5937,-0.7148,0.3697,-0.0083,0.4648,0.8854,25.5,0.0125,1.842,0.708,1.03928,291.4,450.5,306.0,432.3,276.8,468.9,789,0.671,8
911,95.172,-27.535,-5.755,-0.7875,0.5269,-0.3195,-0.6034,-0.7084,0.3661,-0.0334,0.4812,0.876,25.5,0.015,1.8,0.697,1.01692,289.9,449.4,304.6,431.4,274.9,467.7,790,0.266,8
912,93.638,-26.507,-6.414,-0.7766,0.5217,-0.3531,-0.613,-0.7021,0.3623,-0.0589,0.4979,0.8652,25.5,0.0182,1.853,0.693,1.04341,288.3,448.4,303.3,430.5,273.1,466.5,791,0.081,8
913,92.127,-25.49,-7.141,-0.7638,0.5153,-0.3886,-0.6222,-0.696,0.3583,-0.0859,0.5156,0.8525,25.5,0.0226,1.988,0.673,1.11857,286.8,447.4,302.0,429.7,271.3,465.3,792,0.356,8
914,90.644,-24.487,-7.941,-0.748,0.5074,-0.4279,-0.6311,-0.6902,0.354,-0.1157,0.5351,0.8368,25.5,0.0296,2.23,0.657,1.25909,285.2,446.4,300.7,428.8,269.6,464.1,793,0.553,8
915,89.194,-23.501,-8.818,-0.7314,0.4976,-0.4663,-0.6396,-0.6846,0.3496,-0.1454,0.5544,0.8195,25.5,0.0359,2.259,0.635,1.25573,283.8,445.4,299.5,428.0,267.9,463.0,794,0.662,8
916,87.779,-22.536,-9.772,-0.7112,0.4871,-0.5068,-0.6478,-0.6792,0.345,-0.1763,0.5743,0.7995,25.5,0.045,2.397,0.621,1.35785,282.3,444.4,298.2,427.2,266.2,461.8,795,0.675,8
917,86.406,-21.591,-10.805,-0.6884,0.4768,-0.5466,-0.6559,-0.674,0.3399,-0.2067,0.5934,0.7779,25.5,0.0556,2.401,0.624,1.37399,280.9,443.5,297.0,426.4,264.6,460.7,796,0.593,8
918,85.08,-20.666,-11.913,-0.6638,0.4666,-0.5846,-0.6639,-0.6689,0.3343,-0.2356,0.6114,0.7554,25.5,0.0668,2.338,0.631,1.35607,279.5,442.5,295.9,425.6,263.0,459.7,797,0.411,8
919,83.803,-19.762,-13.096,-0.639,0.4551,-0.6201,-0.6717,-0.6641,0.3284,-0.2631,0.6283,0.7322,25.5,0.0767,2.278,0.624,1.30933,278.2,441.6,294.7,424.8,261.5,458.6,798,0.128,8
920,82.572,-18.88,-14.341,-0.6176,0.4442,-0.649,-0.6778,-0.6602,0.3237,-0.2857,0.6421,0.7114,25.5,0.0847,1.929,0.495,1.09812,276.9,440.7,293.6,424.0,260.1,457.6,799,0.267,8
921,81.379,-18.02,-15.638,-0.5993,0.434,-0.6727,-0.6811,-0.6579,0.3213,-0.3045,0.6536,0.6929,25.5,0.0935,1.649,0.268,0.92436,275.7,439.9,292.5,423.2,258.7,456.7,801,0.567,8
922,80.222,-17.178,-16.978,-0.574,0.4257,-0.6995,-0.6803,-0.6581,0.3226,-0.3251,0.6655,0.6718,25.5,0.1153,1.822,0.088,1.10395,274.5,439.0,291.2,422.4,257.6,455.8,802,0.185,8
923,79.135,-16.35,-18.385,-0.5389,0.4175,-0.7316,-0.675,-0.6608,0.3282,-0.3505,0.6786,0.6454,25.5,0.1522,2.229,0.468,1.41061,273.3,438.2,289.9,421.5,256.6,455.0,804,0.081,8
924,78.093,-15.543,-19.836,-0.5283,0.405,-0.7462,-0.6662,-0.6653,0.337,-0.3653,0.685,0.6304,25.5,0.169,1.262,0.758,0.6414,272.2,437.4,288.6,420.6,255.7,454.3,806,0.232,8
925,77.048,-14.764,-21.301,-0.5416,0.3891,-0.7452,-0.655,-0.6709,0.3476,-0.3698,0.6858,0.6268,25.5,0.1653,0.333,0.94,0.60643,271.1,436.6,287.2,419.7,254.9,453.7,808,0.367,8
926,75.955,-14.019,-22.749,-0.5759,0.3698,-0.7291,-0.6428,-0.6768,0.3588,-0.3644,0.6822,0.6339,25.5,0.1417,0.551,1.007,1.24267,270.0,435.8,285.7,418.8,254.1,453.0,810,0.215,8
927,74.815,-13.314,-24.18,-0.5857,0.3508,-0.7307,-0.6307,-0.6823,0.3697,-0.3725,0.6842,0.627,25.5,0.1401,0.62,0.985,0.62644,268.8,435.1,284.2,418.0,253.3,452.5,812,0.459,8
928,73.656,-12.641,-25.611,-0.5971,0.3357,-0.7285,-0.619,-0.6873,0.38,-0.3768,0.6844,0.6242,25.5,0.138,0.294,0.938,0.55658,267.6,434.5,282.7,417.2,252.4,451.9,813,0.039,8
929,72.471,-11.995,-27.033,-0.612,0.3241,-0.7214,-0.6077,-0.692,0.3896,-0.3763,0.683,0.6261,25.5,0.1334,0.138,0.891,0.58948,266.4,433.8,281.2,416.5,251.4,451.4,814,0.285,9
930,71.254,-11.368,-28.437,-0.63,0.3156,-0.7096,-0.5968,-0.6964,0.3986,-0.3713,0.6801,0.6321,25.5,0.1266,0.477,0.848,0.67617,265.1,433.2,279.7,415.7,250.5,450.8,815,0.464,9
931,69.998,-10.755,-29.813,-0.651,0.3097,-0.693,-0.5862,-0.7005,0.4071,-0.3619,0.6759,0.642,25.5,0.1174,0.818,0.813,0.80098,263.9,432.6,278.1,415.0,249.5,450.3,816,0.524,9
932,68.706,-10.161,-31.163,-0.6664,0.2968,-0.684,-0.5761,-0.7043,0.4149,-0.3607,0.6745,0.6442,25.5,0.1089,0.164,0.763,0.6433,262.5,432.0,276.5,414.4,248.4,449.8,817,0.469,9
933,67.385,-9.589,-32.495,-0.6808,0.2875,-0.6737,-0.5662,-0.708,0.4222,-0.3575,0.6724,0.6482,25.5,0.1025,0.317,0.736,0.58431,261.2,431.4,274.9,413.7,247.3,449.3,818,0.304,9
934,66.036,-9.032,-33.804,-0.6949,0.281,-0.662,-0.5566,-0.7115,0.429,-0.3521,0.6697,0.6538,25.5,0.0971,0.472,0.703,0.56801,259.8,430.9,273.3,413.1,246.2,448.8,819,0.036,9
935,64.66,-8.485,-35.09,-0.7092,0.277,-0.6483,-0.5471,-0.7149,0.4355,-0.3443,0.6664,0.6613,25.5,0.0924,0.648,0.688,0.59031,258.4,430.3,271.6,412.5,245.0,448.4,820,0.328,9
936,63.255,-7.944,-36.346,-0.7242,0.2754,-0.6321,-0.5377,-0.7182,0.4416,-0.3336,0.6623,0.6708,25.5,0.0875,0.853,0.669,0.64684,257.0,429.8,270.0,411.9,243.9,447.9,821,0.757,9
937,61.819,-7.406,-37.568,-0.7394,0.271,-0.6163,-0.5283,-0.7215,0.4476,-0.3244,0.6587,0.6789,25.5,0.0808,0.732,0.666,0.65355,255.6,429.3,268.3,411.3,242.7,447.4,821,1.204,9
938,60.356,-6.882,-38.763,-0.7535,0.2645,-0.6019,-0.5188,-0.7248,0.4534,-0.3172,0.6556,0.6852,25.5,0.0737,0.576,0.665,0.61873,254.1,428.7,266.6,410.7,241.4,447.0,822,0.732,9
939,58.864,-6.367,-39.927,-0.7678,0.2609,-0.5851,-0.5091,-0.7281,0.459,-0.307,0.6518,0.6935,25.5,0.0676,0.784,0.669,0.65314,252.6,428.2,264.8,410.1,240.2,446.5,823,0.24,9
940,57.343,-5.856,-41.055,-0.7831,0.2604,-0.5648,-0.4991,-0.7315,0.4644,-0.2928,0.6468,0.7042,25.5,0.0619,1.058,0.68,0.74293,251.1,427.7,263.1,409.6,238.9,446.1,824,0.25,9
941,55.792,-5.344,-42.138,-0.8002,0.2632,-0.5389,-0.4889,-0.735,0.4698,-0.2728,0.6404,0.718,25.5,0.0554,1.44,0.691,0.91067,249.5,427.2,261.3,409.0,237.6,445.7,825,0.715,9
942,54.203,-4.823,-43.164,-0.8195,0.2661,-0.5076,-0.4784,-0.7386,0.475,-0.2487,0.6327,0.7333,25.5,0.0456,1.694,0.702,1.07775,247.9,426.7,259.4,408.4,236.3,445.3,826,1.134,9
943,52.577,-4.302,-44.128,-0.8392,0.2657,-0.4745,-0.4675,-0.7423,0.4801,-0.2247,0.625,0.7476,25.5,0.0327,1.66,0.721,1.12575,246.3,426.2,257.5,407.8,234.9,444.8,826,0.827,9
944,50.912,-3.78,-45.021,-0.859,0.2675,-0.4365,-0.4561,-0.7462,0.485,-0.196,0.6158,0.7631,25.5,0.0195,1.942,0.745,1.25335,244.7,425.7,255.6,407.2,233.6,444.4,827,0.473,9
945,49.21,-3.251,-45.838,-0.8773,0.2717,-0.3956,-0.4442,-0.7502,0.4898,-0.1637,0.6055,0.7789,25.499,0.0079,2.143,0.77,1.31532,243.0,425.2,253.6,406.6,232.2,444.0,828,0.194,9
946,47.472,-2.715,-46.57,-0.8954,0.2741,-0.3508,-0.4317,-0.7544,0.4944,-0.1291,0.5942,0.7939,25.499,0.0063,2.256,0.8,1.41384,241.3,424.6,251.6,406.0,230.8,443.5,829,0.018,9
947,45.7,-2.176,-47.212,-0.9117,0.2764,-0.304,-0.4186,-0.7589,0.4988,-0.0929,0.5822,0.8077,25.499,0.0202,2.324,0.833,1.44993,239.5,424.1,249.6,405.4,229.4,443.1,830,0.154,9
948,43.899,-1.63,-47.764,-0.9244,0.2805,-0.2585,-0.405,-0.7635,0.503,-0.0563,0.5699,0.8198,25.499,0.0302,2.319,0.857,1.38571,237.8,423.6,247.5,404.7,227.9,442.7,831,0.227,9
949,42.076,-1.075,-48.228,-0.9344,0.2847,-0.214,-0.3907,-0.7684,0.5069,-0.0201,0.5577,0.8298,25.499,0.0378,2.263,0.894,1.33857,236.0,423.0,245.3,404.1,226.5,442.3,832,0.236,9
950,40.235,-0.514,-48.6,-0.9433,0.2874,-0.166,-0.3758,-0.7734,0.5105,0.0183,0.5445,0.8385,25.498,0.0475,2.38,0.924,1.42897,234.2,422.5,243.2,403.4,225.1,441.8,833,0.182,9
951,38.379,0.053,-48.879,-0.9492,0.2915,-0.1185,-0.3604,-0.7787,0.5136,0.0575,0.531,0.8454,25.498,0.0542,2.408,0.95,1.40399,232.4,421.9,241.0,402.8,223.6,441.4,834,0.065,9
952,36.514,0.63,-49.066,-0.9518,0.2988,-0.0693,-0.3443,-0.7842,0.5163,0.1001,0.5161,0.8507,25.498,0.0576,2.604,0.987,1.45558,230.5,421.4,238.8,402.1,222.2,441.0,835,0.117,9
953,34.649,1.227,-49.143,-0.9512,0.3082,-0.0137,-0.3276,-0.79,0.5183,0.1492,0.4985,0.854,25.498,0.061,2.995,1.019,1.64825,228.7,420.8,236.6,401.3,220.8,440.5,836,0.363,9
954,32.782,1.829,-49.137,-0.9527,0.3036,0.0159,-0.3105,-0.7959,0.5198,0.1708,0.4912,0.8542,25.497,0.0624,1.306,1.04,0.8764,226.9,420.2,234.3,400.6,219.4,440.1,837,0.662,9
955,30.91,2.41,-49.097,-0.9575,0.2876,0.0213,-0.293,-0.802,0.5205,0.1671,0.4931,0.8538,25.497,0.061,0.239,1.063,0.51302,225.1,419.7,232.1,399.9,218.0,439.7,839,0.591,9
956,29.029,2.958,-49.041,-0.9608,0.2736,0.0452,-0.2755,-0.8081,0.5206,0.1794,0.4889,0.8537,25.497,0.0671,0.745,1.062,0.81525,223.3,419.1,229.8,399.2,216.6,439.3,840,0.204,9
957,27.143,3.486,-48.931,-0.9623,0.2647,0.0627,-0.258,-0.8142,0.5201,0.1892,0.4853,0.8536,25.497,0.0654,0.598,1.062,0.57525,221.4,418.6,227.6,398.6,215.2,438.9,841,0.208,9
958,25.254,3.996,-48.81,-0.9651,0.2556,0.0573,-0.241,-0.8202,0.5189,0.1799,0.4877,0.8543,25.497,0.0527,0.552,1.035,0.3198,219.6,418.1,225.4,397.9,213.7,438.6,842,0.608,9
959,23.357,4.487,-48.722,-0.9692,0.2447,0.0285,-0.2245,-0.8258,0.5173,0.1502,0.4952,0.8557,25.497,0.0303,1.757,1.003,0.90761,217.7,417.6,223.1,397.3,212.3,438.2,844,0.581,9
960,21.453,4.952,-48.719,-0.9736,0.227,-0.0251,-0.209,-0.8311,0.5153,0.0961,0.5069,0.8566,25.498,0.0019,3.172,0.946,1.65506,215.9,417.2,220.9,396.7,210.8,437.9,845,0.227,9
961,19.538,5.37,-48.796,-0.9779,0.2015,-0.0557,-0.1946,-0.836,0.513,0.0568,0.5125,0.8568,25.498,0.0067,2.275,0.881,1.17071,214.0,416.8,218.7,396.2,209.3,437.6,846,0.101,9
962,17.622,5.755,-48.945,-0.9761,0.1939,-0.0981,-0.1814,-0.8405,0.5105,0.0165,0.5164,0.8562,25.5,0.036,2.32,0.812,1.26001,212.2,416.4,216.5,395.7,207.7,437.4,847,0.391,9
963,15.716,6.144,-49.187,-0.9667,0.2072,-0.1502,-0.1692,-0.8447,0.5078,-0.0217,0.5183,0.8549,25.501,0.0877,2.193,0.755,1.59544,210.3,416.0,214.4,395.2,206.2,437.1,848,0.643,9
964,13.833,6.563,-49.542,-0.9532,0.2138,-0.2136,-0.1581,-0.8486,0.5049,-0.074,0.5201,0.8509,25.503,0.1386,3.007,0.694,1.90448,208.5,415.6,212.3,394.7,204.6,436.8,849,0.85,9
965,11.979,6.987,-50.015,-0.9387,0.2208,-0.2646,-0.148,-0.8521,0.502,-0.1166,0.5191,0.8467,25.506,0.182,2.454,0.635,1.56327,206.7,415.2,210.2,394.2,203.0,436.4,851,0.87,9
966,10.15,7.437,-50.56,-0.9278,0.2391,-0.2865,-0.1389,-0.8553,0.4991,-0.1288,0.5153,0.8472,25.509,0.2186,0.733,0.577,0.89289,204.9,414.8,208.2,393.7,201.5,436.1,852,0.853,9
967,8.34,7.927,-51.13,-0.9156,0.2597,-0.307,-0.1306,-0.8583,0.4963,-0.1392,0.5115,0.8479,25.512,0.2557,0.636,0.53,0.92142,203.1,414.3,206.3,393.2,199.9,435.7,853,0.915,9
968,6.56,8.449,-51.769,-0.9006,0.2713,-0.3396,-0.1233,-0.8609,0.4936,-0.1656,0.5082,0.8451,25.516,0.2901,1.533,0.47,1.10166,201.4,413.8,204.4,392.6,198.3,435.2,854,1.046,9
969,4.801,8.989,-52.446,-0.8951,0.2798,-0.3472,-0.1167,-0.8633,0.491,-0.1706,0.5045,0.8464,25.521,0.3076,0.364,0.429,0.36982,199.7,413.3,202.5,392.1,196.8,434.8,854,0.92,9
970,3.045,9.546,-53.12,-0.8967,0.2875,-0.3365,-0.1109,-0.8654,0.4887,-0.1587,0.5008,0.8509,25.525,0.3138,0.759,0.377,0.38796,198.0,412.7,200.7,391.5,195.2,434.3,855,0.735,9
971,1.278,10.118,-53.752,-0.9057,0.296,-0.3035,-0.1058,-0.8672,0.4866,-0.1253,0.497,0.8586,25.53,0.3086,1.976,0.332,1.02952,196.2,412.2,198.8,390.9,193.6,433.8,856,0.504,9
972,-0.514,10.708,-54.282,-0.9237,0.3071,-0.229,-0.1014,-0.8688,0.4847,-0.0523,0.4912,0.8695,25.535,0.2841,4.243,0.289,2.26464,194.5,411.6,197.0,390.3,192.0,433.2,857,0.232,9
973,-2.33,11.327,-54.681,-0.9297,0.3239,-0.1755,-0.0976,-0.87,0.4832,0.0039,0.4852,0.8744,25.54,0.2759,3.251,0.244,1.64847,192.7,411.0,195.2,389.7,190.3,432.6,858,0.078,9
974,-4.16,11.975,-54.959,-0.9363,0.335,-0.1054,-0.0944,-0.8711,0.482,0.0721,0.4769,0.876,25.545,0.2542,3.938,0.206,2.08368,191.0,410.4,193.3,389.0,188.6,432.0,859,0.423,10
975,-6.002,12.634,-55.085,-0.9418,0.3355,-0.0215,-0.0918,-0.8718,0.4811,0.1461,0.4661,0.8726,25.549,0.2164,4.29,0.163,2.45825,189.2,409.7,191.5,388.4,186.8,431.4,860,0.829,10
976,-7.846,13.296,-55.029,-0.9375,0.3387,0.08,-0.0896,-0.8724,0.4805,0.2362,0.4501,0.8612,25.554,0.173,5.285,0.135,2.97244,187.4,409.1,189.6,387.7,185.1,430.8,860,1.134,10
977,-9.671,13.959,-54.767,-0.9224,0.3373,0.1882,-0.0879,-0.8727,0.4803,0.3287,0.4297,0.841,25.558,0.1229,5.551,0.1,3.19561,185.6,408.5,187.8,387.0,183.4,430.2,861,0.654,10
978,-11.451,14.614,-54.275,-0.8893,0.3298,0.3168,-0.0866,-0.8728,0.4803,0.4357,0.4004,0.8061,25.561,0.0587,6.667,0.075,3.89218,183.9,407.8,186.1,386.4,181.6,429.5,862,0.081,10
979,-13.15,15.25,-53.533,-0.8425,0.3177,0.435,-0.0856,-0.8727,0.4807,0.5323,0.3677,0.7625,25.565,0.004,6.358,0.062,3.73678,182.2,407.2,184.4,385.8,180.0,428.9,863,0.712,10
980,-14.746,15.857,-52.572,-0.7817,0.3003,0.5465,-0.0848,-0.8725,0.4812,0.6228,0.3306,0.7091,25.567,0.0673,6.388,0.055,3.75071,180.7,406.6,182.9,385.2,178.5,428.3,863,1.253,10
981,-16.207,16.424,-51.396,-0.7082,0.2782,0.6489,-0.0843,-0.8721,0.482,0.7059,0.2891,0.6466,25.569,0.1299,6.418,0.059,3.74462,179.2,406.0,181.4,384.6,177.0,427.8,864,0.175,10
982,-17.525,16.948,-50.044,-0.6372,0.2559,0.727,-0.0839,-0.8716,0.483,0.77,0.2509,0.5866,25.571,0.1816,5.488,0.068,3.15527,177.9,405.5,180.1,384.1,175.7,427.2,865,1.359,10
983,-18.711,17.429,-48.559,-0.574,0.2358,0.7842,-0.0837,-0.871,0.4841,0.8176,0.2177,0.533,25.572,0.2223,4.528,0.073,2.56038,176.8,405.0,179.0,383.6,174.6,426.7,865,0.604,10
984,-19.781,17.874,-46.977,-0.5188,0.2178,0.8267,-0.0835,-0.8704,0.4852,0.8534,0.189,0.4858,25.573,0.2549,3.772,0.073,2.10355,175.7,404.6,177.9,383.2,173.5,426.3,866,1.55,10
985,-20.751,18.285,-45.324,-0.4716,0.2023,0.8583,-0.0834,-0.8697,0.4865,0.8803,0.1644,0.4449,25.573,0.281,3.14,0.085,1.72069,174.8,404.2,177.0,382.7,172.5,425.9,866,0.419,10
986,-21.635,18.668,-43.616,-0.4312,0.1889,0.8822,-0.0833,-0.869,0.4878,0.9009,0.1435,0.4096,25.573,0.3021,2.63,0.085,1.42681,173.9,403.8,176.1,382.3,171.6,425.5,866,2.377,10
987,-22.447,19.028,-41.868,-0.3976,0.1776,0.9002,-0.0833,-0.8683,0.4891,0.9164,0.1261,0.3799,25.573,0.3192,2.163,0.085,1.16184,173.1,403.4,175.3,382.0,170.8,425.1,867,0.566,10
988,-23.196,19.365,-40.088,-0.3667,0.1673,0.9152,-0.0833,-0.8675,0.4904,0.9294,0.1099,0.3523,25.573,0.3342,1.979,0.087,1.04803,172.3,403.1,174.5,381.6,170.1,424.8,867,1.401,10
989,-23.887,19.684,-38.281,-0.3385,0.1579,0.9276,-0.0833,-0.8667,0.4918,0.9402,0.0951,0.327,25.573,0.3475,1.79,0.092,0.94121,171.6,402.7,173.8,381.3,169.3,424.4,868,2.489,10
990,-24.525,19.985,-36.452,-0.3133,0.1495,0.9378,-0.0834,-0.866,0.4931,0.9491,0.0818,0.304,25.572,0.3591,1.606,0.085,0.83152,171.0,402.4,173.2,381.0,168.7,424.1,868,0.529,10
991,-25.117,20.271,-34.604,-0.2898,0.1416,0.9466,-0.0834,-0.8652,0.4945,0.9568,0.0693,0.2825,25.571,0.3698,1.492,0.092,0.76885,170.4,402.1,172.6,380.7,168.1,423.8,868,1.434,10
992,-25.662,20.54,-32.74,-0.2668,0.1335,0.9545,-0.0834,-0.8644,0.4959,0.9636,0.0569,0.2613,25.57,0.3802,1.46,0.092,0.74869,169.8,401.8,172.1,380.4,167.5,423.5,868,3.396,10
993,-26.166,20.796,-30.862,-0.2487,0.1273,0.9602,-0.0835,-0.8636,0.4973,0.9685,0.0472,0.2446,25.57,0.3883,1.142,0.093,0.58347,169.3,401.6,171.5,380.1,167.0,423.3,869,1.552,10
994,-26.64,21.04,-28.975,-0.2345,0.1225,0.9644,-0.0836,-0.8627,0.4987,0.9721,0.0396,0.2314,25.569,0.3949,0.897,0.095,0.45485,168.8,401.3,171.1,379.9,166.5,423.0,869,0.41,10
995,-27.088,21.277,-27.081,-0.2234,0.119,0.9674,-0.0836,-0.8619,0.5001,0.9747,0.0336,0.221,25.568,0.3999,0.704,0.092,0.35118,168.3,401.0,170.6,379.6,166.0,422.8,869,2.37,10
996,-27.518,21.508,-25.181,-0.2149,0.1164,0.9697,-0.0837,-0.8611,0.5015,0.9766,0.0291,0.2129,25.566,0.4041,0.542,0.093,0.26821,167.9,400.8,170.1,379.4,165.5,422.5,870,3.502,10
997,-27.932,21.734,-23.279,-0.2084,0.1146,0.9713,-0.0838,-0.8602,0.503,0.978,0.0257,0.2068,25.565,0.4074,0.408,0.1,0.20257,167.4,400.5,169.7,379.1,165.1,422.3,870,1.542,10
998,-28.336,21.957,-21.373,-0.2038,0.1135,0.9724,-0.0839,-0.8594,0.5044,0.979,0.0233,0.2024,25.564,0.41,0.293,0.093,0.14191,167.0,400.3,169.3,378.9,164.7,422.0,870,0.421,10
999,-28.732,22.179,-19.466,-0.1999,0.1127,0.9733,-0.084,-0.8585,0.5059,0.9798,0.0213,0.1988,25.563,0.4124,0.24,0.1,0.1193,166.6,400.1,168.9,378.7,164.2,421.8,870,2.38,10
1000,-29.114,22.396,-17.555,-0.1896,0.1089,0.9758,-0.0841,-0.8576,0.5073,0.9819,0.0156,0.189,25.562,0.4176,0.661,0.095,0.32899,166.2,399.8,168.5,378.4,163.8,421.5,871,4.194,10
1001,-29.477,22.607,-15.639,-0.1814,0.1061,0.9777,-0.0842,-0.8568,0.5088,0.9834,0.011,0.1813,25.56,0.4218,0.521,0.097,0.25913,165.8,399.6,168.1,378.2,163.4,421.3,871,2.232,10
1002,-29.826,22.813,-13.72,-0.175,0.1039,0.9791,-0.0843,-0.8559,0.5103,0.9845,0.0075,0.1752,25.559,0.4255,0.408,0.1,0.20186,165.4,399.4,167.7,378.0,163.0,421.1,871,0.271,10
1003,-30.164,23.015,-11.8,-0.17,0.1024,0.9801,-0.0844,-0.8549,0.5118,0.9854,0.0047,0.1704,25.558,0.4284,0.323,0.103,0.15535,165.0,399.1,167.4,377.7,162.7,420.8,871,1.69,10
1004,-30.494,23.215,-9.877,-0.1662,0.1013,0.9809,-0.0846,-0.854,0.5133,0.986,0.0026,0.1668,25.556,0.431,0.241,0.101,0.11794,164.7,398.9,167.0,377.5,162.3,420.6,871,3.65,10
1005,-30.817,23.413,-7.953,-0.1633,0.1007,0.9814,-0.0847,-0.8531,0.5148,0.9865,0.0011,0.164,25.555,0.4331,0.184,0.1,0.08774,164.3,398.7,166.7,377.3,161.9,420.4,872,3.386,10
1006,-31.135,23.61,-6.028,-0.1614,0.1005,0.9818,-0.0848,-0.8521,0.5164,0.9868,0.0,0.1622,25.554,0.4351,0.122,0.108,0.05699,164.0,398.5,166.3,377.1,161.6,420.2,872,1.425,10
1007,-31.45,23.807,-4.102,-0.1602,0.1006,0.9819,-0.085,-0.8512,0.5179,0.9869,-0.0005,0.1611,25.552,0.4365,0.069,0.101,0.03521,163.6,398.2,166.0,376.9,161.2,419.9,872,0.539,10
1008,-31.764,24.005,-2.177,-0.1599,0.1011,0.9819,-0.0852,-0.8502,0.5195,0.987,-0.0006,0.1608,25.551,0.4378,0.019,0.109,0.01704,163.3,398.0,165.7,376.7,160.8,419.7,872,2.498,10
1009,-32.078,24.204,-0.251,-0.1603,0.102,0.9818,-0.0853,-0.8492,0.5211,0.9869,-0.0003,0.1612,25.549,0.4387,0.029,0.108,0.02887,162.9,397.8,165.3,376.4,160.5,419.5,872,4.459,10
1010,-32.393,24.405,1.674,-0.1615,0.1032,0.9815,-0.0855,-0.8482,0.5227,0.9867,0.0005,0.1623,25.548,0.4393,0.079,0.109,0.05035,162.6,397.6,165.0,376.2,160.1,419.2,873,2.798,10
1011,-32.712,24.609,3.598,-0.1635,0.1048,0.981,-0.0857,-0.8472,0.5243,0.9864,0.0018,0.1642,25.546,0.4396,0.133,0.109,0.07625,162.2,397.3,164.6,376.0,159.8,419.0,873,0.837,10
1012,-33.035,24.816,5.521,-0.1663,0.1068,0.9803,-0.0859,-0.8461,0.526,0.986,0.0036,0.1669,25.545,0.4396,0.187,0.117,0.10257,161.9,397.1,164.3,375.8,159.4,418.8,873,1.124,10
1013,-33.359,25.025,7.442,-0.1635,0.1063,0.9808,-0.0861,-0.8451,0.5276,0.9864,0.002,0.1642,25.544,0.4417,0.181,0.109,0.08447,161.5,396.9,163.9,375.5,159.0,418.5,873,3.083,10
1014,-33.676,25.233,9.367,-0.1601,0.1054,0.9815,-0.0864,-0.844,0.5293,0.987,0.0,0.161,25.542,0.4444,0.219,0.117,0.10471,161.1,396.6,163.6,375.3,158.7,418.3,874,4.148,10
1015,-33.988,25.439,11.291,-0.1578,0.105,0.9819,-0.0866,-0.8429,0.531,0.9873,-0.0014,0.1588,25.54,0.4465,0.15,0.117,0.06922,160.8,396.4,163.3,375.1,158.3,418.0,874,2.188,10
1016,-34.295,25.645,13.217,-0.1563,0.1049,0.9821,-0.0868,-0.8418,0.5327,0.9875,-0.0023,0.1574,25.539,0.4484,0.096,0.117,0.04428,160.5,396.2,162.9,374.9,157.9,417.8,874,0.232,10
1017,-34.601,25.851,15.143,-0.1556,0.1052,0.9822,-0.0871,-0.8407,0.5345,0.9876,-0.0027,0.1568,25.538,0.4501,0.042,0.122,0.02243,160.1,395.9,162.6,374.6,157.6,417.5,874,1.735,10
1018,-34.906,26.058,17.069,-0.1558,0.1059,0.9821,-0.0874,-0.8395,0.5363,0.9876,-0.0026,0.1569,25.536,0.4514,0.008,0.125,0.02147,159.8,395.7,162.3,374.4,157.2,417.3,874,3.696,10
1019,-35.213,26.266,18.995,-0.1567,0.1069,0.9818,-0.0877,-0.8383,0.5381,0.9875,-0.002,0.1578,25.535,0.4524,0.062,0.125,0.04025,159.4,395.5,161.9,374.2,156.9,417.0,875,3.267,10
1020,-35.522,26.477,20.92,-0.1584,0.1083,0.9814,-0.088,-0.8371,0.54,0.9872,-0.0009,0.1595,25.533,0.4532,0.117,0.13,0.0654,159.1,395.2,161.6,374.0,156.5,416.8,875,1.306,10
1021,-35.835,26.692,22.845,-0.161,0.1101,0.9808,-0.0884,-0.8358,0.5419,0.9868,0.0007,0.162,25.532,0.4537,0.172,0.134,0.09401,158.7,395.0,161.3,373.7,156.1,416.5,875,0.656,10
1022,-36.154,26.91,24.767,-0.1646,0.1124,0.9799,-0.0887,-0.8345,0.5438,0.9862,0.0029,0.1653,25.53,0.4537,0.23,0.133,0.12759,158.3,394.7,160.9,373.5,155.7,416.3,875,2.616,10
1023,-36.481,27.133,26.688,-0.1692,0.1152,0.9788,-0.0891,-0.8332,0.5458,0.9855,0.0057,0.1697,25.529,0.4533,0.301,0.139,0.16057,158.0,394.5,160.5,373.3,155.3,416.0,876,3.832,10
1024,-36.818,27.362,28.606,-0.1751,0.1186,0.9774,-0.0896,-0.8318,0.5478,0.9845,0.0094,0.1752,25.527,0.4525,0.384,0.143,0.20303,157.6,394.2,160.2,373.0,154.9,415.7,876,1.871,10
1025,-37.169,27.599,30.521,-0.1824,0.1228,0.9755,-0.09,-0.8304,0.5499,0.9832,0.014,0.1821,25.526,0.4509,0.481,0.146,0.25229,157.2,393.9,159.8,372.8,154.5,415.4,876,0.091,10
1026,-37.535,27.844,32.431,-0.1916,0.1279,0.9731,-0.0905,-0.8289,0.5521,0.9815,0.0198,0.1906,25.524,0.4486,0.598,0.155,0.31541,156.8,393.6,159.4,372.5,154.1,415.1,876,2.05,10
1027,-37.919,28.1,34.336,-0.1987,0.1324,0.9711,-0.091,-0.8274,0.5543,0.9801,0.0244,0.1972,25.523,0.4468,0.468,0.155,0.25251,156.3,393.4,159.0,372.2,153.6,414.8,877,3.658,10
1028,-38.313,28.363,36.239,-0.2028,0.1358,0.9698,-0.0915,-0.8258,0.5565,0.9792,0.0269,0.201,25.522,0.4461,0.266,0.158,0.16016,155.9,393.1,158.6,371.9,153.2,414.5,877,1.697,10
1029,-38.715,28.633,38.139,-0.2079,0.1394,0.9682,-0.0921,-0.8241,0.5588,0.9782,0.0302,0.2057,25.52,0.4453,0.334,0.167,0.18834,155.4,392.7,158.1,371.7,152.7,414.2,877,0.269,10
1030,-39.129,28.91,40.036,-0.2141,0.1434,0.9662,-0.0927,-0.8224,0.5612,0.9768,0.0341,0.2114,25.519,0.4441,0.404,0.172,0.22333,155.0,392.4,157.7,371.4,152.2,413.8,877,2.226,10
1031,-39.555,29.195,41.928,-0.2215,0.1478,0.9639,-0.0934,-0.8207,0.5637,0.9752,0.0389,0.2181,25.518,0.4427,0.481,0.178,0.26041,154.5,392.1,157.3,371.1,151.7,413.5,878,2.688,10
1032,-39.998,29.49,43.816,-0.2302,0.1526,0.9611,-0.0941,-0.8188,0.5662,0.9731,0.0445,0.226,25.516,0.4409,0.568,0.184,0.30163,154.0,391.8,156.8,370.8,151.2,413.1,878,0.728,10
1033,-40.459,29.794,45.697,-0.2403,0.1578,0.9578,-0.0948,-0.8169,0.5689,0.9706,0.0511,0.2352,25.515,0.4388,0.664,0.193,0.34572,153.5,391.4,156.3,370.5,150.6,412.7,878,1.234,10
1034,-40.942,30.109,47.572,-0.252,0.1635,0.9538,-0.0956,-0.8149,0.5716,0.9676,0.0587,0.2456,25.514,0.436,0.758,0.198,0.39776,152.9,391.1,155.8,370.1,150.1,412.3,879,2.95,10
1035,-41.449,30.436,49.437,-0.2653,0.1695,0.9491,-0.0965,-0.8129,0.5744,0.9639,0.0675,0.2574,25.512,0.433,0.87,0.204,0.44799,152.4,390.7,155.2,369.8,149.5,411.9,879,0.989,10
1036,-41.983,30.774,51.293,-0.2803,0.1761,0.9436,-0.0974,-0.8107,0.5773,0.9596,0.0774,0.2706,25.511,0.4293,0.977,0.215,0.5052,151.8,390.3,154.7,369.5,148.8,411.5,879,0.972,10
1037,-42.544,31.127,53.138,-0.2922,0.1839,0.9385,-0.0984,-0.8084,0.5803,0.9559,0.0853,0.2809,25.51,0.4247,0.773,0.224,0.44162,151.2,389.9,154.1,369.1,148.2,411.1,880,2.548,10
1038,-43.13,31.495,54.973,-0.3054,0.1914,0.9328,-0.0995,-0.806,0.5835,0.9517,0.0941,0.2923,25.509,0.4204,0.86,0.238,0.4738,150.5,389.5,153.5,368.8,147.5,410.6,880,0.587,10
1039,-43.743,31.878,56.796,-0.3202,0.1987,0.9263,-0.1007,-0.8035,0.5867,0.9467,0.104,0.3049,25.508,0.416,0.962,0.243,0.51836,149.8,389.1,152.8,368.4,146.8,410.1,880,1.374,10
1040,-44.387,32.274,58.605,-0.3368,0.2055,0.9189,-0.102,-0.8009,0.5901,0.9407,0.1153,0.319,25.507,0.412,1.091,0.256,0.56689,149.1,388.6,152.2,368.0,146.0,409.6,881,1.548,10
1041,-45.065,32.684,60.399,-0.3556,0.212,0.9103,-0.1033,-0.7981,0.5936,0.9335,0.1282,0.3349,25.506,0.4079,1.244,0.267,0.63336,148.4,388.2,151.5,367.6,145.2,409.1,881,0.413,10
1042,-45.783,33.105,62.174,-0.377,0.218,0.9002,-0.1048,-0.7952,0.5972,0.9248,0.143,0.3527,25.505,0.4038,1.417,0.278,0.71324,147.6,387.7,150.7,367.2,144.4,408.6,882,1.975,10
1043,-46.546,33.538,63.928,-0.401,0.2243,0.8882,-0.1065,-0.7921,0.601,0.9142,0.1597,0.3724,25.504,0.3988,1.6,0.297,0.80543,146.7,387.2,150.0,366.8,143.5,408.0,882,0.016,10
1044,-47.356,33.989,65.656,-0.4253,0.2348,0.8741,-0.1083,-0.7888,0.605,0.9029,0.1767,0.3919,25.503,0.3897,1.618,0.315,0.87644,145.9,386.7,149.1,366.3,142.5,407.5,883,1.933,10
1045,-48.215,34.458,67.355,-0.4511,0.2433,0.8587,-0.1102,-0.7853,0.6092,0.8899,0.1949,0.4123,25.502,0.3818,1.735,0.332,0.91258,144.9,386.2,148.2,365.9,141.5,406.9,883,0.032,10
1046,-49.126,34.941,69.022,-0.4786,0.2491,0.842,-0.1124,-0.7817,0.6135,0.875,0.2147,0.4338,25.501,0.3756,1.88,0.345,0.95526,143.9,385.7,147.3,365.4,140.4,406.3,884,1.484,10
1047,-50.093,35.432,70.656,-0.5078,0.2517,0.8239,-0.1147,-0.7778,0.618,0.8578,0.2362,0.4566,25.501,0.3716,2.048,0.366,1.00682,142.9,385.1,146.3,365.0,139.3,405.6,884,0.478,10
1048,-51.119,35.926,72.252,-0.5396,0.2519,0.8034,-0.1174,-0.7736,0.6227,0.8374,0.26,0.4809,25.5,0.3688,2.273,0.393,1.10549,141.7,384.6,145.3,364.5,138.1,405.0,885,0.684,10
1049,-52.211,36.423,73.803,-0.5743,0.2551,0.7778,-0.1203,-0.7692,0.6276,0.8133,0.2862,0.5066,25.499,0.361,2.516,0.412,1.26371,140.6,384.0,144.2,364.1,136.8,404.3,885,1.278,10
1050,-53.372,36.926,75.301,-0.61,0.2586,0.749,-0.1236,-0.7644,0.6328,0.7864,0.3134,0.5322,25.499,0.3517,2.638,0.447,1.34449,139.3,383.5,143.1,363.7,135.5,403.6,886,0.418,10
1051,-54.604,37.437,76.738,-0.6469,0.2624,0.716,-0.1273,-0.7592,0.6383,0.7562,0.3421,0.5578,25.498,0.3402,2.802,0.483,1.45098,138.0,382.9,141.9,363.2,134.0,402.9,887,0.179,10
1052,-55.912,37.954,78.104,-0.6886,0.2628,0.6759,-0.1317,-0.7535,0.6441,0.7183,0.3753,0.5858,25.498,0.328,3.303,0.53,1.69091,136.6,382.3,140.6,362.8,132.4,402.2,888,0.543,10
1053,-57.305,38.471,79.383,-0.7318,0.2661,0.6275,-0.1367,-0.7472,0.6504,0.675,0.4103,0.6132,25.498,0.3093,3.556,0.585,1.89874,135.1,381.8,139.2,362.4,130.8,401.5,889,0.708,10
1054,-58.777,39.004,80.563,-0.7681,0.2788,0.5764,-0.1428,-0.74,0.6572,0.6357,0.4404,0.634,25.498,0.2822,3.077,0.666,1.86934,133.5,381.2,137.8,362.0,129.0,400.7,890,0.702,10
1055,-60.318,39.561,81.639,-0.8057,0.2866,0.5184,-0.15,-0.7319,0.6646,0.5895,0.4735,0.6544,25.498,0.2556,3.46,0.752,2.03344,131.8,380.6,136.4,361.6,127.1,399.9,891,0.55,10
1056,-61.928,40.134,82.6,-0.8338,0.3002,0.4634,-0.1587,-0.7227,0.6727,0.5512,0.5005,0.6676,25.498,0.2271,2.79,0.861,1.84838,130.1,379.9,134.9,361.2,125.2,399.0,892,0.27,10
1057,-63.577,40.746,83.465,-0.846,0.3265,0.4215,-0.1691,-0.7121,0.6815,0.5331,0.5154,0.6709,25.498,0.1978,1.357,0.989,1.48921,128.3,379.3,133.5,360.9,123.1,398.1,893,0.118,10
1058,-65.243,41.424,84.246,-0.8544,0.3596,0.375,-0.1814,-0.7,0.6907,0.5177,0.5292,0.6722,25.498,0.1623,1.187,1.12,1.68615,126.6,378.5,132.1,360.4,120.9,397.0,894,0.601,10
1059,-66.933,42.137,84.938,-0.8706,0.3633,0.3317,-0.195,-0.687,0.7,0.4879,0.5512,0.6768,25.498,0.1524,2.139,1.202,1.35548,124.8,377.8,130.6,360.0,118.7,395.9,896,0.207,10
1060,-68.663,42.83,85.549,-0.8939,0.3407,0.2913,-0.2092,-0.6737,0.7087,0.4437,0.5805,0.6828,25.498,0.1639,3.058,1.221,1.51464,122.9,377.0,129.2,359.7,116.5,394.8,897,0.421,10
1061,-70.428,43.507,86.07,-0.9067,0.3447,0.2431,-0.2233,-0.661,0.7164,0.4122,0.602,0.6839,25.499,0.1488,2.186,1.173,1.46216,121.0,376.3,127.7,359.3,114.2,393.7,899,0.302,10
1062,-72.221,44.164,86.513,-0.9229,0.3218,0.2115,-0.2368,-0.649,0.723,0.3749,0.6255,0.6843,25.499,0.1626,2.526,1.102,1.23483,119.1,375.6,126.2,358.9,111.9,392.7,900,0.268,10
1063,-74.048,44.753,86.91,-0.9415,0.2748,0.1952,-0.2493,-0.6382,0.7284,0.3315,0.6504,0.6834,25.499,0.2015,2.868,0.996,1.55217,117.2,375.0,124.6,358.6,109.6,391.7,902,0.77,10
1064,-75.908,45.252,87.278,-0.9546,0.2381,0.1791,-0.2605,-0.6289,0.7326,0.2949,0.6706,0.6806,25.5,0.2301,2.401,0.868,1.2322,115.2,374.4,123.0,358.3,107.3,391.0,903,0.435,10
1065,-77.792,45.686,87.61,-0.9658,0.2046,0.1589,-0.2703,-0.621,0.7357,0.2575,0.6897,0.6768,25.5,0.2509,2.416,0.743,1.18906,113.2,374.0,121.3,358.0,105.0,390.3,904,0.182,10
1066,-79.696,46.052,87.9,-0.9766,0.1671,0.1355,-0.2789,-0.6145,0.738,0.2145,0.7092,0.6716,25.5,0.2697,2.722,0.632,1.32976,111.2,373.6,119.5,357.8,102.7,389.7,905,0.007,10
1067,-81.621,46.338,88.139,-0.9862,0.1243,0.109,-0.2865,-0.6091,0.7395,0.1653,0.7289,0.6644,25.5,0.2874,3.065,0.541,1.49785,109.2,373.3,117.7,357.7,100.5,389.2,906,0.096,10
1068,-83.561,46.543,88.332,-0.9925,0.0856,0.0876,-0.2931,-0.6049,0.7404,0.1221,0.7444,0.6565,25.5,0.304,2.669,0.451,1.30537,107.1,373.1,115.9,357.5,98.2,388.9,907,0.127,10
1069,-85.512,46.674,88.48,-0.9969,0.0483,0.0624,-0.2989,-0.6016,0.7407,0.0773,0.7584,0.6472,25.5,0.3151,2.742,0.383,1.32179,105.1,372.9,114.0,357.5,96.0,388.7,908,0.087,10
1070,-87.47,46.733,88.574,-0.9994,0.0119,0.0333,-0.3039,-0.5995,0.7405,0.0304,0.7707,0.6364,25.5,0.3212,2.846,0.311,1.36382,103.0,372.8,112.1,357.5,93.7,388.6,909,0.027,10
1071,-89.43,46.721,88.609,-0.9997,-0.0261,0.0031,-0.3083,-0.5983,0.7396,-0.0184,0.7811,0.6241,25.5,0.3261,2.945,0.266,1.41865,100.9,372.9,110.1,357.5,91.5,388.5,910,0.206,10
1072,-91.388,46.632,88.591,-0.9977,-0.0638,-0.022,-0.3122,-0.598,0.7382,-0.0639,0.7885,0.6117,25.5,0.3334,2.735,0.238,1.32481,98.9,373.0,108.2,357.6,89.3,388.6,911,0.455,11
1073,-93.342,46.475,88.52,-0.9942,-0.0952,-0.0505,-0.3155,-0.5987,0.7362,-0.1064,0.7933,0.5995,25.5,0.3335,2.548,0.225,1.24339,96.8,373.1,106.3,357.8,87.2,388.8,912,0.765,11
1074,-95.286,46.261,88.39,-0.989,-0.1222,-0.0838,-0.3186,-0.6003,0.7336,-0.1481,0.796,0.587,25.5,0.327,2.499,0.249,1.26196,94.8,373.3,104.3,358.0,85.0,389.1,913,1.127,11
1075,-97.219,45.997,88.188,-0.9814,-0.1486,-0.122,-0.3213,-0.6027,0.7304,-0.1919,0.7968,0.573,25.5,0.3158,2.635,0.277,1.37515,92.8,373.6,102.4,358.2,82.9,389.4,913,0.834,11
1076,-99.133,45.674,87.915,-0.9712,-0.1801,-0.1558,-0.3239,-0.6059,0.7266,-0.237,0.7955,0.5577,25.5,0.3105,2.73,0.321,1.38275,90.8,374.0,100.5,358.4,80.9,389.9,914,0.424,11
1077,-101.027,45.295,87.576,-0.9598,-0.2059,-0.1907,-0.3263,-0.6098,0.7222,-0.2779,0.7922,0.5433,25.5,0.301,2.492,0.364,1.31134,88.8,374.4,98.6,358.7,78.8,390.4,915,0.033,11
1078,-102.897,44.87,87.166,-0.9469,-0.2267,-0.2281,-0.3286,-0.6145,0.7172,-0.3161,0.7871,0.5296,25.5,0.2869,2.344,0.415,1.30621,86.9,374.8,96.7,359.1,76.8,391.0,916,0.516,11
1079,-104.739,44.407,86.679,-0.9312,-0.2469,-0.2681,-0.3308,-0.6199,0.7116,-0.3551,0.7804,0.5147,25.5,0.2703,2.423,0.463,1.38767,85.0,375.3,94.9,359.4,74.8,391.6,917,1.04,11
1080,-106.546,43.899,86.114,-0.912,-0.2708,-0.308,-0.3328,-0.6259,0.7054,-0.397,0.7715,0.4972,25.5,0.2557,2.651,0.507,1.47066,83.1,375.9,93.1,359.8,72.9,392.3,917,0.921,11
1081,-108.314,43.348,85.47,-0.8906,-0.291,-0.3495,-0.3347,-0.6325,0.6986,-0.4368,0.761,0.4797,25.5,0.238,2.563,0.554,1.48686,81.3,376.5,91.3,360.2,71.0,393.1,918,0.362,11
1082,-110.038,42.761,84.743,-0.8676,-0.3066,-0.3914,-0.3363,-0.6396,0.6912,-0.4736,0.7493,0.4629,25.5,0.2173,2.413,0.595,1.46943,79.5,377.1,89.6,360.6,69.2,394.0,919,0.233,11
1083,-111.713,42.141,83.933,-0.8399,-0.3256,-0.4341,-0.3378,-0.6473,0.6833,-0.5137,0.7351,0.4424,25.5,0.1979,2.706,0.638,1.58791,77.8,377.8,87.9,361.1,67.5,394.8,920,0.859,11
1084,-113.333,41.487,83.044,-0.8127,-0.3407,-0.4727,-0.3391,-0.6554,0.6749,-0.5487,0.7205,0.4241,25.5,0.1799,2.413,0.673,1.44892,76.2,378.5,86.3,361.6,65.8,395.8,920,1.102,11
1085,-114.901,40.808,82.082,-0.7867,-0.3511,-0.5077,-0.34,-0.6641,0.6658,-0.5787,0.7059,0.4085,25.5,0.1626,2.11,0.723,1.30997,74.6,379.2,84.8,362.1,64.2,396.7,921,0.447,11
1086,-116.418,40.112,81.054,-0.7601,-0.3602,-0.5408,-0.3408,-0.6732,0.6563,-0.607,0.6906,0.3932,25.5,0.1466,2.041,0.755,1.2692,73.1,380.0,83.3,362.6,62.7,397.7,922,0.237,11
1087,-117.88,39.395,79.961,-0.7304,-0.37,-0.5741,-0.3412,-0.6828,0.6461,-0.6365,0.6736,0.3757,25.5,0.1309,2.194,0.803,1.33511,71.6,380.8,81.8,363.1,61.3,398.8,923,0.944,11
1088,-119.281,38.662,78.802,-0.6987,-0.377,-0.608,-0.3412,-0.6928,0.6353,-0.665,0.6556,0.3577,25.5,0.1133,2.19,0.843,1.37169,70.3,381.6,80.4,363.6,59.9,399.8,923,1.017,11
1089,-120.618,37.919,77.575,-0.6638,-0.3814,-0.6433,-0.341,-0.7031,0.624,-0.6933,0.6363,0.3382,25.5,0.0931,2.259,0.876,1.45643,68.9,382.4,79.1,364.2,58.6,400.9,924,0.285,11
1090,-121.882,37.165,76.28,-0.6254,-0.3869,-0.6776,-0.3404,-0.7138,0.612,-0.7225,0.6151,0.3156,25.5,0.0744,2.44,0.922,1.51345,67.7,383.2,77.8,364.7,57.4,402.0,925,0.469,11
1091,-123.071,36.403,74.92,-0.5882,-0.3901,-0.7084,-0.3395,-0.7247,0.5996,-0.7485,0.5942,0.2944,25.5,0.0576,2.265,0.947,1.4146,66.6,384.0,76.7,365.2,56.3,403.1,926,1.245,11
1092,-124.19,35.637,73.504,-0.5541,-0.3908,-0.735,-0.3382,-0.7357,0.5868,-0.7708,0.5743,0.2757,25.5,0.0436,2.02,0.97,1.26406,65.5,384.8,75.5,365.8,55.3,404.3,926,0.717,11
1093,-125.244,34.871,72.039,-0.5195,-0.3906,-0.76,-0.3367,-0.7466,0.5738,-0.7919,0.5542,0.2565,25.5,0.0304,2.0,0.976,1.24746,64.5,385.7,74.5,366.3,54.4,405.4,927,0.086,11
1094,-126.227,34.105,70.525,-0.484,-0.3906,-0.7831,-0.3348,-0.7573,0.5607,-0.8122,0.5337,0.2358,25.5,0.0188,2.035,0.975,1.23782,63.6,386.5,73.5,366.9,53.6,406.5,928,0.917,11
1095,-127.144,33.339,68.97,-0.4512,-0.3908,-0.8023,-0.3326,-0.7676,0.5479,-0.83,0.5141,0.2164,25.5,0.0105,1.881,0.95,1.11062,62.8,387.3,72.6,367.4,52.8,407.6,928,1.044,11
1096,-128.0,32.572,67.382,-0.4226,-0.3904,-0.8179,-0.33,-0.7774,0.5355,-0.8449,0.4963,0.1996,25.5,0.005,1.642,0.918,0.95209,62.0,388.2,71.7,368.0,52.2,408.7,929,0.173,11
1097,-128.801,31.809,65.763,-0.395,-0.3887,-0.8324,-0.3271,-0.7865,0.5238,-0.8583,0.4792,0.1835,25.5,0.0011,1.549,0.865,0.91234,61.3,389.0,70.9,368.6,51.5,409.7,930,0.738,11
1098,-129.551,31.047,64.119,-0.3703,-0.3883,-0.8439,-0.3238,-0.7951,0.5129,-0.8701,0.4631,0.1687,25.5,0.0042,1.424,0.818,0.79631,60.7,389.8,70.2,369.2,51.0,410.7,930,1.223,11
1099,-130.256,30.285,62.456,-0.349,-0.3892,-0.8525,-0.32,-0.803,0.5028,-0.8802,0.4483,0.1557,25.5,0.0044,1.268,0.766,0.67178,60.1,390.6,69.4,369.8,50.5,411.8,931,0.271,11
1100,-130.922,29.52,60.778,-0.3314,-0.391,-0.8587,-0.3159,-0.8103,0.4937,-0.8888,0.4348,0.145,25.5,0.0024,1.103,0.708,0.54774,59.5,391.4,68.8,370.4,50.1,412.8,932,0.719,11
1101,-131.554,28.752,59.088,-0.3119,-0.3918,-0.8655,-0.3113,-0.8169,0.4856,-0.8973,0.4209,0.1329,25.5,0.0031,1.163,0.654,0.60397,59.0,392.3,68.1,371.1,49.7,413.8,932,1.242,11
1102,-132.148,27.984,57.384,-0.2944,-0.3919,-0.8717,-0.3063,-0.8229,0.4785,-0.9048,0.4078,0.1222,25.5,0.0044,1.06,0.605,0.54252,58.5,393.1,67.5,371.8,49.4,414.7,933,0.218,11
1103,-132.711,27.215,55.67,-0.2812,-0.3921,-0.8759,-0.3009,-0.8284,0.4724,-0.9108,0.3964,0.115,25.5,0.0043,0.846,0.563,0.4047,58.1,393.9,66.9,372.5,49.1,415.7,934,0.836,11
1104,-133.253,26.446,53.95,-0.2716,-0.3925,-0.8787,-0.2953,-0.8334,0.4672,-0.9157,0.3864,0.1105,25.5,0.0032,0.688,0.523,0.29249,57.6,394.7,66.3,373.2,48.9,416.6,934,1.125,11
1105,-133.778,25.676,52.225,-0.2649,-0.3931,-0.8805,-0.2894,-0.8379,0.4628,-0.9197,0.3774,0.1082,25.5,0.0015,0.579,0.494,0.20347,57.2,395.6,65.7,373.9,48.6,417.5,935,0.056,11
1106,-134.294,24.904,50.498,-0.2607,-0.394,-0.8814,-0.2832,-0.842,0.4591,-0.923,0.3693,0.1079,25.5,0.0009,0.501,0.476,0.12822,56.8,396.4,65.1,374.6,48.4,418.4,936,1.03,11
1107,-134.802,24.131,48.769,-0.2586,-0.395,-0.8815,-0.277,-0.8457,0.4561,-0.9257,0.3621,0.1093,25.5,0.0036,0.448,0.448,0.068,56.4,397.2,64.6,375.3,48.2,419.3,936,0.931,11
1108,-135.308,23.356,47.042,-0.255,-0.3961,-0.8821,-0.2706,-0.8491,0.4537,-0.9287,0.3544,0.1094,25.5,0.0051,0.474,0.437,0.11143,56.1,398.0,64.0,376.1,48.0,420.2,937,0.128,11
1109,-135.797,22.577,45.308,-0.2439,-0.397,-0.8848,-0.2642,-0.8521,0.4518,-0.9333,0.344,0.103,25.5,0.003,0.748,0.419,0.33463,55.7,398.8,63.5,376.8,47.8,421.1,938,1.139,11
1110,-136.267,21.799,43.572,-0.2362,-0.3976,-0.8866,-0.2577,-0.8549,0.4504,-0.937,0.3349,0.0995,25.5,0.0015,0.597,0.413,0.23182,55.4,399.7,62.9,377.6,47.7,422.0,938,0.821,11
1111,-136.725,21.018,41.832,-0.2314,-0.3982,-0.8877,-0.2512,-0.8573,0.4493,-0.9399,0.3269,0.0984,25.5,0.0007,0.492,0.402,0.14491,55.0,400.5,62.4,378.4,47.5,422.9,939,0.12,11
1112,-137.176,20.237,40.09,-0.2289,-0.3986,-0.8881,-0.2446,-0.8596,0.4487,-0.9422,0.3199,0.0993,25.5,0.0001,0.425,0.402,0.07485,54.7,401.3,61.9,379.2,47.4,423.7,940,0.962,11
1113,-137.624,19.455,38.349,-0.2287,-0.3989,-0.888,-0.238,-0.8616,0.4484,-0.944,0.3139,0.1021,25.5,0.0001,0.393,0.395,0.01093,54.4,402.1,61.4,379.9,47.2,424.6,940,0.999,11
1114,-138.074,18.673,36.608,-0.2304,-0.3991,-0.8875,-0.2314,-0.8634,0.4484,-0.9452,0.3087,0.1066,25.5,0.0001,0.4,0.392,0.0521,54.1,402.9,61.0,380.7,47.1,425.4,941,0.278,11
1115,-138.53,17.89,34.869,-0.2342,-0.3993,-0.8864,-0.2248,-0.865,0.4486,-0.9459,0.3043,0.1128,25.5,0.0004,0.437,0.389,0.11573,53.7,403.8,60.5,381.5,46.9,426.3,942,0.296,11
1116,-138.994,17.106,33.132,-0.2399,-0.3994,-0.8848,-0.2182,-0.8665,0.449,-0.946,0.3008,0.1208,25.5,0.0012,0.5,0.388,0.17301,53.4,404.6,59.9,382.3,46.8,427.1,943,0.698,11
1117,-139.472,16.323,31.399,-0.2478,-0.3995,-0.8826,-0.2116,-0.8678,0.4496,-0.9456,0.2982,0.1305,25.5,0.0023,0.576,0.387,0.23963,53.1,405.4,59.4,383.1,46.6,427.9,944,0.92,11
1118,-139.968,15.54,29.67,-0.2579,-0.3994,-0.8798,-0.205,-0.8691,0.4502,-0.9444,0.2965,0.1423,25.5,0.0039,0.686,0.387,0.30621,52.7,406.2,58.9,383.9,46.4,428.8,945,0.969,11
1119,-140.484,14.757,27.949,-0.2682,-0.3991,-0.8768,-0.1985,-0.8702,0.451,-0.943,0.295,0.1541,25.5,0.0051,0.686,0.38,0.31367,52.3,407.0,58.3,384.7,46.2,429.6,946,0.857,11
1120,-141.018,13.975,26.232,-0.2764,-0.3989,-0.8744,-0.1921,-0.8712,0.4517,-0.942,0.2928,0.1642,25.5,0.0057,0.595,0.373,0.24971,51.9,407.8,57.8,385.5,46.0,430.4,947,0.59,11
1121,-141.566,13.193,24.52,-0.2828,-0.3988,-0.8723,-0.1858,-0.8722,0.4525,-0.9413,0.2901,0.1726,25.5,0.0057,0.507,0.368,0.19682,51.5,408.6,57.2,386.3,45.7,431.2,948,0.184,11
1122,-142.126,12.411,22.811,-0.2876,-0.3988,-0.8707,-0.1798,-0.873,0.4533,-0.941,0.2869,0.1794,25.5,0.0052,0.431,0.35,0.14785,51.0,409.4,56.6,387.1,45.4,432.0,949,0.375,11
1123,-142.693,11.628,21.104,-0.2908,-0.399,-0.8696,-0.1741,-0.8738,0.454,-0.9411,0.2834,0.1847,25.5,0.0045,0.364,0.332,0.09904,50.6,410.2,56.0,387.9,45.1,432.9,951,0.144,11
1124,-143.265,10.846,19.4,-0.2923,-0.3993,-0.869,-0.1688,-0.8745,0.4547,-0.9415,0.2796,0.1883,25.5,0.0034,0.301,0.309,0.048,50.2,411.0,55.4,388.7,44.8,433.7,953,0.265,11
1125,-143.839,10.062,17.696,-0.2923,-0.3997,-0.8688,-0.1639,-0.8751,0.4554,-0.9423,0.2755,0.1902,25.5,0.002,0.263,0.286,0.01306,49.7,411.8,54.9,389.5,44.5,434.5,955,0.37,11
1126,-144.41,9.278,15.992,-0.2906,-0.4003,-0.8691,-0.1596,-0.8756,0.4559,-0.9435,0.2712,0.1906,25.5,0.0007,0.257,0.25,0.0534,49.3,412.6,54.3,390.3,44.2,435.3,956,0.466,11
1127,-144.978,8.493,14.288,-0.2874,-0.4009,-0.8698,-0.156,-0.876,0.4564,-0.945,0.2669,0.1893,25.5,0.001,0.271,0.21,0.09728,48.9,413.4,53.8,391.1,43.9,436.0,958,0.345,11
1128,-145.537,7.706,12.581,-0.2827,-0.4018,-0.871,-0.153,-0.8763,0.4567,-0.9468,0.2624,0.1863,25.5,0.0024,0.327,0.174,0.14415,48.4,414.2,53.3,391.9,43.5,436.8,959,0.095,11
1129,-146.085,6.917,10.871,-0.2764,-0.4027,-0.8726,-0.1509,-0.8766,0.4569,-0.9489,0.258,0.1816,25.5,0.004,0.388,0.122,0.19174,48.0,415.0,52.8,392.7,43.2,437.6,960,0.093,11
1130,-146.625,6.128,9.161,-0.2771,-0.4024,-0.8725,-0.1496,-0.8768,0.457,-0.9489,0.2572,0.1828,25.5,0.0045,0.083,0.076,0.02245,47.6,415.8,52.4,393.6,42.8,438.4,961,0.36,11
1131,-147.172,5.339,7.45,-0.2797,-0.4019,-0.8719,-0.1491,-0.8769,0.4569,-0.9483,0.2578,0.1853,25.5,0.0042,0.151,0.03,0.07931,47.2,416.6,52.0,394.4,42.4,439.2,962,0.848,11
1132,-147.721,4.551,5.74,-0.2806,-0.4018,-0.8717,-0.1494,-0.877,0.4567,-0.9479,0.2584,0.1861,25.5,0.0038,0.062,0.021,0.02707,46.8,417.4,51.6,395.2,42.0,440.0,962,1.119,11
1133,-148.272,3.763,4.031,-0.2801,-0.402,-0.8717,-0.1504,-0.877,0.4564,-0.948,0.2589,0.1852,25.5,0.0032,0.059,0.06,0.01563,46.4,418.2,51.2,396.0,41.6,440.8,963,0.448,11
1134,-148.819,2.974,2.321,-0.2782,-0.4026,-0.8721,-0.1519,-0.8769,0.456,-0.9483,0.2594,0.1828,25.5,0.0024,0.142,0.089,0.05935,46.0,419.0,50.8,396.8,41.1,441.5,964,0.41,11
1135,-149.362,2.184,0.61,-0.2748,-0.4035,-0.8727,-0.1541,-0.8768,0.4556,-0.949,0.2597,0.1788,25.5,0.0015,0.233,0.128,0.10423,45.6,419.8,50.5,397.6,40.7,442.3,965,1.372,11
1136,-149.896,1.391,-1.103,-0.2698,-0.4048,-0.8737,-0.1567,-0.8765,0.4551,-0.9501,0.2597,0.1731,25.5,0.0005,0.333,0.153,0.15372,45.2,420.6,50.1,398.4,40.2,443.1,965,0.596,11
1137,-150.419,0.596,-2.817,-0.2629,-0.4065,-0.875,-0.1597,-0.8763,0.4546,-0.9515,0.2592,0.1655,25.5,0.0004,0.444,0.175,0.21105,44.8,421.4,49.8,399.2,39.8,443.9,966,0.48,11
1138,-150.926,-0.204,-4.535,-0.2539,-0.4088,-0.8766,-0.163,-0.8759,0.4541,-0.9535,0.2581,0.1557,25.5,0.0014,0.577,0.193,0.2754,44.5,422.2,49.5,400.1,39.3,444.6,966,1.484,11
1139,-151.412,-1.008,-6.256,-0.2419,-0.4116,-0.8787,-0.1665,-0.8755,0.4536,-0.956,0.256,0.1432,25.5,0.0021,0.74,0.204,0.36527,44.1,423.0,49.3,400.9,38.9,445.4,967,0.343,11
1140,-151.872,-1.818,-7.98,-0.226,-0.4153,-0.8812,-0.1703,-0.875,0.4531,-0.9592,0.2524,0.127,25.5,0.0026,0.968,0.221,0.48282,43.8,423.8,49.1,401.7,38.5,446.2,968,0.841,11
1141,-152.295,-2.637,-9.711,-0.2064,-0.4194,-0.884,-0.1741,-0.8745,0.4527,-0.9629,0.2473,0.1075,25.5,0.0025,1.174,0.221,0.59059,43.5,424.6,48.9,402.6,38.1,447.0,968,1.121,11
1142,-152.688,-3.461,-11.446,-0.1937,-0.4212,-0.886,-0.178,-0.8739,0.4523,-0.9649,0.2453,0.0943,25.5,0.0018,0.773,0.227,0.3794,43.3,425.4,48.7,403.4,37.8,447.7,969,0.088,11
1143,-153.053,-4.289,-13.185,-0.1786,-0.4239,-0.8879,-0.182,-0.8732,0.4521,-0.967,0.2423,0.0788,25.5,0.0012,0.913,0.233,0.45179,43.1,426.3,48.6,404.3,37.5,448.5,970,1.305,11
1144,-153.387,-5.124,-14.929,-0.161,-0.4275,-0.8896,-0.1861,-0.8725,0.4518,-0.9693,0.2383,0.0609,25.5,0.001,1.059,0.239,0.52712,42.9,427.1,48.5,405.1,37.2,449.3,970,0.658,11
1145,-153.683,-5.966,-16.674,-0.1406,-0.4322,-0.8907,-0.1905,-0.8716,0.4517,-0.9716,0.2332,0.0402,25.5,0.0012,1.229,0.257,0.61272,42.7,427.9,48.5,406.0,36.9,450.1,971,0.566,11
1146,-153.936,-6.82,-18.421,-0.1173,-0.4381,-0.8912,-0.1952,-0.8706,0.4515,-0.9738,0.2269,0.0166,25.5,0.0019,1.405,0.276,0.70243,42.6,428.8,48.5,406.9,36.7,450.9,971,1.396,11
1147,-154.141,-7.686,-20.168,-0.0909,-0.4453,-0.8908,-0.2001,-0.8696,0.4515,-0.9756,0.2193,-0.0101,25.5,0.0032,1.594,0.286,0.79967,42.6,429.6,48.5,407.8,36.5,451.7,972,0.179,11
1148,-154.291,-8.566,-21.914,-0.0615,-0.4525,-0.8896,-0.2055,-0.8683,0.4514,-0.9768,0.2106,-0.0396,25.5,0.004,1.764,0.318,0.88528,42.6,430.5,48.7,408.7,36.4,452.5,973,1.031,11
1149,-154.38,-9.46,-23.657,-0.0289,-0.4589,-0.888,-0.2113,-0.8669,0.4514,-0.977,0.2007,-0.0719,25.5,0.0031,1.936,0.342,0.97193,42.6,431.3,48.9,409.6,36.3,453.4,973,0.931,11
1150,-154.403,-10.366,-25.395,0.006,-0.466,-0.8848,-0.2176,-0.8653,0.4515,-0.976,0.1898,-0.1066,25.5,0.0024,2.085,0.372,1.04499,42.7,432.2,49.1,410.5,36.3,454.2,974,0.267,11
1151,-154.355,-11.288,-27.125,0.0425,-0.4737,-0.8797,-0.2245,-0.8635,0.4516,-0.9735,0.1783,-0.1431,25.5,0.0022,2.197,0.409,1.10028,42.9,433.1,49.5,411.5,36.3,455.0,975,1.453,11
1152,-154.236,-12.224,-28.844,0.0793,-0.4818,-0.8727,-0.232,-0.8615,0.4517,-0.9694,0.1667,-0.1801,25.5,0.0025,2.234,0.445,1.11996,43.2,434.0,49.9,412.5,36.4,455.9,975,0.509,11
1153,-154.04,-13.175,-30.547,0.122,-0.4878,-0.8644,-0.2402,-0.8591,0.4519,-0.963,0.1525,-0.222,25.5,0.0009,2.561,0.49,1.28319,43.5,435.0,50.5,413.5,36.5,456.7,976,0.673,11
1154,-153.757,-14.138,-32.232,0.1667,-0.4946,-0.853,-0.2491,-0.8565,0.4521,-0.9542,0.1371,-0.2659,25.5,0.0035,2.713,0.531,1.36279,43.9,435.9,51.1,414.5,36.7,457.6,976,1.289,11
1155,-153.388,-15.116,-33.89,0.2087,-0.5035,-0.8384,-0.2586,-0.8535,0.4524,-0.9434,0.1224,-0.3083,25.5,0.0035,2.645,0.571,1.32525,44.4,436.8,51.8,415.5,37.0,458.4,977,0.11,11
1156,-152.942,-16.114,-35.518,0.246,-0.5146,-0.8214,-0.2687,-0.8502,0.4528,-0.9313,0.1093,-0.3474,25.5,0.0005,2.462,0.609,1.24105,45.0,437.8,52.6,416.6,37.3,459.3,978,1.081,11
1157,-152.417,-17.129,-37.112,0.2893,-0.5206,-0.8033,-0.2793,-0.8466,0.4532,-0.916,0.0933,-0.3903,25.5,0.0041,2.766,0.642,1.38275,45.7,438.8,53.5,417.7,37.7,460.2,978,0.881,11
1158,-151.809,-18.157,-38.666,0.3304,-0.5288,-0.7818,-0.2904,-0.8426,0.4536,-0.8986,0.0771,-0.432,25.5,0.005,2.75,0.676,1.37653,46.4,439.8,54.5,418.8,38.1,461.1,979,0.32,11
1159,-151.123,-19.205,-40.175,0.3689,-0.54,-0.7565,-0.3018,-0.8383,0.4541,-0.8794,0.0608,-0.4722,25.5,0.0022,2.718,0.699,1.38559,47.2,440.8,55.6,419.9,38.7,461.9,980,1.54,11
1160,-150.362,-20.275,-41.631,0.4076,-0.5504,-0.7286,-0.3137,-0.8336,0.4546,-0.8576,0.0433,-0.5124,25.5,0.0003,2.806,0.734,1.42706,48.0,441.8,56.7,421.0,39.2,462.9,980,0.421,11
1161,-149.525,-21.362,-43.031,0.4465,-0.5584,-0.6992,-0.3258,-0.8286,0.4552,-0.8335,0.0245,-0.5519,25.5,0.0011,2.862,0.751,1.44409,49.0,442.9,57.9,422.2,39.9,463.8,981,0.83,11
1162,-148.614,-22.466,-44.371,0.482,-0.5684,-0.6668,-0.3381,-0.8233,0.4559,-0.8081,0.0057,-0.589,25.5,0.001,2.793,0.768,1.43471,50.0,443.9,59.2,423.4,40.6,464.7,981,1.131,11
1163,-147.636,-23.592,-45.644,0.5146,-0.58,-0.6315,-0.3505,-0.8177,0.4567,-0.7813,-0.0137,-0.6241,25.5,0.0055,2.764,0.781,1.44457,51.0,445.0,60.6,424.7,41.3,465.6,982,0.163,11
1164,-146.593,-24.737,-46.847,0.5489,-0.5871,-0.5949,-0.3629,-0.8117,0.4576,-0.7516,-0.0353,-0.6587,25.5,0.0051,2.891,0.791,1.48068,52.1,446.1,62.0,425.9,42.1,466.6,983,1.512,11
1165,-145.486,-25.896,-47.977,0.5792,-0.5951,-0.5572,-0.3753,-0.8055,0.4586,-0.7217,-0.0565,-0.6899,25.5,0.0064,2.758,0.796,1.43275,53.3,447.2,63.4,427.2,43.0,467.5,983,0.45,11
1166,-144.324,-27.071,-49.032,0.605,-0.6038,-0.519,-0.3875,-0.799,0.4597,-0.6923,-0.077,-0.7174,25.5,0.0094,2.589,0.795,1.37092,54.5,448.4,64.9,428.5,43.9,468.5,984,0.972,11
1167,-143.114,-28.262,-50.012,0.6304,-0.6102,-0.4798,-0.3995,-0.7923,0.461,-0.6615,-0.0989,-0.7433,25.5,0.0104,2.625,0.791,1.3779,55.8,449.5,66.5,429.8,44.9,469.5,984,0.99,11
1168,-141.855,-29.463,-50.915,0.6529,-0.6152,-0.4418,-0.4113,-0.7854,0.4625,-0.6316,-0.1202,-0.7659,25.5,0.0103,2.47,0.788,1.29883,57.0,450.7,68.1,431.1,45.9,470.4,985,0.512,11
1169,-140.556,-30.674,-51.746,0.6715,-0.62,-0.4059,-0.423,-0.7783,0.4641,-0.6036,-0.14,-0.7849,25.5,0.0101,2.246,0.789,1.18988,58.4,451.8,69.7,432.5,46.9,471.4,985,1.449,11
1170,-139.223,-31.894,-52.508,0.6873,-0.6241,-0.3715,-0.4345,-0.7708,0.4659,-0.5771,-0.1588,-0.8011,25.5,0.0093,2.08,0.793,1.11281,59.7,453.0,71.3,433.8,48.0,472.4,986,0.117,11
1171,-137.86,-33.12,-53.203,0.7028,-0.6262,-0.3375,-0.4461,-0.763,0.4677,-0.5505,-0.1782,-0.8156,25.5,0.0064,2.061,0.808,1.09366,61.1,454.2,72.9,435.2,49.1,473.4,987,1.719,11
1172,-136.469,-34.35,-53.832,0.7159,-0.6284,-0.3042,-0.4576,-0.7549,0.4697,-0.5249,-0.197,-0.8281,25.5,0.0039,1.956,0.814,1.04769,62.5,455.4,74.6,436.6,50.2,474.4,987,0.242,11
1173,-135.053,-35.585,-54.395,0.7273,-0.631,-0.2699,-0.4693,-0.7464,0.4718,-0.4992,-0.2165,-0.839,25.5,0.0023,1.951,0.837,1.05893,63.9,456.5,76.3,438.0,51.4,475.4,988,1.372,11
1174,-133.617,-36.825,-54.889,0.7383,-0.6329,-0.2333,-0.4811,-0.7375,0.4741,-0.4721,-0.2377,-0.8489,25.5,0.001,2.051,0.857,1.11825,65.3,457.7,78.0,439.4,52.5,476.3,988,0.589,11
1175,-132.159,-38.066,-55.311,0.7485,-0.6331,-0.1976,-0.493,-0.728,0.4764,-0.4454,-0.2591,-0.857,25.5,0.0023,2.015,0.882,1.08491,66.8,458.9,79.7,440.8,53.7,477.3,989,1.008,11
1176,-130.683,-39.308,-55.664,0.7564,-0.6335,-0.1627,-0.5052,-0.718,0.4788,-0.4202,-0.2799,-0.8632,25.5,0.0052,1.906,0.914,1.04569,68.2,460.1,81.5,442.2,54.8,478.3,989,0.954,11
1177,-129.193,-40.551,-55.949,0.7626,-0.6343,-0.1268,-0.5176,-0.7075,0.4812,-0.395,-0.3014,-0.8679,25.5,0.007,1.917,0.941,1.06489,69.7,461.3,83.2,443.7,56.0,479.2,990,0.595,11
1178,-127.693,-41.795,-56.16,0.7682,-0.6342,-0.088,-0.5303,-0.6963,0.4837,-0.368,-0.3249,-0.8712,25.5,0.0083,2.06,0.981,1.14562,71.2,462.5,85.0,445.2,57.1,480.1,990,1.366,11
1179,-126.181,-43.037,-56.293,0.773,-0.6326,-0.0478,-0.5433,-0.6845,0.4862,-0.3403,-0.3499,-0.8728,25.5,0.0102,2.14,1.016,1.18405,72.6,463.7,86.8,446.6,58.3,481.1,991,0.107,11
1180,-124.662,-44.276,-56.346,0.7759,-0.6308,-0.0058,-0.5566,-0.6719,0.4886,-0.3121,-0.376,-0.8725,25.5,0.0109,2.202,1.059,1.23144,74.1,464.9,88.6,448.1,59.5,481.9,992,1.474,11
1181,-123.14,-45.511,-56.314,0.7767,-0.6287,0.0394,-0.5702,-0.6586,0.491,-0.2827,-0.4039,-0.87,25.5,0.0095,2.327,1.099,1.32253,75.6,466.1,90.4,449.7,60.6,482.8,992,0.487,11
1182,-121.617,-46.74,-56.188,0.7761,-0.6244,0.0885,-0.5841,-0.6446,0.4932,-0.2509,-0.4345,-0.865,25.5,0.0072,2.545,1.137,1.44058,77.1,467.3,92.2,451.2,61.7,483.7,993,0.758,11
1183,-120.097,-47.958,-55.966,0.7739,-0.618,0.1383,-0.5983,-0.6298,0.4953,-0.219,-0.4661,-0.8572,25.5,0.0053,2.611,1.181,1.46883,78.5,468.5,94.0,452.7,62.8,484.5,993,1.203,11
1184,-118.583,-49.162,-55.648,0.7703,-0.6099,0.1864,-0.6127,-0.6143,0.4973,-0.1888,-0.4972,-0.8468,25.5,0.0046,2.555,1.218,1.42941,80.0,469.7,95.8,454.3,63.9,485.3,994,0.076,11
1185,-117.079,-50.349,-55.232,0.7637,-0.6005,0.2371,-0.6272,-0.5979,0.499,-0.1579,-0.5298,-0.8333,25.5,0.0016,2.688,1.258,1.51922,81.4,470.8,97.6,455.8,65.0,486.1,995,0.945,11
1186,-115.588,-51.515,-54.72,0.7566,-0.5887,0.2846,-0.6419,-0.5808,0.5006,-0.1295,-0.5614,-0.8173,25.5,0.0013,2.601,1.295,1.44529,82.8,472.0,99.4,457.4,66.1,486.8,995,1.016,11
1187,-114.112,-52.656,-54.118,0.7489,-0.5751,0.3292,-0.6565,-0.563,0.5021,-0.1034,-0.5921,-0.7992,25.5,0.0026,2.531,1.322,1.38119,84.2,473.1,101.1,458.9,67.1,487.5,996,0.098,11
1188,-112.654,-53.771,-53.427,0.7381,-0.561,0.3749,-0.671,-0.5444,0.5034,-0.0783,-0.6231,-0.7782,25.5,0.0011,2.583,1.353,1.43288,85.6,474.2,102.9,460.5,68.1,488.2,997,0.722,11
1189,-111.217,-54.855,-52.65,0.7277,-0.5442,0.4174,-0.6853,-0.5251,0.5046,-0.0554,-0.6533,-0.7551,25.5,0.0023,2.543,1.378,1.36974,86.9,475.3,104.6,462.0,69.1,488.8,997,1.239,11
1190,-109.8,-55.903,-51.791,0.7171,-0.525,0.4583,-0.6994,-0.505,0.5058,-0.0341,-0.6833,-0.7293,25.5,0.0046,2.575,1.408,1.35634,88.3,476.3,106.2,463.5,70.1,489.3,998,0.521,11
1191,-108.407,-56.914,-50.851,0.7034,-0.5058,0.4994,-0.7132,-0.484,0.5071,-0.0148,-0.7128,-0.7012,25.5,0.0036,2.583,1.442,1.38492,89.6,477.3,107.9,465.0,71.0,489.8,999,0.094,11
1192,-107.04,-57.885,-49.836,0.6915,-0.4841,0.5361,-0.7265,-0.4622,0.5085,0.0016,-0.7411,-0.6713,25.5,0.006,2.539,1.465,1.29363,90.8,478.3,109.5,466.5,72.0,490.3,1000,0.594,11
1193,-105.694,-58.811,-48.75,0.68,-0.46,0.5709,-0.7393,-0.4394,0.5103,0.0161,-0.7691,-0.6389,25.5,0.0093,2.591,1.502,1.28193,92.1,479.3,111.0,468.0,72.9,490.7,1001,0.972,11
1194,-104.376,-59.69,-47.596,0.6651,-0.4357,0.6065,-0.7515,-0.4154,0.5126,0.0286,-0.7967,-0.6037,25.5,0.0079,2.661,1.548,1.33283,93.3,480.2,112.6,469.5,73.8,491.0,1001,0.989,11
1195,-103.085,-60.516,-46.373,0.6517,-0.4058,0.6408,-0.763,-0.39,0.5155,0.0407,-0.8249,-0.5638,25.5,0.0087,2.884,1.606,1.3862,94.5,481.0,114.0,471.0,74.7,491.2,1002,0.73,11
1196,-101.821,-61.277,-45.082,0.6354,-0.3709,0.6773,-0.7738,-0.3628,0.5192,0.0532,-0.854,-0.5175,25.5,0.0055,3.215,1.69,1.55092,95.7,481.8,115.5,472.4,75.6,491.3,1003,0.579,11
1197,-100.593,-61.97,-43.719,0.6181,-0.3354,0.7109,-0.7839,-0.3335,0.5236,0.0615,-0.881,-0.4691,25.5,0.0004,3.211,1.794,1.51536,96.8,482.5,116.9,473.8,76.4,491.3,1004,0.53,11
1198,-99.392,-62.592,-42.3,0.609,-0.2985,0.7349,-0.7933,-0.3017,0.5289,0.0639,-0.905,-0.4206,25.5,0.0044,3.104,1.924,1.31367,97.9,483.2,118.2,475.2,77.3,491.2,1005,0.572,11
1199,-98.21,-63.14,-40.834,0.5939,-0.2599,0.7614,-0.8017,-0.267,0.5348,0.0643,-0.928,-0.3669,25.5,0.0005,3.348,2.073,1.43771,99.0,483.7,119.5,476.7,78.1,490.9,1006,0.702,11
1200,-97.056,-63.611,-39.321,0.5861,-0.2202,0.7797,-0.8096,-0.2288,0.5406,0.0594,-0.9481,-0.3124,25.5,0.0026,3.341,2.26,1.29773,100.0,484.3,120.8,478.1,78.9,490.5,1008,0.758,11
1201,-95.904,-64.001,-37.783,0.588,-0.1775,0.7891,-0.817,-0.1868,0.5455,0.0506,-0.9657,-0.2549,25.5,0.0168,3.483,2.46,1.27902,101.1,484.7,122.0,479.6,79.8,489.9,1009,0.393,11
1202,-94.755,-64.306,-36.224,0.5834,-0.1331,0.8012,-0.8244,-0.1407,0.5483,0.0397,-0.9806,-0.1919,25.5,0.0229,3.762,2.68,1.35155,102.1,485.0,123.3,481.1,80.6,489.1,1010,0.045,11
1203,-93.618,-64.524,-34.641,0.5755,-0.0894,0.8129,-0.8317,-0.0911,0.5477,0.0251,-0.9916,-0.1268,25.501,0.0253,3.875,2.873,1.34212,103.2,485.3,124.5,482.6,81.5,488.1,1011,0.543,11
1204,-92.495,-64.648,-33.039,0.5687,-0.0382,0.8216,-0.8392,-0.0384,0.5425,0.0108,-0.9985,-0.0539,25.502,0.0301,4.276,3.065,1.53083,104.2,485.5,125.7,484.1,82.3,486.9,1013,0.272,11
1205,-91.398,-64.682,-31.414,0.5474,0.0022,0.8368,-0.847,0.0165,0.5313,-0.0126,-0.9999,0.0109,25.502,0.019,3.949,3.242,1.40685,105.2,485.6,126.9,485.5,83.1,485.6,1014,0.359,11
1206,-90.351,-64.639,-29.757,0.5216,0.0428,0.8521,-0.8552,0.0727,0.5132,-0.04,-0.9964,0.0745,25.503,0.0057,3.974,3.416,1.47534,106.1,485.6,128.1,486.9,83.9,484.2,1016,0.27,11
1207,-89.349,-64.516,-28.076,0.5016,0.0821,0.8612,-0.8635,0.1291,0.4876,-0.0712,-0.9882,0.1357,25.503,0.0026,3.965,3.581,1.31587,107.0,485.5,129.2,488.3,84.6,482.7,1017,0.416,11
1208,-88.393,-64.319,-26.376,0.4733,0.1189,0.8728,-0.8716,0.1843,0.4543,-0.1069,-0.9758,0.1909,25.503,0.0059,3.834,3.723,1.39842,107.9,485.4,130.2,489.6,85.3,481.1,1019,0.203,11
1209,-87.47,-64.043,-24.668,0.4744,0.1645,0.8648,-0.8792,0.2358,0.4141,-0.1358,-0.9569,0.2565,25.503,0.0202,4.249,3.769,1.35346,108.7,485.2,131.2,490.7,86.0,479.6,1020,0.404,11
1210,-86.534,-63.672,-22.986,0.4771,0.2127,0.8527,-0.8862,0.2807,0.3686,-0.1612,-0.9326,0.3228,25.503,0.0488,4.301,3.685,1.4545,109.6,484.9,132.2,491.6,86.7,478.1,1022,0.611,11
1211,-85.589,-63.216,-21.33,0.4894,0.2506,0.8353,-0.8925,0.3186,0.3193,-0.1869,-0.9054,0.3812,25.503,0.0902,3.975,3.582,1.27069,110.4,484.5,133.2,492.2,87.4,476.7,1023,0.326,11
1212,-84.615,-62.69,-19.711,0.501,0.286,0.8168,-0.8978,0.3499,0.2675,-0.2111,-0.8749,0.4359,25.502,0.1312,3.848,3.481,1.21546,111.3,484.0,134.2,492.6,88.3,475.4,1024,0.205,11
1213,-83.62,-62.103,-18.127,0.516,0.3108,0.7982,-0.9016,0.3756,0.2144,-0.237,-0.8437,0.4817,25.502,0.1774,3.505,3.388,1.00638,112.2,483.5,135.2,492.8,89.1,474.2,1025,0.278,11
1214,-82.587,-61.477,-16.582,0.5348,0.329,0.7783,-0.9037,0.3969,0.1606,-0.263,-0.8105,0.5234,25.502,0.2277,3.398,3.318,0.96066,113.2,482.9,136.1,492.8,90.1,473.0,1026,0.569,11
1215,-81.523,-60.812,-15.075,0.5524,0.3477,0.7576,-0.9037,0.4146,0.1068,-0.288,-0.7733,0.5649,25.502,0.2741,3.5,3.246,0.96384,114.2,482.3,137.1,492.7,91.1,471.9,1027,1.078,11
1216,-80.412,-60.119,-13.616,0.5829,0.3584,0.7293,-0.9017,0.4291,0.0532,-0.3116,-0.7303,0.608,25.502,0.333,3.742,3.184,1.25542,115.2,481.7,138.1,492.5,92.3,470.8,1027,0.884,11
1217,-79.245,-59.404,-12.212,0.608,0.3712,0.7018,-0.8977,0.4406,0.0001,-0.3346,-0.6819,0.6505,25.501,0.3822,3.919,3.122,1.15057,116.3,481.0,139.0,492.2,93.6,469.8,1028,0.165,11
1218,-78.019,-58.665,-10.872,0.6444,0.3812,0.6629,-0.8919,0.4493,-0.0516,-0.3531,-0.6206,0.7001,25.5,0.4377,4.642,3.023,1.58422,117.4,480.3,140.0,491.8,94.9,468.9,1029,0.766,11
1219,-76.716,-57.91,-9.617,0.6829,0.39,0.6177,-0.8846,0.4553,-0.101,-0.3675,-0.5473,0.7519,25.5,0.4889,5.21,2.882,1.7544,118.7,479.6,141.1,491.2,96.4,468.0,1029,1.195,11
1220,-75.345,-57.138,-8.447,0.7147,0.3958,0.5766,-0.876,0.4592,-0.1475,-0.3809,-0.4711,0.7956,25.499,0.5294,5.093,2.719,1.52824,120.0,478.9,142.1,490.7,98.0,467.1,1030,0.053,11
1221,-73.917,-56.36,-7.352,0.7406,0.3985,0.541,-0.8664,0.4613,-0.1912,-0.3936,-0.3952,0.83,25.498,0.5613,4.831,2.567,1.28899,121.4,478.1,143.2,490.0,99.6,466.3,1031,1.341,11
1222,-72.44,-55.576,-6.328,0.7663,0.4009,0.502,-0.8559,0.4622,-0.2319,-0.4014,-0.3113,0.8614,25.497,0.587,5.154,2.409,1.36682,122.8,477.4,144.4,489.3,101.4,465.5,1031,0.622,11
1223,-70.91,-54.789,-5.387,0.7937,0.4013,0.4571,-0.845,0.4621,-0.2692,-0.4022,-0.2175,0.8893,25.496,0.6083,5.61,2.227,1.53739,124.3,476.6,145.6,488.6,103.2,464.7,1032,1.033,11
1224,-69.332,-54.002,-4.529,0.8154,0.4009,0.4176,-0.8339,0.4612,-0.303,-0.401,-0.1292,0.9069,25.494,0.6216,5.161,2.039,1.31715,125.8,475.9,146.8,487.9,105.0,464.0,1032,0.929,11
1225,-67.713,-53.217,-3.751,0.8362,0.3996,0.3755,-0.823,0.46,-0.3333,-0.3938,-0.039,0.9184,25.493,0.6295,5.228,1.846,1.37291,127.4,475.1,148.1,487.1,106.9,463.2,1033,1.029,11
1226,-66.054,-52.436,-3.057,0.8555,0.3968,0.3328,-0.8123,0.4586,-0.3604,-0.3818,0.049,0.923,25.491,0.6329,5.097,1.671,1.37195,129.1,474.3,149.5,486.3,108.8,462.5,1033,0.932,11
1227,-64.36,-51.662,-2.443,0.8711,0.3928,0.2948,-0.8021,0.4572,-0.3843,-0.3689,0.1269,0.9208,25.49,0.6324,4.527,1.491,1.20612,130.7,473.6,150.9,485.6,110.8,461.7,1034,1.374,11
1228,-62.641,-50.894,-1.898,0.8821,0.3918,0.2614,-0.7922,0.4559,-0.4057,-0.3568,0.1934,0.914,25.488,0.6262,3.893,1.353,1.02803,132.4,472.8,152.4,484.8,112.7,461.0,1034,0.589,11
1229,-60.904,-50.124,-1.414,0.8893,0.3935,0.233,-0.7827,0.4547,-0.4249,-0.3468,0.2481,0.9045,25.487,0.6161,3.233,1.229,0.85762,134.1,472.1,153.8,484.0,114.7,460.3,1035,2.057,11
1230,-59.153,-49.354,-0.982,0.8966,0.3909,0.2079,-0.7735,0.4538,-0.4424,-0.3367,0.2971,0.8935,25.485,0.6081,2.935,1.134,0.76768,135.9,471.3,155.3,483.3,116.7,459.5,1035,0.102,11
1231,-57.389,-48.589,-0.597,0.902,0.3902,0.1849,-0.7646,0.4531,-0.4583,-0.3275,0.3392,0.8818,25.484,0.5976,2.559,1.045,0.6906,137.6,470.6,156.9,482.5,118.6,458.8,1035,1.866,11
1232,-55.617,-47.822,-0.256,0.9051,0.3926,0.1636,-0.7559,0.4527,-0.4729,-0.3199,0.3749,0.8701,25.482,0.5838,2.196,0.974,0.63277,139.4,469.8,158.4,481.7,120.6,458.0,1036,1.056,11
1233,-53.841,-47.048,0.045,0.9063,0.3977,0.1432,-0.7475,0.4525,-0.4864,-0.3135,0.4053,0.8588,25.48,0.5672,1.894,0.911,0.61544,141.2,469.0,160.0,481.0,122.6,457.3,1036,0.906,11
1234,-52.063,-46.261,0.306,0.9069,0.4028,0.1233,-0.7392,0.4525,-0.4988,-0.3073,0.4324,0.8477,25.479,0.5496,1.715,0.855,0.60051,142.9,468.3,161.5,480.2,124.6,456.5,1037,2.221,11
1235,-50.283,-45.472,0.53,0.9093,0.4026,0.1055,-0.7312,0.4528,-0.5103,-0.3,0.4584,0.8366,25.477,0.5364,1.673,0.803,0.52494,144.7,467.5,163.1,479.4,126.6,455.7,1037,0.262,11
1236,-48.499,-44.681,0.721,0.9099,0.4051,0.0892,-0.7233,0.4533,-0.521,-0.2947,0.4797,0.8264,25.476,0.521,1.387,0.763,0.48214,146.5,466.7,164.7,478.7,128.5,454.9,1037,1.702,11
1237,-46.715,-43.882,0.881,0.909,0.4102,0.0739,-0.7155,0.454,-0.531,-0.2909,0.4973,0.8173,25.474,0.5034,1.156,0.728,0.47196,148.3,465.9,166.3,477.9,130.5,454.1,1038,1.553,11
1238,-44.935,-43.07,1.011,0.9066,0.4178,0.0589,-0.7079,0.4549,-0.5403,-0.2885,0.5119,0.8091,25.472,0.4835,0.969,0.69,0.49631,150.0,465.1,167.9,477.1,132.5,453.3,1038,0.409,11
1239,-43.16,-42.241,1.112,0.9027,0.4281,0.0437,-0.7005,0.456,-0.549,-0.2874,0.524,0.8018,25.471,0.4611,0.812,0.657,0.54847,151.8,464.3,169.5,476.3,134.4,452.4,1038,2.37,11
1240,-41.395,-41.391,1.182,0.8995,0.4361,0.028,-0.6931,0.4572,-0.5573,-0.2848,0.5364,0.7944,25.469,0.4397,0.841,0.641,0.52335,153.6,463.4,171.1,475.5,136.4,451.5,1039,0.936,11
1241,-39.632,-40.533,1.222,0.8978,0.4402,0.0131,-0.6858,0.4586,-0.5651,-0.2809,0.5494,0.7869,25.468,0.4212,0.889,0.617,0.45426,155.3,462.6,172.6,474.7,138.3,450.6,1039,1.026,11
1242,-37.875,-39.663,1.234,0.8945,0.447,-0.0013,-0.6786,0.4601,-0.5725,-0.2787,0.5598,0.7804,25.466,0.4006,0.714,0.598,0.4752,157.1,461.7,174.2,473.8,140.2,449.7,1040,2.252,11
1243,-36.125,-38.778,1.217,0.8895,0.4566,-0.0156,-0.6715,0.4618,-0.5795,-0.278,0.568,0.7747,25.465,0.3774,0.574,0.58,0.52403,158.9,460.8,175.8,473.0,142.2,448.8,1040,0.292,11
1244,-34.387,-37.87,1.172,0.8826,0.4692,-0.0303,-0.6645,0.4635,-0.5862,-0.2788,0.574,0.7699,25.463,0.3513,0.443,0.564,0.60056,160.6,459.9,177.4,472.1,144.1,447.9,1040,1.67,11
1245,-32.665,-36.935,1.098,0.8731,0.4854,-0.0458,-0.6575,0.4653,-0.5926,-0.2812,0.5782,0.7659,25.462,0.3211,0.36,0.553,0.71147,162.3,459.0,178.9,471.2,146.0,446.9,1041,1.506,11
1246,-30.964,-35.966,0.992,0.8627,0.5017,-0.0634,-0.6506,0.4671,-0.5988,-0.2829,0.5826,0.7619,25.46,0.289,0.354,0.541,0.76406,164.0,458.0,180.5,470.3,147.8,445.9,1041,0.454,11
1247,-29.282,-34.97,0.849,0.8536,0.5144,-0.082,-0.6437,0.469,-0.6047,-0.2822,0.589,0.7573,25.459,0.2586,0.453,0.531,0.70987,165.7,457.0,182.0,469.3,149.7,444.8,1041,2.415,11
1248,-27.618,-33.947,0.67,0.8426,0.5293,-0.0997,-0.6369,0.471,-0.6104,-0.2835,0.5932,0.7535,25.457,0.2265,0.333,0.521,0.7486,167.4,456.0,183.5,468.4,151.5,443.8,1042,0.591,11
1249,-25.978,-32.893,0.459,0.8299,0.5458,-0.1157,-0.6301,0.473,-0.6158,-0.2868,0.5952,0.7507,25.456,0.1935,0.273,0.511,0.76734,169.0,454.9,185.0,467.3,153.3,442.7,1042,1.37,11
1250,-24.365,-31.805,0.218,0.8159,0.5636,-0.1295,-0.6234,0.4752,-0.621,-0.2922,0.5951,0.7487,25.454,0.1604,0.33,0.502,0.77492,170.6,453.8,186.4,466.3,155.1,441.5,1043,1.434,11
1251,-22.779,-30.682,-0.047,0.801,0.5816,-0.1418,-0.6167,0.4774,-0.6259,-0.2988,0.5937,0.7471,25.453,0.1276,0.397,0.492,0.77155,172.2,452.7,187.9,465.2,156.9,440.4,1043,0.527,11
1252,-21.223,-29.527,-0.346,0.786,0.5967,-0.1619,-0.6101,0.4797,-0.6307,-0.2999,0.5969,0.7441,25.452,0.0912,0.259,0.486,0.85551,173.8,451.5,189.3,464.1,158.6,439.2,1044,2.098,11
1253,-19.697,-28.342,-0.678,0.771,0.6118,-0.1766,-0.6035,0.4821,-0.6351,-0.304,0.5973,0.7422,25.451,0.0582,0.26,0.475,0.75586,175.3,450.3,190.6,463.0,160.3,437.9,1044,0.138,11
1254,-18.199,-27.128,-1.035,0.7567,0.6268,-0.1859,-0.597,0.4846,-0.6393,-0.3107,0.595,0.7412,25.45,0.0292,0.41,0.466,0.66378,176.8,449.1,192.0,461.8,161.9,436.7,1044,1.824,11
1255,-16.729,-25.885,-1.404,0.7434,0.6413,-0.1899,-0.5905,0.4873,-0.6433,-0.32,0.5904,0.7409,25.448,0.0043,0.595,0.464,0.5867,178.3,447.9,193.3,460.6,163.6,435.4,1045,0.639,11
1256,-15.283,-24.614,-1.776,0.7315,0.6552,-0.189,-0.5841,0.49,-0.647,-0.3314,0.5837,0.7412,25.448,0.0161,0.758,0.451,0.5353,179.7,446.6,194.6,459.4,165.2,434.0,1045,1.323,11
1257,-13.862,-23.315,-2.149,0.7163,0.6695,-0.1966,-0.5778,0.4929,-0.6505,-0.3389,0.5802,0.7406,25.447,0.044,0.475,0.445,0.64898,181.2,445.3,195.8,458.1,166.7,432.7,1046,0.991,11
1258,-12.472,-21.99,-2.547,0.7012,0.6822,-0.2074,-0.5716,0.4959,-0.6537,-0.344,0.5785,0.7396,25.446,0.0731,0.313,0.435,0.65731,182.5,444.0,197.1,456.9,168.3,431.3,1046,0.971,11
1259,-11.109,-20.641,-2.958,0.6896,0.6928,-0.2108,-0.5654,0.499,-0.6567,-0.3513,0.5747,0.7392,25.445,0.0942,0.472,0.433,0.46973,183.9,442.6,198.3,455.6,169.8,429.9,1047,1.201,11
1260,-9.766,-19.273,-3.37,0.6811,0.7021,-0.2078,-0.5593,0.5023,-0.6594,-0.3607,0.5687,0.7392,25.445,0.1087,0.639,0.426,0.37842,185.3,441.2,199.5,454.3,171.3,428.4,1047,0.762,11
1261,-8.436,-17.888,-3.769,0.6752,0.7105,-0.1983,-0.5533,0.5056,-0.6619,-0.3726,0.5605,0.7396,25.445,0.1169,0.828,0.418,0.40864,186.6,439.9,200.7,453.0,172.7,427.0,1048,1.271,11
1262,-7.116,-16.487,-4.142,0.6716,0.7183,-0.1817,-0.5474,0.5091,-0.6642,-0.3874,0.5494,0.7403,25.445,0.1187,1.061,0.415,0.54618,187.9,438.4,201.9,451.7,174.2,425.5,1048,0.692,11
1263,-5.801,-15.071,-4.476,0.6701,0.7256,-0.1563,-0.5415,0.5127,-0.6663,-0.4059,0.5346,0.7412,25.445,0.1133,1.358,0.414,0.77331,189.2,437.0,203.0,450.3,175.7,424.0,1049,1.2,11
1264,-4.498,-13.636,-4.77,0.6583,0.7384,-0.1461,-0.5358,0.5163,-0.6681,-0.4213,0.5223,0.7414,25.446,0.1261,1.129,0.4,0.58972,190.5,435.6,204.2,449.0,177.1,422.5,1049,0.761,11
1265,-3.217,-12.177,-5.046,0.6487,0.7492,-0.1337,-0.53,0.52,-0.6698,-0.4363,0.5101,0.7413,25.446,0.1353,1.108,0.406,0.5564,191.8,434.1,205.3,447.6,178.5,421.0,1050,0.994,11
1266,-1.951,-10.701,-5.292,0.6434,0.7566,-0.1162,-0.5244,0.5238,-0.6712,-0.4513,0.4975,0.7408,25.447,0.1369,1.123,0.396,0.57645,193.1,432.7,206.5,446.2,179.9,419.4,1050,0.97,11
1267,-0.691,-9.213,-5.498,0.6427,0.7604,-0.0937,-0.519,0.5277,-0.6725,-0.4659,0.485,0.7401,25.449,0.1307,1.102,0.389,0.66711,194.3,431.2,207.6,444.8,181.3,417.8,1051,0.653,11
1268,0.572,-7.721,-5.656,0.6464,0.7601,-0.0664,-0.5136,0.5315,-0.6736,-0.4799,0.4728,0.739,25.45,0.1167,1.066,0.384,0.8051,195.6,429.7,208.7,443.4,182.7,416.3,1051,1.309,11
1269,1.847,-6.235,-5.756,0.6528,0.7567,-0.0351,-0.5084,0.5354,-0.6744,-0.4938,0.4603,0.7377,25.452,0.0969,1.074,0.375,0.93883,196.8,428.2,209.9,442.0,184.0,414.7,1052,0.194,11
1270,3.12,-4.744,-5.795,0.6463,0.7631,-0.0053,-0.5034,0.5393,-0.6751,-0.5144,0.4408,0.7356,25.455,0.0898,1.63,0.366,0.91068,198.1,426.7,211.0,440.6,185.4,413.1,1053,1.591,11
1271,4.385,-3.245,-5.779,0.6444,0.7644,0.0206,-0.4985,0.5432,-0.6756,-0.5294,0.4264,0.7334,25.457,0.0801,1.198,0.36,0.75979,199.4,425.2,212.2,439.2,186.8,411.6,1053,0.371,11
1272,5.65,-1.749,-5.717,0.6472,0.7611,0.0428,-0.4938,0.5471,-0.6759,-0.5391,0.4173,0.7316,25.46,0.0679,0.769,0.35,0.66094,200.6,423.7,213.3,437.8,188.2,410.0,1054,0.928,11
1273,6.926,-0.263,-5.614,0.655,0.7531,0.0613,-0.4892,0.551,-0.6761,-0.5437,0.4135,0.7303,25.463,0.0531,0.35,0.346,0.63152,201.9,422.3,214.5,436.4,189.5,408.4,1054,1.034,11
1274,8.222,1.202,-5.479,0.6677,0.7405,0.0762,-0.4847,0.5549,-0.6761,-0.5433,0.4148,0.7299,25.466,0.0358,0.081,0.341,0.68032,203.2,420.8,215.7,435.0,190.9,406.9,1055,0.175,11
1275,9.547,2.639,-5.316,0.6799,0.7273,0.0933,-0.4804,0.5588,-0.6759,-0.5439,0.4148,0.7295,25.469,0.0167,0.041,0.333,0.72498,204.5,419.4,216.9,433.7,192.3,405.3,1056,1.296,11
1276,10.882,4.059,-5.106,0.6829,0.7208,0.1191,-0.4762,0.5628,-0.6756,-0.554,0.4047,0.7276,25.472,0.0,0.826,0.333,0.7824,205.9,418.0,218.2,432.3,193.8,403.8,1056,0.666,11
1277,12.228,5.463,-4.854,0.6901,0.7105,0.1375,-0.4722,0.5667,-0.6752,-0.5577,0.4011,0.7267,25.475,0.0161,0.3,0.321,0.65106,207.2,416.6,219.4,431.0,195.2,402.3,1057,0.378,11
1278,13.591,6.843,-4.572,0.7017,0.6968,0.1486,-0.4682,0.5707,-0.6746,-0.5551,0.404,0.727,25.478,0.0311,0.224,0.326,0.61674,208.6,415.2,220.7,429.8,196.6,400.9,1058,1.341,11
1279,14.982,8.193,-4.276,0.7177,0.6795,0.1525,-0.4644,0.5746,-0.6739,-0.5461,0.4133,0.7287,25.481,0.0456,0.748,0.315,0.69795,209.9,413.8,222.0,428.5,198.1,399.4,1058,0.622,11
1280,16.408,9.506,-3.979,0.7376,0.6586,0.1492,-0.4607,0.5785,-0.6732,-0.5306,0.4286,0.7313,25.484,0.0593,1.257,0.311,0.84874,211.4,412.5,223.4,427.3,199.6,398.0,1059,0.274,11
1281,17.876,10.773,-3.688,0.7587,0.633,0.1543,-0.457,0.5823,-0.6723,-0.5171,0.441,0.7335,25.486,0.0819,1.058,0.308,0.9808,212.8,411.2,224.7,426.1,201.2,396.7,1060,1.099,11
1282,19.38,11.99,-3.372,0.7749,0.6097,0.1666,-0.4535,0.5861,-0.6714,-0.5099,0.4472,0.7348,25.488,0.1059,0.549,0.3,0.9038,214.3,410.0,226.2,425.0,202.7,395.4,1060,0.862,11
1283,20.913,13.167,-3.04,0.7881,0.5917,0.1696,-0.4501,0.5899,-0.6704,-0.5003,0.4553,0.7365,25.49,0.1194,0.726,0.298,0.65809,215.9,408.9,227.6,423.9,204.3,394.1,1061,0.108,11
1284,22.47,14.314,-2.712,0.7994,0.5782,0.1635,-0.4467,0.5935,-0.6695,-0.4879,0.4657,0.7383,25.492,0.1234,0.933,0.288,0.5444,217.4,407.7,229.1,422.8,206.0,392.9,1062,0.59,11
1285,24.047,15.438,-2.405,0.809,0.5689,0.1479,-0.4434,0.5971,-0.6685,-0.4719,0.4786,0.7404,25.494,0.1179,1.184,0.286,0.60022,219.0,406.6,230.6,421.8,207.6,391.7,1063,1.214,11
1286,25.642,16.548,-2.14,0.817,0.5637,0.121,-0.4401,0.6005,-0.6676,-0.4514,0.4948,0.7426,25.496,0.1018,1.502,0.276,0.83404,220.6,405.5,232.2,420.8,209.3,390.5,1063,0.748,11
1287,27.253,17.646,-1.932,0.8284,0.5516,0.0976,-0.4369,0.6038,-0.6667,-0.4286,0.5119,0.7445,25.497,0.0939,1.637,0.268,0.83882,222.2,404.4,233.7,419.7,210.9,389.3,1064,0.194,11
1288,28.891,18.709,-1.754,0.8418,0.5334,0.0828,-0.4337,0.6069,-0.666,-0.4074,0.5272,0.7457,25.498,0.0965,1.5,0.258,0.7895,223.9,403.3,235.3,418.7,212.6,388.2,1065,0.294,11
1289,30.551,19.743,-1.613,0.8505,0.5227,0.0591,-0.4306,0.6099,-0.6653,-0.3852,0.5424,0.7466,25.499,0.0867,1.542,0.25,0.80119,225.5,402.3,236.9,417.8,214.4,387.1,1066,0.703,11
1290,32.222,20.764,-1.528,0.8535,0.5205,0.0262,-0.4274,0.6128,-0.6647,-0.3627,0.5572,0.7469,25.5,0.0632,1.543,0.25,0.96754,227.2,401.3,238.5,416.8,216.1,386.0,1067,1.044,12
1291,33.894,21.79,-1.516,0.8498,0.5269,-0.0155,-0.4241,0.6156,-0.6642,-0.3405,0.5712,0.7468,25.501,0.0257,1.504,0.25,1.23766,228.9,400.2,240.1,415.9,217.8,384.9,1067,0.918,12
1292,35.555,22.828,-1.594,0.848,0.526,-0.065,-0.4207,0.6183,-0.6638,-0.309,0.5903,0.7457,25.501,0.0116,2.112,0.25,1.44774,230.5,399.2,241.7,414.9,219.6,383.8,1068,0.643,12
1293,37.219,23.851,-1.766,0.848,0.5187,-0.1088,-0.4172,0.621,-0.6635,-0.2768,0.6086,0.7436,25.502,0.0405,2.126,0.254,1.2977,232.2,398.2,243.3,413.9,221.3,382.7,1069,0.434,12
1294,38.876,24.868,-2.013,0.8418,0.5209,-0.1412,-0.4136,0.6237,-0.6633,-0.2581,0.6184,0.7423,25.502,0.0704,1.212,0.258,0.96617,233.8,397.2,244.8,413.0,223.0,381.7,1070,0.293,12
1295,40.517,25.9,-2.313,0.8303,0.5333,-0.1621,-0.4097,0.6263,-0.6632,-0.2535,0.6202,0.7423,25.502,0.1013,0.283,0.269,0.78564,235.5,396.1,246.4,412.0,224.8,380.6,1071,0.221,12
1296,42.129,26.966,-2.641,0.8137,0.5555,-0.1712,-0.4057,0.629,-0.6632,-0.263,0.6146,0.7437,25.502,0.1328,0.637,0.276,0.85255,237.1,395.1,247.9,411.0,226.4,379.5,1072,0.215,12
1297,43.708,28.072,-3.001,0.7977,0.5682,-0.202,-0.4014,0.6317,-0.6632,-0.2531,0.6194,0.7431,25.502,0.1727,0.631,0.291,1.08015,238.6,394.0,249.4,409.9,228.1,378.3,1073,0.289,12
1298,45.259,29.195,-3.424,0.784,0.578,-0.2266,-0.3968,0.6345,-0.6633,-0.2448,0.6233,0.7427,25.502,0.206,0.526,0.309,0.87111,240.2,392.9,250.8,408.9,229.7,377.1,1074,0.444,12
1299,46.784,30.342,-3.878,0.7713,0.5919,-0.234,-0.3918,0.6374,-0.6635,-0.2503,0.6201,0.7435,25.502,0.2303,0.367,0.331,0.59108,241.7,391.7,252.2,407.8,231.4,375.9,1075,0.683,12
1300,48.284,31.52,-4.331,0.7591,0.6111,-0.2243,-0.3863,0.6406,-0.6637,-0.2702,0.6094,0.7454,25.502,0.2471,1.299,0.365,0.72257,243.2,390.6,253.5,406.7,233.0,374.7,1077,0.563,12
1301,49.76,32.742,-4.745,0.7461,0.6367,-0.195,-0.3802,0.644,-0.6639,-0.3073,0.589,0.7474,25.502,0.2558,2.429,0.4,1.19869,244.6,389.3,254.9,405.6,234.6,373.4,1078,0.106,12
1302,51.2,34.023,-5.106,0.7203,0.6697,-0.1809,-0.3735,0.6476,-0.6641,-0.3417,0.5695,0.7476,25.502,0.2848,2.266,0.436,1.29185,246.1,388.1,256.1,404.4,236.2,372.1,1079,0.399,12
1303,52.59,35.363,-5.45,0.6991,0.6951,-0.1677,-0.3661,0.6516,-0.6643,-0.3705,0.5528,0.7464,25.501,0.3084,1.909,0.482,1.04085,247.4,386.7,257.3,403.1,237.7,370.7,1081,0.461,12
1304,53.951,36.741,-5.754,0.691,0.7093,-0.1393,-0.3583,0.6559,-0.6644,-0.3997,0.5354,0.744,25.501,0.3102,1.953,0.51,0.95761,248.8,385.4,258.5,401.9,239.3,369.2,1082,0.118,12
1305,55.309,38.136,-5.986,0.6971,0.7107,-0.0947,-0.3501,0.6603,-0.6644,-0.4278,0.5182,0.7405,25.501,0.2881,1.898,0.533,1.31625,250.1,384.0,259.6,400.6,240.8,367.7,1083,0.689,12
1306,56.686,39.525,-6.12,0.7022,0.7105,-0.0454,-0.3416,0.6651,-0.6641,-0.4578,0.4994,0.7356,25.501,0.2628,2.048,0.56,1.44847,251.5,382.6,260.8,399.3,242.4,366.2,1085,0.159,12
1307,58.059,40.924,-6.168,0.6987,0.7154,-0.0035,-0.3329,0.67,-0.6636,-0.4878,0.4799,0.7292,25.5,0.249,2.083,0.573,1.23705,252.9,381.2,261.9,398.0,243.9,364.7,1086,0.383,12
1308,59.428,42.328,-6.134,0.698,0.7151,0.0383,-0.3239,0.6751,-0.6628,-0.5137,0.4628,0.7224,25.5,0.2313,1.821,0.594,1.22173,254.2,379.8,263.1,396.7,245.5,363.2,1088,0.504,12
1309,60.799,43.725,-6.017,0.7005,0.7091,0.0802,-0.3147,0.6804,-0.6618,-0.5357,0.4482,0.7156,25.5,0.2089,1.562,0.611,1.23917,255.6,378.4,264.2,395.5,247.1,361.7,1089,0.033,12
1310,62.174,45.108,-5.817,0.7004,0.7028,0.1244,-0.3053,0.6859,-0.6606,-0.5593,0.4322,0.7073,25.5,0.186,1.702,0.628,1.3048,257.0,377.0,265.4,394.2,248.7,360.2,1090,0.574,12
1311,63.545,46.48,-5.53,0.6982,0.6957,0.169,-0.2955,0.6916,-0.659,-0.5832,0.4158,0.6978,25.5,0.1635,1.748,0.656,1.3214,258.4,375.7,266.5,393.0,250.3,358.7,1092,0.28,12
1312,64.912,47.834,-5.156,0.6964,0.6857,0.212,-0.2855,0.6975,-0.6572,-0.6045,0.4011,0.6883,25.5,0.1401,1.58,0.673,1.29122,259.7,374.3,267.7,391.8,251.9,357.2,1093,0.29,12
1313,66.276,49.167,-4.7,0.695,0.6732,0.2523,-0.2753,0.7036,-0.6552,-0.6229,0.3886,0.679,25.5,0.117,1.381,0.69,1.23376,261.1,373.0,268.8,390.6,253.6,355.7,1095,0.485,12
1314,67.635,50.476,-4.164,0.6903,0.6612,0.2937,-0.2648,0.7098,-0.6528,-0.643,0.3745,0.6681,25.5,0.0948,1.539,0.712,1.26718,262.5,371.6,269.9,389.4,255.2,354.2,1096,0.135,12
1315,68.984,51.759,-3.55,0.6857,0.6474,0.3326,-0.2542,0.7161,-0.6501,-0.6608,0.3622,0.6573,25.5,0.0731,1.386,0.723,1.21373,263.8,370.3,271.0,388.3,256.8,352.8,1098,0.521,12
1316,70.324,53.014,-2.861,0.6814,0.6319,0.3693,-0.2433,0.7225,-0.6472,-0.6767,0.3516,0.6469,25.5,0.0518,1.247,0.743,1.17098,265.2,369.1,272.1,387.1,258.4,351.3,1099,0.17,12
1317,71.656,54.236,-2.102,0.6765,0.6146,0.4056,-0.2322,0.7289,-0.644,-0.6918,0.3416,0.6361,25.5,0.0297,1.208,0.757,1.18382,266.6,367.8,273.2,386.1,260.1,349.9,1101,0.318,12
1318,72.976,55.424,-1.271,0.6697,0.597,0.4418,-0.2209,0.7355,-0.6405,-0.7073,0.3314,0.6244,25.5,0.0082,1.257,0.776,1.19302,267.9,366.6,274.3,385.0,261.7,348.5,1102,0.467,13
1319,74.282,56.578,-0.373,0.6629,0.5801,0.4733,-0.2093,0.7423,-0.6366,-0.7207,0.3229,0.6135,25.5,0.0094,1.103,0.802,1.06335,269.3,365.4,275.3,384.0,263.3,347.2,1104,0.18,13
1320,75.576,57.7,0.582,0.6565,0.5648,0.5001,-0.1973,0.7495,-0.6319,-0.7319,0.3162,0.6036,25.5,0.0222,0.939,0.846,0.92096,270.6,364.3,276.4,383.1,264.9,345.8,1106,0.043,13
1321,76.854,58.793,1.59,0.6436,0.5492,0.533,-0.185,0.7573,-0.6263,-0.7481,0.3047,0.5894,25.5,0.037,1.399,0.894,1.1288,271.9,363.2,277.4,382.1,266.6,344.5,1108,0.069,13
1322,78.101,59.853,2.67,0.63,0.5323,0.5654,-0.1724,0.7656,-0.6197,-0.7638,0.2933,0.5749,25.5,0.0515,1.388,0.944,1.13954,273.2,362.1,278.4,381.3,268.2,343.2,1110,0.269,13
1323,79.333,60.882,3.796,0.6289,0.5181,0.5797,-0.1599,0.7742,-0.6124,-0.7673,0.2929,0.5705,25.5,0.0545,0.323,0.965,0.58981,274.5,361.0,279.3,380.4,269.8,341.9,1113,0.152,13
1324,80.575,61.887,4.933,0.6392,0.5073,0.5779,-0.1477,0.7826,-0.6047,-0.7599,0.3015,0.5758,25.5,0.0469,0.717,0.957,0.43921,275.8,359.9,280.3,379.6,271.4,340.6,1116,0.312,13
1325,81.846,62.874,6.054,0.6579,0.4993,0.5638,-0.1362,0.7907,-0.5969,-0.7442,0.3161,0.5885,25.5,0.0313,1.428,0.922,0.72323,277.1,358.9,281.3,378.8,273.0,339.4,1118,0.319,13
1326,83.143,63.834,7.167,0.6652,0.4815,0.5706,-0.1256,0.7982,-0.5892,-0.7396,0.3205,0.5918,25.5,0.0354,0.411,0.865,0.59633,278.5,357.9,282.4,378.0,274.6,338.2,1121,0.286,13
1327,84.454,64.767,8.288,0.6718,0.4712,0.5716,-0.1158,0.8052,-0.5817,-0.7346,0.3247,0.5957,25.5,0.0309,0.436,0.813,0.35864,279.8,356.9,283.5,377.2,276.2,337.0,1124,0.099,13
1328,85.777,65.686,9.405,0.6778,0.4671,0.5678,-0.1066,0.8117,-0.5743,-0.7293,0.3288,0.6,25.5,0.0192,0.456,0.772,0.23962,281.2,356.0,284.7,376.4,277.8,335.9,1126,0.392,13
1329,87.112,66.603,10.512,0.6834,0.4685,0.5599,-0.0978,0.8179,-0.567,-0.7236,0.3328,0.6048,25.5,0.0011,0.485,0.745,0.28587,282.6,355.0,285.9,375.6,279.4,334.7,1129,0.381,13
1330,88.457,67.527,11.599,0.6887,0.4745,0.5483,-0.0892,0.8238,-0.5599,-0.7175,0.3368,0.6098,25.5,0.0225,0.507,0.723,0.41182,284.0,354.0,287.1,374.8,281.1,333.6,1131,0.357,13
1331,89.812,68.466,12.66,0.6934,0.4844,0.5334,-0.0806,0.8294,-0.5528,-0.7111,0.3408,0.615,25.5,0.051,0.525,0.715,0.54048,285.4,353.0,288.3,374.0,282.7,332.5,1133,0.385,13
1332,91.176,69.419,13.697,0.6979,0.487,0.5251,-0.0719,0.8348,-0.5458,-0.7059,0.344,0.6192,25.5,0.0698,0.425,0.711,0.2862,286.9,352.0,289.5,373.1,284.3,331.3,1135,0.442,13
1333,92.549,70.376,14.719,0.7018,0.4892,0.5179,-0.0631,0.84,-0.5389,-0.7013,0.3468,0.6228,25.5,0.0875,0.371,0.707,0.24772,288.3,351.0,290.7,372.3,286.0,330.2,1136,0.498,13
1334,93.929,71.337,15.728,0.7053,0.4911,0.5112,-0.0542,0.845,-0.5321,-0.6971,0.3495,0.626,25.5,0.1047,0.34,0.703,0.2277,289.8,350.0,291.9,371.4,287.7,329.0,1138,0.375,13
1335,95.315,72.302,16.725,0.7087,0.4928,0.5048,-0.0453,0.8496,-0.5254,-0.693,0.3521,0.6291,25.5,0.1214,0.33,0.691,0.21749,291.2,349.0,293.1,370.5,289.3,327.9,1140,0.188,13
1336,96.708,73.27,17.708,0.7122,0.4945,0.4983,-0.0364,0.854,-0.5189,-0.6888,0.3548,0.6322,25.5,0.1378,0.337,0.68,0.22134,292.7,348.0,294.3,369.6,291.0,326.7,1142,0.126,14
1337,98.108,74.241,18.679,0.7158,0.4961,0.4914,-0.0275,0.8581,-0.5127,-0.6842,0.3577,0.6355,25.5,0.1541,0.364,0.664,0.23215,294.1,347.0,295.6,368.7,292.7,325.6,1144,0.531,14
1338,99.516,75.216,19.635,0.7198,0.4979,0.4837,-0.0188,0.8619,-0.5067,-0.6791,0.361,0.6392,25.5,0.1705,0.408,0.643,0.25893,295.6,346.0,296.8,367.8,294.4,324.4,1145,0.173,14
1339,100.932,76.194,20.575,0.7242,0.4998,0.475,-0.0102,0.8654,-0.501,-0.6734,0.3645,0.6432,25.5,0.1872,0.447,0.624,0.29026,297.1,344.9,298.1,366.9,296.1,323.3,1147,0.564,14
1340,102.352,77.176,21.504,0.7246,0.5019,0.4722,-0.0018,0.8685,-0.4957,-0.6726,0.3658,0.6433,25.5,0.2005,0.088,0.596,0.10293,298.6,343.9,299.4,365.9,297.8,322.2,1148,0.059,14
1341,103.775,78.163,22.424,0.7275,0.504,0.4655,0.0064,0.8713,-0.4907,-0.6686,0.3686,0.6458,25.5,0.2154,0.314,0.573,0.22195,300.1,342.9,300.7,364.9,299.5,321.1,1149,0.372,14
1342,105.207,79.153,23.327,0.7331,0.506,0.4544,0.0146,0.8739,-0.486,-0.6611,0.3731,0.651,25.5,0.2321,0.583,0.562,0.36795,301.6,341.8,302.0,364.0,301.2,319.9,1150,0.712,14
1343,106.652,80.147,24.203,0.7418,0.508,0.4378,0.0227,0.8761,-0.4816,-0.649,0.3793,0.6595,25.5,0.2511,0.919,0.543,0.55074,303.1,340.8,303.3,363.0,302.9,318.8,1152,0.807,14
1344,108.119,81.145,25.039,0.7543,0.5099,0.4136,0.0308,0.8781,-0.4775,-0.6306,0.3877,0.6723,25.5,0.2735,1.372,0.533,0.79781,304.6,339.7,304.6,362.0,304.7,317.7,1153,0.686,14
1345,109.614,82.147,25.818,0.7719,0.5111,0.3782,0.039,0.8798,-0.4737,-0.6027,0.3988,0.6911,25.5,0.3006,2.03,0.527,1.15557,306.2,338.7,306.0,361.0,306.5,316.6,1154,0.621,14
1346,111.142,83.15,26.525,0.787,0.5125,0.3435,0.0474,0.8813,-0.4702,-0.5754,0.4088,0.7083,25.5,0.3275,1.936,0.528,1.1071,307.8,337.6,307.3,360.0,308.3,315.5,1155,0.608,14
1347,112.701,84.156,27.16,0.803,0.5131,0.3032,0.0558,0.8826,-0.4669,-0.5427,0.4193,0.7277,25.5,0.3561,2.26,0.522,1.26721,309.4,336.6,308.7,359.0,310.1,314.4,1156,0.638,14
1348,114.292,85.161,27.711,0.8192,0.5122,0.2582,0.0645,0.8836,-0.4639,-0.5047,0.4299,0.7486,25.5,0.3856,2.558,0.53,1.39802,311.1,335.5,310.2,358.0,312.0,313.3,1157,0.709,14
1349,115.912,86.163,28.173,0.8334,0.5096,0.2141,0.0735,0.8843,-0.4611,-0.4659,0.4392,0.7681,25.5,0.4132,2.545,0.542,1.35607,312.8,334.5,311.6,356.9,313.9,312.3,1158,0.819,14
1350,117.559,87.161,28.544,0.846,0.5074,0.1637,0.0827,0.8848,-0.4586,-0.4213,0.4481,0.7885,25.5,0.4438,2.856,0.547,1.5196,314.5,333.4,313.1,355.9,315.8,311.2,1159,0.965,14
1351,119.23,88.151,28.815,0.8576,0.5015,0.1138,0.0921,0.885,-0.4563,-0.3736,0.4555,0.808,25.5,0.4709,2.983,0.555,1.5072,316.2,332.4,314.6,354.9,317.8,310.2,1159,0.996,14
1352,120.921,89.126,28.992,0.8678,0.4923,0.0668,0.1018,0.885,-0.4543,-0.3252,0.4612,0.8256,25.5,0.4937,2.969,0.567,1.43114,317.9,331.4,316.1,353.9,319.7,309.2,1160,0.818,14
1353,122.632,90.081,29.079,0.8756,0.4826,0.0209,0.1116,0.8848,-0.4525,-0.2764,0.465,0.8411,25.5,0.5153,2.942,0.571,1.38989,319.6,330.4,317.6,352.9,321.7,308.2,1161,0.61,14
1354,124.354,91.017,29.074,0.8812,0.4721,-0.0255,0.1216,0.8843,-0.4509,-0.2255,0.467,0.855,25.5,0.5361,3.026,0.581,1.39992,321.4,329.5,319.1,352.0,323.7,307.3,1162,0.378,14
1355,126.087,91.93,28.979,0.886,0.4582,-0.0713,0.1317,0.8835,-0.4495,-0.1717,0.4669,0.8675,25.5,0.5536,3.165,0.586,1.40576,323.2,328.6,320.6,351.0,325.7,306.4,1163,0.125,14
1356,127.828,92.812,28.794,0.8901,0.4402,-0.1182,0.1419,0.8826,-0.4483,-0.113,0.4643,0.8784,25.5,0.5678,3.425,0.591,1.47299,324.9,327.7,322.1,350.1,327.7,305.6,1164,0.148,14
1357,129.574,93.659,28.515,0.8905,0.4235,-0.1663,0.1521,0.8814,-0.4473,-0.0528,0.4592,0.8868,25.5,0.5831,3.495,0.591,1.48815,326.7,326.8,323.5,349.2,329.7,304.8,1165,0.437,14
1358,131.32,94.471,28.142,0.8896,0.4041,-0.213,0.1623,0.8799,-0.4465,0.0087,0.4512,0.8924,25.5,0.5951,3.568,0.592,1.4781,328.4,326.0,325.0,348.3,331.7,304.0,1166,0.74,14
1359,133.062,95.242,27.68,0.8874,0.382,-0.2582,0.1725,0.8783,-0.4458,0.0708,0.4404,0.895,25.5,0.6037,3.615,0.593,1.4718,330.1,325.3,326.5,347.5,333.7,303.3,1167,1.057,14
1360,134.798,95.968,27.13,0.8827,0.3592,-0.3031,0.1826,0.8766,-0.4453,0.1335,0.4266,0.8945,25.5,0.611,3.679,0.588,1.47813,331.9,324.6,328.0,346.8,335.7,302.6,1167,0.904,14
1361,136.522,96.65,26.493,0.8759,0.3361,-0.3461,0.1926,0.8747,-0.4448,0.1947,0.4102,0.891,25.5,0.6166,3.636,0.584,1.44029,333.6,323.9,329.4,346.1,337.6,302.0,1168,0.576,14
1362,138.232,97.285,25.774,0.8679,0.3113,-0.3871,0.2025,0.8727,-0.4443,0.2542,0.3913,0.8845,25.5,0.6194,3.597,0.579,1.4198,335.2,323.3,330.9,345.4,339.6,301.5,1169,0.239,14
1363,139.925,97.87,24.976,0.8583,0.2845,-0.427,0.2124,0.8707,-0.4436,0.3129,0.3694,0.875,25.5,0.6194,3.631,0.58,1.43247,336.9,322.8,332.3,344.8,341.5,301.0,1170,0.106,14
1364,141.596,98.402,24.1,0.8461,0.2587,-0.4661,0.2222,0.8687,-0.4427,0.3697,0.3451,0.8627,25.5,0.6191,3.61,0.575,1.41471,338.5,322.3,333.7,344.2,343.3,300.6,1171,0.454,14
1365,143.243,98.883,23.149,0.8326,0.2312,-0.5032,0.2318,0.8668,-0.4415,0.424,0.3184,0.8478,25.5,0.6156,3.571,0.565,1.40613,340.1,321.8,335.0,343.7,345.1,300.2,1172,0.804,14
1366,144.861,99.307,22.127,0.8175,0.201,-0.5397,0.2414,0.865,-0.4399,0.4769,0.2891,0.83,25.5,0.6086,3.613,0.567,1.45313,341.7,321.5,336.3,343.3,346.9,299.9,1173,1.153,14
1367,146.447,99.67,21.032,0.7995,0.1698,-0.5762,0.2508,0.8633,-0.4379,0.5286,0.2568,0.8091,25.5,0.5994,3.693,0.559,1.49873,343.2,321.2,337.6,342.9,348.7,299.6,1173,0.808,14
1368,147.995,99.973,19.868,0.7796,0.1384,-0.6108,0.2601,0.8618,-0.4354,0.5763,0.2233,0.7862,25.5,0.588,3.589,0.558,1.48426,344.6,320.9,338.8,342.6,350.4,299.5,1174,0.462,14
1369,149.503,100.212,18.639,0.7586,0.1059,-0.6429,0.269,0.8606,-0.4324,0.6193,0.1892,0.762,25.5,0.5732,3.437,0.543,1.4693,346.1,320.7,340.0,342.4,352.0,299.3,1175,0.119,14
1370,150.969,100.387,17.349,0.7362,0.0726,-0.6728,0.2777,0.8597,-0.4288,0.6581,0.1549,0.7368,25.5,0.5554,3.3,0.542,1.46274,347.4,320.6,341.2,342.3,353.6,299.3,1176,0.22,14
1371,152.389,100.498,16.001,0.7118,0.0407,-0.7012,0.2859,0.859,-0.4246,0.6931,0.1205,0.7107,25.5,0.5362,3.185,0.529,1.43755,348.8,320.6,342.3,342.2,355.1,299.2,1177,0.552,14
1372,153.761,100.547,14.601,0.6871,0.0086,-0.7265,0.2937,0.8588,-0.4198,0.7233,0.0875,0.685,25.5,0.5142,2.956,0.525,1.39563,350.0,320.6,343.4,342.2,356.6,299.3,1178,0.874,14
1373,155.083,100.531,13.153,0.6611,-0.0247,-0.7499,0.301,0.8589,-0.4143,0.7499,0.0551,0.6592,25.5,0.4885,2.821,0.524,1.41139,351.2,320.7,344.4,342.3,358.0,299.4,1178,1.088,14
1374,156.351,100.449,11.66,0.6322,-0.0585,-0.7726,0.3078,0.8595,-0.4081,0.7745,0.0228,0.6321,25.5,0.4596,2.797,0.528,1.4593,352.4,320.9,345.3,342.5,359.3,299.5,1179,0.777,14
1375,157.562,100.302,10.125,0.6029,-0.0914,-0.7925,0.3139,0.8606,-0.4011,0.7954,-0.0077,0.606,25.5,0.4285,2.593,0.536,1.41277,353.5,321.1,346.3,342.7,360.6,299.8,1180,0.482,14
1376,158.716,100.09,8.553,0.5729,-0.125,-0.81,0.3194,0.8622,-0.3932,0.8132,-0.0365,0.5808,25.5,0.3937,2.418,0.559,1.41224,354.5,321.4,347.1,343.1,361.7,300.0,1181,0.205,14
1377,159.808,99.811,6.949,0.5402,-0.1608,-0.8261,0.3243,0.8644,-0.3843,0.8294,-0.0645,0.5549,25.5,0.3537,2.375,0.596,1.49315,355.4,321.8,348.0,343.5,362.8,300.3,1182,0.052,14
1378,160.831,99.46,5.314,0.5038,-0.1969,-0.8411,0.3286,0.8671,-0.3743,0.8445,-0.0923,0.5275,25.5,0.3096,2.398,0.643,1.56108,356.3,322.2,348.7,344.0,363.8,300.7,1183,0.283,14
1379,161.784,99.039,3.653,0.4689,-0.2314,-0.8524,0.3323,0.8704,-0.3633,0.8564,-0.117,0.5029,25.5,0.2641,2.111,0.691,1.47176,357.1,322.8,349.4,344.6,364.7,301.1,1184,0.489,14
1380,162.671,98.553,1.974,0.4358,-0.2643,-0.8603,0.3354,0.8742,-0.3511,0.8656,-0.1389,0.4812,25.5,0.2172,1.843,0.753,1.38332,357.8,323.3,350.1,345.3,365.6,301.6,1185,0.669,14
1381,163.489,98.002,0.279,0.3983,-0.298,-0.8675,0.3382,0.8784,-0.3378,0.8748,-0.1611,0.457,25.5,0.166,1.954,0.815,1.48853,358.5,324.0,350.6,346.0,366.3,302.2,1186,0.819,14
1382,164.235,97.386,-1.426,0.3626,-0.33,-0.8716,0.3406,0.8828,-0.3234,0.8819,-0.1808,0.4353,25.5,0.1141,1.728,0.874,1.40621,359.1,324.7,351.1,346.8,367.0,302.7,1187,0.937,14
1383,164.912,96.708,-3.137,0.3284,-0.3613,-0.8727,0.3429,0.8875,-0.3078,0.8874,-0.1985,0.4161,25.5,0.0606,1.529,0.943,1.35522,359.6,325.5,351.6,347.7,367.6,303.4,1188,1.019,14
1384,165.52,95.968,-4.848,0.2907,-0.3935,-0.8722,0.345,0.8924,-0.2909,0.8928,-0.2163,0.3952,25.5,0.0029,1.603,1.015,1.44904,360.1,326.3,351.9,348.7,368.1,304.1,1188,0.942,14
1385,166.053,95.166,-6.556,0.2527,-0.4248,-0.8693,0.347,0.8973,-0.2727,0.8973,-0.2331,0.3748,25.5,0.0564,1.536,1.086,1.44125,360.5,327.2,352.2,349.7,368.6,304.8,1189,0.9,14
1386,166.512,94.302,-8.255,0.2162,-0.4556,-0.8635,0.3492,0.9022,-0.2531,0.9006,-0.2485,0.3566,25.5,0.117,1.379,1.164,1.40601,360.8,328.1,352.5,350.8,369.0,305.6,1190,0.903,14
1387,166.899,93.378,-9.94,0.1768,-0.4875,-0.855,0.3515,0.907,-0.2319,0.9036,-0.2639,0.3374,25.5,0.1817,1.421,1.252,1.50232,361.0,329.1,352.6,351.9,369.3,306.5,1192,0.9,14
1388,167.206,92.392,-11.607,0.1364,-0.5181,-0.8443,0.3538,0.9116,-0.2092,0.9063,-0.2788,0.3176,25.5,0.2474,1.428,1.334,1.51395,361.1,330.2,352.6,353.1,369.6,307.4,1193,0.743,14
1389,167.436,91.348,-13.251,0.0984,-0.5461,-0.8319,0.3556,0.9162,-0.1848,0.9083,-0.2921,0.2993,25.5,0.3116,1.301,1.426,1.42634,361.2,331.3,352.6,354.3,369.8,308.4,1194,0.532,14
1390,167.59,90.25,-14.868,0.0578,-0.5741,-0.8167,0.3564,0.9207,-0.159,0.9109,-0.3045,0.2785,25.5,0.3781,1.395,1.501,1.50834,361.2,332.5,352.6,355.6,369.8,309.5,1195,0.267,14
1391,167.665,89.098,-16.453,0.0196,-0.5994,-0.8002,0.3556,0.9253,-0.1318,0.9136,-0.3144,0.2579,25.5,0.4422,1.319,1.581,1.42324,361.1,333.7,352.5,357.0,369.8,310.5,1196,0.057,14
1392,167.669,87.9,-18.005,-0.015,-0.622,-0.7829,0.3521,0.9302,-0.1036,0.917,-0.3207,0.2372,25.5,0.5028,1.255,1.652,1.30926,361.0,335.0,352.3,358.4,369.6,311.6,1197,0.44,14
1393,167.599,86.66,-19.522,-0.0553,-0.6438,-0.7632,0.345,0.9356,-0.0749,0.9233,-0.324,0.2064,25.5,0.5643,1.811,1.722,1.45759,360.8,336.3,352.3,359.8,369.3,312.8,1199,0.557,14
1394,167.457,85.375,-20.996,-0.0893,-0.6666,-0.74,0.3327,0.9419,-0.0458,0.9308,-0.3202,0.1762,25.5,0.6237,1.796,1.846,1.3751,360.5,337.6,352.2,361.3,368.8,313.9,1200,0.03,14
1395,167.25,84.044,-22.42,-0.1263,-0.6906,-0.7121,0.3134,0.9495,-0.0167,0.942,-0.3086,0.1322,25.5,0.6834,2.685,2.048,1.52533,360.2,339.0,352.3,362.9,368.0,315.1,1202,0.562,14
1396,166.963,82.667,-23.787,-0.1618,-0.7141,-0.681,0.2856,0.9583,0.0111,0.9556,-0.2856,0.0726,25.5,0.7381,3.743,2.308,1.54094,359.8,340.4,352.6,364.5,367.0,316.3,1203,0.214,14
1397,166.635,81.24,-25.09,-0.1668,-0.7431,-0.6481,0.248,0.9681,0.0354,0.9677,-0.2492,0.0367,25.5,0.7837,3.011,2.626,1.28996,359.3,341.9,353.0,366.3,365.7,317.5,1205,0.029,14
1398,166.285,79.756,-26.323,-0.187,-0.7705,-0.6094,0.2001,0.9783,0.0536,0.979,-0.1974,-0.0508,25.5,0.8239,5.865,2.994,1.50636,358.9,343.4,353.7,368.0,364.0,318.7,1207,0.068,14
1399,165.926,78.216,-27.483,-0.1723,-0.8003,-0.5743,0.145,0.9874,0.0637,0.985,-0.138,-0.1031,25.5,0.8518,4.549,3.252,1.41257,358.4,345.0,354.6,369.8,362.2,320.1,1209,0.083,14
1400,165.607,76.617,-28.572,-0.1564,-0.8297,-0.5359,0.0875,0.9941,0.0636,0.9826,-0.0756,-0.1697,25.5,0.8726,5.233,3.317,1.48785,358.0,346.6,355.7,371.6,360.4,321.5,1212,0.33,14
1401,165.32,74.966,-29.59,-0.1343,-0.8533,-0.5038,0.0339,0.9982,0.0502,0.9746,-0.0219,-0.2228,25.5,0.8816,4.352,3.175,1.33151,357.6,348.2,356.7,373.3,358.6,323.1,1214,0.274,14
1402,165.098,73.269,-30.546,-0.0927,-0.8776,-0.4704,-0.009,0.9997,0.0209,0.976,0.0133,-0.2172,25.5,0.8863,2.044,2.978,1.71344,357.3,350.0,357.5,375.0,357.2,324.9,1218,0.024,14
1403,164.918,71.536,-31.444,-0.101,-0.8878,-0.449,-0.0421,0.9989,-0.0194,0.9581,0.0348,-0.2844,25.5,0.8739,4.172,2.989,0.73398,357.1,351.7,358.2,376.7,356.0,326.7,1222,0.068,14
1404,164.678,69.795,-32.314,-0.1369,-0.8904,-0.4342,-0.0704,0.9956,-0.0611,0.9248,0.0422,-0.3781,25.5,0.8503,5.716,2.894,1.13734,356.8,353.4,358.7,378.3,354.9,328.6,1225,0.032,14
1405,164.393,68.044,-33.15,-0.1539,-0.8937,-0.4214,-0.0968,0.9904,-0.0991,0.9033,0.0456,-0.4267,25.5,0.8285,3.051,2.668,0.6292,356.4,355.2,359.1,379.9,353.8,330.5,1227,0.299,14
1406,164.075,66.294,-33.976,-0.1701,-0.8899,-0.4232,-0.1212,0.9836,-0.1337,0.8883,0.0474,-0.4568,25.5,0.7981,1.93,2.457,0.48909,356.0,356.9,359.4,381.5,352.7,332.5,1229,0.269,14
1407,163.726,64.558,-34.816,-0.185,-0.8826,-0.4322,-0.1436,0.9757,-0.1656,0.8785,0.0487,-0.4753,25.5,0.763,1.202,2.279,0.55163,355.6,358.7,359.6,383.0,351.7,334.5,1231,0.183,15
1408,163.352,62.83,-35.664,-0.1965,-0.8795,-0.4334,-0.1639,0.967,-0.1952,0.8694,0.0481,-0.4918,25.5,0.7337,1.08,2.116,0.34976,355.2,360.4,359.7,384.5,350.7,336.4,1232,0.393,15
1409,162.956,61.109,-36.517,-0.2085,-0.8752,-0.4365,-0.1823,0.9577,-0.2226,0.8618,0.0467,-0.5051,25.5,0.703,0.881,1.965,0.38329,354.7,362.1,359.8,385.9,349.7,338.4,1234,0.794,15
1410,162.534,59.398,-37.378,-0.2215,-0.8695,-0.4415,-0.199,0.9481,-0.2479,0.8551,0.0444,-0.5165,25.5,0.6708,0.769,1.822,0.43974,354.2,363.8,359.8,387.4,348.7,340.4,1235,0.59,15
1411,162.086,57.7,-38.25,-0.2359,-0.8622,-0.4482,-0.2142,0.9384,-0.2711,0.849,0.0416,-0.5268,25.5,0.6371,0.704,1.684,0.51075,353.7,365.5,359.7,388.8,347.8,342.4,1236,0.503,15
1412,161.615,56.014,-39.134,-0.2446,-0.8569,-0.4537,-0.2282,0.9287,-0.2924,0.8458,0.0403,-0.5321,25.5,0.6073,0.362,1.563,0.33831,353.2,367.2,359.5,390.2,346.9,344.3,1237,0.529,15
1413,161.125,54.339,-40.028,-0.2555,-0.8515,-0.458,-0.241,0.9191,-0.3118,0.8413,0.0377,-0.5393,25.5,0.5782,0.509,1.441,0.37698,352.6,368.8,359.3,391.6,346.0,346.2,1238,0.666,15
1414,160.612,52.675,-40.93,-0.2688,-0.8456,-0.4612,-0.2529,0.9096,-0.3295,0.8355,0.0336,-0.5485,25.5,0.5492,0.666,1.338,0.43528,352.0,370.5,359.1,393.0,345.0,348.2,1239,0.909,15
1415,160.069,51.024,-41.837,-0.285,-0.8389,-0.4636,-0.2639,0.9004,-0.3458,0.8283,0.0278,-0.5596,25.5,0.5198,0.828,1.244,0.51701,351.4,372.1,358.8,394.4,344.1,350.0,1239,1.052,15
1416,159.492,49.386,-42.747,-0.3039,-0.8312,-0.4656,-0.2743,0.8914,-0.3609,0.8199,0.0207,-0.5721,25.5,0.4895,0.954,1.17,0.59926,350.8,373.8,358.4,395.8,343.2,351.9,1240,0.703,15
1417,158.887,47.764,-43.668,-0.3139,-0.8236,-0.4723,-0.284,0.8825,-0.3747,0.8174,0.0186,-0.5757,25.5,0.4607,0.278,1.093,0.41595,350.1,375.4,358.0,397.2,342.3,353.8,1241,0.255,15
1418,158.257,46.156,-44.597,-0.3287,-0.8164,-0.4748,-0.2933,0.8739,-0.3876,0.8114,0.0131,-0.5843,25.5,0.433,0.678,1.036,0.48642,349.4,377.0,357.6,398.6,341.3,355.6,1242,0.29,15
1419,157.594,44.562,-45.527,-0.3489,-0.809,-0.4731,-0.3021,0.8655,-0.3995,0.8016,0.0039,-0.5978,25.5,0.4058,1.092,0.975,0.63053,348.7,378.5,357.1,399.9,340.4,357.4,1243,0.923,15
1420,156.885,42.984,-46.449,-0.3754,-0.8008,-0.4667,-0.3105,0.8573,-0.4106,0.7874,-0.01,-0.6163,25.5,0.3783,1.556,0.926,0.83188,347.9,380.1,356.6,401.3,339.4,359.1,1243,1.038,15
1421,156.117,41.422,-47.354,-0.4077,-0.791,-0.4562,-0.3186,0.8493,-0.4208,0.769,-0.028,-0.6386,25.5,0.3499,1.951,0.876,1.03299,347.1,381.6,356.0,402.6,338.4,360.9,1244,0.319,15
1422,155.292,39.882,-48.244,-0.4336,-0.7798,-0.4516,-0.3264,0.8416,-0.4304,0.7555,-0.0414,-0.6539,25.5,0.3204,1.399,0.835,0.83546,346.2,383.2,355.3,404.0,337.3,362.6,1245,0.483,15
1423,154.414,38.365,-49.122,-0.4627,-0.7678,-0.4432,-0.3339,0.834,-0.4392,0.7389,-0.0577,-0.6714,25.5,0.2912,1.668,0.793,0.95203,345.3,384.7,354.6,405.3,336.2,364.3,1246,1.368,15
1424,153.476,36.872,-49.98,-0.4945,-0.7549,-0.4308,-0.3412,0.8267,-0.4474,0.7191,-0.0769,-0.6906,25.5,0.2626,1.926,0.755,1.06629,344.3,386.1,353.8,406.5,335.0,366.0,1246,0.593,15
1425,152.474,35.405,-50.809,-0.528,-0.7413,-0.4143,-0.3483,0.8196,-0.4549,0.6964,-0.0987,-0.7109,25.5,0.2352,2.146,0.718,1.16142,343.3,387.6,352.9,407.8,333.8,367.6,1247,0.378,15
1426,151.406,33.968,-51.609,-0.5611,-0.7237,-0.4019,-0.3551,0.8128,-0.4619,0.675,-0.1189,-0.7282,25.5,0.2033,1.956,0.681,1.15383,342.2,389.0,352.0,409.0,332.5,369.2,1248,1.441,15
1427,150.274,32.566,-52.382,-0.5926,-0.707,-0.386,-0.3617,0.8062,-0.4682,0.6523,-0.14,-0.7449,25.5,0.1749,2.017,0.645,1.14083,341.0,390.4,351.0,410.3,331.2,370.7,1248,0.52,15
1428,149.084,31.194,-53.121,-0.621,-0.6927,-0.3668,-0.3682,0.7998,-0.4741,0.629,-0.1612,-0.7605,25.5,0.1515,2.014,0.622,1.08544,339.8,391.7,349.9,411.4,329.8,372.2,1249,0.644,15
1429,147.842,29.847,-53.819,-0.6451,-0.6815,-0.3455,-0.3745,0.7937,-0.4794,0.6064,-0.1815,-0.7742,25.5,0.1337,1.909,0.587,0.9953,338.5,393.0,348.8,412.6,328.4,373.7,1249,1.317,15
1430,146.553,28.526,-54.481,-0.67,-0.6648,-0.3303,-0.3806,0.7877,-0.4844,0.5857,-0.2,-0.7855,25.5,0.1087,1.717,0.568,0.9823,337.2,394.3,347.7,413.8,326.9,375.1,1250,0.06,15
1431,145.217,27.237,-55.113,-0.6916,-0.6506,-0.3136,-0.3866,0.782,-0.4889,0.5655,-0.2177,-0.7955,25.5,0.0881,1.642,0.54,0.89933,335.9,395.6,346.5,414.9,325.5,376.5,1251,1.293,15
1432,143.843,25.972,-55.708,-0.7095,-0.6408,-0.2933,-0.3924,0.7765,-0.493,0.5452,-0.2354,-0.8046,25.5,0.0746,1.629,0.515,0.84111,334.5,396.8,345.2,416.0,323.9,377.9,1251,0.668,15
1433,142.437,24.722,-56.261,-0.7242,-0.6348,-0.2692,-0.3981,0.7712,-0.4968,0.5242,-0.2532,-0.8131,25.5,0.0675,1.651,0.496,0.84332,333.1,398.0,344.0,417.1,322.4,379.3,1252,0.752,15
1434,141.004,23.48,-56.762,-0.7365,-0.6319,-0.2414,-0.4036,0.766,-0.5003,0.5021,-0.2716,-0.821,25.5,0.066,1.709,0.478,0.89241,331.7,399.2,342.7,418.1,320.8,380.6,1252,1.21,15
1435,139.544,22.253,-57.216,-0.7527,-0.6198,-0.222,-0.4091,0.761,-0.5035,0.4817,-0.2885,-0.8275,25.5,0.052,1.563,0.464,0.81882,330.2,400.4,341.4,419.2,319.3,381.9,1253,0.267,15
1436,138.055,21.046,-57.631,-0.7652,-0.6117,-0.2008,-0.4144,0.7562,-0.5064,0.4621,-0.3046,-0.8329,25.5,0.0438,1.486,0.442,0.75708,328.8,401.6,340.0,420.3,317.7,383.2,1253,1.695,15
1437,136.545,19.852,-58.002,-0.7747,-0.6071,-0.177,-0.4196,0.7515,-0.5091,0.4424,-0.3204,-0.8376,25.5,0.0411,1.472,0.43,0.76075,327.3,402.8,338.7,421.3,316.1,384.5,1254,0.181,15
1438,135.018,18.664,-58.323,-0.7816,-0.6055,-0.1498,-0.4247,0.747,-0.5115,0.422,-0.3365,-0.8418,25.5,0.0437,1.508,0.413,0.82127,325.8,403.9,337.3,422.4,314.5,385.7,1255,1.362,15
1439,133.481,17.475,-58.586,-0.7859,-0.607,-0.1182,-0.4297,0.7426,-0.5138,0.4002,-0.3535,-0.8455,25.5,0.0523,1.598,0.404,0.93296,324.3,405.1,335.9,423.4,312.8,387.0,1255,0.599,15
1440,131.933,16.288,-58.789,-0.7933,-0.6022,-0.0894,-0.4345,0.7383,-0.5158,0.3771,-0.3709,-0.8486,25.5,0.0538,1.667,0.387,0.88015,322.8,406.2,334.5,424.5,311.2,388.2,1256,0.955,15
1441,130.371,15.113,-58.936,-0.7997,-0.5975,-0.0597,-0.4393,0.7342,-0.5176,0.3537,-0.3883,-0.851,25.5,0.0565,1.676,0.376,0.89839,321.2,407.4,333.1,425.5,309.6,389.5,1256,1.007,15
1442,128.8,13.944,-59.022,-0.8029,-0.5954,-0.0289,-0.444,0.7302,-0.5193,0.3309,-0.4049,-0.8524,25.5,0.0633,1.618,0.367,0.90701,319.7,408.5,331.6,426.6,307.9,390.7,1257,0.548,15
1443,127.224,12.776,-59.049,-0.8031,-0.5959,0.0013,-0.4486,0.7263,-0.5208,0.3102,-0.4199,-0.8529,25.5,0.0732,1.465,0.356,0.88266,318.2,409.6,330.2,427.6,306.3,391.9,1257,1.413,15
1444,125.652,11.605,-59.019,-0.8005,-0.5987,0.0294,-0.4531,0.7226,-0.5221,0.2923,-0.4328,-0.8528,25.5,0.0853,1.264,0.342,0.82855,316.7,410.8,328.8,428.7,304.7,393.1,1258,0.137,15
1445,124.082,10.434,-58.93,-0.8018,-0.5945,0.0612,-0.4575,0.719,-0.5232,0.2682,-0.4495,-0.8521,25.5,0.0926,1.68,0.332,0.93814,315.1,411.9,327.4,429.7,303.1,394.3,1259,1.679,15
1446,122.509,9.272,-58.782,-0.8017,-0.591,0.0889,-0.4618,0.7155,-0.5243,0.2475,-0.4637,-0.8507,25.5,0.0992,1.441,0.324,0.81587,313.6,413.0,326.0,430.8,301.5,395.5,1259,0.282,15
1447,120.939,8.114,-58.586,-0.7991,-0.591,0.1106,-0.466,0.7121,-0.5252,0.2329,-0.4739,-0.8492,25.5,0.1066,1.024,0.314,0.6386,312.1,414.1,324.6,431.8,299.9,396.7,1260,1.247,15
1448,119.377,6.953,-58.352,-0.7944,-0.594,0.1268,-0.4701,0.7088,-0.5259,0.224,-0.4806,-0.8479,25.5,0.1143,0.643,0.304,0.50061,310.6,415.3,323.2,432.9,298.3,397.9,1260,0.715,15
1449,117.825,5.783,-58.092,-0.7881,-0.5999,0.1381,-0.4742,0.7056,-0.5266,0.2201,-0.4841,-0.8469,25.5,0.1223,0.306,0.301,0.41554,309.1,416.4,321.8,433.9,296.7,399.1,1261,0.793,15
1450,116.287,4.599,-57.814,-0.7805,-0.6082,0.1449,-0.4782,0.7024,-0.5272,0.2207,-0.4849,-0.8463,25.5,0.1304,0.067,0.295,0.38418,307.7,417.5,320.4,435.0,295.1,400.3,1261,1.169,15
1451,114.764,3.4,-57.52,-0.7744,-0.6122,0.1596,-0.4821,0.6994,-0.5277,0.2136,-0.4903,-0.845,25.5,0.1391,0.516,0.283,0.47966,306.2,418.7,319.0,436.1,293.6,401.6,1262,0.305,15
1452,113.25,2.199,-57.188,-0.7702,-0.6126,0.1776,-0.4859,0.6964,-0.5281,0.202,-0.4984,-0.8431,25.5,0.1462,0.818,0.278,0.54016,304.8,419.9,317.7,437.2,292.0,402.8,1262,1.657,15
1453,111.744,0.996,-56.827,-0.7657,-0.6147,0.1894,-0.4897,0.6935,-0.5285,0.1958,-0.5032,-0.8417,25.5,0.1514,0.456,0.275,0.37404,303.3,421.0,316.3,438.3,290.5,404.0,1263,0.237,15
1454,110.246,-0.213,-56.449,-0.7609,-0.6185,0.1961,-0.4934,0.6906,-0.5288,0.194,-0.5053,-0.8409,25.5,0.1554,0.165,0.27,0.26515,301.9,422.2,315.0,439.4,289.0,405.3,1264,1.13,15
1455,108.759,-1.431,-56.061,-0.7558,-0.624,0.1984,-0.497,0.6877,-0.5291,0.1962,-0.5049,-0.8406,25.5,0.1585,0.129,0.265,0.22921,300.5,423.4,313.6,440.5,287.5,406.5,1264,0.834,15
1456,107.282,-2.661,-55.673,-0.7503,-0.6312,0.1966,-0.5006,0.685,-0.5293,0.2021,-0.5021,-0.8409,25.5,0.1608,0.375,0.258,0.2699,299.1,424.6,312.3,441.7,286.0,407.7,1265,0.454,15
1457,105.817,-3.908,-55.293,-0.744,-0.6404,0.1906,-0.5041,0.6822,-0.5295,0.2119,-0.4967,-0.8417,25.5,0.1628,0.643,0.257,0.36993,297.7,425.8,311.0,442.8,284.5,409.0,1265,1.511,15
1458,104.365,-5.175,-54.928,-0.7368,-0.6517,0.18,-0.5075,0.6795,-0.5297,0.226,-0.4883,-0.8429,25.5,0.1643,0.943,0.249,0.49915,296.3,427.0,309.7,444.0,283.1,410.3,1266,0.316,15
1459,102.929,-6.465,-54.59,-0.7277,-0.6652,0.167,-0.5109,0.6769,-0.5299,0.2429,-0.4776,-0.8443,25.5,0.167,1.149,0.245,0.60899,294.9,428.3,308.4,445.2,281.6,411.6,1267,0.8,15
1460,101.513,-7.781,-54.259,-0.7168,-0.6763,0.1697,-0.5142,0.6743,-0.53,0.248,-0.4747,-0.8445,25.5,0.1774,0.336,0.241,0.46138,293.5,429.6,307.1,446.4,280.2,412.9,1267,1.161,15
1461,100.116,-9.117,-53.927,-0.7076,-0.6861,0.1688,-0.5174,0.6717,-0.5302,0.2548,-0.4706,-0.8448,25.5,0.1842,0.455,0.237,0.39362,292.2,430.9,305.8,447.7,278.8,414.3,1268,0.126,15
1462,98.736,-10.471,-53.6,-0.7003,-0.6947,0.1642,-0.5205,0.6692,-0.5303,0.2632,-0.4651,-0.8452,25.5,0.1875,0.576,0.228,0.35597,290.9,432.2,304.6,448.9,277.4,415.6,1269,0.855,15
1463,97.369,-11.841,-53.285,-0.6946,-0.7023,0.156,-0.5236,0.6667,-0.5304,0.2734,-0.4582,-0.8458,25.5,0.1873,0.706,0.228,0.36669,289.6,433.5,303.3,450.2,276.0,417.0,1269,1.107,15
1464,96.011,-13.224,-52.99,-0.6907,-0.7087,0.1438,-0.5265,0.6643,-0.5306,0.2853,-0.4498,-0.8463,25.5,0.1834,0.835,0.216,0.41836,288.3,434.8,302.1,451.5,274.6,418.4,1270,0.19,15
1465,94.659,-14.619,-52.724,-0.6886,-0.7139,0.1274,-0.5294,0.6619,-0.5307,0.2992,-0.4397,-0.8469,25.5,0.1756,0.985,0.216,0.50642,287.0,436.2,300.9,452.8,273.3,419.8,1271,0.683,15
1466,93.309,-16.023,-52.494,-0.6881,-0.7178,0.1063,-0.5321,0.6596,-0.5308,0.3151,-0.4276,-0.8473,25.5,0.1637,1.145,0.203,0.62715,285.7,437.6,299.6,454.1,271.9,421.2,1271,1.278,15
1467,91.959,-17.433,-52.31,-0.688,-0.7209,0.0831,-0.5347,0.6574,-0.5309,0.3319,-0.4144,-0.8474,25.5,0.1502,1.224,0.195,0.68394,284.4,438.9,298.4,455.5,270.6,422.6,1272,0.445,15
1468,90.614,-18.852,-52.162,-0.6837,-0.7267,0.0674,-0.5373,0.6552,-0.531,0.3453,-0.4035,-0.8473,25.5,0.1446,0.99,0.195,0.505,283.1,440.3,297.1,456.8,269.2,424.1,1273,0.359,15
1469,89.278,-20.283,-52.046,-0.6793,-0.7322,0.0501,-0.5397,0.6532,-0.5311,0.3596,-0.3916,-0.847,25.5,0.1383,1.066,0.179,0.54575,281.8,441.7,295.9,458.2,267.9,425.5,1274,1.14,15
1470,87.951,-21.724,-51.966,-0.6749,-0.7373,0.0314,-0.542,0.6512,-0.5312,0.3745,-0.3788,-0.8463,25.5,0.131,1.126,0.175,0.58081,280.5,443.1,294.6,459.5,266.5,426.9,1274,0.821,15
1471,86.632,-23.174,-51.924,-0.6706,-0.7417,0.0117,-0.5442,0.6493,-0.5313,0.3895,-0.3655,-0.8454,25.5,0.1229,1.15,0.167,0.6031,279.2,444.5,293.4,460.9,265.2,428.4,1275,0.059,15
1472,85.321,-24.632,-51.921,-0.6665,-0.7455,-0.0084,-0.5463,0.6474,-0.5314,0.4042,-0.3519,-0.8443,25.5,0.1141,1.149,0.162,0.60958,277.9,445.9,292.2,462.3,263.9,429.8,1276,0.708,15
1473,84.018,-26.097,-51.957,-0.6626,-0.7484,-0.0284,-0.5483,0.6457,-0.5315,0.4184,-0.3385,-0.8428,25.5,0.1048,1.122,0.15,0.60151,276.7,447.4,291.0,463.7,262.6,431.3,1276,1.253,15
1474,82.722,-27.567,-52.032,-0.6591,-0.7505,-0.0493,-0.5502,0.644,-0.5316,0.4327,-0.3247,-0.8411,25.5,0.0945,1.143,0.146,0.62209,275.4,448.8,289.7,465.1,261.3,432.8,1277,0.496,15
1475,81.433,-29.04,-52.152,-0.6551,-0.752,-0.0732,-0.5519,0.6424,-0.5317,0.4484,-0.3089,-0.8388,25.5,0.0826,1.283,0.134,0.70946,274.1,450.2,288.5,466.5,260.0,434.2,1278,0.262,15
1476,80.153,-30.516,-52.317,-0.6504,-0.7538,-0.0939,-0.5536,0.6409,-0.5317,0.4622,-0.2946,-0.8364,25.5,0.0731,1.147,0.13,0.62252,272.9,451.7,287.3,467.9,258.7,435.7,1279,1.026,15
1477,78.883,-31.996,-52.518,-0.6452,-0.7559,-0.1111,-0.5552,0.6395,-0.5318,0.474,-0.282,-0.8341,25.5,0.0661,0.998,0.122,0.52867,271.6,453.1,286.1,469.3,257.4,437.1,1279,0.936,15
1478,77.623,-33.48,-52.75,-0.6399,-0.7583,-0.1245,-0.5567,0.6382,-0.5318,0.4836,-0.2715,-0.8321,25.5,0.0615,0.823,0.114,0.42689,270.4,454.5,284.9,470.7,256.2,438.6,1280,0.17,15
1479,76.374,-34.97,-53.004,-0.6345,-0.7612,-0.1341,-0.5581,0.6369,-0.5318,0.4911,-0.2631,-0.8304,25.5,0.0594,0.653,0.109,0.33283,269.2,456.0,283.7,472.1,254.9,440.1,1281,0.632,15
1480,75.135,-36.465,-53.274,-0.6294,-0.7644,-0.1403,-0.5595,0.6358,-0.5318,0.4965,-0.2567,-0.8292,25.5,0.0592,0.485,0.102,0.25252,268.0,457.4,282.5,473.5,253.7,441.5,1281,1.333,15
1481,73.906,-37.968,-53.552,-0.6245,-0.7678,-0.1432,-0.5607,0.6347,-0.5318,0.5002,-0.2522,-0.8284,25.5,0.061,0.337,0.093,0.19377,266.8,458.9,281.3,475.0,252.5,443.0,1282,0.524,15
1482,72.688,-39.476,-53.84,-0.617,-0.7712,-0.1565,-0.5619,0.6336,-0.5318,0.5102,-0.2406,-0.8257,25.5,0.0587,0.891,0.093,0.45734,265.6,460.3,280.1,476.4,251.3,444.5,1283,0.3,15
1483,71.486,-40.99,-54.166,-0.6092,-0.7737,-0.1742,-0.563,0.6327,-0.5317,0.5223,-0.2262,-0.8222,25.5,0.0539,1.096,0.082,0.56989,264.4,461.8,278.9,477.9,250.1,446.0,1284,1.118,15
1484,70.297,-42.51,-54.52,-0.6035,-0.7755,-0.1858,-0.5641,0.6318,-0.5316,0.5303,-0.2163,-0.8197,25.5,0.0508,0.743,0.082,0.3811,263.2,463.3,277.8,479.3,248.9,447.4,1284,0.845,15
1485,69.117,-44.033,-54.892,-0.5994,-0.7769,-0.1927,-0.5652,0.6309,-0.5316,0.5352,-0.2099,-0.8182,25.5,0.0489,0.47,0.081,0.23796,262.1,464.7,276.7,480.8,247.7,448.9,1285,0.064,15
1486,67.945,-45.558,-55.273,-0.5966,-0.7783,-0.1958,-0.5662,0.6301,-0.5315,0.5376,-0.2065,-0.8175,25.5,0.0485,0.242,0.074,0.12872,260.9,466.2,275.5,482.2,246.5,450.4,1286,0.71,15
1487,66.777,-47.085,-55.658,-0.5951,-0.7795,-0.1955,-0.5672,0.6292,-0.5314,0.5379,-0.2056,-0.8176,25.5,0.049,0.055,0.077,0.0568,259.8,467.7,274.4,483.7,245.4,451.9,1286,1.253,15
1488,65.61,-48.615,-56.038,-0.5947,-0.7808,-0.1917,-0.5682,0.6284,-0.5312,0.5359,-0.2073,-0.8184,25.5,0.0509,0.157,0.074,0.1179,258.6,469.1,273.3,485.1,244.2,453.4,1287,0.554,15
1489,64.443,-50.148,-56.407,-0.5955,-0.782,-0.1841,-0.5693,0.6276,-0.5311,0.5316,-0.2118,-0.8201,25.5,0.054,0.37,0.078,0.22595,257.5,470.6,272.1,486.6,243.1,454.9,1288,0.073,15
1490,63.273,-51.683,-56.757,-0.5975,-0.7832,-0.1719,-0.5703,0.6267,-0.531,0.5245,-0.2196,-0.8226,25.5,0.0588,0.621,0.077,0.36287,256.3,472.1,271.0,488.1,241.9,456.4,1289,0.602,15
1491,62.099,-53.219,-57.077,-0.601,-0.7843,-0.1538,-0.5715,0.6258,-0.5308,0.5137,-0.2316,-0.8261,25.5,0.0657,0.947,0.087,0.53987,255.2,473.6,269.9,489.5,240.7,457.9,1290,1.024,15
1492,60.915,-54.759,-57.354,-0.6064,-0.785,-0.1269,-0.5726,0.6249,-0.5307,0.4973,-0.2498,-0.8308,25.5,0.076,1.429,0.082,0.80135,254.0,475.1,268.7,491.0,239.6,459.4,1290,0.938,15
1493,59.722,-56.298,-57.573,-0.6101,-0.7864,-0.0971,-0.5739,0.6239,-0.5305,0.4797,-0.269,-0.8352,25.5,0.089,1.514,0.095,0.87901,252.9,476.6,267.6,492.5,238.4,460.9,1291,0.637,15
1494,58.524,-57.842,-57.737,-0.612,-0.7877,-0.0715,-0.5752,0.6228,-0.5304,0.4646,-0.2849,-0.8384,25.5,0.1006,1.27,0.098,0.75117,251.7,478.0,266.4,494.0,237.2,462.4,1292,0.463,15
1495,57.323,-59.386,-57.856,-0.6132,-0.7883,-0.0508,-0.5766,0.6216,-0.5302,0.4523,-0.2976,-0.8408,25.5,0.1095,1.022,0.106,0.60618,250.5,479.5,265.3,495.4,236.0,463.9,1293,0.418,15
1496,56.12,-60.932,-57.942,-0.6138,-0.7885,-0.0379,-0.578,0.6205,-0.53,0.4444,-0.3054,-0.8421,25.5,0.1144,0.64,0.103,0.37748,249.4,481.0,264.2,496.9,234.8,465.4,1294,0.492,15
1497,54.916,-62.478,-58.011,-0.614,-0.7886,-0.0347,-0.5794,0.6193,-0.5299,0.4422,-0.3073,-0.8426,25.5,0.1142,0.169,0.106,0.0937,248.2,482.5,263.0,498.4,233.6,466.9,1295,0.677,15
1498,53.713,-64.024,-58.084,-0.6137,-0.7885,-0.0416,-0.5809,0.618,-0.5297,0.446,-0.3027,-0.8423,25.5,0.1088,0.342,0.114,0.20186,247.0,484.0,261.9,499.9,232.4,468.4,1297,0.567,15
1499,52.51,-65.57,-58.18,-0.6128,-0.7881,-0.0576,-0.5824,0.6168,-0.5295,0.4551,-0.2924,-0.8411,25.5,0.0987,0.79,0.111,0.4683,245.9,485.5,260.7,501.3,231.2,469.9,1298,0.0,15
