ring,cx,cy,cz,Tx,Ty,Tz,Bx,By,Bz,Nx,Ny,Nz,hw,obl,dN,dB,kappa,sx_c,sy_c,sx_L,sy_L,sx_R,sy_R,pose_ring,pose_dist,iv
0,-67.226,-360.415,260.002,0.5559,0.8313,-0.0002,0.9716,-0.2311,0.0515,0.0456,-0.0308,-0.9985,25.5,0.348,0.0,0.0,0.0,116.4,843.3,87.5,836.1,145.3,850.6,0,0.0,0
1,-66.163,-358.819,260.0,0.5522,0.8337,-0.0016,0.965,-0.2567,0.0543,0.0473,-0.0332,-0.9983,25.5,0.3188,0.169,1.523,0.13824,117.7,841.4,89.0,833.4,146.4,849.5,2,0.358,0
2,-65.106,-357.219,259.996,0.5511,0.8344,-0.0019,0.9578,-0.2818,0.057,0.0492,-0.0348,-0.9982,25.5,0.2926,0.142,1.504,0.03997,118.9,839.6,90.4,830.8,147.4,848.4,3,0.406,0
3,-64.048,-355.62,259.993,0.5528,0.8333,-0.0013,0.9502,-0.3059,0.0596,0.0512,-0.0355,-0.9981,25.5,0.2703,0.122,1.456,0.0631,120.1,837.7,91.9,828.2,148.4,847.2,5,0.111,0
4,-62.984,-354.024,259.992,0.557,0.8305,0.0002,0.9424,-0.3286,0.0621,0.0533,-0.0356,-0.9979,25.5,0.252,0.121,1.383,0.15734,121.4,835.8,93.4,825.6,149.4,846.1,6,0.487,0
5,-61.91,-352.435,259.994,0.5636,0.826,0.0025,0.9347,-0.3497,0.0644,0.0557,-0.035,-0.9978,25.5,0.2381,0.142,1.294,0.24837,122.6,834.0,94.9,823.1,150.4,844.8,8,0.537,0
6,-60.822,-350.856,260.002,0.5695,0.822,0.0042,0.9272,-0.3687,0.0666,0.0578,-0.035,-0.9977,25.5,0.2252,0.12,1.177,0.21895,123.9,832.1,96.4,820.7,151.5,843.6,9,0.278,0
7,-59.729,-349.281,260.009,0.571,0.821,0.0038,0.9201,-0.3855,0.0686,0.0591,-0.0365,-0.9976,25.5,0.2091,0.114,1.051,0.05516,125.2,830.3,97.9,818.3,152.6,842.3,10,0.151,0
8,-58.631,-347.708,260.017,0.5745,0.8185,0.0049,0.9136,-0.4005,0.0705,0.0609,-0.0368,-0.9975,25.5,0.1974,0.105,0.943,0.13264,126.5,828.4,99.3,816.0,153.6,840.9,11,0.146,0
9,-57.524,-346.142,260.028,0.5801,0.8145,0.0074,0.9074,-0.414,0.0723,0.0631,-0.0359,-0.9974,25.5,0.1897,0.136,0.857,0.21876,127.8,826.6,100.8,813.8,154.8,839.5,12,0.254,0
10,-56.404,-344.585,260.046,0.5877,0.809,0.0112,0.9016,-0.4262,0.0739,0.0657,-0.0339,-0.9973,25.5,0.1859,0.188,0.779,0.30239,129.1,824.8,102.3,811.6,155.9,838.0,13,0.468,0
11,-55.268,-343.04,260.072,0.5972,0.802,0.0165,0.8961,-0.4373,0.0755,0.0689,-0.0308,-0.9971,25.5,0.1857,0.255,0.716,0.38649,130.4,823.0,103.8,809.5,157.1,836.6,14,0.78,0
12,-54.113,-341.511,260.11,0.6086,0.7931,0.0232,0.8908,-0.4478,0.0769,0.0727,-0.0266,-0.997,25.5,0.1888,0.325,0.679,0.47621,131.7,821.2,105.3,807.4,158.2,835.1,14,1.138,0
13,-52.937,-339.996,260.161,0.617,0.7864,0.0298,0.8856,-0.4577,0.0783,0.0766,-0.0223,-0.9968,25.5,0.1888,0.333,0.646,0.37675,133.1,819.5,106.8,805.3,159.5,833.6,15,0.738,0
14,-51.746,-338.495,260.224,0.6251,0.7798,0.0352,0.8805,-0.4672,0.0796,0.08,-0.0191,-0.9966,25.5,0.1889,0.268,0.622,0.35141,134.5,817.7,108.4,803.3,160.7,832.2,16,0.258,0
15,-50.54,-337.006,260.296,0.6331,0.7731,0.0394,0.8756,-0.4763,0.0808,0.0828,-0.017,-0.9964,25.5,0.1893,0.201,0.596,0.33608,135.9,816.0,109.9,801.3,162.0,830.8,17,0.296,0
16,-49.318,-335.53,260.374,0.6408,0.7665,0.0423,0.8707,-0.4849,0.082,0.0849,-0.016,-0.9963,25.5,0.1897,0.133,0.571,0.31515,137.3,814.3,111.5,799.3,163.3,829.3,18,0.907,0
17,-48.082,-334.066,260.457,0.6482,0.7602,0.0439,0.866,-0.4931,0.0831,0.0864,-0.0161,-0.9961,25.5,0.1901,0.087,0.545,0.29429,138.8,812.6,113.1,797.4,164.6,827.9,18,1.012,0
18,-46.832,-332.614,260.542,0.6551,0.7542,0.0443,0.8614,-0.5009,0.0841,0.0873,-0.0173,-0.996,25.5,0.1902,0.086,0.522,0.27349,140.2,810.9,114.7,795.5,165.9,826.4,19,0.361,0
19,-45.57,-331.173,260.627,0.6617,0.7484,0.0455,0.857,-0.5083,0.0851,0.0885,-0.0176,-0.9959,25.5,0.1905,0.071,0.497,0.26497,141.7,809.3,116.3,793.6,167.2,825.0,20,0.307,0
20,-44.294,-329.744,260.72,0.6684,0.742,0.0513,0.8527,-0.5153,0.0861,0.092,-0.0141,-0.9957,25.5,0.192,0.284,0.474,0.32658,143.2,807.6,117.9,791.7,168.6,823.6,21,0.971,0
21,-43.007,-328.327,260.822,0.6743,0.7364,0.0545,0.8486,-0.5219,0.087,0.0943,-0.0127,-0.9955,25.5,0.1926,0.155,0.448,0.26115,144.7,806.0,119.5,789.9,170.0,822.1,21,0.947,0
22,-41.708,-326.919,260.928,0.6797,0.7314,0.0556,0.8446,-0.5282,0.0879,0.0954,-0.013,-0.9954,25.5,0.1926,0.066,0.431,0.22231,146.2,804.4,121.1,788.1,171.4,820.7,22,0.308,0
23,-40.4,-325.521,261.034,0.6846,0.7269,0.0547,0.8407,-0.5342,0.0887,0.0954,-0.0151,-0.9953,25.5,0.1921,0.12,0.413,0.20056,147.7,802.8,122.8,786.3,172.8,819.3,23,0.285,0
24,-39.083,-324.131,261.136,0.6892,0.7228,0.0518,0.8369,-0.54,0.0895,0.0944,-0.0187,-0.9954,25.5,0.1911,0.214,0.4,0.20345,149.3,801.2,124.4,784.5,174.2,817.9,24,0.812,0
25,-37.757,-322.748,261.231,0.6935,0.7189,0.0472,0.8332,-0.5455,0.0904,0.0924,-0.0238,-0.9954,25.5,0.1899,0.314,0.383,0.22126,150.8,799.6,126.1,782.8,175.7,816.4,24,1.107,0
26,-36.423,-321.373,261.316,0.6976,0.7154,0.0405,0.8296,-0.5508,0.0912,0.0892,-0.0306,-0.9955,25.5,0.1884,0.431,0.37,0.25693,152.4,798.0,127.7,781.0,177.1,815.0,25,0.669,0
27,-35.082,-320.005,261.385,0.7015,0.712,0.0318,0.8261,-0.556,0.092,0.0847,-0.039,-0.9956,25.5,0.1866,0.546,0.362,0.3024,154.0,796.4,129.4,779.3,178.6,813.6,26,0.333,0
28,-33.731,-318.645,261.443,0.7076,0.7061,0.029,0.8226,-0.561,0.0929,0.0834,-0.0427,-0.9956,25.5,0.1886,0.225,0.353,0.26701,155.5,794.8,131.1,777.5,180.1,812.2,27,0.097,0
29,-32.368,-317.296,261.496,0.7129,0.7008,0.0259,0.8191,-0.5659,0.0938,0.0819,-0.0465,-0.9956,25.5,0.1898,0.234,0.349,0.24232,157.1,793.3,132.8,775.8,181.5,810.7,28,0.049,0
30,-30.997,-315.957,261.542,0.7174,0.6964,0.022,0.8156,-0.5708,0.0948,0.08,-0.0509,-0.9955,25.5,0.1897,0.275,0.35,0.2212,158.7,791.7,134.5,774.1,183.0,809.3,29,0.101,0
31,-29.618,-314.625,261.58,0.721,0.6927,0.0173,0.8122,-0.5755,0.0957,0.0777,-0.056,-0.9954,25.5,0.1886,0.321,0.336,0.20856,160.3,790.1,136.2,772.4,184.6,807.9,30,0.07,0
32,-28.232,-313.299,261.608,0.7238,0.69,0.0118,0.8087,-0.5802,0.0968,0.0749,-0.0616,-0.9953,25.5,0.1861,0.359,0.342,0.20126,162.0,788.6,137.9,770.7,186.1,806.5,31,0.05,0
33,-26.842,-311.978,261.624,0.7257,0.688,0.0055,0.8052,-0.5849,0.0978,0.0717,-0.0677,-0.9951,25.5,0.1825,0.395,0.341,0.20547,163.6,787.1,139.7,769.0,187.6,805.1,32,0.233,0
34,-25.449,-310.66,261.628,0.7269,0.6868,-0.0017,0.8016,-0.5896,0.099,0.0681,-0.0745,-0.9949,25.5,0.1776,0.441,0.346,0.221,165.2,785.5,141.4,767.4,189.1,803.7,33,0.489,0
35,-24.055,-309.343,261.618,0.7272,0.6864,-0.0096,0.798,-0.5942,0.1002,0.064,-0.0818,-0.9946,25.5,0.1715,0.48,0.342,0.23649,166.9,784.0,143.1,765.7,190.7,802.3,35,0.728,0
36,-22.661,-308.027,261.59,0.7269,0.6865,-0.0196,0.7943,-0.5989,0.1015,0.0587,-0.0905,-0.9942,25.5,0.1642,0.584,0.351,0.29891,168.5,782.4,144.9,764.0,192.2,800.9,36,0.299,0
37,-21.267,-306.711,261.542,0.727,0.6859,-0.0303,0.7906,-0.6037,0.1028,0.0529,-0.1,-0.9936,25.5,0.1576,0.639,0.355,0.32022,170.1,780.9,146.6,762.3,193.7,799.5,37,0.172,0
38,-19.872,-305.397,261.476,0.7278,0.6846,-0.0388,0.7867,-0.6085,0.1043,0.0483,-0.1077,-0.993,25.5,0.1519,0.515,0.365,0.25803,171.7,779.3,148.4,760.6,195.2,798.1,38,0.677,0
39,-18.475,-304.086,261.395,0.7293,0.6827,-0.0453,0.7828,-0.6133,0.1057,0.0449,-0.1138,-0.9925,25.5,0.1474,0.401,0.363,0.20723,173.4,777.8,150.1,758.9,196.7,796.7,40,0.16,0
40,-17.074,-302.779,261.303,0.7314,0.6801,-0.0496,0.7787,-0.6181,0.1073,0.0427,-0.1184,-0.9921,25.5,0.1438,0.293,0.373,0.16271,175.0,776.2,151.9,757.2,198.3,795.3,41,0.404,0
41,-15.669,-301.477,261.205,0.7342,0.6769,-0.052,0.7746,-0.6231,0.1088,0.0417,-0.1214,-0.9917,25.5,0.1413,0.183,0.38,0.14588,176.7,774.7,153.6,755.5,199.8,793.9,43,0.388,0
42,-14.258,-300.183,261.105,0.7377,0.6731,-0.0523,0.7703,-0.628,0.1104,0.0419,-0.123,-0.9915,25.5,0.1398,0.093,0.385,0.15461,178.3,773.1,155.4,753.8,201.3,792.6,44,0.176,0
43,-12.839,-298.896,261.006,0.7419,0.6686,-0.0505,0.766,-0.633,0.1121,0.0434,-0.1231,-0.9915,25.5,0.1394,0.086,0.39,0.19161,180.0,771.6,157.2,752.1,202.8,791.2,46,0.639,0
44,-11.412,-297.619,260.913,0.7469,0.6633,-0.0467,0.7616,-0.638,0.1137,0.0461,-0.1217,-0.9915,25.5,0.1403,0.174,0.392,0.24554,181.7,770.1,159.0,750.5,204.4,789.8,47,0.099,0
45,-9.975,-296.352,260.824,0.7512,0.6584,-0.0475,0.757,-0.6431,0.1154,0.0458,-0.1239,-0.9912,25.5,0.1398,0.128,0.405,0.19624,183.3,768.6,160.8,748.8,205.9,788.5,48,0.431,0
46,-8.531,-295.094,260.73,0.7548,0.654,-0.0506,0.7524,-0.6483,0.117,0.0441,-0.1277,-0.9908,25.5,0.138,0.24,0.408,0.19345,185.0,767.1,162.6,747.1,207.5,787.1,50,0.469,0
47,-7.08,-293.843,260.631,0.7582,0.6499,-0.0522,0.7476,-0.6535,0.1187,0.0434,-0.1302,-0.9905,25.5,0.1359,0.15,0.417,0.16616,186.7,765.6,164.5,745.5,209.0,785.8,51,0.034,0
48,-5.623,-292.601,260.531,0.7616,0.646,-0.0522,0.7427,-0.6587,0.1204,0.0437,-0.1316,-0.9903,25.5,0.1338,0.083,0.421,0.15457,188.4,764.1,166.3,743.9,210.6,784.5,52,0.491,0
49,-4.159,-291.366,260.432,0.7648,0.6423,-0.0507,0.7376,-0.6641,0.122,0.0451,-0.1318,-0.9902,25.5,0.1314,0.081,0.435,0.15286,190.1,762.7,168.2,742.2,212.2,783.2,54,0.52,0
50,-2.689,-290.137,260.337,0.768,0.6387,-0.0476,0.7324,-0.6695,0.1236,0.0475,-0.1309,-0.9903,25.5,0.129,0.147,0.439,0.17113,191.9,761.2,170.1,740.6,213.7,781.9,55,0.083,0
51,-1.213,-288.916,260.25,0.7712,0.6352,-0.0428,0.727,-0.6751,0.1252,0.051,-0.1287,-0.9904,25.5,0.1265,0.237,0.455,0.20159,193.6,759.8,172.0,739.0,215.3,780.6,56,0.349,0
52,0.268,-287.701,260.174,0.7743,0.6318,-0.0363,0.7215,-0.6807,0.1268,0.0558,-0.1253,-0.9905,25.5,0.124,0.337,0.459,0.23794,195.3,758.3,173.8,737.4,216.9,779.4,58,0.727,0
53,1.756,-286.493,260.112,0.7773,0.6285,-0.0279,0.7157,-0.6865,0.1283,0.0619,-0.1206,-0.9908,25.5,0.1213,0.442,0.478,0.28416,197.1,756.9,175.8,735.8,218.4,778.1,59,0.313,0
54,3.249,-285.291,260.065,0.7802,0.6252,-0.0216,0.7098,-0.6923,0.1298,0.0666,-0.1175,-0.9908,25.5,0.1182,0.323,0.482,0.22949,198.8,755.5,177.7,734.2,220.0,776.9,60,0.098,0
55,4.748,-284.095,260.029,0.7833,0.6215,-0.016,0.7036,-0.6983,0.1313,0.0708,-0.1149,-0.9909,25.5,0.115,0.283,0.502,0.22088,200.6,754.1,179.6,732.6,221.6,775.7,61,0.508,0
56,6.254,-282.907,260.003,0.7866,0.6174,-0.0111,0.6972,-0.7045,0.1327,0.0746,-0.1128,-0.9908,25.5,0.112,0.249,0.517,0.21483,202.3,752.7,181.6,731.0,223.2,774.5,63,0.589,0
57,7.766,-281.727,259.986,0.7901,0.6129,-0.0069,0.6906,-0.7107,0.1341,0.0777,-0.1114,-0.9907,25.5,0.1091,0.195,0.525,0.21156,204.1,751.3,183.5,729.4,224.7,773.3,64,0.176,0
58,9.284,-280.557,259.976,0.794,0.6079,-0.0035,0.6837,-0.7171,0.1355,0.0803,-0.1105,-0.9906,25.5,0.1065,0.158,0.545,0.21497,205.9,749.9,185.5,727.9,226.3,772.1,65,0.242,0
59,10.811,-279.396,259.972,0.7981,0.6026,-0.0008,0.6766,-0.7235,0.1368,0.0823,-0.1103,-0.9905,25.5,0.1039,0.115,0.553,0.21583,207.6,748.6,187.5,726.3,227.9,770.9,66,0.665,0
60,12.346,-278.246,259.973,0.8024,0.5968,0.0011,0.6692,-0.7301,0.1381,0.0836,-0.1106,-0.9903,25.5,0.1014,0.077,0.573,0.22306,209.4,747.2,189.5,724.8,229.5,769.8,68,0.387,0
61,13.889,-277.107,259.976,0.8068,0.5909,0.0035,0.6615,-0.7369,0.1394,0.0854,-0.1106,-0.9902,25.5,0.0988,0.103,0.593,0.23128,211.2,745.9,191.5,723.2,231.0,768.7,69,0.059,0
62,15.439,-275.979,259.989,0.8106,0.5855,0.0094,0.6536,-0.7437,0.1406,0.0897,-0.1084,-0.9901,25.5,0.0957,0.277,0.601,0.26456,213.0,744.6,193.6,721.7,232.6,767.6,70,0.515,0
63,16.998,-274.862,260.011,0.8147,0.5798,0.0137,0.6453,-0.7506,0.1419,0.0929,-0.1072,-0.9899,25.5,0.0925,0.196,0.623,0.24598,214.9,743.3,195.6,720.2,234.2,766.5,72,0.454,0
64,18.564,-273.756,260.04,0.8189,0.5737,0.0163,0.6367,-0.7577,0.1431,0.0948,-0.1072,-0.9897,25.5,0.089,0.109,0.643,0.23451,216.7,742.0,197.7,718.7,235.8,765.4,73,0.041,0
65,20.138,-272.661,260.072,0.8232,0.5674,0.0172,0.6278,-0.7648,0.1443,0.0954,-0.1084,-0.9895,25.5,0.0853,0.078,0.656,0.22947,218.5,740.7,199.8,717.2,237.4,764.4,74,0.551,0
66,21.722,-271.58,260.105,0.8277,0.5609,0.0163,0.6186,-0.7721,0.1456,0.0945,-0.1108,-0.9893,25.5,0.0813,0.147,0.677,0.23774,220.4,739.5,201.9,715.8,238.9,763.3,76,0.296,0
67,23.313,-270.51,260.134,0.8323,0.5541,0.0136,0.609,-0.7794,0.1468,0.0923,-0.1142,-0.9892,25.5,0.077,0.232,0.694,0.25821,222.3,738.2,204.1,714.3,240.5,762.3,77,0.267,0
68,24.914,-269.454,260.156,0.8368,0.5475,0.0097,0.5991,-0.7869,0.1481,0.0889,-0.1184,-0.989,25.5,0.0719,0.31,0.716,0.26552,224.1,737.0,206.2,712.8,242.1,761.3,79,0.464,0
69,26.522,-268.41,260.174,0.8405,0.5418,0.0089,0.5889,-0.7943,0.1494,0.0882,-0.1206,-0.9888,25.5,0.0659,0.133,0.726,0.20446,226.0,735.8,208.4,711.4,243.7,760.3,80,0.159,0
70,28.138,-267.377,260.19,0.8447,0.5351,0.0079,0.5785,-0.8017,0.1507,0.0872,-0.123,-0.9886,25.5,0.0609,0.149,0.735,0.23815,227.9,734.6,210.6,710.0,245.3,759.3,82,0.445,0
71,29.762,-266.358,260.204,0.8493,0.5278,0.0069,0.5681,-0.8088,0.152,0.0859,-0.1254,-0.9884,25.5,0.0567,0.157,0.725,0.25954,229.8,733.4,212.8,708.6,246.9,758.4,83,0.249,0
72,31.395,-265.353,260.216,0.8541,0.5201,0.0058,0.5581,-0.8155,0.1533,0.0846,-0.1279,-0.9882,25.5,0.0534,0.162,0.694,0.27312,231.7,732.2,215.0,707.2,248.5,757.4,85,0.217,0
73,33.038,-264.363,260.226,0.8588,0.5124,0.0048,0.5486,-0.8217,0.1546,0.0833,-0.1303,-0.988,25.5,0.0508,0.157,0.654,0.27116,233.6,731.1,217.2,705.8,250.1,756.4,86,0.544,0
74,34.689,-263.388,260.235,0.8632,0.5049,0.0038,0.5399,-0.8272,0.1558,0.0819,-0.1325,-0.9878,25.5,0.049,0.15,0.594,0.26149,235.6,729.9,219.4,704.5,251.8,755.4,88,0.2,0
75,36.347,-262.427,260.241,0.8674,0.4977,0.003,0.5322,-0.8319,0.1569,0.0807,-0.1347,-0.9876,25.5,0.0481,0.144,0.521,0.25029,237.5,728.8,221.6,703.3,253.5,754.5,90,0.081,0
76,38.016,-261.48,260.247,0.8717,0.4901,0.0026,0.5257,-0.8358,0.1581,0.0797,-0.1366,-0.9874,25.5,0.049,0.124,0.44,0.26104,239.4,727.7,223.7,702.0,255.3,753.5,92,0.31,0
77,39.69,-260.546,260.251,0.8752,0.4838,0.0021,0.5204,-0.839,0.1591,0.0788,-0.1383,-0.9872,25.5,0.0499,0.111,0.359,0.21591,241.4,726.6,225.8,700.9,257.1,752.5,94,0.523,0
78,41.372,-259.623,260.254,0.8782,0.4783,0.0015,0.5163,-0.8413,0.1601,0.0779,-0.14,-0.9871,25.5,0.0513,0.11,0.275,0.18795,243.4,725.5,227.9,699.7,258.9,751.5,95,0.329,0
79,43.059,-258.711,260.257,0.8808,0.4735,0.0007,0.5132,-0.843,0.161,0.077,-0.1417,-0.9869,25.5,0.053,0.111,0.209,0.16487,245.3,724.5,229.9,698.6,260.8,750.5,97,0.085,0
80,44.75,-257.807,260.257,0.8831,0.4692,-0.0001,0.5113,-0.844,0.1619,0.076,-0.1432,-0.9868,25.5,0.0555,0.103,0.133,0.14762,247.3,723.4,232.0,697.5,262.7,749.4,99,0.347,0
81,46.446,-256.911,260.256,0.8851,0.4654,-0.0011,0.5104,-0.8444,0.1627,0.0749,-0.1448,-0.9866,25.5,0.0586,0.112,0.073,0.13172,249.3,722.4,234.0,696.4,264.7,748.4,100,0.379,0
82,48.145,-256.022,260.253,0.887,0.4618,-0.0022,0.5104,-0.8443,0.1634,0.0737,-0.1464,-0.9865,25.5,0.0625,0.115,0.04,0.12597,251.3,721.3,236.0,695.4,266.7,747.4,102,0.278,0
83,49.848,-255.14,260.248,0.8887,0.4584,-0.0035,0.5114,-0.8436,0.164,0.0724,-0.1479,-0.9863,25.5,0.0672,0.114,0.078,0.12001,253.3,720.3,237.9,694.4,268.7,746.3,103,0.282,0
84,51.554,-254.263,260.239,0.8903,0.4553,-0.005,0.5132,-0.8423,0.1646,0.0709,-0.1495,-0.9862,25.5,0.0726,0.126,0.132,0.11344,255.3,719.3,239.8,693.4,270.8,745.3,105,0.743,0
85,53.263,-253.395,260.229,0.8936,0.4488,-0.0041,0.5159,-0.8406,0.165,0.0709,-0.1501,-0.9861,25.5,0.0831,0.035,0.184,0.21955,257.3,718.2,241.8,692.4,272.9,744.2,106,0.413,0
86,54.981,-252.543,260.224,0.8978,0.4403,-0.0016,0.5193,-0.8385,0.1654,0.0718,-0.15,-0.9861,25.5,0.0968,0.052,0.23,0.29293,259.3,717.2,243.7,691.5,275.0,743.1,107,0.171,0
87,56.706,-251.705,260.222,0.9009,0.434,-0.0009,0.5233,-0.8359,0.1656,0.0716,-0.1505,-0.986,25.5,0.1085,0.031,0.274,0.21082,261.3,716.3,245.6,690.6,277.1,742.1,108,0.042,0
88,58.436,-250.877,260.22,0.903,0.4297,-0.0018,0.528,-0.8329,0.1657,0.0702,-0.1517,-0.9859,25.5,0.1186,0.106,0.32,0.14548,263.3,715.3,247.4,689.7,279.3,741.0,109,0.055,0
89,60.169,-250.055,260.214,0.904,0.4274,-0.0045,0.5331,-0.8297,0.1658,0.0676,-0.1535,-0.9858,25.5,0.1266,0.181,0.345,0.11007,265.3,714.3,249.3,688.9,281.5,739.9,110,0.035,0
90,61.903,-249.236,260.201,0.9041,0.4272,-0.0091,0.5386,-0.8261,0.1657,0.0638,-0.1561,-0.9857,25.5,0.1325,0.264,0.377,0.1376,267.4,713.4,251.2,688.0,283.7,738.9,111,0.138,0
91,63.636,-248.415,260.178,0.9031,0.4292,-0.0157,0.5444,-0.8223,0.1656,0.0587,-0.1596,-0.9854,25.5,0.1361,0.355,0.397,0.20819,269.4,712.4,253.0,687.2,285.9,737.8,112,0.362,0
92,65.366,-247.588,260.139,0.9008,0.4336,-0.0246,0.5504,-0.8183,0.1653,0.052,-0.164,-0.9851,25.5,0.1369,0.46,0.414,0.30441,271.4,711.4,254.8,686.3,288.1,736.7,113,0.68,0
93,67.09,-246.75,260.082,0.8969,0.4407,-0.0363,0.5566,-0.8142,0.165,0.0436,-0.1697,-0.9845,25.5,0.1344,0.583,0.426,0.4252,273.4,710.4,256.7,685.5,290.3,735.6,114,1.09,0
94,68.805,-245.898,260.0,0.8933,0.447,-0.0476,0.5628,-0.81,0.1646,0.0353,-0.1754,-0.9839,25.5,0.1328,0.578,0.43,0.40128,275.4,709.4,258.5,684.6,292.5,734.4,114,0.828,0
95,70.517,-245.039,259.901,0.8919,0.4488,-0.0551,0.569,-0.8058,0.1641,0.0295,-0.1794,-0.9833,25.5,0.1368,0.405,0.43,0.2342,277.4,708.4,260.3,683.7,294.7,733.3,115,0.328,0
96,72.226,-244.176,259.787,0.89,0.4514,-0.0638,0.5752,-0.8015,0.1635,0.0229,-0.184,-0.9827,25.5,0.1397,0.462,0.434,0.2772,279.4,707.4,262.1,682.8,296.8,732.1,116,0.263,0
97,73.93,-243.307,259.656,0.8874,0.4549,-0.0739,0.5815,-0.7971,0.1628,0.0153,-0.1894,-0.9818,25.5,0.1414,0.537,0.442,0.32871,281.4,706.3,263.9,681.9,299.0,730.9,117,0.939,0
98,75.629,-242.43,259.503,0.8841,0.4594,-0.0855,0.5877,-0.7926,0.1621,0.0067,-0.1955,-0.9807,25.5,0.1416,0.607,0.441,0.38458,283.4,705.3,265.7,681.0,301.2,729.7,117,0.979,0
99,77.32,-241.544,259.326,0.8798,0.4649,-0.0986,0.594,-0.7881,0.1612,-0.0028,-0.2024,-0.9793,25.5,0.1403,0.677,0.447,0.44358,285.3,704.2,267.5,680.1,303.3,728.5,118,0.224,0
100,79.003,-240.647,259.123,0.8746,0.4715,-0.1134,0.6004,-0.7835,0.1603,-0.0134,-0.2102,-0.9776,25.5,0.1375,0.76,0.455,0.50842,287.3,703.1,269.2,679.1,305.5,727.3,119,0.599,0
101,80.674,-239.736,258.891,0.8688,0.4782,-0.1283,0.6067,-0.7788,0.1592,-0.024,-0.2182,-0.9756,25.5,0.1343,0.769,0.455,0.51796,289.2,702.0,271.0,678.2,307.6,726.0,119,1.318,0
102,82.336,-238.813,258.632,0.8635,0.4839,-0.1422,0.6132,-0.774,0.1581,-0.0339,-0.2257,-0.9736,25.5,0.1325,0.721,0.467,0.47598,291.2,700.9,272.7,677.2,309.7,724.7,120,0.435,0
103,83.986,-237.879,258.345,0.8573,0.49,-0.1579,0.6196,-0.7691,0.1568,-0.045,-0.2342,-0.9711,25.5,0.1296,0.814,0.468,0.53626,293.1,699.8,274.4,676.2,311.8,723.4,121,0.502,0
104,85.623,-236.934,258.025,0.8503,0.4963,-0.1753,0.626,-0.7642,0.1554,-0.0573,-0.2439,-0.9681,25.5,0.1258,0.914,0.469,0.59116,295.0,698.6,276.1,675.2,313.9,722.1,121,1.415,0
105,87.246,-235.976,257.671,0.8422,0.5028,-0.1945,0.6325,-0.7591,0.154,-0.0707,-0.2545,-0.9645,25.5,0.1211,1.0,0.48,0.65227,296.8,697.4,277.8,674.2,316.0,720.8,122,0.432,0
106,88.853,-235.005,257.278,0.8332,0.5094,-0.2152,0.6389,-0.7541,0.1524,-0.0852,-0.2662,-0.9601,25.5,0.1154,1.097,0.474,0.70264,298.7,696.2,279.5,673.1,318.0,719.4,123,0.591,0
107,90.441,-234.022,256.846,0.8233,0.5161,-0.2361,0.6452,-0.749,0.1507,-0.0997,-0.2781,-0.9554,25.5,0.1091,1.108,0.475,0.71941,300.5,695.0,281.1,672.1,320.0,718.0,123,1.327,0
108,92.01,-233.026,256.373,0.8128,0.5227,-0.2572,0.6516,-0.7438,0.1489,-0.1141,-0.2901,-0.9502,25.5,0.1025,1.115,0.484,0.73128,302.3,693.7,282.7,671.0,322.0,716.6,124,0.269,0
109,93.558,-232.018,255.859,0.8016,0.5289,-0.2788,0.6578,-0.7387,0.147,-0.1288,-0.3026,-0.9444,25.5,0.0956,1.154,0.473,0.75021,304.1,692.5,284.3,669.9,323.9,715.2,125,0.82,0
110,95.084,-230.998,255.303,0.7898,0.5346,-0.3005,0.664,-0.7335,0.145,-0.1435,-0.3153,-0.9381,25.5,0.0887,1.17,0.478,0.75747,305.8,691.2,285.9,668.8,325.9,713.7,125,1.097,0
111,96.587,-229.967,254.706,0.7777,0.5398,-0.3222,0.6701,-0.7284,0.1428,-0.1581,-0.3281,-0.9313,25.5,0.0819,1.179,0.473,0.75845,307.5,689.9,287.4,667.7,327.7,712.2,126,0.019,0
112,98.067,-228.928,254.068,0.765,0.5448,-0.3435,0.6762,-0.7232,0.1406,-0.1723,-0.3408,-0.9242,25.5,0.075,1.165,0.476,0.75586,309.2,688.6,288.9,666.5,329.6,710.7,127,1.146,0
113,99.521,-227.878,253.389,0.7515,0.5497,-0.3649,0.6821,-0.718,0.1383,-0.1865,-0.3537,-0.9166,25.5,0.0674,1.182,0.469,0.77006,310.8,687.2,290.4,665.4,331.4,709.2,127,0.772,0
114,100.948,-226.82,252.668,0.7373,0.554,-0.3867,0.688,-0.7129,0.1359,-0.2007,-0.3669,-0.9084,25.5,0.0598,1.206,0.468,0.78785,312.4,685.9,291.8,664.2,333.2,707.7,128,0.369,0
115,102.348,-225.753,251.905,0.7222,0.5579,-0.409,0.6937,-0.7078,0.1334,-0.2153,-0.3806,-0.8993,25.5,0.0515,1.26,0.461,0.81303,314.0,684.5,293.2,663.0,334.9,706.1,129,1.515,0
116,103.718,-224.68,251.099,0.7059,0.5613,-0.432,0.6994,-0.7027,0.1308,-0.2303,-0.3949,-0.8894,25.5,0.0428,1.316,0.463,0.84839,315.5,683.1,294.6,661.8,336.6,704.6,129,0.403,0
117,105.055,-223.601,250.249,0.6892,0.5645,-0.4543,0.7049,-0.6976,0.1282,-0.2447,-0.4088,-0.8792,25.5,0.0338,1.287,0.455,0.83789,317.0,681.7,295.9,660.6,338.2,703.0,130,0.744,0
118,106.36,-222.516,249.356,0.6714,0.5672,-0.4769,0.7103,-0.6926,0.1255,-0.2592,-0.4231,-0.8682,25.5,0.0242,1.326,0.449,0.86338,318.5,680.3,297.2,659.3,339.8,701.4,130,1.174,0
119,107.63,-221.426,248.419,0.6523,0.5694,-0.5003,0.7156,-0.6877,0.1228,-0.2741,-0.4381,-0.8561,25.5,0.0138,1.396,0.442,0.9049,319.9,678.9,298.5,658.1,341.3,699.8,131,0.034,0
120,108.861,-220.332,247.437,0.6317,0.5709,-0.5243,0.7207,-0.6828,0.12,-0.2895,-0.4537,-0.8428,25.5,0.0025,1.469,0.436,0.94615,321.2,677.5,299.7,656.8,342.8,698.2,132,1.104,1
121,110.052,-219.236,246.408,0.6099,0.5719,-0.5486,0.7256,-0.678,0.1172,-0.305,-0.4696,-0.8285,25.5,0.0095,1.513,0.424,0.97592,322.5,676.0,300.9,655.5,344.2,696.6,132,0.814,1
122,111.2,-218.139,245.333,0.5874,0.5726,-0.572,0.7304,-0.6734,0.1144,-0.3198,-0.4851,-0.8139,25.5,0.022,1.486,0.413,0.97018,323.8,674.6,302.0,654.3,345.6,695.0,133,0.311,1
123,112.304,-217.041,244.214,0.5644,0.5723,-0.595,0.735,-0.6688,0.1116,-0.3343,-0.5005,-0.7986,25.5,0.0343,1.496,0.406,0.9719,324.9,673.1,303.1,653.0,346.9,693.4,134,1.424,1
124,113.364,-215.944,243.052,0.5416,0.571,-0.617,0.7394,-0.6644,0.1088,-0.3482,-0.5156,-0.7829,25.5,0.046,1.481,0.391,0.94748,326.1,671.7,304.1,651.7,348.1,691.7,134,0.493,1
125,114.382,-214.851,241.849,0.5194,0.5689,-0.6376,0.7436,-0.6602,0.106,-0.3612,-0.53,-0.7672,25.5,0.0569,1.43,0.376,0.90705,327.1,670.2,305.0,650.4,349.3,690.1,135,0.604,1
126,115.357,-213.762,240.608,0.4975,0.5671,-0.6565,0.7476,-0.6561,0.1033,-0.373,-0.5434,-0.7521,25.5,0.068,1.34,0.363,0.86601,328.2,668.8,306.0,649.1,350.4,688.5,135,1.314,1
127,116.29,-212.677,239.332,0.4755,0.5646,-0.6746,0.7514,-0.6521,0.1006,-0.3843,-0.5565,-0.7366,25.5,0.0787,1.331,0.352,0.85448,329.1,667.3,306.8,647.8,351.5,686.9,136,0.236,1
128,117.18,-211.597,238.021,0.4534,0.5611,-0.6925,0.755,-0.6484,0.098,-0.3956,-0.5696,-0.7205,25.5,0.0894,1.354,0.331,0.85619,330.0,665.9,307.7,646.4,352.5,685.3,137,0.815,1
129,118.028,-210.525,236.676,0.4309,0.5566,-0.7103,0.7584,-0.6448,0.0955,-0.4069,-0.5828,-0.7034,25.5,0.0999,1.397,0.318,0.86769,330.9,664.4,308.5,645.1,353.4,683.8,137,1.103,1
130,118.832,-209.463,235.296,0.4075,0.551,-0.7282,0.7616,-0.6413,0.0931,-0.4183,-0.5962,-0.6852,25.5,0.1108,1.45,0.305,0.89605,331.7,663.0,309.2,643.8,354.3,682.2,138,0.083,1
131,119.592,-208.41,233.885,0.385,0.5467,-0.7436,0.7646,-0.6381,0.0909,-0.428,-0.608,-0.6687,25.5,0.1221,1.288,0.281,0.82477,332.5,661.6,309.9,642.5,355.1,680.6,139,0.897,1
132,120.309,-207.367,232.444,0.3624,0.5412,-0.7588,0.7673,-0.6351,0.0888,-0.4377,-0.6199,-0.6513,25.5,0.133,1.33,0.261,0.83021,333.2,660.1,310.5,641.2,355.9,679.1,139,1.021,1
133,120.982,-206.335,230.975,0.3398,0.5347,-0.7737,0.7699,-0.6322,0.0869,-0.4474,-0.6318,-0.633,25.5,0.1437,1.369,0.248,0.83181,333.8,658.7,311.1,639.9,356.6,677.6,140,0.088,1
134,121.612,-205.317,229.477,0.3171,0.5271,-0.7884,0.7722,-0.6296,0.0852,-0.4569,-0.6436,-0.614,25.5,0.1542,1.392,0.221,0.83936,334.4,657.3,311.7,638.6,357.2,676.1,141,0.791,1
135,122.199,-204.314,227.951,0.2944,0.5186,-0.8028,0.7744,-0.6271,0.0837,-0.4664,-0.6552,-0.5943,25.5,0.1644,1.419,0.209,0.8424,334.9,656.0,312.2,637.4,357.8,674.6,141,1.127,1
136,122.741,-203.326,226.4,0.2716,0.512,-0.8149,0.7763,-0.6249,0.0825,-0.4745,-0.6655,-0.5762,25.5,0.1763,1.28,0.18,0.79602,335.4,654.6,312.6,636.1,358.3,673.2,142,0.308,1
137,123.241,-202.352,224.826,0.2498,0.5043,-0.8266,0.7781,-0.6229,0.0815,-0.4823,-0.6755,-0.5578,25.5,0.1871,1.28,0.164,0.77426,335.8,653.2,313.0,634.8,358.7,671.7,143,0.452,1
138,123.7,-201.392,223.23,0.229,0.4956,-0.8378,0.7796,-0.621,0.0808,-0.4898,-0.6851,-0.5391,25.5,0.1969,1.279,0.144,0.75216,336.2,651.9,313.4,633.6,359.1,670.3,144,1.148,1
139,124.12,-200.451,221.613,0.2094,0.4859,-0.8486,0.781,-0.6194,0.0805,-0.4971,-0.6944,-0.5203,25.5,0.2057,1.273,0.123,0.72878,336.6,650.6,313.7,632.3,359.5,668.9,144,0.77,1
140,124.504,-199.529,219.976,0.1909,0.4754,-0.8588,0.7821,-0.618,0.0805,-0.5041,-0.7032,-0.5014,25.5,0.2136,1.26,0.102,0.70485,336.8,649.3,314.0,631.1,359.8,667.6,145,0.141,1
141,124.852,-198.628,218.319,0.1716,0.4648,-0.8686,0.783,-0.6168,0.0809,-0.511,-0.7119,-0.4819,25.5,0.2226,1.286,0.089,0.72022,337.1,648.1,314.2,629.9,360.0,666.3,146,0.42,1
142,125.162,-197.746,216.645,0.1524,0.4552,-0.8772,0.7837,-0.6158,0.0817,-0.5172,-0.7197,-0.4633,25.5,0.2325,1.209,0.084,0.69095,337.3,646.8,314.4,628.7,360.2,665.0,147,0.905,1
143,125.438,-196.882,214.955,0.1356,0.4461,-0.8847,0.7842,-0.615,0.083,-0.5225,-0.7265,-0.4464,25.5,0.2414,1.087,0.092,0.61319,337.5,645.6,314.6,627.5,360.4,663.7,147,1.013,1
144,125.683,-196.035,213.252,0.1205,0.4372,-0.8913,0.7844,-0.6144,0.0848,-0.5272,-0.7325,-0.4306,25.5,0.2497,1.005,0.109,0.55954,337.6,644.4,314.7,626.3,360.5,662.5,148,0.609,1
145,125.901,-195.205,211.537,0.1065,0.4283,-0.8974,0.7845,-0.614,0.0872,-0.5316,-0.7381,-0.4154,25.5,0.2577,0.962,0.14,0.52805,337.7,643.2,314.8,625.2,360.6,661.3,149,0.292,1
146,126.092,-194.392,209.81,0.0934,0.419,-0.9032,0.7843,-0.6139,0.0902,-0.5359,-0.7434,-0.4003,25.5,0.2654,0.949,0.172,0.51026,337.7,642.1,314.9,624.0,360.6,660.1,150,0.065,1
147,126.259,-193.598,208.073,0.0802,0.4088,-0.9091,0.7838,-0.6139,0.0938,-0.5403,-0.7486,-0.3843,25.5,0.2734,0.996,0.208,0.52876,337.8,640.9,315.0,622.9,360.6,659.0,151,0.073,1
148,126.396,-192.828,206.322,0.0626,0.3948,-0.9166,0.7831,-0.6141,0.0982,-0.5465,-0.7549,-0.3625,25.5,0.2834,1.348,0.256,0.70829,337.8,639.8,315.0,621.8,360.6,657.9,152,0.122,1
149,126.501,-192.082,204.559,0.0471,0.3834,-0.9224,0.7821,-0.6145,0.1036,-0.5515,-0.7599,-0.344,25.5,0.2943,1.135,0.315,0.60043,337.7,638.7,315.0,620.7,360.5,656.8,153,0.084,1
150,126.577,-191.356,202.786,0.0331,0.3743,-0.9267,0.7807,-0.6151,0.1102,-0.5556,-0.7639,-0.3284,25.5,0.3065,0.952,0.388,0.51517,337.7,637.7,315.0,619.6,360.4,655.8,154,0.042,1
151,126.628,-190.645,201.005,0.0206,0.3677,-0.9297,0.7789,-0.616,0.1181,-0.5587,-0.767,-0.3157,25.5,0.3203,0.77,0.467,0.43176,337.6,636.6,315.0,618.6,360.2,654.7,155,0.251,1
152,126.657,-189.944,199.22,0.0092,0.3635,-0.9316,0.7766,-0.617,0.1276,-0.561,-0.7693,-0.3057,25.5,0.336,0.602,0.563,0.36736,337.4,635.6,314.9,617.5,360.0,653.8,156,0.546,1
153,126.664,-189.249,197.433,-0.0016,0.3617,-0.9323,0.7737,-0.6182,0.1389,-0.5626,-0.7711,-0.2982,25.5,0.3543,0.451,0.672,0.32778,337.3,634.6,314.9,616.4,359.8,652.8,158,0.532,1
154,126.642,-188.561,195.643,-0.0209,0.3558,-0.9343,0.7701,-0.6195,0.1523,-0.5669,-0.774,-0.282,25.5,0.3788,0.975,0.798,0.60596,337.1,633.6,314.8,615.4,359.5,651.8,159,0.007,1
155,126.587,-187.885,193.849,-0.0363,0.349,-0.9364,0.7658,-0.6209,0.1678,-0.5709,-0.7763,-0.2671,25.5,0.4016,0.894,0.925,0.50686,336.9,632.6,314.7,614.3,359.2,650.9,160,0.613,1
156,126.506,-187.223,192.051,-0.0474,0.3413,-0.9388,0.7606,-0.6221,0.1856,-0.5745,-0.7781,-0.2539,25.5,0.4226,0.791,1.065,0.40995,336.6,631.6,314.6,613.3,358.8,650.0,162,0.087,1
157,126.408,-186.577,190.249,-0.0535,0.3328,-0.9415,0.7545,-0.6232,0.2058,-0.5776,-0.7794,-0.2427,25.5,0.4415,0.67,1.211,0.32283,336.4,630.6,314.5,612.2,358.4,649.1,164,0.252,1
158,126.304,-185.947,188.44,-0.0544,0.3233,-0.9447,0.7472,-0.624,0.2287,-0.5801,-0.7803,-0.2336,25.5,0.4584,0.543,1.378,0.3007,336.1,629.7,314.4,611.2,358.0,648.3,166,0.464,1
159,126.194,-185.341,186.624,-0.0604,0.3096,-0.9489,0.7388,-0.6242,0.254,-0.5852,-0.7812,-0.2176,25.5,0.4789,0.964,1.527,0.46416,335.8,628.8,314.3,610.3,357.5,647.5,167,0.418,1
160,126.071,-184.758,184.802,-0.0688,0.2996,-0.9516,0.7293,-0.6238,0.2811,-0.59,-0.7814,-0.2034,25.5,0.5046,0.859,1.646,0.39847,335.5,627.9,314.2,609.3,356.9,646.6,169,0.278,1
161,125.929,-184.189,182.976,-0.0793,0.2946,-0.9523,0.7188,-0.6227,0.309,-0.5941,-0.7811,-0.1921,25.5,0.5347,0.689,1.709,0.34811,335.2,627.0,314.2,608.5,356.4,645.8,171,0.104,1
162,125.766,-183.624,181.15,-0.0912,0.2947,-0.9512,0.7079,-0.621,0.3366,-0.5971,-0.7807,-0.1847,25.5,0.5677,0.458,1.703,0.3571,334.8,626.2,314.1,607.6,355.8,645.0,173,0.174,1
163,125.581,-183.061,179.327,-0.101,0.2917,-0.9512,0.6967,-0.6186,0.3632,-0.601,-0.7798,-0.1753,25.5,0.5963,0.585,1.659,0.30618,334.5,625.3,314.1,606.7,355.1,644.1,174,0.587,1
164,125.378,-182.505,177.503,-0.1109,0.2881,-0.9512,0.6854,-0.6158,0.3887,-0.6057,-0.7784,-0.1651,25.5,0.6232,0.648,1.606,0.31474,334.1,624.5,314.0,605.9,354.5,643.3,176,0.049,1
165,125.155,-181.955,175.679,-0.1218,0.2861,-0.9504,0.674,-0.6126,0.413,-0.6105,-0.7766,-0.1555,25.5,0.6499,0.624,1.549,0.33195,333.7,623.6,313.9,605.1,353.8,642.4,177,0.669,1
166,124.91,-181.407,173.858,-0.1336,0.2857,-0.949,0.6625,-0.609,0.4362,-0.6155,-0.7744,-0.1465,25.5,0.6765,0.603,1.498,0.35523,333.3,622.8,313.8,604.4,353.1,641.5,179,0.144,1
167,124.642,-180.858,172.04,-0.1453,0.2858,-0.9472,0.6508,-0.6051,0.4585,-0.6207,-0.7719,-0.1376,25.5,0.7018,0.608,1.46,0.35368,332.8,622.0,313.6,603.6,352.3,640.6,180,0.342,1
168,124.354,-180.312,170.224,-0.1554,0.2842,-0.9461,0.639,-0.6011,0.4799,-0.6269,-0.7686,-0.1279,25.5,0.7242,0.686,1.419,0.3073,332.3,621.2,313.5,602.9,351.5,639.7,182,0.735,1
169,124.046,-179.768,168.412,-0.1663,0.2835,-0.9445,0.6271,-0.5969,0.5004,-0.6337,-0.7646,-0.1179,25.5,0.7461,0.73,1.379,0.32979,331.9,620.3,313.3,602.1,350.7,638.8,183,0.38,1
170,123.716,-179.224,166.602,-0.1779,0.2835,-0.9423,0.6151,-0.5927,0.52,-0.6412,-0.7598,-0.1075,25.5,0.7675,0.784,1.339,0.35275,331.3,619.5,313.1,601.4,349.9,637.9,184,0.069,1
171,123.362,-178.68,164.798,-0.1904,0.2842,-0.9397,0.603,-0.5885,0.5385,-0.6497,-0.754,-0.0964,25.5,0.7881,0.867,1.289,0.38202,330.8,618.7,312.9,600.7,349.0,637.0,185,0.195,1
172,122.985,-178.134,162.998,-0.2022,0.2846,-0.9371,0.5909,-0.5843,0.5562,-0.6592,-0.7472,-0.0847,25.5,0.807,0.947,1.252,0.36122,330.2,617.9,312.6,600.0,348.1,636.1,186,0.409,1
173,122.587,-177.589,161.204,-0.213,0.2844,-0.9347,0.5788,-0.5803,0.5729,-0.6695,-0.7392,-0.0723,25.5,0.8238,1.031,1.204,0.33059,329.7,617.1,312.4,599.2,347.2,635.2,187,0.572,1
174,122.168,-177.043,159.414,-0.2244,0.2847,-0.932,0.5667,-0.5764,0.5887,-0.6811,-0.7298,-0.059,25.5,0.8399,1.146,1.162,0.35016,329.0,616.3,312.1,598.5,346.3,634.3,188,0.682,1
175,121.726,-176.496,157.629,-0.2361,0.2855,-0.9288,0.5546,-0.5727,0.6037,-0.6938,-0.7188,-0.0446,25.5,0.8552,1.268,1.124,0.3632,328.4,615.4,311.8,597.8,345.3,633.4,189,0.735,1
176,121.262,-175.948,155.851,-0.2484,0.2868,-0.9252,0.5425,-0.5693,0.6178,-0.7079,-0.7057,-0.0287,25.5,0.8696,1.43,1.082,0.38488,327.8,614.6,311.5,597.1,344.3,632.5,190,0.73,1
177,120.774,-175.396,154.081,-0.2601,0.2881,-0.9216,0.5304,-0.5661,0.631,-0.723,-0.6907,-0.0119,25.5,0.8826,1.554,1.042,0.36783,327.1,613.8,311.2,596.3,343.3,631.7,191,0.666,1
178,120.265,-174.843,152.316,-0.2704,0.2889,-0.9184,0.5184,-0.5631,0.6435,-0.7389,-0.6738,0.0056,25.5,0.8938,1.665,1.008,0.32311,326.4,613.0,310.8,595.6,342.3,630.8,192,0.546,1
179,119.736,-174.288,150.559,-0.2813,0.2897,-0.9148,0.5063,-0.5605,0.6553,-0.7566,-0.6534,0.0258,25.5,0.9043,1.932,0.98,0.34379,325.7,612.2,310.4,594.9,341.2,629.9,193,0.377,1
180,119.186,-173.732,148.808,-0.293,0.2905,-0.9109,0.4943,-0.5582,0.6664,-0.7762,-0.6286,0.0492,25.5,0.914,2.253,0.946,0.36926,324.9,611.4,310.0,594.1,340.2,629.0,194,0.164,1
181,118.612,-173.174,147.065,-0.3056,0.2913,-0.9065,0.4822,-0.5561,0.6769,-0.7976,-0.5983,0.0767,25.5,0.923,2.646,0.926,0.39945,324.2,610.6,309.6,593.4,339.1,628.2,195,0.085,1
182,118.013,-172.614,145.331,-0.3194,0.2921,-0.9015,0.4701,-0.5544,0.6868,-0.8208,-0.5607,0.1092,25.5,0.9312,3.143,0.901,0.43919,323.4,609.8,309.1,592.6,337.9,627.3,196,0.364,1
183,117.388,-172.054,143.607,-0.3319,0.2925,-0.8968,0.4578,-0.553,0.6961,-0.8434,-0.5179,0.1432,25.5,0.938,3.389,0.887,0.39918,322.6,609.0,308.7,591.8,336.8,626.5,197,0.668,1
184,116.74,-171.493,141.892,-0.3443,0.293,-0.892,0.4455,-0.552,0.7049,-0.8651,-0.4681,0.1801,25.5,0.9439,3.763,0.868,0.39756,321.7,608.2,308.2,591.1,335.6,625.7,198,0.991,1
185,116.067,-170.93,140.186,-0.357,0.2937,-0.8867,0.433,-0.5512,0.7132,-0.885,-0.41,0.2205,25.5,0.9489,4.213,0.861,0.4117,320.9,607.4,307.7,590.3,334.4,624.8,198,0.927,1
186,115.37,-170.366,138.491,-0.3699,0.2945,-0.8812,0.4205,-0.5508,0.721,-0.9016,-0.3429,0.2638,25.5,0.9531,4.675,0.845,0.41967,320.0,606.6,307.1,589.5,333.1,624.0,199,0.591,1
187,114.649,-169.8,136.807,-0.3829,0.2955,-0.8752,0.4078,-0.5507,0.7283,-0.9128,-0.2669,0.3092,25.5,0.9563,5.114,0.839,0.42882,319.1,605.8,306.6,588.7,331.9,623.2,200,0.248,1
188,113.902,-169.233,135.135,-0.396,0.2963,-0.8691,0.395,-0.5509,0.7352,-0.9167,-0.1832,0.3552,25.5,0.9586,5.479,0.833,0.43245,318.2,605.0,306.0,587.9,330.6,622.4,201,0.097,1
189,113.13,-168.664,133.474,-0.4086,0.2966,-0.8632,0.3821,-0.5514,0.7416,-0.912,-0.0954,0.399,25.5,0.9598,5.63,0.826,0.41577,317.2,604.2,305.4,587.1,329.2,621.6,202,0.438,1
190,112.335,-168.095,131.824,-0.4209,0.2973,-0.857,0.369,-0.5522,0.7476,-0.8984,-0.0057,0.4392,25.5,0.9602,5.688,0.827,0.41206,316.2,603.4,304.8,586.3,327.9,620.9,203,0.77,1
191,111.516,-167.524,130.187,-0.433,0.2983,-0.8506,0.3558,-0.5533,0.7532,-0.8759,0.0838,0.4753,25.5,0.9598,5.68,0.824,0.41007,315.2,602.6,304.2,585.5,326.5,620.1,204,1.088,1
192,110.674,-166.95,128.562,-0.4452,0.2996,-0.8438,0.3423,-0.5548,0.7583,-0.8451,0.1709,0.5065,25.5,0.9585,5.589,0.831,0.41911,314.2,601.8,303.5,584.7,325.1,619.3,204,0.829,1
193,109.808,-166.374,126.95,-0.4575,0.3013,-0.8366,0.3287,-0.5565,0.7631,-0.8071,0.2541,0.5329,25.5,0.9565,5.457,0.832,0.42884,313.1,601.0,302.9,583.9,323.7,618.6,205,0.531,1
194,108.92,-165.795,125.353,-0.4693,0.3033,-0.8293,0.3147,-0.5585,0.7675,-0.7652,0.3292,0.5533,25.5,0.9536,5.066,0.849,0.41886,312.1,600.2,302.2,583.0,322.2,617.8,206,0.259,1
195,108.008,-165.212,123.77,-0.4816,0.3047,-0.8217,0.3006,-0.5608,0.7715,-0.72,0.397,0.5692,25.5,0.9496,4.758,0.85,0.43403,311.0,599.4,301.5,582.2,320.7,617.1,207,0.018,1
196,107.072,-164.626,122.202,-0.4944,0.3055,-0.8137,0.2864,-0.5632,0.7751,-0.6737,0.4568,0.5809,25.5,0.9444,4.386,0.851,0.45162,309.9,598.6,300.8,581.3,319.2,616.3,208,0.194,1
197,106.111,-164.04,120.649,-0.5077,0.3057,-0.8054,0.272,-0.5659,0.7783,-0.6284,0.508,0.589,25.5,0.9379,3.945,0.859,0.46849,308.7,597.8,300.1,580.5,317.6,615.6,209,0.386,1
198,105.125,-163.454,119.113,-0.5213,0.3054,-0.7969,0.2576,-0.5687,0.7811,-0.5859,0.5509,0.5943,25.5,0.9304,3.474,0.856,0.47927,307.6,597.0,299.3,579.6,316.0,614.9,210,0.571,1
199,104.112,-162.869,117.593,-0.5347,0.3054,-0.788,0.2433,-0.5717,0.7836,-0.5457,0.5872,0.5978,25.5,0.9222,3.11,0.849,0.48058,306.4,596.3,298.5,578.8,314.4,614.1,211,0.761,1
200,103.074,-162.283,116.091,-0.5476,0.3058,-0.7788,0.2291,-0.5747,0.7857,-0.5084,0.6177,0.6,25.5,0.9131,2.764,0.84,0.47356,305.2,595.5,297.7,578.0,312.8,613.4,212,0.968,1
201,102.012,-161.696,114.606,-0.5601,0.3055,-0.77,0.215,-0.5777,0.7874,-0.4761,0.6419,0.601,25.5,0.9032,2.313,0.832,0.45684,304.0,594.7,296.9,577.1,311.2,612.7,212,0.95,1
202,100.926,-161.112,113.137,-0.5719,0.3044,-0.7618,0.2012,-0.5808,0.7888,-0.4489,0.6611,0.6012,25.5,0.8928,1.908,0.814,0.4306,302.7,593.9,296.0,576.3,309.5,612.0,213,0.714,1
203,99.819,-160.529,111.684,-0.5828,0.3027,-0.7542,0.1876,-0.5837,0.79,-0.4264,0.6761,0.6009,25.5,0.8818,1.55,0.8,0.40025,301.4,593.2,295.1,575.5,307.9,611.3,214,0.437,1
204,98.692,-159.951,110.244,-0.5927,0.3004,-0.7473,0.1745,-0.5866,0.7909,-0.4083,0.6878,0.6002,25.5,0.8707,1.236,0.77,0.367,300.1,592.4,294.2,574.6,306.2,610.6,215,0.108,1
205,97.546,-159.377,108.817,-0.6023,0.2982,-0.7405,0.1617,-0.5894,0.7915,-0.3917,0.6979,0.5996,25.5,0.8593,1.114,0.752,0.35759,298.8,591.6,293.3,573.8,304.5,609.9,216,0.284,1
206,96.382,-158.807,107.404,-0.6117,0.2965,-0.7334,0.1493,-0.592,0.792,-0.3758,0.7069,0.5992,25.5,0.8477,1.047,0.726,0.3556,297.5,590.9,292.3,573.0,302.8,609.2,217,0.743,1
207,95.2,-158.24,106.004,-0.6209,0.2952,-0.7262,0.1374,-0.5944,0.7923,-0.3606,0.715,0.599,25.5,0.8361,0.987,0.696,0.35121,296.2,590.1,291.3,572.2,301.1,608.5,217,1.175,1
208,94.001,-157.674,104.619,-0.63,0.2943,-0.7187,0.1259,-0.5968,0.7925,-0.3458,0.7224,0.5989,25.5,0.8245,0.948,0.673,0.35333,294.8,589.4,290.3,571.5,299.5,607.8,218,0.646,1
209,92.784,-157.111,103.248,-0.639,0.2937,-0.7109,0.1147,-0.599,0.7925,-0.3312,0.7291,0.5989,25.5,0.8126,0.92,0.654,0.35627,293.4,588.7,289.2,570.7,297.8,607.1,219,0.045,1
210,91.55,-156.548,101.892,-0.648,0.2935,-0.7028,0.1039,-0.601,0.7924,-0.3169,0.7352,0.5992,25.5,0.8006,0.891,0.629,0.36182,292.0,587.9,288.1,569.9,296.1,606.4,220,0.633,1
211,90.299,-155.986,100.552,-0.6567,0.2925,-0.6951,0.0934,-0.603,0.7923,-0.3046,0.7403,0.5993,25.5,0.7884,0.763,0.612,0.34843,290.6,587.2,287.0,569.2,294.3,605.7,220,1.285,1
212,89.031,-155.426,99.226,-0.665,0.2914,-0.6877,0.0833,-0.6048,0.792,-0.2937,0.7446,0.5994,25.5,0.7763,0.671,0.588,0.33383,289.2,586.5,285.9,568.4,292.6,605.0,221,0.529,1
213,87.749,-154.868,97.915,-0.6728,0.2906,-0.6803,0.0735,-0.6065,0.7917,-0.2831,0.7485,0.5997,25.5,0.7643,0.647,0.57,0.32214,287.8,585.8,284.8,567.7,290.9,604.3,222,0.31,1
214,86.451,-154.311,96.617,-0.6805,0.29,-0.6729,0.064,-0.608,0.7913,-0.2727,0.7521,0.6,25.5,0.7523,0.631,0.552,0.31956,286.4,585.1,283.6,567.0,289.2,603.6,223,1.233,1
215,85.139,-153.755,95.334,-0.6879,0.2898,-0.6654,0.0548,-0.6095,0.7909,-0.2624,0.7555,0.6003,25.5,0.7406,0.622,0.535,0.31487,284.9,584.4,282.4,566.2,287.5,602.9,223,0.684,1
216,83.812,-153.2,94.065,-0.6951,0.2899,-0.6578,0.0458,-0.6108,0.7904,-0.2523,0.7585,0.6008,25.5,0.7288,0.604,0.522,0.3128,283.4,583.7,281.2,565.5,285.7,602.2,224,0.327,1
217,82.473,-152.643,92.811,-0.7023,0.2902,-0.6501,0.0371,-0.6121,0.7899,-0.2421,0.7614,0.6014,25.5,0.7172,0.609,0.505,0.31509,282.0,582.9,280.0,564.8,284.0,601.5,225,1.413,1
218,81.12,-152.087,91.571,-0.7088,0.2899,-0.6431,0.0285,-0.6133,0.7894,-0.2337,0.7637,0.6018,25.5,0.7057,0.5,0.498,0.28557,280.5,582.2,278.7,564.1,282.3,600.8,225,0.505,1
219,79.754,-151.532,90.344,-0.7151,0.2895,-0.6362,0.0202,-0.6143,0.7888,-0.2258,0.7658,0.6022,25.5,0.6941,0.469,0.48,0.27938,279.0,581.5,277.5,563.4,280.5,600.1,226,0.637,2
220,78.377,-150.977,89.131,-0.7216,0.2892,-0.6291,0.012,-0.6153,0.7882,-0.2177,0.7677,0.6027,25.5,0.6825,0.478,0.475,0.28772,277.5,580.8,276.2,562.7,278.8,599.4,226,1.281,2
221,76.987,-150.422,87.932,-0.7282,0.2891,-0.6215,0.004,-0.6162,0.7875,-0.2093,0.7696,0.6032,25.5,0.6705,0.494,0.463,0.30073,275.9,580.2,274.9,562.0,277.0,598.7,227,0.103,2
222,75.584,-149.868,86.747,-0.735,0.2891,-0.6133,-0.004,-0.6171,0.7869,-0.2006,0.7714,0.6039,25.5,0.6581,0.511,0.463,0.31824,274.4,579.5,273.6,561.3,275.2,598.1,228,1.094,2
223,74.167,-149.313,85.58,-0.7423,0.2892,-0.6045,-0.0118,-0.6179,0.7862,-0.1913,0.7731,0.6047,25.5,0.6452,0.544,0.451,0.34162,272.9,578.8,272.3,560.6,273.5,597.4,228,0.824,2
224,72.736,-148.759,84.43,-0.7501,0.2894,-0.5947,-0.0196,-0.6186,0.7854,-0.1813,0.7748,0.6057,25.5,0.6314,0.584,0.451,0.37427,271.3,578.1,271.0,559.9,271.7,596.7,229,0.372,2
225,71.29,-148.204,83.299,-0.7577,0.2895,-0.5848,-0.0273,-0.6193,0.7847,-0.1717,0.7762,0.6067,25.5,0.6175,0.559,0.445,0.37289,269.8,577.4,269.6,559.2,269.9,596.0,229,1.545,2
226,69.83,-147.649,82.186,-0.7649,0.2892,-0.5756,-0.0349,-0.62,0.7839,-0.1633,0.7773,0.6075,25.5,0.6038,0.488,0.44,0.34918,268.2,576.7,268.3,558.6,268.1,595.3,230,0.369,2
227,68.356,-147.094,81.092,-0.7723,0.2891,-0.5657,-0.0426,-0.6205,0.783,-0.1544,0.7784,0.6085,25.5,0.5894,0.517,0.445,0.36927,266.6,576.0,266.9,557.9,266.3,594.6,231,0.77,2
228,66.868,-146.54,80.017,-0.7799,0.289,-0.5552,-0.0502,-0.6211,0.7821,-0.1452,0.7793,0.6096,25.5,0.5746,0.533,0.44,0.3873,265.0,575.4,265.5,557.2,264.4,593.9,231,1.148,2
229,65.365,-145.986,78.963,-0.7877,0.289,-0.544,-0.0579,-0.6216,0.7812,-0.1356,0.7801,0.6107,25.5,0.559,0.556,0.445,0.40779,263.4,574.7,264.1,556.6,262.6,593.2,232,0.066,2
230,63.847,-145.432,77.931,-0.7957,0.289,-0.5323,-0.0655,-0.6221,0.7802,-0.1258,0.7808,0.612,25.5,0.543,0.568,0.44,0.42348,261.7,574.0,262.7,555.9,260.8,592.6,233,0.952,2
231,62.314,-144.877,76.921,-0.8036,0.2892,-0.5201,-0.0732,-0.6225,0.7792,-0.1158,0.7813,0.6133,25.5,0.5265,0.578,0.445,0.43433,260.1,573.3,261.3,555.2,258.9,591.9,233,0.965,2
232,60.765,-144.323,75.936,-0.8116,0.289,-0.5078,-0.0808,-0.6229,0.7781,-0.1062,0.7816,0.6147,25.5,0.5096,0.556,0.441,0.43842,258.4,572.7,259.8,554.6,257.0,591.2,234,0.022,2
233,59.201,-143.769,74.974,-0.8192,0.2888,-0.4955,-0.0885,-0.6232,0.777,-0.097,0.7817,0.616,25.5,0.4925,0.532,0.446,0.43202,256.8,572.0,258.4,553.9,255.1,590.5,235,0.846,2
234,57.623,-143.215,74.035,-0.8264,0.2886,-0.4834,-0.0963,-0.6236,0.7758,-0.0882,0.7817,0.6174,25.5,0.4754,0.511,0.453,0.42071,255.1,571.4,256.9,553.3,253.2,589.9,235,1.072,2
235,56.031,-142.662,73.12,-0.8334,0.2884,-0.4715,-0.1041,-0.6239,0.7746,-0.0796,0.7815,0.6188,25.5,0.4584,0.499,0.452,0.41254,253.4,570.7,255.5,552.6,251.3,589.2,236,0.289,2
236,54.427,-142.109,72.227,-0.84,0.2882,-0.4597,-0.112,-0.6241,0.7733,-0.0714,0.7812,0.6202,25.5,0.4413,0.477,0.459,0.404,251.7,570.1,254.0,552.0,249.3,588.5,237,0.404,2
237,52.81,-141.556,71.356,-0.8464,0.2881,-0.4479,-0.1199,-0.6244,0.7719,-0.0633,0.7807,0.6217,25.5,0.4241,0.473,0.46,0.40108,250.0,569.4,252.5,551.3,247.4,587.9,238,1.002,2
238,51.181,-141.004,70.509,-0.8524,0.2883,-0.4362,-0.128,-0.6246,0.7704,-0.0551,0.78,0.6233,25.5,0.407,0.48,0.472,0.39289,248.3,568.8,251.0,550.7,245.4,587.2,238,0.916,2
239,49.541,-140.448,69.685,-0.8582,0.2908,-0.423,-0.1361,-0.6248,0.7688,-0.0442,0.7791,0.6253,25.5,0.3901,0.637,0.473,0.43723,246.5,568.1,249.5,550.1,243.5,586.5,239,0.421,2
240,47.889,-139.89,68.886,-0.8642,0.2914,-0.4102,-0.1443,-0.625,0.7672,-0.0353,0.778,0.6272,25.5,0.3721,0.525,0.479,0.42274,244.8,567.5,248.0,549.4,241.5,585.9,240,0.037,2
241,46.226,-139.332,68.111,-0.8704,0.2902,-0.3978,-0.1525,-0.6252,0.7654,-0.0284,0.7769,0.629,25.5,0.3532,0.413,0.481,0.41576,243.0,566.8,246.5,548.8,239.5,585.2,241,0.241,2
242,44.551,-138.778,67.36,-0.8767,0.2871,-0.386,-0.1608,-0.6255,0.7635,-0.0236,0.7758,0.6305,25.5,0.3333,0.295,0.488,0.41026,241.3,566.2,245.0,548.2,237.5,584.6,242,0.412,2
243,42.864,-138.232,66.63,-0.8831,0.2821,-0.3749,-0.1692,-0.6257,0.7615,-0.0208,0.7747,0.632,25.5,0.3126,0.193,0.495,0.41092,239.5,565.5,243.4,547.6,235.5,583.9,243,0.487,2
244,41.164,-137.697,65.921,-0.8895,0.2754,-0.3646,-0.1775,-0.6261,0.7593,-0.02,0.7737,0.6332,25.5,0.2914,0.101,0.493,0.41394,237.7,564.9,241.9,547.0,233.5,583.3,244,0.475,2
245,39.452,-137.175,65.232,-0.8955,0.2694,-0.3542,-0.1859,-0.6264,0.757,-0.0187,0.7725,0.6347,25.5,0.2704,0.133,0.499,0.40103,235.9,564.3,240.4,546.4,231.4,582.7,245,0.384,2
246,37.729,-136.663,64.563,-0.9011,0.2646,-0.3434,-0.1942,-0.6269,0.7545,-0.0161,0.7711,0.6365,25.5,0.25,0.198,0.497,0.39075,234.1,563.7,238.8,545.8,229.4,582.1,246,0.224,2
247,35.996,-136.16,63.915,-0.9065,0.2602,-0.3324,-0.2022,-0.6275,0.7519,-0.0132,0.7694,0.6386,25.5,0.2299,0.227,0.483,0.38903,232.3,563.2,237.2,545.2,227.3,581.5,247,0.05,2
248,34.253,-135.665,63.288,-0.9117,0.2563,-0.3213,-0.2099,-0.6282,0.7492,-0.0101,0.7676,0.6408,25.5,0.2104,0.241,0.469,0.3843,230.5,562.6,235.6,544.7,225.3,581.0,248,0.293,2
249,32.5,-135.177,62.683,-0.9164,0.2527,-0.3103,-0.2171,-0.629,0.7464,-0.0067,0.7656,0.6433,25.5,0.1916,0.268,0.445,0.37324,228.7,562.1,234.0,544.1,223.2,580.4,249,0.619,2
250,30.738,-134.695,62.098,-0.9209,0.2496,-0.2994,-0.2237,-0.6301,0.7436,-0.0031,0.7634,0.6459,25.5,0.1739,0.284,0.416,0.36428,226.8,561.5,232.3,543.5,221.2,579.9,251,0.541,2
251,28.968,-134.219,61.534,-0.925,0.2469,-0.2887,-0.2295,-0.6313,0.7408,0.0007,0.761,0.6487,25.5,0.1574,0.303,0.375,0.35176,225.0,561.0,230.7,543.0,219.2,579.4,252,0.133,2
252,27.19,-133.752,60.989,-0.9291,0.2409,-0.2805,-0.2344,-0.6328,0.738,0.0003,0.7591,0.651,25.5,0.1417,0.172,0.335,0.32739,223.1,560.4,229.0,542.4,217.2,578.8,253,0.279,2
253,25.405,-133.294,60.459,-0.9329,0.2361,-0.2721,-0.2385,-0.6345,0.7353,0.001,0.7569,0.6535,25.5,0.1274,0.195,0.298,0.3105,221.3,559.9,227.2,541.9,215.2,578.4,254,0.684,2
254,23.612,-132.845,59.946,-0.9363,0.2328,-0.2629,-0.2416,-0.6364,0.7326,0.0033,0.7544,0.6564,25.5,0.1145,0.256,0.259,0.30916,219.4,559.4,225.5,541.4,213.2,577.9,256,0.497,2
255,21.814,-132.4,59.451,-0.9396,0.2311,-0.2527,-0.244,-0.6385,0.7299,0.0074,0.7514,0.6598,25.5,0.1027,0.35,0.239,0.32429,217.6,558.9,223.7,540.8,211.3,577.4,257,0.186,2
256,20.009,-131.958,58.977,-0.9427,0.2306,-0.2413,-0.2455,-0.6408,0.7274,0.0132,0.748,0.6635,25.5,0.0919,0.44,0.213,0.35325,215.7,558.4,221.9,540.3,209.4,577.0,258,0.099,2
257,18.198,-131.515,58.527,-0.9457,0.2316,-0.2283,-0.2462,-0.6434,0.7249,0.0211,0.7442,0.6677,25.5,0.0817,0.557,0.211,0.39968,213.8,557.9,220.0,539.7,207.5,576.5,259,0.324,2
258,16.381,-131.069,58.103,-0.9486,0.234,-0.2132,-0.2463,-0.6461,0.7225,0.0314,0.7397,0.6722,25.5,0.0716,0.694,0.207,0.46489,211.9,557.4,218.2,539.2,205.5,576.1,260,0.516,2
259,14.56,-130.616,57.71,-0.9514,0.2375,-0.1962,-0.2455,-0.649,0.7201,0.0438,0.7347,0.677,25.5,0.0619,0.814,0.22,0.52538,210.0,556.9,216.3,538.6,203.7,575.7,261,0.672,2
260,12.733,-130.16,57.348,-0.954,0.2387,-0.1815,-0.2441,-0.652,0.7178,0.0531,0.7301,0.6812,25.5,0.053,0.641,0.231,0.44746,208.2,556.4,214.4,538.1,201.8,575.2,262,0.794,2
261,10.901,-129.701,57.015,-0.9565,0.2395,-0.1664,-0.2421,-0.6552,0.7156,0.0625,0.7255,0.6854,25.5,0.0444,0.646,0.25,0.45789,206.3,555.9,212.5,537.5,199.9,574.8,263,0.883,2
262,9.064,-129.241,56.71,-0.959,0.2399,-0.1509,-0.2394,-0.6585,0.7135,0.0718,0.7208,0.6894,25.5,0.0361,0.64,0.272,0.46926,204.4,555.4,210.5,536.9,198.1,574.4,264,0.942,2
263,7.223,-128.781,56.436,-0.9614,0.2398,-0.1349,-0.2361,-0.662,0.7113,0.0813,0.716,0.6933,25.5,0.0277,0.65,0.303,0.4834,202.5,555.0,208.5,536.3,196.3,574.0,266,0.942,2
264,5.377,-128.322,56.194,-0.9638,0.2392,-0.118,-0.2323,-0.6656,0.7092,0.0911,0.711,0.6972,25.5,0.019,0.669,0.323,0.51028,200.6,554.5,206.5,535.8,194.4,573.6,267,0.96,2
265,3.526,-127.864,55.984,-0.9661,0.238,-0.1002,-0.2279,-0.6694,0.707,0.1012,0.7059,0.701,25.5,0.01,0.684,0.356,0.53748,198.6,554.0,204.5,535.2,192.6,573.2,267,0.957,2
266,1.672,-127.409,55.81,-0.9682,0.2365,-0.081,-0.2231,-0.6734,0.7048,0.1122,0.7005,0.7048,25.5,0.0003,0.735,0.38,0.57886,196.7,553.5,202.5,534.6,190.8,572.8,268,0.921,2
267,-0.187,-126.957,55.674,-0.97,0.2353,-0.0608,-0.2177,-0.6775,0.7026,0.1242,0.6948,0.7084,25.5,0.009,0.789,0.408,0.60697,194.8,553.0,200.5,534.0,189.0,572.4,269,0.87,2
268,-2.048,-126.507,55.578,-0.9713,0.2343,-0.0401,-0.2119,-0.6817,0.7003,0.1368,0.6888,0.7119,25.5,0.018,0.824,0.431,0.62042,192.9,552.5,198.4,533.5,187.2,572.0,270,0.808,2
269,-3.912,-126.058,55.521,-0.9722,0.2335,-0.0191,-0.2056,-0.6861,0.6979,0.1499,0.6826,0.7152,25.5,0.0264,0.852,0.461,0.62851,191.0,552.1,196.4,532.9,185.5,571.7,271,0.739,2
270,-5.777,-125.611,55.504,-0.9725,0.2328,0.002,-0.1988,-0.6906,0.6954,0.1634,0.6762,0.7183,25.5,0.034,0.874,0.489,0.63083,189.0,551.6,194.3,532.3,183.7,571.3,272,0.666,2
271,-7.642,-125.165,55.528,-0.9723,0.2325,0.023,-0.1915,-0.6953,0.6927,0.1772,0.6697,0.7212,25.5,0.0405,0.89,0.521,0.62755,187.1,551.2,192.2,531.7,181.9,571.0,273,0.592,2
272,-9.506,-124.72,55.595,-0.9717,0.2315,0.0469,-0.1838,-0.7001,0.69,0.1928,0.6626,0.7237,25.5,0.0489,0.992,0.542,0.71493,185.2,550.7,190.1,531.2,180.2,570.6,274,0.521,2
273,-11.368,-124.277,55.708,-0.9705,0.2304,0.0705,-0.1756,-0.7051,0.687,0.2084,0.6555,0.7259,25.5,0.0564,0.99,0.577,0.70686,183.3,550.2,188.0,530.6,178.5,570.3,275,0.453,2
274,-13.228,-123.836,55.865,-0.9689,0.2291,0.0935,-0.167,-0.7102,0.6839,0.2235,0.6483,0.7278,25.5,0.063,0.965,0.6,0.68997,181.3,549.8,185.8,530.0,176.8,570.0,276,0.392,2
275,-15.084,-123.398,56.066,-0.9669,0.2277,0.1155,-0.1579,-0.7154,0.6806,0.2381,0.6414,0.7293,25.5,0.0684,0.929,0.63,0.66137,179.4,549.4,183.7,529.5,175.1,569.7,277,0.339,2
276,-16.936,-122.963,56.308,-0.9645,0.2262,0.1362,-0.1483,-0.7208,0.6771,0.252,0.6345,0.7306,25.5,0.0722,0.892,0.662,0.62423,177.5,548.9,181.6,528.9,173.4,569.4,278,0.296,2
277,-18.782,-122.531,56.592,-0.9612,0.2247,0.1601,-0.1383,-0.7263,0.6734,0.2684,0.627,0.7314,25.5,0.0775,1.034,0.687,0.72225,175.6,548.5,179.4,528.3,171.7,569.1,279,0.265,2
278,-20.622,-122.101,56.921,-0.9575,0.2229,0.1833,-0.1278,-0.7319,0.6693,0.2843,0.6195,0.7317,25.5,0.0819,1.007,0.721,0.70399,173.7,548.1,177.2,527.8,170.1,568.8,280,0.249,2
279,-22.455,-121.676,57.294,-0.9535,0.2208,0.2054,-0.1169,-0.7376,0.665,0.2994,0.6123,0.7318,25.5,0.0852,0.958,0.747,0.67391,171.8,547.7,175.1,527.2,168.5,568.5,281,0.25,2
280,-24.279,-121.255,57.708,-0.9493,0.2184,0.2263,-0.1055,-0.7435,0.6604,0.3136,0.6053,0.7316,25.5,0.0872,0.907,0.781,0.64096,169.9,547.3,172.9,526.7,166.9,568.3,282,0.269,2
281,-26.095,-120.838,58.161,-0.9446,0.216,0.2472,-0.0937,-0.7494,0.6554,0.3281,0.5983,0.731,25.5,0.0887,0.923,0.808,0.64405,168.0,546.9,170.7,526.1,165.3,568.0,283,0.309,2
282,-27.901,-120.426,58.657,-0.9389,0.2136,0.2698,-0.0814,-0.7555,0.6501,0.3441,0.5909,0.7297,25.5,0.0904,1.013,0.843,0.70005,166.2,546.5,168.6,525.6,163.7,567.8,284,0.373,2
283,-29.696,-120.02,59.195,-0.9334,0.2109,0.2904,-0.0686,-0.7616,0.6444,0.3585,0.584,0.7283,25.5,0.0905,0.918,0.876,0.64215,164.3,546.1,166.4,525.0,162.2,567.6,285,0.462,2
284,-31.481,-119.618,59.77,-0.928,0.208,0.309,-0.0553,-0.7678,0.6383,0.3715,0.5775,0.7269,25.5,0.0889,0.837,0.911,0.58513,162.4,545.7,164.2,524.5,160.7,567.3,286,0.581,2
285,-33.256,-119.222,60.379,-0.923,0.2048,0.3258,-0.0414,-0.7741,0.6317,0.383,0.5716,0.7257,25.5,0.0855,0.744,0.953,0.53237,160.6,545.4,162.0,524.0,159.2,567.1,287,0.731,2
286,-35.021,-118.833,61.021,-0.9171,0.2006,0.3444,-0.027,-0.7805,0.6245,0.3955,0.5654,0.7238,25.5,0.0833,0.807,0.993,0.59638,158.7,545.0,159.8,523.5,157.7,566.9,289,0.78,3
287,-36.774,-118.452,61.699,-0.9107,0.197,0.3631,-0.0121,-0.787,0.6169,0.4086,0.5592,0.7214,25.5,0.08,0.842,1.028,0.60027,156.9,544.7,157.6,523.0,156.3,566.8,290,0.517,3
288,-38.514,-118.077,62.412,-0.9043,0.1943,0.3801,0.0035,-0.7935,0.6086,0.421,0.5532,0.7188,25.5,0.074,0.803,1.079,0.54869,155.1,544.3,155.4,522.5,154.8,566.6,291,0.213,3
289,-40.242,-117.706,63.156,-0.898,0.1927,0.3955,0.0197,-0.8,0.5996,0.4329,0.5475,0.7162,25.5,0.0653,0.771,1.125,0.49942,153.3,544.0,153.1,522.0,153.4,566.4,292,0.134,3
290,-41.958,-117.338,63.928,-0.8917,0.1917,0.4101,0.0365,-0.8066,0.59,0.4445,0.5419,0.7133,25.5,0.0548,0.756,1.171,0.47604,151.5,543.7,150.9,521.5,152.1,566.2,293,0.523,3
291,-43.661,-116.973,64.732,-0.8841,0.1887,0.4275,0.054,-0.8131,0.5796,0.4575,0.536,0.7095,25.5,0.0466,0.846,1.224,0.57435,149.7,543.3,148.7,521.0,150.8,566.1,295,0.489,3
292,-45.349,-116.613,65.567,-0.8768,0.1869,0.443,0.0722,-0.8197,0.5683,0.4696,0.5306,0.7057,25.5,0.0353,0.79,1.284,0.51471,147.9,543.0,146.4,520.5,149.5,565.9,296,0.028,3
293,-47.024,-116.256,66.43,-0.8699,0.1863,0.4568,0.0911,-0.8262,0.556,0.4811,0.5253,0.7018,25.5,0.0208,0.759,1.345,0.4613,146.2,542.7,144.2,520.0,148.2,565.8,297,0.589,3
294,-48.686,-115.898,67.318,-0.8632,0.187,0.4689,0.1109,-0.8327,0.5426,0.4919,0.5204,0.698,25.5,0.003,0.714,1.42,0.41376,144.4,542.4,141.9,519.6,147.0,565.6,299,0.077,3
295,-50.333,-115.535,68.231,-0.8539,0.1912,0.4841,0.1316,-0.839,0.5279,0.5071,0.5146,0.6914,25.5,0.0172,1.006,1.499,0.54698,142.7,542.1,139.6,519.1,145.8,565.4,301,0.579,3
296,-51.962,-115.168,69.173,-0.8455,0.1914,0.4985,0.1529,-0.8452,0.5122,0.5197,0.5096,0.6857,25.5,0.0357,0.843,1.557,0.49814,141.0,541.8,137.3,518.6,144.6,565.3,302,0.185,3
297,-53.577,-114.805,70.141,-0.8398,0.1861,0.5101,0.1746,-0.8509,0.4954,0.527,0.5058,0.683,25.5,0.0523,0.496,1.606,0.41736,139.2,541.5,135.1,518.2,143.5,565.1,304,0.11,3
298,-55.184,-114.457,71.127,-0.8369,0.1755,0.5184,0.1964,-0.8562,0.4779,0.5289,0.5029,0.6837,25.5,0.0669,0.203,1.63,0.41147,137.5,541.2,132.8,517.8,142.4,564.9,306,0.287,3
299,-56.783,-114.129,72.135,-0.828,0.169,0.5346,0.2179,-0.8609,0.4598,0.5397,0.4988,0.6782,25.5,0.0801,0.733,1.633,0.58541,135.8,540.9,130.5,517.4,141.3,564.7,308,0.381,3
300,-58.364,-113.81,73.173,-0.8217,0.1623,0.5463,0.2387,-0.8649,0.4415,0.5467,0.4955,0.675,25.5,0.0953,0.48,1.604,0.44466,134.2,540.6,128.3,517.0,140.1,564.6,310,0.455,3
301,-59.939,-113.508,74.223,-0.8231,0.1521,0.5472,0.2584,-0.8682,0.4236,0.543,0.4932,0.6796,25.5,0.1129,0.363,1.537,0.30879,132.5,540.4,126.0,516.7,139.0,564.4,311,0.45,3
302,-61.525,-113.229,75.265,-0.8313,0.139,0.5381,0.2764,-0.8708,0.4067,0.5297,0.4911,0.6915,25.5,0.132,1.03,1.422,0.53587,130.8,540.2,123.9,516.4,137.8,564.2,313,0.263,3
303,-63.129,-112.977,76.286,-0.8383,0.1239,0.531,0.2922,-0.8726,0.3913,0.5173,0.4884,0.7028,25.5,0.1453,0.974,1.268,0.54058,129.1,540.0,121.7,516.2,136.5,564.0,315,0.093,3
304,-64.737,-112.752,77.305,-0.8397,0.1114,0.5315,0.3057,-0.8739,0.3778,0.5127,0.4855,0.7081,25.5,0.1532,0.435,1.096,0.37613,127.4,539.8,119.6,516.0,135.2,563.9,316,0.611,3
305,-66.352,-112.547,78.32,-0.8446,0.1026,0.5254,0.3173,-0.8749,0.366,0.5042,0.4825,0.7162,25.5,0.1655,0.694,0.95,0.3518,125.6,539.7,117.6,515.8,133.8,563.8,318,0.067,3
306,-67.979,-112.356,79.317,-0.8529,0.0969,0.513,0.3272,-0.8755,0.3556,0.4918,0.4791,0.7271,25.5,0.1815,0.966,0.823,0.47723,123.9,539.5,115.6,515.7,132.3,563.6,319,0.475,3
307,-69.625,-112.174,80.283,-0.8644,0.0938,0.4939,0.3357,-0.876,0.3464,0.4749,0.475,0.7409,25.5,0.2013,1.272,0.718,0.67251,122.1,539.4,113.6,515.6,130.8,563.5,321,0.532,3
308,-71.296,-111.995,81.207,-0.8771,0.0919,0.4714,0.3432,-0.8763,0.3381,0.4555,0.4701,0.756,25.5,0.2222,1.436,0.641,0.77417,120.3,539.3,111.6,515.4,129.2,563.4,322,0.163,3
309,-72.985,-111.824,82.099,-0.8847,0.0866,0.4581,0.3499,-0.8765,0.3306,0.4424,0.4657,0.7664,25.5,0.234,0.991,0.576,0.4843,118.5,539.2,109.6,515.3,127.5,563.3,323,0.149,3
310,-74.69,-111.662,82.962,-0.8934,0.0822,0.4418,0.3559,-0.8767,0.3237,0.4271,0.4607,0.778,25.5,0.247,1.137,0.524,0.56742,116.7,539.1,107.6,515.2,125.9,563.2,324,0.402,3
311,-76.412,-111.508,83.791,-0.9031,0.0785,0.4221,0.3612,-0.8768,0.3175,0.4092,0.455,0.7909,25.5,0.261,1.306,0.467,0.66533,114.9,539.0,105.6,515.1,124.2,563.1,325,0.597,3
312,-78.154,-111.361,84.579,-0.914,0.0754,0.3986,0.3658,-0.8769,0.3118,0.3881,0.4483,0.8052,25.5,0.2762,1.51,0.42,0.77952,113.0,538.9,103.6,515.0,122.4,563.0,326,0.734,3
313,-79.918,-111.219,85.317,-0.9259,0.073,0.3706,0.37,-0.877,0.3067,0.3633,0.4404,0.821,25.5,0.2929,1.745,0.379,0.91189,111.1,538.8,101.6,514.9,120.7,562.9,327,0.812,3
314,-81.703,-111.082,86.005,-0.9351,0.0698,0.3476,0.3736,-0.877,0.302,0.3423,0.433,0.8339,25.5,0.3056,1.474,0.339,0.7463,109.2,538.7,99.6,514.8,118.9,562.8,328,0.83,3
315,-83.505,-110.951,86.649,-0.944,0.0664,0.3233,0.3768,-0.8771,0.2978,0.3199,0.425,0.8468,25.5,0.3177,1.55,0.303,0.77985,107.3,538.6,97.6,514.7,117.0,562.7,329,0.788,3
316,-85.323,-110.827,87.244,-0.9528,0.0627,0.2971,0.3797,-0.8772,0.2939,0.2955,0.4161,0.86,25.5,0.3295,1.669,0.279,0.83317,105.3,538.5,95.6,514.6,115.2,562.6,330,0.684,3
317,-87.159,-110.711,87.787,-0.9614,0.0585,0.2688,0.3821,-0.8773,0.2904,0.2689,0.4062,0.8733,25.5,0.3406,1.796,0.243,0.89263,103.4,538.4,93.6,514.5,113.3,562.5,331,0.515,3
318,-89.011,-110.603,88.274,-0.9698,0.054,0.238,0.3843,-0.8774,0.2872,0.2396,0.3952,0.8868,25.5,0.3517,1.953,0.223,0.96331,101.4,538.3,91.5,514.4,111.3,562.4,332,0.278,3
319,-90.877,-110.503,88.702,-0.9767,0.0501,0.2089,0.3862,-0.8775,0.2842,0.2119,0.3843,0.8985,25.5,0.3618,1.833,0.204,0.90113,99.4,538.2,89.5,514.3,109.4,562.4,333,0.038,3
320,-92.756,-110.411,89.073,-0.9829,0.0457,0.1783,0.3879,-0.8777,0.2815,0.1824,0.3725,0.9099,25.5,0.3712,1.934,0.183,0.94212,97.4,538.2,87.5,514.2,107.5,562.3,334,0.442,3
321,-94.646,-110.328,89.385,-0.9884,0.0407,0.1466,0.3893,-0.8778,0.279,0.1513,0.3598,0.9207,25.5,0.3796,2.022,0.164,0.97287,95.4,538.1,85.4,514.2,105.5,562.2,335,0.946,3
322,-96.546,-110.255,89.635,-0.9928,0.0352,0.1146,0.3906,-0.878,0.2767,0.1197,0.3464,0.9304,25.5,0.387,2.044,0.152,0.97908,93.4,538.0,83.4,514.1,103.5,562.2,335,0.971,3
323,-98.453,-110.193,89.825,-0.9961,0.0295,0.0833,0.3917,-0.8782,0.2746,0.0884,0.3329,0.9388,25.5,0.3932,2.012,0.136,0.95567,91.4,538.0,81.3,514.0,101.5,562.1,336,0.352,3
324,-100.366,-110.143,89.956,-0.9983,0.0235,0.0531,0.3927,-0.8784,0.2726,0.0578,0.3193,0.9459,25.5,0.3982,1.961,0.129,0.92235,89.4,537.9,79.3,514.0,99.5,562.1,337,0.394,3
325,-102.282,-110.103,90.029,-0.9995,0.0184,0.0241,0.3935,-0.8786,0.2707,0.0285,0.306,0.9516,25.5,0.4029,1.872,0.119,0.88055,87.3,537.9,77.2,513.9,97.5,562.1,338,1.282,3
326,-104.199,-110.072,90.049,-0.9999,0.0142,-0.0035,0.3943,-0.8788,0.2689,0.0008,0.293,0.9561,25.5,0.4077,1.772,0.113,0.8343,85.3,537.9,75.2,513.9,95.5,562.0,338,0.635,3
327,-106.116,-110.048,90.017,-0.9995,0.0109,-0.0295,0.3949,-0.879,0.2673,-0.0252,0.2805,0.9595,25.5,0.4122,1.664,0.099,0.78315,83.3,537.8,73.2,513.9,93.5,562.0,339,0.41,3
328,-108.032,-110.029,89.937,-0.9985,0.0085,-0.0537,0.3955,-0.8792,0.2657,-0.0494,0.2686,0.962,25.5,0.4166,1.552,0.099,0.72728,81.3,537.8,71.2,513.9,91.5,562.0,339,1.508,3
329,-109.945,-110.016,89.812,-0.997,0.0043,-0.077,0.396,-0.8794,0.2643,-0.0733,0.2566,0.9637,25.5,0.4189,1.535,0.086,0.70887,79.3,537.8,69.1,513.8,89.5,562.0,340,0.294,3
330,-111.856,-110.012,89.643,-0.9951,0.0002,-0.099,0.3965,-0.8796,0.2628,-0.096,0.245,0.9648,25.5,0.4208,1.462,0.091,0.67102,77.3,537.8,67.1,513.8,87.5,561.9,341,1.084,3
331,-113.762,-110.014,89.433,-0.9928,-0.0024,-0.1198,0.397,-0.8798,0.2615,-0.117,0.234,0.9652,25.5,0.4234,1.358,0.081,0.63001,75.3,537.8,65.1,513.8,85.5,561.9,341,0.834,3
332,-115.663,-110.02,89.184,-0.9902,-0.0036,-0.1396,0.3974,-0.88,0.2602,-0.1369,0.2235,0.965,25.5,0.4267,1.289,0.079,0.59776,73.3,537.8,63.2,513.8,83.5,561.9,342,0.703,3
333,-117.56,-110.027,88.897,-0.9873,-0.0035,-0.1589,0.3977,-0.8802,0.2589,-0.156,0.2132,0.9645,25.5,0.4307,1.244,0.077,0.58312,71.3,537.7,61.2,513.8,81.6,561.9,342,1.215,3
334,-119.45,-110.033,88.574,-0.984,-0.0022,-0.178,0.3981,-0.8804,0.2577,-0.1747,0.203,0.9635,25.5,0.4357,1.222,0.073,0.58042,69.4,537.7,59.2,513.8,79.6,561.9,343,0.473,3
335,-121.333,-110.035,88.215,-0.9804,-0.0003,-0.197,0.3984,-0.8806,0.2565,-0.1934,0.1927,0.962,25.5,0.4409,1.226,0.072,0.58066,67.4,537.7,57.3,513.7,77.6,561.9,343,1.445,3
336,-123.21,-110.038,87.819,-0.9765,-0.0019,-0.2155,0.3987,-0.8808,0.2553,-0.2123,0.1822,0.9601,25.5,0.4427,1.244,0.072,0.56688,65.5,537.7,55.3,513.7,75.7,561.8,344,0.388,3
337,-125.079,-110.042,87.389,-0.9725,-0.0024,-0.2331,0.3991,-0.881,0.2541,-0.23,0.1721,0.9579,25.5,0.4452,1.174,0.073,0.53939,63.5,537.7,53.4,513.7,73.8,561.8,344,1.531,3
338,-126.94,-110.046,86.926,-0.9683,-0.0019,-0.2499,0.3994,-0.8812,0.253,-0.2469,0.1624,0.9553,25.5,0.4483,1.126,0.066,0.51762,61.6,537.6,51.5,513.7,71.9,561.8,345,0.442,3
339,-128.792,-110.049,86.43,-0.9639,-0.0005,-0.2664,0.3997,-0.8814,0.2519,-0.2633,0.1528,0.9525,25.5,0.4519,1.101,0.066,0.5119,59.7,537.6,49.5,513.6,69.9,561.7,345,1.476,3
340,-130.636,-110.048,85.904,-0.9592,0.0019,-0.2826,0.4,-0.8815,0.2508,-0.2795,0.1433,0.9494,25.5,0.4562,1.091,0.065,0.50903,57.8,537.6,47.7,513.6,68.1,561.7,346,0.631,3
341,-132.471,-110.041,85.346,-0.9543,0.0052,-0.299,0.4004,-0.8817,0.2497,-0.2956,0.1336,0.9459,25.5,0.4613,1.095,0.068,0.52078,55.9,537.5,45.8,513.6,66.2,561.6,346,1.287,3
342,-134.296,-110.027,84.757,-0.9489,0.0096,-0.3155,0.4007,-0.8818,0.2486,-0.312,0.1238,0.942,25.5,0.4671,1.117,0.065,0.53506,54.1,537.5,43.9,513.5,64.3,561.6,347,0.95,3
343,-136.11,-110.008,84.136,-0.9431,0.0097,-0.3323,0.401,-0.882,0.2475,-0.3292,0.1134,0.9374,25.5,0.469,1.181,0.066,0.53113,52.2,537.4,42.0,513.5,62.5,561.5,347,0.968,3
344,-137.913,-109.989,83.483,-0.9373,0.0105,-0.3483,0.4014,-0.8821,0.2464,-0.3454,0.1034,0.9327,25.5,0.4713,1.124,0.067,0.50902,50.4,537.3,40.2,513.4,60.6,561.4,348,1.392,3
345,-139.705,-109.966,82.8,-0.9314,0.0129,-0.3637,0.4017,-0.8823,0.2454,-0.3611,0.0936,0.9278,25.5,0.4748,1.097,0.061,0.49793,48.6,537.3,38.4,513.4,58.8,561.4,348,0.526,3
346,-141.486,-109.938,82.088,-0.9252,0.0169,-0.3791,0.4021,-0.8824,0.2443,-0.3766,0.0838,0.9226,25.5,0.4795,1.092,0.067,0.51017,46.8,537.2,36.6,513.3,57.0,561.3,349,1.913,3
347,-143.253,-109.9,81.346,-0.9184,0.0226,-0.3949,0.4025,-0.8825,0.2432,-0.3924,0.0736,0.9168,25.5,0.4856,1.128,0.067,0.54146,45.0,537.1,34.8,513.2,55.2,561.2,349,0.009,3
348,-145.008,-109.85,80.573,-0.9109,0.0304,-0.4115,0.403,-0.8826,0.242,-0.4091,0.0628,0.9103,25.5,0.4935,1.199,0.075,0.59197,43.2,537.0,33.0,513.1,53.4,561.1,349,1.922,3
349,-146.747,-109.782,79.767,-0.9022,0.0408,-0.4294,0.4034,-0.8827,0.2409,-0.4274,0.051,0.9026,25.5,0.5034,1.323,0.067,0.67087,41.4,536.9,31.3,513.0,51.7,560.9,350,0.538,3
350,-148.467,-109.694,78.925,-0.8921,0.0492,-0.4491,0.4039,-0.8828,0.2397,-0.4477,0.0378,0.8934,25.5,0.5114,1.484,0.075,0.70766,39.7,536.7,29.5,512.9,50.0,560.8,350,1.379,3
351,-150.168,-109.594,78.044,-0.8816,0.0562,-0.4687,0.4044,-0.8829,0.2385,-0.4681,0.0242,0.8834,25.5,0.5179,1.517,0.075,0.69645,38.0,536.6,27.8,512.7,48.3,560.6,351,1.046,3
352,-151.848,-109.478,77.127,-0.8703,0.065,-0.4881,0.405,-0.883,0.2373,-0.4886,0.0104,0.8725,25.5,0.5257,1.547,0.077,0.72047,36.4,536.4,26.2,512.5,46.6,560.4,351,0.872,3
353,-153.505,-109.343,76.172,-0.858,0.0758,-0.5081,0.4055,-0.8831,0.236,-0.5098,-0.0042,0.8603,25.5,0.5348,1.632,0.08,0.77215,34.7,536.2,24.5,512.3,45.0,560.2,352,1.467,3
354,-155.138,-109.185,75.178,-0.8438,0.0895,-0.5291,0.4062,-0.8832,0.2347,-0.5326,-0.0202,0.8461,25.5,0.546,1.791,0.085,0.861,33.1,535.9,22.9,512.1,43.4,559.9,352,0.453,3
355,-156.74,-108.997,74.142,-0.827,0.1071,-0.5519,0.4069,-0.8832,0.2333,-0.5582,-0.0382,0.8289,25.5,0.5599,2.046,0.09,0.99641,31.5,535.7,21.3,511.9,41.8,559.6,353,1.753,3
356,-158.306,-108.775,73.058,-0.806,0.1244,-0.5787,0.4076,-0.8832,0.2318,-0.5883,-0.0598,0.8064,25.5,0.5725,2.484,0.095,1.14117,30.0,535.4,19.8,511.6,40.3,559.3,353,0.17,3
357,-159.83,-108.519,71.922,-0.7822,0.143,-0.6064,0.4084,-0.8833,0.2303,-0.62,-0.0833,0.7802,25.5,0.5854,2.714,0.097,1.22468,28.5,535.0,18.3,511.3,38.8,559.0,354,1.869,3
358,-161.304,-108.224,70.732,-0.755,0.1645,-0.6348,0.4093,-0.8833,0.2287,-0.6535,-0.1089,0.749,25.5,0.5995,3.006,0.105,1.33931,27.1,534.7,16.8,510.9,37.4,558.6,354,0.07,3
359,-162.722,-107.885,69.486,-0.7229,0.19,-0.6643,0.4103,-0.8833,0.227,-0.6895,-0.1376,0.7111,25.5,0.6152,3.417,0.113,1.50914,25.7,534.2,15.5,510.5,36.1,558.1,355,1.788,3
360,-164.07,-107.493,68.181,-0.6811,0.2193,-0.6986,0.4114,-0.8832,0.2252,-0.7318,-0.1728,0.6592,25.5,0.6312,4.335,0.121,1.83822,24.5,533.7,14.2,510.0,34.8,557.6,355,0.139,3
361,-165.329,-107.042,66.806,-0.6303,0.2522,-0.7342,0.4125,-0.8832,0.2232,-0.7763,-0.2126,0.5934,25.5,0.6466,5.092,0.131,2.09884,23.3,533.2,13.0,509.5,33.7,557.0,356,1.507,3
362,-166.485,-106.525,65.367,-0.5746,0.2872,-0.7664,0.4139,-0.8831,0.2212,-0.8171,-0.2533,0.5178,25.5,0.661,5.449,0.14,2.18921,22.2,532.5,11.9,508.9,32.7,556.3,356,0.414,3
363,-167.52,-105.937,63.864,-0.5032,0.326,-0.8003,0.4153,-0.8829,0.219,-0.8579,-0.3001,0.4171,25.5,0.6721,6.782,0.15,2.63236,21.3,531.8,10.9,508.2,31.8,555.6,357,1.058,3
364,-168.42,-105.278,62.304,-0.4374,0.3599,-0.8241,0.417,-0.8827,0.2166,-0.8842,-0.3388,0.3214,25.5,0.6786,6.107,0.169,2.32427,20.5,531.1,10.1,507.5,31.0,554.8,357,0.864,3
365,-169.207,-104.562,60.71,-0.3827,0.386,-0.8393,0.4187,-0.8825,0.2142,-0.8983,-0.3679,0.2404,25.5,0.6807,4.999,0.169,1.86751,19.9,530.2,9.4,506.7,30.4,553.9,358,0.48,3
366,-169.878,-103.794,59.086,-0.3151,0.4163,-0.8529,0.4206,-0.8822,0.2116,-0.9064,-0.3985,0.1404,25.5,0.6803,6.012,0.185,2.25151,19.4,529.3,8.8,505.8,29.9,553.0,358,1.442,3
367,-170.405,-102.961,57.442,-0.2312,0.4531,-0.8609,0.4228,-0.8818,0.2089,-0.9031,-0.429,0.0167,25.5,0.6771,7.307,0.201,2.74958,19.0,528.4,8.4,504.9,29.6,552.0,359,0.196,3
368,-170.765,-102.062,55.788,-0.1479,0.4834,-0.8628,0.4251,-0.8814,0.206,-0.8867,-0.4512,-0.1008,25.5,0.6667,6.92,0.213,2.65065,18.8,527.3,8.1,503.9,29.5,550.9,360,0.971,3
369,-170.984,-101.11,54.138,-0.0831,0.5083,-0.8572,0.4277,-0.8808,0.203,-0.8649,-0.464,-0.1913,25.5,0.6573,5.386,0.23,2.08162,18.7,526.2,8.0,502.9,29.5,549.8,360,0.949,3
370,-171.089,-100.116,52.502,-0.0243,0.5281,-0.8488,0.4304,-0.8802,0.2,-0.8395,-0.4718,-0.2695,25.5,0.6451,4.734,0.234,1.87124,18.8,525.1,8.0,501.8,29.6,548.6,361,0.149,3
371,-171.074,-99.082,50.887,0.0413,0.5504,-0.8339,0.4334,-0.8794,0.1968,-0.805,-0.476,-0.3541,25.5,0.6302,5.242,0.255,2.11829,18.9,524.0,8.1,500.7,29.8,547.4,362,1.164,3
372,-170.924,-98.002,49.31,0.116,0.5761,-0.8091,0.4367,-0.8785,0.1936,-0.7579,-0.4752,-0.447,25.5,0.6121,5.971,0.268,2.47527,19.3,522.8,8.3,499.5,30.2,546.1,362,0.755,3
373,-170.632,-96.878,47.784,0.1871,0.5956,-0.7812,0.4402,-0.8775,0.1903,-0.7079,-0.4696,-0.5276,25.5,0.5889,5.446,0.282,2.35635,19.7,521.5,8.7,498.3,30.8,544.8,363,0.187,3
374,-170.211,-95.716,46.318,0.2516,0.6165,-0.7461,0.4441,-0.8763,0.187,-0.6542,-0.4597,-0.6005,25.5,0.568,5.221,0.301,2.28207,20.3,520.2,9.2,497.1,31.5,543.5,364,1.035,3
375,-169.664,-94.516,44.928,0.3196,0.6345,-0.7038,0.4482,-0.8749,0.1837,-0.5935,-0.4449,-0.6707,25.5,0.5412,5.387,0.312,2.45374,21.0,518.9,9.8,495.9,32.3,542.1,364,0.885,3
376,-168.99,-93.284,43.622,0.3818,0.6493,-0.6578,0.4527,-0.8732,0.1803,-0.5327,-0.427,-0.7307,25.5,0.5127,5.002,0.337,2.35435,21.8,517.6,10.5,494.6,33.2,540.7,365,0.136,3
377,-168.203,-92.028,42.406,0.4389,0.6604,-0.6093,0.4575,-0.8714,0.177,-0.4727,-0.4069,-0.7816,25.5,0.4825,4.654,0.349,2.26384,22.7,516.2,11.3,493.3,34.3,539.3,366,0.545,3
378,-167.308,-90.753,41.288,0.4942,0.6687,-0.5555,0.4626,-0.8694,0.1738,-0.4105,-0.3837,-0.8272,25.5,0.4493,4.616,0.363,2.31963,23.8,514.9,12.2,492.0,35.4,537.9,367,1.155,3
379,-166.31,-89.464,40.28,0.5467,0.6748,-0.4957,0.4679,-0.8671,0.1706,-0.3457,-0.3573,-0.8677,25.5,0.4139,4.633,0.378,2.38579,24.9,513.5,13.1,490.7,36.7,536.4,367,0.764,3
380,-165.214,-88.168,39.386,0.5939,0.6762,-0.4359,0.4736,-0.8647,0.1676,-0.2845,-0.3303,-0.9,25.5,0.3765,4.257,0.394,2.27761,26.1,512.1,14.2,489.4,38.1,535.0,368,0.212,3
381,-164.036,-86.87,38.611,0.634,0.6782,-0.3717,0.4795,-0.862,0.1647,-0.222,-0.3008,-0.9275,25.5,0.3418,4.263,0.407,2.26334,27.4,510.8,15.3,488.2,39.5,533.5,369,0.28,3
382,-162.782,-85.573,37.962,0.6724,0.674,-0.3059,0.4856,-0.859,0.1621,-0.161,-0.2701,-0.9493,25.5,0.302,4.108,0.417,2.28082,28.7,509.4,16.5,486.9,41.0,532.1,370,0.709,3
383,-161.464,-84.283,37.438,0.7016,0.6712,-0.2395,0.4919,-0.8559,0.1596,-0.1015,-0.2385,-0.9658,25.5,0.2676,3.975,0.427,2.16958,30.1,508.1,17.7,485.6,42.6,530.6,371,1.065,3
384,-160.094,-83.0,37.048,0.7277,0.665,-0.1681,0.4985,-0.8524,0.1574,-0.0397,-0.2039,-0.9782,25.5,0.2305,4.121,0.446,2.27997,31.5,506.7,19.0,484.4,44.2,529.2,371,0.853,3
385,-158.678,-81.732,36.796,0.7476,0.6576,-0.0931,0.5054,-0.8488,0.1555,0.0237,-0.1665,-0.9858,25.5,0.1948,4.241,0.459,2.32999,33.0,505.4,20.2,483.2,45.8,527.8,372,0.58,3
386,-157.234,-80.475,36.695,0.7587,0.6514,-0.0109,0.5124,-0.8448,0.1539,0.0922,-0.124,-0.988,25.5,0.1632,4.622,0.471,2.48651,34.5,504.2,21.5,482.0,47.5,526.4,373,0.399,3
387,-155.769,-79.239,36.754,0.7653,0.6397,0.0713,0.5196,-0.8407,0.1527,0.1589,-0.0805,-0.984,25.5,0.1293,4.569,0.48,2.4899,36.0,502.9,22.8,480.9,49.2,525.0,374,0.299,3
388,-154.311,-78.012,36.965,0.752,0.6424,0.148,0.5269,-0.8363,0.1518,0.2228,-0.0364,-0.9742,25.5,0.1185,4.485,0.491,2.32828,37.5,501.6,24.1,479.7,50.9,523.6,375,0.265,3
389,-152.874,-76.796,37.325,0.7434,0.63,0.2247,0.5342,-0.8317,0.1512,0.2833,0.0077,-0.959,25.5,0.0929,4.378,0.496,2.33668,38.9,500.4,25.3,478.6,52.5,522.3,376,0.288,3
390,-151.474,-75.581,37.818,0.7121,0.6407,0.2872,0.5415,-0.827,0.151,0.3359,0.0482,-0.9407,25.5,0.1009,3.946,0.498,2.11345,40.3,499.2,26.5,477.5,54.1,521.0,377,0.361,3
391,-150.144,-74.344,38.43,0.6785,0.644,0.3533,0.5487,-0.8223,0.151,0.3899,0.0919,-0.9163,25.5,0.1039,4.219,0.493,2.21872,41.6,498.0,27.6,476.4,55.6,519.6,378,0.478,3
392,-148.883,-73.096,39.158,0.6329,0.6622,0.4013,0.5558,-0.8175,0.1513,0.4319,0.1283,-0.8928,25.5,0.1289,3.458,0.491,2.05214,42.8,496.7,28.7,475.3,57.0,518.2,379,0.638,3
393,-147.733,-71.789,39.96,0.5648,0.6964,0.4427,0.5627,-0.8126,0.1518,0.4733,0.1661,-0.8651,25.5,0.1809,3.583,0.486,2.59284,43.9,495.4,29.6,474.1,58.3,516.8,380,0.839,3
394,-146.713,-70.432,40.85,0.5002,0.7232,0.4762,0.5694,-0.8078,0.1525,0.5082,0.2001,-0.8377,25.5,0.2268,3.203,0.474,2.31808,44.9,494.1,30.4,472.9,59.4,515.4,382,0.576,3
395,-145.808,-68.999,41.748,0.4441,0.7739,0.4515,0.5758,-0.8031,0.1533,0.5039,0.201,-0.8401,25.5,0.2966,0.287,0.457,2.37803,45.7,492.6,31.1,471.6,60.5,513.8,383,0.304,3
396,-145.026,-67.483,42.622,0.3776,0.8078,0.4527,0.5819,-0.7985,0.1541,0.5199,0.2196,-0.8255,25.5,0.3555,1.636,0.44,2.23129,46.5,491.1,31.6,470.2,61.4,512.2,384,0.047,3
397,-144.341,-65.897,43.455,0.3417,0.8465,0.4083,0.5877,-0.7942,0.1548,0.4987,0.2049,-0.8422,25.5,0.4083,1.761,0.416,2.06151,47.1,489.5,32.1,468.7,62.1,510.5,385,0.197,3
398,-143.715,-64.234,44.174,0.3042,0.8864,0.349,0.5929,-0.7901,0.1554,0.4673,0.1804,-0.8655,25.5,0.4657,2.644,0.381,2.41286,47.7,487.9,32.5,467.1,62.9,508.7,386,0.39,3
399,-143.164,-62.503,44.787,0.2749,0.9178,0.2864,0.5978,-0.7863,0.1559,0.429,0.1495,-0.8909,25.5,0.5127,3.173,0.356,2.2693,48.2,486.1,32.9,465.4,63.5,506.9,387,0.52,3
400,-142.643,-60.719,45.258,0.2669,0.9419,0.2038,0.6022,-0.7829,0.1561,0.3657,0.0966,-0.9257,25.5,0.5449,5.132,0.319,2.58357,48.7,484.3,33.3,463.7,64.1,505.0,388,0.565,4
401,-142.152,-58.894,45.577,0.2483,0.96,0.1298,0.6062,-0.7799,0.1562,0.3077,0.0489,-0.9502,25.5,0.5779,4.527,0.286,2.34408,49.2,482.4,33.7,461.9,64.7,503.0,389,0.498,4
402,-141.678,-57.044,45.755,0.2492,0.9669,0.0546,0.6097,-0.7771,0.1561,0.2396,-0.007,-0.9708,25.5,0.5909,5.186,0.257,2.25733,49.6,480.5,34.0,460.1,65.3,501.0,390,0.309,4
403,-141.198,-55.188,45.786,0.2478,0.9686,-0.0208,0.613,-0.7746,0.1558,0.1688,-0.0643,-0.9836,25.5,0.6016,5.272,0.238,2.25486,50.1,478.6,34.4,458.3,65.9,499.1,391,0.028,4
404,-140.723,-53.334,45.675,0.2491,0.9638,-0.0949,0.6159,-0.7723,0.1554,0.0962,-0.1221,-0.9878,25.5,0.6057,5.324,0.213,2.21992,50.6,476.7,34.9,456.4,66.4,497.1,392,0.449,4
405,-140.238,-51.497,45.421,0.2564,0.9515,-0.17,0.6186,-0.7703,0.155,0.0207,-0.1812,-0.9832,25.5,0.6007,5.502,0.194,2.28519,51.1,474.8,35.3,454.6,67.0,495.1,393,1.03,4
406,-139.745,-49.687,45.026,0.2585,0.9354,-0.2413,0.621,-0.7685,0.1545,-0.0509,-0.2362,-0.9704,25.5,0.5956,5.227,0.174,2.18579,51.7,473.0,35.8,452.8,67.6,493.2,393,0.89,4
407,-139.244,-47.913,44.498,0.2647,0.9136,-0.3088,0.6231,-0.7668,0.154,-0.1183,-0.287,-0.9506,25.5,0.5832,4.969,0.157,2.12817,52.2,471.1,36.3,451.0,68.2,491.3,394,0.154,4
408,-138.73,-46.185,43.846,0.2697,0.8887,-0.3708,0.625,-0.7654,0.1534,-0.1793,-0.332,-0.9261,25.5,0.5685,4.566,0.14,2.00244,52.8,469.3,36.8,449.3,68.9,489.5,395,0.769,4
409,-138.209,-44.507,43.078,0.2736,0.8607,-0.4293,0.6268,-0.7641,0.1529,-0.2356,-0.3728,-0.8975,25.5,0.5518,4.309,0.13,1.94201,53.4,467.6,37.4,447.6,69.5,487.7,395,1.15,4
410,-137.68,-42.886,42.202,0.2792,0.8299,-0.4831,0.6283,-0.7629,0.1523,-0.2858,-0.4084,-0.8669,25.5,0.5313,3.939,0.115,1.86033,54.0,465.9,38.0,445.9,70.1,486.0,396,0.03,4
411,-137.141,-41.323,41.23,0.2815,0.7996,-0.5304,0.6297,-0.7619,0.1517,-0.3293,-0.4387,-0.8361,25.5,0.5124,3.513,0.104,1.68001,54.6,464.3,38.6,444.4,70.8,484.3,397,1.358,4
412,-136.598,-39.82,40.17,0.2845,0.7683,-0.5734,0.6309,-0.761,0.1511,-0.3678,-0.4649,-0.8053,25.5,0.4918,3.2,0.093,1.59217,55.3,462.7,39.2,442.8,71.5,482.7,397,0.56,4
413,-136.049,-38.374,39.038,0.2891,0.7417,-0.6052,0.632,-0.7602,0.1506,-0.3952,-0.4833,-0.7812,25.5,0.4723,2.342,0.083,1.24652,55.9,461.2,39.8,441.4,72.1,481.2,398,1.084,4
414,-135.49,-36.972,37.857,0.2933,0.7206,-0.6283,0.633,-0.7595,0.15,-0.4147,-0.4963,-0.7627,25.5,0.4559,1.711,0.078,0.94401,56.6,459.8,40.4,439.9,72.8,479.7,398,0.832,4
415,-134.928,-35.616,36.621,0.2927,0.6948,-0.657,0.6338,-0.7589,0.1495,-0.4395,-0.5124,-0.7377,25.5,0.44,2.219,0.064,1.15256,57.3,458.4,41.1,438.6,73.5,478.2,399,1.043,4
416,-134.366,-34.3,35.345,0.2934,0.6793,-0.6726,0.6346,-0.7583,0.149,-0.4527,-0.521,-0.7236,25.5,0.4291,1.211,0.064,0.65749,57.9,457.0,41.8,437.2,74.2,476.8,399,0.876,4
417,-133.802,-33.006,34.046,0.2953,0.6702,-0.6809,0.6353,-0.7579,0.1485,-0.4593,-0.5253,-0.7163,25.5,0.4215,0.615,0.054,0.37224,58.6,455.6,42.4,435.9,74.9,475.5,400,1.181,4
418,-133.233,-31.726,32.736,0.2982,0.6657,-0.6841,0.6359,-0.7575,0.148,-0.4614,-0.5268,-0.7138,25.5,0.4159,0.206,0.05,0.18631,59.3,454.3,43.1,434.6,75.6,474.1,400,0.744,4
419,-132.657,-30.45,31.424,0.3022,0.6649,-0.6831,0.6364,-0.7571,0.1475,-0.46,-0.526,-0.7154,25.5,0.4118,0.13,0.046,0.12546,60.0,453.0,43.8,433.3,76.2,472.7,401,1.435,4
420,-132.073,-29.174,30.118,0.3073,0.6674,-0.6783,0.6368,-0.7569,0.1471,-0.4551,-0.523,-0.7207,25.5,0.4092,0.448,0.034,0.22217,60.7,451.7,44.5,432.0,76.9,471.4,401,0.49,4
421,-131.478,-27.888,28.825,0.3138,0.6735,-0.6693,0.6372,-0.7566,0.1466,-0.4465,-0.5175,-0.73,25.5,0.4077,0.791,0.04,0.37845,61.4,450.3,45.2,430.7,77.6,470.1,402,1.739,4
422,-130.871,-26.597,27.546,0.3185,0.6703,-0.6702,0.6375,-0.7565,0.1462,-0.4467,-0.5175,-0.7299,25.5,0.402,0.013,0.029,0.17207,62.1,449.0,45.9,429.4,78.4,468.7,402,0.181,4
423,-130.257,-25.318,26.256,0.3216,0.6645,-0.6746,0.6377,-0.7564,0.1458,-0.4501,-0.5195,-0.7263,25.5,0.3959,0.306,0.026,0.23641,62.8,447.7,46.6,428.1,79.1,467.4,403,2.032,4
424,-129.637,-24.046,24.96,0.3248,0.662,-0.6754,0.6378,-0.7563,0.1455,-0.4506,-0.5196,-0.7259,25.5,0.3918,0.037,0.019,0.1236,63.5,446.4,47.4,426.8,79.8,466.0,403,0.152,4
425,-129.011,-22.776,23.666,0.3283,0.6625,-0.6733,0.6379,-0.7563,0.1451,-0.4485,-0.518,-0.7283,25.5,0.3893,0.204,0.024,0.12283,64.3,445.1,48.1,425.5,80.5,464.7,403,1.809,4
426,-128.377,-21.503,22.379,0.3322,0.6657,-0.6682,0.6379,-0.7564,0.1448,-0.4439,-0.5147,-0.7335,25.5,0.3884,0.44,0.018,0.21427,65.0,443.8,48.8,424.2,81.2,463.4,404,0.334,4
427,-127.736,-20.221,21.106,0.3369,0.672,-0.6595,0.6377,-0.7566,0.1446,-0.4362,-0.5094,-0.7418,25.5,0.389,0.716,0.02,0.35032,65.7,442.5,49.6,422.9,82.0,462.1,404,1.604,4
428,-127.085,-18.923,19.853,0.3425,0.682,-0.6462,0.6374,-0.7569,0.1443,-0.4245,-0.5013,-0.754,25.5,0.3911,1.074,0.03,0.5245,66.5,441.1,50.4,421.6,82.7,460.7,405,0.381,4
429,-126.421,-17.601,18.631,0.3495,0.6972,-0.6259,0.6371,-0.7572,0.1442,-0.4066,-0.489,-0.7717,25.5,0.3955,1.605,0.025,0.78571,67.3,439.8,51.1,420.3,83.4,459.4,405,1.544,4
430,-125.742,-16.243,17.459,0.3588,0.7202,-0.5938,0.6365,-0.7577,0.144,-0.3782,-0.4694,-0.7979,25.5,0.4028,2.483,0.046,1.21233,68.0,438.4,51.9,418.9,84.2,458.0,406,0.24,4
431,-125.044,-14.847,16.347,0.3698,0.7367,-0.5661,0.6359,-0.7582,0.144,-0.3535,-0.4519,-0.819,25.5,0.4049,2.114,0.045,1.01837,68.8,437.0,52.7,417.5,84.9,456.6,406,1.677,4
432,-124.325,-13.418,15.291,0.3804,0.7542,-0.5353,0.6351,-0.7589,0.144,-0.326,-0.4323,-0.8407,25.5,0.4079,2.3,0.061,1.10509,69.6,435.5,53.6,416.0,85.7,455.1,407,0.087,4
433,-123.586,-11.954,14.296,0.3893,0.7721,-0.5024,0.6341,-0.7597,0.144,-0.2968,-0.4111,-0.8619,25.5,0.4121,2.398,0.073,1.15029,70.4,434.0,54.4,414.5,86.5,453.6,408,1.327,4
434,-122.834,-10.457,13.363,0.3951,0.7887,-0.471,0.633,-0.7607,0.1441,-0.2692,-0.3907,-0.8803,25.5,0.4177,2.231,0.085,1.07542,71.2,432.5,55.3,413.0,87.3,452.1,408,0.591,4
435,-122.073,-8.931,12.486,0.3983,0.803,-0.4433,0.6317,-0.7617,0.1442,-0.245,-0.3726,-0.8951,25.5,0.424,1.928,0.094,0.93629,72.1,431.0,56.1,411.5,88.1,450.6,409,0.662,4
436,-121.302,-7.376,11.671,0.4055,0.8186,-0.4067,0.6302,-0.7629,0.1444,-0.2125,-0.3483,-0.913,25.5,0.4277,2.541,0.111,1.20815,72.9,429.4,57.0,409.9,88.9,449.1,409,1.256,4
437,-120.52,-5.791,10.927,0.4103,0.834,-0.3689,0.6285,-0.7643,0.1445,-0.1791,-0.323,-0.9293,25.5,0.4329,2.576,0.126,1.22816,73.7,427.8,57.9,408.2,89.7,447.5,410,0.147,4
438,-119.73,-4.177,10.257,0.4124,0.849,-0.3303,0.6266,-0.7658,0.1447,-0.1448,-0.2968,-0.9439,25.5,0.4395,2.611,0.139,1.23903,74.6,426.2,58.8,406.6,90.4,445.9,411,0.839,4
439,-118.94,-2.535,9.661,0.412,0.8635,-0.2909,0.6245,-0.7674,0.1449,-0.1097,-0.2699,-0.9566,25.5,0.4475,2.636,0.152,1.25459,75.4,424.5,59.7,404.9,91.2,444.3,411,1.079,4
440,-118.148,-0.867,9.144,0.4132,0.8763,-0.2477,0.6222,-0.7693,0.1451,-0.0711,-0.2401,-0.9681,25.5,0.453,2.871,0.171,1.34696,76.2,422.9,60.6,403.2,92.0,442.6,412,0.207,4
441,-117.356,0.825,8.712,0.4125,0.8881,-0.2027,0.6198,-0.7712,0.1453,-0.0307,-0.2088,-0.9775,25.5,0.4587,2.978,0.176,1.39031,77.1,421.2,61.5,401.5,92.7,441.0,413,0.569,4
442,-116.567,2.539,8.368,0.4096,0.8988,-0.1559,0.6171,-0.7733,0.1454,0.0115,-0.176,-0.9843,25.5,0.4649,3.087,0.196,1.4373,77.9,419.4,62.4,399.7,93.5,439.3,414,1.258,4
443,-115.787,4.272,8.115,0.4036,0.9087,-0.1068,0.6143,-0.7755,0.1455,0.056,-0.1411,-0.9884,25.5,0.4723,3.249,0.204,1.5075,78.7,417.7,63.2,397.9,94.2,437.6,414,0.659,4
444,-115.019,6.022,7.959,0.3977,0.9158,-0.0565,0.6113,-0.7779,0.1455,0.1016,-0.1051,-0.9893,25.5,0.4775,3.33,0.22,1.52826,79.5,416.0,64.1,396.1,94.9,435.9,415,0.041,4
445,-114.26,7.782,7.898,0.3948,0.9187,-0.0075,0.6082,-0.7803,0.1454,0.1454,-0.0705,-0.9869,25.5,0.4778,3.201,0.225,1.46938,80.2,414.2,64.9,394.3,95.6,434.2,416,0.523,4
446,-113.503,9.543,7.929,0.395,0.9178,0.0392,0.605,-0.7828,0.1452,0.1862,-0.0382,-0.9818,25.5,0.4738,2.996,0.233,1.39584,81.0,412.4,65.8,392.4,96.3,432.5,417,1.043,4
447,-112.752,11.304,8.049,0.3881,0.9176,0.0863,0.6018,-0.7854,0.145,0.2281,-0.0049,-0.9736,25.5,0.4746,3.103,0.236,1.42252,81.7,410.6,66.6,390.6,97.0,430.8,417,0.875,4
448,-112.011,13.06,8.259,0.3859,0.9129,0.1329,0.5985,-0.7879,0.1447,0.2682,0.0268,-0.963,25.5,0.4691,2.991,0.238,1.4012,82.5,408.9,67.4,388.8,97.6,429.1,418,0.384,4
449,-111.269,14.803,8.557,0.3887,0.9041,0.1774,0.5953,-0.7905,0.1444,0.3045,0.0556,-0.9509,25.5,0.4577,2.744,0.237,1.35807,83.2,407.1,68.2,386.9,98.3,427.4,419,0.093,4
450,-110.52,16.526,8.938,0.3898,0.8944,0.2193,0.592,-0.7929,0.144,0.3383,0.0824,-0.9374,25.5,0.4468,2.59,0.235,1.28555,83.9,405.4,69.0,385.1,98.9,425.7,420,0.56,4
451,-109.775,18.232,9.398,0.3876,0.8842,0.2605,0.5889,-0.7954,0.1436,0.3716,0.1087,-0.922,25.5,0.4376,2.587,0.229,1.27013,84.6,403.7,69.8,383.4,99.5,424.1,421,1.03,4
452,-109.029,19.915,9.933,0.3918,0.8709,0.2966,0.5858,-0.7977,0.1431,0.3986,0.1299,-0.9079,25.5,0.4228,2.126,0.223,1.15658,85.4,402.0,70.6,381.6,100.2,422.4,421,0.888,4
453,-108.27,21.572,10.53,0.4009,0.8567,0.3247,0.5828,-0.8,0.1426,0.4178,0.1445,-0.897,25.5,0.4054,1.517,0.218,0.97938,86.1,400.3,71.4,379.9,100.9,420.8,422,0.409,4
454,-107.492,23.2,11.176,0.4083,0.8411,0.3548,0.5798,-0.8023,0.1421,0.4384,0.1602,-0.8844,25.5,0.3877,1.65,0.218,1.0372,86.8,398.7,72.2,378.2,101.5,419.2,423,0.081,4
455,-106.708,24.798,11.892,0.4091,0.8262,0.3874,0.5769,-0.8045,0.1415,0.4621,0.1785,-0.8687,25.5,0.3739,1.937,0.211,1.07084,87.6,397.0,73.0,376.5,102.2,417.7,424,0.57,4
456,-105.921,26.373,12.653,0.412,0.8162,0.405,0.5741,-0.8066,0.1409,0.4744,0.1874,-0.8601,25.5,0.3648,1.0,0.203,0.61097,88.3,395.4,73.8,374.8,102.9,416.1,425,1.047,4
457,-105.126,27.932,13.439,0.4168,0.8099,0.4128,0.5714,-0.8086,0.1404,0.4794,0.19,-0.8568,25.5,0.3588,0.374,0.195,0.33207,89.1,393.9,74.6,373.2,103.6,414.6,425,0.875,4
458,-104.321,29.481,14.232,0.4238,0.8063,0.4126,0.5688,-0.8105,0.1399,0.4784,0.1876,-0.8579,25.5,0.3547,0.162,0.187,0.23521,89.8,392.3,75.5,371.6,104.3,413.1,426,0.429,4
459,-103.499,31.026,15.017,0.4335,0.8052,0.4046,0.5663,-0.8123,0.1395,0.4711,0.1802,-0.8635,25.5,0.3521,0.676,0.178,0.37707,90.6,390.7,76.3,369.9,105.0,411.6,427,0.062,4
460,-102.655,32.572,15.778,0.4468,0.8066,0.387,0.564,-0.814,0.1392,0.4562,0.1667,-0.8741,25.5,0.3507,1.302,0.165,0.66028,91.4,389.1,77.2,368.3,105.8,410.1,428,0.342,4
461,-101.786,34.116,16.508,0.4588,0.8025,0.3813,0.5619,-0.8155,0.1389,0.4498,0.1603,-0.8786,25.5,0.3437,0.579,0.149,0.41555,92.3,387.6,78.0,366.7,106.6,408.5,429,0.628,4
462,-100.896,35.649,17.24,0.4688,0.7969,0.381,0.5598,-0.8169,0.1388,0.4478,0.1574,-0.8802,25.5,0.3357,0.222,0.145,0.34256,93.1,386.0,78.9,365.1,107.4,407.0,430,0.826,4
463,-99.987,37.174,17.964,0.4794,0.7942,0.3734,0.5578,-0.8183,0.1388,0.4406,0.1502,-0.8851,25.5,0.3307,0.647,0.14,0.39795,94.0,384.5,79.9,363.5,108.2,405.5,431,0.924,4
464,-99.057,38.697,18.667,0.4905,0.7944,0.3581,0.5556,-0.8198,0.1389,0.4277,0.1386,-0.8933,25.5,0.329,1.099,0.153,0.56482,94.9,382.9,80.8,361.9,109.0,404.0,432,0.919,4
465,-98.106,40.223,19.332,0.5022,0.7975,0.3343,0.5533,-0.8213,0.1391,0.4085,0.122,-0.9046,25.5,0.3306,1.592,0.158,0.79784,95.8,381.3,81.8,360.3,109.9,402.5,433,0.811,4
466,-97.131,41.758,19.944,0.5139,0.8031,0.3015,0.5507,-0.823,0.1394,0.3823,0.1002,-0.9186,25.5,0.3359,2.111,0.179,1.05398,96.8,379.8,82.8,358.7,110.8,401.0,434,0.596,4
467,-96.126,43.298,20.484,0.5365,0.802,0.2626,0.5478,-0.8249,0.1399,0.3485,0.0729,-0.9345,25.5,0.3309,2.651,0.201,1.34473,97.8,378.2,83.9,357.1,111.7,399.4,435,0.271,4
468,-95.08,44.834,20.956,0.5527,0.8005,0.2318,0.5447,-0.8268,0.1406,0.3221,0.0514,-0.9453,25.5,0.3282,2.047,0.212,1.04085,98.8,376.6,85.0,355.4,112.7,397.9,436,0.175,4
469,-94.013,46.371,21.38,0.5585,0.8021,0.2114,0.5417,-0.8285,0.1417,0.3062,0.0375,-0.9512,25.5,0.332,1.256,0.207,0.63546,99.9,375.1,86.1,353.8,113.7,396.4,438,0.499,4
470,-92.944,47.914,21.774,0.5538,0.8077,0.2021,0.5393,-0.8298,0.1433,0.3017,0.0315,-0.9529,25.5,0.3426,0.441,0.181,0.35346,100.9,373.5,87.2,352.2,114.7,394.9,439,0.332,4
471,-91.895,49.471,22.162,0.5385,0.8175,0.2043,0.5377,-0.8305,0.1455,0.3094,0.0338,-0.9503,25.5,0.3597,0.484,0.161,0.54684,102.0,371.9,88.3,350.6,115.7,393.3,441,0.34,4
472,-90.881,51.051,22.553,0.5224,0.8306,0.1929,0.5372,-0.8303,0.1486,0.3066,0.0281,-0.9514,25.5,0.3803,0.369,0.18,0.70752,103.0,370.3,89.3,349.0,116.7,391.7,444,0.274,4
473,-89.888,52.654,22.901,0.5136,0.8403,0.1733,0.5379,-0.8292,0.1523,0.2957,0.0163,-0.9552,25.5,0.3941,0.946,0.225,0.70435,104.0,368.7,90.3,347.4,117.7,390.0,446,0.164,4
474,-88.911,54.271,23.23,0.5059,0.8452,0.1725,0.5396,-0.8272,0.1568,0.3001,0.015,-0.9538,25.5,0.3991,0.275,0.298,0.27373,104.9,367.0,91.2,345.8,118.7,388.3,448,0.337,4
475,-87.947,55.893,23.575,0.4994,0.8451,0.1907,0.5421,-0.8246,0.1617,0.32,0.0246,-0.9471,25.5,0.3953,1.323,0.349,0.57744,105.9,365.4,92.1,344.2,119.7,386.6,449,0.383,4
476,-86.995,57.509,23.973,0.4939,0.8393,0.2274,0.5452,-0.8215,0.1669,0.3538,0.0449,-0.9342,25.5,0.3823,2.377,0.39,1.12233,106.8,363.7,93.0,342.7,120.7,384.9,451,0.497,4
477,-86.053,59.109,24.452,0.488,0.8311,0.2669,0.5488,-0.818,0.1724,0.3885,0.067,-0.919,25.5,0.366,2.513,0.427,1.21819,107.8,362.1,93.8,341.1,121.8,383.1,452,0.176,4
478,-85.124,60.698,24.988,0.4812,0.8265,0.2923,0.5527,-0.8141,0.178,0.4118,0.0812,-0.9076,25.5,0.3549,1.694,0.45,0.79758,108.7,360.4,94.6,339.6,122.8,381.4,453,0.026,4
479,-84.208,62.28,25.571,0.474,0.8225,0.3145,0.5569,-0.81,0.1837,0.4323,0.0938,-0.8969,25.5,0.3445,1.509,0.469,0.70745,109.6,358.8,95.4,338.1,123.8,379.7,454,0.04,4
480,-83.306,63.854,26.192,0.4665,0.8193,0.3335,0.5614,-0.8056,0.1896,0.4499,0.1048,-0.8869,25.5,0.3349,1.32,0.494,0.61772,110.5,357.2,96.2,336.6,124.8,377.9,455,0.128,4
481,-82.419,65.422,26.848,0.4589,0.8169,0.3493,0.566,-0.8009,0.1956,0.465,0.1142,-0.8779,25.5,0.3262,1.142,0.51,0.52875,111.3,355.6,97.0,335.1,125.8,376.2,456,0.438,4
482,-81.546,66.987,27.53,0.4522,0.8144,0.3638,0.5707,-0.796,0.2018,0.4785,0.1227,-0.8695,25.5,0.3168,1.033,0.527,0.48307,112.2,354.0,97.7,333.6,126.8,374.4,457,0.916,4
483,-80.682,68.543,28.246,0.448,0.8084,0.3819,0.5756,-0.7908,0.2081,0.4933,0.1328,-0.8597,25.5,0.3019,1.17,0.546,0.58332,113.0,352.4,98.4,332.1,127.7,372.7,457,1.002,4
484,-79.829,70.089,28.994,0.4413,0.8045,0.3974,0.5804,-0.7855,0.2146,0.5067,0.1421,-0.8503,25.5,0.2905,1.079,0.554,0.5178,113.9,350.8,99.1,330.7,128.7,371.0,458,0.367,4
485,-78.991,71.63,29.769,0.4321,0.8028,0.4108,0.5854,-0.78,0.2212,0.5191,0.151,-0.8412,25.5,0.2824,1.018,0.57,0.48831,114.7,349.2,99.8,329.2,129.7,369.2,459,0.423,4
486,-78.173,73.169,30.568,0.4204,0.803,0.4224,0.5903,-0.7744,0.2278,0.5309,0.1598,-0.8322,25.5,0.2775,0.989,0.57,0.49229,115.5,347.6,100.5,327.8,130.6,367.5,460,1.358,4
487,-77.381,74.711,31.388,0.4058,0.8052,0.4324,0.5952,-0.7686,0.2345,0.5423,0.1687,-0.8231,25.5,0.2759,0.979,0.58,0.53278,116.2,346.0,101.1,326.3,131.5,365.7,460,0.56,4
488,-76.618,76.258,32.227,0.3905,0.8066,0.4437,0.6,-0.7627,0.2413,0.5542,0.1789,-0.8129,25.5,0.2738,1.071,0.585,0.56985,117.0,344.4,101.7,324.9,132.3,364.0,461,0.518,4
489,-75.882,77.803,33.091,0.3775,0.8052,0.4574,0.6048,-0.7567,0.248,0.5665,0.1899,-0.8019,25.5,0.2675,1.136,0.584,0.56587,117.7,342.7,102.3,323.4,133.2,362.2,461,1.399,4
490,-75.17,79.347,33.98,0.3641,0.8048,0.4688,0.6096,-0.7507,0.2548,0.5773,0.2001,-0.7917,25.5,0.2628,1.032,0.588,0.52578,118.4,341.1,102.9,322.0,134.0,360.4,462,0.183,4
491,-74.485,80.89,34.888,0.3507,0.8055,0.4777,0.6143,-0.7445,0.2616,0.5864,0.2089,-0.7826,25.5,0.2593,0.893,0.592,0.48109,119.0,339.5,103.4,320.5,134.8,358.6,463,1.171,4
492,-73.825,82.437,35.81,0.3377,0.8073,0.4839,0.6189,-0.7382,0.2684,0.5939,0.2161,-0.775,25.5,0.2571,0.738,0.593,0.43369,119.7,337.9,103.9,319.1,135.5,356.8,463,0.747,4
493,-73.189,83.987,36.742,0.3256,0.8101,0.4875,0.6235,-0.7318,0.2752,0.5997,0.2217,-0.7689,25.5,0.2557,0.579,0.596,0.38636,120.3,336.3,104.4,317.6,136.3,355.0,464,0.734,4
494,-72.578,85.542,37.684,0.3112,0.8102,0.4968,0.628,-0.7253,0.2821,0.6085,0.2316,-0.759,25.5,0.2521,0.947,0.601,0.51224,120.9,334.6,104.9,316.2,137.0,353.2,464,1.184,4
495,-71.994,87.095,38.646,0.2981,0.8097,0.5055,0.6325,-0.7186,0.2891,0.6165,0.241,-0.7496,25.5,0.2472,0.889,0.612,0.47,121.4,333.0,105.3,314.7,137.7,351.4,465,0.398,4
496,-71.433,88.648,39.62,0.2874,0.8105,0.5103,0.6369,-0.7118,0.2961,0.6219,0.2473,-0.743,25.5,0.2428,0.607,0.613,0.35119,122.0,331.4,105.7,313.3,138.3,349.6,465,1.52,4
497,-70.891,90.205,40.601,0.2788,0.8126,0.5119,0.6413,-0.7048,0.3032,0.6253,0.251,-0.739,25.5,0.2387,0.368,0.624,0.26875,122.5,329.7,106.1,311.8,139.0,347.8,466,0.13,4
498,-70.363,91.766,41.582,0.2719,0.8159,0.5103,0.6457,-0.6977,0.3104,0.6269,0.2522,-0.7372,25.5,0.2353,0.154,0.632,0.23344,123.0,328.1,106.5,310.4,139.6,345.9,466,1.789,4
499,-69.847,93.335,42.556,0.2666,0.8206,0.5054,0.6501,-0.6903,0.3177,0.6268,0.2508,-0.7377,25.5,0.2326,0.085,0.647,0.25732,123.5,326.4,106.9,308.9,140.2,344.1,467,0.106,4
500,-69.34,94.914,43.518,0.2628,0.827,0.4971,0.6544,-0.6827,0.3251,0.6251,0.2465,-0.7406,25.5,0.231,0.313,0.656,0.33311,123.9,324.7,107.3,307.4,140.8,342.2,468,1.577,4
501,-68.845,96.502,44.473,0.2536,0.8286,0.4991,0.6588,-0.6748,0.3326,0.6287,0.251,-0.736,25.5,0.2261,0.422,0.673,0.28534,124.4,323.1,107.6,306.0,141.4,340.3,468,0.34,4
502,-68.366,98.093,45.43,0.2459,0.8313,0.4984,0.6631,-0.6667,0.3403,0.6309,0.2532,-0.7334,25.5,0.2216,0.232,0.686,0.24466,124.9,321.4,107.9,304.5,141.9,338.4,469,1.308,4
503,-67.901,99.691,46.383,0.2394,0.8353,0.4949,0.6675,-0.6582,0.3481,0.6317,0.253,-0.7328,25.5,0.2177,0.058,0.707,0.25088,125.3,319.7,108.3,303.0,142.5,336.5,469,0.61,4
504,-67.447,101.298,47.327,0.2342,0.8407,0.4882,0.6719,-0.6495,0.356,0.6311,0.2505,-0.7341,25.5,0.2149,0.165,0.719,0.30037,125.7,318.0,108.6,301.6,143.1,334.5,470,0.969,4
505,-67.002,102.917,48.254,0.2301,0.8476,0.4781,0.6762,-0.6405,0.364,0.6292,0.2452,-0.7375,25.5,0.2133,0.377,0.733,0.38543,126.2,316.2,108.9,300.1,143.6,332.6,470,0.949,4
506,-66.564,104.55,49.158,0.227,0.8564,0.4637,0.6806,-0.6311,0.3722,0.6258,0.2366,-0.7432,25.5,0.2134,0.622,0.758,0.5127,126.6,314.5,109.2,298.6,144.1,330.6,471,0.529,4
507,-66.132,106.202,50.031,0.2226,0.8656,0.4485,0.6849,-0.6214,0.3804,0.6225,0.2278,-0.7487,25.5,0.2148,0.624,0.768,0.54686,127.0,312.8,109.5,297.2,144.7,328.5,471,1.389,4
508,-65.711,107.87,50.878,0.2165,0.8739,0.4353,0.6893,-0.6113,0.3889,0.6205,0.2211,-0.7524,25.5,0.2157,0.453,0.797,0.50031,127.4,311.0,109.8,295.7,145.2,326.5,472,0.046,4
509,-65.301,109.553,51.7,0.2108,0.8818,0.422,0.6936,-0.6008,0.3974,0.6185,0.214,-0.7561,25.5,0.2159,0.473,0.812,0.49254,127.8,309.2,110.0,294.2,145.7,324.4,473,1.15,4
510,-64.902,111.251,52.497,0.2059,0.8889,0.4091,0.6979,-0.59,0.406,0.6167,0.2067,-0.7596,25.5,0.2147,0.475,0.829,0.4637,128.1,307.4,110.3,292.7,146.2,322.3,473,0.767,4
511,-64.511,112.962,53.27,0.202,0.8952,0.3972,0.7022,-0.5787,0.4148,0.6151,0.1996,-0.7627,25.5,0.2114,0.453,0.857,0.41885,128.5,305.6,110.6,291.2,146.7,320.2,474,0.268,4
512,-64.126,114.684,54.021,0.1983,0.902,0.3836,0.7064,-0.567,0.4237,0.6131,0.1911,-0.7665,25.5,0.2088,0.546,0.876,0.46755,128.9,303.8,110.8,289.7,147.2,318.0,475,1.131,4
513,-63.751,116.422,54.739,0.1933,0.91,0.3668,0.7106,-0.5547,0.4328,0.6107,0.181,-0.7709,25.5,0.2087,0.646,0.909,0.57566,129.2,301.9,111.1,288.2,147.6,315.8,475,0.787,4
514,-63.385,118.173,55.43,0.1888,0.9157,0.3547,0.715,-0.5413,0.4424,0.6099,0.1737,-0.7732,25.5,0.2038,0.441,0.978,0.42164,129.6,300.1,111.3,286.7,148.1,313.6,476,0.108,4
515,-63.027,119.933,56.103,0.1846,0.9195,0.3471,0.7197,-0.5263,0.4529,0.6107,0.1694,-0.7735,25.5,0.1939,0.251,1.083,0.28317,129.9,298.2,111.6,285.3,148.6,311.3,477,0.377,4
516,-62.676,121.698,56.765,0.181,0.9212,0.3443,0.7246,-0.5091,0.4645,0.613,0.1681,-0.772,25.5,0.1779,0.174,1.221,0.14541,130.3,296.3,111.8,283.9,149.0,309.0,478,0.65,4
517,-62.333,123.466,57.426,0.176,0.9226,0.3432,0.7299,-0.4892,0.4775,0.6163,0.1686,-0.7692,25.5,0.159,0.25,1.395,0.15859,130.6,294.5,112.0,282.6,149.5,306.5,479,0.699,4
518,-62.002,125.238,58.078,0.1692,0.9262,0.3369,0.7353,-0.4662,0.4919,0.6189,0.1662,-0.7677,25.5,0.1417,0.22,1.585,0.29711,130.9,292.6,112.2,281.3,150.0,304.0,480,0.512,4
519,-61.682,127.017,58.719,0.1657,0.9287,0.3318,0.7407,-0.4406,0.5072,0.6216,0.1629,-0.7662,25.5,0.1182,0.259,1.737,0.19932,131.2,290.7,112.3,280.1,150.4,301.4,481,0.104,4
520,-61.365,128.8,59.351,0.1656,0.9301,0.3279,0.7457,-0.4128,0.523,0.6243,0.1585,-0.765,25.5,0.089,0.304,1.854,0.12383,131.5,288.8,112.5,279.0,150.9,298.7,482,0.494,4
521,-61.044,130.584,59.977,0.1694,0.9304,0.3251,0.7501,-0.3831,0.539,0.627,0.1527,-0.7639,25.5,0.0541,0.372,1.949,0.14131,131.9,286.9,112.7,277.9,151.3,296.0,484,0.142,5
522,-60.722,132.37,60.595,0.1626,0.9342,0.3175,0.7537,-0.3522,0.5548,0.6305,0.1492,-0.7618,25.5,0.0303,0.308,1.999,0.32518,132.2,285.0,112.9,276.9,151.7,293.3,486,0.015,5
523,-60.414,134.165,61.197,0.1613,0.9363,0.3119,0.7564,-0.3211,0.5699,0.6338,0.144,-0.76,25.5,0.0009,0.368,1.987,0.18285,132.5,283.1,113.2,275.9,152.1,290.5,488,0.24,5
524,-60.092,135.958,61.796,0.1781,0.9328,0.3134,0.7579,-0.2914,0.5837,0.6365,0.1337,-0.7596,25.5,0.0461,0.611,1.878,0.51468,132.8,281.2,113.5,274.8,152.4,287.8,489,0.457,5
525,-59.718,137.738,62.404,0.2156,0.9217,0.3226,0.7582,-0.2645,0.5959,0.6385,0.1168,-0.7607,25.5,0.1119,0.977,1.693,1.20054,133.1,279.3,113.8,273.6,152.8,285.1,491,0.362,5
526,-59.276,139.497,63.026,0.2433,0.914,0.3247,0.7577,-0.2419,0.6062,0.6408,0.0998,-0.7612,25.5,0.1601,0.983,1.423,0.86124,133.6,277.4,114.3,272.4,153.2,282.6,492,0.05,5
527,-58.779,141.239,63.654,0.2765,0.902,0.3317,0.7564,-0.2229,0.615,0.6432,0.0827,-0.7612,25.5,0.2121,0.989,1.202,1.07544,134.1,275.6,114.8,271.1,153.7,280.2,493,0.369,5
528,-58.21,142.952,64.302,0.3178,0.8828,0.346,0.7546,-0.2063,0.6229,0.6458,0.0656,-0.7607,25.5,0.2732,0.991,1.058,1.42648,134.6,273.7,115.4,269.7,154.2,277.9,494,0.603,5
529,-57.561,144.625,64.978,0.3575,0.8628,0.3575,0.7525,-0.1906,0.6304,0.6483,0.0462,-0.7599,25.5,0.3299,1.122,1.004,1.37203,135.3,272.0,116.1,268.3,154.8,275.6,495,0.751,5
530,-56.838,146.259,65.675,0.3967,0.8403,0.3695,0.7501,-0.1757,0.6375,0.6509,0.0263,-0.7587,25.5,0.3855,1.152,0.956,1.39745,136.0,270.2,116.9,267.0,155.5,273.5,496,0.812,5
531,-56.04,147.845,66.398,0.436,0.8136,0.3846,0.7477,-0.1621,0.6439,0.6535,0.0076,-0.7569,25.5,0.4418,1.087,0.872,1.48984,136.8,268.5,117.7,265.7,156.2,271.4,497,0.785,5
532,-55.168,149.38,67.148,0.472,0.7873,0.3967,0.7454,-0.1503,0.6495,0.6555,-0.0125,-0.7551,25.5,0.4912,1.162,0.76,1.38047,137.7,266.8,118.7,264.4,157.1,269.4,498,0.676,5
533,-54.23,150.863,67.92,0.5061,0.7596,0.4085,0.7432,-0.1403,0.6541,0.6569,-0.0325,-0.7533,25.5,0.5368,1.153,0.643,1.35935,138.6,265.2,119.7,263.0,158.0,267.4,499,0.49,5
534,-53.228,152.29,68.717,0.54,0.7275,0.4232,0.7414,-0.1319,0.658,0.6578,-0.0511,-0.7514,25.5,0.5829,1.073,0.541,1.46263,139.7,263.7,120.7,261.7,159.0,265.6,500,0.229,5
535,-52.16,153.651,69.544,0.5728,0.693,0.4378,0.7398,-0.1248,0.6611,0.6581,-0.0703,-0.7497,25.5,0.6267,1.105,0.453,1.488,140.7,262.2,121.8,260.4,160.0,263.9,501,0.104,5
536,-51.033,154.949,70.394,0.6024,0.6597,0.4493,0.7385,-0.119,0.6637,0.6575,-0.091,-0.7479,25.5,0.6646,1.191,0.372,1.37505,141.9,260.7,123.0,259.2,161.2,262.3,502,0.505,5
537,-49.85,156.179,71.268,0.6313,0.623,0.462,0.7375,-0.1142,0.6656,0.6562,-0.1116,-0.7463,25.5,0.7019,1.186,0.301,1.44654,143.1,259.4,124.2,258.0,162.4,260.8,503,0.978,5
538,-48.612,157.336,72.167,0.6593,0.5822,0.4758,0.7368,-0.1104,0.667,0.6542,-0.1324,-0.7446,25.5,0.7389,1.201,0.235,1.53512,144.4,258.1,125.5,256.8,163.6,259.4,503,0.941,5
539,-47.323,158.414,73.089,0.6849,0.543,0.486,0.7365,-0.1076,0.6679,0.6509,-0.1561,-0.7429,25.5,0.7706,1.375,0.169,1.43188,145.7,256.9,126.8,255.7,165.0,258.1,504,0.395,5
540,-45.987,159.418,74.031,0.7075,0.5036,0.4958,0.7364,-0.1056,0.6682,0.6469,-0.1791,-0.7412,25.5,0.7991,1.341,0.116,1.38845,147.0,255.7,128.1,254.6,166.3,256.9,505,0.23,5
541,-44.61,160.345,74.991,0.7281,0.4627,0.5057,0.7367,-0.1044,0.6681,0.6421,-0.2021,-0.7395,25.5,0.8259,1.35,0.071,1.4001,148.4,254.7,129.5,253.6,167.8,255.8,506,0.926,5
542,-43.196,161.191,75.97,0.7476,0.4189,0.5154,0.7372,-0.1038,0.6676,0.6359,-0.2274,-0.7375,25.5,0.8517,1.497,0.053,1.46188,149.9,253.7,130.9,252.6,169.3,254.8,506,0.992,5
543,-41.744,161.953,76.966,0.7651,0.3763,0.5226,0.7381,-0.1039,0.6666,0.6279,-0.2557,-0.7351,25.5,0.874,1.691,0.077,1.39281,151.4,252.8,132.3,251.7,170.8,253.9,507,0.233,5
544,-40.263,162.635,77.974,0.7794,0.3356,0.5291,0.7394,-0.1047,0.6651,0.6191,-0.2825,-0.7327,25.5,0.8931,1.622,0.123,1.30357,152.9,252.0,133.8,250.9,172.4,253.1,508,0.58,5
545,-38.756,163.239,78.995,0.7915,0.2942,0.5357,0.7411,-0.1061,0.663,0.6091,-0.3091,-0.7303,25.5,0.9105,1.634,0.174,1.3038,154.5,251.3,135.3,250.1,174.0,252.4,508,1.338,5
546,-37.228,163.76,80.029,0.8033,0.2475,0.5417,0.7432,-0.1084,0.6603,0.5955,-0.3428,-0.7266,25.5,0.9279,2.093,0.236,1.45059,156.0,250.6,136.8,249.4,175.7,251.8,509,0.479,5
547,-35.677,164.189,81.072,0.8135,0.2,0.5461,0.7458,-0.1115,0.6567,0.578,-0.3818,-0.7212,25.5,0.943,2.469,0.31,1.45776,157.6,250.1,138.3,248.8,177.4,251.4,510,0.42,5
548,-34.109,164.528,82.123,0.8209,0.1544,0.5498,0.7491,-0.1156,0.6523,0.5582,-0.4201,-0.7155,25.5,0.9557,2.492,0.393,1.38486,159.3,249.6,139.8,248.2,179.1,251.0,511,1.353,5
549,-32.53,164.782,83.18,0.8259,0.1092,0.5531,0.753,-0.1209,0.6469,0.5355,-0.4587,-0.7091,25.5,0.9665,2.592,0.488,1.36249,160.9,249.2,141.3,247.7,180.9,250.8,511,0.566,5
550,-30.941,164.938,84.242,0.8308,0.0549,0.5539,0.7576,-0.1275,0.6402,0.4956,-0.5261,-0.6911,25.5,0.977,4.606,0.6,1.62956,162.5,249.0,142.8,247.2,182.7,250.7,512,0.401,5
551,-29.346,164.995,85.305,0.8317,0.0044,0.5552,0.7627,-0.1353,0.6324,0.4498,-0.5917,-0.669,25.5,0.9849,4.757,0.696,1.50984,164.2,248.8,144.3,246.8,184.5,250.8,513,1.4,5
552,-27.753,164.959,86.372,0.8291,-0.0403,0.5576,0.7683,-0.1443,0.6236,0.404,-0.6464,-0.6473,25.5,0.9905,4.273,0.789,1.33994,165.8,248.7,145.7,246.5,186.3,251.0,513,0.518,5
553,-26.165,164.832,87.438,0.8266,-0.0921,0.5552,0.7743,-0.1544,0.6137,0.2924,-0.7727,-0.5634,25.5,0.995,10.803,0.88,1.55147,167.5,248.7,147.2,246.2,188.2,251.3,514,0.514,5
554,-24.586,164.61,88.504,0.8193,-0.1384,0.5565,0.7807,-0.1657,0.6025,0.1337,-0.8976,-0.4201,25.5,0.9979,14.225,0.983,1.40115,169.1,248.9,148.6,246.0,190.0,251.8,514,1.404,5
555,-23.025,164.305,89.576,0.8077,-0.1792,0.5617,0.7877,-0.1781,0.5898,-0.1626,-0.9835,-0.0798,25.5,0.9994,26.553,1.093,1.27695,170.8,249.1,150.0,245.9,191.9,252.4,515,0.346,5
556,-21.486,163.917,90.651,0.797,-0.2241,0.5608,0.7952,-0.1917,0.5753,-0.6027,-0.3541,0.7151,25.5,0.9994,67.097,1.217,1.37958,172.4,249.4,151.4,245.8,193.7,253.1,516,0.732,5
557,-19.972,163.448,91.73,0.7814,-0.2653,0.5649,0.803,-0.2057,0.5594,-0.5066,0.259,0.8224,25.5,0.998,36.709,1.293,1.32218,174.0,249.8,152.7,245.7,195.5,253.9,516,1.186,5
558,-18.492,162.902,92.821,0.7615,-0.3043,0.5723,0.8108,-0.2197,0.5425,-0.3845,0.4989,0.7767,25.5,0.9948,15.693,1.334,1.32682,175.5,250.2,154.0,245.8,197.3,254.8,517,0.1,5
559,-17.049,162.279,93.92,0.7422,-0.3444,0.5748,0.8186,-0.2331,0.5249,-0.3261,0.5638,0.7589,25.5,0.9896,5.107,1.344,1.33198,177.0,250.8,155.3,245.9,199.1,255.7,518,0.985,5
560,-15.648,161.582,95.028,0.7182,-0.3814,0.582,0.8261,-0.2458,0.5071,-0.2682,0.62,0.7374,25.5,0.9822,4.786,1.325,1.33539,178.5,251.4,156.5,246.1,200.8,256.8,518,0.933,5
561,-14.298,160.817,96.154,0.6907,-0.4168,0.591,0.8331,-0.2576,0.4894,-0.2205,0.6569,0.721,25.5,0.972,3.581,1.283,1.36622,179.9,252.1,157.7,246.4,202.4,257.8,519,0.142,5
562,-12.999,159.984,97.292,0.6628,-0.4525,0.5966,0.8397,-0.2685,0.4721,-0.1901,0.669,0.7185,25.5,0.9597,1.88,1.231,1.36424,181.3,252.9,158.9,246.9,204.0,259.0,520,1.196,5
563,-11.759,159.083,98.445,0.6294,-0.4866,0.6059,0.8458,-0.2786,0.455,-0.1589,0.6826,0.7133,25.5,0.9436,1.973,1.19,1.45314,182.6,253.7,160.0,247.4,205.4,260.1,520,0.723,5
564,-10.588,158.118,99.617,0.5927,-0.5195,0.6155,0.8514,-0.2882,0.4382,-0.1317,0.6914,0.7104,25.5,0.9241,1.646,1.154,1.5006,183.8,254.6,161.0,248.0,206.9,261.3,521,0.309,5
565,-9.487,157.09,100.804,0.5545,-0.5523,0.6225,0.8566,-0.2971,0.4219,-0.1111,0.6922,0.7131,25.5,0.9017,1.191,1.105,1.51908,184.9,255.6,162.0,248.7,208.2,262.6,522,1.311,5
566,-8.463,156.001,102.004,0.5138,-0.5831,0.6292,0.8613,-0.3052,0.4063,-0.0931,0.6912,0.7166,25.5,0.8761,1.052,1.042,1.53843,186.0,256.6,162.9,249.4,209.4,263.9,522,0.608,5
567,-7.515,154.857,103.216,0.4751,-0.61,0.6342,0.8654,-0.3123,0.3919,-0.0779,0.6887,0.7208,25.5,0.8502,0.915,0.949,1.41636,187.0,257.7,163.8,250.3,210.5,265.2,523,0.367,5
568,-6.641,153.662,104.436,0.4362,-0.6353,0.6372,0.8691,-0.3183,0.3787,-0.0665,0.6834,0.727,25.5,0.8226,0.803,0.857,1.38958,187.9,258.9,164.6,251.2,211.6,266.6,524,1.304,5
569,-5.843,152.42,105.659,0.3958,-0.6599,0.6387,0.8724,-0.3232,0.3668,-0.0584,0.676,0.7346,25.5,0.7929,0.765,0.761,1.41413,188.8,260.1,165.3,252.3,212.5,268.0,524,0.615,5
570,-5.122,151.133,106.884,0.3572,-0.6813,0.639,0.8754,-0.3271,0.3559,-0.0518,0.6686,0.7418,25.5,0.763,0.702,0.685,1.3189,189.6,261.3,166.0,253.4,213.4,269.4,525,0.282,5
571,-4.472,149.808,108.109,0.3199,-0.7005,0.6379,0.8782,-0.3301,0.3461,-0.0469,0.6608,0.7491,25.5,0.7329,0.673,0.609,1.25394,190.2,262.6,166.6,254.5,214.2,270.8,526,1.122,5
572,-3.897,148.446,109.33,0.2797,-0.7199,0.6352,0.8809,-0.3322,0.3371,-0.0443,0.6512,0.7576,25.5,0.6997,0.75,0.552,1.33628,190.9,263.9,167.1,255.8,214.9,272.2,526,0.797,5
573,-3.403,147.047,110.544,0.2354,-0.7386,0.6317,0.8835,-0.3335,0.3288,-0.043,0.6414,0.766,25.5,0.662,0.743,0.504,1.4408,191.4,265.3,167.5,257.1,215.5,273.7,527,0.027,5
574,-2.992,145.616,111.752,0.1933,-0.7545,0.6272,0.8862,-0.3339,0.3211,-0.042,0.6324,0.7735,25.5,0.6246,0.674,0.468,1.35143,191.8,266.7,167.8,258.5,216.0,275.1,528,0.671,5
575,-2.661,144.153,112.947,0.1519,-0.7711,0.6184,0.8891,-0.3335,0.3136,-0.044,0.6197,0.7836,25.5,0.5861,0.937,0.461,1.35852,192.2,268.2,168.1,259.9,216.5,276.6,528,1.247,5
576,-2.41,142.657,114.121,0.1094,-0.7891,0.6044,0.8921,-0.3321,0.3064,-0.049,0.6031,0.7962,25.5,0.5448,1.228,0.454,1.44121,192.4,269.7,168.3,261.4,216.8,278.1,529,0.65,5
577,-2.254,141.135,115.276,0.0558,-0.7992,0.5984,0.8953,-0.3298,0.2993,-0.0481,0.5965,0.8012,25.5,0.4926,0.477,0.465,1.63996,192.6,271.2,168.3,262.9,217.1,279.5,530,0.159,5
578,-2.186,139.587,116.406,0.0168,-0.8165,0.5771,0.8988,-0.3266,0.2923,-0.0562,0.5755,0.8158,25.5,0.4505,1.537,0.484,1.42506,192.7,272.8,168.3,264.6,217.3,281.0,531,0.25,5
579,-2.178,137.999,117.48,-0.0051,-0.8408,0.5413,0.9024,-0.3228,0.2854,-0.072,0.5402,0.8384,25.5,0.4213,2.567,0.496,1.44928,192.7,274.4,168.2,266.2,217.4,282.6,532,0.606,5
580,-2.222,136.368,118.487,-0.0442,-0.8584,0.5111,0.9061,-0.3183,0.2787,-0.0826,0.513,0.8544,25.5,0.3756,1.907,0.509,1.5673,192.6,276.0,168.0,268.0,217.5,284.1,533,0.939,5
581,-2.331,134.706,119.438,-0.0655,-0.875,0.4796,0.9098,-0.3134,0.2722,-0.0937,0.4839,0.8701,25.5,0.3452,1.998,0.512,1.23978,192.5,277.7,167.8,269.8,217.4,285.7,533,0.979,5
582,-2.456,133.009,120.322,-0.0596,-0.8954,0.4412,0.9133,-0.3082,0.2661,-0.1087,0.4452,0.8888,25.5,0.3389,2.609,0.501,1.31128,192.4,279.5,167.5,271.6,217.4,287.3,534,0.641,5
583,-2.548,131.27,121.125,-0.0446,-0.9171,0.3961,0.9167,-0.3029,0.2604,-0.1264,0.3985,0.9084,25.5,0.34,3.074,0.487,1.56133,192.3,281.3,167.3,273.6,217.4,289.0,535,0.269,5
584,-2.635,129.494,121.843,-0.0431,-0.9346,0.3531,0.92,-0.2976,0.2552,-0.1413,0.3556,0.9239,25.5,0.3286,2.75,0.466,1.38816,192.2,283.1,167.1,275.5,217.4,290.7,536,0.168,5
585,-2.702,127.688,122.482,-0.0237,-0.9491,0.3139,0.9229,-0.2923,0.2505,-0.1549,0.3137,0.9368,25.5,0.3342,2.63,0.439,1.37708,192.1,285.0,167.0,277.5,217.4,292.5,537,0.694,5
586,-2.717,125.857,123.052,0.0094,-0.9593,0.2821,0.9256,-0.2872,0.2464,-0.1661,0.2767,0.9465,25.5,0.3537,2.284,0.406,1.40524,192.1,286.9,166.9,279.6,217.5,294.3,537,1.225,5
587,-2.677,124.008,123.558,0.0311,-0.9688,0.2458,0.9281,-0.2823,0.2429,-0.178,0.2366,0.9552,25.5,0.3621,2.448,0.374,1.29519,192.1,288.8,166.8,281.6,217.6,296.1,538,0.572,5
588,-2.598,122.143,123.999,0.0511,-0.975,0.2163,0.9303,-0.2775,0.2399,-0.1871,0.2034,0.961,25.5,0.37,2.0,0.348,1.08094,192.2,290.8,166.8,283.7,217.8,298.0,539,0.209,5
589,-2.483,120.27,124.393,0.0692,-0.9782,0.1959,0.9324,-0.2728,0.2373,-0.1929,0.1795,0.9646,25.5,0.3779,1.424,0.33,0.82057,192.3,292.8,166.9,285.8,218.0,299.8,540,1.09,5
590,-2.335,118.393,124.756,0.0845,-0.9793,0.1838,0.9343,-0.268,0.235,-0.1959,0.1645,0.9667,25.5,0.3846,0.885,0.324,0.58368,192.5,294.8,167.0,287.9,218.2,301.7,540,0.828,5
591,-2.159,116.514,125.096,0.0987,-0.981,0.1669,0.9362,-0.2631,0.233,-0.2004,0.1447,0.969,25.5,0.3894,1.171,0.322,0.66155,192.7,296.8,167.1,290.0,218.4,303.6,541,0.126,5
592,-1.958,114.632,125.399,0.1105,-0.9824,0.1502,0.9381,-0.2581,0.2311,-0.2047,0.1254,0.9708,25.5,0.3919,1.138,0.325,0.61257,192.9,298.8,167.3,292.2,218.7,305.4,542,1.122,5
593,-1.737,112.746,125.676,0.1199,-0.9829,0.14,0.9399,-0.2528,0.2295,-0.2068,0.1133,0.9718,25.5,0.3933,0.706,0.334,0.41455,193.1,300.8,167.5,294.3,219.0,307.3,542,0.796,5
594,-1.499,110.862,125.939,0.1276,-0.9827,0.1346,0.9417,-0.2474,0.2279,-0.2075,0.1063,0.9725,25.5,0.394,0.405,0.339,0.28103,193.4,302.8,167.7,296.4,219.3,309.2,543,0.21,5
595,-1.248,108.978,126.195,0.1342,-0.982,0.133,0.9435,-0.2418,0.2265,-0.2071,0.1034,0.9728,25.5,0.3942,0.169,0.346,0.20397,193.7,304.8,167.9,298.6,219.6,311.1,544,1.188,5
596,-0.985,107.095,126.451,0.14,-0.9809,0.1348,0.9453,-0.2361,0.2252,-0.2058,0.1043,0.973,25.5,0.3943,0.091,0.35,0.18437,193.9,306.8,168.1,300.7,220.0,312.9,544,0.731,5
597,-0.712,105.215,126.714,0.1454,-0.9794,0.1399,0.947,-0.2301,0.224,-0.2037,0.1087,0.973,25.5,0.3944,0.279,0.364,0.22638,194.2,308.8,168.3,302.9,220.3,314.8,545,0.191,5
598,-0.428,103.34,126.99,0.1513,-0.9775,0.147,0.9488,-0.2239,0.2228,-0.2012,0.1152,0.9728,25.5,0.3952,0.399,0.376,0.28175,194.5,310.8,168.6,305.1,220.7,316.6,546,1.018,5
599,-0.129,101.467,127.273,0.1596,-0.9759,0.1489,0.9506,-0.2175,0.2216,-0.2003,0.1156,0.9729,25.5,0.397,0.057,0.387,0.25881,194.9,312.8,168.9,307.2,221.0,318.4,546,0.9,5
600,0.184,99.596,127.56,0.1663,-0.9746,0.1501,0.9523,-0.2108,0.2204,-0.1996,0.1158,0.973,25.5,0.3969,0.042,0.402,0.207,195.2,314.8,169.1,309.4,221.4,320.2,547,0.192,5
601,0.508,97.728,127.849,0.1716,-0.9736,0.1508,0.9541,-0.2038,0.2193,-0.1989,0.1157,0.9732,25.5,0.3952,0.042,0.419,0.16247,195.5,316.8,169.4,311.6,221.8,322.1,548,0.412,5
602,0.841,95.862,128.138,0.1758,-0.9728,0.1511,0.956,-0.1964,0.2181,-0.1984,0.1153,0.9733,25.5,0.3921,0.037,0.443,0.12805,195.9,318.8,169.7,313.8,222.2,323.9,549,0.89,5
603,1.182,93.997,128.428,0.1792,-0.9722,0.1509,0.9578,-0.1886,0.2169,-0.1979,0.1146,0.9735,25.5,0.3877,0.051,0.464,0.10331,196.3,320.8,170.1,316.0,222.7,325.6,549,1.032,5
604,1.528,92.133,128.717,0.1816,-0.9718,0.1502,0.9597,-0.1802,0.2157,-0.1975,0.1136,0.9737,25.5,0.3818,0.063,0.498,0.07562,196.6,322.8,170.4,318.2,223.1,327.4,550,0.67,5
605,1.878,90.269,129.004,0.1832,-0.9717,0.1491,0.9616,-0.1712,0.2145,-0.1972,0.1122,0.9739,25.5,0.3745,0.083,0.531,0.05809,197.0,324.8,170.7,320.4,223.5,329.2,551,0.424,5
606,2.23,88.405,129.288,0.1839,-0.9719,0.1473,0.9635,-0.1616,0.2132,-0.1971,0.1104,0.9742,25.5,0.3657,0.105,0.566,0.05798,197.4,326.8,171.0,322.6,224.0,330.9,552,0.295,5
607,2.584,86.542,129.571,0.1863,-0.971,0.1497,0.9655,-0.1513,0.2119,-0.1961,0.1125,0.9741,25.5,0.3585,0.133,0.606,0.10491,197.8,328.7,171.3,324.9,224.4,332.6,553,0.285,5
608,2.944,84.681,129.862,0.1899,-0.9699,0.1527,0.9675,-0.1403,0.2106,-0.1953,0.1151,0.974,25.5,0.352,0.156,0.645,0.14379,198.2,330.7,171.7,327.2,224.9,334.3,554,0.396,5
609,3.312,82.822,130.155,0.193,-0.9692,0.1528,0.9694,-0.1283,0.2092,-0.1951,0.1147,0.9741,25.5,0.3434,0.026,0.701,0.09497,198.6,332.7,172.0,329.5,225.3,336.0,555,0.622,6
610,3.684,80.964,130.446,0.1957,-0.9692,0.1498,0.9713,-0.1153,0.208,-0.1954,0.1111,0.9744,25.5,0.333,0.208,0.756,0.12058,199.0,334.7,172.3,331.8,225.8,337.6,557,0.52,6
611,4.062,79.104,130.727,0.198,-0.9697,0.1432,0.9731,-0.1012,0.2068,-0.1964,0.1039,0.975,25.5,0.3204,0.418,0.817,0.2093,199.4,336.7,172.7,334.2,226.2,339.2,558,0.024,6
612,4.444,77.244,130.992,0.1999,-0.9708,0.1325,0.9748,-0.086,0.2058,-0.1979,0.0924,0.9759,25.5,0.3056,0.666,0.878,0.32641,199.8,338.7,173.1,336.6,226.7,340.8,560,0.583,6
613,4.828,75.38,131.232,0.2013,-0.9726,0.1163,0.9763,-0.0694,0.205,-0.1997,0.0755,0.9769,25.5,0.2879,0.975,0.956,0.48871,200.2,340.7,173.4,339.0,227.2,342.3,561,0.187,6
614,5.215,73.514,131.442,0.2021,-0.9737,0.105,0.9775,-0.0514,0.2043,-0.201,0.0637,0.9775,25.5,0.2691,0.681,1.034,0.34007,200.6,342.7,173.8,341.5,227.6,343.9,563,0.013,6
615,5.604,71.646,131.632,0.2044,-0.9745,0.0927,0.9784,-0.0327,0.2039,-0.2022,0.0507,0.978,25.5,0.2508,0.749,1.073,0.37467,201.0,344.7,174.2,344.0,228.1,345.4,565,0.024,6
616,6.0,69.777,131.793,0.2085,-0.9752,0.0737,0.9789,-0.0144,0.2037,-0.2032,0.0305,0.9787,25.5,0.2332,1.159,1.049,0.58124,201.5,346.7,174.6,346.5,228.5,346.9,567,0.125,6
617,6.405,67.906,131.912,0.2137,-0.9756,0.0508,0.979,0.0023,0.2037,-0.2038,0.0064,0.979,25.5,0.2173,1.381,0.957,0.70188,201.9,348.7,175.0,349.0,229.0,348.4,569,0.356,6
618,6.82,66.036,131.988,0.2191,-0.9753,0.0283,0.9788,0.0165,0.204,-0.2037,-0.0173,0.9789,25.5,0.2041,1.358,0.814,0.69154,202.4,350.7,175.5,351.4,229.4,350.1,572,0.183,6
619,7.246,64.166,132.029,0.225,-0.9742,0.015,0.9785,0.0271,0.2045,-0.2036,-0.0319,0.9785,25.5,0.1968,0.837,0.608,0.43583,202.8,352.8,176.0,353.7,229.9,351.8,574,0.057,6
620,7.682,62.299,132.044,0.2292,-0.9734,0.0003,0.9781,0.0344,0.2052,-0.2035,-0.0476,0.9779,25.5,0.1908,0.9,0.421,0.45742,203.3,354.8,176.4,355.9,230.3,353.6,576,0.145,6
621,8.124,60.433,132.029,0.2318,-0.9726,-0.0163,0.9778,0.039,0.2061,-0.2033,-0.0648,0.977,25.5,0.1854,0.987,0.269,0.50259,203.8,356.8,176.9,358.1,230.8,355.5,578,0.063,6
622,8.57,58.569,131.981,0.2331,-0.9718,-0.0346,0.9775,0.0413,0.2071,-0.2031,-0.0834,0.9756,25.5,0.1806,1.069,0.145,0.5487,204.2,358.8,177.4,360.1,231.3,357.5,580,0.47,6
623,9.017,56.706,131.896,0.2332,-0.9709,-0.0544,0.9772,0.042,0.2081,-0.2029,-0.1033,0.9737,25.5,0.1758,1.145,0.072,0.59216,204.7,360.8,177.9,362.2,231.7,359.5,581,0.116,6
624,9.464,54.845,131.771,0.2322,-0.9697,-0.0757,0.977,0.0416,0.209,-0.2025,-0.1243,0.9714,25.5,0.1707,1.211,0.058,0.6381,205.2,362.8,178.4,364.2,232.2,361.5,582,0.575,6
625,9.908,52.987,131.606,0.231,-0.9682,-0.0958,0.9769,0.0405,0.2098,-0.2021,-0.144,0.9687,25.5,0.1664,1.14,0.078,0.60339,205.7,364.8,178.9,366.1,232.7,363.5,584,0.823,6
626,10.35,51.132,131.406,0.2305,-0.9665,-0.1129,0.9768,0.0392,0.2105,-0.2018,-0.1609,0.9661,25.5,0.1635,0.98,0.085,0.51365,206.2,366.8,179.3,368.1,233.2,365.6,585,0.793,6
627,10.792,49.28,131.175,0.2304,-0.9647,-0.1279,0.9768,0.0374,0.2111,-0.2015,-0.1759,0.9636,25.5,0.162,0.871,0.109,0.45138,206.6,368.8,179.8,370.0,233.6,367.6,586,0.934,6
628,11.234,47.432,130.916,0.2308,-0.9627,-0.1412,0.9767,0.0355,0.2115,-0.2013,-0.1893,0.9611,25.5,0.1614,0.781,0.111,0.40198,207.1,370.8,180.3,372.0,234.1,369.7,586,0.984,6
629,11.677,45.587,130.634,0.2316,-0.9607,-0.1533,0.9767,0.0333,0.2119,-0.2011,-0.2014,0.9586,25.5,0.1617,0.708,0.128,0.36718,207.6,372.8,180.8,373.9,234.6,371.8,587,0.658,6
630,12.123,43.747,130.329,0.2329,-0.9585,-0.1642,0.9767,0.0309,0.2122,-0.201,-0.2126,0.9562,25.5,0.163,0.656,0.139,0.33446,208.1,374.8,181.3,375.8,235.1,373.8,588,0.138,6
631,12.571,41.911,130.004,0.2345,-0.9564,-0.1743,0.9768,0.0284,0.2124,-0.2009,-0.2231,0.9539,25.5,0.1649,0.616,0.144,0.31188,208.5,376.8,181.7,377.7,235.5,375.9,589,0.565,6
632,13.022,40.079,129.661,0.2365,-0.9541,-0.1836,0.9768,0.0259,0.2126,-0.2009,-0.2329,0.9515,25.5,0.1673,0.578,0.144,0.2924,209.0,378.8,182.2,379.7,236.0,378.0,589,1.352,6
633,13.478,38.252,129.3,0.2387,-0.9517,-0.1933,0.9768,0.0233,0.2128,-0.2009,-0.2432,0.949,25.5,0.1699,0.607,0.149,0.30578,209.5,380.8,182.7,381.6,236.5,380.0,590,0.486,6
634,13.937,36.429,128.92,0.2404,-0.9492,-0.2033,0.9769,0.0207,0.2129,-0.2009,-0.2535,0.9462,25.5,0.1719,0.612,0.149,0.31208,210.0,382.8,183.2,383.5,237.0,382.1,591,0.527,6
635,14.4,34.611,128.521,0.2416,-0.9467,-0.2129,0.9769,0.0182,0.213,-0.2009,-0.2634,0.9435,25.5,0.1734,0.588,0.143,0.2985,210.5,384.7,183.7,385.3,237.5,384.1,591,1.391,6
636,14.864,32.798,128.104,0.2426,-0.9443,-0.2223,0.9769,0.0156,0.2131,-0.2009,-0.2731,0.9408,25.5,0.1749,0.577,0.149,0.29142,211.0,386.7,184.2,387.2,238.0,386.1,592,0.249,6
637,15.33,30.989,127.668,0.2431,-0.9419,-0.2316,0.9769,0.013,0.2132,-0.201,-0.2825,0.938,25.5,0.1759,0.562,0.149,0.28734,211.5,388.6,184.7,389.1,238.5,388.2,593,1.005,6
638,15.796,29.185,127.215,0.2434,-0.9395,-0.241,0.9769,0.0104,0.2133,-0.201,-0.2919,0.9351,25.5,0.1766,0.564,0.149,0.28999,212.0,390.6,185.2,391.0,238.9,390.2,593,0.913,6
639,16.263,27.386,126.744,0.2434,-0.937,-0.2505,0.977,0.0078,0.2133,-0.2011,-0.3014,0.932,25.5,0.1771,0.573,0.149,0.29349,212.5,392.5,185.7,392.8,239.4,392.2,594,0.436,6
640,16.73,25.591,126.254,0.243,-0.9344,-0.2603,0.977,0.0052,0.2133,-0.2011,-0.3111,0.9289,25.5,0.177,0.583,0.149,0.30319,213.0,394.5,186.2,394.7,239.9,394.2,594,1.482,6
641,17.195,23.802,125.745,0.2423,-0.9317,-0.2706,0.977,0.0026,0.2133,-0.2012,-0.3211,0.9254,25.5,0.1766,0.607,0.149,0.31877,213.5,396.4,186.7,396.6,240.4,396.3,595,0.056,6
642,17.659,22.018,125.216,0.2418,-0.9288,-0.2807,0.977,0.0,0.2133,-0.2012,-0.331,0.9219,25.5,0.1764,0.602,0.149,0.31439,214.0,398.3,187.2,398.4,240.9,398.3,596,1.433,6
643,18.122,20.239,124.669,0.2417,-0.9259,-0.2903,0.977,-0.0026,0.2132,-0.2013,-0.3405,0.9184,25.5,0.1767,0.58,0.149,0.29963,214.5,400.3,187.7,400.3,241.4,400.3,596,0.484,6
644,18.586,18.467,124.103,0.2416,-0.9228,-0.3,0.977,-0.0052,0.2131,-0.2014,-0.3501,0.9148,25.5,0.1769,0.587,0.149,0.30427,215.0,402.2,188.2,402.1,241.9,402.2,597,1.046,6
645,19.049,16.7,123.518,0.2414,-0.9196,-0.3099,0.977,-0.0078,0.213,-0.2015,-0.3599,0.911,25.5,0.177,0.602,0.149,0.31089,215.5,404.1,188.7,403.9,242.4,404.2,597,0.872,6
646,19.512,14.94,122.914,0.2411,-0.9162,-0.32,0.977,-0.0104,0.2129,-0.2015,-0.3698,0.907,25.5,0.177,0.612,0.149,0.31856,215.9,406.0,189.2,405.7,242.8,406.2,598,0.681,6
647,19.974,13.186,122.29,0.2408,-0.9126,-0.3305,0.977,-0.013,0.2127,-0.2016,-0.3801,0.9027,25.5,0.1768,0.64,0.149,0.33173,216.4,407.9,189.7,407.5,243.3,408.2,598,1.237,6
648,20.435,11.44,121.646,0.2403,-0.9087,-0.3414,0.977,-0.0156,0.2125,-0.2016,-0.3908,0.8981,25.5,0.1764,0.667,0.149,0.34618,216.9,409.7,190.2,409.3,243.8,410.1,599,0.317,6
649,20.895,9.701,120.98,0.2397,-0.9044,-0.3529,0.977,-0.0182,0.2124,-0.2016,-0.4019,0.8932,25.5,0.1757,0.695,0.149,0.36725,217.4,411.6,190.7,411.1,244.3,412.1,599,1.601,6
650,21.354,7.971,120.292,0.239,-0.8998,-0.3651,0.977,-0.0207,0.2122,-0.2016,-0.4137,0.8878,25.5,0.1747,0.744,0.144,0.39015,217.9,413.5,191.2,412.9,244.7,414.0,600,0.066,6
651,21.812,6.25,119.581,0.2385,-0.8953,-0.3762,0.977,-0.0232,0.212,-0.2016,-0.4245,0.8827,25.5,0.174,0.684,0.144,0.35818,218.4,415.3,191.7,414.7,245.2,415.9,601,1.429,6
652,22.269,4.537,118.849,0.238,-0.8907,-0.3873,0.977,-0.0257,0.2117,-0.2016,-0.4354,0.8774,25.5,0.1734,0.694,0.144,0.3593,218.8,417.1,192.2,416.5,245.7,417.8,601,0.489,6
653,22.725,2.834,118.095,0.2373,-0.8855,-0.3995,0.977,-0.0282,0.2115,-0.2016,-0.4472,0.8714,25.5,0.1723,0.758,0.144,0.39678,219.3,419.0,192.7,418.2,246.1,419.7,602,0.947,6
654,23.179,1.141,117.316,0.2364,-0.8797,-0.4126,0.9769,-0.0306,0.2113,-0.2014,-0.4598,0.8649,25.5,0.1707,0.812,0.138,0.42888,219.8,420.8,193.2,420.0,246.6,421.6,602,0.971,6
655,23.632,-0.54,116.512,0.2353,-0.8733,-0.4265,0.9769,-0.033,0.211,-0.2012,-0.4731,0.8577,25.5,0.1687,0.867,0.139,0.4584,220.3,422.6,193.6,421.7,247.1,423.5,603,0.387,6
656,24.082,-2.208,115.68,0.234,-0.8663,-0.4413,0.9769,-0.0353,0.2107,-0.201,-0.4872,0.8499,25.5,0.1662,0.923,0.133,0.49073,220.7,424.4,194.1,423.4,247.5,425.3,603,1.531,6
657,24.529,-3.862,114.819,0.2324,-0.8587,-0.4568,0.9769,-0.0376,0.2105,-0.2006,-0.5018,0.8414,25.5,0.1632,0.968,0.132,0.51801,221.2,426.1,194.6,425.1,248.0,427.2,604,0.271,6
658,24.973,-5.501,113.928,0.2306,-0.8504,-0.4728,0.9769,-0.0399,0.2102,-0.2002,-0.517,0.8322,25.5,0.1598,1.018,0.133,0.54119,221.7,427.9,195.1,426.8,248.4,429.0,605,0.882,6
659,25.415,-7.123,113.006,0.23,-0.8417,-0.4886,0.9768,-0.0421,0.2098,-0.1997,-0.5322,0.8228,25.5,0.1576,1.024,0.128,0.53917,222.1,429.6,195.5,428.4,248.9,430.8,605,1.036,6
660,25.855,-8.729,112.054,0.2288,-0.8327,-0.5042,0.9768,-0.0443,0.2095,-0.1992,-0.547,0.8131,25.5,0.1548,1.014,0.127,0.53936,222.6,431.3,196.0,430.1,249.3,432.5,606,0.013,6
661,26.292,-10.317,111.072,0.2269,-0.8239,-0.5194,0.9768,-0.0464,0.2092,-0.1987,-0.5612,0.8034,25.5,0.1512,0.986,0.122,0.52783,223.0,433.0,196.5,431.7,249.7,434.3,607,0.951,6
662,26.724,-11.889,110.062,0.2243,-0.8153,-0.5339,0.9767,-0.0485,0.2088,-0.1983,-0.5746,0.7941,25.5,0.1471,0.935,0.123,0.50965,223.5,434.7,196.9,433.3,250.2,436.0,607,0.967,6
663,27.152,-13.444,109.025,0.2212,-0.8071,-0.5474,0.9767,-0.0506,0.2085,-0.198,-0.5868,0.7852,25.5,0.1428,0.865,0.122,0.48091,223.9,436.3,197.4,434.9,250.6,437.7,608,0.136,6
664,27.572,-14.985,107.964,0.2176,-0.7996,-0.5597,0.9767,-0.0525,0.2081,-0.1977,-0.5977,0.777,25.5,0.138,0.782,0.111,0.44372,224.3,437.9,197.8,436.5,251.0,439.4,609,0.587,6
665,27.986,-16.511,106.88,0.2137,-0.7928,-0.5708,0.9767,-0.0545,0.2077,-0.1975,-0.6072,0.7696,25.5,0.1334,0.69,0.117,0.40602,224.8,439.6,198.3,438.0,251.4,441.1,610,1.199,6
666,28.391,-18.024,105.773,0.2087,-0.7849,-0.5833,0.9766,-0.0563,0.2074,-0.1972,-0.618,0.761,25.5,0.127,0.791,0.105,0.46636,225.2,441.2,198.7,439.6,251.8,442.7,610,0.719,6
667,28.787,-19.522,104.643,0.2047,-0.7771,-0.5951,0.9766,-0.0581,0.207,-0.1969,-0.6282,0.7527,25.5,0.1219,0.754,0.106,0.43922,225.6,442.7,199.1,441.1,252.2,444.4,611,0.222,6
668,29.177,-21.005,103.491,0.2016,-0.7695,-0.606,0.9766,-0.0599,0.2065,-0.1966,-0.6379,0.7446,25.5,0.1178,0.724,0.107,0.40767,226.0,444.3,199.5,442.6,252.6,446.0,612,0.162,6
669,29.561,-22.474,102.319,0.1994,-0.762,-0.6162,0.9766,-0.0618,0.206,-0.1964,-0.6471,0.7367,25.5,0.1149,0.695,0.113,0.38391,226.3,445.8,199.9,444.1,252.9,447.6,613,0.427,6
670,29.942,-23.928,101.128,0.1979,-0.7545,-0.6258,0.9766,-0.0636,0.2054,-0.1961,-0.656,0.7289,25.5,0.1127,0.678,0.109,0.3667,226.7,447.4,200.3,445.6,253.3,449.2,614,0.587,6
671,30.321,-25.367,99.919,0.1973,-0.7469,-0.635,0.9766,-0.0656,0.2047,-0.1958,-0.6647,0.721,25.5,0.1117,0.674,0.121,0.35697,227.1,448.9,200.7,447.0,253.7,450.7,615,0.652,6
672,30.699,-26.792,98.693,0.1974,-0.7393,-0.6438,0.9767,-0.0677,0.2038,-0.1955,-0.6733,0.7131,25.5,0.1116,0.669,0.131,0.3474,227.5,450.3,201.1,448.4,254.0,452.3,616,0.632,6
673,31.078,-28.203,97.45,0.1983,-0.7314,-0.6525,0.9767,-0.0699,0.2028,-0.1951,-0.6818,0.705,25.5,0.1125,0.673,0.138,0.35211,227.9,451.8,201.5,449.8,254.4,453.8,617,0.539,6
674,31.458,-29.596,96.188,0.198,-0.7218,-0.6632,0.9768,-0.0722,0.2015,-0.1946,-0.6921,0.6951,25.5,0.1119,0.819,0.151,0.42965,228.2,453.3,201.9,451.2,254.7,455.3,618,0.382,6
675,31.838,-30.971,94.907,0.1974,-0.7126,-0.6732,0.9769,-0.0748,0.2,-0.1941,-0.7016,0.6857,25.5,0.1115,0.766,0.172,0.40637,228.6,454.7,202.3,452.6,255.1,456.8,619,0.175,6
676,32.215,-32.33,93.607,0.1966,-0.7042,-0.6823,0.9771,-0.0775,0.1983,-0.1937,-0.71,0.677,25.5,0.1114,0.693,0.183,0.37077,229.0,456.1,202.7,453.9,255.4,458.3,620,0.092,6
677,32.591,-33.673,92.291,0.1956,-0.6966,-0.6903,0.9772,-0.0805,0.1963,-0.1935,-0.7175,0.6692,25.5,0.1117,0.62,0.207,0.33103,229.4,457.5,203.1,455.2,255.8,459.8,621,0.37,6
678,32.966,-35.002,90.96,0.1945,-0.6897,-0.6974,0.9774,-0.0837,0.1939,-0.1934,-0.724,0.6621,25.5,0.1126,0.552,0.229,0.29761,229.7,458.9,203.4,456.5,256.1,461.2,622,0.678,6
679,33.337,-36.319,89.616,0.1932,-0.6837,-0.7037,0.9777,-0.0872,0.1912,-0.1934,-0.7297,0.6559,25.5,0.114,0.483,0.254,0.26283,230.1,460.2,203.8,457.8,256.5,462.7,624,0.58,6
680,33.707,-37.625,88.261,0.1919,-0.6785,-0.7091,0.9779,-0.091,0.1881,-0.1935,-0.7345,0.6504,25.5,0.116,0.418,0.281,0.22732,230.4,461.6,204.2,459.0,256.8,464.1,625,0.243,6
681,34.073,-38.921,86.897,0.1903,-0.674,-0.7138,0.9782,-0.0951,0.1846,-0.1937,-0.7386,0.6457,25.5,0.1185,0.358,0.309,0.20021,230.8,462.9,204.6,460.2,257.2,465.6,626,0.087,6
682,34.437,-40.208,85.522,0.1896,-0.6668,-0.7207,0.9785,-0.0996,0.1807,-0.1937,-0.745,0.6383,25.5,0.1217,0.561,0.342,0.29868,231.2,464.2,204.9,461.4,257.5,467.0,627,0.4,6
683,34.8,-41.479,84.133,0.1889,-0.6589,-0.7282,0.9788,-0.1044,0.1763,-0.1936,-0.7519,0.6301,25.5,0.1253,0.614,0.373,0.32611,231.5,465.5,205.3,462.6,257.9,468.4,628,0.691,6
684,35.161,-42.736,82.73,0.1878,-0.652,-0.7346,0.9791,-0.1094,0.1714,-0.1938,-0.7578,0.623,25.5,0.1293,0.529,0.401,0.28309,231.9,466.8,205.7,463.8,258.2,469.8,630,0.739,6
685,35.52,-43.98,81.316,0.1863,-0.6462,-0.7401,0.9794,-0.1149,0.1661,-0.1941,-0.7626,0.617,25.5,0.1338,0.441,0.438,0.24298,232.2,468.1,206.0,464.9,258.5,471.3,631,0.545,6
686,35.876,-45.215,79.892,0.1843,-0.6415,-0.7447,0.9797,-0.1206,0.1605,-0.1946,-0.7665,0.6121,25.5,0.1384,0.36,0.458,0.20537,232.5,469.3,206.4,466.0,258.8,472.7,632,0.382,6
687,36.227,-46.441,78.46,0.182,-0.6379,-0.7483,0.9799,-0.1265,0.1544,-0.1952,-0.7693,0.6083,25.5,0.1435,0.273,0.486,0.1669,232.9,470.6,206.7,467.1,259.2,474.1,633,0.251,6
688,36.573,-47.662,77.022,0.1792,-0.6354,-0.7511,0.98,-0.1328,0.1479,-0.1959,-0.7712,0.6056,25.5,0.1489,0.193,0.519,0.13991,233.2,471.8,207.1,468.2,259.5,475.4,634,0.151,6
689,36.914,-48.879,75.58,0.176,-0.634,-0.7531,0.9802,-0.1393,0.141,-0.1967,-0.7722,0.6041,25.5,0.1546,0.113,0.543,0.12024,233.5,473.0,207.4,469.2,259.8,476.8,635,0.08,6
690,37.248,-50.093,74.134,0.1728,-0.6305,-0.7568,0.9802,-0.1461,0.1338,-0.1975,-0.7749,0.6005,25.5,0.1602,0.262,0.567,0.17971,233.8,474.2,207.8,470.3,260.0,478.2,636,0.04,6
691,37.577,-51.296,72.677,0.17,-0.625,-0.7619,0.9801,-0.1531,0.1262,-0.1983,-0.779,0.5948,25.5,0.1662,0.405,0.592,0.23919,234.2,475.5,208.1,471.3,260.3,479.6,637,0.03,6
692,37.9,-52.49,71.212,0.1673,-0.6207,-0.766,0.9799,-0.1604,0.1183,-0.1993,-0.7822,0.5903,25.5,0.1729,0.322,0.616,0.19498,234.5,476.7,208.4,472.3,260.6,481.0,638,0.045,6
693,38.218,-53.678,69.74,0.1649,-0.6176,-0.769,0.9796,-0.1679,0.1099,-0.2003,-0.7844,0.5871,25.5,0.1807,0.23,0.645,0.14749,234.8,477.8,208.8,473.3,260.9,482.4,639,0.082,6
694,38.532,-54.86,68.263,0.1625,-0.6158,-0.771,0.9792,-0.1758,0.1012,-0.2015,-0.7856,0.585,25.5,0.1894,0.155,0.674,0.10772,235.1,479.0,209.1,474.3,261.1,483.8,640,0.137,6
695,38.842,-56.04,66.783,0.1603,-0.6152,-0.7719,0.9786,-0.184,0.092,-0.2027,-0.7859,0.5842,25.5,0.1991,0.084,0.707,0.07324,235.3,480.2,209.4,475.3,261.3,485.2,641,0.205,6
696,39.147,-57.221,65.303,0.1583,-0.6158,-0.7718,0.9778,-0.1925,0.0824,-0.2039,-0.7852,0.5847,25.5,0.2097,0.085,0.736,0.06245,235.6,481.4,209.7,476.2,261.6,486.5,642,0.28,6
697,39.449,-58.403,63.824,0.1563,-0.6178,-0.7707,0.9768,-0.2014,0.0723,-0.205,-0.7836,0.5865,25.5,0.2214,0.152,0.773,0.09064,235.9,482.6,210.1,477.2,261.8,487.9,643,0.357,6
698,39.746,-59.59,62.347,0.1534,-0.6185,-0.7707,0.9756,-0.2106,0.0618,-0.2062,-0.7828,0.5871,25.5,0.2323,0.089,0.803,0.08914,236.2,483.7,210.4,478.1,262.0,489.4,644,0.434,6
699,40.037,-60.774,60.867,0.15,-0.6171,-0.7725,0.9741,-0.2203,0.0508,-0.2077,-0.7836,0.5856,25.5,0.2428,0.13,0.845,0.12231,236.4,484.9,210.7,479.0,262.2,490.8,645,0.503,6
700,40.322,-61.957,59.385,0.1472,-0.6165,-0.7735,0.9723,-0.2303,0.0394,-0.2093,-0.7837,0.5848,25.5,0.2546,0.103,0.875,0.09062,236.7,486.1,211.0,480.0,262.4,492.2,646,0.562,6
701,40.602,-63.139,57.901,0.1451,-0.6168,-0.7737,0.9702,-0.2407,0.0276,-0.2109,-0.7833,0.5848,25.5,0.2679,0.094,0.909,0.06365,237.0,487.2,211.4,480.9,262.5,493.6,647,0.611,6
702,40.879,-64.323,56.418,0.1438,-0.6179,-0.773,0.9677,-0.2515,0.0153,-0.2125,-0.7822,0.5857,25.5,0.2827,0.123,0.949,0.05499,237.2,488.4,211.7,481.8,262.7,495.0,648,0.652,6
703,41.154,-65.51,54.937,0.1432,-0.62,-0.7714,0.9649,-0.2626,0.0026,-0.214,-0.7804,0.5875,25.5,0.299,0.169,0.98,0.08089,237.5,489.6,212.1,482.7,262.8,496.5,649,0.686,6
704,41.429,-66.702,53.46,0.1435,-0.6232,-0.7688,0.9616,-0.2742,-0.0105,-0.2154,-0.7779,0.5903,25.5,0.3169,0.23,1.02,0.12349,237.7,490.7,212.4,483.5,263.0,497.9,650,0.713,6
705,41.705,-67.9,51.989,0.1434,-0.6267,-0.7659,0.9579,-0.2861,-0.0239,-0.2167,-0.775,0.5936,25.5,0.335,0.263,1.048,0.13584,237.9,491.9,212.8,484.4,263.1,499.4,651,0.736,6
706,41.977,-69.104,50.521,0.1407,-0.629,-0.7646,0.9537,-0.2984,-0.0377,-0.2183,-0.7729,0.5957,25.5,0.3507,0.193,1.086,0.11284,238.2,493.1,213.2,485.3,263.2,500.9,652,0.755,6
707,42.246,-70.313,49.056,0.1394,-0.6313,-0.7629,0.949,-0.311,-0.0517,-0.2201,-0.7709,0.5977,25.5,0.3681,0.192,1.112,0.09386,238.4,494.3,213.6,486.2,263.3,502.4,653,0.771,6
708,42.513,-71.526,47.595,0.1395,-0.6337,-0.7609,0.9438,-0.324,-0.0659,-0.2221,-0.7689,0.5996,25.5,0.3871,0.195,1.143,0.09339,238.7,495.5,214.0,487.0,263.3,503.9,654,0.787,6
709,42.782,-72.743,46.138,0.1412,-0.6361,-0.7586,0.938,-0.3371,-0.0802,-0.2242,-0.7669,0.6013,25.5,0.4077,0.193,1.16,0.11155,238.9,496.7,214.4,487.9,263.4,505.4,655,0.806,6
710,43.055,-73.966,44.686,0.1444,-0.6384,-0.756,0.9318,-0.3504,-0.0946,-0.2266,-0.7651,0.6028,25.5,0.4298,0.192,1.178,0.14105,239.2,497.8,214.8,488.8,263.4,506.9,656,0.831,6
711,43.336,-75.192,43.239,0.1492,-0.6407,-0.7531,0.925,-0.3639,-0.1089,-0.2292,-0.7633,0.604,25.5,0.4532,0.194,1.192,0.18111,239.4,499.0,215.3,489.6,263.5,508.4,657,0.868,6
712,43.623,-76.424,41.798,0.15,-0.6441,-0.7501,0.9178,-0.3775,-0.123,-0.2315,-0.7605,0.6067,25.5,0.4731,0.259,1.196,0.13756,239.7,500.2,215.7,490.5,263.5,509.9,658,0.92,6
713,43.912,-77.662,40.362,0.1518,-0.6469,-0.7473,0.9101,-0.3912,-0.137,-0.2342,-0.7581,0.6086,25.5,0.4936,0.234,1.206,0.12996,239.9,501.4,216.2,491.4,263.5,511.5,659,0.992,7
714,44.206,-78.904,38.931,0.1549,-0.649,-0.7449,0.9019,-0.4048,-0.1507,-0.2376,-0.7563,0.6095,25.5,0.5147,0.226,1.202,0.13287,240.2,502.6,216.7,492.3,263.5,513.0,659,0.925,7
715,44.508,-80.151,37.505,0.1592,-0.6504,-0.7427,0.8933,-0.4184,-0.1641,-0.2418,-0.7551,0.6094,25.5,0.5362,0.25,1.2,0.15024,240.5,503.9,217.2,493.1,263.6,514.5,660,0.829,7
716,44.818,-81.399,36.082,0.1647,-0.6511,-0.7409,0.8843,-0.432,-0.177,-0.2468,-0.7545,0.6082,25.5,0.5581,0.297,1.191,0.17416,240.7,505.1,217.8,494.0,263.6,516.1,661,0.703,7
717,45.14,-82.647,34.663,0.1713,-0.6512,-0.7394,0.8751,-0.4454,-0.1895,-0.2528,-0.7544,0.6058,25.5,0.5801,0.37,1.175,0.20223,241.0,506.3,218.3,494.9,263.6,517.6,662,0.545,7
718,45.472,-83.898,33.248,0.1746,-0.6532,-0.7368,0.8655,-0.4587,-0.2014,-0.2578,-0.7525,0.606,25.5,0.5991,0.307,1.161,0.139,241.3,507.5,218.9,495.8,263.6,519.1,663,0.355,7
719,45.81,-85.152,31.837,0.1789,-0.6545,-0.7346,0.8557,-0.4718,-0.2127,-0.2638,-0.7512,0.6051,25.5,0.6181,0.356,1.139,0.14944,241.6,508.7,219.5,496.7,263.6,520.6,664,0.138,7
720,46.158,-86.408,30.43,0.1842,-0.6551,-0.7327,0.8456,-0.4848,-0.2234,-0.271,-0.7504,0.6028,25.5,0.637,0.435,1.125,0.16917,242.0,509.9,220.1,497.6,263.7,522.1,665,0.1,7
721,46.518,-87.664,29.026,0.1905,-0.655,-0.7312,0.8353,-0.4978,-0.2335,-0.2796,-0.7502,0.5992,25.5,0.6559,0.534,1.113,0.19351,242.3,511.1,220.7,498.5,263.7,523.7,666,0.355,7
722,46.89,-88.92,27.625,0.1978,-0.6541,-0.7301,0.8248,-0.5106,-0.2429,-0.2898,-0.7505,0.5939,25.5,0.6745,0.659,1.091,0.2222,242.6,512.3,221.4,499.4,263.7,525.2,667,0.621,7
723,47.277,-90.173,26.226,0.2061,-0.6526,-0.7292,0.814,-0.5235,-0.2516,-0.3017,-0.7512,0.587,25.5,0.6929,0.789,1.085,0.25342,243.0,513.5,222.0,500.2,263.8,526.7,668,0.894,7
724,47.678,-91.424,24.83,0.212,-0.6526,-0.7275,0.8031,-0.5363,-0.2596,-0.3131,-0.7505,0.582,25.5,0.7091,0.714,1.067,0.18344,243.3,514.7,222.7,501.1,263.9,528.2,668,1.023,7
725,48.09,-92.676,23.436,0.2185,-0.6522,-0.7259,0.792,-0.5492,-0.2668,-0.3261,-0.7499,0.5756,25.5,0.7249,0.831,1.059,0.20035,243.7,515.9,223.4,502.0,263.9,529.7,669,0.749,7
726,48.516,-93.926,22.045,0.2258,-0.6513,-0.7244,0.7807,-0.562,-0.2732,-0.3409,-0.7495,0.5675,25.5,0.7402,0.967,1.045,0.22426,244.1,517.1,224.1,502.9,264.0,531.2,670,0.478,7
727,48.957,-95.173,20.657,0.2338,-0.6499,-0.7231,0.7693,-0.5749,-0.2786,-0.3578,-0.7491,0.5576,25.5,0.7549,1.122,1.034,0.24576,244.5,518.3,224.8,503.8,264.1,532.7,671,0.215,7
728,49.414,-96.418,19.272,0.2426,-0.6481,-0.7219,0.7578,-0.5878,-0.2832,-0.3769,-0.7486,0.5454,25.5,0.7692,1.299,1.025,0.27075,244.9,519.5,225.5,504.6,264.2,534.2,672,0.038,7
729,49.888,-97.658,17.889,0.2519,-0.6459,-0.7206,0.7462,-0.6009,-0.2867,-0.3981,-0.7479,0.5312,25.5,0.7827,1.463,1.022,0.28817,245.4,520.6,226.3,505.5,264.3,535.6,673,0.277,7
730,50.379,-98.896,16.508,0.26,-0.6448,-0.7188,0.7344,-0.614,-0.2892,-0.4198,-0.7458,0.5172,25.5,0.7947,1.485,1.02,0.25006,245.8,521.8,227.1,506.4,264.5,537.1,674,0.5,7
731,50.885,-100.131,15.132,0.2683,-0.6432,-0.7172,0.7227,-0.6272,-0.2905,-0.4439,-0.7433,0.5005,25.5,0.8057,1.686,1.013,0.25702,246.3,523.0,227.9,507.2,264.6,538.6,675,0.704,7
732,51.408,-101.363,13.758,0.277,-0.641,-0.7158,0.7109,-0.6406,-0.2904,-0.4705,-0.74,0.4806,25.5,0.8154,1.913,1.023,0.27136,246.8,524.1,228.7,508.0,264.8,540.1,676,0.886,7
733,51.948,-102.59,12.386,0.2862,-0.6382,-0.7147,0.6991,-0.6541,-0.289,-0.4996,-0.7359,0.457,25.5,0.8241,2.16,1.03,0.28918,247.3,525.3,229.5,508.9,265.0,541.6,676,1.032,7
734,52.506,-103.81,11.016,0.2961,-0.6347,-0.7138,0.6873,-0.6678,-0.286,-0.5312,-0.7305,0.4292,25.5,0.8315,2.431,1.05,0.31485,247.8,526.4,230.3,509.7,265.2,543.1,677,0.874,7
735,53.084,-105.024,9.649,0.3069,-0.6317,-0.7119,0.6755,-0.6816,-0.2813,-0.5638,-0.7233,0.3987,25.5,0.8381,2.591,1.075,0.33971,248.4,527.6,231.2,510.5,265.4,544.6,678,0.744,7
736,53.683,-106.233,8.286,0.3177,-0.6292,-0.7094,0.6637,-0.6956,-0.2749,-0.5968,-0.714,0.3661,25.5,0.8435,2.711,1.111,0.3395,248.9,528.7,232.1,511.3,265.7,546.1,679,0.642,7
737,54.302,-107.436,6.927,0.3281,-0.6253,-0.7081,0.652,-0.7097,-0.2667,-0.6309,-0.703,0.3284,25.5,0.8465,2.98,1.15,0.33411,249.5,529.9,233.0,512.0,265.9,547.5,680,0.562,7
738,54.941,-108.63,5.569,0.3381,-0.6198,-0.7082,0.6404,-0.7239,-0.2569,-0.665,-0.6898,0.2863,25.5,0.8471,3.195,1.191,0.341,250.1,531.0,233.9,512.8,266.2,549.0,681,0.496,7
739,55.599,-109.812,4.21,0.3475,-0.6128,-0.7098,0.6287,-0.7379,-0.2453,-0.6978,-0.6746,0.2407,25.5,0.8448,3.335,1.239,0.3534,250.7,532.1,234.8,513.5,266.5,550.5,682,0.436,7
740,56.274,-110.979,2.846,0.3572,-0.6045,-0.7121,0.6172,-0.7518,-0.232,-0.7284,-0.6575,0.1928,25.5,0.8401,3.401,1.284,0.38755,251.4,533.2,235.7,514.3,266.9,551.9,683,0.373,7
741,56.969,-112.131,1.48,0.3679,-0.5968,-0.7131,0.6057,-0.7655,-0.2171,-0.7555,-0.6389,0.1449,25.5,0.8345,3.329,1.334,0.39498,252.0,534.2,236.7,515.0,267.3,553.4,684,0.301,7
742,57.685,-113.269,0.112,0.3783,-0.5898,-0.7134,0.5942,-0.7789,-0.2006,-0.7786,-0.6196,0.0993,25.5,0.8273,3.131,1.385,0.37467,252.7,535.3,237.7,515.7,267.6,554.8,685,0.212,7
743,58.42,-114.394,-1.256,0.3884,-0.5836,-0.7131,0.5827,-0.7918,-0.1829,-0.7978,-0.6002,0.0567,25.5,0.8188,2.899,1.417,0.35421,253.4,536.3,238.6,516.4,268.0,556.1,686,0.097,7
744,59.174,-115.508,-2.623,0.3979,-0.5783,-0.7122,0.5711,-0.8043,-0.164,-0.8135,-0.5812,0.0175,25.5,0.8092,2.653,1.459,0.32614,254.1,537.3,239.6,517.1,268.5,557.5,687,0.053,7
745,59.946,-116.609,-3.99,0.4067,-0.5696,-0.7143,0.5595,-0.8162,-0.144,-0.8264,-0.5626,-0.0219,25.5,0.7953,2.604,1.49,0.37499,254.8,538.4,240.7,517.8,268.9,558.8,688,0.243,7
746,60.735,-117.694,-5.361,0.4165,-0.5622,-0.7145,0.5477,-0.8275,-0.1232,-0.8365,-0.5449,-0.0589,25.5,0.7814,2.42,1.516,0.36695,255.6,539.3,241.7,518.5,269.3,560.1,689,0.482,7
747,61.544,-118.768,-6.728,0.4278,-0.5584,-0.7108,0.5358,-0.8382,-0.1018,-0.844,-0.5282,-0.093,25.5,0.7696,2.218,1.531,0.37294,256.3,540.3,242.8,519.2,269.8,561.4,690,0.776,7
748,62.376,-119.838,-8.084,0.4406,-0.5582,-0.7031,0.5237,-0.8481,-0.08,-0.8494,-0.5127,-0.1252,25.5,0.7604,2.071,1.537,0.44634,257.1,541.3,243.9,519.9,270.3,562.7,691,1.133,7
749,63.235,-120.91,-9.422,0.4542,-0.5587,-0.6939,0.5114,-0.8574,-0.0579,-0.8528,-0.4981,-0.1572,25.5,0.7515,2.025,1.544,0.49081,257.9,542.3,245.0,520.6,270.8,563.9,691,0.785,7
750,64.118,-121.978,-10.748,0.467,-0.5556,-0.6879,0.4989,-0.8659,-0.0358,-0.8543,-0.4844,-0.1886,25.5,0.7387,1.965,1.534,0.4324,258.7,543.3,246.1,521.4,271.3,565.1,692,0.357,7
751,65.026,-123.043,-12.059,0.4796,-0.5551,-0.6796,0.4862,-0.8737,-0.0137,-0.8544,-0.472,-0.2174,25.5,0.7275,1.797,1.527,0.45105,259.6,544.2,247.3,522.1,271.9,566.3,693,0.15,7
752,65.957,-124.109,-13.353,0.4919,-0.5571,-0.6691,0.4733,-0.8809,0.0082,-0.8534,-0.4608,-0.2437,25.5,0.7181,1.639,1.514,0.48688,260.5,545.2,248.5,522.9,272.5,567.5,694,0.744,7
753,66.912,-125.181,-14.624,0.5038,-0.5608,-0.657,0.4602,-0.8873,0.0298,-0.8514,-0.4506,-0.2683,25.5,0.7099,1.53,1.493,0.51899,261.4,546.2,249.7,523.7,273.0,568.7,694,1.174,7
754,67.89,-126.256,-15.876,0.5157,-0.5608,-0.6478,0.4468,-0.8932,0.0511,-0.8482,-0.4411,-0.2934,25.5,0.6982,1.549,1.481,0.44938,262.3,547.2,251.0,524.5,273.6,569.8,695,0.486,7
755,68.89,-127.333,-17.107,0.5278,-0.5628,-0.6361,0.4332,-0.8984,0.0719,-0.8439,-0.4324,-0.3177,25.5,0.6885,1.499,1.455,0.50642,263.2,548.1,252.2,525.3,274.3,571.0,696,0.294,7
756,69.914,-128.416,-18.314,0.5405,-0.5669,-0.6217,0.4194,-0.9031,0.0924,-0.8384,-0.4244,-0.3419,25.5,0.6812,1.494,1.441,0.5866,264.2,549.1,253.5,526.2,274.9,572.1,697,1.151,7
757,70.964,-129.509,-19.489,0.5538,-0.5733,-0.6038,0.4052,-0.9073,0.1126,-0.8316,-0.417,-0.3669,25.5,0.6766,1.544,1.435,0.69321,265.2,550.1,254.9,527.1,275.6,573.2,697,0.767,7
758,72.038,-130.611,-20.633,0.5667,-0.5763,-0.5889,0.3908,-0.9109,0.1323,-0.8238,-0.4102,-0.3913,25.5,0.6685,1.519,1.413,0.59561,266.2,551.1,256.3,528.0,276.2,574.4,698,0.153,7
759,73.138,-131.72,-21.746,0.58,-0.5807,-0.5713,0.376,-0.9141,0.1517,-0.8145,-0.4041,-0.4162,25.5,0.6622,1.563,1.41,0.67208,267.3,552.1,257.7,528.9,276.9,575.5,699,1.122,7
760,74.263,-132.839,-22.822,0.5938,-0.5867,-0.5506,0.3608,-0.9169,0.1706,-0.8036,-0.3985,-0.4421,25.5,0.6583,1.642,1.399,0.76468,268.3,553.2,259.1,529.8,277.6,576.6,699,0.796,7
761,75.415,-133.971,-23.856,0.6079,-0.5933,-0.5276,0.3453,-0.9192,0.1892,-0.7909,-0.3936,-0.4686,25.5,0.6554,1.707,1.394,0.82985,269.4,554.2,260.6,530.8,278.3,577.8,700,0.213,7
762,76.594,-135.114,-24.847,0.6216,-0.5984,-0.5056,0.3295,-0.9211,0.2072,-0.7771,-0.3892,-0.4947,25.5,0.6512,1.71,1.377,0.78922,270.6,555.3,262.1,531.8,279.1,578.9,701,1.25,7
763,77.8,-136.267,-25.793,0.6361,-0.6043,-0.4798,0.3133,-0.9227,0.2248,-0.7604,-0.3855,-0.5226,25.5,0.649,1.875,1.374,0.90164,271.7,556.3,263.6,532.8,279.8,580.0,701,0.667,7
764,79.034,-137.432,-26.685,0.6514,-0.6112,-0.4497,0.2967,-0.9238,0.2419,-0.7404,-0.3825,-0.5527,25.5,0.6491,2.078,1.367,1.02978,272.9,557.4,265.2,533.8,280.6,581.2,702,0.392,7
765,80.298,-138.61,-27.517,0.6662,-0.6176,-0.4181,0.2797,-0.9247,0.2583,-0.7182,-0.3801,-0.5829,25.5,0.6494,2.152,1.354,1.05994,274.1,558.5,266.8,534.9,281.4,582.3,703,1.467,7
766,81.589,-139.8,-28.287,0.6807,-0.6229,-0.3855,0.2624,-0.9252,0.2742,-0.6935,-0.3784,-0.6131,25.5,0.6492,2.238,1.347,1.07786,275.3,559.6,268.5,536.0,282.2,583.5,703,0.451,7
767,82.908,-140.999,-28.995,0.695,-0.6269,-0.352,0.2448,-0.9254,0.2894,-0.6662,-0.3774,-0.6433,25.5,0.6484,2.333,1.332,1.09495,276.6,560.8,270.1,537.1,283.1,584.6,704,0.637,7
768,84.254,-142.204,-29.637,0.7081,-0.6305,-0.3179,0.2269,-0.9253,0.3039,-0.6374,-0.377,-0.672,25.5,0.6475,2.33,1.32,1.09685,277.9,561.9,271.9,538.2,284.0,585.8,704,1.28,7
769,85.624,-143.416,-30.213,0.7206,-0.633,-0.2829,0.2087,-0.9249,0.3178,-0.6062,-0.3773,-0.7001,25.5,0.6459,2.406,1.312,1.11301,279.2,563.0,273.6,539.3,284.8,587.0,705,0.183,7
770,87.018,-144.631,-30.721,0.7334,-0.6334,-0.2468,0.1903,-0.9243,0.3309,-0.5717,-0.3784,-0.728,25.5,0.6434,2.543,1.295,1.14458,280.6,564.2,275.4,540.5,285.7,588.1,706,0.922,7
771,88.437,-145.844,-31.159,0.7453,-0.6328,-0.2101,0.1716,-0.9234,0.3433,-0.5353,-0.38,-0.7544,25.5,0.6401,2.578,1.287,1.15297,281.9,565.4,277.2,541.6,286.7,589.3,706,0.996,7
772,89.876,-147.057,-31.527,0.7559,-0.6315,-0.1729,0.1528,-0.9223,0.355,-0.4974,-0.3821,-0.7788,25.5,0.6366,2.586,1.27,1.15641,283.3,566.5,279.1,542.8,287.6,590.5,707,0.115,7
773,91.336,-148.265,-31.821,0.7668,-0.6279,-0.1334,0.1338,-0.921,0.3658,-0.455,-0.385,-0.803,25.5,0.6321,2.802,1.254,1.22916,284.7,567.7,281.0,544.0,288.6,591.6,708,1.232,7
774,92.817,-149.464,-32.037,0.777,-0.6227,-0.0919,0.1148,-0.9196,0.3758,-0.409,-0.3885,-0.8257,25.5,0.6273,2.946,1.233,1.28644,286.2,568.8,282.9,545.2,289.6,592.8,708,0.686,7
775,94.315,-150.653,-32.174,0.7854,-0.6169,-0.0509,0.0957,-0.918,0.3849,-0.3628,-0.3922,-0.8453,25.5,0.6219,2.884,1.216,1.26251,287.7,570.0,284.8,546.3,290.6,593.9,709,0.439,7
776,95.829,-151.829,-32.231,0.7934,-0.6086,-0.009,0.0765,-0.9163,0.3931,-0.3139,-0.3964,-0.8627,25.5,0.6148,2.984,1.2,1.29859,289.1,571.2,286.7,547.5,291.6,595.1,709,1.479,7
777,97.357,-152.986,-32.208,0.8,-0.599,0.0342,0.0575,-0.9145,0.4005,-0.2627,-0.4009,-0.8777,25.5,0.6075,3.068,1.173,1.33706,290.6,572.3,288.7,548.7,292.6,596.2,710,0.345,7
778,98.896,-154.125,-32.1,0.8049,-0.5883,0.0773,0.0385,-0.9126,0.407,-0.211,-0.4055,-0.8894,25.5,0.5993,3.049,1.156,1.33516,292.2,573.4,290.7,549.8,293.7,597.3,711,0.803,7
779,100.445,-155.24,-31.912,0.8101,-0.5741,0.1188,0.0197,-0.9107,0.4126,-0.1591,-0.4103,-0.898,25.5,0.5878,3.027,1.129,1.31991,293.7,574.5,292.6,551.0,294.8,598.4,711,1.115,7
780,102.003,-156.326,-31.646,0.8138,-0.5589,0.1593,0.001,-0.9087,0.4174,-0.1082,-0.415,-0.9033,25.5,0.5752,2.945,1.112,1.29735,295.2,575.6,294.6,552.1,295.9,599.4,712,0.055,7
781,103.565,-157.384,-31.302,0.8155,-0.5435,0.1989,-0.0174,-0.9067,0.4213,-0.0588,-0.4197,-0.9057,25.5,0.5624,2.847,1.084,1.27066,296.8,576.7,296.6,553.2,297.0,600.5,713,1.237,7
782,105.132,-158.407,-30.885,0.8192,-0.5231,0.2352,-0.0356,-0.9047,0.4245,-0.011,-0.4244,-0.9054,25.5,0.5439,2.752,1.065,1.24914,298.4,577.7,298.6,554.3,298.1,601.5,713,0.682,7
783,106.707,-159.388,-30.401,0.8225,-0.5006,0.27,-0.0534,-0.9027,0.4269,0.0353,-0.4289,-0.9027,25.5,0.5232,2.67,1.035,1.2422,299.9,578.7,300.6,555.3,299.2,602.4,714,0.521,7
784,108.284,-160.329,-29.85,0.8229,-0.48,0.3042,-0.071,-0.9007,0.4285,0.0791,-0.4333,-0.8978,25.5,0.5043,2.538,1.019,1.19302,301.5,579.7,302.7,556.3,300.4,603.4,714,1.398,7
785,109.864,-161.226,-29.237,0.8253,-0.4546,0.3351,-0.0883,-0.8987,0.4295,0.1207,-0.4377,-0.891,25.5,0.4796,2.428,1.0,1.19734,303.1,580.6,304.7,557.3,301.5,604.3,715,0.183,7
786,111.451,-162.069,-28.566,0.829,-0.4245,0.3641,-0.1053,-0.8968,0.4298,0.1613,-0.4419,-0.8824,25.5,0.4499,2.39,0.98,1.25387,304.7,581.5,306.7,558.2,302.7,605.1,716,1.046,7
787,113.04,-162.858,-27.838,0.8282,-0.3983,0.3944,-0.1219,-0.8948,0.4295,0.2008,-0.446,-0.8722,25.5,0.4248,2.349,0.958,1.19712,306.3,582.4,308.7,559.1,303.9,605.9,716,0.873,7
788,114.628,-163.594,-27.056,0.8292,-0.3678,0.421,-0.1382,-0.8929,0.4286,0.2374,-0.45,-0.8609,25.5,0.3943,2.207,0.942,1.20957,307.9,583.2,310.7,559.9,305.1,606.7,717,0.364,7
789,116.221,-164.266,-26.226,0.8319,-0.3321,0.4446,-0.1541,-0.891,0.4272,0.2723,-0.4539,-0.8484,25.5,0.3576,2.136,0.921,1.28128,309.6,583.9,312.7,560.7,306.3,607.4,717,1.556,7
790,117.816,-164.869,-25.349,0.8307,-0.2979,0.4703,-0.1696,-0.8891,0.4252,0.3081,-0.4576,-0.834,25.5,0.3239,2.221,0.902,1.27887,311.2,584.6,314.7,561.4,307.6,608.0,718,0.316,7
791,119.408,-165.406,-24.424,0.8299,-0.2615,0.4928,-0.1848,-0.8872,0.4227,0.3411,-0.4612,-0.8191,25.5,0.2869,2.085,0.889,1.27899,312.8,585.2,316.7,562.0,308.8,608.6,719,0.93,7
792,121.0,-165.87,-23.461,0.8305,-0.2216,0.5111,-0.1996,-0.8855,0.4197,0.3709,-0.4647,-0.8041,25.5,0.245,1.922,0.871,1.31176,314.4,585.7,318.7,562.6,310.1,609.1,719,0.989,7
793,122.592,-166.255,-22.464,0.8284,-0.1813,0.5301,-0.214,-0.8837,0.4163,0.4013,-0.4681,-0.7873,25.5,0.2036,2.0,0.854,1.33282,316.1,586.2,320.7,563.1,311.4,609.6,720,0.263,7
794,124.177,-166.565,-21.43,0.8254,-0.1413,0.5467,-0.228,-0.882,0.4125,0.4295,-0.4713,-0.7703,25.5,0.1619,1.896,0.837,1.29719,317.7,586.6,322.7,563.6,312.6,609.9,721,1.518,7
795,125.758,-166.796,-20.371,0.824,-0.1,0.5577,-0.2416,-0.8803,0.4083,0.4532,-0.4744,-0.7547,25.5,0.1167,1.635,0.821,1.27774,319.4,586.9,324.7,563.9,313.9,610.2,721,0.401,7
796,127.337,-166.948,-19.294,0.8216,-0.0588,0.5671,-0.2549,-0.8786,0.4038,0.4757,-0.4775,-0.7387,25.5,0.0712,1.592,0.81,1.26477,321.0,587.2,326.7,564.2,315.2,610.4,722,0.861,7
797,128.908,-167.023,-18.196,0.8168,-0.0192,0.5766,-0.2678,-0.8769,0.3991,0.4981,-0.4806,-0.7217,25.5,0.0282,1.621,0.793,1.22531,322.6,587.4,328.6,564.4,316.5,610.5,722,1.058,7
798,130.471,-167.021,-17.086,0.814,0.0213,0.5805,-0.2804,-0.8752,0.3941,0.5166,-0.4836,-0.7066,25.5,0.0181,1.379,0.783,1.21864,324.2,587.5,330.6,564.6,317.8,610.6,723,0.208,7
799,132.031,-166.94,-15.973,0.8125,0.0637,0.5795,-0.2926,-0.8736,0.3889,0.5322,-0.4867,-0.6927,25.5,0.068,1.21,0.765,1.26811,325.9,587.5,332.5,564.6,319.2,610.6,724,1.471,7
800,133.582,-166.779,-14.858,0.806,0.1042,0.5826,-0.3045,-0.8719,0.3836,0.5515,-0.4897,-0.6753,25.5,0.1128,1.499,0.753,1.22919,327.5,587.4,334.4,564.6,320.5,610.5,724,0.449,7
801,135.124,-166.54,-13.742,0.8015,0.1448,0.5802,-0.3162,-0.8701,0.378,0.5669,-0.4928,-0.6601,25.5,0.1601,1.252,0.75,1.2227,329.1,587.3,336.3,564.5,321.8,610.3,725,0.814,7
802,136.658,-166.223,-12.636,0.7986,0.1868,0.5721,-0.3275,-0.8684,0.3724,0.5794,-0.4959,-0.6468,25.5,0.2107,1.061,0.729,1.28111,330.7,587.1,338.2,564.3,323.1,610.0,725,1.106,7
803,138.185,-165.823,-11.547,0.7929,0.2296,0.5645,-0.3385,-0.8666,0.3666,0.5939,-0.499,-0.6311,25.5,0.2604,1.237,0.72,1.31011,332.3,586.8,340.1,564.1,324.4,609.7,726,0.153,7
804,139.699,-165.342,-10.473,0.7861,0.2716,0.5552,-0.3494,-0.8647,0.3608,0.6079,-0.5022,-0.6151,25.5,0.3092,1.232,0.716,1.30136,333.9,586.4,342.0,563.7,325.7,609.3,727,1.4,7
805,141.201,-164.781,-9.421,0.7805,0.3136,0.5407,-0.3599,-0.8628,0.3549,0.6193,-0.5055,-0.6008,25.5,0.3596,1.065,0.699,1.33829,335.5,585.9,343.9,563.3,327.0,608.7,727,0.52,7
806,142.692,-164.139,-8.402,0.7742,0.3562,0.5231,-0.3702,-0.8609,0.349,0.6303,-0.5088,-0.5864,25.5,0.4107,1.055,0.689,1.39024,337.0,585.4,345.7,562.8,328.3,608.1,728,0.724,7
807,144.168,-163.416,-7.414,0.765,0.3981,0.5062,-0.3804,-0.8588,0.3431,0.6432,-0.5122,-0.5692,25.5,0.4592,1.247,0.686,1.3779,338.6,584.7,347.5,562.3,329.6,607.5,728,1.195,7
808,145.626,-162.613,-6.462,0.7557,0.4383,0.4866,-0.3903,-0.8567,0.3372,0.6548,-0.5157,-0.5525,25.5,0.5064,1.182,0.671,1.36504,340.1,584.0,349.3,561.6,330.8,606.7,729,0.052,7
809,147.067,-161.736,-5.55,0.7461,0.4767,0.4647,-0.4,-0.8546,0.3313,0.6656,-0.5193,-0.5359,25.5,0.5519,1.153,0.662,1.35183,341.6,583.2,351.1,560.9,332.1,605.8,730,1.278,7
810,148.486,-160.785,-4.678,0.734,0.5141,0.4438,-0.4095,-0.8523,0.3254,0.6784,-0.523,-0.516,25.5,0.5943,1.372,0.654,1.33034,343.1,582.4,352.8,560.1,333.3,604.9,730,0.641,7
811,149.882,-159.765,-3.849,0.7216,0.5497,0.4209,-0.4189,-0.8499,0.3197,0.6905,-0.5268,-0.4957,25.5,0.6349,1.371,0.645,1.31805,344.6,581.4,354.5,559.2,334.5,603.9,731,0.589,7
812,151.253,-158.678,-3.066,0.7086,0.5842,0.3956,-0.4281,-0.8474,0.314,0.7024,-0.5306,-0.4745,25.5,0.6742,1.41,0.636,1.33618,346.0,580.4,356.2,558.2,335.7,602.8,731,1.331,7
813,152.598,-157.525,-2.331,0.6935,0.6177,0.3707,-0.4372,-0.8448,0.3084,0.716,-0.5345,-0.449,25.5,0.7107,1.671,0.63,1.32647,347.4,579.3,357.8,557.2,336.9,601.6,732,0.112,7
814,153.913,-156.31,-1.645,0.6779,0.6493,0.3447,-0.4461,-0.8421,0.303,0.7298,-0.5383,-0.4214,25.5,0.7447,1.781,0.616,1.30866,348.8,578.2,359.4,556.1,338.0,600.4,733,1.104,7
815,155.198,-155.035,-1.01,0.6618,0.6797,0.3163,-0.455,-0.8393,0.2976,0.7437,-0.542,-0.3913,25.5,0.7775,1.912,0.618,1.33303,350.1,576.9,361.0,555.0,339.1,599.1,733,0.815,7
816,156.45,-153.703,-0.433,0.6439,0.7095,0.2863,-0.4637,-0.8363,0.2925,0.759,-0.5453,-0.3557,25.5,0.8082,2.228,0.603,1.37213,351.4,575.7,362.5,553.8,340.2,597.7,734,0.388,7
817,157.667,-152.315,0.088,0.6246,0.7376,0.2565,-0.4724,-0.8332,0.2875,0.7757,-0.5479,-0.3133,25.5,0.8359,2.615,0.602,1.35307,352.7,574.3,364.0,552.5,341.2,596.3,734,1.531,7
818,158.846,-150.875,0.55,0.6047,0.7641,0.2247,-0.481,-0.8299,0.2826,0.7926,-0.5494,-0.2645,25.5,0.8615,2.96,0.598,1.37244,353.9,572.9,365.5,551.2,342.2,594.8,735,0.343,7
819,159.985,-149.385,0.948,0.5836,0.7894,0.1906,-0.4895,-0.8265,0.278,0.81,-0.549,-0.2061,25.5,0.8851,3.492,0.587,1.41689,355.1,571.5,366.9,549.9,343.2,593.2,736,0.833,7
820,161.082,-147.848,1.281,0.5606,0.8132,0.1565,-0.498,-0.8229,0.2736,0.8278,-0.5451,-0.1328,25.5,0.9055,4.329,0.586,1.42001,356.2,570.0,368.2,548.5,344.1,591.6,736,1.086,7
821,162.135,-146.268,1.549,0.5367,0.8348,0.1226,-0.5064,-0.8191,0.2694,0.8433,-0.5357,-0.0437,25.5,0.9225,5.211,0.58,1.39745,357.3,568.4,369.5,547.0,344.9,589.9,737,0.08,7
822,163.14,-144.648,1.752,0.512,0.8544,0.0889,-0.5147,-0.8152,0.2654,0.8531,-0.5179,0.0637,25.5,0.9364,6.266,0.573,1.37915,358.3,566.8,370.8,545.5,345.7,588.2,738,1.225,7
823,164.098,-142.992,1.889,0.4866,0.8719,0.055,-0.523,-0.8112,0.2615,0.8519,-0.4875,0.1915,25.5,0.9474,7.532,0.573,1.36952,359.3,565.1,372.0,544.0,346.5,586.5,738,0.694,7
824,165.006,-141.305,1.963,0.4605,0.8874,0.022,-0.5313,-0.807,0.2578,0.8323,-0.4402,0.337,25.5,0.9551,8.846,0.574,1.33986,360.2,563.5,373.1,542.4,347.2,584.7,739,0.445,7
825,165.863,-139.59,1.974,0.4331,0.9013,-0.0107,-0.5394,-0.8027,0.2543,0.7862,-0.372,0.4935,25.5,0.9598,10.145,0.562,1.34078,361.0,561.7,374.2,540.8,347.8,582.8,739,1.474,7
826,166.667,-137.85,1.922,0.4051,0.9133,-0.0433,-0.5475,-0.7983,0.2509,0.7099,-0.2843,0.6444,25.5,0.9617,10.93,0.563,1.33325,361.8,560.0,375.2,539.2,348.4,580.9,740,0.348,7
827,167.417,-136.088,1.808,0.3767,0.9233,-0.0753,-0.5555,-0.7938,0.2477,0.609,-0.1855,0.7712,25.5,0.9608,10.89,0.557,1.31291,362.6,558.2,376.1,537.6,348.9,579.0,741,0.765,7
828,168.11,-134.309,1.633,0.3466,0.9318,-0.1075,-0.5633,-0.7892,0.2445,0.4928,-0.0834,0.8661,25.5,0.9569,10.412,0.55,1.34143,363.3,556.4,377.0,535.9,349.4,577.1,741,1.153,7
829,168.744,-132.515,1.396,0.3144,0.9388,-0.1406,-0.5711,-0.7845,0.2415,0.3731,0.014,0.9277,25.5,0.95,9.531,0.549,1.39571,363.9,554.6,377.8,534.2,349.8,575.2,742,0.056,7
830,169.317,-130.71,1.094,0.2827,0.9434,-0.1733,-0.5788,-0.7798,0.2386,0.2652,0.0967,0.9593,25.5,0.9406,8.003,0.543,1.36791,364.4,552.8,378.6,532.5,350.2,573.2,743,1.024,7
831,169.828,-128.898,0.732,0.2493,0.9466,-0.2046,-0.5864,-0.7749,0.2358,0.1734,0.1643,0.9711,25.5,0.928,6.57,0.542,1.37113,364.9,551.0,379.2,530.8,350.5,571.2,743,0.894,7
832,170.272,-127.081,0.31,0.2137,0.9482,-0.2351,-0.5938,-0.7701,0.2331,0.0974,0.2188,0.9709,25.5,0.9119,5.36,0.529,1.40167,365.3,549.1,379.8,529.1,350.7,569.2,744,0.165,7
833,170.648,-125.263,-0.172,0.1788,0.9466,-0.2682,-0.6012,-0.7652,0.2305,0.0289,0.2674,0.9632,25.5,0.8937,4.834,0.53,1.43815,365.6,547.3,380.4,527.4,350.8,567.2,745,1.202,7
834,170.956,-123.45,-0.715,0.1426,0.9442,-0.2969,-0.6083,-0.7603,0.2279,-0.0216,0.3029,0.9528,25.5,0.8723,3.587,0.516,1.38239,365.9,545.4,380.8,525.7,350.9,565.2,745,0.716,7
835,171.194,-121.642,-1.308,0.1045,0.9417,-0.3199,-0.6154,-0.7553,0.2254,-0.0552,0.3266,0.9435,25.5,0.8477,2.416,0.518,1.33196,366.1,543.6,381.2,524.0,350.9,563.3,746,0.304,7
836,171.357,-119.839,-1.94,0.0672,0.9373,-0.342,-0.6222,-0.7504,0.2231,-0.0834,0.3468,0.9342,25.5,0.8215,2.058,0.498,1.3022,366.2,541.7,381.4,522.3,350.8,561.3,747,1.307,7
837,171.452,-118.048,-2.618,0.0316,0.9308,-0.3641,-0.6289,-0.7455,0.2208,-0.1086,0.3654,0.9245,25.5,0.7942,1.879,0.494,1.26709,366.2,539.9,381.6,520.6,350.7,559.3,747,0.612,7
838,171.477,-116.269,-3.333,-0.0062,0.9251,-0.3797,-0.6354,-0.7406,0.2186,-0.1225,0.3762,0.9184,25.5,0.7642,1.067,0.483,1.23369,366.2,538.1,381.8,518.9,350.5,557.3,748,0.38,7
839,171.427,-114.5,-4.071,-0.047,0.9199,-0.3893,-0.6417,-0.7358,0.2165,-0.1279,0.3809,0.9157,25.5,0.731,0.438,0.469,1.26208,366.0,536.2,381.8,517.2,350.2,555.4,749,1.356,7
840,171.301,-112.744,-4.832,-0.0831,0.9107,-0.4046,-0.6478,-0.731,0.2144,-0.1405,0.3913,0.9095,25.5,0.6986,1.001,0.461,1.20346,365.8,534.4,381.8,515.6,349.8,553.4,749,0.562,7
841,171.106,-111.006,-5.619,-0.1212,0.902,-0.4144,-0.6537,-0.7263,0.2125,-0.1462,0.3967,0.9062,25.5,0.664,0.488,0.446,1.20389,365.6,532.7,381.6,513.9,349.4,551.5,750,0.403,7
842,170.834,-109.284,-6.417,-0.1636,0.894,-0.4172,-0.6594,-0.7216,0.2107,-0.1445,0.3967,0.9065,25.5,0.6251,0.099,0.436,1.29203,365.2,530.9,381.4,512.3,348.9,549.6,751,1.353,7
843,170.475,-107.578,-7.215,-0.2103,0.8843,-0.4169,-0.6649,-0.7171,0.2089,-0.1404,0.3947,0.908,25.5,0.5814,0.275,0.42,1.42532,364.8,529.1,381.1,510.7,348.4,547.7,751,0.565,7
844,170.03,-105.896,-8.021,-0.254,0.8705,-0.4216,-0.6702,-0.7126,0.2073,-0.1422,0.3975,0.9065,25.5,0.5375,0.209,0.409,1.3766,364.3,527.4,380.7,509.1,347.7,545.9,752,0.371,7
845,169.503,-104.237,-8.826,-0.2953,0.8594,-0.4174,-0.6753,-0.7083,0.2058,-0.1367,0.3944,0.9087,25.5,0.4952,0.383,0.392,1.28406,363.7,525.7,380.3,507.5,347.0,544.1,753,1.291,7
846,168.899,-102.598,-9.616,-0.3338,0.8513,-0.4048,-0.6802,-0.704,0.2044,-0.1246,0.3858,0.9141,25.5,0.455,0.905,0.382,1.23448,363.0,524.1,379.7,506.0,346.2,542.3,753,0.627,7
847,168.223,-100.974,-10.381,-0.3718,0.8392,-0.3969,-0.6849,-0.6998,0.203,-0.1179,0.3814,0.9169,25.5,0.4132,0.486,0.37,1.21485,362.3,522.4,379.1,504.4,345.3,540.5,754,0.283,7
848,167.475,-99.378,-11.135,-0.408,0.8267,-0.3874,-0.6893,-0.6958,0.2018,-0.1107,0.3764,0.9198,25.5,0.3722,0.529,0.348,1.17899,361.4,520.8,378.4,502.9,344.4,538.7,755,1.186,7
849,166.66,-97.801,-11.861,-0.4416,0.8182,-0.3682,-0.6937,-0.6918,0.2007,-0.096,0.3649,0.9261,25.5,0.3336,1.129,0.346,1.18398,360.6,519.2,377.6,501.4,343.4,537.0,755,0.733,7
850,165.783,-96.237,-12.541,-0.473,0.8132,-0.3391,-0.6978,-0.6879,0.1996,-0.0743,0.3467,0.935,25.5,0.297,1.701,0.33,1.28791,359.6,517.6,376.8,499.9,342.4,535.3,756,0.17,7
851,164.842,-94.689,-13.169,-0.5078,0.8006,-0.3181,-0.7017,-0.6842,0.1987,-0.0605,0.3352,0.9402,25.5,0.2547,1.072,0.312,1.27157,358.6,516.0,375.9,498.5,341.3,533.6,757,1.073,7
852,163.84,-93.164,-13.757,-0.5369,0.7905,-0.2947,-0.7054,-0.6806,0.198,-0.0451,0.3219,0.9457,25.5,0.2176,1.208,0.298,1.15588,357.6,514.5,374.9,497.0,340.1,532.0,757,0.845,7
853,162.787,-91.654,-14.294,-0.5598,0.7854,-0.2642,-0.709,-0.677,0.1973,-0.0243,0.3031,0.9526,25.5,0.1869,1.654,0.294,1.14978,356.5,512.9,373.9,495.6,339.0,530.4,758,0.064,7
854,161.696,-90.149,-14.765,-0.5774,0.7848,-0.2251,-0.7124,-0.6736,0.1968,0.0029,0.2776,0.9607,25.5,0.1616,2.186,0.277,1.2814,355.4,511.4,372.9,494.2,337.8,528.7,759,0.977,7
855,160.568,-88.65,-15.162,-0.5998,0.7772,-0.1901,-0.7156,-0.6703,0.1964,0.0255,0.256,0.9663,25.5,0.1291,1.82,0.264,1.26232,354.2,509.9,371.8,492.8,336.5,527.1,759,0.941,7
856,159.398,-87.166,-15.492,-0.6192,0.7701,-0.1536,-0.7187,-0.667,0.1962,0.0488,0.233,0.9712,25.5,0.0988,1.897,0.26,1.2533,353.0,508.4,370.7,491.4,335.3,525.6,760,0.028,7
857,158.196,-85.694,-15.749,-0.6332,0.7655,-0.1139,-0.7216,-0.6639,0.1961,0.0747,0.2069,0.9755,25.5,0.0736,2.121,0.243,1.26539,351.8,507.0,369.6,490.0,334.0,524.0,761,0.929,7
858,156.973,-84.228,-15.927,-0.6417,0.7636,-0.0714,-0.7244,-0.6609,0.1961,0.1027,0.1779,0.9787,25.5,0.0538,2.317,0.235,1.29641,350.6,505.5,368.4,488.6,332.7,522.5,761,0.989,7
859,155.732,-82.77,-16.027,-0.6527,0.7569,-0.0326,-0.727,-0.658,0.1962,0.1272,0.1518,0.9802,25.5,0.0299,2.053,0.223,1.22167,349.4,504.0,367.3,487.2,331.4,520.9,762,0.025,7
860,154.471,-81.326,-16.052,-0.6619,0.7495,0.007,-0.7295,-0.6552,0.1965,0.1519,0.125,0.9805,25.5,0.0068,2.088,0.216,1.23477,348.1,502.6,366.1,485.9,330.0,519.4,763,0.988,7
861,153.194,-79.896,-16.0,-0.6691,0.7417,0.0461,-0.7318,-0.6524,0.1969,0.1762,0.098,0.9795,25.5,0.0148,2.082,0.209,1.21076,346.8,501.2,364.9,484.5,328.7,517.9,763,0.93,7
862,151.906,-78.481,-15.876,-0.6743,0.7337,0.0837,-0.734,-0.6498,0.1974,0.1994,0.0717,0.9773,25.5,0.0347,2.013,0.197,1.1591,345.6,499.8,363.7,483.2,327.4,516.5,764,0.121,7
863,150.608,-77.083,-15.681,-0.6791,0.7244,0.1188,-0.7361,-0.6473,0.198,0.2207,0.0471,0.9742,25.5,0.0545,1.873,0.19,1.09448,344.3,498.4,362.4,481.9,326.1,515.0,765,1.224,8
864,149.302,-75.703,-15.421,-0.6825,0.715,0.1518,-0.738,-0.6449,0.1987,0.2406,0.0236,0.9703,25.5,0.0727,1.779,0.18,1.03021,343.0,497.1,361.2,480.6,324.7,513.6,765,0.694,8
865,147.991,-74.341,-15.1,-0.6847,0.7056,0.1827,-0.7399,-0.6425,0.1994,0.2591,0.0013,0.9658,25.5,0.0897,1.68,0.18,0.96725,341.8,495.7,360.0,479.3,323.4,512.2,766,0.466,8
866,146.677,-72.997,-14.722,-0.6859,0.6963,0.2117,-0.7416,-0.6403,0.2002,0.2765,-0.0198,0.9608,25.5,0.1052,1.593,0.166,0.91065,340.5,494.4,358.8,478.1,322.1,510.8,766,1.452,8
867,145.361,-71.67,-14.288,-0.6855,0.6869,0.2415,-0.7432,-0.6381,0.201,0.2943,-0.042,0.9548,25.5,0.1197,1.666,0.162,0.93368,339.2,493.1,357.6,476.8,320.8,509.5,767,0.229,8
868,144.048,-70.363,-13.796,-0.6844,0.6767,0.2714,-0.7448,-0.6361,0.2019,0.3121,-0.0646,0.9478,25.5,0.1341,1.696,0.155,0.94457,338.0,491.8,356.3,475.6,319.5,508.2,768,1.061,8
869,142.736,-69.075,-13.251,-0.6841,0.6667,0.2958,-0.7462,-0.6341,0.2028,0.3264,-0.0829,0.9416,25.5,0.1477,1.377,0.149,0.78791,336.7,490.6,355.1,474.4,318.2,506.9,768,0.858,8
870,141.424,-67.805,-12.666,-0.6848,0.6578,0.3136,-0.7476,-0.6321,0.2038,0.3366,-0.0961,0.9367,25.5,0.1601,0.996,0.151,0.59513,335.4,489.3,353.9,473.2,316.9,505.6,769,0.505,8
871,140.109,-66.551,-12.052,-0.6864,0.6504,0.3252,-0.7489,-0.6303,0.2047,0.3432,-0.1046,0.9334,25.5,0.1707,0.645,0.137,0.41393,334.2,488.1,352.7,472.0,315.6,504.3,769,1.415,8
872,138.791,-65.31,-11.422,-0.6888,0.6447,0.3317,-0.7501,-0.6285,0.2057,0.3467,-0.1089,0.9316,25.5,0.1797,0.334,0.137,0.26808,332.9,486.9,351.5,470.8,314.3,503.1,770,0.016,8
873,137.473,-64.085,-10.764,-0.6868,0.634,0.3555,-0.7513,-0.6268,0.2067,0.3606,-0.1275,0.924,25.5,0.1921,1.4,0.132,0.78254,331.7,485.7,350.2,469.7,313.0,501.8,771,1.5,8
874,136.156,-62.875,-10.065,-0.6853,0.6263,0.3717,-0.7524,-0.6251,0.2077,0.37,-0.1401,0.9184,25.5,0.2013,0.956,0.129,0.53714,330.4,484.5,349.0,468.5,311.7,500.6,771,0.421,8
875,134.843,-61.68,-9.343,-0.685,0.6211,0.3809,-0.7534,-0.6236,0.2087,0.3754,-0.1472,0.9151,25.5,0.2083,0.545,0.118,0.31603,329.1,483.4,347.8,467.4,310.4,499.4,772,1.1,8
876,133.528,-60.492,-8.607,-0.6856,0.6177,0.3853,-0.7544,-0.622,0.2098,0.378,-0.1504,0.9135,25.5,0.2138,0.253,0.125,0.16701,327.9,482.2,346.6,466.3,309.1,498.2,772,0.819,8
877,132.212,-59.309,-7.867,-0.6871,0.6157,0.3858,-0.7553,-0.6206,0.2108,0.3783,-0.1502,0.9134,25.5,0.2182,0.021,0.111,0.07616,326.6,481.1,345.4,465.2,307.8,497.0,773,0.713,8
878,130.891,-58.129,-7.129,-0.6896,0.615,0.3824,-0.7562,-0.6192,0.2118,0.3764,-0.1467,0.9147,25.5,0.2217,0.24,0.111,0.12777,325.4,479.9,344.1,464.0,306.5,495.8,773,1.206,8
879,129.566,-56.95,-6.403,-0.6932,0.6156,0.3749,-0.757,-0.6178,0.2129,0.3721,-0.1397,0.9176,25.5,0.2243,0.499,0.112,0.24925,324.1,478.7,342.9,462.9,305.2,494.7,774,0.318,8
880,128.231,-55.766,-5.695,-0.6984,0.6176,0.3618,-0.7577,-0.6165,0.214,0.3646,-0.128,0.9223,25.5,0.2259,0.841,0.105,0.42494,322.8,477.6,341.6,461.8,303.9,493.5,774,1.602,8
881,126.885,-54.579,-5.02,-0.7056,0.6214,0.3405,-0.7584,-0.6152,0.215,0.3522,-0.1093,0.9295,25.5,0.226,1.35,0.102,0.68141,321.5,476.4,340.4,460.7,302.6,492.3,775,0.109,8
882,125.524,-53.383,-4.394,-0.7138,0.6246,0.3168,-0.7591,-0.614,0.2161,0.3383,-0.0885,0.9369,25.5,0.2268,1.495,0.102,0.75573,320.2,475.3,339.1,459.5,301.2,491.1,776,1.335,8
883,124.15,-52.187,-3.797,-0.7198,0.6235,0.3053,-0.7597,-0.6129,0.2172,0.3315,-0.0777,0.9402,25.5,0.231,0.755,0.096,0.38897,318.9,474.1,337.8,458.4,299.9,489.9,776,0.585,8
884,122.763,-50.991,-3.227,-0.7266,0.6238,0.2881,-0.7603,-0.6118,0.2183,0.3213,-0.0622,0.9449,25.5,0.2337,1.097,0.096,0.5527,317.5,472.9,336.5,457.2,298.5,488.7,777,0.794,8
885,121.363,-49.794,-2.696,-0.7338,0.6258,0.2644,-0.7608,-0.6108,0.2194,0.3073,-0.0413,0.9507,25.5,0.234,1.479,0.09,0.74257,316.2,471.7,335.1,456.1,297.1,487.5,777,1.128,8
886,119.949,-48.59,-2.218,-0.741,0.6294,0.234,-0.7613,-0.6098,0.2205,0.2893,-0.0152,0.9571,25.5,0.2319,1.853,0.09,0.93974,314.8,470.5,333.8,454.9,295.7,486.3,778,0.173,8
887,118.522,-47.379,-1.803,-0.7472,0.6345,0.1979,-0.7617,-0.6089,0.2216,0.2681,0.0152,0.9633,25.5,0.2266,2.153,0.085,1.10506,313.4,469.3,332.4,453.7,294.3,485.0,779,1.39,8
888,117.083,-46.158,-1.459,-0.7533,0.6377,0.161,-0.762,-0.6081,0.2226,0.246,0.0462,0.9682,25.5,0.2221,2.199,0.075,1.12151,312.0,468.1,331.0,452.5,292.9,483.8,779,0.528,8
889,115.633,-44.933,-1.186,-0.7588,0.6394,0.1238,-0.7623,-0.6074,0.2237,0.2236,0.0772,0.9716,25.5,0.2178,2.2,0.077,1.12486,310.6,466.9,329.6,451.3,291.4,482.6,780,0.617,8
890,114.174,-43.706,-0.984,-0.763,0.6406,0.0863,-0.7624,-0.6067,0.2248,0.201,0.1082,0.9736,25.5,0.2125,2.201,0.075,1.12816,309.1,465.7,328.1,450.1,290.0,481.3,780,1.301,8
891,112.708,-42.477,-0.854,-0.7657,0.6412,0.0494,-0.7625,-0.6062,0.226,0.1787,0.1384,0.9741,25.5,0.2063,2.151,0.075,1.10572,307.7,464.5,326.7,448.9,288.5,480.1,781,0.229,8
892,111.238,-41.247,-0.794,-0.7672,0.6413,0.0133,-0.7625,-0.6058,0.2271,0.1568,0.1674,0.9733,25.5,0.1995,2.083,0.067,1.07965,306.2,463.2,325.2,447.7,287.0,478.9,782,0.773,8
893,109.765,-40.018,-0.806,-0.7681,0.6398,-0.0263,-0.7624,-0.6055,0.2283,0.1326,0.1991,0.971,25.5,0.1922,2.289,0.071,1.1844,304.7,462.0,323.7,446.5,285.6,477.6,782,1.145,8
894,108.293,-38.793,-0.895,-0.7676,0.6376,-0.0661,-0.7622,-0.6054,0.2295,0.1082,0.2304,0.9671,25.5,0.1839,2.285,0.07,1.19115,303.2,460.8,322.3,445.3,284.1,476.4,783,0.214,8
895,106.822,-37.573,-1.06,-0.7655,0.6346,-0.1065,-0.7618,-0.6053,0.2308,0.0832,0.2618,0.9615,25.5,0.1745,2.322,0.078,1.21213,301.8,459.6,320.8,444.1,282.6,475.2,784,0.653,8
896,105.358,-36.36,-1.304,-0.7617,0.6307,-0.1481,-0.7613,-0.6054,0.2321,0.0575,0.2935,0.9542,25.5,0.1637,2.376,0.08,1.25363,300.3,458.3,319.3,442.8,281.2,473.9,784,1.266,8
897,103.902,-35.155,-1.63,-0.7562,0.6255,-0.1921,-0.7607,-0.6057,0.2336,0.0301,0.3265,0.9447,25.5,0.1515,2.517,0.094,1.33417,298.8,457.1,317.8,441.6,279.7,472.7,785,0.466,8
898,102.458,-33.962,-2.041,-0.7495,0.6185,-0.2362,-0.7599,-0.6061,0.2351,0.0023,0.3592,0.9333,25.5,0.1391,2.545,0.1,1.34928,297.3,455.9,316.3,440.4,278.3,471.5,786,0.272,8
899,101.028,-32.784,-2.534,-0.7419,0.6101,-0.2782,-0.7589,-0.6066,0.2367,-0.0245,0.3899,0.9205,25.5,0.1271,2.448,0.112,1.2999,295.9,454.7,314.8,439.2,276.8,470.3,787,0.945,8
900,99.613,-31.623,-3.105,-0.7338,0.601,-0.3168,-0.7578,-0.6073,0.2384,-0.0495,0.4179,0.9072,25.5,0.1156,2.282,0.123,1.20948,294.4,453.6,313.3,438.1,275.4,469.2,787,0.973,8
901,98.216,-30.478,-3.752,-0.7227,0.5921,-0.3566,-0.7566,-0.6082,0.2403,-0.075,0.4457,0.892,25.5,0.101,2.33,0.139,1.26295,293.0,452.4,311.9,436.9,274.0,468.0,788,0.364,8
902,96.84,-29.353,-4.471,-0.7128,0.5813,-0.3925,-0.7551,-0.6092,0.2423,-0.0986,0.4709,0.8766,25.5,0.089,2.166,0.154,1.15857,291.6,451.3,310.4,435.7,272.7,466.9,789,0.178,8
903,95.482,-28.25,-5.255,-0.7044,0.5688,-0.4245,-0.7533,-0.6105,0.2445,-0.1204,0.4936,0.8613,25.5,0.0796,2.005,0.179,1.05683,290.2,450.2,309.0,434.6,271.3,465.8,790,0.645,8
904,94.138,-27.172,-6.097,-0.6976,0.555,-0.4532,-0.7513,-0.6119,0.247,-0.1406,0.5141,0.8461,25.5,0.0726,1.865,0.2,0.97298,288.8,449.1,307.5,433.5,270.0,464.8,791,1.03,8
905,92.81,-26.12,-6.995,-0.6868,0.5426,-0.4836,-0.749,-0.6136,0.2498,-0.1616,0.5348,0.8294,25.5,0.0607,1.942,0.229,1.03277,287.5,448.0,306.1,432.4,268.7,463.8,791,0.888,8
906,91.502,-25.092,-7.949,-0.6775,0.53,-0.5099,-0.7464,-0.6156,0.2529,-0.1801,0.5527,0.8137,25.5,0.0505,1.728,0.259,0.91456,286.1,447.0,304.7,431.3,267.4,462.8,792,0.596,8
907,90.21,-24.088,-8.949,-0.6697,0.5167,-0.5334,-0.7434,-0.6178,0.2562,-0.1973,0.5686,0.7986,25.5,0.042,1.597,0.285,0.83981,284.8,446.0,303.2,430.3,266.2,461.8,793,0.408,8
908,88.932,-23.111,-9.993,-0.6631,0.5019,-0.5553,-0.7402,-0.6202,0.2599,-0.214,0.5837,0.7832,25.5,0.0352,1.563,0.312,0.81401,283.4,445.0,301.8,429.2,264.9,460.9,794,0.336,8
909,87.666,-22.164,-11.079,-0.6573,0.4832,-0.5784,-0.7366,-0.6228,0.2638,-0.2328,0.5997,0.7656,25.5,0.0306,1.737,0.339,0.90481,282.1,444.0,300.4,428.2,263.7,460.0,795,0.387,8
910,86.413,-21.26,-12.214,-0.6497,0.4615,-0.6041,-0.7325,-0.6257,0.2682,-0.2543,0.6169,0.7448,25.5,0.0251,1.977,0.383,1.03029,280.8,443.1,299.0,427.2,262.5,459.1,796,0.559,8
911,85.176,-20.39,-13.394,-0.6397,0.446,-0.626,-0.7276,-0.6292,0.2735,-0.2719,0.6305,0.727,25.5,0.0136,1.632,0.46,0.85555,279.5,442.2,297.6,426.3,261.4,458.3,798,0.672,8
912,83.961,-19.545,-14.612,-0.6274,0.4371,-0.6445,-0.7212,-0.6335,0.2804,-0.2857,0.6407,0.7127,25.5,0.0051,1.28,0.593,0.71503,278.3,441.4,296.1,425.3,260.3,457.6,799,0.165,8
913,82.771,-18.71,-15.864,-0.6127,0.4352,-0.6597,-0.7128,-0.6389,0.2893,-0.2957,0.6478,0.702,25.5,0.0322,0.933,0.766,0.63432,277.0,440.5,294.7,424.4,259.3,456.8,800,0.451,8
914,81.621,-17.877,-17.152,-0.5868,0.4319,-0.6849,-0.702,-0.6456,0.3007,-0.3131,0.659,0.6838,25.5,0.0729,1.579,0.978,1.0843,275.9,439.7,293.2,423.4,258.4,456.2,802,0.073,8
915,80.513,-17.057,-18.485,-0.5714,0.4225,-0.7035,-0.6892,-0.653,0.314,-0.3285,0.6678,0.6679,25.5,0.103,1.365,1.139,0.77428,274.7,438.9,291.7,422.4,257.6,455.5,804,0.06,8
916,79.42,-16.259,-19.844,-0.5715,0.4084,-0.7117,-0.6753,-0.6606,0.328,-0.3385,0.6727,0.6579,25.5,0.1173,0.858,1.211,0.48739,273.6,438.1,290.1,421.4,256.8,454.9,806,0.19,8
917,78.312,-15.492,-21.208,-0.586,0.3911,-0.7097,-0.6611,-0.6678,0.3419,-0.3426,0.6741,0.6544,25.5,0.1164,0.319,1.211,0.67709,272.4,437.3,288.6,420.5,256.0,454.3,808,0.264,8
918,77.186,-14.758,-22.576,-0.5846,0.3757,-0.7191,-0.6476,-0.6743,0.3547,-0.3546,0.6788,0.643,25.5,0.1298,0.986,1.129,0.54072,271.2,436.6,287.1,419.6,255.2,453.7,810,0.058,8
919,76.065,-14.05,-23.961,-0.5866,0.3626,-0.7242,-0.6349,-0.6801,0.3665,-0.3632,0.6814,0.6354,25.5,0.1396,0.674,1.047,0.42424,270.1,435.9,285.6,418.8,254.4,453.1,812,0.646,8
920,74.932,-13.366,-25.349,-0.5963,0.3511,-0.7219,-0.623,-0.6853,0.3771,-0.366,0.6815,0.6337,25.5,0.1413,0.188,0.96,0.4547,268.9,435.2,284.1,418.0,253.5,452.6,813,0.233,8
921,73.773,-12.703,-26.726,-0.6132,0.3407,-0.7127,-0.6118,-0.69,0.3869,-0.3632,0.6795,0.6374,25.5,0.1357,0.29,0.894,0.6535,267.7,434.5,282.6,417.2,252.6,452.0,814,0.053,9
922,72.576,-12.059,-28.078,-0.6351,0.3303,-0.6982,-0.6011,-0.6943,0.3959,-0.3567,0.6763,0.6445,25.5,0.124,0.581,0.838,0.84413,266.5,433.9,281.1,416.5,251.7,451.5,815,0.211,9
923,71.345,-11.438,-29.412,-0.6482,0.3173,-0.6922,-0.5908,-0.6983,0.4042,-0.3576,0.6757,0.6446,25.5,0.1184,0.062,0.792,0.57982,265.2,433.3,279.5,415.8,250.7,450.9,816,0.246,9
924,70.09,-10.84,-30.732,-0.661,0.3072,-0.6846,-0.5809,-0.7021,0.4119,-0.3564,0.6743,0.6467,25.5,0.1137,0.16,0.751,0.53744,263.9,432.7,278.0,415.1,249.7,450.4,817,0.159,9
925,68.81,-10.258,-32.036,-0.6739,0.2996,-0.6754,-0.5713,-0.7057,0.4191,-0.3532,0.6723,0.6506,25.5,0.1095,0.311,0.718,0.52506,262.6,432.1,276.4,414.4,248.6,449.9,818,0.051,9
926,67.505,-9.689,-33.321,-0.6871,0.2941,-0.6644,-0.562,-0.7091,0.4259,-0.3478,0.6697,0.6562,25.5,0.1054,0.47,0.688,0.53902,261.3,431.5,274.9,413.8,247.5,449.4,819,0.378,9
927,66.174,-9.129,-34.583,-0.7009,0.2908,-0.6513,-0.5527,-0.7125,0.4323,-0.3401,0.6664,0.6635,25.5,0.1014,0.637,0.676,0.57695,259.9,431.0,273.3,413.2,246.4,448.9,820,0.81,9
928,64.818,-8.58,-35.823,-0.7131,0.2817,-0.642,-0.5435,-0.7158,0.4385,-0.3376,0.6647,0.6665,25.5,0.0956,0.244,0.663,0.53295,258.6,430.4,271.7,412.6,245.3,448.5,820,1.108,9
929,63.44,-8.047,-37.045,-0.7247,0.2748,-0.6318,-0.5342,-0.719,0.4445,-0.3335,0.6625,0.6707,25.5,0.0913,0.359,0.66,0.50548,257.2,429.9,270.0,412.0,244.1,448.0,821,0.596,9
930,62.038,-7.524,-38.245,-0.7367,0.2706,-0.6197,-0.5249,-0.7223,0.4503,-0.327,0.6596,0.6768,25.5,0.0878,0.537,0.656,0.5244,255.7,429.4,268.4,411.4,242.9,447.6,822,0.032,9
931,60.613,-7.007,-39.42,-0.7497,0.2688,-0.6048,-0.5155,-0.7255,0.4559,-0.3174,0.6559,0.6849,25.5,0.0843,0.75,0.653,0.59313,254.3,428.9,266.7,410.8,241.7,447.1,823,0.561,9
932,59.162,-6.491,-40.562,-0.7643,0.2696,-0.5857,-0.506,-0.7288,0.4613,-0.3035,0.6511,0.6957,25.5,0.0799,1.045,0.654,0.71884,252.9,428.3,265.0,410.2,240.5,446.7,824,1.154,9
933,57.681,-5.974,-41.665,-0.7797,0.2684,-0.5657,-0.4962,-0.7322,0.4666,-0.2898,0.6463,0.7059,25.5,0.0736,1.017,0.667,0.75505,251.4,427.8,263.3,409.7,239.3,446.2,824,0.763,9
934,56.171,-5.462,-42.731,-0.7951,0.2654,-0.5453,-0.4861,-0.7356,0.4718,-0.2765,0.6416,0.7154,25.5,0.066,0.974,0.679,0.76891,249.9,427.3,261.5,409.1,238.0,445.8,825,0.193,9
935,54.631,-4.954,-43.754,-0.8117,0.2644,-0.5208,-0.4757,-0.7391,0.4769,-0.2593,0.6359,0.7269,25.5,0.0577,1.23,0.693,0.88475,248.3,426.8,259.7,408.5,236.8,445.4,826,0.331,9
936,53.057,-4.447,-44.726,-0.8295,0.2656,-0.4913,-0.4649,-0.7428,0.4818,-0.2373,0.6288,0.7405,25.5,0.0484,1.537,0.712,1.03018,246.8,426.3,257.9,408.0,235.5,445.0,827,0.786,9
937,51.448,-3.935,-45.635,-0.8487,0.2668,-0.4566,-0.4537,-0.7466,0.4866,-0.2113,0.6205,0.7552,25.5,0.0363,1.776,0.731,1.18551,245.2,425.8,256.0,407.4,234.2,444.6,827,1.132,9
938,49.802,-3.425,-46.475,-0.8682,0.2659,-0.4189,-0.4419,-0.7506,0.4912,-0.1839,0.6117,0.7694,25.5,0.0217,1.839,0.761,1.26868,243.5,425.3,254.1,406.8,232.8,444.1,828,0.758,9
939,48.12,-2.914,-47.241,-0.8856,0.2676,-0.3797,-0.4296,-0.7548,0.4957,-0.154,0.6021,0.7835,25.5,0.0097,1.972,0.788,1.28266,241.9,424.8,252.2,406.2,231.5,443.7,829,0.462,9
940,46.408,-2.397,-47.932,-0.8995,0.2719,-0.3421,-0.4167,-0.7592,0.4999,-0.1238,0.5922,0.7962,25.5,0.0026,1.961,0.817,1.20467,240.2,424.3,250.2,405.6,230.1,443.3,830,0.24,9
941,44.668,-1.876,-48.548,-0.9144,0.2714,-0.3004,-0.4034,-0.7638,0.5039,-0.0927,0.5819,0.8079,25.499,0.0102,1.993,0.838,1.32328,238.5,423.8,248.1,405.0,228.7,442.9,831,0.087,9
942,42.903,-1.353,-49.085,-0.9257,0.275,-0.2596,-0.3894,-0.7686,0.5075,-0.0599,0.571,0.8188,25.499,0.0174,2.077,0.873,1.2697,236.8,423.3,246.1,404.4,227.3,442.5,832,0.006,9
943,41.12,-0.819,-49.544,-0.9336,0.2831,-0.2195,-0.3749,-0.7736,0.5108,-0.0252,0.5593,0.8286,25.499,0.0189,2.172,0.899,1.24508,235.0,422.8,244.0,403.7,225.9,442.1,833,0.021,9
944,39.323,-0.268,-49.925,-0.9403,0.2904,-0.1774,-0.3598,-0.7789,0.5137,0.011,0.547,0.837,25.499,0.021,2.243,0.932,1.29241,233.3,422.3,241.9,403.1,224.5,441.7,834,0.023,9
945,37.514,0.294,-50.225,-0.9457,0.2954,-0.1355,-0.3441,-0.7843,0.5162,0.0462,0.5349,0.8436,25.499,0.0238,2.166,0.962,1.27121,231.5,421.7,239.7,402.4,223.2,441.3,835,0.127,9
946,35.696,0.864,-50.445,-0.9496,0.2989,-0.0942,-0.3278,-0.79,0.5181,0.0804,0.523,0.8485,25.499,0.0263,2.094,0.995,1.24402,229.7,421.2,237.5,401.7,221.8,440.9,836,0.292,9
947,33.874,1.445,-50.585,-0.9498,0.3087,-0.051,-0.3111,-0.7959,0.5194,0.1197,0.5093,0.8522,25.498,0.0233,2.394,1.018,1.32374,227.9,420.6,235.4,401.0,220.4,440.5,837,0.51,9
948,32.053,2.04,-50.642,-0.951,0.3091,-0.0088,-0.2941,-0.8019,0.5201,0.1538,0.4974,0.8538,25.498,0.0272,2.071,1.034,1.26162,226.2,420.0,233.2,400.3,219.1,440.0,838,0.772,9
949,30.225,2.621,-50.621,-0.9552,0.2943,0.0297,-0.2769,-0.8079,0.5202,0.1772,0.4892,0.854,25.498,0.0422,1.421,1.044,1.23888,224.4,419.5,231.0,399.6,217.7,439.6,840,0.523,9
950,28.389,3.167,-50.53,-0.958,0.2788,0.0668,-0.2596,-0.8139,0.5197,0.1996,0.4814,0.8535,25.498,0.0565,1.359,1.05,1.20442,222.6,418.9,228.8,398.9,216.3,439.2,841,0.18,9
951,26.552,3.69,-50.366,-0.9585,0.2659,0.1028,-0.2427,-0.8198,0.5187,0.2228,0.4733,0.8523,25.498,0.068,1.41,1.027,1.14283,220.8,418.4,226.6,398.2,215.0,438.9,842,0.177,9
952,24.713,4.184,-50.137,-0.959,0.249,0.1357,-0.2261,-0.8254,0.5172,0.2416,0.4669,0.8507,25.498,0.0815,1.142,1.007,1.10523,219.0,417.9,224.4,397.6,213.6,438.5,843,0.536,9
953,22.873,4.642,-49.849,-0.9606,0.2245,0.164,-0.2103,-0.8308,0.5153,0.2532,0.4628,0.8495,25.498,0.1,0.708,0.963,1.11948,217.3,417.5,222.3,397.0,212.2,438.2,845,0.684,9
954,21.03,5.047,-49.509,-0.9608,0.2011,0.1908,-0.1954,-0.8358,0.5131,0.2645,0.4589,0.8482,25.498,0.1176,0.689,0.909,1.06314,215.5,417.1,220.1,396.5,210.7,437.9,846,0.369,9
955,19.192,5.424,-49.114,-0.9556,0.1949,0.2212,-0.1815,-0.8404,0.5106,0.2876,0.4512,0.8448,25.499,0.1226,1.409,0.851,0.93991,213.7,416.7,218.0,396.0,209.3,437.7,847,0.094,9
956,17.368,5.804,-48.658,-0.9451,0.2043,0.255,-0.1688,-0.8446,0.508,0.3214,0.4401,0.8385,25.5,0.1165,2.07,0.781,1.09424,211.9,416.3,216.0,395.6,207.8,437.4,848,0.131,9
957,15.568,6.209,-48.137,-0.9341,0.2131,0.2863,-0.1572,-0.8485,0.5054,0.3528,0.4297,0.8312,25.501,0.1107,1.941,0.717,1.02568,210.2,416.0,213.9,395.1,206.3,437.1,849,0.29,9
958,13.785,6.619,-47.562,-0.9248,0.2155,0.3136,-0.147,-0.8519,0.5027,0.3778,0.4213,0.8245,25.502,0.11,1.559,0.635,0.86465,208.4,415.6,212.0,394.6,204.8,436.8,850,0.371,9
959,12.022,7.037,-46.934,-0.9134,0.2205,0.3422,-0.1378,-0.855,0.5,0.4052,0.412,0.8161,25.503,0.1084,1.726,0.577,0.93195,206.7,415.1,210.0,394.1,203.3,436.5,851,0.358,9
960,10.284,7.467,-46.247,-0.8987,0.2285,0.3743,-0.1297,-0.8577,0.4975,0.4372,0.4008,0.8051,25.505,0.1068,2.042,0.51,1.08159,205.0,414.7,208.2,393.6,201.8,436.1,852,0.24,9
961,8.578,7.916,-45.496,-0.8807,0.2406,0.4081,-0.1226,-0.8602,0.4951,0.4727,0.388,0.7912,25.507,0.1031,2.304,0.453,1.2001,203.4,414.3,206.3,393.1,200.4,435.8,853,0.016,9
962,6.906,8.388,-44.683,-0.8622,0.2504,0.4404,-0.1164,-0.8623,0.4928,0.5058,0.3756,0.7766,25.509,0.1015,2.191,0.398,1.15016,201.7,413.8,204.6,392.6,198.9,435.4,854,0.355,9
963,5.273,8.872,-43.803,-0.841,0.2536,0.4779,-0.1109,-0.8642,0.4907,0.5406,0.3619,0.7594,25.511,0.1086,2.359,0.354,1.29076,200.1,413.3,202.9,392.0,197.4,434.9,855,0.846,9
964,3.683,9.356,-42.847,-0.8169,0.2498,0.5199,-0.1061,-0.8659,0.4889,0.5768,0.3469,0.7396,25.513,0.1246,2.516,0.309,1.45151,198.6,412.9,201.2,391.5,196.0,434.5,855,1.072,9
965,2.141,9.831,-41.81,-0.7905,0.2471,0.5604,-0.1019,-0.8673,0.4872,0.6123,0.3313,0.7178,25.515,0.1393,2.549,0.272,1.4469,197.1,412.4,199.6,391.0,194.5,434.1,856,0.431,9
966,0.652,10.303,-40.698,-0.762,0.2447,0.5995,-0.0982,-0.8685,0.4858,0.6473,0.3151,0.6941,25.517,0.1535,2.594,0.237,1.44771,195.6,411.9,198.1,390.5,193.2,433.7,857,0.379,9
967,-0.781,10.767,-39.512,-0.7323,0.2389,0.6376,-0.095,-0.8696,0.4846,0.6802,0.2987,0.6693,25.519,0.1708,2.541,0.206,1.45417,194.2,411.5,196.6,390.0,191.8,433.3,858,1.38,9
968,-2.157,11.217,-38.254,-0.7033,0.2302,0.6726,-0.0922,-0.8704,0.4836,0.7097,0.2833,0.6451,25.522,0.1897,2.358,0.176,1.38286,192.9,411.0,195.2,389.5,190.6,432.8,858,0.539,9
969,-3.478,11.652,-36.934,-0.6739,0.2235,0.7042,-0.0898,-0.8711,0.4829,0.7372,0.2679,0.6203,25.524,0.2059,2.298,0.149,1.30518,191.6,410.6,193.8,389.0,189.3,432.4,859,0.681,10
970,-4.742,12.074,-35.555,-0.6449,0.2166,0.733,-0.0877,-0.8716,0.4823,0.7622,0.253,0.5958,25.526,0.2213,2.18,0.128,1.23863,190.4,410.2,192.6,388.6,188.1,432.0,859,1.238,10
971,-5.952,12.483,-34.125,-0.6175,0.2098,0.7581,-0.0859,-0.872,0.4819,0.7842,0.2392,0.5725,25.528,0.2354,1.999,0.108,1.12879,189.2,409.7,191.3,388.1,187.0,431.7,860,0.233,10
972,-7.112,12.88,-32.65,-0.5926,0.2034,0.7794,-0.0843,-0.8723,0.4817,0.8029,0.2268,0.5513,25.53,0.248,1.769,0.094,0.99749,188.0,409.4,190.2,387.7,185.8,431.3,860,1.688,10
973,-8.226,13.263,-31.137,-0.5693,0.1965,0.7983,-0.083,-0.8724,0.4817,0.8193,0.2154,0.5313,25.532,0.2604,1.62,0.075,0.91995,186.9,409.0,189.0,387.3,184.8,430.9,861,0.063,10
974,-9.296,13.634,-29.59,-0.5475,0.1905,0.8148,-0.0818,-0.8725,0.4818,0.8339,0.2048,0.5125,25.534,0.2711,1.493,0.069,0.83627,185.9,408.6,188.0,386.9,183.7,430.6,861,1.862,10
975,-10.327,13.994,-28.014,-0.5272,0.1857,0.8292,-0.0808,-0.8725,0.482,0.8469,0.1949,0.4948,25.535,0.2802,1.38,0.058,0.75744,184.8,408.2,186.9,386.5,182.7,430.2,862,0.17,10
976,-11.319,14.347,-26.411,-0.5081,0.1818,0.8419,-0.0799,-0.8723,0.4823,0.8585,0.1857,0.478,25.537,0.2881,1.283,0.055,0.69515,183.8,407.9,185.9,386.1,181.7,429.9,862,1.75,10
977,-12.276,14.692,-24.786,-0.49,0.1788,0.8532,-0.0791,-0.8722,0.4828,0.869,0.1769,0.4621,25.539,0.2947,1.203,0.054,0.64381,182.9,407.5,185.0,385.8,180.8,429.5,863,0.572,10
978,-13.199,15.033,-23.14,-0.4726,0.176,0.8635,-0.0785,-0.8719,0.4833,0.8787,0.1685,0.4466,25.54,0.301,1.153,0.048,0.61001,182.0,407.2,184.0,385.4,179.9,429.2,863,1.346,10
979,-14.089,15.366,-21.474,-0.4557,0.1719,0.8734,-0.0779,-0.8716,0.4839,0.8877,0.1603,0.4316,25.541,0.3083,1.107,0.052,0.59775,181.1,406.8,183.1,385.1,179.0,428.9,864,1.27,10
980,-14.948,15.692,-19.79,-0.4403,0.1685,0.8819,-0.0775,-0.8713,0.4847,0.8955,0.1529,0.4179,25.542,0.3148,0.998,0.054,0.53529,180.2,406.5,182.3,384.7,178.1,428.5,864,0.648,10
981,-15.779,16.013,-18.092,-0.4263,0.1658,0.8893,-0.077,-0.8709,0.4855,0.9024,0.1461,0.4054,25.544,0.3202,0.906,0.059,0.47997,179.4,406.1,181.4,384.4,177.3,428.2,865,2.267,10
982,-16.583,16.329,-16.38,-0.4132,0.1636,0.8958,-0.0767,-0.8704,0.4863,0.9086,0.1399,0.3936,25.544,0.3249,0.842,0.057,0.44185,178.6,405.8,180.6,384.0,176.5,427.9,865,0.35,10
983,-17.364,16.641,-14.657,-0.401,0.162,0.9017,-0.0764,-0.8699,0.4873,0.9142,0.1339,0.3825,25.545,0.3291,0.791,0.066,0.40766,177.8,405.5,179.8,383.7,175.7,427.6,865,1.569,10
984,-18.122,16.95,-12.922,-0.3893,0.1608,0.907,-0.0762,-0.8693,0.4883,0.9194,0.1283,0.3718,25.546,0.3328,0.753,0.068,0.3854,177.0,405.2,179.1,383.4,174.9,427.3,866,1.647,10
985,-18.857,17.258,-11.178,-0.378,0.16,0.9119,-0.076,-0.8687,0.4894,0.9242,0.1228,0.3616,25.546,0.336,0.719,0.073,0.36875,176.3,404.8,178.3,383.1,174.2,426.9,866,0.272,10
986,-19.571,17.563,-9.425,-0.3651,0.1582,0.9174,-0.0759,-0.8681,0.4906,0.9295,0.1165,0.3499,25.547,0.3405,0.82,0.077,0.42245,175.5,404.5,177.6,382.7,173.5,426.6,866,2.189,10
987,-20.258,17.864,-7.66,-0.3519,0.1557,0.923,-0.0758,-0.8674,0.4918,0.9348,0.1099,0.3378,25.547,0.3456,0.846,0.08,0.43486,174.8,404.2,176.9,382.4,172.7,426.3,867,1.329,10
988,-20.921,18.161,-5.885,-0.34,0.1538,0.9278,-0.0757,-0.8667,0.493,0.9393,0.104,0.327,25.547,0.3498,0.751,0.08,0.38753,174.1,403.9,176.2,382.1,172.1,426.0,867,0.589,10
989,-21.563,18.454,-4.102,-0.3296,0.1525,0.9317,-0.0757,-0.866,0.4943,0.9431,0.0988,0.3174,25.547,0.3534,0.662,0.085,0.33417,173.5,403.6,175.6,381.8,171.4,425.7,867,2.506,10
990,-22.186,18.746,-2.312,-0.3205,0.1516,0.935,-0.0757,-0.8652,0.4957,0.9463,0.0944,0.3091,25.547,0.3566,0.569,0.092,0.29044,172.8,403.3,174.9,381.5,170.7,425.4,868,1.315,10
991,-22.793,19.036,-0.516,-0.3129,0.1512,0.9377,-0.0757,-0.8644,0.4971,0.949,0.0906,0.302,25.547,0.3591,0.487,0.092,0.24128,172.2,403.0,174.3,381.2,170.1,425.1,868,0.605,10
992,-23.387,19.326,1.284,-0.3066,0.1513,0.9397,-0.0757,-0.8636,0.4985,0.9511,0.0876,0.2962,25.546,0.361,0.393,0.092,0.19751,171.6,402.7,173.7,380.9,169.5,424.8,868,2.521,10
993,-23.97,19.617,3.088,-0.3015,0.1518,0.9413,-0.0757,-0.8627,0.5,0.9528,0.0853,0.2914,25.546,0.3625,0.32,0.1,0.16039,171.0,402.3,173.1,380.6,168.9,424.4,869,1.593,10
994,-24.544,19.909,4.894,-0.2976,0.1527,0.9424,-0.0758,-0.8618,0.5016,0.9541,0.0835,0.2877,25.546,0.3637,0.247,0.105,0.12403,170.4,402.0,172.5,380.3,168.3,424.1,869,0.326,10
995,-25.111,20.202,6.701,-0.2919,0.1529,0.9442,-0.0759,-0.8609,0.5031,0.9559,0.0808,0.2824,25.545,0.3656,0.356,0.1,0.17879,169.8,401.7,171.9,379.9,167.7,423.8,869,2.242,10
996,-25.66,20.494,8.515,-0.2816,0.1512,0.9475,-0.076,-0.8599,0.5048,0.9591,0.0755,0.273,25.544,0.3697,0.645,0.113,0.32704,169.2,401.4,171.3,379.6,167.1,423.5,870,2.092,10
997,-26.192,20.783,10.335,-0.2736,0.1501,0.9501,-0.0762,-0.8589,0.5064,0.9614,0.0714,0.2656,25.544,0.3731,0.502,0.109,0.25343,168.7,401.1,170.8,379.3,166.5,423.2,870,0.175,10
998,-26.711,21.07,12.159,-0.2674,0.1496,0.9519,-0.0763,-0.8579,0.5081,0.9632,0.0682,0.2599,25.543,0.3757,0.388,0.113,0.19343,168.1,400.8,170.2,379.0,165.9,422.9,870,1.743,10
999,-27.219,21.357,13.986,-0.2628,0.1495,0.9532,-0.0765,-0.8569,0.5098,0.9645,0.066,0.2556,25.542,0.3779,0.287,0.114,0.14283,167.6,400.5,169.7,378.7,165.4,422.5,871,2.716,10
1000,-27.72,21.644,15.815,-0.2595,0.1499,0.954,-0.0766,-0.8558,0.5116,0.9655,0.0645,0.2525,25.541,0.3797,0.205,0.121,0.10213,167.0,400.2,169.2,378.4,164.8,422.2,871,0.798,10
1001,-28.215,21.932,17.646,-0.2575,0.1507,0.9545,-0.0768,-0.8547,0.5134,0.966,0.0637,0.2506,25.54,0.381,0.122,0.121,0.06602,166.5,399.9,168.7,378.1,164.3,421.9,871,1.121,10
1002,-28.708,22.222,19.476,-0.2567,0.152,0.9545,-0.0771,-0.8535,0.5153,0.9662,0.0635,0.2497,25.538,0.3819,0.054,0.13,0.0456,166.0,399.5,168.2,377.8,163.8,421.6,871,3.038,10
1003,-29.2,22.516,21.306,-0.257,0.1537,0.9541,-0.0773,-0.8524,0.5172,0.9661,0.064,0.2499,25.537,0.3823,0.031,0.126,0.05293,165.4,399.2,167.7,377.5,163.2,421.2,872,1.45,10
1004,-29.695,22.812,23.135,-0.2586,0.1559,0.9533,-0.0776,-0.8511,0.5192,0.9657,0.0652,0.2513,25.536,0.3823,0.108,0.138,0.08472,164.9,398.9,167.1,377.2,162.7,420.9,872,0.47,10
1005,-30.193,23.114,24.963,-0.2614,0.1586,0.9521,-0.0779,-0.8499,0.5212,0.9649,0.0672,0.2538,25.535,0.3818,0.189,0.135,0.1216,164.4,398.6,166.6,376.9,162.1,420.6,872,2.387,10
1006,-30.698,23.421,26.787,-0.2657,0.162,0.9503,-0.0782,-0.8486,0.5232,0.9637,0.07,0.2576,25.534,0.3805,0.279,0.138,0.17236,163.8,398.2,166.1,376.6,161.6,420.2,873,2.032,10
1007,-31.214,23.736,28.608,-0.2718,0.1662,0.9479,-0.0785,-0.8473,0.5253,0.962,0.0738,0.2629,25.532,0.3784,0.386,0.143,0.23258,163.3,397.9,165.5,376.2,161.0,419.8,873,0.114,10
1008,-31.732,24.056,30.425,-0.2691,0.1673,0.9485,-0.0789,-0.8459,0.5275,0.9628,0.0726,0.2604,25.531,0.38,0.165,0.151,0.08896,162.7,397.5,165.0,375.9,160.4,419.5,873,1.803,10
1009,-32.246,24.378,32.244,-0.2671,0.1686,0.9488,-0.0793,-0.8445,0.5297,0.9634,0.0717,0.2584,25.53,0.3814,0.13,0.151,0.07182,162.2,397.2,164.5,375.6,159.8,419.1,874,2.449,10
1010,-32.758,24.702,34.064,-0.2664,0.1703,0.9487,-0.0797,-0.843,0.5319,0.9636,0.0716,0.2577,25.528,0.3823,0.042,0.154,0.055,161.6,396.8,163.9,375.2,159.3,418.7,874,0.532,10
1011,-33.269,25.031,35.883,-0.2671,0.1725,0.9481,-0.0801,-0.8415,0.5343,0.9634,0.0723,0.2583,25.527,0.3828,0.054,0.164,0.07126,161.1,396.5,163.4,374.9,158.7,418.3,874,1.389,10
1012,-33.783,25.365,37.7,-0.2693,0.1752,0.947,-0.0806,-0.8399,0.5367,0.9627,0.0738,0.2601,25.525,0.3828,0.14,0.168,0.10912,160.5,396.1,162.8,374.6,158.1,418.0,875,2.599,10
1013,-34.303,25.704,39.514,-0.2731,0.1785,0.9453,-0.0811,-0.8383,0.5392,0.9617,0.0763,0.2634,25.524,0.3822,0.244,0.172,0.15875,159.9,395.7,162.3,374.2,157.5,417.6,875,0.683,10
1014,-34.832,26.05,41.326,-0.2787,0.1825,0.9429,-0.0817,-0.8366,0.5418,0.96,0.08,0.2682,25.523,0.381,0.361,0.181,0.21766,159.3,395.3,161.7,373.9,156.9,417.2,875,1.238,10
1015,-35.373,26.404,43.131,-0.2864,0.1874,0.9396,-0.0823,-0.8348,0.5444,0.9577,0.0849,0.2749,25.521,0.3786,0.494,0.184,0.28991,158.8,394.9,161.2,373.5,156.3,416.7,876,2.39,10
1016,-35.932,26.769,44.928,-0.2966,0.1934,0.9352,-0.083,-0.8329,0.5472,0.9545,0.0914,0.2838,25.52,0.3753,0.658,0.198,0.37745,158.1,394.5,160.6,373.1,155.7,416.3,876,0.474,10
1017,-36.513,27.147,46.718,-0.3102,0.2007,0.9293,-0.0837,-0.8309,0.5501,0.9501,0.1,0.2955,25.518,0.3704,0.869,0.206,0.49328,157.5,394.1,160.0,372.8,155.0,415.8,876,1.447,10
1018,-37.122,27.54,48.492,-0.3238,0.2089,0.9228,-0.0845,-0.8288,0.5531,0.9454,0.1086,0.3072,25.517,0.3646,0.874,0.215,0.51292,156.8,393.7,159.4,372.4,154.3,415.4,877,1.737,10
1019,-37.753,27.948,50.256,-0.334,0.2165,0.9174,-0.0853,-0.8267,0.5562,0.9419,0.1152,0.3157,25.516,0.3598,0.648,0.219,0.41292,156.2,393.2,158.7,372.0,153.6,414.9,877,0.184,10
1020,-38.404,28.371,52.01,-0.346,0.2246,0.9109,-0.0862,-0.8244,0.5594,0.9374,0.123,0.3257,25.514,0.3542,0.771,0.232,0.47415,155.5,392.8,158.0,371.5,152.8,414.4,877,2.099,10
1021,-39.081,28.809,53.749,-0.36,0.233,0.9034,-0.0872,-0.822,0.5628,0.9321,0.1321,0.3374,25.513,0.3483,0.902,0.245,0.53694,154.7,392.3,157.3,371.1,152.1,413.9,878,0.63,10
1022,-39.786,29.264,55.474,-0.3759,0.2414,0.8946,-0.0883,-0.8195,0.5663,0.9257,0.1425,0.3505,25.512,0.342,1.026,0.254,0.59819,153.9,391.8,156.6,370.7,151.3,413.3,878,1.289,10
1023,-40.524,29.735,57.18,-0.3934,0.2496,0.8848,-0.0895,-0.8168,0.57,0.9182,0.154,0.3648,25.511,0.3357,1.136,0.271,0.64745,153.1,391.3,155.8,370.2,150.4,412.7,879,1.025,10
1024,-41.296,30.221,58.866,-0.4121,0.2572,0.8741,-0.0907,-0.8139,0.5738,0.9099,0.1664,0.38,25.509,0.3296,1.22,0.282,0.68264,152.3,390.8,155.0,369.7,149.5,412.1,879,0.893,10
1025,-42.104,30.726,60.531,-0.4301,0.2688,0.8618,-0.0922,-0.8109,0.5778,0.9015,0.1785,0.3942,25.508,0.3196,1.172,0.299,0.7378,151.4,390.2,154.2,369.2,148.6,411.5,880,1.046,10
1026,-42.947,31.251,62.171,-0.45,0.2793,0.8483,-0.0937,-0.8077,0.582,0.8917,0.1919,0.4099,25.507,0.3103,1.309,0.315,0.78407,150.5,389.6,153.3,368.7,147.6,410.9,880,0.872,10
1027,-43.83,31.795,63.784,-0.4718,0.288,0.8333,-0.0955,-0.8044,0.5864,0.8803,0.2068,0.4269,25.506,0.302,1.451,0.332,0.83225,149.6,389.0,152.5,368.2,146.6,410.2,881,0.731,10
1028,-44.758,32.354,65.367,-0.4955,0.2944,0.8172,-0.0974,-0.8008,0.591,0.8671,0.2233,0.4454,25.505,0.2955,1.609,0.352,0.87721,148.6,388.4,151.5,367.7,145.5,409.5,881,1.187,10
1029,-45.732,32.923,66.917,-0.5209,0.2981,0.7999,-0.0995,-0.7969,0.5958,0.8519,0.2412,0.4649,25.504,0.2909,1.749,0.374,0.92488,147.5,387.8,150.5,367.2,144.4,408.8,882,0.117,10
1030,-46.756,33.505,68.431,-0.5467,0.3091,0.7782,-0.1019,-0.7929,0.6008,0.8357,0.2594,0.4841,25.503,0.2782,1.777,0.392,1.05959,146.4,387.2,149.5,366.6,143.2,408.1,883,1.158,10
1031,-47.829,34.105,69.902,-0.5729,0.3156,0.7564,-0.1045,-0.7885,0.606,0.818,0.2784,0.5034,25.502,0.2694,1.854,0.418,1.03682,145.2,386.5,148.4,366.1,142.0,407.3,883,0.76,10
1032,-48.953,34.712,71.332,-0.5994,0.3167,0.7351,-0.1075,-0.784,0.6114,0.7986,0.2982,0.5227,25.502,0.2656,1.935,0.438,1.01645,144.0,385.9,147.3,365.5,140.7,406.5,884,0.05,10
1033,-50.128,35.316,72.722,-0.6262,0.3119,0.7146,-0.1108,-0.7791,0.617,0.7775,0.3188,0.5421,25.501,0.2673,2.023,0.466,1.01835,142.8,385.2,146.2,365.0,139.3,405.8,885,0.659,10
1034,-51.355,35.91,74.071,-0.6536,0.308,0.6913,-0.1144,-0.774,0.6227,0.7542,0.3403,0.5616,25.5,0.2669,2.133,0.484,1.08098,141.4,384.5,144.9,364.5,137.9,405.0,886,1.09,10
1035,-52.635,36.498,75.372,-0.6814,0.306,0.6649,-0.1185,-0.7687,0.6286,0.7292,0.3623,0.5805,25.5,0.2635,2.194,0.512,1.14713,140.1,383.9,143.7,364.0,136.4,404.2,886,0.828,10
1036,-53.969,37.084,76.619,-0.7098,0.3047,0.6351,-0.123,-0.763,0.6346,0.7017,0.3853,0.5993,25.499,0.2579,2.32,0.54,1.23066,138.6,383.3,142.4,363.5,134.8,403.4,887,0.558,10
1037,-55.358,37.667,77.805,-0.7399,0.3026,0.6008,-0.128,-0.7571,0.6406,0.6701,0.4102,0.6186,25.499,0.2505,2.557,0.561,1.36513,137.1,382.6,141.1,363.0,133.1,402.6,888,0.432,10
1038,-56.808,38.24,78.921,-0.7719,0.2962,0.5625,-0.1335,-0.7509,0.6468,0.6332,0.4374,0.6385,25.499,0.2445,2.864,0.593,1.50369,135.6,382.0,139.7,362.6,131.4,401.8,889,0.435,10
1039,-58.316,38.809,79.961,-0.7988,0.2986,0.5222,-0.1395,-0.7444,0.6529,0.5998,0.4611,0.6539,25.498,0.2301,2.507,0.616,1.44983,134.0,381.4,138.2,362.1,129.6,401.0,890,0.554,10
1040,-59.868,39.391,80.925,-0.8186,0.31,0.4835,-0.1461,-0.7377,0.6591,0.5738,0.4796,0.664,25.498,0.2096,1.918,0.645,1.34295,132.3,380.8,136.8,361.6,127.8,400.2,891,0.775,10
1041,-61.456,39.995,81.812,-0.8381,0.3191,0.4424,-0.1533,-0.7308,0.6652,0.5455,0.4987,0.6736,25.498,0.1896,2.032,0.67,1.38638,130.6,380.1,135.3,361.2,125.8,399.4,893,0.438,10
1042,-63.082,40.61,82.622,-0.8574,0.3208,0.4025,-0.1609,-0.7237,0.6711,0.5146,0.5187,0.6828,25.498,0.1759,2.174,0.685,1.32537,128.9,379.4,133.8,360.7,123.9,398.5,894,0.034,10
1043,-64.745,41.221,83.357,-0.8767,0.3152,0.3633,-0.1689,-0.7166,0.6767,0.4805,0.5395,0.6914,25.499,0.168,2.341,0.692,1.31634,127.1,378.8,132.3,360.2,121.9,397.7,895,0.545,10
1044,-66.441,41.831,84.01,-0.8916,0.3226,0.3177,-0.1773,-0.7097,0.6819,0.4502,0.5576,0.6974,25.499,0.1458,2.051,0.69,1.45062,125.3,378.1,130.7,359.8,119.8,396.8,897,0.215,10
1045,-68.166,42.445,84.581,-0.9073,0.314,0.2797,-0.1857,-0.7029,0.6866,0.4162,0.5767,0.703,25.499,0.1398,2.257,0.675,1.25516,123.5,377.5,129.1,359.3,117.7,396.0,898,0.401,10
1046,-69.922,43.021,85.09,-0.9251,0.2833,0.2528,-0.194,-0.6966,0.6908,0.3764,0.5974,0.7081,25.499,0.1568,2.587,0.644,1.33072,121.6,376.8,127.5,358.8,115.6,395.2,900,0.28,10
1047,-71.713,43.524,85.556,-0.9413,0.2445,0.2329,-0.2018,-0.6908,0.6943,0.3363,0.6169,0.7116,25.499,0.1828,2.563,0.592,1.39009,119.7,376.3,125.8,358.5,113.5,394.5,901,0.319,10
1048,-73.53,43.966,85.98,-0.9537,0.2171,0.2081,-0.2091,-0.6857,0.6972,0.2998,0.6337,0.7131,25.5,0.1956,2.304,0.537,1.16475,117.8,375.8,124.1,358.1,111.3,393.9,903,0.493,10
1049,-75.37,44.358,86.351,-0.965,0.1926,0.1777,-0.2159,-0.6812,0.6996,0.2612,0.6501,0.7136,25.5,0.2015,2.403,0.487,1.21457,115.8,375.4,122.4,357.8,109.2,393.4,904,0.019,10
1050,-77.231,44.706,86.657,-0.9753,0.1699,0.1409,-0.2221,-0.6772,0.7015,0.219,0.6664,0.7127,25.5,0.2004,2.593,0.437,1.32821,113.9,375.0,120.6,357.6,107.0,392.9,905,0.469,10
1051,-79.11,45.006,86.897,-0.9836,0.1429,0.1104,-0.2277,-0.6738,0.703,0.1786,0.6808,0.7104,25.5,0.2053,2.461,0.385,1.24226,111.9,374.7,118.8,357.3,104.8,392.5,907,0.658,10
1052,-81.002,45.257,87.078,-0.9898,0.1198,0.0773,-0.2328,-0.6708,0.7041,0.1391,0.6936,0.7068,25.5,0.2045,2.388,0.345,1.22021,109.9,374.4,116.9,357.1,102.7,392.1,908,0.335,10
1053,-82.905,45.468,87.19,-0.9941,0.1016,0.0387,-0.2374,-0.6683,0.705,0.0994,0.7052,0.702,25.5,0.1954,2.386,0.304,1.28163,107.9,374.2,115.1,357.0,100.5,391.8,909,0.066,10
1054,-84.814,45.649,87.222,-0.9961,0.0876,-0.0052,-0.2415,-0.6662,0.7055,0.0592,0.7156,0.696,25.5,0.1785,2.404,0.265,1.37832,105.9,374.0,113.2,356.9,98.4,391.6,910,0.143,10
1055,-86.725,45.802,87.176,-0.9965,0.0712,-0.0433,-0.2452,-0.6645,0.7059,0.0218,0.7242,0.6893,25.5,0.1665,2.232,0.234,1.23953,103.9,373.9,111.3,356.7,96.3,391.4,911,0.294,11
1056,-88.635,45.922,87.056,-0.9952,0.0537,-0.0813,-0.2485,-0.6631,0.7061,-0.0162,0.7317,0.6814,25.5,0.1543,2.265,0.206,1.25075,101.9,373.7,109.4,356.7,94.1,391.2,912,0.385,11
1057,-90.541,46.006,86.863,-0.9921,0.0346,-0.1203,-0.2514,-0.662,0.7061,-0.0558,0.7382,0.6722,25.5,0.1416,2.359,0.178,1.30101,99.9,373.7,107.5,356.6,92.0,391.1,913,0.419,11
1058,-92.439,46.053,86.594,-0.9869,0.0138,-0.1607,-0.254,-0.6611,0.706,-0.0973,0.7437,0.6614,25.5,0.1281,2.477,0.158,1.36673,97.9,373.6,105.6,356.6,90.0,391.0,914,0.395,11
1059,-94.325,46.061,86.248,-0.9799,-0.0054,-0.1996,-0.2563,-0.6604,0.7058,-0.1365,0.7476,0.65,25.5,0.1138,2.35,0.138,1.31305,95.9,373.6,103.7,356.6,87.9,391.0,915,0.312,11
1060,-96.196,46.032,85.829,-0.9711,-0.0248,-0.2375,-0.2583,-0.66,0.7055,-0.1751,0.7502,0.6376,25.5,0.0996,2.328,0.118,1.29907,94.0,373.7,101.9,356.7,85.9,391.0,916,0.17,11
1061,-98.048,45.966,85.338,-0.9606,-0.0444,-0.2745,-0.26,-0.6596,0.7052,-0.2132,0.7515,0.6244,25.5,0.0855,2.312,0.102,1.2899,92.1,373.7,100.0,356.8,83.9,391.1,917,0.036,11
1062,-99.879,45.861,84.777,-0.9484,-0.0646,-0.3104,-0.2615,-0.6595,0.7048,-0.2508,0.7515,0.6102,25.5,0.0718,2.303,0.089,1.28377,90.2,373.9,98.2,356.9,82.0,391.2,918,0.304,11
1063,-101.685,45.718,84.149,-0.935,-0.0841,-0.3444,-0.2628,-0.6595,0.7043,-0.2869,0.7503,0.5955,25.5,0.0586,2.235,0.08,1.23783,88.3,374.0,96.4,357.1,80.1,391.4,919,0.642,11
1064,-103.464,45.54,83.455,-0.9198,-0.1023,-0.3789,-0.2638,-0.6596,0.7038,-0.3222,0.748,0.5802,25.5,0.0435,2.209,0.064,1.25088,86.5,374.2,94.6,357.3,78.2,391.6,920,1.048,11
1065,-105.211,45.327,82.695,-0.9024,-0.1194,-0.4141,-0.2647,-0.6598,0.7033,-0.3573,0.7445,0.5639,25.5,0.0264,2.227,0.06,1.27975,84.7,374.5,92.9,357.5,76.4,391.8,920,0.87,11
1066,-106.923,45.082,81.866,-0.8827,-0.1358,-0.4499,-0.2654,-0.66,0.7028,-0.3924,0.7398,0.5466,25.5,0.0077,2.258,0.051,1.31571,83.0,374.8,91.2,357.8,74.6,392.1,921,0.394,11
1067,-108.597,44.805,80.972,-0.8624,-0.153,-0.4825,-0.266,-0.6604,0.7023,-0.4261,0.734,0.5288,25.5,0.0084,2.209,0.05,1.25744,81.3,375.1,89.5,358.1,72.9,392.4,922,0.155,11
1068,-110.23,44.496,80.016,-0.8411,-0.1684,-0.514,-0.2664,-0.6608,0.7017,-0.458,0.7274,0.511,25.5,0.0253,2.127,0.047,1.2259,79.6,375.4,87.9,358.5,71.2,392.8,923,0.779,11
1069,-111.822,44.16,79.001,-0.8187,-0.182,-0.5445,-0.2667,-0.6612,0.7012,-0.4881,0.72,0.4933,25.5,0.0431,2.045,0.041,1.2016,78.0,375.8,86.3,358.8,69.6,393.1,923,1.139,11
1070,-113.37,43.8,77.928,-0.7954,-0.1939,-0.5742,-0.2668,-0.6616,0.7007,-0.5168,0.7119,0.4755,25.5,0.0618,1.99,0.037,1.18277,76.5,376.2,84.8,359.2,68.1,393.6,924,0.435,11
1071,-114.872,43.415,76.8,-0.7713,-0.2068,-0.6019,-0.2669,-0.6621,0.7003,-0.5451,0.7029,0.4569,25.5,0.0787,2.008,0.037,1.16284,75.0,376.6,83.3,359.7,66.6,394.0,925,0.354,11
1072,-116.328,43.007,75.621,-0.7465,-0.2187,-0.6284,-0.2668,-0.6626,0.6998,-0.5721,0.6933,0.4383,25.5,0.0957,1.957,0.041,1.14139,73.6,377.1,81.8,360.1,65.1,394.5,926,1.234,11
1073,-117.736,42.577,74.392,-0.7219,-0.2291,-0.653,-0.2666,-0.6631,0.6994,-0.597,0.6833,0.4203,25.5,0.1123,1.851,0.038,1.08502,72.2,377.6,80.5,360.6,63.7,394.9,926,0.685,11
1074,-119.097,42.13,73.118,-0.6982,-0.2378,-0.6753,-0.2664,-0.6636,0.699,-0.6194,0.6735,0.4034,25.5,0.1282,1.703,0.038,1.0065,70.9,378.1,79.1,361.1,62.4,395.5,927,0.292,11
1075,-120.414,41.666,71.804,-0.6756,-0.2456,-0.6952,-0.266,-0.6641,0.6987,-0.6399,0.6638,0.3873,25.5,0.1429,1.594,0.041,0.92948,69.6,378.6,77.9,361.6,61.1,396.0,928,1.358,11
1076,-121.688,41.188,70.452,-0.6535,-0.2535,-0.7132,-0.2656,-0.6646,0.6984,-0.6592,0.6538,0.3715,25.5,0.1561,1.54,0.041,0.88362,68.4,379.1,76.6,362.1,59.9,396.5,928,0.56,11
1077,-122.921,40.695,69.069,-0.6327,-0.2601,-0.7294,-0.265,-0.6651,0.6982,-0.6764,0.6443,0.357,25.5,0.1686,1.399,0.046,0.81216,67.2,379.7,75.4,362.7,58.7,397.1,929,0.591,11
1078,-124.116,40.191,67.656,-0.613,-0.2656,-0.7441,-0.2644,-0.6655,0.698,-0.692,0.635,0.3434,25.5,0.1805,1.3,0.043,0.75258,66.0,380.2,74.3,363.2,57.6,397.6,929,1.327,11
1079,-125.273,39.677,66.216,-0.594,-0.2702,-0.7577,-0.2638,-0.666,0.6978,-0.7063,0.626,0.3305,25.5,0.1921,1.218,0.046,0.71153,64.9,380.8,73.2,363.8,56.5,398.2,930,0.103,11
1080,-126.394,39.155,64.75,-0.5755,-0.274,-0.7705,-0.2631,-0.6664,0.6976,-0.7197,0.6171,0.3181,25.5,0.2035,1.164,0.047,0.68166,63.9,381.4,72.1,364.3,55.5,398.8,931,1.185,11
1081,-127.48,38.626,63.261,-0.557,-0.2781,-0.7826,-0.2623,-0.6669,0.6975,-0.7329,0.6079,0.3056,25.5,0.2143,1.167,0.054,0.67184,62.9,382.0,71.1,364.9,54.5,399.4,931,0.732,11
1082,-128.531,38.088,61.75,-0.539,-0.282,-0.7937,-0.2615,-0.6673,0.6973,-0.7453,0.5987,0.2934,25.5,0.2243,1.127,0.052,0.64245,61.9,382.6,70.1,365.5,53.5,400.0,932,0.61,11
1083,-129.548,37.544,60.218,-0.522,-0.2855,-0.8038,-0.2607,-0.6677,0.6973,-0.7567,0.5898,0.2819,25.5,0.2338,1.059,0.051,0.59997,61.0,383.2,69.1,366.1,52.6,400.6,932,1.308,11
1084,-130.534,36.994,58.667,-0.5058,-0.2885,-0.813,-0.2597,-0.6681,0.6973,-0.7673,0.5812,0.2711,25.5,0.2428,0.997,0.062,0.56381,60.1,383.8,68.2,366.7,51.8,401.2,933,0.077,11
1085,-131.489,36.438,57.1,-0.4904,-0.2911,-0.8214,-0.2587,-0.6684,0.6974,-0.777,0.5729,0.2608,25.5,0.2514,0.94,0.06,0.52983,59.2,384.4,67.3,367.3,50.9,401.8,934,1.49,11
1086,-132.415,35.877,55.517,-0.4758,-0.2934,-0.8292,-0.2576,-0.6685,0.6976,-0.786,0.5649,0.2511,25.5,0.2597,0.886,0.064,0.49934,58.4,385.0,66.5,367.9,50.1,402.4,934,0.428,11
1087,-133.314,35.313,53.92,-0.462,-0.2954,-0.8363,-0.2565,-0.6686,0.698,-0.7943,0.5573,0.2419,25.5,0.2677,0.833,0.067,0.46751,57.6,385.6,65.6,368.6,49.3,403.0,935,1.003,11
1088,-134.182,34.746,52.308,-0.4438,-0.296,-0.8459,-0.2552,-0.6685,0.6986,-0.8043,0.5477,0.2303,25.5,0.2798,1.036,0.082,0.61509,56.8,386.2,64.8,369.2,48.6,403.6,935,0.914,11
1089,-135.018,34.177,50.678,-0.4279,-0.297,-0.8537,-0.2538,-0.6683,0.6993,-0.8131,0.539,0.22,25.5,0.2899,0.922,0.09,0.52993,56.1,386.8,64.1,369.8,47.9,404.2,936,0.512,11
1090,-135.825,33.606,49.034,-0.4146,-0.2985,-0.8597,-0.2524,-0.668,0.7001,-0.8204,0.5313,0.2112,25.5,0.2978,0.79,0.094,0.43822,55.4,387.5,63.3,370.5,47.2,404.8,936,1.406,11
1091,-136.61,33.032,47.381,-0.4037,-0.3005,-0.8641,-0.2509,-0.6677,0.7009,-0.8266,0.5245,0.2038,25.5,0.3037,0.677,0.099,0.35621,54.7,388.1,62.6,371.1,46.6,405.4,937,0.033,11
1092,-137.375,32.453,45.721,-0.3949,-0.3032,-0.8673,-0.2494,-0.6673,0.7017,-0.8319,0.5186,0.1975,25.5,0.3078,0.58,0.1,0.29113,54.0,388.7,61.9,371.8,46.0,406.0,938,1.314,11
1093,-138.126,31.869,44.055,-0.388,-0.3064,-0.8692,-0.2479,-0.6671,0.7025,-0.8363,0.5134,0.1924,25.5,0.31,0.488,0.098,0.2342,53.4,389.3,61.3,372.4,45.4,406.6,938,0.605,11
1094,-138.864,31.278,42.388,-0.3829,-0.3102,-0.8702,-0.2465,-0.6668,0.7033,-0.84,0.509,0.1882,25.5,0.3108,0.408,0.094,0.19235,52.8,390.0,60.6,373.1,44.8,407.2,939,0.631,11
1095,-139.595,30.679,40.719,-0.3795,-0.3146,-0.87,-0.2451,-0.6667,0.7038,-0.8429,0.5052,0.185,25.5,0.3095,0.33,0.085,0.16621,52.2,390.6,59.9,373.7,44.2,407.9,939,1.287,11
1096,-140.318,30.071,39.051,-0.3724,-0.3189,-0.8716,-0.2438,-0.6668,0.7043,-0.8476,0.4994,0.1794,25.5,0.3104,0.535,0.08,0.25266,51.6,391.3,59.3,374.4,43.7,408.5,940,0.176,11
1097,-141.022,29.456,37.376,-0.3616,-0.322,-0.875,-0.2425,-0.6669,0.7046,-0.8536,0.4919,0.1717,25.5,0.3141,0.705,0.077,0.35069,51.0,391.9,58.7,375.0,43.1,409.2,941,0.779,11
1098,-141.707,28.836,35.695,-0.3534,-0.3248,-0.8773,-0.2411,-0.6668,0.7052,-0.8582,0.4857,0.1659,25.5,0.3169,0.553,0.087,0.26781,50.4,392.6,58.1,375.7,42.6,409.8,941,1.141,11
1099,-142.379,28.211,34.011,-0.3474,-0.3275,-0.8787,-0.2394,-0.6664,0.7061,-0.8619,0.4807,0.1615,25.5,0.319,0.437,0.113,0.20094,49.9,393.2,57.5,376.4,42.1,410.4,942,0.377,11
1100,-143.041,27.58,32.325,-0.3432,-0.3303,-0.8793,-0.2372,-0.6654,0.7078,-0.8647,0.4767,0.1584,25.5,0.3212,0.331,0.169,0.15185,49.3,393.9,56.9,377.1,41.6,411.1,943,0.182,11
1101,-143.696,26.944,30.639,-0.3407,-0.3331,-0.8792,-0.2343,-0.6635,0.7105,-0.8667,0.4736,0.1565,25.5,0.3238,0.238,0.252,0.11219,48.8,394.6,56.3,377.8,41.2,411.7,944,0.498,11
1102,-144.349,26.302,28.953,-0.34,-0.3361,-0.8783,-0.2307,-0.6606,0.7144,-0.8681,0.4714,0.1557,25.5,0.327,0.156,0.347,0.09585,48.3,395.3,55.7,378.6,40.7,412.3,945,0.61,11
1103,-145.002,25.654,27.271,-0.3414,-0.3395,-0.8765,-0.2261,-0.6564,0.7197,-0.8686,0.4703,0.1561,25.5,0.3308,0.073,0.469,0.12235,47.8,396.0,55.1,379.4,40.3,412.9,946,0.533,11
1104,-145.66,24.999,25.592,-0.3452,-0.3435,-0.8734,-0.2203,-0.6507,0.7267,-0.8681,0.4705,0.1581,25.5,0.3351,0.119,0.615,0.189,47.2,396.6,54.4,380.2,39.9,413.4,947,0.282,11
1105,-146.328,24.336,23.922,-0.351,-0.3497,-0.8686,-0.2132,-0.643,0.7356,-0.8672,0.4713,0.1607,25.5,0.3393,0.164,0.787,0.29148,46.7,397.3,53.7,381.2,39.5,413.9,948,0.122,11
1106,-147.003,23.656,22.261,-0.353,-0.3592,-0.8639,-0.2047,-0.6334,0.7462,-0.8686,0.469,0.1599,25.5,0.3449,0.161,0.953,0.32226,46.2,398.0,53.0,382.1,39.2,414.3,950,0.595,11
1107,-147.681,22.96,20.608,-0.3538,-0.3663,-0.8606,-0.1951,-0.6222,0.7581,-0.87,0.4666,0.1591,25.5,0.3555,0.166,1.086,0.2352,45.6,398.8,52.2,383.1,38.9,414.7,951,0.175,11
1108,-148.359,22.254,18.959,-0.353,-0.3697,-0.8595,-0.1848,-0.6098,0.7707,-0.8715,0.4642,0.1583,25.5,0.3717,0.168,1.172,0.10941,45.1,399.5,51.4,384.2,38.6,415.1,953,0.059,11
1109,-149.033,21.545,17.31,-0.3505,-0.3683,-0.8611,-0.1743,-0.5965,0.7835,-0.8728,0.462,0.1576,25.5,0.3939,0.152,1.217,0.09806,44.5,400.2,50.6,385.3,38.3,415.5,955,0.214,11
1110,-149.702,20.844,15.655,-0.3464,-0.3623,-0.8653,-0.1638,-0.5829,0.7958,-0.8738,0.4601,0.1572,25.5,0.4207,0.125,1.211,0.25079,44.0,401.0,49.8,386.4,38.0,415.9,956,0.569,11
1111,-150.363,20.158,13.99,-0.3454,-0.353,-0.8695,-0.1538,-0.5696,0.8074,-0.8728,0.4614,0.1593,25.5,0.4478,0.153,1.162,0.30632,43.5,401.7,49.1,387.4,37.7,416.3,958,0.153,11
1112,-151.027,19.488,12.32,-0.3459,-0.3467,-0.8718,-0.1444,-0.5566,0.8181,-0.8713,0.4633,0.1615,25.5,0.4703,0.187,1.105,0.20094,42.9,402.4,48.4,388.5,37.4,416.6,959,0.189,11
1113,-151.688,18.825,10.647,-0.3436,-0.3449,-0.8735,-0.1356,-0.5442,0.8279,-0.8723,0.4619,0.1607,25.5,0.4889,0.109,1.037,0.10095,42.4,403.1,47.6,389.5,37.1,417.0,960,0.315,11
1114,-152.342,18.162,8.971,-0.3382,-0.3474,-0.8746,-0.1275,-0.5321,0.837,-0.8755,0.4569,0.1571,25.5,0.5041,0.398,0.984,0.1808,41.9,403.7,46.9,390.5,36.7,417.3,961,0.223,11
1115,-152.984,17.49,7.293,-0.3299,-0.3542,-0.875,-0.1198,-0.5204,0.8455,-0.8812,0.448,0.1508,25.5,0.516,0.705,0.939,0.3208,41.4,404.4,46.3,391.5,36.4,417.7,962,0.084,11
1116,-153.606,16.801,5.615,-0.3184,-0.3654,-0.8747,-0.1127,-0.509,0.8533,-0.8892,0.4349,0.142,25.5,0.5245,1.014,0.89,0.47971,40.9,405.1,45.6,392.5,36.1,418.1,963,0.599,11
1117,-154.204,16.088,3.938,-0.3069,-0.3755,-0.8746,-0.1061,-0.498,0.8607,-0.8968,0.4218,0.1336,25.5,0.5332,0.992,0.849,0.45729,40.5,405.9,45.0,393.5,35.8,418.6,964,1.319,11
1118,-154.784,15.363,2.26,-0.2983,-0.381,-0.8751,-0.0998,-0.4872,0.8675,-0.902,0.4125,0.1279,25.5,0.5438,0.692,0.815,0.30537,40.0,406.6,44.4,394.5,35.5,419.0,964,0.599,11
1119,-155.348,14.626,0.582,-0.2894,-0.388,-0.875,-0.094,-0.4767,0.874,-0.9074,0.4022,0.1218,25.5,0.5526,0.752,0.782,0.33832,39.6,407.4,43.9,395.5,35.2,419.5,965,0.323,11
1120,-155.894,13.874,-1.095,-0.2803,-0.3962,-0.8743,-0.0885,-0.4664,0.8801,-0.9131,0.3911,0.1155,25.5,0.5599,0.801,0.755,0.36661,39.2,408.1,43.3,396.6,35.0,420.0,966,1.444,11
1121,-156.423,13.105,-2.771,-0.2709,-0.4057,-0.8729,-0.0833,-0.4562,0.886,-0.9189,0.3793,0.1089,25.5,0.5657,0.843,0.738,0.40149,38.8,408.9,42.8,397.6,34.7,420.5,966,0.474,11
1122,-156.933,12.317,-4.443,-0.2614,-0.4164,-0.8708,-0.0784,-0.4462,0.8915,-0.9247,0.3667,0.1022,25.5,0.57,0.883,0.712,0.43209,38.5,409.7,42.4,398.7,34.4,421.1,967,0.844,11
1123,-157.425,11.508,-6.111,-0.2511,-0.4258,-0.8693,-0.0737,-0.4362,0.8968,-0.9305,0.3537,0.0955,25.5,0.5753,0.901,0.702,0.41904,38.1,410.5,41.9,399.7,34.2,421.6,967,1.074,11
1124,-157.896,10.684,-7.777,-0.241,-0.4338,-0.8682,-0.0693,-0.4262,0.902,-0.9358,0.3411,0.0893,25.5,0.5815,0.86,0.693,0.38635,37.8,411.4,41.5,400.8,34.0,422.2,968,0.435,11
1125,-158.35,9.844,-9.44,-0.2319,-0.4425,-0.8663,-0.065,-0.4163,0.9069,-0.9406,0.3292,0.0837,25.5,0.5864,0.802,0.679,0.3804,37.5,412.2,41.1,401.9,33.8,422.8,968,1.483,11
1126,-158.786,8.987,-11.099,-0.2236,-0.4521,-0.8635,-0.0609,-0.4063,0.9117,-0.945,0.3177,0.0784,25.5,0.5899,0.768,0.678,0.38826,37.2,413.1,40.7,403.0,33.6,423.4,969,0.189,11
1127,-159.208,8.11,-12.752,-0.216,-0.4628,-0.8597,-0.057,-0.3964,0.9163,-0.949,0.3065,0.0735,25.5,0.592,0.737,0.664,0.40822,36.9,413.9,40.3,404.1,33.4,424.0,969,1.729,11
1128,-159.616,7.211,-14.396,-0.209,-0.4749,-0.8549,-0.0533,-0.3864,0.9208,-0.9529,0.2954,0.0688,25.5,0.5926,0.726,0.663,0.44158,36.7,414.8,40.0,405.3,33.2,424.7,970,0.063,11
1129,-160.009,6.288,-16.03,-0.2015,-0.4864,-0.8502,-0.0497,-0.3764,0.9251,-0.9566,0.2841,0.0642,25.5,0.5934,0.73,0.657,0.43362,36.4,415.8,39.7,406.5,33.0,425.3,970,1.855,11
1130,-160.388,5.346,-17.657,-0.1931,-0.4962,-0.8465,-0.0463,-0.3663,0.9294,-0.9604,0.2723,0.0595,25.5,0.596,0.76,0.658,0.40116,36.2,416.7,39.4,407.6,32.9,426.0,971,0.02,11
1131,-160.75,4.384,-19.276,-0.1848,-0.5074,-0.8416,-0.043,-0.3561,0.9335,-0.964,0.2601,0.0549,25.5,0.597,0.775,0.658,0.4415,36.0,417.7,39.1,408.9,32.7,426.7,971,1.904,11
1132,-161.096,3.399,-20.884,-0.1763,-0.5205,-0.8354,-0.0398,-0.3458,0.9375,-0.9676,0.2473,0.0502,25.5,0.5962,0.808,0.659,0.50198,35.8,418.6,38.8,410.1,32.6,427.4,972,0.01,11
1133,-161.426,2.386,-22.479,-0.1675,-0.5359,-0.8275,-0.0368,-0.3354,0.9414,-0.9713,0.2337,0.0453,25.5,0.5931,0.855,0.659,0.5801,35.6,419.6,38.6,411.3,32.5,428.2,973,1.899,11
1134,-161.739,1.342,-24.057,-0.158,-0.5541,-0.8173,-0.0339,-0.3248,0.9452,-0.975,0.2188,0.0402,25.5,0.5872,0.927,0.666,0.68499,35.4,420.7,38.3,412.6,32.4,428.9,973,0.021,11
1135,-162.032,0.262,-25.614,-0.1475,-0.5713,-0.8074,-0.0311,-0.314,0.9489,-0.9785,0.2031,0.0351,25.5,0.5822,0.967,0.673,0.67088,35.2,421.7,38.1,414.0,32.3,429.7,974,1.838,11
1136,-162.304,-0.85,-27.152,-0.1365,-0.5887,-0.7968,-0.0285,-0.3029,0.9526,-0.9819,0.1869,0.0301,25.5,0.5768,0.991,0.687,0.6918,35.1,422.8,37.9,415.3,32.2,430.6,974,0.083,11
1137,-162.555,-1.997,-28.669,-0.1248,-0.6078,-0.7843,-0.026,-0.2916,0.9562,-0.9851,0.17,0.025,25.5,0.5695,1.028,0.694,0.76637,35.0,424.0,37.7,416.7,32.2,431.4,975,1.698,11
1138,-162.782,-3.182,-30.159,-0.1124,-0.6287,-0.7695,-0.0237,-0.28,0.9597,-0.9882,0.1521,0.02,25.5,0.5598,1.08,0.707,0.85007,34.9,425.1,37.6,418.2,32.1,432.3,975,0.222,11
1139,-162.985,-4.41,-31.618,-0.099,-0.6516,-0.7521,-0.0214,-0.2681,0.9632,-0.991,0.1333,0.015,25.5,0.5476,1.126,0.723,0.94812,34.8,426.3,37.5,419.6,32.1,433.2,976,1.45,11
1140,-163.161,-5.682,-33.043,-0.0845,-0.6751,-0.7329,-0.0193,-0.2558,0.9665,-0.9935,0.1133,0.0101,25.5,0.534,1.188,0.74,1.0049,34.8,427.6,37.4,421.2,32.1,434.1,976,0.469,11
1141,-163.308,-6.999,-34.428,-0.0683,-0.6989,-0.712,-0.0174,-0.2431,0.9698,-0.9957,0.092,0.0052,25.5,0.5194,1.259,0.76,1.06301,34.8,428.9,37.3,422.8,32.1,435.1,977,1.083,11
1142,-163.422,-8.362,-35.773,-0.051,-0.722,-0.69,-0.0157,-0.2301,0.9731,-0.9975,0.07,0.0005,25.5,0.5045,1.293,0.775,1.08436,34.8,430.2,37.3,424.4,32.2,436.1,977,0.836,11
1143,-163.504,-9.767,-37.074,-0.0336,-0.7445,-0.6668,-0.0141,-0.2167,0.9761,-0.9988,0.0484,-0.0037,25.5,0.4891,1.263,0.792,1.09675,34.8,431.6,37.3,426.1,32.2,437.2,978,0.61,11
1144,-163.551,-11.217,-38.329,-0.0156,-0.7671,-0.6413,-0.0128,-0.2029,0.9791,-0.9996,0.0266,-0.0075,25.5,0.4721,1.269,0.813,1.15149,34.9,433.0,37.3,427.8,32.3,438.3,978,1.309,11
1145,-163.562,-12.709,-39.534,0.0038,-0.7882,-0.6154,-0.0116,-0.1889,0.9819,-0.9999,0.0038,-0.0111,25.5,0.4554,1.323,0.821,1.15434,35.0,434.4,37.4,429.6,32.5,439.4,979,0.048,11
1146,-163.535,-14.239,-40.689,0.0246,-0.8075,-0.5893,-0.0108,-0.1745,0.9846,-0.9997,-0.0199,-0.0145,25.5,0.4396,1.372,0.841,1.15204,35.1,435.9,37.5,431.4,32.6,440.5,980,1.307,11
1147,-163.469,-15.806,-41.792,0.0445,-0.827,-0.5605,-0.0102,-0.1599,0.9871,-0.999,-0.0421,-0.0171,25.5,0.4215,1.281,0.849,1.19738,35.2,437.4,37.6,433.3,32.8,441.7,980,0.611,11
1148,-163.364,-17.41,-42.838,0.0656,-0.8446,-0.5314,-0.0099,-0.145,0.9894,-0.9977,-0.0652,-0.0195,25.5,0.4039,1.333,0.864,1.19589,35.4,439.0,37.8,435.2,33.0,442.9,981,0.58,11
1149,-163.216,-19.044,-43.83,0.0884,-0.8601,-0.5024,-0.0099,-0.1299,0.9915,-0.9957,-0.0896,-0.0217,25.5,0.3873,1.408,0.873,1.19562,35.7,440.6,38.1,437.1,33.2,444.1,981,1.338,11
1150,-163.025,-20.708,-44.764,0.111,-0.8747,-0.4717,-0.0102,-0.1145,0.9934,-0.9933,-0.1135,-0.0233,25.5,0.3696,1.379,0.889,1.21985,35.9,442.2,38.3,439.1,33.5,445.4,982,0.215,11
1151,-162.79,-22.398,-45.639,0.1335,-0.8879,-0.4403,-0.0109,-0.0989,0.995,-0.9903,-0.1368,-0.0245,25.5,0.3517,1.348,0.899,1.21981,36.2,443.8,38.7,441.1,33.7,446.6,983,0.852,11
1152,-162.512,-24.112,-46.453,0.1575,-0.8987,-0.4093,-0.012,-0.0832,0.9965,-0.9866,-0.1614,-0.0254,25.5,0.335,1.426,0.906,1.21515,36.6,445.5,39.0,443.1,34.1,447.9,983,1.066,11
1153,-162.185,-25.844,-47.209,0.1823,-0.9077,-0.378,-0.0135,-0.0673,0.9976,-0.9821,-0.1864,-0.0258,25.5,0.3185,1.456,0.917,1.22323,37.0,447.2,39.4,445.2,34.4,449.2,984,0.055,11
1154,-161.814,-27.592,-47.902,0.2058,-0.9157,-0.3452,-0.0154,-0.0512,0.9986,-0.9774,-0.21,-0.0258,25.5,0.301,1.379,0.931,1.22911,37.4,448.9,39.9,447.3,34.8,450.5,985,0.911,11
1155,-161.395,-29.354,-48.532,0.2311,-0.9216,-0.3117,-0.0177,-0.0351,0.9992,-0.9717,-0.235,-0.0254,25.5,0.2832,1.469,0.932,1.26682,37.8,450.6,40.4,449.3,35.2,451.9,985,1.007,11
1156,-160.926,-31.126,-49.097,0.2581,-0.9256,-0.2768,-0.0204,-0.0188,0.9996,-0.9649,-0.2616,-0.0246,25.5,0.2646,1.574,0.947,1.32396,38.3,452.3,41.0,451.4,35.6,453.2,986,0.082,11
1157,-160.407,-32.904,-49.593,0.2835,-0.9284,-0.2404,-0.0235,-0.0025,0.9997,-0.9578,-0.2865,-0.0233,25.5,0.2447,1.485,0.951,1.32896,38.9,454.0,41.6,453.5,36.1,454.5,987,0.808,11
1158,-159.839,-34.685,-50.02,0.309,-0.9287,-0.2051,-0.027,0.0137,0.9995,-0.95,-0.3114,-0.0214,25.5,0.2261,1.499,0.95,1.30127,39.5,455.7,42.3,455.6,36.6,455.9,987,1.11,11
1159,-159.221,-36.464,-50.38,0.3347,-0.9267,-0.1707,-0.031,0.0299,0.9991,-0.9415,-0.3365,-0.0191,25.5,0.2086,1.524,0.956,1.28454,40.1,457.5,43.0,457.7,37.2,457.2,988,0.249,11
1160,-158.556,-38.239,-50.672,0.3592,-0.9235,-0.1346,-0.0352,0.046,0.9983,-0.9327,-0.3603,-0.0163,25.5,0.1895,1.463,0.954,1.30724,40.8,459.2,43.7,459.8,37.8,458.6,989,0.59,11
1161,-157.844,-40.005,-50.897,0.3836,-0.9181,-0.0994,-0.0399,0.062,0.9973,-0.9231,-0.3843,-0.013,25.5,0.1714,1.493,0.957,1.29,41.5,460.9,44.6,461.9,38.4,459.9,989,1.328,11
1162,-157.084,-41.759,-51.054,0.4085,-0.9104,-0.0651,-0.0449,0.0778,0.996,-0.9126,-0.4088,-0.0092,25.5,0.154,1.543,0.952,1.28733,42.3,462.6,45.4,464.0,39.0,461.2,990,0.508,11
1163,-156.278,-43.496,-51.145,0.4317,-0.9015,-0.0298,-0.0502,0.0934,0.9944,-0.902,-0.4318,-0.005,25.5,0.1355,1.471,0.948,1.28997,43.0,464.3,46.3,466.0,39.7,462.5,991,0.3,11
1164,-155.428,-45.215,-51.17,0.4547,-0.8906,0.0044,-0.0559,0.1087,0.9925,-0.8906,-0.4547,-0.0003,25.5,0.1179,1.49,0.942,1.27392,43.9,466.0,47.3,468.0,40.4,463.8,992,1.097,11
1165,-154.534,-46.911,-51.129,0.4781,-0.8775,0.0376,-0.0619,0.1238,0.9904,-0.8782,-0.4783,0.0049,25.5,0.101,1.556,0.939,1.27535,44.7,467.6,48.3,470.0,41.1,465.1,992,0.821,11
1166,-153.596,-48.58,-51.025,0.4999,-0.8632,0.0709,-0.0682,0.1385,0.988,-0.8657,-0.5005,0.0104,25.5,0.0836,1.493,0.927,1.26377,45.6,469.2,49.3,472.0,41.9,466.4,993,0.034,11
1167,-152.617,-50.22,-50.858,0.5211,-0.8472,0.1035,-0.0747,0.1529,0.9854,-0.8525,-0.5224,0.0164,25.5,0.0665,1.505,0.917,1.25649,46.6,470.8,50.4,473.9,42.7,467.7,994,0.764,11
1168,-151.597,-51.828,-50.629,0.5431,-0.8287,0.1352,-0.0816,0.1669,0.9826,-0.8379,-0.5454,0.0231,25.5,0.0498,1.607,0.909,1.27868,47.6,472.4,51.5,475.8,43.5,468.9,994,1.155,11
1169,-150.534,-53.398,-50.34,0.5641,-0.8087,0.1667,-0.0887,0.1806,0.9795,-0.8227,-0.5676,0.0302,25.5,0.0328,1.594,0.902,1.27943,48.6,473.9,52.7,477.7,44.3,470.1,995,0.366,11
1170,-149.434,-54.928,-49.99,0.5836,-0.7876,0.1976,-0.0959,0.1939,0.9763,-0.8074,-0.5889,0.0376,25.5,0.0158,1.561,0.886,1.26083,49.6,475.4,53.9,479.5,45.2,471.3,996,0.423,11
1171,-148.295,-56.416,-49.582,0.6043,-0.7636,0.2277,-0.1034,0.2068,0.9729,-0.79,-0.6114,0.046,25.5,0.0011,1.699,0.877,1.30608,50.7,476.9,55.1,481.2,46.1,472.4,997,1.212,11
1172,-147.116,-57.855,-49.117,0.6251,-0.7366,0.2581,-0.1111,0.2193,0.9693,-0.7708,-0.6347,0.0553,25.5,0.0192,1.81,0.866,1.36472,51.8,478.3,56.4,482.9,47.1,473.6,997,0.705,11
1173,-145.899,-59.242,-48.593,0.6434,-0.7093,0.288,-0.1188,0.2313,0.9656,-0.7521,-0.6559,0.0645,25.5,0.0376,1.703,0.844,1.32778,52.9,479.7,57.7,484.6,48.0,474.6,998,0.086,11
1174,-144.648,-60.575,-48.014,0.6613,-0.6807,0.315,-0.1268,0.2428,0.9618,-0.7322,-0.677,0.0744,25.5,0.0538,1.756,0.832,1.29127,54.1,481.0,59.1,486.2,49.0,475.7,999,0.88,11
1175,-143.363,-61.852,-47.386,0.6792,-0.6506,0.3397,-0.1348,0.2538,0.9578,-0.7111,-0.698,0.0849,25.5,0.0687,1.809,0.812,1.28059,55.3,482.3,60.4,487.7,50.0,476.7,999,1.039,11
1176,-142.047,-63.07,-46.708,0.6934,-0.6202,0.3668,-0.1428,0.2644,0.9538,-0.6911,-0.7165,0.0951,25.5,0.0869,1.667,0.795,1.28889,56.5,483.5,61.9,489.2,51.1,477.6,1000,0.241,11
1177,-140.702,-64.229,-45.982,0.7093,-0.5877,0.3892,-0.151,0.2745,0.9497,-0.6684,-0.7362,0.1065,25.5,0.1012,1.842,0.782,1.27151,57.8,484.6,63.3,490.6,52.2,478.5,1001,0.566,11
1178,-139.326,-65.324,-45.218,0.7263,-0.5542,0.4066,-0.1591,0.2841,0.9455,-0.6435,-0.7561,0.1189,25.5,0.1114,1.96,0.759,1.23721,59.1,485.7,64.8,491.9,53.3,479.4,1001,1.353,11
1179,-137.92,-66.355,-44.42,0.7385,-0.5218,0.4271,-0.1673,0.2932,0.9413,-0.6213,-0.7727,0.1302,25.5,0.1255,1.715,0.742,1.20223,60.4,486.8,66.2,493.1,54.4,480.2,1002,0.541,11
1180,-136.492,-67.326,-43.585,0.7511,-0.4901,0.4423,-0.1755,0.3018,0.9371,-0.5982,-0.7887,0.1419,25.5,0.1347,1.744,0.722,1.11588,61.7,487.7,67.8,494.3,55.6,481.0,1003,0.27,11
1181,-135.037,-68.235,-42.728,0.7665,-0.4581,0.4502,-0.1838,0.31,0.9328,-0.5723,-0.8053,0.1549,25.5,0.1371,1.914,0.712,1.08706,63.1,488.7,69.3,495.4,56.7,481.7,1004,1.073,11
1182,-133.551,-69.082,-41.862,0.7829,-0.4252,0.4542,-0.192,0.3177,0.9285,-0.5442,-0.8218,0.1687,25.5,0.1363,2.028,0.69,1.10495,64.5,489.5,70.9,496.5,57.9,482.4,1004,0.845,11
1183,-132.04,-69.866,-40.98,0.7934,-0.3934,0.4645,-0.2002,0.3251,0.9242,-0.5199,-0.8348,0.181,25.5,0.1426,1.729,0.679,1.04691,65.9,490.3,72.5,497.4,59.2,483.0,1005,0.059,11
1184,-130.506,-70.591,-40.086,0.8069,-0.3624,0.4664,-0.2085,0.3321,0.9199,-0.4932,-0.848,0.1943,25.5,0.1404,1.869,0.669,1.01183,67.3,491.1,74.1,498.4,60.4,483.6,1006,0.703,11
1185,-128.942,-71.256,-39.196,0.8242,-0.3303,0.46,-0.2167,0.3387,0.9156,-0.4622,-0.8617,0.2093,25.5,0.1307,2.124,0.651,1.1063,68.8,491.7,75.7,499.2,61.7,484.1,1006,1.215,11
1186,-127.343,-71.856,-38.326,0.8425,-0.2947,0.451,-0.2249,0.3449,0.9113,-0.4272,-0.8755,0.2259,25.5,0.1199,2.356,0.638,1.2259,70.3,492.4,77.4,500.0,63.0,484.5,1007,0.489,11
1187,-125.714,-72.386,-37.464,0.8571,-0.2582,0.4459,-0.233,0.3507,0.907,-0.3931,-0.8871,0.242,25.5,0.1142,2.261,0.622,1.18451,71.9,492.9,79.1,500.7,64.4,484.9,1008,0.191,11
1188,-124.055,-72.847,-36.62,0.8731,-0.2233,0.4334,-0.2412,0.3562,0.9028,-0.3578,-0.8973,0.2585,25.5,0.1011,2.308,0.615,1.20648,73.4,493.4,80.9,501.3,65.8,485.3,1009,0.816,11
1189,-122.364,-73.243,-35.807,0.8905,-0.1903,0.4133,-0.2493,0.3613,0.8985,-0.3213,-0.9061,0.2752,25.5,0.0806,2.355,0.601,1.26627,75.0,493.8,82.7,501.9,67.2,485.6,1009,1.102,11
1190,-120.642,-73.574,-35.032,0.9051,-0.1538,0.3964,-0.2573,0.366,0.8943,-0.2832,-0.9134,0.2924,25.5,0.0653,2.432,0.584,1.27864,76.7,494.2,84.5,502.3,68.7,485.8,1010,0.536,11
1191,-118.893,-73.835,-34.289,0.9185,-0.1186,0.3772,-0.2653,0.3704,0.8902,-0.2456,-0.9188,0.3092,25.5,0.0482,2.38,0.573,1.26331,78.3,494.5,86.3,502.7,70.1,486.0,1011,0.029,11
1192,-117.119,-74.031,-33.588,0.9314,-0.0867,0.3535,-0.2732,0.3745,0.886,-0.2093,-0.9222,0.3253,25.5,0.0263,2.284,0.564,1.24853,80.0,494.7,88.2,503.1,71.7,486.1,1012,0.428,11
1193,-115.321,-74.169,-32.935,0.9428,-0.0553,0.3288,-0.2812,0.3783,0.882,-0.1731,-0.9239,0.3411,25.5,0.004,2.265,0.557,1.24143,81.8,494.8,90.1,503.3,73.2,486.1,1013,0.823,11
1194,-113.505,-74.242,-32.325,0.9515,-0.0225,0.3067,-0.289,0.3817,0.8779,-0.1368,-0.9241,0.3568,25.5,0.0143,2.266,0.541,1.21006,83.5,494.9,92.0,503.5,74.8,486.2,1013,1.095,11
1195,-111.672,-74.259,-31.762,0.9601,0.0045,0.2798,-0.2969,0.3849,0.8739,-0.1038,-0.9228,0.3711,25.5,0.0388,2.062,0.539,1.16747,85.3,495.0,93.9,503.6,76.4,486.1,1014,0.76,11
1196,-109.822,-74.228,-31.256,0.9687,0.0269,0.247,-0.3047,0.3878,0.8699,-0.0725,-0.9201,0.3848,25.5,0.0699,1.964,0.529,1.21431,87.1,495.0,95.9,503.7,78.0,486.0,1015,0.49,11
1197,-107.958,-74.154,-30.814,0.9752,0.0517,0.2151,-0.3124,0.3905,0.866,-0.0394,-0.9161,0.3989,25.5,0.0982,2.074,0.518,1.22287,88.9,494.9,97.9,503.7,79.6,485.9,1016,0.287,11
1198,-106.083,-74.03,-30.432,0.9802,0.0764,0.1829,-0.3201,0.393,0.862,-0.006,-0.9107,0.413,25.5,0.1261,2.1,0.517,1.22178,90.7,494.8,99.9,503.7,81.3,485.7,1017,0.158,11
1199,-104.199,-73.862,-30.115,0.9842,0.0989,0.147,-0.3278,0.3953,0.8581,0.027,-0.904,0.4268,25.5,0.1574,2.085,0.512,1.27168,92.5,494.6,101.9,503.6,83.0,485.5,1018,0.104,11
1200,-102.309,-73.653,-29.871,0.9871,0.119,0.1073,-0.3354,0.3974,0.8541,0.0601,-0.8958,0.4404,25.5,0.1921,2.104,0.507,1.33245,94.4,494.4,103.9,503.4,84.6,485.2,1019,0.127,11
1201,-100.415,-73.406,-29.703,0.9879,0.1394,0.068,-0.343,0.3994,0.8502,0.0938,-0.886,0.454,25.5,0.2254,2.157,0.503,1.3234,96.2,494.2,105.9,503.3,86.3,484.9,1020,0.224,11
1202,-98.522,-73.116,-29.608,0.9862,0.1623,0.0327,-0.3507,0.4011,0.8463,0.1284,-0.8745,0.4677,25.5,0.2531,2.232,0.504,1.25839,98.1,493.9,107.9,503.0,88.0,484.6,1021,0.396,11
1203,-96.634,-72.782,-29.575,0.9823,0.1875,0.0017,-0.3585,0.4027,0.8422,0.1635,-0.8612,0.4813,25.5,0.2752,2.288,0.513,1.19943,99.9,493.6,109.9,502.8,89.7,484.2,1022,0.642,11
1204,-94.755,-72.401,-29.608,0.9774,0.2075,-0.0402,-0.3667,0.404,0.8381,0.1999,-0.8456,0.4951,25.5,0.3083,2.403,0.531,1.39507,101.8,493.2,111.9,502.4,91.4,483.8,1024,0.553,11
1205,-92.886,-71.983,-29.72,0.9705,0.2297,-0.0726,-0.3751,0.4051,0.8338,0.2342,-0.8289,0.5081,25.5,0.3315,2.309,0.544,1.19164,103.6,492.8,114.0,502.0,93.0,483.4,1025,0.076,11
1206,-91.033,-71.515,-29.874,0.9621,0.2594,-0.0847,-0.3839,0.4059,0.8294,0.2647,-0.8121,0.52,25.5,0.3343,2.108,0.566,0.99053,105.5,492.3,116.0,501.6,94.7,482.9,1026,0.49,11
1207,-89.198,-70.983,-30.032,0.9519,0.2965,-0.0774,-0.3929,0.4064,0.8249,0.2911,-0.796,0.5308,25.5,0.3174,1.877,0.577,1.1702,107.3,491.8,118.0,501.1,96.3,482.3,1028,0.122,11
1208,-87.387,-70.377,-30.212,0.9367,0.3339,-0.1056,-0.4022,0.4065,0.8204,0.3354,-0.7684,0.5451,25.5,0.3276,3.101,0.592,1.4716,109.1,491.2,120.0,500.5,97.9,481.7,1029,0.585,11
1209,-85.602,-69.709,-30.419,0.9267,0.361,-0.1049,-0.4116,0.4063,0.8158,0.3559,-0.7524,0.5543,25.5,0.3203,1.58,0.6,0.86333,110.8,490.6,122.0,499.9,99.4,481.0,1031,0.095,11
1210,-83.83,-68.998,-30.597,0.9222,0.3792,-0.0759,-0.4209,0.4058,0.8113,0.3543,-0.7498,0.5589,25.5,0.2959,0.316,0.593,1.03175,112.6,489.8,123.9,499.1,101.0,480.3,1033,0.516,11
1211,-82.063,-68.26,-30.692,0.9193,0.3927,-0.0263,-0.43,0.4053,0.8068,0.3389,-0.7558,0.5603,25.5,0.2574,0.95,0.582,1.53868,114.3,489.1,125.9,498.4,102.5,479.6,1034,0.051,11
1212,-80.309,-67.484,-30.718,0.9099,0.4149,0.0009,-0.4387,0.4046,0.8024,0.3418,-0.7507,0.5654,25.5,0.2306,0.445,0.56,1.08601,116.0,488.4,127.8,497.6,104.0,478.8,1035,0.541,11
1213,-78.571,-66.675,-30.684,0.9034,0.4274,0.0348,-0.4471,0.404,0.7981,0.334,-0.7523,0.5679,25.5,0.2035,0.478,0.542,1.09692,117.7,487.6,129.7,496.9,105.5,478.1,1037,0.626,11
1214,-76.843,-65.851,-30.58,0.8996,0.4301,0.0755,-0.4552,0.4033,0.7938,0.3159,-0.7604,0.5674,25.5,0.1761,1.137,0.527,1.22412,119.4,486.8,131.6,496.0,107.1,477.2,1038,0.369,11
1215,-75.12,-65.029,-30.392,0.8955,0.4289,0.1186,-0.463,0.4026,0.7896,0.2942,-0.7706,0.5654,25.5,0.1483,1.379,0.509,1.29428,121.1,485.9,133.4,495.2,108.6,476.5,1039,0.194,11
1216,-73.41,-64.203,-30.127,0.888,0.4321,0.1575,-0.4707,0.402,0.7854,0.2781,-0.7773,0.5644,25.5,0.1206,1.001,0.504,1.18763,122.8,485.1,135.3,494.4,110.1,475.7,1040,0.104,11
1217,-71.715,-63.373,-29.788,0.8794,0.4339,0.1958,-0.4781,0.4013,0.7813,0.2615,-0.7841,0.5628,25.501,0.0933,1.032,0.486,1.17422,124.5,484.3,137.1,493.6,111.6,474.8,1041,0.104,11
1218,-70.038,-62.54,-29.377,0.8701,0.4344,0.2329,-0.4853,0.4007,0.7771,0.2448,-0.791,0.5607,25.501,0.0672,1.042,0.479,1.143,126.1,483.5,138.9,492.8,113.0,474.0,1042,0.196,11
1219,-68.378,-61.708,-28.896,0.8609,0.4319,0.2688,-0.4923,0.4001,0.773,0.2265,-0.7986,0.5576,25.501,0.0432,1.149,0.466,1.10988,127.7,482.7,140.6,492.0,114.5,473.2,1043,0.388,11
1220,-66.737,-60.882,-28.347,0.8502,0.4306,0.303,-0.4991,0.3996,0.7689,0.2101,-0.8051,0.5547,25.501,0.0193,1.024,0.456,1.07147,129.3,481.9,142.4,491.2,115.9,472.4,1044,0.686,11
1221,-65.119,-60.055,-27.735,0.8372,0.4324,0.3349,-0.5056,0.3991,0.7649,0.1971,-0.8097,0.5528,25.501,0.0054,0.798,0.438,1.03067,130.9,481.1,144.1,490.4,117.3,471.7,1045,1.099,11
1222,-63.527,-59.222,-27.064,0.8223,0.437,0.3644,-0.5119,0.3986,0.7609,0.1873,-0.8127,0.5518,25.501,0.0305,0.59,0.429,0.99703,132.4,480.3,145.8,489.6,118.7,470.8,1045,0.819,11
1223,-61.965,-58.379,-26.339,0.8076,0.4403,0.3923,-0.518,0.3982,0.7571,0.1773,-0.8158,0.5504,25.501,0.054,0.605,0.412,0.94745,133.9,479.5,147.5,488.8,120.1,470.0,1046,0.283,11
1224,-60.43,-57.534,-25.56,0.7934,0.4411,0.4194,-0.5237,0.3978,0.7533,0.1659,-0.8197,0.5483,25.501,0.0759,0.701,0.393,0.91455,135.4,478.7,149.1,488.0,121.5,469.2,1047,0.387,11
1225,-58.922,-56.686,-24.732,0.7782,0.4438,0.4444,-0.5292,0.3975,0.7496,0.1567,-0.8224,0.5468,25.501,0.0977,0.556,0.38,0.87794,136.9,477.9,150.7,487.2,122.8,468.4,1048,1.199,11
1226,-57.445,-55.831,-23.858,0.7626,0.4481,0.4666,-0.5345,0.3973,0.746,0.15,-0.8241,0.5463,25.501,0.1185,0.397,0.367,0.82081,138.3,477.1,152.2,486.4,124.1,467.6,1048,0.719,11
1227,-55.998,-54.967,-22.944,0.7473,0.4535,0.4856,-0.5395,0.397,0.7425,0.1454,-0.8247,0.5466,25.501,0.1374,0.266,0.35,0.7466,139.7,476.3,153.7,485.6,125.4,466.7,1049,0.248,11
1228,-54.581,-54.094,-21.99,0.7293,0.4551,0.511,-0.5442,0.3968,0.7392,0.1354,-0.828,0.5442,25.501,0.1614,0.619,0.329,0.93136,141.1,475.4,155.2,484.8,126.7,465.9,1050,1.378,11
1229,-53.198,-53.221,-20.989,0.7133,0.456,0.5322,-0.5487,0.3967,0.7359,0.1265,-0.8307,0.5422,25.501,0.1812,0.545,0.32,0.79405,142.4,474.6,156.6,484.0,127.9,465.1,1050,0.54,11
1230,-51.843,-52.344,-19.954,0.7015,0.4587,0.5455,-0.553,0.3966,0.7327,0.122,-0.8314,0.5421,25.501,0.1937,0.261,0.307,0.53732,143.7,473.8,158.1,483.1,129.1,464.2,1051,0.76,11
1231,-50.505,-51.461,-18.901,0.6934,0.4629,0.5521,-0.5571,0.3966,0.7296,0.1213,-0.8303,0.5439,25.501,0.2001,0.127,0.295,0.3364,145.0,472.9,159.4,482.3,130.3,463.3,1051,1.16,11
1232,-49.181,-50.568,-17.84,0.6888,0.4687,0.5531,-0.561,0.3966,0.7267,0.1238,-0.8277,0.5473,25.501,0.2014,0.284,0.278,0.2232,146.3,472.1,160.8,481.5,131.5,462.5,1052,0.287,11
1233,-47.862,-49.662,-16.783,0.6871,0.4758,0.5491,-0.5647,0.3966,0.7237,0.1291,-0.8237,0.5522,25.501,0.1981,0.473,0.273,0.2487,147.6,471.2,162.2,480.6,132.7,461.6,1052,1.635,11
1234,-46.545,-48.743,-15.737,0.6852,0.4828,0.5454,-0.5683,0.3967,0.7209,0.1343,-0.8196,0.557,25.501,0.1953,0.469,0.261,0.24346,148.9,470.3,163.5,479.8,133.9,460.7,1053,0.082,11
1235,-45.241,-47.814,-14.681,0.6757,0.4858,0.5545,-0.5717,0.3969,0.718,0.1315,-0.8195,0.5577,25.5,0.2046,0.165,0.256,0.40303,150.1,469.4,164.9,478.9,135.1,459.8,1054,1.544,11
1236,-43.95,-46.879,-13.613,0.6697,0.489,0.559,-0.5751,0.3971,0.7153,0.1307,-0.8185,0.5595,25.5,0.2089,0.126,0.249,0.24349,151.4,468.5,166.2,478.0,136.2,458.8,1054,0.379,11
1237,-42.67,-45.938,-12.539,0.6662,0.4926,0.56,-0.5782,0.3974,0.7126,0.1314,-0.8166,0.562,25.5,0.2096,0.184,0.236,0.15295,152.6,467.6,167.5,477.1,137.4,457.9,1055,1.29,11
1238,-41.394,-44.989,-11.466,0.6647,0.4967,0.558,-0.5813,0.3977,0.7099,0.1336,-0.8139,0.5654,25.5,0.2073,0.279,0.236,0.14342,153.9,466.7,168.9,476.2,138.6,457.0,1055,0.632,11
1239,-40.119,-44.032,-10.401,0.6653,0.5016,0.5531,-0.5842,0.3981,0.7073,0.1374,-0.8104,0.5696,25.499,0.2022,0.381,0.224,0.20777,155.1,465.8,170.2,475.3,139.8,456.0,1056,1.036,11
1240,-38.841,-43.065,-9.347,0.6678,0.5074,0.5447,-0.587,0.3985,0.7047,0.1432,-0.8056,0.5749,25.499,0.1941,0.528,0.22,0.31386,156.4,464.8,171.5,474.4,140.9,455.1,1056,0.884,11
1241,-37.556,-42.085,-8.314,0.6725,0.5145,0.5319,-0.5896,0.3991,0.7022,0.1515,-0.7993,0.5815,25.498,0.1823,0.707,0.21,0.45922,157.6,463.9,172.8,473.5,142.1,454.1,1057,0.751,11
1242,-36.259,-41.09,-7.311,0.6803,0.5236,0.5129,-0.5922,0.3997,0.6997,0.1636,-0.7906,0.5901,25.498,0.1653,0.986,0.209,0.67136,158.9,462.9,174.1,472.6,143.3,453.1,1057,1.167,11
1243,-34.946,-40.075,-6.351,0.6878,0.5344,0.4913,-0.5946,0.4004,0.6972,0.1778,-0.7802,0.5997,25.497,0.1475,1.149,0.203,0.75557,160.2,461.9,175.5,471.6,144.6,452.1,1058,0.403,11
1244,-33.624,-39.041,-5.422,0.6904,0.5443,0.4765,-0.5969,0.4012,0.6948,0.1888,-0.7714,0.6077,25.496,0.1373,0.928,0.196,0.53771,161.5,460.9,176.8,470.6,145.8,451.0,1058,1.515,11
1245,-32.297,-37.988,-4.526,0.6946,0.5544,0.4584,-0.599,0.4021,0.6924,0.2011,-0.7615,0.6162,25.495,0.1243,1.027,0.19,0.63192,162.8,459.9,178.2,469.7,147.1,449.9,1059,0.045,11
1246,-30.96,-36.915,-3.666,0.7003,0.5642,0.4373,-0.6011,0.4032,0.6901,0.2143,-0.7505,0.6251,25.494,0.1083,1.109,0.189,0.71576,164.1,458.8,179.5,468.6,148.4,448.8,1060,1.335,11
1247,-29.61,-35.824,-2.85,0.7075,0.573,0.4138,-0.6029,0.4043,0.6877,0.2277,-0.739,0.6341,25.493,0.0897,1.136,0.183,0.78008,165.4,457.8,180.9,467.6,149.6,447.7,1060,0.583,11
1248,-28.246,-34.719,-2.08,0.7157,0.5801,0.389,-0.6047,0.4057,0.6854,0.2404,-0.7275,0.6426,25.492,0.0692,1.096,0.186,0.80876,166.8,456.7,182.3,466.6,151.0,446.6,1061,0.688,11
1249,-26.866,-33.599,-1.359,0.7225,0.5883,0.3633,-0.6062,0.4071,0.6832,0.2543,-0.7147,0.6516,25.491,0.0497,1.199,0.172,0.83121,168.2,455.6,183.7,465.5,152.3,445.4,1061,1.229,11
1250,-25.475,-32.462,-0.687,0.7279,0.597,0.3372,-0.6076,0.4088,0.6809,0.2688,-0.7009,0.6607,25.489,0.0314,1.26,0.182,0.83768,169.5,454.5,185.1,464.5,153.7,444.2,1062,0.064,11
1251,-24.074,-31.31,-0.065,0.7337,0.6041,0.311,-0.6089,0.4107,0.6787,0.2823,-0.6874,0.6692,25.488,0.0124,1.197,0.182,0.82936,170.9,453.3,186.5,463.4,155.0,443.0,1063,0.995,11
1252,-22.661,-30.147,0.505,0.7401,0.6095,0.2842,-0.6099,0.4128,0.6765,0.2949,-0.674,0.6773,25.486,0.0075,1.152,0.183,0.83895,172.3,452.2,187.9,462.3,156.4,441.8,1063,0.923,11
1253,-21.235,-28.974,1.024,0.7472,0.6131,0.2564,-0.6108,0.4152,0.6742,0.3071,-0.6607,0.685,25.484,0.029,1.124,0.197,0.86407,173.8,451.0,189.4,461.2,157.8,440.6,1064,0.031,11
1254,-19.794,-27.796,1.487,0.7544,0.6162,0.2262,-0.6115,0.4178,0.6719,0.32,-0.6461,0.6929,25.482,0.0519,1.205,0.203,0.93231,175.2,449.8,190.8,460.1,159.3,439.3,1065,0.864,11
1255,-18.342,-26.61,1.89,0.7601,0.6202,0.194,-0.612,0.4207,0.6697,0.3346,-0.6295,0.7013,25.481,0.0743,1.355,0.211,0.98429,176.6,448.6,192.3,459.0,160.7,438.1,1065,1.054,11
1256,-16.879,-25.418,2.231,0.7654,0.6232,0.1605,-0.6123,0.424,0.6673,0.3495,-0.6119,0.7095,25.479,0.0973,1.402,0.234,1.01738,178.1,447.4,193.7,457.9,162.2,436.8,1066,0.332,11
1257,-15.407,-24.22,2.505,0.7703,0.6254,0.1249,-0.6124,0.4277,0.6649,0.3651,-0.593,0.7177,25.477,0.1212,1.481,0.253,1.07573,179.6,446.3,195.2,456.8,163.7,435.5,1067,0.274,12
1258,-13.925,-23.02,2.708,0.7747,0.6264,0.086,-0.6122,0.4318,0.6624,0.3819,-0.5721,0.7259,25.474,0.1468,1.607,0.275,1.17028,181.1,445.1,196.7,455.8,165.2,434.2,1068,0.765,12
1259,-12.434,-21.821,2.83,0.7802,0.6242,0.0419,-0.6117,0.4364,0.6598,0.3999,-0.5491,0.7339,25.472,0.1772,1.735,0.304,1.32952,182.5,443.9,198.1,454.7,166.7,432.8,1069,1.149,12
1260,-10.936,-20.624,2.868,0.7812,0.6243,-0.0034,-0.611,0.4415,0.6571,0.4206,-0.5222,0.7419,25.47,0.2039,1.998,0.333,1.35402,184.0,442.7,199.6,453.6,168.2,431.5,1069,0.769,12
1261,-9.441,-19.425,2.817,0.7772,0.6273,-0.0498,-0.6099,0.4471,0.6543,0.4442,-0.4909,0.7495,25.468,0.2261,2.288,0.364,1.3946,185.5,441.5,201.0,452.6,169.8,430.1,1070,0.482,12
1262,-7.957,-18.218,2.675,0.7712,0.6286,-0.1002,-0.6086,0.4533,0.6513,0.4697,-0.4557,0.7561,25.466,0.2497,2.519,0.402,1.51721,187.0,440.2,202.5,451.5,171.3,428.7,1071,0.286,12
1263,-6.485,-17.015,2.43,0.7631,0.6275,-0.1549,-0.6069,0.46,0.6481,0.4971,-0.4166,0.7611,25.465,0.2749,2.751,0.436,1.65289,188.5,439.0,203.9,450.5,172.8,427.4,1072,0.171,12
1264,-5.036,-15.808,2.081,0.7467,0.6318,-0.2082,-0.6049,0.4672,0.6448,0.5274,-0.3715,0.7641,25.464,0.2907,3.118,0.468,1.67145,190.0,437.8,205.3,449.5,174.3,426.0,1073,0.132,12
1265,-3.625,-14.59,1.631,0.7252,0.6355,-0.2651,-0.6026,0.475,0.6412,0.5602,-0.3205,0.7639,25.464,0.3051,3.475,0.51,1.82107,191.4,436.6,206.6,448.5,175.8,424.5,1074,0.159,12
1266,-2.258,-13.372,1.062,0.6998,0.6363,-0.3246,-0.6,0.4833,0.6375,0.5936,-0.2652,0.7598,25.464,0.3193,3.71,0.542,1.93401,192.7,435.4,207.9,447.5,177.3,423.1,1075,0.248,12
1267,-0.94,-12.145,0.404,0.6757,0.6447,-0.3575,-0.5971,0.492,0.6335,0.6152,-0.2259,0.7553,25.466,0.3127,2.583,0.573,1.24433,194.1,434.1,209.1,446.5,178.7,421.6,1076,0.389,12
1268,0.33,-10.902,-0.314,0.6466,0.6499,-0.3995,-0.594,0.501,0.6294,0.6408,-0.1785,0.7467,25.468,0.3099,3.126,0.594,1.53544,195.3,432.9,210.3,445.4,180.1,420.1,1077,0.57,12
1269,1.55,-9.654,-1.11,0.6282,0.6516,-0.4252,-0.5905,0.5103,0.6252,0.6554,-0.1487,0.7405,25.471,0.3043,1.934,0.618,0.94545,196.5,431.6,211.4,444.4,181.4,418.6,1078,0.788,12
1270,2.748,-8.401,-1.93,0.6227,0.6557,-0.4271,-0.5869,0.5197,0.6209,0.6572,-0.142,0.7402,25.475,0.2899,0.398,0.627,0.21261,197.7,430.4,212.5,443.4,182.7,417.1,1080,0.611,12
1271,3.946,-7.136,-2.734,0.6278,0.6633,-0.4073,-0.5831,0.5291,0.6165,0.6478,-0.1552,0.7459,25.479,0.2662,0.984,0.633,0.65153,198.9,429.1,213.6,442.4,184.0,415.6,1081,0.317,12
1272,5.166,-5.852,-3.468,0.6472,0.6769,-0.3507,-0.5791,0.5384,0.6121,0.619,-0.1982,0.76,25.483,0.225,3.074,0.632,1.83403,200.2,427.8,214.7,441.4,185.3,414.1,1082,0.006,12
1273,6.408,-4.542,-4.112,0.6504,0.6906,-0.3164,-0.5751,0.5475,0.6079,0.6038,-0.2173,0.7669,25.486,0.1883,1.453,0.618,1.10796,201.4,426.5,215.8,440.3,186.7,412.5,1083,0.322,12
1274,7.669,-3.207,-4.664,0.6667,0.7001,-0.2558,-0.571,0.5564,0.6037,0.571,-0.2592,0.7789,25.49,0.1456,3.126,0.611,1.89695,202.6,425.2,217.0,439.2,188.1,411.0,1084,0.652,12
1275,8.969,-1.863,-5.088,0.6867,0.7023,-0.1878,-0.5669,0.5649,0.5997,0.5302,-0.307,0.7904,25.492,0.1052,3.661,0.587,2.11961,203.9,423.9,218.2,438.1,189.5,409.4,1086,0.604,12
1276,10.298,-0.514,-5.387,0.6999,0.7034,-0.1239,-0.5628,0.5729,0.5958,0.4911,-0.348,0.7986,25.494,0.0647,3.28,0.561,1.95046,205.3,422.5,219.4,436.9,190.9,407.8,1087,0.277,12
1277,11.653,0.832,-5.567,0.7122,0.6989,-0.0653,-0.5589,0.5806,0.5921,0.452,-0.3854,0.8045,25.496,0.0309,3.119,0.538,1.79451,206.6,421.2,220.6,435.8,192.4,406.3,1088,0.048,12
1278,13.028,2.166,-5.641,0.7206,0.6933,-0.0124,-0.5551,0.5877,0.5886,0.4153,-0.4172,0.8084,25.498,0.0001,2.791,0.503,1.60945,208.0,419.8,221.9,434.7,193.9,404.8,1089,0.365,12
1279,14.416,3.488,-5.614,0.7276,0.6848,0.0403,-0.5515,0.5945,0.5851,0.3769,-0.4482,0.8106,25.499,0.0294,2.831,0.484,1.60892,209.4,418.5,223.2,433.5,195.4,403.3,1090,0.677,12
1280,15.818,4.79,-5.488,0.7347,0.6722,0.0912,-0.5481,0.6009,0.5819,0.3368,-0.4782,0.8111,25.5,0.0543,2.87,0.454,1.58132,210.8,417.2,224.5,432.4,196.9,401.8,1092,0.634,12
1281,17.232,6.066,-5.267,0.739,0.6594,0.138,-0.5448,0.6068,0.5788,0.2988,-0.5044,0.8101,25.501,0.0774,2.645,0.426,1.45566,212.2,416.0,225.8,431.3,198.4,400.3,1093,0.337,12
1282,18.652,7.319,-4.962,0.7413,0.6467,0.1794,-0.5418,0.6124,0.5758,0.2637,-0.5266,0.8082,25.501,0.0977,2.382,0.403,1.2958,213.6,414.7,227.1,430.2,199.9,398.9,1094,0.042,12
1283,20.075,8.546,-4.582,0.7434,0.633,0.2161,-0.5389,0.6176,0.5729,0.2307,-0.5459,0.8055,25.502,0.1141,2.196,0.379,1.17234,215.0,413.5,228.5,429.1,201.4,397.6,1095,0.255,12
1284,21.503,9.746,-4.136,0.7454,0.6188,0.2481,-0.5361,0.6226,0.5701,0.1999,-0.5625,0.8023,25.502,0.1271,2.013,0.365,1.04775,216.5,412.3,229.8,428.1,202.9,396.2,1096,0.558,12
1285,22.935,10.915,-3.628,0.7479,0.6011,0.2816,-0.5333,0.6274,0.5674,0.166,-0.5801,0.7975,25.502,0.1381,2.206,0.354,1.13452,217.9,411.1,231.2,427.0,204.4,394.9,1098,0.717,12
1286,24.37,12.055,-3.06,0.7475,0.588,0.3089,-0.5306,0.6321,0.5647,0.1384,-0.5927,0.7934,25.502,0.1495,1.754,0.347,0.90481,219.3,410.0,232.5,426.0,205.9,393.6,1099,0.369,12
1287,25.801,13.174,-2.447,0.7449,0.5801,0.3296,-0.528,0.6366,0.5622,0.1178,-0.6006,0.7908,25.502,0.1613,1.273,0.33,0.66659,220.8,408.8,233.9,425.0,207.4,392.4,1100,0.04,12
1288,27.225,14.282,-1.8,0.7408,0.5768,0.3442,-0.5253,0.641,0.5597,0.1037,-0.6046,0.7898,25.502,0.1732,0.842,0.329,0.46378,222.2,407.7,235.3,424.0,208.9,391.2,1101,0.407,12
1289,28.641,15.388,-1.13,0.7358,0.5765,0.3553,-0.5225,0.6453,0.5573,0.0936,-0.6062,0.7898,25.502,0.1856,0.586,0.325,0.36396,223.6,406.6,236.6,423.1,210.4,389.9,1103,0.651,13
1290,30.045,16.484,-0.421,0.7294,0.5673,0.3823,-0.5196,0.6496,0.5549,0.0679,-0.6161,0.7848,25.501,0.2017,1.604,0.327,0.87361,225.0,405.5,237.9,422.1,211.9,388.7,1104,0.202,13
1291,31.44,17.566,0.329,0.7254,0.562,0.3976,-0.5167,0.6539,0.5527,0.0518,-0.6205,0.7825,25.501,0.2124,0.965,0.323,0.49814,226.4,404.4,239.3,421.1,213.4,387.5,1105,0.27,13
1292,32.829,18.641,1.1,0.7231,0.5594,0.4052,-0.5135,0.6582,0.5505,0.0423,-0.6214,0.7824,25.501,0.2199,0.547,0.332,0.24957,227.8,403.3,240.6,420.2,214.9,386.3,1107,0.721,13
1293,34.215,19.714,1.879,0.7224,0.559,0.4069,-0.5102,0.6625,0.5484,0.038,-0.6197,0.7839,25.501,0.2249,0.278,0.333,0.0562,229.3,402.3,241.9,419.2,216.4,385.1,1108,0.263,13
1294,35.601,20.787,2.657,0.7231,0.5608,0.4032,-0.5068,0.6668,0.5464,0.0386,-0.6157,0.7871,25.501,0.2278,0.295,0.334,0.12468,230.7,401.2,243.2,418.2,217.9,383.9,1109,0.225,13
1295,36.99,21.866,3.422,0.7252,0.5649,0.3937,-0.5031,0.6711,0.5445,0.0446,-0.6091,0.7919,25.5,0.2286,0.58,0.343,0.3154,232.1,400.1,244.5,417.3,219.4,382.6,1110,0.669,13
1296,38.384,22.955,4.162,0.7289,0.5717,0.3767,-0.4992,0.6755,0.5427,0.0573,-0.5992,0.7985,25.5,0.2268,0.997,0.352,0.5582,233.5,399.0,245.8,416.3,220.9,381.4,1112,0.375,13
1297,39.786,24.06,4.864,0.7315,0.5797,0.3589,-0.495,0.68,0.541,0.0714,-0.5886,0.8052,25.5,0.2263,1.081,0.366,0.58813,234.9,397.9,247.1,415.3,222.4,380.2,1113,0.047,13
1298,41.188,25.177,5.546,0.7308,0.5848,0.3521,-0.4905,0.6845,0.5393,0.0765,-0.5827,0.8091,25.5,0.2317,0.5,0.377,0.25485,236.3,396.7,248.5,414.3,224.0,378.9,1114,0.448,13
1299,42.59,26.303,6.212,0.732,0.5892,0.3421,-0.4858,0.6891,0.5377,0.0834,-0.5758,0.8133,25.5,0.2344,0.609,0.388,0.3284,237.7,395.6,249.7,413.3,225.5,377.6,1116,0.726,13
1300,43.996,27.436,6.856,0.7353,0.5926,0.3288,-0.4807,0.6939,0.5361,0.0921,-0.5681,0.8178,25.5,0.234,0.714,0.412,0.42185,239.2,394.5,251.0,412.3,227.1,376.3,1117,0.386,13
1301,45.411,28.575,7.471,0.7406,0.5948,0.3126,-0.4753,0.6988,0.5346,0.1023,-0.5596,0.8224,25.5,0.2308,0.805,0.427,0.51353,240.6,393.3,252.3,411.3,228.7,375.1,1118,0.072,13
1302,46.838,29.716,8.053,0.7477,0.5954,0.294,-0.4695,0.7038,0.5331,0.1134,-0.5507,0.827,25.5,0.2247,0.857,0.447,0.59514,242.0,392.2,253.6,410.3,230.3,373.8,1119,0.231,13
1303,48.28,30.858,8.597,0.7566,0.5945,0.2725,-0.4633,0.7091,0.5315,0.1257,-0.5411,0.8315,25.5,0.2159,0.93,0.476,0.69571,243.5,391.0,254.9,409.3,231.9,372.5,1120,0.509,13
1304,49.74,31.996,9.097,0.7651,0.5934,0.2499,-0.4567,0.7146,0.5299,0.1389,-0.5311,0.8359,25.5,0.207,0.982,0.501,0.72216,245.0,389.8,256.2,408.3,233.6,371.1,1121,0.769,13
1305,51.212,33.134,9.558,0.7704,0.5939,0.2319,-0.4498,0.7202,0.5282,0.1499,-0.5222,0.8396,25.5,0.2037,0.838,0.518,0.56083,246.5,388.7,257.5,407.3,235.3,369.8,1123,0.675,13
1306,52.692,34.275,9.99,0.7725,0.5961,0.2188,-0.4425,0.726,0.5265,0.1584,-0.5146,0.8427,25.5,0.2061,0.677,0.543,0.40183,248.0,387.5,258.9,406.3,237.0,368.5,1124,0.459,13
1307,54.173,35.422,10.401,0.7716,0.6001,0.211,-0.4348,0.7319,0.5247,0.1643,-0.5084,0.8453,25.5,0.2144,0.512,0.565,0.26328,249.5,386.4,260.2,405.3,238.7,367.2,1125,0.255,13
1308,55.65,36.578,10.802,0.768,0.6057,0.2082,-0.4268,0.7379,0.5229,0.1675,-0.5037,0.8475,25.5,0.228,0.349,0.582,0.2158,251.0,385.2,261.4,404.3,240.4,365.9,1126,0.068,13
1309,57.117,37.746,11.202,0.7634,0.6117,0.2074,-0.4186,0.7439,0.5209,0.1694,-0.4995,0.8496,25.5,0.2435,0.29,0.593,0.22717,252.5,384.0,262.7,403.2,242.1,364.5,1127,0.1,13
1310,58.583,38.921,11.588,0.7648,0.6138,0.1958,-0.4101,0.7501,0.5188,0.1772,-0.4925,0.8521,25.5,0.2483,0.617,0.615,0.35462,254.0,382.8,264.0,402.2,243.8,363.1,1128,0.229,13
1311,60.05,40.1,11.955,0.7644,0.6167,0.188,-0.4013,0.7563,0.5167,0.1826,-0.4867,0.8543,25.5,0.2568,0.471,0.628,0.24892,255.5,381.6,265.2,401.2,245.5,361.8,1129,0.31,13
1312,61.514,41.286,12.311,0.7625,0.6204,0.1837,-0.3924,0.7625,0.5144,0.1859,-0.482,0.8562,25.5,0.2683,0.347,0.635,0.17874,256.9,380.4,266.5,400.2,247.2,360.4,1130,0.335,13
1313,62.973,42.48,12.662,0.7591,0.6249,0.1826,-0.3834,0.7686,0.5121,0.1873,-0.4782,0.858,25.5,0.2828,0.254,0.637,0.17166,258.4,379.2,267.7,399.1,249.0,359.0,1131,0.294,13
1314,64.424,43.684,13.013,0.7541,0.6303,0.1844,-0.3743,0.7747,0.5097,0.187,-0.4753,0.8597,25.5,0.3,0.193,0.643,0.22634,259.9,378.0,269.0,398.1,250.7,357.6,1132,0.177,13
1315,65.865,44.899,13.371,0.7475,0.6367,0.1894,-0.3651,0.7807,0.5071,0.1847,-0.4732,0.8614,25.5,0.3202,0.203,0.647,0.31265,261.4,376.8,270.2,397.0,252.4,356.2,1133,0.031,13
1316,67.29,46.127,13.742,0.7389,0.6441,0.1977,-0.356,0.7866,0.5045,0.1805,-0.4719,0.863,25.5,0.3433,0.268,0.639,0.42,262.8,375.5,271.4,395.9,254.1,354.8,1134,0.315,13
1317,68.701,47.366,14.128,0.7329,0.649,0.2041,-0.3469,0.7924,0.5019,0.176,-0.4706,0.8646,25.5,0.3625,0.284,0.636,0.30027,264.2,374.3,272.6,394.8,255.8,353.4,1135,0.678,13
1318,70.101,48.616,14.523,0.7271,0.6541,0.2083,-0.3378,0.798,0.4991,0.1733,-0.4685,0.8663,25.5,0.3803,0.219,0.633,0.26266,265.7,373.0,273.8,393.7,257.4,352.0,1136,1.104,13
1319,71.49,49.876,14.925,0.7214,0.6597,0.2105,-0.3287,0.8036,0.4962,0.1724,-0.4655,0.8681,25.5,0.3975,0.207,0.634,0.24763,267.1,371.7,275.0,392.6,259.1,350.5,1136,0.813,13
1320,72.868,51.147,15.33,0.7158,0.6658,0.2108,-0.3196,0.8091,0.4932,0.1734,-0.4618,0.8699,25.5,0.4139,0.243,0.633,0.24755,268.5,370.4,276.1,391.4,260.7,349.1,1137,0.337,13
1321,74.235,52.43,15.732,0.7101,0.6724,0.209,-0.3105,0.8145,0.4901,0.1764,-0.4572,0.8717,25.5,0.4296,0.331,0.632,0.26602,269.9,369.1,277.3,390.3,262.4,347.6,1138,0.179,13
1322,75.592,53.726,16.13,0.7042,0.6797,0.2052,-0.3012,0.8199,0.4868,0.1815,-0.4518,0.8734,25.5,0.4451,0.437,0.645,0.30254,271.3,367.8,278.4,389.1,264.0,346.2,1139,0.722,13
1323,76.936,55.037,16.518,0.6982,0.6876,0.1992,-0.2919,0.8254,0.4833,0.1891,-0.4455,0.8751,25.5,0.46,0.574,0.651,0.34637,272.6,366.5,279.6,387.9,265.6,344.7,1139,1.196,13
1324,78.268,56.364,16.898,0.6901,0.6963,0.1972,-0.2824,0.8308,0.4796,0.1937,-0.4403,0.8767,25.5,0.4782,0.408,0.661,0.36016,274.0,365.1,280.7,386.7,267.2,343.2,1140,0.639,13
1325,79.584,57.707,17.274,0.6825,0.7044,0.1951,-0.2728,0.8362,0.4757,0.198,-0.4351,0.8783,25.5,0.4956,0.397,0.669,0.33776,275.4,363.7,281.8,385.5,268.8,341.7,1141,0.08,14
1326,80.886,59.065,17.645,0.6759,0.7115,0.1922,-0.263,0.8417,0.4716,0.2022,-0.4299,0.88,25.5,0.5117,0.395,0.685,0.3023,276.7,362.4,282.9,384.3,270.4,340.1,1142,0.474,14
1327,82.177,60.435,18.011,0.6706,0.7175,0.1886,-0.253,0.8472,0.4672,0.2064,-0.4246,0.8816,25.5,0.5263,0.398,0.701,0.26226,278.0,361.0,283.9,383.0,272.0,338.6,1143,1.008,14
1328,83.459,61.816,18.368,0.6665,0.7223,0.1842,-0.2428,0.8527,0.4626,0.2102,-0.4193,0.8832,25.5,0.5393,0.385,0.714,0.22988,279.3,359.5,285.0,381.8,273.6,337.0,1143,0.91,14
1329,84.734,63.205,18.717,0.6639,0.726,0.1794,-0.2324,0.8582,0.4577,0.2136,-0.414,0.8849,25.5,0.5509,0.374,0.73,0.19704,280.6,358.1,286.0,380.5,275.2,335.4,1144,0.403,14
1330,86.005,64.6,19.056,0.6603,0.7304,0.1747,-0.2218,0.8638,0.4524,0.2173,-0.4085,0.8865,25.5,0.5635,0.391,0.751,0.2204,281.9,356.7,287.0,379.2,276.7,333.9,1145,0.069,14
1331,87.265,66.007,19.388,0.6545,0.7364,0.171,-0.2109,0.8694,0.4469,0.2213,-0.4028,0.8881,25.5,0.5786,0.409,0.77,0.27272,283.2,355.3,288.1,378.0,278.3,332.3,1146,0.495,14
1332,88.516,67.424,19.712,0.6502,0.7411,0.1672,-0.1997,0.875,0.4409,0.2241,-0.3973,0.8899,25.5,0.5923,0.368,0.796,0.22162,284.5,353.8,289.1,376.7,279.9,330.7,1147,0.865,14
1333,89.76,68.849,20.029,0.6471,0.7447,0.1633,-0.1883,0.8807,0.4346,0.2259,-0.3918,0.8919,25.5,0.605,0.351,0.815,0.18363,285.8,352.4,290.0,375.4,281.5,329.1,1147,1.053,14
1334,90.999,70.28,20.338,0.6453,0.7472,0.1592,-0.1765,0.8865,0.4278,0.2268,-0.3863,0.8941,25.5,0.6166,0.343,0.848,0.15321,287.0,350.9,291.0,374.1,283.0,327.5,1148,0.747,14
1335,92.236,71.714,20.639,0.6446,0.7487,0.1548,-0.1643,0.8923,0.4204,0.2268,-0.3806,0.8965,25.5,0.6272,0.354,0.883,0.14045,288.3,349.5,292.0,372.8,284.6,325.9,1149,0.517,14
1336,93.472,73.15,20.931,0.6453,0.7491,0.1499,-0.1517,0.8982,0.4125,0.2261,-0.3747,0.8991,25.5,0.6368,0.372,0.917,0.14837,289.6,348.0,292.9,371.5,286.2,324.2,1150,0.368,14
1337,94.711,74.587,21.214,0.6452,0.7501,0.1454,-0.1387,0.9042,0.404,0.2251,-0.3685,0.902,25.5,0.6475,0.396,0.954,0.13777,290.8,346.5,293.8,370.2,287.8,322.6,1151,0.296,14
1338,95.946,76.028,21.489,0.6434,0.7524,0.1413,-0.1253,0.9102,0.3948,0.2242,-0.3617,0.905,25.5,0.66,0.429,0.993,0.15039,292.1,345.1,294.8,368.8,289.4,321.0,1152,0.287,14
1339,97.179,77.472,21.756,0.6422,0.7543,0.1365,-0.1116,0.9161,0.385,0.2233,-0.3544,0.908,25.5,0.6719,0.455,1.023,0.15834,293.4,343.6,295.7,367.5,291.0,319.4,1153,0.328,14
1340,98.41,78.921,22.012,0.6415,0.7559,0.1308,-0.0977,0.922,0.3747,0.2228,-0.3467,0.9111,25.5,0.6833,0.476,1.047,0.17811,294.6,342.1,296.6,366.2,292.6,317.7,1154,0.407,14
1341,99.64,80.371,22.257,0.6414,0.7571,0.1241,-0.0838,0.9276,0.3639,0.2227,-0.3386,0.9142,25.5,0.6937,0.497,1.058,0.20339,295.9,340.6,297.5,364.9,294.2,316.1,1155,0.51,14
1342,100.87,81.824,22.487,0.6418,0.758,0.1163,-0.0699,0.9331,0.3527,0.2235,-0.33,0.9171,25.5,0.7034,0.522,1.07,0.23488,297.1,339.1,298.4,363.5,295.9,314.5,1156,0.626,14
1343,102.1,83.279,22.702,0.6391,0.7613,0.1092,-0.0562,0.9383,0.3412,0.2252,-0.321,0.9199,25.5,0.7157,0.549,1.067,0.24747,298.4,337.7,299.3,362.2,297.5,312.9,1157,0.74,14
1344,103.319,84.746,22.907,0.6327,0.7674,0.1041,-0.0428,0.9432,0.3294,0.2265,-0.3119,0.9227,25.5,0.731,0.551,1.061,0.30496,299.7,336.2,300.3,360.8,299.0,311.3,1158,0.841,14
1345,104.531,86.219,23.099,0.633,0.7683,0.0953,-0.0297,0.9478,0.3174,0.2281,-0.3027,0.9254,25.5,0.7396,0.557,1.051,0.26443,300.9,334.7,301.2,359.4,300.6,309.7,1159,0.921,14
1346,105.752,87.689,23.27,0.641,0.7632,0.0819,-0.0168,0.9521,0.3053,0.2309,-0.2934,0.9277,25.5,0.7409,0.572,1.043,0.49049,302.1,333.2,302.1,358.0,302.2,308.1,1161,0.915,14
1347,106.996,89.141,23.409,0.6583,0.7502,0.0622,-0.0042,0.956,0.2933,0.2359,-0.2841,0.9293,25.5,0.7327,0.612,1.022,0.87435,303.4,331.7,303.1,356.7,303.8,306.5,1162,0.922,14
1348,108.282,90.561,23.504,0.68,0.7323,0.0373,0.0081,0.9595,0.2815,0.2449,-0.2749,0.9298,25.5,0.7186,0.738,0.997,1.1225,304.7,330.2,304.1,355.3,305.4,305.0,1163,0.968,14
1349,109.601,91.952,23.552,0.6966,0.7173,0.0124,0.0201,0.9627,0.27,0.2573,-0.2659,0.929,25.5,0.7079,0.879,0.97,1.00035,306.1,328.8,305.1,354.0,307.0,303.5,1163,0.95,14
1350,110.956,93.308,23.55,0.7177,0.6962,-0.0149,0.0319,0.9654,0.2587,0.2692,-0.2576,0.928,25.5,0.6912,0.833,0.949,1.20861,307.4,327.5,306.2,352.7,308.7,302.1,1164,0.858,14
1351,112.354,94.619,23.496,0.7407,0.6706,-0.0411,0.0434,0.9679,0.2477,0.2776,-0.2498,0.9276,25.5,0.671,0.657,0.923,1.29258,308.8,326.1,307.3,351.4,310.4,300.7,1165,0.712,14
1352,113.794,95.881,23.391,0.7611,0.645,-0.0685,0.0545,0.97,0.2369,0.2888,-0.2425,0.9262,25.5,0.6509,0.77,0.895,1.27552,310.3,324.9,308.5,350.2,312.1,299.4,1166,0.503,14
1353,115.274,97.091,23.232,0.7814,0.6164,-0.0973,0.0655,0.9718,0.2265,0.301,-0.2357,0.9241,25.5,0.6282,0.809,0.873,1.3561,311.8,323.6,309.7,349.0,313.9,298.1,1167,0.223,14
1354,116.791,98.243,23.018,0.8011,0.585,-0.1267,0.0762,0.9733,0.2165,0.3133,-0.2295,0.9215,25.5,0.603,0.803,0.844,1.41378,313.3,322.5,311.0,347.9,315.6,297.0,1168,0.123,14
1355,118.345,99.334,22.746,0.8191,0.552,-0.1561,0.0867,0.9745,0.2068,0.326,-0.2239,0.9185,25.5,0.5767,0.814,0.822,1.4261,314.9,321.4,312.3,346.8,317.5,295.9,1169,0.532,14
1356,119.931,100.36,22.42,0.8348,0.5186,-0.1847,0.097,0.9755,0.1976,0.3385,-0.219,0.9151,25.5,0.5504,0.794,0.793,1.39524,316.4,320.4,313.6,345.8,319.3,294.8,1170,1.001,14
1357,121.546,101.322,22.038,0.8487,0.4842,-0.2127,0.1071,0.9762,0.1887,0.3509,-0.2147,0.9115,25.5,0.5234,0.78,0.772,1.38902,318.1,319.4,315.0,344.8,321.2,293.9,1170,0.918,14
1358,123.185,102.217,21.604,0.8605,0.4495,-0.2397,0.1171,0.9766,0.1803,0.363,-0.211,0.9076,25.5,0.4965,0.759,0.749,1.36032,319.7,318.5,316.3,343.9,323.0,293.0,1171,0.388,14
1359,124.845,103.044,21.119,0.8709,0.4124,-0.2672,0.127,0.9768,0.1721,0.3756,-0.208,0.9031,25.5,0.4675,0.786,0.737,1.41462,321.3,317.7,317.7,343.1,324.9,292.2,1172,0.205,14
1360,126.524,103.796,20.578,0.88,0.3713,-0.2963,0.1369,0.9769,0.1644,0.3892,-0.2056,0.8979,25.5,0.4345,0.846,0.719,1.5293,323.0,317.0,319.2,342.4,326.8,291.5,1173,0.864,14
1361,128.219,104.466,19.982,0.887,0.3273,-0.3259,0.1467,0.9766,0.157,0.403,-0.204,0.8922,25.5,0.3986,0.86,0.704,1.5985,324.7,316.4,320.6,341.7,328.7,290.9,1173,1.054,14
1362,129.925,105.052,19.33,0.8912,0.2847,-0.3531,0.1564,0.9762,0.15,0.416,-0.2029,0.8865,25.5,0.3643,0.816,0.686,1.51554,326.3,315.8,322.0,341.1,330.7,290.4,1174,0.323,14
1363,131.636,105.559,18.629,0.893,0.2441,-0.3781,0.1661,0.9756,0.1433,0.4282,-0.2023,0.8808,25.5,0.3323,0.772,0.676,1.42582,328.0,315.3,323.5,340.6,332.6,289.9,1175,0.483,14
1364,133.348,105.99,17.881,0.8928,0.2046,-0.4013,0.1758,0.9749,0.1369,0.4396,-0.2022,0.8751,25.5,0.3015,0.73,0.667,1.36891,329.7,314.9,324.9,340.2,334.5,289.6,1176,1.356,14
1365,135.059,106.344,17.091,0.8908,0.1652,-0.4233,0.1854,0.9739,0.1308,0.4507,-0.2025,0.8694,25.5,0.2707,0.715,0.654,1.34983,331.4,314.6,326.3,339.9,336.4,289.3,1176,0.562,14
1366,136.764,106.623,16.258,0.8868,0.1257,-0.4447,0.1949,0.9729,0.1249,0.4617,-0.2033,0.8634,25.5,0.2396,0.719,0.643,1.34771,333.0,314.4,327.8,339.6,338.3,289.1,1177,0.369,14
1367,138.459,106.826,15.385,0.8807,0.0851,-0.4659,0.2043,0.9716,0.1192,0.4731,-0.2046,0.8569,25.5,0.2071,0.756,0.634,1.38083,334.7,314.3,329.2,339.4,340.2,289.0,1178,1.346,14
1368,140.141,106.95,14.473,0.8732,0.0453,-0.4853,0.2136,0.9703,0.1137,0.4835,-0.2062,0.8507,25.5,0.1753,0.7,0.624,1.34192,336.3,314.2,330.6,339.3,342.0,289.0,1178,0.573,14
1369,141.806,106.999,13.524,0.8635,0.005,-0.5043,0.2228,0.9688,0.1085,0.4942,-0.2082,0.8441,25.5,0.1425,0.729,0.612,1.36257,337.9,314.2,331.9,339.2,343.8,289.1,1179,0.445,14
1370,143.451,106.968,12.538,0.8512,-0.0374,-0.5234,0.232,0.9672,0.1035,0.5053,-0.2107,0.8368,25.5,0.1071,0.775,0.607,1.43748,339.5,314.3,333.3,339.2,345.6,289.2,1179,1.475,14
1371,145.07,106.856,11.517,0.837,-0.0801,-0.5413,0.241,0.9655,0.0986,0.516,-0.2136,0.8295,25.5,0.071,0.761,0.595,1.44727,341.0,314.5,334.6,339.4,347.4,289.5,1180,0.426,14
1372,146.66,106.661,10.463,0.8206,-0.1229,-0.5582,0.25,0.9637,0.094,0.5267,-0.2168,0.822,25.5,0.0342,0.771,0.588,1.45975,342.5,314.7,335.9,339.5,349.1,289.8,1181,0.652,14
1373,148.216,106.383,9.377,0.8013,-0.1668,-0.5745,0.2588,0.9618,0.0895,0.5376,-0.2204,0.8139,25.5,0.0045,0.805,0.577,1.51358,344.0,315.1,337.2,339.8,350.8,290.2,1181,1.267,14
1374,149.732,106.02,8.26,0.7793,-0.212,-0.5897,0.2676,0.9598,0.0852,0.5484,-0.2244,0.8055,25.5,0.0452,0.817,0.573,1.56949,345.4,315.5,338.4,340.2,352.5,290.7,1182,0.165,14
1375,151.203,105.571,7.116,0.7553,-0.256,-0.6033,0.2763,0.9577,0.0811,0.559,-0.2288,0.7969,25.5,0.0854,0.822,0.564,1.55188,346.8,316.0,339.6,340.6,354.1,291.3,1183,0.971,14
1376,152.628,105.04,5.947,0.7299,-0.2974,-0.6155,0.2848,0.9555,0.0772,0.5695,-0.2335,0.7882,25.5,0.1238,0.826,0.55,1.49667,348.1,316.6,340.7,341.1,355.6,292.0,1183,0.948,14
1377,154.002,104.432,4.757,0.7037,-0.3368,-0.6255,0.2933,0.9532,0.0734,0.579,-0.2383,0.7797,25.5,0.1606,0.78,0.549,1.44517,349.4,317.3,341.8,341.7,357.1,292.8,1184,0.212,14
1378,155.326,103.75,3.549,0.6767,-0.3743,-0.6341,0.3018,0.9508,0.0698,0.5882,-0.2433,0.7713,25.5,0.1959,0.769,0.546,1.4045,350.6,318.0,342.8,342.4,358.5,293.6,1185,1.384,14
1379,156.597,102.998,2.325,0.6484,-0.4096,-0.6417,0.3101,0.9484,0.0663,0.5975,-0.2487,0.7624,25.5,0.2299,0.8,0.534,1.3709,351.8,318.9,343.7,343.2,359.9,294.5,1185,0.535,14
1380,157.812,102.18,1.088,0.6187,-0.4437,-0.6483,0.3183,0.9459,0.063,0.6067,-0.2543,0.7531,25.5,0.2636,0.815,0.526,1.36567,352.9,319.8,344.7,344.0,361.2,295.5,1186,0.646,14
1381,158.97,101.297,-0.16,0.5892,-0.476,-0.6529,0.3264,0.9433,0.0598,0.6149,-0.26,0.7445,25.5,0.2957,0.755,0.521,1.31436,354.0,320.7,345.5,344.8,362.4,296.6,1186,1.273,14
1382,160.071,100.355,-1.416,0.5582,-0.5068,-0.657,0.3345,0.9407,0.0567,0.6236,-0.2661,0.7351,25.5,0.3273,0.813,0.519,1.31154,354.9,321.7,346.3,345.8,363.6,297.7,1187,0.103,14
1383,161.109,99.354,-2.679,0.5241,-0.5375,-0.6606,0.3424,0.938,0.0538,0.6333,-0.2727,0.7243,25.5,0.3603,0.914,0.506,1.37528,355.9,322.8,347.0,346.7,364.7,298.8,1188,1.053,14
1384,162.081,98.294,-3.948,0.4895,-0.5674,-0.6622,0.3503,0.9353,0.0509,0.642,-0.2793,0.714,25.5,0.3929,0.86,0.506,1.36737,356.7,323.9,347.7,347.8,365.8,300.0,1188,0.865,14
1385,162.986,97.178,-5.218,0.4533,-0.5959,-0.6629,0.358,0.9325,0.0482,0.6512,-0.2864,0.7028,25.5,0.4253,0.925,0.494,1.37686,357.5,325.1,348.3,348.9,366.7,301.3,1189,0.256,14
1386,163.818,96.008,-6.49,0.4135,-0.6243,-0.6628,0.3656,0.9296,0.0457,0.6617,-0.2941,0.6897,25.5,0.4595,1.058,0.488,1.46103,358.2,326.3,348.8,350.0,367.6,302.6,1190,1.332,14
1387,164.569,94.784,-7.76,0.3701,-0.6526,-0.6611,0.373,0.9268,0.0433,0.6729,-0.3024,0.6752,25.5,0.4954,1.152,0.474,1.54924,358.9,327.6,349.3,351.2,368.4,304.0,1190,0.587,14
1388,165.236,93.506,-9.024,0.3251,-0.6798,-0.6574,0.3803,0.924,0.0411,0.6841,-0.3109,0.6598,25.5,0.5315,1.195,0.465,1.57528,359.4,329.0,349.7,352.4,369.2,305.4,1191,0.434,14
1389,165.815,92.178,-10.28,0.2792,-0.7047,-0.6523,0.3874,0.9211,0.039,0.6956,-0.3198,0.6433,25.5,0.5664,1.26,0.456,1.568,359.9,330.3,350.0,353.7,369.8,306.9,1192,1.397,14
1390,166.307,90.805,-11.525,0.2334,-0.7271,-0.6457,0.3943,0.9182,0.0371,0.707,-0.3289,0.626,25.5,0.5995,1.297,0.442,1.53618,360.2,331.8,350.2,355.1,370.3,308.4,1192,0.521,14
1391,166.711,89.391,-12.756,0.188,-0.7472,-0.6374,0.4011,0.9154,0.0354,0.7181,-0.3381,0.6083,25.5,0.6311,1.308,0.432,1.50438,360.5,333.2,350.3,356.4,370.8,310.0,1193,0.384,14
1392,167.029,87.941,-13.969,0.1437,-0.7649,-0.628,0.4077,0.9125,0.0338,0.7288,-0.3475,0.59,25.5,0.6606,1.329,0.423,1.45295,360.7,334.7,350.4,357.9,371.1,311.6,1194,1.228,14
1393,167.262,86.459,-15.163,0.0999,-0.7803,-0.6174,0.4143,0.9096,0.0324,0.7393,-0.357,0.5709,25.5,0.6884,1.362,0.421,1.4231,360.9,336.3,350.3,359.3,371.4,313.2,1194,0.69,14
1394,167.413,84.949,-16.336,0.0575,-0.7936,-0.6057,0.4207,0.9067,0.031,0.7494,-0.3666,0.5514,25.5,0.7141,1.373,0.41,1.37308,360.9,337.8,350.2,360.8,371.6,314.9,1195,0.09,14
1395,167.484,83.416,-17.486,0.0161,-0.8048,-0.5933,0.427,0.9037,0.0298,0.7593,-0.3763,0.531,25.5,0.7381,1.413,0.406,1.33408,360.9,339.4,350.0,362.2,371.7,316.5,1196,0.791,14
1396,167.474,81.864,-18.611,-0.026,-0.8145,-0.5796,0.4332,0.9008,0.0285,0.7698,-0.3863,0.5082,25.5,0.7615,1.548,0.399,1.35436,360.8,341.0,349.8,363.7,371.8,318.2,1196,1.127,14
1397,167.384,80.294,-19.709,-0.0678,-0.8218,-0.5658,0.4391,0.898,0.0273,0.781,-0.3966,0.4825,25.5,0.7832,1.711,0.38,1.33337,360.6,342.6,349.4,365.2,371.7,319.9,1197,0.512,14
1398,167.214,78.712,-20.779,-0.109,-0.8281,-0.5499,0.4446,0.8953,0.0261,0.7921,-0.4066,0.4553,25.5,0.8042,1.778,0.358,1.33292,360.3,344.2,349.0,366.8,371.6,321.6,1198,0.019,14
1399,166.965,77.118,-21.816,-0.1517,-0.834,-0.5305,0.4493,0.893,0.0247,0.804,-0.4163,0.4246,25.5,0.826,1.967,0.31,1.41257,360.0,345.8,348.6,368.3,371.3,323.3,1199,0.401,14
1400,166.63,75.514,-22.811,-0.1991,-0.8378,-0.5084,0.453,0.8912,0.0231,0.8199,-0.4266,0.3819,25.5,0.8486,2.677,0.253,1.56707,359.5,347.4,348.1,369.9,371.0,325.0,1200,0.675,14
1401,166.202,73.908,-23.766,-0.2458,-0.8381,-0.487,0.4551,0.8902,0.0212,0.8379,-0.4363,0.3279,25.5,0.8683,3.309,0.172,1.5351,359.0,349.1,347.5,371.5,370.5,326.6,1201,0.835,14
1402,165.693,72.298,-24.676,-0.2831,-0.8413,-0.4606,0.4551,0.8902,0.0188,0.8516,-0.4414,0.2827,25.5,0.8864,2.722,0.137,1.36887,358.5,350.7,347.0,373.1,369.9,328.3,1202,0.891,14
1403,165.121,70.678,-25.529,-0.3128,-0.848,-0.4277,0.4521,0.8918,0.0159,0.863,-0.4419,0.245,25.5,0.9045,2.257,0.256,1.33945,357.8,352.3,346.4,374.7,369.2,329.9,1203,0.852,14
1404,164.474,69.054,-26.316,-0.3607,-0.8456,-0.3934,0.4455,0.8952,0.0122,0.8857,-0.4427,0.1395,25.5,0.9225,6.186,0.475,1.76232,357.1,353.9,345.9,376.4,368.3,331.4,1204,0.725,14
1405,163.753,67.43,-27.037,-0.3869,-0.8497,-0.3581,0.4346,0.9006,0.0073,0.8988,-0.4343,0.0593,25.5,0.936,4.682,0.751,1.31932,356.3,355.6,345.4,378.2,367.3,332.9,1205,0.516,14
1406,163.007,65.788,-27.687,-0.3868,-0.8652,-0.3191,0.4187,0.9081,0.0008,0.9076,-0.4184,0.0345,25.5,0.9479,1.762,1.074,1.25406,355.5,357.2,345.0,380.0,366.1,334.4,1206,0.227,14
1407,162.258,64.116,-28.253,-0.3975,-0.8769,-0.2702,0.3971,0.9177,-0.0079,0.9159,-0.3968,-0.0598,25.5,0.9604,5.566,1.443,1.53634,354.7,358.9,344.8,381.9,364.7,335.8,1207,0.138,14
1408,161.491,62.423,-28.727,-0.399,-0.8888,-0.2253,0.3705,0.9286,-0.019,0.9147,-0.3684,-0.1665,25.5,0.9689,6.33,1.766,1.38881,354.0,360.6,344.7,383.9,363.2,337.3,1208,0.574,14
1409,160.738,60.705,-29.122,-0.3848,-0.9047,-0.1829,0.3401,0.9398,-0.0328,0.9093,-0.3375,-0.2434,25.5,0.9751,4.76,2.018,1.41813,353.2,362.3,344.7,385.8,361.6,338.7,1210,0.273,14
1410,160.008,58.958,-29.428,-0.3794,-0.9146,-0.1399,0.3064,0.9506,-0.0495,0.8693,-0.3006,-0.3924,25.5,0.9787,9.098,2.242,1.32844,352.4,364.0,344.8,387.8,360.0,340.2,1211,0.35,14
1411,159.271,57.205,-29.675,-0.392,-0.9118,-0.1222,0.2695,0.9605,-0.0696,0.7823,-0.2605,-0.5659,25.5,0.9729,11.374,2.474,0.65455,351.7,365.7,345.1,389.8,358.3,341.7,1213,0.166,14
1412,158.515,55.455,-29.878,-0.3972,-0.9132,-0.0912,0.2293,0.9689,-0.0934,0.6849,-0.2288,-0.6918,25.5,0.9674,9.309,2.72,0.94017,350.9,367.5,345.4,391.7,356.5,343.3,1215,0.498,14
1413,157.743,53.707,-30.043,-0.4083,-0.9089,-0.0851,0.187,0.975,-0.1199,0.629,-0.2126,-0.7478,25.5,0.9523,4.629,2.881,0.39963,350.2,369.2,345.7,393.6,354.6,344.9,1216,0.358,14
1414,156.944,51.972,-30.218,-0.4258,-0.8997,-0.0961,0.1441,0.9784,-0.148,0.6076,-0.2056,-0.7672,25.5,0.9274,1.703,2.945,0.67597,349.4,370.9,346.0,395.4,352.6,346.5,1218,0.22,14
1415,156.113,50.254,-30.402,-0.4396,-0.893,-0.0966,0.1019,0.979,-0.1767,0.5844,-0.2027,-0.7858,25.5,0.902,1.712,2.925,0.45861,348.5,372.6,346.3,397.1,350.7,348.2,1220,0.071,14
1416,155.264,48.545,-30.592,-0.4444,-0.89,-0.1025,0.0619,0.9769,-0.2048,0.5851,-0.2017,-0.7855,25.5,0.876,0.072,2.804,0.24425,347.7,374.3,346.5,398.7,348.8,350.0,1222,0.216,14
1417,154.414,46.839,-30.798,-0.4414,-0.8902,-0.1123,0.0252,0.9726,-0.231,0.5997,-0.1996,-0.7749,25.5,0.851,1.041,2.596,0.30628,346.8,375.9,346.7,400.3,347.0,351.8,1223,0.509,14
1418,153.572,45.13,-31.016,-0.4378,-0.8915,-0.1161,-0.0071,0.967,-0.2547,0.6075,-0.1981,-0.7692,25.5,0.8294,0.56,2.318,0.16115,346.0,377.6,346.7,401.8,345.3,353.6,1225,0.215,14
1419,152.73,43.422,-31.245,-0.4411,-0.889,-0.1229,-0.0354,0.9605,-0.276,0.6116,-0.1975,-0.7661,25.5,0.8043,0.297,2.063,0.23784,345.1,379.3,346.6,403.3,343.7,355.5,1226,0.237,14
1420,151.876,41.722,-31.489,-0.4504,-0.8829,-0.1326,-0.0606,0.9535,-0.2952,0.6129,-0.1979,-0.765,25.5,0.7754,0.1,1.859,0.44093,344.3,381.0,346.4,404.8,342.1,357.4,1227,0.582,14
1421,150.999,40.038,-31.755,-0.4645,-0.8737,-0.1447,-0.0835,0.9461,-0.3128,0.6125,-0.1989,-0.7651,25.5,0.7426,0.062,1.708,0.61949,343.4,382.7,346.1,406.3,340.7,359.2,1228,0.814,14
1422,150.102,38.366,-32.04,-0.471,-0.8688,-0.1527,-0.1046,0.9385,-0.3291,0.6147,-0.1991,-0.7632,25.5,0.7158,0.167,1.589,0.34099,342.5,384.3,345.8,407.8,339.2,361.1,1229,0.928,14
1423,149.191,36.706,-32.342,-0.4802,-0.8621,-0.1621,-0.1242,0.9307,-0.344,0.6156,-0.1996,-0.7623,25.5,0.687,0.078,1.48,0.441,341.6,385.9,345.4,409.2,337.8,362.9,1230,0.915,14
1424,148.259,35.061,-32.663,-0.4922,-0.8531,-0.1728,-0.1423,0.9229,-0.3578,0.6153,-0.2006,-0.7623,25.5,0.6555,0.06,1.379,0.5505,340.6,387.6,344.9,410.6,336.3,364.7,1231,0.769,15
1425,147.301,33.436,-33.006,-0.5071,-0.8418,-0.185,-0.159,0.9152,-0.3704,0.614,-0.2022,-0.763,25.5,0.6213,0.125,1.277,0.66716,339.6,389.2,344.4,412.0,334.9,366.5,1232,0.482,15
1426,146.317,31.83,-33.369,-0.518,-0.8331,-0.194,-0.1744,0.9075,-0.3821,0.6132,-0.2035,-0.7633,25.5,0.5916,0.089,1.193,0.49593,338.7,390.7,343.8,413.4,333.6,368.3,1233,0.051,15
1427,145.313,30.242,-33.751,-0.5297,-0.8232,-0.2044,-0.1886,0.9001,-0.3928,0.6127,-0.2047,-0.7633,25.5,0.5608,0.074,1.103,0.5534,337.6,392.3,343.2,414.8,332.2,370.1,1234,0.533,15
1428,144.284,28.675,-34.155,-0.5436,-0.8107,-0.2174,-0.2019,0.8928,-0.4027,0.6123,-0.2059,-0.7633,25.5,0.5265,0.072,1.038,0.68031,336.6,393.9,342.5,416.2,330.8,371.8,1235,1.269,15
1429,143.227,27.134,-34.586,-0.5597,-0.7953,-0.2329,-0.2142,0.8857,-0.4119,0.6119,-0.207,-0.7633,25.5,0.4886,0.067,0.97,0.81092,335.5,395.4,341.7,417.5,329.4,373.5,1235,0.649,15
1430,142.137,25.625,-35.049,-0.5756,-0.779,-0.2486,-0.2258,0.8788,-0.4205,0.6114,-0.2082,-0.7634,25.5,0.4501,0.075,0.917,0.82639,334.4,396.9,340.9,418.8,328.0,375.2,1236,0.245,15
1431,141.02,24.146,-35.539,-0.5899,-0.7636,-0.2626,-0.2367,0.872,-0.4285,0.6109,-0.2094,-0.7635,25.5,0.4137,0.075,0.867,0.75454,333.3,398.3,340.1,420.1,326.6,376.8,1237,1.305,15
1432,139.875,22.698,-36.057,-0.6043,-0.747,-0.2772,-0.247,0.8654,-0.4361,0.6104,-0.2105,-0.7636,25.5,0.3763,0.069,0.825,0.78828,332.1,399.7,339.2,421.4,325.2,378.4,1237,0.613,15
1433,138.702,21.282,-36.602,-0.6187,-0.7293,-0.2921,-0.2567,0.8589,-0.4431,0.61,-0.2116,-0.7636,25.5,0.3381,0.067,0.78,0.81429,330.9,401.1,338.2,422.6,323.7,379.9,1238,0.622,15
1434,137.502,19.9,-37.177,-0.6324,-0.7112,-0.307,-0.2659,0.8527,-0.4497,0.6097,-0.2126,-0.7636,25.5,0.3002,0.06,0.74,0.81126,329.7,402.5,337.3,423.8,322.3,381.5,1238,1.297,15
1435,136.277,18.554,-37.78,-0.6451,-0.6931,-0.3218,-0.2746,0.8466,-0.4559,0.6098,-0.2132,-0.7633,25.5,0.2629,0.039,0.705,0.79497,328.5,403.8,336.2,425.0,320.8,382.9,1239,0.125,15
1436,135.029,17.242,-38.41,-0.6573,-0.6751,-0.335,-0.2829,0.8407,-0.4618,0.6093,-0.2143,-0.7635,25.5,0.2269,0.07,0.674,0.7601,327.2,405.1,335.2,426.1,319.3,384.4,1240,1.743,15
1437,133.757,15.964,-39.063,-0.6684,-0.6584,-0.3461,-0.2908,0.8349,-0.4673,0.6081,-0.2158,-0.7639,25.5,0.1936,0.112,0.644,0.68488,325.9,406.4,334.1,427.2,317.9,385.8,1240,0.176,15
1438,132.466,14.716,-39.736,-0.6779,-0.644,-0.3546,-0.2983,0.8293,-0.4725,0.6067,-0.2175,-0.7646,25.5,0.1643,0.132,0.614,0.5746,324.6,407.6,333.0,428.3,316.4,387.1,1241,1.65,15
1439,131.158,13.494,-40.424,-0.6867,-0.6283,-0.3655,-0.3055,0.8238,-0.4775,0.6065,-0.2182,-0.7645,25.5,0.1333,0.042,0.593,0.62867,323.3,408.8,331.8,429.4,314.9,388.5,1241,0.268,15
1440,129.833,12.305,-41.137,-0.6948,-0.6125,-0.377,-0.3125,0.8184,-0.4823,0.6071,-0.2184,-0.764,25.5,0.1023,0.046,0.576,0.63208,321.9,410.0,330.6,430.4,313.3,389.8,1242,1.724,15
1441,128.494,11.143,-41.867,-0.7014,-0.6006,-0.3838,-0.3192,0.8131,-0.4868,0.6063,-0.2196,-0.7643,25.5,0.0776,0.084,0.553,0.4545,320.6,411.1,329.4,431.4,311.8,391.1,1242,0.194,15
1442,127.144,9.999,-42.606,-0.7069,-0.5923,-0.3866,-0.3257,0.8079,-0.4911,0.6043,-0.2216,-0.7653,25.5,0.0584,0.172,0.537,0.30902,319.2,412.2,328.2,432.4,310.3,392.3,1243,1.906,15
1443,125.783,8.869,-43.348,-0.7116,-0.587,-0.3861,-0.332,0.8028,-0.4953,0.6013,-0.2245,-0.7669,25.5,0.0438,0.256,0.523,0.21214,317.8,413.3,327.0,433.4,308.8,393.5,1243,0.029,15
1444,124.415,7.746,-44.085,-0.7157,-0.5843,-0.3826,-0.3382,0.7977,-0.4993,0.5973,-0.2281,-0.7689,25.5,0.033,0.329,0.514,0.18015,316.4,414.4,325.8,434.4,307.2,394.8,1243,1.93,15
1445,123.039,6.627,-44.813,-0.7193,-0.5836,-0.3768,-0.3442,0.7927,-0.5032,0.5925,-0.2323,-0.7713,25.5,0.0254,0.39,0.5,0.20504,315.0,415.5,324.5,435.3,305.7,396.0,1244,0.215,15
1446,121.654,5.518,-45.542,-0.7246,-0.5732,-0.3825,-0.3502,0.7876,-0.507,0.5919,-0.2334,-0.7715,25.5,0.0038,0.073,0.501,0.38815,313.7,416.6,323.3,436.3,304.2,397.2,1244,1.702,15
1447,120.26,4.426,-46.278,-0.7287,-0.5666,-0.3847,-0.3561,0.7826,-0.5107,0.5904,-0.2351,-0.7721,25.5,0.0125,0.134,0.491,0.24123,312.2,417.7,322.0,437.2,302.6,398.4,1245,0.426,15
1448,118.859,3.343,-47.016,-0.7319,-0.5628,-0.3841,-0.3619,0.7775,-0.5142,0.5882,-0.2374,-0.773,25.5,0.0248,0.189,0.486,0.14948,310.8,418.7,320.7,438.2,301.1,399.6,1245,1.493,15
1449,117.453,2.266,-47.75,-0.7347,-0.5613,-0.381,-0.3678,0.7724,-0.5178,0.5852,-0.2404,-0.7744,25.5,0.034,0.256,0.492,0.1326,309.4,419.8,319.4,439.1,299.5,400.8,1246,0.553,15
1450,116.041,1.189,-48.476,-0.7372,-0.562,-0.3752,-0.3737,0.7673,-0.5212,0.5812,-0.2442,-0.7762,25.5,0.0398,0.333,0.487,0.18982,308.0,420.8,318.2,440.0,298.0,401.9,1246,1.365,15
1451,114.625,0.108,-49.187,-0.7394,-0.5652,-0.366,-0.3796,0.762,-0.5246,0.5759,-0.2492,-0.7786,25.5,0.042,0.44,0.494,0.29825,306.6,421.9,316.9,440.9,296.4,403.1,1247,0.536,15
1452,113.205,-0.981,-49.877,-0.7413,-0.5713,-0.3523,-0.3856,0.7567,-0.528,0.5687,-0.2557,-0.7818,25.5,0.0396,0.585,0.498,0.45156,305.2,423.0,315.6,441.9,294.9,404.3,1247,1.382,15
1453,111.782,-2.086,-50.534,-0.7428,-0.5818,-0.3314,-0.3917,0.7512,-0.5313,0.5583,-0.2649,-0.7862,25.5,0.03,0.835,0.507,0.70042,303.7,424.0,314.3,442.8,293.3,405.5,1248,0.312,15
1454,110.355,-3.204,-51.157,-0.7466,-0.584,-0.3187,-0.3979,0.7456,-0.5346,0.5501,-0.2724,-0.7894,25.5,0.032,0.663,0.515,0.40159,302.3,425.1,313.0,443.8,291.7,406.7,1248,1.605,15
1455,108.92,-4.327,-51.754,-0.7499,-0.5881,-0.303,-0.4042,0.7398,-0.5378,0.5408,-0.2809,-0.7929,25.5,0.031,0.749,0.524,0.4947,300.9,426.2,311.8,444.7,290.2,408.0,1249,0.18,15
1456,107.479,-5.461,-52.317,-0.7522,-0.595,-0.2833,-0.4108,0.7338,-0.541,0.53,-0.2906,-0.7966,25.5,0.0257,0.858,0.543,0.62746,299.4,427.3,310.5,445.7,288.6,409.2,1250,0.97,15
1457,106.036,-6.611,-52.838,-0.7529,-0.6048,-0.2596,-0.4176,0.7276,-0.5443,0.5181,-0.3014,-0.8005,25.5,0.0157,0.947,0.56,0.76662,298.0,428.4,309.2,446.6,287.0,410.5,1250,0.947,15
1458,104.593,-7.782,-53.31,-0.7515,-0.6175,-0.2321,-0.4246,0.7211,-0.5474,0.5054,-0.3129,-0.8042,25.5,0.0009,1.004,0.575,0.90609,296.6,429.6,308.0,447.6,285.4,411.8,1251,0.055,15
1459,103.152,-8.977,-53.726,-0.752,-0.6274,-0.2021,-0.4319,0.7144,-0.5506,0.4898,-0.3268,-0.8083,25.5,0.0121,1.22,0.597,0.94403,295.2,430.7,306.7,448.6,283.8,413.1,1252,0.605,15
1460,101.71,-10.19,-54.084,-0.7506,-0.6384,-0.1705,-0.4395,0.7073,-0.5537,0.4742,-0.3408,-0.8118,25.5,0.0272,1.218,0.622,1.0007,293.7,431.9,305.5,449.6,282.2,414.4,1253,1.053,15
1461,100.275,-11.426,-54.38,-0.7461,-0.6513,-0.1386,-0.4473,0.7,-0.5567,0.46,-0.3537,-0.8144,25.5,0.045,1.109,0.636,1.03691,292.3,433.1,304.2,450.6,280.6,415.8,1253,0.865,15
1462,98.851,-12.689,-54.616,-0.7384,-0.6656,-0.1085,-0.4554,0.6924,-0.5596,0.4485,-0.3645,-0.8161,25.5,0.0639,0.909,0.658,1.02197,290.9,434.3,303.0,451.7,279.0,417.2,1254,0.609,15
1463,97.442,-13.977,-54.792,-0.7315,-0.6778,-0.0744,-0.4638,0.6846,-0.5623,0.4336,-0.3781,-0.8179,25.5,0.0829,1.16,0.675,1.1016,289.6,435.6,301.9,452.7,277.4,418.6,1255,0.525,15
1464,96.047,-15.289,-54.903,-0.7227,-0.69,-0.0408,-0.4725,0.6764,-0.5649,0.4196,-0.391,-0.8192,25.5,0.1022,1.093,0.701,1.09996,288.2,436.8,300.7,453.8,275.9,420.1,1256,0.595,15
1465,94.672,-16.624,-54.95,-0.7115,-0.7026,-0.0087,-0.4816,0.668,-0.5674,0.4075,-0.4025,-0.8197,25.5,0.1217,0.957,0.724,1.08342,286.9,438.1,299.6,454.9,274.3,421.6,1258,0.785,15
1466,93.32,-17.985,-54.937,-0.6941,-0.7194,0.0246,-0.491,0.6592,-0.5695,0.3978,-0.4119,-0.8198,25.5,0.1474,0.774,0.747,1.22976,285.6,439.5,298.5,456.0,272.8,423.1,1259,0.338,15
1467,92.013,-19.384,-54.851,-0.6723,-0.7376,0.0628,-0.5008,0.6501,-0.5714,0.3869,-0.4225,-0.8197,25.5,0.1787,0.871,0.774,1.42252,284.3,440.8,297.5,457.2,271.3,424.7,1260,0.218,15
1468,90.73,-20.802,-54.702,-0.6685,-0.7381,0.091,-0.5108,0.6409,-0.573,0.371,-0.437,-0.8194,25.5,0.1837,1.233,0.784,0.8504,283.1,442.2,296.5,458.3,269.8,426.3,1262,0.299,15
1469,89.437,-22.205,-54.51,-0.6829,-0.7227,0.1071,-0.5208,0.6318,-0.5741,0.3519,-0.4539,-0.8186,25.5,0.1624,1.462,0.777,0.79264,281.8,443.6,295.5,459.5,268.3,427.9,1264,0.462,15
1470,88.116,-23.574,-54.266,-0.6913,-0.7064,0.1517,-0.5306,0.6229,-0.5748,0.3156,-0.4842,-0.8161,25.5,0.1604,2.713,0.76,1.44097,280.5,444.9,294.5,460.6,266.8,429.4,1266,0.339,15
1471,86.787,-24.919,-53.952,-0.6954,-0.6983,0.1695,-0.5398,0.6147,-0.5751,0.3009,-0.4971,-0.8138,25.5,0.1513,1.128,0.706,0.59702,279.3,446.2,293.4,461.7,265.3,430.9,1268,0.08,15
1472,85.448,-26.257,-53.638,-0.7003,-0.6976,0.1514,-0.5479,0.6074,-0.5752,0.3118,-0.4897,-0.8142,25.5,0.1271,0.755,0.625,0.56066,278.0,447.5,292.3,462.9,263.9,432.4,1270,0.274,15
1473,84.101,-27.599,-53.392,-0.7046,-0.7024,0.1004,-0.5545,0.6014,-0.5751,0.345,-0.4628,-0.8166,25.5,0.0895,2.452,0.511,1.53625,276.7,448.8,291.2,464.0,262.4,433.8,1272,0.375,15
1474,82.74,-28.94,-53.234,-0.716,-0.6944,0.0715,-0.5592,0.5971,-0.5752,0.3573,-0.4526,-0.817,25.5,0.0554,0.916,0.365,0.95868,275.4,450.1,290.0,465.2,261.0,435.2,1274,0.114,15
1475,81.361,-30.268,-53.119,-0.7202,-0.6922,0.047,-0.5621,0.5942,-0.5754,0.3706,-0.441,-0.8174,25.5,0.0335,1.011,0.235,0.74557,274.0,451.4,288.7,466.5,259.6,436.6,1276,0.639,15
1476,79.984,-31.6,-53.057,-0.7147,-0.6992,0.0172,-0.5637,0.5924,-0.5756,0.3924,-0.4212,-0.8177,25.5,0.0212,1.687,0.138,0.92927,272.7,452.7,287.4,467.7,258.2,437.9,1277,0.239,15
1477,78.626,-32.954,-53.057,-0.6999,-0.714,-0.0177,-0.5646,0.5913,-0.5758,0.4217,-0.3931,-0.8171,25.5,0.0168,2.326,0.082,1.21602,271.4,454.0,286.1,469.0,256.9,439.2,1278,0.039,15
1478,77.305,-34.342,-53.128,-0.6787,-0.7321,-0.0583,-0.5651,0.5906,-0.576,0.4562,-0.358,-0.8147,25.5,0.0153,2.824,0.051,1.47164,270.1,455.4,284.8,470.4,255.6,440.6,1279,0.182,15
1479,76.018,-35.756,-53.28,-0.6636,-0.7415,-0.099,-0.5656,0.59,-0.5762,0.4856,-0.3263,-0.811,25.5,0.0051,2.486,0.046,1.32733,268.8,456.7,283.5,471.7,254.4,442.0,1280,0.195,15
1480,74.759,-37.185,-53.501,-0.6493,-0.7495,-0.1287,-0.5661,0.5895,-0.5762,0.5078,-0.3013,-0.8071,25.5,0.0001,1.929,0.041,1.01372,267.6,458.1,282.3,473.1,253.1,443.3,1281,0.082,15
1481,73.526,-38.629,-53.766,-0.6379,-0.7562,-0.1457,-0.5666,0.589,-0.5762,0.5216,-0.285,-0.8042,25.5,0.0,1.235,0.041,0.64359,266.4,459.5,281.1,474.5,251.9,444.7,1282,0.206,15
1482,72.31,-40.085,-54.052,-0.63,-0.7617,-0.1514,-0.567,0.5887,-0.5762,0.528,-0.2772,-0.8027,25.5,0.004,0.584,0.029,0.33426,265.2,460.9,279.9,475.9,250.7,446.2,1283,0.595,15
1483,71.107,-41.55,-54.341,-0.6254,-0.766,-0.1487,-0.5673,0.5885,-0.5761,0.5288,-0.2759,-0.8026,25.5,0.0103,0.088,0.021,0.20468,264.0,462.3,278.7,477.3,249.5,447.6,1284,1.09,15
1484,69.921,-43.023,-54.648,-0.6129,-0.7714,-0.1709,-0.5675,0.5884,-0.576,0.5449,-0.2561,-0.7984,25.5,0.0076,1.482,0.014,0.77886,262.9,463.8,277.6,478.8,248.4,449.0,1284,0.826,15
1485,68.754,-44.506,-54.99,-0.6047,-0.7749,-0.1838,-0.5676,0.5884,-0.5759,0.5544,-0.2439,-0.7957,25.5,0.0069,0.899,0.008,0.46837,261.7,465.2,276.4,480.2,247.3,450.4,1285,0.263,15
1486,67.599,-45.996,-55.35,-0.5994,-0.7775,-0.1904,-0.5677,0.5885,-0.5757,0.5596,-0.237,-0.7941,25.5,0.0077,0.503,0.014,0.26448,260.6,466.6,275.3,481.7,246.1,451.8,1286,0.356,15
1487,66.453,-47.489,-55.717,-0.5962,-0.7795,-0.1923,-0.5676,0.5887,-0.5755,0.5618,-0.234,-0.7935,25.5,0.0098,0.216,0.017,0.12618,259.5,468.1,274.1,483.1,245.0,453.3,1287,0.968,15
1488,65.311,-48.986,-56.085,-0.5945,-0.7812,-0.1903,-0.5675,0.5891,-0.5753,0.5616,-0.2341,-0.7936,25.5,0.0133,0.014,0.026,0.0934,258.3,469.5,273.0,484.6,243.9,454.7,1287,0.954,15
1489,64.171,-50.486,-56.445,-0.5944,-0.7827,-0.1845,-0.5672,0.5895,-0.5751,0.559,-0.2372,-0.7945,25.5,0.0182,0.237,0.031,0.17899,257.2,471.0,271.9,486.0,242.8,456.1,1288,0.363,15
1490,63.03,-51.988,-56.79,-0.5957,-0.784,-0.1744,-0.5669,0.5901,-0.5749,0.5538,-0.2436,-0.7962,25.5,0.0247,0.482,0.04,0.30665,256.1,472.4,270.7,487.5,241.7,457.5,1289,0.182,15
1491,61.885,-53.494,-57.11,-0.5987,-0.7851,-0.1588,-0.5665,0.5907,-0.5746,0.5452,-0.2542,-0.7988,25.5,0.0333,0.796,0.045,0.47559,255.0,473.8,269.6,489.0,240.6,459.0,1290,0.632,15
1492,60.732,-55.0,-57.394,-0.6037,-0.7856,-0.1351,-0.566,0.5914,-0.5743,0.5317,-0.2705,-0.8026,25.5,0.0453,1.232,0.052,0.72382,253.9,475.3,268.4,490.5,239.5,460.4,1291,0.981,15
1493,59.568,-56.506,-57.622,-0.6096,-0.7861,-0.1021,-0.5654,0.5923,-0.574,0.5127,-0.2927,-0.8071,25.5,0.0623,1.694,0.064,1.00241,252.7,476.8,267.3,491.9,238.4,461.8,1291,0.936,15
1494,58.397,-58.015,-57.789,-0.612,-0.7875,-0.0729,-0.5648,0.5932,-0.5737,0.4966,-0.3109,-0.8104,25.5,0.0797,1.405,0.064,0.87643,251.6,478.2,266.1,493.4,237.3,463.2,1292,0.7,15
1495,57.222,-59.526,-57.905,-0.6136,-0.7881,-0.0491,-0.564,0.5942,-0.5734,0.4832,-0.3256,-0.8127,25.5,0.0941,1.147,0.075,0.71297,250.4,479.7,264.9,494.9,236.2,464.7,1293,0.584,15
1496,56.044,-61.037,-57.982,-0.6144,-0.7883,-0.0336,-0.5632,0.5952,-0.5731,0.4743,-0.335,-0.8141,25.5,0.1039,0.746,0.075,0.46381,249.3,481.1,263.7,496.4,235.1,466.1,1294,0.592,15
1497,54.866,-62.548,-58.04,-0.6146,-0.7883,-0.0287,-0.5624,0.5963,-0.5728,0.4714,-0.3379,-0.8146,25.5,0.108,0.237,0.08,0.14654,248.2,482.6,262.6,497.9,234.0,467.5,1295,0.723,15
1498,53.688,-64.06,-58.1,-0.6143,-0.7883,-0.0351,-0.5616,0.5975,-0.5724,0.4749,-0.3338,-0.8143,25.5,0.1059,0.309,0.086,0.19144,247.0,484.1,261.4,499.4,232.8,468.9,1297,0.55,15
1499,52.51,-65.572,-58.182,-0.6134,-0.7881,-0.0519,-0.5607,0.5986,-0.5721,0.4842,-0.3234,-0.813,25.5,0.0981,0.803,0.083,0.50267,245.9,485.5,260.2,500.9,231.7,470.4,1298,0.0,15
