ring,cx,cy,cz,Tx,Ty,Tz,Bx,By,Bz,Nx,Ny,Nz,hw,obl,dN,dB,kappa,sx_c,sy_c,sx_L,sy_L,sx_R,sy_R,pose_ring,pose_dist,iv
0,-67.223,-360.416,260.003,0.5565,0.8309,-0.0002,0.971,-0.2318,0.059,0.0522,-0.0352,-0.998,25.5,0.3477,0.0,0.0,0.0,116.4,843.3,87.6,836.0,145.3,850.6,0,0.0,0
1,-66.138,-358.784,260.001,0.552,0.8338,-0.0019,0.9643,-0.2577,0.0606,0.0528,-0.0372,-0.9979,25.5,0.3173,0.12,1.536,0.16419,117.7,841.4,89.1,833.3,146.4,849.5,2,0.314,0
2,-65.058,-357.149,259.996,0.5505,0.8349,-0.0025,0.957,-0.2832,0.0622,0.0535,-0.0383,-0.9978,25.5,0.2902,0.075,1.523,0.05708,119.0,839.5,90.5,830.6,147.4,848.4,3,0.493,0
3,-63.978,-355.513,259.992,0.5519,0.8339,-0.002,0.9493,-0.3077,0.0637,0.0545,-0.0384,-0.9978,25.5,0.2672,0.057,1.474,0.05234,120.2,837.6,92.0,828.0,148.5,847.2,5,0.017,0
4,-62.893,-353.881,259.989,0.5562,0.831,-0.0003,0.9414,-0.331,0.0651,0.0558,-0.0377,-0.9977,25.5,0.2485,0.085,1.412,0.15957,121.5,835.7,93.5,825.4,149.5,846.0,6,0.656,0
5,-61.796,-352.257,259.991,0.5633,0.8263,0.0025,0.9334,-0.3526,0.0665,0.0574,-0.0362,-0.9977,25.5,0.2346,0.126,1.322,0.26204,122.8,833.8,95.1,822.8,150.5,844.7,8,0.327,0
6,-60.683,-350.644,260.0,0.5726,0.8198,0.0061,0.9256,-0.3723,0.0678,0.0594,-0.034,-0.9977,25.5,0.2252,0.17,1.216,0.34802,124.1,831.9,96.6,820.3,151.6,843.4,9,0.027,0
7,-59.558,-349.039,260.012,0.575,0.8181,0.0063,0.9183,-0.3898,0.069,0.0603,-0.0346,-0.9976,25.5,0.2096,0.062,1.089,0.08617,125.4,830.0,98.1,817.9,152.7,842.1,10,0.144,0
8,-58.428,-347.438,260.025,0.5784,0.8157,0.0073,0.9115,-0.4053,0.0702,0.0614,-0.0346,-0.9975,25.5,0.1971,0.063,0.972,0.12513,126.7,828.1,99.6,815.6,153.8,840.7,11,0.191,0
9,-57.29,-345.842,260.041,0.5836,0.812,0.0094,0.9051,-0.4191,0.0713,0.063,-0.0337,-0.9974,25.5,0.1886,0.105,0.874,0.19641,128.0,826.3,101.2,813.3,155.0,839.3,12,0.125,0
10,-56.14,-344.256,260.063,0.5904,0.807,0.0127,0.8992,-0.4315,0.0724,0.065,-0.0319,-0.9974,25.5,0.1836,0.154,0.789,0.26494,129.4,824.4,102.7,811.1,156.1,837.8,13,0.05,0
11,-54.974,-342.68,260.092,0.5989,0.8007,0.017,0.8936,-0.4427,0.0734,0.0674,-0.0293,-0.9973,25.5,0.182,0.203,0.72,0.33386,130.7,822.6,104.2,808.9,157.3,836.3,14,0.318,0
12,-53.791,-341.118,260.13,0.6088,0.793,0.0223,0.8884,-0.4531,0.0744,0.0703,-0.0259,-0.9972,25.5,0.1832,0.256,0.669,0.39807,132.1,820.8,105.7,806.8,158.6,834.8,15,0.677,0
13,-52.587,-339.573,260.18,0.6201,0.784,0.0286,0.8833,-0.4628,0.0753,0.0736,-0.0218,-0.9971,25.5,0.1871,0.302,0.63,0.46072,133.5,819.0,107.3,804.7,159.8,833.3,16,1.116,0
14,-51.364,-338.043,260.244,0.6283,0.7771,0.0364,0.8783,-0.472,0.0761,0.0777,-0.0162,-0.9968,25.5,0.1878,0.398,0.602,0.38752,135.0,817.2,108.9,802.7,161.1,831.8,16,0.844,0
15,-50.125,-336.526,260.321,0.6361,0.7705,0.0422,0.8734,-0.4809,0.077,0.0811,-0.0123,-0.9966,25.5,0.1883,0.297,0.584,0.34348,136.4,815.5,110.5,800.6,162.4,830.3,17,0.331,0
16,-48.871,-335.023,260.408,0.6435,0.7641,0.0462,0.8686,-0.4893,0.0777,0.0835,-0.0101,-0.9965,25.5,0.1887,0.187,0.556,0.30901,137.9,813.7,112.1,798.6,163.7,828.8,18,0.241,0
17,-47.603,-333.531,260.501,0.6505,0.758,0.0484,0.864,-0.4974,0.0785,0.0851,-0.0094,-0.9963,25.5,0.1888,0.101,0.536,0.27894,139.3,812.0,113.7,796.7,165.1,827.4,19,0.851,0
18,-46.321,-332.052,260.597,0.6572,0.7522,0.0489,0.8594,-0.5051,0.0792,0.0859,-0.0102,-0.9963,25.5,0.1887,0.065,0.515,0.25947,140.8,810.3,115.3,794.7,166.4,825.9,19,1.11,0
19,-45.027,-330.583,260.692,0.6635,0.7467,0.0478,0.855,-0.5124,0.0799,0.0857,-0.0124,-0.9962,25.5,0.1885,0.127,0.49,0.24658,142.3,808.6,116.9,792.8,167.8,824.4,20,0.482,0
20,-43.721,-329.124,260.783,0.6694,0.7415,0.0452,0.8507,-0.5194,0.0806,0.0848,-0.0158,-0.9963,25.5,0.188,0.202,0.472,0.24214,143.9,806.9,118.6,790.9,169.2,822.9,21,0.144,0
21,-42.404,-327.676,260.869,0.6756,0.736,0.0439,0.8465,-0.5261,0.0813,0.0845,-0.0181,-0.9963,25.5,0.1883,0.133,0.455,0.24529,145.4,805.2,120.3,789.1,170.6,821.5,22,0.744,0
22,-41.072,-326.241,260.959,0.6825,0.7293,0.0479,0.8425,-0.5324,0.082,0.0869,-0.0159,-0.9961,25.5,0.1907,0.187,0.429,0.30452,147.0,803.6,121.9,787.2,172.1,820.0,22,1.216,0
23,-39.729,-324.817,261.055,0.6886,0.7235,0.0498,0.8386,-0.5384,0.0827,0.0883,-0.0155,-0.996,25.5,0.192,0.084,0.412,0.25222,148.5,801.9,123.6,785.4,173.5,818.5,23,0.662,0
24,-38.374,-323.404,261.153,0.6938,0.7184,0.0497,0.8348,-0.5442,0.0834,0.0886,-0.0167,-0.9959,25.5,0.1924,0.071,0.399,0.21294,150.1,800.3,125.3,783.6,175.0,817.1,24,0.177,0
25,-37.01,-322.0,261.249,0.6983,0.7142,0.0478,0.8311,-0.5498,0.0841,0.088,-0.0194,-0.9959,25.5,0.1917,0.158,0.387,0.18834,151.7,798.7,127.0,781.8,176.5,815.6,25,0.227,0
26,-35.637,-320.604,261.339,0.7022,0.7106,0.0441,0.8274,-0.5551,0.0849,0.0864,-0.0235,-0.996,25.5,0.1903,0.252,0.373,0.18913,153.3,797.1,128.7,780.0,178.0,814.2,26,0.522,0
27,-34.257,-319.215,261.421,0.7056,0.7076,0.0387,0.8238,-0.5603,0.0857,0.0838,-0.0291,-0.9961,25.5,0.1881,0.354,0.365,0.20613,154.9,795.5,130.4,778.3,179.5,812.8,27,0.718,0
28,-32.872,-317.83,261.49,0.7083,0.7052,0.0314,0.8203,-0.5654,0.0865,0.0802,-0.0362,-0.9961,25.5,0.185,0.456,0.357,0.2381,156.5,793.9,132.2,776.5,181.0,811.3,28,0.821,0
29,-31.481,-316.45,261.543,0.7106,0.7033,0.0223,0.8168,-0.5703,0.0874,0.0755,-0.0447,-0.9961,25.5,0.1813,0.557,0.349,0.27996,158.2,792.3,133.9,774.7,182.5,809.9,29,0.834,0
30,-30.087,-315.074,261.576,0.7126,0.7014,0.0121,0.8133,-0.5751,0.0884,0.0701,-0.054,-0.9961,25.5,0.1773,0.616,0.345,0.30892,159.8,790.7,135.6,773.0,184.0,808.4,30,0.762,0
31,-28.687,-313.702,261.593,0.7158,0.6983,0.005,0.8098,-0.5798,0.0895,0.0664,-0.0609,-0.9959,25.5,0.1752,0.449,0.342,0.24504,161.4,789.1,137.4,771.3,185.6,806.9,31,0.611,0
32,-27.281,-312.336,261.596,0.7188,0.6952,-0.0015,0.8063,-0.5845,0.0906,0.063,-0.0674,-0.9957,25.5,0.1731,0.42,0.342,0.22806,163.1,787.5,139.1,769.5,187.1,805.5,32,0.388,0
33,-25.869,-310.977,261.587,0.7218,0.6921,-0.0075,0.8028,-0.5892,0.0918,0.06,-0.0733,-0.9955,25.5,0.171,0.379,0.343,0.21604,164.7,785.9,140.9,767.8,188.7,804.0,33,0.116,0
34,-24.452,-309.624,261.567,0.7246,0.689,-0.013,0.7992,-0.5938,0.093,0.0572,-0.0789,-0.9952,25.5,0.1688,0.359,0.342,0.2019,166.4,784.3,142.6,766.0,190.2,802.6,34,0.29,0
35,-23.029,-308.276,261.537,0.7274,0.686,-0.0179,0.7956,-0.5984,0.0943,0.0548,-0.084,-0.995,25.5,0.1665,0.323,0.343,0.18684,168.1,782.7,144.4,764.3,191.8,801.2,35,0.703,0
36,-21.601,-306.934,261.497,0.7301,0.683,-0.0223,0.7919,-0.6031,0.0957,0.0526,-0.0887,-0.9947,25.5,0.1641,0.298,0.352,0.17455,169.7,781.1,146.2,762.6,193.4,799.7,37,0.288,0
37,-20.167,-305.599,261.45,0.7327,0.6801,-0.0261,0.7882,-0.6078,0.0971,0.0508,-0.093,-0.9944,25.5,0.1616,0.268,0.352,0.15908,171.4,779.6,148.0,760.9,194.9,798.3,38,0.277,0
38,-18.729,-304.269,261.395,0.7352,0.6772,-0.0295,0.7843,-0.6125,0.0985,0.0493,-0.0968,-0.9941,25.5,0.1589,0.235,0.359,0.14969,173.1,778.0,149.8,759.2,196.5,796.9,40,0.524,0
39,-17.286,-302.944,261.334,0.7377,0.6743,-0.0324,0.7804,-0.6172,0.1,0.0481,-0.1003,-0.9938,25.5,0.1563,0.213,0.36,0.14041,174.8,776.4,151.6,757.5,198.1,795.5,41,0.08,0
40,-15.838,-301.625,261.262,0.7396,0.6717,-0.0415,0.7763,-0.6221,0.1016,0.0429,-0.1087,-0.9932,25.5,0.1521,0.567,0.377,0.28224,176.5,774.9,153.4,755.7,199.6,794.0,43,0.669,0
41,-14.386,-300.311,261.173,0.7416,0.669,-0.0496,0.7721,-0.627,0.1032,0.0383,-0.1161,-0.9925,25.5,0.148,0.501,0.381,0.25637,178.2,773.3,155.2,754.0,201.2,792.6,44,0.077,0
42,-12.931,-299.003,261.07,0.7438,0.6662,-0.0554,0.7678,-0.632,0.1048,0.0352,-0.1217,-0.9919,25.5,0.1442,0.368,0.389,0.19894,179.9,771.8,157.0,752.3,202.8,791.2,45,0.532,0
43,-11.471,-297.7,260.957,0.7462,0.6631,-0.059,0.7634,-0.6371,0.1064,0.0333,-0.1257,-0.9915,25.5,0.1409,0.255,0.397,0.15558,181.6,770.2,158.9,750.6,204.4,789.9,47,0.262,0
44,-10.006,-296.404,260.84,0.7489,0.66,-0.0605,0.7588,-0.6423,0.108,0.0328,-0.128,-0.9912,25.5,0.1378,0.136,0.408,0.12792,183.3,768.7,160.7,748.9,205.9,788.5,48,0.313,0
45,-8.535,-295.113,260.722,0.7519,0.6566,-0.0598,0.7541,-0.6476,0.1097,0.0336,-0.1287,-0.9911,25.5,0.1352,0.061,0.417,0.13411,185.0,767.1,162.6,747.2,207.5,787.1,50,0.551,0
46,-7.059,-293.83,260.607,0.7552,0.653,-0.0569,0.7492,-0.6529,0.1113,0.0358,-0.1279,-0.9911,25.5,0.1331,0.134,0.424,0.16605,186.7,765.6,164.5,745.5,209.1,785.7,51,0.032,0
47,-5.575,-292.554,260.5,0.7589,0.6492,-0.0518,0.7442,-0.6583,0.1129,0.0395,-0.1253,-0.9913,25.5,0.1316,0.259,0.432,0.21508,188.5,764.1,166.3,743.9,210.7,784.4,52,0.488,0
48,-4.084,-291.285,260.405,0.7629,0.645,-0.0443,0.739,-0.6639,0.1145,0.0449,-0.1211,-0.9916,25.5,0.1305,0.392,0.447,0.27717,190.2,762.6,168.2,742.2,212.3,783.1,54,0.485,0
49,-2.585,-290.026,260.327,0.7669,0.6407,-0.0364,0.7337,-0.6695,0.116,0.0504,-0.1167,-0.9919,25.5,0.1295,0.404,0.45,0.2878,192.0,761.1,170.2,740.5,213.9,781.7,55,0.009,0
50,-1.078,-288.774,260.259,0.7703,0.6368,-0.0332,0.7282,-0.6752,0.1176,0.0529,-0.1156,-0.9919,25.5,0.1271,0.156,0.463,0.17785,193.7,759.6,172.1,738.9,215.5,780.4,56,0.463,0
51,0.435,-287.53,260.197,0.7738,0.6328,-0.0299,0.7226,-0.681,0.119,0.0554,-0.1146,-0.9919,25.5,0.1247,0.154,0.469,0.18289,195.5,758.1,174.0,737.2,217.1,779.1,58,0.577,0
52,1.955,-286.294,260.142,0.7773,0.6286,-0.0265,0.7167,-0.6869,0.1205,0.058,-0.1135,-0.9919,25.5,0.1221,0.162,0.486,0.18821,197.3,756.7,176.0,735.6,218.7,777.9,59,0.126,0
53,3.482,-285.066,260.094,0.7809,0.6242,-0.023,0.7106,-0.6929,0.1219,0.0606,-0.1123,-0.9918,25.5,0.1196,0.164,0.497,0.19516,199.1,755.2,177.9,734.0,220.3,776.6,60,0.332,0
54,5.016,-283.847,260.052,0.7846,0.6197,-0.0194,0.7043,-0.6991,0.1232,0.0632,-0.1111,-0.9918,25.5,0.117,0.164,0.512,0.2002,200.9,753.8,179.9,732.3,221.9,775.4,62,0.729,0
55,6.557,-282.637,260.018,0.7884,0.615,-0.0157,0.6978,-0.7054,0.1246,0.066,-0.1099,-0.9918,25.5,0.1144,0.175,0.525,0.20717,202.7,752.4,181.9,730.7,223.5,774.1,63,0.276,0
56,8.106,-281.437,259.991,0.7923,0.61,-0.0119,0.691,-0.7118,0.1258,0.0687,-0.1086,-0.9917,25.5,0.1118,0.172,0.539,0.21613,204.5,751.0,183.9,729.1,225.1,772.9,64,0.181,0
57,9.663,-280.246,259.971,0.7963,0.6049,-0.0079,0.6839,-0.7184,0.1271,0.0716,-0.1073,-0.9916,25.5,0.109,0.182,0.56,0.22265,206.3,749.6,185.9,727.5,226.7,771.7,65,0.641,0
58,11.227,-279.065,259.961,0.8,0.6,-0.0016,0.6766,-0.7251,0.1283,0.0762,-0.1044,-0.9916,25.5,0.106,0.312,0.572,0.25717,208.1,748.2,188.0,725.9,228.4,770.6,67,0.379,0
59,12.798,-277.894,259.964,0.8036,0.5951,0.0049,0.6689,-0.732,0.1295,0.0811,-0.1014,-0.9915,25.5,0.1025,0.329,0.596,0.26022,210.0,746.8,190.0,724.4,230.0,769.4,68,0.104,0
60,14.377,-276.733,259.979,0.8075,0.5897,0.01,0.6609,-0.739,0.1307,0.0849,-0.0995,-0.9914,25.5,0.0992,0.243,0.613,0.24528,211.8,745.5,192.1,722.8,231.6,768.3,69,0.595,0
61,15.964,-275.583,260.002,0.8117,0.5839,0.0134,0.6526,-0.7461,0.1319,0.0874,-0.0988,-0.9913,25.5,0.0958,0.149,0.63,0.23175,213.7,744.1,194.2,721.2,233.2,767.1,71,0.346,0
62,17.559,-274.444,260.031,0.8161,0.5778,0.0151,0.6439,-0.7535,0.133,0.0887,-0.0992,-0.9911,25.5,0.0921,0.079,0.657,0.22541,215.5,742.8,196.3,719.7,234.8,766.0,72,0.184,0
63,19.163,-273.318,260.061,0.8206,0.5713,0.0151,0.6348,-0.761,0.1342,0.0885,-0.1009,-0.9909,25.5,0.0882,0.099,0.679,0.23111,217.4,741.5,198.5,718.2,236.4,764.9,74,0.67,0
64,20.776,-272.206,260.089,0.8254,0.5644,0.0133,0.6252,-0.7686,0.1354,0.087,-0.1038,-0.9908,25.5,0.084,0.187,0.705,0.25131,219.3,740.2,200.6,716.6,238.0,763.9,75,0.092,0
65,22.398,-271.106,260.112,0.8303,0.5573,0.0097,0.6152,-0.7764,0.1366,0.0839,-0.1077,-0.9906,25.5,0.0794,0.286,0.73,0.27327,221.2,738.9,202.8,715.1,239.6,762.8,76,0.506,0
66,24.03,-270.02,260.13,0.8341,0.5515,0.0097,0.6048,-0.7844,0.1378,0.0838,-0.1093,-0.9905,25.5,0.0732,0.092,0.755,0.20267,223.1,737.7,205.0,713.6,241.2,761.8,78,0.199,0
67,25.668,-268.945,260.15,0.8384,0.5449,0.0101,0.594,-0.7924,0.139,0.0839,-0.1108,-0.9903,25.5,0.0676,0.087,0.773,0.23062,225.0,736.4,207.3,712.1,242.8,760.8,79,0.459,0
68,27.316,-267.884,260.17,0.8431,0.5376,0.0099,0.5831,-0.8002,0.1402,0.0835,-0.1127,-0.9901,25.5,0.0628,0.112,0.771,0.25392,226.9,735.2,209.5,710.6,244.4,759.8,81,0.122,0
69,28.973,-266.838,260.188,0.8481,0.5298,0.0093,0.5724,-0.8077,0.1415,0.0826,-0.1148,-0.9899,25.5,0.0588,0.131,0.752,0.27144,228.9,734.0,211.8,709.2,246.1,758.8,82,0.604,0
70,30.64,-265.808,260.206,0.853,0.5218,0.0083,0.5619,-0.8148,0.1427,0.0813,-0.1173,-0.9898,25.5,0.0553,0.161,0.729,0.27578,230.8,732.7,214.0,707.8,247.7,757.8,84,0.165,0
71,32.316,-264.793,260.221,0.8578,0.5139,0.0069,0.5521,-0.8213,0.1439,0.0797,-0.1198,-0.9896,25.5,0.0525,0.17,0.677,0.27339,232.8,731.6,216.3,706.4,249.4,756.8,86,0.191,0
72,34.002,-263.794,260.232,0.8623,0.5064,0.0053,0.5431,-0.8271,0.1451,0.0779,-0.1224,-0.9894,25.5,0.0502,0.182,0.617,0.26,234.8,730.4,218.5,705.1,251.1,755.9,88,0.473,0
73,35.696,-262.808,260.241,0.8668,0.4986,0.004,0.5351,-0.832,0.1463,0.0764,-0.1248,-0.9892,25.5,0.0496,0.163,0.542,0.26594,236.7,729.2,220.7,703.8,252.8,754.9,89,0.388,0
74,37.399,-261.839,260.249,0.8711,0.491,0.0034,0.5283,-0.8361,0.1475,0.0754,-0.1269,-0.989,25.5,0.0502,0.134,0.46,0.25597,238.7,728.1,222.9,702.5,254.6,753.9,91,0.185,0
75,39.111,-260.883,260.255,0.8747,0.4846,0.0028,0.5227,-0.8394,0.1487,0.0745,-0.1288,-0.9889,25.5,0.0508,0.121,0.379,0.21527,240.7,727.0,225.1,701.3,256.5,752.8,93,0.044,0
76,40.828,-259.939,260.259,0.8778,0.4791,0.002,0.5182,-0.842,0.1499,0.0736,-0.1307,-0.9887,25.5,0.0518,0.121,0.306,0.18609,242.7,725.9,227.2,700.1,258.3,751.8,95,0.201,0
77,42.551,-259.004,260.263,0.8804,0.4743,0.0012,0.5148,-0.8439,0.151,0.0727,-0.1325,-0.9885,25.5,0.0531,0.116,0.232,0.16128,244.7,724.8,229.3,699.0,260.3,750.8,97,0.472,0
78,44.279,-258.079,260.264,0.8826,0.4701,0.0002,0.5125,-0.8451,0.1521,0.0718,-0.1344,-0.9883,25.5,0.0551,0.121,0.161,0.14163,246.8,723.7,231.4,697.8,262.2,749.7,98,0.344,0
79,46.011,-257.162,260.264,0.8846,0.4663,-0.0008,0.5112,-0.8457,0.1532,0.0709,-0.1362,-0.9881,25.5,0.0577,0.116,0.103,0.1289,248.8,722.7,233.5,696.7,264.2,748.7,100,0.177,0
80,47.746,-256.251,260.261,0.8864,0.4629,-0.002,0.5109,-0.8457,0.1542,0.0699,-0.138,-0.988,25.5,0.0611,0.118,0.06,0.1178,250.8,721.6,235.5,695.7,266.2,747.6,101,0.508,0
81,49.485,-255.347,260.256,0.888,0.4599,-0.0033,0.5116,-0.8451,0.1551,0.0687,-0.1397,-0.9878,25.5,0.0651,0.12,0.074,0.10641,252.9,720.5,237.5,694.6,268.3,746.6,103,0.327,0
82,51.227,-254.448,260.248,0.8894,0.4571,-0.0048,0.5131,-0.844,0.156,0.0674,-0.1416,-0.9876,25.5,0.0698,0.132,0.118,0.10147,254.9,719.5,239.5,693.6,270.4,745.5,104,0.14,0
83,52.971,-253.555,260.237,0.8915,0.4529,-0.0053,0.5155,-0.8424,0.1568,0.0667,-0.1429,-0.9875,25.5,0.0772,0.085,0.172,0.1381,256.9,718.4,241.4,692.6,272.5,744.4,105,0.519,0
84,54.723,-252.677,260.23,0.8961,0.4438,-0.0025,0.5186,-0.8404,0.1574,0.0681,-0.143,-0.9874,25.5,0.0914,0.081,0.214,0.30908,259.0,717.4,243.4,691.6,274.6,743.3,106,0.815,0
85,56.483,-251.814,260.226,0.8996,0.4368,-0.0012,0.5225,-0.8379,0.158,0.0684,-0.1435,-0.9873,25.5,0.1039,0.034,0.268,0.23193,261.0,716.4,245.3,690.7,276.8,742.2,108,0.841,0
86,58.249,-250.963,260.224,0.9019,0.4318,-0.0014,0.527,-0.8349,0.1585,0.0677,-0.1446,-0.9872,25.5,0.1146,0.075,0.311,0.16097,263.1,715.4,247.2,689.8,279.0,741.1,109,0.84,0
87,60.018,-250.12,260.22,0.9034,0.4288,-0.0032,0.5321,-0.8317,0.1588,0.066,-0.1463,-0.987,25.5,0.1236,0.138,0.345,0.11127,265.2,714.4,249.2,688.9,281.3,740.0,110,0.936,0
88,61.789,-249.281,260.21,0.9039,0.4278,-0.0065,0.5376,-0.8281,0.1591,0.0632,-0.1486,-0.9869,25.5,0.1306,0.208,0.377,0.10183,267.2,713.4,251.1,688.0,283.5,739.0,110,1.027,0
89,63.56,-248.442,260.193,0.9034,0.4287,-0.0116,0.5434,-0.8242,0.1593,0.0593,-0.1516,-0.9867,25.5,0.1357,0.282,0.401,0.15211,269.3,712.4,253.0,687.2,285.7,737.8,111,0.834,0
90,65.33,-247.599,260.164,0.9018,0.4318,-0.0185,0.5495,-0.8201,0.1594,0.0542,-0.1554,-0.9864,25.5,0.1385,0.365,0.421,0.22598,271.4,711.5,254.8,686.3,288.0,736.7,112,0.55,0
91,67.094,-246.748,260.119,0.8989,0.4373,-0.0275,0.5558,-0.8159,0.1594,0.0477,-0.1601,-0.9859,25.5,0.1384,0.46,0.434,0.31983,273.4,710.5,256.7,685.4,290.3,735.6,113,0.174,0
92,68.852,-245.883,260.054,0.8945,0.4454,-0.0392,0.5622,-0.8115,0.1593,0.0395,-0.166,-0.9853,25.5,0.1352,0.58,0.445,0.43534,275.5,709.4,258.6,684.5,292.5,734.4,114,0.289,0
93,70.6,-245.002,259.965,0.8901,0.4529,-0.0503,0.5686,-0.8071,0.1591,0.0317,-0.1717,-0.9846,25.5,0.1326,0.555,0.445,0.41237,277.5,708.4,260.4,683.6,294.7,733.3,115,0.838,0
94,72.343,-244.111,259.859,0.8883,0.4556,-0.0574,0.5751,-0.8025,0.1588,0.0266,-0.1757,-0.9841,25.5,0.1361,0.372,0.457,0.22821,279.6,707.3,262.2,682.7,297.0,732.1,115,1.122,0
95,74.082,-243.215,259.739,0.8859,0.4591,-0.0658,0.5815,-0.798,0.1585,0.0204,-0.1804,-0.9834,25.5,0.1384,0.448,0.449,0.27513,281.6,706.3,264.1,681.8,299.2,730.8,116,0.49,0
96,75.815,-242.311,259.6,0.8829,0.4634,-0.0759,0.5879,-0.7934,0.158,0.0131,-0.1859,-0.9825,25.5,0.1394,0.526,0.452,0.33269,283.6,705.2,265.9,680.8,301.4,729.6,117,0.221,0
97,77.542,-241.398,259.44,0.8791,0.4685,-0.0876,0.5943,-0.7887,0.1574,0.0047,-0.1923,-0.9813,25.5,0.1392,0.609,0.456,0.38934,285.6,704.1,267.7,679.9,303.6,728.4,118,1.001,0
98,79.26,-240.474,259.256,0.8744,0.4745,-0.101,0.6007,-0.7839,0.1568,-0.0048,-0.1997,-0.9799,25.5,0.1375,0.695,0.46,0.45075,287.6,703.0,269.5,678.9,305.8,727.1,118,0.959,0
99,80.969,-239.538,259.043,0.8687,0.4815,-0.1163,0.6072,-0.7791,0.156,-0.0157,-0.2081,-0.978,25.5,0.1342,0.796,0.465,0.51928,289.6,701.8,271.3,678.0,308.0,725.8,119,0.118,0
100,82.664,-238.586,258.799,0.8618,0.4893,-0.1336,0.6137,-0.7742,0.1551,-0.0277,-0.2175,-0.9757,25.5,0.1293,0.883,0.469,0.59038,291.6,700.7,273.1,677.0,310.1,724.5,120,0.775,0
101,84.348,-237.621,258.522,0.8555,0.4961,-0.1482,0.6202,-0.7692,0.1542,-0.0378,-0.2256,-0.9735,25.5,0.1261,0.752,0.473,0.5056,293.5,699.5,274.8,675.9,312.3,723.2,120,1.185,0
102,86.018,-236.642,258.217,0.8485,0.503,-0.1643,0.6267,-0.764,0.1531,-0.0489,-0.2346,-0.9709,25.5,0.1223,0.832,0.481,0.55149,295.4,698.3,276.6,674.9,314.4,721.8,121,0.248,0
103,87.673,-235.649,257.877,0.8406,0.51,-0.1821,0.6333,-0.7589,0.1518,-0.0612,-0.2447,-0.9677,25.5,0.1177,0.93,0.484,0.60504,297.3,697.1,278.3,673.9,316.5,720.4,122,0.727,0
104,89.312,-234.643,257.502,0.8319,0.5171,-0.2016,0.6399,-0.7536,0.1505,-0.0745,-0.2558,-0.9639,25.5,0.1123,1.016,0.491,0.6579,299.2,695.8,280.0,672.8,318.6,719.0,122,1.233,0
105,90.933,-233.622,257.086,0.8222,0.524,-0.2225,0.6464,-0.7483,0.149,-0.0889,-0.2678,-0.9594,25.5,0.1062,1.104,0.488,0.70315,301.1,694.6,281.6,671.7,320.6,717.6,123,0.228,0
106,92.534,-232.589,256.629,0.8116,0.5305,-0.2446,0.6529,-0.743,0.1474,-0.104,-0.2807,-0.9541,25.5,0.0997,1.178,0.489,0.74138,302.9,693.3,283.3,670.6,322.7,716.1,124,0.804,0
107,94.114,-231.542,256.129,0.8003,0.5376,-0.2657,0.6593,-0.7376,0.1457,-0.1182,-0.293,-0.9488,25.5,0.0924,1.118,0.49,0.72985,304.7,692.0,284.9,669.4,324.7,714.6,124,1.156,0
108,95.67,-230.482,255.587,0.788,0.5442,-0.2877,0.6657,-0.7322,0.1438,-0.1329,-0.306,-0.9427,25.5,0.0847,1.177,0.492,0.76181,306.5,690.6,286.5,668.3,326.6,713.1,125,0.103,0
109,97.202,-229.41,255.001,0.775,0.5504,-0.3105,0.672,-0.7268,0.1419,-0.148,-0.3196,-0.9359,25.5,0.0767,1.228,0.488,0.78844,308.3,689.3,288.1,667.1,328.5,711.6,126,0.967,0
110,98.708,-228.325,254.369,0.7612,0.556,-0.3338,0.6782,-0.7214,0.1398,-0.1635,-0.3336,-0.9284,25.5,0.0685,1.272,0.486,0.80851,310.0,687.9,289.6,665.9,330.4,710.0,126,0.993,0
111,100.186,-227.231,253.692,0.7468,0.5608,-0.3574,0.6844,-0.716,0.1376,-0.1791,-0.348,-0.9202,25.5,0.0604,1.304,0.488,0.82038,311.6,686.5,291.1,664.7,332.3,708.4,127,0.087,0
112,101.634,-226.127,252.969,0.7316,0.5657,-0.3804,0.6904,-0.7107,0.1354,-0.194,-0.3622,-0.9117,25.5,0.0515,1.276,0.476,0.81868,313.3,685.1,292.6,663.5,334.1,706.8,128,1.172,0
113,103.053,-225.014,252.201,0.7156,0.5702,-0.4034,0.6963,-0.7053,0.133,-0.2089,-0.3764,-0.9026,25.5,0.0425,1.289,0.478,0.82964,314.9,683.7,294.0,662.3,335.8,705.2,128,0.788,0
114,104.439,-223.892,251.387,0.6989,0.574,-0.4267,0.702,-0.7001,0.1306,-0.2239,-0.391,-0.8927,25.5,0.033,1.327,0.463,0.84549,316.4,682.3,295.4,661.0,337.5,703.6,129,0.297,0
115,105.791,-222.764,250.528,0.6811,0.5771,-0.4506,0.7077,-0.6948,0.1281,-0.2392,-0.4063,-0.8819,25.5,0.0233,1.386,0.468,0.87594,317.9,680.8,296.7,659.7,339.2,702.0,130,1.378,0
116,107.108,-221.631,249.62,0.662,0.5795,-0.4754,0.7132,-0.6897,0.1256,-0.2551,-0.4222,-0.8699,25.5,0.0127,1.46,0.453,0.91784,319.4,679.3,298.0,658.4,340.8,700.3,130,0.582,0
117,108.386,-220.493,248.665,0.642,0.5817,-0.4995,0.7185,-0.6846,0.123,-0.2704,-0.4378,-0.8574,25.5,0.0016,1.442,0.447,0.91787,320.8,677.9,299.3,657.1,342.3,698.7,131,0.492,0
118,109.623,-219.351,247.662,0.6208,0.5834,-0.5237,0.7236,-0.6796,0.1203,-0.2858,-0.4537,-0.8441,25.5,0.0103,1.48,0.437,0.94196,322.1,676.4,300.5,655.8,343.8,697.0,131,1.469,0
119,110.818,-218.207,246.612,0.5984,0.5841,-0.5484,0.7286,-0.6748,0.1177,-0.3014,-0.4701,-0.8296,25.5,0.0227,1.54,0.424,0.97511,323.4,674.9,301.7,654.5,345.2,695.3,132,0.405,1
120,111.968,-217.062,245.513,0.5753,0.5837,-0.573,0.7333,-0.6701,0.115,-0.317,-0.4866,-0.8141,25.5,0.0352,1.575,0.411,0.98674,324.7,673.4,302.8,653.1,346.6,693.7,133,0.648,1
121,113.073,-215.92,244.366,0.5519,0.5823,-0.5969,0.7379,-0.6655,0.1123,-0.3322,-0.503,-0.7979,25.5,0.0473,1.582,0.404,0.97875,325.8,671.9,303.9,651.8,347.9,692.0,133,1.313,1
122,114.131,-214.779,243.175,0.5281,0.5814,-0.6189,0.7422,-0.6611,0.1097,-0.346,-0.5183,-0.7821,25.5,0.0603,1.488,0.383,0.94801,327.0,670.3,304.9,650.4,349.1,690.3,134,0.273,1
123,115.143,-213.641,241.941,0.5043,0.5794,-0.6403,0.7464,-0.6569,0.107,-0.3595,-0.5333,-0.7657,25.5,0.0727,1.49,0.374,0.93761,328.0,668.8,305.8,649.1,350.3,688.7,135,0.751,1
124,116.108,-212.509,240.665,0.4807,0.5761,-0.6611,0.7503,-0.6528,0.1045,-0.3727,-0.5482,-0.7487,25.5,0.0845,1.5,0.354,0.92477,329.0,667.3,306.8,647.7,351.4,687.0,135,1.209,1
125,117.027,-211.384,239.35,0.4572,0.5718,-0.6811,0.754,-0.6489,0.102,-0.3854,-0.5628,-0.7312,25.5,0.0958,1.495,0.34,0.91096,330.0,665.8,307.6,646.4,352.4,685.3,136,0.206,1
126,117.9,-210.268,237.996,0.434,0.5667,-0.7003,0.7575,-0.6452,0.0996,-0.3977,-0.577,-0.7134,25.5,0.1066,1.483,0.323,0.89303,330.9,664.3,308.4,645.0,353.4,683.7,137,0.774,1
127,118.729,-209.161,236.607,0.4114,0.5627,-0.717,0.7608,-0.6417,0.0973,-0.4082,-0.5897,-0.6969,25.5,0.1179,1.336,0.305,0.82983,331.7,662.8,309.2,643.6,354.3,682.1,137,1.186,1
128,119.513,-208.063,235.185,0.3886,0.5576,-0.7336,0.7638,-0.6383,0.0952,-0.4187,-0.6024,-0.6796,25.5,0.1289,1.369,0.286,0.83794,332.5,661.3,309.9,642.3,355.1,680.5,138,0.238,1
129,120.252,-206.976,233.732,0.3656,0.5512,-0.75,0.7667,-0.6352,0.0932,-0.4292,-0.6151,-0.6613,25.5,0.1397,1.411,0.269,0.84678,333.2,659.9,310.6,640.9,355.9,678.9,139,0.674,1
130,120.946,-205.903,232.246,0.3421,0.5437,-0.7664,0.7693,-0.6323,0.0915,-0.4399,-0.6281,-0.6419,25.5,0.1507,1.472,0.243,0.86606,333.9,658.4,311.2,639.6,356.6,677.3,139,1.286,1
131,121.592,-204.846,230.727,0.318,0.5348,-0.7829,0.7717,-0.6296,0.0899,-0.4508,-0.6411,-0.6211,25.5,0.1617,1.538,0.226,0.89265,334.5,657.0,311.7,638.2,357.3,675.8,140,0.419,1
132,122.192,-203.806,229.178,0.2942,0.5267,-0.7975,0.7738,-0.6272,0.0885,-0.4605,-0.6531,-0.6012,25.5,0.1733,1.443,0.2,0.84999,335.0,655.6,312.2,636.9,357.9,674.2,141,0.398,1
133,122.746,-202.782,227.602,0.2711,0.5186,-0.8109,0.7758,-0.6249,0.0874,-0.4695,-0.6642,-0.5817,25.5,0.1846,1.385,0.186,0.81592,335.5,654.1,312.7,635.6,358.4,672.7,142,1.158,1
134,123.255,-201.774,226.0,0.2484,0.5098,-0.8237,0.7775,-0.6229,0.0866,-0.4782,-0.6749,-0.562,25.5,0.1958,1.378,0.157,0.80417,336.0,652.8,313.1,634.3,358.9,671.3,142,0.803,1
135,123.72,-200.784,224.374,0.2265,0.5004,-0.8356,0.7789,-0.6211,0.0862,-0.4864,-0.6852,-0.5422,25.5,0.2064,1.362,0.133,0.77877,336.3,651.4,313.5,633.0,359.3,669.8,143,0.101,1
136,124.143,-199.812,222.725,0.2053,0.4907,-0.8468,0.7802,-0.6196,0.086,-0.4942,-0.6948,-0.5224,25.5,0.2167,1.338,0.114,0.75619,336.7,650.0,313.8,631.7,359.6,668.4,144,0.542,1
137,124.526,-198.861,221.055,0.185,0.4806,-0.8572,0.7812,-0.6183,0.0863,-0.5016,-0.7039,-0.5029,25.5,0.2266,1.304,0.096,0.72929,337.0,648.7,314.1,630.4,359.9,667.0,145,1.12,1
138,124.865,-197.928,219.365,0.1618,0.471,-0.8672,0.782,-0.6172,0.087,-0.5091,-0.713,-0.4822,25.5,0.2396,1.365,0.088,0.79023,337.2,647.4,314.3,629.2,360.1,665.7,145,0.84,1
139,125.162,-197.014,217.657,0.1418,0.4618,-0.8756,0.7826,-0.6163,0.0881,-0.5154,-0.7207,-0.4636,25.5,0.2508,1.209,0.088,0.68878,337.4,646.1,314.5,628.0,360.3,664.4,146,0.33,1
140,125.422,-196.118,215.934,0.1242,0.4528,-0.8829,0.7829,-0.6156,0.0897,-0.5209,-0.7276,-0.4464,25.5,0.2607,1.108,0.101,0.61606,337.5,644.9,314.7,626.7,360.5,663.1,147,0.108,1
141,125.65,-195.24,214.197,0.1085,0.4438,-0.8895,0.783,-0.6152,0.0918,-0.5259,-0.7337,-0.4302,25.5,0.2697,1.032,0.123,0.56313,337.6,643.6,314.8,625.5,360.5,661.8,148,0.465,1
142,125.848,-194.378,212.447,0.094,0.4347,-0.8957,0.7829,-0.6149,0.0945,-0.5306,-0.7393,-0.4145,25.5,0.2783,0.992,0.156,0.53228,337.7,642.4,314.9,624.3,360.6,660.5,149,0.737,1
143,126.019,-193.536,210.686,0.0806,0.4251,-0.9016,0.7826,-0.6148,0.0977,-0.5352,-0.7446,-0.3989,25.5,0.2864,0.98,0.184,0.51177,337.7,641.2,314.9,623.1,360.6,659.3,150,0.919,1
144,126.164,-192.713,208.913,0.0651,0.4143,-0.9078,0.782,-0.615,0.1016,-0.5404,-0.7501,-0.3811,25.5,0.2961,1.108,0.226,0.58137,337.7,640.0,315.0,622.0,360.6,658.2,151,1.012,1
145,126.272,-191.913,207.128,0.0452,0.4027,-0.9142,0.7811,-0.6153,0.1062,-0.5466,-0.756,-0.3601,25.5,0.3096,1.299,0.269,0.69894,337.7,638.9,315.0,620.8,360.5,657.0,151,0.948,1
146,126.343,-191.134,205.331,0.0287,0.3921,-0.9195,0.7799,-0.6158,0.1118,-0.5518,-0.7608,-0.3416,25.5,0.3219,1.135,0.329,0.59389,337.6,637.8,315.0,619.7,360.4,655.9,153,0.932,1
147,126.386,-190.375,203.524,0.0152,0.3821,-0.924,0.7784,-0.6165,0.1186,-0.5561,-0.7647,-0.3254,25.5,0.3333,0.986,0.401,0.50846,337.5,636.7,314.9,618.6,360.2,654.8,154,0.761,1
148,126.405,-189.635,201.709,0.0045,0.3728,-0.9279,0.7764,-0.6174,0.1269,-0.5598,-0.7679,-0.3112,25.5,0.3444,0.861,0.492,0.42983,337.4,635.6,314.8,617.5,360.0,653.8,155,0.503,1
149,126.405,-188.914,199.887,-0.0035,0.3639,-0.9314,0.7738,-0.6184,0.1369,-0.5629,-0.7705,-0.299,25.5,0.3553,0.736,0.595,0.36449,337.2,634.5,314.7,616.4,359.8,652.8,156,0.158,1
150,126.393,-188.209,198.058,-0.0085,0.3554,-0.9347,0.7706,-0.6196,0.149,-0.5654,-0.7727,-0.2886,25.5,0.366,0.626,0.72,0.30399,337.0,633.5,314.7,615.3,359.5,651.8,157,0.275,1
151,126.367,-187.527,196.221,-0.0191,0.3393,-0.9405,0.7667,-0.6209,0.1634,-0.5711,-0.7758,-0.2683,25.5,0.379,1.221,0.858,0.58859,336.8,632.5,314.6,614.2,359.2,650.8,159,0.571,1
152,126.318,-186.877,194.373,-0.0306,0.3255,-0.945,0.7619,-0.6221,0.18,-0.5764,-0.7781,-0.2494,25.5,0.3959,1.132,0.992,0.5414,336.6,631.5,314.5,613.2,358.9,649.9,160,0.096,1
153,126.247,-186.248,192.518,-0.0418,0.3163,-0.9477,0.7563,-0.6233,0.1989,-0.5808,-0.7796,-0.2345,25.5,0.4173,0.894,1.132,0.43104,336.4,630.6,314.4,612.2,358.5,649.1,162,0.358,1
154,126.155,-185.634,190.659,-0.0526,0.3121,-0.9486,0.7497,-0.6241,0.22,-0.5838,-0.7803,-0.2243,25.5,0.4429,0.61,1.268,0.3398,336.1,629.6,314.3,611.2,358.1,648.2,163,0.465,1
155,126.042,-185.022,188.801,-0.0628,0.3134,-0.9475,0.742,-0.6247,0.2434,-0.5852,-0.7806,-0.2195,25.5,0.473,0.287,1.412,0.30234,335.8,628.7,314.2,610.2,357.6,647.4,165,0.243,1
156,125.908,-184.404,186.946,-0.0744,0.3149,-0.9462,0.7331,-0.6247,0.2689,-0.587,-0.7809,-0.2137,25.5,0.5057,0.348,1.548,0.34405,335.5,627.8,314.1,609.2,357.1,646.5,167,0.09,1
157,125.749,-183.79,185.092,-0.0874,0.312,-0.946,0.7231,-0.624,0.2962,-0.5908,-0.7809,-0.203,25.5,0.5381,0.651,1.666,0.38947,335.2,626.9,314.1,608.3,356.5,645.6,169,0.051,1
158,125.566,-183.182,183.237,-0.0993,0.3078,-0.9463,0.712,-0.6227,0.3244,-0.5953,-0.7804,-0.1913,25.5,0.5693,0.719,1.738,0.36902,334.8,626.0,314.0,607.3,355.8,644.8,171,0.231,1
159,125.361,-182.584,181.382,-0.1095,0.3023,-0.9469,0.7002,-0.6207,0.3528,-0.6004,-0.7793,-0.1794,25.5,0.5984,0.744,1.766,0.33926,334.4,625.1,313.9,606.4,355.2,643.9,173,0.5,1
160,125.138,-181.998,179.526,-0.1173,0.2961,-0.9479,0.688,-0.618,0.3805,-0.6057,-0.7778,-0.168,25.5,0.6244,0.725,1.741,0.29277,334.0,624.2,313.8,605.6,354.5,643.0,174,0.296,1
161,124.902,-181.425,177.666,-0.1247,0.2884,-0.9494,0.6757,-0.6147,0.4069,-0.612,-0.7755,-0.1552,25.5,0.6479,0.828,1.679,0.31524,333.6,623.3,313.7,604.7,353.7,642.1,176,0.19,1
162,124.649,-180.866,175.805,-0.1335,0.283,-0.9498,0.6634,-0.611,0.432,-0.6184,-0.7727,-0.1433,25.5,0.6718,0.791,1.616,0.30206,333.1,622.5,313.6,603.9,353.0,641.2,177,0.485,1
163,124.377,-180.314,173.944,-0.1439,0.2799,-0.9492,0.651,-0.6069,0.4559,-0.6248,-0.7695,-0.1322,25.5,0.6963,0.757,1.561,0.31773,332.7,621.6,313.5,603.2,352.2,640.3,179,0.254,1
164,124.084,-179.767,172.085,-0.1556,0.2791,-0.9476,0.6386,-0.6027,0.4786,-0.6314,-0.7658,-0.1219,25.5,0.7211,0.732,1.501,0.34602,332.2,620.8,313.3,602.4,351.4,639.4,180,0.291,1
165,123.766,-179.219,170.23,-0.1686,0.2804,-0.945,0.6261,-0.5982,0.5001,-0.6382,-0.7617,-0.1122,25.5,0.7459,0.718,1.448,0.38942,331.7,619.9,313.1,601.7,350.6,638.5,182,0.718,1
166,123.427,-178.672,168.379,-0.1778,0.2776,-0.9441,0.6136,-0.5937,0.5206,-0.6464,-0.7563,-0.1007,25.5,0.7654,0.866,1.4,0.28236,331.2,619.1,312.9,601.0,349.7,637.6,183,0.314,1
167,123.069,-178.13,166.53,-0.1881,0.2761,-0.9425,0.601,-0.5893,0.54,-0.6555,-0.75,-0.0889,25.5,0.7847,0.927,1.349,0.30787,330.6,618.3,312.7,600.2,348.8,636.7,184,0.042,1
168,122.689,-177.589,164.685,-0.1995,0.2758,-0.9403,0.5884,-0.5848,0.5584,-0.6654,-0.7426,-0.0766,25.5,0.8037,0.999,1.303,0.33955,330.1,617.5,312.5,599.5,347.9,635.8,185,0.345,1
169,122.286,-177.048,162.845,-0.2119,0.2766,-0.9373,0.5758,-0.5806,0.5757,-0.6763,-0.7339,-0.0636,25.5,0.8222,1.092,1.25,0.37369,329.5,616.7,312.3,598.8,347.0,634.9,186,0.598,1
170,121.858,-176.504,161.012,-0.2252,0.2784,-0.9337,0.5633,-0.5765,0.5919,-0.6884,-0.7236,-0.0497,25.5,0.84,1.21,1.196,0.40627,328.8,615.9,312.0,598.1,346.0,634.0,187,0.796,1
171,121.405,-175.957,159.185,-0.2368,0.2793,-0.9306,0.5508,-0.5727,0.6072,-0.7014,-0.7119,-0.0352,25.5,0.8554,1.302,1.153,0.35198,328.2,615.0,311.7,597.4,345.0,633.1,189,0.933,1
172,120.93,-175.41,157.364,-0.2476,0.2797,-0.9276,0.5384,-0.5691,0.6215,-0.7155,-0.6983,-0.0196,25.5,0.869,1.435,1.104,0.32789,327.5,614.2,311.4,596.6,344.0,632.2,190,0.903,1
173,120.434,-174.861,155.549,-0.2587,0.2803,-0.9244,0.526,-0.5659,0.6349,-0.7312,-0.6822,-0.0022,25.5,0.8816,1.629,1.062,0.33819,326.8,613.4,311.0,595.9,343.0,631.3,191,0.934,1
174,119.916,-174.311,153.741,-0.2704,0.281,-0.9208,0.5137,-0.5629,0.6474,-0.7484,-0.663,0.0174,25.5,0.8932,1.855,1.019,0.35845,326.1,612.6,310.6,595.2,341.9,630.4,192,1.018,1
175,119.374,-173.759,151.94,-0.2827,0.282,-0.9168,0.5015,-0.5603,0.6592,-0.7673,-0.64,0.0398,25.5,0.9041,2.135,0.984,0.37926,325.4,611.8,310.2,594.4,340.8,629.5,192,0.942,1
176,118.807,-173.206,150.147,-0.2957,0.2831,-0.9124,0.4892,-0.558,0.6703,-0.788,-0.6122,0.0654,25.5,0.9142,2.469,0.958,0.40251,324.6,611.0,309.8,593.7,339.7,628.6,193,0.809,1
177,118.217,-172.65,148.363,-0.3065,0.2837,-0.9086,0.4769,-0.556,0.6808,-0.8082,-0.5818,0.091,25.5,0.9225,2.555,0.934,0.33517,323.8,610.2,309.4,592.9,338.6,627.8,194,0.634,1
178,117.605,-172.094,146.586,-0.3176,0.2844,-0.9046,0.4646,-0.5543,0.6906,-0.8292,-0.5461,0.1195,25.5,0.9299,2.881,0.906,0.34554,323.0,609.4,308.9,592.2,337.5,626.9,195,0.424,1
179,116.971,-171.535,144.818,-0.3295,0.2851,-0.9001,0.4522,-0.553,0.6998,-0.8506,-0.5034,0.1519,25.5,0.9366,3.307,0.888,0.37249,322.2,608.6,308.4,591.4,336.3,626.1,196,0.184,1
180,116.313,-170.976,143.058,-0.342,0.2859,-0.8952,0.4398,-0.5519,0.7085,-0.8716,-0.4525,0.1886,25.5,0.9424,3.792,0.87,0.39318,321.4,607.7,307.9,590.6,335.1,625.3,197,0.079,1
181,115.63,-170.415,141.309,-0.3555,0.2867,-0.8896,0.4273,-0.5513,0.7166,-0.8908,-0.392,0.2296,25.5,0.9475,4.331,0.854,0.42791,320.5,606.9,307.4,589.8,333.8,624.4,198,0.359,1
182,114.92,-169.852,139.571,-0.3698,0.2875,-0.8835,0.4147,-0.5509,0.7242,-0.9063,-0.321,0.2749,25.5,0.9516,4.908,0.843,0.45511,319.6,606.1,306.9,589.0,332.6,623.6,199,0.651,1
183,114.181,-169.288,137.846,-0.3833,0.2878,-0.8776,0.4021,-0.551,0.7313,-0.9156,-0.2432,0.3202,25.5,0.9545,5.187,0.829,0.43083,318.7,605.3,306.3,588.3,331.3,622.8,200,0.95,1
184,113.417,-168.724,136.131,-0.3963,0.2881,-0.8717,0.3893,-0.5513,0.7379,-0.9174,-0.1606,0.364,25.5,0.9563,5.36,0.825,0.41747,317.7,604.5,305.7,587.5,330.0,622.0,200,1.01,1
185,112.628,-168.159,134.429,-0.409,0.2888,-0.8656,0.3764,-0.5521,0.744,-0.911,-0.0746,0.4055,25.5,0.9574,5.486,0.819,0.41242,316.7,603.7,305.1,586.6,328.6,621.2,201,0.711,1
186,111.814,-167.592,132.738,-0.4214,0.2897,-0.8594,0.3634,-0.5531,0.7497,-0.8961,0.0128,0.4437,25.5,0.9577,5.534,0.815,0.40613,315.7,602.9,304.5,585.8,327.2,620.4,202,0.415,1
187,110.976,-167.023,131.061,-0.4337,0.2909,-0.8528,0.3501,-0.5544,0.755,-0.8728,0.0994,0.4778,25.5,0.957,5.499,0.824,0.40959,314.7,602.1,303.8,585.0,325.8,619.7,203,0.129,1
188,110.114,-166.452,129.396,-0.4459,0.2924,-0.846,0.3368,-0.5561,0.7598,-0.8422,0.1829,0.5071,25.5,0.9556,5.367,0.816,0.41067,313.6,601.4,303.1,584.2,324.4,618.9,204,0.143,1
189,109.229,-165.877,127.744,-0.4576,0.2938,-0.8392,0.3232,-0.558,0.7643,-0.8065,0.2601,0.5309,25.5,0.9532,5.062,0.828,0.39774,312.6,600.6,302.5,583.4,322.9,618.2,205,0.397,1
190,108.32,-165.3,126.107,-0.4697,0.2949,-0.8321,0.3094,-0.5602,0.7684,-0.7667,0.3311,0.5501,25.5,0.9499,4.793,0.834,0.41141,311.5,599.8,301.8,582.5,321.4,617.4,206,0.625,1
191,107.388,-164.721,124.483,-0.4821,0.2958,-0.8247,0.2955,-0.5626,0.7721,-0.7242,0.3952,0.5651,25.5,0.9456,4.491,0.836,0.42297,310.4,599.0,301.0,581.7,319.9,616.7,207,0.824,1
192,106.43,-164.141,122.874,-0.4948,0.2964,-0.8169,0.2814,-0.5652,0.7754,-0.681,0.4517,0.5764,25.5,0.9402,4.127,0.843,0.43606,309.2,598.2,300.3,580.8,318.4,615.9,208,0.995,1
193,105.448,-163.56,121.281,-0.5079,0.2967,-0.8087,0.2673,-0.568,0.7784,-0.6384,0.5006,0.5846,25.5,0.9338,3.746,0.841,0.45192,308.1,597.4,299.5,580.0,316.8,615.2,208,0.965,1
194,104.44,-162.978,119.705,-0.5211,0.2968,-0.8002,0.2532,-0.571,0.7809,-0.5976,0.5425,0.5904,25.5,0.9263,3.368,0.838,0.45901,306.9,596.6,298.7,579.1,315.2,614.5,209,0.813,1
195,103.406,-162.396,118.145,-0.5339,0.2977,-0.7914,0.239,-0.5741,0.7832,-0.5586,0.5784,0.5945,25.5,0.9183,3.047,0.843,0.45485,305.7,595.8,297.9,578.3,313.6,613.8,210,0.667,1
196,102.347,-161.812,116.603,-0.5466,0.2982,-0.7825,0.2249,-0.5772,0.785,-0.5229,0.6083,0.5971,25.5,0.9093,2.673,0.834,0.45364,304.4,595.0,297.1,577.4,312.0,613.0,211,0.515,1
197,101.263,-161.227,115.078,-0.559,0.2981,-0.7737,0.211,-0.5804,0.7865,-0.4911,0.6328,0.5987,25.5,0.8995,2.302,0.822,0.44457,303.2,594.2,296.2,576.6,310.3,612.3,212,0.347,1
198,100.156,-160.644,113.57,-0.5709,0.2974,-0.7653,0.1973,-0.5835,0.7878,-0.4635,0.6526,0.5994,25.5,0.8891,1.947,0.808,0.42633,301.9,593.5,295.3,575.8,308.6,611.6,213,0.149,1
199,99.026,-160.062,112.078,-0.5821,0.2962,-0.7573,0.1838,-0.5866,0.7887,-0.4401,0.6684,0.5996,25.5,0.878,1.618,0.795,0.4039,300.6,592.7,294.4,574.9,306.9,610.9,214,0.088,1
200,97.875,-159.483,110.601,-0.5924,0.2944,-0.7499,0.1707,-0.5896,0.7895,-0.4205,0.681,0.5995,25.5,0.8667,1.335,0.771,0.3745,299.3,591.9,293.5,574.1,305.2,610.2,215,0.378,1
201,96.704,-158.908,109.138,-0.6023,0.2926,-0.7427,0.1581,-0.5924,0.79,-0.403,0.6917,0.5993,25.5,0.8553,1.175,0.74,0.36168,297.9,591.2,292.5,573.3,303.5,609.5,216,0.729,1
202,95.514,-158.336,107.69,-0.6119,0.2912,-0.7354,0.1458,-0.595,0.7904,-0.3865,0.7011,0.5992,25.5,0.8437,1.088,0.721,0.35498,296.6,590.4,291.5,572.5,301.8,608.8,217,1.146,1
203,94.306,-157.766,106.256,-0.6211,0.2901,-0.728,0.134,-0.5976,0.7905,-0.3709,0.7095,0.5992,25.5,0.8321,1.015,0.692,0.34663,295.2,589.7,290.5,571.7,300.1,608.1,217,0.814,1
204,93.08,-157.198,104.836,-0.6302,0.2894,-0.7205,0.1226,-0.5999,0.7906,-0.3559,0.7171,0.5993,25.5,0.8205,0.963,0.666,0.34539,293.8,588.9,289.4,570.9,298.4,607.4,218,0.329,1
205,91.836,-156.632,103.432,-0.6391,0.2889,-0.7128,0.1115,-0.6022,0.7906,-0.3414,0.7239,0.5995,25.5,0.8088,0.918,0.649,0.34434,292.4,588.2,288.3,570.1,296.7,606.7,219,0.229,1
206,90.575,-156.066,102.042,-0.6479,0.2887,-0.7049,0.1008,-0.6042,0.7904,-0.3274,0.7301,0.5999,25.5,0.7969,0.878,0.624,0.3458,291.0,587.4,287.2,569.4,294.9,606.0,220,0.861,1
207,89.296,-155.5,100.669,-0.6566,0.2887,-0.6968,0.0905,-0.6062,0.7902,-0.3135,0.7357,0.6003,25.5,0.785,0.859,0.601,0.34751,289.6,586.7,286.1,568.6,293.2,605.3,220,1.099,1
208,88.001,-154.935,99.31,-0.6648,0.2878,-0.6893,0.0805,-0.608,0.7898,-0.3022,0.7402,0.6006,25.5,0.7729,0.697,0.583,0.32594,288.1,586.0,284.9,567.8,291.5,604.6,221,0.389,1
209,86.691,-154.372,97.967,-0.6727,0.287,-0.682,0.0708,-0.6097,0.7895,-0.2916,0.7442,0.6009,25.5,0.7611,0.649,0.564,0.31532,286.7,585.3,283.7,567.1,289.7,603.9,222,0.402,1
210,85.365,-153.81,96.637,-0.6803,0.2865,-0.6746,0.0613,-0.6113,0.789,-0.2813,0.7479,0.6013,25.5,0.7491,0.627,0.553,0.31047,285.2,584.5,282.5,566.4,288.0,603.2,223,1.278,1
211,84.024,-153.248,95.322,-0.6877,0.2861,-0.6672,0.0522,-0.6127,0.7886,-0.2712,0.7513,0.6017,25.5,0.7373,0.611,0.528,0.30617,283.7,583.8,281.3,565.6,286.2,602.4,223,0.682,1
212,82.669,-152.688,94.022,-0.695,0.286,-0.6597,0.0433,-0.6141,0.7881,-0.2611,0.7544,0.6022,25.5,0.7256,0.606,0.517,0.30598,282.2,583.1,280.1,564.9,284.4,601.7,224,0.28,1
213,81.3,-152.127,92.737,-0.7022,0.2861,-0.6519,0.0346,-0.6153,0.7875,-0.2511,0.7574,0.6028,25.5,0.7137,0.599,0.504,0.31035,280.7,582.4,278.8,564.2,282.7,601.0,225,1.316,1
214,79.916,-151.566,91.467,-0.7095,0.2864,-0.6439,0.0261,-0.6165,0.7869,-0.2409,0.7601,0.6035,25.5,0.7018,0.606,0.493,0.31673,279.2,581.7,277.5,563.5,280.9,600.3,225,0.644,1
215,78.519,-151.005,90.213,-0.7164,0.2866,-0.6361,0.0178,-0.6176,0.7863,-0.2313,0.7625,0.6042,25.5,0.6899,0.568,0.481,0.30454,277.7,581.0,276.2,562.7,279.1,599.6,226,0.447,2
216,77.109,-150.444,88.973,-0.7227,0.2862,-0.6292,0.0096,-0.6186,0.7857,-0.2236,0.7645,0.6046,25.5,0.6783,0.456,0.475,0.27338,276.1,580.3,274.9,562.0,277.3,598.9,226,1.513,2
217,75.686,-149.883,87.747,-0.729,0.286,-0.6219,0.0016,-0.6195,0.785,-0.2157,0.7663,0.6052,25.5,0.6665,0.466,0.463,0.28194,274.6,579.6,273.6,561.3,275.6,598.2,227,0.387,2
218,74.251,-149.322,86.536,-0.7356,0.2858,-0.6141,-0.0063,-0.6204,0.7843,-0.2073,0.7681,0.6059,25.5,0.6543,0.494,0.457,0.29876,273.0,578.9,272.3,560.6,273.8,597.5,228,0.756,2
219,72.803,-148.762,85.34,-0.7425,0.2858,-0.6058,-0.0141,-0.6212,0.7835,-0.1986,0.7697,0.6067,25.5,0.6417,0.509,0.452,0.31555,271.4,578.2,270.9,559.9,271.9,596.8,228,1.204,2
220,71.34,-148.202,84.162,-0.7498,0.2859,-0.5967,-0.0219,-0.6219,0.7828,-0.1894,0.7714,0.6076,25.5,0.6285,0.538,0.45,0.34107,269.8,577.5,269.6,559.2,270.1,596.1,229,0.063,2
221,69.863,-147.642,83.002,-0.7576,0.286,-0.5867,-0.0296,-0.6226,0.782,-0.1795,0.7729,0.6086,25.5,0.6144,0.577,0.445,0.37078,268.2,576.8,268.2,558.6,268.3,595.4,230,1.057,2
222,68.37,-147.081,81.863,-0.766,0.2863,-0.5756,-0.0373,-0.6233,0.7811,-0.1688,0.7744,0.6098,25.5,0.5995,0.623,0.446,0.40706,266.6,576.1,266.8,557.9,266.5,594.7,230,0.903,2
223,66.86,-146.52,80.746,-0.7745,0.2863,-0.564,-0.0451,-0.6239,0.7802,-0.1582,0.7756,0.611,25.5,0.5837,0.615,0.451,0.42039,265.0,575.4,265.4,557.2,264.6,594.1,231,0.178,2
224,65.335,-145.959,79.652,-0.7825,0.286,-0.5531,-0.0528,-0.6244,0.7793,-0.1488,0.7766,0.6122,25.5,0.5683,0.546,0.445,0.39538,263.4,574.7,264.0,556.5,262.7,593.4,232,1.201,2
225,63.793,-145.398,78.579,-0.7905,0.2858,-0.5417,-0.0605,-0.6249,0.7783,-0.1393,0.7774,0.6134,25.5,0.5524,0.551,0.446,0.40722,261.7,574.0,262.5,555.8,260.9,592.7,232,0.758,2
226,62.236,-144.838,77.528,-0.7984,0.2857,-0.53,-0.0683,-0.6254,0.7773,-0.1296,0.7781,0.6147,25.5,0.5361,0.562,0.451,0.41273,260.0,573.4,261.1,555.2,259.0,592.0,233,0.197,2
227,60.664,-144.278,76.501,-0.8062,0.2858,-0.5181,-0.0762,-0.6259,0.7762,-0.1199,0.7786,0.616,25.5,0.5196,0.561,0.458,0.41598,258.4,572.7,259.6,554.5,257.0,591.3,234,1.078,2
228,59.076,-143.718,75.498,-0.8137,0.2859,-0.5061,-0.084,-0.6263,0.7751,-0.1103,0.7789,0.6174,25.5,0.503,0.556,0.452,0.41373,256.7,572.0,258.2,553.8,255.1,590.6,234,0.882,2
229,57.474,-143.157,74.518,-0.821,0.2863,-0.4941,-0.0919,-0.6267,0.7738,-0.1008,0.779,0.6189,25.5,0.4863,0.551,0.459,0.41078,255.0,571.3,256.7,553.2,253.2,589.9,235,0.08,2
230,55.859,-142.596,73.561,-0.8279,0.2869,-0.482,-0.0999,-0.627,0.7726,-0.0912,0.779,0.6204,25.5,0.4696,0.557,0.464,0.40757,253.2,570.7,255.2,552.5,251.2,589.3,236,0.638,2
231,54.229,-142.033,72.629,-0.8348,0.2877,-0.4693,-0.1079,-0.6273,0.7712,-0.0813,0.7787,0.622,25.5,0.4523,0.575,0.466,0.42318,251.5,570.0,253.7,551.9,249.3,588.6,237,1.265,2
232,52.586,-141.468,71.721,-0.8416,0.288,-0.4569,-0.116,-0.6276,0.7698,-0.0722,0.7783,0.6237,25.5,0.4348,0.531,0.471,0.41355,249.8,569.3,252.2,551.2,247.3,587.9,237,0.695,2
233,50.93,-140.904,70.838,-0.8483,0.2877,-0.4446,-0.1242,-0.6279,0.7683,-0.064,0.7778,0.6253,25.5,0.4169,0.48,0.478,0.40956,248.0,568.7,250.7,550.6,245.3,587.2,238,0.165,2
234,49.262,-140.341,69.978,-0.8548,0.2867,-0.4325,-0.1325,-0.6282,0.7667,-0.0565,0.7771,0.6269,25.5,0.3984,0.441,0.485,0.40262,246.3,568.0,249.2,549.9,243.3,586.5,239,0.264,2
235,47.58,-139.781,69.143,-0.8614,0.2851,-0.4204,-0.1409,-0.6284,0.765,-0.0498,0.7762,0.6285,25.5,0.3794,0.398,0.491,0.40565,244.5,567.4,247.6,549.3,241.3,585.9,240,0.581,2
236,45.885,-139.224,68.33,-0.8678,0.283,-0.4084,-0.1495,-0.6287,0.7632,-0.0437,0.7753,0.6301,25.5,0.3599,0.365,0.504,0.40231,242.7,566.7,246.1,548.6,239.2,585.2,241,0.788,2
237,44.178,-138.672,67.542,-0.8741,0.2811,-0.3961,-0.1582,-0.6289,0.7612,-0.0374,0.7742,0.6319,25.5,0.34,0.381,0.512,0.40778,240.9,566.1,244.5,548.0,237.2,584.6,242,0.892,2
238,42.459,-138.12,66.779,-0.8799,0.2819,-0.3826,-0.1672,-0.6292,0.759,-0.0282,0.7726,0.6342,25.5,0.3206,0.551,0.531,0.43022,239.1,565.4,243.0,547.4,235.1,583.9,243,0.9,2
239,40.729,-137.568,66.042,-0.8858,0.2811,-0.3693,-0.1761,-0.6295,0.7568,-0.0207,0.771,0.6365,25.5,0.3004,0.459,0.526,0.426,237.3,564.8,241.4,546.8,233.0,583.3,244,0.823,2
240,38.987,-137.019,65.331,-0.8918,0.2786,-0.3565,-0.185,-0.6299,0.7543,-0.015,0.7693,0.6387,25.5,0.2794,0.363,0.53,0.41971,235.5,564.2,239.9,546.1,231.0,582.6,245,0.668,2
241,37.234,-136.477,64.644,-0.8978,0.2744,-0.3445,-0.1937,-0.6303,0.7518,-0.0113,0.7677,0.6407,25.5,0.258,0.258,0.519,0.41101,233.6,563.6,238.3,545.5,228.9,582.0,246,0.443,2
242,35.468,-135.945,63.98,-0.9037,0.2687,-0.3335,-0.202,-0.6309,0.7491,-0.0094,0.7661,0.6427,25.5,0.2368,0.183,0.501,0.40114,231.8,563.0,236.7,544.9,226.8,581.4,247,0.158,2
243,33.692,-135.425,63.336,-0.9093,0.2617,-0.3235,-0.2099,-0.6316,0.7463,-0.0092,0.7646,0.6445,25.5,0.2159,0.135,0.482,0.39266,229.9,562.4,235.0,544.3,224.7,580.8,248,0.182,2
244,31.904,-134.92,62.711,-0.9148,0.2528,-0.315,-0.2172,-0.6325,0.7435,-0.0115,0.7632,0.646,25.5,0.1954,0.177,0.451,0.39409,228.1,561.8,233.4,543.8,222.6,580.2,249,0.565,2
245,30.106,-134.434,62.101,-0.92,0.2434,-0.3072,-0.2238,-0.6336,0.7406,-0.0146,0.7619,0.6475,25.5,0.1758,0.211,0.418,0.38807,226.2,561.2,231.7,543.2,220.5,579.7,251,0.535,2
246,28.298,-133.964,61.508,-0.9246,0.2367,-0.2986,-0.2297,-0.635,0.7376,-0.0152,0.7601,0.6496,25.5,0.1582,0.162,0.388,0.3459,224.3,560.7,230.0,542.6,218.5,579.2,252,0.082,2
247,26.482,-133.505,60.932,-0.9287,0.2324,-0.289,-0.2348,-0.6365,0.7346,-0.0134,0.7578,0.6523,25.5,0.1422,0.228,0.35,0.33005,222.4,560.2,228.2,542.1,216.4,578.7,253,0.38,2
248,24.658,-133.052,60.376,-0.9325,0.2302,-0.2782,-0.2392,-0.6383,0.7317,-0.0092,0.755,0.6556,25.5,0.1274,0.346,0.319,0.34082,220.5,559.7,226.5,541.5,214.4,578.2,255,0.698,2
249,22.827,-132.601,59.842,-0.9361,0.2302,-0.2661,-0.2427,-0.6403,0.7288,-0.0027,0.7517,0.6595,25.5,0.1141,0.474,0.285,0.36904,218.6,559.2,224.7,541.0,212.4,577.7,256,0.294,2
250,20.989,-132.148,59.334,-0.9394,0.2322,-0.2523,-0.2454,-0.6425,0.7259,0.0065,0.7477,0.664,25.5,0.1018,0.63,0.26,0.41889,216.7,558.7,222.9,540.5,210.4,577.2,257,0.073,2
251,19.145,-131.689,58.854,-0.9424,0.2365,-0.2365,-0.2472,-0.6449,0.7232,0.0185,0.7431,0.6689,25.5,0.0906,0.788,0.231,0.4867,214.8,558.1,221.0,539.9,208.4,576.8,258,0.397,2
252,17.296,-131.22,58.408,-0.9452,0.2413,-0.2199,-0.2481,-0.6475,0.7206,0.0316,0.738,0.674,25.5,0.0802,0.857,0.217,0.51179,212.9,557.6,219.2,539.3,206.5,576.3,259,0.684,2
253,15.44,-130.746,57.99,-0.948,0.2428,-0.2059,-0.2481,-0.6503,0.718,0.0405,0.7336,0.6784,25.5,0.0705,0.622,0.219,0.41969,211.0,557.1,217.3,538.7,204.5,575.9,261,0.806,2
254,13.58,-130.269,57.6,-0.9506,0.2439,-0.1918,-0.2472,-0.6533,0.7156,0.0494,0.7291,0.6827,25.5,0.0616,0.622,0.226,0.42038,209.0,556.6,215.3,538.2,202.6,575.4,262,0.619,2
255,11.714,-129.79,57.239,-0.9533,0.2447,-0.1772,-0.2454,-0.6565,0.7133,0.0583,0.7244,0.6869,25.5,0.0531,0.625,0.248,0.43467,207.1,556.1,213.4,537.6,200.7,574.9,263,0.461,2
256,9.843,-129.31,56.906,-0.9559,0.2452,-0.1619,-0.2429,-0.6599,0.711,0.0675,0.7197,0.691,25.5,0.0447,0.637,0.275,0.45394,205.2,555.5,211.4,537.0,198.8,574.5,264,0.329,2
257,7.967,-128.829,56.605,-0.9584,0.2452,-0.1458,-0.2397,-0.6635,0.7087,0.0771,0.7147,0.6952,25.5,0.0363,0.665,0.306,0.47632,203.2,555.0,209.4,536.4,196.9,574.1,265,0.222,2
258,6.086,-128.349,56.336,-0.961,0.2449,-0.1283,-0.2359,-0.6673,0.7065,0.0874,0.7095,0.6993,25.5,0.0274,0.702,0.333,0.51726,201.3,554.5,207.4,535.8,195.1,573.6,266,0.137,2
259,4.2,-127.87,56.103,-0.9636,0.2441,-0.1091,-0.2314,-0.6712,0.7042,0.0987,0.7039,0.7034,25.5,0.0177,0.76,0.366,0.56699,199.3,554.0,205.3,535.2,193.2,573.2,267,0.071,2
260,2.31,-127.392,55.909,-0.9657,0.2438,-0.0889,-0.2264,-0.6754,0.7019,0.1111,0.698,0.7074,25.5,0.0084,0.82,0.397,0.59381,197.4,553.5,203.3,534.5,191.4,572.8,268,0.02,2
261,0.415,-126.914,55.755,-0.9675,0.2434,-0.0682,-0.2208,-0.6797,0.6995,0.1239,0.6919,0.7113,25.5,0.0005,0.843,0.427,0.6076,195.4,553.0,201.2,533.9,189.6,572.4,269,0.019,2
262,-1.482,-126.437,55.642,-0.9689,0.2429,-0.0472,-0.2146,-0.6841,0.6971,0.137,0.6855,0.715,25.5,0.0089,0.862,0.457,0.6155,193.5,552.5,199.1,533.3,187.7,572.0,270,0.048,2
263,-3.382,-125.962,55.57,-0.9698,0.2423,-0.026,-0.208,-0.6888,0.6945,0.1504,0.6791,0.7185,25.5,0.0168,0.874,0.488,0.62061,191.5,552.0,197.0,532.7,185.9,571.6,271,0.071,2
264,-5.284,-125.488,55.54,-0.9704,0.2416,-0.0047,-0.2007,-0.6936,0.6918,0.1639,0.6725,0.7217,25.5,0.0239,0.88,0.524,0.62332,189.5,551.5,194.8,532.1,184.2,571.2,272,0.092,2
265,-7.186,-125.015,55.551,-0.9704,0.2408,0.0165,-0.1929,-0.6986,0.689,0.1775,0.6658,0.7247,25.5,0.0303,0.886,0.555,0.62024,187.6,551.0,192.7,531.5,182.4,570.9,273,0.111,2
266,-9.087,-124.543,55.608,-0.9698,0.2403,0.0413,-0.1845,-0.7038,0.686,0.194,0.6582,0.7274,25.5,0.0381,1.052,0.592,0.7254,185.6,550.5,190.5,530.9,180.6,570.5,274,0.134,2
267,-10.987,-124.074,55.712,-0.9687,0.2392,0.0659,-0.1756,-0.7091,0.6829,0.2103,0.6506,0.7297,25.5,0.0455,1.039,0.62,0.72068,183.7,550.0,188.3,530.3,178.9,570.2,275,0.159,2
268,-12.884,-123.606,55.865,-0.9672,0.2375,0.0898,-0.1662,-0.7146,0.6795,0.2258,0.6432,0.7316,25.5,0.0521,0.99,0.654,0.70189,181.7,549.6,186.2,529.7,177.2,569.8,276,0.19,2
269,-14.778,-123.143,56.064,-0.9654,0.2351,0.1128,-0.1562,-0.7202,0.6759,0.2405,0.636,0.7333,25.5,0.0577,0.943,0.688,0.67816,179.7,549.1,184.0,529.1,175.4,569.5,277,0.228,2
270,-16.668,-122.685,56.306,-0.9633,0.2321,0.1345,-0.1457,-0.726,0.6721,0.2541,0.629,0.7347,25.5,0.0622,0.88,0.721,0.64339,177.8,548.6,181.8,528.5,173.7,569.2,278,0.275,2
271,-18.553,-122.233,56.593,-0.9603,0.2296,0.1586,-0.1347,-0.7319,0.6679,0.2701,0.6214,0.7355,25.5,0.0672,1.016,0.755,0.71378,175.8,548.2,179.5,527.9,172.1,568.9,279,0.331,2
272,-20.432,-121.785,56.928,-0.9565,0.2269,0.1833,-0.1233,-0.738,0.6635,0.2866,0.6136,0.7357,25.5,0.0721,1.046,0.783,0.73486,173.9,547.8,177.3,527.3,170.4,568.6,280,0.399,2
273,-22.302,-121.344,57.311,-0.9525,0.2235,0.207,-0.1113,-0.7441,0.6587,0.3021,0.6062,0.7357,25.5,0.0761,0.984,0.819,0.70969,172.0,547.3,175.1,526.7,168.8,568.3,281,0.481,2
274,-24.165,-120.91,57.738,-0.9483,0.2194,0.2293,-0.0989,-0.7503,0.6536,0.3165,0.5991,0.7355,25.5,0.079,0.92,0.846,0.67418,170.0,546.9,172.9,526.2,167.2,568.1,282,0.578,2
275,-26.019,-120.484,58.208,-0.9441,0.2148,0.2501,-0.0859,-0.7566,0.6482,0.3295,0.5924,0.7352,25.5,0.0807,0.838,0.884,0.63478,168.1,546.5,170.6,525.6,165.6,567.8,283,0.692,2
276,-27.864,-120.067,58.721,-0.9384,0.2109,0.2738,-0.0725,-0.763,0.6423,0.3456,0.5849,0.7338,25.5,0.083,1.021,0.916,0.72171,166.2,546.1,168.4,525.0,164.0,567.6,284,0.825,2
277,-29.698,-119.658,59.28,-0.9325,0.2066,0.2963,-0.0586,-0.7695,0.636,0.3607,0.5777,0.7322,25.5,0.0841,0.963,0.95,0.69156,164.3,545.7,166.1,524.5,162.4,567.4,286,0.802,2
278,-31.519,-119.258,59.882,-0.9267,0.2016,0.317,-0.0442,-0.776,0.6292,0.3742,0.5711,0.7306,25.5,0.084,0.866,0.985,0.64525,162.4,545.4,163.8,524.0,160.9,567.2,287,0.597,2
279,-33.33,-118.868,60.522,-0.9212,0.1961,0.336,-0.0292,-0.7826,0.6219,0.3862,0.565,0.7291,25.5,0.0824,0.776,1.028,0.60024,160.5,545.0,161.6,523.4,159.4,567.0,288,0.363,2
280,-35.13,-118.489,61.198,-0.9157,0.1901,0.3539,-0.0137,-0.7892,0.6139,0.3973,0.5591,0.7277,25.5,0.0798,0.725,1.069,0.5749,158.6,544.7,159.3,522.9,157.9,566.8,289,0.097,3
281,-36.917,-118.121,61.914,-0.9079,0.1856,0.376,0.0024,-0.7959,0.6054,0.4129,0.5522,0.7243,25.5,0.0777,0.997,1.112,0.69768,156.8,544.3,157.0,522.4,156.5,566.6,290,0.203,3
282,-38.69,-117.763,62.67,-0.9008,0.1796,0.3953,0.0191,-0.8026,0.5962,0.4255,0.5461,0.7216,25.5,0.0743,0.817,1.158,0.62628,154.9,544.0,154.8,521.9,155.1,566.5,291,0.539,3
283,-40.449,-117.418,63.461,-0.8948,0.1724,0.4118,0.0364,-0.8093,0.5863,0.4354,0.541,0.7196,25.5,0.0693,0.648,1.205,0.55479,153.1,543.7,152.5,521.5,153.7,566.3,293,0.634,3
284,-42.198,-117.088,64.282,-0.89,0.1638,0.4256,0.0543,-0.8158,0.5758,0.4424,0.5366,0.7186,25.5,0.0631,0.477,1.246,0.49565,151.2,543.4,150.2,521.0,152.3,566.2,294,0.181,3
285,-43.938,-116.777,65.129,-0.8847,0.1539,0.44,0.0726,-0.8222,0.5646,0.4494,0.5323,0.7174,25.5,0.0577,0.476,1.283,0.53385,149.4,543.2,147.9,520.6,151.0,566.1,295,0.314,3
286,-45.665,-116.484,66.007,-0.8781,0.1449,0.4561,0.0917,-0.8284,0.5526,0.4585,0.5277,0.7151,25.5,0.0515,0.599,1.34,0.5727,147.6,542.9,145.6,520.2,149.7,566.0,297,0.526,3
287,-47.38,-116.208,66.916,-0.8718,0.1371,0.4704,0.1116,-0.8345,0.5396,0.4669,0.5233,0.7128,25.5,0.0421,0.559,1.406,0.51058,145.8,542.7,143.2,519.8,148.4,565.9,298,0.104,3
288,-49.082,-115.946,67.85,-0.8659,0.1306,0.4829,0.1326,-0.8405,0.5253,0.4747,0.5191,0.7108,25.5,0.0291,0.52,1.496,0.44652,144.0,542.5,140.9,519.5,147.1,565.9,300,0.46,3
289,-50.774,-115.696,68.807,-0.8605,0.1253,0.4938,0.1549,-0.8464,0.5095,0.4819,0.515,0.7089,25.5,0.0122,0.487,1.602,0.38792,142.2,542.3,138.5,519.1,145.9,565.8,301,0.304,3
290,-52.452,-115.466,69.793,-0.852,0.1092,0.5121,0.1786,-0.852,0.4921,0.49,0.5107,0.7064,25.5,0.0068,0.545,1.715,0.75467,140.4,542.1,136.1,518.8,144.8,565.8,303,0.008,3
291,-54.114,-115.261,70.811,-0.8448,0.1022,0.5252,0.203,-0.8572,0.4733,0.4986,0.5065,0.7035,25.5,0.0105,0.573,1.79,0.48257,138.7,542.0,133.7,518.6,143.7,565.7,305,0.153,3
292,-55.765,-115.058,71.847,-0.8403,0.1062,0.5316,0.2271,-0.8616,0.4539,0.5067,0.5025,0.7005,25.5,0.041,0.545,1.791,0.25691,136.9,541.8,131.3,518.3,142.6,565.7,307,0.163,3
293,-57.41,-114.838,72.89,-0.8387,0.12,0.5313,0.2499,-0.8653,0.4345,0.5136,0.4989,0.6981,25.5,0.0826,0.467,1.728,0.40625,135.2,541.7,128.9,518.1,141.5,565.6,309,0.089,3
294,-59.048,-114.588,73.937,-0.8299,0.1338,0.5417,0.2707,-0.8682,0.4159,0.5295,0.4951,0.6888,25.5,0.1155,1.078,1.607,0.5669,133.4,541.5,126.6,517.8,140.3,565.5,311,0.039,3
295,-60.666,-114.317,75.008,-0.8233,0.1415,0.5496,0.2892,-0.8704,0.3985,0.5403,0.4921,0.6826,25.5,0.1422,0.734,1.461,0.3758,131.7,541.3,124.4,517.6,139.1,565.3,313,0.103,3
296,-62.279,-114.035,76.085,-0.8238,0.1458,0.5478,0.3056,-0.872,0.3823,0.5413,0.4895,0.6837,25.5,0.1695,0.172,1.324,0.13705,130.0,541.1,122.2,517.3,137.8,565.1,315,0.378,3
297,-63.9,-113.747,77.15,-0.8307,0.1472,0.537,0.32,-0.8732,0.3676,0.5334,0.4867,0.6918,25.5,0.197,0.668,1.181,0.37688,128.2,540.8,120.1,517.1,136.4,564.9,316,0.365,3
298,-65.54,-113.46,78.184,-0.8439,0.1457,0.5163,0.3325,-0.874,0.3545,0.5161,0.4832,0.7072,25.5,0.2249,1.342,1.038,0.719,126.5,540.6,118.0,516.8,135.0,564.7,318,0.306,3
299,-67.209,-113.175,79.17,-0.8563,0.1496,0.4944,0.3433,-0.8744,0.343,0.5001,0.4793,0.7212,25.5,0.2552,1.238,0.904,0.74467,124.7,540.4,115.9,516.6,133.5,564.4,319,0.251,3
300,-68.893,-112.873,80.126,-0.8625,0.1568,0.4811,0.3525,-0.8745,0.3331,0.4929,0.476,0.7283,25.5,0.2809,0.609,0.774,0.47784,122.9,540.1,113.9,516.3,132.0,564.2,320,0.752,3
301,-70.591,-112.566,81.055,-0.871,0.1554,0.4661,0.3604,-0.8746,0.3243,0.4799,0.4719,0.7395,25.5,0.2987,1.011,0.678,0.50568,121.1,539.9,111.9,516.1,130.4,563.9,322,0.365,3
302,-72.308,-112.27,81.952,-0.8821,0.1449,0.4483,0.3672,-0.8748,0.3162,0.4605,0.4663,0.7553,25.5,0.3089,1.469,0.606,0.68581,119.2,539.6,109.8,515.8,128.7,563.7,323,0.031,3
303,-74.051,-112.004,82.81,-0.896,0.1239,0.4264,0.373,-0.8751,0.3083,0.4328,0.458,0.7765,25.5,0.3112,2.054,0.562,0.97563,117.4,539.4,107.8,515.6,127.0,563.4,324,0.278,3
304,-75.822,-111.79,83.619,-0.912,0.0977,0.3984,0.3782,-0.8757,0.3001,0.3979,0.4465,0.8014,25.5,0.3109,2.543,0.557,1.21497,115.5,539.2,105.8,515.4,125.3,563.3,325,0.506,3
305,-77.624,-111.615,84.371,-0.9259,0.0801,0.3692,0.3828,-0.8767,0.2914,0.3658,0.4335,0.8236,25.5,0.3171,2.357,0.567,1.07647,113.6,539.1,103.7,515.2,123.5,563.2,326,0.658,3
306,-79.45,-111.481,85.068,-0.9378,0.056,0.3425,0.3866,-0.8781,0.2819,0.3336,0.4181,0.8449,25.5,0.3152,2.382,0.592,1.10782,111.6,539.0,101.7,515.1,121.6,563.1,327,0.722,3
307,-81.298,-111.399,85.716,-0.9468,0.0266,0.3207,0.3896,-0.8801,0.2715,0.304,0.4012,0.8641,25.5,0.3052,2.242,0.631,1.10206,109.6,539.0,99.6,515.0,119.8,563.1,328,0.683,3
308,-83.159,-111.379,86.328,-0.9529,-0.0062,0.3031,0.3916,-0.8826,0.26,0.2777,0.3828,0.8811,25.5,0.2889,2.081,0.684,1.10285,107.6,539.0,97.5,515.0,117.8,563.2,329,0.527,3
309,-85.034,-111.422,86.899,-0.9594,-0.0376,0.2796,0.3925,-0.8859,0.2473,0.2479,0.3608,0.8991,25.5,0.2741,2.36,0.754,1.16243,105.7,539.1,95.5,515.0,115.9,563.3,330,0.239,3
310,-86.919,-111.523,87.425,-0.9641,-0.0642,0.2576,0.3925,-0.8896,0.2335,0.2218,0.338,0.9146,25.5,0.2611,2.175,0.819,1.01852,103.6,539.2,93.5,515.1,113.9,563.6,331,0.197,3
311,-88.812,-111.671,87.91,-0.9676,-0.0862,0.2374,0.3917,-0.8937,0.2189,0.1996,0.3147,0.928,25.5,0.25,1.997,0.87,0.87919,101.6,539.4,91.5,515.1,111.9,563.8,332,0.793,3
312,-90.711,-111.857,88.357,-0.9702,-0.1037,0.219,0.39,-0.8981,0.2034,0.1809,0.2913,0.9394,25.5,0.2407,1.836,0.928,0.74629,99.6,539.6,89.5,515.3,109.8,564.1,332,1.167,3
313,-92.614,-112.085,88.767,-0.9715,-0.1276,0.1997,0.3877,-0.9025,0.1873,0.1604,0.2662,0.9505,25.5,0.2241,1.963,0.965,0.89896,97.6,539.9,87.5,515.4,107.7,564.5,333,0.405,3
314,-94.519,-112.355,89.14,-0.9725,-0.1473,0.1803,0.3848,-0.9071,0.1708,0.1415,0.2408,0.9602,25.5,0.2098,1.897,0.995,0.80887,95.6,540.2,85.5,515.6,105.7,564.9,334,0.529,3
315,-96.426,-112.66,89.474,-0.9734,-0.1632,0.1608,0.3812,-0.9116,0.1538,0.1239,0.2153,0.9687,25.5,0.1976,1.841,1.028,0.73607,93.5,540.6,83.6,515.9,103.5,565.3,334,1.432,3
316,-98.334,-112.992,89.77,-0.9743,-0.1755,0.1411,0.3772,-0.916,0.1366,0.1072,0.1897,0.976,25.5,0.1875,1.801,1.043,0.6795,91.5,540.9,81.6,516.1,101.4,565.8,335,0.321,3
317,-100.244,-113.348,90.028,-0.9743,-0.1893,0.1223,0.3727,-0.9202,0.1193,0.0913,0.1643,0.9822,25.5,0.1743,1.753,1.052,0.68184,89.5,541.3,79.7,516.4,99.3,566.3,336,0.974,3
318,-102.153,-113.734,90.249,-0.9736,-0.2035,0.1037,0.3678,-0.9243,0.1019,0.0761,0.1391,0.9873,25.5,0.1594,1.711,1.062,0.68442,87.5,541.7,77.8,516.8,97.2,566.8,336,0.986,3
319,-104.06,-114.145,90.434,-0.9728,-0.2156,0.085,0.3625,-0.9281,0.0846,0.0613,0.1143,0.9916,25.5,0.1454,1.673,1.059,0.65158,85.4,542.2,75.9,517.1,95.0,567.3,337,0.501,3
320,-105.966,-114.577,90.582,-0.972,-0.2255,0.0662,0.3568,-0.9318,0.0673,0.0469,0.0899,0.9948,25.5,0.1322,1.634,1.065,0.62163,83.4,542.7,74.0,517.5,92.9,567.8,337,1.459,3
321,-107.87,-115.027,90.694,-0.9712,-0.2335,0.0473,0.3508,-0.9351,0.0503,0.0328,0.0659,0.9973,25.5,0.12,1.601,1.05,0.60047,81.4,543.1,72.1,518.0,90.7,568.4,338,0.229,3
322,-109.771,-115.499,90.768,-0.9684,-0.2476,0.029,0.3444,-0.9382,0.0334,0.0191,0.0426,0.9989,25.5,0.1003,1.551,1.051,0.68037,79.4,543.6,70.2,518.4,88.6,568.9,338,1.73,3
323,-111.667,-115.995,90.808,-0.9662,-0.2575,0.0117,0.3378,-0.9411,0.0168,0.0068,0.0202,0.9998,25.5,0.0839,1.465,1.037,0.58624,77.4,544.2,68.4,518.9,86.4,569.5,339,0.167,3
324,-113.559,-116.506,90.814,-0.9648,-0.2629,-0.0049,0.331,-0.9436,0.0003,-0.0047,-0.0014,1.0,25.5,0.0713,1.402,1.033,0.51199,75.4,544.7,66.5,519.4,84.3,570.0,339,1.793,3
325,-115.449,-117.023,90.789,-0.9643,-0.2641,-0.0213,0.3239,-0.946,-0.016,-0.0159,-0.0224,0.9996,25.5,0.0622,1.364,1.028,0.48094,73.4,545.2,64.7,519.9,82.1,570.6,340,0.311,3
326,-117.339,-117.538,90.731,-0.9646,-0.261,-0.0376,0.3166,-0.948,-0.0323,-0.0273,-0.0431,0.9987,25.5,0.0567,1.355,1.03,0.48515,71.4,545.8,62.9,520.4,80.0,571.2,340,1.649,3
327,-119.228,-118.053,90.642,-0.9626,-0.2658,-0.0529,0.3091,-0.9498,-0.0484,-0.0374,-0.063,0.9973,25.5,0.0425,1.281,1.023,0.47245,69.4,546.3,61.1,520.9,77.8,571.7,341,0.615,3
328,-121.113,-118.577,90.524,-0.9608,-0.2686,-0.0684,0.3015,-0.9513,-0.0645,-0.0478,-0.0826,0.9954,25.5,0.0298,1.276,1.024,0.46345,67.5,546.9,59.2,521.4,75.7,572.3,341,1.346,3
329,-122.995,-119.103,90.374,-0.9599,-0.2672,-0.0848,0.2936,-0.9525,-0.0805,-0.0593,-0.1022,0.993,25.5,0.0205,1.309,1.025,0.48192,65.5,547.4,57.5,521.9,73.5,572.8,342,1.02,3
330,-124.876,-119.622,90.19,-0.9598,-0.2614,-0.1028,0.2857,-0.9535,-0.0966,-0.0728,-0.1221,0.9898,25.5,0.015,1.39,1.029,0.55282,63.5,547.9,55.7,522.5,71.4,573.3,342,0.941,3
331,-126.757,-120.124,89.969,-0.9602,-0.2506,-0.1232,0.2775,-0.9541,-0.1127,-0.0893,-0.1424,0.9858,25.5,0.0135,1.516,1.036,0.67495,61.6,548.4,53.9,523.0,69.2,573.8,343,1.473,3
332,-128.639,-120.605,89.707,-0.9593,-0.243,-0.1438,0.2692,-0.9544,-0.1289,-0.1059,-0.1624,0.981,25.5,0.0078,1.514,1.043,0.64253,59.6,548.9,52.1,523.5,67.1,574.3,343,0.488,3
333,-130.517,-121.076,89.405,-0.9576,-0.2367,-0.1642,0.2608,-0.9544,-0.1453,-0.1223,-0.182,0.9757,25.5,0.0,1.495,1.056,0.62614,57.7,549.4,50.3,524.0,64.9,574.7,344,1.921,3
334,-132.392,-121.53,89.062,-0.9561,-0.2261,-0.1864,0.2523,-0.954,-0.1618,-0.1412,-0.2017,0.9692,25.5,0.0046,1.608,1.064,0.72056,55.7,549.9,48.6,524.5,62.8,575.1,344,0.042,3
335,-134.265,-121.959,88.673,-0.9546,-0.2104,-0.211,0.2436,-0.9533,-0.1785,-0.1636,-0.2218,0.9613,25.5,0.0057,1.783,1.08,0.85441,53.8,550.3,46.8,525.0,60.7,575.4,344,1.999,3
336,-136.134,-122.351,88.233,-0.9524,-0.1891,-0.239,0.2349,-0.9522,-0.1954,-0.1906,-0.2423,0.9513,25.5,0.003,2.025,1.091,1.03051,51.8,550.7,45.1,525.4,58.5,575.7,345,0.36,3
337,-137.996,-122.704,87.735,-0.9479,-0.1711,-0.2688,0.2261,-0.9506,-0.2126,-0.2191,-0.2622,0.9398,25.5,0.0055,2.098,1.111,1.02641,49.9,551.0,43.4,525.8,56.4,576.0,345,1.601,3
338,-139.849,-123.02,87.179,-0.9425,-0.1501,-0.2986,0.2173,-0.9486,-0.2299,-0.2487,-0.2816,0.9267,25.5,0.0062,2.162,1.118,1.07747,48.0,551.3,41.7,526.2,54.3,576.2,346,0.67,3
339,-141.69,-123.29,86.565,-0.9361,-0.1255,-0.3285,0.2084,-0.9462,-0.2476,-0.2797,-0.3002,0.9119,25.5,0.005,2.238,1.143,1.14754,46.1,551.5,40.0,526.6,52.3,576.3,346,1.292,3
340,-143.517,-123.51,85.892,-0.9282,-0.0991,-0.3587,0.1995,-0.9433,-0.2655,-0.312,-0.318,0.8953,25.5,0.0035,2.317,1.157,1.19528,44.3,551.7,38.3,526.9,50.2,576.4,347,0.864,3
341,-145.326,-123.676,85.156,-0.9169,-0.0699,-0.393,0.1906,-0.9398,-0.2836,-0.3495,-0.3349,0.875,25.5,0.0024,2.628,1.173,1.35799,42.5,551.8,36.7,527.1,48.2,576.3,347,1.099,3
342,-147.108,-123.779,84.348,-0.9013,-0.0334,-0.4318,0.1819,-0.9358,-0.302,-0.394,-0.3507,0.8496,25.5,0.0023,3.073,1.188,1.62318,40.7,551.9,35.1,527.3,46.2,576.2,348,0.935,3
343,-148.855,-123.803,83.461,-0.88,0.0098,-0.475,0.1733,-0.9312,-0.3206,-0.4455,-0.3645,0.8178,25.5,0.0093,3.557,1.203,1.8921,38.9,551.8,33.5,527.4,44.3,576.0,348,1.025,3
344,-150.556,-123.742,82.489,-0.8556,0.0512,-0.5151,0.165,-0.926,-0.3395,-0.4944,-0.3755,0.7839,25.5,0.0137,3.467,1.22,1.83026,37.2,551.7,32.0,527.5,42.4,575.7,349,0.904,3
345,-152.211,-123.607,81.448,-0.8338,0.0852,-0.5455,0.157,-0.9203,-0.3584,-0.5326,-0.3845,0.754,25.5,0.0138,2.827,1.22,1.47813,35.6,551.5,30.5,527.4,40.6,575.2,349,1.059,3
346,-153.826,-123.412,80.356,-0.8136,0.1137,-0.5702,0.1492,-0.9139,-0.3774,-0.5641,-0.3922,0.7267,25.5,0.0101,2.429,1.233,1.25093,34.0,551.2,29.1,527.4,38.8,574.7,350,0.785,3
347,-155.396,-123.157,79.211,-0.7872,0.1483,-0.5986,0.1418,-0.9071,-0.3964,-0.6018,-0.3969,0.693,25.5,0.0089,2.91,1.232,1.51958,32.4,550.8,27.7,527.3,37.2,574.1,350,1.178,3
348,-156.906,-122.826,78.007,-0.7527,0.1905,-0.6302,0.1348,-0.8996,-0.4153,-0.6461,-0.3976,0.6515,25.5,0.0111,3.479,1.232,1.84252,31.0,550.4,26.4,527.1,35.6,573.4,351,0.597,3
349,-158.342,-122.409,76.74,-0.7129,0.2339,-0.6612,0.1286,-0.8917,-0.434,-0.6911,-0.3945,0.6056,25.5,0.0133,3.688,1.216,1.9462,29.6,549.9,25.1,526.8,34.1,572.6,351,1.363,3
350,-159.703,-121.914,75.421,-0.6772,0.27,-0.6845,0.123,-0.8832,-0.4527,-0.7268,-0.3907,0.5649,25.5,0.0119,3.11,1.22,1.63344,28.3,549.2,23.9,526.4,32.7,571.8,352,0.354,3
351,-160.999,-121.354,74.062,-0.6462,0.3004,-0.7016,0.118,-0.8742,-0.4711,-0.7548,-0.3872,0.5295,25.5,0.0083,2.594,1.208,1.36452,27.1,548.6,22.8,526.0,31.4,570.8,352,1.609,3
352,-162.235,-120.738,72.671,-0.6136,0.3291,-0.7178,0.1135,-0.8648,-0.4892,-0.7817,-0.3817,0.4932,25.5,0.0031,2.608,1.197,1.35539,25.9,547.8,21.7,525.6,30.1,569.7,353,0.064,3
353,-163.399,-120.06,71.248,-0.5724,0.3645,-0.7345,0.1099,-0.8549,-0.507,-0.8127,-0.3709,0.4493,25.5,0.0021,3.141,1.185,1.66173,24.9,547.0,20.6,525.1,29.0,568.6,354,1.669,3
354,-164.471,-119.305,69.792,-0.5208,0.4061,-0.7509,0.1072,-0.8447,-0.5244,-0.8472,-0.3537,0.3964,25.5,0.0051,3.751,1.166,1.99691,23.9,546.1,19.7,524.5,28.0,567.4,354,0.291,3
355,-165.442,-118.473,68.307,-0.4707,0.4425,-0.7633,0.1057,-0.8341,-0.5415,-0.8763,-0.3355,0.3458,25.5,0.0055,3.504,1.156,1.84694,23.0,545.1,18.8,523.9,27.2,566.1,355,1.278,3
356,-166.32,-117.575,66.803,-0.4269,0.4731,-0.7707,0.1052,-0.8231,-0.558,-0.8984,-0.3193,0.3016,25.5,0.0043,2.98,1.137,1.57728,22.3,544.1,18.0,523.1,26.4,564.7,355,0.685,3
357,-167.118,-116.621,65.288,-0.3872,0.4992,-0.7751,0.1057,-0.8119,-0.5742,-0.9159,-0.3043,0.2616,25.5,0.0012,2.645,1.129,1.39522,21.6,543.0,17.3,522.4,25.8,563.3,356,0.838,3
358,-167.834,-115.616,63.766,-0.3418,0.5271,-0.7781,0.1072,-0.8004,-0.5898,-0.9336,-0.285,0.217,25.5,0.0004,2.964,1.114,1.56066,21.0,541.9,16.6,521.6,25.3,561.8,356,1.124,3
359,-168.453,-114.553,62.24,-0.2887,0.558,-0.778,0.1097,-0.7887,-0.6049,-0.9511,-0.26,0.1665,25.5,0.0012,3.381,1.104,1.79656,20.5,540.7,16.0,520.7,24.9,560.3,357,0.358,3
360,-168.963,-113.43,60.718,-0.2323,0.5877,-0.775,0.1133,-0.7768,-0.6194,-0.9661,-0.2317,0.1138,25.5,0.0028,3.534,1.094,1.86616,20.1,539.4,15.5,519.8,24.7,558.6,357,1.603,3
361,-169.367,-112.253,59.204,-0.181,0.6127,-0.7693,0.1181,-0.7648,-0.6333,-0.9764,-0.2054,0.0661,25.5,0.0028,3.177,1.088,1.67712,19.9,538.1,15.1,518.8,24.6,557.0,358,0.155,3
362,-169.675,-111.03,57.704,-0.1336,0.6348,-0.761,0.1237,-0.7527,-0.6466,-0.9833,-0.1805,0.022,25.5,0.0023,2.929,1.079,1.54841,19.7,536.7,14.7,517.8,24.6,555.3,359,1.266,3
363,-169.89,-109.766,56.222,-0.0854,0.6547,-0.751,0.1302,-0.7406,-0.6592,-0.9878,-0.1541,-0.022,25.5,0.0009,2.952,1.068,1.55273,19.6,535.3,14.5,516.7,24.7,553.5,359,0.696,3
364,-170.01,-108.464,54.762,-0.0378,0.6731,-0.7386,0.1374,-0.7284,-0.6712,-0.9898,-0.1269,-0.0649,25.5,0.0003,2.913,1.064,1.53565,19.7,533.9,14.3,515.6,24.9,551.8,360,0.695,3
365,-170.038,-107.128,53.329,0.0099,0.6907,-0.7231,0.1452,-0.7163,-0.6825,-0.9894,-0.0983,-0.1074,25.5,0.0002,2.935,1.049,1.55426,19.8,532.4,14.1,514.5,25.3,549.9,360,1.267,3
366,-169.972,-105.76,51.928,0.0569,0.7052,-0.7067,0.1537,-0.7042,-0.6932,-0.9865,-0.0692,-0.1484,25.5,0.002,2.886,1.046,1.51615,20.0,530.9,14.1,513.3,25.7,548.1,361,0.097,3
367,-169.815,-104.364,50.562,0.1042,0.719,-0.6872,0.1627,-0.6922,-0.7032,-0.9812,-0.0385,-0.1891,25.5,0.0025,2.937,1.033,1.54939,20.3,529.4,14.2,512.1,26.3,546.3,362,1.413,3
368,-169.562,-102.942,49.237,0.154,0.7324,-0.6633,0.1722,-0.6803,-0.7124,-0.973,-0.0045,-0.2308,25.5,0.0008,3.119,1.019,1.66211,20.7,527.8,14.3,510.9,26.9,544.4,362,0.548,3
369,-169.214,-101.496,47.961,0.2019,0.7422,-0.639,0.1821,-0.6686,-0.721,-0.9624,0.0292,-0.2702,25.5,0.0013,3.032,1.007,1.59652,21.2,526.3,14.5,509.7,27.7,542.5,363,0.735,3
370,-168.77,-100.033,46.735,0.2511,0.7511,-0.6106,0.1924,-0.6572,-0.7288,-0.9486,0.0656,-0.3095,25.5,0.0003,3.17,0.987,1.68157,21.7,524.7,14.8,508.4,28.5,540.6,363,1.226,3
371,-168.228,-98.553,45.571,0.3026,0.7586,-0.577,0.2029,-0.6461,-0.7358,-0.931,0.1056,-0.3495,25.5,0.0042,3.395,0.963,1.81152,22.4,523.1,15.2,507.1,29.5,538.8,364,0.013,3
372,-167.584,-97.062,44.474,0.3532,0.7628,-0.5417,0.2137,-0.6354,-0.742,-0.9102,0.1463,-0.3874,25.5,0.0073,3.402,0.941,1.80839,23.2,521.5,15.6,505.8,30.5,536.9,365,1.199,3
373,-166.847,-95.565,43.447,0.3985,0.7644,-0.5069,0.2247,-0.625,-0.7475,-0.8883,0.184,-0.4209,25.5,0.0093,3.151,0.923,1.67112,24.0,519.9,16.2,504.5,31.7,535.0,365,0.761,3
374,-166.025,-94.067,42.487,0.4395,0.7638,-0.4726,0.2361,-0.615,-0.7523,-0.8654,0.2191,-0.4507,25.5,0.0104,2.947,0.911,1.56316,25.0,518.3,16.8,503.2,32.9,533.2,366,0.388,3
375,-165.124,-92.573,41.595,0.4794,0.7609,-0.4372,0.2478,-0.6054,-0.7564,-0.8403,0.2543,-0.4788,25.5,0.0112,2.955,0.898,1.56215,26.0,516.8,17.6,501.8,34.2,531.4,367,1.496,3
376,-164.148,-91.086,40.774,0.5172,0.7562,-0.4008,0.26,-0.596,-0.7597,-0.8134,0.2888,-0.5049,25.5,0.0117,2.919,0.902,1.5406,27.0,515.2,18.3,500.5,35.6,529.6,367,0.466,3
377,-163.098,-89.61,40.026,0.5542,0.7494,-0.3623,0.2726,-0.5869,-0.7624,-0.784,0.3238,-0.5296,25.5,0.0125,2.977,0.904,1.57411,28.2,513.6,19.1,499.2,37.0,527.8,368,0.605,3
378,-161.977,-88.149,39.353,0.5886,0.7405,-0.3242,0.2858,-0.578,-0.7643,-0.7535,0.3573,-0.552,25.5,0.012,2.896,0.919,1.5234,29.4,512.1,20.0,497.9,38.6,526.0,368,1.357,3
379,-160.792,-86.708,38.755,0.6205,0.7303,-0.2858,0.2996,-0.5694,-0.7655,-0.7218,0.3894,-0.5722,25.5,0.0112,2.832,0.934,1.48988,30.7,510.6,20.9,496.6,40.2,524.3,369,0.334,3
380,-159.546,-85.288,38.235,0.6516,0.7179,-0.245,0.3142,-0.561,-0.7659,-0.6873,0.4221,-0.5911,25.5,0.0104,2.931,0.965,1.54336,32.0,509.1,21.9,495.3,41.9,522.6,370,0.64,3
381,-158.239,-83.896,37.795,0.6814,0.703,-0.2034,0.3295,-0.5526,-0.7656,-0.6506,0.4547,-0.6082,25.5,0.0082,2.979,1.0,1.55849,33.4,507.7,22.9,494.1,43.6,521.0,370,1.321,3
382,-156.876,-82.533,37.438,0.7083,0.6872,-0.1612,0.3457,-0.5443,-0.7644,-0.613,0.4857,-0.6231,25.5,0.006,2.92,1.045,1.53466,34.8,506.3,23.9,492.9,45.4,519.4,371,0.412,3
383,-155.463,-81.203,37.165,0.7344,0.6686,-0.1165,0.363,-0.5359,-0.7623,-0.5721,0.5176,-0.6363,25.5,0.0029,3.067,1.108,1.60841,36.3,504.9,24.9,491.7,47.3,517.8,372,0.427,3
384,-153.998,-79.915,36.983,0.7598,0.6464,-0.0694,0.3813,-0.5274,-0.7592,-0.5274,0.5504,-0.6472,25.5,0.0015,3.238,1.17,1.69421,37.8,503.6,26.0,490.6,49.3,516.3,373,1.185,3
385,-152.489,-78.668,36.892,0.7785,0.6272,-0.0234,0.4006,-0.5188,-0.7552,-0.4858,0.5786,-0.6552,25.5,0.0041,2.916,1.232,1.55681,39.3,502.3,27.1,489.5,51.3,514.8,373,0.776,3
386,-150.949,-77.456,36.889,0.7947,0.6066,0.0203,0.4208,-0.5101,-0.7501,-0.4447,0.6048,-0.6607,25.5,0.0098,2.811,1.294,1.49005,40.9,501.1,28.1,488.5,53.4,513.4,374,0.09,3
387,-149.377,-76.289,36.972,0.8082,0.5854,0.0646,0.4417,-0.5013,-0.744,-0.4032,0.63,-0.6638,25.5,0.0155,2.788,1.346,1.48935,42.5,499.9,29.2,487.5,55.5,512.0,375,0.541,3
388,-147.786,-75.157,37.142,0.8131,0.5719,0.1085,0.4632,-0.4924,-0.7369,-0.3681,0.6495,-0.6653,25.5,0.0151,2.302,1.394,1.35054,44.1,498.7,30.3,486.6,57.6,510.6,376,1.115,3
389,-146.19,-74.05,37.397,0.8188,0.5539,0.1511,0.485,-0.4835,-0.7288,-0.3307,0.6701,-0.6646,25.5,0.0192,2.447,1.427,1.36252,45.7,497.6,31.4,485.7,59.8,509.3,376,0.845,3
390,-144.582,-72.98,37.731,0.8201,0.54,0.1895,0.5068,-0.4746,-0.7197,-0.2987,0.6864,-0.663,25.5,0.023,2.06,1.446,1.19454,47.3,496.5,32.4,484.8,61.9,508.0,377,0.322,3
391,-142.982,-71.924,38.137,0.8113,0.5402,0.2236,0.5284,-0.4658,-0.7098,-0.2793,0.6941,-0.6634,25.5,0.0184,1.196,1.452,1.02968,48.9,495.5,33.5,484.0,64.0,506.7,378,0.149,3
392,-141.405,-70.86,38.608,0.8006,0.5396,0.2605,0.5495,-0.4572,-0.6993,-0.2583,0.7031,-0.6625,25.5,0.0111,1.31,1.437,1.12349,50.5,494.4,34.5,483.1,66.1,505.5,379,0.562,3
393,-139.843,-69.811,39.155,0.7925,0.5337,0.2951,0.5698,-0.4488,-0.6884,-0.235,0.7137,-0.6598,25.5,0.0089,1.475,1.405,1.05324,52.0,493.4,35.6,482.3,68.2,504.2,380,0.914,3
394,-138.304,-68.756,39.754,0.7769,0.546,0.3136,0.589,-0.4409,-0.6773,-0.2315,0.7109,-0.6641,25.5,0.0045,0.356,1.349,0.79363,53.6,492.3,36.7,481.4,70.2,503.0,380,1.048,3
395,-136.802,-67.66,40.375,0.7546,0.5742,0.3176,0.6064,-0.4341,-0.6662,-0.2446,0.6954,-0.6757,25.5,0.0033,1.339,1.245,1.0576,55.1,491.2,37.7,480.5,72.1,501.8,381,0.762,3
396,-135.347,-66.518,41.022,0.7312,0.5887,0.3446,0.6218,-0.4285,-0.6556,-0.2383,0.6938,-0.6796,25.5,0.0235,0.434,1.118,1.12747,56.5,490.1,38.8,479.4,73.9,500.5,382,0.529,3
397,-133.931,-65.35,41.71,0.7145,0.6033,0.3542,0.6349,-0.4245,-0.6455,-0.2392,0.6865,-0.6867,25.5,0.0311,0.586,0.975,0.70663,57.9,488.9,39.9,478.3,75.6,499.3,383,0.327,3
398,-132.543,-64.149,42.396,0.7026,0.624,0.342,0.6456,-0.4225,-0.6361,-0.2525,0.668,-0.7,25.5,0.0276,1.512,0.824,0.78385,59.3,487.7,41.0,477.2,77.2,498.0,384,0.132,3
399,-131.175,-62.899,43.035,0.6934,0.6529,0.3048,0.6537,-0.4229,-0.6276,-0.2808,0.6345,-0.7201,25.5,0.0141,2.764,0.673,1.40357,60.6,486.4,42.1,475.9,78.7,496.8,385,0.087,3
400,-129.831,-61.586,43.592,0.6757,0.6854,0.2713,0.659,-0.4258,-0.62,-0.3094,0.5978,-0.7395,25.5,0.0148,2.889,0.556,1.45955,61.9,485.1,43.4,474.5,80.2,495.6,386,0.345,3
401,-128.524,-60.216,44.096,0.659,0.7122,0.2417,0.6617,-0.4314,-0.6133,-0.3326,0.5642,-0.7557,25.5,0.0194,2.517,0.524,1.26562,63.2,483.7,44.6,472.9,81.6,494.4,387,0.674,3
402,-127.243,-58.798,44.532,0.6496,0.7334,0.2005,0.6619,-0.4393,-0.6074,-0.3574,0.5273,-0.7709,25.5,0.014,2.692,0.565,1.38238,64.5,482.3,45.9,471.2,82.8,493.1,388,1.106,4
403,-125.973,-57.346,44.874,0.6463,0.7487,0.1475,0.6599,-0.4495,-0.6021,-0.3845,0.4864,-0.7846,25.5,0.0011,2.919,0.668,1.61597,65.8,480.8,47.3,469.5,84.0,492.0,388,0.854,4
404,-124.72,-55.858,45.113,0.6327,0.7683,0.0967,0.6559,-0.4616,-0.5972,-0.4142,0.4414,-0.796,25.5,0.0026,3.158,0.782,1.64117,67.1,479.3,48.6,467.6,85.2,490.8,389,0.283,4
405,-123.491,-54.338,45.254,0.6213,0.7821,0.0479,0.6503,-0.4752,-0.5927,-0.4408,0.3994,-0.8038,25.5,0.004,2.884,0.881,1.51994,68.3,477.7,50.1,465.7,86.3,489.6,390,0.44,4
406,-122.282,-52.796,45.303,0.6128,0.7902,0.0021,0.6434,-0.4898,-0.5883,-0.4639,0.3619,-0.8086,25.5,0.006,2.539,0.959,1.38257,69.6,476.2,51.5,463.7,87.3,488.4,391,1.294,4
407,-121.093,-51.24,45.261,0.6005,0.7983,-0.0457,0.6357,-0.505,-0.5838,-0.4892,0.3215,-0.8108,25.5,0.0053,2.734,1.01,1.46253,70.8,474.6,52.9,461.7,88.3,487.2,391,0.667,4
408,-119.929,-49.669,45.123,0.5869,0.8041,-0.0946,0.6274,-0.5205,-0.5793,-0.515,0.2806,-0.8099,25.5,0.0045,2.771,1.04,1.49384,72.0,472.9,54.4,459.6,89.3,486.0,392,0.307,4
409,-118.793,-48.09,44.889,0.5724,0.8071,-0.1449,0.6186,-0.5359,-0.5745,-0.5414,0.2392,-0.806,25.5,0.0048,2.823,1.053,1.53319,73.2,471.3,55.8,457.6,90.2,484.8,393,1.386,4
410,-117.687,-46.507,44.555,0.5555,0.8082,-0.1956,0.6097,-0.5512,-0.5696,-0.5681,0.1971,-0.799,25.5,0.0046,2.885,1.052,1.56313,74.3,469.7,57.2,455.6,91.1,483.6,393,0.576,4
411,-116.616,-44.924,44.122,0.5372,0.8067,-0.2463,0.6008,-0.5661,-0.5644,-0.5947,0.1552,-0.7888,25.5,0.0051,2.903,1.038,1.57671,75.5,468.1,58.6,453.5,92.0,482.4,394,0.608,4
412,-115.582,-43.346,43.589,0.5175,0.8023,-0.2975,0.5922,-0.5804,-0.559,-0.6212,0.1132,-0.7755,25.5,0.0071,2.946,1.005,1.60934,76.5,466.4,60.0,451.5,92.9,481.1,394,1.354,4
413,-114.589,-41.78,42.957,0.4964,0.7956,-0.3473,0.5839,-0.5939,-0.5534,-0.6466,0.0719,-0.7594,25.5,0.0095,2.927,0.963,1.59367,77.6,464.8,61.3,449.5,93.7,479.9,395,0.078,4
414,-113.638,-40.23,42.228,0.4733,0.7864,-0.3968,0.5762,-0.6067,-0.5476,-0.6715,0.0305,-0.7404,25.5,0.0129,2.975,0.918,1.61989,78.6,463.2,62.5,447.6,94.5,478.6,396,1.331,4
415,-112.734,-38.699,41.402,0.4488,0.7748,-0.4453,0.5693,-0.6185,-0.5417,-0.6952,-0.0104,-0.7188,25.5,0.0175,2.978,0.853,1.62475,79.6,461.6,63.7,445.7,95.3,477.3,396,0.631,4
416,-111.877,-37.195,40.484,0.4262,0.7599,-0.4908,0.5632,-0.6292,-0.5356,-0.716,-0.0482,-0.6964,25.5,0.0248,2.786,0.787,1.54813,80.5,460.1,64.8,443.8,96.0,476.0,397,0.897,4
417,-111.067,-35.72,39.48,0.3995,0.7452,-0.534,0.5581,-0.6389,-0.5294,-0.736,-0.0865,-0.6714,25.5,0.0296,2.861,0.721,1.54602,81.4,458.5,65.9,442.0,96.7,474.8,397,1.064,4
418,-110.312,-34.273,38.396,0.3711,0.7326,-0.5707,0.5538,-0.6477,-0.5232,-0.7532,-0.122,-0.6464,25.5,0.0296,2.676,0.664,1.40601,82.3,457.0,66.9,440.3,97.5,473.5,398,0.606,4
419,-109.61,-32.85,37.245,0.3469,0.717,-0.6047,0.5505,-0.6557,-0.5168,-0.7674,-0.1537,-0.6225,25.5,0.0333,2.416,0.617,1.3026,83.1,455.5,67.8,438.6,98.1,472.2,398,1.354,4
420,-108.951,-31.46,36.031,0.3258,0.7029,-0.6322,0.5479,-0.663,-0.5102,-0.7783,-0.1803,-0.6015,25.5,0.035,2.04,0.583,1.09416,83.8,454.1,68.6,437.0,98.8,471.0,399,0.442,4
421,-108.333,-30.091,34.773,0.3049,0.6953,-0.6508,0.546,-0.6696,-0.5035,-0.7862,-0.2019,-0.5841,25.5,0.0286,1.652,0.55,0.84758,84.5,452.7,69.4,435.4,99.4,469.7,399,1.519,4
422,-107.756,-28.731,33.485,0.2838,0.6931,-0.6626,0.5447,-0.6758,-0.4966,-0.7921,-0.22,-0.5694,25.5,0.0152,1.378,0.537,0.70975,85.2,451.3,70.2,433.8,100.0,468.5,400,0.368,4
423,-107.221,-27.372,32.179,0.2622,0.6938,-0.6707,0.5439,-0.6817,-0.4894,-0.7968,-0.2364,-0.5561,25.5,0.0021,1.239,0.535,0.67496,85.8,449.9,70.8,432.2,100.6,467.3,400,1.592,4
424,-106.725,-26.023,30.846,0.2442,0.6832,-0.6882,0.5434,-0.6873,-0.482,-0.8023,-0.2563,-0.5391,25.5,0.0052,1.532,0.532,0.79662,86.4,448.5,71.5,430.7,101.2,466.0,401,0.344,4
425,-106.262,-24.69,29.486,0.2282,0.6786,-0.6982,0.5433,-0.6928,-0.4742,-0.8056,-0.2712,-0.5268,25.5,0.0151,1.123,0.547,0.56766,87.0,447.1,72.0,429.2,101.7,464.8,401,1.618,4
426,-105.83,-23.36,28.112,0.2126,0.6789,-0.7028,0.5435,-0.6982,-0.466,-0.8074,-0.283,-0.5177,25.5,0.031,0.86,0.563,0.47552,87.5,445.7,72.6,427.7,102.2,463.5,402,0.32,4
427,-105.429,-22.025,26.734,0.1962,0.684,-0.7026,0.5439,-0.7036,-0.4574,-0.8083,-0.2928,-0.5108,25.5,0.0532,0.689,0.582,0.50212,88.0,444.4,73.1,426.2,102.7,462.3,402,1.642,4
428,-105.063,-20.675,25.362,0.1776,0.6945,-0.6973,0.5444,-0.709,-0.4483,-0.8085,-0.3011,-0.5057,25.5,0.0831,0.558,0.607,0.64329,88.4,443.0,73.6,424.6,103.1,461.1,403,0.245,4
429,-104.736,-19.301,24.004,0.1548,0.7051,-0.692,0.5451,-0.7145,-0.4385,-0.8091,-0.3114,-0.4984,25.5,0.116,0.724,0.645,0.75133,88.8,441.6,74.0,423.1,103.5,459.8,403,1.716,4
430,-104.456,-17.916,22.645,0.1319,0.7083,-0.6935,0.5459,-0.7202,-0.4281,-0.8109,-0.3253,-0.4865,25.5,0.1412,1.053,0.681,0.6774,89.2,440.1,74.4,421.5,103.9,458.5,404,0.077,4
431,-104.218,-16.521,21.289,0.1102,0.7163,-0.689,0.5466,-0.7262,-0.417,-0.8112,-0.3357,-0.4787,25.5,0.1726,0.745,0.724,0.68881,89.5,438.7,74.7,420.0,104.2,457.2,405,1.703,4
432,-104.023,-15.105,19.948,0.0891,0.73,-0.6776,0.5473,-0.7324,-0.405,-0.8103,-0.3425,-0.4755,25.5,0.2115,0.434,0.775,0.80748,89.8,437.3,75.0,418.4,104.4,456.0,405,0.259,4
433,-103.869,-13.655,18.639,0.0681,0.7506,-0.6572,0.5478,-0.7391,-0.392,-0.8077,-0.3452,-0.478,25.5,0.2598,0.258,0.838,1.04682,90.0,435.8,75.3,416.7,104.7,454.7,406,1.189,4
434,-103.761,-12.162,17.374,0.0395,0.7711,-0.6355,0.5481,-0.7461,-0.378,-0.8063,-0.3511,-0.4761,25.5,0.3134,0.364,0.897,1.20877,90.2,434.3,75.5,415.0,104.8,453.3,406,0.771,4
435,-103.714,-10.632,16.15,0.0097,0.79,-0.6131,0.5481,-0.7536,-0.3628,-0.805,-0.3576,-0.4735,25.5,0.3676,0.408,0.971,1.22199,90.3,432.7,75.6,413.3,104.9,452.0,407,0.497,4
436,-103.718,-9.064,14.975,-0.0133,0.8108,-0.5852,0.5479,-0.7614,-0.3465,-0.8013,-0.3587,-0.4788,25.5,0.4219,0.376,1.035,1.21971,90.4,431.1,75.7,411.5,104.9,450.6,407,1.463,4
437,-103.759,-7.454,13.859,-0.028,0.8325,-0.5533,0.5474,-0.7694,-0.3292,-0.7946,-0.3544,-0.493,25.5,0.4737,0.933,1.092,1.20712,90.4,429.5,75.8,409.7,104.9,449.2,408,0.351,4
438,-103.844,-5.803,12.806,-0.0563,0.852,-0.5205,0.5467,-0.7775,-0.3108,-0.7904,-0.3566,-0.4982,25.5,0.5314,0.403,1.153,1.38916,90.4,427.8,75.8,407.8,104.9,447.7,409,0.626,4
439,-103.972,-4.114,11.821,-0.0728,0.8721,-0.4839,0.5457,-0.7857,-0.2915,-0.7814,-0.3514,-0.5157,25.5,0.5839,1.166,1.203,1.31281,90.3,426.1,75.8,405.9,104.7,446.2,409,1.334,4
440,-104.121,-2.384,10.912,-0.0765,0.8932,-0.4432,0.5445,-0.7937,-0.2712,-0.7652,-0.3376,-0.5483,25.5,0.6304,2.231,1.252,1.3448,90.2,424.4,75.8,404.0,104.6,444.7,410,0.472,4
441,-104.286,-0.615,10.086,-0.092,0.9119,-0.4,0.5431,-0.8016,-0.2501,-0.7491,-0.328,-0.5755,25.5,0.6809,1.893,1.293,1.44915,90.1,422.6,75.8,402.0,104.4,443.1,411,0.295,4
442,-104.472,1.19,9.346,-0.0953,0.9302,-0.3546,0.5415,-0.8091,-0.2282,-0.7229,-0.3096,-0.6177,25.5,0.7233,3.035,1.33,1.43448,90.0,420.8,75.7,400.0,104.2,441.5,412,0.981,4
443,-104.648,3.031,8.698,-0.0818,0.9484,-0.3062,0.5398,-0.8163,-0.2058,-0.6792,-0.2779,-0.6793,25.5,0.7553,4.694,1.352,1.56273,89.8,419.0,75.7,398.0,103.9,439.8,412,0.979,4
444,-104.806,4.906,8.149,-0.0788,0.964,-0.2538,0.538,-0.8229,-0.1827,-0.6271,-0.2459,-0.7391,25.5,0.7893,4.902,1.38,1.60118,89.7,417.1,75.6,395.9,103.7,438.1,413,0.353,4
445,-104.95,6.808,7.702,-0.0655,0.9772,-0.2018,0.5362,-0.8289,-0.1593,-0.5548,-0.2038,-0.8066,25.5,0.813,6.162,1.388,1.61639,89.6,415.2,75.6,393.9,103.5,436.4,414,0.233,4
446,-105.057,8.734,7.356,-0.0447,0.9876,-0.1506,0.5344,-0.8343,-0.1357,-0.4624,-0.1541,-0.8732,25.5,0.8274,7.125,1.391,1.64439,89.5,413.2,75.6,391.8,103.4,434.6,415,0.784,4
447,-105.129,10.677,7.113,-0.0279,0.9948,-0.098,0.5326,-0.8389,-0.1121,-0.3554,-0.1015,-0.9292,25.5,0.8384,7.553,1.382,1.62836,89.5,411.3,75.6,389.8,103.2,432.7,415,1.177,4
448,-105.164,12.632,6.971,-0.0079,0.9988,-0.0476,0.5308,-0.8429,-0.0886,-0.2383,-0.0481,-0.97,25.5,0.8419,7.742,1.37,1.58986,89.4,409.3,75.7,387.7,103.1,430.9,416,0.654,4
449,-105.16,14.59,6.925,0.011,0.9999,0.0006,0.529,-0.8461,-0.0654,-0.1197,0.0019,-0.9928,25.5,0.8402,7.495,1.346,1.51438,89.4,407.4,75.8,385.7,103.1,429.0,417,0.16,4
450,-105.12,16.549,6.974,0.0309,0.9983,0.049,0.5272,-0.8486,-0.0428,-0.002,0.0491,-0.9988,25.5,0.833,7.279,1.307,1.53094,89.5,405.4,75.9,383.6,103.0,427.1,418,0.31,4
451,-105.036,18.502,7.118,0.0558,0.9935,0.099,0.5256,-0.8505,-0.021,0.1101,0.0924,-0.9896,25.5,0.8177,6.91,1.257,1.63948,89.5,403.4,76.1,381.6,103.0,425.2,419,0.75,4
452,-104.904,20.442,7.362,0.0777,0.9859,0.1485,0.524,-0.8517,-0.0002,0.21,0.1294,-0.9691,25.5,0.799,6.219,1.197,1.5983,89.7,401.5,76.2,379.7,103.1,423.3,420,1.16,4
453,-104.729,22.364,7.698,0.1018,0.9756,0.1948,0.5227,-0.8523,0.0193,0.2922,0.1579,-0.9432,25.5,0.7745,5.203,1.12,1.55567,89.8,399.5,76.5,377.7,103.2,421.4,420,0.8,4
454,-104.502,24.264,8.123,0.1306,0.9624,0.2382,0.5215,-0.8524,0.0373,0.3572,0.1785,-0.9168,25.5,0.7434,4.19,1.034,1.57116,90.0,397.6,76.7,375.8,103.3,419.5,421,0.424,4
455,-104.225,26.136,8.633,0.1504,0.9475,0.2821,0.5207,-0.8521,0.0536,0.4158,0.1983,-0.8876,25.5,0.7139,3.92,0.935,1.47409,90.3,395.7,77.0,373.9,103.5,417.6,422,0.084,4
456,-103.905,27.976,9.225,0.1789,0.9302,0.3206,0.5201,-0.8514,0.0682,0.457,0.21,-0.8643,25.5,0.6771,2.794,0.838,1.4892,90.6,393.9,77.3,372.1,103.8,415.7,423,0.225,4
457,-103.517,29.78,9.884,0.2175,0.9108,0.3509,0.52,-0.8503,0.081,0.4807,0.2129,-0.8506,25.5,0.6329,1.577,0.736,1.54303,90.9,392.1,77.7,370.3,104.1,413.8,424,0.507,4
458,-103.058,31.544,10.604,0.2467,0.8886,0.3867,0.5202,-0.8491,0.092,0.5082,0.2212,-0.8323,25.5,0.5906,1.952,0.634,1.4988,91.3,390.3,78.1,368.6,104.6,412.0,425,0.772,4
459,-102.549,33.266,11.39,0.2737,0.8691,0.412,0.5208,-0.8476,0.1014,0.5247,0.2241,-0.8213,25.5,0.5523,1.148,0.546,1.22294,91.8,388.5,78.6,366.9,105.0,410.3,426,1.024,4
460,-101.981,34.953,12.209,0.3075,0.8533,0.4211,0.5218,-0.846,0.1094,0.5247,0.2171,-0.8231,25.5,0.5154,0.414,0.471,1.1228,92.3,386.8,79.1,365.2,105.6,408.5,426,0.937,4
461,-101.339,36.612,13.032,0.3485,0.8399,0.416,0.5231,-0.8443,0.1162,0.5111,0.2017,-0.8355,25.5,0.4785,1.375,0.408,1.26993,92.9,385.1,79.7,363.5,106.2,406.8,427,0.693,4
462,-100.618,38.238,13.853,0.3849,0.8185,0.4265,0.5248,-0.8425,0.1218,0.51,0.1965,-0.8374,25.5,0.4356,0.323,0.351,1.27233,93.6,383.5,80.3,361.9,106.9,405.1,428,0.453,4
463,-99.833,39.824,14.695,0.4164,0.801,0.4301,0.5268,-0.8405,0.1266,0.505,0.1896,-0.842,25.5,0.3994,0.555,0.319,1.05879,94.3,381.8,81.0,360.3,107.7,403.4,429,0.217,4
464,-98.987,41.383,15.529,0.4466,0.7904,0.4193,0.5291,-0.8385,0.1307,0.49,0.1761,-0.8538,25.5,0.3717,1.339,0.293,0.98764,95.2,380.3,81.8,358.8,108.6,401.8,430,0.042,4
465,-98.082,42.926,16.329,0.4761,0.7858,0.3947,0.5317,-0.8363,0.1341,0.4651,0.156,-0.8714,25.5,0.3511,2.093,0.276,1.13109,96.0,378.7,82.6,357.3,109.5,400.2,431,0.27,4
466,-97.119,44.463,17.072,0.5096,0.7774,0.3686,0.5347,-0.8339,0.1369,0.4377,0.1346,-0.889,25.5,0.3253,2.233,0.272,1.2658,97.0,377.1,83.4,355.8,110.6,398.5,432,0.522,4
467,-96.087,45.971,17.781,0.5416,0.7625,0.3539,0.5379,-0.8314,0.1394,0.419,0.1202,-0.9,25.5,0.2933,1.492,0.273,1.11803,98.0,375.6,84.3,354.3,111.6,396.9,433,0.781,4
468,-95.003,47.457,18.456,0.5633,0.756,0.3334,0.5415,-0.8287,0.1416,0.3986,0.1048,-0.9111,25.5,0.2743,1.597,0.287,0.89321,99.0,374.1,85.3,352.8,112.8,395.3,434,1.049,4
469,-93.884,48.939,19.084,0.5767,0.7574,0.3064,0.5454,-0.8258,0.1435,0.3753,0.0875,-0.9228,25.5,0.267,1.793,0.299,0.88215,100.1,372.5,86.3,351.4,114.0,393.8,434,0.912,4
470,-92.748,50.431,19.651,0.5819,0.7668,0.2711,0.5497,-0.8227,0.1453,0.3475,0.067,-0.9353,25.5,0.2716,2.105,0.321,1.07872,101.2,371.0,87.3,350.0,115.2,392.2,435,0.636,4
471,-91.601,51.942,20.144,0.5934,0.7701,0.234,0.5542,-0.8193,0.147,0.3165,0.044,-0.9476,25.5,0.2677,2.321,0.337,1.13978,102.4,369.5,88.3,348.5,116.5,390.5,436,0.351,4
472,-90.422,53.449,20.568,0.6076,0.769,0.1987,0.559,-0.8157,0.1488,0.2862,0.0214,-0.9579,25.5,0.2581,2.245,0.359,1.11298,103.5,367.9,89.3,347.1,117.8,388.9,437,0.063,4
473,-89.226,54.961,20.923,0.6112,0.7744,0.1634,0.5639,-0.812,0.1506,0.2581,0.0001,-0.9661,25.5,0.2595,2.074,0.367,1.0494,104.7,366.4,90.4,345.6,119.1,387.3,438,0.251,4
474,-88.034,56.488,21.211,0.6044,0.7857,0.1318,0.5691,-0.808,0.1526,0.2352,-0.0179,-0.9718,25.5,0.2708,1.701,0.393,1.00136,105.9,364.8,91.5,344.2,120.4,385.6,439,0.568,4
475,-86.862,58.042,21.443,0.5919,0.7994,0.103,0.5742,-0.8039,0.1547,0.2155,-0.0338,-0.9759,25.5,0.2868,1.469,0.394,1.00165,107.1,363.3,92.5,342.7,121.7,383.9,440,0.905,4
476,-85.702,59.613,21.6,0.5915,0.804,0.0605,0.5794,-0.7997,0.157,0.1825,-0.0604,-0.9814,25.5,0.2907,2.449,0.405,1.2499,108.3,361.7,93.5,341.2,123.0,382.2,440,1.056,4
477,-84.546,61.194,21.691,0.5873,0.8087,0.0344,0.5846,-0.7955,0.1595,0.1636,-0.0769,-0.9835,25.5,0.2945,1.443,0.409,0.78492,109.4,360.1,94.6,339.7,124.3,380.5,441,0.7,4
478,-83.402,62.784,21.743,0.5802,0.8142,0.0212,0.5898,-0.7911,0.1621,0.1559,-0.0855,-0.9841,25.5,0.2985,0.662,0.418,0.4667,110.6,358.4,95.6,338.2,125.6,378.8,442,0.325,4
479,-82.273,64.386,21.781,0.5706,0.821,0.0188,0.5948,-0.7868,0.1649,0.1575,-0.087,-0.9837,25.5,0.3035,0.128,0.41,0.35099,111.7,356.8,96.6,336.7,126.9,377.0,443,0.092,4
480,-81.167,66.003,21.823,0.5582,0.8293,0.0265,0.5998,-0.7824,0.1677,0.168,-0.0817,-0.9824,25.5,0.3096,0.678,0.414,0.49085,112.8,355.2,97.6,335.2,128.2,375.3,444,0.495,4
481,-80.088,67.638,21.891,0.5423,0.8391,0.0432,0.6046,-0.778,0.1706,0.1864,-0.07,-0.98,25.5,0.3176,1.257,0.408,0.7326,113.9,353.5,98.6,333.7,129.4,373.5,445,0.93,4
482,-79.039,69.292,21.963,0.5287,0.8483,0.0315,0.6093,-0.7737,0.1735,0.1816,-0.0768,-0.9804,25.5,0.3287,0.477,0.401,0.58941,115.0,351.9,99.5,332.1,130.6,371.7,445,1.031,4
483,-78.014,70.962,22.02,0.5172,0.8554,0.0279,0.6139,-0.7694,0.1764,0.183,-0.0786,-0.98,25.5,0.3357,0.133,0.397,0.40885,116.0,350.2,100.4,330.5,131.7,369.9,446,0.582,4
484,-77.01,72.644,22.077,0.5076,0.861,0.032,0.6183,-0.7652,0.1793,0.1902,-0.0757,-0.9788,25.5,0.3393,0.45,0.386,0.3463,117.0,348.5,101.3,328.9,132.8,368.1,447,0.129,4
485,-76.024,74.336,22.15,0.4992,0.8654,0.0437,0.6225,-0.7611,0.1823,0.2031,-0.0679,-0.9768,25.5,0.3399,0.871,0.378,0.44022,118.0,346.7,102.2,327.3,133.9,366.2,448,0.377,4
486,-75.053,76.035,22.254,0.4917,0.8684,0.0638,0.6265,-0.7571,0.1854,0.2224,-0.0544,-0.9734,25.5,0.3376,1.364,0.37,0.63328,119.0,345.0,103.1,325.7,135.0,364.4,449,0.88,4
487,-74.096,77.739,22.407,0.4846,0.8697,0.0942,0.6303,-0.7531,0.1885,0.2489,-0.0339,-0.9679,25.5,0.3318,1.945,0.363,0.91355,120.0,343.3,103.9,324.1,136.1,362.6,449,1.08,4
488,-73.156,79.444,22.625,0.4733,0.8722,0.1231,0.634,-0.7492,0.1916,0.2747,-0.0134,-0.9614,25.5,0.3298,1.925,0.356,0.91021,120.9,341.5,104.8,322.5,137.1,360.7,450,0.549,4
489,-72.242,81.158,22.886,0.4598,0.8762,0.1445,0.6374,-0.7454,0.1949,0.2952,0.0027,-0.9554,25.5,0.3319,1.533,0.348,0.74894,121.8,339.8,105.6,320.8,138.1,358.9,451,0.025,4
490,-71.352,82.877,23.194,0.449,0.8773,0.1697,0.6407,-0.7418,0.1982,0.3174,0.0209,-0.9481,25.5,0.3295,1.697,0.338,0.80225,122.7,338.0,106.4,319.2,139.1,357.0,452,0.606,4
491,-70.48,84.594,23.554,0.4415,0.8751,0.1982,0.6438,-0.7382,0.2015,0.3408,0.0408,-0.9393,25.5,0.3218,1.831,0.331,0.864,123.6,336.3,107.2,317.5,140.1,355.2,453,1.24,4
492,-69.619,86.305,23.972,0.4375,0.8695,0.2293,0.6467,-0.7347,0.2051,0.3646,0.0616,-0.9291,25.5,0.3089,1.903,0.332,0.93128,124.4,334.5,108.0,315.9,141.0,353.3,453,0.72,4
493,-68.762,88.0,24.454,0.4363,0.8607,0.2623,0.6494,-0.7312,0.2087,0.3882,0.0829,-0.9178,25.5,0.2913,1.933,0.327,0.99913,125.3,332.8,108.8,314.2,141.9,351.5,454,0.037,4
494,-67.912,89.68,25.0,0.4309,0.853,0.2944,0.652,-0.7279,0.2124,0.4116,0.1045,-0.9053,25.5,0.2774,1.96,0.321,0.97799,126.1,331.1,109.5,312.6,142.8,349.7,455,0.702,4
495,-67.074,91.344,25.607,0.4237,0.8455,0.325,0.6543,-0.7246,0.2163,0.4339,0.1255,-0.8922,25.5,0.2651,1.909,0.321,0.94494,127.0,329.3,110.3,310.9,143.7,347.9,455,1.258,4
496,-66.252,92.994,26.272,0.4149,0.8385,0.3534,0.6566,-0.7214,0.2203,0.4546,0.1454,-0.8787,25.5,0.2546,1.818,0.322,0.89302,127.8,327.6,111.0,309.3,144.6,346.1,456,0.459,4
497,-65.449,94.631,26.99,0.4047,0.8323,0.3789,0.6586,-0.7182,0.2245,0.4735,0.1637,-0.8654,25.5,0.2462,1.689,0.323,0.82315,128.6,325.9,111.8,307.7,145.4,344.3,457,0.394,4
498,-64.667,96.257,27.755,0.394,0.8268,0.4015,0.6606,-0.715,0.2288,0.4905,0.1803,-0.8526,25.5,0.239,1.546,0.328,0.74853,129.3,324.2,112.5,306.1,146.3,342.5,458,1.289,4
499,-63.9,97.867,28.567,0.3877,0.817,0.4269,0.6624,-0.7119,0.2332,0.5074,0.1974,-0.8388,25.5,0.2253,1.588,0.325,0.81697,130.1,322.6,113.2,304.5,147.1,340.7,458,0.671,4
500,-63.148,99.46,29.426,0.3789,0.8089,0.4496,0.6641,-0.7088,0.2377,0.5232,0.2135,-0.8251,25.5,0.2149,1.512,0.328,0.75011,130.8,320.9,113.9,302.9,147.9,339.0,459,0.26,4
501,-62.416,101.039,30.328,0.3675,0.8023,0.4704,0.6657,-0.7058,0.2423,0.5382,0.2291,-0.8111,25.5,0.2076,1.477,0.328,0.71975,131.5,319.2,114.5,301.3,148.6,337.2,460,1.214,4
502,-61.71,102.606,31.27,0.3533,0.7969,0.4899,0.6671,-0.7027,0.2471,0.5528,0.2446,-0.7966,25.5,0.2032,1.476,0.337,0.72271,132.2,317.6,115.2,299.8,149.3,335.5,460,0.746,4
503,-61.034,104.164,32.248,0.336,0.7927,0.5086,0.6685,-0.6997,0.2521,0.5674,0.2607,-0.7811,25.5,0.2018,1.53,0.344,0.75484,132.9,315.9,115.8,298.2,150.0,333.8,461,0.226,4
504,-60.394,105.713,33.264,0.3184,0.787,0.5284,0.6697,-0.6967,0.2571,0.5822,0.2776,-0.7642,25.5,0.1992,1.611,0.341,0.79229,133.5,314.3,116.4,296.7,150.7,332.1,462,1.204,4
505,-59.784,107.247,34.32,0.3033,0.7788,0.5491,0.6708,-0.6937,0.2623,0.5964,0.2943,-0.7468,25.5,0.1928,1.604,0.35,0.78654,134.1,312.7,116.9,295.1,151.3,330.4,462,0.756,4
506,-59.206,108.766,35.415,0.2868,0.7715,0.568,0.6718,-0.6906,0.2677,0.6097,0.3103,-0.7294,25.5,0.1881,1.554,0.361,0.76393,134.6,311.1,117.4,293.6,151.9,328.7,463,0.221,4
507,-58.661,110.272,36.544,0.2694,0.7654,0.5845,0.6727,-0.6876,0.2733,0.6218,0.3252,-0.7125,25.5,0.1853,1.465,0.368,0.72334,135.1,309.4,117.9,292.1,152.5,327.0,464,1.183,4
508,-58.15,111.767,37.704,0.2515,0.7606,0.5985,0.6735,-0.6845,0.279,0.6327,0.3387,-0.6964,25.5,0.1843,1.356,0.375,0.67906,135.6,307.8,118.4,290.5,153.0,325.3,464,0.777,4
509,-57.675,113.254,38.888,0.2336,0.7573,0.6099,0.6742,-0.6814,0.2849,0.6424,0.3507,-0.6815,25.5,0.1848,1.229,0.384,0.62795,136.1,306.2,118.8,289.0,153.5,323.6,465,0.158,4
510,-57.235,114.731,40.1,0.2157,0.7489,0.6266,0.6748,-0.6782,0.2911,0.6536,0.366,-0.6625,25.5,0.1799,1.538,0.401,0.75669,136.5,304.7,119.2,287.5,153.9,321.9,466,1.044,4
511,-56.828,116.191,41.342,0.1995,0.7419,0.6402,0.6753,-0.6749,0.2975,0.663,0.3789,-0.6457,25.5,0.1755,1.328,0.414,0.65126,136.8,303.1,119.5,286.0,154.3,320.3,466,0.916,4
512,-56.452,117.64,42.607,0.1847,0.7369,0.6503,0.6758,-0.6715,0.3041,0.6708,0.3891,-0.6314,25.5,0.1723,1.101,0.426,0.54384,137.2,301.5,119.9,284.6,154.7,318.6,467,0.1,4
513,-56.104,119.081,43.889,0.1708,0.7338,0.6575,0.6761,-0.6679,0.311,0.6773,0.3973,-0.6192,25.5,0.1701,0.921,0.446,0.46651,137.5,299.9,120.2,283.1,155.0,316.9,468,0.625,4
514,-55.782,120.518,45.183,0.1571,0.7326,0.6623,0.6765,-0.6642,0.3183,0.6829,0.4038,-0.6087,25.5,0.1695,0.777,0.469,0.42581,137.8,298.4,120.4,281.7,155.3,315.3,469,1.236,4
515,-55.488,121.954,46.483,0.1433,0.7334,0.6645,0.6767,-0.6602,0.3258,0.6878,0.409,-0.5997,25.5,0.1707,0.658,0.487,0.40923,138.0,296.8,120.7,280.2,155.6,313.6,469,0.724,4
516,-55.222,123.393,47.787,0.1279,0.7336,0.6675,0.677,-0.656,0.3337,0.693,0.4154,-0.5893,25.5,0.1719,0.76,0.513,0.45874,138.3,295.2,120.9,278.8,155.8,311.9,470,0.251,4
517,-54.987,124.828,49.1,0.1124,0.7314,0.6726,0.6772,-0.6515,0.3421,0.6986,0.4232,-0.577,25.5,0.1703,0.894,0.546,0.48136,138.5,293.7,121.1,277.3,156.0,310.2,471,0.066,4
518,-54.781,126.26,50.423,0.0976,0.7293,0.6772,0.6773,-0.6464,0.3513,0.7039,0.4305,-0.565,25.5,0.1674,0.86,0.603,0.45724,138.6,292.1,121.2,275.9,156.2,308.5,472,0.193,4
519,-54.604,127.687,51.755,0.0826,0.7269,0.6817,0.6775,-0.6406,0.3615,0.709,0.4379,-0.5528,25.5,0.1633,0.868,0.672,0.46317,138.8,290.5,121.4,274.5,156.4,306.7,473,0.141,4
520,-54.458,129.109,53.096,0.0661,0.7242,0.6864,0.6776,-0.6338,0.3732,0.7143,0.446,-0.5393,25.5,0.158,0.952,0.775,0.50765,138.9,289.0,121.5,273.1,156.5,305.0,474,0.092,4
521,-54.347,130.526,54.446,0.0464,0.7207,0.6917,0.6775,-0.6257,0.3865,0.7198,0.456,-0.5235,25.5,0.1522,1.117,0.892,0.60498,139.0,287.4,121.6,271.8,156.6,303.2,475,0.471,4
522,-54.289,131.936,55.804,0.0088,0.7205,0.6934,0.6774,-0.6163,0.4017,0.7261,0.4722,-0.4998,25.5,0.1595,1.684,1.024,1.10084,139.0,285.8,121.6,270.5,156.6,301.4,477,0.295,4
523,-54.306,133.344,57.168,-0.0226,0.7148,0.699,0.6768,-0.605,0.4193,0.7315,0.4885,-0.4758,25.5,0.1547,1.691,1.199,0.94736,138.9,284.3,121.5,269.3,156.5,299.5,478,0.496,4
524,-54.363,134.732,58.551,-0.0311,0.6992,0.7143,0.6756,-0.5917,0.4399,0.7355,0.4999,-0.4573,25.5,0.1205,1.266,1.407,0.68544,138.8,282.7,121.5,268.1,156.4,297.5,481,0.427,4
525,-54.408,136.077,59.975,-0.0164,0.6708,0.7415,0.6733,-0.5757,0.4638,0.7391,0.5076,-0.4429,25.5,0.0533,0.958,1.653,1.22747,138.7,281.2,121.5,267.1,156.2,295.6,483,0.008,4
526,-54.464,137.354,61.46,-0.0332,0.6355,0.7714,0.6697,-0.5572,0.4909,0.7418,0.5329,-0.4072,25.5,0.0023,2.512,1.891,1.43913,138.6,279.8,121.5,266.2,156.0,293.6,486,0.115,5
527,-54.502,138.588,62.982,0.0036,0.6295,0.777,0.665,-0.5373,0.5187,0.7457,0.516,-0.4215,25.5,0.0672,1.288,1.977,1.1025,138.5,278.4,121.5,265.4,155.8,291.6,489,0.318,5
528,-54.427,139.835,64.491,0.0663,0.6388,0.7665,0.6596,-0.5181,0.5446,0.7514,0.4735,-0.4596,25.5,0.1302,3.287,1.873,1.879,138.5,277.0,121.7,264.5,155.7,289.6,491,0.013,5
529,-54.254,141.085,65.991,0.1102,0.6368,0.7631,0.654,-0.5003,0.5674,0.7564,0.4443,-0.48,25.5,0.1865,2.061,1.688,1.28873,138.7,275.5,122.0,263.6,155.7,287.7,493,0.184,5
530,-53.993,142.334,67.478,0.1576,0.639,0.7529,0.6484,-0.4835,0.5881,0.7613,0.407,-0.5047,25.5,0.236,2.579,1.561,1.41917,138.9,274.1,122.4,262.7,155.7,285.7,495,0.219,5
531,-53.637,143.596,68.934,0.2046,0.6505,0.7314,0.6426,-0.467,0.6074,0.7655,0.3593,-0.5337,25.5,0.2719,3.208,1.492,1.54838,139.2,272.7,122.8,261.7,155.9,283.8,497,0.121,5
532,-53.192,144.872,70.354,0.2483,0.6472,0.7207,0.6369,-0.4508,0.6254,0.7694,0.3202,-0.5527,25.5,0.3171,2.501,1.425,1.31907,139.6,271.2,123.4,260.8,156.2,281.9,499,0.123,5
533,-52.664,146.118,71.772,0.2907,0.6204,0.7284,0.6313,-0.4352,0.6419,0.7736,0.2956,-0.5605,25.5,0.3811,1.498,1.34,1.48394,140.1,269.8,124.1,259.8,156.6,280.0,501,0.54,5
534,-52.054,147.301,73.209,0.3324,0.5927,0.7337,0.6262,-0.4206,0.6565,0.7771,0.2687,-0.5691,25.5,0.4405,1.631,1.219,1.47201,140.7,268.5,124.8,258.9,157.0,278.2,502,0.156,5
535,-51.364,148.439,74.648,0.3703,0.5667,0.736,0.6216,-0.4072,0.6692,0.7798,0.2409,-0.5778,25.5,0.4919,1.676,1.09,1.3455,141.4,267.1,125.6,257.9,157.6,276.5,504,0.588,5
536,-50.605,149.516,76.099,0.4037,0.5309,0.7451,0.6176,-0.3949,0.6802,0.7825,0.2217,-0.5819,25.5,0.5465,1.135,0.973,1.45617,142.2,265.9,126.4,257.0,158.2,274.9,505,0.078,5
537,-49.784,150.516,77.57,0.4331,0.4926,0.7548,0.6142,-0.3836,0.6896,0.7848,0.2057,-0.5846,25.5,0.5976,0.939,0.864,1.44007,143.0,264.7,127.3,256.2,159.0,273.4,506,0.366,5
538,-48.908,151.449,79.054,0.4613,0.4589,0.7593,0.6114,-0.3734,0.6977,0.7861,0.1853,-0.5896,25.5,0.6404,1.206,0.763,1.29157,143.8,263.6,128.2,255.4,159.8,272.0,507,0.748,5
539,-47.976,152.312,80.547,0.4893,0.4203,0.7642,0.6091,-0.3643,0.7045,0.7867,0.1653,-0.5947,25.5,0.6833,1.183,0.664,1.40172,144.8,262.6,129.2,254.6,160.7,270.7,509,0.623,5
540,-46.99,153.093,82.049,0.5176,0.3754,0.7688,0.6074,-0.3563,0.71,0.7866,0.1448,-0.6003,25.5,0.7265,1.218,0.565,1.55778,145.8,261.6,130.2,253.8,161.6,269.5,510,0.411,5
541,-45.95,153.788,83.558,0.5429,0.3348,0.7702,0.6063,-0.3494,0.7144,0.7854,0.1222,-0.6068,25.5,0.7624,1.349,0.473,1.39938,146.8,260.7,131.3,253.2,162.7,268.4,511,0.252,5
542,-44.863,154.404,85.068,0.5663,0.2935,0.7702,0.6059,-0.3435,0.7176,0.7832,0.0993,-0.6138,25.5,0.795,1.378,0.385,1.38797,147.9,259.9,132.4,252.5,163.8,267.5,512,0.146,5
543,-43.731,154.937,86.576,0.5884,0.25,0.769,0.6061,-0.3385,0.7198,0.7799,0.0754,-0.6213,25.5,0.8255,1.448,0.313,1.42708,149.1,259.2,133.5,252.0,165.0,266.6,513,0.092,5
544,-42.557,155.382,88.08,0.6097,0.2036,0.766,0.6071,-0.3344,0.7208,0.7751,0.0491,-0.63,25.5,0.8542,1.611,0.248,1.49566,150.3,258.6,134.6,251.5,166.2,265.9,514,0.088,5
545,-41.343,155.737,89.577,0.6287,0.1601,0.761,0.6089,-0.331,0.7208,0.7685,0.0213,-0.6394,25.5,0.8784,1.723,0.22,1.39556,151.5,258.1,135.8,251.1,167.5,265.3,515,0.128,5
546,-40.095,156.012,91.063,0.6442,0.1203,0.7553,0.6118,-0.3284,0.7196,0.7611,-0.0034,-0.6486,25.5,0.8981,1.569,0.234,1.2598,152.8,257.7,137.0,250.7,168.9,264.8,516,0.202,5
547,-38.818,156.209,92.537,0.6579,0.0807,0.7488,0.6158,-0.3264,0.7171,0.7524,-0.0265,-0.6582,25.5,0.9158,1.518,0.294,1.23975,154.1,257.3,138.1,250.4,170.4,264.4,517,0.305,5
548,-37.516,156.326,93.997,0.6719,0.0366,0.7398,0.6213,-0.325,0.713,0.7405,-0.0541,-0.6699,25.5,0.933,1.848,0.401,1.37838,155.4,257.1,139.3,250.1,171.9,264.1,518,0.432,5
549,-36.185,156.351,95.435,0.6856,-0.0107,0.7279,0.6282,-0.3241,0.7073,0.7244,-0.0878,-0.6837,25.5,0.949,2.281,0.515,1.48133,156.8,256.9,140.4,250.0,173.5,263.9,519,0.577,5
550,-34.831,156.285,96.85,0.6956,-0.0558,0.7162,0.6369,-0.3238,0.6997,0.7084,-0.1123,-0.6968,25.5,0.9622,1.837,0.662,1.39338,158.2,256.8,141.6,249.9,175.1,263.9,520,0.733,5
551,-33.461,156.133,98.243,0.7021,-0.0997,0.7051,0.6473,-0.3239,0.69,0.6947,-0.1217,-0.7089,25.5,0.9733,1.178,0.815,1.33756,159.6,256.8,142.7,249.9,176.9,264.0,521,0.896,5
552,-32.075,155.888,99.606,0.7123,-0.1508,0.6855,0.6596,-0.3245,0.6779,0.6643,-0.1701,-0.7278,25.5,0.9835,3.45,0.989,1.62802,161.0,257.0,143.8,250.0,178.7,264.1,521,1.064,5
553,-30.675,155.544,100.934,0.7144,-0.2003,0.6704,0.6734,-0.3254,0.6638,0.6477,-0.1729,-0.742,25.5,0.9913,1.262,1.132,1.51456,162.5,257.2,144.8,250.1,180.6,264.4,522,0.895,5
554,-29.281,155.108,102.24,0.7062,-0.2432,0.6649,0.6884,-0.3263,0.6478,0.686,0.0031,-0.7276,25.5,0.9962,10.367,1.258,1.28724,164.0,257.5,145.8,250.4,182.4,264.8,523,0.721,5
555,-27.903,154.589,103.533,0.7018,-0.2873,0.6518,0.7042,-0.3269,0.6303,0.7091,0.3682,-0.6013,25.5,0.999,22.316,1.351,1.35133,165.4,258.0,146.8,250.8,184.3,265.3,524,0.544,5
556,-26.536,153.984,104.801,0.6908,-0.3297,0.6435,0.7203,-0.327,0.6118,0.2017,0.9425,0.2664,25.5,0.9991,70.738,1.405,1.30362,166.8,258.5,147.8,251.2,186.2,265.9,525,0.363,5
557,-25.202,153.298,106.062,0.6691,-0.3691,0.6451,0.7365,-0.3265,0.5925,-0.0848,0.8244,0.5597,25.5,0.9955,24.636,1.444,1.31602,168.2,259.1,148.7,251.8,188.1,266.6,526,0.18,5
558,-23.911,152.536,107.324,0.6499,-0.4089,0.6406,0.7524,-0.325,0.5729,-0.1761,0.7389,0.6504,25.5,0.9889,8.861,1.449,1.29875,169.6,259.8,149.6,252.4,189.9,267.3,527,0.012,5
559,-22.66,151.696,108.577,0.625,-0.4482,0.6391,0.7679,-0.3224,0.5535,-0.2026,0.6975,0.6873,25.5,0.9782,3.522,1.431,1.36105,170.9,260.6,150.4,253.2,191.7,268.0,528,0.184,5
560,-21.468,150.78,109.834,0.5892,-0.4861,0.6454,0.7828,-0.3184,0.5347,-0.1968,0.6884,0.6981,25.5,0.9611,0.875,1.393,1.5356,172.1,261.4,151.2,254.1,193.4,268.8,529,0.365,5
561,-20.351,149.791,111.104,0.5518,-0.5237,0.6491,0.7968,-0.313,0.5168,-0.1962,0.6749,0.7113,25.5,0.939,1.082,1.338,1.55456,173.3,262.4,152.0,255.1,195.0,269.7,530,0.544,5
562,-19.305,148.729,112.377,0.5154,-0.559,0.6495,0.8101,-0.3062,0.4999,-0.1981,0.6596,0.725,25.5,0.9134,1.182,1.292,1.48265,174.4,263.4,152.7,256.3,196.5,270.5,531,0.719,5
563,-18.33,147.602,113.649,0.4797,-0.591,0.6485,0.8227,-0.2981,0.4841,-0.1991,0.6465,0.7365,25.5,0.8848,1.0,1.247,1.40218,175.4,264.4,153.3,257.5,197.8,271.5,532,0.886,5
564,-17.426,146.415,114.919,0.4436,-0.6198,0.6474,0.8345,-0.2889,0.4692,-0.1987,0.6363,0.7454,25.5,0.853,0.776,1.21,1.35076,176.4,265.6,153.9,258.9,199.1,272.4,533,1.042,5
565,-16.591,145.172,116.184,0.4081,-0.6482,0.6429,0.8457,-0.2788,0.4551,-0.2015,0.6229,0.7559,25.5,0.8184,0.989,1.183,1.33573,177.3,266.8,154.5,260.3,200.4,273.4,533,0.918,5
566,-15.827,143.873,117.437,0.3716,-0.6778,0.6345,0.8561,-0.2678,0.4419,-0.2071,0.6057,0.7683,25.5,0.78,1.257,1.151,1.39581,178.1,268.1,155.0,261.8,201.5,274.4,534,0.778,5
567,-15.137,142.518,118.673,0.3319,-0.7042,0.6277,0.866,-0.256,0.4295,-0.2098,0.5937,0.7769,25.5,0.7373,0.86,1.133,1.40811,178.8,269.4,155.4,263.5,202.5,275.5,535,0.659,5
568,-14.524,141.112,119.893,0.2945,-0.7308,0.6158,0.8753,-0.2435,0.4178,-0.2156,0.5769,0.7878,25.5,0.693,1.195,1.116,1.38627,179.4,270.8,155.8,265.2,203.4,276.5,536,0.567,5
569,-13.981,139.652,121.082,0.2599,-0.7596,0.5962,0.884,-0.2304,0.4068,-0.2252,0.5527,0.8024,25.5,0.6473,1.71,1.1,1.4357,180.0,272.3,156.1,266.9,204.2,277.7,537,0.506,5
570,-13.513,138.137,122.233,0.215,-0.7853,0.5806,0.8922,-0.2167,0.3964,-0.2301,0.537,0.8116,25.5,0.5921,1.08,1.092,1.58014,180.5,273.8,156.3,268.8,205.0,278.9,538,0.481,5
571,-13.128,136.574,123.35,0.1815,-0.81,0.5576,0.8997,-0.2025,0.3866,-0.2384,0.5139,0.8241,25.5,0.5429,1.578,1.078,1.39044,180.9,275.4,156.5,270.7,205.6,280.1,539,0.486,5
572,-12.788,134.961,124.41,0.1687,-0.8367,0.521,0.9067,-0.1881,0.3775,-0.2528,0.4742,0.8434,25.5,0.507,2.66,1.055,1.37656,181.3,277.0,156.6,272.7,206.2,281.4,540,0.509,5
573,-12.468,133.295,125.391,0.1499,-0.8624,0.4836,0.913,-0.1735,0.3692,-0.2648,0.4362,0.86,25.5,0.465,2.474,1.028,1.43631,181.6,278.7,156.8,274.8,206.7,282.7,541,0.535,5
574,-12.193,131.583,126.305,0.1348,-0.8837,0.4481,0.9187,-0.1589,0.3616,-0.2745,0.4013,0.8739,25.5,0.4263,2.223,0.998,1.2885,181.9,280.5,156.9,276.9,207.1,284.1,542,0.553,5
575,-11.924,129.832,127.143,0.1438,-0.9026,0.4057,0.9237,-0.1444,0.3548,-0.2865,0.3545,0.8901,25.5,0.4071,2.92,0.961,1.3827,182.2,282.3,157.0,279.1,207.6,285.5,543,0.55,5
576,-11.617,128.047,127.89,0.1639,-0.9196,0.357,0.9281,-0.1303,0.3488,-0.2988,0.2986,0.9064,25.5,0.3965,3.41,0.913,1.61876,182.5,284.2,157.2,281.3,208.0,287.0,544,0.512,5
577,-11.29,126.228,128.543,0.172,-0.9353,0.3093,0.9318,-0.1165,0.3437,-0.3079,0.2472,0.9187,25.5,0.3755,3.073,0.869,1.48747,182.8,286.1,157.4,283.6,208.5,288.6,545,0.427,5
578,-10.936,124.385,129.105,0.1907,-0.945,0.2659,0.9351,-0.1031,0.3392,-0.3149,0.1976,0.9283,25.5,0.3659,2.923,0.832,1.41073,183.2,288.0,157.7,285.9,209.0,290.1,546,0.277,5
579,-10.539,122.528,129.592,0.2148,-0.9486,0.2323,0.9378,-0.0901,0.3353,-0.3192,0.1566,0.9347,25.5,0.3648,2.39,0.793,1.21349,183.6,290.0,158.1,288.2,209.5,291.8,547,0.056,5
580,-10.103,120.664,130.009,0.23,-0.9535,0.1949,0.9401,-0.0776,0.332,-0.3224,0.1143,0.9397,25.5,0.3549,2.447,0.752,1.18909,184.1,291.9,158.5,290.5,210.0,293.4,548,0.231,5
581,-9.639,118.793,130.362,0.2435,-0.9553,0.1675,0.942,-0.0655,0.3291,-0.3236,0.0828,0.9426,25.5,0.3471,1.814,0.721,0.89454,184.6,293.9,158.9,292.8,210.6,295.1,549,0.577,5
582,-9.15,116.921,130.671,0.2553,-0.9553,0.1491,0.9436,-0.0537,0.3267,-0.3234,0.061,0.9443,25.5,0.3409,1.253,0.696,0.63912,185.1,295.9,159.4,295.1,211.2,296.8,550,0.972,5
583,-8.639,115.049,130.952,0.2654,-0.9542,0.1383,0.9449,-0.0423,0.3245,-0.3226,0.0473,0.9454,25.5,0.336,0.789,0.669,0.43344,185.7,297.9,159.9,297.4,211.8,298.5,550,0.988,5
584,-8.11,113.181,131.215,0.2753,-0.9528,0.128,0.946,-0.0312,0.3226,-0.3216,0.0342,0.9463,25.5,0.3315,0.754,0.648,0.41978,186.3,299.9,160.4,299.7,212.4,300.2,551,0.554,5
585,-7.56,111.315,131.45,0.2849,-0.9519,0.113,0.9469,-0.0203,0.3209,-0.3206,0.0165,0.9471,25.5,0.3254,1.017,0.634,0.52141,186.8,301.9,161.0,301.9,213.0,301.9,552,0.095,5
586,-6.995,109.45,131.661,0.2919,-0.9509,0.1027,0.9476,-0.0097,0.3193,-0.3193,0.0044,0.9476,25.5,0.3186,0.698,0.616,0.36521,187.5,303.9,161.5,304.2,213.6,303.6,553,0.381,5
587,-6.418,107.587,131.855,0.297,-0.9501,0.0959,0.9481,0.0006,0.3179,-0.3179,-0.0036,0.9481,25.5,0.3115,0.466,0.596,0.24957,188.1,305.9,162.1,306.5,214.3,305.3,554,0.856,5
588,-5.832,105.726,132.039,0.3006,-0.9493,0.0919,0.9485,0.0107,0.3166,-0.3165,-0.0084,0.9485,25.5,0.3041,0.287,0.584,0.15903,188.7,307.9,162.8,308.7,214.9,307.0,554,1.104,5
589,-5.24,103.866,132.217,0.3031,-0.9487,0.0902,0.9487,0.0206,0.3154,-0.3153,-0.0105,0.9489,25.5,0.2965,0.14,0.572,0.0901,189.3,309.9,163.4,311.0,215.6,308.8,555,0.638,6
590,-4.644,102.007,132.394,0.3045,-0.9482,0.0905,0.9488,0.0303,0.3144,-0.3142,-0.0103,0.9493,25.5,0.2886,0.068,0.559,0.04433,190.0,311.9,164.0,313.2,216.2,310.5,556,0.188,6
591,-4.047,100.149,132.573,0.3051,-0.9478,0.0926,0.9488,0.0397,0.3133,-0.3133,-0.0081,0.9496,25.5,0.2809,0.137,0.542,0.0649,190.6,313.9,164.7,315.5,216.9,312.3,557,0.245,6
592,-3.449,98.293,132.758,0.3067,-0.9469,0.0962,0.9487,0.0489,0.3124,-0.3125,-0.0047,0.9499,25.5,0.2747,0.201,0.53,0.11824,191.3,315.9,165.3,317.7,217.5,314.0,558,0.653,6
593,-2.842,96.438,132.949,0.3112,-0.9452,0.0988,0.9485,0.058,0.3114,-0.3118,-0.0034,0.9501,25.5,0.2711,0.085,0.525,0.15972,191.9,317.9,166.0,320.0,218.2,315.8,559,1.03,6
594,-2.23,94.587,133.144,0.3143,-0.944,0.0999,0.9482,0.0668,0.3106,-0.3111,-0.003,0.9504,25.5,0.266,0.049,0.507,0.10239,192.6,319.9,166.6,322.2,218.8,317.5,559,0.931,6
595,-1.611,92.738,133.34,0.3165,-0.9433,0.0998,0.9478,0.0753,0.3097,-0.3103,-0.0035,0.9506,25.5,0.2599,0.055,0.49,0.06755,193.3,321.8,167.3,324.4,219.5,319.3,560,0.59,6
596,-0.99,90.889,133.535,0.3177,-0.943,0.0987,0.9474,0.0835,0.3089,-0.3096,-0.0048,0.9509,25.5,0.2527,0.086,0.473,0.04839,193.9,323.8,168.0,326.6,220.1,321.0,561,0.294,6
597,-0.366,89.04,133.726,0.3182,-0.9431,0.0966,0.947,0.0913,0.3081,-0.3088,-0.0067,0.9511,25.5,0.245,0.119,0.45,0.06315,194.6,325.8,168.6,328.8,220.8,322.8,562,0.094,6
598,0.257,87.192,133.913,0.3179,-0.9435,0.0935,0.9464,0.0988,0.3074,-0.308,-0.0095,0.9513,25.5,0.2364,0.167,0.433,0.09178,195.3,327.8,169.3,330.9,221.5,324.6,563,0.211,6
599,0.88,85.342,134.092,0.3169,-0.9442,0.0893,0.9459,0.1059,0.3067,-0.3071,-0.0131,0.9516,25.5,0.2272,0.213,0.41,0.12785,196.0,329.8,170.0,333.1,222.1,326.4,564,0.367,6
600,1.499,83.49,134.262,0.3151,-0.9453,0.0839,0.9453,0.1125,0.3061,-0.3061,-0.0176,0.9518,25.5,0.2172,0.264,0.381,0.16951,196.6,331.8,170.7,335.3,222.8,328.2,565,0.49,6
601,2.114,81.636,134.42,0.3124,-0.9468,0.077,0.9448,0.1186,0.3055,-0.305,-0.0232,0.9521,25.5,0.2064,0.327,0.352,0.22095,197.3,333.8,171.4,337.4,223.5,330.1,566,0.582,6
602,2.723,79.777,134.563,0.3085,-0.9488,0.0681,0.9442,0.1243,0.305,-0.3036,-0.0303,0.9523,25.5,0.1941,0.415,0.33,0.2899,197.9,335.8,172.0,339.6,224.1,331.9,567,0.648,6
603,3.323,77.917,134.687,0.3043,-0.9506,0.0606,0.9437,0.1294,0.3045,-0.3024,-0.0361,0.9525,25.5,0.1826,0.34,0.295,0.2569,198.6,337.8,172.7,341.7,224.7,333.8,568,0.696,6
604,3.918,76.053,134.805,0.3026,-0.9512,0.0599,0.9432,0.134,0.3041,-0.302,-0.036,0.9526,25.5,0.1762,0.024,0.266,0.05654,199.2,339.8,173.3,343.8,225.4,335.7,569,0.73,6
605,4.508,74.188,134.92,0.3006,-0.9521,0.0567,0.9427,0.138,0.3037,-0.3013,-0.0384,0.9527,25.5,0.1692,0.143,0.232,0.11341,199.9,341.8,174.0,346.0,226.0,337.6,570,0.754,6
606,5.096,72.321,135.026,0.2985,-0.9531,0.0506,0.9423,0.1414,0.3034,-0.3003,-0.0435,0.9529,25.5,0.1619,0.298,0.197,0.19083,200.5,343.8,174.6,348.1,226.6,339.5,571,0.775,6
607,5.678,70.452,135.116,0.2961,-0.9543,0.0414,0.942,0.1443,0.3031,-0.2988,-0.0513,0.9529,25.5,0.1538,0.455,0.168,0.28015,201.1,345.8,175.3,350.1,227.3,341.5,572,0.797,6
608,6.256,68.581,135.186,0.2935,-0.9555,0.029,0.9417,0.1467,0.3029,-0.2968,-0.0622,0.9529,25.5,0.145,0.635,0.139,0.37207,201.8,347.8,175.9,352.2,227.9,343.4,573,0.824,6
609,6.828,66.707,135.228,0.2905,-0.9568,0.0131,0.9414,0.1485,0.3027,-0.2943,-0.0763,0.9527,25.5,0.1354,0.821,0.105,0.4746,202.4,349.9,176.5,354.3,228.5,345.4,574,0.859,6
610,7.395,64.83,135.235,0.2872,-0.9579,-0.0066,0.9413,0.1498,0.3025,-0.2911,-0.0938,0.9521,25.5,0.1249,1.02,0.076,0.58482,203.0,351.9,177.1,356.3,229.1,347.4,575,0.906,6
611,7.954,62.952,135.199,0.2833,-0.9585,-0.0304,0.9412,0.1506,0.3024,-0.2871,-0.115,0.951,25.5,0.1131,1.238,0.047,0.70528,203.6,353.9,177.7,358.4,229.7,349.4,576,0.967,6
612,8.505,61.074,135.116,0.2789,-0.9589,-0.0525,0.9412,0.1509,0.3023,-0.2834,-0.1345,0.9495,25.5,0.1019,1.14,0.018,0.65891,204.2,356.0,178.3,360.4,230.3,351.5,576,0.992,6
613,9.047,59.194,134.994,0.2743,-0.9589,-0.0721,0.9413,0.1506,0.3022,-0.2801,-0.1514,0.948,25.5,0.092,0.99,0.019,0.58859,204.8,358.0,178.9,362.4,230.9,353.5,577,0.913,6
614,9.58,57.315,134.833,0.2698,-0.9585,-0.0925,0.9414,0.15,0.3021,-0.2766,-0.1691,0.946,25.5,0.0823,1.04,0.035,0.61083,205.4,360.0,179.5,364.4,231.5,355.6,578,0.813,6
615,10.105,55.438,134.632,0.2655,-0.9574,-0.1133,0.9416,0.1489,0.302,-0.273,-0.1874,0.9436,25.5,0.0732,1.077,0.064,0.62186,205.9,362.1,180.0,366.4,232.0,357.7,579,0.688,6
616,10.621,53.563,134.389,0.2615,-0.9558,-0.1345,0.9419,0.1474,0.3019,-0.2693,-0.2061,0.9408,25.5,0.0648,1.104,0.088,0.63244,206.5,364.1,180.6,368.4,232.6,359.8,580,0.534,6
617,11.13,51.692,134.104,0.2578,-0.9536,-0.1557,0.9422,0.1457,0.3018,-0.2655,-0.2248,0.9375,25.5,0.057,1.11,0.099,0.63245,207.0,366.1,181.1,370.4,233.2,361.9,581,0.353,6
618,11.632,49.825,133.779,0.2544,-0.9509,-0.1765,0.9425,0.1437,0.3016,-0.2618,-0.2434,0.9339,25.5,0.0499,1.106,0.116,0.62122,207.6,368.2,181.7,372.4,233.7,363.9,582,0.145,6
619,12.127,47.965,133.413,0.2503,-0.9478,-0.1977,0.9429,0.1415,0.3015,-0.258,-0.2621,0.9299,25.5,0.0423,1.117,0.128,0.63765,208.1,370.2,182.2,374.3,234.2,366.0,583,0.092,6
620,12.612,46.111,133.003,0.2451,-0.9442,-0.2199,0.9434,0.139,0.3012,-0.254,-0.2815,0.9253,25.5,0.0337,1.165,0.147,0.6749,208.6,372.2,182.7,376.2,234.8,368.1,584,0.356,6
621,13.088,44.264,132.551,0.2403,-0.94,-0.2421,0.9438,0.1365,0.301,-0.25,-0.3009,0.9203,25.5,0.0256,1.171,0.146,0.67533,209.1,374.2,183.2,378.2,235.3,370.2,585,0.649,6
622,13.554,42.426,132.055,0.2361,-0.9353,-0.2637,0.9443,0.1337,0.3007,-0.246,-0.32,0.9149,25.5,0.0186,1.16,0.164,0.65785,209.6,376.2,183.7,380.1,235.8,372.3,586,0.97,6
623,14.014,40.598,131.518,0.2325,-0.9301,-0.2845,0.9448,0.1309,0.3003,-0.2421,-0.3386,0.9092,25.5,0.0125,1.137,0.165,0.63555,210.1,378.2,184.2,382.0,236.3,374.4,586,0.99,6
624,14.466,38.781,130.941,0.2295,-0.9246,-0.3041,0.9453,0.1279,0.3,-0.2384,-0.3563,0.9034,25.5,0.0075,1.088,0.175,0.60159,210.6,380.2,184.7,383.9,236.8,376.4,587,0.64,6
625,14.914,36.975,130.327,0.2273,-0.9189,-0.3224,0.9459,0.1249,0.2995,-0.235,-0.373,0.8976,25.5,0.0037,1.031,0.178,0.56407,211.1,382.1,185.1,385.7,237.3,378.5,588,0.262,6
626,15.356,35.179,129.676,0.2234,-0.9129,-0.3417,0.9464,0.1217,0.2991,-0.2314,-0.3902,0.8912,25.5,0.0019,1.072,0.187,0.60175,211.5,384.1,185.6,387.6,237.8,380.6,589,0.142,6
627,15.79,33.396,128.988,0.2194,-0.9066,-0.3604,0.947,0.1186,0.2985,-0.2279,-0.4068,0.8846,25.5,0.0073,1.043,0.184,0.5886,212.0,386.0,186.0,389.4,238.2,382.6,590,0.565,6
628,16.216,31.626,128.264,0.2159,-0.9002,-0.3782,0.9476,0.1154,0.298,-0.2246,-0.4227,0.878,25.5,0.012,1.004,0.189,0.56243,212.5,387.9,186.5,391.3,238.7,384.6,591,1.005,6
629,16.636,29.868,127.506,0.2131,-0.8937,-0.3949,0.9481,0.1121,0.2974,-0.2215,-0.4379,0.8713,25.5,0.0156,0.968,0.194,0.53025,212.9,389.9,186.9,393.1,239.1,386.6,591,0.955,6
630,17.052,28.123,126.716,0.2108,-0.8871,-0.4107,0.9487,0.1089,0.2968,-0.2186,-0.4523,0.8647,25.5,0.0185,0.923,0.19,0.50508,213.3,391.7,187.4,394.9,239.6,388.6,592,0.506,6
631,17.463,26.391,125.897,0.209,-0.8804,-0.4257,0.9493,0.1056,0.2961,-0.2158,-0.4661,0.858,25.5,0.0206,0.893,0.196,0.48313,213.8,393.6,187.8,396.6,240.0,390.6,593,0.051,6
632,17.871,24.672,125.048,0.2078,-0.8737,-0.4398,0.9499,0.1023,0.2954,-0.2132,-0.4793,0.8514,25.5,0.0219,0.859,0.196,0.45777,214.2,395.5,188.2,398.4,240.4,392.5,594,0.405,6
633,18.277,22.966,124.173,0.2057,-0.8668,-0.4543,0.9504,0.099,0.2947,-0.2105,-0.4926,0.8444,25.5,0.0242,0.875,0.195,0.47347,214.6,397.3,188.6,400.1,240.9,394.5,595,0.855,6
634,18.677,21.275,123.268,0.2026,-0.8595,-0.4692,0.951,0.0958,0.294,-0.2078,-0.506,0.8371,25.5,0.0276,0.888,0.191,0.49345,215.1,399.2,189.0,401.9,241.3,396.4,595,1.105,6
635,19.072,19.597,122.334,0.2001,-0.8524,-0.4831,0.9516,0.0926,0.2932,-0.2053,-0.5186,0.83,25.5,0.0302,0.841,0.192,0.46214,215.5,401.0,189.5,403.6,241.7,398.3,596,0.664,6
636,19.462,17.934,121.374,0.1983,-0.8453,-0.4961,0.9521,0.0893,0.2924,-0.2029,-0.5306,0.823,25.5,0.0317,0.808,0.197,0.43624,215.9,402.8,189.9,405.3,242.1,400.2,597,0.238,6
637,19.849,16.284,120.39,0.197,-0.8384,-0.5082,0.9527,0.0861,0.2915,-0.2008,-0.5419,0.8161,25.5,0.0326,0.768,0.194,0.40897,216.3,404.5,190.3,407.0,242.5,402.1,598,0.171,6
638,20.235,14.647,119.383,0.1963,-0.8316,-0.5195,0.9532,0.0829,0.2907,-0.1988,-0.5526,0.8094,25.5,0.0328,0.732,0.191,0.3861,216.7,406.3,190.7,408.6,242.9,404.0,599,0.558,6
639,20.619,13.024,118.354,0.1962,-0.825,-0.5301,0.9538,0.0796,0.2897,-0.1969,-0.5627,0.8029,25.5,0.0321,0.697,0.201,0.36504,217.1,408.1,191.1,410.3,243.3,405.8,600,0.919,6
640,21.004,11.413,117.306,0.1965,-0.8185,-0.5399,0.9543,0.0764,0.2888,-0.1952,-0.5723,0.7965,25.5,0.0309,0.668,0.193,0.34388,217.5,409.8,191.5,411.9,243.7,407.6,600,1.041,6
641,21.39,9.816,116.238,0.1966,-0.8117,-0.55,0.9549,0.0731,0.2878,-0.1935,-0.582,0.7898,25.5,0.0299,0.682,0.201,0.35597,217.9,411.5,191.8,413.5,244.1,409.5,601,0.71,6
642,21.774,8.232,115.149,0.1954,-0.8044,-0.561,0.9555,0.0698,0.2867,-0.1916,-0.5923,0.7826,25.5,0.0303,0.728,0.202,0.3876,218.3,413.2,192.2,415.1,244.5,411.3,602,0.412,6
643,22.155,6.662,114.04,0.1945,-0.7975,-0.5711,0.956,0.0665,0.2856,-0.1899,-0.6019,0.7757,25.5,0.0302,0.684,0.201,0.35856,218.7,414.9,192.6,416.7,244.9,413.0,603,0.153,6
644,22.536,5.106,112.911,0.1938,-0.7909,-0.5805,0.9566,0.0632,0.2845,-0.1884,-0.6107,0.7691,25.5,0.0297,0.636,0.202,0.33637,219.0,416.6,193.0,418.3,245.3,414.8,604,0.064,6
645,22.915,3.562,111.765,0.1935,-0.7846,-0.5891,0.9572,0.0598,0.2833,-0.1871,-0.6189,0.7629,25.5,0.0286,0.594,0.209,0.31179,219.4,418.2,193.4,419.8,245.7,416.6,605,0.236,6
646,23.295,2.03,110.602,0.1934,-0.7785,-0.5971,0.9578,0.0563,0.282,-0.1859,-0.6266,0.7568,25.5,0.027,0.567,0.217,0.29411,219.8,419.8,193.8,421.4,246.1,418.3,606,0.365,6
647,23.674,0.51,109.425,0.1936,-0.7727,-0.6045,0.9584,0.0528,0.2806,-0.1849,-0.6339,0.751,25.5,0.0249,0.537,0.219,0.27493,220.2,421.5,194.2,422.9,246.4,420.0,607,0.452,6
648,24.054,-0.999,108.233,0.194,-0.7671,-0.6115,0.959,0.0493,0.2791,-0.184,-0.6407,0.7454,25.5,0.0224,0.507,0.221,0.26233,220.6,423.1,194.6,424.4,246.8,421.7,608,0.498,6
649,24.434,-2.497,107.028,0.1947,-0.7617,-0.618,0.9596,0.0456,0.2775,-0.1832,-0.6472,0.7399,25.5,0.0194,0.49,0.234,0.24788,221.0,424.7,195.0,425.9,247.2,423.4,609,0.504,6
650,24.817,-3.984,105.811,0.1956,-0.7559,-0.6248,0.9603,0.0419,0.2758,-0.1824,-0.654,0.7341,25.5,0.0162,0.514,0.237,0.26263,221.4,426.2,195.3,427.3,247.6,425.1,610,0.473,6
651,25.201,-5.458,104.578,0.1961,-0.7487,-0.6333,0.961,0.038,0.274,-0.1811,-0.6624,0.727,25.5,0.0135,0.635,0.249,0.32596,221.8,427.8,195.7,428.8,248.0,426.8,611,0.404,6
652,25.585,-6.919,103.329,0.1964,-0.742,-0.641,0.9617,0.0341,0.2721,-0.1801,-0.6699,0.7203,25.5,0.0108,0.579,0.252,0.29853,222.1,429.3,196.1,430.2,248.4,428.4,612,0.299,6
653,25.971,-8.367,102.066,0.1966,-0.7358,-0.648,0.9624,0.03,0.2701,-0.1793,-0.6767,0.7141,25.5,0.0079,0.529,0.264,0.27343,222.5,430.9,196.5,431.6,248.8,430.1,613,0.159,6
654,26.356,-9.804,100.79,0.1966,-0.7301,-0.6544,0.9631,0.0258,0.2678,-0.1787,-0.6829,0.7083,25.5,0.0047,0.488,0.277,0.25056,222.9,432.4,196.9,433.0,249.2,431.7,614,0.013,6
655,26.741,-11.23,99.501,0.1965,-0.725,-0.6602,0.9639,0.0214,0.2654,-0.1783,-0.6885,0.703,25.5,0.0013,0.442,0.291,0.22579,223.3,433.9,197.3,434.4,249.5,433.4,615,0.212,6
656,27.126,-12.646,98.202,0.1963,-0.7202,-0.6654,0.9647,0.0169,0.2628,-0.178,-0.6935,0.6981,25.5,0.0023,0.401,0.301,0.20694,223.7,435.4,197.7,435.8,249.9,435.0,616,0.436,6
657,27.51,-14.053,96.894,0.1959,-0.716,-0.6701,0.9655,0.0121,0.26,-0.178,-0.6979,0.6937,25.5,0.0063,0.357,0.322,0.18464,224.1,436.9,198.0,437.1,250.3,436.6,617,0.681,6
658,27.894,-15.452,95.576,0.1954,-0.7122,-0.6742,0.9664,0.0072,0.2569,-0.1781,-0.7018,0.6897,25.5,0.0105,0.32,0.336,0.16406,224.5,438.3,198.4,438.5,250.7,438.2,619,0.737,6
659,28.276,-16.845,94.251,0.1948,-0.7089,-0.6779,0.9673,0.0021,0.2536,-0.1784,-0.7052,0.6862,25.5,0.015,0.28,0.352,0.146,224.8,439.8,198.8,439.8,251.1,439.8,620,0.447,6
660,28.658,-18.229,92.918,0.195,-0.7032,-0.6837,0.9682,-0.0033,0.25,-0.1781,-0.7109,0.6804,25.5,0.0202,0.466,0.375,0.23783,225.2,441.2,199.2,441.1,251.5,441.4,621,0.148,6
661,29.04,-19.602,91.571,0.1954,-0.697,-0.6899,0.9692,-0.009,0.2462,-0.1778,-0.717,0.674,25.5,0.0258,0.507,0.397,0.2566,225.6,442.7,199.5,442.3,251.8,443.0,622,0.155,6
662,29.423,-20.962,90.214,0.1954,-0.6916,-0.6954,0.9702,-0.0148,0.242,-0.1778,-0.7222,0.6684,25.5,0.0315,0.438,0.414,0.22532,226.0,444.1,199.9,443.6,252.2,444.5,623,0.458,6
663,29.806,-22.313,88.846,0.195,-0.687,-0.7,0.9711,-0.0209,0.2376,-0.178,-0.7267,0.6636,25.5,0.0374,0.377,0.434,0.19053,226.4,445.5,200.3,444.8,252.6,446.1,624,0.757,6
664,30.188,-23.656,87.47,0.1943,-0.6832,-0.704,0.9721,-0.0272,0.2328,-0.1784,-0.7303,0.6595,25.5,0.0436,0.313,0.457,0.16257,226.7,446.9,200.7,446.1,253.0,447.7,626,0.63,6
665,30.567,-24.991,86.087,0.1932,-0.6801,-0.7072,0.9731,-0.0337,0.2277,-0.179,-0.7331,0.6561,25.5,0.0499,0.255,0.477,0.13414,227.1,448.2,201.0,447.3,253.4,449.2,627,0.365,6
666,30.944,-26.322,84.698,0.1917,-0.6778,-0.7098,0.9741,-0.0405,0.2223,-0.1797,-0.7352,0.6536,25.5,0.0564,0.191,0.501,0.11054,227.5,449.6,201.4,448.5,253.7,450.8,628,0.12,6
667,31.318,-27.649,83.306,0.1898,-0.6764,-0.7117,0.9751,-0.0475,0.2165,-0.1806,-0.7365,0.6518,25.5,0.0631,0.137,0.524,0.08857,227.8,451.0,201.7,449.6,254.1,452.4,629,0.105,6
668,31.688,-28.974,81.909,0.1875,-0.6757,-0.7129,0.9761,-0.0547,0.2104,-0.1816,-0.7371,0.6509,25.5,0.07,0.084,0.544,0.07853,228.2,452.4,202.1,450.8,254.5,453.9,630,0.301,6
669,32.053,-30.298,80.512,0.1849,-0.6757,-0.7136,0.977,-0.0621,0.2038,-0.1826,-0.7371,0.6507,25.5,0.0772,0.058,0.57,0.07873,228.6,453.7,202.5,452.0,254.8,455.5,631,0.47,6
670,32.414,-31.621,79.111,0.1834,-0.6741,-0.7155,0.9779,-0.0697,0.1969,-0.1833,-0.7385,0.6488,25.5,0.0854,0.141,0.59,0.08483,228.9,455.1,202.8,453.1,255.2,457.0,632,0.611,6
671,32.772,-32.94,77.707,0.1818,-0.6723,-0.7176,0.9788,-0.0776,0.1897,-0.184,-0.7401,0.6468,25.5,0.094,0.152,0.615,0.09341,229.3,456.4,203.1,454.3,255.5,458.6,633,0.721,6
672,33.126,-34.256,76.298,0.1801,-0.6702,-0.72,0.9795,-0.0856,0.1822,-0.1847,-0.742,0.6444,25.5,0.1026,0.18,0.63,0.10565,229.6,457.8,203.5,455.4,255.8,460.2,634,0.799,6
673,33.478,-35.567,74.884,0.1784,-0.6677,-0.7227,0.9802,-0.0939,0.1744,-0.1855,-0.7441,0.6418,25.5,0.1115,0.197,0.654,0.1185,229.9,459.1,203.8,456.5,256.2,461.7,635,0.843,6
674,33.826,-36.873,73.465,0.1765,-0.665,-0.7257,0.9807,-0.1024,0.1665,-0.1863,-0.7465,0.6387,25.5,0.1204,0.229,0.665,0.1304,230.3,460.4,204.2,457.6,256.5,463.3,636,0.852,6
675,34.17,-38.174,72.04,0.1745,-0.6618,-0.729,0.9811,-0.1111,0.1584,-0.1874,-0.7492,0.6353,25.5,0.1293,0.257,0.681,0.14654,230.6,461.8,204.5,458.7,256.8,464.8,637,0.824,6
676,34.51,-39.467,70.607,0.1723,-0.6583,-0.7328,0.9814,-0.12,0.1501,-0.1885,-0.7522,0.6314,25.5,0.1381,0.289,0.697,0.16416,230.9,463.1,204.8,459.8,257.1,466.4,638,0.76,6
677,34.845,-40.753,69.167,0.1699,-0.6542,-0.737,0.9814,-0.1291,0.1418,-0.19,-0.7556,0.6269,25.5,0.1467,0.334,0.706,0.18535,231.2,464.4,205.2,460.9,257.4,467.9,639,0.672,6
678,35.176,-42.031,67.718,0.1668,-0.6506,-0.7408,0.9813,-0.1384,0.1335,-0.1918,-0.7584,0.6229,25.5,0.1548,0.298,0.714,0.17784,231.6,465.7,205.5,461.9,257.7,469.4,640,0.566,6
679,35.498,-43.306,66.265,0.1624,-0.6499,-0.7425,0.981,-0.148,0.1253,-0.1939,-0.7588,0.6218,25.5,0.1625,0.138,0.724,0.1394,231.9,467.0,205.9,463.0,257.9,471.0,641,0.453,6
680,35.813,-44.577,64.807,0.1589,-0.6473,-0.7455,0.9805,-0.1577,0.1174,-0.1964,-0.7607,0.6186,25.5,0.1704,0.257,0.717,0.15473,232.2,468.2,206.2,464.0,258.2,472.5,642,0.34,6
681,36.122,-45.842,63.342,0.1565,-0.6426,-0.75,0.9797,-0.1674,0.1099,-0.1994,-0.7643,0.6133,25.5,0.1785,0.405,0.704,0.20274,232.4,469.5,206.5,465.0,258.4,474.0,643,0.237,6
682,36.427,-47.095,61.866,0.1551,-0.6358,-0.7561,0.9788,-0.1773,0.1031,-0.2031,-0.7696,0.6054,25.5,0.1866,0.585,0.69,0.27019,232.7,470.8,206.9,466.0,258.7,475.5,644,0.15,6
683,36.73,-48.332,60.377,0.1551,-0.6266,-0.7637,0.9775,-0.187,0.0971,-0.2077,-0.7765,0.5949,25.5,0.1946,0.767,0.658,0.34889,233.0,472.0,207.2,467.0,258.9,477.0,645,0.09,6
684,37.035,-49.55,58.872,0.1562,-0.6151,-0.7728,0.9761,-0.1968,0.0923,-0.2132,-0.785,0.5817,25.5,0.2022,0.953,0.63,0.42993,233.3,473.2,207.5,468.0,259.1,478.5,646,0.062,6
685,37.344,-50.742,57.347,0.1587,-0.6012,-0.7832,0.9744,-0.2064,0.0888,-0.2199,-0.7948,0.5656,25.5,0.2092,1.146,0.594,0.51277,233.6,474.4,207.9,468.9,259.3,479.9,647,0.066,6
686,37.655,-51.909,55.804,0.1583,-0.5901,-0.7916,0.9726,-0.2158,0.0867,-0.2272,-0.802,0.5524,25.5,0.2127,0.958,0.561,0.40712,233.9,475.6,208.2,469.8,259.5,481.3,648,0.101,6
687,37.965,-53.055,54.244,0.158,-0.5793,-0.7997,0.9705,-0.225,0.0862,-0.2354,-0.8086,0.5392,25.5,0.2147,0.967,0.541,0.39477,234.1,476.7,208.6,470.7,259.7,482.7,649,0.165,6
688,38.274,-54.179,52.669,0.1581,-0.5682,-0.8076,0.9683,-0.2339,0.0874,-0.2443,-0.8149,0.5255,25.5,0.2154,1.003,0.53,0.39828,234.4,477.8,209.0,471.6,259.9,484.0,650,0.258,6
689,38.585,-55.282,51.079,0.1588,-0.5568,-0.8154,0.9659,-0.2426,0.0902,-0.254,-0.8211,0.5112,25.5,0.2149,1.052,0.541,0.40435,234.7,478.9,209.3,472.5,260.1,485.3,651,0.377,6
690,38.897,-56.362,49.473,0.1599,-0.545,-0.8231,0.9634,-0.2509,0.0949,-0.2642,-0.827,0.4963,25.5,0.2127,1.088,0.565,0.41312,235.0,480.0,209.7,473.3,260.3,486.6,652,0.522,6
691,39.212,-57.418,47.853,0.1615,-0.5327,-0.8307,0.9606,-0.2588,0.1014,-0.275,-0.8327,0.4806,25.5,0.2088,1.14,0.608,0.42527,235.3,481.0,210.1,474.1,260.5,487.9,653,0.691,6
692,39.531,-58.449,46.217,0.1649,-0.5185,-0.839,0.9577,-0.2662,0.1097,-0.2862,-0.8392,0.4624,25.5,0.2039,1.28,0.658,0.49106,235.6,482.0,210.5,474.9,260.7,489.1,655,0.865,6
693,39.859,-59.448,44.563,0.1696,-0.5012,-0.8485,0.9545,-0.2732,0.12,-0.2978,-0.8468,0.4407,25.5,0.197,1.476,0.737,0.59317,235.9,483.0,210.9,475.7,260.9,490.2,656,0.641,6
694,40.194,-60.415,42.892,0.1715,-0.4863,-0.8568,0.951,-0.2797,0.1319,-0.3092,-0.8523,0.4219,25.5,0.1861,1.299,0.802,0.50174,236.2,483.9,211.3,476.5,261.1,491.3,657,0.407,6
695,40.529,-61.356,41.206,0.1702,-0.4744,-0.8637,0.9472,-0.2858,0.1454,-0.3206,-0.8555,0.4067,25.5,0.1712,1.104,0.876,0.40394,236.5,484.8,211.7,477.2,261.3,492.4,658,0.17,6
696,40.859,-62.277,39.507,0.1658,-0.4659,-0.8691,0.943,-0.2916,0.1601,-0.3319,-0.8563,0.3957,25.5,0.1531,0.905,0.937,0.32129,236.8,485.7,212.2,477.9,261.5,493.4,659,0.07,7
697,41.177,-63.184,37.8,0.1584,-0.4611,-0.8731,0.9385,-0.297,0.176,-0.3435,-0.8548,0.3891,25.5,0.1319,0.769,0.996,0.28315,237.1,486.5,212.6,478.7,261.7,494.5,660,0.3,7
698,41.479,-64.084,36.085,0.151,-0.4528,-0.8787,0.9335,-0.3022,0.1929,-0.3549,-0.8545,0.3793,25.5,0.1083,0.862,1.053,0.364,237.3,487.4,213.0,479.4,261.8,495.5,661,0.52,7
699,41.771,-64.957,34.354,0.1469,-0.4389,-0.8865,0.9281,-0.3071,0.2105,-0.3659,-0.8567,0.3635,25.5,0.0845,1.11,1.092,0.4811,237.6,488.2,213.4,480.1,261.9,496.4,662,0.727,7
700,42.055,-65.808,32.612,0.1423,-0.4306,-0.8913,0.9222,-0.3117,0.2288,-0.3771,-0.8561,0.3534,25.5,0.0615,0.865,1.133,0.31087,237.8,489.0,213.8,480.7,262.0,497.4,664,0.861,7
701,42.329,-66.648,30.862,0.137,-0.4278,-0.8934,0.9158,-0.3161,0.2478,-0.3887,-0.8528,0.3487,25.5,0.0393,0.742,1.176,0.18566,238.1,489.8,214.2,481.4,262.1,498.3,665,0.689,7
702,42.591,-67.488,29.111,0.131,-0.4305,-0.893,0.9088,-0.3203,0.2672,-0.4012,-0.8468,0.3494,25.5,0.0183,0.795,1.206,0.1927,238.3,490.6,214.7,482.1,262.1,499.2,666,0.521,7
703,42.841,-68.339,27.364,0.1239,-0.4393,-0.8898,0.9013,-0.3243,0.2871,-0.4147,-0.8376,0.3557,25.5,0.0013,1.003,1.24,0.34352,238.5,491.4,215.1,482.7,262.1,500.1,667,0.354,7
704,43.076,-69.211,25.624,0.1142,-0.4462,-0.8876,0.8933,-0.3281,0.3073,-0.4285,-0.8282,0.3612,25.5,0.0243,1.007,1.264,0.35394,238.7,492.2,215.5,483.5,262.1,501.0,668,0.185,7
705,43.289,-70.084,23.883,0.1043,-0.4463,-0.8888,0.8846,-0.3317,0.3277,-0.4417,-0.8215,0.3607,25.5,0.051,0.849,1.287,0.29155,238.9,493.0,215.9,484.2,262.0,502.0,669,0.022,7
706,43.486,-70.963,22.142,0.0974,-0.4508,-0.8873,0.8754,-0.3352,0.3484,-0.4556,-0.8128,0.3629,25.5,0.0728,0.948,1.313,0.24479,239.0,493.8,216.3,484.9,262.0,502.9,670,0.178,7
707,43.673,-71.855,20.407,0.0938,-0.4602,-0.8829,0.8656,-0.3385,0.3691,-0.4705,-0.802,0.368,25.5,0.0889,1.094,1.326,0.32114,239.2,494.7,216.7,485.6,261.9,503.8,671,0.373,7
708,43.856,-72.77,18.684,0.0935,-0.4747,-0.8752,0.8552,-0.3416,0.3898,-0.4864,-0.7887,0.3759,25.5,0.099,1.271,1.339,0.48004,239.3,495.5,217.2,486.4,261.7,504.8,672,0.577,7
709,44.042,-73.719,16.979,0.0946,-0.4928,-0.865,0.8442,-0.3447,0.4106,-0.5033,-0.7734,0.3855,25.5,0.1054,1.417,1.36,0.60827,239.5,496.4,217.6,487.2,261.6,505.8,673,0.787,7
710,44.221,-74.696,15.289,0.0891,-0.5048,-0.8586,0.8326,-0.3476,0.4312,-0.5199,-0.7588,0.3922,25.5,0.1206,1.324,1.365,0.42885,239.6,497.3,218.0,488.0,261.4,506.8,675,0.743,7
711,44.394,-75.7,13.615,0.0878,-0.5196,-0.8499,0.8205,-0.3504,0.4517,-0.5371,-0.7432,0.399,25.5,0.1298,1.386,1.373,0.50333,239.7,498.3,218.5,488.8,261.2,507.8,676,0.529,7
712,44.569,-76.735,11.96,0.0914,-0.5373,-0.8384,0.8079,-0.3532,0.4718,-0.5545,-0.7268,0.4053,25.5,0.1319,1.417,1.369,0.62604,239.9,499.2,219.0,489.7,261.1,508.9,677,0.32,7
713,44.756,-77.808,10.33,0.1003,-0.5579,-0.8239,0.7948,-0.3559,0.4916,-0.5721,-0.7098,0.411,25.5,0.1268,1.44,1.369,0.78107,240.0,500.3,219.5,490.6,260.9,510.0,678,0.117,7
714,44.962,-78.92,8.73,0.1088,-0.5768,-0.8096,0.7813,-0.3585,0.5109,-0.5894,-0.6933,0.4147,25.5,0.1218,1.386,1.358,0.73609,240.2,501.3,220.0,491.6,260.7,511.1,679,0.074,7
715,45.181,-80.07,7.158,0.115,-0.597,-0.794,0.7675,-0.3611,0.5297,-0.6071,-0.6749,0.4195,25.5,0.1167,1.488,1.345,0.7679,240.4,502.4,220.5,492.6,260.5,512.3,680,0.244,7
716,45.411,-81.262,5.62,0.1197,-0.6196,-0.7757,0.7534,-0.3635,0.548,-0.6253,-0.654,0.4258,25.5,0.1097,1.628,1.331,0.86128,240.6,503.5,221.1,493.7,260.3,513.5,681,0.385,7
717,45.649,-82.499,4.119,0.1228,-0.6434,-0.7556,0.7391,-0.3658,0.5657,-0.6437,-0.6311,0.4328,25.5,0.1013,1.73,1.31,0.91531,240.8,504.7,221.6,494.8,260.2,514.8,682,0.485,7
718,45.895,-83.782,2.658,0.1282,-0.6655,-0.7353,0.7246,-0.3678,0.5828,-0.661,-0.61,0.4369,25.5,0.0909,1.581,1.29,0.8914,241.0,505.9,222.2,495.9,260.0,516.1,683,0.535,7
719,46.15,-85.108,1.237,0.132,-0.6869,-0.7146,0.7102,-0.3695,0.5993,-0.6779,-0.5885,0.4405,25.5,0.0807,1.581,1.259,0.87758,241.2,507.2,222.8,497.1,259.9,517.4,684,0.524,7
720,46.41,-86.474,-0.143,0.1331,-0.7078,-0.6938,0.6957,-0.371,0.6151,-0.6945,-0.566,0.4442,25.5,0.0716,1.616,1.232,0.8627,241.4,508.5,223.4,498.3,259.7,518.8,685,0.44,7
721,46.67,-87.881,-1.482,0.1316,-0.7278,-0.6731,0.6813,-0.3721,0.6304,-0.7107,-0.5426,0.4477,25.5,0.0638,1.643,1.205,0.84267,241.6,509.8,224.0,499.6,259.6,520.2,686,0.272,7
722,46.93,-89.326,-2.781,0.1335,-0.7461,-0.6523,0.6669,-0.3728,0.6452,-0.7256,-0.5219,0.4485,25.5,0.0537,1.462,1.184,0.81185,241.9,511.2,224.6,501.0,259.4,521.6,687,0.013,7
723,47.192,-90.806,-4.039,0.1335,-0.7637,-0.6316,0.6526,-0.3731,0.6594,-0.74,-0.5007,0.4491,25.5,0.0444,1.469,1.155,0.79437,242.1,512.6,225.2,502.4,259.3,523.0,688,0.367,7
724,47.451,-92.319,-5.257,0.1308,-0.7807,-0.611,0.6386,-0.3729,0.6732,-0.7539,-0.4786,0.4501,25.5,0.0367,1.497,1.126,0.7849,242.3,514.1,225.8,503.8,259.2,524.5,689,0.876,7
725,47.703,-93.865,-6.434,0.1257,-0.7971,-0.5906,0.6247,-0.3721,0.6866,-0.7674,-0.4554,0.4514,25.5,0.0304,1.54,1.107,0.77965,242.5,515.5,226.4,505.3,259.0,526.0,689,1.084,7
726,47.944,-95.443,-7.571,0.1215,-0.8132,-0.5692,0.611,-0.3706,0.6996,-0.78,-0.4329,0.4519,25.5,0.0226,1.478,1.085,0.7925,242.7,517.0,226.9,506.8,258.9,527.5,690,0.422,7
727,48.179,-97.052,-8.666,0.1181,-0.8277,-0.5486,0.5975,-0.3684,0.7123,-0.7917,-0.4119,0.4511,25.5,0.0153,1.378,1.069,0.74319,242.9,518.6,227.5,508.4,258.8,529.0,691,0.416,7
728,48.407,-98.687,-9.723,0.114,-0.8404,-0.5298,0.5842,-0.3655,0.7246,-0.8027,-0.3922,0.4493,25.5,0.0101,1.297,1.051,0.67402,243.1,520.2,228.0,510.0,258.6,530.5,692,1.452,7
729,48.626,-100.345,-10.744,0.1096,-0.8514,-0.5129,0.5712,-0.3619,0.7367,-0.8129,-0.3737,0.4467,25.5,0.0071,1.22,1.038,0.60343,243.3,521.7,228.5,511.6,258.5,532.1,692,0.508,7
730,48.836,-102.023,-11.734,0.1043,-0.8611,-0.4976,0.5584,-0.3576,0.7486,-0.8225,-0.3559,0.4435,25.5,0.0063,1.173,1.031,0.55185,243.5,523.4,229.0,513.3,258.3,533.6,693,0.748,7
731,49.03,-103.722,-12.691,0.095,-0.8725,-0.4794,0.5458,-0.3526,0.7601,-0.8322,-0.3339,0.4427,25.5,0.0049,1.378,1.019,0.68414,243.7,525.0,229.5,515.1,258.2,535.1,693,1.212,7
732,49.211,-105.441,-13.615,0.0905,-0.8813,-0.4639,0.5333,-0.347,0.7715,-0.8408,-0.3172,0.4386,25.5,0.0038,1.102,1.021,0.53745,243.8,526.6,230.0,516.8,258.0,536.7,694,0.288,7
733,49.388,-107.175,-14.511,0.0901,-0.8881,-0.4507,0.5211,-0.3408,0.7825,-0.8486,-0.3053,0.4321,25.5,0.0031,0.896,1.006,0.43422,244.0,528.3,230.4,518.6,257.9,538.2,694,1.673,7
734,49.567,-108.921,-15.383,0.0937,-0.8934,-0.4394,0.5089,-0.3341,0.7934,-0.8556,-0.298,0.4233,25.5,0.0025,0.768,1.013,0.37977,244.1,530.0,230.9,520.5,257.7,539.8,695,0.095,7
735,49.758,-110.676,-16.235,0.1012,-0.8971,-0.43,0.4968,-0.3269,0.804,-0.8618,-0.295,0.4126,25.5,0.0022,0.729,1.01,0.3678,244.3,531.7,231.3,522.3,257.6,541.3,695,1.869,7
736,49.958,-112.439,-17.066,0.1006,-0.9029,-0.4178,0.4847,-0.3193,0.8143,-0.8687,-0.2845,0.4055,25.5,0.0032,0.827,1.009,0.39536,244.5,533.4,231.8,524.1,257.4,542.8,696,0.153,7
737,50.154,-114.214,-17.873,0.1005,-0.9083,-0.4061,0.4727,-0.3113,0.8244,-0.8752,-0.2748,0.398,25.5,0.0045,0.795,1.009,0.37673,244.7,535.1,232.3,526.0,257.3,544.4,696,1.808,7
738,50.355,-115.999,-18.659,0.1052,-0.9122,-0.3961,0.4606,-0.3029,0.8343,-0.881,-0.2702,0.3883,25.5,0.0057,0.699,1.017,0.34252,244.8,536.8,232.8,527.9,257.2,545.9,697,0.433,7
739,50.57,-117.789,-19.427,0.1148,-0.9148,-0.3872,0.4485,-0.2942,0.844,-0.886,-0.2705,0.3765,25.5,0.0062,0.735,1.019,0.39017,245.0,538.5,233.3,529.8,257.1,547.4,697,1.528,7
740,50.808,-119.584,-20.178,0.1298,-0.9162,-0.3792,0.4363,-0.2852,0.8534,-0.89,-0.2762,0.3627,25.5,0.0057,0.886,1.022,0.49866,245.2,540.3,233.8,531.8,257.0,549.0,698,0.894,7
741,51.083,-121.379,-20.913,0.1511,-0.9159,-0.3718,0.4239,-0.276,0.8626,-0.8927,-0.288,0.3466,25.5,0.0039,1.154,1.03,0.65936,245.5,542.0,234.3,533.7,256.9,550.5,698,1.066,7
742,51.39,-123.177,-21.631,0.1628,-0.9184,-0.3606,0.4115,-0.2666,0.8715,-0.8966,-0.2903,0.3345,25.5,0.0024,0.74,1.027,0.47911,245.8,543.7,234.9,535.6,256.9,552.0,699,1.504,7
743,51.723,-124.979,-22.328,0.177,-0.9197,-0.3503,0.3989,-0.257,0.8802,-0.8996,-0.2956,0.3214,25.5,0.0014,0.828,1.036,0.51425,246.1,545.4,235.5,537.5,256.9,553.5,699,0.457,7
744,52.086,-126.782,-23.005,0.1942,-0.9198,-0.3409,0.3861,-0.2473,0.8887,-0.9017,-0.3042,0.3072,25.5,0.0005,0.959,1.041,0.57308,246.4,547.2,236.2,539.5,256.9,555.1,700,2.232,7
745,52.486,-128.583,-23.664,0.2144,-0.9185,-0.3322,0.3732,-0.2374,0.8969,-0.9027,-0.3162,0.2919,25.5,0.0001,1.116,1.043,0.64418,246.8,548.9,236.9,541.4,257.0,556.6,700,0.273,7
746,52.928,-130.381,-24.308,0.2379,-0.9155,-0.3245,0.3601,-0.2274,0.9048,-0.9021,-0.3321,0.2756,25.5,0.0002,1.305,1.047,0.72823,247.2,550.6,237.6,543.4,257.1,558.1,700,1.689,7
747,53.414,-132.173,-24.933,0.2577,-0.9137,-0.3142,0.3468,-0.2173,0.9124,-0.902,-0.3441,0.2609,25.5,0.0012,1.087,1.051,0.65463,247.7,552.4,238.4,545.3,257.2,559.6,701,1.094,7
748,53.94,-133.961,-25.539,0.2798,-0.9108,-0.3037,0.3333,-0.2071,0.9198,-0.9006,-0.3586,0.2456,25.5,0.0025,1.21,1.058,0.72034,248.2,554.1,239.2,547.3,257.4,561.1,701,0.868,7
749,54.512,-135.742,-26.124,0.3044,-0.9063,-0.2931,0.3196,-0.1968,0.9269,-0.8978,-0.3758,0.2298,25.5,0.004,1.348,1.063,0.79415,248.7,555.8,240.1,549.2,257.6,562.6,702,1.994,7
750,55.135,-137.513,-26.688,0.3315,-0.9002,-0.2825,0.3058,-0.1866,0.9336,-0.8932,-0.3959,0.2134,25.5,0.0056,1.51,1.056,0.86923,249.3,557.5,241.0,551.1,257.8,564.0,702,0.044,7
751,55.812,-139.27,-27.23,0.3596,-0.8928,-0.2712,0.2917,-0.1763,0.9401,-0.8872,-0.4171,0.1971,25.5,0.0073,1.57,1.068,0.91153,250.0,559.2,242.0,553.0,258.1,565.5,702,1.927,7
752,56.544,-141.012,-27.75,0.3872,-0.8849,-0.2589,0.2775,-0.1661,0.9463,-0.8804,-0.4382,0.1812,25.5,0.0094,1.563,1.063,0.91313,250.7,560.9,243.1,554.9,258.5,567.0,703,1.007,7
753,57.33,-142.738,-28.245,0.4147,-0.876,-0.2463,0.263,-0.1559,0.9521,-0.8725,-0.4596,0.1658,25.5,0.0111,1.577,1.069,0.92188,251.4,562.5,244.2,556.8,258.9,568.4,703,0.954,7
754,58.169,-144.445,-28.715,0.4413,-0.8664,-0.2338,0.2484,-0.1458,0.9576,-0.8638,-0.4807,0.1509,25.5,0.0121,1.562,1.065,0.90399,252.3,564.2,245.3,558.7,259.3,569.8,704,2.049,7
755,59.06,-146.133,-29.161,0.4681,-0.8556,-0.2211,0.2337,-0.1358,0.9628,-0.8538,-0.5024,0.1364,25.5,0.0127,1.601,1.061,0.92276,253.1,565.8,246.6,560.5,259.9,571.2,704,0.094,7
756,60.003,-147.798,-29.582,0.4945,-0.8439,-0.208,0.2188,-0.1258,0.9676,-0.8428,-0.5241,0.1224,25.5,0.0131,1.608,1.064,0.92707,254.0,567.4,247.8,562.4,260.4,572.6,704,1.872,7
757,60.996,-149.441,-29.977,0.5184,-0.8325,-0.1952,0.2037,-0.1159,0.9721,-0.8321,-0.5438,0.1095,25.5,0.0123,1.482,1.066,0.85989,255.0,569.0,249.2,564.2,261.0,574.0,705,1.19,7
758,62.034,-151.062,-30.347,0.5399,-0.8216,-0.1829,0.1885,-0.1061,0.9763,-0.8216,-0.5616,0.0976,25.5,0.0104,1.366,1.064,0.7912,256.0,570.6,250.5,565.9,261.6,575.3,705,0.773,7
759,63.111,-152.662,-30.694,0.559,-0.8112,-0.1716,0.1733,-0.0965,0.9801,-0.8117,-0.5777,0.0866,25.5,0.007,1.253,1.053,0.71655,257.1,572.1,251.9,567.7,262.3,576.6,706,2.334,7
760,64.226,-154.241,-31.02,0.5786,-0.7997,-0.1602,0.1579,-0.0869,0.9836,-0.8006,-0.5944,0.076,25.5,0.0033,1.3,1.059,0.74331,258.1,573.6,253.4,569.4,263.0,577.9,706,0.375,7
761,65.38,-155.796,-31.321,0.5999,-0.7865,-0.1467,0.1425,-0.0774,0.9868,-0.7875,-0.6128,0.0656,25.5,0.0016,1.425,1.053,0.83215,259.3,575.1,254.9,571.1,263.8,579.2,706,1.587,7
762,66.578,-157.322,-31.593,0.6231,-0.7711,-0.1308,0.1269,-0.0681,0.9896,-0.772,-0.6332,0.0555,25.5,0.0021,1.578,1.053,0.93752,260.4,576.6,256.4,572.8,264.6,580.5,707,1.551,7
763,67.824,-158.817,-31.832,0.6481,-0.7532,-0.1128,0.1114,-0.0589,0.992,-0.7538,-0.6555,0.0457,25.5,0.0047,1.742,1.042,1.04173,261.6,578.1,258.0,574.5,265.4,581.7,707,0.409,7
764,69.117,-160.275,-32.037,0.6712,-0.735,-0.0962,0.0957,-0.05,0.9942,-0.7355,-0.6765,0.0368,25.5,0.0053,1.676,1.042,0.98731,262.9,579.5,259.6,576.1,266.3,583.0,707,2.369,7
765,70.453,-161.698,-32.21,0.6914,-0.718,-0.0805,0.08,-0.0412,0.9959,-0.7184,-0.695,0.0289,25.5,0.0047,1.513,1.036,0.89807,264.2,580.9,261.3,577.7,267.2,584.1,708,0.786,7
766,71.825,-163.09,-32.353,0.7091,-0.702,-0.0657,0.0643,-0.0327,0.9974,-0.7023,-0.7115,0.022,25.5,0.003,1.379,1.027,0.82085,265.6,582.2,263.0,579.2,268.2,585.3,708,1.175,7
767,73.231,-164.451,-32.468,0.7247,-0.6871,-0.0516,0.0486,-0.0243,0.9985,-0.6873,-0.7262,0.0158,25.5,0.0004,1.255,1.022,0.75351,266.9,583.5,264.7,580.7,269.2,586.4,709,1.985,7
768,74.666,-165.782,-32.556,0.7403,-0.6712,-0.038,0.0328,-0.016,0.9993,-0.6714,-0.7411,0.0102,25.5,0.003,1.289,1.024,0.76301,268.3,584.8,266.5,582.2,270.2,587.5,709,0.054,7
769,76.133,-167.08,-32.616,0.7568,-0.6533,-0.0226,0.0171,-0.008,0.9998,-0.6533,-0.7571,0.0051,25.5,0.0044,1.415,1.01,0.84221,269.8,586.1,268.3,583.7,271.3,588.6,709,1.938,7
770,77.633,-168.341,-32.643,0.7742,-0.6329,-0.0051,0.0013,-0.0002,1.0,-0.6329,-0.7742,0.0007,25.5,0.004,1.546,1.01,0.93612,271.2,587.3,270.2,585.1,272.4,589.7,710,1.219,7
771,79.168,-169.56,-32.634,0.7925,-0.6097,0.0148,-0.0144,0.0074,0.9999,-0.6098,-0.7926,-0.0029,25.5,0.0011,1.705,0.999,1.04157,272.8,588.5,272.0,586.4,273.5,590.7,710,0.743,7
772,80.738,-170.731,-32.586,0.8094,-0.5863,0.0339,-0.03,0.0148,0.9994,-0.5865,-0.81,-0.0057,25.5,0.0009,1.674,0.99,1.01197,274.3,589.7,274.0,587.8,274.7,591.7,711,2.405,7
773,82.34,-171.858,-32.502,0.8249,-0.5629,0.0523,-0.0456,0.0218,0.9987,-0.5633,-0.8262,-0.0077,25.5,0.0023,1.625,0.981,0.98123,275.9,590.8,275.9,589.0,275.9,592.6,711,0.446,7
774,83.971,-172.938,-32.381,0.8391,-0.5395,0.0702,-0.0612,0.0286,0.9977,-0.5403,-0.8414,-0.009,25.5,0.0033,1.581,0.977,0.95613,277.5,591.9,277.9,590.3,277.1,593.5,711,1.517,7
775,85.628,-173.972,-32.227,0.8519,-0.5163,0.0872,-0.0767,0.0352,0.9964,-0.5176,-0.8556,-0.0096,25.5,0.0034,1.535,0.968,0.92045,279.1,592.9,279.9,591.4,278.4,594.4,712,1.622,7
776,87.31,-174.961,-32.038,0.864,-0.4923,0.1051,-0.0921,0.0415,0.9949,-0.4942,-0.8693,-0.0095,25.5,0.0046,1.554,0.957,0.94417,280.8,593.9,281.9,592.6,279.6,595.3,712,0.343,7
777,89.014,-175.902,-31.816,0.8753,-0.4679,0.1222,-0.1073,0.0476,0.9931,-0.4704,-0.8824,-0.0086,25.5,0.0052,1.557,0.944,0.93173,282.5,594.8,283.9,593.7,281.0,596.1,712,2.301,7
778,90.74,-176.795,-31.56,0.8858,-0.443,0.1385,-0.1225,0.0534,0.991,-0.4464,-0.8948,-0.007,25.5,0.0051,1.551,0.94,0.92266,284.2,595.7,286.0,594.7,282.3,596.8,713,0.83,7
779,92.486,-177.638,-31.273,0.8954,-0.4177,0.154,-0.1376,0.059,0.9887,-0.4221,-0.9065,-0.0046,25.5,0.0044,1.551,0.932,0.91174,285.9,596.6,288.1,595.7,283.7,597.5,713,1.133,7
780,94.249,-178.433,-30.957,0.9035,-0.3938,0.1693,-0.1525,0.0644,0.9862,-0.3993,-0.9168,-0.0019,25.5,0.0038,1.442,0.919,0.86282,287.7,597.4,290.2,596.6,285.1,598.2,714,1.988,7
781,96.027,-179.181,-30.61,0.9111,-0.3687,0.1844,-0.1673,0.0695,0.9834,-0.3755,-0.9268,0.0017,25.5,0.0033,1.494,0.911,0.88473,289.4,598.2,292.3,597.5,286.5,598.9,714,0.04,7
782,97.82,-179.878,-30.234,0.9184,-0.3419,0.1993,-0.182,0.0745,0.9805,-0.3501,-0.9367,0.0062,25.5,0.0028,1.583,0.905,0.92151,291.2,598.9,294.4,598.4,287.9,599.5,714,1.934,7
783,99.626,-180.52,-29.829,0.9253,-0.313,0.2142,-0.1964,0.0792,0.9773,-0.3228,-0.9464,0.0118,25.5,0.0028,1.691,0.887,0.9718,293.0,599.6,296.5,599.1,289.4,600.0,715,1.171,7
784,101.446,-181.104,-29.394,0.9311,-0.2834,0.2297,-0.2108,0.0837,0.974,-0.2953,-0.9552,0.0182,25.5,0.0037,1.695,0.885,0.99153,294.8,600.2,298.7,599.9,290.8,600.5,715,0.79,7
785,103.275,-181.632,-28.93,0.9356,-0.2553,0.244,-0.2249,0.088,0.9704,-0.2692,-0.9628,0.0249,25.5,0.0039,1.604,0.869,0.93112,296.6,600.8,300.9,600.5,292.3,601.0,716,2.292,7
786,105.112,-182.105,-28.439,0.9392,-0.228,0.2567,-0.2389,0.0921,0.9667,-0.244,-0.9692,0.032,25.5,0.0028,1.544,0.862,0.88656,298.5,601.3,303.0,601.2,293.8,601.4,716,0.333,7
787,106.956,-182.526,-27.924,0.9421,-0.2012,0.2682,-0.2527,0.096,0.9628,-0.2194,-0.9748,0.0396,25.5,0.0008,1.51,0.851,0.85685,300.3,601.7,305.2,601.7,295.3,601.7,716,1.63,7
788,108.805,-182.894,-27.388,0.9442,-0.1748,0.2793,-0.2663,0.0997,0.9587,-0.1954,-0.9796,0.0476,25.5,0.0011,1.475,0.841,0.83954,302.2,602.2,307.4,602.2,296.8,602.1,717,1.419,7
789,110.657,-183.21,-26.829,0.9453,-0.148,0.2907,-0.2797,0.1033,0.9545,-0.1713,-0.9836,0.0563,25.5,0.0022,1.486,0.831,0.85204,304.0,602.5,309.5,602.7,298.4,602.3,717,0.545,7
790,112.51,-183.473,-26.249,0.9458,-0.1199,0.3017,-0.293,0.1068,0.9501,-0.1461,-0.9871,0.0659,25.5,0.0033,1.558,0.827,0.88242,305.9,602.8,311.7,603.1,299.9,602.5,718,2.464,7
791,114.364,-183.679,-25.647,0.9457,-0.0899,0.3124,-0.3061,0.1101,0.9456,-0.1194,-0.9899,0.0766,25.5,0.004,1.656,0.816,0.93125,307.8,603.1,313.9,603.5,301.5,602.7,718,0.505,7
792,116.216,-183.824,-25.024,0.9447,-0.0584,0.3228,-0.3191,0.1132,0.941,-0.0915,-0.9919,0.0883,25.5,0.0043,1.737,0.81,0.97026,309.6,603.3,316.1,603.8,303.0,602.8,718,1.457,7
793,118.065,-183.91,-24.381,0.9423,-0.0291,0.3334,-0.3318,0.1162,0.9362,-0.066,-0.9928,0.0998,25.5,0.0039,1.604,0.797,0.91369,311.5,603.5,318.2,604.0,304.6,602.9,719,1.501,7
794,119.909,-183.937,-23.718,0.9393,0.002,0.3431,-0.3443,0.1191,0.9313,-0.0389,-0.9929,0.1125,25.5,0.0036,1.715,0.787,0.95652,313.3,603.5,320.4,604.2,306.1,602.9,719,0.46,7
795,121.746,-183.901,-23.037,0.9353,0.0353,0.3521,-0.3567,0.1218,0.9263,-0.0102,-0.9919,0.1265,25.5,0.0032,1.831,0.781,1.01531,315.2,603.6,322.5,604.3,307.7,602.9,719,2.419,7
796,123.575,-183.797,-22.338,0.9302,0.0706,0.3603,-0.3688,0.1244,0.9212,0.0202,-0.9897,0.1417,25.5,0.0024,1.952,0.767,1.06995,317.1,603.5,324.7,604.3,309.2,602.7,720,0.485,7
797,125.391,-183.625,-21.623,0.9232,0.1054,0.3696,-0.3807,0.1268,0.916,0.0496,-0.9863,0.1572,25.5,0.0005,1.914,0.757,1.0729,318.9,603.4,326.8,604.3,310.8,602.6,720,1.476,7
798,127.193,-183.386,-20.891,0.9158,0.1384,0.3771,-0.3924,0.1291,0.9107,0.0774,-0.982,0.1726,25.5,0.0019,1.838,0.748,1.0128,320.7,603.3,328.9,604.2,312.3,602.3,721,1.377,7
799,128.98,-183.083,-20.146,0.9081,0.1698,0.3827,-0.4039,0.1313,0.9053,0.1035,-0.9767,0.1879,25.5,0.002,1.76,0.739,0.95935,322.6,603.1,331.0,604.1,313.9,602.0,721,0.584,7
800,130.753,-182.721,-19.392,0.9005,0.1997,0.3863,-0.4152,0.1334,0.8999,0.1282,-0.9707,0.2031,25.5,0.0004,1.697,0.728,0.90808,324.4,602.8,333.1,603.8,315.4,601.7,722,2.224,7
801,132.509,-182.301,-18.631,0.8916,0.2288,0.3909,-0.4264,0.1354,0.8944,0.1517,-0.964,0.2182,25.5,0.0004,1.646,0.724,0.89976,326.2,602.4,335.2,603.6,316.9,601.3,722,0.267,7
802,134.247,-181.824,-17.861,0.8818,0.2579,0.3948,-0.4373,0.1373,0.8888,0.1751,-0.9564,0.2338,25.5,0.0007,1.669,0.71,0.90496,327.9,602.0,337.2,603.2,318.4,600.8,722,1.698,7
803,135.965,-181.29,-17.084,0.8716,0.2874,0.3972,-0.448,0.139,0.8832,0.1986,-0.9477,0.2499,25.5,0.0003,1.707,0.699,0.91527,329.7,601.6,339.2,602.9,319.9,600.3,723,1.067,7
804,137.663,-180.697,-16.305,0.8607,0.3175,0.398,-0.4585,0.1407,0.8775,0.2226,-0.9377,0.2667,25.5,0.0007,1.774,0.691,0.93622,331.4,601.1,341.2,602.4,321.4,599.7,723,0.896,7
805,139.338,-180.045,-15.525,0.8488,0.3475,0.3986,-0.4688,0.1422,0.8718,0.2462,-0.9268,0.2837,25.5,0.001,1.78,0.68,0.94377,333.1,600.5,343.2,601.9,322.9,599.1,724,1.825,7
806,140.989,-179.336,-14.742,0.836,0.3758,0.3998,-0.479,0.1437,0.866,0.268,-0.9155,0.3001,25.5,0.0002,1.692,0.678,0.90876,334.8,599.9,345.1,601.3,324.3,598.4,724,0.143,7
807,142.615,-178.572,-13.959,0.823,0.404,0.3992,-0.4889,0.1451,0.8602,0.2896,-0.9032,0.3169,25.5,0.0004,1.719,0.662,0.90805,336.5,599.2,347.0,600.7,325.7,597.7,724,2.097,7
808,144.215,-177.752,-13.179,0.8096,0.4326,0.3968,-0.4987,0.1464,0.8543,0.3115,-0.8895,0.3342,25.5,0.0014,1.781,0.66,0.92609,338.2,598.5,348.9,600.0,327.1,596.9,725,0.577,7
809,145.788,-176.876,-12.405,0.7954,0.4619,0.3925,-0.5083,0.1475,0.8484,0.334,-0.8743,0.3522,25.5,0.0032,1.867,0.649,0.96013,339.8,597.7,350.8,599.3,328.5,596.0,725,1.385,7
810,147.332,-175.943,-11.638,0.7797,0.4897,0.3903,-0.5177,0.1487,0.8425,0.3546,-0.859,0.3694,25.5,0.002,1.77,0.64,0.93568,341.4,596.8,352.6,598.5,329.9,595.1,726,1.237,7
811,148.844,-174.957,-10.876,0.7637,0.517,0.3866,-0.527,0.1497,0.8366,0.3746,-0.8427,0.3868,25.5,0.0016,1.783,0.634,0.93143,342.9,595.9,354.4,597.6,331.2,594.1,726,0.725,7
812,150.325,-173.917,-10.124,0.7474,0.5443,0.381,-0.5361,0.1506,0.8306,0.3947,-0.825,0.4044,25.5,0.0023,1.836,0.627,0.9439,344.5,594.9,356.2,596.7,332.5,593.1,727,1.841,7
813,151.773,-172.823,-9.384,0.7304,0.572,0.3733,-0.5451,0.1515,0.8246,0.4151,-0.8057,0.4224,25.5,0.0037,1.911,0.622,0.97652,346.0,593.9,357.9,595.7,333.8,592.1,727,0.125,7
814,153.187,-171.675,-8.661,0.7121,0.5996,0.3653,-0.5539,0.1523,0.8186,0.4351,-0.7852,0.4405,25.5,0.0041,1.941,0.612,0.99608,347.5,592.9,359.6,594.7,335.0,590.9,727,2.081,7
815,154.564,-170.474,-7.952,0.6928,0.626,0.358,-0.5625,0.153,0.8125,0.4538,-0.7643,0.4582,25.5,0.003,1.9,0.605,0.97961,348.9,591.7,361.3,593.6,336.2,589.8,728,0.422,7
816,155.903,-169.221,-7.259,0.6733,0.6518,0.349,-0.5711,0.1537,0.8064,0.472,-0.7423,0.4757,25.5,0.0029,1.919,0.605,0.9815,350.3,590.5,362.9,592.5,337.4,588.5,728,1.54,7
817,157.203,-167.919,-6.585,0.6536,0.677,0.3385,-0.5795,0.1542,0.8003,0.4896,-0.7192,0.4931,25.5,0.0035,1.94,0.595,0.98428,351.6,589.3,364.4,591.3,338.5,587.3,729,0.901,7
818,158.464,-166.568,-5.933,0.6334,0.7015,0.3266,-0.5878,0.1547,0.7941,0.5065,-0.695,0.5103,25.5,0.0044,1.957,0.594,0.99143,352.9,588.0,366.0,590.1,339.6,585.9,729,1.06,7
819,159.684,-165.17,-5.303,0.6117,0.725,0.3164,-0.5959,0.1551,0.7879,0.5222,-0.6706,0.5269,25.5,0.0028,1.915,0.585,0.98164,354.2,586.7,367.4,588.8,340.7,584.6,730,1.325,7
820,160.862,-163.727,-4.694,0.5904,0.7473,0.305,-0.604,0.1554,0.7817,0.5367,-0.6457,0.5431,25.5,0.0021,1.894,0.585,0.96121,355.4,585.3,368.9,587.4,341.7,583.1,730,0.637,7
821,161.999,-162.242,-4.108,0.5692,0.7685,0.2922,-0.612,0.1556,0.7754,0.5505,-0.6202,0.5588,25.5,0.0022,1.889,0.584,0.9531,356.6,583.9,370.3,586.0,342.7,581.7,731,1.695,7
822,163.094,-160.715,-3.55,0.5481,0.7889,0.278,-0.6198,0.1556,0.7691,0.5635,-0.5938,0.5743,25.5,0.0031,1.906,0.574,0.95322,357.8,582.4,371.6,584.6,343.6,580.2,731,0.266,7
823,164.146,-159.15,-3.018,0.5255,0.8086,0.2645,-0.6276,0.1556,0.7628,0.5757,-0.5669,0.5893,25.5,0.0022,1.898,0.574,0.96137,358.9,580.9,372.9,583.1,344.5,578.6,732,2.014,7
824,165.154,-157.547,-2.513,0.5029,0.8271,0.2511,-0.6353,0.1554,0.7565,0.5867,-0.5399,0.6036,25.5,0.001,1.861,0.57,0.93947,359.9,579.3,374.2,581.6,345.4,577.0,732,0.061,7
825,166.118,-155.908,-2.035,0.4807,0.8444,0.2363,-0.643,0.155,0.7501,0.5967,-0.5125,0.6175,25.5,0.001,1.851,0.574,0.92969,360.9,577.7,375.4,580.0,346.2,575.4,732,1.907,7
826,167.038,-154.237,-1.588,0.4588,0.8609,0.22,-0.6505,0.1545,0.7436,0.6062,-0.4842,0.6309,25.5,0.0018,1.875,0.569,0.93266,361.9,576.1,376.6,578.4,346.9,573.8,733,0.32,7
827,167.916,-152.534,-1.174,0.4365,0.8767,0.2022,-0.658,0.1539,0.7371,0.6151,-0.4548,0.644,25.5,0.0033,1.913,0.57,0.95357,362.8,574.4,377.7,576.7,347.6,572.1,733,1.642,7
828,168.747,-150.801,-0.793,0.4125,0.8917,0.1864,-0.6654,0.153,0.7306,0.623,-0.4254,0.6565,25.5,0.0019,1.886,0.567,0.94767,363.7,572.7,378.7,575.1,348.3,570.4,734,0.526,7
829,169.533,-149.04,-0.444,0.3891,0.9055,0.1694,-0.6728,0.1519,0.7241,0.6299,-0.3957,0.6683,25.5,0.0016,1.873,0.568,0.9369,364.5,571.0,379.7,573.3,348.9,568.6,734,1.436,7
830,170.273,-147.252,-0.13,0.3659,0.9183,0.1509,-0.6801,0.1507,0.7175,0.6362,-0.3652,0.6797,25.5,0.0022,1.9,0.568,0.94482,365.3,569.2,380.7,571.6,349.5,566.9,735,0.671,7
831,170.967,-145.441,0.146,0.3427,0.9303,0.1307,-0.6873,0.1492,0.7109,0.6418,-0.3335,0.6905,25.5,0.0038,1.946,0.566,0.96545,366.0,567.5,381.6,569.8,350.0,565.1,735,1.291,7
832,171.615,-143.606,0.382,0.3185,0.9415,0.1101,-0.6945,0.1474,0.7043,0.6468,-0.3008,0.7008,25.5,0.0049,1.985,0.569,0.98518,366.7,565.6,382.5,567.9,350.5,563.3,736,0.748,7
833,172.215,-141.751,0.578,0.2936,0.9517,0.0901,-0.7016,0.1454,0.6976,0.6508,-0.2681,0.7104,25.5,0.0048,1.966,0.571,0.98021,367.3,563.8,383.3,566.1,350.9,561.5,736,1.214,7
834,172.766,-139.877,0.735,0.2688,0.9607,0.0699,-0.7086,0.1431,0.691,0.6538,-0.2352,0.7192,25.5,0.0047,1.959,0.567,0.97146,367.8,561.9,384.1,564.2,351.3,559.6,737,0.754,7
835,173.269,-137.986,0.852,0.244,0.9685,0.0494,-0.7155,0.1404,0.6843,0.6559,-0.2023,0.7273,25.5,0.0048,1.945,0.572,0.968,368.4,560.1,384.8,562.3,351.6,557.8,737,1.207,7
836,173.723,-136.081,0.928,0.2192,0.9753,0.0287,-0.7224,0.1374,0.6777,0.657,-0.1693,0.7346,25.5,0.0049,1.938,0.573,0.96513,368.8,558.2,385.4,560.3,351.9,555.9,738,0.695,7
837,174.128,-134.164,0.964,0.1942,0.9809,0.0082,-0.7291,0.134,0.6712,0.6573,-0.1363,0.7412,25.5,0.0046,1.928,0.569,0.95932,369.2,556.2,386.0,558.4,352.1,554.1,738,1.266,7
838,174.484,-132.237,0.961,0.1689,0.9856,-0.012,-0.7357,0.13,0.6647,0.6566,-0.1035,0.7471,25.5,0.0041,1.91,0.578,0.95647,369.6,554.3,386.5,556.4,352.3,552.2,739,0.572,7
839,174.79,-130.302,0.918,0.1431,0.9892,-0.0322,-0.7422,0.1256,0.6583,0.6552,-0.0703,0.7522,25.5,0.0032,1.926,0.58,0.96374,369.9,552.4,387.0,554.3,352.4,550.4,739,1.388,7
840,175.044,-128.36,0.835,0.1163,0.9918,-0.0526,-0.7485,0.1205,0.652,0.653,-0.0365,0.7564,25.5,0.0018,1.956,0.588,0.98763,370.1,550.4,387.4,552.3,352.5,548.5,740,0.388,7
841,175.244,-126.415,0.71,0.088,0.9933,-0.0744,-0.7547,0.1148,0.646,0.6502,-0.0008,0.7598,25.5,0.0004,2.061,0.592,1.04543,370.3,548.5,387.8,550.2,352.5,546.7,740,1.572,7
842,175.39,-124.468,0.544,0.0612,0.9936,-0.0949,-0.7607,0.1083,0.6401,0.6462,0.033,0.7624,25.5,0.0003,1.956,0.609,0.9866,370.4,546.5,388.1,548.1,352.5,544.9,741,0.141,7
843,175.485,-122.521,0.34,0.0357,0.9929,-0.1137,-0.7664,0.101,0.6344,0.6413,0.0645,0.7646,25.5,0.0008,1.831,0.623,0.92641,370.5,544.5,388.3,546.0,352.4,543.1,742,1.785,7
844,175.531,-120.576,0.1,0.0112,0.9913,-0.1313,-0.7719,0.0928,0.6289,0.6356,0.0943,0.7662,25.5,0.0008,1.741,0.648,0.88322,370.5,542.6,388.5,543.9,352.3,541.3,742,0.177,7
845,175.529,-118.636,-0.174,-0.0133,0.9888,-0.149,-0.7771,0.0838,0.6237,0.6292,0.1241,0.7673,25.5,0.0003,1.748,0.666,0.88668,370.5,540.6,388.6,541.7,352.1,539.5,743,1.398,7
846,175.477,-116.702,-0.486,-0.0391,0.985,-0.1683,-0.7821,0.0738,0.6188,0.6219,0.1558,0.7674,25.5,0.0009,1.864,0.699,0.94847,370.4,538.7,388.7,539.5,351.9,537.8,743,0.563,7
847,175.375,-114.776,-0.833,-0.0653,0.9803,-0.1862,-0.7866,0.0627,0.6142,0.6138,0.1866,0.7671,25.5,0.0015,1.825,0.735,0.93784,370.3,536.7,388.7,537.3,351.6,536.1,744,0.933,7
848,175.221,-112.859,-1.215,-0.0921,0.9748,-0.203,-0.7908,0.0504,0.61,0.6049,0.2167,0.7663,25.5,0.0019,1.799,0.783,0.93865,370.1,534.8,388.6,535.1,351.3,534.5,744,1.028,7
849,175.013,-110.955,-1.628,-0.1203,0.9683,-0.219,-0.7945,0.0369,0.6062,0.595,0.2469,0.7648,25.5,0.0014,1.823,0.831,0.96686,369.9,532.9,388.4,532.8,351.0,532.9,745,0.386,7
850,174.749,-109.066,-2.078,-0.1496,0.9593,-0.2396,-0.7976,0.022,0.6028,0.5835,0.2813,0.7618,25.5,0.004,2.085,0.893,1.07975,369.5,530.9,388.2,530.6,350.6,531.3,745,1.574,7
851,174.427,-107.195,-2.565,-0.1781,0.9501,-0.256,-0.8002,0.0058,0.5998,0.5714,0.3117,0.7592,25.5,0.0055,1.881,0.956,0.99828,369.2,529.0,387.9,528.3,350.1,529.8,746,0.239,7
852,174.051,-105.342,-3.079,-0.2057,0.9412,-0.2681,-0.802,-0.0116,0.5972,0.5589,0.3379,0.7573,25.5,0.0061,1.667,1.013,0.91869,368.8,527.2,387.5,526.0,349.6,528.4,747,1.023,7
853,173.622,-103.506,-3.613,-0.2328,0.9324,-0.2766,-0.8032,-0.0304,0.5949,0.5463,0.3607,0.756,25.5,0.0059,1.494,1.087,0.86931,368.3,525.3,387.1,523.7,349.1,527.0,747,0.937,7
854,173.137,-101.69,-4.17,-0.2619,0.92,-0.2916,-0.8036,-0.0504,0.5931,0.531,0.3896,0.7525,25.5,0.0089,1.884,1.151,1.02352,367.7,523.5,386.6,521.3,348.6,525.6,748,0.257,7
855,172.596,-99.899,-4.752,-0.2898,0.9084,-0.3013,-0.8031,-0.0715,0.5915,0.5158,0.4135,0.7503,25.5,0.0104,1.628,1.213,0.92781,367.1,521.6,386.0,519.0,348.0,524.3,749,1.383,7
856,172.001,-98.129,-5.348,-0.3171,0.8977,-0.3059,-0.8018,-0.0938,0.5902,0.5012,0.4324,0.7496,25.5,0.0105,1.369,1.282,0.86778,366.5,519.8,385.3,516.7,347.4,523.1,749,0.578,7
857,171.353,-96.38,-5.949,-0.3442,0.8865,-0.3093,-0.7995,-0.1171,0.5891,0.4861,0.45,0.7491,25.5,0.0108,1.329,1.343,0.86305,365.8,518.1,384.5,514.3,346.7,521.9,750,0.484,7
858,170.652,-94.656,-6.563,-0.372,0.8728,-0.3161,-0.7962,-0.1414,0.5882,0.4688,0.4705,0.7476,25.5,0.0132,1.539,1.406,0.92765,365.0,516.3,383.7,512.0,346.1,520.7,750,1.477,7
859,169.895,-92.958,-7.184,-0.4005,0.8599,-0.3166,-0.7918,-0.1668,0.5876,0.4525,0.486,0.7477,25.5,0.0123,1.289,1.477,0.91471,364.2,514.6,382.8,509.6,345.4,519.6,751,0.482,7
860,169.081,-91.285,-7.799,-0.4302,0.8477,-0.3104,-0.7862,-0.1932,0.587,0.4377,0.4966,0.7496,25.5,0.0078,1.049,1.547,0.95606,363.4,512.9,381.8,507.3,344.6,518.6,752,0.447,7
861,168.206,-89.639,-8.404,-0.4625,0.8314,-0.308,-0.7792,-0.2206,0.5866,0.4198,0.5114,0.7499,25.5,0.0037,1.331,1.621,1.06016,362.4,511.2,380.7,504.9,343.9,517.6,753,1.307,7
862,167.27,-88.025,-9.003,-0.4924,0.816,-0.3028,-0.7709,-0.2489,0.5863,0.403,0.5221,0.7517,25.5,0.001,1.146,1.69,0.99504,361.4,509.6,379.5,502.6,343.1,516.7,753,0.653,7
863,166.279,-86.438,-9.586,-0.5186,0.804,-0.2909,-0.7613,-0.2779,0.5858,0.3901,0.5253,0.7562,25.5,0.001,0.804,1.751,0.91153,360.4,508.0,378.2,500.3,342.3,515.8,754,0.145,7
864,165.238,-84.873,-10.142,-0.5442,0.7914,-0.2785,-0.7504,-0.3074,0.5851,0.3775,0.5274,0.7612,25.5,0.0021,0.786,1.802,0.90959,359.3,506.4,376.8,498.0,341.5,515.0,755,0.89,7
865,164.145,-83.337,-10.677,-0.5707,0.7766,-0.2668,-0.7383,-0.3372,0.5841,0.3637,0.5304,0.7658,25.5,0.0036,0.851,1.844,0.95105,358.2,504.8,375.4,495.7,340.7,514.2,755,1.07,7
866,163.004,-81.826,-11.183,-0.5939,0.7654,-0.2481,-0.7251,-0.367,0.5827,0.3549,0.5259,0.7729,25.5,0.0052,0.697,1.869,0.93072,357.0,503.3,373.9,493.4,339.8,513.4,756,0.367,7
867,161.819,-80.335,-11.646,-0.6153,0.7553,-0.2257,-0.7108,-0.3969,0.5808,0.3491,0.5178,0.781,25.5,0.0065,0.736,1.902,0.95262,355.8,501.8,372.3,491.2,338.9,512.6,757,0.303,7
868,160.59,-78.869,-12.072,-0.6381,0.7415,-0.2074,-0.6955,-0.4264,0.5783,0.3403,0.5133,0.7879,25.5,0.0077,0.691,1.909,0.94523,354.5,500.3,370.7,489.0,338.1,511.9,758,0.948,7
869,159.321,-77.426,-12.454,-0.6563,0.7324,-0.1813,-0.6796,-0.4555,0.575,0.3386,0.5007,0.7967,25.5,0.0082,0.886,1.909,0.96757,353.2,498.9,369.0,486.8,337.2,511.2,758,1.012,7
870,158.021,-75.996,-12.777,-0.6701,0.7273,-0.1481,-0.6631,-0.4839,0.5711,0.3437,0.4809,0.8066,25.5,0.0078,1.302,1.895,1.06178,351.9,497.5,367.3,484.7,336.3,510.4,759,0.384,7
871,156.69,-74.581,-13.04,-0.6871,0.7166,-0.1199,-0.6463,-0.5114,0.5663,0.3445,0.4666,0.8146,25.5,0.0097,0.94,1.867,1.01225,350.6,496.0,365.6,482.6,335.3,509.7,760,0.237,7
872,155.331,-73.185,-13.246,-0.6994,0.7092,-0.0892,-0.6294,-0.538,0.5607,0.3496,0.4483,0.8227,25.5,0.0086,1.183,1.834,0.99089,349.2,494.6,363.8,480.6,334.4,509.0,761,0.857,7
873,153.952,-71.799,-13.389,-0.7068,0.7052,-0.0565,-0.6126,-0.5635,0.5543,0.359,0.4264,0.8302,25.5,0.0043,1.432,1.788,0.98712,347.8,493.3,362.0,478.6,333.4,508.2,761,1.103,7
874,152.56,-70.422,-13.471,-0.7144,0.6992,-0.0273,-0.5958,-0.5879,0.5472,0.3666,0.4071,0.8366,25.5,0.0004,1.244,1.745,0.89941,346.4,491.9,360.2,476.6,332.4,507.4,762,0.475,7
875,151.152,-69.059,-13.494,-0.7217,0.6922,0.0044,-0.5794,-0.611,0.5394,0.376,0.3868,0.842,25.5,0.0024,1.319,1.684,0.97289,345.0,490.5,358.5,474.7,331.4,506.7,763,0.162,7
876,149.731,-67.71,-13.452,-0.7281,0.6844,0.0386,-0.5633,-0.6329,0.5311,0.3879,0.3649,0.8464,25.5,0.0025,1.45,1.628,1.04247,343.6,489.2,356.7,472.8,330.4,505.9,764,0.81,7
877,148.299,-66.377,-13.343,-0.7334,0.6761,0.0714,-0.5478,-0.6535,0.5223,0.3998,0.3439,0.8496,25.5,0.0028,1.395,1.561,1.00128,342.2,487.9,354.9,471.0,329.3,505.0,764,1.15,7
878,146.857,-65.06,-13.173,-0.7377,0.6674,0.1023,-0.533,-0.6727,0.5132,0.4113,0.3241,0.8519,25.5,0.0033,1.319,1.484,0.94691,340.8,486.6,353.1,469.2,328.3,504.2,765,0.487,8
879,145.408,-63.761,-12.942,-0.7408,0.6584,0.1331,-0.5189,-0.6905,0.504,0.4237,0.3043,0.8531,25.5,0.0031,1.34,1.404,0.94251,339.4,485.3,351.4,467.5,327.2,503.4,766,0.191,8
880,143.954,-62.479,-12.651,-0.7428,0.6493,0.1635,-0.5056,-0.7069,0.4946,0.4367,0.2847,0.8533,25.5,0.0026,1.348,1.324,0.92958,337.9,484.0,349.7,465.8,326.1,502.5,767,0.885,8
881,142.499,-61.214,-12.304,-0.7425,0.6418,0.1917,-0.4932,-0.722,0.4853,0.4499,0.2658,0.8526,25.5,0.0041,1.322,1.24,0.85316,336.5,482.8,348.0,464.2,324.9,501.6,767,1.075,8
882,141.043,-59.966,-11.9,-0.7436,0.6315,0.2196,-0.4818,-0.7356,0.4762,0.4622,0.2483,0.8513,25.5,0.0017,1.228,1.143,0.87014,335.1,481.6,346.3,462.7,323.8,500.7,768,0.362,8
883,139.583,-58.739,-11.446,-0.7459,0.62,0.2434,-0.4714,-0.7479,0.4673,0.4718,0.2338,0.8502,25.5,0.0017,0.998,1.054,0.77573,333.7,480.4,344.7,461.2,322.6,499.8,769,0.372,8
884,138.119,-57.535,-10.95,-0.7487,0.6091,0.2616,-0.4622,-0.7589,0.4587,0.478,0.2225,0.8497,25.5,0.0038,0.739,0.958,0.62582,332.3,479.2,343.0,459.7,321.4,498.9,770,1.127,8
885,136.655,-56.353,-10.405,-0.7457,0.5979,0.294,-0.4542,-0.7685,0.4506,0.4954,0.2025,0.8447,25.5,0.0117,1.546,0.853,1.00636,330.9,478.0,341.5,458.3,320.1,498.0,770,0.833,8
886,135.194,-55.189,-9.808,-0.7445,0.5898,0.3129,-0.4475,-0.7769,0.443,0.5044,0.1898,0.8423,25.5,0.0136,0.902,0.754,0.60182,329.5,476.9,339.9,457.0,318.9,497.1,771,0.068,8
887,133.735,-54.04,-9.185,-0.7455,0.5839,0.3216,-0.442,-0.784,0.4359,0.5066,0.1828,0.8426,25.5,0.0119,0.421,0.656,0.30874,328.1,475.8,338.4,455.7,317.6,496.1,772,0.727,8
888,132.271,-52.9,-8.552,-0.7485,0.5795,0.3225,-0.4377,-0.79,0.4293,0.5035,0.1801,0.845,25.5,0.0083,0.273,0.567,0.15785,326.6,474.6,336.9,454.4,316.3,495.1,772,1.237,8
889,130.799,-51.767,-7.925,-0.7536,0.5762,0.3163,-0.4348,-0.7949,0.4232,0.4953,0.1814,0.8496,25.5,0.0035,0.544,0.478,0.25372,325.2,473.5,335.4,453.2,314.9,494.2,773,0.445,8
890,129.315,-50.64,-7.317,-0.7612,0.5737,0.3024,-0.4331,-0.7987,0.4177,0.4812,0.187,0.8564,25.5,0.0022,0.953,0.395,0.46875,323.8,472.4,334.0,452.0,313.5,493.1,774,0.355,8
891,127.814,-49.518,-6.746,-0.7718,0.5716,0.2785,-0.4327,-0.8015,0.4128,0.4592,0.1981,0.866,25.5,0.0092,1.515,0.324,0.76711,322.3,471.3,332.5,450.8,312.0,492.1,775,1.142,8
892,126.296,-48.406,-6.2,-0.7773,0.5642,0.2783,-0.4335,-0.8033,0.4084,0.4539,0.1968,0.869,25.5,0.0026,0.357,0.276,0.26962,320.9,470.2,331.1,449.7,310.5,491.1,775,0.819,8
893,124.766,-47.305,-5.659,-0.7832,0.5588,0.2726,-0.4356,-0.8041,0.4045,0.4452,0.1981,0.8732,25.5,0.0021,0.559,0.258,0.28711,319.4,469.2,329.7,448.6,309.0,490.0,776,0.088,8
894,123.225,-46.214,-5.135,-0.7896,0.5554,0.261,-0.4389,-0.804,0.4012,0.4326,0.2022,0.8786,25.5,0.0047,0.82,0.267,0.39983,317.9,468.1,328.3,447.5,307.4,488.9,777,0.719,8
895,121.671,-45.127,-4.641,-0.7965,0.5538,0.2427,-0.4435,-0.8029,0.3983,0.4154,0.2096,0.8851,25.5,0.0053,1.136,0.318,0.57364,316.4,467.0,326.9,446.5,305.7,487.8,777,1.248,8
896,120.102,-44.042,-4.19,-0.804,0.554,0.216,-0.4492,-0.8009,0.3959,0.3923,0.2213,0.8928,25.5,0.003,1.548,0.372,0.81081,314.8,465.9,325.5,445.4,304.0,486.7,778,0.509,8
897,118.519,-42.954,-3.801,-0.8119,0.556,0.1782,-0.4561,-0.7981,0.3939,0.3612,0.2385,0.9015,25.5,0.0032,2.096,0.442,1.13046,313.3,464.9,324.2,444.4,302.3,485.5,779,0.211,8
898,116.919,-41.868,-3.487,-0.8212,0.5525,0.1428,-0.464,-0.7943,0.3922,0.3302,0.2558,0.9086,25.5,0.0018,2.074,0.512,1.07517,311.7,463.8,322.8,443.5,300.5,484.3,780,0.91,8
899,115.302,-40.788,-3.242,-0.8286,0.5493,0.1078,-0.4729,-0.7897,0.3908,0.2998,0.2728,0.9141,25.5,0.0002,2.021,0.58,1.05021,310.1,462.7,321.4,442.5,298.6,483.2,780,1.049,8
900,113.673,-39.713,-3.064,-0.8334,0.5478,0.0737,-0.4826,-0.7844,0.3896,0.2712,0.2891,0.9181,25.5,0.0012,1.9,0.637,1.00785,308.5,461.6,320.1,441.6,296.8,481.9,781,0.372,8
901,112.037,-38.64,-2.951,-0.8352,0.5483,0.0426,-0.4929,-0.7785,0.3885,0.2462,0.3035,0.9205,25.5,0.0014,1.659,0.683,0.91091,306.9,460.6,318.7,440.7,294.9,480.7,782,0.282,8
902,110.4,-37.563,-2.895,-0.8358,0.5489,0.0131,-0.5036,-0.7722,0.3874,0.2227,0.3172,0.9218,25.5,0.0021,1.56,0.714,0.86283,305.2,459.5,317.4,439.7,292.9,479.5,783,0.913,8
903,108.761,-36.49,-2.903,-0.8372,0.5465,-0.0213,-0.5146,-0.7655,0.3862,0.1948,0.3343,0.9221,25.5,0.0043,1.875,0.741,1.00899,303.6,458.4,316.0,438.9,291.0,478.2,783,1.048,8
904,107.12,-35.42,-2.979,-0.8365,0.545,-0.0566,-0.5257,-0.7587,0.3849,0.1668,0.3517,0.9211,25.5,0.0045,1.89,0.75,1.03322,301.9,457.4,314.7,438.0,289.1,477.0,784,0.44,8
905,105.483,-34.353,-3.125,-0.8336,0.5446,-0.0925,-0.5367,-0.7517,0.3833,0.1393,0.3692,0.9189,25.5,0.0026,1.872,0.753,1.05317,300.3,456.3,313.3,437.1,287.1,475.7,785,0.145,8
906,103.854,-33.285,-3.342,-0.8288,0.5446,-0.1284,-0.5477,-0.7447,0.3815,0.1121,0.3865,0.9154,25.5,0.0006,1.858,0.754,1.05895,298.7,455.2,312.0,436.2,285.2,474.5,786,0.705,8
907,102.234,-32.22,-3.629,-0.8239,0.5423,-0.1645,-0.5584,-0.7378,0.3794,0.0844,0.4044,0.9107,25.5,0.0025,1.909,0.739,1.06727,297.0,454.2,310.6,435.3,283.3,473.2,787,1.238,8
908,100.626,-31.16,-3.986,-0.8177,0.5397,-0.2001,-0.5688,-0.731,0.377,0.0572,0.4221,0.9048,25.5,0.0049,1.89,0.725,1.05928,295.4,453.1,309.3,434.4,281.4,472.0,787,0.722,8
909,99.03,-30.105,-4.413,-0.8102,0.5368,-0.2352,-0.5791,-0.7243,0.3742,0.0305,0.4394,0.8978,25.5,0.0076,1.866,0.722,1.05287,293.8,452.0,307.9,433.5,279.5,470.7,788,0.222,8
910,97.45,-29.056,-4.908,-0.8016,0.5334,-0.27,-0.5891,-0.7178,0.3711,0.0042,0.4566,0.8897,25.5,0.0108,1.859,0.706,1.05287,292.2,451.0,306.6,432.7,277.6,469.5,789,0.236,8
911,95.888,-28.014,-5.47,-0.7923,0.5292,-0.3036,-0.599,-0.7113,0.3678,-0.0214,0.4733,0.8806,25.5,0.0135,1.827,0.704,1.02667,290.6,449.9,305.3,431.8,275.8,468.3,790,0.643,8
912,94.346,-26.982,-6.098,-0.7819,0.5243,-0.3373,-0.6086,-0.705,0.3641,-0.0469,0.4901,0.8704,25.5,0.0166,1.845,0.691,1.04102,289.0,448.9,303.9,430.9,274.0,467.0,791,0.989,8
913,92.825,-25.96,-6.794,-0.7697,0.5183,-0.3727,-0.6179,-0.6989,0.3602,-0.0738,0.5077,0.8584,25.5,0.0209,1.966,0.675,1.10872,287.5,447.9,302.6,430.1,272.2,465.8,791,0.971,8
914,91.33,-24.951,-7.561,-0.7552,0.5108,-0.4108,-0.6269,-0.6929,0.3561,-0.1028,0.5267,0.8438,25.5,0.0268,2.155,0.663,1.21203,285.9,446.8,301.3,429.2,270.4,464.7,792,0.694,8
915,89.865,-23.958,-8.403,-0.7395,0.5021,-0.4484,-0.6355,-0.6872,0.3519,-0.1316,0.5455,0.8277,25.5,0.0329,2.176,0.638,1.21816,284.4,445.8,300.1,428.4,268.7,463.5,793,0.496,8
916,88.434,-22.984,-9.32,-0.7206,0.4925,-0.488,-0.644,-0.6817,0.3473,-0.1618,0.565,0.8091,25.5,0.0412,2.319,0.637,1.31337,283.0,444.9,298.8,427.5,267.0,462.4,794,0.386,8
917,87.042,-22.028,-10.316,-0.6992,0.4824,-0.5276,-0.6523,-0.6763,0.3422,-0.192,0.5842,0.7886,25.5,0.0507,2.363,0.638,1.34895,281.5,443.9,297.6,426.7,265.3,461.2,795,0.372,8
918,85.694,-21.094,-11.387,-0.6767,0.4707,-0.5661,-0.6607,-0.671,0.3365,-0.2219,0.6028,0.7664,25.5,0.0592,2.385,0.656,1.34802,280.2,443.0,296.4,425.9,263.7,460.1,796,0.454,8
919,84.39,-20.183,-12.533,-0.6536,0.4585,-0.6022,-0.6687,-0.666,0.3307,-0.25,0.6202,0.7436,25.5,0.0674,2.301,0.634,1.30292,278.8,442.0,295.3,425.2,262.2,459.1,797,0.635,8
920,83.132,-19.295,-13.745,-0.6303,0.448,-0.634,-0.6751,-0.6619,0.3259,-0.2745,0.6353,0.7218,25.5,0.0776,2.069,0.515,1.19284,277.5,441.1,294.1,424.4,260.7,458.1,799,0.652,8
921,81.919,-18.426,-15.015,-0.6077,0.4396,-0.6614,-0.6788,-0.6594,0.3232,-0.2953,0.6481,0.702,25.5,0.0911,1.801,0.299,1.06711,276.2,440.3,293.0,423.6,259.4,457.1,800,0.149,8
922,80.762,-17.569,-16.344,-0.569,0.4351,-0.6978,-0.6789,-0.659,0.3238,-0.3215,0.6633,0.6757,25.5,0.1264,2.299,0.042,1.55923,275.0,439.4,291.8,422.8,258.2,456.2,801,0.474,8
923,79.677,-16.724,-17.74,-0.542,0.4266,-0.7241,-0.6755,-0.6606,0.3276,-0.3426,0.6746,0.6539,25.5,0.1529,1.855,0.306,1.12969,273.9,438.6,290.5,421.9,257.1,455.4,803,0.149,8
924,78.624,-15.9,-19.173,-0.5365,0.4134,-0.7357,-0.669,-0.6639,0.3341,-0.355,0.6804,0.6411,25.5,0.1613,1.074,0.56,0.5383,272.8,437.7,289.2,421.0,256.2,454.6,805,0.209,8
925,77.561,-15.106,-20.616,-0.5511,0.3958,-0.7346,-0.6603,-0.6683,0.3425,-0.3596,0.6818,0.6371,25.5,0.1522,0.358,0.737,0.66931,271.7,436.9,287.9,420.1,255.3,453.9,807,0.378,8
926,76.454,-14.352,-22.047,-0.5725,0.3741,-0.7296,-0.65,-0.6734,0.3523,-0.3629,0.6823,0.6346,25.5,0.1368,0.239,0.865,0.90298,270.5,436.2,286.5,419.2,254.4,453.3,809,0.401,8
927,75.332,-13.638,-23.486,-0.5746,0.3553,-0.7373,-0.6385,-0.6787,0.3628,-0.3753,0.6862,0.6231,25.5,0.1418,0.994,0.942,0.59709,269.4,435.5,285.0,418.4,253.6,452.7,811,0.049,8
928,74.197,-12.957,-24.931,-0.5842,0.3403,-0.7368,-0.6264,-0.6841,0.3736,-0.3808,0.6868,0.6191,25.5,0.1421,0.391,0.979,0.52087,268.2,434.8,283.5,417.6,252.7,452.1,812,0.581,8
929,73.037,-12.301,-26.369,-0.6007,0.329,-0.7286,-0.6141,-0.6894,0.3842,-0.3795,0.6848,0.6221,25.5,0.1379,0.22,0.979,0.63194,267.0,434.1,281.9,416.8,251.9,451.6,814,0.64,9
930,71.839,-11.665,-27.783,-0.6232,0.3213,-0.713,-0.602,-0.6943,0.3944,-0.3714,0.6807,0.6314,25.5,0.1291,0.745,0.949,0.83154,265.7,433.5,280.4,416.1,250.9,451.1,815,0.461,9
931,70.595,-11.043,-29.163,-0.6438,0.3114,-0.699,-0.5906,-0.6988,0.4036,-0.3654,0.6775,0.6383,25.5,0.1195,0.555,0.878,0.78368,264.5,432.9,278.8,415.4,250.0,450.6,816,0.402,9
932,69.318,-10.444,-30.524,-0.6589,0.3004,-0.6897,-0.5801,-0.7028,0.4119,-0.3633,0.6757,0.6414,25.5,0.113,0.238,0.8,0.60998,263.2,432.3,277.2,414.7,248.9,450.1,817,0.457,9
933,68.012,-9.864,-31.866,-0.6734,0.2921,-0.6791,-0.5701,-0.7065,0.4193,-0.3594,0.6734,0.646,25.5,0.1072,0.37,0.744,0.57846,261.8,431.7,275.6,414.0,247.9,449.6,818,0.624,9
934,66.678,-9.297,-33.185,-0.688,0.2861,-0.667,-0.5607,-0.71,0.4261,-0.3534,0.6706,0.6522,25.5,0.1016,0.52,0.694,0.58142,260.5,431.1,274.0,413.4,246.7,449.1,819,0.895,9
935,65.316,-8.741,-34.479,-0.7029,0.2822,-0.6529,-0.5515,-0.7133,0.4325,-0.3452,0.6672,0.6601,25.5,0.096,0.681,0.669,0.61046,259.1,430.6,272.4,412.8,245.6,448.6,819,1.065,9
936,63.923,-8.19,-35.743,-0.7186,0.279,-0.637,-0.5423,-0.7166,0.4387,-0.3354,0.6633,0.6689,25.5,0.0897,0.787,0.663,0.66007,257.7,430.0,270.8,412.2,244.4,448.1,820,0.703,9
937,62.5,-7.653,-36.98,-0.7328,0.2698,-0.6247,-0.533,-0.7199,0.4446,-0.3309,0.661,0.6735,25.5,0.0814,0.392,0.659,0.61146,256.2,429.5,269.1,411.6,243.2,447.6,821,0.274,9
938,61.051,-7.13,-38.191,-0.7464,0.264,-0.6109,-0.5235,-0.7232,0.4505,-0.3238,0.6579,0.6799,25.5,0.0754,0.576,0.668,0.59126,254.8,429.0,267.4,411.0,242.0,447.2,822,0.2,9
939,59.574,-6.616,-39.372,-0.7604,0.2612,-0.5946,-0.5138,-0.7265,0.4562,-0.3136,0.654,0.6884,25.5,0.0703,0.793,0.672,0.63347,253.3,428.5,265.7,410.4,240.8,446.8,823,0.693,9
940,58.069,-6.104,-40.519,-0.7755,0.2615,-0.5747,-0.5039,-0.7299,0.4618,-0.2993,0.6491,0.6993,25.5,0.0655,1.068,0.68,0.73028,251.8,428.0,263.9,409.8,239.5,446.3,824,1.183,9
941,56.533,-5.589,-41.621,-0.7926,0.2655,-0.5488,-0.4938,-0.7334,0.4672,-0.2789,0.6425,0.7137,25.5,0.0597,1.48,0.686,0.91493,250.3,427.5,262.1,409.3,238.2,445.9,824,0.777,9
942,54.962,-5.068,-42.671,-0.8104,0.2646,-0.5228,-0.4834,-0.7369,0.4725,-0.2605,0.6364,0.726,25.5,0.0503,1.315,0.698,0.92167,248.7,427.0,260.3,408.7,236.9,445.5,825,0.312,9
943,53.356,-4.55,-43.667,-0.8289,0.2641,-0.4931,-0.4727,-0.7405,0.4777,-0.2392,0.6295,0.7393,25.5,0.0393,1.492,0.712,1.02314,247.1,426.4,258.4,408.1,235.6,445.0,826,0.11,9
944,51.712,-4.031,-44.6,-0.8482,0.266,-0.4581,-0.4616,-0.7443,0.4827,-0.2126,0.6211,0.7544,25.5,0.0276,1.817,0.731,1.16995,245.5,425.9,256.5,407.5,234.2,444.6,827,0.465,9
945,50.032,-3.506,-45.459,-0.8671,0.2707,-0.4181,-0.45,-0.7482,0.4875,-0.1809,0.611,0.7707,25.499,0.0162,2.123,0.753,1.30092,243.8,425.4,254.6,406.9,232.9,444.2,828,0.746,9
946,48.313,-2.973,-46.236,-0.8868,0.2724,-0.3733,-0.4378,-0.7523,0.4922,-0.1467,0.6,0.7865,25.499,0.0004,2.249,0.785,1.43195,242.1,424.9,252.6,406.3,231.5,443.7,829,0.955,9
947,46.557,-2.437,-46.922,-0.9042,0.2749,-0.3268,-0.4251,-0.7567,0.4968,-0.1107,0.5882,0.8011,25.499,0.014,2.326,0.814,1.45359,240.4,424.4,250.6,405.7,230.1,443.3,829,1.005,9
948,44.771,-1.894,-47.517,-0.918,0.2791,-0.2817,-0.4117,-0.7612,0.5011,-0.0746,0.5761,0.8139,25.499,0.0243,2.302,0.847,1.38458,238.6,423.8,248.5,405.1,228.6,442.9,830,0.863,9
949,42.96,-1.343,-48.026,-0.9297,0.2823,-0.2364,-0.3977,-0.766,0.5051,-0.0385,0.564,0.8249,25.499,0.0341,2.271,0.878,1.37123,236.8,423.3,246.4,404.4,227.2,442.5,831,0.788,9
950,41.128,-0.788,-48.443,-0.9398,0.2849,-0.1888,-0.3831,-0.7709,0.5088,-0.0006,0.5511,0.8345,25.499,0.0443,2.359,0.907,1.42493,235.0,422.8,244.2,403.8,225.8,442.0,832,0.777,9
951,39.279,-0.225,-48.767,-0.9465,0.2895,-0.1426,-0.3679,-0.7761,0.5121,0.0377,0.5379,0.8422,25.498,0.0505,2.363,0.94,1.3716,233.2,422.2,242.0,403.1,224.3,441.6,833,0.829,9
952,37.42,0.349,-49.002,-0.9498,0.2985,-0.094,-0.3521,-0.7815,0.515,0.0804,0.523,0.8486,25.498,0.0527,2.617,0.971,1.44839,231.4,421.7,239.8,402.4,222.9,441.2,835,0.835,9
953,35.557,0.944,-49.133,-0.9511,0.306,-0.0425,-0.3357,-0.7872,0.5174,0.1251,0.5071,0.8527,25.498,0.0564,2.729,1.004,1.52231,229.6,421.1,237.6,401.7,221.5,440.8,836,0.591,9
954,33.692,1.541,-49.181,-0.9535,0.3014,-0.0099,-0.3188,-0.793,0.5191,0.1488,0.499,0.8537,25.498,0.0598,1.436,1.028,0.96521,227.8,420.5,235.4,401.0,220.1,440.3,837,0.294,9
955,31.819,2.119,-49.185,-0.9578,0.2874,0.003,-0.3016,-0.799,0.5202,0.1523,0.4983,0.8535,25.498,0.0608,0.205,1.046,0.57056,226.0,419.9,233.2,400.3,218.7,439.9,838,0.047,9
956,29.941,2.677,-49.137,-0.9581,0.283,0.0452,-0.284,-0.8052,0.5206,0.1842,0.4871,0.8537,25.498,0.0678,1.937,1.069,1.24053,224.1,419.4,230.9,399.6,217.3,439.5,839,0.416,9
957,28.063,3.226,-49.027,-0.9588,0.2769,0.0626,-0.2664,-0.8113,0.5203,0.1953,0.4832,0.8534,25.498,0.0633,0.674,1.067,0.53938,222.3,418.9,228.7,398.9,215.9,439.1,841,0.754,9
958,26.181,3.76,-48.906,-0.9618,0.2677,0.0575,-0.2491,-0.8174,0.5195,0.1863,0.4859,0.8539,25.498,0.0506,0.539,1.052,0.31977,220.5,418.3,226.4,398.2,214.4,438.7,842,0.352,9
959,24.291,4.273,-48.817,-0.9668,0.2537,0.029,-0.2323,-0.8232,0.5181,0.1554,0.4944,0.8552,25.498,0.0308,1.838,1.021,0.93962,218.6,417.8,224.2,397.6,213.0,438.4,843,0.051,9
960,22.39,4.748,-48.808,-0.9735,0.2284,-0.0133,-0.2164,-0.8286,0.5163,0.1069,0.5055,0.8562,25.498,0.0145,2.852,0.968,1.45488,216.8,417.4,222.0,397.0,211.5,438.1,844,0.422,9
961,20.477,5.169,-48.855,-0.9784,0.2034,-0.0362,-0.2015,-0.8337,0.5141,0.0744,0.5103,0.8567,25.499,0.009,1.883,0.911,1.00145,214.9,417.0,219.8,396.5,210.0,437.8,845,0.775,9
962,18.559,5.557,-48.96,-0.9779,0.1955,-0.0737,-0.1877,-0.8384,0.5117,0.0383,0.5144,0.8567,25.5,0.0181,2.082,0.847,1.12068,213.1,416.6,217.6,396.0,208.5,437.5,847,0.571,9
963,16.648,5.948,-49.153,-0.9702,0.2074,-0.1253,-0.175,-0.8427,0.5091,0.0,0.5171,0.8559,25.501,0.0688,2.201,0.783,1.5648,211.2,416.2,215.4,395.5,206.9,437.2,848,0.32,9
964,14.757,6.362,-49.457,-0.9602,0.2092,-0.185,-0.1634,-0.8467,0.5063,-0.051,0.5198,0.8528,25.503,0.1139,2.932,0.721,1.77088,209.4,415.8,213.3,395.0,205.4,436.9,849,0.116,9
965,12.887,6.774,-49.871,-0.9482,0.2141,-0.2345,-0.1528,-0.8504,0.5035,-0.0927,0.5196,0.8494,25.505,0.1553,2.397,0.663,1.49643,207.5,415.4,211.2,394.5,203.8,436.6,850,0.053,9
966,11.04,7.21,-50.361,-0.9366,0.2324,-0.2622,-0.1433,-0.8538,0.5006,-0.1096,0.5164,0.8493,25.508,0.1955,0.986,0.602,1.02838,205.7,415.0,209.2,394.0,202.2,436.3,851,0.135,9
967,9.216,7.689,-50.892,-0.9221,0.2542,-0.2917,-0.1346,-0.8568,0.4977,-0.1271,0.5131,0.8489,25.511,0.2389,1.021,0.553,1.15356,204.0,414.5,207.2,393.5,200.7,435.9,852,0.148,9
968,7.426,8.199,-51.506,-0.9062,0.266,-0.3287,-0.1268,-0.8596,0.4949,-0.1571,0.5101,0.8457,25.515,0.2764,1.737,0.501,1.22685,202.2,414.0,205.3,392.9,199.1,435.4,853,0.101,9
969,5.657,8.73,-52.164,-0.9,0.2748,-0.3382,-0.1198,-0.8622,0.4923,-0.1636,0.5062,0.8467,25.519,0.2956,0.438,0.453,0.4196,200.5,413.5,203.4,392.3,197.5,435.0,854,0.059,9
970,3.892,9.276,-52.819,-0.9016,0.2831,-0.3271,-0.1136,-0.8644,0.4898,-0.1511,0.5023,0.8514,25.523,0.3025,0.797,0.403,0.40778,198.8,413.0,201.6,391.8,196.0,434.5,855,0.205,9
971,2.117,9.84,-53.429,-0.9113,0.2925,-0.2897,-0.1082,-0.8664,0.4876,-0.1135,0.498,0.8597,25.527,0.2961,2.22,0.353,1.16242,197.1,412.4,199.7,391.2,194.4,434.0,856,0.417,9
972,0.315,10.425,-53.927,-0.9257,0.3059,-0.2225,-0.1034,-0.8681,0.4856,-0.0464,0.4919,0.8694,25.532,0.2779,3.901,0.313,2.04892,195.3,411.9,197.9,390.6,192.7,433.5,857,0.671,9
973,-1.504,11.041,-54.319,-0.9304,0.3225,-0.174,-0.0993,-0.8695,0.4839,0.005,0.4859,0.874,25.536,0.2722,2.977,0.267,1.50502,193.5,411.3,196.0,389.9,191.1,432.9,858,0.959,9
974,-3.334,11.685,-54.594,-0.9376,0.3323,-0.1025,-0.0958,-0.8706,0.4826,0.0735,0.4773,0.8757,25.54,0.2489,3.957,0.223,2.12139,191.8,410.7,194.1,389.3,189.4,432.3,858,1.003,9
975,-5.178,12.337,-54.706,-0.9427,0.3335,-0.0104,-0.0928,-0.8715,0.4815,0.155,0.4651,0.8716,25.544,0.2082,4.729,0.19,2.69886,190.0,410.0,192.3,388.6,187.6,431.7,859,0.665,10
976,-7.021,12.994,-54.629,-0.9372,0.3368,0.0907,-0.0905,-0.8721,0.4808,0.2444,0.4486,0.8597,25.547,0.1653,5.255,0.142,2.96414,188.2,409.4,190.5,388.0,185.9,431.1,860,0.257,10
977,-8.844,13.653,-54.344,-0.9205,0.3342,0.2024,-0.0886,-0.8725,0.4805,0.3393,0.427,0.8381,25.55,0.1128,5.715,0.113,3.30611,186.4,408.7,188.7,387.3,184.1,430.4,861,0.248,10
978,-10.615,14.3,-53.817,-0.8847,0.3257,0.3335,-0.0872,-0.8727,0.4804,0.448,0.3964,0.8014,25.552,0.0469,6.807,0.081,3.98726,184.7,408.1,186.9,386.7,182.4,429.8,862,0.89,10
979,-12.307,14.928,-53.054,-0.8409,0.3144,0.4404,-0.0861,-0.8727,0.4806,0.5355,0.3663,0.761,25.554,0.0097,5.787,0.064,3.39713,183.0,407.5,185.2,386.1,180.8,429.2,862,1.075,10
980,-13.9,15.528,-52.086,-0.7835,0.298,0.5453,-0.0853,-0.8725,0.4811,0.6206,0.3313,0.7107,25.555,0.0692,6.011,0.055,3.53297,181.5,406.9,183.7,385.5,179.3,428.6,863,0.234,10
981,-15.377,16.095,-50.93,-0.725,0.2807,0.6289,-0.0846,-0.8722,0.4818,0.6887,0.2982,0.6608,25.556,0.1195,5.198,0.059,3.02834,180.0,406.3,182.2,384.9,177.8,428.1,864,0.955,10
982,-16.741,16.628,-49.629,-0.6654,0.2625,0.6988,-0.0842,-0.8718,0.4826,0.746,0.266,0.6105,25.557,0.1644,4.744,0.056,2.73982,178.7,405.8,180.9,384.4,176.5,427.5,864,1.01,10
983,-17.98,17.122,-48.194,-0.5981,0.2415,0.7642,-0.0838,-0.8713,0.4836,0.8003,0.2303,0.5536,25.558,0.2093,4.95,0.068,2.81327,177.5,405.3,179.7,383.9,175.3,427.0,865,0.641,10
984,-19.091,17.576,-46.646,-0.5382,0.2224,0.813,-0.0836,-0.8707,0.4847,0.8414,0.199,0.5025,25.558,0.2454,4.164,0.073,2.32806,176.4,404.9,178.6,383.4,174.2,426.6,865,1.321,10
985,-20.097,17.996,-45.017,-0.4896,0.2068,0.8471,-0.0834,-0.87,0.4859,0.8704,0.1738,0.4607,25.558,0.2725,3.253,0.08,1.79493,175.4,404.4,177.6,383.0,173.2,426.2,866,0.948,10
986,-21.016,18.389,-43.331,-0.4501,0.194,0.8717,-0.0834,-0.8694,0.4871,0.8915,0.1533,0.4262,25.558,0.2935,2.598,0.077,1.41121,174.5,404.0,176.7,382.6,172.2,425.8,866,1.017,10
987,-21.865,18.758,-41.604,-0.417,0.1832,0.8902,-0.0833,-0.8686,0.4884,0.9076,0.1362,0.3971,25.557,0.3104,2.143,0.088,1.15286,173.6,403.7,175.8,382.2,171.4,425.4,867,2.019,10
988,-22.652,19.107,-39.844,-0.3858,0.1729,0.9062,-0.0833,-0.8679,0.4897,0.9215,0.12,0.3694,25.557,0.3258,2.004,0.085,1.06863,172.8,403.3,175.1,381.9,170.6,425.0,867,0.075,10
989,-23.379,19.436,-38.054,-0.3565,0.1633,0.9199,-0.0833,-0.8672,0.491,0.9334,0.1047,0.3432,25.556,0.3398,1.867,0.085,0.98643,172.1,403.0,174.3,381.5,169.8,424.7,867,1.903,10
990,-24.051,19.748,-36.239,-0.3296,0.1545,0.9314,-0.0833,-0.8664,0.4924,0.9435,0.0905,0.3188,25.555,0.3522,1.718,0.092,0.89323,171.4,402.6,173.7,381.2,169.2,424.4,868,2.045,10
991,-24.672,20.042,-34.404,-0.3046,0.1463,0.9412,-0.0833,-0.8656,0.4938,0.952,0.0773,0.2961,25.555,0.3635,1.581,0.092,0.82091,170.8,402.3,173.0,380.9,168.5,424.1,868,0.086,10
992,-25.244,20.32,-32.551,-0.2796,0.1377,0.9502,-0.0834,-0.8648,0.4951,0.9598,0.0639,0.2732,25.554,0.3747,1.585,0.088,0.81658,170.2,402.0,172.5,380.6,167.9,423.8,868,1.874,10
993,-25.772,20.584,-30.681,-0.2598,0.131,0.9567,-0.0834,-0.864,0.4965,0.9655,0.0533,0.2549,25.553,0.3835,1.255,0.092,0.63977,169.7,401.8,171.9,380.3,167.4,423.5,869,3.084,10
994,-26.265,20.835,-28.801,-0.2441,0.1258,0.9616,-0.0834,-0.8632,0.4979,0.9697,0.0449,0.2403,25.552,0.3905,0.995,0.092,0.50432,169.1,401.5,171.4,380.1,166.9,423.2,869,1.124,10
995,-26.73,21.077,-26.913,-0.2318,0.1219,0.9651,-0.0835,-0.8624,0.4993,0.9727,0.0383,0.2288,25.551,0.3961,0.779,0.093,0.39089,168.7,401.2,170.9,379.8,166.4,423.0,869,0.835,10
996,-27.175,21.313,-25.019,-0.2223,0.119,0.9677,-0.0836,-0.8615,0.5008,0.975,0.0332,0.2199,25.55,0.4007,0.602,0.1,0.30014,168.2,401.0,170.5,379.6,165.9,422.7,869,2.795,10
997,-27.603,21.544,-23.12,-0.2151,0.117,0.9695,-0.0836,-0.8607,0.5022,0.9766,0.0295,0.2131,25.549,0.4042,0.453,0.092,0.22468,167.7,400.7,170.0,379.3,165.4,422.4,870,3.043,10
998,-28.02,21.772,-21.219,-0.21,0.1158,0.9708,-0.0837,-0.8599,0.5036,0.9777,0.0268,0.2082,25.548,0.4069,0.327,0.093,0.15784,167.3,400.5,169.6,379.1,165.0,422.2,870,1.083,10
999,-28.427,21.998,-19.317,-0.2045,0.1144,0.9722,-0.0838,-0.859,0.5051,0.9789,0.0239,0.2031,25.547,0.4099,0.343,0.1,0.17105,166.9,400.2,169.2,378.8,164.5,421.9,870,0.875,10
1000,-28.816,22.219,-17.409,-0.1937,0.1105,0.9748,-0.0839,-0.8581,0.5065,0.9811,0.0179,0.1929,25.546,0.4152,0.69,0.095,0.34415,166.5,400.0,168.8,378.6,164.1,421.7,870,2.835,10
1001,-29.187,22.432,-15.496,-0.1852,0.1076,0.9768,-0.084,-0.8572,0.508,0.9827,0.0132,0.1848,25.545,0.4195,0.544,0.1,0.26894,166.1,399.8,168.4,378.4,163.7,421.5,871,3.666,10
1002,-29.544,22.641,-13.58,-0.1785,0.1054,0.9783,-0.0841,-0.8563,0.5095,0.9839,0.0096,0.1785,25.544,0.4232,0.421,0.1,0.21074,165.7,399.5,168.0,378.1,163.3,421.2,871,1.706,10
1003,-29.888,22.846,-11.661,-0.1733,0.1038,0.9794,-0.0842,-0.8554,0.511,0.9848,0.0067,0.1735,25.543,0.4263,0.335,0.1,0.16223,165.3,399.3,167.6,377.9,162.9,421.0,871,0.255,10
1004,-30.224,23.048,-9.74,-0.1693,0.1028,0.9802,-0.0844,-0.8545,0.5125,0.9855,0.0045,0.1698,25.542,0.4288,0.25,0.101,0.12274,164.9,399.1,167.3,377.7,162.6,420.8,871,2.215,10
1005,-30.553,23.249,-7.818,-0.1664,0.1022,0.9808,-0.0845,-0.8536,0.5141,0.986,0.0029,0.167,25.54,0.4311,0.187,0.105,0.08832,164.6,398.9,166.9,377.5,162.2,420.5,871,4.175,10
1006,-30.877,23.449,-5.896,-0.1644,0.102,0.9811,-0.0847,-0.8526,0.5156,0.9863,0.0019,0.1651,25.539,0.4328,0.124,0.104,0.0594,164.2,398.6,166.6,377.3,161.8,420.3,872,2.759,10
1007,-31.198,23.649,-3.973,-0.1633,0.1022,0.9813,-0.0848,-0.8517,0.5172,0.9865,0.0014,0.164,25.538,0.4343,0.07,0.105,0.03318,163.9,398.4,166.2,377.0,161.5,420.1,872,0.8,10
1008,-31.518,23.85,-2.049,-0.163,0.1027,0.9813,-0.085,-0.8507,0.5188,0.9865,0.0013,0.1638,25.537,0.4356,0.013,0.109,0.01704,163.5,398.2,165.9,376.8,161.1,419.9,872,1.163,10
1009,-31.837,24.052,-0.126,-0.1636,0.1036,0.9811,-0.0851,-0.8497,0.5203,0.9864,0.0018,0.1643,25.536,0.4364,0.041,0.103,0.03215,163.2,397.9,165.6,376.6,160.7,419.6,872,3.122,10
1010,-32.159,24.256,1.796,-0.1649,0.105,0.9807,-0.0853,-0.8487,0.522,0.9862,0.0027,0.1655,25.535,0.4369,0.087,0.114,0.05705,162.8,397.7,165.2,376.4,160.4,419.4,873,4.01,10
1011,-32.484,24.464,3.718,-0.1671,0.1067,0.9802,-0.0855,-0.8477,0.5236,0.9858,0.0041,0.1676,25.534,0.4371,0.146,0.109,0.08255,162.4,397.5,164.9,376.1,160.0,419.2,873,2.05,10
1012,-32.814,24.675,5.636,-0.1684,0.1081,0.9798,-0.0857,-0.8466,0.5252,0.9856,0.005,0.1689,25.532,0.4375,0.091,0.112,0.05712,162.1,397.2,164.5,375.9,159.6,418.9,873,0.092,10
1013,-33.14,24.885,7.559,-0.1642,0.1068,0.9806,-0.0859,-0.8456,0.5269,0.9863,0.0025,0.1648,25.531,0.4405,0.278,0.114,0.13054,161.7,397.0,164.2,375.7,159.2,418.7,873,1.869,10
1014,-33.458,25.094,9.481,-0.161,0.1061,0.9812,-0.0862,-0.8445,0.5286,0.9868,0.0006,0.1618,25.53,0.4429,0.205,0.117,0.0974,161.4,396.8,163.8,375.4,158.9,418.4,873,3.828,10
1015,-33.772,25.301,11.404,-0.1588,0.1057,0.9816,-0.0864,-0.8434,0.5303,0.9872,-0.0007,0.1597,25.529,0.4451,0.143,0.117,0.0664,161.0,396.5,163.5,375.2,158.5,418.2,874,3.266,10
1016,-34.081,25.508,13.329,-0.1574,0.1057,0.9819,-0.0867,-0.8423,0.532,0.9874,-0.0015,0.1585,25.528,0.447,0.083,0.117,0.04179,160.7,396.3,163.1,375.0,158.2,417.9,874,1.306,10
1017,-34.389,25.716,15.253,-0.1569,0.1061,0.9819,-0.0869,-0.8412,0.5338,0.9874,-0.0018,0.158,25.527,0.4485,0.033,0.121,0.01869,160.3,396.1,162.8,374.8,157.8,417.7,874,0.656,10
1018,-34.697,25.925,17.178,-0.1572,0.1068,0.9818,-0.0872,-0.84,0.5356,0.9874,-0.0016,0.1583,25.525,0.4498,0.02,0.125,0.02244,160.0,395.8,162.5,374.5,157.4,417.4,874,2.615,10
1019,-35.006,26.135,19.102,-0.1582,0.1079,0.9815,-0.0875,-0.8388,0.5374,0.9872,-0.001,0.1593,25.524,0.4508,0.068,0.125,0.04433,159.6,395.6,162.1,374.3,157.1,417.2,875,4.205,10
1020,-35.318,26.348,21.026,-0.1601,0.1094,0.981,-0.0879,-0.8376,0.5392,0.9869,0.0002,0.1611,25.523,0.4514,0.125,0.126,0.07224,159.3,395.3,161.8,374.1,156.7,416.9,875,2.244,10
1021,-35.634,26.564,22.947,-0.1629,0.1112,0.9804,-0.0882,-0.8363,0.5411,0.9865,0.0019,0.1637,25.522,0.4519,0.179,0.133,0.0989,158.9,395.1,161.4,373.8,156.3,416.7,875,0.285,10
1022,-35.957,26.784,24.869,-0.1666,0.1136,0.9795,-0.0886,-0.835,0.5431,0.9859,0.0042,0.1672,25.521,0.4519,0.242,0.139,0.1315,158.5,394.8,161.1,373.6,155.9,416.4,875,1.676,10
1023,-36.288,27.01,26.788,-0.1714,0.1165,0.9783,-0.089,-0.8337,0.5451,0.9851,0.0072,0.1717,25.52,0.4514,0.313,0.139,0.16765,158.2,394.6,160.7,373.4,155.5,416.1,875,3.636,10
1024,-36.629,27.241,28.702,-0.1775,0.12,0.9768,-0.0894,-0.8323,0.5471,0.9841,0.011,0.1775,25.519,0.4504,0.401,0.142,0.21037,157.8,394.3,160.4,373.1,155.1,415.9,876,2.674,10
1025,-36.985,27.481,30.616,-0.1852,0.1244,0.9748,-0.0898,-0.8308,0.5492,0.9827,0.0158,0.1847,25.518,0.4486,0.502,0.15,0.26554,157.4,394.0,160.0,372.9,154.7,415.6,876,0.713,10
1026,-37.357,27.73,32.525,-0.1949,0.1297,0.9722,-0.0903,-0.8294,0.5513,0.9808,0.022,0.1937,25.516,0.446,0.636,0.147,0.3318,157.0,393.8,159.6,372.6,154.3,415.3,876,1.248,10
1027,-37.745,27.988,34.427,-0.1999,0.1334,0.9707,-0.0908,-0.8279,0.5535,0.9798,0.0252,0.1983,25.515,0.445,0.326,0.155,0.18725,156.5,393.5,159.2,372.3,153.8,414.9,876,3.206,10
1028,-38.14,28.252,36.328,-0.2039,0.1366,0.9694,-0.0913,-0.8263,0.5558,0.979,0.0277,0.2021,25.514,0.4445,0.265,0.163,0.15453,156.1,393.2,158.7,372.1,153.4,414.6,877,2.374,10
1029,-38.545,28.524,38.227,-0.2091,0.1402,0.9678,-0.0919,-0.8247,0.5581,0.9779,0.031,0.2068,25.513,0.4437,0.335,0.164,0.19066,155.6,392.9,158.3,371.8,152.9,414.3,877,0.415,10
1030,-38.961,28.802,40.121,-0.2154,0.1442,0.9658,-0.0925,-0.823,0.5605,0.9765,0.035,0.2126,25.512,0.4426,0.412,0.172,0.22595,155.2,392.5,157.9,371.5,152.4,414.0,877,1.547,10
1031,-39.39,29.089,42.012,-0.2231,0.1487,0.9634,-0.0931,-0.8212,0.563,0.9748,0.04,0.2195,25.511,0.4411,0.498,0.18,0.26993,154.7,392.2,157.4,371.2,151.9,413.6,878,3.254,10
1032,-39.836,29.386,43.897,-0.2322,0.1537,0.9605,-0.0938,-0.8194,0.5655,0.9726,0.0458,0.2278,25.51,0.439,0.594,0.181,0.31526,154.2,391.9,156.9,370.9,151.4,413.2,878,1.294,10
1033,-40.301,29.692,45.776,-0.2428,0.1591,0.9569,-0.0946,-0.8175,0.5682,0.97,0.0528,0.2374,25.509,0.4366,0.697,0.195,0.36324,153.6,391.5,156.4,370.6,150.8,412.9,878,0.667,10
1034,-40.789,30.01,47.647,-0.2551,0.1651,0.9527,-0.0954,-0.8155,0.5709,0.9668,0.0608,0.2484,25.508,0.4336,0.801,0.198,0.41859,153.1,391.2,155.9,370.2,150.2,412.5,878,2.626,10
1035,-41.302,30.34,49.51,-0.2692,0.1716,0.9477,-0.0962,-0.8134,0.5737,0.9628,0.0701,0.2609,25.508,0.43,0.922,0.206,0.47688,152.5,390.8,155.4,369.9,149.6,412.1,879,1.459,10
1036,-41.845,30.683,51.361,-0.2842,0.1789,0.9419,-0.0972,-0.8112,0.5767,0.9584,0.0799,0.274,25.507,0.4257,0.971,0.221,0.5163,151.9,390.4,154.8,369.6,149.0,411.6,879,0.501,10
1037,-42.414,31.041,53.202,-0.2971,0.187,0.9364,-0.0982,-0.8089,0.5797,0.9544,0.0885,0.2851,25.506,0.4207,0.837,0.224,0.47354,151.3,390.0,154.2,369.2,148.3,411.2,879,2.46,10
1038,-43.01,31.415,55.031,-0.3111,0.1947,0.9302,-0.0993,-0.8065,0.5829,0.9498,0.0979,0.2972,25.505,0.4161,0.917,0.238,0.50093,150.6,389.6,153.6,368.8,147.6,410.7,880,0.974,10
1039,-43.635,31.804,56.848,-0.3265,0.2021,0.9233,-0.1005,-0.8039,0.5862,0.9444,0.1083,0.3103,25.504,0.4116,1.007,0.25,0.53876,149.9,389.2,152.9,368.4,146.9,410.2,880,0.986,10
1040,-44.291,32.207,58.65,-0.3435,0.209,0.9156,-0.1017,-0.8013,0.5896,0.9382,0.1197,0.3246,25.504,0.4073,1.106,0.255,0.58168,149.2,388.7,152.3,368.0,146.1,409.7,881,1.862,10
1041,-44.982,32.623,60.436,-0.362,0.2153,0.907,-0.1031,-0.7985,0.5931,0.931,0.1325,0.3402,25.503,0.4033,1.228,0.269,0.62432,148.5,388.2,151.6,367.6,145.3,409.2,881,0.1,10
1042,-45.712,33.051,62.204,-0.3825,0.221,0.8971,-0.1046,-0.7955,0.5968,0.9224,0.1467,0.3572,25.502,0.3996,1.361,0.286,0.68598,147.7,387.8,150.8,367.2,144.4,408.7,881,2.059,10
1043,-46.483,33.49,63.952,-0.4045,0.2283,0.8856,-0.1063,-0.7924,0.6007,0.9127,0.162,0.3752,25.502,0.3941,1.463,0.302,0.75658,146.8,387.3,150.0,366.8,143.5,408.1,882,0.267,10
1044,-47.298,33.947,65.674,-0.4272,0.2382,0.8722,-0.1081,-0.7891,0.6047,0.9021,0.1778,0.3932,25.501,0.3856,1.501,0.314,0.82326,145.9,386.8,149.2,366.4,142.6,407.5,882,1.694,10
1045,-48.158,34.422,67.369,-0.4516,0.246,0.8577,-0.11,-0.7856,0.6088,0.8898,0.1951,0.4125,25.5,0.3786,1.644,0.327,0.86062,145.0,386.2,148.3,365.9,141.6,406.9,883,0.171,10
1046,-49.069,34.91,69.035,-0.4779,0.2512,0.8417,-0.1122,-0.7819,0.6132,0.8755,0.2141,0.4332,25.5,0.3733,1.806,0.353,0.91272,144.0,385.7,147.4,365.5,140.5,406.3,884,1.629,10
1047,-50.033,35.405,70.668,-0.5066,0.2533,0.8241,-0.1145,-0.778,0.6177,0.8586,0.2352,0.4555,25.5,0.37,2.008,0.366,0.98627,142.9,385.1,146.4,365.0,139.4,405.6,884,0.332,10
1048,-51.056,35.901,72.264,-0.538,0.2541,0.8037,-0.1172,-0.7739,0.6224,0.8385,0.2587,0.4795,25.499,0.3666,2.243,0.389,1.09519,141.8,384.6,145.4,364.6,138.2,405.0,885,0.784,10
1049,-52.143,36.403,73.815,-0.5713,0.2577,0.7793,-0.1201,-0.7694,0.6274,0.8157,0.2838,0.5041,25.499,0.3593,2.4,0.42,1.21158,140.6,384.0,144.3,364.1,136.9,404.3,885,1.177,10
1050,-53.296,36.911,75.316,-0.6054,0.2608,0.752,-0.1234,-0.7646,0.6326,0.7902,0.3099,0.5287,25.498,0.351,2.522,0.447,1.28031,139.4,383.5,143.1,363.7,135.5,403.7,886,0.364,10
1051,-54.518,37.424,76.76,-0.6414,0.2633,0.7206,-0.1273,-0.7593,0.6382,0.761,0.3379,0.5538,25.498,0.3416,2.728,0.495,1.39874,138.1,382.9,141.9,363.2,134.1,403.0,887,0.187,10
1052,-55.813,37.941,78.137,-0.6825,0.2626,0.6821,-0.1318,-0.7535,0.6441,0.724,0.3706,0.5817,25.498,0.3314,3.25,0.54,1.64697,136.7,382.3,140.7,362.8,132.5,402.2,888,0.5,10
1053,-57.194,38.456,79.428,-0.7257,0.2643,0.6352,-0.1371,-0.7471,0.6505,0.6812,0.4057,0.6095,25.498,0.3152,3.55,0.601,1.86545,135.2,381.8,139.4,362.4,130.9,401.5,889,0.612,10
1054,-58.654,38.982,80.624,-0.763,0.2738,0.5855,-0.1435,-0.7398,0.6574,0.641,0.4366,0.6312,25.498,0.2918,3.16,0.682,1.83844,133.6,381.2,138.0,362.0,129.1,400.7,890,0.547,10
1055,-60.185,39.527,81.72,-0.801,0.2798,0.5292,-0.1513,-0.7315,0.6649,0.595,0.4697,0.6522,25.498,0.2684,3.463,0.781,1.99426,132.0,380.6,136.6,361.6,127.2,399.9,891,0.331,10
1056,-61.786,40.083,82.702,-0.8308,0.289,0.4756,-0.1609,-0.7219,0.673,0.5548,0.4978,0.6666,25.498,0.2451,2.929,0.906,1.81357,130.2,380.0,135.1,361.3,125.2,399.1,892,0.017,10
1057,-63.432,40.667,83.592,-0.8463,0.3083,0.4344,-0.1728,-0.7108,0.6818,0.5324,0.515,0.6718,25.498,0.2233,1.645,1.06,1.40544,128.5,379.4,133.7,361.0,123.1,398.1,893,0.477,10
1058,-65.101,41.301,84.399,-0.8583,0.3356,0.3882,-0.1873,-0.698,0.6912,0.5127,0.5307,0.6748,25.498,0.1948,1.454,1.232,1.60798,126.7,378.7,132.3,360.6,120.9,397.1,895,0.282,10
1059,-66.8,41.964,85.116,-0.8764,0.3367,0.3443,-0.2037,-0.6839,0.7006,0.48,0.5539,0.6803,25.499,0.1895,2.319,1.351,1.38888,124.9,378.0,131.0,360.3,118.6,396.0,896,0.423,10
1060,-68.54,42.603,85.751,-0.8994,0.3147,0.3034,-0.2215,-0.6693,0.7092,0.4354,0.5829,0.6861,25.499,0.2038,3.066,1.408,1.51539,123.0,377.3,129.7,360.0,116.3,394.9,898,0.01,10
1061,-70.317,43.22,86.3,-0.9145,0.3111,0.2587,-0.2398,-0.6549,0.7166,0.4005,0.6057,0.6876,25.499,0.2009,2.39,1.4,1.38363,121.1,376.6,128.3,359.7,113.9,393.8,900,0.399,10
1062,-72.126,43.81,86.771,-0.9315,0.2873,0.2232,-0.2579,-0.6413,0.7226,0.3593,0.6306,0.6879,25.5,0.2173,2.759,1.342,1.34488,119.2,376.0,126.9,359.5,111.4,392.8,901,0.364,10
1063,-73.969,44.334,87.181,-0.9493,0.2454,0.1966,-0.275,-0.629,0.7271,0.312,0.657,0.6863,25.5,0.2496,3.105,1.234,1.54178,117.3,375.4,125.4,359.2,109.0,391.9,903,0.193,10
1064,-75.842,44.78,87.545,-0.9619,0.2118,0.1728,-0.2906,-0.6185,0.7301,0.272,0.6782,0.6827,25.5,0.2747,2.602,1.091,1.259,115.3,374.9,123.8,359.0,106.5,391.2,904,0.442,10
1065,-77.739,45.168,87.85,-0.9732,0.1848,0.137,-0.3046,-0.6097,0.7318,0.2281,0.6992,0.6775,25.5,0.284,2.804,0.952,1.35212,113.3,374.5,122.2,358.9,104.1,390.5,906,0.393,10
1066,-79.656,45.508,88.074,-0.9826,0.1631,0.0892,-0.317,-0.6027,0.7323,0.1803,0.7197,0.6704,25.5,0.2785,3.008,0.816,1.55934,111.2,374.1,120.6,358.7,101.7,390.0,907,0.092,10
1067,-81.588,45.805,88.205,-0.9892,0.139,0.0476,-0.328,-0.5974,0.7318,0.1354,0.7369,0.6623,25.5,0.2763,2.794,0.7,1.41899,109.2,373.8,118.8,358.5,99.4,389.5,908,0.519,10
1068,-83.531,46.055,88.26,-0.9931,0.117,0.0076,-0.3377,-0.5937,0.7304,0.0934,0.751,0.6536,25.5,0.2715,2.587,0.6,1.33956,107.2,373.6,117.1,358.3,97.0,389.1,910,0.772,10
1069,-85.48,46.265,88.232,-0.9946,0.0976,-0.0366,-0.3462,-0.5914,0.7283,0.0512,0.7632,0.6441,25.5,0.26,2.575,0.519,1.41208,105.1,373.3,115.3,358.2,94.7,388.8,911,0.536,11
1070,-87.428,46.439,88.112,-0.9932,0.0791,-0.0852,-0.3538,-0.5904,0.7254,0.0073,0.7738,0.6334,25.5,0.2429,2.659,0.47,1.52118,103.1,373.2,113.4,358.0,92.5,388.6,912,0.364,11
1071,-89.372,46.574,87.902,-0.9898,0.0591,-0.1293,-0.3606,-0.5906,0.7219,-0.0346,0.7819,0.6224,25.5,0.2287,2.525,0.438,1.41941,101.0,373.0,111.6,357.9,90.2,388.5,913,0.253,11
1072,-91.306,46.67,87.605,-0.9839,0.0395,-0.1741,-0.3667,-0.5917,0.7179,-0.0764,0.7882,0.6106,25.5,0.2124,2.515,0.423,1.44021,99.0,372.9,109.8,357.8,88.0,388.4,914,0.203,11
1073,-93.226,46.729,87.218,-0.9751,0.0197,-0.221,-0.3721,-0.5937,0.7135,-0.1194,0.7929,0.5975,25.5,0.1935,2.59,0.415,1.51065,97.0,372.9,107.9,357.7,85.9,388.4,915,0.215,11
1074,-95.126,46.748,86.737,-0.963,-0.0004,-0.2694,-0.3771,-0.5963,0.7086,-0.1634,0.796,0.5829,25.5,0.1725,2.662,0.428,1.57289,95.1,372.9,106.1,357.6,83.8,388.5,916,0.291,11
1075,-97.0,46.727,86.164,-0.9488,-0.0207,-0.3153,-0.3817,-0.5995,0.7035,-0.206,0.7971,0.5676,25.5,0.1528,2.594,0.434,1.52515,93.1,372.9,104.3,357.5,81.7,388.6,917,0.433,11
1076,-98.844,46.666,85.503,-0.9326,-0.0416,-0.3585,-0.3858,-0.6033,0.698,-0.2476,0.7965,0.5516,25.5,0.1347,2.554,0.449,1.48105,91.2,373.0,102.5,357.5,79.7,388.8,918,0.645,11
1077,-100.654,46.564,84.76,-0.9144,-0.0626,-0.3999,-0.3894,-0.6075,0.6924,-0.2882,0.7943,0.5348,25.5,0.1172,2.521,0.451,1.45801,89.4,373.1,100.8,357.5,77.7,389.1,919,0.93,11
1078,-102.426,46.423,83.934,-0.8935,-0.0815,-0.4416,-0.3927,-0.612,0.6865,-0.3278,0.7905,0.5173,25.5,0.0976,2.49,0.465,1.47165,87.6,373.3,99.0,357.6,75.8,389.3,919,1.03,11
1079,-104.156,46.243,83.032,-0.8717,-0.1025,-0.4791,-0.3955,-0.617,0.6804,-0.3666,0.7852,0.499,25.5,0.082,2.477,0.48,1.40915,85.8,373.5,97.4,357.7,74.0,389.7,920,0.674,11
1080,-105.842,46.019,82.058,-0.8488,-0.1261,-0.5134,-0.3979,-0.6224,0.674,-0.4055,0.7784,0.4793,25.5,0.0702,2.529,0.499,1.38942,84.1,373.8,95.7,357.8,72.2,390.1,921,0.248,11
1081,-107.482,45.748,81.02,-0.8236,-0.1492,-0.5472,-0.3999,-0.6281,0.6675,-0.444,0.7699,0.4584,25.5,0.0578,2.557,0.508,1.40575,82.5,374.1,94.1,358.0,70.5,390.6,922,0.25,11
1082,-109.07,45.435,79.915,-0.7969,-0.1709,-0.5795,-0.4016,-0.6341,0.6608,-0.4808,0.7601,0.4371,25.5,0.0455,2.5,0.524,1.37985,80.9,374.5,92.6,358.2,68.9,391.1,923,0.819,11
1083,-110.605,45.078,78.75,-0.7694,-0.1939,-0.6086,-0.4028,-0.6403,0.654,-0.5169,0.7488,0.4149,25.5,0.036,2.513,0.532,1.35012,79.3,374.9,91.1,358.4,67.4,391.6,923,1.142,11
1084,-112.085,44.674,77.531,-0.7409,-0.2184,-0.6351,-0.4036,-0.6468,0.6471,-0.5523,0.7361,0.3913,25.5,0.0293,2.544,0.545,1.34459,77.9,375.3,89.6,358.7,65.9,392.3,924,0.498,11
1085,-113.508,44.224,76.261,-0.7109,-0.2403,-0.661,-0.404,-0.6533,0.6403,-0.5858,0.7223,0.3674,25.5,0.021,2.487,0.539,1.32404,76.5,375.8,88.2,359.0,64.5,392.9,925,0.226,11
1086,-114.87,43.732,74.942,-0.6794,-0.2625,-0.6852,-0.4039,-0.6599,0.6336,-0.6185,0.7073,0.3423,25.5,0.0135,2.514,0.539,1.33058,75.1,376.4,86.9,359.4,63.2,393.7,926,1.033,11
1087,-116.171,43.196,73.578,-0.6486,-0.2844,-0.706,-0.4034,-0.6664,0.627,-0.6488,0.6915,0.3176,25.5,0.0085,2.416,0.532,1.26141,73.9,377.0,85.6,359.8,61.9,394.4,926,0.927,11
1088,-117.414,42.618,72.177,-0.6199,-0.3045,-0.7232,-0.4024,-0.6728,0.6208,-0.6756,0.6759,0.2946,25.5,0.0054,2.212,0.514,1.14122,72.7,377.6,84.4,360.3,60.8,395.2,927,0.03,11
1089,-118.601,42.004,70.743,-0.5912,-0.3219,-0.7395,-0.401,-0.679,0.6149,-0.7,0.6601,0.2724,25.5,0.0009,2.096,0.497,1.09082,71.5,378.3,83.2,360.8,59.7,396.1,928,0.955,11
1090,-119.733,41.358,69.28,-0.5651,-0.3378,-0.7527,-0.3991,-0.685,0.6095,-0.7215,0.6448,0.2523,25.5,0.0018,1.901,0.475,0.97338,70.5,379.0,82.1,361.4,58.7,396.9,928,1.004,11
1091,-120.817,40.681,67.794,-0.5415,-0.3523,-0.7633,-0.3968,-0.6908,0.6044,-0.7402,0.6302,0.2343,25.5,0.0031,1.706,0.462,0.86712,69.5,379.7,81.0,362.0,57.7,397.8,929,0.064,11
1092,-121.858,39.978,66.29,-0.5205,-0.3655,-0.7717,-0.3941,-0.6964,0.5998,-0.7566,0.6163,0.2184,25.5,0.0032,1.532,0.443,0.76561,68.5,380.5,79.9,362.6,56.8,398.7,930,1.209,11
1093,-122.858,39.249,64.77,-0.5001,-0.3775,-0.7793,-0.391,-0.7017,0.5955,-0.7717,0.6026,0.2034,25.5,0.0036,1.45,0.429,0.72686,67.6,381.3,78.9,363.2,56.0,399.7,930,0.75,11
1094,-123.818,38.499,63.235,-0.48,-0.3881,-0.7867,-0.3876,-0.7069,0.5917,-0.7858,0.589,0.1889,25.5,0.0051,1.396,0.417,0.6987,66.7,382.1,77.9,363.9,55.2,400.6,931,0.463,11
1095,-124.742,37.729,61.688,-0.4624,-0.3978,-0.7925,-0.3837,-0.7118,0.5883,-0.7981,0.5761,0.1765,25.5,0.0057,1.244,0.408,0.61146,65.8,382.9,77.0,364.6,54.5,401.6,931,1.497,11
1096,-125.632,36.94,60.13,-0.4468,-0.4067,-0.7969,-0.3795,-0.7165,0.5853,-0.809,0.5639,0.1658,25.5,0.0055,1.12,0.4,0.54058,65.0,383.8,76.1,365.4,53.8,402.5,932,0.227,11
1097,-126.494,36.135,58.565,-0.4329,-0.4151,-0.8002,-0.375,-0.721,0.5826,-0.8188,0.5523,0.1564,25.5,0.0046,1.023,0.396,0.48447,64.3,384.6,75.2,366.1,53.2,403.5,933,1.091,11
1098,-127.33,35.313,56.994,-0.4204,-0.4232,-0.8026,-0.3702,-0.7254,0.5803,-0.8278,0.5411,0.1482,25.5,0.0031,0.948,0.396,0.44104,63.5,385.5,74.3,366.9,52.5,404.5,933,0.869,11
1099,-128.142,34.476,55.419,-0.408,-0.4311,-0.8048,-0.3652,-0.7295,0.5784,-0.8364,0.5298,0.1402,25.5,0.002,0.934,0.386,0.43469,62.8,386.4,73.4,367.7,52.0,405.5,934,0.484,11
1100,-128.926,33.623,53.838,-0.3922,-0.4391,-0.8083,-0.3599,-0.7335,0.5767,-0.8461,0.517,0.1296,25.5,0.0029,1.103,0.393,0.52776,62.1,387.3,72.6,368.5,51.4,406.5,934,1.476,11
1101,-129.681,32.756,52.251,-0.3789,-0.4461,-0.8108,-0.3543,-0.7372,0.5753,-0.8544,0.5053,0.1213,25.5,0.0033,0.95,0.393,0.44539,61.4,388.3,71.8,369.3,50.9,407.5,935,0.102,11
1102,-130.413,31.875,50.66,-0.368,-0.4522,-0.8125,-0.3486,-0.7408,0.5742,-0.8615,0.4945,0.115,25.5,0.0033,0.824,0.391,0.36851,60.8,389.2,71.0,370.2,50.5,408.5,936,1.273,11
1103,-131.125,30.984,49.067,-0.3592,-0.4575,-0.8134,-0.3426,-0.7442,0.5734,-0.8677,0.4846,0.1106,25.5,0.0029,0.715,0.398,0.30146,60.2,390.1,70.2,371.1,50.0,409.6,936,0.687,11
1104,-131.822,30.082,47.472,-0.3525,-0.4622,-0.8137,-0.3365,-0.7474,0.5728,-0.873,0.4757,0.1079,25.5,0.002,0.613,0.396,0.23943,59.6,391.1,69.5,371.9,49.6,410.6,937,0.661,11
1105,-132.508,29.172,45.878,-0.3475,-0.4662,-0.8135,-0.3302,-0.7505,0.5725,-0.8775,0.4676,0.1069,25.5,0.0011,0.534,0.403,0.18728,59.0,392.1,68.7,372.8,49.2,411.6,937,1.299,11
1106,-133.185,28.255,44.284,-0.3443,-0.4698,-0.8129,-0.3237,-0.7533,0.5725,-0.8813,0.4602,0.1073,25.5,0.0,0.477,0.406,0.14188,58.5,393.0,68.0,373.7,48.8,412.6,938,0.017,11
1107,-133.857,27.331,42.692,-0.3402,-0.4733,-0.8126,-0.3171,-0.7559,0.5727,-0.8853,0.4525,0.107,25.5,0.0003,0.497,0.407,0.15789,57.9,394.0,67.2,374.7,48.4,413.7,939,1.21,11
1108,-134.514,26.399,41.098,-0.3307,-0.4779,-0.8138,-0.3104,-0.7584,0.5731,-0.8911,0.4422,0.1025,25.5,0.0013,0.725,0.41,0.31049,57.3,395.0,66.5,375.6,48.0,414.7,939,0.75,11
1109,-135.155,25.459,39.502,-0.3235,-0.4818,-0.8144,-0.3036,-0.7607,0.5737,-0.8959,0.4328,0.0998,25.5,0.0025,0.624,0.413,0.24005,56.8,396.0,65.8,376.5,47.7,415.8,940,0.356,11
1110,-135.784,24.511,37.906,-0.3182,-0.4852,-0.8145,-0.2965,-0.7629,0.5745,-0.9001,0.4243,0.0988,25.5,0.0034,0.546,0.428,0.18406,56.3,397.0,65.1,377.5,47.3,416.8,941,1.324,11
1111,-136.404,23.557,36.31,-0.3145,-0.4882,-0.8141,-0.2894,-0.7649,0.5755,-0.9037,0.4166,0.0993,25.5,0.0041,0.488,0.426,0.13976,55.8,398.0,64.4,378.4,47.0,417.8,941,0.635,11
1112,-137.018,22.597,34.715,-0.3124,-0.4909,-0.8132,-0.282,-0.7669,0.5765,-0.9067,0.4094,0.1012,25.5,0.0042,0.46,0.443,0.10337,55.3,399.0,63.7,379.4,46.7,418.9,942,0.17,11
1113,-137.629,21.632,33.122,-0.3118,-0.4934,-0.812,-0.2744,-0.7688,0.5776,-0.9093,0.4029,0.1043,25.5,0.0041,0.439,0.453,0.08292,54.8,400.0,63.0,380.3,46.4,419.9,943,0.781,11
1114,-138.241,20.663,31.532,-0.3126,-0.4955,-0.8104,-0.2666,-0.7707,0.5788,-0.9114,0.397,0.1088,25.5,0.0038,0.442,0.465,0.08064,54.3,401.0,62.3,381.3,46.1,421.0,943,1.179,11
1115,-138.855,19.69,29.946,-0.3148,-0.4975,-0.8083,-0.2585,-0.7726,0.5799,-0.913,0.3915,0.1146,25.5,0.003,0.467,0.481,0.10641,53.8,402.0,61.6,382.3,45.8,422.0,944,0.768,11
1116,-139.476,18.713,28.364,-0.3186,-0.4992,-0.8058,-0.2502,-0.7745,0.581,-0.9141,0.3867,0.1218,25.5,0.0018,0.5,0.492,0.14194,53.3,403.0,60.9,383.2,45.6,423.1,945,0.547,11
1117,-140.105,17.733,26.788,-0.3234,-0.5012,-0.8026,-0.2416,-0.7764,0.5821,-0.9149,0.3821,0.13,25.5,0.0001,0.541,0.509,0.17851,52.8,404.0,60.2,384.2,45.3,424.1,946,0.505,11
1118,-140.742,16.748,25.218,-0.327,-0.5039,-0.7995,-0.2327,-0.7784,0.5831,-0.9161,0.3767,0.1373,25.5,0.0021,0.525,0.526,0.15976,52.3,405.0,59.4,385.2,45.0,425.2,947,0.629,11
1119,-141.386,15.758,23.654,-0.3295,-0.5065,-0.7968,-0.2236,-0.7804,0.5839,-0.9176,0.3706,0.1438,25.5,0.0037,0.518,0.536,0.13171,51.7,406.0,58.7,386.2,44.7,426.2,949,0.626,11
1120,-142.033,14.763,22.094,-0.3307,-0.5089,-0.7948,-0.2146,-0.7824,0.5847,-0.9194,0.3639,0.1496,25.5,0.0044,0.518,0.53,0.09784,51.2,407.1,57.9,387.1,44.4,427.3,950,0.077,11
1121,-142.682,13.764,20.538,-0.3308,-0.511,-0.7934,-0.2055,-0.7843,0.5853,-0.9214,0.3567,0.1544,25.5,0.0044,0.509,0.534,0.07384,50.7,408.1,57.1,388.1,44.1,428.4,952,0.572,11
1122,-143.329,12.761,18.984,-0.3296,-0.5129,-0.7926,-0.1967,-0.7863,0.5858,-0.9237,0.349,0.1583,25.5,0.0038,0.512,0.518,0.06972,50.1,409.1,56.4,389.1,43.8,429.4,953,0.264,11
1123,-143.973,11.754,17.431,-0.3273,-0.5146,-0.7925,-0.1881,-0.7881,0.5861,-0.9262,0.3409,0.1612,25.5,0.0026,0.513,0.504,0.08365,49.6,410.1,55.6,390.1,43.5,430.5,955,0.095,11
1124,-144.611,10.744,15.878,-0.324,-0.5161,-0.7929,-0.1799,-0.7899,0.5863,-0.9289,0.3326,0.163,25.5,0.0011,0.511,0.481,0.10663,49.1,411.2,54.9,391.1,43.2,431.6,956,0.605,11
1125,-145.242,9.731,14.323,-0.3195,-0.5172,-0.7939,-0.1723,-0.7915,0.5863,-0.9317,0.3241,0.1638,25.5,0.001,0.515,0.445,0.13854,48.6,412.2,54.2,392.1,42.9,432.6,958,0.471,11
1126,-145.863,8.716,12.765,-0.3142,-0.5182,-0.7955,-0.1652,-0.7931,0.5862,-0.9347,0.3156,0.1636,25.5,0.0034,0.517,0.417,0.16441,48.1,413.2,53.5,393.1,42.6,433.7,959,0.371,11
1127,-146.473,7.7,11.205,-0.3087,-0.5189,-0.7972,-0.1589,-0.7946,0.586,-0.9375,0.3076,0.1629,25.5,0.0058,0.487,0.371,0.1696,47.6,414.3,52.9,394.1,42.3,434.7,960,0.555,11
1128,-147.079,6.683,9.643,-0.3097,-0.5194,-0.7964,-0.1535,-0.796,0.5856,-0.9381,0.3036,0.1668,25.5,0.0054,0.322,0.32,0.04014,47.1,415.3,52.3,395.1,41.9,435.8,961,1.006,11
1129,-147.686,5.664,8.083,-0.3095,-0.5202,-0.796,-0.1487,-0.7972,0.5851,-0.9389,0.2995,0.1694,25.5,0.005,0.282,0.285,0.02677,46.6,416.3,51.7,396.1,41.6,436.9,961,0.955,11
1130,-148.292,4.644,6.523,-0.3083,-0.5211,-0.7959,-0.1447,-0.7984,0.5845,-0.94,0.2953,0.1707,25.5,0.0045,0.26,0.242,0.04394,46.2,417.3,51.1,397.1,41.2,437.9,962,0.269,11
1131,-148.894,3.621,4.963,-0.306,-0.5221,-0.7961,-0.1413,-0.7995,0.5838,-0.9413,0.2911,0.1708,25.5,0.0041,0.252,0.209,0.07354,45.7,418.4,50.5,398.1,40.8,439.0,963,0.632,11
1132,-149.49,2.597,3.402,-0.3027,-0.5234,-0.7965,-0.1385,-0.8006,0.583,-0.9428,0.2868,0.1698,25.5,0.0034,0.267,0.178,0.10434,45.2,419.4,50.0,399.1,40.4,440.0,963,1.33,11
1133,-150.08,1.57,1.84,-0.2984,-0.5248,-0.7972,-0.1362,-0.8015,0.5823,-0.9446,0.2823,0.1677,25.5,0.0029,0.303,0.147,0.13376,44.8,420.4,49.4,400.2,40.0,441.0,964,0.256,11
1134,-150.66,0.54,0.276,-0.2929,-0.5264,-0.7982,-0.1343,-0.8024,0.5815,-0.9466,0.2775,0.1644,25.5,0.0024,0.353,0.129,0.16997,44.3,421.5,48.9,401.2,39.6,442.1,965,0.969,11
1135,-151.227,-0.494,-1.289,-0.2862,-0.5282,-0.7994,-0.1327,-0.8033,0.5807,-0.9489,0.2723,0.1598,25.5,0.0019,0.419,0.115,0.20582,43.9,422.5,48.5,402.2,39.2,443.1,965,0.991,11
1136,-151.78,-1.531,-2.858,-0.2779,-0.5303,-0.801,-0.1314,-0.804,0.5799,-0.9515,0.2664,0.1538,25.5,0.0016,0.505,0.096,0.2546,43.5,423.5,48.0,403.2,38.8,444.2,966,0.351,11
1137,-152.316,-2.573,-4.429,-0.2679,-0.5327,-0.8028,-0.1304,-0.8047,0.5791,-0.9545,0.2598,0.1461,25.5,0.0013,0.606,0.084,0.30516,43.1,424.6,47.6,404.2,38.5,445.2,966,1.609,11
1138,-152.829,-3.62,-6.005,-0.2555,-0.5354,-0.805,-0.1294,-0.8054,0.5784,-0.9581,0.252,0.1365,25.5,0.0013,0.738,0.081,0.37644,42.7,425.6,47.2,405.3,38.1,446.3,967,0.178,11
1139,-153.316,-4.672,-7.584,-0.2424,-0.5381,-0.8073,-0.1286,-0.806,0.5778,-0.9616,0.2438,0.1261,25.5,0.0016,0.785,0.067,0.39702,42.3,426.7,46.8,406.3,37.8,447.3,968,1.317,11
1140,-153.784,-5.728,-9.168,-0.235,-0.5396,-0.8085,-0.1278,-0.8065,0.5772,-0.9635,0.2389,0.1206,25.5,0.0014,0.436,0.064,0.22351,42.0,427.7,46.4,407.4,37.5,448.4,968,0.643,11
1141,-154.236,-6.787,-10.754,-0.2264,-0.5414,-0.8097,-0.1271,-0.807,0.5767,-0.9657,0.2334,0.1139,25.5,0.0013,0.512,0.057,0.25921,41.7,428.7,46.1,408.4,37.2,449.4,969,0.89,11
1142,-154.67,-7.85,-12.342,-0.2163,-0.5435,-0.811,-0.1264,-0.8074,0.5763,-0.9681,0.2272,0.1059,25.5,0.0012,0.596,0.052,0.30397,41.4,429.8,45.8,409.4,36.9,450.5,969,1.072,11
1143,-155.083,-8.918,-13.932,-0.2046,-0.5461,-0.8124,-0.126,-0.8077,0.576,-0.9707,0.2202,0.0965,25.5,0.0011,0.688,0.033,0.35281,41.1,430.8,45.5,410.5,36.6,451.5,970,0.484,11
1144,-155.471,-9.991,-15.526,-0.1908,-0.5491,-0.8137,-0.1258,-0.8079,0.5757,-0.9735,0.2122,0.0851,25.5,0.0008,0.814,0.024,0.4145,40.9,431.9,45.3,411.6,36.4,452.6,970,1.48,11
1145,-155.829,-11.071,-17.122,-0.1744,-0.5526,-0.815,-0.1258,-0.808,0.5756,-0.9766,0.2029,0.0714,25.5,0.0007,0.965,0.008,0.49165,40.6,433.0,45.0,412.6,36.2,453.6,971,0.086,11
1146,-156.152,-12.158,-18.721,-0.1548,-0.5568,-0.8161,-0.1261,-0.808,0.5755,-0.9799,0.192,0.0549,25.5,0.0003,1.149,0.018,0.58695,40.5,434.0,44.9,413.7,36.0,454.7,972,1.623,11
1147,-156.433,-13.253,-20.321,-0.1309,-0.5616,-0.817,-0.1268,-0.8079,0.5755,-0.9833,0.1789,0.0346,25.5,0.0001,1.398,0.041,0.71317,40.3,435.1,44.7,414.8,35.8,455.7,972,0.338,11
1148,-156.662,-14.359,-21.923,-0.1036,-0.5664,-0.8176,-0.1279,-0.8077,0.5756,-0.9864,0.1642,0.0113,25.5,0.0001,1.588,0.064,0.81065,40.2,436.2,44.7,415.9,35.7,456.8,973,1.185,11
1149,-156.839,-15.473,-23.525,-0.0759,-0.5705,-0.8178,-0.1294,-0.8073,0.5758,-0.9887,0.1495,-0.0126,25.5,0.0005,1.613,0.09,0.81873,40.2,437.3,44.7,417.0,35.6,457.9,973,0.775,11
1150,-156.958,-16.595,-25.127,-0.0458,-0.5748,-0.817,-0.1314,-0.8067,0.5761,-0.9903,0.1337,-0.0385,25.5,0.001,1.741,0.121,0.88945,40.2,438.4,44.7,418.1,35.6,459.0,974,0.715,11
1151,-157.017,-17.726,-26.727,-0.0139,-0.5792,-0.8151,-0.1338,-0.806,0.5766,-0.9909,0.1171,-0.0663,25.5,0.0013,1.856,0.146,0.94304,40.3,439.5,44.9,419.2,35.6,460.0,974,1.246,11
1152,-157.012,-18.865,-28.321,0.0191,-0.5835,-0.8119,-0.1368,-0.8051,0.5771,-0.9904,0.1001,-0.0953,25.5,0.0014,1.926,0.182,0.97753,40.4,440.6,45.1,420.4,35.7,461.1,975,0.205,11
1153,-156.942,-20.013,-29.908,0.0522,-0.5877,-0.8074,-0.1404,-0.804,0.5778,-0.9887,0.0832,-0.1245,25.5,0.0013,1.936,0.219,0.98432,40.6,441.7,45.4,421.5,35.8,462.2,976,1.608,11
1154,-156.801,-21.167,-31.486,0.0927,-0.5895,-0.8025,-0.1445,-0.8027,0.5786,-0.9852,0.0623,-0.1596,25.5,0.0045,2.349,0.251,1.19394,40.9,442.8,45.7,422.7,36.0,463.3,976,0.353,11
1155,-156.578,-22.324,-33.052,0.1354,-0.592,-0.7945,-0.1493,-0.8011,0.5796,-0.9796,0.0402,-0.1968,25.5,0.0065,2.5,0.296,1.27225,41.2,443.9,46.2,423.8,36.2,464.3,977,1.015,11
1156,-156.271,-23.488,-34.598,0.1775,-0.5958,-0.7833,-0.1547,-0.7993,0.5807,-0.9721,0.0181,-0.2341,25.5,0.0061,2.521,0.332,1.27866,41.7,445.0,46.7,425.0,36.5,465.4,977,0.945,11
1157,-155.883,-24.66,-36.12,0.2173,-0.6011,-0.7691,-0.1607,-0.7972,0.5819,-0.9629,-0.0029,-0.2699,25.5,0.0033,2.436,0.371,1.24526,42.2,446.2,47.4,426.2,36.9,466.5,978,0.39,11
1158,-155.416,-25.842,-37.612,0.2617,-0.6033,-0.7534,-0.1674,-0.7948,0.5834,-0.9507,-0.0265,-0.309,25.5,0.0038,2.709,0.417,1.37846,42.8,447.3,48.1,427.4,37.3,467.5,978,1.571,11
1159,-154.859,-27.025,-39.071,0.3059,-0.6046,-0.7354,-0.1748,-0.792,0.585,-0.9362,-0.0504,-0.348,25.5,0.0048,2.749,0.462,1.39598,43.4,448.5,49.0,428.6,37.8,468.6,979,0.262,11
1160,-154.22,-28.213,-40.493,0.3462,-0.6075,-0.7149,-0.1828,-0.7889,0.5867,-0.9204,-0.0724,-0.3841,25.5,0.0035,2.586,0.501,1.32483,44.2,449.6,49.9,429.9,38.3,469.7,980,1.029,11
1161,-153.505,-29.408,-41.872,0.3824,-0.6124,-0.6919,-0.1914,-0.7854,0.5886,-0.9039,-0.0927,-0.4176,25.5,0.0005,2.436,0.543,1.26218,45.0,450.7,50.9,431.1,38.9,470.7,980,0.933,11
1162,-152.715,-30.609,-43.204,0.4236,-0.6127,-0.6672,-0.2006,-0.7816,0.5907,-0.8834,-0.1164,-0.4539,25.5,0.0002,2.748,0.583,1.40466,45.9,451.9,52.0,432.3,39.6,471.8,981,0.35,11
1163,-151.846,-31.81,-44.485,0.4627,-0.6136,-0.6398,-0.2103,-0.7773,0.5929,-0.8611,-0.1398,-0.4888,25.5,0.0003,2.726,0.621,1.39635,46.8,453.0,53.2,433.6,40.3,472.8,981,1.612,11
1164,-150.903,-33.015,-45.71,0.4992,-0.6159,-0.6095,-0.2206,-0.7726,0.5953,-0.8376,-0.1627,-0.5215,25.5,0.0029,2.654,0.663,1.38872,47.8,454.2,54.5,434.9,41.1,473.8,982,0.332,11
1165,-149.891,-34.225,-46.872,0.5354,-0.6174,-0.5764,-0.2314,-0.7674,0.5979,-0.8115,-0.1867,-0.5537,25.5,0.0053,2.745,0.703,1.43491,48.9,455.4,55.8,436.2,41.9,474.9,983,0.966,11
1166,-148.805,-35.433,-47.968,0.5718,-0.6161,-0.5417,-0.2426,-0.7618,0.6007,-0.7828,-0.2121,-0.585,25.5,0.0052,2.835,0.735,1.47099,50.1,456.5,57.2,437.5,42.8,475.9,983,0.996,11
1167,-147.652,-36.64,-48.995,0.604,-0.6157,-0.506,-0.2541,-0.7557,0.6036,-0.7541,-0.236,-0.6129,25.5,0.0064,2.671,0.764,1.40584,51.3,457.7,58.7,438.8,43.7,476.9,984,0.328,11
1168,-146.44,-37.847,-49.952,0.6321,-0.6162,-0.4699,-0.2659,-0.7491,0.6068,-0.7259,-0.2586,-0.6374,25.5,0.0084,2.502,0.796,1.33774,52.5,458.8,60.2,440.1,44.7,477.9,984,1.635,11
1169,-145.172,-39.052,-50.835,0.6616,-0.6128,-0.4322,-0.278,-0.742,0.61,-0.6945,-0.2835,-0.6613,25.5,0.0071,2.674,0.824,1.40318,53.8,460.0,61.8,441.4,45.7,478.9,985,0.28,11
1170,-143.85,-40.25,-51.646,0.6865,-0.6101,-0.3956,-0.2904,-0.7344,0.6134,-0.6648,-0.3063,-0.6813,25.5,0.006,2.432,0.856,1.29676,55.2,461.1,63.5,442.7,46.7,479.8,986,1.105,11
1171,-142.484,-41.444,-52.386,0.7074,-0.6084,-0.3597,-0.303,-0.7263,0.617,-0.6367,-0.3274,-0.6982,25.5,0.0056,2.234,0.883,1.2156,56.5,462.3,65.2,444.1,47.8,480.8,986,0.856,11
1172,-141.078,-42.634,-53.056,0.7279,-0.6048,-0.3231,-0.316,-0.7176,0.6206,-0.6072,-0.3497,-0.7135,25.5,0.0035,2.293,0.92,1.23111,58.0,463.4,66.9,445.4,48.9,481.7,987,0.543,11
1173,-139.632,-43.814,-53.653,0.7464,-0.6005,-0.2869,-0.3294,-0.7083,0.6244,-0.5781,-0.3716,-0.7264,25.5,0.0003,2.214,0.96,1.19526,59.4,464.5,68.7,446.8,50.0,482.6,987,1.418,11
1174,-138.154,-44.988,-54.18,0.7619,-0.5972,-0.2507,-0.3431,-0.6983,0.6282,-0.5502,-0.3926,-0.737,25.5,0.0019,2.091,0.996,1.15537,60.9,465.7,70.5,448.2,51.1,483.5,988,0.036,11
1175,-136.647,-46.156,-54.635,0.7755,-0.5944,-0.2129,-0.3573,-0.6877,0.632,-0.5221,-0.4141,-0.7456,25.5,0.0029,2.086,1.038,1.17742,62.4,466.8,72.3,449.5,52.3,484.4,989,1.36,11
1176,-135.113,-47.315,-55.014,0.7896,-0.5883,-0.1742,-0.3719,-0.6763,0.6359,-0.4919,-0.4373,-0.7528,25.5,0.0066,2.221,1.085,1.21748,63.9,467.9,74.2,450.9,53.5,485.2,989,0.602,11
1177,-133.554,-48.463,-55.318,0.8009,-0.5833,-0.1351,-0.3869,-0.6642,0.6397,-0.4629,-0.4601,-0.7577,25.5,0.0089,2.132,1.125,1.19899,65.4,469.0,76.0,452.3,54.6,486.0,990,0.745,11
1178,-131.975,-49.602,-55.542,0.8097,-0.5793,-0.094,-0.4023,-0.6514,0.6433,-0.4339,-0.4831,-0.7605,25.5,0.0089,2.127,1.166,1.23449,67.0,470.1,78.0,453.7,55.8,486.8,990,1.216,11
1179,-130.381,-50.732,-55.684,0.818,-0.5731,-0.05,-0.4181,-0.6378,0.6468,-0.4026,-0.5082,-0.7613,25.5,0.0088,2.299,1.211,1.32171,68.5,471.2,79.9,455.1,57.0,487.6,991,0.084,11
1180,-128.77,-51.848,-55.738,0.8246,-0.5658,-0.005,-0.4343,-0.6234,0.6501,-0.3709,-0.5339,-0.7598,25.5,0.0087,2.34,1.256,1.34681,70.1,472.3,81.9,456.6,58.1,488.3,992,1.307,11
1181,-127.15,-52.95,-55.703,0.8285,-0.5585,0.0411,-0.4509,-0.6084,0.6531,-0.3397,-0.5596,-0.7559,25.5,0.0069,2.327,1.293,1.36946,71.7,473.4,83.8,458.0,59.3,489.0,992,0.655,11
1182,-125.525,-54.036,-55.575,0.8302,-0.5501,0.0898,-0.4677,-0.5928,0.6556,-0.3075,-0.5863,-0.7495,25.5,0.0033,2.425,1.321,1.44594,73.2,474.4,85.8,459.4,60.5,489.7,993,0.496,11
1183,-123.897,-55.104,-55.351,0.8306,-0.5394,0.1384,-0.4848,-0.5765,0.6577,-0.275,-0.6134,-0.7403,25.5,0.0007,2.481,1.359,1.45521,74.8,475.5,87.8,460.8,61.6,490.3,993,1.465,11
1184,-122.27,-56.15,-55.034,0.8297,-0.5269,0.1843,-0.502,-0.5597,0.6594,-0.2443,-0.6396,-0.7289,25.5,0.0001,2.403,1.381,1.39123,76.4,476.5,89.7,462.3,62.7,491.0,994,0.392,11
1185,-120.646,-57.17,-54.629,0.8263,-0.514,0.2302,-0.5193,-0.5422,0.6605,-0.2147,-0.6654,-0.715,25.5,0.0016,2.387,1.411,1.39768,77.9,477.5,91.7,463.7,63.9,491.5,995,0.611,11
1186,-119.031,-58.163,-54.134,0.8219,-0.4992,0.2744,-0.5366,-0.5242,0.6612,-0.1862,-0.6907,-0.6987,25.5,0.0021,2.375,1.431,1.369,79.4,478.5,93.7,465.1,65.0,492.1,995,1.35,11
1187,-117.425,-59.125,-53.555,0.8173,-0.482,0.3159,-0.5539,-0.5057,0.6615,-0.159,-0.7156,-0.6802,25.5,0.0,2.364,1.451,1.32033,81.0,479.4,95.6,466.5,66.1,492.6,996,0.422,11
1188,-115.83,-60.052,-52.894,0.8098,-0.4648,0.3579,-0.571,-0.4865,0.6612,-0.1332,-0.7399,-0.6594,25.5,0.0004,2.355,1.473,1.34509,82.5,480.3,97.5,467.9,67.2,493.0,997,0.43,11
1189,-114.25,-60.945,-52.154,0.8022,-0.4457,0.3972,-0.588,-0.4668,0.6606,-0.109,-0.7635,-0.6366,25.5,0.0013,2.336,1.491,1.29678,84.0,481.2,99.4,469.2,68.2,493.4,998,1.198,11
1190,-112.685,-61.797,-51.339,0.7951,-0.4235,0.4342,-0.6046,-0.4464,0.6596,-0.0855,-0.787,-0.611,25.5,0.0053,2.404,1.508,1.27857,85.4,482.1,101.3,470.6,69.3,493.8,998,0.763,11
1191,-111.136,-62.606,-50.451,0.7848,-0.4019,0.4719,-0.6209,-0.4254,0.6584,-0.0638,-0.8097,-0.5834,25.5,0.0056,2.396,1.525,1.30565,86.9,482.9,103.1,471.9,70.4,494.1,999,0.09,11
1192,-109.608,-63.37,-49.491,0.7746,-0.3773,0.5075,-0.6367,-0.4036,0.6571,-0.043,-0.8321,-0.5529,25.5,0.0074,2.474,1.544,1.29992,88.3,483.7,104.9,473.2,71.4,494.3,1000,0.483,11
1193,-108.099,-64.082,-48.463,0.7653,-0.3476,0.5418,-0.6517,-0.381,0.6558,-0.0216,-0.855,-0.5181,25.5,0.011,2.684,1.556,1.3542,89.7,484.4,106.7,474.5,72.4,494.5,1001,0.937,11
1194,-106.613,-64.735,-47.366,0.7516,-0.3188,0.5775,-0.666,-0.3573,0.6549,-0.0024,-0.8768,-0.4808,25.5,0.0085,2.709,1.587,1.39974,91.1,485.1,108.5,475.7,73.5,494.6,1001,1.023,11
1195,-105.152,-65.328,-46.201,0.7389,-0.2854,0.6104,-0.6793,-0.3324,0.6543,0.0162,-0.8981,-0.4395,25.5,0.0077,2.868,1.618,1.42024,92.5,485.7,110.1,476.9,74.5,494.6,1002,0.682,11
1196,-103.716,-65.85,-44.975,0.7264,-0.2472,0.6412,-0.6915,-0.3064,0.6542,0.0348,-0.9187,-0.3935,25.5,0.0071,3.079,1.646,1.48075,93.8,486.2,111.8,478.1,75.5,494.5,1003,0.445,11
1197,-102.31,-66.298,-43.685,0.7088,-0.2097,0.6735,-0.7025,-0.2789,0.6547,0.0505,-0.9372,-0.345,25.5,0.0015,3.108,1.697,1.53599,95.1,486.7,113.3,479.3,76.6,494.3,1004,0.306,11
1198,-100.932,-66.67,-42.342,0.6985,-0.1701,0.695,-0.7123,-0.2499,0.6558,0.0621,-0.9532,-0.2957,25.5,0.0007,3.044,1.755,1.35162,96.4,487.1,114.9,480.4,77.6,494.0,1005,0.257,11
1199,-99.57,-66.964,-40.964,0.6881,-0.1291,0.714,-0.7209,-0.2191,0.6575,0.0715,-0.9672,-0.2438,25.5,0.0017,3.127,1.835,1.35591,97.6,487.5,116.3,481.5,78.6,493.6,1006,0.294,11
1200,-98.234,-67.177,-39.546,0.6771,-0.0885,0.7306,-0.7286,-0.1861,0.6592,0.0776,-0.9786,-0.1905,25.5,0.0047,3.143,1.944,1.32226,98.9,487.7,117.8,482.5,79.6,493.0,1007,0.413,11
1201,-96.91,-67.309,-38.108,0.6766,-0.0459,0.7349,-0.736,-0.1507,0.66,0.0804,-0.9875,-0.1357,25.5,0.006,3.185,2.073,1.25193,100.1,487.9,119.2,483.6,80.7,492.3,1008,0.612,11
1202,-95.582,-67.354,-36.667,0.6763,0.0006,0.7367,-0.7437,-0.1124,0.659,0.0832,-0.9937,-0.0756,25.5,0.0175,3.466,2.239,1.36066,101.3,488.0,120.6,484.6,81.7,491.5,1010,0.713,11
1203,-94.263,-67.308,-35.219,0.6691,0.0461,0.7417,-0.7524,-0.0716,0.6548,0.0833,-0.9964,-0.0132,25.501,0.0211,3.579,2.402,1.35488,102.5,488.0,122.0,485.6,82.7,490.4,1011,0.294,11
1204,-92.962,-67.172,-33.76,0.6596,0.0946,0.7456,-0.7623,-0.0291,0.6465,0.0829,-0.9951,0.0529,25.501,0.0235,3.789,2.545,1.44959,103.8,487.9,123.5,486.6,83.7,489.3,1012,0.179,11
1205,-91.68,-66.937,-32.296,0.6461,0.1431,0.7498,-0.7739,0.0142,0.6331,0.08,-0.9896,0.1199,25.501,0.0233,3.856,2.681,1.47726,104.9,487.8,124.9,487.5,84.6,488.0,1013,0.696,11
1206,-90.439,-66.621,-30.813,0.6184,0.1773,0.7656,-0.7873,0.0575,0.6138,0.0648,-0.9824,0.1752,25.502,0.0067,3.312,2.823,1.36725,106.1,487.5,126.4,488.4,85.4,486.6,1015,0.143,11
1207,-89.254,-66.236,-29.3,0.5916,0.2155,0.7769,-0.8025,0.1002,0.5882,0.049,-0.9714,0.2322,25.502,0.0038,3.448,2.983,1.40383,107.2,487.2,127.9,489.1,86.1,485.2,1016,0.443,11
1208,-88.117,-65.777,-27.771,0.5693,0.2531,0.7822,-0.8188,0.1412,0.5564,0.0304,-0.9573,0.2876,25.502,0.0048,3.445,3.117,1.28758,108.2,486.8,129.3,489.8,86.8,483.7,1018,0.349,11
1209,-87.033,-65.246,-26.228,0.5381,0.2891,0.7918,-0.8359,0.1797,0.5186,0.0076,-0.941,0.3384,25.502,0.0128,3.325,3.243,1.42095,109.2,486.3,130.7,490.3,87.4,482.2,1019,0.193,11
1210,-85.991,-64.638,-24.684,0.5299,0.3327,0.7801,-0.8531,0.2142,0.4757,-0.0088,-0.9176,0.3973,25.502,0.0097,3.752,3.305,1.34155,110.2,485.8,132.1,490.7,88.0,480.8,1020,0.668,11
1211,-84.953,-63.94,-23.175,0.5252,0.3792,0.7618,-0.87,0.2429,0.4291,-0.0223,-0.8888,0.4578,25.502,0.0379,3.917,3.282,1.46764,111.1,485.1,133.4,490.8,88.6,479.4,1022,0.67,11
1212,-83.926,-63.158,-21.7,0.5244,0.4158,0.743,-0.8861,0.2657,0.3799,-0.0395,-0.8598,0.5091,25.502,0.0719,3.518,3.241,1.20331,112.1,484.4,134.7,490.7,89.2,478.0,1023,0.586,11
1213,-82.893,-62.314,-20.264,0.5273,0.4474,0.7224,-0.9008,0.2835,0.3289,-0.058,-0.8292,0.5559,25.502,0.1106,3.375,3.208,1.10619,113.0,483.6,136.0,490.5,89.8,476.7,1024,0.699,11
1214,-81.858,-61.41,-18.867,0.5302,0.4733,0.7035,-0.9139,0.297,0.2769,-0.0787,-0.7986,0.5966,25.502,0.1492,3.15,3.169,0.94121,114.0,482.8,137.3,490.0,90.5,475.5,1025,1.041,11
1215,-80.808,-60.468,-17.507,0.543,0.4863,0.6846,-0.9249,0.3069,0.2243,-0.1031,-0.7705,0.6291,25.502,0.1994,2.831,3.131,0.76799,115.0,481.9,138.5,489.4,91.3,474.3,1025,0.919,11
1216,-79.74,-59.496,-16.183,0.5479,0.505,0.6669,-0.9338,0.3141,0.1716,-0.1265,-0.7381,0.6628,25.502,0.2386,2.996,3.09,0.76629,116.0,481.0,139.7,488.7,92.1,473.1,1026,0.319,11
1217,-78.653,-58.496,-14.894,0.5626,0.5137,0.6478,-0.9403,0.3189,0.119,-0.1519,-0.706,0.6917,25.502,0.2881,2.871,3.049,0.74912,117.0,480.0,140.9,488.0,93.0,472.0,1027,0.531,11
1218,-77.527,-57.489,-13.646,0.5858,0.5143,0.6264,-0.9444,0.3218,0.0668,-0.1782,-0.6722,0.7186,25.501,0.3459,2.898,3.005,0.92298,118.1,479.1,142.0,487.1,94.1,471.0,1027,1.429,11
1219,-76.364,-56.475,-12.438,0.6034,0.5194,0.6052,-0.9462,0.3231,0.0152,-0.2042,-0.6329,0.7468,25.501,0.3939,3.147,2.96,0.8192,119.2,478.1,143.1,486.3,95.2,469.9,1028,0.35,11
1220,-75.154,-55.458,-11.278,0.6323,0.5168,0.5771,-0.9457,0.3232,-0.0351,-0.2293,-0.5867,0.7766,25.5,0.4512,3.463,2.882,1.18101,120.3,477.1,144.3,485.3,96.4,468.9,1029,0.946,11
1221,-73.882,-54.452,-10.179,0.6646,0.5115,0.5447,-0.943,0.3222,-0.0832,-0.253,-0.5319,0.8082,25.5,0.5072,3.871,2.761,1.34664,121.5,476.1,145.4,484.4,97.7,467.9,1029,1.014,11
1222,-72.552,-53.454,-9.141,0.6921,0.5061,0.5146,-0.9385,0.3204,-0.1288,-0.2763,-0.4729,0.8366,25.499,0.5537,3.983,2.628,1.20249,122.8,475.2,146.5,483.4,99.2,467.0,1030,0.49,11
1223,-71.17,-52.47,-8.16,0.7176,0.4972,0.4877,-0.9323,0.3181,-0.172,-0.2993,-0.412,0.8606,25.498,0.5947,3.976,2.504,1.11457,124.2,474.2,147.7,482.5,100.7,466.1,1030,1.471,11
1224,-69.744,-51.502,-7.228,0.7389,0.4902,0.4622,-0.9248,0.3154,-0.2127,-0.321,-0.347,0.8812,25.498,0.627,4.101,2.376,0.99276,125.5,473.3,148.9,481.5,102.3,465.2,1031,0.244,11
1225,-68.27,-50.552,-6.352,0.7652,0.4789,0.4303,-0.9162,0.3126,-0.2507,-0.3386,-0.2691,0.9016,25.497,0.6592,4.724,2.238,1.25322,127.0,472.4,150.1,480.5,104.0,464.3,1031,1.719,11
1226,-66.742,-49.628,-5.545,0.7932,0.4641,0.3943,-0.9069,0.3097,-0.2857,-0.3511,-0.1805,0.9188,25.496,0.6883,5.222,2.082,1.40204,128.5,471.5,151.3,479.6,105.8,463.4,1032,0.217,11
1227,-65.165,-48.731,-4.804,0.8162,0.4508,0.3614,-0.8972,0.307,-0.3176,-0.3602,-0.0922,0.9283,25.495,0.7087,5.117,1.917,1.23646,130.0,470.6,152.6,478.7,107.6,462.6,1032,1.745,11
1228,-63.544,-47.862,-4.129,0.8382,0.436,0.3276,-0.8872,0.3045,-0.3465,-0.3639,-0.0002,0.9314,25.494,0.7244,5.28,1.758,1.25608,131.6,469.8,154.0,477.8,109.5,461.8,1033,0.434,11
1229,-61.881,-47.022,-3.52,0.8585,0.4197,0.2946,-0.8773,0.3022,-0.3728,-0.3627,0.0911,0.9274,25.493,0.7362,5.239,1.616,1.22898,133.2,468.9,155.4,476.9,111.4,461.0,1033,1.528,11
1230,-60.181,-46.216,-2.973,0.8758,0.4042,0.2637,-0.8675,0.3002,-0.3966,-0.3578,0.1772,0.9168,25.492,0.743,4.98,1.479,1.13029,134.9,468.1,156.8,476.1,113.3,460.3,1034,0.924,11
1231,-58.451,-45.435,-2.485,0.8891,0.3932,0.2345,-0.8579,0.2985,-0.4182,-0.3505,0.2552,0.9011,25.49,0.7435,4.579,1.358,0.99172,136.6,467.4,158.3,475.3,115.3,459.6,1034,1.038,11
1232,-56.698,-44.672,-2.052,0.8985,0.3865,0.2083,-0.8484,0.2972,-0.438,-0.343,0.3216,0.8826,25.489,0.7387,3.973,1.261,0.83707,138.4,466.6,159.7,474.5,117.2,458.8,1035,1.682,11
1233,-54.927,-43.927,-1.666,0.9086,0.3741,0.1859,-0.8391,0.2963,-0.4562,-0.3336,0.3821,0.8618,25.488,0.7364,3.705,1.172,0.80467,140.1,465.9,161.3,473.8,119.2,458.1,1035,0.281,11
1234,-53.139,-43.202,-1.322,0.9156,0.3668,0.1646,-0.83,0.2957,-0.473,-0.3247,0.4333,0.8407,25.487,0.7293,3.214,1.095,0.68931,141.9,465.2,162.8,473.0,121.3,457.4,1035,2.24,11
1235,-51.34,-42.486,-1.02,0.9202,0.364,0.1441,-0.821,0.2955,-0.4885,-0.3168,0.4761,0.8204,25.486,0.7183,2.752,1.027,0.61968,143.7,464.5,164.4,472.3,123.3,456.7,1036,0.694,11
1236,-49.534,-41.772,-0.757,0.9227,0.3651,0.124,-0.8122,0.2956,-0.5029,-0.3101,0.5115,0.8014,25.484,0.7039,2.334,0.967,0.59303,145.5,463.8,166.0,471.6,125.3,456.0,1036,1.267,11
1237,-47.723,-41.057,-0.534,0.926,0.3626,0.1049,-0.8036,0.2961,-0.5164,-0.302,0.5448,0.7823,25.483,0.6909,2.248,0.918,0.57141,147.3,463.0,167.6,470.9,127.3,455.3,1037,1.815,11
1238,-45.904,-40.351,-0.345,0.9296,0.3579,0.0882,-0.795,0.2969,-0.5289,-0.2937,0.5745,0.764,25.482,0.6794,2.055,0.871,0.518,149.1,462.3,169.2,470.3,129.3,454.5,1037,0.149,11
1239,-44.081,-39.651,-0.187,0.931,0.3576,0.0727,-0.7867,0.298,-0.5407,-0.288,0.5976,0.7483,25.481,0.6652,1.633,0.829,0.45502,150.9,461.6,170.8,469.6,131.4,453.8,1037,2.106,11
1240,-42.256,-38.947,-0.059,0.9307,0.3612,0.0576,-0.7784,0.2994,-0.5518,-0.2844,0.6155,0.735,25.479,0.6481,1.294,0.798,0.45391,152.7,460.9,172.4,468.9,133.4,453.1,1038,1.053,11
1241,-40.434,-38.232,0.039,0.9287,0.3685,0.0423,-0.7702,0.301,-0.5623,-0.2827,0.6292,0.7241,25.478,0.6282,1.008,0.769,0.499,154.6,460.2,174.0,468.3,135.4,452.3,1038,0.908,11
1242,-38.617,-37.5,0.106,0.9247,0.3799,0.0262,-0.7621,0.303,-0.5721,-0.2828,0.6391,0.7152,25.477,0.6046,0.763,0.737,0.58842,156.4,459.5,175.6,467.6,137.4,451.5,1039,2.255,11
1243,-36.806,-36.752,0.141,0.9243,0.3816,0.0099,-0.7541,0.3052,-0.5815,-0.2777,0.6543,0.7035,25.476,0.5863,1.137,0.718,0.47933,158.2,458.8,177.3,466.9,139.4,450.7,1039,0.297,11
1244,-34.995,-36.002,0.146,0.9229,0.385,-0.0053,-0.7462,0.3076,-0.5904,-0.274,0.6663,0.6935,25.475,0.5671,0.92,0.696,0.45716,160.0,458.0,178.9,466.2,141.4,449.9,1039,1.666,11
1245,-33.189,-35.24,0.121,0.9196,0.3924,-0.0199,-0.7383,0.3103,-0.5989,-0.273,0.6745,0.686,25.474,0.5453,0.639,0.683,0.48811,161.8,457.2,180.5,465.5,143.4,449.1,1040,1.428,11
1246,-31.392,-34.461,0.067,0.9141,0.404,-0.0347,-0.7304,0.3132,-0.607,-0.2744,0.6793,0.6807,25.472,0.5201,0.417,0.669,0.57277,163.6,456.5,182.1,464.8,145.4,448.3,1040,0.532,11
1247,-29.608,-33.654,-0.016,0.9059,0.4206,-0.0501,-0.7226,0.3163,-0.6147,-0.2785,0.6807,0.6776,25.471,0.4908,0.305,0.653,0.70409,165.4,455.7,183.7,464.1,147.4,447.4,1041,2.423,11
1248,-27.844,-32.808,-0.13,0.8942,0.4426,-0.0673,-0.7148,0.3196,-0.6221,-0.2852,0.679,0.6765,25.47,0.4559,0.401,0.644,0.8851,167.2,454.8,185.3,463.3,149.4,446.5,1041,0.464,11
1249,-26.1,-31.928,-0.282,0.8855,0.4564,-0.0877,-0.7069,0.323,-0.6292,-0.2857,0.6834,0.6718,25.469,0.4234,0.37,0.639,0.7637,168.9,453.9,186.8,462.5,151.3,445.5,1041,1.497,11
1250,-24.375,-31.017,-0.473,0.8743,0.4735,-0.1071,-0.6991,0.3267,-0.636,-0.2888,0.6847,0.6692,25.468,0.3884,0.243,0.63,0.82392,170.6,453.0,188.4,461.7,153.2,444.5,1042,1.258,11
1251,-22.674,-30.07,-0.7,0.8608,0.4935,-0.1245,-0.6913,0.3306,-0.6425,-0.2948,0.6828,0.6685,25.467,0.3519,0.363,0.623,0.86976,172.3,452.1,189.9,460.8,155.1,443.4,1042,0.703,11
1252,-21.002,-29.081,-0.959,0.8453,0.5159,-0.1393,-0.6835,0.3347,-0.6487,-0.3035,0.678,0.6695,25.466,0.3147,0.572,0.617,0.90638,174.0,451.1,191.4,459.9,157.0,442.4,1043,1.829,11
1253,-19.362,-28.048,-1.245,0.8286,0.5381,-0.1545,-0.6757,0.339,-0.6546,-0.312,0.673,0.6706,25.465,0.2763,0.569,0.612,0.92574,175.7,450.0,192.8,459.0,158.8,441.2,1043,0.132,11
1254,-17.754,-26.974,-1.568,0.8114,0.5578,-0.1744,-0.6679,0.3435,-0.6603,-0.3173,0.6711,0.6701,25.464,0.2352,0.324,0.611,0.96089,177.3,449.0,194.2,458.0,160.6,440.0,1043,2.091,11
1255,-16.182,-25.86,-1.925,0.7936,0.5785,-0.1886,-0.6602,0.3482,-0.6656,-0.3257,0.6658,0.6713,25.463,0.197,0.573,0.599,0.89969,178.8,447.8,195.6,457.0,162.4,438.8,1044,0.248,11
1256,-14.644,-24.706,-2.304,0.776,0.5993,-0.1967,-0.6524,0.3531,-0.6706,-0.3369,0.6574,0.674,25.462,0.1627,0.817,0.6,0.83107,180.4,446.7,197.0,456.0,164.1,437.5,1044,1.712,11
1257,-13.14,-23.512,-2.692,0.7592,0.6198,-0.1987,-0.6448,0.3582,-0.6752,-0.3504,0.6465,0.6777,25.462,0.1334,1.017,0.587,0.77713,181.9,445.5,198.3,454.9,165.8,436.2,1045,0.462,11
1258,-11.67,-22.277,-3.089,0.7392,0.6398,-0.2106,-0.6373,0.3636,-0.6795,-0.3598,0.6394,0.6795,25.461,0.0954,0.683,0.584,0.89708,183.4,444.2,199.6,453.8,167.4,434.9,1045,1.498,11
1259,-10.24,-21.006,-3.514,0.7206,0.6571,-0.2212,-0.6298,0.3691,-0.6835,-0.3681,0.6329,0.6811,25.46,0.0601,0.611,0.58,0.80477,184.8,443.0,200.8,452.6,169.0,433.5,1046,0.53,11
1260,-8.843,-19.703,-3.95,0.706,0.6724,-0.2223,-0.6224,0.3749,-0.6871,-0.3789,0.6238,0.6836,25.46,0.0346,0.822,0.577,0.61906,186.2,441.7,202.1,451.5,170.6,432.0,1046,1.431,11
1261,-7.471,-18.371,-4.379,0.6948,0.6864,-0.2146,-0.6151,0.3809,-0.6903,-0.3922,0.6118,0.687,25.459,0.0178,1.045,0.572,0.57045,187.5,440.3,203.2,450.3,172.1,430.6,1047,0.464,11
1262,-6.117,-17.013,-4.785,0.6867,0.6996,-0.1977,-0.6079,0.3871,-0.6933,-0.4085,0.5963,0.6911,25.459,0.0096,1.31,0.571,0.67016,188.9,439.0,204.4,449.1,173.7,429.1,1047,1.498,11
1263,-4.779,-15.628,-5.151,0.6762,0.7143,-0.1803,-0.6008,0.3934,-0.6959,-0.4262,0.5789,0.6951,25.459,0.0002,1.44,0.564,0.73332,190.2,437.6,205.6,447.8,175.2,427.5,1048,0.272,11
1264,-3.471,-14.212,-5.5,0.6597,0.7308,-0.1753,-0.5937,0.3999,-0.6983,-0.4403,0.5649,0.6979,25.459,0.023,1.15,0.568,0.69768,191.5,436.2,206.7,446.6,176.7,426.0,1048,1.689,11
1265,-2.19,-12.766,-5.833,0.6486,0.7435,-0.1627,-0.5868,0.4066,-0.7003,-0.4548,0.55,0.7004,25.46,0.0356,1.2,0.563,0.61553,192.8,434.7,207.8,445.3,178.1,424.4,1049,0.061,11
1266,-0.925,-11.3,-6.133,0.6428,0.7527,-0.142,-0.5799,0.4134,-0.702,-0.4701,0.534,0.7027,25.46,0.0381,1.275,0.564,0.68362,194.1,433.3,208.9,444.0,179.5,422.8,1050,1.496,11
1267,0.334,-9.818,-6.384,0.6422,0.7582,-0.1125,-0.5732,0.4203,-0.7035,-0.4863,0.5165,0.7048,25.461,0.0297,1.372,0.558,0.87755,195.3,431.8,210.0,442.7,180.9,421.1,1050,0.466,11
1268,1.596,-8.33,-6.568,0.6445,0.761,-0.0747,-0.5665,0.4273,-0.7046,-0.5044,0.4964,0.7065,25.462,0.0127,1.553,0.559,1.11018,196.6,430.3,211.1,441.3,182.3,419.5,1051,0.971,11
1269,2.849,-6.828,-6.684,0.6349,0.7713,-0.0437,-0.56,0.4343,-0.7055,-0.5252,0.4725,0.7078,25.463,0.0103,1.817,0.55,0.99551,197.8,428.8,212.2,440.0,183.7,417.8,1051,0.989,11
1270,4.088,-5.31,-6.739,0.6303,0.7763,-0.0132,-0.5536,0.4415,-0.7061,-0.5423,0.4524,0.708,25.464,0.0031,1.512,0.553,0.91361,199.1,427.3,213.3,438.7,185.1,416.1,1052,0.357,11
1271,5.323,-3.789,-6.737,0.6311,0.7755,0.0153,-0.5473,0.4486,-0.7065,-0.5548,0.4375,0.7076,25.466,0.0083,1.115,0.544,0.83393,200.3,425.8,214.4,437.3,186.5,414.5,1052,1.603,11
1272,6.565,-2.274,-6.681,0.6374,0.7695,0.0404,-0.5412,0.4558,-0.7066,-0.5623,0.4286,0.7072,25.468,0.0228,0.667,0.541,0.77668,201.5,424.3,215.5,436.0,187.9,412.8,1053,0.339,11
1273,7.821,-0.774,-6.579,0.6407,0.7649,0.0668,-0.5352,0.463,-0.7066,-0.5717,0.4172,0.7064,25.47,0.036,0.848,0.537,0.78946,202.8,422.8,216.6,434.6,189.3,411.1,1054,0.852,11
1274,9.072,0.727,-6.419,0.6367,0.7652,0.0954,-0.5293,0.4701,-0.7063,-0.5859,0.3996,0.705,25.472,0.0447,1.298,0.529,0.84428,204.0,421.3,217.7,433.3,190.6,409.5,1054,1.109,11
1275,10.321,2.222,-6.21,0.6392,0.7601,0.1168,-0.5236,0.4772,-0.7058,-0.5931,0.3905,0.704,25.475,0.0544,0.667,0.522,0.64728,205.3,419.8,218.8,432.0,192.0,407.8,1055,0.026,11
1276,11.582,3.703,-5.964,0.6479,0.7501,0.1326,-0.5179,0.4843,-0.7051,-0.5944,0.389,0.7038,25.477,0.0658,0.114,0.523,0.60292,206.5,418.3,219.9,430.7,193.4,406.2,1056,1.051,11
1277,12.865,5.159,-5.693,0.6632,0.7346,0.1434,-0.5123,0.4914,-0.7043,-0.5897,0.3948,0.7045,25.479,0.0798,0.43,0.52,0.71064,207.8,416.9,221.1,429.4,194.8,404.5,1056,0.909,11
1278,14.186,6.578,-5.405,0.6857,0.7124,0.1494,-0.5069,0.4986,-0.7032,-0.5782,0.4084,0.7063,25.482,0.0974,1.026,0.519,0.94067,209.1,415.4,222.3,428.2,196.3,403.0,1057,0.063,11
1279,15.541,7.958,-5.088,0.6967,0.696,0.1739,-0.5014,0.5057,-0.702,-0.5807,0.4048,0.7064,25.484,0.1194,0.251,0.519,0.91998,210.5,414.1,223.5,427.0,197.7,401.4,1058,0.961,11
1280,16.918,9.306,-4.73,0.7095,0.6788,0.1894,-0.4961,0.5129,-0.7006,-0.5781,0.4069,0.7072,25.486,0.1365,0.197,0.518,0.77351,211.9,412.7,224.8,425.8,199.2,399.9,1058,1.0,11
1281,18.323,10.618,-4.352,0.7248,0.6609,0.1944,-0.4908,0.5199,-0.6991,-0.5694,0.4159,0.7091,25.488,0.148,0.725,0.51,0.7038,213.3,411.4,226.1,424.7,200.7,398.4,1059,0.178,11
1282,19.761,11.896,-3.975,0.7424,0.6428,0.1888,-0.4856,0.5269,-0.6975,-0.5544,0.4313,0.7118,25.49,0.1535,1.241,0.508,0.75608,214.7,410.1,227.4,423.5,202.3,397.0,1060,0.579,11
1283,21.234,13.138,-3.619,0.7615,0.6247,0.1728,-0.4805,0.5337,-0.6959,-0.5332,0.4522,0.715,25.492,0.1527,1.716,0.496,0.90043,216.2,408.9,228.7,422.5,203.9,395.6,1061,1.264,11
1284,22.747,14.336,-3.277,0.7814,0.5981,0.1782,-0.4755,0.5404,-0.6942,-0.5192,0.4646,0.7173,25.493,0.172,1.08,0.489,0.98394,217.7,407.7,230.2,421.4,205.5,394.2,1061,0.697,11
1285,24.294,15.487,-2.927,0.7966,0.5779,0.1775,-0.4705,0.5468,-0.6925,-0.5057,0.4761,0.7195,25.495,0.1817,1.024,0.475,0.73936,219.3,406.5,231.6,420.4,207.2,392.9,1062,0.084,11
1286,25.867,16.606,-2.587,0.8085,0.5642,0.1673,-0.4656,0.5531,-0.6909,-0.4903,0.4887,0.7217,25.496,0.18,1.147,0.466,0.60855,220.8,405.4,233.1,419.5,208.8,391.6,1063,0.47,11
1287,27.462,17.703,-2.278,0.8179,0.5563,0.1468,-0.4608,0.5591,-0.6893,-0.4722,0.5032,0.7238,25.497,0.1671,1.334,0.45,0.69857,222.4,404.3,234.5,418.5,210.5,390.4,1064,0.951,11
1288,29.072,18.79,-2.02,0.8247,0.5541,0.1132,-0.4559,0.5649,-0.6878,-0.4495,0.5208,0.7257,25.498,0.1408,1.649,0.443,1.00429,224.0,403.2,236.1,417.6,212.3,389.2,1064,1.01,11
1289,30.696,19.872,-1.837,0.8349,0.5447,0.0787,-0.4511,0.5704,-0.6864,-0.4218,0.5415,0.7272,25.499,0.1199,1.983,0.426,1.08732,225.7,402.1,237.6,416.6,214.0,387.9,1065,0.597,11
1290,32.344,20.923,-1.711,0.8467,0.5298,0.0488,-0.4462,0.5757,-0.6852,-0.3933,0.5616,0.728,25.5,0.1062,1.999,0.419,1.03591,227.3,401.1,239.1,415.7,215.7,386.8,1066,0.254,11
1291,34.01,21.954,-1.651,0.8515,0.5242,0.0114,-0.4413,0.5808,-0.6841,-0.3664,0.5793,0.7281,25.5,0.0791,1.845,0.41,1.11467,229.0,400.1,240.7,414.8,217.5,385.6,1067,0.04,12
1292,35.676,22.985,-1.669,0.8482,0.5288,-0.03,-0.4363,0.5857,-0.6831,-0.3439,0.593,0.7281,25.501,0.0399,1.509,0.405,1.22185,230.6,399.0,242.2,413.9,219.3,384.5,1068,0.243,12
1293,37.331,24.03,-1.77,0.843,0.5326,-0.0756,-0.4313,0.5904,-0.6823,-0.3187,0.6077,0.7274,25.501,0.0024,1.672,0.396,1.34654,232.3,398.0,243.8,412.9,221.1,383.3,1069,0.397,12
1294,38.984,25.065,-1.964,0.8425,0.5251,-0.1202,-0.4261,0.5949,-0.6815,-0.2865,0.6258,0.7254,25.501,0.0353,2.12,0.397,1.32242,233.9,397.0,245.3,412.0,222.8,382.2,1070,0.487,12
1295,40.629,26.095,-2.232,0.8356,0.5281,-0.1512,-0.4209,0.5994,-0.6809,-0.2696,0.6341,0.7248,25.502,0.0678,1.079,0.395,0.93265,235.6,395.9,246.8,411.1,224.6,381.1,1071,0.511,12
1296,42.256,27.142,-2.549,0.8234,0.5414,-0.1701,-0.4155,0.6037,-0.6803,-0.267,0.6341,0.7257,25.502,0.1004,0.158,0.397,0.76401,237.2,394.9,248.3,410.2,226.3,379.9,1072,0.466,12
1297,43.853,28.224,-2.892,0.8054,0.5654,-0.1778,-0.41,0.608,-0.6799,-0.2789,0.6262,0.7281,25.502,0.1344,0.83,0.401,0.90552,238.8,393.8,249.7,409.2,228.0,378.8,1073,0.344,12
1298,45.412,29.353,-3.262,0.7862,0.5823,-0.2071,-0.4043,0.6123,-0.6795,-0.2732,0.6281,0.7286,25.502,0.1794,0.345,0.41,1.13733,240.3,392.7,251.2,408.2,229.7,377.5,1074,0.149,12
1299,46.936,30.506,-3.693,0.7702,0.5951,-0.2293,-0.3983,0.6166,-0.6791,-0.2691,0.6292,0.7291,25.502,0.2159,0.245,0.424,0.88321,241.8,391.6,252.5,407.1,231.4,376.3,1075,0.154,12
1300,48.432,31.688,-4.148,0.7567,0.6112,-0.232,-0.3919,0.621,-0.6787,-0.2789,0.6228,0.7309,25.502,0.2405,0.679,0.446,0.61929,243.3,390.4,253.9,406.0,233.0,375.0,1076,0.52,12
1301,49.904,32.904,-4.59,0.7452,0.6314,-0.2147,-0.3851,0.6257,-0.6784,-0.3039,0.6081,0.7334,25.502,0.2537,1.668,0.474,0.84711,244.8,389.2,255.1,404.9,234.6,373.7,1078,0.49,12
1302,51.354,34.166,-4.974,0.7334,0.6569,-0.1748,-0.3777,0.6306,-0.678,-0.3467,0.5827,0.735,25.501,0.2558,2.853,0.509,1.42694,246.2,387.9,256.4,403.8,236.2,372.4,1079,0.066,12
1303,52.763,35.486,-5.31,0.7061,0.6884,-0.1656,-0.3695,0.6359,-0.6776,-0.3773,0.5637,0.7348,25.501,0.2891,2.064,0.56,1.24819,247.6,386.6,257.6,402.6,237.8,370.9,1080,0.656,12
1304,54.13,36.857,-5.614,0.6911,0.7086,-0.1424,-0.3609,0.6414,-0.677,-0.4073,0.5446,0.7331,25.501,0.3015,2.04,0.586,1.00068,249.0,385.3,258.7,401.4,239.4,369.5,1082,0.084,12
1305,55.481,38.255,-5.859,0.6905,0.7158,-0.1044,-0.3519,0.6471,-0.6763,-0.4354,0.5265,0.7303,25.501,0.2908,1.922,0.612,1.13088,250.3,383.9,259.9,400.1,240.9,367.9,1083,0.541,12
1306,56.845,39.653,-6.014,0.7032,0.7091,-0.0524,-0.3428,0.6529,-0.6754,-0.4602,0.5101,0.7266,25.5,0.2573,1.717,0.62,1.57749,251.7,382.5,261.0,398.9,242.5,366.4,1085,0.234,12
1307,58.22,41.048,-6.075,0.7,0.7141,-0.0099,-0.3336,0.6588,-0.6743,-0.4897,0.4901,0.7211,25.5,0.2436,2.066,0.629,1.25467,253.0,381.1,262.1,397.6,244.1,364.9,1086,0.339,12
1308,59.591,42.449,-6.053,0.6989,0.7145,0.0324,-0.3243,0.6648,-0.6729,-0.5158,0.472,0.715,25.5,0.2265,1.853,0.639,1.23727,254.4,379.7,263.3,396.3,245.7,363.4,1088,0.496,12
1309,60.961,43.846,-5.948,0.6999,0.7103,0.0753,-0.3149,0.671,-0.6713,-0.5388,0.4558,0.7084,25.5,0.2057,1.656,0.652,1.26058,255.8,378.3,264.4,395.1,247.3,361.8,1089,0.063,12
1310,62.335,45.23,-5.757,0.7012,0.7028,0.1199,-0.3052,0.6773,-0.6694,-0.561,0.4401,0.7011,25.5,0.1817,1.613,0.672,1.32301,257.1,376.9,265.6,393.9,248.9,360.3,1090,0.623,12
1311,63.706,46.601,-5.476,0.6986,0.696,0.1661,-0.2952,0.6838,-0.6672,-0.5854,0.4224,0.692,25.5,0.1589,1.804,0.695,1.36753,258.5,375.5,266.7,392.6,250.5,358.8,1092,0.198,12
1312,65.073,47.956,-5.107,0.6962,0.6863,0.2104,-0.285,0.6905,-0.6648,-0.6072,0.4066,0.6826,25.5,0.1356,1.634,0.713,1.32787,259.9,374.2,267.8,391.5,252.1,357.2,1093,0.386,12
1313,66.436,49.29,-4.654,0.6944,0.6741,0.2518,-0.2745,0.6974,-0.6621,-0.6259,0.3931,0.6736,25.5,0.1128,1.419,0.736,1.2631,261.3,372.8,268.9,390.3,253.7,355.7,1095,0.367,12
1314,67.793,50.599,-4.12,0.6902,0.6615,0.2931,-0.2639,0.7043,-0.659,-0.6451,0.3791,0.6635,25.5,0.0906,1.479,0.746,1.26847,262.6,371.5,270.1,389.1,255.4,354.2,1096,0.261,12
1315,69.141,51.882,-3.506,0.6852,0.6477,0.3331,-0.2531,0.7114,-0.6557,-0.6632,0.3658,0.6529,25.5,0.0689,1.423,0.764,1.24588,264.0,370.2,271.2,388.0,257.0,352.8,1098,0.381,12
1316,70.479,53.136,-2.816,0.6802,0.6322,0.371,-0.2421,0.7185,-0.652,-0.6796,0.3541,0.6425,25.5,0.0477,1.299,0.78,1.20614,265.4,368.9,272.2,386.9,258.6,351.3,1099,0.315,12
1317,71.807,54.359,-2.053,0.6749,0.6152,0.4075,-0.2309,0.7257,-0.6482,-0.6947,0.3435,0.632,25.5,0.0265,1.216,0.793,1.18742,266.7,367.7,273.3,385.9,260.2,349.9,1101,0.165,12
1318,73.122,55.548,-1.217,0.667,0.5975,0.4451,-0.2195,0.7329,-0.644,-0.711,0.3318,0.62,25.5,0.0049,1.34,0.809,1.23683,268.1,366.5,274.4,384.8,261.9,348.5,1103,0.516,13
1319,74.422,56.701,-0.312,0.6598,0.5801,0.4776,-0.2079,0.7403,-0.6393,-0.7245,0.3226,0.6091,25.5,0.0131,1.125,0.833,1.0983,269.4,365.3,275.4,383.8,263.5,347.1,1104,0.34,13
1320,75.709,57.822,0.652,0.6539,0.5636,0.5047,-0.1959,0.7482,-0.6339,-0.7352,0.3157,0.5998,25.5,0.0263,0.903,0.879,0.94356,270.7,364.2,276.5,382.9,265.1,345.8,1106,0.206,13
1321,76.985,58.911,1.666,0.6439,0.5471,0.5348,-0.1836,0.7565,-0.6277,-0.7486,0.3062,0.588,25.5,0.04,1.159,0.921,1.04532,272.1,363.0,277.5,382.0,266.7,344.4,1108,0.235,13
1322,78.23,59.965,2.751,0.6289,0.5288,0.57,-0.1711,0.7654,-0.6204,-0.7656,0.2931,0.5727,25.5,0.0565,1.51,0.974,1.24019,273.3,361.9,278.5,381.1,268.3,343.1,1111,0.385,13
1323,79.458,60.987,3.887,0.6269,0.5141,0.5854,-0.1586,0.7744,-0.6126,-0.7696,0.2917,0.568,25.5,0.0599,0.363,0.989,0.62511,274.6,360.9,279.4,380.3,269.9,341.8,1113,0.061,13
1324,80.695,61.983,5.035,0.637,0.5039,0.5834,-0.1464,0.7832,-0.6043,-0.7624,0.2999,0.5734,25.5,0.0512,0.698,0.984,0.42376,275.9,359.8,280.4,379.5,271.5,340.5,1116,0.138,13
1325,81.961,62.964,6.164,0.6563,0.4976,0.5672,-0.1349,0.7915,-0.5961,-0.7459,0.3148,0.5869,25.5,0.0328,1.49,0.939,0.7594,277.2,358.8,281.4,378.7,273.1,339.3,1119,0.158,13
1326,83.258,63.923,7.277,0.666,0.4815,0.5698,-0.1244,0.7992,-0.5881,-0.7389,0.321,0.5925,25.5,0.0331,0.624,0.876,0.55465,278.6,357.8,282.5,377.9,274.7,338.1,1122,0.238,13
1327,84.571,64.856,8.394,0.6733,0.4713,0.5696,-0.1146,0.8061,-0.5805,-0.7331,0.3257,0.5971,25.5,0.0279,0.502,0.813,0.36673,280.0,356.8,283.6,377.1,276.4,336.9,1124,0.258,13
1328,85.897,65.775,9.507,0.6797,0.4672,0.5655,-0.1055,0.8126,-0.5732,-0.7274,0.33,0.6017,25.5,0.0162,0.487,0.765,0.25246,281.4,355.9,284.8,376.3,278.0,335.7,1127,0.318,13
1329,87.234,66.691,10.609,0.6852,0.4682,0.5579,-0.0968,0.8186,-0.5661,-0.7218,0.3339,0.6063,25.5,0.0011,0.472,0.729,0.27582,282.8,354.9,286.0,375.5,279.6,334.6,1129,0.204,13
1330,88.582,67.613,11.692,0.69,0.4737,0.5473,-0.0883,0.8244,-0.5591,-0.7162,0.3375,0.6108,25.5,0.0236,0.46,0.713,0.37629,284.2,353.9,287.2,374.7,281.2,333.5,1131,0.18,13
1331,89.938,68.55,12.752,0.6941,0.483,0.5338,-0.0799,0.8298,-0.5523,-0.7106,0.3411,0.6153,25.5,0.0505,0.46,0.692,0.49404,285.6,353.0,288.4,373.9,282.8,332.4,1133,0.208,13
1332,91.302,69.501,13.788,0.6981,0.4871,0.5248,-0.0713,0.8351,-0.5454,-0.7057,0.3442,0.6193,25.5,0.0708,0.404,0.701,0.31197,287.0,352.0,289.6,373.0,284.5,331.2,1135,0.267,13
1333,92.674,70.458,14.81,0.7017,0.4895,0.5177,-0.0625,0.8403,-0.5385,-0.7014,0.3469,0.6226,25.5,0.0887,0.347,0.707,0.24303,288.4,351.0,290.8,372.2,286.1,330.1,1137,0.367,13
1334,94.052,71.42,15.818,0.705,0.4916,0.5112,-0.0536,0.8452,-0.5318,-0.6974,0.3495,0.6257,25.5,0.1059,0.326,0.697,0.22175,289.9,349.9,292.0,371.3,287.8,328.9,1139,0.527,13
1335,95.438,72.385,16.814,0.7083,0.4934,0.5048,-0.0446,0.8499,-0.5251,-0.6933,0.3521,0.6288,25.5,0.1227,0.33,0.697,0.21695,291.3,348.9,293.2,370.4,289.5,327.8,1140,0.355,13
1336,96.83,73.354,17.797,0.7118,0.4951,0.4982,-0.0357,0.8543,-0.5186,-0.6891,0.3548,0.6319,25.5,0.1392,0.337,0.68,0.22395,292.8,347.9,294.5,369.5,291.2,326.6,1142,0.088,14
1337,98.228,74.326,18.767,0.7155,0.4967,0.4913,-0.0268,0.8584,-0.5123,-0.6845,0.3577,0.6352,25.5,0.1555,0.364,0.667,0.23358,294.3,346.9,295.7,368.6,292.9,325.5,1144,0.361,14
1338,99.635,75.302,19.722,0.7197,0.4984,0.4834,-0.018,0.8622,-0.5062,-0.6792,0.361,0.639,25.5,0.1721,0.419,0.651,0.2662,295.7,345.9,296.9,367.7,294.6,324.3,1145,0.344,14
1339,101.05,76.28,20.661,0.7247,0.5,0.474,-0.0094,0.8657,-0.5005,-0.6727,0.3648,0.6437,25.5,0.1888,0.509,0.624,0.31469,297.2,344.8,298.2,366.8,296.3,323.2,1147,0.393,14
1340,102.471,77.262,21.586,0.7258,0.502,0.4703,-0.001,0.8688,-0.4951,-0.6711,0.3665,0.6445,25.5,0.2026,0.141,0.599,0.12717,298.7,343.8,299.5,365.8,298.0,322.1,1148,0.113,14
1341,103.896,78.247,22.502,0.7285,0.504,0.4639,0.0072,0.8716,-0.4901,-0.6673,0.3692,0.6468,25.5,0.2172,0.298,0.573,0.21134,300.2,342.8,300.8,364.9,299.7,321.0,1149,0.538,14
1342,105.329,79.237,23.401,0.734,0.5061,0.453,0.0153,0.8741,-0.4855,-0.6599,0.3736,0.6518,25.5,0.2337,0.57,0.553,0.36211,301.7,341.7,302.1,363.9,301.4,319.8,1151,0.826,14
1343,106.775,80.231,24.274,0.7426,0.5081,0.4364,0.0234,0.8763,-0.4812,-0.6479,0.3798,0.6602,25.5,0.2526,0.911,0.54,0.5496,303.2,340.7,303.4,362.9,303.1,318.7,1152,0.642,14
1344,108.242,81.229,25.107,0.755,0.5099,0.4122,0.0315,0.8783,-0.4771,-0.6296,0.3882,0.673,25.5,0.275,1.367,0.533,0.79674,304.8,339.6,304.7,361.9,304.8,317.6,1153,0.522,14
1345,109.738,82.23,25.882,0.7723,0.5112,0.377,0.0397,0.88,-0.4734,-0.6019,0.3992,0.6916,25.5,0.302,2.013,0.525,1.14759,306.3,338.6,306.1,360.9,306.6,316.5,1154,0.459,14
1346,111.268,83.233,26.584,0.7883,0.5126,0.3404,0.048,0.8814,-0.4699,-0.5729,0.4097,0.7099,25.5,0.3297,2.055,0.522,1.16852,307.9,337.5,307.5,359.9,308.4,315.4,1155,0.446,14
1347,112.828,84.238,27.212,0.8044,0.5131,0.2992,0.0565,0.8826,-0.4666,-0.5395,0.4203,0.7296,25.5,0.3587,2.303,0.527,1.29363,309.6,336.5,308.9,358.9,310.3,314.3,1156,0.478,14
1348,114.421,85.243,27.754,0.8206,0.5121,0.2537,0.0653,0.8836,-0.4636,-0.501,0.4308,0.7506,25.5,0.3885,2.584,0.536,1.41274,311.2,335.4,310.3,357.9,312.1,313.3,1157,0.55,14
1349,116.043,86.244,28.208,0.8346,0.5093,0.2098,0.0742,0.8843,-0.4609,-0.4621,0.44,0.7699,25.5,0.4156,2.544,0.534,1.34988,312.9,334.4,311.7,356.9,314.0,312.2,1158,0.661,14
1350,117.691,87.24,28.571,0.8469,0.507,0.1602,0.0834,0.8848,-0.4584,-0.418,0.4486,0.7899,25.5,0.4458,2.818,0.547,1.49571,314.6,333.4,313.2,355.8,316.0,311.2,1159,0.808,14
1351,119.362,88.229,28.836,0.8583,0.5011,0.1106,0.0929,0.885,-0.4561,-0.3705,0.4559,0.8092,25.5,0.4728,2.968,0.56,1.49822,316.3,332.3,314.7,354.8,317.9,310.1,1160,0.988,14
1352,121.054,89.202,29.006,0.8684,0.4918,0.0633,0.1025,0.885,-0.4541,-0.3217,0.4615,0.8268,25.5,0.4955,2.99,0.562,1.44015,318.0,331.3,316.2,353.8,319.9,309.1,1160,0.972,14
1353,122.765,90.156,29.086,0.8762,0.4816,0.017,0.1124,0.8847,-0.4523,-0.272,0.4652,0.8424,25.5,0.5169,2.992,0.577,1.40496,319.8,330.4,317.7,352.8,321.9,308.2,1161,0.763,14
1354,124.488,91.09,29.073,0.8817,0.471,-0.0297,0.1224,0.8842,-0.4507,-0.2206,0.467,0.8563,25.5,0.5378,3.053,0.581,1.40939,321.5,329.4,319.2,351.9,323.9,307.2,1162,0.53,14
1355,126.22,92.0,28.97,0.8863,0.457,-0.0753,0.1325,0.8835,-0.4493,-0.1669,0.4667,0.8685,25.5,0.555,3.156,0.586,1.40118,323.3,328.5,320.7,350.9,325.9,306.3,1163,0.275,14
1356,127.961,92.878,28.777,0.8902,0.4391,-0.1217,0.1427,0.8825,-0.4482,-0.1087,0.464,0.8791,25.5,0.5691,3.394,0.591,1.45856,325.0,327.6,322.2,350.0,327.9,305.5,1164,0.003,14
1357,129.706,93.723,28.492,0.8905,0.4223,-0.1693,0.1529,0.8813,-0.4472,-0.0489,0.4587,0.8872,25.5,0.584,3.472,0.591,1.47604,326.8,326.8,323.7,349.1,329.9,304.7,1165,0.288,14
1358,131.451,94.532,28.114,0.8895,0.4028,-0.2159,0.1631,0.8798,-0.4464,0.0126,0.4506,0.8926,25.5,0.5958,3.568,0.592,1.47743,328.5,326.0,325.1,348.3,331.9,303.9,1166,0.592,14
1359,133.192,95.3,27.647,0.8871,0.3805,-0.2612,0.1732,0.8782,-0.4458,0.075,0.4396,0.8951,25.5,0.6042,3.634,0.587,1.47807,330.3,325.2,326.6,347.5,333.9,303.2,1167,0.911,14
1360,134.927,96.023,27.091,0.8823,0.3575,-0.3063,0.1833,0.8764,-0.4453,0.138,0.4255,0.8944,25.5,0.6114,3.7,0.589,1.48697,332.0,324.5,328.1,346.7,335.8,302.6,1167,1.049,14
1361,136.649,96.701,26.448,0.8753,0.3343,-0.3493,0.1933,0.8745,-0.4448,0.1992,0.4089,0.8906,25.5,0.6169,3.64,0.584,1.44329,333.7,323.9,329.5,346.0,337.8,302.0,1168,0.719,14
1362,138.357,97.332,25.723,0.8672,0.3095,-0.3902,0.2033,0.8725,-0.4443,0.2586,0.3898,0.8839,25.5,0.6197,3.596,0.585,1.41849,335.4,323.3,331.0,345.3,339.7,301.5,1169,0.381,14
1363,140.047,97.912,24.919,0.8575,0.2825,-0.4299,0.2131,0.8705,-0.4436,0.3171,0.3678,0.8742,25.5,0.6194,3.624,0.574,1.43229,337.0,322.7,332.4,344.7,341.6,301.0,1170,0.035,14
1364,141.716,98.441,24.038,0.8451,0.2567,-0.4689,0.2229,0.8686,-0.4427,0.3738,0.3432,0.8617,25.5,0.6189,3.613,0.574,1.41452,338.6,322.2,333.8,344.2,343.5,300.5,1171,0.314,14
1365,143.359,98.918,23.083,0.8316,0.2292,-0.5059,0.2325,0.8666,-0.4414,0.4279,0.3164,0.8466,25.5,0.6153,3.566,0.567,1.40459,340.2,321.8,335.1,343.7,345.3,300.2,1172,0.665,14
1366,144.974,99.338,22.056,0.8163,0.199,-0.5423,0.2421,0.8648,-0.4398,0.4806,0.2869,0.8287,25.5,0.6082,3.61,0.567,1.45353,341.8,321.4,336.4,343.3,347.1,299.9,1173,1.015,14
1367,146.557,99.696,20.957,0.7981,0.1675,-0.5788,0.2515,0.8632,-0.4378,0.5322,0.2545,0.8075,25.5,0.5987,3.697,0.558,1.50684,343.3,321.1,337.7,342.9,348.8,299.6,1173,0.945,14
1368,148.102,99.994,19.788,0.7781,0.136,-0.6132,0.2607,0.8618,-0.4352,0.5796,0.2208,0.7844,25.5,0.5869,3.586,0.554,1.48408,344.7,320.9,338.9,342.6,350.5,299.4,1174,0.596,14
1369,149.606,100.229,18.555,0.757,0.1035,-0.6452,0.2696,0.8605,-0.4322,0.6224,0.1867,0.7601,25.5,0.572,3.431,0.543,1.46939,346.2,320.7,340.1,342.4,352.1,299.3,1175,0.252,14
1370,151.068,100.399,17.261,0.7346,0.0704,-0.6749,0.2783,0.8596,-0.4285,0.6606,0.1525,0.735,25.5,0.5541,3.271,0.544,1.45604,347.5,320.6,341.3,342.3,353.7,299.2,1176,0.088,14
1371,152.484,100.506,15.91,0.7102,0.0385,-0.703,0.2865,0.859,-0.4243,0.6953,0.1182,0.7089,25.5,0.5348,3.171,0.529,1.43315,348.8,320.6,342.4,342.2,355.2,299.2,1177,0.42,14
1372,153.852,100.55,14.507,0.6854,0.0065,-0.7282,0.2943,0.8588,-0.4194,0.7251,0.0852,0.6833,25.5,0.5127,2.94,0.528,1.39431,350.1,320.6,343.4,342.2,356.7,299.3,1178,0.743,14
1373,155.17,100.53,13.057,0.6593,-0.0268,-0.7514,0.3015,0.859,-0.4139,0.7515,0.053,0.6576,25.5,0.4868,2.804,0.519,1.41085,351.3,320.7,344.4,342.3,358.1,299.4,1179,1.055,14
1374,156.434,100.444,11.563,0.6304,-0.0607,-0.7739,0.3082,0.8596,-0.4076,0.7759,0.0208,0.6305,25.5,0.4576,2.788,0.528,1.45935,352.4,320.9,345.4,342.5,359.4,299.6,1179,0.905,14
1375,157.641,100.293,10.026,0.601,-0.0936,-0.7938,0.3143,0.8607,-0.4006,0.7967,-0.0096,0.6043,25.5,0.4263,2.59,0.536,1.41526,353.5,321.1,346.3,342.8,360.6,299.8,1180,0.608,14
1376,158.789,100.077,8.453,0.5709,-0.1272,-0.8111,0.3198,0.8623,-0.3927,0.8143,-0.0383,0.5791,25.5,0.3914,2.41,0.559,1.41267,354.5,321.5,347.2,343.1,361.8,300.0,1181,0.33,14
1377,159.877,99.793,6.848,0.5381,-0.163,-0.827,0.3246,0.8645,-0.3838,0.8303,-0.0662,0.5533,25.5,0.3512,2.363,0.593,1.49392,355.5,321.8,348.0,343.5,362.9,300.4,1182,0.073,14
1378,160.896,99.438,5.212,0.5015,-0.1992,-0.8419,0.3288,0.8673,-0.3737,0.8454,-0.094,0.5258,25.5,0.3067,2.402,0.647,1.56707,356.4,322.3,348.8,344.0,363.9,300.7,1183,0.16,14
1379,161.844,99.013,3.55,0.4665,-0.2337,-0.8531,0.3325,0.8706,-0.3626,0.8572,-0.1186,0.5012,25.5,0.261,2.105,0.697,1.47386,357.2,322.8,349.5,344.6,364.8,301.2,1184,0.368,14
1380,162.726,98.523,1.87,0.4335,-0.2665,-0.8609,0.3356,0.8744,-0.3504,0.8662,-0.1403,0.4796,25.5,0.2141,1.829,0.753,1.37943,357.9,323.4,350.1,345.3,365.6,301.7,1185,0.548,14
1381,163.539,97.968,0.176,0.3962,-0.3,-0.8678,0.3384,0.8786,-0.337,0.8752,-0.1623,0.4557,25.5,0.1629,1.931,0.82,1.47977,358.6,324.0,350.7,346.1,366.4,302.2,1186,0.699,14
1382,164.28,97.348,-1.529,0.3604,-0.3319,-0.8718,0.3408,0.8831,-0.3225,0.8823,-0.182,0.4341,25.5,0.1109,1.724,0.881,1.40688,359.1,324.7,351.2,346.9,367.0,302.8,1187,0.818,14
1383,164.953,96.667,-3.239,0.3262,-0.3631,-0.8728,0.343,0.8878,-0.3068,0.8877,-0.1996,0.4148,25.5,0.0573,1.528,0.947,1.3539,359.7,325.5,351.6,347.8,367.6,303.4,1188,0.901,14
1384,165.556,95.924,-4.949,0.2886,-0.3952,-0.8721,0.3451,0.8927,-0.2899,0.893,-0.2173,0.394,25.5,0.0004,1.594,1.015,1.44576,360.1,326.3,352.0,348.7,368.2,304.1,1189,0.945,14
1385,166.084,95.119,-6.656,0.2505,-0.4266,-0.8691,0.3472,0.8976,-0.2716,0.8975,-0.2341,0.3736,25.5,0.0599,1.536,1.092,1.44622,360.5,327.2,352.3,349.8,368.6,304.9,1190,0.943,14
1386,166.539,94.252,-8.354,0.2137,-0.4576,-0.8631,0.3493,0.9025,-0.2519,0.9008,-0.2495,0.3553,25.5,0.1209,1.383,1.169,1.41778,360.8,328.2,352.5,350.8,369.0,305.7,1191,0.891,14
1387,166.92,93.324,-10.037,0.1738,-0.4899,-0.8543,0.3516,0.9073,-0.2307,0.9039,-0.2649,0.3358,25.5,0.1863,1.435,1.252,1.523,361.0,329.2,352.6,352.0,369.3,306.6,1192,0.788,14
1388,167.221,92.334,-11.701,0.1333,-0.5205,-0.8434,0.3538,0.9119,-0.2079,0.9066,-0.2798,0.3159,25.5,0.2521,1.433,1.339,1.51818,361.1,330.3,352.6,353.2,369.6,307.5,1193,0.631,14
1389,167.445,91.286,-13.342,0.0958,-0.5481,-0.8309,0.3556,0.9165,-0.1834,0.9086,-0.2929,0.2979,25.5,0.3159,1.281,1.432,1.40962,361.2,331.4,352.6,354.4,369.8,308.5,1194,0.422,14
1390,167.594,90.185,-14.956,0.0559,-0.5754,-0.816,0.3564,0.921,-0.1575,0.911,-0.305,0.2775,25.5,0.3815,1.366,1.507,1.47932,361.2,332.6,352.5,355.7,369.8,309.5,1195,0.157,14
1391,167.666,89.032,-16.54,0.018,-0.6004,-0.7995,0.3554,0.9256,-0.1303,0.9137,-0.3147,0.2569,25.5,0.4452,1.314,1.582,1.41246,361.1,333.8,352.4,357.0,369.8,310.6,1196,0.165,14
1392,167.667,87.833,-18.089,-0.0169,-0.6232,-0.7819,0.3518,0.9305,-0.1021,0.9172,-0.3209,0.2359,25.5,0.506,1.271,1.653,1.32309,361.0,335.0,352.3,358.4,369.6,311.7,1197,0.548,14
1393,167.593,86.59,-19.603,-0.0575,-0.6451,-0.7619,0.3445,0.9359,-0.0732,0.9237,-0.324,0.2046,25.5,0.5678,1.84,1.736,1.47024,360.8,336.3,352.3,359.9,369.3,312.8,1199,0.45,14
1394,167.446,85.304,-21.074,-0.0914,-0.668,-0.7386,0.3318,0.9423,-0.0442,0.9314,-0.3198,0.174,25.5,0.6271,1.824,1.851,1.37655,360.5,337.7,352.2,361.4,368.8,314.0,1200,0.136,14
1395,167.236,83.971,-22.494,-0.128,-0.6919,-0.7105,0.3121,0.9499,-0.0152,0.9426,-0.3076,0.1297,25.5,0.6864,2.71,2.056,1.51955,360.2,339.1,352.3,363.0,368.0,315.2,1202,0.457,14
1396,166.946,82.592,-23.857,-0.163,-0.7155,-0.6793,0.2838,0.9588,0.0124,0.9563,-0.2839,0.0696,25.5,0.7407,3.785,2.322,1.53494,359.8,340.5,352.6,364.6,366.9,316.3,1203,0.318,14
1397,166.617,81.162,-25.156,-0.1672,-0.7445,-0.6464,0.2456,0.9687,0.0364,0.9685,-0.2468,0.0338,25.5,0.7858,3.036,2.647,1.2882,359.3,342.0,353.1,366.3,365.6,317.5,1205,0.074,14
1398,166.266,79.677,-26.385,-0.1869,-0.7719,-0.6076,0.1973,0.9788,0.0543,0.9794,-0.1944,-0.0543,25.5,0.8254,5.909,3.008,1.50367,358.9,343.5,353.8,368.1,363.9,318.8,1207,0.035,14
1399,165.909,78.135,-27.54,-0.1713,-0.8017,-0.5726,0.1421,0.9878,0.064,0.9852,-0.1348,-0.1059,25.5,0.8529,4.53,3.253,1.41948,358.4,345.0,354.7,369.9,362.1,320.1,1209,0.184,14
1400,165.592,76.534,-28.626,-0.1551,-0.831,-0.5342,0.0846,0.9944,0.0632,0.9824,-0.0727,-0.1721,25.5,0.8732,5.205,3.317,1.48971,358.0,346.7,355.7,371.7,360.3,321.6,1212,0.23,14
1401,165.308,74.882,-29.64,-0.1332,-0.8544,-0.5023,0.0315,0.9983,0.0491,0.9742,-0.0197,-0.2249,25.5,0.8818,4.313,3.156,1.32217,357.6,348.3,356.7,373.4,358.5,323.2,1215,0.238,14
1402,165.087,73.184,-30.592,-0.0922,-0.8785,-0.4687,-0.0109,0.9998,0.0191,0.9755,0.0149,-0.2197,25.5,0.8863,2.006,2.977,1.70293,357.3,350.0,357.6,375.1,357.1,324.9,1218,0.12,14
1403,164.907,71.45,-31.487,-0.1016,-0.8883,-0.4479,-0.0436,0.9988,-0.0214,0.9571,0.0356,-0.2877,25.5,0.8732,4.208,2.983,0.72627,357.1,351.8,358.2,376.8,355.9,326.8,1222,0.034,14
1404,164.666,69.709,-32.355,-0.1378,-0.8904,-0.4337,-0.0717,0.9954,-0.0631,0.9238,0.0424,-0.3805,25.5,0.8491,5.665,2.888,1.13871,356.8,353.5,358.7,378.4,354.8,328.7,1225,0.068,14
1405,164.379,67.96,-33.19,-0.1551,-0.8935,-0.4214,-0.0979,0.9901,-0.101,0.9024,0.0455,-0.4286,25.5,0.8269,3.022,2.657,0.62713,356.4,355.3,359.1,380.0,353.7,330.6,1227,0.394,14
1406,164.059,66.211,-34.016,-0.1711,-0.8897,-0.4233,-0.1223,0.9832,-0.1354,0.8876,0.0473,-0.4582,25.5,0.7965,1.899,2.449,0.484,356.0,357.0,359.4,381.5,352.7,332.6,1229,0.363,14
1407,163.709,64.476,-34.856,-0.1856,-0.8824,-0.4324,-0.1446,0.9753,-0.167,0.878,0.0487,-0.4762,25.5,0.7616,1.172,2.262,0.54411,355.6,358.7,359.6,383.1,351.6,334.6,1231,0.091,15
1408,163.334,62.749,-35.704,-0.1969,-0.8794,-0.4335,-0.1649,0.9665,-0.1965,0.869,0.0482,-0.4924,25.5,0.7323,1.062,2.113,0.34327,355.2,360.5,359.7,384.5,350.6,336.5,1232,0.485,15
1409,162.937,61.029,-36.556,-0.2089,-0.875,-0.4367,-0.1832,0.9573,-0.2238,0.8615,0.0467,-0.5056,25.5,0.7016,0.874,1.956,0.38518,354.7,362.2,359.8,386.0,349.6,338.5,1234,0.703,15
1410,162.515,59.32,-37.417,-0.2219,-0.8693,-0.4417,-0.1998,0.9477,-0.249,0.8549,0.0444,-0.5169,25.5,0.6695,0.761,1.814,0.43997,354.2,363.9,359.8,387.4,348.7,340.5,1235,0.5,15
1411,162.066,57.623,-38.289,-0.2364,-0.862,-0.4484,-0.2149,0.9379,-0.2722,0.8487,0.0415,-0.5272,25.5,0.6356,0.709,1.683,0.51341,353.7,365.6,359.7,388.9,347.7,342.5,1236,0.414,15
1412,161.594,55.939,-39.174,-0.2453,-0.8566,-0.454,-0.2288,0.9282,-0.2933,0.8455,0.0402,-0.5325,25.5,0.6058,0.362,1.551,0.34561,353.2,367.3,359.5,390.3,346.8,344.4,1237,0.442,15
1413,161.103,54.266,-40.068,-0.2561,-0.8511,-0.4583,-0.2416,0.9186,-0.3126,0.8411,0.0375,-0.5396,25.5,0.5767,0.503,1.436,0.37594,352.6,368.9,359.3,391.7,345.9,346.3,1238,0.579,15
1414,160.588,52.603,-40.969,-0.2694,-0.8452,-0.4616,-0.2534,0.9092,-0.3303,0.8353,0.0334,-0.5488,25.5,0.5477,0.666,1.333,0.43616,352.0,370.6,359.1,393.1,345.0,348.2,1239,0.824,15
1415,160.045,50.953,-41.876,-0.2856,-0.8386,-0.4638,-0.2644,0.9,-0.3465,0.8281,0.0277,-0.56,25.5,0.5185,0.83,1.24,0.51541,351.4,372.2,358.8,394.5,344.1,350.1,1239,1.136,15
1416,159.467,49.317,-42.787,-0.3049,-0.8309,-0.4654,-0.2747,0.891,-0.3614,0.8194,0.0202,-0.5729,25.5,0.4884,0.99,1.159,0.60936,350.8,373.8,358.4,395.9,343.2,352.0,1240,0.787,15
1417,158.86,47.696,-43.706,-0.315,-0.8233,-0.4722,-0.2844,0.8822,-0.3753,0.8169,0.0181,-0.5765,25.5,0.4595,0.278,1.094,0.4196,350.1,375.4,358.0,397.3,342.2,353.8,1241,0.337,15
1418,158.229,46.089,-44.635,-0.3299,-0.816,-0.4747,-0.2937,0.8736,-0.3881,0.8108,0.0126,-0.5852,25.5,0.4317,0.686,1.032,0.49053,349.4,377.0,357.6,398.6,341.3,355.6,1242,0.209,15
1419,157.563,44.497,-45.564,-0.3501,-0.8086,-0.4729,-0.3025,0.8652,-0.4,0.8011,0.0033,-0.5986,25.5,0.4045,1.087,0.975,0.63111,348.7,378.6,357.1,400.0,340.3,357.4,1243,0.842,15
1420,156.852,42.92,-46.486,-0.3764,-0.8004,-0.4665,-0.3109,0.857,-0.411,0.7869,-0.0105,-0.617,25.5,0.3772,1.549,0.922,0.82684,347.9,380.2,356.5,401.3,339.4,359.2,1243,1.118,15
1421,156.083,41.361,-47.39,-0.4086,-0.7906,-0.456,-0.3189,0.849,-0.4212,0.7685,-0.0285,-0.6392,25.5,0.3488,1.948,0.873,1.03093,347.1,381.7,355.9,402.7,338.3,361.0,1244,0.398,15
1422,155.258,39.822,-48.279,-0.4342,-0.7795,-0.4514,-0.3267,0.8413,-0.4308,0.7551,-0.0418,-0.6543,25.5,0.3195,1.385,0.835,0.82681,346.2,383.2,355.3,404.0,337.2,362.7,1245,0.405,15
1423,154.379,38.306,-49.156,-0.4633,-0.7675,-0.443,-0.3342,0.8337,-0.4396,0.7385,-0.0581,-0.6717,25.5,0.2903,1.665,0.793,0.95261,345.3,384.7,354.5,405.3,336.1,364.4,1246,1.291,15
1424,153.44,36.814,-50.013,-0.4952,-0.7546,-0.4305,-0.3415,0.8264,-0.4477,0.7187,-0.0774,-0.691,25.5,0.2618,1.932,0.752,1.07041,344.3,386.2,353.7,406.6,335.0,366.0,1246,0.669,15
1425,152.436,35.349,-50.841,-0.529,-0.7408,-0.4139,-0.3485,0.8193,-0.4552,0.6957,-0.0993,-0.7114,25.5,0.2342,2.163,0.715,1.17265,343.2,387.6,352.9,407.9,333.7,367.6,1247,0.303,15
1426,151.367,33.914,-51.64,-0.5624,-0.723,-0.4012,-0.3553,0.8125,-0.4621,0.6741,-0.1198,-0.7289,25.5,0.2022,1.979,0.678,1.16723,342.1,389.0,352.0,409.1,332.5,369.2,1248,1.368,15
1427,150.233,32.514,-52.411,-0.594,-0.7062,-0.3853,-0.362,0.8059,-0.4685,0.6512,-0.141,-0.7457,25.5,0.1736,2.031,0.652,1.14502,341.0,390.4,351.0,410.3,331.1,370.8,1248,0.593,15
1428,149.04,31.144,-53.148,-0.6224,-0.6919,-0.366,-0.3684,0.7996,-0.4743,0.6279,-0.1622,-0.7612,25.5,0.1504,2.012,0.613,1.08749,339.8,391.7,349.9,411.5,329.8,372.3,1249,0.573,15
1429,147.797,29.8,-53.844,-0.6462,-0.6809,-0.3447,-0.3747,0.7935,-0.4796,0.6054,-0.1824,-0.7747,25.5,0.1328,1.897,0.587,0.98771,338.5,393.1,348.8,412.7,328.3,373.7,1249,1.388,15
1430,146.506,28.48,-54.504,-0.6709,-0.6643,-0.3295,-0.3808,0.7875,-0.4845,0.5848,-0.2007,-0.786,25.5,0.108,1.706,0.565,0.977,337.2,394.4,347.6,413.8,326.9,375.2,1250,0.127,15
1431,145.17,27.193,-55.134,-0.6924,-0.6502,-0.3128,-0.3868,0.7818,-0.489,0.5647,-0.2184,-0.7959,25.5,0.0875,1.636,0.54,0.89636,335.9,395.6,346.4,414.9,325.4,376.6,1251,1.225,15
1432,143.795,25.929,-55.728,-0.7101,-0.6405,-0.2925,-0.3926,0.7763,-0.4931,0.5444,-0.236,-0.8049,25.5,0.0742,1.624,0.515,0.83693,334.5,396.9,345.2,416.0,323.9,377.9,1251,0.736,15
1433,142.388,24.68,-56.278,-0.7248,-0.6345,-0.2685,-0.3983,0.771,-0.4969,0.5235,-0.2538,-0.8134,25.5,0.0671,1.647,0.496,0.8413,333.1,398.1,343.9,417.1,322.4,379.3,1252,0.686,15
1434,140.956,23.439,-56.777,-0.7369,-0.6317,-0.2406,-0.4038,0.7659,-0.5004,0.5014,-0.2722,-0.8213,25.5,0.0659,1.709,0.474,0.8929,331.6,399.3,342.6,418.2,320.8,380.6,1252,1.275,15
1435,139.495,22.214,-57.23,-0.753,-0.6197,-0.2212,-0.4093,0.7609,-0.5036,0.481,-0.2891,-0.8277,25.5,0.0519,1.562,0.464,0.81635,330.2,400.5,341.3,419.3,319.2,381.9,1253,0.203,15
1436,138.006,21.008,-57.643,-0.7655,-0.6116,-0.1999,-0.4146,0.756,-0.5065,0.4614,-0.3051,-0.8331,25.5,0.0437,1.482,0.446,0.75985,328.7,401.6,340.0,420.3,317.6,383.2,1254,1.719,15
1437,136.496,19.814,-58.012,-0.775,-0.607,-0.1761,-0.4198,0.7514,-0.5092,0.4417,-0.321,-0.8378,25.5,0.0411,1.475,0.427,0.76114,327.2,402.8,338.6,421.4,316.0,384.5,1254,0.243,15
1438,134.97,18.626,-58.331,-0.7819,-0.6054,-0.1489,-0.4248,0.7468,-0.5116,0.4213,-0.3371,-0.8419,25.5,0.0438,1.507,0.413,0.82165,325.7,404.0,337.2,422.4,314.4,385.8,1255,1.301,15
1439,133.433,17.439,-58.593,-0.7861,-0.6068,-0.1173,-0.4298,0.7425,-0.5138,0.3995,-0.354,-0.8456,25.5,0.0524,1.595,0.398,0.93298,324.2,405.1,335.8,423.5,312.8,387.0,1255,0.66,15
1440,131.886,16.253,-58.794,-0.7935,-0.6022,-0.0884,-0.4347,0.7382,-0.5159,0.3764,-0.3714,-0.8487,25.5,0.054,1.667,0.392,0.88247,322.7,406.3,334.4,424.5,311.2,388.3,1256,0.895,15
1441,130.324,15.078,-58.938,-0.7998,-0.5975,-0.0587,-0.4395,0.7341,-0.5177,0.3529,-0.3889,-0.851,25.5,0.0567,1.684,0.376,0.89822,321.2,407.4,333.0,425.6,309.5,389.5,1256,1.065,15
1442,128.753,13.909,-59.023,-0.803,-0.5953,-0.0279,-0.4441,0.7301,-0.5193,0.3302,-0.4055,-0.8524,25.5,0.0635,1.613,0.361,0.90764,319.7,408.5,331.6,426.6,307.9,390.7,1257,0.491,15
1443,127.179,12.743,-59.048,-0.8031,-0.5958,0.0022,-0.4487,0.7262,-0.5208,0.3095,-0.4204,-0.8529,25.5,0.0735,1.462,0.356,0.88024,318.1,409.7,330.2,427.6,306.3,391.9,1257,1.47,15
1444,125.607,11.572,-59.015,-0.8005,-0.5986,0.0302,-0.4532,0.7225,-0.5221,0.2918,-0.4332,-0.8527,25.5,0.0855,1.252,0.342,0.82613,316.6,410.8,328.8,428.7,304.6,393.2,1258,0.081,15
1445,124.038,10.402,-58.926,-0.8017,-0.5945,0.0618,-0.4576,0.7189,-0.5233,0.2678,-0.4497,-0.8521,25.5,0.0929,1.669,0.333,0.93231,315.1,411.9,327.4,429.7,303.0,394.4,1259,1.624,15
1446,122.466,9.24,-58.777,-0.8017,-0.5911,0.0894,-0.4619,0.7154,-0.5243,0.2472,-0.4639,-0.8507,25.5,0.0994,1.436,0.323,0.813,313.6,413.1,325.9,430.8,301.4,395.6,1259,0.336,15
1447,120.897,8.083,-58.58,-0.799,-0.591,0.111,-0.4661,0.712,-0.5252,0.2326,-0.4741,-0.8492,25.5,0.1067,1.024,0.314,0.63637,312.1,414.2,324.5,431.8,299.8,396.8,1260,1.195,15
1448,119.336,6.922,-58.345,-0.7944,-0.594,0.1272,-0.4702,0.7087,-0.526,0.2237,-0.4808,-0.8478,25.5,0.1143,0.643,0.305,0.5001,310.6,415.3,323.1,432.9,298.2,398.0,1260,0.767,15
1449,117.785,5.753,-58.084,-0.7881,-0.5998,0.1384,-0.4743,0.7055,-0.5266,0.2199,-0.4843,-0.8468,25.5,0.1222,0.302,0.3,0.41221,309.1,416.4,321.7,433.9,296.7,399.2,1261,0.743,15
1450,116.248,4.569,-57.806,-0.7804,-0.6082,0.1452,-0.4783,0.7024,-0.5272,0.2205,-0.485,-0.8462,25.5,0.1305,0.063,0.292,0.38793,307.6,417.6,320.4,435.0,295.1,400.4,1261,1.218,15
1451,114.726,3.371,-57.512,-0.7743,-0.6124,0.1595,-0.4822,0.6993,-0.5277,0.2137,-0.4903,-0.845,25.5,0.1391,0.499,0.287,0.47097,306.2,418.7,319.0,436.1,293.5,401.6,1262,0.257,15
1452,113.212,2.171,-57.18,-0.77,-0.6128,0.1776,-0.486,0.6963,-0.5281,0.2022,-0.4984,-0.8431,25.5,0.1463,0.813,0.278,0.54396,304.7,419.9,317.6,437.2,292.0,402.8,1263,1.682,15
1453,111.708,0.968,-56.82,-0.7655,-0.615,0.1894,-0.4898,0.6934,-0.5285,0.1959,-0.5032,-0.8417,25.5,0.1516,0.461,0.275,0.3747,303.3,421.1,316.3,438.3,290.5,404.1,1263,0.282,15
1454,110.212,-0.241,-56.441,-0.7607,-0.6187,0.1962,-0.4935,0.6905,-0.5288,0.1941,-0.5052,-0.8409,25.5,0.1556,0.161,0.27,0.26625,301.9,422.2,314.9,439.4,289.0,405.3,1264,1.085,15
1455,108.726,-1.459,-56.053,-0.7556,-0.6242,0.1985,-0.4971,0.6877,-0.5291,0.1962,-0.5049,-0.8406,25.5,0.1587,0.123,0.262,0.22934,300.4,423.4,313.6,440.6,287.5,406.5,1264,0.878,15
1456,107.25,-2.689,-55.665,-0.7501,-0.6314,0.1967,-0.5007,0.6849,-0.5293,0.2021,-0.5021,-0.8409,25.5,0.161,0.375,0.262,0.27003,299.0,424.6,312.3,441.7,286.0,407.8,1265,0.41,15
1457,105.786,-3.936,-55.285,-0.7439,-0.6405,0.1908,-0.5042,0.6822,-0.5296,0.2119,-0.4967,-0.8416,25.5,0.1629,0.642,0.254,0.36517,297.6,425.8,311.0,442.8,284.5,409.0,1265,1.553,15
1458,104.334,-5.202,-54.92,-0.7367,-0.6518,0.1802,-0.5076,0.6795,-0.5297,0.2259,-0.4883,-0.8429,25.5,0.1644,0.938,0.249,0.4994,296.2,427.0,309.6,444.0,283.0,410.3,1266,0.357,15
1459,102.9,-6.492,-54.582,-0.7277,-0.6653,0.1668,-0.511,0.6768,-0.5299,0.2431,-0.4775,-0.8443,25.5,0.1668,1.166,0.249,0.61542,294.9,428.3,308.3,445.2,281.6,411.6,1267,0.76,15
1460,101.484,-7.807,-54.252,-0.7167,-0.6764,0.1694,-0.5143,0.6742,-0.5301,0.2483,-0.4745,-0.8445,25.5,0.1772,0.344,0.241,0.46313,293.5,429.6,307.1,446.4,280.2,413.0,1267,1.2,15
1461,100.089,-9.143,-53.92,-0.7076,-0.6863,0.1685,-0.5175,0.6717,-0.5302,0.2551,-0.4704,-0.8448,25.5,0.1841,0.455,0.233,0.39399,292.2,430.9,305.8,447.7,278.8,414.3,1268,0.163,15
1462,98.71,-10.496,-53.594,-0.7001,-0.6949,0.1639,-0.5206,0.6691,-0.5303,0.2635,-0.4649,-0.8452,25.5,0.1874,0.576,0.232,0.35965,290.9,432.2,304.5,449.0,277.4,415.7,1269,0.818,15
1463,97.343,-11.866,-53.28,-0.6945,-0.7025,0.1557,-0.5236,0.6667,-0.5305,0.2737,-0.458,-0.8458,25.5,0.1873,0.706,0.22,0.36556,289.5,433.5,303.3,450.2,276.0,417.0,1269,1.143,15
1464,95.986,-13.249,-52.986,-0.6906,-0.7089,0.1435,-0.5266,0.6642,-0.5306,0.2856,-0.4496,-0.8463,25.5,0.1833,0.835,0.224,0.41856,288.2,434.9,302.1,451.5,274.6,418.4,1270,0.225,15
1465,94.635,-14.644,-52.72,-0.6884,-0.7141,0.1271,-0.5294,0.6619,-0.5307,0.2995,-0.4395,-0.8469,25.5,0.1757,0.985,0.208,0.50705,286.9,436.2,300.8,452.9,273.3,419.8,1271,0.649,15
1466,93.286,-16.047,-52.491,-0.688,-0.7179,0.1061,-0.5322,0.6596,-0.5308,0.3153,-0.4274,-0.8473,25.5,0.1637,1.14,0.208,0.62402,285.6,437.6,299.6,454.2,271.9,421.3,1271,1.311,15
1467,91.937,-17.457,-52.307,-0.6879,-0.721,0.0828,-0.5348,0.6574,-0.5309,0.3322,-0.4142,-0.8474,25.5,0.1501,1.229,0.195,0.6872,284.3,439.0,298.3,455.5,270.5,422.7,1272,0.478,15
1468,90.594,-18.876,-52.16,-0.6836,-0.7267,0.0671,-0.5373,0.6552,-0.531,0.3456,-0.4033,-0.8473,25.5,0.1445,0.99,0.191,0.50435,283.0,440.3,297.1,456.8,269.2,424.1,1273,0.328,15
1469,89.258,-20.305,-52.045,-0.6793,-0.7322,0.0498,-0.5397,0.6531,-0.5311,0.3598,-0.3914,-0.847,25.5,0.138,1.062,0.183,0.54536,281.7,441.7,295.9,458.2,267.8,425.5,1274,1.11,15
1470,87.931,-21.745,-51.966,-0.6749,-0.7373,0.0311,-0.542,0.6511,-0.5312,0.3747,-0.3786,-0.8463,25.5,0.1308,1.126,0.175,0.58112,280.5,443.1,294.6,459.5,266.5,427.0,1274,0.851,15
1471,86.613,-23.195,-51.924,-0.6706,-0.7418,0.0114,-0.5442,0.6492,-0.5313,0.3897,-0.3653,-0.8454,25.5,0.1227,1.15,0.167,0.60402,279.2,444.5,293.4,460.9,265.2,428.4,1275,0.085,15
1472,85.303,-24.652,-51.921,-0.6664,-0.7455,-0.0087,-0.5463,0.6474,-0.5314,0.4044,-0.3517,-0.8442,25.5,0.114,1.15,0.159,0.60996,277.9,446.0,292.2,462.3,263.9,429.9,1276,0.681,15
1473,84.0,-26.116,-51.958,-0.6626,-0.7485,-0.0286,-0.5483,0.6456,-0.5315,0.4186,-0.3383,-0.8428,25.5,0.1047,1.122,0.154,0.59883,276.6,447.4,290.9,463.7,262.6,431.3,1276,1.279,15
1474,82.705,-27.586,-52.034,-0.659,-0.7505,-0.0496,-0.5502,0.644,-0.5316,0.4328,-0.3245,-0.8411,25.5,0.0944,1.139,0.142,0.62548,275.4,448.8,289.7,465.1,261.3,432.8,1277,0.522,15
1475,81.418,-29.058,-52.155,-0.655,-0.752,-0.0734,-0.552,0.6424,-0.5317,0.4485,-0.3088,-0.8387,25.5,0.0825,1.28,0.138,0.70699,274.1,450.2,288.5,466.5,260.0,434.2,1278,0.238,15
1476,80.138,-30.534,-52.319,-0.6503,-0.7538,-0.0941,-0.5536,0.6409,-0.5317,0.4624,-0.2945,-0.8364,25.5,0.0731,1.15,0.126,0.62286,272.9,451.7,287.3,467.9,258.7,435.7,1279,1.003,15
1477,78.869,-32.013,-52.521,-0.6452,-0.7559,-0.1113,-0.5552,0.6395,-0.5318,0.4741,-0.2819,-0.8341,25.5,0.066,0.994,0.122,0.52812,271.6,453.1,286.1,469.3,257.4,437.1,1279,0.958,15
1478,77.61,-33.496,-52.753,-0.6398,-0.7584,-0.1246,-0.5567,0.6382,-0.5318,0.4837,-0.2714,-0.8321,25.5,0.0616,0.823,0.114,0.42599,270.4,454.5,284.8,470.7,256.2,438.6,1280,0.19,15
1479,76.361,-34.985,-53.007,-0.6345,-0.7612,-0.1343,-0.5581,0.6369,-0.5318,0.4912,-0.2629,-0.8304,25.5,0.0593,0.657,0.109,0.33336,269.2,456.0,283.6,472.1,254.9,440.1,1281,0.612,15
1480,75.123,-36.48,-53.277,-0.6293,-0.7644,-0.1404,-0.5595,0.6357,-0.5318,0.4966,-0.2566,-0.8292,25.5,0.0592,0.48,0.106,0.25232,268.0,457.4,282.5,473.6,253.7,441.5,1281,1.353,15
1481,73.894,-37.981,-53.555,-0.6244,-0.7678,-0.1434,-0.5607,0.6347,-0.5318,0.5002,-0.2522,-0.8284,25.5,0.061,0.329,0.089,0.19519,266.8,458.9,281.3,475.0,252.5,443.0,1282,0.542,15
1482,72.677,-39.489,-53.844,-0.617,-0.7712,-0.1565,-0.5619,0.6336,-0.5318,0.5101,-0.2406,-0.8258,25.5,0.0587,0.886,0.093,0.45118,265.6,460.3,280.1,476.4,251.2,444.5,1283,0.283,15
1483,71.476,-41.003,-54.169,-0.6092,-0.7737,-0.1742,-0.563,0.6327,-0.5317,0.5223,-0.2262,-0.8222,25.5,0.0539,1.101,0.082,0.57021,264.4,461.8,278.9,477.9,250.0,446.0,1284,1.102,15
1484,70.288,-42.522,-54.522,-0.6034,-0.7755,-0.1857,-0.5641,0.6318,-0.5316,0.5303,-0.2163,-0.8197,25.5,0.0509,0.743,0.082,0.38001,263.2,463.3,277.8,479.3,248.9,447.4,1284,0.86,15
1485,69.109,-44.044,-54.894,-0.5994,-0.7769,-0.1927,-0.5652,0.6309,-0.5316,0.5352,-0.21,-0.8182,25.5,0.0489,0.465,0.081,0.23914,262.1,464.7,276.6,480.8,247.7,448.9,1285,0.075,15
1486,67.937,-45.568,-55.276,-0.5966,-0.7783,-0.1958,-0.5662,0.6301,-0.5315,0.5376,-0.2065,-0.8175,25.5,0.0485,0.246,0.074,0.12878,260.9,466.2,275.5,482.2,246.5,450.4,1286,0.696,15
1487,66.769,-47.094,-55.66,-0.5951,-0.7795,-0.1955,-0.5672,0.6292,-0.5314,0.5379,-0.2056,-0.8176,25.5,0.049,0.055,0.077,0.05683,259.8,467.7,274.4,483.7,245.4,451.9,1286,1.265,15
1488,65.603,-48.624,-56.04,-0.5947,-0.7808,-0.1917,-0.5682,0.6284,-0.5312,0.5359,-0.2073,-0.8184,25.5,0.0509,0.157,0.074,0.11796,258.6,469.2,273.2,485.2,244.2,453.4,1287,0.565,15
1489,64.437,-50.156,-56.408,-0.5954,-0.782,-0.1841,-0.5693,0.6276,-0.5311,0.5316,-0.2118,-0.8201,25.5,0.054,0.37,0.078,0.22579,257.5,470.6,272.1,486.6,243.1,454.9,1288,0.064,15
1490,63.268,-51.69,-56.758,-0.5975,-0.7832,-0.1719,-0.5703,0.6267,-0.531,0.5245,-0.2196,-0.8226,25.5,0.0588,0.621,0.077,0.36354,256.3,472.1,271.0,488.1,241.9,456.4,1289,0.593,15
1491,62.094,-53.226,-57.078,-0.601,-0.7843,-0.1538,-0.5715,0.6258,-0.5308,0.5137,-0.2316,-0.8261,25.5,0.0657,0.947,0.087,0.54013,255.2,473.6,269.9,489.5,240.7,457.9,1290,1.016,15
1492,60.91,-54.765,-57.356,-0.6063,-0.785,-0.1269,-0.5726,0.6249,-0.5307,0.4973,-0.2498,-0.8308,25.5,0.076,1.429,0.082,0.80127,254.0,475.1,268.7,491.0,239.6,459.4,1290,0.945,15
1493,59.718,-56.303,-57.574,-0.61,-0.7864,-0.0971,-0.5739,0.6239,-0.5305,0.4797,-0.269,-0.8352,25.5,0.089,1.514,0.095,0.87948,252.9,476.6,267.6,492.5,238.4,460.9,1291,0.643,15
1494,58.521,-57.846,-57.738,-0.612,-0.7877,-0.0715,-0.5752,0.6228,-0.5304,0.4646,-0.2849,-0.8384,25.5,0.1006,1.27,0.098,0.75182,251.7,478.0,266.4,494.0,237.2,462.4,1292,0.468,15
1495,57.32,-59.39,-57.857,-0.6132,-0.7883,-0.0508,-0.5766,0.6216,-0.5302,0.4523,-0.2976,-0.8408,25.5,0.1095,1.022,0.106,0.60649,250.5,479.5,265.3,495.4,236.0,463.9,1293,0.422,15
1496,56.118,-60.935,-57.942,-0.6138,-0.7885,-0.0379,-0.578,0.6205,-0.53,0.4444,-0.3055,-0.8422,25.5,0.1144,0.645,0.103,0.37766,249.4,481.0,264.1,496.9,234.8,465.4,1294,0.494,15
1497,54.915,-62.48,-58.012,-0.614,-0.7886,-0.0346,-0.5794,0.6193,-0.5299,0.4422,-0.3073,-0.8427,25.5,0.1143,0.165,0.106,0.09667,248.2,482.5,263.0,498.4,233.6,466.9,1295,0.679,15
1498,53.712,-64.025,-58.085,-0.6137,-0.7885,-0.0415,-0.5809,0.618,-0.5297,0.446,-0.3027,-0.8423,25.5,0.1088,0.343,0.114,0.20195,247.0,484.0,261.9,499.9,232.4,468.4,1297,0.566,15
1499,52.51,-65.57,-58.18,-0.6128,-0.7881,-0.0575,-0.5824,0.6168,-0.5295,0.455,-0.2924,-0.8411,25.5,0.0988,0.787,0.111,0.46857,245.9,485.5,260.7,501.3,231.2,469.9,1298,0.0,15
