ring,cx,cy,cz,Tx,Ty,Tz,Bx,By,Bz,Nx,Ny,Nz,hw,obl,dN,dB,kappa,sx_c,sy_c,sx_L,sy_L,sx_R,sy_R,pose_ring,pose_dist,iv
0,-67.224,-360.416,260.002,0.5693,0.8222,0.0044,0.8335,-0.5488,0.0638,0.0549,-0.0327,-0.998,25.5,0.0236,0.0,0.0,0.0,116.4,843.3,91.7,826.5,141.2,860.1,0,0.0,0
1,-66.096,-358.774,260.009,0.5641,0.8257,0.0019,0.8307,-0.553,0.0646,0.0544,-0.0348,-0.9979,25.5,0.0121,0.124,0.293,0.19402,117.7,841.4,93.1,824.5,142.4,858.3,2,0.286,0
2,-64.975,-357.126,260.011,0.5607,0.828,0.0003,0.8278,-0.5571,0.0653,0.0542,-0.0364,-0.9979,25.5,0.0029,0.092,0.29,0.12667,119.0,839.5,94.5,822.4,143.7,856.5,3,0.56,0
3,-63.86,-355.474,260.01,0.5587,0.8294,-0.0007,0.8249,-0.5614,0.0661,0.0544,-0.0375,-0.9978,25.5,0.0048,0.064,0.301,0.07584,120.4,837.5,95.9,820.4,144.9,854.7,5,0.14,0
4,-62.747,-353.82,260.008,0.5583,0.8297,-0.0009,0.8218,-0.5658,0.0668,0.0549,-0.038,-0.9978,25.5,0.0107,0.04,0.311,0.01546,121.7,835.6,97.3,818.3,146.1,852.9,7,0.631,0
5,-61.634,-352.168,260.007,0.5593,0.829,-0.0004,0.8186,-0.5704,0.0675,0.0557,-0.0381,-0.9977,25.5,0.015,0.046,0.324,0.03791,123.0,833.7,98.7,816.2,147.3,851.1,8,0.177,0
6,-60.517,-350.517,260.007,0.5618,0.8273,0.0008,0.8152,-0.5752,0.0681,0.0568,-0.0376,-0.9977,25.5,0.0178,0.069,0.339,0.09351,124.3,831.7,100.1,814.1,148.5,849.4,9,0.185,0
7,-59.393,-348.871,260.011,0.5658,0.8245,0.0027,0.8115,-0.5803,0.0687,0.0583,-0.0367,-0.9976,25.5,0.0191,0.1,0.363,0.15061,125.6,829.8,101.5,812.1,149.7,847.6,10,0.38,0
8,-58.26,-347.231,260.019,0.5716,0.8205,0.0055,0.8075,-0.5857,0.0693,0.0601,-0.0351,-0.9976,25.5,0.0186,0.138,0.387,0.21798,126.9,827.9,102.9,810.0,150.9,845.8,11,0.458,0
9,-57.114,-345.602,260.033,0.5793,0.8151,0.0093,0.8033,-0.5915,0.0698,0.0624,-0.033,-0.9975,25.5,0.0161,0.179,0.411,0.29168,128.2,826.0,104.4,807.9,152.1,844.1,12,0.422,0
10,-55.95,-343.984,260.057,0.5892,0.8079,0.0142,0.7986,-0.5977,0.0702,0.0652,-0.0301,-0.9974,25.5,0.0113,0.231,0.446,0.37898,129.6,824.1,105.9,805.8,153.4,842.4,13,0.282,0
11,-54.763,-342.382,260.091,0.6017,0.7985,0.0204,0.7935,-0.6044,0.0706,0.0687,-0.0263,-0.9973,25.5,0.0037,0.296,0.483,0.48354,131.0,822.2,107.4,803.8,154.6,840.7,14,0.045,0
12,-53.554,-340.8,260.138,0.6112,0.791,0.0273,0.788,-0.6116,0.0708,0.0728,-0.0218,-0.9971,25.5,0.0002,0.349,0.519,0.4008,132.4,820.4,109.0,801.7,155.8,839.1,15,0.282,0
13,-52.328,-339.23,260.199,0.6197,0.7841,0.0337,0.7821,-0.6191,0.0711,0.0766,-0.0176,-0.9969,25.5,0.0016,0.325,0.547,0.36458,133.8,818.6,110.6,799.7,157.1,837.5,16,0.689,0
14,-51.084,-337.675,260.272,0.6286,0.7767,0.0392,0.7758,-0.6269,0.0712,0.0799,-0.0144,-0.9967,25.5,0.0035,0.264,0.575,0.36844,135.3,816.8,112.2,797.7,158.4,836.0,17,1.169,0
15,-49.822,-336.135,260.354,0.6376,0.7692,0.0433,0.7693,-0.6349,0.0714,0.0824,-0.0122,-0.9965,25.5,0.0052,0.191,0.591,0.35691,136.7,815.0,113.9,795.6,159.6,834.4,17,0.825,0
16,-48.543,-334.61,260.443,0.6461,0.7619,0.0457,0.7626,-0.6429,0.0716,0.0839,-0.0114,-0.9964,25.5,0.0062,0.098,0.598,0.32946,138.2,813.2,115.6,793.6,160.9,832.9,18,0.288,0
17,-47.248,-333.098,260.535,0.6539,0.7552,0.0462,0.7558,-0.6508,0.0718,0.0843,-0.012,-0.9964,25.5,0.0061,0.041,0.597,0.29602,139.8,811.5,117.3,791.7,162.2,831.4,19,0.293,0
18,-45.938,-331.6,260.627,0.6606,0.7494,0.045,0.7491,-0.6585,0.0721,0.0837,-0.0139,-0.9964,25.5,0.0046,0.114,0.585,0.25715,141.3,809.8,119.0,789.7,163.6,829.9,20,0.886,0
19,-44.616,-330.111,260.714,0.6661,0.7446,0.0424,0.7425,-0.6659,0.0726,0.0823,-0.0169,-0.9965,25.5,0.0018,0.19,0.569,0.22284,142.8,808.1,120.8,787.8,164.9,828.4,20,1.107,0
20,-43.283,-328.632,260.797,0.6723,0.739,0.0439,0.7362,-0.6728,0.0731,0.0836,-0.0169,-0.9964,25.5,0.001,0.075,0.536,0.24396,144.4,806.3,122.5,785.8,166.3,826.9,21,0.516,0
21,-41.936,-327.166,260.89,0.6794,0.7321,0.0491,0.7301,-0.6793,0.0739,0.0874,-0.0144,-0.9961,25.5,0.0023,0.261,0.513,0.32155,146.0,804.7,124.3,783.9,167.7,825.4,22,0.055,0
22,-40.575,-325.713,260.991,0.6857,0.726,0.0519,0.7244,-0.6853,0.0748,0.0898,-0.0137,-0.9959,25.5,0.0031,0.144,0.477,0.26462,147.5,803.0,126.0,782.1,169.1,823.9,23,0.571,0
23,-39.203,-324.272,261.096,0.6913,0.7207,0.0525,0.7191,-0.6908,0.0758,0.0909,-0.0146,-0.9958,25.5,0.0032,0.082,0.441,0.22237,149.1,801.3,127.8,780.3,170.6,822.4,24,1.025,0
24,-37.821,-322.84,261.199,0.6961,0.7161,0.0511,0.714,-0.6959,0.077,0.0907,-0.0171,-0.9957,25.5,0.0026,0.144,0.419,0.19531,150.8,799.7,129.5,778.5,172.0,820.9,24,0.969,0
25,-36.429,-321.417,261.298,0.7004,0.7122,0.0478,0.7094,-0.7005,0.0783,0.0893,-0.021,-0.9958,25.5,0.0017,0.237,0.38,0.19198,152.4,798.0,131.3,776.7,173.5,819.4,25,0.605,0
26,-35.03,-320.001,261.388,0.7041,0.7088,0.0426,0.705,-0.7047,0.0798,0.0866,-0.0262,-0.9959,25.5,0.0003,0.336,0.359,0.2079,154.0,796.4,133.1,774.9,175.0,817.9,26,0.343,0
27,-33.623,-318.591,261.467,0.7072,0.7061,0.0357,0.7011,-0.7084,0.0815,0.0828,-0.0326,-0.996,25.5,0.0015,0.427,0.323,0.2309,155.7,794.8,134.8,773.2,176.6,816.4,27,0.181,0
28,-32.211,-317.186,261.529,0.7099,0.7038,0.027,0.6975,-0.7117,0.0833,0.0778,-0.0403,-0.9962,25.5,0.0035,0.526,0.298,0.27012,157.3,793.1,136.6,771.4,178.1,814.9,28,0.112,0
29,-30.794,-315.786,261.573,0.712,0.702,0.0166,0.6943,-0.7146,0.0852,0.0717,-0.0492,-0.9962,25.5,0.0059,0.618,0.27,0.30941,159.0,791.5,138.3,769.7,179.7,813.4,29,0.128,0
30,-29.374,-314.389,261.594,0.7139,0.7002,0.0054,0.6916,-0.717,0.0873,0.065,-0.0587,-0.9962,25.5,0.0078,0.666,0.239,0.33077,160.6,789.9,140.1,768.0,181.2,811.8,30,0.23,0
31,-27.949,-312.996,261.596,0.7164,0.6976,-0.0036,0.6891,-0.7191,0.0896,0.0599,-0.0667,-0.996,25.5,0.0083,0.544,0.229,0.27875,162.3,788.2,141.8,766.3,182.8,810.3,31,0.417,0
32,-26.518,-311.608,261.581,0.7189,0.695,-0.0113,0.687,-0.7208,0.0919,0.0558,-0.0738,-0.9957,25.5,0.0081,0.47,0.203,0.24445,164.0,786.6,143.5,764.6,184.5,808.7,32,0.679,0
33,-25.083,-310.226,261.552,0.7214,0.6923,-0.0177,0.6851,-0.7223,0.0944,0.0525,-0.0802,-0.9954,25.5,0.0075,0.413,0.199,0.21224,165.7,785.0,145.3,762.9,186.1,807.1,34,0.601,0
34,-23.643,-308.849,261.511,0.724,0.6895,-0.0231,0.6834,-0.7236,0.0968,0.0501,-0.0859,-0.995,25.5,0.0064,0.355,0.184,0.19016,167.3,783.4,147.0,761.2,187.7,805.6,35,0.186,0
35,-22.197,-307.478,261.461,0.7266,0.6866,-0.0275,0.6818,-0.7247,0.0993,0.0483,-0.0909,-0.9947,25.5,0.0049,0.305,0.181,0.16894,169.0,781.8,148.8,759.6,189.4,804.0,36,0.391,0
36,-20.747,-306.112,261.402,0.7293,0.6835,-0.0309,0.6803,-0.7259,0.1018,0.0472,-0.0953,-0.9943,25.5,0.0032,0.261,0.181,0.15337,170.7,780.1,150.5,757.9,191.0,802.4,38,0.517,0
37,-19.291,-304.753,261.338,0.7321,0.6804,-0.0334,0.6787,-0.727,0.1043,0.0466,-0.099,-0.994,25.5,0.0013,0.215,0.181,0.13996,172.4,778.5,152.3,756.3,192.7,800.9,39,0.167,0
38,-17.829,-303.4,261.269,0.735,0.6771,-0.0351,0.677,-0.7282,0.1066,0.0466,-0.1022,-0.9937,25.5,0.0008,0.184,0.178,0.13542,174.1,776.9,154.0,754.6,194.3,799.3,41,0.631,0
39,-16.361,-302.054,261.199,0.7382,0.6737,-0.0359,0.6751,-0.7296,0.1089,0.0472,-0.1046,-0.9934,25.5,0.0029,0.143,0.189,0.13616,175.9,775.4,155.8,753.0,196.0,797.8,42,0.086,0
40,-14.886,-300.715,261.127,0.7415,0.67,-0.0358,0.673,-0.7313,0.1111,0.0482,-0.1065,-0.9931,25.5,0.0051,0.124,0.2,0.14255,177.6,773.8,157.6,751.3,197.7,796.3,43,0.658,0
41,-13.405,-299.384,261.056,0.7451,0.6661,-0.0348,0.6706,-0.7332,0.1131,0.0498,-0.1076,-0.9929,25.5,0.0073,0.112,0.209,0.15527,179.3,772.2,159.4,749.7,199.3,794.8,45,0.074,0
42,-11.917,-298.061,260.985,0.7482,0.6624,-0.0386,0.6678,-0.7355,0.1149,0.0477,-0.1117,-0.9926,25.5,0.008,0.264,0.232,0.17666,181.1,770.6,161.2,748.1,201.0,793.3,46,0.55,0
43,-10.424,-296.744,260.902,0.7509,0.6589,-0.0444,0.6646,-0.7381,0.1165,0.044,-0.1169,-0.9922,25.5,0.0075,0.366,0.253,0.20966,182.8,769.1,163.0,746.4,202.6,791.8,48,0.234,0
44,-8.924,-295.434,260.809,0.7537,0.6554,-0.0486,0.661,-0.741,0.1179,0.0412,-0.121,-0.9918,25.5,0.0068,0.285,0.277,0.17659,184.6,767.5,164.9,744.8,204.3,790.3,49,0.369,0
45,-7.419,-294.132,260.709,0.7567,0.6518,-0.0514,0.6571,-0.7443,0.1192,0.0394,-0.124,-0.9915,25.5,0.006,0.201,0.302,0.15694,186.3,766.0,166.8,743.1,205.9,788.9,51,0.503,0
46,-5.908,-292.837,260.606,0.7597,0.6481,-0.0527,0.6529,-0.7478,0.1203,0.0386,-0.1258,-0.9913,25.5,0.005,0.113,0.32,0.14195,188.1,764.4,168.7,741.5,207.6,787.5,52,0.093,0
47,-4.391,-291.549,260.5,0.7629,0.6444,-0.0524,0.6485,-0.7515,0.1214,0.0388,-0.1266,-0.9912,25.5,0.0041,0.048,0.335,0.14091,189.9,762.9,170.6,739.9,209.2,786.0,53,0.585,0
48,-2.868,-290.268,260.397,0.7662,0.6406,-0.0506,0.6437,-0.7554,0.1223,0.0401,-0.1263,-0.9912,25.5,0.0031,0.076,0.358,0.15367,191.6,761.4,172.5,738.2,210.9,784.6,55,0.385,0
49,-1.337,-288.996,260.3,0.7697,0.6366,-0.0473,0.6388,-0.7595,0.1231,0.0425,-0.125,-0.9912,25.5,0.0024,0.156,0.369,0.17986,193.4,759.9,174.4,736.6,212.5,783.3,56,0.131,0
50,0.2,-287.731,260.21,0.7734,0.6325,-0.0422,0.6336,-0.7637,0.1239,0.0461,-0.1226,-0.9914,25.5,0.0018,0.248,0.386,0.21612,195.2,758.4,176.4,735.0,214.2,781.9,57,0.62,0
51,1.746,-286.475,260.132,0.7772,0.6283,-0.0355,0.6283,-0.7679,0.1247,0.0511,-0.1192,-0.9916,25.5,0.0014,0.347,0.39,0.25222,197.0,756.9,178.3,733.4,215.8,780.5,59,0.396,0
52,3.298,-285.227,260.07,0.7812,0.6238,-0.0269,0.6229,-0.7722,0.1254,0.0574,-0.1147,-0.9917,25.5,0.0015,0.444,0.398,0.30184,198.9,755.4,180.3,731.8,217.5,779.2,60,0.089,0
53,4.859,-283.989,260.026,0.7847,0.6197,-0.0179,0.6173,-0.7765,0.1261,0.0642,-0.1099,-0.9919,25.5,0.0009,0.477,0.407,0.30164,200.7,754.0,182.3,730.2,219.1,777.9,61,0.572,0
54,6.426,-282.757,259.998,0.7877,0.616,-0.0107,0.6117,-0.7809,0.1267,0.0697,-0.1064,-0.9919,25.5,0.0006,0.374,0.409,0.24817,202.5,752.5,184.3,728.6,220.8,776.5,63,0.45,0
55,7.998,-281.534,259.983,0.791,0.6118,-0.0045,0.606,-0.7852,0.1275,0.0744,-0.1036,-0.9918,25.5,0.0016,0.313,0.412,0.23529,204.3,751.1,186.3,727.0,222.5,775.2,64,0.039,0
56,9.578,-280.319,259.979,0.7946,0.6071,0.0006,0.6002,-0.7895,0.1282,0.0783,-0.1015,-0.9917,25.5,0.0023,0.254,0.416,0.22467,206.2,749.7,188.3,725.5,224.1,773.9,65,0.532,0
57,11.166,-279.114,259.984,0.7985,0.602,0.0046,0.5943,-0.7938,0.129,0.0813,-0.1002,-0.9916,25.5,0.0027,0.187,0.421,0.21748,208.1,748.3,190.3,724.0,225.8,772.7,67,0.456,0
58,12.761,-277.92,259.997,0.8026,0.5965,0.0075,0.5883,-0.7981,0.1298,0.0834,-0.0998,-0.9915,25.5,0.0029,0.123,0.425,0.21414,209.9,746.9,192.4,722.4,227.5,771.4,68,0.065,0
59,14.365,-276.737,260.013,0.807,0.5905,0.0091,0.5823,-0.8024,0.1306,0.0845,-0.1001,-0.9914,25.5,0.0027,0.066,0.425,0.2188,211.8,745.5,194.4,720.9,229.2,770.2,69,0.586,0
60,15.978,-275.567,260.032,0.8117,0.584,0.0096,0.5761,-0.8067,0.1316,0.0846,-0.1013,-0.9913,25.5,0.0022,0.069,0.436,0.23107,213.7,744.1,196.5,719.4,230.9,768.9,71,0.324,0
61,17.6,-274.41,260.051,0.8166,0.5772,0.0088,0.5699,-0.811,0.1325,0.0836,-0.1032,-0.9911,25.5,0.0016,0.123,0.435,0.24207,215.6,742.8,198.6,717.9,232.6,767.7,72,0.24,0
62,19.232,-273.267,260.066,0.8217,0.5699,0.0067,0.5635,-0.8152,0.1336,0.0816,-0.106,-0.991,25.5,0.0007,0.197,0.443,0.26305,217.5,741.4,200.7,716.5,234.4,766.5,74,0.582,0
63,20.875,-272.138,260.078,0.8265,0.5629,0.0061,0.5571,-0.8194,0.1348,0.0809,-0.108,-0.9909,25.5,0.0,0.121,0.444,0.24461,219.4,740.1,202.8,715.0,236.1,765.3,75,0.031,0
64,22.526,-271.023,260.092,0.831,0.5563,0.008,0.5506,-0.8236,0.136,0.0823,-0.1086,-0.9907,25.5,0.0005,0.088,0.449,0.23607,221.3,738.8,204.9,713.6,237.8,764.1,76,0.661,0
65,24.187,-269.921,260.11,0.8355,0.5495,0.0094,0.544,-0.8278,0.1373,0.0833,-0.1096,-0.9905,25.5,0.0009,0.082,0.454,0.23787,223.3,737.5,207.0,712.2,239.6,763.0,78,0.035,0
66,25.856,-268.833,260.129,0.84,0.5425,0.0103,0.5373,-0.8319,0.1387,0.0838,-0.1109,-0.9903,25.5,0.0015,0.081,0.457,0.24065,225.2,736.3,209.2,710.8,241.3,761.9,80,0.603,0
67,27.535,-267.759,260.15,0.8445,0.5354,0.0107,0.5306,-0.836,0.1401,0.0839,-0.1126,-0.9901,25.5,0.002,0.098,0.457,0.24196,227.2,735.0,211.3,709.4,243.1,760.7,81,0.139,0
68,29.222,-266.699,260.172,0.8489,0.5284,0.0105,0.5237,-0.8401,0.1415,0.0836,-0.1146,-0.9899,25.5,0.0021,0.116,0.467,0.23779,229.2,733.8,213.5,708.1,244.9,759.6,83,0.325,0
69,30.918,-265.653,260.192,0.8533,0.5214,0.0098,0.5167,-0.8442,0.1429,0.0828,-0.1169,-0.9897,25.5,0.0021,0.14,0.472,0.23858,231.1,732.6,215.7,706.7,246.7,758.5,84,0.483,0
70,32.623,-264.621,260.21,0.8574,0.5145,0.0086,0.5096,-0.8482,0.1443,0.0815,-0.1193,-0.9895,25.5,0.0018,0.157,0.474,0.2333,233.1,731.4,217.9,705.4,248.5,757.5,86,0.163,0
71,34.335,-263.603,260.226,0.8614,0.5079,0.0069,0.5025,-0.8522,0.1456,0.0798,-0.122,-0.9893,25.5,0.001,0.183,0.473,0.22723,235.1,730.2,220.1,704.1,250.3,756.4,88,0.09,0
72,36.056,-262.597,260.237,0.8652,0.5015,0.0047,0.4952,-0.8562,0.147,0.0777,-0.1248,-0.9891,25.5,0.0002,0.201,0.484,0.22312,237.2,729.0,222.3,702.8,252.1,755.3,90,0.282,0
73,37.785,-261.607,260.247,0.8706,0.492,0.0054,0.4879,-0.8602,0.1482,0.0775,-0.1264,-0.9889,25.5,0.0023,0.093,0.482,0.3148,239.2,727.8,224.6,701.5,253.9,754.3,92,0.435,0
74,39.525,-260.635,260.259,0.8753,0.4835,0.0057,0.4805,-0.8642,0.1494,0.0771,-0.128,-0.9888,25.5,0.0036,0.095,0.487,0.27939,241.2,726.7,226.8,700.3,255.7,753.3,93,0.492,0
75,41.274,-259.679,260.27,0.8794,0.4761,0.0054,0.4733,-0.868,0.1505,0.0764,-0.1298,-0.9886,25.5,0.0038,0.111,0.471,0.24337,243.3,725.6,229.1,699.0,257.5,752.3,95,0.332,0
76,43.03,-258.737,260.28,0.8827,0.4699,0.0047,0.4663,-0.8716,0.1516,0.0753,-0.1316,-0.9884,25.5,0.0028,0.121,0.455,0.20291,245.3,724.5,231.3,697.8,259.4,751.3,97,0.125,0
77,44.792,-257.806,260.288,0.8854,0.4647,0.0034,0.4595,-0.8749,0.1526,0.0739,-0.1336,-0.9883,25.5,0.0008,0.14,0.437,0.17256,247.4,723.4,233.6,696.6,261.2,750.3,99,0.308,0
78,46.558,-256.884,260.293,0.8876,0.4606,0.0017,0.4533,-0.878,0.1536,0.0723,-0.1356,-0.9881,25.5,0.0018,0.147,0.401,0.14243,249.4,722.3,235.8,695.5,263.1,749.3,100,0.47,0
79,48.329,-255.969,260.294,0.8892,0.4575,-0.0005,0.4475,-0.8808,0.1546,0.0703,-0.1377,-0.988,25.5,0.0051,0.166,0.373,0.11857,251.5,721.3,238.1,694.3,265.0,748.4,102,0.236,0
80,50.102,-255.06,260.291,0.8903,0.4553,-0.0032,0.4424,-0.8832,0.1555,0.068,-0.1399,-0.9878,25.5,0.0087,0.183,0.327,0.105,253.6,720.2,240.3,693.2,267.0,747.4,103,0.368,0
81,51.877,-254.154,260.282,0.8909,0.4541,-0.0063,0.4381,-0.8852,0.1565,0.0655,-0.1422,-0.9877,25.5,0.0127,0.195,0.278,0.09712,255.7,719.1,242.5,692.0,268.9,746.4,105,0.732,0
82,53.653,-253.249,260.265,0.891,0.4539,-0.01,0.4346,-0.8867,0.1574,0.0626,-0.1446,-0.9875,25.5,0.0168,0.216,0.224,0.10657,257.7,718.1,244.6,690.9,270.9,745.4,106,0.402,0
83,55.428,-252.346,260.242,0.8919,0.452,-0.0124,0.4322,-0.8878,0.1584,0.0606,-0.1467,-0.9873,25.5,0.0178,0.167,0.162,0.09179,259.8,717.0,246.8,689.8,272.9,744.3,107,0.167,0
84,57.209,-251.452,260.218,0.8957,0.4446,-0.0112,0.4308,-0.8883,0.1594,0.061,-0.1476,-0.9872,25.5,0.0109,0.057,0.103,0.24158,261.9,716.0,248.9,688.8,274.9,743.3,108,0.061,0
85,58.997,-250.572,260.197,0.8983,0.4392,-0.0111,0.4304,-0.8883,0.1604,0.0606,-0.1489,-0.987,25.5,0.0053,0.079,0.062,0.1723,264.0,714.9,251.0,687.7,277.0,742.3,109,0.085,0
86,60.79,-249.7,260.174,0.9002,0.4353,-0.0121,0.4311,-0.8878,0.1614,0.0595,-0.1505,-0.9868,25.5,0.0003,0.112,0.076,0.12798,266.1,713.9,253.1,686.7,279.1,741.2,110,0.12,0
87,62.585,-248.835,260.148,0.9013,0.433,-0.0142,0.4327,-0.8868,0.1624,0.0577,-0.1526,-0.9866,25.5,0.0037,0.159,0.122,0.09495,268.2,712.9,255.1,685.8,281.3,740.2,111,0.244,0
88,64.382,-247.974,260.116,0.9017,0.432,-0.0174,0.4352,-0.8854,0.1635,0.0552,-0.155,-0.9864,25.5,0.0071,0.199,0.176,0.09706,270.3,711.9,257.1,684.8,283.5,739.1,112,0.48,0
89,66.179,-247.112,260.077,0.9014,0.4325,-0.0218,0.4387,-0.8834,0.1646,0.0519,-0.1579,-0.9861,25.5,0.0098,0.252,0.239,0.1276,272.4,710.9,259.1,683.8,285.7,738.1,113,0.814,0
90,67.974,-246.249,260.028,0.9003,0.4344,-0.0276,0.443,-0.8811,0.1657,0.0477,-0.1614,-0.9857,25.5,0.0115,0.314,0.286,0.17831,274.5,709.9,261.1,682.9,287.9,737.0,113,1.188,0
91,69.767,-245.38,259.966,0.8983,0.4379,-0.035,0.4481,-0.8783,0.1668,0.0423,-0.1655,-0.9853,25.5,0.0121,0.389,0.339,0.24221,276.6,708.8,263.0,681.9,290.2,735.9,114,0.759,0
92,71.555,-244.502,259.888,0.8952,0.4434,-0.0444,0.4541,-0.875,0.1679,0.0356,-0.1705,-0.9847,25.5,0.0111,0.48,0.397,0.32543,278.6,707.8,264.9,681.0,292.4,734.7,115,0.245,0
93,73.335,-243.61,259.787,0.8905,0.4514,-0.0566,0.4608,-0.8713,0.1691,0.027,-0.1767,-0.9839,25.5,0.0075,0.609,0.444,0.44055,280.7,706.7,266.8,680.0,294.7,733.6,116,0.356,0
94,75.102,-242.701,259.659,0.8836,0.4626,-0.0726,0.4682,-0.8671,0.1702,0.0158,-0.1844,-0.9827,25.5,0.0002,0.782,0.492,0.59588,282.8,705.6,268.6,679.1,297.0,732.3,117,1.034,0
95,76.858,-241.773,259.503,0.8796,0.4684,-0.0838,0.4762,-0.8625,0.1714,0.008,-0.1907,-0.9816,25.5,0.0005,0.578,0.533,0.38059,284.8,704.5,270.4,678.1,299.3,731.1,117,0.958,0
96,78.607,-240.834,259.324,0.8751,0.4742,-0.0961,0.4849,-0.8574,0.1725,-0.0006,-0.1976,-0.9803,25.5,0.0012,0.636,0.581,0.41172,286.8,703.4,272.2,677.1,301.6,729.8,118,0.211,0
97,80.346,-239.882,259.119,0.87,0.4806,-0.11,0.4942,-0.8518,0.1735,-0.0103,-0.2053,-0.9786,25.5,0.0015,0.716,0.625,0.46378,288.9,702.2,273.9,676.1,303.9,728.5,119,0.597,0
98,82.074,-238.918,258.885,0.8642,0.4872,-0.1254,0.5041,-0.8459,0.1744,-0.0211,-0.2139,-0.9766,25.5,0.0017,0.799,0.662,0.50988,290.9,701.1,275.6,675.1,306.2,727.2,119,1.396,0
99,83.79,-237.941,258.619,0.8578,0.494,-0.1419,0.5145,-0.8394,0.175,-0.0327,-0.2232,-0.9742,25.5,0.0018,0.863,0.704,0.54511,292.9,699.9,277.3,674.2,308.5,725.8,120,0.536,0
100,85.493,-236.95,258.319,0.8508,0.5007,-0.1594,0.5254,-0.8326,0.1754,-0.0449,-0.2329,-0.9715,25.5,0.0022,0.906,0.736,0.57517,294.8,698.7,278.9,673.2,310.8,724.3,121,0.369,0
101,87.181,-235.945,257.984,0.8435,0.5071,-0.1771,0.5367,-0.8253,0.1754,-0.0572,-0.243,-0.9683,25.5,0.0031,0.93,0.771,0.58047,296.8,697.4,280.5,672.1,313.1,722.9,122,1.31,0
102,88.854,-234.927,257.612,0.8347,0.5147,-0.1961,0.5485,-0.8176,0.175,-0.0702,-0.2537,-0.9647,25.5,0.0027,0.987,0.808,0.64038,298.7,696.2,282.1,671.1,315.4,721.4,122,0.683,0
103,90.507,-233.894,257.201,0.8249,0.5222,-0.2165,0.5607,-0.8095,0.1743,-0.0842,-0.2651,-0.9605,25.5,0.0021,1.062,0.84,0.68549,300.6,694.9,283.7,670.1,317.6,719.9,123,0.289,0
104,92.141,-232.846,256.748,0.8142,0.5295,-0.2381,0.5732,-0.801,0.173,-0.0991,-0.2773,-0.9556,25.5,0.0014,1.139,0.869,0.72421,302.5,693.6,285.2,669.1,319.9,718.3,124,1.288,0
105,93.752,-231.784,256.252,0.8028,0.5363,-0.2604,0.586,-0.792,0.1713,-0.1144,-0.2901,-0.9501,25.5,0.0011,1.186,0.902,0.74618,304.3,692.3,286.6,668.0,322.1,716.7,124,0.705,0
106,95.34,-230.709,255.71,0.791,0.5424,-0.283,0.599,-0.7827,0.169,-0.1298,-0.3032,-0.944,25.5,0.0014,1.21,0.925,0.75381,306.1,690.9,288.1,667.0,324.3,715.0,125,0.315,0
107,96.904,-229.622,255.123,0.7778,0.5488,-0.3062,0.6123,-0.7729,0.1662,-0.1455,-0.3167,-0.9373,25.5,0.0012,1.247,0.96,0.78921,307.9,689.6,289.5,665.9,326.5,713.3,126,1.352,0
108,98.44,-228.522,254.489,0.7634,0.5552,-0.33,0.6258,-0.7628,0.1627,-0.1614,-0.3307,-0.9298,25.5,0.0005,1.288,0.987,0.82075,309.7,688.2,290.8,664.9,328.6,711.6,126,0.641,0
109,99.946,-227.41,253.808,0.7486,0.5608,-0.3537,0.6393,-0.7524,0.1587,-0.1771,-0.345,-0.9218,25.5,0.0005,1.3,1.003,0.81939,311.4,686.8,292.1,663.8,330.7,709.8,127,0.406,0
110,101.423,-226.287,253.08,0.7334,0.5655,-0.3773,0.6529,-0.7416,0.1541,-0.1927,-0.3593,-0.9131,25.5,0.0013,1.311,1.029,0.81833,313.0,685.3,293.4,662.7,332.7,708.1,128,1.458,0
111,102.869,-225.156,252.304,0.7178,0.5694,-0.4007,0.6664,-0.7306,0.1489,-0.208,-0.3739,-0.9039,25.5,0.0027,1.321,1.041,0.81637,314.6,683.9,294.6,661.6,334.8,706.2,128,0.536,0
112,104.283,-224.018,251.483,0.7012,0.5733,-0.4239,0.6797,-0.7194,0.143,-0.223,-0.3884,-0.8941,25.5,0.0036,1.321,1.052,0.82787,316.2,682.4,295.8,660.5,336.7,704.4,129,0.517,0
113,105.663,-222.872,250.614,0.6832,0.5768,-0.4477,0.6928,-0.708,0.1366,-0.2382,-0.4035,-0.8834,25.5,0.0038,1.372,1.06,0.86388,317.8,680.9,297.0,659.4,338.6,702.5,129,1.476,0
114,107.006,-221.719,249.698,0.6642,0.5796,-0.4721,0.7057,-0.6966,0.1296,-0.2538,-0.4192,-0.8717,25.5,0.0038,1.434,1.065,0.89285,319.2,679.4,298.1,658.3,340.5,700.7,130,0.428,0
115,108.31,-220.562,248.732,0.6438,0.5816,-0.4972,0.7182,-0.6851,0.1219,-0.2698,-0.4355,-0.8588,25.5,0.0033,1.503,1.069,0.93176,320.7,677.9,299.2,657.2,342.2,698.8,131,0.613,0
116,109.571,-219.402,247.716,0.6221,0.5829,-0.5228,0.7302,-0.6737,0.1135,-0.2861,-0.4524,-0.8447,25.5,0.0022,1.569,1.063,0.96573,322.1,676.4,300.3,656.1,343.9,696.9,131,1.38,0
117,110.788,-218.239,246.649,0.5992,0.584,-0.5476,0.7419,-0.6624,0.1045,-0.3017,-0.4689,-0.8301,25.5,0.0005,1.547,1.065,0.97106,323.4,674.9,301.3,654.9,345.6,695.0,132,0.349,1
118,111.959,-217.075,245.533,0.5755,0.584,-0.5725,0.753,-0.6512,0.0949,-0.3174,-0.4856,-0.8145,25.5,0.0013,1.589,1.058,0.98845,324.7,673.4,302.2,653.8,347.1,693.0,133,0.671,1
119,113.082,-215.912,244.368,0.5515,0.5829,-0.5967,0.7635,-0.6402,0.0846,-0.3327,-0.5023,-0.7981,25.5,0.0026,1.602,1.052,0.98056,325.9,671.8,303.2,652.6,348.6,691.1,133,1.322,1
120,114.157,-214.752,243.155,0.5277,0.5807,-0.6199,0.7735,-0.6295,0.0739,-0.3473,-0.5185,-0.7814,25.5,0.0032,1.574,1.039,0.95774,327.0,670.3,304.1,651.5,350.0,689.2,134,0.315,1
121,115.184,-213.597,241.898,0.5031,0.5788,-0.6418,0.7829,-0.619,0.0626,-0.361,-0.5339,-0.7646,25.5,0.0046,1.524,1.035,0.94862,328.1,668.8,304.9,650.3,351.3,687.3,135,0.677,1
122,116.163,-212.446,240.598,0.4789,0.5759,-0.6625,0.7916,-0.6089,0.0509,-0.3741,-0.5489,-0.7475,25.5,0.0053,1.504,1.016,0.91944,329.1,667.2,305.7,649.1,352.5,685.4,135,1.316,1
123,117.093,-211.302,239.258,0.4552,0.5719,-0.6824,0.7997,-0.5991,0.0388,-0.3867,-0.5634,-0.7301,25.5,0.0051,1.485,1.006,0.89725,330.1,665.7,306.5,647.9,353.7,683.5,136,0.345,1
124,117.977,-210.168,237.879,0.4318,0.5668,-0.7016,0.8072,-0.5897,0.0264,-0.3988,-0.5777,-0.7122,25.5,0.0042,1.485,0.99,0.88261,331.0,664.2,307.2,646.8,354.7,681.6,137,0.602,1
125,118.814,-209.044,236.462,0.4086,0.5614,-0.7197,0.814,-0.5807,0.0137,-0.4103,-0.5914,-0.6942,25.5,0.0033,1.454,0.973,0.86018,331.8,662.7,307.9,645.6,355.7,679.8,137,1.391,1
126,119.606,-207.93,235.012,0.3853,0.5563,-0.7362,0.8201,-0.5722,0.0008,-0.4208,-0.6041,-0.6767,25.5,0.0029,1.377,0.952,0.83392,332.6,661.2,308.5,644.4,356.6,678.0,138,0.475,1
127,120.35,-206.827,233.528,0.3619,0.5501,-0.7526,0.8256,-0.5641,-0.0122,-0.4313,-0.617,-0.6583,25.5,0.0023,1.421,0.932,0.84073,333.3,659.7,309.1,643.2,357.5,676.2,139,0.404,1
128,121.048,-205.738,232.012,0.3382,0.5426,-0.7689,0.8304,-0.5566,-0.0253,-0.4417,-0.6299,-0.6388,25.5,0.0017,1.466,0.908,0.85469,334.0,658.2,309.7,642.0,358.2,674.4,140,1.239,1
129,121.698,-204.665,230.463,0.3142,0.5339,-0.785,0.8345,-0.5497,-0.0384,-0.452,-0.643,-0.6182,25.5,0.0011,1.518,0.88,0.8678,334.6,656.7,310.2,640.8,358.9,672.7,140,0.755,1
130,122.3,-203.61,228.884,0.2904,0.5252,-0.7999,0.8379,-0.5434,-0.0515,-0.4617,-0.6553,-0.5979,25.5,0.0009,1.469,0.855,0.84519,335.1,655.3,310.7,639.6,359.5,671.0,141,0.032,1
131,122.856,-202.572,227.276,0.267,0.5169,-0.8134,0.8406,-0.5378,-0.0644,-0.4707,-0.6665,-0.5781,25.5,0.0012,1.402,0.82,0.81255,335.6,653.9,311.2,638.4,360.0,669.3,142,0.756,1
132,123.364,-201.551,225.642,0.2437,0.5077,-0.8264,0.8427,-0.5329,-0.0772,-0.4795,-0.6776,-0.5576,25.5,0.0014,1.428,0.794,0.8115,336.1,652.5,311.6,637.2,360.4,667.7,142,1.237,1
133,123.827,-200.549,223.983,0.2209,0.4978,-0.8387,0.8442,-0.5285,-0.0897,-0.4879,-0.6882,-0.537,25.5,0.0014,1.412,0.764,0.79742,336.4,651.1,312.0,636.0,360.8,666.1,143,0.568,1
134,124.245,-199.567,222.3,0.1989,0.4876,-0.8501,0.8451,-0.5247,-0.102,-0.4958,-0.6981,-0.5165,25.5,0.001,1.381,0.739,0.77039,336.8,649.7,312.4,634.8,361.1,664.6,144,0.042,1
135,124.621,-198.605,220.596,0.178,0.4781,-0.8601,0.8456,-0.5215,-0.114,-0.503,-0.707,-0.4971,25.5,0.0008,1.291,0.712,0.72003,337.0,648.4,312.7,633.6,361.3,663.1,145,0.586,1
136,124.955,-197.66,218.873,0.1579,0.4699,-0.8685,0.8456,-0.5188,-0.1255,-0.5096,-0.7146,-0.4793,25.5,0.0013,1.172,0.677,0.66925,337.3,647.0,313.0,632.4,361.5,661.6,146,1.063,1
137,125.251,-196.733,217.134,0.1387,0.4608,-0.8766,0.8452,-0.5167,-0.1365,-0.5158,-0.722,-0.4612,25.5,0.0012,1.175,0.642,0.65377,337.4,645.7,313.2,631.2,361.6,660.2,146,0.93,1
138,125.509,-195.824,215.38,0.1206,0.4508,-0.8844,0.8444,-0.5152,-0.1468,-0.5218,-0.7291,-0.4428,25.5,0.0006,1.181,0.598,0.63545,337.6,644.5,313.4,630.0,361.6,658.8,147,0.526,1
139,125.732,-194.937,213.609,0.1033,0.44,-0.892,0.8432,-0.5143,-0.1564,-0.5276,-0.736,-0.4242,25.5,0.0003,1.184,0.557,0.62574,337.7,643.2,313.6,628.8,361.6,657.5,148,0.202,1
140,125.921,-194.071,211.824,0.0869,0.4286,-0.8993,0.8417,-0.5141,-0.1651,-0.5331,-0.7426,-0.4054,25.5,0.0013,1.184,0.506,0.61147,337.7,642.0,313.7,627.7,361.6,656.2,149,0.038,1
141,126.078,-193.229,210.026,0.0708,0.4167,-0.9063,0.8399,-0.5146,-0.1728,-0.5383,-0.7489,-0.3864,25.5,0.0016,1.185,0.454,0.60991,337.7,640.8,313.8,626.5,361.5,655.0,150,0.188,1
142,126.203,-192.409,208.213,0.0541,0.4061,-0.9122,0.8377,-0.5158,-0.1794,-0.5434,-0.7545,-0.3681,25.5,0.0005,1.135,0.404,0.5934,337.7,639.6,313.9,625.3,361.4,653.8,151,0.248,1
143,126.296,-191.61,206.39,0.0392,0.3963,-0.9173,0.8354,-0.5176,-0.1852,-0.5481,-0.759,-0.3514,25.5,0.0025,1.027,0.372,0.53324,337.7,638.4,313.9,624.1,361.2,652.7,152,0.219,1
144,126.36,-190.829,204.557,0.0258,0.387,-0.9217,0.8328,-0.5198,-0.1903,-0.5527,-0.7627,-0.3357,25.5,0.0043,0.961,0.351,0.48576,337.6,637.3,314.0,623.0,361.0,651.6,153,0.106,1
145,126.399,-190.067,202.717,0.0135,0.3782,-0.9256,0.8302,-0.5223,-0.195,-0.5572,-0.7658,-0.321,25.5,0.0058,0.899,0.339,0.44907,337.4,636.2,314.0,621.8,360.8,650.5,154,0.109,1
146,126.414,-189.322,200.868,0.0021,0.3697,-0.9292,0.8274,-0.5249,-0.1996,-0.5615,-0.7684,-0.307,25.5,0.0068,0.852,0.343,0.42173,337.3,635.1,313.9,620.7,360.5,649.5,155,0.396,1
147,126.408,-188.593,199.013,-0.0085,0.3613,-0.9324,0.8246,-0.5276,-0.2041,-0.5657,-0.7706,-0.2934,25.5,0.0073,0.825,0.341,0.39955,337.1,634.0,313.9,619.6,360.2,648.4,157,0.755,1
148,126.381,-187.882,197.152,-0.0186,0.353,-0.9354,0.8218,-0.53,-0.209,-0.5696,-0.7727,-0.2803,25.5,0.0069,0.792,0.351,0.38563,336.9,633.0,313.8,618.5,359.9,647.4,158,0.204,1
149,126.334,-187.188,195.285,-0.0292,0.3421,-0.9392,0.8191,-0.5322,-0.2144,-0.5731,-0.7755,-0.2647,25.5,0.0046,0.93,0.368,0.45068,336.7,632.0,313.7,617.4,359.6,646.4,159,0.425,1
150,126.264,-186.518,193.409,-0.04,0.3311,-0.9428,0.8163,-0.534,-0.2203,-0.5763,-0.7784,-0.2489,25.5,0.0018,0.939,0.388,0.45511,336.5,631.0,313.6,616.4,359.2,645.5,161,0.113,1
151,126.174,-185.867,191.528,-0.0503,0.3219,-0.9454,0.8135,-0.5357,-0.2266,-0.5794,-0.7805,-0.2349,25.5,0.0009,0.83,0.407,0.40402,336.2,630.0,313.4,615.4,358.8,644.5,163,0.437,1
152,126.064,-185.233,189.641,-0.0602,0.3145,-0.9473,0.8105,-0.5374,-0.2332,-0.5824,-0.7818,-0.2225,25.5,0.0031,0.735,0.427,0.35952,335.9,629.1,313.3,614.5,358.4,643.6,164,0.462,1
153,125.934,-184.613,187.752,-0.0699,0.3086,-0.9486,0.8072,-0.5392,-0.2401,-0.5856,-0.7825,-0.2114,25.5,0.0049,0.663,0.45,0.32856,335.6,628.1,313.1,613.5,358.0,642.6,166,0.319,1
154,125.786,-184.002,185.861,-0.0796,0.3042,-0.9493,0.8037,-0.5413,-0.2471,-0.5891,-0.7826,-0.2014,25.5,0.0059,0.607,0.464,0.30688,335.3,627.2,312.9,612.6,357.5,641.7,168,0.211,1
155,125.617,-183.399,183.969,-0.0894,0.3013,-0.9493,0.7997,-0.544,-0.2542,-0.593,-0.7819,-0.1923,25.5,0.0059,0.569,0.492,0.29385,334.9,626.3,312.7,611.6,357.0,640.9,170,0.09,1
156,125.429,-182.8,182.077,-0.0995,0.2998,-0.9488,0.7952,-0.5472,-0.2612,-0.5975,-0.7805,-0.1839,25.5,0.0047,0.552,0.511,0.2939,334.6,625.4,312.5,610.6,356.4,640.0,172,0.099,1
157,125.22,-182.204,180.188,-0.1105,0.2974,-0.9483,0.7902,-0.5512,-0.268,-0.6024,-0.779,-0.1741,25.5,0.0029,0.634,0.535,0.32407,334.2,624.5,312.3,609.7,355.9,639.2,174,0.399,1
158,124.988,-181.618,178.297,-0.1221,0.2906,-0.949,0.7845,-0.556,-0.2747,-0.6075,-0.778,-0.1601,25.5,0.0033,0.856,0.574,0.38712,333.7,623.6,312.0,608.7,355.2,638.4,175,0.391,1
159,124.734,-181.045,176.405,-0.133,0.2852,-0.9492,0.7781,-0.5616,-0.2813,-0.6133,-0.776,-0.1473,25.5,0.0034,0.813,0.617,0.34977,333.3,622.7,311.8,607.7,354.6,637.6,177,0.146,1
160,124.459,-180.48,174.514,-0.1432,0.2813,-0.9489,0.7711,-0.5679,-0.288,-0.6199,-0.7729,-0.1356,25.5,0.0031,0.79,0.662,0.31408,332.8,621.9,311.6,606.7,353.9,636.9,178,0.519,1
161,124.164,-179.923,172.624,-0.1531,0.2786,-0.9481,0.7633,-0.5748,-0.295,-0.6272,-0.7688,-0.1247,25.5,0.0027,0.787,0.719,0.29592,332.3,621.0,311.3,605.7,353.1,636.2,180,0.276,1
162,123.849,-179.369,170.735,-0.1628,0.2774,-0.9469,0.7547,-0.5822,-0.3025,-0.6352,-0.7638,-0.1146,25.5,0.0021,0.792,0.779,0.28308,331.8,620.2,311.1,604.6,352.4,635.6,181,0.255,1
163,123.515,-178.816,168.85,-0.1725,0.2776,-0.9451,0.7453,-0.59,-0.3106,-0.6438,-0.7579,-0.1051,25.5,0.0012,0.808,0.84,0.28365,331.3,619.3,310.9,603.6,351.5,634.9,182,0.739,1
164,123.161,-178.261,166.968,-0.1826,0.2795,-0.9426,0.735,-0.5981,-0.3194,-0.6531,-0.7511,-0.0963,25.5,0.0003,0.831,0.904,0.30406,330.8,618.5,310.7,602.6,350.6,634.2,184,0.431,1
165,122.785,-177.703,165.093,-0.1961,0.2799,-0.9398,0.7238,-0.6065,-0.329,-0.6621,-0.7447,-0.0837,25.5,0.0025,0.96,0.973,0.39669,330.2,617.7,310.5,601.5,349.7,633.6,185,0.095,1
166,122.379,-177.146,163.223,-0.2109,0.2785,-0.937,0.7113,-0.6155,-0.3394,-0.6712,-0.7381,-0.0683,25.5,0.0034,1.092,1.065,0.43493,329.6,616.8,310.3,600.5,348.7,633.0,186,0.19,1
167,121.946,-176.593,161.359,-0.2241,0.2775,-0.9342,0.6969,-0.6257,-0.3503,-0.6818,-0.7296,-0.0532,25.5,0.0026,1.164,1.188,0.38901,329.0,616.0,310.1,599.4,347.6,632.4,187,0.423,1
168,121.487,-176.04,159.5,-0.2357,0.2773,-0.9314,0.68,-0.638,-0.3614,-0.6944,-0.7185,-0.0382,25.5,0.0006,1.29,1.356,0.34312,328.3,615.2,309.9,598.3,346.5,631.8,188,0.601,1
169,121.007,-175.487,157.646,-0.2456,0.2779,-0.9287,0.6597,-0.6529,-0.3723,-0.7097,-0.7041,-0.023,25.5,0.0023,1.486,1.572,0.29554,327.6,614.3,309.9,597.1,345.2,631.4,189,0.724,1
170,120.509,-174.932,155.798,-0.2536,0.2795,-0.9261,0.6353,-0.6709,-0.3825,-0.7282,-0.6853,-0.0074,25.5,0.0056,1.756,1.833,0.24617,326.9,613.5,309.9,595.8,343.8,631.0,190,0.79,1
171,119.991,-174.374,153.957,-0.2682,0.2802,-0.9217,0.6058,-0.6925,-0.3917,-0.748,-0.6635,0.0159,25.5,0.0045,2.152,2.16,0.43889,326.2,612.7,310.0,594.4,342.2,630.7,191,0.798,1
172,119.441,-173.815,152.124,-0.2832,0.2808,-0.917,0.5713,-0.717,-0.3994,-0.7697,-0.637,0.0427,25.5,0.0031,2.492,2.464,0.45229,325.5,611.9,310.3,593.0,340.5,630.6,192,0.753,1
173,118.864,-173.254,150.302,-0.2959,0.2816,-0.9128,0.5316,-0.7438,-0.4051,-0.793,-0.6051,0.0704,25.5,0.003,2.765,2.764,0.3853,324.7,611.0,310.6,591.4,338.6,630.4,193,0.66,1
174,118.264,-172.692,148.486,-0.3047,0.2825,-0.9096,0.4871,-0.7721,-0.4082,-0.8176,-0.5674,0.0977,25.5,0.0048,3.017,3.027,0.27046,323.9,610.2,311.1,589.8,336.5,630.4,194,0.524,1
175,117.645,-172.128,146.678,-0.318,0.2834,-0.9048,0.4376,-0.8011,-0.4084,-0.8405,-0.5258,0.1307,25.5,0.0033,3.314,3.287,0.40733,323.1,609.4,311.7,588.2,334.4,630.3,195,0.353,1
176,116.997,-171.563,144.88,-0.3316,0.2843,-0.8996,0.3831,-0.8301,-0.4051,-0.8619,-0.479,0.1663,25.5,0.0014,3.586,3.543,0.41943,322.2,608.6,312.4,586.6,332.0,630.3,196,0.149,1
177,116.324,-170.995,143.092,-0.3438,0.2853,-0.8946,0.3233,-0.8586,-0.3979,-0.8817,-0.426,0.2029,25.5,0.0001,3.862,3.819,0.38017,321.4,607.8,313.1,585.0,329.5,630.3,197,0.08,1
178,115.626,-170.426,141.315,-0.3579,0.2864,-0.8887,0.2578,-0.8856,-0.3864,-0.8977,-0.3674,0.2431,25.5,0.0025,4.174,4.113,0.44061,320.5,607.0,314.1,583.4,326.8,630.2,198,0.329,1
179,114.898,-169.854,139.55,-0.3721,0.2875,-0.8826,0.1869,-0.9101,-0.3699,-0.9096,-0.3026,0.2849,25.5,0.0047,4.472,4.402,0.44547,319.6,606.1,315.1,581.9,324.0,630.1,199,0.593,1
180,114.145,-169.28,137.797,-0.3837,0.2885,-0.8772,0.111,-0.9308,-0.3483,-0.917,-0.231,0.3251,25.5,0.0056,4.725,4.676,0.36898,318.6,605.3,316.2,580.5,321.0,629.9,200,0.867,1
181,113.366,-168.704,136.055,-0.3979,0.2895,-0.8706,0.0308,-0.9465,-0.3211,-0.917,-0.1546,0.3677,25.5,0.0067,5.014,4.936,0.45113,317.6,604.5,317.4,579.2,317.9,629.6,200,1.126,1
182,112.56,-168.126,134.326,-0.4105,0.2904,-0.8644,-0.0519,-0.956,-0.2886,-0.9102,-0.0736,0.4076,25.5,0.0069,5.19,5.122,0.40456,316.6,603.7,318.6,578.0,314.7,629.1,201,0.848,1
183,111.73,-167.546,132.61,-0.4221,0.2913,-0.8585,-0.1352,-0.9585,-0.251,-0.896,0.0101,0.444,25.5,0.0067,5.294,5.24,0.37506,315.6,602.9,319.8,577.1,311.5,628.5,202,0.573,1
184,110.877,-166.965,130.905,-0.4347,0.2922,-0.8518,-0.217,-0.9535,-0.2093,-0.8734,0.0938,0.4779,25.5,0.006,5.335,5.27,0.41112,314.6,602.1,320.9,576.3,308.2,627.6,203,0.307,1
185,109.998,-166.382,129.215,-0.4469,0.2931,-0.8452,-0.2947,-0.9413,-0.1645,-0.8439,0.1755,0.507,25.5,0.0052,5.251,5.188,0.39964,313.5,601.3,321.9,575.8,305.1,626.6,204,0.055,1
186,109.096,-165.797,127.536,-0.4583,0.2939,-0.8388,-0.3662,-0.923,-0.1181,-0.809,0.2531,0.5306,25.5,0.0044,5.061,4.997,0.3766,312.4,600.4,322.7,575.4,302.2,625.4,205,0.176,1
187,108.17,-165.21,125.872,-0.4716,0.2949,-0.831,-0.4306,-0.8997,-0.0713,-0.7687,0.3242,0.5513,25.5,0.003,4.832,4.754,0.44425,311.3,599.6,323.3,575.1,299.4,624.1,206,0.379,1
188,107.218,-164.622,124.223,-0.4822,0.2958,-0.8246,-0.4868,-0.8731,-0.0251,-0.7274,0.3893,0.5651,25.5,0.0028,4.489,4.44,0.35695,310.2,598.8,323.6,575.0,296.8,622.7,207,0.549,1
189,106.246,-164.031,122.587,-0.4946,0.2965,-0.817,-0.5348,-0.8448,0.0195,-0.6844,0.4465,0.5764,25.5,0.0019,4.152,4.09,0.41865,309.0,598.0,323.6,574.9,294.4,621.2,208,0.687,1
190,105.245,-163.44,120.969,-0.5107,0.2968,-0.8069,-0.5748,-0.8159,0.0622,-0.6399,0.4956,0.5873,25.5,0.0012,3.848,3.74,0.5465,307.8,597.2,323.4,574.8,292.2,619.7,209,0.803,1
191,104.213,-162.848,119.369,-0.5227,0.2974,-0.799,-0.6073,-0.7879,0.1026,-0.599,0.5388,0.5924,25.5,0.0011,3.421,3.377,0.41342,306.6,596.4,323.0,574.7,290.2,618.2,210,0.91,1
192,103.16,-162.255,117.785,-0.5353,0.2975,-0.7906,-0.6329,-0.7614,0.1404,-0.5602,0.5755,0.5958,25.5,0.0013,3.067,3.025,0.4354,305.4,595.6,322.4,574.5,288.3,616.8,211,1.02,1
193,102.079,-161.663,116.22,-0.55,0.2968,-0.7807,-0.6527,-0.737,0.1757,-0.5232,0.6061,0.5991,25.5,0.0031,2.758,2.708,0.50995,304.1,594.8,321.6,574.3,286.6,615.4,211,0.972,1
194,100.968,-161.073,114.674,-0.5647,0.2957,-0.7705,-0.6675,-0.715,0.2081,-0.4894,0.6318,0.6011,25.5,0.0052,2.436,2.399,0.51542,302.8,594.0,320.6,574.1,284.9,614.1,212,0.846,1
195,99.834,-160.484,113.145,-0.5732,0.2951,-0.7644,-0.6781,-0.6956,0.2375,-0.4616,0.6545,0.5988,25.5,0.0019,2.061,2.108,0.3013,301.5,593.3,319.5,573.8,283.4,612.9,213,0.69,1
196,98.682,-159.896,111.629,-0.5833,0.2945,-0.757,-0.6852,-0.6787,0.2643,-0.436,0.6729,0.5977,25.5,0.0003,1.807,1.86,0.3604,300.2,592.5,318.3,573.4,281.9,611.7,214,0.494,1
197,97.508,-159.31,110.128,-0.5945,0.2937,-0.7486,-0.6897,-0.6642,0.2884,-0.4125,0.6877,0.5974,25.5,0.0009,1.591,1.632,0.40308,298.9,591.7,317.1,573.0,280.5,610.6,215,0.245,1
198,96.312,-158.726,108.646,-0.6065,0.2929,-0.7392,-0.692,-0.6519,0.31,-0.3911,0.6996,0.598,25.5,0.0004,1.403,1.43,0.43894,297.5,590.9,315.7,572.5,279.1,609.5,216,0.069,1
199,95.09,-158.143,107.182,-0.6191,0.2919,-0.729,-0.6929,-0.6414,0.3294,-0.3715,0.7091,0.5994,25.5,0.0016,1.251,1.265,0.4669,296.1,590.2,314.3,572.0,277.7,608.5,217,0.45,1
200,93.849,-157.563,105.737,-0.6272,0.2906,-0.7226,-0.6927,-0.6325,0.3466,-0.3563,0.7179,0.598,25.5,0.0002,1.009,1.11,0.29926,294.7,589.4,312.9,571.5,276.4,607.5,218,0.902,1
201,92.591,-156.984,104.302,-0.6349,0.2897,-0.7162,-0.6917,-0.6249,0.3619,-0.3428,0.7252,0.5972,25.5,0.0011,0.881,0.981,0.28896,293.3,588.6,311.4,570.9,275.0,606.6,218,1.092,1
202,91.318,-156.408,102.882,-0.6425,0.2891,-0.7097,-0.6901,-0.6186,0.3756,-0.3304,0.7311,0.5969,25.5,0.002,0.787,0.869,0.28804,291.9,587.9,309.9,570.3,273.6,605.7,219,0.567,1
203,90.03,-155.832,101.474,-0.6502,0.2886,-0.7028,-0.688,-0.6133,0.388,-0.319,0.7358,0.5973,25.5,0.0023,0.707,0.782,0.2976,290.4,587.1,308.3,569.7,272.3,604.8,220,0.037,1
204,88.726,-155.258,100.081,-0.6583,0.2883,-0.6954,-0.6854,-0.6088,0.3995,-0.3082,0.7396,0.5983,25.5,0.0021,0.658,0.723,0.31553,289.0,586.4,306.8,569.1,270.9,603.9,221,0.712,1
205,87.406,-154.683,98.703,-0.6668,0.2881,-0.6873,-0.6825,-0.6049,0.4103,-0.2976,0.7426,0.5999,25.5,0.0012,0.638,0.679,0.33759,287.5,585.7,305.2,568.4,269.5,603.1,221,1.281,1
206,86.068,-154.109,97.342,-0.6759,0.2881,-0.6784,-0.6793,-0.6014,0.4207,-0.2868,0.7451,0.6021,25.5,0.0005,0.648,0.655,0.36596,286.0,584.9,303.6,567.8,268.1,602.3,222,0.521,1
207,84.713,-153.536,95.999,-0.6842,0.2874,-0.6702,-0.6758,-0.598,0.4309,-0.2769,0.7478,0.6034,25.5,0.0017,0.593,0.648,0.33608,284.5,584.2,302.0,567.1,266.7,601.5,223,0.324,1
208,83.342,-152.963,94.67,-0.6916,0.2868,-0.663,-0.6722,-0.5946,0.4411,-0.2677,0.7507,0.604,25.5,0.0019,0.554,0.65,0.29732,283.0,583.5,300.4,566.5,265.3,600.6,224,1.254,1
209,81.956,-152.392,93.356,-0.6986,0.2863,-0.6558,-0.6683,-0.5914,0.4513,-0.2586,0.7535,0.6044,25.5,0.0016,0.546,0.652,0.28904,281.4,582.7,298.7,565.9,263.9,599.8,224,0.739,1
210,80.557,-151.822,92.056,-0.7055,0.2859,-0.6485,-0.6641,-0.5882,0.4615,-0.2495,0.7563,0.6048,25.5,0.0011,0.546,0.658,0.28902,279.9,582.0,297.0,565.2,262.5,599.0,225,0.265,1
211,79.145,-151.253,90.772,-0.7123,0.2858,-0.641,-0.6598,-0.585,0.4717,-0.2402,0.7589,0.6053,25.5,0.0004,0.554,0.66,0.29108,278.3,581.3,295.4,564.6,261.1,598.2,226,1.323,2
212,77.718,-150.683,89.502,-0.7193,0.2858,-0.6332,-0.6551,-0.582,0.4818,-0.2308,0.7614,0.6058,25.5,0.0002,0.558,0.661,0.30131,276.8,580.6,293.7,563.9,259.7,597.4,226,0.67,2
213,76.278,-150.113,88.248,-0.7264,0.2859,-0.6249,-0.6501,-0.579,0.4921,-0.2211,0.7637,0.6065,25.5,0.0008,0.573,0.678,0.31403,275.2,579.9,291.9,563.3,258.2,596.7,227,0.423,2
214,74.822,-149.543,87.011,-0.7339,0.2863,-0.616,-0.6449,-0.5761,0.5023,-0.2111,0.7659,0.6074,25.5,0.0011,0.589,0.677,0.33481,273.6,579.1,290.2,562.7,256.8,595.9,228,1.533,2
215,73.353,-148.973,85.793,-0.7409,0.2862,-0.6075,-0.6393,-0.5732,0.5126,-0.2016,0.7682,0.6077,25.5,0.0018,0.56,0.692,0.31665,272.0,578.4,288.4,562.0,255.4,595.1,228,0.46,2
216,71.869,-148.403,84.59,-0.7478,0.2858,-0.5993,-0.6333,-0.5705,0.5229,-0.1924,0.7706,0.6076,25.5,0.0028,0.545,0.7,0.30833,270.4,577.7,286.6,561.4,253.9,594.3,229,0.648,2
217,70.372,-147.834,83.405,-0.755,0.2856,-0.5902,-0.6271,-0.5679,0.5332,-0.1829,0.7727,0.6078,25.5,0.0034,0.558,0.705,0.33366,268.8,577.0,284.8,560.7,252.5,593.6,229,1.345,2
218,68.86,-147.264,82.238,-0.7626,0.2855,-0.5804,-0.6205,-0.5654,0.5434,-0.173,0.7746,0.6084,25.5,0.0036,0.579,0.711,0.35658,267.2,576.3,283.0,560.1,251.0,592.8,230,0.258,2
219,67.332,-146.696,81.092,-0.7706,0.2856,-0.5697,-0.6136,-0.5632,0.5535,-0.1628,0.7761,0.6092,25.5,0.0033,0.592,0.712,0.38415,265.5,575.6,281.2,559.5,249.6,592.1,231,0.79,2
220,65.788,-146.126,79.968,-0.7789,0.2857,-0.5583,-0.6064,-0.5612,0.5633,-0.1524,0.7773,0.6104,25.5,0.0025,0.604,0.706,0.40545,263.8,574.9,279.3,558.8,248.1,591.3,231,1.203,2
221,64.228,-145.557,78.867,-0.7874,0.286,-0.5461,-0.5989,-0.5595,0.573,-0.1417,0.7782,0.6118,25.5,0.0014,0.62,0.709,0.42758,262.2,574.2,277.4,558.2,246.6,590.6,232,0.213,2
222,62.65,-144.986,77.792,-0.7961,0.2862,-0.5332,-0.5911,-0.5582,0.5823,-0.1309,0.7787,0.6135,25.5,0.0003,0.627,0.699,0.4474,260.5,573.5,275.5,557.5,245.2,589.9,233,0.71,2
223,61.055,-144.416,76.742,-0.8043,0.286,-0.5209,-0.583,-0.5572,0.5913,-0.1211,0.7793,0.6149,25.5,0.0015,0.568,0.696,0.42507,258.8,572.9,273.6,556.8,243.7,589.2,233,1.283,2
224,59.444,-143.847,75.716,-0.8123,0.2858,-0.5085,-0.5747,-0.5565,0.6,-0.1116,0.7796,0.6163,25.5,0.0027,0.55,0.69,0.42429,257.1,572.2,271.7,556.2,242.2,588.5,234,0.434,2
225,57.818,-143.277,74.715,-0.8199,0.2856,-0.4961,-0.566,-0.5563,0.6084,-0.1022,0.7797,0.6178,25.5,0.0034,0.545,0.693,0.41819,255.3,571.5,269.7,555.5,240.7,587.8,235,0.335,2
226,56.176,-142.708,73.738,-0.8273,0.2856,-0.4838,-0.5571,-0.5564,0.6165,-0.0931,0.7795,0.6194,25.5,0.0037,0.53,0.69,0.41271,253.6,570.8,267.7,554.8,239.2,587.1,236,1.02,2
227,54.521,-142.139,72.787,-0.8343,0.2857,-0.4715,-0.5478,-0.5569,0.6243,-0.0842,0.7792,0.6211,25.5,0.0036,0.519,0.696,0.40689,251.8,570.1,265.7,554.1,237.7,586.4,236,0.973,2
228,52.851,-141.569,71.859,-0.8411,0.2858,-0.4592,-0.5382,-0.5577,0.6319,-0.0755,0.7786,0.6229,25.5,0.0031,0.51,0.703,0.40409,250.0,569.5,263.7,553.4,236.1,585.8,237,0.378,2
229,51.168,-141.0,70.956,-0.8475,0.2863,-0.4469,-0.5283,-0.5588,0.6392,-0.0667,0.7779,0.6249,25.5,0.0021,0.519,0.708,0.39892,248.3,568.8,261.7,552.7,234.6,585.2,238,0.12,2
230,49.473,-140.426,70.08,-0.8537,0.2894,-0.4329,-0.518,-0.5603,0.6463,-0.0555,0.776,0.6283,25.5,0.0003,0.679,0.722,0.44915,246.5,568.1,259.6,552.0,233.1,584.5,239,0.514,2
231,47.766,-139.847,69.231,-0.86,0.2906,-0.4194,-0.5074,-0.5621,0.6531,-0.046,0.7745,0.6309,25.5,0.0009,0.571,0.729,0.42973,244.7,567.4,257.5,551.3,231.6,583.9,240,0.8,2
232,46.045,-139.268,68.408,-0.8665,0.2899,-0.4064,-0.4965,-0.5643,0.6596,-0.0381,0.7733,0.6329,25.5,0.0014,0.472,0.738,0.41837,242.9,566.8,255.4,550.6,230.0,583.3,241,0.974,2
233,44.312,-138.693,67.61,-0.873,0.2874,-0.3941,-0.4854,-0.5669,0.6657,-0.0321,0.7724,0.6343,25.5,0.0015,0.357,0.741,0.4064,241.0,566.1,253.3,549.8,228.5,582.7,241,1.02,2
234,42.566,-138.124,66.837,-0.8795,0.2831,-0.3825,-0.474,-0.5698,0.6713,-0.0279,0.7718,0.6353,25.5,0.0012,0.25,0.746,0.4018,239.2,565.5,251.2,549.1,227.0,582.1,242,0.95,2
235,40.807,-137.566,66.085,-0.8861,0.2769,-0.3716,-0.4624,-0.5731,0.6766,-0.0256,0.7714,0.6359,25.5,0.0004,0.138,0.755,0.40742,237.4,564.8,249.1,548.4,225.4,581.6,244,0.908,2
236,39.034,-137.022,65.355,-0.8927,0.2692,-0.3614,-0.4507,-0.5768,0.6813,-0.025,0.7711,0.6362,25.5,0.0008,0.042,0.753,0.41357,235.5,564.2,246.9,547.7,223.9,581.0,245,0.719,2
237,37.249,-136.492,64.646,-0.899,0.2628,-0.3503,-0.4389,-0.5808,0.6855,-0.0233,0.7701,0.6375,25.5,0.0018,0.135,0.753,0.4105,233.6,563.6,244.7,547.0,222.3,580.5,246,0.461,2
238,35.451,-135.973,63.959,-0.9049,0.2575,-0.339,-0.4271,-0.5852,0.6892,-0.021,0.7685,0.6395,25.5,0.0022,0.197,0.752,0.39692,231.8,563.0,242.6,546.3,220.7,580.1,247,0.15,2
239,33.643,-135.465,63.295,-0.9103,0.2532,-0.3276,-0.4154,-0.5899,0.6925,-0.0179,0.7664,0.6421,25.5,0.0019,0.261,0.747,0.38315,229.9,562.4,240.4,545.6,219.1,579.6,248,0.241,2
240,31.824,-134.964,62.653,-0.9152,0.2499,-0.316,-0.4038,-0.5946,0.6953,-0.0142,0.7639,0.6451,25.5,0.0013,0.308,0.735,0.37427,228.0,561.8,238.2,544.9,217.5,579.1,249,0.652,2
241,29.995,-134.468,62.035,-0.9198,0.2477,-0.3043,-0.3924,-0.5994,0.6976,-0.0096,0.7611,0.6486,25.5,0.0002,0.368,0.721,0.36694,226.1,561.3,236.0,544.2,215.9,578.7,251,0.422,2
242,28.158,-133.976,61.44,-0.924,0.2465,-0.2924,-0.3815,-0.6042,0.6996,-0.0042,0.7579,0.6523,25.5,0.001,0.417,0.692,0.36447,224.2,560.7,233.8,543.5,214.3,578.3,252,0.078,2
243,26.313,-133.485,60.87,-0.9278,0.2463,-0.2803,-0.3709,-0.6089,0.7011,0.002,0.7545,0.6563,25.5,0.0024,0.465,0.67,0.36468,222.2,560.2,231.6,542.8,212.6,577.8,253,0.561,2
244,24.46,-132.998,60.322,-0.9319,0.2421,-0.27,-0.3609,-0.6135,0.7024,0.0044,0.7521,0.6591,25.5,0.0019,0.252,0.635,0.34085,220.3,559.6,229.5,542.2,211.0,577.4,255,0.483,2
245,22.599,-132.519,59.794,-0.9358,0.2386,-0.2596,-0.3513,-0.6179,0.7034,0.0074,0.7494,0.6621,25.5,0.0013,0.288,0.608,0.33482,218.4,559.1,227.3,541.5,209.3,577.0,256,0.064,2
246,20.73,-132.046,59.287,-0.9393,0.2364,-0.2486,-0.342,-0.6223,0.7041,0.0118,0.7464,0.6654,25.5,0.0009,0.359,0.591,0.33784,216.4,558.5,225.1,540.9,207.5,576.5,257,0.356,2
247,18.855,-131.576,58.804,-0.9426,0.2354,-0.2366,-0.3327,-0.6267,0.7046,0.0176,0.743,0.6691,25.5,0.0006,0.44,0.59,0.35896,214.5,558.0,223.0,540.3,205.8,576.1,258,0.712,2
248,16.973,-131.107,58.345,-0.9458,0.2355,-0.2235,-0.3233,-0.6312,0.705,0.025,0.739,0.6732,25.5,0.0004,0.536,0.598,0.38772,212.5,557.5,220.8,539.7,204.1,575.7,260,0.678,2
249,15.085,-130.636,57.914,-0.9488,0.2369,-0.2088,-0.3137,-0.6359,0.7051,0.0342,0.7345,0.6777,25.5,0.0002,0.641,0.612,0.43322,210.6,557.0,218.6,539.0,202.4,575.3,261,0.427,2
250,13.191,-130.162,57.514,-0.9517,0.2395,-0.192,-0.3037,-0.6408,0.7051,0.0459,0.7294,0.6826,25.5,0.0002,0.783,0.638,0.49592,208.6,556.5,216.4,538.4,200.7,574.9,262,0.207,2
251,11.292,-129.681,57.15,-0.9544,0.2425,-0.1739,-0.2931,-0.6459,0.7049,0.0586,0.7238,0.6875,25.5,0.0005,0.843,0.674,0.53316,206.7,555.9,214.2,537.7,199.0,574.5,263,0.016,2
252,9.387,-129.196,56.82,-0.957,0.2439,-0.1568,-0.2818,-0.6513,0.7046,0.0697,0.7185,0.692,25.5,0.0003,0.75,0.718,0.49896,204.7,555.4,211.9,537.1,197.3,574.1,264,0.149,2
253,7.478,-128.709,56.525,-0.9595,0.2448,-0.1392,-0.2698,-0.6569,0.704,0.0809,0.7131,0.6964,25.5,0.0001,0.756,0.76,0.51182,202.7,554.9,209.7,536.4,195.6,573.7,265,0.288,2
254,5.563,-128.221,56.266,-0.9619,0.2453,-0.1209,-0.2572,-0.6628,0.7032,0.0923,0.7075,0.7006,25.5,0.0002,0.766,0.799,0.53081,200.7,554.4,207.4,535.7,194.0,573.4,266,0.406,2
255,3.644,-127.732,56.044,-0.9641,0.2452,-0.102,-0.2441,-0.6689,0.7021,0.1039,0.7018,0.7047,25.5,0.0003,0.777,0.83,0.54705,198.8,553.8,205.1,535.1,192.3,573.0,267,0.505,2
256,1.72,-127.244,55.86,-0.9661,0.2446,-0.0826,-0.2304,-0.6753,0.7007,0.1156,0.6959,0.7087,25.5,0.0005,0.785,0.87,0.56101,196.8,553.3,202.8,534.4,190.7,572.6,268,0.589,2
257,-0.207,-126.758,55.715,-0.9679,0.2435,-0.0624,-0.2162,-0.6818,0.6988,0.1276,0.6899,0.7126,25.5,0.0004,0.801,0.901,0.58392,194.8,552.8,200.4,533.7,189.0,572.3,269,0.661,2
258,-2.137,-126.273,55.612,-0.9691,0.2431,-0.0411,-0.2016,-0.6886,0.6966,0.141,0.6833,0.7163,25.5,0.0007,0.882,0.931,0.61357,192.8,552.3,198.1,533.0,187.4,571.9,270,0.723,2
259,-4.069,-125.789,55.552,-0.97,0.2424,-0.0188,-0.1866,-0.6955,0.6939,0.1551,0.6765,0.7199,25.5,0.0006,0.92,0.959,0.64196,190.8,551.8,195.7,532.4,185.8,571.6,271,0.779,2
260,-6.002,-125.307,55.537,-0.9704,0.2415,0.0041,-0.1714,-0.7025,0.6907,0.1697,0.6695,0.7231,25.5,0.0005,0.946,0.976,0.65907,188.8,551.3,193.3,531.7,184.2,571.3,272,0.833,2
261,-7.936,-124.826,55.568,-0.9703,0.2403,0.0274,-0.1559,-0.7096,0.6871,0.1846,0.6624,0.726,25.5,0.0004,0.96,0.998,0.67083,186.8,550.8,191.0,531.0,182.6,571.0,273,0.886,2
262,-9.869,-124.349,55.646,-0.9697,0.2389,0.0507,-0.1404,-0.7168,0.683,0.1995,0.6552,0.7286,25.5,0.0005,0.96,1.007,0.67136,184.8,550.3,188.6,530.4,181.0,570.7,274,0.941,2
263,-11.801,-123.874,55.771,-0.9684,0.2379,0.0744,-0.1248,-0.7239,0.6785,0.2153,0.6478,0.7308,25.5,0.0009,1.008,1.015,0.68306,182.8,549.8,186.2,529.7,179.4,570.4,276,0.929,2
264,-13.729,-123.401,55.943,-0.9666,0.2366,0.0985,-0.1092,-0.7311,0.6735,0.2313,0.6403,0.7325,25.5,0.0011,1.017,1.025,0.6959,180.8,549.4,183.8,529.1,177.8,570.1,277,0.858,2
265,-15.653,-122.932,56.163,-0.9644,0.2344,0.1226,-0.0937,-0.7382,0.668,0.2471,0.6328,0.7339,25.5,0.0008,1.005,1.026,0.69865,178.8,548.9,181.4,528.4,176.2,569.8,278,0.779,2
266,-17.572,-122.467,56.431,-0.9617,0.2316,0.1466,-0.0781,-0.7453,0.6621,0.2626,0.6253,0.7349,25.5,0.0004,0.988,1.039,0.69907,176.9,548.4,179.1,527.8,174.6,569.5,279,0.689,2
267,-19.486,-122.009,56.747,-0.9586,0.2279,0.1704,-0.0626,-0.7525,0.6556,0.2777,0.6178,0.7356,25.5,0.0002,0.967,1.048,0.69823,174.9,548.0,176.7,527.2,173.0,569.2,280,0.588,2
268,-21.393,-121.558,57.111,-0.9547,0.2249,0.1947,-0.0472,-0.7596,0.6487,0.2938,0.6101,0.7358,25.5,0.0005,1.023,1.049,0.71288,172.9,547.5,174.3,526.5,171.4,568.9,281,0.473,2
269,-23.291,-121.113,57.523,-0.9501,0.2219,0.219,-0.0318,-0.7667,0.6412,0.3102,0.6023,0.7355,25.5,0.0005,1.041,1.062,0.71633,170.9,547.1,172.0,525.9,169.9,568.7,282,0.344,2
270,-25.179,-120.674,57.984,-0.9453,0.218,0.2426,-0.0166,-0.7737,0.6334,0.3258,0.5947,0.735,25.5,0.0007,0.995,1.058,0.70152,169.0,546.7,169.7,525.3,168.3,568.4,283,0.197,2
271,-27.058,-120.244,58.49,-0.9403,0.2133,0.2653,-0.0017,-0.7804,0.6253,0.3404,0.5875,0.7342,25.5,0.001,0.934,1.045,0.68183,167.0,546.3,167.3,524.8,166.7,568.2,284,0.032,2
272,-28.927,-119.825,59.04,-0.9352,0.2078,0.2867,0.0129,-0.7869,0.6169,0.3539,0.5806,0.7332,25.5,0.0013,0.871,1.034,0.65201,165.1,545.9,165.0,524.2,165.2,568.0,285,0.156,2
273,-30.785,-119.416,59.632,-0.9294,0.2035,0.308,0.0269,-0.7931,0.6085,0.3681,0.5738,0.7316,25.5,0.001,0.907,1.001,0.64663,163.2,545.5,162.7,523.7,163.6,567.7,286,0.367,2
274,-32.631,-119.014,60.268,-0.9228,0.1997,0.3294,0.0405,-0.799,0.6,0.383,0.5671,0.7292,25.5,0.0007,0.946,0.979,0.65311,161.2,545.1,160.5,523.2,162.0,567.5,287,0.605,2
275,-34.464,-118.621,60.944,-0.9165,0.1944,0.3495,0.0539,-0.8047,0.5913,0.3962,0.5608,0.727,25.5,0.0008,0.847,0.972,0.62452,159.3,544.8,158.2,522.7,160.5,567.3,289,0.823,3
276,-36.284,-118.24,61.66,-0.9105,0.1876,0.3685,0.0673,-0.8102,0.5822,0.4078,0.5549,0.7251,25.5,0.0013,0.754,0.98,0.60535,157.4,544.4,156.0,522.2,158.9,567.1,290,0.49,3
277,-38.093,-117.874,62.412,-0.9047,0.1794,0.3864,0.0809,-0.8157,0.5727,0.4179,0.5494,0.7235,25.5,0.0018,0.665,1.001,0.59011,155.5,544.1,153.7,521.7,157.4,566.9,291,0.121,3
278,-39.89,-117.526,63.199,-0.8992,0.1698,0.4033,0.095,-0.8213,0.5626,0.4268,0.5442,0.7223,25.5,0.002,0.595,1.044,0.58072,153.7,543.8,151.5,521.3,155.8,566.7,292,0.287,3
279,-41.676,-117.197,64.021,-0.8927,0.1606,0.4211,0.1096,-0.8268,0.5518,0.4368,0.5387,0.7205,25.5,0.0017,0.662,1.087,0.60568,151.8,543.5,149.3,520.9,154.4,566.6,293,0.732,3
280,-43.448,-116.885,64.877,-0.8858,0.1525,0.4384,0.1241,-0.8321,0.5406,0.4472,0.5332,0.7181,25.5,0.0002,0.688,1.093,0.58398,149.9,543.3,147.0,520.5,152.9,566.4,295,0.249,3
281,-45.206,-116.588,65.767,-0.8788,0.1459,0.4544,0.1379,-0.837,0.5295,0.4576,0.528,0.7154,25.5,0.0027,0.684,1.053,0.53676,148.1,543.0,144.8,520.1,151.4,566.3,296,0.325,3
282,-46.95,-116.302,66.687,-0.872,0.141,0.4687,0.1503,-0.8414,0.5191,0.4676,0.5231,0.7125,25.5,0.0064,0.659,0.961,0.47657,146.2,542.8,142.7,519.8,149.9,566.2,298,0.394,3
283,-48.682,-116.025,67.634,-0.8658,0.1377,0.4811,0.1608,-0.8452,0.5097,0.4768,0.5187,0.7097,25.5,0.0104,0.606,0.836,0.40975,144.4,542.6,140.6,519.4,148.3,566.0,299,0.317,3
284,-50.4,-115.753,68.604,-0.8584,0.1341,0.4951,0.1686,-0.8483,0.502,0.4873,0.5144,0.7056,25.5,0.0099,0.691,0.653,0.46715,142.6,542.3,138.5,519.1,146.7,565.9,301,0.127,3
285,-52.099,-115.494,69.614,-0.8465,0.1261,0.5173,0.1735,-0.8507,0.4962,0.5026,0.5098,0.6982,25.5,0.0025,1.009,0.456,0.75966,140.8,542.1,136.6,518.9,145.0,565.8,303,0.402,3
286,-53.777,-115.248,70.66,-0.8386,0.121,0.5312,0.1757,-0.8526,0.4921,0.5125,0.506,0.6938,25.5,0.0109,0.658,0.288,0.48243,139.0,542.0,134.8,518.6,143.3,565.6,305,0.522,3
287,-55.444,-115.01,71.728,-0.834,0.1183,0.5389,0.1755,-0.8543,0.4893,0.5183,0.5027,0.6918,25.5,0.0163,0.399,0.188,0.26928,137.3,541.8,133.0,518.4,141.5,565.5,306,0.493,3
288,-57.104,-114.776,72.805,-0.8324,0.1175,0.5416,0.1733,-0.8557,0.4876,0.5209,0.4998,0.692,25.5,0.0193,0.223,0.178,0.0931,135.5,541.6,131.3,518.2,139.7,565.4,309,0.403,3
289,-58.764,-114.541,73.884,-0.8335,0.1186,0.5396,0.1694,-0.8571,0.4866,0.5203,0.4971,0.6944,25.5,0.0197,0.21,0.244,0.07283,133.7,541.4,129.7,518.0,137.8,565.3,311,0.316,3
290,-60.428,-114.302,74.953,-0.8375,0.1216,0.5327,0.1641,-0.8585,0.4858,0.5165,0.4944,0.6992,25.5,0.017,0.383,0.317,0.24495,131.9,541.3,128.1,517.7,135.9,565.1,313,0.331,3
291,-62.104,-114.054,76.003,-0.8447,0.1269,0.52,0.1578,-0.8601,0.4851,0.5088,0.4918,0.7065,25.5,0.0098,0.626,0.375,0.44648,130.2,541.1,126.4,517.5,133.9,565.0,315,0.563,3
292,-63.796,-113.794,77.021,-0.8526,0.136,0.5046,0.1508,-0.862,0.4839,0.5008,0.4887,0.7144,25.5,0.0016,0.668,0.421,0.56247,128.4,540.9,124.8,517.2,131.9,564.9,316,0.211,3
293,-65.494,-113.51,78.026,-0.8514,0.148,0.5032,0.1433,-0.8643,0.4822,0.5063,0.4827,0.7146,25.5,0.0073,0.466,0.46,0.34905,126.5,540.7,123.2,516.9,129.9,564.7,318,0.436,3
294,-67.192,-113.208,79.025,-0.8529,0.1546,0.4987,0.1356,-0.8669,0.4797,0.5065,0.4768,0.7184,25.5,0.0104,0.402,0.487,0.23365,124.7,540.4,121.6,516.6,127.9,564.5,319,0.179,3
295,-68.895,-112.897,80.012,-0.8571,0.1558,0.491,0.1278,-0.8699,0.4765,0.5013,0.4712,0.7257,25.5,0.0111,0.606,0.513,0.25453,122.9,540.2,120.0,516.3,125.8,564.4,320,0.689,3
296,-70.61,-112.59,80.979,-0.8645,0.1511,0.4794,0.12,-0.8731,0.4725,0.49,0.466,0.7367,25.5,0.0091,0.951,0.535,0.41797,121.1,539.9,118.4,515.9,123.8,564.2,322,0.421,3
297,-72.343,-112.3,81.919,-0.8753,0.1396,0.463,0.1123,-0.8767,0.4677,0.4713,0.4614,0.7517,25.5,0.0041,1.399,0.559,0.65438,119.2,539.7,116.7,515.6,121.7,564.1,323,0.062,3
298,-74.102,-112.04,82.821,-0.8899,0.1196,0.4401,0.105,-0.8806,0.4621,0.4429,0.4574,0.7711,25.5,0.0046,1.984,0.573,0.96953,117.3,539.4,115.1,515.3,119.6,564.0,324,0.265,3
299,-75.892,-111.827,83.668,-0.9066,0.0967,0.4109,0.0981,-0.8848,0.4556,0.4076,0.4533,0.7927,25.5,0.0127,2.383,0.594,1.17036,115.4,539.3,113.3,515.0,117.5,563.9,325,0.519,3
300,-77.713,-111.649,84.459,-0.9202,0.0812,0.3829,0.092,-0.8893,0.448,0.3769,0.4476,0.811,25.5,0.0147,2.074,0.615,0.99983,113.5,539.1,111.6,514.7,115.4,563.9,326,0.708,3
301,-79.559,-111.506,85.195,-0.9324,0.0623,0.3561,0.0874,-0.8942,0.4391,0.3458,0.4406,0.8284,25.5,0.0192,2.081,0.639,1.00613,111.5,539.0,109.7,514.5,113.3,563.9,327,0.825,3
302,-81.427,-111.403,85.88,-0.9423,0.0402,0.3323,0.085,-0.8996,0.4283,0.3162,0.432,0.8446,25.5,0.0261,1.995,0.705,0.97634,109.5,539.0,107.8,514.3,111.2,564.0,328,0.862,3
303,-83.313,-111.348,86.522,-0.9496,0.0156,0.3132,0.0854,-0.9057,0.4153,0.2903,0.4214,0.8592,25.5,0.0348,1.809,0.823,0.91981,107.5,539.0,105.7,514.1,109.2,564.1,329,0.811,3
304,-85.212,-111.343,87.127,-0.9569,-0.0122,0.2903,0.0893,-0.9123,0.3997,0.2602,0.4087,0.8748,25.5,0.0417,2.074,0.996,1.05659,105.5,539.0,103.6,514.0,107.3,564.3,330,0.662,3
305,-87.126,-111.396,87.678,-0.9639,-0.0396,0.2631,0.0966,-0.9193,0.3815,0.227,0.3935,0.8908,25.5,0.0437,2.284,1.193,1.1283,103.4,539.1,101.4,513.9,105.5,564.6,331,0.407,3
306,-89.052,-111.499,88.177,-0.9692,-0.0638,0.2377,0.1065,-0.9264,0.3613,0.1973,0.3758,0.9055,25.5,0.0418,2.153,1.352,1.02028,101.4,539.2,99.0,513.9,103.7,564.9,332,0.035,3
307,-90.988,-111.647,88.628,-0.9729,-0.0838,0.2153,0.1182,-0.9331,0.3395,0.1726,0.356,0.9184,25.5,0.0363,1.959,1.469,0.87003,99.3,539.4,96.6,513.9,102.0,565.2,333,0.464,3
308,-92.93,-111.832,89.036,-0.9756,-0.1038,0.1934,0.1312,-0.9394,0.3168,0.1488,0.3346,0.9305,25.5,0.0308,1.961,1.542,0.85627,97.2,539.7,94.2,514.0,100.3,565.5,334,1.098,3
309,-94.876,-112.062,89.397,-0.9776,-0.1263,0.1687,0.1447,-0.945,0.2935,0.1224,0.3114,0.9424,25.5,0.0274,2.126,1.576,0.96245,95.2,539.9,91.7,514.2,98.6,565.9,334,0.895,3
310,-96.825,-112.334,89.708,-0.9787,-0.1466,0.144,0.1584,-0.9498,0.2698,0.0972,0.2869,0.953,25.5,0.0231,2.103,1.592,0.91981,93.1,540.2,89.3,514.4,97.0,566.3,335,0.111,3
311,-98.776,-112.644,89.971,-0.9791,-0.1639,0.1204,0.1718,-0.9539,0.2461,0.0745,0.2617,0.9623,25.5,0.0178,2.015,1.578,0.84143,91.0,540.6,86.8,514.6,95.3,566.7,336,0.833,3
312,-100.727,-112.987,90.189,-0.9785,-0.1814,0.0984,0.1845,-0.9573,0.2226,0.0538,0.236,0.9703,25.5,0.015,1.946,1.543,0.80841,89.0,540.9,84.4,514.9,93.6,567.1,336,1.16,3
313,-102.675,-113.366,90.364,-0.9771,-0.1987,0.0768,0.1961,-0.96,0.1996,0.0341,0.2101,0.9771,25.5,0.0145,1.905,1.484,0.79672,86.9,541.4,82.0,515.3,91.9,567.6,337,0.042,3
314,-104.621,-113.777,90.496,-0.9755,-0.2128,0.0557,0.2068,-0.9622,0.177,0.0159,0.1842,0.9828,25.5,0.0129,1.843,1.438,0.73108,84.8,541.8,79.6,515.7,90.1,568.0,338,1.265,3
315,-106.563,-114.213,90.586,-0.9739,-0.2241,0.0353,0.2163,-0.964,0.1549,-0.0007,0.1585,0.9874,25.5,0.0108,1.773,1.382,0.67209,82.8,542.3,77.3,516.2,88.3,568.5,338,0.728,3
316,-108.503,-114.668,90.636,-0.9723,-0.233,0.0156,0.2247,-0.9653,0.1334,-0.016,0.1332,0.991,25.5,0.0085,1.707,1.325,0.62332,80.7,542.8,74.9,516.6,86.6,569.0,339,0.781,3
317,-110.436,-115.15,90.651,-0.9686,-0.2488,-0.0011,0.2318,-0.9662,0.1124,-0.029,0.1086,0.9937,25.5,0.0157,1.602,1.271,0.66947,78.7,543.3,72.7,517.2,84.7,569.5,339,1.212,3
318,-112.364,-115.656,90.632,-0.9658,-0.2588,-0.018,0.238,-0.9669,0.0918,-0.0412,0.0844,0.9956,25.5,0.0187,1.557,1.233,0.57029,76.7,543.8,70.5,517.7,82.9,570.0,340,0.502,3
319,-114.286,-116.178,90.579,-0.9638,-0.2641,-0.0358,0.2431,-0.9674,0.0716,-0.0536,0.0603,0.9967,25.5,0.0186,1.554,1.194,0.53702,74.7,544.3,68.3,518.3,81.1,570.5,340,1.492,3
320,-116.206,-116.706,90.488,-0.9626,-0.2651,-0.0552,0.2474,-0.9675,0.0517,-0.0671,0.0361,0.9971,25.5,0.0155,1.588,1.167,0.55959,72.6,544.9,66.1,518.8,79.2,571.0,341,0.384,3
321,-118.124,-117.232,90.357,-0.9621,-0.2617,-0.0769,0.2511,-0.9674,0.0319,-0.0828,0.0114,0.9965,25.5,0.0091,1.677,1.154,0.63171,70.6,545.4,64.0,519.4,77.3,571.5,341,1.609,3
322,-120.038,-117.755,90.184,-0.9594,-0.2655,-0.0954,0.2541,-0.9671,0.0122,-0.0955,-0.0126,0.9954,25.5,0.0118,1.557,1.142,0.54856,68.6,546.0,61.8,520.0,75.4,572.0,342,0.375,3
323,-121.948,-118.288,89.976,-0.9566,-0.2681,-0.114,0.2567,-0.9665,-0.0075,-0.1081,-0.0365,0.9935,25.5,0.0144,1.552,1.139,0.54591,66.6,546.5,59.7,520.6,73.5,572.4,342,1.619,3
324,-123.852,-118.821,89.729,-0.9543,-0.2667,-0.1349,0.2587,-0.9656,-0.0273,-0.123,-0.061,0.9905,25.5,0.0143,1.652,1.141,0.60585,64.6,547.1,57.6,521.2,71.6,572.9,343,0.42,3
325,-125.752,-119.348,89.436,-0.9521,-0.2609,-0.1592,0.2604,-0.9644,-0.0472,-0.1413,-0.0864,0.9862,25.5,0.0112,1.811,1.146,0.72103,62.7,547.6,55.6,521.8,69.7,573.4,343,1.574,3
326,-127.647,-119.858,89.091,-0.9498,-0.2498,-0.1884,0.2616,-0.9628,-0.0671,-0.1647,-0.1131,0.9798,25.5,0.0047,2.067,1.146,0.90066,60.7,548.1,53.5,522.4,67.8,573.8,344,0.473,3
327,-129.536,-120.344,88.684,-0.9455,-0.2409,-0.2191,0.2625,-0.961,-0.0873,-0.1896,-0.1401,0.9718,25.5,0.0024,2.154,1.163,0.92742,58.7,548.6,51.5,522.9,66.0,574.2,344,1.519,3
328,-131.414,-120.817,88.217,-0.94,-0.2329,-0.2492,0.263,-0.9588,-0.1076,-0.2139,-0.1667,0.9625,25.5,0.0029,2.132,1.17,0.90942,56.8,549.0,49.5,523.5,64.1,574.5,345,0.491,3
329,-133.282,-121.27,87.689,-0.9339,-0.2209,-0.2811,0.2633,-0.9562,-0.1282,-0.2405,-0.1937,0.9511,25.5,0.0014,2.268,1.19,0.99551,54.9,549.5,47.5,524.0,62.2,574.8,345,1.503,3
330,-135.136,-121.694,87.095,-0.9266,-0.2042,-0.3157,0.2634,-0.9531,-0.1488,-0.2706,-0.2211,0.937,25.5,0.0025,2.468,1.194,1.12444,53.0,549.9,45.6,524.6,60.3,575.1,346,0.433,3
331,-136.974,-122.081,86.429,-0.9172,-0.1854,-0.3528,0.2633,-0.9497,-0.1697,-0.3036,-0.2486,0.9198,25.5,0.0056,2.651,1.213,1.22621,51.1,550.2,43.7,525.1,58.5,575.3,346,1.561,3
332,-138.789,-122.433,85.687,-0.9044,-0.1664,-0.3929,0.2631,-0.9457,-0.1908,-0.3399,-0.2759,0.8991,25.5,0.0056,2.86,1.231,1.32799,49.3,550.6,41.8,525.5,56.7,575.4,347,0.274,3
333,-140.576,-122.74,84.86,-0.888,-0.1407,-0.4378,0.2628,-0.9413,-0.2119,-0.3823,-0.3032,0.8729,25.5,0.0082,3.256,1.235,1.56084,47.5,550.8,39.9,526.0,54.9,575.5,347,1.72,3
334,-142.326,-122.989,83.94,-0.8674,-0.1085,-0.4856,0.2625,-0.9363,-0.2331,-0.4295,-0.3297,0.8407,25.5,0.0129,3.609,1.248,1.76019,45.7,551.0,38.1,526.3,53.2,575.5,348,0.003,3
335,-144.028,-123.174,82.92,-0.8403,-0.0766,-0.5367,0.2623,-0.9309,-0.2544,-0.4802,-0.3546,0.8023,25.5,0.0126,3.914,1.259,1.89989,44.0,551.1,36.4,526.6,51.6,575.4,349,1.626,3
336,-145.675,-123.294,81.806,-0.8137,-0.0443,-0.5796,0.2622,-0.9248,-0.2757,-0.5238,-0.3763,0.7642,25.5,0.0126,3.543,1.269,1.72344,42.4,551.2,34.7,526.9,50.0,575.2,349,0.368,3
337,-147.273,-123.351,80.616,-0.79,-0.013,-0.613,0.2622,-0.9182,-0.2969,-0.559,-0.3953,0.7289,25.5,0.0132,3.057,1.272,1.4823,40.8,551.1,33.1,527.1,48.5,575.0,350,1.176,3
338,-148.818,-123.348,79.358,-0.7607,0.0169,-0.6488,0.2625,-0.911,-0.318,-0.5965,-0.4123,0.6887,25.5,0.0088,3.297,1.278,1.58411,39.3,551.0,31.5,527.2,47.0,574.6,350,0.819,3
339,-150.304,-123.282,78.033,-0.7306,0.05,-0.6809,0.263,-0.9033,-0.339,-0.632,-0.4268,0.6468,25.5,0.0065,3.255,1.282,1.58357,37.9,550.9,30.0,527.3,45.6,574.2,351,0.66,3
340,-151.729,-123.146,76.647,-0.6992,0.0871,-0.7096,0.2639,-0.8949,-0.3598,-0.6664,-0.4389,0.6027,25.5,0.0072,3.279,1.286,1.62331,36.5,550.6,28.6,527.4,44.4,573.7,351,1.336,3
341,-153.088,-122.939,75.204,-0.664,0.1205,-0.738,0.2653,-0.8859,-0.3805,-0.6996,-0.4484,0.5563,25.5,0.0021,3.314,1.296,1.61696,35.2,550.3,27.2,527.3,43.1,573.0,352,0.095,3
342,-154.376,-122.664,73.709,-0.6293,0.1562,-0.7613,0.267,-0.8763,-0.4009,-0.7298,-0.4556,0.5098,25.5,0.0003,3.204,1.296,1.58072,34.0,549.9,25.9,527.2,42.0,572.3,353,1.46,3
343,-155.596,-122.313,72.172,-0.5942,0.1961,-0.78,0.2694,-0.8661,-0.4211,-0.7582,-0.4603,0.4618,25.5,0.0015,3.207,1.304,1.62012,32.9,549.4,24.7,527.1,41.0,571.5,353,0.535,3
344,-156.741,-121.886,70.599,-0.5551,0.2325,-0.7986,0.2723,-0.8552,-0.441,-0.7855,-0.4622,0.4115,25.5,0.0022,3.281,1.311,1.6268,31.9,548.9,23.5,526.8,40.1,570.6,354,0.793,3
345,-157.809,-121.385,68.993,-0.5166,0.2709,-0.8123,0.2759,-0.8436,-0.4606,-0.81,-0.462,0.3611,25.5,0.0031,3.211,1.321,1.61257,30.9,548.2,22.4,526.6,39.3,569.6,354,1.201,3
346,-158.8,-120.803,67.365,-0.4777,0.3139,-0.8206,0.2802,-0.8314,-0.4799,-0.8328,-0.4592,0.3091,25.5,0.001,3.258,1.331,1.68448,30.0,547.5,21.4,526.2,38.6,568.5,355,0.081,3
347,-159.709,-120.135,65.723,-0.4344,0.3554,-0.8276,0.2854,-0.8183,-0.4989,-0.8546,-0.4529,0.2541,25.5,0.0019,3.409,1.355,1.73659,29.2,546.7,20.4,525.8,37.9,567.3,356,1.314,3
348,-160.532,-119.387,64.07,-0.3916,0.3958,-0.8306,0.2914,-0.8046,-0.5174,-0.8731,-0.4447,0.1997,25.5,0.0028,3.326,1.363,1.69496,28.5,545.8,19.5,525.3,37.4,566.0,356,0.679,3
349,-161.271,-118.558,62.415,-0.3503,0.4365,-0.8287,0.2983,-0.7901,-0.5354,-0.8885,-0.4348,0.1466,25.5,0.0057,3.219,1.382,1.66842,27.9,544.8,18.7,524.8,37.1,564.6,357,0.512,3
350,-161.925,-117.648,60.767,-0.3059,0.4752,-0.825,0.306,-0.7751,-0.5528,-0.9022,-0.4215,0.0917,25.5,0.0059,3.331,1.388,1.69722,27.4,543.8,17.9,524.1,36.8,563.1,357,1.481,3
351,-162.492,-116.665,59.13,-0.2633,0.5115,-0.8179,0.3145,-0.7596,-0.5694,-0.9125,-0.4071,0.0391,25.5,0.0056,3.18,1.389,1.62251,27.0,542.6,17.2,523.4,36.6,561.5,358,0.326,3
352,-162.976,-115.611,57.51,-0.2226,0.5465,-0.8074,0.3237,-0.7435,-0.5851,-0.9201,-0.3916,-0.0114,25.5,0.006,3.058,1.392,1.57291,26.6,541.4,16.6,522.7,36.5,559.8,359,0.796,3
353,-163.377,-114.489,55.912,-0.1802,0.5786,-0.7954,0.3337,-0.7272,-0.5999,-0.9255,-0.3736,-0.062,25.5,0.0037,3.093,1.386,1.56784,26.4,540.2,16.0,521.9,36.6,558.1,359,1.197,3
354,-163.695,-113.305,54.342,-0.1391,0.6096,-0.7804,0.3444,-0.7105,-0.6137,-0.9286,-0.3541,-0.1111,25.5,0.0021,3.033,1.384,1.54201,26.2,538.8,15.5,521.0,36.7,556.3,360,0.11,3
355,-163.932,-112.059,52.805,-0.0985,0.6408,-0.7613,0.3557,-0.6936,-0.6264,-0.9295,-0.3325,-0.1597,25.5,0.0026,3.048,1.373,1.57167,26.1,537.4,15.1,520.1,36.9,554.5,361,0.945,3
356,-164.086,-110.753,51.308,-0.0563,0.6693,-0.7408,0.3678,-0.6765,-0.638,-0.9282,-0.3084,-0.2081,25.5,0.0009,3.099,1.372,1.57873,26.1,536.0,14.8,519.2,37.2,552.5,361,1.049,3
357,-164.158,-109.392,49.854,-0.0156,0.6963,-0.7176,0.3805,-0.6594,-0.6484,-0.9246,-0.2832,-0.2547,25.5,0.0002,3.043,1.358,1.55494,26.2,534.5,14.5,518.1,37.6,550.6,362,0.037,3
358,-164.149,-107.977,48.451,0.0248,0.7236,-0.6898,0.394,-0.6421,-0.6576,-0.9188,-0.2555,-0.301,25.5,0.0012,3.109,1.363,1.61404,26.3,533.0,14.3,517.0,38.1,548.6,363,0.937,3
359,-164.058,-106.509,47.107,0.067,0.749,-0.6592,0.4082,-0.6248,-0.6656,-0.9104,-0.2245,-0.3476,25.5,0.0019,3.243,1.362,1.66764,26.5,531.4,14.1,515.9,38.7,546.5,363,1.056,3
360,-163.883,-104.993,45.826,0.1084,0.7722,-0.6261,0.4231,-0.6075,-0.6723,-0.8995,-0.192,-0.3925,25.5,0.0023,3.237,1.363,1.66395,26.8,529.7,14.0,514.7,39.4,544.4,364,0.135,3
361,-163.627,-103.432,44.614,0.1483,0.7942,-0.5893,0.4386,-0.5903,-0.6776,-0.886,-0.158,-0.4359,25.5,0.0045,3.253,1.361,1.68437,27.2,528.1,14.0,513.5,40.2,542.3,365,0.737,3
362,-163.291,-101.83,43.478,0.1885,0.8132,-0.5506,0.4547,-0.5733,-0.6817,-0.87,-0.1218,-0.4778,25.5,0.0052,3.303,1.362,1.69525,27.7,526.4,14.0,512.3,41.1,540.2,365,1.256,3
363,-162.877,-100.193,42.42,0.2268,0.8295,-0.5105,0.4712,-0.5564,-0.6844,-0.8517,-0.0853,-0.5171,25.5,0.0053,3.247,1.362,1.66218,28.2,524.6,14.1,511.0,42.0,538.0,366,0.43,3
364,-162.389,-98.525,41.445,0.2627,0.8437,-0.4681,0.4881,-0.5399,-0.6857,-0.8313,-0.0484,-0.5537,25.5,0.0063,3.199,1.355,1.64899,28.8,522.8,14.2,509.6,43.0,535.8,367,0.355,3
365,-161.83,-96.832,40.556,0.2988,0.8548,-0.4242,0.5053,-0.5238,-0.6858,-0.8085,-0.0094,-0.5884,25.5,0.0058,3.264,1.35,1.66559,29.4,521.1,14.5,508.3,44.1,533.6,368,1.099,3
366,-161.201,-95.12,39.754,0.3315,0.8632,-0.3807,0.5226,-0.5081,-0.6847,-0.7845,0.028,-0.6196,25.5,0.0047,3.111,1.34,1.58354,30.2,519.3,14.7,506.9,45.3,531.4,368,0.895,3
367,-160.51,-93.392,39.039,0.361,0.8699,-0.336,0.5401,-0.4928,-0.6823,-0.7591,0.0648,-0.6477,25.5,0.0045,3.026,1.339,1.55221,30.9,517.5,15.1,505.4,46.5,529.2,369,0.194,3
368,-159.762,-91.654,38.416,0.3905,0.8737,-0.2902,0.5577,-0.478,-0.6786,-0.7316,0.1031,-0.6739,25.5,0.0029,3.091,1.334,1.57053,31.8,515.7,15.5,504.0,47.7,527.1,370,0.465,3
369,-158.956,-89.912,37.883,0.4178,0.8753,-0.2437,0.5754,-0.4636,-0.6738,-0.7027,0.1412,-0.6973,25.5,0.0012,3.051,1.336,1.55125,32.6,513.8,15.9,502.6,49.0,524.9,371,1.073,3
370,-158.099,-88.167,37.446,0.4424,0.8755,-0.1944,0.5933,-0.4497,-0.6677,-0.6719,0.1801,-0.7184,25.5,0.0014,3.09,1.345,1.58441,33.5,512.0,16.4,501.1,50.4,522.8,371,0.921,3
371,-157.193,-86.424,37.11,0.4673,0.8724,-0.1431,0.6114,-0.4363,-0.6602,-0.6384,0.221,-0.7373,25.5,0.0004,3.217,1.36,1.64239,34.5,510.2,16.9,499.6,51.8,520.7,372,0.368,3
372,-156.238,-84.691,36.877,0.49,0.867,-0.0906,0.6297,-0.4234,-0.6513,-0.6031,0.2621,-0.7534,25.5,0.0005,3.239,1.38,1.65227,35.5,508.5,17.4,498.2,53.2,518.6,373,0.13,3
373,-155.243,-82.969,36.751,0.5081,0.8606,-0.0358,0.6481,-0.411,-0.6411,-0.5664,0.3025,-0.7666,25.5,0.0015,3.218,1.399,1.66988,36.5,506.7,18.0,496.7,54.7,516.5,374,0.577,3
374,-154.213,-81.263,36.735,0.5262,0.8501,0.0199,0.6667,-0.3992,-0.6294,-0.5272,0.3444,-0.7768,25.5,0.0011,3.34,1.429,1.71118,37.6,505.0,18.6,495.2,56.2,514.5,375,0.987,3
375,-153.149,-79.581,36.828,0.5401,0.8384,0.0727,0.6852,-0.3881,-0.6164,-0.4886,0.3827,-0.7841,25.5,0.0001,3.144,1.443,1.60591,38.7,503.2,19.2,493.8,57.7,512.5,375,1.006,3
376,-152.065,-77.92,37.022,0.5468,0.8284,0.1215,0.7035,-0.3776,-0.6021,-0.4529,0.4147,-0.7893,25.5,0.0013,2.763,1.46,1.44539,39.7,501.6,19.9,492.3,59.2,510.6,376,0.626,3
377,-150.97,-76.28,37.309,0.5541,0.8156,0.1668,0.7215,-0.3678,-0.5867,-0.4171,0.4454,-0.7922,25.5,0.0019,2.707,1.469,1.36978,40.8,499.9,20.6,490.9,60.8,508.7,377,0.27,3
378,-149.86,-74.669,37.687,0.5584,0.802,0.212,0.7388,-0.359,-0.5703,-0.3813,0.4752,-0.793,25.5,0.0037,2.669,1.456,1.36308,41.9,498.3,21.3,489.5,62.3,506.9,378,0.069,3
379,-148.75,-73.081,38.152,0.5543,0.7928,0.2533,0.7553,-0.3512,-0.5534,-0.3498,0.4981,-0.7935,25.5,0.0001,2.232,1.425,1.2225,43.0,496.7,22.0,488.0,63.8,505.1,379,0.387,3
380,-147.655,-71.508,38.694,0.5468,0.7833,0.2958,0.7706,-0.3447,-0.536,-0.3179,0.5211,-0.7921,25.5,0.0072,2.255,1.379,1.27074,44.1,495.1,22.7,486.6,65.2,503.4,380,0.689,3
381,-146.566,-69.967,39.336,0.5444,0.7655,0.3429,0.7846,-0.3397,-0.5186,-0.2805,0.5514,-0.7857,25.5,0.0107,2.782,1.311,1.44965,45.2,493.5,23.4,485.1,66.6,501.8,381,0.977,3
382,-145.487,-68.448,40.043,0.5387,0.7602,0.3632,0.7973,-0.3362,-0.5012,-0.2589,0.5596,-0.7873,25.5,0.0081,1.327,1.251,0.62499,46.2,492.0,24.2,483.7,67.9,500.2,381,1.019,3
383,-144.421,-66.929,40.77,0.5305,0.7657,0.3636,0.8087,-0.3341,-0.4841,-0.2492,0.5509,-0.7965,25.5,0.0028,0.914,1.184,0.2841,47.2,490.5,24.9,482.2,69.2,498.7,382,0.741,3
384,-143.374,-65.389,41.48,0.519,0.7821,0.345,0.8188,-0.3335,-0.4673,-0.2504,0.525,-0.8134,25.5,0.0029,1.773,1.124,0.78588,48.2,488.9,25.7,480.6,70.5,497.1,383,0.454,3
385,-142.354,-63.814,42.151,0.5057,0.7932,0.3392,0.8275,-0.3344,-0.451,-0.2443,0.5088,-0.8255,25.5,0.0002,1.21,1.06,0.52529,49.2,487.3,26.5,479.0,71.6,495.6,384,0.157,3
386,-141.357,-62.228,42.83,0.4952,0.7994,0.3401,0.8351,-0.3365,-0.4353,-0.2335,0.4996,-0.8342,25.5,0.0035,0.954,1.007,0.35155,50.2,485.7,27.3,477.3,72.8,494.1,385,0.195,3
387,-140.379,-60.624,43.496,0.486,0.8114,0.3248,0.8415,-0.3397,-0.4201,-0.2305,0.4775,-0.8479,25.5,0.0031,1.5,0.963,0.61842,51.1,484.1,28.1,475.6,73.9,492.6,386,0.551,3
388,-139.42,-58.99,44.112,0.4766,0.8298,0.2904,0.847,-0.3438,-0.4055,-0.2366,0.4392,-0.8667,25.5,0.0006,2.47,0.924,1.15371,52.1,482.5,29.0,473.8,74.9,491.1,387,0.976,3
389,-138.481,-57.312,44.635,0.4647,0.8552,0.2294,0.8516,-0.3487,-0.3913,-0.2547,0.3773,-0.8904,25.5,0.0078,3.937,0.9,1.93114,53.0,480.8,29.8,471.9,75.9,489.5,387,1.019,3
390,-137.574,-55.587,45.047,0.4461,0.8761,0.1828,0.8555,-0.3541,-0.3778,-0.2662,0.3249,-0.9075,25.5,0.0023,3.227,0.863,1.56337,53.9,479.0,30.6,470.0,76.9,487.9,388,0.505,4
391,-136.702,-53.822,45.358,0.4295,0.894,0.1277,0.8588,-0.3598,-0.3646,-0.28,0.2663,-0.9223,25.5,0.0006,3.553,0.845,1.73323,54.8,477.2,31.4,468.0,77.8,486.3,389,0.121,4
392,-135.859,-52.028,45.555,0.4176,0.9059,0.0703,0.8616,-0.3658,-0.3519,-0.2931,0.2075,-0.9333,25.5,0.0037,3.509,0.821,1.72032,55.6,475.4,32.2,466.0,78.7,484.6,390,0.872,4
393,-135.039,-50.214,45.639,0.4032,0.915,0.0144,0.8639,-0.372,-0.3396,-0.3054,0.1494,-0.9404,25.5,0.0031,3.427,0.8,1.68062,56.4,473.5,33.0,464.0,79.6,483.0,390,1.121,4
394,-134.251,-48.383,45.614,0.3876,0.921,-0.0398,0.8658,-0.3782,-0.3276,-0.3168,0.0926,-0.944,25.5,0.0003,3.326,0.782,1.63106,57.3,471.6,33.8,461.9,80.5,481.3,391,0.259,4
395,-133.492,-46.546,45.482,0.3754,0.9222,-0.0928,0.8675,-0.3844,-0.3159,-0.327,0.0381,-0.9443,25.5,0.0005,3.177,0.765,1.56435,58.0,469.8,34.6,459.9,81.3,479.5,392,0.705,4
396,-132.753,-44.711,45.243,0.3656,0.9192,-0.1464,0.8689,-0.3904,-0.3044,-0.337,-0.0159,-0.9414,25.5,0.0034,3.151,0.747,1.56938,58.8,467.9,35.4,457.8,82.1,477.8,392,1.289,4
397,-132.039,-42.882,44.9,0.3508,0.9152,-0.1983,0.8701,-0.3962,-0.2931,-0.3468,-0.0697,-0.9353,25.5,0.0008,3.153,0.731,1.55626,59.6,466.0,36.1,455.8,82.8,476.1,393,0.233,4
398,-131.354,-41.066,44.452,0.3373,0.9073,-0.251,0.8712,-0.4018,-0.282,-0.3567,-0.1235,-0.926,25.5,0.0001,3.18,0.715,1.58091,60.3,464.1,36.9,453.7,83.6,474.4,394,0.922,4
399,-130.694,-39.269,43.898,0.3247,0.895,-0.3058,0.8723,-0.407,-0.2712,-0.3672,-0.1787,-0.9128,25.5,0.0019,3.308,0.69,1.65534,61.0,462.3,37.6,451.7,84.3,472.7,394,1.073,4
400,-130.061,-37.5,43.233,0.3103,0.8797,-0.3603,0.8732,-0.4118,-0.2606,-0.3776,-0.2337,-0.896,25.5,0.0026,3.349,0.669,1.67986,61.7,460.4,38.3,449.8,85.0,471.0,395,0.182,4
401,-129.458,-35.765,42.463,0.2947,0.8617,-0.413,0.8742,-0.4161,-0.2503,-0.3876,-0.2873,-0.8759,25.5,0.0024,3.33,0.642,1.66329,62.4,458.6,39.0,447.9,85.6,469.3,396,1.535,4
402,-128.885,-34.068,41.589,0.2801,0.8405,-0.4638,0.8752,-0.4199,-0.2403,-0.3968,-0.3386,-0.8532,25.5,0.0037,3.258,0.616,1.63779,63.1,456.9,39.7,446.0,86.3,467.7,396,0.461,4
403,-128.34,-32.416,40.617,0.2668,0.8174,-0.5105,0.8762,-0.4232,-0.2307,-0.4046,-0.3858,-0.8291,25.5,0.0056,3.07,0.584,1.54619,63.7,455.2,40.3,444.2,86.9,466.1,397,1.023,4
404,-127.825,-30.81,39.555,0.2504,0.7932,-0.555,0.8772,-0.426,-0.2214,-0.412,-0.4315,-0.8025,25.5,0.0046,3.06,0.559,1.53136,64.3,453.5,40.9,442.5,87.5,464.5,397,0.972,4
405,-127.341,-29.255,38.408,0.2366,0.7682,-0.5949,0.8784,-0.4282,-0.2125,-0.4179,-0.4723,-0.7761,25.5,0.0053,2.805,0.53,1.41121,64.9,451.9,41.5,440.8,88.1,462.9,398,0.65,4
406,-126.88,-27.747,37.191,0.2271,0.7465,-0.6254,0.8796,-0.4299,-0.2038,-0.421,-0.5038,-0.7543,25.5,0.0063,2.202,0.513,1.11065,65.4,450.3,42.1,439.2,88.7,461.4,398,1.343,4
407,-126.433,-26.276,35.922,0.2218,0.7304,-0.646,0.8808,-0.4312,-0.1956,-0.4214,-0.5256,-0.739,25.5,0.0068,1.526,0.481,0.76691,66.0,448.8,42.6,437.6,89.2,459.9,399,0.401,4
408,-126.007,-24.849,34.6,0.207,0.7046,-0.6787,0.8821,-0.4322,-0.1876,-0.4255,-0.5599,-0.711,25.5,0.0054,2.548,0.468,1.27193,66.5,447.3,43.2,436.1,89.7,458.5,399,1.59,4
409,-125.603,-23.462,33.226,0.1988,0.6883,-0.6977,0.8834,-0.4328,-0.1798,-0.4257,-0.5806,-0.6941,25.5,0.0032,1.531,0.454,0.75709,67.0,445.9,43.7,434.7,90.3,457.1,400,0.247,4
410,-125.211,-22.1,31.824,0.195,0.6783,-0.7084,0.8848,-0.433,-0.1723,-0.4236,-0.5932,-0.6846,25.5,0.0009,0.912,0.437,0.43488,67.5,444.5,44.2,433.3,90.8,455.7,400,1.751,4
411,-124.824,-20.754,30.406,0.1945,0.673,-0.7136,0.8862,-0.433,-0.1649,-0.4199,-0.6003,-0.6807,25.5,0.0014,0.51,0.432,0.21394,68.0,443.1,44.7,431.9,91.3,454.3,401,0.16,4
412,-124.434,-19.415,28.982,0.1969,0.6716,-0.7143,0.8877,-0.4326,-0.1577,-0.4149,-0.603,-0.6813,25.5,0.0031,0.327,0.422,0.08237,68.5,441.7,45.2,430.5,91.8,452.9,401,1.865,4
413,-124.037,-18.075,27.562,0.2023,0.6738,-0.7107,0.8892,-0.432,-0.1505,-0.4085,-0.6015,-0.6865,25.5,0.0042,0.48,0.423,0.19702,69.0,440.4,45.7,429.2,92.3,451.5,402,0.085,4
414,-123.625,-16.727,26.153,0.2112,0.6799,-0.7022,0.8908,-0.4312,-0.1434,-0.4003,-0.5953,-0.6967,25.5,0.0043,0.83,0.42,0.39487,69.6,439.0,46.2,427.8,92.8,450.1,403,1.84,4
415,-123.194,-15.366,24.764,0.2186,0.6822,-0.6978,0.8924,-0.4301,-0.1363,-0.3931,-0.5929,-0.7028,25.5,0.0032,0.558,0.422,0.2563,70.1,437.6,46.7,426.5,93.4,448.6,403,0.155,4
416,-122.758,-14.013,23.366,0.2196,0.6758,-0.7036,0.8941,-0.4288,-0.1291,-0.389,-0.6007,-0.6984,25.5,0.0026,0.564,0.43,0.24995,70.6,436.2,47.3,425.1,93.9,447.2,404,1.563,4
417,-122.318,-12.669,21.962,0.2225,0.6737,-0.7047,0.8958,-0.4273,-0.1218,-0.3832,-0.6042,-0.6986,25.5,0.0027,0.388,0.438,0.10767,71.2,434.8,47.8,423.8,94.5,445.8,404,0.448,4
418,-121.87,-11.325,20.56,0.2275,0.6756,-0.7013,0.8977,-0.4256,-0.1143,-0.3757,-0.6036,-0.7032,25.5,0.0032,0.505,0.454,0.18221,71.7,433.5,48.3,422.5,95.0,444.4,405,1.119,4
419,-121.41,-9.974,19.17,0.2348,0.6816,-0.6931,0.8995,-0.4237,-0.1064,-0.3662,-0.5985,-0.7126,25.5,0.0038,0.82,0.477,0.35973,72.3,432.1,48.9,421.2,95.6,443.0,405,0.888,4
420,-120.932,-8.605,17.802,0.2452,0.6926,-0.6784,0.9015,-0.4215,-0.0981,-0.3539,-0.5875,-0.7277,25.5,0.0043,1.282,0.505,0.60638,72.9,430.7,49.4,419.8,96.2,441.5,406,0.463,4
421,-120.429,-7.208,16.472,0.26,0.7101,-0.6544,0.9035,-0.4192,-0.0892,-0.3377,-0.568,-0.7506,25.5,0.0044,1.957,0.539,0.95417,73.5,429.3,50.0,418.5,96.8,440.0,406,1.536,4
422,-119.891,-5.769,15.204,0.2812,0.7348,-0.6172,0.9056,-0.4165,-0.0798,-0.3158,-0.5365,-0.7826,25.5,0.0021,2.863,0.573,1.42168,74.1,427.8,50.6,417.1,97.5,438.5,407,0.391,4
423,-119.31,-4.289,14.004,0.3026,0.7515,-0.5863,0.9078,-0.4137,-0.0697,-0.2949,-0.5111,-0.8074,25.5,0.0047,2.36,0.614,1.18298,74.8,426.3,51.3,415.7,98.2,436.9,408,0.579,4
424,-118.686,-2.772,12.871,0.3225,0.7707,-0.5496,0.9099,-0.4107,-0.0587,-0.271,-0.4812,-0.8337,25.5,0.0092,2.661,0.664,1.32113,75.5,424.8,52.0,414.2,98.9,435.3,409,1.397,4
425,-118.027,-1.216,11.816,0.338,0.7915,-0.5093,0.9119,-0.4077,-0.0467,-0.2445,-0.4487,-0.8596,25.5,0.0093,2.824,0.718,1.37826,76.2,423.2,52.7,412.8,99.7,433.7,409,0.595,4
426,-117.344,0.382,10.842,0.3465,0.8124,-0.469,0.9138,-0.4047,-0.0334,-0.2169,-0.417,-0.8826,25.5,0.0035,2.746,0.789,1.32822,76.9,421.6,53.4,411.2,100.4,432.0,410,0.098,4
427,-116.636,2.022,9.958,0.3642,0.8328,-0.4168,0.9155,-0.4019,-0.0187,-0.1831,-0.3748,-0.9088,25.5,0.0065,3.443,0.863,1.69014,77.7,420.0,54.2,409.7,101.2,430.3,411,0.691,4
428,-115.896,3.701,9.18,0.3767,0.8521,-0.3634,0.9168,-0.3994,-0.0025,-0.1473,-0.3322,-0.9316,25.5,0.0059,3.446,0.942,1.67218,78.5,418.3,55.0,408.0,102.0,428.5,412,1.211,4
429,-115.14,5.417,8.507,0.3813,0.8697,-0.3133,0.9175,-0.3973,0.0153,-0.1112,-0.2933,-0.9495,25.5,0.0005,3.21,1.028,1.53285,79.3,416.6,55.8,406.4,102.8,426.7,412,0.783,4
430,-114.378,7.166,7.933,0.3846,0.8857,-0.2601,0.9176,-0.3959,0.0348,-0.0721,-0.2521,-0.965,25.5,0.0068,3.374,1.12,1.60044,80.1,414.8,56.7,404.7,103.6,424.9,413,0.311,4
431,-113.607,8.945,7.472,0.3884,0.8988,-0.2032,0.9169,-0.3952,0.0561,-0.0299,-0.2082,-0.9776,25.5,0.0105,3.564,1.222,1.6827,80.9,413.0,57.6,402.9,104.3,423.1,414,0.142,4
432,-112.832,10.746,7.121,0.3896,0.9089,-0.1488,0.9149,-0.3957,0.0794,0.0132,-0.1671,-0.9858,25.5,0.015,3.445,1.34,1.59152,81.7,411.2,58.5,401.1,105.0,421.3,415,0.582,4
433,-112.056,12.566,6.88,0.3885,0.9169,-0.0917,0.9116,-0.3975,0.1046,0.0595,-0.1242,-0.9905,25.5,0.0199,3.627,1.46,1.65847,82.5,409.4,59.4,399.2,105.7,419.6,416,1.016,4
434,-111.283,14.398,6.754,0.3875,0.9211,-0.0361,0.9067,-0.4008,0.1315,0.1067,-0.0837,-0.9908,25.5,0.0226,3.564,1.578,1.60384,83.3,407.5,60.3,397.3,106.3,417.8,416,0.978,4
435,-110.511,16.235,6.731,0.3876,0.9217,0.0128,0.8999,-0.4057,0.1597,0.1524,-0.0504,-0.987,25.5,0.0231,3.248,1.686,1.40634,84.1,405.7,61.3,395.4,106.9,416.1,417,0.554,4
436,-109.738,18.07,6.802,0.3864,0.9204,0.0592,0.8912,-0.4125,0.1886,0.198,-0.0201,-0.98,25.5,0.0241,3.163,1.773,1.33531,84.8,403.9,62.4,393.4,107.4,414.4,418,0.142,4
437,-108.97,19.902,6.969,0.3847,0.9166,0.1088,0.8807,-0.421,0.2172,0.245,0.0123,-0.9695,25.5,0.0235,3.326,1.812,1.43133,85.6,402.0,63.5,391.3,107.9,412.8,419,0.258,4
438,-108.204,21.721,7.237,0.3846,0.9092,0.1597,0.8684,-0.4314,0.2445,0.2913,0.0447,-0.9556,25.5,0.0192,3.335,1.816,1.47917,86.4,400.2,64.6,389.3,108.3,411.2,420,0.64,4
439,-107.439,23.524,7.605,0.3813,0.9005,0.209,0.8548,-0.4435,0.2694,0.3353,0.076,-0.939,25.5,0.0171,3.237,1.767,1.44266,87.1,398.4,65.7,387.2,108.7,409.7,421,1.001,4
440,-106.682,25.308,8.07,0.3794,0.8886,0.2577,0.8404,-0.4573,0.2908,0.3763,0.1062,-0.9204,25.5,0.0126,3.107,1.676,1.44278,87.8,396.6,66.8,385.0,109.0,408.2,421,0.992,4
441,-105.924,27.063,8.629,0.3828,0.8732,0.3017,0.8259,-0.4722,0.308,0.4114,0.1313,-0.9019,25.5,0.0032,2.69,1.546,1.34418,88.6,394.8,68.0,382.9,109.4,406.8,422,0.656,4
442,-105.158,28.787,9.271,0.3818,0.8569,0.3463,0.812,-0.4879,0.3203,0.4434,0.159,-0.8821,25.5,0.0029,2.678,1.393,1.36585,89.3,393.1,69.1,380.7,109.7,405.5,423,0.346,4
443,-104.402,30.48,10.003,0.3782,0.8421,0.3845,0.7993,-0.5039,0.3274,0.4694,0.1835,-0.8637,25.5,0.0038,2.303,1.239,1.18249,90.0,391.3,70.1,378.6,110.1,404.2,424,0.061,4
444,-103.643,32.145,10.792,0.3848,0.8296,0.4045,0.7879,-0.52,0.33,0.4841,0.1917,-0.8538,25.5,0.0053,1.119,1.14,0.70415,90.7,389.7,71.1,376.5,110.5,402.9,425,0.229,4
445,-102.863,33.788,11.606,0.4002,0.8195,0.4103,0.7778,-0.5357,0.3286,0.4892,0.1876,-0.8518,25.5,0.0071,0.392,1.073,0.55513,91.5,388.0,72.1,374.5,111.0,401.6,426,0.495,4
446,-102.044,35.412,12.419,0.4213,0.8098,0.4083,0.7691,-0.5509,0.324,0.4874,0.1775,-0.855,25.5,0.0102,0.616,1.038,0.67033,92.2,386.3,73.1,372.4,111.6,400.4,427,0.754,4
447,-101.198,37.01,13.258,0.428,0.7944,0.431,0.7617,-0.5652,0.3168,0.4953,0.1927,-0.8471,25.5,0.0136,1.081,1.011,0.8117,93.1,384.7,74.0,370.4,112.2,399.1,428,1.006,4
448,-100.336,38.582,14.127,0.4379,0.7849,0.4384,0.7557,-0.5783,0.3075,0.4949,0.1966,-0.8464,25.5,0.0118,0.228,0.983,0.4482,93.9,383.1,75.0,368.5,112.9,397.9,428,0.989,4
449,-99.45,40.141,14.998,0.4513,0.7802,0.4333,0.7508,-0.59,0.2969,0.4873,0.1914,-0.852,25.5,0.0072,0.618,0.947,0.43376,94.7,381.5,75.9,366.6,113.7,396.6,429,0.748,4
450,-98.534,41.695,15.846,0.4685,0.7794,0.416,0.747,-0.6004,0.2855,0.4723,0.177,-0.8635,25.5,0.0008,1.361,0.911,0.70171,95.6,379.9,76.9,364.7,114.5,395.3,430,0.514,4
451,-97.58,43.25,16.646,0.4903,0.782,0.3848,0.7443,-0.609,0.274,0.4487,0.1521,-0.8807,25.5,0.0059,2.199,0.837,1.09695,96.5,378.3,77.8,362.9,115.4,393.9,431,0.287,4
452,-96.577,44.808,17.38,0.5153,0.7785,0.3583,0.7425,-0.6159,0.2632,0.4256,0.1304,-0.8955,25.5,0.0026,2.004,0.742,1.05248,97.5,376.8,78.8,361.1,116.3,392.5,432,0.067,4
453,-95.529,46.353,18.077,0.5361,0.7725,0.3403,0.7418,-0.621,0.2532,0.407,0.1167,-0.906,25.5,0.0041,1.454,0.644,0.80952,98.5,375.2,79.8,359.4,117.3,391.1,433,0.157,4
454,-94.444,47.89,18.734,0.5521,0.7708,0.3179,0.7422,-0.6243,0.2439,0.3865,0.1013,-0.9167,25.5,0.0061,1.592,0.566,0.79298,99.6,373.6,80.8,357.7,118.4,389.6,434,0.374,4
455,-93.332,49.428,19.341,0.5634,0.7734,0.2906,0.7438,-0.6256,0.2354,0.3639,0.0835,-0.9277,25.5,0.0036,1.765,0.501,0.85279,100.7,372.0,81.9,356.1,119.6,388.0,435,0.595,4
456,-92.201,50.975,19.889,0.5699,0.7802,0.2579,0.7468,-0.625,0.2275,0.3387,0.063,-0.9388,25.5,0.0034,1.967,0.485,0.97837,101.8,370.5,82.9,354.6,120.8,386.5,436,0.822,4
457,-91.062,52.539,20.366,0.577,0.7864,0.2207,0.7512,-0.6223,0.2201,0.3104,0.0388,-0.9498,25.5,0.0074,2.225,0.517,1.10329,102.9,368.9,83.9,353.0,122.0,384.8,437,1.057,4
458,-89.897,54.104,20.769,0.5909,0.7854,0.1845,0.7569,-0.6178,0.2132,0.2814,0.0137,-0.9595,25.5,0.0014,2.267,0.574,1.11548,104.1,367.3,84.9,351.5,123.4,383.1,437,0.936,4
459,-88.712,55.671,21.102,0.5973,0.7878,0.1502,0.7637,-0.6115,0.2068,0.2548,-0.0088,-0.967,25.5,0.0055,2.042,0.645,1.00573,105.2,365.7,85.9,350.1,124.7,381.3,438,0.688,4
460,-87.522,57.246,21.371,0.5959,0.7939,0.121,0.7713,-0.6039,0.201,0.2327,-0.0265,-0.9722,25.5,0.0045,1.649,0.7,0.85877,106.4,364.1,86.8,348.7,126.1,379.5,439,0.425,4
461,-86.341,58.837,21.589,0.5878,0.8029,0.0988,0.7793,-0.5952,0.1959,0.2161,-0.0382,-0.9756,25.5,0.0005,1.18,0.738,0.72714,107.6,362.4,87.8,347.3,127.5,377.7,440,0.135,4
462,-85.179,60.446,21.765,0.5819,0.81,0.0722,0.7875,-0.5857,0.1916,0.1975,-0.0546,-0.9788,25.5,0.0023,1.433,0.76,0.80966,108.8,360.8,88.7,345.9,128.9,375.8,441,0.193,4
463,-84.019,62.063,21.875,0.5816,0.8125,0.0409,0.7957,-0.5758,0.188,0.1763,-0.0768,-0.9813,25.5,0.0026,1.765,0.765,0.90279,109.9,359.2,89.7,344.5,130.3,373.9,442,0.562,4
464,-82.863,63.685,21.935,0.5783,0.8156,0.0211,0.8035,-0.5657,0.1854,0.1631,-0.0903,-0.9825,25.5,0.0072,1.084,0.746,0.58387,111.1,357.5,90.6,343.1,131.7,372.0,443,0.984,4
465,-81.716,65.314,21.966,0.5726,0.8197,0.0106,0.8109,-0.5556,0.1837,0.1565,-0.0966,-0.9829,25.5,0.0108,0.523,0.724,0.36317,112.3,355.9,91.6,341.7,133.0,370.1,443,1.011,4
466,-80.582,66.953,21.983,0.5649,0.8251,0.0081,0.8176,-0.5458,0.1832,0.1556,-0.0969,-0.9831,25.5,0.013,0.055,0.681,0.27977,113.4,354.2,92.6,340.3,134.4,368.2,444,0.532,4
467,-79.466,68.604,22.002,0.5549,0.8318,0.0129,0.8235,-0.5367,0.1839,0.1599,-0.0914,-0.9829,25.5,0.0129,0.4,0.623,0.37257,114.6,352.5,93.6,338.9,135.7,366.3,445,0.051,4
468,-78.372,70.27,22.039,0.5425,0.8397,0.025,0.8284,-0.5285,0.1859,0.1693,-0.0801,-0.9823,25.5,0.0103,0.843,0.559,0.54745,115.7,350.9,94.5,337.4,136.9,364.3,446,0.638,4
469,-77.305,71.952,22.094,0.529,0.8483,0.0234,0.8321,-0.5214,0.1893,0.1728,-0.0806,-0.9817,25.5,0.0023,0.205,0.498,0.46253,116.7,349.2,95.5,335.9,138.1,362.5,447,1.339,4
470,-76.261,73.649,22.133,0.5185,0.8549,0.0165,0.8346,-0.5156,0.194,0.1744,-0.0868,-0.9808,25.5,0.0048,0.37,0.451,0.40809,117.8,347.4,96.5,334.4,139.2,360.6,447,0.657,4
471,-75.237,75.358,22.164,0.5101,0.86,0.0154,0.836,-0.5109,0.2,0.1799,-0.0891,-0.9796,25.5,0.0099,0.348,0.444,0.28428,118.8,345.7,97.5,332.8,140.3,358.7,448,0.14,4
472,-74.227,77.076,22.198,0.5031,0.864,0.0196,0.8365,-0.5074,0.207,0.1888,-0.0877,-0.9781,25.5,0.0135,0.523,0.449,0.26133,119.8,344.0,98.5,331.1,141.3,356.9,449,0.951,4
473,-73.23,78.801,22.245,0.4973,0.8671,0.0293,0.8361,-0.5047,0.2148,0.2011,-0.0823,-0.9761,25.5,0.0155,0.778,0.473,0.33689,120.9,342.2,99.6,329.5,142.3,355.0,449,1.047,4
474,-72.244,80.532,22.319,0.4922,0.8693,0.0456,0.8349,-0.503,0.2234,0.2172,-0.0719,-0.9735,25.5,0.0161,1.108,0.507,0.495,121.8,340.5,100.6,327.8,143.2,353.2,450,0.18,4
475,-71.268,82.266,22.433,0.4877,0.8702,0.0707,0.833,-0.502,0.2326,0.2379,-0.0545,-0.9698,25.5,0.0141,1.564,0.541,0.73347,122.8,338.7,101.6,326.1,144.2,351.4,451,0.723,4
476,-70.301,83.998,22.609,0.483,0.8688,0.1088,0.8304,-0.5018,0.2421,0.2649,-0.0266,-0.9639,25.5,0.0085,2.25,0.564,1.10517,123.8,336.9,102.7,324.3,145.1,349.6,451,1.27,4
477,-69.349,85.733,22.848,0.4724,0.8715,0.1315,0.8273,-0.5021,0.2518,0.2856,-0.0101,-0.9583,25.5,0.0137,1.55,0.584,0.72437,124.8,335.2,103.7,322.6,145.9,347.9,452,0.36,4
478,-68.418,87.471,23.138,0.4618,0.8724,0.1601,0.8237,-0.503,0.2617,0.3089,0.011,-0.951,25.5,0.0165,1.849,0.606,0.87748,125.7,333.4,104.8,320.8,146.8,346.1,453,0.555,4
479,-67.508,89.208,23.49,0.4518,0.8707,0.1942,0.8195,-0.5045,0.2717,0.3346,0.0364,-0.9416,25.5,0.0163,2.139,0.627,1.02306,126.6,331.6,105.8,319.0,147.6,344.3,453,1.438,4
480,-66.616,90.939,23.914,0.4432,0.8657,0.2328,0.8149,-0.5066,0.2818,0.3619,0.0648,-0.93,25.5,0.0118,2.353,0.647,1.14623,127.5,329.8,106.8,317.2,148.4,342.6,454,0.531,4
481,-65.74,92.656,24.419,0.4364,0.857,0.274,0.8097,-0.5092,0.2918,0.3896,0.0945,-0.9161,25.5,0.0031,2.46,0.663,1.22636,128.4,328.1,107.8,315.4,149.1,340.9,455,0.368,4
482,-64.88,94.354,25.009,0.4266,0.8467,0.3181,0.804,-0.5124,0.3017,0.4184,0.127,-0.8993,25.5,0.0051,2.668,0.68,1.33259,129.2,326.3,108.8,313.5,149.8,339.2,456,1.258,4
483,-64.042,96.03,25.686,0.4131,0.8361,0.361,0.7979,-0.5161,0.3114,0.4467,0.1594,-0.8804,25.5,0.0105,2.692,0.69,1.32867,130.0,324.6,109.8,311.7,150.5,337.6,456,0.735,4
484,-63.235,97.686,26.444,0.3969,0.8265,0.3992,0.7915,-0.5201,0.321,0.4729,0.1886,-0.8607,25.5,0.0124,2.515,0.7,1.22474,130.8,322.9,110.7,309.9,151.1,335.9,457,0.15,4
485,-62.461,99.326,27.272,0.3796,0.8191,0.4301,0.785,-0.5242,0.3302,0.4959,0.2123,-0.842,25.5,0.0106,2.175,0.687,1.04028,131.6,321.1,111.6,308.1,151.7,334.3,458,1.029,4
486,-61.716,100.946,28.161,0.3682,0.8067,0.4623,0.7784,-0.5284,0.339,0.5178,0.2351,-0.8226,25.5,0.0171,2.125,0.675,1.04486,132.3,319.4,112.5,306.3,152.3,332.7,458,0.964,4
487,-60.996,102.542,29.113,0.3533,0.7953,0.4926,0.7718,-0.5325,0.3475,0.5388,0.2575,-0.8021,25.5,0.0204,2.115,0.66,1.02469,133.0,317.8,113.4,304.6,152.8,331.1,459,0.089,4
488,-60.311,104.117,30.123,0.3339,0.786,0.5202,0.7654,-0.5364,0.3557,0.5587,0.2795,-0.7808,25.5,0.019,2.093,0.636,1.00623,133.7,316.1,114.2,302.8,153.3,329.5,460,0.781,4
489,-59.669,105.676,31.185,0.3103,0.7786,0.5455,0.7591,-0.54,0.3635,0.5777,0.3013,-0.7586,25.5,0.0134,2.089,0.61,1.01735,134.3,314.5,115.0,301.1,153.8,328.0,460,1.212,4
490,-59.077,107.222,32.295,0.2842,0.7717,0.5689,0.7531,-0.5433,0.3711,0.5955,0.323,-0.7356,25.5,0.0059,2.079,0.586,1.02724,134.8,312.8,115.7,299.4,154.2,326.4,461,0.352,4
491,-58.529,108.748,33.454,0.2651,0.7603,0.593,0.7474,-0.5461,0.3783,0.6115,0.343,-0.7131,25.5,0.0073,1.953,0.55,0.94306,135.4,311.2,116.4,297.7,154.6,324.9,462,0.494,4
492,-58.022,110.253,34.657,0.2442,0.7504,0.6142,0.7422,-0.5484,0.3852,0.6259,0.3618,-0.6909,25.5,0.0063,1.86,0.512,0.90208,135.8,309.6,117.0,296.0,154.9,323.3,463,1.321,4
493,-57.557,111.74,35.9,0.2221,0.7422,0.6323,0.7375,-0.5501,0.3918,0.6387,0.3793,-0.6695,25.5,0.0032,1.746,0.474,0.85456,136.3,308.0,117.5,294.4,155.2,321.7,463,0.672,4
494,-57.137,113.212,37.175,0.1993,0.7357,0.6473,0.7333,-0.5513,0.398,0.6496,0.3954,-0.6493,25.5,0.0018,1.606,0.435,0.8067,136.7,306.4,118.0,292.8,155.5,320.2,464,0.13,4
495,-56.762,114.673,38.478,0.1765,0.7308,0.6594,0.7297,-0.5518,0.4038,0.6589,0.4099,-0.6307,25.5,0.0082,1.453,0.392,0.75535,137.0,304.8,118.4,291.2,155.8,318.6,465,0.893,4
496,-56.434,116.121,39.806,0.1529,0.722,0.6748,0.7269,-0.5516,0.4091,0.6676,0.428,-0.6092,25.5,0.0111,1.686,0.344,0.84903,137.3,303.3,118.8,289.7,156.0,317.0,465,1.1,4
497,-56.15,117.552,41.165,0.1329,0.7135,0.688,0.7246,-0.5507,0.4143,0.6745,0.4435,-0.5902,25.5,0.0116,1.46,0.33,0.7309,137.5,301.7,119.1,288.1,156.2,315.4,466,0.391,4
498,-55.902,118.966,42.546,0.1162,0.707,0.6976,0.7227,-0.5493,0.4195,0.6798,0.4555,-0.5748,25.5,0.0117,1.159,0.327,0.58454,137.7,300.2,119.3,286.6,156.4,313.8,467,0.249,4
499,-55.686,120.371,43.944,0.102,0.7023,0.7045,0.721,-0.5472,0.4252,0.6842,0.4646,-0.5622,25.5,0.0112,0.926,0.361,0.47355,137.9,298.6,119.5,285.2,156.5,312.2,468,0.798,4
500,-55.495,121.767,45.353,0.0898,0.6992,0.7092,0.7192,-0.5445,0.4316,0.688,0.4713,-0.5518,25.5,0.01,0.742,0.411,0.38632,138.1,297.1,119.7,283.7,156.6,310.6,468,1.196,4
501,-55.327,123.159,46.769,0.0791,0.6977,0.712,0.7171,-0.5413,0.439,0.6917,0.4759,-0.5432,25.5,0.0084,0.598,0.477,0.32089,138.2,295.6,119.9,282.3,156.7,309.0,469,0.755,4
502,-55.178,124.549,48.189,0.0698,0.6978,0.7129,0.7146,-0.5375,0.4477,0.6956,0.4782,-0.5361,25.5,0.006,0.482,0.562,0.26863,138.3,294.0,120.1,280.9,156.8,307.4,470,0.442,4
503,-55.053,125.94,49.61,0.0537,0.698,0.714,0.7113,-0.5332,0.458,0.7004,0.4833,-0.5252,25.5,0.007,0.742,0.667,0.46407,138.4,292.5,120.2,279.5,156.8,305.7,471,0.277,4
504,-54.962,127.33,51.035,0.038,0.6969,0.7162,0.7073,-0.5287,0.4692,0.7057,0.4888,-0.513,25.5,0.0055,0.825,0.729,0.45696,138.4,291.0,120.4,278.1,156.7,304.0,472,0.283,4
505,-54.899,128.717,52.465,0.0264,0.6947,0.7188,0.7028,-0.5248,0.4802,0.7108,0.4925,-0.5021,25.5,0.0009,0.721,0.717,0.34754,138.5,289.4,120.5,276.7,156.6,302.4,473,0.458,4
506,-54.855,130.099,53.901,0.0179,0.6915,0.7221,0.6982,-0.5222,0.4898,0.7158,0.4954,-0.4921,25.5,0.0051,0.662,0.628,0.27778,138.5,287.9,120.6,275.2,156.5,300.7,475,0.72,4
507,-54.826,131.473,55.345,0.0119,0.6871,0.7265,0.6936,-0.5215,0.4969,0.7203,0.498,-0.4828,25.5,0.0109,0.61,0.486,0.24845,138.4,286.4,120.7,273.7,156.4,299.2,476,0.128,4
508,-54.806,132.836,56.799,0.0085,0.6808,0.7324,0.6895,-0.5237,0.5003,0.7243,0.5008,-0.4739,25.5,0.0157,0.582,0.33,0.26667,138.4,284.8,120.8,272.1,156.3,297.7,478,0.426,4
509,-54.79,134.184,58.266,0.0082,0.6714,0.7411,0.6861,-0.5294,0.4989,0.7274,0.5045,-0.4651,25.5,0.0199,0.575,0.389,0.36843,138.4,283.3,120.8,270.5,156.2,296.4,480,0.281,4
510,-54.772,135.508,59.756,0.0024,0.6535,0.757,0.6837,-0.5393,0.4916,0.7296,0.5165,-0.4482,25.5,0.0213,1.194,0.718,0.70823,138.3,281.8,120.8,268.7,156.1,295.1,482,0.244,4
511,-54.797,136.783,61.286,-0.0233,0.6281,0.7778,0.6817,-0.5535,0.4785,0.731,0.5414,-0.4153,25.5,0.0086,2.366,1.113,1.19911,138.3,280.4,120.8,266.9,156.0,294.1,486,0.179,5
512,-54.841,138.021,62.847,-0.0131,0.6181,0.786,0.6781,-0.5711,0.4627,0.7348,0.5391,-0.4116,25.5,0.0018,0.331,1.371,0.47362,138.2,279.0,120.8,265.0,155.8,293.2,489,0.092,5
513,-54.815,139.264,64.403,0.0474,0.6339,0.7719,0.6709,-0.5912,0.4478,0.7402,0.4966,-0.4533,25.5,0.0027,3.426,1.492,1.84376,138.1,277.6,120.9,263.0,155.6,292.3,491,0.411,5
514,-54.654,140.545,65.921,0.1074,0.647,0.7549,0.6582,-0.6131,0.4369,0.7455,0.45,-0.4917,25.5,0.0038,3.474,1.579,1.83259,138.3,276.1,121.3,260.9,155.4,291.5,494,0.216,5
515,-54.393,141.838,67.415,0.1538,0.6498,0.7444,0.6399,-0.6381,0.4282,0.7532,0.4105,-0.514,25.5,0.0025,2.636,1.844,1.3704,138.5,274.6,122.0,258.8,155.2,290.7,496,0.196,5
516,-54.044,143.131,68.891,0.195,0.6468,0.7373,0.616,-0.6682,0.4172,0.7625,0.3728,-0.5287,25.5,0.0045,2.379,2.291,1.20519,138.8,273.2,122.9,256.5,154.9,290.1,498,0.351,5
517,-53.612,144.424,70.343,0.2415,0.6515,0.7192,0.5865,-0.7044,0.3998,0.7674,0.3254,-0.5525,25.5,0.0297,3.052,2.856,1.44133,139.2,271.7,124.1,254.0,154.5,289.6,499,0.495,5
518,-53.08,145.71,71.769,0.2918,0.6342,0.716,0.5543,-0.7415,0.378,0.7712,0.2868,-0.5683,25.5,0.0379,2.4,3.08,1.5325,139.7,270.2,125.4,251.5,154.2,289.2,501,0.037,5
519,-52.455,146.938,73.208,0.335,0.6011,0.7256,0.5243,-0.7731,0.3569,0.7758,0.261,-0.5744,25.5,0.0301,1.542,2.774,1.58935,140.3,268.8,126.7,249.2,154.0,288.7,503,0.65,5
520,-51.747,148.114,74.653,0.3738,0.5777,0.7256,0.4996,-0.7968,0.3397,0.7747,0.2356,-0.5867,25.5,0.0271,1.618,2.195,1.30284,141.0,267.5,128.1,247.2,154.1,288.0,504,0.093,5
521,-50.969,149.236,76.105,0.4066,0.5462,0.7323,0.4778,-0.8161,0.3252,0.7753,0.2177,-0.5929,25.5,0.0133,1.086,1.864,1.32179,141.8,266.2,129.4,245.3,154.3,287.3,505,0.396,5
522,-50.126,150.284,77.575,0.441,0.5056,0.7415,0.4554,-0.8341,0.3112,0.7759,0.2005,-0.5981,25.5,0.0099,1.03,1.832,1.55307,142.6,264.9,130.8,243.5,154.6,286.5,506,0.816,5
523,-49.214,151.255,79.057,0.4731,0.469,0.7458,0.4299,-0.8529,0.2962,0.7753,0.1805,-0.6053,25.5,0.0243,1.218,2.009,1.40542,143.5,263.8,132.3,241.8,154.8,285.9,508,0.524,5
524,-48.247,152.154,80.55,0.496,0.4332,0.7526,0.3997,-0.8729,0.2798,0.7785,0.1621,-0.6064,25.5,0.0307,1.072,2.278,1.23741,144.5,262.7,134.1,240.2,155.0,285.5,509,0.282,5
525,-47.238,152.977,82.058,0.5187,0.3906,0.7605,0.3634,-0.8942,0.2613,0.7827,0.1409,-0.6062,25.5,0.0379,1.238,2.634,1.40659,145.5,261.7,136.0,238.5,155.1,285.1,510,0.095,5
526,-46.18,153.709,83.579,0.5429,0.3445,0.7659,0.3193,-0.9166,0.2407,0.7856,0.1139,-0.6081,25.5,0.0419,1.56,3.07,1.50534,146.6,260.8,138.2,237.0,155.0,284.8,511,0.041,5
527,-45.079,154.352,85.111,0.5605,0.3003,0.7718,0.2656,-0.939,0.2184,0.7908,0.0826,-0.6065,25.5,0.0354,1.82,3.571,1.37852,147.7,260.0,140.7,235.5,154.7,284.7,512,0.126,5
528,-43.941,154.896,86.654,0.5814,0.2459,0.7756,0.2018,-0.9599,0.1946,0.7927,0.0434,-0.608,25.5,0.0322,2.25,4.082,1.67961,148.8,259.3,143.6,234.1,154.1,284.6,513,0.16,5
529,-42.764,155.339,88.199,0.5993,0.2022,0.7746,0.1318,-0.9767,0.1693,0.7908,0.0006,-0.612,25.5,0.0126,2.466,4.373,1.35826,150.0,258.7,146.6,232.9,153.5,284.5,514,0.146,5
530,-41.556,155.699,89.742,0.6142,0.1574,0.7733,0.061,-0.9879,0.1425,0.7864,-0.0404,-0.6164,25.5,0.0078,2.376,4.386,1.35812,151.3,258.1,149.7,232.0,152.8,284.3,515,0.091,5
531,-40.312,155.965,91.276,0.6346,0.1096,0.765,-0.0036,-0.9936,0.1129,0.7727,-0.0744,-0.6304,25.5,0.0248,2.248,4.085,1.51359,152.5,257.7,152.7,231.3,152.4,284.2,516,0.004,5
532,-39.031,156.138,92.793,0.6502,0.0663,0.7569,-0.0546,-0.9954,0.0786,0.7593,-0.0926,-0.6441,25.5,0.042,1.514,3.524,1.34376,153.8,257.4,155.4,230.8,152.3,284.0,517,0.116,5
533,-37.721,156.233,94.291,0.6653,0.0285,0.746,-0.0865,-0.9955,0.0374,0.745,-0.0896,-0.661,25.5,0.058,1.28,2.986,1.21163,155.2,257.1,157.5,230.4,152.8,283.8,518,0.254,5
534,-36.376,156.246,95.762,0.6841,-0.0186,0.7291,-0.0941,-0.9955,-0.0132,0.7272,-0.0597,-0.6839,25.5,0.0555,2.387,2.932,1.53739,156.6,257.0,159.1,230.1,154.1,283.8,519,0.407,5
535,-34.997,156.164,97.198,0.6994,-0.0611,0.7121,-0.0723,-0.9945,-0.0764,0.7135,0.002,-0.7006,25.5,0.0442,3.746,3.831,1.38781,158.0,256.9,159.9,229.9,156.1,283.9,520,0.572,5
536,-33.588,156.004,98.598,0.7165,-0.1055,0.6896,-0.0155,-0.9877,-0.1556,0.6976,0.1008,-0.7094,25.5,0.0142,5.758,5.6,1.5135,159.5,257.0,159.8,229.9,159.1,283.9,521,0.744,5
537,-32.145,155.743,99.946,0.729,-0.1503,0.6678,0.079,-0.9648,-0.2509,0.6824,0.2358,-0.6919,25.5,0.035,7.854,7.807,1.4772,161.0,257.1,158.7,230.3,163.2,283.7,522,0.922,5
538,-30.681,155.397,101.253,0.7384,-0.1968,0.6451,0.2091,-0.9106,-0.3564,0.6611,0.4002,-0.6346,25.5,0.1037,10.063,10.1,1.51243,162.5,257.3,156.6,231.7,168.3,282.7,522,1.072,5
539,-29.208,154.962,102.522,0.7402,-0.2409,0.6277,0.3662,-0.8088,-0.4601,0.6285,0.5796,-0.5187,25.5,0.1771,12.403,12.285,1.36424,164.0,257.7,153.8,234.5,174.1,280.5,523,0.888,5
540,-27.736,154.441,103.76,0.7362,-0.2821,0.6152,0.528,-0.6523,-0.5439,0.5711,0.7467,-0.3411,25.5,0.2381,14.391,13.795,1.24341,165.6,258.1,150.9,239.0,180.0,276.9,524,0.699,5
541,-26.276,153.84,104.976,0.7271,-0.3221,0.6063,0.6673,-0.4512,-0.5925,0.4825,0.868,-0.1176,25.5,0.2713,15.476,14.328,1.207,167.1,258.6,148.6,244.8,185.3,272.2,525,0.506,5
542,-24.84,153.159,106.178,0.7123,-0.363,0.6008,0.7651,-0.2314,-0.6009,0.3707,0.9213,0.1172,25.5,0.268,15.255,13.826,1.26064,168.6,259.2,147.4,251.4,189.4,266.9,526,0.31,5
543,-23.438,152.396,107.371,0.6913,-0.4042,0.5989,0.8166,-0.0243,-0.5767,0.2544,0.912,0.3218,25.5,0.229,13.526,12.329,1.3309,170.1,259.9,147.5,257.8,192.2,262.0,527,0.113,5
544,-22.084,151.552,108.565,0.6654,-0.4436,0.6004,0.8316,0.1507,-0.5345,0.1487,0.8669,0.4758,25.5,0.1656,11.026,10.364,1.35651,171.5,260.7,148.6,263.5,194.1,257.9,528,0.083,5
545,-20.79,150.63,109.767,0.6347,-0.4804,0.6053,0.8239,0.2918,-0.4858,0.057,0.8102,0.5833,25.5,0.0887,8.732,8.572,1.38533,172.9,261.6,150.2,268.4,195.2,254.9,529,0.276,5
546,-19.562,149.634,110.98,0.5991,-0.5162,0.6121,0.804,0.4031,-0.4371,-0.0211,0.754,0.6565,25.5,0.006,6.931,7.058,1.46501,174.2,262.5,152.0,272.5,196.0,252.7,530,0.469,5
547,-18.401,148.574,112.204,0.5634,-0.5502,0.6163,0.7789,0.4897,-0.3918,-0.0864,0.7026,0.7063,25.5,0.0721,5.553,5.784,1.42283,175.4,263.5,153.9,276.0,196.5,251.2,531,0.658,5
548,-17.321,147.439,113.436,0.5246,-0.5842,0.6193,0.7534,0.5557,-0.3515,-0.1403,0.6582,0.7397,25.5,0.1471,4.436,4.667,1.48612,176.5,264.6,155.8,279.0,197.0,250.4,532,0.841,5
549,-16.31,146.246,114.671,0.4883,-0.6148,0.6194,0.7301,0.6056,-0.3166,-0.1847,0.6209,0.7618,25.5,0.2119,3.556,3.736,1.36518,177.6,265.8,157.5,281.6,197.5,250.1,533,1.011,5
550,-15.379,144.986,115.902,0.448,-0.647,0.617,0.7095,0.6441,-0.2859,-0.221,0.5886,0.7776,25.5,0.2753,2.928,3.059,1.48505,178.6,267.0,159.1,284.0,197.9,250.2,533,0.982,5
551,-14.518,143.674,117.13,0.4153,-0.6709,0.6144,0.6914,0.6746,-0.2586,-0.2548,0.5626,0.7865,25.5,0.3243,2.496,2.565,1.16698,179.5,268.3,160.5,286.2,198.3,250.6,534,0.829,5
552,-13.728,142.308,118.348,0.3756,-0.7007,0.6066,0.6757,0.699,-0.2341,-0.2809,0.5377,0.795,25.5,0.378,2.123,2.176,1.44499,180.3,269.7,161.7,288.3,198.7,251.2,535,0.698,5
553,-13.026,140.881,119.547,0.3306,-0.7284,0.6002,0.6621,0.7189,-0.2118,-0.3073,0.5182,0.7982,25.5,0.4319,1.889,1.881,1.53068,181.0,271.1,162.9,290.3,199.1,252.0,536,0.595,5
554,-12.406,139.407,120.736,0.2921,-0.752,0.5909,0.6504,0.7351,-0.1913,-0.3303,0.5005,0.8002,25.5,0.4759,1.667,1.64,1.32573,181.7,272.6,163.8,292.3,199.5,253.0,537,0.527,5
555,-11.859,137.88,121.894,0.257,-0.7816,0.5684,0.6408,0.7481,-0.1722,-0.3398,0.4775,0.8103,25.5,0.5179,1.539,1.434,1.47038,182.3,274.1,164.7,294.2,199.8,254.1,538,0.498,5
556,-11.382,136.29,122.996,0.2172,-0.8121,0.5415,0.6336,0.7582,-0.1538,-0.3452,0.455,0.8208,25.5,0.5614,1.456,1.271,1.6365,182.8,275.7,165.4,296.2,200.1,255.3,539,0.504,5
557,-10.992,134.649,124.057,0.1781,-0.8345,0.5214,0.6287,0.7657,-0.1359,-0.3566,0.4392,0.8246,25.5,0.5979,1.137,1.147,1.41887,183.2,277.4,165.9,298.1,200.4,256.8,540,0.534,5
558,-10.659,132.963,125.066,0.1596,-0.8571,0.4898,0.6262,0.7706,-0.1184,-0.3512,0.4144,0.8396,25.5,0.6185,1.689,1.051,1.23731,183.5,279.1,166.3,300.0,200.7,258.3,541,0.577,5
559,-10.344,131.231,126.0,0.1595,-0.8812,0.445,0.6261,0.7732,-0.1011,-0.3272,0.3781,0.866,25.5,0.6265,2.917,1.002,1.46281,183.9,280.9,166.7,301.9,201.0,259.9,542,0.62,5
560,-10.038,129.452,126.844,0.1431,-0.9037,0.4036,0.6282,0.7735,-0.084,-0.3085,0.3468,0.8857,25.5,0.643,2.375,0.987,1.43479,184.2,282.7,166.9,303.8,201.4,261.7,543,0.656,5
561,-9.764,127.632,127.607,0.1354,-0.9223,0.3619,0.6323,0.7718,-0.0671,-0.2862,0.3133,0.9055,25.5,0.6505,2.57,1.001,1.3316,184.5,284.6,167.1,305.7,201.8,263.6,544,0.672,5
562,-9.487,125.779,128.285,0.1453,-0.9368,0.3182,0.638,0.7683,-0.0507,-0.2572,0.2748,0.9265,25.5,0.6432,3.013,1.015,1.35429,184.8,286.6,167.2,307.6,202.3,265.6,545,0.659,5
563,-9.176,123.901,128.875,0.1648,-0.9479,0.2727,0.6449,0.7634,-0.0349,-0.2248,0.2331,0.9461,25.5,0.6269,3.228,1.027,1.45888,185.1,288.5,167.4,309.4,202.8,267.7,546,0.603,5
564,-8.842,122.0,129.37,0.171,-0.9589,0.2262,0.6527,0.7574,-0.0198,-0.194,0.1923,0.962,25.5,0.6191,3.068,1.033,1.38564,185.5,290.5,167.5,311.3,203.4,269.8,547,0.498,5
565,-8.492,120.083,129.785,0.1808,-0.9645,0.1925,0.6611,0.7502,-0.0053,-0.175,0.1611,0.9713,25.5,0.6051,2.16,1.045,1.02193,185.8,292.6,167.7,313.2,204.0,272.0,548,0.347,5
566,-8.12,118.159,130.146,0.193,-0.966,0.1719,0.6702,0.7421,0.0086,-0.1677,0.1401,0.9758,25.5,0.586,1.3,1.059,0.68982,186.2,294.6,167.8,315.0,204.7,274.2,549,0.153,5
567,-7.722,116.235,130.478,0.2066,-0.9648,0.1626,0.6797,0.7332,0.0219,-0.1698,0.1283,0.9771,25.5,0.5634,0.691,1.066,0.47497,186.7,296.7,168.0,316.9,205.4,276.5,550,0.077,5
568,-7.3,114.31,130.777,0.2161,-0.9665,0.1382,0.6896,0.7234,0.0346,-0.1592,0.1048,0.9817,25.5,0.5454,1.5,1.08,0.75434,187.1,298.7,168.2,318.7,206.1,278.8,551,0.337,5
569,-6.861,112.383,131.035,0.2241,-0.9669,0.1217,0.6997,0.7129,0.0469,-0.1554,0.0878,0.9839,25.5,0.5268,1.006,1.092,0.52735,187.6,300.8,168.4,320.5,206.9,281.1,552,0.618,5
570,-6.407,110.457,131.266,0.2315,-0.9664,0.1119,0.7101,0.7016,0.0587,-0.1569,0.0764,0.9847,25.5,0.5071,0.66,1.11,0.35339,188.1,302.9,168.6,322.2,207.6,283.4,553,0.913,5
571,-5.939,108.532,131.484,0.2386,-0.9652,0.1075,0.7207,0.6897,0.0702,-0.1624,0.0695,0.9843,25.5,0.4862,0.506,1.126,0.24261,188.6,304.9,168.8,324.0,208.4,285.8,553,1.08,5
572,-5.456,106.61,131.698,0.2456,-0.9634,0.1078,0.7314,0.6771,0.0814,-0.1709,0.0664,0.983,25.5,0.4639,0.524,1.144,0.20796,189.1,307.0,169.0,325.7,209.3,288.2,554,0.781,5
573,-4.96,104.692,131.917,0.2527,-0.961,0.1126,0.7422,0.6638,0.0923,-0.182,0.0671,0.981,25.5,0.44,0.647,1.163,0.25587,189.6,309.0,169.3,327.4,210.1,290.6,555,0.484,6
574,-4.447,102.781,132.144,0.2629,-0.9581,0.1135,0.753,0.6499,0.103,-0.1894,0.0641,0.9798,25.5,0.413,0.463,1.18,0.30603,190.2,311.1,169.5,329.1,210.9,293.0,556,0.192,6
575,-3.914,100.873,132.369,0.2714,-0.9559,0.1122,0.7638,0.6354,0.1135,-0.1951,0.0596,0.979,25.5,0.3873,0.419,1.198,0.25514,190.8,313.1,169.8,330.8,211.8,295.4,557,0.09,6
576,-3.366,98.97,132.591,0.2775,-0.9543,0.1108,0.7745,0.6203,0.1239,-0.2007,0.0552,0.9781,25.5,0.3633,0.411,1.216,0.18574,191.4,315.2,170.1,332.4,212.7,297.8,558,0.358,6
577,-2.809,97.069,132.81,0.2815,-0.9533,0.1091,0.7852,0.6046,0.1341,-0.2061,0.051,0.9772,25.5,0.3407,0.395,1.236,0.12822,192.0,317.2,170.4,334.0,213.6,300.3,559,0.61,6
578,-2.246,95.17,133.026,0.2835,-0.9529,0.1073,0.7956,0.5884,0.1441,-0.2115,0.0469,0.9762,25.5,0.3197,0.393,1.243,0.07821,192.6,319.2,170.7,335.6,214.5,302.8,560,0.843,6
579,-1.68,93.271,133.237,0.2837,-0.9531,0.1051,0.806,0.5716,0.154,-0.2168,0.043,0.9753,25.5,0.2999,0.381,1.266,0.06378,193.2,321.3,171.0,337.2,215.4,305.3,561,1.052,6
580,-1.116,91.37,133.444,0.2819,-0.9539,0.1027,0.8161,0.5543,0.1637,-0.2221,0.0393,0.9742,25.5,0.2819,0.376,1.275,0.08926,193.8,323.3,171.4,338.8,216.3,307.8,561,0.941,6
581,-0.557,89.469,133.648,0.2802,-0.9544,0.103,0.8259,0.5366,0.1732,-0.2286,0.0378,0.9728,25.5,0.2629,0.391,1.281,0.05167,194.4,325.4,171.7,340.3,217.2,310.3,562,0.757,6
582,0.002,87.567,133.855,0.2806,-0.9541,0.1045,0.8354,0.5184,0.1826,-0.2354,0.0371,0.9712,25.5,0.2411,0.402,1.294,0.04545,195.0,327.4,172.1,341.9,218.1,312.8,563,0.603,6
583,0.562,85.666,134.063,0.2814,-0.954,0.1034,0.8446,0.4999,0.1918,-0.2406,0.0342,0.97,25.5,0.2194,0.348,1.296,0.03921,195.6,329.4,172.4,343.4,218.9,315.4,564,0.477,6
584,1.124,83.764,134.266,0.2826,-0.954,0.0998,0.8533,0.4811,0.2008,-0.2444,0.029,0.9692,25.5,0.1978,0.372,1.294,0.10909,196.2,331.5,172.8,345.0,219.8,317.9,565,0.373,6
585,1.688,81.863,134.458,0.2843,-0.9542,0.0935,0.8616,0.4622,0.2095,-0.247,0.0213,0.9688,25.5,0.1765,0.466,1.284,0.1877,196.8,333.5,173.1,346.5,220.7,320.5,566,0.287,6
586,2.257,79.961,134.636,0.2863,-0.9544,0.0843,0.8694,0.4434,0.2179,-0.2484,0.011,0.9686,25.5,0.1559,0.596,1.262,0.27072,197.4,335.6,173.5,348.0,221.5,323.0,567,0.215,6
587,2.83,78.059,134.792,0.2889,-0.9546,0.072,0.8767,0.4246,0.226,-0.2486,-0.0022,0.9686,25.5,0.1358,0.756,1.245,0.36153,198.1,337.6,174.0,349.6,222.3,325.6,568,0.153,6
588,3.409,76.156,134.923,0.2924,-0.9543,0.0611,0.8834,0.4061,0.2337,-0.2495,-0.0145,0.9683,25.5,0.115,0.707,1.211,0.32925,198.7,339.7,174.4,351.1,223.1,328.1,569,0.095,6
589,3.995,74.256,135.039,0.296,-0.9536,0.0548,0.8896,0.3878,0.2411,-0.2523,-0.0227,0.9674,25.5,0.0933,0.499,1.186,0.2096,199.3,341.7,174.9,352.7,224.0,330.7,570,0.041,6
590,4.588,72.356,135.139,0.2985,-0.9533,0.0455,0.8953,0.3699,0.2481,-0.254,-0.0335,0.9666,25.5,0.0741,0.628,1.149,0.27702,200.0,343.8,175.4,354.2,224.8,333.2,571,0.03,6
591,5.184,70.456,135.218,0.2998,-0.9534,0.0329,0.9005,0.3524,0.2547,-0.2549,-0.0468,0.9658,25.5,0.0576,0.765,1.112,0.36422,200.6,345.8,175.9,355.8,225.6,335.8,572,0.095,6
592,5.782,68.555,135.268,0.2998,-0.9539,0.0172,0.9053,0.3352,0.261,-0.2549,-0.0627,0.9649,25.5,0.0438,0.913,1.085,0.4516,201.3,347.9,176.4,357.4,226.3,338.3,573,0.172,6
593,6.378,66.654,135.284,0.2983,-0.9545,-0.0017,0.9096,0.3184,0.2668,-0.2542,-0.0812,0.9637,25.5,0.033,1.063,1.048,0.54539,201.9,349.9,176.9,359.0,227.1,340.8,574,0.259,6
594,6.97,64.751,135.26,0.2965,-0.9548,-0.0218,0.9136,0.3021,0.2723,-0.2534,-0.1007,0.9621,25.5,0.0235,1.122,1.012,0.58024,202.5,352.0,177.4,360.6,227.9,343.3,575,0.358,6
595,7.563,62.849,135.202,0.2982,-0.9538,-0.0361,0.9171,0.2863,0.2773,-0.2542,-0.1158,0.9602,25.5,0.0096,0.873,0.97,0.41503,203.2,354.0,178.0,362.2,228.6,345.8,576,0.469,6
596,8.157,60.949,135.114,0.2979,-0.9531,-0.0529,0.9204,0.2709,0.282,-0.2544,-0.1327,0.9579,25.5,0.0011,0.977,0.942,0.48355,203.8,356.1,178.5,363.8,229.3,348.3,577,0.594,6
597,8.749,59.05,134.99,0.2957,-0.9526,-0.0721,0.9233,0.2561,0.2862,-0.2542,-0.1512,0.9553,25.5,0.0084,1.07,0.897,0.55584,204.5,358.2,179.1,365.5,230.1,350.8,578,0.736,6
598,9.334,57.153,134.825,0.2913,-0.9521,-0.0934,0.9259,0.2419,0.29,-0.2535,-0.171,0.9521,25.5,0.0123,1.15,0.855,0.62549,205.1,360.2,179.6,367.1,230.8,353.2,579,0.896,6
599,9.909,55.256,134.616,0.285,-0.9514,-0.1165,0.9283,0.2283,0.2933,-0.2525,-0.1917,0.9484,25.5,0.0132,1.206,0.814,0.68873,205.7,362.3,180.2,368.8,231.5,355.7,580,1.076,6
600,10.469,53.361,134.36,0.2778,-0.9505,-0.1393,0.9305,0.2154,0.2962,-0.2515,-0.2119,0.9444,25.5,0.0125,1.181,0.768,0.68793,206.3,364.3,180.7,370.5,232.1,358.1,580,0.917,6
601,11.018,51.468,134.064,0.2727,-0.9489,-0.1586,0.9325,0.2031,0.2986,-0.2511,-0.2293,0.9404,25.5,0.0142,1.023,0.727,0.5758,206.9,366.4,181.3,372.2,232.8,360.5,581,0.718,6
602,11.556,49.579,133.728,0.2676,-0.9468,-0.179,0.9344,0.1915,0.3005,-0.2502,-0.2476,0.936,25.5,0.0149,1.08,0.682,0.60759,207.5,368.4,181.8,373.9,233.4,362.9,582,0.498,6
603,12.084,47.695,133.35,0.2623,-0.944,-0.2003,0.9361,0.1804,0.3019,-0.2489,-0.2667,0.9311,25.5,0.0148,1.132,0.648,0.63618,208.1,370.5,182.3,375.7,234.0,365.3,583,0.257,6
604,12.602,45.817,132.929,0.2569,-0.9405,-0.2223,0.9378,0.1699,0.3028,-0.247,-0.2863,0.9257,25.5,0.0138,1.17,0.612,0.65906,208.6,372.5,182.8,377.4,234.6,367.6,584,0.008,6
605,13.108,43.947,132.464,0.2514,-0.9364,-0.245,0.9394,0.16,0.3032,-0.2448,-0.3064,0.9199,25.5,0.0121,1.205,0.575,0.68182,209.1,374.6,183.3,379.2,235.2,369.9,585,0.29,6
606,13.604,42.085,131.952,0.2456,-0.9317,-0.2675,0.941,0.1505,0.3032,-0.2422,-0.3262,0.9137,25.5,0.0098,1.198,0.552,0.68158,209.7,376.6,183.8,380.9,235.8,372.2,586,0.597,6
607,14.086,40.233,131.399,0.2387,-0.9275,-0.2875,0.9425,0.1415,0.3027,-0.24,-0.3433,0.9081,25.5,0.0067,1.039,0.524,0.62021,210.2,378.6,184.3,382.7,236.3,374.5,587,0.927,6
608,14.556,38.389,130.806,0.2328,-0.9227,-0.3074,0.9441,0.133,0.3017,-0.2375,-0.3605,0.902,25.5,0.0043,1.055,0.499,0.61253,210.7,380.6,184.8,384.4,236.9,376.7,587,1.066,6
609,15.014,36.556,130.174,0.2278,-0.9172,-0.327,0.9456,0.1249,0.3003,-0.2346,-0.3777,0.8957,25.5,0.0027,1.063,0.479,0.60272,211.2,382.6,185.2,386.2,237.4,379.0,588,0.712,6
610,15.464,34.734,129.503,0.2236,-0.9111,-0.3462,0.9471,0.1173,0.2987,-0.2315,-0.3947,0.8892,25.5,0.0015,1.058,0.453,0.59161,211.7,384.6,185.7,388.0,237.9,381.2,589,0.337,6
611,15.906,32.925,128.795,0.2204,-0.9046,-0.3649,0.9486,0.11,0.2968,-0.2283,-0.4115,0.8823,25.5,0.0013,1.057,0.441,0.57669,212.1,386.5,186.1,389.7,238.4,383.3,590,0.056,6
612,16.343,31.129,128.05,0.218,-0.8977,-0.3829,0.95,0.1033,0.2946,-0.225,-0.428,0.8754,25.5,0.0016,1.042,0.412,0.55843,212.6,388.5,186.6,391.5,238.9,385.5,591,0.46,6
613,16.775,29.347,127.27,0.2147,-0.8912,-0.3996,0.9514,0.0969,0.2924,-0.2218,-0.443,0.8687,25.5,0.0011,0.959,0.396,0.52397,213.1,390.4,187.0,393.2,239.4,387.6,592,0.874,6
614,17.198,27.577,126.458,0.21,-0.8851,-0.4153,0.9527,0.091,0.29,-0.2189,-0.4565,0.8624,25.5,0.0009,0.87,0.372,0.50278,213.5,392.3,187.4,395.0,239.8,389.7,592,1.119,6
615,17.613,25.819,125.615,0.2062,-0.8787,-0.4305,0.9539,0.0855,0.2876,-0.2159,-0.47,0.8559,25.5,0.0022,0.876,0.351,0.48661,213.9,394.2,187.8,396.7,240.3,391.8,593,0.701,6
616,18.021,24.075,124.742,0.2034,-0.872,-0.4453,0.9551,0.0803,0.2852,-0.2129,-0.4833,0.8492,25.5,0.0028,0.87,0.335,0.47397,214.4,396.1,188.2,398.4,240.7,393.8,594,0.282,6
617,18.424,22.344,123.84,0.2014,-0.865,-0.4597,0.9562,0.0755,0.2828,-0.2099,-0.4965,0.8423,25.5,0.0027,0.871,0.314,0.46392,214.8,398.0,188.6,400.2,241.2,395.8,595,0.132,6
618,18.824,20.627,122.91,0.2001,-0.8577,-0.4736,0.9572,0.071,0.2805,-0.207,-0.5095,0.8352,25.5,0.0022,0.865,0.295,0.45292,215.2,399.9,189.0,401.9,241.6,397.8,596,0.538,6
619,19.222,18.926,121.953,0.1996,-0.8502,-0.4872,0.9582,0.0668,0.2784,-0.2041,-0.5223,0.8279,25.5,0.0012,0.86,0.275,0.44675,215.6,401.7,189.4,403.6,242.0,399.8,597,0.93,6
620,19.62,17.239,120.969,0.1997,-0.8425,-0.5003,0.959,0.0628,0.2764,-0.2014,-0.535,0.8205,25.5,0.0003,0.856,0.26,0.43686,216.0,403.5,189.8,405.3,242.5,401.7,597,1.063,6
621,20.018,15.568,119.959,0.1994,-0.8349,-0.513,0.9597,0.0592,0.2746,-0.1989,-0.5471,0.8131,25.5,0.0011,0.825,0.234,0.42566,216.4,405.3,190.2,407.0,242.9,403.6,598,0.686,6
622,20.413,13.911,118.925,0.1975,-0.8279,-0.525,0.9604,0.0557,0.273,-0.1968,-0.5581,0.8061,25.5,0.0002,0.757,0.224,0.40317,216.9,407.1,190.7,408.7,243.3,405.5,599,0.331,6
623,20.805,12.268,117.867,0.1959,-0.821,-0.5362,0.9609,0.0525,0.2717,-0.1949,-0.5685,0.7993,25.5,0.0005,0.72,0.2,0.38097,217.3,408.9,191.1,410.4,243.7,407.4,600,0.006,6
624,21.195,10.638,116.788,0.1948,-0.8143,-0.5468,0.9614,0.0495,0.2706,-0.1933,-0.5784,0.7925,25.5,0.001,0.694,0.185,0.36192,217.7,410.6,191.5,412.0,244.1,409.2,601,0.299,6
625,21.582,9.022,115.688,0.194,-0.8077,-0.5567,0.9618,0.0467,0.2696,-0.1918,-0.5878,0.786,25.5,0.0012,0.66,0.172,0.34289,218.1,412.4,191.9,413.7,244.5,411.0,602,0.565,6
626,21.968,7.419,114.569,0.1936,-0.8012,-0.5662,0.9622,0.044,0.2688,-0.1905,-0.5968,0.7795,25.5,0.0012,0.64,0.163,0.3311,218.5,414.1,192.3,415.3,244.9,412.8,603,0.792,6
627,22.354,5.828,113.432,0.1935,-0.7948,-0.5752,0.9625,0.0415,0.2681,-0.1892,-0.6055,0.773,25.5,0.001,0.627,0.15,0.31755,218.9,415.8,192.7,416.9,245.3,414.6,604,0.977,6
628,22.74,4.251,112.277,0.1937,-0.7885,-0.5838,0.9627,0.0392,0.2676,-0.1881,-0.6139,0.7667,25.5,0.0007,0.605,0.135,0.30656,219.3,417.5,193.1,418.5,245.6,416.4,604,1.016,6
629,23.126,2.686,111.105,0.1942,-0.7821,-0.5921,0.963,0.037,0.2671,-0.187,-0.622,0.7603,25.5,0.0001,0.595,0.13,0.30164,219.6,419.1,193.5,420.2,246.0,418.1,605,0.878,6
630,23.514,1.134,109.917,0.1949,-0.7758,-0.6001,0.9631,0.0349,0.2667,-0.186,-0.63,0.754,25.5,0.0006,0.586,0.123,0.29347,220.0,420.8,193.9,421.7,246.4,419.8,606,0.782,6
631,23.903,-0.406,108.714,0.1959,-0.7693,-0.6081,0.9633,0.033,0.2664,-0.1849,-0.638,0.7475,25.5,0.0013,0.594,0.111,0.29782,220.4,422.4,194.3,423.3,246.8,421.5,607,0.729,6
632,24.294,-1.932,107.493,0.1964,-0.7621,-0.6169,0.9635,0.0311,0.2661,-0.1836,-0.6466,0.7404,25.5,0.0014,0.643,0.111,0.32722,220.8,424.1,194.7,424.9,247.2,423.2,608,0.717,6
633,24.686,-3.444,106.255,0.1967,-0.7554,-0.6251,0.9636,0.0293,0.2658,-0.1825,-0.6546,0.7337,25.5,0.0013,0.601,0.105,0.30456,221.2,425.7,195.1,426.4,247.6,424.9,609,0.744,6
634,25.078,-4.943,105.002,0.1968,-0.7491,-0.6326,0.9637,0.0276,0.2656,-0.1815,-0.6619,0.7273,25.5,0.001,0.559,0.098,0.2816,221.6,427.2,195.5,428.0,247.9,426.5,610,0.81,6
635,25.47,-6.43,103.734,0.1968,-0.7431,-0.6396,0.9638,0.0259,0.2653,-0.1806,-0.6687,0.7213,25.5,0.0007,0.522,0.099,0.26506,222.0,428.8,195.9,429.5,248.3,428.1,611,0.913,6
636,25.862,-7.905,102.453,0.1967,-0.7375,-0.6461,0.9639,0.0242,0.2651,-0.1799,-0.6749,0.7156,25.5,0.0005,0.484,0.098,0.24668,222.4,430.4,196.4,431.0,248.7,429.8,613,0.769,6
637,26.254,-9.369,101.16,0.1964,-0.7322,-0.6521,0.964,0.0225,0.265,-0.1793,-0.6807,0.7103,25.5,0.0,0.451,0.098,0.23032,222.8,431.9,196.8,432.5,249.1,431.4,614,0.566,6
638,26.645,-10.824,99.854,0.196,-0.7273,-0.6578,0.9641,0.0208,0.2648,-0.1789,-0.686,0.7052,25.5,0.0003,0.422,0.098,0.2164,223.2,433.5,197.2,434.0,249.5,432.9,615,0.335,6
639,27.035,-12.268,98.538,0.1955,-0.7226,-0.663,0.9642,0.0191,0.2647,-0.1786,-0.691,0.7005,25.5,0.0008,0.394,0.098,0.20202,223.6,435.0,197.6,435.4,249.8,434.5,616,0.082,6
640,27.424,-13.704,97.212,0.1949,-0.7183,-0.6679,0.9642,0.0173,0.2645,-0.1785,-0.6955,0.696,25.5,0.0012,0.365,0.104,0.18821,224.0,436.5,198.0,436.9,250.2,436.1,617,0.201,6
641,27.812,-15.132,95.876,0.1942,-0.7142,-0.6724,0.9643,0.0154,0.2644,-0.1785,-0.6998,0.6917,25.5,0.0015,0.348,0.109,0.17617,224.4,438.0,198.4,438.3,250.6,437.6,618,0.496,6
642,28.198,-16.551,94.532,0.1933,-0.7104,-0.6767,0.9644,0.0134,0.2642,-0.1787,-0.7037,0.6877,25.5,0.0019,0.32,0.115,0.167,224.8,439.5,198.8,439.8,250.9,439.2,619,0.807,6
643,28.582,-17.963,93.18,0.1926,-0.7066,-0.6809,0.9644,0.0112,0.2641,-0.179,-0.7075,0.6837,25.5,0.002,0.317,0.126,0.16409,225.1,440.9,199.2,441.2,251.3,440.7,621,0.531,6
644,28.967,-19.364,91.816,0.1935,-0.6995,-0.6879,0.9645,0.0089,0.264,-0.1785,-0.7146,0.6764,25.5,0.0012,0.584,0.132,0.28781,225.5,442.4,199.6,442.6,251.7,442.2,622,0.195,6
645,29.353,-20.752,90.438,0.194,-0.6932,-0.6942,0.9646,0.0066,0.2638,-0.1783,-0.7207,0.6699,25.5,0.0006,0.511,0.132,0.2566,225.9,443.9,200.0,443.9,252.0,443.8,623,0.143,6
646,29.74,-22.128,89.05,0.1942,-0.6876,-0.6997,0.9646,0.0041,0.2636,-0.1784,-0.7261,0.664,25.5,0.0001,0.458,0.144,0.22573,226.3,445.3,200.4,445.3,252.4,445.3,624,0.477,6
647,30.127,-23.493,87.65,0.1939,-0.6827,-0.7045,0.9647,0.0015,0.2634,-0.1788,-0.7307,0.6589,25.5,0.0005,0.394,0.15,0.19737,226.7,446.7,200.8,446.6,252.8,446.8,625,0.803,6
648,30.513,-24.849,86.242,0.1934,-0.6785,-0.7087,0.9648,-0.0012,0.2631,-0.1793,-0.7346,0.6544,25.5,0.0009,0.342,0.156,0.17136,227.0,448.1,201.2,448.0,253.1,448.2,627,0.577,6
649,30.897,-26.198,84.826,0.1925,-0.675,-0.7123,0.9649,-0.0039,0.2627,-0.1801,-0.7378,0.6506,25.5,0.0013,0.288,0.156,0.14667,227.4,449.5,201.6,449.3,253.5,449.7,628,0.3,6
650,31.28,-27.54,83.404,0.1912,-0.6722,-0.7153,0.965,-0.0066,0.2622,-0.181,-0.7404,0.6474,25.5,0.0014,0.242,0.157,0.12376,227.8,450.9,202.0,450.6,253.8,451.2,629,0.053,6
651,31.66,-28.877,81.975,0.1897,-0.67,-0.7177,0.9651,-0.0093,0.2617,-0.182,-0.7423,0.6449,25.5,0.0015,0.189,0.157,0.10304,228.2,452.3,202.4,451.9,254.2,452.6,630,0.184,6
652,32.036,-30.211,80.543,0.1879,-0.6684,-0.7196,0.9653,-0.012,0.261,-0.1831,-0.7437,0.643,25.5,0.0016,0.149,0.16,0.08819,228.5,453.6,202.7,453.2,254.5,454.1,631,0.382,6
653,32.408,-31.542,79.108,0.1857,-0.6675,-0.7211,0.9654,-0.0147,0.2603,-0.1843,-0.7445,0.6417,25.5,0.0014,0.111,0.16,0.08079,228.9,455.0,203.1,454.5,254.9,455.5,632,0.552,6
654,32.776,-32.872,77.67,0.1832,-0.6672,-0.722,0.9656,-0.0173,0.2594,-0.1855,-0.7447,0.6411,25.5,0.0012,0.078,0.158,0.07687,229.3,456.4,203.5,455.8,255.2,457.0,633,0.693,6
655,33.138,-34.202,76.23,0.1805,-0.6675,-0.7224,0.9659,-0.0198,0.2583,-0.1867,-0.7444,0.6411,25.5,0.001,0.071,0.157,0.07894,229.6,457.7,203.9,457.1,255.6,458.4,634,0.803,6
656,33.495,-35.533,74.79,0.1774,-0.6684,-0.7223,0.9661,-0.0222,0.2571,-0.1879,-0.7435,0.6418,25.5,0.0005,0.095,0.154,0.09285,229.9,459.1,204.2,458.3,255.9,459.8,635,0.883,6
657,33.845,-36.865,73.353,0.174,-0.6696,-0.7221,0.9664,-0.0245,0.2557,-0.189,-0.7423,0.6428,25.5,0.0001,0.109,0.155,0.10391,230.3,460.4,204.6,459.6,256.2,461.2,636,0.928,6
658,34.188,-38.2,71.912,0.171,-0.6695,-0.7229,0.9668,-0.0267,0.2542,-0.1895,-0.7423,0.6427,25.5,0.0006,0.029,0.154,0.08925,230.6,461.8,204.9,460.9,256.5,462.7,637,0.943,6
659,34.526,-39.534,70.471,0.1683,-0.6692,-0.7237,0.9671,-0.0288,0.2526,-0.1899,-0.7425,0.6424,25.5,0.0008,0.031,0.152,0.08142,230.9,463.1,205.2,462.2,256.8,464.1,638,0.925,6
660,34.86,-40.868,69.027,0.166,-0.6687,-0.7247,0.9675,-0.0308,0.251,-0.1902,-0.7429,0.6419,25.5,0.0007,0.04,0.149,0.07348,231.3,464.5,205.6,463.5,257.1,465.5,639,0.883,6
661,35.188,-42.199,67.582,0.164,-0.668,-0.7259,0.9678,-0.0328,0.2494,-0.1904,-0.7434,0.6411,25.5,0.0004,0.055,0.148,0.07,231.6,465.8,205.9,464.8,257.4,466.9,640,0.817,6
662,35.513,-43.53,66.134,0.1622,-0.6671,-0.7271,0.9681,-0.0348,0.248,-0.1908,-0.7442,0.6402,25.5,0.0001,0.072,0.141,0.06734,231.9,467.2,206.2,466.1,257.7,468.3,641,0.735,6
663,35.835,-44.858,64.683,0.1606,-0.6659,-0.7285,0.9683,-0.0368,0.2469,-0.1912,-0.7451,0.6389,25.5,0.0001,0.093,0.131,0.07018,232.2,468.5,206.5,467.4,258.0,469.7,642,0.641,6
664,36.154,-46.184,63.23,0.1592,-0.6645,-0.7301,0.9685,-0.0389,0.246,-0.1919,-0.7463,0.6374,25.5,0.0004,0.117,0.131,0.07319,232.5,469.9,206.8,468.7,258.3,471.1,643,0.539,6
665,36.47,-47.507,61.773,0.158,-0.6629,-0.7319,0.9685,-0.0411,0.2456,-0.1928,-0.7476,0.6355,25.5,0.0005,0.142,0.128,0.07731,232.8,471.2,207.1,469.9,258.6,472.5,644,0.436,6
666,36.784,-48.826,60.312,0.1569,-0.6609,-0.7339,0.9684,-0.0433,0.2456,-0.1941,-0.7492,0.6332,25.5,0.0003,0.177,0.126,0.08725,233.1,472.5,207.5,471.2,258.8,473.8,645,0.334,6
667,37.095,-50.142,58.847,0.1559,-0.6586,-0.7361,0.9681,-0.0458,0.2462,-0.1958,-0.7511,0.6305,25.5,0.0001,0.213,0.148,0.09587,233.3,473.8,207.8,472.4,259.1,475.2,646,0.24,6
668,37.405,-51.452,57.377,0.1551,-0.6559,-0.7388,0.9677,-0.0484,0.2473,-0.198,-0.7533,0.6272,25.5,0.0009,0.26,0.163,0.11211,233.6,475.1,208.1,473.7,259.4,476.6,647,0.154,6
669,37.714,-52.755,55.903,0.1544,-0.6526,-0.7418,0.9671,-0.0512,0.2492,-0.2006,-0.7559,0.6232,25.5,0.0021,0.311,0.197,0.12984,233.9,476.4,208.4,474.9,259.6,478.0,648,0.083,6
670,38.021,-54.053,54.419,0.1539,-0.6486,-0.7454,0.9662,-0.0543,0.2519,-0.2039,-0.759,0.6183,25.5,0.0038,0.382,0.241,0.15522,234.2,477.7,208.7,476.1,259.9,479.4,649,0.043,6
671,38.327,-55.341,52.93,0.1536,-0.6436,-0.7498,0.9651,-0.0576,0.2555,-0.2076,-0.7628,0.6123,25.5,0.0063,0.459,0.287,0.19168,234.5,479.0,209.1,477.3,260.1,480.8,650,0.05,6
672,38.633,-56.616,51.432,0.1533,-0.6376,-0.7549,0.9637,-0.0613,0.2599,-0.212,-0.7674,0.6051,25.5,0.0094,0.551,0.339,0.2268,234.8,480.3,209.4,478.5,260.3,482.1,651,0.07,6
673,38.937,-57.884,49.924,0.1518,-0.6339,-0.7584,0.9619,-0.0653,0.2654,-0.2178,-0.7698,0.5999,25.5,0.0139,0.467,0.403,0.15262,235.0,481.5,209.8,479.6,260.5,483.5,652,0.072,6
674,39.238,-59.142,48.408,0.1501,-0.6293,-0.7626,0.9598,-0.0695,0.2718,-0.2241,-0.7729,0.5937,25.5,0.0195,0.537,0.455,0.18563,235.3,482.8,210.1,480.7,260.7,484.8,653,0.055,6
675,39.535,-60.391,46.884,0.1482,-0.6236,-0.7675,0.9574,-0.074,0.2792,-0.231,-0.7765,0.5863,25.5,0.0263,0.615,0.515,0.22295,235.6,484.0,210.5,481.8,260.9,486.2,654,0.049,6
676,39.828,-61.627,45.35,0.1464,-0.617,-0.7732,0.9546,-0.0786,0.2874,-0.2382,-0.7806,0.5778,25.5,0.034,0.68,0.562,0.25609,235.9,485.2,210.8,482.9,261.1,487.6,655,0.109,6
677,40.118,-62.849,43.803,0.1445,-0.6096,-0.7795,0.9514,-0.0833,0.2964,-0.2458,-0.7851,0.5684,25.5,0.0428,0.739,0.61,0.28471,236.1,486.4,211.2,484.0,261.3,488.9,656,0.204,6
678,40.404,-64.056,42.243,0.1428,-0.6015,-0.786,0.9479,-0.0881,0.3061,-0.2537,-0.7899,0.5583,25.5,0.0522,0.784,0.652,0.30258,236.4,487.6,211.5,485.0,261.4,490.2,657,0.317,6
679,40.687,-65.246,40.67,0.1412,-0.5932,-0.7926,0.944,-0.0928,0.3166,-0.2619,-0.7945,0.5479,25.5,0.0626,0.803,0.696,0.30833,236.6,488.8,211.9,486.0,261.6,491.5,658,0.441,6
680,40.967,-66.42,39.084,0.1399,-0.585,-0.7989,0.9397,-0.0975,0.3278,-0.2704,-0.7987,0.5375,25.5,0.0734,0.806,0.738,0.29965,236.9,489.9,212.3,487.0,261.7,492.8,659,0.569,7
681,41.246,-67.575,37.484,0.1404,-0.5728,-0.8076,0.935,-0.1021,0.3396,-0.2779,-0.8057,0.5231,25.5,0.0845,1.013,0.774,0.43101,237.1,491.0,212.7,488.0,261.8,494.0,660,0.698,7
682,41.526,-68.704,35.866,0.1405,-0.5603,-0.8163,0.9299,-0.1065,0.352,-0.2855,-0.8123,0.5085,25.5,0.097,1.016,0.809,0.43787,237.4,492.1,213.1,489.0,261.9,495.2,661,0.819,7
683,41.805,-69.81,34.232,0.1392,-0.5505,-0.8231,0.9245,-0.1108,0.3648,-0.2938,-0.8168,0.4965,25.5,0.1106,0.875,0.833,0.34497,237.6,493.2,213.5,489.9,262.0,496.4,662,0.93,7
684,42.08,-70.9,32.586,0.1366,-0.5434,-0.8283,0.9186,-0.115,0.3781,-0.3031,-0.8189,0.4873,25.5,0.1252,0.759,0.868,0.26384,237.9,494.2,213.9,490.8,262.1,497.6,664,0.874,7
685,42.349,-71.978,30.932,0.1326,-0.5392,-0.8317,0.9123,-0.1191,0.3917,-0.3134,-0.8188,0.4809,25.5,0.1406,0.695,0.89,0.19329,238.1,495.2,214.3,491.8,262.1,498.8,665,0.79,7
686,42.608,-73.051,29.273,0.1271,-0.5381,-0.8332,0.9057,-0.1232,0.4056,-0.3249,-0.8163,0.4776,25.5,0.1565,0.7,0.912,0.16692,238.3,496.3,214.7,492.7,262.2,499.9,666,0.71,7
687,42.854,-74.124,27.612,0.1203,-0.54,-0.833,0.8987,-0.1272,0.4197,-0.3377,-0.8113,0.4772,25.5,0.1728,0.788,0.931,0.20308,238.5,497.3,215.1,493.6,262.2,501.1,667,0.629,7
688,43.086,-75.205,25.954,0.1121,-0.545,-0.8309,0.8913,-0.1312,0.4339,-0.3518,-0.8038,0.4798,25.5,0.1891,0.927,0.946,0.28266,238.7,498.3,215.5,494.5,262.2,502.2,668,0.545,7
689,43.303,-76.284,24.292,0.1052,-0.5376,-0.8366,0.8836,-0.1351,0.4482,-0.362,-0.8043,0.4713,25.5,0.2094,0.761,0.957,0.33389,238.9,499.3,215.9,495.4,262.2,503.3,669,0.457,7
690,43.506,-77.35,22.621,0.099,-0.5331,-0.8403,0.8756,-0.139,0.4626,-0.3732,-0.8027,0.4652,25.5,0.2279,0.736,0.97,0.24459,239.1,500.3,216.3,496.3,262.1,504.5,670,0.36,7
691,43.698,-78.41,20.944,0.0936,-0.5316,-0.8418,0.8672,-0.143,0.477,-0.3856,-0.7989,0.4616,25.5,0.2443,0.771,0.982,0.16679,239.2,501.3,216.7,497.1,262.0,505.6,671,0.252,7
692,43.879,-79.471,19.267,0.0887,-0.5333,-0.8412,0.8585,-0.147,0.4914,-0.3993,-0.7928,0.4605,25.5,0.2588,0.862,0.991,0.1501,239.4,502.3,217.1,498.0,262.0,506.7,672,0.132,7
693,44.052,-80.538,17.593,0.0844,-0.5383,-0.8385,0.8493,-0.151,0.5058,-0.4144,-0.7842,0.4618,25.5,0.2711,0.998,1.006,0.20489,239.5,503.3,217.5,498.9,261.8,507.8,673,0.026,7
694,44.216,-81.619,15.926,0.0806,-0.5469,-0.8333,0.8398,-0.1551,0.5202,-0.4311,-0.7729,0.4655,25.5,0.281,1.175,1.016,0.30889,239.6,504.3,217.8,499.8,261.7,509.0,674,0.158,7
695,44.374,-82.721,14.273,0.0773,-0.5595,-0.8252,0.83,-0.1592,0.5346,-0.4495,-0.7584,0.472,25.5,0.2879,1.393,1.025,0.44094,239.7,505.4,218.2,500.7,261.6,510.1,675,0.323,7
696,44.521,-83.848,12.637,0.0685,-0.569,-0.8195,0.8197,-0.1634,0.5489,-0.4679,-0.7438,0.4773,25.5,0.3007,1.38,1.038,0.40687,239.8,506.4,218.6,501.6,261.4,511.3,676,0.507,7
697,44.647,-84.987,11.006,0.0583,-0.5749,-0.8161,0.8091,-0.1677,0.5632,-0.4856,-0.7306,0.48,25.5,0.316,1.275,1.049,0.35262,239.9,507.5,219.0,502.6,261.2,512.5,677,0.711,7
698,44.757,-86.141,9.385,0.0527,-0.5833,-0.8105,0.7982,-0.172,0.5773,-0.5036,-0.7164,0.4829,25.5,0.3255,1.324,1.05,0.33194,240.0,508.6,219.3,503.5,261.0,513.8,679,0.816,7
699,44.861,-87.314,7.778,0.0526,-0.5943,-0.8025,0.787,-0.1761,0.5912,-0.5216,-0.7016,0.4854,25.5,0.3284,1.343,1.049,0.39106,240.1,509.7,219.7,504.5,260.8,515.0,680,0.566,7
700,44.97,-88.511,6.188,0.0581,-0.6078,-0.7919,0.7757,-0.18,0.6049,-0.5395,-0.6866,0.4874,25.5,0.3245,1.343,1.042,0.51825,240.1,510.8,220.1,505.5,260.5,516.2,681,0.321,7
701,45.096,-89.738,4.623,0.0696,-0.6235,-0.7787,0.7642,-0.1837,0.6183,-0.5567,-0.672,0.4883,25.5,0.3137,1.294,1.034,0.67616,240.2,512.0,220.5,506.5,260.3,517.5,682,0.096,7
702,45.247,-90.997,3.086,0.078,-0.6392,-0.7651,0.7526,-0.1871,0.6314,-0.574,-0.6562,0.4898,25.5,0.3048,1.345,1.021,0.64421,240.3,513.2,220.9,507.6,260.1,518.8,683,0.098,7
703,45.404,-92.284,1.573,0.0805,-0.653,-0.753,0.741,-0.19,0.6441,-0.5912,-0.6395,0.4914,25.5,0.3013,1.377,0.999,0.53256,240.4,514.4,221.3,508.7,259.9,520.1,684,0.245,7
704,45.571,-93.6,0.085,0.0869,-0.6666,-0.7404,0.7294,-0.1926,0.6564,-0.607,-0.6247,0.4912,25.5,0.2942,1.24,0.98,0.56389,240.6,515.6,221.7,509.9,259.8,521.4,685,0.333,7
705,45.754,-94.941,-1.378,0.0975,-0.6797,-0.727,0.7179,-0.1946,0.6684,-0.6213,-0.6122,0.489,25.5,0.2837,1.096,0.959,0.61901,240.7,516.9,222.2,511.1,259.6,522.8,686,0.346,7
706,45.962,-96.308,-2.812,0.1124,-0.6923,-0.7128,0.7064,-0.1962,0.6801,-0.6341,-0.6023,0.4849,25.5,0.2695,0.956,0.944,0.69389,240.9,518.2,222.6,512.3,259.5,524.1,687,0.273,7
707,46.205,-97.7,-4.218,0.1317,-0.7042,-0.6976,0.695,-0.1971,0.6915,-0.6453,-0.5951,0.4789,25.5,0.2521,0.837,0.925,0.78487,241.1,519.5,223.1,513.6,259.4,525.5,688,0.104,7
708,46.482,-99.115,-5.593,0.1463,-0.7165,-0.6821,0.6837,-0.1975,0.7025,-0.6569,-0.5859,0.4745,25.5,0.2376,0.885,0.904,0.70705,241.3,520.8,223.7,514.9,259.4,526.9,689,0.171,7
709,46.788,-100.555,-6.936,0.1608,-0.7287,-0.6656,0.6725,-0.1973,0.7133,-0.6679,-0.5769,0.4702,25.5,0.2229,0.851,0.892,0.72246,241.6,522.2,224.2,516.2,259.3,528.3,690,0.557,7
710,47.124,-102.02,-8.245,0.1761,-0.7406,-0.6485,0.6614,-0.1965,0.7238,-0.6782,-0.5687,0.4654,25.5,0.2074,0.803,0.877,0.74319,241.9,523.6,224.8,517.6,259.4,529.6,691,1.067,7
711,47.491,-103.507,-9.52,0.1919,-0.7518,-0.6308,0.6504,-0.1951,0.7341,-0.6877,-0.5616,0.4601,25.5,0.1916,0.744,0.867,0.75442,242.2,525.0,225.4,519.0,259.4,531.0,691,0.926,7
712,47.889,-105.015,-10.76,0.2079,-0.7622,-0.6131,0.6395,-0.1931,0.7442,-0.6965,-0.5554,0.4543,25.5,0.1761,0.701,0.859,0.74838,242.6,526.4,226.1,520.5,259.5,532.4,692,0.282,7
713,48.319,-106.544,-11.963,0.2233,-0.7724,-0.5946,0.6286,-0.1906,0.754,-0.7049,-0.5493,0.4488,25.5,0.1607,0.673,0.852,0.75162,243.0,527.8,226.7,522.0,259.6,533.9,693,0.509,7
714,48.779,-108.093,-13.13,0.238,-0.7819,-0.5762,0.6177,-0.1875,0.7637,-0.7129,-0.5435,0.4431,25.5,0.1464,0.654,0.855,0.73013,243.4,529.3,227.4,523.5,259.8,535.3,694,1.457,7
715,49.267,-109.66,-14.26,0.2522,-0.7902,-0.5585,0.6069,-0.1839,0.7732,-0.7202,-0.5388,0.4371,25.5,0.1335,0.605,0.85,0.69476,243.9,530.8,228.2,525.0,259.9,536.7,694,0.536,7
716,49.784,-111.242,-15.356,0.2662,-0.7976,-0.5413,0.596,-0.1798,0.7826,-0.7269,-0.5349,0.4307,25.5,0.1216,0.576,0.857,0.67219,244.4,532.3,228.9,526.6,260.1,538.1,695,0.584,7
717,50.328,-112.838,-16.418,0.28,-0.8041,-0.5244,0.5851,-0.1751,0.7918,-0.733,-0.5318,0.4241,25.5,0.1106,0.545,0.86,0.65458,244.9,533.8,229.7,528.2,260.4,539.6,695,1.409,7
718,50.9,-114.447,-17.446,0.2937,-0.81,-0.5076,0.5742,-0.17,0.8009,-0.7387,-0.5294,0.4173,25.5,0.1002,0.527,0.864,0.64598,245.4,535.3,230.5,529.8,260.7,541.0,696,0.117,7
719,51.498,-116.067,-18.439,0.307,-0.8163,-0.4892,0.5632,-0.1643,0.8098,-0.7444,-0.5263,0.411,25.5,0.0891,0.518,0.874,0.67744,246.0,536.9,231.3,531.5,260.9,542.4,697,1.34,7
720,52.123,-117.7,-19.397,0.32,-0.8217,-0.4716,0.5522,-0.1582,0.8186,-0.7496,-0.524,0.4044,25.5,0.0794,0.499,0.88,0.64795,246.6,538.4,232.2,533.2,261.3,543.8,697,0.653,7
721,52.774,-119.342,-20.32,0.3328,-0.8262,-0.4545,0.541,-0.1516,0.8273,-0.7543,-0.5225,0.3975,25.5,0.0707,0.486,0.896,0.62765,247.2,540.0,233.1,534.9,261.6,545.3,698,0.962,7
722,53.45,-120.992,-21.208,0.3457,-0.83,-0.4377,0.5297,-0.1445,0.8358,-0.7585,-0.5218,0.3905,25.5,0.0628,0.469,0.907,0.61871,247.8,541.6,234.0,536.6,262.0,546.7,698,1.031,7
723,54.152,-122.65,-22.064,0.3588,-0.8331,-0.4209,0.5181,-0.137,0.8443,-0.7622,-0.5218,0.3831,25.5,0.0553,0.474,0.929,0.619,248.5,543.2,235.0,538.3,262.3,548.1,699,0.737,7
724,54.88,-124.313,-22.885,0.3721,-0.8362,-0.4029,0.5064,-0.129,0.8526,-0.7658,-0.5218,0.3759,25.5,0.0472,0.461,0.941,0.64963,249.2,544.8,236.0,540.1,262.8,549.5,699,1.256,7
725,55.635,-125.982,-23.67,0.3851,-0.8391,-0.3842,0.4944,-0.1206,0.8608,-0.7692,-0.5218,0.3687,25.5,0.0391,0.456,0.962,0.66012,249.9,546.3,237.0,541.9,263.2,550.9,700,0.66,7
726,56.415,-127.657,-24.417,0.3977,-0.8413,-0.3661,0.4822,-0.1118,0.8689,-0.7723,-0.5224,0.3614,25.5,0.0323,0.456,0.979,0.63723,250.7,547.9,238.0,543.7,263.6,552.3,700,1.333,7
727,57.219,-129.335,-25.129,0.41,-0.8428,-0.3486,0.4698,-0.1025,0.8768,-0.775,-0.5234,0.354,25.5,0.0266,0.455,0.997,0.61653,251.4,549.6,239.1,545.5,264.1,553.7,701,0.729,7
728,58.048,-131.016,-25.807,0.4221,-0.8437,-0.3316,0.4571,-0.0929,0.8846,-0.7773,-0.525,0.3465,25.5,0.022,0.459,1.016,0.60054,252.2,551.2,240.2,547.3,264.6,555.1,701,1.264,7
729,58.902,-132.698,-26.451,0.4339,-0.8441,-0.3151,0.4441,-0.0828,0.8921,-0.7792,-0.5271,0.339,25.5,0.0185,0.459,1.037,0.58334,253.0,552.8,241.3,549.1,265.1,556.5,702,0.942,7
730,59.777,-134.381,-27.06,0.4451,-0.8452,-0.2958,0.4309,-0.0724,0.8995,-0.7818,-0.5278,0.332,25.5,0.0131,0.43,1.052,0.64235,253.9,554.4,242.5,551.0,265.6,557.9,702,1.051,7
731,60.676,-136.066,-27.631,0.4567,-0.8453,-0.2774,0.4175,-0.0617,0.9066,-0.7834,-0.5299,0.3248,25.5,0.0087,0.439,1.063,0.62537,254.8,556.0,243.7,552.8,266.1,559.3,703,1.3,7
732,61.598,-137.749,-28.166,0.4688,-0.8442,-0.2599,0.4038,-0.0506,0.9134,-0.7843,-0.5332,0.3172,25.5,0.0054,0.478,1.083,0.61253,255.6,557.6,244.9,554.7,266.7,560.7,703,0.693,7
733,62.545,-139.43,-28.667,0.4815,-0.842,-0.2433,0.3898,-0.0391,0.92,-0.7842,-0.5378,0.3094,25.5,0.0032,0.519,1.105,0.60427,256.6,559.2,246.1,556.5,267.3,562.0,704,1.795,7
734,63.517,-141.105,-29.136,0.4948,-0.8387,-0.2275,0.3756,-0.0274,0.9264,-0.7832,-0.5438,0.3014,25.5,0.0019,0.576,1.116,0.6013,257.5,560.9,247.4,558.4,267.9,563.4,704,0.199,7
735,64.516,-142.773,-29.572,0.5069,-0.8362,-0.2096,0.3611,-0.0155,0.9324,-0.7829,-0.5483,0.2941,25.5,0.0006,0.492,1.128,0.62537,258.5,562.5,248.7,560.3,268.5,564.7,704,2.191,7
736,65.538,-144.437,-29.972,0.5186,-0.8332,-0.1916,0.3462,-0.0033,0.9381,-0.7823,-0.5529,0.2868,25.5,0.0025,0.496,1.151,0.62324,259.5,564.1,250.1,562.2,269.1,566.0,705,0.41,7
737,66.583,-146.093,-30.337,0.5311,-0.8291,-0.1749,0.3311,0.0092,0.9435,-0.7807,-0.559,0.2794,25.5,0.0032,0.557,1.165,0.61124,260.5,565.7,251.4,564.0,269.8,567.4,705,1.583,7
738,67.655,-147.74,-30.67,0.5444,-0.8236,-0.1592,0.3157,0.0218,0.9486,-0.7778,-0.5667,0.2719,25.5,0.0029,0.638,1.177,0.61237,261.5,567.3,252.8,565.9,270.4,568.7,706,1.104,7
739,68.754,-149.375,-30.972,0.5588,-0.8166,-0.1444,0.3,0.0345,0.9533,-0.7735,-0.576,0.2643,25.5,0.0018,0.731,1.188,0.62685,262.6,568.8,254.3,567.8,271.1,569.9,706,0.89,7
740,69.882,-150.995,-31.245,0.5727,-0.8096,-0.1289,0.284,0.0474,0.9577,-0.7692,-0.585,0.257,25.5,0.0008,0.708,1.204,0.63158,263.7,570.4,255.8,569.6,271.8,571.2,707,1.86,7
741,71.036,-152.602,-31.486,0.5855,-0.8029,-0.1121,0.2677,0.0603,0.9616,-0.7653,-0.593,0.2502,25.5,0.0005,0.642,1.212,0.63707,264.8,572.0,257.3,571.5,272.6,572.5,707,0.138,7
742,72.216,-154.194,-31.693,0.5993,-0.7948,-0.0957,0.251,0.0733,0.9652,-0.7601,-0.6024,0.2435,25.5,0.0002,0.725,1.23,0.65876,266.0,573.5,258.8,573.3,273.3,573.7,707,2.127,7
743,73.425,-155.768,-31.867,0.6141,-0.7852,-0.0794,0.2341,0.0864,0.9684,-0.7535,-0.6133,0.2369,25.5,0.001,0.822,1.239,0.69058,267.1,575.1,260.4,575.2,274.1,575.0,708,0.664,7
744,74.665,-157.322,-32.009,0.6302,-0.7738,-0.0632,0.2169,0.0994,0.9711,-0.7452,-0.6257,0.2305,25.5,0.0016,0.93,1.245,0.73399,268.4,576.6,262.0,577.0,274.9,576.2,708,1.331,7
745,75.937,-158.852,-32.119,0.6458,-0.7621,-0.0461,0.1995,0.1124,0.9734,-0.7367,-0.6379,0.2246,25.5,0.0017,0.917,1.251,0.74574,269.6,578.1,263.7,578.8,275.7,577.4,709,1.483,7
746,77.239,-160.359,-32.193,0.6606,-0.7502,-0.0284,0.1817,0.1254,0.9753,-0.7281,-0.6495,0.2191,25.5,0.0017,0.885,1.268,0.74642,270.9,579.5,265.4,580.5,276.5,578.5,709,0.512,7
747,78.57,-161.841,-32.232,0.676,-0.7368,-0.0109,0.1637,0.1382,0.9768,-0.7182,-0.6621,0.2141,25.5,0.0018,0.962,1.268,0.7731,272.2,581.0,267.1,582.3,277.4,579.7,710,2.312,7
748,79.934,-163.295,-32.236,0.6922,-0.7217,0.0066,0.1455,0.1509,0.9778,-0.7067,-0.6758,0.2095,25.5,0.0017,1.058,1.273,0.81156,273.5,582.4,268.9,584.0,278.3,580.8,710,0.321,7
749,81.33,-164.716,-32.206,0.7091,-0.7047,0.024,0.1271,0.1635,0.9783,-0.6934,-0.6907,0.2055,25.5,0.0016,1.167,1.278,0.85165,274.9,583.8,270.7,585.7,279.2,581.9,710,1.675,7
750,82.758,-166.104,-32.139,0.7244,-0.688,0.0427,0.1084,0.1758,0.9784,-0.6807,-0.7042,0.202,25.5,0.0006,1.081,1.283,0.84454,276.3,585.2,272.5,587.3,280.2,583.0,711,1.151,7
751,84.217,-167.458,-32.036,0.7399,-0.6699,0.0614,0.0896,0.188,0.9781,-0.6667,-0.7182,0.1991,25.5,0.0004,1.147,1.284,0.87097,277.7,586.5,274.4,589.0,281.2,584.0,711,0.844,7
752,85.707,-168.773,-31.895,0.7556,-0.6501,0.0798,0.0706,0.1999,0.9773,-0.6513,-0.7328,0.1969,25.5,0.0014,1.222,1.285,0.89883,279.2,587.8,276.3,590.5,282.2,585.0,712,1.981,7
753,87.229,-170.048,-31.718,0.7712,-0.6291,0.0977,0.0515,0.2115,0.976,-0.6346,-0.7477,0.1955,25.5,0.002,1.285,1.283,0.91142,280.7,589.1,278.3,592.1,283.2,586.0,712,0.028,7
754,88.78,-171.28,-31.505,0.7856,-0.6078,0.1159,0.0323,0.2228,0.9743,-0.618,-0.7617,0.1947,25.5,0.0029,1.245,1.28,0.90571,282.3,590.3,280.3,593.6,284.3,587.0,712,2.006,7
755,90.36,-172.47,-31.256,0.7991,-0.5861,0.134,0.013,0.2338,0.9722,-0.6011,-0.7752,0.1944,25.5,0.0036,1.239,1.279,0.90043,283.8,591.5,282.3,595.0,285.4,587.9,713,0.815,7
756,91.965,-173.615,-30.972,0.8124,-0.5632,0.1513,-0.0064,0.2444,0.9697,-0.5831,-0.7887,0.195,25.5,0.0039,1.29,1.275,0.90952,285.4,592.7,284.4,596.4,286.5,588.8,713,1.178,7
757,93.597,-174.714,-30.653,0.8254,-0.539,0.168,-0.0258,0.2547,0.9667,-0.5638,-0.8022,0.1963,25.5,0.0038,1.352,1.27,0.92433,287.0,593.8,286.4,597.8,287.6,589.7,714,1.632,7
758,95.255,-175.763,-30.302,0.8378,-0.5138,0.1848,-0.0453,0.2646,0.9633,-0.5439,-0.8154,0.1984,25.5,0.0041,1.374,1.268,0.94097,288.7,594.9,288.6,599.1,288.8,590.5,714,0.361,7
759,96.935,-176.762,-29.917,0.8487,-0.4888,0.2018,-0.0648,0.274,0.9595,-0.5243,-0.8275,0.2009,25.5,0.0047,1.328,1.259,0.92407,290.3,595.9,290.7,600.4,290.0,591.3,714,2.354,7
760,98.637,-177.711,-29.499,0.859,-0.4636,0.2174,-0.0843,0.2831,0.9554,-0.5044,-0.839,0.2041,25.5,0.004,1.33,1.255,0.90217,292.0,596.8,292.9,601.6,291.2,592.0,715,0.44,7
761,100.359,-178.609,-29.051,0.8687,-0.4378,0.2319,-0.1038,0.2918,0.9508,-0.4839,-0.85,0.208,25.5,0.0026,1.352,1.252,0.89546,293.8,597.8,295.0,602.7,292.5,592.7,715,1.554,7
762,102.099,-179.455,-28.575,0.8779,-0.4112,0.2456,-0.1233,0.3,0.9459,-0.4626,-0.8607,0.2127,25.5,0.0007,1.392,1.244,0.90002,295.5,598.6,297.2,603.8,293.7,593.4,716,1.215,7
763,103.856,-180.248,-28.071,0.8856,-0.3847,0.2603,-0.1427,0.3079,0.9407,-0.442,-0.8702,0.2177,25.5,0.0,1.331,1.237,0.89899,297.3,599.5,299.5,604.8,295.0,594.0,716,0.78,7
764,105.628,-180.988,-27.539,0.8929,-0.3573,0.2741,-0.1621,0.3153,0.9351,-0.4205,-0.8793,0.2236,25.5,0.0011,1.38,1.232,0.90674,299.0,600.3,301.7,605.8,296.3,594.6,717,1.96,7
765,107.415,-181.672,-26.979,0.8998,-0.3284,0.2874,-0.1814,0.3222,0.9291,-0.3977,-0.8881,0.2304,25.5,0.002,1.454,1.224,0.93596,300.8,601.0,304.0,606.7,297.6,595.1,717,0.057,7
766,109.214,-182.296,-26.394,0.9063,-0.2976,0.3001,-0.2006,0.3287,0.9229,-0.3733,-0.8966,0.2382,25.5,0.0027,1.546,1.215,0.97597,302.6,601.7,306.2,607.5,298.9,595.6,717,2.028,7
767,111.026,-182.858,-25.783,0.9113,-0.2672,0.3133,-0.2197,0.3348,0.9163,-0.3498,-0.9039,0.2464,25.5,0.0026,1.486,1.209,0.9637,304.5,602.3,308.5,608.3,300.3,596.1,718,0.679,7
768,112.846,-183.36,-25.146,0.9154,-0.2362,0.3259,-0.2387,0.3404,0.9095,-0.3257,-0.9104,0.2552,25.5,0.0025,1.516,1.2,0.9694,306.3,602.8,310.8,609.0,301.6,596.5,718,1.317,7
769,114.674,-183.799,-24.484,0.919,-0.2038,0.3375,-0.2576,0.3455,0.9024,-0.3005,-0.9162,0.265,25.5,0.0026,1.584,1.193,0.99492,308.1,603.3,313.1,609.7,303.0,596.8,719,1.353,7
770,116.508,-184.171,-23.801,0.9219,-0.1698,0.3483,-0.2764,0.3502,0.895,-0.2739,-0.9213,0.2759,25.5,0.0025,1.673,1.188,1.02914,310.0,603.8,315.4,610.2,304.4,597.1,719,0.643,7
771,118.347,-184.476,-23.096,0.9231,-0.1367,0.3595,-0.295,0.3544,0.8874,-0.2487,-0.9251,0.2868,25.5,0.0017,1.588,1.176,1.00529,311.8,604.1,317.8,610.7,305.8,597.4,720,1.993,7
772,120.187,-184.715,-22.369,0.9233,-0.1027,0.37,-0.3134,0.3581,0.8795,-0.2228,-0.928,0.2985,25.5,0.0007,1.637,1.167,1.02324,313.7,604.4,320.1,611.1,307.2,597.6,720,0.024,7
773,122.027,-184.884,-21.622,0.9229,-0.0669,0.3791,-0.3316,0.3614,0.8715,-0.1953,-0.93,0.3114,25.5,0.0002,1.744,1.155,1.06221,315.6,604.7,322.4,611.5,308.6,597.7,720,1.994,7
774,123.865,-184.981,-20.859,0.9217,-0.0296,0.3868,-0.3495,0.3643,0.8633,-0.1665,-0.9308,0.3254,25.5,0.001,1.835,1.14,1.09574,317.4,604.9,324.7,611.7,310.0,597.8,721,0.611,7
775,125.699,-185.002,-20.08,0.9187,0.0074,0.3949,-0.367,0.3666,0.8549,-0.1384,-0.9304,0.3395,25.5,0.0031,1.802,1.12,1.09251,319.3,605.0,327.0,611.9,311.5,597.8,721,1.382,7
776,127.526,-184.952,-19.286,0.9146,0.0427,0.4021,-0.3843,0.3685,0.8465,-0.112,-0.9287,0.3535,25.5,0.0046,1.715,1.107,1.0426,321.2,605.0,329.3,612.0,312.9,597.8,722,1.197,7
777,129.344,-184.833,-18.479,0.9101,0.0772,0.4071,-0.4011,0.37,0.838,-0.0859,-0.926,0.3677,25.5,0.0047,1.709,1.082,1.01063,323.0,605.0,331.5,612.1,314.3,597.7,722,0.797,7
778,131.153,-184.645,-17.665,0.9053,0.1111,0.41,-0.4176,0.371,0.8294,-0.06,-0.9221,0.3823,25.5,0.0032,1.718,1.068,0.98801,324.9,604.8,333.8,612.0,315.7,597.5,723,1.754,7
779,132.952,-184.39,-16.846,0.8994,0.1443,0.4126,-0.4337,0.3717,0.8208,-0.0349,-0.9172,0.3969,25.5,0.0022,1.687,1.047,0.97246,326.7,604.7,336.0,611.9,317.2,597.3,723,0.24,7
780,134.737,-184.07,-16.02,0.8921,0.1767,0.4158,-0.4495,0.3719,0.8122,-0.0112,-0.9115,0.4112,25.5,0.0024,1.619,1.031,0.95943,328.5,604.4,338.3,611.7,318.6,597.0,723,2.232,7
781,136.508,-183.686,-15.19,0.8845,0.2092,0.417,-0.4648,0.3719,0.8035,0.013,-0.9046,0.4261,25.5,0.0017,1.676,1.008,0.9603,330.4,604.1,340.5,611.4,320.0,596.7,724,0.289,7
782,138.262,-183.236,-14.359,0.8763,0.2424,0.4163,-0.4798,0.3714,0.7949,0.0381,-0.8963,0.4418,25.5,0.0005,1.762,0.991,0.98351,332.2,603.8,342.7,611.1,321.4,596.3,724,1.705,7
783,140.0,-182.719,-13.532,0.8674,0.2767,0.4136,-0.4944,0.3706,0.7863,0.0642,-0.8865,0.4583,25.5,0.0011,1.856,0.972,1.02188,334.0,603.4,344.8,610.6,322.9,595.9,725,0.782,7
784,141.718,-182.136,-12.708,0.8567,0.3083,0.4134,-0.5086,0.3695,0.7777,0.087,-0.8765,0.4734,25.5,0.0003,1.668,0.953,0.95932,335.7,602.9,346.9,610.2,324.3,595.4,725,1.212,7
785,143.414,-181.49,-11.886,0.8457,0.3401,0.4111,-0.5224,0.3681,0.7692,0.1103,-0.8653,0.489,25.5,0.0004,1.73,0.932,0.96983,337.5,602.3,349.0,609.6,325.7,594.8,726,1.235,7
786,145.088,-180.78,-11.07,0.8341,0.3726,0.4067,-0.5359,0.3663,0.7607,0.1344,-0.8525,0.5052,25.5,0.0011,1.818,0.92,1.00032,339.2,601.7,351.1,609.0,327.0,594.2,726,0.759,7
787,146.738,-180.004,-10.266,0.8217,0.4062,0.3999,-0.549,0.3642,0.7523,0.1599,-0.8377,0.5223,25.5,0.0023,1.953,0.9,1.04816,340.9,601.0,353.1,608.2,328.4,593.6,727,1.643,7
788,148.362,-179.161,-9.476,0.8075,0.4395,0.3935,-0.5618,0.3619,0.7439,0.1846,-0.8218,0.5391,25.5,0.0019,1.939,0.887,1.05702,342.6,600.2,355.2,607.5,329.7,592.8,727,0.351,7
789,149.956,-178.253,-8.698,0.7924,0.4715,0.3871,-0.5743,0.3592,0.7356,0.2078,-0.8052,0.5554,25.5,0.001,1.883,0.874,1.03391,344.2,599.4,357.1,606.6,331.1,592.0,728,2.002,7
790,151.52,-177.282,-7.935,0.7768,0.5031,0.3789,-0.5864,0.3562,0.7275,0.231,-0.7873,0.5717,25.5,0.0007,1.921,0.852,1.04037,345.9,598.5,359.1,605.7,332.4,591.2,728,0.029,7
791,153.052,-176.249,-7.19,0.7607,0.5342,0.3687,-0.5983,0.353,0.7194,0.2541,-0.7678,0.5881,25.5,0.0013,1.971,0.845,1.0488,347.4,597.5,361.0,604.7,333.7,590.3,728,1.985,7
792,154.552,-175.154,-6.466,0.744,0.5644,0.3576,-0.6098,0.3495,0.7114,0.2765,-0.7473,0.6042,25.5,0.002,1.969,0.827,1.04236,349.0,596.5,362.8,603.6,334.9,589.3,729,0.32,7
793,156.016,-174.0,-5.763,0.726,0.593,0.3482,-0.621,0.3457,0.7035,0.2968,-0.727,0.6192,25.5,0.0009,1.856,0.815,1.00861,350.5,595.4,364.6,602.4,336.1,588.3,729,1.674,7
794,157.445,-172.791,-5.08,0.7077,0.621,0.337,-0.6318,0.3417,0.6957,0.3169,-0.7052,0.6342,25.5,0.0005,1.904,0.797,1.01425,352.0,594.3,366.4,601.2,337.3,587.2,730,0.587,7
795,158.837,-171.525,-4.421,0.6887,0.6488,0.3238,-0.6423,0.3375,0.6881,0.3371,-0.6819,0.6492,25.5,0.0006,1.965,0.781,1.03988,353.4,593.1,368.1,600.0,338.5,586.1,730,1.406,7
796,160.189,-170.205,-3.79,0.6688,0.6763,0.3087,-0.6525,0.3331,0.6806,0.3575,-0.6567,0.6641,25.5,0.001,2.044,0.768,1.0683,354.9,591.8,369.8,598.6,339.6,584.9,731,0.815,7
797,161.501,-168.83,-3.19,0.6475,0.7028,0.2948,-0.6624,0.3285,0.6733,0.3763,-0.6312,0.6782,25.5,0.0005,1.987,0.752,1.05616,356.2,590.5,371.4,597.2,340.7,583.7,731,1.178,7
798,162.77,-167.405,-2.616,0.6263,0.7272,0.281,-0.6719,0.3237,0.6661,0.3935,-0.606,0.6913,25.5,0.0018,1.903,0.736,1.01051,357.5,589.2,373.0,595.8,341.8,582.4,732,1.002,7
799,163.998,-165.933,-2.071,0.6055,0.7502,0.2657,-0.6812,0.3186,0.6592,0.4099,-0.5801,0.7039,25.5,0.0017,1.899,0.725,0.99426,358.8,587.7,374.5,594.2,342.8,581.1,732,0.992,7
800,165.184,-164.416,-1.558,0.5847,0.7722,0.2487,-0.6901,0.3134,0.6524,0.4258,-0.553,0.7161,25.5,0.0008,1.931,0.708,0.99835,360.0,586.3,376.0,592.7,343.8,579.7,733,1.146,7
801,166.328,-162.856,-1.081,0.5635,0.7935,0.2297,-0.6987,0.308,0.6458,0.4417,-0.5244,0.728,25.5,0.001,1.995,0.694,1.02239,361.2,584.8,377.4,591.1,344.8,578.3,733,0.848,7
802,167.428,-161.254,-0.639,0.5403,0.8139,0.2135,-0.707,0.3024,0.6393,0.4558,-0.4964,0.7388,25.5,0.0006,1.9,0.684,1.00304,362.4,583.2,378.7,589.4,345.7,576.9,734,1.243,7
803,168.482,-159.612,-0.231,0.5176,0.8329,0.196,-0.715,0.2966,0.6331,0.4691,-0.4678,0.749,25.5,0.001,1.899,0.668,0.98875,363.5,581.6,380.0,587.7,346.6,575.4,734,0.752,7
804,169.491,-157.935,0.141,0.495,0.8506,0.177,-0.7228,0.2906,0.627,0.4819,-0.4384,0.7587,25.5,0.0004,1.92,0.663,0.98982,364.5,579.9,381.3,585.9,347.4,573.9,735,1.288,7
805,170.455,-156.223,0.474,0.4722,0.8675,0.1563,-0.7303,0.2844,0.6211,0.4944,-0.4075,0.7678,25.5,0.0011,1.98,0.652,1.0101,365.5,578.3,382.5,584.1,348.2,572.3,735,0.707,7
806,171.372,-154.478,0.763,0.4488,0.8834,0.1346,-0.7375,0.278,0.6155,0.5063,-0.3755,0.7763,25.5,0.0026,2.016,0.638,1.02527,366.4,576.5,383.6,582.2,349.0,570.7,736,1.277,7
807,172.243,-152.702,1.011,0.4246,0.8981,0.1144,-0.7445,0.2713,0.61,0.5168,-0.3441,0.7839,25.5,0.0027,1.946,0.638,1.00014,367.3,574.8,384.7,580.3,349.7,569.1,736,0.718,7
808,173.064,-150.899,1.218,0.3995,0.912,0.0932,-0.7513,0.2644,0.6047,0.5269,-0.3116,0.7908,25.5,0.0027,1.99,0.633,1.02577,368.2,573.0,385.7,578.4,350.3,567.5,737,1.207,7
809,173.834,-149.068,1.382,0.3733,0.925,0.071,-0.7578,0.2572,0.5997,0.5364,-0.2777,0.797,25.5,0.0024,2.048,0.625,1.05577,369.0,571.2,386.7,576.4,351.0,565.8,737,0.787,7
810,174.551,-147.213,1.5,0.3459,0.9371,0.0476,-0.7641,0.2497,0.5949,0.5455,-0.2421,0.8024,25.5,0.002,2.128,0.625,1.09293,369.7,569.3,387.6,574.4,351.5,564.2,738,1.085,7
811,175.212,-145.334,1.571,0.317,0.9482,0.0232,-0.7701,0.2418,0.5903,0.5541,-0.2049,0.8069,25.5,0.0012,2.203,0.626,1.13343,370.4,567.5,388.4,572.4,352.0,562.5,738,0.909,7
812,175.815,-143.435,1.594,0.2888,0.9574,0.0001,-0.776,0.2335,0.5859,0.5609,-0.1693,0.8104,25.5,0.0005,2.086,0.636,1.08098,371.0,565.6,389.2,570.3,352.5,560.8,739,0.912,7
813,176.364,-141.519,1.572,0.2618,0.9649,-0.0216,-0.7816,0.2248,0.5818,0.5662,-0.1354,0.813,25.5,0.0003,1.972,0.638,1.01906,371.5,563.6,389.9,568.2,352.9,559.0,739,1.082,7
814,176.859,-139.59,1.508,0.2355,0.971,-0.0422,-0.7871,0.2158,0.5779,0.5702,-0.1029,0.815,25.5,0.0002,1.88,0.644,0.97639,372.0,561.7,390.5,566.0,353.2,557.3,740,0.688,7
815,177.303,-137.65,1.404,0.2096,0.9758,-0.0621,-0.7923,0.2062,0.5743,0.5732,-0.0712,0.8163,25.5,0.0005,1.826,0.659,0.94921,372.4,559.8,391.1,563.9,353.5,555.6,740,1.306,7
816,177.694,-135.702,1.26,0.1828,0.9797,-0.0829,-0.7973,0.1963,0.5708,0.5755,-0.0382,0.8169,25.5,0.0008,1.896,0.666,0.98194,372.8,557.8,391.6,561.7,353.8,553.9,741,0.414,7
817,178.031,-133.746,1.074,0.1556,0.9824,-0.1035,-0.8021,0.1858,0.5676,0.5768,-0.0053,0.8168,25.5,0.001,1.887,0.686,0.98406,373.1,555.8,392.0,559.5,354.0,552.1,741,1.58,7
818,178.314,-131.787,0.847,0.1277,0.984,-0.124,-0.8066,0.1748,0.5647,0.5774,0.0279,0.816,25.5,0.001,1.903,0.701,0.99659,373.4,553.8,392.4,557.2,354.1,550.4,742,0.088,7
819,178.539,-129.825,0.579,0.0984,0.9845,-0.145,-0.8107,0.1631,0.5622,0.5772,0.0622,0.8143,25.5,0.0007,1.968,0.725,1.03662,373.6,551.9,392.7,555.0,354.2,548.7,743,1.696,7
820,178.704,-127.864,0.269,0.0668,0.9836,-0.1676,-0.8146,0.1507,0.5601,0.5762,0.0991,0.8113,25.5,0.0001,2.122,0.754,1.11743,373.7,549.9,392.9,552.7,354.2,547.0,743,0.297,7
821,178.805,-125.906,-0.089,0.0348,0.9809,-0.1913,-0.8181,0.1376,0.5584,0.5741,0.1371,0.8072,25.5,0.0003,2.193,0.783,1.14763,373.8,547.9,393.1,550.4,354.2,545.4,744,1.252,7
822,178.844,-123.954,-0.492,0.0042,0.9773,-0.2118,-0.8211,0.1238,0.5572,0.5708,0.1716,0.803,25.5,0.0005,2.0,0.812,1.06415,373.8,545.9,393.2,548.1,354.1,543.7,744,0.742,7
823,178.823,-122.011,-0.932,-0.0249,0.973,-0.2293,-0.8237,0.1091,0.5564,0.5664,0.2028,0.7988,25.5,0.0009,1.821,0.857,0.98416,373.7,543.9,393.2,545.8,354.0,542.1,745,0.742,7
824,178.746,-120.077,-1.404,-0.0529,0.9683,-0.244,-0.8258,0.0937,0.5561,0.5613,0.2309,0.7947,25.5,0.0013,1.653,0.891,0.91935,373.6,542.0,393.1,543.4,353.8,540.5,745,1.252,7
825,178.611,-118.154,-1.908,-0.0819,0.9612,-0.2633,-0.8275,0.0774,0.5562,0.555,0.2634,0.789,25.5,0.0043,1.925,0.939,1.02227,373.4,540.0,392.9,541.1,353.6,539.0,746,0.17,7
826,178.419,-116.246,-2.451,-0.1117,0.9534,-0.2804,-0.8285,0.0603,0.5567,0.5477,0.2945,0.7831,25.5,0.0061,1.861,0.982,1.01305,373.2,538.1,392.7,538.7,353.3,537.5,747,1.533,7
827,178.166,-114.354,-3.024,-0.1425,0.9452,-0.2939,-0.8289,0.0422,0.5578,0.5396,0.3231,0.7775,25.5,0.0059,1.733,1.039,0.99523,372.9,536.2,392.4,536.3,353.0,536.0,747,0.46,7
828,177.85,-112.479,-3.62,-0.1747,0.9366,-0.3039,-0.8287,0.0229,0.5593,0.5308,0.3495,0.7721,25.5,0.0037,1.624,1.109,1.00042,372.5,534.3,392.0,534.0,352.7,534.6,748,0.85,7
829,177.468,-110.623,-4.236,-0.2092,0.925,-0.317,-0.8276,0.0025,0.5613,0.52,0.3798,0.7651,25.5,0.0025,1.886,1.176,1.11239,372.1,532.4,391.5,531.6,352.2,533.2,748,1.143,7
830,177.017,-108.792,-4.882,-0.2423,0.9125,-0.3297,-0.8257,-0.0191,0.5638,0.5081,0.4089,0.7581,25.5,0.0032,1.845,1.251,1.08091,371.5,530.5,391.0,529.2,351.8,531.9,749,0.113,7
831,176.503,-106.985,-5.547,-0.273,0.9011,-0.3368,-0.8229,-0.0419,0.5666,0.4964,0.4319,0.753,25.5,0.0039,1.507,1.326,0.96351,371.0,528.7,390.3,526.8,351.3,530.6,750,1.314,7
832,175.93,-105.2,-6.221,-0.3019,0.8912,-0.3385,-0.8192,-0.0659,0.5697,0.4854,0.4493,0.75,25.5,0.0043,1.192,1.403,0.87974,370.3,526.8,389.6,524.3,350.8,529.4,750,0.68,7
833,175.3,-103.434,-6.897,-0.3311,0.8792,-0.3425,-0.8145,-0.0909,0.573,0.4726,0.4687,0.7463,25.5,0.0065,1.348,1.47,0.91501,369.6,525.0,388.8,521.9,350.2,528.2,751,0.464,7
834,174.61,-101.696,-7.584,-0.3621,0.8652,-0.3469,-0.8087,-0.117,0.5764,0.4582,0.4892,0.7421,25.5,0.0084,1.455,1.544,0.98619,368.9,523.3,387.8,519.5,349.6,527.1,751,1.529,7
835,173.857,-99.985,-8.275,-0.3936,0.8521,-0.3449,-0.8019,-0.144,0.5799,0.4445,0.5049,0.74,25.5,0.0071,1.2,1.608,0.98263,368.1,521.5,386.8,517.1,349.0,526.0,752,0.446,7
836,173.04,-98.299,-8.955,-0.4257,0.84,-0.3364,-0.7938,-0.1718,0.5834,0.4322,0.5154,0.74,25.5,0.0026,0.927,1.671,1.01625,367.2,519.8,385.8,514.7,348.3,525.0,753,0.576,7
837,172.157,-96.642,-9.622,-0.4605,0.8224,-0.334,-0.7846,-0.2004,0.5867,0.4156,0.5322,0.7376,25.5,0.0005,1.36,1.732,1.12346,366.2,518.1,384.6,512.3,347.6,524.1,753,1.417,7
838,171.208,-95.019,-10.282,-0.4916,0.8071,-0.3271,-0.7742,-0.2295,0.5898,0.401,0.5432,0.7377,25.5,0.0024,1.047,1.78,1.01615,365.2,516.5,383.3,509.9,346.9,523.1,754,0.452,7
839,170.202,-93.422,-10.92,-0.5176,0.7964,-0.3129,-0.7628,-0.2588,0.5927,0.391,0.5454,0.7414,25.5,0.0033,0.624,1.809,0.90567,364.2,514.9,381.9,507.6,346.1,522.3,755,0.466,7
840,169.148,-91.842,-11.525,-0.5401,0.788,-0.2954,-0.7503,-0.288,0.595,0.3839,0.543,0.7468,25.5,0.0025,0.529,1.825,0.85444,363.1,513.3,380.5,505.3,345.3,521.4,756,1.346,7
841,168.045,-90.287,-12.105,-0.566,0.7735,-0.2853,-0.7371,-0.3169,0.5969,0.3713,0.5482,0.7495,25.5,0.0018,0.796,1.824,0.90152,361.9,511.7,379.0,503.0,344.5,520.5,756,0.647,7
842,166.895,-88.755,-12.656,-0.5873,0.7644,-0.2661,-0.7231,-0.3453,0.5982,0.3654,0.5437,0.7556,25.5,0.0015,0.55,1.816,0.865,360.7,510.1,377.5,500.7,343.7,519.7,757,0.205,7
843,165.708,-87.237,-13.159,-0.6042,0.7606,-0.2376,-0.7087,-0.3731,0.5988,0.3668,0.5302,0.7644,25.5,0.0021,0.927,1.794,0.95894,359.5,508.6,375.9,498.5,342.8,518.9,758,1.033,7
844,164.488,-85.724,-13.6,-0.6221,0.7547,-0.2081,-0.6938,-0.4,0.5988,0.3687,0.517,0.7725,25.5,0.0051,0.894,1.762,1.00658,358.3,507.1,374.3,496.3,341.9,518.0,758,0.959,7
845,163.229,-84.229,-13.991,-0.64,0.7463,-0.1827,-0.6788,-0.4261,0.598,0.3685,0.5068,0.7793,25.5,0.0072,0.702,1.726,0.92558,357.0,505.6,372.7,494.2,341.0,517.2,759,0.146,7
846,161.941,-82.746,-14.325,-0.6516,0.7432,-0.1522,-0.6638,-0.4512,0.5965,0.3746,0.4897,0.7873,25.5,0.0064,1.137,1.678,0.9425,355.7,504.1,371.0,492.1,340.1,516.3,760,0.66,7
847,160.636,-81.264,-14.594,-0.6568,0.7451,-0.116,-0.6487,-0.4754,0.5942,0.3876,0.4656,0.7956,25.5,0.0029,1.639,1.64,1.05295,354.3,502.6,369.3,490.0,339.1,515.4,760,1.333,7
848,159.323,-79.778,-14.788,-0.6623,0.7448,-0.081,-0.6339,-0.4988,0.5911,0.3998,0.4428,0.8025,25.5,0.0004,1.534,1.596,1.01875,353.0,501.1,367.6,488.0,338.2,514.5,761,0.528,7
849,157.996,-78.296,-14.916,-0.6686,0.7422,-0.0467,-0.6193,-0.5213,0.5872,0.4114,0.4215,0.8081,25.5,0.0003,1.426,1.553,1.00557,351.7,499.7,365.9,485.9,337.2,513.6,762,0.287,7
850,156.659,-76.82,-14.974,-0.6732,0.7394,-0.0111,-0.6049,-0.543,0.5825,0.4247,0.3988,0.8128,25.5,0.0007,1.531,1.516,1.03524,350.4,498.2,364.3,483.9,336.2,512.7,763,1.12,7
851,155.315,-75.349,-14.96,-0.676,0.7365,0.0252,-0.5908,-0.5638,0.5771,0.4393,0.3752,0.8163,25.5,0.0013,1.603,1.473,1.05022,349.0,496.7,362.6,482.0,335.2,511.7,763,0.873,7
852,153.965,-73.885,-14.876,-0.678,0.7327,0.0584,-0.577,-0.5839,0.5711,0.4526,0.3535,0.8187,25.5,0.0033,1.465,1.439,0.96255,347.7,495.3,361.0,480.0,334.2,510.8,764,0.018,7
853,152.612,-72.43,-14.726,-0.6797,0.7276,0.0924,-0.5635,-0.6031,0.5645,0.4665,0.3317,0.82,25.5,0.0036,1.483,1.397,0.98979,346.4,493.8,359.3,478.1,333.2,509.8,765,0.892,8
854,151.256,-70.986,-14.508,-0.6809,0.7214,0.1265,-0.5505,-0.6214,0.5575,0.4808,0.3099,0.8203,25.5,0.0029,1.494,1.347,0.99716,345.0,492.4,357.7,476.3,332.2,508.8,765,1.101,8
855,149.899,-69.555,-14.222,-0.6815,0.7141,0.1602,-0.538,-0.6387,0.5501,0.4951,0.2887,0.8195,25.5,0.0013,1.466,1.294,0.99159,343.7,491.0,356.1,474.4,331.2,507.8,766,0.149,8
856,148.543,-68.137,-13.872,-0.6793,0.7085,0.1909,-0.5261,-0.655,0.5424,0.5094,0.268,0.8178,25.5,0.0031,1.445,1.238,0.89955,342.4,489.6,354.5,472.7,330.1,506.8,767,0.863,8
857,147.19,-66.733,-13.461,-0.6784,0.7005,0.2216,-0.5149,-0.6702,0.5346,0.523,0.2485,0.8153,25.5,0.0017,1.37,1.17,0.9126,341.1,488.2,352.9,470.9,329.1,505.8,767,1.13,8
858,145.839,-65.347,-12.991,-0.6787,0.6908,0.2494,-0.5045,-0.6842,0.5267,0.5345,0.2316,0.8128,25.5,0.0011,1.18,1.097,0.8467,339.8,486.9,351.4,469.2,328.0,504.8,768,0.051,8
859,144.485,-63.98,-12.47,-0.6799,0.6807,0.2726,-0.4949,-0.6969,0.519,0.5433,0.218,0.8108,25.5,0.0036,0.935,1.013,0.72843,338.5,485.5,349.9,467.6,326.9,503.8,769,1.11,8
860,143.131,-62.634,-11.904,-0.6773,0.6712,0.3012,-0.4863,-0.7084,0.5116,0.5567,0.2,0.8062,25.5,0.008,1.312,0.926,0.87012,337.2,484.2,348.4,466.0,325.8,502.7,769,0.882,8
861,141.786,-61.304,-11.272,-0.6721,0.663,0.3297,-0.4787,-0.7186,0.5044,0.5714,0.1812,0.8004,25.5,0.0116,1.407,0.837,0.86526,335.9,482.9,347.0,464.4,324.7,501.7,770,0.358,8
862,140.449,-59.99,-10.597,-0.6705,0.6562,0.3461,-0.4721,-0.7276,0.4977,0.5784,0.1703,0.7978,25.5,0.0113,0.757,0.746,0.51264,334.6,481.6,345.5,462.9,323.6,500.6,770,1.635,8
863,139.112,-58.688,-9.899,-0.6721,0.6505,0.3539,-0.4665,-0.7356,0.4913,0.5799,0.1651,0.7978,25.5,0.0089,0.31,0.669,0.28147,333.4,480.4,344.1,461.4,322.4,499.6,771,0.333,8
864,137.768,-57.396,-9.191,-0.6764,0.6454,0.3548,-0.4619,-0.7425,0.4852,0.5766,0.1644,0.8003,25.5,0.0054,0.241,0.59,0.19349,332.1,479.1,342.8,460.0,321.2,498.5,772,1.028,8
865,136.413,-56.115,-8.489,-0.6837,0.6408,0.3492,-0.4581,-0.7485,0.4795,0.5686,0.1678,0.8053,25.5,0.001,0.575,0.522,0.29572,330.8,477.9,341.4,458.6,320.0,497.4,772,0.97,8
866,135.041,-54.842,-7.804,-0.6941,0.6362,0.3367,-0.4553,-0.7536,0.4741,0.5554,0.1758,0.8128,25.5,0.0038,0.983,0.455,0.48585,329.5,476.6,340.0,457.2,318.7,496.2,773,0.411,8
867,133.645,-53.58,-7.152,-0.7069,0.6309,0.3196,-0.4534,-0.7579,0.469,0.5382,0.1867,0.8219,25.5,0.0078,1.278,0.397,0.63304,328.1,475.4,338.7,455.9,317.4,495.1,773,1.582,8
868,132.232,-52.33,-6.508,-0.7111,0.6234,0.3252,-0.4523,-0.7615,0.4643,0.5371,0.183,0.8234,25.5,0.0021,0.237,0.345,0.29492,326.8,474.1,337.3,454.6,316.1,494.0,774,0.216,8
869,130.81,-51.094,-5.859,-0.7165,0.6173,0.325,-0.4521,-0.7643,0.4598,0.5322,0.1825,0.8267,25.5,0.0016,0.34,0.304,0.23426,325.4,472.9,336.0,453.3,314.7,492.8,775,1.153,8
870,129.375,-49.869,-5.216,-0.7233,0.6123,0.3192,-0.4526,-0.7665,0.4556,0.5237,0.185,0.8316,25.5,0.0035,0.58,0.273,0.29442,324.0,471.7,334.6,452.0,313.3,491.7,775,0.852,8
871,127.925,-48.652,-4.591,-0.7318,0.6082,0.3076,-0.454,-0.7681,0.4516,0.511,0.1908,0.8382,25.5,0.004,0.885,0.26,0.4299,322.6,470.5,333.3,450.8,311.8,490.5,776,0.475,8
872,126.457,-47.444,-3.995,-0.7422,0.6046,0.2892,-0.4561,-0.7691,0.4478,0.4931,0.2005,0.8465,25.5,0.003,1.26,0.255,0.61632,321.2,469.3,331.9,449.6,310.3,489.3,776,1.532,8
873,124.965,-46.242,-3.444,-0.755,0.6012,0.2618,-0.4589,-0.7694,0.4443,0.4685,0.2153,0.8568,25.5,0.0002,1.748,0.257,0.87502,319.7,468.2,330.6,448.4,308.8,488.2,777,0.282,8
874,123.446,-45.048,-2.959,-0.7707,0.5974,0.2218,-0.4625,-0.7693,0.4408,0.434,0.2372,0.8691,25.5,0.0054,2.445,0.288,1.24027,318.2,467.0,329.2,447.2,307.2,487.0,778,0.905,8
875,121.893,-43.866,-2.557,-0.7873,0.5883,0.1848,-0.4667,-0.7686,0.4375,0.3994,0.2582,0.8797,25.5,0.0039,2.397,0.309,1.19525,316.7,465.8,327.8,446.1,305.5,485.8,778,1.088,8
876,120.309,-42.704,-2.224,-0.8021,0.5784,0.1485,-0.4717,-0.7674,0.4343,0.3652,0.2784,0.8884,25.5,0.001,2.33,0.347,1.16274,315.2,464.7,326.4,445.0,303.8,484.6,779,0.029,8
877,118.698,-41.56,-1.966,-0.8141,0.57,0.1112,-0.4773,-0.7657,0.4312,0.3309,0.298,0.8954,25.5,0.0001,2.299,0.379,1.1524,313.6,463.5,324.9,443.9,302.1,483.4,780,1.079,8
878,117.067,-40.43,-1.78,-0.8223,0.5641,0.0755,-0.4835,-0.7636,0.4281,0.2991,0.3155,0.9006,25.5,0.0008,2.101,0.415,1.06683,312.0,462.4,323.5,442.8,300.3,482.2,780,0.914,8
879,115.424,-39.309,-1.662,-0.8263,0.5615,0.044,-0.4903,-0.7609,0.4249,0.2721,0.3295,0.9041,25.5,0.0034,1.754,0.457,0.91607,310.3,461.3,322.0,441.8,298.4,481.0,781,0.076,8
880,113.771,-38.197,-1.608,-0.833,0.5532,0.0088,-0.4978,-0.7579,0.4216,0.2399,0.3469,0.9067,25.5,0.0009,2.102,0.5,1.05753,308.7,460.2,320.6,440.7,296.6,479.8,782,1.002,8
881,112.105,-37.104,-1.626,-0.8384,0.5444,-0.0272,-0.5058,-0.7544,0.4183,0.2072,0.3644,0.9079,25.5,0.002,2.126,0.535,1.07687,307.0,459.1,319.2,439.7,294.7,478.6,782,0.991,8
882,110.432,-36.026,-1.715,-0.8407,0.538,-0.0618,-0.5144,-0.7506,0.4148,0.1767,0.3805,0.9077,25.5,0.003,1.976,0.575,1.01388,305.3,458.0,317.7,438.8,292.8,477.4,783,0.127,8
883,108.757,-34.958,-1.872,-0.8399,0.5342,-0.0956,-0.5236,-0.7463,0.411,0.1482,0.3953,0.9065,25.5,0.0018,1.841,0.621,0.97824,303.6,456.9,316.3,437.8,290.9,476.2,784,0.677,8
884,107.086,-33.895,-2.096,-0.8362,0.533,-0.129,-0.5333,-0.7416,0.407,0.1213,0.4091,0.9044,25.5,0.0018,1.736,0.659,0.96692,302.0,455.9,314.9,436.9,288.9,475.0,784,1.317,8
885,105.422,-32.839,-2.389,-0.8342,0.5261,-0.1656,-0.5435,-0.7365,0.4026,0.0898,0.4259,0.9003,25.5,0.0008,2.059,0.7,1.07247,300.3,454.8,313.4,436.0,287.0,473.8,785,0.579,8
886,103.763,-31.797,-2.755,-0.8303,0.5197,-0.2014,-0.5543,-0.7311,0.3979,0.0595,0.442,0.895,25.5,0.0001,1.989,0.742,1.05167,298.6,453.7,312.1,435.1,285.0,472.6,786,0.094,8
887,102.114,-30.767,-3.192,-0.8245,0.5142,-0.2364,-0.5655,-0.7252,0.3927,0.0305,0.4575,0.8887,25.5,0.0005,1.918,0.784,1.03223,296.9,452.7,310.7,434.2,283.0,471.4,787,0.695,8
888,100.478,-29.747,-3.697,-0.8168,0.5096,-0.2706,-0.5772,-0.719,0.3871,0.0027,0.4724,0.8814,25.5,0.0003,1.855,0.824,1.01659,295.3,451.7,309.3,433.3,281.1,470.2,788,1.227,8
889,98.859,-28.736,-4.27,-0.8076,0.5042,-0.306,-0.5894,-0.7124,0.3809,-0.0259,0.488,0.8725,25.5,0.0003,1.935,0.871,1.06309,293.6,450.7,308.0,432.5,279.1,469.0,788,0.766,8
890,97.26,-27.739,-4.916,-0.7977,0.4971,-0.3415,-0.602,-0.7054,0.3742,-0.0549,0.504,0.862,25.5,0.0018,1.991,0.911,1.07915,292.0,449.7,306.7,431.7,277.1,467.8,789,0.306,8
891,95.68,-26.755,-5.63,-0.7871,0.4898,-0.375,-0.6148,-0.6982,0.3668,-0.0821,0.5192,0.8507,25.5,0.0044,1.899,0.942,1.03184,290.4,448.7,305.4,430.9,275.2,466.7,790,0.078,8
892,94.123,-25.787,-6.409,-0.7758,0.4823,-0.4068,-0.6277,-0.6908,0.3589,-0.1079,0.5338,0.8387,25.5,0.0078,1.832,0.965,0.99407,288.8,447.7,304.2,430.1,273.2,465.5,791,0.381,8
893,92.589,-24.833,-7.251,-0.764,0.4742,-0.4376,-0.6407,-0.6832,0.3504,-0.1328,0.5481,0.8258,25.5,0.0122,1.804,0.991,0.97655,287.2,446.7,303.0,429.3,271.3,464.3,792,0.599,8
894,91.078,-23.898,-8.154,-0.7513,0.4642,-0.4692,-0.6535,-0.6756,0.3413,-0.1585,0.5631,0.811,25.5,0.0172,1.904,1.0,1.02056,285.7,445.8,301.7,428.6,269.4,463.1,793,0.725,8
895,89.596,-22.983,-9.121,-0.7358,0.4547,-0.5018,-0.6663,-0.6679,0.3316,-0.1844,0.5785,0.7946,25.5,0.0202,1.966,1.02,1.07328,284.1,444.9,300.6,427.9,267.6,462.0,794,0.754,8
896,88.147,-22.086,-10.154,-0.718,0.4458,-0.5345,-0.6788,-0.6603,0.3214,-0.2097,0.5937,0.7769,25.5,0.0212,1.972,1.022,1.10078,282.7,444.0,299.4,427.2,265.8,460.9,795,0.682,8
897,86.735,-21.205,-11.251,-0.6985,0.4378,-0.566,-0.6911,-0.6527,0.3104,-0.2336,0.6081,0.7587,25.5,0.0213,1.909,1.041,1.08977,281.2,443.1,298.3,426.5,264.0,459.8,796,0.507,8
898,85.364,-20.345,-12.412,-0.6782,0.4259,-0.5988,-0.7029,-0.6454,0.299,-0.2592,0.6239,0.7373,25.5,0.0228,2.115,1.029,1.16082,279.8,442.2,297.1,425.8,262.3,458.7,797,0.23,8
899,84.032,-19.506,-13.634,-0.6587,0.4161,-0.6269,-0.7138,-0.6385,0.2877,-0.2806,0.6372,0.7178,25.5,0.0241,1.826,0.983,1.02306,278.4,441.4,296.1,425.2,260.6,457.7,798,0.152,8
900,82.737,-18.685,-14.907,-0.6416,0.409,-0.6489,-0.723,-0.6326,0.2775,-0.2971,0.6474,0.7018,25.5,0.0251,1.441,0.857,0.82688,277.1,440.5,295.0,424.5,259.0,456.7,799,0.637,8
901,81.473,-17.874,-16.217,-0.6276,0.4049,-0.6649,-0.73,-0.6282,0.2693,-0.3088,0.6546,0.6901,25.5,0.0247,1.034,0.667,0.62259,275.7,439.7,293.8,423.8,257.5,455.7,801,0.059,8
902,80.24,-17.068,-17.559,-0.6042,0.4046,-0.6865,-0.734,-0.6258,0.2639,-0.3228,0.6633,0.6751,25.5,0.0091,1.277,0.409,0.9157,274.5,438.9,292.6,423.1,256.2,454.8,803,0.3,8
903,79.061,-16.263,-18.949,-0.5812,0.4029,-0.707,-0.7351,-0.6254,0.2616,-0.3368,0.6718,0.6597,25.5,0.0097,1.288,0.148,0.88714,273.2,438.1,291.4,422.3,254.9,454.0,805,0.21,8
904,77.915,-15.464,-20.371,-0.5705,0.3982,-0.7183,-0.7335,-0.627,0.2623,-0.346,0.6767,0.6499,25.5,0.0196,0.82,0.136,0.46735,272.0,437.3,290.2,421.5,253.8,453.2,807,0.071,8
905,76.78,-14.678,-21.808,-0.5698,0.3909,-0.7229,-0.7295,-0.6302,0.2658,-0.3517,0.679,0.6444,25.5,0.0228,0.473,0.355,0.24889,270.9,436.5,288.9,420.6,252.7,452.5,809,0.07,8
906,75.637,-13.908,-23.248,-0.5786,0.3806,-0.7213,-0.7232,-0.6349,0.2719,-0.3545,0.6791,0.6427,25.5,0.0193,0.188,0.57,0.39213,269.7,435.7,287.5,419.8,251.7,451.8,811,0.383,8
907,74.467,-13.163,-24.679,-0.598,0.3662,-0.7129,-0.7149,-0.6405,0.2803,-0.354,0.6773,0.6449,25.5,0.0069,0.165,0.749,0.73538,268.5,435.0,286.1,418.9,250.7,451.2,812,0.223,8
908,73.248,-12.452,-26.086,-0.6203,0.3472,-0.7033,-0.7049,-0.647,0.2908,-0.3541,0.6761,0.6462,25.5,0.0081,0.101,0.91,0.8866,267.2,434.3,284.6,418.0,249.7,450.7,813,0.69,8
909,72.004,-11.778,-27.488,-0.6297,0.3303,-0.7031,-0.6932,-0.654,0.303,-0.3597,0.6782,0.6408,25.5,0.0075,0.462,1.048,0.55612,265.9,433.6,283.0,417.2,248.7,450.1,815,0.747,9
910,70.737,-11.134,-28.886,-0.6414,0.3162,-0.699,-0.6803,-0.6612,0.3164,-0.3621,0.6784,0.6392,25.5,0.0061,0.166,1.143,0.53981,264.6,433.0,281.3,416.4,247.8,449.7,816,0.652,9
911,69.446,-10.515,-30.271,-0.6552,0.3056,-0.6908,-0.6665,-0.6684,0.3303,-0.3608,0.6769,0.6416,25.5,0.0043,0.178,1.196,0.55312,263.3,432.3,279.6,415.6,246.8,449.2,817,0.673,9
912,68.125,-9.913,-31.636,-0.6708,0.299,-0.6787,-0.6521,-0.6754,0.3443,-0.3555,0.6736,0.648,25.5,0.0018,0.512,1.219,0.59858,261.9,431.7,277.9,414.9,245.9,448.8,818,0.808,9
913,66.771,-9.32,-32.974,-0.6874,0.2963,-0.6631,-0.6377,-0.6821,0.3578,-0.3463,0.6689,0.6578,25.5,0.001,0.816,1.194,0.65951,260.6,431.2,276.1,414.1,244.8,448.4,819,1.054,9
914,65.388,-8.742,-34.286,-0.701,0.2847,-0.6539,-0.6236,-0.6884,0.3705,-0.3446,0.6674,0.6601,25.5,0.0011,0.185,1.146,0.57801,259.2,430.6,274.4,413.4,243.8,447.9,819,0.939,9
915,63.978,-8.184,-35.579,-0.714,0.2761,-0.6435,-0.6098,-0.6943,0.3822,-0.3413,0.6653,0.6641,25.5,0.0022,0.32,1.09,0.53873,257.7,430.0,272.6,412.7,242.7,447.5,820,0.598,9
916,62.542,-7.64,-36.85,-0.7269,0.2704,-0.6313,-0.5961,-0.7,0.3933,-0.3356,0.6622,0.67,25.5,0.0043,0.502,1.062,0.53609,256.3,429.5,270.8,412.0,241.6,447.1,821,0.184,9
917,61.08,-7.104,-38.094,-0.7403,0.2674,-0.6168,-0.5824,-0.7055,0.4038,-0.3271,0.6582,0.678,25.5,0.0066,0.707,1.038,0.57418,254.8,429.0,268.9,411.4,240.5,446.7,822,0.277,9
918,59.59,-6.572,-39.306,-0.7547,0.2672,-0.5991,-0.5687,-0.7108,0.414,-0.3152,0.6532,0.6885,25.5,0.0088,0.953,1.025,0.656,253.3,428.4,267.1,410.8,239.4,446.3,823,0.761,9
919,58.072,-6.038,-40.48,-0.7695,0.2661,-0.5806,-0.5546,-0.716,0.424,-0.3029,0.6483,0.6986,25.5,0.0099,0.954,1.034,0.68205,251.8,427.9,265.2,410.1,238.2,445.9,823,1.231,9
920,56.524,-5.513,-41.621,-0.7834,0.2614,-0.5639,-0.5402,-0.7211,0.4338,-0.2933,0.6445,0.7062,25.5,0.0099,0.735,1.04,0.63915,250.2,427.4,263.3,409.5,237.0,445.5,824,0.747,9
921,54.948,-4.995,-42.725,-0.7987,0.2588,-0.5433,-0.5253,-0.7262,0.4435,-0.2797,0.6396,0.716,25.5,0.0093,1.001,1.06,0.74152,248.7,426.9,261.4,408.9,235.8,445.1,825,0.287,9
922,53.34,-4.48,-43.783,-0.8156,0.2586,-0.5176,-0.5099,-0.7313,0.453,-0.2614,0.6334,0.7283,25.5,0.0077,1.312,1.077,0.88441,247.1,426.4,259.4,408.3,234.6,444.7,826,0.127,9
923,51.696,-3.963,-44.784,-0.8346,0.2609,-0.4852,-0.4939,-0.7364,0.4624,-0.2367,0.6256,0.7434,25.5,0.0043,1.718,1.103,1.08196,245.4,425.9,257.3,407.6,233.4,444.3,827,0.474,9
924,50.013,-3.442,-45.714,-0.855,0.2602,-0.4486,-0.4772,-0.7415,0.4716,-0.2099,0.6173,0.7582,25.5,0.0035,1.817,1.131,1.20515,243.8,425.4,255.2,407.0,232.1,443.9,828,0.742,9
925,48.289,-2.925,-46.57,-0.8743,0.2593,-0.4104,-0.4598,-0.7467,0.4806,-0.1819,0.6089,0.7721,25.5,0.0111,1.855,1.161,1.23086,242.1,424.9,253.1,406.4,230.9,443.6,829,0.934,9
926,46.53,-2.406,-47.349,-0.8909,0.2616,-0.3712,-0.4417,-0.7521,0.4891,-0.1512,0.5998,0.7857,25.5,0.0152,1.993,1.187,1.22596,240.3,424.3,250.9,405.8,229.6,443.2,830,1.055,9
927,44.741,-1.88,-48.051,-0.904,0.2674,-0.3335,-0.4229,-0.7577,0.4971,-0.1198,0.5905,0.7981,25.5,0.0139,2.006,1.214,1.15977,238.6,423.8,248.7,405.1,228.3,442.8,830,0.938,9
928,42.925,-1.347,-48.674,-0.9183,0.2676,-0.2917,-0.4033,-0.7636,0.5043,-0.0878,0.5809,0.8092,25.5,0.0189,2.017,1.243,1.27035,236.8,423.3,246.4,404.5,227.0,442.4,831,0.886,9
929,41.083,-0.81,-49.214,-0.9295,0.271,-0.2502,-0.3827,-0.7699,0.5107,-0.0542,0.5705,0.8195,25.5,0.0193,2.1,1.288,1.23993,235.0,422.8,244.1,403.8,225.7,442.0,832,0.899,9
930,39.222,-0.264,-49.671,-0.9374,0.2787,-0.2089,-0.361,-0.7769,0.5159,-0.0185,0.559,0.8289,25.499,0.0141,2.216,1.34,1.22917,233.2,422.3,241.8,403.1,224.4,441.7,834,0.884,9
931,37.349,0.303,-50.046,-0.9423,0.2909,-0.1658,-0.338,-0.7847,0.5197,0.0211,0.5457,0.8377,25.499,0.0041,2.446,1.408,1.29573,231.3,421.7,239.4,402.4,223.2,441.3,835,0.689,9
932,35.467,0.893,-50.331,-0.9465,0.2994,-0.1202,-0.3136,-0.7932,0.522,0.0609,0.5318,0.8447,25.499,0.0034,2.449,1.486,1.33935,229.5,421.1,237.0,401.6,221.9,440.9,836,0.438,9
933,33.576,1.492,-50.525,-0.9508,0.3005,-0.0756,-0.2879,-0.8024,0.5227,0.0965,0.5188,0.8494,25.499,0.0069,2.188,1.565,1.28882,227.7,420.5,234.5,400.8,220.7,440.6,837,0.136,9
934,31.677,2.086,-50.633,-0.9548,0.2954,-0.0321,-0.2612,-0.812,0.522,0.1281,0.5068,0.8525,25.499,0.0072,1.945,1.626,1.26465,225.8,420.0,232.0,400.0,219.5,440.2,838,0.206,9
935,29.776,2.682,-50.649,-0.9536,0.3008,0.0154,-0.2338,-0.8217,0.5197,0.169,0.4921,0.854,25.499,0.0162,2.492,1.671,1.3752,224.0,419.4,229.5,399.2,218.3,439.9,839,0.58,9
936,27.875,3.274,-50.575,-0.9551,0.2908,0.0575,-0.2061,-0.8313,0.5163,0.1979,0.4813,0.8539,25.498,0.0152,1.768,1.691,1.24499,222.1,418.8,227.0,398.4,217.2,439.6,841,0.601,9
937,25.968,3.832,-50.424,-0.9594,0.2665,0.0924,-0.1787,-0.8402,0.5119,0.2141,0.4746,0.8538,25.498,0.0052,1.004,1.67,1.22905,220.3,418.3,224.5,397.6,216.0,439.2,842,0.179,9
938,24.051,4.332,-50.21,-0.9635,0.2378,0.1227,-0.1522,-0.8484,0.5071,0.2247,0.4699,0.8536,25.498,0.0071,0.664,1.613,1.20588,218.4,417.8,222.0,396.9,214.8,438.9,843,0.245,9
939,22.131,4.788,-49.933,-0.9627,0.2209,0.1562,-0.127,-0.8557,0.5016,0.2445,0.4631,0.8519,25.498,0.0116,1.203,1.536,1.07919,216.5,417.3,219.5,396.3,213.5,438.7,844,0.662,9
940,20.217,5.22,-49.585,-0.9574,0.2147,0.1932,-0.1034,-0.8624,0.4956,0.2731,0.4545,0.8479,25.498,0.0096,1.726,1.447,1.08942,214.7,416.9,217.1,395.7,212.2,438.4,846,0.562,9
941,18.318,5.649,-49.16,-0.9483,0.2155,0.2332,-0.0817,-0.8686,0.4887,0.3079,0.4444,0.8413,25.498,0.0043,2.11,1.352,1.1798,212.8,416.5,214.7,395.1,210.9,438.2,847,0.234,9
942,16.434,6.064,-48.662,-0.9422,0.2028,0.2667,-0.0622,-0.8745,0.4809,0.3307,0.4366,0.8367,25.499,0.0095,1.406,1.25,1.04495,211.0,416.1,212.4,394.6,209.6,437.9,848,0.046,9
943,14.565,6.465,-48.098,-0.9327,0.2009,0.2996,-0.0447,-0.8804,0.4722,0.3586,0.427,0.8301,25.499,0.0063,1.732,1.17,0.98607,209.2,415.7,210.2,394.0,208.2,437.7,849,0.246,9
944,12.718,6.872,-47.468,-0.9194,0.2091,0.3332,-0.0292,-0.8862,0.4624,0.392,0.4154,0.8209,25.5,0.0044,2.093,1.102,1.06548,207.4,415.3,208.0,393.5,206.7,437.4,850,0.369,9
945,10.904,7.305,-46.769,-0.9017,0.2267,0.368,-0.0155,-0.8921,0.4515,0.4308,0.4015,0.8082,25.501,0.0221,2.471,1.059,1.23158,205.6,414.9,205.9,392.9,205.3,437.1,851,0.396,9
946,9.122,7.769,-46.006,-0.8861,0.2383,0.3976,-0.0035,-0.8983,0.4394,0.4622,0.3882,0.7973,25.502,0.0363,2.051,1.039,1.01821,203.9,414.4,203.9,392.3,203.9,436.9,852,0.313,9
947,7.373,8.251,-45.182,-0.869,0.2452,0.4298,0.007,-0.9045,0.4264,0.4938,0.3739,0.7851,25.503,0.0446,2.107,1.021,1.06691,202.2,414.0,202.0,391.6,202.4,436.5,853,0.111,9
948,5.66,8.743,-44.29,-0.8496,0.2477,0.4656,0.0162,-0.9107,0.4127,0.5269,0.3586,0.7706,25.504,0.0472,2.249,1.01,1.17303,200.5,413.5,200.1,391.0,201.0,436.2,854,0.22,9
949,3.989,9.236,-43.322,-0.8263,0.2457,0.5069,0.0243,-0.9168,0.3985,0.5631,0.3419,0.7523,25.506,0.0433,2.514,1.0,1.36472,198.9,413.0,198.3,390.3,199.5,435.9,855,0.684,9
950,2.368,9.729,-42.275,-0.8008,0.2492,0.5447,0.0313,-0.9227,0.3842,0.5989,0.325,0.7319,25.508,0.0457,2.552,0.973,1.31506,197.3,412.5,196.5,389.7,198.1,435.6,856,1.297,9
951,0.798,10.226,-41.152,-0.7737,0.249,0.5826,0.0373,-0.9284,0.3698,0.6335,0.3081,0.7097,25.509,0.0446,2.547,0.952,1.33982,195.8,412.0,194.9,389.0,196.7,435.2,856,0.696,9
952,-0.716,10.719,-39.954,-0.7464,0.2445,0.619,0.0424,-0.9337,0.3555,0.6654,0.2918,0.6871,25.512,0.0399,2.427,0.921,1.31478,194.3,411.5,193.2,388.4,195.4,434.9,857,0.082,9
953,-2.177,11.198,-38.686,-0.7201,0.2367,0.6523,0.0467,-0.9387,0.3415,0.6935,0.2765,0.6652,25.514,0.0331,2.222,0.887,1.2405,192.9,411.0,191.7,387.8,194.0,434.5,858,1.038,9
954,-3.585,11.665,-37.356,-0.6924,0.2319,0.6832,0.0502,-0.9434,0.3278,0.7209,0.2614,0.6419,25.516,0.0296,2.235,0.854,1.20127,191.5,410.6,190.3,387.1,192.7,434.2,858,0.956,9
955,-4.937,12.122,-35.965,-0.6643,0.2261,0.7124,0.053,-0.9477,0.3146,0.7466,0.2468,0.6178,25.518,0.0254,2.185,0.811,1.17721,190.2,410.1,188.9,386.6,191.5,433.9,859,0.209,10
956,-6.233,12.566,-34.518,-0.6369,0.2196,0.739,0.0551,-0.9518,0.3019,0.7698,0.233,0.5942,25.521,0.021,2.055,0.774,1.11389,188.9,409.7,187.5,386.0,190.2,433.6,860,1.602,10
957,-7.476,12.997,-33.021,-0.6111,0.2127,0.7625,0.0566,-0.9554,0.2897,0.7902,0.2202,0.5719,25.523,0.0169,1.881,0.734,1.0229,187.7,409.2,186.3,385.4,189.1,433.2,860,0.391,10
958,-8.67,13.414,-31.481,-0.587,0.2056,0.7831,0.0575,-0.9588,0.2782,0.8081,0.2083,0.551,25.526,0.013,1.718,0.689,0.93407,186.5,408.8,185.1,384.9,187.9,432.9,861,1.256,10
959,-9.816,13.817,-29.902,-0.5636,0.1994,0.8016,0.0579,-0.9619,0.2672,0.8244,0.197,0.5306,25.529,0.0102,1.63,0.655,0.87611,185.3,408.4,183.9,384.4,186.8,432.6,861,0.737,10
960,-10.917,14.209,-28.287,-0.5413,0.1943,0.8181,0.0579,-0.9647,0.2569,0.8391,0.1864,0.511,25.531,0.0086,1.53,0.612,0.81086,184.3,408.0,182.8,383.9,185.7,432.3,862,1.174,10
961,-11.974,14.592,-26.642,-0.5202,0.1901,0.8326,0.0575,-0.9672,0.2472,0.8524,0.1765,0.4923,25.534,0.008,1.432,0.574,0.74607,183.2,407.6,181.8,383.4,184.6,432.0,862,0.818,10
962,-12.991,14.967,-24.97,-0.5004,0.1868,0.8454,0.0569,-0.9696,0.2381,0.8642,0.1673,0.4745,25.537,0.0083,1.332,0.54,0.68453,182.2,407.2,180.8,382.9,183.6,431.7,863,1.365,10
963,-13.97,15.336,-23.274,-0.4822,0.1833,0.8567,0.056,-0.9717,0.2297,0.8745,0.1588,0.4583,25.539,0.0083,1.203,0.499,0.62414,181.2,406.9,179.8,382.5,182.6,431.4,863,0.628,10
964,-14.914,15.698,-21.557,-0.4655,0.1792,0.8667,0.055,-0.9735,0.2218,0.8835,0.1509,0.4433,25.542,0.0078,1.1,0.468,0.57191,180.3,406.5,178.9,382.0,181.6,431.1,864,1.834,10
965,-15.826,16.051,-19.82,-0.4496,0.1758,0.8758,0.0538,-0.9752,0.2145,0.8918,0.1436,0.429,25.544,0.0078,1.036,0.435,0.5356,179.3,406.1,178.0,381.6,180.7,430.8,864,0.159,10
966,-16.706,16.399,-18.067,-0.4343,0.1729,0.884,0.0526,-0.9767,0.2079,0.8994,0.1367,0.4151,25.546,0.0079,0.99,0.394,0.50608,178.5,405.8,177.2,381.2,179.7,430.5,864,2.152,10
967,-17.557,16.741,-16.298,-0.4197,0.1707,0.8915,0.0512,-0.9781,0.2018,0.9064,0.1303,0.4018,25.548,0.0085,0.936,0.367,0.47617,177.6,405.4,176.4,380.8,178.9,430.2,865,0.595,10
968,-18.379,17.079,-14.514,-0.4056,0.1689,0.8983,0.0497,-0.9793,0.1962,0.9129,0.1243,0.3888,25.549,0.0093,0.901,0.339,0.45304,176.8,405.1,175.6,380.4,178.0,429.9,865,1.398,10
969,-19.174,17.414,-12.718,-0.3921,0.1675,0.9045,0.0482,-0.9804,0.1913,0.9189,0.1186,0.3763,25.551,0.0101,0.859,0.3,0.42902,176.0,404.7,174.8,379.9,177.1,429.6,866,1.64,10
970,-19.942,17.747,-10.909,-0.3791,0.1665,0.9103,0.0467,-0.9813,0.1868,0.9244,0.1134,0.3642,25.552,0.011,0.818,0.277,0.41028,175.2,404.4,174.0,379.5,176.3,429.3,866,0.353,10
971,-20.683,18.076,-9.089,-0.3639,0.1637,0.9169,0.0452,-0.9821,0.183,0.9305,0.1081,0.35,25.554,0.0094,0.936,0.239,0.48324,174.4,404.0,173.3,379.2,175.5,429.0,866,2.346,10
972,-21.394,18.4,-7.255,-0.35,0.161,0.9228,0.0438,-0.9828,0.1796,0.9359,0.1033,0.3369,25.555,0.0078,0.857,0.214,0.441,173.7,403.7,172.6,378.8,174.8,428.7,867,0.987,10
973,-22.079,18.718,-5.412,-0.338,0.1589,0.9276,0.0423,-0.9833,0.1768,0.9403,0.099,0.3257,25.556,0.0065,0.732,0.184,0.37655,173.0,403.3,172.0,378.4,174.0,428.4,867,1.007,10
974,-22.742,19.034,-3.559,-0.3279,0.1575,0.9315,0.0409,-0.9838,0.1744,0.9439,0.0953,0.3162,25.556,0.0059,0.619,0.162,0.31386,172.3,403.0,171.3,378.0,173.3,428.1,868,2.627,10
975,-23.387,19.347,-1.699,-0.3193,0.1566,0.9346,0.0395,-0.9842,0.1726,0.9469,0.092,0.3081,25.557,0.0054,0.53,0.133,0.26404,171.6,402.7,170.7,377.7,172.6,427.8,868,0.637,10
976,-24.016,19.658,0.166,-0.3121,0.1562,0.9371,0.0382,-0.9845,0.1712,0.9493,0.0892,0.3014,25.557,0.0053,0.438,0.111,0.21942,171.0,402.3,170.1,377.3,171.9,427.5,868,1.363,10
977,-24.632,19.969,2.036,-0.3062,0.1562,0.939,0.0369,-0.9847,0.1702,0.9513,0.0867,0.2958,25.557,0.0053,0.37,0.095,0.17823,170.3,402.0,169.5,376.9,171.2,427.2,869,2.567,10
978,-25.238,20.281,3.908,-0.3015,0.1567,0.9405,0.0356,-0.9849,0.1696,0.9529,0.0846,0.2913,25.557,0.0056,0.299,0.083,0.14257,169.7,401.7,168.9,376.6,170.6,426.9,869,0.577,10
979,-25.834,20.594,5.784,-0.2978,0.1576,0.9415,0.0344,-0.9849,0.1695,0.9541,0.0828,0.2879,25.557,0.0059,0.231,0.069,0.1132,169.1,401.3,168.3,376.2,169.9,426.6,869,1.422,10
980,-26.425,20.91,7.661,-0.2951,0.1589,0.9422,0.0332,-0.9849,0.1697,0.955,0.0814,0.2854,25.557,0.0064,0.172,0.07,0.08845,168.5,401.0,167.7,375.8,169.3,426.3,870,2.73,10
981,-27.011,21.228,9.539,-0.2933,0.1605,0.9425,0.0321,-0.9849,0.1702,0.9556,0.0802,0.2837,25.557,0.0071,0.124,0.069,0.06977,167.8,400.7,167.1,375.5,168.6,426.0,870,0.737,10
982,-27.588,21.547,11.417,-0.2842,0.1597,0.9454,0.0311,-0.9848,0.1712,0.9583,0.0781,0.2749,25.556,0.0043,0.541,0.081,0.27586,167.2,400.3,166.5,375.1,168.0,425.7,870,1.254,10
983,-28.145,21.864,13.306,-0.2752,0.1585,0.9482,0.0301,-0.9846,0.1724,0.9609,0.076,0.2661,25.556,0.0009,0.539,0.09,0.27289,166.6,400.0,165.9,374.7,167.4,425.3,871,3.027,10
984,-28.686,22.179,15.197,-0.2682,0.1579,0.9503,0.0293,-0.9843,0.174,0.9629,0.0745,0.2594,25.555,0.0021,0.41,0.104,0.21094,166.1,399.6,165.4,374.4,166.8,425.0,871,1.036,10
985,-29.215,22.494,17.093,-0.2628,0.1576,0.9519,0.0284,-0.984,0.1759,0.9644,0.0733,0.2542,25.554,0.0049,0.318,0.122,0.16213,165.5,399.3,164.8,374.0,166.2,424.7,871,0.959,10
986,-29.735,22.808,18.992,-0.2589,0.1577,0.9529,0.0277,-0.9836,0.1782,0.9654,0.0725,0.2503,25.553,0.0075,0.235,0.14,0.11572,164.9,398.9,164.3,373.7,165.6,424.4,871,2.952,10
987,-30.248,23.123,20.892,-0.2562,0.1581,0.9536,0.0271,-0.9831,0.1808,0.9662,0.0721,0.2476,25.552,0.01,0.163,0.156,0.08102,164.4,398.6,163.8,373.3,165.0,424.0,872,1.37,10
988,-30.757,23.439,22.793,-0.2546,0.1589,0.9539,0.0265,-0.9826,0.1837,0.9666,0.0721,0.2459,25.551,0.0123,0.1,0.172,0.05214,163.8,398.3,163.2,373.0,164.5,423.7,872,0.624,10
989,-31.263,23.756,24.694,-0.254,0.1601,0.9539,0.0261,-0.982,0.187,0.9667,0.0724,0.2453,25.55,0.0145,0.039,0.194,0.03855,163.3,397.9,162.7,372.6,163.9,423.4,872,2.617,10
990,-31.77,24.077,26.595,-0.2546,0.1616,0.9535,0.0257,-0.9813,0.1907,0.9666,0.0731,0.2457,25.549,0.0167,0.046,0.217,0.04784,162.8,397.6,162.2,372.3,163.3,423.0,873,1.646,10
991,-32.279,24.401,28.494,-0.2563,0.1635,0.9527,0.0255,-0.9805,0.1946,0.9661,0.0742,0.2472,25.547,0.0185,0.11,0.228,0.07683,162.2,397.2,161.6,371.9,162.8,422.7,873,0.347,10
992,-32.793,24.729,30.393,-0.2593,0.166,0.9514,0.0253,-0.9797,0.1989,0.9653,0.0757,0.2499,25.546,0.02,0.183,0.251,0.11823,161.6,396.8,161.1,371.5,162.2,422.3,873,2.341,10
993,-33.314,25.063,32.287,-0.2639,0.169,0.9496,0.0253,-0.9787,0.2036,0.9641,0.0778,0.254,25.544,0.0213,0.273,0.275,0.1662,161.1,396.5,160.5,371.2,161.6,421.9,874,1.771,10
994,-33.846,25.403,34.177,-0.2702,0.1729,0.9471,0.0254,-0.9777,0.2086,0.9623,0.0805,0.2599,25.543,0.0217,0.386,0.292,0.2249,160.5,396.1,159.9,370.8,161.1,421.6,874,0.222,10
995,-34.393,25.753,36.063,-0.2791,0.1778,0.9437,0.0257,-0.9765,0.2139,0.9598,0.0839,0.268,25.541,0.0211,0.523,0.312,0.30771,159.9,395.7,159.3,370.4,160.5,421.2,874,2.216,10
996,-34.959,26.112,37.937,-0.2871,0.1829,0.9403,0.026,-0.9752,0.2196,0.9574,0.0875,0.2753,25.54,0.0207,0.486,0.335,0.29008,159.3,395.3,158.7,370.0,159.9,420.8,875,1.652,10
997,-35.532,26.48,39.81,-0.2879,0.1859,0.9394,0.0265,-0.9739,0.2256,0.9571,0.0899,0.2756,25.538,0.0233,0.14,0.353,0.09293,158.7,394.9,158.1,369.7,159.2,420.3,875,0.343,10
998,-36.107,26.854,41.681,-0.2903,0.1894,0.938,0.0272,-0.9723,0.2321,0.9563,0.0929,0.2772,25.536,0.0257,0.2,0.386,0.12848,158.0,394.5,157.5,369.3,158.6,419.9,875,2.334,10
999,-36.69,27.235,43.548,-0.2945,0.1935,0.9359,0.028,-0.9706,0.239,0.955,0.0966,0.2806,25.535,0.0276,0.297,0.41,0.1792,157.4,394.1,156.8,368.9,158.0,419.5,876,1.193,10
1000,-37.282,27.625,45.41,-0.3008,0.1982,0.9329,0.029,-0.9688,0.2463,0.9529,0.1012,0.2858,25.533,0.029,0.416,0.435,0.24194,156.8,393.7,156.1,368.5,157.4,419.0,876,0.803,10
1001,-37.89,28.026,47.265,-0.3094,0.2037,0.9288,0.0302,-0.9667,0.2543,0.9501,0.1068,0.2931,25.531,0.0299,0.551,0.479,0.3163,156.1,393.2,155.4,368.1,156.7,418.6,877,2.302,10
1002,-38.518,28.438,49.111,-0.3208,0.21,0.9236,0.0316,-0.9643,0.2628,0.9462,0.1136,0.3029,25.529,0.0301,0.719,0.512,0.40316,155.4,392.8,154.7,367.7,156.1,418.1,877,0.31,10
1003,-39.171,28.863,50.946,-0.3352,0.2172,0.9168,0.0333,-0.9617,0.2719,0.9412,0.1217,0.3153,25.527,0.0292,0.896,0.551,0.50245,154.7,392.3,154.0,367.2,155.4,417.5,877,1.685,10
1004,-39.856,29.304,52.764,-0.353,0.2252,0.9081,0.0352,-0.9589,0.2817,0.9346,0.1314,0.3306,25.526,0.0274,1.105,0.594,0.61435,153.9,391.8,153.2,366.8,154.7,417.0,878,0.985,10
1005,-40.578,29.762,54.564,-0.3703,0.2349,0.8987,0.0373,-0.9556,0.2922,0.9278,0.1418,0.3452,25.524,0.0243,1.098,0.642,0.63113,153.2,391.3,152.4,366.4,154.0,416.4,878,1.008,10
1006,-41.332,30.24,56.346,-0.3868,0.245,0.889,0.0397,-0.952,0.3035,0.9209,0.1527,0.3586,25.522,0.0212,1.066,0.693,0.62226,152.3,390.8,151.5,365.9,153.2,415.8,879,1.262,10
1007,-42.12,30.738,58.107,-0.4049,0.2546,0.8782,0.0423,-0.948,0.3155,0.913,0.165,0.3731,25.52,0.0186,1.18,0.74,0.6659,151.5,390.2,150.6,365.5,152.4,415.2,879,0.731,10
1008,-42.947,31.255,59.845,-0.4245,0.2632,0.8663,0.0451,-0.9435,0.3282,0.9039,0.1784,0.3887,25.518,0.0168,1.289,0.788,0.70414,150.6,389.7,149.6,365.0,151.6,414.5,880,1.176,10
1009,-43.813,31.786,61.559,-0.445,0.2703,0.8537,0.048,-0.9386,0.3416,0.8938,0.1931,0.4048,25.516,0.0166,1.377,0.834,0.72145,149.6,389.1,148.6,364.6,150.7,413.8,880,0.817,10
1010,-44.72,32.331,63.247,-0.466,0.2755,0.8408,0.051,-0.9332,0.3558,0.8828,0.2088,0.4209,25.514,0.0183,1.434,0.887,0.72425,148.7,388.5,147.5,364.1,149.8,413.1,881,0.761,10
1011,-45.671,32.89,64.908,-0.4878,0.2862,0.8247,0.0541,-0.9272,0.3707,0.8708,0.2254,0.4368,25.512,0.014,1.486,0.937,0.83774,147.6,387.9,146.5,363.7,148.8,412.4,881,1.232,10
1012,-46.666,33.47,66.534,-0.5115,0.2954,0.8069,0.057,-0.9206,0.3862,0.857,0.2435,0.4541,25.51,0.0105,1.638,0.979,0.89232,146.5,387.2,145.3,363.2,147.8,411.6,882,0.051,10
1013,-47.71,34.064,68.123,-0.537,0.3008,0.7882,0.0595,-0.9136,0.4023,0.8411,0.2629,0.4727,25.508,0.0103,1.789,1.016,0.92241,145.4,386.6,144.1,362.7,146.7,410.7,883,1.07,10
1014,-48.807,34.666,69.674,-0.5639,0.3018,0.7687,0.0615,-0.906,0.4188,0.8229,0.2834,0.4924,25.506,0.0138,1.934,1.047,0.95577,144.2,385.9,142.9,362.3,145.6,409.9,883,0.923,10
1015,-49.958,35.265,71.187,-0.5915,0.3007,0.7482,0.0627,-0.898,0.4356,0.803,0.3046,0.5123,25.505,0.0188,2.019,1.068,0.98904,143.0,385.3,141.7,361.8,144.3,409.0,884,0.137,10
1016,-51.164,35.867,72.654,-0.6188,0.303,0.7247,0.0628,-0.8895,0.4527,0.7819,0.3257,0.5315,25.503,0.0197,2.033,1.094,1.03783,141.7,384.6,140.4,361.4,143.0,408.2,885,0.445,10
1017,-52.426,36.472,74.074,-0.6472,0.3036,0.6992,0.0617,-0.8805,0.47,0.7585,0.3474,0.5513,25.502,0.0214,2.152,1.119,1.0977,140.3,384.0,139.1,361.0,141.6,407.3,886,0.845,10
1018,-53.745,37.076,75.439,-0.6775,0.3023,0.6706,0.059,-0.8711,0.4876,0.7317,0.37,0.5725,25.501,0.0237,2.348,1.154,1.19869,138.9,383.3,137.7,360.6,140.1,406.4,887,1.08,10
1019,-55.128,37.674,76.744,-0.7104,0.2974,0.6379,0.0546,-0.8612,0.5053,0.6999,0.3939,0.5958,25.5,0.0274,2.642,1.189,1.34114,137.4,382.6,136.4,360.2,138.4,405.5,887,0.913,10
1020,-56.576,38.262,77.979,-0.7436,0.293,0.601,0.0483,-0.8508,0.5232,0.6649,0.4183,0.6188,25.499,0.0292,2.777,1.24,1.43309,135.9,382.0,135.0,359.8,136.7,404.5,888,0.826,10
1021,-58.089,38.846,79.137,-0.774,0.2941,0.5607,0.0404,-0.84,0.5411,0.6304,0.4416,0.6384,25.499,0.0251,2.637,1.281,1.45206,134.2,381.4,133.7,359.5,134.8,403.6,889,0.873,10
1022,-59.658,39.438,80.213,-0.7995,0.3009,0.5199,0.031,-0.8286,0.559,0.5991,0.4631,0.6531,25.499,0.0165,2.333,1.33,1.39731,132.6,380.7,132.3,359.1,132.9,402.7,891,0.684,10
1023,-61.276,40.041,81.208,-0.8243,0.3039,0.4776,0.0206,-0.8167,0.5768,0.5654,0.4853,0.667,25.498,0.0103,2.446,1.364,1.4127,130.8,380.1,130.8,358.8,130.8,401.7,892,0.319,10
1024,-62.943,40.648,82.116,-0.8481,0.3045,0.4337,0.0101,-0.8045,0.5939,0.5297,0.508,0.6792,25.498,0.004,2.523,1.346,1.43609,129.0,379.4,129.4,358.5,128.7,400.7,893,0.131,10
1025,-64.655,41.253,82.936,-0.87,0.3025,0.3893,0.0007,-0.7924,0.61,0.493,0.531,0.6892,25.498,0.0028,2.547,1.273,1.42486,127.2,378.8,127.8,358.2,126.6,399.7,894,0.652,10
1026,-66.406,41.866,83.664,-0.8862,0.3141,0.3406,-0.0065,-0.7807,0.6249,0.4623,0.5518,0.6941,25.498,0.0266,2.143,1.161,1.51316,125.4,378.1,126.2,357.8,124.5,398.8,896,0.127,10
1027,-68.188,42.49,84.299,-0.9028,0.3093,0.2988,-0.0117,-0.7695,0.6386,0.4277,0.5734,0.6988,25.499,0.0366,2.353,1.057,1.30061,123.5,377.4,124.4,357.4,122.5,397.8,897,0.54,10
1028,-70.006,43.084,84.86,-0.9217,0.2823,0.2659,-0.0156,-0.7587,0.6513,0.3857,0.5964,0.7039,25.499,0.0266,2.759,0.981,1.33918,121.5,376.8,122.6,357.1,120.4,396.8,899,0.066,10
1029,-71.862,43.603,85.364,-0.9402,0.242,0.2397,-0.0189,-0.7482,0.6633,0.3399,0.6191,0.708,25.499,0.0043,2.938,0.933,1.48118,119.6,376.2,120.8,356.8,118.3,396.0,900,0.634,10
1030,-73.748,44.064,85.813,-0.9527,0.219,0.2108,-0.0219,-0.738,0.6745,0.3033,0.6379,0.7079,25.499,0.0014,2.358,0.885,1.12123,117.6,375.7,118.9,356.6,116.2,395.2,902,0.03,10
1031,-75.66,44.471,86.202,-0.9656,0.1884,0.1793,-0.0246,-0.7287,0.6844,0.2596,0.6565,0.7083,25.499,0.0092,2.721,0.793,1.3162,115.5,375.3,117.0,356.4,114.0,394.5,903,0.611,10
1032,-77.596,44.81,86.526,-0.9778,0.151,0.1455,-0.0267,-0.7209,0.6925,0.2095,0.6734,0.709,25.5,0.018,3.03,0.655,1.49149,113.5,374.9,115.0,356.3,111.9,393.9,905,0.273,10
1033,-79.555,45.069,86.781,-0.9878,0.11,0.1102,-0.0279,-0.7152,0.6984,0.1557,0.687,0.7097,25.5,0.0259,3.18,0.475,1.58249,111.4,374.6,113.0,356.2,109.8,393.5,906,0.191,10
1034,-81.53,45.255,86.969,-0.9938,0.0775,0.0795,-0.0281,-0.7119,0.7017,0.111,0.6954,0.71,25.5,0.0285,2.606,0.268,1.29698,109.3,374.4,111.0,356.1,107.7,393.2,907,0.581,10
1035,-83.515,45.381,87.101,-0.9974,0.0487,0.0533,-0.0269,-0.711,0.7027,0.0721,0.6998,0.7107,25.5,0.0297,2.244,0.103,1.12419,107.2,374.3,108.9,355.9,105.6,393.1,908,0.885,10
1036,-85.505,45.45,87.183,-0.9994,0.0203,0.0287,-0.0243,-0.7122,0.7016,0.0347,0.7008,0.7126,25.5,0.03,2.146,0.176,1.08176,105.1,374.2,106.7,355.8,103.5,393.0,910,0.804,10
1037,-87.498,45.46,87.215,-0.9999,-0.0108,0.0031,-0.0198,-0.7153,0.6985,-0.0053,0.6987,0.7154,25.5,0.0297,2.301,0.36,1.15827,103.0,374.2,104.5,355.7,101.5,393.1,911,0.82,11
1038,-89.489,45.403,87.19,-0.9985,-0.0462,-0.0296,-0.0134,-0.7201,0.6937,-0.0534,0.6933,0.7187,25.5,0.0261,2.78,0.535,1.38656,101.0,374.3,102.3,355.7,99.6,393.3,912,0.954,11
1039,-91.476,45.275,87.098,-0.9946,-0.0827,-0.0623,-0.0052,-0.7264,0.6873,-0.1021,0.6841,0.7222,25.5,0.0224,2.847,0.697,1.41374,98.9,374.4,100.0,355.6,97.7,393.6,912,1.039,11
1040,-93.452,45.073,86.946,-0.9888,-0.1196,-0.0896,0.0045,-0.7338,0.6794,-0.1471,0.6715,0.7263,25.5,0.0224,2.688,0.833,1.3304,96.8,374.6,97.7,355.6,95.9,394.0,913,0.784,11
1041,-95.416,44.798,86.745,-0.9815,-0.156,-0.1106,0.0152,-0.7421,0.6701,-0.1867,0.6563,0.731,25.5,0.0267,2.445,0.941,1.2265,94.8,374.9,95.3,355.7,94.2,394.5,914,0.403,11
1042,-97.363,44.45,86.505,-0.972,-0.1941,-0.1325,0.0265,-0.751,0.6597,-0.2277,0.638,0.7355,25.5,0.0326,2.586,1.017,1.29292,92.7,375.3,93.0,355.8,92.4,395.2,915,0.117,11
1043,-99.288,44.024,86.216,-0.9596,-0.2331,-0.1576,0.0383,-0.7604,0.6483,-0.2711,0.6165,0.7392,25.5,0.0383,2.784,1.083,1.38056,90.7,375.8,90.7,356.0,90.7,395.9,916,0.783,11
1044,-101.187,43.524,85.879,-0.9462,-0.2688,-0.1801,0.0501,-0.77,0.636,-0.31,0.5934,0.7428,25.5,0.045,2.601,1.121,1.2732,88.7,376.3,88.4,356.3,89.1,396.7,916,1.21,11
1045,-103.059,42.956,85.5,-0.9332,-0.2994,-0.1987,0.0619,-0.7796,0.6232,-0.342,0.57,0.7471,25.5,0.0518,2.285,1.139,1.09543,86.8,376.9,86.2,356.6,87.5,397.5,917,0.38,11
1046,-104.903,42.323,85.088,-0.917,-0.3362,-0.2148,0.0734,-0.7891,0.6099,-0.3754,0.5447,0.7499,25.5,0.067,2.406,1.145,1.2454,84.9,377.6,83.9,357.0,85.9,398.5,918,0.628,11
1047,-106.715,41.623,84.643,-0.9017,-0.3646,-0.2325,0.0845,-0.7984,0.5962,-0.4042,0.5195,0.7528,25.5,0.0763,2.199,1.142,1.05805,83.0,378.3,81.8,357.5,84.3,399.5,918,1.365,11
1048,-108.498,40.877,84.161,-0.8888,-0.3831,-0.2514,0.0952,-0.8074,0.5822,-0.4273,0.4951,0.7565,25.5,0.0783,1.937,1.134,0.8461,81.2,379.1,79.6,358.1,82.8,400.5,919,0.173,11
1049,-110.26,40.102,83.641,-0.8788,-0.3926,-0.271,0.1055,-0.8164,0.5678,-0.4454,0.4717,0.7609,25.5,0.0739,1.714,1.138,0.68909,79.4,379.9,77.5,358.6,81.2,401.6,920,1.188,11
1050,-112.0,39.309,83.083,-0.8669,-0.4078,-0.2868,0.1153,-0.8251,0.5531,-0.4636,0.4478,0.7646,25.5,0.0779,1.734,1.128,0.71729,77.6,380.8,75.5,359.2,79.7,402.7,920,0.805,11
1051,-113.715,38.48,82.498,-0.855,-0.4227,-0.3004,0.1246,-0.8337,0.538,-0.4796,0.4241,0.7682,25.5,0.0843,1.651,1.129,0.67345,75.8,381.7,73.5,359.9,78.2,403.8,921,0.701,11
1052,-115.41,37.629,81.885,-0.8458,-0.4305,-0.3152,0.1334,-0.8421,0.5226,-0.4922,0.4014,0.7724,25.5,0.085,1.507,1.124,0.54886,74.1,382.6,71.5,360.6,76.7,404.9,921,1.292,11
1053,-117.088,36.768,81.241,-0.8384,-0.4325,-0.3316,0.1418,-0.8503,0.5068,-0.5028,0.3791,0.7768,25.5,0.0808,1.437,1.128,0.52048,72.4,383.5,69.5,361.2,75.3,406.1,922,0.338,11
1054,-118.753,35.908,80.562,-0.8326,-0.4288,-0.3505,0.1496,-0.8584,0.4906,-0.5126,0.357,0.7809,25.5,0.0716,1.405,1.13,0.57827,70.7,384.4,67.6,361.9,73.8,407.2,922,1.655,11
1055,-120.407,35.061,79.842,-0.8262,-0.4241,-0.3707,0.1569,-0.8664,0.4741,-0.5233,0.3342,0.7839,25.5,0.0621,1.453,1.131,0.62415,69.0,385.3,65.7,362.6,72.3,408.3,923,0.077,11
1056,-122.044,34.212,79.087,-0.8169,-0.4273,-0.3875,0.1637,-0.8742,0.4572,-0.5351,0.3106,0.7856,25.5,0.0627,1.515,1.135,0.55971,67.3,386.2,63.9,363.3,70.9,409.4,924,1.885,11
1057,-123.664,33.361,78.297,-0.809,-0.4263,-0.4047,0.1701,-0.8818,0.44,-0.5454,0.2876,0.7873,25.5,0.0602,1.447,1.138,0.54491,65.7,387.1,62.0,364.0,69.4,410.6,924,0.11,11
1058,-125.269,32.516,77.473,-0.8024,-0.4213,-0.4227,0.1758,-0.8892,0.4224,-0.5547,0.265,0.7887,25.5,0.055,1.403,1.142,0.56965,64.1,388.0,60.3,364.7,68.0,411.7,925,1.758,11
1059,-126.862,31.685,76.612,-0.7969,-0.4119,-0.4418,0.1811,-0.8964,0.4046,-0.5633,0.2427,0.7898,25.5,0.0462,1.371,1.141,0.6322,62.5,388.9,58.5,365.4,66.5,412.7,925,0.237,11
1060,-128.446,30.877,75.711,-0.7925,-0.3979,-0.4622,0.1859,-0.9033,0.3866,-0.5716,0.2206,0.7903,25.5,0.0334,1.353,1.138,0.72251,60.9,389.8,56.8,366.0,65.1,413.8,926,1.668,11
1061,-130.018,30.093,74.77,-0.7846,-0.3894,-0.4824,0.1901,-0.9101,0.3683,-0.5827,0.1974,0.7884,25.5,0.0276,1.478,1.144,0.66982,59.3,390.6,55.0,366.7,63.7,414.8,926,0.326,11
1062,-131.574,29.326,73.789,-0.7768,-0.3798,-0.5023,0.1937,-0.9165,0.3499,-0.5934,0.1745,0.7858,25.5,0.0219,1.456,1.135,0.67373,57.8,391.4,53.4,367.3,62.3,415.8,927,1.602,11
1063,-133.114,28.58,72.769,-0.7697,-0.3689,-0.5211,0.1969,-0.9227,0.3314,-0.6032,0.1525,0.7829,25.5,0.0161,1.39,1.133,0.65734,56.3,392.2,51.7,368.0,60.9,416.7,927,0.391,11
1064,-134.642,27.856,71.713,-0.7634,-0.3569,-0.5383,0.1995,-0.9286,0.3128,-0.6116,0.1314,0.7802,25.5,0.0107,1.31,1.128,0.62965,54.8,393.0,50.1,368.6,59.4,417.6,928,1.562,11
1065,-136.158,27.158,70.625,-0.7583,-0.3445,-0.5534,0.2017,-0.9342,0.2942,-0.6184,0.1115,0.7779,25.5,0.0061,1.212,1.12,0.58064,53.3,393.7,48.6,369.2,58.0,418.5,928,0.431,11
1066,-137.662,26.482,69.506,-0.7511,-0.3341,-0.5693,0.2033,-0.9395,0.2757,-0.627,0.0913,0.7736,25.5,0.0042,1.282,1.106,0.58414,51.8,394.5,47.0,369.7,56.6,419.4,929,1.548,11
1067,-139.152,25.826,68.356,-0.7441,-0.3234,-0.5845,0.2045,-0.9444,0.2574,-0.6353,0.072,0.7689,25.5,0.0028,1.234,1.088,0.57112,50.4,395.2,45.5,370.3,55.2,420.2,929,0.445,11
1068,-140.628,25.193,67.177,-0.7379,-0.3121,-0.5984,0.2053,-0.949,0.2393,-0.6426,0.0537,0.7643,25.5,0.0015,1.159,1.071,0.54509,48.9,395.8,44.0,370.9,53.9,421.0,930,1.561,11
1069,-142.093,24.582,65.972,-0.7325,-0.3005,-0.6108,0.2057,-0.9532,0.2217,-0.6488,0.0367,0.76,25.5,0.0003,1.066,1.037,0.51231,47.5,396.5,42.6,371.4,52.5,421.7,930,0.432,11
1070,-143.548,23.995,64.744,-0.728,-0.2888,-0.6218,0.2058,-0.957,0.2046,-0.6541,0.0209,0.7561,25.5,0.0007,0.981,1.004,0.47953,46.1,397.1,41.1,371.9,51.1,422.4,931,1.598,11
1071,-144.996,23.431,63.495,-0.7238,-0.2777,-0.6316,0.2057,-0.9604,0.1881,-0.6588,0.0062,0.7523,25.5,0.001,0.911,0.965,0.44247,44.7,397.7,39.7,372.5,49.7,423.1,931,0.395,11
1072,-146.432,22.887,62.225,-0.7178,-0.2686,-0.6423,0.2052,-0.9634,0.1723,-0.6651,-0.0081,0.7467,25.5,0.0008,0.951,0.922,0.4392,43.3,398.3,38.3,373.0,48.4,423.7,932,1.656,11
1073,-147.857,22.361,60.936,-0.7126,-0.259,-0.652,0.2046,-0.9661,0.1574,-0.6707,-0.0213,0.7415,25.5,0.0018,0.874,0.868,0.41991,42.0,398.9,36.9,373.5,47.0,424.4,932,0.337,11
1074,-149.273,21.855,59.628,-0.7082,-0.2492,-0.6605,0.2038,-0.9685,0.1432,-0.6754,-0.0332,0.7367,25.5,0.0024,0.783,0.826,0.39387,40.6,399.4,35.6,374.0,45.7,424.9,933,1.731,11
1075,-150.68,21.368,58.304,-0.7047,-0.2393,-0.6679,0.2029,-0.9706,0.1298,-0.6793,-0.044,0.7325,25.5,0.0026,0.701,0.779,0.36938,39.3,399.9,34.2,374.4,44.3,425.5,933,0.261,11
1076,-152.082,20.901,56.966,-0.7019,-0.2296,-0.6742,0.2018,-0.9724,0.1172,-0.6825,-0.0538,0.7289,25.5,0.0026,0.626,0.732,0.34209,37.9,400.4,32.9,374.9,43.0,426.0,934,1.819,11
1077,-153.478,20.453,55.617,-0.6999,-0.22,-0.6795,0.2006,-0.974,0.1055,-0.685,-0.0625,0.7258,25.5,0.0022,0.548,0.68,0.32055,36.6,400.9,31.6,375.3,41.7,426.5,934,0.174,11
1078,-154.872,20.024,54.259,-0.6981,-0.2107,-0.6843,0.1993,-0.9754,0.0945,-0.6873,-0.0704,0.7229,25.5,0.0017,0.5,0.64,0.30538,35.3,401.4,30.3,375.8,40.3,427.0,935,1.912,11
1079,-156.259,19.613,52.887,-0.6938,-0.2015,-0.6914,0.1979,-0.9766,0.0844,-0.6923,-0.0783,0.7174,25.5,0.0011,0.621,0.588,0.35617,34.0,401.8,29.0,376.2,39.0,427.5,935,0.083,11
1080,-157.637,19.22,51.504,-0.6903,-0.1934,-0.6972,0.1965,-0.9776,0.0751,-0.6961,-0.0851,0.7129,25.5,0.0011,0.515,0.542,0.30366,32.7,402.2,27.7,376.6,37.7,427.9,936,1.983,11
1081,-159.011,18.842,50.11,-0.6877,-0.1863,-0.7017,0.195,-0.9785,0.0666,-0.699,-0.0911,0.7093,25.5,0.0015,0.434,0.497,0.25291,31.4,402.6,26.5,377.0,36.4,428.3,936,0.029,11
1082,-160.379,18.477,48.708,-0.6858,-0.18,-0.7052,0.1936,-0.9793,0.0588,-0.7012,-0.0962,0.7065,25.5,0.002,0.356,0.456,0.21431,30.2,403.0,25.2,377.4,35.1,428.7,937,2.0,11
1083,-161.744,18.124,47.3,-0.6846,-0.1743,-0.7078,0.1921,-0.98,0.0517,-0.7027,-0.1006,0.7044,25.5,0.0027,0.292,0.418,0.18339,28.9,403.4,24.0,377.8,33.8,429.1,937,0.041,11
1084,-163.108,17.782,45.887,-0.6839,-0.1693,-0.7096,0.1907,-0.9806,0.0453,-0.7035,-0.1044,0.7029,25.5,0.0035,0.238,0.377,0.15406,27.6,403.8,22.7,378.1,32.5,429.4,938,1.927,11
1085,-164.471,17.449,44.472,-0.6838,-0.1648,-0.7108,0.1894,-0.9811,0.0395,-0.7039,-0.1076,0.7021,25.5,0.0041,0.19,0.342,0.13396,26.4,404.1,21.5,378.5,31.2,429.8,938,0.078,11
1086,-165.834,17.124,43.054,-0.6843,-0.1608,-0.7113,0.1881,-0.9815,0.0343,-0.7037,-0.1103,0.7019,25.5,0.0047,0.156,0.308,0.11677,25.1,404.5,20.3,378.8,29.9,430.1,939,1.73,11
1087,-167.198,16.807,41.637,-0.6852,-0.1572,-0.7112,0.1869,-0.9819,0.0298,-0.703,-0.1125,0.7022,25.5,0.0051,0.133,0.268,0.10671,23.8,404.8,19.0,379.2,28.6,430.4,939,0.264,11
1088,-168.564,16.498,40.221,-0.6864,-0.1539,-0.7108,0.1859,-0.9822,0.0257,-0.7021,-0.1144,0.7028,25.5,0.0053,0.125,0.242,0.10168,22.6,405.1,17.8,379.5,27.4,430.7,940,1.374,11
1089,-169.932,16.195,38.802,-0.6854,-0.1495,-0.7127,0.1849,-0.9825,0.0222,-0.7035,-0.1165,0.701,25.5,0.0043,0.178,0.209,0.1407,21.3,405.4,16.6,379.9,26.1,431.1,940,0.62,11
1090,-171.297,15.901,37.38,-0.6847,-0.1456,-0.7141,0.1839,-0.9828,0.0192,-0.7046,-0.1182,0.6997,25.5,0.0035,0.138,0.182,0.12078,20.1,405.8,15.3,380.2,24.8,431.4,941,0.821,11
1091,-172.661,15.615,35.956,-0.6842,-0.1422,-0.7153,0.1828,-0.983,0.0165,-0.7055,-0.1195,0.6986,25.5,0.0029,0.11,0.167,0.10469,18.8,406.1,14.1,380.5,23.5,431.6,941,1.174,11
1092,-174.024,15.334,34.53,-0.6839,-0.139,-0.7162,0.1816,-0.9833,0.0143,-0.7062,-0.1202,0.6977,25.5,0.0022,0.077,0.145,0.09595,17.6,406.4,12.9,380.8,22.3,431.9,942,0.091,11
1093,-175.387,15.061,33.101,-0.6838,-0.1359,-0.7169,0.1799,-0.9836,0.0124,-0.7069,-0.1205,0.697,25.5,0.0018,0.059,0.147,0.09139,16.3,406.7,11.7,381.1,21.0,432.2,943,0.981,11
1094,-176.75,14.793,31.672,-0.6838,-0.1328,-0.7175,0.1779,-0.984,0.0108,-0.7074,-0.1202,0.6965,25.5,0.0013,0.044,0.149,0.09077,15.1,406.9,10.5,381.4,19.7,432.5,943,1.023,11
1095,-178.113,14.531,30.241,-0.684,-0.1297,-0.7179,0.1752,-0.9845,0.0095,-0.708,-0.1193,0.6961,25.5,0.001,0.066,0.174,0.09003,13.8,407.2,9.3,381.7,18.4,432.8,944,0.368,11
1096,-179.477,14.276,28.81,-0.6843,-0.1264,-0.7181,0.1719,-0.9851,0.0084,-0.7085,-0.1177,0.6959,25.5,0.0009,0.097,0.202,0.09537,12.6,407.5,8.2,382.0,17.0,433.0,945,0.136,11
1097,-180.842,14.027,27.378,-0.6849,-0.1229,-0.7182,0.1678,-0.9858,0.0075,-0.7089,-0.1154,0.6958,25.5,0.0008,0.134,0.244,0.1021,11.4,407.8,7.0,382.2,15.7,433.3,946,0.288,11
1098,-182.208,13.786,25.947,-0.6857,-0.119,-0.7181,0.1628,-0.9866,0.0067,-0.7093,-0.1124,0.6959,25.5,0.001,0.174,0.294,0.1145,10.1,408.0,5.9,382.5,14.3,433.5,947,0.281,11
1099,-183.575,13.553,24.516,-0.6868,-0.1145,-0.7178,0.1568,-0.9876,0.006,-0.7096,-0.1085,0.6962,25.5,0.0011,0.225,0.351,0.13347,8.9,408.3,4.9,382.7,12.9,433.8,948,0.117,11
1100,-184.946,13.33,23.086,-0.6883,-0.109,-0.7172,0.1497,-0.9887,0.0053,-0.7097,-0.1037,0.6969,25.5,0.0009,0.278,0.414,0.16475,7.7,408.5,3.8,383.0,11.5,434.0,949,0.239,11
1101,-186.319,13.12,21.658,-0.6923,-0.1018,-0.7144,0.1412,-0.99,0.0046,-0.7077,-0.0977,0.6997,25.5,0.0003,0.396,0.494,0.25024,6.4,408.7,2.8,383.2,10.0,434.3,950,0.679,11
1102,-187.71,12.926,20.245,-0.7033,-0.0928,-0.7048,0.1316,-0.9913,0.004,-0.6991,-0.0899,0.7094,25.5,0.0034,0.867,0.556,0.49331,5.2,408.9,1.8,383.4,8.5,434.5,952,0.172,11
1103,-189.118,12.751,18.847,-0.7098,-0.0834,-0.6994,0.121,-0.9926,0.0034,-0.6946,-0.0823,0.7147,25.5,0.0055,0.59,0.613,0.36344,3.9,409.1,0.8,383.5,7.0,434.7,953,0.491,11
1104,-190.534,12.594,17.454,-0.7097,-0.0742,-0.7006,0.1099,-0.9939,0.0029,-0.6966,-0.075,0.7136,25.5,0.0063,0.438,0.641,0.26685,2.6,409.3,-0.2,383.7,5.4,434.9,955,0.293,11
1105,-191.941,12.454,16.049,-0.701,-0.0663,-0.7101,0.0988,-0.9951,0.0026,-0.7068,-0.0683,0.7041,25.5,0.0051,0.886,0.64,0.43447,1.3,409.4,-1.2,383.8,3.9,435.0,956,0.248,11
1106,-193.321,12.328,14.618,-0.6829,-0.0606,-0.728,0.0878,-0.9961,0.0026,-0.7254,-0.0622,0.6856,25.5,0.0015,1.543,0.633,0.75015,0.1,409.6,-2.2,384.0,2.3,435.2,957,0.633,11
1107,-194.657,12.211,13.144,-0.6563,-0.0576,-0.7523,0.0776,-0.997,0.0029,-0.7502,-0.0565,0.6588,25.5,0.0043,2.117,0.587,1.03978,-1.1,409.7,-3.1,384.1,0.9,435.3,958,0.867,11
1108,-195.939,12.1,11.622,-0.6346,-0.0516,-0.7711,0.0684,-0.9976,0.0037,-0.7695,-0.0504,0.6367,25.5,0.0052,1.717,0.53,0.84315,-2.2,409.8,-4.0,384.2,-0.5,435.4,959,0.906,11
1109,-197.189,12.005,10.073,-0.6194,-0.0437,-0.7839,0.0604,-0.9982,0.0048,-0.7827,-0.0443,0.6209,25.5,0.0024,1.23,0.464,0.6148,-3.3,409.9,-4.8,384.3,-1.8,435.5,960,0.72,11
1110,-198.407,11.924,8.498,-0.6026,-0.0379,-0.7972,0.0531,-0.9986,0.0062,-0.7963,-0.0386,0.6037,25.5,0.0009,1.298,0.426,0.63817,-4.3,410.0,-5.7,384.4,-3.0,435.6,961,0.335,11
1111,-199.589,11.853,6.895,-0.5833,-0.0337,-0.8115,0.0465,-0.9989,0.0078,-0.8109,-0.0332,0.5843,25.5,0.0002,1.425,0.389,0.70105,-5.4,410.1,-6.5,384.5,-4.2,435.7,962,0.217,11
1112,-200.73,11.788,5.262,-0.5605,-0.0313,-0.8276,0.0402,-0.9991,0.0094,-0.8271,-0.028,0.5613,25.5,0.001,1.639,0.373,0.80546,-6.3,410.2,-7.3,384.6,-5.3,435.7,963,0.893,11
1113,-201.82,11.727,3.595,-0.5321,-0.0308,-0.8461,0.034,-0.9994,0.0109,-0.8459,-0.023,0.5329,25.5,0.0035,1.972,0.366,0.97465,-7.2,410.2,-8.1,384.7,-6.4,435.8,963,1.1,11
1114,-202.846,11.665,1.888,-0.4981,-0.0306,-0.8666,0.0277,-0.9995,0.0122,-0.8666,-0.0179,0.4987,25.5,0.0062,2.309,0.369,1.14169,-8.1,410.3,-8.7,384.8,-7.4,435.8,964,0.324,11
1115,-203.805,11.607,0.142,-0.4637,-0.0272,-0.8856,0.021,-0.9997,0.0133,-0.8857,-0.0124,0.4642,25.5,0.0057,2.281,0.389,1.13427,-8.8,410.4,-9.3,384.9,-8.3,435.9,965,0.519,11
1116,-204.691,11.556,-1.642,-0.4247,-0.0242,-0.905,0.014,-0.9998,0.0141,-0.9052,-0.0067,0.4249,25.5,0.0055,2.535,0.404,1.25564,-9.5,410.5,-9.8,385.0,-9.2,435.9,966,1.406,11
1117,-205.494,11.51,-3.465,-0.3806,-0.0218,-0.9245,0.0066,-0.9999,0.0147,-0.9247,-0.0005,0.3807,25.5,0.0057,2.791,0.425,1.38817,-10.1,410.5,-10.2,385.1,-10.0,436.0,966,0.587,11
1118,-206.204,11.469,-5.326,-0.3315,-0.02,-0.9433,-0.0013,-0.9999,0.0152,-0.9435,0.0062,0.3314,25.5,0.0061,3.048,0.454,1.51292,-10.6,410.6,-10.5,385.2,-10.7,436.0,967,0.325,11
1119,-206.808,11.433,-7.225,-0.2729,-0.0155,-0.9619,-0.0095,-0.9998,0.0156,-0.962,0.0134,0.2727,25.5,0.0031,3.551,0.47,1.77274,-11.0,410.6,-10.7,385.2,-11.3,436.0,968,1.249,11
1120,-207.292,11.406,-9.158,-0.2128,-0.0126,-0.977,-0.018,-0.9997,0.0159,-0.9769,0.021,0.2125,25.5,0.0009,3.581,0.487,1.78424,-11.2,410.7,-10.7,385.3,-11.7,436.0,968,0.743,11
1121,-207.66,11.381,-11.116,-0.1581,-0.0127,-0.9873,-0.0268,-0.9995,0.0162,-0.9871,0.029,0.1577,25.5,0.0009,3.227,0.505,1.60086,-11.4,410.7,-10.7,385.4,-12.1,436.0,969,0.192,11
1122,-207.928,11.353,-13.09,-0.1119,-0.0144,-0.9936,-0.0358,-0.9992,0.0164,-0.9931,0.0374,0.1112,25.5,0.0021,2.729,0.516,1.34173,-11.4,410.7,-10.5,385.4,-12.4,436.0,970,1.134,11
1123,-208.102,11.327,-15.075,-0.0618,-0.0127,-0.998,-0.0449,-0.9989,0.0165,-0.9971,0.0458,0.0611,25.5,0.001,2.92,0.522,1.44713,-11.4,410.8,-10.2,385.5,-12.6,436.0,970,0.861,11
1124,-208.174,11.3,-17.066,-0.0112,-0.0145,-0.9998,-0.0541,-0.9984,0.0167,-0.9985,0.0542,0.0104,25.5,0.0016,2.946,0.528,1.45691,-11.2,410.8,-9.8,385.6,-12.6,436.0,971,0.09,11
1125,-208.145,11.266,-19.058,0.0413,-0.0198,-0.9989,-0.0632,-0.9979,0.0168,-0.9971,0.0624,-0.0425,25.5,0.0004,3.069,0.522,1.51773,-11.0,410.9,-9.3,385.7,-12.6,436.0,972,1.04,11
1126,-208.008,11.22,-21.045,0.0962,-0.0253,-0.995,-0.0722,-0.9972,0.017,-0.9927,0.0702,-0.0977,25.5,0.0014,3.205,0.517,1.59085,-10.6,410.9,-8.7,385.8,-12.5,436.0,972,0.953,11
1127,-207.764,11.167,-23.022,0.1475,-0.0285,-0.9886,-0.0812,-0.9966,0.0173,-0.9857,0.0777,-0.1493,25.5,0.0007,3.015,0.517,1.48951,-10.1,411.0,-8.0,385.9,-12.2,436.1,973,0.014,11
1128,-207.421,11.104,-24.984,0.1967,-0.0349,-0.9798,-0.0899,-0.9958,0.0177,-0.9763,0.0846,-0.199,25.5,0.0003,2.925,0.501,1.44906,-9.6,411.0,-7.3,386.0,-11.9,436.1,974,0.931,11
1129,-206.98,11.026,-26.926,0.2458,-0.0447,-0.9683,-0.0984,-0.995,0.0183,-0.9642,0.0908,-0.249,25.5,0.0026,2.969,0.49,1.47731,-8.9,411.1,-6.4,386.1,-11.5,436.1,974,1.063,11
1130,-206.44,10.925,-28.841,0.2961,-0.0548,-0.9536,-0.1067,-0.9941,0.019,-0.949,0.0961,-0.3002,25.5,0.0048,3.076,0.48,1.53474,-8.2,411.2,-5.5,386.3,-10.9,436.2,975,0.144,11
1131,-205.801,10.808,-30.725,0.3454,-0.0632,-0.9363,-0.1147,-0.9932,0.02,-0.9312,0.1005,-0.3503,25.5,0.0044,3.057,0.465,1.52177,-7.3,411.4,-4.4,386.5,-10.3,436.3,976,0.759,11
1132,-205.064,10.672,-32.571,0.3946,-0.0732,-0.916,-0.1224,-0.9923,0.0212,-0.9104,0.1037,-0.4005,25.5,0.0049,3.119,0.449,1.55733,-6.4,411.5,-3.3,386.7,-9.5,436.4,976,1.236,11
1133,-204.228,10.515,-34.373,0.4444,-0.085,-0.8918,-0.1298,-0.9913,0.0225,-0.8859,0.1058,-0.4516,25.5,0.0065,3.25,0.434,1.62798,-5.4,411.7,-2.1,386.9,-8.7,436.5,977,0.354,11
1134,-203.293,10.334,-36.124,0.4932,-0.096,-0.8646,-0.1371,-0.9903,0.024,-0.8585,0.1067,-0.5016,25.5,0.0067,3.268,0.431,1.63758,-4.3,411.9,-0.8,387.1,-7.8,436.6,978,0.526,11
1135,-202.263,10.132,-37.817,0.5405,-0.1065,-0.8346,-0.1441,-0.9892,0.0257,-0.8283,0.1064,-0.55,25.5,0.006,3.269,0.417,1.6389,-3.1,412.1,0.6,387.4,-6.8,436.8,979,1.412,11
1136,-201.14,9.909,-39.448,0.5867,-0.1172,-0.8013,-0.151,-0.9882,0.0274,-0.795,0.1049,-0.5974,25.5,0.0053,3.321,0.411,1.66639,-1.8,412.3,2.0,387.7,-5.7,437.0,979,0.582,11
1137,-199.926,9.665,-41.009,0.6315,-0.1279,-0.7647,-0.1577,-0.9871,0.029,-0.7585,0.1023,-0.6436,25.5,0.0045,3.377,0.4,1.69203,-0.5,412.6,3.5,388.0,-4.5,437.2,980,0.329,11
1138,-198.625,9.4,-42.495,0.6733,-0.1376,-0.7264,-0.1643,-0.9859,0.0306,-0.7204,0.0987,-0.6865,25.5,0.0028,3.294,0.395,1.65413,1.0,412.8,5.1,388.3,-3.2,437.4,981,1.276,11
1139,-197.244,9.117,-43.904,0.7114,-0.1467,-0.6873,-0.1707,-0.9848,0.032,-0.6816,0.0946,-0.7256,25.5,0.001,3.165,0.381,1.59167,2.5,413.1,6.8,388.6,-1.9,437.6,981,0.718,11
1140,-195.792,8.816,-45.234,0.7457,-0.1552,-0.6479,-0.1768,-0.9837,0.033,-0.6425,0.0899,-0.761,25.5,0.0006,3.034,0.36,1.52208,4.0,413.4,8.5,388.9,-0.5,437.9,982,0.284,11
1141,-194.275,8.499,-46.486,0.7767,-0.1632,-0.6083,-0.1826,-0.9826,0.0335,-0.6032,0.0851,-0.793,25.5,0.0018,2.917,0.339,1.46445,5.6,413.7,10.2,389.3,1.0,438.1,983,1.35,11
1142,-192.698,8.166,-47.659,0.8045,-0.1703,-0.569,-0.1881,-0.9816,0.0335,-0.5642,0.0801,-0.8217,25.5,0.0032,2.789,0.32,1.39926,7.3,414.0,12.0,389.7,2.5,438.4,983,0.644,11
1143,-191.07,7.82,-48.754,0.8293,-0.1766,-0.5301,-0.1932,-0.9806,0.0327,-0.5256,0.0753,-0.8474,25.5,0.0044,2.671,0.301,1.33888,9.0,414.4,13.8,390.1,4.1,438.7,984,0.506,11
1144,-189.394,7.463,-49.772,0.8518,-0.1822,-0.4912,-0.1978,-0.9797,0.0311,-0.4869,0.0707,-0.8706,25.5,0.0053,2.599,0.284,1.3023,10.7,414.7,15.7,390.4,5.7,439.1,984,1.487,11
1145,-187.676,7.095,-50.711,0.8724,-0.1872,-0.4516,-0.2019,-0.979,0.0285,-0.4475,0.0663,-0.8918,25.5,0.0057,2.576,0.281,1.29158,12.5,415.1,17.5,390.8,7.4,439.4,985,0.249,11
1146,-185.918,6.716,-51.57,0.8911,-0.1924,-0.411,-0.2055,-0.9784,0.0249,-0.4069,0.0623,-0.9113,25.5,0.0051,2.591,0.294,1.29402,14.3,415.5,19.4,391.2,9.1,439.7,986,1.056,11
1147,-184.127,6.329,-52.353,0.9059,-0.1963,-0.3752,-0.2083,-0.9779,0.0201,-0.3708,0.06,-0.9268,25.5,0.0043,2.255,0.32,1.11952,16.1,415.9,21.3,391.6,10.9,440.1,986,0.937,11
1148,-182.309,5.934,-53.066,0.9186,-0.1992,-0.3413,-0.2106,-0.9775,0.014,-0.3364,0.059,-0.9399,25.5,0.0035,2.11,0.374,1.04421,17.9,416.2,23.2,392.0,12.7,440.5,987,0.409,11
1149,-180.467,5.535,-53.713,0.9301,-0.2013,-0.3071,-0.212,-0.9772,0.0066,-0.3015,0.059,-0.9516,25.5,0.0025,2.109,0.432,1.03926,19.8,416.6,25.0,392.4,14.5,440.8,987,1.584,11
1150,-178.602,5.132,-54.288,0.9416,-0.2033,-0.2686,-0.2128,-0.9771,-0.0023,-0.262,0.0593,-0.9633,25.5,0.0011,2.361,0.512,1.15687,21.6,417.0,26.9,392.8,16.4,441.2,988,0.225,11
1151,-176.714,4.725,-54.781,0.9521,-0.2057,-0.2262,-0.2126,-0.977,-0.0127,-0.2184,0.0602,-0.974,25.5,0.0014,2.573,0.596,1.25784,23.5,417.4,28.7,393.2,18.3,441.6,989,1.12,11
1152,-174.808,4.313,-55.192,0.9603,-0.2072,-0.1867,-0.2116,-0.977,-0.0249,-0.1773,0.0634,-0.9821,25.5,0.0039,2.407,0.701,1.1608,25.4,417.8,30.6,393.6,20.2,442.0,989,0.873,11
1153,-172.888,3.899,-55.526,0.9669,-0.2078,-0.1482,-0.2094,-0.9771,-0.0389,-0.1368,0.0687,-0.9882,25.5,0.0063,2.366,0.812,1.12327,27.3,418.2,32.4,394.0,22.2,442.4,990,0.431,11
1154,-170.955,3.485,-55.782,0.9722,-0.2076,-0.1087,-0.206,-0.977,-0.055,-0.0947,0.0758,-0.9926,25.5,0.0085,2.459,0.943,1.14589,29.2,418.6,34.2,394.4,24.2,442.8,990,1.564,11
1155,-169.013,3.072,-55.948,0.9766,-0.2069,-0.058,-0.2013,-0.9768,-0.0732,-0.0415,0.0831,-0.9957,25.5,0.0098,3.082,1.077,1.46367,31.1,419.0,35.9,394.8,26.3,443.2,991,0.328,11
1156,-167.065,2.66,-56.013,0.9784,-0.2065,-0.0067,-0.195,-0.9763,-0.0936,0.0128,0.0929,-0.9956,25.5,0.0114,3.162,1.224,1.47625,33.0,419.4,37.6,395.2,28.4,443.5,992,0.823,11
1157,-165.116,2.249,-55.975,0.9774,-0.2065,0.0443,-0.1869,-0.9754,-0.1165,0.0673,0.1056,-0.9921,25.5,0.0136,3.213,1.393,1.46703,34.9,419.8,39.2,395.7,30.5,443.9,992,1.172,11
1158,-163.171,1.839,-55.831,0.9734,-0.2042,0.104,-0.1766,-0.974,-0.142,0.1303,0.1199,-0.9842,25.5,0.0122,3.73,1.578,1.72202,36.7,420.2,40.8,396.1,32.7,444.3,993,0.128,11
1159,-161.239,1.433,-55.562,0.9652,-0.2034,0.1644,-0.1637,-0.9717,-0.1701,0.1943,0.1373,-0.9713,25.5,0.0117,3.872,1.777,1.75322,38.6,420.6,42.3,396.5,34.9,444.6,994,0.828,11
1160,-159.326,1.025,-55.182,0.9543,-0.2075,0.2152,-0.1479,-0.9684,-0.2008,0.2501,0.1598,-0.9549,25.5,0.0166,3.574,1.987,1.49875,40.4,421.0,43.7,397.0,37.2,444.9,994,1.166,11
1161,-157.439,0.611,-54.695,0.9389,-0.2079,0.2742,-0.1286,-0.9637,-0.234,0.3129,0.1844,-0.9317,25.5,0.0154,4.088,2.217,1.75368,42.2,421.4,44.9,397.5,39.5,445.2,995,0.293,11
1162,-155.585,0.193,-54.095,0.9208,-0.2128,0.3269,-0.1055,-0.9572,-0.2694,0.3704,0.2136,-0.904,25.5,0.0185,4.022,2.451,1.60864,44.0,421.8,46.0,398.0,41.9,445.4,996,0.513,11
1163,-153.77,-0.24,-53.396,0.8999,-0.2198,0.3766,-0.0784,-0.9485,-0.3069,0.4248,0.2467,-0.871,25.5,0.0223,4.11,2.698,1.56352,45.7,422.2,47.0,398.6,44.4,445.6,997,1.256,11
1164,-152.001,-0.684,-52.593,0.8745,-0.2272,0.4285,-0.0465,-0.9371,-0.346,0.4803,0.2828,-0.8303,25.5,0.024,4.454,2.964,1.67531,47.3,422.7,47.8,399.3,46.9,445.8,997,0.737,11
1165,-150.287,-1.152,-51.692,0.8446,-0.2435,0.4769,-0.0087,-0.9223,-0.3864,0.5342,0.3223,-0.7815,25.5,0.033,4.742,3.282,1.70203,48.9,423.1,48.3,400.1,49.5,445.9,998,0.049,11
1166,-148.641,-1.65,-50.685,0.8082,-0.2567,0.53,0.0356,-0.9033,-0.4275,0.5888,0.3646,-0.7214,25.5,0.0341,5.248,3.63,1.89,50.4,423.6,48.7,401.1,52.2,445.9,999,0.583,11
1167,-147.061,-2.179,-49.593,0.7797,-0.2752,0.5625,0.0859,-0.8794,-0.4683,0.6241,0.4139,-0.6627,25.5,0.0456,4.837,3.956,1.35209,51.9,424.1,48.8,402.2,54.9,445.8,1000,1.16,11
1168,-145.54,-2.741,-48.434,0.7447,-0.2912,0.6006,0.1417,-0.8497,-0.5079,0.6589,0.4639,-0.5922,25.5,0.0479,5.34,4.275,1.55726,53.3,424.7,48.7,403.4,57.8,445.6,1000,0.834,11
1169,-144.099,-3.35,-47.201,0.6997,-0.3224,0.6376,0.2043,-0.8131,-0.5452,0.6953,0.5125,-0.5039,25.5,0.0575,6.143,4.673,1.90061,54.6,425.3,48.4,404.9,60.7,445.3,1001,0.31,11
1170,-142.756,-4.022,-45.891,0.6507,-0.3518,0.673,0.2741,-0.7682,-0.5785,0.7218,0.5619,-0.4041,25.5,0.0593,6.562,5.125,1.93336,55.8,425.9,47.8,406.7,63.7,444.8,1002,0.169,11
1171,-141.493,-4.752,-44.533,0.6154,-0.3796,0.6908,0.3483,-0.7151,-0.6061,0.7257,0.6149,-0.3086,25.5,0.0671,6.265,5.464,1.3897,56.9,426.6,47.0,408.7,66.7,444.2,1003,0.613,11
1172,-140.308,-5.54,-43.139,0.574,-0.4143,0.7063,0.4241,-0.6544,-0.626,0.7235,0.6606,-0.2004,25.5,0.0724,6.735,5.682,1.61621,58.0,427.4,46.1,411.0,69.6,443.5,1004,1.039,11
1173,-139.208,-6.405,-41.72,0.5295,-0.4522,0.7177,0.5001,-0.5867,-0.6369,0.711,0.698,-0.0847,25.5,0.073,7.008,5.868,1.71272,58.9,428.3,45.2,413.6,72.5,442.7,1004,0.954,11
1174,-138.194,-7.349,-40.288,0.4889,-0.4969,0.717,0.574,-0.5136,-0.6378,0.6873,0.7256,0.0342,25.5,0.0785,7.129,5.959,1.73682,59.8,429.2,44.2,416.3,75.2,441.8,1005,0.536,11
1175,-137.264,-8.381,-38.86,0.4472,-0.5388,0.7139,0.6433,-0.4372,-0.6285,0.6525,0.7424,0.1515,25.5,0.0746,7.081,5.936,1.70243,60.6,430.2,43.3,419.3,77.7,441.0,1006,0.115,11
1176,-136.403,-9.495,-37.45,0.4156,-0.5773,0.7029,0.7063,-0.359,-0.6101,0.6061,0.752,0.2592,25.5,0.0719,6.746,5.852,1.46679,61.4,431.3,42.4,422.3,80.0,440.1,1007,0.323,11
1177,-135.608,-10.688,-36.066,0.3825,-0.6231,0.6822,0.7619,-0.2811,-0.5835,0.5567,0.7447,0.3681,25.5,0.0685,6.868,5.694,1.73076,62.1,432.5,41.8,425.5,82.0,439.4,1008,0.786,11
1178,-134.882,-11.978,-34.732,0.3472,-0.6693,0.6568,0.8094,-0.2055,-0.5502,0.504,0.7238,0.4712,25.5,0.0572,6.745,5.462,1.82489,62.7,433.8,41.2,428.7,83.8,438.8,1008,1.208,11
1179,-134.213,-13.355,-33.457,0.3258,-0.7121,0.6219,0.8487,-0.1334,-0.5117,0.448,0.6955,0.5617,25.5,0.0533,6.313,5.198,1.70332,63.2,435.1,40.9,431.8,85.3,438.3,1009,0.704,11
1180,-133.59,-14.812,-32.249,0.3026,-0.7498,0.5884,0.8803,-0.0657,-0.4698,0.3912,0.6606,0.6407,25.5,0.0392,5.925,4.91,1.59648,63.8,436.6,40.7,435.0,86.5,438.1,1010,0.149,11
1181,-132.994,-16.342,-31.119,0.2948,-0.7839,0.5464,0.9047,-0.0029,-0.426,0.3357,0.6203,0.7089,25.5,0.0362,5.544,4.606,1.57194,64.3,438.1,40.7,438.1,87.6,438.0,1011,0.468,11
1182,-132.418,-17.934,-30.069,0.2864,-0.8143,0.5048,0.9227,0.0548,-0.3815,0.2831,0.5753,0.7674,25.5,0.0271,5.195,4.302,1.50131,64.8,439.6,40.8,441.1,88.5,438.2,1012,1.15,11
1183,-131.842,-19.588,-29.118,0.29,-0.8449,0.4494,0.9353,0.1072,-0.3374,0.237,0.5184,0.8217,25.5,0.029,5.225,3.991,1.82325,65.3,441.3,41.1,444.1,89.2,438.5,1012,0.844,11
1184,-131.266,-21.297,-28.273,0.2909,-0.8697,0.3988,0.9432,0.1543,-0.2942,0.1944,0.4619,0.8654,25.5,0.0229,4.766,3.69,1.62074,65.8,443.0,41.5,446.9,89.9,439.0,1013,0.087,11
1185,-130.673,-23.049,-27.532,0.3049,-0.8879,0.3445,0.9474,0.1969,-0.2524,0.1563,0.4035,0.9015,25.5,0.0271,4.5,3.428,1.69557,66.3,444.7,42.0,449.7,90.5,439.7,1014,0.766,11
1186,-130.06,-24.835,-26.895,0.3121,-0.9036,0.2934,0.9485,0.2357,-0.2118,0.1223,0.3445,0.9308,25.5,0.0209,4.248,3.219,1.55115,66.9,446.5,42.6,452.5,91.0,440.5,1014,1.228,11
1187,-129.423,-26.647,-26.366,0.3294,-0.914,0.2367,0.947,0.2711,-0.1726,0.0936,0.2811,0.9551,25.5,0.0233,4.224,3.028,1.73097,67.4,448.3,43.3,455.2,91.5,441.4,1015,0.27,11
1188,-128.751,-28.477,-25.951,0.343,-0.9219,0.1803,0.9433,0.3034,-0.1349,0.0696,0.2164,0.9738,25.5,0.0195,4.097,2.852,1.6839,68.1,450.1,44.1,457.8,92.0,442.4,1016,0.823,11
1189,-128.051,-30.317,-25.645,0.3605,-0.924,0.1277,0.9378,0.333,-0.0985,0.0485,0.1552,0.9867,25.5,0.0178,3.783,2.707,1.59534,68.7,451.9,45.0,460.3,92.5,443.5,1016,1.171,11
1190,-127.312,-32.156,-25.441,0.3796,-0.9221,0.0753,0.9307,0.3604,-0.0633,0.0312,0.0942,0.9951,25.5,0.0162,3.665,2.588,1.60477,69.5,453.7,45.9,462.8,93.0,444.6,1017,0.086,11
1191,-126.54,-33.991,-25.341,0.3954,-0.9181,0.028,0.9221,0.3859,-0.0292,0.016,0.0374,0.9992,25.5,0.0095,3.377,2.489,1.43866,70.2,455.5,47.0,465.2,93.4,445.8,1018,1.514,11
1192,-125.733,-35.812,-25.321,0.416,-0.9094,-0.0056,0.9122,0.4098,0.0041,-0.0015,-0.0068,1.0,25.5,0.0068,2.724,2.416,1.16054,71.0,457.3,48.1,467.6,93.9,447.0,1018,0.48,11
1193,-124.886,-37.616,-25.362,0.431,-0.9016,-0.0379,0.901,0.4323,0.0367,-0.0167,-0.05,0.9986,25.5,0.0028,2.625,2.359,1.04826,71.8,459.1,49.3,469.9,94.5,448.2,1019,1.109,11
1194,-124.012,-39.404,-25.467,0.4481,-0.8915,-0.0661,0.8885,0.4537,0.0687,-0.0313,-0.0895,0.9955,25.5,0.0109,2.42,2.319,0.99174,72.7,460.9,50.5,472.2,95.0,449.5,1019,0.884,11
1195,-123.095,-41.166,-25.62,0.4735,-0.8765,-0.0867,0.8747,0.4741,0.1003,-0.0468,-0.1233,0.9913,25.5,0.0101,2.144,2.296,1.03453,73.6,462.6,51.8,474.4,95.5,450.7,1020,0.823,11
1196,-122.123,-42.895,-25.813,0.4993,-0.8595,-0.1093,0.8598,0.4935,0.1313,-0.0589,-0.1596,0.9854,25.5,0.0092,2.218,2.263,1.10081,74.6,464.3,53.2,476.6,96.0,451.9,1020,1.17,11
1197,-121.106,-44.592,-26.053,0.5211,-0.8435,-0.1299,0.8435,0.5122,0.162,-0.0701,-0.194,0.9785,25.5,0.0135,2.11,2.262,0.97742,75.6,466.0,54.7,478.7,96.6,453.2,1021,0.615,11
1198,-120.043,-46.255,-26.325,0.5474,-0.8249,-0.1412,0.8258,0.5301,0.1924,-0.0839,-0.222,0.9714,25.5,0.0124,1.834,2.262,0.98158,76.7,467.6,56.3,480.8,97.2,454.4,1021,1.379,11
1199,-118.921,-47.877,-26.611,0.5779,-0.8027,-0.1474,0.8068,0.5473,0.2226,-0.098,-0.2475,0.9639,25.5,0.0059,1.724,2.27,1.09925,77.8,469.2,58.0,482.7,97.8,455.5,1022,0.444,11
1200,-117.743,-49.455,-26.918,0.6049,-0.7802,-0.1596,0.7863,0.5639,0.2525,-0.107,-0.2783,0.9545,25.5,0.0046,1.916,2.285,1.06971,79.0,470.7,59.7,484.7,98.4,456.7,1022,1.55,11
1201,-116.508,-50.985,-27.242,0.6349,-0.7548,-0.165,0.7642,0.5799,0.2823,-0.1174,-0.3053,0.945,25.5,0.0009,1.745,2.315,1.1409,80.2,472.2,61.6,486.5,99.0,457.8,1023,0.277,11
1202,-115.209,-52.46,-27.571,0.6685,-0.7252,-0.1646,0.7406,0.5953,0.3118,-0.1282,-0.3304,0.9351,25.5,0.0121,1.665,2.338,1.28769,81.5,473.7,63.5,488.3,99.7,458.9,1023,1.72,11
1203,-113.846,-53.875,-27.904,0.7,-0.6938,-0.169,0.7153,0.61,0.341,-0.1335,-0.3597,0.9235,25.5,0.0199,1.831,2.369,1.28522,82.9,475.1,65.5,490.0,100.4,459.9,1024,0.088,11
1204,-112.416,-55.221,-28.24,0.7366,-0.6555,-0.1667,0.6882,0.6241,0.37,-0.1386,-0.3875,0.9114,25.5,0.0362,1.762,2.414,1.5249,84.3,476.4,67.7,491.7,101.1,460.9,1025,1.839,11
1205,-110.908,-56.482,-28.565,0.777,-0.6089,-0.1599,0.6593,0.6376,0.3986,-0.141,-0.4159,0.8984,25.501,0.0603,1.795,2.455,1.78439,85.8,477.6,70.0,493.2,101.9,461.8,1025,0.157,11
1206,-109.321,-57.646,-28.878,0.8148,-0.5589,-0.154,0.6284,0.6504,0.4268,-0.1388,-0.4461,0.8842,25.501,0.0828,1.916,2.507,1.81076,87.4,478.7,72.4,494.6,102.6,462.7,1026,1.566,11
1207,-107.663,-58.71,-29.177,0.8478,-0.5099,-0.1454,0.5956,0.6624,0.4544,-0.1361,-0.4743,0.8698,25.501,0.1011,1.821,2.551,1.71692,89.1,479.8,74.9,495.9,103.4,463.4,1026,0.429,11
1208,-105.94,-59.671,-29.457,0.8801,-0.4549,-0.1361,0.561,0.6734,0.4815,-0.1283,-0.5038,0.8542,25.501,0.1219,1.964,2.596,1.85391,90.8,480.7,77.5,497.1,104.2,464.1,1027,1.268,11
1209,-104.162,-60.53,-29.72,0.9037,-0.4086,-0.128,0.5246,0.6834,0.5077,-0.121,-0.5305,0.839,25.501,0.1299,1.809,2.633,1.51252,92.5,481.5,80.2,498.2,105.1,464.7,1027,0.727,11
1210,-102.342,-61.304,-29.968,0.9219,-0.3681,-0.1207,0.4867,0.6921,0.5331,-0.1136,-0.5549,0.8241,25.501,0.1296,1.692,2.661,1.29391,94.3,482.3,83.0,499.1,105.9,465.3,1028,0.951,11
1211,-100.488,-61.994,-30.2,0.9395,-0.3235,-0.1126,0.4474,0.6994,0.5574,-0.1025,-0.5791,0.8088,25.501,0.1313,1.759,2.68,1.39837,96.2,483.0,85.8,499.9,106.7,465.8,1028,1.044,11
1212,-98.599,-62.591,-30.416,0.9558,-0.2751,-0.1033,0.4067,0.7052,0.5807,-0.0877,-0.6026,0.7932,25.501,0.1347,1.825,2.708,1.49277,98.0,483.6,88.7,500.6,107.5,466.2,1029,0.612,11
1213,-96.68,-63.09,-30.612,0.9695,-0.2265,-0.094,0.3649,0.7095,0.6029,-0.0705,-0.6246,0.7778,25.501,0.1364,1.827,2.723,1.47653,99.9,484.0,91.7,501.2,108.4,466.6,1029,1.382,11
1214,-94.737,-63.498,-30.791,0.9793,-0.1836,-0.0855,0.322,0.7122,0.6238,-0.0541,-0.644,0.7631,25.501,0.1312,1.682,2.739,1.28875,101.9,484.4,94.7,501.6,109.2,467.0,1030,0.24,11
1215,-92.778,-63.824,-30.954,0.9865,-0.1443,-0.0776,0.2783,0.7131,0.6435,-0.0378,-0.6613,0.7492,25.501,0.1217,1.578,2.747,1.1711,103.8,484.7,97.7,501.9,110.0,467.3,1030,1.755,11
1216,-90.806,-64.072,-31.1,0.9922,-0.1034,-0.0692,0.2339,0.7122,0.6619,-0.0192,-0.6772,0.7355,25.501,0.1126,1.607,2.754,1.21171,105.7,485.0,100.7,502.1,110.8,467.5,1031,0.189,11
1217,-88.824,-64.235,-31.229,0.9964,-0.0598,-0.0598,0.1891,0.7094,0.679,0.0018,-0.6917,0.7222,25.501,0.1054,1.649,2.752,1.28826,107.7,485.1,103.8,502.2,111.6,467.8,1032,1.302,11
1218,-86.836,-64.308,-31.338,0.9986,-0.0141,-0.0502,0.1439,0.7047,0.6948,0.0257,-0.7045,0.7092,25.501,0.0989,1.723,2.757,1.34436,109.7,485.2,106.9,502.1,112.5,468.0,1032,0.692,11
1219,-84.846,-64.293,-31.429,0.9988,0.0288,-0.0405,0.0987,0.6979,0.7094,0.0489,-0.7154,0.697,25.501,0.09,1.627,2.749,1.26474,111.6,485.2,110.0,501.9,113.3,468.2,1033,0.693,11
1220,-82.857,-64.195,-31.499,0.9971,0.0698,-0.0302,0.0534,0.6891,0.7227,0.0715,-0.7245,0.6855,25.501,0.0795,1.544,2.752,1.21656,113.6,485.1,113.1,501.6,114.1,468.3,1033,1.301,11
1221,-80.873,-64.015,-31.552,0.9936,0.111,-0.0217,0.0082,0.6781,0.7349,0.0965,-0.732,0.6744,25.501,0.0675,1.625,2.756,1.21383,115.5,484.9,116.1,501.1,114.9,468.4,1034,0.056,11
1222,-78.898,-63.749,-31.582,0.9877,0.1562,-0.008,-0.0368,0.665,0.7459,0.122,-0.7379,0.6638,25.501,0.0616,1.618,2.759,1.36874,117.5,484.6,119.2,500.5,115.7,468.5,1035,1.067,11
1223,-76.938,-63.39,-31.581,0.9786,0.2055,0.0078,-0.0814,0.6497,0.7558,0.1505,-0.7416,0.6537,25.501,0.0598,1.745,2.761,1.51161,119.4,484.3,122.2,499.8,116.5,468.5,1035,0.926,11
1224,-74.999,-62.934,-31.551,0.9677,0.251,0.023,-0.1257,0.6323,0.7645,0.1776,-0.7438,0.6444,25.501,0.0547,1.646,2.772,1.41468,121.3,483.8,125.2,498.9,117.3,468.5,1036,0.082,11
1225,-73.081,-62.395,-31.486,0.9566,0.2881,0.043,-0.1694,0.6129,0.7718,0.1962,-0.7464,0.6359,25.501,0.0477,1.181,2.771,1.25333,123.2,483.3,128.1,497.9,118.1,468.5,1037,1.0,11
1226,-71.187,-61.784,-31.383,0.9434,0.3262,0.0596,-0.2124,0.5918,0.7776,0.2185,-0.7468,0.6281,25.501,0.039,1.354,2.765,1.25389,125.0,482.7,131.0,496.7,118.9,468.4,1037,0.994,11
1227,-69.321,-61.1,-31.244,0.93,0.3586,0.0805,-0.2544,0.5693,0.7818,0.2347,-0.7479,0.621,25.501,0.0305,1.015,2.741,1.17378,126.9,482.1,133.9,495.5,119.7,468.3,1038,0.15,11
1228,-67.48,-60.36,-31.058,0.9177,0.3826,0.1069,-0.2953,0.5455,0.7844,0.2419,-0.7516,0.6137,25.501,0.0216,0.625,2.716,1.08517,128.7,481.3,136.7,494.2,120.4,468.2,1039,0.634,11
1229,-65.666,-59.567,-30.831,0.9029,0.4118,0.1234,-0.3348,0.5208,0.7853,0.2591,-0.7503,0.6081,25.501,0.0091,1.039,2.67,1.05412,130.4,480.6,139.4,492.8,121.2,468.0,1039,1.359,11
1230,-63.88,-58.727,-30.559,0.8901,0.4298,0.1514,-0.3722,0.4962,0.7844,0.262,-0.7546,0.6016,25.501,0.0007,0.476,2.566,1.02548,132.2,479.7,142.1,491.4,122.1,467.8,1040,0.629,11
1231,-62.117,-57.861,-30.221,0.8792,0.4376,0.1886,-0.4069,0.4724,0.7818,0.253,-0.7641,0.5934,25.501,0.0036,0.885,2.416,1.13696,133.9,478.9,144.7,490.0,122.9,467.6,1041,0.055,11
1232,-60.377,-56.975,-29.822,0.867,0.4507,0.2123,-0.4385,0.4505,0.7777,0.2549,-0.7674,0.5883,25.501,0.012,0.365,2.215,0.85397,135.6,478.0,147.1,488.6,123.8,467.2,1042,0.697,11
1233,-58.662,-56.068,-29.371,0.8547,0.4592,0.2422,-0.4672,0.4308,0.7721,0.2502,-0.7731,0.5828,25.501,0.0145,0.528,2.02,0.96125,137.3,477.2,149.5,487.3,124.8,466.8,1042,1.296,11
1234,-56.971,-55.148,-28.853,0.8412,0.4635,0.2785,-0.4933,0.4134,0.7653,0.2395,-0.7812,0.5764,25.501,0.0102,0.852,1.839,1.1204,138.9,476.3,151.8,486.0,125.8,466.4,1043,0.683,11
1235,-55.309,-54.222,-28.26,0.8275,0.466,0.3134,-0.5172,0.3986,0.7574,0.228,-0.7888,0.5708,25.5,0.0049,0.853,1.673,1.08046,140.5,475.4,154.0,484.7,126.8,465.8,1044,0.07,11
1236,-53.674,-53.29,-27.605,0.8128,0.4695,0.345,-0.5391,0.3862,0.7485,0.2181,-0.7943,0.567,25.5,0.0014,0.684,1.529,1.0071,142.1,474.5,156.1,483.5,127.9,465.2,1045,0.586,11
1237,-52.071,-52.351,-26.885,0.796,0.4728,0.3779,-0.5594,0.3757,0.7389,0.2073,-0.7996,0.5636,25.5,0.0116,0.716,1.42,1.06647,143.7,473.6,158.1,482.4,129.0,464.6,1046,1.31,11
1238,-50.503,-51.406,-26.099,0.778,0.4756,0.4105,-0.5782,0.3669,0.7288,0.1961,-0.8046,0.5605,25.499,0.0238,0.725,1.323,1.0738,145.2,472.7,160.1,481.3,130.0,463.9,1046,0.683,11
1239,-48.968,-50.457,-25.252,0.7618,0.4763,0.4391,-0.5957,0.3591,0.7184,0.1846,-0.8093,0.5576,25.498,0.0327,0.731,1.249,0.94528,146.7,471.8,162.0,480.2,131.1,463.1,1047,0.15,11
1240,-47.467,-49.507,-24.349,0.7447,0.4774,0.4664,-0.6121,0.3522,0.708,0.1739,-0.8135,0.555,25.498,0.0425,0.675,1.181,0.92684,148.2,470.8,163.9,479.1,132.1,462.4,1048,1.125,11
1241,-46.0,-48.554,-23.395,0.7282,0.4793,0.49,-0.6271,0.346,0.6979,0.1652,-0.8165,0.5532,25.497,0.0512,0.537,1.095,0.82978,149.6,469.9,165.7,478.1,133.2,461.6,1048,0.868,11
1242,-44.564,-47.597,-22.4,0.7139,0.4816,0.5083,-0.6407,0.3403,0.6883,0.1587,-0.8184,0.5524,25.496,0.0564,0.391,1.008,0.671,151.0,469.0,167.4,477.1,134.3,460.8,1049,0.286,11
1243,-43.154,-46.636,-21.373,0.701,0.4829,0.5247,-0.6528,0.3349,0.6795,0.1527,-0.8204,0.5511,25.495,0.0606,0.37,0.911,0.60174,152.4,468.1,169.0,476.0,135.3,460.0,1050,1.653,11
1244,-41.774,-45.676,-20.302,0.6849,0.48,0.5482,-0.6634,0.3299,0.6717,0.1419,-0.8258,0.5458,25.494,0.0722,0.756,0.807,0.82308,153.7,467.2,170.6,475.0,136.4,459.2,1050,0.341,11
1245,-40.421,-44.721,-19.194,0.674,0.4791,0.5623,-0.6725,0.3251,0.6649,0.1361,-0.8287,0.5429,25.492,0.0764,0.407,0.707,0.51295,155.0,466.2,172.2,474.0,137.5,458.4,1051,1.256,11
1246,-39.084,-43.765,-18.064,0.6667,0.4796,0.5705,-0.6803,0.3207,0.6591,0.1335,-0.8299,0.5417,25.491,0.0763,0.178,0.611,0.31581,156.3,465.3,173.7,473.0,138.6,457.6,1051,0.741,11
1247,-37.761,-42.808,-16.922,0.6621,0.4814,0.5744,-0.6868,0.3168,0.6542,0.1334,-0.8298,0.5419,25.49,0.0735,0.014,0.517,0.18095,157.6,464.4,175.1,472.0,139.7,456.7,1052,1.059,11
1248,-36.444,-41.846,-15.777,0.6595,0.4845,0.5748,-0.6921,0.3134,0.6502,0.1351,-0.8286,0.5433,25.488,0.0691,0.144,0.427,0.11687,158.9,463.5,176.5,471.0,140.9,455.9,1052,0.94,11
1249,-35.131,-40.876,-14.633,0.6587,0.4888,0.5721,-0.6963,0.3107,0.647,0.1387,-0.8261,0.5461,25.487,0.0634,0.298,0.34,0.14775,160.2,462.5,177.9,470.0,142.1,455.0,1053,1.016,11
1250,-33.817,-39.896,-13.498,0.6596,0.4944,0.5661,-0.6995,0.3087,0.6445,0.1441,-0.8224,0.5504,25.486,0.0561,0.449,0.259,0.23732,161.4,461.6,179.3,469.0,143.3,454.1,1053,0.982,11
1251,-32.501,-38.904,-12.379,0.6623,0.5017,0.5564,-0.7017,0.3075,0.6427,0.1515,-0.817,0.5563,25.484,0.0471,0.624,0.177,0.35762,162.7,460.6,180.6,468.0,144.5,453.1,1054,1.078,11
1252,-31.178,-37.896,-11.283,0.6641,0.5093,0.5473,-0.7029,0.3072,0.6416,0.1587,-0.8114,0.5625,25.483,0.0408,0.632,0.095,0.345,164.0,459.7,181.9,467.0,145.8,452.2,1054,0.913,11
1253,-29.859,-36.878,-10.19,0.6598,0.5129,0.5491,-0.7032,0.3077,0.6409,0.1599,-0.8099,0.5644,25.482,0.0458,0.155,0.052,0.16931,165.3,458.7,183.2,466.1,147.1,451.1,1055,1.207,11
1254,-28.546,-35.852,-9.096,0.6573,0.5167,0.5486,-0.7026,0.3092,0.6408,0.1617,-0.8077,0.567,25.48,0.0495,0.221,0.093,0.13154,166.6,457.7,184.5,465.1,148.4,450.1,1055,0.793,11
1255,-27.238,-34.818,-8.004,0.6561,0.5208,0.5461,-0.7011,0.3117,0.6413,0.164,-0.8048,0.5705,25.479,0.0526,0.292,0.169,0.14229,167.9,456.7,185.8,464.2,149.7,449.0,1056,1.349,11
1256,-25.93,-33.775,-6.92,0.6563,0.5254,0.5415,-0.6988,0.3152,0.6422,0.167,-0.8011,0.5748,25.478,0.0547,0.368,0.245,0.1871,169.2,455.6,187.0,463.3,151.0,447.9,1056,0.659,11
1257,-24.62,-32.723,-5.847,0.6578,0.5305,0.5346,-0.6954,0.3196,0.6436,0.1709,-0.7964,0.5801,25.477,0.0562,0.463,0.329,0.25037,170.5,454.6,188.2,462.4,152.4,446.7,1057,1.458,11
1258,-23.307,-31.66,-4.791,0.6609,0.5365,0.5247,-0.6912,0.3251,0.6455,0.176,-0.7905,0.5866,25.476,0.0563,0.582,0.411,0.34467,171.8,453.6,189.4,461.5,153.8,445.5,1057,0.546,11
1259,-21.985,-30.583,-3.758,0.6658,0.5438,0.5109,-0.6859,0.3316,0.6477,0.1831,-0.7829,0.5946,25.475,0.0546,0.752,0.497,0.47015,173.1,452.5,190.5,460.6,155.3,444.3,1058,1.497,11
1260,-20.65,-29.49,-2.758,0.6732,0.5528,0.4911,-0.6797,0.3391,0.6504,0.1933,-0.7726,0.6048,25.474,0.0493,1.016,0.579,0.66037,174.4,451.4,191.7,459.7,156.7,443.0,1058,0.5,11
1261,-19.3,-28.378,-1.807,0.6829,0.5645,0.4637,-0.6724,0.3477,0.6534,0.2078,-0.7586,0.6175,25.473,0.0401,1.365,0.669,0.90141,175.7,450.3,192.9,458.9,158.3,441.7,1059,1.435,11
1262,-17.934,-27.241,-0.906,0.6883,0.5769,0.4398,-0.6641,0.3573,0.6567,0.2219,-0.7446,0.6295,25.472,0.0378,1.33,0.751,0.78989,177.1,449.2,194.0,458.0,159.8,440.3,1059,0.557,11
1263,-16.556,-26.079,-0.056,0.6946,0.5893,0.4125,-0.6548,0.368,0.6602,0.2374,-0.7291,0.6419,25.472,0.0344,1.443,0.837,0.88081,178.4,448.1,195.1,457.1,161.5,438.9,1060,1.263,11
1264,-15.165,-24.893,0.737,0.7017,0.6007,0.3832,-0.6444,0.3797,0.6638,0.2533,-0.713,0.6538,25.471,0.0303,1.465,0.92,0.92685,179.8,446.9,196.2,456.3,163.1,437.4,1060,0.73,11
1265,-13.76,-23.687,1.471,0.709,0.6096,0.3544,-0.633,0.3924,0.6673,0.2678,-0.6977,0.6644,25.471,0.0269,1.352,0.998,0.89188,181.2,445.7,197.3,455.4,164.8,435.8,1061,0.982,11
1266,-12.339,-22.465,2.151,0.7163,0.616,0.3279,-0.6206,0.4061,0.6707,0.2801,-0.6841,0.6734,25.47,0.0255,1.17,1.077,0.81143,182.6,444.5,198.4,454.5,166.5,434.3,1061,1.012,11
1267,-10.906,-21.227,2.771,0.7223,0.6262,0.2936,-0.6073,0.4207,0.6739,0.2986,-0.6652,0.6843,25.47,0.0226,1.639,1.146,1.04328,184.1,443.3,199.5,453.7,168.3,432.6,1062,0.598,11
1268,-9.46,-19.971,3.32,0.7285,0.6349,0.2575,-0.5932,0.4361,0.6767,0.3174,-0.6458,0.6944,25.47,0.019,1.653,1.207,1.08251,185.5,442.0,200.6,452.8,170.1,431.0,1062,1.396,11
1269,-8.002,-18.698,3.796,0.7348,0.6415,0.22,-0.5783,0.4522,0.679,0.3361,-0.6263,0.7034,25.47,0.0145,1.632,1.264,1.10976,187.0,440.7,201.7,452.0,172.0,429.3,1063,0.121,11
1270,-6.531,-17.415,4.197,0.7412,0.6462,0.182,-0.563,0.4688,0.6806,0.3545,-0.607,0.7113,25.47,0.0095,1.593,1.297,1.11628,188.5,439.5,202.8,451.1,173.9,427.5,1064,1.545,11
1271,-5.05,-16.122,4.519,0.7451,0.6518,0.141,-0.5474,0.4858,0.6815,0.3757,-0.585,0.7188,25.47,0.0049,1.803,1.323,1.19523,189.9,438.2,203.8,450.3,175.8,425.8,1064,0.45,11
1272,-3.562,-14.818,4.756,0.7491,0.6555,0.0962,-0.5318,0.503,0.6814,0.3982,-0.5615,0.7253,25.47,0.0031,1.901,1.33,1.29775,191.4,436.9,204.9,449.4,177.7,424.0,1065,0.906,11
1273,-2.065,-13.511,4.901,0.7526,0.6567,0.0484,-0.5165,0.5201,0.6802,0.4215,-0.537,0.7307,25.471,0.0142,1.962,1.316,1.37862,192.9,435.5,206.0,448.6,179.6,422.3,1065,1.089,11
1274,-0.562,-12.203,4.949,0.7549,0.6559,0.0,-0.502,0.5372,0.6778,0.4447,-0.5119,0.735,25.471,0.0266,1.974,1.292,1.39348,194.4,434.2,207.1,447.7,181.5,420.5,1066,0.208,11
1275,0.942,-10.897,4.899,0.7547,0.6541,-0.0505,-0.4884,0.5538,0.6743,0.4694,-0.4847,0.7381,25.472,0.0404,2.113,1.246,1.45323,195.9,432.9,208.3,446.8,183.4,418.8,1067,1.458,12
1276,2.444,-9.597,4.748,0.7525,0.651,-0.0999,-0.476,0.57,0.6697,0.4937,-0.4571,0.7399,25.473,0.054,2.109,1.198,1.42475,197.5,431.6,209.5,446.0,185.2,417.0,1067,0.536,12
1277,3.94,-8.303,4.505,0.7492,0.6465,-0.1438,-0.4651,0.5853,0.6642,0.5147,-0.4317,0.7408,25.474,0.0656,1.889,1.122,1.27248,199.0,430.3,210.7,445.1,187.0,415.3,1068,0.691,12
1278,5.431,-7.023,4.175,0.7465,0.6386,-0.1869,-0.4556,0.5997,0.6578,0.5339,-0.4072,0.7411,25.474,0.0801,1.784,1.054,1.26249,200.4,429.0,211.9,444.1,188.8,413.6,1068,1.302,12
1279,6.913,-5.756,3.764,0.7399,0.6343,-0.2242,-0.4477,0.6132,0.6508,0.5524,-0.3827,0.7405,25.476,0.0882,1.759,0.982,1.0963,201.9,427.8,213.2,443.2,190.5,412.0,1069,0.095,12
1280,8.379,-4.493,3.287,0.7314,0.6336,-0.2524,-0.4411,0.6256,0.6435,0.5678,-0.3607,0.7399,25.477,0.0887,1.539,0.907,0.84722,203.4,426.5,214.5,442.3,192.1,410.4,1070,1.103,12
1281,9.827,-3.229,2.764,0.7227,0.6356,-0.2714,-0.4358,0.6369,0.6359,0.579,-0.3425,0.7399,25.478,0.0827,1.224,0.837,0.60361,204.8,425.2,215.8,441.3,193.7,408.9,1070,0.89,12
1282,11.259,-1.969,2.187,0.7146,0.6286,-0.3068,-0.4317,0.6471,0.6284,0.5962,-0.318,0.7371,25.48,0.0945,1.723,0.763,1.06366,206.3,424.0,217.1,440.3,195.3,407.3,1071,0.284,12
1283,12.677,-0.721,1.552,0.7085,0.6248,-0.3279,-0.4289,0.656,0.621,0.6061,-0.3008,0.7363,25.482,0.0976,1.138,0.682,0.64095,207.7,422.7,218.4,439.3,196.8,405.8,1072,1.424,12
1284,14.084,0.523,0.886,0.7039,0.624,-0.3392,-0.4272,0.6636,0.6141,0.6111,-0.2887,0.7371,25.484,0.0949,0.752,0.596,0.35147,209.1,421.5,219.8,438.3,198.2,404.4,1072,0.572,12
1285,15.484,1.769,0.204,0.7004,0.6256,-0.3436,-0.4268,0.6697,0.6077,0.6128,-0.2801,0.739,25.485,0.0888,0.514,0.507,0.16802,210.5,420.2,221.1,437.2,199.6,403.0,1073,0.526,12
1286,16.877,3.019,-0.48,0.6975,0.6295,-0.3423,-0.4277,0.6742,0.6021,0.6118,-0.2744,0.7419,25.487,0.08,0.371,0.415,0.14461,211.9,419.0,222.5,436.0,201.0,401.6,1073,1.473,12
1287,18.264,4.28,-1.156,0.6951,0.6359,-0.3353,-0.4297,0.677,0.5975,0.6084,-0.2718,0.7456,25.489,0.0685,0.324,0.329,0.28125,213.3,417.7,224.0,434.9,202.4,400.3,1074,0.446,12
1288,19.648,5.556,-1.812,0.6929,0.6454,-0.3214,-0.433,0.6781,0.5939,0.6021,-0.2727,0.7504,25.491,0.0533,0.457,0.287,0.4881,214.6,416.4,225.4,433.6,203.7,399.0,1075,0.506,12
1289,21.026,6.855,-2.432,0.6897,0.6583,-0.3015,-0.4375,0.6772,0.5916,0.594,-0.2763,0.7555,25.492,0.0343,0.586,0.294,0.68837,216.0,415.2,226.9,432.3,204.9,397.7,1076,1.362,12
1290,22.392,8.176,-3.032,0.6817,0.667,-0.3008,-0.4433,0.6743,0.5907,0.5971,-0.2694,0.7556,25.494,0.0301,0.433,0.375,0.34038,217.4,413.8,228.4,430.9,206.2,396.5,1076,0.633,12
1291,23.744,9.512,-3.628,0.6762,0.6746,-0.2962,-0.45,0.6695,0.5909,0.5972,-0.2664,0.7566,25.495,0.0277,0.181,0.472,0.30038,218.7,412.5,229.9,429.5,207.3,395.2,1077,0.149,12
1292,25.088,10.864,-4.21,0.6732,0.6814,-0.2873,-0.4578,0.6631,0.5922,0.5943,-0.2673,0.7586,25.496,0.0265,0.208,0.583,0.33336,220.0,411.2,231.4,428.0,208.5,394.1,1078,0.82,12
1293,26.429,12.228,-4.77,0.6728,0.6874,-0.2736,-0.4663,0.6552,0.5944,0.588,-0.2724,0.7616,25.497,0.026,0.495,0.677,0.43008,221.4,409.8,232.9,426.4,209.6,392.9,1078,1.177,12
1294,27.772,13.603,-5.296,0.6752,0.6925,-0.254,-0.4756,0.6459,0.5972,0.5778,-0.2825,0.7657,25.498,0.0255,0.855,0.77,0.58642,222.7,408.4,234.4,424.8,210.7,391.8,1079,0.572,12
1295,29.122,14.987,-5.777,0.6808,0.6964,-0.227,-0.4854,0.6356,0.6004,0.5625,-0.2987,0.7709,25.499,0.0241,1.311,0.835,0.80082,224.0,407.1,236.0,423.2,211.8,390.6,1080,0.042,12
1296,30.485,16.379,-6.198,0.6841,0.702,-0.198,-0.4956,0.6242,0.6039,0.5477,-0.315,0.7751,25.5,0.0204,1.284,0.899,0.85442,225.4,405.7,237.6,421.5,212.9,389.5,1081,0.425,12
1297,31.847,17.786,-6.567,0.6835,0.7095,-0.1716,-0.5061,0.6122,0.6075,0.5361,-0.3284,0.7776,25.5,0.0158,1.026,0.937,0.78937,226.7,404.3,239.2,419.9,214.0,388.4,1082,0.829,12
1298,33.211,19.205,-6.879,0.6858,0.714,-0.1408,-0.5167,0.5998,0.6109,0.5207,-0.3462,0.7804,25.5,0.0121,1.358,0.955,0.89746,228.1,402.9,240.8,418.1,215.1,387.3,1082,1.164,12
1299,34.582,20.629,-7.127,0.6912,0.7146,-0.1075,-0.5273,0.5875,0.6139,0.5019,-0.3677,0.7829,25.501,0.0106,1.643,0.946,0.97022,229.4,401.5,242.4,416.4,216.2,386.2,1083,0.814,12
1300,35.967,22.05,-7.307,0.6993,0.711,-0.074,-0.5376,0.5755,0.6163,0.4808,-0.3912,0.7847,25.501,0.0124,1.813,0.916,0.99652,230.8,400.0,244.0,414.7,217.4,385.1,1084,0.511,12
1301,37.368,23.464,-7.422,0.7048,0.7082,-0.0412,-0.5475,0.5643,0.6179,0.4609,-0.413,0.7855,25.501,0.0117,1.692,0.861,0.95955,232.2,398.6,245.7,413.0,218.5,384.0,1085,0.254,12
1302,38.776,24.873,-7.471,0.7084,0.7058,-0.0079,-0.5572,0.5539,0.6187,0.4411,-0.4339,0.7856,25.501,0.0087,1.65,0.816,0.96554,233.6,397.2,247.3,411.4,219.7,382.8,1086,0.04,12
1303,40.191,26.276,-7.454,0.7118,0.7019,0.0255,-0.5666,0.5442,0.6187,0.4204,-0.4549,0.7851,25.501,0.0056,1.69,0.774,0.97179,235.0,395.8,248.9,409.8,220.9,381.7,1087,0.134,12
1304,41.613,27.669,-7.37,0.7151,0.6966,0.059,-0.576,0.5349,0.6181,0.399,-0.476,0.7838,25.502,0.0028,1.723,0.758,0.97985,236.4,394.4,250.6,408.1,222.1,380.5,1088,0.266,12
1305,43.041,29.051,-7.219,0.718,0.6899,0.0921,-0.5856,0.5261,0.6167,0.377,-0.4968,0.7817,25.502,0.0007,1.739,0.75,0.97457,237.9,393.1,252.2,406.6,223.2,379.3,1089,0.356,12
1306,44.473,30.42,-7.003,0.719,0.6838,0.1246,-0.5953,0.5175,0.6147,0.3559,-0.5162,0.7791,25.502,0.0024,1.649,0.752,0.95123,239.3,391.7,253.9,405.0,224.4,378.2,1090,0.405,12
1307,45.906,31.775,-6.722,0.7197,0.6763,0.1572,-0.6051,0.5091,0.6122,0.334,-0.5357,0.7756,25.501,0.0051,1.692,0.753,0.96208,240.7,390.3,255.6,403.4,225.6,377.0,1091,0.413,12
1308,47.341,33.114,-6.377,0.7201,0.6677,0.1888,-0.6149,0.5009,0.6091,0.3121,-0.5547,0.7713,25.501,0.0067,1.679,0.753,0.94173,242.2,389.0,257.3,401.9,226.8,375.9,1092,0.379,12
1309,48.776,34.436,-5.971,0.7202,0.6584,0.2188,-0.6247,0.4931,0.6055,0.2908,-0.5728,0.7664,25.501,0.0072,1.626,0.747,0.90309,243.6,387.7,258.9,400.4,228.0,374.7,1093,0.301,12
1310,50.211,35.739,-5.507,0.7192,0.6496,0.2464,-0.6343,0.4856,0.6015,0.2711,-0.5889,0.7613,25.501,0.0075,1.487,0.735,0.83336,245.1,386.4,260.6,398.9,229.2,373.6,1094,0.178,12
1311,51.641,37.026,-4.989,0.7161,0.6423,0.2731,-0.6437,0.4786,0.5972,0.2529,-0.6035,0.7562,25.501,0.0095,1.368,0.715,0.80093,246.5,385.1,262.3,397.5,230.4,372.5,1095,0.01,12
1312,53.066,38.297,-4.419,0.7143,0.6329,0.2988,-0.6526,0.472,0.5927,0.234,-0.6184,0.7502,25.501,0.0097,1.421,0.685,0.78851,247.9,383.8,264.0,396.0,231.6,371.4,1096,0.209,12
1313,54.489,39.548,-3.8,0.7136,0.6219,0.3226,-0.661,0.4661,0.588,0.2153,-0.6329,0.7437,25.501,0.0079,1.406,0.647,0.75408,249.4,382.5,265.6,394.6,232.9,370.2,1097,0.478,12
1314,55.911,40.775,-3.136,0.714,0.6101,0.3434,-0.6687,0.461,0.5834,0.1976,-0.6462,0.7371,25.501,0.0041,1.324,0.591,0.68775,250.8,381.3,267.2,393.3,234.1,369.1,1098,0.801,12
1315,57.335,41.979,-2.433,0.7153,0.5982,0.3612,-0.6755,0.4568,0.5789,0.1813,-0.6581,0.7308,25.5,0.0008,1.211,0.526,0.61675,252.3,380.1,268.9,392.0,235.4,368.0,1100,0.37,12
1316,58.762,43.158,-1.695,0.7164,0.5837,0.3822,-0.6813,0.4536,0.5746,0.1621,-0.672,0.7226,25.5,0.0037,1.437,0.452,0.73476,253.7,378.9,270.4,390.7,236.7,366.9,1101,0.134,12
1317,60.189,44.306,-0.911,0.7161,0.5698,0.4032,-0.686,0.4514,0.5707,0.1432,-0.6853,0.7141,25.5,0.0039,1.411,0.372,0.72404,255.2,377.7,272.0,389.5,238.0,365.8,1103,0.663,13
1318,61.616,45.431,-0.091,0.7153,0.5596,0.4185,-0.6898,0.4501,0.5671,0.129,-0.6943,0.708,25.5,0.0042,1.025,0.309,0.5291,256.6,376.6,273.6,388.3,239.4,364.6,1104,0.09,13
1319,63.041,46.539,0.754,0.7144,0.5527,0.4292,-0.6927,0.4496,0.5639,0.1187,-0.7002,0.7041,25.5,0.0043,0.716,0.249,0.3669,258.1,375.4,275.1,387.2,240.8,363.5,1106,0.412,13
1320,64.463,47.636,1.617,0.7133,0.5485,0.4362,-0.6949,0.4498,0.561,0.1115,-0.7033,0.702,25.5,0.0042,0.465,0.209,0.23688,259.5,374.3,276.6,386.1,242.2,362.4,1107,0.504,13
1321,65.884,48.727,2.49,0.7123,0.5468,0.4401,-0.6965,0.4505,0.5585,0.1071,-0.7043,0.7017,25.5,0.004,0.259,0.175,0.12561,261.0,373.2,278.1,385.0,243.6,361.2,1109,0.452,13
1322,67.302,49.817,3.369,0.7113,0.5472,0.4412,-0.6975,0.4516,0.5564,0.1052,-0.7034,0.7029,25.5,0.0035,0.139,0.147,0.04426,262.4,372.1,279.6,383.9,245.0,360.1,1112,0.323,13
1323,68.719,50.91,4.247,0.7103,0.5497,0.4398,-0.698,0.4531,0.5546,0.1056,-0.7009,0.7054,25.5,0.0028,0.204,0.137,0.08723,263.9,371.0,281.0,382.9,246.4,358.9,1114,0.104,13
1324,70.133,52.009,5.12,0.7092,0.554,0.4361,-0.6981,0.4546,0.5532,0.1082,-0.6967,0.7091,25.5,0.002,0.354,0.118,0.16613,265.3,369.8,282.5,381.8,247.9,357.7,1116,0.398,13
1325,71.545,53.117,5.987,0.7072,0.5564,0.4362,-0.6979,0.4562,0.5521,0.1082,-0.6949,0.7109,25.5,0.0011,0.146,0.112,0.08985,266.8,368.7,283.9,380.7,249.4,356.5,1119,0.131,13
1326,72.952,54.225,6.861,0.7048,0.5554,0.4413,-0.6975,0.4577,0.5513,0.1042,-0.6964,0.71,25.5,0.0059,0.25,0.1,0.16457,268.2,367.6,285.4,379.6,250.8,355.3,1121,0.131,13
1327,74.355,55.331,7.744,0.703,0.5548,0.4449,-0.697,0.4592,0.5508,0.1013,-0.6973,0.7095,25.5,0.0098,0.176,0.095,0.117,269.7,366.4,286.8,378.5,252.3,354.1,1123,0.229,13
1328,75.754,56.436,8.634,0.7018,0.5545,0.4471,-0.6962,0.4606,0.5506,0.0994,-0.6978,0.7094,25.5,0.013,0.113,0.093,0.07257,271.1,365.3,288.2,377.4,253.7,352.9,1125,0.205,13
1329,77.152,57.541,9.526,0.7011,0.5545,0.4483,-0.6954,0.4618,0.5506,0.0983,-0.6979,0.7095,25.5,0.0154,0.064,0.083,0.03992,272.6,364.2,289.6,376.3,255.2,351.8,1127,0.215,13
1330,78.549,58.646,10.42,0.7009,0.5547,0.4484,-0.6945,0.463,0.5508,0.0979,-0.6975,0.7098,25.5,0.017,0.036,0.087,0.00861,274.0,363.0,291.1,375.3,256.7,350.6,1129,0.503,13
1331,79.946,59.752,11.312,0.7011,0.5551,0.4476,-0.6935,0.4641,0.5511,0.0982,-0.6969,0.7104,25.5,0.0181,0.052,0.087,0.02635,275.5,361.9,292.5,374.2,258.2,349.4,1130,0.359,13
1332,81.344,60.859,12.203,0.7017,0.5558,0.4458,-0.6926,0.465,0.5515,0.0993,-0.6958,0.7113,25.5,0.0183,0.103,0.076,0.05813,276.9,360.7,293.9,373.0,259.6,348.2,1132,0.209,13
1333,82.743,61.968,13.089,0.7027,0.5568,0.443,-0.6917,0.4657,0.5519,0.101,-0.6944,0.7125,25.5,0.0177,0.144,0.069,0.09018,278.3,359.6,295.3,371.9,261.1,347.0,1133,0.621,13
1334,84.145,63.079,13.968,0.7041,0.558,0.4392,-0.6909,0.4663,0.5524,0.1034,-0.6925,0.714,25.5,0.0163,0.195,0.064,0.12142,279.8,358.4,296.8,370.8,262.6,345.8,1135,0.144,13
1335,85.55,64.192,14.839,0.706,0.5595,0.4343,-0.6903,0.4667,0.5529,0.1067,-0.6901,0.7158,25.5,0.0139,0.256,0.05,0.15713,281.3,357.3,298.2,369.7,264.1,344.7,1137,0.417,13
1336,86.959,65.309,15.698,0.7084,0.5613,0.428,-0.6898,0.467,0.5533,0.1107,-0.6872,0.718,25.5,0.0103,0.31,0.041,0.20063,282.7,356.1,299.6,368.6,265.5,343.5,1138,0.299,13
1337,88.374,66.429,16.543,0.7113,0.5634,0.4202,-0.6895,0.467,0.5536,0.1157,-0.6835,0.7207,25.5,0.0053,0.389,0.024,0.24679,284.2,355.0,301.1,367.4,267.0,342.3,1140,0.328,13
1338,89.79,67.554,17.379,0.7109,0.5654,0.4183,-0.6895,0.4668,0.5538,0.1179,-0.6821,0.7217,25.5,0.0054,0.16,0.016,0.08014,285.7,353.8,302.6,366.2,268.5,341.1,1141,0.321,14
1339,91.207,68.683,18.21,0.7109,0.5671,0.416,-0.6894,0.4666,0.554,0.1201,-0.6807,0.7227,25.5,0.005,0.16,0.017,0.08222,287.1,352.6,304.0,365.1,270.0,339.9,1143,0.467,14
1340,92.624,69.814,19.037,0.7114,0.5684,0.4134,-0.6891,0.4666,0.5545,0.1223,-0.6793,0.7236,25.5,0.0042,0.158,0.033,0.08479,288.6,351.4,305.5,363.9,271.5,338.8,1144,0.077,14
1341,94.043,70.948,19.858,0.7122,0.5695,0.4103,-0.6882,0.4669,0.5553,0.1247,-0.6779,0.7245,25.5,0.0036,0.167,0.071,0.09729,290.1,350.3,306.9,362.8,273.0,337.5,1145,0.554,14
1342,95.464,72.084,20.672,0.7136,0.5704,0.4068,-0.6865,0.4677,0.5568,0.1273,-0.6765,0.7253,25.5,0.0034,0.175,0.138,0.1114,291.6,349.1,308.4,361.6,274.5,336.3,1147,0.685,14
1343,96.887,73.222,21.478,0.7154,0.5711,0.4025,-0.6837,0.4692,0.5589,0.1304,-0.6751,0.7261,25.5,0.0038,0.2,0.218,0.13551,293.1,347.9,309.8,360.5,276.1,335.1,1148,0.431,14
1344,98.316,74.361,22.276,0.7179,0.5716,0.3974,-0.6795,0.4716,0.562,0.1339,-0.6735,0.727,25.5,0.0051,0.226,0.329,0.16389,294.5,346.7,311.2,359.4,277.7,333.8,1149,0.27,14
1345,99.75,75.501,23.062,0.7212,0.572,0.3909,-0.6737,0.475,0.5662,0.1382,-0.6716,0.7279,25.5,0.0072,0.274,0.454,0.20978,296.0,345.5,312.5,358.3,279.3,332.5,1150,0.209,14
1346,101.192,76.641,23.833,0.7256,0.572,0.3824,-0.6658,0.4796,0.5715,0.1435,-0.6694,0.7289,25.5,0.0098,0.334,0.605,0.27498,297.6,344.3,313.8,357.3,281.1,331.2,1151,0.239,14
1347,102.644,77.78,24.584,0.7319,0.5716,0.3708,-0.6557,0.4856,0.5782,0.1505,-0.6664,0.7302,25.5,0.0121,0.443,0.775,0.37992,299.1,343.1,315.0,356.2,282.8,329.8,1152,0.348,14
1348,104.113,78.92,25.308,0.7415,0.5704,0.3534,-0.6428,0.4929,0.5863,0.1603,-0.6619,0.7322,25.5,0.0117,0.628,0.968,0.57174,300.6,342.0,316.2,355.3,284.7,328.4,1153,0.513,14
1349,105.596,80.054,25.991,0.7502,0.5707,0.3339,-0.627,0.5019,0.5959,0.1725,-0.6564,0.7344,25.5,0.015,0.777,1.178,0.6153,302.1,340.8,317.3,354.3,286.7,327.0,1154,0.73,14
1350,107.102,81.192,26.633,0.7614,0.5703,0.3083,-0.6079,0.5124,0.6065,0.188,-0.6493,0.7369,25.5,0.0164,0.987,1.389,0.80325,303.7,339.6,318.4,353.4,288.8,325.5,1155,0.971,14
1351,108.634,82.326,27.215,0.7761,0.5673,0.2754,-0.5859,0.5245,0.6178,0.2061,-0.6409,0.7395,25.5,0.013,1.153,1.578,1.03993,305.3,338.4,319.4,352.6,291.0,324.0,1155,1.022,14
1352,110.195,83.45,27.73,0.7914,0.5613,0.2419,-0.5607,0.5383,0.6292,0.223,-0.6336,0.7408,25.5,0.0106,1.057,1.771,1.07318,306.9,337.2,320.3,351.8,293.3,322.4,1156,0.763,14
1353,111.788,84.563,28.176,0.807,0.5546,0.2028,-0.5325,0.5537,0.6402,0.2427,-0.6247,0.7422,25.5,0.0072,1.241,1.946,1.22557,308.6,336.1,321.2,351.1,295.7,320.8,1157,0.498,14
1354,113.413,85.659,28.535,0.8235,0.5452,0.1568,-0.5013,0.5707,0.6504,0.2651,-0.6142,0.7433,25.5,0.0003,1.419,2.118,1.43122,310.2,335.0,322.0,350.4,298.2,319.2,1158,0.235,14
1355,115.069,86.734,28.802,0.8382,0.5335,0.113,-0.467,0.589,0.6595,0.2853,-0.6056,0.7429,25.5,0.0027,1.258,2.288,1.37059,311.9,333.9,322.8,349.8,300.8,317.6,1159,0.025,14
1356,116.753,87.784,28.98,0.8517,0.5201,0.0641,-0.4297,0.6085,0.6672,0.308,-0.5958,0.7417,25.5,0.0067,1.418,2.452,1.50885,313.7,332.8,323.6,349.2,303.6,316.0,1160,0.277,14
1357,118.462,88.805,29.06,0.8633,0.5044,0.017,-0.3897,0.6286,0.673,0.3288,-0.5877,0.7393,25.5,0.0079,1.286,2.587,1.46617,315.4,331.7,324.3,348.7,306.4,314.4,1161,0.529,14
1358,120.192,89.794,29.053,0.8728,0.4875,-0.0245,-0.3477,0.649,0.6767,0.3458,-0.5821,0.7359,25.5,0.0037,1.044,2.684,1.31718,317.2,330.7,324.9,348.3,309.3,312.8,1162,0.779,14
1359,121.939,90.748,28.959,0.8803,0.4692,-0.0698,-0.3042,0.6691,0.6781,0.3649,-0.5757,0.7318,25.5,0.0012,1.178,2.747,1.42138,318.9,329.8,325.5,347.8,312.2,311.3,1163,1.03,14
1360,123.7,91.662,28.775,0.8869,0.4477,-0.114,-0.2599,0.6888,0.6768,0.3815,-0.5706,0.7272,25.5,0.0007,1.029,2.779,1.42618,320.7,328.8,326.2,347.4,315.1,309.9,1163,0.963,14
1361,125.473,92.531,28.505,0.8913,0.4253,-0.1573,-0.2152,0.7077,0.6729,0.3975,-0.5659,0.7223,25.5,0.0033,0.996,2.79,1.40753,322.5,328.0,326.8,347.0,318.1,308.5,1164,0.709,14
1362,127.252,93.355,28.148,0.8938,0.4006,-0.2013,-0.1707,0.7258,0.6664,0.4131,-0.5613,0.7172,25.5,0.004,0.977,2.778,1.45288,324.3,327.2,327.4,346.7,321.1,307.3,1165,0.452,14
1363,129.034,94.125,27.702,0.8949,0.3721,-0.2463,-0.127,0.743,0.6572,0.4275,-0.5568,0.7121,25.5,0.0009,0.912,2.742,1.53217,326.1,326.4,328.1,346.4,324.0,306.1,1166,0.188,14
1364,130.816,94.838,27.167,0.8932,0.3437,-0.29,-0.0843,0.7592,0.6454,0.442,-0.552,0.707,25.5,0.0015,0.923,2.703,1.49952,327.8,325.7,328.8,346.1,326.9,305.0,1167,0.082,14
1365,132.593,95.496,26.548,0.8894,0.3159,-0.3303,-0.0426,0.7744,0.6313,0.4552,-0.5474,0.7022,25.5,0.0018,0.847,2.668,1.41214,329.6,325.1,329.5,345.8,329.7,304.0,1168,0.359,14
1366,134.36,96.097,25.851,0.8838,0.2877,-0.3691,-0.0016,0.7886,0.6149,0.468,-0.5428,0.6974,25.5,0.0015,0.826,2.658,1.38873,331.3,324.5,330.2,345.6,332.5,303.0,1169,0.641,14
1367,136.114,96.642,25.078,0.876,0.2589,-0.407,0.0389,0.8018,0.5963,0.4807,-0.5381,0.6923,25.5,0.001,0.829,2.663,1.38697,333.0,324.0,330.9,345.4,335.2,302.2,1170,0.927,14
1368,137.85,97.129,24.23,0.8661,0.2292,-0.4443,0.0788,0.814,0.5756,0.4935,-0.5335,0.6869,25.5,0.0009,0.839,2.669,1.40025,334.7,323.5,331.6,345.2,338.0,301.5,1170,1.067,14
1369,139.564,97.555,23.307,0.854,0.1986,-0.4809,0.1182,0.8249,0.5528,0.5065,-0.5289,0.681,25.5,0.0011,0.859,2.682,1.41529,336.4,323.2,332.3,345.1,340.6,300.9,1171,0.777,14
1370,141.252,97.92,22.313,0.8398,0.1675,-0.5164,0.1573,0.8346,0.528,0.5194,-0.5246,0.6745,25.5,0.0008,0.864,2.711,1.41728,338.0,322.9,332.9,345.0,343.2,300.4,1172,0.483,14
1371,142.91,98.221,21.249,0.8231,0.1351,-0.5515,0.1961,0.8428,0.5012,0.5326,-0.5208,0.6672,25.5,0.0011,0.891,2.743,1.45525,339.6,322.6,333.6,344.9,345.8,300.0,1173,0.186,14
1372,144.532,98.458,20.116,0.8042,0.1021,-0.5855,0.2346,0.8494,0.4727,0.5456,-0.5175,0.6592,25.5,0.0014,0.895,2.771,1.46703,341.2,322.4,334.2,344.9,348.3,299.7,1174,0.114,14
1373,146.114,98.628,18.916,0.7829,0.0679,-0.6184,0.2725,0.8545,0.4423,0.5585,-0.5148,0.6505,25.5,0.0022,0.905,2.799,1.49585,342.7,322.3,334.8,344.8,350.7,299.5,1175,0.418,14
1374,147.65,98.728,17.652,0.7588,0.033,-0.6504,0.3096,0.8578,0.4102,0.5715,-0.5127,0.6408,25.5,0.0036,0.937,2.818,1.52797,344.1,322.3,335.3,344.8,353.0,299.5,1176,0.723,14
1375,149.138,98.76,16.326,0.7344,-0.0004,-0.6787,0.3456,0.8596,0.3764,0.5832,-0.511,0.6315,25.5,0.002,0.862,2.831,1.4413,345.5,322.3,335.9,344.9,355.3,299.6,1177,1.026,14
1376,150.577,98.727,14.949,0.7097,-0.0326,-0.7038,0.3801,0.8598,0.3411,0.5939,-0.5095,0.6226,25.5,0.0017,0.802,2.828,1.37214,346.8,322.4,336.4,344.9,357.4,299.7,1177,0.967,14
1377,151.965,98.63,13.522,0.683,-0.0648,-0.7276,0.4127,0.8585,0.3043,0.6049,-0.5081,0.6131,25.5,0.0048,0.837,2.818,1.38385,348.1,322.6,336.9,345.0,359.4,300.0,1178,0.667,14
1378,153.298,98.468,12.05,0.6546,-0.0979,-0.7496,0.4432,0.856,0.2662,0.6156,-0.5065,0.6037,25.5,0.0068,0.821,2.8,1.40467,349.3,322.9,337.4,345.1,361.3,300.4,1179,0.375,14
1379,154.573,98.24,10.536,0.6246,-0.1306,-0.7699,0.4713,0.8523,0.2269,0.6266,-0.5046,0.5939,25.5,0.0084,0.851,2.776,1.40339,350.5,323.2,337.9,345.3,363.1,300.9,1180,0.093,14
1380,155.787,97.947,8.983,0.593,-0.1636,-0.7884,0.4968,0.8475,0.1867,0.6377,-0.5024,0.5839,25.5,0.0088,0.865,2.742,1.41753,351.6,323.6,338.5,345.5,364.8,301.5,1181,0.179,14
1381,156.935,97.587,7.394,0.5589,-0.1979,-0.8053,0.5195,0.8419,0.1457,0.6492,-0.4998,0.5734,25.5,0.0064,0.905,2.705,1.47326,352.6,324.0,339.0,345.7,366.2,302.2,1182,0.433,14
1382,158.014,97.16,5.775,0.5237,-0.2309,-0.82,0.5394,0.8356,0.104,0.6612,-0.4968,0.5622,25.5,0.0043,0.956,2.672,1.45048,353.5,324.5,339.5,346.0,367.6,303.0,1183,0.669,14
1383,159.021,96.666,4.127,0.4861,-0.2654,-0.8327,0.5566,0.8285,0.0618,0.6734,-0.4935,0.5504,25.5,0.0008,0.991,2.643,1.51216,354.4,325.1,340.0,346.4,368.8,303.8,1184,0.885,14
1384,159.949,96.102,2.457,0.4454,-0.3004,-0.8434,0.5714,0.8204,0.019,0.6863,-0.4904,0.5371,25.5,0.008,1.076,2.636,1.5741,355.2,325.8,340.5,346.7,369.8,304.8,1185,1.079,14
1385,160.798,95.471,0.768,0.4073,-0.332,-0.8508,0.5841,0.8113,-0.0243,0.6983,-0.4871,0.5244,25.5,0.0108,1.019,2.638,1.43928,355.9,326.5,341.0,347.2,370.7,305.8,1185,0.914,14
1386,161.575,94.78,-0.932,0.3723,-0.3609,-0.8551,0.5951,0.8007,-0.0681,0.7093,-0.4836,0.5129,25.5,0.0092,0.934,2.658,1.31104,356.5,327.3,341.5,347.6,371.5,307.0,1186,0.747,14
1387,162.279,94.033,-2.64,0.3348,-0.3891,-0.8582,0.6047,0.7885,-0.1124,0.7204,-0.4813,0.4993,25.5,0.0079,1.014,2.69,1.35214,357.0,328.1,341.9,348.1,372.2,308.2,1187,0.61,14
1388,162.909,93.229,-4.351,0.2966,-0.4181,-0.8586,0.6131,0.7742,-0.1573,0.7305,-0.4798,0.486,25.5,0.0068,0.961,2.743,1.3792,357.5,329.0,342.2,348.5,372.7,309.6,1188,0.507,14
1389,163.459,92.365,-6.06,0.2552,-0.4485,-0.8566,0.6206,0.7574,-0.2028,0.7398,-0.4799,0.4716,25.5,0.0076,0.982,2.812,1.47822,357.9,329.9,342.6,349.0,373.2,311.0,1189,0.443,14
1390,163.926,91.442,-7.763,0.213,-0.4777,-0.8523,0.6272,0.738,-0.249,0.748,-0.4815,0.4568,25.5,0.0067,0.974,2.896,1.48084,358.2,331.0,342.8,349.4,373.5,312.6,1190,0.426,14
1391,164.309,90.462,-9.455,0.1723,-0.5057,-0.8453,0.6324,0.7161,-0.2954,0.7547,-0.4837,0.4432,25.5,0.0035,0.878,2.955,1.43483,358.5,332.0,343.0,349.9,373.7,314.3,1191,0.46,14
1392,164.611,89.427,-11.131,0.13,-0.5326,-0.8363,0.6357,0.6922,-0.3416,0.7608,-0.4873,0.4286,25.5,0.0003,0.93,2.987,1.46469,358.6,333.1,343.2,350.3,373.8,316.1,1192,0.547,14
1393,164.827,88.34,-12.787,0.0874,-0.559,-0.8246,0.6358,0.6677,-0.3872,0.767,-0.4904,0.4138,25.5,0.0016,0.936,2.966,1.47993,358.7,334.3,343.4,350.8,373.8,317.9,1193,0.69,14
1394,164.958,87.2,-14.416,0.0432,-0.5847,-0.8101,0.6313,0.6443,-0.4317,0.7744,-0.4927,0.3969,25.5,0.0003,1.065,2.892,1.52833,358.6,335.5,343.6,351.4,373.5,319.8,1195,0.85,14
1395,165.004,86.012,-16.015,0.0036,-0.6067,-0.795,0.6201,0.6238,-0.4758,0.7845,-0.4912,0.3784,25.5,0.002,1.211,2.86,1.37302,358.5,336.7,343.9,352.0,373.0,321.7,1196,0.534,14
1396,164.974,84.783,-17.583,-0.033,-0.6271,-0.7783,0.5997,0.6076,-0.5207,0.7994,-0.4839,0.356,25.5,0.0044,1.597,2.975,1.29701,358.4,338.0,344.3,352.9,372.2,323.4,1197,0.153,14
1397,164.862,83.51,-19.113,-0.0778,-0.649,-0.7568,0.5668,0.5971,-0.5676,0.8203,-0.4731,0.3214,25.5,0.0021,2.397,3.338,1.56162,358.1,339.4,345.0,353.9,371.0,325.1,1198,0.295,14
1398,164.672,82.198,-20.6,-0.111,-0.668,-0.7358,0.5159,0.5933,-0.6179,0.8493,-0.4482,0.2788,25.5,0.0011,3.28,4.107,1.2548,357.8,340.7,346.1,355.1,369.3,326.6,1200,0.579,14
1399,164.408,80.845,-22.039,-0.1554,-0.6902,-0.7068,0.441,0.5955,-0.6715,0.8843,-0.416,0.2119,25.5,0.0049,4.704,5.281,1.65339,357.4,342.1,347.7,356.5,366.9,328.0,1201,0.089,14
1400,164.069,79.448,-23.418,-0.184,-0.7118,-0.6779,0.3417,0.5993,-0.724,0.9215,-0.3648,0.133,25.5,0.0013,5.798,6.443,1.32387,357.0,343.6,349.9,358.0,363.9,329.4,1203,0.374,14
1401,163.669,78.006,-24.734,-0.2106,-0.7379,-0.6412,0.2232,0.5992,-0.7688,0.9515,-0.3051,0.0385,25.5,0.0038,6.635,7.263,1.50418,356.4,345.1,352.5,359.5,360.3,331.0,1204,0.478,14
1402,163.239,76.508,-25.975,-0.223,-0.7645,-0.6049,0.0998,0.5916,-0.8001,0.9695,-0.2388,-0.0557,25.5,0.0094,6.684,7.312,1.34232,355.9,346.6,355.2,360.8,356.6,332.7,1206,0.348,14
1403,162.808,74.95,-27.14,-0.2056,-0.7999,-0.5639,-0.0064,0.5752,-0.818,0.9786,-0.1646,-0.1234,25.5,0.0025,5.781,6.245,1.63615,355.4,348.2,357.4,361.9,353.4,334.7,1208,0.407,14
1404,162.407,73.329,-28.229,-0.1942,-0.8252,-0.5304,-0.0813,0.552,-0.8299,0.9776,-0.118,-0.1743,25.5,0.0005,3.955,4.545,1.25077,354.9,349.8,358.8,363.0,351.0,336.9,1211,0.171,14
1405,162.046,71.66,-29.256,-0.162,-0.8505,-0.5004,-0.1546,0.5192,-0.8406,0.9747,-0.0588,-0.2155,25.5,0.0041,4.137,4.643,1.45971,354.5,351.5,360.3,363.8,348.8,339.4,1213,0.331,14
1406,161.76,69.938,-30.216,-0.1366,-0.876,-0.4625,-0.2459,0.4756,-0.8446,0.9599,-0.0016,-0.2804,25.5,0.0076,5.03,5.804,1.50318,354.1,353.2,362.2,364.5,346.1,342.2,1217,0.111,14
1407,161.471,68.18,-31.108,-0.1451,-0.8909,-0.4304,-0.3284,0.4441,-0.8336,0.9339,0.0204,-0.357,25.5,0.0108,4.804,5.101,1.04667,353.7,355.0,363.9,365.5,343.8,344.7,1221,0.227,14
1408,161.181,66.393,-31.942,-0.1506,-0.8991,-0.411,-0.3864,0.4386,-0.8114,0.9098,0.0367,-0.4135,25.5,0.0027,3.642,3.573,0.6259,353.4,356.8,365.0,367.1,342.0,346.6,1224,0.168,14
1409,160.857,64.605,-32.76,-0.1767,-0.8936,-0.4127,-0.426,0.4491,-0.7854,0.8872,0.037,-0.46,25.5,0.0019,2.963,2.78,0.76833,353.0,358.6,365.5,369.2,340.7,348.1,1226,0.173,14
1410,160.476,62.834,-33.589,-0.2013,-0.8873,-0.4149,-0.4532,0.4629,-0.7618,0.868,0.0346,-0.4953,25.5,0.0034,2.307,2.21,0.73312,352.5,360.3,365.7,371.4,339.7,349.5,1228,0.184,14
1411,160.063,61.066,-34.411,-0.2126,-0.8863,-0.4113,-0.4719,0.4735,-0.7437,0.854,0.036,-0.519,25.5,0.0135,1.579,1.61,0.34214,352.1,362.1,365.6,373.4,338.8,351.0,1230,0.144,14
1412,159.63,59.302,-35.23,-0.2222,-0.8839,-0.4116,-0.484,0.4817,-0.7306,0.8441,0.0369,-0.5349,25.5,0.0175,1.074,1.125,0.2847,351.6,363.8,365.4,375.4,338.0,352.5,1231,0.558,15
1413,159.178,57.544,-36.054,-0.2314,-0.8801,-0.4145,-0.4907,0.4886,-0.7215,0.8376,0.0364,-0.545,25.5,0.0174,0.689,0.759,0.29797,351.1,365.6,365.0,377.4,337.4,354.1,1233,0.302,15
1414,158.707,55.794,-36.884,-0.2413,-0.8749,-0.4198,-0.4934,0.4951,-0.7151,0.8336,0.0345,-0.5513,25.5,0.0139,0.441,0.545,0.35576,350.5,367.3,364.5,379.3,336.8,355.6,1234,0.123,15
1415,158.215,54.057,-37.729,-0.2529,-0.8677,-0.428,-0.4934,0.5021,-0.7103,0.8312,0.0315,-0.5551,25.5,0.0069,0.31,0.486,0.45785,350.0,369.1,364.0,381.2,336.2,357.2,1235,0.443,15
1416,157.697,52.338,-38.593,-0.2675,-0.8572,-0.4402,-0.4917,0.5105,-0.7055,0.8294,0.0277,-0.558,25.5,0.0045,0.293,0.563,0.62462,349.4,370.8,363.3,383.1,335.7,358.6,1236,0.653,15
1417,157.154,50.64,-39.482,-0.2775,-0.848,-0.4515,-0.4893,0.5208,-0.6995,0.8284,0.0268,-0.5595,25.5,0.01,0.115,0.697,0.50834,348.8,372.4,362.6,385.1,335.2,360.1,1237,0.747,15
1418,156.59,48.958,-40.39,-0.2882,-0.8399,-0.4599,-0.4868,0.5329,-0.6922,0.8265,0.0244,-0.5624,25.5,0.0111,0.242,0.822,0.45517,348.2,374.1,361.9,387.1,334.7,361.4,1238,0.719,15
1419,156.004,47.291,-41.313,-0.3003,-0.8324,-0.4657,-0.484,0.5463,-0.6836,0.8235,0.0201,-0.567,25.5,0.009,0.4,0.926,0.44198,347.5,375.8,361.1,389.1,334.1,362.7,1239,0.562,15
1420,155.392,45.64,-42.245,-0.3144,-0.8253,-0.4691,-0.4813,0.5606,-0.6739,0.8191,0.0139,-0.5735,25.5,0.0048,0.573,1.002,0.4643,346.8,377.4,360.4,391.1,333.5,364.0,1240,0.271,15
1421,154.749,44.002,-43.181,-0.3308,-0.8184,-0.4699,-0.4789,0.5753,-0.6631,0.813,0.0056,-0.5822,25.5,0.0008,0.773,1.054,0.51205,346.1,379.0,359.6,393.1,332.9,365.2,1241,0.169,15
1422,154.071,42.378,-44.116,-0.3503,-0.8115,-0.4678,-0.4767,0.5902,-0.6515,0.8047,-0.0052,-0.5936,25.5,0.0072,1.018,1.089,0.59771,345.4,380.6,358.7,395.1,332.3,366.4,1242,0.732,15
1423,153.356,40.769,-45.05,-0.3661,-0.8019,-0.4721,-0.4752,0.6047,-0.6391,0.7981,-0.0097,-0.6025,25.5,0.0092,0.685,1.097,0.54577,344.6,382.2,357.9,397.0,331.6,367.7,1242,1.261,15
1424,152.61,39.182,-45.995,-0.3832,-0.7916,-0.4759,-0.4741,0.6188,-0.6263,0.7903,-0.0144,-0.6125,25.5,0.0101,0.775,1.093,0.58429,343.8,383.8,357.0,399.0,330.8,368.9,1243,0.579,15
1425,151.825,37.614,-46.943,-0.4049,-0.7817,-0.4743,-0.4734,0.6324,-0.6132,0.7793,-0.0237,-0.6262,25.5,0.0118,1.139,1.083,0.68731,343.0,385.3,356.1,400.9,330.1,370.1,1244,0.208,15
1426,150.993,36.066,-47.882,-0.4312,-0.772,-0.4669,-0.4729,0.6452,-0.6001,0.7646,-0.038,-0.6434,25.5,0.014,1.534,1.05,0.83369,342.1,386.9,355.2,402.7,329.2,371.3,1245,1.087,15
1427,150.104,34.537,-48.8,-0.4618,-0.7626,-0.453,-0.4725,0.6573,-0.5872,0.7456,-0.0571,-0.6639,25.5,0.0171,1.94,1.014,1.00345,341.1,388.4,354.2,404.6,328.3,372.5,1245,0.906,15
1428,149.154,33.027,-49.69,-0.4891,-0.7514,-0.4429,-0.472,0.6685,-0.5747,0.728,-0.0721,-0.6818,25.5,0.0169,1.676,0.962,0.89674,340.1,389.9,353.1,406.3,327.4,373.7,1246,0.061,15
1429,148.153,31.543,-50.564,-0.5167,-0.7383,-0.4335,-0.4714,0.6788,-0.563,0.71,-0.0866,-0.6989,25.5,0.0135,1.647,0.894,0.91913,339.1,391.3,352.0,408.0,326.4,374.8,1247,1.099,15
1430,147.093,30.085,-51.414,-0.5475,-0.7245,-0.4188,-0.4708,0.6881,-0.5521,0.6882,-0.1051,-0.7178,25.5,0.0095,1.964,0.822,1.05854,338.0,392.8,350.9,409.7,325.3,376.0,1247,0.894,15
1431,145.97,28.656,-52.23,-0.5794,-0.7104,-0.3995,-0.4702,0.6964,-0.5422,0.6634,-0.1263,-0.7375,25.5,0.0057,2.184,0.741,1.14617,336.9,394.2,349.7,411.3,324.2,377.2,1248,0.226,15
1432,144.784,27.254,-53.004,-0.6105,-0.6964,-0.3773,-0.4696,0.7035,-0.5334,0.6369,-0.1485,-0.7565,25.5,0.002,2.26,0.649,1.17023,335.6,395.5,348.4,412.9,323.1,378.4,1249,1.42,15
1433,143.538,25.886,-53.744,-0.6396,-0.6765,-0.3651,-0.4691,0.7095,-0.5259,0.6148,-0.1651,-0.7712,25.5,0.0121,1.794,0.551,1.07261,334.4,396.9,347.1,414.4,321.8,379.6,1249,0.574,15
1434,142.238,24.554,-54.456,-0.6646,-0.6611,-0.3483,-0.4689,0.7143,-0.5195,0.5924,-0.182,-0.7848,25.5,0.0203,1.787,0.459,0.9727,333.1,398.2,345.7,415.8,320.6,380.8,1250,0.696,15
1435,140.891,23.249,-55.13,-0.6861,-0.6498,-0.3271,-0.4689,0.7181,-0.5142,0.5693,-0.1995,-0.7976,25.5,0.0233,1.815,0.374,0.92693,331.7,399.4,344.4,417.2,319.2,382.0,1250,1.298,15
1436,139.505,21.962,-55.757,-0.7044,-0.6424,-0.3018,-0.4692,0.721,-0.5099,0.5453,-0.2176,-0.8095,25.5,0.0212,1.852,0.298,0.92274,330.3,400.7,343.0,418.5,317.8,383.1,1251,0.042,15
1437,138.085,20.686,-56.33,-0.72,-0.6383,-0.2725,-0.4701,0.723,-0.5063,0.5202,-0.2365,-0.8206,25.5,0.0149,1.909,0.242,0.96164,328.9,401.9,341.5,419.8,316.4,384.3,1252,1.412,15
1438,136.632,19.425,-56.848,-0.7395,-0.6255,-0.2489,-0.4714,0.7241,-0.5035,0.4952,-0.255,-0.8305,25.5,0.021,1.87,0.188,0.95418,327.4,403.2,340.1,421.1,315.0,385.5,1252,0.581,15
1439,135.142,18.191,-57.323,-0.7555,-0.6142,-0.2279,-0.4733,0.7244,-0.5012,0.4731,-0.2709,-0.8384,25.5,0.0269,1.624,0.172,0.82563,326.0,404.4,338.7,422.3,313.5,386.7,1253,0.833,15
1440,133.623,16.974,-57.755,-0.7676,-0.6069,-0.2061,-0.476,0.7239,-0.4993,0.4525,-0.2853,-0.8449,25.5,0.0289,1.487,0.191,0.74694,324.5,405.6,337.2,423.4,311.9,387.9,1253,1.163,15
1441,132.084,15.769,-58.143,-0.7765,-0.6031,-0.1825,-0.4795,0.7227,-0.4979,0.4323,-0.2992,-0.8506,25.5,0.0273,1.442,0.227,0.73337,322.9,406.7,335.8,424.6,310.3,389.1,1254,0.273,15
1442,130.53,14.568,-58.48,-0.7828,-0.6026,-0.1554,-0.4838,0.7206,-0.4967,0.4113,-0.3137,-0.8558,25.5,0.0217,1.492,0.283,0.80003,321.4,407.9,334.3,425.7,308.7,390.3,1255,1.706,15
1443,128.966,13.365,-58.758,-0.7863,-0.6056,-0.1226,-0.4891,0.7177,-0.4957,0.3882,-0.3298,-0.8606,25.5,0.0107,1.637,0.351,0.95235,319.9,409.1,332.9,426.8,307.0,391.5,1255,0.288,15
1444,127.393,12.16,-58.967,-0.794,-0.6016,-0.0867,-0.4955,0.714,-0.4947,0.3596,-0.3499,-0.8651,25.5,0.0068,2.019,0.427,1.06193,318.3,410.2,331.5,427.9,305.4,392.8,1256,1.143,15
1445,125.803,10.967,-59.104,-0.8013,-0.5961,-0.0508,-0.5029,0.7094,-0.4938,0.3304,-0.3701,-0.8683,25.5,0.0052,2.043,0.502,1.06538,316.8,411.4,330.1,428.9,303.6,394.1,1256,0.851,15
1446,124.202,9.782,-59.17,-0.8047,-0.5935,-0.016,-0.5113,0.7041,-0.4928,0.3037,-0.3884,-0.87,25.5,0.0014,1.857,0.572,1.00819,315.2,412.5,328.8,430.0,301.9,395.3,1257,0.562,15
1447,122.598,8.599,-59.169,-0.8042,-0.5942,0.0158,-0.5206,0.698,-0.4917,0.2811,-0.4036,-0.8706,25.5,0.0039,1.561,0.64,0.91469,313.7,413.7,327.4,431.0,300.1,396.6,1257,1.431,15
1448,120.999,7.412,-59.11,-0.8001,-0.5984,0.0427,-0.5307,0.6912,-0.4905,0.264,-0.4152,-0.8706,25.5,0.0099,1.184,0.701,0.79164,312.2,414.8,326.1,432.0,298.4,397.9,1258,0.044,15
1449,119.406,6.22,-58.993,-0.7995,-0.5957,0.0772,-0.5416,0.6836,-0.4892,0.2387,-0.433,-0.8692,25.5,0.012,1.774,0.765,0.99509,310.6,416.0,324.9,432.9,296.6,399.3,1259,1.323,15
1450,117.814,5.036,-58.806,-0.7976,-0.5932,0.1094,-0.5532,0.6753,-0.4878,0.2155,-0.4496,-0.8668,25.5,0.0127,1.64,0.821,0.93031,309.1,417.1,323.6,433.9,294.8,400.6,1259,0.669,15
1451,116.229,3.854,-58.562,-0.793,-0.5942,0.1343,-0.5651,0.6665,-0.4862,0.1994,-0.4615,-0.8644,25.5,0.0132,1.155,0.853,0.72863,307.6,418.3,322.4,434.8,293.0,401.9,1260,0.667,15
1452,114.655,2.666,-58.276,-0.7865,-0.5987,0.1514,-0.5772,0.6573,-0.4846,0.1906,-0.4686,-0.8626,25.5,0.0129,0.656,0.876,0.5417,306.1,419.4,321.2,435.7,291.2,403.3,1260,1.327,15
1453,113.095,1.465,-57.963,-0.7787,-0.6063,0.1613,-0.5893,0.6476,-0.483,0.1884,-0.4712,-0.8617,25.5,0.0117,0.202,0.893,0.42319,304.6,420.6,320.0,436.7,289.4,404.7,1261,0.037,15
1454,111.551,0.25,-57.632,-0.7724,-0.61,0.1768,-0.6012,0.6378,-0.4813,0.1809,-0.4781,-0.8595,25.5,0.0098,0.597,0.889,0.49274,303.1,421.8,318.8,437.6,287.6,406.1,1262,1.216,15
1455,110.015,-0.964,-57.256,-0.768,-0.6087,0.1991,-0.6128,0.6279,-0.4798,0.167,-0.4905,-0.8553,25.5,0.0071,1.094,0.878,0.65446,301.6,422.9,317.6,438.6,285.9,407.5,1262,0.778,15
1456,108.49,-2.178,-56.844,-0.7627,-0.6109,0.2124,-0.6237,0.6181,-0.4785,0.161,-0.4974,-0.8524,25.5,0.0035,0.55,0.843,0.4165,300.2,424.1,316.4,439.5,284.2,408.9,1263,0.404,15
1457,106.976,-3.401,-56.414,-0.7567,-0.6162,0.2182,-0.6339,0.6085,-0.4775,0.1614,-0.4996,-0.8511,25.5,0.0005,0.148,0.805,0.28419,298.7,425.3,315.2,440.5,282.5,410.3,1264,1.503,15
1458,105.474,-4.636,-55.979,-0.7501,-0.6246,0.2174,-0.6431,0.5993,-0.4768,0.1675,-0.4975,-0.8511,25.5,0.0044,0.37,0.747,0.308,297.3,426.5,314.0,441.4,280.8,411.7,1264,0.492,15
1459,103.987,-5.892,-55.551,-0.7425,-0.636,0.2104,-0.6511,0.5906,-0.4767,0.179,-0.4909,-0.8526,25.5,0.0075,0.765,0.677,0.44234,295.9,427.7,312.8,442.5,279.2,413.2,1265,0.515,15
1460,102.516,-7.174,-55.144,-0.7336,-0.6504,0.1969,-0.6579,0.5826,-0.4773,0.1957,-0.4797,-0.8553,25.5,0.0097,1.162,0.603,0.62248,294.5,429.0,311.5,443.5,277.6,414.6,1266,1.411,15
1461,101.064,-8.486,-54.768,-0.7222,-0.6662,0.1862,-0.6632,0.5755,-0.4785,0.2116,-0.4691,-0.8574,25.5,0.0065,1.102,0.512,0.63917,293.1,430.2,310.2,444.6,276.1,416.0,1266,0.581,15
1462,99.637,-9.825,-54.394,-0.7106,-0.678,0.1883,-0.6669,0.5694,-0.4806,0.2186,-0.4671,-0.8568,25.5,0.0027,0.419,0.426,0.47957,291.7,431.5,309.0,445.8,274.7,417.5,1267,0.223,15
1463,98.231,-11.187,-54.02,-0.7016,-0.6879,0.1862,-0.6693,0.5644,-0.4833,0.2274,-0.4637,-0.8563,25.5,0.0087,0.541,0.353,0.38935,290.4,432.9,307.7,447.0,273.3,418.9,1268,0.934,15
1464,96.84,-12.566,-53.655,-0.6948,-0.6963,0.18,-0.6702,0.5604,-0.4866,0.238,-0.4588,-0.8561,25.5,0.0121,0.669,0.302,0.35818,289.0,434.2,306.4,448.3,271.9,420.3,1268,1.062,15
1465,95.46,-13.962,-53.305,-0.69,-0.7036,0.1698,-0.6699,0.5575,-0.4903,0.2504,-0.4521,-0.8561,25.5,0.0133,0.808,0.27,0.3861,287.7,435.6,305.0,449.6,270.6,421.8,1269,0.424,15
1466,94.088,-15.37,-52.981,-0.6871,-0.7098,0.1551,-0.6684,0.5557,-0.4944,0.2647,-0.4434,-0.8563,25.5,0.0119,0.959,0.271,0.46617,286.4,436.9,303.7,450.9,269.3,423.2,1270,0.166,15
1467,92.72,-16.79,-52.691,-0.686,-0.715,0.1352,-0.6658,0.5551,-0.4986,0.2815,-0.432,-0.8568,25.5,0.0076,1.164,0.285,0.59215,285.1,438.3,302.3,452.3,268.1,424.5,1271,0.693,15
1468,91.353,-18.219,-52.446,-0.6865,-0.7189,0.1087,-0.6621,0.5556,-0.5029,0.3012,-0.4172,-0.8574,25.5,0.0004,1.412,0.326,0.77028,283.8,439.7,300.9,453.7,266.9,425.9,1272,1.19,15
1469,89.985,-19.656,-52.256,-0.6847,-0.7238,0.0856,-0.6575,0.5572,-0.5071,0.3194,-0.4035,-0.8574,25.5,0.0035,1.305,0.368,0.68098,282.4,441.1,299.5,455.1,265.7,427.3,1272,0.802,15
1470,88.625,-21.104,-52.105,-0.6802,-0.7301,0.0657,-0.6521,0.5599,-0.5112,0.3365,-0.3905,-0.8569,25.5,0.0012,1.231,0.418,0.61402,281.1,442.5,298.0,456.6,264.5,428.6,1273,0.329,15
1471,87.274,-22.566,-51.996,-0.6755,-0.7361,0.0431,-0.6461,0.5633,-0.515,0.3548,-0.3758,-0.8561,25.5,0.0004,1.346,0.451,0.68574,279.8,443.9,296.6,458.1,263.3,429.9,1274,0.144,15
1472,85.933,-24.038,-51.934,-0.6707,-0.7414,0.0189,-0.6397,0.5673,-0.5186,0.3737,-0.3599,-0.8548,25.5,0.0014,1.417,0.479,0.72562,278.5,445.4,295.1,459.7,262.2,431.2,1275,0.603,15
1473,84.601,-25.52,-51.921,-0.6662,-0.7458,-0.0056,-0.6332,0.5717,-0.5218,0.3923,-0.344,-0.8531,25.5,0.0016,1.405,0.486,0.7274,277.2,446.8,293.6,461.3,261.1,432.6,1276,1.072,15
1474,83.278,-27.009,-51.956,-0.662,-0.7489,-0.0293,-0.6268,0.5761,-0.5246,0.4098,-0.3289,-0.8508,25.5,0.0011,1.331,0.473,0.69775,275.9,448.3,292.2,462.8,259.9,433.9,1276,0.921,15
1475,81.962,-28.504,-52.037,-0.6584,-0.7508,-0.0536,-0.6207,0.5805,-0.527,0.4268,-0.3137,-0.8482,25.5,0.0011,1.315,0.452,0.70834,274.7,449.7,290.7,464.4,258.8,435.2,1277,0.439,15
1476,80.654,-30.001,-52.173,-0.6542,-0.7519,-0.0819,-0.6151,0.5846,-0.529,0.4456,-0.2957,-0.845,25.5,0.0062,1.503,0.414,0.82317,273.4,451.2,289.3,466.0,257.7,436.6,1278,0.065,15
1477,79.355,-31.501,-52.36,-0.6493,-0.7532,-0.105,-0.6101,0.5884,-0.5306,0.4615,-0.2805,-0.8417,25.5,0.0087,1.274,0.371,0.68006,272.1,452.6,287.9,467.5,256.5,437.9,1279,0.592,15
1478,78.066,-33.003,-52.588,-0.6441,-0.755,-0.123,-0.6058,0.5917,-0.5319,0.4744,-0.2681,-0.8385,25.5,0.0089,1.041,0.319,0.54121,270.8,454.1,286.5,469.1,255.4,439.3,1280,1.152,15
1479,76.788,-34.51,-52.847,-0.6387,-0.7573,-0.1362,-0.6021,0.5945,-0.533,0.4846,-0.2584,-0.8357,25.5,0.0069,0.822,0.273,0.41536,269.6,455.5,285.2,470.6,254.2,440.7,1280,0.846,15
1480,75.521,-36.022,-53.128,-0.6333,-0.7602,-0.1448,-0.5991,0.5967,-0.5338,0.4923,-0.2513,-0.8334,25.5,0.0031,0.614,0.218,0.30362,268.4,457.0,283.8,472.1,253.1,442.1,1281,0.257,15
1481,74.264,-37.541,-53.422,-0.628,-0.7637,-0.1494,-0.5969,0.5982,-0.5346,0.4976,-0.2466,-0.8316,25.5,0.0021,0.419,0.159,0.22548,267.1,458.5,282.5,473.7,251.9,443.5,1282,0.405,15
1482,73.018,-39.066,-53.721,-0.623,-0.7677,-0.1502,-0.5955,0.599,-0.5353,0.5009,-0.2441,-0.8304,25.5,0.0085,0.247,0.101,0.18553,265.9,459.9,281.3,475.2,250.7,444.9,1283,1.083,15
1483,71.784,-40.599,-54.027,-0.6149,-0.7716,-0.1632,-0.595,0.5989,-0.536,0.5113,-0.2325,-0.8274,25.5,0.0088,0.909,0.05,0.45481,264.7,461.4,280.0,476.6,249.6,446.4,1283,0.908,15
1484,70.566,-42.14,-54.37,-0.6067,-0.7743,-0.18,-0.5953,0.5979,-0.5367,0.5232,-0.2185,-0.8237,25.5,0.0052,1.074,0.072,0.54275,263.5,462.9,278.9,478.1,248.4,447.9,1284,0.215,15
1485,69.363,-43.686,-54.741,-0.6009,-0.7763,-0.1907,-0.5964,0.5962,-0.5375,0.5309,-0.2092,-0.8212,25.5,0.002,0.706,0.125,0.35448,262.3,464.4,277.7,479.6,247.2,449.4,1285,0.499,15
1486,68.17,-45.234,-55.127,-0.5968,-0.7779,-0.1966,-0.5983,0.5937,-0.5381,0.5354,-0.2035,-0.8197,25.5,0.001,0.425,0.183,0.21163,261.1,465.9,276.5,481.0,246.0,451.0,1286,1.175,15
1487,66.983,-46.787,-55.522,-0.5942,-0.7794,-0.1986,-0.6008,0.5906,-0.5388,0.5372,-0.2008,-0.8192,25.5,0.0037,0.188,0.232,0.10368,260.0,467.4,275.4,482.4,244.7,452.6,1286,0.823,15
1488,65.8,-48.342,-55.917,-0.593,-0.7808,-0.1969,-0.604,0.5868,-0.5393,0.5366,-0.2009,-0.8196,25.5,0.0062,0.042,0.286,0.07208,258.8,468.9,274.3,483.9,243.5,454.1,1287,0.194,15
1489,64.619,-49.899,-56.304,-0.593,-0.7821,-0.1913,-0.6078,0.5825,-0.5397,0.5336,-0.2038,-0.8208,25.5,0.0081,0.249,0.33,0.1653,257.7,470.4,273.3,485.3,242.3,455.7,1288,0.392,15
1490,63.435,-51.459,-56.676,-0.5945,-0.7834,-0.1812,-0.6121,0.5777,-0.54,0.5277,-0.2101,-0.823,25.5,0.0092,0.51,0.37,0.29579,256.5,471.9,272.2,486.6,241.0,457.3,1289,0.878,15
1491,62.247,-53.022,-57.023,-0.5975,-0.7846,-0.1655,-0.6168,0.5725,-0.5401,0.5185,-0.2206,-0.8261,25.5,0.0087,0.819,0.402,0.46068,255.3,473.4,271.1,488.0,239.8,459.0,1289,1.117,15
1492,61.053,-54.586,-57.33,-0.6025,-0.7854,-0.1419,-0.6221,0.567,-0.54,0.5046,-0.2371,-0.8302,25.5,0.0061,1.258,0.438,0.69458,254.2,474.9,270.1,489.4,238.5,460.6,1290,0.728,15
1493,59.845,-56.152,-57.58,-0.6088,-0.7859,-0.1082,-0.6276,0.5611,-0.5397,0.4849,-0.2606,-0.8349,25.5,0.0005,1.777,0.462,0.98553,253.0,476.4,269.0,490.8,237.2,462.2,1291,0.459,15
1494,58.629,-57.719,-57.765,-0.6116,-0.7873,-0.0775,-0.6335,0.555,-0.5391,0.4675,-0.2806,-0.8383,25.5,0.0077,1.531,0.487,0.88731,251.8,477.9,268.0,492.2,235.9,463.9,1292,0.309,15
1495,57.408,-59.289,-57.892,-0.6136,-0.7879,-0.0514,-0.6397,0.5487,-0.5383,0.4524,-0.2975,-0.8408,25.5,0.0121,1.306,0.509,0.75307,250.6,479.4,267.0,493.5,234.5,465.6,1293,0.285,15
1496,56.184,-60.859,-57.975,-0.6147,-0.788,-0.0336,-0.646,0.5422,-0.5373,0.4417,-0.3086,-0.8424,25.5,0.0121,0.888,0.522,0.51284,249.4,481.0,265.9,494.9,233.2,467.2,1294,0.383,15
1497,54.959,-62.429,-58.034,-0.615,-0.788,-0.0275,-0.6525,0.5355,-0.5362,0.4373,-0.3118,-0.8435,25.5,0.0059,0.318,0.539,0.17561,248.2,482.5,264.9,496.3,231.9,468.9,1295,0.597,15
1498,53.733,-64.0,-58.094,-0.6147,-0.788,-0.0342,-0.659,0.5287,-0.535,0.4396,-0.3063,-0.8443,25.5,0.0068,0.345,0.543,0.19283,247.1,484.0,263.8,497.6,230.5,470.6,1297,0.606,15
1499,52.509,-65.57,-58.178,-0.6135,-0.7879,-0.0523,-0.6655,0.5218,-0.5336,0.4479,-0.2927,-0.8448,25.5,0.0251,0.913,0.549,0.52156,245.9,485.5,262.8,499.0,229.2,472.3,1298,0.0,15
