ring,cx,cy,cz,Tx,Ty,Tz,Bx,By,Bz,Nx,Ny,Nz,hw,obl,dN,dB,kappa,sx_c,sy_c,sx_L,sy_L,sx_R,sy_R,pose_ring,pose_dist,iv
0,-67.224,-360.416,260.002,0.5586,0.8294,0.0004,0.971,-0.2318,0.059,0.0523,-0.0348,-0.998,25.5,0.3502,0.0,0.0,0.0,116.4,843.3,87.6,836.0,145.3,850.6,0,0.0,0
1,-66.056,-358.667,260.0,0.5532,0.8331,-0.002,0.9641,-0.2585,0.0607,0.0528,-0.0375,-0.9979,25.5,0.3179,0.157,1.583,0.18993,117.8,841.3,89.2,833.1,146.5,849.4,2,0.172,0
2,-64.896,-356.913,259.995,0.5508,0.8346,-0.0031,0.9566,-0.2848,0.0624,0.0535,-0.0389,-0.9978,25.5,0.289,0.09,1.57,0.08271,119.1,839.2,90.7,830.3,147.6,848.1,4,0.412,0
3,-63.737,-355.158,259.989,0.5516,0.8341,-0.0027,0.9485,-0.3102,0.064,0.0545,-0.0392,-0.9977,25.5,0.2643,0.06,1.53,0.02791,120.5,837.1,92.3,827.5,148.7,846.8,5,0.445,0
4,-62.574,-353.407,259.985,0.5556,0.8315,-0.001,0.9401,-0.3345,0.0655,0.0558,-0.0385,-0.9977,25.5,0.2441,0.085,1.476,0.13798,121.9,835.1,93.9,824.7,149.8,845.5,7,0.187,0
5,-61.398,-351.663,259.985,0.5626,0.8267,0.0021,0.9317,-0.3571,0.0669,0.0576,-0.0367,-0.9977,25.5,0.2291,0.146,1.384,0.24619,123.2,833.1,95.6,822.0,151.0,844.2,8,0.389,0
6,-60.206,-349.931,259.994,0.5723,0.82,0.0063,0.9233,-0.378,0.0683,0.0599,-0.0341,-0.9976,25.5,0.2189,0.199,1.293,0.341,124.6,831.0,97.2,819.3,152.1,842.8,9,0.832,0
7,-58.99,-348.215,260.013,0.582,0.8131,0.0107,0.9153,-0.3967,0.0696,0.0623,-0.0314,-0.9976,25.5,0.2109,0.207,1.168,0.34575,126.0,829.0,98.9,816.8,153.3,841.3,11,0.767,0
8,-57.763,-346.507,260.037,0.5853,0.8108,0.0125,0.9078,-0.4133,0.0708,0.0638,-0.0308,-0.9975,25.5,0.1971,0.093,1.046,0.12004,127.5,827.0,100.5,814.3,154.5,839.9,12,0.692,0
9,-56.528,-344.806,260.066,0.5903,0.8071,0.0148,0.9009,-0.4279,0.072,0.0656,-0.0297,-0.9974,25.5,0.1875,0.121,0.928,0.18069,128.9,825.1,102.2,811.8,155.7,838.3,13,0.721,0
10,-55.28,-343.114,260.1,0.5969,0.8021,0.0177,0.8946,-0.4409,0.0731,0.0676,-0.0282,-0.9973,25.5,0.1816,0.143,0.83,0.23904,130.4,823.1,103.8,809.5,157.0,836.7,14,0.847,0
11,-54.016,-341.433,260.14,0.6049,0.796,0.0212,0.8887,-0.4525,0.0741,0.0697,-0.0265,-0.9972,25.5,0.179,0.155,0.748,0.2902,131.9,821.1,105.5,807.2,158.3,835.1,15,1.062,0
12,-52.735,-339.766,260.189,0.6141,0.7888,0.0251,0.8831,-0.4631,0.0751,0.072,-0.0244,-0.9971,25.5,0.1789,0.179,0.689,0.33558,133.3,819.2,107.1,804.9,159.6,833.5,15,1.042,0
13,-51.433,-338.116,260.246,0.6243,0.7807,0.0293,0.8779,-0.4727,0.0761,0.0745,-0.0221,-0.997,25.5,0.1813,0.195,0.628,0.37289,134.9,817.3,108.8,802.7,161.0,831.9,16,0.745,0
14,-50.109,-336.484,260.312,0.6351,0.7717,0.0338,0.8729,-0.4818,0.077,0.077,-0.0197,-0.9968,25.5,0.1852,0.199,0.597,0.40221,136.4,815.4,110.5,800.6,162.4,830.3,17,0.375,0
15,-48.762,-334.87,260.392,0.6446,0.7633,0.0426,0.868,-0.4904,0.0778,0.0818,-0.0134,-0.9966,25.5,0.1885,0.454,0.569,0.42052,138.0,813.5,112.2,798.4,163.8,828.7,18,0.054,0
16,-47.398,-333.273,260.49,0.6528,0.7559,0.0499,0.8632,-0.4987,0.0786,0.0859,-0.0084,-0.9963,25.5,0.1905,0.371,0.551,0.36071,139.6,811.7,113.9,796.3,165.3,827.1,19,0.521,0
17,-46.018,-331.69,260.6,0.66,0.7493,0.0544,0.8585,-0.5066,0.0794,0.0887,-0.0058,-0.996,25.5,0.1913,0.22,0.529,0.29303,141.2,809.9,115.7,794.3,166.8,825.5,20,1.007,0
18,-44.622,-330.121,260.717,0.6666,0.7433,0.0566,0.8539,-0.5143,0.0801,0.0903,-0.0052,-0.9959,25.5,0.1915,0.098,0.515,0.25026,142.8,808.1,117.5,792.2,168.2,823.9,20,1.097,0
19,-43.214,-328.564,260.836,0.6726,0.7378,0.0565,0.8494,-0.5216,0.0809,0.0908,-0.0065,-0.9958,25.5,0.191,0.08,0.493,0.22178,144.5,806.3,119.2,790.2,169.8,822.4,21,0.615,0
20,-41.794,-327.017,260.954,0.6782,0.7329,0.0543,0.845,-0.5286,0.0816,0.0902,-0.0096,-0.9959,25.5,0.1901,0.181,0.475,0.2114,146.1,804.5,121.0,788.2,171.3,820.8,22,0.16,0
21,-40.362,-325.481,261.064,0.6833,0.7284,0.0501,0.8406,-0.5353,0.0823,0.0884,-0.0144,-0.996,25.5,0.1886,0.294,0.461,0.21778,147.8,802.7,122.8,786.3,172.8,819.2,23,0.257,0
22,-38.92,-323.953,261.163,0.6881,0.7243,0.0438,0.8364,-0.5417,0.0831,0.0854,-0.021,-0.9961,25.5,0.1868,0.415,0.441,0.24299,149.5,801.0,124.6,784.3,174.4,817.7,24,0.6,0
23,-37.468,-322.434,261.246,0.6926,0.7205,0.0353,0.8323,-0.5479,0.0839,0.0812,-0.0292,-0.9963,25.5,0.1847,0.528,0.428,0.28174,151.2,799.2,126.4,782.4,176.0,816.1,25,0.855,0
24,-36.006,-320.924,261.314,0.6985,0.7149,0.0308,0.8284,-0.5538,0.0847,0.079,-0.0342,-0.9963,25.5,0.1853,0.313,0.408,0.25332,152.9,797.5,128.3,780.4,177.6,814.5,26,1.01,0
25,-34.53,-319.427,261.377,0.7048,0.7088,0.0291,0.8245,-0.5594,0.0856,0.0783,-0.037,-0.9962,25.5,0.1871,0.165,0.394,0.24334,154.6,795.7,130.1,778.5,179.2,813.0,27,1.064,0
26,-33.043,-317.942,261.435,0.7102,0.7035,0.0265,0.8207,-0.5648,0.0865,0.0772,-0.0404,-0.9962,25.5,0.1878,0.205,0.382,0.218,156.3,794.0,131.9,776.6,180.8,811.4,28,1.024,0
27,-31.544,-316.468,261.488,0.715,0.6988,0.0231,0.8169,-0.5701,0.0875,0.0756,-0.0444,-0.9961,25.5,0.1877,0.247,0.378,0.20512,158.1,792.3,133.8,774.8,182.4,809.9,29,0.894,0
28,-30.036,-315.003,261.532,0.719,0.6948,0.019,0.8132,-0.5752,0.0885,0.0737,-0.0491,-0.9961,25.5,0.1867,0.29,0.366,0.19034,159.9,790.6,135.7,772.9,184.1,808.3,30,0.68,0
29,-28.52,-313.546,261.567,0.7224,0.6914,0.014,0.8095,-0.5803,0.0896,0.0713,-0.0543,-0.996,25.5,0.1848,0.328,0.366,0.18899,161.6,788.9,137.6,771.0,185.8,806.8,31,0.387,0
30,-26.998,-312.095,261.59,0.7251,0.6886,0.0082,0.8058,-0.5852,0.0907,0.0684,-0.0602,-0.9958,25.5,0.1821,0.377,0.357,0.19025,163.4,787.2,139.4,769.2,187.4,805.2,32,0.053,0
31,-25.471,-310.649,261.601,0.7272,0.6864,0.0016,0.802,-0.5902,0.092,0.0651,-0.0666,-0.9956,25.5,0.1782,0.413,0.367,0.19799,165.2,785.5,141.3,767.4,189.1,803.7,33,0.431,0
32,-23.94,-309.207,261.597,0.7287,0.6849,-0.0058,0.7982,-0.5951,0.0933,0.0614,-0.0737,-0.9954,25.5,0.1735,0.459,0.363,0.20972,167.0,783.8,143.3,765.5,190.8,802.2,35,0.605,0
33,-22.407,-307.768,261.576,0.7295,0.6838,-0.014,0.7943,-0.6001,0.0947,0.0571,-0.0814,-0.995,25.5,0.1678,0.506,0.372,0.22645,168.8,782.1,145.2,763.7,192.5,800.6,36,0.012,0
34,-20.872,-306.331,261.535,0.7302,0.6827,-0.0259,0.7903,-0.6051,0.0962,0.0506,-0.0919,-0.9945,25.5,0.1615,0.708,0.377,0.32623,170.6,780.4,147.1,761.8,194.2,799.1,37,0.665,0
35,-19.335,-304.897,261.468,0.7314,0.6809,-0.0373,0.7862,-0.6102,0.0977,0.0443,-0.102,-0.9938,25.5,0.1559,0.683,0.385,0.31611,172.4,778.7,149.0,760.0,195.8,797.6,39,0.039,0
36,-17.796,-303.467,261.38,0.7329,0.6788,-0.0462,0.782,-0.6154,0.0994,0.0395,-0.1102,-0.9931,25.5,0.1508,0.546,0.395,0.25247,174.2,777.0,150.9,758.1,197.5,796.0,41,0.652,0
37,-16.252,-302.043,261.275,0.7348,0.6762,-0.0527,0.7776,-0.6206,0.101,0.036,-0.1165,-0.9925,25.5,0.1464,0.414,0.401,0.19763,176.0,775.4,152.9,756.3,199.2,794.5,42,0.106,0
38,-14.705,-300.624,261.16,0.7372,0.6733,-0.057,0.7731,-0.6259,0.1028,0.0339,-0.1211,-0.9921,25.5,0.1427,0.291,0.411,0.1557,177.8,773.7,154.8,754.4,200.9,793.0,44,0.513,0
39,-13.152,-299.211,261.037,0.74,0.6701,-0.059,0.7684,-0.6314,0.1045,0.0331,-0.1239,-0.9917,25.5,0.1393,0.168,0.426,0.12801,179.6,772.0,156.8,752.6,202.5,791.5,45,0.233,0
40,-11.592,-297.806,260.913,0.7433,0.6664,-0.0588,0.7636,-0.6368,0.1063,0.0337,-0.1251,-0.9916,25.5,0.137,0.077,0.427,0.13518,181.4,770.3,158.7,750.7,204.2,790.0,47,0.419,0
41,-10.025,-296.408,260.792,0.7471,0.6624,-0.0562,0.7587,-0.6424,0.1081,0.0358,-0.1246,-0.9916,25.5,0.1352,0.124,0.439,0.16616,183.3,768.7,160.7,748.9,205.9,788.5,48,0.299,0
42,-8.45,-295.02,260.678,0.7514,0.6578,-0.0514,0.7536,-0.6481,0.1098,0.0393,-0.1223,-0.9917,25.5,0.1343,0.24,0.449,0.21572,185.1,767.0,162.7,747.1,207.6,787.0,50,0.423,0
43,-6.864,-293.642,260.578,0.7563,0.6528,-0.044,0.7484,-0.6538,0.1116,0.0445,-0.1184,-0.992,25.5,0.1343,0.373,0.454,0.2775,187.0,765.4,164.7,745.3,209.3,785.5,51,0.247,0
44,-5.269,-292.275,260.493,0.761,0.6477,-0.0378,0.743,-0.6596,0.1133,0.0489,-0.1154,-0.9921,25.5,0.1339,0.305,0.464,0.2535,188.8,763.8,166.7,743.5,211.0,784.1,53,0.56,0
45,-3.664,-290.917,260.415,0.7647,0.6433,-0.0369,0.7375,-0.6655,0.115,0.0498,-0.1162,-0.992,25.5,0.1316,0.069,0.472,0.15853,190.7,762.2,168.8,741.7,212.7,782.7,54,0.079,0
46,-2.052,-289.569,260.339,0.7684,0.6389,-0.0355,0.7317,-0.6715,0.1166,0.0511,-0.1166,-0.9919,25.5,0.1291,0.078,0.487,0.16121,192.6,760.6,170.8,739.9,214.5,781.3,55,0.694,0
47,-0.432,-288.23,260.266,0.7722,0.6345,-0.0336,0.7258,-0.6777,0.1182,0.0527,-0.1166,-0.9918,25.5,0.1265,0.092,0.499,0.16663,194.5,759.0,172.9,738.2,216.2,779.9,57,0.2,0
48,1.196,-286.9,260.198,0.776,0.6299,-0.0311,0.7197,-0.6839,0.1198,0.0546,-0.1162,-0.9917,25.5,0.124,0.111,0.507,0.17626,196.4,757.4,175.0,736.4,217.9,778.5,58,0.415,0
49,2.832,-285.581,260.135,0.7799,0.6253,-0.0281,0.7133,-0.6903,0.1213,0.0568,-0.1155,-0.9917,25.5,0.1212,0.132,0.526,0.18351,198.3,755.8,177.1,734.6,219.6,777.1,60,0.503,0
50,4.476,-284.271,260.08,0.7838,0.6205,-0.0245,0.7066,-0.6969,0.1228,0.0595,-0.1144,-0.9917,25.5,0.1184,0.167,0.546,0.19498,200.2,754.3,179.2,732.9,221.3,775.8,61,0.105,0
51,6.128,-282.971,260.033,0.7878,0.6156,-0.0204,0.6997,-0.7036,0.1242,0.0625,-0.1128,-0.9916,25.5,0.1156,0.195,0.557,0.20535,202.2,752.8,181.3,731.2,223.1,774.5,62,0.689,0
52,7.789,-281.682,259.995,0.7919,0.6104,-0.0155,0.6925,-0.7104,0.1256,0.0661,-0.1109,-0.9916,25.5,0.1128,0.233,0.573,0.22448,204.1,751.3,183.5,729.4,224.8,773.2,64,0.221,0
53,9.459,-280.403,259.968,0.7961,0.6051,-0.0099,0.6849,-0.7175,0.1269,0.0701,-0.1085,-0.9916,25.5,0.1098,0.267,0.601,0.23917,206.1,749.8,185.7,727.7,226.5,771.9,65,0.384,0
54,11.137,-279.136,259.955,0.7998,0.6003,-0.0018,0.677,-0.7247,0.1282,0.0761,-0.1044,-0.9916,25.5,0.1062,0.416,0.617,0.27564,208.0,748.3,187.9,726.0,228.3,770.6,67,0.493,0
55,12.823,-277.879,259.96,0.8036,0.5951,0.0054,0.6687,-0.7321,0.1295,0.0815,-0.101,-0.9915,25.5,0.1024,0.366,0.641,0.26322,210.0,746.8,190.1,724.3,230.0,769.4,68,0.132,0
56,14.517,-276.634,259.977,0.8078,0.5894,0.0109,0.6601,-0.7397,0.1308,0.0856,-0.0989,-0.9914,25.5,0.0987,0.264,0.662,0.24428,212.0,745.4,192.3,722.7,231.7,768.2,70,0.69,0
57,16.221,-275.401,260.004,0.8122,0.5831,0.0146,0.6511,-0.7474,0.132,0.0883,-0.0982,-0.9912,25.5,0.0949,0.16,0.682,0.23236,214.0,743.9,194.6,721.0,233.5,767.0,71,0.032,0
58,17.934,-274.181,260.037,0.817,0.5764,0.0164,0.6416,-0.7553,0.1333,0.0896,-0.0987,-0.9911,25.5,0.091,0.08,0.712,0.22985,216.0,742.5,196.8,719.3,235.2,765.8,72,0.641,0
59,19.657,-272.977,260.072,0.8219,0.5693,0.0163,0.6318,-0.7634,0.1345,0.0893,-0.1007,-0.9909,25.5,0.0869,0.116,0.732,0.23507,218.0,741.1,199.1,717.7,236.9,764.6,74,0.07,0
60,21.391,-271.787,260.104,0.8271,0.5619,0.0142,0.6215,-0.7715,0.1358,0.0875,-0.1038,-0.9907,25.5,0.0825,0.206,0.754,0.25297,220.0,739.7,201.5,716.1,238.6,763.5,75,0.652,0
61,23.135,-270.614,260.13,0.8323,0.5542,0.0101,0.6108,-0.7798,0.1371,0.0841,-0.1082,-0.9906,25.5,0.0776,0.319,0.779,0.27672,222.0,738.4,203.8,714.4,240.4,762.4,77,0.05,0
62,24.892,-269.456,260.147,0.8369,0.5472,0.007,0.5996,-0.7882,0.1384,0.0814,-0.1119,-0.9904,25.5,0.0715,0.263,0.806,0.24326,224.1,737.0,206.2,712.8,242.1,761.3,79,0.471,0
63,26.656,-268.312,260.161,0.8413,0.5406,0.0063,0.5881,-0.7967,0.1397,0.0807,-0.1141,-0.9902,25.5,0.065,0.133,0.823,0.21697,226.2,735.7,208.6,711.2,243.8,760.2,80,0.352,0
64,28.43,-267.183,260.173,0.846,0.5332,0.0056,0.5764,-0.8049,0.1411,0.0799,-0.1164,-0.99,25.5,0.0593,0.14,0.823,0.23963,228.2,734.3,211.0,709.7,245.5,759.1,82,0.05,0
65,30.214,-266.07,260.184,0.851,0.5252,0.0049,0.5649,-0.8128,0.1425,0.079,-0.1186,-0.9898,25.5,0.0545,0.137,0.803,0.25776,230.3,733.1,213.4,708.1,247.3,758.1,84,0.339,0
66,32.008,-264.974,260.194,0.856,0.5169,0.0043,0.5538,-0.8202,0.1438,0.078,-0.1209,-0.9896,25.5,0.0507,0.144,0.768,0.26454,232.4,731.8,215.9,706.6,249.1,757.0,86,0.549,0
67,33.814,-263.896,260.202,0.8609,0.5087,0.0038,0.5433,-0.8269,0.1452,0.0771,-0.123,-0.9894,25.5,0.0476,0.131,0.718,0.26065,234.5,730.5,218.3,705.2,250.9,756.0,87,0.428,0
68,35.629,-262.835,260.21,0.8656,0.5007,0.0034,0.5339,-0.8328,0.1465,0.0763,-0.1251,-0.9892,25.5,0.0457,0.129,0.64,0.25303,236.7,729.3,220.7,703.8,252.7,754.9,89,0.318,0
69,37.454,-261.789,260.217,0.8699,0.4932,0.0031,0.5257,-0.8377,0.1478,0.0756,-0.127,-0.989,25.5,0.0446,0.117,0.552,0.23561,238.8,728.1,223.0,702.4,254.6,753.8,91,0.257,0
70,39.286,-260.761,260.224,0.8747,0.4847,0.0038,0.5191,-0.8416,0.149,0.0755,-0.1285,-0.9888,25.5,0.0467,0.087,0.445,0.26695,240.9,726.9,225.4,701.1,256.6,752.8,93,0.22,0
71,41.133,-259.753,260.234,0.8804,0.4741,0.0063,0.5142,-0.8444,0.1502,0.0767,-0.1292,-0.9887,25.5,0.0533,0.08,0.331,0.33477,243.1,725.7,227.7,699.8,258.6,751.7,95,0.169,0
72,42.99,-258.765,260.249,0.8848,0.4659,0.0077,0.5109,-0.8462,0.1513,0.0772,-0.1302,-0.9885,25.5,0.059,0.065,0.224,0.25632,245.3,724.5,229.9,698.6,260.7,750.6,97,0.076,0
73,44.854,-257.792,260.266,0.8882,0.4595,0.0081,0.5091,-0.8471,0.1524,0.0771,-0.1315,-0.9883,25.5,0.0642,0.076,0.131,0.19771,247.4,723.4,232.2,697.4,262.8,749.5,99,0.246,0
74,46.725,-256.831,260.283,0.8907,0.4545,0.0078,0.5087,-0.8471,0.1535,0.0766,-0.133,-0.9881,25.5,0.0693,0.091,0.067,0.1525,249.6,722.3,234.4,696.3,265.0,748.4,100,0.641,0
75,48.6,-255.88,260.298,0.8926,0.4507,0.0068,0.5096,-0.8464,0.1545,0.0755,-0.1348,-0.988,25.5,0.0744,0.121,0.087,0.11891,251.8,721.2,236.5,695.2,267.2,747.2,102,0.155,0
76,50.479,-254.935,260.311,0.894,0.448,0.005,0.5115,-0.8451,0.1554,0.074,-0.1368,-0.9878,25.5,0.0795,0.144,0.142,0.09628,254.0,720.1,238.7,694.2,269.5,746.1,104,0.762,0
77,52.361,-253.994,260.319,0.8949,0.4463,0.0024,0.5145,-0.8432,0.1562,0.072,-0.139,-0.9877,25.5,0.0845,0.17,0.209,0.0881,256.2,719.0,240.8,693.1,271.8,744.9,105,0.266,0
78,54.243,-253.057,260.321,0.8953,0.4455,-0.0009,0.5182,-0.8407,0.157,0.0694,-0.1416,-0.9875,25.5,0.0893,0.211,0.26,0.09314,258.4,717.9,242.8,692.1,274.1,743.8,106,0.255,0
79,56.126,-252.12,260.314,0.8952,0.4457,-0.0052,0.5227,-0.8378,0.1576,0.0662,-0.1445,-0.9873,25.5,0.0937,0.248,0.309,0.1173,260.6,716.8,244.9,691.1,276.4,742.6,107,0.574,0
80,58.008,-251.181,260.298,0.8944,0.447,-0.0107,0.5278,-0.8345,0.1582,0.0621,-0.1478,-0.9871,25.5,0.0974,0.302,0.35,0.15549,262.8,715.7,246.9,690.1,278.8,741.4,108,0.812,0
81,59.887,-250.239,260.269,0.893,0.4497,-0.0176,0.5332,-0.831,0.1587,0.057,-0.1519,-0.9868,25.5,0.0997,0.375,0.37,0.20549,265.0,714.6,249.0,689.1,281.1,740.2,109,0.953,0
82,61.764,-249.292,260.225,0.8936,0.4484,-0.0218,0.539,-0.8272,0.159,0.0536,-0.1547,-0.9865,25.5,0.1073,0.253,0.398,0.12089,267.2,713.4,251.0,688.1,283.5,738.9,110,0.999,0
83,63.646,-248.354,260.178,0.8959,0.4436,-0.023,0.545,-0.8232,0.1593,0.0521,-0.1564,-0.9863,25.5,0.1194,0.13,0.414,0.14865,269.4,712.3,253.0,687.1,285.9,737.7,111,0.952,0
84,65.532,-247.425,260.127,0.8974,0.4405,-0.0259,0.5512,-0.819,0.1594,0.0494,-0.1586,-0.9861,25.5,0.1297,0.2,0.429,0.12265,271.6,711.2,255.0,686.1,288.3,736.5,112,0.812,0
85,67.42,-246.5,260.068,0.8979,0.4391,-0.0304,0.5575,-0.8147,0.1594,0.0457,-0.1616,-0.9858,25.5,0.138,0.273,0.437,0.12912,273.8,710.2,257.0,685.2,290.7,735.3,113,0.583,0
86,69.308,-245.577,259.998,0.8974,0.4397,-0.0367,0.5641,-0.8102,0.1593,0.0407,-0.1654,-0.9854,25.5,0.1441,0.361,0.458,0.17294,276.0,709.1,259.0,684.2,293.1,734.0,114,0.268,0
87,71.193,-244.65,259.913,0.8957,0.4424,-0.0451,0.5707,-0.8056,0.1591,0.0344,-0.1701,-0.9848,25.5,0.1476,0.452,0.461,0.24487,278.2,708.0,261.0,683.3,295.5,732.8,115,0.159,0
88,73.074,-243.714,259.807,0.8927,0.4473,-0.0557,0.5775,-0.8008,0.1587,0.0267,-0.1758,-0.9841,25.5,0.1485,0.55,0.477,0.32842,280.4,706.8,263.0,682.3,297.9,731.5,116,0.637,0
89,74.947,-242.766,259.676,0.888,0.4547,-0.0688,0.5843,-0.7959,0.1583,0.0174,-0.1827,-0.983,25.5,0.1461,0.666,0.481,0.42943,282.6,705.7,265.0,681.3,300.3,730.2,117,1.204,0
90,76.808,-241.8,259.516,0.8814,0.4647,-0.0847,0.5913,-0.7909,0.1577,0.0064,-0.191,-0.9816,25.5,0.1403,0.794,0.494,0.5425,284.8,704.6,266.9,680.3,302.7,728.9,117,0.899,0
91,78.653,-240.811,259.319,0.8743,0.4749,-0.1005,0.5982,-0.7858,0.157,-0.0044,-0.1992,-0.9799,25.5,0.1341,0.783,0.493,0.54775,286.9,703.4,268.9,679.3,305.0,727.6,118,0.261,0
92,80.486,-239.806,259.096,0.8693,0.4813,-0.1126,0.6052,-0.7806,0.1563,-0.0128,-0.2058,-0.9785,25.5,0.1328,0.617,0.501,0.39699,289.0,702.1,270.8,678.2,307.3,726.2,119,0.436,0
93,82.308,-238.787,258.844,0.8636,0.488,-0.1267,0.6123,-0.7752,0.1553,-0.0226,-0.2136,-0.9767,25.5,0.1308,0.725,0.514,0.45287,291.1,700.9,272.7,677.2,309.7,724.8,120,1.186,0
94,84.118,-237.753,258.561,0.857,0.4951,-0.1429,0.6193,-0.7698,0.1543,-0.0339,-0.2226,-0.9743,25.5,0.1276,0.839,0.51,0.51435,293.2,699.7,274.6,676.1,312.0,723.3,120,0.917,0
95,85.912,-236.704,258.242,0.8494,0.5024,-0.1613,0.6264,-0.7643,0.1531,-0.0467,-0.2329,-0.9714,25.5,0.1234,0.956,0.519,0.5778,295.3,698.4,276.5,675.0,314.3,721.9,121,0.123,0
96,87.69,-235.64,257.881,0.8408,0.5099,-0.1818,0.6334,-0.7588,0.1518,-0.0609,-0.2445,-0.9677,25.5,0.1181,1.072,0.515,0.63923,297.4,697.1,278.3,673.8,316.5,720.4,122,0.708,0
97,89.448,-234.56,257.476,0.8311,0.5173,-0.2042,0.6404,-0.7531,0.1504,-0.0765,-0.2574,-0.9633,25.5,0.1119,1.187,0.523,0.69505,299.4,695.7,280.1,672.7,318.8,718.9,122,1.395,0
98,91.184,-233.464,257.022,0.8204,0.5249,-0.2267,0.6474,-0.7475,0.1488,-0.0919,-0.2703,-0.9584,25.5,0.105,1.185,0.522,0.70976,301.4,694.4,281.9,671.5,321.0,717.3,123,0.532,0
99,92.898,-232.352,256.522,0.809,0.5326,-0.2488,0.6544,-0.7417,0.147,-0.1067,-0.2831,-0.9531,25.5,0.0978,1.162,0.531,0.70927,303.3,693.0,283.7,670.3,323.1,715.8,124,0.356,0
100,94.586,-231.224,255.975,0.7965,0.5399,-0.2721,0.6613,-0.736,0.1451,-0.1224,-0.2967,-0.9471,25.5,0.0899,1.239,0.524,0.74736,305.3,691.6,285.4,669.1,325.2,714.2,125,1.266,0
101,96.247,-230.082,255.377,0.7831,0.5468,-0.2964,0.6681,-0.7302,0.1431,-0.1386,-0.3111,-0.9402,25.5,0.0815,1.303,0.525,0.77915,307.2,690.1,287.1,667.9,327.3,712.5,125,0.837,0
102,97.879,-228.925,254.728,0.7688,0.5529,-0.3213,0.6748,-0.7244,0.141,-0.1552,-0.3261,-0.9325,25.5,0.073,1.356,0.522,0.79985,309.0,688.7,288.8,666.6,329.4,710.9,126,0.09,0
103,99.48,-227.757,254.026,0.7538,0.5583,-0.3465,0.6814,-0.7186,0.1387,-0.172,-0.3414,-0.9241,25.5,0.0644,1.388,0.52,0.81252,310.8,687.2,290.4,665.3,331.4,709.2,127,1.026,0
104,101.049,-226.577,253.271,0.7379,0.5638,-0.3711,0.6879,-0.7129,0.1363,-0.188,-0.3564,-0.9152,25.5,0.0551,1.356,0.514,0.81206,312.6,685.7,292.0,664.0,333.3,707.5,127,1.077,0
105,102.583,-225.386,252.465,0.721,0.5689,-0.3956,0.6943,-0.7071,0.1338,-0.2038,-0.3716,-0.9058,25.5,0.0454,1.367,0.515,0.82276,314.3,684.2,293.5,662.7,335.2,705.8,128,0.135,0
106,104.081,-224.185,251.607,0.7034,0.5731,-0.4205,0.7006,-0.7014,0.1312,-0.2198,-0.3871,-0.8954,25.5,0.0357,1.409,0.509,0.83868,316.0,682.6,295.0,661.3,337.1,704.0,129,0.807,0
107,105.54,-222.976,250.696,0.6846,0.5766,-0.446,0.7066,-0.6958,0.1286,-0.2362,-0.4033,-0.8841,25.5,0.0252,1.471,0.493,0.86844,317.6,681.1,296.5,660.0,338.9,702.3,129,1.296,0
108,106.959,-221.76,249.73,0.6644,0.5792,-0.4723,0.7125,-0.6903,0.1259,-0.2531,-0.4202,-0.8714,25.5,0.0141,1.551,0.487,0.90637,319.2,679.5,297.9,658.6,340.6,700.5,130,0.358,0
109,108.334,-220.54,248.709,0.6429,0.5813,-0.4987,0.7183,-0.6848,0.1231,-0.2699,-0.4373,-0.8578,25.5,0.0023,1.579,0.485,0.92948,320.7,677.9,299.2,657.2,342.3,698.7,131,0.573,0
110,109.663,-219.315,247.634,0.6205,0.5834,-0.5241,0.7238,-0.6795,0.1202,-0.286,-0.454,-0.8439,25.5,0.0103,1.549,0.468,0.9246,322.2,676.3,300.6,655.8,343.9,697.0,132,1.494,1
111,110.942,-218.087,246.504,0.5966,0.5842,-0.5502,0.7291,-0.6743,0.1174,-0.3025,-0.4713,-0.8285,25.5,0.0235,1.629,0.455,0.96456,323.6,674.7,301.8,654.3,345.4,695.2,132,0.61,1
112,112.171,-216.859,245.32,0.5717,0.5839,-0.5765,0.7342,-0.6693,0.1145,-0.3192,-0.489,-0.8118,25.5,0.0371,1.691,0.442,0.9869,324.9,673.1,303.0,652.9,346.8,693.4,133,0.301,1
113,113.346,-215.633,244.08,0.5462,0.5823,-0.6022,0.739,-0.6644,0.1116,-0.3355,-0.5066,-0.7942,25.5,0.0504,1.705,0.427,0.98747,326.1,671.5,304.1,651.5,348.2,691.6,134,1.197,1
114,114.468,-214.411,242.788,0.5208,0.58,-0.6264,0.7436,-0.6597,0.1088,-0.3508,-0.5235,-0.7764,25.5,0.0635,1.657,0.41,0.95793,327.3,669.9,305.2,650.0,349.5,689.8,134,0.906,1
115,115.537,-213.193,241.447,0.4954,0.5781,-0.6483,0.748,-0.6552,0.106,-0.3646,-0.5391,-0.7593,25.5,0.0769,1.544,0.395,0.91537,328.4,668.2,306.2,648.5,350.7,688.0,135,0.025,1
116,116.552,-211.98,240.062,0.4703,0.5749,-0.6696,0.7521,-0.6509,0.1033,-0.3779,-0.5544,-0.7415,25.5,0.0897,1.546,0.374,0.90119,329.5,666.6,307.2,647.1,351.9,686.2,136,0.837,1
117,117.515,-210.776,238.632,0.4452,0.5704,-0.6903,0.756,-0.6468,0.1007,-0.3911,-0.5696,-0.7229,25.5,0.1019,1.57,0.357,0.89489,330.5,665.0,308.1,645.6,353.0,684.5,136,1.266,1
118,118.425,-209.582,237.159,0.42,0.5645,-0.7106,0.7596,-0.643,0.0982,-0.4041,-0.5848,-0.7034,25.5,0.1137,1.601,0.332,0.89625,331.4,663.4,308.9,644.2,354.0,682.7,137,0.429,1
119,119.282,-208.402,235.643,0.3945,0.5573,-0.7306,0.7629,-0.6393,0.0958,-0.417,-0.6,-0.6828,25.5,0.1253,1.642,0.316,0.90456,332.3,661.8,309.7,642.7,354.9,681.0,138,0.378,1
120,120.085,-207.237,234.088,0.3695,0.5512,-0.7481,0.766,-0.6359,0.0937,-0.4282,-0.6135,-0.6635,25.5,0.1376,1.494,0.29,0.84798,333.0,660.2,310.4,641.3,355.7,679.3,139,1.147,1
121,120.836,-206.085,232.497,0.3447,0.5446,-0.7646,0.7689,-0.6328,0.0917,-0.4388,-0.6265,-0.6441,25.5,0.1497,1.469,0.269,0.83131,333.8,658.7,311.1,639.8,356.5,677.6,139,0.956,1
122,121.534,-204.948,230.872,0.3198,0.5369,-0.7807,0.7715,-0.6299,0.09,-0.4494,-0.6395,-0.6238,25.5,0.1617,1.509,0.243,0.83473,334.4,657.1,311.7,638.4,357.2,675.9,140,0.232,1
123,122.18,-203.828,229.214,0.2949,0.528,-0.7964,0.7738,-0.6272,0.0885,-0.4598,-0.6523,-0.6027,25.5,0.1734,1.534,0.221,0.83794,335.0,655.6,312.2,636.9,357.9,674.3,141,0.442,1
124,122.775,-202.728,227.523,0.2701,0.5181,-0.8116,0.7759,-0.6248,0.0874,-0.4699,-0.6647,-0.5808,25.5,0.1851,1.554,0.193,0.8372,335.5,654.1,312.7,635.5,358.4,672.7,142,1.058,1
125,123.317,-201.65,225.801,0.2456,0.5072,-0.8261,0.7777,-0.6227,0.0866,-0.4798,-0.6769,-0.5583,25.5,0.1964,1.572,0.165,0.83058,336.0,652.6,313.2,634.1,358.9,671.1,142,1.045,1
126,123.806,-200.594,224.049,0.2194,0.4972,-0.8395,0.7792,-0.6208,0.0862,-0.4892,-0.6884,-0.5355,25.5,0.2101,1.559,0.141,0.84681,336.4,651.1,313.6,632.7,359.3,669.6,143,0.486,1
127,124.242,-199.558,222.272,0.1957,0.4875,-0.8509,0.7805,-0.6192,0.0862,-0.4973,-0.6985,-0.5145,25.5,0.2225,1.414,0.118,0.76383,336.8,649.7,313.9,631.4,359.7,668.0,144,0.026,1
128,124.63,-198.543,220.471,0.1744,0.4779,-0.8609,0.7815,-0.6179,0.0867,-0.5045,-0.7075,-0.4949,25.5,0.2336,1.303,0.098,0.69237,337.0,648.3,314.2,630.0,360.0,666.6,145,0.449,1
129,124.977,-197.548,218.651,0.1551,0.4683,-0.8699,0.7822,-0.6168,0.0876,-0.5109,-0.7156,-0.4763,25.5,0.2437,1.219,0.091,0.63647,337.3,646.9,314.4,628.7,360.2,665.1,146,0.815,1
130,125.284,-196.574,216.813,0.1372,0.4584,-0.8781,0.7827,-0.616,0.089,-0.5169,-0.7231,-0.4583,25.5,0.2531,1.169,0.097,0.60039,337.4,645.5,314.6,627.4,360.4,663.7,147,1.107,1
131,125.554,-195.62,214.958,0.1204,0.4483,-0.8857,0.783,-0.6154,0.0908,-0.5226,-0.73,-0.4405,25.5,0.262,1.141,0.11,0.57283,337.6,644.2,314.7,626.0,360.5,662.3,147,0.996,1
132,125.791,-194.689,213.088,0.1045,0.4376,-0.8931,0.783,-0.615,0.0932,-0.5281,-0.7365,-0.4226,25.5,0.2705,1.136,0.139,0.55974,337.7,642.8,314.9,624.8,360.6,661.0,148,0.782,1
133,125.985,-193.781,211.201,0.0806,0.4256,-0.9013,0.7828,-0.6148,0.0961,-0.5355,-0.7442,-0.3993,25.5,0.2852,1.469,0.167,0.76228,337.7,641.6,314.9,623.5,360.6,659.7,149,0.652,1
134,126.132,-192.898,209.298,0.0603,0.4145,-0.9081,0.7823,-0.6149,0.0998,-0.5416,-0.7506,-0.3785,25.5,0.2983,1.295,0.214,0.65704,337.7,640.3,315.0,622.2,360.6,658.4,150,0.613,1
135,126.241,-192.038,207.383,0.0435,0.4041,-0.9137,0.7814,-0.6152,0.1045,-0.5468,-0.7558,-0.3603,25.5,0.3101,1.125,0.275,0.55947,337.7,639.1,315.0,621.0,360.5,657.2,151,0.664,1
136,126.317,-191.198,205.456,0.0296,0.3942,-0.9186,0.7802,-0.6157,0.1105,-0.5512,-0.7602,-0.344,25.5,0.3211,1.0,0.352,0.4837,337.6,637.8,314.9,619.8,360.4,656.0,152,0.803,1
137,126.367,-190.379,203.519,0.0183,0.3846,-0.9229,0.7785,-0.6165,0.1181,-0.555,-0.7639,-0.3293,25.5,0.3319,0.895,0.449,0.42058,337.5,636.7,314.9,618.6,360.2,654.8,154,0.759,1
138,126.396,-189.581,201.574,0.0095,0.3751,-0.9269,0.7762,-0.6175,0.1275,-0.5583,-0.7671,-0.3161,25.5,0.3424,0.801,0.557,0.36933,337.3,635.5,314.8,617.4,360.0,653.7,155,0.358,1
139,126.409,-188.802,199.62,0.0031,0.3653,-0.9309,0.7733,-0.6186,0.139,-0.5612,-0.7698,-0.304,25.5,0.353,0.729,0.682,0.3369,337.2,634.4,314.7,616.2,359.7,652.6,156,0.132,1
140,126.403,-188.051,197.657,-0.01,0.3481,-0.9374,0.7696,-0.62,0.1529,-0.5675,-0.7738,-0.2813,25.5,0.3668,1.369,0.828,0.61528,337.0,633.3,314.7,615.0,359.4,651.6,157,0.706,1
141,126.367,-187.336,195.679,-0.0239,0.3328,-0.9427,0.7651,-0.6213,0.1691,-0.5735,-0.7769,-0.2597,25.5,0.3845,1.297,0.966,0.58143,336.8,632.2,314.6,613.9,359.1,650.6,159,0.018,1
142,126.303,-186.649,193.693,-0.0368,0.3214,-0.9462,0.7597,-0.6226,0.1877,-0.5786,-0.7789,-0.2421,25.5,0.4057,1.056,1.112,0.47867,336.5,631.2,314.5,612.8,358.7,649.6,161,0.421,1
143,126.213,-185.981,191.701,-0.0486,0.3146,-0.948,0.7532,-0.6237,0.2088,-0.5824,-0.78,-0.229,25.5,0.4308,0.784,1.267,0.37429,336.3,630.2,314.4,611.7,358.3,648.7,162,0.502,1
144,126.099,-185.322,189.707,-0.0591,0.3129,-0.948,0.7457,-0.6245,0.2323,-0.5847,-0.7805,-0.2212,25.5,0.4597,0.467,1.414,0.28981,336.0,629.2,314.3,610.7,357.8,647.8,164,0.364,1
145,125.965,-184.661,187.715,-0.0682,0.3164,-0.9462,0.7369,-0.6247,0.2582,-0.5852,-0.7808,-0.2189,25.5,0.4922,0.136,1.567,0.2701,335.6,628.2,314.2,609.6,357.3,646.9,166,0.329,1
146,125.808,-184.0,185.725,-0.0815,0.3123,-0.9465,0.7268,-0.6243,0.2863,-0.5893,-0.781,-0.207,25.5,0.5252,0.721,1.711,0.3793,335.3,627.2,314.1,608.6,356.7,645.9,168,0.332,1
147,125.623,-183.348,183.735,-0.0947,0.3077,-0.9468,0.7154,-0.6231,0.316,-0.5941,-0.7806,-0.1942,25.5,0.5587,0.784,1.824,0.38093,334.9,626.2,314.0,607.6,356.0,645.0,170,0.322,1
148,125.41,-182.706,181.743,-0.1072,0.3027,-0.9471,0.703,-0.6211,0.3464,-0.5994,-0.7796,-0.1813,25.5,0.5914,0.801,1.885,0.3669,334.5,625.2,313.9,606.6,355.3,644.1,172,0.248,1
149,125.173,-182.075,179.752,-0.1182,0.2976,-0.9474,0.6899,-0.6183,0.3764,-0.6051,-0.778,-0.1689,25.5,0.6222,0.787,1.883,0.33047,334.1,624.3,313.8,605.7,354.6,643.1,174,0.058,1
150,124.915,-181.454,177.759,-0.1271,0.2926,-0.9478,0.6764,-0.6148,0.4055,-0.6108,-0.7759,-0.1577,25.5,0.6502,0.73,1.849,0.2783,333.6,623.3,313.7,604.8,353.8,642.1,176,0.287,1
151,124.64,-180.848,175.764,-0.1348,0.2848,-0.9491,0.663,-0.6109,0.4328,-0.618,-0.7728,-0.1441,25.5,0.6741,0.899,1.757,0.30071,333.1,622.4,313.6,603.9,352.9,641.2,177,0.53,1
152,124.346,-180.255,173.768,-0.1443,0.2795,-0.9492,0.6496,-0.6065,0.4585,-0.6254,-0.7692,-0.1314,25.5,0.6985,0.867,1.68,0.29638,332.6,621.5,313.5,603.1,352.1,640.2,179,0.067,1
153,124.031,-179.67,171.773,-0.1555,0.2767,-0.9483,0.6362,-0.6019,0.4827,-0.633,-0.7649,-0.1194,25.5,0.7232,0.85,1.607,0.31551,332.1,620.6,313.3,602.3,351.2,639.2,180,0.619,1
154,123.691,-179.089,169.78,-0.1683,0.2763,-0.9462,0.6229,-0.5971,0.5055,-0.641,-0.7599,-0.1079,25.5,0.7481,0.852,1.537,0.35358,331.6,619.7,313.1,601.5,350.3,638.3,182,0.247,1
155,123.322,-178.507,167.794,-0.1827,0.2781,-0.943,0.6095,-0.5923,0.5269,-0.6494,-0.7543,-0.0966,25.5,0.7729,0.868,1.473,0.4049,331.0,618.9,312.9,600.7,349.4,637.3,183,0.3,1
156,122.924,-177.92,165.814,-0.1951,0.2785,-0.9404,0.5961,-0.5876,0.5472,-0.659,-0.7474,-0.0846,25.5,0.7945,0.965,1.419,0.34538,330.4,618.0,312.7,600.0,348.5,636.3,184,0.798,1
157,122.502,-177.336,163.838,-0.2061,0.2774,-0.9384,0.5827,-0.5829,0.5663,-0.67,-0.7389,-0.0712,25.5,0.8132,1.106,1.364,0.30609,329.8,617.1,312.4,599.2,347.5,635.3,186,0.46,1
158,122.056,-176.753,161.868,-0.2179,0.277,-0.9358,0.5693,-0.5785,0.5842,-0.6823,-0.7289,-0.0569,25.5,0.831,1.223,1.306,0.32939,329.1,616.2,312.1,598.4,346.5,634.4,187,0.118,1
159,121.585,-176.17,159.903,-0.2305,0.2775,-0.9327,0.5558,-0.5743,0.6011,-0.696,-0.7169,-0.0413,25.5,0.8481,1.374,1.262,0.35379,328.4,615.4,311.8,597.6,345.4,633.4,188,0.17,1
160,121.086,-175.586,157.945,-0.2437,0.2786,-0.929,0.5424,-0.5703,0.6169,-0.7113,-0.7025,-0.024,25.5,0.8642,1.559,1.209,0.3747,327.7,614.5,311.5,596.9,344.3,632.4,189,0.401,1
161,120.559,-174.998,155.996,-0.2577,0.2803,-0.9247,0.5291,-0.5666,0.6317,-0.7283,-0.6853,-0.0048,25.5,0.8793,1.769,1.16,0.4017,327.0,613.6,311.1,596.1,343.2,631.5,190,0.574,1
162,120.004,-174.407,154.056,-0.2698,0.2815,-0.9208,0.5158,-0.5633,0.6455,-0.746,-0.6658,0.015,25.5,0.8921,1.888,1.114,0.34794,326.2,612.7,310.7,595.3,342.1,630.5,191,0.688,1
163,119.425,-173.814,152.123,-0.2808,0.2822,-0.9173,0.5025,-0.5604,0.6583,-0.7648,-0.6432,0.0362,25.5,0.9031,2.077,1.071,0.31508,325.5,611.9,310.3,594.5,340.9,629.6,192,0.747,1
164,118.822,-173.22,150.198,-0.2925,0.2829,-0.9135,0.4894,-0.5579,0.6703,-0.7854,-0.616,0.0607,25.5,0.9133,2.407,1.028,0.3357,324.6,611.0,309.8,593.7,339.8,628.7,193,0.758,1
165,118.194,-172.624,148.281,-0.305,0.2837,-0.9091,0.4762,-0.5557,0.6815,-0.8077,-0.5828,0.0891,25.5,0.9224,2.811,1.0,0.3617,323.8,610.1,309.4,592.9,338.6,627.7,194,0.726,1
166,117.539,-172.027,146.375,-0.3184,0.2845,-0.9042,0.463,-0.554,0.6919,-0.8313,-0.5423,0.1221,25.5,0.9306,3.285,0.968,0.38936,322.9,609.3,308.9,592.1,337.3,626.8,195,0.659,1
167,116.854,-171.428,144.479,-0.3329,0.2854,-0.8987,0.4498,-0.5527,0.7016,-0.8554,-0.4925,0.1605,25.5,0.938,3.859,0.941,0.42324,322.1,608.4,308.4,591.2,336.1,625.9,196,0.562,1
168,116.138,-170.826,142.595,-0.3485,0.2863,-0.8925,0.4365,-0.5517,0.7107,-0.8786,-0.4316,0.2046,25.5,0.9444,4.51,0.925,0.45806,321.1,607.5,307.8,590.4,334.8,625.0,197,0.441,1
169,115.39,-170.224,140.724,-0.3621,0.2864,-0.887,0.4231,-0.5511,0.7192,-0.8974,-0.3645,0.2486,25.5,0.949,4.723,0.91,0.39973,320.2,606.7,307.2,589.6,333.4,624.1,198,0.303,1
170,114.615,-169.622,138.865,-0.3756,0.2868,-0.8813,0.4096,-0.551,0.7271,-0.911,-0.289,0.2942,25.5,0.9527,5.115,0.896,0.39941,319.2,605.8,306.6,588.7,332.0,623.3,199,0.154,1
171,113.81,-169.018,137.018,-0.3891,0.2875,-0.8752,0.396,-0.5512,0.7344,-0.9175,-0.2057,0.3404,25.5,0.9553,5.472,0.884,0.40407,318.2,605.0,306.0,587.9,330.7,622.4,200,0.008,1
172,112.978,-168.412,135.184,-0.4026,0.2885,-0.8687,0.3822,-0.5518,0.7413,-0.9153,-0.116,0.3856,25.5,0.957,5.759,0.885,0.40914,317.2,604.1,305.4,587.0,329.2,621.6,201,0.16,1
173,112.117,-167.804,133.364,-0.416,0.2897,-0.862,0.3682,-0.5527,0.7476,-0.9033,-0.0222,0.4285,25.5,0.9577,5.952,0.881,0.40949,316.1,603.2,304.7,586.1,327.8,620.7,202,0.314,1
174,111.228,-167.194,131.559,-0.4295,0.2913,-0.8548,0.3541,-0.554,0.7534,-0.881,0.0727,0.4675,25.5,0.9575,6.019,0.877,0.41913,315.0,602.4,304.0,585.3,326.3,619.9,203,0.458,1
175,110.311,-166.579,129.769,-0.4425,0.2927,-0.8477,0.3397,-0.5557,0.7588,-0.8504,0.1633,0.5002,25.5,0.9562,5.793,0.887,0.40537,313.9,601.5,303.3,584.4,324.7,619.1,204,0.589,1
176,109.367,-165.963,127.994,-0.4553,0.2938,-0.8405,0.3251,-0.5578,0.7637,-0.813,0.2477,0.527,25.5,0.9538,5.51,0.891,0.40125,312.7,600.7,302.6,583.5,323.2,618.3,205,0.699,1
177,108.396,-165.344,126.234,-0.4685,0.2947,-0.8329,0.3103,-0.5601,0.7681,-0.7703,0.3254,0.5484,25.5,0.9502,5.227,0.894,0.4157,311.6,599.8,301.8,582.6,321.6,617.5,206,0.785,1
178,107.396,-164.723,124.491,-0.4821,0.2954,-0.8248,0.2954,-0.5626,0.7721,-0.7246,0.3947,0.5649,25.5,0.9454,4.851,0.895,0.4317,310.4,599.0,301.0,581.7,319.9,616.7,207,0.841,1
179,106.368,-164.102,122.765,-0.4959,0.2959,-0.8164,0.2804,-0.5654,0.7757,-0.6782,0.4552,0.577,25.5,0.9396,4.424,0.898,0.4404,309.2,598.1,300.2,580.8,318.3,615.9,208,0.868,1
180,105.31,-163.479,121.058,-0.5101,0.2962,-0.8075,0.2653,-0.5685,0.7788,-0.6326,0.5069,0.5855,25.5,0.9326,3.98,0.901,0.45668,307.9,597.3,299.4,579.9,316.6,615.1,209,0.877,1
181,104.223,-162.856,119.369,-0.5243,0.2965,-0.7982,0.2502,-0.5716,0.7814,-0.589,0.5507,0.5914,25.5,0.9244,3.558,0.896,0.46254,306.6,596.4,298.6,579.0,314.9,614.3,210,0.879,1
182,103.106,-162.231,117.701,-0.538,0.2976,-0.7887,0.2351,-0.5749,0.7837,-0.548,0.5876,0.5954,25.5,0.9157,3.169,0.895,0.45524,305.3,595.6,297.7,578.0,313.1,613.5,211,0.886,1
183,101.96,-161.605,116.052,-0.5514,0.298,-0.7792,0.2201,-0.5783,0.7856,-0.511,0.6176,0.5978,25.5,0.9058,2.733,0.888,0.44768,304.0,594.7,296.8,577.1,311.4,612.8,212,0.911,1
184,100.787,-160.978,114.423,-0.5645,0.2978,-0.7699,0.2053,-0.5817,0.7871,-0.4785,0.6419,0.5992,25.5,0.8951,2.327,0.874,0.43776,302.6,593.9,295.8,576.2,309.6,612.0,213,0.964,1
185,99.587,-160.352,112.814,-0.5769,0.2971,-0.7609,0.1907,-0.585,0.7883,-0.4504,0.6614,0.5998,25.5,0.8836,1.96,0.86,0.41789,301.2,593.1,294.9,575.3,307.8,611.3,214,1.057,1
186,98.361,-159.729,111.223,-0.5885,0.2959,-0.7524,0.1764,-0.5883,0.7892,-0.4266,0.6769,0.5999,25.5,0.8717,1.627,0.842,0.39315,299.8,592.3,293.9,574.4,306.0,610.5,214,1.046,1
187,97.112,-159.108,109.649,-0.5993,0.2942,-0.7445,0.1625,-0.5914,0.7898,-0.4067,0.6892,0.5997,25.5,0.8594,1.34,0.817,0.36757,298.4,591.4,292.8,573.6,304.1,609.7,215,0.9,1
188,95.841,-158.492,108.091,-0.6094,0.2922,-0.737,0.1492,-0.5943,0.7903,-0.3896,0.6992,0.5994,25.5,0.847,1.135,0.78,0.34703,297.0,590.6,291.8,572.7,302.3,609.0,216,0.693,1
189,94.549,-157.879,106.55,-0.6194,0.2906,-0.7293,0.1363,-0.5971,0.7905,-0.3734,0.7081,0.5993,25.5,0.8345,1.059,0.756,0.34663,295.5,589.8,290.7,571.8,300.5,608.2,217,0.42,1
190,93.236,-157.269,105.024,-0.629,0.2894,-0.7216,0.1239,-0.5997,0.7906,-0.358,0.716,0.5992,25.5,0.822,0.992,0.726,0.33689,294.0,589.0,289.5,571.0,298.6,607.5,218,0.078,1
191,91.904,-156.662,103.515,-0.6383,0.2885,-0.7137,0.112,-0.6021,0.7906,-0.3433,0.7231,0.5994,25.5,0.8094,0.935,0.696,0.33335,292.5,588.2,288.4,570.2,296.8,606.7,219,0.336,1
192,90.552,-156.056,102.022,-0.6475,0.2879,-0.7056,0.1005,-0.6043,0.7904,-0.329,0.7295,0.5996,25.5,0.7968,0.898,0.671,0.33436,291.0,587.4,287.2,569.4,294.9,606.0,220,0.825,1
193,89.18,-155.45,100.547,-0.6566,0.2877,-0.6972,0.0894,-0.6064,0.7901,-0.315,0.7354,0.6,25.5,0.784,0.871,0.647,0.33745,289.5,586.7,286.0,568.5,293.0,605.2,220,1.278,1
194,87.79,-154.845,99.09,-0.6655,0.2877,-0.6887,0.0787,-0.6083,0.7898,-0.3012,0.7407,0.6005,25.5,0.7713,0.847,0.623,0.33531,287.9,585.9,284.7,567.7,291.2,604.4,221,0.711,1
195,86.381,-154.24,97.651,-0.6745,0.2881,-0.6798,0.0683,-0.6101,0.7894,-0.2875,0.7456,0.6012,25.5,0.7585,0.835,0.605,0.34502,286.3,585.1,283.5,566.9,289.3,603.7,222,0.063,1
196,84.954,-153.635,96.23,-0.6825,0.2872,-0.6721,0.0583,-0.6118,0.7889,-0.277,0.7493,0.6015,25.5,0.7457,0.638,0.582,0.30355,284.8,584.3,282.2,566.1,287.4,602.9,223,0.671,1
197,83.511,-153.032,94.825,-0.6902,0.2865,-0.6644,0.0487,-0.6133,0.7884,-0.2671,0.7526,0.6019,25.5,0.7331,0.598,0.557,0.2973,283.2,583.5,280.8,565.3,285.5,602.2,223,1.432,1
198,82.052,-152.43,93.435,-0.6977,0.286,-0.6568,0.0392,-0.6147,0.7878,-0.2573,0.7556,0.6024,25.5,0.7206,0.588,0.551,0.29122,281.5,582.8,279.5,564.6,283.6,601.4,224,0.613,1
199,80.576,-151.829,92.062,-0.7052,0.2857,-0.6489,0.0301,-0.616,0.7872,-0.2475,0.7584,0.6029,25.5,0.708,0.585,0.528,0.29688,279.9,582.0,278.1,563.8,281.8,600.7,225,0.28,1
200,79.086,-151.228,90.706,-0.7126,0.2856,-0.6408,0.0211,-0.6172,0.7866,-0.2377,0.7611,0.6035,25.5,0.6954,0.583,0.521,0.29894,278.3,581.3,276.8,563.0,279.8,599.9,226,1.229,2
201,77.579,-150.627,89.367,-0.7202,0.2856,-0.6322,0.0123,-0.6183,0.7859,-0.2276,0.7636,0.6043,25.5,0.6823,0.598,0.51,0.31267,276.6,580.5,275.4,562.3,277.9,599.2,226,0.875,2
202,76.056,-150.026,88.047,-0.728,0.2859,-0.6231,0.0037,-0.6193,0.7852,-0.2172,0.7659,0.6051,25.5,0.669,0.612,0.498,0.32665,275.0,579.7,273.9,561.5,276.0,598.4,227,0.11,2
203,74.516,-149.425,86.747,-0.7362,0.2863,-0.6133,-0.0049,-0.6202,0.7844,-0.2062,0.7682,0.6061,25.5,0.655,0.646,0.498,0.34829,273.3,579.0,272.5,560.8,274.1,597.7,228,1.11,2
204,72.96,-148.822,85.468,-0.7441,0.2864,-0.6036,-0.0133,-0.6211,0.7836,-0.196,0.7701,0.6071,25.5,0.641,0.597,0.486,0.3409,271.6,578.2,271.1,560.0,272.1,596.9,228,0.992,2
205,71.388,-148.22,84.208,-0.7513,0.2861,-0.5947,-0.0217,-0.6219,0.7828,-0.1874,0.7716,0.6078,25.5,0.6272,0.502,0.486,0.312,269.9,577.5,269.6,559.3,270.2,596.2,229,0.012,2
206,69.8,-147.619,82.967,-0.7588,0.2858,-0.5852,-0.0301,-0.6227,0.7819,-0.1783,0.7731,0.6088,25.5,0.6127,0.531,0.486,0.32989,268.2,576.8,268.1,558.5,268.2,595.4,230,0.984,2
207,68.196,-147.018,81.747,-0.7666,0.2857,-0.575,-0.0384,-0.6233,0.781,-0.1687,0.7744,0.6098,25.5,0.5977,0.558,0.48,0.34986,266.4,576.0,266.6,557.8,266.2,594.7,230,1.12,2
208,66.575,-146.417,80.549,-0.7747,0.2857,-0.564,-0.0467,-0.624,0.78,-0.1587,0.7756,0.6109,25.5,0.582,0.581,0.481,0.37221,264.7,575.3,265.1,557.1,264.3,593.9,231,0.182,2
209,64.937,-145.816,79.375,-0.7831,0.2859,-0.5523,-0.0549,-0.6246,0.779,-0.1483,0.7767,0.6122,25.5,0.5658,0.604,0.475,0.39249,262.9,574.5,263.6,556.3,262.2,593.2,232,0.7,2
210,63.282,-145.215,78.227,-0.7917,0.2861,-0.5398,-0.0632,-0.6251,0.778,-0.1374,0.7776,0.6136,25.5,0.5488,0.632,0.48,0.41342,261.2,573.8,262.1,555.6,260.2,592.4,232,1.404,2
211,61.608,-144.613,77.105,-0.8005,0.2864,-0.5265,-0.0715,-0.6256,0.7768,-0.1262,0.7783,0.6151,25.5,0.5309,0.649,0.481,0.43459,259.4,573.1,260.5,554.9,258.2,591.7,233,0.591,2
212,59.915,-144.01,76.013,-0.8092,0.2869,-0.5128,-0.0798,-0.6261,0.7757,-0.1148,0.7787,0.6167,25.5,0.5128,0.66,0.481,0.44236,257.6,572.4,258.9,554.2,256.1,591.0,234,0.147,2
213,58.204,-143.407,74.948,-0.8174,0.2871,-0.4994,-0.0882,-0.6265,0.7744,-0.1041,0.779,0.6183,25.5,0.4945,0.62,0.488,0.42805,255.7,571.6,257.4,553.5,254.1,590.2,235,0.807,2
214,56.477,-142.803,73.912,-0.8254,0.2871,-0.4861,-0.0966,-0.6269,0.7731,-0.0941,0.779,0.6199,25.5,0.4761,0.58,0.488,0.42288,253.9,570.9,255.8,552.8,252.0,589.5,235,1.296,2
215,54.733,-142.199,72.904,-0.8331,0.2869,-0.4729,-0.1051,-0.6272,0.7717,-0.0846,0.7788,0.6215,25.5,0.4573,0.552,0.494,0.41641,252.0,570.2,254.2,552.1,249.9,588.8,236,0.722,2
216,52.973,-141.596,71.923,-0.8406,0.2863,-0.4597,-0.1138,-0.6275,0.7702,-0.0756,0.7785,0.6231,25.5,0.4381,0.524,0.506,0.41398,250.2,569.5,252.5,551.4,247.8,588.0,237,0.238,2
217,51.198,-140.995,70.97,-0.8479,0.2855,-0.4467,-0.1226,-0.6279,0.7686,-0.0672,0.7779,0.6247,25.5,0.4186,0.491,0.513,0.40682,248.3,568.8,250.9,550.7,245.6,587.3,238,0.15,2
218,49.407,-140.396,70.044,-0.855,0.2844,-0.4338,-0.1316,-0.6281,0.7669,-0.0593,0.7772,0.6264,25.5,0.3988,0.465,0.525,0.4023,246.4,568.1,249.3,550.0,243.5,586.6,239,0.434,2
219,47.602,-139.799,69.146,-0.8618,0.283,-0.421,-0.1408,-0.6284,0.765,-0.0519,0.7764,0.6282,25.5,0.3786,0.439,0.539,0.39672,244.5,567.4,247.6,549.3,241.3,585.9,240,0.609,2
220,45.783,-139.203,68.275,-0.8681,0.2845,-0.4067,-0.1503,-0.6287,0.763,-0.0414,0.7751,0.6305,25.5,0.3587,0.62,0.557,0.42769,242.6,566.7,246.0,548.6,239.1,585.2,241,0.672,2
221,43.95,-138.604,67.435,-0.8745,0.2854,-0.3921,-0.1599,-0.6289,0.7608,-0.0313,0.7736,0.6329,25.5,0.338,0.601,0.564,0.43504,240.7,566.0,244.3,547.9,236.9,584.5,242,0.632,2
222,42.105,-138.004,66.626,-0.8811,0.2845,-0.3778,-0.1696,-0.6292,0.7585,-0.0231,0.772,0.6352,25.5,0.3161,0.496,0.571,0.42984,238.7,565.3,242.7,547.3,234.7,583.8,243,0.498,2
223,40.245,-137.408,65.846,-0.8877,0.2819,-0.3641,-0.1791,-0.6295,0.756,-0.0169,0.7703,0.6374,25.5,0.2937,0.389,0.563,0.42035,236.8,564.6,241.0,546.6,232.4,583.1,244,0.277,2
224,38.372,-136.82,65.094,-0.8942,0.2775,-0.3513,-0.1885,-0.63,0.7534,-0.0127,0.7686,0.6396,25.5,0.2709,0.289,0.56,0.40911,234.8,564.0,239.3,545.9,230.2,582.4,245,0.024,2
225,36.484,-136.242,64.368,-0.9006,0.2716,-0.3393,-0.1974,-0.6305,0.7506,-0.0104,0.767,0.6415,25.5,0.2481,0.194,0.535,0.40394,232.8,563.3,237.6,545.3,228.0,581.7,246,0.39,2
226,34.584,-135.678,63.666,-0.9068,0.2643,-0.3285,-0.2059,-0.6312,0.7477,-0.01,0.7654,0.6434,25.5,0.2257,0.144,0.516,0.39328,230.9,562.7,235.8,544.6,225.7,581.1,248,0.801,2
227,32.671,-135.132,62.985,-0.9127,0.2551,-0.3192,-0.2138,-0.6322,0.7447,-0.012,0.764,0.6451,25.5,0.2038,0.17,0.488,0.39101,228.9,562.0,234.1,544.0,223.5,580.5,249,0.274,2
228,30.746,-134.605,62.323,-0.9182,0.2459,-0.3105,-0.221,-0.6333,0.7417,-0.0145,0.7625,0.6468,25.5,0.1831,0.193,0.451,0.37616,226.8,561.4,232.3,543.4,221.3,579.9,250,0.287,2
229,28.809,-134.096,61.68,-0.9231,0.2391,-0.301,-0.2275,-0.6347,0.7385,-0.0146,0.7606,0.6491,25.5,0.164,0.171,0.423,0.34516,224.8,560.9,230.5,542.8,219.1,579.3,252,0.632,2
230,26.863,-133.598,61.057,-0.9276,0.2345,-0.2908,-0.2331,-0.6363,0.7354,-0.0127,0.7581,0.652,25.5,0.1468,0.245,0.378,0.32856,222.8,560.3,228.6,542.2,216.9,578.8,253,0.04,2
231,24.908,-133.108,60.457,-0.9317,0.2318,-0.2795,-0.2379,-0.6381,0.7322,-0.0087,0.7553,0.6554,25.5,0.1309,0.341,0.346,0.33566,220.8,559.7,226.7,541.6,214.7,578.3,254,0.565,2
232,22.944,-132.622,59.882,-0.9356,0.231,-0.267,-0.2419,-0.6402,0.7291,-0.0026,0.7518,0.6593,25.5,0.1162,0.461,0.314,0.35742,218.7,559.2,224.8,541.0,212.5,577.7,256,0.417,2
233,20.973,-132.135,59.335,-0.9392,0.232,-0.253,-0.2449,-0.6426,0.7261,0.0059,0.7479,0.6638,25.5,0.1028,0.595,0.279,0.39475,216.7,558.6,222.8,540.4,210.4,577.2,257,0.094,2
234,18.994,-131.644,58.819,-0.9427,0.2349,-0.2371,-0.2469,-0.6451,0.7231,0.0169,0.7432,0.6689,25.5,0.0902,0.745,0.251,0.45054,214.6,558.1,220.9,539.8,208.3,576.7,258,0.56,2
235,17.008,-131.146,58.339,-0.9458,0.2399,-0.2188,-0.2479,-0.6479,0.7202,0.0311,0.7377,0.6744,25.5,0.0785,0.928,0.238,0.52372,212.6,557.5,218.9,539.2,206.2,576.2,260,0.718,2
236,15.016,-130.637,57.898,-0.9489,0.2426,-0.2018,-0.2479,-0.651,0.7175,0.0428,0.7325,0.6794,25.5,0.0675,0.788,0.236,0.47664,210.5,557.0,216.8,538.6,204.1,575.7,261,0.358,2
237,13.018,-130.126,57.49,-0.9518,0.2437,-0.186,-0.2468,-0.6543,0.7149,0.0526,0.7276,0.684,25.5,0.0575,0.681,0.249,0.43872,208.4,556.4,214.7,538.0,202.0,575.3,262,0.032,2
238,11.013,-129.612,57.116,-0.9546,0.2445,-0.17,-0.2447,-0.6578,0.7124,0.0625,0.7225,0.6886,25.5,0.0483,0.69,0.274,0.4431,206.4,555.9,212.6,537.3,200.0,574.8,263,0.274,2
239,9.002,-129.098,56.776,-0.9573,0.245,-0.1534,-0.2418,-0.6615,0.7099,0.0725,0.7173,0.693,25.5,0.0395,0.693,0.305,0.45841,204.3,555.3,210.5,536.7,198.0,574.3,264,0.549,2
240,6.986,-128.582,56.471,-0.9599,0.2452,-0.136,-0.238,-0.6654,0.7075,0.083,0.7118,0.6974,25.5,0.0309,0.724,0.341,0.47935,202.2,554.7,208.3,536.1,196.0,573.8,265,0.799,2
241,4.965,-128.066,56.204,-0.9623,0.2451,-0.1176,-0.2335,-0.6696,0.7051,0.0941,0.7062,0.7018,25.5,0.0223,0.756,0.379,0.50559,200.1,554.2,206.2,535.4,194.0,573.4,267,0.867,2
242,2.939,-127.552,55.978,-0.9647,0.2446,-0.0977,-0.2282,-0.674,0.7026,0.106,0.7002,0.706,25.5,0.0134,0.801,0.42,0.54635,198.0,553.6,203.9,534.7,192.0,572.9,268,0.673,2
243,0.908,-127.038,55.795,-0.9669,0.2437,-0.0759,-0.2223,-0.6785,0.7001,0.1192,0.6938,0.7102,25.5,0.0035,0.874,0.449,0.59744,195.9,553.1,201.7,534.1,190.0,572.5,269,0.491,2
244,-1.127,-126.526,55.66,-0.9685,0.2434,-0.0525,-0.2157,-0.6833,0.6975,0.1339,0.6869,0.7143,25.5,0.006,0.96,0.491,0.63919,193.8,552.6,199.5,533.4,188.1,572.1,270,0.319,2
245,-3.165,-126.014,55.575,-0.9697,0.2428,-0.0285,-0.2086,-0.6883,0.6948,0.1491,0.6797,0.7181,25.5,0.0154,0.988,0.521,0.65489,191.7,552.0,197.2,532.8,186.2,571.7,271,0.152,2
246,-5.205,-125.505,55.54,-0.9703,0.2419,-0.0044,-0.2009,-0.6934,0.6919,0.1644,0.6725,0.7216,25.5,0.0242,0.989,0.555,0.65729,189.6,551.5,194.9,532.1,184.2,571.3,272,0.013,2
247,-7.246,-124.997,55.556,-0.9704,0.2408,0.0197,-0.1925,-0.6988,0.6889,0.1797,0.6651,0.7248,25.5,0.0321,0.991,0.597,0.65734,187.5,551.0,192.6,531.5,182.3,570.9,273,0.175,2
248,-9.286,-124.492,55.623,-0.97,0.2393,0.0434,-0.1836,-0.7043,0.6857,0.1948,0.6577,0.7277,25.5,0.0393,0.978,0.627,0.64712,185.4,550.5,190.3,530.8,180.4,570.5,274,0.339,2
249,-11.325,-123.991,55.738,-0.9691,0.2376,0.0662,-0.174,-0.7101,0.6823,0.2093,0.6503,0.7302,25.5,0.0451,0.944,0.672,0.62342,183.3,550.0,188.0,530.2,178.6,570.1,275,0.508,2
250,-13.361,-123.492,55.906,-0.9671,0.2365,0.0934,-0.1638,-0.716,0.6786,0.2276,0.6419,0.7322,25.5,0.0525,1.159,0.708,0.74376,181.2,549.5,185.6,529.5,176.7,569.8,276,0.682,2
251,-15.392,-122.997,56.13,-0.9646,0.2347,0.1201,-0.1529,-0.7221,0.6747,0.2455,0.6336,0.7337,25.5,0.059,1.134,0.75,0.73231,179.1,549.0,183.3,528.9,174.9,569.4,277,0.863,2
252,-17.418,-122.506,56.41,-0.9617,0.2321,0.1459,-0.1415,-0.7283,0.6704,0.2624,0.6254,0.7348,25.5,0.0649,1.078,0.783,0.71095,177.0,548.5,180.9,528.3,173.1,569.1,279,0.851,2
253,-19.437,-122.021,56.743,-0.9584,0.2288,0.1706,-0.1295,-0.7347,0.6659,0.2784,0.6176,0.7356,25.5,0.0696,1.021,0.821,0.68489,174.9,548.0,178.5,527.6,171.3,568.8,280,0.639,2
254,-21.449,-121.544,57.127,-0.9549,0.2247,0.1939,-0.1169,-0.7413,0.661,0.2931,0.6102,0.7361,25.5,0.0732,0.943,0.862,0.65166,172.8,547.5,176.1,527.0,169.5,568.5,281,0.415,2
255,-23.452,-121.076,57.56,-0.9504,0.2209,0.2191,-0.1037,-0.7479,0.6557,0.3096,0.6022,0.7359,25.5,0.077,1.051,0.898,0.70514,170.8,547.1,173.7,526.4,167.8,568.2,282,0.174,2
256,-25.445,-120.615,58.049,-0.9447,0.2173,0.2457,-0.09,-0.7546,0.6499,0.3277,0.5938,0.7348,25.5,0.0807,1.145,0.935,0.74764,168.7,546.6,171.3,525.8,166.1,567.9,283,0.083,2
257,-27.426,-120.163,58.592,-0.9389,0.2129,0.2704,-0.0757,-0.7615,0.6438,0.3442,0.586,0.7336,25.5,0.083,1.048,0.975,0.70163,166.7,546.2,168.9,525.2,164.4,567.7,284,0.359,2
258,-29.394,-119.721,59.185,-0.9333,0.2077,0.293,-0.0609,-0.7684,0.6371,0.3588,0.5787,0.7324,25.5,0.0839,0.938,1.011,0.65003,164.6,545.8,166.5,524.6,162.7,567.4,285,0.657,2
259,-31.351,-119.29,59.823,-0.9279,0.2017,0.3136,-0.0454,-0.7754,0.6298,0.3715,0.5721,0.7312,25.5,0.0832,0.823,1.06,0.60283,162.6,545.4,164.1,524.0,161.1,567.2,287,0.776,2
260,-33.297,-118.872,60.503,-0.9218,0.1959,0.3346,-0.0294,-0.7825,0.6219,0.385,0.5653,0.7295,25.5,0.0819,0.872,1.1,0.61641,160.5,545.0,161.6,523.4,159.4,567.0,288,0.4,2
261,-35.226,-118.465,61.232,-0.9137,0.1909,0.3587,-0.0128,-0.7897,0.6134,0.4017,0.5577,0.7263,25.5,0.081,1.067,1.145,0.70603,158.5,544.6,159.2,522.9,157.9,566.8,289,0.009,3
262,-37.14,-118.07,62.01,-0.9064,0.1847,0.38,0.0045,-0.7968,0.6042,0.4156,0.551,0.7236,25.5,0.0783,0.898,1.194,0.63631,156.5,544.3,156.8,522.4,156.3,566.6,290,0.451,3
263,-39.039,-117.69,62.829,-0.8999,0.1772,0.3984,0.0224,-0.804,0.5943,0.4267,0.5452,0.7215,25.5,0.0741,0.728,1.242,0.5696,154.5,543.9,154.3,521.8,154.8,566.5,292,0.657,3
264,-40.926,-117.326,63.683,-0.8945,0.1683,0.4141,0.041,-0.811,0.5836,0.4351,0.5403,0.7203,25.5,0.0685,0.561,1.293,0.51326,152.6,543.6,151.9,521.3,153.3,566.3,293,0.103,3
265,-42.802,-116.983,64.569,-0.889,0.1579,0.4298,0.0603,-0.8179,0.5722,0.4428,0.5356,0.7191,25.5,0.0632,0.521,1.344,0.53457,150.6,543.3,149.4,520.9,151.8,566.2,294,0.492,3
266,-44.663,-116.662,65.494,-0.8813,0.1476,0.4489,0.0804,-0.8247,0.5599,0.4536,0.5304,0.7162,25.5,0.0588,0.707,1.405,0.62739,148.6,543.1,146.9,520.4,150.4,566.1,296,0.294,3
267,-46.509,-116.36,66.456,-0.8741,0.1392,0.4654,0.1014,-0.8313,0.5465,0.4636,0.5255,0.7134,25.5,0.05,0.658,1.477,0.54126,146.7,542.8,144.4,520.0,149.0,566.0,297,0.433,3
268,-48.34,-116.075,67.449,-0.8676,0.1329,0.4792,0.1235,-0.8379,0.5317,0.4725,0.5208,0.711,25.5,0.0363,0.593,1.57,0.44967,144.8,542.6,141.9,519.6,147.7,565.9,299,0.079,3
269,-50.159,-115.8,68.469,-0.862,0.1286,0.4903,0.1469,-0.8442,0.5154,0.4803,0.5164,0.7089,25.5,0.0175,0.527,1.673,0.35843,142.9,542.4,139.4,519.3,146.4,565.9,301,0.402,3
270,-51.965,-115.535,69.513,-0.8542,0.1202,0.5059,0.1717,-0.8504,0.4973,0.49,0.5116,0.7058,25.5,0.0027,0.645,1.795,0.52745,140.9,542.2,136.8,518.9,145.1,565.8,302,0.55,3
271,-53.75,-115.296,70.598,-0.8443,0.1088,0.5247,0.1976,-0.8562,0.4774,0.5013,0.5067,0.7014,25.5,0.0095,0.749,1.901,0.65697,139.1,542.0,134.2,518.6,143.9,565.7,304,0.47,3
272,-55.519,-115.071,71.713,-0.8385,0.1059,0.5345,0.2236,-0.8612,0.4564,0.5089,0.5025,0.6989,25.5,0.0347,0.518,1.936,0.32019,137.2,541.8,131.7,518.3,142.8,565.7,307,0.438,3
273,-57.28,-114.844,72.839,-0.8376,0.1114,0.5348,0.2487,-0.8653,0.4352,0.5126,0.4988,0.6989,25.5,0.072,0.3,1.897,0.15207,135.3,541.7,129.1,518.1,141.6,565.6,309,0.232,3
274,-59.044,-114.598,73.957,-0.8408,0.124,0.5269,0.2718,-0.8684,0.4147,0.5125,0.4953,0.7014,25.5,0.1177,0.246,1.779,0.41447,133.4,541.5,126.6,517.8,140.3,565.5,311,0.041,3
275,-60.812,-114.32,75.06,-0.8373,0.1395,0.5286,0.2921,-0.8706,0.3958,0.5219,0.4919,0.6969,25.5,0.1568,0.628,1.594,0.43555,131.5,541.3,124.2,517.6,139.0,565.3,313,0.049,3
276,-62.567,-114.016,76.179,-0.8326,0.1491,0.5334,0.3094,-0.8722,0.3789,0.5309,0.489,0.6921,25.5,0.1855,0.608,1.389,0.3192,129.7,541.1,121.8,517.3,137.6,565.1,315,0.095,3
277,-64.318,-113.697,77.3,-0.833,0.1536,0.5315,0.324,-0.8733,0.3639,0.532,0.4862,0.6932,25.5,0.2106,0.184,1.201,0.13351,127.8,540.8,119.6,517.0,136.1,564.8,317,0.464,3
278,-66.074,-113.372,78.41,-0.838,0.154,0.5235,0.3364,-0.874,0.3506,0.526,0.4832,0.6999,25.5,0.233,0.543,1.043,0.25726,125.9,540.5,117.3,516.7,134.6,564.6,318,0.308,3
279,-67.846,-113.052,79.497,-0.8476,0.1502,0.5089,0.3468,-0.8746,0.3389,0.5126,0.4793,0.7124,25.5,0.2528,1.073,0.898,0.48715,124.0,540.3,115.2,516.5,133.0,564.3,320,0.45,3
280,-69.644,-112.744,80.545,-0.8625,0.1416,0.4858,0.3556,-0.875,0.3287,0.4899,0.474,0.7317,25.5,0.2709,1.734,0.772,0.78467,122.1,540.0,113.0,516.2,131.3,564.1,321,0.134,3
281,-71.476,-112.457,81.535,-0.878,0.1351,0.4593,0.363,-0.8752,0.3197,0.4651,0.4675,0.7517,25.5,0.2901,1.863,0.668,0.85529,120.1,539.8,110.8,516.0,129.5,563.8,322,0.655,3
282,-73.332,-112.172,82.482,-0.8873,0.1353,0.4409,0.3694,-0.8755,0.3116,0.4502,0.462,0.7642,25.5,0.3088,1.158,0.592,0.56172,118.1,539.6,108.7,515.7,127.7,563.6,324,0.585,3
283,-75.209,-111.892,83.388,-0.8978,0.1295,0.4209,0.3751,-0.8758,0.3037,0.431,0.4548,0.7794,25.5,0.3224,1.462,0.558,0.63539,116.1,539.3,106.5,515.5,125.9,563.4,325,0.246,3
284,-77.109,-111.632,84.25,-0.9097,0.1168,0.3984,0.3801,-0.8766,0.2952,0.4066,0.445,0.7979,25.5,0.3306,1.842,0.567,0.77512,114.1,539.1,104.3,515.3,124.0,563.2,326,0.053,3
285,-79.036,-111.407,85.061,-0.9233,0.0956,0.3719,0.3848,-0.8777,0.2855,0.3751,0.4314,0.8205,25.5,0.333,2.354,0.621,0.99622,112.0,538.9,102.1,515.0,122.0,563.0,327,0.248,3
286,-80.994,-111.238,85.81,-0.9387,0.0654,0.3385,0.3894,-0.8794,0.2738,0.3344,0.412,0.8476,25.5,0.3304,3.014,0.727,1.29689,109.9,538.8,99.9,514.9,120.1,562.9,328,0.386,3
287,-82.984,-111.125,86.48,-0.9535,0.041,0.2985,0.394,-0.8817,0.2596,0.2906,0.3875,0.8749,25.5,0.3343,3.274,0.865,1.33906,107.8,538.7,97.6,514.8,118.1,562.9,329,0.449,3
288,-85.002,-111.067,87.068,-0.9649,0.0136,0.2621,0.3987,-0.8843,0.2429,0.2493,0.3594,0.8993,25.5,0.3331,3.186,1.005,1.27991,105.7,538.7,95.4,514.7,116.1,562.9,330,0.43,3
289,-87.039,-111.069,87.587,-0.9724,-0.0156,0.2328,0.4034,-0.8872,0.2237,0.2148,0.3295,0.9194,25.5,0.3263,2.858,1.145,1.14559,103.5,538.8,93.0,514.7,114.0,563.0,331,0.322,3
290,-89.089,-111.133,88.053,-0.9772,-0.0444,0.2077,0.4081,-0.8902,0.2022,0.1856,0.2978,0.9364,25.5,0.3173,2.655,1.273,1.04915,101.3,538.9,90.7,514.7,112.0,563.1,332,0.12,3
291,-91.15,-111.256,88.452,-0.9822,-0.074,0.1725,0.4129,-0.8931,0.1787,0.1481,0.2594,0.9543,25.5,0.3086,3.242,1.384,1.26065,99.1,539.0,88.3,514.8,110.0,563.3,333,0.178,3
292,-93.218,-111.447,88.782,-0.9839,-0.1074,0.1432,0.4177,-0.8955,0.1536,0.1168,0.2206,0.9684,25.5,0.2928,2.969,1.471,1.21163,96.9,539.2,86.0,515.0,107.9,563.6,334,0.57,3
293,-95.286,-111.71,89.058,-0.9822,-0.1441,0.1207,0.4227,-0.8973,0.1275,0.0934,0.1831,0.9787,25.5,0.2705,2.601,1.526,1.17392,94.8,539.5,83.6,515.3,105.9,563.9,335,1.062,3
294,-97.348,-112.052,89.288,-0.979,-0.1802,0.095,0.4279,-0.8982,0.101,0.0693,0.144,0.9871,25.5,0.2475,2.676,1.548,1.21065,92.6,539.9,81.3,515.7,103.9,564.2,335,1.041,3
295,-99.402,-112.468,89.46,-0.974,-0.2155,0.0692,0.4333,-0.8982,0.0745,0.0473,0.1052,0.9933,25.5,0.2233,2.58,1.55,1.19933,90.4,540.4,78.9,516.1,101.9,564.6,336,0.446,3
296,-101.443,-112.958,89.582,-0.9669,-0.2506,0.0478,0.439,-0.8972,0.0482,0.0314,0.0689,0.9971,25.5,0.1973,2.281,1.543,1.13682,88.2,540.9,76.5,516.7,100.0,565.1,337,0.26,3
297,-103.467,-113.522,89.664,-0.958,-0.2851,0.0305,0.4451,-0.8952,0.0223,0.0213,0.0355,0.9991,25.5,0.1705,2.003,1.529,1.07923,86.1,541.5,74.2,517.4,98.0,565.5,338,1.081,3
298,-105.471,-114.157,89.708,-0.9477,-0.3189,0.0117,0.4515,-0.8922,-0.0028,0.0114,0.0026,0.9999,25.5,0.1434,1.969,1.494,1.09064,84.0,542.1,71.9,518.2,96.1,566.1,338,1.022,3
299,-107.452,-114.861,89.711,-0.9367,-0.3501,-0.0096,0.4584,-0.8883,-0.0273,0.0011,-0.0301,0.9995,25.5,0.1181,1.965,1.475,1.07221,81.9,542.9,69.6,519.1,94.3,566.7,339,0.073,3
300,-109.411,-115.627,89.667,-0.9254,-0.3775,-0.0322,0.4657,-0.8835,-0.0509,-0.0093,-0.0624,0.998,25.5,0.0958,1.946,1.442,1.01554,79.9,543.7,67.3,520.1,92.4,567.3,340,1.02,3
301,-111.344,-116.45,89.577,-0.9121,-0.4066,-0.0523,0.4733,-0.8778,-0.0738,-0.0159,-0.0923,0.9956,25.5,0.0709,1.76,1.421,1.02961,77.8,544.6,65.0,521.1,90.6,567.9,340,1.083,3
302,-113.247,-117.334,89.448,-0.8988,-0.4326,-0.0704,0.4813,-0.8713,-0.096,-0.0199,-0.1203,0.9925,25.5,0.0489,1.63,1.402,0.9363,75.8,545.5,62.7,522.2,88.9,568.6,341,0.171,3
303,-115.126,-118.263,89.28,-0.8885,-0.45,-0.0896,0.4894,-0.8641,-0.1175,-0.0246,-0.1483,0.9886,25.5,0.0355,1.642,1.38,0.75975,73.9,546.4,60.5,523.4,87.2,569.4,342,1.605,3
304,-116.986,-119.221,89.07,-0.8811,-0.46,-0.1098,0.4976,-0.8563,-0.1384,-0.0304,-0.1767,0.9838,25.5,0.0293,1.683,1.362,0.64641,71.9,547.4,58.3,524.7,85.5,570.1,342,0.499,3
305,-118.834,-120.194,88.817,-0.875,-0.4663,-0.1302,0.5057,-0.848,-0.159,-0.0363,-0.205,0.9781,25.5,0.0264,1.688,1.354,0.60497,70.0,548.4,56.1,525.9,83.8,570.8,343,1.137,3
306,-120.663,-121.189,88.526,-0.8651,-0.4795,-0.147,0.5135,-0.8392,-0.1792,-0.0374,-0.2306,0.9723,25.5,0.0155,1.505,1.339,0.64163,68.1,549.5,53.9,527.2,82.2,571.6,343,0.967,3
307,-122.474,-122.207,88.199,-0.8572,-0.4882,-0.1638,0.521,-0.83,-0.1991,-0.0388,-0.256,0.9659,25.5,0.0088,1.503,1.328,0.55865,66.2,550.5,51.8,528.6,80.5,572.3,344,0.888,3
308,-124.27,-123.24,87.837,-0.8511,-0.4929,-0.1809,0.5281,-0.8205,-0.2186,-0.0406,-0.2816,0.9587,25.5,0.0055,1.527,1.308,0.51095,64.4,551.6,49.7,529.9,78.9,573.1,344,1.215,3
309,-126.054,-124.278,87.438,-0.8465,-0.4941,-0.1982,0.5348,-0.8108,-0.2378,-0.0433,-0.3073,0.9506,25.5,0.005,1.552,1.291,0.48883,62.5,552.6,47.7,531.3,77.3,573.8,345,0.877,3
310,-127.831,-125.315,87.003,-0.8428,-0.493,-0.2159,0.541,-0.801,-0.2565,-0.0465,-0.333,0.9418,25.5,0.0057,1.567,1.261,0.49364,60.7,553.7,45.6,532.6,75.6,574.6,345,1.226,3
311,-129.595,-126.358,86.532,-0.8353,-0.4985,-0.232,0.5467,-0.791,-0.2747,-0.0465,-0.3563,0.9332,25.5,0.0014,1.423,1.234,0.50657,58.9,554.7,43.6,534.0,74.0,575.3,346,1.123,3
312,-131.345,-127.41,86.028,-0.8295,-0.501,-0.247,0.5518,-0.781,-0.2926,-0.0463,-0.379,0.9242,25.5,0.0058,1.399,1.211,0.44341,57.1,555.8,41.6,535.4,72.4,576.1,346,0.98,3
313,-133.085,-128.463,85.494,-0.8254,-0.5005,-0.2611,0.5563,-0.771,-0.31,-0.0461,-0.4012,0.9148,25.5,0.0077,1.381,1.178,0.40031,55.3,556.9,39.7,536.8,70.7,576.8,347,1.644,3
314,-134.818,-129.513,84.93,-0.8229,-0.4975,-0.2746,0.5604,-0.7609,-0.3271,-0.0463,-0.423,0.9049,25.5,0.0072,1.372,1.162,0.38287,53.5,557.9,37.7,538.1,69.1,577.5,347,0.46,3
315,-136.547,-130.554,84.339,-0.8218,-0.4919,-0.2877,0.5638,-0.751,-0.3437,-0.047,-0.4446,0.8945,25.5,0.005,1.374,1.124,0.3893,51.7,559.0,35.8,539.5,67.5,578.3,348,2.451,3
316,-138.275,-131.581,83.72,-0.8205,-0.4862,-0.3007,0.5668,-0.7411,-0.3599,-0.0478,-0.4657,0.8836,25.5,0.0035,1.362,1.101,0.38837,50.0,560.0,34.0,540.8,65.8,579.0,348,0.349,3
317,-139.995,-132.603,83.074,-0.8158,-0.4858,-0.3138,0.5692,-0.7313,-0.3758,-0.047,-0.4852,0.8731,25.5,0.0088,1.27,1.079,0.37939,48.2,561.0,32.1,542.1,64.2,579.7,348,1.754,3
318,-141.707,-133.622,82.401,-0.8127,-0.483,-0.3258,0.5711,-0.7216,-0.3913,-0.0461,-0.5041,0.8624,25.5,0.0119,1.246,1.053,0.34618,46.5,562.0,30.3,543.5,62.5,580.4,349,1.397,3
319,-143.414,-134.634,81.704,-0.8111,-0.478,-0.337,0.5726,-0.712,-0.4065,-0.0456,-0.5228,0.8513,25.5,0.0129,1.246,1.034,0.337,44.8,563.0,28.5,544.8,60.9,581.1,349,0.707,3
320,-145.12,-135.632,80.984,-0.8109,-0.4707,-0.3477,0.5736,-0.7023,-0.4216,-0.0457,-0.5413,0.8396,25.5,0.012,1.254,1.03,0.35294,43.0,564.0,26.7,546.0,59.2,581.8,350,2.608,3
321,-146.826,-136.612,80.242,-0.8121,-0.4608,-0.3581,0.5743,-0.6926,-0.4364,-0.0469,-0.5601,0.8271,25.5,0.009,1.295,1.015,0.39255,41.3,565.0,24.9,547.3,57.5,582.4,350,0.505,3
322,-148.536,-137.568,79.478,-0.8146,-0.448,-0.3684,0.5747,-0.6828,-0.4511,-0.0495,-0.5792,0.8137,25.5,0.0039,1.345,1.013,0.45279,39.6,565.9,23.1,548.6,55.9,583.1,350,1.598,3
323,-150.249,-138.5,78.692,-0.8141,-0.4397,-0.3795,0.5747,-0.6729,-0.4657,-0.0506,-0.5972,0.8005,25.5,0.0047,1.28,1.011,0.37788,37.9,566.8,21.4,549.8,54.2,583.7,351,1.808,3
324,-151.96,-139.416,77.882,-0.8132,-0.4316,-0.3905,0.5745,-0.6628,-0.4803,-0.0515,-0.6149,0.7869,25.5,0.0064,1.28,1.017,0.37299,36.2,567.7,19.6,551.0,52.5,584.2,351,0.298,3
325,-153.67,-140.313,77.05,-0.8133,-0.4212,-0.4015,0.574,-0.6525,-0.4948,-0.0535,-0.6328,0.7724,25.5,0.0067,1.325,1.019,0.41242,34.5,568.6,17.9,552.2,50.8,584.8,351,2.399,3
326,-155.381,-141.186,76.194,-0.8143,-0.4082,-0.4125,0.5732,-0.642,-0.5093,-0.0569,-0.6512,0.7568,25.5,0.0054,1.396,1.027,0.46476,32.7,569.4,16.1,553.3,49.1,585.3,352,1.025,3
327,-157.096,-142.028,75.314,-0.8164,-0.3921,-0.424,0.5721,-0.6312,-0.5237,-0.0623,-0.6701,0.7396,25.5,0.0025,1.497,1.033,0.54212,31.0,570.2,14.4,554.5,47.4,585.8,352,1.079,3
328,-158.816,-142.832,74.41,-0.8194,-0.3721,-0.436,0.5707,-0.6202,-0.5382,-0.0702,-0.6898,0.7206,25.5,0.0022,1.632,1.046,0.64072,29.3,571.0,12.7,555.6,45.7,586.2,353,2.298,3
329,-160.541,-143.594,73.48,-0.8205,-0.3543,-0.4486,0.5691,-0.6089,-0.5526,-0.0774,-0.7087,0.7012,25.5,0.0033,1.606,1.053,0.59501,27.6,571.7,11.0,556.6,44.0,586.6,353,0.198,3
330,-162.267,-144.321,72.523,-0.821,-0.3363,-0.4614,0.5672,-0.5973,-0.5671,-0.0849,-0.7273,0.6811,25.5,0.0031,1.627,1.069,0.60193,25.9,572.4,9.3,557.6,42.3,586.9,353,1.909,3
331,-163.994,-145.007,71.539,-0.8219,-0.3151,-0.4745,0.565,-0.5853,-0.5816,-0.0945,-0.7461,0.6591,25.5,0.004,1.747,1.086,0.67944,24.2,573.0,7.6,558.6,40.5,587.1,354,1.362,3
332,-165.724,-145.644,70.527,-0.8233,-0.2899,-0.488,0.5625,-0.5729,-0.5961,-0.1067,-0.7653,0.6348,25.5,0.0061,1.907,1.103,0.77986,22.5,573.6,5.9,559.6,38.8,587.3,354,0.744,3
333,-167.457,-146.223,69.486,-0.825,-0.2598,-0.5019,0.5598,-0.5601,-0.6106,-0.1225,-0.7848,0.6076,25.5,0.0099,2.121,1.119,0.90458,20.8,574.1,4.3,560.5,37.1,587.5,355,2.371,3
334,-169.193,-146.734,68.415,-0.825,-0.2272,-0.5174,0.5568,-0.5468,-0.6252,-0.1409,-0.804,0.5777,25.5,0.0116,2.293,1.145,0.98361,19.1,574.5,2.6,561.3,35.3,587.5,355,0.272,3
335,-170.926,-147.177,67.31,-0.8238,-0.1934,-0.5329,0.5536,-0.5331,-0.6398,-0.1603,-0.8222,0.5462,25.5,0.012,2.362,1.162,1.0138,17.4,574.9,0.9,562.1,33.6,587.5,355,1.837,3
336,-172.657,-147.547,66.175,-0.8221,-0.1579,-0.547,0.5501,-0.5188,-0.6544,-0.1805,-0.839,0.5134,25.5,0.0124,2.408,1.188,1.04188,15.8,575.2,-0.7,562.8,31.9,587.3,356,1.088,3
337,-174.384,-147.84,65.012,-0.8203,-0.1214,-0.5589,0.5464,-0.5039,-0.6689,-0.2005,-0.8542,0.4798,25.5,0.0132,2.404,1.21,1.0473,14.1,575.4,-2.3,563.4,30.2,587.1,356,1.02,3
338,-176.106,-148.058,63.824,-0.8165,-0.0852,-0.5711,0.5425,-0.4886,-0.6833,-0.2208,-0.8678,0.4452,25.5,0.0111,2.427,1.224,1.04602,12.4,575.5,-3.9,564.0,28.4,586.8,357,1.718,3
339,-177.817,-148.196,62.61,-0.8111,-0.0457,-0.5832,0.5386,-0.4727,-0.6975,-0.2438,-0.8798,0.408,25.5,0.0085,2.599,1.242,1.13528,10.8,575.5,-5.5,564.5,26.7,586.3,357,0.388,3
340,-179.517,-148.247,61.373,-0.8052,-0.0021,-0.5929,0.5347,-0.4561,-0.7114,-0.2689,-0.8899,0.3684,25.5,0.0078,2.748,1.26,1.22773,9.1,575.5,-7.1,564.9,25.0,585.8,358,2.181,3
341,-181.203,-148.203,60.118,-0.7988,0.045,-0.6,0.5309,-0.4389,-0.725,-0.2959,-0.8976,0.3267,25.5,0.0088,2.881,1.275,1.30965,7.5,575.3,-8.6,565.3,23.4,585.2,358,0.079,3
342,-182.872,-148.057,58.847,-0.7879,0.0934,-0.6087,0.5274,-0.4209,-0.738,-0.3251,-0.9025,0.2824,25.5,0.0056,3.053,1.288,1.37261,5.9,575.1,-10.2,565.5,21.7,584.4,358,2.025,3
343,-184.518,-147.812,57.561,-0.7775,0.1383,-0.6134,0.5242,-0.4022,-0.7506,-0.3506,-0.9052,0.2402,25.5,0.0028,2.83,1.305,1.26243,4.4,574.7,-11.7,565.7,20.1,583.5,359,0.388,3
344,-186.143,-147.477,56.27,-0.7684,0.1806,-0.6139,0.5215,-0.3828,-0.7626,-0.3727,-0.9061,0.2,25.5,0.0017,2.629,1.316,1.17916,2.8,574.2,-13.2,565.8,18.5,582.5,359,1.716,3
345,-187.75,-147.054,54.981,-0.7586,0.2221,-0.6126,0.5191,-0.3627,-0.7739,-0.3941,-0.9051,0.1598,25.5,0.0003,2.61,1.328,1.16254,1.3,573.7,-14.7,565.8,17.0,581.4,360,0.548,3
346,-189.331,-146.542,53.693,-0.7454,0.2649,-0.6118,0.5173,-0.3419,-0.7845,-0.417,-0.9012,0.1178,25.5,0.0038,2.75,1.342,1.22062,-0.2,573.0,-16.2,565.7,15.5,580.2,360,1.559,3
347,-190.886,-145.94,52.411,-0.733,0.3081,-0.6065,0.516,-0.3204,-0.7944,-0.439,-0.8953,0.0759,25.5,0.0049,2.733,1.358,1.23316,-1.6,572.3,-17.6,565.6,14.0,578.9,361,0.558,3
348,-192.414,-145.245,51.145,-0.721,0.3527,-0.5964,0.5153,-0.2981,-0.8035,-0.4612,-0.8867,0.0332,25.5,0.0025,2.801,1.381,1.28833,-3.0,571.5,-19.1,565.4,12.6,577.5,361,1.549,3
349,-193.913,-144.457,49.899,-0.7043,0.3967,-0.5887,0.5152,-0.2752,-0.8117,-0.484,-0.875,-0.0105,25.5,0.0058,2.903,1.394,1.29957,-4.4,570.6,-20.5,565.1,11.2,576.0,362,0.419,3
350,-195.377,-143.576,48.674,-0.6879,0.442,-0.5757,0.5157,-0.2515,-0.819,-0.5068,-0.8603,-0.055,25.5,0.0056,2.986,1.421,1.35986,-5.8,569.6,-21.9,564.7,9.9,574.3,362,1.688,3
351,-196.806,-142.596,47.483,-0.6713,0.4907,-0.5555,0.5171,-0.2269,-0.8253,-0.531,-0.8413,-0.1014,25.5,0.0,3.19,1.457,1.50626,-7.1,568.5,-23.3,564.2,8.6,572.6,363,0.128,3
352,-198.197,-141.51,46.339,-0.6504,0.5417,-0.5325,0.5192,-0.2015,-0.8305,-0.5572,-0.8167,-0.1502,25.5,0.0046,3.473,1.49,1.62776,-8.4,567.3,-24.7,563.7,7.4,570.7,364,1.782,3
353,-199.541,-140.318,45.245,-0.6272,0.5911,-0.5072,0.5222,-0.1754,-0.8346,-0.5823,-0.7883,-0.1987,25.5,0.0079,3.527,1.524,1.63941,-9.7,565.9,-26.0,563.1,6.3,568.7,364,0.323,3
354,-200.835,-139.025,44.209,-0.6038,0.6383,-0.4774,0.5259,-0.1489,-0.8374,-0.6057,-0.7568,-0.2458,25.5,0.0128,3.513,1.541,1.64964,-10.9,564.5,-27.3,562.3,5.2,566.7,365,1.182,3
355,-202.078,-137.634,43.24,-0.5773,0.6848,-0.4448,0.5302,-0.1224,-0.839,-0.629,-0.7203,-0.2925,25.5,0.0167,3.65,1.541,1.70797,-12.1,563.0,-28.6,561.5,4.1,564.5,365,0.922,3
356,-203.262,-136.148,42.339,-0.5485,0.7279,-0.4114,0.5352,-0.0961,-0.8392,-0.6506,-0.6806,-0.3369,25.5,0.0183,3.631,1.534,1.6806,-13.2,561.4,-29.9,560.6,3.2,562.2,366,0.454,3
357,-204.385,-134.576,41.509,-0.5192,0.7667,-0.3777,0.5409,-0.0706,-0.8381,-0.6694,-0.6395,-0.3781,25.5,0.0184,3.505,1.499,1.61231,-14.2,559.8,-31.1,559.6,2.3,559.9,366,1.651,3
358,-205.445,-132.926,40.751,-0.4886,0.802,-0.3435,0.5471,-0.0459,-0.8358,-0.6862,-0.5964,-0.4164,25.5,0.017,3.442,1.465,1.5779,-15.2,558.0,-32.2,558.5,1.4,557.6,367,0.391,3
359,-206.438,-131.204,40.066,-0.4562,0.835,-0.3078,0.5539,-0.0224,-0.8323,-0.7019,-0.5502,-0.4523,25.5,0.0152,3.471,1.416,1.59217,-16.1,556.2,-33.3,557.2,0.7,555.2,368,0.772,3
360,-207.361,-129.415,39.458,-0.4212,0.866,-0.2695,0.5615,-0.0001,-0.8275,-0.7167,-0.4999,-0.4862,25.5,0.0136,3.578,1.378,1.64711,-17.0,554.3,-34.4,555.9,-0.0,552.8,368,1.334,3
361,-208.21,-127.565,38.931,-0.3857,0.893,-0.2318,0.5698,0.0208,-0.8215,-0.7289,-0.449,-0.5169,25.499,0.0108,3.477,1.334,1.59165,-17.8,552.4,-35.4,554.5,-0.6,550.3,369,0.275,3
362,-208.984,-125.662,38.483,-0.3506,0.9161,-0.1946,0.5791,0.0404,-0.8142,-0.7381,-0.3982,-0.5447,25.499,0.0076,3.36,1.312,1.52941,-18.6,550.4,-36.4,553.0,-1.1,547.9,370,0.686,3
363,-209.683,-123.713,38.114,-0.3136,0.9368,-0.1554,0.5896,0.0586,-0.8055,-0.7455,-0.3442,-0.5707,25.499,0.0048,3.461,1.303,1.57348,-19.2,548.4,-37.3,551.4,-1.6,545.4,370,1.419,3
364,-210.3,-121.724,37.829,-0.2737,0.9549,-0.1154,0.6015,0.0754,-0.7953,-0.7507,-0.2871,-0.595,25.5,0.0009,3.569,1.316,1.61691,-19.8,546.3,-38.2,549.8,-1.9,543.0,371,0.573,3
365,-210.835,-119.7,37.629,-0.2353,0.969,-0.075,0.6151,0.0908,-0.7832,-0.7521,-0.2305,-0.6174,25.5,0.002,3.489,1.366,1.56681,-20.3,544.3,-39.0,548.1,-2.1,540.5,372,0.151,3
366,-211.29,-117.65,37.515,-0.1971,0.9798,-0.0328,0.6304,0.1048,-0.7692,-0.7502,-0.1723,-0.6383,25.5,0.0037,3.545,1.434,1.57903,-20.8,542.2,-39.8,546.3,-2.2,538.1,373,0.737,3
367,-211.656,-115.58,37.491,-0.1521,0.9883,0.0104,0.6476,0.1172,-0.7529,-0.7454,-0.1078,-0.6579,25.5,0.0095,3.873,1.532,1.71587,-21.2,540.0,-40.6,544.4,-2.1,535.7,374,1.211,3
368,-211.935,-113.497,37.559,-0.115,0.9919,0.0541,0.6664,0.1282,-0.7345,-0.7356,-0.0484,-0.6757,25.501,0.0108,3.597,1.634,1.56545,-21.5,537.9,-41.3,542.5,-2.0,533.4,374,0.892,3
369,-212.148,-111.411,37.716,-0.0857,0.9918,0.0944,0.6862,0.1374,-0.7143,-0.7215,0.0036,-0.6924,25.501,0.01,3.232,1.704,1.35776,-21.7,535.8,-42.0,540.6,-1.8,531.1,375,0.504,3
370,-212.282,-109.327,37.959,-0.0461,0.9898,0.135,0.7066,0.1449,-0.6926,-0.7052,0.0635,-0.7062,25.502,0.0173,3.644,1.76,1.54664,-21.9,533.7,-42.6,538.6,-1.5,528.8,376,0.182,3
371,-212.36,-107.25,38.276,-0.0317,0.9859,0.1645,0.7269,0.1503,-0.6701,-0.6854,0.0983,-0.7215,25.502,0.0149,2.456,1.764,0.9008,-22.0,531.6,-43.2,536.6,-1.1,526.6,377,0.091,3
372,-212.431,-105.18,38.642,-0.0384,0.9825,0.1821,0.7465,0.1532,-0.6475,-0.6641,0.111,-0.7394,25.502,0.0039,1.752,1.722,0.52144,-22.1,529.5,-43.8,534.5,-0.8,524.5,378,0.317,3
373,-212.525,-103.12,39.051,-0.0494,0.9767,0.209,0.7649,0.1532,-0.6257,-0.6432,0.129,-0.7547,25.502,0.0189,1.807,1.635,0.80771,-22.2,527.4,-44.3,532.4,-0.5,522.5,379,0.517,3
374,-212.632,-101.07,39.51,-0.0507,0.9728,0.226,0.7817,0.1498,-0.6054,-0.6231,0.146,-0.7684,25.502,0.0307,1.7,1.522,0.47637,-22.4,525.3,-44.9,530.2,-0.3,520.6,380,0.692,3
375,-212.734,-99.026,39.994,-0.0459,0.9715,0.2327,0.797,0.1428,-0.5869,-0.6037,0.1586,-0.7813,25.502,0.0344,1.518,1.433,0.22729,-22.6,523.3,-45.4,527.9,-0.1,518.7,381,0.843,3
376,-212.82,-96.982,40.484,-0.0347,0.9722,0.2314,0.8106,0.1314,-0.5706,-0.5855,0.1678,-0.7931,25.502,0.0324,1.35,1.381,0.30778,-22.7,521.2,-45.9,525.5,0.0,517.0,382,1.012,3
377,-212.874,-94.934,40.961,-0.0138,0.9754,0.2202,0.8224,0.1154,-0.557,-0.5688,0.1734,-0.804,25.502,0.0214,1.187,1.38,0.6516,-22.8,519.1,-46.2,523.0,0.2,515.4,382,1.094,3
378,-212.875,-92.88,41.406,0.0085,0.9782,0.2075,0.8322,0.0941,-0.5464,-0.554,0.1773,-0.8134,25.501,0.0143,1.029,1.474,0.70362,-22.9,517.1,-46.5,520.3,0.4,513.9,383,0.846,3
379,-212.836,-90.822,41.836,0.0303,0.9792,0.2007,0.84,0.0675,-0.5384,-0.5408,0.1849,-0.8206,25.501,0.0165,0.965,1.653,0.62285,-22.9,515.0,-46.7,517.5,0.5,512.5,384,0.472,3
380,-212.737,-88.762,42.247,0.0662,0.9797,0.1891,0.8458,0.0358,-0.5324,-0.5284,0.1952,-0.8263,25.5,0.0096,0.98,1.878,1.02814,-22.9,512.9,-46.8,514.5,0.7,511.3,385,0.107,3
381,-212.549,-86.702,42.628,0.1145,0.9783,0.1727,0.8496,-0.0006,-0.5274,-0.5159,0.2071,-0.8312,25.5,0.0056,1.028,2.116,1.39052,-22.7,510.8,-46.7,511.5,1.0,510.1,386,0.933,3
382,-212.254,-84.649,42.972,0.1646,0.9741,0.1551,0.8515,-0.0414,-0.5228,-0.5029,0.2182,-0.8363,25.5,0.0187,1.022,2.355,1.45174,-22.4,508.7,-46.5,508.3,1.3,509.1,386,1.17,3
383,-211.865,-82.606,43.283,0.2033,0.9688,0.1415,0.851,-0.0859,-0.518,-0.4898,0.2258,-0.8421,25.5,0.0165,0.929,2.565,1.12713,-22.1,506.6,-46.1,505.0,1.6,508.2,387,0.029,3
384,-211.41,-80.574,43.571,0.2276,0.9647,0.1326,0.8482,-0.1332,-0.5127,-0.4769,0.2292,-0.8485,25.5,0.0034,0.848,2.732,0.71393,-21.7,504.6,-45.6,501.7,1.9,507.4,388,1.593,4
385,-210.902,-78.55,43.837,0.2566,0.9589,0.1208,0.8427,-0.1825,-0.5065,-0.4638,0.2318,-0.8551,25.5,0.0199,0.854,2.865,0.86757,-21.2,502.5,-45.0,498.3,2.3,506.7,388,0.511,4
386,-210.327,-76.542,44.08,0.291,0.9503,0.1106,0.8346,-0.2327,-0.4993,-0.449,0.2377,-0.8613,25.5,0.0335,0.98,2.943,1.00541,-20.6,500.5,-44.2,494.9,2.6,505.9,389,1.58,4
387,-209.673,-74.556,44.303,0.3317,0.938,0.1005,0.8241,-0.2827,-0.4908,-0.4324,0.2458,-0.8675,25.5,0.0411,1.116,2.968,1.19087,-20.0,498.4,-43.2,491.5,2.9,505.2,389,0.523,4
388,-208.936,-72.597,44.501,0.3689,0.9252,0.0888,0.8115,-0.3317,-0.4811,-0.4162,0.2499,-0.8743,25.5,0.0502,1.034,2.952,1.11839,-19.2,496.4,-42.1,488.2,3.3,504.5,390,2.084,4
389,-208.118,-70.668,44.678,0.4097,0.9088,0.0797,0.7968,-0.3794,-0.4703,-0.3978,0.2566,-0.8809,25.501,0.0558,1.184,2.926,1.22362,-18.4,494.5,-40.9,485.0,3.7,503.8,390,0.06,4
390,-207.21,-68.778,44.838,0.4537,0.8883,0.0718,0.7802,-0.4256,-0.4584,-0.3772,0.2644,-0.8876,25.501,0.057,1.319,2.895,1.3401,-17.5,492.5,-39.5,481.8,4.2,503.1,390,2.126,4
391,-206.21,-66.934,44.978,0.498,0.865,0.062,0.7618,-0.4702,-0.4455,-0.3567,0.2695,-0.8945,25.501,0.055,1.273,2.862,1.38994,-16.5,490.6,-37.9,478.7,4.7,502.4,391,0.977,4
392,-205.114,-65.143,45.099,0.5442,0.8373,0.0529,0.7419,-0.5129,-0.4319,-0.3349,0.2746,-0.9014,25.502,0.0486,1.342,2.81,1.48877,-15.4,488.8,-36.2,475.7,5.2,501.7,391,1.136,4
393,-203.922,-63.414,45.201,0.5893,0.8068,0.0434,0.7208,-0.5532,-0.4176,-0.3131,0.2776,-0.9082,25.502,0.0397,1.32,2.732,1.50612,-14.2,487.0,-34.4,472.9,5.8,501.0,392,2.512,4
394,-202.638,-61.751,45.282,0.6322,0.7741,0.0342,0.6987,-0.5912,-0.403,-0.2918,0.2787,-0.9149,25.502,0.0297,1.281,2.654,1.49119,-12.9,485.3,-32.5,470.2,6.5,500.4,392,0.416,4
395,-201.265,-60.159,45.345,0.6718,0.7403,0.0258,0.6759,-0.6266,-0.388,-0.2712,0.2781,-0.9215,25.502,0.0198,1.24,2.561,1.43713,-11.5,483.7,-30.4,467.6,7.3,499.7,392,1.703,4
396,-199.815,-58.638,45.39,0.708,0.706,0.0173,0.6527,-0.6595,-0.373,-0.252,0.2754,-0.9277,25.502,0.0099,1.166,2.462,1.37862,-10.0,482.2,-28.3,465.1,8.1,499.0,393,2.633,4
397,-198.287,-57.194,45.418,0.7453,0.6667,0.0085,0.6293,-0.6897,-0.3581,-0.2328,0.2723,-0.9336,25.502,0.0062,1.165,2.35,1.49595,-8.4,480.7,-26.0,462.8,9.0,498.3,393,0.532,4
398,-196.682,-55.835,45.426,0.7795,0.6264,0.0001,0.6061,-0.7174,-0.3435,-0.2151,0.2679,-0.9391,25.502,0.023,1.092,2.233,1.45848,-6.8,479.3,-23.7,460.7,10.0,497.7,393,1.576,4
399,-195.011,-54.559,45.418,0.8093,0.5874,-0.0077,0.5833,-0.7425,-0.3292,-0.1993,0.2621,-0.9442,25.502,0.0385,1.008,2.109,1.35432,-5.1,478.0,-21.4,458.7,11.1,497.0,394,3.678,4
400,-193.279,-53.366,45.394,0.8371,0.5468,-0.0153,0.5611,-0.7653,-0.3155,-0.1845,0.2559,-0.9489,25.502,0.0561,0.958,1.985,1.3568,-3.3,476.7,-18.9,456.9,12.2,496.4,394,1.576,4
401,-191.492,-52.26,45.354,0.8625,0.5056,-0.0226,0.5396,-0.7858,-0.3023,-0.1711,0.2493,-0.9532,25.502,0.0749,0.891,1.863,1.33391,-1.4,475.6,-16.5,455.2,13.5,495.8,394,0.529,4
402,-189.656,-51.236,45.3,0.8831,0.4683,-0.0291,0.5187,-0.8044,-0.2897,-0.1597,0.2417,-0.9571,25.502,0.0898,0.816,1.758,1.17451,0.4,474.6,-14.0,453.6,14.8,495.3,394,2.632,4
403,-187.78,-50.287,45.233,0.8995,0.4355,-0.0345,0.4985,-0.8212,-0.2776,-0.15,0.2337,-0.9607,25.502,0.1003,0.749,1.657,1.00999,2.4,473.6,-11.5,452.2,16.1,494.8,395,3.828,4
404,-185.874,-49.402,45.156,0.9127,0.4068,-0.0389,0.4789,-0.8366,-0.2659,-0.1416,0.2254,-0.9639,25.501,0.1071,0.701,1.578,0.86911,4.3,472.7,-9.0,450.9,17.6,494.3,395,1.726,4
405,-183.942,-48.577,45.069,0.925,0.3775,-0.0435,0.4597,-0.8508,-0.2546,-0.134,0.217,-0.9669,25.501,0.1151,0.671,1.514,0.8749,6.3,471.8,-6.4,449.7,19.0,493.8,395,0.396,4
406,-181.986,-47.812,44.973,0.9354,0.3503,-0.0476,0.4409,-0.8639,-0.2436,-0.1274,0.2084,-0.9697,25.501,0.1214,0.642,1.456,0.80127,8.3,471.0,-3.9,448.5,20.5,493.4,395,2.489,4
407,-180.009,-47.103,44.869,0.9443,0.3249,-0.0513,0.4225,-0.8759,-0.2329,-0.1216,0.1999,-0.9723,25.5,0.1263,0.608,1.4,0.74025,10.4,470.3,-1.3,447.5,22.0,493.0,395,4.592,4
408,-178.014,-46.445,44.757,0.9521,0.301,-0.0547,0.4043,-0.8872,-0.2224,-0.1164,0.1912,-0.9746,25.5,0.1301,0.595,1.367,0.69123,12.4,469.6,1.2,446.5,23.6,492.6,396,3.403,4
409,-176.004,-45.838,44.639,0.9594,0.2761,-0.058,0.3863,-0.8977,-0.212,-0.1117,0.1826,-0.9768,25.499,0.1351,0.576,1.334,0.71264,14.5,469.0,3.8,445.6,25.1,492.3,396,1.303,4
410,-173.98,-45.281,44.514,0.9654,0.2535,-0.0611,0.3685,-0.9075,-0.2018,-0.1076,0.1739,-0.9789,25.499,0.138,0.564,1.303,0.64268,16.6,468.4,6.4,444.8,26.7,492.0,396,0.822,4
411,-171.945,-44.77,44.382,0.9702,0.2335,-0.0638,0.3508,-0.9166,-0.1916,-0.1043,0.1651,-0.9807,25.498,0.1385,0.548,1.281,0.56524,18.7,467.9,9.0,444.0,28.3,491.7,396,2.917,4
412,-169.9,-44.297,44.245,0.9741,0.216,-0.0663,0.3332,-0.9252,-0.1815,-0.1015,0.1562,-0.9825,25.498,0.1368,0.544,1.263,0.49326,20.8,467.4,11.6,443.3,30.0,491.4,396,5.02,4
413,-167.848,-43.86,44.103,0.9773,0.2005,-0.0685,0.3157,-0.9333,-0.1715,-0.0992,0.1472,-0.9841,25.497,0.1332,0.54,1.245,0.43537,22.9,467.0,14.2,442.6,31.6,491.2,397,4.853,4
414,-165.789,-43.458,43.957,0.9808,0.1819,-0.0707,0.2981,-0.9408,-0.1614,-0.0968,0.1384,-0.9856,25.497,0.1327,0.53,1.239,0.51911,25.1,466.5,16.9,442.0,33.2,491.0,397,2.75,4
415,-163.724,-43.093,43.806,0.9836,0.1652,-0.0729,0.2806,-0.9478,-0.1512,-0.0949,0.1294,-0.987,25.496,0.1304,0.533,1.228,0.46526,27.2,466.2,19.5,441.4,34.9,490.8,397,0.659,4
416,-161.653,-42.761,43.65,0.9857,0.151,-0.0749,0.2631,-0.9544,-0.1411,-0.0936,0.1203,-0.9883,25.496,0.1258,0.532,1.218,0.39487,29.3,465.8,22.1,440.9,36.5,490.6,397,1.469,4
417,-159.579,-42.456,43.491,0.9873,0.1392,-0.0769,0.2458,-0.9604,-0.131,-0.0927,0.1112,-0.9895,25.495,0.1191,0.528,1.198,0.32897,31.5,465.5,24.7,440.5,38.2,490.5,397,3.568,4
418,-157.501,-42.174,43.327,0.9884,0.1295,-0.0788,0.2286,-0.966,-0.1209,-0.0923,0.1021,-0.9905,25.494,0.1104,0.525,1.187,0.27095,33.6,465.2,27.3,440.0,39.9,490.3,397,5.671,4
419,-155.421,-41.91,43.16,0.9894,0.1205,-0.0805,0.2116,-0.9711,-0.1108,-0.092,0.0931,-0.9914,25.494,0.1013,0.519,1.17,0.25104,35.8,464.9,30.0,439.6,41.5,490.2,398,6.198,4
420,-153.34,-41.67,42.989,0.9907,0.109,-0.0819,0.1949,-0.9756,-0.1007,-0.0913,0.0842,-0.9923,25.493,0.095,0.514,1.148,0.31764,37.9,464.7,32.6,439.2,43.2,490.1,398,4.096,4
421,-151.255,-41.451,42.815,0.9916,0.0989,-0.0834,0.1784,-0.9798,-0.0908,-0.0911,0.0754,-0.993,25.492,0.0876,0.506,1.128,0.27928,40.1,464.5,35.2,438.9,44.9,490.0,398,1.994,4
422,-149.169,-41.252,42.638,0.9923,0.0903,-0.0851,0.1624,-0.9834,-0.0809,-0.0913,0.0666,-0.9936,25.492,0.0792,0.505,1.098,0.23958,42.2,464.3,37.8,438.6,46.6,489.9,398,0.149,4
423,-147.082,-41.07,42.457,0.9927,0.0832,-0.087,0.1467,-0.9866,-0.0711,-0.0919,0.0579,-0.9941,25.491,0.0697,0.5,1.076,0.20057,44.4,464.1,40.4,438.3,48.3,489.8,398,2.218,4
424,-144.994,-40.902,42.272,0.993,0.0775,-0.0889,0.1316,-0.9894,-0.0614,-0.0929,0.0494,-0.9945,25.49,0.0595,0.491,1.041,0.16388,46.5,463.9,42.9,438.1,50.1,489.7,398,4.32,4
425,-142.906,-40.744,42.083,0.9932,0.073,-0.0909,0.117,-0.9918,-0.0519,-0.0941,0.0409,-0.9947,25.49,0.0485,0.492,1.007,0.1343,48.7,463.7,45.5,437.8,51.8,489.6,398,6.423,4
426,-140.817,-40.595,41.89,0.9934,0.0676,-0.0922,0.1029,-0.9938,-0.0425,-0.0946,0.0328,-0.995,25.489,0.039,0.465,0.978,0.15142,50.8,463.6,48.1,437.6,53.6,489.5,399,6.95,4
427,-138.727,-40.46,41.695,0.9938,0.0611,-0.0931,0.0896,-0.9954,-0.0334,-0.0948,0.0249,-0.9952,25.488,0.0313,0.453,0.928,0.17911,53.0,463.4,50.6,437.5,55.4,489.4,399,4.847,4
428,-136.637,-40.337,41.498,0.994,0.0556,-0.0943,0.0768,-0.9967,-0.0244,-0.0954,0.017,-0.9953,25.487,0.0232,0.454,0.9,0.15346,55.1,463.3,53.1,437.3,57.2,489.3,399,2.744,4
429,-134.547,-40.225,41.298,0.9941,0.051,-0.0959,0.0647,-0.9978,-0.0157,-0.0965,0.0094,-0.9953,25.487,0.0149,0.44,0.856,0.13271,57.3,463.2,55.6,437.1,59.0,489.2,399,0.643,4
430,-132.456,-40.122,41.095,0.9941,0.0472,-0.0977,0.0533,-0.9986,-0.0071,-0.0979,0.0019,-0.9952,25.486,0.0065,0.437,0.819,0.11456,59.4,463.1,58.0,437.0,60.9,489.1,399,1.464,4
431,-130.366,-40.026,40.887,0.994,0.0443,-0.0998,0.0426,-0.9991,0.0012,-0.0997,-0.0055,-0.995,25.485,0.002,0.437,0.776,0.09761,61.6,463.0,60.5,436.9,62.7,489.0,399,3.566,4
432,-128.276,-39.936,40.674,0.9939,0.042,-0.1022,0.0326,-0.9994,0.0094,-0.1017,-0.0126,-0.9947,25.484,0.0105,0.423,0.741,0.0906,63.8,462.9,62.9,436.8,64.6,488.9,399,5.669,4
433,-126.185,-39.849,40.457,0.9937,0.0404,-0.1047,0.0233,-0.9996,0.0173,-0.1039,-0.0196,-0.9944,25.484,0.019,0.421,0.699,0.08103,65.9,462.8,65.3,436.7,66.5,488.8,399,7.772,4
434,-124.097,-39.765,40.234,0.9934,0.0394,-0.1073,0.0147,-0.9996,0.025,-0.1063,-0.0264,-0.994,25.483,0.0275,0.414,0.661,0.07634,68.1,462.7,67.7,436.6,68.4,488.8,400,6.466,4
435,-122.008,-39.686,40.007,0.9935,0.0354,-0.1082,0.0069,-0.9995,0.0324,-0.1071,-0.033,-0.9937,25.482,0.032,0.381,0.616,0.11175,70.2,462.6,70.1,436.5,70.3,488.7,400,4.364,4
436,-119.918,-39.616,39.779,0.9935,0.0318,-0.1091,-0.0001,-0.9992,0.0396,-0.1078,-0.0394,-0.9934,25.481,0.0362,0.369,0.576,0.10108,72.4,462.5,72.4,436.5,72.3,488.6,400,2.26,4
437,-117.828,-39.552,39.548,0.9935,0.029,-0.1102,-0.0064,-0.9989,0.0466,-0.1088,-0.0457,-0.993,25.481,0.0405,0.366,0.54,0.08194,74.5,462.4,74.8,436.4,74.3,488.5,400,0.161,4
438,-115.739,-39.493,39.315,0.9934,0.0269,-0.1116,-0.012,-0.9985,0.0534,-0.1101,-0.0518,-0.9926,25.48,0.0447,0.358,0.505,0.06881,76.7,462.4,77.1,436.4,76.3,488.4,400,1.947,4
439,-113.65,-39.438,39.079,0.9932,0.0255,-0.1133,-0.0168,-0.9981,0.06,-0.1117,-0.0578,-0.9921,25.479,0.0489,0.357,0.468,0.06024,78.8,462.3,79.4,436.3,78.3,488.4,400,4.05,4
440,-111.562,-39.385,38.839,0.993,0.0248,-0.1152,-0.0209,-0.9976,0.0664,-0.1135,-0.0636,-0.9915,25.478,0.0531,0.35,0.436,0.05544,81.0,462.3,81.6,436.3,80.3,488.3,400,6.153,4
441,-109.474,-39.334,38.594,0.9928,0.0245,-0.1175,-0.0243,-0.9971,0.0726,-0.1156,-0.0693,-0.9909,25.478,0.0571,0.35,0.406,0.06341,83.1,462.2,83.9,436.2,82.4,488.2,400,8.256,4
442,-107.386,-39.282,38.344,0.9925,0.0248,-0.1201,-0.0269,-0.9965,0.0786,-0.1179,-0.0749,-0.9902,25.477,0.0609,0.349,0.376,0.07177,85.3,462.1,86.1,436.2,84.4,488.2,401,6.186,4
443,-105.299,-39.229,38.089,0.9921,0.0257,-0.1229,-0.0288,-0.996,0.0844,-0.1205,-0.0804,-0.9894,25.476,0.0645,0.352,0.351,0.08086,87.4,462.1,88.3,436.1,86.5,488.1,401,4.083,4
444,-103.213,-39.173,37.827,0.9916,0.0271,-0.1262,-0.0299,-0.9955,0.0901,-0.1235,-0.0858,-0.9886,25.475,0.068,0.357,0.334,0.0986,89.6,462.0,90.5,436.1,88.7,488.0,401,1.979,4
445,-101.128,-39.114,37.558,0.9911,0.0291,-0.1299,-0.0303,-0.995,0.0956,-0.1268,-0.091,-0.9877,25.474,0.0714,0.357,0.317,0.11539,91.7,461.9,92.6,436.0,90.8,487.9,401,0.125,4
446,-99.045,-39.051,37.28,0.9905,0.0317,-0.134,-0.03,-0.9944,0.1009,-0.1304,-0.0962,-0.9868,25.474,0.0748,0.366,0.306,0.13327,93.9,461.9,94.8,436.0,92.9,487.8,401,2.227,4
447,-96.963,-38.985,36.996,0.9902,0.0301,-0.1363,-0.029,-0.9939,0.1061,-0.1326,-0.1014,-0.986,25.473,0.0731,0.327,0.305,0.0768,96.0,461.8,96.9,435.9,95.1,487.8,401,4.329,4
448,-94.881,-38.924,36.707,0.9899,0.0288,-0.1385,-0.0272,-0.9934,0.1112,-0.1347,-0.1066,-0.9851,25.472,0.0709,0.325,0.311,0.07009,98.1,461.7,99.0,435.9,97.3,487.7,401,6.432,4
449,-92.799,-38.864,36.413,0.9896,0.0282,-0.1408,-0.0248,-0.9929,0.1161,-0.1369,-0.1117,-0.9843,25.471,0.0689,0.321,0.314,0.06527,100.3,461.7,101.1,435.8,99.5,487.6,402,7.545,4
450,-90.718,-38.804,36.115,0.9893,0.0284,-0.1433,-0.0217,-0.9924,0.1209,-0.1391,-0.1168,-0.9834,25.47,0.067,0.322,0.329,0.06879,102.4,461.6,103.1,435.8,101.7,487.5,402,5.441,4
451,-88.638,-38.744,35.81,0.9888,0.0292,-0.1461,-0.0179,-0.9919,0.1257,-0.1415,-0.1219,-0.9824,25.47,0.065,0.328,0.352,0.08047,104.6,461.5,105.2,435.7,103.9,487.4,402,3.338,4
452,-86.559,-38.681,35.5,0.9884,0.0307,-0.1491,-0.0136,-0.9914,0.1303,-0.1441,-0.127,-0.9814,25.469,0.0633,0.333,0.362,0.09199,106.7,461.5,107.2,435.7,106.2,487.3,402,1.236,4
453,-84.481,-38.614,35.183,0.9878,0.0329,-0.1524,-0.0086,-0.9908,0.1349,-0.1468,-0.1322,-0.9803,25.468,0.0617,0.342,0.391,0.10927,108.8,461.4,109.2,435.6,108.4,487.2,402,0.87,4
454,-82.404,-38.542,34.859,0.9871,0.036,-0.156,-0.0031,-0.9902,0.1394,-0.1497,-0.1374,-0.9791,25.467,0.0605,0.348,0.409,0.13082,111.0,461.3,111.2,435.6,110.7,487.2,402,2.972,4
455,-80.329,-38.462,34.526,0.9863,0.04,-0.1601,0.003,-0.9896,0.1439,-0.153,-0.1427,-0.9779,25.466,0.0597,0.364,0.436,0.15755,113.1,461.2,113.2,435.5,113.0,487.0,402,5.076,4
456,-78.255,-38.373,34.185,0.9853,0.045,-0.1648,0.0096,-0.9889,0.1484,-0.1566,-0.1481,-0.9765,25.466,0.0595,0.38,0.459,0.18892,115.2,461.1,115.2,435.4,115.3,486.9,402,7.179,4
457,-76.184,-38.272,33.833,0.9841,0.0513,-0.1701,0.0167,-0.9881,0.1529,-0.1606,-0.1536,-0.975,25.465,0.0603,0.399,0.484,0.22666,117.4,461.0,117.1,435.3,117.6,486.8,403,5.674,4
458,-74.116,-38.156,33.469,0.9825,0.0592,-0.1764,0.0243,-0.9872,0.1574,-0.1652,-0.1592,-0.9733,25.464,0.0623,0.426,0.509,0.27875,119.5,460.9,119.0,435.2,119.9,486.6,403,3.571,4
459,-72.052,-38.028,33.093,0.9816,0.0619,-0.1807,0.0324,-0.9863,0.1619,-0.1685,-0.1651,-0.9718,25.463,0.0585,0.397,0.533,0.14056,121.6,460.7,120.9,435.1,122.3,486.5,403,1.47,4
460,-69.99,-37.895,32.709,0.9805,0.0651,-0.1852,0.041,-0.9852,0.1665,-0.1719,-0.1711,-0.9701,25.462,0.0548,0.407,0.562,0.15342,123.7,460.6,122.8,435.0,124.6,486.3,403,0.639,4
461,-67.928,-37.754,32.313,0.9792,0.0697,-0.1906,0.0501,-0.984,0.1711,-0.1759,-0.1773,-0.9683,25.461,0.0521,0.435,0.588,0.19645,125.8,460.4,124.7,434.9,127.0,486.1,403,2.739,4
462,-65.871,-37.601,31.906,0.9775,0.076,-0.1969,0.0598,-0.9826,0.1758,-0.1804,-0.1839,-0.9663,25.46,0.0508,0.472,0.623,0.24709,127.9,460.3,126.6,434.8,129.3,485.9,403,4.842,4
463,-63.817,-37.433,31.484,0.9753,0.0843,-0.2044,0.0703,-0.981,0.1807,-0.1855,-0.1909,-0.9639,25.46,0.0511,0.515,0.67,0.31061,130.0,460.1,128.4,434.6,131.7,485.7,404,6.254,4
464,-61.769,-37.245,31.046,0.9724,0.0949,-0.2131,0.0814,-0.9792,0.1858,-0.1913,-0.1983,-0.9613,25.459,0.0534,0.559,0.707,0.38189,132.1,459.9,130.2,434.5,134.1,485.4,404,4.152,4
465,-59.728,-37.031,30.587,0.9686,0.1085,-0.2236,0.0933,-0.9771,0.1911,-0.1981,-0.2063,-0.9582,25.458,0.0584,0.627,0.756,0.47944,134.2,459.7,132.0,434.3,136.5,485.2,404,2.049,4
466,-57.696,-36.786,30.104,0.9635,0.1258,-0.2361,0.1061,-0.9747,0.1965,-0.2059,-0.2149,-0.9547,25.457,0.0668,0.695,0.808,0.59784,136.3,459.4,133.7,434.1,138.9,484.8,404,0.08,4
467,-55.677,-36.501,29.593,0.9577,0.1434,-0.2497,0.1197,-0.972,0.2023,-0.2143,-0.2242,-0.9507,25.456,0.0753,0.754,0.861,0.62655,138.4,459.1,135.5,433.9,141.3,484.5,404,2.16,4
468,-53.669,-36.183,29.054,0.9514,0.1599,-0.2632,0.1342,-0.9688,0.2083,-0.2225,-0.2343,-0.9464,25.455,0.0821,0.785,0.918,0.60561,140.4,458.8,137.2,433.7,143.8,484.0,404,4.263,4
469,-51.676,-35.827,28.484,0.9435,0.1795,-0.2784,0.1496,-0.9651,0.2147,-0.2312,-0.2453,-0.9415,25.454,0.0919,0.851,0.979,0.70931,142.5,458.4,138.8,433.4,146.2,483.6,405,4.522,4
470,-49.702,-35.425,27.881,0.9334,0.2033,-0.2957,0.166,-0.9609,0.2215,-0.2405,-0.2573,-0.9359,25.454,0.1059,0.927,1.045,0.84756,144.5,458.0,140.4,433.1,148.7,483.0,405,2.419,4
471,-47.753,-34.968,27.239,0.9199,0.2325,-0.3157,0.1831,-0.9561,0.2287,-0.2507,-0.2703,-0.9295,25.453,0.1261,1.015,1.098,1.03219,146.5,457.5,142.0,432.8,151.1,482.4,405,0.335,4
472,-45.837,-34.443,26.551,0.903,0.2655,-0.3377,0.2012,-0.9506,0.2364,-0.2613,-0.2846,-0.9223,25.452,0.1505,1.1,1.17,1.17512,148.5,457.0,143.5,432.4,153.5,481.7,405,1.799,4
473,-43.958,-33.85,25.817,0.8821,0.3011,-0.3623,0.2204,-0.9442,0.2447,-0.2728,-0.3005,-0.914,25.451,0.1785,1.221,1.253,1.3095,150.4,456.3,144.9,431.9,156.0,480.9,405,3.901,4
474,-42.137,-33.164,25.02,0.8464,0.3548,-0.3972,0.2416,-0.9366,0.2537,-0.2897,-0.3191,-0.9023,25.45,0.2286,1.588,1.39,1.99832,152.3,455.6,146.2,431.4,158.4,480.0,406,2.331,4
475,-40.42,-32.336,24.134,0.777,0.4403,-0.4498,0.2657,-0.9273,0.2637,-0.3177,-0.3424,-0.8842,25.449,0.3205,2.331,1.587,3.32919,154.0,454.8,147.4,430.8,160.8,478.9,406,0.233,4
476,-38.912,-31.288,23.116,0.6629,0.5467,-0.5116,0.293,-0.9159,0.2745,-0.356,-0.371,-0.8577,25.448,0.4469,3.132,1.805,4.58324,155.6,453.7,148.2,430.1,163.0,477.5,406,1.882,4
477,-37.567,-30.1,22.02,0.6346,0.569,-0.523,0.3219,-0.9027,0.2856,-0.3484,-0.3935,-0.8508,25.448,0.4587,1.417,1.928,1.02978,157.0,452.5,148.9,429.2,165.1,475.9,407,2.419,4
478,-36.282,-28.868,20.902,0.5664,0.6165,-0.547,0.3515,-0.888,0.2965,-0.3523,-0.4189,-0.8369,25.447,0.5105,1.674,1.994,2.35826,158.3,451.2,149.4,428.3,167.2,474.3,407,0.358,4
479,-35.309,-27.452,19.7,0.3404,0.7294,-0.5934,0.3831,-0.8712,0.307,-0.4034,-0.4567,-0.7929,25.446,0.6872,4.43,2.137,7.0389,159.3,449.8,149.6,427.3,169.0,472.4,407,1.838,4
480,-34.754,-25.864,18.44,0.223,0.7678,-0.6006,0.4166,-0.8521,0.3167,-0.4072,-0.4864,-0.773,25.446,0.7516,2.06,2.278,3.37547,159.9,448.1,149.4,426.2,170.5,470.3,408,1.571,4
481,-34.404,-24.221,17.177,0.0905,0.7964,-0.5979,0.4498,-0.8318,0.3253,-0.4125,-0.5165,-0.7504,25.445,0.8162,2.178,2.284,3.69973,160.3,446.5,148.9,425.1,171.7,468.0,408,0.599,4
482,-34.42,-22.525,15.94,-0.0952,0.8116,-0.5764,0.4823,-0.8106,0.3321,-0.4436,-0.5529,-0.7053,25.445,0.8952,3.769,2.257,5.12539,160.3,444.7,148.1,423.9,172.5,465.7,408,2.686,4
483,-34.752,-20.82,14.756,-0.2188,0.8074,-0.5479,0.5135,-0.7891,0.3371,-0.449,-0.5818,-0.6781,25.445,0.9342,2.295,2.19,3.46232,160.0,443.0,147.0,422.7,173.0,463.4,409,0.76,4
484,-35.316,-19.134,13.634,-0.3072,0.7959,-0.5217,0.543,-0.7677,0.3402,-0.4388,-0.6049,-0.6645,25.444,0.9553,1.643,2.096,2.53332,159.4,441.3,145.7,421.6,173.2,461.2,409,1.388,4
485,-36.006,-17.469,12.551,-0.3491,0.7873,-0.5081,0.5713,-0.746,0.3423,-0.3949,-0.6154,-0.6822,25.444,0.9607,2.778,2.047,1.22313,158.7,439.6,144.3,420.5,173.3,458.9,410,2.561,4
486,-36.828,-15.834,11.518,-0.4414,0.7646,-0.4697,0.5979,-0.7244,0.3431,-0.3815,-0.6337,-0.673,25.444,0.9789,1.402,1.964,2.79556,157.9,437.9,142.9,419.4,173.1,456.7,410,0.459,4
487,-37.862,-14.262,10.581,-0.5321,0.7323,-0.425,0.6226,-0.7037,0.3423,-0.3853,-0.6564,-0.6486,25.444,0.9921,1.922,1.847,2.89476,156.9,436.3,141.2,418.4,172.7,454.5,410,1.644,4
488,-39.038,-12.746,9.72,-0.5817,0.7106,-0.3958,0.6455,-0.6839,0.34,-0.3278,-0.6501,-0.6855,25.444,0.996,3.932,1.74,1.67641,155.7,434.8,139.5,417.3,172.2,452.5,411,2.868,4
489,-40.294,-11.267,8.91,-0.611,0.697,-0.3752,0.667,-0.6647,0.3366,-0.1967,-0.5928,-0.7809,25.444,0.9971,9.865,1.663,1.04403,154.5,433.3,137.7,416.4,171.4,450.5,411,0.767,4
490,-41.612,-9.819,8.143,-0.6418,0.6802,-0.3543,0.6875,-0.6457,0.3325,-0.0425,-0.4928,-0.8691,25.444,0.9982,11.701,1.619,1.11279,153.2,431.9,135.9,415.4,170.7,448.5,411,1.343,4
491,-42.991,-8.405,7.421,-0.6696,0.6643,-0.3323,0.707,-0.6268,0.3276,0.1763,-0.2925,-0.9399,25.444,0.9987,17.542,1.581,1.05864,151.8,430.4,134.1,414.5,169.8,446.6,411,3.446,4
492,-44.427,-7.025,6.746,-0.6957,0.6486,-0.3087,0.7255,-0.6082,0.3221,0.4079,0.003,-0.913,25.445,0.9986,21.696,1.536,1.04988,150.4,429.1,132.2,413.6,168.8,444.7,412,1.449,4
493,-45.913,-5.677,6.117,-0.7172,0.6334,-0.2907,0.7431,-0.5899,0.3159,0.5063,0.1869,-0.8419,25.445,0.9984,12.651,1.498,0.86911,148.9,427.7,130.2,412.7,167.8,442.9,412,0.658,4
494,-47.443,-4.361,5.526,-0.738,0.6184,-0.2701,0.7598,-0.5719,0.3091,0.569,0.3551,-0.7418,25.445,0.9979,11.796,1.46,0.89619,147.4,426.4,128.3,411.8,166.7,441.1,412,2.76,4
495,-49.018,-3.077,4.984,-0.7595,0.6026,-0.2451,0.7758,-0.5543,0.3015,0.6032,0.5112,-0.6122,25.446,0.9971,11.809,1.431,0.9963,145.8,425.1,126.3,411.0,165.5,439.3,413,2.236,4
496,-50.638,-1.828,4.499,-0.7819,0.5849,-0.2154,0.791,-0.5369,0.2933,0.6086,0.6415,-0.467,25.446,0.9957,11.2,1.405,1.12262,144.2,423.8,124.4,410.2,164.3,437.6,413,0.134,4
497,-52.304,-0.617,4.072,-0.8017,0.5664,-0.1909,0.8056,-0.5197,0.2844,0.5924,0.7109,-0.3791,25.447,0.9945,6.487,1.39,0.99545,142.6,422.6,122.3,409.4,163.0,435.9,413,1.97,4
498,-54.008,0.556,3.697,-0.8188,0.5496,-0.1657,0.8194,-0.503,0.2749,0.5716,0.7537,-0.3246,25.447,0.9929,4.146,1.355,0.94774,140.9,421.4,120.3,408.7,161.6,434.3,414,2.811,4
499,-55.746,1.696,3.375,-0.8334,0.5346,-0.14,0.8323,-0.4869,0.265,0.5506,0.7815,-0.2935,25.448,0.991,2.676,1.311,0.90317,139.1,420.3,118.2,407.9,160.2,432.8,414,0.709,4
500,-57.512,2.806,3.108,-0.8457,0.5214,-0.1139,0.8442,-0.4717,0.2547,0.531,0.8007,-0.2772,25.449,0.9889,1.829,1.254,0.86454,137.4,419.2,116.2,407.2,158.8,431.2,414,1.398,4
501,-59.304,3.885,2.89,-0.8581,0.505,-0.0933,0.855,-0.4576,0.2441,0.5112,0.8229,-0.2481,25.45,0.9875,2.384,1.185,0.793,135.6,418.1,114.1,406.5,157.3,429.8,415,3.062,4
502,-61.12,4.931,2.718,-0.8688,0.4902,-0.0694,0.8646,-0.4449,0.2334,0.4926,0.8419,-0.2201,25.451,0.9855,2.213,1.099,0.8196,133.8,417.1,112.0,405.8,155.7,428.4,415,0.96,4
503,-62.956,5.948,2.6,-0.8777,0.4773,-0.0432,0.873,-0.4339,0.2227,0.476,0.8576,-0.1949,25.452,0.983,1.949,1.002,0.83181,132.0,416.0,110.0,405.0,154.1,427.1,415,1.147,4
504,-64.81,6.94,2.538,-0.8845,0.4663,-0.0153,0.88,-0.425,0.2122,0.4617,0.8701,-0.1722,25.453,0.9798,1.696,0.885,0.83795,130.1,415.1,107.9,404.3,152.4,425.9,416,3.023,4
505,-66.676,7.908,2.535,-0.892,0.4519,0.0117,0.8855,-0.4184,0.2019,0.4471,0.8856,-0.1255,25.455,0.9766,2.941,0.768,0.85842,128.2,414.1,105.9,403.5,150.7,424.8,416,0.92,4
506,-68.56,8.841,2.584,-0.8989,0.4369,0.0342,0.8896,-0.4145,0.192,0.4338,0.8982,-0.071,25.456,0.9742,3.295,0.653,0.7605,126.3,413.1,103.9,402.6,148.9,423.7,416,1.187,4
507,-70.455,9.749,2.677,-0.9024,0.4275,0.0546,0.8921,-0.4133,0.1825,0.4261,0.904,-0.0357,25.458,0.9718,2.097,0.567,0.6193,124.4,412.2,101.9,401.8,147.1,422.8,417,2.694,4
508,-72.354,10.642,2.813,-0.9032,0.4227,0.0743,0.8932,-0.4148,0.1735,0.423,0.906,-0.0117,25.46,0.9692,1.391,0.527,0.55284,122.5,411.3,100.0,400.8,145.2,421.9,417,0.594,4
509,-74.252,11.53,2.99,-0.9016,0.4222,0.0946,0.8928,-0.4192,0.1651,0.4244,0.9055,0.0038,25.462,0.9663,0.892,0.544,0.55498,120.6,410.5,98.1,399.8,143.3,421.1,417,1.515,4
510,-76.144,12.421,3.212,-0.897,0.4263,0.1168,0.8908,-0.4264,0.1573,0.4303,0.9026,0.0102,25.464,0.9624,0.526,0.619,0.6276,118.7,409.6,96.2,398.7,141.3,420.4,418,2.053,4
511,-78.03,13.308,3.487,-0.8978,0.4158,0.1449,0.8871,-0.4365,0.1501,0.4294,0.8997,0.0787,25.466,0.9562,3.929,0.742,0.81786,116.8,408.7,94.4,397.6,139.3,419.8,418,0.061,4
512,-79.917,14.176,3.818,-0.8964,0.41,0.1686,0.8817,-0.4495,0.1436,0.4329,0.8916,0.1331,25.468,0.9504,3.158,0.888,0.66585,114.9,407.8,92.6,396.4,137.3,419.3,418,2.154,4
513,-81.798,15.039,4.193,-0.8913,0.4126,0.1882,0.8744,-0.4653,0.1378,0.4429,0.8812,0.1654,25.47,0.9454,2.027,1.051,0.55633,113.0,406.9,90.9,395.1,135.2,418.8,419,1.061,4
514,-83.663,15.918,4.607,-0.8818,0.4248,0.2048,0.8651,-0.4838,0.1328,0.46,0.8705,0.1749,25.472,0.9412,1.278,1.22,0.61799,111.1,406.0,89.2,393.7,133.1,418.4,419,1.045,4
515,-85.502,16.835,5.053,-0.8656,0.4503,0.2189,0.8536,-0.5049,0.1284,0.4861,0.8605,0.1523,25.475,0.9381,2.06,1.4,0.90832,109.3,405.1,87.6,392.3,130.9,418.0,420,1.766,4
516,-87.304,17.805,5.537,-0.8491,0.4682,0.2445,0.8397,-0.5286,0.1248,0.5104,0.8465,0.1513,25.477,0.93,1.608,1.588,0.96289,107.4,404.1,86.2,390.7,128.8,417.6,420,0.34,4
517,-89.07,18.81,6.078,-0.8293,0.4897,0.2692,0.8232,-0.5545,0.1218,0.5378,0.8304,0.1458,25.479,0.9214,1.848,1.768,1.04271,105.6,403.1,84.8,389.0,126.6,417.3,421,2.024,4
518,-90.785,19.876,6.663,-0.8002,0.5276,0.2851,0.804,-0.5825,0.1196,0.5732,0.8127,0.105,25.482,0.9166,3.257,1.949,1.37249,103.9,402.0,83.5,387.2,124.3,416.9,421,0.101,4
519,-92.425,21.043,7.271,-0.7576,0.5815,0.2963,0.7818,-0.6123,0.1181,0.6143,0.7887,0.0227,25.484,0.9134,5.449,2.131,1.89721,102.2,400.9,82.4,385.3,122.1,416.5,422,1.81,4
520,-93.962,22.324,7.916,-0.7022,0.6383,0.3154,0.7567,-0.6432,0.1172,0.6525,0.7542,-0.0737,25.486,0.9049,6.265,2.282,2.225,100.6,399.6,81.4,383.2,119.9,416.0,422,0.306,4
521,-95.373,23.729,8.59,-0.6377,0.6983,0.3252,0.7295,-0.6739,0.1169,0.6828,0.7078,-0.181,25.488,0.8978,6.924,2.35,2.41638,99.2,398.2,80.7,381.0,117.7,415.4,423,1.179,4
522,-96.629,25.264,9.286,-0.5553,0.7606,0.3363,0.7012,-0.7033,0.117,0.6991,0.646,-0.3066,25.49,0.885,8.081,2.338,2.83331,97.9,396.6,80.1,378.7,115.7,414.6,423,0.93,4
523,-97.705,26.921,10.003,-0.4688,0.8133,0.3447,0.6727,-0.7305,0.1175,0.7019,0.5799,-0.4135,25.492,0.869,7.208,2.258,2.77155,96.7,394.9,79.7,376.3,113.9,413.6,424,0.243,4
524,-98.588,28.683,10.734,-0.3658,0.862,0.351,0.6453,-0.7547,0.1182,0.6861,0.5046,-0.5241,25.494,0.8451,7.725,2.095,3.11218,95.8,393.1,79.5,373.9,112.2,412.5,425,1.194,4
525,-99.224,30.542,11.478,-0.2388,0.904,0.3545,0.6204,-0.7752,0.1192,0.6474,0.4203,-0.6358,25.496,0.8067,8.326,1.849,3.6513,95.1,391.3,79.4,371.5,110.9,411.1,425,0.909,4
526,-99.609,32.469,12.224,-0.132,0.9254,0.3553,0.5983,-0.7922,0.1203,0.6148,0.3576,-0.703,25.497,0.7693,5.59,1.599,2.97077,94.7,389.3,79.5,369.1,109.9,409.6,426,0.11,4
527,-99.798,34.426,12.97,-0.0479,0.9346,0.3525,0.5788,-0.8064,0.1215,0.59,0.3112,-0.745,25.498,0.7386,3.858,1.384,2.30754,94.5,387.3,79.8,366.7,109.2,408.0,427,0.59,4
528,-99.799,36.393,13.711,0.0498,0.934,0.3538,0.5619,-0.818,0.1228,0.5602,0.2671,-0.7841,25.499,0.6926,3.785,1.177,2.66438,94.4,385.3,80.2,364.4,108.7,406.3,428,1.186,4
529,-99.587,38.347,14.458,0.1453,0.9241,0.3535,0.5481,-0.8272,0.1243,0.5304,0.2288,-0.8163,25.499,0.6408,3.337,0.954,2.61785,94.6,383.3,80.7,362.2,108.5,404.6,428,0.917,4
530,-99.198,40.275,15.2,0.2241,0.9083,0.3533,0.5375,-0.8338,0.126,0.5076,0.2006,-0.8379,25.5,0.5924,2.419,0.722,2.1908,95.0,381.4,81.3,360.1,108.6,402.8,429,0.428,4
531,-98.643,42.16,15.948,0.3052,0.8818,0.3595,0.5302,-0.8382,0.1279,0.4888,0.1789,-0.8538,25.5,0.5313,1.881,0.5,2.33199,95.5,379.5,82.0,358.0,109.0,401.0,430,0.076,4
532,-97.925,43.979,16.72,0.3763,0.849,0.371,0.5262,-0.8403,0.1303,0.4777,0.1654,-0.8628,25.501,0.4671,1.126,0.293,2.15747,96.2,377.6,82.8,356.1,109.5,399.2,431,0.12,4
533,-97.062,45.734,17.492,0.4434,0.8209,0.3599,0.5255,-0.8403,0.1331,0.4511,0.1426,-0.881,25.501,0.4089,2.262,0.165,2.00568,97.0,375.8,83.7,354.3,110.4,397.4,432,0.188,4
534,-96.061,47.434,18.219,0.5091,0.7956,0.3285,0.5277,-0.8384,0.1362,0.4103,0.1111,-0.9052,25.502,0.3536,3.263,0.243,2.10137,98.0,374.1,84.6,352.6,111.4,395.6,433,0.173,4
535,-94.906,49.049,18.907,0.5828,0.7463,0.3216,0.5325,-0.8348,0.1398,0.3869,0.0932,-0.9174,25.502,0.2677,1.827,0.401,2.42481,99.1,372.4,85.6,351.1,112.6,393.9,434,0.116,4
536,-93.636,50.595,19.553,0.6201,0.7292,0.2893,0.5391,-0.8299,0.1435,0.3542,0.0688,-0.9326,25.502,0.2294,2.495,0.516,1.42312,100.3,370.8,86.7,349.6,114.1,392.2,435,0.057,4
537,-92.319,52.137,20.11,0.6277,0.7415,0.2371,0.5468,-0.8242,0.1473,0.3133,0.0383,-0.9489,25.502,0.233,3.069,0.591,1.47614,101.6,369.3,87.8,348.2,115.6,390.5,436,0.032,4
538,-90.991,53.707,20.549,0.6442,0.7423,0.184,0.5547,-0.8183,0.1508,0.2693,0.005,-0.963,25.502,0.2223,3.264,0.599,1.51548,103.0,367.7,88.9,346.7,117.1,388.7,437,0.058,4
539,-89.617,55.262,20.892,0.6589,0.7384,0.1436,0.5624,-0.8124,0.1541,0.2355,-0.0213,-0.9716,25.502,0.2072,2.503,0.587,1.17645,104.3,366.1,90.1,345.3,118.7,387.0,438,0.07,4
540,-88.233,56.823,21.159,0.6538,0.7482,0.1126,0.5698,-0.8067,0.1571,0.2133,-0.0394,-0.9762,25.502,0.2133,1.662,0.562,0.89659,105.7,364.5,91.2,343.9,120.3,385.2,439,0.146,4
541,-86.878,58.415,21.372,0.634,0.768,0.0911,0.5766,-0.8013,0.1596,0.2012,-0.0501,-0.9783,25.502,0.2353,0.933,0.518,0.96219,107.1,362.9,92.4,342.4,121.8,383.5,440,0.351,4
542,-85.572,60.056,21.545,0.6103,0.7893,0.0678,0.5828,-0.7963,0.1618,0.1883,-0.0614,-0.9802,25.502,0.2619,0.989,0.473,1.07541,108.4,361.2,93.6,340.9,123.3,381.7,441,0.64,4
543,-84.3,61.725,21.65,0.6009,0.7986,0.0346,0.5884,-0.7919,0.1636,0.1644,-0.081,-0.9831,25.502,0.2732,1.779,0.421,0.97433,109.7,359.5,94.7,339.3,124.7,379.9,442,0.993,4
544,-83.045,63.413,21.701,0.5918,0.8059,0.0168,0.5934,-0.7878,0.1652,0.1525,-0.0915,-0.9841,25.502,0.2809,0.911,0.382,0.57961,110.9,357.8,95.9,337.7,126.1,378.0,442,1.113,4
545,-81.81,65.115,21.727,0.5826,0.8127,0.0091,0.5979,-0.7841,0.1666,0.1488,-0.0957,-0.9842,25.501,0.2874,0.321,0.343,0.37565,112.2,356.1,97.0,336.1,127.5,376.2,443,0.719,4
546,-80.594,66.831,21.745,0.5729,0.8195,0.0095,0.6022,-0.7805,0.1679,0.1517,-0.0947,-0.9839,25.501,0.293,0.177,0.33,0.32294,113.4,354.4,98.1,334.4,128.8,374.4,444,0.298,4
547,-79.401,68.563,21.772,0.562,0.827,0.0178,0.6062,-0.777,0.1694,0.1612,-0.0885,-0.9829,25.501,0.2989,0.652,0.316,0.42546,114.6,352.6,99.2,332.8,130.1,372.5,445,0.157,4
548,-78.232,70.311,21.826,0.5487,0.8353,0.0349,0.6103,-0.7735,0.171,0.1784,-0.0762,-0.981,25.501,0.3053,1.216,0.322,0.63193,115.8,350.8,100.3,331.1,131.4,370.7,446,0.584,4
549,-77.096,72.076,21.928,0.5312,0.8448,0.0641,0.6144,-0.7698,0.173,0.2058,-0.0553,-0.977,25.501,0.3129,1.988,0.337,0.96331,117.0,349.0,101.3,329.4,132.7,368.8,447,1.004,4
550,-76.001,73.867,22.063,0.5103,0.8575,0.0651,0.6187,-0.7658,0.1753,0.2121,-0.0521,-0.9759,25.501,0.3295,0.41,0.361,0.66694,118.1,347.2,102.3,327.7,133.9,366.8,447,1.1,4
551,-74.948,75.681,22.206,0.4922,0.8675,0.0723,0.623,-0.7617,0.1781,0.2229,-0.0453,-0.9738,25.501,0.3413,0.741,0.376,0.59661,119.1,345.4,103.3,326.0,135.0,364.9,448,0.7,4
552,-73.929,77.513,22.372,0.4775,0.8744,0.0867,0.6273,-0.7574,0.1811,0.2389,-0.0342,-0.9704,25.5,0.347,1.133,0.389,0.59134,120.1,343.5,104.2,324.2,136.2,362.9,449,0.312,4
553,-72.937,79.356,22.577,0.4663,0.8779,0.109,0.6314,-0.7532,0.1844,0.2601,-0.0183,-0.9654,25.5,0.3467,1.545,0.386,0.68659,121.1,341.6,105.1,322.4,137.3,360.9,450,0.089,4
554,-71.965,81.203,22.836,0.4589,0.8775,0.1394,0.6352,-0.7492,0.1879,0.2863,0.0025,-0.9581,25.5,0.3397,1.962,0.374,0.85258,122.1,339.8,105.9,320.7,138.4,358.9,451,0.483,4
555,-71.004,83.044,23.169,0.4551,0.8724,0.1782,0.6386,-0.7454,0.1915,0.3172,0.0282,-0.948,25.5,0.3255,2.374,0.358,1.07138,123.1,337.9,106.8,318.9,139.4,357.0,452,0.904,4
556,-70.057,84.875,23.58,0.4443,0.8709,0.2103,0.6414,-0.7419,0.1952,0.3441,0.0508,-0.9375,25.5,0.3201,2.101,0.333,0.92367,124.0,336.0,107.7,317.1,140.4,355.0,452,1.2,4
557,-69.136,86.705,24.053,0.4319,0.8693,0.2405,0.6438,-0.7388,0.199,0.3697,0.0726,-0.9263,25.5,0.3163,2.031,0.313,0.89062,124.9,334.1,108.5,315.3,141.4,353.0,453,0.748,4
558,-68.239,88.53,24.592,0.4209,0.8656,0.2713,0.6459,-0.7359,0.203,0.3948,0.0945,-0.9139,25.5,0.3101,2.037,0.308,0.89684,125.8,332.2,109.4,313.5,142.4,351.1,454,0.254,4
559,-67.364,90.344,25.194,0.4116,0.8598,0.302,0.6478,-0.7332,0.207,0.4189,0.1158,-0.9006,25.5,0.3013,1.994,0.297,0.88829,126.7,330.4,110.2,311.7,143.3,349.1,455,0.303,4
560,-66.507,92.145,25.861,0.4043,0.8523,0.3317,0.6496,-0.7304,0.2112,0.4413,0.1359,-0.887,25.5,0.2898,1.892,0.307,0.85812,127.5,328.5,111.0,310.0,144.2,347.2,456,0.917,4
561,-65.662,93.928,26.589,0.3991,0.843,0.3608,0.6514,-0.7275,0.2156,0.4621,0.1549,-0.8732,25.5,0.2755,1.797,0.319,0.84438,128.4,326.7,111.8,308.2,145.1,345.3,456,1.186,4
562,-64.829,95.689,27.379,0.3933,0.8324,0.3903,0.6533,-0.7244,0.2202,0.4826,0.1744,-0.8583,25.5,0.2601,1.832,0.336,0.86857,129.2,324.8,112.5,306.4,145.9,343.3,457,0.515,4
563,-64.01,97.43,28.228,0.385,0.8234,0.4169,0.6553,-0.7211,0.2249,0.5015,0.1926,-0.8435,25.5,0.2477,1.726,0.348,0.79787,130.0,323.0,113.3,304.7,146.8,341.4,458,0.203,4
564,-63.211,99.153,29.131,0.3743,0.8156,0.4412,0.6573,-0.7178,0.2298,0.519,0.21,-0.8286,25.5,0.238,1.652,0.357,0.75402,130.7,321.2,114.0,303.0,147.6,339.5,459,0.959,4
565,-62.438,100.862,30.083,0.361,0.8091,0.4637,0.6592,-0.7143,0.2348,0.5357,0.2271,-0.8133,25.5,0.2311,1.626,0.366,0.73384,131.5,319.4,114.7,301.3,148.4,337.7,459,1.144,4
566,-61.695,102.557,31.08,0.345,0.8036,0.4849,0.6611,-0.7109,0.2399,0.5519,0.2442,-0.7973,25.5,0.2269,1.632,0.368,0.73904,132.2,317.6,115.3,299.6,149.2,335.8,460,0.36,4
567,-60.988,104.242,32.122,0.3273,0.798,0.5061,0.6629,-0.7074,0.2452,0.568,0.2618,-0.7802,25.5,0.2234,1.682,0.378,0.76779,132.9,315.9,116.0,297.9,150.0,333.9,461,0.444,4
568,-60.314,105.909,33.212,0.3139,0.7877,0.5302,0.6645,-0.7041,0.2506,0.5841,0.2801,-0.7619,25.5,0.2132,1.746,0.374,0.80204,133.6,314.1,116.6,296.3,150.7,332.1,462,1.259,4
569,-59.67,107.556,34.35,0.2988,0.7784,0.5521,0.6659,-0.7007,0.2561,0.5989,0.2975,-0.7435,25.5,0.2051,1.681,0.379,0.76782,134.2,312.4,117.1,294.6,151.3,330.2,462,0.844,4
570,-59.058,109.184,35.532,0.2823,0.7704,0.5716,0.6672,-0.6973,0.2618,0.6126,0.3138,-0.7254,25.5,0.1992,1.601,0.388,0.72933,134.8,310.6,117.7,293.0,151.9,328.4,463,0.037,4
571,-58.483,110.797,36.752,0.2648,0.7639,0.5885,0.6683,-0.694,0.2678,0.625,0.3287,-0.708,25.5,0.1956,1.493,0.397,0.68616,135.3,308.9,118.2,291.3,152.5,326.6,464,0.782,4
572,-57.945,112.398,38.005,0.2467,0.759,0.6025,0.6693,-0.6906,0.274,0.6362,0.3422,-0.6915,25.5,0.194,1.38,0.409,0.63764,135.8,307.2,118.7,289.7,153.1,324.8,464,1.321,4
573,-57.446,113.989,39.285,0.2283,0.7541,0.6158,0.6702,-0.6871,0.2806,0.6468,0.3553,-0.6748,25.5,0.1923,1.359,0.431,0.63304,136.3,305.5,119.1,288.1,153.6,323.0,465,0.536,4
574,-56.984,115.563,40.602,0.2111,0.7429,0.6352,0.6709,-0.6835,0.2876,0.659,0.3718,-0.6538,25.5,0.1835,1.682,0.453,0.76927,136.7,303.8,119.5,286.5,154.0,321.2,466,0.202,4
575,-56.556,117.117,41.953,0.1957,0.7348,0.6494,0.6715,-0.6798,0.2949,0.6687,0.3844,-0.6365,25.5,0.1766,1.346,0.47,0.612,137.1,302.1,119.9,284.9,154.5,319.4,467,0.872,4
576,-56.16,118.656,43.33,0.1813,0.7293,0.6597,0.672,-0.676,0.3026,0.6766,0.3943,-0.6219,25.5,0.1715,1.107,0.493,0.50506,137.5,300.4,120.2,283.4,154.8,317.6,467,1.231,4
577,-55.793,120.186,44.726,0.1672,0.7262,0.6668,0.6724,-0.6719,0.3106,0.6833,0.4022,-0.6093,25.5,0.1684,0.935,0.516,0.43832,137.8,298.8,120.5,281.8,155.2,315.8,468,0.652,4
578,-55.457,121.712,46.133,0.1528,0.7254,0.6711,0.6728,-0.6676,0.3189,0.6891,0.4086,-0.5985,25.5,0.1675,0.792,0.536,0.41,138.1,297.1,120.8,280.3,155.5,314.1,469,0.189,4
579,-55.151,123.239,47.547,0.1373,0.7272,0.6726,0.6731,-0.6631,0.3275,0.6942,0.4137,-0.589,25.5,0.1695,0.683,0.556,0.42709,138.4,295.4,121.1,278.7,155.8,312.3,470,0.139,4
580,-54.881,124.772,48.96,0.1189,0.7311,0.6719,0.6734,-0.6583,0.3364,0.699,0.419,-0.5795,25.5,0.1752,0.681,0.58,0.51291,138.6,293.7,121.3,277.2,156.0,310.4,471,0.3,4
581,-54.653,126.31,50.376,0.098,0.7314,0.6749,0.6738,-0.653,0.3458,0.7049,0.4277,-0.5658,25.5,0.1782,0.989,0.619,0.57534,138.8,292.1,121.5,275.7,156.3,308.6,472,0.278,4
582,-54.468,127.847,51.799,0.0788,0.7299,0.679,0.6741,-0.647,0.3564,0.7106,0.4365,-0.5518,25.5,0.1771,1.002,0.698,0.53642,138.9,290.4,121.6,274.1,156.4,306.8,473,0.085,4
583,-54.321,129.379,53.233,0.0607,0.7265,0.6845,0.6744,-0.6397,0.3688,0.7164,0.4459,-0.5367,25.5,0.1714,1.072,0.825,0.52361,139.0,288.7,121.7,272.7,156.5,304.9,474,0.323,4
584,-54.212,130.901,54.68,0.0428,0.7205,0.6921,0.6745,-0.6306,0.3839,0.7224,0.4563,-0.5196,25.5,0.1598,1.197,1.01,0.55458,139.1,287.0,121.8,271.3,156.6,302.9,476,0.56,4
585,-54.142,132.407,56.146,0.0242,0.7109,0.7029,0.6743,-0.6193,0.4022,0.7286,0.4689,-0.4993,25.5,0.1412,1.414,1.232,0.64156,139.1,285.3,121.8,269.9,156.6,300.9,477,0.264,4
586,-54.135,133.89,57.636,-0.0248,0.7001,0.7136,0.6735,-0.6053,0.4244,0.736,0.4958,-0.4609,25.5,0.1376,2.72,1.504,1.39843,139.1,283.7,121.8,268.7,156.6,298.9,479,0.154,4
587,-54.228,135.349,59.148,-0.0567,0.6865,0.7249,0.6718,-0.5886,0.4497,0.7404,0.516,-0.4308,25.5,0.1162,2.092,1.74,0.99389,138.9,282.1,121.7,267.5,156.4,296.7,482,0.385,4
588,-54.338,136.777,60.687,-0.0381,0.672,0.7396,0.6691,-0.57,0.4769,0.7432,0.5138,-0.4286,25.5,0.0558,0.24,1.894,0.75728,138.8,280.4,121.6,266.5,156.2,294.6,484,0.254,5
589,-54.357,138.173,62.26,0.0102,0.651,0.759,0.6651,-0.5503,0.5048,0.7467,0.4999,-0.4389,25.5,0.0317,1.011,1.97,1.52957,138.7,278.9,121.7,265.5,156.0,292.5,487,0.268,5
590,-54.316,139.514,63.879,0.0327,0.6281,0.7774,0.6599,-0.5301,0.5325,0.7505,0.4983,-0.4342,25.5,0.1026,0.358,1.987,1.00834,138.7,277.4,121.8,264.6,155.8,290.3,490,0.104,5
591,-54.201,140.83,65.514,0.0814,0.6276,0.7743,0.654,-0.5099,0.5589,0.756,0.4674,-0.4583,25.5,0.166,2.267,1.934,1.32996,138.8,275.8,122.0,263.7,155.7,288.2,493,0.392,5
592,-53.962,142.167,67.119,0.1425,0.6448,0.7509,0.6477,-0.4903,0.5832,0.7619,0.4129,-0.4991,25.5,0.2141,3.916,1.825,1.84391,138.9,274.3,122.4,262.7,155.8,286.1,495,0.193,5
593,-53.611,143.531,68.681,0.1909,0.6489,0.7365,0.6416,-0.4717,0.6049,0.7667,0.3699,-0.5247,25.5,0.2619,2.881,1.674,1.38067,139.3,272.8,122.9,261.7,155.9,284.0,497,0.138,5
594,-53.159,144.883,70.227,0.239,0.6336,0.7358,0.6356,-0.454,0.6244,0.7712,0.3366,-0.5403,25.5,0.3237,2.123,1.548,1.37569,139.7,271.2,123.5,260.7,156.2,282.0,499,0.237,5
595,-52.606,146.184,71.783,0.287,0.605,0.7427,0.6301,-0.4373,0.6417,0.7754,0.3086,-0.551,25.5,0.3929,1.734,1.413,1.53428,140.2,269.7,124.1,259.7,156.6,280.0,501,0.515,5
596,-51.954,147.441,73.337,0.3321,0.5889,0.7368,0.6249,-0.4216,0.657,0.7783,0.2702,-0.5668,25.5,0.4433,2.385,1.291,1.31483,140.8,268.3,124.9,258.7,157.1,278.1,502,0.323,5
597,-51.213,148.651,74.889,0.3725,0.5593,0.7405,0.6203,-0.407,0.6705,0.781,0.242,-0.5757,25.5,0.4999,1.701,1.169,1.3686,141.6,266.9,125.7,257.7,157.7,276.3,504,0.279,5
598,-50.391,149.785,76.458,0.4084,0.5165,0.7526,0.6163,-0.3935,0.6821,0.7839,0.2239,-0.5791,25.5,0.5618,1.068,1.045,1.55779,142.4,265.6,126.6,256.8,158.4,274.6,505,0.378,5
599,-49.497,150.829,78.049,0.4415,0.4799,0.7581,0.6129,-0.3813,0.6921,0.7857,0.2013,-0.5849,25.5,0.6123,1.341,0.925,1.35305,143.3,264.3,127.6,255.9,159.2,273.0,507,0.6,5
600,-48.535,151.801,79.646,0.4728,0.4433,0.7616,0.6102,-0.3704,0.7004,0.7866,0.1773,-0.5915,25.5,0.6577,1.427,0.8,1.31586,144.2,263.2,128.6,255.0,160.1,271.5,508,0.126,5
601,-47.509,152.689,81.253,0.5028,0.4005,0.766,0.6081,-0.3609,0.7071,0.7868,0.155,-0.5975,25.5,0.7029,1.323,0.677,1.42934,145.2,262.1,129.7,254.2,161.1,270.1,509,0.293,5
602,-46.421,153.48,82.869,0.532,0.3504,0.7708,0.6067,-0.3527,0.7124,0.7862,0.1336,-0.6033,25.5,0.7483,1.271,0.565,1.58578,146.3,261.1,130.8,253.5,162.2,268.9,510,0.656,5
603,-45.274,154.171,84.49,0.5585,0.3067,0.7707,0.6059,-0.3458,0.7164,0.7842,0.1079,-0.6111,25.5,0.7845,1.543,0.459,1.39279,147.5,260.2,132.0,252.8,163.4,267.8,512,0.881,5
604,-44.074,154.771,86.11,0.5817,0.2636,0.7695,0.6059,-0.3401,0.7191,0.7811,0.0829,-0.6189,25.5,0.8161,1.511,0.361,1.33428,148.7,259.4,133.1,252.2,164.6,266.9,513,0.679,5
605,-42.828,155.278,87.725,0.6029,0.2191,0.7671,0.6068,-0.3355,0.7206,0.7768,0.058,-0.6271,25.5,0.8451,1.522,0.282,1.34485,150.0,258.8,134.4,251.6,165.9,266.1,514,0.529,5
606,-41.539,155.69,89.335,0.6229,0.1713,0.7633,0.6085,-0.3319,0.7208,0.7709,0.0318,-0.6362,25.5,0.8724,1.625,0.228,1.41582,151.3,258.2,135.6,251.1,167.3,265.4,515,0.424,5
607,-40.208,155.996,90.933,0.6428,0.1214,0.7564,0.6113,-0.329,0.7198,0.762,-0.0007,-0.6475,25.5,0.8975,2.036,0.238,1.47615,152.7,257.7,136.9,250.7,168.8,264.8,516,0.357,5
608,-38.839,156.204,92.516,0.6585,0.077,0.7486,0.6154,-0.3268,0.7173,0.752,-0.0292,-0.6585,25.5,0.917,1.842,0.303,1.30078,154.1,257.3,138.1,250.4,170.3,264.4,517,0.32,5
609,-37.44,156.322,94.081,0.6717,0.0345,0.7401,0.6211,-0.3253,0.713,0.7407,-0.0537,-0.6697,25.5,0.9337,1.674,0.418,1.23442,155.5,257.1,139.4,250.1,172.0,264.1,518,0.307,5
610,-36.015,156.348,95.628,0.6833,-0.0103,0.73,0.6287,-0.3245,0.7067,0.7274,-0.0758,-0.682,25.5,0.9488,1.637,0.567,1.29069,157.0,256.9,140.6,250.0,173.7,263.9,519,0.311,5
611,-34.562,156.271,97.145,0.6989,-0.0649,0.7123,0.6385,-0.3242,0.698,0.7024,-0.1252,-0.7006,25.5,0.9645,3.347,0.751,1.62129,158.5,256.8,141.8,249.9,175.5,263.9,520,0.328,5
612,-33.081,156.076,98.625,0.7088,-0.1196,0.6952,0.6503,-0.3244,0.6869,0.6765,-0.1639,-0.7179,25.5,0.9773,2.847,0.928,1.58502,160.0,256.9,143.0,249.9,177.4,264.0,521,0.354,5
613,-31.587,155.771,100.073,0.7099,-0.1689,0.6837,0.664,-0.325,0.6734,0.6676,-0.1479,-0.7297,25.5,0.9867,1.248,1.103,1.37991,161.6,257.1,144.1,250.0,179.3,264.2,522,0.385,5
614,-30.098,155.37,101.503,0.7089,-0.215,0.6717,0.6794,-0.3258,0.6575,0.6716,-0.0848,-0.736,25.5,0.9933,3.641,1.269,1.29844,163.1,257.3,145.2,250.2,181.3,264.6,523,0.42,5
615,-28.605,154.864,102.894,0.7091,-0.2654,0.6533,0.696,-0.3266,0.6395,0.6814,0.0196,-0.7317,25.5,0.998,6.016,1.404,1.46218,164.7,257.7,146.3,250.6,183.4,265.1,524,0.46,5
616,-27.125,154.257,104.259,0.6964,-0.3114,0.6466,0.7133,-0.3271,0.6199,0.5232,0.837,-0.1605,25.5,0.9994,60.639,1.498,1.31316,166.2,258.3,147.3,251.0,185.4,265.7,525,0.503,5
617,-25.685,153.557,105.622,0.6721,-0.3537,0.6505,0.7307,-0.3269,0.5993,0.0081,0.882,0.4712,25.5,0.9966,48.178,1.545,1.33364,167.7,258.9,148.3,251.5,187.4,266.3,526,0.547,5
618,-24.286,152.765,106.977,0.6568,-0.3988,0.64,0.7478,-0.3257,0.5785,-0.1696,0.7488,0.6407,25.5,0.9913,16.06,1.544,1.32893,169.2,259.6,149.3,252.2,189.4,267.1,527,0.591,5
619,-22.93,151.882,108.32,0.6306,-0.4406,0.6389,0.7644,-0.3232,0.5579,-0.2018,0.7018,0.6832,25.5,0.9809,4.073,1.523,1.34467,170.6,260.4,150.2,253.0,191.3,267.9,528,0.632,5
620,-21.642,150.914,109.671,0.5925,-0.4796,0.6473,0.7803,-0.3193,0.5377,-0.1914,0.6967,0.6914,25.5,0.9635,0.813,1.49,1.50338,172.0,261.3,151.1,254.0,193.1,268.7,529,0.672,5
621,-20.436,149.865,111.038,0.555,-0.5182,0.6507,0.7955,-0.3137,0.5184,-0.1913,0.6818,0.7061,25.5,0.9414,1.199,1.444,1.46953,173.2,262.3,151.9,255.1,194.8,269.6,530,0.708,5
622,-19.309,148.735,112.407,0.5168,-0.5561,0.651,0.8099,-0.3064,0.5002,-0.1944,0.6643,0.7218,25.5,0.9146,1.359,1.394,1.46644,174.4,263.4,152.7,256.3,196.4,270.5,531,0.74,5
623,-18.264,147.527,113.774,0.4768,-0.5921,0.6496,0.8235,-0.2977,0.483,-0.197,0.6483,0.7355,25.5,0.8827,1.216,1.352,1.46705,175.5,264.5,153.4,257.6,197.9,271.5,532,0.764,5
624,-17.305,146.247,115.139,0.4353,-0.6245,0.6485,0.8361,-0.2878,0.467,-0.1973,0.6366,0.7455,25.5,0.8465,0.882,1.297,1.43512,176.5,265.8,154.0,259.1,199.3,272.5,533,0.776,5
625,-16.431,144.902,116.499,0.3964,-0.6547,0.6436,0.848,-0.2767,0.4521,-0.2003,0.6225,0.7566,25.5,0.8083,1.042,1.264,1.34864,177.4,267.1,154.6,260.6,200.6,273.6,534,0.77,5
626,-15.637,143.493,117.843,0.3587,-0.6854,0.6337,0.8591,-0.2645,0.4381,-0.2068,0.6037,0.7699,25.5,0.7671,1.371,1.24,1.3521,178.3,268.4,155.1,262.3,201.8,274.7,535,0.743,5
627,-14.924,142.019,119.162,0.3167,-0.7151,0.6232,0.8695,-0.2516,0.4251,-0.2122,0.5869,0.7813,25.5,0.7202,1.204,1.207,1.43072,179.0,269.9,155.5,264.1,202.8,275.8,536,0.687,5
628,-14.306,140.488,120.463,0.2732,-0.7416,0.6127,0.8792,-0.2378,0.4129,-0.2161,0.5733,0.7903,25.5,0.6695,0.961,1.193,1.41725,179.7,271.4,155.9,265.9,203.8,277.0,537,0.599,5
629,-13.768,138.897,121.73,0.2392,-0.7717,0.5893,0.8882,-0.2234,0.4014,-0.2273,0.5455,0.8067,25.5,0.6214,1.958,1.175,1.39207,180.2,273.0,156.2,267.9,204.6,278.3,538,0.473,5
630,-13.293,137.24,122.933,0.2145,-0.8049,0.5533,0.8966,-0.2084,0.3906,-0.2436,0.5045,0.8283,25.5,0.5762,2.815,1.163,1.49474,180.7,274.7,156.4,269.9,205.3,279.6,539,0.315,5
631,-12.898,135.519,124.074,0.1659,-0.8315,0.5302,0.9044,-0.193,0.3806,-0.2494,0.4849,0.8383,25.5,0.5123,1.304,1.143,1.63591,181.1,276.4,156.6,272.0,206.0,280.9,540,0.142,5
632,-12.575,133.744,125.155,0.146,-0.8562,0.4956,0.9114,-0.1772,0.3714,-0.2605,0.4501,0.8542,25.5,0.4688,2.283,1.122,1.27913,181.5,278.3,156.7,274.2,206.5,282.3,541,0.043,5
633,-12.265,131.918,126.151,0.1533,-0.8801,0.4493,0.9177,-0.1614,0.363,-0.2759,0.3985,0.8747,25.5,0.4458,3.302,1.087,1.43379,181.8,280.1,156.9,276.5,207.0,283.8,542,0.207,5
634,-11.93,130.043,127.042,0.1551,-0.903,0.4006,0.9232,-0.1459,0.3555,-0.289,0.3463,0.8925,25.5,0.4173,3.248,1.036,1.46741,182.2,282.1,157.0,278.8,207.6,285.3,543,0.353,5
635,-11.609,128.123,127.835,0.154,-0.9226,0.3538,0.928,-0.1306,0.349,-0.2991,0.2978,0.9066,25.5,0.3869,2.951,0.991,1.38303,182.5,284.1,157.2,281.2,208.0,286.9,544,0.462,5
636,-11.269,126.168,128.53,0.1719,-0.9359,0.3074,0.932,-0.1158,0.3434,-0.3082,0.2452,0.9192,25.5,0.3741,3.143,0.935,1.40304,182.9,286.1,157.5,283.7,208.5,288.6,545,0.519,5
637,-10.876,124.192,129.132,0.2028,-0.9426,0.2653,0.9354,-0.1016,0.3386,-0.3153,0.1936,0.929,25.5,0.3753,3.037,0.881,1.43476,183.3,288.2,157.8,286.1,209.1,290.3,546,0.508,5
638,-10.433,122.2,129.64,0.2184,-0.9506,0.2204,0.9383,-0.0878,0.3346,-0.3205,0.1434,0.9363,25.5,0.3621,2.922,0.84,1.31364,183.8,290.3,158.2,288.6,209.6,292.1,547,0.422,5
639,-9.958,120.196,130.066,0.2334,-0.9544,0.1861,0.9406,-0.0745,0.3312,-0.3229,0.1045,0.9406,25.5,0.3523,2.247,0.797,1.02529,184.3,292.4,158.6,291.1,210.2,293.8,548,0.267,5
640,-9.452,118.188,130.431,0.2469,-0.9552,0.1631,0.9426,-0.0617,0.3283,-0.3234,0.0775,0.9431,25.5,0.3452,1.554,0.761,0.727,184.8,294.6,159.1,293.5,210.8,295.6,549,0.056,5
641,-8.921,116.18,130.759,0.2586,-0.9543,0.1499,0.9441,-0.0493,0.3258,-0.3228,0.0609,0.9445,25.5,0.34,0.955,0.73,0.48134,185.4,296.7,159.6,296.0,211.4,297.4,550,0.212,5
642,-8.366,114.176,131.065,0.2698,-0.9528,0.1392,0.9454,-0.0372,0.3237,-0.3219,0.0471,0.9456,25.5,0.3356,0.795,0.708,0.42404,186.0,298.9,160.1,298.4,212.1,299.3,551,0.512,5
643,-7.786,112.172,131.339,0.2809,-0.952,0.1216,0.9465,-0.0255,0.3217,-0.3211,0.0262,0.9467,25.5,0.3293,1.2,0.683,0.56719,186.6,301.0,160.7,300.9,212.7,301.1,552,0.838,5
644,-7.186,110.171,131.581,0.2888,-0.9511,0.1092,0.9473,-0.014,0.32,-0.3198,0.0117,0.9474,25.5,0.3218,0.835,0.668,0.40137,187.2,303.1,161.3,303.3,213.4,302.9,553,1.175,5
645,-6.573,108.172,131.801,0.2946,-0.9503,0.1007,0.948,-0.0027,0.3184,-0.3184,0.0017,0.948,25.5,0.3139,0.58,0.655,0.28127,187.9,305.3,162.0,305.8,214.1,304.8,553,0.929,5
646,-5.949,106.175,132.006,0.2986,-0.9496,0.095,0.9484,0.0082,0.317,-0.3169,-0.0048,0.9484,25.5,0.3055,0.383,0.63,0.19069,188.6,307.4,162.6,308.2,214.8,306.6,554,0.594,5
647,-5.318,104.178,132.202,0.3014,-0.9491,0.0917,0.9487,0.0189,0.3157,-0.3156,-0.0085,0.9489,25.5,0.2969,0.226,0.618,0.11866,189.3,309.6,163.3,310.6,215.5,308.5,555,0.276,6
648,-4.682,102.182,132.393,0.3031,-0.9487,0.0904,0.9488,0.0293,0.3145,-0.3143,-0.0099,0.9493,25.5,0.2882,0.112,0.6,0.05931,189.9,311.7,164.0,313.0,216.2,310.4,556,0.046,6
649,-4.044,100.188,132.584,0.3038,-0.9484,0.091,0.9488,0.0394,0.3134,-0.3133,-0.0093,0.9496,25.5,0.2794,0.069,0.582,0.02641,190.6,313.8,164.7,315.4,216.9,312.2,557,0.31,6
650,-3.404,98.193,132.777,0.3037,-0.9482,0.0932,0.9487,0.0493,0.3123,-0.3124,-0.0066,0.9499,25.5,0.2705,0.164,0.571,0.06024,191.3,316.0,165.3,317.8,217.6,314.1,558,0.562,6
651,-2.765,96.202,132.977,0.3067,-0.9468,0.0976,0.9485,0.0589,0.3113,-0.3117,-0.0031,0.9502,25.5,0.2655,0.205,0.553,0.15016,192.0,318.1,166.0,320.2,218.2,316.0,559,0.787,6
652,-2.115,94.213,133.186,0.3108,-0.9451,0.1005,0.9481,0.0683,0.3104,-0.3111,-0.0012,0.9504,25.5,0.2613,0.115,0.542,0.14443,192.7,320.3,166.7,322.6,218.9,317.9,560,0.977,6
653,-1.458,92.226,133.399,0.3136,-0.9441,0.1017,0.9477,0.0773,0.3095,-0.3104,-0.0007,0.9506,25.5,0.2557,0.051,0.519,0.08733,193.4,322.4,167.5,325.0,219.6,319.8,560,1.129,6
654,-0.796,90.241,133.612,0.3155,-0.9435,0.1013,0.9473,0.086,0.3086,-0.3097,-0.0015,0.9508,25.5,0.249,0.062,0.502,0.05536,194.1,324.5,168.2,327.3,220.4,321.7,561,0.979,6
655,-0.131,88.256,133.824,0.3166,-0.9433,0.0995,0.9468,0.0943,0.3078,-0.3089,-0.0033,0.9511,25.5,0.2414,0.114,0.479,0.05772,194.9,326.7,168.9,329.7,221.1,323.6,562,0.871,6
656,0.535,86.272,134.03,0.3169,-0.9435,0.0964,0.9462,0.1022,0.3071,-0.3081,-0.0063,0.9513,25.5,0.233,0.178,0.456,0.08502,195.6,328.8,169.6,332.0,221.8,325.5,563,0.808,6
657,1.201,84.287,134.228,0.3165,-0.9441,0.0919,0.9456,0.1096,0.3064,-0.3071,-0.0104,0.9516,25.5,0.224,0.242,0.427,0.12415,196.3,330.9,170.4,334.3,222.5,327.5,564,0.784,6
658,1.866,82.3,134.416,0.3154,-0.9451,0.0858,0.945,0.1164,0.3057,-0.306,-0.0157,0.9519,25.5,0.2143,0.311,0.393,0.17102,197.0,333.1,171.1,336.7,223.2,329.4,565,0.795,6
659,2.528,80.311,134.588,0.3134,-0.9464,0.078,0.9444,0.1228,0.3051,-0.3047,-0.0224,0.9522,25.5,0.2036,0.391,0.37,0.22218,197.7,335.2,171.8,339.0,223.9,331.4,566,0.836,6
660,3.184,78.319,134.742,0.3105,-0.9481,0.0681,0.9438,0.1285,0.3046,-0.3031,-0.0309,0.9524,25.5,0.192,0.496,0.33,0.28481,198.4,337.3,172.5,341.3,224.6,333.4,567,0.903,6
661,3.833,76.322,134.873,0.3063,-0.9503,0.0555,0.9432,0.1336,0.3041,-0.3012,-0.0415,0.9526,25.5,0.1788,0.617,0.296,0.36675,199.1,339.5,173.2,343.5,225.3,335.4,568,0.991,6
662,4.471,74.321,134.973,0.3007,-0.9529,0.0394,0.9427,0.138,0.3037,-0.2988,-0.0549,0.9527,25.5,0.1639,0.78,0.255,0.46986,199.8,341.7,173.9,345.8,226.0,337.5,570,0.894,6
663,5.1,72.317,135.048,0.2975,-0.9541,0.0333,0.9423,0.1417,0.3033,-0.2977,-0.0596,0.9528,25.5,0.1552,0.277,0.214,0.1906,200.5,343.8,174.6,348.1,226.6,339.5,571,0.777,6
664,5.722,70.31,135.112,0.2947,-0.9552,0.0264,0.9419,0.1447,0.303,-0.2965,-0.0651,0.9528,25.5,0.1474,0.323,0.174,0.20514,201.2,346.0,175.3,350.3,227.3,341.6,572,0.661,6
665,6.339,68.3,135.158,0.2918,-0.9563,0.0169,0.9416,0.147,0.3028,-0.295,-0.0731,0.9527,25.5,0.1393,0.466,0.133,0.27223,201.9,348.2,176.0,352.5,228.0,343.7,573,0.545,6
666,6.949,66.287,135.181,0.2886,-0.9574,0.0045,0.9414,0.1488,0.3026,-0.2929,-0.0838,0.9525,25.5,0.1306,0.625,0.104,0.35023,202.5,350.3,176.6,354.7,228.6,345.9,574,0.437,6
667,7.553,64.273,135.175,0.2853,-0.9584,-0.0109,0.9413,0.1499,0.3025,-0.2904,-0.0973,0.9519,25.5,0.1216,0.787,0.064,0.43003,203.2,352.5,177.3,356.9,229.3,348.0,575,0.337,6
668,8.149,62.257,135.133,0.2818,-0.959,-0.0295,0.9412,0.1505,0.3024,-0.2874,-0.1137,0.9511,25.5,0.112,0.956,0.035,0.51596,203.8,354.7,177.9,359.1,229.9,350.2,576,0.25,6
669,8.738,60.24,135.048,0.2781,-0.9592,-0.0513,0.9413,0.1506,0.3023,-0.2837,-0.1331,0.9496,25.5,0.1018,1.135,0.009,0.60247,204.4,356.9,178.6,361.3,230.6,352.4,577,0.18,6
670,9.319,58.223,134.915,0.2741,-0.9587,-0.0763,0.9414,0.1501,0.3022,-0.2794,-0.1553,0.9475,25.5,0.0911,1.301,0.03,0.68996,205.1,359.1,179.2,363.5,231.2,354.6,578,0.134,6
671,9.891,56.208,134.726,0.2695,-0.9575,-0.1029,0.9415,0.1492,0.3021,-0.2747,-0.1789,0.9447,25.5,0.0798,1.388,0.052,0.73612,205.7,361.2,179.8,365.6,231.8,356.8,579,0.114,6
672,10.452,54.196,134.485,0.2639,-0.9563,-0.1259,0.9418,0.1479,0.302,-0.2708,-0.1988,0.9419,25.5,0.0691,1.173,0.077,0.64587,206.3,363.4,180.4,367.8,232.4,359.1,580,0.123,6
673,11.0,52.187,134.196,0.2584,-0.9544,-0.1495,0.9421,0.1462,0.3018,-0.2667,-0.2193,0.9385,25.5,0.0588,1.214,0.1,0.66234,206.9,365.6,181.0,369.9,233.0,361.3,581,0.162,6
674,11.538,50.182,133.856,0.2533,-0.9517,-0.1734,0.9425,0.1442,0.3017,-0.2624,-0.2401,0.9346,25.5,0.0492,1.237,0.117,0.66987,207.5,367.8,181.6,372.0,233.6,363.5,582,0.228,6
675,12.066,48.185,133.466,0.2487,-0.9483,-0.1971,0.9429,0.1418,0.3015,-0.2582,-0.261,0.9302,25.5,0.0406,1.247,0.14,0.66435,208.0,370.0,182.1,374.1,234.2,365.8,583,0.323,6
676,12.585,46.195,133.028,0.2447,-0.9443,-0.2202,0.9433,0.1392,0.3012,-0.2539,-0.2816,0.9253,25.5,0.0331,1.238,0.152,0.64799,208.6,372.1,182.7,376.2,234.7,368.0,584,0.446,6
677,13.096,44.214,132.541,0.2413,-0.9397,-0.2425,0.9438,0.1364,0.301,-0.2498,-0.3016,0.9201,25.5,0.0266,1.207,0.163,0.62728,209.1,374.3,183.2,378.2,235.3,370.3,585,0.596,6
678,13.6,42.243,132.009,0.2387,-0.9347,-0.2634,0.9444,0.1334,0.3007,-0.2459,-0.3206,0.9147,25.5,0.0215,1.154,0.176,0.58982,209.7,376.4,183.7,380.3,235.9,372.5,586,0.776,6
679,14.097,40.283,131.431,0.2335,-0.9292,-0.2864,0.9449,0.1304,0.3003,-0.2417,-0.3408,0.9085,25.5,0.0135,1.234,0.176,0.65966,210.2,378.5,184.3,382.3,236.4,374.7,587,0.983,6
680,14.583,38.335,130.804,0.2284,-0.9232,-0.3092,0.9455,0.1272,0.2999,-0.2375,-0.3608,0.9019,25.5,0.0058,1.23,0.188,0.65723,210.7,380.7,184.8,384.3,236.9,377.0,587,1.12,6
681,15.059,36.4,130.131,0.2239,-0.9167,-0.3308,0.9461,0.1239,0.2994,-0.2335,-0.38,0.895,25.5,0.0008,1.191,0.194,0.6267,211.2,382.8,185.3,386.3,237.4,379.2,588,0.884,6
682,15.525,34.48,129.414,0.2202,-0.91,-0.3512,0.9467,0.1205,0.2989,-0.2297,-0.3983,0.888,25.5,0.0062,1.144,0.2,0.59371,211.7,384.8,185.8,388.3,237.9,381.4,589,0.624,6
683,15.985,32.573,128.655,0.2172,-0.9032,-0.3703,0.9473,0.1171,0.2983,-0.2261,-0.4156,0.881,25.5,0.0105,1.089,0.201,0.55844,212.2,386.9,186.2,390.3,238.4,383.5,590,0.343,6
684,16.439,30.681,127.858,0.2149,-0.8963,-0.388,0.9479,0.1136,0.2977,-0.2227,-0.4318,0.874,25.5,0.0136,1.03,0.206,0.52138,212.7,389.0,186.7,392.2,238.9,385.7,591,0.048,6
685,16.889,28.803,127.024,0.2133,-0.8894,-0.4043,0.9485,0.1102,0.297,-0.2197,-0.4469,0.8672,25.5,0.0158,0.964,0.202,0.4842,213.2,391.0,187.2,394.2,239.4,387.8,592,0.259,6
686,17.336,26.94,126.158,0.2113,-0.8825,-0.4202,0.9491,0.1067,0.2963,-0.2167,-0.4615,0.8602,25.5,0.0181,0.944,0.207,0.47539,213.6,393.0,187.7,396.1,239.9,390.0,593,0.571,6
687,17.776,25.092,125.256,0.2073,-0.875,-0.4375,0.9497,0.1032,0.2956,-0.2136,-0.477,0.8526,25.5,0.0228,1.005,0.207,0.52519,214.1,395.0,188.1,398.0,240.3,392.1,594,0.883,6
688,18.209,23.26,124.318,0.2041,-0.8675,-0.4537,0.9503,0.0997,0.2948,-0.2106,-0.4915,0.845,25.5,0.0263,0.954,0.209,0.49415,214.6,397.0,188.6,399.8,240.8,394.2,595,1.19,6
689,18.635,21.444,123.348,0.2015,-0.86,-0.4688,0.9509,0.0962,0.294,-0.2079,-0.5052,0.8376,25.5,0.029,0.905,0.209,0.4648,215.0,399.0,189.0,401.7,241.2,396.2,595,0.913,6
690,19.057,19.643,122.348,0.1996,-0.8526,-0.4828,0.9516,0.0927,0.2932,-0.2053,-0.5182,0.8302,25.5,0.0307,0.87,0.21,0.43454,215.4,400.9,189.4,403.5,241.7,398.3,596,0.615,6
691,19.475,17.857,121.318,0.1984,-0.8453,-0.496,0.9522,0.0892,0.2923,-0.203,-0.5306,0.823,25.5,0.0315,0.832,0.21,0.41227,215.9,402.9,189.9,405.4,242.1,400.3,597,0.332,6
692,19.892,16.087,120.262,0.1978,-0.8381,-0.5084,0.9528,0.0857,0.2914,-0.2008,-0.5423,0.8159,25.5,0.0315,0.794,0.21,0.39104,216.3,404.8,190.3,407.2,242.6,402.3,598,0.067,6
693,20.308,14.332,119.18,0.1977,-0.831,-0.52,0.9534,0.0822,0.2904,-0.1987,-0.5534,0.8088,25.5,0.0308,0.764,0.211,0.37058,216.7,406.7,190.7,409.0,243.0,404.3,599,0.179,6
694,20.724,12.592,118.075,0.1983,-0.8239,-0.5309,0.9539,0.0787,0.2895,-0.1968,-0.5641,0.8019,25.5,0.0294,0.738,0.209,0.35478,217.2,408.5,191.2,410.7,243.4,406.3,600,0.397,6
695,21.14,10.868,116.946,0.1973,-0.816,-0.5433,0.9545,0.0752,0.2884,-0.1946,-0.5758,0.7941,25.5,0.0297,0.815,0.213,0.40154,217.6,410.4,191.6,412.5,243.9,408.3,601,0.586,6
696,21.554,9.16,115.791,0.1958,-0.8081,-0.5555,0.9551,0.0717,0.2874,-0.1925,-0.5871,0.7863,25.5,0.0306,0.796,0.211,0.39811,218.0,412.2,192.0,414.2,244.3,410.2,602,0.74,6
697,21.964,7.469,114.611,0.1946,-0.8006,-0.5667,0.9557,0.0682,0.2862,-0.1906,-0.5976,0.7788,25.5,0.0308,0.747,0.215,0.36872,218.5,414.0,192.4,415.9,244.7,412.1,603,0.856,6
698,22.372,5.792,113.408,0.1938,-0.7935,-0.5769,0.9563,0.0647,0.2851,-0.189,-0.6072,0.7717,25.5,0.0305,0.69,0.213,0.33929,218.9,415.8,192.9,417.6,245.1,414.0,604,0.929,6
699,22.779,4.131,112.185,0.1933,-0.7867,-0.5862,0.9569,0.0611,0.2838,-0.1875,-0.6161,0.765,25.5,0.0295,0.644,0.222,0.31419,219.3,417.6,193.3,419.3,245.5,415.9,605,0.957,6
700,23.186,2.483,110.943,0.1931,-0.7803,-0.5949,0.9576,0.0574,0.2824,-0.1863,-0.6244,0.7585,25.5,0.0279,0.608,0.23,0.29429,219.7,419.4,193.7,420.9,245.9,417.8,606,0.941,6
701,23.592,0.849,109.683,0.1932,-0.7741,-0.6029,0.9582,0.0537,0.281,-0.1852,-0.6322,0.7523,25.5,0.0259,0.574,0.229,0.27578,220.1,421.1,194.1,422.6,246.4,419.6,607,0.884,6
702,23.998,-0.773,108.407,0.1936,-0.7681,-0.6103,0.9589,0.0499,0.2794,-0.1842,-0.6395,0.7464,25.5,0.0232,0.541,0.24,0.25977,220.5,422.8,194.5,424.2,246.8,421.5,608,0.785,6
703,24.406,-2.382,107.117,0.1944,-0.7624,-0.6172,0.9596,0.046,0.2778,-0.1834,-0.6464,0.7407,25.5,0.02,0.515,0.245,0.24482,221.0,424.5,194.9,425.8,247.2,423.3,609,0.648,6
704,24.816,-3.98,105.812,0.1954,-0.7569,-0.6236,0.9603,0.042,0.2759,-0.1827,-0.6529,0.7351,25.5,0.0162,0.493,0.257,0.23152,221.4,426.2,195.3,427.3,247.6,425.1,610,0.473,6
705,25.228,-5.563,104.491,0.1961,-0.749,-0.6329,0.961,0.0379,0.274,-0.1813,-0.662,0.7273,25.5,0.0133,0.691,0.262,0.33305,221.8,427.9,195.8,428.9,248.0,426.9,611,0.261,6
706,25.64,-7.13,103.151,0.1965,-0.7415,-0.6415,0.9618,0.0336,0.2719,-0.18,-0.6705,0.7198,25.5,0.0103,0.654,0.278,0.31111,222.2,429.6,196.2,430.4,248.4,428.7,612,0.016,6
707,26.054,-8.682,101.793,0.1968,-0.7346,-0.6493,0.9625,0.0292,0.2696,-0.1791,-0.6781,0.7128,25.5,0.0071,0.594,0.287,0.28384,222.6,431.2,196.6,432.0,248.9,430.4,613,0.267,6
708,26.468,-10.22,100.42,0.1969,-0.7283,-0.6563,0.9634,0.0246,0.2671,-0.1784,-0.6849,0.7065,25.5,0.0035,0.533,0.304,0.25659,223.0,432.8,197.0,433.4,249.3,432.2,614,0.58,6
709,26.882,-11.746,99.033,0.1967,-0.7226,-0.6626,0.9642,0.0198,0.2643,-0.1779,-0.6909,0.7007,25.5,0.0002,0.479,0.322,0.23155,223.4,434.4,197.4,434.9,249.7,433.9,616,0.818,6
710,27.296,-13.26,97.634,0.1965,-0.7175,-0.6683,0.9651,0.0148,0.2614,-0.1777,-0.6963,0.6954,25.5,0.0043,0.434,0.335,0.20845,223.9,436.0,197.8,436.4,250.1,435.7,617,0.432,6
711,27.708,-14.764,96.223,0.196,-0.7129,-0.6733,0.966,0.0096,0.2582,-0.1776,-0.7011,0.6906,25.5,0.0086,0.389,0.354,0.18561,224.3,437.6,198.2,437.8,250.5,437.4,618,0.029,6
712,28.12,-16.259,94.802,0.1954,-0.7088,-0.6778,0.967,0.0041,0.2547,-0.1778,-0.7053,0.6863,25.5,0.0134,0.345,0.378,0.16665,224.7,439.2,198.6,439.2,250.9,439.1,619,0.396,6
713,28.53,-17.746,93.372,0.1946,-0.7053,-0.6817,0.968,-0.0016,0.251,-0.1781,-0.7088,0.6825,25.5,0.0184,0.296,0.394,0.14442,225.1,440.7,199.0,440.6,251.3,440.8,621,0.828,6
714,28.938,-19.226,91.935,0.1937,-0.7023,-0.6851,0.969,-0.0076,0.2469,-0.1787,-0.7119,0.6792,25.5,0.0239,0.262,0.42,0.12594,225.5,442.3,199.4,442.0,251.7,442.5,622,0.378,6
715,29.345,-20.698,90.49,0.1934,-0.697,-0.6905,0.9701,-0.0139,0.2425,-0.1787,-0.717,0.6738,25.5,0.0299,0.426,0.445,0.20632,225.9,443.8,199.8,443.3,252.2,444.2,623,0.072,6
716,29.752,-22.156,89.031,0.1936,-0.69,-0.6974,0.9711,-0.0205,0.2377,-0.1785,-0.7238,0.6666,25.5,0.0364,0.568,0.471,0.26785,226.3,445.3,200.2,444.7,252.6,445.9,624,0.519,6
717,30.159,-23.601,87.558,0.1935,-0.684,-0.7034,0.9722,-0.0274,0.2326,-0.1786,-0.7295,0.6603,25.5,0.0433,0.487,0.496,0.23119,226.7,446.8,200.6,446.0,253.0,447.6,626,0.719,6
718,30.565,-25.034,86.073,0.193,-0.6789,-0.7084,0.9732,-0.0345,0.2272,-0.1789,-0.7343,0.6549,25.5,0.0503,0.414,0.514,0.19506,227.1,448.3,201.0,447.3,253.4,449.3,627,0.311,6
719,30.97,-26.457,84.579,0.1921,-0.6748,-0.7126,0.9743,-0.0419,0.2214,-0.1795,-0.738,0.6505,25.5,0.0577,0.331,0.542,0.16178,227.5,449.8,201.4,448.6,253.8,451.0,628,0.076,6
720,31.373,-27.872,83.076,0.1909,-0.6716,-0.7159,0.9753,-0.0494,0.2153,-0.1803,-0.7409,0.647,25.5,0.0652,0.264,0.557,0.12944,227.9,451.2,201.8,449.8,254.2,452.6,629,0.434,6
721,31.773,-29.283,81.568,0.1893,-0.6695,-0.7183,0.9763,-0.0572,0.2088,-0.1813,-0.7427,0.6446,25.5,0.0731,0.181,0.585,0.0972,228.3,452.7,202.2,451.1,254.5,454.3,630,0.765,6
722,32.169,-30.689,80.056,0.1874,-0.6684,-0.7198,0.9772,-0.0651,0.2019,-0.1824,-0.7437,0.6432,25.5,0.0813,0.117,0.603,0.07245,228.7,454.1,202.6,452.3,254.9,456.0,632,0.762,6
723,32.561,-32.095,78.542,0.185,-0.6684,-0.7204,0.9781,-0.0732,0.1947,-0.1836,-0.7437,0.6429,25.5,0.0896,0.071,0.623,0.0674,229.0,455.6,202.9,453.5,255.3,457.6,633,0.515,6
724,32.947,-33.502,77.027,0.1822,-0.6695,-0.7201,0.979,-0.0814,0.1871,-0.1848,-0.7426,0.6437,25.5,0.0981,0.104,0.643,0.08237,229.4,457.0,203.3,454.7,255.7,459.3,634,0.296,6
725,33.326,-34.909,75.512,0.1781,-0.667,-0.7235,0.9797,-0.0898,0.1792,-0.1855,-0.7448,0.641,25.5,0.1047,0.204,0.662,0.16034,229.8,458.4,203.7,456.0,256.0,460.9,635,0.107,6
726,33.696,-36.305,73.983,0.1739,-0.6614,-0.7296,0.9804,-0.0983,0.1709,-0.1859,-0.7496,0.6352,25.5,0.1108,0.432,0.682,0.25295,230.1,459.9,204.0,457.2,256.4,462.6,636,0.059,6
727,34.058,-37.692,72.444,0.1707,-0.6577,-0.7337,0.9809,-0.107,0.1623,-0.1866,-0.7527,0.6313,25.5,0.1187,0.288,0.701,0.1739,230.5,461.3,204.4,458.3,256.7,464.2,637,0.191,6
728,34.415,-39.073,70.899,0.1685,-0.6559,-0.7358,0.9813,-0.1159,0.1536,-0.1876,-0.7542,0.6293,25.5,0.1283,0.154,0.713,0.09629,230.8,462.7,204.8,459.5,257.0,465.9,638,0.297,6
729,34.768,-40.452,69.35,0.1674,-0.656,-0.7359,0.9815,-0.1253,0.1446,-0.1889,-0.754,0.6291,25.5,0.1401,0.076,0.746,0.03019,231.2,464.1,205.1,460.7,257.3,467.5,639,0.377,6
730,35.119,-41.834,67.805,0.1672,-0.6582,-0.734,0.9815,-0.135,0.1355,-0.1905,-0.752,0.631,25.5,0.1535,0.183,0.762,0.07939,231.5,465.5,205.5,461.8,257.6,469.1,640,0.432,6
731,35.472,-43.222,66.265,0.1682,-0.6627,-0.7298,0.9813,-0.1452,0.1264,-0.1925,-0.7482,0.635,25.5,0.169,0.336,0.783,0.16988,231.8,466.9,205.8,463.0,257.9,470.8,641,0.464,6
732,35.828,-44.623,64.737,0.1704,-0.6697,-0.7228,0.9808,-0.156,0.1172,-0.1947,-0.742,0.6415,25.5,0.1869,0.53,0.813,0.27624,232.2,468.3,206.2,464.1,258.2,472.5,642,0.472,6
733,36.19,-46.041,63.227,0.1741,-0.6797,-0.7125,0.98,-0.1674,0.1081,-0.197,-0.733,0.6511,25.5,0.2074,0.765,0.837,0.40392,232.5,469.7,206.6,465.2,258.5,474.2,643,0.459,6
734,36.561,-47.482,61.741,0.178,-0.689,-0.7026,0.9788,-0.1795,0.099,-0.1996,-0.7244,0.6598,25.5,0.2283,0.717,0.87,0.38509,232.9,471.2,207.0,466.4,258.8,476.0,644,0.424,6
735,36.937,-48.936,60.27,0.18,-0.6939,-0.6972,0.9772,-0.1923,0.0901,-0.2028,-0.7197,0.664,25.5,0.2465,0.405,0.898,0.20607,233.2,472.6,207.4,467.5,259.1,477.8,645,0.369,6
736,37.318,-50.402,58.81,0.182,-0.7007,-0.6899,0.9752,-0.2058,0.0814,-0.2064,-0.7132,0.6699,25.5,0.2655,0.544,0.927,0.27717,233.6,474.1,207.9,468.6,259.4,479.6,646,0.295,6
737,37.702,-51.884,57.369,0.1838,-0.7094,-0.6804,0.9727,-0.2202,0.0728,-0.2102,-0.7046,0.6778,25.5,0.2855,0.704,0.972,0.3544,233.9,475.6,208.3,469.7,259.6,481.5,647,0.193,6
738,38.091,-53.387,55.95,0.1854,-0.72,-0.6688,0.9698,-0.2354,0.0645,-0.2141,-0.6938,0.6876,25.5,0.3062,0.865,1.006,0.43035,234.3,477.1,208.8,470.9,259.9,483.4,648,0.059,6
739,38.482,-54.914,54.558,0.1867,-0.7322,-0.655,0.9663,-0.2514,0.0563,-0.2179,-0.681,0.6992,25.5,0.3276,1.013,1.049,0.50314,234.7,478.6,209.3,472.0,260.2,485.3,649,0.12,6
740,38.876,-56.467,53.197,0.1879,-0.7456,-0.6393,0.9621,-0.2682,0.0485,-0.2216,-0.6663,0.712,25.5,0.3497,1.137,1.088,0.56331,235.1,480.2,209.8,473.1,260.4,487.3,650,0.344,6
741,39.276,-58.048,51.869,0.1923,-0.758,-0.6232,0.9574,-0.2859,0.0409,-0.2257,-0.6522,0.7236,25.5,0.3753,1.072,1.136,0.56653,235.4,481.8,210.3,474.2,260.6,489.3,651,0.622,6
742,39.683,-59.655,50.576,0.1945,-0.7702,-0.6074,0.952,-0.3044,0.0336,-0.2298,-0.6378,0.7351,25.5,0.3992,1.082,1.181,0.54727,235.8,483.4,210.8,475.4,260.8,491.4,652,0.962,6
743,40.092,-61.288,49.314,0.1942,-0.7819,-0.5924,0.9459,-0.3234,0.0266,-0.2341,-0.6234,0.746,25.5,0.4208,1.064,1.212,0.51837,236.2,485.0,211.4,476.5,261.0,493.5,652,1.141,6
744,40.498,-62.943,48.083,0.1913,-0.7927,-0.5788,0.9391,-0.3429,0.02,-0.2387,-0.6096,0.7559,25.5,0.4399,1.008,1.242,0.47974,236.6,486.7,212.0,477.7,261.2,495.7,653,0.73,6
745,40.895,-64.62,46.878,0.186,-0.8022,-0.5673,0.9317,-0.3628,0.0138,-0.2438,-0.597,0.7643,25.5,0.4565,0.916,1.267,0.43134,237.0,488.3,212.6,478.8,261.4,497.9,654,0.243,6
746,41.282,-66.318,45.699,0.1841,-0.8125,-0.553,0.9237,-0.383,0.008,-0.2484,-0.5829,0.7737,25.5,0.4768,1.006,1.289,0.48293,237.4,490.0,213.2,480.0,261.5,500.1,655,0.327,6
747,41.669,-68.038,44.552,0.183,-0.8228,-0.538,0.9151,-0.4033,0.0027,-0.2527,-0.5683,0.7831,25.5,0.4978,1.025,1.299,0.4967,237.7,491.8,213.8,481.2,261.7,502.3,656,0.983,6
748,42.05,-69.778,43.434,0.1792,-0.8318,-0.5254,0.9058,-0.4238,-0.0023,-0.2577,-0.555,0.7909,25.5,0.516,0.929,1.321,0.4344,238.1,493.5,214.4,482.4,261.8,504.6,656,1.121,6
749,42.421,-71.535,42.341,0.1726,-0.8396,-0.5151,0.8959,-0.4443,-0.0068,-0.2633,-0.5432,0.7972,25.5,0.5312,0.831,1.33,0.39528,238.4,495.3,215.0,483.7,261.8,506.9,657,0.377,6
750,42.774,-73.308,41.266,0.1633,-0.8462,-0.5071,0.8854,-0.4648,-0.0109,-0.2698,-0.5328,0.8021,25.5,0.5434,0.757,1.34,0.37954,238.8,497.0,215.7,484.9,261.9,509.1,658,0.459,6
751,43.106,-75.094,40.206,0.1517,-0.852,-0.501,0.8742,-0.4853,-0.0145,-0.2771,-0.5232,0.8059,25.5,0.5534,0.724,1.354,0.39051,239.1,498.8,216.3,486.2,261.9,511.4,659,1.391,7
752,43.417,-76.894,39.165,0.1443,-0.8601,-0.4892,0.8625,-0.5057,-0.0176,-0.2822,-0.5096,0.8128,25.5,0.568,0.921,1.359,0.43902,239.4,500.6,216.9,487.4,261.8,513.8,659,0.712,7
753,43.712,-78.71,38.147,0.1363,-0.867,-0.4794,0.8503,-0.5259,-0.0204,-0.2882,-0.4977,0.8181,25.5,0.5816,0.822,1.362,0.39261,239.7,502.4,217.5,488.7,261.8,516.1,660,0.32,7
754,43.99,-80.54,37.147,0.1279,-0.8725,-0.4717,0.8375,-0.546,-0.0226,-0.2956,-0.4875,0.8216,25.5,0.5942,0.749,1.371,0.34472,239.9,504.2,218.1,490.0,261.7,518.4,661,1.453,7
755,44.25,-82.379,36.162,0.1193,-0.8766,-0.4662,0.8242,-0.5657,-0.0244,-0.3045,-0.4792,0.8232,25.5,0.6056,0.703,1.366,0.29973,240.2,506.1,218.7,491.4,261.6,520.8,661,0.65,7
756,44.492,-84.226,35.185,0.1105,-0.8795,-0.4629,0.8105,-0.5851,-0.0258,-0.3151,-0.4727,0.823,25.5,0.6161,0.713,1.363,0.26798,240.4,507.9,219.3,492.7,261.4,523.1,662,0.591,7
757,44.715,-86.078,34.215,0.101,-0.8829,-0.4586,0.7965,-0.6041,-0.0266,-0.3251,-0.465,0.8235,25.5,0.626,0.724,1.353,0.29884,240.6,509.7,219.9,494.1,261.3,525.4,662,1.512,7
758,44.917,-87.94,33.259,0.0914,-0.8879,-0.4508,0.7821,-0.6226,-0.027,-0.3328,-0.4539,0.8266,25.5,0.6365,0.794,1.343,0.36347,240.8,511.6,220.5,495.4,261.1,527.7,663,0.179,7
759,45.1,-89.811,32.317,0.0834,-0.8913,-0.4456,0.7673,-0.6407,-0.0269,-0.3431,-0.4455,0.8269,25.5,0.647,0.762,1.34,0.276,240.9,513.5,221.0,496.8,260.8,530.0,664,1.223,7
760,45.269,-91.688,31.383,0.0769,-0.8933,-0.4429,0.7521,-0.6585,-0.0262,-0.3561,-0.4395,0.8246,25.5,0.6577,0.831,1.342,0.19935,241.1,515.3,221.6,498.3,260.6,532.4,664,0.88,7
761,45.425,-93.567,30.452,0.0717,-0.8939,-0.4425,0.7366,-0.6759,-0.0249,-0.372,-0.4356,0.8197,25.5,0.668,0.979,1.337,0.14302,241.2,517.2,222.1,499.7,260.3,534.7,665,0.564,7
762,45.571,-95.447,29.52,0.0677,-0.8933,-0.4443,0.7206,-0.693,-0.0229,-0.3911,-0.4335,0.8119,25.5,0.678,1.188,1.347,0.12062,241.3,519.0,222.7,501.1,260.0,537.0,665,1.539,7
763,45.71,-97.324,28.582,0.0649,-0.8914,-0.4485,0.7041,-0.7098,-0.0203,-0.4135,-0.4331,0.8009,25.5,0.6875,1.43,1.357,0.14695,241.4,520.9,223.2,502.5,259.7,539.3,666,0.079,7
764,45.84,-99.199,27.64,0.0582,-0.893,-0.4463,0.6872,-0.7263,-0.0169,-0.4304,-0.4258,0.7959,25.5,0.6961,1.093,1.367,0.19704,241.6,522.7,223.8,504.0,259.3,541.5,667,1.371,7
765,45.956,-101.078,26.704,0.0524,-0.894,-0.445,0.6698,-0.7425,-0.0128,-0.4495,-0.4191,0.7889,25.5,0.7046,1.227,1.382,0.16422,241.6,524.6,224.3,505.4,259.0,543.8,667,0.732,7
766,46.062,-102.958,25.767,0.0482,-0.8938,-0.4459,0.6518,-0.7583,-0.0079,-0.4719,-0.4138,0.7785,25.5,0.7127,1.447,1.401,0.11715,241.7,526.5,224.9,506.8,258.6,546.1,668,0.68,7
767,46.16,-104.837,24.827,0.0453,-0.8925,-0.4488,0.6334,-0.7738,-0.0022,-0.4979,-0.4097,0.7644,25.5,0.7203,1.711,1.417,0.11721,241.8,528.3,225.4,508.3,258.2,548.3,668,1.423,7
768,46.253,-106.712,23.878,0.0438,-0.8899,-0.454,0.6145,-0.7889,0.0044,-0.5273,-0.4066,0.7461,25.5,0.727,1.992,1.437,0.16357,241.9,530.1,226.0,509.8,257.8,550.5,669,0.074,7
769,46.345,-108.579,22.915,0.0438,-0.886,-0.4617,0.5951,-0.8036,0.0118,-0.5604,-0.4044,0.7228,25.5,0.7326,2.323,1.458,0.23517,241.9,532.0,226.6,511.2,257.3,552.8,670,1.186,7
770,46.438,-110.437,21.934,0.0432,-0.8813,-0.4705,0.5752,-0.8178,0.0202,-0.5947,-0.4011,0.6968,25.5,0.7361,2.473,1.481,0.27231,242.0,533.8,227.2,512.7,256.9,554.9,670,0.917,7
771,46.522,-112.288,20.94,0.0376,-0.8792,-0.475,0.5548,-0.8315,0.0295,-0.6235,-0.3921,0.6764,25.5,0.7379,2.087,1.505,0.20392,242.1,535.6,227.7,514.1,256.4,557.1,671,0.237,7
772,46.598,-114.134,19.935,0.0352,-0.876,-0.4809,0.5339,-0.8446,0.0399,-0.6553,-0.3836,0.6507,25.5,0.7395,2.393,1.534,0.1942,242.1,537.4,228.3,515.6,255.9,559.3,672,1.283,7
773,46.673,-115.972,18.916,0.0361,-0.8718,-0.4886,0.5126,-0.8571,0.0514,-0.6899,-0.3754,0.6189,25.5,0.7406,2.734,1.561,0.2402,242.2,539.2,228.9,517.0,255.4,561.4,672,0.82,7
774,46.753,-117.8,17.879,0.0407,-0.8661,-0.4982,0.4907,-0.8689,0.0643,-0.7271,-0.3677,0.5798,25.5,0.7405,3.124,1.606,0.32896,242.2,541.0,229.6,518.5,254.9,563.5,673,0.119,7
775,46.847,-119.613,16.819,0.0495,-0.8586,-0.5102,0.4684,-0.88,0.0787,-0.7663,-0.3603,0.532,25.5,0.7386,3.568,1.649,0.45408,242.3,542.7,230.2,520.0,254.4,565.6,674,0.952,7
776,46.96,-121.41,15.732,0.0558,-0.8509,-0.5224,0.4456,-0.8902,0.0946,-0.8019,-0.3499,0.4842,25.5,0.7329,3.467,1.697,0.4289,242.4,544.5,230.9,521.4,253.9,567.6,674,1.151,7
777,47.081,-123.192,14.622,0.0599,-0.8433,-0.5341,0.4222,-0.8995,0.1121,-0.8335,-0.3367,0.438,25.5,0.724,3.296,1.757,0.39622,242.5,546.2,231.6,522.9,253.4,569.6,675,0.424,7
778,47.216,-124.956,13.485,0.0692,-0.8339,-0.5475,0.3984,-0.9078,0.1312,-0.8646,-0.3239,0.3841,25.5,0.7128,3.641,1.812,0.51292,242.6,547.9,232.3,524.4,252.9,571.5,676,0.198,7
779,47.376,-126.698,12.318,0.0845,-0.8223,-0.5628,0.374,-0.9149,0.1518,-0.8939,-0.3121,0.3217,25.5,0.6985,4.008,1.874,0.66894,242.7,549.6,233.0,525.9,252.4,573.4,677,0.718,7
780,47.576,-128.412,11.116,0.1061,-0.8079,-0.5797,0.349,-0.9208,0.1739,-0.9198,-0.3012,0.2513,25.5,0.6801,4.344,1.942,0.84396,242.9,551.2,233.8,527.3,252.0,575.2,678,1.138,7
781,47.817,-130.096,9.881,0.1237,-0.7932,-0.5962,0.3235,-0.9254,0.1973,-0.9389,-0.288,0.1884,25.5,0.6564,3.842,2.001,0.76984,243.1,552.8,234.7,528.8,251.5,577.0,678,0.965,7
782,48.099,-131.745,8.607,0.1446,-0.7748,-0.6154,0.2976,-0.9286,0.2215,-0.9532,-0.276,0.1235,25.5,0.6262,3.87,2.039,0.92169,243.3,554.4,235.6,530.2,251.1,578.7,679,0.641,7
783,48.427,-133.352,7.291,0.1678,-0.7531,-0.6362,0.2717,-0.9304,0.2461,-0.9623,-0.2652,0.06,25.5,0.5897,3.728,2.049,1.03465,243.6,555.9,236.5,531.7,250.8,580.3,680,0.404,7
784,48.806,-134.912,5.932,0.1921,-0.7303,-0.6556,0.246,-0.9307,0.2705,-0.9669,-0.2553,0.0011,25.5,0.5496,3.433,2.031,1.0506,244.0,557.4,237.5,533.1,250.5,581.8,681,0.245,7
785,49.235,-136.422,4.533,0.2158,-0.7054,-0.6752,0.2206,-0.9298,0.2946,-0.9678,-0.2462,-0.0521,25.5,0.5046,3.093,2.007,1.07826,244.4,558.8,238.5,534.5,250.2,583.2,682,0.156,7
786,49.712,-137.876,3.091,0.2381,-0.6772,-0.6962,0.1954,-0.9277,0.3182,-0.9663,-0.2376,-0.0993,25.5,0.4532,2.75,1.982,1.13449,244.8,560.1,239.6,535.9,250.0,584.5,683,0.129,7
787,50.234,-139.268,1.604,0.258,-0.6454,-0.719,0.1701,-0.9244,0.3414,-0.9633,-0.229,-0.1402,25.5,0.395,2.401,1.976,1.19621,245.3,561.4,240.7,537.2,249.9,585.8,684,0.154,7
788,50.798,-140.59,0.069,0.279,-0.6126,-0.7395,0.1445,-0.9201,0.3641,-0.9588,-0.2212,-0.1785,25.5,0.3347,2.254,1.976,1.19934,245.8,562.6,241.9,538.5,249.8,586.9,685,0.225,7
789,51.41,-141.847,-1.501,0.3038,-0.5834,-0.7532,0.1182,-0.9147,0.3865,-0.9521,-0.2149,-0.2176,25.5,0.2784,2.301,2.003,1.1087,246.4,563.7,243.1,539.8,249.7,587.9,686,0.333,7
790,52.078,-143.046,-3.095,0.3294,-0.5545,-0.7643,0.0907,-0.9082,0.4086,-0.944,-0.2091,-0.2552,25.5,0.2212,2.229,2.055,1.09461,247.0,564.8,244.4,541.0,249.6,588.9,687,0.469,7
791,52.79,-144.17,-4.723,0.3491,-0.5179,-0.781,0.062,-0.9006,0.4303,-0.937,-0.2009,-0.2856,25.5,0.152,1.848,2.107,1.22062,247.7,565.8,245.8,542.2,249.6,589.7,688,0.615,7
792,53.552,-145.238,-6.366,0.3768,-0.5008,-0.7792,0.0324,-0.892,0.4509,-0.9262,-0.1963,-0.3218,25.5,0.1076,2.181,2.124,0.88835,248.4,566.7,247.2,543.3,249.5,590.5,689,0.748,7
793,54.38,-146.29,-7.988,0.4119,-0.5023,-0.7603,0.0027,-0.8828,0.4697,-0.9106,-0.1963,-0.3636,25.5,0.0874,2.557,2.082,1.08705,249.1,567.6,248.7,544.4,249.6,591.2,690,0.843,7
794,55.278,-147.336,-9.576,0.4406,-0.4894,-0.7526,-0.0265,-0.8734,0.4862,-0.8964,-0.1945,-0.3983,25.5,0.0499,2.151,1.996,0.88269,250.0,568.6,250.3,545.6,249.7,591.9,691,0.878,7
795,56.234,-148.356,-11.147,0.4689,-0.4836,-0.7391,-0.0547,-0.8643,0.5,-0.8808,-0.1941,-0.4318,25.5,0.0228,2.118,1.873,0.86884,250.9,569.4,251.9,546.7,249.9,592.5,692,0.83,7
796,57.25,-149.378,-12.678,0.4977,-0.4898,-0.7158,-0.0813,-0.8556,0.5112,-0.8629,-0.1963,-0.4657,25.5,0.0127,2.2,1.727,1.02346,251.8,570.3,253.5,547.8,250.2,593.2,693,0.673,7
797,58.326,-150.423,-14.152,0.5245,-0.5035,-0.6866,-0.1058,-0.8479,0.5195,-0.8438,-0.1998,-0.498,25.5,0.0147,2.16,1.546,1.1427,252.9,571.2,255.1,548.9,250.6,594.0,694,0.383,7
798,59.451,-151.487,-15.574,0.5451,-0.5086,-0.6665,-0.1278,-0.8414,0.5251,-0.8279,-0.201,-0.5237,25.5,0.0083,1.733,1.353,0.79649,253.9,572.2,256.7,550.0,251.1,594.7,695,0.066,7
799,60.62,-152.561,-16.954,0.5672,-0.5124,-0.6448,-0.1476,-0.836,0.5285,-0.8099,-0.2046,-0.5498,25.5,0.0039,1.828,1.192,0.85015,255.1,573.1,258.3,551.1,251.7,595.5,696,0.678,7
800,61.837,-153.642,-18.285,0.5909,-0.5149,-0.621,-0.1652,-0.8316,0.5302,-0.7895,-0.2107,-0.5764,25.5,0.0013,1.952,1.044,0.91776,256.2,574.1,259.9,552.1,252.5,596.4,696,1.425,7
801,63.107,-154.726,-19.564,0.6166,-0.5163,-0.5944,-0.1808,-0.8279,0.5309,-0.7662,-0.2199,-0.6039,25.5,0.0004,2.131,0.92,1.00855,257.4,575.1,261.5,553.2,253.3,597.3,697,0.66,7
802,64.426,-155.814,-20.787,0.6365,-0.5187,-0.5707,-0.1947,-0.8248,0.5308,-0.7461,-0.2268,-0.626,25.5,0.001,1.757,0.816,0.84583,258.7,576.0,263.1,554.3,254.2,598.1,698,0.249,7
803,65.784,-156.906,-21.964,0.6552,-0.52,-0.548,-0.207,-0.8221,0.5304,-0.7263,-0.2341,-0.6463,25.5,0.0012,1.678,0.722,0.80215,260.0,577.0,264.7,555.3,255.2,599.0,699,1.29,7
804,67.183,-158.0,-23.091,0.6758,-0.5191,-0.5233,-0.2178,-0.8197,0.5297,-0.704,-0.244,-0.667,25.5,0.0011,1.833,0.635,0.87666,261.3,578.0,266.3,556.4,256.3,600.0,699,0.814,7
805,68.628,-159.088,-24.163,0.6982,-0.5159,-0.4963,-0.2273,-0.8177,0.5289,-0.6787,-0.2565,-0.6882,25.5,0.0007,2.022,0.558,0.9599,262.7,579.0,267.9,557.4,257.5,600.9,700,0.357,7
806,70.122,-160.168,-25.176,0.7227,-0.5103,-0.4662,-0.2355,-0.8159,0.528,-0.6498,-0.2718,-0.7098,25.5,0.0,2.246,0.484,1.0685,264.2,580.0,269.5,558.4,258.7,601.8,701,1.654,7
807,71.665,-161.236,-26.125,0.7433,-0.5061,-0.4375,-0.2425,-0.8144,0.5273,-0.6231,-0.2858,-0.7281,25.5,0.0012,2.021,0.412,0.96938,265.6,580.9,271.2,559.4,260.0,602.7,701,0.45,7
808,73.247,-162.296,-27.016,0.7615,-0.5018,-0.4102,-0.2486,-0.8129,0.5267,-0.5978,-0.2991,-0.7438,25.5,0.0026,1.868,0.362,0.9017,267.2,581.9,272.8,560.5,261.4,603.7,702,0.972,7
809,74.868,-163.345,-27.85,0.7797,-0.4958,-0.3825,-0.2537,-0.8116,0.5263,-0.5714,-0.3133,-0.7585,25.5,0.0033,1.913,0.302,0.91774,268.7,582.9,274.5,561.5,262.9,604.6,702,1.132,7
810,76.526,-164.38,-28.625,0.7977,-0.488,-0.3542,-0.258,-0.8103,0.5262,-0.5438,-0.3284,-0.7723,25.5,0.0032,1.968,0.257,0.93832,270.3,583.8,276.2,562.4,264.4,605.5,703,0.418,7
811,78.222,-165.396,-29.339,0.8156,-0.4785,-0.3253,-0.2614,-0.8091,0.5264,-0.515,-0.3443,-0.785,25.5,0.0027,2.021,0.207,0.96177,272.0,584.7,277.9,563.4,265.9,606.4,703,1.686,7
812,79.956,-166.391,-29.992,0.8329,-0.4682,-0.2952,-0.2643,-0.8078,0.5269,-0.4852,-0.3609,-0.7965,25.5,0.0025,2.063,0.184,0.98673,273.6,585.7,279.7,564.4,267.5,607.3,704,0.018,7
813,81.723,-167.367,-30.582,0.8473,-0.4597,-0.2661,-0.2665,-0.8064,0.5279,-0.4573,-0.3763,-0.8058,25.5,0.0044,1.902,0.16,0.91447,275.4,586.6,281.4,565.3,269.2,608.2,705,1.77,7
814,83.518,-168.324,-31.113,0.8599,-0.4507,-0.2396,-0.2682,-0.805,0.5292,-0.4314,-0.3908,-0.8131,25.5,0.0054,1.751,0.147,0.83628,277.1,587.5,283.2,566.2,270.9,609.0,705,0.334,7
815,85.339,-169.262,-31.59,0.8716,-0.4408,-0.2146,-0.2694,-0.8034,0.531,-0.4065,-0.405,-0.819,25.5,0.0054,1.677,0.154,0.799,278.9,588.3,285.0,567.1,272.7,609.9,706,1.535,7
816,87.184,-170.178,-32.016,0.8827,-0.4298,-0.1902,-0.2702,-0.8017,0.5332,-0.3817,-0.4192,-0.8238,25.5,0.0047,1.66,0.166,0.78944,280.7,589.2,286.7,568.0,274.5,610.7,706,0.569,7
817,89.052,-171.069,-32.39,0.8935,-0.4174,-0.1655,-0.2707,-0.7997,0.5359,-0.356,-0.434,-0.8276,25.5,0.0032,1.713,0.195,0.80846,282.5,590.0,288.6,568.9,276.3,611.5,707,1.367,7
818,90.942,-171.932,-32.711,0.9045,-0.4033,-0.1389,-0.2709,-0.7975,0.5391,-0.3282,-0.45,-0.8306,25.5,0.0017,1.846,0.223,0.87347,284.3,590.9,290.4,569.8,278.2,612.3,707,0.736,7
819,92.855,-172.766,-32.972,0.9142,-0.39,-0.11,-0.2708,-0.795,0.5428,-0.2991,-0.4664,-0.8325,25.5,0.0028,1.917,0.256,0.90622,286.2,591.7,292.2,570.6,280.0,613.0,708,1.249,7
820,94.787,-173.572,-33.175,0.9228,-0.3762,-0.0827,-0.2706,-0.7922,0.547,-0.2713,-0.4824,-0.8329,25.5,0.0031,1.838,0.289,0.86579,288.1,592.4,294.1,571.5,282.0,613.7,708,0.854,7
821,96.736,-174.348,-33.321,0.9306,-0.3617,-0.0564,-0.2703,-0.7889,0.552,-0.2441,-0.4984,-0.8319,25.5,0.0027,1.809,0.344,0.84544,290.0,593.2,296.0,572.3,283.9,614.4,709,1.163,7
822,98.7,-175.092,-33.412,0.9378,-0.3459,-0.0304,-0.2698,-0.785,0.5576,-0.2167,-0.5147,-0.8295,25.5,0.0016,1.832,0.392,0.85186,291.9,593.9,297.9,573.1,285.9,615.0,709,0.94,7
823,100.68,-175.801,-33.448,0.9445,-0.3284,-0.004,-0.2694,-0.7806,0.564,-0.1883,-0.5316,-0.8258,25.5,0.0004,1.905,0.446,0.88217,293.8,594.6,299.8,573.9,287.8,615.7,710,1.095,7
824,102.673,-176.471,-33.426,0.9508,-0.3086,0.0276,-0.2689,-0.7755,0.5712,-0.1549,-0.5506,-0.8203,25.5,0.0006,2.224,0.506,1.0305,295.8,595.3,301.7,574.6,289.8,616.2,710,1.008,7
825,104.677,-177.099,-33.332,0.9557,-0.288,0.0608,-0.2686,-0.7696,0.5793,-0.12,-0.57,-0.8128,25.5,0.0002,2.328,0.574,1.07303,297.8,595.9,303.6,575.4,291.8,616.7,711,1.033,7
826,106.691,-177.682,-33.172,0.9594,-0.267,0.0911,-0.2683,-0.7628,0.5883,-0.0876,-0.5888,-0.8035,25.5,0.0001,2.212,0.647,1.00956,299.8,596.5,305.6,576.1,293.9,617.2,711,1.07,7
827,108.712,-178.222,-32.951,0.9621,-0.2461,0.1179,-0.2683,-0.7552,0.598,-0.0581,-0.607,-0.7926,25.5,0.0018,2.082,0.706,0.92894,301.8,597.0,307.5,576.8,295.9,617.6,712,0.97,7
828,110.737,-178.717,-32.679,0.964,-0.2255,0.1407,-0.2685,-0.7467,0.6086,-0.0322,-0.6245,-0.7804,25.5,0.0048,1.923,0.779,0.8389,303.8,597.5,309.5,577.5,297.9,617.9,712,1.134,7
829,112.765,-179.169,-32.354,0.9643,-0.2032,0.1697,-0.269,-0.7371,0.6199,-0.0009,-0.6434,-0.7655,25.5,0.0044,2.262,0.85,0.99688,305.8,598.0,311.5,578.2,299.9,618.2,713,0.905,7
830,114.792,-179.572,-31.967,0.9635,-0.1799,0.1981,-0.2699,-0.7265,0.6319,0.0302,-0.6624,-0.7486,25.5,0.0042,2.302,0.919,1.00118,307.8,598.4,313.5,578.9,302.0,618.4,713,1.2,7
831,116.817,-179.925,-31.523,0.9622,-0.1562,0.223,-0.2713,-0.7147,0.6446,0.0587,-0.6808,-0.7301,25.5,0.0057,2.214,0.997,0.93739,309.8,598.8,315.5,579.5,304.0,618.5,714,0.837,7
832,118.839,-180.228,-31.031,0.9606,-0.132,0.2445,-0.2732,-0.7018,0.6579,0.0847,-0.6989,-0.7102,25.5,0.0089,2.144,1.067,0.88312,311.8,599.2,317.5,580.1,306.0,618.6,714,1.268,7
833,120.857,-180.48,-30.496,0.9579,-0.1067,0.2666,-0.2757,-0.6875,0.6718,0.1116,-0.717,-0.6881,25.5,0.0116,2.248,1.152,0.91834,313.8,599.5,319.6,580.7,308.0,618.6,715,0.765,7
834,122.866,-180.677,-29.908,0.9531,-0.0807,0.2916,-0.2789,-0.672,0.686,0.1406,-0.7353,-0.663,25.5,0.0116,2.435,1.218,0.99148,315.9,599.7,321.6,581.3,310.0,618.5,715,1.339,7
835,124.866,-180.819,-29.272,0.9481,-0.0543,0.3133,-0.2828,-0.6551,0.7007,0.1672,-0.753,-0.6365,25.5,0.013,2.378,1.303,0.94113,317.9,599.9,323.7,581.9,311.9,618.3,716,0.688,7
836,126.854,-180.904,-28.593,0.943,-0.0271,0.3318,-0.2874,-0.6367,0.7155,0.1919,-0.7702,-0.6083,25.5,0.0164,2.363,1.378,0.90699,319.9,600.1,325.8,582.5,313.8,618.0,716,1.417,7
837,128.831,-180.932,-27.878,0.9367,0.0014,0.3501,-0.293,-0.617,0.7304,0.2171,-0.7869,-0.5776,25.5,0.0196,2.469,1.451,0.93872,321.9,600.2,327.9,583.0,315.7,617.7,717,0.601,7
838,130.792,-180.898,-27.119,0.928,0.0308,0.3712,-0.2995,-0.5957,0.7453,0.2441,-0.803,-0.5437,25.5,0.0196,2.649,1.535,1.01414,323.9,600.2,330.0,583.6,317.6,617.2,717,1.504,7
839,132.734,-180.802,-26.319,0.9193,0.0604,0.389,-0.307,-0.5729,0.76,0.2688,-0.8182,-0.5082,25.5,0.0212,2.627,1.613,0.97054,325.8,600.2,332.1,584.1,319.4,616.7,718,0.503,7
840,134.658,-180.644,-25.485,0.9106,0.0902,0.4034,-0.3156,-0.5485,0.7743,0.2912,-0.8326,-0.4711,25.5,0.0245,2.617,1.694,0.93248,327.8,600.1,334.2,584.6,321.2,616.0,718,1.602,7
841,136.563,-180.422,-24.622,0.8997,0.1217,0.4192,-0.3253,-0.5226,0.7881,0.3151,-0.8457,-0.4307,25.5,0.0259,2.793,1.771,1.00506,329.7,600.0,336.3,585.0,322.9,615.3,719,0.392,7
842,138.442,-180.132,-23.723,0.8872,0.1538,0.4351,-0.3361,-0.4952,0.8012,0.3387,-0.8573,-0.3877,25.5,0.0257,2.888,1.847,1.03385,331.6,599.8,338.5,585.5,324.6,614.4,719,1.713,7
843,140.295,-179.775,-22.795,0.8752,0.1851,0.4469,-0.3479,-0.4663,0.8133,0.359,-0.8677,-0.3438,25.5,0.0273,2.835,1.918,0.96831,333.5,599.5,340.6,585.9,326.3,613.4,720,0.268,7
844,142.124,-179.354,-21.846,0.864,0.2154,0.4552,-0.3608,-0.436,0.8244,0.3762,-0.8769,-0.2991,25.5,0.0304,2.795,1.991,0.90881,335.4,599.2,342.8,586.3,327.9,612.4,720,1.838,7
845,143.925,-178.868,-20.876,0.8491,0.2465,0.4671,-0.3747,-0.4046,0.8342,0.3948,-0.8838,-0.2513,25.5,0.0282,2.966,2.046,0.99402,337.3,598.8,345.0,586.7,329.4,611.2,721,0.134,7
846,145.695,-178.317,-19.884,0.8348,0.2783,0.4751,-0.3894,-0.372,0.8426,0.4114,-0.8887,-0.2023,25.5,0.0283,2.978,2.105,0.97477,339.1,598.4,347.1,587.0,330.9,610.0,721,1.973,7
847,147.436,-177.698,-18.88,0.821,0.3107,0.479,-0.405,-0.3387,0.8493,0.4263,-0.8917,-0.1523,25.5,0.0309,2.995,2.142,0.96544,340.9,597.9,349.3,587.3,332.3,608.6,722,0.021,7
848,149.147,-177.011,-17.868,0.805,0.3423,0.4845,-0.4212,-0.3047,0.8543,0.4402,-0.8922,-0.1011,25.5,0.0295,3.04,2.177,0.97668,342.7,597.3,351.4,587.6,333.7,607.2,723,1.949,7
849,150.822,-176.258,-16.845,0.7887,0.3739,0.488,-0.438,-0.2703,0.8574,0.4526,-0.8903,-0.0494,25.5,0.0281,3.049,2.201,0.97358,344.4,596.6,353.6,587.8,335.0,605.7,723,0.155,7
850,152.464,-175.438,-15.819,0.7732,0.4062,0.487,-0.4553,-0.2359,0.8585,0.4638,-0.8859,0.0025,25.5,0.0298,3.053,2.207,0.97658,346.1,595.9,355.7,587.9,336.3,604.1,724,1.8,7
851,154.074,-174.549,-14.798,0.7568,0.4385,0.4847,-0.4729,-0.2018,0.8577,0.4741,-0.8788,0.0547,25.5,0.0307,3.076,2.199,0.9891,347.8,595.1,357.8,588.0,337.6,602.4,724,0.304,7
852,155.647,-173.594,-13.78,0.7389,0.4694,0.4833,-0.4907,-0.1682,0.855,0.4828,-0.8693,0.1061,25.5,0.0283,3.036,2.184,0.97379,349.5,594.3,359.9,588.0,338.8,600.7,725,1.649,7
853,157.183,-172.575,-12.768,0.7223,0.5,0.4779,-0.5085,-0.1354,0.8503,0.4901,-0.8575,0.1565,25.5,0.0286,2.995,2.155,0.95994,351.1,593.4,362.0,587.9,339.9,598.9,725,0.455,7
854,158.685,-171.492,-11.773,0.7067,0.5302,0.4685,-0.5263,-0.1036,0.8439,0.4963,-0.8434,0.2059,25.5,0.0315,2.965,2.12,0.96095,352.7,592.4,364.0,587.8,341.1,597.1,726,1.496,7
855,160.152,-170.348,-10.793,0.6888,0.558,0.4628,-0.544,-0.073,0.8359,0.5005,-0.8278,0.2534,25.5,0.0286,2.875,2.077,0.91418,354.2,591.3,366.0,587.5,342.1,595.2,726,0.609,7
856,161.582,-169.144,-9.829,0.6709,0.587,0.4532,-0.5614,-0.0438,0.8264,0.5051,-0.8091,0.3003,25.5,0.0278,2.905,2.022,0.96477,355.7,590.2,367.9,587.2,343.2,593.3,727,1.342,7
857,162.974,-167.878,-8.889,0.6528,0.6169,0.4397,-0.5786,-0.016,0.8154,0.5102,-0.7871,0.3466,25.5,0.029,2.952,1.976,1.02089,357.2,589.1,369.8,586.8,344.2,591.4,727,0.762,7
858,164.328,-166.551,-7.98,0.6343,0.6448,0.4266,-0.5955,0.0102,0.8033,0.5138,-0.7639,0.3906,25.5,0.0285,2.858,1.916,0.97951,358.6,587.8,371.7,586.2,345.2,589.5,728,1.193,7
859,165.641,-165.167,-7.096,0.615,0.6715,0.4134,-0.612,0.0346,0.7901,0.5165,-0.7391,0.4324,25.5,0.0265,2.789,1.849,0.96702,360.0,586.5,373.5,585.6,346.1,587.5,728,0.912,7
860,166.913,-163.726,-6.243,0.595,0.6986,0.3974,-0.6282,0.0571,0.776,0.5196,-0.7116,0.473,25.5,0.0255,2.815,1.782,1.01609,361.3,585.2,375.3,584.8,347.0,585.5,729,1.049,7
861,168.143,-162.229,-5.426,0.5745,0.7253,0.3793,-0.6438,0.0777,0.7612,0.5228,-0.6817,0.5118,25.5,0.0248,2.813,1.706,1.04145,362.6,583.7,377.0,584.0,347.9,583.5,729,1.055,7
862,169.33,-160.68,-4.644,0.5547,0.748,0.3644,-0.659,0.0963,0.746,0.523,-0.654,0.5465,25.5,0.0217,2.544,1.629,0.91568,363.9,582.3,378.7,583.0,348.8,581.5,730,0.91,7
863,170.476,-159.082,-3.895,0.5342,0.7707,0.3473,-0.6736,0.113,0.7304,0.5238,-0.6242,0.5796,25.5,0.0191,2.553,1.554,0.95484,365.1,580.7,380.3,582.0,349.6,579.5,730,1.194,7
864,171.577,-157.438,-3.184,0.5128,0.7933,0.328,-0.6877,0.1276,0.7147,0.5253,-0.5922,0.6111,25.5,0.017,2.574,1.47,0.99794,366.3,579.2,381.9,580.8,350.3,577.5,731,0.772,7
865,172.632,-155.746,-2.517,0.4908,0.815,0.3078,-0.7012,0.1402,0.6991,0.5267,-0.5591,0.6404,25.5,0.0147,2.534,1.385,1.00609,367.4,577.5,383.4,579.5,351.1,575.5,731,1.332,7
866,173.642,-154.012,-1.887,0.47,0.8335,0.2905,-0.7141,0.1508,0.6836,0.526,-0.5287,0.6662,25.5,0.0113,2.285,1.305,0.89301,368.5,575.9,384.8,578.2,351.8,573.5,732,0.632,7
867,174.608,-152.241,-1.296,0.4487,0.8515,0.2712,-0.7265,0.1595,0.6684,0.5259,-0.4969,0.6903,25.5,0.0089,2.286,1.23,0.92409,369.5,574.1,386.2,576.7,352.5,571.5,732,1.473,7
868,175.529,-150.431,-0.748,0.4266,0.8693,0.2497,-0.7384,0.1664,0.6535,0.5266,-0.4632,0.7129,25.5,0.0072,2.325,1.162,0.97011,370.5,572.4,387.5,575.2,353.1,569.5,733,0.484,7
869,176.402,-148.585,-0.248,0.4033,0.8867,0.226,-0.7497,0.1714,0.6391,0.528,-0.4272,0.734,25.5,0.0059,2.392,1.087,1.02228,371.4,570.6,388.7,573.6,353.7,567.5,733,1.62,7
870,177.227,-146.704,0.206,0.3814,0.9012,0.206,-0.7606,0.1747,0.6253,0.5275,-0.3952,0.752,25.5,0.0038,2.104,1.025,0.89947,372.2,568.7,389.9,571.8,354.3,565.5,734,0.326,7
871,178.005,-144.795,0.618,0.359,0.9149,0.1847,-0.7709,0.1764,0.6121,0.5274,-0.3621,0.7686,25.5,0.0023,2.122,0.964,0.92126,373.1,566.8,391.0,570.1,354.8,563.6,734,1.78,7
872,178.736,-142.857,0.982,0.3358,0.928,0.1616,-0.7807,0.1764,0.5994,0.5277,-0.3275,0.7837,25.5,0.0016,2.163,0.919,0.96081,373.8,564.9,392.1,568.2,355.3,561.6,735,0.154,7
873,179.417,-140.892,1.296,0.3112,0.9405,0.1364,-0.7901,0.1749,0.5875,0.5287,-0.2906,0.7975,25.5,0.0013,2.258,0.873,1.01824,374.5,563.0,393.1,566.3,355.7,559.7,735,1.954,7
874,180.046,-138.903,1.556,0.2874,0.9513,0.1113,-0.799,0.1719,0.5762,0.5291,-0.2546,0.8095,25.5,0.002,2.174,0.842,0.98742,375.2,561.0,394.0,564.2,356.1,557.7,736,0.052,7
875,180.625,-136.892,1.765,0.2635,0.9607,0.0875,-0.8074,0.1676,0.5657,0.5288,-0.2198,0.8198,25.5,0.0022,2.08,0.809,0.95407,375.8,559.0,394.8,562.2,356.5,555.8,737,1.849,7
876,181.153,-134.863,1.924,0.2383,0.9691,0.0638,-0.8153,0.1619,0.5559,0.5284,-0.1845,0.8287,25.5,0.0019,2.086,0.792,0.96999,376.3,557.0,395.6,560.1,356.8,553.9,737,0.255,7
877,181.626,-132.817,2.033,0.2115,0.9766,0.0398,-0.8227,0.1549,0.5469,0.5279,-0.1485,0.8362,25.5,0.001,2.107,0.779,1.00131,376.8,555.0,396.3,557.9,357.1,552.0,738,1.617,7
878,182.041,-130.756,2.091,0.183,0.983,0.015,-0.8296,0.1468,0.5387,0.5274,-0.1111,0.8423,25.5,0.0006,2.172,0.77,1.04416,377.3,552.9,396.9,555.6,357.3,550.1,738,0.486,7
879,182.397,-128.684,2.095,0.1555,0.9878,-0.011,-0.8359,0.1375,0.5313,0.5263,-0.0735,0.8471,25.5,0.0,2.173,0.771,1.03944,377.6,550.8,397.4,553.4,357.5,548.3,739,1.364,7
880,182.696,-126.603,2.047,0.1292,0.991,-0.0338,-0.8418,0.1271,0.5247,0.5243,-0.0393,0.8506,25.5,0.0005,1.973,0.783,0.95243,377.9,548.7,397.9,551.0,357.6,546.4,739,0.739,7
881,182.941,-124.516,1.954,0.1036,0.9931,-0.0542,-0.8471,0.1157,0.5187,0.5214,-0.0078,0.8533,25.5,0.001,1.819,0.798,0.8938,378.1,546.7,398.3,548.7,357.7,544.6,740,1.085,7
882,183.132,-122.426,1.82,0.0779,0.9943,-0.0727,-0.8519,0.1035,0.5134,0.518,0.0219,0.8551,25.5,0.0008,1.716,0.81,0.86343,378.3,544.6,398.6,546.3,357.8,542.8,740,1.02,7
883,183.268,-120.335,1.648,0.0522,0.9944,-0.0919,-0.8562,0.0904,0.5086,0.5141,0.0522,0.8562,25.5,0.0015,1.752,0.836,0.87414,378.4,542.4,398.8,543.9,357.8,541.0,741,0.774,7
884,183.351,-118.245,1.434,0.0263,0.9933,-0.1123,-0.8601,0.0765,0.5044,0.5097,0.0834,0.8563,25.5,0.0033,1.805,0.861,0.89885,378.5,540.3,399.0,541.4,357.7,539.2,741,1.33,7
885,183.378,-116.158,1.177,-0.001,0.9913,-0.1315,-0.8634,0.0618,0.5008,0.5046,0.114,0.8558,25.5,0.0037,1.778,0.887,0.91106,378.5,538.2,399.1,539.0,357.6,537.5,742,0.426,7
886,183.346,-114.076,0.881,-0.0302,0.9882,-0.1499,-0.8661,0.0461,0.4977,0.4988,0.1449,0.8545,25.5,0.0029,1.803,0.93,0.94418,378.4,536.1,399.1,536.5,357.5,535.8,742,1.678,7
887,183.249,-112.002,0.547,-0.0624,0.9838,-0.1679,-0.8683,0.0294,0.4953,0.4922,0.1767,0.8524,25.5,0.0001,1.865,0.975,1.01237,378.3,534.0,399.0,534.0,357.3,534.1,743,0.036,7
888,183.082,-109.94,0.169,-0.0958,0.977,-0.1907,-0.8698,0.0116,0.4933,0.4842,0.2131,0.8486,25.5,0.0006,2.147,1.03,1.11745,378.1,532.0,398.9,531.5,357.1,532.4,744,1.699,7
889,182.847,-107.894,-0.252,-0.1278,0.9693,-0.21,-0.8706,-0.0072,0.4919,0.4753,0.2457,0.8448,25.5,0.001,1.949,1.081,1.03969,377.8,529.9,398.6,528.9,356.8,530.8,744,0.405,7
890,182.546,-105.864,-0.711,-0.1581,0.9614,-0.2254,-0.8707,-0.027,0.491,0.466,0.2739,0.8414,25.5,0.001,1.712,1.136,0.95081,377.5,527.8,398.3,526.4,356.4,529.3,745,1.203,7
891,182.183,-103.85,-1.198,-0.1867,0.9535,-0.2367,-0.8701,-0.0478,0.4905,0.4564,0.2975,0.8386,25.5,0.0008,1.469,1.193,0.86506,377.1,525.8,397.8,523.9,356.0,527.7,745,0.901,7
892,181.76,-101.856,-1.71,-0.2167,0.943,-0.2524,-0.8687,-0.0695,0.4904,0.4449,0.3255,0.8343,25.5,0.0011,1.752,1.246,0.966,376.6,523.8,397.3,521.3,355.6,526.3,746,0.651,7
893,181.272,-99.884,-2.257,-0.247,0.9317,-0.2664,-0.8665,-0.0921,0.4905,0.4325,0.352,0.8301,25.5,0.0025,1.694,1.301,0.96018,376.0,521.8,396.7,518.7,355.1,524.8,746,1.453,7
894,180.721,-97.937,-2.828,-0.2766,0.9204,-0.2763,-0.8635,-0.1156,0.491,0.42,0.3744,0.8267,25.5,0.0032,1.483,1.358,0.90448,375.4,519.8,396.0,516.2,354.6,523.4,747,0.053,7
895,180.109,-96.013,-3.416,-0.3059,0.9093,-0.2819,-0.8594,-0.1398,0.4918,0.4078,0.3928,0.8243,25.5,0.0029,1.272,1.407,0.86728,374.8,517.8,395.2,513.6,354.0,522.1,748,1.491,7
896,179.434,-94.114,-4.018,-0.3355,0.8957,-0.2919,-0.8544,-0.1648,0.4928,0.3933,0.4147,0.8206,25.5,0.0048,1.52,1.462,0.92852,374.0,515.9,394.4,511.1,353.4,520.8,748,0.612,7
897,178.698,-92.246,-4.64,-0.3648,0.8815,-0.2997,-0.8483,-0.1906,0.494,0.3784,0.4344,0.8174,25.5,0.0066,1.427,1.521,0.91229,373.2,514.0,393.4,508.6,352.8,519.5,749,0.775,7
898,177.9,-90.406,-5.274,-0.3942,0.8678,-0.3025,-0.8411,-0.217,0.4955,0.3644,0.4497,0.8155,25.5,0.0066,1.193,1.57,0.88708,372.4,512.1,392.4,506.0,352.1,518.3,749,1.328,7
899,177.04,-88.596,-5.909,-0.4243,0.8543,-0.3001,-0.8326,-0.2441,0.4972,0.3515,0.4608,0.8149,25.5,0.0045,0.976,1.63,0.90129,371.5,510.3,391.2,503.5,351.4,517.2,750,0.009,7
900,176.114,-86.817,-6.542,-0.4559,0.8369,-0.303,-0.8228,-0.2719,0.499,0.3352,0.4768,0.8126,25.5,0.0036,1.315,1.692,0.98612,370.5,508.5,390.0,501.0,350.7,516.1,751,1.253,7
901,175.123,-85.075,-7.18,-0.4861,0.8199,-0.3025,-0.8117,-0.3003,0.501,0.32,0.489,0.8115,25.5,0.0032,1.118,1.751,0.94438,369.4,506.7,388.7,498.6,349.9,515.0,751,0.85,7
902,174.07,-83.367,-7.81,-0.5148,0.8044,-0.2964,-0.799,-0.3292,0.5032,0.3072,0.4959,0.8122,25.5,0.0026,0.834,1.813,0.90419,368.3,505.0,387.2,496.1,349.1,514.0,752,0.331,7
903,172.958,-81.691,-8.423,-0.5428,0.7895,-0.2864,-0.7849,-0.3585,0.5054,0.2963,0.4991,0.8143,25.5,0.0017,0.662,1.867,0.90619,367.2,503.3,385.7,493.7,348.3,513.1,753,1.43,7
904,171.786,-80.051,-9.02,-0.5724,0.7704,-0.2809,-0.7692,-0.3881,0.5076,0.282,0.5066,0.8148,25.5,0.0013,0.926,1.924,0.97155,365.9,501.7,384.1,491.3,347.5,512.1,753,0.673,7
905,170.552,-78.45,-9.6,-0.601,0.7523,-0.2701,-0.7521,-0.4178,0.5097,0.2706,0.5094,0.8169,25.5,0.0,0.683,1.967,0.96802,364.6,500.0,382.4,489.0,346.7,511.3,754,0.348,7
906,169.259,-76.886,-10.152,-0.6279,0.7356,-0.2542,-0.7336,-0.4472,0.5116,0.2627,0.5077,0.8205,25.5,0.0016,0.507,1.993,0.96538,363.3,498.5,380.6,486.6,345.8,510.4,755,1.297,7
907,167.91,-75.358,-10.672,-0.6552,0.7159,-0.2413,-0.714,-0.4762,0.5133,0.2526,0.5086,0.8231,25.5,0.003,0.6,2.008,0.9824,361.9,496.9,378.7,484.4,344.9,509.6,755,0.806,7
908,166.505,-73.873,-11.164,-0.6806,0.6968,-0.2262,-0.6932,-0.5045,0.5147,0.2446,0.5072,0.8264,25.5,0.0038,0.502,2.014,0.95873,360.5,495.4,376.7,482.2,344.0,508.8,756,0.08,7
909,165.05,-72.425,-11.619,-0.7028,0.681,-0.2057,-0.6716,-0.5319,0.5157,0.2418,0.5006,0.8312,25.5,0.0037,0.494,2.0,0.92917,359.0,494.0,374.7,480.1,343.1,508.1,757,0.904,7
910,163.552,-71.007,-12.026,-0.7229,0.6661,-0.1834,-0.6494,-0.5583,0.5164,0.2416,0.4924,0.8362,25.5,0.0029,0.55,1.977,0.91327,357.5,492.5,372.6,478.0,342.1,507.3,757,1.199,7
911,162.009,-69.627,-12.395,-0.7438,0.6475,-0.1658,-0.6267,-0.5835,0.5165,0.2377,0.4881,0.8398,25.5,0.0027,0.391,1.943,0.90063,355.9,491.2,370.5,476.0,341.1,506.5,758,0.431,7
912,160.426,-68.281,-12.719,-0.761,0.6332,-0.1411,-0.6037,-0.6075,0.5163,0.2412,0.4781,0.8446,25.5,0.0019,0.666,1.905,0.90799,354.3,489.8,368.3,474.0,340.1,505.8,759,0.285,7
913,158.81,-66.961,-12.983,-0.7747,0.6228,-0.1091,-0.5806,-0.6302,0.5155,0.2524,0.4627,0.8498,25.5,0.0011,1.131,1.856,0.98993,352.7,488.5,366.1,472.2,339.0,505.0,760,0.949,7
914,157.168,-65.663,-13.179,-0.7887,0.6096,-0.0795,-0.5576,-0.6515,0.5144,0.2618,0.45,0.8538,25.5,0.0017,0.934,1.797,0.96204,351.0,487.2,363.9,470.3,337.9,504.3,760,1.154,7
915,155.495,-64.396,-13.317,-0.8013,0.5961,-0.0507,-0.5348,-0.6715,0.5128,0.2717,0.438,0.8569,25.5,0.0023,0.909,1.74,0.93219,349.4,485.9,361.7,468.6,336.8,503.5,761,0.54,7
916,153.8,-63.154,-13.39,-0.8103,0.5857,-0.0181,-0.5124,-0.6903,0.5108,0.2867,0.4232,0.8595,25.5,0.0016,1.217,1.68,0.96414,347.7,484.7,359.5,466.9,335.7,502.7,762,0.03,7
917,152.09,-61.93,-13.39,-0.8157,0.5782,0.0179,-0.4902,-0.7078,0.5086,0.3067,0.4061,0.8608,25.5,0.0003,1.51,1.625,1.01273,346.0,483.5,357.2,465.2,334.6,502.0,763,0.56,7
918,150.366,-60.727,-13.323,-0.8232,0.5658,0.0465,-0.4686,-0.7242,0.506,0.32,0.3947,0.8613,25.5,0.0005,1.004,1.561,0.87363,344.3,482.3,355.0,463.7,333.4,501.2,764,1.059,7
919,148.63,-59.549,-13.192,-0.8277,0.5555,0.0792,-0.4475,-0.7393,0.5031,0.338,0.381,0.8606,25.5,0.0004,1.297,1.496,0.94222,342.5,481.1,352.8,462.1,332.2,500.4,764,1.044,7
920,146.887,-58.389,-12.988,-0.8289,0.5475,0.1148,-0.4273,-0.7531,0.5002,0.3603,0.3655,0.8582,25.5,0.0007,1.562,1.412,0.99482,340.8,480.0,350.6,460.6,331.0,499.6,765,0.568,8
921,145.146,-57.244,-12.708,-0.8268,0.5415,0.1521,-0.4082,-0.7656,0.4971,0.3856,0.349,0.8541,25.5,0.0015,1.747,1.32,1.0309,339.1,478.8,348.4,459.2,329.7,498.8,766,0.11,8
922,143.408,-56.116,-12.349,-0.8258,0.5316,0.1884,-0.3905,-0.7768,0.4941,0.409,0.3345,0.849,25.5,0.0026,1.604,1.212,1.0257,337.4,477.7,346.3,457.8,328.5,497.9,767,0.337,8
923,141.673,-55.008,-11.919,-0.8236,0.5231,0.2193,-0.3742,-0.7865,0.4913,0.4294,0.3226,0.8435,25.5,0.0045,1.389,1.099,0.87532,335.7,476.6,344.2,456.5,327.2,497.1,768,0.775,8
924,139.944,-53.915,-11.433,-0.8211,0.5171,0.2416,-0.3599,-0.7948,0.4887,0.4447,0.3143,0.8387,25.5,0.0026,1.035,0.959,0.63304,334.1,475.6,342.2,455.2,325.8,496.2,769,1.211,8
925,138.22,-52.831,-10.909,-0.819,0.5139,0.2554,-0.3475,-0.8017,0.4864,0.4547,0.3095,0.8351,25.5,0.0032,0.668,0.824,0.39017,332.4,474.5,340.2,454.0,324.5,495.3,769,0.894,8
926,136.502,-51.754,-10.358,-0.8144,0.5101,0.2765,-0.3376,-0.807,0.4845,0.4703,0.3012,0.8295,25.5,0.0027,1.062,0.653,0.59796,330.7,473.5,338.3,452.8,323.0,494.4,770,0.453,8
927,134.796,-50.687,-9.746,-0.8084,0.5048,0.3027,-0.3301,-0.8109,0.4831,0.4894,0.2907,0.8222,25.5,0.0037,1.317,0.491,0.7462,329.1,472.4,336.5,451.6,321.6,493.5,771,0.036,8
928,133.098,-49.628,-9.093,-0.8053,0.5015,0.3162,-0.325,-0.8135,0.4823,0.4991,0.2856,0.8181,25.5,0.0063,0.67,0.331,0.38766,327.4,471.4,334.7,450.5,320.0,492.5,772,0.429,8
929,131.407,-48.576,-8.421,-0.8043,0.4994,0.322,-0.3224,-0.8148,0.4819,0.503,0.2837,0.8164,25.5,0.0076,0.267,0.168,0.17031,325.8,470.3,333.0,449.5,318.5,491.5,773,0.868,8
930,129.714,-47.527,-7.742,-0.805,0.4983,0.322,-0.3221,-0.8149,0.4819,0.5025,0.2842,0.8165,25.5,0.0084,0.041,0.018,0.03551,324.2,469.3,331.4,448.5,316.8,490.5,773,1.238,8
931,128.019,-46.479,-7.07,-0.8074,0.4981,0.3163,-0.324,-0.8139,0.4823,0.4977,0.2869,0.8185,25.5,0.0087,0.336,0.125,0.16856,322.5,468.3,329.8,447.5,315.1,489.4,774,0.805,8
932,126.316,-45.43,-6.416,-0.8117,0.4987,0.304,-0.3282,-0.8118,0.4831,0.4877,0.2924,0.8226,25.5,0.0084,0.695,0.273,0.35516,320.9,467.3,328.3,446.5,313.3,488.3,775,0.382,8
933,124.602,-44.38,-5.798,-0.8187,0.5002,0.2821,-0.3345,-0.8086,0.4841,0.4702,0.302,0.8293,25.5,0.006,1.206,0.409,0.62763,319.2,466.2,326.8,445.5,311.5,487.2,776,0.033,8
934,122.868,-43.325,-5.241,-0.8296,0.5028,0.243,-0.3428,-0.8043,0.4854,0.4395,0.3194,0.8396,25.5,0.0021,2.106,0.541,1.10777,317.5,465.2,325.3,444.6,309.6,486.1,777,0.435,8
935,121.116,-42.269,-4.768,-0.8383,0.5023,0.212,-0.3531,-0.799,0.4868,0.4139,0.3332,0.8471,25.5,0.0021,1.721,0.669,0.87844,315.8,464.2,323.9,443.7,307.6,484.9,778,0.83,8
936,119.345,-41.214,-4.354,-0.8461,0.5014,0.1809,-0.365,-0.7928,0.4881,0.3881,0.347,0.8538,25.5,0.0004,1.72,0.772,0.87415,314.1,463.1,322.5,442.8,305.5,483.7,779,1.214,8
937,117.558,-40.16,-4.011,-0.8531,0.5014,0.1443,-0.3782,-0.7858,0.4894,0.3588,0.3629,0.86,25.5,0.0007,1.943,0.859,1.01546,312.3,462.1,321.0,441.9,303.4,482.5,779,0.889,8
938,115.759,-39.104,-3.747,-0.8577,0.5027,0.1076,-0.3923,-0.7783,0.4902,0.3302,0.3783,0.8648,25.5,0.002,1.881,0.916,1.00858,310.5,461.0,319.6,441.1,301.3,481.2,780,0.513,8
939,113.953,-38.045,-3.555,-0.8603,0.5043,0.075,-0.4069,-0.7705,0.4906,0.3052,0.3916,0.8681,25.5,0.0017,1.633,0.949,0.89213,308.7,460.0,318.2,440.2,299.1,480.0,781,0.146,8
940,112.14,-36.986,-3.435,-0.8634,0.503,0.0386,-0.4218,-0.7626,0.4904,0.2762,0.4071,0.8706,25.5,0.0005,1.89,0.966,0.99603,306.9,458.9,316.8,439.4,296.9,478.7,782,0.213,8
941,110.323,-35.929,-3.392,-0.8647,0.5024,0.0029,-0.4369,-0.7546,0.4895,0.2481,0.422,0.872,25.5,0.0001,1.824,0.98,0.97355,305.1,457.9,315.4,438.5,294.7,477.5,783,0.564,8
942,108.505,-34.872,-3.423,-0.8641,0.5023,-0.0321,-0.4521,-0.7467,0.4879,0.2211,0.4361,0.8723,25.5,0.0001,1.745,0.986,0.95381,303.3,456.8,314.0,437.7,292.5,476.2,784,0.908,8
943,106.69,-33.815,-3.526,-0.8617,0.503,-0.0665,-0.4673,-0.7389,0.4854,0.1951,0.4493,0.8718,25.5,0.0013,1.671,0.989,0.93982,301.5,455.7,312.6,436.8,290.2,474.9,784,1.195,8
944,104.88,-32.759,-3.703,-0.8592,0.5014,-0.1017,-0.4824,-0.7314,0.482,0.1673,0.4633,0.8703,25.5,0.0013,1.786,0.985,0.96254,299.7,454.7,311.1,436.0,288.0,473.7,785,0.859,8
945,103.077,-31.706,-3.954,-0.8554,0.4997,-0.1363,-0.4975,-0.724,0.4778,0.1401,0.4765,0.868,25.5,0.0013,1.737,0.993,0.94961,297.9,453.6,309.7,435.1,285.8,472.4,786,0.532,8
946,101.284,-30.656,-4.276,-0.8499,0.4986,-0.1706,-0.5125,-0.7169,0.4726,0.1133,0.4891,0.8648,25.5,0.0025,1.707,0.996,0.94698,296.0,452.6,308.3,434.3,283.6,471.1,787,0.218,8
947,99.504,-29.609,-4.671,-0.8425,0.4979,-0.2056,-0.5274,-0.71,0.4666,0.0864,0.5016,0.8608,25.5,0.0051,1.715,1.002,0.97495,294.2,451.5,306.9,433.4,281.4,469.9,788,0.074,8
948,97.741,-28.563,-5.142,-0.8339,0.4962,-0.2415,-0.5422,-0.7033,0.4598,0.0584,0.5144,0.8556,25.5,0.0079,1.789,1.009,1.00705,292.5,450.5,305.5,432.5,279.2,468.7,789,0.331,8
949,95.997,-27.522,-5.687,-0.8247,0.4932,-0.2768,-0.5568,-0.6968,0.4522,0.0301,0.5271,0.8493,25.5,0.0096,1.814,1.014,0.99733,290.7,449.4,304.2,431.7,277.1,467.4,790,0.545,8
950,94.274,-26.488,-6.307,-0.8128,0.4906,-0.314,-0.5711,-0.6905,0.4439,0.001,0.5402,0.8415,25.5,0.014,1.882,1.014,1.0666,288.9,448.4,302.8,430.8,274.9,466.2,791,0.706,8
951,92.581,-25.459,-7.01,-0.7973,0.4881,-0.3551,-0.5849,-0.6846,0.435,-0.0308,0.5546,0.8315,25.5,0.0223,2.081,1.0,1.19885,287.2,447.4,301.4,429.9,272.8,465.0,792,0.803,8
952,90.924,-24.435,-7.805,-0.7778,0.4843,-0.4006,-0.5982,-0.6791,0.4255,-0.066,0.5709,0.8184,25.5,0.0341,2.346,0.988,1.35298,285.5,446.3,300.1,429.0,270.8,463.8,793,0.829,8
953,89.312,-23.423,-8.696,-0.7554,0.4782,-0.448,-0.6109,-0.674,0.4154,-0.1034,0.5881,0.8021,25.5,0.0469,2.537,0.975,1.43845,283.9,445.3,298.8,428.2,268.8,462.7,794,0.775,8
954,87.751,-22.424,-9.69,-0.7284,0.4716,-0.497,-0.6234,-0.6693,0.4043,-0.1423,0.6055,0.783,25.5,0.0625,2.676,0.995,1.53528,282.3,444.3,297.5,427.3,266.9,461.5,795,0.634,8
955,86.25,-21.44,-10.784,-0.6992,0.465,-0.543,-0.636,-0.6649,0.3917,-0.1794,0.6211,0.7629,25.5,0.0772,2.578,1.052,1.4957,280.7,443.3,296.3,426.4,265.0,460.4,796,0.405,8
956,84.813,-20.47,-11.975,-0.6666,0.4571,-0.5888,-0.6487,-0.6607,0.3777,-0.2173,0.6364,0.7401,25.5,0.092,2.682,1.109,1.54724,279.3,442.3,295.2,425.6,263.2,459.3,797,0.086,8
957,83.445,-19.519,-13.257,-0.6355,0.4466,-0.6298,-0.66,-0.6573,0.3638,-0.2529,0.6503,0.7163,25.5,0.1032,2.58,1.045,1.43129,277.8,441.4,294.0,424.7,261.5,458.2,798,0.331,8
958,82.137,-18.592,-14.618,-0.6092,0.4349,-0.6632,-0.6682,-0.6554,0.352,-0.2833,0.6617,0.6942,25.5,0.1114,2.25,0.83,1.20151,276.5,440.4,292.9,423.9,259.9,457.2,800,0.621,8
959,80.89,-17.687,-16.049,-0.5689,0.4271,-0.7028,-0.6719,-0.6557,0.3444,-0.3169,0.6748,0.6665,25.5,0.1398,2.606,0.485,1.55434,275.2,439.5,291.7,423.0,258.5,456.3,801,0.131,8
960,79.735,-16.798,-17.564,-0.5351,0.4184,-0.7339,-0.6707,-0.6584,0.3416,-0.3452,0.6846,0.642,25.5,0.1673,2.217,0.233,1.27407,274.0,438.6,290.4,422.0,257.3,455.4,803,0.089,8
961,78.622,-15.93,-19.123,-0.5274,0.406,-0.7463,-0.6656,-0.6629,0.3428,-0.361,0.6881,0.6295,25.5,0.1739,1.172,0.396,0.52179,272.8,437.8,289.1,421.0,256.3,454.6,805,0.151,8
962,77.501,-15.092,-20.693,-0.5423,0.3904,-0.744,-0.6576,-0.6685,0.3475,-0.3665,0.6868,0.6276,25.5,0.1629,0.342,0.621,0.59109,271.6,436.9,287.7,420.1,255.3,453.9,808,0.457,8
963,76.326,-14.291,-22.242,-0.5778,0.3709,-0.7271,-0.6474,-0.6745,0.3548,-0.3621,0.6819,0.6356,25.5,0.1341,0.594,0.797,1.19584,270.4,436.1,286.2,419.1,254.4,453.3,810,0.443,8
964,75.105,-13.531,-23.777,-0.5836,0.3523,-0.7317,-0.636,-0.6804,0.3639,-0.3731,0.684,0.6269,25.5,0.1348,0.812,0.902,0.54546,269.1,435.4,284.7,418.2,253.4,452.6,811,0.425,8
965,73.868,-12.806,-25.315,-0.5936,0.3375,-0.7306,-0.6238,-0.6861,0.3744,-0.3783,0.6842,0.6235,25.501,0.1348,0.356,0.978,0.48755,267.8,434.6,283.1,417.4,252.5,452.0,813,0.381,8
966,72.605,-12.109,-26.845,-0.6083,0.3261,-0.7237,-0.6111,-0.6914,0.3854,-0.378,0.6827,0.6253,25.501,0.1326,0.135,1.009,0.54058,266.5,433.9,281.4,416.6,251.5,451.5,814,0.082,9
967,71.307,-11.433,-28.355,-0.6272,0.3176,-0.7112,-0.5984,-0.6962,0.3965,-0.3723,0.6798,0.6319,25.501,0.1278,0.527,1.005,0.65938,265.2,433.3,279.8,415.8,250.5,450.9,815,0.394,9
968,69.965,-10.772,-29.833,-0.6498,0.3116,-0.6933,-0.586,-0.7007,0.4069,-0.3616,0.6755,0.6426,25.501,0.1197,0.901,0.962,0.80235,263.8,432.6,278.1,415.1,249.4,450.3,816,0.592,9
969,68.576,-10.126,-31.274,-0.669,0.3011,-0.6795,-0.5744,-0.7049,0.4162,-0.3558,0.6729,0.6485,25.501,0.1108,0.497,0.885,0.70499,262.4,432.0,276.3,414.3,248.3,449.8,817,0.673,9
970,67.153,-9.504,-32.691,-0.6842,0.2911,-0.6686,-0.5636,-0.7087,0.4244,-0.3522,0.6709,0.6526,25.501,0.1044,0.333,0.807,0.57788,261.0,431.3,274.6,413.6,247.1,449.2,818,0.641,9
971,65.699,-8.9,-34.085,-0.6986,0.284,-0.6568,-0.5534,-0.7124,0.4316,-0.347,0.6682,0.658,25.501,0.0992,0.457,0.746,0.54285,259.5,430.7,272.9,413.0,245.9,448.7,819,0.502,9
972,64.215,-8.308,-35.453,-0.7128,0.2792,-0.6435,-0.5436,-0.7159,0.4382,-0.3399,0.665,0.665,25.501,0.0944,0.6,0.706,0.54591,258.0,430.1,271.1,412.3,244.7,448.2,820,0.27,9
973,62.7,-7.724,-36.79,-0.7275,0.2765,-0.6279,-0.5339,-0.7194,0.4442,-0.3302,0.6611,0.6737,25.501,0.0894,0.779,0.684,0.58857,256.4,429.6,269.3,411.7,243.4,447.7,821,0.034,9
974,61.154,-7.143,-38.092,-0.7436,0.2759,-0.609,-0.5242,-0.7229,0.4501,-0.3172,0.6563,0.6846,25.5,0.0838,1.01,0.681,0.67662,254.9,429.0,267.5,411.0,242.1,447.2,822,0.377,9
975,59.573,-6.566,-39.352,-0.7595,0.2712,-0.5912,-0.5142,-0.7264,0.4559,-0.3067,0.6522,0.6932,25.5,0.076,0.812,0.692,0.66299,253.3,428.4,265.7,410.4,240.8,446.7,823,0.743,9
976,57.96,-6.002,-40.577,-0.7749,0.2654,-0.5737,-0.5039,-0.73,0.4617,-0.297,0.6484,0.701,25.5,0.0681,0.746,0.708,0.65448,251.7,427.9,263.8,409.7,239.4,446.2,824,1.104,9
977,56.314,-5.448,-41.763,-0.7909,0.2621,-0.5529,-0.4931,-0.7337,0.4675,-0.2837,0.6436,0.7109,25.5,0.0608,0.989,0.734,0.72066,250.0,427.3,261.9,409.1,238.0,445.8,824,1.0,9
978,54.632,-4.898,-42.9,-0.8084,0.2613,-0.5275,-0.4818,-0.7375,0.4732,-0.2657,0.6376,0.7231,25.5,0.0528,1.292,0.757,0.84061,248.4,426.8,259.9,408.5,236.6,445.3,825,0.666,9
979,52.912,-4.347,-43.977,-0.8279,0.2635,-0.4951,-0.4701,-0.7415,0.4788,-0.2412,0.6297,0.7384,25.499,0.0432,1.716,0.778,1.03215,246.6,426.2,257.9,407.9,235.2,444.9,826,0.381,9
980,51.148,-3.79,-44.977,-0.8498,0.2642,-0.4561,-0.4578,-0.7456,0.4842,-0.2122,0.6205,0.7549,25.499,0.0288,1.983,0.805,1.21912,244.9,425.7,255.9,407.2,233.8,444.4,827,0.165,9
981,49.338,-3.237,-45.892,-0.8717,0.2621,-0.4141,-0.445,-0.75,0.4894,-0.1823,0.6109,0.7704,25.498,0.0113,2.007,0.831,1.29213,243.1,425.2,253.8,406.6,232.3,444.0,828,0.032,9
982,47.484,-2.685,-46.716,-0.8916,0.2633,-0.3685,-0.4316,-0.7545,0.4944,-0.1479,0.5999,0.7863,25.498,0.004,2.261,0.859,1.35618,241.3,424.6,251.6,406.0,230.8,443.5,829,0.031,9
983,45.591,-2.127,-47.442,-0.9078,0.2683,-0.3225,-0.4175,-0.7593,0.4992,-0.111,0.5878,0.8013,25.497,0.0143,2.385,0.897,1.33599,239.4,424.1,249.4,405.3,229.3,443.1,830,0.019,9
984,43.666,-1.56,-48.071,-0.9233,0.2694,-0.2739,-0.4028,-0.7643,0.5036,-0.0737,0.5755,0.8144,25.496,0.0281,2.372,0.925,1.39034,237.5,423.5,247.2,404.7,227.8,442.6,831,0.068,9
985,41.71,-0.992,-48.592,-0.9365,0.2715,-0.222,-0.3874,-0.7695,0.5078,-0.033,0.562,0.8265,25.495,0.0411,2.553,0.962,1.46051,235.6,423.0,244.9,404.0,226.2,442.2,832,0.212,9
986,39.73,-0.415,-49.004,-0.9454,0.2786,-0.1693,-0.3712,-0.775,0.5115,0.0113,0.547,0.837,25.494,0.0484,2.747,1.003,1.46924,233.7,422.4,242.6,403.3,224.7,441.8,833,0.418,9
987,37.737,0.184,-49.304,-0.9496,0.2918,-0.1147,-0.3544,-0.7807,0.5146,0.0606,0.53,0.8458,25.493,0.0497,3.031,1.032,1.53505,231.7,421.8,240.2,402.6,223.1,441.3,834,0.681,9
988,35.738,0.81,-49.482,-0.9515,0.3025,-0.0557,-0.337,-0.7868,0.5172,0.1128,0.5116,0.8518,25.491,0.0538,3.19,1.067,1.63511,229.8,421.2,237.8,401.8,221.6,440.9,836,0.731,9
989,33.735,1.446,-49.545,-0.9538,0.3004,-0.0065,-0.3191,-0.793,0.519,0.1511,0.4981,0.8539,25.489,0.0628,2.33,1.09,1.34353,227.8,420.6,235.5,401.1,220.1,440.4,837,0.315,9
990,31.726,2.067,-49.52,-0.9572,0.2881,0.0273,-0.3008,-0.7994,0.5202,0.1722,0.491,0.854,25.488,0.0718,1.276,1.113,0.98441,225.9,420.0,233.1,400.3,218.6,439.9,838,0.14,9
991,29.715,2.668,-49.401,-0.9547,0.2849,0.0858,-0.2823,-0.8058,0.5206,0.2183,0.4745,0.8528,25.486,0.0846,2.806,1.122,1.59844,223.9,419.4,230.7,399.6,217.1,439.5,839,0.62,9
992,27.709,3.262,-49.183,-0.9531,0.2795,0.1166,-0.2638,-0.8122,0.5203,0.241,0.4668,0.8509,25.485,0.0851,1.378,1.122,0.85299,222.0,418.8,228.3,398.8,215.6,439.1,841,0.466,9
993,25.703,3.841,-48.929,-0.955,0.2705,0.1216,-0.2455,-0.8185,0.5194,0.2407,0.4675,0.8506,25.484,0.0762,0.047,1.11,0.28522,220.0,418.3,225.9,398.1,214.1,438.7,842,0.1,9
994,23.69,4.397,-48.688,-0.9607,0.2576,0.1036,-0.2278,-0.8246,0.5179,0.2192,0.4748,0.8524,25.484,0.0601,1.305,1.076,0.62303,218.1,417.7,223.5,397.4,212.5,438.3,843,0.601,9
995,21.661,4.92,-48.507,-0.9689,0.2356,0.0759,-0.2109,-0.8303,0.5159,0.1848,0.4844,0.8551,25.485,0.0479,2.052,1.028,0.98943,216.1,417.2,221.1,396.8,211.0,437.9,845,0.453,9
996,19.617,5.385,-48.341,-0.9747,0.2092,0.0792,-0.195,-0.8356,0.5135,0.1738,0.4858,0.8566,25.487,0.0559,0.641,0.97,0.74193,214.1,416.8,218.8,396.2,209.4,437.6,846,0.083,9
997,17.563,5.812,-48.188,-0.9778,0.2,0.0629,-0.1803,-0.8406,0.5108,0.1551,0.4885,0.8587,25.491,0.0403,1.089,0.903,0.51693,212.1,416.3,216.4,395.7,207.7,437.3,847,0.533,9
998,15.506,6.238,-48.09,-0.9777,0.2082,0.0279,-0.1668,-0.8451,0.5079,0.1293,0.4919,0.861,25.496,0.0013,1.497,0.832,0.97946,210.1,415.9,214.1,395.1,206.0,437.0,849,0.74,9
999,13.455,6.698,-48.082,-0.9726,0.2315,-0.0227,-0.1546,-0.8492,0.5048,0.0978,0.4953,0.8632,25.503,0.0577,1.82,0.759,1.52465,208.1,415.5,211.8,394.6,204.3,436.7,850,0.407,9
1000,11.419,7.209,-48.198,-0.9643,0.2492,-0.0899,-0.1439,-0.853,0.5018,0.0487,0.5003,0.8645,25.513,0.1189,2.829,0.673,1.90753,206.1,415.0,209.6,394.0,202.6,436.3,851,0.15,9
1001,9.399,7.742,-48.442,-0.9564,0.258,-0.1369,-0.1346,-0.8563,0.4987,0.0116,0.5019,0.8649,25.525,0.1605,2.128,0.593,1.32065,204.2,414.5,207.4,393.4,200.8,435.8,852,0.064,9
1002,7.395,8.294,-48.757,-0.9506,0.2666,-0.1592,-0.1265,-0.8592,0.4957,-0.0047,0.5003,0.8659,25.538,0.1877,0.94,0.522,0.67009,202.2,413.9,205.3,392.8,199.1,435.4,853,0.138,9
1003,5.399,8.864,-49.096,-0.9478,0.2757,-0.1603,-0.1195,-0.8618,0.4929,-0.0023,0.4967,0.8679,25.554,0.2033,0.273,0.457,0.2611,200.3,413.4,203.2,392.1,197.3,434.9,854,0.144,9
1004,3.406,9.454,-49.417,-0.9479,0.2858,-0.1407,-0.1134,-0.8642,0.4903,0.019,0.4915,0.8707,25.572,0.2085,1.266,0.404,0.60078,198.3,412.8,201.1,391.5,195.5,434.4,855,0.081,9
1005,1.412,10.066,-49.672,-0.949,0.2976,-0.1039,-0.1081,-0.8662,0.4879,0.0564,0.4846,0.8729,25.592,0.2059,2.183,0.352,1.05401,196.4,412.2,199.0,390.8,193.7,433.9,856,0.079,9
1006,-0.578,10.708,-49.9,-0.9439,0.3112,-0.11,-0.1033,-0.868,0.4857,0.0571,0.4824,0.8741,25.614,0.226,0.149,0.32,0.42912,194.4,411.6,197.0,390.2,191.8,433.3,857,0.255,9
1007,-2.561,11.373,-50.127,-0.9414,0.3207,-0.1042,-0.0992,-0.8695,0.4839,0.0665,0.4794,0.8751,25.638,0.2359,0.568,0.271,0.31074,192.5,410.9,195.0,389.5,190.0,432.7,858,0.441,9
1008,-4.54,12.055,-50.33,-0.9407,0.328,-0.0862,-0.0956,-0.8707,0.4825,0.0856,0.4757,0.8754,25.664,0.2373,1.115,0.232,0.52956,190.6,410.3,193.0,388.8,188.2,432.1,859,0.637,10
1009,-6.52,12.751,-50.478,-0.9414,0.3336,-0.0501,-0.0924,-0.8716,0.4814,0.1201,0.4702,0.8744,25.692,0.2279,2.003,0.201,0.99526,188.7,409.6,191.0,388.0,186.3,431.4,860,0.845,10
1010,-8.5,13.457,-50.514,-0.9413,0.3366,0.0254,-0.0898,-0.8722,0.4808,0.1877,0.4592,0.8683,25.72,0.1968,3.94,0.157,2.05948,186.7,408.9,189.0,387.3,184.4,430.8,861,1.067,10
1011,-10.468,14.168,-50.328,-0.9272,0.3421,0.1527,-0.0876,-0.8726,0.4806,0.3008,0.4368,0.8478,25.75,0.1439,6.713,0.129,3.49875,184.8,408.2,187.1,386.6,182.5,430.1,861,1.036,10
1012,-12.382,14.889,-49.852,-0.8915,0.3408,0.2985,-0.0858,-0.8726,0.4809,0.4256,0.4043,0.8096,25.78,0.0773,7.712,0.105,4.09824,183.0,407.5,185.2,385.9,180.7,429.5,862,0.786,10
1013,-14.213,15.593,-49.098,-0.8421,0.3278,0.4283,-0.0844,-0.8724,0.4815,0.5315,0.3693,0.7623,25.808,0.0087,6.946,0.088,3.8064,181.2,406.8,183.4,385.2,178.9,428.8,863,0.446,10
1014,-15.897,16.259,-48.034,-0.7569,0.304,0.5785,-0.0834,-0.8719,0.4825,0.653,0.3179,0.6874,25.832,0.0772,8.7,0.086,4.76165,179.5,406.2,181.7,384.5,177.3,428.1,864,0.113,10
1015,-17.388,16.867,-46.685,-0.6617,0.2748,0.6976,-0.0827,-0.8713,0.4838,0.7495,0.2655,0.6064,25.852,0.1528,7.824,0.091,4.23861,178.1,405.6,180.2,383.9,175.8,427.6,865,1.046,10
1016,-18.698,17.419,-45.136,-0.5893,0.251,0.7679,-0.0823,-0.8705,0.4852,0.807,0.2275,0.545,25.866,0.2026,5.291,0.095,2.82743,176.8,405.0,178.9,383.3,174.5,427.0,865,1.063,10
1017,-19.882,17.928,-43.475,-0.5355,0.2331,0.8117,-0.082,-0.8697,0.4867,0.8433,0.1997,0.4989,25.878,0.2362,3.721,0.099,1.95306,175.6,404.5,177.8,382.8,173.4,426.5,866,0.436,10
1018,-20.947,18.397,-41.724,-0.4779,0.2134,0.8521,-0.0818,-0.8689,0.4882,0.8771,0.1699,0.4493,25.886,0.2697,3.84,0.098,1.99153,174.5,404.0,176.7,382.3,172.3,426.0,866,1.672,10
1019,-21.893,18.826,-39.896,-0.4229,0.194,0.8851,-0.0817,-0.868,0.4898,0.9049,0.1414,0.4014,25.892,0.2997,3.569,0.105,1.8265,173.6,403.6,175.8,381.9,171.3,425.6,867,0.579,10
1020,-22.734,19.216,-38.01,-0.3789,0.1783,0.9081,-0.0816,-0.8671,0.4913,0.9245,0.1184,0.3625,25.896,0.3225,2.823,0.1,1.41931,172.7,403.2,174.9,381.5,170.5,425.2,867,1.524,10
1021,-23.494,19.578,-36.082,-0.3449,0.1662,0.9238,-0.0816,-0.8662,0.4929,0.9379,0.1006,0.332,25.898,0.3395,2.164,0.105,1.07234,172.0,402.8,174.2,381.1,169.7,424.8,868,1.657,10
1022,-24.19,19.917,-34.127,-0.3184,0.1569,0.9349,-0.0816,-0.8653,0.4945,0.9474,0.0867,0.3082,25.898,0.3525,1.67,0.105,0.82292,171.3,402.5,173.5,380.7,169.0,424.5,868,0.448,10
1023,-24.837,20.239,-32.152,-0.2979,0.1497,0.9428,-0.0817,-0.8644,0.4961,0.9542,0.0759,0.2895,25.897,0.3627,1.297,0.105,0.62981,170.6,402.1,172.8,380.4,168.3,424.1,868,2.551,10
1024,-25.446,20.548,-30.163,-0.2819,0.1442,0.9485,-0.0818,-0.8635,0.4977,0.9591,0.0675,0.2748,25.894,0.3706,1.01,0.105,0.48648,170.0,401.8,172.2,380.1,167.7,423.8,869,1.685,10
1025,-26.023,20.846,-28.163,-0.2651,0.1381,0.9543,-0.082,-0.8626,0.4993,0.964,0.0585,0.2593,25.891,0.3791,1.065,0.106,0.512,169.4,401.5,171.6,379.8,167.1,423.5,869,0.418,10
1026,-26.561,21.128,-26.152,-0.2472,0.1313,0.96,-0.0821,-0.8616,0.5009,0.9688,0.0488,0.2428,25.888,0.388,1.131,0.108,0.54478,168.8,401.2,171.1,379.5,166.5,423.2,869,2.52,10
1027,-27.066,21.399,-24.127,-0.2337,0.1263,0.9641,-0.0822,-0.8607,0.5025,0.9722,0.0415,0.2303,25.883,0.395,0.852,0.105,0.40755,168.3,400.9,170.6,379.2,166.0,422.9,870,2.649,10
1028,-27.546,21.66,-22.096,-0.2234,0.1226,0.967,-0.0824,-0.8597,0.5041,0.9747,0.036,0.2206,25.878,0.4005,0.655,0.109,0.30843,167.8,400.6,170.1,378.9,165.5,422.6,870,0.546,10
1029,-28.008,21.915,-20.061,-0.2155,0.1199,0.9691,-0.0826,-0.8587,0.5057,0.9765,0.0317,0.2133,25.873,0.4049,0.496,0.109,0.23461,167.3,400.3,169.6,378.7,165.0,422.3,870,1.557,10
1030,-28.454,22.165,-18.021,-0.2095,0.1181,0.9706,-0.0828,-0.8577,0.5074,0.9778,0.0285,0.2076,25.868,0.4085,0.382,0.114,0.1755,166.8,400.1,169.1,378.4,164.5,422.0,870,3.66,10
1031,-28.89,22.412,-15.978,-0.2051,0.1169,0.9717,-0.083,-0.8568,0.509,0.9787,0.0261,0.2034,25.861,0.4115,0.282,0.106,0.12782,166.4,399.8,168.7,378.1,164.0,421.7,871,2.233,10
1032,-29.318,22.657,-13.934,-0.2019,0.1163,0.9725,-0.0832,-0.8557,0.5107,0.9794,0.0244,0.2004,25.855,0.4139,0.202,0.117,0.09132,165.9,399.5,168.2,377.9,163.5,421.5,871,0.14,10
1033,-29.74,22.902,-11.888,-0.2,0.1162,0.9729,-0.0834,-0.8547,0.5123,0.9798,0.0234,0.1986,25.848,0.4158,0.12,0.109,0.05296,165.5,399.2,167.8,377.6,163.1,421.2,871,1.974,10
1034,-30.159,23.146,-9.842,-0.199,0.1166,0.973,-0.0836,-0.8537,0.514,0.98,0.0231,0.1977,25.841,0.4172,0.056,0.114,0.02943,165.0,399.0,167.4,377.4,162.6,420.9,871,4.077,10
1035,-30.578,23.393,-7.795,-0.1991,0.1175,0.9729,-0.0838,-0.8526,0.5157,0.98,0.0233,0.1978,25.834,0.4182,0.013,0.117,0.02481,164.6,398.7,166.9,377.1,162.2,420.6,872,2.317,10
1036,-30.997,23.64,-5.753,-0.1983,0.1179,0.973,-0.0841,-0.8516,0.5175,0.9801,0.0229,0.197,25.827,0.4198,0.051,0.119,0.02455,164.1,398.4,166.5,376.8,161.7,420.3,872,0.217,10
1037,-31.406,23.886,-3.702,-0.191,0.1152,0.9748,-0.0844,-0.8505,0.5192,0.9816,0.0187,0.1901,25.819,0.4243,0.471,0.117,0.21744,163.7,398.2,166.0,376.6,161.2,420.1,872,1.888,10
1038,-31.801,24.126,-1.653,-0.1853,0.1132,0.9761,-0.0846,-0.8494,0.5209,0.9827,0.0154,0.1848,25.812,0.428,0.363,0.117,0.16849,163.2,397.9,165.6,376.3,160.8,419.8,872,3.99,10
1039,-32.187,24.362,0.404,-0.181,0.1118,0.9771,-0.0849,-0.8483,0.5227,0.9835,0.0129,0.1807,25.804,0.4313,0.279,0.122,0.12602,162.8,397.6,165.2,376.1,160.4,419.5,873,2.677,10
1040,-32.563,24.596,2.458,-0.1777,0.1109,0.9778,-0.0852,-0.8471,0.5245,0.984,0.011,0.1776,25.796,0.4341,0.21,0.125,0.09521,162.4,397.4,164.8,375.8,159.9,419.2,873,0.576,10
1041,-32.935,24.829,4.516,-0.1754,0.1104,0.9783,-0.0855,-0.846,0.5264,0.9844,0.0096,0.1754,25.788,0.4366,0.151,0.127,0.06551,162.0,397.1,164.4,375.6,159.5,419.0,873,1.529,10
1042,-33.302,25.061,6.573,-0.174,0.1103,0.9786,-0.0858,-0.8448,0.5282,0.9847,0.0088,0.1741,25.78,0.4386,0.089,0.125,0.0391,161.6,396.8,164.0,375.3,159.1,418.7,873,3.631,10
1043,-33.667,25.293,8.632,-0.1734,0.1105,0.9786,-0.0862,-0.8435,0.5301,0.9848,0.0084,0.1735,25.771,0.4405,0.042,0.134,0.01708,161.2,396.6,163.6,375.1,158.7,418.4,874,3.083,10
1044,-34.032,25.526,10.69,-0.1735,0.1112,0.9785,-0.0865,-0.8423,0.532,0.9848,0.0085,0.1736,25.763,0.4419,0.008,0.13,0.01945,160.8,396.3,163.3,374.9,158.2,418.1,874,0.98,10
1045,-34.397,25.761,12.748,-0.1743,0.1122,0.9783,-0.0869,-0.841,0.534,0.9846,0.009,0.1744,25.755,0.4432,0.055,0.139,0.03528,160.4,396.1,162.9,374.6,157.8,417.8,874,1.124,10
1046,-34.766,25.998,14.805,-0.176,0.1136,0.9778,-0.0873,-0.8397,0.5359,0.9843,0.01,0.176,25.746,0.444,0.109,0.134,0.06151,159.9,395.8,162.5,374.4,157.4,417.6,874,3.227,10
1047,-35.138,26.239,16.861,-0.1785,0.1154,0.9772,-0.0877,-0.8384,0.5379,0.9839,0.0116,0.1783,25.738,0.4445,0.162,0.139,0.08547,159.5,395.5,162.1,374.1,157.0,417.3,875,3.305,10
1048,-35.517,26.484,18.915,-0.1819,0.1177,0.9763,-0.0881,-0.8371,0.54,0.9833,0.0136,0.1815,25.729,0.4447,0.219,0.143,0.1145,159.1,395.2,161.7,373.8,156.5,417.0,875,1.202,10
1049,-35.904,26.734,20.968,-0.1863,0.1206,0.9751,-0.0885,-0.8357,0.5421,0.9825,0.0164,0.1857,25.721,0.4443,0.293,0.146,0.14717,158.7,395.0,161.2,373.6,156.1,416.7,875,0.903,10
1050,-36.301,26.992,23.016,-0.192,0.1241,0.9735,-0.089,-0.8342,0.5442,0.9814,0.0199,0.191,25.712,0.4433,0.369,0.151,0.18742,158.2,394.7,160.8,373.3,155.6,416.3,875,3.005,10
1051,-36.712,27.257,25.062,-0.1991,0.1284,0.9715,-0.0894,-0.8328,0.5464,0.98,0.0244,0.1976,25.703,0.4417,0.465,0.151,0.23254,157.8,394.4,160.4,373.0,155.1,416.0,876,3.115,10
1052,-37.14,27.532,27.101,-0.206,0.1329,0.9695,-0.0899,-0.8313,0.5486,0.9785,0.0288,0.204,25.695,0.4399,0.453,0.155,0.23115,157.3,394.0,159.9,372.8,154.6,415.7,876,1.014,10
1053,-37.574,27.814,29.14,-0.2069,0.1349,0.969,-0.0904,-0.8297,0.5508,0.9784,0.0294,0.2048,25.686,0.4405,0.057,0.158,0.06128,156.8,393.7,159.5,372.5,154.1,415.3,876,1.09,10
1054,-38.01,28.1,31.177,-0.2086,0.1372,0.9683,-0.0909,-0.8281,0.5531,0.978,0.0305,0.2064,25.677,0.4409,0.114,0.163,0.08023,156.3,393.4,159.0,372.2,153.6,415.0,876,3.193,10
1055,-38.452,28.391,33.212,-0.2112,0.1397,0.9674,-0.0915,-0.8265,0.5555,0.9774,0.0321,0.2088,25.669,0.4413,0.169,0.169,0.10129,155.8,393.1,158.5,371.9,153.1,414.6,877,2.302,10
1056,-38.899,28.688,35.245,-0.2148,0.1425,0.9662,-0.0921,-0.8248,0.5579,0.9767,0.0344,0.2121,25.66,0.4413,0.234,0.172,0.12849,155.3,392.7,158.0,371.6,152.6,414.3,877,0.211,10
1057,-39.356,28.991,37.276,-0.2195,0.1456,0.9647,-0.0927,-0.823,0.5604,0.9756,0.0374,0.2163,25.652,0.4411,0.302,0.18,0.15875,154.8,392.4,157.5,371.3,152.0,413.9,877,1.906,10
1058,-39.823,29.3,39.303,-0.2252,0.1491,0.9628,-0.0934,-0.8212,0.563,0.9743,0.0411,0.2216,25.643,0.4406,0.378,0.186,0.18944,154.3,392.0,157.0,370.9,151.5,413.5,878,2.901,10
1059,-40.304,29.618,41.325,-0.2323,0.1528,0.9606,-0.0941,-0.8193,0.5656,0.9726,0.0456,0.2279,25.634,0.44,0.454,0.189,0.22621,153.7,391.7,156.5,370.6,150.9,413.1,878,0.799,10
1060,-40.801,29.944,43.342,-0.2407,0.157,0.9578,-0.0949,-0.8173,0.5684,0.9705,0.0511,0.2355,25.626,0.4389,0.551,0.202,0.26701,153.2,391.3,156.0,370.3,150.3,412.7,878,1.306,10
1061,-41.317,30.278,45.353,-0.2506,0.1616,0.9545,-0.0957,-0.8152,0.5712,0.968,0.0576,0.2443,25.618,0.4375,0.643,0.206,0.31078,152.6,390.9,155.5,369.9,149.7,412.3,879,2.854,10
1062,-41.856,30.623,47.356,-0.2621,0.1667,0.9505,-0.0966,-0.813,0.5741,0.9648,0.0652,0.2546,25.609,0.4355,0.756,0.215,0.35972,152.0,390.5,154.9,369.6,149.1,411.8,879,0.751,10
1063,-42.421,30.98,49.35,-0.2755,0.1722,0.9457,-0.0975,-0.8108,0.5772,0.961,0.0741,0.2665,25.601,0.4331,0.879,0.224,0.41564,151.4,390.1,154.3,369.2,148.4,411.4,879,1.353,10
1064,-43.012,31.349,51.334,-0.2859,0.1791,0.9414,-0.0985,-0.8084,0.5803,0.9579,0.081,0.2755,25.592,0.4297,0.674,0.232,0.35978,150.7,389.7,153.7,368.9,147.7,410.9,880,2.203,10
1065,-43.623,31.733,53.309,-0.2954,0.186,0.9371,-0.0997,-0.8059,0.5835,0.9549,0.0873,0.2837,25.584,0.4264,0.617,0.243,0.34063,150.0,389.3,153.0,368.5,147.0,410.4,880,0.104,10
1066,-44.256,32.131,55.275,-0.3062,0.1922,0.9324,-0.1009,-0.8033,0.5869,0.9514,0.0946,0.293,25.576,0.4237,0.706,0.255,0.36263,149.3,388.9,152.4,368.1,146.3,409.9,880,2.004,10
1067,-44.912,32.541,57.23,-0.3186,0.1978,0.927,-0.1022,-0.8006,0.5905,0.9472,0.103,0.3035,25.568,0.4216,0.807,0.268,0.39883,148.6,388.4,151.7,367.7,145.5,409.4,881,0.989,10
1068,-45.597,32.962,59.174,-0.3328,0.2028,0.9209,-0.1036,-0.7977,0.5941,0.9422,0.1127,0.3156,25.56,0.4198,0.934,0.277,0.44259,147.9,387.9,151.0,367.3,144.7,408.9,881,1.115,10
1069,-46.314,33.393,61.103,-0.3493,0.2071,0.9138,-0.1052,-0.7946,0.598,0.9359,0.1241,0.3296,25.553,0.4186,1.096,0.3,0.50325,147.1,387.4,150.2,366.9,143.8,408.3,882,1.358,10
1070,-47.068,33.833,63.016,-0.3686,0.2106,0.9054,-0.107,-0.7913,0.602,0.9281,0.1376,0.3458,25.545,0.4178,1.288,0.314,0.58132,146.2,386.9,149.5,366.5,142.9,407.8,882,0.746,10
1071,-47.867,34.279,64.91,-0.3915,0.2132,0.8951,-0.1089,-0.7878,0.6062,0.9182,0.1539,0.365,25.538,0.4173,1.551,0.332,0.68777,145.3,386.4,148.6,366.1,142.0,407.2,883,1.249,10
1072,-48.716,34.73,66.779,-0.4161,0.2178,0.8829,-0.1111,-0.7841,0.6106,0.9068,0.1715,0.3851,25.531,0.4146,1.664,0.353,0.75884,144.4,385.9,147.8,365.6,141.0,406.6,883,0.853,10
1073,-49.617,35.195,68.622,-0.4408,0.224,0.8692,-0.1134,-0.7801,0.6153,0.8945,0.1893,0.4049,25.524,0.4101,1.681,0.377,0.78787,143.4,385.4,146.9,365.2,139.9,406.0,884,0.705,10
1074,-50.572,35.672,70.434,-0.468,0.2293,0.8534,-0.1161,-0.7759,0.6201,0.88,0.2091,0.4264,25.518,0.4056,1.87,0.397,0.86932,142.4,384.9,145.9,364.8,138.8,405.3,884,1.399,10
1075,-51.588,36.159,72.209,-0.4986,0.2333,0.8348,-0.1191,-0.7714,0.6251,0.8623,0.2318,0.4502,25.512,0.4012,2.14,0.422,0.98177,141.3,384.3,144.9,364.4,137.6,404.7,885,0.239,10
1076,-52.672,36.652,73.942,-0.5339,0.2357,0.812,-0.1224,-0.7666,0.6304,0.8399,0.2583,0.4772,25.506,0.3965,2.519,0.451,1.14691,140.1,383.8,143.8,363.9,136.3,404.0,886,0.568,10
1077,-53.838,37.148,75.62,-0.5766,0.2348,0.7825,-0.1262,-0.7614,0.6359,0.8098,0.2912,0.5094,25.501,0.3916,3.152,0.485,1.41473,138.8,383.2,142.7,363.5,134.9,403.3,887,1.061,10
1078,-55.102,37.641,77.226,-0.6257,0.2354,0.7437,-0.1304,-0.7559,0.6415,0.7713,0.3292,0.5447,25.496,0.3807,3.702,0.51,1.70573,137.4,382.7,141.4,363.1,133.4,402.6,887,1.042,10
1079,-56.47,38.144,78.741,-0.6757,0.2442,0.6955,-0.1352,-0.7501,0.6474,0.7282,0.3678,0.5783,25.493,0.3584,3.834,0.548,1.9084,135.9,382.1,140.1,362.7,131.7,401.9,888,0.821,10
1080,-57.942,38.675,80.146,-0.7243,0.2603,0.6385,-0.1408,-0.7438,0.6534,0.6821,0.4055,0.6085,25.49,0.3256,3.827,0.593,2.08837,134.4,381.5,138.7,362.3,130.0,401.2,889,0.831,10
1081,-59.528,39.227,81.411,-0.7821,0.2679,0.5626,-0.1471,-0.7371,0.6596,0.6177,0.4524,0.6433,25.488,0.2887,4.983,0.635,2.60952,132.7,380.9,137.1,361.8,128.1,400.4,891,0.71,10
1082,-61.217,39.819,82.512,-0.8209,0.2988,0.4867,-0.1545,-0.7299,0.6659,0.5699,0.4847,0.6636,25.487,0.2328,3.504,0.693,2.47227,130.8,380.3,135.6,361.4,126.0,399.5,892,0.225,10
1083,-62.965,40.498,83.463,-0.8415,0.346,0.415,-0.1632,-0.7221,0.6722,0.5398,0.505,0.6735,25.487,0.1664,2.156,0.761,2.40662,129.0,379.5,133.9,360.8,123.9,398.6,893,0.36,10
1084,-64.764,41.246,84.252,-0.8708,0.3588,0.336,-0.1723,-0.7139,0.6787,0.487,0.5371,0.6887,25.488,0.1219,3.647,0.795,2.3235,127.1,378.7,132.3,360.3,121.7,397.6,895,0.404,10
1085,-66.63,41.98,84.883,-0.903,0.3398,0.263,-0.1807,-0.7056,0.6852,0.4207,0.5743,0.7023,25.489,0.1036,4.426,0.772,2.23598,125.1,377.9,130.6,359.7,119.5,396.6,896,0.271,10
1086,-68.547,42.708,85.351,-0.9188,0.3463,0.1893,-0.1874,-0.6974,0.6918,0.3723,0.6013,0.707,25.49,0.0616,3.187,0.715,2.06213,123.0,377.2,128.7,359.1,117.2,395.6,898,0.685,10
1087,-70.494,43.417,85.703,-0.9338,0.3245,0.1506,-0.1922,-0.6893,0.6985,0.3311,0.6245,0.7074,25.492,0.061,2.709,0.662,1.27762,121.0,376.4,126.8,358.6,115.0,394.6,899,0.293,10
1088,-72.475,44.058,86.003,-0.9495,0.282,0.1379,-0.1954,-0.6814,0.7054,0.2941,0.6454,0.7049,25.493,0.0907,2.439,0.628,1.28213,118.9,375.7,124.9,358.2,112.8,393.7,900,0.078,10
1089,-74.485,44.603,86.286,-0.9617,0.2439,0.1252,-0.1971,-0.6736,0.7124,0.2598,0.6647,0.7004,25.494,0.1145,2.27,0.608,1.14394,116.8,375.1,122.8,357.8,110.6,392.9,901,0.081,10
1090,-76.516,45.091,86.53,-0.9695,0.2202,0.1081,-0.1976,-0.6658,0.7195,0.2321,0.6813,0.6942,25.495,0.1227,1.884,0.605,0.82413,114.6,374.6,120.7,357.5,108.4,392.1,902,0.329,10
1091,-78.562,45.528,86.744,-0.9761,0.1945,0.0968,-0.197,-0.658,0.7268,0.207,0.6967,0.6869,25.496,0.1347,1.738,0.613,0.78564,112.5,374.2,118.6,357.2,106.2,391.5,903,0.807,10
1092,-80.622,45.906,86.94,-0.9824,0.164,0.0893,-0.1956,-0.6503,0.7341,0.1805,0.7119,0.6787,25.496,0.1511,1.812,0.613,0.87281,110.3,373.8,116.4,357.1,104.0,390.8,903,1.298,10
1093,-82.695,46.211,87.122,-0.9886,0.1241,0.0847,-0.1935,-0.6425,0.7414,0.1487,0.7278,0.6695,25.497,0.1744,2.104,0.624,1.10714,108.1,373.4,114.2,356.9,101.9,390.3,904,0.622,10
1094,-84.78,46.422,87.296,-0.9938,0.0784,0.0788,-0.1911,-0.6347,0.7488,0.1109,0.744,0.6589,25.497,0.1992,2.433,0.631,1.26403,105.9,373.2,111.9,356.9,99.7,389.9,905,0.222,10
1095,-86.873,46.542,87.452,-0.9969,0.0359,0.0698,-0.1883,-0.6268,0.7561,0.0726,0.7589,0.6472,25.498,0.218,2.448,0.637,1.18676,103.7,373.1,109.7,357.0,97.5,389.5,906,1.203,10
1096,-88.971,46.571,87.589,-0.9981,-0.0095,0.0608,-0.1852,-0.6189,0.7633,0.0313,0.7727,0.634,25.498,0.2371,2.607,0.638,1.26172,101.5,373.0,107.4,357.2,95.4,389.3,906,0.901,10
1097,-91.069,46.5,87.708,-0.997,-0.0581,0.052,-0.1817,-0.611,0.7705,-0.0135,0.785,0.6194,25.498,0.2567,2.79,0.644,1.34631,99.3,373.1,105.2,357.5,93.2,389.1,907,0.203,10
1098,-93.162,46.324,87.808,-0.993,-0.1102,0.0429,-0.1779,-0.6032,0.7775,-0.0622,0.7954,0.6029,25.498,0.2765,3.006,0.639,1.44531,97.1,373.3,102.9,357.9,91.1,389.1,908,1.412,10
1099,-95.243,46.035,87.888,-0.9857,-0.1651,0.0325,-0.1738,-0.5956,0.7843,-0.1152,0.8032,0.5844,25.499,0.2951,3.248,0.63,1.53573,94.9,373.6,100.6,358.4,89.0,389.2,908,0.693,10
1100,-97.306,45.629,87.944,-0.9753,-0.22,0.0216,-0.1694,-0.5881,0.7909,-0.1698,0.8079,0.5644,25.499,0.3117,3.343,0.625,1.55154,92.7,374.0,98.4,359.0,86.9,389.4,909,0.626,10
1101,-99.343,45.112,87.978,-0.9624,-0.2716,0.0108,-0.1647,-0.5808,0.7972,-0.2223,0.8093,0.5437,25.499,0.3249,3.235,0.615,1.47904,90.5,374.6,96.1,359.7,84.8,389.8,909,1.48,10
1102,-101.352,44.488,87.991,-0.9468,-0.3218,0.0018,-0.1597,-0.5739,0.8032,-0.2735,0.8075,0.5226,25.499,0.3373,3.175,0.597,1.45338,88.4,375.2,93.9,360.6,82.8,390.2,910,0.059,10
1103,-103.324,43.76,87.985,-0.929,-0.3701,-0.0081,-0.1545,-0.5672,0.809,-0.3241,0.8026,0.5008,25.5,0.3469,3.17,0.589,1.42848,86.4,376.0,91.8,361.5,80.8,390.8,911,1.491,11
1104,-105.258,42.936,87.956,-0.9108,-0.4124,-0.0196,-0.149,-0.5608,0.8144,-0.3705,0.7953,0.4798,25.5,0.351,2.948,0.574,1.29343,84.3,376.9,89.6,362.5,78.9,391.5,911,0.612,11
1105,-107.155,42.03,87.902,-0.8935,-0.4479,-0.032,-0.1432,-0.5546,0.8197,-0.4108,0.7868,0.4606,25.5,0.3501,2.604,0.573,1.12795,82.3,377.8,87.5,363.7,77.1,392.3,912,1.011,11
1106,-109.016,41.053,87.825,-0.8753,-0.4819,-0.0401,-0.1372,-0.5487,0.8247,-0.448,0.7769,0.4424,25.5,0.3514,2.44,0.561,1.07386,80.4,378.8,85.4,364.8,75.2,393.2,912,1.092,11
1107,-110.838,40.008,87.732,-0.8579,-0.5115,-0.0481,-0.1308,-0.543,0.8295,-0.4808,0.7664,0.4259,25.5,0.3501,2.188,0.563,0.96059,78.5,379.9,83.4,366.1,73.5,394.2,913,0.576,11
1108,-112.625,38.905,87.621,-0.8417,-0.5368,-0.0582,-0.1242,-0.5376,0.834,-0.5102,0.7555,0.411,25.501,0.3446,1.989,0.552,0.86353,76.6,381.1,81.4,367.4,71.7,395.2,913,1.528,11
1109,-114.378,37.752,87.486,-0.8259,-0.5594,-0.0704,-0.1172,-0.5323,0.8384,-0.5376,0.7438,0.3971,25.501,0.3355,1.884,0.563,0.82161,74.8,382.3,79.4,368.7,70.1,396.3,914,0.144,11
1110,-116.099,36.553,87.323,-0.8098,-0.5805,-0.0854,-0.11,-0.5273,0.8425,-0.5644,0.7309,0.3838,25.501,0.3232,1.867,0.554,0.83059,73.0,383.6,77.4,370.1,68.4,397.4,915,1.767,11
1111,-117.783,35.31,87.131,-0.7924,-0.6025,-0.0952,-0.1024,-0.5226,0.8464,-0.5898,0.7171,0.3714,25.501,0.3154,1.802,0.559,0.8097,71.2,384.9,75.5,371.5,66.9,398.6,915,0.337,11
1112,-119.432,34.021,86.922,-0.7756,-0.6225,-0.1043,-0.0946,-0.5183,0.85,-0.6128,0.7032,0.3605,25.501,0.3074,1.662,0.55,0.75365,69.5,386.3,73.6,373.0,65.3,399.9,916,1.194,11
1113,-121.046,32.692,86.69,-0.7587,-0.6408,-0.1169,-0.0867,-0.5144,0.8531,-0.6353,0.6882,0.3504,25.501,0.2957,1.654,0.535,0.76059,67.8,387.7,71.7,374.5,63.8,401.2,916,0.91,11
1114,-122.622,31.326,86.427,-0.7403,-0.6588,-0.1339,-0.0789,-0.5114,0.8557,-0.6587,0.6711,0.3403,25.501,0.2807,1.759,0.501,0.84044,66.2,389.1,69.9,376.0,62.4,402.5,917,0.473,11
1115,-124.157,29.921,86.122,-0.7187,-0.6774,-0.157,-0.0713,-0.5092,0.8577,-0.6848,0.6502,0.3291,25.501,0.2615,2.02,0.468,0.99966,64.6,390.6,68.1,377.5,61.0,404.0,917,1.63,11
1116,-125.641,28.475,85.761,-0.6915,-0.6985,-0.1844,-0.064,-0.5082,0.8589,-0.7146,0.6241,0.316,25.501,0.2409,2.391,0.428,1.19905,63.1,392.1,66.4,379.0,59.6,405.5,918,0.446,11
1117,-127.064,26.983,85.35,-0.6623,-0.72,-0.2071,-0.0572,-0.5085,0.8592,-0.7432,0.5963,0.3035,25.5,0.2261,2.395,0.39,1.16572,61.6,393.7,64.8,380.6,58.3,407.1,919,0.52,11
1118,-128.425,25.448,84.887,-0.631,-0.7397,-0.2339,-0.051,-0.5106,0.8583,-0.7713,0.566,0.2909,25.5,0.2091,2.476,0.379,1.24467,60.2,395.3,63.3,382.1,57.1,408.8,920,1.299,11
1119,-129.716,23.874,84.362,-0.596,-0.7575,-0.2664,-0.0453,-0.5148,0.8561,-0.8001,0.5318,0.2775,25.5,0.1889,2.675,0.425,1.38891,58.9,397.0,61.8,383.7,55.9,410.6,920,0.805,11
1120,-130.927,22.263,83.761,-0.553,-0.7747,-0.3068,-0.0404,-0.5216,0.8522,-0.8316,0.4903,0.2607,25.499,0.165,3.137,0.53,1.67505,57.7,398.6,60.5,385.2,54.8,412.5,921,0.171,11
1121,-132.03,20.612,83.07,-0.4966,-0.7943,-0.3499,-0.036,-0.5311,0.8465,-0.8673,0.4375,0.2376,25.499,0.1435,3.885,0.683,2.00713,56.6,400.4,59.2,386.6,53.8,414.5,922,0.358,11
1122,-133.018,18.928,82.291,-0.4449,-0.8059,-0.3906,-0.0321,-0.5435,0.8388,-0.8953,0.3887,0.2176,25.498,0.1247,3.422,0.866,1.82112,55.6,402.2,58.2,388.1,53.0,416.6,923,0.824,11
1123,-133.91,17.229,81.432,-0.4043,-0.8097,-0.4253,-0.0281,-0.5586,0.8289,-0.9145,0.3493,0.2044,25.498,0.1111,2.623,1.06,1.45919,54.7,404.0,57.2,389.4,52.2,418.8,924,1.265,11
1124,-134.697,15.518,80.497,-0.3459,-0.8158,-0.4636,-0.0238,-0.5766,0.8167,-0.9382,0.295,0.1809,25.498,0.1,3.652,1.27,1.9108,54.0,405.8,56.3,390.7,51.6,421.1,924,0.839,11
1125,-135.375,13.804,79.485,-0.3019,-0.8124,-0.4989,-0.0187,-0.5974,0.8018,-0.9533,0.2524,0.1659,25.498,0.091,2.729,1.495,1.5401,53.4,407.6,55.5,392.0,51.2,423.5,925,0.383,11
1126,-135.977,12.106,78.401,-0.2681,-0.8038,-0.531,-0.0122,-0.6212,0.7836,-0.9633,0.2174,0.1573,25.498,0.0865,2.143,1.757,1.29171,52.8,409.3,54.8,393.1,50.8,425.9,926,0.127,11
1127,-136.488,10.419,77.254,-0.2222,-0.7978,-0.5606,-0.0041,-0.6478,0.7618,-0.9749,0.1723,0.1412,25.498,0.0907,2.823,2.024,1.49731,52.4,411.1,54.1,394.2,50.7,428.4,927,0.714,11
1128,-136.929,8.76,76.039,-0.2004,-0.7779,-0.5956,0.0055,-0.6766,0.7363,-0.9794,0.1449,0.1404,25.499,0.0867,1.592,2.272,1.24756,52.0,412.9,53.4,395.1,50.6,431.0,927,1.389,11
1129,-137.344,7.158,74.742,-0.1907,-0.7462,-0.6378,0.0163,-0.7068,0.7072,-0.9812,0.1248,0.1473,25.5,0.0733,1.222,2.482,1.46246,51.7,414.5,52.8,396.0,50.6,433.5,928,0.71,11
1130,-137.72,5.62,73.359,-0.1701,-0.7154,-0.6777,0.0282,-0.7376,0.6747,-0.9846,0.0959,0.1459,25.501,0.0656,1.669,2.655,1.48396,51.4,416.1,52.1,396.8,50.7,435.9,929,0.074,11
1131,-138.075,4.157,71.891,-0.1713,-0.6736,-0.7189,0.0407,-0.768,0.6391,-0.984,0.0803,0.1591,25.502,0.0509,1.171,2.776,1.59992,51.2,417.7,51.5,397.5,50.9,438.2,930,0.979,11
1132,-138.44,2.792,70.334,-0.1721,-0.6248,-0.7616,0.0533,-0.7973,0.6012,-0.9833,0.0629,0.1706,25.502,0.0311,1.196,2.838,1.76753,50.9,419.1,50.8,398.1,51.1,440.4,930,1.125,11
1133,-138.804,1.529,68.693,-0.1753,-0.5767,-0.7979,0.0659,-0.8248,0.5615,-0.9821,0.0458,0.1826,25.503,0.0161,1.199,2.86,1.6446,50.7,420.4,50.1,398.7,51.2,442.4,931,0.078,11
1134,-139.183,0.363,66.985,-0.1833,-0.5332,-0.8259,0.0782,-0.8502,0.5207,-0.9798,0.0309,0.1976,25.504,0.0089,1.219,2.843,1.4266,50.4,421.6,49.5,399.3,51.4,444.3,932,1.176,11
1135,-139.574,-0.709,65.218,-0.1897,-0.4841,-0.8542,0.0898,-0.8729,0.4796,-0.9778,0.0143,0.2091,25.504,0.0041,1.163,2.771,1.55428,50.2,422.7,48.8,399.8,51.5,446.0,932,0.928,11
1136,-139.986,-1.667,63.393,-0.2036,-0.4259,-0.8816,0.1003,-0.8928,0.4392,-0.9745,0.001,0.2246,25.505,0.0274,1.185,2.65,1.79374,49.9,423.7,48.2,400.3,51.6,447.5,933,0.557,11
1137,-140.426,-2.5,61.513,-0.2139,-0.3685,-0.9047,0.1095,-0.9097,0.4006,-0.9719,-0.0134,0.2352,25.505,0.0506,1.035,2.471,1.70948,49.6,424.6,47.6,400.7,51.7,448.8,933,1.547,11
1138,-140.885,-3.224,59.593,-0.2234,-0.322,-0.92,0.1172,-0.9239,0.3641,-0.9692,-0.0265,0.2447,25.505,0.0637,0.94,2.287,1.35889,49.3,425.3,47.0,401.1,51.6,449.9,934,0.236,11
1139,-141.365,-3.862,57.648,-0.2326,-0.2852,-0.9298,0.1235,-0.9359,0.3299,-0.9666,-0.0382,0.2535,25.505,0.0685,0.852,2.108,1.0676,49.0,426.0,46.4,401.4,51.5,450.8,934,1.871,11
1140,-141.862,-4.422,55.683,-0.2401,-0.2482,-0.9385,0.1285,-0.946,0.2978,-0.9644,-0.0493,0.2597,25.505,0.0755,0.739,1.949,1.05569,48.6,426.6,45.9,401.8,51.4,451.6,935,0.259,11
1141,-142.374,-4.911,53.702,-0.2462,-0.2173,-0.9445,0.1325,-0.9546,0.2667,-0.9625,-0.0596,0.2646,25.505,0.0771,0.663,1.863,0.87363,48.2,427.1,45.3,402.0,51.2,452.3,935,1.846,11
1142,-142.897,-5.34,51.711,-0.2515,-0.1914,-0.9488,0.1354,-0.9623,0.2359,-0.9607,-0.0694,0.2687,25.505,0.0737,0.617,1.827,0.72978,47.9,427.5,44.8,402.3,50.9,452.9,936,0.577,11
1143,-143.432,-5.712,49.712,-0.2569,-0.1627,-0.9526,0.1377,-0.9692,0.2042,-0.959,-0.0789,0.2721,25.505,0.0722,0.586,1.864,0.80243,47.5,427.9,44.3,402.5,50.7,453.4,936,1.526,11
1144,-143.977,-6.029,47.706,-0.2611,-0.1395,-0.9552,0.1393,-0.9753,0.1714,-0.9575,-0.0885,0.2747,25.504,0.064,0.576,1.914,0.64631,47.1,428.2,43.8,402.7,50.4,453.8,937,1.07,11
1145,-144.529,-6.303,45.695,-0.2641,-0.1225,-0.9567,0.1407,-0.9805,0.1373,-0.956,-0.0985,0.2765,25.504,0.0484,0.588,1.978,0.47208,46.7,428.5,43.3,402.8,50.1,454.2,937,1.033,11
1146,-145.087,-6.548,43.682,-0.2661,-0.1106,-0.9576,0.1421,-0.9846,0.1018,-0.9544,-0.109,0.2778,25.504,0.0264,0.613,2.049,0.32966,46.3,428.7,42.8,403.0,49.8,454.5,938,1.601,11
1147,-145.649,-6.768,41.668,-0.2682,-0.0982,-0.9583,0.1437,-0.9875,0.0649,-0.9527,-0.1203,0.279,25.503,0.0038,0.658,2.123,0.34319,45.9,428.9,42.3,403.2,49.5,454.7,938,0.502,11
1148,-146.215,-6.96,39.652,-0.2705,-0.0839,-0.959,0.1458,-0.9889,0.0277,-0.9509,-0.1323,0.2798,25.503,0.017,0.697,2.136,0.39515,45.5,429.1,41.7,403.3,49.2,454.9,939,2.032,11
1149,-146.786,-7.123,37.635,-0.2725,-0.0715,-0.9595,0.1487,-0.9889,-0.0076,-0.9489,-0.1449,0.2803,25.502,0.0375,0.732,2.029,0.34255,45.1,429.3,41.2,403.5,49.0,455.0,939,0.071,11
1150,-147.361,-7.263,35.617,-0.2739,-0.0621,-0.9597,0.1528,-0.9875,-0.0388,-0.9469,-0.1575,0.2805,25.502,0.0567,0.731,1.805,0.25901,44.7,429.4,40.6,403.7,48.7,455.1,939,2.174,11
1151,-147.938,-7.386,33.599,-0.2749,-0.0557,-0.9599,0.1584,-0.9853,-0.0637,-0.9447,-0.17,0.2804,25.501,0.0725,0.727,1.468,0.17656,44.2,429.5,40.0,403.9,48.5,455.1,940,0.116,11
1152,-148.519,-7.494,31.581,-0.2788,-0.046,-0.9592,0.1659,-0.9829,-0.0803,-0.9418,-0.1821,0.2825,25.501,0.076,0.723,1.053,0.28554,43.8,429.6,39.3,404.1,48.3,455.1,940,1.986,11
1153,-149.109,-7.582,29.564,-0.2816,-0.0383,-0.9588,0.1749,-0.9806,-0.0889,-0.9393,-0.1932,0.2836,25.501,0.0735,0.655,0.725,0.22347,43.4,429.7,38.7,404.3,48.1,455.1,941,0.087,11
1154,-149.703,-7.657,27.549,-0.2829,-0.0333,-0.9586,0.1846,-0.9786,-0.0907,-0.9372,-0.2031,0.2836,25.501,0.0673,0.58,0.577,0.14088,43.0,429.8,38.0,404.4,47.9,455.1,942,1.277,11
1155,-150.298,-7.723,25.532,-0.283,-0.03,-0.9587,0.1943,-0.9771,-0.087,-0.9356,-0.2112,0.2828,25.502,0.0577,0.475,0.601,0.08993,42.5,429.8,37.3,404.5,47.7,455.1,942,0.828,11
1156,-150.892,-7.784,23.515,-0.2821,-0.0279,-0.959,0.203,-0.976,-0.079,-0.9347,-0.2172,0.2813,25.502,0.0457,0.358,0.68,0.06277,42.1,429.9,36.7,404.6,47.5,455.1,943,0.149,11
1157,-151.484,-7.842,21.498,-0.2804,-0.0269,-0.9595,0.2102,-0.9753,-0.0679,-0.9345,-0.2208,0.2792,25.502,0.0324,0.239,0.759,0.05542,41.7,429.9,36.1,404.7,47.3,455.1,944,0.167,11
1158,-152.071,-7.898,19.478,-0.2775,-0.0269,-0.9603,0.2148,-0.9751,-0.0552,-0.9351,-0.2216,0.2764,25.502,0.0196,0.17,0.774,0.08193,41.3,430.0,35.6,404.8,46.9,455.1,946,0.219,11
1159,-152.651,-7.956,17.458,-0.2732,-0.028,-0.9615,0.2161,-0.9755,-0.0419,-0.9368,-0.2193,0.2726,25.503,0.0086,0.272,0.766,0.12527,40.9,430.0,35.2,404.9,46.5,455.1,953,0.084,11
1160,-153.22,-8.017,15.432,-0.2668,-0.0307,-0.9633,0.2134,-0.9765,-0.0294,-0.9397,-0.2134,0.2671,25.503,0.0014,0.491,0.735,0.19535,40.5,430.1,34.9,405.0,46.0,455.2,956,0.075,11
1161,-153.774,-8.085,13.407,-0.2652,-0.0332,-0.9636,0.2058,-0.9784,-0.019,-0.9422,-0.2034,0.2663,25.502,0.0038,0.592,0.746,0.08135,40.1,430.1,34.7,405.0,45.4,455.3,958,0.261,11
1162,-154.336,-8.155,11.382,-0.2681,-0.0335,-0.9628,0.1935,-0.981,-0.011,-0.9442,-0.1892,0.2695,25.502,0.0084,0.842,0.854,0.08237,39.7,430.2,34.7,405.0,44.7,455.4,959,0.4,11
1163,-154.898,-8.226,9.357,-0.2648,-0.0336,-0.9637,0.1773,-0.9842,-0.0049,-0.9483,-0.1721,0.2665,25.502,0.0092,1.022,1.009,0.09325,39.3,430.3,34.7,405.0,43.8,455.5,960,0.848,11
1164,-155.444,-8.297,7.328,-0.2537,-0.0338,-0.9667,0.1582,-0.9874,-0.0001,-0.9545,-0.153,0.2559,25.502,0.0067,1.301,1.143,0.31334,38.9,430.3,34.9,405.0,43.0,455.6,962,0.934,11
1165,-155.958,-8.368,5.29,-0.2334,-0.0338,-0.9718,0.1373,-0.9905,0.0038,-0.9627,-0.1325,0.2358,25.501,0.0023,1.711,1.231,0.57028,38.6,430.4,35.1,405.1,42.1,455.7,963,1.025,11
1166,-156.418,-8.439,3.239,-0.2016,-0.0337,-0.9789,0.1155,-0.9933,0.0076,-0.9726,-0.1116,0.2041,25.5,0.0027,2.248,1.278,0.88768,38.3,430.5,35.4,405.1,41.2,455.8,963,1.079,11
1167,-156.799,-8.51,1.172,-0.1627,-0.0333,-0.9861,0.0939,-0.9955,0.0117,-0.9821,-0.0907,0.1651,25.5,0.0063,2.593,1.266,1.07806,38.1,430.5,35.7,405.1,40.5,455.9,964,0.84,11
1168,-157.106,-8.579,-0.907,-0.1285,-0.0327,-0.9912,0.073,-0.9972,0.0163,-0.9889,-0.0702,0.1306,25.5,0.0071,2.332,1.23,0.94234,38.0,430.6,36.1,405.2,39.8,456.0,965,0.467,11
1169,-157.337,-8.648,-2.996,-0.0908,-0.0329,-0.9953,0.0523,-0.9984,0.021,-0.9945,-0.0502,0.0924,25.499,0.0072,2.491,1.218,1.03342,37.9,430.6,36.6,405.2,39.2,456.1,966,0.03,11
1170,-157.488,-8.718,-5.092,-0.0531,-0.0339,-0.998,0.0317,-0.9992,0.0252,-0.9981,-0.0303,0.0541,25.499,0.007,2.482,1.205,1.03035,38.0,430.7,37.2,405.3,38.7,456.1,967,0.635,11
1171,-157.563,-8.791,-7.192,-0.018,-0.0348,-0.9992,0.0108,-0.9995,0.0285,-0.9998,-0.0102,0.0183,25.499,0.0061,2.355,1.212,0.95733,38.1,430.8,37.9,405.4,38.3,456.2,968,1.346,11
1172,-157.559,-8.862,-9.294,0.0211,-0.0331,-0.9992,-0.0108,-0.9995,0.0306,-0.9997,0.0101,-0.0214,25.499,0.0023,2.555,1.243,1.06643,38.3,430.8,38.6,405.5,37.9,456.2,968,0.758,11
1173,-157.475,-8.933,-11.394,0.0587,-0.0353,-0.9976,-0.0328,-0.999,0.0315,-0.9977,0.0309,-0.0598,25.499,0.0019,2.505,1.262,1.02728,38.5,430.9,39.4,405.6,37.6,456.2,969,0.043,11
1174,-157.313,-9.013,-13.489,0.0952,-0.0414,-0.9946,-0.0553,-0.998,0.0317,-0.9939,0.052,-0.0973,25.499,0.0045,2.475,1.29,1.01167,38.9,430.9,40.3,405.7,37.4,456.2,970,0.903,11
1175,-157.076,-9.109,-15.576,0.1311,-0.0495,-0.9901,-0.078,-0.9965,0.0314,-0.9882,0.0732,-0.1345,25.499,0.008,2.475,1.304,1.01036,39.3,431.0,41.3,405.8,37.2,456.2,970,1.2,11
1176,-156.761,-9.217,-17.653,0.1679,-0.0533,-0.9844,-0.101,-0.9944,0.0308,-0.9805,0.0943,-0.1724,25.499,0.0057,2.524,1.324,1.01993,39.8,431.1,42.4,406.0,37.1,456.3,971,0.294,11
1177,-156.369,-9.336,-19.715,0.2052,-0.061,-0.9768,-0.1242,-0.9918,0.0299,-0.9707,0.1152,-0.2111,25.5,0.0058,2.582,1.339,1.0582,40.3,431.2,43.5,406.2,37.1,456.3,972,0.638,11
1178,-155.896,-9.476,-21.759,0.2447,-0.0732,-0.9668,-0.1476,-0.9886,0.0288,-0.958,0.1357,-0.2527,25.5,0.0084,2.755,1.355,1.15906,41.0,431.4,44.7,406.5,37.2,456.3,972,1.465,11
1179,-155.337,-9.646,-23.779,0.2878,-0.0868,-0.9537,-0.1712,-0.9848,0.0275,-0.9417,0.1554,-0.2983,25.5,0.01,2.996,1.372,1.28232,41.7,431.5,46.1,406.7,37.3,456.3,973,0.529,11
1180,-154.686,-9.841,-25.769,0.3311,-0.0986,-0.9384,-0.195,-0.9805,0.026,-0.9227,0.1744,-0.3439,25.5,0.0077,3.033,1.388,1.29219,42.5,431.7,47.5,407.1,37.5,456.4,974,0.398,11
1181,-153.944,-10.064,-27.724,0.3749,-0.1147,-0.9199,-0.2191,-0.9754,0.0244,-0.9001,0.1924,-0.3909,25.5,0.0073,3.161,1.414,1.36802,43.4,431.9,48.9,407.4,37.8,456.4,975,1.302,11
1182,-153.108,-10.327,-29.635,0.4203,-0.1356,-0.8972,-0.2434,-0.9697,0.0228,-0.8731,0.2088,-0.4406,25.5,0.0087,3.375,1.433,1.49594,44.4,432.2,50.5,407.8,38.2,456.5,975,0.802,11
1183,-152.172,-10.627,-31.494,0.4701,-0.1516,-0.8695,-0.2679,-0.9632,0.0212,-0.8408,0.2229,-0.4934,25.5,0.0016,3.638,1.455,1.61312,45.4,432.4,52.2,408.3,38.7,456.6,976,0.076,11
1184,-151.134,-10.97,-33.29,0.5156,-0.1755,-0.8386,-0.2926,-0.956,0.0198,-0.8053,0.2352,-0.5443,25.5,0.0003,3.625,1.476,1.63444,46.6,432.8,54.0,408.8,39.2,456.7,977,0.926,11
1185,-150.008,-11.371,-35.02,0.5553,-0.2057,-0.8058,-0.3174,-0.9481,0.0184,-0.7678,0.2455,-0.5918,25.5,0.0039,3.518,1.494,1.62703,47.9,433.2,55.8,409.4,39.9,456.9,977,1.178,11
1186,-148.793,-11.826,-36.675,0.5981,-0.229,-0.768,-0.3422,-0.9395,0.0172,-0.7255,0.2525,-0.6403,25.5,0.0027,3.71,1.506,1.68089,49.2,433.6,57.8,410.1,40.6,457.1,978,0.316,11
1187,-147.498,-12.339,-38.25,0.6318,-0.2597,-0.7303,-0.3668,-0.9301,0.0161,-0.6835,0.2577,-0.683,25.5,0.002,3.445,1.51,1.61224,50.6,434.1,59.8,410.9,41.4,457.3,979,0.59,11
1188,-146.142,-12.922,-39.747,0.6579,-0.2944,-0.6932,-0.3911,-0.9202,0.0152,-0.6423,0.2611,-0.7206,25.5,0.0031,3.202,1.504,1.55643,52.0,434.6,61.8,411.7,42.2,457.6,979,1.515,11
1189,-144.728,-13.57,-41.163,0.6853,-0.3218,-0.6533,-0.4149,-0.9097,0.0144,-0.599,0.2612,-0.757,25.5,0.001,3.241,1.491,1.51574,53.5,435.3,63.9,412.6,43.1,458.0,980,0.542,11
1190,-143.266,-14.279,-42.497,0.704,-0.3535,-0.616,-0.4379,-0.8989,0.0138,-0.5586,0.2601,-0.7876,25.5,0.001,2.905,1.456,1.4281,55.0,435.9,66.0,413.6,44.1,458.3,981,0.534,11
1191,-141.773,-15.059,-43.756,0.7147,-0.388,-0.5819,-0.46,-0.8878,0.0134,-0.5218,0.2582,-0.813,25.499,0.0079,2.565,1.417,1.35363,56.6,436.7,68.1,414.6,45.1,458.8,981,1.571,11
1192,-140.256,-15.901,-44.942,0.7278,-0.4137,-0.5469,-0.481,-0.8766,0.0131,-0.4849,0.2535,-0.837,25.499,0.0054,2.537,1.364,1.23597,58.2,437.5,70.2,415.7,46.2,459.3,982,0.369,11
1193,-138.716,-16.8,-46.057,0.7358,-0.4409,-0.5139,-0.5006,-0.8656,0.0131,-0.4506,0.2476,-0.8577,25.499,0.0066,2.32,1.288,1.18568,59.7,438.4,72.2,416.9,47.3,459.9,983,0.995,11
1194,-137.164,-17.756,-47.106,0.7392,-0.4685,-0.4837,-0.5188,-0.8548,0.0134,-0.4198,0.2411,-0.875,25.499,0.0105,2.058,1.213,1.11871,61.3,439.3,74.2,418.1,48.4,460.6,983,1.109,11
1195,-135.609,-18.77,-48.094,0.7394,-0.4946,-0.4569,-0.5353,-0.8446,0.0138,-0.3927,0.2344,-0.8893,25.499,0.0156,1.797,1.112,1.01937,62.9,440.3,76.2,419.3,49.6,461.3,984,0.441,11
1196,-134.054,-19.833,-49.028,0.7398,-0.5159,-0.4319,-0.5502,-0.8349,0.0145,-0.3682,0.2269,-0.9016,25.499,0.0174,1.629,1.019,0.895,64.5,441.3,78.2,420.6,50.8,462.0,984,1.663,11
1197,-132.497,-20.937,-49.911,0.7408,-0.5341,-0.4073,-0.5636,-0.8259,0.0156,-0.3448,0.2181,-0.913,25.499,0.0172,1.574,0.927,0.83422,66.1,442.4,80.1,421.9,52.1,462.9,985,0.083,11
1198,-130.938,-22.078,-50.742,0.7424,-0.5501,-0.3824,-0.5757,-0.8175,0.017,-0.322,0.2076,-0.9237,25.499,0.0158,1.563,0.848,0.80763,67.7,443.5,82.0,423.2,53.3,463.8,986,1.97,11
1199,-129.374,-23.25,-51.519,0.7444,-0.5646,-0.3566,-0.5867,-0.8096,0.0188,-0.2993,0.1952,-0.934,25.499,0.0137,1.595,0.783,0.80821,69.2,444.6,83.8,424.5,54.6,464.7,986,0.134,11
1200,-127.809,-24.453,-52.243,0.7434,-0.5798,-0.3334,-0.5967,-0.8022,0.0211,-0.2797,0.1833,-0.9424,25.499,0.0145,1.399,0.725,0.75621,70.8,445.8,85.6,425.9,56.0,465.7,987,1.847,11
1201,-126.247,-25.686,-52.922,0.7422,-0.5927,-0.3128,-0.6059,-0.7952,0.0239,-0.2629,0.1718,-0.9494,25.499,0.0141,1.234,0.682,0.66312,72.4,447.0,87.4,427.3,57.3,466.7,987,0.257,11
1202,-124.686,-26.944,-53.558,0.7423,-0.6032,-0.2918,-0.6143,-0.7886,0.0275,-0.2467,0.1588,-0.956,25.499,0.0117,1.249,0.646,0.63965,73.9,448.2,89.2,428.6,58.7,467.7,988,1.758,11
1203,-123.124,-28.223,-54.148,0.7435,-0.6123,-0.2689,-0.6221,-0.7823,0.0319,-0.2299,0.1436,-0.9626,25.499,0.0079,1.352,0.627,0.67212,75.5,449.4,90.9,430.0,60.0,468.8,988,0.346,11
1204,-121.558,-29.519,-54.687,0.7459,-0.6204,-0.2426,-0.6292,-0.7763,0.0373,-0.2114,0.1248,-0.9694,25.499,0.0032,1.561,0.616,0.75264,77.0,450.6,92.7,431.4,61.4,469.9,989,1.645,11
1205,-119.986,-30.831,-55.164,0.7492,-0.628,-0.2102,-0.636,-0.7705,0.0438,-0.1894,0.1009,-0.9767,25.499,0.0018,1.908,0.633,0.91135,78.6,451.9,94.4,432.8,62.8,471.0,989,0.458,11
1206,-118.412,-32.164,-55.573,0.7481,-0.6389,-0.1792,-0.6423,-0.7647,0.0515,-0.17,0.0765,-0.9825,25.499,0.0012,1.817,0.66,0.89588,80.1,453.2,96.1,434.3,64.2,472.2,990,1.455,11
1207,-116.839,-33.517,-55.918,0.7478,-0.6472,-0.148,-0.6483,-0.7589,0.0608,-0.1517,0.0505,-0.9871,25.499,0.0026,1.841,0.716,0.8797,81.7,454.5,97.8,435.7,65.5,473.3,990,0.649,11
1208,-115.266,-34.885,-56.195,0.7483,-0.6533,-0.1149,-0.6542,-0.7529,0.0719,-0.1335,0.0214,-0.9908,25.499,0.0059,1.978,0.798,0.91718,83.2,455.8,99.5,437.2,66.9,474.5,991,1.133,11
1209,-113.691,-36.263,-56.398,0.7498,-0.6571,-0.0775,-0.6601,-0.7463,0.0849,-0.1137,-0.0125,-0.9934,25.5,0.0111,2.254,0.901,1.02503,84.8,457.2,101.2,438.7,68.3,475.7,991,0.972,11
1210,-112.113,-37.647,-56.515,0.7503,-0.6603,-0.031,-0.666,-0.7392,0.1002,-0.0891,-0.0546,-0.9945,25.5,0.0147,2.795,1.024,1.27038,86.3,458.5,102.9,440.2,69.7,476.9,992,0.633,11
1211,-110.538,-39.041,-56.524,0.7472,-0.6642,0.0228,-0.6721,-0.731,0.118,-0.0618,-0.1035,-0.9927,25.5,0.014,3.211,1.176,1.47252,87.8,459.9,104.6,441.7,71.0,478.0,992,1.472,11
1212,-108.97,-40.438,-56.419,0.7444,-0.6633,0.0765,-0.6784,-0.7215,0.1385,-0.0367,-0.1551,-0.9872,25.5,0.0158,3.303,1.344,1.46575,89.3,461.2,106.3,443.3,72.3,479.2,993,0.088,11
1213,-107.406,-41.827,-56.205,0.7425,-0.6576,0.1274,-0.6851,-0.7102,0.1619,-0.016,-0.2076,-0.9781,25.5,0.021,3.276,1.538,1.3967,90.8,462.6,108.0,444.9,73.6,480.3,994,1.123,11
1214,-105.854,-43.205,-55.868,0.7338,-0.6517,0.1921,-0.6922,-0.6967,0.1883,0.0111,-0.2712,-0.9625,25.5,0.0177,4.061,1.747,1.78654,92.3,463.9,109.7,446.6,74.9,481.3,994,0.982,11
1215,-104.318,-44.564,-55.402,0.7274,-0.6396,0.2487,-0.6998,-0.6803,0.2176,0.03,-0.3324,-0.9427,25.5,0.0198,3.842,1.973,1.58702,93.8,465.2,111.4,448.3,76.1,482.2,995,0.065,11
1216,-102.793,-45.892,-54.826,0.7208,-0.6238,0.3022,-0.708,-0.6606,0.2497,0.0439,-0.3941,-0.918,25.501,0.0228,3.891,2.209,1.53081,95.2,466.5,113.0,450.1,77.3,483.1,996,0.95,11
1217,-101.289,-47.184,-54.129,0.7106,-0.6045,0.3599,-0.7168,-0.6366,0.2844,0.0572,-0.4602,-0.886,25.501,0.0222,4.277,2.47,1.6814,96.7,467.8,114.7,451.9,78.5,483.8,996,1.154,11
1218,-99.8,-48.429,-53.319,0.7065,-0.578,0.4083,-0.7261,-0.6078,0.3215,0.0623,-0.5238,-0.8495,25.501,0.0304,4.213,2.744,1.50795,98.1,469.0,116.4,453.8,79.6,484.4,997,0.384,11
1219,-98.328,-49.616,-52.401,0.6944,-0.5497,0.4644,-0.7359,-0.573,0.3606,0.0678,-0.5924,-0.8028,25.502,0.0286,4.767,3.052,1.74403,99.5,470.2,118.1,455.8,80.7,484.7,998,0.274,11
1220,-96.872,-50.735,-51.376,0.692,-0.513,0.5079,-0.7463,-0.5308,0.4017,0.0636,-0.6575,-0.7507,25.502,0.0401,4.785,3.428,1.55239,100.8,471.3,119.7,458.0,81.7,484.8,999,0.825,11
1221,-95.42,-51.768,-50.26,0.687,-0.4686,0.5554,-0.7569,-0.4794,0.4442,0.0582,-0.7264,-0.6848,25.502,0.0486,5.474,3.87,1.77742,102.2,472.4,121.4,460.2,82.7,484.6,1000,1.27,11
1222,-93.976,-52.706,-49.053,0.6883,-0.4245,0.5882,-0.7668,-0.418,0.4872,0.0391,-0.788,-0.6145,25.503,0.0638,5.468,4.333,1.49824,103.5,473.3,123.0,462.7,83.7,484.1,1000,0.833,11
1223,-92.525,-53.551,-47.788,0.6898,-0.3772,0.618,-0.7747,-0.346,0.5293,0.0142,-0.8463,-0.5325,25.504,0.0768,5.941,4.801,1.52412,104.9,474.2,124.6,465.3,84.8,483.2,1001,0.493,11
1224,-91.07,-54.284,-46.459,0.6955,-0.3176,0.6445,-0.7799,-0.2623,0.5683,-0.0115,-0.9018,-0.432,25.504,0.0928,6.745,5.301,1.78457,106.2,474.9,126.2,468.0,86.0,481.9,1002,0.248,11
1225,-89.607,-54.879,-45.071,0.6971,-0.2504,0.6718,-0.7815,-0.166,0.6014,-0.0393,-0.949,-0.3129,25.505,0.0992,7.516,5.838,1.97759,107.6,475.5,127.6,471.0,87.2,480.2,1003,0.085,11
1226,-88.135,-55.35,-43.645,0.7011,-0.1973,0.6853,-0.7777,-0.06,0.6258,-0.0828,-0.977,-0.1966,25.506,0.1045,7.298,6.239,1.49704,109.0,476.0,128.9,474.1,88.7,478.0,1004,0.02,11
1227,-86.654,-55.696,-42.193,0.7092,-0.1292,0.693,-0.7676,0.0523,0.6388,-0.1195,-0.9909,-0.0625,25.506,0.1085,8.012,6.506,1.88094,110.3,476.4,130.0,477.2,90.3,475.6,1005,0.057,11
1228,-85.157,-55.887,-40.73,0.7155,-0.0562,0.6964,-0.7514,0.1681,0.6381,-0.1537,-0.985,0.0785,25.507,0.1027,8.327,6.703,1.9994,111.7,476.6,131.0,480.3,92.1,472.9,1006,0.058,11
1229,-83.641,-55.949,-39.274,0.724,-0.0033,0.6898,-0.7286,0.2827,0.6239,-0.198,-0.9589,0.2032,25.509,0.0981,7.734,6.748,1.47111,113.1,476.8,131.9,483.3,94.1,470.1,1007,0.026,11
1230,-82.105,-55.891,-37.84,0.7402,0.061,0.6696,-0.7,0.3913,0.5974,-0.2266,-0.915,0.3338,25.51,0.0943,8.069,6.615,1.88942,114.6,476.7,132.6,486.0,96.3,467.3,1008,0.038,11
1231,-80.535,-55.694,-36.455,0.7533,0.1239,0.6459,-0.6679,0.4902,0.56,-0.2481,-0.856,0.4535,25.512,0.0807,7.751,6.334,1.86655,116.1,476.6,133.2,488.3,98.6,464.7,1009,0.116,11
1232,-78.934,-55.381,-35.128,0.7674,0.1725,0.6175,-0.6339,0.5772,0.5149,-0.2683,-0.7884,0.5536,25.513,0.0689,7.021,5.946,1.58141,117.6,476.3,133.9,490.3,101.0,462.2,1010,0.204,11
1233,-77.307,-54.97,-33.861,0.7805,0.2179,0.5859,-0.5997,0.6511,0.4652,-0.2805,-0.7156,0.6397,25.515,0.0536,6.501,5.468,1.54928,119.1,476.0,134.5,491.8,103.5,459.9,1011,0.29,11
1234,-75.654,-54.469,-32.662,0.7905,0.2579,0.5556,-0.5674,0.712,0.4137,-0.2891,-0.6427,0.7095,25.516,0.0351,5.806,4.932,1.39433,120.7,475.5,135.3,492.9,106.0,457.9,1012,0.366,11
1235,-73.98,-53.892,-31.528,0.8022,0.2887,0.5226,-0.538,0.7612,0.3621,-0.2933,-0.5718,0.7662,25.516,0.0226,5.209,4.42,1.27069,122.3,475.0,136.1,493.7,108.4,456.0,1013,0.425,11
1236,-72.282,-53.257,-30.462,0.811,0.3155,0.4927,-0.5118,0.8005,0.3119,-0.296,-0.5051,0.8107,25.516,0.0088,4.598,3.95,1.12019,123.9,474.4,137.0,494.1,110.7,454.4,1014,0.46,11
1237,-70.568,-52.572,-29.456,0.8203,0.3347,0.4638,-0.489,0.8314,0.2638,-0.2973,-0.4432,0.8457,25.516,0.0005,4.076,3.527,0.97879,125.6,473.7,138.1,494.3,113.0,453.0,1015,0.467,11
1238,-68.831,-51.857,-28.511,0.8323,0.3449,0.434,-0.4694,0.8556,0.2182,-0.296,-0.3853,0.874,25.514,0.0009,3.694,3.164,0.91851,127.2,473.0,139.2,494.3,115.2,451.6,1016,0.441,11
1239,-67.066,-51.116,-27.64,0.8444,0.3577,0.3988,-0.4528,0.8742,0.1755,-0.2858,-0.3288,0.9001,25.511,0.0003,3.614,2.833,1.07246,128.9,472.3,140.5,494.1,117.4,450.4,1017,0.38,11
1240,-65.286,-50.357,-26.816,0.8466,0.3637,0.3886,-0.4385,0.8884,0.1358,-0.2959,-0.2853,0.9116,25.508,0.0046,2.642,2.551,0.32794,130.7,471.6,141.8,493.8,119.5,449.3,1018,0.279,11
1241,-63.509,-49.589,-25.993,0.842,0.3654,0.397,-0.4257,0.8994,0.099,-0.3209,-0.2524,0.9129,25.502,0.0095,2.369,2.32,0.26499,132.4,470.9,143.2,493.4,121.6,448.3,1019,0.125,11
1242,-61.748,-48.822,-25.139,0.8359,0.3657,0.4094,-0.4137,0.9081,0.0653,-0.3479,-0.2239,0.9104,25.496,0.013,2.254,2.109,0.37666,134.1,470.1,144.6,492.9,123.6,447.3,1020,0.1,11
1243,-59.989,-48.049,-24.284,0.8362,0.369,0.4057,-0.4018,0.9151,0.0345,-0.3586,-0.1919,0.9136,25.487,0.0157,1.942,1.934,0.1353,135.8,469.4,145.9,492.4,125.7,446.4,1021,0.396,11
1244,-58.234,-47.271,-23.424,0.8317,0.3701,0.414,-0.3898,0.9209,0.0063,-0.379,-0.1667,0.9103,25.476,0.0192,1.867,1.787,0.25894,137.5,468.7,147.3,491.8,127.7,445.5,1022,0.775,11
1245,-56.494,-46.494,-22.535,0.822,0.3691,0.4337,-0.3776,0.9258,-0.0197,-0.4089,-0.1477,0.9006,25.464,0.0228,2.105,1.669,0.59888,139.2,467.9,148.7,491.2,129.7,444.6,1023,1.256,11
1246,-54.782,-45.721,-21.59,0.8054,0.3654,0.4668,-0.365,0.93,-0.0438,-0.4502,-0.1351,0.8826,25.45,0.0254,2.681,1.577,1.01389,140.9,467.2,150.0,490.6,131.7,443.8,1023,0.848,11
1247,-53.109,-44.959,-20.568,0.7865,0.3586,0.5029,-0.3517,0.9337,-0.0665,-0.4935,-0.1246,0.8608,25.434,0.0248,2.842,1.522,1.12567,142.5,466.5,151.3,490.0,133.7,443.0,1024,0.251,11
1248,-51.474,-44.211,-19.479,0.7691,0.3542,0.5321,-0.3378,0.9371,-0.0879,-0.5299,-0.1121,0.8406,25.416,0.0253,2.491,1.475,0.93396,144.1,465.7,152.5,489.4,135.7,442.2,1025,0.482,11
1249,-49.874,-43.467,-18.336,0.7535,0.3542,0.5538,-0.3233,0.9401,-0.1083,-0.5592,-0.0975,0.8233,25.396,0.0294,2.122,1.444,0.72831,145.6,465.0,153.7,488.8,137.6,441.4,1026,1.36,11
1250,-48.302,-42.718,-17.157,0.7424,0.3583,0.5661,-0.3083,0.9427,-0.1277,-0.5798,-0.0798,0.8108,25.376,0.0366,1.713,1.413,0.46509,147.2,464.3,154.8,488.1,139.5,440.6,1026,0.745,11
1251,-46.752,-41.962,-15.953,0.7284,0.3573,0.5846,-0.293,0.9449,-0.1463,-0.6051,-0.0648,0.7935,25.355,0.0387,1.955,1.386,0.63278,148.7,463.6,155.9,487.5,141.4,439.8,1027,0.262,11
1252,-45.236,-41.215,-14.701,0.7145,0.354,0.6034,-0.2773,0.9467,-0.1641,-0.6298,-0.0501,0.7751,25.333,0.038,1.956,1.364,0.64333,150.1,462.9,157.0,486.8,143.3,439.1,1028,1.355,11
1253,-43.743,-40.47,-13.422,0.7066,0.3559,0.6116,-0.2614,0.9481,-0.1813,-0.6449,-0.0318,0.7636,25.311,0.0418,1.511,1.344,0.31447,151.6,462.2,158.1,486.2,145.1,438.3,1028,0.749,11
1254,-42.261,-39.715,-12.134,0.7032,0.3626,0.6115,-0.2452,0.9491,-0.1978,-0.6529,-0.0109,0.7573,25.289,0.0508,1.332,1.326,0.20468,153.0,461.4,159.1,485.5,147.0,437.6,1029,0.388,11
1255,-40.781,-38.94,-10.855,0.7041,0.3746,0.6033,-0.2289,0.9497,-0.2137,-0.6544,0.0124,0.756,25.267,0.0657,1.34,1.305,0.39668,154.5,460.7,160.1,484.7,148.9,436.8,1030,1.527,11
1256,-39.296,-38.134,-9.604,0.7095,0.394,0.5843,-0.2125,0.9499,-0.229,-0.6479,0.0384,0.7607,25.245,0.0897,1.559,1.285,0.75428,155.9,459.9,161.1,484.0,150.7,436.0,1030,0.576,11
1257,-37.803,-37.287,-8.39,0.7077,0.4087,0.5763,-0.196,0.9498,-0.2437,-0.6509,0.0599,0.7568,25.225,0.109,1.264,1.266,0.45876,157.4,459.1,162.2,483.2,152.6,435.2,1031,0.526,11
1258,-36.318,-36.414,-7.184,0.7055,0.4221,0.5693,-0.1795,0.9494,-0.2579,-0.6546,0.0805,0.7517,25.205,0.1273,1.234,1.247,0.41623,158.8,458.3,163.2,482.3,154.5,434.4,1032,1.548,11
1259,-34.832,-35.508,-6.002,0.7082,0.4402,0.552,-0.1628,0.9486,-0.2715,-0.6507,0.1036,0.7522,25.187,0.1524,1.343,1.235,0.68615,160.3,457.4,164.3,481.4,156.3,433.5,1032,0.559,11
1260,-33.336,-34.558,-4.872,0.7162,0.4651,0.5204,-0.1462,0.9475,-0.2845,-0.6367,0.13,0.7601,25.17,0.1879,1.771,1.21,1.11762,161.8,456.5,165.3,480.5,158.2,432.6,1033,0.356,11
1261,-31.816,-33.545,-3.829,0.7281,0.4986,0.4704,-0.1295,0.9461,-0.2969,-0.6106,0.1598,0.7757,25.155,0.2378,2.439,1.194,1.67213,163.3,455.5,166.4,479.5,160.1,431.7,1034,1.13,11
1262,-30.281,-32.461,-2.888,0.733,0.5332,0.4224,-0.1127,0.9445,-0.3085,-0.5889,0.1866,0.7864,25.142,0.2907,2.069,1.173,1.61834,164.8,454.4,167.5,478.4,162.1,430.7,1034,0.974,11
1263,-28.732,-31.303,-2.063,0.7407,0.5675,0.3596,-0.096,0.9427,-0.3196,-0.5553,0.2158,0.8032,25.132,0.3489,2.726,1.154,1.96159,166.3,453.3,168.6,477.2,164.0,429.6,1035,0.341,11
1264,-27.164,-30.077,-1.385,0.7486,0.5995,0.2831,-0.0795,0.9406,-0.3301,-0.5091,0.2464,0.8247,25.125,0.4109,3.406,1.127,2.27088,167.9,452.1,169.7,475.9,166.0,428.4,1036,0.168,11
1265,-25.589,-28.779,-0.88,0.7489,0.6333,0.1949,-0.0633,0.9383,-0.34,-0.454,0.2763,0.8471,25.121,0.4806,3.815,1.096,2.57548,169.4,450.8,170.9,474.6,168.0,427.2,1037,0.561,11
1266,-24.015,-27.42,-0.575,0.748,0.6572,0.0927,-0.0476,0.9358,-0.3494,-0.3779,0.3069,0.8735,25.12,0.547,4.938,1.058,2.86239,171.0,449.4,172.1,473.2,169.9,425.9,1038,0.866,11
1267,-22.454,-26.015,-0.504,0.7352,0.6774,-0.0257,-0.0327,0.933,-0.3584,-0.278,0.3359,0.8999,25.124,0.6172,6.152,1.01,3.29489,172.6,448.0,173.3,471.7,171.8,424.6,1039,1.113,11
1268,-20.926,-24.583,-0.684,0.7167,0.682,-0.1454,-0.0189,0.9301,-0.3669,-0.1557,0.3598,0.92,25.132,0.6741,7.237,0.943,3.30658,174.1,446.6,174.5,470.2,173.7,423.2,1039,0.994,11
1269,-19.45,-23.151,-1.118,0.6853,0.6771,-0.2681,-0.0065,0.9269,-0.3751,-0.008,0.3751,0.927,25.144,0.7237,8.525,0.871,3.45815,175.6,445.1,175.6,468.7,175.5,421.8,1040,0.768,11
1270,-18.048,-21.747,-1.81,0.6474,0.6561,-0.3878,0.0041,0.9237,-0.383,0.1637,0.3772,0.9115,25.16,0.7572,9.891,0.779,3.47272,177.0,443.7,176.8,467.2,177.2,420.5,1041,0.519,11
1271,-16.738,-20.397,-2.746,0.5989,0.6263,-0.4991,0.0129,0.9205,-0.3906,0.3427,0.3629,0.8665,25.179,0.7792,10.622,0.691,3.41124,178.3,442.4,177.9,465.7,178.7,419.2,1042,0.199,11
1272,-15.513,-19.106,-3.866,0.5714,0.6046,-0.555,0.0199,0.9172,-0.398,0.4348,0.3505,0.8295,25.201,0.7868,5.734,0.613,1.79807,179.5,441.1,178.9,464.4,180.1,418.0,1043,0.225,11
1273,-14.356,-17.869,-5.108,0.5338,0.5758,-0.6193,0.0254,0.9139,-0.4052,0.5434,0.3276,0.7729,25.225,0.7907,7.143,0.552,2.17842,180.7,439.8,180.0,463.0,181.4,416.9,1044,0.739,11
1274,-13.249,-16.67,-6.437,0.5206,0.5654,-0.6398,0.0296,0.9106,-0.4123,0.5748,0.322,0.7523,25.25,0.7941,2.176,0.509,0.72173,181.8,438.6,181.0,461.8,182.6,415.7,1045,1.294,11
1275,-12.156,-15.484,-7.787,0.5197,0.5642,-0.6416,0.0325,0.9072,-0.4195,0.5728,0.3271,0.7516,25.276,0.7979,0.316,0.486,0.06382,182.9,437.4,182.0,460.5,183.8,414.6,1045,0.81,11
1276,-11.055,-14.291,-9.126,0.5293,0.5708,-0.6277,0.0343,0.9036,-0.4269,0.5415,0.3422,0.7679,25.302,0.8019,2.199,0.483,0.49388,184.0,436.2,183.1,459.2,184.9,413.5,1046,0.262,11
1277,-9.918,-13.074,-10.408,0.557,0.5904,-0.5842,0.0351,0.9,-0.4346,0.4534,0.3732,0.8094,25.33,0.8048,5.858,0.489,1.50392,185.1,435.0,184.2,457.9,186.1,412.4,1047,0.226,11
1278,-8.704,-11.804,-11.562,0.591,0.613,-0.5244,0.0349,0.8961,-0.4426,0.3326,0.4072,0.8507,25.357,0.802,7.575,0.51,1.97374,186.4,433.7,185.4,456.5,187.3,411.2,1048,0.602,11
1279,-7.426,-10.492,-12.595,0.628,0.6363,-0.4481,0.0338,0.8919,-0.451,0.1842,0.4379,0.8799,25.384,0.7908,8.851,0.542,2.39756,187.6,432.4,186.7,455.1,188.5,410.0,1049,0.833,11
1280,-6.048,-9.12,-13.388,0.6861,0.6693,-0.2851,0.0315,0.8875,-0.4597,-0.0822,0.4607,0.8837,25.409,0.7467,15.368,0.574,4.81262,189.0,431.1,188.2,453.6,189.8,408.8,1050,0.943,11
1281,-4.551,-7.695,-13.748,0.7293,0.6802,-0.0744,0.028,0.8829,-0.4687,-0.3354,0.45,0.8276,25.431,0.6558,14.914,0.613,5.8914,190.5,429.6,189.7,452.1,191.2,407.4,1051,1.012,11
1282,-3.003,-6.277,-13.712,0.74,0.6625,0.1166,0.0235,0.8783,-0.4776,-0.4989,0.4242,0.7557,25.45,0.5436,10.354,0.629,5.25081,192.0,428.2,191.4,450.6,192.6,406.2,1051,1.096,11
1283,-1.454,-4.917,-13.304,0.7296,0.6314,0.2629,0.0181,0.8738,-0.4859,-0.5965,0.3994,0.6962,25.465,0.4372,6.706,0.623,4.09216,193.6,426.9,193.1,449.2,194.0,404.9,1052,0.955,11
1284,0.07,-3.628,-12.644,0.7216,0.5952,0.3536,0.012,0.8696,-0.4937,-0.6424,0.3851,0.6626,25.476,0.3517,3.361,0.616,2.67175,195.1,425.6,194.8,447.8,195.4,403.7,1053,0.688,11
1285,1.576,-2.41,-11.83,0.7077,0.5643,0.4251,0.0055,0.8654,-0.501,-0.6776,0.3717,0.6346,25.485,0.2793,2.689,0.61,2.15826,196.6,424.4,196.4,446.5,196.7,402.6,1054,0.276,11
1286,3.054,-1.244,-10.892,0.6996,0.5469,0.4599,-0.0014,0.8614,-0.5079,-0.6936,0.365,0.621,25.492,0.2365,1.263,0.604,1.08244,198.0,423.2,198.1,445.2,198.0,401.6,1055,0.281,11
1287,4.526,-0.104,-9.914,0.7016,0.5379,0.4673,-0.0087,0.8575,-0.5145,-0.6936,0.3654,0.6208,25.497,0.2147,0.026,0.607,0.32208,199.5,422.1,199.8,444.0,199.2,400.5,1056,0.932,11
1288,6.011,1.023,-8.938,0.7114,0.5338,0.4571,-0.0163,0.8536,-0.5207,-0.6828,0.371,0.6294,25.501,0.206,0.854,0.605,0.40118,201.0,421.0,201.4,442.8,200.5,399.5,1056,1.177,11
1289,7.524,2.144,-8.004,0.7296,0.5331,0.4283,-0.0242,0.8497,-0.5267,-0.6594,0.3824,0.6472,25.505,0.2097,1.807,0.611,0.92856,202.5,419.9,203.2,441.6,201.8,398.5,1057,0.44,11
1290,9.072,3.258,-7.118,0.7398,0.5249,0.421,-0.0324,0.8458,-0.5324,-0.6481,0.3878,0.6554,25.507,0.1959,0.858,0.614,0.40837,204.0,418.8,204.9,440.4,203.2,397.5,1058,0.343,11
1291,10.636,4.354,-6.237,0.7476,0.5184,0.4152,-0.0408,0.842,-0.5379,-0.6392,0.3918,0.6617,25.509,0.1827,0.665,0.615,0.31854,205.6,417.7,206.7,439.2,204.5,396.5,1059,1.121,11
1292,12.218,5.441,-5.377,0.7571,0.5158,0.4009,-0.0495,0.8381,-0.5432,-0.6261,0.3977,0.6707,25.511,0.177,0.971,0.625,0.47306,207.2,416.6,208.5,438.0,205.8,395.5,1059,0.993,11
1293,13.822,6.526,-4.557,0.7687,0.5167,0.3771,-0.0585,0.8343,-0.5482,-0.6077,0.4059,0.6826,25.512,0.1794,1.341,0.629,0.72175,208.8,415.5,210.4,436.8,207.2,394.5,1060,0.223,11
1294,15.452,7.616,-3.799,0.7823,0.5208,0.3418,-0.0677,0.8304,-0.553,-0.5825,0.4171,0.6977,25.513,0.1905,1.801,0.635,1.03681,210.4,414.4,212.3,435.6,208.6,393.5,1061,0.543,11
1295,17.113,8.717,-3.128,0.7972,0.5243,0.2994,-0.0772,0.8266,-0.5575,-0.5515,0.4305,0.7145,25.513,0.2049,2.161,0.64,1.22843,212.1,413.3,214.2,434.4,210.0,392.5,1062,1.27,11
1296,18.803,9.818,-2.533,0.8097,0.5231,0.266,-0.0869,0.8227,-0.5618,-0.5244,0.4417,0.7279,25.513,0.2106,1.847,0.648,0.97225,213.8,412.2,216.2,433.2,211.4,391.5,1062,0.834,11
1297,20.517,10.918,-2.01,0.8201,0.5234,0.2312,-0.0969,0.8188,-0.5659,-0.4975,0.4526,0.74,25.513,0.2183,1.802,0.658,0.98972,215.5,411.1,218.1,432.0,212.9,390.5,1063,0.147,11
1298,22.251,12.021,-1.562,0.8283,0.5255,0.1944,-0.1071,0.8149,-0.5697,-0.4703,0.4633,0.7511,25.513,0.2288,1.791,0.662,1.02895,217.2,410.0,220.2,430.8,214.3,389.5,1064,0.488,11
1299,23.999,13.13,-1.195,0.8341,0.5295,0.1545,-0.1176,0.8109,-0.5733,-0.442,0.4742,0.7614,25.513,0.2427,1.835,0.676,1.10404,219.0,408.9,222.2,429.6,215.8,388.5,1065,1.059,11
1300,25.76,14.245,-0.915,0.8411,0.5293,0.1112,-0.1283,0.8069,-0.5766,-0.4084,0.4868,0.7721,25.512,0.2551,2.146,0.681,1.19527,220.7,407.8,224.3,428.4,217.3,387.5,1065,1.044,11
1301,27.535,15.357,-0.73,0.8463,0.5288,0.0642,-0.1393,0.8029,-0.5797,-0.3719,0.5001,0.782,25.512,0.2695,2.297,0.694,1.2887,222.5,406.6,226.3,427.2,218.8,386.5,1066,0.545,11
1302,29.316,16.472,-0.646,0.8466,0.5319,0.0157,-0.1504,0.7988,-0.5825,-0.3367,0.5126,0.7899,25.511,0.2884,2.188,0.697,1.32447,224.3,405.5,228.4,425.9,220.3,385.5,1067,0.127,12
1303,31.092,17.596,-0.662,0.8421,0.5385,-0.0306,-0.1616,0.7947,-0.585,-0.3057,0.5233,0.7954,25.51,0.3098,1.905,0.698,1.2804,226.1,404.4,230.5,424.7,221.7,384.5,1068,0.213,12
1304,32.861,18.728,-0.779,0.8413,0.5342,-0.0828,-0.1728,0.7907,-0.5873,-0.2626,0.5377,0.8012,25.509,0.3256,2.625,0.694,1.42747,227.8,403.3,232.6,423.5,223.2,383.4,1069,0.479,12
1305,34.626,19.848,-1.004,0.836,0.5334,-0.1289,-0.184,0.7867,-0.5893,-0.2266,0.5495,0.8042,25.508,0.3418,2.178,0.691,1.26471,229.6,402.2,234.6,422.2,224.7,382.4,1070,0.677,12
1306,36.372,20.979,-1.313,0.8234,0.5437,-0.1626,-0.1951,0.7827,-0.5911,-0.2081,0.5559,0.8048,25.507,0.361,1.122,0.684,1.01976,231.3,401.0,236.7,421.0,226.1,381.4,1071,0.811,12
1307,38.085,22.142,-1.68,0.8049,0.5641,-0.1843,-0.2061,0.7787,-0.5926,-0.2065,0.5574,0.8042,25.506,0.3826,0.13,0.676,0.95526,233.0,399.9,238.7,419.7,227.5,380.4,1072,0.878,12
1308,39.755,23.352,-2.09,0.7847,0.5811,-0.2157,-0.2168,0.7747,-0.594,-0.1951,0.5618,0.8039,25.505,0.4082,0.7,0.659,1.11807,234.7,398.7,240.6,418.4,228.9,379.3,1073,0.883,12
1309,41.387,24.582,-2.585,0.7681,0.5892,-0.2508,-0.2273,0.7707,-0.5953,-0.1743,0.5692,0.8035,25.504,0.4288,1.265,0.648,1.08063,236.3,397.5,242.5,417.0,230.2,378.2,1074,0.819,12
1310,42.987,25.833,-3.131,0.7531,0.602,-0.2652,-0.2374,0.7668,-0.5964,-0.1735,0.5706,0.8027,25.503,0.441,0.103,0.624,0.66532,237.9,396.2,244.4,415.7,231.6,377.1,1075,0.686,12
1311,44.556,27.118,-3.688,0.7396,0.6201,-0.2616,-0.247,0.7628,-0.5976,-0.1912,0.5662,0.8018,25.502,0.4467,1.046,0.6,0.62298,239.5,394.9,246.2,414.3,232.9,375.9,1076,0.483,12
1312,46.098,28.446,-4.219,0.7264,0.644,-0.2401,-0.2558,0.7589,-0.5988,-0.2273,0.5548,0.8003,25.502,0.4467,2.171,0.556,0.94693,241.0,393.6,247.9,412.9,234.2,374.7,1077,0.217,12
1313,47.607,29.83,-4.693,0.7051,0.6737,-0.2214,-0.2639,0.7551,-0.6002,-0.2664,0.541,0.7977,25.501,0.4555,2.381,0.519,1.11876,242.5,392.2,249.7,411.4,235.4,373.5,1078,0.104,12
1314,49.062,31.275,-5.162,0.6801,0.6986,-0.2222,-0.2712,0.7513,-0.6017,-0.2878,0.5332,0.7955,25.501,0.4741,1.311,0.479,0.96166,243.9,390.8,251.3,409.8,236.7,372.1,1079,0.464,12
1315,50.476,32.763,-5.617,0.6665,0.7158,-0.2082,-0.2774,0.7477,-0.6033,-0.314,0.5229,0.7925,25.5,0.4759,1.622,0.421,0.70885,245.3,389.3,252.9,408.2,237.9,370.8,1081,0.824,12
1316,51.873,34.281,-6.027,0.664,0.726,-0.1788,-0.2827,0.7444,-0.605,-0.3449,0.5096,0.7882,25.5,0.4609,1.943,0.371,0.85063,246.7,387.8,254.4,406.6,239.1,369.4,1082,0.381,12
1317,53.276,35.812,-6.357,0.6722,0.7285,-0.132,-0.2869,0.7414,-0.6067,-0.3806,0.493,0.7824,25.5,0.4273,2.28,0.311,1.29647,248.1,386.3,255.9,405.0,240.4,367.9,1083,0.075,12
1318,54.706,37.339,-6.57,0.6837,0.7261,-0.0729,-0.29,0.7387,-0.6084,-0.4198,0.4731,0.7746,25.5,0.3824,2.558,0.255,1.64238,249.5,384.8,257.4,403.4,241.7,366.5,1084,0.53,12
1319,56.14,38.872,-6.677,0.681,0.7317,-0.0288,-0.292,0.7366,-0.6101,-0.4553,0.4539,0.7659,25.5,0.3577,2.366,0.193,1.21365,250.9,383.3,258.9,401.8,243.1,365.0,1086,0.648,12
1320,57.572,40.413,-6.691,0.6808,0.7323,0.0157,-0.2929,0.7349,-0.6117,-0.4867,0.4361,0.7569,25.5,0.3292,2.132,0.143,1.21272,252.4,381.7,260.4,400.2,244.5,363.6,1087,0.173,12
1321,59.005,41.949,-6.61,0.683,0.7278,0.0611,-0.2927,0.7337,-0.6132,-0.5143,0.4199,0.7478,25.5,0.2966,1.906,0.111,1.24469,253.8,380.2,261.8,398.6,245.9,362.1,1088,0.316,12
1322,60.446,43.47,-6.433,0.688,0.7178,0.1075,-0.2916,0.733,-0.6145,-0.5383,0.4053,0.7389,25.5,0.2595,1.688,0.105,1.3006,255.2,378.7,263.2,397.1,247.4,360.6,1090,0.757,12
1323,61.896,44.968,-6.155,0.6887,0.7078,0.1575,-0.2895,0.7329,-0.6157,-0.5653,0.3881,0.7279,25.5,0.2224,1.94,0.139,1.38958,256.7,377.2,264.6,395.6,248.9,359.1,1091,0.209,12
1324,63.342,46.445,-5.772,0.6867,0.697,0.2065,-0.2866,0.7333,-0.6166,-0.5916,0.3708,0.7159,25.5,0.187,1.93,0.175,1.36846,258.1,375.7,266.0,394.1,250.4,357.6,1092,0.366,12
1325,64.785,47.896,-5.289,0.686,0.6826,0.252,-0.2829,0.7341,-0.6173,-0.6134,0.3563,0.7048,25.5,0.1515,1.629,0.221,1.30063,259.6,374.2,267.4,392.7,251.9,356.2,1094,0.503,12
1326,66.228,49.314,-4.715,0.6868,0.665,0.2934,-0.2784,0.7354,-0.6178,-0.6309,0.3449,0.695,25.5,0.1166,1.322,0.27,1.22603,261.1,372.8,268.8,391.3,253.5,354.7,1095,0.159,12
1327,67.674,50.692,-4.057,0.6861,0.6461,0.3343,-0.2733,0.7371,-0.618,-0.6479,0.3338,0.6847,25.5,0.0821,1.304,0.308,1.22796,262.5,371.4,270.1,389.9,255.0,353.3,1097,0.527,12
1328,69.11,52.032,-3.306,0.68,0.6279,0.3786,-0.2674,0.7393,-0.618,-0.6687,0.3194,0.6714,25.5,0.0484,1.638,0.361,1.31564,264.0,370.1,271.5,388.6,256.6,351.9,1098,0.233,12
1329,70.537,53.33,-2.47,0.6774,0.6068,0.4157,-0.2607,0.742,-0.6176,-0.6834,0.3101,0.6609,25.5,0.0169,1.164,0.415,1.16527,265.4,368.7,272.8,387.3,258.2,350.5,1100,0.238,12
1330,71.962,54.583,-1.563,0.6786,0.5838,0.4457,-0.2528,0.7455,-0.6167,-0.6923,0.3059,0.6535,25.5,0.0112,0.706,0.498,1.03061,266.9,367.5,274.0,386.1,259.9,349.1,1102,0.547,13
1331,73.394,55.785,-0.6,0.6837,0.5593,0.4688,-0.2435,0.7499,-0.6151,-0.696,0.3066,0.6493,25.5,0.0354,0.323,0.597,0.92796,268.4,366.2,275.3,385.0,261.6,347.8,1103,0.413,13
1332,74.837,56.924,0.42,0.6878,0.5227,0.5037,-0.2327,0.7553,-0.6127,-0.7026,0.305,0.6429,25.5,0.0739,0.535,0.705,1.38266,269.9,365.1,276.5,384.0,263.3,346.5,1105,0.357,13
1333,76.284,57.991,1.511,0.6875,0.4945,0.5318,-0.2205,0.7616,-0.6094,-0.7098,0.3032,0.6358,25.5,0.0991,0.588,0.809,1.08484,271.3,364.0,277.7,383.1,265.1,345.2,1108,0.446,13
1334,77.727,59.014,2.648,0.6849,0.4804,0.5479,-0.2075,0.7685,-0.6053,-0.7158,0.3025,0.6294,25.5,0.1046,0.504,0.875,0.58745,272.8,362.9,278.9,382.2,266.9,343.9,1110,0.092,13
1335,79.163,60.021,3.808,0.6808,0.4798,0.5534,-0.194,0.7757,-0.6005,-0.7205,0.3028,0.6239,25.5,0.0922,0.415,0.919,0.18762,274.3,361.9,280.0,381.3,268.7,342.7,1113,0.232,13
1336,80.59,61.04,4.969,0.6759,0.4909,0.5497,-0.1806,0.7831,-0.5951,-0.7241,0.3036,0.6192,25.5,0.0648,0.342,0.93,0.34558,275.8,360.8,281.2,380.5,270.6,341.4,1116,0.167,13
1337,82.002,62.075,6.134,0.6666,0.49,0.5617,-0.1676,0.7904,-0.5892,-0.7338,0.299,0.61,25.5,0.0554,0.81,0.919,0.41436,277.3,359.7,282.3,379.6,272.3,340.2,1119,0.066,13
1338,83.396,63.102,7.327,0.6604,0.487,0.5716,-0.1552,0.7977,-0.5828,-0.7406,0.2965,0.603,25.5,0.0471,0.577,0.902,0.32863,278.7,358.6,283.4,378.7,274.1,338.9,1122,0.126,13
1339,84.782,64.125,8.533,0.6583,0.4867,0.5743,-0.1432,0.8048,-0.576,-0.743,0.2971,0.5998,25.5,0.0334,0.232,0.889,0.09356,280.2,357.6,284.6,377.8,275.9,337.6,1125,0.184,13
1340,86.168,65.15,9.738,0.6598,0.4886,0.5709,-0.1316,0.8117,-0.569,-0.7415,0.3003,0.6,25.5,0.0151,0.203,0.871,0.11369,281.6,356.5,285.7,376.9,277.6,336.4,1127,0.232,13
1341,87.56,66.182,10.93,0.6646,0.4925,0.5618,-0.1203,0.8185,-0.5617,-0.7366,0.3058,0.6033,25.5,0.0076,0.462,0.864,0.29981,283.1,355.4,286.9,376.0,279.3,335.1,1129,0.436,13
1342,88.965,67.223,12.098,0.6723,0.4983,0.5475,-0.1092,0.8251,-0.5544,-0.7284,0.3131,0.6095,25.5,0.0342,0.722,0.85,0.46985,284.6,354.3,288.1,375.1,281.1,333.8,1132,0.44,13
1343,90.388,68.278,13.229,0.6809,0.5051,0.5304,-0.0983,0.8314,-0.5469,-0.7186,0.3209,0.6169,25.5,0.0629,0.834,0.84,0.55377,286.1,353.2,289.3,374.2,282.8,332.6,1134,0.358,13
1344,91.823,69.345,14.337,0.6834,0.5095,0.5229,-0.0874,0.8375,-0.5395,-0.7153,0.3242,0.6191,25.5,0.0849,0.296,0.832,0.24645,287.6,352.1,290.5,373.3,284.6,331.3,1136,0.297,13
1345,93.263,70.42,15.429,0.6862,0.5128,0.5158,-0.0766,0.8432,-0.5321,-0.7118,0.3274,0.6214,25.5,0.1054,0.302,0.818,0.2265,289.1,351.0,291.8,372.3,286.4,330.0,1138,0.28,13
1346,94.71,71.502,16.507,0.6894,0.5155,0.5088,-0.0659,0.8487,-0.5248,-0.7079,0.3309,0.624,25.5,0.1251,0.335,0.806,0.2222,290.6,349.8,293.0,371.3,288.2,328.7,1140,0.325,13
1347,96.163,72.588,17.569,0.6931,0.5177,0.5016,-0.0554,0.8538,-0.5177,-0.7035,0.3345,0.627,25.5,0.1439,0.368,0.783,0.22853,292.1,348.7,294.3,370.3,290.0,327.4,1142,0.454,14
1348,97.626,73.679,18.616,0.6975,0.5194,0.4937,-0.045,0.8585,-0.5108,-0.6984,0.3385,0.6306,25.5,0.1623,0.425,0.764,0.25068,293.6,347.6,295.5,369.3,291.8,326.1,1143,0.496,14
1349,99.098,74.773,19.645,0.7027,0.5207,0.4848,-0.0348,0.8629,-0.5042,-0.6922,0.343,0.6349,25.5,0.1804,0.503,0.74,0.28301,295.2,346.4,296.8,368.3,293.6,324.9,1145,0.149,14
1350,100.583,75.869,20.654,0.7092,0.5216,0.4743,-0.0248,0.8669,-0.4979,-0.6845,0.3483,0.6405,25.5,0.1984,0.624,0.715,0.33731,296.8,345.3,298.1,367.2,295.4,323.6,1147,0.438,14
1351,102.082,76.966,21.638,0.7175,0.5221,0.4611,-0.015,0.8705,-0.4919,-0.6742,0.3545,0.6479,25.5,0.2169,0.809,0.69,0.42507,298.3,344.1,299.4,366.2,297.2,322.3,1148,0.217,14
1352,103.593,78.065,22.602,0.7199,0.5234,0.4559,-0.0054,0.8737,-0.4865,-0.6712,0.3574,0.6494,25.5,0.2316,0.254,0.657,0.16004,299.9,342.9,300.8,365.1,299.0,321.1,1149,0.791,14
1353,105.112,79.168,23.552,0.7249,0.5249,0.4461,0.004,0.8765,-0.4814,-0.6645,0.362,0.6537,25.5,0.2482,0.527,0.633,0.3025,301.5,341.8,302.1,364.0,300.9,319.8,1151,0.429,14
1354,106.644,80.273,24.475,0.7333,0.5265,0.4303,0.0133,0.879,-0.4767,-0.653,0.3687,0.6616,25.5,0.2674,0.887,0.614,0.48945,303.1,340.6,303.5,362.9,302.7,318.6,1152,0.111,14
1355,108.199,81.382,25.356,0.7456,0.528,0.4066,0.0226,0.8811,-0.4724,-0.635,0.3776,0.6739,25.5,0.29,1.349,0.599,0.72866,304.7,339.5,304.9,361.8,304.6,317.4,1153,0.167,14
1356,109.783,82.494,26.177,0.7624,0.5292,0.3724,0.032,0.883,-0.4684,-0.6081,0.3891,0.692,25.5,0.3172,1.971,0.595,1.03894,306.4,338.3,306.3,360.7,306.5,316.2,1154,0.366,14
1357,111.409,83.607,26.912,0.7838,0.5293,0.3249,0.0416,0.8845,-0.4647,-0.5693,0.4032,0.7165,25.5,0.3498,2.751,0.596,1.41946,308.1,337.1,307.8,359.6,308.4,314.9,1155,0.518,14
1358,113.075,84.721,27.548,0.8012,0.5296,0.2785,0.0513,0.8858,-0.4612,-0.5312,0.4153,0.7385,25.5,0.3818,2.615,0.596,1.35057,309.8,336.0,309.3,358.5,310.4,313.7,1156,0.623,14
1359,114.779,85.832,28.079,0.8198,0.5265,0.2251,0.0612,0.8868,-0.4581,-0.4843,0.4277,0.7632,25.5,0.414,3.119,0.597,1.54366,311.6,334.8,310.8,357.4,312.4,312.6,1157,0.685,14
1360,116.522,86.932,28.495,0.8369,0.5198,0.1717,0.0714,0.8875,-0.4553,-0.4339,0.4386,0.787,25.5,0.4429,3.254,0.607,1.53905,313.4,333.7,312.3,356.2,314.5,311.4,1158,0.705,14
1361,118.297,88.016,28.805,0.8506,0.5115,0.122,0.0818,0.8879,-0.4528,-0.3848,0.4472,0.8074,25.5,0.4685,3.086,0.613,1.42295,315.2,332.6,313.9,355.1,316.5,310.3,1159,0.687,14
1362,120.097,89.084,29.004,0.8616,0.503,0.0681,0.0924,0.8879,-0.4506,-0.3306,0.4543,0.8273,25.5,0.4955,3.333,0.62,1.51692,317.1,331.5,315.5,354.0,318.7,309.2,1160,0.635,14
1363,121.919,90.13,29.094,0.8709,0.4911,0.0178,0.1032,0.8876,-0.4488,-0.2762,0.459,0.8444,25.5,0.5178,3.279,0.628,1.43125,318.9,330.4,317.0,352.9,320.8,308.1,1161,0.552,14
1364,123.76,91.147,29.081,0.8791,0.4757,-0.0297,0.1143,0.8871,-0.4472,-0.2208,0.4616,0.8592,25.5,0.5358,3.289,0.643,1.37896,320.8,329.4,318.6,351.9,322.9,307.1,1162,0.444,14
1365,125.615,92.129,28.97,0.8849,0.4594,-0.0774,0.1255,0.8863,-0.4458,-0.1634,0.4617,0.8719,25.5,0.5527,3.369,0.648,1.38276,322.7,328.4,320.2,350.9,325.1,306.1,1163,0.314,14
1366,127.48,93.078,28.755,0.8879,0.4424,-0.1261,0.1369,0.8852,-0.4446,-0.1034,0.4592,0.8823,25.5,0.5692,3.492,0.66,1.40801,324.6,327.4,321.8,349.9,327.3,305.2,1164,0.165,14
1367,129.349,93.987,28.439,0.8897,0.4217,-0.1747,0.1483,0.8839,-0.4436,-0.0402,0.4536,0.8903,25.5,0.5822,3.665,0.66,1.44041,326.4,326.5,323.4,348.9,329.4,304.4,1165,0.011,14
1368,131.221,94.849,28.02,0.8901,0.397,-0.224,0.1598,0.8823,-0.4428,0.0271,0.4445,0.8954,25.5,0.5917,3.903,0.667,1.50277,328.3,325.7,325.0,348.0,331.6,303.6,1166,0.179,14
1369,133.09,95.657,27.496,0.8868,0.3717,-0.2746,0.1712,0.8805,-0.4421,0.0968,0.4315,0.8969,25.5,0.6005,4.064,0.662,1.54443,330.2,324.9,326.6,347.2,333.7,302.8,1167,0.37,14
1370,134.949,96.412,26.868,0.8813,0.3461,-0.3217,0.1826,0.8785,-0.4415,0.1633,0.4157,0.8947,25.5,0.607,3.919,0.664,1.46861,332.0,324.1,328.1,346.4,335.8,302.1,1168,0.571,14
1371,136.795,97.112,26.145,0.8743,0.3192,-0.3657,0.1939,0.8763,-0.441,0.2269,0.3973,0.8892,25.5,0.6105,3.807,0.66,1.41824,333.8,323.5,329.6,345.6,337.9,301.5,1169,0.78,14
1372,138.625,97.753,25.332,0.8658,0.2909,-0.4072,0.2052,0.874,-0.4404,0.2878,0.3762,0.8807,25.5,0.6112,3.725,0.662,1.38835,335.6,322.9,331.2,345.0,340.0,301.0,1170,0.995,14
1373,140.434,98.336,24.432,0.8542,0.2638,-0.4481,0.2163,0.8717,-0.4397,0.3471,0.3523,0.8691,25.5,0.6117,3.724,0.651,1.37383,337.4,322.3,332.6,344.4,342.0,300.5,1170,1.109,14
1374,142.217,98.861,23.448,0.841,0.2345,-0.4876,0.2272,0.8694,-0.4388,0.4047,0.3256,0.8545,25.5,0.6089,3.733,0.64,1.38762,339.1,321.8,334.1,343.8,344.0,300.1,1171,0.891,14
1375,143.97,99.32,22.381,0.8255,0.202,-0.5271,0.238,0.8671,-0.4376,0.4618,0.2954,0.8364,25.5,0.6023,3.844,0.636,1.45651,340.8,321.4,335.5,343.3,346.0,299.8,1172,0.673,14
1376,145.686,99.708,21.231,0.8066,0.1668,-0.5671,0.2484,0.8651,-0.4358,0.5184,0.2614,0.8142,25.5,0.5918,3.992,0.615,1.54074,342.4,321.1,336.9,342.9,347.9,299.5,1173,0.456,14
1377,147.361,100.023,19.998,0.7854,0.1328,-0.6045,0.2585,0.8633,-0.4335,0.5699,0.2261,0.79,25.5,0.5797,3.837,0.602,1.49373,344.0,320.9,338.2,342.6,349.7,299.4,1174,0.242,14
1378,148.989,100.266,18.69,0.763,0.0983,-0.6389,0.2682,0.8618,-0.4305,0.6158,0.1904,0.7646,25.5,0.5644,3.636,0.588,1.46129,345.6,320.7,339.5,342.4,351.5,299.2,1175,0.035,14
1379,150.569,100.436,17.313,0.7392,0.063,-0.6705,0.2774,0.8607,-0.4269,0.6565,0.1546,0.7383,25.5,0.5455,3.452,0.57,1.44492,347.0,320.6,340.8,342.3,353.2,299.2,1176,0.172,14
1380,152.096,100.531,15.871,0.7129,0.0277,-0.7007,0.2862,0.86,-0.4225,0.6937,0.1182,0.7105,25.5,0.5239,3.381,0.565,1.45483,348.4,320.6,342.0,342.2,354.8,299.2,1177,0.368,14
1381,153.567,100.554,14.368,0.6857,-0.0062,-0.7278,0.2944,0.8598,-0.4172,0.7257,0.083,0.683,25.5,0.5002,3.149,0.56,1.39587,349.8,320.6,343.1,342.3,356.4,299.3,1178,0.554,14
1382,154.98,100.505,12.812,0.6577,-0.0404,-0.7522,0.3021,0.86,-0.4112,0.7532,0.049,0.6559,25.5,0.4733,2.948,0.559,1.37579,351.1,320.8,344.2,342.4,357.9,299.4,1179,0.728,14
1383,156.332,100.382,11.206,0.6273,-0.0766,-0.775,0.3093,0.8607,-0.4043,0.7779,0.0155,0.6282,25.5,0.4414,2.865,0.573,1.43021,352.3,321.0,345.2,342.6,359.3,299.6,1180,0.887,14
1384,157.615,100.182,9.552,0.5928,-0.1137,-0.7973,0.316,0.862,-0.3965,0.8011,-0.0185,0.5982,25.5,0.4054,2.919,0.594,1.50856,353.5,321.3,346.2,342.9,360.6,299.9,1181,1.027,14
1385,158.825,99.905,7.855,0.558,-0.1498,-0.8162,0.3221,0.8637,-0.3877,0.8202,-0.0501,0.5699,25.5,0.3668,2.666,0.621,1.4603,354.5,321.7,347.1,343.3,361.8,300.2,1181,1.076,14
1386,159.962,99.552,6.122,0.5231,-0.1856,-0.8318,0.3277,0.8659,-0.3779,0.8358,-0.0793,0.5433,25.5,0.325,2.433,0.659,1.42729,355.5,322.1,347.9,343.8,363.0,300.6,1182,0.958,14
1387,161.024,99.124,4.358,0.4864,-0.2223,-0.845,0.3328,0.8687,-0.3669,0.8493,-0.107,0.517,25.5,0.2788,2.321,0.713,1.45944,356.4,322.6,348.7,344.4,364.0,301.1,1183,0.863,14
1388,162.003,98.617,2.568,0.445,-0.2594,-0.8572,0.3375,0.8719,-0.3547,0.8621,-0.135,0.4884,25.5,0.2281,2.408,0.771,1.55102,357.2,323.2,349.4,345.1,365.0,301.6,1184,0.794,14
1389,162.898,98.034,0.756,0.4064,-0.2942,-0.865,0.3416,0.8757,-0.3412,0.8716,-0.1593,0.4637,25.5,0.1763,2.059,0.837,1.43209,358.0,323.9,350.0,345.9,365.9,302.2,1185,0.752,14
1390,163.714,97.38,-1.068,0.3701,-0.3279,-0.8692,0.3452,0.88,-0.3263,0.8785,-0.1807,0.4422,25.5,0.1228,1.783,0.912,1.35467,358.6,324.7,350.5,346.8,366.6,302.8,1186,0.739,14
1391,164.452,96.655,-2.898,0.3298,-0.3622,-0.8718,0.3482,0.8847,-0.3098,0.8854,-0.2018,0.4188,25.5,0.0645,1.848,0.998,1.44393,359.2,325.5,351.0,347.7,367.3,303.5,1187,0.758,14
1392,165.102,95.858,-4.732,0.2888,-0.3957,-0.8718,0.3508,0.8898,-0.2917,0.8912,-0.2216,0.3958,25.5,0.0035,1.77,1.088,1.44285,359.7,326.4,351.4,348.7,367.9,304.2,1188,0.813,14
1393,165.668,94.991,-6.563,0.2501,-0.4284,-0.8683,0.3531,0.8952,-0.2721,0.8954,-0.2389,0.3758,25.5,0.0589,1.534,1.172,1.38396,360.1,327.4,351.7,349.8,368.4,305.1,1189,0.908,14
1394,166.154,94.055,-8.382,0.2106,-0.4622,-0.8614,0.355,0.9006,-0.2509,0.8988,-0.255,0.3565,25.5,0.1254,1.453,1.258,1.42916,360.4,328.4,351.9,351.0,368.8,305.9,1191,0.866,14
1395,166.55,93.047,-10.184,0.1662,-0.496,-0.8522,0.3567,0.906,-0.2281,0.9027,-0.2713,0.334,25.5,0.1957,1.608,1.346,1.54135,360.6,329.5,352.1,352.2,369.1,306.9,1192,0.625,14
1396,166.855,91.971,-11.965,0.1244,-0.5272,-0.8406,0.3578,0.9113,-0.2037,0.9057,-0.2856,0.3132,25.5,0.2647,1.456,1.432,1.45619,360.8,330.6,352.1,353.5,369.3,307.9,1193,0.331,14
1397,167.075,90.831,-13.718,0.0843,-0.5563,-0.8267,0.3579,0.9167,-0.1775,0.9085,-0.2979,0.2932,25.5,0.333,1.355,1.533,1.40236,360.8,331.9,352.1,354.9,369.4,308.9,1194,0.017,14
1398,167.205,89.63,-15.439,0.0402,-0.5856,-0.8096,0.3568,0.9221,-0.1497,0.9122,-0.3093,0.2689,25.5,0.4044,1.552,1.624,1.51627,360.8,333.1,352.1,356.3,369.4,310.1,1195,0.42,14
1399,167.247,88.371,-17.122,0.0003,-0.6116,-0.7912,0.3544,0.9273,-0.1202,0.9156,-0.318,0.2461,25.5,0.4719,1.412,1.722,1.39128,360.7,334.5,352.0,357.8,369.3,311.2,1197,0.702,14
1400,167.208,87.059,-18.765,-0.0389,-0.6357,-0.771,0.3507,0.9322,-0.0894,0.9196,-0.3247,0.2214,25.5,0.5373,1.484,1.8,1.36944,360.5,335.8,351.8,359.3,369.1,312.5,1198,0.115,14
1401,167.076,85.698,-20.363,-0.0841,-0.6587,-0.7477,0.3445,0.937,-0.0577,0.9259,-0.329,0.1858,25.5,0.603,2.086,1.871,1.52096,360.2,337.3,351.6,360.8,368.8,313.7,1199,0.54,14
1402,166.863,84.288,-21.908,-0.1167,-0.6831,-0.721,0.3313,0.9432,-0.0263,0.9334,-0.3235,0.1554,25.5,0.664,1.822,1.984,1.32687,359.9,338.7,351.6,362.5,368.1,315.0,1201,0.043,14
1403,166.589,82.823,-23.391,-0.1509,-0.7095,-0.6883,0.3059,0.9521,0.0036,0.9465,-0.3045,0.1063,25.5,0.7242,3.109,2.305,1.47662,359.5,340.2,351.7,364.2,367.2,316.3,1203,0.371,14
1404,166.226,81.304,-24.799,-0.1867,-0.7358,-0.6509,0.2658,0.9635,0.0304,0.9635,-0.2666,0.025,25.5,0.7784,5.233,2.84,1.58264,359.0,341.8,352.2,366.1,365.7,317.5,1205,0.476,14
1405,165.834,79.723,-26.129,-0.1783,-0.7685,-0.6145,0.2138,0.9755,0.0518,0.9769,-0.2132,-0.0167,25.5,0.8196,3.958,3.295,1.353,358.5,343.4,353.0,368.0,364.0,318.8,1207,0.382,14
1406,165.458,78.074,-27.378,-0.181,-0.8,-0.5721,0.1536,0.986,0.0654,0.9835,-0.1462,-0.1068,25.5,0.854,6.448,3.587,1.44129,358.0,345.1,354.0,369.9,362.0,320.2,1209,0.105,14
1407,165.093,76.359,-28.539,-0.1611,-0.8303,-0.5335,0.0928,0.9935,0.0661,0.9819,-0.0803,-0.1716,25.5,0.8751,5.298,3.511,1.44315,357.5,346.8,355.0,371.8,360.0,321.8,1211,0.351,14
1408,164.8,74.58,-29.621,-0.1178,-0.8619,-0.4932,0.0398,0.998,0.0489,0.9829,-0.0303,-0.1818,25.5,0.889,2.925,3.203,1.82786,357.1,348.6,356.0,373.7,358.2,323.5,1215,0.288,14
1409,164.566,72.746,-30.622,-0.1137,-0.8793,-0.4626,-0.0035,0.9999,0.0164,0.9677,0.0075,-0.252,25.5,0.8864,4.652,3.104,0.96571,356.8,350.5,356.9,375.6,356.8,325.4,1218,0.22,14
1410,164.294,70.894,-31.579,-0.1428,-0.8838,-0.4455,-0.0397,0.9989,-0.0237,0.9339,0.0287,-0.3563,25.5,0.8666,6.402,3.096,0.92785,356.5,352.3,357.5,377.3,355.4,327.3,1222,0.277,14
1411,163.984,69.023,-32.489,-0.1532,-0.893,-0.4231,-0.0711,0.9953,-0.0653,0.911,0.0382,-0.4105,25.5,0.8503,3.416,2.994,0.71804,356.1,354.2,358.0,379.1,354.1,329.4,1226,0.358,14
1412,163.647,67.144,-33.371,-0.1676,-0.8924,-0.4189,-0.0987,0.9894,-0.1062,0.8942,0.0414,-0.4458,25.5,0.8219,2.248,2.848,0.40905,355.7,356.1,358.4,380.8,353.0,331.4,1228,0.094,14
1413,163.277,65.275,-34.26,-0.1845,-0.8846,-0.4283,-0.1232,0.9818,-0.1447,0.8831,0.042,-0.4672,25.5,0.7838,1.382,2.651,0.56812,355.2,357.9,358.6,382.4,351.8,333.6,1230,0.219,14
1414,162.877,63.419,-35.164,-0.1947,-0.8819,-0.4293,-0.1454,0.973,-0.1793,0.8749,0.0418,-0.4825,25.5,0.7528,0.995,2.409,0.28883,354.8,359.8,358.8,384.0,350.7,335.7,1231,0.605,15
1415,162.458,61.567,-36.068,-0.2048,-0.8791,-0.4304,-0.1655,0.9635,-0.2102,0.8673,0.0408,-0.496,25.5,0.7226,0.89,2.181,0.28711,354.3,361.6,358.9,385.6,349.7,337.8,1233,0.209,15
1416,162.015,59.722,-36.976,-0.2167,-0.8745,-0.434,-0.1839,0.9538,-0.2378,0.8602,0.0391,-0.5084,25.5,0.691,0.825,1.98,0.36115,353.8,363.5,358.9,387.2,348.6,339.9,1234,0.253,15
1417,161.544,57.89,-37.894,-0.2308,-0.8679,-0.4398,-0.2006,0.9438,-0.2625,0.8533,0.0367,-0.5201,25.5,0.6574,0.79,1.802,0.45261,353.2,365.3,358.8,388.8,347.6,342.0,1235,0.596,15
1418,161.042,56.074,-38.828,-0.2474,-0.8591,-0.4481,-0.2159,0.9339,-0.285,0.8464,0.0335,-0.5315,25.5,0.6212,0.785,1.659,0.55967,352.6,367.1,358.7,390.3,346.7,344.1,1236,0.823,15
1419,160.514,54.274,-39.778,-0.255,-0.8529,-0.4555,-0.2299,0.924,-0.3056,0.8443,0.0332,-0.5349,25.5,0.5903,0.23,1.536,0.33477,352.0,368.9,358.5,391.8,345.7,346.2,1237,0.936,15
1420,159.967,52.486,-40.742,-0.2662,-0.8468,-0.4605,-0.2428,0.9142,-0.3246,0.8399,0.0307,-0.5419,25.5,0.56,0.495,1.431,0.37319,351.4,370.7,358.2,393.3,344.7,348.2,1238,0.939,15
1421,159.392,50.712,-41.714,-0.281,-0.8404,-0.4635,-0.2547,0.9045,-0.342,0.8333,0.026,-0.5521,25.5,0.5301,0.746,1.33,0.44686,350.8,372.4,357.9,394.9,343.7,350.2,1239,0.832,15
1422,158.782,48.952,-42.69,-0.2999,-0.8332,-0.4646,-0.2658,0.8951,-0.3579,0.8245,0.0186,-0.5656,25.5,0.4998,1.016,1.235,0.55183,350.1,374.2,357.5,396.4,342.7,352.2,1240,0.617,15
1423,158.127,47.208,-43.666,-0.3238,-0.8248,-0.4635,-0.2762,0.8859,-0.3727,0.8127,0.0083,-0.5826,25.5,0.4685,1.324,1.163,0.69088,349.4,375.9,357.1,397.8,341.7,354.2,1241,0.296,15
1424,157.423,45.484,-44.642,-0.3434,-0.8151,-0.4666,-0.286,0.8769,-0.3863,0.8046,0.0009,-0.5938,25.5,0.4363,0.898,1.09,0.60186,348.6,377.6,356.6,399.3,340.7,356.1,1242,0.126,15
1425,156.683,43.78,-45.627,-0.3612,-0.8057,-0.4695,-0.2954,0.8681,-0.3989,0.7974,-0.0059,-0.6034,25.5,0.4054,0.79,1.032,0.55408,347.8,379.3,356.0,400.8,339.7,358.1,1243,0.635,15
1426,155.9,42.096,-46.613,-0.3839,-0.7962,-0.4676,-0.3044,0.8595,-0.4105,0.7864,-0.0164,-0.6175,25.5,0.3755,1.188,0.975,0.67247,347.0,381.0,355.4,402.2,338.6,360.0,1244,1.232,15
1427,155.064,40.431,-47.59,-0.4119,-0.7863,-0.4604,-0.313,0.8512,-0.4213,0.7709,-0.0314,-0.6362,25.5,0.3464,1.636,0.923,0.83272,346.1,382.6,354.8,403.6,337.5,361.8,1244,0.872,15
1428,154.163,38.789,-48.546,-0.446,-0.7753,-0.4471,-0.3213,0.8431,-0.4313,0.7502,-0.0513,-0.6592,25.5,0.3175,2.108,0.877,1.04149,345.1,384.2,354.0,405.1,336.3,363.6,1245,0.192,15
1429,153.188,37.172,-49.471,-0.4795,-0.7617,-0.4357,-0.3293,0.8351,-0.4406,0.73,-0.0707,-0.6798,25.5,0.2862,1.992,0.839,1.03301,344.1,385.8,353.2,406.5,335.1,365.4,1246,0.571,15
1430,152.147,35.586,-50.378,-0.5112,-0.7467,-0.4256,-0.3371,0.8274,-0.4492,0.7109,-0.0891,-0.6976,25.5,0.2543,1.83,0.798,0.99444,343.0,387.4,352.3,407.8,333.8,367.2,1247,1.415,15
1431,151.037,34.032,-51.258,-0.5441,-0.7316,-0.4108,-0.3446,0.82,-0.4571,0.6888,-0.11,-0.7166,25.5,0.2246,2.055,0.755,1.06568,341.9,388.9,351.4,409.2,332.4,368.9,1247,0.689,15
1432,149.858,32.509,-52.102,-0.5766,-0.7169,-0.3918,-0.3519,0.8127,-0.4643,0.6645,-0.1325,-0.7355,25.5,0.1978,2.185,0.721,1.10132,340.6,390.4,350.4,410.5,331.0,370.6,1248,0.246,15
1433,148.613,31.016,-52.904,-0.6076,-0.7023,-0.3708,-0.359,0.8058,-0.471,0.6392,-0.1554,-0.7531,25.5,0.1731,2.2,0.685,1.09517,339.4,391.9,349.3,411.8,329.6,372.2,1249,1.271,15
1434,147.301,29.562,-53.67,-0.6393,-0.6811,-0.3569,-0.3658,0.7992,-0.477,0.6162,-0.1761,-0.7677,25.5,0.1402,1.96,0.643,1.10608,338.0,393.3,348.1,413.0,328.1,373.8,1249,0.833,15
1435,145.928,28.148,-54.402,-0.666,-0.6648,-0.3385,-0.3725,0.7928,-0.4824,0.593,-0.1965,-0.7809,25.5,0.1157,1.925,0.614,0.98888,336.6,394.7,346.9,414.2,326.6,375.4,1250,0.287,15
1436,144.504,26.763,-55.09,-0.688,-0.6533,-0.3158,-0.379,0.7867,-0.4873,0.5697,-0.2167,-0.7928,25.5,0.0993,1.894,0.583,0.91659,335.2,396.0,345.6,415.5,325.0,376.9,1251,1.485,15
1437,143.037,25.397,-55.727,-0.7058,-0.6466,-0.2895,-0.3854,0.7808,-0.4918,0.5462,-0.2365,-0.8035,25.5,0.0905,1.864,0.561,0.88438,333.7,397.4,344.3,416.6,323.3,378.3,1251,0.619,15
1438,141.537,24.041,-56.306,-0.7217,-0.6403,-0.2628,-0.3916,0.7751,-0.4959,0.5231,-0.2559,-0.813,25.5,0.0834,1.812,0.537,0.86394,332.2,398.7,342.9,417.8,321.7,379.8,1252,0.646,15
1439,139.999,22.711,-56.84,-0.7406,-0.6261,-0.2441,-0.3977,0.7696,-0.4996,0.5017,-0.2735,-0.8206,25.5,0.0654,1.646,0.516,0.82138,330.7,400.0,341.5,419.0,320.0,381.2,1252,1.458,15
1440,138.425,21.405,-57.331,-0.7552,-0.6166,-0.2226,-0.4037,0.7642,-0.503,0.481,-0.2905,-0.8272,25.5,0.0544,1.581,0.502,0.75385,329.2,401.3,340.1,420.1,318.3,382.6,1253,0.145,15
1441,136.825,20.115,-57.773,-0.7665,-0.6111,-0.1976,-0.4095,0.7591,-0.5061,0.4598,-0.3074,-0.8331,25.5,0.05,1.59,0.477,0.76237,327.6,402.5,338.7,421.3,316.6,384.0,1254,1.209,15
1442,135.203,18.832,-58.159,-0.775,-0.6092,-0.1683,-0.4152,0.7541,-0.5089,0.4375,-0.325,-0.8384,25.5,0.052,1.656,0.463,0.83282,326.0,403.8,337.2,422.4,314.9,385.4,1254,0.895,15
1443,133.567,17.55,-58.478,-0.7806,-0.6107,-0.1334,-0.4208,0.7492,-0.5115,0.413,-0.3438,-0.8434,25.5,0.0608,1.792,0.452,0.96388,324.4,405.0,335.7,423.5,313.1,386.7,1255,0.479,15
1444,131.918,16.268,-58.72,-0.789,-0.6062,-0.0998,-0.4263,0.7445,-0.5138,0.3865,-0.3636,-0.8476,25.5,0.0637,1.911,0.435,0.95169,322.7,406.2,334.3,424.6,311.4,388.1,1255,1.624,15
1445,130.25,15.0,-58.897,-0.7975,-0.5996,-0.0674,-0.4316,0.74,-0.5158,0.3599,-0.3831,-0.8507,25.5,0.0647,1.898,0.415,0.93029,321.1,407.5,332.8,425.8,309.7,389.4,1256,0.242,15
1446,128.567,13.744,-59.003,-0.8022,-0.5961,-0.0341,-0.4369,0.7356,-0.5177,0.3345,-0.4014,-0.8526,25.5,0.0704,1.797,0.409,0.92129,319.5,408.7,331.2,426.9,307.9,390.8,1257,1.142,15
1447,126.879,12.491,-59.041,-0.803,-0.5959,-0.0019,-0.442,0.7314,-0.5194,0.3119,-0.4176,-0.8534,25.5,0.0799,1.594,0.391,0.8778,317.8,409.9,329.7,428.0,306.1,392.1,1257,0.962,15
1448,125.192,11.235,-59.013,-0.8004,-0.5988,0.0278,-0.447,0.7273,-0.5208,0.2929,-0.4312,-0.8534,25.5,0.0922,1.339,0.379,0.81617,316.2,411.1,328.2,429.1,304.4,393.4,1258,0.414,15
1449,123.513,9.972,-58.925,-0.7978,-0.6001,0.058,-0.4519,0.7233,-0.5221,0.2729,-0.4452,-0.8529,25.5,0.1038,1.399,0.37,0.82663,314.6,412.3,326.7,430.3,302.7,394.7,1258,1.69,15
1450,121.833,8.718,-58.766,-0.7995,-0.5935,0.0923,-0.4567,0.7194,-0.5233,0.2457,-0.4633,-0.8514,25.5,0.1101,1.874,0.361,0.95308,313.0,413.6,325.2,431.4,300.9,396.0,1259,0.323,15
1451,120.153,7.473,-58.543,-0.7981,-0.5908,0.1182,-0.4614,0.7157,-0.5243,0.2268,-0.4762,-0.8496,25.5,0.1166,1.315,0.347,0.7104,311.4,414.8,323.7,432.5,299.2,397.3,1260,1.031,15
1452,118.478,6.23,-58.274,-0.7943,-0.5919,0.1369,-0.466,0.7121,-0.5252,0.215,-0.4846,-0.8479,25.5,0.1232,0.836,0.339,0.52088,309.8,416.0,322.2,433.6,297.5,398.5,1260,1.075,15
1453,116.814,4.981,-57.972,-0.7886,-0.5965,0.1495,-0.4705,0.7086,-0.5259,0.2096,-0.4892,-0.8466,25.5,0.1303,0.413,0.329,0.39706,308.2,417.2,320.7,434.8,295.8,399.8,1261,0.266,15
1454,115.162,3.719,-57.649,-0.7813,-0.6042,0.1566,-0.4749,0.7051,-0.5266,0.2097,-0.4904,-0.8459,25.5,0.1374,0.08,0.325,0.34781,306.6,418.4,319.2,435.9,294.1,401.1,1262,1.549,15
1455,113.529,2.438,-57.316,-0.7724,-0.615,0.1588,-0.4793,0.7017,-0.5271,0.215,-0.4884,-0.8457,25.5,0.145,0.325,0.32,0.38601,305.0,419.6,317.8,437.1,292.5,402.4,1262,0.557,15
1456,111.916,1.132,-56.983,-0.7625,-0.6265,0.1616,-0.4835,0.6985,-0.5276,0.2203,-0.4863,-0.8456,25.5,0.1542,0.327,0.304,0.42059,303.5,420.9,316.3,438.3,290.8,403.8,1263,0.691,15
1457,110.32,-0.19,-56.622,-0.7552,-0.63,0.1811,-0.4877,0.6952,-0.528,0.2096,-0.4939,-0.8439,25.5,0.1653,0.758,0.307,0.57516,302.0,422.2,314.9,439.5,289.2,405.1,1263,1.413,15
1458,108.738,-1.519,-56.226,-0.7486,-0.6341,0.1937,-0.4919,0.692,-0.5284,0.204,-0.4983,-0.8426,25.5,0.1729,0.415,0.303,0.40317,300.4,423.5,313.5,440.7,287.6,406.5,1264,0.249,15
1459,107.17,-2.857,-55.811,-0.7427,-0.6389,0.2006,-0.4959,0.6889,-0.5287,0.2028,-0.5001,-0.8419,25.5,0.1779,0.13,0.29,0.27984,298.9,424.8,312.1,442.0,286.0,407.8,1265,0.875,15
1460,105.614,-4.207,-55.386,-0.7373,-0.6445,0.2026,-0.4999,0.6858,-0.5289,0.2053,-0.4994,-0.8417,25.5,0.1806,0.149,0.29,0.21882,297.5,426.1,310.7,443.2,284.4,409.2,1265,1.24,15
1461,104.069,-5.569,-54.962,-0.7322,-0.6511,0.1999,-0.5038,0.6828,-0.5291,0.2116,-0.4963,-0.842,25.5,0.1815,0.403,0.282,0.23883,296.0,427.4,309.3,444.5,282.9,410.6,1266,0.245,15
1462,102.534,-6.946,-54.548,-0.7273,-0.6588,0.1924,-0.5076,0.6799,-0.5293,0.2216,-0.4907,-0.8427,25.5,0.1806,0.658,0.274,0.32181,294.5,428.7,307.9,445.7,281.3,412.0,1267,0.707,15
1463,101.01,-8.341,-54.156,-0.7223,-0.6678,0.1798,-0.5113,0.6769,-0.5295,0.2356,-0.482,-0.8439,25.5,0.1779,0.947,0.273,0.44333,293.1,430.1,306.5,447.0,279.8,413.4,1267,1.402,15
1464,99.497,-9.756,-53.796,-0.7169,-0.6783,0.1612,-0.5149,0.6741,-0.5296,0.2544,-0.4698,-0.8453,25.5,0.1735,1.287,0.261,0.60026,291.6,431.5,305.2,448.4,278.3,414.8,1268,0.547,15
1465,97.996,-11.195,-53.482,-0.7097,-0.6902,0.1412,-0.5184,0.6713,-0.5297,0.2748,-0.4558,-0.8466,25.5,0.1702,1.42,0.257,0.66378,290.2,432.9,303.8,449.7,276.7,416.3,1269,0.245,15
1466,96.514,-12.658,-53.189,-0.6995,-0.7015,0.1365,-0.5218,0.6685,-0.5299,0.2849,-0.4489,-0.847,25.5,0.1763,0.701,0.253,0.43407,288.7,434.3,302.5,451.1,275.2,417.8,1270,0.979,15
1467,95.053,-14.145,-52.91,-0.6907,-0.7117,0.1284,-0.5251,0.6659,-0.53,0.2965,-0.4406,-0.8473,25.5,0.1793,0.817,0.241,0.42828,287.3,435.7,301.1,452.5,273.8,419.3,1270,1.126,15
1468,93.608,-15.651,-52.652,-0.6836,-0.7205,0.1168,-0.5283,0.6632,-0.5301,0.3095,-0.431,-0.8476,25.5,0.1786,0.926,0.24,0.44136,285.9,437.2,299.8,453.9,272.3,420.8,1271,0.443,15
1469,92.176,-17.174,-52.421,-0.6782,-0.7278,0.1017,-0.5314,0.6607,-0.5302,0.3237,-0.4201,-0.8478,25.5,0.1744,1.026,0.228,0.48008,284.6,438.7,298.5,455.3,270.8,422.3,1272,0.219,15
1470,90.754,-18.71,-52.226,-0.6746,-0.7335,0.083,-0.5343,0.6582,-0.5304,0.3391,-0.4078,-0.8478,25.5,0.1664,1.129,0.22,0.54164,283.2,440.2,297.2,456.7,269.4,423.9,1273,0.834,15
1471,89.338,-20.257,-52.074,-0.6728,-0.7373,0.061,-0.5371,0.6558,-0.5305,0.3554,-0.3944,-0.8474,25.5,0.1545,1.209,0.211,0.61026,281.8,441.7,295.9,458.2,268.0,425.4,1273,1.27,15
1472,87.923,-21.81,-51.972,-0.6727,-0.739,0.0356,-0.5398,0.6535,-0.5306,0.3724,-0.3798,-0.8468,25.5,0.1387,1.284,0.203,0.69364,280.5,443.2,294.6,459.7,266.6,427.0,1274,0.666,15
1473,86.508,-23.364,-51.926,-0.673,-0.7396,0.0094,-0.5423,0.6513,-0.5307,0.3893,-0.365,-0.8457,25.5,0.1217,1.289,0.191,0.71406,279.1,444.7,293.2,461.1,265.1,428.5,1275,0.074,15
1474,85.095,-24.922,-51.931,-0.6706,-0.7417,-0.014,-0.5447,0.6492,-0.5308,0.4052,-0.3505,-0.8444,25.5,0.1088,1.235,0.183,0.64347,277.7,446.2,291.9,462.6,263.7,430.1,1276,0.514,15
1475,83.688,-26.484,-51.984,-0.6669,-0.7442,-0.0367,-0.547,0.6472,-0.531,0.4209,-0.3356,-0.8427,25.5,0.0974,1.244,0.175,0.63038,276.3,447.7,290.6,464.1,262.3,431.6,1277,1.1,15
1476,82.291,-28.052,-52.084,-0.662,-0.7473,-0.0579,-0.5491,0.6453,-0.5311,0.4359,-0.321,-0.8408,25.5,0.088,1.204,0.162,0.59892,275.0,449.3,289.3,465.6,260.9,433.2,1277,1.004,15
1477,80.905,-29.627,-52.226,-0.6561,-0.7508,-0.0767,-0.5511,0.6435,-0.5312,0.4497,-0.3072,-0.8387,25.5,0.0808,1.125,0.154,0.54528,273.6,450.8,288.0,467.1,259.5,434.8,1278,0.415,15
1478,79.532,-31.21,-52.405,-0.6495,-0.7547,-0.0928,-0.553,0.6418,-0.5313,0.4618,-0.2946,-0.8366,25.5,0.0759,1.008,0.146,0.48584,272.3,452.3,286.7,468.6,258.1,436.3,1279,0.189,15
1479,78.173,-32.801,-52.614,-0.6427,-0.7588,-0.1058,-0.5547,0.6403,-0.5314,0.4721,-0.2836,-0.8347,25.5,0.0731,0.87,0.13,0.41505,271.0,453.9,285.4,470.1,256.8,437.9,1280,0.797,15
1480,76.829,-34.401,-52.848,-0.6359,-0.763,-0.1158,-0.5564,0.6388,-0.5314,0.4807,-0.2742,-0.8329,25.5,0.0721,0.737,0.13,0.34884,269.6,455.4,284.1,471.6,255.4,439.5,1280,1.307,15
1481,75.501,-36.009,-53.109,-0.6266,-0.767,-0.1382,-0.5579,0.6374,-0.5314,0.4968,-0.2565,-0.8291,25.5,0.0659,1.388,0.118,0.67033,268.3,457.0,282.8,473.1,254.1,441.0,1281,0.674,15
1482,74.194,-37.625,-53.426,-0.6175,-0.7697,-0.1624,-0.5593,0.6362,-0.5315,0.5132,-0.2377,-0.8247,25.5,0.058,1.452,0.106,0.70814,267.1,458.5,281.5,474.7,252.8,442.6,1282,0.03,15
1483,72.902,-39.246,-53.786,-0.6105,-0.7715,-0.179,-0.5607,0.635,-0.5314,0.5244,-0.2244,-0.8214,25.5,0.0525,1.014,0.106,0.49311,265.8,460.1,280.3,476.2,251.5,444.2,1283,0.645,15
1484,71.624,-40.871,-54.176,-0.6053,-0.773,-0.19,-0.562,0.6339,-0.5314,0.5318,-0.2152,-0.8191,25.5,0.0489,0.689,0.098,0.33392,264.5,461.7,279.1,477.8,250.2,445.8,1284,1.311,15
1485,70.355,-42.498,-54.583,-0.6016,-0.7743,-0.1964,-0.5632,0.6328,-0.5314,0.5363,-0.2093,-0.8177,25.5,0.0468,0.433,0.093,0.20446,263.3,463.2,277.8,479.3,249.0,447.4,1284,0.796,15
1486,69.092,-44.128,-54.999,-0.5992,-0.7755,-0.1989,-0.5644,0.6318,-0.5313,0.5383,-0.2063,-0.8171,25.5,0.0461,0.209,0.09,0.0999,262.0,464.8,276.6,480.9,247.7,449.0,1285,0.166,15
1487,67.833,-45.76,-55.417,-0.5979,-0.7768,-0.1976,-0.5656,0.6308,-0.5312,0.5379,-0.2061,-0.8174,25.5,0.0469,0.031,0.09,0.06134,260.8,466.4,275.4,482.4,246.4,450.6,1286,0.47,15
1488,66.576,-47.395,-55.827,-0.5978,-0.7782,-0.1923,-0.5668,0.6298,-0.5311,0.5351,-0.2088,-0.8186,25.5,0.0491,0.233,0.09,0.14938,259.6,468.0,274.2,484.0,245.2,452.2,1287,1.02,15
1489,65.318,-49.033,-56.222,-0.599,-0.7797,-0.1826,-0.568,0.6288,-0.531,0.5295,-0.2147,-0.8207,25.5,0.0531,0.481,0.09,0.26941,258.3,469.5,273.0,485.6,243.9,453.8,1287,1.09,15
1490,64.055,-50.675,-56.591,-0.6016,-0.7811,-0.1672,-0.5693,0.6278,-0.5309,0.5206,-0.2246,-0.8238,25.5,0.0591,0.783,0.094,0.427,257.1,471.1,271.7,487.1,242.7,455.4,1288,0.61,15
1491,62.785,-52.32,-56.921,-0.6057,-0.7825,-0.1443,-0.5705,0.6267,-0.5308,0.5069,-0.2397,-0.828,25.5,0.0682,1.193,0.093,0.63457,255.9,472.7,270.5,488.7,241.4,457.0,1289,0.221,15
1492,61.508,-53.965,-57.192,-0.61,-0.784,-0.1151,-0.5719,0.6256,-0.5306,0.4896,-0.2587,-0.8327,25.5,0.0805,1.497,0.103,0.80621,254.6,474.3,269.3,490.3,240.1,458.6,1290,0.07,15
1493,60.224,-55.616,-57.41,-0.6108,-0.7863,-0.0927,-0.5733,0.6244,-0.5305,0.477,-0.2721,-0.8357,25.5,0.0916,1.068,0.106,0.61397,253.4,475.9,268.1,491.8,238.9,460.2,1291,0.242,15
1494,58.938,-57.272,-57.584,-0.6113,-0.788,-0.0732,-0.5747,0.6232,-0.5304,0.4659,-0.2836,-0.8382,25.5,0.1009,0.927,0.106,0.53339,252.1,477.5,266.8,493.4,237.6,461.8,1292,0.303,15
1495,57.653,-58.93,-57.722,-0.6115,-0.7891,-0.0585,-0.5762,0.622,-0.5302,0.4574,-0.2922,-0.8399,25.5,0.1075,0.7,0.111,0.40167,250.9,479.1,265.6,495.0,236.3,463.4,1293,0.27,15
1496,56.367,-60.59,-57.835,-0.6115,-0.7896,-0.0503,-0.5778,0.6207,-0.5301,0.4525,-0.2969,-0.8409,25.5,0.1101,0.393,0.118,0.22388,249.6,480.7,264.4,496.6,235.0,465.1,1294,0.24,15
1497,55.081,-62.251,-57.938,-0.6115,-0.7897,-0.0494,-0.5793,0.6193,-0.5299,0.4517,-0.2972,-0.8412,25.5,0.1086,0.052,0.118,0.02466,248.4,482.3,263.2,498.2,233.8,466.7,1295,0.435,15
1498,53.795,-63.911,-58.048,-0.6115,-0.7893,-0.056,-0.5809,0.618,-0.5297,0.4551,-0.293,-0.8409,25.5,0.1029,0.31,0.119,0.18016,247.1,483.9,262.0,499.7,232.5,468.3,1297,0.713,15
1499,52.509,-65.57,-58.178,-0.6114,-0.7883,-0.0693,-0.5825,0.6166,-0.5296,0.4622,-0.2847,-0.8398,25.5,0.0932,0.629,0.122,0.36335,245.9,485.5,260.7,501.3,231.2,469.9,1298,0.0,15
